# Start femtic Linux Version 4.3.0 ( 0 sec )
# Read analysis control data from control.dat.( 0 sec )
#==============================================================================
# Summary of control data
#==============================================================================
# Condition of perfect electric conductor is specified at the bottom boundary.
# Type of mesh : Tetrahedron.
# Number of threads is specified to be 4 .
# In-core mode is used.
# Division number of right-hand sides at solve phase in forward calculation : 1
# Division number of right-hand sides at solve phase in inversion : 1
# Coefficient matrix of normal equation is assumed to be indefinite.
# Renumbering is not performed.
# Horizontal electric field is used for calculating response functions.
# EM field is interpolated from the values of the edges of the lower element.
# Release memory of coefficient matrix and sparse solver after forward calculation.
# Type of bound constraints method : Simple bound constraining
# Minimum distance to resistivity bounds in common logarithm scale : 0.01 .
# Bottom resistivity : 1000 [Ohm-m]
# Roughning factor at the bottom : 1
# Following variables are written to to ASCII file.
#  - Resistivity
#  - Sensitivity
#  - Sensitivity density
# Method of inversion : Gauss-newton method (Data space)
# Components of distortion matrices are estimated directly as model parameters.
# Roughening matrix is created using shared faces of elements.
# Trade-off parameter for resistivity value : 1.5 .
# Trade-off parameter for distortion strength : 0.1 .
# Weighting factor of alpha (X,Y,Z) = (1, 1, 1) .
# Factor of inverse distance weighting : 1.
# Initial iteration number : 0.
# Maximun iteration number : 15.
# Threshold value for determining if objective functional decrease : 0.001.
# Convergence criterion of inversion is that change ratios of objective function and its components are less than 0.2 [%] .
# Initial factor of step-length damping : 0.5.
# Minimum factor of step-length damping : 0.1.
# Maximum factor of step-length damping : 1.
# If residual increase, factor of step-length damping is muliplied by 0.5 times.
# If residual decrease 3 times in a row, factor of step-length damping is muliplied by 1.25 times.
# Maximum number of retrials : 2.
#==============================================================================
# Read mesh data from mesh.dat .( 0 sec )
# Read data of resisitivity block model .( 1 sec )
# Read observed data .( 2 sec )
# Number of the stations of the impedance tensor : 48
# Station ID     Station ID (Ref)  Owner Element  Electric field
# 1              1                 Lower          Horizontal
# 2              2                 Lower          Horizontal
# 3              3                 Lower          Horizontal
# 4              4                 Lower          Horizontal
# 5              5                 Lower          Horizontal
# 6              6                 Lower          Horizontal
# 7              7                 Lower          Horizontal
# 8              8                 Lower          Horizontal
# 9              9                 Lower          Horizontal
# 10             10                Lower          Horizontal
# 11             11                Lower          Horizontal
# 12             12                Lower          Horizontal
# 13             13                Lower          Horizontal
# 14             14                Lower          Horizontal
# 15             15                Lower          Horizontal
# 16             16                Lower          Horizontal
# 17             17                Lower          Horizontal
# 18             18                Lower          Horizontal
# 19             19                Lower          Horizontal
# 20             20                Lower          Horizontal
# 21             21                Lower          Horizontal
# 22             22                Lower          Horizontal
# 23             23                Lower          Horizontal
# 24             24                Lower          Horizontal
# 25             25                Lower          Horizontal
# 26             26                Lower          Horizontal
# 27             27                Lower          Horizontal
# 28             28                Lower          Horizontal
# 29             29                Lower          Horizontal
# 30             30                Lower          Horizontal
# 31             31                Lower          Horizontal
# 32             32                Lower          Horizontal
# 33             33                Lower          Horizontal
# 34             34                Lower          Horizontal
# 35             35                Lower          Horizontal
# 36             36                Lower          Horizontal
# 37             37                Lower          Horizontal
# 38             38                Lower          Horizontal
# 39             39                Lower          Horizontal
# 40             40                Lower          Horizontal
# 41             41                Lower          Horizontal
# 42             42                Lower          Horizontal
# 43             43                Lower          Horizontal
# 44             44                Lower          Horizontal
# 45             45                Lower          Horizontal
# 46             46                Lower          Horizontal
# 47             47                Lower          Horizontal
# 48             48                Lower          Horizontal
# Number of the stations of the vertical magnetic transfer function : 46
# Station ID     Station ID (Ref)  Owner Element
# 1001           1001              Lower
# 1002           1002              Lower
# 1003           1003              Lower
# 1004           1004              Lower
# 1005           1005              Lower
# 1006           1006              Lower
# 1007           1007              Lower
# 1008           1008              Lower
# 1009           1009              Lower
# 1010           1010              Lower
# 1011           1011              Lower
# 1012           1012              Lower
# 1013           1013              Lower
# 1014           1014              Lower
# 1015           1015              Lower
# 1016           1016              Lower
# 1017           1017              Lower
# 1018           1018              Lower
# 1019           1019              Lower
# 1020           1020              Lower
# 1021           1021              Lower
# 1022           1022              Lower
# 1023           1023              Lower
# 1024           1024              Lower
# 1025           1025              Lower
# 1026           1026              Lower
# 1027           1027              Lower
# 1028           1028              Lower
# 1029           1029              Lower
# 1030           1030              Lower
# 1031           1031              Lower
# 1032           1032              Lower
# 1033           1033              Lower
# 1034           1034              Lower
# 1035           1035              Lower
# 1036           1036              Lower
# 1037           1037              Lower
# 1038           1038              Lower
# 1039           1039              Lower
# 1040           1040              Lower
# 1041           1041              Lower
# 1042           1042              Lower
# 1043           1043              Lower
# 1044           1044              Lower
# 1045           1045              Lower
# 1046           1046              Lower
#++++++++++++++++++++++++++++++++++++++++++++++++++++++++++++++++++++++++++++++
# Total number of stations : 94 .
#  - Number of impedance tensor stations : 48 .
#  - Number of VTF stations : 46 .
#++++++++++++++++++++++++++++++++++++++++++++++++++++++++++++++++++++++++++++++
#++++++++++++++++++++++++++++++++++++++++++++++++++++++++++++++++++++++++++++++
# Forward calculation is performed for the frequencies/periods below.
# Freq#  Frequency[Hz]  Period[sec]    
# 0      0.03981        25.1193        
# 1      0.06309        15.8504        
# 2      0.1            10             
# 3      0.15848        6.30994        
# 4      0.25118        3.98121        
# 5      0.3981         2.51193        
# 6      0.63095        1.58491        
# 7      1              1              
# 8      1.5848         0.630994       
# 9      2.5118         0.398121       
# 10     3.981          0.251193       
# 11     6.3095         0.158491       
# 12     10             0.1            
# 13     15.848         0.0630994      
# 14     25.118         0.0398121      
# 15     39.81          0.0251193      
# 16     63.095         0.0158491      
# 17     100            0.01           
# 18     158.48         0.00630994     
# 19     251.18         0.00398121     
# 20     398.1          0.00251193     
# 21     630.95         0.00158491     
# 22     1000           0.001          
#++++++++++++++++++++++++++++++++++++++++++++++++++++++++++++++++++++++++++++++
# Read distortion matrix data .( 2 sec )
# Find element including each station .( 2 sec )
#++++++++++++++++++++++++++++++++++++++++++++++++++++++++++++++++++++++++++++++
# Total number of model parameter : 54779.
#  - Number of modifiable resisitivity values : 54587.
#  - Number of modifiable distortion parameters : 192.
#++++++++++++++++++++++++++++++++++++++++++++++++++++++++++++++++++++++++++++++
# Calculate Roughening Matrix .( 2 sec )
###############################################################################
# Start Forward Computation.  Iteration : 0,  Retrial : 0
###############################################################################
#================================================================================================
# Start forward calculation. Frequency : 100 [Hz], Polarization : Ex-polarization
#================================================================================================
# Start 3D forward calculation with 0th order 3D edge-based element.( 3 sec )
# Number of equation = 475883, Number of equation after degeneration = 473549
# Calculating EM field of the boundary planes with 2D forward analysis.        
#-----------------------------[ Boundary Plane 2 ]-----------------------------
# Calculate electric field on a boundary plane with 0th order edge-based element.
# Number of equation = 514, Number of equation after degeneration = 470
# Set matrix structure. ( 4 sec )
# Anaysis phase of matrix solver for boundary plane. Polarization : 0 Plane : 2. ( 4 sec )
# Set values of matrix and right hand side vector. ( 4 sec )
# Numerical factorization phase of matrix solver for boundary plane. Polarization : 0 Plane : 2. ( 4 sec )
# Solve phase of matrix solver for boundary plane. Polarization : 0 Plane : 2. ( 4 sec )
#-----------------------------[ Boundary Plane 3 ]-----------------------------
# Calculate electric field on a boundary plane with 0th order edge-based element.
# Number of equation = 514, Number of equation after degeneration = 470
# Set matrix structure. ( 4 sec )
# Anaysis phase of matrix solver for boundary plane. Polarization : 0 Plane : 3. ( 4 sec )
# Set values of matrix and right hand side vector. ( 4 sec )
# Numerical factorization phase of matrix solver for boundary plane. Polarization : 0 Plane : 3. ( 4 sec )
# Solve phase of matrix solver for boundary plane. Polarization : 0 Plane : 3. ( 4 sec )
#------------------------------------------------------------------------------
# Set matrix structure. ( 4 sec )
# Anaysis phase of matrix solver for 3D forward calculation. Polarization : 0. ( 8 sec )
#++++++++++++++++++++++++++++++++++++++++++++++++++++++++++++++++++++++++++++++++++++++++++++++++
# Total peak memory required during the analysis and symbolic factorization phase    : 577821 [KByte]
# Permanent memory required from the analysis phase to the solve phases              : 482452 [KByte]
# Total memory consumed by in-core forward solver for internal float point arrays    : 4.12377e+06 [KByte]
# Minimum memory consumed by out-core forward solver for internal float point arrays : 68420 [KByte]
#++++++++++++++++++++++++++++++++++++++++++++++++++++++++++++++++++++++++++++++++++++++++++++++++
# Set values of matrix and right hand side vector. ( 11 sec )
# Numerical factorization phase of matrix solver for 3D forward calculation. Polarization : 0.( 14 sec )
# Solve phase of matrix solver for 3D forward calculation. Polarization : 0.( 34 sec )
# Calulate right-hand sides vectors consisting of interpolator vectors.( 34 sec )
# Solve phase of matrix solver for right-hand sides consisting of interpolator vectors.( 36 sec )
# Solve phase is performed simultaneously for 288 right-hand sides( 36 sec )
# Calculate derivatives of EM field.( 45 sec )
#================================================================================================
# Start forward calculation. Frequency : 100 [Hz], Polarization : Ey-polarization
#================================================================================================
# Start 3D forward calculation with 0th order 3D edge-based element.( 59 sec )
# Number of equation = 475883, Number of equation after degeneration = 473549
# Calculating EM field of the boundary planes with 2D forward analysis.        
#-----------------------------[ Boundary Plane 0 ]-----------------------------
# Calculate electric field on a boundary plane with 0th order edge-based element.
# Number of equation = 520, Number of equation after degeneration = 476
# Set matrix structure. ( 59 sec )
# Anaysis phase of matrix solver for boundary plane. Polarization : 1 Plane : 0. ( 59 sec )
# Set values of matrix and right hand side vector. ( 59 sec )
# Numerical factorization phase of matrix solver for boundary plane. Polarization : 1 Plane : 0. ( 59 sec )
# Solve phase of matrix solver for boundary plane. Polarization : 1 Plane : 0. ( 59 sec )
#-----------------------------[ Boundary Plane 1 ]-----------------------------
# Calculate electric field on a boundary plane with 0th order edge-based element.
# Number of equation = 520, Number of equation after degeneration = 476
# Set matrix structure. ( 59 sec )
# Anaysis phase of matrix solver for boundary plane. Polarization : 1 Plane : 1. ( 59 sec )
# Set values of matrix and right hand side vector. ( 59 sec )
# Numerical factorization phase of matrix solver for boundary plane. Polarization : 1 Plane : 1. ( 59 sec )
# Solve phase of matrix solver for boundary plane. Polarization : 1 Plane : 1. ( 59 sec )
#------------------------------------------------------------------------------
# Set values of matrix and right hand side vector. ( 59 sec )
# Numerical factorization phase of matrix solver for 3D forward calculation. Polarization : 1.( 61 sec )
# Solve phase of matrix solver for 3D forward calculation. Polarization : 1.( 81 sec )
# Calulate right-hand sides vectors consisting of interpolator vectors.( 81 sec )
# Solve phase of matrix solver for right-hand sides consisting of interpolator vectors.( 83 sec )
# Solve phase is performed simultaneously for 288 right-hand sides( 83 sec )
# Calculate derivatives of EM field.( 92 sec )
#==============================================================================
# Calculate response functions. ( 105 sec )
# Calculate sensitivity matrix of frequency 100[Hz].( 105 sec )
# Sensitivity matrix of frequency 100[Hz] is saved in the out-of-core file sensMatFreq17.
#==============================================================================
#================================================================================================
# Start forward calculation. Frequency : 158.48 [Hz], Polarization : Ex-polarization
#================================================================================================
# Start 3D forward calculation with 0th order 3D edge-based element.( 106 sec )
# Number of equation = 475883, Number of equation after degeneration = 473549
# Calculating EM field of the boundary planes with 2D forward analysis.        
#-----------------------------[ Boundary Plane 2 ]-----------------------------
# Calculate electric field on a boundary plane with 0th order edge-based element.
# Number of equation = 514, Number of equation after degeneration = 470
# Set values of matrix and right hand side vector. ( 106 sec )
# Numerical factorization phase of matrix solver for boundary plane. Polarization : 0 Plane : 2. ( 106 sec )
# Solve phase of matrix solver for boundary plane. Polarization : 0 Plane : 2. ( 106 sec )
#-----------------------------[ Boundary Plane 3 ]-----------------------------
# Calculate electric field on a boundary plane with 0th order edge-based element.
# Number of equation = 514, Number of equation after degeneration = 470
# Set values of matrix and right hand side vector. ( 106 sec )
# Numerical factorization phase of matrix solver for boundary plane. Polarization : 0 Plane : 3. ( 106 sec )
# Solve phase of matrix solver for boundary plane. Polarization : 0 Plane : 3. ( 106 sec )
#------------------------------------------------------------------------------
# Set values of matrix and right hand side vector. ( 106 sec )
# Numerical factorization phase of matrix solver for 3D forward calculation. Polarization : 0.( 108 sec )
# Solve phase of matrix solver for 3D forward calculation. Polarization : 0.( 128 sec )
# Calulate right-hand sides vectors consisting of interpolator vectors.( 129 sec )
# Solve phase of matrix solver for right-hand sides consisting of interpolator vectors.( 130 sec )
# Solve phase is performed simultaneously for 292 right-hand sides( 130 sec )
# Calculate derivatives of EM field.( 140 sec )
#================================================================================================
# Start forward calculation. Frequency : 158.48 [Hz], Polarization : Ey-polarization
#================================================================================================
# Start 3D forward calculation with 0th order 3D edge-based element.( 152 sec )
# Number of equation = 475883, Number of equation after degeneration = 473549
# Calculating EM field of the boundary planes with 2D forward analysis.        
#-----------------------------[ Boundary Plane 0 ]-----------------------------
# Calculate electric field on a boundary plane with 0th order edge-based element.
# Number of equation = 520, Number of equation after degeneration = 476
# Set values of matrix and right hand side vector. ( 152 sec )
# Numerical factorization phase of matrix solver for boundary plane. Polarization : 1 Plane : 0. ( 152 sec )
# Solve phase of matrix solver for boundary plane. Polarization : 1 Plane : 0. ( 152 sec )
#-----------------------------[ Boundary Plane 1 ]-----------------------------
# Calculate electric field on a boundary plane with 0th order edge-based element.
# Number of equation = 520, Number of equation after degeneration = 476
# Set values of matrix and right hand side vector. ( 152 sec )
# Numerical factorization phase of matrix solver for boundary plane. Polarization : 1 Plane : 1. ( 152 sec )
# Solve phase of matrix solver for boundary plane. Polarization : 1 Plane : 1. ( 152 sec )
#------------------------------------------------------------------------------
# Set values of matrix and right hand side vector. ( 152 sec )
# Numerical factorization phase of matrix solver for 3D forward calculation. Polarization : 1.( 155 sec )
# Solve phase of matrix solver for 3D forward calculation. Polarization : 1.( 175 sec )
# Calulate right-hand sides vectors consisting of interpolator vectors.( 175 sec )
# Solve phase of matrix solver for right-hand sides consisting of interpolator vectors.( 176 sec )
# Solve phase is performed simultaneously for 292 right-hand sides( 176 sec )
# Calculate derivatives of EM field.( 186 sec )
#==============================================================================
# Calculate response functions. ( 198 sec )
# Calculate sensitivity matrix of frequency 158.48[Hz].( 198 sec )
# Sensitivity matrix of frequency 158.48[Hz] is saved in the out-of-core file sensMatFreq18.
#==============================================================================
#================================================================================================
# Start forward calculation. Frequency : 251.18 [Hz], Polarization : Ex-polarization
#================================================================================================
# Start 3D forward calculation with 0th order 3D edge-based element.( 198 sec )
# Number of equation = 475883, Number of equation after degeneration = 473549
# Calculating EM field of the boundary planes with 2D forward analysis.        
#-----------------------------[ Boundary Plane 2 ]-----------------------------
# Calculate electric field on a boundary plane with 0th order edge-based element.
# Number of equation = 514, Number of equation after degeneration = 470
# Set values of matrix and right hand side vector. ( 198 sec )
# Numerical factorization phase of matrix solver for boundary plane. Polarization : 0 Plane : 2. ( 198 sec )
# Solve phase of matrix solver for boundary plane. Polarization : 0 Plane : 2. ( 198 sec )
#-----------------------------[ Boundary Plane 3 ]-----------------------------
# Calculate electric field on a boundary plane with 0th order edge-based element.
# Number of equation = 514, Number of equation after degeneration = 470
# Set values of matrix and right hand side vector. ( 198 sec )
# Numerical factorization phase of matrix solver for boundary plane. Polarization : 0 Plane : 3. ( 198 sec )
# Solve phase of matrix solver for boundary plane. Polarization : 0 Plane : 3. ( 198 sec )
#------------------------------------------------------------------------------
# Set values of matrix and right hand side vector. ( 198 sec )
# Numerical factorization phase of matrix solver for 3D forward calculation. Polarization : 0.( 201 sec )
# Solve phase of matrix solver for 3D forward calculation. Polarization : 0.( 221 sec )
# Calulate right-hand sides vectors consisting of interpolator vectors.( 221 sec )
# Solve phase of matrix solver for right-hand sides consisting of interpolator vectors.( 222 sec )
# Solve phase is performed simultaneously for 295 right-hand sides( 222 sec )
# Calculate derivatives of EM field.( 233 sec )
#================================================================================================
# Start forward calculation. Frequency : 251.18 [Hz], Polarization : Ey-polarization
#================================================================================================
# Start 3D forward calculation with 0th order 3D edge-based element.( 243 sec )
# Number of equation = 475883, Number of equation after degeneration = 473549
# Calculating EM field of the boundary planes with 2D forward analysis.        
#-----------------------------[ Boundary Plane 0 ]-----------------------------
# Calculate electric field on a boundary plane with 0th order edge-based element.
# Number of equation = 520, Number of equation after degeneration = 476
# Set values of matrix and right hand side vector. ( 243 sec )
# Numerical factorization phase of matrix solver for boundary plane. Polarization : 1 Plane : 0. ( 243 sec )
# Solve phase of matrix solver for boundary plane. Polarization : 1 Plane : 0. ( 243 sec )
#-----------------------------[ Boundary Plane 1 ]-----------------------------
# Calculate electric field on a boundary plane with 0th order edge-based element.
# Number of equation = 520, Number of equation after degeneration = 476
# Set values of matrix and right hand side vector. ( 243 sec )
# Numerical factorization phase of matrix solver for boundary plane. Polarization : 1 Plane : 1. ( 243 sec )
# Solve phase of matrix solver for boundary plane. Polarization : 1 Plane : 1. ( 243 sec )
#------------------------------------------------------------------------------
# Set values of matrix and right hand side vector. ( 243 sec )
# Numerical factorization phase of matrix solver for 3D forward calculation. Polarization : 1.( 245 sec )
# Solve phase of matrix solver for 3D forward calculation. Polarization : 1.( 266 sec )
# Calulate right-hand sides vectors consisting of interpolator vectors.( 266 sec )
# Solve phase of matrix solver for right-hand sides consisting of interpolator vectors.( 267 sec )
# Solve phase is performed simultaneously for 295 right-hand sides( 267 sec )
# Calculate derivatives of EM field.( 277 sec )
#==============================================================================
# Calculate response functions. ( 287 sec )
# Calculate sensitivity matrix of frequency 251.18[Hz].( 287 sec )
# Sensitivity matrix of frequency 251.18[Hz] is saved in the out-of-core file sensMatFreq19.
#==============================================================================
#================================================================================================
# Start forward calculation. Frequency : 398.1 [Hz], Polarization : Ex-polarization
#================================================================================================
# Start 3D forward calculation with 0th order 3D edge-based element.( 287 sec )
# Number of equation = 475883, Number of equation after degeneration = 473549
# Calculating EM field of the boundary planes with 2D forward analysis.        
#-----------------------------[ Boundary Plane 2 ]-----------------------------
# Calculate electric field on a boundary plane with 0th order edge-based element.
# Number of equation = 514, Number of equation after degeneration = 470
# Set values of matrix and right hand side vector. ( 287 sec )
# Numerical factorization phase of matrix solver for boundary plane. Polarization : 0 Plane : 2. ( 287 sec )
# Solve phase of matrix solver for boundary plane. Polarization : 0 Plane : 2. ( 287 sec )
#-----------------------------[ Boundary Plane 3 ]-----------------------------
# Calculate electric field on a boundary plane with 0th order edge-based element.
# Number of equation = 514, Number of equation after degeneration = 470
# Set values of matrix and right hand side vector. ( 287 sec )
# Numerical factorization phase of matrix solver for boundary plane. Polarization : 0 Plane : 3. ( 287 sec )
# Solve phase of matrix solver for boundary plane. Polarization : 0 Plane : 3. ( 287 sec )
#------------------------------------------------------------------------------
# Set values of matrix and right hand side vector. ( 287 sec )
# Numerical factorization phase of matrix solver for 3D forward calculation. Polarization : 0.( 290 sec )
# Solve phase of matrix solver for 3D forward calculation. Polarization : 0.( 310 sec )
# Calulate right-hand sides vectors consisting of interpolator vectors.( 310 sec )
# Solve phase of matrix solver for right-hand sides consisting of interpolator vectors.( 312 sec )
# Solve phase is performed simultaneously for 305 right-hand sides( 312 sec )
# Calculate derivatives of EM field.( 323 sec )
#================================================================================================
# Start forward calculation. Frequency : 398.1 [Hz], Polarization : Ey-polarization
#================================================================================================
# Start 3D forward calculation with 0th order 3D edge-based element.( 332 sec )
# Number of equation = 475883, Number of equation after degeneration = 473549
# Calculating EM field of the boundary planes with 2D forward analysis.        
#-----------------------------[ Boundary Plane 0 ]-----------------------------
# Calculate electric field on a boundary plane with 0th order edge-based element.
# Number of equation = 520, Number of equation after degeneration = 476
# Set values of matrix and right hand side vector. ( 332 sec )
# Numerical factorization phase of matrix solver for boundary plane. Polarization : 1 Plane : 0. ( 332 sec )
# Solve phase of matrix solver for boundary plane. Polarization : 1 Plane : 0. ( 332 sec )
#-----------------------------[ Boundary Plane 1 ]-----------------------------
# Calculate electric field on a boundary plane with 0th order edge-based element.
# Number of equation = 520, Number of equation after degeneration = 476
# Set values of matrix and right hand side vector. ( 332 sec )
# Numerical factorization phase of matrix solver for boundary plane. Polarization : 1 Plane : 1. ( 332 sec )
# Solve phase of matrix solver for boundary plane. Polarization : 1 Plane : 1. ( 332 sec )
#------------------------------------------------------------------------------
# Set values of matrix and right hand side vector. ( 332 sec )
# Numerical factorization phase of matrix solver for 3D forward calculation. Polarization : 1.( 335 sec )
# Solve phase of matrix solver for 3D forward calculation. Polarization : 1.( 355 sec )
# Calulate right-hand sides vectors consisting of interpolator vectors.( 355 sec )
# Solve phase of matrix solver for right-hand sides consisting of interpolator vectors.( 356 sec )
# Solve phase is performed simultaneously for 305 right-hand sides( 356 sec )
# Calculate derivatives of EM field.( 367 sec )
#==============================================================================
# Calculate response functions. ( 377 sec )
# Calculate sensitivity matrix of frequency 398.1[Hz].( 377 sec )
# Sensitivity matrix of frequency 398.1[Hz] is saved in the out-of-core file sensMatFreq20.
#==============================================================================
#================================================================================================
# Start forward calculation. Frequency : 630.95 [Hz], Polarization : Ex-polarization
#================================================================================================
# Start 3D forward calculation with 0th order 3D edge-based element.( 377 sec )
# Number of equation = 475883, Number of equation after degeneration = 473549
# Calculating EM field of the boundary planes with 2D forward analysis.        
#-----------------------------[ Boundary Plane 2 ]-----------------------------
# Calculate electric field on a boundary plane with 0th order edge-based element.
# Number of equation = 514, Number of equation after degeneration = 470
# Set values of matrix and right hand side vector. ( 377 sec )
# Numerical factorization phase of matrix solver for boundary plane. Polarization : 0 Plane : 2. ( 377 sec )
# Solve phase of matrix solver for boundary plane. Polarization : 0 Plane : 2. ( 377 sec )
#-----------------------------[ Boundary Plane 3 ]-----------------------------
# Calculate electric field on a boundary plane with 0th order edge-based element.
# Number of equation = 514, Number of equation after degeneration = 470
# Set values of matrix and right hand side vector. ( 377 sec )
# Numerical factorization phase of matrix solver for boundary plane. Polarization : 0 Plane : 3. ( 377 sec )
# Solve phase of matrix solver for boundary plane. Polarization : 0 Plane : 3. ( 377 sec )
#------------------------------------------------------------------------------
# Set values of matrix and right hand side vector. ( 377 sec )
# Numerical factorization phase of matrix solver for 3D forward calculation. Polarization : 0.( 380 sec )
# Solve phase of matrix solver for 3D forward calculation. Polarization : 0.( 400 sec )
# Calulate right-hand sides vectors consisting of interpolator vectors.( 400 sec )
# Solve phase of matrix solver for right-hand sides consisting of interpolator vectors.( 402 sec )
# Solve phase is performed simultaneously for 312 right-hand sides( 402 sec )
# Calculate derivatives of EM field.( 413 sec )
#================================================================================================
# Start forward calculation. Frequency : 630.95 [Hz], Polarization : Ey-polarization
#================================================================================================
# Start 3D forward calculation with 0th order 3D edge-based element.( 421 sec )
# Number of equation = 475883, Number of equation after degeneration = 473549
# Calculating EM field of the boundary planes with 2D forward analysis.        
#-----------------------------[ Boundary Plane 0 ]-----------------------------
# Calculate electric field on a boundary plane with 0th order edge-based element.
# Number of equation = 520, Number of equation after degeneration = 476
# Set values of matrix and right hand side vector. ( 421 sec )
# Numerical factorization phase of matrix solver for boundary plane. Polarization : 1 Plane : 0. ( 421 sec )
# Solve phase of matrix solver for boundary plane. Polarization : 1 Plane : 0. ( 421 sec )
#-----------------------------[ Boundary Plane 1 ]-----------------------------
# Calculate electric field on a boundary plane with 0th order edge-based element.
# Number of equation = 520, Number of equation after degeneration = 476
# Set values of matrix and right hand side vector. ( 421 sec )
# Numerical factorization phase of matrix solver for boundary plane. Polarization : 1 Plane : 1. ( 421 sec )
# Solve phase of matrix solver for boundary plane. Polarization : 1 Plane : 1. ( 421 sec )
#------------------------------------------------------------------------------
# Set values of matrix and right hand side vector. ( 421 sec )
# Numerical factorization phase of matrix solver for 3D forward calculation. Polarization : 1.( 424 sec )
# Solve phase of matrix solver for 3D forward calculation. Polarization : 1.( 444 sec )
# Calulate right-hand sides vectors consisting of interpolator vectors.( 444 sec )
# Solve phase of matrix solver for right-hand sides consisting of interpolator vectors.( 446 sec )
# Solve phase is performed simultaneously for 312 right-hand sides( 446 sec )
# Calculate derivatives of EM field.( 456 sec )
#==============================================================================
# Calculate response functions. ( 465 sec )
# Calculate sensitivity matrix of frequency 630.95[Hz].( 465 sec )
# Sensitivity matrix of frequency 630.95[Hz] is saved in the out-of-core file sensMatFreq21.
#==============================================================================
#================================================================================================
# Start forward calculation. Frequency : 1000 [Hz], Polarization : Ex-polarization
#================================================================================================
# Start 3D forward calculation with 0th order 3D edge-based element.( 465 sec )
# Number of equation = 475883, Number of equation after degeneration = 473549
# Calculating EM field of the boundary planes with 2D forward analysis.        
#-----------------------------[ Boundary Plane 2 ]-----------------------------
# Calculate electric field on a boundary plane with 0th order edge-based element.
# Number of equation = 514, Number of equation after degeneration = 470
# Set values of matrix and right hand side vector. ( 465 sec )
# Numerical factorization phase of matrix solver for boundary plane. Polarization : 0 Plane : 2. ( 465 sec )
# Solve phase of matrix solver for boundary plane. Polarization : 0 Plane : 2. ( 465 sec )
#-----------------------------[ Boundary Plane 3 ]-----------------------------
# Calculate electric field on a boundary plane with 0th order edge-based element.
# Number of equation = 514, Number of equation after degeneration = 470
# Set values of matrix and right hand side vector. ( 465 sec )
# Numerical factorization phase of matrix solver for boundary plane. Polarization : 0 Plane : 3. ( 465 sec )
# Solve phase of matrix solver for boundary plane. Polarization : 0 Plane : 3. ( 465 sec )
#------------------------------------------------------------------------------
# Set values of matrix and right hand side vector. ( 465 sec )
# Numerical factorization phase of matrix solver for 3D forward calculation. Polarization : 0.( 468 sec )
# Solve phase of matrix solver for 3D forward calculation. Polarization : 0.( 488 sec )
# Calulate right-hand sides vectors consisting of interpolator vectors.( 488 sec )
# Solve phase of matrix solver for right-hand sides consisting of interpolator vectors.( 489 sec )
# Solve phase is performed simultaneously for 260 right-hand sides( 489 sec )
# Calculate derivatives of EM field.( 498 sec )
#================================================================================================
# Start forward calculation. Frequency : 1000 [Hz], Polarization : Ey-polarization
#================================================================================================
# Start 3D forward calculation with 0th order 3D edge-based element.( 508 sec )
# Number of equation = 475883, Number of equation after degeneration = 473549
# Calculating EM field of the boundary planes with 2D forward analysis.        
#-----------------------------[ Boundary Plane 0 ]-----------------------------
# Calculate electric field on a boundary plane with 0th order edge-based element.
# Number of equation = 520, Number of equation after degeneration = 476
# Set values of matrix and right hand side vector. ( 508 sec )
# Numerical factorization phase of matrix solver for boundary plane. Polarization : 1 Plane : 0. ( 508 sec )
# Solve phase of matrix solver for boundary plane. Polarization : 1 Plane : 0. ( 508 sec )
#-----------------------------[ Boundary Plane 1 ]-----------------------------
# Calculate electric field on a boundary plane with 0th order edge-based element.
# Number of equation = 520, Number of equation after degeneration = 476
# Set values of matrix and right hand side vector. ( 508 sec )
# Numerical factorization phase of matrix solver for boundary plane. Polarization : 1 Plane : 1. ( 508 sec )
# Solve phase of matrix solver for boundary plane. Polarization : 1 Plane : 1. ( 508 sec )
#------------------------------------------------------------------------------
# Set values of matrix and right hand side vector. ( 508 sec )
# Numerical factorization phase of matrix solver for 3D forward calculation. Polarization : 1.( 510 sec )
# Solve phase of matrix solver for 3D forward calculation. Polarization : 1.( 531 sec )
# Calulate right-hand sides vectors consisting of interpolator vectors.( 531 sec )
# Solve phase of matrix solver for right-hand sides consisting of interpolator vectors.( 532 sec )
# Solve phase is performed simultaneously for 260 right-hand sides( 532 sec )
# Calculate derivatives of EM field.( 541 sec )
#==============================================================================
# Calculate response functions. ( 552 sec )
# Calculate sensitivity matrix of frequency 1000[Hz].( 552 sec )
# Sensitivity matrix of frequency 1000[Hz] is saved in the out-of-core file sensMatFreq22.
#==============================================================================
# Release memory of coefficient matrix and sparse solver. ( 552 sec )
###############################################################################
# Start Inversion.  Iteration : 0
###############################################################################
# Number of model : 54779
# Number of frequencies of this PE : 6
# Calculate constraining matrix. ( 555 sec )
# Analyse constraining matrix.( 555 sec )
# Analyse transposed constraining matrix.( 555 sec )
# Factorize constraining matrix.( 555 sec )
# Factorize transposed constraining matrix.( 555 sec )
# Number of data of this PE : 3016
# Read sensitivity matrix from sensMatFreq17.( 555 sec )
# Multiply transposed sensitivity matrix by inverse of transposed constraining matrix. ( 557 sec )
# Solve phase is performed simultaneously for 496 right-hand sides( 557 sec )
# Read sensitivity matrix from sensMatFreq18.( 558 sec )
# Multiply transposed sensitivity matrix by inverse of transposed constraining matrix. ( 560 sec )
# Solve phase is performed simultaneously for 504 right-hand sides( 560 sec )
# Read sensitivity matrix from sensMatFreq19.( 561 sec )
# Multiply transposed sensitivity matrix by inverse of transposed constraining matrix. ( 562 sec )
# Solve phase is performed simultaneously for 508 right-hand sides( 562 sec )
# Read sensitivity matrix from sensMatFreq20.( 563 sec )
# Multiply transposed sensitivity matrix by inverse of transposed constraining matrix. ( 565 sec )
# Solve phase is performed simultaneously for 524 right-hand sides( 565 sec )
# Read sensitivity matrix from sensMatFreq21.( 566 sec )
# Multiply transposed sensitivity matrix by inverse of transposed constraining matrix. ( 566 sec )
# Solve phase is performed simultaneously for 536 right-hand sides( 566 sec )
# Read sensitivity matrix from sensMatFreq22.( 567 sec )
# Multiply transposed sensitivity matrix by inverse of transposed constraining matrix. ( 568 sec )
# Solve phase is performed simultaneously for 448 right-hand sides( 568 sec )
# Calculate right-hand side vector. ( 569 sec )
# Read sensitivity matrix from sensMatFreq17.( 569 sec )
# Read sensitivity matrix from sensMatFreq18.( 569 sec )
# Read sensitivity matrix from sensMatFreq19.( 569 sec )
# Read sensitivity matrix from sensMatFreq20.( 569 sec )
# Read sensitivity matrix from sensMatFreq21.( 569 sec )
# Read sensitivity matrix from sensMatFreq22.( 569 sec )
# Read sensitivity matrix from sensMatFreq17.( 618 sec )
# Read sensitivity matrix from sensMatFreq18.( 618 sec )
# Read sensitivity matrix from sensMatFreq19.( 618 sec )
# Read sensitivity matrix from sensMatFreq20.( 618 sec )
# Read sensitivity matrix from sensMatFreq21.( 618 sec )
# Read sensitivity matrix from sensMatFreq22.( 618 sec )
# Calculate model increments. ( 618 sec )
###############################################################################
# Start Forward Computation.  Iteration : 1,  Retrial : 0
###############################################################################
#================================================================================================
# Start forward calculation. Frequency : 100 [Hz], Polarization : Ex-polarization
#================================================================================================
# Start 3D forward calculation with 0th order 3D edge-based element.( 619 sec )
# Number of equation = 475883, Number of equation after degeneration = 473549
# Calculating EM field of the boundary planes with 2D forward analysis.        
#-----------------------------[ Boundary Plane 2 ]-----------------------------
# Calculate electric field on a boundary plane with 0th order edge-based element.
# Number of equation = 514, Number of equation after degeneration = 470
# Set values of matrix and right hand side vector. ( 619 sec )
# Numerical factorization phase of matrix solver for boundary plane. Polarization : 0 Plane : 2. ( 619 sec )
# Solve phase of matrix solver for boundary plane. Polarization : 0 Plane : 2. ( 619 sec )
#-----------------------------[ Boundary Plane 3 ]-----------------------------
# Calculate electric field on a boundary plane with 0th order edge-based element.
# Number of equation = 514, Number of equation after degeneration = 470
# Set values of matrix and right hand side vector. ( 619 sec )
# Numerical factorization phase of matrix solver for boundary plane. Polarization : 0 Plane : 3. ( 619 sec )
# Solve phase of matrix solver for boundary plane. Polarization : 0 Plane : 3. ( 619 sec )
#------------------------------------------------------------------------------
# Set matrix structure. ( 619 sec )
# Anaysis phase of matrix solver for 3D forward calculation. Polarization : 0. ( 623 sec )
#++++++++++++++++++++++++++++++++++++++++++++++++++++++++++++++++++++++++++++++++++++++++++++++++
# Total peak memory required during the analysis and symbolic factorization phase    : 577892 [KByte]
# Permanent memory required from the analysis phase to the solve phases              : 482467 [KByte]
# Total memory consumed by in-core forward solver for internal float point arrays    : 4.12307e+06 [KByte]
# Minimum memory consumed by out-core forward solver for internal float point arrays : 68437 [KByte]
#++++++++++++++++++++++++++++++++++++++++++++++++++++++++++++++++++++++++++++++++++++++++++++++++
# Set values of matrix and right hand side vector. ( 626 sec )
# Numerical factorization phase of matrix solver for 3D forward calculation. Polarization : 0.( 628 sec )
# Solve phase of matrix solver for 3D forward calculation. Polarization : 0.( 649 sec )
# Calulate right-hand sides vectors consisting of interpolator vectors.( 649 sec )
# Solve phase of matrix solver for right-hand sides consisting of interpolator vectors.( 650 sec )
# Solve phase is performed simultaneously for 288 right-hand sides( 650 sec )
# Calculate derivatives of EM field.( 660 sec )
#================================================================================================
# Start forward calculation. Frequency : 100 [Hz], Polarization : Ey-polarization
#================================================================================================
# Start 3D forward calculation with 0th order 3D edge-based element.( 673 sec )
# Number of equation = 475883, Number of equation after degeneration = 473549
# Calculating EM field of the boundary planes with 2D forward analysis.        
#-----------------------------[ Boundary Plane 0 ]-----------------------------
# Calculate electric field on a boundary plane with 0th order edge-based element.
# Number of equation = 520, Number of equation after degeneration = 476
# Set values of matrix and right hand side vector. ( 673 sec )
# Numerical factorization phase of matrix solver for boundary plane. Polarization : 1 Plane : 0. ( 673 sec )
# Solve phase of matrix solver for boundary plane. Polarization : 1 Plane : 0. ( 673 sec )
#-----------------------------[ Boundary Plane 1 ]-----------------------------
# Calculate electric field on a boundary plane with 0th order edge-based element.
# Number of equation = 520, Number of equation after degeneration = 476
# Set values of matrix and right hand side vector. ( 673 sec )
# Numerical factorization phase of matrix solver for boundary plane. Polarization : 1 Plane : 1. ( 673 sec )
# Solve phase of matrix solver for boundary plane. Polarization : 1 Plane : 1. ( 673 sec )
#------------------------------------------------------------------------------
# Set values of matrix and right hand side vector. ( 673 sec )
# Numerical factorization phase of matrix solver for 3D forward calculation. Polarization : 1.( 675 sec )
# Solve phase of matrix solver for 3D forward calculation. Polarization : 1.( 696 sec )
# Calulate right-hand sides vectors consisting of interpolator vectors.( 696 sec )
# Solve phase of matrix solver for right-hand sides consisting of interpolator vectors.( 697 sec )
# Solve phase is performed simultaneously for 288 right-hand sides( 697 sec )
# Calculate derivatives of EM field.( 707 sec )
#==============================================================================
# Calculate response functions. ( 719 sec )
# Calculate sensitivity matrix of frequency 100[Hz].( 719 sec )
# Sensitivity matrix of frequency 100[Hz] is saved in the out-of-core file sensMatFreq17.
#==============================================================================
#================================================================================================
# Start forward calculation. Frequency : 158.48 [Hz], Polarization : Ex-polarization
#================================================================================================
# Start 3D forward calculation with 0th order 3D edge-based element.( 719 sec )
# Number of equation = 475883, Number of equation after degeneration = 473549
# Calculating EM field of the boundary planes with 2D forward analysis.        
#-----------------------------[ Boundary Plane 2 ]-----------------------------
# Calculate electric field on a boundary plane with 0th order edge-based element.
# Number of equation = 514, Number of equation after degeneration = 470
# Set values of matrix and right hand side vector. ( 719 sec )
# Numerical factorization phase of matrix solver for boundary plane. Polarization : 0 Plane : 2. ( 719 sec )
# Solve phase of matrix solver for boundary plane. Polarization : 0 Plane : 2. ( 719 sec )
#-----------------------------[ Boundary Plane 3 ]-----------------------------
# Calculate electric field on a boundary plane with 0th order edge-based element.
# Number of equation = 514, Number of equation after degeneration = 470
# Set values of matrix and right hand side vector. ( 719 sec )
# Numerical factorization phase of matrix solver for boundary plane. Polarization : 0 Plane : 3. ( 719 sec )
# Solve phase of matrix solver for boundary plane. Polarization : 0 Plane : 3. ( 719 sec )
#------------------------------------------------------------------------------
# Set values of matrix and right hand side vector. ( 719 sec )
# Numerical factorization phase of matrix solver for 3D forward calculation. Polarization : 0.( 722 sec )
# Solve phase of matrix solver for 3D forward calculation. Polarization : 0.( 742 sec )
# Calulate right-hand sides vectors consisting of interpolator vectors.( 742 sec )
# Solve phase of matrix solver for right-hand sides consisting of interpolator vectors.( 743 sec )
# Solve phase is performed simultaneously for 292 right-hand sides( 743 sec )
# Calculate derivatives of EM field.( 754 sec )
#================================================================================================
# Start forward calculation. Frequency : 158.48 [Hz], Polarization : Ey-polarization
#================================================================================================
# Start 3D forward calculation with 0th order 3D edge-based element.( 764 sec )
# Number of equation = 475883, Number of equation after degeneration = 473549
# Calculating EM field of the boundary planes with 2D forward analysis.        
#-----------------------------[ Boundary Plane 0 ]-----------------------------
# Calculate electric field on a boundary plane with 0th order edge-based element.
# Number of equation = 520, Number of equation after degeneration = 476
# Set values of matrix and right hand side vector. ( 764 sec )
# Numerical factorization phase of matrix solver for boundary plane. Polarization : 1 Plane : 0. ( 764 sec )
# Solve phase of matrix solver for boundary plane. Polarization : 1 Plane : 0. ( 764 sec )
#-----------------------------[ Boundary Plane 1 ]-----------------------------
# Calculate electric field on a boundary plane with 0th order edge-based element.
# Number of equation = 520, Number of equation after degeneration = 476
# Set values of matrix and right hand side vector. ( 764 sec )
# Numerical factorization phase of matrix solver for boundary plane. Polarization : 1 Plane : 1. ( 764 sec )
# Solve phase of matrix solver for boundary plane. Polarization : 1 Plane : 1. ( 764 sec )
#------------------------------------------------------------------------------
# Set values of matrix and right hand side vector. ( 764 sec )
# Numerical factorization phase of matrix solver for 3D forward calculation. Polarization : 1.( 766 sec )
# Solve phase of matrix solver for 3D forward calculation. Polarization : 1.( 787 sec )
# Calulate right-hand sides vectors consisting of interpolator vectors.( 787 sec )
# Solve phase of matrix solver for right-hand sides consisting of interpolator vectors.( 788 sec )
# Solve phase is performed simultaneously for 292 right-hand sides( 788 sec )
# Calculate derivatives of EM field.( 798 sec )
#==============================================================================
# Calculate response functions. ( 808 sec )
# Calculate sensitivity matrix of frequency 158.48[Hz].( 808 sec )
# Sensitivity matrix of frequency 158.48[Hz] is saved in the out-of-core file sensMatFreq18.
#==============================================================================
#================================================================================================
# Start forward calculation. Frequency : 251.18 [Hz], Polarization : Ex-polarization
#================================================================================================
# Start 3D forward calculation with 0th order 3D edge-based element.( 809 sec )
# Number of equation = 475883, Number of equation after degeneration = 473549
# Calculating EM field of the boundary planes with 2D forward analysis.        
#-----------------------------[ Boundary Plane 2 ]-----------------------------
# Calculate electric field on a boundary plane with 0th order edge-based element.
# Number of equation = 514, Number of equation after degeneration = 470
# Set values of matrix and right hand side vector. ( 809 sec )
# Numerical factorization phase of matrix solver for boundary plane. Polarization : 0 Plane : 2. ( 809 sec )
# Solve phase of matrix solver for boundary plane. Polarization : 0 Plane : 2. ( 809 sec )
#-----------------------------[ Boundary Plane 3 ]-----------------------------
# Calculate electric field on a boundary plane with 0th order edge-based element.
# Number of equation = 514, Number of equation after degeneration = 470
# Set values of matrix and right hand side vector. ( 809 sec )
# Numerical factorization phase of matrix solver for boundary plane. Polarization : 0 Plane : 3. ( 809 sec )
# Solve phase of matrix solver for boundary plane. Polarization : 0 Plane : 3. ( 809 sec )
#------------------------------------------------------------------------------
# Set values of matrix and right hand side vector. ( 809 sec )
# Numerical factorization phase of matrix solver for 3D forward calculation. Polarization : 0.( 811 sec )
# Solve phase of matrix solver for 3D forward calculation. Polarization : 0.( 832 sec )
# Calulate right-hand sides vectors consisting of interpolator vectors.( 832 sec )
# Solve phase of matrix solver for right-hand sides consisting of interpolator vectors.( 833 sec )
# Solve phase is performed simultaneously for 295 right-hand sides( 833 sec )
# Calculate derivatives of EM field.( 844 sec )
#================================================================================================
# Start forward calculation. Frequency : 251.18 [Hz], Polarization : Ey-polarization
#================================================================================================
# Start 3D forward calculation with 0th order 3D edge-based element.( 853 sec )
# Number of equation = 475883, Number of equation after degeneration = 473549
# Calculating EM field of the boundary planes with 2D forward analysis.        
#-----------------------------[ Boundary Plane 0 ]-----------------------------
# Calculate electric field on a boundary plane with 0th order edge-based element.
# Number of equation = 520, Number of equation after degeneration = 476
# Set values of matrix and right hand side vector. ( 853 sec )
# Numerical factorization phase of matrix solver for boundary plane. Polarization : 1 Plane : 0. ( 853 sec )
# Solve phase of matrix solver for boundary plane. Polarization : 1 Plane : 0. ( 853 sec )
#-----------------------------[ Boundary Plane 1 ]-----------------------------
# Calculate electric field on a boundary plane with 0th order edge-based element.
# Number of equation = 520, Number of equation after degeneration = 476
# Set values of matrix and right hand side vector. ( 853 sec )
# Numerical factorization phase of matrix solver for boundary plane. Polarization : 1 Plane : 1. ( 853 sec )
# Solve phase of matrix solver for boundary plane. Polarization : 1 Plane : 1. ( 853 sec )
#------------------------------------------------------------------------------
# Set values of matrix and right hand side vector. ( 853 sec )
# Numerical factorization phase of matrix solver for 3D forward calculation. Polarization : 1.( 856 sec )
# Solve phase of matrix solver for 3D forward calculation. Polarization : 1.( 876 sec )
# Calulate right-hand sides vectors consisting of interpolator vectors.( 876 sec )
# Solve phase of matrix solver for right-hand sides consisting of interpolator vectors.( 877 sec )
# Solve phase is performed simultaneously for 295 right-hand sides( 877 sec )
# Calculate derivatives of EM field.( 887 sec )
#==============================================================================
# Calculate response functions. ( 898 sec )
# Calculate sensitivity matrix of frequency 251.18[Hz].( 898 sec )
# Sensitivity matrix of frequency 251.18[Hz] is saved in the out-of-core file sensMatFreq19.
#==============================================================================
#================================================================================================
# Start forward calculation. Frequency : 398.1 [Hz], Polarization : Ex-polarization
#================================================================================================
# Start 3D forward calculation with 0th order 3D edge-based element.( 898 sec )
# Number of equation = 475883, Number of equation after degeneration = 473549
# Calculating EM field of the boundary planes with 2D forward analysis.        
#-----------------------------[ Boundary Plane 2 ]-----------------------------
# Calculate electric field on a boundary plane with 0th order edge-based element.
# Number of equation = 514, Number of equation after degeneration = 470
# Set values of matrix and right hand side vector. ( 898 sec )
# Numerical factorization phase of matrix solver for boundary plane. Polarization : 0 Plane : 2. ( 898 sec )
# Solve phase of matrix solver for boundary plane. Polarization : 0 Plane : 2. ( 898 sec )
#-----------------------------[ Boundary Plane 3 ]-----------------------------
# Calculate electric field on a boundary plane with 0th order edge-based element.
# Number of equation = 514, Number of equation after degeneration = 470
# Set values of matrix and right hand side vector. ( 898 sec )
# Numerical factorization phase of matrix solver for boundary plane. Polarization : 0 Plane : 3. ( 898 sec )
# Solve phase of matrix solver for boundary plane. Polarization : 0 Plane : 3. ( 898 sec )
#------------------------------------------------------------------------------
# Set values of matrix and right hand side vector. ( 898 sec )
# Numerical factorization phase of matrix solver for 3D forward calculation. Polarization : 0.( 901 sec )
# Solve phase of matrix solver for 3D forward calculation. Polarization : 0.( 921 sec )
# Calulate right-hand sides vectors consisting of interpolator vectors.( 921 sec )
# Solve phase of matrix solver for right-hand sides consisting of interpolator vectors.( 922 sec )
# Solve phase is performed simultaneously for 305 right-hand sides( 922 sec )
# Calculate derivatives of EM field.( 933 sec )
#================================================================================================
# Start forward calculation. Frequency : 398.1 [Hz], Polarization : Ey-polarization
#================================================================================================
# Start 3D forward calculation with 0th order 3D edge-based element.( 944 sec )
# Number of equation = 475883, Number of equation after degeneration = 473549
# Calculating EM field of the boundary planes with 2D forward analysis.        
#-----------------------------[ Boundary Plane 0 ]-----------------------------
# Calculate electric field on a boundary plane with 0th order edge-based element.
# Number of equation = 520, Number of equation after degeneration = 476
# Set values of matrix and right hand side vector. ( 944 sec )
# Numerical factorization phase of matrix solver for boundary plane. Polarization : 1 Plane : 0. ( 944 sec )
# Solve phase of matrix solver for boundary plane. Polarization : 1 Plane : 0. ( 944 sec )
#-----------------------------[ Boundary Plane 1 ]-----------------------------
# Calculate electric field on a boundary plane with 0th order edge-based element.
# Number of equation = 520, Number of equation after degeneration = 476
# Set values of matrix and right hand side vector. ( 944 sec )
# Numerical factorization phase of matrix solver for boundary plane. Polarization : 1 Plane : 1. ( 944 sec )
# Solve phase of matrix solver for boundary plane. Polarization : 1 Plane : 1. ( 944 sec )
#------------------------------------------------------------------------------
# Set values of matrix and right hand side vector. ( 944 sec )
# Numerical factorization phase of matrix solver for 3D forward calculation. Polarization : 1.( 947 sec )
# Solve phase of matrix solver for 3D forward calculation. Polarization : 1.( 967 sec )
# Calulate right-hand sides vectors consisting of interpolator vectors.( 967 sec )
# Solve phase of matrix solver for right-hand sides consisting of interpolator vectors.( 968 sec )
# Solve phase is performed simultaneously for 305 right-hand sides( 968 sec )
# Calculate derivatives of EM field.( 979 sec )
#==============================================================================
# Calculate response functions. ( 990 sec )
# Calculate sensitivity matrix of frequency 398.1[Hz].( 990 sec )
# Sensitivity matrix of frequency 398.1[Hz] is saved in the out-of-core file sensMatFreq20.
#==============================================================================
#================================================================================================
# Start forward calculation. Frequency : 630.95 [Hz], Polarization : Ex-polarization
#================================================================================================
# Start 3D forward calculation with 0th order 3D edge-based element.( 991 sec )
# Number of equation = 475883, Number of equation after degeneration = 473549
# Calculating EM field of the boundary planes with 2D forward analysis.        
#-----------------------------[ Boundary Plane 2 ]-----------------------------
# Calculate electric field on a boundary plane with 0th order edge-based element.
# Number of equation = 514, Number of equation after degeneration = 470
# Set values of matrix and right hand side vector. ( 991 sec )
# Numerical factorization phase of matrix solver for boundary plane. Polarization : 0 Plane : 2. ( 991 sec )
# Solve phase of matrix solver for boundary plane. Polarization : 0 Plane : 2. ( 991 sec )
#-----------------------------[ Boundary Plane 3 ]-----------------------------
# Calculate electric field on a boundary plane with 0th order edge-based element.
# Number of equation = 514, Number of equation after degeneration = 470
# Set values of matrix and right hand side vector. ( 991 sec )
# Numerical factorization phase of matrix solver for boundary plane. Polarization : 0 Plane : 3. ( 991 sec )
# Solve phase of matrix solver for boundary plane. Polarization : 0 Plane : 3. ( 991 sec )
#------------------------------------------------------------------------------
# Set values of matrix and right hand side vector. ( 991 sec )
# Numerical factorization phase of matrix solver for 3D forward calculation. Polarization : 0.( 993 sec )
# Solve phase of matrix solver for 3D forward calculation. Polarization : 0.( 1013 sec )
# Calulate right-hand sides vectors consisting of interpolator vectors.( 1014 sec )
# Solve phase of matrix solver for right-hand sides consisting of interpolator vectors.( 1015 sec )
# Solve phase is performed simultaneously for 312 right-hand sides( 1015 sec )
# Calculate derivatives of EM field.( 1026 sec )
#================================================================================================
# Start forward calculation. Frequency : 630.95 [Hz], Polarization : Ey-polarization
#================================================================================================
# Start 3D forward calculation with 0th order 3D edge-based element.( 1036 sec )
# Number of equation = 475883, Number of equation after degeneration = 473549
# Calculating EM field of the boundary planes with 2D forward analysis.        
#-----------------------------[ Boundary Plane 0 ]-----------------------------
# Calculate electric field on a boundary plane with 0th order edge-based element.
# Number of equation = 520, Number of equation after degeneration = 476
# Set values of matrix and right hand side vector. ( 1036 sec )
# Numerical factorization phase of matrix solver for boundary plane. Polarization : 1 Plane : 0. ( 1036 sec )
# Solve phase of matrix solver for boundary plane. Polarization : 1 Plane : 0. ( 1036 sec )
#-----------------------------[ Boundary Plane 1 ]-----------------------------
# Calculate electric field on a boundary plane with 0th order edge-based element.
# Number of equation = 520, Number of equation after degeneration = 476
# Set values of matrix and right hand side vector. ( 1036 sec )
# Numerical factorization phase of matrix solver for boundary plane. Polarization : 1 Plane : 1. ( 1036 sec )
# Solve phase of matrix solver for boundary plane. Polarization : 1 Plane : 1. ( 1036 sec )
#------------------------------------------------------------------------------
# Set values of matrix and right hand side vector. ( 1036 sec )
# Numerical factorization phase of matrix solver for 3D forward calculation. Polarization : 1.( 1038 sec )
# Solve phase of matrix solver for 3D forward calculation. Polarization : 1.( 1059 sec )
# Calulate right-hand sides vectors consisting of interpolator vectors.( 1059 sec )
# Solve phase of matrix solver for right-hand sides consisting of interpolator vectors.( 1060 sec )
# Solve phase is performed simultaneously for 312 right-hand sides( 1060 sec )
# Calculate derivatives of EM field.( 1071 sec )
#==============================================================================
# Calculate response functions. ( 1080 sec )
# Calculate sensitivity matrix of frequency 630.95[Hz].( 1081 sec )
# Sensitivity matrix of frequency 630.95[Hz] is saved in the out-of-core file sensMatFreq21.
#==============================================================================
#================================================================================================
# Start forward calculation. Frequency : 1000 [Hz], Polarization : Ex-polarization
#================================================================================================
# Start 3D forward calculation with 0th order 3D edge-based element.( 1081 sec )
# Number of equation = 475883, Number of equation after degeneration = 473549
# Calculating EM field of the boundary planes with 2D forward analysis.        
#-----------------------------[ Boundary Plane 2 ]-----------------------------
# Calculate electric field on a boundary plane with 0th order edge-based element.
# Number of equation = 514, Number of equation after degeneration = 470
# Set values of matrix and right hand side vector. ( 1081 sec )
# Numerical factorization phase of matrix solver for boundary plane. Polarization : 0 Plane : 2. ( 1081 sec )
# Solve phase of matrix solver for boundary plane. Polarization : 0 Plane : 2. ( 1081 sec )
#-----------------------------[ Boundary Plane 3 ]-----------------------------
# Calculate electric field on a boundary plane with 0th order edge-based element.
# Number of equation = 514, Number of equation after degeneration = 470
# Set values of matrix and right hand side vector. ( 1081 sec )
# Numerical factorization phase of matrix solver for boundary plane. Polarization : 0 Plane : 3. ( 1081 sec )
# Solve phase of matrix solver for boundary plane. Polarization : 0 Plane : 3. ( 1081 sec )
#------------------------------------------------------------------------------
# Set values of matrix and right hand side vector. ( 1081 sec )
# Numerical factorization phase of matrix solver for 3D forward calculation. Polarization : 0.( 1084 sec )
# Solve phase of matrix solver for 3D forward calculation. Polarization : 0.( 1104 sec )
# Calulate right-hand sides vectors consisting of interpolator vectors.( 1104 sec )
# Solve phase of matrix solver for right-hand sides consisting of interpolator vectors.( 1105 sec )
# Solve phase is performed simultaneously for 260 right-hand sides( 1105 sec )
# Calculate derivatives of EM field.( 1114 sec )
#================================================================================================
# Start forward calculation. Frequency : 1000 [Hz], Polarization : Ey-polarization
#================================================================================================
# Start 3D forward calculation with 0th order 3D edge-based element.( 1125 sec )
# Number of equation = 475883, Number of equation after degeneration = 473549
# Calculating EM field of the boundary planes with 2D forward analysis.        
#-----------------------------[ Boundary Plane 0 ]-----------------------------
# Calculate electric field on a boundary plane with 0th order edge-based element.
# Number of equation = 520, Number of equation after degeneration = 476
# Set values of matrix and right hand side vector. ( 1125 sec )
# Numerical factorization phase of matrix solver for boundary plane. Polarization : 1 Plane : 0. ( 1125 sec )
# Solve phase of matrix solver for boundary plane. Polarization : 1 Plane : 0. ( 1125 sec )
#-----------------------------[ Boundary Plane 1 ]-----------------------------
# Calculate electric field on a boundary plane with 0th order edge-based element.
# Number of equation = 520, Number of equation after degeneration = 476
# Set values of matrix and right hand side vector. ( 1125 sec )
# Numerical factorization phase of matrix solver for boundary plane. Polarization : 1 Plane : 1. ( 1125 sec )
# Solve phase of matrix solver for boundary plane. Polarization : 1 Plane : 1. ( 1125 sec )
#------------------------------------------------------------------------------
# Set values of matrix and right hand side vector. ( 1125 sec )
# Numerical factorization phase of matrix solver for 3D forward calculation. Polarization : 1.( 1128 sec )
# Solve phase of matrix solver for 3D forward calculation. Polarization : 1.( 1148 sec )
# Calulate right-hand sides vectors consisting of interpolator vectors.( 1148 sec )
# Solve phase of matrix solver for right-hand sides consisting of interpolator vectors.( 1149 sec )
# Solve phase is performed simultaneously for 260 right-hand sides( 1149 sec )
# Calculate derivatives of EM field.( 1158 sec )
#==============================================================================
# Calculate response functions. ( 1170 sec )
# Calculate sensitivity matrix of frequency 1000[Hz].( 1170 sec )
# Sensitivity matrix of frequency 1000[Hz] is saved in the out-of-core file sensMatFreq22.
#==============================================================================
# Release memory of coefficient matrix and sparse solver. ( 1171 sec )
###############################################################################
# Start Inversion.  Iteration : 1
###############################################################################
# Number of model : 54779
# Number of frequencies of this PE : 6
# Calculate constraining matrix. ( 1173 sec )
# Analyse constraining matrix.( 1173 sec )
# Analyse transposed constraining matrix.( 1173 sec )
# Factorize constraining matrix.( 1174 sec )
# Factorize transposed constraining matrix.( 1174 sec )
# Number of data of this PE : 3016
# Read sensitivity matrix from sensMatFreq17.( 1174 sec )
# Multiply transposed sensitivity matrix by inverse of transposed constraining matrix. ( 1175 sec )
# Solve phase is performed simultaneously for 496 right-hand sides( 1175 sec )
# Read sensitivity matrix from sensMatFreq18.( 1176 sec )
# Multiply transposed sensitivity matrix by inverse of transposed constraining matrix. ( 1178 sec )
# Solve phase is performed simultaneously for 504 right-hand sides( 1178 sec )
# Read sensitivity matrix from sensMatFreq19.( 1179 sec )
# Multiply transposed sensitivity matrix by inverse of transposed constraining matrix. ( 1182 sec )
# Solve phase is performed simultaneously for 508 right-hand sides( 1182 sec )
# Read sensitivity matrix from sensMatFreq20.( 1182 sec )
# Multiply transposed sensitivity matrix by inverse of transposed constraining matrix. ( 1184 sec )
# Solve phase is performed simultaneously for 524 right-hand sides( 1184 sec )
# Read sensitivity matrix from sensMatFreq21.( 1185 sec )
# Multiply transposed sensitivity matrix by inverse of transposed constraining matrix. ( 1187 sec )
# Solve phase is performed simultaneously for 536 right-hand sides( 1187 sec )
# Read sensitivity matrix from sensMatFreq22.( 1188 sec )
# Multiply transposed sensitivity matrix by inverse of transposed constraining matrix. ( 1189 sec )
# Solve phase is performed simultaneously for 448 right-hand sides( 1189 sec )
# Calculate right-hand side vector. ( 1190 sec )
# Read sensitivity matrix from sensMatFreq17.( 1190 sec )
# Read sensitivity matrix from sensMatFreq18.( 1190 sec )
# Read sensitivity matrix from sensMatFreq19.( 1190 sec )
# Read sensitivity matrix from sensMatFreq20.( 1190 sec )
# Read sensitivity matrix from sensMatFreq21.( 1190 sec )
# Read sensitivity matrix from sensMatFreq22.( 1190 sec )
# Read sensitivity matrix from sensMatFreq17.( 1239 sec )
# Read sensitivity matrix from sensMatFreq18.( 1239 sec )
# Read sensitivity matrix from sensMatFreq19.( 1239 sec )
# Read sensitivity matrix from sensMatFreq20.( 1239 sec )
# Read sensitivity matrix from sensMatFreq21.( 1239 sec )
# Read sensitivity matrix from sensMatFreq22.( 1239 sec )
# Calculate model increments. ( 1239 sec )
###############################################################################
# Start Forward Computation.  Iteration : 2,  Retrial : 0
###############################################################################
#================================================================================================
# Start forward calculation. Frequency : 100 [Hz], Polarization : Ex-polarization
#================================================================================================
# Start 3D forward calculation with 0th order 3D edge-based element.( 1240 sec )
# Number of equation = 475883, Number of equation after degeneration = 473549
# Calculating EM field of the boundary planes with 2D forward analysis.        
#-----------------------------[ Boundary Plane 2 ]-----------------------------
# Calculate electric field on a boundary plane with 0th order edge-based element.
# Number of equation = 514, Number of equation after degeneration = 470
# Set values of matrix and right hand side vector. ( 1240 sec )
# Numerical factorization phase of matrix solver for boundary plane. Polarization : 0 Plane : 2. ( 1240 sec )
# Solve phase of matrix solver for boundary plane. Polarization : 0 Plane : 2. ( 1240 sec )
#-----------------------------[ Boundary Plane 3 ]-----------------------------
# Calculate electric field on a boundary plane with 0th order edge-based element.
# Number of equation = 514, Number of equation after degeneration = 470
# Set values of matrix and right hand side vector. ( 1240 sec )
# Numerical factorization phase of matrix solver for boundary plane. Polarization : 0 Plane : 3. ( 1240 sec )
# Solve phase of matrix solver for boundary plane. Polarization : 0 Plane : 3. ( 1240 sec )
#------------------------------------------------------------------------------
# Set matrix structure. ( 1240 sec )
# Anaysis phase of matrix solver for 3D forward calculation. Polarization : 0. ( 1244 sec )
#++++++++++++++++++++++++++++++++++++++++++++++++++++++++++++++++++++++++++++++++++++++++++++++++
# Total peak memory required during the analysis and symbolic factorization phase    : 576939 [KByte]
# Permanent memory required from the analysis phase to the solve phases              : 482011 [KByte]
# Total memory consumed by in-core forward solver for internal float point arrays    : 4.1105e+06 [KByte]
# Minimum memory consumed by out-core forward solver for internal float point arrays : 68799 [KByte]
#++++++++++++++++++++++++++++++++++++++++++++++++++++++++++++++++++++++++++++++++++++++++++++++++
# Set values of matrix and right hand side vector. ( 1247 sec )
# Numerical factorization phase of matrix solver for 3D forward calculation. Polarization : 0.( 1249 sec )
# Solve phase of matrix solver for 3D forward calculation. Polarization : 0.( 1269 sec )
# Calulate right-hand sides vectors consisting of interpolator vectors.( 1270 sec )
# Solve phase of matrix solver for right-hand sides consisting of interpolator vectors.( 1271 sec )
# Solve phase is performed simultaneously for 288 right-hand sides( 1271 sec )
# Calculate derivatives of EM field.( 1280 sec )
#================================================================================================
# Start forward calculation. Frequency : 100 [Hz], Polarization : Ey-polarization
#================================================================================================
# Start 3D forward calculation with 0th order 3D edge-based element.( 1293 sec )
# Number of equation = 475883, Number of equation after degeneration = 473549
# Calculating EM field of the boundary planes with 2D forward analysis.        
#-----------------------------[ Boundary Plane 0 ]-----------------------------
# Calculate electric field on a boundary plane with 0th order edge-based element.
# Number of equation = 520, Number of equation after degeneration = 476
# Set values of matrix and right hand side vector. ( 1293 sec )
# Numerical factorization phase of matrix solver for boundary plane. Polarization : 1 Plane : 0. ( 1293 sec )
# Solve phase of matrix solver for boundary plane. Polarization : 1 Plane : 0. ( 1293 sec )
#-----------------------------[ Boundary Plane 1 ]-----------------------------
# Calculate electric field on a boundary plane with 0th order edge-based element.
# Number of equation = 520, Number of equation after degeneration = 476
# Set values of matrix and right hand side vector. ( 1293 sec )
# Numerical factorization phase of matrix solver for boundary plane. Polarization : 1 Plane : 1. ( 1293 sec )
# Solve phase of matrix solver for boundary plane. Polarization : 1 Plane : 1. ( 1293 sec )
#------------------------------------------------------------------------------
# Set values of matrix and right hand side vector. ( 1293 sec )
# Numerical factorization phase of matrix solver for 3D forward calculation. Polarization : 1.( 1295 sec )
# Solve phase of matrix solver for 3D forward calculation. Polarization : 1.( 1316 sec )
# Calulate right-hand sides vectors consisting of interpolator vectors.( 1316 sec )
# Solve phase of matrix solver for right-hand sides consisting of interpolator vectors.( 1317 sec )
# Solve phase is performed simultaneously for 288 right-hand sides( 1317 sec )
# Calculate derivatives of EM field.( 1327 sec )
#==============================================================================
# Calculate response functions. ( 1339 sec )
# Calculate sensitivity matrix of frequency 100[Hz].( 1339 sec )
# Sensitivity matrix of frequency 100[Hz] is saved in the out-of-core file sensMatFreq17.
#==============================================================================
#================================================================================================
# Start forward calculation. Frequency : 158.48 [Hz], Polarization : Ex-polarization
#================================================================================================
# Start 3D forward calculation with 0th order 3D edge-based element.( 1340 sec )
# Number of equation = 475883, Number of equation after degeneration = 473549
# Calculating EM field of the boundary planes with 2D forward analysis.        
#-----------------------------[ Boundary Plane 2 ]-----------------------------
# Calculate electric field on a boundary plane with 0th order edge-based element.
# Number of equation = 514, Number of equation after degeneration = 470
# Set values of matrix and right hand side vector. ( 1340 sec )
# Numerical factorization phase of matrix solver for boundary plane. Polarization : 0 Plane : 2. ( 1340 sec )
# Solve phase of matrix solver for boundary plane. Polarization : 0 Plane : 2. ( 1340 sec )
#-----------------------------[ Boundary Plane 3 ]-----------------------------
# Calculate electric field on a boundary plane with 0th order edge-based element.
# Number of equation = 514, Number of equation after degeneration = 470
# Set values of matrix and right hand side vector. ( 1340 sec )
# Numerical factorization phase of matrix solver for boundary plane. Polarization : 0 Plane : 3. ( 1340 sec )
# Solve phase of matrix solver for boundary plane. Polarization : 0 Plane : 3. ( 1340 sec )
#------------------------------------------------------------------------------
# Set values of matrix and right hand side vector. ( 1340 sec )
# Numerical factorization phase of matrix solver for 3D forward calculation. Polarization : 0.( 1342 sec )
# Solve phase of matrix solver for 3D forward calculation. Polarization : 0.( 1363 sec )
# Calulate right-hand sides vectors consisting of interpolator vectors.( 1363 sec )
# Solve phase of matrix solver for right-hand sides consisting of interpolator vectors.( 1364 sec )
# Solve phase is performed simultaneously for 292 right-hand sides( 1364 sec )
# Calculate derivatives of EM field.( 1374 sec )
#================================================================================================
# Start forward calculation. Frequency : 158.48 [Hz], Polarization : Ey-polarization
#================================================================================================
# Start 3D forward calculation with 0th order 3D edge-based element.( 1386 sec )
# Number of equation = 475883, Number of equation after degeneration = 473549
# Calculating EM field of the boundary planes with 2D forward analysis.        
#-----------------------------[ Boundary Plane 0 ]-----------------------------
# Calculate electric field on a boundary plane with 0th order edge-based element.
# Number of equation = 520, Number of equation after degeneration = 476
# Set values of matrix and right hand side vector. ( 1386 sec )
# Numerical factorization phase of matrix solver for boundary plane. Polarization : 1 Plane : 0. ( 1386 sec )
# Solve phase of matrix solver for boundary plane. Polarization : 1 Plane : 0. ( 1386 sec )
#-----------------------------[ Boundary Plane 1 ]-----------------------------
# Calculate electric field on a boundary plane with 0th order edge-based element.
# Number of equation = 520, Number of equation after degeneration = 476
# Set values of matrix and right hand side vector. ( 1386 sec )
# Numerical factorization phase of matrix solver for boundary plane. Polarization : 1 Plane : 1. ( 1386 sec )
# Solve phase of matrix solver for boundary plane. Polarization : 1 Plane : 1. ( 1386 sec )
#------------------------------------------------------------------------------
# Set values of matrix and right hand side vector. ( 1386 sec )
# Numerical factorization phase of matrix solver for 3D forward calculation. Polarization : 1.( 1389 sec )
# Solve phase of matrix solver for 3D forward calculation. Polarization : 1.( 1409 sec )
# Calulate right-hand sides vectors consisting of interpolator vectors.( 1409 sec )
# Solve phase of matrix solver for right-hand sides consisting of interpolator vectors.( 1410 sec )
# Solve phase is performed simultaneously for 292 right-hand sides( 1410 sec )
# Calculate derivatives of EM field.( 1420 sec )
#==============================================================================
# Calculate response functions. ( 1432 sec )
# Calculate sensitivity matrix of frequency 158.48[Hz].( 1432 sec )
# Sensitivity matrix of frequency 158.48[Hz] is saved in the out-of-core file sensMatFreq18.
#==============================================================================
#================================================================================================
# Start forward calculation. Frequency : 251.18 [Hz], Polarization : Ex-polarization
#================================================================================================
# Start 3D forward calculation with 0th order 3D edge-based element.( 1433 sec )
# Number of equation = 475883, Number of equation after degeneration = 473549
# Calculating EM field of the boundary planes with 2D forward analysis.        
#-----------------------------[ Boundary Plane 2 ]-----------------------------
# Calculate electric field on a boundary plane with 0th order edge-based element.
# Number of equation = 514, Number of equation after degeneration = 470
# Set values of matrix and right hand side vector. ( 1433 sec )
# Numerical factorization phase of matrix solver for boundary plane. Polarization : 0 Plane : 2. ( 1433 sec )
# Solve phase of matrix solver for boundary plane. Polarization : 0 Plane : 2. ( 1433 sec )
#-----------------------------[ Boundary Plane 3 ]-----------------------------
# Calculate electric field on a boundary plane with 0th order edge-based element.
# Number of equation = 514, Number of equation after degeneration = 470
# Set values of matrix and right hand side vector. ( 1433 sec )
# Numerical factorization phase of matrix solver for boundary plane. Polarization : 0 Plane : 3. ( 1433 sec )
# Solve phase of matrix solver for boundary plane. Polarization : 0 Plane : 3. ( 1433 sec )
#------------------------------------------------------------------------------
# Set values of matrix and right hand side vector. ( 1433 sec )
# Numerical factorization phase of matrix solver for 3D forward calculation. Polarization : 0.( 1435 sec )
# Solve phase of matrix solver for 3D forward calculation. Polarization : 0.( 1455 sec )
# Calulate right-hand sides vectors consisting of interpolator vectors.( 1456 sec )
# Solve phase of matrix solver for right-hand sides consisting of interpolator vectors.( 1457 sec )
# Solve phase is performed simultaneously for 295 right-hand sides( 1457 sec )
# Calculate derivatives of EM field.( 1467 sec )
#================================================================================================
# Start forward calculation. Frequency : 251.18 [Hz], Polarization : Ey-polarization
#================================================================================================
# Start 3D forward calculation with 0th order 3D edge-based element.( 1479 sec )
# Number of equation = 475883, Number of equation after degeneration = 473549
# Calculating EM field of the boundary planes with 2D forward analysis.        
#-----------------------------[ Boundary Plane 0 ]-----------------------------
# Calculate electric field on a boundary plane with 0th order edge-based element.
# Number of equation = 520, Number of equation after degeneration = 476
# Set values of matrix and right hand side vector. ( 1479 sec )
# Numerical factorization phase of matrix solver for boundary plane. Polarization : 1 Plane : 0. ( 1479 sec )
# Solve phase of matrix solver for boundary plane. Polarization : 1 Plane : 0. ( 1479 sec )
#-----------------------------[ Boundary Plane 1 ]-----------------------------
# Calculate electric field on a boundary plane with 0th order edge-based element.
# Number of equation = 520, Number of equation after degeneration = 476
# Set values of matrix and right hand side vector. ( 1479 sec )
# Numerical factorization phase of matrix solver for boundary plane. Polarization : 1 Plane : 1. ( 1479 sec )
# Solve phase of matrix solver for boundary plane. Polarization : 1 Plane : 1. ( 1479 sec )
#------------------------------------------------------------------------------
# Set values of matrix and right hand side vector. ( 1479 sec )
# Numerical factorization phase of matrix solver for 3D forward calculation. Polarization : 1.( 1481 sec )
# Solve phase of matrix solver for 3D forward calculation. Polarization : 1.( 1501 sec )
# Calulate right-hand sides vectors consisting of interpolator vectors.( 1501 sec )
# Solve phase of matrix solver for right-hand sides consisting of interpolator vectors.( 1503 sec )
# Solve phase is performed simultaneously for 295 right-hand sides( 1503 sec )
# Calculate derivatives of EM field.( 1512 sec )
#==============================================================================
# Calculate response functions. ( 1524 sec )
# Calculate sensitivity matrix of frequency 251.18[Hz].( 1524 sec )
# Sensitivity matrix of frequency 251.18[Hz] is saved in the out-of-core file sensMatFreq19.
#==============================================================================
#================================================================================================
# Start forward calculation. Frequency : 398.1 [Hz], Polarization : Ex-polarization
#================================================================================================
# Start 3D forward calculation with 0th order 3D edge-based element.( 1525 sec )
# Number of equation = 475883, Number of equation after degeneration = 473549
# Calculating EM field of the boundary planes with 2D forward analysis.        
#-----------------------------[ Boundary Plane 2 ]-----------------------------
# Calculate electric field on a boundary plane with 0th order edge-based element.
# Number of equation = 514, Number of equation after degeneration = 470
# Set values of matrix and right hand side vector. ( 1525 sec )
# Numerical factorization phase of matrix solver for boundary plane. Polarization : 0 Plane : 2. ( 1525 sec )
# Solve phase of matrix solver for boundary plane. Polarization : 0 Plane : 2. ( 1525 sec )
#-----------------------------[ Boundary Plane 3 ]-----------------------------
# Calculate electric field on a boundary plane with 0th order edge-based element.
# Number of equation = 514, Number of equation after degeneration = 470
# Set values of matrix and right hand side vector. ( 1525 sec )
# Numerical factorization phase of matrix solver for boundary plane. Polarization : 0 Plane : 3. ( 1525 sec )
# Solve phase of matrix solver for boundary plane. Polarization : 0 Plane : 3. ( 1525 sec )
#------------------------------------------------------------------------------
# Set values of matrix and right hand side vector. ( 1525 sec )
# Numerical factorization phase of matrix solver for 3D forward calculation. Polarization : 0.( 1527 sec )
# Solve phase of matrix solver for 3D forward calculation. Polarization : 0.( 1547 sec )
# Calulate right-hand sides vectors consisting of interpolator vectors.( 1547 sec )
# Solve phase of matrix solver for right-hand sides consisting of interpolator vectors.( 1549 sec )
# Solve phase is performed simultaneously for 305 right-hand sides( 1549 sec )
# Calculate derivatives of EM field.( 1559 sec )
#================================================================================================
# Start forward calculation. Frequency : 398.1 [Hz], Polarization : Ey-polarization
#================================================================================================
# Start 3D forward calculation with 0th order 3D edge-based element.( 1571 sec )
# Number of equation = 475883, Number of equation after degeneration = 473549
# Calculating EM field of the boundary planes with 2D forward analysis.        
#-----------------------------[ Boundary Plane 0 ]-----------------------------
# Calculate electric field on a boundary plane with 0th order edge-based element.
# Number of equation = 520, Number of equation after degeneration = 476
# Set values of matrix and right hand side vector. ( 1571 sec )
# Numerical factorization phase of matrix solver for boundary plane. Polarization : 1 Plane : 0. ( 1571 sec )
# Solve phase of matrix solver for boundary plane. Polarization : 1 Plane : 0. ( 1571 sec )
#-----------------------------[ Boundary Plane 1 ]-----------------------------
# Calculate electric field on a boundary plane with 0th order edge-based element.
# Number of equation = 520, Number of equation after degeneration = 476
# Set values of matrix and right hand side vector. ( 1571 sec )
# Numerical factorization phase of matrix solver for boundary plane. Polarization : 1 Plane : 1. ( 1571 sec )
# Solve phase of matrix solver for boundary plane. Polarization : 1 Plane : 1. ( 1571 sec )
#------------------------------------------------------------------------------
# Set values of matrix and right hand side vector. ( 1571 sec )
# Numerical factorization phase of matrix solver for 3D forward calculation. Polarization : 1.( 1574 sec )
# Solve phase of matrix solver for 3D forward calculation. Polarization : 1.( 1594 sec )
# Calulate right-hand sides vectors consisting of interpolator vectors.( 1594 sec )
# Solve phase of matrix solver for right-hand sides consisting of interpolator vectors.( 1595 sec )
# Solve phase is performed simultaneously for 305 right-hand sides( 1595 sec )
# Calculate derivatives of EM field.( 1605 sec )
#==============================================================================
# Calculate response functions. ( 1618 sec )
# Calculate sensitivity matrix of frequency 398.1[Hz].( 1618 sec )
# Sensitivity matrix of frequency 398.1[Hz] is saved in the out-of-core file sensMatFreq20.
#==============================================================================
#================================================================================================
# Start forward calculation. Frequency : 630.95 [Hz], Polarization : Ex-polarization
#================================================================================================
# Start 3D forward calculation with 0th order 3D edge-based element.( 1619 sec )
# Number of equation = 475883, Number of equation after degeneration = 473549
# Calculating EM field of the boundary planes with 2D forward analysis.        
#-----------------------------[ Boundary Plane 2 ]-----------------------------
# Calculate electric field on a boundary plane with 0th order edge-based element.
# Number of equation = 514, Number of equation after degeneration = 470
# Set values of matrix and right hand side vector. ( 1619 sec )
# Numerical factorization phase of matrix solver for boundary plane. Polarization : 0 Plane : 2. ( 1619 sec )
# Solve phase of matrix solver for boundary plane. Polarization : 0 Plane : 2. ( 1619 sec )
#-----------------------------[ Boundary Plane 3 ]-----------------------------
# Calculate electric field on a boundary plane with 0th order edge-based element.
# Number of equation = 514, Number of equation after degeneration = 470
# Set values of matrix and right hand side vector. ( 1619 sec )
# Numerical factorization phase of matrix solver for boundary plane. Polarization : 0 Plane : 3. ( 1619 sec )
# Solve phase of matrix solver for boundary plane. Polarization : 0 Plane : 3. ( 1619 sec )
#------------------------------------------------------------------------------
# Set values of matrix and right hand side vector. ( 1619 sec )
# Numerical factorization phase of matrix solver for 3D forward calculation. Polarization : 0.( 1621 sec )
# Solve phase of matrix solver for 3D forward calculation. Polarization : 0.( 1641 sec )
# Calulate right-hand sides vectors consisting of interpolator vectors.( 1641 sec )
# Solve phase of matrix solver for right-hand sides consisting of interpolator vectors.( 1643 sec )
# Solve phase is performed simultaneously for 312 right-hand sides( 1643 sec )
# Calculate derivatives of EM field.( 1654 sec )
#================================================================================================
# Start forward calculation. Frequency : 630.95 [Hz], Polarization : Ey-polarization
#================================================================================================
# Start 3D forward calculation with 0th order 3D edge-based element.( 1665 sec )
# Number of equation = 475883, Number of equation after degeneration = 473549
# Calculating EM field of the boundary planes with 2D forward analysis.        
#-----------------------------[ Boundary Plane 0 ]-----------------------------
# Calculate electric field on a boundary plane with 0th order edge-based element.
# Number of equation = 520, Number of equation after degeneration = 476
# Set values of matrix and right hand side vector. ( 1665 sec )
# Numerical factorization phase of matrix solver for boundary plane. Polarization : 1 Plane : 0. ( 1665 sec )
# Solve phase of matrix solver for boundary plane. Polarization : 1 Plane : 0. ( 1665 sec )
#-----------------------------[ Boundary Plane 1 ]-----------------------------
# Calculate electric field on a boundary plane with 0th order edge-based element.
# Number of equation = 520, Number of equation after degeneration = 476
# Set values of matrix and right hand side vector. ( 1665 sec )
# Numerical factorization phase of matrix solver for boundary plane. Polarization : 1 Plane : 1. ( 1665 sec )
# Solve phase of matrix solver for boundary plane. Polarization : 1 Plane : 1. ( 1665 sec )
#------------------------------------------------------------------------------
# Set values of matrix and right hand side vector. ( 1665 sec )
# Numerical factorization phase of matrix solver for 3D forward calculation. Polarization : 1.( 1668 sec )
# Solve phase of matrix solver for 3D forward calculation. Polarization : 1.( 1688 sec )
# Calulate right-hand sides vectors consisting of interpolator vectors.( 1688 sec )
# Solve phase of matrix solver for right-hand sides consisting of interpolator vectors.( 1689 sec )
# Solve phase is performed simultaneously for 312 right-hand sides( 1689 sec )
# Calculate derivatives of EM field.( 1700 sec )
#==============================================================================
# Calculate response functions. ( 1711 sec )
# Calculate sensitivity matrix of frequency 630.95[Hz].( 1711 sec )
# Sensitivity matrix of frequency 630.95[Hz] is saved in the out-of-core file sensMatFreq21.
#==============================================================================
#================================================================================================
# Start forward calculation. Frequency : 1000 [Hz], Polarization : Ex-polarization
#================================================================================================
# Start 3D forward calculation with 0th order 3D edge-based element.( 1712 sec )
# Number of equation = 475883, Number of equation after degeneration = 473549
# Calculating EM field of the boundary planes with 2D forward analysis.        
#-----------------------------[ Boundary Plane 2 ]-----------------------------
# Calculate electric field on a boundary plane with 0th order edge-based element.
# Number of equation = 514, Number of equation after degeneration = 470
# Set values of matrix and right hand side vector. ( 1712 sec )
# Numerical factorization phase of matrix solver for boundary plane. Polarization : 0 Plane : 2. ( 1712 sec )
# Solve phase of matrix solver for boundary plane. Polarization : 0 Plane : 2. ( 1712 sec )
#-----------------------------[ Boundary Plane 3 ]-----------------------------
# Calculate electric field on a boundary plane with 0th order edge-based element.
# Number of equation = 514, Number of equation after degeneration = 470
# Set values of matrix and right hand side vector. ( 1712 sec )
# Numerical factorization phase of matrix solver for boundary plane. Polarization : 0 Plane : 3. ( 1712 sec )
# Solve phase of matrix solver for boundary plane. Polarization : 0 Plane : 3. ( 1712 sec )
#------------------------------------------------------------------------------
# Set values of matrix and right hand side vector. ( 1712 sec )
# Numerical factorization phase of matrix solver for 3D forward calculation. Polarization : 0.( 1714 sec )
# Solve phase of matrix solver for 3D forward calculation. Polarization : 0.( 1734 sec )
# Calulate right-hand sides vectors consisting of interpolator vectors.( 1735 sec )
# Solve phase of matrix solver for right-hand sides consisting of interpolator vectors.( 1736 sec )
# Solve phase is performed simultaneously for 260 right-hand sides( 1736 sec )
# Calculate derivatives of EM field.( 1744 sec )
#================================================================================================
# Start forward calculation. Frequency : 1000 [Hz], Polarization : Ey-polarization
#================================================================================================
# Start 3D forward calculation with 0th order 3D edge-based element.( 1757 sec )
# Number of equation = 475883, Number of equation after degeneration = 473549
# Calculating EM field of the boundary planes with 2D forward analysis.        
#-----------------------------[ Boundary Plane 0 ]-----------------------------
# Calculate electric field on a boundary plane with 0th order edge-based element.
# Number of equation = 520, Number of equation after degeneration = 476
# Set values of matrix and right hand side vector. ( 1757 sec )
# Numerical factorization phase of matrix solver for boundary plane. Polarization : 1 Plane : 0. ( 1757 sec )
# Solve phase of matrix solver for boundary plane. Polarization : 1 Plane : 0. ( 1757 sec )
#-----------------------------[ Boundary Plane 1 ]-----------------------------
# Calculate electric field on a boundary plane with 0th order edge-based element.
# Number of equation = 520, Number of equation after degeneration = 476
# Set values of matrix and right hand side vector. ( 1757 sec )
# Numerical factorization phase of matrix solver for boundary plane. Polarization : 1 Plane : 1. ( 1757 sec )
# Solve phase of matrix solver for boundary plane. Polarization : 1 Plane : 1. ( 1757 sec )
#------------------------------------------------------------------------------
# Set values of matrix and right hand side vector. ( 1757 sec )
# Numerical factorization phase of matrix solver for 3D forward calculation. Polarization : 1.( 1759 sec )
# Solve phase of matrix solver for 3D forward calculation. Polarization : 1.( 1779 sec )
# Calulate right-hand sides vectors consisting of interpolator vectors.( 1779 sec )
# Solve phase of matrix solver for right-hand sides consisting of interpolator vectors.( 1781 sec )
# Solve phase is performed simultaneously for 260 right-hand sides( 1781 sec )
# Calculate derivatives of EM field.( 1789 sec )
#==============================================================================
# Calculate response functions. ( 1802 sec )
# Calculate sensitivity matrix of frequency 1000[Hz].( 1802 sec )
# Sensitivity matrix of frequency 1000[Hz] is saved in the out-of-core file sensMatFreq22.
#==============================================================================
# Release memory of coefficient matrix and sparse solver. ( 1803 sec )
###############################################################################
# Start Inversion.  Iteration : 2
###############################################################################
# Number of model : 54779
# Number of frequencies of this PE : 6
# Calculate constraining matrix. ( 1805 sec )
# Analyse constraining matrix.( 1805 sec )
# Analyse transposed constraining matrix.( 1806 sec )
# Factorize constraining matrix.( 1806 sec )
# Factorize transposed constraining matrix.( 1806 sec )
# Number of data of this PE : 3016
# Read sensitivity matrix from sensMatFreq17.( 1806 sec )
# Multiply transposed sensitivity matrix by inverse of transposed constraining matrix. ( 1808 sec )
# Solve phase is performed simultaneously for 496 right-hand sides( 1808 sec )
# Read sensitivity matrix from sensMatFreq18.( 1809 sec )
# Multiply transposed sensitivity matrix by inverse of transposed constraining matrix. ( 1811 sec )
# Solve phase is performed simultaneously for 504 right-hand sides( 1811 sec )
# Read sensitivity matrix from sensMatFreq19.( 1812 sec )
# Multiply transposed sensitivity matrix by inverse of transposed constraining matrix. ( 1814 sec )
# Solve phase is performed simultaneously for 508 right-hand sides( 1814 sec )
# Read sensitivity matrix from sensMatFreq20.( 1815 sec )
# Multiply transposed sensitivity matrix by inverse of transposed constraining matrix. ( 1818 sec )
# Solve phase is performed simultaneously for 524 right-hand sides( 1818 sec )
# Read sensitivity matrix from sensMatFreq21.( 1819 sec )
# Multiply transposed sensitivity matrix by inverse of transposed constraining matrix. ( 1820 sec )
# Solve phase is performed simultaneously for 536 right-hand sides( 1820 sec )
# Read sensitivity matrix from sensMatFreq22.( 1821 sec )
# Multiply transposed sensitivity matrix by inverse of transposed constraining matrix. ( 1822 sec )
# Solve phase is performed simultaneously for 448 right-hand sides( 1822 sec )
# Calculate right-hand side vector. ( 1823 sec )
# Read sensitivity matrix from sensMatFreq17.( 1823 sec )
# Read sensitivity matrix from sensMatFreq18.( 1823 sec )
# Read sensitivity matrix from sensMatFreq19.( 1823 sec )
# Read sensitivity matrix from sensMatFreq20.( 1823 sec )
# Read sensitivity matrix from sensMatFreq21.( 1823 sec )
# Read sensitivity matrix from sensMatFreq22.( 1823 sec )
# Read sensitivity matrix from sensMatFreq17.( 1872 sec )
# Read sensitivity matrix from sensMatFreq18.( 1872 sec )
# Read sensitivity matrix from sensMatFreq19.( 1873 sec )
# Read sensitivity matrix from sensMatFreq20.( 1873 sec )
# Read sensitivity matrix from sensMatFreq21.( 1873 sec )
# Read sensitivity matrix from sensMatFreq22.( 1873 sec )
# Calculate model increments. ( 1873 sec )
###############################################################################
# Start Forward Computation.  Iteration : 3,  Retrial : 0
###############################################################################
#================================================================================================
# Start forward calculation. Frequency : 100 [Hz], Polarization : Ex-polarization
#================================================================================================
# Start 3D forward calculation with 0th order 3D edge-based element.( 1874 sec )
# Number of equation = 475883, Number of equation after degeneration = 473549
# Calculating EM field of the boundary planes with 2D forward analysis.        
#-----------------------------[ Boundary Plane 2 ]-----------------------------
# Calculate electric field on a boundary plane with 0th order edge-based element.
# Number of equation = 514, Number of equation after degeneration = 470
# Set values of matrix and right hand side vector. ( 1874 sec )
# Numerical factorization phase of matrix solver for boundary plane. Polarization : 0 Plane : 2. ( 1874 sec )
# Solve phase of matrix solver for boundary plane. Polarization : 0 Plane : 2. ( 1874 sec )
#-----------------------------[ Boundary Plane 3 ]-----------------------------
# Calculate electric field on a boundary plane with 0th order edge-based element.
# Number of equation = 514, Number of equation after degeneration = 470
# Set values of matrix and right hand side vector. ( 1874 sec )
# Numerical factorization phase of matrix solver for boundary plane. Polarization : 0 Plane : 3. ( 1874 sec )
# Solve phase of matrix solver for boundary plane. Polarization : 0 Plane : 3. ( 1874 sec )
#------------------------------------------------------------------------------
# Set matrix structure. ( 1874 sec )
# Anaysis phase of matrix solver for 3D forward calculation. Polarization : 0. ( 1878 sec )
#++++++++++++++++++++++++++++++++++++++++++++++++++++++++++++++++++++++++++++++++++++++++++++++++
# Total peak memory required during the analysis and symbolic factorization phase    : 576542 [KByte]
# Permanent memory required from the analysis phase to the solve phases              : 481852 [KByte]
# Total memory consumed by in-core forward solver for internal float point arrays    : 4.10926e+06 [KByte]
# Minimum memory consumed by out-core forward solver for internal float point arrays : 68933 [KByte]
#++++++++++++++++++++++++++++++++++++++++++++++++++++++++++++++++++++++++++++++++++++++++++++++++
# Set values of matrix and right hand side vector. ( 1881 sec )
# Numerical factorization phase of matrix solver for 3D forward calculation. Polarization : 0.( 1883 sec )
# Solve phase of matrix solver for 3D forward calculation. Polarization : 0.( 1904 sec )
# Calulate right-hand sides vectors consisting of interpolator vectors.( 1904 sec )
# Solve phase of matrix solver for right-hand sides consisting of interpolator vectors.( 1905 sec )
# Solve phase is performed simultaneously for 288 right-hand sides( 1905 sec )
# Calculate derivatives of EM field.( 1915 sec )
#================================================================================================
# Start forward calculation. Frequency : 100 [Hz], Polarization : Ey-polarization
#================================================================================================
# Start 3D forward calculation with 0th order 3D edge-based element.( 1927 sec )
# Number of equation = 475883, Number of equation after degeneration = 473549
# Calculating EM field of the boundary planes with 2D forward analysis.        
#-----------------------------[ Boundary Plane 0 ]-----------------------------
# Calculate electric field on a boundary plane with 0th order edge-based element.
# Number of equation = 520, Number of equation after degeneration = 476
# Set values of matrix and right hand side vector. ( 1927 sec )
# Numerical factorization phase of matrix solver for boundary plane. Polarization : 1 Plane : 0. ( 1927 sec )
# Solve phase of matrix solver for boundary plane. Polarization : 1 Plane : 0. ( 1927 sec )
#-----------------------------[ Boundary Plane 1 ]-----------------------------
# Calculate electric field on a boundary plane with 0th order edge-based element.
# Number of equation = 520, Number of equation after degeneration = 476
# Set values of matrix and right hand side vector. ( 1927 sec )
# Numerical factorization phase of matrix solver for boundary plane. Polarization : 1 Plane : 1. ( 1927 sec )
# Solve phase of matrix solver for boundary plane. Polarization : 1 Plane : 1. ( 1927 sec )
#------------------------------------------------------------------------------
# Set values of matrix and right hand side vector. ( 1927 sec )
# Numerical factorization phase of matrix solver for 3D forward calculation. Polarization : 1.( 1930 sec )
# Solve phase of matrix solver for 3D forward calculation. Polarization : 1.( 1950 sec )
# Calulate right-hand sides vectors consisting of interpolator vectors.( 1951 sec )
# Solve phase of matrix solver for right-hand sides consisting of interpolator vectors.( 1952 sec )
# Solve phase is performed simultaneously for 288 right-hand sides( 1952 sec )
# Calculate derivatives of EM field.( 1962 sec )
#==============================================================================
# Calculate response functions. ( 1974 sec )
# Calculate sensitivity matrix of frequency 100[Hz].( 1974 sec )
# Sensitivity matrix of frequency 100[Hz] is saved in the out-of-core file sensMatFreq17.
#==============================================================================
#================================================================================================
# Start forward calculation. Frequency : 158.48 [Hz], Polarization : Ex-polarization
#================================================================================================
# Start 3D forward calculation with 0th order 3D edge-based element.( 1975 sec )
# Number of equation = 475883, Number of equation after degeneration = 473549
# Calculating EM field of the boundary planes with 2D forward analysis.        
#-----------------------------[ Boundary Plane 2 ]-----------------------------
# Calculate electric field on a boundary plane with 0th order edge-based element.
# Number of equation = 514, Number of equation after degeneration = 470
# Set values of matrix and right hand side vector. ( 1975 sec )
# Numerical factorization phase of matrix solver for boundary plane. Polarization : 0 Plane : 2. ( 1975 sec )
# Solve phase of matrix solver for boundary plane. Polarization : 0 Plane : 2. ( 1975 sec )
#-----------------------------[ Boundary Plane 3 ]-----------------------------
# Calculate electric field on a boundary plane with 0th order edge-based element.
# Number of equation = 514, Number of equation after degeneration = 470
# Set values of matrix and right hand side vector. ( 1975 sec )
# Numerical factorization phase of matrix solver for boundary plane. Polarization : 0 Plane : 3. ( 1975 sec )
# Solve phase of matrix solver for boundary plane. Polarization : 0 Plane : 3. ( 1975 sec )
#------------------------------------------------------------------------------
# Set values of matrix and right hand side vector. ( 1975 sec )
# Numerical factorization phase of matrix solver for 3D forward calculation. Polarization : 0.( 1977 sec )
# Solve phase of matrix solver for 3D forward calculation. Polarization : 0.( 1998 sec )
# Calulate right-hand sides vectors consisting of interpolator vectors.( 1998 sec )
# Solve phase of matrix solver for right-hand sides consisting of interpolator vectors.( 1999 sec )
# Solve phase is performed simultaneously for 292 right-hand sides( 1999 sec )
# Calculate derivatives of EM field.( 2010 sec )
#================================================================================================
# Start forward calculation. Frequency : 158.48 [Hz], Polarization : Ey-polarization
#================================================================================================
# Start 3D forward calculation with 0th order 3D edge-based element.( 2021 sec )
# Number of equation = 475883, Number of equation after degeneration = 473549
# Calculating EM field of the boundary planes with 2D forward analysis.        
#-----------------------------[ Boundary Plane 0 ]-----------------------------
# Calculate electric field on a boundary plane with 0th order edge-based element.
# Number of equation = 520, Number of equation after degeneration = 476
# Set values of matrix and right hand side vector. ( 2021 sec )
# Numerical factorization phase of matrix solver for boundary plane. Polarization : 1 Plane : 0. ( 2021 sec )
# Solve phase of matrix solver for boundary plane. Polarization : 1 Plane : 0. ( 2021 sec )
#-----------------------------[ Boundary Plane 1 ]-----------------------------
# Calculate electric field on a boundary plane with 0th order edge-based element.
# Number of equation = 520, Number of equation after degeneration = 476
# Set values of matrix and right hand side vector. ( 2021 sec )
# Numerical factorization phase of matrix solver for boundary plane. Polarization : 1 Plane : 1. ( 2021 sec )
# Solve phase of matrix solver for boundary plane. Polarization : 1 Plane : 1. ( 2021 sec )
#------------------------------------------------------------------------------
# Set values of matrix and right hand side vector. ( 2021 sec )
# Numerical factorization phase of matrix solver for 3D forward calculation. Polarization : 1.( 2023 sec )
# Solve phase of matrix solver for 3D forward calculation. Polarization : 1.( 2044 sec )
# Calulate right-hand sides vectors consisting of interpolator vectors.( 2044 sec )
# Solve phase of matrix solver for right-hand sides consisting of interpolator vectors.( 2045 sec )
# Solve phase is performed simultaneously for 292 right-hand sides( 2045 sec )
# Calculate derivatives of EM field.( 2055 sec )
#==============================================================================
# Calculate response functions. ( 2066 sec )
# Calculate sensitivity matrix of frequency 158.48[Hz].( 2066 sec )
# Sensitivity matrix of frequency 158.48[Hz] is saved in the out-of-core file sensMatFreq18.
#==============================================================================
#================================================================================================
# Start forward calculation. Frequency : 251.18 [Hz], Polarization : Ex-polarization
#================================================================================================
# Start 3D forward calculation with 0th order 3D edge-based element.( 2067 sec )
# Number of equation = 475883, Number of equation after degeneration = 473549
# Calculating EM field of the boundary planes with 2D forward analysis.        
#-----------------------------[ Boundary Plane 2 ]-----------------------------
# Calculate electric field on a boundary plane with 0th order edge-based element.
# Number of equation = 514, Number of equation after degeneration = 470
# Set values of matrix and right hand side vector. ( 2067 sec )
# Numerical factorization phase of matrix solver for boundary plane. Polarization : 0 Plane : 2. ( 2067 sec )
# Solve phase of matrix solver for boundary plane. Polarization : 0 Plane : 2. ( 2067 sec )
#-----------------------------[ Boundary Plane 3 ]-----------------------------
# Calculate electric field on a boundary plane with 0th order edge-based element.
# Number of equation = 514, Number of equation after degeneration = 470
# Set values of matrix and right hand side vector. ( 2067 sec )
# Numerical factorization phase of matrix solver for boundary plane. Polarization : 0 Plane : 3. ( 2067 sec )
# Solve phase of matrix solver for boundary plane. Polarization : 0 Plane : 3. ( 2067 sec )
#------------------------------------------------------------------------------
# Set values of matrix and right hand side vector. ( 2067 sec )
# Numerical factorization phase of matrix solver for 3D forward calculation. Polarization : 0.( 2069 sec )
# Solve phase of matrix solver for 3D forward calculation. Polarization : 0.( 2090 sec )
# Calulate right-hand sides vectors consisting of interpolator vectors.( 2091 sec )
# Solve phase of matrix solver for right-hand sides consisting of interpolator vectors.( 2092 sec )
# Solve phase is performed simultaneously for 295 right-hand sides( 2092 sec )
# Calculate derivatives of EM field.( 2103 sec )
#================================================================================================
# Start forward calculation. Frequency : 251.18 [Hz], Polarization : Ey-polarization
#================================================================================================
# Start 3D forward calculation with 0th order 3D edge-based element.( 2112 sec )
# Number of equation = 475883, Number of equation after degeneration = 473549
# Calculating EM field of the boundary planes with 2D forward analysis.        
#-----------------------------[ Boundary Plane 0 ]-----------------------------
# Calculate electric field on a boundary plane with 0th order edge-based element.
# Number of equation = 520, Number of equation after degeneration = 476
# Set values of matrix and right hand side vector. ( 2112 sec )
# Numerical factorization phase of matrix solver for boundary plane. Polarization : 1 Plane : 0. ( 2112 sec )
# Solve phase of matrix solver for boundary plane. Polarization : 1 Plane : 0. ( 2112 sec )
#-----------------------------[ Boundary Plane 1 ]-----------------------------
# Calculate electric field on a boundary plane with 0th order edge-based element.
# Number of equation = 520, Number of equation after degeneration = 476
# Set values of matrix and right hand side vector. ( 2112 sec )
# Numerical factorization phase of matrix solver for boundary plane. Polarization : 1 Plane : 1. ( 2112 sec )
# Solve phase of matrix solver for boundary plane. Polarization : 1 Plane : 1. ( 2112 sec )
#------------------------------------------------------------------------------
# Set values of matrix and right hand side vector. ( 2112 sec )
# Numerical factorization phase of matrix solver for 3D forward calculation. Polarization : 1.( 2115 sec )
# Solve phase of matrix solver for 3D forward calculation. Polarization : 1.( 2135 sec )
# Calulate right-hand sides vectors consisting of interpolator vectors.( 2136 sec )
# Solve phase of matrix solver for right-hand sides consisting of interpolator vectors.( 2137 sec )
# Solve phase is performed simultaneously for 295 right-hand sides( 2137 sec )
# Calculate derivatives of EM field.( 2147 sec )
#==============================================================================
# Calculate response functions. ( 2157 sec )
# Calculate sensitivity matrix of frequency 251.18[Hz].( 2157 sec )
# Sensitivity matrix of frequency 251.18[Hz] is saved in the out-of-core file sensMatFreq19.
#==============================================================================
#================================================================================================
# Start forward calculation. Frequency : 398.1 [Hz], Polarization : Ex-polarization
#================================================================================================
# Start 3D forward calculation with 0th order 3D edge-based element.( 2157 sec )
# Number of equation = 475883, Number of equation after degeneration = 473549
# Calculating EM field of the boundary planes with 2D forward analysis.        
#-----------------------------[ Boundary Plane 2 ]-----------------------------
# Calculate electric field on a boundary plane with 0th order edge-based element.
# Number of equation = 514, Number of equation after degeneration = 470
# Set values of matrix and right hand side vector. ( 2157 sec )
# Numerical factorization phase of matrix solver for boundary plane. Polarization : 0 Plane : 2. ( 2157 sec )
# Solve phase of matrix solver for boundary plane. Polarization : 0 Plane : 2. ( 2157 sec )
#-----------------------------[ Boundary Plane 3 ]-----------------------------
# Calculate electric field on a boundary plane with 0th order edge-based element.
# Number of equation = 514, Number of equation after degeneration = 470
# Set values of matrix and right hand side vector. ( 2157 sec )
# Numerical factorization phase of matrix solver for boundary plane. Polarization : 0 Plane : 3. ( 2157 sec )
# Solve phase of matrix solver for boundary plane. Polarization : 0 Plane : 3. ( 2157 sec )
#------------------------------------------------------------------------------
# Set values of matrix and right hand side vector. ( 2157 sec )
# Numerical factorization phase of matrix solver for 3D forward calculation. Polarization : 0.( 2160 sec )
# Solve phase of matrix solver for 3D forward calculation. Polarization : 0.( 2180 sec )
# Calulate right-hand sides vectors consisting of interpolator vectors.( 2181 sec )
# Solve phase of matrix solver for right-hand sides consisting of interpolator vectors.( 2182 sec )
# Solve phase is performed simultaneously for 305 right-hand sides( 2182 sec )
# Calculate derivatives of EM field.( 2193 sec )
#================================================================================================
# Start forward calculation. Frequency : 398.1 [Hz], Polarization : Ey-polarization
#================================================================================================
# Start 3D forward calculation with 0th order 3D edge-based element.( 2204 sec )
# Number of equation = 475883, Number of equation after degeneration = 473549
# Calculating EM field of the boundary planes with 2D forward analysis.        
#-----------------------------[ Boundary Plane 0 ]-----------------------------
# Calculate electric field on a boundary plane with 0th order edge-based element.
# Number of equation = 520, Number of equation after degeneration = 476
# Set values of matrix and right hand side vector. ( 2204 sec )
# Numerical factorization phase of matrix solver for boundary plane. Polarization : 1 Plane : 0. ( 2204 sec )
# Solve phase of matrix solver for boundary plane. Polarization : 1 Plane : 0. ( 2204 sec )
#-----------------------------[ Boundary Plane 1 ]-----------------------------
# Calculate electric field on a boundary plane with 0th order edge-based element.
# Number of equation = 520, Number of equation after degeneration = 476
# Set values of matrix and right hand side vector. ( 2204 sec )
# Numerical factorization phase of matrix solver for boundary plane. Polarization : 1 Plane : 1. ( 2204 sec )
# Solve phase of matrix solver for boundary plane. Polarization : 1 Plane : 1. ( 2204 sec )
#------------------------------------------------------------------------------
# Set values of matrix and right hand side vector. ( 2204 sec )
# Numerical factorization phase of matrix solver for 3D forward calculation. Polarization : 1.( 2206 sec )
# Solve phase of matrix solver for 3D forward calculation. Polarization : 1.( 2227 sec )
# Calulate right-hand sides vectors consisting of interpolator vectors.( 2227 sec )
# Solve phase of matrix solver for right-hand sides consisting of interpolator vectors.( 2228 sec )
# Solve phase is performed simultaneously for 305 right-hand sides( 2228 sec )
# Calculate derivatives of EM field.( 2239 sec )
#==============================================================================
# Calculate response functions. ( 2250 sec )
# Calculate sensitivity matrix of frequency 398.1[Hz].( 2250 sec )
# Sensitivity matrix of frequency 398.1[Hz] is saved in the out-of-core file sensMatFreq20.
#==============================================================================
#================================================================================================
# Start forward calculation. Frequency : 630.95 [Hz], Polarization : Ex-polarization
#================================================================================================
# Start 3D forward calculation with 0th order 3D edge-based element.( 2250 sec )
# Number of equation = 475883, Number of equation after degeneration = 473549
# Calculating EM field of the boundary planes with 2D forward analysis.        
#-----------------------------[ Boundary Plane 2 ]-----------------------------
# Calculate electric field on a boundary plane with 0th order edge-based element.
# Number of equation = 514, Number of equation after degeneration = 470
# Set values of matrix and right hand side vector. ( 2250 sec )
# Numerical factorization phase of matrix solver for boundary plane. Polarization : 0 Plane : 2. ( 2250 sec )
# Solve phase of matrix solver for boundary plane. Polarization : 0 Plane : 2. ( 2250 sec )
#-----------------------------[ Boundary Plane 3 ]-----------------------------
# Calculate electric field on a boundary plane with 0th order edge-based element.
# Number of equation = 514, Number of equation after degeneration = 470
# Set values of matrix and right hand side vector. ( 2250 sec )
# Numerical factorization phase of matrix solver for boundary plane. Polarization : 0 Plane : 3. ( 2250 sec )
# Solve phase of matrix solver for boundary plane. Polarization : 0 Plane : 3. ( 2250 sec )
#------------------------------------------------------------------------------
# Set values of matrix and right hand side vector. ( 2250 sec )
# Numerical factorization phase of matrix solver for 3D forward calculation. Polarization : 0.( 2253 sec )
# Solve phase of matrix solver for 3D forward calculation. Polarization : 0.( 2273 sec )
# Calulate right-hand sides vectors consisting of interpolator vectors.( 2274 sec )
# Solve phase of matrix solver for right-hand sides consisting of interpolator vectors.( 2275 sec )
# Solve phase is performed simultaneously for 312 right-hand sides( 2275 sec )
# Calculate derivatives of EM field.( 2286 sec )
#================================================================================================
# Start forward calculation. Frequency : 630.95 [Hz], Polarization : Ey-polarization
#================================================================================================
# Start 3D forward calculation with 0th order 3D edge-based element.( 2296 sec )
# Number of equation = 475883, Number of equation after degeneration = 473549
# Calculating EM field of the boundary planes with 2D forward analysis.        
#-----------------------------[ Boundary Plane 0 ]-----------------------------
# Calculate electric field on a boundary plane with 0th order edge-based element.
# Number of equation = 520, Number of equation after degeneration = 476
# Set values of matrix and right hand side vector. ( 2296 sec )
# Numerical factorization phase of matrix solver for boundary plane. Polarization : 1 Plane : 0. ( 2296 sec )
# Solve phase of matrix solver for boundary plane. Polarization : 1 Plane : 0. ( 2296 sec )
#-----------------------------[ Boundary Plane 1 ]-----------------------------
# Calculate electric field on a boundary plane with 0th order edge-based element.
# Number of equation = 520, Number of equation after degeneration = 476
# Set values of matrix and right hand side vector. ( 2296 sec )
# Numerical factorization phase of matrix solver for boundary plane. Polarization : 1 Plane : 1. ( 2296 sec )
# Solve phase of matrix solver for boundary plane. Polarization : 1 Plane : 1. ( 2296 sec )
#------------------------------------------------------------------------------
# Set values of matrix and right hand side vector. ( 2296 sec )
# Numerical factorization phase of matrix solver for 3D forward calculation. Polarization : 1.( 2299 sec )
# Solve phase of matrix solver for 3D forward calculation. Polarization : 1.( 2319 sec )
# Calulate right-hand sides vectors consisting of interpolator vectors.( 2320 sec )
# Solve phase of matrix solver for right-hand sides consisting of interpolator vectors.( 2321 sec )
# Solve phase is performed simultaneously for 312 right-hand sides( 2321 sec )
# Calculate derivatives of EM field.( 2332 sec )
#==============================================================================
# Calculate response functions. ( 2341 sec )
# Calculate sensitivity matrix of frequency 630.95[Hz].( 2341 sec )
# Sensitivity matrix of frequency 630.95[Hz] is saved in the out-of-core file sensMatFreq21.
#==============================================================================
#================================================================================================
# Start forward calculation. Frequency : 1000 [Hz], Polarization : Ex-polarization
#================================================================================================
# Start 3D forward calculation with 0th order 3D edge-based element.( 2342 sec )
# Number of equation = 475883, Number of equation after degeneration = 473549
# Calculating EM field of the boundary planes with 2D forward analysis.        
#-----------------------------[ Boundary Plane 2 ]-----------------------------
# Calculate electric field on a boundary plane with 0th order edge-based element.
# Number of equation = 514, Number of equation after degeneration = 470
# Set values of matrix and right hand side vector. ( 2342 sec )
# Numerical factorization phase of matrix solver for boundary plane. Polarization : 0 Plane : 2. ( 2342 sec )
# Solve phase of matrix solver for boundary plane. Polarization : 0 Plane : 2. ( 2342 sec )
#-----------------------------[ Boundary Plane 3 ]-----------------------------
# Calculate electric field on a boundary plane with 0th order edge-based element.
# Number of equation = 514, Number of equation after degeneration = 470
# Set values of matrix and right hand side vector. ( 2342 sec )
# Numerical factorization phase of matrix solver for boundary plane. Polarization : 0 Plane : 3. ( 2342 sec )
# Solve phase of matrix solver for boundary plane. Polarization : 0 Plane : 3. ( 2342 sec )
#------------------------------------------------------------------------------
# Set values of matrix and right hand side vector. ( 2342 sec )
# Numerical factorization phase of matrix solver for 3D forward calculation. Polarization : 0.( 2344 sec )
# Solve phase of matrix solver for 3D forward calculation. Polarization : 0.( 2365 sec )
# Calulate right-hand sides vectors consisting of interpolator vectors.( 2365 sec )
# Solve phase of matrix solver for right-hand sides consisting of interpolator vectors.( 2366 sec )
# Solve phase is performed simultaneously for 260 right-hand sides( 2366 sec )
# Calculate derivatives of EM field.( 2375 sec )
#================================================================================================
# Start forward calculation. Frequency : 1000 [Hz], Polarization : Ey-polarization
#================================================================================================
# Start 3D forward calculation with 0th order 3D edge-based element.( 2386 sec )
# Number of equation = 475883, Number of equation after degeneration = 473549
# Calculating EM field of the boundary planes with 2D forward analysis.        
#-----------------------------[ Boundary Plane 0 ]-----------------------------
# Calculate electric field on a boundary plane with 0th order edge-based element.
# Number of equation = 520, Number of equation after degeneration = 476
# Set values of matrix and right hand side vector. ( 2386 sec )
# Numerical factorization phase of matrix solver for boundary plane. Polarization : 1 Plane : 0. ( 2386 sec )
# Solve phase of matrix solver for boundary plane. Polarization : 1 Plane : 0. ( 2386 sec )
#-----------------------------[ Boundary Plane 1 ]-----------------------------
# Calculate electric field on a boundary plane with 0th order edge-based element.
# Number of equation = 520, Number of equation after degeneration = 476
# Set values of matrix and right hand side vector. ( 2386 sec )
# Numerical factorization phase of matrix solver for boundary plane. Polarization : 1 Plane : 1. ( 2386 sec )
# Solve phase of matrix solver for boundary plane. Polarization : 1 Plane : 1. ( 2386 sec )
#------------------------------------------------------------------------------
# Set values of matrix and right hand side vector. ( 2386 sec )
# Numerical factorization phase of matrix solver for 3D forward calculation. Polarization : 1.( 2388 sec )
# Solve phase of matrix solver for 3D forward calculation. Polarization : 1.( 2409 sec )
# Calulate right-hand sides vectors consisting of interpolator vectors.( 2409 sec )
# Solve phase of matrix solver for right-hand sides consisting of interpolator vectors.( 2410 sec )
# Solve phase is performed simultaneously for 260 right-hand sides( 2410 sec )
# Calculate derivatives of EM field.( 2419 sec )
#==============================================================================
# Calculate response functions. ( 2430 sec )
# Calculate sensitivity matrix of frequency 1000[Hz].( 2430 sec )
# Sensitivity matrix of frequency 1000[Hz] is saved in the out-of-core file sensMatFreq22.
#==============================================================================
# Release memory of coefficient matrix and sparse solver. ( 2431 sec )
###############################################################################
# Start Inversion.  Iteration : 3
###############################################################################
# Number of model : 54779
# Number of frequencies of this PE : 6
# Calculate constraining matrix. ( 2433 sec )
# Analyse constraining matrix.( 2433 sec )
# Analyse transposed constraining matrix.( 2433 sec )
# Factorize constraining matrix.( 2433 sec )
# Factorize transposed constraining matrix.( 2433 sec )
# Number of data of this PE : 3016
# Read sensitivity matrix from sensMatFreq17.( 2434 sec )
# Multiply transposed sensitivity matrix by inverse of transposed constraining matrix. ( 2435 sec )
# Solve phase is performed simultaneously for 496 right-hand sides( 2435 sec )
# Read sensitivity matrix from sensMatFreq18.( 2436 sec )
# Multiply transposed sensitivity matrix by inverse of transposed constraining matrix. ( 2439 sec )
# Solve phase is performed simultaneously for 504 right-hand sides( 2439 sec )
# Read sensitivity matrix from sensMatFreq19.( 2440 sec )
# Multiply transposed sensitivity matrix by inverse of transposed constraining matrix. ( 2441 sec )
# Solve phase is performed simultaneously for 508 right-hand sides( 2441 sec )
# Read sensitivity matrix from sensMatFreq20.( 2442 sec )
# Multiply transposed sensitivity matrix by inverse of transposed constraining matrix. ( 2443 sec )
# Solve phase is performed simultaneously for 524 right-hand sides( 2443 sec )
# Read sensitivity matrix from sensMatFreq21.( 2444 sec )
# Multiply transposed sensitivity matrix by inverse of transposed constraining matrix. ( 2445 sec )
# Solve phase is performed simultaneously for 536 right-hand sides( 2445 sec )
# Read sensitivity matrix from sensMatFreq22.( 2446 sec )
# Multiply transposed sensitivity matrix by inverse of transposed constraining matrix. ( 2447 sec )
# Solve phase is performed simultaneously for 448 right-hand sides( 2447 sec )
# Calculate right-hand side vector. ( 2448 sec )
# Read sensitivity matrix from sensMatFreq17.( 2448 sec )
# Read sensitivity matrix from sensMatFreq18.( 2448 sec )
# Read sensitivity matrix from sensMatFreq19.( 2448 sec )
# Read sensitivity matrix from sensMatFreq20.( 2448 sec )
# Read sensitivity matrix from sensMatFreq21.( 2448 sec )
# Read sensitivity matrix from sensMatFreq22.( 2448 sec )
# Read sensitivity matrix from sensMatFreq17.( 2495 sec )
# Read sensitivity matrix from sensMatFreq18.( 2495 sec )
# Read sensitivity matrix from sensMatFreq19.( 2496 sec )
# Read sensitivity matrix from sensMatFreq20.( 2496 sec )
# Read sensitivity matrix from sensMatFreq21.( 2496 sec )
# Read sensitivity matrix from sensMatFreq22.( 2496 sec )
# Calculate model increments. ( 2496 sec )
###############################################################################
# Start Forward Computation.  Iteration : 4,  Retrial : 0
###############################################################################
#================================================================================================
# Start forward calculation. Frequency : 100 [Hz], Polarization : Ex-polarization
#================================================================================================
# Start 3D forward calculation with 0th order 3D edge-based element.( 2497 sec )
# Number of equation = 475883, Number of equation after degeneration = 473549
# Calculating EM field of the boundary planes with 2D forward analysis.        
#-----------------------------[ Boundary Plane 2 ]-----------------------------
# Calculate electric field on a boundary plane with 0th order edge-based element.
# Number of equation = 514, Number of equation after degeneration = 470
# Set values of matrix and right hand side vector. ( 2497 sec )
# Numerical factorization phase of matrix solver for boundary plane. Polarization : 0 Plane : 2. ( 2497 sec )
# Solve phase of matrix solver for boundary plane. Polarization : 0 Plane : 2. ( 2497 sec )
#-----------------------------[ Boundary Plane 3 ]-----------------------------
# Calculate electric field on a boundary plane with 0th order edge-based element.
# Number of equation = 514, Number of equation after degeneration = 470
# Set values of matrix and right hand side vector. ( 2497 sec )
# Numerical factorization phase of matrix solver for boundary plane. Polarization : 0 Plane : 3. ( 2497 sec )
# Solve phase of matrix solver for boundary plane. Polarization : 0 Plane : 3. ( 2497 sec )
#------------------------------------------------------------------------------
# Set matrix structure. ( 2497 sec )
# Anaysis phase of matrix solver for 3D forward calculation. Polarization : 0. ( 2500 sec )
#++++++++++++++++++++++++++++++++++++++++++++++++++++++++++++++++++++++++++++++++++++++++++++++++
# Total peak memory required during the analysis and symbolic factorization phase    : 577251 [KByte]
# Permanent memory required from the analysis phase to the solve phases              : 482192 [KByte]
# Total memory consumed by in-core forward solver for internal float point arrays    : 4.12666e+06 [KByte]
# Minimum memory consumed by out-core forward solver for internal float point arrays : 68660 [KByte]
#++++++++++++++++++++++++++++++++++++++++++++++++++++++++++++++++++++++++++++++++++++++++++++++++
# Set values of matrix and right hand side vector. ( 2504 sec )
# Numerical factorization phase of matrix solver for 3D forward calculation. Polarization : 0.( 2506 sec )
# Solve phase of matrix solver for 3D forward calculation. Polarization : 0.( 2527 sec )
# Calulate right-hand sides vectors consisting of interpolator vectors.( 2527 sec )
# Solve phase of matrix solver for right-hand sides consisting of interpolator vectors.( 2528 sec )
# Solve phase is performed simultaneously for 288 right-hand sides( 2528 sec )
# Calculate derivatives of EM field.( 2538 sec )
#================================================================================================
# Start forward calculation. Frequency : 100 [Hz], Polarization : Ey-polarization
#================================================================================================
# Start 3D forward calculation with 0th order 3D edge-based element.( 2551 sec )
# Number of equation = 475883, Number of equation after degeneration = 473549
# Calculating EM field of the boundary planes with 2D forward analysis.        
#-----------------------------[ Boundary Plane 0 ]-----------------------------
# Calculate electric field on a boundary plane with 0th order edge-based element.
# Number of equation = 520, Number of equation after degeneration = 476
# Set values of matrix and right hand side vector. ( 2551 sec )
# Numerical factorization phase of matrix solver for boundary plane. Polarization : 1 Plane : 0. ( 2551 sec )
# Solve phase of matrix solver for boundary plane. Polarization : 1 Plane : 0. ( 2551 sec )
#-----------------------------[ Boundary Plane 1 ]-----------------------------
# Calculate electric field on a boundary plane with 0th order edge-based element.
# Number of equation = 520, Number of equation after degeneration = 476
# Set values of matrix and right hand side vector. ( 2551 sec )
# Numerical factorization phase of matrix solver for boundary plane. Polarization : 1 Plane : 1. ( 2551 sec )
# Solve phase of matrix solver for boundary plane. Polarization : 1 Plane : 1. ( 2551 sec )
#------------------------------------------------------------------------------
# Set values of matrix and right hand side vector. ( 2551 sec )
# Numerical factorization phase of matrix solver for 3D forward calculation. Polarization : 1.( 2554 sec )
# Solve phase of matrix solver for 3D forward calculation. Polarization : 1.( 2574 sec )
# Calulate right-hand sides vectors consisting of interpolator vectors.( 2575 sec )
# Solve phase of matrix solver for right-hand sides consisting of interpolator vectors.( 2576 sec )
# Solve phase is performed simultaneously for 288 right-hand sides( 2576 sec )
# Calculate derivatives of EM field.( 2586 sec )
#==============================================================================
# Calculate response functions. ( 2599 sec )
# Calculate sensitivity matrix of frequency 100[Hz].( 2599 sec )
# Sensitivity matrix of frequency 100[Hz] is saved in the out-of-core file sensMatFreq17.
#==============================================================================
#================================================================================================
# Start forward calculation. Frequency : 158.48 [Hz], Polarization : Ex-polarization
#================================================================================================
# Start 3D forward calculation with 0th order 3D edge-based element.( 2599 sec )
# Number of equation = 475883, Number of equation after degeneration = 473549
# Calculating EM field of the boundary planes with 2D forward analysis.        
#-----------------------------[ Boundary Plane 2 ]-----------------------------
# Calculate electric field on a boundary plane with 0th order edge-based element.
# Number of equation = 514, Number of equation after degeneration = 470
# Set values of matrix and right hand side vector. ( 2599 sec )
# Numerical factorization phase of matrix solver for boundary plane. Polarization : 0 Plane : 2. ( 2599 sec )
# Solve phase of matrix solver for boundary plane. Polarization : 0 Plane : 2. ( 2599 sec )
#-----------------------------[ Boundary Plane 3 ]-----------------------------
# Calculate electric field on a boundary plane with 0th order edge-based element.
# Number of equation = 514, Number of equation after degeneration = 470
# Set values of matrix and right hand side vector. ( 2599 sec )
# Numerical factorization phase of matrix solver for boundary plane. Polarization : 0 Plane : 3. ( 2599 sec )
# Solve phase of matrix solver for boundary plane. Polarization : 0 Plane : 3. ( 2599 sec )
#------------------------------------------------------------------------------
# Set values of matrix and right hand side vector. ( 2599 sec )
# Numerical factorization phase of matrix solver for 3D forward calculation. Polarization : 0.( 2602 sec )
# Solve phase of matrix solver for 3D forward calculation. Polarization : 0.( 2622 sec )
# Calulate right-hand sides vectors consisting of interpolator vectors.( 2623 sec )
# Solve phase of matrix solver for right-hand sides consisting of interpolator vectors.( 2624 sec )
# Solve phase is performed simultaneously for 292 right-hand sides( 2624 sec )
# Calculate derivatives of EM field.( 2635 sec )
#================================================================================================
# Start forward calculation. Frequency : 158.48 [Hz], Polarization : Ey-polarization
#================================================================================================
# Start 3D forward calculation with 0th order 3D edge-based element.( 2646 sec )
# Number of equation = 475883, Number of equation after degeneration = 473549
# Calculating EM field of the boundary planes with 2D forward analysis.        
#-----------------------------[ Boundary Plane 0 ]-----------------------------
# Calculate electric field on a boundary plane with 0th order edge-based element.
# Number of equation = 520, Number of equation after degeneration = 476
# Set values of matrix and right hand side vector. ( 2646 sec )
# Numerical factorization phase of matrix solver for boundary plane. Polarization : 1 Plane : 0. ( 2646 sec )
# Solve phase of matrix solver for boundary plane. Polarization : 1 Plane : 0. ( 2646 sec )
#-----------------------------[ Boundary Plane 1 ]-----------------------------
# Calculate electric field on a boundary plane with 0th order edge-based element.
# Number of equation = 520, Number of equation after degeneration = 476
# Set values of matrix and right hand side vector. ( 2646 sec )
# Numerical factorization phase of matrix solver for boundary plane. Polarization : 1 Plane : 1. ( 2646 sec )
# Solve phase of matrix solver for boundary plane. Polarization : 1 Plane : 1. ( 2646 sec )
#------------------------------------------------------------------------------
# Set values of matrix and right hand side vector. ( 2646 sec )
# Numerical factorization phase of matrix solver for 3D forward calculation. Polarization : 1.( 2649 sec )
# Solve phase of matrix solver for 3D forward calculation. Polarization : 1.( 2669 sec )
# Calulate right-hand sides vectors consisting of interpolator vectors.( 2670 sec )
# Solve phase of matrix solver for right-hand sides consisting of interpolator vectors.( 2671 sec )
# Solve phase is performed simultaneously for 292 right-hand sides( 2671 sec )
# Calculate derivatives of EM field.( 2681 sec )
#==============================================================================
# Calculate response functions. ( 2692 sec )
# Calculate sensitivity matrix of frequency 158.48[Hz].( 2692 sec )
# Sensitivity matrix of frequency 158.48[Hz] is saved in the out-of-core file sensMatFreq18.
#==============================================================================
#================================================================================================
# Start forward calculation. Frequency : 251.18 [Hz], Polarization : Ex-polarization
#================================================================================================
# Start 3D forward calculation with 0th order 3D edge-based element.( 2692 sec )
# Number of equation = 475883, Number of equation after degeneration = 473549
# Calculating EM field of the boundary planes with 2D forward analysis.        
#-----------------------------[ Boundary Plane 2 ]-----------------------------
# Calculate electric field on a boundary plane with 0th order edge-based element.
# Number of equation = 514, Number of equation after degeneration = 470
# Set values of matrix and right hand side vector. ( 2692 sec )
# Numerical factorization phase of matrix solver for boundary plane. Polarization : 0 Plane : 2. ( 2692 sec )
# Solve phase of matrix solver for boundary plane. Polarization : 0 Plane : 2. ( 2692 sec )
#-----------------------------[ Boundary Plane 3 ]-----------------------------
# Calculate electric field on a boundary plane with 0th order edge-based element.
# Number of equation = 514, Number of equation after degeneration = 470
# Set values of matrix and right hand side vector. ( 2692 sec )
# Numerical factorization phase of matrix solver for boundary plane. Polarization : 0 Plane : 3. ( 2692 sec )
# Solve phase of matrix solver for boundary plane. Polarization : 0 Plane : 3. ( 2692 sec )
#------------------------------------------------------------------------------
# Set values of matrix and right hand side vector. ( 2692 sec )
# Numerical factorization phase of matrix solver for 3D forward calculation. Polarization : 0.( 2695 sec )
# Solve phase of matrix solver for 3D forward calculation. Polarization : 0.( 2715 sec )
# Calulate right-hand sides vectors consisting of interpolator vectors.( 2716 sec )
# Solve phase of matrix solver for right-hand sides consisting of interpolator vectors.( 2717 sec )
# Solve phase is performed simultaneously for 295 right-hand sides( 2717 sec )
# Calculate derivatives of EM field.( 2728 sec )
#================================================================================================
# Start forward calculation. Frequency : 251.18 [Hz], Polarization : Ey-polarization
#================================================================================================
# Start 3D forward calculation with 0th order 3D edge-based element.( 2737 sec )
# Number of equation = 475883, Number of equation after degeneration = 473549
# Calculating EM field of the boundary planes with 2D forward analysis.        
#-----------------------------[ Boundary Plane 0 ]-----------------------------
# Calculate electric field on a boundary plane with 0th order edge-based element.
# Number of equation = 520, Number of equation after degeneration = 476
# Set values of matrix and right hand side vector. ( 2737 sec )
# Numerical factorization phase of matrix solver for boundary plane. Polarization : 1 Plane : 0. ( 2737 sec )
# Solve phase of matrix solver for boundary plane. Polarization : 1 Plane : 0. ( 2737 sec )
#-----------------------------[ Boundary Plane 1 ]-----------------------------
# Calculate electric field on a boundary plane with 0th order edge-based element.
# Number of equation = 520, Number of equation after degeneration = 476
# Set values of matrix and right hand side vector. ( 2737 sec )
# Numerical factorization phase of matrix solver for boundary plane. Polarization : 1 Plane : 1. ( 2737 sec )
# Solve phase of matrix solver for boundary plane. Polarization : 1 Plane : 1. ( 2737 sec )
#------------------------------------------------------------------------------
# Set values of matrix and right hand side vector. ( 2737 sec )
# Numerical factorization phase of matrix solver for 3D forward calculation. Polarization : 1.( 2740 sec )
# Solve phase of matrix solver for 3D forward calculation. Polarization : 1.( 2760 sec )
# Calulate right-hand sides vectors consisting of interpolator vectors.( 2760 sec )
# Solve phase of matrix solver for right-hand sides consisting of interpolator vectors.( 2762 sec )
# Solve phase is performed simultaneously for 295 right-hand sides( 2762 sec )
# Calculate derivatives of EM field.( 2772 sec )
#==============================================================================
# Calculate response functions. ( 2781 sec )
# Calculate sensitivity matrix of frequency 251.18[Hz].( 2781 sec )
# Sensitivity matrix of frequency 251.18[Hz] is saved in the out-of-core file sensMatFreq19.
#==============================================================================
#================================================================================================
# Start forward calculation. Frequency : 398.1 [Hz], Polarization : Ex-polarization
#================================================================================================
# Start 3D forward calculation with 0th order 3D edge-based element.( 2781 sec )
# Number of equation = 475883, Number of equation after degeneration = 473549
# Calculating EM field of the boundary planes with 2D forward analysis.        
#-----------------------------[ Boundary Plane 2 ]-----------------------------
# Calculate electric field on a boundary plane with 0th order edge-based element.
# Number of equation = 514, Number of equation after degeneration = 470
# Set values of matrix and right hand side vector. ( 2781 sec )
# Numerical factorization phase of matrix solver for boundary plane. Polarization : 0 Plane : 2. ( 2781 sec )
# Solve phase of matrix solver for boundary plane. Polarization : 0 Plane : 2. ( 2781 sec )
#-----------------------------[ Boundary Plane 3 ]-----------------------------
# Calculate electric field on a boundary plane with 0th order edge-based element.
# Number of equation = 514, Number of equation after degeneration = 470
# Set values of matrix and right hand side vector. ( 2781 sec )
# Numerical factorization phase of matrix solver for boundary plane. Polarization : 0 Plane : 3. ( 2781 sec )
# Solve phase of matrix solver for boundary plane. Polarization : 0 Plane : 3. ( 2781 sec )
#------------------------------------------------------------------------------
# Set values of matrix and right hand side vector. ( 2781 sec )
# Numerical factorization phase of matrix solver for 3D forward calculation. Polarization : 0.( 2784 sec )
# Solve phase of matrix solver for 3D forward calculation. Polarization : 0.( 2804 sec )
# Calulate right-hand sides vectors consisting of interpolator vectors.( 2805 sec )
# Solve phase of matrix solver for right-hand sides consisting of interpolator vectors.( 2806 sec )
# Solve phase is performed simultaneously for 305 right-hand sides( 2806 sec )
# Calculate derivatives of EM field.( 2817 sec )
#================================================================================================
# Start forward calculation. Frequency : 398.1 [Hz], Polarization : Ey-polarization
#================================================================================================
# Start 3D forward calculation with 0th order 3D edge-based element.( 2827 sec )
# Number of equation = 475883, Number of equation after degeneration = 473549
# Calculating EM field of the boundary planes with 2D forward analysis.        
#-----------------------------[ Boundary Plane 0 ]-----------------------------
# Calculate electric field on a boundary plane with 0th order edge-based element.
# Number of equation = 520, Number of equation after degeneration = 476
# Set values of matrix and right hand side vector. ( 2827 sec )
# Numerical factorization phase of matrix solver for boundary plane. Polarization : 1 Plane : 0. ( 2827 sec )
# Solve phase of matrix solver for boundary plane. Polarization : 1 Plane : 0. ( 2827 sec )
#-----------------------------[ Boundary Plane 1 ]-----------------------------
# Calculate electric field on a boundary plane with 0th order edge-based element.
# Number of equation = 520, Number of equation after degeneration = 476
# Set values of matrix and right hand side vector. ( 2827 sec )
# Numerical factorization phase of matrix solver for boundary plane. Polarization : 1 Plane : 1. ( 2827 sec )
# Solve phase of matrix solver for boundary plane. Polarization : 1 Plane : 1. ( 2827 sec )
#------------------------------------------------------------------------------
# Set values of matrix and right hand side vector. ( 2827 sec )
# Numerical factorization phase of matrix solver for 3D forward calculation. Polarization : 1.( 2830 sec )
# Solve phase of matrix solver for 3D forward calculation. Polarization : 1.( 2850 sec )
# Calulate right-hand sides vectors consisting of interpolator vectors.( 2851 sec )
# Solve phase of matrix solver for right-hand sides consisting of interpolator vectors.( 2852 sec )
# Solve phase is performed simultaneously for 305 right-hand sides( 2852 sec )
# Calculate derivatives of EM field.( 2862 sec )
#==============================================================================
# Calculate response functions. ( 2873 sec )
# Calculate sensitivity matrix of frequency 398.1[Hz].( 2873 sec )
# Sensitivity matrix of frequency 398.1[Hz] is saved in the out-of-core file sensMatFreq20.
#==============================================================================
#================================================================================================
# Start forward calculation. Frequency : 630.95 [Hz], Polarization : Ex-polarization
#================================================================================================
# Start 3D forward calculation with 0th order 3D edge-based element.( 2874 sec )
# Number of equation = 475883, Number of equation after degeneration = 473549
# Calculating EM field of the boundary planes with 2D forward analysis.        
#-----------------------------[ Boundary Plane 2 ]-----------------------------
# Calculate electric field on a boundary plane with 0th order edge-based element.
# Number of equation = 514, Number of equation after degeneration = 470
# Set values of matrix and right hand side vector. ( 2874 sec )
# Numerical factorization phase of matrix solver for boundary plane. Polarization : 0 Plane : 2. ( 2874 sec )
# Solve phase of matrix solver for boundary plane. Polarization : 0 Plane : 2. ( 2874 sec )
#-----------------------------[ Boundary Plane 3 ]-----------------------------
# Calculate electric field on a boundary plane with 0th order edge-based element.
# Number of equation = 514, Number of equation after degeneration = 470
# Set values of matrix and right hand side vector. ( 2874 sec )
# Numerical factorization phase of matrix solver for boundary plane. Polarization : 0 Plane : 3. ( 2874 sec )
# Solve phase of matrix solver for boundary plane. Polarization : 0 Plane : 3. ( 2874 sec )
#------------------------------------------------------------------------------
# Set values of matrix and right hand side vector. ( 2874 sec )
# Numerical factorization phase of matrix solver for 3D forward calculation. Polarization : 0.( 2876 sec )
# Solve phase of matrix solver for 3D forward calculation. Polarization : 0.( 2897 sec )
# Calulate right-hand sides vectors consisting of interpolator vectors.( 2897 sec )
# Solve phase of matrix solver for right-hand sides consisting of interpolator vectors.( 2898 sec )
# Solve phase is performed simultaneously for 312 right-hand sides( 2898 sec )
# Calculate derivatives of EM field.( 2910 sec )
#================================================================================================
# Start forward calculation. Frequency : 630.95 [Hz], Polarization : Ey-polarization
#================================================================================================
# Start 3D forward calculation with 0th order 3D edge-based element.( 2919 sec )
# Number of equation = 475883, Number of equation after degeneration = 473549
# Calculating EM field of the boundary planes with 2D forward analysis.        
#-----------------------------[ Boundary Plane 0 ]-----------------------------
# Calculate electric field on a boundary plane with 0th order edge-based element.
# Number of equation = 520, Number of equation after degeneration = 476
# Set values of matrix and right hand side vector. ( 2919 sec )
# Numerical factorization phase of matrix solver for boundary plane. Polarization : 1 Plane : 0. ( 2919 sec )
# Solve phase of matrix solver for boundary plane. Polarization : 1 Plane : 0. ( 2919 sec )
#-----------------------------[ Boundary Plane 1 ]-----------------------------
# Calculate electric field on a boundary plane with 0th order edge-based element.
# Number of equation = 520, Number of equation after degeneration = 476
# Set values of matrix and right hand side vector. ( 2919 sec )
# Numerical factorization phase of matrix solver for boundary plane. Polarization : 1 Plane : 1. ( 2919 sec )
# Solve phase of matrix solver for boundary plane. Polarization : 1 Plane : 1. ( 2919 sec )
#------------------------------------------------------------------------------
# Set values of matrix and right hand side vector. ( 2919 sec )
# Numerical factorization phase of matrix solver for 3D forward calculation. Polarization : 1.( 2922 sec )
# Solve phase of matrix solver for 3D forward calculation. Polarization : 1.( 2943 sec )
# Calulate right-hand sides vectors consisting of interpolator vectors.( 2943 sec )
# Solve phase of matrix solver for right-hand sides consisting of interpolator vectors.( 2944 sec )
# Solve phase is performed simultaneously for 312 right-hand sides( 2944 sec )
# Calculate derivatives of EM field.( 2955 sec )
#==============================================================================
# Calculate response functions. ( 2964 sec )
# Calculate sensitivity matrix of frequency 630.95[Hz].( 2964 sec )
# Sensitivity matrix of frequency 630.95[Hz] is saved in the out-of-core file sensMatFreq21.
#==============================================================================
#================================================================================================
# Start forward calculation. Frequency : 1000 [Hz], Polarization : Ex-polarization
#================================================================================================
# Start 3D forward calculation with 0th order 3D edge-based element.( 2965 sec )
# Number of equation = 475883, Number of equation after degeneration = 473549
# Calculating EM field of the boundary planes with 2D forward analysis.        
#-----------------------------[ Boundary Plane 2 ]-----------------------------
# Calculate electric field on a boundary plane with 0th order edge-based element.
# Number of equation = 514, Number of equation after degeneration = 470
# Set values of matrix and right hand side vector. ( 2965 sec )
# Numerical factorization phase of matrix solver for boundary plane. Polarization : 0 Plane : 2. ( 2965 sec )
# Solve phase of matrix solver for boundary plane. Polarization : 0 Plane : 2. ( 2965 sec )
#-----------------------------[ Boundary Plane 3 ]-----------------------------
# Calculate electric field on a boundary plane with 0th order edge-based element.
# Number of equation = 514, Number of equation after degeneration = 470
# Set values of matrix and right hand side vector. ( 2965 sec )
# Numerical factorization phase of matrix solver for boundary plane. Polarization : 0 Plane : 3. ( 2965 sec )
# Solve phase of matrix solver for boundary plane. Polarization : 0 Plane : 3. ( 2965 sec )
#------------------------------------------------------------------------------
# Set values of matrix and right hand side vector. ( 2965 sec )
# Numerical factorization phase of matrix solver for 3D forward calculation. Polarization : 0.( 2967 sec )
# Solve phase of matrix solver for 3D forward calculation. Polarization : 0.( 2988 sec )
# Calulate right-hand sides vectors consisting of interpolator vectors.( 2988 sec )
# Solve phase of matrix solver for right-hand sides consisting of interpolator vectors.( 2989 sec )
# Solve phase is performed simultaneously for 260 right-hand sides( 2989 sec )
# Calculate derivatives of EM field.( 2998 sec )
#================================================================================================
# Start forward calculation. Frequency : 1000 [Hz], Polarization : Ey-polarization
#================================================================================================
# Start 3D forward calculation with 0th order 3D edge-based element.( 3008 sec )
# Number of equation = 475883, Number of equation after degeneration = 473549
# Calculating EM field of the boundary planes with 2D forward analysis.        
#-----------------------------[ Boundary Plane 0 ]-----------------------------
# Calculate electric field on a boundary plane with 0th order edge-based element.
# Number of equation = 520, Number of equation after degeneration = 476
# Set values of matrix and right hand side vector. ( 3008 sec )
# Numerical factorization phase of matrix solver for boundary plane. Polarization : 1 Plane : 0. ( 3008 sec )
# Solve phase of matrix solver for boundary plane. Polarization : 1 Plane : 0. ( 3008 sec )
#-----------------------------[ Boundary Plane 1 ]-----------------------------
# Calculate electric field on a boundary plane with 0th order edge-based element.
# Number of equation = 520, Number of equation after degeneration = 476
# Set values of matrix and right hand side vector. ( 3008 sec )
# Numerical factorization phase of matrix solver for boundary plane. Polarization : 1 Plane : 1. ( 3008 sec )
# Solve phase of matrix solver for boundary plane. Polarization : 1 Plane : 1. ( 3008 sec )
#------------------------------------------------------------------------------
# Set values of matrix and right hand side vector. ( 3008 sec )
# Numerical factorization phase of matrix solver for 3D forward calculation. Polarization : 1.( 3010 sec )
# Solve phase of matrix solver for 3D forward calculation. Polarization : 1.( 3030 sec )
# Calulate right-hand sides vectors consisting of interpolator vectors.( 3031 sec )
# Solve phase of matrix solver for right-hand sides consisting of interpolator vectors.( 3032 sec )
# Solve phase is performed simultaneously for 260 right-hand sides( 3032 sec )
# Calculate derivatives of EM field.( 3040 sec )
#==============================================================================
# Calculate response functions. ( 3047 sec )
# Calculate sensitivity matrix of frequency 1000[Hz].( 3047 sec )
# Sensitivity matrix of frequency 1000[Hz] is saved in the out-of-core file sensMatFreq22.
#==============================================================================
# Release memory of coefficient matrix and sparse solver. ( 3048 sec )
###############################################################################
# Start Inversion.  Iteration : 4
###############################################################################
# Number of model : 54779
# Number of frequencies of this PE : 6
# Calculate constraining matrix. ( 3050 sec )
# Analyse constraining matrix.( 3050 sec )
# Analyse transposed constraining matrix.( 3050 sec )
# Factorize constraining matrix.( 3050 sec )
# Factorize transposed constraining matrix.( 3050 sec )
# Number of data of this PE : 3016
# Read sensitivity matrix from sensMatFreq17.( 3050 sec )
# Multiply transposed sensitivity matrix by inverse of transposed constraining matrix. ( 3052 sec )
# Solve phase is performed simultaneously for 496 right-hand sides( 3052 sec )
# Read sensitivity matrix from sensMatFreq18.( 3053 sec )
# Multiply transposed sensitivity matrix by inverse of transposed constraining matrix. ( 3055 sec )
# Solve phase is performed simultaneously for 504 right-hand sides( 3055 sec )
# Read sensitivity matrix from sensMatFreq19.( 3056 sec )
# Multiply transposed sensitivity matrix by inverse of transposed constraining matrix. ( 3057 sec )
# Solve phase is performed simultaneously for 508 right-hand sides( 3057 sec )
# Read sensitivity matrix from sensMatFreq20.( 3058 sec )
# Multiply transposed sensitivity matrix by inverse of transposed constraining matrix. ( 3059 sec )
# Solve phase is performed simultaneously for 524 right-hand sides( 3059 sec )
# Read sensitivity matrix from sensMatFreq21.( 3060 sec )
# Multiply transposed sensitivity matrix by inverse of transposed constraining matrix. ( 3061 sec )
# Solve phase is performed simultaneously for 536 right-hand sides( 3061 sec )
# Read sensitivity matrix from sensMatFreq22.( 3063 sec )
# Multiply transposed sensitivity matrix by inverse of transposed constraining matrix. ( 3063 sec )
# Solve phase is performed simultaneously for 448 right-hand sides( 3063 sec )
# Calculate right-hand side vector. ( 3064 sec )
# Read sensitivity matrix from sensMatFreq17.( 3064 sec )
# Read sensitivity matrix from sensMatFreq18.( 3064 sec )
# Read sensitivity matrix from sensMatFreq19.( 3064 sec )
# Read sensitivity matrix from sensMatFreq20.( 3065 sec )
# Read sensitivity matrix from sensMatFreq21.( 3065 sec )
# Read sensitivity matrix from sensMatFreq22.( 3065 sec )
# Read sensitivity matrix from sensMatFreq17.( 3114 sec )
# Read sensitivity matrix from sensMatFreq18.( 3114 sec )
# Read sensitivity matrix from sensMatFreq19.( 3114 sec )
# Read sensitivity matrix from sensMatFreq20.( 3114 sec )
# Read sensitivity matrix from sensMatFreq21.( 3114 sec )
# Read sensitivity matrix from sensMatFreq22.( 3114 sec )
# Calculate model increments. ( 3115 sec )
###############################################################################
# Start Forward Computation.  Iteration : 5,  Retrial : 0
###############################################################################
#================================================================================================
# Start forward calculation. Frequency : 100 [Hz], Polarization : Ex-polarization
#================================================================================================
# Start 3D forward calculation with 0th order 3D edge-based element.( 3115 sec )
# Number of equation = 475883, Number of equation after degeneration = 473549
# Calculating EM field of the boundary planes with 2D forward analysis.        
#-----------------------------[ Boundary Plane 2 ]-----------------------------
# Calculate electric field on a boundary plane with 0th order edge-based element.
# Number of equation = 514, Number of equation after degeneration = 470
# Set values of matrix and right hand side vector. ( 3115 sec )
# Numerical factorization phase of matrix solver for boundary plane. Polarization : 0 Plane : 2. ( 3115 sec )
# Solve phase of matrix solver for boundary plane. Polarization : 0 Plane : 2. ( 3115 sec )
#-----------------------------[ Boundary Plane 3 ]-----------------------------
# Calculate electric field on a boundary plane with 0th order edge-based element.
# Number of equation = 514, Number of equation after degeneration = 470
# Set values of matrix and right hand side vector. ( 3115 sec )
# Numerical factorization phase of matrix solver for boundary plane. Polarization : 0 Plane : 3. ( 3115 sec )
# Solve phase of matrix solver for boundary plane. Polarization : 0 Plane : 3. ( 3115 sec )
#------------------------------------------------------------------------------
# Set matrix structure. ( 3115 sec )
# Anaysis phase of matrix solver for 3D forward calculation. Polarization : 0. ( 3119 sec )
#++++++++++++++++++++++++++++++++++++++++++++++++++++++++++++++++++++++++++++++++++++++++++++++++
# Total peak memory required during the analysis and symbolic factorization phase    : 577207 [KByte]
# Permanent memory required from the analysis phase to the solve phases              : 482135 [KByte]
# Total memory consumed by in-core forward solver for internal float point arrays    : 4.12476e+06 [KByte]
# Minimum memory consumed by out-core forward solver for internal float point arrays : 68699 [KByte]
#++++++++++++++++++++++++++++++++++++++++++++++++++++++++++++++++++++++++++++++++++++++++++++++++
# Set values of matrix and right hand side vector. ( 3122 sec )
# Numerical factorization phase of matrix solver for 3D forward calculation. Polarization : 0.( 3124 sec )
# Solve phase of matrix solver for 3D forward calculation. Polarization : 0.( 3145 sec )
# Calulate right-hand sides vectors consisting of interpolator vectors.( 3146 sec )
# Solve phase of matrix solver for right-hand sides consisting of interpolator vectors.( 3147 sec )
# Solve phase is performed simultaneously for 288 right-hand sides( 3147 sec )
# Calculate derivatives of EM field.( 3157 sec )
#================================================================================================
# Start forward calculation. Frequency : 100 [Hz], Polarization : Ey-polarization
#================================================================================================
# Start 3D forward calculation with 0th order 3D edge-based element.( 3170 sec )
# Number of equation = 475883, Number of equation after degeneration = 473549
# Calculating EM field of the boundary planes with 2D forward analysis.        
#-----------------------------[ Boundary Plane 0 ]-----------------------------
# Calculate electric field on a boundary plane with 0th order edge-based element.
# Number of equation = 520, Number of equation after degeneration = 476
# Set values of matrix and right hand side vector. ( 3170 sec )
# Numerical factorization phase of matrix solver for boundary plane. Polarization : 1 Plane : 0. ( 3170 sec )
# Solve phase of matrix solver for boundary plane. Polarization : 1 Plane : 0. ( 3170 sec )
#-----------------------------[ Boundary Plane 1 ]-----------------------------
# Calculate electric field on a boundary plane with 0th order edge-based element.
# Number of equation = 520, Number of equation after degeneration = 476
# Set values of matrix and right hand side vector. ( 3170 sec )
# Numerical factorization phase of matrix solver for boundary plane. Polarization : 1 Plane : 1. ( 3170 sec )
# Solve phase of matrix solver for boundary plane. Polarization : 1 Plane : 1. ( 3170 sec )
#------------------------------------------------------------------------------
# Set values of matrix and right hand side vector. ( 3170 sec )
# Numerical factorization phase of matrix solver for 3D forward calculation. Polarization : 1.( 3172 sec )
# Solve phase of matrix solver for 3D forward calculation. Polarization : 1.( 3193 sec )
# Calulate right-hand sides vectors consisting of interpolator vectors.( 3193 sec )
# Solve phase of matrix solver for right-hand sides consisting of interpolator vectors.( 3194 sec )
# Solve phase is performed simultaneously for 288 right-hand sides( 3194 sec )
# Calculate derivatives of EM field.( 3204 sec )
#==============================================================================
# Calculate response functions. ( 3217 sec )
# Calculate sensitivity matrix of frequency 100[Hz].( 3217 sec )
# Sensitivity matrix of frequency 100[Hz] is saved in the out-of-core file sensMatFreq17.
#==============================================================================
#================================================================================================
# Start forward calculation. Frequency : 158.48 [Hz], Polarization : Ex-polarization
#================================================================================================
# Start 3D forward calculation with 0th order 3D edge-based element.( 3218 sec )
# Number of equation = 475883, Number of equation after degeneration = 473549
# Calculating EM field of the boundary planes with 2D forward analysis.        
#-----------------------------[ Boundary Plane 2 ]-----------------------------
# Calculate electric field on a boundary plane with 0th order edge-based element.
# Number of equation = 514, Number of equation after degeneration = 470
# Set values of matrix and right hand side vector. ( 3218 sec )
# Numerical factorization phase of matrix solver for boundary plane. Polarization : 0 Plane : 2. ( 3218 sec )
# Solve phase of matrix solver for boundary plane. Polarization : 0 Plane : 2. ( 3218 sec )
#-----------------------------[ Boundary Plane 3 ]-----------------------------
# Calculate electric field on a boundary plane with 0th order edge-based element.
# Number of equation = 514, Number of equation after degeneration = 470
# Set values of matrix and right hand side vector. ( 3218 sec )
# Numerical factorization phase of matrix solver for boundary plane. Polarization : 0 Plane : 3. ( 3218 sec )
# Solve phase of matrix solver for boundary plane. Polarization : 0 Plane : 3. ( 3218 sec )
#------------------------------------------------------------------------------
# Set values of matrix and right hand side vector. ( 3218 sec )
# Numerical factorization phase of matrix solver for 3D forward calculation. Polarization : 0.( 3220 sec )
# Solve phase of matrix solver for 3D forward calculation. Polarization : 0.( 3241 sec )
# Calulate right-hand sides vectors consisting of interpolator vectors.( 3241 sec )
# Solve phase of matrix solver for right-hand sides consisting of interpolator vectors.( 3242 sec )
# Solve phase is performed simultaneously for 292 right-hand sides( 3242 sec )
# Calculate derivatives of EM field.( 3253 sec )
#================================================================================================
# Start forward calculation. Frequency : 158.48 [Hz], Polarization : Ey-polarization
#================================================================================================
# Start 3D forward calculation with 0th order 3D edge-based element.( 3265 sec )
# Number of equation = 475883, Number of equation after degeneration = 473549
# Calculating EM field of the boundary planes with 2D forward analysis.        
#-----------------------------[ Boundary Plane 0 ]-----------------------------
# Calculate electric field on a boundary plane with 0th order edge-based element.
# Number of equation = 520, Number of equation after degeneration = 476
# Set values of matrix and right hand side vector. ( 3265 sec )
# Numerical factorization phase of matrix solver for boundary plane. Polarization : 1 Plane : 0. ( 3265 sec )
# Solve phase of matrix solver for boundary plane. Polarization : 1 Plane : 0. ( 3265 sec )
#-----------------------------[ Boundary Plane 1 ]-----------------------------
# Calculate electric field on a boundary plane with 0th order edge-based element.
# Number of equation = 520, Number of equation after degeneration = 476
# Set values of matrix and right hand side vector. ( 3265 sec )
# Numerical factorization phase of matrix solver for boundary plane. Polarization : 1 Plane : 1. ( 3265 sec )
# Solve phase of matrix solver for boundary plane. Polarization : 1 Plane : 1. ( 3265 sec )
#------------------------------------------------------------------------------
# Set values of matrix and right hand side vector. ( 3265 sec )
# Numerical factorization phase of matrix solver for 3D forward calculation. Polarization : 1.( 3268 sec )
# Solve phase of matrix solver for 3D forward calculation. Polarization : 1.( 3288 sec )
# Calulate right-hand sides vectors consisting of interpolator vectors.( 3289 sec )
# Solve phase of matrix solver for right-hand sides consisting of interpolator vectors.( 3290 sec )
# Solve phase is performed simultaneously for 292 right-hand sides( 3290 sec )
# Calculate derivatives of EM field.( 3300 sec )
#==============================================================================
# Calculate response functions. ( 3313 sec )
# Calculate sensitivity matrix of frequency 158.48[Hz].( 3313 sec )
# Sensitivity matrix of frequency 158.48[Hz] is saved in the out-of-core file sensMatFreq18.
#==============================================================================
#================================================================================================
# Start forward calculation. Frequency : 251.18 [Hz], Polarization : Ex-polarization
#================================================================================================
# Start 3D forward calculation with 0th order 3D edge-based element.( 3313 sec )
# Number of equation = 475883, Number of equation after degeneration = 473549
# Calculating EM field of the boundary planes with 2D forward analysis.        
#-----------------------------[ Boundary Plane 2 ]-----------------------------
# Calculate electric field on a boundary plane with 0th order edge-based element.
# Number of equation = 514, Number of equation after degeneration = 470
# Set values of matrix and right hand side vector. ( 3313 sec )
# Numerical factorization phase of matrix solver for boundary plane. Polarization : 0 Plane : 2. ( 3313 sec )
# Solve phase of matrix solver for boundary plane. Polarization : 0 Plane : 2. ( 3313 sec )
#-----------------------------[ Boundary Plane 3 ]-----------------------------
# Calculate electric field on a boundary plane with 0th order edge-based element.
# Number of equation = 514, Number of equation after degeneration = 470
# Set values of matrix and right hand side vector. ( 3313 sec )
# Numerical factorization phase of matrix solver for boundary plane. Polarization : 0 Plane : 3. ( 3313 sec )
# Solve phase of matrix solver for boundary plane. Polarization : 0 Plane : 3. ( 3313 sec )
#------------------------------------------------------------------------------
# Set values of matrix and right hand side vector. ( 3313 sec )
# Numerical factorization phase of matrix solver for 3D forward calculation. Polarization : 0.( 3316 sec )
# Solve phase of matrix solver for 3D forward calculation. Polarization : 0.( 3336 sec )
# Calulate right-hand sides vectors consisting of interpolator vectors.( 3337 sec )
# Solve phase of matrix solver for right-hand sides consisting of interpolator vectors.( 3338 sec )
# Solve phase is performed simultaneously for 295 right-hand sides( 3338 sec )
# Calculate derivatives of EM field.( 3348 sec )
#================================================================================================
# Start forward calculation. Frequency : 251.18 [Hz], Polarization : Ey-polarization
#================================================================================================
# Start 3D forward calculation with 0th order 3D edge-based element.( 3361 sec )
# Number of equation = 475883, Number of equation after degeneration = 473549
# Calculating EM field of the boundary planes with 2D forward analysis.        
#-----------------------------[ Boundary Plane 0 ]-----------------------------
# Calculate electric field on a boundary plane with 0th order edge-based element.
# Number of equation = 520, Number of equation after degeneration = 476
# Set values of matrix and right hand side vector. ( 3361 sec )
# Numerical factorization phase of matrix solver for boundary plane. Polarization : 1 Plane : 0. ( 3361 sec )
# Solve phase of matrix solver for boundary plane. Polarization : 1 Plane : 0. ( 3361 sec )
#-----------------------------[ Boundary Plane 1 ]-----------------------------
# Calculate electric field on a boundary plane with 0th order edge-based element.
# Number of equation = 520, Number of equation after degeneration = 476
# Set values of matrix and right hand side vector. ( 3361 sec )
# Numerical factorization phase of matrix solver for boundary plane. Polarization : 1 Plane : 1. ( 3361 sec )
# Solve phase of matrix solver for boundary plane. Polarization : 1 Plane : 1. ( 3361 sec )
#------------------------------------------------------------------------------
# Set values of matrix and right hand side vector. ( 3361 sec )
# Numerical factorization phase of matrix solver for 3D forward calculation. Polarization : 1.( 3363 sec )
# Solve phase of matrix solver for 3D forward calculation. Polarization : 1.( 3384 sec )
# Calulate right-hand sides vectors consisting of interpolator vectors.( 3384 sec )
# Solve phase of matrix solver for right-hand sides consisting of interpolator vectors.( 3385 sec )
# Solve phase is performed simultaneously for 295 right-hand sides( 3385 sec )
# Calculate derivatives of EM field.( 3395 sec )
#==============================================================================
# Calculate response functions. ( 3408 sec )
# Calculate sensitivity matrix of frequency 251.18[Hz].( 3408 sec )
# Sensitivity matrix of frequency 251.18[Hz] is saved in the out-of-core file sensMatFreq19.
#==============================================================================
#================================================================================================
# Start forward calculation. Frequency : 398.1 [Hz], Polarization : Ex-polarization
#================================================================================================
# Start 3D forward calculation with 0th order 3D edge-based element.( 3408 sec )
# Number of equation = 475883, Number of equation after degeneration = 473549
# Calculating EM field of the boundary planes with 2D forward analysis.        
#-----------------------------[ Boundary Plane 2 ]-----------------------------
# Calculate electric field on a boundary plane with 0th order edge-based element.
# Number of equation = 514, Number of equation after degeneration = 470
# Set values of matrix and right hand side vector. ( 3408 sec )
# Numerical factorization phase of matrix solver for boundary plane. Polarization : 0 Plane : 2. ( 3408 sec )
# Solve phase of matrix solver for boundary plane. Polarization : 0 Plane : 2. ( 3408 sec )
#-----------------------------[ Boundary Plane 3 ]-----------------------------
# Calculate electric field on a boundary plane with 0th order edge-based element.
# Number of equation = 514, Number of equation after degeneration = 470
# Set values of matrix and right hand side vector. ( 3408 sec )
# Numerical factorization phase of matrix solver for boundary plane. Polarization : 0 Plane : 3. ( 3408 sec )
# Solve phase of matrix solver for boundary plane. Polarization : 0 Plane : 3. ( 3408 sec )
#------------------------------------------------------------------------------
# Set values of matrix and right hand side vector. ( 3408 sec )
# Numerical factorization phase of matrix solver for 3D forward calculation. Polarization : 0.( 3411 sec )
# Solve phase of matrix solver for 3D forward calculation. Polarization : 0.( 3431 sec )
# Calulate right-hand sides vectors consisting of interpolator vectors.( 3432 sec )
# Solve phase of matrix solver for right-hand sides consisting of interpolator vectors.( 3433 sec )
# Solve phase is performed simultaneously for 305 right-hand sides( 3433 sec )
# Calculate derivatives of EM field.( 3444 sec )
#================================================================================================
# Start forward calculation. Frequency : 398.1 [Hz], Polarization : Ey-polarization
#================================================================================================
# Start 3D forward calculation with 0th order 3D edge-based element.( 3456 sec )
# Number of equation = 475883, Number of equation after degeneration = 473549
# Calculating EM field of the boundary planes with 2D forward analysis.        
#-----------------------------[ Boundary Plane 0 ]-----------------------------
# Calculate electric field on a boundary plane with 0th order edge-based element.
# Number of equation = 520, Number of equation after degeneration = 476
# Set values of matrix and right hand side vector. ( 3456 sec )
# Numerical factorization phase of matrix solver for boundary plane. Polarization : 1 Plane : 0. ( 3456 sec )
# Solve phase of matrix solver for boundary plane. Polarization : 1 Plane : 0. ( 3456 sec )
#-----------------------------[ Boundary Plane 1 ]-----------------------------
# Calculate electric field on a boundary plane with 0th order edge-based element.
# Number of equation = 520, Number of equation after degeneration = 476
# Set values of matrix and right hand side vector. ( 3456 sec )
# Numerical factorization phase of matrix solver for boundary plane. Polarization : 1 Plane : 1. ( 3456 sec )
# Solve phase of matrix solver for boundary plane. Polarization : 1 Plane : 1. ( 3456 sec )
#------------------------------------------------------------------------------
# Set values of matrix and right hand side vector. ( 3456 sec )
# Numerical factorization phase of matrix solver for 3D forward calculation. Polarization : 1.( 3459 sec )
# Solve phase of matrix solver for 3D forward calculation. Polarization : 1.( 3479 sec )
# Calulate right-hand sides vectors consisting of interpolator vectors.( 3480 sec )
# Solve phase of matrix solver for right-hand sides consisting of interpolator vectors.( 3481 sec )
# Solve phase is performed simultaneously for 305 right-hand sides( 3481 sec )
# Calculate derivatives of EM field.( 3491 sec )
#==============================================================================
# Calculate response functions. ( 3504 sec )
# Calculate sensitivity matrix of frequency 398.1[Hz].( 3504 sec )
# Sensitivity matrix of frequency 398.1[Hz] is saved in the out-of-core file sensMatFreq20.
#==============================================================================
#================================================================================================
# Start forward calculation. Frequency : 630.95 [Hz], Polarization : Ex-polarization
#================================================================================================
# Start 3D forward calculation with 0th order 3D edge-based element.( 3505 sec )
# Number of equation = 475883, Number of equation after degeneration = 473549
# Calculating EM field of the boundary planes with 2D forward analysis.        
#-----------------------------[ Boundary Plane 2 ]-----------------------------
# Calculate electric field on a boundary plane with 0th order edge-based element.
# Number of equation = 514, Number of equation after degeneration = 470
# Set values of matrix and right hand side vector. ( 3505 sec )
# Numerical factorization phase of matrix solver for boundary plane. Polarization : 0 Plane : 2. ( 3505 sec )
# Solve phase of matrix solver for boundary plane. Polarization : 0 Plane : 2. ( 3505 sec )
#-----------------------------[ Boundary Plane 3 ]-----------------------------
# Calculate electric field on a boundary plane with 0th order edge-based element.
# Number of equation = 514, Number of equation after degeneration = 470
# Set values of matrix and right hand side vector. ( 3505 sec )
# Numerical factorization phase of matrix solver for boundary plane. Polarization : 0 Plane : 3. ( 3505 sec )
# Solve phase of matrix solver for boundary plane. Polarization : 0 Plane : 3. ( 3505 sec )
#------------------------------------------------------------------------------
# Set values of matrix and right hand side vector. ( 3505 sec )
# Numerical factorization phase of matrix solver for 3D forward calculation. Polarization : 0.( 3507 sec )
# Solve phase of matrix solver for 3D forward calculation. Polarization : 0.( 3528 sec )
# Calulate right-hand sides vectors consisting of interpolator vectors.( 3528 sec )
# Solve phase of matrix solver for right-hand sides consisting of interpolator vectors.( 3530 sec )
# Solve phase is performed simultaneously for 312 right-hand sides( 3530 sec )
# Calculate derivatives of EM field.( 3541 sec )
#================================================================================================
# Start forward calculation. Frequency : 630.95 [Hz], Polarization : Ey-polarization
#================================================================================================
# Start 3D forward calculation with 0th order 3D edge-based element.( 3553 sec )
# Number of equation = 475883, Number of equation after degeneration = 473549
# Calculating EM field of the boundary planes with 2D forward analysis.        
#-----------------------------[ Boundary Plane 0 ]-----------------------------
# Calculate electric field on a boundary plane with 0th order edge-based element.
# Number of equation = 520, Number of equation after degeneration = 476
# Set values of matrix and right hand side vector. ( 3553 sec )
# Numerical factorization phase of matrix solver for boundary plane. Polarization : 1 Plane : 0. ( 3553 sec )
# Solve phase of matrix solver for boundary plane. Polarization : 1 Plane : 0. ( 3553 sec )
#-----------------------------[ Boundary Plane 1 ]-----------------------------
# Calculate electric field on a boundary plane with 0th order edge-based element.
# Number of equation = 520, Number of equation after degeneration = 476
# Set values of matrix and right hand side vector. ( 3553 sec )
# Numerical factorization phase of matrix solver for boundary plane. Polarization : 1 Plane : 1. ( 3553 sec )
# Solve phase of matrix solver for boundary plane. Polarization : 1 Plane : 1. ( 3553 sec )
#------------------------------------------------------------------------------
# Set values of matrix and right hand side vector. ( 3553 sec )
# Numerical factorization phase of matrix solver for 3D forward calculation. Polarization : 1.( 3555 sec )
# Solve phase of matrix solver for 3D forward calculation. Polarization : 1.( 3576 sec )
# Calulate right-hand sides vectors consisting of interpolator vectors.( 3576 sec )
# Solve phase of matrix solver for right-hand sides consisting of interpolator vectors.( 3577 sec )
# Solve phase is performed simultaneously for 312 right-hand sides( 3577 sec )
# Calculate derivatives of EM field.( 3588 sec )
#==============================================================================
# Calculate response functions. ( 3600 sec )
# Calculate sensitivity matrix of frequency 630.95[Hz].( 3600 sec )
# Sensitivity matrix of frequency 630.95[Hz] is saved in the out-of-core file sensMatFreq21.
#==============================================================================
#================================================================================================
# Start forward calculation. Frequency : 1000 [Hz], Polarization : Ex-polarization
#================================================================================================
# Start 3D forward calculation with 0th order 3D edge-based element.( 3600 sec )
# Number of equation = 475883, Number of equation after degeneration = 473549
# Calculating EM field of the boundary planes with 2D forward analysis.        
#-----------------------------[ Boundary Plane 2 ]-----------------------------
# Calculate electric field on a boundary plane with 0th order edge-based element.
# Number of equation = 514, Number of equation after degeneration = 470
# Set values of matrix and right hand side vector. ( 3600 sec )
# Numerical factorization phase of matrix solver for boundary plane. Polarization : 0 Plane : 2. ( 3600 sec )
# Solve phase of matrix solver for boundary plane. Polarization : 0 Plane : 2. ( 3600 sec )
#-----------------------------[ Boundary Plane 3 ]-----------------------------
# Calculate electric field on a boundary plane with 0th order edge-based element.
# Number of equation = 514, Number of equation after degeneration = 470
# Set values of matrix and right hand side vector. ( 3600 sec )
# Numerical factorization phase of matrix solver for boundary plane. Polarization : 0 Plane : 3. ( 3600 sec )
# Solve phase of matrix solver for boundary plane. Polarization : 0 Plane : 3. ( 3600 sec )
#------------------------------------------------------------------------------
# Set values of matrix and right hand side vector. ( 3600 sec )
# Numerical factorization phase of matrix solver for 3D forward calculation. Polarization : 0.( 3603 sec )
# Solve phase of matrix solver for 3D forward calculation. Polarization : 0.( 3623 sec )
# Calulate right-hand sides vectors consisting of interpolator vectors.( 3624 sec )
# Solve phase of matrix solver for right-hand sides consisting of interpolator vectors.( 3625 sec )
# Solve phase is performed simultaneously for 260 right-hand sides( 3625 sec )
# Calculate derivatives of EM field.( 3634 sec )
#================================================================================================
# Start forward calculation. Frequency : 1000 [Hz], Polarization : Ey-polarization
#================================================================================================
# Start 3D forward calculation with 0th order 3D edge-based element.( 3646 sec )
# Number of equation = 475883, Number of equation after degeneration = 473549
# Calculating EM field of the boundary planes with 2D forward analysis.        
#-----------------------------[ Boundary Plane 0 ]-----------------------------
# Calculate electric field on a boundary plane with 0th order edge-based element.
# Number of equation = 520, Number of equation after degeneration = 476
# Set values of matrix and right hand side vector. ( 3646 sec )
# Numerical factorization phase of matrix solver for boundary plane. Polarization : 1 Plane : 0. ( 3646 sec )
# Solve phase of matrix solver for boundary plane. Polarization : 1 Plane : 0. ( 3646 sec )
#-----------------------------[ Boundary Plane 1 ]-----------------------------
# Calculate electric field on a boundary plane with 0th order edge-based element.
# Number of equation = 520, Number of equation after degeneration = 476
# Set values of matrix and right hand side vector. ( 3646 sec )
# Numerical factorization phase of matrix solver for boundary plane. Polarization : 1 Plane : 1. ( 3646 sec )
# Solve phase of matrix solver for boundary plane. Polarization : 1 Plane : 1. ( 3646 sec )
#------------------------------------------------------------------------------
# Set values of matrix and right hand side vector. ( 3646 sec )
# Numerical factorization phase of matrix solver for 3D forward calculation. Polarization : 1.( 3649 sec )
# Solve phase of matrix solver for 3D forward calculation. Polarization : 1.( 3669 sec )
# Calulate right-hand sides vectors consisting of interpolator vectors.( 3670 sec )
# Solve phase of matrix solver for right-hand sides consisting of interpolator vectors.( 3671 sec )
# Solve phase is performed simultaneously for 260 right-hand sides( 3671 sec )
# Calculate derivatives of EM field.( 3679 sec )
#==============================================================================
# Calculate response functions. ( 3692 sec )
# Calculate sensitivity matrix of frequency 1000[Hz].( 3692 sec )
# Sensitivity matrix of frequency 1000[Hz] is saved in the out-of-core file sensMatFreq22.
#==============================================================================
# Release memory of coefficient matrix and sparse solver. ( 3693 sec )
###############################################################################
# Start Inversion.  Iteration : 5
###############################################################################
# Number of model : 54779
# Number of frequencies of this PE : 6
# Calculate constraining matrix. ( 3696 sec )
# Analyse constraining matrix.( 3696 sec )
# Analyse transposed constraining matrix.( 3696 sec )
# Factorize constraining matrix.( 3696 sec )
# Factorize transposed constraining matrix.( 3696 sec )
# Number of data of this PE : 3016
# Read sensitivity matrix from sensMatFreq17.( 3696 sec )
# Multiply transposed sensitivity matrix by inverse of transposed constraining matrix. ( 3698 sec )
# Solve phase is performed simultaneously for 496 right-hand sides( 3698 sec )
# Read sensitivity matrix from sensMatFreq18.( 3699 sec )
# Multiply transposed sensitivity matrix by inverse of transposed constraining matrix. ( 3701 sec )
# Solve phase is performed simultaneously for 504 right-hand sides( 3701 sec )
# Read sensitivity matrix from sensMatFreq19.( 3702 sec )
# Multiply transposed sensitivity matrix by inverse of transposed constraining matrix. ( 3704 sec )
# Solve phase is performed simultaneously for 508 right-hand sides( 3704 sec )
# Read sensitivity matrix from sensMatFreq20.( 3705 sec )
# Multiply transposed sensitivity matrix by inverse of transposed constraining matrix. ( 3706 sec )
# Solve phase is performed simultaneously for 524 right-hand sides( 3706 sec )
# Read sensitivity matrix from sensMatFreq21.( 3707 sec )
# Multiply transposed sensitivity matrix by inverse of transposed constraining matrix. ( 3708 sec )
# Solve phase is performed simultaneously for 536 right-hand sides( 3708 sec )
# Read sensitivity matrix from sensMatFreq22.( 3709 sec )
# Multiply transposed sensitivity matrix by inverse of transposed constraining matrix. ( 3709 sec )
# Solve phase is performed simultaneously for 448 right-hand sides( 3709 sec )
# Calculate right-hand side vector. ( 3710 sec )
# Read sensitivity matrix from sensMatFreq17.( 3710 sec )
# Read sensitivity matrix from sensMatFreq18.( 3711 sec )
# Read sensitivity matrix from sensMatFreq19.( 3711 sec )
# Read sensitivity matrix from sensMatFreq20.( 3711 sec )
# Read sensitivity matrix from sensMatFreq21.( 3711 sec )
# Read sensitivity matrix from sensMatFreq22.( 3711 sec )
# Read sensitivity matrix from sensMatFreq17.( 3758 sec )
# Read sensitivity matrix from sensMatFreq18.( 3758 sec )
# Read sensitivity matrix from sensMatFreq19.( 3758 sec )
# Read sensitivity matrix from sensMatFreq20.( 3758 sec )
# Read sensitivity matrix from sensMatFreq21.( 3758 sec )
# Read sensitivity matrix from sensMatFreq22.( 3758 sec )
# Calculate model increments. ( 3758 sec )
###############################################################################
# Start Forward Computation.  Iteration : 6,  Retrial : 0
###############################################################################
#================================================================================================
# Start forward calculation. Frequency : 100 [Hz], Polarization : Ex-polarization
#================================================================================================
# Start 3D forward calculation with 0th order 3D edge-based element.( 3760 sec )
# Number of equation = 475883, Number of equation after degeneration = 473549
# Calculating EM field of the boundary planes with 2D forward analysis.        
#-----------------------------[ Boundary Plane 2 ]-----------------------------
# Calculate electric field on a boundary plane with 0th order edge-based element.
# Number of equation = 514, Number of equation after degeneration = 470
# Set values of matrix and right hand side vector. ( 3760 sec )
# Numerical factorization phase of matrix solver for boundary plane. Polarization : 0 Plane : 2. ( 3760 sec )
# Solve phase of matrix solver for boundary plane. Polarization : 0 Plane : 2. ( 3760 sec )
#-----------------------------[ Boundary Plane 3 ]-----------------------------
# Calculate electric field on a boundary plane with 0th order edge-based element.
# Number of equation = 514, Number of equation after degeneration = 470
# Set values of matrix and right hand side vector. ( 3760 sec )
# Numerical factorization phase of matrix solver for boundary plane. Polarization : 0 Plane : 3. ( 3760 sec )
# Solve phase of matrix solver for boundary plane. Polarization : 0 Plane : 3. ( 3760 sec )
#------------------------------------------------------------------------------
# Set matrix structure. ( 3760 sec )
# Anaysis phase of matrix solver for 3D forward calculation. Polarization : 0. ( 3763 sec )
#++++++++++++++++++++++++++++++++++++++++++++++++++++++++++++++++++++++++++++++++++++++++++++++++
# Total peak memory required during the analysis and symbolic factorization phase    : 577829 [KByte]
# Permanent memory required from the analysis phase to the solve phases              : 482567 [KByte]
# Total memory consumed by in-core forward solver for internal float point arrays    : 4.12712e+06 [KByte]
# Minimum memory consumed by out-core forward solver for internal float point arrays : 68416 [KByte]
#++++++++++++++++++++++++++++++++++++++++++++++++++++++++++++++++++++++++++++++++++++++++++++++++
# Set values of matrix and right hand side vector. ( 3766 sec )
# Numerical factorization phase of matrix solver for 3D forward calculation. Polarization : 0.( 3769 sec )
# Solve phase of matrix solver for 3D forward calculation. Polarization : 0.( 3789 sec )
# Calulate right-hand sides vectors consisting of interpolator vectors.( 3790 sec )
# Solve phase of matrix solver for right-hand sides consisting of interpolator vectors.( 3791 sec )
# Solve phase is performed simultaneously for 288 right-hand sides( 3791 sec )
# Calculate derivatives of EM field.( 3801 sec )
#================================================================================================
# Start forward calculation. Frequency : 100 [Hz], Polarization : Ey-polarization
#================================================================================================
# Start 3D forward calculation with 0th order 3D edge-based element.( 3814 sec )
# Number of equation = 475883, Number of equation after degeneration = 473549
# Calculating EM field of the boundary planes with 2D forward analysis.        
#-----------------------------[ Boundary Plane 0 ]-----------------------------
# Calculate electric field on a boundary plane with 0th order edge-based element.
# Number of equation = 520, Number of equation after degeneration = 476
# Set values of matrix and right hand side vector. ( 3814 sec )
# Numerical factorization phase of matrix solver for boundary plane. Polarization : 1 Plane : 0. ( 3814 sec )
# Solve phase of matrix solver for boundary plane. Polarization : 1 Plane : 0. ( 3814 sec )
#-----------------------------[ Boundary Plane 1 ]-----------------------------
# Calculate electric field on a boundary plane with 0th order edge-based element.
# Number of equation = 520, Number of equation after degeneration = 476
# Set values of matrix and right hand side vector. ( 3814 sec )
# Numerical factorization phase of matrix solver for boundary plane. Polarization : 1 Plane : 1. ( 3814 sec )
# Solve phase of matrix solver for boundary plane. Polarization : 1 Plane : 1. ( 3814 sec )
#------------------------------------------------------------------------------
# Set values of matrix and right hand side vector. ( 3814 sec )
# Numerical factorization phase of matrix solver for 3D forward calculation. Polarization : 1.( 3816 sec )
# Solve phase of matrix solver for 3D forward calculation. Polarization : 1.( 3837 sec )
# Calulate right-hand sides vectors consisting of interpolator vectors.( 3837 sec )
# Solve phase of matrix solver for right-hand sides consisting of interpolator vectors.( 3838 sec )
# Solve phase is performed simultaneously for 288 right-hand sides( 3838 sec )
# Calculate derivatives of EM field.( 3848 sec )
#==============================================================================
# Calculate response functions. ( 3861 sec )
# Calculate sensitivity matrix of frequency 100[Hz].( 3861 sec )
# Sensitivity matrix of frequency 100[Hz] is saved in the out-of-core file sensMatFreq17.
#==============================================================================
#================================================================================================
# Start forward calculation. Frequency : 158.48 [Hz], Polarization : Ex-polarization
#================================================================================================
# Start 3D forward calculation with 0th order 3D edge-based element.( 3862 sec )
# Number of equation = 475883, Number of equation after degeneration = 473549
# Calculating EM field of the boundary planes with 2D forward analysis.        
#-----------------------------[ Boundary Plane 2 ]-----------------------------
# Calculate electric field on a boundary plane with 0th order edge-based element.
# Number of equation = 514, Number of equation after degeneration = 470
# Set values of matrix and right hand side vector. ( 3862 sec )
# Numerical factorization phase of matrix solver for boundary plane. Polarization : 0 Plane : 2. ( 3862 sec )
# Solve phase of matrix solver for boundary plane. Polarization : 0 Plane : 2. ( 3862 sec )
#-----------------------------[ Boundary Plane 3 ]-----------------------------
# Calculate electric field on a boundary plane with 0th order edge-based element.
# Number of equation = 514, Number of equation after degeneration = 470
# Set values of matrix and right hand side vector. ( 3862 sec )
# Numerical factorization phase of matrix solver for boundary plane. Polarization : 0 Plane : 3. ( 3862 sec )
# Solve phase of matrix solver for boundary plane. Polarization : 0 Plane : 3. ( 3862 sec )
#------------------------------------------------------------------------------
# Set values of matrix and right hand side vector. ( 3862 sec )
# Numerical factorization phase of matrix solver for 3D forward calculation. Polarization : 0.( 3864 sec )
# Solve phase of matrix solver for 3D forward calculation. Polarization : 0.( 3885 sec )
# Calulate right-hand sides vectors consisting of interpolator vectors.( 3885 sec )
# Solve phase of matrix solver for right-hand sides consisting of interpolator vectors.( 3886 sec )
# Solve phase is performed simultaneously for 292 right-hand sides( 3886 sec )
# Calculate derivatives of EM field.( 3897 sec )
#================================================================================================
# Start forward calculation. Frequency : 158.48 [Hz], Polarization : Ey-polarization
#================================================================================================
# Start 3D forward calculation with 0th order 3D edge-based element.( 3910 sec )
# Number of equation = 475883, Number of equation after degeneration = 473549
# Calculating EM field of the boundary planes with 2D forward analysis.        
#-----------------------------[ Boundary Plane 0 ]-----------------------------
# Calculate electric field on a boundary plane with 0th order edge-based element.
# Number of equation = 520, Number of equation after degeneration = 476
# Set values of matrix and right hand side vector. ( 3910 sec )
# Numerical factorization phase of matrix solver for boundary plane. Polarization : 1 Plane : 0. ( 3910 sec )
# Solve phase of matrix solver for boundary plane. Polarization : 1 Plane : 0. ( 3910 sec )
#-----------------------------[ Boundary Plane 1 ]-----------------------------
# Calculate electric field on a boundary plane with 0th order edge-based element.
# Number of equation = 520, Number of equation after degeneration = 476
# Set values of matrix and right hand side vector. ( 3910 sec )
# Numerical factorization phase of matrix solver for boundary plane. Polarization : 1 Plane : 1. ( 3910 sec )
# Solve phase of matrix solver for boundary plane. Polarization : 1 Plane : 1. ( 3910 sec )
#------------------------------------------------------------------------------
# Set values of matrix and right hand side vector. ( 3910 sec )
# Numerical factorization phase of matrix solver for 3D forward calculation. Polarization : 1.( 3912 sec )
# Solve phase of matrix solver for 3D forward calculation. Polarization : 1.( 3933 sec )
# Calulate right-hand sides vectors consisting of interpolator vectors.( 3933 sec )
# Solve phase of matrix solver for right-hand sides consisting of interpolator vectors.( 3934 sec )
# Solve phase is performed simultaneously for 292 right-hand sides( 3934 sec )
# Calculate derivatives of EM field.( 3944 sec )
#==============================================================================
# Calculate response functions. ( 3957 sec )
# Calculate sensitivity matrix of frequency 158.48[Hz].( 3957 sec )
# Sensitivity matrix of frequency 158.48[Hz] is saved in the out-of-core file sensMatFreq18.
#==============================================================================
#================================================================================================
# Start forward calculation. Frequency : 251.18 [Hz], Polarization : Ex-polarization
#================================================================================================
# Start 3D forward calculation with 0th order 3D edge-based element.( 3958 sec )
# Number of equation = 475883, Number of equation after degeneration = 473549
# Calculating EM field of the boundary planes with 2D forward analysis.        
#-----------------------------[ Boundary Plane 2 ]-----------------------------
# Calculate electric field on a boundary plane with 0th order edge-based element.
# Number of equation = 514, Number of equation after degeneration = 470
# Set values of matrix and right hand side vector. ( 3958 sec )
# Numerical factorization phase of matrix solver for boundary plane. Polarization : 0 Plane : 2. ( 3958 sec )
# Solve phase of matrix solver for boundary plane. Polarization : 0 Plane : 2. ( 3958 sec )
#-----------------------------[ Boundary Plane 3 ]-----------------------------
# Calculate electric field on a boundary plane with 0th order edge-based element.
# Number of equation = 514, Number of equation after degeneration = 470
# Set values of matrix and right hand side vector. ( 3958 sec )
# Numerical factorization phase of matrix solver for boundary plane. Polarization : 0 Plane : 3. ( 3958 sec )
# Solve phase of matrix solver for boundary plane. Polarization : 0 Plane : 3. ( 3958 sec )
#------------------------------------------------------------------------------
# Set values of matrix and right hand side vector. ( 3958 sec )
# Numerical factorization phase of matrix solver for 3D forward calculation. Polarization : 0.( 3960 sec )
# Solve phase of matrix solver for 3D forward calculation. Polarization : 0.( 3981 sec )
# Calulate right-hand sides vectors consisting of interpolator vectors.( 3981 sec )
# Solve phase of matrix solver for right-hand sides consisting of interpolator vectors.( 3982 sec )
# Solve phase is performed simultaneously for 295 right-hand sides( 3982 sec )
# Calculate derivatives of EM field.( 3993 sec )
#================================================================================================
# Start forward calculation. Frequency : 251.18 [Hz], Polarization : Ey-polarization
#================================================================================================
# Start 3D forward calculation with 0th order 3D edge-based element.( 4005 sec )
# Number of equation = 475883, Number of equation after degeneration = 473549
# Calculating EM field of the boundary planes with 2D forward analysis.        
#-----------------------------[ Boundary Plane 0 ]-----------------------------
# Calculate electric field on a boundary plane with 0th order edge-based element.
# Number of equation = 520, Number of equation after degeneration = 476
# Set values of matrix and right hand side vector. ( 4005 sec )
# Numerical factorization phase of matrix solver for boundary plane. Polarization : 1 Plane : 0. ( 4005 sec )
# Solve phase of matrix solver for boundary plane. Polarization : 1 Plane : 0. ( 4005 sec )
#-----------------------------[ Boundary Plane 1 ]-----------------------------
# Calculate electric field on a boundary plane with 0th order edge-based element.
# Number of equation = 520, Number of equation after degeneration = 476
# Set values of matrix and right hand side vector. ( 4005 sec )
# Numerical factorization phase of matrix solver for boundary plane. Polarization : 1 Plane : 1. ( 4005 sec )
# Solve phase of matrix solver for boundary plane. Polarization : 1 Plane : 1. ( 4005 sec )
#------------------------------------------------------------------------------
# Set values of matrix and right hand side vector. ( 4005 sec )
# Numerical factorization phase of matrix solver for 3D forward calculation. Polarization : 1.( 4008 sec )
# Solve phase of matrix solver for 3D forward calculation. Polarization : 1.( 4028 sec )
# Calulate right-hand sides vectors consisting of interpolator vectors.( 4029 sec )
# Solve phase of matrix solver for right-hand sides consisting of interpolator vectors.( 4030 sec )
# Solve phase is performed simultaneously for 295 right-hand sides( 4030 sec )
# Calculate derivatives of EM field.( 4040 sec )
#==============================================================================
# Calculate response functions. ( 4052 sec )
# Calculate sensitivity matrix of frequency 251.18[Hz].( 4052 sec )
# Sensitivity matrix of frequency 251.18[Hz] is saved in the out-of-core file sensMatFreq19.
#==============================================================================
#================================================================================================
# Start forward calculation. Frequency : 398.1 [Hz], Polarization : Ex-polarization
#================================================================================================
# Start 3D forward calculation with 0th order 3D edge-based element.( 4053 sec )
# Number of equation = 475883, Number of equation after degeneration = 473549
# Calculating EM field of the boundary planes with 2D forward analysis.        
#-----------------------------[ Boundary Plane 2 ]-----------------------------
# Calculate electric field on a boundary plane with 0th order edge-based element.
# Number of equation = 514, Number of equation after degeneration = 470
# Set values of matrix and right hand side vector. ( 4053 sec )
# Numerical factorization phase of matrix solver for boundary plane. Polarization : 0 Plane : 2. ( 4053 sec )
# Solve phase of matrix solver for boundary plane. Polarization : 0 Plane : 2. ( 4053 sec )
#-----------------------------[ Boundary Plane 3 ]-----------------------------
# Calculate electric field on a boundary plane with 0th order edge-based element.
# Number of equation = 514, Number of equation after degeneration = 470
# Set values of matrix and right hand side vector. ( 4053 sec )
# Numerical factorization phase of matrix solver for boundary plane. Polarization : 0 Plane : 3. ( 4053 sec )
# Solve phase of matrix solver for boundary plane. Polarization : 0 Plane : 3. ( 4053 sec )
#------------------------------------------------------------------------------
# Set values of matrix and right hand side vector. ( 4053 sec )
# Numerical factorization phase of matrix solver for 3D forward calculation. Polarization : 0.( 4055 sec )
# Solve phase of matrix solver for 3D forward calculation. Polarization : 0.( 4076 sec )
# Calulate right-hand sides vectors consisting of interpolator vectors.( 4076 sec )
# Solve phase of matrix solver for right-hand sides consisting of interpolator vectors.( 4077 sec )
# Solve phase is performed simultaneously for 305 right-hand sides( 4077 sec )
# Calculate derivatives of EM field.( 4088 sec )
#================================================================================================
# Start forward calculation. Frequency : 398.1 [Hz], Polarization : Ey-polarization
#================================================================================================
# Start 3D forward calculation with 0th order 3D edge-based element.( 4101 sec )
# Number of equation = 475883, Number of equation after degeneration = 473549
# Calculating EM field of the boundary planes with 2D forward analysis.        
#-----------------------------[ Boundary Plane 0 ]-----------------------------
# Calculate electric field on a boundary plane with 0th order edge-based element.
# Number of equation = 520, Number of equation after degeneration = 476
# Set values of matrix and right hand side vector. ( 4101 sec )
# Numerical factorization phase of matrix solver for boundary plane. Polarization : 1 Plane : 0. ( 4101 sec )
# Solve phase of matrix solver for boundary plane. Polarization : 1 Plane : 0. ( 4101 sec )
#-----------------------------[ Boundary Plane 1 ]-----------------------------
# Calculate electric field on a boundary plane with 0th order edge-based element.
# Number of equation = 520, Number of equation after degeneration = 476
# Set values of matrix and right hand side vector. ( 4101 sec )
# Numerical factorization phase of matrix solver for boundary plane. Polarization : 1 Plane : 1. ( 4101 sec )
# Solve phase of matrix solver for boundary plane. Polarization : 1 Plane : 1. ( 4101 sec )
#------------------------------------------------------------------------------
# Set values of matrix and right hand side vector. ( 4101 sec )
# Numerical factorization phase of matrix solver for 3D forward calculation. Polarization : 1.( 4103 sec )
# Solve phase of matrix solver for 3D forward calculation. Polarization : 1.( 4124 sec )
# Calulate right-hand sides vectors consisting of interpolator vectors.( 4124 sec )
# Solve phase of matrix solver for right-hand sides consisting of interpolator vectors.( 4125 sec )
# Solve phase is performed simultaneously for 305 right-hand sides( 4125 sec )
# Calculate derivatives of EM field.( 4136 sec )
#==============================================================================
# Calculate response functions. ( 4149 sec )
# Calculate sensitivity matrix of frequency 398.1[Hz].( 4149 sec )
# Sensitivity matrix of frequency 398.1[Hz] is saved in the out-of-core file sensMatFreq20.
#==============================================================================
#================================================================================================
# Start forward calculation. Frequency : 630.95 [Hz], Polarization : Ex-polarization
#================================================================================================
# Start 3D forward calculation with 0th order 3D edge-based element.( 4149 sec )
# Number of equation = 475883, Number of equation after degeneration = 473549
# Calculating EM field of the boundary planes with 2D forward analysis.        
#-----------------------------[ Boundary Plane 2 ]-----------------------------
# Calculate electric field on a boundary plane with 0th order edge-based element.
# Number of equation = 514, Number of equation after degeneration = 470
# Set values of matrix and right hand side vector. ( 4149 sec )
# Numerical factorization phase of matrix solver for boundary plane. Polarization : 0 Plane : 2. ( 4149 sec )
# Solve phase of matrix solver for boundary plane. Polarization : 0 Plane : 2. ( 4149 sec )
#-----------------------------[ Boundary Plane 3 ]-----------------------------
# Calculate electric field on a boundary plane with 0th order edge-based element.
# Number of equation = 514, Number of equation after degeneration = 470
# Set values of matrix and right hand side vector. ( 4149 sec )
# Numerical factorization phase of matrix solver for boundary plane. Polarization : 0 Plane : 3. ( 4149 sec )
# Solve phase of matrix solver for boundary plane. Polarization : 0 Plane : 3. ( 4149 sec )
#------------------------------------------------------------------------------
# Set values of matrix and right hand side vector. ( 4149 sec )
# Numerical factorization phase of matrix solver for 3D forward calculation. Polarization : 0.( 4152 sec )
# Solve phase of matrix solver for 3D forward calculation. Polarization : 0.( 4172 sec )
# Calulate right-hand sides vectors consisting of interpolator vectors.( 4173 sec )
# Solve phase of matrix solver for right-hand sides consisting of interpolator vectors.( 4174 sec )
# Solve phase is performed simultaneously for 312 right-hand sides( 4174 sec )
# Calculate derivatives of EM field.( 4185 sec )
#================================================================================================
# Start forward calculation. Frequency : 630.95 [Hz], Polarization : Ey-polarization
#================================================================================================
# Start 3D forward calculation with 0th order 3D edge-based element.( 4197 sec )
# Number of equation = 475883, Number of equation after degeneration = 473549
# Calculating EM field of the boundary planes with 2D forward analysis.        
#-----------------------------[ Boundary Plane 0 ]-----------------------------
# Calculate electric field on a boundary plane with 0th order edge-based element.
# Number of equation = 520, Number of equation after degeneration = 476
# Set values of matrix and right hand side vector. ( 4197 sec )
# Numerical factorization phase of matrix solver for boundary plane. Polarization : 1 Plane : 0. ( 4197 sec )
# Solve phase of matrix solver for boundary plane. Polarization : 1 Plane : 0. ( 4197 sec )
#-----------------------------[ Boundary Plane 1 ]-----------------------------
# Calculate electric field on a boundary plane with 0th order edge-based element.
# Number of equation = 520, Number of equation after degeneration = 476
# Set values of matrix and right hand side vector. ( 4197 sec )
# Numerical factorization phase of matrix solver for boundary plane. Polarization : 1 Plane : 1. ( 4197 sec )
# Solve phase of matrix solver for boundary plane. Polarization : 1 Plane : 1. ( 4197 sec )
#------------------------------------------------------------------------------
# Set values of matrix and right hand side vector. ( 4197 sec )
# Numerical factorization phase of matrix solver for 3D forward calculation. Polarization : 1.( 4199 sec )
# Solve phase of matrix solver for 3D forward calculation. Polarization : 1.( 4220 sec )
# Calulate right-hand sides vectors consisting of interpolator vectors.( 4220 sec )
# Solve phase of matrix solver for right-hand sides consisting of interpolator vectors.( 4222 sec )
# Solve phase is performed simultaneously for 312 right-hand sides( 4222 sec )
# Calculate derivatives of EM field.( 4232 sec )
#==============================================================================
# Calculate response functions. ( 4244 sec )
# Calculate sensitivity matrix of frequency 630.95[Hz].( 4244 sec )
# Sensitivity matrix of frequency 630.95[Hz] is saved in the out-of-core file sensMatFreq21.
#==============================================================================
#================================================================================================
# Start forward calculation. Frequency : 1000 [Hz], Polarization : Ex-polarization
#================================================================================================
# Start 3D forward calculation with 0th order 3D edge-based element.( 4245 sec )
# Number of equation = 475883, Number of equation after degeneration = 473549
# Calculating EM field of the boundary planes with 2D forward analysis.        
#-----------------------------[ Boundary Plane 2 ]-----------------------------
# Calculate electric field on a boundary plane with 0th order edge-based element.
# Number of equation = 514, Number of equation after degeneration = 470
# Set values of matrix and right hand side vector. ( 4245 sec )
# Numerical factorization phase of matrix solver for boundary plane. Polarization : 0 Plane : 2. ( 4245 sec )
# Solve phase of matrix solver for boundary plane. Polarization : 0 Plane : 2. ( 4245 sec )
#-----------------------------[ Boundary Plane 3 ]-----------------------------
# Calculate electric field on a boundary plane with 0th order edge-based element.
# Number of equation = 514, Number of equation after degeneration = 470
# Set values of matrix and right hand side vector. ( 4245 sec )
# Numerical factorization phase of matrix solver for boundary plane. Polarization : 0 Plane : 3. ( 4245 sec )
# Solve phase of matrix solver for boundary plane. Polarization : 0 Plane : 3. ( 4245 sec )
#------------------------------------------------------------------------------
# Set values of matrix and right hand side vector. ( 4245 sec )
# Numerical factorization phase of matrix solver for 3D forward calculation. Polarization : 0.( 4247 sec )
# Solve phase of matrix solver for 3D forward calculation. Polarization : 0.( 4268 sec )
# Calulate right-hand sides vectors consisting of interpolator vectors.( 4268 sec )
# Solve phase of matrix solver for right-hand sides consisting of interpolator vectors.( 4269 sec )
# Solve phase is performed simultaneously for 260 right-hand sides( 4269 sec )
# Calculate derivatives of EM field.( 4278 sec )
#================================================================================================
# Start forward calculation. Frequency : 1000 [Hz], Polarization : Ey-polarization
#================================================================================================
# Start 3D forward calculation with 0th order 3D edge-based element.( 4291 sec )
# Number of equation = 475883, Number of equation after degeneration = 473549
# Calculating EM field of the boundary planes with 2D forward analysis.        
#-----------------------------[ Boundary Plane 0 ]-----------------------------
# Calculate electric field on a boundary plane with 0th order edge-based element.
# Number of equation = 520, Number of equation after degeneration = 476
# Set values of matrix and right hand side vector. ( 4291 sec )
# Numerical factorization phase of matrix solver for boundary plane. Polarization : 1 Plane : 0. ( 4291 sec )
# Solve phase of matrix solver for boundary plane. Polarization : 1 Plane : 0. ( 4291 sec )
#-----------------------------[ Boundary Plane 1 ]-----------------------------
# Calculate electric field on a boundary plane with 0th order edge-based element.
# Number of equation = 520, Number of equation after degeneration = 476
# Set values of matrix and right hand side vector. ( 4291 sec )
# Numerical factorization phase of matrix solver for boundary plane. Polarization : 1 Plane : 1. ( 4291 sec )
# Solve phase of matrix solver for boundary plane. Polarization : 1 Plane : 1. ( 4291 sec )
#------------------------------------------------------------------------------
# Set values of matrix and right hand side vector. ( 4291 sec )
# Numerical factorization phase of matrix solver for 3D forward calculation. Polarization : 1.( 4293 sec )
# Solve phase of matrix solver for 3D forward calculation. Polarization : 1.( 4313 sec )
# Calulate right-hand sides vectors consisting of interpolator vectors.( 4314 sec )
# Solve phase of matrix solver for right-hand sides consisting of interpolator vectors.( 4315 sec )
# Solve phase is performed simultaneously for 260 right-hand sides( 4315 sec )
# Calculate derivatives of EM field.( 4324 sec )
#==============================================================================
# Calculate response functions. ( 4337 sec )
# Calculate sensitivity matrix of frequency 1000[Hz].( 4337 sec )
# Sensitivity matrix of frequency 1000[Hz] is saved in the out-of-core file sensMatFreq22.
#==============================================================================
# Release memory of coefficient matrix and sparse solver. ( 4337 sec )
###############################################################################
# Start Inversion.  Iteration : 6
###############################################################################
# Number of model : 54779
# Number of frequencies of this PE : 6
# Calculate constraining matrix. ( 4340 sec )
# Analyse constraining matrix.( 4340 sec )
# Analyse transposed constraining matrix.( 4340 sec )
# Factorize constraining matrix.( 4341 sec )
# Factorize transposed constraining matrix.( 4341 sec )
# Number of data of this PE : 3016
# Read sensitivity matrix from sensMatFreq17.( 4341 sec )
# Multiply transposed sensitivity matrix by inverse of transposed constraining matrix. ( 4342 sec )
# Solve phase is performed simultaneously for 496 right-hand sides( 4342 sec )
# Read sensitivity matrix from sensMatFreq18.( 4343 sec )
# Multiply transposed sensitivity matrix by inverse of transposed constraining matrix. ( 4345 sec )
# Solve phase is performed simultaneously for 504 right-hand sides( 4345 sec )
# Read sensitivity matrix from sensMatFreq19.( 4346 sec )
# Multiply transposed sensitivity matrix by inverse of transposed constraining matrix. ( 4348 sec )
# Solve phase is performed simultaneously for 508 right-hand sides( 4348 sec )
# Read sensitivity matrix from sensMatFreq20.( 4349 sec )
# Multiply transposed sensitivity matrix by inverse of transposed constraining matrix. ( 4350 sec )
# Solve phase is performed simultaneously for 524 right-hand sides( 4350 sec )
# Read sensitivity matrix from sensMatFreq21.( 4351 sec )
# Multiply transposed sensitivity matrix by inverse of transposed constraining matrix. ( 4353 sec )
# Solve phase is performed simultaneously for 536 right-hand sides( 4353 sec )
# Read sensitivity matrix from sensMatFreq22.( 4354 sec )
# Multiply transposed sensitivity matrix by inverse of transposed constraining matrix. ( 4355 sec )
# Solve phase is performed simultaneously for 448 right-hand sides( 4355 sec )
# Calculate right-hand side vector. ( 4356 sec )
# Read sensitivity matrix from sensMatFreq17.( 4356 sec )
# Read sensitivity matrix from sensMatFreq18.( 4356 sec )
# Read sensitivity matrix from sensMatFreq19.( 4356 sec )
# Read sensitivity matrix from sensMatFreq20.( 4356 sec )
# Read sensitivity matrix from sensMatFreq21.( 4356 sec )
# Read sensitivity matrix from sensMatFreq22.( 4356 sec )
# Read sensitivity matrix from sensMatFreq17.( 4406 sec )
# Read sensitivity matrix from sensMatFreq18.( 4406 sec )
# Read sensitivity matrix from sensMatFreq19.( 4406 sec )
# Read sensitivity matrix from sensMatFreq20.( 4406 sec )
# Read sensitivity matrix from sensMatFreq21.( 4406 sec )
# Read sensitivity matrix from sensMatFreq22.( 4406 sec )
# Calculate model increments. ( 4407 sec )
###############################################################################
# Start Forward Computation.  Iteration : 7,  Retrial : 0
###############################################################################
#================================================================================================
# Start forward calculation. Frequency : 100 [Hz], Polarization : Ex-polarization
#================================================================================================
# Start 3D forward calculation with 0th order 3D edge-based element.( 4408 sec )
# Number of equation = 475883, Number of equation after degeneration = 473549
# Calculating EM field of the boundary planes with 2D forward analysis.        
#-----------------------------[ Boundary Plane 2 ]-----------------------------
# Calculate electric field on a boundary plane with 0th order edge-based element.
# Number of equation = 514, Number of equation after degeneration = 470
# Set values of matrix and right hand side vector. ( 4408 sec )
# Numerical factorization phase of matrix solver for boundary plane. Polarization : 0 Plane : 2. ( 4408 sec )
# Solve phase of matrix solver for boundary plane. Polarization : 0 Plane : 2. ( 4408 sec )
#-----------------------------[ Boundary Plane 3 ]-----------------------------
# Calculate electric field on a boundary plane with 0th order edge-based element.
# Number of equation = 514, Number of equation after degeneration = 470
# Set values of matrix and right hand side vector. ( 4408 sec )
# Numerical factorization phase of matrix solver for boundary plane. Polarization : 0 Plane : 3. ( 4408 sec )
# Solve phase of matrix solver for boundary plane. Polarization : 0 Plane : 3. ( 4408 sec )
#------------------------------------------------------------------------------
# Set matrix structure. ( 4408 sec )
# Anaysis phase of matrix solver for 3D forward calculation. Polarization : 0. ( 4411 sec )
#++++++++++++++++++++++++++++++++++++++++++++++++++++++++++++++++++++++++++++++++++++++++++++++++
# Total peak memory required during the analysis and symbolic factorization phase    : 577748 [KByte]
# Permanent memory required from the analysis phase to the solve phases              : 482503 [KByte]
# Total memory consumed by in-core forward solver for internal float point arrays    : 4.12578e+06 [KByte]
# Minimum memory consumed by out-core forward solver for internal float point arrays : 68426 [KByte]
#++++++++++++++++++++++++++++++++++++++++++++++++++++++++++++++++++++++++++++++++++++++++++++++++
# Set values of matrix and right hand side vector. ( 4415 sec )
# Numerical factorization phase of matrix solver for 3D forward calculation. Polarization : 0.( 4417 sec )
# Solve phase of matrix solver for 3D forward calculation. Polarization : 0.( 4438 sec )
# Calulate right-hand sides vectors consisting of interpolator vectors.( 4438 sec )
# Solve phase of matrix solver for right-hand sides consisting of interpolator vectors.( 4440 sec )
# Solve phase is performed simultaneously for 288 right-hand sides( 4440 sec )
# Calculate derivatives of EM field.( 4450 sec )
#================================================================================================
# Start forward calculation. Frequency : 100 [Hz], Polarization : Ey-polarization
#================================================================================================
# Start 3D forward calculation with 0th order 3D edge-based element.( 4463 sec )
# Number of equation = 475883, Number of equation after degeneration = 473549
# Calculating EM field of the boundary planes with 2D forward analysis.        
#-----------------------------[ Boundary Plane 0 ]-----------------------------
# Calculate electric field on a boundary plane with 0th order edge-based element.
# Number of equation = 520, Number of equation after degeneration = 476
# Set values of matrix and right hand side vector. ( 4463 sec )
# Numerical factorization phase of matrix solver for boundary plane. Polarization : 1 Plane : 0. ( 4463 sec )
# Solve phase of matrix solver for boundary plane. Polarization : 1 Plane : 0. ( 4463 sec )
#-----------------------------[ Boundary Plane 1 ]-----------------------------
# Calculate electric field on a boundary plane with 0th order edge-based element.
# Number of equation = 520, Number of equation after degeneration = 476
# Set values of matrix and right hand side vector. ( 4463 sec )
# Numerical factorization phase of matrix solver for boundary plane. Polarization : 1 Plane : 1. ( 4463 sec )
# Solve phase of matrix solver for boundary plane. Polarization : 1 Plane : 1. ( 4463 sec )
#------------------------------------------------------------------------------
# Set values of matrix and right hand side vector. ( 4463 sec )
# Numerical factorization phase of matrix solver for 3D forward calculation. Polarization : 1.( 4465 sec )
# Solve phase of matrix solver for 3D forward calculation. Polarization : 1.( 4486 sec )
# Calulate right-hand sides vectors consisting of interpolator vectors.( 4486 sec )
# Solve phase of matrix solver for right-hand sides consisting of interpolator vectors.( 4488 sec )
# Solve phase is performed simultaneously for 288 right-hand sides( 4488 sec )
# Calculate derivatives of EM field.( 4497 sec )
#==============================================================================
# Calculate response functions. ( 4510 sec )
# Calculate sensitivity matrix of frequency 100[Hz].( 4511 sec )
# Sensitivity matrix of frequency 100[Hz] is saved in the out-of-core file sensMatFreq17.
#==============================================================================
#================================================================================================
# Start forward calculation. Frequency : 158.48 [Hz], Polarization : Ex-polarization
#================================================================================================
# Start 3D forward calculation with 0th order 3D edge-based element.( 4511 sec )
# Number of equation = 475883, Number of equation after degeneration = 473549
# Calculating EM field of the boundary planes with 2D forward analysis.        
#-----------------------------[ Boundary Plane 2 ]-----------------------------
# Calculate electric field on a boundary plane with 0th order edge-based element.
# Number of equation = 514, Number of equation after degeneration = 470
# Set values of matrix and right hand side vector. ( 4511 sec )
# Numerical factorization phase of matrix solver for boundary plane. Polarization : 0 Plane : 2. ( 4511 sec )
# Solve phase of matrix solver for boundary plane. Polarization : 0 Plane : 2. ( 4511 sec )
#-----------------------------[ Boundary Plane 3 ]-----------------------------
# Calculate electric field on a boundary plane with 0th order edge-based element.
# Number of equation = 514, Number of equation after degeneration = 470
# Set values of matrix and right hand side vector. ( 4511 sec )
# Numerical factorization phase of matrix solver for boundary plane. Polarization : 0 Plane : 3. ( 4511 sec )
# Solve phase of matrix solver for boundary plane. Polarization : 0 Plane : 3. ( 4511 sec )
#------------------------------------------------------------------------------
# Set values of matrix and right hand side vector. ( 4511 sec )
# Numerical factorization phase of matrix solver for 3D forward calculation. Polarization : 0.( 4514 sec )
# Solve phase of matrix solver for 3D forward calculation. Polarization : 0.( 4534 sec )
# Calulate right-hand sides vectors consisting of interpolator vectors.( 4535 sec )
# Solve phase of matrix solver for right-hand sides consisting of interpolator vectors.( 4536 sec )
# Solve phase is performed simultaneously for 292 right-hand sides( 4536 sec )
# Calculate derivatives of EM field.( 4547 sec )
#================================================================================================
# Start forward calculation. Frequency : 158.48 [Hz], Polarization : Ey-polarization
#================================================================================================
# Start 3D forward calculation with 0th order 3D edge-based element.( 4559 sec )
# Number of equation = 475883, Number of equation after degeneration = 473549
# Calculating EM field of the boundary planes with 2D forward analysis.        
#-----------------------------[ Boundary Plane 0 ]-----------------------------
# Calculate electric field on a boundary plane with 0th order edge-based element.
# Number of equation = 520, Number of equation after degeneration = 476
# Set values of matrix and right hand side vector. ( 4559 sec )
# Numerical factorization phase of matrix solver for boundary plane. Polarization : 1 Plane : 0. ( 4559 sec )
# Solve phase of matrix solver for boundary plane. Polarization : 1 Plane : 0. ( 4559 sec )
#-----------------------------[ Boundary Plane 1 ]-----------------------------
# Calculate electric field on a boundary plane with 0th order edge-based element.
# Number of equation = 520, Number of equation after degeneration = 476
# Set values of matrix and right hand side vector. ( 4559 sec )
# Numerical factorization phase of matrix solver for boundary plane. Polarization : 1 Plane : 1. ( 4559 sec )
# Solve phase of matrix solver for boundary plane. Polarization : 1 Plane : 1. ( 4559 sec )
#------------------------------------------------------------------------------
# Set values of matrix and right hand side vector. ( 4559 sec )
# Numerical factorization phase of matrix solver for 3D forward calculation. Polarization : 1.( 4561 sec )
# Solve phase of matrix solver for 3D forward calculation. Polarization : 1.( 4582 sec )
# Calulate right-hand sides vectors consisting of interpolator vectors.( 4582 sec )
# Solve phase of matrix solver for right-hand sides consisting of interpolator vectors.( 4583 sec )
# Solve phase is performed simultaneously for 292 right-hand sides( 4583 sec )
# Calculate derivatives of EM field.( 4594 sec )
#==============================================================================
# Calculate response functions. ( 4605 sec )
# Calculate sensitivity matrix of frequency 158.48[Hz].( 4605 sec )
# Sensitivity matrix of frequency 158.48[Hz] is saved in the out-of-core file sensMatFreq18.
#==============================================================================
#================================================================================================
# Start forward calculation. Frequency : 251.18 [Hz], Polarization : Ex-polarization
#================================================================================================
# Start 3D forward calculation with 0th order 3D edge-based element.( 4606 sec )
# Number of equation = 475883, Number of equation after degeneration = 473549
# Calculating EM field of the boundary planes with 2D forward analysis.        
#-----------------------------[ Boundary Plane 2 ]-----------------------------
# Calculate electric field on a boundary plane with 0th order edge-based element.
# Number of equation = 514, Number of equation after degeneration = 470
# Set values of matrix and right hand side vector. ( 4606 sec )
# Numerical factorization phase of matrix solver for boundary plane. Polarization : 0 Plane : 2. ( 4606 sec )
# Solve phase of matrix solver for boundary plane. Polarization : 0 Plane : 2. ( 4606 sec )
#-----------------------------[ Boundary Plane 3 ]-----------------------------
# Calculate electric field on a boundary plane with 0th order edge-based element.
# Number of equation = 514, Number of equation after degeneration = 470
# Set values of matrix and right hand side vector. ( 4606 sec )
# Numerical factorization phase of matrix solver for boundary plane. Polarization : 0 Plane : 3. ( 4606 sec )
# Solve phase of matrix solver for boundary plane. Polarization : 0 Plane : 3. ( 4606 sec )
#------------------------------------------------------------------------------
# Set values of matrix and right hand side vector. ( 4606 sec )
# Numerical factorization phase of matrix solver for 3D forward calculation. Polarization : 0.( 4608 sec )
# Solve phase of matrix solver for 3D forward calculation. Polarization : 0.( 4629 sec )
# Calulate right-hand sides vectors consisting of interpolator vectors.( 4629 sec )
# Solve phase of matrix solver for right-hand sides consisting of interpolator vectors.( 4631 sec )
# Solve phase is performed simultaneously for 295 right-hand sides( 4631 sec )
# Calculate derivatives of EM field.( 4642 sec )
#================================================================================================
# Start forward calculation. Frequency : 251.18 [Hz], Polarization : Ey-polarization
#================================================================================================
# Start 3D forward calculation with 0th order 3D edge-based element.( 4652 sec )
# Number of equation = 475883, Number of equation after degeneration = 473549
# Calculating EM field of the boundary planes with 2D forward analysis.        
#-----------------------------[ Boundary Plane 0 ]-----------------------------
# Calculate electric field on a boundary plane with 0th order edge-based element.
# Number of equation = 520, Number of equation after degeneration = 476
# Set values of matrix and right hand side vector. ( 4652 sec )
# Numerical factorization phase of matrix solver for boundary plane. Polarization : 1 Plane : 0. ( 4652 sec )
# Solve phase of matrix solver for boundary plane. Polarization : 1 Plane : 0. ( 4652 sec )
#-----------------------------[ Boundary Plane 1 ]-----------------------------
# Calculate electric field on a boundary plane with 0th order edge-based element.
# Number of equation = 520, Number of equation after degeneration = 476
# Set values of matrix and right hand side vector. ( 4652 sec )
# Numerical factorization phase of matrix solver for boundary plane. Polarization : 1 Plane : 1. ( 4652 sec )
# Solve phase of matrix solver for boundary plane. Polarization : 1 Plane : 1. ( 4652 sec )
#------------------------------------------------------------------------------
# Set values of matrix and right hand side vector. ( 4652 sec )
# Numerical factorization phase of matrix solver for 3D forward calculation. Polarization : 1.( 4654 sec )
# Solve phase of matrix solver for 3D forward calculation. Polarization : 1.( 4675 sec )
# Calulate right-hand sides vectors consisting of interpolator vectors.( 4675 sec )
# Solve phase of matrix solver for right-hand sides consisting of interpolator vectors.( 4677 sec )
# Solve phase is performed simultaneously for 295 right-hand sides( 4677 sec )
# Calculate derivatives of EM field.( 4687 sec )
#==============================================================================
# Calculate response functions. ( 4697 sec )
# Calculate sensitivity matrix of frequency 251.18[Hz].( 4697 sec )
# Sensitivity matrix of frequency 251.18[Hz] is saved in the out-of-core file sensMatFreq19.
#==============================================================================
#================================================================================================
# Start forward calculation. Frequency : 398.1 [Hz], Polarization : Ex-polarization
#================================================================================================
# Start 3D forward calculation with 0th order 3D edge-based element.( 4698 sec )
# Number of equation = 475883, Number of equation after degeneration = 473549
# Calculating EM field of the boundary planes with 2D forward analysis.        
#-----------------------------[ Boundary Plane 2 ]-----------------------------
# Calculate electric field on a boundary plane with 0th order edge-based element.
# Number of equation = 514, Number of equation after degeneration = 470
# Set values of matrix and right hand side vector. ( 4698 sec )
# Numerical factorization phase of matrix solver for boundary plane. Polarization : 0 Plane : 2. ( 4698 sec )
# Solve phase of matrix solver for boundary plane. Polarization : 0 Plane : 2. ( 4698 sec )
#-----------------------------[ Boundary Plane 3 ]-----------------------------
# Calculate electric field on a boundary plane with 0th order edge-based element.
# Number of equation = 514, Number of equation after degeneration = 470
# Set values of matrix and right hand side vector. ( 4698 sec )
# Numerical factorization phase of matrix solver for boundary plane. Polarization : 0 Plane : 3. ( 4698 sec )
# Solve phase of matrix solver for boundary plane. Polarization : 0 Plane : 3. ( 4698 sec )
#------------------------------------------------------------------------------
# Set values of matrix and right hand side vector. ( 4698 sec )
# Numerical factorization phase of matrix solver for 3D forward calculation. Polarization : 0.( 4700 sec )
# Solve phase of matrix solver for 3D forward calculation. Polarization : 0.( 4721 sec )
# Calulate right-hand sides vectors consisting of interpolator vectors.( 4722 sec )
# Solve phase of matrix solver for right-hand sides consisting of interpolator vectors.( 4723 sec )
# Solve phase is performed simultaneously for 305 right-hand sides( 4723 sec )
# Calculate derivatives of EM field.( 4734 sec )
#================================================================================================
# Start forward calculation. Frequency : 398.1 [Hz], Polarization : Ey-polarization
#================================================================================================
# Start 3D forward calculation with 0th order 3D edge-based element.( 4745 sec )
# Number of equation = 475883, Number of equation after degeneration = 473549
# Calculating EM field of the boundary planes with 2D forward analysis.        
#-----------------------------[ Boundary Plane 0 ]-----------------------------
# Calculate electric field on a boundary plane with 0th order edge-based element.
# Number of equation = 520, Number of equation after degeneration = 476
# Set values of matrix and right hand side vector. ( 4745 sec )
# Numerical factorization phase of matrix solver for boundary plane. Polarization : 1 Plane : 0. ( 4745 sec )
# Solve phase of matrix solver for boundary plane. Polarization : 1 Plane : 0. ( 4745 sec )
#-----------------------------[ Boundary Plane 1 ]-----------------------------
# Calculate electric field on a boundary plane with 0th order edge-based element.
# Number of equation = 520, Number of equation after degeneration = 476
# Set values of matrix and right hand side vector. ( 4745 sec )
# Numerical factorization phase of matrix solver for boundary plane. Polarization : 1 Plane : 1. ( 4745 sec )
# Solve phase of matrix solver for boundary plane. Polarization : 1 Plane : 1. ( 4745 sec )
#------------------------------------------------------------------------------
# Set values of matrix and right hand side vector. ( 4745 sec )
# Numerical factorization phase of matrix solver for 3D forward calculation. Polarization : 1.( 4747 sec )
# Solve phase of matrix solver for 3D forward calculation. Polarization : 1.( 4768 sec )
# Calulate right-hand sides vectors consisting of interpolator vectors.( 4768 sec )
# Solve phase of matrix solver for right-hand sides consisting of interpolator vectors.( 4770 sec )
# Solve phase is performed simultaneously for 305 right-hand sides( 4770 sec )
# Calculate derivatives of EM field.( 4780 sec )
#==============================================================================
# Calculate response functions. ( 4792 sec )
# Calculate sensitivity matrix of frequency 398.1[Hz].( 4792 sec )
# Sensitivity matrix of frequency 398.1[Hz] is saved in the out-of-core file sensMatFreq20.
#==============================================================================
#================================================================================================
# Start forward calculation. Frequency : 630.95 [Hz], Polarization : Ex-polarization
#================================================================================================
# Start 3D forward calculation with 0th order 3D edge-based element.( 4792 sec )
# Number of equation = 475883, Number of equation after degeneration = 473549
# Calculating EM field of the boundary planes with 2D forward analysis.        
#-----------------------------[ Boundary Plane 2 ]-----------------------------
# Calculate electric field on a boundary plane with 0th order edge-based element.
# Number of equation = 514, Number of equation after degeneration = 470
# Set values of matrix and right hand side vector. ( 4792 sec )
# Numerical factorization phase of matrix solver for boundary plane. Polarization : 0 Plane : 2. ( 4792 sec )
# Solve phase of matrix solver for boundary plane. Polarization : 0 Plane : 2. ( 4792 sec )
#-----------------------------[ Boundary Plane 3 ]-----------------------------
# Calculate electric field on a boundary plane with 0th order edge-based element.
# Number of equation = 514, Number of equation after degeneration = 470
# Set values of matrix and right hand side vector. ( 4792 sec )
# Numerical factorization phase of matrix solver for boundary plane. Polarization : 0 Plane : 3. ( 4792 sec )
# Solve phase of matrix solver for boundary plane. Polarization : 0 Plane : 3. ( 4792 sec )
#------------------------------------------------------------------------------
# Set values of matrix and right hand side vector. ( 4792 sec )
# Numerical factorization phase of matrix solver for 3D forward calculation. Polarization : 0.( 4795 sec )
# Solve phase of matrix solver for 3D forward calculation. Polarization : 0.( 4816 sec )
# Calulate right-hand sides vectors consisting of interpolator vectors.( 4816 sec )
# Solve phase of matrix solver for right-hand sides consisting of interpolator vectors.( 4817 sec )
# Solve phase is performed simultaneously for 312 right-hand sides( 4817 sec )
# Calculate derivatives of EM field.( 4829 sec )
#================================================================================================
# Start forward calculation. Frequency : 630.95 [Hz], Polarization : Ey-polarization
#================================================================================================
# Start 3D forward calculation with 0th order 3D edge-based element.( 4839 sec )
# Number of equation = 475883, Number of equation after degeneration = 473549
# Calculating EM field of the boundary planes with 2D forward analysis.        
#-----------------------------[ Boundary Plane 0 ]-----------------------------
# Calculate electric field on a boundary plane with 0th order edge-based element.
# Number of equation = 520, Number of equation after degeneration = 476
# Set values of matrix and right hand side vector. ( 4839 sec )
# Numerical factorization phase of matrix solver for boundary plane. Polarization : 1 Plane : 0. ( 4839 sec )
# Solve phase of matrix solver for boundary plane. Polarization : 1 Plane : 0. ( 4839 sec )
#-----------------------------[ Boundary Plane 1 ]-----------------------------
# Calculate electric field on a boundary plane with 0th order edge-based element.
# Number of equation = 520, Number of equation after degeneration = 476
# Set values of matrix and right hand side vector. ( 4839 sec )
# Numerical factorization phase of matrix solver for boundary plane. Polarization : 1 Plane : 1. ( 4839 sec )
# Solve phase of matrix solver for boundary plane. Polarization : 1 Plane : 1. ( 4839 sec )
#------------------------------------------------------------------------------
# Set values of matrix and right hand side vector. ( 4839 sec )
# Numerical factorization phase of matrix solver for 3D forward calculation. Polarization : 1.( 4841 sec )
# Solve phase of matrix solver for 3D forward calculation. Polarization : 1.( 4862 sec )
# Calulate right-hand sides vectors consisting of interpolator vectors.( 4862 sec )
# Solve phase of matrix solver for right-hand sides consisting of interpolator vectors.( 4864 sec )
# Solve phase is performed simultaneously for 312 right-hand sides( 4864 sec )
# Calculate derivatives of EM field.( 4875 sec )
#==============================================================================
# Calculate response functions. ( 4884 sec )
# Calculate sensitivity matrix of frequency 630.95[Hz].( 4884 sec )
# Sensitivity matrix of frequency 630.95[Hz] is saved in the out-of-core file sensMatFreq21.
#==============================================================================
#================================================================================================
# Start forward calculation. Frequency : 1000 [Hz], Polarization : Ex-polarization
#================================================================================================
# Start 3D forward calculation with 0th order 3D edge-based element.( 4885 sec )
# Number of equation = 475883, Number of equation after degeneration = 473549
# Calculating EM field of the boundary planes with 2D forward analysis.        
#-----------------------------[ Boundary Plane 2 ]-----------------------------
# Calculate electric field on a boundary plane with 0th order edge-based element.
# Number of equation = 514, Number of equation after degeneration = 470
# Set values of matrix and right hand side vector. ( 4885 sec )
# Numerical factorization phase of matrix solver for boundary plane. Polarization : 0 Plane : 2. ( 4885 sec )
# Solve phase of matrix solver for boundary plane. Polarization : 0 Plane : 2. ( 4885 sec )
#-----------------------------[ Boundary Plane 3 ]-----------------------------
# Calculate electric field on a boundary plane with 0th order edge-based element.
# Number of equation = 514, Number of equation after degeneration = 470
# Set values of matrix and right hand side vector. ( 4885 sec )
# Numerical factorization phase of matrix solver for boundary plane. Polarization : 0 Plane : 3. ( 4885 sec )
# Solve phase of matrix solver for boundary plane. Polarization : 0 Plane : 3. ( 4885 sec )
#------------------------------------------------------------------------------
# Set values of matrix and right hand side vector. ( 4885 sec )
# Numerical factorization phase of matrix solver for 3D forward calculation. Polarization : 0.( 4887 sec )
# Solve phase of matrix solver for 3D forward calculation. Polarization : 0.( 4908 sec )
# Calulate right-hand sides vectors consisting of interpolator vectors.( 4908 sec )
# Solve phase of matrix solver for right-hand sides consisting of interpolator vectors.( 4909 sec )
# Solve phase is performed simultaneously for 260 right-hand sides( 4909 sec )
# Calculate derivatives of EM field.( 4919 sec )
#================================================================================================
# Start forward calculation. Frequency : 1000 [Hz], Polarization : Ey-polarization
#================================================================================================
# Start 3D forward calculation with 0th order 3D edge-based element.( 4929 sec )
# Number of equation = 475883, Number of equation after degeneration = 473549
# Calculating EM field of the boundary planes with 2D forward analysis.        
#-----------------------------[ Boundary Plane 0 ]-----------------------------
# Calculate electric field on a boundary plane with 0th order edge-based element.
# Number of equation = 520, Number of equation after degeneration = 476
# Set values of matrix and right hand side vector. ( 4929 sec )
# Numerical factorization phase of matrix solver for boundary plane. Polarization : 1 Plane : 0. ( 4929 sec )
# Solve phase of matrix solver for boundary plane. Polarization : 1 Plane : 0. ( 4929 sec )
#-----------------------------[ Boundary Plane 1 ]-----------------------------
# Calculate electric field on a boundary plane with 0th order edge-based element.
# Number of equation = 520, Number of equation after degeneration = 476
# Set values of matrix and right hand side vector. ( 4929 sec )
# Numerical factorization phase of matrix solver for boundary plane. Polarization : 1 Plane : 1. ( 4929 sec )
# Solve phase of matrix solver for boundary plane. Polarization : 1 Plane : 1. ( 4929 sec )
#------------------------------------------------------------------------------
# Set values of matrix and right hand side vector. ( 4929 sec )
# Numerical factorization phase of matrix solver for 3D forward calculation. Polarization : 1.( 4931 sec )
# Solve phase of matrix solver for 3D forward calculation. Polarization : 1.( 4952 sec )
# Calulate right-hand sides vectors consisting of interpolator vectors.( 4952 sec )
# Solve phase of matrix solver for right-hand sides consisting of interpolator vectors.( 4954 sec )
# Solve phase is performed simultaneously for 260 right-hand sides( 4954 sec )
# Calculate derivatives of EM field.( 4963 sec )
#==============================================================================
# Calculate response functions. ( 4974 sec )
# Calculate sensitivity matrix of frequency 1000[Hz].( 4974 sec )
# Sensitivity matrix of frequency 1000[Hz] is saved in the out-of-core file sensMatFreq22.
#==============================================================================
# Release memory of coefficient matrix and sparse solver. ( 4975 sec )
###############################################################################
# Start Forward Computation.  Iteration : 7,  Retrial : 1
###############################################################################
#================================================================================================
# Start forward calculation. Frequency : 100 [Hz], Polarization : Ex-polarization
#================================================================================================
# Start 3D forward calculation with 0th order 3D edge-based element.( 4975 sec )
# Number of equation = 475883, Number of equation after degeneration = 473549
# Calculating EM field of the boundary planes with 2D forward analysis.        
#-----------------------------[ Boundary Plane 2 ]-----------------------------
# Calculate electric field on a boundary plane with 0th order edge-based element.
# Number of equation = 514, Number of equation after degeneration = 470
# Set values of matrix and right hand side vector. ( 4975 sec )
# Numerical factorization phase of matrix solver for boundary plane. Polarization : 0 Plane : 2. ( 4975 sec )
# Solve phase of matrix solver for boundary plane. Polarization : 0 Plane : 2. ( 4975 sec )
#-----------------------------[ Boundary Plane 3 ]-----------------------------
# Calculate electric field on a boundary plane with 0th order edge-based element.
# Number of equation = 514, Number of equation after degeneration = 470
# Set values of matrix and right hand side vector. ( 4975 sec )
# Numerical factorization phase of matrix solver for boundary plane. Polarization : 0 Plane : 3. ( 4975 sec )
# Solve phase of matrix solver for boundary plane. Polarization : 0 Plane : 3. ( 4975 sec )
#------------------------------------------------------------------------------
# Set matrix structure. ( 4975 sec )
# Anaysis phase of matrix solver for 3D forward calculation. Polarization : 0. ( 4978 sec )
#++++++++++++++++++++++++++++++++++++++++++++++++++++++++++++++++++++++++++++++++++++++++++++++++
# Total peak memory required during the analysis and symbolic factorization phase    : 577116 [KByte]
# Permanent memory required from the analysis phase to the solve phases              : 482063 [KByte]
# Total memory consumed by in-core forward solver for internal float point arrays    : 4.10914e+06 [KByte]
# Minimum memory consumed by out-core forward solver for internal float point arrays : 68738 [KByte]
#++++++++++++++++++++++++++++++++++++++++++++++++++++++++++++++++++++++++++++++++++++++++++++++++
# Set values of matrix and right hand side vector. ( 4982 sec )
# Numerical factorization phase of matrix solver for 3D forward calculation. Polarization : 0.( 4984 sec )
# Solve phase of matrix solver for 3D forward calculation. Polarization : 0.( 5005 sec )
# Calulate right-hand sides vectors consisting of interpolator vectors.( 5005 sec )
# Solve phase of matrix solver for right-hand sides consisting of interpolator vectors.( 5006 sec )
# Solve phase is performed simultaneously for 288 right-hand sides( 5006 sec )
# Calculate derivatives of EM field.( 5016 sec )
#================================================================================================
# Start forward calculation. Frequency : 100 [Hz], Polarization : Ey-polarization
#================================================================================================
# Start 3D forward calculation with 0th order 3D edge-based element.( 5030 sec )
# Number of equation = 475883, Number of equation after degeneration = 473549
# Calculating EM field of the boundary planes with 2D forward analysis.        
#-----------------------------[ Boundary Plane 0 ]-----------------------------
# Calculate electric field on a boundary plane with 0th order edge-based element.
# Number of equation = 520, Number of equation after degeneration = 476
# Set values of matrix and right hand side vector. ( 5030 sec )
# Numerical factorization phase of matrix solver for boundary plane. Polarization : 1 Plane : 0. ( 5030 sec )
# Solve phase of matrix solver for boundary plane. Polarization : 1 Plane : 0. ( 5030 sec )
#-----------------------------[ Boundary Plane 1 ]-----------------------------
# Calculate electric field on a boundary plane with 0th order edge-based element.
# Number of equation = 520, Number of equation after degeneration = 476
# Set values of matrix and right hand side vector. ( 5030 sec )
# Numerical factorization phase of matrix solver for boundary plane. Polarization : 1 Plane : 1. ( 5030 sec )
# Solve phase of matrix solver for boundary plane. Polarization : 1 Plane : 1. ( 5030 sec )
#------------------------------------------------------------------------------
# Set values of matrix and right hand side vector. ( 5030 sec )
# Numerical factorization phase of matrix solver for 3D forward calculation. Polarization : 1.( 5032 sec )
# Solve phase of matrix solver for 3D forward calculation. Polarization : 1.( 5052 sec )
# Calulate right-hand sides vectors consisting of interpolator vectors.( 5053 sec )
# Solve phase of matrix solver for right-hand sides consisting of interpolator vectors.( 5054 sec )
# Solve phase is performed simultaneously for 288 right-hand sides( 5054 sec )
# Calculate derivatives of EM field.( 5064 sec )
#==============================================================================
# Calculate response functions. ( 5077 sec )
# Calculate sensitivity matrix of frequency 100[Hz].( 5077 sec )
# Sensitivity matrix of frequency 100[Hz] is saved in the out-of-core file sensMatFreq17.
#==============================================================================
#================================================================================================
# Start forward calculation. Frequency : 158.48 [Hz], Polarization : Ex-polarization
#================================================================================================
# Start 3D forward calculation with 0th order 3D edge-based element.( 5078 sec )
# Number of equation = 475883, Number of equation after degeneration = 473549
# Calculating EM field of the boundary planes with 2D forward analysis.        
#-----------------------------[ Boundary Plane 2 ]-----------------------------
# Calculate electric field on a boundary plane with 0th order edge-based element.
# Number of equation = 514, Number of equation after degeneration = 470
# Set values of matrix and right hand side vector. ( 5078 sec )
# Numerical factorization phase of matrix solver for boundary plane. Polarization : 0 Plane : 2. ( 5078 sec )
# Solve phase of matrix solver for boundary plane. Polarization : 0 Plane : 2. ( 5078 sec )
#-----------------------------[ Boundary Plane 3 ]-----------------------------
# Calculate electric field on a boundary plane with 0th order edge-based element.
# Number of equation = 514, Number of equation after degeneration = 470
# Set values of matrix and right hand side vector. ( 5078 sec )
# Numerical factorization phase of matrix solver for boundary plane. Polarization : 0 Plane : 3. ( 5078 sec )
# Solve phase of matrix solver for boundary plane. Polarization : 0 Plane : 3. ( 5078 sec )
#------------------------------------------------------------------------------
# Set values of matrix and right hand side vector. ( 5078 sec )
# Numerical factorization phase of matrix solver for 3D forward calculation. Polarization : 0.( 5080 sec )
# Solve phase of matrix solver for 3D forward calculation. Polarization : 0.( 5101 sec )
# Calulate right-hand sides vectors consisting of interpolator vectors.( 5101 sec )
# Solve phase of matrix solver for right-hand sides consisting of interpolator vectors.( 5102 sec )
# Solve phase is performed simultaneously for 292 right-hand sides( 5102 sec )
# Calculate derivatives of EM field.( 5113 sec )
#================================================================================================
# Start forward calculation. Frequency : 158.48 [Hz], Polarization : Ey-polarization
#================================================================================================
# Start 3D forward calculation with 0th order 3D edge-based element.( 5126 sec )
# Number of equation = 475883, Number of equation after degeneration = 473549
# Calculating EM field of the boundary planes with 2D forward analysis.        
#-----------------------------[ Boundary Plane 0 ]-----------------------------
# Calculate electric field on a boundary plane with 0th order edge-based element.
# Number of equation = 520, Number of equation after degeneration = 476
# Set values of matrix and right hand side vector. ( 5126 sec )
# Numerical factorization phase of matrix solver for boundary plane. Polarization : 1 Plane : 0. ( 5126 sec )
# Solve phase of matrix solver for boundary plane. Polarization : 1 Plane : 0. ( 5126 sec )
#-----------------------------[ Boundary Plane 1 ]-----------------------------
# Calculate electric field on a boundary plane with 0th order edge-based element.
# Number of equation = 520, Number of equation after degeneration = 476
# Set values of matrix and right hand side vector. ( 5126 sec )
# Numerical factorization phase of matrix solver for boundary plane. Polarization : 1 Plane : 1. ( 5126 sec )
# Solve phase of matrix solver for boundary plane. Polarization : 1 Plane : 1. ( 5126 sec )
#------------------------------------------------------------------------------
# Set values of matrix and right hand side vector. ( 5126 sec )
# Numerical factorization phase of matrix solver for 3D forward calculation. Polarization : 1.( 5129 sec )
# Solve phase of matrix solver for 3D forward calculation. Polarization : 1.( 5149 sec )
# Calulate right-hand sides vectors consisting of interpolator vectors.( 5149 sec )
# Solve phase of matrix solver for right-hand sides consisting of interpolator vectors.( 5151 sec )
# Solve phase is performed simultaneously for 292 right-hand sides( 5151 sec )
# Calculate derivatives of EM field.( 5161 sec )
#==============================================================================
# Calculate response functions. ( 5174 sec )
# Calculate sensitivity matrix of frequency 158.48[Hz].( 5174 sec )
# Sensitivity matrix of frequency 158.48[Hz] is saved in the out-of-core file sensMatFreq18.
#==============================================================================
#================================================================================================
# Start forward calculation. Frequency : 251.18 [Hz], Polarization : Ex-polarization
#================================================================================================
# Start 3D forward calculation with 0th order 3D edge-based element.( 5175 sec )
# Number of equation = 475883, Number of equation after degeneration = 473549
# Calculating EM field of the boundary planes with 2D forward analysis.        
#-----------------------------[ Boundary Plane 2 ]-----------------------------
# Calculate electric field on a boundary plane with 0th order edge-based element.
# Number of equation = 514, Number of equation after degeneration = 470
# Set values of matrix and right hand side vector. ( 5175 sec )
# Numerical factorization phase of matrix solver for boundary plane. Polarization : 0 Plane : 2. ( 5175 sec )
# Solve phase of matrix solver for boundary plane. Polarization : 0 Plane : 2. ( 5175 sec )
#-----------------------------[ Boundary Plane 3 ]-----------------------------
# Calculate electric field on a boundary plane with 0th order edge-based element.
# Number of equation = 514, Number of equation after degeneration = 470
# Set values of matrix and right hand side vector. ( 5175 sec )
# Numerical factorization phase of matrix solver for boundary plane. Polarization : 0 Plane : 3. ( 5175 sec )
# Solve phase of matrix solver for boundary plane. Polarization : 0 Plane : 3. ( 5175 sec )
#------------------------------------------------------------------------------
# Set values of matrix and right hand side vector. ( 5175 sec )
# Numerical factorization phase of matrix solver for 3D forward calculation. Polarization : 0.( 5177 sec )
# Solve phase of matrix solver for 3D forward calculation. Polarization : 0.( 5198 sec )
# Calulate right-hand sides vectors consisting of interpolator vectors.( 5198 sec )
# Solve phase of matrix solver for right-hand sides consisting of interpolator vectors.( 5200 sec )
# Solve phase is performed simultaneously for 295 right-hand sides( 5200 sec )
# Calculate derivatives of EM field.( 5210 sec )
#================================================================================================
# Start forward calculation. Frequency : 251.18 [Hz], Polarization : Ey-polarization
#================================================================================================
# Start 3D forward calculation with 0th order 3D edge-based element.( 5223 sec )
# Number of equation = 475883, Number of equation after degeneration = 473549
# Calculating EM field of the boundary planes with 2D forward analysis.        
#-----------------------------[ Boundary Plane 0 ]-----------------------------
# Calculate electric field on a boundary plane with 0th order edge-based element.
# Number of equation = 520, Number of equation after degeneration = 476
# Set values of matrix and right hand side vector. ( 5223 sec )
# Numerical factorization phase of matrix solver for boundary plane. Polarization : 1 Plane : 0. ( 5223 sec )
# Solve phase of matrix solver for boundary plane. Polarization : 1 Plane : 0. ( 5223 sec )
#-----------------------------[ Boundary Plane 1 ]-----------------------------
# Calculate electric field on a boundary plane with 0th order edge-based element.
# Number of equation = 520, Number of equation after degeneration = 476
# Set values of matrix and right hand side vector. ( 5223 sec )
# Numerical factorization phase of matrix solver for boundary plane. Polarization : 1 Plane : 1. ( 5223 sec )
# Solve phase of matrix solver for boundary plane. Polarization : 1 Plane : 1. ( 5223 sec )
#------------------------------------------------------------------------------
# Set values of matrix and right hand side vector. ( 5223 sec )
# Numerical factorization phase of matrix solver for 3D forward calculation. Polarization : 1.( 5226 sec )
# Solve phase of matrix solver for 3D forward calculation. Polarization : 1.( 5246 sec )
# Calulate right-hand sides vectors consisting of interpolator vectors.( 5246 sec )
# Solve phase of matrix solver for right-hand sides consisting of interpolator vectors.( 5248 sec )
# Solve phase is performed simultaneously for 295 right-hand sides( 5248 sec )
# Calculate derivatives of EM field.( 5258 sec )
#==============================================================================
# Calculate response functions. ( 5271 sec )
# Calculate sensitivity matrix of frequency 251.18[Hz].( 5271 sec )
# Sensitivity matrix of frequency 251.18[Hz] is saved in the out-of-core file sensMatFreq19.
#==============================================================================
#================================================================================================
# Start forward calculation. Frequency : 398.1 [Hz], Polarization : Ex-polarization
#================================================================================================
# Start 3D forward calculation with 0th order 3D edge-based element.( 5272 sec )
# Number of equation = 475883, Number of equation after degeneration = 473549
# Calculating EM field of the boundary planes with 2D forward analysis.        
#-----------------------------[ Boundary Plane 2 ]-----------------------------
# Calculate electric field on a boundary plane with 0th order edge-based element.
# Number of equation = 514, Number of equation after degeneration = 470
# Set values of matrix and right hand side vector. ( 5272 sec )
# Numerical factorization phase of matrix solver for boundary plane. Polarization : 0 Plane : 2. ( 5272 sec )
# Solve phase of matrix solver for boundary plane. Polarization : 0 Plane : 2. ( 5272 sec )
#-----------------------------[ Boundary Plane 3 ]-----------------------------
# Calculate electric field on a boundary plane with 0th order edge-based element.
# Number of equation = 514, Number of equation after degeneration = 470
# Set values of matrix and right hand side vector. ( 5272 sec )
# Numerical factorization phase of matrix solver for boundary plane. Polarization : 0 Plane : 3. ( 5272 sec )
# Solve phase of matrix solver for boundary plane. Polarization : 0 Plane : 3. ( 5272 sec )
#------------------------------------------------------------------------------
# Set values of matrix and right hand side vector. ( 5272 sec )
# Numerical factorization phase of matrix solver for 3D forward calculation. Polarization : 0.( 5274 sec )
# Solve phase of matrix solver for 3D forward calculation. Polarization : 0.( 5295 sec )
# Calulate right-hand sides vectors consisting of interpolator vectors.( 5295 sec )
# Solve phase of matrix solver for right-hand sides consisting of interpolator vectors.( 5296 sec )
# Solve phase is performed simultaneously for 305 right-hand sides( 5296 sec )
# Calculate derivatives of EM field.( 5308 sec )
#================================================================================================
# Start forward calculation. Frequency : 398.1 [Hz], Polarization : Ey-polarization
#================================================================================================
# Start 3D forward calculation with 0th order 3D edge-based element.( 5321 sec )
# Number of equation = 475883, Number of equation after degeneration = 473549
# Calculating EM field of the boundary planes with 2D forward analysis.        
#-----------------------------[ Boundary Plane 0 ]-----------------------------
# Calculate electric field on a boundary plane with 0th order edge-based element.
# Number of equation = 520, Number of equation after degeneration = 476
# Set values of matrix and right hand side vector. ( 5321 sec )
# Numerical factorization phase of matrix solver for boundary plane. Polarization : 1 Plane : 0. ( 5321 sec )
# Solve phase of matrix solver for boundary plane. Polarization : 1 Plane : 0. ( 5321 sec )
#-----------------------------[ Boundary Plane 1 ]-----------------------------
# Calculate electric field on a boundary plane with 0th order edge-based element.
# Number of equation = 520, Number of equation after degeneration = 476
# Set values of matrix and right hand side vector. ( 5321 sec )
# Numerical factorization phase of matrix solver for boundary plane. Polarization : 1 Plane : 1. ( 5321 sec )
# Solve phase of matrix solver for boundary plane. Polarization : 1 Plane : 1. ( 5321 sec )
#------------------------------------------------------------------------------
# Set values of matrix and right hand side vector. ( 5321 sec )
# Numerical factorization phase of matrix solver for 3D forward calculation. Polarization : 1.( 5324 sec )
# Solve phase of matrix solver for 3D forward calculation. Polarization : 1.( 5344 sec )
# Calulate right-hand sides vectors consisting of interpolator vectors.( 5344 sec )
# Solve phase of matrix solver for right-hand sides consisting of interpolator vectors.( 5346 sec )
# Solve phase is performed simultaneously for 305 right-hand sides( 5346 sec )
# Calculate derivatives of EM field.( 5356 sec )
#==============================================================================
# Calculate response functions. ( 5370 sec )
# Calculate sensitivity matrix of frequency 398.1[Hz].( 5370 sec )
# Sensitivity matrix of frequency 398.1[Hz] is saved in the out-of-core file sensMatFreq20.
#==============================================================================
#================================================================================================
# Start forward calculation. Frequency : 630.95 [Hz], Polarization : Ex-polarization
#================================================================================================
# Start 3D forward calculation with 0th order 3D edge-based element.( 5370 sec )
# Number of equation = 475883, Number of equation after degeneration = 473549
# Calculating EM field of the boundary planes with 2D forward analysis.        
#-----------------------------[ Boundary Plane 2 ]-----------------------------
# Calculate electric field on a boundary plane with 0th order edge-based element.
# Number of equation = 514, Number of equation after degeneration = 470
# Set values of matrix and right hand side vector. ( 5370 sec )
# Numerical factorization phase of matrix solver for boundary plane. Polarization : 0 Plane : 2. ( 5370 sec )
# Solve phase of matrix solver for boundary plane. Polarization : 0 Plane : 2. ( 5370 sec )
#-----------------------------[ Boundary Plane 3 ]-----------------------------
# Calculate electric field on a boundary plane with 0th order edge-based element.
# Number of equation = 514, Number of equation after degeneration = 470
# Set values of matrix and right hand side vector. ( 5370 sec )
# Numerical factorization phase of matrix solver for boundary plane. Polarization : 0 Plane : 3. ( 5370 sec )
# Solve phase of matrix solver for boundary plane. Polarization : 0 Plane : 3. ( 5370 sec )
#------------------------------------------------------------------------------
# Set values of matrix and right hand side vector. ( 5370 sec )
# Numerical factorization phase of matrix solver for 3D forward calculation. Polarization : 0.( 5373 sec )
# Solve phase of matrix solver for 3D forward calculation. Polarization : 0.( 5393 sec )
# Calulate right-hand sides vectors consisting of interpolator vectors.( 5394 sec )
# Solve phase of matrix solver for right-hand sides consisting of interpolator vectors.( 5395 sec )
# Solve phase is performed simultaneously for 312 right-hand sides( 5395 sec )
# Calculate derivatives of EM field.( 5407 sec )
#================================================================================================
# Start forward calculation. Frequency : 630.95 [Hz], Polarization : Ey-polarization
#================================================================================================
# Start 3D forward calculation with 0th order 3D edge-based element.( 5419 sec )
# Number of equation = 475883, Number of equation after degeneration = 473549
# Calculating EM field of the boundary planes with 2D forward analysis.        
#-----------------------------[ Boundary Plane 0 ]-----------------------------
# Calculate electric field on a boundary plane with 0th order edge-based element.
# Number of equation = 520, Number of equation after degeneration = 476
# Set values of matrix and right hand side vector. ( 5419 sec )
# Numerical factorization phase of matrix solver for boundary plane. Polarization : 1 Plane : 0. ( 5419 sec )
# Solve phase of matrix solver for boundary plane. Polarization : 1 Plane : 0. ( 5419 sec )
#-----------------------------[ Boundary Plane 1 ]-----------------------------
# Calculate electric field on a boundary plane with 0th order edge-based element.
# Number of equation = 520, Number of equation after degeneration = 476
# Set values of matrix and right hand side vector. ( 5419 sec )
# Numerical factorization phase of matrix solver for boundary plane. Polarization : 1 Plane : 1. ( 5419 sec )
# Solve phase of matrix solver for boundary plane. Polarization : 1 Plane : 1. ( 5419 sec )
#------------------------------------------------------------------------------
# Set values of matrix and right hand side vector. ( 5419 sec )
# Numerical factorization phase of matrix solver for 3D forward calculation. Polarization : 1.( 5422 sec )
# Solve phase of matrix solver for 3D forward calculation. Polarization : 1.( 5442 sec )
# Calulate right-hand sides vectors consisting of interpolator vectors.( 5442 sec )
# Solve phase of matrix solver for right-hand sides consisting of interpolator vectors.( 5444 sec )
# Solve phase is performed simultaneously for 312 right-hand sides( 5444 sec )
# Calculate derivatives of EM field.( 5455 sec )
#==============================================================================
# Calculate response functions. ( 5467 sec )
# Calculate sensitivity matrix of frequency 630.95[Hz].( 5467 sec )
# Sensitivity matrix of frequency 630.95[Hz] is saved in the out-of-core file sensMatFreq21.
#==============================================================================
#================================================================================================
# Start forward calculation. Frequency : 1000 [Hz], Polarization : Ex-polarization
#================================================================================================
# Start 3D forward calculation with 0th order 3D edge-based element.( 5468 sec )
# Number of equation = 475883, Number of equation after degeneration = 473549
# Calculating EM field of the boundary planes with 2D forward analysis.        
#-----------------------------[ Boundary Plane 2 ]-----------------------------
# Calculate electric field on a boundary plane with 0th order edge-based element.
# Number of equation = 514, Number of equation after degeneration = 470
# Set values of matrix and right hand side vector. ( 5468 sec )
# Numerical factorization phase of matrix solver for boundary plane. Polarization : 0 Plane : 2. ( 5468 sec )
# Solve phase of matrix solver for boundary plane. Polarization : 0 Plane : 2. ( 5468 sec )
#-----------------------------[ Boundary Plane 3 ]-----------------------------
# Calculate electric field on a boundary plane with 0th order edge-based element.
# Number of equation = 514, Number of equation after degeneration = 470
# Set values of matrix and right hand side vector. ( 5468 sec )
# Numerical factorization phase of matrix solver for boundary plane. Polarization : 0 Plane : 3. ( 5468 sec )
# Solve phase of matrix solver for boundary plane. Polarization : 0 Plane : 3. ( 5468 sec )
#------------------------------------------------------------------------------
# Set values of matrix and right hand side vector. ( 5468 sec )
# Numerical factorization phase of matrix solver for 3D forward calculation. Polarization : 0.( 5471 sec )
# Solve phase of matrix solver for 3D forward calculation. Polarization : 0.( 5491 sec )
# Calulate right-hand sides vectors consisting of interpolator vectors.( 5491 sec )
# Solve phase of matrix solver for right-hand sides consisting of interpolator vectors.( 5492 sec )
# Solve phase is performed simultaneously for 260 right-hand sides( 5492 sec )
# Calculate derivatives of EM field.( 5501 sec )
#================================================================================================
# Start forward calculation. Frequency : 1000 [Hz], Polarization : Ey-polarization
#================================================================================================
# Start 3D forward calculation with 0th order 3D edge-based element.( 5515 sec )
# Number of equation = 475883, Number of equation after degeneration = 473549
# Calculating EM field of the boundary planes with 2D forward analysis.        
#-----------------------------[ Boundary Plane 0 ]-----------------------------
# Calculate electric field on a boundary plane with 0th order edge-based element.
# Number of equation = 520, Number of equation after degeneration = 476
# Set values of matrix and right hand side vector. ( 5515 sec )
# Numerical factorization phase of matrix solver for boundary plane. Polarization : 1 Plane : 0. ( 5515 sec )
# Solve phase of matrix solver for boundary plane. Polarization : 1 Plane : 0. ( 5515 sec )
#-----------------------------[ Boundary Plane 1 ]-----------------------------
# Calculate electric field on a boundary plane with 0th order edge-based element.
# Number of equation = 520, Number of equation after degeneration = 476
# Set values of matrix and right hand side vector. ( 5515 sec )
# Numerical factorization phase of matrix solver for boundary plane. Polarization : 1 Plane : 1. ( 5515 sec )
# Solve phase of matrix solver for boundary plane. Polarization : 1 Plane : 1. ( 5515 sec )
#------------------------------------------------------------------------------
# Set values of matrix and right hand side vector. ( 5515 sec )
# Numerical factorization phase of matrix solver for 3D forward calculation. Polarization : 1.( 5517 sec )
# Solve phase of matrix solver for 3D forward calculation. Polarization : 1.( 5537 sec )
# Calulate right-hand sides vectors consisting of interpolator vectors.( 5538 sec )
# Solve phase of matrix solver for right-hand sides consisting of interpolator vectors.( 5539 sec )
# Solve phase is performed simultaneously for 260 right-hand sides( 5539 sec )
# Calculate derivatives of EM field.( 5548 sec )
#==============================================================================
# Calculate response functions. ( 5560 sec )
# Calculate sensitivity matrix of frequency 1000[Hz].( 5560 sec )
# Sensitivity matrix of frequency 1000[Hz] is saved in the out-of-core file sensMatFreq22.
#==============================================================================
# Release memory of coefficient matrix and sparse solver. ( 5561 sec )
###############################################################################
# Start Forward Computation.  Iteration : 7,  Retrial : 2
###############################################################################
#================================================================================================
# Start forward calculation. Frequency : 100 [Hz], Polarization : Ex-polarization
#================================================================================================
# Start 3D forward calculation with 0th order 3D edge-based element.( 5562 sec )
# Number of equation = 475883, Number of equation after degeneration = 473549
# Calculating EM field of the boundary planes with 2D forward analysis.        
#-----------------------------[ Boundary Plane 2 ]-----------------------------
# Calculate electric field on a boundary plane with 0th order edge-based element.
# Number of equation = 514, Number of equation after degeneration = 470
# Set values of matrix and right hand side vector. ( 5562 sec )
# Numerical factorization phase of matrix solver for boundary plane. Polarization : 0 Plane : 2. ( 5562 sec )
# Solve phase of matrix solver for boundary plane. Polarization : 0 Plane : 2. ( 5562 sec )
#-----------------------------[ Boundary Plane 3 ]-----------------------------
# Calculate electric field on a boundary plane with 0th order edge-based element.
# Number of equation = 514, Number of equation after degeneration = 470
# Set values of matrix and right hand side vector. ( 5562 sec )
# Numerical factorization phase of matrix solver for boundary plane. Polarization : 0 Plane : 3. ( 5562 sec )
# Solve phase of matrix solver for boundary plane. Polarization : 0 Plane : 3. ( 5562 sec )
#------------------------------------------------------------------------------
# Set matrix structure. ( 5562 sec )
# Anaysis phase of matrix solver for 3D forward calculation. Polarization : 0. ( 5566 sec )
#++++++++++++++++++++++++++++++++++++++++++++++++++++++++++++++++++++++++++++++++++++++++++++++++
# Total peak memory required during the analysis and symbolic factorization phase    : 576443 [KByte]
# Permanent memory required from the analysis phase to the solve phases              : 481706 [KByte]
# Total memory consumed by in-core forward solver for internal float point arrays    : 4.12617e+06 [KByte]
# Minimum memory consumed by out-core forward solver for internal float point arrays : 69023 [KByte]
#++++++++++++++++++++++++++++++++++++++++++++++++++++++++++++++++++++++++++++++++++++++++++++++++
# Set values of matrix and right hand side vector. ( 5569 sec )
# Numerical factorization phase of matrix solver for 3D forward calculation. Polarization : 0.( 5571 sec )
# Solve phase of matrix solver for 3D forward calculation. Polarization : 0.( 5593 sec )
# Calulate right-hand sides vectors consisting of interpolator vectors.( 5593 sec )
# Solve phase of matrix solver for right-hand sides consisting of interpolator vectors.( 5594 sec )
# Solve phase is performed simultaneously for 288 right-hand sides( 5594 sec )
# Calculate derivatives of EM field.( 5604 sec )
#================================================================================================
# Start forward calculation. Frequency : 100 [Hz], Polarization : Ey-polarization
#================================================================================================
# Start 3D forward calculation with 0th order 3D edge-based element.( 5616 sec )
# Number of equation = 475883, Number of equation after degeneration = 473549
# Calculating EM field of the boundary planes with 2D forward analysis.        
#-----------------------------[ Boundary Plane 0 ]-----------------------------
# Calculate electric field on a boundary plane with 0th order edge-based element.
# Number of equation = 520, Number of equation after degeneration = 476
# Set values of matrix and right hand side vector. ( 5616 sec )
# Numerical factorization phase of matrix solver for boundary plane. Polarization : 1 Plane : 0. ( 5616 sec )
# Solve phase of matrix solver for boundary plane. Polarization : 1 Plane : 0. ( 5616 sec )
#-----------------------------[ Boundary Plane 1 ]-----------------------------
# Calculate electric field on a boundary plane with 0th order edge-based element.
# Number of equation = 520, Number of equation after degeneration = 476
# Set values of matrix and right hand side vector. ( 5616 sec )
# Numerical factorization phase of matrix solver for boundary plane. Polarization : 1 Plane : 1. ( 5616 sec )
# Solve phase of matrix solver for boundary plane. Polarization : 1 Plane : 1. ( 5616 sec )
#------------------------------------------------------------------------------
# Set values of matrix and right hand side vector. ( 5616 sec )
# Numerical factorization phase of matrix solver for 3D forward calculation. Polarization : 1.( 5619 sec )
# Solve phase of matrix solver for 3D forward calculation. Polarization : 1.( 5640 sec )
# Calulate right-hand sides vectors consisting of interpolator vectors.( 5640 sec )
# Solve phase of matrix solver for right-hand sides consisting of interpolator vectors.( 5641 sec )
# Solve phase is performed simultaneously for 288 right-hand sides( 5641 sec )
# Calculate derivatives of EM field.( 5651 sec )
#==============================================================================
# Calculate response functions. ( 5664 sec )
# Calculate sensitivity matrix of frequency 100[Hz].( 5664 sec )
# Sensitivity matrix of frequency 100[Hz] is saved in the out-of-core file sensMatFreq17.
#==============================================================================
#================================================================================================
# Start forward calculation. Frequency : 158.48 [Hz], Polarization : Ex-polarization
#================================================================================================
# Start 3D forward calculation with 0th order 3D edge-based element.( 5665 sec )
# Number of equation = 475883, Number of equation after degeneration = 473549
# Calculating EM field of the boundary planes with 2D forward analysis.        
#-----------------------------[ Boundary Plane 2 ]-----------------------------
# Calculate electric field on a boundary plane with 0th order edge-based element.
# Number of equation = 514, Number of equation after degeneration = 470
# Set values of matrix and right hand side vector. ( 5665 sec )
# Numerical factorization phase of matrix solver for boundary plane. Polarization : 0 Plane : 2. ( 5665 sec )
# Solve phase of matrix solver for boundary plane. Polarization : 0 Plane : 2. ( 5665 sec )
#-----------------------------[ Boundary Plane 3 ]-----------------------------
# Calculate electric field on a boundary plane with 0th order edge-based element.
# Number of equation = 514, Number of equation after degeneration = 470
# Set values of matrix and right hand side vector. ( 5665 sec )
# Numerical factorization phase of matrix solver for boundary plane. Polarization : 0 Plane : 3. ( 5665 sec )
# Solve phase of matrix solver for boundary plane. Polarization : 0 Plane : 3. ( 5665 sec )
#------------------------------------------------------------------------------
# Set values of matrix and right hand side vector. ( 5665 sec )
# Numerical factorization phase of matrix solver for 3D forward calculation. Polarization : 0.( 5667 sec )
# Solve phase of matrix solver for 3D forward calculation. Polarization : 0.( 5688 sec )
# Calulate right-hand sides vectors consisting of interpolator vectors.( 5688 sec )
# Solve phase of matrix solver for right-hand sides consisting of interpolator vectors.( 5690 sec )
# Solve phase is performed simultaneously for 292 right-hand sides( 5690 sec )
# Calculate derivatives of EM field.( 5700 sec )
#================================================================================================
# Start forward calculation. Frequency : 158.48 [Hz], Polarization : Ey-polarization
#================================================================================================
# Start 3D forward calculation with 0th order 3D edge-based element.( 5712 sec )
# Number of equation = 475883, Number of equation after degeneration = 473549
# Calculating EM field of the boundary planes with 2D forward analysis.        
#-----------------------------[ Boundary Plane 0 ]-----------------------------
# Calculate electric field on a boundary plane with 0th order edge-based element.
# Number of equation = 520, Number of equation after degeneration = 476
# Set values of matrix and right hand side vector. ( 5712 sec )
# Numerical factorization phase of matrix solver for boundary plane. Polarization : 1 Plane : 0. ( 5712 sec )
# Solve phase of matrix solver for boundary plane. Polarization : 1 Plane : 0. ( 5712 sec )
#-----------------------------[ Boundary Plane 1 ]-----------------------------
# Calculate electric field on a boundary plane with 0th order edge-based element.
# Number of equation = 520, Number of equation after degeneration = 476
# Set values of matrix and right hand side vector. ( 5712 sec )
# Numerical factorization phase of matrix solver for boundary plane. Polarization : 1 Plane : 1. ( 5712 sec )
# Solve phase of matrix solver for boundary plane. Polarization : 1 Plane : 1. ( 5712 sec )
#------------------------------------------------------------------------------
# Set values of matrix and right hand side vector. ( 5712 sec )
# Numerical factorization phase of matrix solver for 3D forward calculation. Polarization : 1.( 5715 sec )
# Solve phase of matrix solver for 3D forward calculation. Polarization : 1.( 5735 sec )
# Calulate right-hand sides vectors consisting of interpolator vectors.( 5736 sec )
# Solve phase of matrix solver for right-hand sides consisting of interpolator vectors.( 5737 sec )
# Solve phase is performed simultaneously for 292 right-hand sides( 5737 sec )
# Calculate derivatives of EM field.( 5747 sec )
#==============================================================================
# Calculate response functions. ( 5759 sec )
# Calculate sensitivity matrix of frequency 158.48[Hz].( 5759 sec )
# Sensitivity matrix of frequency 158.48[Hz] is saved in the out-of-core file sensMatFreq18.
#==============================================================================
#================================================================================================
# Start forward calculation. Frequency : 251.18 [Hz], Polarization : Ex-polarization
#================================================================================================
# Start 3D forward calculation with 0th order 3D edge-based element.( 5760 sec )
# Number of equation = 475883, Number of equation after degeneration = 473549
# Calculating EM field of the boundary planes with 2D forward analysis.        
#-----------------------------[ Boundary Plane 2 ]-----------------------------
# Calculate electric field on a boundary plane with 0th order edge-based element.
# Number of equation = 514, Number of equation after degeneration = 470
# Set values of matrix and right hand side vector. ( 5760 sec )
# Numerical factorization phase of matrix solver for boundary plane. Polarization : 0 Plane : 2. ( 5760 sec )
# Solve phase of matrix solver for boundary plane. Polarization : 0 Plane : 2. ( 5760 sec )
#-----------------------------[ Boundary Plane 3 ]-----------------------------
# Calculate electric field on a boundary plane with 0th order edge-based element.
# Number of equation = 514, Number of equation after degeneration = 470
# Set values of matrix and right hand side vector. ( 5760 sec )
# Numerical factorization phase of matrix solver for boundary plane. Polarization : 0 Plane : 3. ( 5760 sec )
# Solve phase of matrix solver for boundary plane. Polarization : 0 Plane : 3. ( 5760 sec )
#------------------------------------------------------------------------------
# Set values of matrix and right hand side vector. ( 5760 sec )
# Numerical factorization phase of matrix solver for 3D forward calculation. Polarization : 0.( 5763 sec )
# Solve phase of matrix solver for 3D forward calculation. Polarization : 0.( 5783 sec )
# Calulate right-hand sides vectors consisting of interpolator vectors.( 5784 sec )
# Solve phase of matrix solver for right-hand sides consisting of interpolator vectors.( 5785 sec )
# Solve phase is performed simultaneously for 295 right-hand sides( 5785 sec )
# Calculate derivatives of EM field.( 5796 sec )
#================================================================================================
# Start forward calculation. Frequency : 251.18 [Hz], Polarization : Ey-polarization
#================================================================================================
# Start 3D forward calculation with 0th order 3D edge-based element.( 5808 sec )
# Number of equation = 475883, Number of equation after degeneration = 473549
# Calculating EM field of the boundary planes with 2D forward analysis.        
#-----------------------------[ Boundary Plane 0 ]-----------------------------
# Calculate electric field on a boundary plane with 0th order edge-based element.
# Number of equation = 520, Number of equation after degeneration = 476
# Set values of matrix and right hand side vector. ( 5808 sec )
# Numerical factorization phase of matrix solver for boundary plane. Polarization : 1 Plane : 0. ( 5808 sec )
# Solve phase of matrix solver for boundary plane. Polarization : 1 Plane : 0. ( 5808 sec )
#-----------------------------[ Boundary Plane 1 ]-----------------------------
# Calculate electric field on a boundary plane with 0th order edge-based element.
# Number of equation = 520, Number of equation after degeneration = 476
# Set values of matrix and right hand side vector. ( 5808 sec )
# Numerical factorization phase of matrix solver for boundary plane. Polarization : 1 Plane : 1. ( 5808 sec )
# Solve phase of matrix solver for boundary plane. Polarization : 1 Plane : 1. ( 5808 sec )
#------------------------------------------------------------------------------
# Set values of matrix and right hand side vector. ( 5808 sec )
# Numerical factorization phase of matrix solver for 3D forward calculation. Polarization : 1.( 5810 sec )
# Solve phase of matrix solver for 3D forward calculation. Polarization : 1.( 5831 sec )
# Calulate right-hand sides vectors consisting of interpolator vectors.( 5831 sec )
# Solve phase of matrix solver for right-hand sides consisting of interpolator vectors.( 5833 sec )
# Solve phase is performed simultaneously for 295 right-hand sides( 5833 sec )
# Calculate derivatives of EM field.( 5843 sec )
#==============================================================================
# Calculate response functions. ( 5855 sec )
# Calculate sensitivity matrix of frequency 251.18[Hz].( 5855 sec )
# Sensitivity matrix of frequency 251.18[Hz] is saved in the out-of-core file sensMatFreq19.
#==============================================================================
#================================================================================================
# Start forward calculation. Frequency : 398.1 [Hz], Polarization : Ex-polarization
#================================================================================================
# Start 3D forward calculation with 0th order 3D edge-based element.( 5856 sec )
# Number of equation = 475883, Number of equation after degeneration = 473549
# Calculating EM field of the boundary planes with 2D forward analysis.        
#-----------------------------[ Boundary Plane 2 ]-----------------------------
# Calculate electric field on a boundary plane with 0th order edge-based element.
# Number of equation = 514, Number of equation after degeneration = 470
# Set values of matrix and right hand side vector. ( 5856 sec )
# Numerical factorization phase of matrix solver for boundary plane. Polarization : 0 Plane : 2. ( 5856 sec )
# Solve phase of matrix solver for boundary plane. Polarization : 0 Plane : 2. ( 5856 sec )
#-----------------------------[ Boundary Plane 3 ]-----------------------------
# Calculate electric field on a boundary plane with 0th order edge-based element.
# Number of equation = 514, Number of equation after degeneration = 470
# Set values of matrix and right hand side vector. ( 5856 sec )
# Numerical factorization phase of matrix solver for boundary plane. Polarization : 0 Plane : 3. ( 5856 sec )
# Solve phase of matrix solver for boundary plane. Polarization : 0 Plane : 3. ( 5856 sec )
#------------------------------------------------------------------------------
# Set values of matrix and right hand side vector. ( 5856 sec )
# Numerical factorization phase of matrix solver for 3D forward calculation. Polarization : 0.( 5858 sec )
# Solve phase of matrix solver for 3D forward calculation. Polarization : 0.( 5879 sec )
# Calulate right-hand sides vectors consisting of interpolator vectors.( 5879 sec )
# Solve phase of matrix solver for right-hand sides consisting of interpolator vectors.( 5881 sec )
# Solve phase is performed simultaneously for 305 right-hand sides( 5881 sec )
# Calculate derivatives of EM field.( 5892 sec )
#================================================================================================
# Start forward calculation. Frequency : 398.1 [Hz], Polarization : Ey-polarization
#================================================================================================
# Start 3D forward calculation with 0th order 3D edge-based element.( 5905 sec )
# Number of equation = 475883, Number of equation after degeneration = 473549
# Calculating EM field of the boundary planes with 2D forward analysis.        
#-----------------------------[ Boundary Plane 0 ]-----------------------------
# Calculate electric field on a boundary plane with 0th order edge-based element.
# Number of equation = 520, Number of equation after degeneration = 476
# Set values of matrix and right hand side vector. ( 5905 sec )
# Numerical factorization phase of matrix solver for boundary plane. Polarization : 1 Plane : 0. ( 5905 sec )
# Solve phase of matrix solver for boundary plane. Polarization : 1 Plane : 0. ( 5905 sec )
#-----------------------------[ Boundary Plane 1 ]-----------------------------
# Calculate electric field on a boundary plane with 0th order edge-based element.
# Number of equation = 520, Number of equation after degeneration = 476
# Set values of matrix and right hand side vector. ( 5905 sec )
# Numerical factorization phase of matrix solver for boundary plane. Polarization : 1 Plane : 1. ( 5905 sec )
# Solve phase of matrix solver for boundary plane. Polarization : 1 Plane : 1. ( 5905 sec )
#------------------------------------------------------------------------------
# Set values of matrix and right hand side vector. ( 5905 sec )
# Numerical factorization phase of matrix solver for 3D forward calculation. Polarization : 1.( 5907 sec )
# Solve phase of matrix solver for 3D forward calculation. Polarization : 1.( 5928 sec )
# Calulate right-hand sides vectors consisting of interpolator vectors.( 5928 sec )
# Solve phase of matrix solver for right-hand sides consisting of interpolator vectors.( 5929 sec )
# Solve phase is performed simultaneously for 305 right-hand sides( 5929 sec )
# Calculate derivatives of EM field.( 5940 sec )
#==============================================================================
# Calculate response functions. ( 5953 sec )
# Calculate sensitivity matrix of frequency 398.1[Hz].( 5953 sec )
# Sensitivity matrix of frequency 398.1[Hz] is saved in the out-of-core file sensMatFreq20.
#==============================================================================
#================================================================================================
# Start forward calculation. Frequency : 630.95 [Hz], Polarization : Ex-polarization
#================================================================================================
# Start 3D forward calculation with 0th order 3D edge-based element.( 5954 sec )
# Number of equation = 475883, Number of equation after degeneration = 473549
# Calculating EM field of the boundary planes with 2D forward analysis.        
#-----------------------------[ Boundary Plane 2 ]-----------------------------
# Calculate electric field on a boundary plane with 0th order edge-based element.
# Number of equation = 514, Number of equation after degeneration = 470
# Set values of matrix and right hand side vector. ( 5954 sec )
# Numerical factorization phase of matrix solver for boundary plane. Polarization : 0 Plane : 2. ( 5954 sec )
# Solve phase of matrix solver for boundary plane. Polarization : 0 Plane : 2. ( 5954 sec )
#-----------------------------[ Boundary Plane 3 ]-----------------------------
# Calculate electric field on a boundary plane with 0th order edge-based element.
# Number of equation = 514, Number of equation after degeneration = 470
# Set values of matrix and right hand side vector. ( 5954 sec )
# Numerical factorization phase of matrix solver for boundary plane. Polarization : 0 Plane : 3. ( 5954 sec )
# Solve phase of matrix solver for boundary plane. Polarization : 0 Plane : 3. ( 5954 sec )
#------------------------------------------------------------------------------
# Set values of matrix and right hand side vector. ( 5954 sec )
# Numerical factorization phase of matrix solver for 3D forward calculation. Polarization : 0.( 5956 sec )
# Solve phase of matrix solver for 3D forward calculation. Polarization : 0.( 5977 sec )
# Calulate right-hand sides vectors consisting of interpolator vectors.( 5977 sec )
# Solve phase of matrix solver for right-hand sides consisting of interpolator vectors.( 5979 sec )
# Solve phase is performed simultaneously for 312 right-hand sides( 5979 sec )
# Calculate derivatives of EM field.( 5990 sec )
#================================================================================================
# Start forward calculation. Frequency : 630.95 [Hz], Polarization : Ey-polarization
#================================================================================================
# Start 3D forward calculation with 0th order 3D edge-based element.( 6002 sec )
# Number of equation = 475883, Number of equation after degeneration = 473549
# Calculating EM field of the boundary planes with 2D forward analysis.        
#-----------------------------[ Boundary Plane 0 ]-----------------------------
# Calculate electric field on a boundary plane with 0th order edge-based element.
# Number of equation = 520, Number of equation after degeneration = 476
# Set values of matrix and right hand side vector. ( 6002 sec )
# Numerical factorization phase of matrix solver for boundary plane. Polarization : 1 Plane : 0. ( 6002 sec )
# Solve phase of matrix solver for boundary plane. Polarization : 1 Plane : 0. ( 6002 sec )
#-----------------------------[ Boundary Plane 1 ]-----------------------------
# Calculate electric field on a boundary plane with 0th order edge-based element.
# Number of equation = 520, Number of equation after degeneration = 476
# Set values of matrix and right hand side vector. ( 6002 sec )
# Numerical factorization phase of matrix solver for boundary plane. Polarization : 1 Plane : 1. ( 6002 sec )
# Solve phase of matrix solver for boundary plane. Polarization : 1 Plane : 1. ( 6002 sec )
#------------------------------------------------------------------------------
# Set values of matrix and right hand side vector. ( 6002 sec )
# Numerical factorization phase of matrix solver for 3D forward calculation. Polarization : 1.( 6004 sec )
# Solve phase of matrix solver for 3D forward calculation. Polarization : 1.( 6025 sec )
# Calulate right-hand sides vectors consisting of interpolator vectors.( 6026 sec )
# Solve phase of matrix solver for right-hand sides consisting of interpolator vectors.( 6027 sec )
# Solve phase is performed simultaneously for 312 right-hand sides( 6027 sec )
# Calculate derivatives of EM field.( 6038 sec )
#==============================================================================
# Calculate response functions. ( 6050 sec )
# Calculate sensitivity matrix of frequency 630.95[Hz].( 6050 sec )
# Sensitivity matrix of frequency 630.95[Hz] is saved in the out-of-core file sensMatFreq21.
#==============================================================================
#================================================================================================
# Start forward calculation. Frequency : 1000 [Hz], Polarization : Ex-polarization
#================================================================================================
# Start 3D forward calculation with 0th order 3D edge-based element.( 6050 sec )
# Number of equation = 475883, Number of equation after degeneration = 473549
# Calculating EM field of the boundary planes with 2D forward analysis.        
#-----------------------------[ Boundary Plane 2 ]-----------------------------
# Calculate electric field on a boundary plane with 0th order edge-based element.
# Number of equation = 514, Number of equation after degeneration = 470
# Set values of matrix and right hand side vector. ( 6050 sec )
# Numerical factorization phase of matrix solver for boundary plane. Polarization : 0 Plane : 2. ( 6050 sec )
# Solve phase of matrix solver for boundary plane. Polarization : 0 Plane : 2. ( 6050 sec )
#-----------------------------[ Boundary Plane 3 ]-----------------------------
# Calculate electric field on a boundary plane with 0th order edge-based element.
# Number of equation = 514, Number of equation after degeneration = 470
# Set values of matrix and right hand side vector. ( 6050 sec )
# Numerical factorization phase of matrix solver for boundary plane. Polarization : 0 Plane : 3. ( 6050 sec )
# Solve phase of matrix solver for boundary plane. Polarization : 0 Plane : 3. ( 6050 sec )
#------------------------------------------------------------------------------
# Set values of matrix and right hand side vector. ( 6050 sec )
# Numerical factorization phase of matrix solver for 3D forward calculation. Polarization : 0.( 6053 sec )
# Solve phase of matrix solver for 3D forward calculation. Polarization : 0.( 6074 sec )
# Calulate right-hand sides vectors consisting of interpolator vectors.( 6074 sec )
# Solve phase of matrix solver for right-hand sides consisting of interpolator vectors.( 6075 sec )
# Solve phase is performed simultaneously for 260 right-hand sides( 6075 sec )
# Calculate derivatives of EM field.( 6084 sec )
#================================================================================================
# Start forward calculation. Frequency : 1000 [Hz], Polarization : Ey-polarization
#================================================================================================
# Start 3D forward calculation with 0th order 3D edge-based element.( 6096 sec )
# Number of equation = 475883, Number of equation after degeneration = 473549
# Calculating EM field of the boundary planes with 2D forward analysis.        
#-----------------------------[ Boundary Plane 0 ]-----------------------------
# Calculate electric field on a boundary plane with 0th order edge-based element.
# Number of equation = 520, Number of equation after degeneration = 476
# Set values of matrix and right hand side vector. ( 6096 sec )
# Numerical factorization phase of matrix solver for boundary plane. Polarization : 1 Plane : 0. ( 6096 sec )
# Solve phase of matrix solver for boundary plane. Polarization : 1 Plane : 0. ( 6096 sec )
#-----------------------------[ Boundary Plane 1 ]-----------------------------
# Calculate electric field on a boundary plane with 0th order edge-based element.
# Number of equation = 520, Number of equation after degeneration = 476
# Set values of matrix and right hand side vector. ( 6096 sec )
# Numerical factorization phase of matrix solver for boundary plane. Polarization : 1 Plane : 1. ( 6096 sec )
# Solve phase of matrix solver for boundary plane. Polarization : 1 Plane : 1. ( 6096 sec )
#------------------------------------------------------------------------------
# Set values of matrix and right hand side vector. ( 6096 sec )
# Numerical factorization phase of matrix solver for 3D forward calculation. Polarization : 1.( 6099 sec )
# Solve phase of matrix solver for 3D forward calculation. Polarization : 1.( 6120 sec )
# Calulate right-hand sides vectors consisting of interpolator vectors.( 6120 sec )
# Solve phase of matrix solver for right-hand sides consisting of interpolator vectors.( 6121 sec )
# Solve phase is performed simultaneously for 260 right-hand sides( 6121 sec )
# Calculate derivatives of EM field.( 6130 sec )
#==============================================================================
# Calculate response functions. ( 6142 sec )
# Calculate sensitivity matrix of frequency 1000[Hz].( 6142 sec )
# Sensitivity matrix of frequency 1000[Hz] is saved in the out-of-core file sensMatFreq22.
#==============================================================================
# Release memory of coefficient matrix and sparse solver. ( 6143 sec )
# Reach maximum retrial number.
# End femtic ( 6144 sec )
