# Start femtic Linux Version 4.3.0 ( 0 sec )
# Read analysis control data from control.dat.( 0 sec )
#==============================================================================
# Summary of control data
#==============================================================================
# Condition of perfect electric conductor is specified at the bottom boundary.
# Type of mesh : Tetrahedron.
# Number of threads is specified to be 4 .
# In-core mode is used.
# Division number of right-hand sides at solve phase in forward calculation : 1
# Division number of right-hand sides at solve phase in inversion : 1
# Coefficient matrix of normal equation is assumed to be indefinite.
# Renumbering is not performed.
# Horizontal electric field is used for calculating response functions.
# EM field is interpolated from the values of the edges of the lower element.
# Release memory of coefficient matrix and sparse solver after forward calculation.
# Type of bound constraints method : Simple bound constraining
# Minimum distance to resistivity bounds in common logarithm scale : 0.01 .
# Bottom resistivity : 1000 [Ohm-m]
# Roughning factor at the bottom : 1
# Following variables are written to to ASCII file.
#  - Resistivity
#  - Sensitivity
#  - Sensitivity density
# Method of inversion : Gauss-newton method (Data space)
# Components of distortion matrices are estimated directly as model parameters.
# Roughening matrix is created using shared faces of elements.
# Trade-off parameter for resistivity value : 1 .
# Trade-off parameter for distortion strength : 0.1 .
# Weighting factor of alpha (X,Y,Z) = (1, 1, 1) .
# Factor of inverse distance weighting : 1.
# Initial iteration number : 0.
# Maximun iteration number : 15.
# Threshold value for determining if objective functional decrease : 0.001.
# Convergence criterion of inversion is that change ratios of objective function and its components are less than 0.2 [%] .
# Initial factor of step-length damping : 0.5.
# Minimum factor of step-length damping : 0.1.
# Maximum factor of step-length damping : 1.
# If residual increase, factor of step-length damping is muliplied by 0.5 times.
# If residual decrease 3 times in a row, factor of step-length damping is muliplied by 1.25 times.
# Maximum number of retrials : 2.
#==============================================================================
# Read mesh data from mesh.dat .( 0 sec )
# Read data of resisitivity block model .( 1 sec )
# Read observed data .( 1 sec )
# Number of the stations of the impedance tensor : 48
# Station ID     Station ID (Ref)  Owner Element  Electric field
# 1              1                 Lower          Horizontal
# 2              2                 Lower          Horizontal
# 3              3                 Lower          Horizontal
# 4              4                 Lower          Horizontal
# 5              5                 Lower          Horizontal
# 6              6                 Lower          Horizontal
# 7              7                 Lower          Horizontal
# 8              8                 Lower          Horizontal
# 9              9                 Lower          Horizontal
# 10             10                Lower          Horizontal
# 11             11                Lower          Horizontal
# 12             12                Lower          Horizontal
# 13             13                Lower          Horizontal
# 14             14                Lower          Horizontal
# 15             15                Lower          Horizontal
# 16             16                Lower          Horizontal
# 17             17                Lower          Horizontal
# 18             18                Lower          Horizontal
# 19             19                Lower          Horizontal
# 20             20                Lower          Horizontal
# 21             21                Lower          Horizontal
# 22             22                Lower          Horizontal
# 23             23                Lower          Horizontal
# 24             24                Lower          Horizontal
# 25             25                Lower          Horizontal
# 26             26                Lower          Horizontal
# 27             27                Lower          Horizontal
# 28             28                Lower          Horizontal
# 29             29                Lower          Horizontal
# 30             30                Lower          Horizontal
# 31             31                Lower          Horizontal
# 32             32                Lower          Horizontal
# 33             33                Lower          Horizontal
# 34             34                Lower          Horizontal
# 35             35                Lower          Horizontal
# 36             36                Lower          Horizontal
# 37             37                Lower          Horizontal
# 38             38                Lower          Horizontal
# 39             39                Lower          Horizontal
# 40             40                Lower          Horizontal
# 41             41                Lower          Horizontal
# 42             42                Lower          Horizontal
# 43             43                Lower          Horizontal
# 44             44                Lower          Horizontal
# 45             45                Lower          Horizontal
# 46             46                Lower          Horizontal
# 47             47                Lower          Horizontal
# 48             48                Lower          Horizontal
# Number of the stations of the vertical magnetic transfer function : 46
# Station ID     Station ID (Ref)  Owner Element
# 1001           1001              Lower
# 1002           1002              Lower
# 1003           1003              Lower
# 1004           1004              Lower
# 1005           1005              Lower
# 1006           1006              Lower
# 1007           1007              Lower
# 1008           1008              Lower
# 1009           1009              Lower
# 1010           1010              Lower
# 1011           1011              Lower
# 1012           1012              Lower
# 1013           1013              Lower
# 1014           1014              Lower
# 1015           1015              Lower
# 1016           1016              Lower
# 1017           1017              Lower
# 1018           1018              Lower
# 1019           1019              Lower
# 1020           1020              Lower
# 1021           1021              Lower
# 1022           1022              Lower
# 1023           1023              Lower
# 1024           1024              Lower
# 1025           1025              Lower
# 1026           1026              Lower
# 1027           1027              Lower
# 1028           1028              Lower
# 1029           1029              Lower
# 1030           1030              Lower
# 1031           1031              Lower
# 1032           1032              Lower
# 1033           1033              Lower
# 1034           1034              Lower
# 1035           1035              Lower
# 1036           1036              Lower
# 1037           1037              Lower
# 1038           1038              Lower
# 1039           1039              Lower
# 1040           1040              Lower
# 1041           1041              Lower
# 1042           1042              Lower
# 1043           1043              Lower
# 1044           1044              Lower
# 1045           1045              Lower
# 1046           1046              Lower
#++++++++++++++++++++++++++++++++++++++++++++++++++++++++++++++++++++++++++++++
# Total number of stations : 94 .
#  - Number of impedance tensor stations : 48 .
#  - Number of VTF stations : 46 .
#++++++++++++++++++++++++++++++++++++++++++++++++++++++++++++++++++++++++++++++
#++++++++++++++++++++++++++++++++++++++++++++++++++++++++++++++++++++++++++++++
# Forward calculation is performed for the frequencies/periods below.
# Freq#  Frequency[Hz]  Period[sec]    
# 0      0.03981        25.1193        
# 1      0.06309        15.8504        
# 2      0.1            10             
# 3      0.15848        6.30994        
# 4      0.25118        3.98121        
# 5      0.3981         2.51193        
# 6      0.63095        1.58491        
# 7      1              1              
# 8      1.5848         0.630994       
# 9      2.5118         0.398121       
# 10     3.981          0.251193       
# 11     6.3095         0.158491       
# 12     10             0.1            
# 13     15.848         0.0630994      
# 14     25.118         0.0398121      
# 15     39.81          0.0251193      
# 16     63.095         0.0158491      
# 17     100            0.01           
# 18     158.48         0.00630994     
# 19     251.18         0.00398121     
# 20     398.1          0.00251193     
# 21     630.95         0.00158491     
# 22     1000           0.001          
#++++++++++++++++++++++++++++++++++++++++++++++++++++++++++++++++++++++++++++++
# Read distortion matrix data .( 1 sec )
# Find element including each station .( 1 sec )
#++++++++++++++++++++++++++++++++++++++++++++++++++++++++++++++++++++++++++++++
# Total number of model parameter : 54779.
#  - Number of modifiable resisitivity values : 54587.
#  - Number of modifiable distortion parameters : 192.
#++++++++++++++++++++++++++++++++++++++++++++++++++++++++++++++++++++++++++++++
# Calculate Roughening Matrix .( 1 sec )
###############################################################################
# Start Forward Computation.  Iteration : 0,  Retrial : 0
###############################################################################
#================================================================================================
# Start forward calculation. Frequency : 6.3095 [Hz], Polarization : Ex-polarization
#================================================================================================
# Start 3D forward calculation with 0th order 3D edge-based element.( 3 sec )
# Number of equation = 475883, Number of equation after degeneration = 473549
# Calculating EM field of the boundary planes with 2D forward analysis.        
#-----------------------------[ Boundary Plane 2 ]-----------------------------
# Calculate electric field on a boundary plane with 0th order edge-based element.
# Number of equation = 514, Number of equation after degeneration = 470
# Set matrix structure. ( 3 sec )
# Anaysis phase of matrix solver for boundary plane. Polarization : 0 Plane : 2. ( 3 sec )
# Set values of matrix and right hand side vector. ( 3 sec )
# Numerical factorization phase of matrix solver for boundary plane. Polarization : 0 Plane : 2. ( 3 sec )
# Solve phase of matrix solver for boundary plane. Polarization : 0 Plane : 2. ( 3 sec )
#-----------------------------[ Boundary Plane 3 ]-----------------------------
# Calculate electric field on a boundary plane with 0th order edge-based element.
# Number of equation = 514, Number of equation after degeneration = 470
# Set matrix structure. ( 3 sec )
# Anaysis phase of matrix solver for boundary plane. Polarization : 0 Plane : 3. ( 3 sec )
# Set values of matrix and right hand side vector. ( 3 sec )
# Numerical factorization phase of matrix solver for boundary plane. Polarization : 0 Plane : 3. ( 3 sec )
# Solve phase of matrix solver for boundary plane. Polarization : 0 Plane : 3. ( 3 sec )
#------------------------------------------------------------------------------
# Set matrix structure. ( 3 sec )
# Anaysis phase of matrix solver for 3D forward calculation. Polarization : 0. ( 8 sec )
#++++++++++++++++++++++++++++++++++++++++++++++++++++++++++++++++++++++++++++++++++++++++++++++++
# Total peak memory required during the analysis and symbolic factorization phase    : 578002 [KByte]
# Permanent memory required from the analysis phase to the solve phases              : 482499 [KByte]
# Total memory consumed by in-core forward solver for internal float point arrays    : 4.14899e+06 [KByte]
# Minimum memory consumed by out-core forward solver for internal float point arrays : 68356 [KByte]
#++++++++++++++++++++++++++++++++++++++++++++++++++++++++++++++++++++++++++++++++++++++++++++++++
# Set values of matrix and right hand side vector. ( 11 sec )
# Numerical factorization phase of matrix solver for 3D forward calculation. Polarization : 0.( 14 sec )
# Solve phase of matrix solver for 3D forward calculation. Polarization : 0.( 47 sec )
# Calulate right-hand sides vectors consisting of interpolator vectors.( 48 sec )
# Solve phase of matrix solver for right-hand sides consisting of interpolator vectors.( 49 sec )
# Solve phase is performed simultaneously for 286 right-hand sides( 49 sec )
# Calculate derivatives of EM field.( 64 sec )
#================================================================================================
# Start forward calculation. Frequency : 6.3095 [Hz], Polarization : Ey-polarization
#================================================================================================
# Start 3D forward calculation with 0th order 3D edge-based element.( 95 sec )
# Number of equation = 475883, Number of equation after degeneration = 473549
# Calculating EM field of the boundary planes with 2D forward analysis.        
#-----------------------------[ Boundary Plane 0 ]-----------------------------
# Calculate electric field on a boundary plane with 0th order edge-based element.
# Number of equation = 520, Number of equation after degeneration = 476
# Set matrix structure. ( 95 sec )
# Anaysis phase of matrix solver for boundary plane. Polarization : 1 Plane : 0. ( 95 sec )
# Set values of matrix and right hand side vector. ( 95 sec )
# Numerical factorization phase of matrix solver for boundary plane. Polarization : 1 Plane : 0. ( 95 sec )
# Solve phase of matrix solver for boundary plane. Polarization : 1 Plane : 0. ( 95 sec )
#-----------------------------[ Boundary Plane 1 ]-----------------------------
# Calculate electric field on a boundary plane with 0th order edge-based element.
# Number of equation = 520, Number of equation after degeneration = 476
# Set matrix structure. ( 95 sec )
# Anaysis phase of matrix solver for boundary plane. Polarization : 1 Plane : 1. ( 95 sec )
# Set values of matrix and right hand side vector. ( 95 sec )
# Numerical factorization phase of matrix solver for boundary plane. Polarization : 1 Plane : 1. ( 95 sec )
# Solve phase of matrix solver for boundary plane. Polarization : 1 Plane : 1. ( 95 sec )
#------------------------------------------------------------------------------
# Set values of matrix and right hand side vector. ( 95 sec )
# Numerical factorization phase of matrix solver for 3D forward calculation. Polarization : 1.( 98 sec )
# Solve phase of matrix solver for 3D forward calculation. Polarization : 1.( 131 sec )
# Calulate right-hand sides vectors consisting of interpolator vectors.( 132 sec )
# Solve phase of matrix solver for right-hand sides consisting of interpolator vectors.( 133 sec )
# Solve phase is performed simultaneously for 286 right-hand sides( 133 sec )
# Calculate derivatives of EM field.( 149 sec )
#==============================================================================
# Calculate response functions. ( 179 sec )
# Calculate sensitivity matrix of frequency 6.3095[Hz].( 179 sec )
# Sensitivity matrix of frequency 6.3095[Hz] is saved in the out-of-core file sensMatFreq11.
#==============================================================================
#================================================================================================
# Start forward calculation. Frequency : 10 [Hz], Polarization : Ex-polarization
#================================================================================================
# Start 3D forward calculation with 0th order 3D edge-based element.( 180 sec )
# Number of equation = 475883, Number of equation after degeneration = 473549
# Calculating EM field of the boundary planes with 2D forward analysis.        
#-----------------------------[ Boundary Plane 2 ]-----------------------------
# Calculate electric field on a boundary plane with 0th order edge-based element.
# Number of equation = 514, Number of equation after degeneration = 470
# Set values of matrix and right hand side vector. ( 180 sec )
# Numerical factorization phase of matrix solver for boundary plane. Polarization : 0 Plane : 2. ( 180 sec )
# Solve phase of matrix solver for boundary plane. Polarization : 0 Plane : 2. ( 180 sec )
#-----------------------------[ Boundary Plane 3 ]-----------------------------
# Calculate electric field on a boundary plane with 0th order edge-based element.
# Number of equation = 514, Number of equation after degeneration = 470
# Set values of matrix and right hand side vector. ( 180 sec )
# Numerical factorization phase of matrix solver for boundary plane. Polarization : 0 Plane : 3. ( 180 sec )
# Solve phase of matrix solver for boundary plane. Polarization : 0 Plane : 3. ( 180 sec )
#------------------------------------------------------------------------------
# Set values of matrix and right hand side vector. ( 180 sec )
# Numerical factorization phase of matrix solver for 3D forward calculation. Polarization : 0.( 183 sec )
# Solve phase of matrix solver for 3D forward calculation. Polarization : 0.( 216 sec )
# Calulate right-hand sides vectors consisting of interpolator vectors.( 216 sec )
# Solve phase of matrix solver for right-hand sides consisting of interpolator vectors.( 218 sec )
# Solve phase is performed simultaneously for 282 right-hand sides( 218 sec )
# Calculate derivatives of EM field.( 232 sec )
#================================================================================================
# Start forward calculation. Frequency : 10 [Hz], Polarization : Ey-polarization
#================================================================================================
# Start 3D forward calculation with 0th order 3D edge-based element.( 263 sec )
# Number of equation = 475883, Number of equation after degeneration = 473549
# Calculating EM field of the boundary planes with 2D forward analysis.        
#-----------------------------[ Boundary Plane 0 ]-----------------------------
# Calculate electric field on a boundary plane with 0th order edge-based element.
# Number of equation = 520, Number of equation after degeneration = 476
# Set values of matrix and right hand side vector. ( 263 sec )
# Numerical factorization phase of matrix solver for boundary plane. Polarization : 1 Plane : 0. ( 263 sec )
# Solve phase of matrix solver for boundary plane. Polarization : 1 Plane : 0. ( 263 sec )
#-----------------------------[ Boundary Plane 1 ]-----------------------------
# Calculate electric field on a boundary plane with 0th order edge-based element.
# Number of equation = 520, Number of equation after degeneration = 476
# Set values of matrix and right hand side vector. ( 263 sec )
# Numerical factorization phase of matrix solver for boundary plane. Polarization : 1 Plane : 1. ( 263 sec )
# Solve phase of matrix solver for boundary plane. Polarization : 1 Plane : 1. ( 263 sec )
#------------------------------------------------------------------------------
# Set values of matrix and right hand side vector. ( 263 sec )
# Numerical factorization phase of matrix solver for 3D forward calculation. Polarization : 1.( 265 sec )
# Solve phase of matrix solver for 3D forward calculation. Polarization : 1.( 299 sec )
# Calulate right-hand sides vectors consisting of interpolator vectors.( 299 sec )
# Solve phase of matrix solver for right-hand sides consisting of interpolator vectors.( 300 sec )
# Solve phase is performed simultaneously for 282 right-hand sides( 300 sec )
# Calculate derivatives of EM field.( 315 sec )
#==============================================================================
# Calculate response functions. ( 345 sec )
# Calculate sensitivity matrix of frequency 10[Hz].( 346 sec )
# Sensitivity matrix of frequency 10[Hz] is saved in the out-of-core file sensMatFreq12.
#==============================================================================
#================================================================================================
# Start forward calculation. Frequency : 15.848 [Hz], Polarization : Ex-polarization
#================================================================================================
# Start 3D forward calculation with 0th order 3D edge-based element.( 346 sec )
# Number of equation = 475883, Number of equation after degeneration = 473549
# Calculating EM field of the boundary planes with 2D forward analysis.        
#-----------------------------[ Boundary Plane 2 ]-----------------------------
# Calculate electric field on a boundary plane with 0th order edge-based element.
# Number of equation = 514, Number of equation after degeneration = 470
# Set values of matrix and right hand side vector. ( 346 sec )
# Numerical factorization phase of matrix solver for boundary plane. Polarization : 0 Plane : 2. ( 346 sec )
# Solve phase of matrix solver for boundary plane. Polarization : 0 Plane : 2. ( 346 sec )
#-----------------------------[ Boundary Plane 3 ]-----------------------------
# Calculate electric field on a boundary plane with 0th order edge-based element.
# Number of equation = 514, Number of equation after degeneration = 470
# Set values of matrix and right hand side vector. ( 346 sec )
# Numerical factorization phase of matrix solver for boundary plane. Polarization : 0 Plane : 3. ( 346 sec )
# Solve phase of matrix solver for boundary plane. Polarization : 0 Plane : 3. ( 346 sec )
#------------------------------------------------------------------------------
# Set values of matrix and right hand side vector. ( 346 sec )
# Numerical factorization phase of matrix solver for 3D forward calculation. Polarization : 0.( 349 sec )
# Solve phase of matrix solver for 3D forward calculation. Polarization : 0.( 382 sec )
# Calulate right-hand sides vectors consisting of interpolator vectors.( 382 sec )
# Solve phase of matrix solver for right-hand sides consisting of interpolator vectors.( 384 sec )
# Solve phase is performed simultaneously for 282 right-hand sides( 384 sec )
# Calculate derivatives of EM field.( 399 sec )
#================================================================================================
# Start forward calculation. Frequency : 15.848 [Hz], Polarization : Ey-polarization
#================================================================================================
# Start 3D forward calculation with 0th order 3D edge-based element.( 430 sec )
# Number of equation = 475883, Number of equation after degeneration = 473549
# Calculating EM field of the boundary planes with 2D forward analysis.        
#-----------------------------[ Boundary Plane 0 ]-----------------------------
# Calculate electric field on a boundary plane with 0th order edge-based element.
# Number of equation = 520, Number of equation after degeneration = 476
# Set values of matrix and right hand side vector. ( 430 sec )
# Numerical factorization phase of matrix solver for boundary plane. Polarization : 1 Plane : 0. ( 430 sec )
# Solve phase of matrix solver for boundary plane. Polarization : 1 Plane : 0. ( 430 sec )
#-----------------------------[ Boundary Plane 1 ]-----------------------------
# Calculate electric field on a boundary plane with 0th order edge-based element.
# Number of equation = 520, Number of equation after degeneration = 476
# Set values of matrix and right hand side vector. ( 430 sec )
# Numerical factorization phase of matrix solver for boundary plane. Polarization : 1 Plane : 1. ( 430 sec )
# Solve phase of matrix solver for boundary plane. Polarization : 1 Plane : 1. ( 430 sec )
#------------------------------------------------------------------------------
# Set values of matrix and right hand side vector. ( 430 sec )
# Numerical factorization phase of matrix solver for 3D forward calculation. Polarization : 1.( 432 sec )
# Solve phase of matrix solver for 3D forward calculation. Polarization : 1.( 466 sec )
# Calulate right-hand sides vectors consisting of interpolator vectors.( 466 sec )
# Solve phase of matrix solver for right-hand sides consisting of interpolator vectors.( 468 sec )
# Solve phase is performed simultaneously for 282 right-hand sides( 468 sec )
# Calculate derivatives of EM field.( 483 sec )
#==============================================================================
# Calculate response functions. ( 512 sec )
# Calculate sensitivity matrix of frequency 15.848[Hz].( 512 sec )
# Sensitivity matrix of frequency 15.848[Hz] is saved in the out-of-core file sensMatFreq13.
#==============================================================================
# Release memory of coefficient matrix and sparse solver. ( 513 sec )
###############################################################################
# Start Inversion.  Iteration : 0
###############################################################################
# Number of model : 54779
# Number of frequencies of this PE : 3
# Calculate constraining matrix. ( 516 sec )
# Analyse constraining matrix.( 516 sec )
# Analyse transposed constraining matrix.( 516 sec )
# Factorize constraining matrix.( 516 sec )
# Factorize transposed constraining matrix.( 517 sec )
# Number of data of this PE : 1472
# Read sensitivity matrix from sensMatFreq11.( 517 sec )
# Multiply transposed sensitivity matrix by inverse of transposed constraining matrix. ( 520 sec )
# Solve phase is performed simultaneously for 496 right-hand sides( 520 sec )
# Read sensitivity matrix from sensMatFreq12.( 522 sec )
# Multiply transposed sensitivity matrix by inverse of transposed constraining matrix. ( 524 sec )
# Solve phase is performed simultaneously for 488 right-hand sides( 524 sec )
# Read sensitivity matrix from sensMatFreq13.( 525 sec )
# Multiply transposed sensitivity matrix by inverse of transposed constraining matrix. ( 527 sec )
# Solve phase is performed simultaneously for 488 right-hand sides( 527 sec )
# Calculate right-hand side vector. ( 529 sec )
# Read sensitivity matrix from sensMatFreq11.( 529 sec )
# Read sensitivity matrix from sensMatFreq12.( 529 sec )
# Read sensitivity matrix from sensMatFreq13.( 530 sec )
# Read sensitivity matrix from sensMatFreq11.( 580 sec )
# Read sensitivity matrix from sensMatFreq12.( 581 sec )
# Read sensitivity matrix from sensMatFreq13.( 581 sec )
# Calculate model increments. ( 581 sec )
###############################################################################
# Start Forward Computation.  Iteration : 1,  Retrial : 0
###############################################################################
#================================================================================================
# Start forward calculation. Frequency : 6.3095 [Hz], Polarization : Ex-polarization
#================================================================================================
# Start 3D forward calculation with 0th order 3D edge-based element.( 582 sec )
# Number of equation = 475883, Number of equation after degeneration = 473549
# Calculating EM field of the boundary planes with 2D forward analysis.        
#-----------------------------[ Boundary Plane 2 ]-----------------------------
# Calculate electric field on a boundary plane with 0th order edge-based element.
# Number of equation = 514, Number of equation after degeneration = 470
# Set values of matrix and right hand side vector. ( 582 sec )
# Numerical factorization phase of matrix solver for boundary plane. Polarization : 0 Plane : 2. ( 582 sec )
# Solve phase of matrix solver for boundary plane. Polarization : 0 Plane : 2. ( 582 sec )
#-----------------------------[ Boundary Plane 3 ]-----------------------------
# Calculate electric field on a boundary plane with 0th order edge-based element.
# Number of equation = 514, Number of equation after degeneration = 470
# Set values of matrix and right hand side vector. ( 582 sec )
# Numerical factorization phase of matrix solver for boundary plane. Polarization : 0 Plane : 3. ( 582 sec )
# Solve phase of matrix solver for boundary plane. Polarization : 0 Plane : 3. ( 582 sec )
#------------------------------------------------------------------------------
# Set matrix structure. ( 582 sec )
# Anaysis phase of matrix solver for 3D forward calculation. Polarization : 0. ( 586 sec )
#++++++++++++++++++++++++++++++++++++++++++++++++++++++++++++++++++++++++++++++++++++++++++++++++
# Total peak memory required during the analysis and symbolic factorization phase    : 577865 [KByte]
# Permanent memory required from the analysis phase to the solve phases              : 482698 [KByte]
# Total memory consumed by in-core forward solver for internal float point arrays    : 4.12245e+06 [KByte]
# Minimum memory consumed by out-core forward solver for internal float point arrays : 68336 [KByte]
#++++++++++++++++++++++++++++++++++++++++++++++++++++++++++++++++++++++++++++++++++++++++++++++++
# Set values of matrix and right hand side vector. ( 590 sec )
# Numerical factorization phase of matrix solver for 3D forward calculation. Polarization : 0.( 592 sec )
# Solve phase of matrix solver for 3D forward calculation. Polarization : 0.( 626 sec )
# Calulate right-hand sides vectors consisting of interpolator vectors.( 626 sec )
# Solve phase of matrix solver for right-hand sides consisting of interpolator vectors.( 628 sec )
# Solve phase is performed simultaneously for 286 right-hand sides( 628 sec )
# Calculate derivatives of EM field.( 643 sec )
#================================================================================================
# Start forward calculation. Frequency : 6.3095 [Hz], Polarization : Ey-polarization
#================================================================================================
# Start 3D forward calculation with 0th order 3D edge-based element.( 673 sec )
# Number of equation = 475883, Number of equation after degeneration = 473549
# Calculating EM field of the boundary planes with 2D forward analysis.        
#-----------------------------[ Boundary Plane 0 ]-----------------------------
# Calculate electric field on a boundary plane with 0th order edge-based element.
# Number of equation = 520, Number of equation after degeneration = 476
# Set values of matrix and right hand side vector. ( 673 sec )
# Numerical factorization phase of matrix solver for boundary plane. Polarization : 1 Plane : 0. ( 673 sec )
# Solve phase of matrix solver for boundary plane. Polarization : 1 Plane : 0. ( 673 sec )
#-----------------------------[ Boundary Plane 1 ]-----------------------------
# Calculate electric field on a boundary plane with 0th order edge-based element.
# Number of equation = 520, Number of equation after degeneration = 476
# Set values of matrix and right hand side vector. ( 673 sec )
# Numerical factorization phase of matrix solver for boundary plane. Polarization : 1 Plane : 1. ( 673 sec )
# Solve phase of matrix solver for boundary plane. Polarization : 1 Plane : 1. ( 673 sec )
#------------------------------------------------------------------------------
# Set values of matrix and right hand side vector. ( 673 sec )
# Numerical factorization phase of matrix solver for 3D forward calculation. Polarization : 1.( 676 sec )
# Solve phase of matrix solver for 3D forward calculation. Polarization : 1.( 709 sec )
# Calulate right-hand sides vectors consisting of interpolator vectors.( 710 sec )
# Solve phase of matrix solver for right-hand sides consisting of interpolator vectors.( 711 sec )
# Solve phase is performed simultaneously for 286 right-hand sides( 711 sec )
# Calculate derivatives of EM field.( 727 sec )
#==============================================================================
# Calculate response functions. ( 757 sec )
# Calculate sensitivity matrix of frequency 6.3095[Hz].( 757 sec )
# Sensitivity matrix of frequency 6.3095[Hz] is saved in the out-of-core file sensMatFreq11.
#==============================================================================
#================================================================================================
# Start forward calculation. Frequency : 10 [Hz], Polarization : Ex-polarization
#================================================================================================
# Start 3D forward calculation with 0th order 3D edge-based element.( 758 sec )
# Number of equation = 475883, Number of equation after degeneration = 473549
# Calculating EM field of the boundary planes with 2D forward analysis.        
#-----------------------------[ Boundary Plane 2 ]-----------------------------
# Calculate electric field on a boundary plane with 0th order edge-based element.
# Number of equation = 514, Number of equation after degeneration = 470
# Set values of matrix and right hand side vector. ( 758 sec )
# Numerical factorization phase of matrix solver for boundary plane. Polarization : 0 Plane : 2. ( 758 sec )
# Solve phase of matrix solver for boundary plane. Polarization : 0 Plane : 2. ( 758 sec )
#-----------------------------[ Boundary Plane 3 ]-----------------------------
# Calculate electric field on a boundary plane with 0th order edge-based element.
# Number of equation = 514, Number of equation after degeneration = 470
# Set values of matrix and right hand side vector. ( 758 sec )
# Numerical factorization phase of matrix solver for boundary plane. Polarization : 0 Plane : 3. ( 758 sec )
# Solve phase of matrix solver for boundary plane. Polarization : 0 Plane : 3. ( 758 sec )
#------------------------------------------------------------------------------
# Set values of matrix and right hand side vector. ( 758 sec )
# Numerical factorization phase of matrix solver for 3D forward calculation. Polarization : 0.( 760 sec )
# Solve phase of matrix solver for 3D forward calculation. Polarization : 0.( 793 sec )
# Calulate right-hand sides vectors consisting of interpolator vectors.( 794 sec )
# Solve phase of matrix solver for right-hand sides consisting of interpolator vectors.( 795 sec )
# Solve phase is performed simultaneously for 282 right-hand sides( 795 sec )
# Calculate derivatives of EM field.( 810 sec )
#================================================================================================
# Start forward calculation. Frequency : 10 [Hz], Polarization : Ey-polarization
#================================================================================================
# Start 3D forward calculation with 0th order 3D edge-based element.( 840 sec )
# Number of equation = 475883, Number of equation after degeneration = 473549
# Calculating EM field of the boundary planes with 2D forward analysis.        
#-----------------------------[ Boundary Plane 0 ]-----------------------------
# Calculate electric field on a boundary plane with 0th order edge-based element.
# Number of equation = 520, Number of equation after degeneration = 476
# Set values of matrix and right hand side vector. ( 840 sec )
# Numerical factorization phase of matrix solver for boundary plane. Polarization : 1 Plane : 0. ( 840 sec )
# Solve phase of matrix solver for boundary plane. Polarization : 1 Plane : 0. ( 840 sec )
#-----------------------------[ Boundary Plane 1 ]-----------------------------
# Calculate electric field on a boundary plane with 0th order edge-based element.
# Number of equation = 520, Number of equation after degeneration = 476
# Set values of matrix and right hand side vector. ( 840 sec )
# Numerical factorization phase of matrix solver for boundary plane. Polarization : 1 Plane : 1. ( 840 sec )
# Solve phase of matrix solver for boundary plane. Polarization : 1 Plane : 1. ( 840 sec )
#------------------------------------------------------------------------------
# Set values of matrix and right hand side vector. ( 840 sec )
# Numerical factorization phase of matrix solver for 3D forward calculation. Polarization : 1.( 843 sec )
# Solve phase of matrix solver for 3D forward calculation. Polarization : 1.( 876 sec )
# Calulate right-hand sides vectors consisting of interpolator vectors.( 876 sec )
# Solve phase of matrix solver for right-hand sides consisting of interpolator vectors.( 878 sec )
# Solve phase is performed simultaneously for 282 right-hand sides( 878 sec )
# Calculate derivatives of EM field.( 893 sec )
#==============================================================================
# Calculate response functions. ( 922 sec )
# Calculate sensitivity matrix of frequency 10[Hz].( 922 sec )
# Sensitivity matrix of frequency 10[Hz] is saved in the out-of-core file sensMatFreq12.
#==============================================================================
#================================================================================================
# Start forward calculation. Frequency : 15.848 [Hz], Polarization : Ex-polarization
#================================================================================================
# Start 3D forward calculation with 0th order 3D edge-based element.( 923 sec )
# Number of equation = 475883, Number of equation after degeneration = 473549
# Calculating EM field of the boundary planes with 2D forward analysis.        
#-----------------------------[ Boundary Plane 2 ]-----------------------------
# Calculate electric field on a boundary plane with 0th order edge-based element.
# Number of equation = 514, Number of equation after degeneration = 470
# Set values of matrix and right hand side vector. ( 923 sec )
# Numerical factorization phase of matrix solver for boundary plane. Polarization : 0 Plane : 2. ( 923 sec )
# Solve phase of matrix solver for boundary plane. Polarization : 0 Plane : 2. ( 923 sec )
#-----------------------------[ Boundary Plane 3 ]-----------------------------
# Calculate electric field on a boundary plane with 0th order edge-based element.
# Number of equation = 514, Number of equation after degeneration = 470
# Set values of matrix and right hand side vector. ( 923 sec )
# Numerical factorization phase of matrix solver for boundary plane. Polarization : 0 Plane : 3. ( 923 sec )
# Solve phase of matrix solver for boundary plane. Polarization : 0 Plane : 3. ( 923 sec )
#------------------------------------------------------------------------------
# Set values of matrix and right hand side vector. ( 923 sec )
# Numerical factorization phase of matrix solver for 3D forward calculation. Polarization : 0.( 926 sec )
# Solve phase of matrix solver for 3D forward calculation. Polarization : 0.( 959 sec )
# Calulate right-hand sides vectors consisting of interpolator vectors.( 959 sec )
# Solve phase of matrix solver for right-hand sides consisting of interpolator vectors.( 961 sec )
# Solve phase is performed simultaneously for 282 right-hand sides( 961 sec )
# Calculate derivatives of EM field.( 975 sec )
#================================================================================================
# Start forward calculation. Frequency : 15.848 [Hz], Polarization : Ey-polarization
#================================================================================================
# Start 3D forward calculation with 0th order 3D edge-based element.( 1006 sec )
# Number of equation = 475883, Number of equation after degeneration = 473549
# Calculating EM field of the boundary planes with 2D forward analysis.        
#-----------------------------[ Boundary Plane 0 ]-----------------------------
# Calculate electric field on a boundary plane with 0th order edge-based element.
# Number of equation = 520, Number of equation after degeneration = 476
# Set values of matrix and right hand side vector. ( 1006 sec )
# Numerical factorization phase of matrix solver for boundary plane. Polarization : 1 Plane : 0. ( 1006 sec )
# Solve phase of matrix solver for boundary plane. Polarization : 1 Plane : 0. ( 1006 sec )
#-----------------------------[ Boundary Plane 1 ]-----------------------------
# Calculate electric field on a boundary plane with 0th order edge-based element.
# Number of equation = 520, Number of equation after degeneration = 476
# Set values of matrix and right hand side vector. ( 1006 sec )
# Numerical factorization phase of matrix solver for boundary plane. Polarization : 1 Plane : 1. ( 1006 sec )
# Solve phase of matrix solver for boundary plane. Polarization : 1 Plane : 1. ( 1006 sec )
#------------------------------------------------------------------------------
# Set values of matrix and right hand side vector. ( 1006 sec )
# Numerical factorization phase of matrix solver for 3D forward calculation. Polarization : 1.( 1008 sec )
# Solve phase of matrix solver for 3D forward calculation. Polarization : 1.( 1041 sec )
# Calulate right-hand sides vectors consisting of interpolator vectors.( 1042 sec )
# Solve phase of matrix solver for right-hand sides consisting of interpolator vectors.( 1043 sec )
# Solve phase is performed simultaneously for 282 right-hand sides( 1043 sec )
# Calculate derivatives of EM field.( 1059 sec )
#==============================================================================
# Calculate response functions. ( 1088 sec )
# Calculate sensitivity matrix of frequency 15.848[Hz].( 1088 sec )
# Sensitivity matrix of frequency 15.848[Hz] is saved in the out-of-core file sensMatFreq13.
#==============================================================================
# Release memory of coefficient matrix and sparse solver. ( 1089 sec )
###############################################################################
# Start Inversion.  Iteration : 1
###############################################################################
# Number of model : 54779
# Number of frequencies of this PE : 3
# Calculate constraining matrix. ( 1092 sec )
# Analyse constraining matrix.( 1092 sec )
# Analyse transposed constraining matrix.( 1092 sec )
# Factorize constraining matrix.( 1092 sec )
# Factorize transposed constraining matrix.( 1093 sec )
# Number of data of this PE : 1472
# Read sensitivity matrix from sensMatFreq11.( 1093 sec )
# Multiply transposed sensitivity matrix by inverse of transposed constraining matrix. ( 1096 sec )
# Solve phase is performed simultaneously for 496 right-hand sides( 1096 sec )
# Read sensitivity matrix from sensMatFreq12.( 1098 sec )
# Multiply transposed sensitivity matrix by inverse of transposed constraining matrix. ( 1100 sec )
# Solve phase is performed simultaneously for 488 right-hand sides( 1100 sec )
# Read sensitivity matrix from sensMatFreq13.( 1102 sec )
# Multiply transposed sensitivity matrix by inverse of transposed constraining matrix. ( 1104 sec )
# Solve phase is performed simultaneously for 488 right-hand sides( 1104 sec )
# Calculate right-hand side vector. ( 1106 sec )
# Read sensitivity matrix from sensMatFreq11.( 1106 sec )
# Read sensitivity matrix from sensMatFreq12.( 1106 sec )
# Read sensitivity matrix from sensMatFreq13.( 1106 sec )
# Read sensitivity matrix from sensMatFreq11.( 1158 sec )
# Read sensitivity matrix from sensMatFreq12.( 1158 sec )
# Read sensitivity matrix from sensMatFreq13.( 1159 sec )
# Calculate model increments. ( 1159 sec )
###############################################################################
# Start Forward Computation.  Iteration : 2,  Retrial : 0
###############################################################################
#================================================================================================
# Start forward calculation. Frequency : 6.3095 [Hz], Polarization : Ex-polarization
#================================================================================================
# Start 3D forward calculation with 0th order 3D edge-based element.( 1160 sec )
# Number of equation = 475883, Number of equation after degeneration = 473549
# Calculating EM field of the boundary planes with 2D forward analysis.        
#-----------------------------[ Boundary Plane 2 ]-----------------------------
# Calculate electric field on a boundary plane with 0th order edge-based element.
# Number of equation = 514, Number of equation after degeneration = 470
# Set values of matrix and right hand side vector. ( 1160 sec )
# Numerical factorization phase of matrix solver for boundary plane. Polarization : 0 Plane : 2. ( 1160 sec )
# Solve phase of matrix solver for boundary plane. Polarization : 0 Plane : 2. ( 1160 sec )
#-----------------------------[ Boundary Plane 3 ]-----------------------------
# Calculate electric field on a boundary plane with 0th order edge-based element.
# Number of equation = 514, Number of equation after degeneration = 470
# Set values of matrix and right hand side vector. ( 1160 sec )
# Numerical factorization phase of matrix solver for boundary plane. Polarization : 0 Plane : 3. ( 1160 sec )
# Solve phase of matrix solver for boundary plane. Polarization : 0 Plane : 3. ( 1160 sec )
#------------------------------------------------------------------------------
# Set matrix structure. ( 1160 sec )
# Anaysis phase of matrix solver for 3D forward calculation. Polarization : 0. ( 1164 sec )
#++++++++++++++++++++++++++++++++++++++++++++++++++++++++++++++++++++++++++++++++++++++++++++++++
# Total peak memory required during the analysis and symbolic factorization phase    : 576521 [KByte]
# Permanent memory required from the analysis phase to the solve phases              : 481684 [KByte]
# Total memory consumed by in-core forward solver for internal float point arrays    : 4.098e+06 [KByte]
# Minimum memory consumed by out-core forward solver for internal float point arrays : 69027 [KByte]
#++++++++++++++++++++++++++++++++++++++++++++++++++++++++++++++++++++++++++++++++++++++++++++++++
# Set values of matrix and right hand side vector. ( 1167 sec )
# Numerical factorization phase of matrix solver for 3D forward calculation. Polarization : 0.( 1170 sec )
# Solve phase of matrix solver for 3D forward calculation. Polarization : 0.( 1203 sec )
# Calulate right-hand sides vectors consisting of interpolator vectors.( 1204 sec )
# Solve phase of matrix solver for right-hand sides consisting of interpolator vectors.( 1205 sec )
# Solve phase is performed simultaneously for 286 right-hand sides( 1205 sec )
# Calculate derivatives of EM field.( 1220 sec )
#================================================================================================
# Start forward calculation. Frequency : 6.3095 [Hz], Polarization : Ey-polarization
#================================================================================================
# Start 3D forward calculation with 0th order 3D edge-based element.( 1251 sec )
# Number of equation = 475883, Number of equation after degeneration = 473549
# Calculating EM field of the boundary planes with 2D forward analysis.        
#-----------------------------[ Boundary Plane 0 ]-----------------------------
# Calculate electric field on a boundary plane with 0th order edge-based element.
# Number of equation = 520, Number of equation after degeneration = 476
# Set values of matrix and right hand side vector. ( 1251 sec )
# Numerical factorization phase of matrix solver for boundary plane. Polarization : 1 Plane : 0. ( 1251 sec )
# Solve phase of matrix solver for boundary plane. Polarization : 1 Plane : 0. ( 1251 sec )
#-----------------------------[ Boundary Plane 1 ]-----------------------------
# Calculate electric field on a boundary plane with 0th order edge-based element.
# Number of equation = 520, Number of equation after degeneration = 476
# Set values of matrix and right hand side vector. ( 1251 sec )
# Numerical factorization phase of matrix solver for boundary plane. Polarization : 1 Plane : 1. ( 1251 sec )
# Solve phase of matrix solver for boundary plane. Polarization : 1 Plane : 1. ( 1251 sec )
#------------------------------------------------------------------------------
# Set values of matrix and right hand side vector. ( 1251 sec )
# Numerical factorization phase of matrix solver for 3D forward calculation. Polarization : 1.( 1254 sec )
# Solve phase of matrix solver for 3D forward calculation. Polarization : 1.( 1286 sec )
# Calulate right-hand sides vectors consisting of interpolator vectors.( 1287 sec )
# Solve phase of matrix solver for right-hand sides consisting of interpolator vectors.( 1288 sec )
# Solve phase is performed simultaneously for 286 right-hand sides( 1288 sec )
# Calculate derivatives of EM field.( 1303 sec )
#==============================================================================
# Calculate response functions. ( 1334 sec )
# Calculate sensitivity matrix of frequency 6.3095[Hz].( 1334 sec )
# Sensitivity matrix of frequency 6.3095[Hz] is saved in the out-of-core file sensMatFreq11.
#==============================================================================
#================================================================================================
# Start forward calculation. Frequency : 10 [Hz], Polarization : Ex-polarization
#================================================================================================
# Start 3D forward calculation with 0th order 3D edge-based element.( 1335 sec )
# Number of equation = 475883, Number of equation after degeneration = 473549
# Calculating EM field of the boundary planes with 2D forward analysis.        
#-----------------------------[ Boundary Plane 2 ]-----------------------------
# Calculate electric field on a boundary plane with 0th order edge-based element.
# Number of equation = 514, Number of equation after degeneration = 470
# Set values of matrix and right hand side vector. ( 1335 sec )
# Numerical factorization phase of matrix solver for boundary plane. Polarization : 0 Plane : 2. ( 1335 sec )
# Solve phase of matrix solver for boundary plane. Polarization : 0 Plane : 2. ( 1335 sec )
#-----------------------------[ Boundary Plane 3 ]-----------------------------
# Calculate electric field on a boundary plane with 0th order edge-based element.
# Number of equation = 514, Number of equation after degeneration = 470
# Set values of matrix and right hand side vector. ( 1335 sec )
# Numerical factorization phase of matrix solver for boundary plane. Polarization : 0 Plane : 3. ( 1335 sec )
# Solve phase of matrix solver for boundary plane. Polarization : 0 Plane : 3. ( 1335 sec )
#------------------------------------------------------------------------------
# Set values of matrix and right hand side vector. ( 1335 sec )
# Numerical factorization phase of matrix solver for 3D forward calculation. Polarization : 0.( 1338 sec )
# Solve phase of matrix solver for 3D forward calculation. Polarization : 0.( 1370 sec )
# Calulate right-hand sides vectors consisting of interpolator vectors.( 1371 sec )
# Solve phase of matrix solver for right-hand sides consisting of interpolator vectors.( 1372 sec )
# Solve phase is performed simultaneously for 282 right-hand sides( 1372 sec )
# Calculate derivatives of EM field.( 1386 sec )
#================================================================================================
# Start forward calculation. Frequency : 10 [Hz], Polarization : Ey-polarization
#================================================================================================
# Start 3D forward calculation with 0th order 3D edge-based element.( 1415 sec )
# Number of equation = 475883, Number of equation after degeneration = 473549
# Calculating EM field of the boundary planes with 2D forward analysis.        
#-----------------------------[ Boundary Plane 0 ]-----------------------------
# Calculate electric field on a boundary plane with 0th order edge-based element.
# Number of equation = 520, Number of equation after degeneration = 476
# Set values of matrix and right hand side vector. ( 1415 sec )
# Numerical factorization phase of matrix solver for boundary plane. Polarization : 1 Plane : 0. ( 1415 sec )
# Solve phase of matrix solver for boundary plane. Polarization : 1 Plane : 0. ( 1415 sec )
#-----------------------------[ Boundary Plane 1 ]-----------------------------
# Calculate electric field on a boundary plane with 0th order edge-based element.
# Number of equation = 520, Number of equation after degeneration = 476
# Set values of matrix and right hand side vector. ( 1415 sec )
# Numerical factorization phase of matrix solver for boundary plane. Polarization : 1 Plane : 1. ( 1415 sec )
# Solve phase of matrix solver for boundary plane. Polarization : 1 Plane : 1. ( 1415 sec )
#------------------------------------------------------------------------------
# Set values of matrix and right hand side vector. ( 1415 sec )
# Numerical factorization phase of matrix solver for 3D forward calculation. Polarization : 1.( 1419 sec )
# Solve phase of matrix solver for 3D forward calculation. Polarization : 1.( 1451 sec )
# Calulate right-hand sides vectors consisting of interpolator vectors.( 1451 sec )
# Solve phase of matrix solver for right-hand sides consisting of interpolator vectors.( 1453 sec )
# Solve phase is performed simultaneously for 282 right-hand sides( 1453 sec )
# Calculate derivatives of EM field.( 1467 sec )
#==============================================================================
# Calculate response functions. ( 1494 sec )
# Calculate sensitivity matrix of frequency 10[Hz].( 1494 sec )
# Sensitivity matrix of frequency 10[Hz] is saved in the out-of-core file sensMatFreq12.
#==============================================================================
#================================================================================================
# Start forward calculation. Frequency : 15.848 [Hz], Polarization : Ex-polarization
#================================================================================================
# Start 3D forward calculation with 0th order 3D edge-based element.( 1495 sec )
# Number of equation = 475883, Number of equation after degeneration = 473549
# Calculating EM field of the boundary planes with 2D forward analysis.        
#-----------------------------[ Boundary Plane 2 ]-----------------------------
# Calculate electric field on a boundary plane with 0th order edge-based element.
# Number of equation = 514, Number of equation after degeneration = 470
# Set values of matrix and right hand side vector. ( 1495 sec )
# Numerical factorization phase of matrix solver for boundary plane. Polarization : 0 Plane : 2. ( 1495 sec )
# Solve phase of matrix solver for boundary plane. Polarization : 0 Plane : 2. ( 1495 sec )
#-----------------------------[ Boundary Plane 3 ]-----------------------------
# Calculate electric field on a boundary plane with 0th order edge-based element.
# Number of equation = 514, Number of equation after degeneration = 470
# Set values of matrix and right hand side vector. ( 1495 sec )
# Numerical factorization phase of matrix solver for boundary plane. Polarization : 0 Plane : 3. ( 1495 sec )
# Solve phase of matrix solver for boundary plane. Polarization : 0 Plane : 3. ( 1495 sec )
#------------------------------------------------------------------------------
# Set values of matrix and right hand side vector. ( 1495 sec )
# Numerical factorization phase of matrix solver for 3D forward calculation. Polarization : 0.( 1499 sec )
# Solve phase of matrix solver for 3D forward calculation. Polarization : 0.( 1530 sec )
# Calulate right-hand sides vectors consisting of interpolator vectors.( 1531 sec )
# Solve phase of matrix solver for right-hand sides consisting of interpolator vectors.( 1532 sec )
# Solve phase is performed simultaneously for 282 right-hand sides( 1532 sec )
# Calculate derivatives of EM field.( 1546 sec )
#================================================================================================
# Start forward calculation. Frequency : 15.848 [Hz], Polarization : Ey-polarization
#================================================================================================
# Start 3D forward calculation with 0th order 3D edge-based element.( 1572 sec )
# Number of equation = 475883, Number of equation after degeneration = 473549
# Calculating EM field of the boundary planes with 2D forward analysis.        
#-----------------------------[ Boundary Plane 0 ]-----------------------------
# Calculate electric field on a boundary plane with 0th order edge-based element.
# Number of equation = 520, Number of equation after degeneration = 476
# Set values of matrix and right hand side vector. ( 1572 sec )
# Numerical factorization phase of matrix solver for boundary plane. Polarization : 1 Plane : 0. ( 1572 sec )
# Solve phase of matrix solver for boundary plane. Polarization : 1 Plane : 0. ( 1572 sec )
#-----------------------------[ Boundary Plane 1 ]-----------------------------
# Calculate electric field on a boundary plane with 0th order edge-based element.
# Number of equation = 520, Number of equation after degeneration = 476
# Set values of matrix and right hand side vector. ( 1572 sec )
# Numerical factorization phase of matrix solver for boundary plane. Polarization : 1 Plane : 1. ( 1572 sec )
# Solve phase of matrix solver for boundary plane. Polarization : 1 Plane : 1. ( 1572 sec )
#------------------------------------------------------------------------------
# Set values of matrix and right hand side vector. ( 1572 sec )
# Numerical factorization phase of matrix solver for 3D forward calculation. Polarization : 1.( 1576 sec )
# Solve phase of matrix solver for 3D forward calculation. Polarization : 1.( 1608 sec )
# Calulate right-hand sides vectors consisting of interpolator vectors.( 1608 sec )
# Solve phase of matrix solver for right-hand sides consisting of interpolator vectors.( 1610 sec )
# Solve phase is performed simultaneously for 282 right-hand sides( 1610 sec )
# Calculate derivatives of EM field.( 1624 sec )
#==============================================================================
# Calculate response functions. ( 1649 sec )
# Calculate sensitivity matrix of frequency 15.848[Hz].( 1649 sec )
# Sensitivity matrix of frequency 15.848[Hz] is saved in the out-of-core file sensMatFreq13.
#==============================================================================
# Release memory of coefficient matrix and sparse solver. ( 1650 sec )
###############################################################################
# Start Inversion.  Iteration : 2
###############################################################################
# Number of model : 54779
# Number of frequencies of this PE : 3
# Calculate constraining matrix. ( 1662 sec )
# Analyse constraining matrix.( 1663 sec )
# Analyse transposed constraining matrix.( 1663 sec )
# Factorize constraining matrix.( 1663 sec )
# Factorize transposed constraining matrix.( 1663 sec )
# Number of data of this PE : 1472
# Read sensitivity matrix from sensMatFreq11.( 1663 sec )
# Multiply transposed sensitivity matrix by inverse of transposed constraining matrix. ( 1666 sec )
# Solve phase is performed simultaneously for 496 right-hand sides( 1666 sec )
# Read sensitivity matrix from sensMatFreq12.( 1668 sec )
# Multiply transposed sensitivity matrix by inverse of transposed constraining matrix. ( 1671 sec )
# Solve phase is performed simultaneously for 488 right-hand sides( 1671 sec )
# Read sensitivity matrix from sensMatFreq13.( 1672 sec )
# Multiply transposed sensitivity matrix by inverse of transposed constraining matrix. ( 1674 sec )
# Solve phase is performed simultaneously for 488 right-hand sides( 1674 sec )
# Calculate right-hand side vector. ( 1676 sec )
# Read sensitivity matrix from sensMatFreq11.( 1676 sec )
# Read sensitivity matrix from sensMatFreq12.( 1676 sec )
# Read sensitivity matrix from sensMatFreq13.( 1676 sec )
# Read sensitivity matrix from sensMatFreq11.( 1728 sec )
# Read sensitivity matrix from sensMatFreq12.( 1728 sec )
# Read sensitivity matrix from sensMatFreq13.( 1728 sec )
# Calculate model increments. ( 1728 sec )
###############################################################################
# Start Forward Computation.  Iteration : 3,  Retrial : 0
###############################################################################
#================================================================================================
# Start forward calculation. Frequency : 6.3095 [Hz], Polarization : Ex-polarization
#================================================================================================
# Start 3D forward calculation with 0th order 3D edge-based element.( 1729 sec )
# Number of equation = 475883, Number of equation after degeneration = 473549
# Calculating EM field of the boundary planes with 2D forward analysis.        
#-----------------------------[ Boundary Plane 2 ]-----------------------------
# Calculate electric field on a boundary plane with 0th order edge-based element.
# Number of equation = 514, Number of equation after degeneration = 470
# Set values of matrix and right hand side vector. ( 1729 sec )
# Numerical factorization phase of matrix solver for boundary plane. Polarization : 0 Plane : 2. ( 1729 sec )
# Solve phase of matrix solver for boundary plane. Polarization : 0 Plane : 2. ( 1729 sec )
#-----------------------------[ Boundary Plane 3 ]-----------------------------
# Calculate electric field on a boundary plane with 0th order edge-based element.
# Number of equation = 514, Number of equation after degeneration = 470
# Set values of matrix and right hand side vector. ( 1729 sec )
# Numerical factorization phase of matrix solver for boundary plane. Polarization : 0 Plane : 3. ( 1729 sec )
# Solve phase of matrix solver for boundary plane. Polarization : 0 Plane : 3. ( 1729 sec )
#------------------------------------------------------------------------------
# Set matrix structure. ( 1729 sec )
# Anaysis phase of matrix solver for 3D forward calculation. Polarization : 0. ( 1733 sec )
#++++++++++++++++++++++++++++++++++++++++++++++++++++++++++++++++++++++++++++++++++++++++++++++++
# Total peak memory required during the analysis and symbolic factorization phase    : 577482 [KByte]
# Permanent memory required from the analysis phase to the solve phases              : 482301 [KByte]
# Total memory consumed by in-core forward solver for internal float point arrays    : 4.10587e+06 [KByte]
# Minimum memory consumed by out-core forward solver for internal float point arrays : 68566 [KByte]
#++++++++++++++++++++++++++++++++++++++++++++++++++++++++++++++++++++++++++++++++++++++++++++++++
# Set values of matrix and right hand side vector. ( 1737 sec )
# Numerical factorization phase of matrix solver for 3D forward calculation. Polarization : 0.( 1740 sec )
# Solve phase of matrix solver for 3D forward calculation. Polarization : 0.( 1773 sec )
# Calulate right-hand sides vectors consisting of interpolator vectors.( 1773 sec )
# Solve phase of matrix solver for right-hand sides consisting of interpolator vectors.( 1775 sec )
# Solve phase is performed simultaneously for 286 right-hand sides( 1775 sec )
# Calculate derivatives of EM field.( 1790 sec )
#================================================================================================
# Start forward calculation. Frequency : 6.3095 [Hz], Polarization : Ey-polarization
#================================================================================================
# Start 3D forward calculation with 0th order 3D edge-based element.( 1821 sec )
# Number of equation = 475883, Number of equation after degeneration = 473549
# Calculating EM field of the boundary planes with 2D forward analysis.        
#-----------------------------[ Boundary Plane 0 ]-----------------------------
# Calculate electric field on a boundary plane with 0th order edge-based element.
# Number of equation = 520, Number of equation after degeneration = 476
# Set values of matrix and right hand side vector. ( 1821 sec )
# Numerical factorization phase of matrix solver for boundary plane. Polarization : 1 Plane : 0. ( 1821 sec )
# Solve phase of matrix solver for boundary plane. Polarization : 1 Plane : 0. ( 1821 sec )
#-----------------------------[ Boundary Plane 1 ]-----------------------------
# Calculate electric field on a boundary plane with 0th order edge-based element.
# Number of equation = 520, Number of equation after degeneration = 476
# Set values of matrix and right hand side vector. ( 1821 sec )
# Numerical factorization phase of matrix solver for boundary plane. Polarization : 1 Plane : 1. ( 1821 sec )
# Solve phase of matrix solver for boundary plane. Polarization : 1 Plane : 1. ( 1821 sec )
#------------------------------------------------------------------------------
# Set values of matrix and right hand side vector. ( 1821 sec )
# Numerical factorization phase of matrix solver for 3D forward calculation. Polarization : 1.( 1823 sec )
# Solve phase of matrix solver for 3D forward calculation. Polarization : 1.( 1856 sec )
# Calulate right-hand sides vectors consisting of interpolator vectors.( 1857 sec )
# Solve phase of matrix solver for right-hand sides consisting of interpolator vectors.( 1858 sec )
# Solve phase is performed simultaneously for 286 right-hand sides( 1858 sec )
# Calculate derivatives of EM field.( 1873 sec )
#==============================================================================
# Calculate response functions. ( 1904 sec )
# Calculate sensitivity matrix of frequency 6.3095[Hz].( 1904 sec )
# Sensitivity matrix of frequency 6.3095[Hz] is saved in the out-of-core file sensMatFreq11.
#==============================================================================
#================================================================================================
# Start forward calculation. Frequency : 10 [Hz], Polarization : Ex-polarization
#================================================================================================
# Start 3D forward calculation with 0th order 3D edge-based element.( 1905 sec )
# Number of equation = 475883, Number of equation after degeneration = 473549
# Calculating EM field of the boundary planes with 2D forward analysis.        
#-----------------------------[ Boundary Plane 2 ]-----------------------------
# Calculate electric field on a boundary plane with 0th order edge-based element.
# Number of equation = 514, Number of equation after degeneration = 470
# Set values of matrix and right hand side vector. ( 1905 sec )
# Numerical factorization phase of matrix solver for boundary plane. Polarization : 0 Plane : 2. ( 1905 sec )
# Solve phase of matrix solver for boundary plane. Polarization : 0 Plane : 2. ( 1905 sec )
#-----------------------------[ Boundary Plane 3 ]-----------------------------
# Calculate electric field on a boundary plane with 0th order edge-based element.
# Number of equation = 514, Number of equation after degeneration = 470
# Set values of matrix and right hand side vector. ( 1905 sec )
# Numerical factorization phase of matrix solver for boundary plane. Polarization : 0 Plane : 3. ( 1905 sec )
# Solve phase of matrix solver for boundary plane. Polarization : 0 Plane : 3. ( 1905 sec )
#------------------------------------------------------------------------------
# Set values of matrix and right hand side vector. ( 1905 sec )
# Numerical factorization phase of matrix solver for 3D forward calculation. Polarization : 0.( 1908 sec )
# Solve phase of matrix solver for 3D forward calculation. Polarization : 0.( 1940 sec )
# Calulate right-hand sides vectors consisting of interpolator vectors.( 1941 sec )
# Solve phase of matrix solver for right-hand sides consisting of interpolator vectors.( 1942 sec )
# Solve phase is performed simultaneously for 282 right-hand sides( 1942 sec )
# Calculate derivatives of EM field.( 1957 sec )
#================================================================================================
# Start forward calculation. Frequency : 10 [Hz], Polarization : Ey-polarization
#================================================================================================
# Start 3D forward calculation with 0th order 3D edge-based element.( 1987 sec )
# Number of equation = 475883, Number of equation after degeneration = 473549
# Calculating EM field of the boundary planes with 2D forward analysis.        
#-----------------------------[ Boundary Plane 0 ]-----------------------------
# Calculate electric field on a boundary plane with 0th order edge-based element.
# Number of equation = 520, Number of equation after degeneration = 476
# Set values of matrix and right hand side vector. ( 1987 sec )
# Numerical factorization phase of matrix solver for boundary plane. Polarization : 1 Plane : 0. ( 1987 sec )
# Solve phase of matrix solver for boundary plane. Polarization : 1 Plane : 0. ( 1987 sec )
#-----------------------------[ Boundary Plane 1 ]-----------------------------
# Calculate electric field on a boundary plane with 0th order edge-based element.
# Number of equation = 520, Number of equation after degeneration = 476
# Set values of matrix and right hand side vector. ( 1987 sec )
# Numerical factorization phase of matrix solver for boundary plane. Polarization : 1 Plane : 1. ( 1987 sec )
# Solve phase of matrix solver for boundary plane. Polarization : 1 Plane : 1. ( 1987 sec )
#------------------------------------------------------------------------------
# Set values of matrix and right hand side vector. ( 1987 sec )
# Numerical factorization phase of matrix solver for 3D forward calculation. Polarization : 1.( 1990 sec )
# Solve phase of matrix solver for 3D forward calculation. Polarization : 1.( 2022 sec )
# Calulate right-hand sides vectors consisting of interpolator vectors.( 2022 sec )
# Solve phase of matrix solver for right-hand sides consisting of interpolator vectors.( 2024 sec )
# Solve phase is performed simultaneously for 282 right-hand sides( 2024 sec )
# Calculate derivatives of EM field.( 2038 sec )
#==============================================================================
# Calculate response functions. ( 2067 sec )
# Calculate sensitivity matrix of frequency 10[Hz].( 2067 sec )
# Sensitivity matrix of frequency 10[Hz] is saved in the out-of-core file sensMatFreq12.
#==============================================================================
#================================================================================================
# Start forward calculation. Frequency : 15.848 [Hz], Polarization : Ex-polarization
#================================================================================================
# Start 3D forward calculation with 0th order 3D edge-based element.( 2068 sec )
# Number of equation = 475883, Number of equation after degeneration = 473549
# Calculating EM field of the boundary planes with 2D forward analysis.        
#-----------------------------[ Boundary Plane 2 ]-----------------------------
# Calculate electric field on a boundary plane with 0th order edge-based element.
# Number of equation = 514, Number of equation after degeneration = 470
# Set values of matrix and right hand side vector. ( 2068 sec )
# Numerical factorization phase of matrix solver for boundary plane. Polarization : 0 Plane : 2. ( 2068 sec )
# Solve phase of matrix solver for boundary plane. Polarization : 0 Plane : 2. ( 2068 sec )
#-----------------------------[ Boundary Plane 3 ]-----------------------------
# Calculate electric field on a boundary plane with 0th order edge-based element.
# Number of equation = 514, Number of equation after degeneration = 470
# Set values of matrix and right hand side vector. ( 2068 sec )
# Numerical factorization phase of matrix solver for boundary plane. Polarization : 0 Plane : 3. ( 2068 sec )
# Solve phase of matrix solver for boundary plane. Polarization : 0 Plane : 3. ( 2068 sec )
#------------------------------------------------------------------------------
# Set values of matrix and right hand side vector. ( 2068 sec )
# Numerical factorization phase of matrix solver for 3D forward calculation. Polarization : 0.( 2071 sec )
# Solve phase of matrix solver for 3D forward calculation. Polarization : 0.( 2103 sec )
# Calulate right-hand sides vectors consisting of interpolator vectors.( 2103 sec )
# Solve phase of matrix solver for right-hand sides consisting of interpolator vectors.( 2105 sec )
# Solve phase is performed simultaneously for 282 right-hand sides( 2105 sec )
# Calculate derivatives of EM field.( 2119 sec )
#================================================================================================
# Start forward calculation. Frequency : 15.848 [Hz], Polarization : Ey-polarization
#================================================================================================
# Start 3D forward calculation with 0th order 3D edge-based element.( 2146 sec )
# Number of equation = 475883, Number of equation after degeneration = 473549
# Calculating EM field of the boundary planes with 2D forward analysis.        
#-----------------------------[ Boundary Plane 0 ]-----------------------------
# Calculate electric field on a boundary plane with 0th order edge-based element.
# Number of equation = 520, Number of equation after degeneration = 476
# Set values of matrix and right hand side vector. ( 2146 sec )
# Numerical factorization phase of matrix solver for boundary plane. Polarization : 1 Plane : 0. ( 2146 sec )
# Solve phase of matrix solver for boundary plane. Polarization : 1 Plane : 0. ( 2146 sec )
#-----------------------------[ Boundary Plane 1 ]-----------------------------
# Calculate electric field on a boundary plane with 0th order edge-based element.
# Number of equation = 520, Number of equation after degeneration = 476
# Set values of matrix and right hand side vector. ( 2146 sec )
# Numerical factorization phase of matrix solver for boundary plane. Polarization : 1 Plane : 1. ( 2146 sec )
# Solve phase of matrix solver for boundary plane. Polarization : 1 Plane : 1. ( 2146 sec )
#------------------------------------------------------------------------------
# Set values of matrix and right hand side vector. ( 2146 sec )
# Numerical factorization phase of matrix solver for 3D forward calculation. Polarization : 1.( 2150 sec )
# Solve phase of matrix solver for 3D forward calculation. Polarization : 1.( 2182 sec )
# Calulate right-hand sides vectors consisting of interpolator vectors.( 2182 sec )
# Solve phase of matrix solver for right-hand sides consisting of interpolator vectors.( 2184 sec )
# Solve phase is performed simultaneously for 282 right-hand sides( 2184 sec )
# Calculate derivatives of EM field.( 2198 sec )
#==============================================================================
# Calculate response functions. ( 2225 sec )
# Calculate sensitivity matrix of frequency 15.848[Hz].( 2226 sec )
# Sensitivity matrix of frequency 15.848[Hz] is saved in the out-of-core file sensMatFreq13.
#==============================================================================
# Release memory of coefficient matrix and sparse solver. ( 2227 sec )
###############################################################################
# Start Inversion.  Iteration : 3
###############################################################################
# Number of model : 54779
# Number of frequencies of this PE : 3
# Calculate constraining matrix. ( 2235 sec )
# Analyse constraining matrix.( 2235 sec )
# Analyse transposed constraining matrix.( 2235 sec )
# Factorize constraining matrix.( 2236 sec )
# Factorize transposed constraining matrix.( 2236 sec )
# Number of data of this PE : 1472
# Read sensitivity matrix from sensMatFreq11.( 2236 sec )
# Multiply transposed sensitivity matrix by inverse of transposed constraining matrix. ( 2239 sec )
# Solve phase is performed simultaneously for 496 right-hand sides( 2239 sec )
# Read sensitivity matrix from sensMatFreq12.( 2241 sec )
# Multiply transposed sensitivity matrix by inverse of transposed constraining matrix. ( 2244 sec )
# Solve phase is performed simultaneously for 488 right-hand sides( 2244 sec )
# Read sensitivity matrix from sensMatFreq13.( 2245 sec )
# Multiply transposed sensitivity matrix by inverse of transposed constraining matrix. ( 2247 sec )
# Solve phase is performed simultaneously for 488 right-hand sides( 2247 sec )
# Calculate right-hand side vector. ( 2249 sec )
# Read sensitivity matrix from sensMatFreq11.( 2249 sec )
# Read sensitivity matrix from sensMatFreq12.( 2249 sec )
# Read sensitivity matrix from sensMatFreq13.( 2249 sec )
# Read sensitivity matrix from sensMatFreq11.( 2301 sec )
# Read sensitivity matrix from sensMatFreq12.( 2301 sec )
# Read sensitivity matrix from sensMatFreq13.( 2301 sec )
# Calculate model increments. ( 2302 sec )
###############################################################################
# Start Forward Computation.  Iteration : 4,  Retrial : 0
###############################################################################
#================================================================================================
# Start forward calculation. Frequency : 6.3095 [Hz], Polarization : Ex-polarization
#================================================================================================
# Start 3D forward calculation with 0th order 3D edge-based element.( 2303 sec )
# Number of equation = 475883, Number of equation after degeneration = 473549
# Calculating EM field of the boundary planes with 2D forward analysis.        
#-----------------------------[ Boundary Plane 2 ]-----------------------------
# Calculate electric field on a boundary plane with 0th order edge-based element.
# Number of equation = 514, Number of equation after degeneration = 470
# Set values of matrix and right hand side vector. ( 2303 sec )
# Numerical factorization phase of matrix solver for boundary plane. Polarization : 0 Plane : 2. ( 2303 sec )
# Solve phase of matrix solver for boundary plane. Polarization : 0 Plane : 2. ( 2303 sec )
#-----------------------------[ Boundary Plane 3 ]-----------------------------
# Calculate electric field on a boundary plane with 0th order edge-based element.
# Number of equation = 514, Number of equation after degeneration = 470
# Set values of matrix and right hand side vector. ( 2303 sec )
# Numerical factorization phase of matrix solver for boundary plane. Polarization : 0 Plane : 3. ( 2303 sec )
# Solve phase of matrix solver for boundary plane. Polarization : 0 Plane : 3. ( 2303 sec )
#------------------------------------------------------------------------------
# Set matrix structure. ( 2303 sec )
# Anaysis phase of matrix solver for 3D forward calculation. Polarization : 0. ( 2307 sec )
#++++++++++++++++++++++++++++++++++++++++++++++++++++++++++++++++++++++++++++++++++++++++++++++++
# Total peak memory required during the analysis and symbolic factorization phase    : 577725 [KByte]
# Permanent memory required from the analysis phase to the solve phases              : 482491 [KByte]
# Total memory consumed by in-core forward solver for internal float point arrays    : 4.1211e+06 [KByte]
# Minimum memory consumed by out-core forward solver for internal float point arrays : 68483 [KByte]
#++++++++++++++++++++++++++++++++++++++++++++++++++++++++++++++++++++++++++++++++++++++++++++++++
# Set values of matrix and right hand side vector. ( 2310 sec )
# Numerical factorization phase of matrix solver for 3D forward calculation. Polarization : 0.( 2313 sec )
# Solve phase of matrix solver for 3D forward calculation. Polarization : 0.( 2347 sec )
# Calulate right-hand sides vectors consisting of interpolator vectors.( 2347 sec )
# Solve phase of matrix solver for right-hand sides consisting of interpolator vectors.( 2349 sec )
# Solve phase is performed simultaneously for 286 right-hand sides( 2349 sec )
# Calculate derivatives of EM field.( 2364 sec )
#================================================================================================
# Start forward calculation. Frequency : 6.3095 [Hz], Polarization : Ey-polarization
#================================================================================================
# Start 3D forward calculation with 0th order 3D edge-based element.( 2394 sec )
# Number of equation = 475883, Number of equation after degeneration = 473549
# Calculating EM field of the boundary planes with 2D forward analysis.        
#-----------------------------[ Boundary Plane 0 ]-----------------------------
# Calculate electric field on a boundary plane with 0th order edge-based element.
# Number of equation = 520, Number of equation after degeneration = 476
# Set values of matrix and right hand side vector. ( 2394 sec )
# Numerical factorization phase of matrix solver for boundary plane. Polarization : 1 Plane : 0. ( 2394 sec )
# Solve phase of matrix solver for boundary plane. Polarization : 1 Plane : 0. ( 2394 sec )
#-----------------------------[ Boundary Plane 1 ]-----------------------------
# Calculate electric field on a boundary plane with 0th order edge-based element.
# Number of equation = 520, Number of equation after degeneration = 476
# Set values of matrix and right hand side vector. ( 2394 sec )
# Numerical factorization phase of matrix solver for boundary plane. Polarization : 1 Plane : 1. ( 2394 sec )
# Solve phase of matrix solver for boundary plane. Polarization : 1 Plane : 1. ( 2394 sec )
#------------------------------------------------------------------------------
# Set values of matrix and right hand side vector. ( 2394 sec )
# Numerical factorization phase of matrix solver for 3D forward calculation. Polarization : 1.( 2397 sec )
# Solve phase of matrix solver for 3D forward calculation. Polarization : 1.( 2430 sec )
# Calulate right-hand sides vectors consisting of interpolator vectors.( 2430 sec )
# Solve phase of matrix solver for right-hand sides consisting of interpolator vectors.( 2432 sec )
# Solve phase is performed simultaneously for 286 right-hand sides( 2432 sec )
# Calculate derivatives of EM field.( 2447 sec )
#==============================================================================
# Calculate response functions. ( 2478 sec )
# Calculate sensitivity matrix of frequency 6.3095[Hz].( 2478 sec )
# Sensitivity matrix of frequency 6.3095[Hz] is saved in the out-of-core file sensMatFreq11.
#==============================================================================
#================================================================================================
# Start forward calculation. Frequency : 10 [Hz], Polarization : Ex-polarization
#================================================================================================
# Start 3D forward calculation with 0th order 3D edge-based element.( 2479 sec )
# Number of equation = 475883, Number of equation after degeneration = 473549
# Calculating EM field of the boundary planes with 2D forward analysis.        
#-----------------------------[ Boundary Plane 2 ]-----------------------------
# Calculate electric field on a boundary plane with 0th order edge-based element.
# Number of equation = 514, Number of equation after degeneration = 470
# Set values of matrix and right hand side vector. ( 2479 sec )
# Numerical factorization phase of matrix solver for boundary plane. Polarization : 0 Plane : 2. ( 2479 sec )
# Solve phase of matrix solver for boundary plane. Polarization : 0 Plane : 2. ( 2479 sec )
#-----------------------------[ Boundary Plane 3 ]-----------------------------
# Calculate electric field on a boundary plane with 0th order edge-based element.
# Number of equation = 514, Number of equation after degeneration = 470
# Set values of matrix and right hand side vector. ( 2479 sec )
# Numerical factorization phase of matrix solver for boundary plane. Polarization : 0 Plane : 3. ( 2479 sec )
# Solve phase of matrix solver for boundary plane. Polarization : 0 Plane : 3. ( 2479 sec )
#------------------------------------------------------------------------------
# Set values of matrix and right hand side vector. ( 2479 sec )
# Numerical factorization phase of matrix solver for 3D forward calculation. Polarization : 0.( 2482 sec )
# Solve phase of matrix solver for 3D forward calculation. Polarization : 0.( 2515 sec )
# Calulate right-hand sides vectors consisting of interpolator vectors.( 2516 sec )
# Solve phase of matrix solver for right-hand sides consisting of interpolator vectors.( 2517 sec )
# Solve phase is performed simultaneously for 282 right-hand sides( 2517 sec )
# Calculate derivatives of EM field.( 2532 sec )
#================================================================================================
# Start forward calculation. Frequency : 10 [Hz], Polarization : Ey-polarization
#================================================================================================
# Start 3D forward calculation with 0th order 3D edge-based element.( 2562 sec )
# Number of equation = 475883, Number of equation after degeneration = 473549
# Calculating EM field of the boundary planes with 2D forward analysis.        
#-----------------------------[ Boundary Plane 0 ]-----------------------------
# Calculate electric field on a boundary plane with 0th order edge-based element.
# Number of equation = 520, Number of equation after degeneration = 476
# Set values of matrix and right hand side vector. ( 2562 sec )
# Numerical factorization phase of matrix solver for boundary plane. Polarization : 1 Plane : 0. ( 2562 sec )
# Solve phase of matrix solver for boundary plane. Polarization : 1 Plane : 0. ( 2562 sec )
#-----------------------------[ Boundary Plane 1 ]-----------------------------
# Calculate electric field on a boundary plane with 0th order edge-based element.
# Number of equation = 520, Number of equation after degeneration = 476
# Set values of matrix and right hand side vector. ( 2562 sec )
# Numerical factorization phase of matrix solver for boundary plane. Polarization : 1 Plane : 1. ( 2562 sec )
# Solve phase of matrix solver for boundary plane. Polarization : 1 Plane : 1. ( 2562 sec )
#------------------------------------------------------------------------------
# Set values of matrix and right hand side vector. ( 2562 sec )
# Numerical factorization phase of matrix solver for 3D forward calculation. Polarization : 1.( 2565 sec )
# Solve phase of matrix solver for 3D forward calculation. Polarization : 1.( 2598 sec )
# Calulate right-hand sides vectors consisting of interpolator vectors.( 2599 sec )
# Solve phase of matrix solver for right-hand sides consisting of interpolator vectors.( 2600 sec )
# Solve phase is performed simultaneously for 282 right-hand sides( 2600 sec )
# Calculate derivatives of EM field.( 2615 sec )
#==============================================================================
# Calculate response functions. ( 2645 sec )
# Calculate sensitivity matrix of frequency 10[Hz].( 2645 sec )
# Sensitivity matrix of frequency 10[Hz] is saved in the out-of-core file sensMatFreq12.
#==============================================================================
#================================================================================================
# Start forward calculation. Frequency : 15.848 [Hz], Polarization : Ex-polarization
#================================================================================================
# Start 3D forward calculation with 0th order 3D edge-based element.( 2646 sec )
# Number of equation = 475883, Number of equation after degeneration = 473549
# Calculating EM field of the boundary planes with 2D forward analysis.        
#-----------------------------[ Boundary Plane 2 ]-----------------------------
# Calculate electric field on a boundary plane with 0th order edge-based element.
# Number of equation = 514, Number of equation after degeneration = 470
# Set values of matrix and right hand side vector. ( 2646 sec )
# Numerical factorization phase of matrix solver for boundary plane. Polarization : 0 Plane : 2. ( 2646 sec )
# Solve phase of matrix solver for boundary plane. Polarization : 0 Plane : 2. ( 2646 sec )
#-----------------------------[ Boundary Plane 3 ]-----------------------------
# Calculate electric field on a boundary plane with 0th order edge-based element.
# Number of equation = 514, Number of equation after degeneration = 470
# Set values of matrix and right hand side vector. ( 2646 sec )
# Numerical factorization phase of matrix solver for boundary plane. Polarization : 0 Plane : 3. ( 2646 sec )
# Solve phase of matrix solver for boundary plane. Polarization : 0 Plane : 3. ( 2646 sec )
#------------------------------------------------------------------------------
# Set values of matrix and right hand side vector. ( 2646 sec )
# Numerical factorization phase of matrix solver for 3D forward calculation. Polarization : 0.( 2649 sec )
# Solve phase of matrix solver for 3D forward calculation. Polarization : 0.( 2682 sec )
# Calulate right-hand sides vectors consisting of interpolator vectors.( 2682 sec )
# Solve phase of matrix solver for right-hand sides consisting of interpolator vectors.( 2684 sec )
# Solve phase is performed simultaneously for 282 right-hand sides( 2684 sec )
# Calculate derivatives of EM field.( 2698 sec )
#================================================================================================
# Start forward calculation. Frequency : 15.848 [Hz], Polarization : Ey-polarization
#================================================================================================
# Start 3D forward calculation with 0th order 3D edge-based element.( 2728 sec )
# Number of equation = 475883, Number of equation after degeneration = 473549
# Calculating EM field of the boundary planes with 2D forward analysis.        
#-----------------------------[ Boundary Plane 0 ]-----------------------------
# Calculate electric field on a boundary plane with 0th order edge-based element.
# Number of equation = 520, Number of equation after degeneration = 476
# Set values of matrix and right hand side vector. ( 2728 sec )
# Numerical factorization phase of matrix solver for boundary plane. Polarization : 1 Plane : 0. ( 2728 sec )
# Solve phase of matrix solver for boundary plane. Polarization : 1 Plane : 0. ( 2728 sec )
#-----------------------------[ Boundary Plane 1 ]-----------------------------
# Calculate electric field on a boundary plane with 0th order edge-based element.
# Number of equation = 520, Number of equation after degeneration = 476
# Set values of matrix and right hand side vector. ( 2728 sec )
# Numerical factorization phase of matrix solver for boundary plane. Polarization : 1 Plane : 1. ( 2728 sec )
# Solve phase of matrix solver for boundary plane. Polarization : 1 Plane : 1. ( 2728 sec )
#------------------------------------------------------------------------------
# Set values of matrix and right hand side vector. ( 2728 sec )
# Numerical factorization phase of matrix solver for 3D forward calculation. Polarization : 1.( 2731 sec )
# Solve phase of matrix solver for 3D forward calculation. Polarization : 1.( 2764 sec )
# Calulate right-hand sides vectors consisting of interpolator vectors.( 2764 sec )
# Solve phase of matrix solver for right-hand sides consisting of interpolator vectors.( 2766 sec )
# Solve phase is performed simultaneously for 282 right-hand sides( 2766 sec )
# Calculate derivatives of EM field.( 2781 sec )
#==============================================================================
# Calculate response functions. ( 2810 sec )
# Calculate sensitivity matrix of frequency 15.848[Hz].( 2810 sec )
# Sensitivity matrix of frequency 15.848[Hz] is saved in the out-of-core file sensMatFreq13.
#==============================================================================
# Release memory of coefficient matrix and sparse solver. ( 2811 sec )
###############################################################################
# Start Inversion.  Iteration : 4
###############################################################################
# Number of model : 54779
# Number of frequencies of this PE : 3
# Calculate constraining matrix. ( 2814 sec )
# Analyse constraining matrix.( 2815 sec )
# Analyse transposed constraining matrix.( 2815 sec )
# Factorize constraining matrix.( 2815 sec )
# Factorize transposed constraining matrix.( 2815 sec )
# Number of data of this PE : 1472
# Read sensitivity matrix from sensMatFreq11.( 2815 sec )
# Multiply transposed sensitivity matrix by inverse of transposed constraining matrix. ( 2820 sec )
# Solve phase is performed simultaneously for 496 right-hand sides( 2820 sec )
# Read sensitivity matrix from sensMatFreq12.( 2822 sec )
# Multiply transposed sensitivity matrix by inverse of transposed constraining matrix. ( 2824 sec )
# Solve phase is performed simultaneously for 488 right-hand sides( 2824 sec )
# Read sensitivity matrix from sensMatFreq13.( 2826 sec )
# Multiply transposed sensitivity matrix by inverse of transposed constraining matrix. ( 2828 sec )
# Solve phase is performed simultaneously for 488 right-hand sides( 2828 sec )
# Calculate right-hand side vector. ( 2830 sec )
# Read sensitivity matrix from sensMatFreq11.( 2830 sec )
# Read sensitivity matrix from sensMatFreq12.( 2830 sec )
# Read sensitivity matrix from sensMatFreq13.( 2830 sec )
# Read sensitivity matrix from sensMatFreq11.( 2882 sec )
# Read sensitivity matrix from sensMatFreq12.( 2882 sec )
# Read sensitivity matrix from sensMatFreq13.( 2882 sec )
# Calculate model increments. ( 2882 sec )
###############################################################################
# Start Forward Computation.  Iteration : 5,  Retrial : 0
###############################################################################
#================================================================================================
# Start forward calculation. Frequency : 6.3095 [Hz], Polarization : Ex-polarization
#================================================================================================
# Start 3D forward calculation with 0th order 3D edge-based element.( 2883 sec )
# Number of equation = 475883, Number of equation after degeneration = 473549
# Calculating EM field of the boundary planes with 2D forward analysis.        
#-----------------------------[ Boundary Plane 2 ]-----------------------------
# Calculate electric field on a boundary plane with 0th order edge-based element.
# Number of equation = 514, Number of equation after degeneration = 470
# Set values of matrix and right hand side vector. ( 2883 sec )
# Numerical factorization phase of matrix solver for boundary plane. Polarization : 0 Plane : 2. ( 2883 sec )
# Solve phase of matrix solver for boundary plane. Polarization : 0 Plane : 2. ( 2883 sec )
#-----------------------------[ Boundary Plane 3 ]-----------------------------
# Calculate electric field on a boundary plane with 0th order edge-based element.
# Number of equation = 514, Number of equation after degeneration = 470
# Set values of matrix and right hand side vector. ( 2883 sec )
# Numerical factorization phase of matrix solver for boundary plane. Polarization : 0 Plane : 3. ( 2883 sec )
# Solve phase of matrix solver for boundary plane. Polarization : 0 Plane : 3. ( 2883 sec )
#------------------------------------------------------------------------------
# Set matrix structure. ( 2883 sec )
# Anaysis phase of matrix solver for 3D forward calculation. Polarization : 0. ( 2887 sec )
#++++++++++++++++++++++++++++++++++++++++++++++++++++++++++++++++++++++++++++++++++++++++++++++++
# Total peak memory required during the analysis and symbolic factorization phase    : 578028 [KByte]
# Permanent memory required from the analysis phase to the solve phases              : 482683 [KByte]
# Total memory consumed by in-core forward solver for internal float point arrays    : 4.12626e+06 [KByte]
# Minimum memory consumed by out-core forward solver for internal float point arrays : 68297 [KByte]
#++++++++++++++++++++++++++++++++++++++++++++++++++++++++++++++++++++++++++++++++++++++++++++++++
# Set values of matrix and right hand side vector. ( 2891 sec )
# Numerical factorization phase of matrix solver for 3D forward calculation. Polarization : 0.( 2893 sec )
# Solve phase of matrix solver for 3D forward calculation. Polarization : 0.( 2927 sec )
# Calulate right-hand sides vectors consisting of interpolator vectors.( 2927 sec )
# Solve phase of matrix solver for right-hand sides consisting of interpolator vectors.( 2929 sec )
# Solve phase is performed simultaneously for 286 right-hand sides( 2929 sec )
# Calculate derivatives of EM field.( 2944 sec )
#================================================================================================
# Start forward calculation. Frequency : 6.3095 [Hz], Polarization : Ey-polarization
#================================================================================================
# Start 3D forward calculation with 0th order 3D edge-based element.( 2975 sec )
# Number of equation = 475883, Number of equation after degeneration = 473549
# Calculating EM field of the boundary planes with 2D forward analysis.        
#-----------------------------[ Boundary Plane 0 ]-----------------------------
# Calculate electric field on a boundary plane with 0th order edge-based element.
# Number of equation = 520, Number of equation after degeneration = 476
# Set values of matrix and right hand side vector. ( 2975 sec )
# Numerical factorization phase of matrix solver for boundary plane. Polarization : 1 Plane : 0. ( 2975 sec )
# Solve phase of matrix solver for boundary plane. Polarization : 1 Plane : 0. ( 2975 sec )
#-----------------------------[ Boundary Plane 1 ]-----------------------------
# Calculate electric field on a boundary plane with 0th order edge-based element.
# Number of equation = 520, Number of equation after degeneration = 476
# Set values of matrix and right hand side vector. ( 2975 sec )
# Numerical factorization phase of matrix solver for boundary plane. Polarization : 1 Plane : 1. ( 2975 sec )
# Solve phase of matrix solver for boundary plane. Polarization : 1 Plane : 1. ( 2975 sec )
#------------------------------------------------------------------------------
# Set values of matrix and right hand side vector. ( 2975 sec )
# Numerical factorization phase of matrix solver for 3D forward calculation. Polarization : 1.( 2977 sec )
# Solve phase of matrix solver for 3D forward calculation. Polarization : 1.( 3011 sec )
# Calulate right-hand sides vectors consisting of interpolator vectors.( 3011 sec )
# Solve phase of matrix solver for right-hand sides consisting of interpolator vectors.( 3013 sec )
# Solve phase is performed simultaneously for 286 right-hand sides( 3013 sec )
# Calculate derivatives of EM field.( 3028 sec )
#==============================================================================
# Calculate response functions. ( 3059 sec )
# Calculate sensitivity matrix of frequency 6.3095[Hz].( 3059 sec )
# Sensitivity matrix of frequency 6.3095[Hz] is saved in the out-of-core file sensMatFreq11.
#==============================================================================
#================================================================================================
# Start forward calculation. Frequency : 10 [Hz], Polarization : Ex-polarization
#================================================================================================
# Start 3D forward calculation with 0th order 3D edge-based element.( 3060 sec )
# Number of equation = 475883, Number of equation after degeneration = 473549
# Calculating EM field of the boundary planes with 2D forward analysis.        
#-----------------------------[ Boundary Plane 2 ]-----------------------------
# Calculate electric field on a boundary plane with 0th order edge-based element.
# Number of equation = 514, Number of equation after degeneration = 470
# Set values of matrix and right hand side vector. ( 3060 sec )
# Numerical factorization phase of matrix solver for boundary plane. Polarization : 0 Plane : 2. ( 3060 sec )
# Solve phase of matrix solver for boundary plane. Polarization : 0 Plane : 2. ( 3060 sec )
#-----------------------------[ Boundary Plane 3 ]-----------------------------
# Calculate electric field on a boundary plane with 0th order edge-based element.
# Number of equation = 514, Number of equation after degeneration = 470
# Set values of matrix and right hand side vector. ( 3060 sec )
# Numerical factorization phase of matrix solver for boundary plane. Polarization : 0 Plane : 3. ( 3060 sec )
# Solve phase of matrix solver for boundary plane. Polarization : 0 Plane : 3. ( 3060 sec )
#------------------------------------------------------------------------------
# Set values of matrix and right hand side vector. ( 3060 sec )
# Numerical factorization phase of matrix solver for 3D forward calculation. Polarization : 0.( 3062 sec )
# Solve phase of matrix solver for 3D forward calculation. Polarization : 0.( 3096 sec )
# Calulate right-hand sides vectors consisting of interpolator vectors.( 3096 sec )
# Solve phase of matrix solver for right-hand sides consisting of interpolator vectors.( 3098 sec )
# Solve phase is performed simultaneously for 282 right-hand sides( 3098 sec )
# Calculate derivatives of EM field.( 3112 sec )
#================================================================================================
# Start forward calculation. Frequency : 10 [Hz], Polarization : Ey-polarization
#================================================================================================
# Start 3D forward calculation with 0th order 3D edge-based element.( 3143 sec )
# Number of equation = 475883, Number of equation after degeneration = 473549
# Calculating EM field of the boundary planes with 2D forward analysis.        
#-----------------------------[ Boundary Plane 0 ]-----------------------------
# Calculate electric field on a boundary plane with 0th order edge-based element.
# Number of equation = 520, Number of equation after degeneration = 476
# Set values of matrix and right hand side vector. ( 3143 sec )
# Numerical factorization phase of matrix solver for boundary plane. Polarization : 1 Plane : 0. ( 3143 sec )
# Solve phase of matrix solver for boundary plane. Polarization : 1 Plane : 0. ( 3143 sec )
#-----------------------------[ Boundary Plane 1 ]-----------------------------
# Calculate electric field on a boundary plane with 0th order edge-based element.
# Number of equation = 520, Number of equation after degeneration = 476
# Set values of matrix and right hand side vector. ( 3143 sec )
# Numerical factorization phase of matrix solver for boundary plane. Polarization : 1 Plane : 1. ( 3143 sec )
# Solve phase of matrix solver for boundary plane. Polarization : 1 Plane : 1. ( 3143 sec )
#------------------------------------------------------------------------------
# Set values of matrix and right hand side vector. ( 3143 sec )
# Numerical factorization phase of matrix solver for 3D forward calculation. Polarization : 1.( 3146 sec )
# Solve phase of matrix solver for 3D forward calculation. Polarization : 1.( 3179 sec )
# Calulate right-hand sides vectors consisting of interpolator vectors.( 3180 sec )
# Solve phase of matrix solver for right-hand sides consisting of interpolator vectors.( 3181 sec )
# Solve phase is performed simultaneously for 282 right-hand sides( 3181 sec )
# Calculate derivatives of EM field.( 3196 sec )
#==============================================================================
# Calculate response functions. ( 3227 sec )
# Calculate sensitivity matrix of frequency 10[Hz].( 3227 sec )
# Sensitivity matrix of frequency 10[Hz] is saved in the out-of-core file sensMatFreq12.
#==============================================================================
#================================================================================================
# Start forward calculation. Frequency : 15.848 [Hz], Polarization : Ex-polarization
#================================================================================================
# Start 3D forward calculation with 0th order 3D edge-based element.( 3228 sec )
# Number of equation = 475883, Number of equation after degeneration = 473549
# Calculating EM field of the boundary planes with 2D forward analysis.        
#-----------------------------[ Boundary Plane 2 ]-----------------------------
# Calculate electric field on a boundary plane with 0th order edge-based element.
# Number of equation = 514, Number of equation after degeneration = 470
# Set values of matrix and right hand side vector. ( 3228 sec )
# Numerical factorization phase of matrix solver for boundary plane. Polarization : 0 Plane : 2. ( 3228 sec )
# Solve phase of matrix solver for boundary plane. Polarization : 0 Plane : 2. ( 3228 sec )
#-----------------------------[ Boundary Plane 3 ]-----------------------------
# Calculate electric field on a boundary plane with 0th order edge-based element.
# Number of equation = 514, Number of equation after degeneration = 470
# Set values of matrix and right hand side vector. ( 3228 sec )
# Numerical factorization phase of matrix solver for boundary plane. Polarization : 0 Plane : 3. ( 3228 sec )
# Solve phase of matrix solver for boundary plane. Polarization : 0 Plane : 3. ( 3228 sec )
#------------------------------------------------------------------------------
# Set values of matrix and right hand side vector. ( 3228 sec )
# Numerical factorization phase of matrix solver for 3D forward calculation. Polarization : 0.( 3231 sec )
# Solve phase of matrix solver for 3D forward calculation. Polarization : 0.( 3264 sec )
# Calulate right-hand sides vectors consisting of interpolator vectors.( 3265 sec )
# Solve phase of matrix solver for right-hand sides consisting of interpolator vectors.( 3266 sec )
# Solve phase is performed simultaneously for 282 right-hand sides( 3266 sec )
# Calculate derivatives of EM field.( 3281 sec )
#================================================================================================
# Start forward calculation. Frequency : 15.848 [Hz], Polarization : Ey-polarization
#================================================================================================
# Start 3D forward calculation with 0th order 3D edge-based element.( 3311 sec )
# Number of equation = 475883, Number of equation after degeneration = 473549
# Calculating EM field of the boundary planes with 2D forward analysis.        
#-----------------------------[ Boundary Plane 0 ]-----------------------------
# Calculate electric field on a boundary plane with 0th order edge-based element.
# Number of equation = 520, Number of equation after degeneration = 476
# Set values of matrix and right hand side vector. ( 3311 sec )
# Numerical factorization phase of matrix solver for boundary plane. Polarization : 1 Plane : 0. ( 3311 sec )
# Solve phase of matrix solver for boundary plane. Polarization : 1 Plane : 0. ( 3311 sec )
#-----------------------------[ Boundary Plane 1 ]-----------------------------
# Calculate electric field on a boundary plane with 0th order edge-based element.
# Number of equation = 520, Number of equation after degeneration = 476
# Set values of matrix and right hand side vector. ( 3311 sec )
# Numerical factorization phase of matrix solver for boundary plane. Polarization : 1 Plane : 1. ( 3311 sec )
# Solve phase of matrix solver for boundary plane. Polarization : 1 Plane : 1. ( 3311 sec )
#------------------------------------------------------------------------------
# Set values of matrix and right hand side vector. ( 3311 sec )
# Numerical factorization phase of matrix solver for 3D forward calculation. Polarization : 1.( 3313 sec )
# Solve phase of matrix solver for 3D forward calculation. Polarization : 1.( 3346 sec )
# Calulate right-hand sides vectors consisting of interpolator vectors.( 3347 sec )
# Solve phase of matrix solver for right-hand sides consisting of interpolator vectors.( 3349 sec )
# Solve phase is performed simultaneously for 282 right-hand sides( 3349 sec )
# Calculate derivatives of EM field.( 3364 sec )
#==============================================================================
# Calculate response functions. ( 3392 sec )
# Calculate sensitivity matrix of frequency 15.848[Hz].( 3392 sec )
# Sensitivity matrix of frequency 15.848[Hz] is saved in the out-of-core file sensMatFreq13.
#==============================================================================
# Release memory of coefficient matrix and sparse solver. ( 3393 sec )
###############################################################################
# Start Inversion.  Iteration : 5
###############################################################################
# Number of model : 54779
# Number of frequencies of this PE : 3
# Calculate constraining matrix. ( 3396 sec )
# Analyse constraining matrix.( 3396 sec )
# Analyse transposed constraining matrix.( 3396 sec )
# Factorize constraining matrix.( 3396 sec )
# Factorize transposed constraining matrix.( 3396 sec )
# Number of data of this PE : 1472
# Read sensitivity matrix from sensMatFreq11.( 3397 sec )
# Multiply transposed sensitivity matrix by inverse of transposed constraining matrix. ( 3400 sec )
# Solve phase is performed simultaneously for 496 right-hand sides( 3400 sec )
# Read sensitivity matrix from sensMatFreq12.( 3402 sec )
# Multiply transposed sensitivity matrix by inverse of transposed constraining matrix. ( 3404 sec )
# Solve phase is performed simultaneously for 488 right-hand sides( 3404 sec )
# Read sensitivity matrix from sensMatFreq13.( 3406 sec )
# Multiply transposed sensitivity matrix by inverse of transposed constraining matrix. ( 3408 sec )
# Solve phase is performed simultaneously for 488 right-hand sides( 3408 sec )
# Calculate right-hand side vector. ( 3410 sec )
# Read sensitivity matrix from sensMatFreq11.( 3410 sec )
# Read sensitivity matrix from sensMatFreq12.( 3410 sec )
# Read sensitivity matrix from sensMatFreq13.( 3411 sec )
# Read sensitivity matrix from sensMatFreq11.( 3462 sec )
# Read sensitivity matrix from sensMatFreq12.( 3462 sec )
# Read sensitivity matrix from sensMatFreq13.( 3462 sec )
# Calculate model increments. ( 3462 sec )
###############################################################################
# Start Forward Computation.  Iteration : 6,  Retrial : 0
###############################################################################
#================================================================================================
# Start forward calculation. Frequency : 6.3095 [Hz], Polarization : Ex-polarization
#================================================================================================
# Start 3D forward calculation with 0th order 3D edge-based element.( 3463 sec )
# Number of equation = 475883, Number of equation after degeneration = 473549
# Calculating EM field of the boundary planes with 2D forward analysis.        
#-----------------------------[ Boundary Plane 2 ]-----------------------------
# Calculate electric field on a boundary plane with 0th order edge-based element.
# Number of equation = 514, Number of equation after degeneration = 470
# Set values of matrix and right hand side vector. ( 3463 sec )
# Numerical factorization phase of matrix solver for boundary plane. Polarization : 0 Plane : 2. ( 3463 sec )
# Solve phase of matrix solver for boundary plane. Polarization : 0 Plane : 2. ( 3463 sec )
#-----------------------------[ Boundary Plane 3 ]-----------------------------
# Calculate electric field on a boundary plane with 0th order edge-based element.
# Number of equation = 514, Number of equation after degeneration = 470
# Set values of matrix and right hand side vector. ( 3463 sec )
# Numerical factorization phase of matrix solver for boundary plane. Polarization : 0 Plane : 3. ( 3463 sec )
# Solve phase of matrix solver for boundary plane. Polarization : 0 Plane : 3. ( 3463 sec )
#------------------------------------------------------------------------------
# Set matrix structure. ( 3463 sec )
# Anaysis phase of matrix solver for 3D forward calculation. Polarization : 0. ( 3467 sec )
#++++++++++++++++++++++++++++++++++++++++++++++++++++++++++++++++++++++++++++++++++++++++++++++++
# Total peak memory required during the analysis and symbolic factorization phase    : 577166 [KByte]
# Permanent memory required from the analysis phase to the solve phases              : 482076 [KByte]
# Total memory consumed by in-core forward solver for internal float point arrays    : 4.12431e+06 [KByte]
# Minimum memory consumed by out-core forward solver for internal float point arrays : 68727 [KByte]
#++++++++++++++++++++++++++++++++++++++++++++++++++++++++++++++++++++++++++++++++++++++++++++++++
# Set values of matrix and right hand side vector. ( 3471 sec )
# Numerical factorization phase of matrix solver for 3D forward calculation. Polarization : 0.( 3474 sec )
# Solve phase of matrix solver for 3D forward calculation. Polarization : 0.( 3507 sec )
# Calulate right-hand sides vectors consisting of interpolator vectors.( 3508 sec )
# Solve phase of matrix solver for right-hand sides consisting of interpolator vectors.( 3509 sec )
# Solve phase is performed simultaneously for 286 right-hand sides( 3509 sec )
# Calculate derivatives of EM field.( 3524 sec )
#================================================================================================
# Start forward calculation. Frequency : 6.3095 [Hz], Polarization : Ey-polarization
#================================================================================================
# Start 3D forward calculation with 0th order 3D edge-based element.( 3555 sec )
# Number of equation = 475883, Number of equation after degeneration = 473549
# Calculating EM field of the boundary planes with 2D forward analysis.        
#-----------------------------[ Boundary Plane 0 ]-----------------------------
# Calculate electric field on a boundary plane with 0th order edge-based element.
# Number of equation = 520, Number of equation after degeneration = 476
# Set values of matrix and right hand side vector. ( 3555 sec )
# Numerical factorization phase of matrix solver for boundary plane. Polarization : 1 Plane : 0. ( 3555 sec )
# Solve phase of matrix solver for boundary plane. Polarization : 1 Plane : 0. ( 3555 sec )
#-----------------------------[ Boundary Plane 1 ]-----------------------------
# Calculate electric field on a boundary plane with 0th order edge-based element.
# Number of equation = 520, Number of equation after degeneration = 476
# Set values of matrix and right hand side vector. ( 3555 sec )
# Numerical factorization phase of matrix solver for boundary plane. Polarization : 1 Plane : 1. ( 3555 sec )
# Solve phase of matrix solver for boundary plane. Polarization : 1 Plane : 1. ( 3555 sec )
#------------------------------------------------------------------------------
# Set values of matrix and right hand side vector. ( 3555 sec )
# Numerical factorization phase of matrix solver for 3D forward calculation. Polarization : 1.( 3558 sec )
# Solve phase of matrix solver for 3D forward calculation. Polarization : 1.( 3591 sec )
# Calulate right-hand sides vectors consisting of interpolator vectors.( 3591 sec )
# Solve phase of matrix solver for right-hand sides consisting of interpolator vectors.( 3593 sec )
# Solve phase is performed simultaneously for 286 right-hand sides( 3593 sec )
# Calculate derivatives of EM field.( 3608 sec )
#==============================================================================
# Calculate response functions. ( 3639 sec )
# Calculate sensitivity matrix of frequency 6.3095[Hz].( 3639 sec )
# Sensitivity matrix of frequency 6.3095[Hz] is saved in the out-of-core file sensMatFreq11.
#==============================================================================
#================================================================================================
# Start forward calculation. Frequency : 10 [Hz], Polarization : Ex-polarization
#================================================================================================
# Start 3D forward calculation with 0th order 3D edge-based element.( 3639 sec )
# Number of equation = 475883, Number of equation after degeneration = 473549
# Calculating EM field of the boundary planes with 2D forward analysis.        
#-----------------------------[ Boundary Plane 2 ]-----------------------------
# Calculate electric field on a boundary plane with 0th order edge-based element.
# Number of equation = 514, Number of equation after degeneration = 470
# Set values of matrix and right hand side vector. ( 3639 sec )
# Numerical factorization phase of matrix solver for boundary plane. Polarization : 0 Plane : 2. ( 3639 sec )
# Solve phase of matrix solver for boundary plane. Polarization : 0 Plane : 2. ( 3639 sec )
#-----------------------------[ Boundary Plane 3 ]-----------------------------
# Calculate electric field on a boundary plane with 0th order edge-based element.
# Number of equation = 514, Number of equation after degeneration = 470
# Set values of matrix and right hand side vector. ( 3639 sec )
# Numerical factorization phase of matrix solver for boundary plane. Polarization : 0 Plane : 3. ( 3639 sec )
# Solve phase of matrix solver for boundary plane. Polarization : 0 Plane : 3. ( 3639 sec )
#------------------------------------------------------------------------------
# Set values of matrix and right hand side vector. ( 3639 sec )
# Numerical factorization phase of matrix solver for 3D forward calculation. Polarization : 0.( 3642 sec )
# Solve phase of matrix solver for 3D forward calculation. Polarization : 0.( 3675 sec )
# Calulate right-hand sides vectors consisting of interpolator vectors.( 3675 sec )
# Solve phase of matrix solver for right-hand sides consisting of interpolator vectors.( 3677 sec )
# Solve phase is performed simultaneously for 282 right-hand sides( 3677 sec )
# Calculate derivatives of EM field.( 3692 sec )
#================================================================================================
# Start forward calculation. Frequency : 10 [Hz], Polarization : Ey-polarization
#================================================================================================
# Start 3D forward calculation with 0th order 3D edge-based element.( 3722 sec )
# Number of equation = 475883, Number of equation after degeneration = 473549
# Calculating EM field of the boundary planes with 2D forward analysis.        
#-----------------------------[ Boundary Plane 0 ]-----------------------------
# Calculate electric field on a boundary plane with 0th order edge-based element.
# Number of equation = 520, Number of equation after degeneration = 476
# Set values of matrix and right hand side vector. ( 3722 sec )
# Numerical factorization phase of matrix solver for boundary plane. Polarization : 1 Plane : 0. ( 3722 sec )
# Solve phase of matrix solver for boundary plane. Polarization : 1 Plane : 0. ( 3722 sec )
#-----------------------------[ Boundary Plane 1 ]-----------------------------
# Calculate electric field on a boundary plane with 0th order edge-based element.
# Number of equation = 520, Number of equation after degeneration = 476
# Set values of matrix and right hand side vector. ( 3722 sec )
# Numerical factorization phase of matrix solver for boundary plane. Polarization : 1 Plane : 1. ( 3722 sec )
# Solve phase of matrix solver for boundary plane. Polarization : 1 Plane : 1. ( 3722 sec )
#------------------------------------------------------------------------------
# Set values of matrix and right hand side vector. ( 3722 sec )
# Numerical factorization phase of matrix solver for 3D forward calculation. Polarization : 1.( 3725 sec )
# Solve phase of matrix solver for 3D forward calculation. Polarization : 1.( 3757 sec )
# Calulate right-hand sides vectors consisting of interpolator vectors.( 3758 sec )
# Solve phase of matrix solver for right-hand sides consisting of interpolator vectors.( 3759 sec )
# Solve phase is performed simultaneously for 282 right-hand sides( 3759 sec )
# Calculate derivatives of EM field.( 3774 sec )
#==============================================================================
# Calculate response functions. ( 3804 sec )
# Calculate sensitivity matrix of frequency 10[Hz].( 3804 sec )
# Sensitivity matrix of frequency 10[Hz] is saved in the out-of-core file sensMatFreq12.
#==============================================================================
#================================================================================================
# Start forward calculation. Frequency : 15.848 [Hz], Polarization : Ex-polarization
#================================================================================================
# Start 3D forward calculation with 0th order 3D edge-based element.( 3805 sec )
# Number of equation = 475883, Number of equation after degeneration = 473549
# Calculating EM field of the boundary planes with 2D forward analysis.        
#-----------------------------[ Boundary Plane 2 ]-----------------------------
# Calculate electric field on a boundary plane with 0th order edge-based element.
# Number of equation = 514, Number of equation after degeneration = 470
# Set values of matrix and right hand side vector. ( 3805 sec )
# Numerical factorization phase of matrix solver for boundary plane. Polarization : 0 Plane : 2. ( 3805 sec )
# Solve phase of matrix solver for boundary plane. Polarization : 0 Plane : 2. ( 3805 sec )
#-----------------------------[ Boundary Plane 3 ]-----------------------------
# Calculate electric field on a boundary plane with 0th order edge-based element.
# Number of equation = 514, Number of equation after degeneration = 470
# Set values of matrix and right hand side vector. ( 3805 sec )
# Numerical factorization phase of matrix solver for boundary plane. Polarization : 0 Plane : 3. ( 3805 sec )
# Solve phase of matrix solver for boundary plane. Polarization : 0 Plane : 3. ( 3805 sec )
#------------------------------------------------------------------------------
# Set values of matrix and right hand side vector. ( 3805 sec )
# Numerical factorization phase of matrix solver for 3D forward calculation. Polarization : 0.( 3807 sec )
# Solve phase of matrix solver for 3D forward calculation. Polarization : 0.( 3840 sec )
# Calulate right-hand sides vectors consisting of interpolator vectors.( 3840 sec )
# Solve phase of matrix solver for right-hand sides consisting of interpolator vectors.( 3842 sec )
# Solve phase is performed simultaneously for 282 right-hand sides( 3842 sec )
# Calculate derivatives of EM field.( 3857 sec )
#================================================================================================
# Start forward calculation. Frequency : 15.848 [Hz], Polarization : Ey-polarization
#================================================================================================
# Start 3D forward calculation with 0th order 3D edge-based element.( 3887 sec )
# Number of equation = 475883, Number of equation after degeneration = 473549
# Calculating EM field of the boundary planes with 2D forward analysis.        
#-----------------------------[ Boundary Plane 0 ]-----------------------------
# Calculate electric field on a boundary plane with 0th order edge-based element.
# Number of equation = 520, Number of equation after degeneration = 476
# Set values of matrix and right hand side vector. ( 3887 sec )
# Numerical factorization phase of matrix solver for boundary plane. Polarization : 1 Plane : 0. ( 3887 sec )
# Solve phase of matrix solver for boundary plane. Polarization : 1 Plane : 0. ( 3887 sec )
#-----------------------------[ Boundary Plane 1 ]-----------------------------
# Calculate electric field on a boundary plane with 0th order edge-based element.
# Number of equation = 520, Number of equation after degeneration = 476
# Set values of matrix and right hand side vector. ( 3887 sec )
# Numerical factorization phase of matrix solver for boundary plane. Polarization : 1 Plane : 1. ( 3887 sec )
# Solve phase of matrix solver for boundary plane. Polarization : 1 Plane : 1. ( 3887 sec )
#------------------------------------------------------------------------------
# Set values of matrix and right hand side vector. ( 3887 sec )
# Numerical factorization phase of matrix solver for 3D forward calculation. Polarization : 1.( 3890 sec )
# Solve phase of matrix solver for 3D forward calculation. Polarization : 1.( 3923 sec )
# Calulate right-hand sides vectors consisting of interpolator vectors.( 3923 sec )
# Solve phase of matrix solver for right-hand sides consisting of interpolator vectors.( 3925 sec )
# Solve phase is performed simultaneously for 282 right-hand sides( 3925 sec )
# Calculate derivatives of EM field.( 3940 sec )
#==============================================================================
# Calculate response functions. ( 3969 sec )
# Calculate sensitivity matrix of frequency 15.848[Hz].( 3970 sec )
# Sensitivity matrix of frequency 15.848[Hz] is saved in the out-of-core file sensMatFreq13.
#==============================================================================
# Release memory of coefficient matrix and sparse solver. ( 3971 sec )
###############################################################################
# Start Forward Computation.  Iteration : 6,  Retrial : 1
###############################################################################
#================================================================================================
# Start forward calculation. Frequency : 6.3095 [Hz], Polarization : Ex-polarization
#================================================================================================
# Start 3D forward calculation with 0th order 3D edge-based element.( 3971 sec )
# Number of equation = 475883, Number of equation after degeneration = 473549
# Calculating EM field of the boundary planes with 2D forward analysis.        
#-----------------------------[ Boundary Plane 2 ]-----------------------------
# Calculate electric field on a boundary plane with 0th order edge-based element.
# Number of equation = 514, Number of equation after degeneration = 470
# Set values of matrix and right hand side vector. ( 3971 sec )
# Numerical factorization phase of matrix solver for boundary plane. Polarization : 0 Plane : 2. ( 3971 sec )
# Solve phase of matrix solver for boundary plane. Polarization : 0 Plane : 2. ( 3971 sec )
#-----------------------------[ Boundary Plane 3 ]-----------------------------
# Calculate electric field on a boundary plane with 0th order edge-based element.
# Number of equation = 514, Number of equation after degeneration = 470
# Set values of matrix and right hand side vector. ( 3971 sec )
# Numerical factorization phase of matrix solver for boundary plane. Polarization : 0 Plane : 3. ( 3971 sec )
# Solve phase of matrix solver for boundary plane. Polarization : 0 Plane : 3. ( 3971 sec )
#------------------------------------------------------------------------------
# Set matrix structure. ( 3971 sec )
# Anaysis phase of matrix solver for 3D forward calculation. Polarization : 0. ( 3975 sec )
#++++++++++++++++++++++++++++++++++++++++++++++++++++++++++++++++++++++++++++++++++++++++++++++++
# Total peak memory required during the analysis and symbolic factorization phase    : 577268 [KByte]
# Permanent memory required from the analysis phase to the solve phases              : 482127 [KByte]
# Total memory consumed by in-core forward solver for internal float point arrays    : 4.12253e+06 [KByte]
# Minimum memory consumed by out-core forward solver for internal float point arrays : 68678 [KByte]
#++++++++++++++++++++++++++++++++++++++++++++++++++++++++++++++++++++++++++++++++++++++++++++++++
# Set values of matrix and right hand side vector. ( 3978 sec )
# Numerical factorization phase of matrix solver for 3D forward calculation. Polarization : 0.( 3981 sec )
# Solve phase of matrix solver for 3D forward calculation. Polarization : 0.( 4015 sec )
# Calulate right-hand sides vectors consisting of interpolator vectors.( 4015 sec )
# Solve phase of matrix solver for right-hand sides consisting of interpolator vectors.( 4017 sec )
# Solve phase is performed simultaneously for 286 right-hand sides( 4017 sec )
# Calculate derivatives of EM field.( 4032 sec )
#================================================================================================
# Start forward calculation. Frequency : 6.3095 [Hz], Polarization : Ey-polarization
#================================================================================================
# Start 3D forward calculation with 0th order 3D edge-based element.( 4062 sec )
# Number of equation = 475883, Number of equation after degeneration = 473549
# Calculating EM field of the boundary planes with 2D forward analysis.        
#-----------------------------[ Boundary Plane 0 ]-----------------------------
# Calculate electric field on a boundary plane with 0th order edge-based element.
# Number of equation = 520, Number of equation after degeneration = 476
# Set values of matrix and right hand side vector. ( 4062 sec )
# Numerical factorization phase of matrix solver for boundary plane. Polarization : 1 Plane : 0. ( 4062 sec )
# Solve phase of matrix solver for boundary plane. Polarization : 1 Plane : 0. ( 4062 sec )
#-----------------------------[ Boundary Plane 1 ]-----------------------------
# Calculate electric field on a boundary plane with 0th order edge-based element.
# Number of equation = 520, Number of equation after degeneration = 476
# Set values of matrix and right hand side vector. ( 4062 sec )
# Numerical factorization phase of matrix solver for boundary plane. Polarization : 1 Plane : 1. ( 4062 sec )
# Solve phase of matrix solver for boundary plane. Polarization : 1 Plane : 1. ( 4062 sec )
#------------------------------------------------------------------------------
# Set values of matrix and right hand side vector. ( 4062 sec )
# Numerical factorization phase of matrix solver for 3D forward calculation. Polarization : 1.( 4065 sec )
# Solve phase of matrix solver for 3D forward calculation. Polarization : 1.( 4098 sec )
# Calulate right-hand sides vectors consisting of interpolator vectors.( 4099 sec )
# Solve phase of matrix solver for right-hand sides consisting of interpolator vectors.( 4100 sec )
# Solve phase is performed simultaneously for 286 right-hand sides( 4100 sec )
# Calculate derivatives of EM field.( 4115 sec )
#==============================================================================
# Calculate response functions. ( 4146 sec )
# Calculate sensitivity matrix of frequency 6.3095[Hz].( 4146 sec )
# Sensitivity matrix of frequency 6.3095[Hz] is saved in the out-of-core file sensMatFreq11.
#==============================================================================
#================================================================================================
# Start forward calculation. Frequency : 10 [Hz], Polarization : Ex-polarization
#================================================================================================
# Start 3D forward calculation with 0th order 3D edge-based element.( 4146 sec )
# Number of equation = 475883, Number of equation after degeneration = 473549
# Calculating EM field of the boundary planes with 2D forward analysis.        
#-----------------------------[ Boundary Plane 2 ]-----------------------------
# Calculate electric field on a boundary plane with 0th order edge-based element.
# Number of equation = 514, Number of equation after degeneration = 470
# Set values of matrix and right hand side vector. ( 4146 sec )
# Numerical factorization phase of matrix solver for boundary plane. Polarization : 0 Plane : 2. ( 4146 sec )
# Solve phase of matrix solver for boundary plane. Polarization : 0 Plane : 2. ( 4146 sec )
#-----------------------------[ Boundary Plane 3 ]-----------------------------
# Calculate electric field on a boundary plane with 0th order edge-based element.
# Number of equation = 514, Number of equation after degeneration = 470
# Set values of matrix and right hand side vector. ( 4146 sec )
# Numerical factorization phase of matrix solver for boundary plane. Polarization : 0 Plane : 3. ( 4146 sec )
# Solve phase of matrix solver for boundary plane. Polarization : 0 Plane : 3. ( 4146 sec )
#------------------------------------------------------------------------------
# Set values of matrix and right hand side vector. ( 4146 sec )
# Numerical factorization phase of matrix solver for 3D forward calculation. Polarization : 0.( 4149 sec )
# Solve phase of matrix solver for 3D forward calculation. Polarization : 0.( 4182 sec )
# Calulate right-hand sides vectors consisting of interpolator vectors.( 4183 sec )
# Solve phase of matrix solver for right-hand sides consisting of interpolator vectors.( 4184 sec )
# Solve phase is performed simultaneously for 282 right-hand sides( 4184 sec )
# Calculate derivatives of EM field.( 4199 sec )
#================================================================================================
# Start forward calculation. Frequency : 10 [Hz], Polarization : Ey-polarization
#================================================================================================
# Start 3D forward calculation with 0th order 3D edge-based element.( 4229 sec )
# Number of equation = 475883, Number of equation after degeneration = 473549
# Calculating EM field of the boundary planes with 2D forward analysis.        
#-----------------------------[ Boundary Plane 0 ]-----------------------------
# Calculate electric field on a boundary plane with 0th order edge-based element.
# Number of equation = 520, Number of equation after degeneration = 476
# Set values of matrix and right hand side vector. ( 4229 sec )
# Numerical factorization phase of matrix solver for boundary plane. Polarization : 1 Plane : 0. ( 4229 sec )
# Solve phase of matrix solver for boundary plane. Polarization : 1 Plane : 0. ( 4229 sec )
#-----------------------------[ Boundary Plane 1 ]-----------------------------
# Calculate electric field on a boundary plane with 0th order edge-based element.
# Number of equation = 520, Number of equation after degeneration = 476
# Set values of matrix and right hand side vector. ( 4229 sec )
# Numerical factorization phase of matrix solver for boundary plane. Polarization : 1 Plane : 1. ( 4229 sec )
# Solve phase of matrix solver for boundary plane. Polarization : 1 Plane : 1. ( 4229 sec )
#------------------------------------------------------------------------------
# Set values of matrix and right hand side vector. ( 4229 sec )
# Numerical factorization phase of matrix solver for 3D forward calculation. Polarization : 1.( 4232 sec )
# Solve phase of matrix solver for 3D forward calculation. Polarization : 1.( 4265 sec )
# Calulate right-hand sides vectors consisting of interpolator vectors.( 4265 sec )
# Solve phase of matrix solver for right-hand sides consisting of interpolator vectors.( 4267 sec )
# Solve phase is performed simultaneously for 282 right-hand sides( 4267 sec )
# Calculate derivatives of EM field.( 4281 sec )
#==============================================================================
# Calculate response functions. ( 4312 sec )
# Calculate sensitivity matrix of frequency 10[Hz].( 4312 sec )
# Sensitivity matrix of frequency 10[Hz] is saved in the out-of-core file sensMatFreq12.
#==============================================================================
#================================================================================================
# Start forward calculation. Frequency : 15.848 [Hz], Polarization : Ex-polarization
#================================================================================================
# Start 3D forward calculation with 0th order 3D edge-based element.( 4312 sec )
# Number of equation = 475883, Number of equation after degeneration = 473549
# Calculating EM field of the boundary planes with 2D forward analysis.        
#-----------------------------[ Boundary Plane 2 ]-----------------------------
# Calculate electric field on a boundary plane with 0th order edge-based element.
# Number of equation = 514, Number of equation after degeneration = 470
# Set values of matrix and right hand side vector. ( 4312 sec )
# Numerical factorization phase of matrix solver for boundary plane. Polarization : 0 Plane : 2. ( 4312 sec )
# Solve phase of matrix solver for boundary plane. Polarization : 0 Plane : 2. ( 4312 sec )
#-----------------------------[ Boundary Plane 3 ]-----------------------------
# Calculate electric field on a boundary plane with 0th order edge-based element.
# Number of equation = 514, Number of equation after degeneration = 470
# Set values of matrix and right hand side vector. ( 4312 sec )
# Numerical factorization phase of matrix solver for boundary plane. Polarization : 0 Plane : 3. ( 4312 sec )
# Solve phase of matrix solver for boundary plane. Polarization : 0 Plane : 3. ( 4312 sec )
#------------------------------------------------------------------------------
# Set values of matrix and right hand side vector. ( 4312 sec )
# Numerical factorization phase of matrix solver for 3D forward calculation. Polarization : 0.( 4315 sec )
# Solve phase of matrix solver for 3D forward calculation. Polarization : 0.( 4348 sec )
# Calulate right-hand sides vectors consisting of interpolator vectors.( 4349 sec )
# Solve phase of matrix solver for right-hand sides consisting of interpolator vectors.( 4350 sec )
# Solve phase is performed simultaneously for 282 right-hand sides( 4350 sec )
# Calculate derivatives of EM field.( 4364 sec )
#================================================================================================
# Start forward calculation. Frequency : 15.848 [Hz], Polarization : Ey-polarization
#================================================================================================
# Start 3D forward calculation with 0th order 3D edge-based element.( 4395 sec )
# Number of equation = 475883, Number of equation after degeneration = 473549
# Calculating EM field of the boundary planes with 2D forward analysis.        
#-----------------------------[ Boundary Plane 0 ]-----------------------------
# Calculate electric field on a boundary plane with 0th order edge-based element.
# Number of equation = 520, Number of equation after degeneration = 476
# Set values of matrix and right hand side vector. ( 4395 sec )
# Numerical factorization phase of matrix solver for boundary plane. Polarization : 1 Plane : 0. ( 4395 sec )
# Solve phase of matrix solver for boundary plane. Polarization : 1 Plane : 0. ( 4395 sec )
#-----------------------------[ Boundary Plane 1 ]-----------------------------
# Calculate electric field on a boundary plane with 0th order edge-based element.
# Number of equation = 520, Number of equation after degeneration = 476
# Set values of matrix and right hand side vector. ( 4395 sec )
# Numerical factorization phase of matrix solver for boundary plane. Polarization : 1 Plane : 1. ( 4395 sec )
# Solve phase of matrix solver for boundary plane. Polarization : 1 Plane : 1. ( 4395 sec )
#------------------------------------------------------------------------------
# Set values of matrix and right hand side vector. ( 4395 sec )
# Numerical factorization phase of matrix solver for 3D forward calculation. Polarization : 1.( 4398 sec )
# Solve phase of matrix solver for 3D forward calculation. Polarization : 1.( 4431 sec )
# Calulate right-hand sides vectors consisting of interpolator vectors.( 4431 sec )
# Solve phase of matrix solver for right-hand sides consisting of interpolator vectors.( 4433 sec )
# Solve phase is performed simultaneously for 282 right-hand sides( 4433 sec )
# Calculate derivatives of EM field.( 4447 sec )
#==============================================================================
# Calculate response functions. ( 4477 sec )
# Calculate sensitivity matrix of frequency 15.848[Hz].( 4477 sec )
# Sensitivity matrix of frequency 15.848[Hz] is saved in the out-of-core file sensMatFreq13.
#==============================================================================
# Release memory of coefficient matrix and sparse solver. ( 4478 sec )
###############################################################################
# Start Inversion.  Iteration : 6
###############################################################################
# Number of model : 54779
# Number of frequencies of this PE : 3
# Calculate constraining matrix. ( 4481 sec )
# Analyse constraining matrix.( 4482 sec )
# Analyse transposed constraining matrix.( 4482 sec )
# Factorize constraining matrix.( 4482 sec )
# Factorize transposed constraining matrix.( 4482 sec )
# Number of data of this PE : 1472
# Read sensitivity matrix from sensMatFreq11.( 4482 sec )
# Multiply transposed sensitivity matrix by inverse of transposed constraining matrix. ( 4486 sec )
# Solve phase is performed simultaneously for 496 right-hand sides( 4486 sec )
# Read sensitivity matrix from sensMatFreq12.( 4487 sec )
# Multiply transposed sensitivity matrix by inverse of transposed constraining matrix. ( 4490 sec )
# Solve phase is performed simultaneously for 488 right-hand sides( 4490 sec )
# Read sensitivity matrix from sensMatFreq13.( 4492 sec )
# Multiply transposed sensitivity matrix by inverse of transposed constraining matrix. ( 4494 sec )
# Solve phase is performed simultaneously for 488 right-hand sides( 4494 sec )
# Calculate right-hand side vector. ( 4496 sec )
# Read sensitivity matrix from sensMatFreq11.( 4496 sec )
# Read sensitivity matrix from sensMatFreq12.( 4496 sec )
# Read sensitivity matrix from sensMatFreq13.( 4496 sec )
# Read sensitivity matrix from sensMatFreq11.( 4546 sec )
# Read sensitivity matrix from sensMatFreq12.( 4546 sec )
# Read sensitivity matrix from sensMatFreq13.( 4547 sec )
# Calculate model increments. ( 4547 sec )
###############################################################################
# Start Forward Computation.  Iteration : 7,  Retrial : 0
###############################################################################
#================================================================================================
# Start forward calculation. Frequency : 6.3095 [Hz], Polarization : Ex-polarization
#================================================================================================
# Start 3D forward calculation with 0th order 3D edge-based element.( 4548 sec )
# Number of equation = 475883, Number of equation after degeneration = 473549
# Calculating EM field of the boundary planes with 2D forward analysis.        
#-----------------------------[ Boundary Plane 2 ]-----------------------------
# Calculate electric field on a boundary plane with 0th order edge-based element.
# Number of equation = 514, Number of equation after degeneration = 470
# Set values of matrix and right hand side vector. ( 4548 sec )
# Numerical factorization phase of matrix solver for boundary plane. Polarization : 0 Plane : 2. ( 4548 sec )
# Solve phase of matrix solver for boundary plane. Polarization : 0 Plane : 2. ( 4548 sec )
#-----------------------------[ Boundary Plane 3 ]-----------------------------
# Calculate electric field on a boundary plane with 0th order edge-based element.
# Number of equation = 514, Number of equation after degeneration = 470
# Set values of matrix and right hand side vector. ( 4548 sec )
# Numerical factorization phase of matrix solver for boundary plane. Polarization : 0 Plane : 3. ( 4548 sec )
# Solve phase of matrix solver for boundary plane. Polarization : 0 Plane : 3. ( 4548 sec )
#------------------------------------------------------------------------------
# Set matrix structure. ( 4548 sec )
# Anaysis phase of matrix solver for 3D forward calculation. Polarization : 0. ( 4552 sec )
#++++++++++++++++++++++++++++++++++++++++++++++++++++++++++++++++++++++++++++++++++++++++++++++++
# Total peak memory required during the analysis and symbolic factorization phase    : 577640 [KByte]
# Permanent memory required from the analysis phase to the solve phases              : 482428 [KByte]
# Total memory consumed by in-core forward solver for internal float point arrays    : 4.10187e+06 [KByte]
# Minimum memory consumed by out-core forward solver for internal float point arrays : 68517 [KByte]
#++++++++++++++++++++++++++++++++++++++++++++++++++++++++++++++++++++++++++++++++++++++++++++++++
# Set values of matrix and right hand side vector. ( 4556 sec )
# Numerical factorization phase of matrix solver for 3D forward calculation. Polarization : 0.( 4558 sec )
# Solve phase of matrix solver for 3D forward calculation. Polarization : 0.( 4591 sec )
# Calulate right-hand sides vectors consisting of interpolator vectors.( 4592 sec )
# Solve phase of matrix solver for right-hand sides consisting of interpolator vectors.( 4593 sec )
# Solve phase is performed simultaneously for 286 right-hand sides( 4593 sec )
# Calculate derivatives of EM field.( 4608 sec )
#================================================================================================
# Start forward calculation. Frequency : 6.3095 [Hz], Polarization : Ey-polarization
#================================================================================================
# Start 3D forward calculation with 0th order 3D edge-based element.( 4639 sec )
# Number of equation = 475883, Number of equation after degeneration = 473549
# Calculating EM field of the boundary planes with 2D forward analysis.        
#-----------------------------[ Boundary Plane 0 ]-----------------------------
# Calculate electric field on a boundary plane with 0th order edge-based element.
# Number of equation = 520, Number of equation after degeneration = 476
# Set values of matrix and right hand side vector. ( 4639 sec )
# Numerical factorization phase of matrix solver for boundary plane. Polarization : 1 Plane : 0. ( 4639 sec )
# Solve phase of matrix solver for boundary plane. Polarization : 1 Plane : 0. ( 4639 sec )
#-----------------------------[ Boundary Plane 1 ]-----------------------------
# Calculate electric field on a boundary plane with 0th order edge-based element.
# Number of equation = 520, Number of equation after degeneration = 476
# Set values of matrix and right hand side vector. ( 4639 sec )
# Numerical factorization phase of matrix solver for boundary plane. Polarization : 1 Plane : 1. ( 4639 sec )
# Solve phase of matrix solver for boundary plane. Polarization : 1 Plane : 1. ( 4639 sec )
#------------------------------------------------------------------------------
# Set values of matrix and right hand side vector. ( 4639 sec )
# Numerical factorization phase of matrix solver for 3D forward calculation. Polarization : 1.( 4642 sec )
# Solve phase of matrix solver for 3D forward calculation. Polarization : 1.( 4675 sec )
# Calulate right-hand sides vectors consisting of interpolator vectors.( 4675 sec )
# Solve phase of matrix solver for right-hand sides consisting of interpolator vectors.( 4677 sec )
# Solve phase is performed simultaneously for 286 right-hand sides( 4677 sec )
# Calculate derivatives of EM field.( 4692 sec )
#==============================================================================
# Calculate response functions. ( 4723 sec )
# Calculate sensitivity matrix of frequency 6.3095[Hz].( 4723 sec )
# Sensitivity matrix of frequency 6.3095[Hz] is saved in the out-of-core file sensMatFreq11.
#==============================================================================
#================================================================================================
# Start forward calculation. Frequency : 10 [Hz], Polarization : Ex-polarization
#================================================================================================
# Start 3D forward calculation with 0th order 3D edge-based element.( 4724 sec )
# Number of equation = 475883, Number of equation after degeneration = 473549
# Calculating EM field of the boundary planes with 2D forward analysis.        
#-----------------------------[ Boundary Plane 2 ]-----------------------------
# Calculate electric field on a boundary plane with 0th order edge-based element.
# Number of equation = 514, Number of equation after degeneration = 470
# Set values of matrix and right hand side vector. ( 4724 sec )
# Numerical factorization phase of matrix solver for boundary plane. Polarization : 0 Plane : 2. ( 4724 sec )
# Solve phase of matrix solver for boundary plane. Polarization : 0 Plane : 2. ( 4724 sec )
#-----------------------------[ Boundary Plane 3 ]-----------------------------
# Calculate electric field on a boundary plane with 0th order edge-based element.
# Number of equation = 514, Number of equation after degeneration = 470
# Set values of matrix and right hand side vector. ( 4724 sec )
# Numerical factorization phase of matrix solver for boundary plane. Polarization : 0 Plane : 3. ( 4724 sec )
# Solve phase of matrix solver for boundary plane. Polarization : 0 Plane : 3. ( 4724 sec )
#------------------------------------------------------------------------------
# Set values of matrix and right hand side vector. ( 4724 sec )
# Numerical factorization phase of matrix solver for 3D forward calculation. Polarization : 0.( 4727 sec )
# Solve phase of matrix solver for 3D forward calculation. Polarization : 0.( 4760 sec )
# Calulate right-hand sides vectors consisting of interpolator vectors.( 4760 sec )
# Solve phase of matrix solver for right-hand sides consisting of interpolator vectors.( 4762 sec )
# Solve phase is performed simultaneously for 282 right-hand sides( 4762 sec )
# Calculate derivatives of EM field.( 4776 sec )
#================================================================================================
# Start forward calculation. Frequency : 10 [Hz], Polarization : Ey-polarization
#================================================================================================
# Start 3D forward calculation with 0th order 3D edge-based element.( 4807 sec )
# Number of equation = 475883, Number of equation after degeneration = 473549
# Calculating EM field of the boundary planes with 2D forward analysis.        
#-----------------------------[ Boundary Plane 0 ]-----------------------------
# Calculate electric field on a boundary plane with 0th order edge-based element.
# Number of equation = 520, Number of equation after degeneration = 476
# Set values of matrix and right hand side vector. ( 4807 sec )
# Numerical factorization phase of matrix solver for boundary plane. Polarization : 1 Plane : 0. ( 4807 sec )
# Solve phase of matrix solver for boundary plane. Polarization : 1 Plane : 0. ( 4807 sec )
#-----------------------------[ Boundary Plane 1 ]-----------------------------
# Calculate electric field on a boundary plane with 0th order edge-based element.
# Number of equation = 520, Number of equation after degeneration = 476
# Set values of matrix and right hand side vector. ( 4807 sec )
# Numerical factorization phase of matrix solver for boundary plane. Polarization : 1 Plane : 1. ( 4807 sec )
# Solve phase of matrix solver for boundary plane. Polarization : 1 Plane : 1. ( 4807 sec )
#------------------------------------------------------------------------------
# Set values of matrix and right hand side vector. ( 4807 sec )
# Numerical factorization phase of matrix solver for 3D forward calculation. Polarization : 1.( 4810 sec )
# Solve phase of matrix solver for 3D forward calculation. Polarization : 1.( 4842 sec )
# Calulate right-hand sides vectors consisting of interpolator vectors.( 4843 sec )
# Solve phase of matrix solver for right-hand sides consisting of interpolator vectors.( 4844 sec )
# Solve phase is performed simultaneously for 282 right-hand sides( 4844 sec )
# Calculate derivatives of EM field.( 4859 sec )
#==============================================================================
# Calculate response functions. ( 4889 sec )
# Calculate sensitivity matrix of frequency 10[Hz].( 4889 sec )
# Sensitivity matrix of frequency 10[Hz] is saved in the out-of-core file sensMatFreq12.
#==============================================================================
#================================================================================================
# Start forward calculation. Frequency : 15.848 [Hz], Polarization : Ex-polarization
#================================================================================================
# Start 3D forward calculation with 0th order 3D edge-based element.( 4890 sec )
# Number of equation = 475883, Number of equation after degeneration = 473549
# Calculating EM field of the boundary planes with 2D forward analysis.        
#-----------------------------[ Boundary Plane 2 ]-----------------------------
# Calculate electric field on a boundary plane with 0th order edge-based element.
# Number of equation = 514, Number of equation after degeneration = 470
# Set values of matrix and right hand side vector. ( 4890 sec )
# Numerical factorization phase of matrix solver for boundary plane. Polarization : 0 Plane : 2. ( 4890 sec )
# Solve phase of matrix solver for boundary plane. Polarization : 0 Plane : 2. ( 4890 sec )
#-----------------------------[ Boundary Plane 3 ]-----------------------------
# Calculate electric field on a boundary plane with 0th order edge-based element.
# Number of equation = 514, Number of equation after degeneration = 470
# Set values of matrix and right hand side vector. ( 4890 sec )
# Numerical factorization phase of matrix solver for boundary plane. Polarization : 0 Plane : 3. ( 4890 sec )
# Solve phase of matrix solver for boundary plane. Polarization : 0 Plane : 3. ( 4890 sec )
#------------------------------------------------------------------------------
# Set values of matrix and right hand side vector. ( 4890 sec )
# Numerical factorization phase of matrix solver for 3D forward calculation. Polarization : 0.( 4893 sec )
# Solve phase of matrix solver for 3D forward calculation. Polarization : 0.( 4925 sec )
# Calulate right-hand sides vectors consisting of interpolator vectors.( 4926 sec )
# Solve phase of matrix solver for right-hand sides consisting of interpolator vectors.( 4927 sec )
# Solve phase is performed simultaneously for 282 right-hand sides( 4927 sec )
# Calculate derivatives of EM field.( 4941 sec )
#================================================================================================
# Start forward calculation. Frequency : 15.848 [Hz], Polarization : Ey-polarization
#================================================================================================
# Start 3D forward calculation with 0th order 3D edge-based element.( 4972 sec )
# Number of equation = 475883, Number of equation after degeneration = 473549
# Calculating EM field of the boundary planes with 2D forward analysis.        
#-----------------------------[ Boundary Plane 0 ]-----------------------------
# Calculate electric field on a boundary plane with 0th order edge-based element.
# Number of equation = 520, Number of equation after degeneration = 476
# Set values of matrix and right hand side vector. ( 4972 sec )
# Numerical factorization phase of matrix solver for boundary plane. Polarization : 1 Plane : 0. ( 4972 sec )
# Solve phase of matrix solver for boundary plane. Polarization : 1 Plane : 0. ( 4972 sec )
#-----------------------------[ Boundary Plane 1 ]-----------------------------
# Calculate electric field on a boundary plane with 0th order edge-based element.
# Number of equation = 520, Number of equation after degeneration = 476
# Set values of matrix and right hand side vector. ( 4972 sec )
# Numerical factorization phase of matrix solver for boundary plane. Polarization : 1 Plane : 1. ( 4972 sec )
# Solve phase of matrix solver for boundary plane. Polarization : 1 Plane : 1. ( 4972 sec )
#------------------------------------------------------------------------------
# Set values of matrix and right hand side vector. ( 4972 sec )
# Numerical factorization phase of matrix solver for 3D forward calculation. Polarization : 1.( 4975 sec )
# Solve phase of matrix solver for 3D forward calculation. Polarization : 1.( 5007 sec )
# Calulate right-hand sides vectors consisting of interpolator vectors.( 5008 sec )
# Solve phase of matrix solver for right-hand sides consisting of interpolator vectors.( 5009 sec )
# Solve phase is performed simultaneously for 282 right-hand sides( 5009 sec )
# Calculate derivatives of EM field.( 5024 sec )
#==============================================================================
# Calculate response functions. ( 5054 sec )
# Calculate sensitivity matrix of frequency 15.848[Hz].( 5054 sec )
# Sensitivity matrix of frequency 15.848[Hz] is saved in the out-of-core file sensMatFreq13.
#==============================================================================
# Release memory of coefficient matrix and sparse solver. ( 5055 sec )
###############################################################################
# Start Forward Computation.  Iteration : 7,  Retrial : 1
###############################################################################
#================================================================================================
# Start forward calculation. Frequency : 6.3095 [Hz], Polarization : Ex-polarization
#================================================================================================
# Start 3D forward calculation with 0th order 3D edge-based element.( 5056 sec )
# Number of equation = 475883, Number of equation after degeneration = 473549
# Calculating EM field of the boundary planes with 2D forward analysis.        
#-----------------------------[ Boundary Plane 2 ]-----------------------------
# Calculate electric field on a boundary plane with 0th order edge-based element.
# Number of equation = 514, Number of equation after degeneration = 470
# Set values of matrix and right hand side vector. ( 5056 sec )
# Numerical factorization phase of matrix solver for boundary plane. Polarization : 0 Plane : 2. ( 5056 sec )
# Solve phase of matrix solver for boundary plane. Polarization : 0 Plane : 2. ( 5056 sec )
#-----------------------------[ Boundary Plane 3 ]-----------------------------
# Calculate electric field on a boundary plane with 0th order edge-based element.
# Number of equation = 514, Number of equation after degeneration = 470
# Set values of matrix and right hand side vector. ( 5056 sec )
# Numerical factorization phase of matrix solver for boundary plane. Polarization : 0 Plane : 3. ( 5056 sec )
# Solve phase of matrix solver for boundary plane. Polarization : 0 Plane : 3. ( 5056 sec )
#------------------------------------------------------------------------------
# Set matrix structure. ( 5056 sec )
# Anaysis phase of matrix solver for 3D forward calculation. Polarization : 0. ( 5061 sec )
#++++++++++++++++++++++++++++++++++++++++++++++++++++++++++++++++++++++++++++++++++++++++++++++++
# Total peak memory required during the analysis and symbolic factorization phase    : 577528 [KByte]
# Permanent memory required from the analysis phase to the solve phases              : 482350 [KByte]
# Total memory consumed by in-core forward solver for internal float point arrays    : 4.12529e+06 [KByte]
# Minimum memory consumed by out-core forward solver for internal float point arrays : 68554 [KByte]
#++++++++++++++++++++++++++++++++++++++++++++++++++++++++++++++++++++++++++++++++++++++++++++++++
# Set values of matrix and right hand side vector. ( 5064 sec )
# Numerical factorization phase of matrix solver for 3D forward calculation. Polarization : 0.( 5067 sec )
# Solve phase of matrix solver for 3D forward calculation. Polarization : 0.( 5100 sec )
# Calulate right-hand sides vectors consisting of interpolator vectors.( 5101 sec )
# Solve phase of matrix solver for right-hand sides consisting of interpolator vectors.( 5102 sec )
# Solve phase is performed simultaneously for 286 right-hand sides( 5102 sec )
# Calculate derivatives of EM field.( 5118 sec )
#================================================================================================
# Start forward calculation. Frequency : 6.3095 [Hz], Polarization : Ey-polarization
#================================================================================================
# Start 3D forward calculation with 0th order 3D edge-based element.( 5148 sec )
# Number of equation = 475883, Number of equation after degeneration = 473549
# Calculating EM field of the boundary planes with 2D forward analysis.        
#-----------------------------[ Boundary Plane 0 ]-----------------------------
# Calculate electric field on a boundary plane with 0th order edge-based element.
# Number of equation = 520, Number of equation after degeneration = 476
# Set values of matrix and right hand side vector. ( 5148 sec )
# Numerical factorization phase of matrix solver for boundary plane. Polarization : 1 Plane : 0. ( 5148 sec )
# Solve phase of matrix solver for boundary plane. Polarization : 1 Plane : 0. ( 5148 sec )
#-----------------------------[ Boundary Plane 1 ]-----------------------------
# Calculate electric field on a boundary plane with 0th order edge-based element.
# Number of equation = 520, Number of equation after degeneration = 476
# Set values of matrix and right hand side vector. ( 5148 sec )
# Numerical factorization phase of matrix solver for boundary plane. Polarization : 1 Plane : 1. ( 5148 sec )
# Solve phase of matrix solver for boundary plane. Polarization : 1 Plane : 1. ( 5148 sec )
#------------------------------------------------------------------------------
# Set values of matrix and right hand side vector. ( 5148 sec )
# Numerical factorization phase of matrix solver for 3D forward calculation. Polarization : 1.( 5151 sec )
# Solve phase of matrix solver for 3D forward calculation. Polarization : 1.( 5184 sec )
# Calulate right-hand sides vectors consisting of interpolator vectors.( 5185 sec )
# Solve phase of matrix solver for right-hand sides consisting of interpolator vectors.( 5186 sec )
# Solve phase is performed simultaneously for 286 right-hand sides( 5186 sec )
# Calculate derivatives of EM field.( 5201 sec )
#==============================================================================
# Calculate response functions. ( 5232 sec )
# Calculate sensitivity matrix of frequency 6.3095[Hz].( 5232 sec )
# Sensitivity matrix of frequency 6.3095[Hz] is saved in the out-of-core file sensMatFreq11.
#==============================================================================
#================================================================================================
# Start forward calculation. Frequency : 10 [Hz], Polarization : Ex-polarization
#================================================================================================
# Start 3D forward calculation with 0th order 3D edge-based element.( 5233 sec )
# Number of equation = 475883, Number of equation after degeneration = 473549
# Calculating EM field of the boundary planes with 2D forward analysis.        
#-----------------------------[ Boundary Plane 2 ]-----------------------------
# Calculate electric field on a boundary plane with 0th order edge-based element.
# Number of equation = 514, Number of equation after degeneration = 470
# Set values of matrix and right hand side vector. ( 5233 sec )
# Numerical factorization phase of matrix solver for boundary plane. Polarization : 0 Plane : 2. ( 5233 sec )
# Solve phase of matrix solver for boundary plane. Polarization : 0 Plane : 2. ( 5233 sec )
#-----------------------------[ Boundary Plane 3 ]-----------------------------
# Calculate electric field on a boundary plane with 0th order edge-based element.
# Number of equation = 514, Number of equation after degeneration = 470
# Set values of matrix and right hand side vector. ( 5233 sec )
# Numerical factorization phase of matrix solver for boundary plane. Polarization : 0 Plane : 3. ( 5233 sec )
# Solve phase of matrix solver for boundary plane. Polarization : 0 Plane : 3. ( 5233 sec )
#------------------------------------------------------------------------------
# Set values of matrix and right hand side vector. ( 5233 sec )
# Numerical factorization phase of matrix solver for 3D forward calculation. Polarization : 0.( 5235 sec )
# Solve phase of matrix solver for 3D forward calculation. Polarization : 0.( 5269 sec )
# Calulate right-hand sides vectors consisting of interpolator vectors.( 5269 sec )
# Solve phase of matrix solver for right-hand sides consisting of interpolator vectors.( 5271 sec )
# Solve phase is performed simultaneously for 282 right-hand sides( 5271 sec )
# Calculate derivatives of EM field.( 5286 sec )
#================================================================================================
# Start forward calculation. Frequency : 10 [Hz], Polarization : Ey-polarization
#================================================================================================
# Start 3D forward calculation with 0th order 3D edge-based element.( 5316 sec )
# Number of equation = 475883, Number of equation after degeneration = 473549
# Calculating EM field of the boundary planes with 2D forward analysis.        
#-----------------------------[ Boundary Plane 0 ]-----------------------------
# Calculate electric field on a boundary plane with 0th order edge-based element.
# Number of equation = 520, Number of equation after degeneration = 476
# Set values of matrix and right hand side vector. ( 5316 sec )
# Numerical factorization phase of matrix solver for boundary plane. Polarization : 1 Plane : 0. ( 5316 sec )
# Solve phase of matrix solver for boundary plane. Polarization : 1 Plane : 0. ( 5316 sec )
#-----------------------------[ Boundary Plane 1 ]-----------------------------
# Calculate electric field on a boundary plane with 0th order edge-based element.
# Number of equation = 520, Number of equation after degeneration = 476
# Set values of matrix and right hand side vector. ( 5316 sec )
# Numerical factorization phase of matrix solver for boundary plane. Polarization : 1 Plane : 1. ( 5316 sec )
# Solve phase of matrix solver for boundary plane. Polarization : 1 Plane : 1. ( 5316 sec )
#------------------------------------------------------------------------------
# Set values of matrix and right hand side vector. ( 5316 sec )
# Numerical factorization phase of matrix solver for 3D forward calculation. Polarization : 1.( 5318 sec )
# Solve phase of matrix solver for 3D forward calculation. Polarization : 1.( 5351 sec )
# Calulate right-hand sides vectors consisting of interpolator vectors.( 5352 sec )
# Solve phase of matrix solver for right-hand sides consisting of interpolator vectors.( 5353 sec )
# Solve phase is performed simultaneously for 282 right-hand sides( 5353 sec )
# Calculate derivatives of EM field.( 5368 sec )
#==============================================================================
# Calculate response functions. ( 5398 sec )
# Calculate sensitivity matrix of frequency 10[Hz].( 5398 sec )
# Sensitivity matrix of frequency 10[Hz] is saved in the out-of-core file sensMatFreq12.
#==============================================================================
#================================================================================================
# Start forward calculation. Frequency : 15.848 [Hz], Polarization : Ex-polarization
#================================================================================================
# Start 3D forward calculation with 0th order 3D edge-based element.( 5399 sec )
# Number of equation = 475883, Number of equation after degeneration = 473549
# Calculating EM field of the boundary planes with 2D forward analysis.        
#-----------------------------[ Boundary Plane 2 ]-----------------------------
# Calculate electric field on a boundary plane with 0th order edge-based element.
# Number of equation = 514, Number of equation after degeneration = 470
# Set values of matrix and right hand side vector. ( 5399 sec )
# Numerical factorization phase of matrix solver for boundary plane. Polarization : 0 Plane : 2. ( 5399 sec )
# Solve phase of matrix solver for boundary plane. Polarization : 0 Plane : 2. ( 5399 sec )
#-----------------------------[ Boundary Plane 3 ]-----------------------------
# Calculate electric field on a boundary plane with 0th order edge-based element.
# Number of equation = 514, Number of equation after degeneration = 470
# Set values of matrix and right hand side vector. ( 5399 sec )
# Numerical factorization phase of matrix solver for boundary plane. Polarization : 0 Plane : 3. ( 5399 sec )
# Solve phase of matrix solver for boundary plane. Polarization : 0 Plane : 3. ( 5399 sec )
#------------------------------------------------------------------------------
# Set values of matrix and right hand side vector. ( 5399 sec )
# Numerical factorization phase of matrix solver for 3D forward calculation. Polarization : 0.( 5402 sec )
# Solve phase of matrix solver for 3D forward calculation. Polarization : 0.( 5435 sec )
# Calulate right-hand sides vectors consisting of interpolator vectors.( 5436 sec )
# Solve phase of matrix solver for right-hand sides consisting of interpolator vectors.( 5437 sec )
# Solve phase is performed simultaneously for 282 right-hand sides( 5437 sec )
# Calculate derivatives of EM field.( 5452 sec )
#================================================================================================
# Start forward calculation. Frequency : 15.848 [Hz], Polarization : Ey-polarization
#================================================================================================
# Start 3D forward calculation with 0th order 3D edge-based element.( 5482 sec )
# Number of equation = 475883, Number of equation after degeneration = 473549
# Calculating EM field of the boundary planes with 2D forward analysis.        
#-----------------------------[ Boundary Plane 0 ]-----------------------------
# Calculate electric field on a boundary plane with 0th order edge-based element.
# Number of equation = 520, Number of equation after degeneration = 476
# Set values of matrix and right hand side vector. ( 5482 sec )
# Numerical factorization phase of matrix solver for boundary plane. Polarization : 1 Plane : 0. ( 5482 sec )
# Solve phase of matrix solver for boundary plane. Polarization : 1 Plane : 0. ( 5482 sec )
#-----------------------------[ Boundary Plane 1 ]-----------------------------
# Calculate electric field on a boundary plane with 0th order edge-based element.
# Number of equation = 520, Number of equation after degeneration = 476
# Set values of matrix and right hand side vector. ( 5482 sec )
# Numerical factorization phase of matrix solver for boundary plane. Polarization : 1 Plane : 1. ( 5482 sec )
# Solve phase of matrix solver for boundary plane. Polarization : 1 Plane : 1. ( 5482 sec )
#------------------------------------------------------------------------------
# Set values of matrix and right hand side vector. ( 5482 sec )
# Numerical factorization phase of matrix solver for 3D forward calculation. Polarization : 1.( 5485 sec )
# Solve phase of matrix solver for 3D forward calculation. Polarization : 1.( 5518 sec )
# Calulate right-hand sides vectors consisting of interpolator vectors.( 5518 sec )
# Solve phase of matrix solver for right-hand sides consisting of interpolator vectors.( 5520 sec )
# Solve phase is performed simultaneously for 282 right-hand sides( 5520 sec )
# Calculate derivatives of EM field.( 5535 sec )
#==============================================================================
# Calculate response functions. ( 5564 sec )
# Calculate sensitivity matrix of frequency 15.848[Hz].( 5564 sec )
# Sensitivity matrix of frequency 15.848[Hz] is saved in the out-of-core file sensMatFreq13.
#==============================================================================
# Release memory of coefficient matrix and sparse solver. ( 5565 sec )
###############################################################################
# Start Inversion.  Iteration : 7
###############################################################################
# Number of model : 54779
# Number of frequencies of this PE : 3
# Calculate constraining matrix. ( 5568 sec )
# Analyse constraining matrix.( 5568 sec )
# Analyse transposed constraining matrix.( 5568 sec )
# Factorize constraining matrix.( 5569 sec )
# Factorize transposed constraining matrix.( 5569 sec )
# Number of data of this PE : 1472
# Read sensitivity matrix from sensMatFreq11.( 5569 sec )
# Multiply transposed sensitivity matrix by inverse of transposed constraining matrix. ( 5572 sec )
# Solve phase is performed simultaneously for 496 right-hand sides( 5572 sec )
# Read sensitivity matrix from sensMatFreq12.( 5574 sec )
# Multiply transposed sensitivity matrix by inverse of transposed constraining matrix. ( 5577 sec )
# Solve phase is performed simultaneously for 488 right-hand sides( 5577 sec )
# Read sensitivity matrix from sensMatFreq13.( 5578 sec )
# Multiply transposed sensitivity matrix by inverse of transposed constraining matrix. ( 5580 sec )
# Solve phase is performed simultaneously for 488 right-hand sides( 5580 sec )
# Calculate right-hand side vector. ( 5582 sec )
# Read sensitivity matrix from sensMatFreq11.( 5582 sec )
# Read sensitivity matrix from sensMatFreq12.( 5582 sec )
# Read sensitivity matrix from sensMatFreq13.( 5583 sec )
# Read sensitivity matrix from sensMatFreq11.( 5635 sec )
# Read sensitivity matrix from sensMatFreq12.( 5635 sec )
# Read sensitivity matrix from sensMatFreq13.( 5635 sec )
# Calculate model increments. ( 5635 sec )
###############################################################################
# Start Forward Computation.  Iteration : 8,  Retrial : 0
###############################################################################
#================================================================================================
# Start forward calculation. Frequency : 6.3095 [Hz], Polarization : Ex-polarization
#================================================================================================
# Start 3D forward calculation with 0th order 3D edge-based element.( 5636 sec )
# Number of equation = 475883, Number of equation after degeneration = 473549
# Calculating EM field of the boundary planes with 2D forward analysis.        
#-----------------------------[ Boundary Plane 2 ]-----------------------------
# Calculate electric field on a boundary plane with 0th order edge-based element.
# Number of equation = 514, Number of equation after degeneration = 470
# Set values of matrix and right hand side vector. ( 5636 sec )
# Numerical factorization phase of matrix solver for boundary plane. Polarization : 0 Plane : 2. ( 5636 sec )
# Solve phase of matrix solver for boundary plane. Polarization : 0 Plane : 2. ( 5636 sec )
#-----------------------------[ Boundary Plane 3 ]-----------------------------
# Calculate electric field on a boundary plane with 0th order edge-based element.
# Number of equation = 514, Number of equation after degeneration = 470
# Set values of matrix and right hand side vector. ( 5636 sec )
# Numerical factorization phase of matrix solver for boundary plane. Polarization : 0 Plane : 3. ( 5636 sec )
# Solve phase of matrix solver for boundary plane. Polarization : 0 Plane : 3. ( 5636 sec )
#------------------------------------------------------------------------------
# Set matrix structure. ( 5636 sec )
# Anaysis phase of matrix solver for 3D forward calculation. Polarization : 0. ( 5640 sec )
#++++++++++++++++++++++++++++++++++++++++++++++++++++++++++++++++++++++++++++++++++++++++++++++++
# Total peak memory required during the analysis and symbolic factorization phase    : 577504 [KByte]
# Permanent memory required from the analysis phase to the solve phases              : 482265 [KByte]
# Total memory consumed by in-core forward solver for internal float point arrays    : 4.14412e+06 [KByte]
# Minimum memory consumed by out-core forward solver for internal float point arrays : 68563 [KByte]
#++++++++++++++++++++++++++++++++++++++++++++++++++++++++++++++++++++++++++++++++++++++++++++++++
# Set values of matrix and right hand side vector. ( 5644 sec )
# Numerical factorization phase of matrix solver for 3D forward calculation. Polarization : 0.( 5646 sec )
# Solve phase of matrix solver for 3D forward calculation. Polarization : 0.( 5680 sec )
# Calulate right-hand sides vectors consisting of interpolator vectors.( 5680 sec )
# Solve phase of matrix solver for right-hand sides consisting of interpolator vectors.( 5682 sec )
# Solve phase is performed simultaneously for 286 right-hand sides( 5682 sec )
# Calculate derivatives of EM field.( 5697 sec )
#================================================================================================
# Start forward calculation. Frequency : 6.3095 [Hz], Polarization : Ey-polarization
#================================================================================================
# Start 3D forward calculation with 0th order 3D edge-based element.( 5727 sec )
# Number of equation = 475883, Number of equation after degeneration = 473549
# Calculating EM field of the boundary planes with 2D forward analysis.        
#-----------------------------[ Boundary Plane 0 ]-----------------------------
# Calculate electric field on a boundary plane with 0th order edge-based element.
# Number of equation = 520, Number of equation after degeneration = 476
# Set values of matrix and right hand side vector. ( 5727 sec )
# Numerical factorization phase of matrix solver for boundary plane. Polarization : 1 Plane : 0. ( 5727 sec )
# Solve phase of matrix solver for boundary plane. Polarization : 1 Plane : 0. ( 5727 sec )
#-----------------------------[ Boundary Plane 1 ]-----------------------------
# Calculate electric field on a boundary plane with 0th order edge-based element.
# Number of equation = 520, Number of equation after degeneration = 476
# Set values of matrix and right hand side vector. ( 5727 sec )
# Numerical factorization phase of matrix solver for boundary plane. Polarization : 1 Plane : 1. ( 5727 sec )
# Solve phase of matrix solver for boundary plane. Polarization : 1 Plane : 1. ( 5727 sec )
#------------------------------------------------------------------------------
# Set values of matrix and right hand side vector. ( 5727 sec )
# Numerical factorization phase of matrix solver for 3D forward calculation. Polarization : 1.( 5730 sec )
# Solve phase of matrix solver for 3D forward calculation. Polarization : 1.( 5763 sec )
# Calulate right-hand sides vectors consisting of interpolator vectors.( 5764 sec )
# Solve phase of matrix solver for right-hand sides consisting of interpolator vectors.( 5765 sec )
# Solve phase is performed simultaneously for 286 right-hand sides( 5765 sec )
# Calculate derivatives of EM field.( 5780 sec )
#==============================================================================
# Calculate response functions. ( 5810 sec )
# Calculate sensitivity matrix of frequency 6.3095[Hz].( 5810 sec )
# Sensitivity matrix of frequency 6.3095[Hz] is saved in the out-of-core file sensMatFreq11.
#==============================================================================
#================================================================================================
# Start forward calculation. Frequency : 10 [Hz], Polarization : Ex-polarization
#================================================================================================
# Start 3D forward calculation with 0th order 3D edge-based element.( 5811 sec )
# Number of equation = 475883, Number of equation after degeneration = 473549
# Calculating EM field of the boundary planes with 2D forward analysis.        
#-----------------------------[ Boundary Plane 2 ]-----------------------------
# Calculate electric field on a boundary plane with 0th order edge-based element.
# Number of equation = 514, Number of equation after degeneration = 470
# Set values of matrix and right hand side vector. ( 5811 sec )
# Numerical factorization phase of matrix solver for boundary plane. Polarization : 0 Plane : 2. ( 5811 sec )
# Solve phase of matrix solver for boundary plane. Polarization : 0 Plane : 2. ( 5811 sec )
#-----------------------------[ Boundary Plane 3 ]-----------------------------
# Calculate electric field on a boundary plane with 0th order edge-based element.
# Number of equation = 514, Number of equation after degeneration = 470
# Set values of matrix and right hand side vector. ( 5811 sec )
# Numerical factorization phase of matrix solver for boundary plane. Polarization : 0 Plane : 3. ( 5811 sec )
# Solve phase of matrix solver for boundary plane. Polarization : 0 Plane : 3. ( 5811 sec )
#------------------------------------------------------------------------------
# Set values of matrix and right hand side vector. ( 5811 sec )
# Numerical factorization phase of matrix solver for 3D forward calculation. Polarization : 0.( 5814 sec )
# Solve phase of matrix solver for 3D forward calculation. Polarization : 0.( 5847 sec )
# Calulate right-hand sides vectors consisting of interpolator vectors.( 5847 sec )
# Solve phase of matrix solver for right-hand sides consisting of interpolator vectors.( 5849 sec )
# Solve phase is performed simultaneously for 282 right-hand sides( 5849 sec )
# Calculate derivatives of EM field.( 5864 sec )
#================================================================================================
# Start forward calculation. Frequency : 10 [Hz], Polarization : Ey-polarization
#================================================================================================
# Start 3D forward calculation with 0th order 3D edge-based element.( 5894 sec )
# Number of equation = 475883, Number of equation after degeneration = 473549
# Calculating EM field of the boundary planes with 2D forward analysis.        
#-----------------------------[ Boundary Plane 0 ]-----------------------------
# Calculate electric field on a boundary plane with 0th order edge-based element.
# Number of equation = 520, Number of equation after degeneration = 476
# Set values of matrix and right hand side vector. ( 5894 sec )
# Numerical factorization phase of matrix solver for boundary plane. Polarization : 1 Plane : 0. ( 5894 sec )
# Solve phase of matrix solver for boundary plane. Polarization : 1 Plane : 0. ( 5894 sec )
#-----------------------------[ Boundary Plane 1 ]-----------------------------
# Calculate electric field on a boundary plane with 0th order edge-based element.
# Number of equation = 520, Number of equation after degeneration = 476
# Set values of matrix and right hand side vector. ( 5894 sec )
# Numerical factorization phase of matrix solver for boundary plane. Polarization : 1 Plane : 1. ( 5894 sec )
# Solve phase of matrix solver for boundary plane. Polarization : 1 Plane : 1. ( 5894 sec )
#------------------------------------------------------------------------------
# Set values of matrix and right hand side vector. ( 5894 sec )
# Numerical factorization phase of matrix solver for 3D forward calculation. Polarization : 1.( 5896 sec )
# Solve phase of matrix solver for 3D forward calculation. Polarization : 1.( 5929 sec )
# Calulate right-hand sides vectors consisting of interpolator vectors.( 5930 sec )
# Solve phase of matrix solver for right-hand sides consisting of interpolator vectors.( 5931 sec )
# Solve phase is performed simultaneously for 282 right-hand sides( 5931 sec )
# Calculate derivatives of EM field.( 5946 sec )
#==============================================================================
# Calculate response functions. ( 5975 sec )
# Calculate sensitivity matrix of frequency 10[Hz].( 5975 sec )
# Sensitivity matrix of frequency 10[Hz] is saved in the out-of-core file sensMatFreq12.
#==============================================================================
#================================================================================================
# Start forward calculation. Frequency : 15.848 [Hz], Polarization : Ex-polarization
#================================================================================================
# Start 3D forward calculation with 0th order 3D edge-based element.( 5976 sec )
# Number of equation = 475883, Number of equation after degeneration = 473549
# Calculating EM field of the boundary planes with 2D forward analysis.        
#-----------------------------[ Boundary Plane 2 ]-----------------------------
# Calculate electric field on a boundary plane with 0th order edge-based element.
# Number of equation = 514, Number of equation after degeneration = 470
# Set values of matrix and right hand side vector. ( 5976 sec )
# Numerical factorization phase of matrix solver for boundary plane. Polarization : 0 Plane : 2. ( 5976 sec )
# Solve phase of matrix solver for boundary plane. Polarization : 0 Plane : 2. ( 5976 sec )
#-----------------------------[ Boundary Plane 3 ]-----------------------------
# Calculate electric field on a boundary plane with 0th order edge-based element.
# Number of equation = 514, Number of equation after degeneration = 470
# Set values of matrix and right hand side vector. ( 5976 sec )
# Numerical factorization phase of matrix solver for boundary plane. Polarization : 0 Plane : 3. ( 5976 sec )
# Solve phase of matrix solver for boundary plane. Polarization : 0 Plane : 3. ( 5976 sec )
#------------------------------------------------------------------------------
# Set values of matrix and right hand side vector. ( 5976 sec )
# Numerical factorization phase of matrix solver for 3D forward calculation. Polarization : 0.( 5979 sec )
# Solve phase of matrix solver for 3D forward calculation. Polarization : 0.( 6012 sec )
# Calulate right-hand sides vectors consisting of interpolator vectors.( 6012 sec )
# Solve phase of matrix solver for right-hand sides consisting of interpolator vectors.( 6014 sec )
# Solve phase is performed simultaneously for 282 right-hand sides( 6014 sec )
# Calculate derivatives of EM field.( 6028 sec )
#================================================================================================
# Start forward calculation. Frequency : 15.848 [Hz], Polarization : Ey-polarization
#================================================================================================
# Start 3D forward calculation with 0th order 3D edge-based element.( 6057 sec )
# Number of equation = 475883, Number of equation after degeneration = 473549
# Calculating EM field of the boundary planes with 2D forward analysis.        
#-----------------------------[ Boundary Plane 0 ]-----------------------------
# Calculate electric field on a boundary plane with 0th order edge-based element.
# Number of equation = 520, Number of equation after degeneration = 476
# Set values of matrix and right hand side vector. ( 6057 sec )
# Numerical factorization phase of matrix solver for boundary plane. Polarization : 1 Plane : 0. ( 6057 sec )
# Solve phase of matrix solver for boundary plane. Polarization : 1 Plane : 0. ( 6057 sec )
#-----------------------------[ Boundary Plane 1 ]-----------------------------
# Calculate electric field on a boundary plane with 0th order edge-based element.
# Number of equation = 520, Number of equation after degeneration = 476
# Set values of matrix and right hand side vector. ( 6057 sec )
# Numerical factorization phase of matrix solver for boundary plane. Polarization : 1 Plane : 1. ( 6057 sec )
# Solve phase of matrix solver for boundary plane. Polarization : 1 Plane : 1. ( 6057 sec )
#------------------------------------------------------------------------------
# Set values of matrix and right hand side vector. ( 6057 sec )
# Numerical factorization phase of matrix solver for 3D forward calculation. Polarization : 1.( 6060 sec )
# Solve phase of matrix solver for 3D forward calculation. Polarization : 1.( 6093 sec )
# Calulate right-hand sides vectors consisting of interpolator vectors.( 6093 sec )
# Solve phase of matrix solver for right-hand sides consisting of interpolator vectors.( 6095 sec )
# Solve phase is performed simultaneously for 282 right-hand sides( 6095 sec )
# Calculate derivatives of EM field.( 6109 sec )
#==============================================================================
# Calculate response functions. ( 6138 sec )
# Calculate sensitivity matrix of frequency 15.848[Hz].( 6138 sec )
# Sensitivity matrix of frequency 15.848[Hz] is saved in the out-of-core file sensMatFreq13.
#==============================================================================
# Release memory of coefficient matrix and sparse solver. ( 6139 sec )
###############################################################################
# Start Inversion.  Iteration : 8
###############################################################################
# Number of model : 54779
# Number of frequencies of this PE : 3
# Calculate constraining matrix. ( 6144 sec )
# Analyse constraining matrix.( 6145 sec )
# Analyse transposed constraining matrix.( 6145 sec )
# Factorize constraining matrix.( 6145 sec )
# Factorize transposed constraining matrix.( 6145 sec )
# Number of data of this PE : 1472
# Read sensitivity matrix from sensMatFreq11.( 6145 sec )
# Multiply transposed sensitivity matrix by inverse of transposed constraining matrix. ( 6149 sec )
# Solve phase is performed simultaneously for 496 right-hand sides( 6149 sec )
# Read sensitivity matrix from sensMatFreq12.( 6150 sec )
# Multiply transposed sensitivity matrix by inverse of transposed constraining matrix. ( 6152 sec )
# Solve phase is performed simultaneously for 488 right-hand sides( 6152 sec )
# Read sensitivity matrix from sensMatFreq13.( 6154 sec )
# Multiply transposed sensitivity matrix by inverse of transposed constraining matrix. ( 6156 sec )
# Solve phase is performed simultaneously for 488 right-hand sides( 6156 sec )
# Calculate right-hand side vector. ( 6158 sec )
# Read sensitivity matrix from sensMatFreq11.( 6158 sec )
# Read sensitivity matrix from sensMatFreq12.( 6158 sec )
# Read sensitivity matrix from sensMatFreq13.( 6158 sec )
# Read sensitivity matrix from sensMatFreq11.( 6211 sec )
# Read sensitivity matrix from sensMatFreq12.( 6211 sec )
# Read sensitivity matrix from sensMatFreq13.( 6211 sec )
# Calculate model increments. ( 6211 sec )
###############################################################################
# Start Forward Computation.  Iteration : 9,  Retrial : 0
###############################################################################
#================================================================================================
# Start forward calculation. Frequency : 6.3095 [Hz], Polarization : Ex-polarization
#================================================================================================
# Start 3D forward calculation with 0th order 3D edge-based element.( 6212 sec )
# Number of equation = 475883, Number of equation after degeneration = 473549
# Calculating EM field of the boundary planes with 2D forward analysis.        
#-----------------------------[ Boundary Plane 2 ]-----------------------------
# Calculate electric field on a boundary plane with 0th order edge-based element.
# Number of equation = 514, Number of equation after degeneration = 470
# Set values of matrix and right hand side vector. ( 6212 sec )
# Numerical factorization phase of matrix solver for boundary plane. Polarization : 0 Plane : 2. ( 6212 sec )
# Solve phase of matrix solver for boundary plane. Polarization : 0 Plane : 2. ( 6212 sec )
#-----------------------------[ Boundary Plane 3 ]-----------------------------
# Calculate electric field on a boundary plane with 0th order edge-based element.
# Number of equation = 514, Number of equation after degeneration = 470
# Set values of matrix and right hand side vector. ( 6212 sec )
# Numerical factorization phase of matrix solver for boundary plane. Polarization : 0 Plane : 3. ( 6212 sec )
# Solve phase of matrix solver for boundary plane. Polarization : 0 Plane : 3. ( 6212 sec )
#------------------------------------------------------------------------------
# Set matrix structure. ( 6212 sec )
# Anaysis phase of matrix solver for 3D forward calculation. Polarization : 0. ( 6216 sec )
#++++++++++++++++++++++++++++++++++++++++++++++++++++++++++++++++++++++++++++++++++++++++++++++++
# Total peak memory required during the analysis and symbolic factorization phase    : 577524 [KByte]
# Permanent memory required from the analysis phase to the solve phases              : 482418 [KByte]
# Total memory consumed by in-core forward solver for internal float point arrays    : 4.10658e+06 [KByte]
# Minimum memory consumed by out-core forward solver for internal float point arrays : 68549 [KByte]
#++++++++++++++++++++++++++++++++++++++++++++++++++++++++++++++++++++++++++++++++++++++++++++++++
# Set values of matrix and right hand side vector. ( 6220 sec )
# Numerical factorization phase of matrix solver for 3D forward calculation. Polarization : 0.( 6223 sec )
# Solve phase of matrix solver for 3D forward calculation. Polarization : 0.( 6256 sec )
# Calulate right-hand sides vectors consisting of interpolator vectors.( 6257 sec )
# Solve phase of matrix solver for right-hand sides consisting of interpolator vectors.( 6258 sec )
# Solve phase is performed simultaneously for 286 right-hand sides( 6258 sec )
# Calculate derivatives of EM field.( 6273 sec )
#================================================================================================
# Start forward calculation. Frequency : 6.3095 [Hz], Polarization : Ey-polarization
#================================================================================================
# Start 3D forward calculation with 0th order 3D edge-based element.( 6304 sec )
# Number of equation = 475883, Number of equation after degeneration = 473549
# Calculating EM field of the boundary planes with 2D forward analysis.        
#-----------------------------[ Boundary Plane 0 ]-----------------------------
# Calculate electric field on a boundary plane with 0th order edge-based element.
# Number of equation = 520, Number of equation after degeneration = 476
# Set values of matrix and right hand side vector. ( 6304 sec )
# Numerical factorization phase of matrix solver for boundary plane. Polarization : 1 Plane : 0. ( 6304 sec )
# Solve phase of matrix solver for boundary plane. Polarization : 1 Plane : 0. ( 6304 sec )
#-----------------------------[ Boundary Plane 1 ]-----------------------------
# Calculate electric field on a boundary plane with 0th order edge-based element.
# Number of equation = 520, Number of equation after degeneration = 476
# Set values of matrix and right hand side vector. ( 6304 sec )
# Numerical factorization phase of matrix solver for boundary plane. Polarization : 1 Plane : 1. ( 6304 sec )
# Solve phase of matrix solver for boundary plane. Polarization : 1 Plane : 1. ( 6304 sec )
#------------------------------------------------------------------------------
# Set values of matrix and right hand side vector. ( 6304 sec )
# Numerical factorization phase of matrix solver for 3D forward calculation. Polarization : 1.( 6307 sec )
# Solve phase of matrix solver for 3D forward calculation. Polarization : 1.( 6340 sec )
# Calulate right-hand sides vectors consisting of interpolator vectors.( 6340 sec )
# Solve phase of matrix solver for right-hand sides consisting of interpolator vectors.( 6342 sec )
# Solve phase is performed simultaneously for 286 right-hand sides( 6342 sec )
# Calculate derivatives of EM field.( 6357 sec )
#==============================================================================
# Calculate response functions. ( 6387 sec )
# Calculate sensitivity matrix of frequency 6.3095[Hz].( 6387 sec )
# Sensitivity matrix of frequency 6.3095[Hz] is saved in the out-of-core file sensMatFreq11.
#==============================================================================
#================================================================================================
# Start forward calculation. Frequency : 10 [Hz], Polarization : Ex-polarization
#================================================================================================
# Start 3D forward calculation with 0th order 3D edge-based element.( 6389 sec )
# Number of equation = 475883, Number of equation after degeneration = 473549
# Calculating EM field of the boundary planes with 2D forward analysis.        
#-----------------------------[ Boundary Plane 2 ]-----------------------------
# Calculate electric field on a boundary plane with 0th order edge-based element.
# Number of equation = 514, Number of equation after degeneration = 470
# Set values of matrix and right hand side vector. ( 6389 sec )
# Numerical factorization phase of matrix solver for boundary plane. Polarization : 0 Plane : 2. ( 6389 sec )
# Solve phase of matrix solver for boundary plane. Polarization : 0 Plane : 2. ( 6389 sec )
#-----------------------------[ Boundary Plane 3 ]-----------------------------
# Calculate electric field on a boundary plane with 0th order edge-based element.
# Number of equation = 514, Number of equation after degeneration = 470
# Set values of matrix and right hand side vector. ( 6389 sec )
# Numerical factorization phase of matrix solver for boundary plane. Polarization : 0 Plane : 3. ( 6389 sec )
# Solve phase of matrix solver for boundary plane. Polarization : 0 Plane : 3. ( 6389 sec )
#------------------------------------------------------------------------------
# Set values of matrix and right hand side vector. ( 6389 sec )
# Numerical factorization phase of matrix solver for 3D forward calculation. Polarization : 0.( 6391 sec )
# Solve phase of matrix solver for 3D forward calculation. Polarization : 0.( 6425 sec )
# Calulate right-hand sides vectors consisting of interpolator vectors.( 6425 sec )
# Solve phase of matrix solver for right-hand sides consisting of interpolator vectors.( 6427 sec )
# Solve phase is performed simultaneously for 282 right-hand sides( 6427 sec )
# Calculate derivatives of EM field.( 6441 sec )
#================================================================================================
# Start forward calculation. Frequency : 10 [Hz], Polarization : Ey-polarization
#================================================================================================
# Start 3D forward calculation with 0th order 3D edge-based element.( 6471 sec )
# Number of equation = 475883, Number of equation after degeneration = 473549
# Calculating EM field of the boundary planes with 2D forward analysis.        
#-----------------------------[ Boundary Plane 0 ]-----------------------------
# Calculate electric field on a boundary plane with 0th order edge-based element.
# Number of equation = 520, Number of equation after degeneration = 476
# Set values of matrix and right hand side vector. ( 6471 sec )
# Numerical factorization phase of matrix solver for boundary plane. Polarization : 1 Plane : 0. ( 6471 sec )
# Solve phase of matrix solver for boundary plane. Polarization : 1 Plane : 0. ( 6471 sec )
#-----------------------------[ Boundary Plane 1 ]-----------------------------
# Calculate electric field on a boundary plane with 0th order edge-based element.
# Number of equation = 520, Number of equation after degeneration = 476
# Set values of matrix and right hand side vector. ( 6471 sec )
# Numerical factorization phase of matrix solver for boundary plane. Polarization : 1 Plane : 1. ( 6471 sec )
# Solve phase of matrix solver for boundary plane. Polarization : 1 Plane : 1. ( 6471 sec )
#------------------------------------------------------------------------------
# Set values of matrix and right hand side vector. ( 6471 sec )
# Numerical factorization phase of matrix solver for 3D forward calculation. Polarization : 1.( 6474 sec )
# Solve phase of matrix solver for 3D forward calculation. Polarization : 1.( 6506 sec )
# Calulate right-hand sides vectors consisting of interpolator vectors.( 6507 sec )
# Solve phase of matrix solver for right-hand sides consisting of interpolator vectors.( 6508 sec )
# Solve phase is performed simultaneously for 282 right-hand sides( 6508 sec )
# Calculate derivatives of EM field.( 6522 sec )
#==============================================================================
# Calculate response functions. ( 6551 sec )
# Calculate sensitivity matrix of frequency 10[Hz].( 6551 sec )
# Sensitivity matrix of frequency 10[Hz] is saved in the out-of-core file sensMatFreq12.
#==============================================================================
#================================================================================================
# Start forward calculation. Frequency : 15.848 [Hz], Polarization : Ex-polarization
#================================================================================================
# Start 3D forward calculation with 0th order 3D edge-based element.( 6552 sec )
# Number of equation = 475883, Number of equation after degeneration = 473549
# Calculating EM field of the boundary planes with 2D forward analysis.        
#-----------------------------[ Boundary Plane 2 ]-----------------------------
# Calculate electric field on a boundary plane with 0th order edge-based element.
# Number of equation = 514, Number of equation after degeneration = 470
# Set values of matrix and right hand side vector. ( 6552 sec )
# Numerical factorization phase of matrix solver for boundary plane. Polarization : 0 Plane : 2. ( 6552 sec )
# Solve phase of matrix solver for boundary plane. Polarization : 0 Plane : 2. ( 6552 sec )
#-----------------------------[ Boundary Plane 3 ]-----------------------------
# Calculate electric field on a boundary plane with 0th order edge-based element.
# Number of equation = 514, Number of equation after degeneration = 470
# Set values of matrix and right hand side vector. ( 6552 sec )
# Numerical factorization phase of matrix solver for boundary plane. Polarization : 0 Plane : 3. ( 6552 sec )
# Solve phase of matrix solver for boundary plane. Polarization : 0 Plane : 3. ( 6552 sec )
#------------------------------------------------------------------------------
# Set values of matrix and right hand side vector. ( 6552 sec )
# Numerical factorization phase of matrix solver for 3D forward calculation. Polarization : 0.( 6555 sec )
# Solve phase of matrix solver for 3D forward calculation. Polarization : 0.( 6587 sec )
# Calulate right-hand sides vectors consisting of interpolator vectors.( 6588 sec )
# Solve phase of matrix solver for right-hand sides consisting of interpolator vectors.( 6589 sec )
# Solve phase is performed simultaneously for 282 right-hand sides( 6589 sec )
# Calculate derivatives of EM field.( 6604 sec )
#================================================================================================
# Start forward calculation. Frequency : 15.848 [Hz], Polarization : Ey-polarization
#================================================================================================
# Start 3D forward calculation with 0th order 3D edge-based element.( 6632 sec )
# Number of equation = 475883, Number of equation after degeneration = 473549
# Calculating EM field of the boundary planes with 2D forward analysis.        
#-----------------------------[ Boundary Plane 0 ]-----------------------------
# Calculate electric field on a boundary plane with 0th order edge-based element.
# Number of equation = 520, Number of equation after degeneration = 476
# Set values of matrix and right hand side vector. ( 6632 sec )
# Numerical factorization phase of matrix solver for boundary plane. Polarization : 1 Plane : 0. ( 6632 sec )
# Solve phase of matrix solver for boundary plane. Polarization : 1 Plane : 0. ( 6632 sec )
#-----------------------------[ Boundary Plane 1 ]-----------------------------
# Calculate electric field on a boundary plane with 0th order edge-based element.
# Number of equation = 520, Number of equation after degeneration = 476
# Set values of matrix and right hand side vector. ( 6632 sec )
# Numerical factorization phase of matrix solver for boundary plane. Polarization : 1 Plane : 1. ( 6632 sec )
# Solve phase of matrix solver for boundary plane. Polarization : 1 Plane : 1. ( 6632 sec )
#------------------------------------------------------------------------------
# Set values of matrix and right hand side vector. ( 6632 sec )
# Numerical factorization phase of matrix solver for 3D forward calculation. Polarization : 1.( 6635 sec )
# Solve phase of matrix solver for 3D forward calculation. Polarization : 1.( 6667 sec )
# Calulate right-hand sides vectors consisting of interpolator vectors.( 6667 sec )
# Solve phase of matrix solver for right-hand sides consisting of interpolator vectors.( 6669 sec )
# Solve phase is performed simultaneously for 282 right-hand sides( 6669 sec )
# Calculate derivatives of EM field.( 6683 sec )
#==============================================================================
# Calculate response functions. ( 6711 sec )
# Calculate sensitivity matrix of frequency 15.848[Hz].( 6711 sec )
# Sensitivity matrix of frequency 15.848[Hz] is saved in the out-of-core file sensMatFreq13.
#==============================================================================
# Release memory of coefficient matrix and sparse solver. ( 6712 sec )
###############################################################################
# Start Inversion.  Iteration : 9
###############################################################################
# Number of model : 54779
# Number of frequencies of this PE : 3
# Calculate constraining matrix. ( 6720 sec )
# Analyse constraining matrix.( 6720 sec )
# Analyse transposed constraining matrix.( 6720 sec )
# Factorize constraining matrix.( 6720 sec )
# Factorize transposed constraining matrix.( 6720 sec )
# Number of data of this PE : 1472
# Read sensitivity matrix from sensMatFreq11.( 6721 sec )
# Multiply transposed sensitivity matrix by inverse of transposed constraining matrix. ( 6724 sec )
# Solve phase is performed simultaneously for 496 right-hand sides( 6724 sec )
# Read sensitivity matrix from sensMatFreq12.( 6725 sec )
# Multiply transposed sensitivity matrix by inverse of transposed constraining matrix. ( 6728 sec )
# Solve phase is performed simultaneously for 488 right-hand sides( 6728 sec )
# Read sensitivity matrix from sensMatFreq13.( 6729 sec )
# Multiply transposed sensitivity matrix by inverse of transposed constraining matrix. ( 6731 sec )
# Solve phase is performed simultaneously for 488 right-hand sides( 6731 sec )
# Calculate right-hand side vector. ( 6733 sec )
# Read sensitivity matrix from sensMatFreq11.( 6733 sec )
# Read sensitivity matrix from sensMatFreq12.( 6733 sec )
# Read sensitivity matrix from sensMatFreq13.( 6733 sec )
# Read sensitivity matrix from sensMatFreq11.( 6785 sec )
# Read sensitivity matrix from sensMatFreq12.( 6785 sec )
# Read sensitivity matrix from sensMatFreq13.( 6785 sec )
# Calculate model increments. ( 6785 sec )
###############################################################################
# Start Forward Computation.  Iteration : 10,  Retrial : 0
###############################################################################
#================================================================================================
# Start forward calculation. Frequency : 6.3095 [Hz], Polarization : Ex-polarization
#================================================================================================
# Start 3D forward calculation with 0th order 3D edge-based element.( 6786 sec )
# Number of equation = 475883, Number of equation after degeneration = 473549
# Calculating EM field of the boundary planes with 2D forward analysis.        
#-----------------------------[ Boundary Plane 2 ]-----------------------------
# Calculate electric field on a boundary plane with 0th order edge-based element.
# Number of equation = 514, Number of equation after degeneration = 470
# Set values of matrix and right hand side vector. ( 6786 sec )
# Numerical factorization phase of matrix solver for boundary plane. Polarization : 0 Plane : 2. ( 6786 sec )
# Solve phase of matrix solver for boundary plane. Polarization : 0 Plane : 2. ( 6786 sec )
#-----------------------------[ Boundary Plane 3 ]-----------------------------
# Calculate electric field on a boundary plane with 0th order edge-based element.
# Number of equation = 514, Number of equation after degeneration = 470
# Set values of matrix and right hand side vector. ( 6786 sec )
# Numerical factorization phase of matrix solver for boundary plane. Polarization : 0 Plane : 3. ( 6786 sec )
# Solve phase of matrix solver for boundary plane. Polarization : 0 Plane : 3. ( 6786 sec )
#------------------------------------------------------------------------------
# Set matrix structure. ( 6786 sec )
# Anaysis phase of matrix solver for 3D forward calculation. Polarization : 0. ( 6790 sec )
#++++++++++++++++++++++++++++++++++++++++++++++++++++++++++++++++++++++++++++++++++++++++++++++++
# Total peak memory required during the analysis and symbolic factorization phase    : 577891 [KByte]
# Permanent memory required from the analysis phase to the solve phases              : 482554 [KByte]
# Total memory consumed by in-core forward solver for internal float point arrays    : 4.12638e+06 [KByte]
# Minimum memory consumed by out-core forward solver for internal float point arrays : 68377 [KByte]
#++++++++++++++++++++++++++++++++++++++++++++++++++++++++++++++++++++++++++++++++++++++++++++++++
# Set values of matrix and right hand side vector. ( 6794 sec )
# Numerical factorization phase of matrix solver for 3D forward calculation. Polarization : 0.( 6796 sec )
# Solve phase of matrix solver for 3D forward calculation. Polarization : 0.( 6830 sec )
# Calulate right-hand sides vectors consisting of interpolator vectors.( 6830 sec )
# Solve phase of matrix solver for right-hand sides consisting of interpolator vectors.( 6832 sec )
# Solve phase is performed simultaneously for 286 right-hand sides( 6832 sec )
# Calculate derivatives of EM field.( 6847 sec )
#================================================================================================
# Start forward calculation. Frequency : 6.3095 [Hz], Polarization : Ey-polarization
#================================================================================================
# Start 3D forward calculation with 0th order 3D edge-based element.( 6877 sec )
# Number of equation = 475883, Number of equation after degeneration = 473549
# Calculating EM field of the boundary planes with 2D forward analysis.        
#-----------------------------[ Boundary Plane 0 ]-----------------------------
# Calculate electric field on a boundary plane with 0th order edge-based element.
# Number of equation = 520, Number of equation after degeneration = 476
# Set values of matrix and right hand side vector. ( 6877 sec )
# Numerical factorization phase of matrix solver for boundary plane. Polarization : 1 Plane : 0. ( 6877 sec )
# Solve phase of matrix solver for boundary plane. Polarization : 1 Plane : 0. ( 6877 sec )
#-----------------------------[ Boundary Plane 1 ]-----------------------------
# Calculate electric field on a boundary plane with 0th order edge-based element.
# Number of equation = 520, Number of equation after degeneration = 476
# Set values of matrix and right hand side vector. ( 6877 sec )
# Numerical factorization phase of matrix solver for boundary plane. Polarization : 1 Plane : 1. ( 6877 sec )
# Solve phase of matrix solver for boundary plane. Polarization : 1 Plane : 1. ( 6877 sec )
#------------------------------------------------------------------------------
# Set values of matrix and right hand side vector. ( 6877 sec )
# Numerical factorization phase of matrix solver for 3D forward calculation. Polarization : 1.( 6880 sec )
# Solve phase of matrix solver for 3D forward calculation. Polarization : 1.( 6913 sec )
# Calulate right-hand sides vectors consisting of interpolator vectors.( 6914 sec )
# Solve phase of matrix solver for right-hand sides consisting of interpolator vectors.( 6915 sec )
# Solve phase is performed simultaneously for 286 right-hand sides( 6915 sec )
# Calculate derivatives of EM field.( 6931 sec )
#==============================================================================
# Calculate response functions. ( 6961 sec )
# Calculate sensitivity matrix of frequency 6.3095[Hz].( 6961 sec )
# Sensitivity matrix of frequency 6.3095[Hz] is saved in the out-of-core file sensMatFreq11.
#==============================================================================
#================================================================================================
# Start forward calculation. Frequency : 10 [Hz], Polarization : Ex-polarization
#================================================================================================
# Start 3D forward calculation with 0th order 3D edge-based element.( 6962 sec )
# Number of equation = 475883, Number of equation after degeneration = 473549
# Calculating EM field of the boundary planes with 2D forward analysis.        
#-----------------------------[ Boundary Plane 2 ]-----------------------------
# Calculate electric field on a boundary plane with 0th order edge-based element.
# Number of equation = 514, Number of equation after degeneration = 470
# Set values of matrix and right hand side vector. ( 6962 sec )
# Numerical factorization phase of matrix solver for boundary plane. Polarization : 0 Plane : 2. ( 6962 sec )
# Solve phase of matrix solver for boundary plane. Polarization : 0 Plane : 2. ( 6962 sec )
#-----------------------------[ Boundary Plane 3 ]-----------------------------
# Calculate electric field on a boundary plane with 0th order edge-based element.
# Number of equation = 514, Number of equation after degeneration = 470
# Set values of matrix and right hand side vector. ( 6962 sec )
# Numerical factorization phase of matrix solver for boundary plane. Polarization : 0 Plane : 3. ( 6962 sec )
# Solve phase of matrix solver for boundary plane. Polarization : 0 Plane : 3. ( 6962 sec )
#------------------------------------------------------------------------------
# Set values of matrix and right hand side vector. ( 6962 sec )
# Numerical factorization phase of matrix solver for 3D forward calculation. Polarization : 0.( 6965 sec )
# Solve phase of matrix solver for 3D forward calculation. Polarization : 0.( 6998 sec )
# Calulate right-hand sides vectors consisting of interpolator vectors.( 6998 sec )
# Solve phase of matrix solver for right-hand sides consisting of interpolator vectors.( 7000 sec )
# Solve phase is performed simultaneously for 282 right-hand sides( 7000 sec )
# Calculate derivatives of EM field.( 7014 sec )
#================================================================================================
# Start forward calculation. Frequency : 10 [Hz], Polarization : Ey-polarization
#================================================================================================
# Start 3D forward calculation with 0th order 3D edge-based element.( 7045 sec )
# Number of equation = 475883, Number of equation after degeneration = 473549
# Calculating EM field of the boundary planes with 2D forward analysis.        
#-----------------------------[ Boundary Plane 0 ]-----------------------------
# Calculate electric field on a boundary plane with 0th order edge-based element.
# Number of equation = 520, Number of equation after degeneration = 476
# Set values of matrix and right hand side vector. ( 7045 sec )
# Numerical factorization phase of matrix solver for boundary plane. Polarization : 1 Plane : 0. ( 7045 sec )
# Solve phase of matrix solver for boundary plane. Polarization : 1 Plane : 0. ( 7045 sec )
#-----------------------------[ Boundary Plane 1 ]-----------------------------
# Calculate electric field on a boundary plane with 0th order edge-based element.
# Number of equation = 520, Number of equation after degeneration = 476
# Set values of matrix and right hand side vector. ( 7045 sec )
# Numerical factorization phase of matrix solver for boundary plane. Polarization : 1 Plane : 1. ( 7045 sec )
# Solve phase of matrix solver for boundary plane. Polarization : 1 Plane : 1. ( 7045 sec )
#------------------------------------------------------------------------------
# Set values of matrix and right hand side vector. ( 7045 sec )
# Numerical factorization phase of matrix solver for 3D forward calculation. Polarization : 1.( 7048 sec )
# Solve phase of matrix solver for 3D forward calculation. Polarization : 1.( 7081 sec )
# Calulate right-hand sides vectors consisting of interpolator vectors.( 7081 sec )
# Solve phase of matrix solver for right-hand sides consisting of interpolator vectors.( 7083 sec )
# Solve phase is performed simultaneously for 282 right-hand sides( 7083 sec )
# Calculate derivatives of EM field.( 7097 sec )
#==============================================================================
# Calculate response functions. ( 7128 sec )
# Calculate sensitivity matrix of frequency 10[Hz].( 7128 sec )
# Sensitivity matrix of frequency 10[Hz] is saved in the out-of-core file sensMatFreq12.
#==============================================================================
#================================================================================================
# Start forward calculation. Frequency : 15.848 [Hz], Polarization : Ex-polarization
#================================================================================================
# Start 3D forward calculation with 0th order 3D edge-based element.( 7128 sec )
# Number of equation = 475883, Number of equation after degeneration = 473549
# Calculating EM field of the boundary planes with 2D forward analysis.        
#-----------------------------[ Boundary Plane 2 ]-----------------------------
# Calculate electric field on a boundary plane with 0th order edge-based element.
# Number of equation = 514, Number of equation after degeneration = 470
# Set values of matrix and right hand side vector. ( 7128 sec )
# Numerical factorization phase of matrix solver for boundary plane. Polarization : 0 Plane : 2. ( 7128 sec )
# Solve phase of matrix solver for boundary plane. Polarization : 0 Plane : 2. ( 7128 sec )
#-----------------------------[ Boundary Plane 3 ]-----------------------------
# Calculate electric field on a boundary plane with 0th order edge-based element.
# Number of equation = 514, Number of equation after degeneration = 470
# Set values of matrix and right hand side vector. ( 7128 sec )
# Numerical factorization phase of matrix solver for boundary plane. Polarization : 0 Plane : 3. ( 7128 sec )
# Solve phase of matrix solver for boundary plane. Polarization : 0 Plane : 3. ( 7128 sec )
#------------------------------------------------------------------------------
# Set values of matrix and right hand side vector. ( 7128 sec )
# Numerical factorization phase of matrix solver for 3D forward calculation. Polarization : 0.( 7131 sec )
# Solve phase of matrix solver for 3D forward calculation. Polarization : 0.( 7164 sec )
# Calulate right-hand sides vectors consisting of interpolator vectors.( 7165 sec )
# Solve phase of matrix solver for right-hand sides consisting of interpolator vectors.( 7166 sec )
# Solve phase is performed simultaneously for 282 right-hand sides( 7166 sec )
# Calculate derivatives of EM field.( 7181 sec )
#================================================================================================
# Start forward calculation. Frequency : 15.848 [Hz], Polarization : Ey-polarization
#================================================================================================
# Start 3D forward calculation with 0th order 3D edge-based element.( 7211 sec )
# Number of equation = 475883, Number of equation after degeneration = 473549
# Calculating EM field of the boundary planes with 2D forward analysis.        
#-----------------------------[ Boundary Plane 0 ]-----------------------------
# Calculate electric field on a boundary plane with 0th order edge-based element.
# Number of equation = 520, Number of equation after degeneration = 476
# Set values of matrix and right hand side vector. ( 7211 sec )
# Numerical factorization phase of matrix solver for boundary plane. Polarization : 1 Plane : 0. ( 7211 sec )
# Solve phase of matrix solver for boundary plane. Polarization : 1 Plane : 0. ( 7211 sec )
#-----------------------------[ Boundary Plane 1 ]-----------------------------
# Calculate electric field on a boundary plane with 0th order edge-based element.
# Number of equation = 520, Number of equation after degeneration = 476
# Set values of matrix and right hand side vector. ( 7211 sec )
# Numerical factorization phase of matrix solver for boundary plane. Polarization : 1 Plane : 1. ( 7211 sec )
# Solve phase of matrix solver for boundary plane. Polarization : 1 Plane : 1. ( 7211 sec )
#------------------------------------------------------------------------------
# Set values of matrix and right hand side vector. ( 7211 sec )
# Numerical factorization phase of matrix solver for 3D forward calculation. Polarization : 1.( 7214 sec )
# Solve phase of matrix solver for 3D forward calculation. Polarization : 1.( 7247 sec )
# Calulate right-hand sides vectors consisting of interpolator vectors.( 7248 sec )
# Solve phase of matrix solver for right-hand sides consisting of interpolator vectors.( 7249 sec )
# Solve phase is performed simultaneously for 282 right-hand sides( 7249 sec )
# Calculate derivatives of EM field.( 7264 sec )
#==============================================================================
# Calculate response functions. ( 7294 sec )
# Calculate sensitivity matrix of frequency 15.848[Hz].( 7294 sec )
# Sensitivity matrix of frequency 15.848[Hz] is saved in the out-of-core file sensMatFreq13.
#==============================================================================
# Release memory of coefficient matrix and sparse solver. ( 7294 sec )
###############################################################################
# Start Inversion.  Iteration : 10
###############################################################################
# Number of model : 54779
# Number of frequencies of this PE : 3
# Calculate constraining matrix. ( 7297 sec )
# Analyse constraining matrix.( 7297 sec )
# Analyse transposed constraining matrix.( 7298 sec )
# Factorize constraining matrix.( 7298 sec )
# Factorize transposed constraining matrix.( 7298 sec )
# Number of data of this PE : 1472
# Read sensitivity matrix from sensMatFreq11.( 7298 sec )
# Multiply transposed sensitivity matrix by inverse of transposed constraining matrix. ( 7301 sec )
# Solve phase is performed simultaneously for 496 right-hand sides( 7301 sec )
# Read sensitivity matrix from sensMatFreq12.( 7303 sec )
# Multiply transposed sensitivity matrix by inverse of transposed constraining matrix. ( 7306 sec )
# Solve phase is performed simultaneously for 488 right-hand sides( 7306 sec )
# Read sensitivity matrix from sensMatFreq13.( 7307 sec )
# Multiply transposed sensitivity matrix by inverse of transposed constraining matrix. ( 7309 sec )
# Solve phase is performed simultaneously for 488 right-hand sides( 7309 sec )
# Calculate right-hand side vector. ( 7311 sec )
# Read sensitivity matrix from sensMatFreq11.( 7311 sec )
# Read sensitivity matrix from sensMatFreq12.( 7311 sec )
# Read sensitivity matrix from sensMatFreq13.( 7311 sec )
# Read sensitivity matrix from sensMatFreq11.( 7365 sec )
# Read sensitivity matrix from sensMatFreq12.( 7365 sec )
# Read sensitivity matrix from sensMatFreq13.( 7365 sec )
# Calculate model increments. ( 7366 sec )
###############################################################################
# Start Forward Computation.  Iteration : 11,  Retrial : 0
###############################################################################
#================================================================================================
# Start forward calculation. Frequency : 6.3095 [Hz], Polarization : Ex-polarization
#================================================================================================
# Start 3D forward calculation with 0th order 3D edge-based element.( 7367 sec )
# Number of equation = 475883, Number of equation after degeneration = 473549
# Calculating EM field of the boundary planes with 2D forward analysis.        
#-----------------------------[ Boundary Plane 2 ]-----------------------------
# Calculate electric field on a boundary plane with 0th order edge-based element.
# Number of equation = 514, Number of equation after degeneration = 470
# Set values of matrix and right hand side vector. ( 7367 sec )
# Numerical factorization phase of matrix solver for boundary plane. Polarization : 0 Plane : 2. ( 7367 sec )
# Solve phase of matrix solver for boundary plane. Polarization : 0 Plane : 2. ( 7367 sec )
#-----------------------------[ Boundary Plane 3 ]-----------------------------
# Calculate electric field on a boundary plane with 0th order edge-based element.
# Number of equation = 514, Number of equation after degeneration = 470
# Set values of matrix and right hand side vector. ( 7367 sec )
# Numerical factorization phase of matrix solver for boundary plane. Polarization : 0 Plane : 3. ( 7367 sec )
# Solve phase of matrix solver for boundary plane. Polarization : 0 Plane : 3. ( 7367 sec )
#------------------------------------------------------------------------------
# Set matrix structure. ( 7367 sec )
# Anaysis phase of matrix solver for 3D forward calculation. Polarization : 0. ( 7371 sec )
#++++++++++++++++++++++++++++++++++++++++++++++++++++++++++++++++++++++++++++++++++++++++++++++++
# Total peak memory required during the analysis and symbolic factorization phase    : 577479 [KByte]
# Permanent memory required from the analysis phase to the solve phases              : 482347 [KByte]
# Total memory consumed by in-core forward solver for internal float point arrays    : 4.14369e+06 [KByte]
# Minimum memory consumed by out-core forward solver for internal float point arrays : 68504 [KByte]
#++++++++++++++++++++++++++++++++++++++++++++++++++++++++++++++++++++++++++++++++++++++++++++++++
# Set values of matrix and right hand side vector. ( 7374 sec )
# Numerical factorization phase of matrix solver for 3D forward calculation. Polarization : 0.( 7377 sec )
# Solve phase of matrix solver for 3D forward calculation. Polarization : 0.( 7410 sec )
# Calulate right-hand sides vectors consisting of interpolator vectors.( 7411 sec )
# Solve phase of matrix solver for right-hand sides consisting of interpolator vectors.( 7412 sec )
# Solve phase is performed simultaneously for 286 right-hand sides( 7412 sec )
# Calculate derivatives of EM field.( 7428 sec )
#================================================================================================
# Start forward calculation. Frequency : 6.3095 [Hz], Polarization : Ey-polarization
#================================================================================================
# Start 3D forward calculation with 0th order 3D edge-based element.( 7458 sec )
# Number of equation = 475883, Number of equation after degeneration = 473549
# Calculating EM field of the boundary planes with 2D forward analysis.        
#-----------------------------[ Boundary Plane 0 ]-----------------------------
# Calculate electric field on a boundary plane with 0th order edge-based element.
# Number of equation = 520, Number of equation after degeneration = 476
# Set values of matrix and right hand side vector. ( 7458 sec )
# Numerical factorization phase of matrix solver for boundary plane. Polarization : 1 Plane : 0. ( 7458 sec )
# Solve phase of matrix solver for boundary plane. Polarization : 1 Plane : 0. ( 7458 sec )
#-----------------------------[ Boundary Plane 1 ]-----------------------------
# Calculate electric field on a boundary plane with 0th order edge-based element.
# Number of equation = 520, Number of equation after degeneration = 476
# Set values of matrix and right hand side vector. ( 7458 sec )
# Numerical factorization phase of matrix solver for boundary plane. Polarization : 1 Plane : 1. ( 7458 sec )
# Solve phase of matrix solver for boundary plane. Polarization : 1 Plane : 1. ( 7458 sec )
#------------------------------------------------------------------------------
# Set values of matrix and right hand side vector. ( 7458 sec )
# Numerical factorization phase of matrix solver for 3D forward calculation. Polarization : 1.( 7461 sec )
# Solve phase of matrix solver for 3D forward calculation. Polarization : 1.( 7494 sec )
# Calulate right-hand sides vectors consisting of interpolator vectors.( 7495 sec )
# Solve phase of matrix solver for right-hand sides consisting of interpolator vectors.( 7496 sec )
# Solve phase is performed simultaneously for 286 right-hand sides( 7496 sec )
# Calculate derivatives of EM field.( 7511 sec )
#==============================================================================
# Calculate response functions. ( 7542 sec )
# Calculate sensitivity matrix of frequency 6.3095[Hz].( 7542 sec )
# Sensitivity matrix of frequency 6.3095[Hz] is saved in the out-of-core file sensMatFreq11.
#==============================================================================
#================================================================================================
# Start forward calculation. Frequency : 10 [Hz], Polarization : Ex-polarization
#================================================================================================
# Start 3D forward calculation with 0th order 3D edge-based element.( 7544 sec )
# Number of equation = 475883, Number of equation after degeneration = 473549
# Calculating EM field of the boundary planes with 2D forward analysis.        
#-----------------------------[ Boundary Plane 2 ]-----------------------------
# Calculate electric field on a boundary plane with 0th order edge-based element.
# Number of equation = 514, Number of equation after degeneration = 470
# Set values of matrix and right hand side vector. ( 7544 sec )
# Numerical factorization phase of matrix solver for boundary plane. Polarization : 0 Plane : 2. ( 7544 sec )
# Solve phase of matrix solver for boundary plane. Polarization : 0 Plane : 2. ( 7544 sec )
#-----------------------------[ Boundary Plane 3 ]-----------------------------
# Calculate electric field on a boundary plane with 0th order edge-based element.
# Number of equation = 514, Number of equation after degeneration = 470
# Set values of matrix and right hand side vector. ( 7544 sec )
# Numerical factorization phase of matrix solver for boundary plane. Polarization : 0 Plane : 3. ( 7544 sec )
# Solve phase of matrix solver for boundary plane. Polarization : 0 Plane : 3. ( 7544 sec )
#------------------------------------------------------------------------------
# Set values of matrix and right hand side vector. ( 7544 sec )
# Numerical factorization phase of matrix solver for 3D forward calculation. Polarization : 0.( 7547 sec )
# Solve phase of matrix solver for 3D forward calculation. Polarization : 0.( 7580 sec )
# Calulate right-hand sides vectors consisting of interpolator vectors.( 7580 sec )
# Solve phase of matrix solver for right-hand sides consisting of interpolator vectors.( 7582 sec )
# Solve phase is performed simultaneously for 282 right-hand sides( 7582 sec )
# Calculate derivatives of EM field.( 7597 sec )
#================================================================================================
# Start forward calculation. Frequency : 10 [Hz], Polarization : Ey-polarization
#================================================================================================
# Start 3D forward calculation with 0th order 3D edge-based element.( 7626 sec )
# Number of equation = 475883, Number of equation after degeneration = 473549
# Calculating EM field of the boundary planes with 2D forward analysis.        
#-----------------------------[ Boundary Plane 0 ]-----------------------------
# Calculate electric field on a boundary plane with 0th order edge-based element.
# Number of equation = 520, Number of equation after degeneration = 476
# Set values of matrix and right hand side vector. ( 7626 sec )
# Numerical factorization phase of matrix solver for boundary plane. Polarization : 1 Plane : 0. ( 7626 sec )
# Solve phase of matrix solver for boundary plane. Polarization : 1 Plane : 0. ( 7626 sec )
#-----------------------------[ Boundary Plane 1 ]-----------------------------
# Calculate electric field on a boundary plane with 0th order edge-based element.
# Number of equation = 520, Number of equation after degeneration = 476
# Set values of matrix and right hand side vector. ( 7626 sec )
# Numerical factorization phase of matrix solver for boundary plane. Polarization : 1 Plane : 1. ( 7626 sec )
# Solve phase of matrix solver for boundary plane. Polarization : 1 Plane : 1. ( 7626 sec )
#------------------------------------------------------------------------------
# Set values of matrix and right hand side vector. ( 7626 sec )
# Numerical factorization phase of matrix solver for 3D forward calculation. Polarization : 1.( 7629 sec )
# Solve phase of matrix solver for 3D forward calculation. Polarization : 1.( 7662 sec )
# Calulate right-hand sides vectors consisting of interpolator vectors.( 7662 sec )
# Solve phase of matrix solver for right-hand sides consisting of interpolator vectors.( 7664 sec )
# Solve phase is performed simultaneously for 282 right-hand sides( 7664 sec )
# Calculate derivatives of EM field.( 7679 sec )
#==============================================================================
# Calculate response functions. ( 7708 sec )
# Calculate sensitivity matrix of frequency 10[Hz].( 7708 sec )
# Sensitivity matrix of frequency 10[Hz] is saved in the out-of-core file sensMatFreq12.
#==============================================================================
#================================================================================================
# Start forward calculation. Frequency : 15.848 [Hz], Polarization : Ex-polarization
#================================================================================================
# Start 3D forward calculation with 0th order 3D edge-based element.( 7709 sec )
# Number of equation = 475883, Number of equation after degeneration = 473549
# Calculating EM field of the boundary planes with 2D forward analysis.        
#-----------------------------[ Boundary Plane 2 ]-----------------------------
# Calculate electric field on a boundary plane with 0th order edge-based element.
# Number of equation = 514, Number of equation after degeneration = 470
# Set values of matrix and right hand side vector. ( 7709 sec )
# Numerical factorization phase of matrix solver for boundary plane. Polarization : 0 Plane : 2. ( 7709 sec )
# Solve phase of matrix solver for boundary plane. Polarization : 0 Plane : 2. ( 7709 sec )
#-----------------------------[ Boundary Plane 3 ]-----------------------------
# Calculate electric field on a boundary plane with 0th order edge-based element.
# Number of equation = 514, Number of equation after degeneration = 470
# Set values of matrix and right hand side vector. ( 7709 sec )
# Numerical factorization phase of matrix solver for boundary plane. Polarization : 0 Plane : 3. ( 7709 sec )
# Solve phase of matrix solver for boundary plane. Polarization : 0 Plane : 3. ( 7709 sec )
#------------------------------------------------------------------------------
# Set values of matrix and right hand side vector. ( 7709 sec )
# Numerical factorization phase of matrix solver for 3D forward calculation. Polarization : 0.( 7712 sec )
# Solve phase of matrix solver for 3D forward calculation. Polarization : 0.( 7745 sec )
# Calulate right-hand sides vectors consisting of interpolator vectors.( 7745 sec )
# Solve phase of matrix solver for right-hand sides consisting of interpolator vectors.( 7747 sec )
# Solve phase is performed simultaneously for 282 right-hand sides( 7747 sec )
# Calculate derivatives of EM field.( 7761 sec )
#================================================================================================
# Start forward calculation. Frequency : 15.848 [Hz], Polarization : Ey-polarization
#================================================================================================
# Start 3D forward calculation with 0th order 3D edge-based element.( 7792 sec )
# Number of equation = 475883, Number of equation after degeneration = 473549
# Calculating EM field of the boundary planes with 2D forward analysis.        
#-----------------------------[ Boundary Plane 0 ]-----------------------------
# Calculate electric field on a boundary plane with 0th order edge-based element.
# Number of equation = 520, Number of equation after degeneration = 476
# Set values of matrix and right hand side vector. ( 7792 sec )
# Numerical factorization phase of matrix solver for boundary plane. Polarization : 1 Plane : 0. ( 7792 sec )
# Solve phase of matrix solver for boundary plane. Polarization : 1 Plane : 0. ( 7792 sec )
#-----------------------------[ Boundary Plane 1 ]-----------------------------
# Calculate electric field on a boundary plane with 0th order edge-based element.
# Number of equation = 520, Number of equation after degeneration = 476
# Set values of matrix and right hand side vector. ( 7792 sec )
# Numerical factorization phase of matrix solver for boundary plane. Polarization : 1 Plane : 1. ( 7792 sec )
# Solve phase of matrix solver for boundary plane. Polarization : 1 Plane : 1. ( 7792 sec )
#------------------------------------------------------------------------------
# Set values of matrix and right hand side vector. ( 7792 sec )
# Numerical factorization phase of matrix solver for 3D forward calculation. Polarization : 1.( 7795 sec )
# Solve phase of matrix solver for 3D forward calculation. Polarization : 1.( 7828 sec )
# Calulate right-hand sides vectors consisting of interpolator vectors.( 7828 sec )
# Solve phase of matrix solver for right-hand sides consisting of interpolator vectors.( 7830 sec )
# Solve phase is performed simultaneously for 282 right-hand sides( 7830 sec )
# Calculate derivatives of EM field.( 7845 sec )
#==============================================================================
# Calculate response functions. ( 7874 sec )
# Calculate sensitivity matrix of frequency 15.848[Hz].( 7874 sec )
# Sensitivity matrix of frequency 15.848[Hz] is saved in the out-of-core file sensMatFreq13.
#==============================================================================
# Release memory of coefficient matrix and sparse solver. ( 7875 sec )
# Converged.
# End femtic ( 7878 sec )
