# Start femtic Linux Version 4.3.0 ( 0 sec )
# Read analysis control data from control.dat.( 0 sec )
#==============================================================================
# Summary of control data
#==============================================================================
# Condition of perfect electric conductor is specified at the bottom boundary.
# Type of mesh : Tetrahedron.
# Number of threads is specified to be 4 .
# In-core mode is used.
# Division number of right-hand sides at solve phase in forward calculation : 1
# Division number of right-hand sides at solve phase in inversion : 1
# Coefficient matrix of normal equation is assumed to be indefinite.
# Renumbering is not performed.
# Horizontal electric field is used for calculating response functions.
# EM field is interpolated from the values of the edges of the lower element.
# Release memory of coefficient matrix and sparse solver after forward calculation.
# Type of bound constraints method : Simple bound constraining
# Minimum distance to resistivity bounds in common logarithm scale : 0.01 .
# Bottom resistivity : 1000 [Ohm-m]
# Roughning factor at the bottom : 1
# Following variables are written to to ASCII file.
#  - Resistivity
#  - Sensitivity
#  - Sensitivity density
# Method of inversion : Gauss-newton method (Data space)
# Components of distortion matrices are estimated directly as model parameters.
# Roughening matrix is created using shared faces of elements.
# Trade-off parameter for resistivity value : 1.5 .
# Trade-off parameter for distortion strength : 0.1 .
# Weighting factor of alpha (X,Y,Z) = (1, 1, 1) .
# Factor of inverse distance weighting : 1.
# Initial iteration number : 0.
# Maximun iteration number : 15.
# Threshold value for determining if objective functional decrease : 0.001.
# Convergence criterion of inversion is that change ratios of objective function and its components are less than 0.2 [%] .
# Initial factor of step-length damping : 0.5.
# Minimum factor of step-length damping : 0.1.
# Maximum factor of step-length damping : 1.
# If residual increase, factor of step-length damping is muliplied by 0.5 times.
# If residual decrease 3 times in a row, factor of step-length damping is muliplied by 1.25 times.
# Maximum number of retrials : 2.
#==============================================================================
# Read mesh data from mesh.dat .( 0 sec )
# Read data of resisitivity block model .( 1 sec )
# Read observed data .( 2 sec )
# Number of the stations of the impedance tensor : 48
# Station ID     Station ID (Ref)  Owner Element  Electric field
# 1              1                 Lower          Horizontal
# 2              2                 Lower          Horizontal
# 3              3                 Lower          Horizontal
# 4              4                 Lower          Horizontal
# 5              5                 Lower          Horizontal
# 6              6                 Lower          Horizontal
# 7              7                 Lower          Horizontal
# 8              8                 Lower          Horizontal
# 9              9                 Lower          Horizontal
# 10             10                Lower          Horizontal
# 11             11                Lower          Horizontal
# 12             12                Lower          Horizontal
# 13             13                Lower          Horizontal
# 14             14                Lower          Horizontal
# 15             15                Lower          Horizontal
# 16             16                Lower          Horizontal
# 17             17                Lower          Horizontal
# 18             18                Lower          Horizontal
# 19             19                Lower          Horizontal
# 20             20                Lower          Horizontal
# 21             21                Lower          Horizontal
# 22             22                Lower          Horizontal
# 23             23                Lower          Horizontal
# 24             24                Lower          Horizontal
# 25             25                Lower          Horizontal
# 26             26                Lower          Horizontal
# 27             27                Lower          Horizontal
# 28             28                Lower          Horizontal
# 29             29                Lower          Horizontal
# 30             30                Lower          Horizontal
# 31             31                Lower          Horizontal
# 32             32                Lower          Horizontal
# 33             33                Lower          Horizontal
# 34             34                Lower          Horizontal
# 35             35                Lower          Horizontal
# 36             36                Lower          Horizontal
# 37             37                Lower          Horizontal
# 38             38                Lower          Horizontal
# 39             39                Lower          Horizontal
# 40             40                Lower          Horizontal
# 41             41                Lower          Horizontal
# 42             42                Lower          Horizontal
# 43             43                Lower          Horizontal
# 44             44                Lower          Horizontal
# 45             45                Lower          Horizontal
# 46             46                Lower          Horizontal
# 47             47                Lower          Horizontal
# 48             48                Lower          Horizontal
# Number of the stations of the vertical magnetic transfer function : 46
# Station ID     Station ID (Ref)  Owner Element
# 1001           1001              Lower
# 1002           1002              Lower
# 1003           1003              Lower
# 1004           1004              Lower
# 1005           1005              Lower
# 1006           1006              Lower
# 1007           1007              Lower
# 1008           1008              Lower
# 1009           1009              Lower
# 1010           1010              Lower
# 1011           1011              Lower
# 1012           1012              Lower
# 1013           1013              Lower
# 1014           1014              Lower
# 1015           1015              Lower
# 1016           1016              Lower
# 1017           1017              Lower
# 1018           1018              Lower
# 1019           1019              Lower
# 1020           1020              Lower
# 1021           1021              Lower
# 1022           1022              Lower
# 1023           1023              Lower
# 1024           1024              Lower
# 1025           1025              Lower
# 1026           1026              Lower
# 1027           1027              Lower
# 1028           1028              Lower
# 1029           1029              Lower
# 1030           1030              Lower
# 1031           1031              Lower
# 1032           1032              Lower
# 1033           1033              Lower
# 1034           1034              Lower
# 1035           1035              Lower
# 1036           1036              Lower
# 1037           1037              Lower
# 1038           1038              Lower
# 1039           1039              Lower
# 1040           1040              Lower
# 1041           1041              Lower
# 1042           1042              Lower
# 1043           1043              Lower
# 1044           1044              Lower
# 1045           1045              Lower
# 1046           1046              Lower
#++++++++++++++++++++++++++++++++++++++++++++++++++++++++++++++++++++++++++++++
# Total number of stations : 94 .
#  - Number of impedance tensor stations : 48 .
#  - Number of VTF stations : 46 .
#++++++++++++++++++++++++++++++++++++++++++++++++++++++++++++++++++++++++++++++
#++++++++++++++++++++++++++++++++++++++++++++++++++++++++++++++++++++++++++++++
# Forward calculation is performed for the frequencies/periods below.
# Freq#  Frequency[Hz]  Period[sec]    
# 0      0.03981        25.1193        
# 1      0.06309        15.8504        
# 2      0.1            10             
# 3      0.15848        6.30994        
# 4      0.25118        3.98121        
# 5      0.3981         2.51193        
# 6      0.63095        1.58491        
# 7      1              1              
# 8      1.5848         0.630994       
# 9      2.5118         0.398121       
# 10     3.981          0.251193       
# 11     6.3095         0.158491       
# 12     10             0.1            
# 13     15.848         0.0630994      
# 14     25.118         0.0398121      
# 15     39.81          0.0251193      
# 16     63.095         0.0158491      
# 17     100            0.01           
# 18     158.48         0.00630994     
# 19     251.18         0.00398121     
# 20     398.1          0.00251193     
# 21     630.95         0.00158491     
# 22     1000           0.001          
#++++++++++++++++++++++++++++++++++++++++++++++++++++++++++++++++++++++++++++++
# Read distortion matrix data .( 2 sec )
# Find element including each station .( 2 sec )
#++++++++++++++++++++++++++++++++++++++++++++++++++++++++++++++++++++++++++++++
# Total number of model parameter : 54779.
#  - Number of modifiable resisitivity values : 54587.
#  - Number of modifiable distortion parameters : 192.
#++++++++++++++++++++++++++++++++++++++++++++++++++++++++++++++++++++++++++++++
# Calculate Roughening Matrix .( 2 sec )
###############################################################################
# Start Forward Computation.  Iteration : 0,  Retrial : 0
###############################################################################
#================================================================================================
# Start forward calculation. Frequency : 0.03981 [Hz], Polarization : Ex-polarization
#================================================================================================
# Start 3D forward calculation with 0th order 3D edge-based element.( 3 sec )
# Number of equation = 475883, Number of equation after degeneration = 473549
# Calculating EM field of the boundary planes with 2D forward analysis.        
#-----------------------------[ Boundary Plane 2 ]-----------------------------
# Calculate electric field on a boundary plane with 0th order edge-based element.
# Number of equation = 514, Number of equation after degeneration = 470
# Set matrix structure. ( 4 sec )
# Anaysis phase of matrix solver for boundary plane. Polarization : 0 Plane : 2. ( 4 sec )
# Set values of matrix and right hand side vector. ( 4 sec )
# Numerical factorization phase of matrix solver for boundary plane. Polarization : 0 Plane : 2. ( 4 sec )
# Solve phase of matrix solver for boundary plane. Polarization : 0 Plane : 2. ( 4 sec )
#-----------------------------[ Boundary Plane 3 ]-----------------------------
# Calculate electric field on a boundary plane with 0th order edge-based element.
# Number of equation = 514, Number of equation after degeneration = 470
# Set matrix structure. ( 4 sec )
# Anaysis phase of matrix solver for boundary plane. Polarization : 0 Plane : 3. ( 4 sec )
# Set values of matrix and right hand side vector. ( 4 sec )
# Numerical factorization phase of matrix solver for boundary plane. Polarization : 0 Plane : 3. ( 4 sec )
# Solve phase of matrix solver for boundary plane. Polarization : 0 Plane : 3. ( 4 sec )
#------------------------------------------------------------------------------
# Set matrix structure. ( 4 sec )
# Anaysis phase of matrix solver for 3D forward calculation. Polarization : 0. ( 8 sec )
#++++++++++++++++++++++++++++++++++++++++++++++++++++++++++++++++++++++++++++++++++++++++++++++++
# Total peak memory required during the analysis and symbolic factorization phase    : 576756 [KByte]
# Permanent memory required from the analysis phase to the solve phases              : 482048 [KByte]
# Total memory consumed by in-core forward solver for internal float point arrays    : 4.10385e+06 [KByte]
# Minimum memory consumed by out-core forward solver for internal float point arrays : 68827 [KByte]
#++++++++++++++++++++++++++++++++++++++++++++++++++++++++++++++++++++++++++++++++++++++++++++++++
# Set values of matrix and right hand side vector. ( 11 sec )
# Numerical factorization phase of matrix solver for 3D forward calculation. Polarization : 0.( 13 sec )
# Solve phase of matrix solver for 3D forward calculation. Polarization : 0.( 34 sec )
# Calulate right-hand sides vectors consisting of interpolator vectors.( 34 sec )
# Solve phase of matrix solver for right-hand sides consisting of interpolator vectors.( 35 sec )
# Solve phase is performed simultaneously for 68 right-hand sides( 35 sec )
# Calculate derivatives of EM field.( 37 sec )
#================================================================================================
# Start forward calculation. Frequency : 0.03981 [Hz], Polarization : Ey-polarization
#================================================================================================
# Start 3D forward calculation with 0th order 3D edge-based element.( 50 sec )
# Number of equation = 475883, Number of equation after degeneration = 473549
# Calculating EM field of the boundary planes with 2D forward analysis.        
#-----------------------------[ Boundary Plane 0 ]-----------------------------
# Calculate electric field on a boundary plane with 0th order edge-based element.
# Number of equation = 520, Number of equation after degeneration = 476
# Set matrix structure. ( 50 sec )
# Anaysis phase of matrix solver for boundary plane. Polarization : 1 Plane : 0. ( 50 sec )
# Set values of matrix and right hand side vector. ( 50 sec )
# Numerical factorization phase of matrix solver for boundary plane. Polarization : 1 Plane : 0. ( 50 sec )
# Solve phase of matrix solver for boundary plane. Polarization : 1 Plane : 0. ( 50 sec )
#-----------------------------[ Boundary Plane 1 ]-----------------------------
# Calculate electric field on a boundary plane with 0th order edge-based element.
# Number of equation = 520, Number of equation after degeneration = 476
# Set matrix structure. ( 50 sec )
# Anaysis phase of matrix solver for boundary plane. Polarization : 1 Plane : 1. ( 50 sec )
# Set values of matrix and right hand side vector. ( 50 sec )
# Numerical factorization phase of matrix solver for boundary plane. Polarization : 1 Plane : 1. ( 50 sec )
# Solve phase of matrix solver for boundary plane. Polarization : 1 Plane : 1. ( 50 sec )
#------------------------------------------------------------------------------
# Set values of matrix and right hand side vector. ( 50 sec )
# Numerical factorization phase of matrix solver for 3D forward calculation. Polarization : 1.( 52 sec )
# Solve phase of matrix solver for 3D forward calculation. Polarization : 1.( 73 sec )
# Calulate right-hand sides vectors consisting of interpolator vectors.( 73 sec )
# Solve phase of matrix solver for right-hand sides consisting of interpolator vectors.( 73 sec )
# Solve phase is performed simultaneously for 68 right-hand sides( 73 sec )
# Calculate derivatives of EM field.( 76 sec )
#==============================================================================
# Calculate response functions. ( 88 sec )
# Calculate sensitivity matrix of frequency 0.03981[Hz].( 88 sec )
# Sensitivity matrix of frequency 0.03981[Hz] is saved in the out-of-core file sensMatFreq0.
#==============================================================================
#================================================================================================
# Start forward calculation. Frequency : 0.06309 [Hz], Polarization : Ex-polarization
#================================================================================================
# Start 3D forward calculation with 0th order 3D edge-based element.( 89 sec )
# Number of equation = 475883, Number of equation after degeneration = 473549
# Calculating EM field of the boundary planes with 2D forward analysis.        
#-----------------------------[ Boundary Plane 2 ]-----------------------------
# Calculate electric field on a boundary plane with 0th order edge-based element.
# Number of equation = 514, Number of equation after degeneration = 470
# Set values of matrix and right hand side vector. ( 89 sec )
# Numerical factorization phase of matrix solver for boundary plane. Polarization : 0 Plane : 2. ( 89 sec )
# Solve phase of matrix solver for boundary plane. Polarization : 0 Plane : 2. ( 89 sec )
#-----------------------------[ Boundary Plane 3 ]-----------------------------
# Calculate electric field on a boundary plane with 0th order edge-based element.
# Number of equation = 514, Number of equation after degeneration = 470
# Set values of matrix and right hand side vector. ( 89 sec )
# Numerical factorization phase of matrix solver for boundary plane. Polarization : 0 Plane : 3. ( 89 sec )
# Solve phase of matrix solver for boundary plane. Polarization : 0 Plane : 3. ( 89 sec )
#------------------------------------------------------------------------------
# Set values of matrix and right hand side vector. ( 89 sec )
# Numerical factorization phase of matrix solver for 3D forward calculation. Polarization : 0.( 91 sec )
# Solve phase of matrix solver for 3D forward calculation. Polarization : 0.( 111 sec )
# Calulate right-hand sides vectors consisting of interpolator vectors.( 111 sec )
# Solve phase of matrix solver for right-hand sides consisting of interpolator vectors.( 112 sec )
# Solve phase is performed simultaneously for 89 right-hand sides( 112 sec )
# Calculate derivatives of EM field.( 115 sec )
#================================================================================================
# Start forward calculation. Frequency : 0.06309 [Hz], Polarization : Ey-polarization
#================================================================================================
# Start 3D forward calculation with 0th order 3D edge-based element.( 125 sec )
# Number of equation = 475883, Number of equation after degeneration = 473549
# Calculating EM field of the boundary planes with 2D forward analysis.        
#-----------------------------[ Boundary Plane 0 ]-----------------------------
# Calculate electric field on a boundary plane with 0th order edge-based element.
# Number of equation = 520, Number of equation after degeneration = 476
# Set values of matrix and right hand side vector. ( 125 sec )
# Numerical factorization phase of matrix solver for boundary plane. Polarization : 1 Plane : 0. ( 125 sec )
# Solve phase of matrix solver for boundary plane. Polarization : 1 Plane : 0. ( 125 sec )
#-----------------------------[ Boundary Plane 1 ]-----------------------------
# Calculate electric field on a boundary plane with 0th order edge-based element.
# Number of equation = 520, Number of equation after degeneration = 476
# Set values of matrix and right hand side vector. ( 125 sec )
# Numerical factorization phase of matrix solver for boundary plane. Polarization : 1 Plane : 1. ( 125 sec )
# Solve phase of matrix solver for boundary plane. Polarization : 1 Plane : 1. ( 125 sec )
#------------------------------------------------------------------------------
# Set values of matrix and right hand side vector. ( 125 sec )
# Numerical factorization phase of matrix solver for 3D forward calculation. Polarization : 1.( 127 sec )
# Solve phase of matrix solver for 3D forward calculation. Polarization : 1.( 148 sec )
# Calulate right-hand sides vectors consisting of interpolator vectors.( 148 sec )
# Solve phase of matrix solver for right-hand sides consisting of interpolator vectors.( 148 sec )
# Solve phase is performed simultaneously for 89 right-hand sides( 148 sec )
# Calculate derivatives of EM field.( 151 sec )
#==============================================================================
# Calculate response functions. ( 160 sec )
# Calculate sensitivity matrix of frequency 0.06309[Hz].( 160 sec )
# Sensitivity matrix of frequency 0.06309[Hz] is saved in the out-of-core file sensMatFreq1.
#==============================================================================
#================================================================================================
# Start forward calculation. Frequency : 0.1 [Hz], Polarization : Ex-polarization
#================================================================================================
# Start 3D forward calculation with 0th order 3D edge-based element.( 160 sec )
# Number of equation = 475883, Number of equation after degeneration = 473549
# Calculating EM field of the boundary planes with 2D forward analysis.        
#-----------------------------[ Boundary Plane 2 ]-----------------------------
# Calculate electric field on a boundary plane with 0th order edge-based element.
# Number of equation = 514, Number of equation after degeneration = 470
# Set values of matrix and right hand side vector. ( 160 sec )
# Numerical factorization phase of matrix solver for boundary plane. Polarization : 0 Plane : 2. ( 160 sec )
# Solve phase of matrix solver for boundary plane. Polarization : 0 Plane : 2. ( 160 sec )
#-----------------------------[ Boundary Plane 3 ]-----------------------------
# Calculate electric field on a boundary plane with 0th order edge-based element.
# Number of equation = 514, Number of equation after degeneration = 470
# Set values of matrix and right hand side vector. ( 160 sec )
# Numerical factorization phase of matrix solver for boundary plane. Polarization : 0 Plane : 3. ( 160 sec )
# Solve phase of matrix solver for boundary plane. Polarization : 0 Plane : 3. ( 160 sec )
#------------------------------------------------------------------------------
# Set values of matrix and right hand side vector. ( 160 sec )
# Numerical factorization phase of matrix solver for 3D forward calculation. Polarization : 0.( 162 sec )
# Solve phase of matrix solver for 3D forward calculation. Polarization : 0.( 182 sec )
# Calulate right-hand sides vectors consisting of interpolator vectors.( 183 sec )
# Solve phase of matrix solver for right-hand sides consisting of interpolator vectors.( 183 sec )
# Solve phase is performed simultaneously for 50 right-hand sides( 183 sec )
# Calculate derivatives of EM field.( 185 sec )
#================================================================================================
# Start forward calculation. Frequency : 0.1 [Hz], Polarization : Ey-polarization
#================================================================================================
# Start 3D forward calculation with 0th order 3D edge-based element.( 191 sec )
# Number of equation = 475883, Number of equation after degeneration = 473549
# Calculating EM field of the boundary planes with 2D forward analysis.        
#-----------------------------[ Boundary Plane 0 ]-----------------------------
# Calculate electric field on a boundary plane with 0th order edge-based element.
# Number of equation = 520, Number of equation after degeneration = 476
# Set values of matrix and right hand side vector. ( 191 sec )
# Numerical factorization phase of matrix solver for boundary plane. Polarization : 1 Plane : 0. ( 191 sec )
# Solve phase of matrix solver for boundary plane. Polarization : 1 Plane : 0. ( 191 sec )
#-----------------------------[ Boundary Plane 1 ]-----------------------------
# Calculate electric field on a boundary plane with 0th order edge-based element.
# Number of equation = 520, Number of equation after degeneration = 476
# Set values of matrix and right hand side vector. ( 191 sec )
# Numerical factorization phase of matrix solver for boundary plane. Polarization : 1 Plane : 1. ( 191 sec )
# Solve phase of matrix solver for boundary plane. Polarization : 1 Plane : 1. ( 191 sec )
#------------------------------------------------------------------------------
# Set values of matrix and right hand side vector. ( 191 sec )
# Numerical factorization phase of matrix solver for 3D forward calculation. Polarization : 1.( 193 sec )
# Solve phase of matrix solver for 3D forward calculation. Polarization : 1.( 214 sec )
# Calulate right-hand sides vectors consisting of interpolator vectors.( 214 sec )
# Solve phase of matrix solver for right-hand sides consisting of interpolator vectors.( 214 sec )
# Solve phase is performed simultaneously for 50 right-hand sides( 214 sec )
# Calculate derivatives of EM field.( 216 sec )
#==============================================================================
# Calculate response functions. ( 222 sec )
# Calculate sensitivity matrix of frequency 0.1[Hz].( 222 sec )
# Sensitivity matrix of frequency 0.1[Hz] is saved in the out-of-core file sensMatFreq2.
#==============================================================================
#================================================================================================
# Start forward calculation. Frequency : 0.15848 [Hz], Polarization : Ex-polarization
#================================================================================================
# Start 3D forward calculation with 0th order 3D edge-based element.( 222 sec )
# Number of equation = 475883, Number of equation after degeneration = 473549
# Calculating EM field of the boundary planes with 2D forward analysis.        
#-----------------------------[ Boundary Plane 2 ]-----------------------------
# Calculate electric field on a boundary plane with 0th order edge-based element.
# Number of equation = 514, Number of equation after degeneration = 470
# Set values of matrix and right hand side vector. ( 222 sec )
# Numerical factorization phase of matrix solver for boundary plane. Polarization : 0 Plane : 2. ( 222 sec )
# Solve phase of matrix solver for boundary plane. Polarization : 0 Plane : 2. ( 222 sec )
#-----------------------------[ Boundary Plane 3 ]-----------------------------
# Calculate electric field on a boundary plane with 0th order edge-based element.
# Number of equation = 514, Number of equation after degeneration = 470
# Set values of matrix and right hand side vector. ( 222 sec )
# Numerical factorization phase of matrix solver for boundary plane. Polarization : 0 Plane : 3. ( 222 sec )
# Solve phase of matrix solver for boundary plane. Polarization : 0 Plane : 3. ( 222 sec )
#------------------------------------------------------------------------------
# Set values of matrix and right hand side vector. ( 222 sec )
# Numerical factorization phase of matrix solver for 3D forward calculation. Polarization : 0.( 224 sec )
# Solve phase of matrix solver for 3D forward calculation. Polarization : 0.( 245 sec )
# Calulate right-hand sides vectors consisting of interpolator vectors.( 245 sec )
# Solve phase of matrix solver for right-hand sides consisting of interpolator vectors.( 245 sec )
# Solve phase is performed simultaneously for 52 right-hand sides( 245 sec )
# Calculate derivatives of EM field.( 247 sec )
#================================================================================================
# Start forward calculation. Frequency : 0.15848 [Hz], Polarization : Ey-polarization
#================================================================================================
# Start 3D forward calculation with 0th order 3D edge-based element.( 252 sec )
# Number of equation = 475883, Number of equation after degeneration = 473549
# Calculating EM field of the boundary planes with 2D forward analysis.        
#-----------------------------[ Boundary Plane 0 ]-----------------------------
# Calculate electric field on a boundary plane with 0th order edge-based element.
# Number of equation = 520, Number of equation after degeneration = 476
# Set values of matrix and right hand side vector. ( 252 sec )
# Numerical factorization phase of matrix solver for boundary plane. Polarization : 1 Plane : 0. ( 252 sec )
# Solve phase of matrix solver for boundary plane. Polarization : 1 Plane : 0. ( 252 sec )
#-----------------------------[ Boundary Plane 1 ]-----------------------------
# Calculate electric field on a boundary plane with 0th order edge-based element.
# Number of equation = 520, Number of equation after degeneration = 476
# Set values of matrix and right hand side vector. ( 252 sec )
# Numerical factorization phase of matrix solver for boundary plane. Polarization : 1 Plane : 1. ( 252 sec )
# Solve phase of matrix solver for boundary plane. Polarization : 1 Plane : 1. ( 252 sec )
#------------------------------------------------------------------------------
# Set values of matrix and right hand side vector. ( 252 sec )
# Numerical factorization phase of matrix solver for 3D forward calculation. Polarization : 1.( 254 sec )
# Solve phase of matrix solver for 3D forward calculation. Polarization : 1.( 275 sec )
# Calulate right-hand sides vectors consisting of interpolator vectors.( 275 sec )
# Solve phase of matrix solver for right-hand sides consisting of interpolator vectors.( 275 sec )
# Solve phase is performed simultaneously for 52 right-hand sides( 275 sec )
# Calculate derivatives of EM field.( 277 sec )
#==============================================================================
# Calculate response functions. ( 284 sec )
# Calculate sensitivity matrix of frequency 0.15848[Hz].( 284 sec )
# Sensitivity matrix of frequency 0.15848[Hz] is saved in the out-of-core file sensMatFreq3.
#==============================================================================
#================================================================================================
# Start forward calculation. Frequency : 0.25118 [Hz], Polarization : Ex-polarization
#================================================================================================
# Start 3D forward calculation with 0th order 3D edge-based element.( 284 sec )
# Number of equation = 475883, Number of equation after degeneration = 473549
# Calculating EM field of the boundary planes with 2D forward analysis.        
#-----------------------------[ Boundary Plane 2 ]-----------------------------
# Calculate electric field on a boundary plane with 0th order edge-based element.
# Number of equation = 514, Number of equation after degeneration = 470
# Set values of matrix and right hand side vector. ( 284 sec )
# Numerical factorization phase of matrix solver for boundary plane. Polarization : 0 Plane : 2. ( 284 sec )
# Solve phase of matrix solver for boundary plane. Polarization : 0 Plane : 2. ( 284 sec )
#-----------------------------[ Boundary Plane 3 ]-----------------------------
# Calculate electric field on a boundary plane with 0th order edge-based element.
# Number of equation = 514, Number of equation after degeneration = 470
# Set values of matrix and right hand side vector. ( 284 sec )
# Numerical factorization phase of matrix solver for boundary plane. Polarization : 0 Plane : 3. ( 284 sec )
# Solve phase of matrix solver for boundary plane. Polarization : 0 Plane : 3. ( 284 sec )
#------------------------------------------------------------------------------
# Set values of matrix and right hand side vector. ( 284 sec )
# Numerical factorization phase of matrix solver for 3D forward calculation. Polarization : 0.( 286 sec )
# Solve phase of matrix solver for 3D forward calculation. Polarization : 0.( 307 sec )
# Calulate right-hand sides vectors consisting of interpolator vectors.( 307 sec )
# Solve phase of matrix solver for right-hand sides consisting of interpolator vectors.( 307 sec )
# Solve phase is performed simultaneously for 53 right-hand sides( 307 sec )
# Calculate derivatives of EM field.( 309 sec )
#================================================================================================
# Start forward calculation. Frequency : 0.25118 [Hz], Polarization : Ey-polarization
#================================================================================================
# Start 3D forward calculation with 0th order 3D edge-based element.( 315 sec )
# Number of equation = 475883, Number of equation after degeneration = 473549
# Calculating EM field of the boundary planes with 2D forward analysis.        
#-----------------------------[ Boundary Plane 0 ]-----------------------------
# Calculate electric field on a boundary plane with 0th order edge-based element.
# Number of equation = 520, Number of equation after degeneration = 476
# Set values of matrix and right hand side vector. ( 315 sec )
# Numerical factorization phase of matrix solver for boundary plane. Polarization : 1 Plane : 0. ( 315 sec )
# Solve phase of matrix solver for boundary plane. Polarization : 1 Plane : 0. ( 315 sec )
#-----------------------------[ Boundary Plane 1 ]-----------------------------
# Calculate electric field on a boundary plane with 0th order edge-based element.
# Number of equation = 520, Number of equation after degeneration = 476
# Set values of matrix and right hand side vector. ( 315 sec )
# Numerical factorization phase of matrix solver for boundary plane. Polarization : 1 Plane : 1. ( 315 sec )
# Solve phase of matrix solver for boundary plane. Polarization : 1 Plane : 1. ( 315 sec )
#------------------------------------------------------------------------------
# Set values of matrix and right hand side vector. ( 315 sec )
# Numerical factorization phase of matrix solver for 3D forward calculation. Polarization : 1.( 317 sec )
# Solve phase of matrix solver for 3D forward calculation. Polarization : 1.( 337 sec )
# Calulate right-hand sides vectors consisting of interpolator vectors.( 337 sec )
# Solve phase of matrix solver for right-hand sides consisting of interpolator vectors.( 338 sec )
# Solve phase is performed simultaneously for 53 right-hand sides( 338 sec )
# Calculate derivatives of EM field.( 340 sec )
#==============================================================================
# Calculate response functions. ( 350 sec )
# Calculate sensitivity matrix of frequency 0.25118[Hz].( 350 sec )
# Sensitivity matrix of frequency 0.25118[Hz] is saved in the out-of-core file sensMatFreq4.
#==============================================================================
# Release memory of coefficient matrix and sparse solver. ( 351 sec )
###############################################################################
# Start Inversion.  Iteration : 0
###############################################################################
# Number of model : 54779
# Number of frequencies of this PE : 5
# Calculate constraining matrix. ( 554 sec )
# Analyse constraining matrix.( 554 sec )
# Analyse transposed constraining matrix.( 555 sec )
# Factorize constraining matrix.( 555 sec )
# Factorize transposed constraining matrix.( 555 sec )
# Number of data of this PE : 544
# Read sensitivity matrix from sensMatFreq0.( 555 sec )
# Multiply transposed sensitivity matrix by inverse of transposed constraining matrix. ( 555 sec )
# Solve phase is performed simultaneously for 120 right-hand sides( 555 sec )
# Read sensitivity matrix from sensMatFreq1.( 556 sec )
# Multiply transposed sensitivity matrix by inverse of transposed constraining matrix. ( 556 sec )
# Solve phase is performed simultaneously for 156 right-hand sides( 556 sec )
# Read sensitivity matrix from sensMatFreq2.( 557 sec )
# Multiply transposed sensitivity matrix by inverse of transposed constraining matrix. ( 557 sec )
# Solve phase is performed simultaneously for 88 right-hand sides( 557 sec )
# Read sensitivity matrix from sensMatFreq3.( 558 sec )
# Multiply transposed sensitivity matrix by inverse of transposed constraining matrix. ( 558 sec )
# Solve phase is performed simultaneously for 88 right-hand sides( 558 sec )
# Read sensitivity matrix from sensMatFreq4.( 558 sec )
# Multiply transposed sensitivity matrix by inverse of transposed constraining matrix. ( 559 sec )
# Solve phase is performed simultaneously for 92 right-hand sides( 559 sec )
# Solve phase.( 569 sec )
# Calculate right-hand side vector. ( 569 sec )
# Read sensitivity matrix from sensMatFreq0.( 569 sec )
# Read sensitivity matrix from sensMatFreq1.( 569 sec )
# Read sensitivity matrix from sensMatFreq2.( 569 sec )
# Read sensitivity matrix from sensMatFreq3.( 569 sec )
# Read sensitivity matrix from sensMatFreq4.( 569 sec )
# Number of total data  : 8416
# Calculate coefficient matrix. ( 569 sec )
# Read sensitivity matrix from sensMatFreq0Mod.( 569 sec )
# Read sensitivity matrix from sensMatFreq0Mod.( 570 sec )
# Read sensitivity matrix from sensMatFreq1Mod.( 570 sec )
# Read sensitivity matrix from sensMatFreq2Mod.( 570 sec )
# Read sensitivity matrix from sensMatFreq3Mod.( 570 sec )
# Read sensitivity matrix from sensMatFreq4Mod.( 570 sec )
# Read sensitivity matrix from sensMatFreq5Mod.( 570 sec )
# Read sensitivity matrix from sensMatFreq6Mod.( 571 sec )
# Read sensitivity matrix from sensMatFreq7Mod.( 571 sec )
# Read sensitivity matrix from sensMatFreq8Mod.( 571 sec )
# Read sensitivity matrix from sensMatFreq9Mod.( 572 sec )
# Read sensitivity matrix from sensMatFreq10Mod.( 572 sec )
# Read sensitivity matrix from sensMatFreq11Mod.( 572 sec )
# Read sensitivity matrix from sensMatFreq12Mod.( 573 sec )
# Read sensitivity matrix from sensMatFreq13Mod.( 574 sec )
# Read sensitivity matrix from sensMatFreq14Mod.( 575 sec )
# Read sensitivity matrix from sensMatFreq15Mod.( 575 sec )
# Read sensitivity matrix from sensMatFreq16Mod.( 576 sec )
# Read sensitivity matrix from sensMatFreq17Mod.( 577 sec )
# Read sensitivity matrix from sensMatFreq18Mod.( 577 sec )
# Read sensitivity matrix from sensMatFreq19Mod.( 578 sec )
# Read sensitivity matrix from sensMatFreq20Mod.( 579 sec )
# Read sensitivity matrix from sensMatFreq21Mod.( 580 sec )
# Read sensitivity matrix from sensMatFreq22Mod.( 581 sec )
# Read sensitivity matrix from sensMatFreq1Mod.( 581 sec )
# Read sensitivity matrix from sensMatFreq1Mod.( 581 sec )
# Read sensitivity matrix from sensMatFreq2Mod.( 581 sec )
# Read sensitivity matrix from sensMatFreq3Mod.( 581 sec )
# Read sensitivity matrix from sensMatFreq4Mod.( 581 sec )
# Read sensitivity matrix from sensMatFreq5Mod.( 581 sec )
# Read sensitivity matrix from sensMatFreq6Mod.( 581 sec )
# Read sensitivity matrix from sensMatFreq7Mod.( 581 sec )
# Read sensitivity matrix from sensMatFreq8Mod.( 581 sec )
# Read sensitivity matrix from sensMatFreq9Mod.( 581 sec )
# Read sensitivity matrix from sensMatFreq10Mod.( 582 sec )
# Read sensitivity matrix from sensMatFreq11Mod.( 582 sec )
# Read sensitivity matrix from sensMatFreq12Mod.( 582 sec )
# Read sensitivity matrix from sensMatFreq13Mod.( 582 sec )
# Read sensitivity matrix from sensMatFreq14Mod.( 582 sec )
# Read sensitivity matrix from sensMatFreq15Mod.( 582 sec )
# Read sensitivity matrix from sensMatFreq16Mod.( 582 sec )
# Read sensitivity matrix from sensMatFreq17Mod.( 582 sec )
# Read sensitivity matrix from sensMatFreq18Mod.( 582 sec )
# Read sensitivity matrix from sensMatFreq19Mod.( 582 sec )
# Read sensitivity matrix from sensMatFreq20Mod.( 583 sec )
# Read sensitivity matrix from sensMatFreq21Mod.( 583 sec )
# Read sensitivity matrix from sensMatFreq22Mod.( 583 sec )
# Read sensitivity matrix from sensMatFreq2Mod.( 583 sec )
# Read sensitivity matrix from sensMatFreq2Mod.( 583 sec )
# Read sensitivity matrix from sensMatFreq3Mod.( 583 sec )
# Read sensitivity matrix from sensMatFreq4Mod.( 583 sec )
# Read sensitivity matrix from sensMatFreq5Mod.( 583 sec )
# Read sensitivity matrix from sensMatFreq6Mod.( 583 sec )
# Read sensitivity matrix from sensMatFreq7Mod.( 583 sec )
# Read sensitivity matrix from sensMatFreq8Mod.( 583 sec )
# Read sensitivity matrix from sensMatFreq9Mod.( 583 sec )
# Read sensitivity matrix from sensMatFreq10Mod.( 583 sec )
# Read sensitivity matrix from sensMatFreq11Mod.( 583 sec )
# Read sensitivity matrix from sensMatFreq12Mod.( 583 sec )
# Read sensitivity matrix from sensMatFreq13Mod.( 583 sec )
# Read sensitivity matrix from sensMatFreq14Mod.( 584 sec )
# Read sensitivity matrix from sensMatFreq15Mod.( 584 sec )
# Read sensitivity matrix from sensMatFreq16Mod.( 584 sec )
# Read sensitivity matrix from sensMatFreq17Mod.( 584 sec )
# Read sensitivity matrix from sensMatFreq18Mod.( 584 sec )
# Read sensitivity matrix from sensMatFreq19Mod.( 584 sec )
# Read sensitivity matrix from sensMatFreq20Mod.( 584 sec )
# Read sensitivity matrix from sensMatFreq21Mod.( 584 sec )
# Read sensitivity matrix from sensMatFreq22Mod.( 584 sec )
# Read sensitivity matrix from sensMatFreq3Mod.( 584 sec )
# Read sensitivity matrix from sensMatFreq3Mod.( 584 sec )
# Read sensitivity matrix from sensMatFreq4Mod.( 584 sec )
# Read sensitivity matrix from sensMatFreq5Mod.( 584 sec )
# Read sensitivity matrix from sensMatFreq6Mod.( 584 sec )
# Read sensitivity matrix from sensMatFreq7Mod.( 584 sec )
# Read sensitivity matrix from sensMatFreq8Mod.( 584 sec )
# Read sensitivity matrix from sensMatFreq9Mod.( 585 sec )
# Read sensitivity matrix from sensMatFreq10Mod.( 585 sec )
# Read sensitivity matrix from sensMatFreq11Mod.( 585 sec )
# Read sensitivity matrix from sensMatFreq12Mod.( 585 sec )
# Read sensitivity matrix from sensMatFreq13Mod.( 585 sec )
# Read sensitivity matrix from sensMatFreq14Mod.( 585 sec )
# Read sensitivity matrix from sensMatFreq15Mod.( 585 sec )
# Read sensitivity matrix from sensMatFreq16Mod.( 585 sec )
# Read sensitivity matrix from sensMatFreq17Mod.( 585 sec )
# Read sensitivity matrix from sensMatFreq18Mod.( 585 sec )
# Read sensitivity matrix from sensMatFreq19Mod.( 585 sec )
# Read sensitivity matrix from sensMatFreq20Mod.( 585 sec )
# Read sensitivity matrix from sensMatFreq21Mod.( 586 sec )
# Read sensitivity matrix from sensMatFreq22Mod.( 586 sec )
# Read sensitivity matrix from sensMatFreq4Mod.( 586 sec )
# Read sensitivity matrix from sensMatFreq4Mod.( 586 sec )
# Read sensitivity matrix from sensMatFreq5Mod.( 586 sec )
# Read sensitivity matrix from sensMatFreq6Mod.( 586 sec )
# Read sensitivity matrix from sensMatFreq7Mod.( 586 sec )
# Read sensitivity matrix from sensMatFreq8Mod.( 586 sec )
# Read sensitivity matrix from sensMatFreq9Mod.( 586 sec )
# Read sensitivity matrix from sensMatFreq10Mod.( 586 sec )
# Read sensitivity matrix from sensMatFreq11Mod.( 586 sec )
# Read sensitivity matrix from sensMatFreq12Mod.( 586 sec )
# Read sensitivity matrix from sensMatFreq13Mod.( 586 sec )
# Read sensitivity matrix from sensMatFreq14Mod.( 586 sec )
# Read sensitivity matrix from sensMatFreq15Mod.( 586 sec )
# Read sensitivity matrix from sensMatFreq16Mod.( 587 sec )
# Read sensitivity matrix from sensMatFreq17Mod.( 587 sec )
# Read sensitivity matrix from sensMatFreq18Mod.( 587 sec )
# Read sensitivity matrix from sensMatFreq19Mod.( 587 sec )
# Read sensitivity matrix from sensMatFreq20Mod.( 587 sec )
# Read sensitivity matrix from sensMatFreq21Mod.( 587 sec )
# Read sensitivity matrix from sensMatFreq22Mod.( 587 sec )
# Read sensitivity matrix from sensMatFreq5Mod.( 587 sec )
# Read sensitivity matrix from sensMatFreq5Mod.( 587 sec )
# Read sensitivity matrix from sensMatFreq6Mod.( 587 sec )
# Read sensitivity matrix from sensMatFreq7Mod.( 587 sec )
# Read sensitivity matrix from sensMatFreq8Mod.( 587 sec )
# Read sensitivity matrix from sensMatFreq9Mod.( 587 sec )
# Read sensitivity matrix from sensMatFreq10Mod.( 587 sec )
# Read sensitivity matrix from sensMatFreq11Mod.( 588 sec )
# Read sensitivity matrix from sensMatFreq12Mod.( 588 sec )
# Read sensitivity matrix from sensMatFreq13Mod.( 588 sec )
# Read sensitivity matrix from sensMatFreq14Mod.( 588 sec )
# Read sensitivity matrix from sensMatFreq15Mod.( 588 sec )
# Read sensitivity matrix from sensMatFreq16Mod.( 588 sec )
# Read sensitivity matrix from sensMatFreq17Mod.( 588 sec )
# Read sensitivity matrix from sensMatFreq18Mod.( 588 sec )
# Read sensitivity matrix from sensMatFreq19Mod.( 588 sec )
# Read sensitivity matrix from sensMatFreq20Mod.( 588 sec )
# Read sensitivity matrix from sensMatFreq21Mod.( 589 sec )
# Read sensitivity matrix from sensMatFreq22Mod.( 589 sec )
# Read sensitivity matrix from sensMatFreq6Mod.( 589 sec )
# Read sensitivity matrix from sensMatFreq6Mod.( 589 sec )
# Read sensitivity matrix from sensMatFreq7Mod.( 589 sec )
# Read sensitivity matrix from sensMatFreq8Mod.( 589 sec )
# Read sensitivity matrix from sensMatFreq9Mod.( 589 sec )
# Read sensitivity matrix from sensMatFreq10Mod.( 589 sec )
# Read sensitivity matrix from sensMatFreq11Mod.( 589 sec )
# Read sensitivity matrix from sensMatFreq12Mod.( 589 sec )
# Read sensitivity matrix from sensMatFreq13Mod.( 589 sec )
# Read sensitivity matrix from sensMatFreq14Mod.( 590 sec )
# Read sensitivity matrix from sensMatFreq15Mod.( 590 sec )
# Read sensitivity matrix from sensMatFreq16Mod.( 590 sec )
# Read sensitivity matrix from sensMatFreq17Mod.( 590 sec )
# Read sensitivity matrix from sensMatFreq18Mod.( 590 sec )
# Read sensitivity matrix from sensMatFreq19Mod.( 590 sec )
# Read sensitivity matrix from sensMatFreq20Mod.( 590 sec )
# Read sensitivity matrix from sensMatFreq21Mod.( 591 sec )
# Read sensitivity matrix from sensMatFreq22Mod.( 591 sec )
# Read sensitivity matrix from sensMatFreq7Mod.( 591 sec )
# Read sensitivity matrix from sensMatFreq7Mod.( 591 sec )
# Read sensitivity matrix from sensMatFreq8Mod.( 591 sec )
# Read sensitivity matrix from sensMatFreq9Mod.( 591 sec )
# Read sensitivity matrix from sensMatFreq10Mod.( 591 sec )
# Read sensitivity matrix from sensMatFreq11Mod.( 591 sec )
# Read sensitivity matrix from sensMatFreq12Mod.( 591 sec )
# Read sensitivity matrix from sensMatFreq13Mod.( 592 sec )
# Read sensitivity matrix from sensMatFreq14Mod.( 592 sec )
# Read sensitivity matrix from sensMatFreq15Mod.( 592 sec )
# Read sensitivity matrix from sensMatFreq16Mod.( 592 sec )
# Read sensitivity matrix from sensMatFreq17Mod.( 592 sec )
# Read sensitivity matrix from sensMatFreq18Mod.( 592 sec )
# Read sensitivity matrix from sensMatFreq19Mod.( 592 sec )
# Read sensitivity matrix from sensMatFreq20Mod.( 593 sec )
# Read sensitivity matrix from sensMatFreq21Mod.( 593 sec )
# Read sensitivity matrix from sensMatFreq22Mod.( 593 sec )
# Read sensitivity matrix from sensMatFreq8Mod.( 593 sec )
# Read sensitivity matrix from sensMatFreq8Mod.( 593 sec )
# Read sensitivity matrix from sensMatFreq9Mod.( 593 sec )
# Read sensitivity matrix from sensMatFreq10Mod.( 593 sec )
# Read sensitivity matrix from sensMatFreq11Mod.( 593 sec )
# Read sensitivity matrix from sensMatFreq12Mod.( 594 sec )
# Read sensitivity matrix from sensMatFreq13Mod.( 594 sec )
# Read sensitivity matrix from sensMatFreq14Mod.( 594 sec )
# Read sensitivity matrix from sensMatFreq15Mod.( 594 sec )
# Read sensitivity matrix from sensMatFreq16Mod.( 594 sec )
# Read sensitivity matrix from sensMatFreq17Mod.( 594 sec )
# Read sensitivity matrix from sensMatFreq18Mod.( 595 sec )
# Read sensitivity matrix from sensMatFreq19Mod.( 595 sec )
# Read sensitivity matrix from sensMatFreq20Mod.( 595 sec )
# Read sensitivity matrix from sensMatFreq21Mod.( 595 sec )
# Read sensitivity matrix from sensMatFreq22Mod.( 595 sec )
# Read sensitivity matrix from sensMatFreq9Mod.( 595 sec )
# Read sensitivity matrix from sensMatFreq9Mod.( 595 sec )
# Read sensitivity matrix from sensMatFreq10Mod.( 596 sec )
# Read sensitivity matrix from sensMatFreq11Mod.( 596 sec )
# Read sensitivity matrix from sensMatFreq12Mod.( 596 sec )
# Read sensitivity matrix from sensMatFreq13Mod.( 596 sec )
# Read sensitivity matrix from sensMatFreq14Mod.( 596 sec )
# Read sensitivity matrix from sensMatFreq15Mod.( 596 sec )
# Read sensitivity matrix from sensMatFreq16Mod.( 596 sec )
# Read sensitivity matrix from sensMatFreq17Mod.( 597 sec )
# Read sensitivity matrix from sensMatFreq18Mod.( 597 sec )
# Read sensitivity matrix from sensMatFreq19Mod.( 597 sec )
# Read sensitivity matrix from sensMatFreq20Mod.( 597 sec )
# Read sensitivity matrix from sensMatFreq21Mod.( 597 sec )
# Read sensitivity matrix from sensMatFreq22Mod.( 598 sec )
# Read sensitivity matrix from sensMatFreq10Mod.( 598 sec )
# Read sensitivity matrix from sensMatFreq10Mod.( 598 sec )
# Read sensitivity matrix from sensMatFreq11Mod.( 598 sec )
# Read sensitivity matrix from sensMatFreq12Mod.( 598 sec )
# Read sensitivity matrix from sensMatFreq13Mod.( 598 sec )
# Read sensitivity matrix from sensMatFreq14Mod.( 598 sec )
# Read sensitivity matrix from sensMatFreq15Mod.( 599 sec )
# Read sensitivity matrix from sensMatFreq16Mod.( 599 sec )
# Read sensitivity matrix from sensMatFreq17Mod.( 599 sec )
# Read sensitivity matrix from sensMatFreq18Mod.( 599 sec )
# Read sensitivity matrix from sensMatFreq19Mod.( 599 sec )
# Read sensitivity matrix from sensMatFreq20Mod.( 599 sec )
# Read sensitivity matrix from sensMatFreq21Mod.( 600 sec )
# Read sensitivity matrix from sensMatFreq22Mod.( 600 sec )
# Read sensitivity matrix from sensMatFreq11Mod.( 600 sec )
# Read sensitivity matrix from sensMatFreq11Mod.( 600 sec )
# Read sensitivity matrix from sensMatFreq12Mod.( 600 sec )
# Read sensitivity matrix from sensMatFreq13Mod.( 600 sec )
# Read sensitivity matrix from sensMatFreq14Mod.( 601 sec )
# Read sensitivity matrix from sensMatFreq15Mod.( 601 sec )
# Read sensitivity matrix from sensMatFreq16Mod.( 601 sec )
# Read sensitivity matrix from sensMatFreq17Mod.( 601 sec )
# Read sensitivity matrix from sensMatFreq18Mod.( 601 sec )
# Read sensitivity matrix from sensMatFreq19Mod.( 601 sec )
# Read sensitivity matrix from sensMatFreq20Mod.( 602 sec )
# Read sensitivity matrix from sensMatFreq21Mod.( 602 sec )
# Read sensitivity matrix from sensMatFreq22Mod.( 602 sec )
# Read sensitivity matrix from sensMatFreq12Mod.( 602 sec )
# Read sensitivity matrix from sensMatFreq12Mod.( 602 sec )
# Read sensitivity matrix from sensMatFreq13Mod.( 602 sec )
# Read sensitivity matrix from sensMatFreq14Mod.( 603 sec )
# Read sensitivity matrix from sensMatFreq15Mod.( 603 sec )
# Read sensitivity matrix from sensMatFreq16Mod.( 603 sec )
# Read sensitivity matrix from sensMatFreq17Mod.( 603 sec )
# Read sensitivity matrix from sensMatFreq18Mod.( 603 sec )
# Read sensitivity matrix from sensMatFreq19Mod.( 604 sec )
# Read sensitivity matrix from sensMatFreq20Mod.( 604 sec )
# Read sensitivity matrix from sensMatFreq21Mod.( 604 sec )
# Read sensitivity matrix from sensMatFreq22Mod.( 604 sec )
# Read sensitivity matrix from sensMatFreq13Mod.( 604 sec )
# Read sensitivity matrix from sensMatFreq13Mod.( 604 sec )
# Read sensitivity matrix from sensMatFreq14Mod.( 605 sec )
# Read sensitivity matrix from sensMatFreq15Mod.( 605 sec )
# Read sensitivity matrix from sensMatFreq16Mod.( 605 sec )
# Read sensitivity matrix from sensMatFreq17Mod.( 605 sec )
# Read sensitivity matrix from sensMatFreq18Mod.( 605 sec )
# Read sensitivity matrix from sensMatFreq19Mod.( 605 sec )
# Read sensitivity matrix from sensMatFreq20Mod.( 606 sec )
# Read sensitivity matrix from sensMatFreq21Mod.( 606 sec )
# Read sensitivity matrix from sensMatFreq22Mod.( 606 sec )
# Read sensitivity matrix from sensMatFreq14Mod.( 606 sec )
# Read sensitivity matrix from sensMatFreq14Mod.( 606 sec )
# Read sensitivity matrix from sensMatFreq15Mod.( 606 sec )
# Read sensitivity matrix from sensMatFreq16Mod.( 607 sec )
# Read sensitivity matrix from sensMatFreq17Mod.( 607 sec )
# Read sensitivity matrix from sensMatFreq18Mod.( 607 sec )
# Read sensitivity matrix from sensMatFreq19Mod.( 607 sec )
# Read sensitivity matrix from sensMatFreq20Mod.( 607 sec )
# Read sensitivity matrix from sensMatFreq21Mod.( 608 sec )
# Read sensitivity matrix from sensMatFreq22Mod.( 608 sec )
# Read sensitivity matrix from sensMatFreq15Mod.( 608 sec )
# Read sensitivity matrix from sensMatFreq15Mod.( 608 sec )
# Read sensitivity matrix from sensMatFreq16Mod.( 608 sec )
# Read sensitivity matrix from sensMatFreq17Mod.( 608 sec )
# Read sensitivity matrix from sensMatFreq18Mod.( 609 sec )
# Read sensitivity matrix from sensMatFreq19Mod.( 609 sec )
# Read sensitivity matrix from sensMatFreq20Mod.( 609 sec )
# Read sensitivity matrix from sensMatFreq21Mod.( 609 sec )
# Read sensitivity matrix from sensMatFreq22Mod.( 609 sec )
# Read sensitivity matrix from sensMatFreq16Mod.( 610 sec )
# Read sensitivity matrix from sensMatFreq16Mod.( 610 sec )
# Read sensitivity matrix from sensMatFreq17Mod.( 610 sec )
# Read sensitivity matrix from sensMatFreq18Mod.( 610 sec )
# Read sensitivity matrix from sensMatFreq19Mod.( 610 sec )
# Read sensitivity matrix from sensMatFreq20Mod.( 610 sec )
# Read sensitivity matrix from sensMatFreq21Mod.( 610 sec )
# Read sensitivity matrix from sensMatFreq22Mod.( 611 sec )
# Read sensitivity matrix from sensMatFreq17Mod.( 611 sec )
# Read sensitivity matrix from sensMatFreq17Mod.( 611 sec )
# Read sensitivity matrix from sensMatFreq18Mod.( 611 sec )
# Read sensitivity matrix from sensMatFreq19Mod.( 611 sec )
# Read sensitivity matrix from sensMatFreq20Mod.( 611 sec )
# Read sensitivity matrix from sensMatFreq21Mod.( 612 sec )
# Read sensitivity matrix from sensMatFreq22Mod.( 612 sec )
# Read sensitivity matrix from sensMatFreq18Mod.( 612 sec )
# Read sensitivity matrix from sensMatFreq18Mod.( 612 sec )
# Read sensitivity matrix from sensMatFreq19Mod.( 612 sec )
# Read sensitivity matrix from sensMatFreq20Mod.( 612 sec )
# Read sensitivity matrix from sensMatFreq21Mod.( 613 sec )
# Read sensitivity matrix from sensMatFreq22Mod.( 613 sec )
# Read sensitivity matrix from sensMatFreq19Mod.( 613 sec )
# Read sensitivity matrix from sensMatFreq19Mod.( 613 sec )
# Read sensitivity matrix from sensMatFreq20Mod.( 613 sec )
# Read sensitivity matrix from sensMatFreq21Mod.( 613 sec )
# Read sensitivity matrix from sensMatFreq22Mod.( 614 sec )
# Read sensitivity matrix from sensMatFreq20Mod.( 614 sec )
# Read sensitivity matrix from sensMatFreq20Mod.( 614 sec )
# Read sensitivity matrix from sensMatFreq21Mod.( 614 sec )
# Read sensitivity matrix from sensMatFreq22Mod.( 614 sec )
# Read sensitivity matrix from sensMatFreq21Mod.( 614 sec )
# Read sensitivity matrix from sensMatFreq21Mod.( 615 sec )
# Read sensitivity matrix from sensMatFreq22Mod.( 615 sec )
# Read sensitivity matrix from sensMatFreq22Mod.( 615 sec )
# Read sensitivity matrix from sensMatFreq22Mod.( 615 sec )
# Total number of elements in coefficient matrix : 35418736
# Start numerical factorization for normal equation. ( 615 sec )
# Start solve phase for normal equation. ( 618 sec )
# Read sensitivity matrix from sensMatFreq0.( 618 sec )
# Read sensitivity matrix from sensMatFreq1.( 618 sec )
# Read sensitivity matrix from sensMatFreq2.( 618 sec )
# Read sensitivity matrix from sensMatFreq3.( 618 sec )
# Read sensitivity matrix from sensMatFreq4.( 618 sec )
# Calculate model increments. ( 618 sec )
###############################################################################
# Start Forward Computation.  Iteration : 1,  Retrial : 0
###############################################################################
#================================================================================================
# Start forward calculation. Frequency : 0.03981 [Hz], Polarization : Ex-polarization
#================================================================================================
# Start 3D forward calculation with 0th order 3D edge-based element.( 619 sec )
# Number of equation = 475883, Number of equation after degeneration = 473549
# Calculating EM field of the boundary planes with 2D forward analysis.        
#-----------------------------[ Boundary Plane 2 ]-----------------------------
# Calculate electric field on a boundary plane with 0th order edge-based element.
# Number of equation = 514, Number of equation after degeneration = 470
# Set values of matrix and right hand side vector. ( 619 sec )
# Numerical factorization phase of matrix solver for boundary plane. Polarization : 0 Plane : 2. ( 619 sec )
# Solve phase of matrix solver for boundary plane. Polarization : 0 Plane : 2. ( 619 sec )
#-----------------------------[ Boundary Plane 3 ]-----------------------------
# Calculate electric field on a boundary plane with 0th order edge-based element.
# Number of equation = 514, Number of equation after degeneration = 470
# Set values of matrix and right hand side vector. ( 619 sec )
# Numerical factorization phase of matrix solver for boundary plane. Polarization : 0 Plane : 3. ( 619 sec )
# Solve phase of matrix solver for boundary plane. Polarization : 0 Plane : 3. ( 619 sec )
#------------------------------------------------------------------------------
# Set matrix structure. ( 619 sec )
# Anaysis phase of matrix solver for 3D forward calculation. Polarization : 0. ( 623 sec )
#++++++++++++++++++++++++++++++++++++++++++++++++++++++++++++++++++++++++++++++++++++++++++++++++
# Total peak memory required during the analysis and symbolic factorization phase    : 577536 [KByte]
# Permanent memory required from the analysis phase to the solve phases              : 482288 [KByte]
# Total memory consumed by in-core forward solver for internal float point arrays    : 4.12597e+06 [KByte]
# Minimum memory consumed by out-core forward solver for internal float point arrays : 68579 [KByte]
#++++++++++++++++++++++++++++++++++++++++++++++++++++++++++++++++++++++++++++++++++++++++++++++++
# Set values of matrix and right hand side vector. ( 626 sec )
# Numerical factorization phase of matrix solver for 3D forward calculation. Polarization : 0.( 628 sec )
# Solve phase of matrix solver for 3D forward calculation. Polarization : 0.( 649 sec )
# Calulate right-hand sides vectors consisting of interpolator vectors.( 649 sec )
# Solve phase of matrix solver for right-hand sides consisting of interpolator vectors.( 649 sec )
# Solve phase is performed simultaneously for 68 right-hand sides( 649 sec )
# Calculate derivatives of EM field.( 652 sec )
#================================================================================================
# Start forward calculation. Frequency : 0.03981 [Hz], Polarization : Ey-polarization
#================================================================================================
# Start 3D forward calculation with 0th order 3D edge-based element.( 665 sec )
# Number of equation = 475883, Number of equation after degeneration = 473549
# Calculating EM field of the boundary planes with 2D forward analysis.        
#-----------------------------[ Boundary Plane 0 ]-----------------------------
# Calculate electric field on a boundary plane with 0th order edge-based element.
# Number of equation = 520, Number of equation after degeneration = 476
# Set values of matrix and right hand side vector. ( 665 sec )
# Numerical factorization phase of matrix solver for boundary plane. Polarization : 1 Plane : 0. ( 665 sec )
# Solve phase of matrix solver for boundary plane. Polarization : 1 Plane : 0. ( 665 sec )
#-----------------------------[ Boundary Plane 1 ]-----------------------------
# Calculate electric field on a boundary plane with 0th order edge-based element.
# Number of equation = 520, Number of equation after degeneration = 476
# Set values of matrix and right hand side vector. ( 665 sec )
# Numerical factorization phase of matrix solver for boundary plane. Polarization : 1 Plane : 1. ( 665 sec )
# Solve phase of matrix solver for boundary plane. Polarization : 1 Plane : 1. ( 665 sec )
#------------------------------------------------------------------------------
# Set values of matrix and right hand side vector. ( 665 sec )
# Numerical factorization phase of matrix solver for 3D forward calculation. Polarization : 1.( 667 sec )
# Solve phase of matrix solver for 3D forward calculation. Polarization : 1.( 687 sec )
# Calulate right-hand sides vectors consisting of interpolator vectors.( 688 sec )
# Solve phase of matrix solver for right-hand sides consisting of interpolator vectors.( 688 sec )
# Solve phase is performed simultaneously for 68 right-hand sides( 688 sec )
# Calculate derivatives of EM field.( 691 sec )
#==============================================================================
# Calculate response functions. ( 703 sec )
# Calculate sensitivity matrix of frequency 0.03981[Hz].( 703 sec )
# Sensitivity matrix of frequency 0.03981[Hz] is saved in the out-of-core file sensMatFreq0.
#==============================================================================
#================================================================================================
# Start forward calculation. Frequency : 0.06309 [Hz], Polarization : Ex-polarization
#================================================================================================
# Start 3D forward calculation with 0th order 3D edge-based element.( 703 sec )
# Number of equation = 475883, Number of equation after degeneration = 473549
# Calculating EM field of the boundary planes with 2D forward analysis.        
#-----------------------------[ Boundary Plane 2 ]-----------------------------
# Calculate electric field on a boundary plane with 0th order edge-based element.
# Number of equation = 514, Number of equation after degeneration = 470
# Set values of matrix and right hand side vector. ( 703 sec )
# Numerical factorization phase of matrix solver for boundary plane. Polarization : 0 Plane : 2. ( 703 sec )
# Solve phase of matrix solver for boundary plane. Polarization : 0 Plane : 2. ( 703 sec )
#-----------------------------[ Boundary Plane 3 ]-----------------------------
# Calculate electric field on a boundary plane with 0th order edge-based element.
# Number of equation = 514, Number of equation after degeneration = 470
# Set values of matrix and right hand side vector. ( 703 sec )
# Numerical factorization phase of matrix solver for boundary plane. Polarization : 0 Plane : 3. ( 703 sec )
# Solve phase of matrix solver for boundary plane. Polarization : 0 Plane : 3. ( 703 sec )
#------------------------------------------------------------------------------
# Set values of matrix and right hand side vector. ( 703 sec )
# Numerical factorization phase of matrix solver for 3D forward calculation. Polarization : 0.( 705 sec )
# Solve phase of matrix solver for 3D forward calculation. Polarization : 0.( 726 sec )
# Calulate right-hand sides vectors consisting of interpolator vectors.( 726 sec )
# Solve phase of matrix solver for right-hand sides consisting of interpolator vectors.( 727 sec )
# Solve phase is performed simultaneously for 89 right-hand sides( 727 sec )
# Calculate derivatives of EM field.( 730 sec )
#================================================================================================
# Start forward calculation. Frequency : 0.06309 [Hz], Polarization : Ey-polarization
#================================================================================================
# Start 3D forward calculation with 0th order 3D edge-based element.( 741 sec )
# Number of equation = 475883, Number of equation after degeneration = 473549
# Calculating EM field of the boundary planes with 2D forward analysis.        
#-----------------------------[ Boundary Plane 0 ]-----------------------------
# Calculate electric field on a boundary plane with 0th order edge-based element.
# Number of equation = 520, Number of equation after degeneration = 476
# Set values of matrix and right hand side vector. ( 741 sec )
# Numerical factorization phase of matrix solver for boundary plane. Polarization : 1 Plane : 0. ( 741 sec )
# Solve phase of matrix solver for boundary plane. Polarization : 1 Plane : 0. ( 741 sec )
#-----------------------------[ Boundary Plane 1 ]-----------------------------
# Calculate electric field on a boundary plane with 0th order edge-based element.
# Number of equation = 520, Number of equation after degeneration = 476
# Set values of matrix and right hand side vector. ( 741 sec )
# Numerical factorization phase of matrix solver for boundary plane. Polarization : 1 Plane : 1. ( 741 sec )
# Solve phase of matrix solver for boundary plane. Polarization : 1 Plane : 1. ( 741 sec )
#------------------------------------------------------------------------------
# Set values of matrix and right hand side vector. ( 741 sec )
# Numerical factorization phase of matrix solver for 3D forward calculation. Polarization : 1.( 743 sec )
# Solve phase of matrix solver for 3D forward calculation. Polarization : 1.( 764 sec )
# Calulate right-hand sides vectors consisting of interpolator vectors.( 764 sec )
# Solve phase of matrix solver for right-hand sides consisting of interpolator vectors.( 764 sec )
# Solve phase is performed simultaneously for 89 right-hand sides( 764 sec )
# Calculate derivatives of EM field.( 767 sec )
#==============================================================================
# Calculate response functions. ( 777 sec )
# Calculate sensitivity matrix of frequency 0.06309[Hz].( 777 sec )
# Sensitivity matrix of frequency 0.06309[Hz] is saved in the out-of-core file sensMatFreq1.
#==============================================================================
#================================================================================================
# Start forward calculation. Frequency : 0.1 [Hz], Polarization : Ex-polarization
#================================================================================================
# Start 3D forward calculation with 0th order 3D edge-based element.( 777 sec )
# Number of equation = 475883, Number of equation after degeneration = 473549
# Calculating EM field of the boundary planes with 2D forward analysis.        
#-----------------------------[ Boundary Plane 2 ]-----------------------------
# Calculate electric field on a boundary plane with 0th order edge-based element.
# Number of equation = 514, Number of equation after degeneration = 470
# Set values of matrix and right hand side vector. ( 777 sec )
# Numerical factorization phase of matrix solver for boundary plane. Polarization : 0 Plane : 2. ( 777 sec )
# Solve phase of matrix solver for boundary plane. Polarization : 0 Plane : 2. ( 777 sec )
#-----------------------------[ Boundary Plane 3 ]-----------------------------
# Calculate electric field on a boundary plane with 0th order edge-based element.
# Number of equation = 514, Number of equation after degeneration = 470
# Set values of matrix and right hand side vector. ( 777 sec )
# Numerical factorization phase of matrix solver for boundary plane. Polarization : 0 Plane : 3. ( 777 sec )
# Solve phase of matrix solver for boundary plane. Polarization : 0 Plane : 3. ( 777 sec )
#------------------------------------------------------------------------------
# Set values of matrix and right hand side vector. ( 777 sec )
# Numerical factorization phase of matrix solver for 3D forward calculation. Polarization : 0.( 780 sec )
# Solve phase of matrix solver for 3D forward calculation. Polarization : 0.( 800 sec )
# Calulate right-hand sides vectors consisting of interpolator vectors.( 801 sec )
# Solve phase of matrix solver for right-hand sides consisting of interpolator vectors.( 801 sec )
# Solve phase is performed simultaneously for 50 right-hand sides( 801 sec )
# Calculate derivatives of EM field.( 803 sec )
#================================================================================================
# Start forward calculation. Frequency : 0.1 [Hz], Polarization : Ey-polarization
#================================================================================================
# Start 3D forward calculation with 0th order 3D edge-based element.( 809 sec )
# Number of equation = 475883, Number of equation after degeneration = 473549
# Calculating EM field of the boundary planes with 2D forward analysis.        
#-----------------------------[ Boundary Plane 0 ]-----------------------------
# Calculate electric field on a boundary plane with 0th order edge-based element.
# Number of equation = 520, Number of equation after degeneration = 476
# Set values of matrix and right hand side vector. ( 809 sec )
# Numerical factorization phase of matrix solver for boundary plane. Polarization : 1 Plane : 0. ( 809 sec )
# Solve phase of matrix solver for boundary plane. Polarization : 1 Plane : 0. ( 809 sec )
#-----------------------------[ Boundary Plane 1 ]-----------------------------
# Calculate electric field on a boundary plane with 0th order edge-based element.
# Number of equation = 520, Number of equation after degeneration = 476
# Set values of matrix and right hand side vector. ( 809 sec )
# Numerical factorization phase of matrix solver for boundary plane. Polarization : 1 Plane : 1. ( 809 sec )
# Solve phase of matrix solver for boundary plane. Polarization : 1 Plane : 1. ( 809 sec )
#------------------------------------------------------------------------------
# Set values of matrix and right hand side vector. ( 809 sec )
# Numerical factorization phase of matrix solver for 3D forward calculation. Polarization : 1.( 811 sec )
# Solve phase of matrix solver for 3D forward calculation. Polarization : 1.( 832 sec )
# Calulate right-hand sides vectors consisting of interpolator vectors.( 832 sec )
# Solve phase of matrix solver for right-hand sides consisting of interpolator vectors.( 832 sec )
# Solve phase is performed simultaneously for 50 right-hand sides( 832 sec )
# Calculate derivatives of EM field.( 834 sec )
#==============================================================================
# Calculate response functions. ( 840 sec )
# Calculate sensitivity matrix of frequency 0.1[Hz].( 840 sec )
# Sensitivity matrix of frequency 0.1[Hz] is saved in the out-of-core file sensMatFreq2.
#==============================================================================
#================================================================================================
# Start forward calculation. Frequency : 0.15848 [Hz], Polarization : Ex-polarization
#================================================================================================
# Start 3D forward calculation with 0th order 3D edge-based element.( 840 sec )
# Number of equation = 475883, Number of equation after degeneration = 473549
# Calculating EM field of the boundary planes with 2D forward analysis.        
#-----------------------------[ Boundary Plane 2 ]-----------------------------
# Calculate electric field on a boundary plane with 0th order edge-based element.
# Number of equation = 514, Number of equation after degeneration = 470
# Set values of matrix and right hand side vector. ( 840 sec )
# Numerical factorization phase of matrix solver for boundary plane. Polarization : 0 Plane : 2. ( 840 sec )
# Solve phase of matrix solver for boundary plane. Polarization : 0 Plane : 2. ( 840 sec )
#-----------------------------[ Boundary Plane 3 ]-----------------------------
# Calculate electric field on a boundary plane with 0th order edge-based element.
# Number of equation = 514, Number of equation after degeneration = 470
# Set values of matrix and right hand side vector. ( 840 sec )
# Numerical factorization phase of matrix solver for boundary plane. Polarization : 0 Plane : 3. ( 840 sec )
# Solve phase of matrix solver for boundary plane. Polarization : 0 Plane : 3. ( 840 sec )
#------------------------------------------------------------------------------
# Set values of matrix and right hand side vector. ( 840 sec )
# Numerical factorization phase of matrix solver for 3D forward calculation. Polarization : 0.( 842 sec )
# Solve phase of matrix solver for 3D forward calculation. Polarization : 0.( 863 sec )
# Calulate right-hand sides vectors consisting of interpolator vectors.( 863 sec )
# Solve phase of matrix solver for right-hand sides consisting of interpolator vectors.( 863 sec )
# Solve phase is performed simultaneously for 52 right-hand sides( 863 sec )
# Calculate derivatives of EM field.( 865 sec )
#================================================================================================
# Start forward calculation. Frequency : 0.15848 [Hz], Polarization : Ey-polarization
#================================================================================================
# Start 3D forward calculation with 0th order 3D edge-based element.( 871 sec )
# Number of equation = 475883, Number of equation after degeneration = 473549
# Calculating EM field of the boundary planes with 2D forward analysis.        
#-----------------------------[ Boundary Plane 0 ]-----------------------------
# Calculate electric field on a boundary plane with 0th order edge-based element.
# Number of equation = 520, Number of equation after degeneration = 476
# Set values of matrix and right hand side vector. ( 871 sec )
# Numerical factorization phase of matrix solver for boundary plane. Polarization : 1 Plane : 0. ( 871 sec )
# Solve phase of matrix solver for boundary plane. Polarization : 1 Plane : 0. ( 871 sec )
#-----------------------------[ Boundary Plane 1 ]-----------------------------
# Calculate electric field on a boundary plane with 0th order edge-based element.
# Number of equation = 520, Number of equation after degeneration = 476
# Set values of matrix and right hand side vector. ( 871 sec )
# Numerical factorization phase of matrix solver for boundary plane. Polarization : 1 Plane : 1. ( 871 sec )
# Solve phase of matrix solver for boundary plane. Polarization : 1 Plane : 1. ( 871 sec )
#------------------------------------------------------------------------------
# Set values of matrix and right hand side vector. ( 871 sec )
# Numerical factorization phase of matrix solver for 3D forward calculation. Polarization : 1.( 873 sec )
# Solve phase of matrix solver for 3D forward calculation. Polarization : 1.( 893 sec )
# Calulate right-hand sides vectors consisting of interpolator vectors.( 894 sec )
# Solve phase of matrix solver for right-hand sides consisting of interpolator vectors.( 894 sec )
# Solve phase is performed simultaneously for 52 right-hand sides( 894 sec )
# Calculate derivatives of EM field.( 896 sec )
#==============================================================================
# Calculate response functions. ( 903 sec )
# Calculate sensitivity matrix of frequency 0.15848[Hz].( 903 sec )
# Sensitivity matrix of frequency 0.15848[Hz] is saved in the out-of-core file sensMatFreq3.
#==============================================================================
#================================================================================================
# Start forward calculation. Frequency : 0.25118 [Hz], Polarization : Ex-polarization
#================================================================================================
# Start 3D forward calculation with 0th order 3D edge-based element.( 903 sec )
# Number of equation = 475883, Number of equation after degeneration = 473549
# Calculating EM field of the boundary planes with 2D forward analysis.        
#-----------------------------[ Boundary Plane 2 ]-----------------------------
# Calculate electric field on a boundary plane with 0th order edge-based element.
# Number of equation = 514, Number of equation after degeneration = 470
# Set values of matrix and right hand side vector. ( 903 sec )
# Numerical factorization phase of matrix solver for boundary plane. Polarization : 0 Plane : 2. ( 903 sec )
# Solve phase of matrix solver for boundary plane. Polarization : 0 Plane : 2. ( 903 sec )
#-----------------------------[ Boundary Plane 3 ]-----------------------------
# Calculate electric field on a boundary plane with 0th order edge-based element.
# Number of equation = 514, Number of equation after degeneration = 470
# Set values of matrix and right hand side vector. ( 903 sec )
# Numerical factorization phase of matrix solver for boundary plane. Polarization : 0 Plane : 3. ( 903 sec )
# Solve phase of matrix solver for boundary plane. Polarization : 0 Plane : 3. ( 903 sec )
#------------------------------------------------------------------------------
# Set values of matrix and right hand side vector. ( 903 sec )
# Numerical factorization phase of matrix solver for 3D forward calculation. Polarization : 0.( 905 sec )
# Solve phase of matrix solver for 3D forward calculation. Polarization : 0.( 926 sec )
# Calulate right-hand sides vectors consisting of interpolator vectors.( 926 sec )
# Solve phase of matrix solver for right-hand sides consisting of interpolator vectors.( 926 sec )
# Solve phase is performed simultaneously for 53 right-hand sides( 926 sec )
# Calculate derivatives of EM field.( 928 sec )
#================================================================================================
# Start forward calculation. Frequency : 0.25118 [Hz], Polarization : Ey-polarization
#================================================================================================
# Start 3D forward calculation with 0th order 3D edge-based element.( 935 sec )
# Number of equation = 475883, Number of equation after degeneration = 473549
# Calculating EM field of the boundary planes with 2D forward analysis.        
#-----------------------------[ Boundary Plane 0 ]-----------------------------
# Calculate electric field on a boundary plane with 0th order edge-based element.
# Number of equation = 520, Number of equation after degeneration = 476
# Set values of matrix and right hand side vector. ( 935 sec )
# Numerical factorization phase of matrix solver for boundary plane. Polarization : 1 Plane : 0. ( 935 sec )
# Solve phase of matrix solver for boundary plane. Polarization : 1 Plane : 0. ( 935 sec )
#-----------------------------[ Boundary Plane 1 ]-----------------------------
# Calculate electric field on a boundary plane with 0th order edge-based element.
# Number of equation = 520, Number of equation after degeneration = 476
# Set values of matrix and right hand side vector. ( 935 sec )
# Numerical factorization phase of matrix solver for boundary plane. Polarization : 1 Plane : 1. ( 935 sec )
# Solve phase of matrix solver for boundary plane. Polarization : 1 Plane : 1. ( 935 sec )
#------------------------------------------------------------------------------
# Set values of matrix and right hand side vector. ( 935 sec )
# Numerical factorization phase of matrix solver for 3D forward calculation. Polarization : 1.( 937 sec )
# Solve phase of matrix solver for 3D forward calculation. Polarization : 1.( 957 sec )
# Calulate right-hand sides vectors consisting of interpolator vectors.( 958 sec )
# Solve phase of matrix solver for right-hand sides consisting of interpolator vectors.( 958 sec )
# Solve phase is performed simultaneously for 53 right-hand sides( 958 sec )
# Calculate derivatives of EM field.( 960 sec )
#==============================================================================
# Calculate response functions. ( 971 sec )
# Calculate sensitivity matrix of frequency 0.25118[Hz].( 971 sec )
# Sensitivity matrix of frequency 0.25118[Hz] is saved in the out-of-core file sensMatFreq4.
#==============================================================================
# Release memory of coefficient matrix and sparse solver. ( 971 sec )
###############################################################################
# Start Inversion.  Iteration : 1
###############################################################################
# Number of model : 54779
# Number of frequencies of this PE : 5
# Calculate constraining matrix. ( 1173 sec )
# Analyse constraining matrix.( 1173 sec )
# Analyse transposed constraining matrix.( 1173 sec )
# Factorize constraining matrix.( 1174 sec )
# Factorize transposed constraining matrix.( 1174 sec )
# Number of data of this PE : 544
# Read sensitivity matrix from sensMatFreq0.( 1174 sec )
# Multiply transposed sensitivity matrix by inverse of transposed constraining matrix. ( 1174 sec )
# Solve phase is performed simultaneously for 120 right-hand sides( 1174 sec )
# Read sensitivity matrix from sensMatFreq1.( 1175 sec )
# Multiply transposed sensitivity matrix by inverse of transposed constraining matrix. ( 1175 sec )
# Solve phase is performed simultaneously for 156 right-hand sides( 1175 sec )
# Read sensitivity matrix from sensMatFreq2.( 1175 sec )
# Multiply transposed sensitivity matrix by inverse of transposed constraining matrix. ( 1176 sec )
# Solve phase is performed simultaneously for 88 right-hand sides( 1176 sec )
# Read sensitivity matrix from sensMatFreq3.( 1176 sec )
# Multiply transposed sensitivity matrix by inverse of transposed constraining matrix. ( 1177 sec )
# Solve phase is performed simultaneously for 88 right-hand sides( 1177 sec )
# Read sensitivity matrix from sensMatFreq4.( 1177 sec )
# Multiply transposed sensitivity matrix by inverse of transposed constraining matrix. ( 1178 sec )
# Solve phase is performed simultaneously for 92 right-hand sides( 1178 sec )
# Solve phase.( 1190 sec )
# Calculate right-hand side vector. ( 1190 sec )
# Read sensitivity matrix from sensMatFreq0.( 1190 sec )
# Read sensitivity matrix from sensMatFreq1.( 1190 sec )
# Read sensitivity matrix from sensMatFreq2.( 1190 sec )
# Read sensitivity matrix from sensMatFreq3.( 1190 sec )
# Read sensitivity matrix from sensMatFreq4.( 1190 sec )
# Number of total data  : 8416
# Calculate coefficient matrix. ( 1190 sec )
# Read sensitivity matrix from sensMatFreq0Mod.( 1190 sec )
# Read sensitivity matrix from sensMatFreq0Mod.( 1190 sec )
# Read sensitivity matrix from sensMatFreq1Mod.( 1190 sec )
# Read sensitivity matrix from sensMatFreq2Mod.( 1191 sec )
# Read sensitivity matrix from sensMatFreq3Mod.( 1191 sec )
# Read sensitivity matrix from sensMatFreq4Mod.( 1191 sec )
# Read sensitivity matrix from sensMatFreq5Mod.( 1191 sec )
# Read sensitivity matrix from sensMatFreq6Mod.( 1191 sec )
# Read sensitivity matrix from sensMatFreq7Mod.( 1192 sec )
# Read sensitivity matrix from sensMatFreq8Mod.( 1192 sec )
# Read sensitivity matrix from sensMatFreq9Mod.( 1192 sec )
# Read sensitivity matrix from sensMatFreq10Mod.( 1192 sec )
# Read sensitivity matrix from sensMatFreq11Mod.( 1193 sec )
# Read sensitivity matrix from sensMatFreq12Mod.( 1194 sec )
# Read sensitivity matrix from sensMatFreq13Mod.( 1194 sec )
# Read sensitivity matrix from sensMatFreq14Mod.( 1195 sec )
# Read sensitivity matrix from sensMatFreq15Mod.( 1196 sec )
# Read sensitivity matrix from sensMatFreq16Mod.( 1196 sec )
# Read sensitivity matrix from sensMatFreq17Mod.( 1197 sec )
# Read sensitivity matrix from sensMatFreq18Mod.( 1198 sec )
# Read sensitivity matrix from sensMatFreq19Mod.( 1198 sec )
# Read sensitivity matrix from sensMatFreq20Mod.( 1199 sec )
# Read sensitivity matrix from sensMatFreq21Mod.( 1200 sec )
# Read sensitivity matrix from sensMatFreq22Mod.( 1201 sec )
# Read sensitivity matrix from sensMatFreq1Mod.( 1201 sec )
# Read sensitivity matrix from sensMatFreq1Mod.( 1201 sec )
# Read sensitivity matrix from sensMatFreq2Mod.( 1201 sec )
# Read sensitivity matrix from sensMatFreq3Mod.( 1201 sec )
# Read sensitivity matrix from sensMatFreq4Mod.( 1201 sec )
# Read sensitivity matrix from sensMatFreq5Mod.( 1201 sec )
# Read sensitivity matrix from sensMatFreq6Mod.( 1201 sec )
# Read sensitivity matrix from sensMatFreq7Mod.( 1202 sec )
# Read sensitivity matrix from sensMatFreq8Mod.( 1202 sec )
# Read sensitivity matrix from sensMatFreq9Mod.( 1202 sec )
# Read sensitivity matrix from sensMatFreq10Mod.( 1202 sec )
# Read sensitivity matrix from sensMatFreq11Mod.( 1202 sec )
# Read sensitivity matrix from sensMatFreq12Mod.( 1202 sec )
# Read sensitivity matrix from sensMatFreq13Mod.( 1202 sec )
# Read sensitivity matrix from sensMatFreq14Mod.( 1202 sec )
# Read sensitivity matrix from sensMatFreq15Mod.( 1202 sec )
# Read sensitivity matrix from sensMatFreq16Mod.( 1202 sec )
# Read sensitivity matrix from sensMatFreq17Mod.( 1202 sec )
# Read sensitivity matrix from sensMatFreq18Mod.( 1203 sec )
# Read sensitivity matrix from sensMatFreq19Mod.( 1203 sec )
# Read sensitivity matrix from sensMatFreq20Mod.( 1203 sec )
# Read sensitivity matrix from sensMatFreq21Mod.( 1203 sec )
# Read sensitivity matrix from sensMatFreq22Mod.( 1203 sec )
# Read sensitivity matrix from sensMatFreq2Mod.( 1203 sec )
# Read sensitivity matrix from sensMatFreq2Mod.( 1203 sec )
# Read sensitivity matrix from sensMatFreq3Mod.( 1203 sec )
# Read sensitivity matrix from sensMatFreq4Mod.( 1203 sec )
# Read sensitivity matrix from sensMatFreq5Mod.( 1203 sec )
# Read sensitivity matrix from sensMatFreq6Mod.( 1203 sec )
# Read sensitivity matrix from sensMatFreq7Mod.( 1203 sec )
# Read sensitivity matrix from sensMatFreq8Mod.( 1203 sec )
# Read sensitivity matrix from sensMatFreq9Mod.( 1203 sec )
# Read sensitivity matrix from sensMatFreq10Mod.( 1203 sec )
# Read sensitivity matrix from sensMatFreq11Mod.( 1203 sec )
# Read sensitivity matrix from sensMatFreq12Mod.( 1204 sec )
# Read sensitivity matrix from sensMatFreq13Mod.( 1204 sec )
# Read sensitivity matrix from sensMatFreq14Mod.( 1204 sec )
# Read sensitivity matrix from sensMatFreq15Mod.( 1204 sec )
# Read sensitivity matrix from sensMatFreq16Mod.( 1204 sec )
# Read sensitivity matrix from sensMatFreq17Mod.( 1204 sec )
# Read sensitivity matrix from sensMatFreq18Mod.( 1204 sec )
# Read sensitivity matrix from sensMatFreq19Mod.( 1204 sec )
# Read sensitivity matrix from sensMatFreq20Mod.( 1204 sec )
# Read sensitivity matrix from sensMatFreq21Mod.( 1204 sec )
# Read sensitivity matrix from sensMatFreq22Mod.( 1204 sec )
# Read sensitivity matrix from sensMatFreq3Mod.( 1204 sec )
# Read sensitivity matrix from sensMatFreq3Mod.( 1204 sec )
# Read sensitivity matrix from sensMatFreq4Mod.( 1205 sec )
# Read sensitivity matrix from sensMatFreq5Mod.( 1205 sec )
# Read sensitivity matrix from sensMatFreq6Mod.( 1205 sec )
# Read sensitivity matrix from sensMatFreq7Mod.( 1205 sec )
# Read sensitivity matrix from sensMatFreq8Mod.( 1205 sec )
# Read sensitivity matrix from sensMatFreq9Mod.( 1205 sec )
# Read sensitivity matrix from sensMatFreq10Mod.( 1205 sec )
# Read sensitivity matrix from sensMatFreq11Mod.( 1205 sec )
# Read sensitivity matrix from sensMatFreq12Mod.( 1205 sec )
# Read sensitivity matrix from sensMatFreq13Mod.( 1205 sec )
# Read sensitivity matrix from sensMatFreq14Mod.( 1205 sec )
# Read sensitivity matrix from sensMatFreq15Mod.( 1205 sec )
# Read sensitivity matrix from sensMatFreq16Mod.( 1205 sec )
# Read sensitivity matrix from sensMatFreq17Mod.( 1205 sec )
# Read sensitivity matrix from sensMatFreq18Mod.( 1205 sec )
# Read sensitivity matrix from sensMatFreq19Mod.( 1206 sec )
# Read sensitivity matrix from sensMatFreq20Mod.( 1206 sec )
# Read sensitivity matrix from sensMatFreq21Mod.( 1206 sec )
# Read sensitivity matrix from sensMatFreq22Mod.( 1206 sec )
# Read sensitivity matrix from sensMatFreq4Mod.( 1206 sec )
# Read sensitivity matrix from sensMatFreq4Mod.( 1206 sec )
# Read sensitivity matrix from sensMatFreq5Mod.( 1206 sec )
# Read sensitivity matrix from sensMatFreq6Mod.( 1206 sec )
# Read sensitivity matrix from sensMatFreq7Mod.( 1206 sec )
# Read sensitivity matrix from sensMatFreq8Mod.( 1206 sec )
# Read sensitivity matrix from sensMatFreq9Mod.( 1206 sec )
# Read sensitivity matrix from sensMatFreq10Mod.( 1206 sec )
# Read sensitivity matrix from sensMatFreq11Mod.( 1206 sec )
# Read sensitivity matrix from sensMatFreq12Mod.( 1206 sec )
# Read sensitivity matrix from sensMatFreq13Mod.( 1206 sec )
# Read sensitivity matrix from sensMatFreq14Mod.( 1207 sec )
# Read sensitivity matrix from sensMatFreq15Mod.( 1207 sec )
# Read sensitivity matrix from sensMatFreq16Mod.( 1207 sec )
# Read sensitivity matrix from sensMatFreq17Mod.( 1207 sec )
# Read sensitivity matrix from sensMatFreq18Mod.( 1207 sec )
# Read sensitivity matrix from sensMatFreq19Mod.( 1207 sec )
# Read sensitivity matrix from sensMatFreq20Mod.( 1207 sec )
# Read sensitivity matrix from sensMatFreq21Mod.( 1207 sec )
# Read sensitivity matrix from sensMatFreq22Mod.( 1207 sec )
# Read sensitivity matrix from sensMatFreq5Mod.( 1207 sec )
# Read sensitivity matrix from sensMatFreq5Mod.( 1207 sec )
# Read sensitivity matrix from sensMatFreq6Mod.( 1207 sec )
# Read sensitivity matrix from sensMatFreq7Mod.( 1207 sec )
# Read sensitivity matrix from sensMatFreq8Mod.( 1207 sec )
# Read sensitivity matrix from sensMatFreq9Mod.( 1208 sec )
# Read sensitivity matrix from sensMatFreq10Mod.( 1208 sec )
# Read sensitivity matrix from sensMatFreq11Mod.( 1208 sec )
# Read sensitivity matrix from sensMatFreq12Mod.( 1208 sec )
# Read sensitivity matrix from sensMatFreq13Mod.( 1208 sec )
# Read sensitivity matrix from sensMatFreq14Mod.( 1208 sec )
# Read sensitivity matrix from sensMatFreq15Mod.( 1208 sec )
# Read sensitivity matrix from sensMatFreq16Mod.( 1208 sec )
# Read sensitivity matrix from sensMatFreq17Mod.( 1208 sec )
# Read sensitivity matrix from sensMatFreq18Mod.( 1208 sec )
# Read sensitivity matrix from sensMatFreq19Mod.( 1209 sec )
# Read sensitivity matrix from sensMatFreq20Mod.( 1209 sec )
# Read sensitivity matrix from sensMatFreq21Mod.( 1209 sec )
# Read sensitivity matrix from sensMatFreq22Mod.( 1209 sec )
# Read sensitivity matrix from sensMatFreq6Mod.( 1209 sec )
# Read sensitivity matrix from sensMatFreq6Mod.( 1209 sec )
# Read sensitivity matrix from sensMatFreq7Mod.( 1209 sec )
# Read sensitivity matrix from sensMatFreq8Mod.( 1209 sec )
# Read sensitivity matrix from sensMatFreq9Mod.( 1209 sec )
# Read sensitivity matrix from sensMatFreq10Mod.( 1209 sec )
# Read sensitivity matrix from sensMatFreq11Mod.( 1209 sec )
# Read sensitivity matrix from sensMatFreq12Mod.( 1210 sec )
# Read sensitivity matrix from sensMatFreq13Mod.( 1210 sec )
# Read sensitivity matrix from sensMatFreq14Mod.( 1210 sec )
# Read sensitivity matrix from sensMatFreq15Mod.( 1210 sec )
# Read sensitivity matrix from sensMatFreq16Mod.( 1210 sec )
# Read sensitivity matrix from sensMatFreq17Mod.( 1210 sec )
# Read sensitivity matrix from sensMatFreq18Mod.( 1210 sec )
# Read sensitivity matrix from sensMatFreq19Mod.( 1210 sec )
# Read sensitivity matrix from sensMatFreq20Mod.( 1211 sec )
# Read sensitivity matrix from sensMatFreq21Mod.( 1211 sec )
# Read sensitivity matrix from sensMatFreq22Mod.( 1211 sec )
# Read sensitivity matrix from sensMatFreq7Mod.( 1211 sec )
# Read sensitivity matrix from sensMatFreq7Mod.( 1211 sec )
# Read sensitivity matrix from sensMatFreq8Mod.( 1211 sec )
# Read sensitivity matrix from sensMatFreq9Mod.( 1211 sec )
# Read sensitivity matrix from sensMatFreq10Mod.( 1211 sec )
# Read sensitivity matrix from sensMatFreq11Mod.( 1212 sec )
# Read sensitivity matrix from sensMatFreq12Mod.( 1212 sec )
# Read sensitivity matrix from sensMatFreq13Mod.( 1212 sec )
# Read sensitivity matrix from sensMatFreq14Mod.( 1212 sec )
# Read sensitivity matrix from sensMatFreq15Mod.( 1212 sec )
# Read sensitivity matrix from sensMatFreq16Mod.( 1212 sec )
# Read sensitivity matrix from sensMatFreq17Mod.( 1212 sec )
# Read sensitivity matrix from sensMatFreq18Mod.( 1213 sec )
# Read sensitivity matrix from sensMatFreq19Mod.( 1213 sec )
# Read sensitivity matrix from sensMatFreq20Mod.( 1213 sec )
# Read sensitivity matrix from sensMatFreq21Mod.( 1213 sec )
# Read sensitivity matrix from sensMatFreq22Mod.( 1213 sec )
# Read sensitivity matrix from sensMatFreq8Mod.( 1213 sec )
# Read sensitivity matrix from sensMatFreq8Mod.( 1213 sec )
# Read sensitivity matrix from sensMatFreq9Mod.( 1213 sec )
# Read sensitivity matrix from sensMatFreq10Mod.( 1214 sec )
# Read sensitivity matrix from sensMatFreq11Mod.( 1214 sec )
# Read sensitivity matrix from sensMatFreq12Mod.( 1214 sec )
# Read sensitivity matrix from sensMatFreq13Mod.( 1214 sec )
# Read sensitivity matrix from sensMatFreq14Mod.( 1214 sec )
# Read sensitivity matrix from sensMatFreq15Mod.( 1214 sec )
# Read sensitivity matrix from sensMatFreq16Mod.( 1215 sec )
# Read sensitivity matrix from sensMatFreq17Mod.( 1215 sec )
# Read sensitivity matrix from sensMatFreq18Mod.( 1215 sec )
# Read sensitivity matrix from sensMatFreq19Mod.( 1215 sec )
# Read sensitivity matrix from sensMatFreq20Mod.( 1215 sec )
# Read sensitivity matrix from sensMatFreq21Mod.( 1215 sec )
# Read sensitivity matrix from sensMatFreq22Mod.( 1215 sec )
# Read sensitivity matrix from sensMatFreq9Mod.( 1216 sec )
# Read sensitivity matrix from sensMatFreq9Mod.( 1216 sec )
# Read sensitivity matrix from sensMatFreq10Mod.( 1216 sec )
# Read sensitivity matrix from sensMatFreq11Mod.( 1216 sec )
# Read sensitivity matrix from sensMatFreq12Mod.( 1216 sec )
# Read sensitivity matrix from sensMatFreq13Mod.( 1216 sec )
# Read sensitivity matrix from sensMatFreq14Mod.( 1216 sec )
# Read sensitivity matrix from sensMatFreq15Mod.( 1217 sec )
# Read sensitivity matrix from sensMatFreq16Mod.( 1217 sec )
# Read sensitivity matrix from sensMatFreq17Mod.( 1217 sec )
# Read sensitivity matrix from sensMatFreq18Mod.( 1217 sec )
# Read sensitivity matrix from sensMatFreq19Mod.( 1217 sec )
# Read sensitivity matrix from sensMatFreq20Mod.( 1218 sec )
# Read sensitivity matrix from sensMatFreq21Mod.( 1218 sec )
# Read sensitivity matrix from sensMatFreq22Mod.( 1218 sec )
# Read sensitivity matrix from sensMatFreq10Mod.( 1218 sec )
# Read sensitivity matrix from sensMatFreq10Mod.( 1218 sec )
# Read sensitivity matrix from sensMatFreq11Mod.( 1218 sec )
# Read sensitivity matrix from sensMatFreq12Mod.( 1218 sec )
# Read sensitivity matrix from sensMatFreq13Mod.( 1219 sec )
# Read sensitivity matrix from sensMatFreq14Mod.( 1219 sec )
# Read sensitivity matrix from sensMatFreq15Mod.( 1219 sec )
# Read sensitivity matrix from sensMatFreq16Mod.( 1219 sec )
# Read sensitivity matrix from sensMatFreq17Mod.( 1219 sec )
# Read sensitivity matrix from sensMatFreq18Mod.( 1220 sec )
# Read sensitivity matrix from sensMatFreq19Mod.( 1220 sec )
# Read sensitivity matrix from sensMatFreq20Mod.( 1220 sec )
# Read sensitivity matrix from sensMatFreq21Mod.( 1220 sec )
# Read sensitivity matrix from sensMatFreq22Mod.( 1220 sec )
# Read sensitivity matrix from sensMatFreq11Mod.( 1220 sec )
# Read sensitivity matrix from sensMatFreq11Mod.( 1220 sec )
# Read sensitivity matrix from sensMatFreq12Mod.( 1221 sec )
# Read sensitivity matrix from sensMatFreq13Mod.( 1221 sec )
# Read sensitivity matrix from sensMatFreq14Mod.( 1221 sec )
# Read sensitivity matrix from sensMatFreq15Mod.( 1221 sec )
# Read sensitivity matrix from sensMatFreq16Mod.( 1221 sec )
# Read sensitivity matrix from sensMatFreq17Mod.( 1222 sec )
# Read sensitivity matrix from sensMatFreq18Mod.( 1222 sec )
# Read sensitivity matrix from sensMatFreq19Mod.( 1222 sec )
# Read sensitivity matrix from sensMatFreq20Mod.( 1222 sec )
# Read sensitivity matrix from sensMatFreq21Mod.( 1222 sec )
# Read sensitivity matrix from sensMatFreq22Mod.( 1223 sec )
# Read sensitivity matrix from sensMatFreq12Mod.( 1223 sec )
# Read sensitivity matrix from sensMatFreq12Mod.( 1223 sec )
# Read sensitivity matrix from sensMatFreq13Mod.( 1223 sec )
# Read sensitivity matrix from sensMatFreq14Mod.( 1223 sec )
# Read sensitivity matrix from sensMatFreq15Mod.( 1223 sec )
# Read sensitivity matrix from sensMatFreq16Mod.( 1224 sec )
# Read sensitivity matrix from sensMatFreq17Mod.( 1224 sec )
# Read sensitivity matrix from sensMatFreq18Mod.( 1224 sec )
# Read sensitivity matrix from sensMatFreq19Mod.( 1224 sec )
# Read sensitivity matrix from sensMatFreq20Mod.( 1224 sec )
# Read sensitivity matrix from sensMatFreq21Mod.( 1224 sec )
# Read sensitivity matrix from sensMatFreq22Mod.( 1225 sec )
# Read sensitivity matrix from sensMatFreq13Mod.( 1225 sec )
# Read sensitivity matrix from sensMatFreq13Mod.( 1225 sec )
# Read sensitivity matrix from sensMatFreq14Mod.( 1225 sec )
# Read sensitivity matrix from sensMatFreq15Mod.( 1225 sec )
# Read sensitivity matrix from sensMatFreq16Mod.( 1225 sec )
# Read sensitivity matrix from sensMatFreq17Mod.( 1226 sec )
# Read sensitivity matrix from sensMatFreq18Mod.( 1226 sec )
# Read sensitivity matrix from sensMatFreq19Mod.( 1226 sec )
# Read sensitivity matrix from sensMatFreq20Mod.( 1226 sec )
# Read sensitivity matrix from sensMatFreq21Mod.( 1226 sec )
# Read sensitivity matrix from sensMatFreq22Mod.( 1227 sec )
# Read sensitivity matrix from sensMatFreq14Mod.( 1227 sec )
# Read sensitivity matrix from sensMatFreq14Mod.( 1227 sec )
# Read sensitivity matrix from sensMatFreq15Mod.( 1227 sec )
# Read sensitivity matrix from sensMatFreq16Mod.( 1227 sec )
# Read sensitivity matrix from sensMatFreq17Mod.( 1227 sec )
# Read sensitivity matrix from sensMatFreq18Mod.( 1228 sec )
# Read sensitivity matrix from sensMatFreq19Mod.( 1228 sec )
# Read sensitivity matrix from sensMatFreq20Mod.( 1228 sec )
# Read sensitivity matrix from sensMatFreq21Mod.( 1228 sec )
# Read sensitivity matrix from sensMatFreq22Mod.( 1228 sec )
# Read sensitivity matrix from sensMatFreq15Mod.( 1229 sec )
# Read sensitivity matrix from sensMatFreq15Mod.( 1229 sec )
# Read sensitivity matrix from sensMatFreq16Mod.( 1229 sec )
# Read sensitivity matrix from sensMatFreq17Mod.( 1229 sec )
# Read sensitivity matrix from sensMatFreq18Mod.( 1229 sec )
# Read sensitivity matrix from sensMatFreq19Mod.( 1229 sec )
# Read sensitivity matrix from sensMatFreq20Mod.( 1230 sec )
# Read sensitivity matrix from sensMatFreq21Mod.( 1230 sec )
# Read sensitivity matrix from sensMatFreq22Mod.( 1230 sec )
# Read sensitivity matrix from sensMatFreq16Mod.( 1230 sec )
# Read sensitivity matrix from sensMatFreq16Mod.( 1230 sec )
# Read sensitivity matrix from sensMatFreq17Mod.( 1230 sec )
# Read sensitivity matrix from sensMatFreq18Mod.( 1231 sec )
# Read sensitivity matrix from sensMatFreq19Mod.( 1231 sec )
# Read sensitivity matrix from sensMatFreq20Mod.( 1231 sec )
# Read sensitivity matrix from sensMatFreq21Mod.( 1231 sec )
# Read sensitivity matrix from sensMatFreq22Mod.( 1231 sec )
# Read sensitivity matrix from sensMatFreq17Mod.( 1232 sec )
# Read sensitivity matrix from sensMatFreq17Mod.( 1232 sec )
# Read sensitivity matrix from sensMatFreq18Mod.( 1232 sec )
# Read sensitivity matrix from sensMatFreq19Mod.( 1232 sec )
# Read sensitivity matrix from sensMatFreq20Mod.( 1232 sec )
# Read sensitivity matrix from sensMatFreq21Mod.( 1232 sec )
# Read sensitivity matrix from sensMatFreq22Mod.( 1233 sec )
# Read sensitivity matrix from sensMatFreq18Mod.( 1233 sec )
# Read sensitivity matrix from sensMatFreq18Mod.( 1233 sec )
# Read sensitivity matrix from sensMatFreq19Mod.( 1233 sec )
# Read sensitivity matrix from sensMatFreq20Mod.( 1233 sec )
# Read sensitivity matrix from sensMatFreq21Mod.( 1233 sec )
# Read sensitivity matrix from sensMatFreq22Mod.( 1234 sec )
# Read sensitivity matrix from sensMatFreq19Mod.( 1234 sec )
# Read sensitivity matrix from sensMatFreq19Mod.( 1234 sec )
# Read sensitivity matrix from sensMatFreq20Mod.( 1234 sec )
# Read sensitivity matrix from sensMatFreq21Mod.( 1234 sec )
# Read sensitivity matrix from sensMatFreq22Mod.( 1234 sec )
# Read sensitivity matrix from sensMatFreq20Mod.( 1235 sec )
# Read sensitivity matrix from sensMatFreq20Mod.( 1235 sec )
# Read sensitivity matrix from sensMatFreq21Mod.( 1235 sec )
# Read sensitivity matrix from sensMatFreq22Mod.( 1235 sec )
# Read sensitivity matrix from sensMatFreq21Mod.( 1235 sec )
# Read sensitivity matrix from sensMatFreq21Mod.( 1235 sec )
# Read sensitivity matrix from sensMatFreq22Mod.( 1236 sec )
# Read sensitivity matrix from sensMatFreq22Mod.( 1236 sec )
# Read sensitivity matrix from sensMatFreq22Mod.( 1236 sec )
# Total number of elements in coefficient matrix : 35418736
# Start numerical factorization for normal equation. ( 1236 sec )
# Start solve phase for normal equation. ( 1239 sec )
# Read sensitivity matrix from sensMatFreq0.( 1239 sec )
# Read sensitivity matrix from sensMatFreq1.( 1239 sec )
# Read sensitivity matrix from sensMatFreq2.( 1239 sec )
# Read sensitivity matrix from sensMatFreq3.( 1239 sec )
# Read sensitivity matrix from sensMatFreq4.( 1239 sec )
# Calculate model increments. ( 1239 sec )
###############################################################################
# Start Forward Computation.  Iteration : 2,  Retrial : 0
###############################################################################
#================================================================================================
# Start forward calculation. Frequency : 0.03981 [Hz], Polarization : Ex-polarization
#================================================================================================
# Start 3D forward calculation with 0th order 3D edge-based element.( 1240 sec )
# Number of equation = 475883, Number of equation after degeneration = 473549
# Calculating EM field of the boundary planes with 2D forward analysis.        
#-----------------------------[ Boundary Plane 2 ]-----------------------------
# Calculate electric field on a boundary plane with 0th order edge-based element.
# Number of equation = 514, Number of equation after degeneration = 470
# Set values of matrix and right hand side vector. ( 1240 sec )
# Numerical factorization phase of matrix solver for boundary plane. Polarization : 0 Plane : 2. ( 1240 sec )
# Solve phase of matrix solver for boundary plane. Polarization : 0 Plane : 2. ( 1240 sec )
#-----------------------------[ Boundary Plane 3 ]-----------------------------
# Calculate electric field on a boundary plane with 0th order edge-based element.
# Number of equation = 514, Number of equation after degeneration = 470
# Set values of matrix and right hand side vector. ( 1240 sec )
# Numerical factorization phase of matrix solver for boundary plane. Polarization : 0 Plane : 3. ( 1240 sec )
# Solve phase of matrix solver for boundary plane. Polarization : 0 Plane : 3. ( 1240 sec )
#------------------------------------------------------------------------------
# Set matrix structure. ( 1240 sec )
# Anaysis phase of matrix solver for 3D forward calculation. Polarization : 0. ( 1244 sec )
#++++++++++++++++++++++++++++++++++++++++++++++++++++++++++++++++++++++++++++++++++++++++++++++++
# Total peak memory required during the analysis and symbolic factorization phase    : 576595 [KByte]
# Permanent memory required from the analysis phase to the solve phases              : 481772 [KByte]
# Total memory consumed by in-core forward solver for internal float point arrays    : 4.09741e+06 [KByte]
# Minimum memory consumed by out-core forward solver for internal float point arrays : 68966 [KByte]
#++++++++++++++++++++++++++++++++++++++++++++++++++++++++++++++++++++++++++++++++++++++++++++++++
# Set values of matrix and right hand side vector. ( 1247 sec )
# Numerical factorization phase of matrix solver for 3D forward calculation. Polarization : 0.( 1249 sec )
# Solve phase of matrix solver for 3D forward calculation. Polarization : 0.( 1269 sec )
# Calulate right-hand sides vectors consisting of interpolator vectors.( 1270 sec )
# Solve phase of matrix solver for right-hand sides consisting of interpolator vectors.( 1270 sec )
# Solve phase is performed simultaneously for 68 right-hand sides( 1270 sec )
# Calculate derivatives of EM field.( 1272 sec )
#================================================================================================
# Start forward calculation. Frequency : 0.03981 [Hz], Polarization : Ey-polarization
#================================================================================================
# Start 3D forward calculation with 0th order 3D edge-based element.( 1285 sec )
# Number of equation = 475883, Number of equation after degeneration = 473549
# Calculating EM field of the boundary planes with 2D forward analysis.        
#-----------------------------[ Boundary Plane 0 ]-----------------------------
# Calculate electric field on a boundary plane with 0th order edge-based element.
# Number of equation = 520, Number of equation after degeneration = 476
# Set values of matrix and right hand side vector. ( 1285 sec )
# Numerical factorization phase of matrix solver for boundary plane. Polarization : 1 Plane : 0. ( 1285 sec )
# Solve phase of matrix solver for boundary plane. Polarization : 1 Plane : 0. ( 1285 sec )
#-----------------------------[ Boundary Plane 1 ]-----------------------------
# Calculate electric field on a boundary plane with 0th order edge-based element.
# Number of equation = 520, Number of equation after degeneration = 476
# Set values of matrix and right hand side vector. ( 1285 sec )
# Numerical factorization phase of matrix solver for boundary plane. Polarization : 1 Plane : 1. ( 1285 sec )
# Solve phase of matrix solver for boundary plane. Polarization : 1 Plane : 1. ( 1285 sec )
#------------------------------------------------------------------------------
# Set values of matrix and right hand side vector. ( 1285 sec )
# Numerical factorization phase of matrix solver for 3D forward calculation. Polarization : 1.( 1288 sec )
# Solve phase of matrix solver for 3D forward calculation. Polarization : 1.( 1308 sec )
# Calulate right-hand sides vectors consisting of interpolator vectors.( 1308 sec )
# Solve phase of matrix solver for right-hand sides consisting of interpolator vectors.( 1308 sec )
# Solve phase is performed simultaneously for 68 right-hand sides( 1308 sec )
# Calculate derivatives of EM field.( 1311 sec )
#==============================================================================
# Calculate response functions. ( 1323 sec )
# Calculate sensitivity matrix of frequency 0.03981[Hz].( 1323 sec )
# Sensitivity matrix of frequency 0.03981[Hz] is saved in the out-of-core file sensMatFreq0.
#==============================================================================
#================================================================================================
# Start forward calculation. Frequency : 0.06309 [Hz], Polarization : Ex-polarization
#================================================================================================
# Start 3D forward calculation with 0th order 3D edge-based element.( 1324 sec )
# Number of equation = 475883, Number of equation after degeneration = 473549
# Calculating EM field of the boundary planes with 2D forward analysis.        
#-----------------------------[ Boundary Plane 2 ]-----------------------------
# Calculate electric field on a boundary plane with 0th order edge-based element.
# Number of equation = 514, Number of equation after degeneration = 470
# Set values of matrix and right hand side vector. ( 1324 sec )
# Numerical factorization phase of matrix solver for boundary plane. Polarization : 0 Plane : 2. ( 1324 sec )
# Solve phase of matrix solver for boundary plane. Polarization : 0 Plane : 2. ( 1324 sec )
#-----------------------------[ Boundary Plane 3 ]-----------------------------
# Calculate electric field on a boundary plane with 0th order edge-based element.
# Number of equation = 514, Number of equation after degeneration = 470
# Set values of matrix and right hand side vector. ( 1324 sec )
# Numerical factorization phase of matrix solver for boundary plane. Polarization : 0 Plane : 3. ( 1324 sec )
# Solve phase of matrix solver for boundary plane. Polarization : 0 Plane : 3. ( 1324 sec )
#------------------------------------------------------------------------------
# Set values of matrix and right hand side vector. ( 1324 sec )
# Numerical factorization phase of matrix solver for 3D forward calculation. Polarization : 0.( 1326 sec )
# Solve phase of matrix solver for 3D forward calculation. Polarization : 0.( 1346 sec )
# Calulate right-hand sides vectors consisting of interpolator vectors.( 1346 sec )
# Solve phase of matrix solver for right-hand sides consisting of interpolator vectors.( 1347 sec )
# Solve phase is performed simultaneously for 89 right-hand sides( 1347 sec )
# Calculate derivatives of EM field.( 1350 sec )
#================================================================================================
# Start forward calculation. Frequency : 0.06309 [Hz], Polarization : Ey-polarization
#================================================================================================
# Start 3D forward calculation with 0th order 3D edge-based element.( 1361 sec )
# Number of equation = 475883, Number of equation after degeneration = 473549
# Calculating EM field of the boundary planes with 2D forward analysis.        
#-----------------------------[ Boundary Plane 0 ]-----------------------------
# Calculate electric field on a boundary plane with 0th order edge-based element.
# Number of equation = 520, Number of equation after degeneration = 476
# Set values of matrix and right hand side vector. ( 1361 sec )
# Numerical factorization phase of matrix solver for boundary plane. Polarization : 1 Plane : 0. ( 1361 sec )
# Solve phase of matrix solver for boundary plane. Polarization : 1 Plane : 0. ( 1361 sec )
#-----------------------------[ Boundary Plane 1 ]-----------------------------
# Calculate electric field on a boundary plane with 0th order edge-based element.
# Number of equation = 520, Number of equation after degeneration = 476
# Set values of matrix and right hand side vector. ( 1361 sec )
# Numerical factorization phase of matrix solver for boundary plane. Polarization : 1 Plane : 1. ( 1361 sec )
# Solve phase of matrix solver for boundary plane. Polarization : 1 Plane : 1. ( 1361 sec )
#------------------------------------------------------------------------------
# Set values of matrix and right hand side vector. ( 1361 sec )
# Numerical factorization phase of matrix solver for 3D forward calculation. Polarization : 1.( 1363 sec )
# Solve phase of matrix solver for 3D forward calculation. Polarization : 1.( 1383 sec )
# Calulate right-hand sides vectors consisting of interpolator vectors.( 1383 sec )
# Solve phase of matrix solver for right-hand sides consisting of interpolator vectors.( 1383 sec )
# Solve phase is performed simultaneously for 89 right-hand sides( 1383 sec )
# Calculate derivatives of EM field.( 1387 sec )
#==============================================================================
# Calculate response functions. ( 1396 sec )
# Calculate sensitivity matrix of frequency 0.06309[Hz].( 1396 sec )
# Sensitivity matrix of frequency 0.06309[Hz] is saved in the out-of-core file sensMatFreq1.
#==============================================================================
#================================================================================================
# Start forward calculation. Frequency : 0.1 [Hz], Polarization : Ex-polarization
#================================================================================================
# Start 3D forward calculation with 0th order 3D edge-based element.( 1396 sec )
# Number of equation = 475883, Number of equation after degeneration = 473549
# Calculating EM field of the boundary planes with 2D forward analysis.        
#-----------------------------[ Boundary Plane 2 ]-----------------------------
# Calculate electric field on a boundary plane with 0th order edge-based element.
# Number of equation = 514, Number of equation after degeneration = 470
# Set values of matrix and right hand side vector. ( 1396 sec )
# Numerical factorization phase of matrix solver for boundary plane. Polarization : 0 Plane : 2. ( 1396 sec )
# Solve phase of matrix solver for boundary plane. Polarization : 0 Plane : 2. ( 1396 sec )
#-----------------------------[ Boundary Plane 3 ]-----------------------------
# Calculate electric field on a boundary plane with 0th order edge-based element.
# Number of equation = 514, Number of equation after degeneration = 470
# Set values of matrix and right hand side vector. ( 1396 sec )
# Numerical factorization phase of matrix solver for boundary plane. Polarization : 0 Plane : 3. ( 1396 sec )
# Solve phase of matrix solver for boundary plane. Polarization : 0 Plane : 3. ( 1396 sec )
#------------------------------------------------------------------------------
# Set values of matrix and right hand side vector. ( 1396 sec )
# Numerical factorization phase of matrix solver for 3D forward calculation. Polarization : 0.( 1398 sec )
# Solve phase of matrix solver for 3D forward calculation. Polarization : 0.( 1418 sec )
# Calulate right-hand sides vectors consisting of interpolator vectors.( 1419 sec )
# Solve phase of matrix solver for right-hand sides consisting of interpolator vectors.( 1419 sec )
# Solve phase is performed simultaneously for 50 right-hand sides( 1419 sec )
# Calculate derivatives of EM field.( 1421 sec )
#================================================================================================
# Start forward calculation. Frequency : 0.1 [Hz], Polarization : Ey-polarization
#================================================================================================
# Start 3D forward calculation with 0th order 3D edge-based element.( 1427 sec )
# Number of equation = 475883, Number of equation after degeneration = 473549
# Calculating EM field of the boundary planes with 2D forward analysis.        
#-----------------------------[ Boundary Plane 0 ]-----------------------------
# Calculate electric field on a boundary plane with 0th order edge-based element.
# Number of equation = 520, Number of equation after degeneration = 476
# Set values of matrix and right hand side vector. ( 1427 sec )
# Numerical factorization phase of matrix solver for boundary plane. Polarization : 1 Plane : 0. ( 1427 sec )
# Solve phase of matrix solver for boundary plane. Polarization : 1 Plane : 0. ( 1427 sec )
#-----------------------------[ Boundary Plane 1 ]-----------------------------
# Calculate electric field on a boundary plane with 0th order edge-based element.
# Number of equation = 520, Number of equation after degeneration = 476
# Set values of matrix and right hand side vector. ( 1427 sec )
# Numerical factorization phase of matrix solver for boundary plane. Polarization : 1 Plane : 1. ( 1427 sec )
# Solve phase of matrix solver for boundary plane. Polarization : 1 Plane : 1. ( 1427 sec )
#------------------------------------------------------------------------------
# Set values of matrix and right hand side vector. ( 1427 sec )
# Numerical factorization phase of matrix solver for 3D forward calculation. Polarization : 1.( 1430 sec )
# Solve phase of matrix solver for 3D forward calculation. Polarization : 1.( 1450 sec )
# Calulate right-hand sides vectors consisting of interpolator vectors.( 1450 sec )
# Solve phase of matrix solver for right-hand sides consisting of interpolator vectors.( 1451 sec )
# Solve phase is performed simultaneously for 50 right-hand sides( 1451 sec )
# Calculate derivatives of EM field.( 1453 sec )
#==============================================================================
# Calculate response functions. ( 1459 sec )
# Calculate sensitivity matrix of frequency 0.1[Hz].( 1459 sec )
# Sensitivity matrix of frequency 0.1[Hz] is saved in the out-of-core file sensMatFreq2.
#==============================================================================
#================================================================================================
# Start forward calculation. Frequency : 0.15848 [Hz], Polarization : Ex-polarization
#================================================================================================
# Start 3D forward calculation with 0th order 3D edge-based element.( 1460 sec )
# Number of equation = 475883, Number of equation after degeneration = 473549
# Calculating EM field of the boundary planes with 2D forward analysis.        
#-----------------------------[ Boundary Plane 2 ]-----------------------------
# Calculate electric field on a boundary plane with 0th order edge-based element.
# Number of equation = 514, Number of equation after degeneration = 470
# Set values of matrix and right hand side vector. ( 1460 sec )
# Numerical factorization phase of matrix solver for boundary plane. Polarization : 0 Plane : 2. ( 1460 sec )
# Solve phase of matrix solver for boundary plane. Polarization : 0 Plane : 2. ( 1460 sec )
#-----------------------------[ Boundary Plane 3 ]-----------------------------
# Calculate electric field on a boundary plane with 0th order edge-based element.
# Number of equation = 514, Number of equation after degeneration = 470
# Set values of matrix and right hand side vector. ( 1460 sec )
# Numerical factorization phase of matrix solver for boundary plane. Polarization : 0 Plane : 3. ( 1460 sec )
# Solve phase of matrix solver for boundary plane. Polarization : 0 Plane : 3. ( 1460 sec )
#------------------------------------------------------------------------------
# Set values of matrix and right hand side vector. ( 1460 sec )
# Numerical factorization phase of matrix solver for 3D forward calculation. Polarization : 0.( 1462 sec )
# Solve phase of matrix solver for 3D forward calculation. Polarization : 0.( 1483 sec )
# Calulate right-hand sides vectors consisting of interpolator vectors.( 1483 sec )
# Solve phase of matrix solver for right-hand sides consisting of interpolator vectors.( 1483 sec )
# Solve phase is performed simultaneously for 52 right-hand sides( 1483 sec )
# Calculate derivatives of EM field.( 1485 sec )
#================================================================================================
# Start forward calculation. Frequency : 0.15848 [Hz], Polarization : Ey-polarization
#================================================================================================
# Start 3D forward calculation with 0th order 3D edge-based element.( 1491 sec )
# Number of equation = 475883, Number of equation after degeneration = 473549
# Calculating EM field of the boundary planes with 2D forward analysis.        
#-----------------------------[ Boundary Plane 0 ]-----------------------------
# Calculate electric field on a boundary plane with 0th order edge-based element.
# Number of equation = 520, Number of equation after degeneration = 476
# Set values of matrix and right hand side vector. ( 1491 sec )
# Numerical factorization phase of matrix solver for boundary plane. Polarization : 1 Plane : 0. ( 1491 sec )
# Solve phase of matrix solver for boundary plane. Polarization : 1 Plane : 0. ( 1491 sec )
#-----------------------------[ Boundary Plane 1 ]-----------------------------
# Calculate electric field on a boundary plane with 0th order edge-based element.
# Number of equation = 520, Number of equation after degeneration = 476
# Set values of matrix and right hand side vector. ( 1491 sec )
# Numerical factorization phase of matrix solver for boundary plane. Polarization : 1 Plane : 1. ( 1491 sec )
# Solve phase of matrix solver for boundary plane. Polarization : 1 Plane : 1. ( 1491 sec )
#------------------------------------------------------------------------------
# Set values of matrix and right hand side vector. ( 1491 sec )
# Numerical factorization phase of matrix solver for 3D forward calculation. Polarization : 1.( 1494 sec )
# Solve phase of matrix solver for 3D forward calculation. Polarization : 1.( 1514 sec )
# Calulate right-hand sides vectors consisting of interpolator vectors.( 1514 sec )
# Solve phase of matrix solver for right-hand sides consisting of interpolator vectors.( 1514 sec )
# Solve phase is performed simultaneously for 52 right-hand sides( 1514 sec )
# Calculate derivatives of EM field.( 1517 sec )
#==============================================================================
# Calculate response functions. ( 1524 sec )
# Calculate sensitivity matrix of frequency 0.15848[Hz].( 1524 sec )
# Sensitivity matrix of frequency 0.15848[Hz] is saved in the out-of-core file sensMatFreq3.
#==============================================================================
#================================================================================================
# Start forward calculation. Frequency : 0.25118 [Hz], Polarization : Ex-polarization
#================================================================================================
# Start 3D forward calculation with 0th order 3D edge-based element.( 1525 sec )
# Number of equation = 475883, Number of equation after degeneration = 473549
# Calculating EM field of the boundary planes with 2D forward analysis.        
#-----------------------------[ Boundary Plane 2 ]-----------------------------
# Calculate electric field on a boundary plane with 0th order edge-based element.
# Number of equation = 514, Number of equation after degeneration = 470
# Set values of matrix and right hand side vector. ( 1525 sec )
# Numerical factorization phase of matrix solver for boundary plane. Polarization : 0 Plane : 2. ( 1525 sec )
# Solve phase of matrix solver for boundary plane. Polarization : 0 Plane : 2. ( 1525 sec )
#-----------------------------[ Boundary Plane 3 ]-----------------------------
# Calculate electric field on a boundary plane with 0th order edge-based element.
# Number of equation = 514, Number of equation after degeneration = 470
# Set values of matrix and right hand side vector. ( 1525 sec )
# Numerical factorization phase of matrix solver for boundary plane. Polarization : 0 Plane : 3. ( 1525 sec )
# Solve phase of matrix solver for boundary plane. Polarization : 0 Plane : 3. ( 1525 sec )
#------------------------------------------------------------------------------
# Set values of matrix and right hand side vector. ( 1525 sec )
# Numerical factorization phase of matrix solver for 3D forward calculation. Polarization : 0.( 1527 sec )
# Solve phase of matrix solver for 3D forward calculation. Polarization : 0.( 1547 sec )
# Calulate right-hand sides vectors consisting of interpolator vectors.( 1548 sec )
# Solve phase of matrix solver for right-hand sides consisting of interpolator vectors.( 1548 sec )
# Solve phase is performed simultaneously for 53 right-hand sides( 1548 sec )
# Calculate derivatives of EM field.( 1550 sec )
#================================================================================================
# Start forward calculation. Frequency : 0.25118 [Hz], Polarization : Ey-polarization
#================================================================================================
# Start 3D forward calculation with 0th order 3D edge-based element.( 1556 sec )
# Number of equation = 475883, Number of equation after degeneration = 473549
# Calculating EM field of the boundary planes with 2D forward analysis.        
#-----------------------------[ Boundary Plane 0 ]-----------------------------
# Calculate electric field on a boundary plane with 0th order edge-based element.
# Number of equation = 520, Number of equation after degeneration = 476
# Set values of matrix and right hand side vector. ( 1556 sec )
# Numerical factorization phase of matrix solver for boundary plane. Polarization : 1 Plane : 0. ( 1556 sec )
# Solve phase of matrix solver for boundary plane. Polarization : 1 Plane : 0. ( 1556 sec )
#-----------------------------[ Boundary Plane 1 ]-----------------------------
# Calculate electric field on a boundary plane with 0th order edge-based element.
# Number of equation = 520, Number of equation after degeneration = 476
# Set values of matrix and right hand side vector. ( 1556 sec )
# Numerical factorization phase of matrix solver for boundary plane. Polarization : 1 Plane : 1. ( 1556 sec )
# Solve phase of matrix solver for boundary plane. Polarization : 1 Plane : 1. ( 1556 sec )
#------------------------------------------------------------------------------
# Set values of matrix and right hand side vector. ( 1556 sec )
# Numerical factorization phase of matrix solver for 3D forward calculation. Polarization : 1.( 1559 sec )
# Solve phase of matrix solver for 3D forward calculation. Polarization : 1.( 1579 sec )
# Calulate right-hand sides vectors consisting of interpolator vectors.( 1579 sec )
# Solve phase of matrix solver for right-hand sides consisting of interpolator vectors.( 1579 sec )
# Solve phase is performed simultaneously for 53 right-hand sides( 1579 sec )
# Calculate derivatives of EM field.( 1581 sec )
#==============================================================================
# Calculate response functions. ( 1593 sec )
# Calculate sensitivity matrix of frequency 0.25118[Hz].( 1593 sec )
# Sensitivity matrix of frequency 0.25118[Hz] is saved in the out-of-core file sensMatFreq4.
#==============================================================================
# Release memory of coefficient matrix and sparse solver. ( 1593 sec )
###############################################################################
# Start Inversion.  Iteration : 2
###############################################################################
# Number of model : 54779
# Number of frequencies of this PE : 5
# Calculate constraining matrix. ( 1805 sec )
# Analyse constraining matrix.( 1805 sec )
# Analyse transposed constraining matrix.( 1806 sec )
# Factorize constraining matrix.( 1806 sec )
# Factorize transposed constraining matrix.( 1806 sec )
# Number of data of this PE : 544
# Read sensitivity matrix from sensMatFreq0.( 1806 sec )
# Multiply transposed sensitivity matrix by inverse of transposed constraining matrix. ( 1807 sec )
# Solve phase is performed simultaneously for 120 right-hand sides( 1807 sec )
# Read sensitivity matrix from sensMatFreq1.( 1807 sec )
# Multiply transposed sensitivity matrix by inverse of transposed constraining matrix. ( 1808 sec )
# Solve phase is performed simultaneously for 156 right-hand sides( 1808 sec )
# Read sensitivity matrix from sensMatFreq2.( 1808 sec )
# Multiply transposed sensitivity matrix by inverse of transposed constraining matrix. ( 1809 sec )
# Solve phase is performed simultaneously for 88 right-hand sides( 1809 sec )
# Read sensitivity matrix from sensMatFreq3.( 1809 sec )
# Multiply transposed sensitivity matrix by inverse of transposed constraining matrix. ( 1810 sec )
# Solve phase is performed simultaneously for 88 right-hand sides( 1810 sec )
# Read sensitivity matrix from sensMatFreq4.( 1810 sec )
# Multiply transposed sensitivity matrix by inverse of transposed constraining matrix. ( 1811 sec )
# Solve phase is performed simultaneously for 92 right-hand sides( 1811 sec )
# Solve phase.( 1823 sec )
# Calculate right-hand side vector. ( 1823 sec )
# Read sensitivity matrix from sensMatFreq0.( 1823 sec )
# Read sensitivity matrix from sensMatFreq1.( 1823 sec )
# Read sensitivity matrix from sensMatFreq2.( 1823 sec )
# Read sensitivity matrix from sensMatFreq3.( 1823 sec )
# Read sensitivity matrix from sensMatFreq4.( 1823 sec )
# Number of total data  : 8416
# Calculate coefficient matrix. ( 1824 sec )
# Read sensitivity matrix from sensMatFreq0Mod.( 1824 sec )
# Read sensitivity matrix from sensMatFreq0Mod.( 1824 sec )
# Read sensitivity matrix from sensMatFreq1Mod.( 1824 sec )
# Read sensitivity matrix from sensMatFreq2Mod.( 1824 sec )
# Read sensitivity matrix from sensMatFreq3Mod.( 1824 sec )
# Read sensitivity matrix from sensMatFreq4Mod.( 1824 sec )
# Read sensitivity matrix from sensMatFreq5Mod.( 1824 sec )
# Read sensitivity matrix from sensMatFreq6Mod.( 1825 sec )
# Read sensitivity matrix from sensMatFreq7Mod.( 1825 sec )
# Read sensitivity matrix from sensMatFreq8Mod.( 1825 sec )
# Read sensitivity matrix from sensMatFreq9Mod.( 1826 sec )
# Read sensitivity matrix from sensMatFreq10Mod.( 1826 sec )
# Read sensitivity matrix from sensMatFreq11Mod.( 1827 sec )
# Read sensitivity matrix from sensMatFreq12Mod.( 1828 sec )
# Read sensitivity matrix from sensMatFreq13Mod.( 1828 sec )
# Read sensitivity matrix from sensMatFreq14Mod.( 1829 sec )
# Read sensitivity matrix from sensMatFreq15Mod.( 1830 sec )
# Read sensitivity matrix from sensMatFreq16Mod.( 1830 sec )
# Read sensitivity matrix from sensMatFreq17Mod.( 1830 sec )
# Read sensitivity matrix from sensMatFreq18Mod.( 1831 sec )
# Read sensitivity matrix from sensMatFreq19Mod.( 1832 sec )
# Read sensitivity matrix from sensMatFreq20Mod.( 1832 sec )
# Read sensitivity matrix from sensMatFreq21Mod.( 1833 sec )
# Read sensitivity matrix from sensMatFreq22Mod.( 1834 sec )
# Read sensitivity matrix from sensMatFreq1Mod.( 1835 sec )
# Read sensitivity matrix from sensMatFreq1Mod.( 1835 sec )
# Read sensitivity matrix from sensMatFreq2Mod.( 1835 sec )
# Read sensitivity matrix from sensMatFreq3Mod.( 1835 sec )
# Read sensitivity matrix from sensMatFreq4Mod.( 1835 sec )
# Read sensitivity matrix from sensMatFreq5Mod.( 1835 sec )
# Read sensitivity matrix from sensMatFreq6Mod.( 1835 sec )
# Read sensitivity matrix from sensMatFreq7Mod.( 1835 sec )
# Read sensitivity matrix from sensMatFreq8Mod.( 1835 sec )
# Read sensitivity matrix from sensMatFreq9Mod.( 1835 sec )
# Read sensitivity matrix from sensMatFreq10Mod.( 1835 sec )
# Read sensitivity matrix from sensMatFreq11Mod.( 1835 sec )
# Read sensitivity matrix from sensMatFreq12Mod.( 1835 sec )
# Read sensitivity matrix from sensMatFreq13Mod.( 1835 sec )
# Read sensitivity matrix from sensMatFreq14Mod.( 1836 sec )
# Read sensitivity matrix from sensMatFreq15Mod.( 1836 sec )
# Read sensitivity matrix from sensMatFreq16Mod.( 1836 sec )
# Read sensitivity matrix from sensMatFreq17Mod.( 1836 sec )
# Read sensitivity matrix from sensMatFreq18Mod.( 1836 sec )
# Read sensitivity matrix from sensMatFreq19Mod.( 1836 sec )
# Read sensitivity matrix from sensMatFreq20Mod.( 1836 sec )
# Read sensitivity matrix from sensMatFreq21Mod.( 1836 sec )
# Read sensitivity matrix from sensMatFreq22Mod.( 1836 sec )
# Read sensitivity matrix from sensMatFreq2Mod.( 1837 sec )
# Read sensitivity matrix from sensMatFreq2Mod.( 1837 sec )
# Read sensitivity matrix from sensMatFreq3Mod.( 1837 sec )
# Read sensitivity matrix from sensMatFreq4Mod.( 1837 sec )
# Read sensitivity matrix from sensMatFreq5Mod.( 1837 sec )
# Read sensitivity matrix from sensMatFreq6Mod.( 1837 sec )
# Read sensitivity matrix from sensMatFreq7Mod.( 1837 sec )
# Read sensitivity matrix from sensMatFreq8Mod.( 1837 sec )
# Read sensitivity matrix from sensMatFreq9Mod.( 1837 sec )
# Read sensitivity matrix from sensMatFreq10Mod.( 1837 sec )
# Read sensitivity matrix from sensMatFreq11Mod.( 1837 sec )
# Read sensitivity matrix from sensMatFreq12Mod.( 1837 sec )
# Read sensitivity matrix from sensMatFreq13Mod.( 1837 sec )
# Read sensitivity matrix from sensMatFreq14Mod.( 1837 sec )
# Read sensitivity matrix from sensMatFreq15Mod.( 1837 sec )
# Read sensitivity matrix from sensMatFreq16Mod.( 1837 sec )
# Read sensitivity matrix from sensMatFreq17Mod.( 1837 sec )
# Read sensitivity matrix from sensMatFreq18Mod.( 1838 sec )
# Read sensitivity matrix from sensMatFreq19Mod.( 1838 sec )
# Read sensitivity matrix from sensMatFreq20Mod.( 1838 sec )
# Read sensitivity matrix from sensMatFreq21Mod.( 1838 sec )
# Read sensitivity matrix from sensMatFreq22Mod.( 1838 sec )
# Read sensitivity matrix from sensMatFreq3Mod.( 1838 sec )
# Read sensitivity matrix from sensMatFreq3Mod.( 1838 sec )
# Read sensitivity matrix from sensMatFreq4Mod.( 1838 sec )
# Read sensitivity matrix from sensMatFreq5Mod.( 1838 sec )
# Read sensitivity matrix from sensMatFreq6Mod.( 1838 sec )
# Read sensitivity matrix from sensMatFreq7Mod.( 1838 sec )
# Read sensitivity matrix from sensMatFreq8Mod.( 1838 sec )
# Read sensitivity matrix from sensMatFreq9Mod.( 1838 sec )
# Read sensitivity matrix from sensMatFreq10Mod.( 1838 sec )
# Read sensitivity matrix from sensMatFreq11Mod.( 1838 sec )
# Read sensitivity matrix from sensMatFreq12Mod.( 1839 sec )
# Read sensitivity matrix from sensMatFreq13Mod.( 1839 sec )
# Read sensitivity matrix from sensMatFreq14Mod.( 1839 sec )
# Read sensitivity matrix from sensMatFreq15Mod.( 1839 sec )
# Read sensitivity matrix from sensMatFreq16Mod.( 1839 sec )
# Read sensitivity matrix from sensMatFreq17Mod.( 1839 sec )
# Read sensitivity matrix from sensMatFreq18Mod.( 1839 sec )
# Read sensitivity matrix from sensMatFreq19Mod.( 1839 sec )
# Read sensitivity matrix from sensMatFreq20Mod.( 1839 sec )
# Read sensitivity matrix from sensMatFreq21Mod.( 1839 sec )
# Read sensitivity matrix from sensMatFreq22Mod.( 1839 sec )
# Read sensitivity matrix from sensMatFreq4Mod.( 1839 sec )
# Read sensitivity matrix from sensMatFreq4Mod.( 1840 sec )
# Read sensitivity matrix from sensMatFreq5Mod.( 1840 sec )
# Read sensitivity matrix from sensMatFreq6Mod.( 1840 sec )
# Read sensitivity matrix from sensMatFreq7Mod.( 1840 sec )
# Read sensitivity matrix from sensMatFreq8Mod.( 1840 sec )
# Read sensitivity matrix from sensMatFreq9Mod.( 1840 sec )
# Read sensitivity matrix from sensMatFreq10Mod.( 1840 sec )
# Read sensitivity matrix from sensMatFreq11Mod.( 1840 sec )
# Read sensitivity matrix from sensMatFreq12Mod.( 1840 sec )
# Read sensitivity matrix from sensMatFreq13Mod.( 1840 sec )
# Read sensitivity matrix from sensMatFreq14Mod.( 1840 sec )
# Read sensitivity matrix from sensMatFreq15Mod.( 1840 sec )
# Read sensitivity matrix from sensMatFreq16Mod.( 1840 sec )
# Read sensitivity matrix from sensMatFreq17Mod.( 1840 sec )
# Read sensitivity matrix from sensMatFreq18Mod.( 1840 sec )
# Read sensitivity matrix from sensMatFreq19Mod.( 1841 sec )
# Read sensitivity matrix from sensMatFreq20Mod.( 1841 sec )
# Read sensitivity matrix from sensMatFreq21Mod.( 1841 sec )
# Read sensitivity matrix from sensMatFreq22Mod.( 1841 sec )
# Read sensitivity matrix from sensMatFreq5Mod.( 1841 sec )
# Read sensitivity matrix from sensMatFreq5Mod.( 1841 sec )
# Read sensitivity matrix from sensMatFreq6Mod.( 1841 sec )
# Read sensitivity matrix from sensMatFreq7Mod.( 1841 sec )
# Read sensitivity matrix from sensMatFreq8Mod.( 1841 sec )
# Read sensitivity matrix from sensMatFreq9Mod.( 1841 sec )
# Read sensitivity matrix from sensMatFreq10Mod.( 1841 sec )
# Read sensitivity matrix from sensMatFreq11Mod.( 1841 sec )
# Read sensitivity matrix from sensMatFreq12Mod.( 1841 sec )
# Read sensitivity matrix from sensMatFreq13Mod.( 1842 sec )
# Read sensitivity matrix from sensMatFreq14Mod.( 1842 sec )
# Read sensitivity matrix from sensMatFreq15Mod.( 1842 sec )
# Read sensitivity matrix from sensMatFreq16Mod.( 1842 sec )
# Read sensitivity matrix from sensMatFreq17Mod.( 1842 sec )
# Read sensitivity matrix from sensMatFreq18Mod.( 1842 sec )
# Read sensitivity matrix from sensMatFreq19Mod.( 1842 sec )
# Read sensitivity matrix from sensMatFreq20Mod.( 1842 sec )
# Read sensitivity matrix from sensMatFreq21Mod.( 1842 sec )
# Read sensitivity matrix from sensMatFreq22Mod.( 1842 sec )
# Read sensitivity matrix from sensMatFreq6Mod.( 1843 sec )
# Read sensitivity matrix from sensMatFreq6Mod.( 1843 sec )
# Read sensitivity matrix from sensMatFreq7Mod.( 1843 sec )
# Read sensitivity matrix from sensMatFreq8Mod.( 1843 sec )
# Read sensitivity matrix from sensMatFreq9Mod.( 1843 sec )
# Read sensitivity matrix from sensMatFreq10Mod.( 1843 sec )
# Read sensitivity matrix from sensMatFreq11Mod.( 1843 sec )
# Read sensitivity matrix from sensMatFreq12Mod.( 1843 sec )
# Read sensitivity matrix from sensMatFreq13Mod.( 1843 sec )
# Read sensitivity matrix from sensMatFreq14Mod.( 1843 sec )
# Read sensitivity matrix from sensMatFreq15Mod.( 1844 sec )
# Read sensitivity matrix from sensMatFreq16Mod.( 1844 sec )
# Read sensitivity matrix from sensMatFreq17Mod.( 1844 sec )
# Read sensitivity matrix from sensMatFreq18Mod.( 1844 sec )
# Read sensitivity matrix from sensMatFreq19Mod.( 1844 sec )
# Read sensitivity matrix from sensMatFreq20Mod.( 1844 sec )
# Read sensitivity matrix from sensMatFreq21Mod.( 1844 sec )
# Read sensitivity matrix from sensMatFreq22Mod.( 1845 sec )
# Read sensitivity matrix from sensMatFreq7Mod.( 1845 sec )
# Read sensitivity matrix from sensMatFreq7Mod.( 1845 sec )
# Read sensitivity matrix from sensMatFreq8Mod.( 1845 sec )
# Read sensitivity matrix from sensMatFreq9Mod.( 1845 sec )
# Read sensitivity matrix from sensMatFreq10Mod.( 1845 sec )
# Read sensitivity matrix from sensMatFreq11Mod.( 1845 sec )
# Read sensitivity matrix from sensMatFreq12Mod.( 1845 sec )
# Read sensitivity matrix from sensMatFreq13Mod.( 1845 sec )
# Read sensitivity matrix from sensMatFreq14Mod.( 1846 sec )
# Read sensitivity matrix from sensMatFreq15Mod.( 1846 sec )
# Read sensitivity matrix from sensMatFreq16Mod.( 1846 sec )
# Read sensitivity matrix from sensMatFreq17Mod.( 1846 sec )
# Read sensitivity matrix from sensMatFreq18Mod.( 1846 sec )
# Read sensitivity matrix from sensMatFreq19Mod.( 1846 sec )
# Read sensitivity matrix from sensMatFreq20Mod.( 1847 sec )
# Read sensitivity matrix from sensMatFreq21Mod.( 1847 sec )
# Read sensitivity matrix from sensMatFreq22Mod.( 1847 sec )
# Read sensitivity matrix from sensMatFreq8Mod.( 1847 sec )
# Read sensitivity matrix from sensMatFreq8Mod.( 1847 sec )
# Read sensitivity matrix from sensMatFreq9Mod.( 1847 sec )
# Read sensitivity matrix from sensMatFreq10Mod.( 1847 sec )
# Read sensitivity matrix from sensMatFreq11Mod.( 1847 sec )
# Read sensitivity matrix from sensMatFreq12Mod.( 1848 sec )
# Read sensitivity matrix from sensMatFreq13Mod.( 1848 sec )
# Read sensitivity matrix from sensMatFreq14Mod.( 1848 sec )
# Read sensitivity matrix from sensMatFreq15Mod.( 1848 sec )
# Read sensitivity matrix from sensMatFreq16Mod.( 1848 sec )
# Read sensitivity matrix from sensMatFreq17Mod.( 1848 sec )
# Read sensitivity matrix from sensMatFreq18Mod.( 1849 sec )
# Read sensitivity matrix from sensMatFreq19Mod.( 1849 sec )
# Read sensitivity matrix from sensMatFreq20Mod.( 1849 sec )
# Read sensitivity matrix from sensMatFreq21Mod.( 1849 sec )
# Read sensitivity matrix from sensMatFreq22Mod.( 1849 sec )
# Read sensitivity matrix from sensMatFreq9Mod.( 1849 sec )
# Read sensitivity matrix from sensMatFreq9Mod.( 1849 sec )
# Read sensitivity matrix from sensMatFreq10Mod.( 1849 sec )
# Read sensitivity matrix from sensMatFreq11Mod.( 1850 sec )
# Read sensitivity matrix from sensMatFreq12Mod.( 1850 sec )
# Read sensitivity matrix from sensMatFreq13Mod.( 1850 sec )
# Read sensitivity matrix from sensMatFreq14Mod.( 1850 sec )
# Read sensitivity matrix from sensMatFreq15Mod.( 1850 sec )
# Read sensitivity matrix from sensMatFreq16Mod.( 1851 sec )
# Read sensitivity matrix from sensMatFreq17Mod.( 1851 sec )
# Read sensitivity matrix from sensMatFreq18Mod.( 1851 sec )
# Read sensitivity matrix from sensMatFreq19Mod.( 1851 sec )
# Read sensitivity matrix from sensMatFreq20Mod.( 1851 sec )
# Read sensitivity matrix from sensMatFreq21Mod.( 1851 sec )
# Read sensitivity matrix from sensMatFreq22Mod.( 1852 sec )
# Read sensitivity matrix from sensMatFreq10Mod.( 1852 sec )
# Read sensitivity matrix from sensMatFreq10Mod.( 1852 sec )
# Read sensitivity matrix from sensMatFreq11Mod.( 1852 sec )
# Read sensitivity matrix from sensMatFreq12Mod.( 1852 sec )
# Read sensitivity matrix from sensMatFreq13Mod.( 1852 sec )
# Read sensitivity matrix from sensMatFreq14Mod.( 1852 sec )
# Read sensitivity matrix from sensMatFreq15Mod.( 1853 sec )
# Read sensitivity matrix from sensMatFreq16Mod.( 1853 sec )
# Read sensitivity matrix from sensMatFreq17Mod.( 1853 sec )
# Read sensitivity matrix from sensMatFreq18Mod.( 1853 sec )
# Read sensitivity matrix from sensMatFreq19Mod.( 1853 sec )
# Read sensitivity matrix from sensMatFreq20Mod.( 1854 sec )
# Read sensitivity matrix from sensMatFreq21Mod.( 1854 sec )
# Read sensitivity matrix from sensMatFreq22Mod.( 1854 sec )
# Read sensitivity matrix from sensMatFreq11Mod.( 1854 sec )
# Read sensitivity matrix from sensMatFreq11Mod.( 1854 sec )
# Read sensitivity matrix from sensMatFreq12Mod.( 1854 sec )
# Read sensitivity matrix from sensMatFreq13Mod.( 1855 sec )
# Read sensitivity matrix from sensMatFreq14Mod.( 1855 sec )
# Read sensitivity matrix from sensMatFreq15Mod.( 1855 sec )
# Read sensitivity matrix from sensMatFreq16Mod.( 1855 sec )
# Read sensitivity matrix from sensMatFreq17Mod.( 1855 sec )
# Read sensitivity matrix from sensMatFreq18Mod.( 1855 sec )
# Read sensitivity matrix from sensMatFreq19Mod.( 1856 sec )
# Read sensitivity matrix from sensMatFreq20Mod.( 1856 sec )
# Read sensitivity matrix from sensMatFreq21Mod.( 1856 sec )
# Read sensitivity matrix from sensMatFreq22Mod.( 1856 sec )
# Read sensitivity matrix from sensMatFreq12Mod.( 1856 sec )
# Read sensitivity matrix from sensMatFreq12Mod.( 1857 sec )
# Read sensitivity matrix from sensMatFreq13Mod.( 1857 sec )
# Read sensitivity matrix from sensMatFreq14Mod.( 1857 sec )
# Read sensitivity matrix from sensMatFreq15Mod.( 1857 sec )
# Read sensitivity matrix from sensMatFreq16Mod.( 1857 sec )
# Read sensitivity matrix from sensMatFreq17Mod.( 1857 sec )
# Read sensitivity matrix from sensMatFreq18Mod.( 1858 sec )
# Read sensitivity matrix from sensMatFreq19Mod.( 1858 sec )
# Read sensitivity matrix from sensMatFreq20Mod.( 1858 sec )
# Read sensitivity matrix from sensMatFreq21Mod.( 1858 sec )
# Read sensitivity matrix from sensMatFreq22Mod.( 1858 sec )
# Read sensitivity matrix from sensMatFreq13Mod.( 1859 sec )
# Read sensitivity matrix from sensMatFreq13Mod.( 1859 sec )
# Read sensitivity matrix from sensMatFreq14Mod.( 1859 sec )
# Read sensitivity matrix from sensMatFreq15Mod.( 1859 sec )
# Read sensitivity matrix from sensMatFreq16Mod.( 1859 sec )
# Read sensitivity matrix from sensMatFreq17Mod.( 1859 sec )
# Read sensitivity matrix from sensMatFreq18Mod.( 1860 sec )
# Read sensitivity matrix from sensMatFreq19Mod.( 1860 sec )
# Read sensitivity matrix from sensMatFreq20Mod.( 1860 sec )
# Read sensitivity matrix from sensMatFreq21Mod.( 1860 sec )
# Read sensitivity matrix from sensMatFreq22Mod.( 1860 sec )
# Read sensitivity matrix from sensMatFreq14Mod.( 1861 sec )
# Read sensitivity matrix from sensMatFreq14Mod.( 1861 sec )
# Read sensitivity matrix from sensMatFreq15Mod.( 1861 sec )
# Read sensitivity matrix from sensMatFreq16Mod.( 1861 sec )
# Read sensitivity matrix from sensMatFreq17Mod.( 1861 sec )
# Read sensitivity matrix from sensMatFreq18Mod.( 1861 sec )
# Read sensitivity matrix from sensMatFreq19Mod.( 1862 sec )
# Read sensitivity matrix from sensMatFreq20Mod.( 1862 sec )
# Read sensitivity matrix from sensMatFreq21Mod.( 1862 sec )
# Read sensitivity matrix from sensMatFreq22Mod.( 1862 sec )
# Read sensitivity matrix from sensMatFreq15Mod.( 1862 sec )
# Read sensitivity matrix from sensMatFreq15Mod.( 1862 sec )
# Read sensitivity matrix from sensMatFreq16Mod.( 1863 sec )
# Read sensitivity matrix from sensMatFreq17Mod.( 1863 sec )
# Read sensitivity matrix from sensMatFreq18Mod.( 1863 sec )
# Read sensitivity matrix from sensMatFreq19Mod.( 1863 sec )
# Read sensitivity matrix from sensMatFreq20Mod.( 1863 sec )
# Read sensitivity matrix from sensMatFreq21Mod.( 1864 sec )
# Read sensitivity matrix from sensMatFreq22Mod.( 1864 sec )
# Read sensitivity matrix from sensMatFreq16Mod.( 1864 sec )
# Read sensitivity matrix from sensMatFreq16Mod.( 1864 sec )
# Read sensitivity matrix from sensMatFreq17Mod.( 1864 sec )
# Read sensitivity matrix from sensMatFreq18Mod.( 1864 sec )
# Read sensitivity matrix from sensMatFreq19Mod.( 1865 sec )
# Read sensitivity matrix from sensMatFreq20Mod.( 1865 sec )
# Read sensitivity matrix from sensMatFreq21Mod.( 1865 sec )
# Read sensitivity matrix from sensMatFreq22Mod.( 1865 sec )
# Read sensitivity matrix from sensMatFreq17Mod.( 1865 sec )
# Read sensitivity matrix from sensMatFreq17Mod.( 1865 sec )
# Read sensitivity matrix from sensMatFreq18Mod.( 1866 sec )
# Read sensitivity matrix from sensMatFreq19Mod.( 1866 sec )
# Read sensitivity matrix from sensMatFreq20Mod.( 1866 sec )
# Read sensitivity matrix from sensMatFreq21Mod.( 1866 sec )
# Read sensitivity matrix from sensMatFreq22Mod.( 1866 sec )
# Read sensitivity matrix from sensMatFreq18Mod.( 1867 sec )
# Read sensitivity matrix from sensMatFreq18Mod.( 1867 sec )
# Read sensitivity matrix from sensMatFreq19Mod.( 1867 sec )
# Read sensitivity matrix from sensMatFreq20Mod.( 1867 sec )
# Read sensitivity matrix from sensMatFreq21Mod.( 1867 sec )
# Read sensitivity matrix from sensMatFreq22Mod.( 1867 sec )
# Read sensitivity matrix from sensMatFreq19Mod.( 1868 sec )
# Read sensitivity matrix from sensMatFreq19Mod.( 1868 sec )
# Read sensitivity matrix from sensMatFreq20Mod.( 1868 sec )
# Read sensitivity matrix from sensMatFreq21Mod.( 1868 sec )
# Read sensitivity matrix from sensMatFreq22Mod.( 1868 sec )
# Read sensitivity matrix from sensMatFreq20Mod.( 1868 sec )
# Read sensitivity matrix from sensMatFreq20Mod.( 1868 sec )
# Read sensitivity matrix from sensMatFreq21Mod.( 1869 sec )
# Read sensitivity matrix from sensMatFreq22Mod.( 1869 sec )
# Read sensitivity matrix from sensMatFreq21Mod.( 1869 sec )
# Read sensitivity matrix from sensMatFreq21Mod.( 1869 sec )
# Read sensitivity matrix from sensMatFreq22Mod.( 1869 sec )
# Read sensitivity matrix from sensMatFreq22Mod.( 1869 sec )
# Read sensitivity matrix from sensMatFreq22Mod.( 1870 sec )
# Total number of elements in coefficient matrix : 35418736
# Start numerical factorization for normal equation. ( 1870 sec )
# Start solve phase for normal equation. ( 1872 sec )
# Read sensitivity matrix from sensMatFreq0.( 1872 sec )
# Read sensitivity matrix from sensMatFreq1.( 1872 sec )
# Read sensitivity matrix from sensMatFreq2.( 1872 sec )
# Read sensitivity matrix from sensMatFreq3.( 1872 sec )
# Read sensitivity matrix from sensMatFreq4.( 1872 sec )
# Calculate model increments. ( 1873 sec )
###############################################################################
# Start Forward Computation.  Iteration : 3,  Retrial : 0
###############################################################################
#================================================================================================
# Start forward calculation. Frequency : 0.03981 [Hz], Polarization : Ex-polarization
#================================================================================================
# Start 3D forward calculation with 0th order 3D edge-based element.( 1874 sec )
# Number of equation = 475883, Number of equation after degeneration = 473549
# Calculating EM field of the boundary planes with 2D forward analysis.        
#-----------------------------[ Boundary Plane 2 ]-----------------------------
# Calculate electric field on a boundary plane with 0th order edge-based element.
# Number of equation = 514, Number of equation after degeneration = 470
# Set values of matrix and right hand side vector. ( 1874 sec )
# Numerical factorization phase of matrix solver for boundary plane. Polarization : 0 Plane : 2. ( 1874 sec )
# Solve phase of matrix solver for boundary plane. Polarization : 0 Plane : 2. ( 1874 sec )
#-----------------------------[ Boundary Plane 3 ]-----------------------------
# Calculate electric field on a boundary plane with 0th order edge-based element.
# Number of equation = 514, Number of equation after degeneration = 470
# Set values of matrix and right hand side vector. ( 1874 sec )
# Numerical factorization phase of matrix solver for boundary plane. Polarization : 0 Plane : 3. ( 1874 sec )
# Solve phase of matrix solver for boundary plane. Polarization : 0 Plane : 3. ( 1874 sec )
#------------------------------------------------------------------------------
# Set matrix structure. ( 1874 sec )
# Anaysis phase of matrix solver for 3D forward calculation. Polarization : 0. ( 1878 sec )
#++++++++++++++++++++++++++++++++++++++++++++++++++++++++++++++++++++++++++++++++++++++++++++++++
# Total peak memory required during the analysis and symbolic factorization phase    : 577593 [KByte]
# Permanent memory required from the analysis phase to the solve phases              : 482458 [KByte]
# Total memory consumed by in-core forward solver for internal float point arrays    : 4.12672e+06 [KByte]
# Minimum memory consumed by out-core forward solver for internal float point arrays : 68520 [KByte]
#++++++++++++++++++++++++++++++++++++++++++++++++++++++++++++++++++++++++++++++++++++++++++++++++
# Set values of matrix and right hand side vector. ( 1881 sec )
# Numerical factorization phase of matrix solver for 3D forward calculation. Polarization : 0.( 1883 sec )
# Solve phase of matrix solver for 3D forward calculation. Polarization : 0.( 1904 sec )
# Calulate right-hand sides vectors consisting of interpolator vectors.( 1904 sec )
# Solve phase of matrix solver for right-hand sides consisting of interpolator vectors.( 1904 sec )
# Solve phase is performed simultaneously for 68 right-hand sides( 1904 sec )
# Calculate derivatives of EM field.( 1907 sec )
#================================================================================================
# Start forward calculation. Frequency : 0.03981 [Hz], Polarization : Ey-polarization
#================================================================================================
# Start 3D forward calculation with 0th order 3D edge-based element.( 1920 sec )
# Number of equation = 475883, Number of equation after degeneration = 473549
# Calculating EM field of the boundary planes with 2D forward analysis.        
#-----------------------------[ Boundary Plane 0 ]-----------------------------
# Calculate electric field on a boundary plane with 0th order edge-based element.
# Number of equation = 520, Number of equation after degeneration = 476
# Set values of matrix and right hand side vector. ( 1920 sec )
# Numerical factorization phase of matrix solver for boundary plane. Polarization : 1 Plane : 0. ( 1920 sec )
# Solve phase of matrix solver for boundary plane. Polarization : 1 Plane : 0. ( 1920 sec )
#-----------------------------[ Boundary Plane 1 ]-----------------------------
# Calculate electric field on a boundary plane with 0th order edge-based element.
# Number of equation = 520, Number of equation after degeneration = 476
# Set values of matrix and right hand side vector. ( 1920 sec )
# Numerical factorization phase of matrix solver for boundary plane. Polarization : 1 Plane : 1. ( 1920 sec )
# Solve phase of matrix solver for boundary plane. Polarization : 1 Plane : 1. ( 1920 sec )
#------------------------------------------------------------------------------
# Set values of matrix and right hand side vector. ( 1920 sec )
# Numerical factorization phase of matrix solver for 3D forward calculation. Polarization : 1.( 1922 sec )
# Solve phase of matrix solver for 3D forward calculation. Polarization : 1.( 1943 sec )
# Calulate right-hand sides vectors consisting of interpolator vectors.( 1943 sec )
# Solve phase of matrix solver for right-hand sides consisting of interpolator vectors.( 1943 sec )
# Solve phase is performed simultaneously for 68 right-hand sides( 1943 sec )
# Calculate derivatives of EM field.( 1946 sec )
#==============================================================================
# Calculate response functions. ( 1958 sec )
# Calculate sensitivity matrix of frequency 0.03981[Hz].( 1958 sec )
# Sensitivity matrix of frequency 0.03981[Hz] is saved in the out-of-core file sensMatFreq0.
#==============================================================================
#================================================================================================
# Start forward calculation. Frequency : 0.06309 [Hz], Polarization : Ex-polarization
#================================================================================================
# Start 3D forward calculation with 0th order 3D edge-based element.( 1958 sec )
# Number of equation = 475883, Number of equation after degeneration = 473549
# Calculating EM field of the boundary planes with 2D forward analysis.        
#-----------------------------[ Boundary Plane 2 ]-----------------------------
# Calculate electric field on a boundary plane with 0th order edge-based element.
# Number of equation = 514, Number of equation after degeneration = 470
# Set values of matrix and right hand side vector. ( 1958 sec )
# Numerical factorization phase of matrix solver for boundary plane. Polarization : 0 Plane : 2. ( 1958 sec )
# Solve phase of matrix solver for boundary plane. Polarization : 0 Plane : 2. ( 1958 sec )
#-----------------------------[ Boundary Plane 3 ]-----------------------------
# Calculate electric field on a boundary plane with 0th order edge-based element.
# Number of equation = 514, Number of equation after degeneration = 470
# Set values of matrix and right hand side vector. ( 1958 sec )
# Numerical factorization phase of matrix solver for boundary plane. Polarization : 0 Plane : 3. ( 1958 sec )
# Solve phase of matrix solver for boundary plane. Polarization : 0 Plane : 3. ( 1958 sec )
#------------------------------------------------------------------------------
# Set values of matrix and right hand side vector. ( 1958 sec )
# Numerical factorization phase of matrix solver for 3D forward calculation. Polarization : 0.( 1960 sec )
# Solve phase of matrix solver for 3D forward calculation. Polarization : 0.( 1981 sec )
# Calulate right-hand sides vectors consisting of interpolator vectors.( 1981 sec )
# Solve phase of matrix solver for right-hand sides consisting of interpolator vectors.( 1982 sec )
# Solve phase is performed simultaneously for 89 right-hand sides( 1982 sec )
# Calculate derivatives of EM field.( 1985 sec )
#================================================================================================
# Start forward calculation. Frequency : 0.06309 [Hz], Polarization : Ey-polarization
#================================================================================================
# Start 3D forward calculation with 0th order 3D edge-based element.( 1998 sec )
# Number of equation = 475883, Number of equation after degeneration = 473549
# Calculating EM field of the boundary planes with 2D forward analysis.        
#-----------------------------[ Boundary Plane 0 ]-----------------------------
# Calculate electric field on a boundary plane with 0th order edge-based element.
# Number of equation = 520, Number of equation after degeneration = 476
# Set values of matrix and right hand side vector. ( 1998 sec )
# Numerical factorization phase of matrix solver for boundary plane. Polarization : 1 Plane : 0. ( 1998 sec )
# Solve phase of matrix solver for boundary plane. Polarization : 1 Plane : 0. ( 1998 sec )
#-----------------------------[ Boundary Plane 1 ]-----------------------------
# Calculate electric field on a boundary plane with 0th order edge-based element.
# Number of equation = 520, Number of equation after degeneration = 476
# Set values of matrix and right hand side vector. ( 1998 sec )
# Numerical factorization phase of matrix solver for boundary plane. Polarization : 1 Plane : 1. ( 1998 sec )
# Solve phase of matrix solver for boundary plane. Polarization : 1 Plane : 1. ( 1998 sec )
#------------------------------------------------------------------------------
# Set values of matrix and right hand side vector. ( 1998 sec )
# Numerical factorization phase of matrix solver for 3D forward calculation. Polarization : 1.( 2000 sec )
# Solve phase of matrix solver for 3D forward calculation. Polarization : 1.( 2021 sec )
# Calulate right-hand sides vectors consisting of interpolator vectors.( 2021 sec )
# Solve phase of matrix solver for right-hand sides consisting of interpolator vectors.( 2022 sec )
# Solve phase is performed simultaneously for 89 right-hand sides( 2022 sec )
# Calculate derivatives of EM field.( 2025 sec )
#==============================================================================
# Calculate response functions. ( 2038 sec )
# Calculate sensitivity matrix of frequency 0.06309[Hz].( 2038 sec )
# Sensitivity matrix of frequency 0.06309[Hz] is saved in the out-of-core file sensMatFreq1.
#==============================================================================
#================================================================================================
# Start forward calculation. Frequency : 0.1 [Hz], Polarization : Ex-polarization
#================================================================================================
# Start 3D forward calculation with 0th order 3D edge-based element.( 2039 sec )
# Number of equation = 475883, Number of equation after degeneration = 473549
# Calculating EM field of the boundary planes with 2D forward analysis.        
#-----------------------------[ Boundary Plane 2 ]-----------------------------
# Calculate electric field on a boundary plane with 0th order edge-based element.
# Number of equation = 514, Number of equation after degeneration = 470
# Set values of matrix and right hand side vector. ( 2039 sec )
# Numerical factorization phase of matrix solver for boundary plane. Polarization : 0 Plane : 2. ( 2039 sec )
# Solve phase of matrix solver for boundary plane. Polarization : 0 Plane : 2. ( 2039 sec )
#-----------------------------[ Boundary Plane 3 ]-----------------------------
# Calculate electric field on a boundary plane with 0th order edge-based element.
# Number of equation = 514, Number of equation after degeneration = 470
# Set values of matrix and right hand side vector. ( 2039 sec )
# Numerical factorization phase of matrix solver for boundary plane. Polarization : 0 Plane : 3. ( 2039 sec )
# Solve phase of matrix solver for boundary plane. Polarization : 0 Plane : 3. ( 2039 sec )
#------------------------------------------------------------------------------
# Set values of matrix and right hand side vector. ( 2039 sec )
# Numerical factorization phase of matrix solver for 3D forward calculation. Polarization : 0.( 2042 sec )
# Solve phase of matrix solver for 3D forward calculation. Polarization : 0.( 2062 sec )
# Calulate right-hand sides vectors consisting of interpolator vectors.( 2063 sec )
# Solve phase of matrix solver for right-hand sides consisting of interpolator vectors.( 2063 sec )
# Solve phase is performed simultaneously for 50 right-hand sides( 2063 sec )
# Calculate derivatives of EM field.( 2065 sec )
#================================================================================================
# Start forward calculation. Frequency : 0.1 [Hz], Polarization : Ey-polarization
#================================================================================================
# Start 3D forward calculation with 0th order 3D edge-based element.( 2075 sec )
# Number of equation = 475883, Number of equation after degeneration = 473549
# Calculating EM field of the boundary planes with 2D forward analysis.        
#-----------------------------[ Boundary Plane 0 ]-----------------------------
# Calculate electric field on a boundary plane with 0th order edge-based element.
# Number of equation = 520, Number of equation after degeneration = 476
# Set values of matrix and right hand side vector. ( 2075 sec )
# Numerical factorization phase of matrix solver for boundary plane. Polarization : 1 Plane : 0. ( 2075 sec )
# Solve phase of matrix solver for boundary plane. Polarization : 1 Plane : 0. ( 2075 sec )
#-----------------------------[ Boundary Plane 1 ]-----------------------------
# Calculate electric field on a boundary plane with 0th order edge-based element.
# Number of equation = 520, Number of equation after degeneration = 476
# Set values of matrix and right hand side vector. ( 2075 sec )
# Numerical factorization phase of matrix solver for boundary plane. Polarization : 1 Plane : 1. ( 2075 sec )
# Solve phase of matrix solver for boundary plane. Polarization : 1 Plane : 1. ( 2075 sec )
#------------------------------------------------------------------------------
# Set values of matrix and right hand side vector. ( 2075 sec )
# Numerical factorization phase of matrix solver for 3D forward calculation. Polarization : 1.( 2077 sec )
# Solve phase of matrix solver for 3D forward calculation. Polarization : 1.( 2098 sec )
# Calulate right-hand sides vectors consisting of interpolator vectors.( 2098 sec )
# Solve phase of matrix solver for right-hand sides consisting of interpolator vectors.( 2098 sec )
# Solve phase is performed simultaneously for 50 right-hand sides( 2098 sec )
# Calculate derivatives of EM field.( 2100 sec )
#==============================================================================
# Calculate response functions. ( 2109 sec )
# Calculate sensitivity matrix of frequency 0.1[Hz].( 2109 sec )
# Sensitivity matrix of frequency 0.1[Hz] is saved in the out-of-core file sensMatFreq2.
#==============================================================================
#================================================================================================
# Start forward calculation. Frequency : 0.15848 [Hz], Polarization : Ex-polarization
#================================================================================================
# Start 3D forward calculation with 0th order 3D edge-based element.( 2109 sec )
# Number of equation = 475883, Number of equation after degeneration = 473549
# Calculating EM field of the boundary planes with 2D forward analysis.        
#-----------------------------[ Boundary Plane 2 ]-----------------------------
# Calculate electric field on a boundary plane with 0th order edge-based element.
# Number of equation = 514, Number of equation after degeneration = 470
# Set values of matrix and right hand side vector. ( 2109 sec )
# Numerical factorization phase of matrix solver for boundary plane. Polarization : 0 Plane : 2. ( 2109 sec )
# Solve phase of matrix solver for boundary plane. Polarization : 0 Plane : 2. ( 2109 sec )
#-----------------------------[ Boundary Plane 3 ]-----------------------------
# Calculate electric field on a boundary plane with 0th order edge-based element.
# Number of equation = 514, Number of equation after degeneration = 470
# Set values of matrix and right hand side vector. ( 2109 sec )
# Numerical factorization phase of matrix solver for boundary plane. Polarization : 0 Plane : 3. ( 2109 sec )
# Solve phase of matrix solver for boundary plane. Polarization : 0 Plane : 3. ( 2109 sec )
#------------------------------------------------------------------------------
# Set values of matrix and right hand side vector. ( 2109 sec )
# Numerical factorization phase of matrix solver for 3D forward calculation. Polarization : 0.( 2111 sec )
# Solve phase of matrix solver for 3D forward calculation. Polarization : 0.( 2132 sec )
# Calulate right-hand sides vectors consisting of interpolator vectors.( 2132 sec )
# Solve phase of matrix solver for right-hand sides consisting of interpolator vectors.( 2132 sec )
# Solve phase is performed simultaneously for 52 right-hand sides( 2132 sec )
# Calculate derivatives of EM field.( 2134 sec )
#================================================================================================
# Start forward calculation. Frequency : 0.15848 [Hz], Polarization : Ey-polarization
#================================================================================================
# Start 3D forward calculation with 0th order 3D edge-based element.( 2142 sec )
# Number of equation = 475883, Number of equation after degeneration = 473549
# Calculating EM field of the boundary planes with 2D forward analysis.        
#-----------------------------[ Boundary Plane 0 ]-----------------------------
# Calculate electric field on a boundary plane with 0th order edge-based element.
# Number of equation = 520, Number of equation after degeneration = 476
# Set values of matrix and right hand side vector. ( 2142 sec )
# Numerical factorization phase of matrix solver for boundary plane. Polarization : 1 Plane : 0. ( 2142 sec )
# Solve phase of matrix solver for boundary plane. Polarization : 1 Plane : 0. ( 2142 sec )
#-----------------------------[ Boundary Plane 1 ]-----------------------------
# Calculate electric field on a boundary plane with 0th order edge-based element.
# Number of equation = 520, Number of equation after degeneration = 476
# Set values of matrix and right hand side vector. ( 2142 sec )
# Numerical factorization phase of matrix solver for boundary plane. Polarization : 1 Plane : 1. ( 2142 sec )
# Solve phase of matrix solver for boundary plane. Polarization : 1 Plane : 1. ( 2142 sec )
#------------------------------------------------------------------------------
# Set values of matrix and right hand side vector. ( 2142 sec )
# Numerical factorization phase of matrix solver for 3D forward calculation. Polarization : 1.( 2145 sec )
# Solve phase of matrix solver for 3D forward calculation. Polarization : 1.( 2165 sec )
# Calulate right-hand sides vectors consisting of interpolator vectors.( 2166 sec )
# Solve phase of matrix solver for right-hand sides consisting of interpolator vectors.( 2166 sec )
# Solve phase is performed simultaneously for 52 right-hand sides( 2166 sec )
# Calculate derivatives of EM field.( 2168 sec )
#==============================================================================
# Calculate response functions. ( 2176 sec )
# Calculate sensitivity matrix of frequency 0.15848[Hz].( 2176 sec )
# Sensitivity matrix of frequency 0.15848[Hz] is saved in the out-of-core file sensMatFreq3.
#==============================================================================
#================================================================================================
# Start forward calculation. Frequency : 0.25118 [Hz], Polarization : Ex-polarization
#================================================================================================
# Start 3D forward calculation with 0th order 3D edge-based element.( 2176 sec )
# Number of equation = 475883, Number of equation after degeneration = 473549
# Calculating EM field of the boundary planes with 2D forward analysis.        
#-----------------------------[ Boundary Plane 2 ]-----------------------------
# Calculate electric field on a boundary plane with 0th order edge-based element.
# Number of equation = 514, Number of equation after degeneration = 470
# Set values of matrix and right hand side vector. ( 2176 sec )
# Numerical factorization phase of matrix solver for boundary plane. Polarization : 0 Plane : 2. ( 2176 sec )
# Solve phase of matrix solver for boundary plane. Polarization : 0 Plane : 2. ( 2176 sec )
#-----------------------------[ Boundary Plane 3 ]-----------------------------
# Calculate electric field on a boundary plane with 0th order edge-based element.
# Number of equation = 514, Number of equation after degeneration = 470
# Set values of matrix and right hand side vector. ( 2176 sec )
# Numerical factorization phase of matrix solver for boundary plane. Polarization : 0 Plane : 3. ( 2176 sec )
# Solve phase of matrix solver for boundary plane. Polarization : 0 Plane : 3. ( 2176 sec )
#------------------------------------------------------------------------------
# Set values of matrix and right hand side vector. ( 2176 sec )
# Numerical factorization phase of matrix solver for 3D forward calculation. Polarization : 0.( 2179 sec )
# Solve phase of matrix solver for 3D forward calculation. Polarization : 0.( 2199 sec )
# Calulate right-hand sides vectors consisting of interpolator vectors.( 2199 sec )
# Solve phase of matrix solver for right-hand sides consisting of interpolator vectors.( 2200 sec )
# Solve phase is performed simultaneously for 53 right-hand sides( 2200 sec )
# Calculate derivatives of EM field.( 2202 sec )
#================================================================================================
# Start forward calculation. Frequency : 0.25118 [Hz], Polarization : Ey-polarization
#================================================================================================
# Start 3D forward calculation with 0th order 3D edge-based element.( 2210 sec )
# Number of equation = 475883, Number of equation after degeneration = 473549
# Calculating EM field of the boundary planes with 2D forward analysis.        
#-----------------------------[ Boundary Plane 0 ]-----------------------------
# Calculate electric field on a boundary plane with 0th order edge-based element.
# Number of equation = 520, Number of equation after degeneration = 476
# Set values of matrix and right hand side vector. ( 2210 sec )
# Numerical factorization phase of matrix solver for boundary plane. Polarization : 1 Plane : 0. ( 2210 sec )
# Solve phase of matrix solver for boundary plane. Polarization : 1 Plane : 0. ( 2210 sec )
#-----------------------------[ Boundary Plane 1 ]-----------------------------
# Calculate electric field on a boundary plane with 0th order edge-based element.
# Number of equation = 520, Number of equation after degeneration = 476
# Set values of matrix and right hand side vector. ( 2210 sec )
# Numerical factorization phase of matrix solver for boundary plane. Polarization : 1 Plane : 1. ( 2210 sec )
# Solve phase of matrix solver for boundary plane. Polarization : 1 Plane : 1. ( 2210 sec )
#------------------------------------------------------------------------------
# Set values of matrix and right hand side vector. ( 2210 sec )
# Numerical factorization phase of matrix solver for 3D forward calculation. Polarization : 1.( 2212 sec )
# Solve phase of matrix solver for 3D forward calculation. Polarization : 1.( 2233 sec )
# Calulate right-hand sides vectors consisting of interpolator vectors.( 2233 sec )
# Solve phase of matrix solver for right-hand sides consisting of interpolator vectors.( 2233 sec )
# Solve phase is performed simultaneously for 53 right-hand sides( 2233 sec )
# Calculate derivatives of EM field.( 2235 sec )
#==============================================================================
# Calculate response functions. ( 2245 sec )
# Calculate sensitivity matrix of frequency 0.25118[Hz].( 2245 sec )
# Sensitivity matrix of frequency 0.25118[Hz] is saved in the out-of-core file sensMatFreq4.
#==============================================================================
# Release memory of coefficient matrix and sparse solver. ( 2245 sec )
# Factor of step length damping change from 0.5 to 0.625.
###############################################################################
# Start Inversion.  Iteration : 3
###############################################################################
# Number of model : 54779
# Number of frequencies of this PE : 5
# Calculate constraining matrix. ( 2433 sec )
# Analyse constraining matrix.( 2433 sec )
# Analyse transposed constraining matrix.( 2433 sec )
# Factorize constraining matrix.( 2433 sec )
# Factorize transposed constraining matrix.( 2433 sec )
# Number of data of this PE : 544
# Read sensitivity matrix from sensMatFreq0.( 2434 sec )
# Multiply transposed sensitivity matrix by inverse of transposed constraining matrix. ( 2434 sec )
# Solve phase is performed simultaneously for 120 right-hand sides( 2434 sec )
# Read sensitivity matrix from sensMatFreq1.( 2434 sec )
# Multiply transposed sensitivity matrix by inverse of transposed constraining matrix. ( 2435 sec )
# Solve phase is performed simultaneously for 156 right-hand sides( 2435 sec )
# Read sensitivity matrix from sensMatFreq2.( 2435 sec )
# Multiply transposed sensitivity matrix by inverse of transposed constraining matrix. ( 2436 sec )
# Solve phase is performed simultaneously for 88 right-hand sides( 2436 sec )
# Read sensitivity matrix from sensMatFreq3.( 2436 sec )
# Multiply transposed sensitivity matrix by inverse of transposed constraining matrix. ( 2436 sec )
# Solve phase is performed simultaneously for 88 right-hand sides( 2436 sec )
# Read sensitivity matrix from sensMatFreq4.( 2436 sec )
# Multiply transposed sensitivity matrix by inverse of transposed constraining matrix. ( 2437 sec )
# Solve phase is performed simultaneously for 92 right-hand sides( 2437 sec )
# Solve phase.( 2448 sec )
# Calculate right-hand side vector. ( 2448 sec )
# Read sensitivity matrix from sensMatFreq0.( 2448 sec )
# Read sensitivity matrix from sensMatFreq1.( 2448 sec )
# Read sensitivity matrix from sensMatFreq2.( 2448 sec )
# Read sensitivity matrix from sensMatFreq3.( 2448 sec )
# Read sensitivity matrix from sensMatFreq4.( 2448 sec )
# Number of total data  : 8416
# Calculate coefficient matrix. ( 2448 sec )
# Read sensitivity matrix from sensMatFreq0Mod.( 2448 sec )
# Read sensitivity matrix from sensMatFreq0Mod.( 2448 sec )
# Read sensitivity matrix from sensMatFreq1Mod.( 2448 sec )
# Read sensitivity matrix from sensMatFreq2Mod.( 2449 sec )
# Read sensitivity matrix from sensMatFreq3Mod.( 2449 sec )
# Read sensitivity matrix from sensMatFreq4Mod.( 2449 sec )
# Read sensitivity matrix from sensMatFreq5Mod.( 2449 sec )
# Read sensitivity matrix from sensMatFreq6Mod.( 2449 sec )
# Read sensitivity matrix from sensMatFreq7Mod.( 2450 sec )
# Read sensitivity matrix from sensMatFreq8Mod.( 2450 sec )
# Read sensitivity matrix from sensMatFreq9Mod.( 2451 sec )
# Read sensitivity matrix from sensMatFreq10Mod.( 2451 sec )
# Read sensitivity matrix from sensMatFreq11Mod.( 2451 sec )
# Read sensitivity matrix from sensMatFreq12Mod.( 2452 sec )
# Read sensitivity matrix from sensMatFreq13Mod.( 2453 sec )
# Read sensitivity matrix from sensMatFreq14Mod.( 2453 sec )
# Read sensitivity matrix from sensMatFreq15Mod.( 2454 sec )
# Read sensitivity matrix from sensMatFreq16Mod.( 2454 sec )
# Read sensitivity matrix from sensMatFreq17Mod.( 2455 sec )
# Read sensitivity matrix from sensMatFreq18Mod.( 2456 sec )
# Read sensitivity matrix from sensMatFreq19Mod.( 2456 sec )
# Read sensitivity matrix from sensMatFreq20Mod.( 2457 sec )
# Read sensitivity matrix from sensMatFreq21Mod.( 2457 sec )
# Read sensitivity matrix from sensMatFreq22Mod.( 2458 sec )
# Read sensitivity matrix from sensMatFreq1Mod.( 2458 sec )
# Read sensitivity matrix from sensMatFreq1Mod.( 2458 sec )
# Read sensitivity matrix from sensMatFreq2Mod.( 2458 sec )
# Read sensitivity matrix from sensMatFreq3Mod.( 2458 sec )
# Read sensitivity matrix from sensMatFreq4Mod.( 2458 sec )
# Read sensitivity matrix from sensMatFreq5Mod.( 2458 sec )
# Read sensitivity matrix from sensMatFreq6Mod.( 2458 sec )
# Read sensitivity matrix from sensMatFreq7Mod.( 2458 sec )
# Read sensitivity matrix from sensMatFreq8Mod.( 2458 sec )
# Read sensitivity matrix from sensMatFreq9Mod.( 2459 sec )
# Read sensitivity matrix from sensMatFreq10Mod.( 2459 sec )
# Read sensitivity matrix from sensMatFreq11Mod.( 2459 sec )
# Read sensitivity matrix from sensMatFreq12Mod.( 2459 sec )
# Read sensitivity matrix from sensMatFreq13Mod.( 2459 sec )
# Read sensitivity matrix from sensMatFreq14Mod.( 2459 sec )
# Read sensitivity matrix from sensMatFreq15Mod.( 2459 sec )
# Read sensitivity matrix from sensMatFreq16Mod.( 2459 sec )
# Read sensitivity matrix from sensMatFreq17Mod.( 2459 sec )
# Read sensitivity matrix from sensMatFreq18Mod.( 2459 sec )
# Read sensitivity matrix from sensMatFreq19Mod.( 2460 sec )
# Read sensitivity matrix from sensMatFreq20Mod.( 2460 sec )
# Read sensitivity matrix from sensMatFreq21Mod.( 2460 sec )
# Read sensitivity matrix from sensMatFreq22Mod.( 2460 sec )
# Read sensitivity matrix from sensMatFreq2Mod.( 2460 sec )
# Read sensitivity matrix from sensMatFreq2Mod.( 2460 sec )
# Read sensitivity matrix from sensMatFreq3Mod.( 2460 sec )
# Read sensitivity matrix from sensMatFreq4Mod.( 2460 sec )
# Read sensitivity matrix from sensMatFreq5Mod.( 2460 sec )
# Read sensitivity matrix from sensMatFreq6Mod.( 2460 sec )
# Read sensitivity matrix from sensMatFreq7Mod.( 2460 sec )
# Read sensitivity matrix from sensMatFreq8Mod.( 2460 sec )
# Read sensitivity matrix from sensMatFreq9Mod.( 2460 sec )
# Read sensitivity matrix from sensMatFreq10Mod.( 2460 sec )
# Read sensitivity matrix from sensMatFreq11Mod.( 2460 sec )
# Read sensitivity matrix from sensMatFreq12Mod.( 2460 sec )
# Read sensitivity matrix from sensMatFreq13Mod.( 2460 sec )
# Read sensitivity matrix from sensMatFreq14Mod.( 2461 sec )
# Read sensitivity matrix from sensMatFreq15Mod.( 2461 sec )
# Read sensitivity matrix from sensMatFreq16Mod.( 2461 sec )
# Read sensitivity matrix from sensMatFreq17Mod.( 2461 sec )
# Read sensitivity matrix from sensMatFreq18Mod.( 2461 sec )
# Read sensitivity matrix from sensMatFreq19Mod.( 2461 sec )
# Read sensitivity matrix from sensMatFreq20Mod.( 2461 sec )
# Read sensitivity matrix from sensMatFreq21Mod.( 2461 sec )
# Read sensitivity matrix from sensMatFreq22Mod.( 2461 sec )
# Read sensitivity matrix from sensMatFreq3Mod.( 2461 sec )
# Read sensitivity matrix from sensMatFreq3Mod.( 2461 sec )
# Read sensitivity matrix from sensMatFreq4Mod.( 2461 sec )
# Read sensitivity matrix from sensMatFreq5Mod.( 2461 sec )
# Read sensitivity matrix from sensMatFreq6Mod.( 2461 sec )
# Read sensitivity matrix from sensMatFreq7Mod.( 2461 sec )
# Read sensitivity matrix from sensMatFreq8Mod.( 2462 sec )
# Read sensitivity matrix from sensMatFreq9Mod.( 2462 sec )
# Read sensitivity matrix from sensMatFreq10Mod.( 2462 sec )
# Read sensitivity matrix from sensMatFreq11Mod.( 2462 sec )
# Read sensitivity matrix from sensMatFreq12Mod.( 2462 sec )
# Read sensitivity matrix from sensMatFreq13Mod.( 2462 sec )
# Read sensitivity matrix from sensMatFreq14Mod.( 2462 sec )
# Read sensitivity matrix from sensMatFreq15Mod.( 2462 sec )
# Read sensitivity matrix from sensMatFreq16Mod.( 2462 sec )
# Read sensitivity matrix from sensMatFreq17Mod.( 2462 sec )
# Read sensitivity matrix from sensMatFreq18Mod.( 2462 sec )
# Read sensitivity matrix from sensMatFreq19Mod.( 2462 sec )
# Read sensitivity matrix from sensMatFreq20Mod.( 2463 sec )
# Read sensitivity matrix from sensMatFreq21Mod.( 2463 sec )
# Read sensitivity matrix from sensMatFreq22Mod.( 2463 sec )
# Read sensitivity matrix from sensMatFreq4Mod.( 2463 sec )
# Read sensitivity matrix from sensMatFreq4Mod.( 2463 sec )
# Read sensitivity matrix from sensMatFreq5Mod.( 2463 sec )
# Read sensitivity matrix from sensMatFreq6Mod.( 2463 sec )
# Read sensitivity matrix from sensMatFreq7Mod.( 2463 sec )
# Read sensitivity matrix from sensMatFreq8Mod.( 2463 sec )
# Read sensitivity matrix from sensMatFreq9Mod.( 2463 sec )
# Read sensitivity matrix from sensMatFreq10Mod.( 2463 sec )
# Read sensitivity matrix from sensMatFreq11Mod.( 2463 sec )
# Read sensitivity matrix from sensMatFreq12Mod.( 2463 sec )
# Read sensitivity matrix from sensMatFreq13Mod.( 2463 sec )
# Read sensitivity matrix from sensMatFreq14Mod.( 2463 sec )
# Read sensitivity matrix from sensMatFreq15Mod.( 2464 sec )
# Read sensitivity matrix from sensMatFreq16Mod.( 2464 sec )
# Read sensitivity matrix from sensMatFreq17Mod.( 2464 sec )
# Read sensitivity matrix from sensMatFreq18Mod.( 2464 sec )
# Read sensitivity matrix from sensMatFreq19Mod.( 2464 sec )
# Read sensitivity matrix from sensMatFreq20Mod.( 2464 sec )
# Read sensitivity matrix from sensMatFreq21Mod.( 2464 sec )
# Read sensitivity matrix from sensMatFreq22Mod.( 2464 sec )
# Read sensitivity matrix from sensMatFreq5Mod.( 2464 sec )
# Read sensitivity matrix from sensMatFreq5Mod.( 2464 sec )
# Read sensitivity matrix from sensMatFreq6Mod.( 2464 sec )
# Read sensitivity matrix from sensMatFreq7Mod.( 2464 sec )
# Read sensitivity matrix from sensMatFreq8Mod.( 2464 sec )
# Read sensitivity matrix from sensMatFreq9Mod.( 2465 sec )
# Read sensitivity matrix from sensMatFreq10Mod.( 2465 sec )
# Read sensitivity matrix from sensMatFreq11Mod.( 2465 sec )
# Read sensitivity matrix from sensMatFreq12Mod.( 2465 sec )
# Read sensitivity matrix from sensMatFreq13Mod.( 2465 sec )
# Read sensitivity matrix from sensMatFreq14Mod.( 2465 sec )
# Read sensitivity matrix from sensMatFreq15Mod.( 2465 sec )
# Read sensitivity matrix from sensMatFreq16Mod.( 2465 sec )
# Read sensitivity matrix from sensMatFreq17Mod.( 2465 sec )
# Read sensitivity matrix from sensMatFreq18Mod.( 2465 sec )
# Read sensitivity matrix from sensMatFreq19Mod.( 2465 sec )
# Read sensitivity matrix from sensMatFreq20Mod.( 2466 sec )
# Read sensitivity matrix from sensMatFreq21Mod.( 2466 sec )
# Read sensitivity matrix from sensMatFreq22Mod.( 2466 sec )
# Read sensitivity matrix from sensMatFreq6Mod.( 2466 sec )
# Read sensitivity matrix from sensMatFreq6Mod.( 2466 sec )
# Read sensitivity matrix from sensMatFreq7Mod.( 2466 sec )
# Read sensitivity matrix from sensMatFreq8Mod.( 2466 sec )
# Read sensitivity matrix from sensMatFreq9Mod.( 2466 sec )
# Read sensitivity matrix from sensMatFreq10Mod.( 2466 sec )
# Read sensitivity matrix from sensMatFreq11Mod.( 2466 sec )
# Read sensitivity matrix from sensMatFreq12Mod.( 2467 sec )
# Read sensitivity matrix from sensMatFreq13Mod.( 2467 sec )
# Read sensitivity matrix from sensMatFreq14Mod.( 2467 sec )
# Read sensitivity matrix from sensMatFreq15Mod.( 2467 sec )
# Read sensitivity matrix from sensMatFreq16Mod.( 2467 sec )
# Read sensitivity matrix from sensMatFreq17Mod.( 2467 sec )
# Read sensitivity matrix from sensMatFreq18Mod.( 2467 sec )
# Read sensitivity matrix from sensMatFreq19Mod.( 2467 sec )
# Read sensitivity matrix from sensMatFreq20Mod.( 2468 sec )
# Read sensitivity matrix from sensMatFreq21Mod.( 2468 sec )
# Read sensitivity matrix from sensMatFreq22Mod.( 2468 sec )
# Read sensitivity matrix from sensMatFreq7Mod.( 2468 sec )
# Read sensitivity matrix from sensMatFreq7Mod.( 2468 sec )
# Read sensitivity matrix from sensMatFreq8Mod.( 2468 sec )
# Read sensitivity matrix from sensMatFreq9Mod.( 2468 sec )
# Read sensitivity matrix from sensMatFreq10Mod.( 2468 sec )
# Read sensitivity matrix from sensMatFreq11Mod.( 2469 sec )
# Read sensitivity matrix from sensMatFreq12Mod.( 2469 sec )
# Read sensitivity matrix from sensMatFreq13Mod.( 2469 sec )
# Read sensitivity matrix from sensMatFreq14Mod.( 2469 sec )
# Read sensitivity matrix from sensMatFreq15Mod.( 2469 sec )
# Read sensitivity matrix from sensMatFreq16Mod.( 2469 sec )
# Read sensitivity matrix from sensMatFreq17Mod.( 2469 sec )
# Read sensitivity matrix from sensMatFreq18Mod.( 2470 sec )
# Read sensitivity matrix from sensMatFreq19Mod.( 2470 sec )
# Read sensitivity matrix from sensMatFreq20Mod.( 2470 sec )
# Read sensitivity matrix from sensMatFreq21Mod.( 2470 sec )
# Read sensitivity matrix from sensMatFreq22Mod.( 2470 sec )
# Read sensitivity matrix from sensMatFreq8Mod.( 2470 sec )
# Read sensitivity matrix from sensMatFreq8Mod.( 2470 sec )
# Read sensitivity matrix from sensMatFreq9Mod.( 2470 sec )
# Read sensitivity matrix from sensMatFreq10Mod.( 2471 sec )
# Read sensitivity matrix from sensMatFreq11Mod.( 2471 sec )
# Read sensitivity matrix from sensMatFreq12Mod.( 2471 sec )
# Read sensitivity matrix from sensMatFreq13Mod.( 2471 sec )
# Read sensitivity matrix from sensMatFreq14Mod.( 2471 sec )
# Read sensitivity matrix from sensMatFreq15Mod.( 2471 sec )
# Read sensitivity matrix from sensMatFreq16Mod.( 2471 sec )
# Read sensitivity matrix from sensMatFreq17Mod.( 2472 sec )
# Read sensitivity matrix from sensMatFreq18Mod.( 2472 sec )
# Read sensitivity matrix from sensMatFreq19Mod.( 2472 sec )
# Read sensitivity matrix from sensMatFreq20Mod.( 2472 sec )
# Read sensitivity matrix from sensMatFreq21Mod.( 2472 sec )
# Read sensitivity matrix from sensMatFreq22Mod.( 2472 sec )
# Read sensitivity matrix from sensMatFreq9Mod.( 2473 sec )
# Read sensitivity matrix from sensMatFreq9Mod.( 2473 sec )
# Read sensitivity matrix from sensMatFreq10Mod.( 2473 sec )
# Read sensitivity matrix from sensMatFreq11Mod.( 2473 sec )
# Read sensitivity matrix from sensMatFreq12Mod.( 2473 sec )
# Read sensitivity matrix from sensMatFreq13Mod.( 2473 sec )
# Read sensitivity matrix from sensMatFreq14Mod.( 2473 sec )
# Read sensitivity matrix from sensMatFreq15Mod.( 2474 sec )
# Read sensitivity matrix from sensMatFreq16Mod.( 2474 sec )
# Read sensitivity matrix from sensMatFreq17Mod.( 2474 sec )
# Read sensitivity matrix from sensMatFreq18Mod.( 2474 sec )
# Read sensitivity matrix from sensMatFreq19Mod.( 2474 sec )
# Read sensitivity matrix from sensMatFreq20Mod.( 2474 sec )
# Read sensitivity matrix from sensMatFreq21Mod.( 2475 sec )
# Read sensitivity matrix from sensMatFreq22Mod.( 2475 sec )
# Read sensitivity matrix from sensMatFreq10Mod.( 2475 sec )
# Read sensitivity matrix from sensMatFreq10Mod.( 2475 sec )
# Read sensitivity matrix from sensMatFreq11Mod.( 2475 sec )
# Read sensitivity matrix from sensMatFreq12Mod.( 2475 sec )
# Read sensitivity matrix from sensMatFreq13Mod.( 2476 sec )
# Read sensitivity matrix from sensMatFreq14Mod.( 2476 sec )
# Read sensitivity matrix from sensMatFreq15Mod.( 2476 sec )
# Read sensitivity matrix from sensMatFreq16Mod.( 2476 sec )
# Read sensitivity matrix from sensMatFreq17Mod.( 2476 sec )
# Read sensitivity matrix from sensMatFreq18Mod.( 2476 sec )
# Read sensitivity matrix from sensMatFreq19Mod.( 2477 sec )
# Read sensitivity matrix from sensMatFreq20Mod.( 2477 sec )
# Read sensitivity matrix from sensMatFreq21Mod.( 2477 sec )
# Read sensitivity matrix from sensMatFreq22Mod.( 2477 sec )
# Read sensitivity matrix from sensMatFreq11Mod.( 2477 sec )
# Read sensitivity matrix from sensMatFreq11Mod.( 2477 sec )
# Read sensitivity matrix from sensMatFreq12Mod.( 2478 sec )
# Read sensitivity matrix from sensMatFreq13Mod.( 2478 sec )
# Read sensitivity matrix from sensMatFreq14Mod.( 2478 sec )
# Read sensitivity matrix from sensMatFreq15Mod.( 2478 sec )
# Read sensitivity matrix from sensMatFreq16Mod.( 2478 sec )
# Read sensitivity matrix from sensMatFreq17Mod.( 2478 sec )
# Read sensitivity matrix from sensMatFreq18Mod.( 2479 sec )
# Read sensitivity matrix from sensMatFreq19Mod.( 2479 sec )
# Read sensitivity matrix from sensMatFreq20Mod.( 2479 sec )
# Read sensitivity matrix from sensMatFreq21Mod.( 2479 sec )
# Read sensitivity matrix from sensMatFreq22Mod.( 2479 sec )
# Read sensitivity matrix from sensMatFreq12Mod.( 2480 sec )
# Read sensitivity matrix from sensMatFreq12Mod.( 2480 sec )
# Read sensitivity matrix from sensMatFreq13Mod.( 2480 sec )
# Read sensitivity matrix from sensMatFreq14Mod.( 2480 sec )
# Read sensitivity matrix from sensMatFreq15Mod.( 2480 sec )
# Read sensitivity matrix from sensMatFreq16Mod.( 2480 sec )
# Read sensitivity matrix from sensMatFreq17Mod.( 2481 sec )
# Read sensitivity matrix from sensMatFreq18Mod.( 2481 sec )
# Read sensitivity matrix from sensMatFreq19Mod.( 2481 sec )
# Read sensitivity matrix from sensMatFreq20Mod.( 2481 sec )
# Read sensitivity matrix from sensMatFreq21Mod.( 2481 sec )
# Read sensitivity matrix from sensMatFreq22Mod.( 2482 sec )
# Read sensitivity matrix from sensMatFreq13Mod.( 2482 sec )
# Read sensitivity matrix from sensMatFreq13Mod.( 2482 sec )
# Read sensitivity matrix from sensMatFreq14Mod.( 2482 sec )
# Read sensitivity matrix from sensMatFreq15Mod.( 2482 sec )
# Read sensitivity matrix from sensMatFreq16Mod.( 2482 sec )
# Read sensitivity matrix from sensMatFreq17Mod.( 2483 sec )
# Read sensitivity matrix from sensMatFreq18Mod.( 2483 sec )
# Read sensitivity matrix from sensMatFreq19Mod.( 2483 sec )
# Read sensitivity matrix from sensMatFreq20Mod.( 2483 sec )
# Read sensitivity matrix from sensMatFreq21Mod.( 2483 sec )
# Read sensitivity matrix from sensMatFreq22Mod.( 2483 sec )
# Read sensitivity matrix from sensMatFreq14Mod.( 2484 sec )
# Read sensitivity matrix from sensMatFreq14Mod.( 2484 sec )
# Read sensitivity matrix from sensMatFreq15Mod.( 2484 sec )
# Read sensitivity matrix from sensMatFreq16Mod.( 2484 sec )
# Read sensitivity matrix from sensMatFreq17Mod.( 2484 sec )
# Read sensitivity matrix from sensMatFreq18Mod.( 2484 sec )
# Read sensitivity matrix from sensMatFreq19Mod.( 2485 sec )
# Read sensitivity matrix from sensMatFreq20Mod.( 2485 sec )
# Read sensitivity matrix from sensMatFreq21Mod.( 2485 sec )
# Read sensitivity matrix from sensMatFreq22Mod.( 2485 sec )
# Read sensitivity matrix from sensMatFreq15Mod.( 2485 sec )
# Read sensitivity matrix from sensMatFreq15Mod.( 2486 sec )
# Read sensitivity matrix from sensMatFreq16Mod.( 2486 sec )
# Read sensitivity matrix from sensMatFreq17Mod.( 2486 sec )
# Read sensitivity matrix from sensMatFreq18Mod.( 2486 sec )
# Read sensitivity matrix from sensMatFreq19Mod.( 2486 sec )
# Read sensitivity matrix from sensMatFreq20Mod.( 2486 sec )
# Read sensitivity matrix from sensMatFreq21Mod.( 2487 sec )
# Read sensitivity matrix from sensMatFreq22Mod.( 2487 sec )
# Read sensitivity matrix from sensMatFreq16Mod.( 2487 sec )
# Read sensitivity matrix from sensMatFreq16Mod.( 2487 sec )
# Read sensitivity matrix from sensMatFreq17Mod.( 2487 sec )
# Read sensitivity matrix from sensMatFreq18Mod.( 2487 sec )
# Read sensitivity matrix from sensMatFreq19Mod.( 2488 sec )
# Read sensitivity matrix from sensMatFreq20Mod.( 2488 sec )
# Read sensitivity matrix from sensMatFreq21Mod.( 2488 sec )
# Read sensitivity matrix from sensMatFreq22Mod.( 2488 sec )
# Read sensitivity matrix from sensMatFreq17Mod.( 2488 sec )
# Read sensitivity matrix from sensMatFreq17Mod.( 2488 sec )
# Read sensitivity matrix from sensMatFreq18Mod.( 2489 sec )
# Read sensitivity matrix from sensMatFreq19Mod.( 2489 sec )
# Read sensitivity matrix from sensMatFreq20Mod.( 2489 sec )
# Read sensitivity matrix from sensMatFreq21Mod.( 2489 sec )
# Read sensitivity matrix from sensMatFreq22Mod.( 2489 sec )
# Read sensitivity matrix from sensMatFreq18Mod.( 2490 sec )
# Read sensitivity matrix from sensMatFreq18Mod.( 2490 sec )
# Read sensitivity matrix from sensMatFreq19Mod.( 2490 sec )
# Read sensitivity matrix from sensMatFreq20Mod.( 2490 sec )
# Read sensitivity matrix from sensMatFreq21Mod.( 2490 sec )
# Read sensitivity matrix from sensMatFreq22Mod.( 2490 sec )
# Read sensitivity matrix from sensMatFreq19Mod.( 2491 sec )
# Read sensitivity matrix from sensMatFreq19Mod.( 2491 sec )
# Read sensitivity matrix from sensMatFreq20Mod.( 2491 sec )
# Read sensitivity matrix from sensMatFreq21Mod.( 2491 sec )
# Read sensitivity matrix from sensMatFreq22Mod.( 2491 sec )
# Read sensitivity matrix from sensMatFreq20Mod.( 2491 sec )
# Read sensitivity matrix from sensMatFreq20Mod.( 2491 sec )
# Read sensitivity matrix from sensMatFreq21Mod.( 2492 sec )
# Read sensitivity matrix from sensMatFreq22Mod.( 2492 sec )
# Read sensitivity matrix from sensMatFreq21Mod.( 2492 sec )
# Read sensitivity matrix from sensMatFreq21Mod.( 2492 sec )
# Read sensitivity matrix from sensMatFreq22Mod.( 2492 sec )
# Read sensitivity matrix from sensMatFreq22Mod.( 2493 sec )
# Read sensitivity matrix from sensMatFreq22Mod.( 2493 sec )
# Total number of elements in coefficient matrix : 35418736
# Start numerical factorization for normal equation. ( 2493 sec )
# Start solve phase for normal equation. ( 2495 sec )
# Read sensitivity matrix from sensMatFreq0.( 2495 sec )
# Read sensitivity matrix from sensMatFreq1.( 2495 sec )
# Read sensitivity matrix from sensMatFreq2.( 2495 sec )
# Read sensitivity matrix from sensMatFreq3.( 2495 sec )
# Read sensitivity matrix from sensMatFreq4.( 2495 sec )
# Calculate model increments. ( 2496 sec )
###############################################################################
# Start Forward Computation.  Iteration : 4,  Retrial : 0
###############################################################################
#================================================================================================
# Start forward calculation. Frequency : 0.03981 [Hz], Polarization : Ex-polarization
#================================================================================================
# Start 3D forward calculation with 0th order 3D edge-based element.( 2497 sec )
# Number of equation = 475883, Number of equation after degeneration = 473549
# Calculating EM field of the boundary planes with 2D forward analysis.        
#-----------------------------[ Boundary Plane 2 ]-----------------------------
# Calculate electric field on a boundary plane with 0th order edge-based element.
# Number of equation = 514, Number of equation after degeneration = 470
# Set values of matrix and right hand side vector. ( 2497 sec )
# Numerical factorization phase of matrix solver for boundary plane. Polarization : 0 Plane : 2. ( 2497 sec )
# Solve phase of matrix solver for boundary plane. Polarization : 0 Plane : 2. ( 2497 sec )
#-----------------------------[ Boundary Plane 3 ]-----------------------------
# Calculate electric field on a boundary plane with 0th order edge-based element.
# Number of equation = 514, Number of equation after degeneration = 470
# Set values of matrix and right hand side vector. ( 2497 sec )
# Numerical factorization phase of matrix solver for boundary plane. Polarization : 0 Plane : 3. ( 2497 sec )
# Solve phase of matrix solver for boundary plane. Polarization : 0 Plane : 3. ( 2497 sec )
#------------------------------------------------------------------------------
# Set matrix structure. ( 2497 sec )
# Anaysis phase of matrix solver for 3D forward calculation. Polarization : 0. ( 2500 sec )
#++++++++++++++++++++++++++++++++++++++++++++++++++++++++++++++++++++++++++++++++++++++++++++++++
# Total peak memory required during the analysis and symbolic factorization phase    : 577134 [KByte]
# Permanent memory required from the analysis phase to the solve phases              : 482101 [KByte]
# Total memory consumed by in-core forward solver for internal float point arrays    : 4.12384e+06 [KByte]
# Minimum memory consumed by out-core forward solver for internal float point arrays : 68742 [KByte]
#++++++++++++++++++++++++++++++++++++++++++++++++++++++++++++++++++++++++++++++++++++++++++++++++
# Set values of matrix and right hand side vector. ( 2503 sec )
# Numerical factorization phase of matrix solver for 3D forward calculation. Polarization : 0.( 2506 sec )
# Solve phase of matrix solver for 3D forward calculation. Polarization : 0.( 2526 sec )
# Calulate right-hand sides vectors consisting of interpolator vectors.( 2527 sec )
# Solve phase of matrix solver for right-hand sides consisting of interpolator vectors.( 2527 sec )
# Solve phase is performed simultaneously for 68 right-hand sides( 2527 sec )
# Calculate derivatives of EM field.( 2530 sec )
#================================================================================================
# Start forward calculation. Frequency : 0.03981 [Hz], Polarization : Ey-polarization
#================================================================================================
# Start 3D forward calculation with 0th order 3D edge-based element.( 2542 sec )
# Number of equation = 475883, Number of equation after degeneration = 473549
# Calculating EM field of the boundary planes with 2D forward analysis.        
#-----------------------------[ Boundary Plane 0 ]-----------------------------
# Calculate electric field on a boundary plane with 0th order edge-based element.
# Number of equation = 520, Number of equation after degeneration = 476
# Set values of matrix and right hand side vector. ( 2542 sec )
# Numerical factorization phase of matrix solver for boundary plane. Polarization : 1 Plane : 0. ( 2542 sec )
# Solve phase of matrix solver for boundary plane. Polarization : 1 Plane : 0. ( 2542 sec )
#-----------------------------[ Boundary Plane 1 ]-----------------------------
# Calculate electric field on a boundary plane with 0th order edge-based element.
# Number of equation = 520, Number of equation after degeneration = 476
# Set values of matrix and right hand side vector. ( 2542 sec )
# Numerical factorization phase of matrix solver for boundary plane. Polarization : 1 Plane : 1. ( 2542 sec )
# Solve phase of matrix solver for boundary plane. Polarization : 1 Plane : 1. ( 2542 sec )
#------------------------------------------------------------------------------
# Set values of matrix and right hand side vector. ( 2542 sec )
# Numerical factorization phase of matrix solver for 3D forward calculation. Polarization : 1.( 2545 sec )
# Solve phase of matrix solver for 3D forward calculation. Polarization : 1.( 2565 sec )
# Calulate right-hand sides vectors consisting of interpolator vectors.( 2566 sec )
# Solve phase of matrix solver for right-hand sides consisting of interpolator vectors.( 2566 sec )
# Solve phase is performed simultaneously for 68 right-hand sides( 2566 sec )
# Calculate derivatives of EM field.( 2568 sec )
#==============================================================================
# Calculate response functions. ( 2581 sec )
# Calculate sensitivity matrix of frequency 0.03981[Hz].( 2581 sec )
# Sensitivity matrix of frequency 0.03981[Hz] is saved in the out-of-core file sensMatFreq0.
#==============================================================================
#================================================================================================
# Start forward calculation. Frequency : 0.06309 [Hz], Polarization : Ex-polarization
#================================================================================================
# Start 3D forward calculation with 0th order 3D edge-based element.( 2582 sec )
# Number of equation = 475883, Number of equation after degeneration = 473549
# Calculating EM field of the boundary planes with 2D forward analysis.        
#-----------------------------[ Boundary Plane 2 ]-----------------------------
# Calculate electric field on a boundary plane with 0th order edge-based element.
# Number of equation = 514, Number of equation after degeneration = 470
# Set values of matrix and right hand side vector. ( 2582 sec )
# Numerical factorization phase of matrix solver for boundary plane. Polarization : 0 Plane : 2. ( 2582 sec )
# Solve phase of matrix solver for boundary plane. Polarization : 0 Plane : 2. ( 2582 sec )
#-----------------------------[ Boundary Plane 3 ]-----------------------------
# Calculate electric field on a boundary plane with 0th order edge-based element.
# Number of equation = 514, Number of equation after degeneration = 470
# Set values of matrix and right hand side vector. ( 2582 sec )
# Numerical factorization phase of matrix solver for boundary plane. Polarization : 0 Plane : 3. ( 2582 sec )
# Solve phase of matrix solver for boundary plane. Polarization : 0 Plane : 3. ( 2582 sec )
#------------------------------------------------------------------------------
# Set values of matrix and right hand side vector. ( 2582 sec )
# Numerical factorization phase of matrix solver for 3D forward calculation. Polarization : 0.( 2584 sec )
# Solve phase of matrix solver for 3D forward calculation. Polarization : 0.( 2605 sec )
# Calulate right-hand sides vectors consisting of interpolator vectors.( 2605 sec )
# Solve phase of matrix solver for right-hand sides consisting of interpolator vectors.( 2605 sec )
# Solve phase is performed simultaneously for 89 right-hand sides( 2605 sec )
# Calculate derivatives of EM field.( 2608 sec )
#================================================================================================
# Start forward calculation. Frequency : 0.06309 [Hz], Polarization : Ey-polarization
#================================================================================================
# Start 3D forward calculation with 0th order 3D edge-based element.( 2621 sec )
# Number of equation = 475883, Number of equation after degeneration = 473549
# Calculating EM field of the boundary planes with 2D forward analysis.        
#-----------------------------[ Boundary Plane 0 ]-----------------------------
# Calculate electric field on a boundary plane with 0th order edge-based element.
# Number of equation = 520, Number of equation after degeneration = 476
# Set values of matrix and right hand side vector. ( 2621 sec )
# Numerical factorization phase of matrix solver for boundary plane. Polarization : 1 Plane : 0. ( 2621 sec )
# Solve phase of matrix solver for boundary plane. Polarization : 1 Plane : 0. ( 2621 sec )
#-----------------------------[ Boundary Plane 1 ]-----------------------------
# Calculate electric field on a boundary plane with 0th order edge-based element.
# Number of equation = 520, Number of equation after degeneration = 476
# Set values of matrix and right hand side vector. ( 2621 sec )
# Numerical factorization phase of matrix solver for boundary plane. Polarization : 1 Plane : 1. ( 2621 sec )
# Solve phase of matrix solver for boundary plane. Polarization : 1 Plane : 1. ( 2621 sec )
#------------------------------------------------------------------------------
# Set values of matrix and right hand side vector. ( 2621 sec )
# Numerical factorization phase of matrix solver for 3D forward calculation. Polarization : 1.( 2624 sec )
# Solve phase of matrix solver for 3D forward calculation. Polarization : 1.( 2644 sec )
# Calulate right-hand sides vectors consisting of interpolator vectors.( 2644 sec )
# Solve phase of matrix solver for right-hand sides consisting of interpolator vectors.( 2645 sec )
# Solve phase is performed simultaneously for 89 right-hand sides( 2645 sec )
# Calculate derivatives of EM field.( 2648 sec )
#==============================================================================
# Calculate response functions. ( 2660 sec )
# Calculate sensitivity matrix of frequency 0.06309[Hz].( 2660 sec )
# Sensitivity matrix of frequency 0.06309[Hz] is saved in the out-of-core file sensMatFreq1.
#==============================================================================
#================================================================================================
# Start forward calculation. Frequency : 0.1 [Hz], Polarization : Ex-polarization
#================================================================================================
# Start 3D forward calculation with 0th order 3D edge-based element.( 2661 sec )
# Number of equation = 475883, Number of equation after degeneration = 473549
# Calculating EM field of the boundary planes with 2D forward analysis.        
#-----------------------------[ Boundary Plane 2 ]-----------------------------
# Calculate electric field on a boundary plane with 0th order edge-based element.
# Number of equation = 514, Number of equation after degeneration = 470
# Set values of matrix and right hand side vector. ( 2661 sec )
# Numerical factorization phase of matrix solver for boundary plane. Polarization : 0 Plane : 2. ( 2661 sec )
# Solve phase of matrix solver for boundary plane. Polarization : 0 Plane : 2. ( 2661 sec )
#-----------------------------[ Boundary Plane 3 ]-----------------------------
# Calculate electric field on a boundary plane with 0th order edge-based element.
# Number of equation = 514, Number of equation after degeneration = 470
# Set values of matrix and right hand side vector. ( 2661 sec )
# Numerical factorization phase of matrix solver for boundary plane. Polarization : 0 Plane : 3. ( 2661 sec )
# Solve phase of matrix solver for boundary plane. Polarization : 0 Plane : 3. ( 2661 sec )
#------------------------------------------------------------------------------
# Set values of matrix and right hand side vector. ( 2661 sec )
# Numerical factorization phase of matrix solver for 3D forward calculation. Polarization : 0.( 2663 sec )
# Solve phase of matrix solver for 3D forward calculation. Polarization : 0.( 2683 sec )
# Calulate right-hand sides vectors consisting of interpolator vectors.( 2684 sec )
# Solve phase of matrix solver for right-hand sides consisting of interpolator vectors.( 2684 sec )
# Solve phase is performed simultaneously for 50 right-hand sides( 2684 sec )
# Calculate derivatives of EM field.( 2686 sec )
#================================================================================================
# Start forward calculation. Frequency : 0.1 [Hz], Polarization : Ey-polarization
#================================================================================================
# Start 3D forward calculation with 0th order 3D edge-based element.( 2697 sec )
# Number of equation = 475883, Number of equation after degeneration = 473549
# Calculating EM field of the boundary planes with 2D forward analysis.        
#-----------------------------[ Boundary Plane 0 ]-----------------------------
# Calculate electric field on a boundary plane with 0th order edge-based element.
# Number of equation = 520, Number of equation after degeneration = 476
# Set values of matrix and right hand side vector. ( 2697 sec )
# Numerical factorization phase of matrix solver for boundary plane. Polarization : 1 Plane : 0. ( 2697 sec )
# Solve phase of matrix solver for boundary plane. Polarization : 1 Plane : 0. ( 2697 sec )
#-----------------------------[ Boundary Plane 1 ]-----------------------------
# Calculate electric field on a boundary plane with 0th order edge-based element.
# Number of equation = 520, Number of equation after degeneration = 476
# Set values of matrix and right hand side vector. ( 2697 sec )
# Numerical factorization phase of matrix solver for boundary plane. Polarization : 1 Plane : 1. ( 2697 sec )
# Solve phase of matrix solver for boundary plane. Polarization : 1 Plane : 1. ( 2697 sec )
#------------------------------------------------------------------------------
# Set values of matrix and right hand side vector. ( 2697 sec )
# Numerical factorization phase of matrix solver for 3D forward calculation. Polarization : 1.( 2699 sec )
# Solve phase of matrix solver for 3D forward calculation. Polarization : 1.( 2719 sec )
# Calulate right-hand sides vectors consisting of interpolator vectors.( 2720 sec )
# Solve phase of matrix solver for right-hand sides consisting of interpolator vectors.( 2720 sec )
# Solve phase is performed simultaneously for 50 right-hand sides( 2720 sec )
# Calculate derivatives of EM field.( 2722 sec )
#==============================================================================
# Calculate response functions. ( 2731 sec )
# Calculate sensitivity matrix of frequency 0.1[Hz].( 2731 sec )
# Sensitivity matrix of frequency 0.1[Hz] is saved in the out-of-core file sensMatFreq2.
#==============================================================================
#================================================================================================
# Start forward calculation. Frequency : 0.15848 [Hz], Polarization : Ex-polarization
#================================================================================================
# Start 3D forward calculation with 0th order 3D edge-based element.( 2732 sec )
# Number of equation = 475883, Number of equation after degeneration = 473549
# Calculating EM field of the boundary planes with 2D forward analysis.        
#-----------------------------[ Boundary Plane 2 ]-----------------------------
# Calculate electric field on a boundary plane with 0th order edge-based element.
# Number of equation = 514, Number of equation after degeneration = 470
# Set values of matrix and right hand side vector. ( 2732 sec )
# Numerical factorization phase of matrix solver for boundary plane. Polarization : 0 Plane : 2. ( 2732 sec )
# Solve phase of matrix solver for boundary plane. Polarization : 0 Plane : 2. ( 2732 sec )
#-----------------------------[ Boundary Plane 3 ]-----------------------------
# Calculate electric field on a boundary plane with 0th order edge-based element.
# Number of equation = 514, Number of equation after degeneration = 470
# Set values of matrix and right hand side vector. ( 2732 sec )
# Numerical factorization phase of matrix solver for boundary plane. Polarization : 0 Plane : 3. ( 2732 sec )
# Solve phase of matrix solver for boundary plane. Polarization : 0 Plane : 3. ( 2732 sec )
#------------------------------------------------------------------------------
# Set values of matrix and right hand side vector. ( 2732 sec )
# Numerical factorization phase of matrix solver for 3D forward calculation. Polarization : 0.( 2734 sec )
# Solve phase of matrix solver for 3D forward calculation. Polarization : 0.( 2754 sec )
# Calulate right-hand sides vectors consisting of interpolator vectors.( 2755 sec )
# Solve phase of matrix solver for right-hand sides consisting of interpolator vectors.( 2755 sec )
# Solve phase is performed simultaneously for 52 right-hand sides( 2755 sec )
# Calculate derivatives of EM field.( 2757 sec )
#================================================================================================
# Start forward calculation. Frequency : 0.15848 [Hz], Polarization : Ey-polarization
#================================================================================================
# Start 3D forward calculation with 0th order 3D edge-based element.( 2765 sec )
# Number of equation = 475883, Number of equation after degeneration = 473549
# Calculating EM field of the boundary planes with 2D forward analysis.        
#-----------------------------[ Boundary Plane 0 ]-----------------------------
# Calculate electric field on a boundary plane with 0th order edge-based element.
# Number of equation = 520, Number of equation after degeneration = 476
# Set values of matrix and right hand side vector. ( 2765 sec )
# Numerical factorization phase of matrix solver for boundary plane. Polarization : 1 Plane : 0. ( 2765 sec )
# Solve phase of matrix solver for boundary plane. Polarization : 1 Plane : 0. ( 2765 sec )
#-----------------------------[ Boundary Plane 1 ]-----------------------------
# Calculate electric field on a boundary plane with 0th order edge-based element.
# Number of equation = 520, Number of equation after degeneration = 476
# Set values of matrix and right hand side vector. ( 2765 sec )
# Numerical factorization phase of matrix solver for boundary plane. Polarization : 1 Plane : 1. ( 2765 sec )
# Solve phase of matrix solver for boundary plane. Polarization : 1 Plane : 1. ( 2765 sec )
#------------------------------------------------------------------------------
# Set values of matrix and right hand side vector. ( 2765 sec )
# Numerical factorization phase of matrix solver for 3D forward calculation. Polarization : 1.( 2767 sec )
# Solve phase of matrix solver for 3D forward calculation. Polarization : 1.( 2788 sec )
# Calulate right-hand sides vectors consisting of interpolator vectors.( 2788 sec )
# Solve phase of matrix solver for right-hand sides consisting of interpolator vectors.( 2788 sec )
# Solve phase is performed simultaneously for 52 right-hand sides( 2788 sec )
# Calculate derivatives of EM field.( 2791 sec )
#==============================================================================
# Calculate response functions. ( 2799 sec )
# Calculate sensitivity matrix of frequency 0.15848[Hz].( 2799 sec )
# Sensitivity matrix of frequency 0.15848[Hz] is saved in the out-of-core file sensMatFreq3.
#==============================================================================
#================================================================================================
# Start forward calculation. Frequency : 0.25118 [Hz], Polarization : Ex-polarization
#================================================================================================
# Start 3D forward calculation with 0th order 3D edge-based element.( 2799 sec )
# Number of equation = 475883, Number of equation after degeneration = 473549
# Calculating EM field of the boundary planes with 2D forward analysis.        
#-----------------------------[ Boundary Plane 2 ]-----------------------------
# Calculate electric field on a boundary plane with 0th order edge-based element.
# Number of equation = 514, Number of equation after degeneration = 470
# Set values of matrix and right hand side vector. ( 2799 sec )
# Numerical factorization phase of matrix solver for boundary plane. Polarization : 0 Plane : 2. ( 2799 sec )
# Solve phase of matrix solver for boundary plane. Polarization : 0 Plane : 2. ( 2799 sec )
#-----------------------------[ Boundary Plane 3 ]-----------------------------
# Calculate electric field on a boundary plane with 0th order edge-based element.
# Number of equation = 514, Number of equation after degeneration = 470
# Set values of matrix and right hand side vector. ( 2799 sec )
# Numerical factorization phase of matrix solver for boundary plane. Polarization : 0 Plane : 3. ( 2799 sec )
# Solve phase of matrix solver for boundary plane. Polarization : 0 Plane : 3. ( 2799 sec )
#------------------------------------------------------------------------------
# Set values of matrix and right hand side vector. ( 2799 sec )
# Numerical factorization phase of matrix solver for 3D forward calculation. Polarization : 0.( 2801 sec )
# Solve phase of matrix solver for 3D forward calculation. Polarization : 0.( 2822 sec )
# Calulate right-hand sides vectors consisting of interpolator vectors.( 2822 sec )
# Solve phase of matrix solver for right-hand sides consisting of interpolator vectors.( 2823 sec )
# Solve phase is performed simultaneously for 53 right-hand sides( 2823 sec )
# Calculate derivatives of EM field.( 2825 sec )
#================================================================================================
# Start forward calculation. Frequency : 0.25118 [Hz], Polarization : Ey-polarization
#================================================================================================
# Start 3D forward calculation with 0th order 3D edge-based element.( 2833 sec )
# Number of equation = 475883, Number of equation after degeneration = 473549
# Calculating EM field of the boundary planes with 2D forward analysis.        
#-----------------------------[ Boundary Plane 0 ]-----------------------------
# Calculate electric field on a boundary plane with 0th order edge-based element.
# Number of equation = 520, Number of equation after degeneration = 476
# Set values of matrix and right hand side vector. ( 2833 sec )
# Numerical factorization phase of matrix solver for boundary plane. Polarization : 1 Plane : 0. ( 2833 sec )
# Solve phase of matrix solver for boundary plane. Polarization : 1 Plane : 0. ( 2833 sec )
#-----------------------------[ Boundary Plane 1 ]-----------------------------
# Calculate electric field on a boundary plane with 0th order edge-based element.
# Number of equation = 520, Number of equation after degeneration = 476
# Set values of matrix and right hand side vector. ( 2833 sec )
# Numerical factorization phase of matrix solver for boundary plane. Polarization : 1 Plane : 1. ( 2833 sec )
# Solve phase of matrix solver for boundary plane. Polarization : 1 Plane : 1. ( 2833 sec )
#------------------------------------------------------------------------------
# Set values of matrix and right hand side vector. ( 2833 sec )
# Numerical factorization phase of matrix solver for 3D forward calculation. Polarization : 1.( 2835 sec )
# Solve phase of matrix solver for 3D forward calculation. Polarization : 1.( 2855 sec )
# Calulate right-hand sides vectors consisting of interpolator vectors.( 2856 sec )
# Solve phase of matrix solver for right-hand sides consisting of interpolator vectors.( 2856 sec )
# Solve phase is performed simultaneously for 53 right-hand sides( 2856 sec )
# Calculate derivatives of EM field.( 2858 sec )
#==============================================================================
# Calculate response functions. ( 2866 sec )
# Calculate sensitivity matrix of frequency 0.25118[Hz].( 2866 sec )
# Sensitivity matrix of frequency 0.25118[Hz] is saved in the out-of-core file sensMatFreq4.
#==============================================================================
# Release memory of coefficient matrix and sparse solver. ( 2866 sec )
# Factor of step length damping change from 0.625 to 0.78125.
###############################################################################
# Start Inversion.  Iteration : 4
###############################################################################
# Number of model : 54779
# Number of frequencies of this PE : 5
# Calculate constraining matrix. ( 3050 sec )
# Analyse constraining matrix.( 3050 sec )
# Analyse transposed constraining matrix.( 3050 sec )
# Factorize constraining matrix.( 3050 sec )
# Factorize transposed constraining matrix.( 3050 sec )
# Number of data of this PE : 544
# Read sensitivity matrix from sensMatFreq0.( 3050 sec )
# Multiply transposed sensitivity matrix by inverse of transposed constraining matrix. ( 3051 sec )
# Solve phase is performed simultaneously for 120 right-hand sides( 3051 sec )
# Read sensitivity matrix from sensMatFreq1.( 3051 sec )
# Multiply transposed sensitivity matrix by inverse of transposed constraining matrix. ( 3052 sec )
# Solve phase is performed simultaneously for 156 right-hand sides( 3052 sec )
# Read sensitivity matrix from sensMatFreq2.( 3052 sec )
# Multiply transposed sensitivity matrix by inverse of transposed constraining matrix. ( 3053 sec )
# Solve phase is performed simultaneously for 88 right-hand sides( 3053 sec )
# Read sensitivity matrix from sensMatFreq3.( 3053 sec )
# Multiply transposed sensitivity matrix by inverse of transposed constraining matrix. ( 3053 sec )
# Solve phase is performed simultaneously for 88 right-hand sides( 3053 sec )
# Read sensitivity matrix from sensMatFreq4.( 3053 sec )
# Multiply transposed sensitivity matrix by inverse of transposed constraining matrix. ( 3054 sec )
# Solve phase is performed simultaneously for 92 right-hand sides( 3054 sec )
# Solve phase.( 3064 sec )
# Calculate right-hand side vector. ( 3064 sec )
# Read sensitivity matrix from sensMatFreq0.( 3064 sec )
# Read sensitivity matrix from sensMatFreq1.( 3064 sec )
# Read sensitivity matrix from sensMatFreq2.( 3064 sec )
# Read sensitivity matrix from sensMatFreq3.( 3064 sec )
# Read sensitivity matrix from sensMatFreq4.( 3064 sec )
# Number of total data  : 8416
# Calculate coefficient matrix. ( 3065 sec )
# Read sensitivity matrix from sensMatFreq0Mod.( 3065 sec )
# Read sensitivity matrix from sensMatFreq0Mod.( 3065 sec )
# Read sensitivity matrix from sensMatFreq1Mod.( 3065 sec )
# Read sensitivity matrix from sensMatFreq2Mod.( 3065 sec )
# Read sensitivity matrix from sensMatFreq3Mod.( 3065 sec )
# Read sensitivity matrix from sensMatFreq4Mod.( 3066 sec )
# Read sensitivity matrix from sensMatFreq5Mod.( 3066 sec )
# Read sensitivity matrix from sensMatFreq6Mod.( 3066 sec )
# Read sensitivity matrix from sensMatFreq7Mod.( 3066 sec )
# Read sensitivity matrix from sensMatFreq8Mod.( 3067 sec )
# Read sensitivity matrix from sensMatFreq9Mod.( 3067 sec )
# Read sensitivity matrix from sensMatFreq10Mod.( 3068 sec )
# Read sensitivity matrix from sensMatFreq11Mod.( 3068 sec )
# Read sensitivity matrix from sensMatFreq12Mod.( 3069 sec )
# Read sensitivity matrix from sensMatFreq13Mod.( 3069 sec )
# Read sensitivity matrix from sensMatFreq14Mod.( 3070 sec )
# Read sensitivity matrix from sensMatFreq15Mod.( 3071 sec )
# Read sensitivity matrix from sensMatFreq16Mod.( 3072 sec )
# Read sensitivity matrix from sensMatFreq17Mod.( 3072 sec )
# Read sensitivity matrix from sensMatFreq18Mod.( 3073 sec )
# Read sensitivity matrix from sensMatFreq19Mod.( 3074 sec )
# Read sensitivity matrix from sensMatFreq20Mod.( 3075 sec )
# Read sensitivity matrix from sensMatFreq21Mod.( 3075 sec )
# Read sensitivity matrix from sensMatFreq22Mod.( 3076 sec )
# Read sensitivity matrix from sensMatFreq1Mod.( 3076 sec )
# Read sensitivity matrix from sensMatFreq1Mod.( 3076 sec )
# Read sensitivity matrix from sensMatFreq2Mod.( 3076 sec )
# Read sensitivity matrix from sensMatFreq3Mod.( 3076 sec )
# Read sensitivity matrix from sensMatFreq4Mod.( 3076 sec )
# Read sensitivity matrix from sensMatFreq5Mod.( 3076 sec )
# Read sensitivity matrix from sensMatFreq6Mod.( 3076 sec )
# Read sensitivity matrix from sensMatFreq7Mod.( 3076 sec )
# Read sensitivity matrix from sensMatFreq8Mod.( 3076 sec )
# Read sensitivity matrix from sensMatFreq9Mod.( 3077 sec )
# Read sensitivity matrix from sensMatFreq10Mod.( 3077 sec )
# Read sensitivity matrix from sensMatFreq11Mod.( 3077 sec )
# Read sensitivity matrix from sensMatFreq12Mod.( 3077 sec )
# Read sensitivity matrix from sensMatFreq13Mod.( 3077 sec )
# Read sensitivity matrix from sensMatFreq14Mod.( 3077 sec )
# Read sensitivity matrix from sensMatFreq15Mod.( 3077 sec )
# Read sensitivity matrix from sensMatFreq16Mod.( 3077 sec )
# Read sensitivity matrix from sensMatFreq17Mod.( 3077 sec )
# Read sensitivity matrix from sensMatFreq18Mod.( 3077 sec )
# Read sensitivity matrix from sensMatFreq19Mod.( 3078 sec )
# Read sensitivity matrix from sensMatFreq20Mod.( 3078 sec )
# Read sensitivity matrix from sensMatFreq21Mod.( 3078 sec )
# Read sensitivity matrix from sensMatFreq22Mod.( 3078 sec )
# Read sensitivity matrix from sensMatFreq2Mod.( 3078 sec )
# Read sensitivity matrix from sensMatFreq2Mod.( 3078 sec )
# Read sensitivity matrix from sensMatFreq3Mod.( 3078 sec )
# Read sensitivity matrix from sensMatFreq4Mod.( 3078 sec )
# Read sensitivity matrix from sensMatFreq5Mod.( 3078 sec )
# Read sensitivity matrix from sensMatFreq6Mod.( 3078 sec )
# Read sensitivity matrix from sensMatFreq7Mod.( 3078 sec )
# Read sensitivity matrix from sensMatFreq8Mod.( 3078 sec )
# Read sensitivity matrix from sensMatFreq9Mod.( 3078 sec )
# Read sensitivity matrix from sensMatFreq10Mod.( 3078 sec )
# Read sensitivity matrix from sensMatFreq11Mod.( 3078 sec )
# Read sensitivity matrix from sensMatFreq12Mod.( 3078 sec )
# Read sensitivity matrix from sensMatFreq13Mod.( 3079 sec )
# Read sensitivity matrix from sensMatFreq14Mod.( 3079 sec )
# Read sensitivity matrix from sensMatFreq15Mod.( 3079 sec )
# Read sensitivity matrix from sensMatFreq16Mod.( 3079 sec )
# Read sensitivity matrix from sensMatFreq17Mod.( 3079 sec )
# Read sensitivity matrix from sensMatFreq18Mod.( 3079 sec )
# Read sensitivity matrix from sensMatFreq19Mod.( 3079 sec )
# Read sensitivity matrix from sensMatFreq20Mod.( 3079 sec )
# Read sensitivity matrix from sensMatFreq21Mod.( 3079 sec )
# Read sensitivity matrix from sensMatFreq22Mod.( 3079 sec )
# Read sensitivity matrix from sensMatFreq3Mod.( 3079 sec )
# Read sensitivity matrix from sensMatFreq3Mod.( 3079 sec )
# Read sensitivity matrix from sensMatFreq4Mod.( 3079 sec )
# Read sensitivity matrix from sensMatFreq5Mod.( 3080 sec )
# Read sensitivity matrix from sensMatFreq6Mod.( 3080 sec )
# Read sensitivity matrix from sensMatFreq7Mod.( 3080 sec )
# Read sensitivity matrix from sensMatFreq8Mod.( 3080 sec )
# Read sensitivity matrix from sensMatFreq9Mod.( 3080 sec )
# Read sensitivity matrix from sensMatFreq10Mod.( 3080 sec )
# Read sensitivity matrix from sensMatFreq11Mod.( 3080 sec )
# Read sensitivity matrix from sensMatFreq12Mod.( 3080 sec )
# Read sensitivity matrix from sensMatFreq13Mod.( 3080 sec )
# Read sensitivity matrix from sensMatFreq14Mod.( 3080 sec )
# Read sensitivity matrix from sensMatFreq15Mod.( 3080 sec )
# Read sensitivity matrix from sensMatFreq16Mod.( 3080 sec )
# Read sensitivity matrix from sensMatFreq17Mod.( 3080 sec )
# Read sensitivity matrix from sensMatFreq18Mod.( 3080 sec )
# Read sensitivity matrix from sensMatFreq19Mod.( 3081 sec )
# Read sensitivity matrix from sensMatFreq20Mod.( 3081 sec )
# Read sensitivity matrix from sensMatFreq21Mod.( 3081 sec )
# Read sensitivity matrix from sensMatFreq22Mod.( 3081 sec )
# Read sensitivity matrix from sensMatFreq4Mod.( 3081 sec )
# Read sensitivity matrix from sensMatFreq4Mod.( 3081 sec )
# Read sensitivity matrix from sensMatFreq5Mod.( 3081 sec )
# Read sensitivity matrix from sensMatFreq6Mod.( 3081 sec )
# Read sensitivity matrix from sensMatFreq7Mod.( 3081 sec )
# Read sensitivity matrix from sensMatFreq8Mod.( 3081 sec )
# Read sensitivity matrix from sensMatFreq9Mod.( 3081 sec )
# Read sensitivity matrix from sensMatFreq10Mod.( 3081 sec )
# Read sensitivity matrix from sensMatFreq11Mod.( 3081 sec )
# Read sensitivity matrix from sensMatFreq12Mod.( 3081 sec )
# Read sensitivity matrix from sensMatFreq13Mod.( 3081 sec )
# Read sensitivity matrix from sensMatFreq14Mod.( 3082 sec )
# Read sensitivity matrix from sensMatFreq15Mod.( 3082 sec )
# Read sensitivity matrix from sensMatFreq16Mod.( 3082 sec )
# Read sensitivity matrix from sensMatFreq17Mod.( 3082 sec )
# Read sensitivity matrix from sensMatFreq18Mod.( 3082 sec )
# Read sensitivity matrix from sensMatFreq19Mod.( 3082 sec )
# Read sensitivity matrix from sensMatFreq20Mod.( 3082 sec )
# Read sensitivity matrix from sensMatFreq21Mod.( 3082 sec )
# Read sensitivity matrix from sensMatFreq22Mod.( 3082 sec )
# Read sensitivity matrix from sensMatFreq5Mod.( 3082 sec )
# Read sensitivity matrix from sensMatFreq5Mod.( 3082 sec )
# Read sensitivity matrix from sensMatFreq6Mod.( 3082 sec )
# Read sensitivity matrix from sensMatFreq7Mod.( 3083 sec )
# Read sensitivity matrix from sensMatFreq8Mod.( 3083 sec )
# Read sensitivity matrix from sensMatFreq9Mod.( 3083 sec )
# Read sensitivity matrix from sensMatFreq10Mod.( 3083 sec )
# Read sensitivity matrix from sensMatFreq11Mod.( 3083 sec )
# Read sensitivity matrix from sensMatFreq12Mod.( 3083 sec )
# Read sensitivity matrix from sensMatFreq13Mod.( 3083 sec )
# Read sensitivity matrix from sensMatFreq14Mod.( 3083 sec )
# Read sensitivity matrix from sensMatFreq15Mod.( 3083 sec )
# Read sensitivity matrix from sensMatFreq16Mod.( 3083 sec )
# Read sensitivity matrix from sensMatFreq17Mod.( 3083 sec )
# Read sensitivity matrix from sensMatFreq18Mod.( 3084 sec )
# Read sensitivity matrix from sensMatFreq19Mod.( 3084 sec )
# Read sensitivity matrix from sensMatFreq20Mod.( 3084 sec )
# Read sensitivity matrix from sensMatFreq21Mod.( 3084 sec )
# Read sensitivity matrix from sensMatFreq22Mod.( 3084 sec )
# Read sensitivity matrix from sensMatFreq6Mod.( 3084 sec )
# Read sensitivity matrix from sensMatFreq6Mod.( 3084 sec )
# Read sensitivity matrix from sensMatFreq7Mod.( 3084 sec )
# Read sensitivity matrix from sensMatFreq8Mod.( 3084 sec )
# Read sensitivity matrix from sensMatFreq9Mod.( 3084 sec )
# Read sensitivity matrix from sensMatFreq10Mod.( 3084 sec )
# Read sensitivity matrix from sensMatFreq11Mod.( 3085 sec )
# Read sensitivity matrix from sensMatFreq12Mod.( 3085 sec )
# Read sensitivity matrix from sensMatFreq13Mod.( 3085 sec )
# Read sensitivity matrix from sensMatFreq14Mod.( 3085 sec )
# Read sensitivity matrix from sensMatFreq15Mod.( 3085 sec )
# Read sensitivity matrix from sensMatFreq16Mod.( 3085 sec )
# Read sensitivity matrix from sensMatFreq17Mod.( 3085 sec )
# Read sensitivity matrix from sensMatFreq18Mod.( 3086 sec )
# Read sensitivity matrix from sensMatFreq19Mod.( 3086 sec )
# Read sensitivity matrix from sensMatFreq20Mod.( 3086 sec )
# Read sensitivity matrix from sensMatFreq21Mod.( 3086 sec )
# Read sensitivity matrix from sensMatFreq22Mod.( 3086 sec )
# Read sensitivity matrix from sensMatFreq7Mod.( 3086 sec )
# Read sensitivity matrix from sensMatFreq7Mod.( 3086 sec )
# Read sensitivity matrix from sensMatFreq8Mod.( 3086 sec )
# Read sensitivity matrix from sensMatFreq9Mod.( 3086 sec )
# Read sensitivity matrix from sensMatFreq10Mod.( 3087 sec )
# Read sensitivity matrix from sensMatFreq11Mod.( 3087 sec )
# Read sensitivity matrix from sensMatFreq12Mod.( 3087 sec )
# Read sensitivity matrix from sensMatFreq13Mod.( 3087 sec )
# Read sensitivity matrix from sensMatFreq14Mod.( 3087 sec )
# Read sensitivity matrix from sensMatFreq15Mod.( 3087 sec )
# Read sensitivity matrix from sensMatFreq16Mod.( 3087 sec )
# Read sensitivity matrix from sensMatFreq17Mod.( 3088 sec )
# Read sensitivity matrix from sensMatFreq18Mod.( 3088 sec )
# Read sensitivity matrix from sensMatFreq19Mod.( 3088 sec )
# Read sensitivity matrix from sensMatFreq20Mod.( 3088 sec )
# Read sensitivity matrix from sensMatFreq21Mod.( 3088 sec )
# Read sensitivity matrix from sensMatFreq22Mod.( 3088 sec )
# Read sensitivity matrix from sensMatFreq8Mod.( 3089 sec )
# Read sensitivity matrix from sensMatFreq8Mod.( 3089 sec )
# Read sensitivity matrix from sensMatFreq9Mod.( 3089 sec )
# Read sensitivity matrix from sensMatFreq10Mod.( 3089 sec )
# Read sensitivity matrix from sensMatFreq11Mod.( 3089 sec )
# Read sensitivity matrix from sensMatFreq12Mod.( 3089 sec )
# Read sensitivity matrix from sensMatFreq13Mod.( 3089 sec )
# Read sensitivity matrix from sensMatFreq14Mod.( 3089 sec )
# Read sensitivity matrix from sensMatFreq15Mod.( 3090 sec )
# Read sensitivity matrix from sensMatFreq16Mod.( 3090 sec )
# Read sensitivity matrix from sensMatFreq17Mod.( 3090 sec )
# Read sensitivity matrix from sensMatFreq18Mod.( 3090 sec )
# Read sensitivity matrix from sensMatFreq19Mod.( 3090 sec )
# Read sensitivity matrix from sensMatFreq20Mod.( 3090 sec )
# Read sensitivity matrix from sensMatFreq21Mod.( 3091 sec )
# Read sensitivity matrix from sensMatFreq22Mod.( 3091 sec )
# Read sensitivity matrix from sensMatFreq9Mod.( 3091 sec )
# Read sensitivity matrix from sensMatFreq9Mod.( 3091 sec )
# Read sensitivity matrix from sensMatFreq10Mod.( 3091 sec )
# Read sensitivity matrix from sensMatFreq11Mod.( 3091 sec )
# Read sensitivity matrix from sensMatFreq12Mod.( 3091 sec )
# Read sensitivity matrix from sensMatFreq13Mod.( 3092 sec )
# Read sensitivity matrix from sensMatFreq14Mod.( 3092 sec )
# Read sensitivity matrix from sensMatFreq15Mod.( 3092 sec )
# Read sensitivity matrix from sensMatFreq16Mod.( 3092 sec )
# Read sensitivity matrix from sensMatFreq17Mod.( 3092 sec )
# Read sensitivity matrix from sensMatFreq18Mod.( 3092 sec )
# Read sensitivity matrix from sensMatFreq19Mod.( 3093 sec )
# Read sensitivity matrix from sensMatFreq20Mod.( 3093 sec )
# Read sensitivity matrix from sensMatFreq21Mod.( 3093 sec )
# Read sensitivity matrix from sensMatFreq22Mod.( 3093 sec )
# Read sensitivity matrix from sensMatFreq10Mod.( 3093 sec )
# Read sensitivity matrix from sensMatFreq10Mod.( 3093 sec )
# Read sensitivity matrix from sensMatFreq11Mod.( 3094 sec )
# Read sensitivity matrix from sensMatFreq12Mod.( 3094 sec )
# Read sensitivity matrix from sensMatFreq13Mod.( 3094 sec )
# Read sensitivity matrix from sensMatFreq14Mod.( 3094 sec )
# Read sensitivity matrix from sensMatFreq15Mod.( 3094 sec )
# Read sensitivity matrix from sensMatFreq16Mod.( 3094 sec )
# Read sensitivity matrix from sensMatFreq17Mod.( 3095 sec )
# Read sensitivity matrix from sensMatFreq18Mod.( 3095 sec )
# Read sensitivity matrix from sensMatFreq19Mod.( 3095 sec )
# Read sensitivity matrix from sensMatFreq20Mod.( 3095 sec )
# Read sensitivity matrix from sensMatFreq21Mod.( 3095 sec )
# Read sensitivity matrix from sensMatFreq22Mod.( 3095 sec )
# Read sensitivity matrix from sensMatFreq11Mod.( 3096 sec )
# Read sensitivity matrix from sensMatFreq11Mod.( 3096 sec )
# Read sensitivity matrix from sensMatFreq12Mod.( 3096 sec )
# Read sensitivity matrix from sensMatFreq13Mod.( 3096 sec )
# Read sensitivity matrix from sensMatFreq14Mod.( 3096 sec )
# Read sensitivity matrix from sensMatFreq15Mod.( 3096 sec )
# Read sensitivity matrix from sensMatFreq16Mod.( 3097 sec )
# Read sensitivity matrix from sensMatFreq17Mod.( 3097 sec )
# Read sensitivity matrix from sensMatFreq18Mod.( 3097 sec )
# Read sensitivity matrix from sensMatFreq19Mod.( 3097 sec )
# Read sensitivity matrix from sensMatFreq20Mod.( 3097 sec )
# Read sensitivity matrix from sensMatFreq21Mod.( 3098 sec )
# Read sensitivity matrix from sensMatFreq22Mod.( 3098 sec )
# Read sensitivity matrix from sensMatFreq12Mod.( 3098 sec )
# Read sensitivity matrix from sensMatFreq12Mod.( 3098 sec )
# Read sensitivity matrix from sensMatFreq13Mod.( 3098 sec )
# Read sensitivity matrix from sensMatFreq14Mod.( 3098 sec )
# Read sensitivity matrix from sensMatFreq15Mod.( 3099 sec )
# Read sensitivity matrix from sensMatFreq16Mod.( 3099 sec )
# Read sensitivity matrix from sensMatFreq17Mod.( 3099 sec )
# Read sensitivity matrix from sensMatFreq18Mod.( 3099 sec )
# Read sensitivity matrix from sensMatFreq19Mod.( 3099 sec )
# Read sensitivity matrix from sensMatFreq20Mod.( 3100 sec )
# Read sensitivity matrix from sensMatFreq21Mod.( 3100 sec )
# Read sensitivity matrix from sensMatFreq22Mod.( 3100 sec )
# Read sensitivity matrix from sensMatFreq13Mod.( 3100 sec )
# Read sensitivity matrix from sensMatFreq13Mod.( 3100 sec )
# Read sensitivity matrix from sensMatFreq14Mod.( 3100 sec )
# Read sensitivity matrix from sensMatFreq15Mod.( 3101 sec )
# Read sensitivity matrix from sensMatFreq16Mod.( 3101 sec )
# Read sensitivity matrix from sensMatFreq17Mod.( 3101 sec )
# Read sensitivity matrix from sensMatFreq18Mod.( 3101 sec )
# Read sensitivity matrix from sensMatFreq19Mod.( 3101 sec )
# Read sensitivity matrix from sensMatFreq20Mod.( 3101 sec )
# Read sensitivity matrix from sensMatFreq21Mod.( 3102 sec )
# Read sensitivity matrix from sensMatFreq22Mod.( 3102 sec )
# Read sensitivity matrix from sensMatFreq14Mod.( 3102 sec )
# Read sensitivity matrix from sensMatFreq14Mod.( 3102 sec )
# Read sensitivity matrix from sensMatFreq15Mod.( 3102 sec )
# Read sensitivity matrix from sensMatFreq16Mod.( 3103 sec )
# Read sensitivity matrix from sensMatFreq17Mod.( 3103 sec )
# Read sensitivity matrix from sensMatFreq18Mod.( 3103 sec )
# Read sensitivity matrix from sensMatFreq19Mod.( 3103 sec )
# Read sensitivity matrix from sensMatFreq20Mod.( 3103 sec )
# Read sensitivity matrix from sensMatFreq21Mod.( 3104 sec )
# Read sensitivity matrix from sensMatFreq22Mod.( 3104 sec )
# Read sensitivity matrix from sensMatFreq15Mod.( 3104 sec )
# Read sensitivity matrix from sensMatFreq15Mod.( 3104 sec )
# Read sensitivity matrix from sensMatFreq16Mod.( 3104 sec )
# Read sensitivity matrix from sensMatFreq17Mod.( 3104 sec )
# Read sensitivity matrix from sensMatFreq18Mod.( 3105 sec )
# Read sensitivity matrix from sensMatFreq19Mod.( 3105 sec )
# Read sensitivity matrix from sensMatFreq20Mod.( 3105 sec )
# Read sensitivity matrix from sensMatFreq21Mod.( 3105 sec )
# Read sensitivity matrix from sensMatFreq22Mod.( 3105 sec )
# Read sensitivity matrix from sensMatFreq16Mod.( 3106 sec )
# Read sensitivity matrix from sensMatFreq16Mod.( 3106 sec )
# Read sensitivity matrix from sensMatFreq17Mod.( 3106 sec )
# Read sensitivity matrix from sensMatFreq18Mod.( 3106 sec )
# Read sensitivity matrix from sensMatFreq19Mod.( 3106 sec )
# Read sensitivity matrix from sensMatFreq20Mod.( 3106 sec )
# Read sensitivity matrix from sensMatFreq21Mod.( 3107 sec )
# Read sensitivity matrix from sensMatFreq22Mod.( 3107 sec )
# Read sensitivity matrix from sensMatFreq17Mod.( 3107 sec )
# Read sensitivity matrix from sensMatFreq17Mod.( 3107 sec )
# Read sensitivity matrix from sensMatFreq18Mod.( 3107 sec )
# Read sensitivity matrix from sensMatFreq19Mod.( 3107 sec )
# Read sensitivity matrix from sensMatFreq20Mod.( 3108 sec )
# Read sensitivity matrix from sensMatFreq21Mod.( 3108 sec )
# Read sensitivity matrix from sensMatFreq22Mod.( 3108 sec )
# Read sensitivity matrix from sensMatFreq18Mod.( 3108 sec )
# Read sensitivity matrix from sensMatFreq18Mod.( 3108 sec )
# Read sensitivity matrix from sensMatFreq19Mod.( 3108 sec )
# Read sensitivity matrix from sensMatFreq20Mod.( 3109 sec )
# Read sensitivity matrix from sensMatFreq21Mod.( 3109 sec )
# Read sensitivity matrix from sensMatFreq22Mod.( 3109 sec )
# Read sensitivity matrix from sensMatFreq19Mod.( 3109 sec )
# Read sensitivity matrix from sensMatFreq19Mod.( 3109 sec )
# Read sensitivity matrix from sensMatFreq20Mod.( 3109 sec )
# Read sensitivity matrix from sensMatFreq21Mod.( 3110 sec )
# Read sensitivity matrix from sensMatFreq22Mod.( 3110 sec )
# Read sensitivity matrix from sensMatFreq20Mod.( 3110 sec )
# Read sensitivity matrix from sensMatFreq20Mod.( 3110 sec )
# Read sensitivity matrix from sensMatFreq21Mod.( 3110 sec )
# Read sensitivity matrix from sensMatFreq22Mod.( 3110 sec )
# Read sensitivity matrix from sensMatFreq21Mod.( 3111 sec )
# Read sensitivity matrix from sensMatFreq21Mod.( 3111 sec )
# Read sensitivity matrix from sensMatFreq22Mod.( 3111 sec )
# Read sensitivity matrix from sensMatFreq22Mod.( 3111 sec )
# Read sensitivity matrix from sensMatFreq22Mod.( 3111 sec )
# Total number of elements in coefficient matrix : 35418736
# Start numerical factorization for normal equation. ( 3111 sec )
# Start solve phase for normal equation. ( 3114 sec )
# Read sensitivity matrix from sensMatFreq0.( 3114 sec )
# Read sensitivity matrix from sensMatFreq1.( 3114 sec )
# Read sensitivity matrix from sensMatFreq2.( 3114 sec )
# Read sensitivity matrix from sensMatFreq3.( 3114 sec )
# Read sensitivity matrix from sensMatFreq4.( 3114 sec )
# Calculate model increments. ( 3115 sec )
###############################################################################
# Start Forward Computation.  Iteration : 5,  Retrial : 0
###############################################################################
#================================================================================================
# Start forward calculation. Frequency : 0.03981 [Hz], Polarization : Ex-polarization
#================================================================================================
# Start 3D forward calculation with 0th order 3D edge-based element.( 3116 sec )
# Number of equation = 475883, Number of equation after degeneration = 473549
# Calculating EM field of the boundary planes with 2D forward analysis.        
#-----------------------------[ Boundary Plane 2 ]-----------------------------
# Calculate electric field on a boundary plane with 0th order edge-based element.
# Number of equation = 514, Number of equation after degeneration = 470
# Set values of matrix and right hand side vector. ( 3116 sec )
# Numerical factorization phase of matrix solver for boundary plane. Polarization : 0 Plane : 2. ( 3116 sec )
# Solve phase of matrix solver for boundary plane. Polarization : 0 Plane : 2. ( 3116 sec )
#-----------------------------[ Boundary Plane 3 ]-----------------------------
# Calculate electric field on a boundary plane with 0th order edge-based element.
# Number of equation = 514, Number of equation after degeneration = 470
# Set values of matrix and right hand side vector. ( 3116 sec )
# Numerical factorization phase of matrix solver for boundary plane. Polarization : 0 Plane : 3. ( 3116 sec )
# Solve phase of matrix solver for boundary plane. Polarization : 0 Plane : 3. ( 3116 sec )
#------------------------------------------------------------------------------
# Set matrix structure. ( 3116 sec )
# Anaysis phase of matrix solver for 3D forward calculation. Polarization : 0. ( 3119 sec )
#++++++++++++++++++++++++++++++++++++++++++++++++++++++++++++++++++++++++++++++++++++++++++++++++
# Total peak memory required during the analysis and symbolic factorization phase    : 576291 [KByte]
# Permanent memory required from the analysis phase to the solve phases              : 481688 [KByte]
# Total memory consumed by in-core forward solver for internal float point arrays    : 4.10435e+06 [KByte]
# Minimum memory consumed by out-core forward solver for internal float point arrays : 69080 [KByte]
#++++++++++++++++++++++++++++++++++++++++++++++++++++++++++++++++++++++++++++++++++++++++++++++++
# Set values of matrix and right hand side vector. ( 3122 sec )
# Numerical factorization phase of matrix solver for 3D forward calculation. Polarization : 0.( 3124 sec )
# Solve phase of matrix solver for 3D forward calculation. Polarization : 0.( 3145 sec )
# Calulate right-hand sides vectors consisting of interpolator vectors.( 3145 sec )
# Solve phase of matrix solver for right-hand sides consisting of interpolator vectors.( 3146 sec )
# Solve phase is performed simultaneously for 68 right-hand sides( 3146 sec )
# Calculate derivatives of EM field.( 3148 sec )
#================================================================================================
# Start forward calculation. Frequency : 0.03981 [Hz], Polarization : Ey-polarization
#================================================================================================
# Start 3D forward calculation with 0th order 3D edge-based element.( 3161 sec )
# Number of equation = 475883, Number of equation after degeneration = 473549
# Calculating EM field of the boundary planes with 2D forward analysis.        
#-----------------------------[ Boundary Plane 0 ]-----------------------------
# Calculate electric field on a boundary plane with 0th order edge-based element.
# Number of equation = 520, Number of equation after degeneration = 476
# Set values of matrix and right hand side vector. ( 3161 sec )
# Numerical factorization phase of matrix solver for boundary plane. Polarization : 1 Plane : 0. ( 3161 sec )
# Solve phase of matrix solver for boundary plane. Polarization : 1 Plane : 0. ( 3161 sec )
#-----------------------------[ Boundary Plane 1 ]-----------------------------
# Calculate electric field on a boundary plane with 0th order edge-based element.
# Number of equation = 520, Number of equation after degeneration = 476
# Set values of matrix and right hand side vector. ( 3161 sec )
# Numerical factorization phase of matrix solver for boundary plane. Polarization : 1 Plane : 1. ( 3161 sec )
# Solve phase of matrix solver for boundary plane. Polarization : 1 Plane : 1. ( 3161 sec )
#------------------------------------------------------------------------------
# Set values of matrix and right hand side vector. ( 3161 sec )
# Numerical factorization phase of matrix solver for 3D forward calculation. Polarization : 1.( 3163 sec )
# Solve phase of matrix solver for 3D forward calculation. Polarization : 1.( 3184 sec )
# Calulate right-hand sides vectors consisting of interpolator vectors.( 3184 sec )
# Solve phase of matrix solver for right-hand sides consisting of interpolator vectors.( 3184 sec )
# Solve phase is performed simultaneously for 68 right-hand sides( 3184 sec )
# Calculate derivatives of EM field.( 3187 sec )
#==============================================================================
# Calculate response functions. ( 3199 sec )
# Calculate sensitivity matrix of frequency 0.03981[Hz].( 3199 sec )
# Sensitivity matrix of frequency 0.03981[Hz] is saved in the out-of-core file sensMatFreq0.
#==============================================================================
#================================================================================================
# Start forward calculation. Frequency : 0.06309 [Hz], Polarization : Ex-polarization
#================================================================================================
# Start 3D forward calculation with 0th order 3D edge-based element.( 3199 sec )
# Number of equation = 475883, Number of equation after degeneration = 473549
# Calculating EM field of the boundary planes with 2D forward analysis.        
#-----------------------------[ Boundary Plane 2 ]-----------------------------
# Calculate electric field on a boundary plane with 0th order edge-based element.
# Number of equation = 514, Number of equation after degeneration = 470
# Set values of matrix and right hand side vector. ( 3199 sec )
# Numerical factorization phase of matrix solver for boundary plane. Polarization : 0 Plane : 2. ( 3199 sec )
# Solve phase of matrix solver for boundary plane. Polarization : 0 Plane : 2. ( 3199 sec )
#-----------------------------[ Boundary Plane 3 ]-----------------------------
# Calculate electric field on a boundary plane with 0th order edge-based element.
# Number of equation = 514, Number of equation after degeneration = 470
# Set values of matrix and right hand side vector. ( 3199 sec )
# Numerical factorization phase of matrix solver for boundary plane. Polarization : 0 Plane : 3. ( 3199 sec )
# Solve phase of matrix solver for boundary plane. Polarization : 0 Plane : 3. ( 3199 sec )
#------------------------------------------------------------------------------
# Set values of matrix and right hand side vector. ( 3199 sec )
# Numerical factorization phase of matrix solver for 3D forward calculation. Polarization : 0.( 3201 sec )
# Solve phase of matrix solver for 3D forward calculation. Polarization : 0.( 3222 sec )
# Calulate right-hand sides vectors consisting of interpolator vectors.( 3222 sec )
# Solve phase of matrix solver for right-hand sides consisting of interpolator vectors.( 3222 sec )
# Solve phase is performed simultaneously for 89 right-hand sides( 3222 sec )
# Calculate derivatives of EM field.( 3225 sec )
#================================================================================================
# Start forward calculation. Frequency : 0.06309 [Hz], Polarization : Ey-polarization
#================================================================================================
# Start 3D forward calculation with 0th order 3D edge-based element.( 3235 sec )
# Number of equation = 475883, Number of equation after degeneration = 473549
# Calculating EM field of the boundary planes with 2D forward analysis.        
#-----------------------------[ Boundary Plane 0 ]-----------------------------
# Calculate electric field on a boundary plane with 0th order edge-based element.
# Number of equation = 520, Number of equation after degeneration = 476
# Set values of matrix and right hand side vector. ( 3235 sec )
# Numerical factorization phase of matrix solver for boundary plane. Polarization : 1 Plane : 0. ( 3235 sec )
# Solve phase of matrix solver for boundary plane. Polarization : 1 Plane : 0. ( 3235 sec )
#-----------------------------[ Boundary Plane 1 ]-----------------------------
# Calculate electric field on a boundary plane with 0th order edge-based element.
# Number of equation = 520, Number of equation after degeneration = 476
# Set values of matrix and right hand side vector. ( 3235 sec )
# Numerical factorization phase of matrix solver for boundary plane. Polarization : 1 Plane : 1. ( 3235 sec )
# Solve phase of matrix solver for boundary plane. Polarization : 1 Plane : 1. ( 3235 sec )
#------------------------------------------------------------------------------
# Set values of matrix and right hand side vector. ( 3235 sec )
# Numerical factorization phase of matrix solver for 3D forward calculation. Polarization : 1.( 3237 sec )
# Solve phase of matrix solver for 3D forward calculation. Polarization : 1.( 3257 sec )
# Calulate right-hand sides vectors consisting of interpolator vectors.( 3258 sec )
# Solve phase of matrix solver for right-hand sides consisting of interpolator vectors.( 3258 sec )
# Solve phase is performed simultaneously for 89 right-hand sides( 3258 sec )
# Calculate derivatives of EM field.( 3261 sec )
#==============================================================================
# Calculate response functions. ( 3270 sec )
# Calculate sensitivity matrix of frequency 0.06309[Hz].( 3270 sec )
# Sensitivity matrix of frequency 0.06309[Hz] is saved in the out-of-core file sensMatFreq1.
#==============================================================================
#================================================================================================
# Start forward calculation. Frequency : 0.1 [Hz], Polarization : Ex-polarization
#================================================================================================
# Start 3D forward calculation with 0th order 3D edge-based element.( 3270 sec )
# Number of equation = 475883, Number of equation after degeneration = 473549
# Calculating EM field of the boundary planes with 2D forward analysis.        
#-----------------------------[ Boundary Plane 2 ]-----------------------------
# Calculate electric field on a boundary plane with 0th order edge-based element.
# Number of equation = 514, Number of equation after degeneration = 470
# Set values of matrix and right hand side vector. ( 3270 sec )
# Numerical factorization phase of matrix solver for boundary plane. Polarization : 0 Plane : 2. ( 3270 sec )
# Solve phase of matrix solver for boundary plane. Polarization : 0 Plane : 2. ( 3270 sec )
#-----------------------------[ Boundary Plane 3 ]-----------------------------
# Calculate electric field on a boundary plane with 0th order edge-based element.
# Number of equation = 514, Number of equation after degeneration = 470
# Set values of matrix and right hand side vector. ( 3270 sec )
# Numerical factorization phase of matrix solver for boundary plane. Polarization : 0 Plane : 3. ( 3270 sec )
# Solve phase of matrix solver for boundary plane. Polarization : 0 Plane : 3. ( 3270 sec )
#------------------------------------------------------------------------------
# Set values of matrix and right hand side vector. ( 3270 sec )
# Numerical factorization phase of matrix solver for 3D forward calculation. Polarization : 0.( 3272 sec )
# Solve phase of matrix solver for 3D forward calculation. Polarization : 0.( 3293 sec )
# Calulate right-hand sides vectors consisting of interpolator vectors.( 3293 sec )
# Solve phase of matrix solver for right-hand sides consisting of interpolator vectors.( 3293 sec )
# Solve phase is performed simultaneously for 50 right-hand sides( 3293 sec )
# Calculate derivatives of EM field.( 3295 sec )
#================================================================================================
# Start forward calculation. Frequency : 0.1 [Hz], Polarization : Ey-polarization
#================================================================================================
# Start 3D forward calculation with 0th order 3D edge-based element.( 3302 sec )
# Number of equation = 475883, Number of equation after degeneration = 473549
# Calculating EM field of the boundary planes with 2D forward analysis.        
#-----------------------------[ Boundary Plane 0 ]-----------------------------
# Calculate electric field on a boundary plane with 0th order edge-based element.
# Number of equation = 520, Number of equation after degeneration = 476
# Set values of matrix and right hand side vector. ( 3302 sec )
# Numerical factorization phase of matrix solver for boundary plane. Polarization : 1 Plane : 0. ( 3302 sec )
# Solve phase of matrix solver for boundary plane. Polarization : 1 Plane : 0. ( 3302 sec )
#-----------------------------[ Boundary Plane 1 ]-----------------------------
# Calculate electric field on a boundary plane with 0th order edge-based element.
# Number of equation = 520, Number of equation after degeneration = 476
# Set values of matrix and right hand side vector. ( 3302 sec )
# Numerical factorization phase of matrix solver for boundary plane. Polarization : 1 Plane : 1. ( 3302 sec )
# Solve phase of matrix solver for boundary plane. Polarization : 1 Plane : 1. ( 3302 sec )
#------------------------------------------------------------------------------
# Set values of matrix and right hand side vector. ( 3302 sec )
# Numerical factorization phase of matrix solver for 3D forward calculation. Polarization : 1.( 3304 sec )
# Solve phase of matrix solver for 3D forward calculation. Polarization : 1.( 3325 sec )
# Calulate right-hand sides vectors consisting of interpolator vectors.( 3325 sec )
# Solve phase of matrix solver for right-hand sides consisting of interpolator vectors.( 3325 sec )
# Solve phase is performed simultaneously for 50 right-hand sides( 3325 sec )
# Calculate derivatives of EM field.( 3327 sec )
#==============================================================================
# Calculate response functions. ( 3334 sec )
# Calculate sensitivity matrix of frequency 0.1[Hz].( 3334 sec )
# Sensitivity matrix of frequency 0.1[Hz] is saved in the out-of-core file sensMatFreq2.
#==============================================================================
#================================================================================================
# Start forward calculation. Frequency : 0.15848 [Hz], Polarization : Ex-polarization
#================================================================================================
# Start 3D forward calculation with 0th order 3D edge-based element.( 3334 sec )
# Number of equation = 475883, Number of equation after degeneration = 473549
# Calculating EM field of the boundary planes with 2D forward analysis.        
#-----------------------------[ Boundary Plane 2 ]-----------------------------
# Calculate electric field on a boundary plane with 0th order edge-based element.
# Number of equation = 514, Number of equation after degeneration = 470
# Set values of matrix and right hand side vector. ( 3334 sec )
# Numerical factorization phase of matrix solver for boundary plane. Polarization : 0 Plane : 2. ( 3334 sec )
# Solve phase of matrix solver for boundary plane. Polarization : 0 Plane : 2. ( 3334 sec )
#-----------------------------[ Boundary Plane 3 ]-----------------------------
# Calculate electric field on a boundary plane with 0th order edge-based element.
# Number of equation = 514, Number of equation after degeneration = 470
# Set values of matrix and right hand side vector. ( 3334 sec )
# Numerical factorization phase of matrix solver for boundary plane. Polarization : 0 Plane : 3. ( 3334 sec )
# Solve phase of matrix solver for boundary plane. Polarization : 0 Plane : 3. ( 3334 sec )
#------------------------------------------------------------------------------
# Set values of matrix and right hand side vector. ( 3334 sec )
# Numerical factorization phase of matrix solver for 3D forward calculation. Polarization : 0.( 3336 sec )
# Solve phase of matrix solver for 3D forward calculation. Polarization : 0.( 3357 sec )
# Calulate right-hand sides vectors consisting of interpolator vectors.( 3357 sec )
# Solve phase of matrix solver for right-hand sides consisting of interpolator vectors.( 3358 sec )
# Solve phase is performed simultaneously for 52 right-hand sides( 3358 sec )
# Calculate derivatives of EM field.( 3360 sec )
#================================================================================================
# Start forward calculation. Frequency : 0.15848 [Hz], Polarization : Ey-polarization
#================================================================================================
# Start 3D forward calculation with 0th order 3D edge-based element.( 3366 sec )
# Number of equation = 475883, Number of equation after degeneration = 473549
# Calculating EM field of the boundary planes with 2D forward analysis.        
#-----------------------------[ Boundary Plane 0 ]-----------------------------
# Calculate electric field on a boundary plane with 0th order edge-based element.
# Number of equation = 520, Number of equation after degeneration = 476
# Set values of matrix and right hand side vector. ( 3366 sec )
# Numerical factorization phase of matrix solver for boundary plane. Polarization : 1 Plane : 0. ( 3366 sec )
# Solve phase of matrix solver for boundary plane. Polarization : 1 Plane : 0. ( 3366 sec )
#-----------------------------[ Boundary Plane 1 ]-----------------------------
# Calculate electric field on a boundary plane with 0th order edge-based element.
# Number of equation = 520, Number of equation after degeneration = 476
# Set values of matrix and right hand side vector. ( 3366 sec )
# Numerical factorization phase of matrix solver for boundary plane. Polarization : 1 Plane : 1. ( 3366 sec )
# Solve phase of matrix solver for boundary plane. Polarization : 1 Plane : 1. ( 3366 sec )
#------------------------------------------------------------------------------
# Set values of matrix and right hand side vector. ( 3366 sec )
# Numerical factorization phase of matrix solver for 3D forward calculation. Polarization : 1.( 3368 sec )
# Solve phase of matrix solver for 3D forward calculation. Polarization : 1.( 3389 sec )
# Calulate right-hand sides vectors consisting of interpolator vectors.( 3389 sec )
# Solve phase of matrix solver for right-hand sides consisting of interpolator vectors.( 3389 sec )
# Solve phase is performed simultaneously for 52 right-hand sides( 3389 sec )
# Calculate derivatives of EM field.( 3391 sec )
#==============================================================================
# Calculate response functions. ( 3399 sec )
# Calculate sensitivity matrix of frequency 0.15848[Hz].( 3399 sec )
# Sensitivity matrix of frequency 0.15848[Hz] is saved in the out-of-core file sensMatFreq3.
#==============================================================================
#================================================================================================
# Start forward calculation. Frequency : 0.25118 [Hz], Polarization : Ex-polarization
#================================================================================================
# Start 3D forward calculation with 0th order 3D edge-based element.( 3399 sec )
# Number of equation = 475883, Number of equation after degeneration = 473549
# Calculating EM field of the boundary planes with 2D forward analysis.        
#-----------------------------[ Boundary Plane 2 ]-----------------------------
# Calculate electric field on a boundary plane with 0th order edge-based element.
# Number of equation = 514, Number of equation after degeneration = 470
# Set values of matrix and right hand side vector. ( 3399 sec )
# Numerical factorization phase of matrix solver for boundary plane. Polarization : 0 Plane : 2. ( 3399 sec )
# Solve phase of matrix solver for boundary plane. Polarization : 0 Plane : 2. ( 3399 sec )
#-----------------------------[ Boundary Plane 3 ]-----------------------------
# Calculate electric field on a boundary plane with 0th order edge-based element.
# Number of equation = 514, Number of equation after degeneration = 470
# Set values of matrix and right hand side vector. ( 3399 sec )
# Numerical factorization phase of matrix solver for boundary plane. Polarization : 0 Plane : 3. ( 3399 sec )
# Solve phase of matrix solver for boundary plane. Polarization : 0 Plane : 3. ( 3399 sec )
#------------------------------------------------------------------------------
# Set values of matrix and right hand side vector. ( 3399 sec )
# Numerical factorization phase of matrix solver for 3D forward calculation. Polarization : 0.( 3401 sec )
# Solve phase of matrix solver for 3D forward calculation. Polarization : 0.( 3422 sec )
# Calulate right-hand sides vectors consisting of interpolator vectors.( 3422 sec )
# Solve phase of matrix solver for right-hand sides consisting of interpolator vectors.( 3422 sec )
# Solve phase is performed simultaneously for 53 right-hand sides( 3422 sec )
# Calculate derivatives of EM field.( 3425 sec )
#================================================================================================
# Start forward calculation. Frequency : 0.25118 [Hz], Polarization : Ey-polarization
#================================================================================================
# Start 3D forward calculation with 0th order 3D edge-based element.( 3430 sec )
# Number of equation = 475883, Number of equation after degeneration = 473549
# Calculating EM field of the boundary planes with 2D forward analysis.        
#-----------------------------[ Boundary Plane 0 ]-----------------------------
# Calculate electric field on a boundary plane with 0th order edge-based element.
# Number of equation = 520, Number of equation after degeneration = 476
# Set values of matrix and right hand side vector. ( 3430 sec )
# Numerical factorization phase of matrix solver for boundary plane. Polarization : 1 Plane : 0. ( 3430 sec )
# Solve phase of matrix solver for boundary plane. Polarization : 1 Plane : 0. ( 3430 sec )
#-----------------------------[ Boundary Plane 1 ]-----------------------------
# Calculate electric field on a boundary plane with 0th order edge-based element.
# Number of equation = 520, Number of equation after degeneration = 476
# Set values of matrix and right hand side vector. ( 3430 sec )
# Numerical factorization phase of matrix solver for boundary plane. Polarization : 1 Plane : 1. ( 3430 sec )
# Solve phase of matrix solver for boundary plane. Polarization : 1 Plane : 1. ( 3430 sec )
#------------------------------------------------------------------------------
# Set values of matrix and right hand side vector. ( 3430 sec )
# Numerical factorization phase of matrix solver for 3D forward calculation. Polarization : 1.( 3432 sec )
# Solve phase of matrix solver for 3D forward calculation. Polarization : 1.( 3453 sec )
# Calulate right-hand sides vectors consisting of interpolator vectors.( 3453 sec )
# Solve phase of matrix solver for right-hand sides consisting of interpolator vectors.( 3454 sec )
# Solve phase is performed simultaneously for 53 right-hand sides( 3454 sec )
# Calculate derivatives of EM field.( 3456 sec )
#==============================================================================
# Calculate response functions. ( 3464 sec )
# Calculate sensitivity matrix of frequency 0.25118[Hz].( 3464 sec )
# Sensitivity matrix of frequency 0.25118[Hz] is saved in the out-of-core file sensMatFreq4.
#==============================================================================
# Release memory of coefficient matrix and sparse solver. ( 3464 sec )
# Factor of step length damping change from 0.78125 to 0.976562.
###############################################################################
# Start Inversion.  Iteration : 5
###############################################################################
# Number of model : 54779
# Number of frequencies of this PE : 5
# Calculate constraining matrix. ( 3696 sec )
# Analyse constraining matrix.( 3696 sec )
# Analyse transposed constraining matrix.( 3696 sec )
# Factorize constraining matrix.( 3696 sec )
# Factorize transposed constraining matrix.( 3696 sec )
# Number of data of this PE : 544
# Read sensitivity matrix from sensMatFreq0.( 3696 sec )
# Multiply transposed sensitivity matrix by inverse of transposed constraining matrix. ( 3697 sec )
# Solve phase is performed simultaneously for 120 right-hand sides( 3697 sec )
# Read sensitivity matrix from sensMatFreq1.( 3697 sec )
# Multiply transposed sensitivity matrix by inverse of transposed constraining matrix. ( 3698 sec )
# Solve phase is performed simultaneously for 156 right-hand sides( 3698 sec )
# Read sensitivity matrix from sensMatFreq2.( 3698 sec )
# Multiply transposed sensitivity matrix by inverse of transposed constraining matrix. ( 3698 sec )
# Solve phase is performed simultaneously for 88 right-hand sides( 3698 sec )
# Read sensitivity matrix from sensMatFreq3.( 3699 sec )
# Multiply transposed sensitivity matrix by inverse of transposed constraining matrix. ( 3699 sec )
# Solve phase is performed simultaneously for 88 right-hand sides( 3699 sec )
# Read sensitivity matrix from sensMatFreq4.( 3699 sec )
# Multiply transposed sensitivity matrix by inverse of transposed constraining matrix. ( 3700 sec )
# Solve phase is performed simultaneously for 92 right-hand sides( 3700 sec )
# Solve phase.( 3710 sec )
# Calculate right-hand side vector. ( 3710 sec )
# Read sensitivity matrix from sensMatFreq0.( 3710 sec )
# Read sensitivity matrix from sensMatFreq1.( 3710 sec )
# Read sensitivity matrix from sensMatFreq2.( 3711 sec )
# Read sensitivity matrix from sensMatFreq3.( 3711 sec )
# Read sensitivity matrix from sensMatFreq4.( 3711 sec )
# Number of total data  : 8416
# Calculate coefficient matrix. ( 3711 sec )
# Read sensitivity matrix from sensMatFreq0Mod.( 3711 sec )
# Read sensitivity matrix from sensMatFreq0Mod.( 3711 sec )
# Read sensitivity matrix from sensMatFreq1Mod.( 3711 sec )
# Read sensitivity matrix from sensMatFreq2Mod.( 3711 sec )
# Read sensitivity matrix from sensMatFreq3Mod.( 3712 sec )
# Read sensitivity matrix from sensMatFreq4Mod.( 3712 sec )
# Read sensitivity matrix from sensMatFreq5Mod.( 3712 sec )
# Read sensitivity matrix from sensMatFreq6Mod.( 3712 sec )
# Read sensitivity matrix from sensMatFreq7Mod.( 3712 sec )
# Read sensitivity matrix from sensMatFreq8Mod.( 3713 sec )
# Read sensitivity matrix from sensMatFreq9Mod.( 3713 sec )
# Read sensitivity matrix from sensMatFreq10Mod.( 3713 sec )
# Read sensitivity matrix from sensMatFreq11Mod.( 3714 sec )
# Read sensitivity matrix from sensMatFreq12Mod.( 3714 sec )
# Read sensitivity matrix from sensMatFreq13Mod.( 3715 sec )
# Read sensitivity matrix from sensMatFreq14Mod.( 3715 sec )
# Read sensitivity matrix from sensMatFreq15Mod.( 3715 sec )
# Read sensitivity matrix from sensMatFreq16Mod.( 3716 sec )
# Read sensitivity matrix from sensMatFreq17Mod.( 3717 sec )
# Read sensitivity matrix from sensMatFreq18Mod.( 3717 sec )
# Read sensitivity matrix from sensMatFreq19Mod.( 3718 sec )
# Read sensitivity matrix from sensMatFreq20Mod.( 3718 sec )
# Read sensitivity matrix from sensMatFreq21Mod.( 3719 sec )
# Read sensitivity matrix from sensMatFreq22Mod.( 3720 sec )
# Read sensitivity matrix from sensMatFreq1Mod.( 3720 sec )
# Read sensitivity matrix from sensMatFreq1Mod.( 3720 sec )
# Read sensitivity matrix from sensMatFreq2Mod.( 3721 sec )
# Read sensitivity matrix from sensMatFreq3Mod.( 3721 sec )
# Read sensitivity matrix from sensMatFreq4Mod.( 3721 sec )
# Read sensitivity matrix from sensMatFreq5Mod.( 3721 sec )
# Read sensitivity matrix from sensMatFreq6Mod.( 3721 sec )
# Read sensitivity matrix from sensMatFreq7Mod.( 3721 sec )
# Read sensitivity matrix from sensMatFreq8Mod.( 3721 sec )
# Read sensitivity matrix from sensMatFreq9Mod.( 3721 sec )
# Read sensitivity matrix from sensMatFreq10Mod.( 3721 sec )
# Read sensitivity matrix from sensMatFreq11Mod.( 3721 sec )
# Read sensitivity matrix from sensMatFreq12Mod.( 3721 sec )
# Read sensitivity matrix from sensMatFreq13Mod.( 3721 sec )
# Read sensitivity matrix from sensMatFreq14Mod.( 3721 sec )
# Read sensitivity matrix from sensMatFreq15Mod.( 3721 sec )
# Read sensitivity matrix from sensMatFreq16Mod.( 3721 sec )
# Read sensitivity matrix from sensMatFreq17Mod.( 3722 sec )
# Read sensitivity matrix from sensMatFreq18Mod.( 3722 sec )
# Read sensitivity matrix from sensMatFreq19Mod.( 3722 sec )
# Read sensitivity matrix from sensMatFreq20Mod.( 3722 sec )
# Read sensitivity matrix from sensMatFreq21Mod.( 3722 sec )
# Read sensitivity matrix from sensMatFreq22Mod.( 3722 sec )
# Read sensitivity matrix from sensMatFreq2Mod.( 3722 sec )
# Read sensitivity matrix from sensMatFreq2Mod.( 3722 sec )
# Read sensitivity matrix from sensMatFreq3Mod.( 3722 sec )
# Read sensitivity matrix from sensMatFreq4Mod.( 3722 sec )
# Read sensitivity matrix from sensMatFreq5Mod.( 3722 sec )
# Read sensitivity matrix from sensMatFreq6Mod.( 3722 sec )
# Read sensitivity matrix from sensMatFreq7Mod.( 3722 sec )
# Read sensitivity matrix from sensMatFreq8Mod.( 3722 sec )
# Read sensitivity matrix from sensMatFreq9Mod.( 3722 sec )
# Read sensitivity matrix from sensMatFreq10Mod.( 3722 sec )
# Read sensitivity matrix from sensMatFreq11Mod.( 3723 sec )
# Read sensitivity matrix from sensMatFreq12Mod.( 3723 sec )
# Read sensitivity matrix from sensMatFreq13Mod.( 3723 sec )
# Read sensitivity matrix from sensMatFreq14Mod.( 3723 sec )
# Read sensitivity matrix from sensMatFreq15Mod.( 3723 sec )
# Read sensitivity matrix from sensMatFreq16Mod.( 3723 sec )
# Read sensitivity matrix from sensMatFreq17Mod.( 3723 sec )
# Read sensitivity matrix from sensMatFreq18Mod.( 3723 sec )
# Read sensitivity matrix from sensMatFreq19Mod.( 3723 sec )
# Read sensitivity matrix from sensMatFreq20Mod.( 3723 sec )
# Read sensitivity matrix from sensMatFreq21Mod.( 3723 sec )
# Read sensitivity matrix from sensMatFreq22Mod.( 3724 sec )
# Read sensitivity matrix from sensMatFreq3Mod.( 3724 sec )
# Read sensitivity matrix from sensMatFreq3Mod.( 3724 sec )
# Read sensitivity matrix from sensMatFreq4Mod.( 3724 sec )
# Read sensitivity matrix from sensMatFreq5Mod.( 3724 sec )
# Read sensitivity matrix from sensMatFreq6Mod.( 3724 sec )
# Read sensitivity matrix from sensMatFreq7Mod.( 3724 sec )
# Read sensitivity matrix from sensMatFreq8Mod.( 3724 sec )
# Read sensitivity matrix from sensMatFreq9Mod.( 3724 sec )
# Read sensitivity matrix from sensMatFreq10Mod.( 3724 sec )
# Read sensitivity matrix from sensMatFreq11Mod.( 3724 sec )
# Read sensitivity matrix from sensMatFreq12Mod.( 3724 sec )
# Read sensitivity matrix from sensMatFreq13Mod.( 3724 sec )
# Read sensitivity matrix from sensMatFreq14Mod.( 3724 sec )
# Read sensitivity matrix from sensMatFreq15Mod.( 3724 sec )
# Read sensitivity matrix from sensMatFreq16Mod.( 3724 sec )
# Read sensitivity matrix from sensMatFreq17Mod.( 3725 sec )
# Read sensitivity matrix from sensMatFreq18Mod.( 3725 sec )
# Read sensitivity matrix from sensMatFreq19Mod.( 3725 sec )
# Read sensitivity matrix from sensMatFreq20Mod.( 3725 sec )
# Read sensitivity matrix from sensMatFreq21Mod.( 3725 sec )
# Read sensitivity matrix from sensMatFreq22Mod.( 3725 sec )
# Read sensitivity matrix from sensMatFreq4Mod.( 3725 sec )
# Read sensitivity matrix from sensMatFreq4Mod.( 3725 sec )
# Read sensitivity matrix from sensMatFreq5Mod.( 3725 sec )
# Read sensitivity matrix from sensMatFreq6Mod.( 3725 sec )
# Read sensitivity matrix from sensMatFreq7Mod.( 3725 sec )
# Read sensitivity matrix from sensMatFreq8Mod.( 3725 sec )
# Read sensitivity matrix from sensMatFreq9Mod.( 3725 sec )
# Read sensitivity matrix from sensMatFreq10Mod.( 3725 sec )
# Read sensitivity matrix from sensMatFreq11Mod.( 3725 sec )
# Read sensitivity matrix from sensMatFreq12Mod.( 3726 sec )
# Read sensitivity matrix from sensMatFreq13Mod.( 3726 sec )
# Read sensitivity matrix from sensMatFreq14Mod.( 3726 sec )
# Read sensitivity matrix from sensMatFreq15Mod.( 3726 sec )
# Read sensitivity matrix from sensMatFreq16Mod.( 3726 sec )
# Read sensitivity matrix from sensMatFreq17Mod.( 3726 sec )
# Read sensitivity matrix from sensMatFreq18Mod.( 3726 sec )
# Read sensitivity matrix from sensMatFreq19Mod.( 3726 sec )
# Read sensitivity matrix from sensMatFreq20Mod.( 3726 sec )
# Read sensitivity matrix from sensMatFreq21Mod.( 3726 sec )
# Read sensitivity matrix from sensMatFreq22Mod.( 3726 sec )
# Read sensitivity matrix from sensMatFreq5Mod.( 3727 sec )
# Read sensitivity matrix from sensMatFreq5Mod.( 3727 sec )
# Read sensitivity matrix from sensMatFreq6Mod.( 3727 sec )
# Read sensitivity matrix from sensMatFreq7Mod.( 3727 sec )
# Read sensitivity matrix from sensMatFreq8Mod.( 3727 sec )
# Read sensitivity matrix from sensMatFreq9Mod.( 3727 sec )
# Read sensitivity matrix from sensMatFreq10Mod.( 3727 sec )
# Read sensitivity matrix from sensMatFreq11Mod.( 3727 sec )
# Read sensitivity matrix from sensMatFreq12Mod.( 3727 sec )
# Read sensitivity matrix from sensMatFreq13Mod.( 3727 sec )
# Read sensitivity matrix from sensMatFreq14Mod.( 3727 sec )
# Read sensitivity matrix from sensMatFreq15Mod.( 3727 sec )
# Read sensitivity matrix from sensMatFreq16Mod.( 3727 sec )
# Read sensitivity matrix from sensMatFreq17Mod.( 3728 sec )
# Read sensitivity matrix from sensMatFreq18Mod.( 3728 sec )
# Read sensitivity matrix from sensMatFreq19Mod.( 3728 sec )
# Read sensitivity matrix from sensMatFreq20Mod.( 3728 sec )
# Read sensitivity matrix from sensMatFreq21Mod.( 3728 sec )
# Read sensitivity matrix from sensMatFreq22Mod.( 3728 sec )
# Read sensitivity matrix from sensMatFreq6Mod.( 3728 sec )
# Read sensitivity matrix from sensMatFreq6Mod.( 3728 sec )
# Read sensitivity matrix from sensMatFreq7Mod.( 3728 sec )
# Read sensitivity matrix from sensMatFreq8Mod.( 3728 sec )
# Read sensitivity matrix from sensMatFreq9Mod.( 3728 sec )
# Read sensitivity matrix from sensMatFreq10Mod.( 3729 sec )
# Read sensitivity matrix from sensMatFreq11Mod.( 3729 sec )
# Read sensitivity matrix from sensMatFreq12Mod.( 3729 sec )
# Read sensitivity matrix from sensMatFreq13Mod.( 3729 sec )
# Read sensitivity matrix from sensMatFreq14Mod.( 3729 sec )
# Read sensitivity matrix from sensMatFreq15Mod.( 3729 sec )
# Read sensitivity matrix from sensMatFreq16Mod.( 3729 sec )
# Read sensitivity matrix from sensMatFreq17Mod.( 3729 sec )
# Read sensitivity matrix from sensMatFreq18Mod.( 3730 sec )
# Read sensitivity matrix from sensMatFreq19Mod.( 3730 sec )
# Read sensitivity matrix from sensMatFreq20Mod.( 3730 sec )
# Read sensitivity matrix from sensMatFreq21Mod.( 3730 sec )
# Read sensitivity matrix from sensMatFreq22Mod.( 3730 sec )
# Read sensitivity matrix from sensMatFreq7Mod.( 3730 sec )
# Read sensitivity matrix from sensMatFreq7Mod.( 3730 sec )
# Read sensitivity matrix from sensMatFreq8Mod.( 3730 sec )
# Read sensitivity matrix from sensMatFreq9Mod.( 3731 sec )
# Read sensitivity matrix from sensMatFreq10Mod.( 3731 sec )
# Read sensitivity matrix from sensMatFreq11Mod.( 3731 sec )
# Read sensitivity matrix from sensMatFreq12Mod.( 3731 sec )
# Read sensitivity matrix from sensMatFreq13Mod.( 3731 sec )
# Read sensitivity matrix from sensMatFreq14Mod.( 3731 sec )
# Read sensitivity matrix from sensMatFreq15Mod.( 3731 sec )
# Read sensitivity matrix from sensMatFreq16Mod.( 3732 sec )
# Read sensitivity matrix from sensMatFreq17Mod.( 3732 sec )
# Read sensitivity matrix from sensMatFreq18Mod.( 3732 sec )
# Read sensitivity matrix from sensMatFreq19Mod.( 3732 sec )
# Read sensitivity matrix from sensMatFreq20Mod.( 3732 sec )
# Read sensitivity matrix from sensMatFreq21Mod.( 3732 sec )
# Read sensitivity matrix from sensMatFreq22Mod.( 3732 sec )
# Read sensitivity matrix from sensMatFreq8Mod.( 3733 sec )
# Read sensitivity matrix from sensMatFreq8Mod.( 3733 sec )
# Read sensitivity matrix from sensMatFreq9Mod.( 3733 sec )
# Read sensitivity matrix from sensMatFreq10Mod.( 3733 sec )
# Read sensitivity matrix from sensMatFreq11Mod.( 3733 sec )
# Read sensitivity matrix from sensMatFreq12Mod.( 3733 sec )
# Read sensitivity matrix from sensMatFreq13Mod.( 3733 sec )
# Read sensitivity matrix from sensMatFreq14Mod.( 3733 sec )
# Read sensitivity matrix from sensMatFreq15Mod.( 3734 sec )
# Read sensitivity matrix from sensMatFreq16Mod.( 3734 sec )
# Read sensitivity matrix from sensMatFreq17Mod.( 3734 sec )
# Read sensitivity matrix from sensMatFreq18Mod.( 3734 sec )
# Read sensitivity matrix from sensMatFreq19Mod.( 3734 sec )
# Read sensitivity matrix from sensMatFreq20Mod.( 3734 sec )
# Read sensitivity matrix from sensMatFreq21Mod.( 3735 sec )
# Read sensitivity matrix from sensMatFreq22Mod.( 3735 sec )
# Read sensitivity matrix from sensMatFreq9Mod.( 3735 sec )
# Read sensitivity matrix from sensMatFreq9Mod.( 3735 sec )
# Read sensitivity matrix from sensMatFreq10Mod.( 3735 sec )
# Read sensitivity matrix from sensMatFreq11Mod.( 3735 sec )
# Read sensitivity matrix from sensMatFreq12Mod.( 3735 sec )
# Read sensitivity matrix from sensMatFreq13Mod.( 3736 sec )
# Read sensitivity matrix from sensMatFreq14Mod.( 3736 sec )
# Read sensitivity matrix from sensMatFreq15Mod.( 3736 sec )
# Read sensitivity matrix from sensMatFreq16Mod.( 3736 sec )
# Read sensitivity matrix from sensMatFreq17Mod.( 3736 sec )
# Read sensitivity matrix from sensMatFreq18Mod.( 3736 sec )
# Read sensitivity matrix from sensMatFreq19Mod.( 3737 sec )
# Read sensitivity matrix from sensMatFreq20Mod.( 3737 sec )
# Read sensitivity matrix from sensMatFreq21Mod.( 3737 sec )
# Read sensitivity matrix from sensMatFreq22Mod.( 3737 sec )
# Read sensitivity matrix from sensMatFreq10Mod.( 3737 sec )
# Read sensitivity matrix from sensMatFreq10Mod.( 3737 sec )
# Read sensitivity matrix from sensMatFreq11Mod.( 3738 sec )
# Read sensitivity matrix from sensMatFreq12Mod.( 3738 sec )
# Read sensitivity matrix from sensMatFreq13Mod.( 3738 sec )
# Read sensitivity matrix from sensMatFreq14Mod.( 3738 sec )
# Read sensitivity matrix from sensMatFreq15Mod.( 3738 sec )
# Read sensitivity matrix from sensMatFreq16Mod.( 3738 sec )
# Read sensitivity matrix from sensMatFreq17Mod.( 3739 sec )
# Read sensitivity matrix from sensMatFreq18Mod.( 3739 sec )
# Read sensitivity matrix from sensMatFreq19Mod.( 3739 sec )
# Read sensitivity matrix from sensMatFreq20Mod.( 3739 sec )
# Read sensitivity matrix from sensMatFreq21Mod.( 3739 sec )
# Read sensitivity matrix from sensMatFreq22Mod.( 3739 sec )
# Read sensitivity matrix from sensMatFreq11Mod.( 3740 sec )
# Read sensitivity matrix from sensMatFreq11Mod.( 3740 sec )
# Read sensitivity matrix from sensMatFreq12Mod.( 3740 sec )
# Read sensitivity matrix from sensMatFreq13Mod.( 3740 sec )
# Read sensitivity matrix from sensMatFreq14Mod.( 3740 sec )
# Read sensitivity matrix from sensMatFreq15Mod.( 3740 sec )
# Read sensitivity matrix from sensMatFreq16Mod.( 3741 sec )
# Read sensitivity matrix from sensMatFreq17Mod.( 3741 sec )
# Read sensitivity matrix from sensMatFreq18Mod.( 3741 sec )
# Read sensitivity matrix from sensMatFreq19Mod.( 3741 sec )
# Read sensitivity matrix from sensMatFreq20Mod.( 3741 sec )
# Read sensitivity matrix from sensMatFreq21Mod.( 3742 sec )
# Read sensitivity matrix from sensMatFreq22Mod.( 3742 sec )
# Read sensitivity matrix from sensMatFreq12Mod.( 3742 sec )
# Read sensitivity matrix from sensMatFreq12Mod.( 3742 sec )
# Read sensitivity matrix from sensMatFreq13Mod.( 3742 sec )
# Read sensitivity matrix from sensMatFreq14Mod.( 3742 sec )
# Read sensitivity matrix from sensMatFreq15Mod.( 3743 sec )
# Read sensitivity matrix from sensMatFreq16Mod.( 3743 sec )
# Read sensitivity matrix from sensMatFreq17Mod.( 3743 sec )
# Read sensitivity matrix from sensMatFreq18Mod.( 3743 sec )
# Read sensitivity matrix from sensMatFreq19Mod.( 3743 sec )
# Read sensitivity matrix from sensMatFreq20Mod.( 3744 sec )
# Read sensitivity matrix from sensMatFreq21Mod.( 3744 sec )
# Read sensitivity matrix from sensMatFreq22Mod.( 3744 sec )
# Read sensitivity matrix from sensMatFreq13Mod.( 3744 sec )
# Read sensitivity matrix from sensMatFreq13Mod.( 3744 sec )
# Read sensitivity matrix from sensMatFreq14Mod.( 3744 sec )
# Read sensitivity matrix from sensMatFreq15Mod.( 3745 sec )
# Read sensitivity matrix from sensMatFreq16Mod.( 3745 sec )
# Read sensitivity matrix from sensMatFreq17Mod.( 3745 sec )
# Read sensitivity matrix from sensMatFreq18Mod.( 3745 sec )
# Read sensitivity matrix from sensMatFreq19Mod.( 3745 sec )
# Read sensitivity matrix from sensMatFreq20Mod.( 3745 sec )
# Read sensitivity matrix from sensMatFreq21Mod.( 3746 sec )
# Read sensitivity matrix from sensMatFreq22Mod.( 3746 sec )
# Read sensitivity matrix from sensMatFreq14Mod.( 3746 sec )
# Read sensitivity matrix from sensMatFreq14Mod.( 3746 sec )
# Read sensitivity matrix from sensMatFreq15Mod.( 3746 sec )
# Read sensitivity matrix from sensMatFreq16Mod.( 3747 sec )
# Read sensitivity matrix from sensMatFreq17Mod.( 3747 sec )
# Read sensitivity matrix from sensMatFreq18Mod.( 3747 sec )
# Read sensitivity matrix from sensMatFreq19Mod.( 3747 sec )
# Read sensitivity matrix from sensMatFreq20Mod.( 3747 sec )
# Read sensitivity matrix from sensMatFreq21Mod.( 3748 sec )
# Read sensitivity matrix from sensMatFreq22Mod.( 3748 sec )
# Read sensitivity matrix from sensMatFreq15Mod.( 3748 sec )
# Read sensitivity matrix from sensMatFreq15Mod.( 3748 sec )
# Read sensitivity matrix from sensMatFreq16Mod.( 3748 sec )
# Read sensitivity matrix from sensMatFreq17Mod.( 3748 sec )
# Read sensitivity matrix from sensMatFreq18Mod.( 3749 sec )
# Read sensitivity matrix from sensMatFreq19Mod.( 3749 sec )
# Read sensitivity matrix from sensMatFreq20Mod.( 3749 sec )
# Read sensitivity matrix from sensMatFreq21Mod.( 3749 sec )
# Read sensitivity matrix from sensMatFreq22Mod.( 3749 sec )
# Read sensitivity matrix from sensMatFreq16Mod.( 3749 sec )
# Read sensitivity matrix from sensMatFreq16Mod.( 3750 sec )
# Read sensitivity matrix from sensMatFreq17Mod.( 3750 sec )
# Read sensitivity matrix from sensMatFreq18Mod.( 3750 sec )
# Read sensitivity matrix from sensMatFreq19Mod.( 3750 sec )
# Read sensitivity matrix from sensMatFreq20Mod.( 3750 sec )
# Read sensitivity matrix from sensMatFreq21Mod.( 3750 sec )
# Read sensitivity matrix from sensMatFreq22Mod.( 3751 sec )
# Read sensitivity matrix from sensMatFreq17Mod.( 3751 sec )
# Read sensitivity matrix from sensMatFreq17Mod.( 3751 sec )
# Read sensitivity matrix from sensMatFreq18Mod.( 3751 sec )
# Read sensitivity matrix from sensMatFreq19Mod.( 3751 sec )
# Read sensitivity matrix from sensMatFreq20Mod.( 3751 sec )
# Read sensitivity matrix from sensMatFreq21Mod.( 3752 sec )
# Read sensitivity matrix from sensMatFreq22Mod.( 3752 sec )
# Read sensitivity matrix from sensMatFreq18Mod.( 3752 sec )
# Read sensitivity matrix from sensMatFreq18Mod.( 3752 sec )
# Read sensitivity matrix from sensMatFreq19Mod.( 3752 sec )
# Read sensitivity matrix from sensMatFreq20Mod.( 3752 sec )
# Read sensitivity matrix from sensMatFreq21Mod.( 3753 sec )
# Read sensitivity matrix from sensMatFreq22Mod.( 3753 sec )
# Read sensitivity matrix from sensMatFreq19Mod.( 3753 sec )
# Read sensitivity matrix from sensMatFreq19Mod.( 3753 sec )
# Read sensitivity matrix from sensMatFreq20Mod.( 3753 sec )
# Read sensitivity matrix from sensMatFreq21Mod.( 3754 sec )
# Read sensitivity matrix from sensMatFreq22Mod.( 3754 sec )
# Read sensitivity matrix from sensMatFreq20Mod.( 3754 sec )
# Read sensitivity matrix from sensMatFreq20Mod.( 3754 sec )
# Read sensitivity matrix from sensMatFreq21Mod.( 3754 sec )
# Read sensitivity matrix from sensMatFreq22Mod.( 3754 sec )
# Read sensitivity matrix from sensMatFreq21Mod.( 3755 sec )
# Read sensitivity matrix from sensMatFreq21Mod.( 3755 sec )
# Read sensitivity matrix from sensMatFreq22Mod.( 3755 sec )
# Read sensitivity matrix from sensMatFreq22Mod.( 3755 sec )
# Read sensitivity matrix from sensMatFreq22Mod.( 3755 sec )
# Total number of elements in coefficient matrix : 35418736
# Start numerical factorization for normal equation. ( 3755 sec )
# Start solve phase for normal equation. ( 3758 sec )
# Read sensitivity matrix from sensMatFreq0.( 3758 sec )
# Read sensitivity matrix from sensMatFreq1.( 3758 sec )
# Read sensitivity matrix from sensMatFreq2.( 3758 sec )
# Read sensitivity matrix from sensMatFreq3.( 3758 sec )
# Read sensitivity matrix from sensMatFreq4.( 3758 sec )
# Calculate model increments. ( 3758 sec )
###############################################################################
# Start Forward Computation.  Iteration : 6,  Retrial : 0
###############################################################################
#================================================================================================
# Start forward calculation. Frequency : 0.03981 [Hz], Polarization : Ex-polarization
#================================================================================================
# Start 3D forward calculation with 0th order 3D edge-based element.( 3759 sec )
# Number of equation = 475883, Number of equation after degeneration = 473549
# Calculating EM field of the boundary planes with 2D forward analysis.        
#-----------------------------[ Boundary Plane 2 ]-----------------------------
# Calculate electric field on a boundary plane with 0th order edge-based element.
# Number of equation = 514, Number of equation after degeneration = 470
# Set values of matrix and right hand side vector. ( 3759 sec )
# Numerical factorization phase of matrix solver for boundary plane. Polarization : 0 Plane : 2. ( 3759 sec )
# Solve phase of matrix solver for boundary plane. Polarization : 0 Plane : 2. ( 3759 sec )
#-----------------------------[ Boundary Plane 3 ]-----------------------------
# Calculate electric field on a boundary plane with 0th order edge-based element.
# Number of equation = 514, Number of equation after degeneration = 470
# Set values of matrix and right hand side vector. ( 3759 sec )
# Numerical factorization phase of matrix solver for boundary plane. Polarization : 0 Plane : 3. ( 3759 sec )
# Solve phase of matrix solver for boundary plane. Polarization : 0 Plane : 3. ( 3759 sec )
#------------------------------------------------------------------------------
# Set matrix structure. ( 3759 sec )
# Anaysis phase of matrix solver for 3D forward calculation. Polarization : 0. ( 3763 sec )
#++++++++++++++++++++++++++++++++++++++++++++++++++++++++++++++++++++++++++++++++++++++++++++++++
# Total peak memory required during the analysis and symbolic factorization phase    : 577256 [KByte]
# Permanent memory required from the analysis phase to the solve phases              : 482230 [KByte]
# Total memory consumed by in-core forward solver for internal float point arrays    : 4.12972e+06 [KByte]
# Minimum memory consumed by out-core forward solver for internal float point arrays : 68627 [KByte]
#++++++++++++++++++++++++++++++++++++++++++++++++++++++++++++++++++++++++++++++++++++++++++++++++
# Set values of matrix and right hand side vector. ( 3766 sec )
# Numerical factorization phase of matrix solver for 3D forward calculation. Polarization : 0.( 3768 sec )
# Solve phase of matrix solver for 3D forward calculation. Polarization : 0.( 3789 sec )
# Calulate right-hand sides vectors consisting of interpolator vectors.( 3789 sec )
# Solve phase of matrix solver for right-hand sides consisting of interpolator vectors.( 3789 sec )
# Solve phase is performed simultaneously for 68 right-hand sides( 3789 sec )
# Calculate derivatives of EM field.( 3792 sec )
#================================================================================================
# Start forward calculation. Frequency : 0.03981 [Hz], Polarization : Ey-polarization
#================================================================================================
# Start 3D forward calculation with 0th order 3D edge-based element.( 3804 sec )
# Number of equation = 475883, Number of equation after degeneration = 473549
# Calculating EM field of the boundary planes with 2D forward analysis.        
#-----------------------------[ Boundary Plane 0 ]-----------------------------
# Calculate electric field on a boundary plane with 0th order edge-based element.
# Number of equation = 520, Number of equation after degeneration = 476
# Set values of matrix and right hand side vector. ( 3804 sec )
# Numerical factorization phase of matrix solver for boundary plane. Polarization : 1 Plane : 0. ( 3804 sec )
# Solve phase of matrix solver for boundary plane. Polarization : 1 Plane : 0. ( 3804 sec )
#-----------------------------[ Boundary Plane 1 ]-----------------------------
# Calculate electric field on a boundary plane with 0th order edge-based element.
# Number of equation = 520, Number of equation after degeneration = 476
# Set values of matrix and right hand side vector. ( 3804 sec )
# Numerical factorization phase of matrix solver for boundary plane. Polarization : 1 Plane : 1. ( 3804 sec )
# Solve phase of matrix solver for boundary plane. Polarization : 1 Plane : 1. ( 3804 sec )
#------------------------------------------------------------------------------
# Set values of matrix and right hand side vector. ( 3804 sec )
# Numerical factorization phase of matrix solver for 3D forward calculation. Polarization : 1.( 3807 sec )
# Solve phase of matrix solver for 3D forward calculation. Polarization : 1.( 3827 sec )
# Calulate right-hand sides vectors consisting of interpolator vectors.( 3827 sec )
# Solve phase of matrix solver for right-hand sides consisting of interpolator vectors.( 3828 sec )
# Solve phase is performed simultaneously for 68 right-hand sides( 3828 sec )
# Calculate derivatives of EM field.( 3830 sec )
#==============================================================================
# Calculate response functions. ( 3842 sec )
# Calculate sensitivity matrix of frequency 0.03981[Hz].( 3842 sec )
# Sensitivity matrix of frequency 0.03981[Hz] is saved in the out-of-core file sensMatFreq0.
#==============================================================================
#================================================================================================
# Start forward calculation. Frequency : 0.06309 [Hz], Polarization : Ex-polarization
#================================================================================================
# Start 3D forward calculation with 0th order 3D edge-based element.( 3842 sec )
# Number of equation = 475883, Number of equation after degeneration = 473549
# Calculating EM field of the boundary planes with 2D forward analysis.        
#-----------------------------[ Boundary Plane 2 ]-----------------------------
# Calculate electric field on a boundary plane with 0th order edge-based element.
# Number of equation = 514, Number of equation after degeneration = 470
# Set values of matrix and right hand side vector. ( 3842 sec )
# Numerical factorization phase of matrix solver for boundary plane. Polarization : 0 Plane : 2. ( 3842 sec )
# Solve phase of matrix solver for boundary plane. Polarization : 0 Plane : 2. ( 3842 sec )
#-----------------------------[ Boundary Plane 3 ]-----------------------------
# Calculate electric field on a boundary plane with 0th order edge-based element.
# Number of equation = 514, Number of equation after degeneration = 470
# Set values of matrix and right hand side vector. ( 3842 sec )
# Numerical factorization phase of matrix solver for boundary plane. Polarization : 0 Plane : 3. ( 3842 sec )
# Solve phase of matrix solver for boundary plane. Polarization : 0 Plane : 3. ( 3842 sec )
#------------------------------------------------------------------------------
# Set values of matrix and right hand side vector. ( 3842 sec )
# Numerical factorization phase of matrix solver for 3D forward calculation. Polarization : 0.( 3844 sec )
# Solve phase of matrix solver for 3D forward calculation. Polarization : 0.( 3865 sec )
# Calulate right-hand sides vectors consisting of interpolator vectors.( 3865 sec )
# Solve phase of matrix solver for right-hand sides consisting of interpolator vectors.( 3865 sec )
# Solve phase is performed simultaneously for 89 right-hand sides( 3865 sec )
# Calculate derivatives of EM field.( 3869 sec )
#================================================================================================
# Start forward calculation. Frequency : 0.06309 [Hz], Polarization : Ey-polarization
#================================================================================================
# Start 3D forward calculation with 0th order 3D edge-based element.( 3879 sec )
# Number of equation = 475883, Number of equation after degeneration = 473549
# Calculating EM field of the boundary planes with 2D forward analysis.        
#-----------------------------[ Boundary Plane 0 ]-----------------------------
# Calculate electric field on a boundary plane with 0th order edge-based element.
# Number of equation = 520, Number of equation after degeneration = 476
# Set values of matrix and right hand side vector. ( 3879 sec )
# Numerical factorization phase of matrix solver for boundary plane. Polarization : 1 Plane : 0. ( 3879 sec )
# Solve phase of matrix solver for boundary plane. Polarization : 1 Plane : 0. ( 3879 sec )
#-----------------------------[ Boundary Plane 1 ]-----------------------------
# Calculate electric field on a boundary plane with 0th order edge-based element.
# Number of equation = 520, Number of equation after degeneration = 476
# Set values of matrix and right hand side vector. ( 3879 sec )
# Numerical factorization phase of matrix solver for boundary plane. Polarization : 1 Plane : 1. ( 3879 sec )
# Solve phase of matrix solver for boundary plane. Polarization : 1 Plane : 1. ( 3879 sec )
#------------------------------------------------------------------------------
# Set values of matrix and right hand side vector. ( 3879 sec )
# Numerical factorization phase of matrix solver for 3D forward calculation. Polarization : 1.( 3881 sec )
# Solve phase of matrix solver for 3D forward calculation. Polarization : 1.( 3901 sec )
# Calulate right-hand sides vectors consisting of interpolator vectors.( 3901 sec )
# Solve phase of matrix solver for right-hand sides consisting of interpolator vectors.( 3902 sec )
# Solve phase is performed simultaneously for 89 right-hand sides( 3902 sec )
# Calculate derivatives of EM field.( 3905 sec )
#==============================================================================
# Calculate response functions. ( 3914 sec )
# Calculate sensitivity matrix of frequency 0.06309[Hz].( 3914 sec )
# Sensitivity matrix of frequency 0.06309[Hz] is saved in the out-of-core file sensMatFreq1.
#==============================================================================
#================================================================================================
# Start forward calculation. Frequency : 0.1 [Hz], Polarization : Ex-polarization
#================================================================================================
# Start 3D forward calculation with 0th order 3D edge-based element.( 3914 sec )
# Number of equation = 475883, Number of equation after degeneration = 473549
# Calculating EM field of the boundary planes with 2D forward analysis.        
#-----------------------------[ Boundary Plane 2 ]-----------------------------
# Calculate electric field on a boundary plane with 0th order edge-based element.
# Number of equation = 514, Number of equation after degeneration = 470
# Set values of matrix and right hand side vector. ( 3914 sec )
# Numerical factorization phase of matrix solver for boundary plane. Polarization : 0 Plane : 2. ( 3914 sec )
# Solve phase of matrix solver for boundary plane. Polarization : 0 Plane : 2. ( 3914 sec )
#-----------------------------[ Boundary Plane 3 ]-----------------------------
# Calculate electric field on a boundary plane with 0th order edge-based element.
# Number of equation = 514, Number of equation after degeneration = 470
# Set values of matrix and right hand side vector. ( 3914 sec )
# Numerical factorization phase of matrix solver for boundary plane. Polarization : 0 Plane : 3. ( 3914 sec )
# Solve phase of matrix solver for boundary plane. Polarization : 0 Plane : 3. ( 3914 sec )
#------------------------------------------------------------------------------
# Set values of matrix and right hand side vector. ( 3914 sec )
# Numerical factorization phase of matrix solver for 3D forward calculation. Polarization : 0.( 3916 sec )
# Solve phase of matrix solver for 3D forward calculation. Polarization : 0.( 3936 sec )
# Calulate right-hand sides vectors consisting of interpolator vectors.( 3937 sec )
# Solve phase of matrix solver for right-hand sides consisting of interpolator vectors.( 3937 sec )
# Solve phase is performed simultaneously for 50 right-hand sides( 3937 sec )
# Calculate derivatives of EM field.( 3939 sec )
#================================================================================================
# Start forward calculation. Frequency : 0.1 [Hz], Polarization : Ey-polarization
#================================================================================================
# Start 3D forward calculation with 0th order 3D edge-based element.( 3946 sec )
# Number of equation = 475883, Number of equation after degeneration = 473549
# Calculating EM field of the boundary planes with 2D forward analysis.        
#-----------------------------[ Boundary Plane 0 ]-----------------------------
# Calculate electric field on a boundary plane with 0th order edge-based element.
# Number of equation = 520, Number of equation after degeneration = 476
# Set values of matrix and right hand side vector. ( 3946 sec )
# Numerical factorization phase of matrix solver for boundary plane. Polarization : 1 Plane : 0. ( 3946 sec )
# Solve phase of matrix solver for boundary plane. Polarization : 1 Plane : 0. ( 3946 sec )
#-----------------------------[ Boundary Plane 1 ]-----------------------------
# Calculate electric field on a boundary plane with 0th order edge-based element.
# Number of equation = 520, Number of equation after degeneration = 476
# Set values of matrix and right hand side vector. ( 3946 sec )
# Numerical factorization phase of matrix solver for boundary plane. Polarization : 1 Plane : 1. ( 3946 sec )
# Solve phase of matrix solver for boundary plane. Polarization : 1 Plane : 1. ( 3946 sec )
#------------------------------------------------------------------------------
# Set values of matrix and right hand side vector. ( 3946 sec )
# Numerical factorization phase of matrix solver for 3D forward calculation. Polarization : 1.( 3948 sec )
# Solve phase of matrix solver for 3D forward calculation. Polarization : 1.( 3968 sec )
# Calulate right-hand sides vectors consisting of interpolator vectors.( 3968 sec )
# Solve phase of matrix solver for right-hand sides consisting of interpolator vectors.( 3969 sec )
# Solve phase is performed simultaneously for 50 right-hand sides( 3969 sec )
# Calculate derivatives of EM field.( 3971 sec )
#==============================================================================
# Calculate response functions. ( 3977 sec )
# Calculate sensitivity matrix of frequency 0.1[Hz].( 3977 sec )
# Sensitivity matrix of frequency 0.1[Hz] is saved in the out-of-core file sensMatFreq2.
#==============================================================================
#================================================================================================
# Start forward calculation. Frequency : 0.15848 [Hz], Polarization : Ex-polarization
#================================================================================================
# Start 3D forward calculation with 0th order 3D edge-based element.( 3978 sec )
# Number of equation = 475883, Number of equation after degeneration = 473549
# Calculating EM field of the boundary planes with 2D forward analysis.        
#-----------------------------[ Boundary Plane 2 ]-----------------------------
# Calculate electric field on a boundary plane with 0th order edge-based element.
# Number of equation = 514, Number of equation after degeneration = 470
# Set values of matrix and right hand side vector. ( 3978 sec )
# Numerical factorization phase of matrix solver for boundary plane. Polarization : 0 Plane : 2. ( 3978 sec )
# Solve phase of matrix solver for boundary plane. Polarization : 0 Plane : 2. ( 3978 sec )
#-----------------------------[ Boundary Plane 3 ]-----------------------------
# Calculate electric field on a boundary plane with 0th order edge-based element.
# Number of equation = 514, Number of equation after degeneration = 470
# Set values of matrix and right hand side vector. ( 3978 sec )
# Numerical factorization phase of matrix solver for boundary plane. Polarization : 0 Plane : 3. ( 3978 sec )
# Solve phase of matrix solver for boundary plane. Polarization : 0 Plane : 3. ( 3978 sec )
#------------------------------------------------------------------------------
# Set values of matrix and right hand side vector. ( 3978 sec )
# Numerical factorization phase of matrix solver for 3D forward calculation. Polarization : 0.( 3980 sec )
# Solve phase of matrix solver for 3D forward calculation. Polarization : 0.( 4000 sec )
# Calulate right-hand sides vectors consisting of interpolator vectors.( 4000 sec )
# Solve phase of matrix solver for right-hand sides consisting of interpolator vectors.( 4000 sec )
# Solve phase is performed simultaneously for 52 right-hand sides( 4000 sec )
# Calculate derivatives of EM field.( 4003 sec )
#================================================================================================
# Start forward calculation. Frequency : 0.15848 [Hz], Polarization : Ey-polarization
#================================================================================================
# Start 3D forward calculation with 0th order 3D edge-based element.( 4009 sec )
# Number of equation = 475883, Number of equation after degeneration = 473549
# Calculating EM field of the boundary planes with 2D forward analysis.        
#-----------------------------[ Boundary Plane 0 ]-----------------------------
# Calculate electric field on a boundary plane with 0th order edge-based element.
# Number of equation = 520, Number of equation after degeneration = 476
# Set values of matrix and right hand side vector. ( 4009 sec )
# Numerical factorization phase of matrix solver for boundary plane. Polarization : 1 Plane : 0. ( 4009 sec )
# Solve phase of matrix solver for boundary plane. Polarization : 1 Plane : 0. ( 4009 sec )
#-----------------------------[ Boundary Plane 1 ]-----------------------------
# Calculate electric field on a boundary plane with 0th order edge-based element.
# Number of equation = 520, Number of equation after degeneration = 476
# Set values of matrix and right hand side vector. ( 4009 sec )
# Numerical factorization phase of matrix solver for boundary plane. Polarization : 1 Plane : 1. ( 4009 sec )
# Solve phase of matrix solver for boundary plane. Polarization : 1 Plane : 1. ( 4009 sec )
#------------------------------------------------------------------------------
# Set values of matrix and right hand side vector. ( 4009 sec )
# Numerical factorization phase of matrix solver for 3D forward calculation. Polarization : 1.( 4011 sec )
# Solve phase of matrix solver for 3D forward calculation. Polarization : 1.( 4031 sec )
# Calulate right-hand sides vectors consisting of interpolator vectors.( 4032 sec )
# Solve phase of matrix solver for right-hand sides consisting of interpolator vectors.( 4032 sec )
# Solve phase is performed simultaneously for 52 right-hand sides( 4032 sec )
# Calculate derivatives of EM field.( 4034 sec )
#==============================================================================
# Calculate response functions. ( 4041 sec )
# Calculate sensitivity matrix of frequency 0.15848[Hz].( 4041 sec )
# Sensitivity matrix of frequency 0.15848[Hz] is saved in the out-of-core file sensMatFreq3.
#==============================================================================
#================================================================================================
# Start forward calculation. Frequency : 0.25118 [Hz], Polarization : Ex-polarization
#================================================================================================
# Start 3D forward calculation with 0th order 3D edge-based element.( 4041 sec )
# Number of equation = 475883, Number of equation after degeneration = 473549
# Calculating EM field of the boundary planes with 2D forward analysis.        
#-----------------------------[ Boundary Plane 2 ]-----------------------------
# Calculate electric field on a boundary plane with 0th order edge-based element.
# Number of equation = 514, Number of equation after degeneration = 470
# Set values of matrix and right hand side vector. ( 4041 sec )
# Numerical factorization phase of matrix solver for boundary plane. Polarization : 0 Plane : 2. ( 4041 sec )
# Solve phase of matrix solver for boundary plane. Polarization : 0 Plane : 2. ( 4041 sec )
#-----------------------------[ Boundary Plane 3 ]-----------------------------
# Calculate electric field on a boundary plane with 0th order edge-based element.
# Number of equation = 514, Number of equation after degeneration = 470
# Set values of matrix and right hand side vector. ( 4041 sec )
# Numerical factorization phase of matrix solver for boundary plane. Polarization : 0 Plane : 3. ( 4041 sec )
# Solve phase of matrix solver for boundary plane. Polarization : 0 Plane : 3. ( 4041 sec )
#------------------------------------------------------------------------------
# Set values of matrix and right hand side vector. ( 4041 sec )
# Numerical factorization phase of matrix solver for 3D forward calculation. Polarization : 0.( 4044 sec )
# Solve phase of matrix solver for 3D forward calculation. Polarization : 0.( 4064 sec )
# Calulate right-hand sides vectors consisting of interpolator vectors.( 4064 sec )
# Solve phase of matrix solver for right-hand sides consisting of interpolator vectors.( 4065 sec )
# Solve phase is performed simultaneously for 53 right-hand sides( 4065 sec )
# Calculate derivatives of EM field.( 4067 sec )
#================================================================================================
# Start forward calculation. Frequency : 0.25118 [Hz], Polarization : Ey-polarization
#================================================================================================
# Start 3D forward calculation with 0th order 3D edge-based element.( 4072 sec )
# Number of equation = 475883, Number of equation after degeneration = 473549
# Calculating EM field of the boundary planes with 2D forward analysis.        
#-----------------------------[ Boundary Plane 0 ]-----------------------------
# Calculate electric field on a boundary plane with 0th order edge-based element.
# Number of equation = 520, Number of equation after degeneration = 476
# Set values of matrix and right hand side vector. ( 4072 sec )
# Numerical factorization phase of matrix solver for boundary plane. Polarization : 1 Plane : 0. ( 4072 sec )
# Solve phase of matrix solver for boundary plane. Polarization : 1 Plane : 0. ( 4072 sec )
#-----------------------------[ Boundary Plane 1 ]-----------------------------
# Calculate electric field on a boundary plane with 0th order edge-based element.
# Number of equation = 520, Number of equation after degeneration = 476
# Set values of matrix and right hand side vector. ( 4072 sec )
# Numerical factorization phase of matrix solver for boundary plane. Polarization : 1 Plane : 1. ( 4072 sec )
# Solve phase of matrix solver for boundary plane. Polarization : 1 Plane : 1. ( 4072 sec )
#------------------------------------------------------------------------------
# Set values of matrix and right hand side vector. ( 4072 sec )
# Numerical factorization phase of matrix solver for 3D forward calculation. Polarization : 1.( 4074 sec )
# Solve phase of matrix solver for 3D forward calculation. Polarization : 1.( 4094 sec )
# Calulate right-hand sides vectors consisting of interpolator vectors.( 4095 sec )
# Solve phase of matrix solver for right-hand sides consisting of interpolator vectors.( 4095 sec )
# Solve phase is performed simultaneously for 53 right-hand sides( 4095 sec )
# Calculate derivatives of EM field.( 4097 sec )
#==============================================================================
# Calculate response functions. ( 4106 sec )
# Calculate sensitivity matrix of frequency 0.25118[Hz].( 4106 sec )
# Sensitivity matrix of frequency 0.25118[Hz] is saved in the out-of-core file sensMatFreq4.
#==============================================================================
# Release memory of coefficient matrix and sparse solver. ( 4107 sec )
# Factor of step length damping change from 0.976562 to 1.
###############################################################################
# Start Inversion.  Iteration : 6
###############################################################################
# Number of model : 54779
# Number of frequencies of this PE : 5
# Calculate constraining matrix. ( 4340 sec )
# Analyse constraining matrix.( 4340 sec )
# Analyse transposed constraining matrix.( 4340 sec )
# Factorize constraining matrix.( 4340 sec )
# Factorize transposed constraining matrix.( 4340 sec )
# Number of data of this PE : 544
# Read sensitivity matrix from sensMatFreq0.( 4341 sec )
# Multiply transposed sensitivity matrix by inverse of transposed constraining matrix. ( 4341 sec )
# Solve phase is performed simultaneously for 120 right-hand sides( 4341 sec )
# Read sensitivity matrix from sensMatFreq1.( 4341 sec )
# Multiply transposed sensitivity matrix by inverse of transposed constraining matrix. ( 4342 sec )
# Solve phase is performed simultaneously for 156 right-hand sides( 4342 sec )
# Read sensitivity matrix from sensMatFreq2.( 4342 sec )
# Multiply transposed sensitivity matrix by inverse of transposed constraining matrix. ( 4343 sec )
# Solve phase is performed simultaneously for 88 right-hand sides( 4343 sec )
# Read sensitivity matrix from sensMatFreq3.( 4343 sec )
# Multiply transposed sensitivity matrix by inverse of transposed constraining matrix. ( 4344 sec )
# Solve phase is performed simultaneously for 88 right-hand sides( 4344 sec )
# Read sensitivity matrix from sensMatFreq4.( 4344 sec )
# Multiply transposed sensitivity matrix by inverse of transposed constraining matrix. ( 4344 sec )
# Solve phase is performed simultaneously for 92 right-hand sides( 4344 sec )
# Solve phase.( 4356 sec )
# Calculate right-hand side vector. ( 4356 sec )
# Read sensitivity matrix from sensMatFreq0.( 4356 sec )
# Read sensitivity matrix from sensMatFreq1.( 4356 sec )
# Read sensitivity matrix from sensMatFreq2.( 4356 sec )
# Read sensitivity matrix from sensMatFreq3.( 4356 sec )
# Read sensitivity matrix from sensMatFreq4.( 4356 sec )
# Number of total data  : 8416
# Calculate coefficient matrix. ( 4356 sec )
# Read sensitivity matrix from sensMatFreq0Mod.( 4356 sec )
# Read sensitivity matrix from sensMatFreq0Mod.( 4357 sec )
# Read sensitivity matrix from sensMatFreq1Mod.( 4357 sec )
# Read sensitivity matrix from sensMatFreq2Mod.( 4357 sec )
# Read sensitivity matrix from sensMatFreq3Mod.( 4357 sec )
# Read sensitivity matrix from sensMatFreq4Mod.( 4357 sec )
# Read sensitivity matrix from sensMatFreq5Mod.( 4357 sec )
# Read sensitivity matrix from sensMatFreq6Mod.( 4357 sec )
# Read sensitivity matrix from sensMatFreq7Mod.( 4358 sec )
# Read sensitivity matrix from sensMatFreq8Mod.( 4358 sec )
# Read sensitivity matrix from sensMatFreq9Mod.( 4359 sec )
# Read sensitivity matrix from sensMatFreq10Mod.( 4359 sec )
# Read sensitivity matrix from sensMatFreq11Mod.( 4360 sec )
# Read sensitivity matrix from sensMatFreq12Mod.( 4360 sec )
# Read sensitivity matrix from sensMatFreq13Mod.( 4361 sec )
# Read sensitivity matrix from sensMatFreq14Mod.( 4362 sec )
# Read sensitivity matrix from sensMatFreq15Mod.( 4363 sec )
# Read sensitivity matrix from sensMatFreq16Mod.( 4363 sec )
# Read sensitivity matrix from sensMatFreq17Mod.( 4364 sec )
# Read sensitivity matrix from sensMatFreq18Mod.( 4365 sec )
# Read sensitivity matrix from sensMatFreq19Mod.( 4366 sec )
# Read sensitivity matrix from sensMatFreq20Mod.( 4366 sec )
# Read sensitivity matrix from sensMatFreq21Mod.( 4367 sec )
# Read sensitivity matrix from sensMatFreq22Mod.( 4368 sec )
# Read sensitivity matrix from sensMatFreq1Mod.( 4368 sec )
# Read sensitivity matrix from sensMatFreq1Mod.( 4368 sec )
# Read sensitivity matrix from sensMatFreq2Mod.( 4369 sec )
# Read sensitivity matrix from sensMatFreq3Mod.( 4369 sec )
# Read sensitivity matrix from sensMatFreq4Mod.( 4369 sec )
# Read sensitivity matrix from sensMatFreq5Mod.( 4369 sec )
# Read sensitivity matrix from sensMatFreq6Mod.( 4369 sec )
# Read sensitivity matrix from sensMatFreq7Mod.( 4369 sec )
# Read sensitivity matrix from sensMatFreq8Mod.( 4369 sec )
# Read sensitivity matrix from sensMatFreq9Mod.( 4369 sec )
# Read sensitivity matrix from sensMatFreq10Mod.( 4369 sec )
# Read sensitivity matrix from sensMatFreq11Mod.( 4369 sec )
# Read sensitivity matrix from sensMatFreq12Mod.( 4369 sec )
# Read sensitivity matrix from sensMatFreq13Mod.( 4369 sec )
# Read sensitivity matrix from sensMatFreq14Mod.( 4369 sec )
# Read sensitivity matrix from sensMatFreq15Mod.( 4369 sec )
# Read sensitivity matrix from sensMatFreq16Mod.( 4370 sec )
# Read sensitivity matrix from sensMatFreq17Mod.( 4370 sec )
# Read sensitivity matrix from sensMatFreq18Mod.( 4370 sec )
# Read sensitivity matrix from sensMatFreq19Mod.( 4370 sec )
# Read sensitivity matrix from sensMatFreq20Mod.( 4370 sec )
# Read sensitivity matrix from sensMatFreq21Mod.( 4370 sec )
# Read sensitivity matrix from sensMatFreq22Mod.( 4370 sec )
# Read sensitivity matrix from sensMatFreq2Mod.( 4370 sec )
# Read sensitivity matrix from sensMatFreq2Mod.( 4370 sec )
# Read sensitivity matrix from sensMatFreq3Mod.( 4370 sec )
# Read sensitivity matrix from sensMatFreq4Mod.( 4370 sec )
# Read sensitivity matrix from sensMatFreq5Mod.( 4370 sec )
# Read sensitivity matrix from sensMatFreq6Mod.( 4370 sec )
# Read sensitivity matrix from sensMatFreq7Mod.( 4370 sec )
# Read sensitivity matrix from sensMatFreq8Mod.( 4370 sec )
# Read sensitivity matrix from sensMatFreq9Mod.( 4371 sec )
# Read sensitivity matrix from sensMatFreq10Mod.( 4371 sec )
# Read sensitivity matrix from sensMatFreq11Mod.( 4371 sec )
# Read sensitivity matrix from sensMatFreq12Mod.( 4371 sec )
# Read sensitivity matrix from sensMatFreq13Mod.( 4371 sec )
# Read sensitivity matrix from sensMatFreq14Mod.( 4371 sec )
# Read sensitivity matrix from sensMatFreq15Mod.( 4371 sec )
# Read sensitivity matrix from sensMatFreq16Mod.( 4371 sec )
# Read sensitivity matrix from sensMatFreq17Mod.( 4371 sec )
# Read sensitivity matrix from sensMatFreq18Mod.( 4371 sec )
# Read sensitivity matrix from sensMatFreq19Mod.( 4371 sec )
# Read sensitivity matrix from sensMatFreq20Mod.( 4371 sec )
# Read sensitivity matrix from sensMatFreq21Mod.( 4372 sec )
# Read sensitivity matrix from sensMatFreq22Mod.( 4372 sec )
# Read sensitivity matrix from sensMatFreq3Mod.( 4372 sec )
# Read sensitivity matrix from sensMatFreq3Mod.( 4372 sec )
# Read sensitivity matrix from sensMatFreq4Mod.( 4372 sec )
# Read sensitivity matrix from sensMatFreq5Mod.( 4372 sec )
# Read sensitivity matrix from sensMatFreq6Mod.( 4372 sec )
# Read sensitivity matrix from sensMatFreq7Mod.( 4372 sec )
# Read sensitivity matrix from sensMatFreq8Mod.( 4372 sec )
# Read sensitivity matrix from sensMatFreq9Mod.( 4372 sec )
# Read sensitivity matrix from sensMatFreq10Mod.( 4372 sec )
# Read sensitivity matrix from sensMatFreq11Mod.( 4372 sec )
# Read sensitivity matrix from sensMatFreq12Mod.( 4372 sec )
# Read sensitivity matrix from sensMatFreq13Mod.( 4372 sec )
# Read sensitivity matrix from sensMatFreq14Mod.( 4372 sec )
# Read sensitivity matrix from sensMatFreq15Mod.( 4372 sec )
# Read sensitivity matrix from sensMatFreq16Mod.( 4373 sec )
# Read sensitivity matrix from sensMatFreq17Mod.( 4373 sec )
# Read sensitivity matrix from sensMatFreq18Mod.( 4373 sec )
# Read sensitivity matrix from sensMatFreq19Mod.( 4373 sec )
# Read sensitivity matrix from sensMatFreq20Mod.( 4373 sec )
# Read sensitivity matrix from sensMatFreq21Mod.( 4373 sec )
# Read sensitivity matrix from sensMatFreq22Mod.( 4373 sec )
# Read sensitivity matrix from sensMatFreq4Mod.( 4373 sec )
# Read sensitivity matrix from sensMatFreq4Mod.( 4373 sec )
# Read sensitivity matrix from sensMatFreq5Mod.( 4373 sec )
# Read sensitivity matrix from sensMatFreq6Mod.( 4373 sec )
# Read sensitivity matrix from sensMatFreq7Mod.( 4373 sec )
# Read sensitivity matrix from sensMatFreq8Mod.( 4373 sec )
# Read sensitivity matrix from sensMatFreq9Mod.( 4373 sec )
# Read sensitivity matrix from sensMatFreq10Mod.( 4373 sec )
# Read sensitivity matrix from sensMatFreq11Mod.( 4374 sec )
# Read sensitivity matrix from sensMatFreq12Mod.( 4374 sec )
# Read sensitivity matrix from sensMatFreq13Mod.( 4374 sec )
# Read sensitivity matrix from sensMatFreq14Mod.( 4374 sec )
# Read sensitivity matrix from sensMatFreq15Mod.( 4374 sec )
# Read sensitivity matrix from sensMatFreq16Mod.( 4374 sec )
# Read sensitivity matrix from sensMatFreq17Mod.( 4374 sec )
# Read sensitivity matrix from sensMatFreq18Mod.( 4374 sec )
# Read sensitivity matrix from sensMatFreq19Mod.( 4374 sec )
# Read sensitivity matrix from sensMatFreq20Mod.( 4374 sec )
# Read sensitivity matrix from sensMatFreq21Mod.( 4374 sec )
# Read sensitivity matrix from sensMatFreq22Mod.( 4375 sec )
# Read sensitivity matrix from sensMatFreq5Mod.( 4375 sec )
# Read sensitivity matrix from sensMatFreq5Mod.( 4375 sec )
# Read sensitivity matrix from sensMatFreq6Mod.( 4375 sec )
# Read sensitivity matrix from sensMatFreq7Mod.( 4375 sec )
# Read sensitivity matrix from sensMatFreq8Mod.( 4375 sec )
# Read sensitivity matrix from sensMatFreq9Mod.( 4375 sec )
# Read sensitivity matrix from sensMatFreq10Mod.( 4375 sec )
# Read sensitivity matrix from sensMatFreq11Mod.( 4375 sec )
# Read sensitivity matrix from sensMatFreq12Mod.( 4375 sec )
# Read sensitivity matrix from sensMatFreq13Mod.( 4375 sec )
# Read sensitivity matrix from sensMatFreq14Mod.( 4375 sec )
# Read sensitivity matrix from sensMatFreq15Mod.( 4375 sec )
# Read sensitivity matrix from sensMatFreq16Mod.( 4376 sec )
# Read sensitivity matrix from sensMatFreq17Mod.( 4376 sec )
# Read sensitivity matrix from sensMatFreq18Mod.( 4376 sec )
# Read sensitivity matrix from sensMatFreq19Mod.( 4376 sec )
# Read sensitivity matrix from sensMatFreq20Mod.( 4376 sec )
# Read sensitivity matrix from sensMatFreq21Mod.( 4376 sec )
# Read sensitivity matrix from sensMatFreq22Mod.( 4376 sec )
# Read sensitivity matrix from sensMatFreq6Mod.( 4376 sec )
# Read sensitivity matrix from sensMatFreq6Mod.( 4376 sec )
# Read sensitivity matrix from sensMatFreq7Mod.( 4376 sec )
# Read sensitivity matrix from sensMatFreq8Mod.( 4376 sec )
# Read sensitivity matrix from sensMatFreq9Mod.( 4377 sec )
# Read sensitivity matrix from sensMatFreq10Mod.( 4377 sec )
# Read sensitivity matrix from sensMatFreq11Mod.( 4377 sec )
# Read sensitivity matrix from sensMatFreq12Mod.( 4377 sec )
# Read sensitivity matrix from sensMatFreq13Mod.( 4377 sec )
# Read sensitivity matrix from sensMatFreq14Mod.( 4377 sec )
# Read sensitivity matrix from sensMatFreq15Mod.( 4377 sec )
# Read sensitivity matrix from sensMatFreq16Mod.( 4377 sec )
# Read sensitivity matrix from sensMatFreq17Mod.( 4378 sec )
# Read sensitivity matrix from sensMatFreq18Mod.( 4378 sec )
# Read sensitivity matrix from sensMatFreq19Mod.( 4378 sec )
# Read sensitivity matrix from sensMatFreq20Mod.( 4378 sec )
# Read sensitivity matrix from sensMatFreq21Mod.( 4378 sec )
# Read sensitivity matrix from sensMatFreq22Mod.( 4378 sec )
# Read sensitivity matrix from sensMatFreq7Mod.( 4378 sec )
# Read sensitivity matrix from sensMatFreq7Mod.( 4378 sec )
# Read sensitivity matrix from sensMatFreq8Mod.( 4379 sec )
# Read sensitivity matrix from sensMatFreq9Mod.( 4379 sec )
# Read sensitivity matrix from sensMatFreq10Mod.( 4379 sec )
# Read sensitivity matrix from sensMatFreq11Mod.( 4379 sec )
# Read sensitivity matrix from sensMatFreq12Mod.( 4379 sec )
# Read sensitivity matrix from sensMatFreq13Mod.( 4379 sec )
# Read sensitivity matrix from sensMatFreq14Mod.( 4379 sec )
# Read sensitivity matrix from sensMatFreq15Mod.( 4379 sec )
# Read sensitivity matrix from sensMatFreq16Mod.( 4380 sec )
# Read sensitivity matrix from sensMatFreq17Mod.( 4380 sec )
# Read sensitivity matrix from sensMatFreq18Mod.( 4380 sec )
# Read sensitivity matrix from sensMatFreq19Mod.( 4380 sec )
# Read sensitivity matrix from sensMatFreq20Mod.( 4380 sec )
# Read sensitivity matrix from sensMatFreq21Mod.( 4380 sec )
# Read sensitivity matrix from sensMatFreq22Mod.( 4381 sec )
# Read sensitivity matrix from sensMatFreq8Mod.( 4381 sec )
# Read sensitivity matrix from sensMatFreq8Mod.( 4381 sec )
# Read sensitivity matrix from sensMatFreq9Mod.( 4381 sec )
# Read sensitivity matrix from sensMatFreq10Mod.( 4381 sec )
# Read sensitivity matrix from sensMatFreq11Mod.( 4381 sec )
# Read sensitivity matrix from sensMatFreq12Mod.( 4381 sec )
# Read sensitivity matrix from sensMatFreq13Mod.( 4381 sec )
# Read sensitivity matrix from sensMatFreq14Mod.( 4382 sec )
# Read sensitivity matrix from sensMatFreq15Mod.( 4382 sec )
# Read sensitivity matrix from sensMatFreq16Mod.( 4382 sec )
# Read sensitivity matrix from sensMatFreq17Mod.( 4382 sec )
# Read sensitivity matrix from sensMatFreq18Mod.( 4382 sec )
# Read sensitivity matrix from sensMatFreq19Mod.( 4382 sec )
# Read sensitivity matrix from sensMatFreq20Mod.( 4382 sec )
# Read sensitivity matrix from sensMatFreq21Mod.( 4383 sec )
# Read sensitivity matrix from sensMatFreq22Mod.( 4383 sec )
# Read sensitivity matrix from sensMatFreq9Mod.( 4383 sec )
# Read sensitivity matrix from sensMatFreq9Mod.( 4383 sec )
# Read sensitivity matrix from sensMatFreq10Mod.( 4383 sec )
# Read sensitivity matrix from sensMatFreq11Mod.( 4383 sec )
# Read sensitivity matrix from sensMatFreq12Mod.( 4383 sec )
# Read sensitivity matrix from sensMatFreq13Mod.( 4384 sec )
# Read sensitivity matrix from sensMatFreq14Mod.( 4384 sec )
# Read sensitivity matrix from sensMatFreq15Mod.( 4384 sec )
# Read sensitivity matrix from sensMatFreq16Mod.( 4384 sec )
# Read sensitivity matrix from sensMatFreq17Mod.( 4384 sec )
# Read sensitivity matrix from sensMatFreq18Mod.( 4385 sec )
# Read sensitivity matrix from sensMatFreq19Mod.( 4385 sec )
# Read sensitivity matrix from sensMatFreq20Mod.( 4385 sec )
# Read sensitivity matrix from sensMatFreq21Mod.( 4385 sec )
# Read sensitivity matrix from sensMatFreq22Mod.( 4385 sec )
# Read sensitivity matrix from sensMatFreq10Mod.( 4385 sec )
# Read sensitivity matrix from sensMatFreq10Mod.( 4385 sec )
# Read sensitivity matrix from sensMatFreq11Mod.( 4386 sec )
# Read sensitivity matrix from sensMatFreq12Mod.( 4386 sec )
# Read sensitivity matrix from sensMatFreq13Mod.( 4386 sec )
# Read sensitivity matrix from sensMatFreq14Mod.( 4386 sec )
# Read sensitivity matrix from sensMatFreq15Mod.( 4386 sec )
# Read sensitivity matrix from sensMatFreq16Mod.( 4386 sec )
# Read sensitivity matrix from sensMatFreq17Mod.( 4387 sec )
# Read sensitivity matrix from sensMatFreq18Mod.( 4387 sec )
# Read sensitivity matrix from sensMatFreq19Mod.( 4387 sec )
# Read sensitivity matrix from sensMatFreq20Mod.( 4387 sec )
# Read sensitivity matrix from sensMatFreq21Mod.( 4387 sec )
# Read sensitivity matrix from sensMatFreq22Mod.( 4388 sec )
# Read sensitivity matrix from sensMatFreq11Mod.( 4388 sec )
# Read sensitivity matrix from sensMatFreq11Mod.( 4388 sec )
# Read sensitivity matrix from sensMatFreq12Mod.( 4388 sec )
# Read sensitivity matrix from sensMatFreq13Mod.( 4388 sec )
# Read sensitivity matrix from sensMatFreq14Mod.( 4388 sec )
# Read sensitivity matrix from sensMatFreq15Mod.( 4389 sec )
# Read sensitivity matrix from sensMatFreq16Mod.( 4389 sec )
# Read sensitivity matrix from sensMatFreq17Mod.( 4389 sec )
# Read sensitivity matrix from sensMatFreq18Mod.( 4389 sec )
# Read sensitivity matrix from sensMatFreq19Mod.( 4389 sec )
# Read sensitivity matrix from sensMatFreq20Mod.( 4390 sec )
# Read sensitivity matrix from sensMatFreq21Mod.( 4390 sec )
# Read sensitivity matrix from sensMatFreq22Mod.( 4390 sec )
# Read sensitivity matrix from sensMatFreq12Mod.( 4390 sec )
# Read sensitivity matrix from sensMatFreq12Mod.( 4390 sec )
# Read sensitivity matrix from sensMatFreq13Mod.( 4390 sec )
# Read sensitivity matrix from sensMatFreq14Mod.( 4391 sec )
# Read sensitivity matrix from sensMatFreq15Mod.( 4391 sec )
# Read sensitivity matrix from sensMatFreq16Mod.( 4391 sec )
# Read sensitivity matrix from sensMatFreq17Mod.( 4391 sec )
# Read sensitivity matrix from sensMatFreq18Mod.( 4391 sec )
# Read sensitivity matrix from sensMatFreq19Mod.( 4391 sec )
# Read sensitivity matrix from sensMatFreq20Mod.( 4392 sec )
# Read sensitivity matrix from sensMatFreq21Mod.( 4392 sec )
# Read sensitivity matrix from sensMatFreq22Mod.( 4392 sec )
# Read sensitivity matrix from sensMatFreq13Mod.( 4392 sec )
# Read sensitivity matrix from sensMatFreq13Mod.( 4392 sec )
# Read sensitivity matrix from sensMatFreq14Mod.( 4392 sec )
# Read sensitivity matrix from sensMatFreq15Mod.( 4393 sec )
# Read sensitivity matrix from sensMatFreq16Mod.( 4393 sec )
# Read sensitivity matrix from sensMatFreq17Mod.( 4393 sec )
# Read sensitivity matrix from sensMatFreq18Mod.( 4393 sec )
# Read sensitivity matrix from sensMatFreq19Mod.( 4393 sec )
# Read sensitivity matrix from sensMatFreq20Mod.( 4394 sec )
# Read sensitivity matrix from sensMatFreq21Mod.( 4394 sec )
# Read sensitivity matrix from sensMatFreq22Mod.( 4394 sec )
# Read sensitivity matrix from sensMatFreq14Mod.( 4394 sec )
# Read sensitivity matrix from sensMatFreq14Mod.( 4394 sec )
# Read sensitivity matrix from sensMatFreq15Mod.( 4394 sec )
# Read sensitivity matrix from sensMatFreq16Mod.( 4395 sec )
# Read sensitivity matrix from sensMatFreq17Mod.( 4395 sec )
# Read sensitivity matrix from sensMatFreq18Mod.( 4395 sec )
# Read sensitivity matrix from sensMatFreq19Mod.( 4395 sec )
# Read sensitivity matrix from sensMatFreq20Mod.( 4395 sec )
# Read sensitivity matrix from sensMatFreq21Mod.( 4396 sec )
# Read sensitivity matrix from sensMatFreq22Mod.( 4396 sec )
# Read sensitivity matrix from sensMatFreq15Mod.( 4396 sec )
# Read sensitivity matrix from sensMatFreq15Mod.( 4396 sec )
# Read sensitivity matrix from sensMatFreq16Mod.( 4396 sec )
# Read sensitivity matrix from sensMatFreq17Mod.( 4396 sec )
# Read sensitivity matrix from sensMatFreq18Mod.( 4397 sec )
# Read sensitivity matrix from sensMatFreq19Mod.( 4397 sec )
# Read sensitivity matrix from sensMatFreq20Mod.( 4397 sec )
# Read sensitivity matrix from sensMatFreq21Mod.( 4397 sec )
# Read sensitivity matrix from sensMatFreq22Mod.( 4397 sec )
# Read sensitivity matrix from sensMatFreq16Mod.( 4398 sec )
# Read sensitivity matrix from sensMatFreq16Mod.( 4398 sec )
# Read sensitivity matrix from sensMatFreq17Mod.( 4398 sec )
# Read sensitivity matrix from sensMatFreq18Mod.( 4398 sec )
# Read sensitivity matrix from sensMatFreq19Mod.( 4398 sec )
# Read sensitivity matrix from sensMatFreq20Mod.( 4398 sec )
# Read sensitivity matrix from sensMatFreq21Mod.( 4399 sec )
# Read sensitivity matrix from sensMatFreq22Mod.( 4399 sec )
# Read sensitivity matrix from sensMatFreq17Mod.( 4399 sec )
# Read sensitivity matrix from sensMatFreq17Mod.( 4399 sec )
# Read sensitivity matrix from sensMatFreq18Mod.( 4399 sec )
# Read sensitivity matrix from sensMatFreq19Mod.( 4399 sec )
# Read sensitivity matrix from sensMatFreq20Mod.( 4400 sec )
# Read sensitivity matrix from sensMatFreq21Mod.( 4400 sec )
# Read sensitivity matrix from sensMatFreq22Mod.( 4400 sec )
# Read sensitivity matrix from sensMatFreq18Mod.( 4400 sec )
# Read sensitivity matrix from sensMatFreq18Mod.( 4400 sec )
# Read sensitivity matrix from sensMatFreq19Mod.( 4400 sec )
# Read sensitivity matrix from sensMatFreq20Mod.( 4401 sec )
# Read sensitivity matrix from sensMatFreq21Mod.( 4401 sec )
# Read sensitivity matrix from sensMatFreq22Mod.( 4401 sec )
# Read sensitivity matrix from sensMatFreq19Mod.( 4401 sec )
# Read sensitivity matrix from sensMatFreq19Mod.( 4401 sec )
# Read sensitivity matrix from sensMatFreq20Mod.( 4401 sec )
# Read sensitivity matrix from sensMatFreq21Mod.( 4402 sec )
# Read sensitivity matrix from sensMatFreq22Mod.( 4402 sec )
# Read sensitivity matrix from sensMatFreq20Mod.( 4402 sec )
# Read sensitivity matrix from sensMatFreq20Mod.( 4402 sec )
# Read sensitivity matrix from sensMatFreq21Mod.( 4402 sec )
# Read sensitivity matrix from sensMatFreq22Mod.( 4402 sec )
# Read sensitivity matrix from sensMatFreq21Mod.( 4403 sec )
# Read sensitivity matrix from sensMatFreq21Mod.( 4403 sec )
# Read sensitivity matrix from sensMatFreq22Mod.( 4403 sec )
# Read sensitivity matrix from sensMatFreq22Mod.( 4403 sec )
# Read sensitivity matrix from sensMatFreq22Mod.( 4403 sec )
# Total number of elements in coefficient matrix : 35418736
# Start numerical factorization for normal equation. ( 4403 sec )
# Start solve phase for normal equation. ( 4406 sec )
# Read sensitivity matrix from sensMatFreq0.( 4406 sec )
# Read sensitivity matrix from sensMatFreq1.( 4406 sec )
# Read sensitivity matrix from sensMatFreq2.( 4406 sec )
# Read sensitivity matrix from sensMatFreq3.( 4406 sec )
# Read sensitivity matrix from sensMatFreq4.( 4406 sec )
# Calculate model increments. ( 4407 sec )
###############################################################################
# Start Forward Computation.  Iteration : 7,  Retrial : 0
###############################################################################
#================================================================================================
# Start forward calculation. Frequency : 0.03981 [Hz], Polarization : Ex-polarization
#================================================================================================
# Start 3D forward calculation with 0th order 3D edge-based element.( 4408 sec )
# Number of equation = 475883, Number of equation after degeneration = 473549
# Calculating EM field of the boundary planes with 2D forward analysis.        
#-----------------------------[ Boundary Plane 2 ]-----------------------------
# Calculate electric field on a boundary plane with 0th order edge-based element.
# Number of equation = 514, Number of equation after degeneration = 470
# Set values of matrix and right hand side vector. ( 4408 sec )
# Numerical factorization phase of matrix solver for boundary plane. Polarization : 0 Plane : 2. ( 4408 sec )
# Solve phase of matrix solver for boundary plane. Polarization : 0 Plane : 2. ( 4408 sec )
#-----------------------------[ Boundary Plane 3 ]-----------------------------
# Calculate electric field on a boundary plane with 0th order edge-based element.
# Number of equation = 514, Number of equation after degeneration = 470
# Set values of matrix and right hand side vector. ( 4408 sec )
# Numerical factorization phase of matrix solver for boundary plane. Polarization : 0 Plane : 3. ( 4408 sec )
# Solve phase of matrix solver for boundary plane. Polarization : 0 Plane : 3. ( 4408 sec )
#------------------------------------------------------------------------------
# Set matrix structure. ( 4408 sec )
# Anaysis phase of matrix solver for 3D forward calculation. Polarization : 0. ( 4411 sec )
#++++++++++++++++++++++++++++++++++++++++++++++++++++++++++++++++++++++++++++++++++++++++++++++++
# Total peak memory required during the analysis and symbolic factorization phase    : 577255 [KByte]
# Permanent memory required from the analysis phase to the solve phases              : 482231 [KByte]
# Total memory consumed by in-core forward solver for internal float point arrays    : 4.1209e+06 [KByte]
# Minimum memory consumed by out-core forward solver for internal float point arrays : 68624 [KByte]
#++++++++++++++++++++++++++++++++++++++++++++++++++++++++++++++++++++++++++++++++++++++++++++++++
# Set values of matrix and right hand side vector. ( 4414 sec )
# Numerical factorization phase of matrix solver for 3D forward calculation. Polarization : 0.( 4417 sec )
# Solve phase of matrix solver for 3D forward calculation. Polarization : 0.( 4437 sec )
# Calulate right-hand sides vectors consisting of interpolator vectors.( 4438 sec )
# Solve phase of matrix solver for right-hand sides consisting of interpolator vectors.( 4438 sec )
# Solve phase is performed simultaneously for 68 right-hand sides( 4438 sec )
# Calculate derivatives of EM field.( 4441 sec )
#================================================================================================
# Start forward calculation. Frequency : 0.03981 [Hz], Polarization : Ey-polarization
#================================================================================================
# Start 3D forward calculation with 0th order 3D edge-based element.( 4454 sec )
# Number of equation = 475883, Number of equation after degeneration = 473549
# Calculating EM field of the boundary planes with 2D forward analysis.        
#-----------------------------[ Boundary Plane 0 ]-----------------------------
# Calculate electric field on a boundary plane with 0th order edge-based element.
# Number of equation = 520, Number of equation after degeneration = 476
# Set values of matrix and right hand side vector. ( 4454 sec )
# Numerical factorization phase of matrix solver for boundary plane. Polarization : 1 Plane : 0. ( 4454 sec )
# Solve phase of matrix solver for boundary plane. Polarization : 1 Plane : 0. ( 4454 sec )
#-----------------------------[ Boundary Plane 1 ]-----------------------------
# Calculate electric field on a boundary plane with 0th order edge-based element.
# Number of equation = 520, Number of equation after degeneration = 476
# Set values of matrix and right hand side vector. ( 4454 sec )
# Numerical factorization phase of matrix solver for boundary plane. Polarization : 1 Plane : 1. ( 4454 sec )
# Solve phase of matrix solver for boundary plane. Polarization : 1 Plane : 1. ( 4454 sec )
#------------------------------------------------------------------------------
# Set values of matrix and right hand side vector. ( 4454 sec )
# Numerical factorization phase of matrix solver for 3D forward calculation. Polarization : 1.( 4456 sec )
# Solve phase of matrix solver for 3D forward calculation. Polarization : 1.( 4476 sec )
# Calulate right-hand sides vectors consisting of interpolator vectors.( 4477 sec )
# Solve phase of matrix solver for right-hand sides consisting of interpolator vectors.( 4477 sec )
# Solve phase is performed simultaneously for 68 right-hand sides( 4477 sec )
# Calculate derivatives of EM field.( 4480 sec )
#==============================================================================
# Calculate response functions. ( 4493 sec )
# Calculate sensitivity matrix of frequency 0.03981[Hz].( 4493 sec )
# Sensitivity matrix of frequency 0.03981[Hz] is saved in the out-of-core file sensMatFreq0.
#==============================================================================
#================================================================================================
# Start forward calculation. Frequency : 0.06309 [Hz], Polarization : Ex-polarization
#================================================================================================
# Start 3D forward calculation with 0th order 3D edge-based element.( 4493 sec )
# Number of equation = 475883, Number of equation after degeneration = 473549
# Calculating EM field of the boundary planes with 2D forward analysis.        
#-----------------------------[ Boundary Plane 2 ]-----------------------------
# Calculate electric field on a boundary plane with 0th order edge-based element.
# Number of equation = 514, Number of equation after degeneration = 470
# Set values of matrix and right hand side vector. ( 4493 sec )
# Numerical factorization phase of matrix solver for boundary plane. Polarization : 0 Plane : 2. ( 4493 sec )
# Solve phase of matrix solver for boundary plane. Polarization : 0 Plane : 2. ( 4493 sec )
#-----------------------------[ Boundary Plane 3 ]-----------------------------
# Calculate electric field on a boundary plane with 0th order edge-based element.
# Number of equation = 514, Number of equation after degeneration = 470
# Set values of matrix and right hand side vector. ( 4493 sec )
# Numerical factorization phase of matrix solver for boundary plane. Polarization : 0 Plane : 3. ( 4493 sec )
# Solve phase of matrix solver for boundary plane. Polarization : 0 Plane : 3. ( 4493 sec )
#------------------------------------------------------------------------------
# Set values of matrix and right hand side vector. ( 4493 sec )
# Numerical factorization phase of matrix solver for 3D forward calculation. Polarization : 0.( 4495 sec )
# Solve phase of matrix solver for 3D forward calculation. Polarization : 0.( 4516 sec )
# Calulate right-hand sides vectors consisting of interpolator vectors.( 4516 sec )
# Solve phase of matrix solver for right-hand sides consisting of interpolator vectors.( 4516 sec )
# Solve phase is performed simultaneously for 89 right-hand sides( 4516 sec )
# Calculate derivatives of EM field.( 4520 sec )
#================================================================================================
# Start forward calculation. Frequency : 0.06309 [Hz], Polarization : Ey-polarization
#================================================================================================
# Start 3D forward calculation with 0th order 3D edge-based element.( 4532 sec )
# Number of equation = 475883, Number of equation after degeneration = 473549
# Calculating EM field of the boundary planes with 2D forward analysis.        
#-----------------------------[ Boundary Plane 0 ]-----------------------------
# Calculate electric field on a boundary plane with 0th order edge-based element.
# Number of equation = 520, Number of equation after degeneration = 476
# Set values of matrix and right hand side vector. ( 4532 sec )
# Numerical factorization phase of matrix solver for boundary plane. Polarization : 1 Plane : 0. ( 4532 sec )
# Solve phase of matrix solver for boundary plane. Polarization : 1 Plane : 0. ( 4532 sec )
#-----------------------------[ Boundary Plane 1 ]-----------------------------
# Calculate electric field on a boundary plane with 0th order edge-based element.
# Number of equation = 520, Number of equation after degeneration = 476
# Set values of matrix and right hand side vector. ( 4532 sec )
# Numerical factorization phase of matrix solver for boundary plane. Polarization : 1 Plane : 1. ( 4532 sec )
# Solve phase of matrix solver for boundary plane. Polarization : 1 Plane : 1. ( 4532 sec )
#------------------------------------------------------------------------------
# Set values of matrix and right hand side vector. ( 4532 sec )
# Numerical factorization phase of matrix solver for 3D forward calculation. Polarization : 1.( 4534 sec )
# Solve phase of matrix solver for 3D forward calculation. Polarization : 1.( 4555 sec )
# Calulate right-hand sides vectors consisting of interpolator vectors.( 4555 sec )
# Solve phase of matrix solver for right-hand sides consisting of interpolator vectors.( 4556 sec )
# Solve phase is performed simultaneously for 89 right-hand sides( 4556 sec )
# Calculate derivatives of EM field.( 4559 sec )
#==============================================================================
# Calculate response functions. ( 4570 sec )
# Calculate sensitivity matrix of frequency 0.06309[Hz].( 4570 sec )
# Sensitivity matrix of frequency 0.06309[Hz] is saved in the out-of-core file sensMatFreq1.
#==============================================================================
#================================================================================================
# Start forward calculation. Frequency : 0.1 [Hz], Polarization : Ex-polarization
#================================================================================================
# Start 3D forward calculation with 0th order 3D edge-based element.( 4570 sec )
# Number of equation = 475883, Number of equation after degeneration = 473549
# Calculating EM field of the boundary planes with 2D forward analysis.        
#-----------------------------[ Boundary Plane 2 ]-----------------------------
# Calculate electric field on a boundary plane with 0th order edge-based element.
# Number of equation = 514, Number of equation after degeneration = 470
# Set values of matrix and right hand side vector. ( 4570 sec )
# Numerical factorization phase of matrix solver for boundary plane. Polarization : 0 Plane : 2. ( 4570 sec )
# Solve phase of matrix solver for boundary plane. Polarization : 0 Plane : 2. ( 4570 sec )
#-----------------------------[ Boundary Plane 3 ]-----------------------------
# Calculate electric field on a boundary plane with 0th order edge-based element.
# Number of equation = 514, Number of equation after degeneration = 470
# Set values of matrix and right hand side vector. ( 4570 sec )
# Numerical factorization phase of matrix solver for boundary plane. Polarization : 0 Plane : 3. ( 4570 sec )
# Solve phase of matrix solver for boundary plane. Polarization : 0 Plane : 3. ( 4570 sec )
#------------------------------------------------------------------------------
# Set values of matrix and right hand side vector. ( 4570 sec )
# Numerical factorization phase of matrix solver for 3D forward calculation. Polarization : 0.( 4572 sec )
# Solve phase of matrix solver for 3D forward calculation. Polarization : 0.( 4593 sec )
# Calulate right-hand sides vectors consisting of interpolator vectors.( 4593 sec )
# Solve phase of matrix solver for right-hand sides consisting of interpolator vectors.( 4593 sec )
# Solve phase is performed simultaneously for 50 right-hand sides( 4593 sec )
# Calculate derivatives of EM field.( 4595 sec )
#================================================================================================
# Start forward calculation. Frequency : 0.1 [Hz], Polarization : Ey-polarization
#================================================================================================
# Start 3D forward calculation with 0th order 3D edge-based element.( 4602 sec )
# Number of equation = 475883, Number of equation after degeneration = 473549
# Calculating EM field of the boundary planes with 2D forward analysis.        
#-----------------------------[ Boundary Plane 0 ]-----------------------------
# Calculate electric field on a boundary plane with 0th order edge-based element.
# Number of equation = 520, Number of equation after degeneration = 476
# Set values of matrix and right hand side vector. ( 4602 sec )
# Numerical factorization phase of matrix solver for boundary plane. Polarization : 1 Plane : 0. ( 4602 sec )
# Solve phase of matrix solver for boundary plane. Polarization : 1 Plane : 0. ( 4602 sec )
#-----------------------------[ Boundary Plane 1 ]-----------------------------
# Calculate electric field on a boundary plane with 0th order edge-based element.
# Number of equation = 520, Number of equation after degeneration = 476
# Set values of matrix and right hand side vector. ( 4602 sec )
# Numerical factorization phase of matrix solver for boundary plane. Polarization : 1 Plane : 1. ( 4602 sec )
# Solve phase of matrix solver for boundary plane. Polarization : 1 Plane : 1. ( 4602 sec )
#------------------------------------------------------------------------------
# Set values of matrix and right hand side vector. ( 4602 sec )
# Numerical factorization phase of matrix solver for 3D forward calculation. Polarization : 1.( 4604 sec )
# Solve phase of matrix solver for 3D forward calculation. Polarization : 1.( 4625 sec )
# Calulate right-hand sides vectors consisting of interpolator vectors.( 4625 sec )
# Solve phase of matrix solver for right-hand sides consisting of interpolator vectors.( 4625 sec )
# Solve phase is performed simultaneously for 50 right-hand sides( 4625 sec )
# Calculate derivatives of EM field.( 4627 sec )
#==============================================================================
# Calculate response functions. ( 4633 sec )
# Calculate sensitivity matrix of frequency 0.1[Hz].( 4633 sec )
# Sensitivity matrix of frequency 0.1[Hz] is saved in the out-of-core file sensMatFreq2.
#==============================================================================
#================================================================================================
# Start forward calculation. Frequency : 0.15848 [Hz], Polarization : Ex-polarization
#================================================================================================
# Start 3D forward calculation with 0th order 3D edge-based element.( 4633 sec )
# Number of equation = 475883, Number of equation after degeneration = 473549
# Calculating EM field of the boundary planes with 2D forward analysis.        
#-----------------------------[ Boundary Plane 2 ]-----------------------------
# Calculate electric field on a boundary plane with 0th order edge-based element.
# Number of equation = 514, Number of equation after degeneration = 470
# Set values of matrix and right hand side vector. ( 4633 sec )
# Numerical factorization phase of matrix solver for boundary plane. Polarization : 0 Plane : 2. ( 4633 sec )
# Solve phase of matrix solver for boundary plane. Polarization : 0 Plane : 2. ( 4633 sec )
#-----------------------------[ Boundary Plane 3 ]-----------------------------
# Calculate electric field on a boundary plane with 0th order edge-based element.
# Number of equation = 514, Number of equation after degeneration = 470
# Set values of matrix and right hand side vector. ( 4633 sec )
# Numerical factorization phase of matrix solver for boundary plane. Polarization : 0 Plane : 3. ( 4633 sec )
# Solve phase of matrix solver for boundary plane. Polarization : 0 Plane : 3. ( 4633 sec )
#------------------------------------------------------------------------------
# Set values of matrix and right hand side vector. ( 4633 sec )
# Numerical factorization phase of matrix solver for 3D forward calculation. Polarization : 0.( 4636 sec )
# Solve phase of matrix solver for 3D forward calculation. Polarization : 0.( 4656 sec )
# Calulate right-hand sides vectors consisting of interpolator vectors.( 4656 sec )
# Solve phase of matrix solver for right-hand sides consisting of interpolator vectors.( 4657 sec )
# Solve phase is performed simultaneously for 52 right-hand sides( 4657 sec )
# Calculate derivatives of EM field.( 4659 sec )
#================================================================================================
# Start forward calculation. Frequency : 0.15848 [Hz], Polarization : Ey-polarization
#================================================================================================
# Start 3D forward calculation with 0th order 3D edge-based element.( 4665 sec )
# Number of equation = 475883, Number of equation after degeneration = 473549
# Calculating EM field of the boundary planes with 2D forward analysis.        
#-----------------------------[ Boundary Plane 0 ]-----------------------------
# Calculate electric field on a boundary plane with 0th order edge-based element.
# Number of equation = 520, Number of equation after degeneration = 476
# Set values of matrix and right hand side vector. ( 4665 sec )
# Numerical factorization phase of matrix solver for boundary plane. Polarization : 1 Plane : 0. ( 4665 sec )
# Solve phase of matrix solver for boundary plane. Polarization : 1 Plane : 0. ( 4665 sec )
#-----------------------------[ Boundary Plane 1 ]-----------------------------
# Calculate electric field on a boundary plane with 0th order edge-based element.
# Number of equation = 520, Number of equation after degeneration = 476
# Set values of matrix and right hand side vector. ( 4665 sec )
# Numerical factorization phase of matrix solver for boundary plane. Polarization : 1 Plane : 1. ( 4665 sec )
# Solve phase of matrix solver for boundary plane. Polarization : 1 Plane : 1. ( 4665 sec )
#------------------------------------------------------------------------------
# Set values of matrix and right hand side vector. ( 4665 sec )
# Numerical factorization phase of matrix solver for 3D forward calculation. Polarization : 1.( 4667 sec )
# Solve phase of matrix solver for 3D forward calculation. Polarization : 1.( 4688 sec )
# Calulate right-hand sides vectors consisting of interpolator vectors.( 4688 sec )
# Solve phase of matrix solver for right-hand sides consisting of interpolator vectors.( 4688 sec )
# Solve phase is performed simultaneously for 52 right-hand sides( 4688 sec )
# Calculate derivatives of EM field.( 4690 sec )
#==============================================================================
# Calculate response functions. ( 4697 sec )
# Calculate sensitivity matrix of frequency 0.15848[Hz].( 4697 sec )
# Sensitivity matrix of frequency 0.15848[Hz] is saved in the out-of-core file sensMatFreq3.
#==============================================================================
#================================================================================================
# Start forward calculation. Frequency : 0.25118 [Hz], Polarization : Ex-polarization
#================================================================================================
# Start 3D forward calculation with 0th order 3D edge-based element.( 4697 sec )
# Number of equation = 475883, Number of equation after degeneration = 473549
# Calculating EM field of the boundary planes with 2D forward analysis.        
#-----------------------------[ Boundary Plane 2 ]-----------------------------
# Calculate electric field on a boundary plane with 0th order edge-based element.
# Number of equation = 514, Number of equation after degeneration = 470
# Set values of matrix and right hand side vector. ( 4697 sec )
# Numerical factorization phase of matrix solver for boundary plane. Polarization : 0 Plane : 2. ( 4697 sec )
# Solve phase of matrix solver for boundary plane. Polarization : 0 Plane : 2. ( 4697 sec )
#-----------------------------[ Boundary Plane 3 ]-----------------------------
# Calculate electric field on a boundary plane with 0th order edge-based element.
# Number of equation = 514, Number of equation after degeneration = 470
# Set values of matrix and right hand side vector. ( 4697 sec )
# Numerical factorization phase of matrix solver for boundary plane. Polarization : 0 Plane : 3. ( 4697 sec )
# Solve phase of matrix solver for boundary plane. Polarization : 0 Plane : 3. ( 4697 sec )
#------------------------------------------------------------------------------
# Set values of matrix and right hand side vector. ( 4697 sec )
# Numerical factorization phase of matrix solver for 3D forward calculation. Polarization : 0.( 4700 sec )
# Solve phase of matrix solver for 3D forward calculation. Polarization : 0.( 4720 sec )
# Calulate right-hand sides vectors consisting of interpolator vectors.( 4721 sec )
# Solve phase of matrix solver for right-hand sides consisting of interpolator vectors.( 4721 sec )
# Solve phase is performed simultaneously for 53 right-hand sides( 4721 sec )
# Calculate derivatives of EM field.( 4723 sec )
#================================================================================================
# Start forward calculation. Frequency : 0.25118 [Hz], Polarization : Ey-polarization
#================================================================================================
# Start 3D forward calculation with 0th order 3D edge-based element.( 4730 sec )
# Number of equation = 475883, Number of equation after degeneration = 473549
# Calculating EM field of the boundary planes with 2D forward analysis.        
#-----------------------------[ Boundary Plane 0 ]-----------------------------
# Calculate electric field on a boundary plane with 0th order edge-based element.
# Number of equation = 520, Number of equation after degeneration = 476
# Set values of matrix and right hand side vector. ( 4730 sec )
# Numerical factorization phase of matrix solver for boundary plane. Polarization : 1 Plane : 0. ( 4730 sec )
# Solve phase of matrix solver for boundary plane. Polarization : 1 Plane : 0. ( 4730 sec )
#-----------------------------[ Boundary Plane 1 ]-----------------------------
# Calculate electric field on a boundary plane with 0th order edge-based element.
# Number of equation = 520, Number of equation after degeneration = 476
# Set values of matrix and right hand side vector. ( 4730 sec )
# Numerical factorization phase of matrix solver for boundary plane. Polarization : 1 Plane : 1. ( 4730 sec )
# Solve phase of matrix solver for boundary plane. Polarization : 1 Plane : 1. ( 4730 sec )
#------------------------------------------------------------------------------
# Set values of matrix and right hand side vector. ( 4730 sec )
# Numerical factorization phase of matrix solver for 3D forward calculation. Polarization : 1.( 4732 sec )
# Solve phase of matrix solver for 3D forward calculation. Polarization : 1.( 4752 sec )
# Calulate right-hand sides vectors consisting of interpolator vectors.( 4753 sec )
# Solve phase of matrix solver for right-hand sides consisting of interpolator vectors.( 4753 sec )
# Solve phase is performed simultaneously for 53 right-hand sides( 4753 sec )
# Calculate derivatives of EM field.( 4755 sec )
#==============================================================================
# Calculate response functions. ( 4767 sec )
# Calculate sensitivity matrix of frequency 0.25118[Hz].( 4767 sec )
# Sensitivity matrix of frequency 0.25118[Hz] is saved in the out-of-core file sensMatFreq4.
#==============================================================================
# Release memory of coefficient matrix and sparse solver. ( 4767 sec )
# Factor of step length damping change from 1 to 0.5.
###############################################################################
# Start Forward Computation.  Iteration : 7,  Retrial : 1
###############################################################################
#================================================================================================
# Start forward calculation. Frequency : 0.03981 [Hz], Polarization : Ex-polarization
#================================================================================================
# Start 3D forward calculation with 0th order 3D edge-based element.( 4975 sec )
# Number of equation = 475883, Number of equation after degeneration = 473549
# Calculating EM field of the boundary planes with 2D forward analysis.        
#-----------------------------[ Boundary Plane 2 ]-----------------------------
# Calculate electric field on a boundary plane with 0th order edge-based element.
# Number of equation = 514, Number of equation after degeneration = 470
# Set values of matrix and right hand side vector. ( 4975 sec )
# Numerical factorization phase of matrix solver for boundary plane. Polarization : 0 Plane : 2. ( 4975 sec )
# Solve phase of matrix solver for boundary plane. Polarization : 0 Plane : 2. ( 4975 sec )
#-----------------------------[ Boundary Plane 3 ]-----------------------------
# Calculate electric field on a boundary plane with 0th order edge-based element.
# Number of equation = 514, Number of equation after degeneration = 470
# Set values of matrix and right hand side vector. ( 4975 sec )
# Numerical factorization phase of matrix solver for boundary plane. Polarization : 0 Plane : 3. ( 4975 sec )
# Solve phase of matrix solver for boundary plane. Polarization : 0 Plane : 3. ( 4975 sec )
#------------------------------------------------------------------------------
# Set matrix structure. ( 4975 sec )
# Anaysis phase of matrix solver for 3D forward calculation. Polarization : 0. ( 4978 sec )
#++++++++++++++++++++++++++++++++++++++++++++++++++++++++++++++++++++++++++++++++++++++++++++++++
# Total peak memory required during the analysis and symbolic factorization phase    : 578197 [KByte]
# Permanent memory required from the analysis phase to the solve phases              : 482788 [KByte]
# Total memory consumed by in-core forward solver for internal float point arrays    : 4.12316e+06 [KByte]
# Minimum memory consumed by out-core forward solver for internal float point arrays : 68252 [KByte]
#++++++++++++++++++++++++++++++++++++++++++++++++++++++++++++++++++++++++++++++++++++++++++++++++
# Set values of matrix and right hand side vector. ( 4981 sec )
# Numerical factorization phase of matrix solver for 3D forward calculation. Polarization : 0.( 4984 sec )
# Solve phase of matrix solver for 3D forward calculation. Polarization : 0.( 5004 sec )
# Calulate right-hand sides vectors consisting of interpolator vectors.( 5005 sec )
# Solve phase of matrix solver for right-hand sides consisting of interpolator vectors.( 5005 sec )
# Solve phase is performed simultaneously for 68 right-hand sides( 5005 sec )
# Calculate derivatives of EM field.( 5008 sec )
#================================================================================================
# Start forward calculation. Frequency : 0.03981 [Hz], Polarization : Ey-polarization
#================================================================================================
# Start 3D forward calculation with 0th order 3D edge-based element.( 5021 sec )
# Number of equation = 475883, Number of equation after degeneration = 473549
# Calculating EM field of the boundary planes with 2D forward analysis.        
#-----------------------------[ Boundary Plane 0 ]-----------------------------
# Calculate electric field on a boundary plane with 0th order edge-based element.
# Number of equation = 520, Number of equation after degeneration = 476
# Set values of matrix and right hand side vector. ( 5021 sec )
# Numerical factorization phase of matrix solver for boundary plane. Polarization : 1 Plane : 0. ( 5021 sec )
# Solve phase of matrix solver for boundary plane. Polarization : 1 Plane : 0. ( 5021 sec )
#-----------------------------[ Boundary Plane 1 ]-----------------------------
# Calculate electric field on a boundary plane with 0th order edge-based element.
# Number of equation = 520, Number of equation after degeneration = 476
# Set values of matrix and right hand side vector. ( 5021 sec )
# Numerical factorization phase of matrix solver for boundary plane. Polarization : 1 Plane : 1. ( 5021 sec )
# Solve phase of matrix solver for boundary plane. Polarization : 1 Plane : 1. ( 5021 sec )
#------------------------------------------------------------------------------
# Set values of matrix and right hand side vector. ( 5021 sec )
# Numerical factorization phase of matrix solver for 3D forward calculation. Polarization : 1.( 5023 sec )
# Solve phase of matrix solver for 3D forward calculation. Polarization : 1.( 5044 sec )
# Calulate right-hand sides vectors consisting of interpolator vectors.( 5044 sec )
# Solve phase of matrix solver for right-hand sides consisting of interpolator vectors.( 5044 sec )
# Solve phase is performed simultaneously for 68 right-hand sides( 5044 sec )
# Calculate derivatives of EM field.( 5047 sec )
#==============================================================================
# Calculate response functions. ( 5060 sec )
# Calculate sensitivity matrix of frequency 0.03981[Hz].( 5060 sec )
# Sensitivity matrix of frequency 0.03981[Hz] is saved in the out-of-core file sensMatFreq0.
#==============================================================================
#================================================================================================
# Start forward calculation. Frequency : 0.06309 [Hz], Polarization : Ex-polarization
#================================================================================================
# Start 3D forward calculation with 0th order 3D edge-based element.( 5060 sec )
# Number of equation = 475883, Number of equation after degeneration = 473549
# Calculating EM field of the boundary planes with 2D forward analysis.        
#-----------------------------[ Boundary Plane 2 ]-----------------------------
# Calculate electric field on a boundary plane with 0th order edge-based element.
# Number of equation = 514, Number of equation after degeneration = 470
# Set values of matrix and right hand side vector. ( 5060 sec )
# Numerical factorization phase of matrix solver for boundary plane. Polarization : 0 Plane : 2. ( 5060 sec )
# Solve phase of matrix solver for boundary plane. Polarization : 0 Plane : 2. ( 5060 sec )
#-----------------------------[ Boundary Plane 3 ]-----------------------------
# Calculate electric field on a boundary plane with 0th order edge-based element.
# Number of equation = 514, Number of equation after degeneration = 470
# Set values of matrix and right hand side vector. ( 5060 sec )
# Numerical factorization phase of matrix solver for boundary plane. Polarization : 0 Plane : 3. ( 5060 sec )
# Solve phase of matrix solver for boundary plane. Polarization : 0 Plane : 3. ( 5060 sec )
#------------------------------------------------------------------------------
# Set values of matrix and right hand side vector. ( 5060 sec )
# Numerical factorization phase of matrix solver for 3D forward calculation. Polarization : 0.( 5062 sec )
# Solve phase of matrix solver for 3D forward calculation. Polarization : 0.( 5083 sec )
# Calulate right-hand sides vectors consisting of interpolator vectors.( 5083 sec )
# Solve phase of matrix solver for right-hand sides consisting of interpolator vectors.( 5084 sec )
# Solve phase is performed simultaneously for 89 right-hand sides( 5084 sec )
# Calculate derivatives of EM field.( 5087 sec )
#================================================================================================
# Start forward calculation. Frequency : 0.06309 [Hz], Polarization : Ey-polarization
#================================================================================================
# Start 3D forward calculation with 0th order 3D edge-based element.( 5099 sec )
# Number of equation = 475883, Number of equation after degeneration = 473549
# Calculating EM field of the boundary planes with 2D forward analysis.        
#-----------------------------[ Boundary Plane 0 ]-----------------------------
# Calculate electric field on a boundary plane with 0th order edge-based element.
# Number of equation = 520, Number of equation after degeneration = 476
# Set values of matrix and right hand side vector. ( 5099 sec )
# Numerical factorization phase of matrix solver for boundary plane. Polarization : 1 Plane : 0. ( 5099 sec )
# Solve phase of matrix solver for boundary plane. Polarization : 1 Plane : 0. ( 5099 sec )
#-----------------------------[ Boundary Plane 1 ]-----------------------------
# Calculate electric field on a boundary plane with 0th order edge-based element.
# Number of equation = 520, Number of equation after degeneration = 476
# Set values of matrix and right hand side vector. ( 5099 sec )
# Numerical factorization phase of matrix solver for boundary plane. Polarization : 1 Plane : 1. ( 5099 sec )
# Solve phase of matrix solver for boundary plane. Polarization : 1 Plane : 1. ( 5099 sec )
#------------------------------------------------------------------------------
# Set values of matrix and right hand side vector. ( 5099 sec )
# Numerical factorization phase of matrix solver for 3D forward calculation. Polarization : 1.( 5101 sec )
# Solve phase of matrix solver for 3D forward calculation. Polarization : 1.( 5121 sec )
# Calulate right-hand sides vectors consisting of interpolator vectors.( 5122 sec )
# Solve phase of matrix solver for right-hand sides consisting of interpolator vectors.( 5122 sec )
# Solve phase is performed simultaneously for 89 right-hand sides( 5122 sec )
# Calculate derivatives of EM field.( 5125 sec )
#==============================================================================
# Calculate response functions. ( 5136 sec )
# Calculate sensitivity matrix of frequency 0.06309[Hz].( 5136 sec )
# Sensitivity matrix of frequency 0.06309[Hz] is saved in the out-of-core file sensMatFreq1.
#==============================================================================
#================================================================================================
# Start forward calculation. Frequency : 0.1 [Hz], Polarization : Ex-polarization
#================================================================================================
# Start 3D forward calculation with 0th order 3D edge-based element.( 5136 sec )
# Number of equation = 475883, Number of equation after degeneration = 473549
# Calculating EM field of the boundary planes with 2D forward analysis.        
#-----------------------------[ Boundary Plane 2 ]-----------------------------
# Calculate electric field on a boundary plane with 0th order edge-based element.
# Number of equation = 514, Number of equation after degeneration = 470
# Set values of matrix and right hand side vector. ( 5136 sec )
# Numerical factorization phase of matrix solver for boundary plane. Polarization : 0 Plane : 2. ( 5136 sec )
# Solve phase of matrix solver for boundary plane. Polarization : 0 Plane : 2. ( 5136 sec )
#-----------------------------[ Boundary Plane 3 ]-----------------------------
# Calculate electric field on a boundary plane with 0th order edge-based element.
# Number of equation = 514, Number of equation after degeneration = 470
# Set values of matrix and right hand side vector. ( 5136 sec )
# Numerical factorization phase of matrix solver for boundary plane. Polarization : 0 Plane : 3. ( 5136 sec )
# Solve phase of matrix solver for boundary plane. Polarization : 0 Plane : 3. ( 5136 sec )
#------------------------------------------------------------------------------
# Set values of matrix and right hand side vector. ( 5136 sec )
# Numerical factorization phase of matrix solver for 3D forward calculation. Polarization : 0.( 5139 sec )
# Solve phase of matrix solver for 3D forward calculation. Polarization : 0.( 5159 sec )
# Calulate right-hand sides vectors consisting of interpolator vectors.( 5159 sec )
# Solve phase of matrix solver for right-hand sides consisting of interpolator vectors.( 5160 sec )
# Solve phase is performed simultaneously for 50 right-hand sides( 5160 sec )
# Calculate derivatives of EM field.( 5162 sec )
#================================================================================================
# Start forward calculation. Frequency : 0.1 [Hz], Polarization : Ey-polarization
#================================================================================================
# Start 3D forward calculation with 0th order 3D edge-based element.( 5169 sec )
# Number of equation = 475883, Number of equation after degeneration = 473549
# Calculating EM field of the boundary planes with 2D forward analysis.        
#-----------------------------[ Boundary Plane 0 ]-----------------------------
# Calculate electric field on a boundary plane with 0th order edge-based element.
# Number of equation = 520, Number of equation after degeneration = 476
# Set values of matrix and right hand side vector. ( 5169 sec )
# Numerical factorization phase of matrix solver for boundary plane. Polarization : 1 Plane : 0. ( 5169 sec )
# Solve phase of matrix solver for boundary plane. Polarization : 1 Plane : 0. ( 5169 sec )
#-----------------------------[ Boundary Plane 1 ]-----------------------------
# Calculate electric field on a boundary plane with 0th order edge-based element.
# Number of equation = 520, Number of equation after degeneration = 476
# Set values of matrix and right hand side vector. ( 5169 sec )
# Numerical factorization phase of matrix solver for boundary plane. Polarization : 1 Plane : 1. ( 5169 sec )
# Solve phase of matrix solver for boundary plane. Polarization : 1 Plane : 1. ( 5169 sec )
#------------------------------------------------------------------------------
# Set values of matrix and right hand side vector. ( 5169 sec )
# Numerical factorization phase of matrix solver for 3D forward calculation. Polarization : 1.( 5171 sec )
# Solve phase of matrix solver for 3D forward calculation. Polarization : 1.( 5191 sec )
# Calulate right-hand sides vectors consisting of interpolator vectors.( 5192 sec )
# Solve phase of matrix solver for right-hand sides consisting of interpolator vectors.( 5192 sec )
# Solve phase is performed simultaneously for 50 right-hand sides( 5192 sec )
# Calculate derivatives of EM field.( 5194 sec )
#==============================================================================
# Calculate response functions. ( 5201 sec )
# Calculate sensitivity matrix of frequency 0.1[Hz].( 5201 sec )
# Sensitivity matrix of frequency 0.1[Hz] is saved in the out-of-core file sensMatFreq2.
#==============================================================================
#================================================================================================
# Start forward calculation. Frequency : 0.15848 [Hz], Polarization : Ex-polarization
#================================================================================================
# Start 3D forward calculation with 0th order 3D edge-based element.( 5201 sec )
# Number of equation = 475883, Number of equation after degeneration = 473549
# Calculating EM field of the boundary planes with 2D forward analysis.        
#-----------------------------[ Boundary Plane 2 ]-----------------------------
# Calculate electric field on a boundary plane with 0th order edge-based element.
# Number of equation = 514, Number of equation after degeneration = 470
# Set values of matrix and right hand side vector. ( 5201 sec )
# Numerical factorization phase of matrix solver for boundary plane. Polarization : 0 Plane : 2. ( 5201 sec )
# Solve phase of matrix solver for boundary plane. Polarization : 0 Plane : 2. ( 5201 sec )
#-----------------------------[ Boundary Plane 3 ]-----------------------------
# Calculate electric field on a boundary plane with 0th order edge-based element.
# Number of equation = 514, Number of equation after degeneration = 470
# Set values of matrix and right hand side vector. ( 5201 sec )
# Numerical factorization phase of matrix solver for boundary plane. Polarization : 0 Plane : 3. ( 5201 sec )
# Solve phase of matrix solver for boundary plane. Polarization : 0 Plane : 3. ( 5201 sec )
#------------------------------------------------------------------------------
# Set values of matrix and right hand side vector. ( 5201 sec )
# Numerical factorization phase of matrix solver for 3D forward calculation. Polarization : 0.( 5203 sec )
# Solve phase of matrix solver for 3D forward calculation. Polarization : 0.( 5224 sec )
# Calulate right-hand sides vectors consisting of interpolator vectors.( 5224 sec )
# Solve phase of matrix solver for right-hand sides consisting of interpolator vectors.( 5224 sec )
# Solve phase is performed simultaneously for 52 right-hand sides( 5224 sec )
# Calculate derivatives of EM field.( 5226 sec )
#================================================================================================
# Start forward calculation. Frequency : 0.15848 [Hz], Polarization : Ey-polarization
#================================================================================================
# Start 3D forward calculation with 0th order 3D edge-based element.( 5233 sec )
# Number of equation = 475883, Number of equation after degeneration = 473549
# Calculating EM field of the boundary planes with 2D forward analysis.        
#-----------------------------[ Boundary Plane 0 ]-----------------------------
# Calculate electric field on a boundary plane with 0th order edge-based element.
# Number of equation = 520, Number of equation after degeneration = 476
# Set values of matrix and right hand side vector. ( 5233 sec )
# Numerical factorization phase of matrix solver for boundary plane. Polarization : 1 Plane : 0. ( 5233 sec )
# Solve phase of matrix solver for boundary plane. Polarization : 1 Plane : 0. ( 5233 sec )
#-----------------------------[ Boundary Plane 1 ]-----------------------------
# Calculate electric field on a boundary plane with 0th order edge-based element.
# Number of equation = 520, Number of equation after degeneration = 476
# Set values of matrix and right hand side vector. ( 5233 sec )
# Numerical factorization phase of matrix solver for boundary plane. Polarization : 1 Plane : 1. ( 5233 sec )
# Solve phase of matrix solver for boundary plane. Polarization : 1 Plane : 1. ( 5233 sec )
#------------------------------------------------------------------------------
# Set values of matrix and right hand side vector. ( 5233 sec )
# Numerical factorization phase of matrix solver for 3D forward calculation. Polarization : 1.( 5235 sec )
# Solve phase of matrix solver for 3D forward calculation. Polarization : 1.( 5256 sec )
# Calulate right-hand sides vectors consisting of interpolator vectors.( 5256 sec )
# Solve phase of matrix solver for right-hand sides consisting of interpolator vectors.( 5256 sec )
# Solve phase is performed simultaneously for 52 right-hand sides( 5256 sec )
# Calculate derivatives of EM field.( 5258 sec )
#==============================================================================
# Calculate response functions. ( 5266 sec )
# Calculate sensitivity matrix of frequency 0.15848[Hz].( 5266 sec )
# Sensitivity matrix of frequency 0.15848[Hz] is saved in the out-of-core file sensMatFreq3.
#==============================================================================
#================================================================================================
# Start forward calculation. Frequency : 0.25118 [Hz], Polarization : Ex-polarization
#================================================================================================
# Start 3D forward calculation with 0th order 3D edge-based element.( 5266 sec )
# Number of equation = 475883, Number of equation after degeneration = 473549
# Calculating EM field of the boundary planes with 2D forward analysis.        
#-----------------------------[ Boundary Plane 2 ]-----------------------------
# Calculate electric field on a boundary plane with 0th order edge-based element.
# Number of equation = 514, Number of equation after degeneration = 470
# Set values of matrix and right hand side vector. ( 5266 sec )
# Numerical factorization phase of matrix solver for boundary plane. Polarization : 0 Plane : 2. ( 5266 sec )
# Solve phase of matrix solver for boundary plane. Polarization : 0 Plane : 2. ( 5266 sec )
#-----------------------------[ Boundary Plane 3 ]-----------------------------
# Calculate electric field on a boundary plane with 0th order edge-based element.
# Number of equation = 514, Number of equation after degeneration = 470
# Set values of matrix and right hand side vector. ( 5266 sec )
# Numerical factorization phase of matrix solver for boundary plane. Polarization : 0 Plane : 3. ( 5266 sec )
# Solve phase of matrix solver for boundary plane. Polarization : 0 Plane : 3. ( 5266 sec )
#------------------------------------------------------------------------------
# Set values of matrix and right hand side vector. ( 5266 sec )
# Numerical factorization phase of matrix solver for 3D forward calculation. Polarization : 0.( 5269 sec )
# Solve phase of matrix solver for 3D forward calculation. Polarization : 0.( 5289 sec )
# Calulate right-hand sides vectors consisting of interpolator vectors.( 5290 sec )
# Solve phase of matrix solver for right-hand sides consisting of interpolator vectors.( 5290 sec )
# Solve phase is performed simultaneously for 53 right-hand sides( 5290 sec )
# Calculate derivatives of EM field.( 5292 sec )
#================================================================================================
# Start forward calculation. Frequency : 0.25118 [Hz], Polarization : Ey-polarization
#================================================================================================
# Start 3D forward calculation with 0th order 3D edge-based element.( 5299 sec )
# Number of equation = 475883, Number of equation after degeneration = 473549
# Calculating EM field of the boundary planes with 2D forward analysis.        
#-----------------------------[ Boundary Plane 0 ]-----------------------------
# Calculate electric field on a boundary plane with 0th order edge-based element.
# Number of equation = 520, Number of equation after degeneration = 476
# Set values of matrix and right hand side vector. ( 5299 sec )
# Numerical factorization phase of matrix solver for boundary plane. Polarization : 1 Plane : 0. ( 5299 sec )
# Solve phase of matrix solver for boundary plane. Polarization : 1 Plane : 0. ( 5299 sec )
#-----------------------------[ Boundary Plane 1 ]-----------------------------
# Calculate electric field on a boundary plane with 0th order edge-based element.
# Number of equation = 520, Number of equation after degeneration = 476
# Set values of matrix and right hand side vector. ( 5299 sec )
# Numerical factorization phase of matrix solver for boundary plane. Polarization : 1 Plane : 1. ( 5299 sec )
# Solve phase of matrix solver for boundary plane. Polarization : 1 Plane : 1. ( 5299 sec )
#------------------------------------------------------------------------------
# Set values of matrix and right hand side vector. ( 5299 sec )
# Numerical factorization phase of matrix solver for 3D forward calculation. Polarization : 1.( 5301 sec )
# Solve phase of matrix solver for 3D forward calculation. Polarization : 1.( 5321 sec )
# Calulate right-hand sides vectors consisting of interpolator vectors.( 5322 sec )
# Solve phase of matrix solver for right-hand sides consisting of interpolator vectors.( 5322 sec )
# Solve phase is performed simultaneously for 53 right-hand sides( 5322 sec )
# Calculate derivatives of EM field.( 5324 sec )
#==============================================================================
# Calculate response functions. ( 5337 sec )
# Calculate sensitivity matrix of frequency 0.25118[Hz].( 5337 sec )
# Sensitivity matrix of frequency 0.25118[Hz] is saved in the out-of-core file sensMatFreq4.
#==============================================================================
# Release memory of coefficient matrix and sparse solver. ( 5337 sec )
# Factor of step length damping change from 0.5 to 0.25.
###############################################################################
# Start Forward Computation.  Iteration : 7,  Retrial : 2
###############################################################################
#================================================================================================
# Start forward calculation. Frequency : 0.03981 [Hz], Polarization : Ex-polarization
#================================================================================================
# Start 3D forward calculation with 0th order 3D edge-based element.( 5562 sec )
# Number of equation = 475883, Number of equation after degeneration = 473549
# Calculating EM field of the boundary planes with 2D forward analysis.        
#-----------------------------[ Boundary Plane 2 ]-----------------------------
# Calculate electric field on a boundary plane with 0th order edge-based element.
# Number of equation = 514, Number of equation after degeneration = 470
# Set values of matrix and right hand side vector. ( 5562 sec )
# Numerical factorization phase of matrix solver for boundary plane. Polarization : 0 Plane : 2. ( 5562 sec )
# Solve phase of matrix solver for boundary plane. Polarization : 0 Plane : 2. ( 5562 sec )
#-----------------------------[ Boundary Plane 3 ]-----------------------------
# Calculate electric field on a boundary plane with 0th order edge-based element.
# Number of equation = 514, Number of equation after degeneration = 470
# Set values of matrix and right hand side vector. ( 5562 sec )
# Numerical factorization phase of matrix solver for boundary plane. Polarization : 0 Plane : 3. ( 5562 sec )
# Solve phase of matrix solver for boundary plane. Polarization : 0 Plane : 3. ( 5562 sec )
#------------------------------------------------------------------------------
# Set matrix structure. ( 5562 sec )
# Anaysis phase of matrix solver for 3D forward calculation. Polarization : 0. ( 5566 sec )
#++++++++++++++++++++++++++++++++++++++++++++++++++++++++++++++++++++++++++++++++++++++++++++++++
# Total peak memory required during the analysis and symbolic factorization phase    : 577735 [KByte]
# Permanent memory required from the analysis phase to the solve phases              : 482418 [KByte]
# Total memory consumed by in-core forward solver for internal float point arrays    : 4.12487e+06 [KByte]
# Minimum memory consumed by out-core forward solver for internal float point arrays : 68489 [KByte]
#++++++++++++++++++++++++++++++++++++++++++++++++++++++++++++++++++++++++++++++++++++++++++++++++
# Set values of matrix and right hand side vector. ( 5569 sec )
# Numerical factorization phase of matrix solver for 3D forward calculation. Polarization : 0.( 5571 sec )
# Solve phase of matrix solver for 3D forward calculation. Polarization : 0.( 5592 sec )
# Calulate right-hand sides vectors consisting of interpolator vectors.( 5592 sec )
# Solve phase of matrix solver for right-hand sides consisting of interpolator vectors.( 5592 sec )
# Solve phase is performed simultaneously for 68 right-hand sides( 5592 sec )
# Calculate derivatives of EM field.( 5595 sec )
#================================================================================================
# Start forward calculation. Frequency : 0.03981 [Hz], Polarization : Ey-polarization
#================================================================================================
# Start 3D forward calculation with 0th order 3D edge-based element.( 5608 sec )
# Number of equation = 475883, Number of equation after degeneration = 473549
# Calculating EM field of the boundary planes with 2D forward analysis.        
#-----------------------------[ Boundary Plane 0 ]-----------------------------
# Calculate electric field on a boundary plane with 0th order edge-based element.
# Number of equation = 520, Number of equation after degeneration = 476
# Set values of matrix and right hand side vector. ( 5608 sec )
# Numerical factorization phase of matrix solver for boundary plane. Polarization : 1 Plane : 0. ( 5608 sec )
# Solve phase of matrix solver for boundary plane. Polarization : 1 Plane : 0. ( 5608 sec )
#-----------------------------[ Boundary Plane 1 ]-----------------------------
# Calculate electric field on a boundary plane with 0th order edge-based element.
# Number of equation = 520, Number of equation after degeneration = 476
# Set values of matrix and right hand side vector. ( 5608 sec )
# Numerical factorization phase of matrix solver for boundary plane. Polarization : 1 Plane : 1. ( 5608 sec )
# Solve phase of matrix solver for boundary plane. Polarization : 1 Plane : 1. ( 5608 sec )
#------------------------------------------------------------------------------
# Set values of matrix and right hand side vector. ( 5608 sec )
# Numerical factorization phase of matrix solver for 3D forward calculation. Polarization : 1.( 5610 sec )
# Solve phase of matrix solver for 3D forward calculation. Polarization : 1.( 5631 sec )
# Calulate right-hand sides vectors consisting of interpolator vectors.( 5631 sec )
# Solve phase of matrix solver for right-hand sides consisting of interpolator vectors.( 5631 sec )
# Solve phase is performed simultaneously for 68 right-hand sides( 5631 sec )
# Calculate derivatives of EM field.( 5634 sec )
#==============================================================================
# Calculate response functions. ( 5647 sec )
# Calculate sensitivity matrix of frequency 0.03981[Hz].( 5647 sec )
# Sensitivity matrix of frequency 0.03981[Hz] is saved in the out-of-core file sensMatFreq0.
#==============================================================================
#================================================================================================
# Start forward calculation. Frequency : 0.06309 [Hz], Polarization : Ex-polarization
#================================================================================================
# Start 3D forward calculation with 0th order 3D edge-based element.( 5647 sec )
# Number of equation = 475883, Number of equation after degeneration = 473549
# Calculating EM field of the boundary planes with 2D forward analysis.        
#-----------------------------[ Boundary Plane 2 ]-----------------------------
# Calculate electric field on a boundary plane with 0th order edge-based element.
# Number of equation = 514, Number of equation after degeneration = 470
# Set values of matrix and right hand side vector. ( 5647 sec )
# Numerical factorization phase of matrix solver for boundary plane. Polarization : 0 Plane : 2. ( 5647 sec )
# Solve phase of matrix solver for boundary plane. Polarization : 0 Plane : 2. ( 5647 sec )
#-----------------------------[ Boundary Plane 3 ]-----------------------------
# Calculate electric field on a boundary plane with 0th order edge-based element.
# Number of equation = 514, Number of equation after degeneration = 470
# Set values of matrix and right hand side vector. ( 5647 sec )
# Numerical factorization phase of matrix solver for boundary plane. Polarization : 0 Plane : 3. ( 5647 sec )
# Solve phase of matrix solver for boundary plane. Polarization : 0 Plane : 3. ( 5647 sec )
#------------------------------------------------------------------------------
# Set values of matrix and right hand side vector. ( 5647 sec )
# Numerical factorization phase of matrix solver for 3D forward calculation. Polarization : 0.( 5649 sec )
# Solve phase of matrix solver for 3D forward calculation. Polarization : 0.( 5670 sec )
# Calulate right-hand sides vectors consisting of interpolator vectors.( 5670 sec )
# Solve phase of matrix solver for right-hand sides consisting of interpolator vectors.( 5670 sec )
# Solve phase is performed simultaneously for 89 right-hand sides( 5670 sec )
# Calculate derivatives of EM field.( 5674 sec )
#================================================================================================
# Start forward calculation. Frequency : 0.06309 [Hz], Polarization : Ey-polarization
#================================================================================================
# Start 3D forward calculation with 0th order 3D edge-based element.( 5686 sec )
# Number of equation = 475883, Number of equation after degeneration = 473549
# Calculating EM field of the boundary planes with 2D forward analysis.        
#-----------------------------[ Boundary Plane 0 ]-----------------------------
# Calculate electric field on a boundary plane with 0th order edge-based element.
# Number of equation = 520, Number of equation after degeneration = 476
# Set values of matrix and right hand side vector. ( 5686 sec )
# Numerical factorization phase of matrix solver for boundary plane. Polarization : 1 Plane : 0. ( 5686 sec )
# Solve phase of matrix solver for boundary plane. Polarization : 1 Plane : 0. ( 5686 sec )
#-----------------------------[ Boundary Plane 1 ]-----------------------------
# Calculate electric field on a boundary plane with 0th order edge-based element.
# Number of equation = 520, Number of equation after degeneration = 476
# Set values of matrix and right hand side vector. ( 5686 sec )
# Numerical factorization phase of matrix solver for boundary plane. Polarization : 1 Plane : 1. ( 5686 sec )
# Solve phase of matrix solver for boundary plane. Polarization : 1 Plane : 1. ( 5686 sec )
#------------------------------------------------------------------------------
# Set values of matrix and right hand side vector. ( 5686 sec )
# Numerical factorization phase of matrix solver for 3D forward calculation. Polarization : 1.( 5688 sec )
# Solve phase of matrix solver for 3D forward calculation. Polarization : 1.( 5709 sec )
# Calulate right-hand sides vectors consisting of interpolator vectors.( 5709 sec )
# Solve phase of matrix solver for right-hand sides consisting of interpolator vectors.( 5709 sec )
# Solve phase is performed simultaneously for 89 right-hand sides( 5709 sec )
# Calculate derivatives of EM field.( 5712 sec )
#==============================================================================
# Calculate response functions. ( 5724 sec )
# Calculate sensitivity matrix of frequency 0.06309[Hz].( 5724 sec )
# Sensitivity matrix of frequency 0.06309[Hz] is saved in the out-of-core file sensMatFreq1.
#==============================================================================
#================================================================================================
# Start forward calculation. Frequency : 0.1 [Hz], Polarization : Ex-polarization
#================================================================================================
# Start 3D forward calculation with 0th order 3D edge-based element.( 5724 sec )
# Number of equation = 475883, Number of equation after degeneration = 473549
# Calculating EM field of the boundary planes with 2D forward analysis.        
#-----------------------------[ Boundary Plane 2 ]-----------------------------
# Calculate electric field on a boundary plane with 0th order edge-based element.
# Number of equation = 514, Number of equation after degeneration = 470
# Set values of matrix and right hand side vector. ( 5724 sec )
# Numerical factorization phase of matrix solver for boundary plane. Polarization : 0 Plane : 2. ( 5724 sec )
# Solve phase of matrix solver for boundary plane. Polarization : 0 Plane : 2. ( 5724 sec )
#-----------------------------[ Boundary Plane 3 ]-----------------------------
# Calculate electric field on a boundary plane with 0th order edge-based element.
# Number of equation = 514, Number of equation after degeneration = 470
# Set values of matrix and right hand side vector. ( 5724 sec )
# Numerical factorization phase of matrix solver for boundary plane. Polarization : 0 Plane : 3. ( 5724 sec )
# Solve phase of matrix solver for boundary plane. Polarization : 0 Plane : 3. ( 5724 sec )
#------------------------------------------------------------------------------
# Set values of matrix and right hand side vector. ( 5724 sec )
# Numerical factorization phase of matrix solver for 3D forward calculation. Polarization : 0.( 5727 sec )
# Solve phase of matrix solver for 3D forward calculation. Polarization : 0.( 5747 sec )
# Calulate right-hand sides vectors consisting of interpolator vectors.( 5747 sec )
# Solve phase of matrix solver for right-hand sides consisting of interpolator vectors.( 5748 sec )
# Solve phase is performed simultaneously for 50 right-hand sides( 5748 sec )
# Calculate derivatives of EM field.( 5750 sec )
#================================================================================================
# Start forward calculation. Frequency : 0.1 [Hz], Polarization : Ey-polarization
#================================================================================================
# Start 3D forward calculation with 0th order 3D edge-based element.( 5758 sec )
# Number of equation = 475883, Number of equation after degeneration = 473549
# Calculating EM field of the boundary planes with 2D forward analysis.        
#-----------------------------[ Boundary Plane 0 ]-----------------------------
# Calculate electric field on a boundary plane with 0th order edge-based element.
# Number of equation = 520, Number of equation after degeneration = 476
# Set values of matrix and right hand side vector. ( 5758 sec )
# Numerical factorization phase of matrix solver for boundary plane. Polarization : 1 Plane : 0. ( 5758 sec )
# Solve phase of matrix solver for boundary plane. Polarization : 1 Plane : 0. ( 5758 sec )
#-----------------------------[ Boundary Plane 1 ]-----------------------------
# Calculate electric field on a boundary plane with 0th order edge-based element.
# Number of equation = 520, Number of equation after degeneration = 476
# Set values of matrix and right hand side vector. ( 5758 sec )
# Numerical factorization phase of matrix solver for boundary plane. Polarization : 1 Plane : 1. ( 5758 sec )
# Solve phase of matrix solver for boundary plane. Polarization : 1 Plane : 1. ( 5758 sec )
#------------------------------------------------------------------------------
# Set values of matrix and right hand side vector. ( 5758 sec )
# Numerical factorization phase of matrix solver for 3D forward calculation. Polarization : 1.( 5760 sec )
# Solve phase of matrix solver for 3D forward calculation. Polarization : 1.( 5780 sec )
# Calulate right-hand sides vectors consisting of interpolator vectors.( 5781 sec )
# Solve phase of matrix solver for right-hand sides consisting of interpolator vectors.( 5781 sec )
# Solve phase is performed simultaneously for 50 right-hand sides( 5781 sec )
# Calculate derivatives of EM field.( 5783 sec )
#==============================================================================
# Calculate response functions. ( 5790 sec )
# Calculate sensitivity matrix of frequency 0.1[Hz].( 5790 sec )
# Sensitivity matrix of frequency 0.1[Hz] is saved in the out-of-core file sensMatFreq2.
#==============================================================================
#================================================================================================
# Start forward calculation. Frequency : 0.15848 [Hz], Polarization : Ex-polarization
#================================================================================================
# Start 3D forward calculation with 0th order 3D edge-based element.( 5791 sec )
# Number of equation = 475883, Number of equation after degeneration = 473549
# Calculating EM field of the boundary planes with 2D forward analysis.        
#-----------------------------[ Boundary Plane 2 ]-----------------------------
# Calculate electric field on a boundary plane with 0th order edge-based element.
# Number of equation = 514, Number of equation after degeneration = 470
# Set values of matrix and right hand side vector. ( 5791 sec )
# Numerical factorization phase of matrix solver for boundary plane. Polarization : 0 Plane : 2. ( 5791 sec )
# Solve phase of matrix solver for boundary plane. Polarization : 0 Plane : 2. ( 5791 sec )
#-----------------------------[ Boundary Plane 3 ]-----------------------------
# Calculate electric field on a boundary plane with 0th order edge-based element.
# Number of equation = 514, Number of equation after degeneration = 470
# Set values of matrix and right hand side vector. ( 5791 sec )
# Numerical factorization phase of matrix solver for boundary plane. Polarization : 0 Plane : 3. ( 5791 sec )
# Solve phase of matrix solver for boundary plane. Polarization : 0 Plane : 3. ( 5791 sec )
#------------------------------------------------------------------------------
# Set values of matrix and right hand side vector. ( 5791 sec )
# Numerical factorization phase of matrix solver for 3D forward calculation. Polarization : 0.( 5793 sec )
# Solve phase of matrix solver for 3D forward calculation. Polarization : 0.( 5813 sec )
# Calulate right-hand sides vectors consisting of interpolator vectors.( 5814 sec )
# Solve phase of matrix solver for right-hand sides consisting of interpolator vectors.( 5814 sec )
# Solve phase is performed simultaneously for 52 right-hand sides( 5814 sec )
# Calculate derivatives of EM field.( 5816 sec )
#================================================================================================
# Start forward calculation. Frequency : 0.15848 [Hz], Polarization : Ey-polarization
#================================================================================================
# Start 3D forward calculation with 0th order 3D edge-based element.( 5823 sec )
# Number of equation = 475883, Number of equation after degeneration = 473549
# Calculating EM field of the boundary planes with 2D forward analysis.        
#-----------------------------[ Boundary Plane 0 ]-----------------------------
# Calculate electric field on a boundary plane with 0th order edge-based element.
# Number of equation = 520, Number of equation after degeneration = 476
# Set values of matrix and right hand side vector. ( 5823 sec )
# Numerical factorization phase of matrix solver for boundary plane. Polarization : 1 Plane : 0. ( 5823 sec )
# Solve phase of matrix solver for boundary plane. Polarization : 1 Plane : 0. ( 5823 sec )
#-----------------------------[ Boundary Plane 1 ]-----------------------------
# Calculate electric field on a boundary plane with 0th order edge-based element.
# Number of equation = 520, Number of equation after degeneration = 476
# Set values of matrix and right hand side vector. ( 5823 sec )
# Numerical factorization phase of matrix solver for boundary plane. Polarization : 1 Plane : 1. ( 5823 sec )
# Solve phase of matrix solver for boundary plane. Polarization : 1 Plane : 1. ( 5823 sec )
#------------------------------------------------------------------------------
# Set values of matrix and right hand side vector. ( 5823 sec )
# Numerical factorization phase of matrix solver for 3D forward calculation. Polarization : 1.( 5825 sec )
# Solve phase of matrix solver for 3D forward calculation. Polarization : 1.( 5846 sec )
# Calulate right-hand sides vectors consisting of interpolator vectors.( 5846 sec )
# Solve phase of matrix solver for right-hand sides consisting of interpolator vectors.( 5846 sec )
# Solve phase is performed simultaneously for 52 right-hand sides( 5846 sec )
# Calculate derivatives of EM field.( 5849 sec )
#==============================================================================
# Calculate response functions. ( 5855 sec )
# Calculate sensitivity matrix of frequency 0.15848[Hz].( 5855 sec )
# Sensitivity matrix of frequency 0.15848[Hz] is saved in the out-of-core file sensMatFreq3.
#==============================================================================
#================================================================================================
# Start forward calculation. Frequency : 0.25118 [Hz], Polarization : Ex-polarization
#================================================================================================
# Start 3D forward calculation with 0th order 3D edge-based element.( 5856 sec )
# Number of equation = 475883, Number of equation after degeneration = 473549
# Calculating EM field of the boundary planes with 2D forward analysis.        
#-----------------------------[ Boundary Plane 2 ]-----------------------------
# Calculate electric field on a boundary plane with 0th order edge-based element.
# Number of equation = 514, Number of equation after degeneration = 470
# Set values of matrix and right hand side vector. ( 5856 sec )
# Numerical factorization phase of matrix solver for boundary plane. Polarization : 0 Plane : 2. ( 5856 sec )
# Solve phase of matrix solver for boundary plane. Polarization : 0 Plane : 2. ( 5856 sec )
#-----------------------------[ Boundary Plane 3 ]-----------------------------
# Calculate electric field on a boundary plane with 0th order edge-based element.
# Number of equation = 514, Number of equation after degeneration = 470
# Set values of matrix and right hand side vector. ( 5856 sec )
# Numerical factorization phase of matrix solver for boundary plane. Polarization : 0 Plane : 3. ( 5856 sec )
# Solve phase of matrix solver for boundary plane. Polarization : 0 Plane : 3. ( 5856 sec )
#------------------------------------------------------------------------------
# Set values of matrix and right hand side vector. ( 5856 sec )
# Numerical factorization phase of matrix solver for 3D forward calculation. Polarization : 0.( 5858 sec )
# Solve phase of matrix solver for 3D forward calculation. Polarization : 0.( 5878 sec )
# Calulate right-hand sides vectors consisting of interpolator vectors.( 5878 sec )
# Solve phase of matrix solver for right-hand sides consisting of interpolator vectors.( 5879 sec )
# Solve phase is performed simultaneously for 53 right-hand sides( 5879 sec )
# Calculate derivatives of EM field.( 5881 sec )
#================================================================================================
# Start forward calculation. Frequency : 0.25118 [Hz], Polarization : Ey-polarization
#================================================================================================
# Start 3D forward calculation with 0th order 3D edge-based element.( 5888 sec )
# Number of equation = 475883, Number of equation after degeneration = 473549
# Calculating EM field of the boundary planes with 2D forward analysis.        
#-----------------------------[ Boundary Plane 0 ]-----------------------------
# Calculate electric field on a boundary plane with 0th order edge-based element.
# Number of equation = 520, Number of equation after degeneration = 476
# Set values of matrix and right hand side vector. ( 5888 sec )
# Numerical factorization phase of matrix solver for boundary plane. Polarization : 1 Plane : 0. ( 5888 sec )
# Solve phase of matrix solver for boundary plane. Polarization : 1 Plane : 0. ( 5888 sec )
#-----------------------------[ Boundary Plane 1 ]-----------------------------
# Calculate electric field on a boundary plane with 0th order edge-based element.
# Number of equation = 520, Number of equation after degeneration = 476
# Set values of matrix and right hand side vector. ( 5888 sec )
# Numerical factorization phase of matrix solver for boundary plane. Polarization : 1 Plane : 1. ( 5888 sec )
# Solve phase of matrix solver for boundary plane. Polarization : 1 Plane : 1. ( 5888 sec )
#------------------------------------------------------------------------------
# Set values of matrix and right hand side vector. ( 5888 sec )
# Numerical factorization phase of matrix solver for 3D forward calculation. Polarization : 1.( 5891 sec )
# Solve phase of matrix solver for 3D forward calculation. Polarization : 1.( 5911 sec )
# Calulate right-hand sides vectors consisting of interpolator vectors.( 5912 sec )
# Solve phase of matrix solver for right-hand sides consisting of interpolator vectors.( 5912 sec )
# Solve phase is performed simultaneously for 53 right-hand sides( 5912 sec )
# Calculate derivatives of EM field.( 5914 sec )
#==============================================================================
# Calculate response functions. ( 5921 sec )
# Calculate sensitivity matrix of frequency 0.25118[Hz].( 5921 sec )
# Sensitivity matrix of frequency 0.25118[Hz] is saved in the out-of-core file sensMatFreq4.
#==============================================================================
# Release memory of coefficient matrix and sparse solver. ( 5921 sec )
# Factor of step length damping change from 0.25 to 0.125.
# Reach maximum retrial number.
# End femtic ( 6144 sec )
