# Start femtic Linux Version 4.3.0 ( 0 sec )
# Read analysis control data from control.dat.( 0 sec )
#==============================================================================
# Summary of control data
#==============================================================================
# Condition of perfect electric conductor is specified at the bottom boundary.
# Type of mesh : Tetrahedron.
# Number of threads is specified to be 4 .
# In-core mode is used.
# Division number of right-hand sides at solve phase in forward calculation : 1
# Division number of right-hand sides at solve phase in inversion : 1
# Coefficient matrix of normal equation is assumed to be indefinite.
# Renumbering is not performed.
# Horizontal electric field is used for calculating response functions.
# EM field is interpolated from the values of the edges of the lower element.
# Release memory of coefficient matrix and sparse solver after forward calculation.
# Type of bound constraints method : Simple bound constraining
# Minimum distance to resistivity bounds in common logarithm scale : 0.01 .
# Bottom resistivity : 1000 [Ohm-m]
# Roughning factor at the bottom : 1
# Following variables are written to to ASCII file.
#  - Resistivity
#  - Sensitivity
#  - Sensitivity density
# Method of inversion : Gauss-newton method (Data space)
# Components of distortion matrices are estimated directly as model parameters.
# Roughening matrix is created using shared faces of elements.
# Trade-off parameter for resistivity value : 1 .
# Trade-off parameter for distortion strength : 0.1 .
# Weighting factor of alpha (X,Y,Z) = (1, 1, 1) .
# Factor of inverse distance weighting : 1.
# Initial iteration number : 0.
# Maximun iteration number : 15.
# Threshold value for determining if objective functional decrease : 0.001.
# Convergence criterion of inversion is that change ratios of objective function and its components are less than 0.2 [%] .
# Initial factor of step-length damping : 0.5.
# Minimum factor of step-length damping : 0.1.
# Maximum factor of step-length damping : 1.
# If residual increase, factor of step-length damping is muliplied by 0.5 times.
# If residual decrease 3 times in a row, factor of step-length damping is muliplied by 1.25 times.
# Maximum number of retrials : 2.
#==============================================================================
# Read mesh data from mesh.dat .( 0 sec )
# Read data of resisitivity block model .( 1 sec )
# Read observed data .( 1 sec )
# Number of the stations of the impedance tensor : 48
# Station ID     Station ID (Ref)  Owner Element  Electric field
# 1              1                 Lower          Horizontal
# 2              2                 Lower          Horizontal
# 3              3                 Lower          Horizontal
# 4              4                 Lower          Horizontal
# 5              5                 Lower          Horizontal
# 6              6                 Lower          Horizontal
# 7              7                 Lower          Horizontal
# 8              8                 Lower          Horizontal
# 9              9                 Lower          Horizontal
# 10             10                Lower          Horizontal
# 11             11                Lower          Horizontal
# 12             12                Lower          Horizontal
# 13             13                Lower          Horizontal
# 14             14                Lower          Horizontal
# 15             15                Lower          Horizontal
# 16             16                Lower          Horizontal
# 17             17                Lower          Horizontal
# 18             18                Lower          Horizontal
# 19             19                Lower          Horizontal
# 20             20                Lower          Horizontal
# 21             21                Lower          Horizontal
# 22             22                Lower          Horizontal
# 23             23                Lower          Horizontal
# 24             24                Lower          Horizontal
# 25             25                Lower          Horizontal
# 26             26                Lower          Horizontal
# 27             27                Lower          Horizontal
# 28             28                Lower          Horizontal
# 29             29                Lower          Horizontal
# 30             30                Lower          Horizontal
# 31             31                Lower          Horizontal
# 32             32                Lower          Horizontal
# 33             33                Lower          Horizontal
# 34             34                Lower          Horizontal
# 35             35                Lower          Horizontal
# 36             36                Lower          Horizontal
# 37             37                Lower          Horizontal
# 38             38                Lower          Horizontal
# 39             39                Lower          Horizontal
# 40             40                Lower          Horizontal
# 41             41                Lower          Horizontal
# 42             42                Lower          Horizontal
# 43             43                Lower          Horizontal
# 44             44                Lower          Horizontal
# 45             45                Lower          Horizontal
# 46             46                Lower          Horizontal
# 47             47                Lower          Horizontal
# 48             48                Lower          Horizontal
# Number of the stations of the vertical magnetic transfer function : 46
# Station ID     Station ID (Ref)  Owner Element
# 1001           1001              Lower
# 1002           1002              Lower
# 1003           1003              Lower
# 1004           1004              Lower
# 1005           1005              Lower
# 1006           1006              Lower
# 1007           1007              Lower
# 1008           1008              Lower
# 1009           1009              Lower
# 1010           1010              Lower
# 1011           1011              Lower
# 1012           1012              Lower
# 1013           1013              Lower
# 1014           1014              Lower
# 1015           1015              Lower
# 1016           1016              Lower
# 1017           1017              Lower
# 1018           1018              Lower
# 1019           1019              Lower
# 1020           1020              Lower
# 1021           1021              Lower
# 1022           1022              Lower
# 1023           1023              Lower
# 1024           1024              Lower
# 1025           1025              Lower
# 1026           1026              Lower
# 1027           1027              Lower
# 1028           1028              Lower
# 1029           1029              Lower
# 1030           1030              Lower
# 1031           1031              Lower
# 1032           1032              Lower
# 1033           1033              Lower
# 1034           1034              Lower
# 1035           1035              Lower
# 1036           1036              Lower
# 1037           1037              Lower
# 1038           1038              Lower
# 1039           1039              Lower
# 1040           1040              Lower
# 1041           1041              Lower
# 1042           1042              Lower
# 1043           1043              Lower
# 1044           1044              Lower
# 1045           1045              Lower
# 1046           1046              Lower
#++++++++++++++++++++++++++++++++++++++++++++++++++++++++++++++++++++++++++++++
# Total number of stations : 94 .
#  - Number of impedance tensor stations : 48 .
#  - Number of VTF stations : 46 .
#++++++++++++++++++++++++++++++++++++++++++++++++++++++++++++++++++++++++++++++
#++++++++++++++++++++++++++++++++++++++++++++++++++++++++++++++++++++++++++++++
# Forward calculation is performed for the frequencies/periods below.
# Freq#  Frequency[Hz]  Period[sec]    
# 0      0.03981        25.1193        
# 1      0.06309        15.8504        
# 2      0.1            10             
# 3      0.15848        6.30994        
# 4      0.25118        3.98121        
# 5      0.3981         2.51193        
# 6      0.63095        1.58491        
# 7      1              1              
# 8      1.5848         0.630994       
# 9      2.5118         0.398121       
# 10     3.981          0.251193       
# 11     6.3095         0.158491       
# 12     10             0.1            
# 13     15.848         0.0630994      
# 14     25.118         0.0398121      
# 15     39.81          0.0251193      
# 16     63.095         0.0158491      
# 17     100            0.01           
# 18     158.48         0.00630994     
# 19     251.18         0.00398121     
# 20     398.1          0.00251193     
# 21     630.95         0.00158491     
# 22     1000           0.001          
#++++++++++++++++++++++++++++++++++++++++++++++++++++++++++++++++++++++++++++++
# Read distortion matrix data .( 1 sec )
# Find element including each station .( 1 sec )
#++++++++++++++++++++++++++++++++++++++++++++++++++++++++++++++++++++++++++++++
# Total number of model parameter : 54779.
#  - Number of modifiable resisitivity values : 54587.
#  - Number of modifiable distortion parameters : 192.
#++++++++++++++++++++++++++++++++++++++++++++++++++++++++++++++++++++++++++++++
# Calculate Roughening Matrix .( 1 sec )
###############################################################################
# Start Forward Computation.  Iteration : 0,  Retrial : 0
###############################################################################
#================================================================================================
# Start forward calculation. Frequency : 398.1 [Hz], Polarization : Ex-polarization
#================================================================================================
# Start 3D forward calculation with 0th order 3D edge-based element.( 3 sec )
# Number of equation = 475883, Number of equation after degeneration = 473549
# Calculating EM field of the boundary planes with 2D forward analysis.        
#-----------------------------[ Boundary Plane 2 ]-----------------------------
# Calculate electric field on a boundary plane with 0th order edge-based element.
# Number of equation = 514, Number of equation after degeneration = 470
# Set matrix structure. ( 3 sec )
# Anaysis phase of matrix solver for boundary plane. Polarization : 0 Plane : 2. ( 3 sec )
# Set values of matrix and right hand side vector. ( 3 sec )
# Numerical factorization phase of matrix solver for boundary plane. Polarization : 0 Plane : 2. ( 3 sec )
# Solve phase of matrix solver for boundary plane. Polarization : 0 Plane : 2. ( 3 sec )
#-----------------------------[ Boundary Plane 3 ]-----------------------------
# Calculate electric field on a boundary plane with 0th order edge-based element.
# Number of equation = 514, Number of equation after degeneration = 470
# Set matrix structure. ( 3 sec )
# Anaysis phase of matrix solver for boundary plane. Polarization : 0 Plane : 3. ( 3 sec )
# Set values of matrix and right hand side vector. ( 3 sec )
# Numerical factorization phase of matrix solver for boundary plane. Polarization : 0 Plane : 3. ( 3 sec )
# Solve phase of matrix solver for boundary plane. Polarization : 0 Plane : 3. ( 3 sec )
#------------------------------------------------------------------------------
# Set matrix structure. ( 3 sec )
# Anaysis phase of matrix solver for 3D forward calculation. Polarization : 0. ( 8 sec )
#++++++++++++++++++++++++++++++++++++++++++++++++++++++++++++++++++++++++++++++++++++++++++++++++
# Total peak memory required during the analysis and symbolic factorization phase    : 578011 [KByte]
# Permanent memory required from the analysis phase to the solve phases              : 482598 [KByte]
# Total memory consumed by in-core forward solver for internal float point arrays    : 4.12312e+06 [KByte]
# Minimum memory consumed by out-core forward solver for internal float point arrays : 68360 [KByte]
#++++++++++++++++++++++++++++++++++++++++++++++++++++++++++++++++++++++++++++++++++++++++++++++++
# Set values of matrix and right hand side vector. ( 11 sec )
# Numerical factorization phase of matrix solver for 3D forward calculation. Polarization : 0.( 13 sec )
# Solve phase of matrix solver for 3D forward calculation. Polarization : 0.( 47 sec )
# Calulate right-hand sides vectors consisting of interpolator vectors.( 47 sec )
# Solve phase of matrix solver for right-hand sides consisting of interpolator vectors.( 49 sec )
# Solve phase is performed simultaneously for 305 right-hand sides( 49 sec )
# Calculate derivatives of EM field.( 65 sec )
#================================================================================================
# Start forward calculation. Frequency : 398.1 [Hz], Polarization : Ey-polarization
#================================================================================================
# Start 3D forward calculation with 0th order 3D edge-based element.( 95 sec )
# Number of equation = 475883, Number of equation after degeneration = 473549
# Calculating EM field of the boundary planes with 2D forward analysis.        
#-----------------------------[ Boundary Plane 0 ]-----------------------------
# Calculate electric field on a boundary plane with 0th order edge-based element.
# Number of equation = 520, Number of equation after degeneration = 476
# Set matrix structure. ( 95 sec )
# Anaysis phase of matrix solver for boundary plane. Polarization : 1 Plane : 0. ( 95 sec )
# Set values of matrix and right hand side vector. ( 95 sec )
# Numerical factorization phase of matrix solver for boundary plane. Polarization : 1 Plane : 0. ( 95 sec )
# Solve phase of matrix solver for boundary plane. Polarization : 1 Plane : 0. ( 95 sec )
#-----------------------------[ Boundary Plane 1 ]-----------------------------
# Calculate electric field on a boundary plane with 0th order edge-based element.
# Number of equation = 520, Number of equation after degeneration = 476
# Set matrix structure. ( 95 sec )
# Anaysis phase of matrix solver for boundary plane. Polarization : 1 Plane : 1. ( 95 sec )
# Set values of matrix and right hand side vector. ( 95 sec )
# Numerical factorization phase of matrix solver for boundary plane. Polarization : 1 Plane : 1. ( 95 sec )
# Solve phase of matrix solver for boundary plane. Polarization : 1 Plane : 1. ( 95 sec )
#------------------------------------------------------------------------------
# Set values of matrix and right hand side vector. ( 95 sec )
# Numerical factorization phase of matrix solver for 3D forward calculation. Polarization : 1.( 98 sec )
# Solve phase of matrix solver for 3D forward calculation. Polarization : 1.( 131 sec )
# Calulate right-hand sides vectors consisting of interpolator vectors.( 132 sec )
# Solve phase of matrix solver for right-hand sides consisting of interpolator vectors.( 134 sec )
# Solve phase is performed simultaneously for 305 right-hand sides( 134 sec )
# Calculate derivatives of EM field.( 150 sec )
#==============================================================================
# Calculate response functions. ( 179 sec )
# Calculate sensitivity matrix of frequency 398.1[Hz].( 179 sec )
# Sensitivity matrix of frequency 398.1[Hz] is saved in the out-of-core file sensMatFreq20.
#==============================================================================
#================================================================================================
# Start forward calculation. Frequency : 630.95 [Hz], Polarization : Ex-polarization
#================================================================================================
# Start 3D forward calculation with 0th order 3D edge-based element.( 180 sec )
# Number of equation = 475883, Number of equation after degeneration = 473549
# Calculating EM field of the boundary planes with 2D forward analysis.        
#-----------------------------[ Boundary Plane 2 ]-----------------------------
# Calculate electric field on a boundary plane with 0th order edge-based element.
# Number of equation = 514, Number of equation after degeneration = 470
# Set values of matrix and right hand side vector. ( 180 sec )
# Numerical factorization phase of matrix solver for boundary plane. Polarization : 0 Plane : 2. ( 180 sec )
# Solve phase of matrix solver for boundary plane. Polarization : 0 Plane : 2. ( 180 sec )
#-----------------------------[ Boundary Plane 3 ]-----------------------------
# Calculate electric field on a boundary plane with 0th order edge-based element.
# Number of equation = 514, Number of equation after degeneration = 470
# Set values of matrix and right hand side vector. ( 180 sec )
# Numerical factorization phase of matrix solver for boundary plane. Polarization : 0 Plane : 3. ( 180 sec )
# Solve phase of matrix solver for boundary plane. Polarization : 0 Plane : 3. ( 180 sec )
#------------------------------------------------------------------------------
# Set values of matrix and right hand side vector. ( 180 sec )
# Numerical factorization phase of matrix solver for 3D forward calculation. Polarization : 0.( 183 sec )
# Solve phase of matrix solver for 3D forward calculation. Polarization : 0.( 216 sec )
# Calulate right-hand sides vectors consisting of interpolator vectors.( 216 sec )
# Solve phase of matrix solver for right-hand sides consisting of interpolator vectors.( 218 sec )
# Solve phase is performed simultaneously for 312 right-hand sides( 218 sec )
# Calculate derivatives of EM field.( 237 sec )
#================================================================================================
# Start forward calculation. Frequency : 630.95 [Hz], Polarization : Ey-polarization
#================================================================================================
# Start 3D forward calculation with 0th order 3D edge-based element.( 264 sec )
# Number of equation = 475883, Number of equation after degeneration = 473549
# Calculating EM field of the boundary planes with 2D forward analysis.        
#-----------------------------[ Boundary Plane 0 ]-----------------------------
# Calculate electric field on a boundary plane with 0th order edge-based element.
# Number of equation = 520, Number of equation after degeneration = 476
# Set values of matrix and right hand side vector. ( 264 sec )
# Numerical factorization phase of matrix solver for boundary plane. Polarization : 1 Plane : 0. ( 264 sec )
# Solve phase of matrix solver for boundary plane. Polarization : 1 Plane : 0. ( 264 sec )
#-----------------------------[ Boundary Plane 1 ]-----------------------------
# Calculate electric field on a boundary plane with 0th order edge-based element.
# Number of equation = 520, Number of equation after degeneration = 476
# Set values of matrix and right hand side vector. ( 264 sec )
# Numerical factorization phase of matrix solver for boundary plane. Polarization : 1 Plane : 1. ( 264 sec )
# Solve phase of matrix solver for boundary plane. Polarization : 1 Plane : 1. ( 264 sec )
#------------------------------------------------------------------------------
# Set values of matrix and right hand side vector. ( 264 sec )
# Numerical factorization phase of matrix solver for 3D forward calculation. Polarization : 1.( 267 sec )
# Solve phase of matrix solver for 3D forward calculation. Polarization : 1.( 300 sec )
# Calulate right-hand sides vectors consisting of interpolator vectors.( 300 sec )
# Solve phase of matrix solver for right-hand sides consisting of interpolator vectors.( 302 sec )
# Solve phase is performed simultaneously for 312 right-hand sides( 302 sec )
# Calculate derivatives of EM field.( 320 sec )
#==============================================================================
# Calculate response functions. ( 347 sec )
# Calculate sensitivity matrix of frequency 630.95[Hz].( 347 sec )
# Sensitivity matrix of frequency 630.95[Hz] is saved in the out-of-core file sensMatFreq21.
#==============================================================================
#================================================================================================
# Start forward calculation. Frequency : 1000 [Hz], Polarization : Ex-polarization
#================================================================================================
# Start 3D forward calculation with 0th order 3D edge-based element.( 348 sec )
# Number of equation = 475883, Number of equation after degeneration = 473549
# Calculating EM field of the boundary planes with 2D forward analysis.        
#-----------------------------[ Boundary Plane 2 ]-----------------------------
# Calculate electric field on a boundary plane with 0th order edge-based element.
# Number of equation = 514, Number of equation after degeneration = 470
# Set values of matrix and right hand side vector. ( 348 sec )
# Numerical factorization phase of matrix solver for boundary plane. Polarization : 0 Plane : 2. ( 348 sec )
# Solve phase of matrix solver for boundary plane. Polarization : 0 Plane : 2. ( 348 sec )
#-----------------------------[ Boundary Plane 3 ]-----------------------------
# Calculate electric field on a boundary plane with 0th order edge-based element.
# Number of equation = 514, Number of equation after degeneration = 470
# Set values of matrix and right hand side vector. ( 348 sec )
# Numerical factorization phase of matrix solver for boundary plane. Polarization : 0 Plane : 3. ( 348 sec )
# Solve phase of matrix solver for boundary plane. Polarization : 0 Plane : 3. ( 348 sec )
#------------------------------------------------------------------------------
# Set values of matrix and right hand side vector. ( 348 sec )
# Numerical factorization phase of matrix solver for 3D forward calculation. Polarization : 0.( 350 sec )
# Solve phase of matrix solver for 3D forward calculation. Polarization : 0.( 383 sec )
# Calulate right-hand sides vectors consisting of interpolator vectors.( 384 sec )
# Solve phase of matrix solver for right-hand sides consisting of interpolator vectors.( 385 sec )
# Solve phase is performed simultaneously for 260 right-hand sides( 385 sec )
# Calculate derivatives of EM field.( 399 sec )
#================================================================================================
# Start forward calculation. Frequency : 1000 [Hz], Polarization : Ey-polarization
#================================================================================================
# Start 3D forward calculation with 0th order 3D edge-based element.( 429 sec )
# Number of equation = 475883, Number of equation after degeneration = 473549
# Calculating EM field of the boundary planes with 2D forward analysis.        
#-----------------------------[ Boundary Plane 0 ]-----------------------------
# Calculate electric field on a boundary plane with 0th order edge-based element.
# Number of equation = 520, Number of equation after degeneration = 476
# Set values of matrix and right hand side vector. ( 429 sec )
# Numerical factorization phase of matrix solver for boundary plane. Polarization : 1 Plane : 0. ( 429 sec )
# Solve phase of matrix solver for boundary plane. Polarization : 1 Plane : 0. ( 429 sec )
#-----------------------------[ Boundary Plane 1 ]-----------------------------
# Calculate electric field on a boundary plane with 0th order edge-based element.
# Number of equation = 520, Number of equation after degeneration = 476
# Set values of matrix and right hand side vector. ( 429 sec )
# Numerical factorization phase of matrix solver for boundary plane. Polarization : 1 Plane : 1. ( 429 sec )
# Solve phase of matrix solver for boundary plane. Polarization : 1 Plane : 1. ( 429 sec )
#------------------------------------------------------------------------------
# Set values of matrix and right hand side vector. ( 429 sec )
# Numerical factorization phase of matrix solver for 3D forward calculation. Polarization : 1.( 432 sec )
# Solve phase of matrix solver for 3D forward calculation. Polarization : 1.( 465 sec )
# Calulate right-hand sides vectors consisting of interpolator vectors.( 466 sec )
# Solve phase of matrix solver for right-hand sides consisting of interpolator vectors.( 467 sec )
# Solve phase is performed simultaneously for 260 right-hand sides( 467 sec )
# Calculate derivatives of EM field.( 480 sec )
#==============================================================================
# Calculate response functions. ( 510 sec )
# Calculate sensitivity matrix of frequency 1000[Hz].( 510 sec )
# Sensitivity matrix of frequency 1000[Hz] is saved in the out-of-core file sensMatFreq22.
#==============================================================================
# Release memory of coefficient matrix and sparse solver. ( 511 sec )
###############################################################################
# Start Inversion.  Iteration : 0
###############################################################################
# Number of model : 54779
# Number of frequencies of this PE : 3
# Calculate constraining matrix. ( 516 sec )
# Analyse constraining matrix.( 516 sec )
# Analyse transposed constraining matrix.( 516 sec )
# Factorize constraining matrix.( 516 sec )
# Factorize transposed constraining matrix.( 517 sec )
# Number of data of this PE : 1508
# Read sensitivity matrix from sensMatFreq20.( 517 sec )
# Multiply transposed sensitivity matrix by inverse of transposed constraining matrix. ( 520 sec )
# Solve phase is performed simultaneously for 524 right-hand sides( 520 sec )
# Read sensitivity matrix from sensMatFreq21.( 522 sec )
# Multiply transposed sensitivity matrix by inverse of transposed constraining matrix. ( 524 sec )
# Solve phase is performed simultaneously for 536 right-hand sides( 524 sec )
# Read sensitivity matrix from sensMatFreq22.( 526 sec )
# Multiply transposed sensitivity matrix by inverse of transposed constraining matrix. ( 528 sec )
# Solve phase is performed simultaneously for 448 right-hand sides( 528 sec )
# Calculate right-hand side vector. ( 529 sec )
# Read sensitivity matrix from sensMatFreq20.( 529 sec )
# Read sensitivity matrix from sensMatFreq21.( 529 sec )
# Read sensitivity matrix from sensMatFreq22.( 530 sec )
# Read sensitivity matrix from sensMatFreq20.( 580 sec )
# Read sensitivity matrix from sensMatFreq21.( 581 sec )
# Read sensitivity matrix from sensMatFreq22.( 581 sec )
# Calculate model increments. ( 581 sec )
###############################################################################
# Start Forward Computation.  Iteration : 1,  Retrial : 0
###############################################################################
#================================================================================================
# Start forward calculation. Frequency : 398.1 [Hz], Polarization : Ex-polarization
#================================================================================================
# Start 3D forward calculation with 0th order 3D edge-based element.( 582 sec )
# Number of equation = 475883, Number of equation after degeneration = 473549
# Calculating EM field of the boundary planes with 2D forward analysis.        
#-----------------------------[ Boundary Plane 2 ]-----------------------------
# Calculate electric field on a boundary plane with 0th order edge-based element.
# Number of equation = 514, Number of equation after degeneration = 470
# Set values of matrix and right hand side vector. ( 582 sec )
# Numerical factorization phase of matrix solver for boundary plane. Polarization : 0 Plane : 2. ( 582 sec )
# Solve phase of matrix solver for boundary plane. Polarization : 0 Plane : 2. ( 582 sec )
#-----------------------------[ Boundary Plane 3 ]-----------------------------
# Calculate electric field on a boundary plane with 0th order edge-based element.
# Number of equation = 514, Number of equation after degeneration = 470
# Set values of matrix and right hand side vector. ( 582 sec )
# Numerical factorization phase of matrix solver for boundary plane. Polarization : 0 Plane : 3. ( 582 sec )
# Solve phase of matrix solver for boundary plane. Polarization : 0 Plane : 3. ( 582 sec )
#------------------------------------------------------------------------------
# Set matrix structure. ( 582 sec )
# Anaysis phase of matrix solver for 3D forward calculation. Polarization : 0. ( 586 sec )
#++++++++++++++++++++++++++++++++++++++++++++++++++++++++++++++++++++++++++++++++++++++++++++++++
# Total peak memory required during the analysis and symbolic factorization phase    : 577658 [KByte]
# Permanent memory required from the analysis phase to the solve phases              : 482562 [KByte]
# Total memory consumed by in-core forward solver for internal float point arrays    : 4.11574e+06 [KByte]
# Minimum memory consumed by out-core forward solver for internal float point arrays : 68444 [KByte]
#++++++++++++++++++++++++++++++++++++++++++++++++++++++++++++++++++++++++++++++++++++++++++++++++
# Set values of matrix and right hand side vector. ( 589 sec )
# Numerical factorization phase of matrix solver for 3D forward calculation. Polarization : 0.( 592 sec )
# Solve phase of matrix solver for 3D forward calculation. Polarization : 0.( 625 sec )
# Calulate right-hand sides vectors consisting of interpolator vectors.( 626 sec )
# Solve phase of matrix solver for right-hand sides consisting of interpolator vectors.( 627 sec )
# Solve phase is performed simultaneously for 305 right-hand sides( 627 sec )
# Calculate derivatives of EM field.( 643 sec )
#================================================================================================
# Start forward calculation. Frequency : 398.1 [Hz], Polarization : Ey-polarization
#================================================================================================
# Start 3D forward calculation with 0th order 3D edge-based element.( 674 sec )
# Number of equation = 475883, Number of equation after degeneration = 473549
# Calculating EM field of the boundary planes with 2D forward analysis.        
#-----------------------------[ Boundary Plane 0 ]-----------------------------
# Calculate electric field on a boundary plane with 0th order edge-based element.
# Number of equation = 520, Number of equation after degeneration = 476
# Set values of matrix and right hand side vector. ( 674 sec )
# Numerical factorization phase of matrix solver for boundary plane. Polarization : 1 Plane : 0. ( 674 sec )
# Solve phase of matrix solver for boundary plane. Polarization : 1 Plane : 0. ( 674 sec )
#-----------------------------[ Boundary Plane 1 ]-----------------------------
# Calculate electric field on a boundary plane with 0th order edge-based element.
# Number of equation = 520, Number of equation after degeneration = 476
# Set values of matrix and right hand side vector. ( 674 sec )
# Numerical factorization phase of matrix solver for boundary plane. Polarization : 1 Plane : 1. ( 674 sec )
# Solve phase of matrix solver for boundary plane. Polarization : 1 Plane : 1. ( 674 sec )
#------------------------------------------------------------------------------
# Set values of matrix and right hand side vector. ( 674 sec )
# Numerical factorization phase of matrix solver for 3D forward calculation. Polarization : 1.( 676 sec )
# Solve phase of matrix solver for 3D forward calculation. Polarization : 1.( 709 sec )
# Calulate right-hand sides vectors consisting of interpolator vectors.( 710 sec )
# Solve phase of matrix solver for right-hand sides consisting of interpolator vectors.( 711 sec )
# Solve phase is performed simultaneously for 305 right-hand sides( 711 sec )
# Calculate derivatives of EM field.( 728 sec )
#==============================================================================
# Calculate response functions. ( 757 sec )
# Calculate sensitivity matrix of frequency 398.1[Hz].( 757 sec )
# Sensitivity matrix of frequency 398.1[Hz] is saved in the out-of-core file sensMatFreq20.
#==============================================================================
#================================================================================================
# Start forward calculation. Frequency : 630.95 [Hz], Polarization : Ex-polarization
#================================================================================================
# Start 3D forward calculation with 0th order 3D edge-based element.( 758 sec )
# Number of equation = 475883, Number of equation after degeneration = 473549
# Calculating EM field of the boundary planes with 2D forward analysis.        
#-----------------------------[ Boundary Plane 2 ]-----------------------------
# Calculate electric field on a boundary plane with 0th order edge-based element.
# Number of equation = 514, Number of equation after degeneration = 470
# Set values of matrix and right hand side vector. ( 758 sec )
# Numerical factorization phase of matrix solver for boundary plane. Polarization : 0 Plane : 2. ( 758 sec )
# Solve phase of matrix solver for boundary plane. Polarization : 0 Plane : 2. ( 758 sec )
#-----------------------------[ Boundary Plane 3 ]-----------------------------
# Calculate electric field on a boundary plane with 0th order edge-based element.
# Number of equation = 514, Number of equation after degeneration = 470
# Set values of matrix and right hand side vector. ( 758 sec )
# Numerical factorization phase of matrix solver for boundary plane. Polarization : 0 Plane : 3. ( 758 sec )
# Solve phase of matrix solver for boundary plane. Polarization : 0 Plane : 3. ( 758 sec )
#------------------------------------------------------------------------------
# Set values of matrix and right hand side vector. ( 758 sec )
# Numerical factorization phase of matrix solver for 3D forward calculation. Polarization : 0.( 761 sec )
# Solve phase of matrix solver for 3D forward calculation. Polarization : 0.( 794 sec )
# Calulate right-hand sides vectors consisting of interpolator vectors.( 794 sec )
# Solve phase of matrix solver for right-hand sides consisting of interpolator vectors.( 796 sec )
# Solve phase is performed simultaneously for 312 right-hand sides( 796 sec )
# Calculate derivatives of EM field.( 815 sec )
#================================================================================================
# Start forward calculation. Frequency : 630.95 [Hz], Polarization : Ey-polarization
#================================================================================================
# Start 3D forward calculation with 0th order 3D edge-based element.( 841 sec )
# Number of equation = 475883, Number of equation after degeneration = 473549
# Calculating EM field of the boundary planes with 2D forward analysis.        
#-----------------------------[ Boundary Plane 0 ]-----------------------------
# Calculate electric field on a boundary plane with 0th order edge-based element.
# Number of equation = 520, Number of equation after degeneration = 476
# Set values of matrix and right hand side vector. ( 841 sec )
# Numerical factorization phase of matrix solver for boundary plane. Polarization : 1 Plane : 0. ( 841 sec )
# Solve phase of matrix solver for boundary plane. Polarization : 1 Plane : 0. ( 841 sec )
#-----------------------------[ Boundary Plane 1 ]-----------------------------
# Calculate electric field on a boundary plane with 0th order edge-based element.
# Number of equation = 520, Number of equation after degeneration = 476
# Set values of matrix and right hand side vector. ( 841 sec )
# Numerical factorization phase of matrix solver for boundary plane. Polarization : 1 Plane : 1. ( 841 sec )
# Solve phase of matrix solver for boundary plane. Polarization : 1 Plane : 1. ( 841 sec )
#------------------------------------------------------------------------------
# Set values of matrix and right hand side vector. ( 841 sec )
# Numerical factorization phase of matrix solver for 3D forward calculation. Polarization : 1.( 844 sec )
# Solve phase of matrix solver for 3D forward calculation. Polarization : 1.( 877 sec )
# Calulate right-hand sides vectors consisting of interpolator vectors.( 877 sec )
# Solve phase of matrix solver for right-hand sides consisting of interpolator vectors.( 879 sec )
# Solve phase is performed simultaneously for 312 right-hand sides( 879 sec )
# Calculate derivatives of EM field.( 897 sec )
#==============================================================================
# Calculate response functions. ( 923 sec )
# Calculate sensitivity matrix of frequency 630.95[Hz].( 923 sec )
# Sensitivity matrix of frequency 630.95[Hz] is saved in the out-of-core file sensMatFreq21.
#==============================================================================
#================================================================================================
# Start forward calculation. Frequency : 1000 [Hz], Polarization : Ex-polarization
#================================================================================================
# Start 3D forward calculation with 0th order 3D edge-based element.( 924 sec )
# Number of equation = 475883, Number of equation after degeneration = 473549
# Calculating EM field of the boundary planes with 2D forward analysis.        
#-----------------------------[ Boundary Plane 2 ]-----------------------------
# Calculate electric field on a boundary plane with 0th order edge-based element.
# Number of equation = 514, Number of equation after degeneration = 470
# Set values of matrix and right hand side vector. ( 924 sec )
# Numerical factorization phase of matrix solver for boundary plane. Polarization : 0 Plane : 2. ( 924 sec )
# Solve phase of matrix solver for boundary plane. Polarization : 0 Plane : 2. ( 924 sec )
#-----------------------------[ Boundary Plane 3 ]-----------------------------
# Calculate electric field on a boundary plane with 0th order edge-based element.
# Number of equation = 514, Number of equation after degeneration = 470
# Set values of matrix and right hand side vector. ( 924 sec )
# Numerical factorization phase of matrix solver for boundary plane. Polarization : 0 Plane : 3. ( 924 sec )
# Solve phase of matrix solver for boundary plane. Polarization : 0 Plane : 3. ( 924 sec )
#------------------------------------------------------------------------------
# Set values of matrix and right hand side vector. ( 924 sec )
# Numerical factorization phase of matrix solver for 3D forward calculation. Polarization : 0.( 927 sec )
# Solve phase of matrix solver for 3D forward calculation. Polarization : 0.( 960 sec )
# Calulate right-hand sides vectors consisting of interpolator vectors.( 960 sec )
# Solve phase of matrix solver for right-hand sides consisting of interpolator vectors.( 962 sec )
# Solve phase is performed simultaneously for 260 right-hand sides( 962 sec )
# Calculate derivatives of EM field.( 975 sec )
#================================================================================================
# Start forward calculation. Frequency : 1000 [Hz], Polarization : Ey-polarization
#================================================================================================
# Start 3D forward calculation with 0th order 3D edge-based element.( 1006 sec )
# Number of equation = 475883, Number of equation after degeneration = 473549
# Calculating EM field of the boundary planes with 2D forward analysis.        
#-----------------------------[ Boundary Plane 0 ]-----------------------------
# Calculate electric field on a boundary plane with 0th order edge-based element.
# Number of equation = 520, Number of equation after degeneration = 476
# Set values of matrix and right hand side vector. ( 1006 sec )
# Numerical factorization phase of matrix solver for boundary plane. Polarization : 1 Plane : 0. ( 1006 sec )
# Solve phase of matrix solver for boundary plane. Polarization : 1 Plane : 0. ( 1006 sec )
#-----------------------------[ Boundary Plane 1 ]-----------------------------
# Calculate electric field on a boundary plane with 0th order edge-based element.
# Number of equation = 520, Number of equation after degeneration = 476
# Set values of matrix and right hand side vector. ( 1006 sec )
# Numerical factorization phase of matrix solver for boundary plane. Polarization : 1 Plane : 1. ( 1006 sec )
# Solve phase of matrix solver for boundary plane. Polarization : 1 Plane : 1. ( 1006 sec )
#------------------------------------------------------------------------------
# Set values of matrix and right hand side vector. ( 1006 sec )
# Numerical factorization phase of matrix solver for 3D forward calculation. Polarization : 1.( 1008 sec )
# Solve phase of matrix solver for 3D forward calculation. Polarization : 1.( 1041 sec )
# Calulate right-hand sides vectors consisting of interpolator vectors.( 1042 sec )
# Solve phase of matrix solver for right-hand sides consisting of interpolator vectors.( 1043 sec )
# Solve phase is performed simultaneously for 260 right-hand sides( 1043 sec )
# Calculate derivatives of EM field.( 1056 sec )
#==============================================================================
# Calculate response functions. ( 1088 sec )
# Calculate sensitivity matrix of frequency 1000[Hz].( 1088 sec )
# Sensitivity matrix of frequency 1000[Hz] is saved in the out-of-core file sensMatFreq22.
#==============================================================================
# Release memory of coefficient matrix and sparse solver. ( 1088 sec )
###############################################################################
# Start Inversion.  Iteration : 1
###############################################################################
# Number of model : 54779
# Number of frequencies of this PE : 3
# Calculate constraining matrix. ( 1092 sec )
# Analyse constraining matrix.( 1092 sec )
# Analyse transposed constraining matrix.( 1092 sec )
# Factorize constraining matrix.( 1092 sec )
# Factorize transposed constraining matrix.( 1092 sec )
# Number of data of this PE : 1508
# Read sensitivity matrix from sensMatFreq20.( 1093 sec )
# Multiply transposed sensitivity matrix by inverse of transposed constraining matrix. ( 1096 sec )
# Solve phase is performed simultaneously for 524 right-hand sides( 1096 sec )
# Read sensitivity matrix from sensMatFreq21.( 1098 sec )
# Multiply transposed sensitivity matrix by inverse of transposed constraining matrix. ( 1100 sec )
# Solve phase is performed simultaneously for 536 right-hand sides( 1100 sec )
# Read sensitivity matrix from sensMatFreq22.( 1102 sec )
# Multiply transposed sensitivity matrix by inverse of transposed constraining matrix. ( 1105 sec )
# Solve phase is performed simultaneously for 448 right-hand sides( 1105 sec )
# Calculate right-hand side vector. ( 1106 sec )
# Read sensitivity matrix from sensMatFreq20.( 1106 sec )
# Read sensitivity matrix from sensMatFreq21.( 1106 sec )
# Read sensitivity matrix from sensMatFreq22.( 1106 sec )
# Read sensitivity matrix from sensMatFreq20.( 1158 sec )
# Read sensitivity matrix from sensMatFreq21.( 1158 sec )
# Read sensitivity matrix from sensMatFreq22.( 1159 sec )
# Calculate model increments. ( 1159 sec )
###############################################################################
# Start Forward Computation.  Iteration : 2,  Retrial : 0
###############################################################################
#================================================================================================
# Start forward calculation. Frequency : 398.1 [Hz], Polarization : Ex-polarization
#================================================================================================
# Start 3D forward calculation with 0th order 3D edge-based element.( 1160 sec )
# Number of equation = 475883, Number of equation after degeneration = 473549
# Calculating EM field of the boundary planes with 2D forward analysis.        
#-----------------------------[ Boundary Plane 2 ]-----------------------------
# Calculate electric field on a boundary plane with 0th order edge-based element.
# Number of equation = 514, Number of equation after degeneration = 470
# Set values of matrix and right hand side vector. ( 1160 sec )
# Numerical factorization phase of matrix solver for boundary plane. Polarization : 0 Plane : 2. ( 1160 sec )
# Solve phase of matrix solver for boundary plane. Polarization : 0 Plane : 2. ( 1160 sec )
#-----------------------------[ Boundary Plane 3 ]-----------------------------
# Calculate electric field on a boundary plane with 0th order edge-based element.
# Number of equation = 514, Number of equation after degeneration = 470
# Set values of matrix and right hand side vector. ( 1160 sec )
# Numerical factorization phase of matrix solver for boundary plane. Polarization : 0 Plane : 3. ( 1160 sec )
# Solve phase of matrix solver for boundary plane. Polarization : 0 Plane : 3. ( 1160 sec )
#------------------------------------------------------------------------------
# Set matrix structure. ( 1160 sec )
# Anaysis phase of matrix solver for 3D forward calculation. Polarization : 0. ( 1164 sec )
#++++++++++++++++++++++++++++++++++++++++++++++++++++++++++++++++++++++++++++++++++++++++++++++++
# Total peak memory required during the analysis and symbolic factorization phase    : 577061 [KByte]
# Permanent memory required from the analysis phase to the solve phases              : 482237 [KByte]
# Total memory consumed by in-core forward solver for internal float point arrays    : 4.12002e+06 [KByte]
# Minimum memory consumed by out-core forward solver for internal float point arrays : 68699 [KByte]
#++++++++++++++++++++++++++++++++++++++++++++++++++++++++++++++++++++++++++++++++++++++++++++++++
# Set values of matrix and right hand side vector. ( 1167 sec )
# Numerical factorization phase of matrix solver for 3D forward calculation. Polarization : 0.( 1170 sec )
# Solve phase of matrix solver for 3D forward calculation. Polarization : 0.( 1203 sec )
# Calulate right-hand sides vectors consisting of interpolator vectors.( 1204 sec )
# Solve phase of matrix solver for right-hand sides consisting of interpolator vectors.( 1205 sec )
# Solve phase is performed simultaneously for 305 right-hand sides( 1205 sec )
# Calculate derivatives of EM field.( 1221 sec )
#================================================================================================
# Start forward calculation. Frequency : 398.1 [Hz], Polarization : Ey-polarization
#================================================================================================
# Start 3D forward calculation with 0th order 3D edge-based element.( 1251 sec )
# Number of equation = 475883, Number of equation after degeneration = 473549
# Calculating EM field of the boundary planes with 2D forward analysis.        
#-----------------------------[ Boundary Plane 0 ]-----------------------------
# Calculate electric field on a boundary plane with 0th order edge-based element.
# Number of equation = 520, Number of equation after degeneration = 476
# Set values of matrix and right hand side vector. ( 1251 sec )
# Numerical factorization phase of matrix solver for boundary plane. Polarization : 1 Plane : 0. ( 1251 sec )
# Solve phase of matrix solver for boundary plane. Polarization : 1 Plane : 0. ( 1251 sec )
#-----------------------------[ Boundary Plane 1 ]-----------------------------
# Calculate electric field on a boundary plane with 0th order edge-based element.
# Number of equation = 520, Number of equation after degeneration = 476
# Set values of matrix and right hand side vector. ( 1251 sec )
# Numerical factorization phase of matrix solver for boundary plane. Polarization : 1 Plane : 1. ( 1251 sec )
# Solve phase of matrix solver for boundary plane. Polarization : 1 Plane : 1. ( 1251 sec )
#------------------------------------------------------------------------------
# Set values of matrix and right hand side vector. ( 1251 sec )
# Numerical factorization phase of matrix solver for 3D forward calculation. Polarization : 1.( 1254 sec )
# Solve phase of matrix solver for 3D forward calculation. Polarization : 1.( 1287 sec )
# Calulate right-hand sides vectors consisting of interpolator vectors.( 1288 sec )
# Solve phase of matrix solver for right-hand sides consisting of interpolator vectors.( 1289 sec )
# Solve phase is performed simultaneously for 305 right-hand sides( 1289 sec )
# Calculate derivatives of EM field.( 1306 sec )
#==============================================================================
# Calculate response functions. ( 1335 sec )
# Calculate sensitivity matrix of frequency 398.1[Hz].( 1335 sec )
# Sensitivity matrix of frequency 398.1[Hz] is saved in the out-of-core file sensMatFreq20.
#==============================================================================
#================================================================================================
# Start forward calculation. Frequency : 630.95 [Hz], Polarization : Ex-polarization
#================================================================================================
# Start 3D forward calculation with 0th order 3D edge-based element.( 1336 sec )
# Number of equation = 475883, Number of equation after degeneration = 473549
# Calculating EM field of the boundary planes with 2D forward analysis.        
#-----------------------------[ Boundary Plane 2 ]-----------------------------
# Calculate electric field on a boundary plane with 0th order edge-based element.
# Number of equation = 514, Number of equation after degeneration = 470
# Set values of matrix and right hand side vector. ( 1336 sec )
# Numerical factorization phase of matrix solver for boundary plane. Polarization : 0 Plane : 2. ( 1336 sec )
# Solve phase of matrix solver for boundary plane. Polarization : 0 Plane : 2. ( 1336 sec )
#-----------------------------[ Boundary Plane 3 ]-----------------------------
# Calculate electric field on a boundary plane with 0th order edge-based element.
# Number of equation = 514, Number of equation after degeneration = 470
# Set values of matrix and right hand side vector. ( 1336 sec )
# Numerical factorization phase of matrix solver for boundary plane. Polarization : 0 Plane : 3. ( 1336 sec )
# Solve phase of matrix solver for boundary plane. Polarization : 0 Plane : 3. ( 1336 sec )
#------------------------------------------------------------------------------
# Set values of matrix and right hand side vector. ( 1336 sec )
# Numerical factorization phase of matrix solver for 3D forward calculation. Polarization : 0.( 1339 sec )
# Solve phase of matrix solver for 3D forward calculation. Polarization : 0.( 1372 sec )
# Calulate right-hand sides vectors consisting of interpolator vectors.( 1372 sec )
# Solve phase of matrix solver for right-hand sides consisting of interpolator vectors.( 1374 sec )
# Solve phase is performed simultaneously for 312 right-hand sides( 1374 sec )
# Calculate derivatives of EM field.( 1392 sec )
#================================================================================================
# Start forward calculation. Frequency : 630.95 [Hz], Polarization : Ey-polarization
#================================================================================================
# Start 3D forward calculation with 0th order 3D edge-based element.( 1419 sec )
# Number of equation = 475883, Number of equation after degeneration = 473549
# Calculating EM field of the boundary planes with 2D forward analysis.        
#-----------------------------[ Boundary Plane 0 ]-----------------------------
# Calculate electric field on a boundary plane with 0th order edge-based element.
# Number of equation = 520, Number of equation after degeneration = 476
# Set values of matrix and right hand side vector. ( 1419 sec )
# Numerical factorization phase of matrix solver for boundary plane. Polarization : 1 Plane : 0. ( 1419 sec )
# Solve phase of matrix solver for boundary plane. Polarization : 1 Plane : 0. ( 1419 sec )
#-----------------------------[ Boundary Plane 1 ]-----------------------------
# Calculate electric field on a boundary plane with 0th order edge-based element.
# Number of equation = 520, Number of equation after degeneration = 476
# Set values of matrix and right hand side vector. ( 1419 sec )
# Numerical factorization phase of matrix solver for boundary plane. Polarization : 1 Plane : 1. ( 1419 sec )
# Solve phase of matrix solver for boundary plane. Polarization : 1 Plane : 1. ( 1419 sec )
#------------------------------------------------------------------------------
# Set values of matrix and right hand side vector. ( 1419 sec )
# Numerical factorization phase of matrix solver for 3D forward calculation. Polarization : 1.( 1422 sec )
# Solve phase of matrix solver for 3D forward calculation. Polarization : 1.( 1455 sec )
# Calulate right-hand sides vectors consisting of interpolator vectors.( 1455 sec )
# Solve phase of matrix solver for right-hand sides consisting of interpolator vectors.( 1457 sec )
# Solve phase is performed simultaneously for 312 right-hand sides( 1457 sec )
# Calculate derivatives of EM field.( 1474 sec )
#==============================================================================
# Calculate response functions. ( 1501 sec )
# Calculate sensitivity matrix of frequency 630.95[Hz].( 1501 sec )
# Sensitivity matrix of frequency 630.95[Hz] is saved in the out-of-core file sensMatFreq21.
#==============================================================================
#================================================================================================
# Start forward calculation. Frequency : 1000 [Hz], Polarization : Ex-polarization
#================================================================================================
# Start 3D forward calculation with 0th order 3D edge-based element.( 1502 sec )
# Number of equation = 475883, Number of equation after degeneration = 473549
# Calculating EM field of the boundary planes with 2D forward analysis.        
#-----------------------------[ Boundary Plane 2 ]-----------------------------
# Calculate electric field on a boundary plane with 0th order edge-based element.
# Number of equation = 514, Number of equation after degeneration = 470
# Set values of matrix and right hand side vector. ( 1502 sec )
# Numerical factorization phase of matrix solver for boundary plane. Polarization : 0 Plane : 2. ( 1502 sec )
# Solve phase of matrix solver for boundary plane. Polarization : 0 Plane : 2. ( 1502 sec )
#-----------------------------[ Boundary Plane 3 ]-----------------------------
# Calculate electric field on a boundary plane with 0th order edge-based element.
# Number of equation = 514, Number of equation after degeneration = 470
# Set values of matrix and right hand side vector. ( 1502 sec )
# Numerical factorization phase of matrix solver for boundary plane. Polarization : 0 Plane : 3. ( 1502 sec )
# Solve phase of matrix solver for boundary plane. Polarization : 0 Plane : 3. ( 1502 sec )
#------------------------------------------------------------------------------
# Set values of matrix and right hand side vector. ( 1502 sec )
# Numerical factorization phase of matrix solver for 3D forward calculation. Polarization : 0.( 1505 sec )
# Solve phase of matrix solver for 3D forward calculation. Polarization : 0.( 1537 sec )
# Calulate right-hand sides vectors consisting of interpolator vectors.( 1537 sec )
# Solve phase of matrix solver for right-hand sides consisting of interpolator vectors.( 1539 sec )
# Solve phase is performed simultaneously for 260 right-hand sides( 1539 sec )
# Calculate derivatives of EM field.( 1553 sec )
#================================================================================================
# Start forward calculation. Frequency : 1000 [Hz], Polarization : Ey-polarization
#================================================================================================
# Start 3D forward calculation with 0th order 3D edge-based element.( 1580 sec )
# Number of equation = 475883, Number of equation after degeneration = 473549
# Calculating EM field of the boundary planes with 2D forward analysis.        
#-----------------------------[ Boundary Plane 0 ]-----------------------------
# Calculate electric field on a boundary plane with 0th order edge-based element.
# Number of equation = 520, Number of equation after degeneration = 476
# Set values of matrix and right hand side vector. ( 1580 sec )
# Numerical factorization phase of matrix solver for boundary plane. Polarization : 1 Plane : 0. ( 1580 sec )
# Solve phase of matrix solver for boundary plane. Polarization : 1 Plane : 0. ( 1580 sec )
#-----------------------------[ Boundary Plane 1 ]-----------------------------
# Calculate electric field on a boundary plane with 0th order edge-based element.
# Number of equation = 520, Number of equation after degeneration = 476
# Set values of matrix and right hand side vector. ( 1580 sec )
# Numerical factorization phase of matrix solver for boundary plane. Polarization : 1 Plane : 1. ( 1580 sec )
# Solve phase of matrix solver for boundary plane. Polarization : 1 Plane : 1. ( 1580 sec )
#------------------------------------------------------------------------------
# Set values of matrix and right hand side vector. ( 1580 sec )
# Numerical factorization phase of matrix solver for 3D forward calculation. Polarization : 1.( 1583 sec )
# Solve phase of matrix solver for 3D forward calculation. Polarization : 1.( 1615 sec )
# Calulate right-hand sides vectors consisting of interpolator vectors.( 1616 sec )
# Solve phase of matrix solver for right-hand sides consisting of interpolator vectors.( 1617 sec )
# Solve phase is performed simultaneously for 260 right-hand sides( 1617 sec )
# Calculate derivatives of EM field.( 1631 sec )
#==============================================================================
# Calculate response functions. ( 1658 sec )
# Calculate sensitivity matrix of frequency 1000[Hz].( 1658 sec )
# Sensitivity matrix of frequency 1000[Hz] is saved in the out-of-core file sensMatFreq22.
#==============================================================================
# Release memory of coefficient matrix and sparse solver. ( 1658 sec )
###############################################################################
# Start Inversion.  Iteration : 2
###############################################################################
# Number of model : 54779
# Number of frequencies of this PE : 3
# Calculate constraining matrix. ( 1662 sec )
# Analyse constraining matrix.( 1663 sec )
# Analyse transposed constraining matrix.( 1663 sec )
# Factorize constraining matrix.( 1663 sec )
# Factorize transposed constraining matrix.( 1663 sec )
# Number of data of this PE : 1508
# Read sensitivity matrix from sensMatFreq20.( 1663 sec )
# Multiply transposed sensitivity matrix by inverse of transposed constraining matrix. ( 1666 sec )
# Solve phase is performed simultaneously for 524 right-hand sides( 1666 sec )
# Read sensitivity matrix from sensMatFreq21.( 1668 sec )
# Multiply transposed sensitivity matrix by inverse of transposed constraining matrix. ( 1671 sec )
# Solve phase is performed simultaneously for 536 right-hand sides( 1671 sec )
# Read sensitivity matrix from sensMatFreq22.( 1673 sec )
# Multiply transposed sensitivity matrix by inverse of transposed constraining matrix. ( 1674 sec )
# Solve phase is performed simultaneously for 448 right-hand sides( 1674 sec )
# Calculate right-hand side vector. ( 1676 sec )
# Read sensitivity matrix from sensMatFreq20.( 1676 sec )
# Read sensitivity matrix from sensMatFreq21.( 1676 sec )
# Read sensitivity matrix from sensMatFreq22.( 1676 sec )
# Read sensitivity matrix from sensMatFreq20.( 1728 sec )
# Read sensitivity matrix from sensMatFreq21.( 1728 sec )
# Read sensitivity matrix from sensMatFreq22.( 1728 sec )
# Calculate model increments. ( 1728 sec )
###############################################################################
# Start Forward Computation.  Iteration : 3,  Retrial : 0
###############################################################################
#================================================================================================
# Start forward calculation. Frequency : 398.1 [Hz], Polarization : Ex-polarization
#================================================================================================
# Start 3D forward calculation with 0th order 3D edge-based element.( 1729 sec )
# Number of equation = 475883, Number of equation after degeneration = 473549
# Calculating EM field of the boundary planes with 2D forward analysis.        
#-----------------------------[ Boundary Plane 2 ]-----------------------------
# Calculate electric field on a boundary plane with 0th order edge-based element.
# Number of equation = 514, Number of equation after degeneration = 470
# Set values of matrix and right hand side vector. ( 1729 sec )
# Numerical factorization phase of matrix solver for boundary plane. Polarization : 0 Plane : 2. ( 1729 sec )
# Solve phase of matrix solver for boundary plane. Polarization : 0 Plane : 2. ( 1729 sec )
#-----------------------------[ Boundary Plane 3 ]-----------------------------
# Calculate electric field on a boundary plane with 0th order edge-based element.
# Number of equation = 514, Number of equation after degeneration = 470
# Set values of matrix and right hand side vector. ( 1729 sec )
# Numerical factorization phase of matrix solver for boundary plane. Polarization : 0 Plane : 3. ( 1729 sec )
# Solve phase of matrix solver for boundary plane. Polarization : 0 Plane : 3. ( 1729 sec )
#------------------------------------------------------------------------------
# Set matrix structure. ( 1729 sec )
# Anaysis phase of matrix solver for 3D forward calculation. Polarization : 0. ( 1733 sec )
#++++++++++++++++++++++++++++++++++++++++++++++++++++++++++++++++++++++++++++++++++++++++++++++++
# Total peak memory required during the analysis and symbolic factorization phase    : 578127 [KByte]
# Permanent memory required from the analysis phase to the solve phases              : 482763 [KByte]
# Total memory consumed by in-core forward solver for internal float point arrays    : 4.12236e+06 [KByte]
# Minimum memory consumed by out-core forward solver for internal float point arrays : 68250 [KByte]
#++++++++++++++++++++++++++++++++++++++++++++++++++++++++++++++++++++++++++++++++++++++++++++++++
# Set values of matrix and right hand side vector. ( 1736 sec )
# Numerical factorization phase of matrix solver for 3D forward calculation. Polarization : 0.( 1739 sec )
# Solve phase of matrix solver for 3D forward calculation. Polarization : 0.( 1772 sec )
# Calulate right-hand sides vectors consisting of interpolator vectors.( 1773 sec )
# Solve phase of matrix solver for right-hand sides consisting of interpolator vectors.( 1775 sec )
# Solve phase is performed simultaneously for 305 right-hand sides( 1775 sec )
# Calculate derivatives of EM field.( 1791 sec )
#================================================================================================
# Start forward calculation. Frequency : 398.1 [Hz], Polarization : Ey-polarization
#================================================================================================
# Start 3D forward calculation with 0th order 3D edge-based element.( 1821 sec )
# Number of equation = 475883, Number of equation after degeneration = 473549
# Calculating EM field of the boundary planes with 2D forward analysis.        
#-----------------------------[ Boundary Plane 0 ]-----------------------------
# Calculate electric field on a boundary plane with 0th order edge-based element.
# Number of equation = 520, Number of equation after degeneration = 476
# Set values of matrix and right hand side vector. ( 1821 sec )
# Numerical factorization phase of matrix solver for boundary plane. Polarization : 1 Plane : 0. ( 1821 sec )
# Solve phase of matrix solver for boundary plane. Polarization : 1 Plane : 0. ( 1821 sec )
#-----------------------------[ Boundary Plane 1 ]-----------------------------
# Calculate electric field on a boundary plane with 0th order edge-based element.
# Number of equation = 520, Number of equation after degeneration = 476
# Set values of matrix and right hand side vector. ( 1821 sec )
# Numerical factorization phase of matrix solver for boundary plane. Polarization : 1 Plane : 1. ( 1821 sec )
# Solve phase of matrix solver for boundary plane. Polarization : 1 Plane : 1. ( 1821 sec )
#------------------------------------------------------------------------------
# Set values of matrix and right hand side vector. ( 1821 sec )
# Numerical factorization phase of matrix solver for 3D forward calculation. Polarization : 1.( 1823 sec )
# Solve phase of matrix solver for 3D forward calculation. Polarization : 1.( 1857 sec )
# Calulate right-hand sides vectors consisting of interpolator vectors.( 1857 sec )
# Solve phase of matrix solver for right-hand sides consisting of interpolator vectors.( 1859 sec )
# Solve phase is performed simultaneously for 305 right-hand sides( 1859 sec )
# Calculate derivatives of EM field.( 1875 sec )
#==============================================================================
# Calculate response functions. ( 1905 sec )
# Calculate sensitivity matrix of frequency 398.1[Hz].( 1905 sec )
# Sensitivity matrix of frequency 398.1[Hz] is saved in the out-of-core file sensMatFreq20.
#==============================================================================
#================================================================================================
# Start forward calculation. Frequency : 630.95 [Hz], Polarization : Ex-polarization
#================================================================================================
# Start 3D forward calculation with 0th order 3D edge-based element.( 1906 sec )
# Number of equation = 475883, Number of equation after degeneration = 473549
# Calculating EM field of the boundary planes with 2D forward analysis.        
#-----------------------------[ Boundary Plane 2 ]-----------------------------
# Calculate electric field on a boundary plane with 0th order edge-based element.
# Number of equation = 514, Number of equation after degeneration = 470
# Set values of matrix and right hand side vector. ( 1906 sec )
# Numerical factorization phase of matrix solver for boundary plane. Polarization : 0 Plane : 2. ( 1906 sec )
# Solve phase of matrix solver for boundary plane. Polarization : 0 Plane : 2. ( 1906 sec )
#-----------------------------[ Boundary Plane 3 ]-----------------------------
# Calculate electric field on a boundary plane with 0th order edge-based element.
# Number of equation = 514, Number of equation after degeneration = 470
# Set values of matrix and right hand side vector. ( 1906 sec )
# Numerical factorization phase of matrix solver for boundary plane. Polarization : 0 Plane : 3. ( 1906 sec )
# Solve phase of matrix solver for boundary plane. Polarization : 0 Plane : 3. ( 1906 sec )
#------------------------------------------------------------------------------
# Set values of matrix and right hand side vector. ( 1906 sec )
# Numerical factorization phase of matrix solver for 3D forward calculation. Polarization : 0.( 1908 sec )
# Solve phase of matrix solver for 3D forward calculation. Polarization : 0.( 1941 sec )
# Calulate right-hand sides vectors consisting of interpolator vectors.( 1942 sec )
# Solve phase of matrix solver for right-hand sides consisting of interpolator vectors.( 1944 sec )
# Solve phase is performed simultaneously for 312 right-hand sides( 1944 sec )
# Calculate derivatives of EM field.( 1962 sec )
#================================================================================================
# Start forward calculation. Frequency : 630.95 [Hz], Polarization : Ey-polarization
#================================================================================================
# Start 3D forward calculation with 0th order 3D edge-based element.( 1989 sec )
# Number of equation = 475883, Number of equation after degeneration = 473549
# Calculating EM field of the boundary planes with 2D forward analysis.        
#-----------------------------[ Boundary Plane 0 ]-----------------------------
# Calculate electric field on a boundary plane with 0th order edge-based element.
# Number of equation = 520, Number of equation after degeneration = 476
# Set values of matrix and right hand side vector. ( 1989 sec )
# Numerical factorization phase of matrix solver for boundary plane. Polarization : 1 Plane : 0. ( 1989 sec )
# Solve phase of matrix solver for boundary plane. Polarization : 1 Plane : 0. ( 1989 sec )
#-----------------------------[ Boundary Plane 1 ]-----------------------------
# Calculate electric field on a boundary plane with 0th order edge-based element.
# Number of equation = 520, Number of equation after degeneration = 476
# Set values of matrix and right hand side vector. ( 1989 sec )
# Numerical factorization phase of matrix solver for boundary plane. Polarization : 1 Plane : 1. ( 1989 sec )
# Solve phase of matrix solver for boundary plane. Polarization : 1 Plane : 1. ( 1989 sec )
#------------------------------------------------------------------------------
# Set values of matrix and right hand side vector. ( 1989 sec )
# Numerical factorization phase of matrix solver for 3D forward calculation. Polarization : 1.( 1992 sec )
# Solve phase of matrix solver for 3D forward calculation. Polarization : 1.( 2025 sec )
# Calulate right-hand sides vectors consisting of interpolator vectors.( 2025 sec )
# Solve phase of matrix solver for right-hand sides consisting of interpolator vectors.( 2027 sec )
# Solve phase is performed simultaneously for 312 right-hand sides( 2027 sec )
# Calculate derivatives of EM field.( 2044 sec )
#==============================================================================
# Calculate response functions. ( 2071 sec )
# Calculate sensitivity matrix of frequency 630.95[Hz].( 2071 sec )
# Sensitivity matrix of frequency 630.95[Hz] is saved in the out-of-core file sensMatFreq21.
#==============================================================================
#================================================================================================
# Start forward calculation. Frequency : 1000 [Hz], Polarization : Ex-polarization
#================================================================================================
# Start 3D forward calculation with 0th order 3D edge-based element.( 2072 sec )
# Number of equation = 475883, Number of equation after degeneration = 473549
# Calculating EM field of the boundary planes with 2D forward analysis.        
#-----------------------------[ Boundary Plane 2 ]-----------------------------
# Calculate electric field on a boundary plane with 0th order edge-based element.
# Number of equation = 514, Number of equation after degeneration = 470
# Set values of matrix and right hand side vector. ( 2072 sec )
# Numerical factorization phase of matrix solver for boundary plane. Polarization : 0 Plane : 2. ( 2072 sec )
# Solve phase of matrix solver for boundary plane. Polarization : 0 Plane : 2. ( 2072 sec )
#-----------------------------[ Boundary Plane 3 ]-----------------------------
# Calculate electric field on a boundary plane with 0th order edge-based element.
# Number of equation = 514, Number of equation after degeneration = 470
# Set values of matrix and right hand side vector. ( 2072 sec )
# Numerical factorization phase of matrix solver for boundary plane. Polarization : 0 Plane : 3. ( 2072 sec )
# Solve phase of matrix solver for boundary plane. Polarization : 0 Plane : 3. ( 2072 sec )
#------------------------------------------------------------------------------
# Set values of matrix and right hand side vector. ( 2072 sec )
# Numerical factorization phase of matrix solver for 3D forward calculation. Polarization : 0.( 2075 sec )
# Solve phase of matrix solver for 3D forward calculation. Polarization : 0.( 2107 sec )
# Calulate right-hand sides vectors consisting of interpolator vectors.( 2108 sec )
# Solve phase of matrix solver for right-hand sides consisting of interpolator vectors.( 2109 sec )
# Solve phase is performed simultaneously for 260 right-hand sides( 2109 sec )
# Calculate derivatives of EM field.( 2123 sec )
#================================================================================================
# Start forward calculation. Frequency : 1000 [Hz], Polarization : Ey-polarization
#================================================================================================
# Start 3D forward calculation with 0th order 3D edge-based element.( 2151 sec )
# Number of equation = 475883, Number of equation after degeneration = 473549
# Calculating EM field of the boundary planes with 2D forward analysis.        
#-----------------------------[ Boundary Plane 0 ]-----------------------------
# Calculate electric field on a boundary plane with 0th order edge-based element.
# Number of equation = 520, Number of equation after degeneration = 476
# Set values of matrix and right hand side vector. ( 2151 sec )
# Numerical factorization phase of matrix solver for boundary plane. Polarization : 1 Plane : 0. ( 2151 sec )
# Solve phase of matrix solver for boundary plane. Polarization : 1 Plane : 0. ( 2151 sec )
#-----------------------------[ Boundary Plane 1 ]-----------------------------
# Calculate electric field on a boundary plane with 0th order edge-based element.
# Number of equation = 520, Number of equation after degeneration = 476
# Set values of matrix and right hand side vector. ( 2151 sec )
# Numerical factorization phase of matrix solver for boundary plane. Polarization : 1 Plane : 1. ( 2151 sec )
# Solve phase of matrix solver for boundary plane. Polarization : 1 Plane : 1. ( 2151 sec )
#------------------------------------------------------------------------------
# Set values of matrix and right hand side vector. ( 2151 sec )
# Numerical factorization phase of matrix solver for 3D forward calculation. Polarization : 1.( 2154 sec )
# Solve phase of matrix solver for 3D forward calculation. Polarization : 1.( 2186 sec )
# Calulate right-hand sides vectors consisting of interpolator vectors.( 2187 sec )
# Solve phase of matrix solver for right-hand sides consisting of interpolator vectors.( 2188 sec )
# Solve phase is performed simultaneously for 260 right-hand sides( 2188 sec )
# Calculate derivatives of EM field.( 2202 sec )
#==============================================================================
# Calculate response functions. ( 2230 sec )
# Calculate sensitivity matrix of frequency 1000[Hz].( 2230 sec )
# Sensitivity matrix of frequency 1000[Hz] is saved in the out-of-core file sensMatFreq22.
#==============================================================================
# Release memory of coefficient matrix and sparse solver. ( 2231 sec )
###############################################################################
# Start Inversion.  Iteration : 3
###############################################################################
# Number of model : 54779
# Number of frequencies of this PE : 3
# Calculate constraining matrix. ( 2235 sec )
# Analyse constraining matrix.( 2235 sec )
# Analyse transposed constraining matrix.( 2235 sec )
# Factorize constraining matrix.( 2235 sec )
# Factorize transposed constraining matrix.( 2236 sec )
# Number of data of this PE : 1508
# Read sensitivity matrix from sensMatFreq20.( 2236 sec )
# Multiply transposed sensitivity matrix by inverse of transposed constraining matrix. ( 2239 sec )
# Solve phase is performed simultaneously for 524 right-hand sides( 2239 sec )
# Read sensitivity matrix from sensMatFreq21.( 2241 sec )
# Multiply transposed sensitivity matrix by inverse of transposed constraining matrix. ( 2244 sec )
# Solve phase is performed simultaneously for 536 right-hand sides( 2244 sec )
# Read sensitivity matrix from sensMatFreq22.( 2246 sec )
# Multiply transposed sensitivity matrix by inverse of transposed constraining matrix. ( 2247 sec )
# Solve phase is performed simultaneously for 448 right-hand sides( 2247 sec )
# Calculate right-hand side vector. ( 2249 sec )
# Read sensitivity matrix from sensMatFreq20.( 2249 sec )
# Read sensitivity matrix from sensMatFreq21.( 2249 sec )
# Read sensitivity matrix from sensMatFreq22.( 2249 sec )
# Read sensitivity matrix from sensMatFreq20.( 2301 sec )
# Read sensitivity matrix from sensMatFreq21.( 2301 sec )
# Read sensitivity matrix from sensMatFreq22.( 2301 sec )
# Calculate model increments. ( 2302 sec )
###############################################################################
# Start Forward Computation.  Iteration : 4,  Retrial : 0
###############################################################################
#================================================================================================
# Start forward calculation. Frequency : 398.1 [Hz], Polarization : Ex-polarization
#================================================================================================
# Start 3D forward calculation with 0th order 3D edge-based element.( 2303 sec )
# Number of equation = 475883, Number of equation after degeneration = 473549
# Calculating EM field of the boundary planes with 2D forward analysis.        
#-----------------------------[ Boundary Plane 2 ]-----------------------------
# Calculate electric field on a boundary plane with 0th order edge-based element.
# Number of equation = 514, Number of equation after degeneration = 470
# Set values of matrix and right hand side vector. ( 2303 sec )
# Numerical factorization phase of matrix solver for boundary plane. Polarization : 0 Plane : 2. ( 2303 sec )
# Solve phase of matrix solver for boundary plane. Polarization : 0 Plane : 2. ( 2303 sec )
#-----------------------------[ Boundary Plane 3 ]-----------------------------
# Calculate electric field on a boundary plane with 0th order edge-based element.
# Number of equation = 514, Number of equation after degeneration = 470
# Set values of matrix and right hand side vector. ( 2303 sec )
# Numerical factorization phase of matrix solver for boundary plane. Polarization : 0 Plane : 3. ( 2303 sec )
# Solve phase of matrix solver for boundary plane. Polarization : 0 Plane : 3. ( 2303 sec )
#------------------------------------------------------------------------------
# Set matrix structure. ( 2303 sec )
# Anaysis phase of matrix solver for 3D forward calculation. Polarization : 0. ( 2307 sec )
#++++++++++++++++++++++++++++++++++++++++++++++++++++++++++++++++++++++++++++++++++++++++++++++++
# Total peak memory required during the analysis and symbolic factorization phase    : 576804 [KByte]
# Permanent memory required from the analysis phase to the solve phases              : 481839 [KByte]
# Total memory consumed by in-core forward solver for internal float point arrays    : 4.10293e+06 [KByte]
# Minimum memory consumed by out-core forward solver for internal float point arrays : 68890 [KByte]
#++++++++++++++++++++++++++++++++++++++++++++++++++++++++++++++++++++++++++++++++++++++++++++++++
# Set values of matrix and right hand side vector. ( 2310 sec )
# Numerical factorization phase of matrix solver for 3D forward calculation. Polarization : 0.( 2312 sec )
# Solve phase of matrix solver for 3D forward calculation. Polarization : 0.( 2345 sec )
# Calulate right-hand sides vectors consisting of interpolator vectors.( 2346 sec )
# Solve phase of matrix solver for right-hand sides consisting of interpolator vectors.( 2347 sec )
# Solve phase is performed simultaneously for 305 right-hand sides( 2347 sec )
# Calculate derivatives of EM field.( 2363 sec )
#================================================================================================
# Start forward calculation. Frequency : 398.1 [Hz], Polarization : Ey-polarization
#================================================================================================
# Start 3D forward calculation with 0th order 3D edge-based element.( 2394 sec )
# Number of equation = 475883, Number of equation after degeneration = 473549
# Calculating EM field of the boundary planes with 2D forward analysis.        
#-----------------------------[ Boundary Plane 0 ]-----------------------------
# Calculate electric field on a boundary plane with 0th order edge-based element.
# Number of equation = 520, Number of equation after degeneration = 476
# Set values of matrix and right hand side vector. ( 2394 sec )
# Numerical factorization phase of matrix solver for boundary plane. Polarization : 1 Plane : 0. ( 2394 sec )
# Solve phase of matrix solver for boundary plane. Polarization : 1 Plane : 0. ( 2394 sec )
#-----------------------------[ Boundary Plane 1 ]-----------------------------
# Calculate electric field on a boundary plane with 0th order edge-based element.
# Number of equation = 520, Number of equation after degeneration = 476
# Set values of matrix and right hand side vector. ( 2394 sec )
# Numerical factorization phase of matrix solver for boundary plane. Polarization : 1 Plane : 1. ( 2394 sec )
# Solve phase of matrix solver for boundary plane. Polarization : 1 Plane : 1. ( 2394 sec )
#------------------------------------------------------------------------------
# Set values of matrix and right hand side vector. ( 2394 sec )
# Numerical factorization phase of matrix solver for 3D forward calculation. Polarization : 1.( 2396 sec )
# Solve phase of matrix solver for 3D forward calculation. Polarization : 1.( 2429 sec )
# Calulate right-hand sides vectors consisting of interpolator vectors.( 2429 sec )
# Solve phase of matrix solver for right-hand sides consisting of interpolator vectors.( 2431 sec )
# Solve phase is performed simultaneously for 305 right-hand sides( 2431 sec )
# Calculate derivatives of EM field.( 2447 sec )
#==============================================================================
# Calculate response functions. ( 2477 sec )
# Calculate sensitivity matrix of frequency 398.1[Hz].( 2478 sec )
# Sensitivity matrix of frequency 398.1[Hz] is saved in the out-of-core file sensMatFreq20.
#==============================================================================
#================================================================================================
# Start forward calculation. Frequency : 630.95 [Hz], Polarization : Ex-polarization
#================================================================================================
# Start 3D forward calculation with 0th order 3D edge-based element.( 2479 sec )
# Number of equation = 475883, Number of equation after degeneration = 473549
# Calculating EM field of the boundary planes with 2D forward analysis.        
#-----------------------------[ Boundary Plane 2 ]-----------------------------
# Calculate electric field on a boundary plane with 0th order edge-based element.
# Number of equation = 514, Number of equation after degeneration = 470
# Set values of matrix and right hand side vector. ( 2479 sec )
# Numerical factorization phase of matrix solver for boundary plane. Polarization : 0 Plane : 2. ( 2479 sec )
# Solve phase of matrix solver for boundary plane. Polarization : 0 Plane : 2. ( 2479 sec )
#-----------------------------[ Boundary Plane 3 ]-----------------------------
# Calculate electric field on a boundary plane with 0th order edge-based element.
# Number of equation = 514, Number of equation after degeneration = 470
# Set values of matrix and right hand side vector. ( 2479 sec )
# Numerical factorization phase of matrix solver for boundary plane. Polarization : 0 Plane : 3. ( 2479 sec )
# Solve phase of matrix solver for boundary plane. Polarization : 0 Plane : 3. ( 2479 sec )
#------------------------------------------------------------------------------
# Set values of matrix and right hand side vector. ( 2479 sec )
# Numerical factorization phase of matrix solver for 3D forward calculation. Polarization : 0.( 2481 sec )
# Solve phase of matrix solver for 3D forward calculation. Polarization : 0.( 2514 sec )
# Calulate right-hand sides vectors consisting of interpolator vectors.( 2515 sec )
# Solve phase of matrix solver for right-hand sides consisting of interpolator vectors.( 2516 sec )
# Solve phase is performed simultaneously for 312 right-hand sides( 2516 sec )
# Calculate derivatives of EM field.( 2534 sec )
#================================================================================================
# Start forward calculation. Frequency : 630.95 [Hz], Polarization : Ey-polarization
#================================================================================================
# Start 3D forward calculation with 0th order 3D edge-based element.( 2563 sec )
# Number of equation = 475883, Number of equation after degeneration = 473549
# Calculating EM field of the boundary planes with 2D forward analysis.        
#-----------------------------[ Boundary Plane 0 ]-----------------------------
# Calculate electric field on a boundary plane with 0th order edge-based element.
# Number of equation = 520, Number of equation after degeneration = 476
# Set values of matrix and right hand side vector. ( 2563 sec )
# Numerical factorization phase of matrix solver for boundary plane. Polarization : 1 Plane : 0. ( 2563 sec )
# Solve phase of matrix solver for boundary plane. Polarization : 1 Plane : 0. ( 2563 sec )
#-----------------------------[ Boundary Plane 1 ]-----------------------------
# Calculate electric field on a boundary plane with 0th order edge-based element.
# Number of equation = 520, Number of equation after degeneration = 476
# Set values of matrix and right hand side vector. ( 2563 sec )
# Numerical factorization phase of matrix solver for boundary plane. Polarization : 1 Plane : 1. ( 2563 sec )
# Solve phase of matrix solver for boundary plane. Polarization : 1 Plane : 1. ( 2563 sec )
#------------------------------------------------------------------------------
# Set values of matrix and right hand side vector. ( 2563 sec )
# Numerical factorization phase of matrix solver for 3D forward calculation. Polarization : 1.( 2566 sec )
# Solve phase of matrix solver for 3D forward calculation. Polarization : 1.( 2599 sec )
# Calulate right-hand sides vectors consisting of interpolator vectors.( 2599 sec )
# Solve phase of matrix solver for right-hand sides consisting of interpolator vectors.( 2601 sec )
# Solve phase is performed simultaneously for 312 right-hand sides( 2601 sec )
# Calculate derivatives of EM field.( 2617 sec )
#==============================================================================
# Calculate response functions. ( 2647 sec )
# Calculate sensitivity matrix of frequency 630.95[Hz].( 2647 sec )
# Sensitivity matrix of frequency 630.95[Hz] is saved in the out-of-core file sensMatFreq21.
#==============================================================================
#================================================================================================
# Start forward calculation. Frequency : 1000 [Hz], Polarization : Ex-polarization
#================================================================================================
# Start 3D forward calculation with 0th order 3D edge-based element.( 2648 sec )
# Number of equation = 475883, Number of equation after degeneration = 473549
# Calculating EM field of the boundary planes with 2D forward analysis.        
#-----------------------------[ Boundary Plane 2 ]-----------------------------
# Calculate electric field on a boundary plane with 0th order edge-based element.
# Number of equation = 514, Number of equation after degeneration = 470
# Set values of matrix and right hand side vector. ( 2648 sec )
# Numerical factorization phase of matrix solver for boundary plane. Polarization : 0 Plane : 2. ( 2648 sec )
# Solve phase of matrix solver for boundary plane. Polarization : 0 Plane : 2. ( 2648 sec )
#-----------------------------[ Boundary Plane 3 ]-----------------------------
# Calculate electric field on a boundary plane with 0th order edge-based element.
# Number of equation = 514, Number of equation after degeneration = 470
# Set values of matrix and right hand side vector. ( 2648 sec )
# Numerical factorization phase of matrix solver for boundary plane. Polarization : 0 Plane : 3. ( 2648 sec )
# Solve phase of matrix solver for boundary plane. Polarization : 0 Plane : 3. ( 2648 sec )
#------------------------------------------------------------------------------
# Set values of matrix and right hand side vector. ( 2648 sec )
# Numerical factorization phase of matrix solver for 3D forward calculation. Polarization : 0.( 2650 sec )
# Solve phase of matrix solver for 3D forward calculation. Polarization : 0.( 2683 sec )
# Calulate right-hand sides vectors consisting of interpolator vectors.( 2683 sec )
# Solve phase of matrix solver for right-hand sides consisting of interpolator vectors.( 2685 sec )
# Solve phase is performed simultaneously for 260 right-hand sides( 2685 sec )
# Calculate derivatives of EM field.( 2698 sec )
#================================================================================================
# Start forward calculation. Frequency : 1000 [Hz], Polarization : Ey-polarization
#================================================================================================
# Start 3D forward calculation with 0th order 3D edge-based element.( 2728 sec )
# Number of equation = 475883, Number of equation after degeneration = 473549
# Calculating EM field of the boundary planes with 2D forward analysis.        
#-----------------------------[ Boundary Plane 0 ]-----------------------------
# Calculate electric field on a boundary plane with 0th order edge-based element.
# Number of equation = 520, Number of equation after degeneration = 476
# Set values of matrix and right hand side vector. ( 2728 sec )
# Numerical factorization phase of matrix solver for boundary plane. Polarization : 1 Plane : 0. ( 2728 sec )
# Solve phase of matrix solver for boundary plane. Polarization : 1 Plane : 0. ( 2728 sec )
#-----------------------------[ Boundary Plane 1 ]-----------------------------
# Calculate electric field on a boundary plane with 0th order edge-based element.
# Number of equation = 520, Number of equation after degeneration = 476
# Set values of matrix and right hand side vector. ( 2728 sec )
# Numerical factorization phase of matrix solver for boundary plane. Polarization : 1 Plane : 1. ( 2728 sec )
# Solve phase of matrix solver for boundary plane. Polarization : 1 Plane : 1. ( 2728 sec )
#------------------------------------------------------------------------------
# Set values of matrix and right hand side vector. ( 2728 sec )
# Numerical factorization phase of matrix solver for 3D forward calculation. Polarization : 1.( 2731 sec )
# Solve phase of matrix solver for 3D forward calculation. Polarization : 1.( 2763 sec )
# Calulate right-hand sides vectors consisting of interpolator vectors.( 2764 sec )
# Solve phase of matrix solver for right-hand sides consisting of interpolator vectors.( 2765 sec )
# Solve phase is performed simultaneously for 260 right-hand sides( 2765 sec )
# Calculate derivatives of EM field.( 2778 sec )
#==============================================================================
# Calculate response functions. ( 2807 sec )
# Calculate sensitivity matrix of frequency 1000[Hz].( 2807 sec )
# Sensitivity matrix of frequency 1000[Hz] is saved in the out-of-core file sensMatFreq22.
#==============================================================================
# Release memory of coefficient matrix and sparse solver. ( 2808 sec )
###############################################################################
# Start Inversion.  Iteration : 4
###############################################################################
# Number of model : 54779
# Number of frequencies of this PE : 3
# Calculate constraining matrix. ( 2814 sec )
# Analyse constraining matrix.( 2815 sec )
# Analyse transposed constraining matrix.( 2815 sec )
# Factorize constraining matrix.( 2815 sec )
# Factorize transposed constraining matrix.( 2815 sec )
# Number of data of this PE : 1508
# Read sensitivity matrix from sensMatFreq20.( 2815 sec )
# Multiply transposed sensitivity matrix by inverse of transposed constraining matrix. ( 2820 sec )
# Solve phase is performed simultaneously for 524 right-hand sides( 2820 sec )
# Read sensitivity matrix from sensMatFreq21.( 2822 sec )
# Multiply transposed sensitivity matrix by inverse of transposed constraining matrix. ( 2824 sec )
# Solve phase is performed simultaneously for 536 right-hand sides( 2824 sec )
# Read sensitivity matrix from sensMatFreq22.( 2826 sec )
# Multiply transposed sensitivity matrix by inverse of transposed constraining matrix. ( 2828 sec )
# Solve phase is performed simultaneously for 448 right-hand sides( 2828 sec )
# Calculate right-hand side vector. ( 2830 sec )
# Read sensitivity matrix from sensMatFreq20.( 2830 sec )
# Read sensitivity matrix from sensMatFreq21.( 2830 sec )
# Read sensitivity matrix from sensMatFreq22.( 2830 sec )
# Read sensitivity matrix from sensMatFreq20.( 2882 sec )
# Read sensitivity matrix from sensMatFreq21.( 2882 sec )
# Read sensitivity matrix from sensMatFreq22.( 2882 sec )
# Calculate model increments. ( 2882 sec )
###############################################################################
# Start Forward Computation.  Iteration : 5,  Retrial : 0
###############################################################################
#================================================================================================
# Start forward calculation. Frequency : 398.1 [Hz], Polarization : Ex-polarization
#================================================================================================
# Start 3D forward calculation with 0th order 3D edge-based element.( 2883 sec )
# Number of equation = 475883, Number of equation after degeneration = 473549
# Calculating EM field of the boundary planes with 2D forward analysis.        
#-----------------------------[ Boundary Plane 2 ]-----------------------------
# Calculate electric field on a boundary plane with 0th order edge-based element.
# Number of equation = 514, Number of equation after degeneration = 470
# Set values of matrix and right hand side vector. ( 2883 sec )
# Numerical factorization phase of matrix solver for boundary plane. Polarization : 0 Plane : 2. ( 2883 sec )
# Solve phase of matrix solver for boundary plane. Polarization : 0 Plane : 2. ( 2883 sec )
#-----------------------------[ Boundary Plane 3 ]-----------------------------
# Calculate electric field on a boundary plane with 0th order edge-based element.
# Number of equation = 514, Number of equation after degeneration = 470
# Set values of matrix and right hand side vector. ( 2883 sec )
# Numerical factorization phase of matrix solver for boundary plane. Polarization : 0 Plane : 3. ( 2883 sec )
# Solve phase of matrix solver for boundary plane. Polarization : 0 Plane : 3. ( 2883 sec )
#------------------------------------------------------------------------------
# Set matrix structure. ( 2883 sec )
# Anaysis phase of matrix solver for 3D forward calculation. Polarization : 0. ( 2887 sec )
#++++++++++++++++++++++++++++++++++++++++++++++++++++++++++++++++++++++++++++++++++++++++++++++++
# Total peak memory required during the analysis and symbolic factorization phase    : 577683 [KByte]
# Permanent memory required from the analysis phase to the solve phases              : 482478 [KByte]
# Total memory consumed by in-core forward solver for internal float point arrays    : 4.14539e+06 [KByte]
# Minimum memory consumed by out-core forward solver for internal float point arrays : 68453 [KByte]
#++++++++++++++++++++++++++++++++++++++++++++++++++++++++++++++++++++++++++++++++++++++++++++++++
# Set values of matrix and right hand side vector. ( 2890 sec )
# Numerical factorization phase of matrix solver for 3D forward calculation. Polarization : 0.( 2893 sec )
# Solve phase of matrix solver for 3D forward calculation. Polarization : 0.( 2926 sec )
# Calulate right-hand sides vectors consisting of interpolator vectors.( 2926 sec )
# Solve phase of matrix solver for right-hand sides consisting of interpolator vectors.( 2928 sec )
# Solve phase is performed simultaneously for 305 right-hand sides( 2928 sec )
# Calculate derivatives of EM field.( 2944 sec )
#================================================================================================
# Start forward calculation. Frequency : 398.1 [Hz], Polarization : Ey-polarization
#================================================================================================
# Start 3D forward calculation with 0th order 3D edge-based element.( 2974 sec )
# Number of equation = 475883, Number of equation after degeneration = 473549
# Calculating EM field of the boundary planes with 2D forward analysis.        
#-----------------------------[ Boundary Plane 0 ]-----------------------------
# Calculate electric field on a boundary plane with 0th order edge-based element.
# Number of equation = 520, Number of equation after degeneration = 476
# Set values of matrix and right hand side vector. ( 2974 sec )
# Numerical factorization phase of matrix solver for boundary plane. Polarization : 1 Plane : 0. ( 2974 sec )
# Solve phase of matrix solver for boundary plane. Polarization : 1 Plane : 0. ( 2974 sec )
#-----------------------------[ Boundary Plane 1 ]-----------------------------
# Calculate electric field on a boundary plane with 0th order edge-based element.
# Number of equation = 520, Number of equation after degeneration = 476
# Set values of matrix and right hand side vector. ( 2974 sec )
# Numerical factorization phase of matrix solver for boundary plane. Polarization : 1 Plane : 1. ( 2974 sec )
# Solve phase of matrix solver for boundary plane. Polarization : 1 Plane : 1. ( 2974 sec )
#------------------------------------------------------------------------------
# Set values of matrix and right hand side vector. ( 2974 sec )
# Numerical factorization phase of matrix solver for 3D forward calculation. Polarization : 1.( 2977 sec )
# Solve phase of matrix solver for 3D forward calculation. Polarization : 1.( 3010 sec )
# Calulate right-hand sides vectors consisting of interpolator vectors.( 3011 sec )
# Solve phase of matrix solver for right-hand sides consisting of interpolator vectors.( 3012 sec )
# Solve phase is performed simultaneously for 305 right-hand sides( 3012 sec )
# Calculate derivatives of EM field.( 3028 sec )
#==============================================================================
# Calculate response functions. ( 3058 sec )
# Calculate sensitivity matrix of frequency 398.1[Hz].( 3058 sec )
# Sensitivity matrix of frequency 398.1[Hz] is saved in the out-of-core file sensMatFreq20.
#==============================================================================
#================================================================================================
# Start forward calculation. Frequency : 630.95 [Hz], Polarization : Ex-polarization
#================================================================================================
# Start 3D forward calculation with 0th order 3D edge-based element.( 3059 sec )
# Number of equation = 475883, Number of equation after degeneration = 473549
# Calculating EM field of the boundary planes with 2D forward analysis.        
#-----------------------------[ Boundary Plane 2 ]-----------------------------
# Calculate electric field on a boundary plane with 0th order edge-based element.
# Number of equation = 514, Number of equation after degeneration = 470
# Set values of matrix and right hand side vector. ( 3059 sec )
# Numerical factorization phase of matrix solver for boundary plane. Polarization : 0 Plane : 2. ( 3059 sec )
# Solve phase of matrix solver for boundary plane. Polarization : 0 Plane : 2. ( 3059 sec )
#-----------------------------[ Boundary Plane 3 ]-----------------------------
# Calculate electric field on a boundary plane with 0th order edge-based element.
# Number of equation = 514, Number of equation after degeneration = 470
# Set values of matrix and right hand side vector. ( 3059 sec )
# Numerical factorization phase of matrix solver for boundary plane. Polarization : 0 Plane : 3. ( 3059 sec )
# Solve phase of matrix solver for boundary plane. Polarization : 0 Plane : 3. ( 3059 sec )
#------------------------------------------------------------------------------
# Set values of matrix and right hand side vector. ( 3059 sec )
# Numerical factorization phase of matrix solver for 3D forward calculation. Polarization : 0.( 3062 sec )
# Solve phase of matrix solver for 3D forward calculation. Polarization : 0.( 3095 sec )
# Calulate right-hand sides vectors consisting of interpolator vectors.( 3096 sec )
# Solve phase of matrix solver for right-hand sides consisting of interpolator vectors.( 3097 sec )
# Solve phase is performed simultaneously for 312 right-hand sides( 3097 sec )
# Calculate derivatives of EM field.( 3115 sec )
#================================================================================================
# Start forward calculation. Frequency : 630.95 [Hz], Polarization : Ey-polarization
#================================================================================================
# Start 3D forward calculation with 0th order 3D edge-based element.( 3144 sec )
# Number of equation = 475883, Number of equation after degeneration = 473549
# Calculating EM field of the boundary planes with 2D forward analysis.        
#-----------------------------[ Boundary Plane 0 ]-----------------------------
# Calculate electric field on a boundary plane with 0th order edge-based element.
# Number of equation = 520, Number of equation after degeneration = 476
# Set values of matrix and right hand side vector. ( 3144 sec )
# Numerical factorization phase of matrix solver for boundary plane. Polarization : 1 Plane : 0. ( 3144 sec )
# Solve phase of matrix solver for boundary plane. Polarization : 1 Plane : 0. ( 3144 sec )
#-----------------------------[ Boundary Plane 1 ]-----------------------------
# Calculate electric field on a boundary plane with 0th order edge-based element.
# Number of equation = 520, Number of equation after degeneration = 476
# Set values of matrix and right hand side vector. ( 3144 sec )
# Numerical factorization phase of matrix solver for boundary plane. Polarization : 1 Plane : 1. ( 3144 sec )
# Solve phase of matrix solver for boundary plane. Polarization : 1 Plane : 1. ( 3144 sec )
#------------------------------------------------------------------------------
# Set values of matrix and right hand side vector. ( 3144 sec )
# Numerical factorization phase of matrix solver for 3D forward calculation. Polarization : 1.( 3146 sec )
# Solve phase of matrix solver for 3D forward calculation. Polarization : 1.( 3180 sec )
# Calulate right-hand sides vectors consisting of interpolator vectors.( 3180 sec )
# Solve phase of matrix solver for right-hand sides consisting of interpolator vectors.( 3182 sec )
# Solve phase is performed simultaneously for 312 right-hand sides( 3182 sec )
# Calculate derivatives of EM field.( 3199 sec )
#==============================================================================
# Calculate response functions. ( 3228 sec )
# Calculate sensitivity matrix of frequency 630.95[Hz].( 3228 sec )
# Sensitivity matrix of frequency 630.95[Hz] is saved in the out-of-core file sensMatFreq21.
#==============================================================================
#================================================================================================
# Start forward calculation. Frequency : 1000 [Hz], Polarization : Ex-polarization
#================================================================================================
# Start 3D forward calculation with 0th order 3D edge-based element.( 3228 sec )
# Number of equation = 475883, Number of equation after degeneration = 473549
# Calculating EM field of the boundary planes with 2D forward analysis.        
#-----------------------------[ Boundary Plane 2 ]-----------------------------
# Calculate electric field on a boundary plane with 0th order edge-based element.
# Number of equation = 514, Number of equation after degeneration = 470
# Set values of matrix and right hand side vector. ( 3228 sec )
# Numerical factorization phase of matrix solver for boundary plane. Polarization : 0 Plane : 2. ( 3228 sec )
# Solve phase of matrix solver for boundary plane. Polarization : 0 Plane : 2. ( 3228 sec )
#-----------------------------[ Boundary Plane 3 ]-----------------------------
# Calculate electric field on a boundary plane with 0th order edge-based element.
# Number of equation = 514, Number of equation after degeneration = 470
# Set values of matrix and right hand side vector. ( 3228 sec )
# Numerical factorization phase of matrix solver for boundary plane. Polarization : 0 Plane : 3. ( 3228 sec )
# Solve phase of matrix solver for boundary plane. Polarization : 0 Plane : 3. ( 3228 sec )
#------------------------------------------------------------------------------
# Set values of matrix and right hand side vector. ( 3228 sec )
# Numerical factorization phase of matrix solver for 3D forward calculation. Polarization : 0.( 3231 sec )
# Solve phase of matrix solver for 3D forward calculation. Polarization : 0.( 3264 sec )
# Calulate right-hand sides vectors consisting of interpolator vectors.( 3265 sec )
# Solve phase of matrix solver for right-hand sides consisting of interpolator vectors.( 3266 sec )
# Solve phase is performed simultaneously for 260 right-hand sides( 3266 sec )
# Calculate derivatives of EM field.( 3280 sec )
#================================================================================================
# Start forward calculation. Frequency : 1000 [Hz], Polarization : Ey-polarization
#================================================================================================
# Start 3D forward calculation with 0th order 3D edge-based element.( 3309 sec )
# Number of equation = 475883, Number of equation after degeneration = 473549
# Calculating EM field of the boundary planes with 2D forward analysis.        
#-----------------------------[ Boundary Plane 0 ]-----------------------------
# Calculate electric field on a boundary plane with 0th order edge-based element.
# Number of equation = 520, Number of equation after degeneration = 476
# Set values of matrix and right hand side vector. ( 3309 sec )
# Numerical factorization phase of matrix solver for boundary plane. Polarization : 1 Plane : 0. ( 3309 sec )
# Solve phase of matrix solver for boundary plane. Polarization : 1 Plane : 0. ( 3309 sec )
#-----------------------------[ Boundary Plane 1 ]-----------------------------
# Calculate electric field on a boundary plane with 0th order edge-based element.
# Number of equation = 520, Number of equation after degeneration = 476
# Set values of matrix and right hand side vector. ( 3309 sec )
# Numerical factorization phase of matrix solver for boundary plane. Polarization : 1 Plane : 1. ( 3309 sec )
# Solve phase of matrix solver for boundary plane. Polarization : 1 Plane : 1. ( 3309 sec )
#------------------------------------------------------------------------------
# Set values of matrix and right hand side vector. ( 3309 sec )
# Numerical factorization phase of matrix solver for 3D forward calculation. Polarization : 1.( 3312 sec )
# Solve phase of matrix solver for 3D forward calculation. Polarization : 1.( 3345 sec )
# Calulate right-hand sides vectors consisting of interpolator vectors.( 3345 sec )
# Solve phase of matrix solver for right-hand sides consisting of interpolator vectors.( 3347 sec )
# Solve phase is performed simultaneously for 260 right-hand sides( 3347 sec )
# Calculate derivatives of EM field.( 3360 sec )
#==============================================================================
# Calculate response functions. ( 3389 sec )
# Calculate sensitivity matrix of frequency 1000[Hz].( 3389 sec )
# Sensitivity matrix of frequency 1000[Hz] is saved in the out-of-core file sensMatFreq22.
#==============================================================================
# Release memory of coefficient matrix and sparse solver. ( 3390 sec )
###############################################################################
# Start Inversion.  Iteration : 5
###############################################################################
# Number of model : 54779
# Number of frequencies of this PE : 3
# Calculate constraining matrix. ( 3396 sec )
# Analyse constraining matrix.( 3396 sec )
# Analyse transposed constraining matrix.( 3396 sec )
# Factorize constraining matrix.( 3396 sec )
# Factorize transposed constraining matrix.( 3396 sec )
# Number of data of this PE : 1508
# Read sensitivity matrix from sensMatFreq20.( 3396 sec )
# Multiply transposed sensitivity matrix by inverse of transposed constraining matrix. ( 3400 sec )
# Solve phase is performed simultaneously for 524 right-hand sides( 3400 sec )
# Read sensitivity matrix from sensMatFreq21.( 3402 sec )
# Multiply transposed sensitivity matrix by inverse of transposed constraining matrix. ( 3404 sec )
# Solve phase is performed simultaneously for 536 right-hand sides( 3404 sec )
# Read sensitivity matrix from sensMatFreq22.( 3406 sec )
# Multiply transposed sensitivity matrix by inverse of transposed constraining matrix. ( 3408 sec )
# Solve phase is performed simultaneously for 448 right-hand sides( 3408 sec )
# Calculate right-hand side vector. ( 3410 sec )
# Read sensitivity matrix from sensMatFreq20.( 3410 sec )
# Read sensitivity matrix from sensMatFreq21.( 3410 sec )
# Read sensitivity matrix from sensMatFreq22.( 3411 sec )
# Read sensitivity matrix from sensMatFreq20.( 3462 sec )
# Read sensitivity matrix from sensMatFreq21.( 3462 sec )
# Read sensitivity matrix from sensMatFreq22.( 3462 sec )
# Calculate model increments. ( 3462 sec )
###############################################################################
# Start Forward Computation.  Iteration : 6,  Retrial : 0
###############################################################################
#================================================================================================
# Start forward calculation. Frequency : 398.1 [Hz], Polarization : Ex-polarization
#================================================================================================
# Start 3D forward calculation with 0th order 3D edge-based element.( 3463 sec )
# Number of equation = 475883, Number of equation after degeneration = 473549
# Calculating EM field of the boundary planes with 2D forward analysis.        
#-----------------------------[ Boundary Plane 2 ]-----------------------------
# Calculate electric field on a boundary plane with 0th order edge-based element.
# Number of equation = 514, Number of equation after degeneration = 470
# Set values of matrix and right hand side vector. ( 3463 sec )
# Numerical factorization phase of matrix solver for boundary plane. Polarization : 0 Plane : 2. ( 3463 sec )
# Solve phase of matrix solver for boundary plane. Polarization : 0 Plane : 2. ( 3463 sec )
#-----------------------------[ Boundary Plane 3 ]-----------------------------
# Calculate electric field on a boundary plane with 0th order edge-based element.
# Number of equation = 514, Number of equation after degeneration = 470
# Set values of matrix and right hand side vector. ( 3463 sec )
# Numerical factorization phase of matrix solver for boundary plane. Polarization : 0 Plane : 3. ( 3463 sec )
# Solve phase of matrix solver for boundary plane. Polarization : 0 Plane : 3. ( 3463 sec )
#------------------------------------------------------------------------------
# Set matrix structure. ( 3463 sec )
# Anaysis phase of matrix solver for 3D forward calculation. Polarization : 0. ( 3467 sec )
#++++++++++++++++++++++++++++++++++++++++++++++++++++++++++++++++++++++++++++++++++++++++++++++++
# Total peak memory required during the analysis and symbolic factorization phase    : 577498 [KByte]
# Permanent memory required from the analysis phase to the solve phases              : 482333 [KByte]
# Total memory consumed by in-core forward solver for internal float point arrays    : 4.12228e+06 [KByte]
# Minimum memory consumed by out-core forward solver for internal float point arrays : 68555 [KByte]
#++++++++++++++++++++++++++++++++++++++++++++++++++++++++++++++++++++++++++++++++++++++++++++++++
# Set values of matrix and right hand side vector. ( 3470 sec )
# Numerical factorization phase of matrix solver for 3D forward calculation. Polarization : 0.( 3473 sec )
# Solve phase of matrix solver for 3D forward calculation. Polarization : 0.( 3506 sec )
# Calulate right-hand sides vectors consisting of interpolator vectors.( 3507 sec )
# Solve phase of matrix solver for right-hand sides consisting of interpolator vectors.( 3508 sec )
# Solve phase is performed simultaneously for 305 right-hand sides( 3508 sec )
# Calculate derivatives of EM field.( 3524 sec )
#================================================================================================
# Start forward calculation. Frequency : 398.1 [Hz], Polarization : Ey-polarization
#================================================================================================
# Start 3D forward calculation with 0th order 3D edge-based element.( 3555 sec )
# Number of equation = 475883, Number of equation after degeneration = 473549
# Calculating EM field of the boundary planes with 2D forward analysis.        
#-----------------------------[ Boundary Plane 0 ]-----------------------------
# Calculate electric field on a boundary plane with 0th order edge-based element.
# Number of equation = 520, Number of equation after degeneration = 476
# Set values of matrix and right hand side vector. ( 3555 sec )
# Numerical factorization phase of matrix solver for boundary plane. Polarization : 1 Plane : 0. ( 3555 sec )
# Solve phase of matrix solver for boundary plane. Polarization : 1 Plane : 0. ( 3555 sec )
#-----------------------------[ Boundary Plane 1 ]-----------------------------
# Calculate electric field on a boundary plane with 0th order edge-based element.
# Number of equation = 520, Number of equation after degeneration = 476
# Set values of matrix and right hand side vector. ( 3555 sec )
# Numerical factorization phase of matrix solver for boundary plane. Polarization : 1 Plane : 1. ( 3555 sec )
# Solve phase of matrix solver for boundary plane. Polarization : 1 Plane : 1. ( 3555 sec )
#------------------------------------------------------------------------------
# Set values of matrix and right hand side vector. ( 3555 sec )
# Numerical factorization phase of matrix solver for 3D forward calculation. Polarization : 1.( 3558 sec )
# Solve phase of matrix solver for 3D forward calculation. Polarization : 1.( 3591 sec )
# Calulate right-hand sides vectors consisting of interpolator vectors.( 3591 sec )
# Solve phase of matrix solver for right-hand sides consisting of interpolator vectors.( 3593 sec )
# Solve phase is performed simultaneously for 305 right-hand sides( 3593 sec )
# Calculate derivatives of EM field.( 3609 sec )
#==============================================================================
# Calculate response functions. ( 3639 sec )
# Calculate sensitivity matrix of frequency 398.1[Hz].( 3639 sec )
# Sensitivity matrix of frequency 398.1[Hz] is saved in the out-of-core file sensMatFreq20.
#==============================================================================
#================================================================================================
# Start forward calculation. Frequency : 630.95 [Hz], Polarization : Ex-polarization
#================================================================================================
# Start 3D forward calculation with 0th order 3D edge-based element.( 3640 sec )
# Number of equation = 475883, Number of equation after degeneration = 473549
# Calculating EM field of the boundary planes with 2D forward analysis.        
#-----------------------------[ Boundary Plane 2 ]-----------------------------
# Calculate electric field on a boundary plane with 0th order edge-based element.
# Number of equation = 514, Number of equation after degeneration = 470
# Set values of matrix and right hand side vector. ( 3640 sec )
# Numerical factorization phase of matrix solver for boundary plane. Polarization : 0 Plane : 2. ( 3640 sec )
# Solve phase of matrix solver for boundary plane. Polarization : 0 Plane : 2. ( 3640 sec )
#-----------------------------[ Boundary Plane 3 ]-----------------------------
# Calculate electric field on a boundary plane with 0th order edge-based element.
# Number of equation = 514, Number of equation after degeneration = 470
# Set values of matrix and right hand side vector. ( 3640 sec )
# Numerical factorization phase of matrix solver for boundary plane. Polarization : 0 Plane : 3. ( 3640 sec )
# Solve phase of matrix solver for boundary plane. Polarization : 0 Plane : 3. ( 3640 sec )
#------------------------------------------------------------------------------
# Set values of matrix and right hand side vector. ( 3640 sec )
# Numerical factorization phase of matrix solver for 3D forward calculation. Polarization : 0.( 3643 sec )
# Solve phase of matrix solver for 3D forward calculation. Polarization : 0.( 3675 sec )
# Calulate right-hand sides vectors consisting of interpolator vectors.( 3676 sec )
# Solve phase of matrix solver for right-hand sides consisting of interpolator vectors.( 3678 sec )
# Solve phase is performed simultaneously for 312 right-hand sides( 3678 sec )
# Calculate derivatives of EM field.( 3696 sec )
#================================================================================================
# Start forward calculation. Frequency : 630.95 [Hz], Polarization : Ey-polarization
#================================================================================================
# Start 3D forward calculation with 0th order 3D edge-based element.( 3723 sec )
# Number of equation = 475883, Number of equation after degeneration = 473549
# Calculating EM field of the boundary planes with 2D forward analysis.        
#-----------------------------[ Boundary Plane 0 ]-----------------------------
# Calculate electric field on a boundary plane with 0th order edge-based element.
# Number of equation = 520, Number of equation after degeneration = 476
# Set values of matrix and right hand side vector. ( 3723 sec )
# Numerical factorization phase of matrix solver for boundary plane. Polarization : 1 Plane : 0. ( 3723 sec )
# Solve phase of matrix solver for boundary plane. Polarization : 1 Plane : 0. ( 3723 sec )
#-----------------------------[ Boundary Plane 1 ]-----------------------------
# Calculate electric field on a boundary plane with 0th order edge-based element.
# Number of equation = 520, Number of equation after degeneration = 476
# Set values of matrix and right hand side vector. ( 3723 sec )
# Numerical factorization phase of matrix solver for boundary plane. Polarization : 1 Plane : 1. ( 3723 sec )
# Solve phase of matrix solver for boundary plane. Polarization : 1 Plane : 1. ( 3723 sec )
#------------------------------------------------------------------------------
# Set values of matrix and right hand side vector. ( 3723 sec )
# Numerical factorization phase of matrix solver for 3D forward calculation. Polarization : 1.( 3726 sec )
# Solve phase of matrix solver for 3D forward calculation. Polarization : 1.( 3759 sec )
# Calulate right-hand sides vectors consisting of interpolator vectors.( 3759 sec )
# Solve phase of matrix solver for right-hand sides consisting of interpolator vectors.( 3761 sec )
# Solve phase is performed simultaneously for 312 right-hand sides( 3761 sec )
# Calculate derivatives of EM field.( 3779 sec )
#==============================================================================
# Calculate response functions. ( 3805 sec )
# Calculate sensitivity matrix of frequency 630.95[Hz].( 3806 sec )
# Sensitivity matrix of frequency 630.95[Hz] is saved in the out-of-core file sensMatFreq21.
#==============================================================================
#================================================================================================
# Start forward calculation. Frequency : 1000 [Hz], Polarization : Ex-polarization
#================================================================================================
# Start 3D forward calculation with 0th order 3D edge-based element.( 3806 sec )
# Number of equation = 475883, Number of equation after degeneration = 473549
# Calculating EM field of the boundary planes with 2D forward analysis.        
#-----------------------------[ Boundary Plane 2 ]-----------------------------
# Calculate electric field on a boundary plane with 0th order edge-based element.
# Number of equation = 514, Number of equation after degeneration = 470
# Set values of matrix and right hand side vector. ( 3806 sec )
# Numerical factorization phase of matrix solver for boundary plane. Polarization : 0 Plane : 2. ( 3806 sec )
# Solve phase of matrix solver for boundary plane. Polarization : 0 Plane : 2. ( 3806 sec )
#-----------------------------[ Boundary Plane 3 ]-----------------------------
# Calculate electric field on a boundary plane with 0th order edge-based element.
# Number of equation = 514, Number of equation after degeneration = 470
# Set values of matrix and right hand side vector. ( 3806 sec )
# Numerical factorization phase of matrix solver for boundary plane. Polarization : 0 Plane : 3. ( 3806 sec )
# Solve phase of matrix solver for boundary plane. Polarization : 0 Plane : 3. ( 3806 sec )
#------------------------------------------------------------------------------
# Set values of matrix and right hand side vector. ( 3806 sec )
# Numerical factorization phase of matrix solver for 3D forward calculation. Polarization : 0.( 3809 sec )
# Solve phase of matrix solver for 3D forward calculation. Polarization : 0.( 3841 sec )
# Calulate right-hand sides vectors consisting of interpolator vectors.( 3842 sec )
# Solve phase of matrix solver for right-hand sides consisting of interpolator vectors.( 3843 sec )
# Solve phase is performed simultaneously for 260 right-hand sides( 3843 sec )
# Calculate derivatives of EM field.( 3857 sec )
#================================================================================================
# Start forward calculation. Frequency : 1000 [Hz], Polarization : Ey-polarization
#================================================================================================
# Start 3D forward calculation with 0th order 3D edge-based element.( 3887 sec )
# Number of equation = 475883, Number of equation after degeneration = 473549
# Calculating EM field of the boundary planes with 2D forward analysis.        
#-----------------------------[ Boundary Plane 0 ]-----------------------------
# Calculate electric field on a boundary plane with 0th order edge-based element.
# Number of equation = 520, Number of equation after degeneration = 476
# Set values of matrix and right hand side vector. ( 3887 sec )
# Numerical factorization phase of matrix solver for boundary plane. Polarization : 1 Plane : 0. ( 3887 sec )
# Solve phase of matrix solver for boundary plane. Polarization : 1 Plane : 0. ( 3887 sec )
#-----------------------------[ Boundary Plane 1 ]-----------------------------
# Calculate electric field on a boundary plane with 0th order edge-based element.
# Number of equation = 520, Number of equation after degeneration = 476
# Set values of matrix and right hand side vector. ( 3887 sec )
# Numerical factorization phase of matrix solver for boundary plane. Polarization : 1 Plane : 1. ( 3887 sec )
# Solve phase of matrix solver for boundary plane. Polarization : 1 Plane : 1. ( 3887 sec )
#------------------------------------------------------------------------------
# Set values of matrix and right hand side vector. ( 3887 sec )
# Numerical factorization phase of matrix solver for 3D forward calculation. Polarization : 1.( 3890 sec )
# Solve phase of matrix solver for 3D forward calculation. Polarization : 1.( 3923 sec )
# Calulate right-hand sides vectors consisting of interpolator vectors.( 3923 sec )
# Solve phase of matrix solver for right-hand sides consisting of interpolator vectors.( 3925 sec )
# Solve phase is performed simultaneously for 260 right-hand sides( 3925 sec )
# Calculate derivatives of EM field.( 3938 sec )
#==============================================================================
# Calculate response functions. ( 3968 sec )
# Calculate sensitivity matrix of frequency 1000[Hz].( 3969 sec )
# Sensitivity matrix of frequency 1000[Hz] is saved in the out-of-core file sensMatFreq22.
#==============================================================================
# Release memory of coefficient matrix and sparse solver. ( 3969 sec )
###############################################################################
# Start Forward Computation.  Iteration : 6,  Retrial : 1
###############################################################################
#================================================================================================
# Start forward calculation. Frequency : 398.1 [Hz], Polarization : Ex-polarization
#================================================================================================
# Start 3D forward calculation with 0th order 3D edge-based element.( 3971 sec )
# Number of equation = 475883, Number of equation after degeneration = 473549
# Calculating EM field of the boundary planes with 2D forward analysis.        
#-----------------------------[ Boundary Plane 2 ]-----------------------------
# Calculate electric field on a boundary plane with 0th order edge-based element.
# Number of equation = 514, Number of equation after degeneration = 470
# Set values of matrix and right hand side vector. ( 3971 sec )
# Numerical factorization phase of matrix solver for boundary plane. Polarization : 0 Plane : 2. ( 3971 sec )
# Solve phase of matrix solver for boundary plane. Polarization : 0 Plane : 2. ( 3971 sec )
#-----------------------------[ Boundary Plane 3 ]-----------------------------
# Calculate electric field on a boundary plane with 0th order edge-based element.
# Number of equation = 514, Number of equation after degeneration = 470
# Set values of matrix and right hand side vector. ( 3971 sec )
# Numerical factorization phase of matrix solver for boundary plane. Polarization : 0 Plane : 3. ( 3971 sec )
# Solve phase of matrix solver for boundary plane. Polarization : 0 Plane : 3. ( 3971 sec )
#------------------------------------------------------------------------------
# Set matrix structure. ( 3971 sec )
# Anaysis phase of matrix solver for 3D forward calculation. Polarization : 0. ( 3975 sec )
#++++++++++++++++++++++++++++++++++++++++++++++++++++++++++++++++++++++++++++++++++++++++++++++++
# Total peak memory required during the analysis and symbolic factorization phase    : 577758 [KByte]
# Permanent memory required from the analysis phase to the solve phases              : 482422 [KByte]
# Total memory consumed by in-core forward solver for internal float point arrays    : 4.12127e+06 [KByte]
# Minimum memory consumed by out-core forward solver for internal float point arrays : 68497 [KByte]
#++++++++++++++++++++++++++++++++++++++++++++++++++++++++++++++++++++++++++++++++++++++++++++++++
# Set values of matrix and right hand side vector. ( 3978 sec )
# Numerical factorization phase of matrix solver for 3D forward calculation. Polarization : 0.( 3980 sec )
# Solve phase of matrix solver for 3D forward calculation. Polarization : 0.( 4014 sec )
# Calulate right-hand sides vectors consisting of interpolator vectors.( 4014 sec )
# Solve phase of matrix solver for right-hand sides consisting of interpolator vectors.( 4016 sec )
# Solve phase is performed simultaneously for 305 right-hand sides( 4016 sec )
# Calculate derivatives of EM field.( 4032 sec )
#================================================================================================
# Start forward calculation. Frequency : 398.1 [Hz], Polarization : Ey-polarization
#================================================================================================
# Start 3D forward calculation with 0th order 3D edge-based element.( 4062 sec )
# Number of equation = 475883, Number of equation after degeneration = 473549
# Calculating EM field of the boundary planes with 2D forward analysis.        
#-----------------------------[ Boundary Plane 0 ]-----------------------------
# Calculate electric field on a boundary plane with 0th order edge-based element.
# Number of equation = 520, Number of equation after degeneration = 476
# Set values of matrix and right hand side vector. ( 4062 sec )
# Numerical factorization phase of matrix solver for boundary plane. Polarization : 1 Plane : 0. ( 4062 sec )
# Solve phase of matrix solver for boundary plane. Polarization : 1 Plane : 0. ( 4062 sec )
#-----------------------------[ Boundary Plane 1 ]-----------------------------
# Calculate electric field on a boundary plane with 0th order edge-based element.
# Number of equation = 520, Number of equation after degeneration = 476
# Set values of matrix and right hand side vector. ( 4062 sec )
# Numerical factorization phase of matrix solver for boundary plane. Polarization : 1 Plane : 1. ( 4062 sec )
# Solve phase of matrix solver for boundary plane. Polarization : 1 Plane : 1. ( 4062 sec )
#------------------------------------------------------------------------------
# Set values of matrix and right hand side vector. ( 4062 sec )
# Numerical factorization phase of matrix solver for 3D forward calculation. Polarization : 1.( 4065 sec )
# Solve phase of matrix solver for 3D forward calculation. Polarization : 1.( 4098 sec )
# Calulate right-hand sides vectors consisting of interpolator vectors.( 4098 sec )
# Solve phase of matrix solver for right-hand sides consisting of interpolator vectors.( 4100 sec )
# Solve phase is performed simultaneously for 305 right-hand sides( 4100 sec )
# Calculate derivatives of EM field.( 4116 sec )
#==============================================================================
# Calculate response functions. ( 4146 sec )
# Calculate sensitivity matrix of frequency 398.1[Hz].( 4146 sec )
# Sensitivity matrix of frequency 398.1[Hz] is saved in the out-of-core file sensMatFreq20.
#==============================================================================
#================================================================================================
# Start forward calculation. Frequency : 630.95 [Hz], Polarization : Ex-polarization
#================================================================================================
# Start 3D forward calculation with 0th order 3D edge-based element.( 4147 sec )
# Number of equation = 475883, Number of equation after degeneration = 473549
# Calculating EM field of the boundary planes with 2D forward analysis.        
#-----------------------------[ Boundary Plane 2 ]-----------------------------
# Calculate electric field on a boundary plane with 0th order edge-based element.
# Number of equation = 514, Number of equation after degeneration = 470
# Set values of matrix and right hand side vector. ( 4147 sec )
# Numerical factorization phase of matrix solver for boundary plane. Polarization : 0 Plane : 2. ( 4147 sec )
# Solve phase of matrix solver for boundary plane. Polarization : 0 Plane : 2. ( 4147 sec )
#-----------------------------[ Boundary Plane 3 ]-----------------------------
# Calculate electric field on a boundary plane with 0th order edge-based element.
# Number of equation = 514, Number of equation after degeneration = 470
# Set values of matrix and right hand side vector. ( 4147 sec )
# Numerical factorization phase of matrix solver for boundary plane. Polarization : 0 Plane : 3. ( 4147 sec )
# Solve phase of matrix solver for boundary plane. Polarization : 0 Plane : 3. ( 4147 sec )
#------------------------------------------------------------------------------
# Set values of matrix and right hand side vector. ( 4147 sec )
# Numerical factorization phase of matrix solver for 3D forward calculation. Polarization : 0.( 4150 sec )
# Solve phase of matrix solver for 3D forward calculation. Polarization : 0.( 4183 sec )
# Calulate right-hand sides vectors consisting of interpolator vectors.( 4183 sec )
# Solve phase of matrix solver for right-hand sides consisting of interpolator vectors.( 4185 sec )
# Solve phase is performed simultaneously for 312 right-hand sides( 4185 sec )
# Calculate derivatives of EM field.( 4203 sec )
#================================================================================================
# Start forward calculation. Frequency : 630.95 [Hz], Polarization : Ey-polarization
#================================================================================================
# Start 3D forward calculation with 0th order 3D edge-based element.( 4231 sec )
# Number of equation = 475883, Number of equation after degeneration = 473549
# Calculating EM field of the boundary planes with 2D forward analysis.        
#-----------------------------[ Boundary Plane 0 ]-----------------------------
# Calculate electric field on a boundary plane with 0th order edge-based element.
# Number of equation = 520, Number of equation after degeneration = 476
# Set values of matrix and right hand side vector. ( 4231 sec )
# Numerical factorization phase of matrix solver for boundary plane. Polarization : 1 Plane : 0. ( 4231 sec )
# Solve phase of matrix solver for boundary plane. Polarization : 1 Plane : 0. ( 4231 sec )
#-----------------------------[ Boundary Plane 1 ]-----------------------------
# Calculate electric field on a boundary plane with 0th order edge-based element.
# Number of equation = 520, Number of equation after degeneration = 476
# Set values of matrix and right hand side vector. ( 4231 sec )
# Numerical factorization phase of matrix solver for boundary plane. Polarization : 1 Plane : 1. ( 4231 sec )
# Solve phase of matrix solver for boundary plane. Polarization : 1 Plane : 1. ( 4231 sec )
#------------------------------------------------------------------------------
# Set values of matrix and right hand side vector. ( 4231 sec )
# Numerical factorization phase of matrix solver for 3D forward calculation. Polarization : 1.( 4233 sec )
# Solve phase of matrix solver for 3D forward calculation. Polarization : 1.( 4266 sec )
# Calulate right-hand sides vectors consisting of interpolator vectors.( 4267 sec )
# Solve phase of matrix solver for right-hand sides consisting of interpolator vectors.( 4268 sec )
# Solve phase is performed simultaneously for 312 right-hand sides( 4268 sec )
# Calculate derivatives of EM field.( 4286 sec )
#==============================================================================
# Calculate response functions. ( 4313 sec )
# Calculate sensitivity matrix of frequency 630.95[Hz].( 4313 sec )
# Sensitivity matrix of frequency 630.95[Hz] is saved in the out-of-core file sensMatFreq21.
#==============================================================================
#================================================================================================
# Start forward calculation. Frequency : 1000 [Hz], Polarization : Ex-polarization
#================================================================================================
# Start 3D forward calculation with 0th order 3D edge-based element.( 4314 sec )
# Number of equation = 475883, Number of equation after degeneration = 473549
# Calculating EM field of the boundary planes with 2D forward analysis.        
#-----------------------------[ Boundary Plane 2 ]-----------------------------
# Calculate electric field on a boundary plane with 0th order edge-based element.
# Number of equation = 514, Number of equation after degeneration = 470
# Set values of matrix and right hand side vector. ( 4314 sec )
# Numerical factorization phase of matrix solver for boundary plane. Polarization : 0 Plane : 2. ( 4314 sec )
# Solve phase of matrix solver for boundary plane. Polarization : 0 Plane : 2. ( 4314 sec )
#-----------------------------[ Boundary Plane 3 ]-----------------------------
# Calculate electric field on a boundary plane with 0th order edge-based element.
# Number of equation = 514, Number of equation after degeneration = 470
# Set values of matrix and right hand side vector. ( 4314 sec )
# Numerical factorization phase of matrix solver for boundary plane. Polarization : 0 Plane : 3. ( 4314 sec )
# Solve phase of matrix solver for boundary plane. Polarization : 0 Plane : 3. ( 4314 sec )
#------------------------------------------------------------------------------
# Set values of matrix and right hand side vector. ( 4314 sec )
# Numerical factorization phase of matrix solver for 3D forward calculation. Polarization : 0.( 4317 sec )
# Solve phase of matrix solver for 3D forward calculation. Polarization : 0.( 4350 sec )
# Calulate right-hand sides vectors consisting of interpolator vectors.( 4350 sec )
# Solve phase of matrix solver for right-hand sides consisting of interpolator vectors.( 4352 sec )
# Solve phase is performed simultaneously for 260 right-hand sides( 4352 sec )
# Calculate derivatives of EM field.( 4365 sec )
#================================================================================================
# Start forward calculation. Frequency : 1000 [Hz], Polarization : Ey-polarization
#================================================================================================
# Start 3D forward calculation with 0th order 3D edge-based element.( 4395 sec )
# Number of equation = 475883, Number of equation after degeneration = 473549
# Calculating EM field of the boundary planes with 2D forward analysis.        
#-----------------------------[ Boundary Plane 0 ]-----------------------------
# Calculate electric field on a boundary plane with 0th order edge-based element.
# Number of equation = 520, Number of equation after degeneration = 476
# Set values of matrix and right hand side vector. ( 4395 sec )
# Numerical factorization phase of matrix solver for boundary plane. Polarization : 1 Plane : 0. ( 4395 sec )
# Solve phase of matrix solver for boundary plane. Polarization : 1 Plane : 0. ( 4395 sec )
#-----------------------------[ Boundary Plane 1 ]-----------------------------
# Calculate electric field on a boundary plane with 0th order edge-based element.
# Number of equation = 520, Number of equation after degeneration = 476
# Set values of matrix and right hand side vector. ( 4395 sec )
# Numerical factorization phase of matrix solver for boundary plane. Polarization : 1 Plane : 1. ( 4395 sec )
# Solve phase of matrix solver for boundary plane. Polarization : 1 Plane : 1. ( 4395 sec )
#------------------------------------------------------------------------------
# Set values of matrix and right hand side vector. ( 4395 sec )
# Numerical factorization phase of matrix solver for 3D forward calculation. Polarization : 1.( 4398 sec )
# Solve phase of matrix solver for 3D forward calculation. Polarization : 1.( 4431 sec )
# Calulate right-hand sides vectors consisting of interpolator vectors.( 4431 sec )
# Solve phase of matrix solver for right-hand sides consisting of interpolator vectors.( 4433 sec )
# Solve phase is performed simultaneously for 260 right-hand sides( 4433 sec )
# Calculate derivatives of EM field.( 4446 sec )
#==============================================================================
# Calculate response functions. ( 4476 sec )
# Calculate sensitivity matrix of frequency 1000[Hz].( 4476 sec )
# Sensitivity matrix of frequency 1000[Hz] is saved in the out-of-core file sensMatFreq22.
#==============================================================================
# Release memory of coefficient matrix and sparse solver. ( 4477 sec )
###############################################################################
# Start Inversion.  Iteration : 6
###############################################################################
# Number of model : 54779
# Number of frequencies of this PE : 3
# Calculate constraining matrix. ( 4481 sec )
# Analyse constraining matrix.( 4481 sec )
# Analyse transposed constraining matrix.( 4482 sec )
# Factorize constraining matrix.( 4482 sec )
# Factorize transposed constraining matrix.( 4482 sec )
# Number of data of this PE : 1508
# Read sensitivity matrix from sensMatFreq20.( 4482 sec )
# Multiply transposed sensitivity matrix by inverse of transposed constraining matrix. ( 4486 sec )
# Solve phase is performed simultaneously for 524 right-hand sides( 4486 sec )
# Read sensitivity matrix from sensMatFreq21.( 4488 sec )
# Multiply transposed sensitivity matrix by inverse of transposed constraining matrix. ( 4490 sec )
# Solve phase is performed simultaneously for 536 right-hand sides( 4490 sec )
# Read sensitivity matrix from sensMatFreq22.( 4492 sec )
# Multiply transposed sensitivity matrix by inverse of transposed constraining matrix. ( 4494 sec )
# Solve phase is performed simultaneously for 448 right-hand sides( 4494 sec )
# Calculate right-hand side vector. ( 4496 sec )
# Read sensitivity matrix from sensMatFreq20.( 4496 sec )
# Read sensitivity matrix from sensMatFreq21.( 4496 sec )
# Read sensitivity matrix from sensMatFreq22.( 4496 sec )
# Read sensitivity matrix from sensMatFreq20.( 4546 sec )
# Read sensitivity matrix from sensMatFreq21.( 4546 sec )
# Read sensitivity matrix from sensMatFreq22.( 4547 sec )
# Calculate model increments. ( 4547 sec )
###############################################################################
# Start Forward Computation.  Iteration : 7,  Retrial : 0
###############################################################################
#================================================================================================
# Start forward calculation. Frequency : 398.1 [Hz], Polarization : Ex-polarization
#================================================================================================
# Start 3D forward calculation with 0th order 3D edge-based element.( 4548 sec )
# Number of equation = 475883, Number of equation after degeneration = 473549
# Calculating EM field of the boundary planes with 2D forward analysis.        
#-----------------------------[ Boundary Plane 2 ]-----------------------------
# Calculate electric field on a boundary plane with 0th order edge-based element.
# Number of equation = 514, Number of equation after degeneration = 470
# Set values of matrix and right hand side vector. ( 4548 sec )
# Numerical factorization phase of matrix solver for boundary plane. Polarization : 0 Plane : 2. ( 4548 sec )
# Solve phase of matrix solver for boundary plane. Polarization : 0 Plane : 2. ( 4548 sec )
#-----------------------------[ Boundary Plane 3 ]-----------------------------
# Calculate electric field on a boundary plane with 0th order edge-based element.
# Number of equation = 514, Number of equation after degeneration = 470
# Set values of matrix and right hand side vector. ( 4548 sec )
# Numerical factorization phase of matrix solver for boundary plane. Polarization : 0 Plane : 3. ( 4548 sec )
# Solve phase of matrix solver for boundary plane. Polarization : 0 Plane : 3. ( 4548 sec )
#------------------------------------------------------------------------------
# Set matrix structure. ( 4548 sec )
# Anaysis phase of matrix solver for 3D forward calculation. Polarization : 0. ( 4552 sec )
#++++++++++++++++++++++++++++++++++++++++++++++++++++++++++++++++++++++++++++++++++++++++++++++++
# Total peak memory required during the analysis and symbolic factorization phase    : 578320 [KByte]
# Permanent memory required from the analysis phase to the solve phases              : 482847 [KByte]
# Total memory consumed by in-core forward solver for internal float point arrays    : 4.14213e+06 [KByte]
# Minimum memory consumed by out-core forward solver for internal float point arrays : 68157 [KByte]
#++++++++++++++++++++++++++++++++++++++++++++++++++++++++++++++++++++++++++++++++++++++++++++++++
# Set values of matrix and right hand side vector. ( 4555 sec )
# Numerical factorization phase of matrix solver for 3D forward calculation. Polarization : 0.( 4558 sec )
# Solve phase of matrix solver for 3D forward calculation. Polarization : 0.( 4591 sec )
# Calulate right-hand sides vectors consisting of interpolator vectors.( 4591 sec )
# Solve phase of matrix solver for right-hand sides consisting of interpolator vectors.( 4593 sec )
# Solve phase is performed simultaneously for 305 right-hand sides( 4593 sec )
# Calculate derivatives of EM field.( 4609 sec )
#================================================================================================
# Start forward calculation. Frequency : 398.1 [Hz], Polarization : Ey-polarization
#================================================================================================
# Start 3D forward calculation with 0th order 3D edge-based element.( 4639 sec )
# Number of equation = 475883, Number of equation after degeneration = 473549
# Calculating EM field of the boundary planes with 2D forward analysis.        
#-----------------------------[ Boundary Plane 0 ]-----------------------------
# Calculate electric field on a boundary plane with 0th order edge-based element.
# Number of equation = 520, Number of equation after degeneration = 476
# Set values of matrix and right hand side vector. ( 4639 sec )
# Numerical factorization phase of matrix solver for boundary plane. Polarization : 1 Plane : 0. ( 4639 sec )
# Solve phase of matrix solver for boundary plane. Polarization : 1 Plane : 0. ( 4639 sec )
#-----------------------------[ Boundary Plane 1 ]-----------------------------
# Calculate electric field on a boundary plane with 0th order edge-based element.
# Number of equation = 520, Number of equation after degeneration = 476
# Set values of matrix and right hand side vector. ( 4639 sec )
# Numerical factorization phase of matrix solver for boundary plane. Polarization : 1 Plane : 1. ( 4639 sec )
# Solve phase of matrix solver for boundary plane. Polarization : 1 Plane : 1. ( 4639 sec )
#------------------------------------------------------------------------------
# Set values of matrix and right hand side vector. ( 4639 sec )
# Numerical factorization phase of matrix solver for 3D forward calculation. Polarization : 1.( 4642 sec )
# Solve phase of matrix solver for 3D forward calculation. Polarization : 1.( 4675 sec )
# Calulate right-hand sides vectors consisting of interpolator vectors.( 4676 sec )
# Solve phase of matrix solver for right-hand sides consisting of interpolator vectors.( 4677 sec )
# Solve phase is performed simultaneously for 305 right-hand sides( 4677 sec )
# Calculate derivatives of EM field.( 4694 sec )
#==============================================================================
# Calculate response functions. ( 4723 sec )
# Calculate sensitivity matrix of frequency 398.1[Hz].( 4723 sec )
# Sensitivity matrix of frequency 398.1[Hz] is saved in the out-of-core file sensMatFreq20.
#==============================================================================
#================================================================================================
# Start forward calculation. Frequency : 630.95 [Hz], Polarization : Ex-polarization
#================================================================================================
# Start 3D forward calculation with 0th order 3D edge-based element.( 4725 sec )
# Number of equation = 475883, Number of equation after degeneration = 473549
# Calculating EM field of the boundary planes with 2D forward analysis.        
#-----------------------------[ Boundary Plane 2 ]-----------------------------
# Calculate electric field on a boundary plane with 0th order edge-based element.
# Number of equation = 514, Number of equation after degeneration = 470
# Set values of matrix and right hand side vector. ( 4725 sec )
# Numerical factorization phase of matrix solver for boundary plane. Polarization : 0 Plane : 2. ( 4725 sec )
# Solve phase of matrix solver for boundary plane. Polarization : 0 Plane : 2. ( 4725 sec )
#-----------------------------[ Boundary Plane 3 ]-----------------------------
# Calculate electric field on a boundary plane with 0th order edge-based element.
# Number of equation = 514, Number of equation after degeneration = 470
# Set values of matrix and right hand side vector. ( 4725 sec )
# Numerical factorization phase of matrix solver for boundary plane. Polarization : 0 Plane : 3. ( 4725 sec )
# Solve phase of matrix solver for boundary plane. Polarization : 0 Plane : 3. ( 4725 sec )
#------------------------------------------------------------------------------
# Set values of matrix and right hand side vector. ( 4725 sec )
# Numerical factorization phase of matrix solver for 3D forward calculation. Polarization : 0.( 4727 sec )
# Solve phase of matrix solver for 3D forward calculation. Polarization : 0.( 4760 sec )
# Calulate right-hand sides vectors consisting of interpolator vectors.( 4761 sec )
# Solve phase of matrix solver for right-hand sides consisting of interpolator vectors.( 4763 sec )
# Solve phase is performed simultaneously for 312 right-hand sides( 4763 sec )
# Calculate derivatives of EM field.( 4781 sec )
#================================================================================================
# Start forward calculation. Frequency : 630.95 [Hz], Polarization : Ey-polarization
#================================================================================================
# Start 3D forward calculation with 0th order 3D edge-based element.( 4808 sec )
# Number of equation = 475883, Number of equation after degeneration = 473549
# Calculating EM field of the boundary planes with 2D forward analysis.        
#-----------------------------[ Boundary Plane 0 ]-----------------------------
# Calculate electric field on a boundary plane with 0th order edge-based element.
# Number of equation = 520, Number of equation after degeneration = 476
# Set values of matrix and right hand side vector. ( 4808 sec )
# Numerical factorization phase of matrix solver for boundary plane. Polarization : 1 Plane : 0. ( 4808 sec )
# Solve phase of matrix solver for boundary plane. Polarization : 1 Plane : 0. ( 4809 sec )
#-----------------------------[ Boundary Plane 1 ]-----------------------------
# Calculate electric field on a boundary plane with 0th order edge-based element.
# Number of equation = 520, Number of equation after degeneration = 476
# Set values of matrix and right hand side vector. ( 4809 sec )
# Numerical factorization phase of matrix solver for boundary plane. Polarization : 1 Plane : 1. ( 4809 sec )
# Solve phase of matrix solver for boundary plane. Polarization : 1 Plane : 1. ( 4809 sec )
#------------------------------------------------------------------------------
# Set values of matrix and right hand side vector. ( 4809 sec )
# Numerical factorization phase of matrix solver for 3D forward calculation. Polarization : 1.( 4811 sec )
# Solve phase of matrix solver for 3D forward calculation. Polarization : 1.( 4844 sec )
# Calulate right-hand sides vectors consisting of interpolator vectors.( 4845 sec )
# Solve phase of matrix solver for right-hand sides consisting of interpolator vectors.( 4846 sec )
# Solve phase is performed simultaneously for 312 right-hand sides( 4846 sec )
# Calculate derivatives of EM field.( 4864 sec )
#==============================================================================
# Calculate response functions. ( 4891 sec )
# Calculate sensitivity matrix of frequency 630.95[Hz].( 4891 sec )
# Sensitivity matrix of frequency 630.95[Hz] is saved in the out-of-core file sensMatFreq21.
#==============================================================================
#================================================================================================
# Start forward calculation. Frequency : 1000 [Hz], Polarization : Ex-polarization
#================================================================================================
# Start 3D forward calculation with 0th order 3D edge-based element.( 4892 sec )
# Number of equation = 475883, Number of equation after degeneration = 473549
# Calculating EM field of the boundary planes with 2D forward analysis.        
#-----------------------------[ Boundary Plane 2 ]-----------------------------
# Calculate electric field on a boundary plane with 0th order edge-based element.
# Number of equation = 514, Number of equation after degeneration = 470
# Set values of matrix and right hand side vector. ( 4892 sec )
# Numerical factorization phase of matrix solver for boundary plane. Polarization : 0 Plane : 2. ( 4892 sec )
# Solve phase of matrix solver for boundary plane. Polarization : 0 Plane : 2. ( 4892 sec )
#-----------------------------[ Boundary Plane 3 ]-----------------------------
# Calculate electric field on a boundary plane with 0th order edge-based element.
# Number of equation = 514, Number of equation after degeneration = 470
# Set values of matrix and right hand side vector. ( 4892 sec )
# Numerical factorization phase of matrix solver for boundary plane. Polarization : 0 Plane : 3. ( 4892 sec )
# Solve phase of matrix solver for boundary plane. Polarization : 0 Plane : 3. ( 4892 sec )
#------------------------------------------------------------------------------
# Set values of matrix and right hand side vector. ( 4892 sec )
# Numerical factorization phase of matrix solver for 3D forward calculation. Polarization : 0.( 4895 sec )
# Solve phase of matrix solver for 3D forward calculation. Polarization : 0.( 4928 sec )
# Calulate right-hand sides vectors consisting of interpolator vectors.( 4928 sec )
# Solve phase of matrix solver for right-hand sides consisting of interpolator vectors.( 4930 sec )
# Solve phase is performed simultaneously for 260 right-hand sides( 4930 sec )
# Calculate derivatives of EM field.( 4944 sec )
#================================================================================================
# Start forward calculation. Frequency : 1000 [Hz], Polarization : Ey-polarization
#================================================================================================
# Start 3D forward calculation with 0th order 3D edge-based element.( 4973 sec )
# Number of equation = 475883, Number of equation after degeneration = 473549
# Calculating EM field of the boundary planes with 2D forward analysis.        
#-----------------------------[ Boundary Plane 0 ]-----------------------------
# Calculate electric field on a boundary plane with 0th order edge-based element.
# Number of equation = 520, Number of equation after degeneration = 476
# Set values of matrix and right hand side vector. ( 4973 sec )
# Numerical factorization phase of matrix solver for boundary plane. Polarization : 1 Plane : 0. ( 4973 sec )
# Solve phase of matrix solver for boundary plane. Polarization : 1 Plane : 0. ( 4973 sec )
#-----------------------------[ Boundary Plane 1 ]-----------------------------
# Calculate electric field on a boundary plane with 0th order edge-based element.
# Number of equation = 520, Number of equation after degeneration = 476
# Set values of matrix and right hand side vector. ( 4973 sec )
# Numerical factorization phase of matrix solver for boundary plane. Polarization : 1 Plane : 1. ( 4973 sec )
# Solve phase of matrix solver for boundary plane. Polarization : 1 Plane : 1. ( 4973 sec )
#------------------------------------------------------------------------------
# Set values of matrix and right hand side vector. ( 4973 sec )
# Numerical factorization phase of matrix solver for 3D forward calculation. Polarization : 1.( 4975 sec )
# Solve phase of matrix solver for 3D forward calculation. Polarization : 1.( 5008 sec )
# Calulate right-hand sides vectors consisting of interpolator vectors.( 5009 sec )
# Solve phase of matrix solver for right-hand sides consisting of interpolator vectors.( 5010 sec )
# Solve phase is performed simultaneously for 260 right-hand sides( 5010 sec )
# Calculate derivatives of EM field.( 5024 sec )
#==============================================================================
# Calculate response functions. ( 5053 sec )
# Calculate sensitivity matrix of frequency 1000[Hz].( 5054 sec )
# Sensitivity matrix of frequency 1000[Hz] is saved in the out-of-core file sensMatFreq22.
#==============================================================================
# Release memory of coefficient matrix and sparse solver. ( 5054 sec )
###############################################################################
# Start Forward Computation.  Iteration : 7,  Retrial : 1
###############################################################################
#================================================================================================
# Start forward calculation. Frequency : 398.1 [Hz], Polarization : Ex-polarization
#================================================================================================
# Start 3D forward calculation with 0th order 3D edge-based element.( 5056 sec )
# Number of equation = 475883, Number of equation after degeneration = 473549
# Calculating EM field of the boundary planes with 2D forward analysis.        
#-----------------------------[ Boundary Plane 2 ]-----------------------------
# Calculate electric field on a boundary plane with 0th order edge-based element.
# Number of equation = 514, Number of equation after degeneration = 470
# Set values of matrix and right hand side vector. ( 5056 sec )
# Numerical factorization phase of matrix solver for boundary plane. Polarization : 0 Plane : 2. ( 5056 sec )
# Solve phase of matrix solver for boundary plane. Polarization : 0 Plane : 2. ( 5056 sec )
#-----------------------------[ Boundary Plane 3 ]-----------------------------
# Calculate electric field on a boundary plane with 0th order edge-based element.
# Number of equation = 514, Number of equation after degeneration = 470
# Set values of matrix and right hand side vector. ( 5056 sec )
# Numerical factorization phase of matrix solver for boundary plane. Polarization : 0 Plane : 3. ( 5056 sec )
# Solve phase of matrix solver for boundary plane. Polarization : 0 Plane : 3. ( 5056 sec )
#------------------------------------------------------------------------------
# Set matrix structure. ( 5056 sec )
# Anaysis phase of matrix solver for 3D forward calculation. Polarization : 0. ( 5060 sec )
#++++++++++++++++++++++++++++++++++++++++++++++++++++++++++++++++++++++++++++++++++++++++++++++++
# Total peak memory required during the analysis and symbolic factorization phase    : 577660 [KByte]
# Permanent memory required from the analysis phase to the solve phases              : 482345 [KByte]
# Total memory consumed by in-core forward solver for internal float point arrays    : 4.12596e+06 [KByte]
# Minimum memory consumed by out-core forward solver for internal float point arrays : 68501 [KByte]
#++++++++++++++++++++++++++++++++++++++++++++++++++++++++++++++++++++++++++++++++++++++++++++++++
# Set values of matrix and right hand side vector. ( 5064 sec )
# Numerical factorization phase of matrix solver for 3D forward calculation. Polarization : 0.( 5066 sec )
# Solve phase of matrix solver for 3D forward calculation. Polarization : 0.( 5100 sec )
# Calulate right-hand sides vectors consisting of interpolator vectors.( 5100 sec )
# Solve phase of matrix solver for right-hand sides consisting of interpolator vectors.( 5102 sec )
# Solve phase is performed simultaneously for 305 right-hand sides( 5102 sec )
# Calculate derivatives of EM field.( 5118 sec )
#================================================================================================
# Start forward calculation. Frequency : 398.1 [Hz], Polarization : Ey-polarization
#================================================================================================
# Start 3D forward calculation with 0th order 3D edge-based element.( 5148 sec )
# Number of equation = 475883, Number of equation after degeneration = 473549
# Calculating EM field of the boundary planes with 2D forward analysis.        
#-----------------------------[ Boundary Plane 0 ]-----------------------------
# Calculate electric field on a boundary plane with 0th order edge-based element.
# Number of equation = 520, Number of equation after degeneration = 476
# Set values of matrix and right hand side vector. ( 5148 sec )
# Numerical factorization phase of matrix solver for boundary plane. Polarization : 1 Plane : 0. ( 5148 sec )
# Solve phase of matrix solver for boundary plane. Polarization : 1 Plane : 0. ( 5148 sec )
#-----------------------------[ Boundary Plane 1 ]-----------------------------
# Calculate electric field on a boundary plane with 0th order edge-based element.
# Number of equation = 520, Number of equation after degeneration = 476
# Set values of matrix and right hand side vector. ( 5148 sec )
# Numerical factorization phase of matrix solver for boundary plane. Polarization : 1 Plane : 1. ( 5148 sec )
# Solve phase of matrix solver for boundary plane. Polarization : 1 Plane : 1. ( 5148 sec )
#------------------------------------------------------------------------------
# Set values of matrix and right hand side vector. ( 5148 sec )
# Numerical factorization phase of matrix solver for 3D forward calculation. Polarization : 1.( 5151 sec )
# Solve phase of matrix solver for 3D forward calculation. Polarization : 1.( 5184 sec )
# Calulate right-hand sides vectors consisting of interpolator vectors.( 5184 sec )
# Solve phase of matrix solver for right-hand sides consisting of interpolator vectors.( 5186 sec )
# Solve phase is performed simultaneously for 305 right-hand sides( 5186 sec )
# Calculate derivatives of EM field.( 5202 sec )
#==============================================================================
# Calculate response functions. ( 5232 sec )
# Calculate sensitivity matrix of frequency 398.1[Hz].( 5232 sec )
# Sensitivity matrix of frequency 398.1[Hz] is saved in the out-of-core file sensMatFreq20.
#==============================================================================
#================================================================================================
# Start forward calculation. Frequency : 630.95 [Hz], Polarization : Ex-polarization
#================================================================================================
# Start 3D forward calculation with 0th order 3D edge-based element.( 5233 sec )
# Number of equation = 475883, Number of equation after degeneration = 473549
# Calculating EM field of the boundary planes with 2D forward analysis.        
#-----------------------------[ Boundary Plane 2 ]-----------------------------
# Calculate electric field on a boundary plane with 0th order edge-based element.
# Number of equation = 514, Number of equation after degeneration = 470
# Set values of matrix and right hand side vector. ( 5233 sec )
# Numerical factorization phase of matrix solver for boundary plane. Polarization : 0 Plane : 2. ( 5233 sec )
# Solve phase of matrix solver for boundary plane. Polarization : 0 Plane : 2. ( 5233 sec )
#-----------------------------[ Boundary Plane 3 ]-----------------------------
# Calculate electric field on a boundary plane with 0th order edge-based element.
# Number of equation = 514, Number of equation after degeneration = 470
# Set values of matrix and right hand side vector. ( 5233 sec )
# Numerical factorization phase of matrix solver for boundary plane. Polarization : 0 Plane : 3. ( 5233 sec )
# Solve phase of matrix solver for boundary plane. Polarization : 0 Plane : 3. ( 5233 sec )
#------------------------------------------------------------------------------
# Set values of matrix and right hand side vector. ( 5233 sec )
# Numerical factorization phase of matrix solver for 3D forward calculation. Polarization : 0.( 5236 sec )
# Solve phase of matrix solver for 3D forward calculation. Polarization : 0.( 5269 sec )
# Calulate right-hand sides vectors consisting of interpolator vectors.( 5269 sec )
# Solve phase of matrix solver for right-hand sides consisting of interpolator vectors.( 5271 sec )
# Solve phase is performed simultaneously for 312 right-hand sides( 5271 sec )
# Calculate derivatives of EM field.( 5289 sec )
#================================================================================================
# Start forward calculation. Frequency : 630.95 [Hz], Polarization : Ey-polarization
#================================================================================================
# Start 3D forward calculation with 0th order 3D edge-based element.( 5317 sec )
# Number of equation = 475883, Number of equation after degeneration = 473549
# Calculating EM field of the boundary planes with 2D forward analysis.        
#-----------------------------[ Boundary Plane 0 ]-----------------------------
# Calculate electric field on a boundary plane with 0th order edge-based element.
# Number of equation = 520, Number of equation after degeneration = 476
# Set values of matrix and right hand side vector. ( 5317 sec )
# Numerical factorization phase of matrix solver for boundary plane. Polarization : 1 Plane : 0. ( 5317 sec )
# Solve phase of matrix solver for boundary plane. Polarization : 1 Plane : 0. ( 5317 sec )
#-----------------------------[ Boundary Plane 1 ]-----------------------------
# Calculate electric field on a boundary plane with 0th order edge-based element.
# Number of equation = 520, Number of equation after degeneration = 476
# Set values of matrix and right hand side vector. ( 5317 sec )
# Numerical factorization phase of matrix solver for boundary plane. Polarization : 1 Plane : 1. ( 5317 sec )
# Solve phase of matrix solver for boundary plane. Polarization : 1 Plane : 1. ( 5317 sec )
#------------------------------------------------------------------------------
# Set values of matrix and right hand side vector. ( 5317 sec )
# Numerical factorization phase of matrix solver for 3D forward calculation. Polarization : 1.( 5319 sec )
# Solve phase of matrix solver for 3D forward calculation. Polarization : 1.( 5352 sec )
# Calulate right-hand sides vectors consisting of interpolator vectors.( 5353 sec )
# Solve phase of matrix solver for right-hand sides consisting of interpolator vectors.( 5355 sec )
# Solve phase is performed simultaneously for 312 right-hand sides( 5355 sec )
# Calculate derivatives of EM field.( 5372 sec )
#==============================================================================
# Calculate response functions. ( 5399 sec )
# Calculate sensitivity matrix of frequency 630.95[Hz].( 5400 sec )
# Sensitivity matrix of frequency 630.95[Hz] is saved in the out-of-core file sensMatFreq21.
#==============================================================================
#================================================================================================
# Start forward calculation. Frequency : 1000 [Hz], Polarization : Ex-polarization
#================================================================================================
# Start 3D forward calculation with 0th order 3D edge-based element.( 5400 sec )
# Number of equation = 475883, Number of equation after degeneration = 473549
# Calculating EM field of the boundary planes with 2D forward analysis.        
#-----------------------------[ Boundary Plane 2 ]-----------------------------
# Calculate electric field on a boundary plane with 0th order edge-based element.
# Number of equation = 514, Number of equation after degeneration = 470
# Set values of matrix and right hand side vector. ( 5400 sec )
# Numerical factorization phase of matrix solver for boundary plane. Polarization : 0 Plane : 2. ( 5400 sec )
# Solve phase of matrix solver for boundary plane. Polarization : 0 Plane : 2. ( 5400 sec )
#-----------------------------[ Boundary Plane 3 ]-----------------------------
# Calculate electric field on a boundary plane with 0th order edge-based element.
# Number of equation = 514, Number of equation after degeneration = 470
# Set values of matrix and right hand side vector. ( 5400 sec )
# Numerical factorization phase of matrix solver for boundary plane. Polarization : 0 Plane : 3. ( 5400 sec )
# Solve phase of matrix solver for boundary plane. Polarization : 0 Plane : 3. ( 5400 sec )
#------------------------------------------------------------------------------
# Set values of matrix and right hand side vector. ( 5400 sec )
# Numerical factorization phase of matrix solver for 3D forward calculation. Polarization : 0.( 5403 sec )
# Solve phase of matrix solver for 3D forward calculation. Polarization : 0.( 5436 sec )
# Calulate right-hand sides vectors consisting of interpolator vectors.( 5436 sec )
# Solve phase of matrix solver for right-hand sides consisting of interpolator vectors.( 5438 sec )
# Solve phase is performed simultaneously for 260 right-hand sides( 5438 sec )
# Calculate derivatives of EM field.( 5451 sec )
#================================================================================================
# Start forward calculation. Frequency : 1000 [Hz], Polarization : Ey-polarization
#================================================================================================
# Start 3D forward calculation with 0th order 3D edge-based element.( 5482 sec )
# Number of equation = 475883, Number of equation after degeneration = 473549
# Calculating EM field of the boundary planes with 2D forward analysis.        
#-----------------------------[ Boundary Plane 0 ]-----------------------------
# Calculate electric field on a boundary plane with 0th order edge-based element.
# Number of equation = 520, Number of equation after degeneration = 476
# Set values of matrix and right hand side vector. ( 5482 sec )
# Numerical factorization phase of matrix solver for boundary plane. Polarization : 1 Plane : 0. ( 5482 sec )
# Solve phase of matrix solver for boundary plane. Polarization : 1 Plane : 0. ( 5482 sec )
#-----------------------------[ Boundary Plane 1 ]-----------------------------
# Calculate electric field on a boundary plane with 0th order edge-based element.
# Number of equation = 520, Number of equation after degeneration = 476
# Set values of matrix and right hand side vector. ( 5482 sec )
# Numerical factorization phase of matrix solver for boundary plane. Polarization : 1 Plane : 1. ( 5482 sec )
# Solve phase of matrix solver for boundary plane. Polarization : 1 Plane : 1. ( 5482 sec )
#------------------------------------------------------------------------------
# Set values of matrix and right hand side vector. ( 5482 sec )
# Numerical factorization phase of matrix solver for 3D forward calculation. Polarization : 1.( 5485 sec )
# Solve phase of matrix solver for 3D forward calculation. Polarization : 1.( 5518 sec )
# Calulate right-hand sides vectors consisting of interpolator vectors.( 5518 sec )
# Solve phase of matrix solver for right-hand sides consisting of interpolator vectors.( 5519 sec )
# Solve phase is performed simultaneously for 260 right-hand sides( 5519 sec )
# Calculate derivatives of EM field.( 5533 sec )
#==============================================================================
# Calculate response functions. ( 5563 sec )
# Calculate sensitivity matrix of frequency 1000[Hz].( 5563 sec )
# Sensitivity matrix of frequency 1000[Hz] is saved in the out-of-core file sensMatFreq22.
#==============================================================================
# Release memory of coefficient matrix and sparse solver. ( 5564 sec )
###############################################################################
# Start Inversion.  Iteration : 7
###############################################################################
# Number of model : 54779
# Number of frequencies of this PE : 3
# Calculate constraining matrix. ( 5568 sec )
# Analyse constraining matrix.( 5568 sec )
# Analyse transposed constraining matrix.( 5568 sec )
# Factorize constraining matrix.( 5568 sec )
# Factorize transposed constraining matrix.( 5569 sec )
# Number of data of this PE : 1508
# Read sensitivity matrix from sensMatFreq20.( 5569 sec )
# Multiply transposed sensitivity matrix by inverse of transposed constraining matrix. ( 5572 sec )
# Solve phase is performed simultaneously for 524 right-hand sides( 5572 sec )
# Read sensitivity matrix from sensMatFreq21.( 5574 sec )
# Multiply transposed sensitivity matrix by inverse of transposed constraining matrix. ( 5577 sec )
# Solve phase is performed simultaneously for 536 right-hand sides( 5577 sec )
# Read sensitivity matrix from sensMatFreq22.( 5579 sec )
# Multiply transposed sensitivity matrix by inverse of transposed constraining matrix. ( 5581 sec )
# Solve phase is performed simultaneously for 448 right-hand sides( 5581 sec )
# Calculate right-hand side vector. ( 5582 sec )
# Read sensitivity matrix from sensMatFreq20.( 5582 sec )
# Read sensitivity matrix from sensMatFreq21.( 5582 sec )
# Read sensitivity matrix from sensMatFreq22.( 5583 sec )
# Read sensitivity matrix from sensMatFreq20.( 5635 sec )
# Read sensitivity matrix from sensMatFreq21.( 5635 sec )
# Read sensitivity matrix from sensMatFreq22.( 5635 sec )
# Calculate model increments. ( 5635 sec )
###############################################################################
# Start Forward Computation.  Iteration : 8,  Retrial : 0
###############################################################################
#================================================================================================
# Start forward calculation. Frequency : 398.1 [Hz], Polarization : Ex-polarization
#================================================================================================
# Start 3D forward calculation with 0th order 3D edge-based element.( 5636 sec )
# Number of equation = 475883, Number of equation after degeneration = 473549
# Calculating EM field of the boundary planes with 2D forward analysis.        
#-----------------------------[ Boundary Plane 2 ]-----------------------------
# Calculate electric field on a boundary plane with 0th order edge-based element.
# Number of equation = 514, Number of equation after degeneration = 470
# Set values of matrix and right hand side vector. ( 5636 sec )
# Numerical factorization phase of matrix solver for boundary plane. Polarization : 0 Plane : 2. ( 5636 sec )
# Solve phase of matrix solver for boundary plane. Polarization : 0 Plane : 2. ( 5636 sec )
#-----------------------------[ Boundary Plane 3 ]-----------------------------
# Calculate electric field on a boundary plane with 0th order edge-based element.
# Number of equation = 514, Number of equation after degeneration = 470
# Set values of matrix and right hand side vector. ( 5636 sec )
# Numerical factorization phase of matrix solver for boundary plane. Polarization : 0 Plane : 3. ( 5636 sec )
# Solve phase of matrix solver for boundary plane. Polarization : 0 Plane : 3. ( 5636 sec )
#------------------------------------------------------------------------------
# Set matrix structure. ( 5636 sec )
# Anaysis phase of matrix solver for 3D forward calculation. Polarization : 0. ( 5640 sec )
#++++++++++++++++++++++++++++++++++++++++++++++++++++++++++++++++++++++++++++++++++++++++++++++++
# Total peak memory required during the analysis and symbolic factorization phase    : 578074 [KByte]
# Permanent memory required from the analysis phase to the solve phases              : 482662 [KByte]
# Total memory consumed by in-core forward solver for internal float point arrays    : 4.13285e+06 [KByte]
# Minimum memory consumed by out-core forward solver for internal float point arrays : 68312 [KByte]
#++++++++++++++++++++++++++++++++++++++++++++++++++++++++++++++++++++++++++++++++++++++++++++++++
# Set values of matrix and right hand side vector. ( 5643 sec )
# Numerical factorization phase of matrix solver for 3D forward calculation. Polarization : 0.( 5646 sec )
# Solve phase of matrix solver for 3D forward calculation. Polarization : 0.( 5679 sec )
# Calulate right-hand sides vectors consisting of interpolator vectors.( 5680 sec )
# Solve phase of matrix solver for right-hand sides consisting of interpolator vectors.( 5681 sec )
# Solve phase is performed simultaneously for 305 right-hand sides( 5681 sec )
# Calculate derivatives of EM field.( 5698 sec )
#================================================================================================
# Start forward calculation. Frequency : 398.1 [Hz], Polarization : Ey-polarization
#================================================================================================
# Start 3D forward calculation with 0th order 3D edge-based element.( 5727 sec )
# Number of equation = 475883, Number of equation after degeneration = 473549
# Calculating EM field of the boundary planes with 2D forward analysis.        
#-----------------------------[ Boundary Plane 0 ]-----------------------------
# Calculate electric field on a boundary plane with 0th order edge-based element.
# Number of equation = 520, Number of equation after degeneration = 476
# Set values of matrix and right hand side vector. ( 5727 sec )
# Numerical factorization phase of matrix solver for boundary plane. Polarization : 1 Plane : 0. ( 5727 sec )
# Solve phase of matrix solver for boundary plane. Polarization : 1 Plane : 0. ( 5727 sec )
#-----------------------------[ Boundary Plane 1 ]-----------------------------
# Calculate electric field on a boundary plane with 0th order edge-based element.
# Number of equation = 520, Number of equation after degeneration = 476
# Set values of matrix and right hand side vector. ( 5727 sec )
# Numerical factorization phase of matrix solver for boundary plane. Polarization : 1 Plane : 1. ( 5727 sec )
# Solve phase of matrix solver for boundary plane. Polarization : 1 Plane : 1. ( 5727 sec )
#------------------------------------------------------------------------------
# Set values of matrix and right hand side vector. ( 5727 sec )
# Numerical factorization phase of matrix solver for 3D forward calculation. Polarization : 1.( 5730 sec )
# Solve phase of matrix solver for 3D forward calculation. Polarization : 1.( 5763 sec )
# Calulate right-hand sides vectors consisting of interpolator vectors.( 5764 sec )
# Solve phase of matrix solver for right-hand sides consisting of interpolator vectors.( 5765 sec )
# Solve phase is performed simultaneously for 305 right-hand sides( 5765 sec )
# Calculate derivatives of EM field.( 5782 sec )
#==============================================================================
# Calculate response functions. ( 5811 sec )
# Calculate sensitivity matrix of frequency 398.1[Hz].( 5811 sec )
# Sensitivity matrix of frequency 398.1[Hz] is saved in the out-of-core file sensMatFreq20.
#==============================================================================
#================================================================================================
# Start forward calculation. Frequency : 630.95 [Hz], Polarization : Ex-polarization
#================================================================================================
# Start 3D forward calculation with 0th order 3D edge-based element.( 5812 sec )
# Number of equation = 475883, Number of equation after degeneration = 473549
# Calculating EM field of the boundary planes with 2D forward analysis.        
#-----------------------------[ Boundary Plane 2 ]-----------------------------
# Calculate electric field on a boundary plane with 0th order edge-based element.
# Number of equation = 514, Number of equation after degeneration = 470
# Set values of matrix and right hand side vector. ( 5812 sec )
# Numerical factorization phase of matrix solver for boundary plane. Polarization : 0 Plane : 2. ( 5812 sec )
# Solve phase of matrix solver for boundary plane. Polarization : 0 Plane : 2. ( 5812 sec )
#-----------------------------[ Boundary Plane 3 ]-----------------------------
# Calculate electric field on a boundary plane with 0th order edge-based element.
# Number of equation = 514, Number of equation after degeneration = 470
# Set values of matrix and right hand side vector. ( 5812 sec )
# Numerical factorization phase of matrix solver for boundary plane. Polarization : 0 Plane : 3. ( 5812 sec )
# Solve phase of matrix solver for boundary plane. Polarization : 0 Plane : 3. ( 5812 sec )
#------------------------------------------------------------------------------
# Set values of matrix and right hand side vector. ( 5812 sec )
# Numerical factorization phase of matrix solver for 3D forward calculation. Polarization : 0.( 5815 sec )
# Solve phase of matrix solver for 3D forward calculation. Polarization : 0.( 5848 sec )
# Calulate right-hand sides vectors consisting of interpolator vectors.( 5848 sec )
# Solve phase of matrix solver for right-hand sides consisting of interpolator vectors.( 5850 sec )
# Solve phase is performed simultaneously for 312 right-hand sides( 5850 sec )
# Calculate derivatives of EM field.( 5868 sec )
#================================================================================================
# Start forward calculation. Frequency : 630.95 [Hz], Polarization : Ey-polarization
#================================================================================================
# Start 3D forward calculation with 0th order 3D edge-based element.( 5896 sec )
# Number of equation = 475883, Number of equation after degeneration = 473549
# Calculating EM field of the boundary planes with 2D forward analysis.        
#-----------------------------[ Boundary Plane 0 ]-----------------------------
# Calculate electric field on a boundary plane with 0th order edge-based element.
# Number of equation = 520, Number of equation after degeneration = 476
# Set values of matrix and right hand side vector. ( 5896 sec )
# Numerical factorization phase of matrix solver for boundary plane. Polarization : 1 Plane : 0. ( 5896 sec )
# Solve phase of matrix solver for boundary plane. Polarization : 1 Plane : 0. ( 5896 sec )
#-----------------------------[ Boundary Plane 1 ]-----------------------------
# Calculate electric field on a boundary plane with 0th order edge-based element.
# Number of equation = 520, Number of equation after degeneration = 476
# Set values of matrix and right hand side vector. ( 5896 sec )
# Numerical factorization phase of matrix solver for boundary plane. Polarization : 1 Plane : 1. ( 5896 sec )
# Solve phase of matrix solver for boundary plane. Polarization : 1 Plane : 1. ( 5896 sec )
#------------------------------------------------------------------------------
# Set values of matrix and right hand side vector. ( 5896 sec )
# Numerical factorization phase of matrix solver for 3D forward calculation. Polarization : 1.( 5898 sec )
# Solve phase of matrix solver for 3D forward calculation. Polarization : 1.( 5931 sec )
# Calulate right-hand sides vectors consisting of interpolator vectors.( 5932 sec )
# Solve phase of matrix solver for right-hand sides consisting of interpolator vectors.( 5934 sec )
# Solve phase is performed simultaneously for 312 right-hand sides( 5934 sec )
# Calculate derivatives of EM field.( 5951 sec )
#==============================================================================
# Calculate response functions. ( 5978 sec )
# Calculate sensitivity matrix of frequency 630.95[Hz].( 5978 sec )
# Sensitivity matrix of frequency 630.95[Hz] is saved in the out-of-core file sensMatFreq21.
#==============================================================================
#================================================================================================
# Start forward calculation. Frequency : 1000 [Hz], Polarization : Ex-polarization
#================================================================================================
# Start 3D forward calculation with 0th order 3D edge-based element.( 5979 sec )
# Number of equation = 475883, Number of equation after degeneration = 473549
# Calculating EM field of the boundary planes with 2D forward analysis.        
#-----------------------------[ Boundary Plane 2 ]-----------------------------
# Calculate electric field on a boundary plane with 0th order edge-based element.
# Number of equation = 514, Number of equation after degeneration = 470
# Set values of matrix and right hand side vector. ( 5979 sec )
# Numerical factorization phase of matrix solver for boundary plane. Polarization : 0 Plane : 2. ( 5979 sec )
# Solve phase of matrix solver for boundary plane. Polarization : 0 Plane : 2. ( 5979 sec )
#-----------------------------[ Boundary Plane 3 ]-----------------------------
# Calculate electric field on a boundary plane with 0th order edge-based element.
# Number of equation = 514, Number of equation after degeneration = 470
# Set values of matrix and right hand side vector. ( 5979 sec )
# Numerical factorization phase of matrix solver for boundary plane. Polarization : 0 Plane : 3. ( 5979 sec )
# Solve phase of matrix solver for boundary plane. Polarization : 0 Plane : 3. ( 5979 sec )
#------------------------------------------------------------------------------
# Set values of matrix and right hand side vector. ( 5979 sec )
# Numerical factorization phase of matrix solver for 3D forward calculation. Polarization : 0.( 5982 sec )
# Solve phase of matrix solver for 3D forward calculation. Polarization : 0.( 6015 sec )
# Calulate right-hand sides vectors consisting of interpolator vectors.( 6015 sec )
# Solve phase of matrix solver for right-hand sides consisting of interpolator vectors.( 6017 sec )
# Solve phase is performed simultaneously for 260 right-hand sides( 6017 sec )
# Calculate derivatives of EM field.( 6030 sec )
#================================================================================================
# Start forward calculation. Frequency : 1000 [Hz], Polarization : Ey-polarization
#================================================================================================
# Start 3D forward calculation with 0th order 3D edge-based element.( 6059 sec )
# Number of equation = 475883, Number of equation after degeneration = 473549
# Calculating EM field of the boundary planes with 2D forward analysis.        
#-----------------------------[ Boundary Plane 0 ]-----------------------------
# Calculate electric field on a boundary plane with 0th order edge-based element.
# Number of equation = 520, Number of equation after degeneration = 476
# Set values of matrix and right hand side vector. ( 6059 sec )
# Numerical factorization phase of matrix solver for boundary plane. Polarization : 1 Plane : 0. ( 6059 sec )
# Solve phase of matrix solver for boundary plane. Polarization : 1 Plane : 0. ( 6059 sec )
#-----------------------------[ Boundary Plane 1 ]-----------------------------
# Calculate electric field on a boundary plane with 0th order edge-based element.
# Number of equation = 520, Number of equation after degeneration = 476
# Set values of matrix and right hand side vector. ( 6059 sec )
# Numerical factorization phase of matrix solver for boundary plane. Polarization : 1 Plane : 1. ( 6059 sec )
# Solve phase of matrix solver for boundary plane. Polarization : 1 Plane : 1. ( 6059 sec )
#------------------------------------------------------------------------------
# Set values of matrix and right hand side vector. ( 6059 sec )
# Numerical factorization phase of matrix solver for 3D forward calculation. Polarization : 1.( 6062 sec )
# Solve phase of matrix solver for 3D forward calculation. Polarization : 1.( 6095 sec )
# Calulate right-hand sides vectors consisting of interpolator vectors.( 6095 sec )
# Solve phase of matrix solver for right-hand sides consisting of interpolator vectors.( 6097 sec )
# Solve phase is performed simultaneously for 260 right-hand sides( 6097 sec )
# Calculate derivatives of EM field.( 6110 sec )
#==============================================================================
# Calculate response functions. ( 6140 sec )
# Calculate sensitivity matrix of frequency 1000[Hz].( 6140 sec )
# Sensitivity matrix of frequency 1000[Hz] is saved in the out-of-core file sensMatFreq22.
#==============================================================================
# Release memory of coefficient matrix and sparse solver. ( 6140 sec )
###############################################################################
# Start Inversion.  Iteration : 8
###############################################################################
# Number of model : 54779
# Number of frequencies of this PE : 3
# Calculate constraining matrix. ( 6144 sec )
# Analyse constraining matrix.( 6144 sec )
# Analyse transposed constraining matrix.( 6145 sec )
# Factorize constraining matrix.( 6145 sec )
# Factorize transposed constraining matrix.( 6145 sec )
# Number of data of this PE : 1508
# Read sensitivity matrix from sensMatFreq20.( 6145 sec )
# Multiply transposed sensitivity matrix by inverse of transposed constraining matrix. ( 6149 sec )
# Solve phase is performed simultaneously for 524 right-hand sides( 6149 sec )
# Read sensitivity matrix from sensMatFreq21.( 6151 sec )
# Multiply transposed sensitivity matrix by inverse of transposed constraining matrix. ( 6153 sec )
# Solve phase is performed simultaneously for 536 right-hand sides( 6153 sec )
# Read sensitivity matrix from sensMatFreq22.( 6155 sec )
# Multiply transposed sensitivity matrix by inverse of transposed constraining matrix. ( 6156 sec )
# Solve phase is performed simultaneously for 448 right-hand sides( 6156 sec )
# Calculate right-hand side vector. ( 6158 sec )
# Read sensitivity matrix from sensMatFreq20.( 6158 sec )
# Read sensitivity matrix from sensMatFreq21.( 6158 sec )
# Read sensitivity matrix from sensMatFreq22.( 6158 sec )
# Read sensitivity matrix from sensMatFreq20.( 6211 sec )
# Read sensitivity matrix from sensMatFreq21.( 6211 sec )
# Read sensitivity matrix from sensMatFreq22.( 6211 sec )
# Calculate model increments. ( 6211 sec )
###############################################################################
# Start Forward Computation.  Iteration : 9,  Retrial : 0
###############################################################################
#================================================================================================
# Start forward calculation. Frequency : 398.1 [Hz], Polarization : Ex-polarization
#================================================================================================
# Start 3D forward calculation with 0th order 3D edge-based element.( 6212 sec )
# Number of equation = 475883, Number of equation after degeneration = 473549
# Calculating EM field of the boundary planes with 2D forward analysis.        
#-----------------------------[ Boundary Plane 2 ]-----------------------------
# Calculate electric field on a boundary plane with 0th order edge-based element.
# Number of equation = 514, Number of equation after degeneration = 470
# Set values of matrix and right hand side vector. ( 6212 sec )
# Numerical factorization phase of matrix solver for boundary plane. Polarization : 0 Plane : 2. ( 6212 sec )
# Solve phase of matrix solver for boundary plane. Polarization : 0 Plane : 2. ( 6212 sec )
#-----------------------------[ Boundary Plane 3 ]-----------------------------
# Calculate electric field on a boundary plane with 0th order edge-based element.
# Number of equation = 514, Number of equation after degeneration = 470
# Set values of matrix and right hand side vector. ( 6212 sec )
# Numerical factorization phase of matrix solver for boundary plane. Polarization : 0 Plane : 3. ( 6212 sec )
# Solve phase of matrix solver for boundary plane. Polarization : 0 Plane : 3. ( 6212 sec )
#------------------------------------------------------------------------------
# Set matrix structure. ( 6212 sec )
# Anaysis phase of matrix solver for 3D forward calculation. Polarization : 0. ( 6216 sec )
#++++++++++++++++++++++++++++++++++++++++++++++++++++++++++++++++++++++++++++++++++++++++++++++++
# Total peak memory required during the analysis and symbolic factorization phase    : 578113 [KByte]
# Permanent memory required from the analysis phase to the solve phases              : 482880 [KByte]
# Total memory consumed by in-core forward solver for internal float point arrays    : 4.12072e+06 [KByte]
# Minimum memory consumed by out-core forward solver for internal float point arrays : 68229 [KByte]
#++++++++++++++++++++++++++++++++++++++++++++++++++++++++++++++++++++++++++++++++++++++++++++++++
# Set values of matrix and right hand side vector. ( 6220 sec )
# Numerical factorization phase of matrix solver for 3D forward calculation. Polarization : 0.( 6222 sec )
# Solve phase of matrix solver for 3D forward calculation. Polarization : 0.( 6256 sec )
# Calulate right-hand sides vectors consisting of interpolator vectors.( 6256 sec )
# Solve phase of matrix solver for right-hand sides consisting of interpolator vectors.( 6258 sec )
# Solve phase is performed simultaneously for 305 right-hand sides( 6258 sec )
# Calculate derivatives of EM field.( 6274 sec )
#================================================================================================
# Start forward calculation. Frequency : 398.1 [Hz], Polarization : Ey-polarization
#================================================================================================
# Start 3D forward calculation with 0th order 3D edge-based element.( 6304 sec )
# Number of equation = 475883, Number of equation after degeneration = 473549
# Calculating EM field of the boundary planes with 2D forward analysis.        
#-----------------------------[ Boundary Plane 0 ]-----------------------------
# Calculate electric field on a boundary plane with 0th order edge-based element.
# Number of equation = 520, Number of equation after degeneration = 476
# Set values of matrix and right hand side vector. ( 6304 sec )
# Numerical factorization phase of matrix solver for boundary plane. Polarization : 1 Plane : 0. ( 6304 sec )
# Solve phase of matrix solver for boundary plane. Polarization : 1 Plane : 0. ( 6304 sec )
#-----------------------------[ Boundary Plane 1 ]-----------------------------
# Calculate electric field on a boundary plane with 0th order edge-based element.
# Number of equation = 520, Number of equation after degeneration = 476
# Set values of matrix and right hand side vector. ( 6304 sec )
# Numerical factorization phase of matrix solver for boundary plane. Polarization : 1 Plane : 1. ( 6304 sec )
# Solve phase of matrix solver for boundary plane. Polarization : 1 Plane : 1. ( 6304 sec )
#------------------------------------------------------------------------------
# Set values of matrix and right hand side vector. ( 6304 sec )
# Numerical factorization phase of matrix solver for 3D forward calculation. Polarization : 1.( 6307 sec )
# Solve phase of matrix solver for 3D forward calculation. Polarization : 1.( 6340 sec )
# Calulate right-hand sides vectors consisting of interpolator vectors.( 6340 sec )
# Solve phase of matrix solver for right-hand sides consisting of interpolator vectors.( 6342 sec )
# Solve phase is performed simultaneously for 305 right-hand sides( 6342 sec )
# Calculate derivatives of EM field.( 6358 sec )
#==============================================================================
# Calculate response functions. ( 6388 sec )
# Calculate sensitivity matrix of frequency 398.1[Hz].( 6388 sec )
# Sensitivity matrix of frequency 398.1[Hz] is saved in the out-of-core file sensMatFreq20.
#==============================================================================
#================================================================================================
# Start forward calculation. Frequency : 630.95 [Hz], Polarization : Ex-polarization
#================================================================================================
# Start 3D forward calculation with 0th order 3D edge-based element.( 6389 sec )
# Number of equation = 475883, Number of equation after degeneration = 473549
# Calculating EM field of the boundary planes with 2D forward analysis.        
#-----------------------------[ Boundary Plane 2 ]-----------------------------
# Calculate electric field on a boundary plane with 0th order edge-based element.
# Number of equation = 514, Number of equation after degeneration = 470
# Set values of matrix and right hand side vector. ( 6389 sec )
# Numerical factorization phase of matrix solver for boundary plane. Polarization : 0 Plane : 2. ( 6389 sec )
# Solve phase of matrix solver for boundary plane. Polarization : 0 Plane : 2. ( 6389 sec )
#-----------------------------[ Boundary Plane 3 ]-----------------------------
# Calculate electric field on a boundary plane with 0th order edge-based element.
# Number of equation = 514, Number of equation after degeneration = 470
# Set values of matrix and right hand side vector. ( 6389 sec )
# Numerical factorization phase of matrix solver for boundary plane. Polarization : 0 Plane : 3. ( 6389 sec )
# Solve phase of matrix solver for boundary plane. Polarization : 0 Plane : 3. ( 6389 sec )
#------------------------------------------------------------------------------
# Set values of matrix and right hand side vector. ( 6389 sec )
# Numerical factorization phase of matrix solver for 3D forward calculation. Polarization : 0.( 6392 sec )
# Solve phase of matrix solver for 3D forward calculation. Polarization : 0.( 6425 sec )
# Calulate right-hand sides vectors consisting of interpolator vectors.( 6426 sec )
# Solve phase of matrix solver for right-hand sides consisting of interpolator vectors.( 6427 sec )
# Solve phase is performed simultaneously for 312 right-hand sides( 6427 sec )
# Calculate derivatives of EM field.( 6446 sec )
#================================================================================================
# Start forward calculation. Frequency : 630.95 [Hz], Polarization : Ey-polarization
#================================================================================================
# Start 3D forward calculation with 0th order 3D edge-based element.( 6473 sec )
# Number of equation = 475883, Number of equation after degeneration = 473549
# Calculating EM field of the boundary planes with 2D forward analysis.        
#-----------------------------[ Boundary Plane 0 ]-----------------------------
# Calculate electric field on a boundary plane with 0th order edge-based element.
# Number of equation = 520, Number of equation after degeneration = 476
# Set values of matrix and right hand side vector. ( 6473 sec )
# Numerical factorization phase of matrix solver for boundary plane. Polarization : 1 Plane : 0. ( 6473 sec )
# Solve phase of matrix solver for boundary plane. Polarization : 1 Plane : 0. ( 6473 sec )
#-----------------------------[ Boundary Plane 1 ]-----------------------------
# Calculate electric field on a boundary plane with 0th order edge-based element.
# Number of equation = 520, Number of equation after degeneration = 476
# Set values of matrix and right hand side vector. ( 6473 sec )
# Numerical factorization phase of matrix solver for boundary plane. Polarization : 1 Plane : 1. ( 6473 sec )
# Solve phase of matrix solver for boundary plane. Polarization : 1 Plane : 1. ( 6473 sec )
#------------------------------------------------------------------------------
# Set values of matrix and right hand side vector. ( 6473 sec )
# Numerical factorization phase of matrix solver for 3D forward calculation. Polarization : 1.( 6476 sec )
# Solve phase of matrix solver for 3D forward calculation. Polarization : 1.( 6509 sec )
# Calulate right-hand sides vectors consisting of interpolator vectors.( 6509 sec )
# Solve phase of matrix solver for right-hand sides consisting of interpolator vectors.( 6511 sec )
# Solve phase is performed simultaneously for 312 right-hand sides( 6511 sec )
# Calculate derivatives of EM field.( 6528 sec )
#==============================================================================
# Calculate response functions. ( 6555 sec )
# Calculate sensitivity matrix of frequency 630.95[Hz].( 6555 sec )
# Sensitivity matrix of frequency 630.95[Hz] is saved in the out-of-core file sensMatFreq21.
#==============================================================================
#================================================================================================
# Start forward calculation. Frequency : 1000 [Hz], Polarization : Ex-polarization
#================================================================================================
# Start 3D forward calculation with 0th order 3D edge-based element.( 6556 sec )
# Number of equation = 475883, Number of equation after degeneration = 473549
# Calculating EM field of the boundary planes with 2D forward analysis.        
#-----------------------------[ Boundary Plane 2 ]-----------------------------
# Calculate electric field on a boundary plane with 0th order edge-based element.
# Number of equation = 514, Number of equation after degeneration = 470
# Set values of matrix and right hand side vector. ( 6556 sec )
# Numerical factorization phase of matrix solver for boundary plane. Polarization : 0 Plane : 2. ( 6556 sec )
# Solve phase of matrix solver for boundary plane. Polarization : 0 Plane : 2. ( 6556 sec )
#-----------------------------[ Boundary Plane 3 ]-----------------------------
# Calculate electric field on a boundary plane with 0th order edge-based element.
# Number of equation = 514, Number of equation after degeneration = 470
# Set values of matrix and right hand side vector. ( 6556 sec )
# Numerical factorization phase of matrix solver for boundary plane. Polarization : 0 Plane : 3. ( 6556 sec )
# Solve phase of matrix solver for boundary plane. Polarization : 0 Plane : 3. ( 6556 sec )
#------------------------------------------------------------------------------
# Set values of matrix and right hand side vector. ( 6556 sec )
# Numerical factorization phase of matrix solver for 3D forward calculation. Polarization : 0.( 6559 sec )
# Solve phase of matrix solver for 3D forward calculation. Polarization : 0.( 6592 sec )
# Calulate right-hand sides vectors consisting of interpolator vectors.( 6592 sec )
# Solve phase of matrix solver for right-hand sides consisting of interpolator vectors.( 6593 sec )
# Solve phase is performed simultaneously for 260 right-hand sides( 6593 sec )
# Calculate derivatives of EM field.( 6607 sec )
#================================================================================================
# Start forward calculation. Frequency : 1000 [Hz], Polarization : Ey-polarization
#================================================================================================
# Start 3D forward calculation with 0th order 3D edge-based element.( 6636 sec )
# Number of equation = 475883, Number of equation after degeneration = 473549
# Calculating EM field of the boundary planes with 2D forward analysis.        
#-----------------------------[ Boundary Plane 0 ]-----------------------------
# Calculate electric field on a boundary plane with 0th order edge-based element.
# Number of equation = 520, Number of equation after degeneration = 476
# Set values of matrix and right hand side vector. ( 6636 sec )
# Numerical factorization phase of matrix solver for boundary plane. Polarization : 1 Plane : 0. ( 6636 sec )
# Solve phase of matrix solver for boundary plane. Polarization : 1 Plane : 0. ( 6636 sec )
#-----------------------------[ Boundary Plane 1 ]-----------------------------
# Calculate electric field on a boundary plane with 0th order edge-based element.
# Number of equation = 520, Number of equation after degeneration = 476
# Set values of matrix and right hand side vector. ( 6636 sec )
# Numerical factorization phase of matrix solver for boundary plane. Polarization : 1 Plane : 1. ( 6636 sec )
# Solve phase of matrix solver for boundary plane. Polarization : 1 Plane : 1. ( 6636 sec )
#------------------------------------------------------------------------------
# Set values of matrix and right hand side vector. ( 6636 sec )
# Numerical factorization phase of matrix solver for 3D forward calculation. Polarization : 1.( 6638 sec )
# Solve phase of matrix solver for 3D forward calculation. Polarization : 1.( 6671 sec )
# Calulate right-hand sides vectors consisting of interpolator vectors.( 6671 sec )
# Solve phase of matrix solver for right-hand sides consisting of interpolator vectors.( 6673 sec )
# Solve phase is performed simultaneously for 260 right-hand sides( 6673 sec )
# Calculate derivatives of EM field.( 6686 sec )
#==============================================================================
# Calculate response functions. ( 6715 sec )
# Calculate sensitivity matrix of frequency 1000[Hz].( 6715 sec )
# Sensitivity matrix of frequency 1000[Hz] is saved in the out-of-core file sensMatFreq22.
#==============================================================================
# Release memory of coefficient matrix and sparse solver. ( 6716 sec )
###############################################################################
# Start Inversion.  Iteration : 9
###############################################################################
# Number of model : 54779
# Number of frequencies of this PE : 3
# Calculate constraining matrix. ( 6720 sec )
# Analyse constraining matrix.( 6720 sec )
# Analyse transposed constraining matrix.( 6720 sec )
# Factorize constraining matrix.( 6720 sec )
# Factorize transposed constraining matrix.( 6720 sec )
# Number of data of this PE : 1508
# Read sensitivity matrix from sensMatFreq20.( 6720 sec )
# Multiply transposed sensitivity matrix by inverse of transposed constraining matrix. ( 6724 sec )
# Solve phase is performed simultaneously for 524 right-hand sides( 6724 sec )
# Read sensitivity matrix from sensMatFreq21.( 6725 sec )
# Multiply transposed sensitivity matrix by inverse of transposed constraining matrix. ( 6728 sec )
# Solve phase is performed simultaneously for 536 right-hand sides( 6728 sec )
# Read sensitivity matrix from sensMatFreq22.( 6730 sec )
# Multiply transposed sensitivity matrix by inverse of transposed constraining matrix. ( 6731 sec )
# Solve phase is performed simultaneously for 448 right-hand sides( 6731 sec )
# Calculate right-hand side vector. ( 6733 sec )
# Read sensitivity matrix from sensMatFreq20.( 6733 sec )
# Read sensitivity matrix from sensMatFreq21.( 6733 sec )
# Read sensitivity matrix from sensMatFreq22.( 6733 sec )
# Read sensitivity matrix from sensMatFreq20.( 6785 sec )
# Read sensitivity matrix from sensMatFreq21.( 6785 sec )
# Read sensitivity matrix from sensMatFreq22.( 6785 sec )
# Calculate model increments. ( 6785 sec )
###############################################################################
# Start Forward Computation.  Iteration : 10,  Retrial : 0
###############################################################################
#================================================================================================
# Start forward calculation. Frequency : 398.1 [Hz], Polarization : Ex-polarization
#================================================================================================
# Start 3D forward calculation with 0th order 3D edge-based element.( 6786 sec )
# Number of equation = 475883, Number of equation after degeneration = 473549
# Calculating EM field of the boundary planes with 2D forward analysis.        
#-----------------------------[ Boundary Plane 2 ]-----------------------------
# Calculate electric field on a boundary plane with 0th order edge-based element.
# Number of equation = 514, Number of equation after degeneration = 470
# Set values of matrix and right hand side vector. ( 6786 sec )
# Numerical factorization phase of matrix solver for boundary plane. Polarization : 0 Plane : 2. ( 6786 sec )
# Solve phase of matrix solver for boundary plane. Polarization : 0 Plane : 2. ( 6786 sec )
#-----------------------------[ Boundary Plane 3 ]-----------------------------
# Calculate electric field on a boundary plane with 0th order edge-based element.
# Number of equation = 514, Number of equation after degeneration = 470
# Set values of matrix and right hand side vector. ( 6786 sec )
# Numerical factorization phase of matrix solver for boundary plane. Polarization : 0 Plane : 3. ( 6786 sec )
# Solve phase of matrix solver for boundary plane. Polarization : 0 Plane : 3. ( 6786 sec )
#------------------------------------------------------------------------------
# Set matrix structure. ( 6786 sec )
# Anaysis phase of matrix solver for 3D forward calculation. Polarization : 0. ( 6790 sec )
#++++++++++++++++++++++++++++++++++++++++++++++++++++++++++++++++++++++++++++++++++++++++++++++++
# Total peak memory required during the analysis and symbolic factorization phase    : 577394 [KByte]
# Permanent memory required from the analysis phase to the solve phases              : 482321 [KByte]
# Total memory consumed by in-core forward solver for internal float point arrays    : 4.1237e+06 [KByte]
# Minimum memory consumed by out-core forward solver for internal float point arrays : 68630 [KByte]
#++++++++++++++++++++++++++++++++++++++++++++++++++++++++++++++++++++++++++++++++++++++++++++++++
# Set values of matrix and right hand side vector. ( 6793 sec )
# Numerical factorization phase of matrix solver for 3D forward calculation. Polarization : 0.( 6796 sec )
# Solve phase of matrix solver for 3D forward calculation. Polarization : 0.( 6829 sec )
# Calulate right-hand sides vectors consisting of interpolator vectors.( 6830 sec )
# Solve phase of matrix solver for right-hand sides consisting of interpolator vectors.( 6831 sec )
# Solve phase is performed simultaneously for 305 right-hand sides( 6831 sec )
# Calculate derivatives of EM field.( 6847 sec )
#================================================================================================
# Start forward calculation. Frequency : 398.1 [Hz], Polarization : Ey-polarization
#================================================================================================
# Start 3D forward calculation with 0th order 3D edge-based element.( 6878 sec )
# Number of equation = 475883, Number of equation after degeneration = 473549
# Calculating EM field of the boundary planes with 2D forward analysis.        
#-----------------------------[ Boundary Plane 0 ]-----------------------------
# Calculate electric field on a boundary plane with 0th order edge-based element.
# Number of equation = 520, Number of equation after degeneration = 476
# Set values of matrix and right hand side vector. ( 6878 sec )
# Numerical factorization phase of matrix solver for boundary plane. Polarization : 1 Plane : 0. ( 6878 sec )
# Solve phase of matrix solver for boundary plane. Polarization : 1 Plane : 0. ( 6878 sec )
#-----------------------------[ Boundary Plane 1 ]-----------------------------
# Calculate electric field on a boundary plane with 0th order edge-based element.
# Number of equation = 520, Number of equation after degeneration = 476
# Set values of matrix and right hand side vector. ( 6878 sec )
# Numerical factorization phase of matrix solver for boundary plane. Polarization : 1 Plane : 1. ( 6878 sec )
# Solve phase of matrix solver for boundary plane. Polarization : 1 Plane : 1. ( 6878 sec )
#------------------------------------------------------------------------------
# Set values of matrix and right hand side vector. ( 6878 sec )
# Numerical factorization phase of matrix solver for 3D forward calculation. Polarization : 1.( 6880 sec )
# Solve phase of matrix solver for 3D forward calculation. Polarization : 1.( 6913 sec )
# Calulate right-hand sides vectors consisting of interpolator vectors.( 6914 sec )
# Solve phase of matrix solver for right-hand sides consisting of interpolator vectors.( 6916 sec )
# Solve phase is performed simultaneously for 305 right-hand sides( 6916 sec )
# Calculate derivatives of EM field.( 6932 sec )
#==============================================================================
# Calculate response functions. ( 6961 sec )
# Calculate sensitivity matrix of frequency 398.1[Hz].( 6961 sec )
# Sensitivity matrix of frequency 398.1[Hz] is saved in the out-of-core file sensMatFreq20.
#==============================================================================
#================================================================================================
# Start forward calculation. Frequency : 630.95 [Hz], Polarization : Ex-polarization
#================================================================================================
# Start 3D forward calculation with 0th order 3D edge-based element.( 6962 sec )
# Number of equation = 475883, Number of equation after degeneration = 473549
# Calculating EM field of the boundary planes with 2D forward analysis.        
#-----------------------------[ Boundary Plane 2 ]-----------------------------
# Calculate electric field on a boundary plane with 0th order edge-based element.
# Number of equation = 514, Number of equation after degeneration = 470
# Set values of matrix and right hand side vector. ( 6962 sec )
# Numerical factorization phase of matrix solver for boundary plane. Polarization : 0 Plane : 2. ( 6962 sec )
# Solve phase of matrix solver for boundary plane. Polarization : 0 Plane : 2. ( 6962 sec )
#-----------------------------[ Boundary Plane 3 ]-----------------------------
# Calculate electric field on a boundary plane with 0th order edge-based element.
# Number of equation = 514, Number of equation after degeneration = 470
# Set values of matrix and right hand side vector. ( 6962 sec )
# Numerical factorization phase of matrix solver for boundary plane. Polarization : 0 Plane : 3. ( 6962 sec )
# Solve phase of matrix solver for boundary plane. Polarization : 0 Plane : 3. ( 6962 sec )
#------------------------------------------------------------------------------
# Set values of matrix and right hand side vector. ( 6962 sec )
# Numerical factorization phase of matrix solver for 3D forward calculation. Polarization : 0.( 6965 sec )
# Solve phase of matrix solver for 3D forward calculation. Polarization : 0.( 6998 sec )
# Calulate right-hand sides vectors consisting of interpolator vectors.( 6999 sec )
# Solve phase of matrix solver for right-hand sides consisting of interpolator vectors.( 7000 sec )
# Solve phase is performed simultaneously for 312 right-hand sides( 7000 sec )
# Calculate derivatives of EM field.( 7019 sec )
#================================================================================================
# Start forward calculation. Frequency : 630.95 [Hz], Polarization : Ey-polarization
#================================================================================================
# Start 3D forward calculation with 0th order 3D edge-based element.( 7046 sec )
# Number of equation = 475883, Number of equation after degeneration = 473549
# Calculating EM field of the boundary planes with 2D forward analysis.        
#-----------------------------[ Boundary Plane 0 ]-----------------------------
# Calculate electric field on a boundary plane with 0th order edge-based element.
# Number of equation = 520, Number of equation after degeneration = 476
# Set values of matrix and right hand side vector. ( 7046 sec )
# Numerical factorization phase of matrix solver for boundary plane. Polarization : 1 Plane : 0. ( 7046 sec )
# Solve phase of matrix solver for boundary plane. Polarization : 1 Plane : 0. ( 7046 sec )
#-----------------------------[ Boundary Plane 1 ]-----------------------------
# Calculate electric field on a boundary plane with 0th order edge-based element.
# Number of equation = 520, Number of equation after degeneration = 476
# Set values of matrix and right hand side vector. ( 7046 sec )
# Numerical factorization phase of matrix solver for boundary plane. Polarization : 1 Plane : 1. ( 7046 sec )
# Solve phase of matrix solver for boundary plane. Polarization : 1 Plane : 1. ( 7046 sec )
#------------------------------------------------------------------------------
# Set values of matrix and right hand side vector. ( 7046 sec )
# Numerical factorization phase of matrix solver for 3D forward calculation. Polarization : 1.( 7049 sec )
# Solve phase of matrix solver for 3D forward calculation. Polarization : 1.( 7082 sec )
# Calulate right-hand sides vectors consisting of interpolator vectors.( 7082 sec )
# Solve phase of matrix solver for right-hand sides consisting of interpolator vectors.( 7084 sec )
# Solve phase is performed simultaneously for 312 right-hand sides( 7084 sec )
# Calculate derivatives of EM field.( 7102 sec )
#==============================================================================
# Calculate response functions. ( 7129 sec )
# Calculate sensitivity matrix of frequency 630.95[Hz].( 7129 sec )
# Sensitivity matrix of frequency 630.95[Hz] is saved in the out-of-core file sensMatFreq21.
#==============================================================================
#================================================================================================
# Start forward calculation. Frequency : 1000 [Hz], Polarization : Ex-polarization
#================================================================================================
# Start 3D forward calculation with 0th order 3D edge-based element.( 7130 sec )
# Number of equation = 475883, Number of equation after degeneration = 473549
# Calculating EM field of the boundary planes with 2D forward analysis.        
#-----------------------------[ Boundary Plane 2 ]-----------------------------
# Calculate electric field on a boundary plane with 0th order edge-based element.
# Number of equation = 514, Number of equation after degeneration = 470
# Set values of matrix and right hand side vector. ( 7130 sec )
# Numerical factorization phase of matrix solver for boundary plane. Polarization : 0 Plane : 2. ( 7130 sec )
# Solve phase of matrix solver for boundary plane. Polarization : 0 Plane : 2. ( 7130 sec )
#-----------------------------[ Boundary Plane 3 ]-----------------------------
# Calculate electric field on a boundary plane with 0th order edge-based element.
# Number of equation = 514, Number of equation after degeneration = 470
# Set values of matrix and right hand side vector. ( 7130 sec )
# Numerical factorization phase of matrix solver for boundary plane. Polarization : 0 Plane : 3. ( 7130 sec )
# Solve phase of matrix solver for boundary plane. Polarization : 0 Plane : 3. ( 7130 sec )
#------------------------------------------------------------------------------
# Set values of matrix and right hand side vector. ( 7130 sec )
# Numerical factorization phase of matrix solver for 3D forward calculation. Polarization : 0.( 7133 sec )
# Solve phase of matrix solver for 3D forward calculation. Polarization : 0.( 7166 sec )
# Calulate right-hand sides vectors consisting of interpolator vectors.( 7166 sec )
# Solve phase of matrix solver for right-hand sides consisting of interpolator vectors.( 7168 sec )
# Solve phase is performed simultaneously for 260 right-hand sides( 7168 sec )
# Calculate derivatives of EM field.( 7181 sec )
#================================================================================================
# Start forward calculation. Frequency : 1000 [Hz], Polarization : Ey-polarization
#================================================================================================
# Start 3D forward calculation with 0th order 3D edge-based element.( 7211 sec )
# Number of equation = 475883, Number of equation after degeneration = 473549
# Calculating EM field of the boundary planes with 2D forward analysis.        
#-----------------------------[ Boundary Plane 0 ]-----------------------------
# Calculate electric field on a boundary plane with 0th order edge-based element.
# Number of equation = 520, Number of equation after degeneration = 476
# Set values of matrix and right hand side vector. ( 7211 sec )
# Numerical factorization phase of matrix solver for boundary plane. Polarization : 1 Plane : 0. ( 7211 sec )
# Solve phase of matrix solver for boundary plane. Polarization : 1 Plane : 0. ( 7211 sec )
#-----------------------------[ Boundary Plane 1 ]-----------------------------
# Calculate electric field on a boundary plane with 0th order edge-based element.
# Number of equation = 520, Number of equation after degeneration = 476
# Set values of matrix and right hand side vector. ( 7211 sec )
# Numerical factorization phase of matrix solver for boundary plane. Polarization : 1 Plane : 1. ( 7211 sec )
# Solve phase of matrix solver for boundary plane. Polarization : 1 Plane : 1. ( 7211 sec )
#------------------------------------------------------------------------------
# Set values of matrix and right hand side vector. ( 7211 sec )
# Numerical factorization phase of matrix solver for 3D forward calculation. Polarization : 1.( 7214 sec )
# Solve phase of matrix solver for 3D forward calculation. Polarization : 1.( 7247 sec )
# Calulate right-hand sides vectors consisting of interpolator vectors.( 7248 sec )
# Solve phase of matrix solver for right-hand sides consisting of interpolator vectors.( 7249 sec )
# Solve phase is performed simultaneously for 260 right-hand sides( 7249 sec )
# Calculate derivatives of EM field.( 7262 sec )
#==============================================================================
# Calculate response functions. ( 7292 sec )
# Calculate sensitivity matrix of frequency 1000[Hz].( 7292 sec )
# Sensitivity matrix of frequency 1000[Hz] is saved in the out-of-core file sensMatFreq22.
#==============================================================================
# Release memory of coefficient matrix and sparse solver. ( 7293 sec )
###############################################################################
# Start Inversion.  Iteration : 10
###############################################################################
# Number of model : 54779
# Number of frequencies of this PE : 3
# Calculate constraining matrix. ( 7297 sec )
# Analyse constraining matrix.( 7297 sec )
# Analyse transposed constraining matrix.( 7298 sec )
# Factorize constraining matrix.( 7298 sec )
# Factorize transposed constraining matrix.( 7298 sec )
# Number of data of this PE : 1508
# Read sensitivity matrix from sensMatFreq20.( 7298 sec )
# Multiply transposed sensitivity matrix by inverse of transposed constraining matrix. ( 7301 sec )
# Solve phase is performed simultaneously for 524 right-hand sides( 7301 sec )
# Read sensitivity matrix from sensMatFreq21.( 7303 sec )
# Multiply transposed sensitivity matrix by inverse of transposed constraining matrix. ( 7306 sec )
# Solve phase is performed simultaneously for 536 right-hand sides( 7306 sec )
# Read sensitivity matrix from sensMatFreq22.( 7308 sec )
# Multiply transposed sensitivity matrix by inverse of transposed constraining matrix. ( 7310 sec )
# Solve phase is performed simultaneously for 448 right-hand sides( 7310 sec )
# Calculate right-hand side vector. ( 7311 sec )
# Read sensitivity matrix from sensMatFreq20.( 7311 sec )
# Read sensitivity matrix from sensMatFreq21.( 7311 sec )
# Read sensitivity matrix from sensMatFreq22.( 7311 sec )
# Read sensitivity matrix from sensMatFreq20.( 7365 sec )
# Read sensitivity matrix from sensMatFreq21.( 7365 sec )
# Read sensitivity matrix from sensMatFreq22.( 7365 sec )
# Calculate model increments. ( 7366 sec )
###############################################################################
# Start Forward Computation.  Iteration : 11,  Retrial : 0
###############################################################################
#================================================================================================
# Start forward calculation. Frequency : 398.1 [Hz], Polarization : Ex-polarization
#================================================================================================
# Start 3D forward calculation with 0th order 3D edge-based element.( 7367 sec )
# Number of equation = 475883, Number of equation after degeneration = 473549
# Calculating EM field of the boundary planes with 2D forward analysis.        
#-----------------------------[ Boundary Plane 2 ]-----------------------------
# Calculate electric field on a boundary plane with 0th order edge-based element.
# Number of equation = 514, Number of equation after degeneration = 470
# Set values of matrix and right hand side vector. ( 7367 sec )
# Numerical factorization phase of matrix solver for boundary plane. Polarization : 0 Plane : 2. ( 7367 sec )
# Solve phase of matrix solver for boundary plane. Polarization : 0 Plane : 2. ( 7367 sec )
#-----------------------------[ Boundary Plane 3 ]-----------------------------
# Calculate electric field on a boundary plane with 0th order edge-based element.
# Number of equation = 514, Number of equation after degeneration = 470
# Set values of matrix and right hand side vector. ( 7367 sec )
# Numerical factorization phase of matrix solver for boundary plane. Polarization : 0 Plane : 3. ( 7367 sec )
# Solve phase of matrix solver for boundary plane. Polarization : 0 Plane : 3. ( 7367 sec )
#------------------------------------------------------------------------------
# Set matrix structure. ( 7367 sec )
# Anaysis phase of matrix solver for 3D forward calculation. Polarization : 0. ( 7371 sec )
#++++++++++++++++++++++++++++++++++++++++++++++++++++++++++++++++++++++++++++++++++++++++++++++++
# Total peak memory required during the analysis and symbolic factorization phase    : 576695 [KByte]
# Permanent memory required from the analysis phase to the solve phases              : 481832 [KByte]
# Total memory consumed by in-core forward solver for internal float point arrays    : 4.1211e+06 [KByte]
# Minimum memory consumed by out-core forward solver for internal float point arrays : 68914 [KByte]
#++++++++++++++++++++++++++++++++++++++++++++++++++++++++++++++++++++++++++++++++++++++++++++++++
# Set values of matrix and right hand side vector. ( 7374 sec )
# Numerical factorization phase of matrix solver for 3D forward calculation. Polarization : 0.( 7376 sec )
# Solve phase of matrix solver for 3D forward calculation. Polarization : 0.( 7410 sec )
# Calulate right-hand sides vectors consisting of interpolator vectors.( 7410 sec )
# Solve phase of matrix solver for right-hand sides consisting of interpolator vectors.( 7412 sec )
# Solve phase is performed simultaneously for 305 right-hand sides( 7412 sec )
# Calculate derivatives of EM field.( 7428 sec )
#================================================================================================
# Start forward calculation. Frequency : 398.1 [Hz], Polarization : Ey-polarization
#================================================================================================
# Start 3D forward calculation with 0th order 3D edge-based element.( 7458 sec )
# Number of equation = 475883, Number of equation after degeneration = 473549
# Calculating EM field of the boundary planes with 2D forward analysis.        
#-----------------------------[ Boundary Plane 0 ]-----------------------------
# Calculate electric field on a boundary plane with 0th order edge-based element.
# Number of equation = 520, Number of equation after degeneration = 476
# Set values of matrix and right hand side vector. ( 7458 sec )
# Numerical factorization phase of matrix solver for boundary plane. Polarization : 1 Plane : 0. ( 7458 sec )
# Solve phase of matrix solver for boundary plane. Polarization : 1 Plane : 0. ( 7458 sec )
#-----------------------------[ Boundary Plane 1 ]-----------------------------
# Calculate electric field on a boundary plane with 0th order edge-based element.
# Number of equation = 520, Number of equation after degeneration = 476
# Set values of matrix and right hand side vector. ( 7458 sec )
# Numerical factorization phase of matrix solver for boundary plane. Polarization : 1 Plane : 1. ( 7458 sec )
# Solve phase of matrix solver for boundary plane. Polarization : 1 Plane : 1. ( 7458 sec )
#------------------------------------------------------------------------------
# Set values of matrix and right hand side vector. ( 7458 sec )
# Numerical factorization phase of matrix solver for 3D forward calculation. Polarization : 1.( 7461 sec )
# Solve phase of matrix solver for 3D forward calculation. Polarization : 1.( 7494 sec )
# Calulate right-hand sides vectors consisting of interpolator vectors.( 7494 sec )
# Solve phase of matrix solver for right-hand sides consisting of interpolator vectors.( 7496 sec )
# Solve phase is performed simultaneously for 305 right-hand sides( 7496 sec )
# Calculate derivatives of EM field.( 7512 sec )
#==============================================================================
# Calculate response functions. ( 7542 sec )
# Calculate sensitivity matrix of frequency 398.1[Hz].( 7542 sec )
# Sensitivity matrix of frequency 398.1[Hz] is saved in the out-of-core file sensMatFreq20.
#==============================================================================
#================================================================================================
# Start forward calculation. Frequency : 630.95 [Hz], Polarization : Ex-polarization
#================================================================================================
# Start 3D forward calculation with 0th order 3D edge-based element.( 7545 sec )
# Number of equation = 475883, Number of equation after degeneration = 473549
# Calculating EM field of the boundary planes with 2D forward analysis.        
#-----------------------------[ Boundary Plane 2 ]-----------------------------
# Calculate electric field on a boundary plane with 0th order edge-based element.
# Number of equation = 514, Number of equation after degeneration = 470
# Set values of matrix and right hand side vector. ( 7545 sec )
# Numerical factorization phase of matrix solver for boundary plane. Polarization : 0 Plane : 2. ( 7545 sec )
# Solve phase of matrix solver for boundary plane. Polarization : 0 Plane : 2. ( 7545 sec )
#-----------------------------[ Boundary Plane 3 ]-----------------------------
# Calculate electric field on a boundary plane with 0th order edge-based element.
# Number of equation = 514, Number of equation after degeneration = 470
# Set values of matrix and right hand side vector. ( 7545 sec )
# Numerical factorization phase of matrix solver for boundary plane. Polarization : 0 Plane : 3. ( 7545 sec )
# Solve phase of matrix solver for boundary plane. Polarization : 0 Plane : 3. ( 7545 sec )
#------------------------------------------------------------------------------
# Set values of matrix and right hand side vector. ( 7545 sec )
# Numerical factorization phase of matrix solver for 3D forward calculation. Polarization : 0.( 7547 sec )
# Solve phase of matrix solver for 3D forward calculation. Polarization : 0.( 7580 sec )
# Calulate right-hand sides vectors consisting of interpolator vectors.( 7580 sec )
# Solve phase of matrix solver for right-hand sides consisting of interpolator vectors.( 7582 sec )
# Solve phase is performed simultaneously for 312 right-hand sides( 7582 sec )
# Calculate derivatives of EM field.( 7600 sec )
#================================================================================================
# Start forward calculation. Frequency : 630.95 [Hz], Polarization : Ey-polarization
#================================================================================================
# Start 3D forward calculation with 0th order 3D edge-based element.( 7628 sec )
# Number of equation = 475883, Number of equation after degeneration = 473549
# Calculating EM field of the boundary planes with 2D forward analysis.        
#-----------------------------[ Boundary Plane 0 ]-----------------------------
# Calculate electric field on a boundary plane with 0th order edge-based element.
# Number of equation = 520, Number of equation after degeneration = 476
# Set values of matrix and right hand side vector. ( 7628 sec )
# Numerical factorization phase of matrix solver for boundary plane. Polarization : 1 Plane : 0. ( 7628 sec )
# Solve phase of matrix solver for boundary plane. Polarization : 1 Plane : 0. ( 7628 sec )
#-----------------------------[ Boundary Plane 1 ]-----------------------------
# Calculate electric field on a boundary plane with 0th order edge-based element.
# Number of equation = 520, Number of equation after degeneration = 476
# Set values of matrix and right hand side vector. ( 7628 sec )
# Numerical factorization phase of matrix solver for boundary plane. Polarization : 1 Plane : 1. ( 7628 sec )
# Solve phase of matrix solver for boundary plane. Polarization : 1 Plane : 1. ( 7628 sec )
#------------------------------------------------------------------------------
# Set values of matrix and right hand side vector. ( 7628 sec )
# Numerical factorization phase of matrix solver for 3D forward calculation. Polarization : 1.( 7630 sec )
# Solve phase of matrix solver for 3D forward calculation. Polarization : 1.( 7663 sec )
# Calulate right-hand sides vectors consisting of interpolator vectors.( 7663 sec )
# Solve phase of matrix solver for right-hand sides consisting of interpolator vectors.( 7665 sec )
# Solve phase is performed simultaneously for 312 right-hand sides( 7665 sec )
# Calculate derivatives of EM field.( 7683 sec )
#==============================================================================
# Calculate response functions. ( 7710 sec )
# Calculate sensitivity matrix of frequency 630.95[Hz].( 7710 sec )
# Sensitivity matrix of frequency 630.95[Hz] is saved in the out-of-core file sensMatFreq21.
#==============================================================================
#================================================================================================
# Start forward calculation. Frequency : 1000 [Hz], Polarization : Ex-polarization
#================================================================================================
# Start 3D forward calculation with 0th order 3D edge-based element.( 7711 sec )
# Number of equation = 475883, Number of equation after degeneration = 473549
# Calculating EM field of the boundary planes with 2D forward analysis.        
#-----------------------------[ Boundary Plane 2 ]-----------------------------
# Calculate electric field on a boundary plane with 0th order edge-based element.
# Number of equation = 514, Number of equation after degeneration = 470
# Set values of matrix and right hand side vector. ( 7711 sec )
# Numerical factorization phase of matrix solver for boundary plane. Polarization : 0 Plane : 2. ( 7711 sec )
# Solve phase of matrix solver for boundary plane. Polarization : 0 Plane : 2. ( 7711 sec )
#-----------------------------[ Boundary Plane 3 ]-----------------------------
# Calculate electric field on a boundary plane with 0th order edge-based element.
# Number of equation = 514, Number of equation after degeneration = 470
# Set values of matrix and right hand side vector. ( 7711 sec )
# Numerical factorization phase of matrix solver for boundary plane. Polarization : 0 Plane : 3. ( 7711 sec )
# Solve phase of matrix solver for boundary plane. Polarization : 0 Plane : 3. ( 7711 sec )
#------------------------------------------------------------------------------
# Set values of matrix and right hand side vector. ( 7711 sec )
# Numerical factorization phase of matrix solver for 3D forward calculation. Polarization : 0.( 7714 sec )
# Solve phase of matrix solver for 3D forward calculation. Polarization : 0.( 7746 sec )
# Calulate right-hand sides vectors consisting of interpolator vectors.( 7747 sec )
# Solve phase of matrix solver for right-hand sides consisting of interpolator vectors.( 7748 sec )
# Solve phase is performed simultaneously for 260 right-hand sides( 7748 sec )
# Calculate derivatives of EM field.( 7762 sec )
#================================================================================================
# Start forward calculation. Frequency : 1000 [Hz], Polarization : Ey-polarization
#================================================================================================
# Start 3D forward calculation with 0th order 3D edge-based element.( 7792 sec )
# Number of equation = 475883, Number of equation after degeneration = 473549
# Calculating EM field of the boundary planes with 2D forward analysis.        
#-----------------------------[ Boundary Plane 0 ]-----------------------------
# Calculate electric field on a boundary plane with 0th order edge-based element.
# Number of equation = 520, Number of equation after degeneration = 476
# Set values of matrix and right hand side vector. ( 7792 sec )
# Numerical factorization phase of matrix solver for boundary plane. Polarization : 1 Plane : 0. ( 7792 sec )
# Solve phase of matrix solver for boundary plane. Polarization : 1 Plane : 0. ( 7792 sec )
#-----------------------------[ Boundary Plane 1 ]-----------------------------
# Calculate electric field on a boundary plane with 0th order edge-based element.
# Number of equation = 520, Number of equation after degeneration = 476
# Set values of matrix and right hand side vector. ( 7792 sec )
# Numerical factorization phase of matrix solver for boundary plane. Polarization : 1 Plane : 1. ( 7792 sec )
# Solve phase of matrix solver for boundary plane. Polarization : 1 Plane : 1. ( 7792 sec )
#------------------------------------------------------------------------------
# Set values of matrix and right hand side vector. ( 7792 sec )
# Numerical factorization phase of matrix solver for 3D forward calculation. Polarization : 1.( 7795 sec )
# Solve phase of matrix solver for 3D forward calculation. Polarization : 1.( 7828 sec )
# Calulate right-hand sides vectors consisting of interpolator vectors.( 7828 sec )
# Solve phase of matrix solver for right-hand sides consisting of interpolator vectors.( 7830 sec )
# Solve phase is performed simultaneously for 260 right-hand sides( 7830 sec )
# Calculate derivatives of EM field.( 7843 sec )
#==============================================================================
# Calculate response functions. ( 7873 sec )
# Calculate sensitivity matrix of frequency 1000[Hz].( 7873 sec )
# Sensitivity matrix of frequency 1000[Hz] is saved in the out-of-core file sensMatFreq22.
#==============================================================================
# Release memory of coefficient matrix and sparse solver. ( 7874 sec )
# Converged.
# End femtic ( 7878 sec )
