# Start femtic Linux Version 4.3.0 ( 0 sec )
# Read analysis control data from control.dat.( 0 sec )
#==============================================================================
# Summary of control data
#==============================================================================
# Condition of perfect electric conductor is specified at the bottom boundary.
# Type of mesh : Tetrahedron.
# Number of threads is specified to be 4 .
# In-core mode is used.
# Division number of right-hand sides at solve phase in forward calculation : 1
# Division number of right-hand sides at solve phase in inversion : 1
# Coefficient matrix of normal equation is assumed to be indefinite.
# Renumbering is not performed.
# Horizontal electric field is used for calculating response functions.
# EM field is interpolated from the values of the edges of the lower element.
# Release memory of coefficient matrix and sparse solver after forward calculation.
# Type of bound constraints method : Simple bound constraining
# Minimum distance to resistivity bounds in common logarithm scale : 0.01 .
# Bottom resistivity : 1000 [Ohm-m]
# Roughning factor at the bottom : 1
# Following variables are written to to ASCII file.
#  - Resistivity
#  - Sensitivity
#  - Sensitivity density
# Method of inversion : Gauss-newton method (Data space)
# Components of distortion matrices are estimated directly as model parameters.
# Roughening matrix is created using shared faces of elements.
# Trade-off parameter for resistivity value : 1.5 .
# Trade-off parameter for distortion strength : 0.1 .
# Weighting factor of alpha (X,Y,Z) = (1, 1, 1) .
# Factor of inverse distance weighting : 1.
# Initial iteration number : 0.
# Maximun iteration number : 15.
# Threshold value for determining if objective functional decrease : 0.001.
# Convergence criterion of inversion is that change ratios of objective function and its components are less than 0.2 [%] .
# Initial factor of step-length damping : 0.5.
# Minimum factor of step-length damping : 0.1.
# Maximum factor of step-length damping : 1.
# If residual increase, factor of step-length damping is muliplied by 0.5 times.
# If residual decrease 3 times in a row, factor of step-length damping is muliplied by 1.25 times.
# Maximum number of retrials : 2.
#==============================================================================
# Read mesh data from mesh.dat .( 0 sec )
# Read data of resisitivity block model .( 1 sec )
# Read observed data .( 2 sec )
# Number of the stations of the impedance tensor : 48
# Station ID     Station ID (Ref)  Owner Element  Electric field
# 1              1                 Lower          Horizontal
# 2              2                 Lower          Horizontal
# 3              3                 Lower          Horizontal
# 4              4                 Lower          Horizontal
# 5              5                 Lower          Horizontal
# 6              6                 Lower          Horizontal
# 7              7                 Lower          Horizontal
# 8              8                 Lower          Horizontal
# 9              9                 Lower          Horizontal
# 10             10                Lower          Horizontal
# 11             11                Lower          Horizontal
# 12             12                Lower          Horizontal
# 13             13                Lower          Horizontal
# 14             14                Lower          Horizontal
# 15             15                Lower          Horizontal
# 16             16                Lower          Horizontal
# 17             17                Lower          Horizontal
# 18             18                Lower          Horizontal
# 19             19                Lower          Horizontal
# 20             20                Lower          Horizontal
# 21             21                Lower          Horizontal
# 22             22                Lower          Horizontal
# 23             23                Lower          Horizontal
# 24             24                Lower          Horizontal
# 25             25                Lower          Horizontal
# 26             26                Lower          Horizontal
# 27             27                Lower          Horizontal
# 28             28                Lower          Horizontal
# 29             29                Lower          Horizontal
# 30             30                Lower          Horizontal
# 31             31                Lower          Horizontal
# 32             32                Lower          Horizontal
# 33             33                Lower          Horizontal
# 34             34                Lower          Horizontal
# 35             35                Lower          Horizontal
# 36             36                Lower          Horizontal
# 37             37                Lower          Horizontal
# 38             38                Lower          Horizontal
# 39             39                Lower          Horizontal
# 40             40                Lower          Horizontal
# 41             41                Lower          Horizontal
# 42             42                Lower          Horizontal
# 43             43                Lower          Horizontal
# 44             44                Lower          Horizontal
# 45             45                Lower          Horizontal
# 46             46                Lower          Horizontal
# 47             47                Lower          Horizontal
# 48             48                Lower          Horizontal
# Number of the stations of the vertical magnetic transfer function : 46
# Station ID     Station ID (Ref)  Owner Element
# 1001           1001              Lower
# 1002           1002              Lower
# 1003           1003              Lower
# 1004           1004              Lower
# 1005           1005              Lower
# 1006           1006              Lower
# 1007           1007              Lower
# 1008           1008              Lower
# 1009           1009              Lower
# 1010           1010              Lower
# 1011           1011              Lower
# 1012           1012              Lower
# 1013           1013              Lower
# 1014           1014              Lower
# 1015           1015              Lower
# 1016           1016              Lower
# 1017           1017              Lower
# 1018           1018              Lower
# 1019           1019              Lower
# 1020           1020              Lower
# 1021           1021              Lower
# 1022           1022              Lower
# 1023           1023              Lower
# 1024           1024              Lower
# 1025           1025              Lower
# 1026           1026              Lower
# 1027           1027              Lower
# 1028           1028              Lower
# 1029           1029              Lower
# 1030           1030              Lower
# 1031           1031              Lower
# 1032           1032              Lower
# 1033           1033              Lower
# 1034           1034              Lower
# 1035           1035              Lower
# 1036           1036              Lower
# 1037           1037              Lower
# 1038           1038              Lower
# 1039           1039              Lower
# 1040           1040              Lower
# 1041           1041              Lower
# 1042           1042              Lower
# 1043           1043              Lower
# 1044           1044              Lower
# 1045           1045              Lower
# 1046           1046              Lower
#++++++++++++++++++++++++++++++++++++++++++++++++++++++++++++++++++++++++++++++
# Total number of stations : 94 .
#  - Number of impedance tensor stations : 48 .
#  - Number of VTF stations : 46 .
#++++++++++++++++++++++++++++++++++++++++++++++++++++++++++++++++++++++++++++++
#++++++++++++++++++++++++++++++++++++++++++++++++++++++++++++++++++++++++++++++
# Forward calculation is performed for the frequencies/periods below.
# Freq#  Frequency[Hz]  Period[sec]    
# 0      0.03981        25.1193        
# 1      0.06309        15.8504        
# 2      0.1            10             
# 3      0.15848        6.30994        
# 4      0.25118        3.98121        
# 5      0.3981         2.51193        
# 6      0.63095        1.58491        
# 7      1              1              
# 8      1.5848         0.630994       
# 9      2.5118         0.398121       
# 10     3.981          0.251193       
# 11     6.3095         0.158491       
# 12     10             0.1            
# 13     15.848         0.0630994      
# 14     25.118         0.0398121      
# 15     39.81          0.0251193      
# 16     63.095         0.0158491      
# 17     100            0.01           
# 18     158.48         0.00630994     
# 19     251.18         0.00398121     
# 20     398.1          0.00251193     
# 21     630.95         0.00158491     
# 22     1000           0.001          
#++++++++++++++++++++++++++++++++++++++++++++++++++++++++++++++++++++++++++++++
# Read distortion matrix data .( 2 sec )
# Find element including each station .( 2 sec )
#++++++++++++++++++++++++++++++++++++++++++++++++++++++++++++++++++++++++++++++
# Total number of model parameter : 54779.
#  - Number of modifiable resisitivity values : 54587.
#  - Number of modifiable distortion parameters : 192.
#++++++++++++++++++++++++++++++++++++++++++++++++++++++++++++++++++++++++++++++
# Calculate Roughening Matrix .( 2 sec )
###############################################################################
# Start Forward Computation.  Iteration : 0,  Retrial : 0
###############################################################################
#================================================================================================
# Start forward calculation. Frequency : 0.3981 [Hz], Polarization : Ex-polarization
#================================================================================================
# Start 3D forward calculation with 0th order 3D edge-based element.( 3 sec )
# Number of equation = 475883, Number of equation after degeneration = 473549
# Calculating EM field of the boundary planes with 2D forward analysis.        
#-----------------------------[ Boundary Plane 2 ]-----------------------------
# Calculate electric field on a boundary plane with 0th order edge-based element.
# Number of equation = 514, Number of equation after degeneration = 470
# Set matrix structure. ( 3 sec )
# Anaysis phase of matrix solver for boundary plane. Polarization : 0 Plane : 2. ( 3 sec )
# Set values of matrix and right hand side vector. ( 4 sec )
# Numerical factorization phase of matrix solver for boundary plane. Polarization : 0 Plane : 2. ( 4 sec )
# Solve phase of matrix solver for boundary plane. Polarization : 0 Plane : 2. ( 4 sec )
#-----------------------------[ Boundary Plane 3 ]-----------------------------
# Calculate electric field on a boundary plane with 0th order edge-based element.
# Number of equation = 514, Number of equation after degeneration = 470
# Set matrix structure. ( 4 sec )
# Anaysis phase of matrix solver for boundary plane. Polarization : 0 Plane : 3. ( 4 sec )
# Set values of matrix and right hand side vector. ( 4 sec )
# Numerical factorization phase of matrix solver for boundary plane. Polarization : 0 Plane : 3. ( 4 sec )
# Solve phase of matrix solver for boundary plane. Polarization : 0 Plane : 3. ( 4 sec )
#------------------------------------------------------------------------------
# Set matrix structure. ( 4 sec )
# Anaysis phase of matrix solver for 3D forward calculation. Polarization : 0. ( 8 sec )
#++++++++++++++++++++++++++++++++++++++++++++++++++++++++++++++++++++++++++++++++++++++++++++++++
# Total peak memory required during the analysis and symbolic factorization phase    : 578041 [KByte]
# Permanent memory required from the analysis phase to the solve phases              : 482793 [KByte]
# Total memory consumed by in-core forward solver for internal float point arrays    : 4.13184e+06 [KByte]
# Minimum memory consumed by out-core forward solver for internal float point arrays : 68266 [KByte]
#++++++++++++++++++++++++++++++++++++++++++++++++++++++++++++++++++++++++++++++++++++++++++++++++
# Set values of matrix and right hand side vector. ( 11 sec )
# Numerical factorization phase of matrix solver for 3D forward calculation. Polarization : 0.( 13 sec )
# Solve phase of matrix solver for 3D forward calculation. Polarization : 0.( 34 sec )
# Calulate right-hand sides vectors consisting of interpolator vectors.( 34 sec )
# Solve phase of matrix solver for right-hand sides consisting of interpolator vectors.( 34 sec )
# Solve phase is performed simultaneously for 81 right-hand sides( 34 sec )
# Calculate derivatives of EM field.( 37 sec )
#================================================================================================
# Start forward calculation. Frequency : 0.3981 [Hz], Polarization : Ey-polarization
#================================================================================================
# Start 3D forward calculation with 0th order 3D edge-based element.( 50 sec )
# Number of equation = 475883, Number of equation after degeneration = 473549
# Calculating EM field of the boundary planes with 2D forward analysis.        
#-----------------------------[ Boundary Plane 0 ]-----------------------------
# Calculate electric field on a boundary plane with 0th order edge-based element.
# Number of equation = 520, Number of equation after degeneration = 476
# Set matrix structure. ( 50 sec )
# Anaysis phase of matrix solver for boundary plane. Polarization : 1 Plane : 0. ( 50 sec )
# Set values of matrix and right hand side vector. ( 50 sec )
# Numerical factorization phase of matrix solver for boundary plane. Polarization : 1 Plane : 0. ( 50 sec )
# Solve phase of matrix solver for boundary plane. Polarization : 1 Plane : 0. ( 50 sec )
#-----------------------------[ Boundary Plane 1 ]-----------------------------
# Calculate electric field on a boundary plane with 0th order edge-based element.
# Number of equation = 520, Number of equation after degeneration = 476
# Set matrix structure. ( 50 sec )
# Anaysis phase of matrix solver for boundary plane. Polarization : 1 Plane : 1. ( 50 sec )
# Set values of matrix and right hand side vector. ( 50 sec )
# Numerical factorization phase of matrix solver for boundary plane. Polarization : 1 Plane : 1. ( 50 sec )
# Solve phase of matrix solver for boundary plane. Polarization : 1 Plane : 1. ( 50 sec )
#------------------------------------------------------------------------------
# Set values of matrix and right hand side vector. ( 50 sec )
# Numerical factorization phase of matrix solver for 3D forward calculation. Polarization : 1.( 52 sec )
# Solve phase of matrix solver for 3D forward calculation. Polarization : 1.( 73 sec )
# Calulate right-hand sides vectors consisting of interpolator vectors.( 73 sec )
# Solve phase of matrix solver for right-hand sides consisting of interpolator vectors.( 73 sec )
# Solve phase is performed simultaneously for 81 right-hand sides( 73 sec )
# Calculate derivatives of EM field.( 76 sec )
#==============================================================================
# Calculate response functions. ( 89 sec )
# Calculate sensitivity matrix of frequency 0.3981[Hz].( 89 sec )
# Sensitivity matrix of frequency 0.3981[Hz] is saved in the out-of-core file sensMatFreq5.
#==============================================================================
#================================================================================================
# Start forward calculation. Frequency : 0.63095 [Hz], Polarization : Ex-polarization
#================================================================================================
# Start 3D forward calculation with 0th order 3D edge-based element.( 89 sec )
# Number of equation = 475883, Number of equation after degeneration = 473549
# Calculating EM field of the boundary planes with 2D forward analysis.        
#-----------------------------[ Boundary Plane 2 ]-----------------------------
# Calculate electric field on a boundary plane with 0th order edge-based element.
# Number of equation = 514, Number of equation after degeneration = 470
# Set values of matrix and right hand side vector. ( 89 sec )
# Numerical factorization phase of matrix solver for boundary plane. Polarization : 0 Plane : 2. ( 89 sec )
# Solve phase of matrix solver for boundary plane. Polarization : 0 Plane : 2. ( 89 sec )
#-----------------------------[ Boundary Plane 3 ]-----------------------------
# Calculate electric field on a boundary plane with 0th order edge-based element.
# Number of equation = 514, Number of equation after degeneration = 470
# Set values of matrix and right hand side vector. ( 89 sec )
# Numerical factorization phase of matrix solver for boundary plane. Polarization : 0 Plane : 3. ( 89 sec )
# Solve phase of matrix solver for boundary plane. Polarization : 0 Plane : 3. ( 89 sec )
#------------------------------------------------------------------------------
# Set values of matrix and right hand side vector. ( 89 sec )
# Numerical factorization phase of matrix solver for 3D forward calculation. Polarization : 0.( 91 sec )
# Solve phase of matrix solver for 3D forward calculation. Polarization : 0.( 112 sec )
# Calulate right-hand sides vectors consisting of interpolator vectors.( 112 sec )
# Solve phase of matrix solver for right-hand sides consisting of interpolator vectors.( 113 sec )
# Solve phase is performed simultaneously for 135 right-hand sides( 113 sec )
# Calculate derivatives of EM field.( 117 sec )
#================================================================================================
# Start forward calculation. Frequency : 0.63095 [Hz], Polarization : Ey-polarization
#================================================================================================
# Start 3D forward calculation with 0th order 3D edge-based element.( 127 sec )
# Number of equation = 475883, Number of equation after degeneration = 473549
# Calculating EM field of the boundary planes with 2D forward analysis.        
#-----------------------------[ Boundary Plane 0 ]-----------------------------
# Calculate electric field on a boundary plane with 0th order edge-based element.
# Number of equation = 520, Number of equation after degeneration = 476
# Set values of matrix and right hand side vector. ( 127 sec )
# Numerical factorization phase of matrix solver for boundary plane. Polarization : 1 Plane : 0. ( 127 sec )
# Solve phase of matrix solver for boundary plane. Polarization : 1 Plane : 0. ( 127 sec )
#-----------------------------[ Boundary Plane 1 ]-----------------------------
# Calculate electric field on a boundary plane with 0th order edge-based element.
# Number of equation = 520, Number of equation after degeneration = 476
# Set values of matrix and right hand side vector. ( 127 sec )
# Numerical factorization phase of matrix solver for boundary plane. Polarization : 1 Plane : 1. ( 127 sec )
# Solve phase of matrix solver for boundary plane. Polarization : 1 Plane : 1. ( 127 sec )
#------------------------------------------------------------------------------
# Set values of matrix and right hand side vector. ( 127 sec )
# Numerical factorization phase of matrix solver for 3D forward calculation. Polarization : 1.( 129 sec )
# Solve phase of matrix solver for 3D forward calculation. Polarization : 1.( 150 sec )
# Calulate right-hand sides vectors consisting of interpolator vectors.( 150 sec )
# Solve phase of matrix solver for right-hand sides consisting of interpolator vectors.( 150 sec )
# Solve phase is performed simultaneously for 135 right-hand sides( 150 sec )
# Calculate derivatives of EM field.( 155 sec )
#==============================================================================
# Calculate response functions. ( 162 sec )
# Calculate sensitivity matrix of frequency 0.63095[Hz].( 162 sec )
# Sensitivity matrix of frequency 0.63095[Hz] is saved in the out-of-core file sensMatFreq6.
#==============================================================================
#================================================================================================
# Start forward calculation. Frequency : 1 [Hz], Polarization : Ex-polarization
#================================================================================================
# Start 3D forward calculation with 0th order 3D edge-based element.( 163 sec )
# Number of equation = 475883, Number of equation after degeneration = 473549
# Calculating EM field of the boundary planes with 2D forward analysis.        
#-----------------------------[ Boundary Plane 2 ]-----------------------------
# Calculate electric field on a boundary plane with 0th order edge-based element.
# Number of equation = 514, Number of equation after degeneration = 470
# Set values of matrix and right hand side vector. ( 163 sec )
# Numerical factorization phase of matrix solver for boundary plane. Polarization : 0 Plane : 2. ( 163 sec )
# Solve phase of matrix solver for boundary plane. Polarization : 0 Plane : 2. ( 163 sec )
#-----------------------------[ Boundary Plane 3 ]-----------------------------
# Calculate electric field on a boundary plane with 0th order edge-based element.
# Number of equation = 514, Number of equation after degeneration = 470
# Set values of matrix and right hand side vector. ( 163 sec )
# Numerical factorization phase of matrix solver for boundary plane. Polarization : 0 Plane : 3. ( 163 sec )
# Solve phase of matrix solver for boundary plane. Polarization : 0 Plane : 3. ( 163 sec )
#------------------------------------------------------------------------------
# Set values of matrix and right hand side vector. ( 163 sec )
# Numerical factorization phase of matrix solver for 3D forward calculation. Polarization : 0.( 165 sec )
# Solve phase of matrix solver for 3D forward calculation. Polarization : 0.( 185 sec )
# Calulate right-hand sides vectors consisting of interpolator vectors.( 186 sec )
# Solve phase of matrix solver for right-hand sides consisting of interpolator vectors.( 186 sec )
# Solve phase is performed simultaneously for 176 right-hand sides( 186 sec )
# Calculate derivatives of EM field.( 192 sec )
#================================================================================================
# Start forward calculation. Frequency : 1 [Hz], Polarization : Ey-polarization
#================================================================================================
# Start 3D forward calculation with 0th order 3D edge-based element.( 199 sec )
# Number of equation = 475883, Number of equation after degeneration = 473549
# Calculating EM field of the boundary planes with 2D forward analysis.        
#-----------------------------[ Boundary Plane 0 ]-----------------------------
# Calculate electric field on a boundary plane with 0th order edge-based element.
# Number of equation = 520, Number of equation after degeneration = 476
# Set values of matrix and right hand side vector. ( 199 sec )
# Numerical factorization phase of matrix solver for boundary plane. Polarization : 1 Plane : 0. ( 199 sec )
# Solve phase of matrix solver for boundary plane. Polarization : 1 Plane : 0. ( 199 sec )
#-----------------------------[ Boundary Plane 1 ]-----------------------------
# Calculate electric field on a boundary plane with 0th order edge-based element.
# Number of equation = 520, Number of equation after degeneration = 476
# Set values of matrix and right hand side vector. ( 199 sec )
# Numerical factorization phase of matrix solver for boundary plane. Polarization : 1 Plane : 1. ( 199 sec )
# Solve phase of matrix solver for boundary plane. Polarization : 1 Plane : 1. ( 199 sec )
#------------------------------------------------------------------------------
# Set values of matrix and right hand side vector. ( 199 sec )
# Numerical factorization phase of matrix solver for 3D forward calculation. Polarization : 1.( 201 sec )
# Solve phase of matrix solver for 3D forward calculation. Polarization : 1.( 221 sec )
# Calulate right-hand sides vectors consisting of interpolator vectors.( 222 sec )
# Solve phase of matrix solver for right-hand sides consisting of interpolator vectors.( 222 sec )
# Solve phase is performed simultaneously for 176 right-hand sides( 222 sec )
# Calculate derivatives of EM field.( 228 sec )
#==============================================================================
# Calculate response functions. ( 235 sec )
# Calculate sensitivity matrix of frequency 1[Hz].( 235 sec )
# Sensitivity matrix of frequency 1[Hz] is saved in the out-of-core file sensMatFreq7.
#==============================================================================
#================================================================================================
# Start forward calculation. Frequency : 1.5848 [Hz], Polarization : Ex-polarization
#================================================================================================
# Start 3D forward calculation with 0th order 3D edge-based element.( 235 sec )
# Number of equation = 475883, Number of equation after degeneration = 473549
# Calculating EM field of the boundary planes with 2D forward analysis.        
#-----------------------------[ Boundary Plane 2 ]-----------------------------
# Calculate electric field on a boundary plane with 0th order edge-based element.
# Number of equation = 514, Number of equation after degeneration = 470
# Set values of matrix and right hand side vector. ( 235 sec )
# Numerical factorization phase of matrix solver for boundary plane. Polarization : 0 Plane : 2. ( 235 sec )
# Solve phase of matrix solver for boundary plane. Polarization : 0 Plane : 2. ( 235 sec )
#-----------------------------[ Boundary Plane 3 ]-----------------------------
# Calculate electric field on a boundary plane with 0th order edge-based element.
# Number of equation = 514, Number of equation after degeneration = 470
# Set values of matrix and right hand side vector. ( 235 sec )
# Numerical factorization phase of matrix solver for boundary plane. Polarization : 0 Plane : 3. ( 235 sec )
# Solve phase of matrix solver for boundary plane. Polarization : 0 Plane : 3. ( 235 sec )
#------------------------------------------------------------------------------
# Set values of matrix and right hand side vector. ( 235 sec )
# Numerical factorization phase of matrix solver for 3D forward calculation. Polarization : 0.( 238 sec )
# Solve phase of matrix solver for 3D forward calculation. Polarization : 0.( 258 sec )
# Calulate right-hand sides vectors consisting of interpolator vectors.( 258 sec )
# Solve phase of matrix solver for right-hand sides consisting of interpolator vectors.( 259 sec )
# Solve phase is performed simultaneously for 197 right-hand sides( 259 sec )
# Calculate derivatives of EM field.( 266 sec )
#================================================================================================
# Start forward calculation. Frequency : 1.5848 [Hz], Polarization : Ey-polarization
#================================================================================================
# Start 3D forward calculation with 0th order 3D edge-based element.( 272 sec )
# Number of equation = 475883, Number of equation after degeneration = 473549
# Calculating EM field of the boundary planes with 2D forward analysis.        
#-----------------------------[ Boundary Plane 0 ]-----------------------------
# Calculate electric field on a boundary plane with 0th order edge-based element.
# Number of equation = 520, Number of equation after degeneration = 476
# Set values of matrix and right hand side vector. ( 272 sec )
# Numerical factorization phase of matrix solver for boundary plane. Polarization : 1 Plane : 0. ( 272 sec )
# Solve phase of matrix solver for boundary plane. Polarization : 1 Plane : 0. ( 272 sec )
#-----------------------------[ Boundary Plane 1 ]-----------------------------
# Calculate electric field on a boundary plane with 0th order edge-based element.
# Number of equation = 520, Number of equation after degeneration = 476
# Set values of matrix and right hand side vector. ( 272 sec )
# Numerical factorization phase of matrix solver for boundary plane. Polarization : 1 Plane : 1. ( 272 sec )
# Solve phase of matrix solver for boundary plane. Polarization : 1 Plane : 1. ( 272 sec )
#------------------------------------------------------------------------------
# Set values of matrix and right hand side vector. ( 272 sec )
# Numerical factorization phase of matrix solver for 3D forward calculation. Polarization : 1.( 275 sec )
# Solve phase of matrix solver for 3D forward calculation. Polarization : 1.( 295 sec )
# Calulate right-hand sides vectors consisting of interpolator vectors.( 295 sec )
# Solve phase of matrix solver for right-hand sides consisting of interpolator vectors.( 296 sec )
# Solve phase is performed simultaneously for 197 right-hand sides( 296 sec )
# Calculate derivatives of EM field.( 302 sec )
#==============================================================================
# Calculate response functions. ( 309 sec )
# Calculate sensitivity matrix of frequency 1.5848[Hz].( 309 sec )
# Sensitivity matrix of frequency 1.5848[Hz] is saved in the out-of-core file sensMatFreq8.
#==============================================================================
#================================================================================================
# Start forward calculation. Frequency : 2.5118 [Hz], Polarization : Ex-polarization
#================================================================================================
# Start 3D forward calculation with 0th order 3D edge-based element.( 309 sec )
# Number of equation = 475883, Number of equation after degeneration = 473549
# Calculating EM field of the boundary planes with 2D forward analysis.        
#-----------------------------[ Boundary Plane 2 ]-----------------------------
# Calculate electric field on a boundary plane with 0th order edge-based element.
# Number of equation = 514, Number of equation after degeneration = 470
# Set values of matrix and right hand side vector. ( 309 sec )
# Numerical factorization phase of matrix solver for boundary plane. Polarization : 0 Plane : 2. ( 309 sec )
# Solve phase of matrix solver for boundary plane. Polarization : 0 Plane : 2. ( 309 sec )
#-----------------------------[ Boundary Plane 3 ]-----------------------------
# Calculate electric field on a boundary plane with 0th order edge-based element.
# Number of equation = 514, Number of equation after degeneration = 470
# Set values of matrix and right hand side vector. ( 309 sec )
# Numerical factorization phase of matrix solver for boundary plane. Polarization : 0 Plane : 3. ( 309 sec )
# Solve phase of matrix solver for boundary plane. Polarization : 0 Plane : 3. ( 309 sec )
#------------------------------------------------------------------------------
# Set values of matrix and right hand side vector. ( 309 sec )
# Numerical factorization phase of matrix solver for 3D forward calculation. Polarization : 0.( 311 sec )
# Solve phase of matrix solver for 3D forward calculation. Polarization : 0.( 332 sec )
# Calulate right-hand sides vectors consisting of interpolator vectors.( 332 sec )
# Solve phase of matrix solver for right-hand sides consisting of interpolator vectors.( 333 sec )
# Solve phase is performed simultaneously for 244 right-hand sides( 333 sec )
# Calculate derivatives of EM field.( 341 sec )
#================================================================================================
# Start forward calculation. Frequency : 2.5118 [Hz], Polarization : Ey-polarization
#================================================================================================
# Start 3D forward calculation with 0th order 3D edge-based element.( 352 sec )
# Number of equation = 475883, Number of equation after degeneration = 473549
# Calculating EM field of the boundary planes with 2D forward analysis.        
#-----------------------------[ Boundary Plane 0 ]-----------------------------
# Calculate electric field on a boundary plane with 0th order edge-based element.
# Number of equation = 520, Number of equation after degeneration = 476
# Set values of matrix and right hand side vector. ( 352 sec )
# Numerical factorization phase of matrix solver for boundary plane. Polarization : 1 Plane : 0. ( 352 sec )
# Solve phase of matrix solver for boundary plane. Polarization : 1 Plane : 0. ( 352 sec )
#-----------------------------[ Boundary Plane 1 ]-----------------------------
# Calculate electric field on a boundary plane with 0th order edge-based element.
# Number of equation = 520, Number of equation after degeneration = 476
# Set values of matrix and right hand side vector. ( 352 sec )
# Numerical factorization phase of matrix solver for boundary plane. Polarization : 1 Plane : 1. ( 352 sec )
# Solve phase of matrix solver for boundary plane. Polarization : 1 Plane : 1. ( 352 sec )
#------------------------------------------------------------------------------
# Set values of matrix and right hand side vector. ( 352 sec )
# Numerical factorization phase of matrix solver for 3D forward calculation. Polarization : 1.( 354 sec )
# Solve phase of matrix solver for 3D forward calculation. Polarization : 1.( 372 sec )
# Calulate right-hand sides vectors consisting of interpolator vectors.( 373 sec )
# Solve phase of matrix solver for right-hand sides consisting of interpolator vectors.( 374 sec )
# Solve phase is performed simultaneously for 244 right-hand sides( 374 sec )
# Calculate derivatives of EM field.( 381 sec )
#==============================================================================
# Calculate response functions. ( 386 sec )
# Calculate sensitivity matrix of frequency 2.5118[Hz].( 386 sec )
# Sensitivity matrix of frequency 2.5118[Hz] is saved in the out-of-core file sensMatFreq9.
#==============================================================================
#================================================================================================
# Start forward calculation. Frequency : 3.981 [Hz], Polarization : Ex-polarization
#================================================================================================
# Start 3D forward calculation with 0th order 3D edge-based element.( 387 sec )
# Number of equation = 475883, Number of equation after degeneration = 473549
# Calculating EM field of the boundary planes with 2D forward analysis.        
#-----------------------------[ Boundary Plane 2 ]-----------------------------
# Calculate electric field on a boundary plane with 0th order edge-based element.
# Number of equation = 514, Number of equation after degeneration = 470
# Set values of matrix and right hand side vector. ( 387 sec )
# Numerical factorization phase of matrix solver for boundary plane. Polarization : 0 Plane : 2. ( 387 sec )
# Solve phase of matrix solver for boundary plane. Polarization : 0 Plane : 2. ( 387 sec )
#-----------------------------[ Boundary Plane 3 ]-----------------------------
# Calculate electric field on a boundary plane with 0th order edge-based element.
# Number of equation = 514, Number of equation after degeneration = 470
# Set values of matrix and right hand side vector. ( 387 sec )
# Numerical factorization phase of matrix solver for boundary plane. Polarization : 0 Plane : 3. ( 387 sec )
# Solve phase of matrix solver for boundary plane. Polarization : 0 Plane : 3. ( 387 sec )
#------------------------------------------------------------------------------
# Set values of matrix and right hand side vector. ( 387 sec )
# Numerical factorization phase of matrix solver for 3D forward calculation. Polarization : 0.( 389 sec )
# Solve phase of matrix solver for 3D forward calculation. Polarization : 0.( 407 sec )
# Calulate right-hand sides vectors consisting of interpolator vectors.( 407 sec )
# Solve phase of matrix solver for right-hand sides consisting of interpolator vectors.( 408 sec )
# Solve phase is performed simultaneously for 254 right-hand sides( 408 sec )
# Calculate derivatives of EM field.( 416 sec )
#================================================================================================
# Start forward calculation. Frequency : 3.981 [Hz], Polarization : Ey-polarization
#================================================================================================
# Start 3D forward calculation with 0th order 3D edge-based element.( 421 sec )
# Number of equation = 475883, Number of equation after degeneration = 473549
# Calculating EM field of the boundary planes with 2D forward analysis.        
#-----------------------------[ Boundary Plane 0 ]-----------------------------
# Calculate electric field on a boundary plane with 0th order edge-based element.
# Number of equation = 520, Number of equation after degeneration = 476
# Set values of matrix and right hand side vector. ( 421 sec )
# Numerical factorization phase of matrix solver for boundary plane. Polarization : 1 Plane : 0. ( 421 sec )
# Solve phase of matrix solver for boundary plane. Polarization : 1 Plane : 0. ( 421 sec )
#-----------------------------[ Boundary Plane 1 ]-----------------------------
# Calculate electric field on a boundary plane with 0th order edge-based element.
# Number of equation = 520, Number of equation after degeneration = 476
# Set values of matrix and right hand side vector. ( 421 sec )
# Numerical factorization phase of matrix solver for boundary plane. Polarization : 1 Plane : 1. ( 421 sec )
# Solve phase of matrix solver for boundary plane. Polarization : 1 Plane : 1. ( 421 sec )
#------------------------------------------------------------------------------
# Set values of matrix and right hand side vector. ( 421 sec )
# Numerical factorization phase of matrix solver for 3D forward calculation. Polarization : 1.( 423 sec )
# Solve phase of matrix solver for 3D forward calculation. Polarization : 1.( 441 sec )
# Calulate right-hand sides vectors consisting of interpolator vectors.( 442 sec )
# Solve phase of matrix solver for right-hand sides consisting of interpolator vectors.( 443 sec )
# Solve phase is performed simultaneously for 254 right-hand sides( 443 sec )
# Calculate derivatives of EM field.( 450 sec )
#==============================================================================
# Calculate response functions. ( 455 sec )
# Calculate sensitivity matrix of frequency 3.981[Hz].( 455 sec )
# Sensitivity matrix of frequency 3.981[Hz] is saved in the out-of-core file sensMatFreq10.
#==============================================================================
# Release memory of coefficient matrix and sparse solver. ( 456 sec )
###############################################################################
# Start Inversion.  Iteration : 0
###############################################################################
# Number of model : 54779
# Number of frequencies of this PE : 6
# Calculate constraining matrix. ( 554 sec )
# Analyse constraining matrix.( 554 sec )
# Analyse transposed constraining matrix.( 555 sec )
# Factorize constraining matrix.( 555 sec )
# Factorize transposed constraining matrix.( 555 sec )
# Number of data of this PE : 1876
# Read sensitivity matrix from sensMatFreq5.( 555 sec )
# Multiply transposed sensitivity matrix by inverse of transposed constraining matrix. ( 556 sec )
# Solve phase is performed simultaneously for 140 right-hand sides( 556 sec )
# Read sensitivity matrix from sensMatFreq6.( 556 sec )
# Multiply transposed sensitivity matrix by inverse of transposed constraining matrix. ( 557 sec )
# Solve phase is performed simultaneously for 228 right-hand sides( 557 sec )
# Read sensitivity matrix from sensMatFreq7.( 557 sec )
# Multiply transposed sensitivity matrix by inverse of transposed constraining matrix. ( 559 sec )
# Solve phase is performed simultaneously for 304 right-hand sides( 559 sec )
# Read sensitivity matrix from sensMatFreq8.( 559 sec )
# Multiply transposed sensitivity matrix by inverse of transposed constraining matrix. ( 561 sec )
# Solve phase is performed simultaneously for 340 right-hand sides( 561 sec )
# Read sensitivity matrix from sensMatFreq9.( 561 sec )
# Multiply transposed sensitivity matrix by inverse of transposed constraining matrix. ( 562 sec )
# Solve phase is performed simultaneously for 424 right-hand sides( 562 sec )
# Read sensitivity matrix from sensMatFreq10.( 563 sec )
# Multiply transposed sensitivity matrix by inverse of transposed constraining matrix. ( 564 sec )
# Solve phase is performed simultaneously for 440 right-hand sides( 564 sec )
# Calculate right-hand side vector. ( 569 sec )
# Read sensitivity matrix from sensMatFreq5.( 569 sec )
# Read sensitivity matrix from sensMatFreq6.( 569 sec )
# Read sensitivity matrix from sensMatFreq7.( 569 sec )
# Read sensitivity matrix from sensMatFreq8.( 569 sec )
# Read sensitivity matrix from sensMatFreq9.( 569 sec )
# Read sensitivity matrix from sensMatFreq10.( 569 sec )
# Read sensitivity matrix from sensMatFreq5.( 618 sec )
# Read sensitivity matrix from sensMatFreq6.( 618 sec )
# Read sensitivity matrix from sensMatFreq7.( 618 sec )
# Read sensitivity matrix from sensMatFreq8.( 618 sec )
# Read sensitivity matrix from sensMatFreq9.( 618 sec )
# Read sensitivity matrix from sensMatFreq10.( 618 sec )
# Calculate model increments. ( 618 sec )
###############################################################################
# Start Forward Computation.  Iteration : 1,  Retrial : 0
###############################################################################
#================================================================================================
# Start forward calculation. Frequency : 0.3981 [Hz], Polarization : Ex-polarization
#================================================================================================
# Start 3D forward calculation with 0th order 3D edge-based element.( 619 sec )
# Number of equation = 475883, Number of equation after degeneration = 473549
# Calculating EM field of the boundary planes with 2D forward analysis.        
#-----------------------------[ Boundary Plane 2 ]-----------------------------
# Calculate electric field on a boundary plane with 0th order edge-based element.
# Number of equation = 514, Number of equation after degeneration = 470
# Set values of matrix and right hand side vector. ( 619 sec )
# Numerical factorization phase of matrix solver for boundary plane. Polarization : 0 Plane : 2. ( 619 sec )
# Solve phase of matrix solver for boundary plane. Polarization : 0 Plane : 2. ( 619 sec )
#-----------------------------[ Boundary Plane 3 ]-----------------------------
# Calculate electric field on a boundary plane with 0th order edge-based element.
# Number of equation = 514, Number of equation after degeneration = 470
# Set values of matrix and right hand side vector. ( 619 sec )
# Numerical factorization phase of matrix solver for boundary plane. Polarization : 0 Plane : 3. ( 619 sec )
# Solve phase of matrix solver for boundary plane. Polarization : 0 Plane : 3. ( 619 sec )
#------------------------------------------------------------------------------
# Set matrix structure. ( 619 sec )
# Anaysis phase of matrix solver for 3D forward calculation. Polarization : 0. ( 623 sec )
#++++++++++++++++++++++++++++++++++++++++++++++++++++++++++++++++++++++++++++++++++++++++++++++++
# Total peak memory required during the analysis and symbolic factorization phase    : 577601 [KByte]
# Permanent memory required from the analysis phase to the solve phases              : 482445 [KByte]
# Total memory consumed by in-core forward solver for internal float point arrays    : 4.12338e+06 [KByte]
# Minimum memory consumed by out-core forward solver for internal float point arrays : 68482 [KByte]
#++++++++++++++++++++++++++++++++++++++++++++++++++++++++++++++++++++++++++++++++++++++++++++++++
# Set values of matrix and right hand side vector. ( 626 sec )
# Numerical factorization phase of matrix solver for 3D forward calculation. Polarization : 0.( 628 sec )
# Solve phase of matrix solver for 3D forward calculation. Polarization : 0.( 648 sec )
# Calulate right-hand sides vectors consisting of interpolator vectors.( 649 sec )
# Solve phase of matrix solver for right-hand sides consisting of interpolator vectors.( 649 sec )
# Solve phase is performed simultaneously for 81 right-hand sides( 649 sec )
# Calculate derivatives of EM field.( 652 sec )
#================================================================================================
# Start forward calculation. Frequency : 0.3981 [Hz], Polarization : Ey-polarization
#================================================================================================
# Start 3D forward calculation with 0th order 3D edge-based element.( 665 sec )
# Number of equation = 475883, Number of equation after degeneration = 473549
# Calculating EM field of the boundary planes with 2D forward analysis.        
#-----------------------------[ Boundary Plane 0 ]-----------------------------
# Calculate electric field on a boundary plane with 0th order edge-based element.
# Number of equation = 520, Number of equation after degeneration = 476
# Set values of matrix and right hand side vector. ( 665 sec )
# Numerical factorization phase of matrix solver for boundary plane. Polarization : 1 Plane : 0. ( 665 sec )
# Solve phase of matrix solver for boundary plane. Polarization : 1 Plane : 0. ( 665 sec )
#-----------------------------[ Boundary Plane 1 ]-----------------------------
# Calculate electric field on a boundary plane with 0th order edge-based element.
# Number of equation = 520, Number of equation after degeneration = 476
# Set values of matrix and right hand side vector. ( 665 sec )
# Numerical factorization phase of matrix solver for boundary plane. Polarization : 1 Plane : 1. ( 665 sec )
# Solve phase of matrix solver for boundary plane. Polarization : 1 Plane : 1. ( 665 sec )
#------------------------------------------------------------------------------
# Set values of matrix and right hand side vector. ( 665 sec )
# Numerical factorization phase of matrix solver for 3D forward calculation. Polarization : 1.( 667 sec )
# Solve phase of matrix solver for 3D forward calculation. Polarization : 1.( 687 sec )
# Calulate right-hand sides vectors consisting of interpolator vectors.( 688 sec )
# Solve phase of matrix solver for right-hand sides consisting of interpolator vectors.( 688 sec )
# Solve phase is performed simultaneously for 81 right-hand sides( 688 sec )
# Calculate derivatives of EM field.( 691 sec )
#==============================================================================
# Calculate response functions. ( 704 sec )
# Calculate sensitivity matrix of frequency 0.3981[Hz].( 704 sec )
# Sensitivity matrix of frequency 0.3981[Hz] is saved in the out-of-core file sensMatFreq5.
#==============================================================================
#================================================================================================
# Start forward calculation. Frequency : 0.63095 [Hz], Polarization : Ex-polarization
#================================================================================================
# Start 3D forward calculation with 0th order 3D edge-based element.( 704 sec )
# Number of equation = 475883, Number of equation after degeneration = 473549
# Calculating EM field of the boundary planes with 2D forward analysis.        
#-----------------------------[ Boundary Plane 2 ]-----------------------------
# Calculate electric field on a boundary plane with 0th order edge-based element.
# Number of equation = 514, Number of equation after degeneration = 470
# Set values of matrix and right hand side vector. ( 704 sec )
# Numerical factorization phase of matrix solver for boundary plane. Polarization : 0 Plane : 2. ( 704 sec )
# Solve phase of matrix solver for boundary plane. Polarization : 0 Plane : 2. ( 704 sec )
#-----------------------------[ Boundary Plane 3 ]-----------------------------
# Calculate electric field on a boundary plane with 0th order edge-based element.
# Number of equation = 514, Number of equation after degeneration = 470
# Set values of matrix and right hand side vector. ( 704 sec )
# Numerical factorization phase of matrix solver for boundary plane. Polarization : 0 Plane : 3. ( 704 sec )
# Solve phase of matrix solver for boundary plane. Polarization : 0 Plane : 3. ( 704 sec )
#------------------------------------------------------------------------------
# Set values of matrix and right hand side vector. ( 704 sec )
# Numerical factorization phase of matrix solver for 3D forward calculation. Polarization : 0.( 706 sec )
# Solve phase of matrix solver for 3D forward calculation. Polarization : 0.( 726 sec )
# Calulate right-hand sides vectors consisting of interpolator vectors.( 727 sec )
# Solve phase of matrix solver for right-hand sides consisting of interpolator vectors.( 727 sec )
# Solve phase is performed simultaneously for 135 right-hand sides( 727 sec )
# Calculate derivatives of EM field.( 732 sec )
#================================================================================================
# Start forward calculation. Frequency : 0.63095 [Hz], Polarization : Ey-polarization
#================================================================================================
# Start 3D forward calculation with 0th order 3D edge-based element.( 742 sec )
# Number of equation = 475883, Number of equation after degeneration = 473549
# Calculating EM field of the boundary planes with 2D forward analysis.        
#-----------------------------[ Boundary Plane 0 ]-----------------------------
# Calculate electric field on a boundary plane with 0th order edge-based element.
# Number of equation = 520, Number of equation after degeneration = 476
# Set values of matrix and right hand side vector. ( 742 sec )
# Numerical factorization phase of matrix solver for boundary plane. Polarization : 1 Plane : 0. ( 742 sec )
# Solve phase of matrix solver for boundary plane. Polarization : 1 Plane : 0. ( 742 sec )
#-----------------------------[ Boundary Plane 1 ]-----------------------------
# Calculate electric field on a boundary plane with 0th order edge-based element.
# Number of equation = 520, Number of equation after degeneration = 476
# Set values of matrix and right hand side vector. ( 742 sec )
# Numerical factorization phase of matrix solver for boundary plane. Polarization : 1 Plane : 1. ( 742 sec )
# Solve phase of matrix solver for boundary plane. Polarization : 1 Plane : 1. ( 742 sec )
#------------------------------------------------------------------------------
# Set values of matrix and right hand side vector. ( 742 sec )
# Numerical factorization phase of matrix solver for 3D forward calculation. Polarization : 1.( 744 sec )
# Solve phase of matrix solver for 3D forward calculation. Polarization : 1.( 765 sec )
# Calulate right-hand sides vectors consisting of interpolator vectors.( 765 sec )
# Solve phase of matrix solver for right-hand sides consisting of interpolator vectors.( 766 sec )
# Solve phase is performed simultaneously for 135 right-hand sides( 766 sec )
# Calculate derivatives of EM field.( 770 sec )
#==============================================================================
# Calculate response functions. ( 779 sec )
# Calculate sensitivity matrix of frequency 0.63095[Hz].( 779 sec )
# Sensitivity matrix of frequency 0.63095[Hz] is saved in the out-of-core file sensMatFreq6.
#==============================================================================
#================================================================================================
# Start forward calculation. Frequency : 1 [Hz], Polarization : Ex-polarization
#================================================================================================
# Start 3D forward calculation with 0th order 3D edge-based element.( 780 sec )
# Number of equation = 475883, Number of equation after degeneration = 473549
# Calculating EM field of the boundary planes with 2D forward analysis.        
#-----------------------------[ Boundary Plane 2 ]-----------------------------
# Calculate electric field on a boundary plane with 0th order edge-based element.
# Number of equation = 514, Number of equation after degeneration = 470
# Set values of matrix and right hand side vector. ( 780 sec )
# Numerical factorization phase of matrix solver for boundary plane. Polarization : 0 Plane : 2. ( 780 sec )
# Solve phase of matrix solver for boundary plane. Polarization : 0 Plane : 2. ( 780 sec )
#-----------------------------[ Boundary Plane 3 ]-----------------------------
# Calculate electric field on a boundary plane with 0th order edge-based element.
# Number of equation = 514, Number of equation after degeneration = 470
# Set values of matrix and right hand side vector. ( 780 sec )
# Numerical factorization phase of matrix solver for boundary plane. Polarization : 0 Plane : 3. ( 780 sec )
# Solve phase of matrix solver for boundary plane. Polarization : 0 Plane : 3. ( 780 sec )
#------------------------------------------------------------------------------
# Set values of matrix and right hand side vector. ( 780 sec )
# Numerical factorization phase of matrix solver for 3D forward calculation. Polarization : 0.( 782 sec )
# Solve phase of matrix solver for 3D forward calculation. Polarization : 0.( 802 sec )
# Calulate right-hand sides vectors consisting of interpolator vectors.( 803 sec )
# Solve phase of matrix solver for right-hand sides consisting of interpolator vectors.( 803 sec )
# Solve phase is performed simultaneously for 176 right-hand sides( 803 sec )
# Calculate derivatives of EM field.( 809 sec )
#================================================================================================
# Start forward calculation. Frequency : 1 [Hz], Polarization : Ey-polarization
#================================================================================================
# Start 3D forward calculation with 0th order 3D edge-based element.( 816 sec )
# Number of equation = 475883, Number of equation after degeneration = 473549
# Calculating EM field of the boundary planes with 2D forward analysis.        
#-----------------------------[ Boundary Plane 0 ]-----------------------------
# Calculate electric field on a boundary plane with 0th order edge-based element.
# Number of equation = 520, Number of equation after degeneration = 476
# Set values of matrix and right hand side vector. ( 816 sec )
# Numerical factorization phase of matrix solver for boundary plane. Polarization : 1 Plane : 0. ( 816 sec )
# Solve phase of matrix solver for boundary plane. Polarization : 1 Plane : 0. ( 816 sec )
#-----------------------------[ Boundary Plane 1 ]-----------------------------
# Calculate electric field on a boundary plane with 0th order edge-based element.
# Number of equation = 520, Number of equation after degeneration = 476
# Set values of matrix and right hand side vector. ( 816 sec )
# Numerical factorization phase of matrix solver for boundary plane. Polarization : 1 Plane : 1. ( 816 sec )
# Solve phase of matrix solver for boundary plane. Polarization : 1 Plane : 1. ( 816 sec )
#------------------------------------------------------------------------------
# Set values of matrix and right hand side vector. ( 816 sec )
# Numerical factorization phase of matrix solver for 3D forward calculation. Polarization : 1.( 818 sec )
# Solve phase of matrix solver for 3D forward calculation. Polarization : 1.( 838 sec )
# Calulate right-hand sides vectors consisting of interpolator vectors.( 839 sec )
# Solve phase of matrix solver for right-hand sides consisting of interpolator vectors.( 839 sec )
# Solve phase is performed simultaneously for 176 right-hand sides( 839 sec )
# Calculate derivatives of EM field.( 845 sec )
#==============================================================================
# Calculate response functions. ( 852 sec )
# Calculate sensitivity matrix of frequency 1[Hz].( 852 sec )
# Sensitivity matrix of frequency 1[Hz] is saved in the out-of-core file sensMatFreq7.
#==============================================================================
#================================================================================================
# Start forward calculation. Frequency : 1.5848 [Hz], Polarization : Ex-polarization
#================================================================================================
# Start 3D forward calculation with 0th order 3D edge-based element.( 852 sec )
# Number of equation = 475883, Number of equation after degeneration = 473549
# Calculating EM field of the boundary planes with 2D forward analysis.        
#-----------------------------[ Boundary Plane 2 ]-----------------------------
# Calculate electric field on a boundary plane with 0th order edge-based element.
# Number of equation = 514, Number of equation after degeneration = 470
# Set values of matrix and right hand side vector. ( 852 sec )
# Numerical factorization phase of matrix solver for boundary plane. Polarization : 0 Plane : 2. ( 852 sec )
# Solve phase of matrix solver for boundary plane. Polarization : 0 Plane : 2. ( 852 sec )
#-----------------------------[ Boundary Plane 3 ]-----------------------------
# Calculate electric field on a boundary plane with 0th order edge-based element.
# Number of equation = 514, Number of equation after degeneration = 470
# Set values of matrix and right hand side vector. ( 852 sec )
# Numerical factorization phase of matrix solver for boundary plane. Polarization : 0 Plane : 3. ( 852 sec )
# Solve phase of matrix solver for boundary plane. Polarization : 0 Plane : 3. ( 852 sec )
#------------------------------------------------------------------------------
# Set values of matrix and right hand side vector. ( 852 sec )
# Numerical factorization phase of matrix solver for 3D forward calculation. Polarization : 0.( 855 sec )
# Solve phase of matrix solver for 3D forward calculation. Polarization : 0.( 875 sec )
# Calulate right-hand sides vectors consisting of interpolator vectors.( 875 sec )
# Solve phase of matrix solver for right-hand sides consisting of interpolator vectors.( 876 sec )
# Solve phase is performed simultaneously for 197 right-hand sides( 876 sec )
# Calculate derivatives of EM field.( 883 sec )
#================================================================================================
# Start forward calculation. Frequency : 1.5848 [Hz], Polarization : Ey-polarization
#================================================================================================
# Start 3D forward calculation with 0th order 3D edge-based element.( 889 sec )
# Number of equation = 475883, Number of equation after degeneration = 473549
# Calculating EM field of the boundary planes with 2D forward analysis.        
#-----------------------------[ Boundary Plane 0 ]-----------------------------
# Calculate electric field on a boundary plane with 0th order edge-based element.
# Number of equation = 520, Number of equation after degeneration = 476
# Set values of matrix and right hand side vector. ( 889 sec )
# Numerical factorization phase of matrix solver for boundary plane. Polarization : 1 Plane : 0. ( 889 sec )
# Solve phase of matrix solver for boundary plane. Polarization : 1 Plane : 0. ( 889 sec )
#-----------------------------[ Boundary Plane 1 ]-----------------------------
# Calculate electric field on a boundary plane with 0th order edge-based element.
# Number of equation = 520, Number of equation after degeneration = 476
# Set values of matrix and right hand side vector. ( 889 sec )
# Numerical factorization phase of matrix solver for boundary plane. Polarization : 1 Plane : 1. ( 889 sec )
# Solve phase of matrix solver for boundary plane. Polarization : 1 Plane : 1. ( 889 sec )
#------------------------------------------------------------------------------
# Set values of matrix and right hand side vector. ( 889 sec )
# Numerical factorization phase of matrix solver for 3D forward calculation. Polarization : 1.( 891 sec )
# Solve phase of matrix solver for 3D forward calculation. Polarization : 1.( 911 sec )
# Calulate right-hand sides vectors consisting of interpolator vectors.( 912 sec )
# Solve phase of matrix solver for right-hand sides consisting of interpolator vectors.( 912 sec )
# Solve phase is performed simultaneously for 197 right-hand sides( 912 sec )
# Calculate derivatives of EM field.( 919 sec )
#==============================================================================
# Calculate response functions. ( 925 sec )
# Calculate sensitivity matrix of frequency 1.5848[Hz].( 925 sec )
# Sensitivity matrix of frequency 1.5848[Hz] is saved in the out-of-core file sensMatFreq8.
#==============================================================================
#================================================================================================
# Start forward calculation. Frequency : 2.5118 [Hz], Polarization : Ex-polarization
#================================================================================================
# Start 3D forward calculation with 0th order 3D edge-based element.( 926 sec )
# Number of equation = 475883, Number of equation after degeneration = 473549
# Calculating EM field of the boundary planes with 2D forward analysis.        
#-----------------------------[ Boundary Plane 2 ]-----------------------------
# Calculate electric field on a boundary plane with 0th order edge-based element.
# Number of equation = 514, Number of equation after degeneration = 470
# Set values of matrix and right hand side vector. ( 926 sec )
# Numerical factorization phase of matrix solver for boundary plane. Polarization : 0 Plane : 2. ( 926 sec )
# Solve phase of matrix solver for boundary plane. Polarization : 0 Plane : 2. ( 926 sec )
#-----------------------------[ Boundary Plane 3 ]-----------------------------
# Calculate electric field on a boundary plane with 0th order edge-based element.
# Number of equation = 514, Number of equation after degeneration = 470
# Set values of matrix and right hand side vector. ( 926 sec )
# Numerical factorization phase of matrix solver for boundary plane. Polarization : 0 Plane : 3. ( 926 sec )
# Solve phase of matrix solver for boundary plane. Polarization : 0 Plane : 3. ( 926 sec )
#------------------------------------------------------------------------------
# Set values of matrix and right hand side vector. ( 926 sec )
# Numerical factorization phase of matrix solver for 3D forward calculation. Polarization : 0.( 928 sec )
# Solve phase of matrix solver for 3D forward calculation. Polarization : 0.( 949 sec )
# Calulate right-hand sides vectors consisting of interpolator vectors.( 949 sec )
# Solve phase of matrix solver for right-hand sides consisting of interpolator vectors.( 950 sec )
# Solve phase is performed simultaneously for 244 right-hand sides( 950 sec )
# Calculate derivatives of EM field.( 958 sec )
#================================================================================================
# Start forward calculation. Frequency : 2.5118 [Hz], Polarization : Ey-polarization
#================================================================================================
# Start 3D forward calculation with 0th order 3D edge-based element.( 971 sec )
# Number of equation = 475883, Number of equation after degeneration = 473549
# Calculating EM field of the boundary planes with 2D forward analysis.        
#-----------------------------[ Boundary Plane 0 ]-----------------------------
# Calculate electric field on a boundary plane with 0th order edge-based element.
# Number of equation = 520, Number of equation after degeneration = 476
# Set values of matrix and right hand side vector. ( 971 sec )
# Numerical factorization phase of matrix solver for boundary plane. Polarization : 1 Plane : 0. ( 971 sec )
# Solve phase of matrix solver for boundary plane. Polarization : 1 Plane : 0. ( 971 sec )
#-----------------------------[ Boundary Plane 1 ]-----------------------------
# Calculate electric field on a boundary plane with 0th order edge-based element.
# Number of equation = 520, Number of equation after degeneration = 476
# Set values of matrix and right hand side vector. ( 971 sec )
# Numerical factorization phase of matrix solver for boundary plane. Polarization : 1 Plane : 1. ( 971 sec )
# Solve phase of matrix solver for boundary plane. Polarization : 1 Plane : 1. ( 971 sec )
#------------------------------------------------------------------------------
# Set values of matrix and right hand side vector. ( 971 sec )
# Numerical factorization phase of matrix solver for 3D forward calculation. Polarization : 1.( 973 sec )
# Solve phase of matrix solver for 3D forward calculation. Polarization : 1.( 991 sec )
# Calulate right-hand sides vectors consisting of interpolator vectors.( 992 sec )
# Solve phase of matrix solver for right-hand sides consisting of interpolator vectors.( 993 sec )
# Solve phase is performed simultaneously for 244 right-hand sides( 993 sec )
# Calculate derivatives of EM field.( 1000 sec )
#==============================================================================
# Calculate response functions. ( 1005 sec )
# Calculate sensitivity matrix of frequency 2.5118[Hz].( 1005 sec )
# Sensitivity matrix of frequency 2.5118[Hz] is saved in the out-of-core file sensMatFreq9.
#==============================================================================
#================================================================================================
# Start forward calculation. Frequency : 3.981 [Hz], Polarization : Ex-polarization
#================================================================================================
# Start 3D forward calculation with 0th order 3D edge-based element.( 1006 sec )
# Number of equation = 475883, Number of equation after degeneration = 473549
# Calculating EM field of the boundary planes with 2D forward analysis.        
#-----------------------------[ Boundary Plane 2 ]-----------------------------
# Calculate electric field on a boundary plane with 0th order edge-based element.
# Number of equation = 514, Number of equation after degeneration = 470
# Set values of matrix and right hand side vector. ( 1006 sec )
# Numerical factorization phase of matrix solver for boundary plane. Polarization : 0 Plane : 2. ( 1006 sec )
# Solve phase of matrix solver for boundary plane. Polarization : 0 Plane : 2. ( 1006 sec )
#-----------------------------[ Boundary Plane 3 ]-----------------------------
# Calculate electric field on a boundary plane with 0th order edge-based element.
# Number of equation = 514, Number of equation after degeneration = 470
# Set values of matrix and right hand side vector. ( 1006 sec )
# Numerical factorization phase of matrix solver for boundary plane. Polarization : 0 Plane : 3. ( 1006 sec )
# Solve phase of matrix solver for boundary plane. Polarization : 0 Plane : 3. ( 1006 sec )
#------------------------------------------------------------------------------
# Set values of matrix and right hand side vector. ( 1006 sec )
# Numerical factorization phase of matrix solver for 3D forward calculation. Polarization : 0.( 1008 sec )
# Solve phase of matrix solver for 3D forward calculation. Polarization : 0.( 1026 sec )
# Calulate right-hand sides vectors consisting of interpolator vectors.( 1026 sec )
# Solve phase of matrix solver for right-hand sides consisting of interpolator vectors.( 1027 sec )
# Solve phase is performed simultaneously for 254 right-hand sides( 1027 sec )
# Calculate derivatives of EM field.( 1035 sec )
#================================================================================================
# Start forward calculation. Frequency : 3.981 [Hz], Polarization : Ey-polarization
#================================================================================================
# Start 3D forward calculation with 0th order 3D edge-based element.( 1040 sec )
# Number of equation = 475883, Number of equation after degeneration = 473549
# Calculating EM field of the boundary planes with 2D forward analysis.        
#-----------------------------[ Boundary Plane 0 ]-----------------------------
# Calculate electric field on a boundary plane with 0th order edge-based element.
# Number of equation = 520, Number of equation after degeneration = 476
# Set values of matrix and right hand side vector. ( 1040 sec )
# Numerical factorization phase of matrix solver for boundary plane. Polarization : 1 Plane : 0. ( 1040 sec )
# Solve phase of matrix solver for boundary plane. Polarization : 1 Plane : 0. ( 1040 sec )
#-----------------------------[ Boundary Plane 1 ]-----------------------------
# Calculate electric field on a boundary plane with 0th order edge-based element.
# Number of equation = 520, Number of equation after degeneration = 476
# Set values of matrix and right hand side vector. ( 1040 sec )
# Numerical factorization phase of matrix solver for boundary plane. Polarization : 1 Plane : 1. ( 1040 sec )
# Solve phase of matrix solver for boundary plane. Polarization : 1 Plane : 1. ( 1040 sec )
#------------------------------------------------------------------------------
# Set values of matrix and right hand side vector. ( 1040 sec )
# Numerical factorization phase of matrix solver for 3D forward calculation. Polarization : 1.( 1042 sec )
# Solve phase of matrix solver for 3D forward calculation. Polarization : 1.( 1060 sec )
# Calulate right-hand sides vectors consisting of interpolator vectors.( 1060 sec )
# Solve phase of matrix solver for right-hand sides consisting of interpolator vectors.( 1061 sec )
# Solve phase is performed simultaneously for 254 right-hand sides( 1061 sec )
# Calculate derivatives of EM field.( 1069 sec )
#==============================================================================
# Calculate response functions. ( 1074 sec )
# Calculate sensitivity matrix of frequency 3.981[Hz].( 1074 sec )
# Sensitivity matrix of frequency 3.981[Hz] is saved in the out-of-core file sensMatFreq10.
#==============================================================================
# Release memory of coefficient matrix and sparse solver. ( 1075 sec )
###############################################################################
# Start Inversion.  Iteration : 1
###############################################################################
# Number of model : 54779
# Number of frequencies of this PE : 6
# Calculate constraining matrix. ( 1173 sec )
# Analyse constraining matrix.( 1173 sec )
# Analyse transposed constraining matrix.( 1173 sec )
# Factorize constraining matrix.( 1174 sec )
# Factorize transposed constraining matrix.( 1174 sec )
# Number of data of this PE : 1876
# Read sensitivity matrix from sensMatFreq5.( 1174 sec )
# Multiply transposed sensitivity matrix by inverse of transposed constraining matrix. ( 1174 sec )
# Solve phase is performed simultaneously for 140 right-hand sides( 1174 sec )
# Read sensitivity matrix from sensMatFreq6.( 1175 sec )
# Multiply transposed sensitivity matrix by inverse of transposed constraining matrix. ( 1175 sec )
# Solve phase is performed simultaneously for 228 right-hand sides( 1175 sec )
# Read sensitivity matrix from sensMatFreq7.( 1176 sec )
# Multiply transposed sensitivity matrix by inverse of transposed constraining matrix. ( 1177 sec )
# Solve phase is performed simultaneously for 304 right-hand sides( 1177 sec )
# Read sensitivity matrix from sensMatFreq8.( 1178 sec )
# Multiply transposed sensitivity matrix by inverse of transposed constraining matrix. ( 1179 sec )
# Solve phase is performed simultaneously for 340 right-hand sides( 1179 sec )
# Read sensitivity matrix from sensMatFreq9.( 1180 sec )
# Multiply transposed sensitivity matrix by inverse of transposed constraining matrix. ( 1181 sec )
# Solve phase is performed simultaneously for 424 right-hand sides( 1181 sec )
# Read sensitivity matrix from sensMatFreq10.( 1182 sec )
# Multiply transposed sensitivity matrix by inverse of transposed constraining matrix. ( 1184 sec )
# Solve phase is performed simultaneously for 440 right-hand sides( 1184 sec )
# Calculate right-hand side vector. ( 1190 sec )
# Read sensitivity matrix from sensMatFreq5.( 1190 sec )
# Read sensitivity matrix from sensMatFreq6.( 1190 sec )
# Read sensitivity matrix from sensMatFreq7.( 1190 sec )
# Read sensitivity matrix from sensMatFreq8.( 1190 sec )
# Read sensitivity matrix from sensMatFreq9.( 1190 sec )
# Read sensitivity matrix from sensMatFreq10.( 1190 sec )
# Read sensitivity matrix from sensMatFreq5.( 1239 sec )
# Read sensitivity matrix from sensMatFreq6.( 1239 sec )
# Read sensitivity matrix from sensMatFreq7.( 1239 sec )
# Read sensitivity matrix from sensMatFreq8.( 1239 sec )
# Read sensitivity matrix from sensMatFreq9.( 1239 sec )
# Read sensitivity matrix from sensMatFreq10.( 1239 sec )
# Calculate model increments. ( 1239 sec )
###############################################################################
# Start Forward Computation.  Iteration : 2,  Retrial : 0
###############################################################################
#================================================================================================
# Start forward calculation. Frequency : 0.3981 [Hz], Polarization : Ex-polarization
#================================================================================================
# Start 3D forward calculation with 0th order 3D edge-based element.( 1240 sec )
# Number of equation = 475883, Number of equation after degeneration = 473549
# Calculating EM field of the boundary planes with 2D forward analysis.        
#-----------------------------[ Boundary Plane 2 ]-----------------------------
# Calculate electric field on a boundary plane with 0th order edge-based element.
# Number of equation = 514, Number of equation after degeneration = 470
# Set values of matrix and right hand side vector. ( 1240 sec )
# Numerical factorization phase of matrix solver for boundary plane. Polarization : 0 Plane : 2. ( 1240 sec )
# Solve phase of matrix solver for boundary plane. Polarization : 0 Plane : 2. ( 1240 sec )
#-----------------------------[ Boundary Plane 3 ]-----------------------------
# Calculate electric field on a boundary plane with 0th order edge-based element.
# Number of equation = 514, Number of equation after degeneration = 470
# Set values of matrix and right hand side vector. ( 1240 sec )
# Numerical factorization phase of matrix solver for boundary plane. Polarization : 0 Plane : 3. ( 1240 sec )
# Solve phase of matrix solver for boundary plane. Polarization : 0 Plane : 3. ( 1240 sec )
#------------------------------------------------------------------------------
# Set matrix structure. ( 1240 sec )
# Anaysis phase of matrix solver for 3D forward calculation. Polarization : 0. ( 1243 sec )
#++++++++++++++++++++++++++++++++++++++++++++++++++++++++++++++++++++++++++++++++++++++++++++++++
# Total peak memory required during the analysis and symbolic factorization phase    : 577516 [KByte]
# Permanent memory required from the analysis phase to the solve phases              : 482396 [KByte]
# Total memory consumed by in-core forward solver for internal float point arrays    : 4.11744e+06 [KByte]
# Minimum memory consumed by out-core forward solver for internal float point arrays : 68520 [KByte]
#++++++++++++++++++++++++++++++++++++++++++++++++++++++++++++++++++++++++++++++++++++++++++++++++
# Set values of matrix and right hand side vector. ( 1246 sec )
# Numerical factorization phase of matrix solver for 3D forward calculation. Polarization : 0.( 1248 sec )
# Solve phase of matrix solver for 3D forward calculation. Polarization : 0.( 1269 sec )
# Calulate right-hand sides vectors consisting of interpolator vectors.( 1269 sec )
# Solve phase of matrix solver for right-hand sides consisting of interpolator vectors.( 1270 sec )
# Solve phase is performed simultaneously for 81 right-hand sides( 1270 sec )
# Calculate derivatives of EM field.( 1273 sec )
#================================================================================================
# Start forward calculation. Frequency : 0.3981 [Hz], Polarization : Ey-polarization
#================================================================================================
# Start 3D forward calculation with 0th order 3D edge-based element.( 1285 sec )
# Number of equation = 475883, Number of equation after degeneration = 473549
# Calculating EM field of the boundary planes with 2D forward analysis.        
#-----------------------------[ Boundary Plane 0 ]-----------------------------
# Calculate electric field on a boundary plane with 0th order edge-based element.
# Number of equation = 520, Number of equation after degeneration = 476
# Set values of matrix and right hand side vector. ( 1285 sec )
# Numerical factorization phase of matrix solver for boundary plane. Polarization : 1 Plane : 0. ( 1285 sec )
# Solve phase of matrix solver for boundary plane. Polarization : 1 Plane : 0. ( 1285 sec )
#-----------------------------[ Boundary Plane 1 ]-----------------------------
# Calculate electric field on a boundary plane with 0th order edge-based element.
# Number of equation = 520, Number of equation after degeneration = 476
# Set values of matrix and right hand side vector. ( 1285 sec )
# Numerical factorization phase of matrix solver for boundary plane. Polarization : 1 Plane : 1. ( 1285 sec )
# Solve phase of matrix solver for boundary plane. Polarization : 1 Plane : 1. ( 1285 sec )
#------------------------------------------------------------------------------
# Set values of matrix and right hand side vector. ( 1285 sec )
# Numerical factorization phase of matrix solver for 3D forward calculation. Polarization : 1.( 1288 sec )
# Solve phase of matrix solver for 3D forward calculation. Polarization : 1.( 1308 sec )
# Calulate right-hand sides vectors consisting of interpolator vectors.( 1308 sec )
# Solve phase of matrix solver for right-hand sides consisting of interpolator vectors.( 1309 sec )
# Solve phase is performed simultaneously for 81 right-hand sides( 1309 sec )
# Calculate derivatives of EM field.( 1312 sec )
#==============================================================================
# Calculate response functions. ( 1324 sec )
# Calculate sensitivity matrix of frequency 0.3981[Hz].( 1324 sec )
# Sensitivity matrix of frequency 0.3981[Hz] is saved in the out-of-core file sensMatFreq5.
#==============================================================================
#================================================================================================
# Start forward calculation. Frequency : 0.63095 [Hz], Polarization : Ex-polarization
#================================================================================================
# Start 3D forward calculation with 0th order 3D edge-based element.( 1324 sec )
# Number of equation = 475883, Number of equation after degeneration = 473549
# Calculating EM field of the boundary planes with 2D forward analysis.        
#-----------------------------[ Boundary Plane 2 ]-----------------------------
# Calculate electric field on a boundary plane with 0th order edge-based element.
# Number of equation = 514, Number of equation after degeneration = 470
# Set values of matrix and right hand side vector. ( 1324 sec )
# Numerical factorization phase of matrix solver for boundary plane. Polarization : 0 Plane : 2. ( 1324 sec )
# Solve phase of matrix solver for boundary plane. Polarization : 0 Plane : 2. ( 1324 sec )
#-----------------------------[ Boundary Plane 3 ]-----------------------------
# Calculate electric field on a boundary plane with 0th order edge-based element.
# Number of equation = 514, Number of equation after degeneration = 470
# Set values of matrix and right hand side vector. ( 1324 sec )
# Numerical factorization phase of matrix solver for boundary plane. Polarization : 0 Plane : 3. ( 1324 sec )
# Solve phase of matrix solver for boundary plane. Polarization : 0 Plane : 3. ( 1324 sec )
#------------------------------------------------------------------------------
# Set values of matrix and right hand side vector. ( 1324 sec )
# Numerical factorization phase of matrix solver for 3D forward calculation. Polarization : 0.( 1326 sec )
# Solve phase of matrix solver for 3D forward calculation. Polarization : 0.( 1347 sec )
# Calulate right-hand sides vectors consisting of interpolator vectors.( 1347 sec )
# Solve phase of matrix solver for right-hand sides consisting of interpolator vectors.( 1348 sec )
# Solve phase is performed simultaneously for 135 right-hand sides( 1348 sec )
# Calculate derivatives of EM field.( 1352 sec )
#================================================================================================
# Start forward calculation. Frequency : 0.63095 [Hz], Polarization : Ey-polarization
#================================================================================================
# Start 3D forward calculation with 0th order 3D edge-based element.( 1362 sec )
# Number of equation = 475883, Number of equation after degeneration = 473549
# Calculating EM field of the boundary planes with 2D forward analysis.        
#-----------------------------[ Boundary Plane 0 ]-----------------------------
# Calculate electric field on a boundary plane with 0th order edge-based element.
# Number of equation = 520, Number of equation after degeneration = 476
# Set values of matrix and right hand side vector. ( 1362 sec )
# Numerical factorization phase of matrix solver for boundary plane. Polarization : 1 Plane : 0. ( 1362 sec )
# Solve phase of matrix solver for boundary plane. Polarization : 1 Plane : 0. ( 1362 sec )
#-----------------------------[ Boundary Plane 1 ]-----------------------------
# Calculate electric field on a boundary plane with 0th order edge-based element.
# Number of equation = 520, Number of equation after degeneration = 476
# Set values of matrix and right hand side vector. ( 1362 sec )
# Numerical factorization phase of matrix solver for boundary plane. Polarization : 1 Plane : 1. ( 1362 sec )
# Solve phase of matrix solver for boundary plane. Polarization : 1 Plane : 1. ( 1362 sec )
#------------------------------------------------------------------------------
# Set values of matrix and right hand side vector. ( 1362 sec )
# Numerical factorization phase of matrix solver for 3D forward calculation. Polarization : 1.( 1364 sec )
# Solve phase of matrix solver for 3D forward calculation. Polarization : 1.( 1385 sec )
# Calulate right-hand sides vectors consisting of interpolator vectors.( 1385 sec )
# Solve phase of matrix solver for right-hand sides consisting of interpolator vectors.( 1386 sec )
# Solve phase is performed simultaneously for 135 right-hand sides( 1386 sec )
# Calculate derivatives of EM field.( 1391 sec )
#==============================================================================
# Calculate response functions. ( 1399 sec )
# Calculate sensitivity matrix of frequency 0.63095[Hz].( 1399 sec )
# Sensitivity matrix of frequency 0.63095[Hz] is saved in the out-of-core file sensMatFreq6.
#==============================================================================
#================================================================================================
# Start forward calculation. Frequency : 1 [Hz], Polarization : Ex-polarization
#================================================================================================
# Start 3D forward calculation with 0th order 3D edge-based element.( 1399 sec )
# Number of equation = 475883, Number of equation after degeneration = 473549
# Calculating EM field of the boundary planes with 2D forward analysis.        
#-----------------------------[ Boundary Plane 2 ]-----------------------------
# Calculate electric field on a boundary plane with 0th order edge-based element.
# Number of equation = 514, Number of equation after degeneration = 470
# Set values of matrix and right hand side vector. ( 1399 sec )
# Numerical factorization phase of matrix solver for boundary plane. Polarization : 0 Plane : 2. ( 1399 sec )
# Solve phase of matrix solver for boundary plane. Polarization : 0 Plane : 2. ( 1399 sec )
#-----------------------------[ Boundary Plane 3 ]-----------------------------
# Calculate electric field on a boundary plane with 0th order edge-based element.
# Number of equation = 514, Number of equation after degeneration = 470
# Set values of matrix and right hand side vector. ( 1399 sec )
# Numerical factorization phase of matrix solver for boundary plane. Polarization : 0 Plane : 3. ( 1399 sec )
# Solve phase of matrix solver for boundary plane. Polarization : 0 Plane : 3. ( 1399 sec )
#------------------------------------------------------------------------------
# Set values of matrix and right hand side vector. ( 1399 sec )
# Numerical factorization phase of matrix solver for 3D forward calculation. Polarization : 0.( 1401 sec )
# Solve phase of matrix solver for 3D forward calculation. Polarization : 0.( 1422 sec )
# Calulate right-hand sides vectors consisting of interpolator vectors.( 1422 sec )
# Solve phase of matrix solver for right-hand sides consisting of interpolator vectors.( 1423 sec )
# Solve phase is performed simultaneously for 176 right-hand sides( 1423 sec )
# Calculate derivatives of EM field.( 1429 sec )
#================================================================================================
# Start forward calculation. Frequency : 1 [Hz], Polarization : Ey-polarization
#================================================================================================
# Start 3D forward calculation with 0th order 3D edge-based element.( 1437 sec )
# Number of equation = 475883, Number of equation after degeneration = 473549
# Calculating EM field of the boundary planes with 2D forward analysis.        
#-----------------------------[ Boundary Plane 0 ]-----------------------------
# Calculate electric field on a boundary plane with 0th order edge-based element.
# Number of equation = 520, Number of equation after degeneration = 476
# Set values of matrix and right hand side vector. ( 1437 sec )
# Numerical factorization phase of matrix solver for boundary plane. Polarization : 1 Plane : 0. ( 1437 sec )
# Solve phase of matrix solver for boundary plane. Polarization : 1 Plane : 0. ( 1437 sec )
#-----------------------------[ Boundary Plane 1 ]-----------------------------
# Calculate electric field on a boundary plane with 0th order edge-based element.
# Number of equation = 520, Number of equation after degeneration = 476
# Set values of matrix and right hand side vector. ( 1437 sec )
# Numerical factorization phase of matrix solver for boundary plane. Polarization : 1 Plane : 1. ( 1437 sec )
# Solve phase of matrix solver for boundary plane. Polarization : 1 Plane : 1. ( 1437 sec )
#------------------------------------------------------------------------------
# Set values of matrix and right hand side vector. ( 1437 sec )
# Numerical factorization phase of matrix solver for 3D forward calculation. Polarization : 1.( 1439 sec )
# Solve phase of matrix solver for 3D forward calculation. Polarization : 1.( 1460 sec )
# Calulate right-hand sides vectors consisting of interpolator vectors.( 1460 sec )
# Solve phase of matrix solver for right-hand sides consisting of interpolator vectors.( 1461 sec )
# Solve phase is performed simultaneously for 176 right-hand sides( 1461 sec )
# Calculate derivatives of EM field.( 1466 sec )
#==============================================================================
# Calculate response functions. ( 1474 sec )
# Calculate sensitivity matrix of frequency 1[Hz].( 1474 sec )
# Sensitivity matrix of frequency 1[Hz] is saved in the out-of-core file sensMatFreq7.
#==============================================================================
#================================================================================================
# Start forward calculation. Frequency : 1.5848 [Hz], Polarization : Ex-polarization
#================================================================================================
# Start 3D forward calculation with 0th order 3D edge-based element.( 1474 sec )
# Number of equation = 475883, Number of equation after degeneration = 473549
# Calculating EM field of the boundary planes with 2D forward analysis.        
#-----------------------------[ Boundary Plane 2 ]-----------------------------
# Calculate electric field on a boundary plane with 0th order edge-based element.
# Number of equation = 514, Number of equation after degeneration = 470
# Set values of matrix and right hand side vector. ( 1474 sec )
# Numerical factorization phase of matrix solver for boundary plane. Polarization : 0 Plane : 2. ( 1474 sec )
# Solve phase of matrix solver for boundary plane. Polarization : 0 Plane : 2. ( 1474 sec )
#-----------------------------[ Boundary Plane 3 ]-----------------------------
# Calculate electric field on a boundary plane with 0th order edge-based element.
# Number of equation = 514, Number of equation after degeneration = 470
# Set values of matrix and right hand side vector. ( 1474 sec )
# Numerical factorization phase of matrix solver for boundary plane. Polarization : 0 Plane : 3. ( 1474 sec )
# Solve phase of matrix solver for boundary plane. Polarization : 0 Plane : 3. ( 1474 sec )
#------------------------------------------------------------------------------
# Set values of matrix and right hand side vector. ( 1474 sec )
# Numerical factorization phase of matrix solver for 3D forward calculation. Polarization : 0.( 1477 sec )
# Solve phase of matrix solver for 3D forward calculation. Polarization : 0.( 1497 sec )
# Calulate right-hand sides vectors consisting of interpolator vectors.( 1497 sec )
# Solve phase of matrix solver for right-hand sides consisting of interpolator vectors.( 1498 sec )
# Solve phase is performed simultaneously for 197 right-hand sides( 1498 sec )
# Calculate derivatives of EM field.( 1505 sec )
#================================================================================================
# Start forward calculation. Frequency : 1.5848 [Hz], Polarization : Ey-polarization
#================================================================================================
# Start 3D forward calculation with 0th order 3D edge-based element.( 1512 sec )
# Number of equation = 475883, Number of equation after degeneration = 473549
# Calculating EM field of the boundary planes with 2D forward analysis.        
#-----------------------------[ Boundary Plane 0 ]-----------------------------
# Calculate electric field on a boundary plane with 0th order edge-based element.
# Number of equation = 520, Number of equation after degeneration = 476
# Set values of matrix and right hand side vector. ( 1512 sec )
# Numerical factorization phase of matrix solver for boundary plane. Polarization : 1 Plane : 0. ( 1512 sec )
# Solve phase of matrix solver for boundary plane. Polarization : 1 Plane : 0. ( 1512 sec )
#-----------------------------[ Boundary Plane 1 ]-----------------------------
# Calculate electric field on a boundary plane with 0th order edge-based element.
# Number of equation = 520, Number of equation after degeneration = 476
# Set values of matrix and right hand side vector. ( 1512 sec )
# Numerical factorization phase of matrix solver for boundary plane. Polarization : 1 Plane : 1. ( 1512 sec )
# Solve phase of matrix solver for boundary plane. Polarization : 1 Plane : 1. ( 1512 sec )
#------------------------------------------------------------------------------
# Set values of matrix and right hand side vector. ( 1512 sec )
# Numerical factorization phase of matrix solver for 3D forward calculation. Polarization : 1.( 1515 sec )
# Solve phase of matrix solver for 3D forward calculation. Polarization : 1.( 1535 sec )
# Calulate right-hand sides vectors consisting of interpolator vectors.( 1535 sec )
# Solve phase of matrix solver for right-hand sides consisting of interpolator vectors.( 1536 sec )
# Solve phase is performed simultaneously for 197 right-hand sides( 1536 sec )
# Calculate derivatives of EM field.( 1543 sec )
#==============================================================================
# Calculate response functions. ( 1550 sec )
# Calculate sensitivity matrix of frequency 1.5848[Hz].( 1550 sec )
# Sensitivity matrix of frequency 1.5848[Hz] is saved in the out-of-core file sensMatFreq8.
#==============================================================================
#================================================================================================
# Start forward calculation. Frequency : 2.5118 [Hz], Polarization : Ex-polarization
#================================================================================================
# Start 3D forward calculation with 0th order 3D edge-based element.( 1550 sec )
# Number of equation = 475883, Number of equation after degeneration = 473549
# Calculating EM field of the boundary planes with 2D forward analysis.        
#-----------------------------[ Boundary Plane 2 ]-----------------------------
# Calculate electric field on a boundary plane with 0th order edge-based element.
# Number of equation = 514, Number of equation after degeneration = 470
# Set values of matrix and right hand side vector. ( 1550 sec )
# Numerical factorization phase of matrix solver for boundary plane. Polarization : 0 Plane : 2. ( 1550 sec )
# Solve phase of matrix solver for boundary plane. Polarization : 0 Plane : 2. ( 1550 sec )
#-----------------------------[ Boundary Plane 3 ]-----------------------------
# Calculate electric field on a boundary plane with 0th order edge-based element.
# Number of equation = 514, Number of equation after degeneration = 470
# Set values of matrix and right hand side vector. ( 1550 sec )
# Numerical factorization phase of matrix solver for boundary plane. Polarization : 0 Plane : 3. ( 1550 sec )
# Solve phase of matrix solver for boundary plane. Polarization : 0 Plane : 3. ( 1550 sec )
#------------------------------------------------------------------------------
# Set values of matrix and right hand side vector. ( 1550 sec )
# Numerical factorization phase of matrix solver for 3D forward calculation. Polarization : 0.( 1553 sec )
# Solve phase of matrix solver for 3D forward calculation. Polarization : 0.( 1573 sec )
# Calulate right-hand sides vectors consisting of interpolator vectors.( 1573 sec )
# Solve phase of matrix solver for right-hand sides consisting of interpolator vectors.( 1574 sec )
# Solve phase is performed simultaneously for 244 right-hand sides( 1574 sec )
# Calculate derivatives of EM field.( 1583 sec )
#================================================================================================
# Start forward calculation. Frequency : 2.5118 [Hz], Polarization : Ey-polarization
#================================================================================================
# Start 3D forward calculation with 0th order 3D edge-based element.( 1594 sec )
# Number of equation = 475883, Number of equation after degeneration = 473549
# Calculating EM field of the boundary planes with 2D forward analysis.        
#-----------------------------[ Boundary Plane 0 ]-----------------------------
# Calculate electric field on a boundary plane with 0th order edge-based element.
# Number of equation = 520, Number of equation after degeneration = 476
# Set values of matrix and right hand side vector. ( 1594 sec )
# Numerical factorization phase of matrix solver for boundary plane. Polarization : 1 Plane : 0. ( 1594 sec )
# Solve phase of matrix solver for boundary plane. Polarization : 1 Plane : 0. ( 1594 sec )
#-----------------------------[ Boundary Plane 1 ]-----------------------------
# Calculate electric field on a boundary plane with 0th order edge-based element.
# Number of equation = 520, Number of equation after degeneration = 476
# Set values of matrix and right hand side vector. ( 1594 sec )
# Numerical factorization phase of matrix solver for boundary plane. Polarization : 1 Plane : 1. ( 1594 sec )
# Solve phase of matrix solver for boundary plane. Polarization : 1 Plane : 1. ( 1594 sec )
#------------------------------------------------------------------------------
# Set values of matrix and right hand side vector. ( 1594 sec )
# Numerical factorization phase of matrix solver for 3D forward calculation. Polarization : 1.( 1597 sec )
# Solve phase of matrix solver for 3D forward calculation. Polarization : 1.( 1615 sec )
# Calulate right-hand sides vectors consisting of interpolator vectors.( 1615 sec )
# Solve phase of matrix solver for right-hand sides consisting of interpolator vectors.( 1616 sec )
# Solve phase is performed simultaneously for 244 right-hand sides( 1616 sec )
# Calculate derivatives of EM field.( 1623 sec )
#==============================================================================
# Calculate response functions. ( 1629 sec )
# Calculate sensitivity matrix of frequency 2.5118[Hz].( 1629 sec )
# Sensitivity matrix of frequency 2.5118[Hz] is saved in the out-of-core file sensMatFreq9.
#==============================================================================
#================================================================================================
# Start forward calculation. Frequency : 3.981 [Hz], Polarization : Ex-polarization
#================================================================================================
# Start 3D forward calculation with 0th order 3D edge-based element.( 1630 sec )
# Number of equation = 475883, Number of equation after degeneration = 473549
# Calculating EM field of the boundary planes with 2D forward analysis.        
#-----------------------------[ Boundary Plane 2 ]-----------------------------
# Calculate electric field on a boundary plane with 0th order edge-based element.
# Number of equation = 514, Number of equation after degeneration = 470
# Set values of matrix and right hand side vector. ( 1630 sec )
# Numerical factorization phase of matrix solver for boundary plane. Polarization : 0 Plane : 2. ( 1630 sec )
# Solve phase of matrix solver for boundary plane. Polarization : 0 Plane : 2. ( 1630 sec )
#-----------------------------[ Boundary Plane 3 ]-----------------------------
# Calculate electric field on a boundary plane with 0th order edge-based element.
# Number of equation = 514, Number of equation after degeneration = 470
# Set values of matrix and right hand side vector. ( 1630 sec )
# Numerical factorization phase of matrix solver for boundary plane. Polarization : 0 Plane : 3. ( 1630 sec )
# Solve phase of matrix solver for boundary plane. Polarization : 0 Plane : 3. ( 1630 sec )
#------------------------------------------------------------------------------
# Set values of matrix and right hand side vector. ( 1630 sec )
# Numerical factorization phase of matrix solver for 3D forward calculation. Polarization : 0.( 1632 sec )
# Solve phase of matrix solver for 3D forward calculation. Polarization : 0.( 1650 sec )
# Calulate right-hand sides vectors consisting of interpolator vectors.( 1651 sec )
# Solve phase of matrix solver for right-hand sides consisting of interpolator vectors.( 1651 sec )
# Solve phase is performed simultaneously for 254 right-hand sides( 1651 sec )
# Calculate derivatives of EM field.( 1660 sec )
#================================================================================================
# Start forward calculation. Frequency : 3.981 [Hz], Polarization : Ey-polarization
#================================================================================================
# Start 3D forward calculation with 0th order 3D edge-based element.( 1666 sec )
# Number of equation = 475883, Number of equation after degeneration = 473549
# Calculating EM field of the boundary planes with 2D forward analysis.        
#-----------------------------[ Boundary Plane 0 ]-----------------------------
# Calculate electric field on a boundary plane with 0th order edge-based element.
# Number of equation = 520, Number of equation after degeneration = 476
# Set values of matrix and right hand side vector. ( 1666 sec )
# Numerical factorization phase of matrix solver for boundary plane. Polarization : 1 Plane : 0. ( 1666 sec )
# Solve phase of matrix solver for boundary plane. Polarization : 1 Plane : 0. ( 1666 sec )
#-----------------------------[ Boundary Plane 1 ]-----------------------------
# Calculate electric field on a boundary plane with 0th order edge-based element.
# Number of equation = 520, Number of equation after degeneration = 476
# Set values of matrix and right hand side vector. ( 1666 sec )
# Numerical factorization phase of matrix solver for boundary plane. Polarization : 1 Plane : 1. ( 1666 sec )
# Solve phase of matrix solver for boundary plane. Polarization : 1 Plane : 1. ( 1666 sec )
#------------------------------------------------------------------------------
# Set values of matrix and right hand side vector. ( 1666 sec )
# Numerical factorization phase of matrix solver for 3D forward calculation. Polarization : 1.( 1668 sec )
# Solve phase of matrix solver for 3D forward calculation. Polarization : 1.( 1686 sec )
# Calulate right-hand sides vectors consisting of interpolator vectors.( 1687 sec )
# Solve phase of matrix solver for right-hand sides consisting of interpolator vectors.( 1687 sec )
# Solve phase is performed simultaneously for 254 right-hand sides( 1687 sec )
# Calculate derivatives of EM field.( 1695 sec )
#==============================================================================
# Calculate response functions. ( 1701 sec )
# Calculate sensitivity matrix of frequency 3.981[Hz].( 1701 sec )
# Sensitivity matrix of frequency 3.981[Hz] is saved in the out-of-core file sensMatFreq10.
#==============================================================================
# Release memory of coefficient matrix and sparse solver. ( 1702 sec )
###############################################################################
# Start Inversion.  Iteration : 2
###############################################################################
# Number of model : 54779
# Number of frequencies of this PE : 6
# Calculate constraining matrix. ( 1805 sec )
# Analyse constraining matrix.( 1805 sec )
# Analyse transposed constraining matrix.( 1806 sec )
# Factorize constraining matrix.( 1806 sec )
# Factorize transposed constraining matrix.( 1806 sec )
# Number of data of this PE : 1876
# Read sensitivity matrix from sensMatFreq5.( 1806 sec )
# Multiply transposed sensitivity matrix by inverse of transposed constraining matrix. ( 1807 sec )
# Solve phase is performed simultaneously for 140 right-hand sides( 1807 sec )
# Read sensitivity matrix from sensMatFreq6.( 1807 sec )
# Multiply transposed sensitivity matrix by inverse of transposed constraining matrix. ( 1808 sec )
# Solve phase is performed simultaneously for 228 right-hand sides( 1808 sec )
# Read sensitivity matrix from sensMatFreq7.( 1808 sec )
# Multiply transposed sensitivity matrix by inverse of transposed constraining matrix. ( 1810 sec )
# Solve phase is performed simultaneously for 304 right-hand sides( 1810 sec )
# Read sensitivity matrix from sensMatFreq8.( 1810 sec )
# Multiply transposed sensitivity matrix by inverse of transposed constraining matrix. ( 1813 sec )
# Solve phase is performed simultaneously for 340 right-hand sides( 1813 sec )
# Read sensitivity matrix from sensMatFreq9.( 1814 sec )
# Multiply transposed sensitivity matrix by inverse of transposed constraining matrix. ( 1816 sec )
# Solve phase is performed simultaneously for 424 right-hand sides( 1816 sec )
# Read sensitivity matrix from sensMatFreq10.( 1817 sec )
# Multiply transposed sensitivity matrix by inverse of transposed constraining matrix. ( 1818 sec )
# Solve phase is performed simultaneously for 440 right-hand sides( 1818 sec )
# Calculate right-hand side vector. ( 1823 sec )
# Read sensitivity matrix from sensMatFreq5.( 1823 sec )
# Read sensitivity matrix from sensMatFreq6.( 1823 sec )
# Read sensitivity matrix from sensMatFreq7.( 1823 sec )
# Read sensitivity matrix from sensMatFreq8.( 1823 sec )
# Read sensitivity matrix from sensMatFreq9.( 1823 sec )
# Read sensitivity matrix from sensMatFreq10.( 1823 sec )
# Read sensitivity matrix from sensMatFreq5.( 1872 sec )
# Read sensitivity matrix from sensMatFreq6.( 1872 sec )
# Read sensitivity matrix from sensMatFreq7.( 1872 sec )
# Read sensitivity matrix from sensMatFreq8.( 1873 sec )
# Read sensitivity matrix from sensMatFreq9.( 1873 sec )
# Read sensitivity matrix from sensMatFreq10.( 1873 sec )
# Calculate model increments. ( 1873 sec )
###############################################################################
# Start Forward Computation.  Iteration : 3,  Retrial : 0
###############################################################################
#================================================================================================
# Start forward calculation. Frequency : 0.3981 [Hz], Polarization : Ex-polarization
#================================================================================================
# Start 3D forward calculation with 0th order 3D edge-based element.( 1874 sec )
# Number of equation = 475883, Number of equation after degeneration = 473549
# Calculating EM field of the boundary planes with 2D forward analysis.        
#-----------------------------[ Boundary Plane 2 ]-----------------------------
# Calculate electric field on a boundary plane with 0th order edge-based element.
# Number of equation = 514, Number of equation after degeneration = 470
# Set values of matrix and right hand side vector. ( 1874 sec )
# Numerical factorization phase of matrix solver for boundary plane. Polarization : 0 Plane : 2. ( 1874 sec )
# Solve phase of matrix solver for boundary plane. Polarization : 0 Plane : 2. ( 1874 sec )
#-----------------------------[ Boundary Plane 3 ]-----------------------------
# Calculate electric field on a boundary plane with 0th order edge-based element.
# Number of equation = 514, Number of equation after degeneration = 470
# Set values of matrix and right hand side vector. ( 1874 sec )
# Numerical factorization phase of matrix solver for boundary plane. Polarization : 0 Plane : 3. ( 1874 sec )
# Solve phase of matrix solver for boundary plane. Polarization : 0 Plane : 3. ( 1874 sec )
#------------------------------------------------------------------------------
# Set matrix structure. ( 1874 sec )
# Anaysis phase of matrix solver for 3D forward calculation. Polarization : 0. ( 1877 sec )
#++++++++++++++++++++++++++++++++++++++++++++++++++++++++++++++++++++++++++++++++++++++++++++++++
# Total peak memory required during the analysis and symbolic factorization phase    : 577151 [KByte]
# Permanent memory required from the analysis phase to the solve phases              : 482165 [KByte]
# Total memory consumed by in-core forward solver for internal float point arrays    : 4.11729e+06 [KByte]
# Minimum memory consumed by out-core forward solver for internal float point arrays : 68711 [KByte]
#++++++++++++++++++++++++++++++++++++++++++++++++++++++++++++++++++++++++++++++++++++++++++++++++
# Set values of matrix and right hand side vector. ( 1880 sec )
# Numerical factorization phase of matrix solver for 3D forward calculation. Polarization : 0.( 1882 sec )
# Solve phase of matrix solver for 3D forward calculation. Polarization : 0.( 1903 sec )
# Calulate right-hand sides vectors consisting of interpolator vectors.( 1903 sec )
# Solve phase of matrix solver for right-hand sides consisting of interpolator vectors.( 1904 sec )
# Solve phase is performed simultaneously for 81 right-hand sides( 1904 sec )
# Calculate derivatives of EM field.( 1906 sec )
#================================================================================================
# Start forward calculation. Frequency : 0.3981 [Hz], Polarization : Ey-polarization
#================================================================================================
# Start 3D forward calculation with 0th order 3D edge-based element.( 1919 sec )
# Number of equation = 475883, Number of equation after degeneration = 473549
# Calculating EM field of the boundary planes with 2D forward analysis.        
#-----------------------------[ Boundary Plane 0 ]-----------------------------
# Calculate electric field on a boundary plane with 0th order edge-based element.
# Number of equation = 520, Number of equation after degeneration = 476
# Set values of matrix and right hand side vector. ( 1919 sec )
# Numerical factorization phase of matrix solver for boundary plane. Polarization : 1 Plane : 0. ( 1919 sec )
# Solve phase of matrix solver for boundary plane. Polarization : 1 Plane : 0. ( 1919 sec )
#-----------------------------[ Boundary Plane 1 ]-----------------------------
# Calculate electric field on a boundary plane with 0th order edge-based element.
# Number of equation = 520, Number of equation after degeneration = 476
# Set values of matrix and right hand side vector. ( 1919 sec )
# Numerical factorization phase of matrix solver for boundary plane. Polarization : 1 Plane : 1. ( 1919 sec )
# Solve phase of matrix solver for boundary plane. Polarization : 1 Plane : 1. ( 1919 sec )
#------------------------------------------------------------------------------
# Set values of matrix and right hand side vector. ( 1919 sec )
# Numerical factorization phase of matrix solver for 3D forward calculation. Polarization : 1.( 1921 sec )
# Solve phase of matrix solver for 3D forward calculation. Polarization : 1.( 1941 sec )
# Calulate right-hand sides vectors consisting of interpolator vectors.( 1942 sec )
# Solve phase of matrix solver for right-hand sides consisting of interpolator vectors.( 1942 sec )
# Solve phase is performed simultaneously for 81 right-hand sides( 1942 sec )
# Calculate derivatives of EM field.( 1945 sec )
#==============================================================================
# Calculate response functions. ( 1957 sec )
# Calculate sensitivity matrix of frequency 0.3981[Hz].( 1957 sec )
# Sensitivity matrix of frequency 0.3981[Hz] is saved in the out-of-core file sensMatFreq5.
#==============================================================================
#================================================================================================
# Start forward calculation. Frequency : 0.63095 [Hz], Polarization : Ex-polarization
#================================================================================================
# Start 3D forward calculation with 0th order 3D edge-based element.( 1957 sec )
# Number of equation = 475883, Number of equation after degeneration = 473549
# Calculating EM field of the boundary planes with 2D forward analysis.        
#-----------------------------[ Boundary Plane 2 ]-----------------------------
# Calculate electric field on a boundary plane with 0th order edge-based element.
# Number of equation = 514, Number of equation after degeneration = 470
# Set values of matrix and right hand side vector. ( 1957 sec )
# Numerical factorization phase of matrix solver for boundary plane. Polarization : 0 Plane : 2. ( 1957 sec )
# Solve phase of matrix solver for boundary plane. Polarization : 0 Plane : 2. ( 1957 sec )
#-----------------------------[ Boundary Plane 3 ]-----------------------------
# Calculate electric field on a boundary plane with 0th order edge-based element.
# Number of equation = 514, Number of equation after degeneration = 470
# Set values of matrix and right hand side vector. ( 1957 sec )
# Numerical factorization phase of matrix solver for boundary plane. Polarization : 0 Plane : 3. ( 1957 sec )
# Solve phase of matrix solver for boundary plane. Polarization : 0 Plane : 3. ( 1957 sec )
#------------------------------------------------------------------------------
# Set values of matrix and right hand side vector. ( 1957 sec )
# Numerical factorization phase of matrix solver for 3D forward calculation. Polarization : 0.( 1959 sec )
# Solve phase of matrix solver for 3D forward calculation. Polarization : 0.( 1980 sec )
# Calulate right-hand sides vectors consisting of interpolator vectors.( 1980 sec )
# Solve phase of matrix solver for right-hand sides consisting of interpolator vectors.( 1980 sec )
# Solve phase is performed simultaneously for 135 right-hand sides( 1980 sec )
# Calculate derivatives of EM field.( 1985 sec )
#================================================================================================
# Start forward calculation. Frequency : 0.63095 [Hz], Polarization : Ey-polarization
#================================================================================================
# Start 3D forward calculation with 0th order 3D edge-based element.( 1998 sec )
# Number of equation = 475883, Number of equation after degeneration = 473549
# Calculating EM field of the boundary planes with 2D forward analysis.        
#-----------------------------[ Boundary Plane 0 ]-----------------------------
# Calculate electric field on a boundary plane with 0th order edge-based element.
# Number of equation = 520, Number of equation after degeneration = 476
# Set values of matrix and right hand side vector. ( 1998 sec )
# Numerical factorization phase of matrix solver for boundary plane. Polarization : 1 Plane : 0. ( 1998 sec )
# Solve phase of matrix solver for boundary plane. Polarization : 1 Plane : 0. ( 1998 sec )
#-----------------------------[ Boundary Plane 1 ]-----------------------------
# Calculate electric field on a boundary plane with 0th order edge-based element.
# Number of equation = 520, Number of equation after degeneration = 476
# Set values of matrix and right hand side vector. ( 1998 sec )
# Numerical factorization phase of matrix solver for boundary plane. Polarization : 1 Plane : 1. ( 1998 sec )
# Solve phase of matrix solver for boundary plane. Polarization : 1 Plane : 1. ( 1998 sec )
#------------------------------------------------------------------------------
# Set values of matrix and right hand side vector. ( 1998 sec )
# Numerical factorization phase of matrix solver for 3D forward calculation. Polarization : 1.( 2000 sec )
# Solve phase of matrix solver for 3D forward calculation. Polarization : 1.( 2021 sec )
# Calulate right-hand sides vectors consisting of interpolator vectors.( 2021 sec )
# Solve phase of matrix solver for right-hand sides consisting of interpolator vectors.( 2022 sec )
# Solve phase is performed simultaneously for 135 right-hand sides( 2022 sec )
# Calculate derivatives of EM field.( 2026 sec )
#==============================================================================
# Calculate response functions. ( 2038 sec )
# Calculate sensitivity matrix of frequency 0.63095[Hz].( 2038 sec )
# Sensitivity matrix of frequency 0.63095[Hz] is saved in the out-of-core file sensMatFreq6.
#==============================================================================
#================================================================================================
# Start forward calculation. Frequency : 1 [Hz], Polarization : Ex-polarization
#================================================================================================
# Start 3D forward calculation with 0th order 3D edge-based element.( 2040 sec )
# Number of equation = 475883, Number of equation after degeneration = 473549
# Calculating EM field of the boundary planes with 2D forward analysis.        
#-----------------------------[ Boundary Plane 2 ]-----------------------------
# Calculate electric field on a boundary plane with 0th order edge-based element.
# Number of equation = 514, Number of equation after degeneration = 470
# Set values of matrix and right hand side vector. ( 2040 sec )
# Numerical factorization phase of matrix solver for boundary plane. Polarization : 0 Plane : 2. ( 2040 sec )
# Solve phase of matrix solver for boundary plane. Polarization : 0 Plane : 2. ( 2040 sec )
#-----------------------------[ Boundary Plane 3 ]-----------------------------
# Calculate electric field on a boundary plane with 0th order edge-based element.
# Number of equation = 514, Number of equation after degeneration = 470
# Set values of matrix and right hand side vector. ( 2040 sec )
# Numerical factorization phase of matrix solver for boundary plane. Polarization : 0 Plane : 3. ( 2040 sec )
# Solve phase of matrix solver for boundary plane. Polarization : 0 Plane : 3. ( 2040 sec )
#------------------------------------------------------------------------------
# Set values of matrix and right hand side vector. ( 2040 sec )
# Numerical factorization phase of matrix solver for 3D forward calculation. Polarization : 0.( 2042 sec )
# Solve phase of matrix solver for 3D forward calculation. Polarization : 0.( 2062 sec )
# Calulate right-hand sides vectors consisting of interpolator vectors.( 2063 sec )
# Solve phase of matrix solver for right-hand sides consisting of interpolator vectors.( 2064 sec )
# Solve phase is performed simultaneously for 176 right-hand sides( 2064 sec )
# Calculate derivatives of EM field.( 2070 sec )
#================================================================================================
# Start forward calculation. Frequency : 1 [Hz], Polarization : Ey-polarization
#================================================================================================
# Start 3D forward calculation with 0th order 3D edge-based element.( 2078 sec )
# Number of equation = 475883, Number of equation after degeneration = 473549
# Calculating EM field of the boundary planes with 2D forward analysis.        
#-----------------------------[ Boundary Plane 0 ]-----------------------------
# Calculate electric field on a boundary plane with 0th order edge-based element.
# Number of equation = 520, Number of equation after degeneration = 476
# Set values of matrix and right hand side vector. ( 2078 sec )
# Numerical factorization phase of matrix solver for boundary plane. Polarization : 1 Plane : 0. ( 2078 sec )
# Solve phase of matrix solver for boundary plane. Polarization : 1 Plane : 0. ( 2078 sec )
#-----------------------------[ Boundary Plane 1 ]-----------------------------
# Calculate electric field on a boundary plane with 0th order edge-based element.
# Number of equation = 520, Number of equation after degeneration = 476
# Set values of matrix and right hand side vector. ( 2078 sec )
# Numerical factorization phase of matrix solver for boundary plane. Polarization : 1 Plane : 1. ( 2078 sec )
# Solve phase of matrix solver for boundary plane. Polarization : 1 Plane : 1. ( 2078 sec )
#------------------------------------------------------------------------------
# Set values of matrix and right hand side vector. ( 2078 sec )
# Numerical factorization phase of matrix solver for 3D forward calculation. Polarization : 1.( 2080 sec )
# Solve phase of matrix solver for 3D forward calculation. Polarization : 1.( 2101 sec )
# Calulate right-hand sides vectors consisting of interpolator vectors.( 2101 sec )
# Solve phase of matrix solver for right-hand sides consisting of interpolator vectors.( 2102 sec )
# Solve phase is performed simultaneously for 176 right-hand sides( 2102 sec )
# Calculate derivatives of EM field.( 2108 sec )
#==============================================================================
# Calculate response functions. ( 2114 sec )
# Calculate sensitivity matrix of frequency 1[Hz].( 2114 sec )
# Sensitivity matrix of frequency 1[Hz] is saved in the out-of-core file sensMatFreq7.
#==============================================================================
#================================================================================================
# Start forward calculation. Frequency : 1.5848 [Hz], Polarization : Ex-polarization
#================================================================================================
# Start 3D forward calculation with 0th order 3D edge-based element.( 2114 sec )
# Number of equation = 475883, Number of equation after degeneration = 473549
# Calculating EM field of the boundary planes with 2D forward analysis.        
#-----------------------------[ Boundary Plane 2 ]-----------------------------
# Calculate electric field on a boundary plane with 0th order edge-based element.
# Number of equation = 514, Number of equation after degeneration = 470
# Set values of matrix and right hand side vector. ( 2114 sec )
# Numerical factorization phase of matrix solver for boundary plane. Polarization : 0 Plane : 2. ( 2114 sec )
# Solve phase of matrix solver for boundary plane. Polarization : 0 Plane : 2. ( 2114 sec )
#-----------------------------[ Boundary Plane 3 ]-----------------------------
# Calculate electric field on a boundary plane with 0th order edge-based element.
# Number of equation = 514, Number of equation after degeneration = 470
# Set values of matrix and right hand side vector. ( 2114 sec )
# Numerical factorization phase of matrix solver for boundary plane. Polarization : 0 Plane : 3. ( 2114 sec )
# Solve phase of matrix solver for boundary plane. Polarization : 0 Plane : 3. ( 2114 sec )
#------------------------------------------------------------------------------
# Set values of matrix and right hand side vector. ( 2114 sec )
# Numerical factorization phase of matrix solver for 3D forward calculation. Polarization : 0.( 2117 sec )
# Solve phase of matrix solver for 3D forward calculation. Polarization : 0.( 2137 sec )
# Calulate right-hand sides vectors consisting of interpolator vectors.( 2138 sec )
# Solve phase of matrix solver for right-hand sides consisting of interpolator vectors.( 2139 sec )
# Solve phase is performed simultaneously for 197 right-hand sides( 2139 sec )
# Calculate derivatives of EM field.( 2145 sec )
#================================================================================================
# Start forward calculation. Frequency : 1.5848 [Hz], Polarization : Ey-polarization
#================================================================================================
# Start 3D forward calculation with 0th order 3D edge-based element.( 2153 sec )
# Number of equation = 475883, Number of equation after degeneration = 473549
# Calculating EM field of the boundary planes with 2D forward analysis.        
#-----------------------------[ Boundary Plane 0 ]-----------------------------
# Calculate electric field on a boundary plane with 0th order edge-based element.
# Number of equation = 520, Number of equation after degeneration = 476
# Set values of matrix and right hand side vector. ( 2153 sec )
# Numerical factorization phase of matrix solver for boundary plane. Polarization : 1 Plane : 0. ( 2153 sec )
# Solve phase of matrix solver for boundary plane. Polarization : 1 Plane : 0. ( 2153 sec )
#-----------------------------[ Boundary Plane 1 ]-----------------------------
# Calculate electric field on a boundary plane with 0th order edge-based element.
# Number of equation = 520, Number of equation after degeneration = 476
# Set values of matrix and right hand side vector. ( 2153 sec )
# Numerical factorization phase of matrix solver for boundary plane. Polarization : 1 Plane : 1. ( 2153 sec )
# Solve phase of matrix solver for boundary plane. Polarization : 1 Plane : 1. ( 2153 sec )
#------------------------------------------------------------------------------
# Set values of matrix and right hand side vector. ( 2153 sec )
# Numerical factorization phase of matrix solver for 3D forward calculation. Polarization : 1.( 2155 sec )
# Solve phase of matrix solver for 3D forward calculation. Polarization : 1.( 2176 sec )
# Calulate right-hand sides vectors consisting of interpolator vectors.( 2176 sec )
# Solve phase of matrix solver for right-hand sides consisting of interpolator vectors.( 2177 sec )
# Solve phase is performed simultaneously for 197 right-hand sides( 2177 sec )
# Calculate derivatives of EM field.( 2183 sec )
#==============================================================================
# Calculate response functions. ( 2191 sec )
# Calculate sensitivity matrix of frequency 1.5848[Hz].( 2191 sec )
# Sensitivity matrix of frequency 1.5848[Hz] is saved in the out-of-core file sensMatFreq8.
#==============================================================================
#================================================================================================
# Start forward calculation. Frequency : 2.5118 [Hz], Polarization : Ex-polarization
#================================================================================================
# Start 3D forward calculation with 0th order 3D edge-based element.( 2192 sec )
# Number of equation = 475883, Number of equation after degeneration = 473549
# Calculating EM field of the boundary planes with 2D forward analysis.        
#-----------------------------[ Boundary Plane 2 ]-----------------------------
# Calculate electric field on a boundary plane with 0th order edge-based element.
# Number of equation = 514, Number of equation after degeneration = 470
# Set values of matrix and right hand side vector. ( 2192 sec )
# Numerical factorization phase of matrix solver for boundary plane. Polarization : 0 Plane : 2. ( 2192 sec )
# Solve phase of matrix solver for boundary plane. Polarization : 0 Plane : 2. ( 2192 sec )
#-----------------------------[ Boundary Plane 3 ]-----------------------------
# Calculate electric field on a boundary plane with 0th order edge-based element.
# Number of equation = 514, Number of equation after degeneration = 470
# Set values of matrix and right hand side vector. ( 2192 sec )
# Numerical factorization phase of matrix solver for boundary plane. Polarization : 0 Plane : 3. ( 2192 sec )
# Solve phase of matrix solver for boundary plane. Polarization : 0 Plane : 3. ( 2192 sec )
#------------------------------------------------------------------------------
# Set values of matrix and right hand side vector. ( 2192 sec )
# Numerical factorization phase of matrix solver for 3D forward calculation. Polarization : 0.( 2194 sec )
# Solve phase of matrix solver for 3D forward calculation. Polarization : 0.( 2214 sec )
# Calulate right-hand sides vectors consisting of interpolator vectors.( 2215 sec )
# Solve phase of matrix solver for right-hand sides consisting of interpolator vectors.( 2216 sec )
# Solve phase is performed simultaneously for 244 right-hand sides( 2216 sec )
# Calculate derivatives of EM field.( 2224 sec )
#================================================================================================
# Start forward calculation. Frequency : 2.5118 [Hz], Polarization : Ey-polarization
#================================================================================================
# Start 3D forward calculation with 0th order 3D edge-based element.( 2231 sec )
# Number of equation = 475883, Number of equation after degeneration = 473549
# Calculating EM field of the boundary planes with 2D forward analysis.        
#-----------------------------[ Boundary Plane 0 ]-----------------------------
# Calculate electric field on a boundary plane with 0th order edge-based element.
# Number of equation = 520, Number of equation after degeneration = 476
# Set values of matrix and right hand side vector. ( 2231 sec )
# Numerical factorization phase of matrix solver for boundary plane. Polarization : 1 Plane : 0. ( 2231 sec )
# Solve phase of matrix solver for boundary plane. Polarization : 1 Plane : 0. ( 2231 sec )
#-----------------------------[ Boundary Plane 1 ]-----------------------------
# Calculate electric field on a boundary plane with 0th order edge-based element.
# Number of equation = 520, Number of equation after degeneration = 476
# Set values of matrix and right hand side vector. ( 2231 sec )
# Numerical factorization phase of matrix solver for boundary plane. Polarization : 1 Plane : 1. ( 2231 sec )
# Solve phase of matrix solver for boundary plane. Polarization : 1 Plane : 1. ( 2231 sec )
#------------------------------------------------------------------------------
# Set values of matrix and right hand side vector. ( 2231 sec )
# Numerical factorization phase of matrix solver for 3D forward calculation. Polarization : 1.( 2234 sec )
# Solve phase of matrix solver for 3D forward calculation. Polarization : 1.( 2254 sec )
# Calulate right-hand sides vectors consisting of interpolator vectors.( 2254 sec )
# Solve phase of matrix solver for right-hand sides consisting of interpolator vectors.( 2255 sec )
# Solve phase is performed simultaneously for 244 right-hand sides( 2255 sec )
# Calculate derivatives of EM field.( 2262 sec )
#==============================================================================
# Calculate response functions. ( 2268 sec )
# Calculate sensitivity matrix of frequency 2.5118[Hz].( 2268 sec )
# Sensitivity matrix of frequency 2.5118[Hz] is saved in the out-of-core file sensMatFreq9.
#==============================================================================
#================================================================================================
# Start forward calculation. Frequency : 3.981 [Hz], Polarization : Ex-polarization
#================================================================================================
# Start 3D forward calculation with 0th order 3D edge-based element.( 2269 sec )
# Number of equation = 475883, Number of equation after degeneration = 473549
# Calculating EM field of the boundary planes with 2D forward analysis.        
#-----------------------------[ Boundary Plane 2 ]-----------------------------
# Calculate electric field on a boundary plane with 0th order edge-based element.
# Number of equation = 514, Number of equation after degeneration = 470
# Set values of matrix and right hand side vector. ( 2269 sec )
# Numerical factorization phase of matrix solver for boundary plane. Polarization : 0 Plane : 2. ( 2269 sec )
# Solve phase of matrix solver for boundary plane. Polarization : 0 Plane : 2. ( 2269 sec )
#-----------------------------[ Boundary Plane 3 ]-----------------------------
# Calculate electric field on a boundary plane with 0th order edge-based element.
# Number of equation = 514, Number of equation after degeneration = 470
# Set values of matrix and right hand side vector. ( 2269 sec )
# Numerical factorization phase of matrix solver for boundary plane. Polarization : 0 Plane : 3. ( 2269 sec )
# Solve phase of matrix solver for boundary plane. Polarization : 0 Plane : 3. ( 2269 sec )
#------------------------------------------------------------------------------
# Set values of matrix and right hand side vector. ( 2269 sec )
# Numerical factorization phase of matrix solver for 3D forward calculation. Polarization : 0.( 2271 sec )
# Solve phase of matrix solver for 3D forward calculation. Polarization : 0.( 2289 sec )
# Calulate right-hand sides vectors consisting of interpolator vectors.( 2290 sec )
# Solve phase of matrix solver for right-hand sides consisting of interpolator vectors.( 2291 sec )
# Solve phase is performed simultaneously for 254 right-hand sides( 2291 sec )
# Calculate derivatives of EM field.( 2299 sec )
#================================================================================================
# Start forward calculation. Frequency : 3.981 [Hz], Polarization : Ey-polarization
#================================================================================================
# Start 3D forward calculation with 0th order 3D edge-based element.( 2305 sec )
# Number of equation = 475883, Number of equation after degeneration = 473549
# Calculating EM field of the boundary planes with 2D forward analysis.        
#-----------------------------[ Boundary Plane 0 ]-----------------------------
# Calculate electric field on a boundary plane with 0th order edge-based element.
# Number of equation = 520, Number of equation after degeneration = 476
# Set values of matrix and right hand side vector. ( 2305 sec )
# Numerical factorization phase of matrix solver for boundary plane. Polarization : 1 Plane : 0. ( 2305 sec )
# Solve phase of matrix solver for boundary plane. Polarization : 1 Plane : 0. ( 2305 sec )
#-----------------------------[ Boundary Plane 1 ]-----------------------------
# Calculate electric field on a boundary plane with 0th order edge-based element.
# Number of equation = 520, Number of equation after degeneration = 476
# Set values of matrix and right hand side vector. ( 2305 sec )
# Numerical factorization phase of matrix solver for boundary plane. Polarization : 1 Plane : 1. ( 2305 sec )
# Solve phase of matrix solver for boundary plane. Polarization : 1 Plane : 1. ( 2305 sec )
#------------------------------------------------------------------------------
# Set values of matrix and right hand side vector. ( 2305 sec )
# Numerical factorization phase of matrix solver for 3D forward calculation. Polarization : 1.( 2307 sec )
# Solve phase of matrix solver for 3D forward calculation. Polarization : 1.( 2325 sec )
# Calulate right-hand sides vectors consisting of interpolator vectors.( 2325 sec )
# Solve phase of matrix solver for right-hand sides consisting of interpolator vectors.( 2326 sec )
# Solve phase is performed simultaneously for 254 right-hand sides( 2326 sec )
# Calculate derivatives of EM field.( 2334 sec )
#==============================================================================
# Calculate response functions. ( 2340 sec )
# Calculate sensitivity matrix of frequency 3.981[Hz].( 2340 sec )
# Sensitivity matrix of frequency 3.981[Hz] is saved in the out-of-core file sensMatFreq10.
#==============================================================================
# Release memory of coefficient matrix and sparse solver. ( 2341 sec )
###############################################################################
# Start Inversion.  Iteration : 3
###############################################################################
# Number of model : 54779
# Number of frequencies of this PE : 6
# Calculate constraining matrix. ( 2433 sec )
# Analyse constraining matrix.( 2433 sec )
# Analyse transposed constraining matrix.( 2433 sec )
# Factorize constraining matrix.( 2433 sec )
# Factorize transposed constraining matrix.( 2433 sec )
# Number of data of this PE : 1876
# Read sensitivity matrix from sensMatFreq5.( 2434 sec )
# Multiply transposed sensitivity matrix by inverse of transposed constraining matrix. ( 2434 sec )
# Solve phase is performed simultaneously for 140 right-hand sides( 2434 sec )
# Read sensitivity matrix from sensMatFreq6.( 2435 sec )
# Multiply transposed sensitivity matrix by inverse of transposed constraining matrix. ( 2435 sec )
# Solve phase is performed simultaneously for 228 right-hand sides( 2435 sec )
# Read sensitivity matrix from sensMatFreq7.( 2436 sec )
# Multiply transposed sensitivity matrix by inverse of transposed constraining matrix. ( 2437 sec )
# Solve phase is performed simultaneously for 304 right-hand sides( 2437 sec )
# Read sensitivity matrix from sensMatFreq8.( 2437 sec )
# Multiply transposed sensitivity matrix by inverse of transposed constraining matrix. ( 2438 sec )
# Solve phase is performed simultaneously for 340 right-hand sides( 2438 sec )
# Read sensitivity matrix from sensMatFreq9.( 2439 sec )
# Multiply transposed sensitivity matrix by inverse of transposed constraining matrix. ( 2439 sec )
# Solve phase is performed simultaneously for 424 right-hand sides( 2439 sec )
# Read sensitivity matrix from sensMatFreq10.( 2440 sec )
# Multiply transposed sensitivity matrix by inverse of transposed constraining matrix. ( 2441 sec )
# Solve phase is performed simultaneously for 440 right-hand sides( 2441 sec )
# Calculate right-hand side vector. ( 2448 sec )
# Read sensitivity matrix from sensMatFreq5.( 2448 sec )
# Read sensitivity matrix from sensMatFreq6.( 2448 sec )
# Read sensitivity matrix from sensMatFreq7.( 2448 sec )
# Read sensitivity matrix from sensMatFreq8.( 2448 sec )
# Read sensitivity matrix from sensMatFreq9.( 2448 sec )
# Read sensitivity matrix from sensMatFreq10.( 2448 sec )
# Read sensitivity matrix from sensMatFreq5.( 2495 sec )
# Read sensitivity matrix from sensMatFreq6.( 2495 sec )
# Read sensitivity matrix from sensMatFreq7.( 2495 sec )
# Read sensitivity matrix from sensMatFreq8.( 2495 sec )
# Read sensitivity matrix from sensMatFreq9.( 2496 sec )
# Read sensitivity matrix from sensMatFreq10.( 2496 sec )
# Calculate model increments. ( 2496 sec )
###############################################################################
# Start Forward Computation.  Iteration : 4,  Retrial : 0
###############################################################################
#================================================================================================
# Start forward calculation. Frequency : 0.3981 [Hz], Polarization : Ex-polarization
#================================================================================================
# Start 3D forward calculation with 0th order 3D edge-based element.( 2497 sec )
# Number of equation = 475883, Number of equation after degeneration = 473549
# Calculating EM field of the boundary planes with 2D forward analysis.        
#-----------------------------[ Boundary Plane 2 ]-----------------------------
# Calculate electric field on a boundary plane with 0th order edge-based element.
# Number of equation = 514, Number of equation after degeneration = 470
# Set values of matrix and right hand side vector. ( 2497 sec )
# Numerical factorization phase of matrix solver for boundary plane. Polarization : 0 Plane : 2. ( 2497 sec )
# Solve phase of matrix solver for boundary plane. Polarization : 0 Plane : 2. ( 2497 sec )
#-----------------------------[ Boundary Plane 3 ]-----------------------------
# Calculate electric field on a boundary plane with 0th order edge-based element.
# Number of equation = 514, Number of equation after degeneration = 470
# Set values of matrix and right hand side vector. ( 2497 sec )
# Numerical factorization phase of matrix solver for boundary plane. Polarization : 0 Plane : 3. ( 2497 sec )
# Solve phase of matrix solver for boundary plane. Polarization : 0 Plane : 3. ( 2497 sec )
#------------------------------------------------------------------------------
# Set matrix structure. ( 2497 sec )
# Anaysis phase of matrix solver for 3D forward calculation. Polarization : 0. ( 2500 sec )
#++++++++++++++++++++++++++++++++++++++++++++++++++++++++++++++++++++++++++++++++++++++++++++++++
# Total peak memory required during the analysis and symbolic factorization phase    : 577974 [KByte]
# Permanent memory required from the analysis phase to the solve phases              : 482462 [KByte]
# Total memory consumed by in-core forward solver for internal float point arrays    : 4.14578e+06 [KByte]
# Minimum memory consumed by out-core forward solver for internal float point arrays : 68423 [KByte]
#++++++++++++++++++++++++++++++++++++++++++++++++++++++++++++++++++++++++++++++++++++++++++++++++
# Set values of matrix and right hand side vector. ( 2503 sec )
# Numerical factorization phase of matrix solver for 3D forward calculation. Polarization : 0.( 2505 sec )
# Solve phase of matrix solver for 3D forward calculation. Polarization : 0.( 2526 sec )
# Calulate right-hand sides vectors consisting of interpolator vectors.( 2526 sec )
# Solve phase of matrix solver for right-hand sides consisting of interpolator vectors.( 2527 sec )
# Solve phase is performed simultaneously for 81 right-hand sides( 2527 sec )
# Calculate derivatives of EM field.( 2529 sec )
#================================================================================================
# Start forward calculation. Frequency : 0.3981 [Hz], Polarization : Ey-polarization
#================================================================================================
# Start 3D forward calculation with 0th order 3D edge-based element.( 2542 sec )
# Number of equation = 475883, Number of equation after degeneration = 473549
# Calculating EM field of the boundary planes with 2D forward analysis.        
#-----------------------------[ Boundary Plane 0 ]-----------------------------
# Calculate electric field on a boundary plane with 0th order edge-based element.
# Number of equation = 520, Number of equation after degeneration = 476
# Set values of matrix and right hand side vector. ( 2542 sec )
# Numerical factorization phase of matrix solver for boundary plane. Polarization : 1 Plane : 0. ( 2542 sec )
# Solve phase of matrix solver for boundary plane. Polarization : 1 Plane : 0. ( 2542 sec )
#-----------------------------[ Boundary Plane 1 ]-----------------------------
# Calculate electric field on a boundary plane with 0th order edge-based element.
# Number of equation = 520, Number of equation after degeneration = 476
# Set values of matrix and right hand side vector. ( 2542 sec )
# Numerical factorization phase of matrix solver for boundary plane. Polarization : 1 Plane : 1. ( 2542 sec )
# Solve phase of matrix solver for boundary plane. Polarization : 1 Plane : 1. ( 2542 sec )
#------------------------------------------------------------------------------
# Set values of matrix and right hand side vector. ( 2542 sec )
# Numerical factorization phase of matrix solver for 3D forward calculation. Polarization : 1.( 2544 sec )
# Solve phase of matrix solver for 3D forward calculation. Polarization : 1.( 2565 sec )
# Calulate right-hand sides vectors consisting of interpolator vectors.( 2565 sec )
# Solve phase of matrix solver for right-hand sides consisting of interpolator vectors.( 2566 sec )
# Solve phase is performed simultaneously for 81 right-hand sides( 2566 sec )
# Calculate derivatives of EM field.( 2568 sec )
#==============================================================================
# Calculate response functions. ( 2581 sec )
# Calculate sensitivity matrix of frequency 0.3981[Hz].( 2581 sec )
# Sensitivity matrix of frequency 0.3981[Hz] is saved in the out-of-core file sensMatFreq5.
#==============================================================================
#================================================================================================
# Start forward calculation. Frequency : 0.63095 [Hz], Polarization : Ex-polarization
#================================================================================================
# Start 3D forward calculation with 0th order 3D edge-based element.( 2581 sec )
# Number of equation = 475883, Number of equation after degeneration = 473549
# Calculating EM field of the boundary planes with 2D forward analysis.        
#-----------------------------[ Boundary Plane 2 ]-----------------------------
# Calculate electric field on a boundary plane with 0th order edge-based element.
# Number of equation = 514, Number of equation after degeneration = 470
# Set values of matrix and right hand side vector. ( 2581 sec )
# Numerical factorization phase of matrix solver for boundary plane. Polarization : 0 Plane : 2. ( 2581 sec )
# Solve phase of matrix solver for boundary plane. Polarization : 0 Plane : 2. ( 2581 sec )
#-----------------------------[ Boundary Plane 3 ]-----------------------------
# Calculate electric field on a boundary plane with 0th order edge-based element.
# Number of equation = 514, Number of equation after degeneration = 470
# Set values of matrix and right hand side vector. ( 2581 sec )
# Numerical factorization phase of matrix solver for boundary plane. Polarization : 0 Plane : 3. ( 2581 sec )
# Solve phase of matrix solver for boundary plane. Polarization : 0 Plane : 3. ( 2581 sec )
#------------------------------------------------------------------------------
# Set values of matrix and right hand side vector. ( 2581 sec )
# Numerical factorization phase of matrix solver for 3D forward calculation. Polarization : 0.( 2583 sec )
# Solve phase of matrix solver for 3D forward calculation. Polarization : 0.( 2604 sec )
# Calulate right-hand sides vectors consisting of interpolator vectors.( 2604 sec )
# Solve phase of matrix solver for right-hand sides consisting of interpolator vectors.( 2605 sec )
# Solve phase is performed simultaneously for 135 right-hand sides( 2605 sec )
# Calculate derivatives of EM field.( 2610 sec )
#================================================================================================
# Start forward calculation. Frequency : 0.63095 [Hz], Polarization : Ey-polarization
#================================================================================================
# Start 3D forward calculation with 0th order 3D edge-based element.( 2622 sec )
# Number of equation = 475883, Number of equation after degeneration = 473549
# Calculating EM field of the boundary planes with 2D forward analysis.        
#-----------------------------[ Boundary Plane 0 ]-----------------------------
# Calculate electric field on a boundary plane with 0th order edge-based element.
# Number of equation = 520, Number of equation after degeneration = 476
# Set values of matrix and right hand side vector. ( 2622 sec )
# Numerical factorization phase of matrix solver for boundary plane. Polarization : 1 Plane : 0. ( 2622 sec )
# Solve phase of matrix solver for boundary plane. Polarization : 1 Plane : 0. ( 2622 sec )
#-----------------------------[ Boundary Plane 1 ]-----------------------------
# Calculate electric field on a boundary plane with 0th order edge-based element.
# Number of equation = 520, Number of equation after degeneration = 476
# Set values of matrix and right hand side vector. ( 2622 sec )
# Numerical factorization phase of matrix solver for boundary plane. Polarization : 1 Plane : 1. ( 2622 sec )
# Solve phase of matrix solver for boundary plane. Polarization : 1 Plane : 1. ( 2622 sec )
#------------------------------------------------------------------------------
# Set values of matrix and right hand side vector. ( 2622 sec )
# Numerical factorization phase of matrix solver for 3D forward calculation. Polarization : 1.( 2624 sec )
# Solve phase of matrix solver for 3D forward calculation. Polarization : 1.( 2644 sec )
# Calulate right-hand sides vectors consisting of interpolator vectors.( 2645 sec )
# Solve phase of matrix solver for right-hand sides consisting of interpolator vectors.( 2645 sec )
# Solve phase is performed simultaneously for 135 right-hand sides( 2645 sec )
# Calculate derivatives of EM field.( 2650 sec )
#==============================================================================
# Calculate response functions. ( 2661 sec )
# Calculate sensitivity matrix of frequency 0.63095[Hz].( 2661 sec )
# Sensitivity matrix of frequency 0.63095[Hz] is saved in the out-of-core file sensMatFreq6.
#==============================================================================
#================================================================================================
# Start forward calculation. Frequency : 1 [Hz], Polarization : Ex-polarization
#================================================================================================
# Start 3D forward calculation with 0th order 3D edge-based element.( 2661 sec )
# Number of equation = 475883, Number of equation after degeneration = 473549
# Calculating EM field of the boundary planes with 2D forward analysis.        
#-----------------------------[ Boundary Plane 2 ]-----------------------------
# Calculate electric field on a boundary plane with 0th order edge-based element.
# Number of equation = 514, Number of equation after degeneration = 470
# Set values of matrix and right hand side vector. ( 2661 sec )
# Numerical factorization phase of matrix solver for boundary plane. Polarization : 0 Plane : 2. ( 2661 sec )
# Solve phase of matrix solver for boundary plane. Polarization : 0 Plane : 2. ( 2661 sec )
#-----------------------------[ Boundary Plane 3 ]-----------------------------
# Calculate electric field on a boundary plane with 0th order edge-based element.
# Number of equation = 514, Number of equation after degeneration = 470
# Set values of matrix and right hand side vector. ( 2661 sec )
# Numerical factorization phase of matrix solver for boundary plane. Polarization : 0 Plane : 3. ( 2661 sec )
# Solve phase of matrix solver for boundary plane. Polarization : 0 Plane : 3. ( 2661 sec )
#------------------------------------------------------------------------------
# Set values of matrix and right hand side vector. ( 2661 sec )
# Numerical factorization phase of matrix solver for 3D forward calculation. Polarization : 0.( 2664 sec )
# Solve phase of matrix solver for 3D forward calculation. Polarization : 0.( 2684 sec )
# Calulate right-hand sides vectors consisting of interpolator vectors.( 2685 sec )
# Solve phase of matrix solver for right-hand sides consisting of interpolator vectors.( 2685 sec )
# Solve phase is performed simultaneously for 176 right-hand sides( 2685 sec )
# Calculate derivatives of EM field.( 2692 sec )
#================================================================================================
# Start forward calculation. Frequency : 1 [Hz], Polarization : Ey-polarization
#================================================================================================
# Start 3D forward calculation with 0th order 3D edge-based element.( 2699 sec )
# Number of equation = 475883, Number of equation after degeneration = 473549
# Calculating EM field of the boundary planes with 2D forward analysis.        
#-----------------------------[ Boundary Plane 0 ]-----------------------------
# Calculate electric field on a boundary plane with 0th order edge-based element.
# Number of equation = 520, Number of equation after degeneration = 476
# Set values of matrix and right hand side vector. ( 2699 sec )
# Numerical factorization phase of matrix solver for boundary plane. Polarization : 1 Plane : 0. ( 2699 sec )
# Solve phase of matrix solver for boundary plane. Polarization : 1 Plane : 0. ( 2699 sec )
#-----------------------------[ Boundary Plane 1 ]-----------------------------
# Calculate electric field on a boundary plane with 0th order edge-based element.
# Number of equation = 520, Number of equation after degeneration = 476
# Set values of matrix and right hand side vector. ( 2699 sec )
# Numerical factorization phase of matrix solver for boundary plane. Polarization : 1 Plane : 1. ( 2699 sec )
# Solve phase of matrix solver for boundary plane. Polarization : 1 Plane : 1. ( 2699 sec )
#------------------------------------------------------------------------------
# Set values of matrix and right hand side vector. ( 2699 sec )
# Numerical factorization phase of matrix solver for 3D forward calculation. Polarization : 1.( 2701 sec )
# Solve phase of matrix solver for 3D forward calculation. Polarization : 1.( 2722 sec )
# Calulate right-hand sides vectors consisting of interpolator vectors.( 2722 sec )
# Solve phase of matrix solver for right-hand sides consisting of interpolator vectors.( 2723 sec )
# Solve phase is performed simultaneously for 176 right-hand sides( 2723 sec )
# Calculate derivatives of EM field.( 2729 sec )
#==============================================================================
# Calculate response functions. ( 2735 sec )
# Calculate sensitivity matrix of frequency 1[Hz].( 2735 sec )
# Sensitivity matrix of frequency 1[Hz] is saved in the out-of-core file sensMatFreq7.
#==============================================================================
#================================================================================================
# Start forward calculation. Frequency : 1.5848 [Hz], Polarization : Ex-polarization
#================================================================================================
# Start 3D forward calculation with 0th order 3D edge-based element.( 2735 sec )
# Number of equation = 475883, Number of equation after degeneration = 473549
# Calculating EM field of the boundary planes with 2D forward analysis.        
#-----------------------------[ Boundary Plane 2 ]-----------------------------
# Calculate electric field on a boundary plane with 0th order edge-based element.
# Number of equation = 514, Number of equation after degeneration = 470
# Set values of matrix and right hand side vector. ( 2735 sec )
# Numerical factorization phase of matrix solver for boundary plane. Polarization : 0 Plane : 2. ( 2735 sec )
# Solve phase of matrix solver for boundary plane. Polarization : 0 Plane : 2. ( 2735 sec )
#-----------------------------[ Boundary Plane 3 ]-----------------------------
# Calculate electric field on a boundary plane with 0th order edge-based element.
# Number of equation = 514, Number of equation after degeneration = 470
# Set values of matrix and right hand side vector. ( 2735 sec )
# Numerical factorization phase of matrix solver for boundary plane. Polarization : 0 Plane : 3. ( 2735 sec )
# Solve phase of matrix solver for boundary plane. Polarization : 0 Plane : 3. ( 2735 sec )
#------------------------------------------------------------------------------
# Set values of matrix and right hand side vector. ( 2735 sec )
# Numerical factorization phase of matrix solver for 3D forward calculation. Polarization : 0.( 2737 sec )
# Solve phase of matrix solver for 3D forward calculation. Polarization : 0.( 2758 sec )
# Calulate right-hand sides vectors consisting of interpolator vectors.( 2758 sec )
# Solve phase of matrix solver for right-hand sides consisting of interpolator vectors.( 2759 sec )
# Solve phase is performed simultaneously for 197 right-hand sides( 2759 sec )
# Calculate derivatives of EM field.( 2766 sec )
#================================================================================================
# Start forward calculation. Frequency : 1.5848 [Hz], Polarization : Ey-polarization
#================================================================================================
# Start 3D forward calculation with 0th order 3D edge-based element.( 2772 sec )
# Number of equation = 475883, Number of equation after degeneration = 473549
# Calculating EM field of the boundary planes with 2D forward analysis.        
#-----------------------------[ Boundary Plane 0 ]-----------------------------
# Calculate electric field on a boundary plane with 0th order edge-based element.
# Number of equation = 520, Number of equation after degeneration = 476
# Set values of matrix and right hand side vector. ( 2772 sec )
# Numerical factorization phase of matrix solver for boundary plane. Polarization : 1 Plane : 0. ( 2772 sec )
# Solve phase of matrix solver for boundary plane. Polarization : 1 Plane : 0. ( 2772 sec )
#-----------------------------[ Boundary Plane 1 ]-----------------------------
# Calculate electric field on a boundary plane with 0th order edge-based element.
# Number of equation = 520, Number of equation after degeneration = 476
# Set values of matrix and right hand side vector. ( 2772 sec )
# Numerical factorization phase of matrix solver for boundary plane. Polarization : 1 Plane : 1. ( 2772 sec )
# Solve phase of matrix solver for boundary plane. Polarization : 1 Plane : 1. ( 2772 sec )
#------------------------------------------------------------------------------
# Set values of matrix and right hand side vector. ( 2772 sec )
# Numerical factorization phase of matrix solver for 3D forward calculation. Polarization : 1.( 2774 sec )
# Solve phase of matrix solver for 3D forward calculation. Polarization : 1.( 2795 sec )
# Calulate right-hand sides vectors consisting of interpolator vectors.( 2795 sec )
# Solve phase of matrix solver for right-hand sides consisting of interpolator vectors.( 2796 sec )
# Solve phase is performed simultaneously for 197 right-hand sides( 2796 sec )
# Calculate derivatives of EM field.( 2802 sec )
#==============================================================================
# Calculate response functions. ( 2810 sec )
# Calculate sensitivity matrix of frequency 1.5848[Hz].( 2810 sec )
# Sensitivity matrix of frequency 1.5848[Hz] is saved in the out-of-core file sensMatFreq8.
#==============================================================================
#================================================================================================
# Start forward calculation. Frequency : 2.5118 [Hz], Polarization : Ex-polarization
#================================================================================================
# Start 3D forward calculation with 0th order 3D edge-based element.( 2810 sec )
# Number of equation = 475883, Number of equation after degeneration = 473549
# Calculating EM field of the boundary planes with 2D forward analysis.        
#-----------------------------[ Boundary Plane 2 ]-----------------------------
# Calculate electric field on a boundary plane with 0th order edge-based element.
# Number of equation = 514, Number of equation after degeneration = 470
# Set values of matrix and right hand side vector. ( 2810 sec )
# Numerical factorization phase of matrix solver for boundary plane. Polarization : 0 Plane : 2. ( 2810 sec )
# Solve phase of matrix solver for boundary plane. Polarization : 0 Plane : 2. ( 2810 sec )
#-----------------------------[ Boundary Plane 3 ]-----------------------------
# Calculate electric field on a boundary plane with 0th order edge-based element.
# Number of equation = 514, Number of equation after degeneration = 470
# Set values of matrix and right hand side vector. ( 2810 sec )
# Numerical factorization phase of matrix solver for boundary plane. Polarization : 0 Plane : 3. ( 2810 sec )
# Solve phase of matrix solver for boundary plane. Polarization : 0 Plane : 3. ( 2810 sec )
#------------------------------------------------------------------------------
# Set values of matrix and right hand side vector. ( 2810 sec )
# Numerical factorization phase of matrix solver for 3D forward calculation. Polarization : 0.( 2813 sec )
# Solve phase of matrix solver for 3D forward calculation. Polarization : 0.( 2833 sec )
# Calulate right-hand sides vectors consisting of interpolator vectors.( 2834 sec )
# Solve phase of matrix solver for right-hand sides consisting of interpolator vectors.( 2835 sec )
# Solve phase is performed simultaneously for 244 right-hand sides( 2835 sec )
# Calculate derivatives of EM field.( 2843 sec )
#================================================================================================
# Start forward calculation. Frequency : 2.5118 [Hz], Polarization : Ey-polarization
#================================================================================================
# Start 3D forward calculation with 0th order 3D edge-based element.( 2849 sec )
# Number of equation = 475883, Number of equation after degeneration = 473549
# Calculating EM field of the boundary planes with 2D forward analysis.        
#-----------------------------[ Boundary Plane 0 ]-----------------------------
# Calculate electric field on a boundary plane with 0th order edge-based element.
# Number of equation = 520, Number of equation after degeneration = 476
# Set values of matrix and right hand side vector. ( 2849 sec )
# Numerical factorization phase of matrix solver for boundary plane. Polarization : 1 Plane : 0. ( 2849 sec )
# Solve phase of matrix solver for boundary plane. Polarization : 1 Plane : 0. ( 2849 sec )
#-----------------------------[ Boundary Plane 1 ]-----------------------------
# Calculate electric field on a boundary plane with 0th order edge-based element.
# Number of equation = 520, Number of equation after degeneration = 476
# Set values of matrix and right hand side vector. ( 2849 sec )
# Numerical factorization phase of matrix solver for boundary plane. Polarization : 1 Plane : 1. ( 2849 sec )
# Solve phase of matrix solver for boundary plane. Polarization : 1 Plane : 1. ( 2849 sec )
#------------------------------------------------------------------------------
# Set values of matrix and right hand side vector. ( 2849 sec )
# Numerical factorization phase of matrix solver for 3D forward calculation. Polarization : 1.( 2852 sec )
# Solve phase of matrix solver for 3D forward calculation. Polarization : 1.( 2872 sec )
# Calulate right-hand sides vectors consisting of interpolator vectors.( 2872 sec )
# Solve phase of matrix solver for right-hand sides consisting of interpolator vectors.( 2873 sec )
# Solve phase is performed simultaneously for 244 right-hand sides( 2873 sec )
# Calculate derivatives of EM field.( 2880 sec )
#==============================================================================
# Calculate response functions. ( 2885 sec )
# Calculate sensitivity matrix of frequency 2.5118[Hz].( 2885 sec )
# Sensitivity matrix of frequency 2.5118[Hz] is saved in the out-of-core file sensMatFreq9.
#==============================================================================
#================================================================================================
# Start forward calculation. Frequency : 3.981 [Hz], Polarization : Ex-polarization
#================================================================================================
# Start 3D forward calculation with 0th order 3D edge-based element.( 2886 sec )
# Number of equation = 475883, Number of equation after degeneration = 473549
# Calculating EM field of the boundary planes with 2D forward analysis.        
#-----------------------------[ Boundary Plane 2 ]-----------------------------
# Calculate electric field on a boundary plane with 0th order edge-based element.
# Number of equation = 514, Number of equation after degeneration = 470
# Set values of matrix and right hand side vector. ( 2886 sec )
# Numerical factorization phase of matrix solver for boundary plane. Polarization : 0 Plane : 2. ( 2886 sec )
# Solve phase of matrix solver for boundary plane. Polarization : 0 Plane : 2. ( 2886 sec )
#-----------------------------[ Boundary Plane 3 ]-----------------------------
# Calculate electric field on a boundary plane with 0th order edge-based element.
# Number of equation = 514, Number of equation after degeneration = 470
# Set values of matrix and right hand side vector. ( 2886 sec )
# Numerical factorization phase of matrix solver for boundary plane. Polarization : 0 Plane : 3. ( 2886 sec )
# Solve phase of matrix solver for boundary plane. Polarization : 0 Plane : 3. ( 2886 sec )
#------------------------------------------------------------------------------
# Set values of matrix and right hand side vector. ( 2886 sec )
# Numerical factorization phase of matrix solver for 3D forward calculation. Polarization : 0.( 2888 sec )
# Solve phase of matrix solver for 3D forward calculation. Polarization : 0.( 2906 sec )
# Calulate right-hand sides vectors consisting of interpolator vectors.( 2906 sec )
# Solve phase of matrix solver for right-hand sides consisting of interpolator vectors.( 2907 sec )
# Solve phase is performed simultaneously for 254 right-hand sides( 2907 sec )
# Calculate derivatives of EM field.( 2915 sec )
#================================================================================================
# Start forward calculation. Frequency : 3.981 [Hz], Polarization : Ey-polarization
#================================================================================================
# Start 3D forward calculation with 0th order 3D edge-based element.( 2920 sec )
# Number of equation = 475883, Number of equation after degeneration = 473549
# Calculating EM field of the boundary planes with 2D forward analysis.        
#-----------------------------[ Boundary Plane 0 ]-----------------------------
# Calculate electric field on a boundary plane with 0th order edge-based element.
# Number of equation = 520, Number of equation after degeneration = 476
# Set values of matrix and right hand side vector. ( 2920 sec )
# Numerical factorization phase of matrix solver for boundary plane. Polarization : 1 Plane : 0. ( 2920 sec )
# Solve phase of matrix solver for boundary plane. Polarization : 1 Plane : 0. ( 2920 sec )
#-----------------------------[ Boundary Plane 1 ]-----------------------------
# Calculate electric field on a boundary plane with 0th order edge-based element.
# Number of equation = 520, Number of equation after degeneration = 476
# Set values of matrix and right hand side vector. ( 2920 sec )
# Numerical factorization phase of matrix solver for boundary plane. Polarization : 1 Plane : 1. ( 2920 sec )
# Solve phase of matrix solver for boundary plane. Polarization : 1 Plane : 1. ( 2920 sec )
#------------------------------------------------------------------------------
# Set values of matrix and right hand side vector. ( 2920 sec )
# Numerical factorization phase of matrix solver for 3D forward calculation. Polarization : 1.( 2923 sec )
# Solve phase of matrix solver for 3D forward calculation. Polarization : 1.( 2940 sec )
# Calulate right-hand sides vectors consisting of interpolator vectors.( 2941 sec )
# Solve phase of matrix solver for right-hand sides consisting of interpolator vectors.( 2942 sec )
# Solve phase is performed simultaneously for 254 right-hand sides( 2942 sec )
# Calculate derivatives of EM field.( 2949 sec )
#==============================================================================
# Calculate response functions. ( 2954 sec )
# Calculate sensitivity matrix of frequency 3.981[Hz].( 2954 sec )
# Sensitivity matrix of frequency 3.981[Hz] is saved in the out-of-core file sensMatFreq10.
#==============================================================================
# Release memory of coefficient matrix and sparse solver. ( 2955 sec )
###############################################################################
# Start Inversion.  Iteration : 4
###############################################################################
# Number of model : 54779
# Number of frequencies of this PE : 6
# Calculate constraining matrix. ( 3050 sec )
# Analyse constraining matrix.( 3050 sec )
# Analyse transposed constraining matrix.( 3050 sec )
# Factorize constraining matrix.( 3050 sec )
# Factorize transposed constraining matrix.( 3050 sec )
# Number of data of this PE : 1876
# Read sensitivity matrix from sensMatFreq5.( 3050 sec )
# Multiply transposed sensitivity matrix by inverse of transposed constraining matrix. ( 3051 sec )
# Solve phase is performed simultaneously for 140 right-hand sides( 3051 sec )
# Read sensitivity matrix from sensMatFreq6.( 3051 sec )
# Multiply transposed sensitivity matrix by inverse of transposed constraining matrix. ( 3052 sec )
# Solve phase is performed simultaneously for 228 right-hand sides( 3052 sec )
# Read sensitivity matrix from sensMatFreq7.( 3052 sec )
# Multiply transposed sensitivity matrix by inverse of transposed constraining matrix. ( 3054 sec )
# Solve phase is performed simultaneously for 304 right-hand sides( 3054 sec )
# Read sensitivity matrix from sensMatFreq8.( 3054 sec )
# Multiply transposed sensitivity matrix by inverse of transposed constraining matrix. ( 3055 sec )
# Solve phase is performed simultaneously for 340 right-hand sides( 3055 sec )
# Read sensitivity matrix from sensMatFreq9.( 3056 sec )
# Multiply transposed sensitivity matrix by inverse of transposed constraining matrix. ( 3057 sec )
# Solve phase is performed simultaneously for 424 right-hand sides( 3057 sec )
# Read sensitivity matrix from sensMatFreq10.( 3057 sec )
# Multiply transposed sensitivity matrix by inverse of transposed constraining matrix. ( 3059 sec )
# Solve phase is performed simultaneously for 440 right-hand sides( 3059 sec )
# Calculate right-hand side vector. ( 3064 sec )
# Read sensitivity matrix from sensMatFreq5.( 3064 sec )
# Read sensitivity matrix from sensMatFreq6.( 3064 sec )
# Read sensitivity matrix from sensMatFreq7.( 3064 sec )
# Read sensitivity matrix from sensMatFreq8.( 3064 sec )
# Read sensitivity matrix from sensMatFreq9.( 3064 sec )
# Read sensitivity matrix from sensMatFreq10.( 3064 sec )
# Read sensitivity matrix from sensMatFreq5.( 3114 sec )
# Read sensitivity matrix from sensMatFreq6.( 3114 sec )
# Read sensitivity matrix from sensMatFreq7.( 3114 sec )
# Read sensitivity matrix from sensMatFreq8.( 3114 sec )
# Read sensitivity matrix from sensMatFreq9.( 3114 sec )
# Read sensitivity matrix from sensMatFreq10.( 3114 sec )
# Calculate model increments. ( 3115 sec )
###############################################################################
# Start Forward Computation.  Iteration : 5,  Retrial : 0
###############################################################################
#================================================================================================
# Start forward calculation. Frequency : 0.3981 [Hz], Polarization : Ex-polarization
#================================================================================================
# Start 3D forward calculation with 0th order 3D edge-based element.( 3115 sec )
# Number of equation = 475883, Number of equation after degeneration = 473549
# Calculating EM field of the boundary planes with 2D forward analysis.        
#-----------------------------[ Boundary Plane 2 ]-----------------------------
# Calculate electric field on a boundary plane with 0th order edge-based element.
# Number of equation = 514, Number of equation after degeneration = 470
# Set values of matrix and right hand side vector. ( 3115 sec )
# Numerical factorization phase of matrix solver for boundary plane. Polarization : 0 Plane : 2. ( 3115 sec )
# Solve phase of matrix solver for boundary plane. Polarization : 0 Plane : 2. ( 3116 sec )
#-----------------------------[ Boundary Plane 3 ]-----------------------------
# Calculate electric field on a boundary plane with 0th order edge-based element.
# Number of equation = 514, Number of equation after degeneration = 470
# Set values of matrix and right hand side vector. ( 3116 sec )
# Numerical factorization phase of matrix solver for boundary plane. Polarization : 0 Plane : 3. ( 3116 sec )
# Solve phase of matrix solver for boundary plane. Polarization : 0 Plane : 3. ( 3116 sec )
#------------------------------------------------------------------------------
# Set matrix structure. ( 3116 sec )
# Anaysis phase of matrix solver for 3D forward calculation. Polarization : 0. ( 3119 sec )
#++++++++++++++++++++++++++++++++++++++++++++++++++++++++++++++++++++++++++++++++++++++++++++++++
# Total peak memory required during the analysis and symbolic factorization phase    : 577251 [KByte]
# Permanent memory required from the analysis phase to the solve phases              : 482135 [KByte]
# Total memory consumed by in-core forward solver for internal float point arrays    : 4.12609e+06 [KByte]
# Minimum memory consumed by out-core forward solver for internal float point arrays : 68696 [KByte]
#++++++++++++++++++++++++++++++++++++++++++++++++++++++++++++++++++++++++++++++++++++++++++++++++
# Set values of matrix and right hand side vector. ( 3122 sec )
# Numerical factorization phase of matrix solver for 3D forward calculation. Polarization : 0.( 3124 sec )
# Solve phase of matrix solver for 3D forward calculation. Polarization : 0.( 3145 sec )
# Calulate right-hand sides vectors consisting of interpolator vectors.( 3145 sec )
# Solve phase of matrix solver for right-hand sides consisting of interpolator vectors.( 3146 sec )
# Solve phase is performed simultaneously for 81 right-hand sides( 3146 sec )
# Calculate derivatives of EM field.( 3149 sec )
#================================================================================================
# Start forward calculation. Frequency : 0.3981 [Hz], Polarization : Ey-polarization
#================================================================================================
# Start 3D forward calculation with 0th order 3D edge-based element.( 3162 sec )
# Number of equation = 475883, Number of equation after degeneration = 473549
# Calculating EM field of the boundary planes with 2D forward analysis.        
#-----------------------------[ Boundary Plane 0 ]-----------------------------
# Calculate electric field on a boundary plane with 0th order edge-based element.
# Number of equation = 520, Number of equation after degeneration = 476
# Set values of matrix and right hand side vector. ( 3162 sec )
# Numerical factorization phase of matrix solver for boundary plane. Polarization : 1 Plane : 0. ( 3162 sec )
# Solve phase of matrix solver for boundary plane. Polarization : 1 Plane : 0. ( 3162 sec )
#-----------------------------[ Boundary Plane 1 ]-----------------------------
# Calculate electric field on a boundary plane with 0th order edge-based element.
# Number of equation = 520, Number of equation after degeneration = 476
# Set values of matrix and right hand side vector. ( 3162 sec )
# Numerical factorization phase of matrix solver for boundary plane. Polarization : 1 Plane : 1. ( 3162 sec )
# Solve phase of matrix solver for boundary plane. Polarization : 1 Plane : 1. ( 3162 sec )
#------------------------------------------------------------------------------
# Set values of matrix and right hand side vector. ( 3162 sec )
# Numerical factorization phase of matrix solver for 3D forward calculation. Polarization : 1.( 3164 sec )
# Solve phase of matrix solver for 3D forward calculation. Polarization : 1.( 3185 sec )
# Calulate right-hand sides vectors consisting of interpolator vectors.( 3185 sec )
# Solve phase of matrix solver for right-hand sides consisting of interpolator vectors.( 3185 sec )
# Solve phase is performed simultaneously for 81 right-hand sides( 3185 sec )
# Calculate derivatives of EM field.( 3188 sec )
#==============================================================================
# Calculate response functions. ( 3200 sec )
# Calculate sensitivity matrix of frequency 0.3981[Hz].( 3200 sec )
# Sensitivity matrix of frequency 0.3981[Hz] is saved in the out-of-core file sensMatFreq5.
#==============================================================================
#================================================================================================
# Start forward calculation. Frequency : 0.63095 [Hz], Polarization : Ex-polarization
#================================================================================================
# Start 3D forward calculation with 0th order 3D edge-based element.( 3200 sec )
# Number of equation = 475883, Number of equation after degeneration = 473549
# Calculating EM field of the boundary planes with 2D forward analysis.        
#-----------------------------[ Boundary Plane 2 ]-----------------------------
# Calculate electric field on a boundary plane with 0th order edge-based element.
# Number of equation = 514, Number of equation after degeneration = 470
# Set values of matrix and right hand side vector. ( 3200 sec )
# Numerical factorization phase of matrix solver for boundary plane. Polarization : 0 Plane : 2. ( 3200 sec )
# Solve phase of matrix solver for boundary plane. Polarization : 0 Plane : 2. ( 3200 sec )
#-----------------------------[ Boundary Plane 3 ]-----------------------------
# Calculate electric field on a boundary plane with 0th order edge-based element.
# Number of equation = 514, Number of equation after degeneration = 470
# Set values of matrix and right hand side vector. ( 3200 sec )
# Numerical factorization phase of matrix solver for boundary plane. Polarization : 0 Plane : 3. ( 3200 sec )
# Solve phase of matrix solver for boundary plane. Polarization : 0 Plane : 3. ( 3200 sec )
#------------------------------------------------------------------------------
# Set values of matrix and right hand side vector. ( 3200 sec )
# Numerical factorization phase of matrix solver for 3D forward calculation. Polarization : 0.( 3203 sec )
# Solve phase of matrix solver for 3D forward calculation. Polarization : 0.( 3223 sec )
# Calulate right-hand sides vectors consisting of interpolator vectors.( 3223 sec )
# Solve phase of matrix solver for right-hand sides consisting of interpolator vectors.( 3224 sec )
# Solve phase is performed simultaneously for 135 right-hand sides( 3224 sec )
# Calculate derivatives of EM field.( 3229 sec )
#================================================================================================
# Start forward calculation. Frequency : 0.63095 [Hz], Polarization : Ey-polarization
#================================================================================================
# Start 3D forward calculation with 0th order 3D edge-based element.( 3238 sec )
# Number of equation = 475883, Number of equation after degeneration = 473549
# Calculating EM field of the boundary planes with 2D forward analysis.        
#-----------------------------[ Boundary Plane 0 ]-----------------------------
# Calculate electric field on a boundary plane with 0th order edge-based element.
# Number of equation = 520, Number of equation after degeneration = 476
# Set values of matrix and right hand side vector. ( 3238 sec )
# Numerical factorization phase of matrix solver for boundary plane. Polarization : 1 Plane : 0. ( 3238 sec )
# Solve phase of matrix solver for boundary plane. Polarization : 1 Plane : 0. ( 3238 sec )
#-----------------------------[ Boundary Plane 1 ]-----------------------------
# Calculate electric field on a boundary plane with 0th order edge-based element.
# Number of equation = 520, Number of equation after degeneration = 476
# Set values of matrix and right hand side vector. ( 3238 sec )
# Numerical factorization phase of matrix solver for boundary plane. Polarization : 1 Plane : 1. ( 3238 sec )
# Solve phase of matrix solver for boundary plane. Polarization : 1 Plane : 1. ( 3238 sec )
#------------------------------------------------------------------------------
# Set values of matrix and right hand side vector. ( 3238 sec )
# Numerical factorization phase of matrix solver for 3D forward calculation. Polarization : 1.( 3240 sec )
# Solve phase of matrix solver for 3D forward calculation. Polarization : 1.( 3260 sec )
# Calulate right-hand sides vectors consisting of interpolator vectors.( 3261 sec )
# Solve phase of matrix solver for right-hand sides consisting of interpolator vectors.( 3261 sec )
# Solve phase is performed simultaneously for 135 right-hand sides( 3261 sec )
# Calculate derivatives of EM field.( 3266 sec )
#==============================================================================
# Calculate response functions. ( 3273 sec )
# Calculate sensitivity matrix of frequency 0.63095[Hz].( 3273 sec )
# Sensitivity matrix of frequency 0.63095[Hz] is saved in the out-of-core file sensMatFreq6.
#==============================================================================
#================================================================================================
# Start forward calculation. Frequency : 1 [Hz], Polarization : Ex-polarization
#================================================================================================
# Start 3D forward calculation with 0th order 3D edge-based element.( 3273 sec )
# Number of equation = 475883, Number of equation after degeneration = 473549
# Calculating EM field of the boundary planes with 2D forward analysis.        
#-----------------------------[ Boundary Plane 2 ]-----------------------------
# Calculate electric field on a boundary plane with 0th order edge-based element.
# Number of equation = 514, Number of equation after degeneration = 470
# Set values of matrix and right hand side vector. ( 3273 sec )
# Numerical factorization phase of matrix solver for boundary plane. Polarization : 0 Plane : 2. ( 3273 sec )
# Solve phase of matrix solver for boundary plane. Polarization : 0 Plane : 2. ( 3273 sec )
#-----------------------------[ Boundary Plane 3 ]-----------------------------
# Calculate electric field on a boundary plane with 0th order edge-based element.
# Number of equation = 514, Number of equation after degeneration = 470
# Set values of matrix and right hand side vector. ( 3273 sec )
# Numerical factorization phase of matrix solver for boundary plane. Polarization : 0 Plane : 3. ( 3273 sec )
# Solve phase of matrix solver for boundary plane. Polarization : 0 Plane : 3. ( 3273 sec )
#------------------------------------------------------------------------------
# Set values of matrix and right hand side vector. ( 3273 sec )
# Numerical factorization phase of matrix solver for 3D forward calculation. Polarization : 0.( 3276 sec )
# Solve phase of matrix solver for 3D forward calculation. Polarization : 0.( 3296 sec )
# Calulate right-hand sides vectors consisting of interpolator vectors.( 3297 sec )
# Solve phase of matrix solver for right-hand sides consisting of interpolator vectors.( 3297 sec )
# Solve phase is performed simultaneously for 176 right-hand sides( 3297 sec )
# Calculate derivatives of EM field.( 3303 sec )
#================================================================================================
# Start forward calculation. Frequency : 1 [Hz], Polarization : Ey-polarization
#================================================================================================
# Start 3D forward calculation with 0th order 3D edge-based element.( 3311 sec )
# Number of equation = 475883, Number of equation after degeneration = 473549
# Calculating EM field of the boundary planes with 2D forward analysis.        
#-----------------------------[ Boundary Plane 0 ]-----------------------------
# Calculate electric field on a boundary plane with 0th order edge-based element.
# Number of equation = 520, Number of equation after degeneration = 476
# Set values of matrix and right hand side vector. ( 3311 sec )
# Numerical factorization phase of matrix solver for boundary plane. Polarization : 1 Plane : 0. ( 3311 sec )
# Solve phase of matrix solver for boundary plane. Polarization : 1 Plane : 0. ( 3311 sec )
#-----------------------------[ Boundary Plane 1 ]-----------------------------
# Calculate electric field on a boundary plane with 0th order edge-based element.
# Number of equation = 520, Number of equation after degeneration = 476
# Set values of matrix and right hand side vector. ( 3311 sec )
# Numerical factorization phase of matrix solver for boundary plane. Polarization : 1 Plane : 1. ( 3311 sec )
# Solve phase of matrix solver for boundary plane. Polarization : 1 Plane : 1. ( 3311 sec )
#------------------------------------------------------------------------------
# Set values of matrix and right hand side vector. ( 3311 sec )
# Numerical factorization phase of matrix solver for 3D forward calculation. Polarization : 1.( 3313 sec )
# Solve phase of matrix solver for 3D forward calculation. Polarization : 1.( 3334 sec )
# Calulate right-hand sides vectors consisting of interpolator vectors.( 3334 sec )
# Solve phase of matrix solver for right-hand sides consisting of interpolator vectors.( 3335 sec )
# Solve phase is performed simultaneously for 176 right-hand sides( 3335 sec )
# Calculate derivatives of EM field.( 3340 sec )
#==============================================================================
# Calculate response functions. ( 3348 sec )
# Calculate sensitivity matrix of frequency 1[Hz].( 3348 sec )
# Sensitivity matrix of frequency 1[Hz] is saved in the out-of-core file sensMatFreq7.
#==============================================================================
#================================================================================================
# Start forward calculation. Frequency : 1.5848 [Hz], Polarization : Ex-polarization
#================================================================================================
# Start 3D forward calculation with 0th order 3D edge-based element.( 3349 sec )
# Number of equation = 475883, Number of equation after degeneration = 473549
# Calculating EM field of the boundary planes with 2D forward analysis.        
#-----------------------------[ Boundary Plane 2 ]-----------------------------
# Calculate electric field on a boundary plane with 0th order edge-based element.
# Number of equation = 514, Number of equation after degeneration = 470
# Set values of matrix and right hand side vector. ( 3349 sec )
# Numerical factorization phase of matrix solver for boundary plane. Polarization : 0 Plane : 2. ( 3349 sec )
# Solve phase of matrix solver for boundary plane. Polarization : 0 Plane : 2. ( 3349 sec )
#-----------------------------[ Boundary Plane 3 ]-----------------------------
# Calculate electric field on a boundary plane with 0th order edge-based element.
# Number of equation = 514, Number of equation after degeneration = 470
# Set values of matrix and right hand side vector. ( 3349 sec )
# Numerical factorization phase of matrix solver for boundary plane. Polarization : 0 Plane : 3. ( 3349 sec )
# Solve phase of matrix solver for boundary plane. Polarization : 0 Plane : 3. ( 3349 sec )
#------------------------------------------------------------------------------
# Set values of matrix and right hand side vector. ( 3349 sec )
# Numerical factorization phase of matrix solver for 3D forward calculation. Polarization : 0.( 3351 sec )
# Solve phase of matrix solver for 3D forward calculation. Polarization : 0.( 3372 sec )
# Calulate right-hand sides vectors consisting of interpolator vectors.( 3372 sec )
# Solve phase of matrix solver for right-hand sides consisting of interpolator vectors.( 3373 sec )
# Solve phase is performed simultaneously for 197 right-hand sides( 3373 sec )
# Calculate derivatives of EM field.( 3380 sec )
#================================================================================================
# Start forward calculation. Frequency : 1.5848 [Hz], Polarization : Ey-polarization
#================================================================================================
# Start 3D forward calculation with 0th order 3D edge-based element.( 3387 sec )
# Number of equation = 475883, Number of equation after degeneration = 473549
# Calculating EM field of the boundary planes with 2D forward analysis.        
#-----------------------------[ Boundary Plane 0 ]-----------------------------
# Calculate electric field on a boundary plane with 0th order edge-based element.
# Number of equation = 520, Number of equation after degeneration = 476
# Set values of matrix and right hand side vector. ( 3387 sec )
# Numerical factorization phase of matrix solver for boundary plane. Polarization : 1 Plane : 0. ( 3387 sec )
# Solve phase of matrix solver for boundary plane. Polarization : 1 Plane : 0. ( 3387 sec )
#-----------------------------[ Boundary Plane 1 ]-----------------------------
# Calculate electric field on a boundary plane with 0th order edge-based element.
# Number of equation = 520, Number of equation after degeneration = 476
# Set values of matrix and right hand side vector. ( 3387 sec )
# Numerical factorization phase of matrix solver for boundary plane. Polarization : 1 Plane : 1. ( 3387 sec )
# Solve phase of matrix solver for boundary plane. Polarization : 1 Plane : 1. ( 3387 sec )
#------------------------------------------------------------------------------
# Set values of matrix and right hand side vector. ( 3387 sec )
# Numerical factorization phase of matrix solver for 3D forward calculation. Polarization : 1.( 3390 sec )
# Solve phase of matrix solver for 3D forward calculation. Polarization : 1.( 3410 sec )
# Calulate right-hand sides vectors consisting of interpolator vectors.( 3411 sec )
# Solve phase of matrix solver for right-hand sides consisting of interpolator vectors.( 3412 sec )
# Solve phase is performed simultaneously for 197 right-hand sides( 3412 sec )
# Calculate derivatives of EM field.( 3418 sec )
#==============================================================================
# Calculate response functions. ( 3426 sec )
# Calculate sensitivity matrix of frequency 1.5848[Hz].( 3427 sec )
# Sensitivity matrix of frequency 1.5848[Hz] is saved in the out-of-core file sensMatFreq8.
#==============================================================================
#================================================================================================
# Start forward calculation. Frequency : 2.5118 [Hz], Polarization : Ex-polarization
#================================================================================================
# Start 3D forward calculation with 0th order 3D edge-based element.( 3427 sec )
# Number of equation = 475883, Number of equation after degeneration = 473549
# Calculating EM field of the boundary planes with 2D forward analysis.        
#-----------------------------[ Boundary Plane 2 ]-----------------------------
# Calculate electric field on a boundary plane with 0th order edge-based element.
# Number of equation = 514, Number of equation after degeneration = 470
# Set values of matrix and right hand side vector. ( 3427 sec )
# Numerical factorization phase of matrix solver for boundary plane. Polarization : 0 Plane : 2. ( 3427 sec )
# Solve phase of matrix solver for boundary plane. Polarization : 0 Plane : 2. ( 3427 sec )
#-----------------------------[ Boundary Plane 3 ]-----------------------------
# Calculate electric field on a boundary plane with 0th order edge-based element.
# Number of equation = 514, Number of equation after degeneration = 470
# Set values of matrix and right hand side vector. ( 3427 sec )
# Numerical factorization phase of matrix solver for boundary plane. Polarization : 0 Plane : 3. ( 3427 sec )
# Solve phase of matrix solver for boundary plane. Polarization : 0 Plane : 3. ( 3427 sec )
#------------------------------------------------------------------------------
# Set values of matrix and right hand side vector. ( 3427 sec )
# Numerical factorization phase of matrix solver for 3D forward calculation. Polarization : 0.( 3429 sec )
# Solve phase of matrix solver for 3D forward calculation. Polarization : 0.( 3450 sec )
# Calulate right-hand sides vectors consisting of interpolator vectors.( 3450 sec )
# Solve phase of matrix solver for right-hand sides consisting of interpolator vectors.( 3451 sec )
# Solve phase is performed simultaneously for 244 right-hand sides( 3451 sec )
# Calculate derivatives of EM field.( 3460 sec )
#================================================================================================
# Start forward calculation. Frequency : 2.5118 [Hz], Polarization : Ey-polarization
#================================================================================================
# Start 3D forward calculation with 0th order 3D edge-based element.( 3468 sec )
# Number of equation = 475883, Number of equation after degeneration = 473549
# Calculating EM field of the boundary planes with 2D forward analysis.        
#-----------------------------[ Boundary Plane 0 ]-----------------------------
# Calculate electric field on a boundary plane with 0th order edge-based element.
# Number of equation = 520, Number of equation after degeneration = 476
# Set values of matrix and right hand side vector. ( 3468 sec )
# Numerical factorization phase of matrix solver for boundary plane. Polarization : 1 Plane : 0. ( 3468 sec )
# Solve phase of matrix solver for boundary plane. Polarization : 1 Plane : 0. ( 3468 sec )
#-----------------------------[ Boundary Plane 1 ]-----------------------------
# Calculate electric field on a boundary plane with 0th order edge-based element.
# Number of equation = 520, Number of equation after degeneration = 476
# Set values of matrix and right hand side vector. ( 3468 sec )
# Numerical factorization phase of matrix solver for boundary plane. Polarization : 1 Plane : 1. ( 3468 sec )
# Solve phase of matrix solver for boundary plane. Polarization : 1 Plane : 1. ( 3468 sec )
#------------------------------------------------------------------------------
# Set values of matrix and right hand side vector. ( 3468 sec )
# Numerical factorization phase of matrix solver for 3D forward calculation. Polarization : 1.( 3470 sec )
# Solve phase of matrix solver for 3D forward calculation. Polarization : 1.( 3488 sec )
# Calulate right-hand sides vectors consisting of interpolator vectors.( 3489 sec )
# Solve phase of matrix solver for right-hand sides consisting of interpolator vectors.( 3489 sec )
# Solve phase is performed simultaneously for 244 right-hand sides( 3489 sec )
# Calculate derivatives of EM field.( 3497 sec )
#==============================================================================
# Calculate response functions. ( 3503 sec )
# Calculate sensitivity matrix of frequency 2.5118[Hz].( 3503 sec )
# Sensitivity matrix of frequency 2.5118[Hz] is saved in the out-of-core file sensMatFreq9.
#==============================================================================
#================================================================================================
# Start forward calculation. Frequency : 3.981 [Hz], Polarization : Ex-polarization
#================================================================================================
# Start 3D forward calculation with 0th order 3D edge-based element.( 3504 sec )
# Number of equation = 475883, Number of equation after degeneration = 473549
# Calculating EM field of the boundary planes with 2D forward analysis.        
#-----------------------------[ Boundary Plane 2 ]-----------------------------
# Calculate electric field on a boundary plane with 0th order edge-based element.
# Number of equation = 514, Number of equation after degeneration = 470
# Set values of matrix and right hand side vector. ( 3504 sec )
# Numerical factorization phase of matrix solver for boundary plane. Polarization : 0 Plane : 2. ( 3504 sec )
# Solve phase of matrix solver for boundary plane. Polarization : 0 Plane : 2. ( 3504 sec )
#-----------------------------[ Boundary Plane 3 ]-----------------------------
# Calculate electric field on a boundary plane with 0th order edge-based element.
# Number of equation = 514, Number of equation after degeneration = 470
# Set values of matrix and right hand side vector. ( 3504 sec )
# Numerical factorization phase of matrix solver for boundary plane. Polarization : 0 Plane : 3. ( 3504 sec )
# Solve phase of matrix solver for boundary plane. Polarization : 0 Plane : 3. ( 3504 sec )
#------------------------------------------------------------------------------
# Set values of matrix and right hand side vector. ( 3504 sec )
# Numerical factorization phase of matrix solver for 3D forward calculation. Polarization : 0.( 3506 sec )
# Solve phase of matrix solver for 3D forward calculation. Polarization : 0.( 3524 sec )
# Calulate right-hand sides vectors consisting of interpolator vectors.( 3524 sec )
# Solve phase of matrix solver for right-hand sides consisting of interpolator vectors.( 3525 sec )
# Solve phase is performed simultaneously for 254 right-hand sides( 3525 sec )
# Calculate derivatives of EM field.( 3533 sec )
#================================================================================================
# Start forward calculation. Frequency : 3.981 [Hz], Polarization : Ey-polarization
#================================================================================================
# Start 3D forward calculation with 0th order 3D edge-based element.( 3539 sec )
# Number of equation = 475883, Number of equation after degeneration = 473549
# Calculating EM field of the boundary planes with 2D forward analysis.        
#-----------------------------[ Boundary Plane 0 ]-----------------------------
# Calculate electric field on a boundary plane with 0th order edge-based element.
# Number of equation = 520, Number of equation after degeneration = 476
# Set values of matrix and right hand side vector. ( 3539 sec )
# Numerical factorization phase of matrix solver for boundary plane. Polarization : 1 Plane : 0. ( 3539 sec )
# Solve phase of matrix solver for boundary plane. Polarization : 1 Plane : 0. ( 3539 sec )
#-----------------------------[ Boundary Plane 1 ]-----------------------------
# Calculate electric field on a boundary plane with 0th order edge-based element.
# Number of equation = 520, Number of equation after degeneration = 476
# Set values of matrix and right hand side vector. ( 3539 sec )
# Numerical factorization phase of matrix solver for boundary plane. Polarization : 1 Plane : 1. ( 3539 sec )
# Solve phase of matrix solver for boundary plane. Polarization : 1 Plane : 1. ( 3539 sec )
#------------------------------------------------------------------------------
# Set values of matrix and right hand side vector. ( 3539 sec )
# Numerical factorization phase of matrix solver for 3D forward calculation. Polarization : 1.( 3542 sec )
# Solve phase of matrix solver for 3D forward calculation. Polarization : 1.( 3560 sec )
# Calulate right-hand sides vectors consisting of interpolator vectors.( 3560 sec )
# Solve phase of matrix solver for right-hand sides consisting of interpolator vectors.( 3561 sec )
# Solve phase is performed simultaneously for 254 right-hand sides( 3561 sec )
# Calculate derivatives of EM field.( 3569 sec )
#==============================================================================
# Calculate response functions. ( 3575 sec )
# Calculate sensitivity matrix of frequency 3.981[Hz].( 3575 sec )
# Sensitivity matrix of frequency 3.981[Hz] is saved in the out-of-core file sensMatFreq10.
#==============================================================================
# Release memory of coefficient matrix and sparse solver. ( 3575 sec )
###############################################################################
# Start Inversion.  Iteration : 5
###############################################################################
# Number of model : 54779
# Number of frequencies of this PE : 6
# Calculate constraining matrix. ( 3696 sec )
# Analyse constraining matrix.( 3696 sec )
# Analyse transposed constraining matrix.( 3696 sec )
# Factorize constraining matrix.( 3696 sec )
# Factorize transposed constraining matrix.( 3696 sec )
# Number of data of this PE : 1876
# Read sensitivity matrix from sensMatFreq5.( 3696 sec )
# Multiply transposed sensitivity matrix by inverse of transposed constraining matrix. ( 3697 sec )
# Solve phase is performed simultaneously for 140 right-hand sides( 3697 sec )
# Read sensitivity matrix from sensMatFreq6.( 3697 sec )
# Multiply transposed sensitivity matrix by inverse of transposed constraining matrix. ( 3698 sec )
# Solve phase is performed simultaneously for 228 right-hand sides( 3698 sec )
# Read sensitivity matrix from sensMatFreq7.( 3698 sec )
# Multiply transposed sensitivity matrix by inverse of transposed constraining matrix. ( 3699 sec )
# Solve phase is performed simultaneously for 304 right-hand sides( 3699 sec )
# Read sensitivity matrix from sensMatFreq8.( 3700 sec )
# Multiply transposed sensitivity matrix by inverse of transposed constraining matrix. ( 3701 sec )
# Solve phase is performed simultaneously for 340 right-hand sides( 3701 sec )
# Read sensitivity matrix from sensMatFreq9.( 3702 sec )
# Multiply transposed sensitivity matrix by inverse of transposed constraining matrix. ( 3704 sec )
# Solve phase is performed simultaneously for 424 right-hand sides( 3704 sec )
# Read sensitivity matrix from sensMatFreq10.( 3704 sec )
# Multiply transposed sensitivity matrix by inverse of transposed constraining matrix. ( 3705 sec )
# Solve phase is performed simultaneously for 440 right-hand sides( 3705 sec )
# Calculate right-hand side vector. ( 3710 sec )
# Read sensitivity matrix from sensMatFreq5.( 3710 sec )
# Read sensitivity matrix from sensMatFreq6.( 3710 sec )
# Read sensitivity matrix from sensMatFreq7.( 3711 sec )
# Read sensitivity matrix from sensMatFreq8.( 3711 sec )
# Read sensitivity matrix from sensMatFreq9.( 3711 sec )
# Read sensitivity matrix from sensMatFreq10.( 3711 sec )
# Read sensitivity matrix from sensMatFreq5.( 3758 sec )
# Read sensitivity matrix from sensMatFreq6.( 3758 sec )
# Read sensitivity matrix from sensMatFreq7.( 3758 sec )
# Read sensitivity matrix from sensMatFreq8.( 3758 sec )
# Read sensitivity matrix from sensMatFreq9.( 3758 sec )
# Read sensitivity matrix from sensMatFreq10.( 3758 sec )
# Calculate model increments. ( 3758 sec )
###############################################################################
# Start Forward Computation.  Iteration : 6,  Retrial : 0
###############################################################################
#================================================================================================
# Start forward calculation. Frequency : 0.3981 [Hz], Polarization : Ex-polarization
#================================================================================================
# Start 3D forward calculation with 0th order 3D edge-based element.( 3759 sec )
# Number of equation = 475883, Number of equation after degeneration = 473549
# Calculating EM field of the boundary planes with 2D forward analysis.        
#-----------------------------[ Boundary Plane 2 ]-----------------------------
# Calculate electric field on a boundary plane with 0th order edge-based element.
# Number of equation = 514, Number of equation after degeneration = 470
# Set values of matrix and right hand side vector. ( 3759 sec )
# Numerical factorization phase of matrix solver for boundary plane. Polarization : 0 Plane : 2. ( 3759 sec )
# Solve phase of matrix solver for boundary plane. Polarization : 0 Plane : 2. ( 3759 sec )
#-----------------------------[ Boundary Plane 3 ]-----------------------------
# Calculate electric field on a boundary plane with 0th order edge-based element.
# Number of equation = 514, Number of equation after degeneration = 470
# Set values of matrix and right hand side vector. ( 3759 sec )
# Numerical factorization phase of matrix solver for boundary plane. Polarization : 0 Plane : 3. ( 3759 sec )
# Solve phase of matrix solver for boundary plane. Polarization : 0 Plane : 3. ( 3759 sec )
#------------------------------------------------------------------------------
# Set matrix structure. ( 3759 sec )
# Anaysis phase of matrix solver for 3D forward calculation. Polarization : 0. ( 3763 sec )
#++++++++++++++++++++++++++++++++++++++++++++++++++++++++++++++++++++++++++++++++++++++++++++++++
# Total peak memory required during the analysis and symbolic factorization phase    : 577242 [KByte]
# Permanent memory required from the analysis phase to the solve phases              : 482155 [KByte]
# Total memory consumed by in-core forward solver for internal float point arrays    : 4.12544e+06 [KByte]
# Minimum memory consumed by out-core forward solver for internal float point arrays : 68696 [KByte]
#++++++++++++++++++++++++++++++++++++++++++++++++++++++++++++++++++++++++++++++++++++++++++++++++
# Set values of matrix and right hand side vector. ( 3766 sec )
# Numerical factorization phase of matrix solver for 3D forward calculation. Polarization : 0.( 3768 sec )
# Solve phase of matrix solver for 3D forward calculation. Polarization : 0.( 3789 sec )
# Calulate right-hand sides vectors consisting of interpolator vectors.( 3789 sec )
# Solve phase of matrix solver for right-hand sides consisting of interpolator vectors.( 3789 sec )
# Solve phase is performed simultaneously for 81 right-hand sides( 3789 sec )
# Calculate derivatives of EM field.( 3792 sec )
#================================================================================================
# Start forward calculation. Frequency : 0.3981 [Hz], Polarization : Ey-polarization
#================================================================================================
# Start 3D forward calculation with 0th order 3D edge-based element.( 3805 sec )
# Number of equation = 475883, Number of equation after degeneration = 473549
# Calculating EM field of the boundary planes with 2D forward analysis.        
#-----------------------------[ Boundary Plane 0 ]-----------------------------
# Calculate electric field on a boundary plane with 0th order edge-based element.
# Number of equation = 520, Number of equation after degeneration = 476
# Set values of matrix and right hand side vector. ( 3805 sec )
# Numerical factorization phase of matrix solver for boundary plane. Polarization : 1 Plane : 0. ( 3805 sec )
# Solve phase of matrix solver for boundary plane. Polarization : 1 Plane : 0. ( 3805 sec )
#-----------------------------[ Boundary Plane 1 ]-----------------------------
# Calculate electric field on a boundary plane with 0th order edge-based element.
# Number of equation = 520, Number of equation after degeneration = 476
# Set values of matrix and right hand side vector. ( 3805 sec )
# Numerical factorization phase of matrix solver for boundary plane. Polarization : 1 Plane : 1. ( 3805 sec )
# Solve phase of matrix solver for boundary plane. Polarization : 1 Plane : 1. ( 3805 sec )
#------------------------------------------------------------------------------
# Set values of matrix and right hand side vector. ( 3805 sec )
# Numerical factorization phase of matrix solver for 3D forward calculation. Polarization : 1.( 3807 sec )
# Solve phase of matrix solver for 3D forward calculation. Polarization : 1.( 3828 sec )
# Calulate right-hand sides vectors consisting of interpolator vectors.( 3828 sec )
# Solve phase of matrix solver for right-hand sides consisting of interpolator vectors.( 3829 sec )
# Solve phase is performed simultaneously for 81 right-hand sides( 3829 sec )
# Calculate derivatives of EM field.( 3832 sec )
#==============================================================================
# Calculate response functions. ( 3843 sec )
# Calculate sensitivity matrix of frequency 0.3981[Hz].( 3843 sec )
# Sensitivity matrix of frequency 0.3981[Hz] is saved in the out-of-core file sensMatFreq5.
#==============================================================================
#================================================================================================
# Start forward calculation. Frequency : 0.63095 [Hz], Polarization : Ex-polarization
#================================================================================================
# Start 3D forward calculation with 0th order 3D edge-based element.( 3843 sec )
# Number of equation = 475883, Number of equation after degeneration = 473549
# Calculating EM field of the boundary planes with 2D forward analysis.        
#-----------------------------[ Boundary Plane 2 ]-----------------------------
# Calculate electric field on a boundary plane with 0th order edge-based element.
# Number of equation = 514, Number of equation after degeneration = 470
# Set values of matrix and right hand side vector. ( 3843 sec )
# Numerical factorization phase of matrix solver for boundary plane. Polarization : 0 Plane : 2. ( 3843 sec )
# Solve phase of matrix solver for boundary plane. Polarization : 0 Plane : 2. ( 3843 sec )
#-----------------------------[ Boundary Plane 3 ]-----------------------------
# Calculate electric field on a boundary plane with 0th order edge-based element.
# Number of equation = 514, Number of equation after degeneration = 470
# Set values of matrix and right hand side vector. ( 3843 sec )
# Numerical factorization phase of matrix solver for boundary plane. Polarization : 0 Plane : 3. ( 3843 sec )
# Solve phase of matrix solver for boundary plane. Polarization : 0 Plane : 3. ( 3843 sec )
#------------------------------------------------------------------------------
# Set values of matrix and right hand side vector. ( 3843 sec )
# Numerical factorization phase of matrix solver for 3D forward calculation. Polarization : 0.( 3846 sec )
# Solve phase of matrix solver for 3D forward calculation. Polarization : 0.( 3866 sec )
# Calulate right-hand sides vectors consisting of interpolator vectors.( 3867 sec )
# Solve phase of matrix solver for right-hand sides consisting of interpolator vectors.( 3867 sec )
# Solve phase is performed simultaneously for 135 right-hand sides( 3867 sec )
# Calculate derivatives of EM field.( 3872 sec )
#================================================================================================
# Start forward calculation. Frequency : 0.63095 [Hz], Polarization : Ey-polarization
#================================================================================================
# Start 3D forward calculation with 0th order 3D edge-based element.( 3881 sec )
# Number of equation = 475883, Number of equation after degeneration = 473549
# Calculating EM field of the boundary planes with 2D forward analysis.        
#-----------------------------[ Boundary Plane 0 ]-----------------------------
# Calculate electric field on a boundary plane with 0th order edge-based element.
# Number of equation = 520, Number of equation after degeneration = 476
# Set values of matrix and right hand side vector. ( 3881 sec )
# Numerical factorization phase of matrix solver for boundary plane. Polarization : 1 Plane : 0. ( 3881 sec )
# Solve phase of matrix solver for boundary plane. Polarization : 1 Plane : 0. ( 3881 sec )
#-----------------------------[ Boundary Plane 1 ]-----------------------------
# Calculate electric field on a boundary plane with 0th order edge-based element.
# Number of equation = 520, Number of equation after degeneration = 476
# Set values of matrix and right hand side vector. ( 3881 sec )
# Numerical factorization phase of matrix solver for boundary plane. Polarization : 1 Plane : 1. ( 3881 sec )
# Solve phase of matrix solver for boundary plane. Polarization : 1 Plane : 1. ( 3881 sec )
#------------------------------------------------------------------------------
# Set values of matrix and right hand side vector. ( 3881 sec )
# Numerical factorization phase of matrix solver for 3D forward calculation. Polarization : 1.( 3883 sec )
# Solve phase of matrix solver for 3D forward calculation. Polarization : 1.( 3904 sec )
# Calulate right-hand sides vectors consisting of interpolator vectors.( 3904 sec )
# Solve phase of matrix solver for right-hand sides consisting of interpolator vectors.( 3905 sec )
# Solve phase is performed simultaneously for 135 right-hand sides( 3905 sec )
# Calculate derivatives of EM field.( 3909 sec )
#==============================================================================
# Calculate response functions. ( 3917 sec )
# Calculate sensitivity matrix of frequency 0.63095[Hz].( 3917 sec )
# Sensitivity matrix of frequency 0.63095[Hz] is saved in the out-of-core file sensMatFreq6.
#==============================================================================
#================================================================================================
# Start forward calculation. Frequency : 1 [Hz], Polarization : Ex-polarization
#================================================================================================
# Start 3D forward calculation with 0th order 3D edge-based element.( 3917 sec )
# Number of equation = 475883, Number of equation after degeneration = 473549
# Calculating EM field of the boundary planes with 2D forward analysis.        
#-----------------------------[ Boundary Plane 2 ]-----------------------------
# Calculate electric field on a boundary plane with 0th order edge-based element.
# Number of equation = 514, Number of equation after degeneration = 470
# Set values of matrix and right hand side vector. ( 3917 sec )
# Numerical factorization phase of matrix solver for boundary plane. Polarization : 0 Plane : 2. ( 3917 sec )
# Solve phase of matrix solver for boundary plane. Polarization : 0 Plane : 2. ( 3917 sec )
#-----------------------------[ Boundary Plane 3 ]-----------------------------
# Calculate electric field on a boundary plane with 0th order edge-based element.
# Number of equation = 514, Number of equation after degeneration = 470
# Set values of matrix and right hand side vector. ( 3917 sec )
# Numerical factorization phase of matrix solver for boundary plane. Polarization : 0 Plane : 3. ( 3917 sec )
# Solve phase of matrix solver for boundary plane. Polarization : 0 Plane : 3. ( 3917 sec )
#------------------------------------------------------------------------------
# Set values of matrix and right hand side vector. ( 3917 sec )
# Numerical factorization phase of matrix solver for 3D forward calculation. Polarization : 0.( 3920 sec )
# Solve phase of matrix solver for 3D forward calculation. Polarization : 0.( 3940 sec )
# Calulate right-hand sides vectors consisting of interpolator vectors.( 3941 sec )
# Solve phase of matrix solver for right-hand sides consisting of interpolator vectors.( 3941 sec )
# Solve phase is performed simultaneously for 176 right-hand sides( 3941 sec )
# Calculate derivatives of EM field.( 3947 sec )
#================================================================================================
# Start forward calculation. Frequency : 1 [Hz], Polarization : Ey-polarization
#================================================================================================
# Start 3D forward calculation with 0th order 3D edge-based element.( 3954 sec )
# Number of equation = 475883, Number of equation after degeneration = 473549
# Calculating EM field of the boundary planes with 2D forward analysis.        
#-----------------------------[ Boundary Plane 0 ]-----------------------------
# Calculate electric field on a boundary plane with 0th order edge-based element.
# Number of equation = 520, Number of equation after degeneration = 476
# Set values of matrix and right hand side vector. ( 3954 sec )
# Numerical factorization phase of matrix solver for boundary plane. Polarization : 1 Plane : 0. ( 3954 sec )
# Solve phase of matrix solver for boundary plane. Polarization : 1 Plane : 0. ( 3954 sec )
#-----------------------------[ Boundary Plane 1 ]-----------------------------
# Calculate electric field on a boundary plane with 0th order edge-based element.
# Number of equation = 520, Number of equation after degeneration = 476
# Set values of matrix and right hand side vector. ( 3954 sec )
# Numerical factorization phase of matrix solver for boundary plane. Polarization : 1 Plane : 1. ( 3954 sec )
# Solve phase of matrix solver for boundary plane. Polarization : 1 Plane : 1. ( 3954 sec )
#------------------------------------------------------------------------------
# Set values of matrix and right hand side vector. ( 3954 sec )
# Numerical factorization phase of matrix solver for 3D forward calculation. Polarization : 1.( 3957 sec )
# Solve phase of matrix solver for 3D forward calculation. Polarization : 1.( 3977 sec )
# Calulate right-hand sides vectors consisting of interpolator vectors.( 3978 sec )
# Solve phase of matrix solver for right-hand sides consisting of interpolator vectors.( 3978 sec )
# Solve phase is performed simultaneously for 176 right-hand sides( 3978 sec )
# Calculate derivatives of EM field.( 3984 sec )
#==============================================================================
# Calculate response functions. ( 3991 sec )
# Calculate sensitivity matrix of frequency 1[Hz].( 3991 sec )
# Sensitivity matrix of frequency 1[Hz] is saved in the out-of-core file sensMatFreq7.
#==============================================================================
#================================================================================================
# Start forward calculation. Frequency : 1.5848 [Hz], Polarization : Ex-polarization
#================================================================================================
# Start 3D forward calculation with 0th order 3D edge-based element.( 3992 sec )
# Number of equation = 475883, Number of equation after degeneration = 473549
# Calculating EM field of the boundary planes with 2D forward analysis.        
#-----------------------------[ Boundary Plane 2 ]-----------------------------
# Calculate electric field on a boundary plane with 0th order edge-based element.
# Number of equation = 514, Number of equation after degeneration = 470
# Set values of matrix and right hand side vector. ( 3992 sec )
# Numerical factorization phase of matrix solver for boundary plane. Polarization : 0 Plane : 2. ( 3992 sec )
# Solve phase of matrix solver for boundary plane. Polarization : 0 Plane : 2. ( 3992 sec )
#-----------------------------[ Boundary Plane 3 ]-----------------------------
# Calculate electric field on a boundary plane with 0th order edge-based element.
# Number of equation = 514, Number of equation after degeneration = 470
# Set values of matrix and right hand side vector. ( 3992 sec )
# Numerical factorization phase of matrix solver for boundary plane. Polarization : 0 Plane : 3. ( 3992 sec )
# Solve phase of matrix solver for boundary plane. Polarization : 0 Plane : 3. ( 3992 sec )
#------------------------------------------------------------------------------
# Set values of matrix and right hand side vector. ( 3992 sec )
# Numerical factorization phase of matrix solver for 3D forward calculation. Polarization : 0.( 3994 sec )
# Solve phase of matrix solver for 3D forward calculation. Polarization : 0.( 4015 sec )
# Calulate right-hand sides vectors consisting of interpolator vectors.( 4015 sec )
# Solve phase of matrix solver for right-hand sides consisting of interpolator vectors.( 4016 sec )
# Solve phase is performed simultaneously for 197 right-hand sides( 4016 sec )
# Calculate derivatives of EM field.( 4023 sec )
#================================================================================================
# Start forward calculation. Frequency : 1.5848 [Hz], Polarization : Ey-polarization
#================================================================================================
# Start 3D forward calculation with 0th order 3D edge-based element.( 4029 sec )
# Number of equation = 475883, Number of equation after degeneration = 473549
# Calculating EM field of the boundary planes with 2D forward analysis.        
#-----------------------------[ Boundary Plane 0 ]-----------------------------
# Calculate electric field on a boundary plane with 0th order edge-based element.
# Number of equation = 520, Number of equation after degeneration = 476
# Set values of matrix and right hand side vector. ( 4029 sec )
# Numerical factorization phase of matrix solver for boundary plane. Polarization : 1 Plane : 0. ( 4029 sec )
# Solve phase of matrix solver for boundary plane. Polarization : 1 Plane : 0. ( 4029 sec )
#-----------------------------[ Boundary Plane 1 ]-----------------------------
# Calculate electric field on a boundary plane with 0th order edge-based element.
# Number of equation = 520, Number of equation after degeneration = 476
# Set values of matrix and right hand side vector. ( 4029 sec )
# Numerical factorization phase of matrix solver for boundary plane. Polarization : 1 Plane : 1. ( 4029 sec )
# Solve phase of matrix solver for boundary plane. Polarization : 1 Plane : 1. ( 4029 sec )
#------------------------------------------------------------------------------
# Set values of matrix and right hand side vector. ( 4029 sec )
# Numerical factorization phase of matrix solver for 3D forward calculation. Polarization : 1.( 4032 sec )
# Solve phase of matrix solver for 3D forward calculation. Polarization : 1.( 4053 sec )
# Calulate right-hand sides vectors consisting of interpolator vectors.( 4053 sec )
# Solve phase of matrix solver for right-hand sides consisting of interpolator vectors.( 4054 sec )
# Solve phase is performed simultaneously for 197 right-hand sides( 4054 sec )
# Calculate derivatives of EM field.( 4060 sec )
#==============================================================================
# Calculate response functions. ( 4067 sec )
# Calculate sensitivity matrix of frequency 1.5848[Hz].( 4067 sec )
# Sensitivity matrix of frequency 1.5848[Hz] is saved in the out-of-core file sensMatFreq8.
#==============================================================================
#================================================================================================
# Start forward calculation. Frequency : 2.5118 [Hz], Polarization : Ex-polarization
#================================================================================================
# Start 3D forward calculation with 0th order 3D edge-based element.( 4068 sec )
# Number of equation = 475883, Number of equation after degeneration = 473549
# Calculating EM field of the boundary planes with 2D forward analysis.        
#-----------------------------[ Boundary Plane 2 ]-----------------------------
# Calculate electric field on a boundary plane with 0th order edge-based element.
# Number of equation = 514, Number of equation after degeneration = 470
# Set values of matrix and right hand side vector. ( 4068 sec )
# Numerical factorization phase of matrix solver for boundary plane. Polarization : 0 Plane : 2. ( 4068 sec )
# Solve phase of matrix solver for boundary plane. Polarization : 0 Plane : 2. ( 4068 sec )
#-----------------------------[ Boundary Plane 3 ]-----------------------------
# Calculate electric field on a boundary plane with 0th order edge-based element.
# Number of equation = 514, Number of equation after degeneration = 470
# Set values of matrix and right hand side vector. ( 4068 sec )
# Numerical factorization phase of matrix solver for boundary plane. Polarization : 0 Plane : 3. ( 4068 sec )
# Solve phase of matrix solver for boundary plane. Polarization : 0 Plane : 3. ( 4068 sec )
#------------------------------------------------------------------------------
# Set values of matrix and right hand side vector. ( 4068 sec )
# Numerical factorization phase of matrix solver for 3D forward calculation. Polarization : 0.( 4070 sec )
# Solve phase of matrix solver for 3D forward calculation. Polarization : 0.( 4090 sec )
# Calulate right-hand sides vectors consisting of interpolator vectors.( 4091 sec )
# Solve phase of matrix solver for right-hand sides consisting of interpolator vectors.( 4092 sec )
# Solve phase is performed simultaneously for 244 right-hand sides( 4092 sec )
# Calculate derivatives of EM field.( 4100 sec )
#================================================================================================
# Start forward calculation. Frequency : 2.5118 [Hz], Polarization : Ey-polarization
#================================================================================================
# Start 3D forward calculation with 0th order 3D edge-based element.( 4109 sec )
# Number of equation = 475883, Number of equation after degeneration = 473549
# Calculating EM field of the boundary planes with 2D forward analysis.        
#-----------------------------[ Boundary Plane 0 ]-----------------------------
# Calculate electric field on a boundary plane with 0th order edge-based element.
# Number of equation = 520, Number of equation after degeneration = 476
# Set values of matrix and right hand side vector. ( 4109 sec )
# Numerical factorization phase of matrix solver for boundary plane. Polarization : 1 Plane : 0. ( 4109 sec )
# Solve phase of matrix solver for boundary plane. Polarization : 1 Plane : 0. ( 4109 sec )
#-----------------------------[ Boundary Plane 1 ]-----------------------------
# Calculate electric field on a boundary plane with 0th order edge-based element.
# Number of equation = 520, Number of equation after degeneration = 476
# Set values of matrix and right hand side vector. ( 4109 sec )
# Numerical factorization phase of matrix solver for boundary plane. Polarization : 1 Plane : 1. ( 4109 sec )
# Solve phase of matrix solver for boundary plane. Polarization : 1 Plane : 1. ( 4109 sec )
#------------------------------------------------------------------------------
# Set values of matrix and right hand side vector. ( 4109 sec )
# Numerical factorization phase of matrix solver for 3D forward calculation. Polarization : 1.( 4112 sec )
# Solve phase of matrix solver for 3D forward calculation. Polarization : 1.( 4130 sec )
# Calulate right-hand sides vectors consisting of interpolator vectors.( 4130 sec )
# Solve phase of matrix solver for right-hand sides consisting of interpolator vectors.( 4131 sec )
# Solve phase is performed simultaneously for 244 right-hand sides( 4131 sec )
# Calculate derivatives of EM field.( 4139 sec )
#==============================================================================
# Calculate response functions. ( 4144 sec )
# Calculate sensitivity matrix of frequency 2.5118[Hz].( 4144 sec )
# Sensitivity matrix of frequency 2.5118[Hz] is saved in the out-of-core file sensMatFreq9.
#==============================================================================
#================================================================================================
# Start forward calculation. Frequency : 3.981 [Hz], Polarization : Ex-polarization
#================================================================================================
# Start 3D forward calculation with 0th order 3D edge-based element.( 4145 sec )
# Number of equation = 475883, Number of equation after degeneration = 473549
# Calculating EM field of the boundary planes with 2D forward analysis.        
#-----------------------------[ Boundary Plane 2 ]-----------------------------
# Calculate electric field on a boundary plane with 0th order edge-based element.
# Number of equation = 514, Number of equation after degeneration = 470
# Set values of matrix and right hand side vector. ( 4145 sec )
# Numerical factorization phase of matrix solver for boundary plane. Polarization : 0 Plane : 2. ( 4145 sec )
# Solve phase of matrix solver for boundary plane. Polarization : 0 Plane : 2. ( 4145 sec )
#-----------------------------[ Boundary Plane 3 ]-----------------------------
# Calculate electric field on a boundary plane with 0th order edge-based element.
# Number of equation = 514, Number of equation after degeneration = 470
# Set values of matrix and right hand side vector. ( 4145 sec )
# Numerical factorization phase of matrix solver for boundary plane. Polarization : 0 Plane : 3. ( 4145 sec )
# Solve phase of matrix solver for boundary plane. Polarization : 0 Plane : 3. ( 4145 sec )
#------------------------------------------------------------------------------
# Set values of matrix and right hand side vector. ( 4145 sec )
# Numerical factorization phase of matrix solver for 3D forward calculation. Polarization : 0.( 4148 sec )
# Solve phase of matrix solver for 3D forward calculation. Polarization : 0.( 4166 sec )
# Calulate right-hand sides vectors consisting of interpolator vectors.( 4166 sec )
# Solve phase of matrix solver for right-hand sides consisting of interpolator vectors.( 4167 sec )
# Solve phase is performed simultaneously for 254 right-hand sides( 4167 sec )
# Calculate derivatives of EM field.( 4175 sec )
#================================================================================================
# Start forward calculation. Frequency : 3.981 [Hz], Polarization : Ey-polarization
#================================================================================================
# Start 3D forward calculation with 0th order 3D edge-based element.( 4181 sec )
# Number of equation = 475883, Number of equation after degeneration = 473549
# Calculating EM field of the boundary planes with 2D forward analysis.        
#-----------------------------[ Boundary Plane 0 ]-----------------------------
# Calculate electric field on a boundary plane with 0th order edge-based element.
# Number of equation = 520, Number of equation after degeneration = 476
# Set values of matrix and right hand side vector. ( 4181 sec )
# Numerical factorization phase of matrix solver for boundary plane. Polarization : 1 Plane : 0. ( 4181 sec )
# Solve phase of matrix solver for boundary plane. Polarization : 1 Plane : 0. ( 4181 sec )
#-----------------------------[ Boundary Plane 1 ]-----------------------------
# Calculate electric field on a boundary plane with 0th order edge-based element.
# Number of equation = 520, Number of equation after degeneration = 476
# Set values of matrix and right hand side vector. ( 4181 sec )
# Numerical factorization phase of matrix solver for boundary plane. Polarization : 1 Plane : 1. ( 4181 sec )
# Solve phase of matrix solver for boundary plane. Polarization : 1 Plane : 1. ( 4181 sec )
#------------------------------------------------------------------------------
# Set values of matrix and right hand side vector. ( 4181 sec )
# Numerical factorization phase of matrix solver for 3D forward calculation. Polarization : 1.( 4183 sec )
# Solve phase of matrix solver for 3D forward calculation. Polarization : 1.( 4202 sec )
# Calulate right-hand sides vectors consisting of interpolator vectors.( 4202 sec )
# Solve phase of matrix solver for right-hand sides consisting of interpolator vectors.( 4203 sec )
# Solve phase is performed simultaneously for 254 right-hand sides( 4203 sec )
# Calculate derivatives of EM field.( 4210 sec )
#==============================================================================
# Calculate response functions. ( 4216 sec )
# Calculate sensitivity matrix of frequency 3.981[Hz].( 4216 sec )
# Sensitivity matrix of frequency 3.981[Hz] is saved in the out-of-core file sensMatFreq10.
#==============================================================================
# Release memory of coefficient matrix and sparse solver. ( 4217 sec )
###############################################################################
# Start Inversion.  Iteration : 6
###############################################################################
# Number of model : 54779
# Number of frequencies of this PE : 6
# Calculate constraining matrix. ( 4340 sec )
# Analyse constraining matrix.( 4340 sec )
# Analyse transposed constraining matrix.( 4340 sec )
# Factorize constraining matrix.( 4340 sec )
# Factorize transposed constraining matrix.( 4340 sec )
# Number of data of this PE : 1876
# Read sensitivity matrix from sensMatFreq5.( 4341 sec )
# Multiply transposed sensitivity matrix by inverse of transposed constraining matrix. ( 4341 sec )
# Solve phase is performed simultaneously for 140 right-hand sides( 4341 sec )
# Read sensitivity matrix from sensMatFreq6.( 4341 sec )
# Multiply transposed sensitivity matrix by inverse of transposed constraining matrix. ( 4342 sec )
# Solve phase is performed simultaneously for 228 right-hand sides( 4342 sec )
# Read sensitivity matrix from sensMatFreq7.( 4342 sec )
# Multiply transposed sensitivity matrix by inverse of transposed constraining matrix. ( 4344 sec )
# Solve phase is performed simultaneously for 304 right-hand sides( 4344 sec )
# Read sensitivity matrix from sensMatFreq8.( 4345 sec )
# Multiply transposed sensitivity matrix by inverse of transposed constraining matrix. ( 4346 sec )
# Solve phase is performed simultaneously for 340 right-hand sides( 4346 sec )
# Read sensitivity matrix from sensMatFreq9.( 4347 sec )
# Multiply transposed sensitivity matrix by inverse of transposed constraining matrix. ( 4348 sec )
# Solve phase is performed simultaneously for 424 right-hand sides( 4348 sec )
# Read sensitivity matrix from sensMatFreq10.( 4349 sec )
# Multiply transposed sensitivity matrix by inverse of transposed constraining matrix. ( 4350 sec )
# Solve phase is performed simultaneously for 440 right-hand sides( 4350 sec )
# Calculate right-hand side vector. ( 4356 sec )
# Read sensitivity matrix from sensMatFreq5.( 4356 sec )
# Read sensitivity matrix from sensMatFreq6.( 4356 sec )
# Read sensitivity matrix from sensMatFreq7.( 4356 sec )
# Read sensitivity matrix from sensMatFreq8.( 4356 sec )
# Read sensitivity matrix from sensMatFreq9.( 4356 sec )
# Read sensitivity matrix from sensMatFreq10.( 4356 sec )
# Read sensitivity matrix from sensMatFreq5.( 4406 sec )
# Read sensitivity matrix from sensMatFreq6.( 4406 sec )
# Read sensitivity matrix from sensMatFreq7.( 4406 sec )
# Read sensitivity matrix from sensMatFreq8.( 4406 sec )
# Read sensitivity matrix from sensMatFreq9.( 4406 sec )
# Read sensitivity matrix from sensMatFreq10.( 4406 sec )
# Calculate model increments. ( 4407 sec )
###############################################################################
# Start Forward Computation.  Iteration : 7,  Retrial : 0
###############################################################################
#================================================================================================
# Start forward calculation. Frequency : 0.3981 [Hz], Polarization : Ex-polarization
#================================================================================================
# Start 3D forward calculation with 0th order 3D edge-based element.( 4408 sec )
# Number of equation = 475883, Number of equation after degeneration = 473549
# Calculating EM field of the boundary planes with 2D forward analysis.        
#-----------------------------[ Boundary Plane 2 ]-----------------------------
# Calculate electric field on a boundary plane with 0th order edge-based element.
# Number of equation = 514, Number of equation after degeneration = 470
# Set values of matrix and right hand side vector. ( 4408 sec )
# Numerical factorization phase of matrix solver for boundary plane. Polarization : 0 Plane : 2. ( 4408 sec )
# Solve phase of matrix solver for boundary plane. Polarization : 0 Plane : 2. ( 4408 sec )
#-----------------------------[ Boundary Plane 3 ]-----------------------------
# Calculate electric field on a boundary plane with 0th order edge-based element.
# Number of equation = 514, Number of equation after degeneration = 470
# Set values of matrix and right hand side vector. ( 4408 sec )
# Numerical factorization phase of matrix solver for boundary plane. Polarization : 0 Plane : 3. ( 4408 sec )
# Solve phase of matrix solver for boundary plane. Polarization : 0 Plane : 3. ( 4408 sec )
#------------------------------------------------------------------------------
# Set matrix structure. ( 4408 sec )
# Anaysis phase of matrix solver for 3D forward calculation. Polarization : 0. ( 4411 sec )
#++++++++++++++++++++++++++++++++++++++++++++++++++++++++++++++++++++++++++++++++++++++++++++++++
# Total peak memory required during the analysis and symbolic factorization phase    : 576874 [KByte]
# Permanent memory required from the analysis phase to the solve phases              : 481973 [KByte]
# Total memory consumed by in-core forward solver for internal float point arrays    : 4.1072e+06 [KByte]
# Minimum memory consumed by out-core forward solver for internal float point arrays : 68836 [KByte]
#++++++++++++++++++++++++++++++++++++++++++++++++++++++++++++++++++++++++++++++++++++++++++++++++
# Set values of matrix and right hand side vector. ( 4414 sec )
# Numerical factorization phase of matrix solver for 3D forward calculation. Polarization : 0.( 4416 sec )
# Solve phase of matrix solver for 3D forward calculation. Polarization : 0.( 4437 sec )
# Calulate right-hand sides vectors consisting of interpolator vectors.( 4437 sec )
# Solve phase of matrix solver for right-hand sides consisting of interpolator vectors.( 4437 sec )
# Solve phase is performed simultaneously for 81 right-hand sides( 4437 sec )
# Calculate derivatives of EM field.( 4440 sec )
#================================================================================================
# Start forward calculation. Frequency : 0.3981 [Hz], Polarization : Ey-polarization
#================================================================================================
# Start 3D forward calculation with 0th order 3D edge-based element.( 4453 sec )
# Number of equation = 475883, Number of equation after degeneration = 473549
# Calculating EM field of the boundary planes with 2D forward analysis.        
#-----------------------------[ Boundary Plane 0 ]-----------------------------
# Calculate electric field on a boundary plane with 0th order edge-based element.
# Number of equation = 520, Number of equation after degeneration = 476
# Set values of matrix and right hand side vector. ( 4453 sec )
# Numerical factorization phase of matrix solver for boundary plane. Polarization : 1 Plane : 0. ( 4453 sec )
# Solve phase of matrix solver for boundary plane. Polarization : 1 Plane : 0. ( 4453 sec )
#-----------------------------[ Boundary Plane 1 ]-----------------------------
# Calculate electric field on a boundary plane with 0th order edge-based element.
# Number of equation = 520, Number of equation after degeneration = 476
# Set values of matrix and right hand side vector. ( 4453 sec )
# Numerical factorization phase of matrix solver for boundary plane. Polarization : 1 Plane : 1. ( 4453 sec )
# Solve phase of matrix solver for boundary plane. Polarization : 1 Plane : 1. ( 4453 sec )
#------------------------------------------------------------------------------
# Set values of matrix and right hand side vector. ( 4453 sec )
# Numerical factorization phase of matrix solver for 3D forward calculation. Polarization : 1.( 4456 sec )
# Solve phase of matrix solver for 3D forward calculation. Polarization : 1.( 4476 sec )
# Calulate right-hand sides vectors consisting of interpolator vectors.( 4476 sec )
# Solve phase of matrix solver for right-hand sides consisting of interpolator vectors.( 4476 sec )
# Solve phase is performed simultaneously for 81 right-hand sides( 4476 sec )
# Calculate derivatives of EM field.( 4479 sec )
#==============================================================================
# Calculate response functions. ( 4492 sec )
# Calculate sensitivity matrix of frequency 0.3981[Hz].( 4492 sec )
# Sensitivity matrix of frequency 0.3981[Hz] is saved in the out-of-core file sensMatFreq5.
#==============================================================================
#================================================================================================
# Start forward calculation. Frequency : 0.63095 [Hz], Polarization : Ex-polarization
#================================================================================================
# Start 3D forward calculation with 0th order 3D edge-based element.( 4492 sec )
# Number of equation = 475883, Number of equation after degeneration = 473549
# Calculating EM field of the boundary planes with 2D forward analysis.        
#-----------------------------[ Boundary Plane 2 ]-----------------------------
# Calculate electric field on a boundary plane with 0th order edge-based element.
# Number of equation = 514, Number of equation after degeneration = 470
# Set values of matrix and right hand side vector. ( 4492 sec )
# Numerical factorization phase of matrix solver for boundary plane. Polarization : 0 Plane : 2. ( 4492 sec )
# Solve phase of matrix solver for boundary plane. Polarization : 0 Plane : 2. ( 4492 sec )
#-----------------------------[ Boundary Plane 3 ]-----------------------------
# Calculate electric field on a boundary plane with 0th order edge-based element.
# Number of equation = 514, Number of equation after degeneration = 470
# Set values of matrix and right hand side vector. ( 4492 sec )
# Numerical factorization phase of matrix solver for boundary plane. Polarization : 0 Plane : 3. ( 4492 sec )
# Solve phase of matrix solver for boundary plane. Polarization : 0 Plane : 3. ( 4492 sec )
#------------------------------------------------------------------------------
# Set values of matrix and right hand side vector. ( 4492 sec )
# Numerical factorization phase of matrix solver for 3D forward calculation. Polarization : 0.( 4495 sec )
# Solve phase of matrix solver for 3D forward calculation. Polarization : 0.( 4515 sec )
# Calulate right-hand sides vectors consisting of interpolator vectors.( 4515 sec )
# Solve phase of matrix solver for right-hand sides consisting of interpolator vectors.( 4516 sec )
# Solve phase is performed simultaneously for 135 right-hand sides( 4516 sec )
# Calculate derivatives of EM field.( 4521 sec )
#================================================================================================
# Start forward calculation. Frequency : 0.63095 [Hz], Polarization : Ey-polarization
#================================================================================================
# Start 3D forward calculation with 0th order 3D edge-based element.( 4533 sec )
# Number of equation = 475883, Number of equation after degeneration = 473549
# Calculating EM field of the boundary planes with 2D forward analysis.        
#-----------------------------[ Boundary Plane 0 ]-----------------------------
# Calculate electric field on a boundary plane with 0th order edge-based element.
# Number of equation = 520, Number of equation after degeneration = 476
# Set values of matrix and right hand side vector. ( 4533 sec )
# Numerical factorization phase of matrix solver for boundary plane. Polarization : 1 Plane : 0. ( 4533 sec )
# Solve phase of matrix solver for boundary plane. Polarization : 1 Plane : 0. ( 4533 sec )
#-----------------------------[ Boundary Plane 1 ]-----------------------------
# Calculate electric field on a boundary plane with 0th order edge-based element.
# Number of equation = 520, Number of equation after degeneration = 476
# Set values of matrix and right hand side vector. ( 4533 sec )
# Numerical factorization phase of matrix solver for boundary plane. Polarization : 1 Plane : 1. ( 4533 sec )
# Solve phase of matrix solver for boundary plane. Polarization : 1 Plane : 1. ( 4533 sec )
#------------------------------------------------------------------------------
# Set values of matrix and right hand side vector. ( 4533 sec )
# Numerical factorization phase of matrix solver for 3D forward calculation. Polarization : 1.( 4535 sec )
# Solve phase of matrix solver for 3D forward calculation. Polarization : 1.( 4555 sec )
# Calulate right-hand sides vectors consisting of interpolator vectors.( 4556 sec )
# Solve phase of matrix solver for right-hand sides consisting of interpolator vectors.( 4556 sec )
# Solve phase is performed simultaneously for 135 right-hand sides( 4556 sec )
# Calculate derivatives of EM field.( 4561 sec )
#==============================================================================
# Calculate response functions. ( 4571 sec )
# Calculate sensitivity matrix of frequency 0.63095[Hz].( 4571 sec )
# Sensitivity matrix of frequency 0.63095[Hz] is saved in the out-of-core file sensMatFreq6.
#==============================================================================
#================================================================================================
# Start forward calculation. Frequency : 1 [Hz], Polarization : Ex-polarization
#================================================================================================
# Start 3D forward calculation with 0th order 3D edge-based element.( 4572 sec )
# Number of equation = 475883, Number of equation after degeneration = 473549
# Calculating EM field of the boundary planes with 2D forward analysis.        
#-----------------------------[ Boundary Plane 2 ]-----------------------------
# Calculate electric field on a boundary plane with 0th order edge-based element.
# Number of equation = 514, Number of equation after degeneration = 470
# Set values of matrix and right hand side vector. ( 4572 sec )
# Numerical factorization phase of matrix solver for boundary plane. Polarization : 0 Plane : 2. ( 4572 sec )
# Solve phase of matrix solver for boundary plane. Polarization : 0 Plane : 2. ( 4572 sec )
#-----------------------------[ Boundary Plane 3 ]-----------------------------
# Calculate electric field on a boundary plane with 0th order edge-based element.
# Number of equation = 514, Number of equation after degeneration = 470
# Set values of matrix and right hand side vector. ( 4572 sec )
# Numerical factorization phase of matrix solver for boundary plane. Polarization : 0 Plane : 3. ( 4572 sec )
# Solve phase of matrix solver for boundary plane. Polarization : 0 Plane : 3. ( 4572 sec )
#------------------------------------------------------------------------------
# Set values of matrix and right hand side vector. ( 4572 sec )
# Numerical factorization phase of matrix solver for 3D forward calculation. Polarization : 0.( 4574 sec )
# Solve phase of matrix solver for 3D forward calculation. Polarization : 0.( 4594 sec )
# Calulate right-hand sides vectors consisting of interpolator vectors.( 4595 sec )
# Solve phase of matrix solver for right-hand sides consisting of interpolator vectors.( 4595 sec )
# Solve phase is performed simultaneously for 176 right-hand sides( 4595 sec )
# Calculate derivatives of EM field.( 4602 sec )
#================================================================================================
# Start forward calculation. Frequency : 1 [Hz], Polarization : Ey-polarization
#================================================================================================
# Start 3D forward calculation with 0th order 3D edge-based element.( 4608 sec )
# Number of equation = 475883, Number of equation after degeneration = 473549
# Calculating EM field of the boundary planes with 2D forward analysis.        
#-----------------------------[ Boundary Plane 0 ]-----------------------------
# Calculate electric field on a boundary plane with 0th order edge-based element.
# Number of equation = 520, Number of equation after degeneration = 476
# Set values of matrix and right hand side vector. ( 4608 sec )
# Numerical factorization phase of matrix solver for boundary plane. Polarization : 1 Plane : 0. ( 4608 sec )
# Solve phase of matrix solver for boundary plane. Polarization : 1 Plane : 0. ( 4608 sec )
#-----------------------------[ Boundary Plane 1 ]-----------------------------
# Calculate electric field on a boundary plane with 0th order edge-based element.
# Number of equation = 520, Number of equation after degeneration = 476
# Set values of matrix and right hand side vector. ( 4608 sec )
# Numerical factorization phase of matrix solver for boundary plane. Polarization : 1 Plane : 1. ( 4608 sec )
# Solve phase of matrix solver for boundary plane. Polarization : 1 Plane : 1. ( 4608 sec )
#------------------------------------------------------------------------------
# Set values of matrix and right hand side vector. ( 4608 sec )
# Numerical factorization phase of matrix solver for 3D forward calculation. Polarization : 1.( 4610 sec )
# Solve phase of matrix solver for 3D forward calculation. Polarization : 1.( 4631 sec )
# Calulate right-hand sides vectors consisting of interpolator vectors.( 4631 sec )
# Solve phase of matrix solver for right-hand sides consisting of interpolator vectors.( 4632 sec )
# Solve phase is performed simultaneously for 176 right-hand sides( 4632 sec )
# Calculate derivatives of EM field.( 4637 sec )
#==============================================================================
# Calculate response functions. ( 4645 sec )
# Calculate sensitivity matrix of frequency 1[Hz].( 4645 sec )
# Sensitivity matrix of frequency 1[Hz] is saved in the out-of-core file sensMatFreq7.
#==============================================================================
#================================================================================================
# Start forward calculation. Frequency : 1.5848 [Hz], Polarization : Ex-polarization
#================================================================================================
# Start 3D forward calculation with 0th order 3D edge-based element.( 4646 sec )
# Number of equation = 475883, Number of equation after degeneration = 473549
# Calculating EM field of the boundary planes with 2D forward analysis.        
#-----------------------------[ Boundary Plane 2 ]-----------------------------
# Calculate electric field on a boundary plane with 0th order edge-based element.
# Number of equation = 514, Number of equation after degeneration = 470
# Set values of matrix and right hand side vector. ( 4646 sec )
# Numerical factorization phase of matrix solver for boundary plane. Polarization : 0 Plane : 2. ( 4646 sec )
# Solve phase of matrix solver for boundary plane. Polarization : 0 Plane : 2. ( 4646 sec )
#-----------------------------[ Boundary Plane 3 ]-----------------------------
# Calculate electric field on a boundary plane with 0th order edge-based element.
# Number of equation = 514, Number of equation after degeneration = 470
# Set values of matrix and right hand side vector. ( 4646 sec )
# Numerical factorization phase of matrix solver for boundary plane. Polarization : 0 Plane : 3. ( 4646 sec )
# Solve phase of matrix solver for boundary plane. Polarization : 0 Plane : 3. ( 4646 sec )
#------------------------------------------------------------------------------
# Set values of matrix and right hand side vector. ( 4646 sec )
# Numerical factorization phase of matrix solver for 3D forward calculation. Polarization : 0.( 4648 sec )
# Solve phase of matrix solver for 3D forward calculation. Polarization : 0.( 4668 sec )
# Calulate right-hand sides vectors consisting of interpolator vectors.( 4669 sec )
# Solve phase of matrix solver for right-hand sides consisting of interpolator vectors.( 4669 sec )
# Solve phase is performed simultaneously for 197 right-hand sides( 4669 sec )
# Calculate derivatives of EM field.( 4677 sec )
#================================================================================================
# Start forward calculation. Frequency : 1.5848 [Hz], Polarization : Ey-polarization
#================================================================================================
# Start 3D forward calculation with 0th order 3D edge-based element.( 4683 sec )
# Number of equation = 475883, Number of equation after degeneration = 473549
# Calculating EM field of the boundary planes with 2D forward analysis.        
#-----------------------------[ Boundary Plane 0 ]-----------------------------
# Calculate electric field on a boundary plane with 0th order edge-based element.
# Number of equation = 520, Number of equation after degeneration = 476
# Set values of matrix and right hand side vector. ( 4683 sec )
# Numerical factorization phase of matrix solver for boundary plane. Polarization : 1 Plane : 0. ( 4683 sec )
# Solve phase of matrix solver for boundary plane. Polarization : 1 Plane : 0. ( 4683 sec )
#-----------------------------[ Boundary Plane 1 ]-----------------------------
# Calculate electric field on a boundary plane with 0th order edge-based element.
# Number of equation = 520, Number of equation after degeneration = 476
# Set values of matrix and right hand side vector. ( 4683 sec )
# Numerical factorization phase of matrix solver for boundary plane. Polarization : 1 Plane : 1. ( 4683 sec )
# Solve phase of matrix solver for boundary plane. Polarization : 1 Plane : 1. ( 4683 sec )
#------------------------------------------------------------------------------
# Set values of matrix and right hand side vector. ( 4683 sec )
# Numerical factorization phase of matrix solver for 3D forward calculation. Polarization : 1.( 4685 sec )
# Solve phase of matrix solver for 3D forward calculation. Polarization : 1.( 4706 sec )
# Calulate right-hand sides vectors consisting of interpolator vectors.( 4706 sec )
# Solve phase of matrix solver for right-hand sides consisting of interpolator vectors.( 4707 sec )
# Solve phase is performed simultaneously for 197 right-hand sides( 4707 sec )
# Calculate derivatives of EM field.( 4713 sec )
#==============================================================================
# Calculate response functions. ( 4721 sec )
# Calculate sensitivity matrix of frequency 1.5848[Hz].( 4721 sec )
# Sensitivity matrix of frequency 1.5848[Hz] is saved in the out-of-core file sensMatFreq8.
#==============================================================================
#================================================================================================
# Start forward calculation. Frequency : 2.5118 [Hz], Polarization : Ex-polarization
#================================================================================================
# Start 3D forward calculation with 0th order 3D edge-based element.( 4721 sec )
# Number of equation = 475883, Number of equation after degeneration = 473549
# Calculating EM field of the boundary planes with 2D forward analysis.        
#-----------------------------[ Boundary Plane 2 ]-----------------------------
# Calculate electric field on a boundary plane with 0th order edge-based element.
# Number of equation = 514, Number of equation after degeneration = 470
# Set values of matrix and right hand side vector. ( 4721 sec )
# Numerical factorization phase of matrix solver for boundary plane. Polarization : 0 Plane : 2. ( 4721 sec )
# Solve phase of matrix solver for boundary plane. Polarization : 0 Plane : 2. ( 4721 sec )
#-----------------------------[ Boundary Plane 3 ]-----------------------------
# Calculate electric field on a boundary plane with 0th order edge-based element.
# Number of equation = 514, Number of equation after degeneration = 470
# Set values of matrix and right hand side vector. ( 4721 sec )
# Numerical factorization phase of matrix solver for boundary plane. Polarization : 0 Plane : 3. ( 4721 sec )
# Solve phase of matrix solver for boundary plane. Polarization : 0 Plane : 3. ( 4721 sec )
#------------------------------------------------------------------------------
# Set values of matrix and right hand side vector. ( 4721 sec )
# Numerical factorization phase of matrix solver for 3D forward calculation. Polarization : 0.( 4723 sec )
# Solve phase of matrix solver for 3D forward calculation. Polarization : 0.( 4744 sec )
# Calulate right-hand sides vectors consisting of interpolator vectors.( 4744 sec )
# Solve phase of matrix solver for right-hand sides consisting of interpolator vectors.( 4745 sec )
# Solve phase is performed simultaneously for 244 right-hand sides( 4745 sec )
# Calculate derivatives of EM field.( 4754 sec )
#================================================================================================
# Start forward calculation. Frequency : 2.5118 [Hz], Polarization : Ey-polarization
#================================================================================================
# Start 3D forward calculation with 0th order 3D edge-based element.( 4767 sec )
# Number of equation = 475883, Number of equation after degeneration = 473549
# Calculating EM field of the boundary planes with 2D forward analysis.        
#-----------------------------[ Boundary Plane 0 ]-----------------------------
# Calculate electric field on a boundary plane with 0th order edge-based element.
# Number of equation = 520, Number of equation after degeneration = 476
# Set values of matrix and right hand side vector. ( 4767 sec )
# Numerical factorization phase of matrix solver for boundary plane. Polarization : 1 Plane : 0. ( 4767 sec )
# Solve phase of matrix solver for boundary plane. Polarization : 1 Plane : 0. ( 4767 sec )
#-----------------------------[ Boundary Plane 1 ]-----------------------------
# Calculate electric field on a boundary plane with 0th order edge-based element.
# Number of equation = 520, Number of equation after degeneration = 476
# Set values of matrix and right hand side vector. ( 4767 sec )
# Numerical factorization phase of matrix solver for boundary plane. Polarization : 1 Plane : 1. ( 4767 sec )
# Solve phase of matrix solver for boundary plane. Polarization : 1 Plane : 1. ( 4767 sec )
#------------------------------------------------------------------------------
# Set values of matrix and right hand side vector. ( 4767 sec )
# Numerical factorization phase of matrix solver for 3D forward calculation. Polarization : 1.( 4769 sec )
# Solve phase of matrix solver for 3D forward calculation. Polarization : 1.( 4787 sec )
# Calulate right-hand sides vectors consisting of interpolator vectors.( 4787 sec )
# Solve phase of matrix solver for right-hand sides consisting of interpolator vectors.( 4788 sec )
# Solve phase is performed simultaneously for 244 right-hand sides( 4788 sec )
# Calculate derivatives of EM field.( 4796 sec )
#==============================================================================
# Calculate response functions. ( 4801 sec )
# Calculate sensitivity matrix of frequency 2.5118[Hz].( 4801 sec )
# Sensitivity matrix of frequency 2.5118[Hz] is saved in the out-of-core file sensMatFreq9.
#==============================================================================
#================================================================================================
# Start forward calculation. Frequency : 3.981 [Hz], Polarization : Ex-polarization
#================================================================================================
# Start 3D forward calculation with 0th order 3D edge-based element.( 4801 sec )
# Number of equation = 475883, Number of equation after degeneration = 473549
# Calculating EM field of the boundary planes with 2D forward analysis.        
#-----------------------------[ Boundary Plane 2 ]-----------------------------
# Calculate electric field on a boundary plane with 0th order edge-based element.
# Number of equation = 514, Number of equation after degeneration = 470
# Set values of matrix and right hand side vector. ( 4801 sec )
# Numerical factorization phase of matrix solver for boundary plane. Polarization : 0 Plane : 2. ( 4801 sec )
# Solve phase of matrix solver for boundary plane. Polarization : 0 Plane : 2. ( 4801 sec )
#-----------------------------[ Boundary Plane 3 ]-----------------------------
# Calculate electric field on a boundary plane with 0th order edge-based element.
# Number of equation = 514, Number of equation after degeneration = 470
# Set values of matrix and right hand side vector. ( 4801 sec )
# Numerical factorization phase of matrix solver for boundary plane. Polarization : 0 Plane : 3. ( 4801 sec )
# Solve phase of matrix solver for boundary plane. Polarization : 0 Plane : 3. ( 4801 sec )
#------------------------------------------------------------------------------
# Set values of matrix and right hand side vector. ( 4801 sec )
# Numerical factorization phase of matrix solver for 3D forward calculation. Polarization : 0.( 4804 sec )
# Solve phase of matrix solver for 3D forward calculation. Polarization : 0.( 4821 sec )
# Calulate right-hand sides vectors consisting of interpolator vectors.( 4822 sec )
# Solve phase of matrix solver for right-hand sides consisting of interpolator vectors.( 4823 sec )
# Solve phase is performed simultaneously for 254 right-hand sides( 4823 sec )
# Calculate derivatives of EM field.( 4831 sec )
#================================================================================================
# Start forward calculation. Frequency : 3.981 [Hz], Polarization : Ey-polarization
#================================================================================================
# Start 3D forward calculation with 0th order 3D edge-based element.( 4836 sec )
# Number of equation = 475883, Number of equation after degeneration = 473549
# Calculating EM field of the boundary planes with 2D forward analysis.        
#-----------------------------[ Boundary Plane 0 ]-----------------------------
# Calculate electric field on a boundary plane with 0th order edge-based element.
# Number of equation = 520, Number of equation after degeneration = 476
# Set values of matrix and right hand side vector. ( 4836 sec )
# Numerical factorization phase of matrix solver for boundary plane. Polarization : 1 Plane : 0. ( 4836 sec )
# Solve phase of matrix solver for boundary plane. Polarization : 1 Plane : 0. ( 4836 sec )
#-----------------------------[ Boundary Plane 1 ]-----------------------------
# Calculate electric field on a boundary plane with 0th order edge-based element.
# Number of equation = 520, Number of equation after degeneration = 476
# Set values of matrix and right hand side vector. ( 4836 sec )
# Numerical factorization phase of matrix solver for boundary plane. Polarization : 1 Plane : 1. ( 4836 sec )
# Solve phase of matrix solver for boundary plane. Polarization : 1 Plane : 1. ( 4836 sec )
#------------------------------------------------------------------------------
# Set values of matrix and right hand side vector. ( 4836 sec )
# Numerical factorization phase of matrix solver for 3D forward calculation. Polarization : 1.( 4838 sec )
# Solve phase of matrix solver for 3D forward calculation. Polarization : 1.( 4856 sec )
# Calulate right-hand sides vectors consisting of interpolator vectors.( 4856 sec )
# Solve phase of matrix solver for right-hand sides consisting of interpolator vectors.( 4857 sec )
# Solve phase is performed simultaneously for 254 right-hand sides( 4857 sec )
# Calculate derivatives of EM field.( 4865 sec )
#==============================================================================
# Calculate response functions. ( 4869 sec )
# Calculate sensitivity matrix of frequency 3.981[Hz].( 4870 sec )
# Sensitivity matrix of frequency 3.981[Hz] is saved in the out-of-core file sensMatFreq10.
#==============================================================================
# Release memory of coefficient matrix and sparse solver. ( 4870 sec )
###############################################################################
# Start Forward Computation.  Iteration : 7,  Retrial : 1
###############################################################################
#================================================================================================
# Start forward calculation. Frequency : 0.3981 [Hz], Polarization : Ex-polarization
#================================================================================================
# Start 3D forward calculation with 0th order 3D edge-based element.( 4975 sec )
# Number of equation = 475883, Number of equation after degeneration = 473549
# Calculating EM field of the boundary planes with 2D forward analysis.        
#-----------------------------[ Boundary Plane 2 ]-----------------------------
# Calculate electric field on a boundary plane with 0th order edge-based element.
# Number of equation = 514, Number of equation after degeneration = 470
# Set values of matrix and right hand side vector. ( 4975 sec )
# Numerical factorization phase of matrix solver for boundary plane. Polarization : 0 Plane : 2. ( 4975 sec )
# Solve phase of matrix solver for boundary plane. Polarization : 0 Plane : 2. ( 4975 sec )
#-----------------------------[ Boundary Plane 3 ]-----------------------------
# Calculate electric field on a boundary plane with 0th order edge-based element.
# Number of equation = 514, Number of equation after degeneration = 470
# Set values of matrix and right hand side vector. ( 4975 sec )
# Numerical factorization phase of matrix solver for boundary plane. Polarization : 0 Plane : 3. ( 4975 sec )
# Solve phase of matrix solver for boundary plane. Polarization : 0 Plane : 3. ( 4975 sec )
#------------------------------------------------------------------------------
# Set matrix structure. ( 4975 sec )
# Anaysis phase of matrix solver for 3D forward calculation. Polarization : 0. ( 4978 sec )
#++++++++++++++++++++++++++++++++++++++++++++++++++++++++++++++++++++++++++++++++++++++++++++++++
# Total peak memory required during the analysis and symbolic factorization phase    : 576853 [KByte]
# Permanent memory required from the analysis phase to the solve phases              : 481993 [KByte]
# Total memory consumed by in-core forward solver for internal float point arrays    : 4.13191e+06 [KByte]
# Minimum memory consumed by out-core forward solver for internal float point arrays : 68811 [KByte]
#++++++++++++++++++++++++++++++++++++++++++++++++++++++++++++++++++++++++++++++++++++++++++++++++
# Set values of matrix and right hand side vector. ( 4981 sec )
# Numerical factorization phase of matrix solver for 3D forward calculation. Polarization : 0.( 4983 sec )
# Solve phase of matrix solver for 3D forward calculation. Polarization : 0.( 5004 sec )
# Calulate right-hand sides vectors consisting of interpolator vectors.( 5004 sec )
# Solve phase of matrix solver for right-hand sides consisting of interpolator vectors.( 5005 sec )
# Solve phase is performed simultaneously for 81 right-hand sides( 5005 sec )
# Calculate derivatives of EM field.( 5008 sec )
#================================================================================================
# Start forward calculation. Frequency : 0.3981 [Hz], Polarization : Ey-polarization
#================================================================================================
# Start 3D forward calculation with 0th order 3D edge-based element.( 5021 sec )
# Number of equation = 475883, Number of equation after degeneration = 473549
# Calculating EM field of the boundary planes with 2D forward analysis.        
#-----------------------------[ Boundary Plane 0 ]-----------------------------
# Calculate electric field on a boundary plane with 0th order edge-based element.
# Number of equation = 520, Number of equation after degeneration = 476
# Set values of matrix and right hand side vector. ( 5021 sec )
# Numerical factorization phase of matrix solver for boundary plane. Polarization : 1 Plane : 0. ( 5021 sec )
# Solve phase of matrix solver for boundary plane. Polarization : 1 Plane : 0. ( 5021 sec )
#-----------------------------[ Boundary Plane 1 ]-----------------------------
# Calculate electric field on a boundary plane with 0th order edge-based element.
# Number of equation = 520, Number of equation after degeneration = 476
# Set values of matrix and right hand side vector. ( 5021 sec )
# Numerical factorization phase of matrix solver for boundary plane. Polarization : 1 Plane : 1. ( 5021 sec )
# Solve phase of matrix solver for boundary plane. Polarization : 1 Plane : 1. ( 5021 sec )
#------------------------------------------------------------------------------
# Set values of matrix and right hand side vector. ( 5021 sec )
# Numerical factorization phase of matrix solver for 3D forward calculation. Polarization : 1.( 5023 sec )
# Solve phase of matrix solver for 3D forward calculation. Polarization : 1.( 5043 sec )
# Calulate right-hand sides vectors consisting of interpolator vectors.( 5044 sec )
# Solve phase of matrix solver for right-hand sides consisting of interpolator vectors.( 5044 sec )
# Solve phase is performed simultaneously for 81 right-hand sides( 5044 sec )
# Calculate derivatives of EM field.( 5047 sec )
#==============================================================================
# Calculate response functions. ( 5060 sec )
# Calculate sensitivity matrix of frequency 0.3981[Hz].( 5060 sec )
# Sensitivity matrix of frequency 0.3981[Hz] is saved in the out-of-core file sensMatFreq5.
#==============================================================================
#================================================================================================
# Start forward calculation. Frequency : 0.63095 [Hz], Polarization : Ex-polarization
#================================================================================================
# Start 3D forward calculation with 0th order 3D edge-based element.( 5060 sec )
# Number of equation = 475883, Number of equation after degeneration = 473549
# Calculating EM field of the boundary planes with 2D forward analysis.        
#-----------------------------[ Boundary Plane 2 ]-----------------------------
# Calculate electric field on a boundary plane with 0th order edge-based element.
# Number of equation = 514, Number of equation after degeneration = 470
# Set values of matrix and right hand side vector. ( 5060 sec )
# Numerical factorization phase of matrix solver for boundary plane. Polarization : 0 Plane : 2. ( 5060 sec )
# Solve phase of matrix solver for boundary plane. Polarization : 0 Plane : 2. ( 5060 sec )
#-----------------------------[ Boundary Plane 3 ]-----------------------------
# Calculate electric field on a boundary plane with 0th order edge-based element.
# Number of equation = 514, Number of equation after degeneration = 470
# Set values of matrix and right hand side vector. ( 5060 sec )
# Numerical factorization phase of matrix solver for boundary plane. Polarization : 0 Plane : 3. ( 5060 sec )
# Solve phase of matrix solver for boundary plane. Polarization : 0 Plane : 3. ( 5060 sec )
#------------------------------------------------------------------------------
# Set values of matrix and right hand side vector. ( 5060 sec )
# Numerical factorization phase of matrix solver for 3D forward calculation. Polarization : 0.( 5062 sec )
# Solve phase of matrix solver for 3D forward calculation. Polarization : 0.( 5083 sec )
# Calulate right-hand sides vectors consisting of interpolator vectors.( 5083 sec )
# Solve phase of matrix solver for right-hand sides consisting of interpolator vectors.( 5084 sec )
# Solve phase is performed simultaneously for 135 right-hand sides( 5084 sec )
# Calculate derivatives of EM field.( 5089 sec )
#================================================================================================
# Start forward calculation. Frequency : 0.63095 [Hz], Polarization : Ey-polarization
#================================================================================================
# Start 3D forward calculation with 0th order 3D edge-based element.( 5100 sec )
# Number of equation = 475883, Number of equation after degeneration = 473549
# Calculating EM field of the boundary planes with 2D forward analysis.        
#-----------------------------[ Boundary Plane 0 ]-----------------------------
# Calculate electric field on a boundary plane with 0th order edge-based element.
# Number of equation = 520, Number of equation after degeneration = 476
# Set values of matrix and right hand side vector. ( 5100 sec )
# Numerical factorization phase of matrix solver for boundary plane. Polarization : 1 Plane : 0. ( 5100 sec )
# Solve phase of matrix solver for boundary plane. Polarization : 1 Plane : 0. ( 5100 sec )
#-----------------------------[ Boundary Plane 1 ]-----------------------------
# Calculate electric field on a boundary plane with 0th order edge-based element.
# Number of equation = 520, Number of equation after degeneration = 476
# Set values of matrix and right hand side vector. ( 5100 sec )
# Numerical factorization phase of matrix solver for boundary plane. Polarization : 1 Plane : 1. ( 5100 sec )
# Solve phase of matrix solver for boundary plane. Polarization : 1 Plane : 1. ( 5100 sec )
#------------------------------------------------------------------------------
# Set values of matrix and right hand side vector. ( 5100 sec )
# Numerical factorization phase of matrix solver for 3D forward calculation. Polarization : 1.( 5102 sec )
# Solve phase of matrix solver for 3D forward calculation. Polarization : 1.( 5123 sec )
# Calulate right-hand sides vectors consisting of interpolator vectors.( 5123 sec )
# Solve phase of matrix solver for right-hand sides consisting of interpolator vectors.( 5124 sec )
# Solve phase is performed simultaneously for 135 right-hand sides( 5124 sec )
# Calculate derivatives of EM field.( 5129 sec )
#==============================================================================
# Calculate response functions. ( 5138 sec )
# Calculate sensitivity matrix of frequency 0.63095[Hz].( 5138 sec )
# Sensitivity matrix of frequency 0.63095[Hz] is saved in the out-of-core file sensMatFreq6.
#==============================================================================
#================================================================================================
# Start forward calculation. Frequency : 1 [Hz], Polarization : Ex-polarization
#================================================================================================
# Start 3D forward calculation with 0th order 3D edge-based element.( 5139 sec )
# Number of equation = 475883, Number of equation after degeneration = 473549
# Calculating EM field of the boundary planes with 2D forward analysis.        
#-----------------------------[ Boundary Plane 2 ]-----------------------------
# Calculate electric field on a boundary plane with 0th order edge-based element.
# Number of equation = 514, Number of equation after degeneration = 470
# Set values of matrix and right hand side vector. ( 5139 sec )
# Numerical factorization phase of matrix solver for boundary plane. Polarization : 0 Plane : 2. ( 5139 sec )
# Solve phase of matrix solver for boundary plane. Polarization : 0 Plane : 2. ( 5139 sec )
#-----------------------------[ Boundary Plane 3 ]-----------------------------
# Calculate electric field on a boundary plane with 0th order edge-based element.
# Number of equation = 514, Number of equation after degeneration = 470
# Set values of matrix and right hand side vector. ( 5139 sec )
# Numerical factorization phase of matrix solver for boundary plane. Polarization : 0 Plane : 3. ( 5139 sec )
# Solve phase of matrix solver for boundary plane. Polarization : 0 Plane : 3. ( 5139 sec )
#------------------------------------------------------------------------------
# Set values of matrix and right hand side vector. ( 5139 sec )
# Numerical factorization phase of matrix solver for 3D forward calculation. Polarization : 0.( 5141 sec )
# Solve phase of matrix solver for 3D forward calculation. Polarization : 0.( 5161 sec )
# Calulate right-hand sides vectors consisting of interpolator vectors.( 5162 sec )
# Solve phase of matrix solver for right-hand sides consisting of interpolator vectors.( 5162 sec )
# Solve phase is performed simultaneously for 176 right-hand sides( 5162 sec )
# Calculate derivatives of EM field.( 5169 sec )
#================================================================================================
# Start forward calculation. Frequency : 1 [Hz], Polarization : Ey-polarization
#================================================================================================
# Start 3D forward calculation with 0th order 3D edge-based element.( 5176 sec )
# Number of equation = 475883, Number of equation after degeneration = 473549
# Calculating EM field of the boundary planes with 2D forward analysis.        
#-----------------------------[ Boundary Plane 0 ]-----------------------------
# Calculate electric field on a boundary plane with 0th order edge-based element.
# Number of equation = 520, Number of equation after degeneration = 476
# Set values of matrix and right hand side vector. ( 5176 sec )
# Numerical factorization phase of matrix solver for boundary plane. Polarization : 1 Plane : 0. ( 5176 sec )
# Solve phase of matrix solver for boundary plane. Polarization : 1 Plane : 0. ( 5176 sec )
#-----------------------------[ Boundary Plane 1 ]-----------------------------
# Calculate electric field on a boundary plane with 0th order edge-based element.
# Number of equation = 520, Number of equation after degeneration = 476
# Set values of matrix and right hand side vector. ( 5176 sec )
# Numerical factorization phase of matrix solver for boundary plane. Polarization : 1 Plane : 1. ( 5176 sec )
# Solve phase of matrix solver for boundary plane. Polarization : 1 Plane : 1. ( 5176 sec )
#------------------------------------------------------------------------------
# Set values of matrix and right hand side vector. ( 5176 sec )
# Numerical factorization phase of matrix solver for 3D forward calculation. Polarization : 1.( 5178 sec )
# Solve phase of matrix solver for 3D forward calculation. Polarization : 1.( 5199 sec )
# Calulate right-hand sides vectors consisting of interpolator vectors.( 5199 sec )
# Solve phase of matrix solver for right-hand sides consisting of interpolator vectors.( 5200 sec )
# Solve phase is performed simultaneously for 176 right-hand sides( 5200 sec )
# Calculate derivatives of EM field.( 5206 sec )
#==============================================================================
# Calculate response functions. ( 5214 sec )
# Calculate sensitivity matrix of frequency 1[Hz].( 5214 sec )
# Sensitivity matrix of frequency 1[Hz] is saved in the out-of-core file sensMatFreq7.
#==============================================================================
#================================================================================================
# Start forward calculation. Frequency : 1.5848 [Hz], Polarization : Ex-polarization
#================================================================================================
# Start 3D forward calculation with 0th order 3D edge-based element.( 5214 sec )
# Number of equation = 475883, Number of equation after degeneration = 473549
# Calculating EM field of the boundary planes with 2D forward analysis.        
#-----------------------------[ Boundary Plane 2 ]-----------------------------
# Calculate electric field on a boundary plane with 0th order edge-based element.
# Number of equation = 514, Number of equation after degeneration = 470
# Set values of matrix and right hand side vector. ( 5214 sec )
# Numerical factorization phase of matrix solver for boundary plane. Polarization : 0 Plane : 2. ( 5214 sec )
# Solve phase of matrix solver for boundary plane. Polarization : 0 Plane : 2. ( 5214 sec )
#-----------------------------[ Boundary Plane 3 ]-----------------------------
# Calculate electric field on a boundary plane with 0th order edge-based element.
# Number of equation = 514, Number of equation after degeneration = 470
# Set values of matrix and right hand side vector. ( 5214 sec )
# Numerical factorization phase of matrix solver for boundary plane. Polarization : 0 Plane : 3. ( 5214 sec )
# Solve phase of matrix solver for boundary plane. Polarization : 0 Plane : 3. ( 5214 sec )
#------------------------------------------------------------------------------
# Set values of matrix and right hand side vector. ( 5214 sec )
# Numerical factorization phase of matrix solver for 3D forward calculation. Polarization : 0.( 5216 sec )
# Solve phase of matrix solver for 3D forward calculation. Polarization : 0.( 5237 sec )
# Calulate right-hand sides vectors consisting of interpolator vectors.( 5237 sec )
# Solve phase of matrix solver for right-hand sides consisting of interpolator vectors.( 5238 sec )
# Solve phase is performed simultaneously for 197 right-hand sides( 5238 sec )
# Calculate derivatives of EM field.( 5245 sec )
#================================================================================================
# Start forward calculation. Frequency : 1.5848 [Hz], Polarization : Ey-polarization
#================================================================================================
# Start 3D forward calculation with 0th order 3D edge-based element.( 5252 sec )
# Number of equation = 475883, Number of equation after degeneration = 473549
# Calculating EM field of the boundary planes with 2D forward analysis.        
#-----------------------------[ Boundary Plane 0 ]-----------------------------
# Calculate electric field on a boundary plane with 0th order edge-based element.
# Number of equation = 520, Number of equation after degeneration = 476
# Set values of matrix and right hand side vector. ( 5252 sec )
# Numerical factorization phase of matrix solver for boundary plane. Polarization : 1 Plane : 0. ( 5252 sec )
# Solve phase of matrix solver for boundary plane. Polarization : 1 Plane : 0. ( 5252 sec )
#-----------------------------[ Boundary Plane 1 ]-----------------------------
# Calculate electric field on a boundary plane with 0th order edge-based element.
# Number of equation = 520, Number of equation after degeneration = 476
# Set values of matrix and right hand side vector. ( 5252 sec )
# Numerical factorization phase of matrix solver for boundary plane. Polarization : 1 Plane : 1. ( 5252 sec )
# Solve phase of matrix solver for boundary plane. Polarization : 1 Plane : 1. ( 5252 sec )
#------------------------------------------------------------------------------
# Set values of matrix and right hand side vector. ( 5252 sec )
# Numerical factorization phase of matrix solver for 3D forward calculation. Polarization : 1.( 5255 sec )
# Solve phase of matrix solver for 3D forward calculation. Polarization : 1.( 5275 sec )
# Calulate right-hand sides vectors consisting of interpolator vectors.( 5276 sec )
# Solve phase of matrix solver for right-hand sides consisting of interpolator vectors.( 5276 sec )
# Solve phase is performed simultaneously for 197 right-hand sides( 5276 sec )
# Calculate derivatives of EM field.( 5283 sec )
#==============================================================================
# Calculate response functions. ( 5291 sec )
# Calculate sensitivity matrix of frequency 1.5848[Hz].( 5291 sec )
# Sensitivity matrix of frequency 1.5848[Hz] is saved in the out-of-core file sensMatFreq8.
#==============================================================================
#================================================================================================
# Start forward calculation. Frequency : 2.5118 [Hz], Polarization : Ex-polarization
#================================================================================================
# Start 3D forward calculation with 0th order 3D edge-based element.( 5291 sec )
# Number of equation = 475883, Number of equation after degeneration = 473549
# Calculating EM field of the boundary planes with 2D forward analysis.        
#-----------------------------[ Boundary Plane 2 ]-----------------------------
# Calculate electric field on a boundary plane with 0th order edge-based element.
# Number of equation = 514, Number of equation after degeneration = 470
# Set values of matrix and right hand side vector. ( 5291 sec )
# Numerical factorization phase of matrix solver for boundary plane. Polarization : 0 Plane : 2. ( 5291 sec )
# Solve phase of matrix solver for boundary plane. Polarization : 0 Plane : 2. ( 5291 sec )
#-----------------------------[ Boundary Plane 3 ]-----------------------------
# Calculate electric field on a boundary plane with 0th order edge-based element.
# Number of equation = 514, Number of equation after degeneration = 470
# Set values of matrix and right hand side vector. ( 5291 sec )
# Numerical factorization phase of matrix solver for boundary plane. Polarization : 0 Plane : 3. ( 5291 sec )
# Solve phase of matrix solver for boundary plane. Polarization : 0 Plane : 3. ( 5291 sec )
#------------------------------------------------------------------------------
# Set values of matrix and right hand side vector. ( 5291 sec )
# Numerical factorization phase of matrix solver for 3D forward calculation. Polarization : 0.( 5294 sec )
# Solve phase of matrix solver for 3D forward calculation. Polarization : 0.( 5314 sec )
# Calulate right-hand sides vectors consisting of interpolator vectors.( 5314 sec )
# Solve phase of matrix solver for right-hand sides consisting of interpolator vectors.( 5315 sec )
# Solve phase is performed simultaneously for 244 right-hand sides( 5315 sec )
# Calculate derivatives of EM field.( 5324 sec )
#================================================================================================
# Start forward calculation. Frequency : 2.5118 [Hz], Polarization : Ey-polarization
#================================================================================================
# Start 3D forward calculation with 0th order 3D edge-based element.( 5337 sec )
# Number of equation = 475883, Number of equation after degeneration = 473549
# Calculating EM field of the boundary planes with 2D forward analysis.        
#-----------------------------[ Boundary Plane 0 ]-----------------------------
# Calculate electric field on a boundary plane with 0th order edge-based element.
# Number of equation = 520, Number of equation after degeneration = 476
# Set values of matrix and right hand side vector. ( 5337 sec )
# Numerical factorization phase of matrix solver for boundary plane. Polarization : 1 Plane : 0. ( 5337 sec )
# Solve phase of matrix solver for boundary plane. Polarization : 1 Plane : 0. ( 5337 sec )
#-----------------------------[ Boundary Plane 1 ]-----------------------------
# Calculate electric field on a boundary plane with 0th order edge-based element.
# Number of equation = 520, Number of equation after degeneration = 476
# Set values of matrix and right hand side vector. ( 5337 sec )
# Numerical factorization phase of matrix solver for boundary plane. Polarization : 1 Plane : 1. ( 5337 sec )
# Solve phase of matrix solver for boundary plane. Polarization : 1 Plane : 1. ( 5337 sec )
#------------------------------------------------------------------------------
# Set values of matrix and right hand side vector. ( 5337 sec )
# Numerical factorization phase of matrix solver for 3D forward calculation. Polarization : 1.( 5340 sec )
# Solve phase of matrix solver for 3D forward calculation. Polarization : 1.( 5358 sec )
# Calulate right-hand sides vectors consisting of interpolator vectors.( 5358 sec )
# Solve phase of matrix solver for right-hand sides consisting of interpolator vectors.( 5359 sec )
# Solve phase is performed simultaneously for 244 right-hand sides( 5359 sec )
# Calculate derivatives of EM field.( 5367 sec )
#==============================================================================
# Calculate response functions. ( 5373 sec )
# Calculate sensitivity matrix of frequency 2.5118[Hz].( 5373 sec )
# Sensitivity matrix of frequency 2.5118[Hz] is saved in the out-of-core file sensMatFreq9.
#==============================================================================
#================================================================================================
# Start forward calculation. Frequency : 3.981 [Hz], Polarization : Ex-polarization
#================================================================================================
# Start 3D forward calculation with 0th order 3D edge-based element.( 5374 sec )
# Number of equation = 475883, Number of equation after degeneration = 473549
# Calculating EM field of the boundary planes with 2D forward analysis.        
#-----------------------------[ Boundary Plane 2 ]-----------------------------
# Calculate electric field on a boundary plane with 0th order edge-based element.
# Number of equation = 514, Number of equation after degeneration = 470
# Set values of matrix and right hand side vector. ( 5374 sec )
# Numerical factorization phase of matrix solver for boundary plane. Polarization : 0 Plane : 2. ( 5374 sec )
# Solve phase of matrix solver for boundary plane. Polarization : 0 Plane : 2. ( 5374 sec )
#-----------------------------[ Boundary Plane 3 ]-----------------------------
# Calculate electric field on a boundary plane with 0th order edge-based element.
# Number of equation = 514, Number of equation after degeneration = 470
# Set values of matrix and right hand side vector. ( 5374 sec )
# Numerical factorization phase of matrix solver for boundary plane. Polarization : 0 Plane : 3. ( 5374 sec )
# Solve phase of matrix solver for boundary plane. Polarization : 0 Plane : 3. ( 5374 sec )
#------------------------------------------------------------------------------
# Set values of matrix and right hand side vector. ( 5374 sec )
# Numerical factorization phase of matrix solver for 3D forward calculation. Polarization : 0.( 5376 sec )
# Solve phase of matrix solver for 3D forward calculation. Polarization : 0.( 5395 sec )
# Calulate right-hand sides vectors consisting of interpolator vectors.( 5395 sec )
# Solve phase of matrix solver for right-hand sides consisting of interpolator vectors.( 5396 sec )
# Solve phase is performed simultaneously for 254 right-hand sides( 5396 sec )
# Calculate derivatives of EM field.( 5404 sec )
#================================================================================================
# Start forward calculation. Frequency : 3.981 [Hz], Polarization : Ey-polarization
#================================================================================================
# Start 3D forward calculation with 0th order 3D edge-based element.( 5411 sec )
# Number of equation = 475883, Number of equation after degeneration = 473549
# Calculating EM field of the boundary planes with 2D forward analysis.        
#-----------------------------[ Boundary Plane 0 ]-----------------------------
# Calculate electric field on a boundary plane with 0th order edge-based element.
# Number of equation = 520, Number of equation after degeneration = 476
# Set values of matrix and right hand side vector. ( 5411 sec )
# Numerical factorization phase of matrix solver for boundary plane. Polarization : 1 Plane : 0. ( 5411 sec )
# Solve phase of matrix solver for boundary plane. Polarization : 1 Plane : 0. ( 5411 sec )
#-----------------------------[ Boundary Plane 1 ]-----------------------------
# Calculate electric field on a boundary plane with 0th order edge-based element.
# Number of equation = 520, Number of equation after degeneration = 476
# Set values of matrix and right hand side vector. ( 5411 sec )
# Numerical factorization phase of matrix solver for boundary plane. Polarization : 1 Plane : 1. ( 5411 sec )
# Solve phase of matrix solver for boundary plane. Polarization : 1 Plane : 1. ( 5411 sec )
#------------------------------------------------------------------------------
# Set values of matrix and right hand side vector. ( 5411 sec )
# Numerical factorization phase of matrix solver for 3D forward calculation. Polarization : 1.( 5413 sec )
# Solve phase of matrix solver for 3D forward calculation. Polarization : 1.( 5431 sec )
# Calulate right-hand sides vectors consisting of interpolator vectors.( 5431 sec )
# Solve phase of matrix solver for right-hand sides consisting of interpolator vectors.( 5432 sec )
# Solve phase is performed simultaneously for 254 right-hand sides( 5432 sec )
# Calculate derivatives of EM field.( 5440 sec )
#==============================================================================
# Calculate response functions. ( 5447 sec )
# Calculate sensitivity matrix of frequency 3.981[Hz].( 5447 sec )
# Sensitivity matrix of frequency 3.981[Hz] is saved in the out-of-core file sensMatFreq10.
#==============================================================================
# Release memory of coefficient matrix and sparse solver. ( 5447 sec )
###############################################################################
# Start Forward Computation.  Iteration : 7,  Retrial : 2
###############################################################################
#================================================================================================
# Start forward calculation. Frequency : 0.3981 [Hz], Polarization : Ex-polarization
#================================================================================================
# Start 3D forward calculation with 0th order 3D edge-based element.( 5562 sec )
# Number of equation = 475883, Number of equation after degeneration = 473549
# Calculating EM field of the boundary planes with 2D forward analysis.        
#-----------------------------[ Boundary Plane 2 ]-----------------------------
# Calculate electric field on a boundary plane with 0th order edge-based element.
# Number of equation = 514, Number of equation after degeneration = 470
# Set values of matrix and right hand side vector. ( 5562 sec )
# Numerical factorization phase of matrix solver for boundary plane. Polarization : 0 Plane : 2. ( 5562 sec )
# Solve phase of matrix solver for boundary plane. Polarization : 0 Plane : 2. ( 5562 sec )
#-----------------------------[ Boundary Plane 3 ]-----------------------------
# Calculate electric field on a boundary plane with 0th order edge-based element.
# Number of equation = 514, Number of equation after degeneration = 470
# Set values of matrix and right hand side vector. ( 5562 sec )
# Numerical factorization phase of matrix solver for boundary plane. Polarization : 0 Plane : 3. ( 5562 sec )
# Solve phase of matrix solver for boundary plane. Polarization : 0 Plane : 3. ( 5562 sec )
#------------------------------------------------------------------------------
# Set matrix structure. ( 5562 sec )
# Anaysis phase of matrix solver for 3D forward calculation. Polarization : 0. ( 5566 sec )
#++++++++++++++++++++++++++++++++++++++++++++++++++++++++++++++++++++++++++++++++++++++++++++++++
# Total peak memory required during the analysis and symbolic factorization phase    : 577524 [KByte]
# Permanent memory required from the analysis phase to the solve phases              : 482249 [KByte]
# Total memory consumed by in-core forward solver for internal float point arrays    : 4.14286e+06 [KByte]
# Minimum memory consumed by out-core forward solver for internal float point arrays : 68569 [KByte]
#++++++++++++++++++++++++++++++++++++++++++++++++++++++++++++++++++++++++++++++++++++++++++++++++
# Set values of matrix and right hand side vector. ( 5568 sec )
# Numerical factorization phase of matrix solver for 3D forward calculation. Polarization : 0.( 5571 sec )
# Solve phase of matrix solver for 3D forward calculation. Polarization : 0.( 5592 sec )
# Calulate right-hand sides vectors consisting of interpolator vectors.( 5592 sec )
# Solve phase of matrix solver for right-hand sides consisting of interpolator vectors.( 5592 sec )
# Solve phase is performed simultaneously for 81 right-hand sides( 5592 sec )
# Calculate derivatives of EM field.( 5595 sec )
#================================================================================================
# Start forward calculation. Frequency : 0.3981 [Hz], Polarization : Ey-polarization
#================================================================================================
# Start 3D forward calculation with 0th order 3D edge-based element.( 5608 sec )
# Number of equation = 475883, Number of equation after degeneration = 473549
# Calculating EM field of the boundary planes with 2D forward analysis.        
#-----------------------------[ Boundary Plane 0 ]-----------------------------
# Calculate electric field on a boundary plane with 0th order edge-based element.
# Number of equation = 520, Number of equation after degeneration = 476
# Set values of matrix and right hand side vector. ( 5608 sec )
# Numerical factorization phase of matrix solver for boundary plane. Polarization : 1 Plane : 0. ( 5608 sec )
# Solve phase of matrix solver for boundary plane. Polarization : 1 Plane : 0. ( 5608 sec )
#-----------------------------[ Boundary Plane 1 ]-----------------------------
# Calculate electric field on a boundary plane with 0th order edge-based element.
# Number of equation = 520, Number of equation after degeneration = 476
# Set values of matrix and right hand side vector. ( 5608 sec )
# Numerical factorization phase of matrix solver for boundary plane. Polarization : 1 Plane : 1. ( 5608 sec )
# Solve phase of matrix solver for boundary plane. Polarization : 1 Plane : 1. ( 5608 sec )
#------------------------------------------------------------------------------
# Set values of matrix and right hand side vector. ( 5608 sec )
# Numerical factorization phase of matrix solver for 3D forward calculation. Polarization : 1.( 5610 sec )
# Solve phase of matrix solver for 3D forward calculation. Polarization : 1.( 5631 sec )
# Calulate right-hand sides vectors consisting of interpolator vectors.( 5631 sec )
# Solve phase of matrix solver for right-hand sides consisting of interpolator vectors.( 5632 sec )
# Solve phase is performed simultaneously for 81 right-hand sides( 5632 sec )
# Calculate derivatives of EM field.( 5635 sec )
#==============================================================================
# Calculate response functions. ( 5647 sec )
# Calculate sensitivity matrix of frequency 0.3981[Hz].( 5647 sec )
# Sensitivity matrix of frequency 0.3981[Hz] is saved in the out-of-core file sensMatFreq5.
#==============================================================================
#================================================================================================
# Start forward calculation. Frequency : 0.63095 [Hz], Polarization : Ex-polarization
#================================================================================================
# Start 3D forward calculation with 0th order 3D edge-based element.( 5647 sec )
# Number of equation = 475883, Number of equation after degeneration = 473549
# Calculating EM field of the boundary planes with 2D forward analysis.        
#-----------------------------[ Boundary Plane 2 ]-----------------------------
# Calculate electric field on a boundary plane with 0th order edge-based element.
# Number of equation = 514, Number of equation after degeneration = 470
# Set values of matrix and right hand side vector. ( 5647 sec )
# Numerical factorization phase of matrix solver for boundary plane. Polarization : 0 Plane : 2. ( 5647 sec )
# Solve phase of matrix solver for boundary plane. Polarization : 0 Plane : 2. ( 5647 sec )
#-----------------------------[ Boundary Plane 3 ]-----------------------------
# Calculate electric field on a boundary plane with 0th order edge-based element.
# Number of equation = 514, Number of equation after degeneration = 470
# Set values of matrix and right hand side vector. ( 5647 sec )
# Numerical factorization phase of matrix solver for boundary plane. Polarization : 0 Plane : 3. ( 5647 sec )
# Solve phase of matrix solver for boundary plane. Polarization : 0 Plane : 3. ( 5647 sec )
#------------------------------------------------------------------------------
# Set values of matrix and right hand side vector. ( 5647 sec )
# Numerical factorization phase of matrix solver for 3D forward calculation. Polarization : 0.( 5649 sec )
# Solve phase of matrix solver for 3D forward calculation. Polarization : 0.( 5670 sec )
# Calulate right-hand sides vectors consisting of interpolator vectors.( 5670 sec )
# Solve phase of matrix solver for right-hand sides consisting of interpolator vectors.( 5671 sec )
# Solve phase is performed simultaneously for 135 right-hand sides( 5671 sec )
# Calculate derivatives of EM field.( 5676 sec )
#================================================================================================
# Start forward calculation. Frequency : 0.63095 [Hz], Polarization : Ey-polarization
#================================================================================================
# Start 3D forward calculation with 0th order 3D edge-based element.( 5687 sec )
# Number of equation = 475883, Number of equation after degeneration = 473549
# Calculating EM field of the boundary planes with 2D forward analysis.        
#-----------------------------[ Boundary Plane 0 ]-----------------------------
# Calculate electric field on a boundary plane with 0th order edge-based element.
# Number of equation = 520, Number of equation after degeneration = 476
# Set values of matrix and right hand side vector. ( 5687 sec )
# Numerical factorization phase of matrix solver for boundary plane. Polarization : 1 Plane : 0. ( 5687 sec )
# Solve phase of matrix solver for boundary plane. Polarization : 1 Plane : 0. ( 5687 sec )
#-----------------------------[ Boundary Plane 1 ]-----------------------------
# Calculate electric field on a boundary plane with 0th order edge-based element.
# Number of equation = 520, Number of equation after degeneration = 476
# Set values of matrix and right hand side vector. ( 5687 sec )
# Numerical factorization phase of matrix solver for boundary plane. Polarization : 1 Plane : 1. ( 5687 sec )
# Solve phase of matrix solver for boundary plane. Polarization : 1 Plane : 1. ( 5687 sec )
#------------------------------------------------------------------------------
# Set values of matrix and right hand side vector. ( 5687 sec )
# Numerical factorization phase of matrix solver for 3D forward calculation. Polarization : 1.( 5689 sec )
# Solve phase of matrix solver for 3D forward calculation. Polarization : 1.( 5709 sec )
# Calulate right-hand sides vectors consisting of interpolator vectors.( 5710 sec )
# Solve phase of matrix solver for right-hand sides consisting of interpolator vectors.( 5710 sec )
# Solve phase is performed simultaneously for 135 right-hand sides( 5710 sec )
# Calculate derivatives of EM field.( 5715 sec )
#==============================================================================
# Calculate response functions. ( 5725 sec )
# Calculate sensitivity matrix of frequency 0.63095[Hz].( 5725 sec )
# Sensitivity matrix of frequency 0.63095[Hz] is saved in the out-of-core file sensMatFreq6.
#==============================================================================
#================================================================================================
# Start forward calculation. Frequency : 1 [Hz], Polarization : Ex-polarization
#================================================================================================
# Start 3D forward calculation with 0th order 3D edge-based element.( 5726 sec )
# Number of equation = 475883, Number of equation after degeneration = 473549
# Calculating EM field of the boundary planes with 2D forward analysis.        
#-----------------------------[ Boundary Plane 2 ]-----------------------------
# Calculate electric field on a boundary plane with 0th order edge-based element.
# Number of equation = 514, Number of equation after degeneration = 470
# Set values of matrix and right hand side vector. ( 5726 sec )
# Numerical factorization phase of matrix solver for boundary plane. Polarization : 0 Plane : 2. ( 5726 sec )
# Solve phase of matrix solver for boundary plane. Polarization : 0 Plane : 2. ( 5726 sec )
#-----------------------------[ Boundary Plane 3 ]-----------------------------
# Calculate electric field on a boundary plane with 0th order edge-based element.
# Number of equation = 514, Number of equation after degeneration = 470
# Set values of matrix and right hand side vector. ( 5726 sec )
# Numerical factorization phase of matrix solver for boundary plane. Polarization : 0 Plane : 3. ( 5726 sec )
# Solve phase of matrix solver for boundary plane. Polarization : 0 Plane : 3. ( 5726 sec )
#------------------------------------------------------------------------------
# Set values of matrix and right hand side vector. ( 5726 sec )
# Numerical factorization phase of matrix solver for 3D forward calculation. Polarization : 0.( 5728 sec )
# Solve phase of matrix solver for 3D forward calculation. Polarization : 0.( 5749 sec )
# Calulate right-hand sides vectors consisting of interpolator vectors.( 5749 sec )
# Solve phase of matrix solver for right-hand sides consisting of interpolator vectors.( 5750 sec )
# Solve phase is performed simultaneously for 176 right-hand sides( 5750 sec )
# Calculate derivatives of EM field.( 5756 sec )
#================================================================================================
# Start forward calculation. Frequency : 1 [Hz], Polarization : Ey-polarization
#================================================================================================
# Start 3D forward calculation with 0th order 3D edge-based element.( 5762 sec )
# Number of equation = 475883, Number of equation after degeneration = 473549
# Calculating EM field of the boundary planes with 2D forward analysis.        
#-----------------------------[ Boundary Plane 0 ]-----------------------------
# Calculate electric field on a boundary plane with 0th order edge-based element.
# Number of equation = 520, Number of equation after degeneration = 476
# Set values of matrix and right hand side vector. ( 5762 sec )
# Numerical factorization phase of matrix solver for boundary plane. Polarization : 1 Plane : 0. ( 5762 sec )
# Solve phase of matrix solver for boundary plane. Polarization : 1 Plane : 0. ( 5762 sec )
#-----------------------------[ Boundary Plane 1 ]-----------------------------
# Calculate electric field on a boundary plane with 0th order edge-based element.
# Number of equation = 520, Number of equation after degeneration = 476
# Set values of matrix and right hand side vector. ( 5762 sec )
# Numerical factorization phase of matrix solver for boundary plane. Polarization : 1 Plane : 1. ( 5762 sec )
# Solve phase of matrix solver for boundary plane. Polarization : 1 Plane : 1. ( 5762 sec )
#------------------------------------------------------------------------------
# Set values of matrix and right hand side vector. ( 5762 sec )
# Numerical factorization phase of matrix solver for 3D forward calculation. Polarization : 1.( 5764 sec )
# Solve phase of matrix solver for 3D forward calculation. Polarization : 1.( 5785 sec )
# Calulate right-hand sides vectors consisting of interpolator vectors.( 5785 sec )
# Solve phase of matrix solver for right-hand sides consisting of interpolator vectors.( 5786 sec )
# Solve phase is performed simultaneously for 176 right-hand sides( 5786 sec )
# Calculate derivatives of EM field.( 5792 sec )
#==============================================================================
# Calculate response functions. ( 5798 sec )
# Calculate sensitivity matrix of frequency 1[Hz].( 5798 sec )
# Sensitivity matrix of frequency 1[Hz] is saved in the out-of-core file sensMatFreq7.
#==============================================================================
#================================================================================================
# Start forward calculation. Frequency : 1.5848 [Hz], Polarization : Ex-polarization
#================================================================================================
# Start 3D forward calculation with 0th order 3D edge-based element.( 5799 sec )
# Number of equation = 475883, Number of equation after degeneration = 473549
# Calculating EM field of the boundary planes with 2D forward analysis.        
#-----------------------------[ Boundary Plane 2 ]-----------------------------
# Calculate electric field on a boundary plane with 0th order edge-based element.
# Number of equation = 514, Number of equation after degeneration = 470
# Set values of matrix and right hand side vector. ( 5799 sec )
# Numerical factorization phase of matrix solver for boundary plane. Polarization : 0 Plane : 2. ( 5799 sec )
# Solve phase of matrix solver for boundary plane. Polarization : 0 Plane : 2. ( 5799 sec )
#-----------------------------[ Boundary Plane 3 ]-----------------------------
# Calculate electric field on a boundary plane with 0th order edge-based element.
# Number of equation = 514, Number of equation after degeneration = 470
# Set values of matrix and right hand side vector. ( 5799 sec )
# Numerical factorization phase of matrix solver for boundary plane. Polarization : 0 Plane : 3. ( 5799 sec )
# Solve phase of matrix solver for boundary plane. Polarization : 0 Plane : 3. ( 5799 sec )
#------------------------------------------------------------------------------
# Set values of matrix and right hand side vector. ( 5799 sec )
# Numerical factorization phase of matrix solver for 3D forward calculation. Polarization : 0.( 5801 sec )
# Solve phase of matrix solver for 3D forward calculation. Polarization : 0.( 5822 sec )
# Calulate right-hand sides vectors consisting of interpolator vectors.( 5822 sec )
# Solve phase of matrix solver for right-hand sides consisting of interpolator vectors.( 5823 sec )
# Solve phase is performed simultaneously for 197 right-hand sides( 5823 sec )
# Calculate derivatives of EM field.( 5830 sec )
#================================================================================================
# Start forward calculation. Frequency : 1.5848 [Hz], Polarization : Ey-polarization
#================================================================================================
# Start 3D forward calculation with 0th order 3D edge-based element.( 5837 sec )
# Number of equation = 475883, Number of equation after degeneration = 473549
# Calculating EM field of the boundary planes with 2D forward analysis.        
#-----------------------------[ Boundary Plane 0 ]-----------------------------
# Calculate electric field on a boundary plane with 0th order edge-based element.
# Number of equation = 520, Number of equation after degeneration = 476
# Set values of matrix and right hand side vector. ( 5837 sec )
# Numerical factorization phase of matrix solver for boundary plane. Polarization : 1 Plane : 0. ( 5837 sec )
# Solve phase of matrix solver for boundary plane. Polarization : 1 Plane : 0. ( 5837 sec )
#-----------------------------[ Boundary Plane 1 ]-----------------------------
# Calculate electric field on a boundary plane with 0th order edge-based element.
# Number of equation = 520, Number of equation after degeneration = 476
# Set values of matrix and right hand side vector. ( 5837 sec )
# Numerical factorization phase of matrix solver for boundary plane. Polarization : 1 Plane : 1. ( 5837 sec )
# Solve phase of matrix solver for boundary plane. Polarization : 1 Plane : 1. ( 5837 sec )
#------------------------------------------------------------------------------
# Set values of matrix and right hand side vector. ( 5837 sec )
# Numerical factorization phase of matrix solver for 3D forward calculation. Polarization : 1.( 5839 sec )
# Solve phase of matrix solver for 3D forward calculation. Polarization : 1.( 5860 sec )
# Calulate right-hand sides vectors consisting of interpolator vectors.( 5860 sec )
# Solve phase of matrix solver for right-hand sides consisting of interpolator vectors.( 5861 sec )
# Solve phase is performed simultaneously for 197 right-hand sides( 5861 sec )
# Calculate derivatives of EM field.( 5867 sec )
#==============================================================================
# Calculate response functions. ( 5873 sec )
# Calculate sensitivity matrix of frequency 1.5848[Hz].( 5873 sec )
# Sensitivity matrix of frequency 1.5848[Hz] is saved in the out-of-core file sensMatFreq8.
#==============================================================================
#================================================================================================
# Start forward calculation. Frequency : 2.5118 [Hz], Polarization : Ex-polarization
#================================================================================================
# Start 3D forward calculation with 0th order 3D edge-based element.( 5874 sec )
# Number of equation = 475883, Number of equation after degeneration = 473549
# Calculating EM field of the boundary planes with 2D forward analysis.        
#-----------------------------[ Boundary Plane 2 ]-----------------------------
# Calculate electric field on a boundary plane with 0th order edge-based element.
# Number of equation = 514, Number of equation after degeneration = 470
# Set values of matrix and right hand side vector. ( 5874 sec )
# Numerical factorization phase of matrix solver for boundary plane. Polarization : 0 Plane : 2. ( 5874 sec )
# Solve phase of matrix solver for boundary plane. Polarization : 0 Plane : 2. ( 5874 sec )
#-----------------------------[ Boundary Plane 3 ]-----------------------------
# Calculate electric field on a boundary plane with 0th order edge-based element.
# Number of equation = 514, Number of equation after degeneration = 470
# Set values of matrix and right hand side vector. ( 5874 sec )
# Numerical factorization phase of matrix solver for boundary plane. Polarization : 0 Plane : 3. ( 5874 sec )
# Solve phase of matrix solver for boundary plane. Polarization : 0 Plane : 3. ( 5874 sec )
#------------------------------------------------------------------------------
# Set values of matrix and right hand side vector. ( 5874 sec )
# Numerical factorization phase of matrix solver for 3D forward calculation. Polarization : 0.( 5876 sec )
# Solve phase of matrix solver for 3D forward calculation. Polarization : 0.( 5897 sec )
# Calulate right-hand sides vectors consisting of interpolator vectors.( 5897 sec )
# Solve phase of matrix solver for right-hand sides consisting of interpolator vectors.( 5898 sec )
# Solve phase is performed simultaneously for 244 right-hand sides( 5898 sec )
# Calculate derivatives of EM field.( 5907 sec )
#================================================================================================
# Start forward calculation. Frequency : 2.5118 [Hz], Polarization : Ey-polarization
#================================================================================================
# Start 3D forward calculation with 0th order 3D edge-based element.( 5913 sec )
# Number of equation = 475883, Number of equation after degeneration = 473549
# Calculating EM field of the boundary planes with 2D forward analysis.        
#-----------------------------[ Boundary Plane 0 ]-----------------------------
# Calculate electric field on a boundary plane with 0th order edge-based element.
# Number of equation = 520, Number of equation after degeneration = 476
# Set values of matrix and right hand side vector. ( 5913 sec )
# Numerical factorization phase of matrix solver for boundary plane. Polarization : 1 Plane : 0. ( 5913 sec )
# Solve phase of matrix solver for boundary plane. Polarization : 1 Plane : 0. ( 5913 sec )
#-----------------------------[ Boundary Plane 1 ]-----------------------------
# Calculate electric field on a boundary plane with 0th order edge-based element.
# Number of equation = 520, Number of equation after degeneration = 476
# Set values of matrix and right hand side vector. ( 5913 sec )
# Numerical factorization phase of matrix solver for boundary plane. Polarization : 1 Plane : 1. ( 5913 sec )
# Solve phase of matrix solver for boundary plane. Polarization : 1 Plane : 1. ( 5913 sec )
#------------------------------------------------------------------------------
# Set values of matrix and right hand side vector. ( 5913 sec )
# Numerical factorization phase of matrix solver for 3D forward calculation. Polarization : 1.( 5916 sec )
# Solve phase of matrix solver for 3D forward calculation. Polarization : 1.( 5935 sec )
# Calulate right-hand sides vectors consisting of interpolator vectors.( 5935 sec )
# Solve phase of matrix solver for right-hand sides consisting of interpolator vectors.( 5936 sec )
# Solve phase is performed simultaneously for 244 right-hand sides( 5936 sec )
# Calculate derivatives of EM field.( 5943 sec )
#==============================================================================
# Calculate response functions. ( 5948 sec )
# Calculate sensitivity matrix of frequency 2.5118[Hz].( 5948 sec )
# Sensitivity matrix of frequency 2.5118[Hz] is saved in the out-of-core file sensMatFreq9.
#==============================================================================
#================================================================================================
# Start forward calculation. Frequency : 3.981 [Hz], Polarization : Ex-polarization
#================================================================================================
# Start 3D forward calculation with 0th order 3D edge-based element.( 5950 sec )
# Number of equation = 475883, Number of equation after degeneration = 473549
# Calculating EM field of the boundary planes with 2D forward analysis.        
#-----------------------------[ Boundary Plane 2 ]-----------------------------
# Calculate electric field on a boundary plane with 0th order edge-based element.
# Number of equation = 514, Number of equation after degeneration = 470
# Set values of matrix and right hand side vector. ( 5950 sec )
# Numerical factorization phase of matrix solver for boundary plane. Polarization : 0 Plane : 2. ( 5950 sec )
# Solve phase of matrix solver for boundary plane. Polarization : 0 Plane : 2. ( 5950 sec )
#-----------------------------[ Boundary Plane 3 ]-----------------------------
# Calculate electric field on a boundary plane with 0th order edge-based element.
# Number of equation = 514, Number of equation after degeneration = 470
# Set values of matrix and right hand side vector. ( 5950 sec )
# Numerical factorization phase of matrix solver for boundary plane. Polarization : 0 Plane : 3. ( 5950 sec )
# Solve phase of matrix solver for boundary plane. Polarization : 0 Plane : 3. ( 5950 sec )
#------------------------------------------------------------------------------
# Set values of matrix and right hand side vector. ( 5950 sec )
# Numerical factorization phase of matrix solver for 3D forward calculation. Polarization : 0.( 5952 sec )
# Solve phase of matrix solver for 3D forward calculation. Polarization : 0.( 5970 sec )
# Calulate right-hand sides vectors consisting of interpolator vectors.( 5971 sec )
# Solve phase of matrix solver for right-hand sides consisting of interpolator vectors.( 5972 sec )
# Solve phase is performed simultaneously for 254 right-hand sides( 5972 sec )
# Calculate derivatives of EM field.( 5980 sec )
#================================================================================================
# Start forward calculation. Frequency : 3.981 [Hz], Polarization : Ey-polarization
#================================================================================================
# Start 3D forward calculation with 0th order 3D edge-based element.( 5985 sec )
# Number of equation = 475883, Number of equation after degeneration = 473549
# Calculating EM field of the boundary planes with 2D forward analysis.        
#-----------------------------[ Boundary Plane 0 ]-----------------------------
# Calculate electric field on a boundary plane with 0th order edge-based element.
# Number of equation = 520, Number of equation after degeneration = 476
# Set values of matrix and right hand side vector. ( 5985 sec )
# Numerical factorization phase of matrix solver for boundary plane. Polarization : 1 Plane : 0. ( 5985 sec )
# Solve phase of matrix solver for boundary plane. Polarization : 1 Plane : 0. ( 5985 sec )
#-----------------------------[ Boundary Plane 1 ]-----------------------------
# Calculate electric field on a boundary plane with 0th order edge-based element.
# Number of equation = 520, Number of equation after degeneration = 476
# Set values of matrix and right hand side vector. ( 5985 sec )
# Numerical factorization phase of matrix solver for boundary plane. Polarization : 1 Plane : 1. ( 5985 sec )
# Solve phase of matrix solver for boundary plane. Polarization : 1 Plane : 1. ( 5985 sec )
#------------------------------------------------------------------------------
# Set values of matrix and right hand side vector. ( 5985 sec )
# Numerical factorization phase of matrix solver for 3D forward calculation. Polarization : 1.( 5987 sec )
# Solve phase of matrix solver for 3D forward calculation. Polarization : 1.( 6005 sec )
# Calulate right-hand sides vectors consisting of interpolator vectors.( 6006 sec )
# Solve phase of matrix solver for right-hand sides consisting of interpolator vectors.( 6007 sec )
# Solve phase is performed simultaneously for 254 right-hand sides( 6007 sec )
# Calculate derivatives of EM field.( 6015 sec )
#==============================================================================
# Calculate response functions. ( 6019 sec )
# Calculate sensitivity matrix of frequency 3.981[Hz].( 6020 sec )
# Sensitivity matrix of frequency 3.981[Hz] is saved in the out-of-core file sensMatFreq10.
#==============================================================================
# Release memory of coefficient matrix and sparse solver. ( 6020 sec )
# Reach maximum retrial number.
# End femtic ( 6144 sec )
