# Start femtic Linux Version 4.3.0 ( 0 sec )
# Read analysis control data from control.dat.( 0 sec )
#==============================================================================
# Summary of control data
#==============================================================================
# Condition of perfect electric conductor is specified at the bottom boundary.
# Type of mesh : Tetrahedron.
# Number of threads is specified to be 4 .
# In-core mode is used.
# Division number of right-hand sides at solve phase in forward calculation : 1
# Division number of right-hand sides at solve phase in inversion : 1
# Coefficient matrix of normal equation is assumed to be indefinite.
# Renumbering is not performed.
# Horizontal electric field is used for calculating response functions.
# EM field is interpolated from the values of the edges of the lower element.
# Release memory of coefficient matrix and sparse solver after forward calculation.
# Type of bound constraints method : Simple bound constraining
# Minimum distance to resistivity bounds in common logarithm scale : 0.01 .
# Bottom resistivity : 1000 [Ohm-m]
# Roughning factor at the bottom : 1
# Following variables are written to to ASCII file.
#  - Resistivity
#  - Sensitivity
#  - Sensitivity density
# Method of inversion : Gauss-newton method (Data space)
# Components of distortion matrices are estimated directly as model parameters.
# Roughening matrix is created using shared faces of elements.
# Trade-off parameter for resistivity value : 1.5 .
# Trade-off parameter for distortion strength : 0.1 .
# Weighting factor of alpha (X,Y,Z) = (1, 1, 1) .
# Factor of inverse distance weighting : 1.
# Initial iteration number : 0.
# Maximun iteration number : 15.
# Threshold value for determining if objective functional decrease : 0.001.
# Convergence criterion of inversion is that change ratios of objective function and its components are less than 0.2 [%] .
# Initial factor of step-length damping : 0.5.
# Minimum factor of step-length damping : 0.1.
# Maximum factor of step-length damping : 1.
# If residual increase, factor of step-length damping is muliplied by 0.5 times.
# If residual decrease 3 times in a row, factor of step-length damping is muliplied by 1.25 times.
# Maximum number of retrials : 2.
#==============================================================================
# Read mesh data from mesh.dat .( 0 sec )
# Read data of resisitivity block model .( 1 sec )
# Read observed data .( 2 sec )
# Number of the stations of the impedance tensor : 48
# Station ID     Station ID (Ref)  Owner Element  Electric field
# 1              1                 Lower          Horizontal
# 2              2                 Lower          Horizontal
# 3              3                 Lower          Horizontal
# 4              4                 Lower          Horizontal
# 5              5                 Lower          Horizontal
# 6              6                 Lower          Horizontal
# 7              7                 Lower          Horizontal
# 8              8                 Lower          Horizontal
# 9              9                 Lower          Horizontal
# 10             10                Lower          Horizontal
# 11             11                Lower          Horizontal
# 12             12                Lower          Horizontal
# 13             13                Lower          Horizontal
# 14             14                Lower          Horizontal
# 15             15                Lower          Horizontal
# 16             16                Lower          Horizontal
# 17             17                Lower          Horizontal
# 18             18                Lower          Horizontal
# 19             19                Lower          Horizontal
# 20             20                Lower          Horizontal
# 21             21                Lower          Horizontal
# 22             22                Lower          Horizontal
# 23             23                Lower          Horizontal
# 24             24                Lower          Horizontal
# 25             25                Lower          Horizontal
# 26             26                Lower          Horizontal
# 27             27                Lower          Horizontal
# 28             28                Lower          Horizontal
# 29             29                Lower          Horizontal
# 30             30                Lower          Horizontal
# 31             31                Lower          Horizontal
# 32             32                Lower          Horizontal
# 33             33                Lower          Horizontal
# 34             34                Lower          Horizontal
# 35             35                Lower          Horizontal
# 36             36                Lower          Horizontal
# 37             37                Lower          Horizontal
# 38             38                Lower          Horizontal
# 39             39                Lower          Horizontal
# 40             40                Lower          Horizontal
# 41             41                Lower          Horizontal
# 42             42                Lower          Horizontal
# 43             43                Lower          Horizontal
# 44             44                Lower          Horizontal
# 45             45                Lower          Horizontal
# 46             46                Lower          Horizontal
# 47             47                Lower          Horizontal
# 48             48                Lower          Horizontal
# Number of the stations of the vertical magnetic transfer function : 46
# Station ID     Station ID (Ref)  Owner Element
# 1001           1001              Lower
# 1002           1002              Lower
# 1003           1003              Lower
# 1004           1004              Lower
# 1005           1005              Lower
# 1006           1006              Lower
# 1007           1007              Lower
# 1008           1008              Lower
# 1009           1009              Lower
# 1010           1010              Lower
# 1011           1011              Lower
# 1012           1012              Lower
# 1013           1013              Lower
# 1014           1014              Lower
# 1015           1015              Lower
# 1016           1016              Lower
# 1017           1017              Lower
# 1018           1018              Lower
# 1019           1019              Lower
# 1020           1020              Lower
# 1021           1021              Lower
# 1022           1022              Lower
# 1023           1023              Lower
# 1024           1024              Lower
# 1025           1025              Lower
# 1026           1026              Lower
# 1027           1027              Lower
# 1028           1028              Lower
# 1029           1029              Lower
# 1030           1030              Lower
# 1031           1031              Lower
# 1032           1032              Lower
# 1033           1033              Lower
# 1034           1034              Lower
# 1035           1035              Lower
# 1036           1036              Lower
# 1037           1037              Lower
# 1038           1038              Lower
# 1039           1039              Lower
# 1040           1040              Lower
# 1041           1041              Lower
# 1042           1042              Lower
# 1043           1043              Lower
# 1044           1044              Lower
# 1045           1045              Lower
# 1046           1046              Lower
#++++++++++++++++++++++++++++++++++++++++++++++++++++++++++++++++++++++++++++++
# Total number of stations : 94 .
#  - Number of impedance tensor stations : 48 .
#  - Number of VTF stations : 46 .
#++++++++++++++++++++++++++++++++++++++++++++++++++++++++++++++++++++++++++++++
#++++++++++++++++++++++++++++++++++++++++++++++++++++++++++++++++++++++++++++++
# Forward calculation is performed for the frequencies/periods below.
# Freq#  Frequency[Hz]  Period[sec]    
# 0      0.03981        25.1193        
# 1      0.06309        15.8504        
# 2      0.1            10             
# 3      0.15848        6.30994        
# 4      0.25118        3.98121        
# 5      0.3981         2.51193        
# 6      0.63095        1.58491        
# 7      1              1              
# 8      1.5848         0.630994       
# 9      2.5118         0.398121       
# 10     3.981          0.251193       
# 11     6.3095         0.158491       
# 12     10             0.1            
# 13     15.848         0.0630994      
# 14     25.118         0.0398121      
# 15     39.81          0.0251193      
# 16     63.095         0.0158491      
# 17     100            0.01           
# 18     158.48         0.00630994     
# 19     251.18         0.00398121     
# 20     398.1          0.00251193     
# 21     630.95         0.00158491     
# 22     1000           0.001          
#++++++++++++++++++++++++++++++++++++++++++++++++++++++++++++++++++++++++++++++
# Read distortion matrix data .( 2 sec )
# Find element including each station .( 2 sec )
#++++++++++++++++++++++++++++++++++++++++++++++++++++++++++++++++++++++++++++++
# Total number of model parameter : 54779.
#  - Number of modifiable resisitivity values : 54587.
#  - Number of modifiable distortion parameters : 192.
#++++++++++++++++++++++++++++++++++++++++++++++++++++++++++++++++++++++++++++++
# Calculate Roughening Matrix .( 2 sec )
###############################################################################
# Start Forward Computation.  Iteration : 0,  Retrial : 0
###############################################################################
#================================================================================================
# Start forward calculation. Frequency : 6.3095 [Hz], Polarization : Ex-polarization
#================================================================================================
# Start 3D forward calculation with 0th order 3D edge-based element.( 3 sec )
# Number of equation = 475883, Number of equation after degeneration = 473549
# Calculating EM field of the boundary planes with 2D forward analysis.        
#-----------------------------[ Boundary Plane 2 ]-----------------------------
# Calculate electric field on a boundary plane with 0th order edge-based element.
# Number of equation = 514, Number of equation after degeneration = 470
# Set matrix structure. ( 4 sec )
# Anaysis phase of matrix solver for boundary plane. Polarization : 0 Plane : 2. ( 4 sec )
# Set values of matrix and right hand side vector. ( 4 sec )
# Numerical factorization phase of matrix solver for boundary plane. Polarization : 0 Plane : 2. ( 4 sec )
# Solve phase of matrix solver for boundary plane. Polarization : 0 Plane : 2. ( 4 sec )
#-----------------------------[ Boundary Plane 3 ]-----------------------------
# Calculate electric field on a boundary plane with 0th order edge-based element.
# Number of equation = 514, Number of equation after degeneration = 470
# Set matrix structure. ( 4 sec )
# Anaysis phase of matrix solver for boundary plane. Polarization : 0 Plane : 3. ( 4 sec )
# Set values of matrix and right hand side vector. ( 4 sec )
# Numerical factorization phase of matrix solver for boundary plane. Polarization : 0 Plane : 3. ( 4 sec )
# Solve phase of matrix solver for boundary plane. Polarization : 0 Plane : 3. ( 4 sec )
#------------------------------------------------------------------------------
# Set matrix structure. ( 4 sec )
# Anaysis phase of matrix solver for 3D forward calculation. Polarization : 0. ( 8 sec )
#++++++++++++++++++++++++++++++++++++++++++++++++++++++++++++++++++++++++++++++++++++++++++++++++
# Total peak memory required during the analysis and symbolic factorization phase    : 577654 [KByte]
# Permanent memory required from the analysis phase to the solve phases              : 482467 [KByte]
# Total memory consumed by in-core forward solver for internal float point arrays    : 4.12365e+06 [KByte]
# Minimum memory consumed by out-core forward solver for internal float point arrays : 68448 [KByte]
#++++++++++++++++++++++++++++++++++++++++++++++++++++++++++++++++++++++++++++++++++++++++++++++++
# Set values of matrix and right hand side vector. ( 11 sec )
# Numerical factorization phase of matrix solver for 3D forward calculation. Polarization : 0.( 13 sec )
# Solve phase of matrix solver for 3D forward calculation. Polarization : 0.( 34 sec )
# Calulate right-hand sides vectors consisting of interpolator vectors.( 34 sec )
# Solve phase of matrix solver for right-hand sides consisting of interpolator vectors.( 35 sec )
# Solve phase is performed simultaneously for 286 right-hand sides( 35 sec )
# Calculate derivatives of EM field.( 45 sec )
#================================================================================================
# Start forward calculation. Frequency : 6.3095 [Hz], Polarization : Ey-polarization
#================================================================================================
# Start 3D forward calculation with 0th order 3D edge-based element.( 58 sec )
# Number of equation = 475883, Number of equation after degeneration = 473549
# Calculating EM field of the boundary planes with 2D forward analysis.        
#-----------------------------[ Boundary Plane 0 ]-----------------------------
# Calculate electric field on a boundary plane with 0th order edge-based element.
# Number of equation = 520, Number of equation after degeneration = 476
# Set matrix structure. ( 58 sec )
# Anaysis phase of matrix solver for boundary plane. Polarization : 1 Plane : 0. ( 58 sec )
# Set values of matrix and right hand side vector. ( 58 sec )
# Numerical factorization phase of matrix solver for boundary plane. Polarization : 1 Plane : 0. ( 58 sec )
# Solve phase of matrix solver for boundary plane. Polarization : 1 Plane : 0. ( 58 sec )
#-----------------------------[ Boundary Plane 1 ]-----------------------------
# Calculate electric field on a boundary plane with 0th order edge-based element.
# Number of equation = 520, Number of equation after degeneration = 476
# Set matrix structure. ( 58 sec )
# Anaysis phase of matrix solver for boundary plane. Polarization : 1 Plane : 1. ( 58 sec )
# Set values of matrix and right hand side vector. ( 58 sec )
# Numerical factorization phase of matrix solver for boundary plane. Polarization : 1 Plane : 1. ( 58 sec )
# Solve phase of matrix solver for boundary plane. Polarization : 1 Plane : 1. ( 58 sec )
#------------------------------------------------------------------------------
# Set values of matrix and right hand side vector. ( 58 sec )
# Numerical factorization phase of matrix solver for 3D forward calculation. Polarization : 1.( 60 sec )
# Solve phase of matrix solver for 3D forward calculation. Polarization : 1.( 81 sec )
# Calulate right-hand sides vectors consisting of interpolator vectors.( 81 sec )
# Solve phase of matrix solver for right-hand sides consisting of interpolator vectors.( 82 sec )
# Solve phase is performed simultaneously for 286 right-hand sides( 82 sec )
# Calculate derivatives of EM field.( 91 sec )
#==============================================================================
# Calculate response functions. ( 104 sec )
# Calculate sensitivity matrix of frequency 6.3095[Hz].( 104 sec )
# Sensitivity matrix of frequency 6.3095[Hz] is saved in the out-of-core file sensMatFreq11.
#==============================================================================
#================================================================================================
# Start forward calculation. Frequency : 10 [Hz], Polarization : Ex-polarization
#================================================================================================
# Start 3D forward calculation with 0th order 3D edge-based element.( 105 sec )
# Number of equation = 475883, Number of equation after degeneration = 473549
# Calculating EM field of the boundary planes with 2D forward analysis.        
#-----------------------------[ Boundary Plane 2 ]-----------------------------
# Calculate electric field on a boundary plane with 0th order edge-based element.
# Number of equation = 514, Number of equation after degeneration = 470
# Set values of matrix and right hand side vector. ( 105 sec )
# Numerical factorization phase of matrix solver for boundary plane. Polarization : 0 Plane : 2. ( 105 sec )
# Solve phase of matrix solver for boundary plane. Polarization : 0 Plane : 2. ( 105 sec )
#-----------------------------[ Boundary Plane 3 ]-----------------------------
# Calculate electric field on a boundary plane with 0th order edge-based element.
# Number of equation = 514, Number of equation after degeneration = 470
# Set values of matrix and right hand side vector. ( 105 sec )
# Numerical factorization phase of matrix solver for boundary plane. Polarization : 0 Plane : 3. ( 105 sec )
# Solve phase of matrix solver for boundary plane. Polarization : 0 Plane : 3. ( 105 sec )
#------------------------------------------------------------------------------
# Set values of matrix and right hand side vector. ( 105 sec )
# Numerical factorization phase of matrix solver for 3D forward calculation. Polarization : 0.( 107 sec )
# Solve phase of matrix solver for 3D forward calculation. Polarization : 0.( 128 sec )
# Calulate right-hand sides vectors consisting of interpolator vectors.( 128 sec )
# Solve phase of matrix solver for right-hand sides consisting of interpolator vectors.( 129 sec )
# Solve phase is performed simultaneously for 282 right-hand sides( 129 sec )
# Calculate derivatives of EM field.( 138 sec )
#================================================================================================
# Start forward calculation. Frequency : 10 [Hz], Polarization : Ey-polarization
#================================================================================================
# Start 3D forward calculation with 0th order 3D edge-based element.( 151 sec )
# Number of equation = 475883, Number of equation after degeneration = 473549
# Calculating EM field of the boundary planes with 2D forward analysis.        
#-----------------------------[ Boundary Plane 0 ]-----------------------------
# Calculate electric field on a boundary plane with 0th order edge-based element.
# Number of equation = 520, Number of equation after degeneration = 476
# Set values of matrix and right hand side vector. ( 151 sec )
# Numerical factorization phase of matrix solver for boundary plane. Polarization : 1 Plane : 0. ( 151 sec )
# Solve phase of matrix solver for boundary plane. Polarization : 1 Plane : 0. ( 151 sec )
#-----------------------------[ Boundary Plane 1 ]-----------------------------
# Calculate electric field on a boundary plane with 0th order edge-based element.
# Number of equation = 520, Number of equation after degeneration = 476
# Set values of matrix and right hand side vector. ( 151 sec )
# Numerical factorization phase of matrix solver for boundary plane. Polarization : 1 Plane : 1. ( 151 sec )
# Solve phase of matrix solver for boundary plane. Polarization : 1 Plane : 1. ( 151 sec )
#------------------------------------------------------------------------------
# Set values of matrix and right hand side vector. ( 151 sec )
# Numerical factorization phase of matrix solver for 3D forward calculation. Polarization : 1.( 153 sec )
# Solve phase of matrix solver for 3D forward calculation. Polarization : 1.( 173 sec )
# Calulate right-hand sides vectors consisting of interpolator vectors.( 173 sec )
# Solve phase of matrix solver for right-hand sides consisting of interpolator vectors.( 175 sec )
# Solve phase is performed simultaneously for 282 right-hand sides( 175 sec )
# Calculate derivatives of EM field.( 184 sec )
#==============================================================================
# Calculate response functions. ( 196 sec )
# Calculate sensitivity matrix of frequency 10[Hz].( 196 sec )
# Sensitivity matrix of frequency 10[Hz] is saved in the out-of-core file sensMatFreq12.
#==============================================================================
#================================================================================================
# Start forward calculation. Frequency : 15.848 [Hz], Polarization : Ex-polarization
#================================================================================================
# Start 3D forward calculation with 0th order 3D edge-based element.( 196 sec )
# Number of equation = 475883, Number of equation after degeneration = 473549
# Calculating EM field of the boundary planes with 2D forward analysis.        
#-----------------------------[ Boundary Plane 2 ]-----------------------------
# Calculate electric field on a boundary plane with 0th order edge-based element.
# Number of equation = 514, Number of equation after degeneration = 470
# Set values of matrix and right hand side vector. ( 196 sec )
# Numerical factorization phase of matrix solver for boundary plane. Polarization : 0 Plane : 2. ( 196 sec )
# Solve phase of matrix solver for boundary plane. Polarization : 0 Plane : 2. ( 196 sec )
#-----------------------------[ Boundary Plane 3 ]-----------------------------
# Calculate electric field on a boundary plane with 0th order edge-based element.
# Number of equation = 514, Number of equation after degeneration = 470
# Set values of matrix and right hand side vector. ( 196 sec )
# Numerical factorization phase of matrix solver for boundary plane. Polarization : 0 Plane : 3. ( 196 sec )
# Solve phase of matrix solver for boundary plane. Polarization : 0 Plane : 3. ( 196 sec )
#------------------------------------------------------------------------------
# Set values of matrix and right hand side vector. ( 196 sec )
# Numerical factorization phase of matrix solver for 3D forward calculation. Polarization : 0.( 199 sec )
# Solve phase of matrix solver for 3D forward calculation. Polarization : 0.( 219 sec )
# Calulate right-hand sides vectors consisting of interpolator vectors.( 219 sec )
# Solve phase of matrix solver for right-hand sides consisting of interpolator vectors.( 220 sec )
# Solve phase is performed simultaneously for 282 right-hand sides( 220 sec )
# Calculate derivatives of EM field.( 229 sec )
#================================================================================================
# Start forward calculation. Frequency : 15.848 [Hz], Polarization : Ey-polarization
#================================================================================================
# Start 3D forward calculation with 0th order 3D edge-based element.( 240 sec )
# Number of equation = 475883, Number of equation after degeneration = 473549
# Calculating EM field of the boundary planes with 2D forward analysis.        
#-----------------------------[ Boundary Plane 0 ]-----------------------------
# Calculate electric field on a boundary plane with 0th order edge-based element.
# Number of equation = 520, Number of equation after degeneration = 476
# Set values of matrix and right hand side vector. ( 240 sec )
# Numerical factorization phase of matrix solver for boundary plane. Polarization : 1 Plane : 0. ( 240 sec )
# Solve phase of matrix solver for boundary plane. Polarization : 1 Plane : 0. ( 240 sec )
#-----------------------------[ Boundary Plane 1 ]-----------------------------
# Calculate electric field on a boundary plane with 0th order edge-based element.
# Number of equation = 520, Number of equation after degeneration = 476
# Set values of matrix and right hand side vector. ( 240 sec )
# Numerical factorization phase of matrix solver for boundary plane. Polarization : 1 Plane : 1. ( 240 sec )
# Solve phase of matrix solver for boundary plane. Polarization : 1 Plane : 1. ( 240 sec )
#------------------------------------------------------------------------------
# Set values of matrix and right hand side vector. ( 240 sec )
# Numerical factorization phase of matrix solver for 3D forward calculation. Polarization : 1.( 242 sec )
# Solve phase of matrix solver for 3D forward calculation. Polarization : 1.( 262 sec )
# Calulate right-hand sides vectors consisting of interpolator vectors.( 263 sec )
# Solve phase of matrix solver for right-hand sides consisting of interpolator vectors.( 264 sec )
# Solve phase is performed simultaneously for 282 right-hand sides( 264 sec )
# Calculate derivatives of EM field.( 273 sec )
#==============================================================================
# Calculate response functions. ( 284 sec )
# Calculate sensitivity matrix of frequency 15.848[Hz].( 284 sec )
# Sensitivity matrix of frequency 15.848[Hz] is saved in the out-of-core file sensMatFreq13.
#==============================================================================
#================================================================================================
# Start forward calculation. Frequency : 25.118 [Hz], Polarization : Ex-polarization
#================================================================================================
# Start 3D forward calculation with 0th order 3D edge-based element.( 284 sec )
# Number of equation = 475883, Number of equation after degeneration = 473549
# Calculating EM field of the boundary planes with 2D forward analysis.        
#-----------------------------[ Boundary Plane 2 ]-----------------------------
# Calculate electric field on a boundary plane with 0th order edge-based element.
# Number of equation = 514, Number of equation after degeneration = 470
# Set values of matrix and right hand side vector. ( 284 sec )
# Numerical factorization phase of matrix solver for boundary plane. Polarization : 0 Plane : 2. ( 284 sec )
# Solve phase of matrix solver for boundary plane. Polarization : 0 Plane : 2. ( 284 sec )
#-----------------------------[ Boundary Plane 3 ]-----------------------------
# Calculate electric field on a boundary plane with 0th order edge-based element.
# Number of equation = 514, Number of equation after degeneration = 470
# Set values of matrix and right hand side vector. ( 284 sec )
# Numerical factorization phase of matrix solver for boundary plane. Polarization : 0 Plane : 3. ( 284 sec )
# Solve phase of matrix solver for boundary plane. Polarization : 0 Plane : 3. ( 284 sec )
#------------------------------------------------------------------------------
# Set values of matrix and right hand side vector. ( 284 sec )
# Numerical factorization phase of matrix solver for 3D forward calculation. Polarization : 0.( 287 sec )
# Solve phase of matrix solver for 3D forward calculation. Polarization : 0.( 307 sec )
# Calulate right-hand sides vectors consisting of interpolator vectors.( 307 sec )
# Solve phase of matrix solver for right-hand sides consisting of interpolator vectors.( 308 sec )
# Solve phase is performed simultaneously for 303 right-hand sides( 308 sec )
# Calculate derivatives of EM field.( 319 sec )
#================================================================================================
# Start forward calculation. Frequency : 25.118 [Hz], Polarization : Ey-polarization
#================================================================================================
# Start 3D forward calculation with 0th order 3D edge-based element.( 329 sec )
# Number of equation = 475883, Number of equation after degeneration = 473549
# Calculating EM field of the boundary planes with 2D forward analysis.        
#-----------------------------[ Boundary Plane 0 ]-----------------------------
# Calculate electric field on a boundary plane with 0th order edge-based element.
# Number of equation = 520, Number of equation after degeneration = 476
# Set values of matrix and right hand side vector. ( 329 sec )
# Numerical factorization phase of matrix solver for boundary plane. Polarization : 1 Plane : 0. ( 329 sec )
# Solve phase of matrix solver for boundary plane. Polarization : 1 Plane : 0. ( 329 sec )
#-----------------------------[ Boundary Plane 1 ]-----------------------------
# Calculate electric field on a boundary plane with 0th order edge-based element.
# Number of equation = 520, Number of equation after degeneration = 476
# Set values of matrix and right hand side vector. ( 329 sec )
# Numerical factorization phase of matrix solver for boundary plane. Polarization : 1 Plane : 1. ( 329 sec )
# Solve phase of matrix solver for boundary plane. Polarization : 1 Plane : 1. ( 329 sec )
#------------------------------------------------------------------------------
# Set values of matrix and right hand side vector. ( 329 sec )
# Numerical factorization phase of matrix solver for 3D forward calculation. Polarization : 1.( 331 sec )
# Solve phase of matrix solver for 3D forward calculation. Polarization : 1.( 351 sec )
# Calulate right-hand sides vectors consisting of interpolator vectors.( 352 sec )
# Solve phase of matrix solver for right-hand sides consisting of interpolator vectors.( 353 sec )
# Solve phase is performed simultaneously for 303 right-hand sides( 353 sec )
# Calculate derivatives of EM field.( 363 sec )
#==============================================================================
# Calculate response functions. ( 373 sec )
# Calculate sensitivity matrix of frequency 25.118[Hz].( 373 sec )
# Sensitivity matrix of frequency 25.118[Hz] is saved in the out-of-core file sensMatFreq14.
#==============================================================================
#================================================================================================
# Start forward calculation. Frequency : 39.81 [Hz], Polarization : Ex-polarization
#================================================================================================
# Start 3D forward calculation with 0th order 3D edge-based element.( 374 sec )
# Number of equation = 475883, Number of equation after degeneration = 473549
# Calculating EM field of the boundary planes with 2D forward analysis.        
#-----------------------------[ Boundary Plane 2 ]-----------------------------
# Calculate electric field on a boundary plane with 0th order edge-based element.
# Number of equation = 514, Number of equation after degeneration = 470
# Set values of matrix and right hand side vector. ( 374 sec )
# Numerical factorization phase of matrix solver for boundary plane. Polarization : 0 Plane : 2. ( 374 sec )
# Solve phase of matrix solver for boundary plane. Polarization : 0 Plane : 2. ( 374 sec )
#-----------------------------[ Boundary Plane 3 ]-----------------------------
# Calculate electric field on a boundary plane with 0th order edge-based element.
# Number of equation = 514, Number of equation after degeneration = 470
# Set values of matrix and right hand side vector. ( 374 sec )
# Numerical factorization phase of matrix solver for boundary plane. Polarization : 0 Plane : 3. ( 374 sec )
# Solve phase of matrix solver for boundary plane. Polarization : 0 Plane : 3. ( 374 sec )
#------------------------------------------------------------------------------
# Set values of matrix and right hand side vector. ( 374 sec )
# Numerical factorization phase of matrix solver for 3D forward calculation. Polarization : 0.( 376 sec )
# Solve phase of matrix solver for 3D forward calculation. Polarization : 0.( 397 sec )
# Calulate right-hand sides vectors consisting of interpolator vectors.( 397 sec )
# Solve phase of matrix solver for right-hand sides consisting of interpolator vectors.( 398 sec )
# Solve phase is performed simultaneously for 293 right-hand sides( 398 sec )
# Calculate derivatives of EM field.( 408 sec )
#================================================================================================
# Start forward calculation. Frequency : 39.81 [Hz], Polarization : Ey-polarization
#================================================================================================
# Start 3D forward calculation with 0th order 3D edge-based element.( 417 sec )
# Number of equation = 475883, Number of equation after degeneration = 473549
# Calculating EM field of the boundary planes with 2D forward analysis.        
#-----------------------------[ Boundary Plane 0 ]-----------------------------
# Calculate electric field on a boundary plane with 0th order edge-based element.
# Number of equation = 520, Number of equation after degeneration = 476
# Set values of matrix and right hand side vector. ( 417 sec )
# Numerical factorization phase of matrix solver for boundary plane. Polarization : 1 Plane : 0. ( 417 sec )
# Solve phase of matrix solver for boundary plane. Polarization : 1 Plane : 0. ( 417 sec )
#-----------------------------[ Boundary Plane 1 ]-----------------------------
# Calculate electric field on a boundary plane with 0th order edge-based element.
# Number of equation = 520, Number of equation after degeneration = 476
# Set values of matrix and right hand side vector. ( 417 sec )
# Numerical factorization phase of matrix solver for boundary plane. Polarization : 1 Plane : 1. ( 417 sec )
# Solve phase of matrix solver for boundary plane. Polarization : 1 Plane : 1. ( 417 sec )
#------------------------------------------------------------------------------
# Set values of matrix and right hand side vector. ( 417 sec )
# Numerical factorization phase of matrix solver for 3D forward calculation. Polarization : 1.( 420 sec )
# Solve phase of matrix solver for 3D forward calculation. Polarization : 1.( 440 sec )
# Calulate right-hand sides vectors consisting of interpolator vectors.( 440 sec )
# Solve phase of matrix solver for right-hand sides consisting of interpolator vectors.( 442 sec )
# Solve phase is performed simultaneously for 293 right-hand sides( 442 sec )
# Calculate derivatives of EM field.( 451 sec )
#==============================================================================
# Calculate response functions. ( 461 sec )
# Calculate sensitivity matrix of frequency 39.81[Hz].( 461 sec )
# Sensitivity matrix of frequency 39.81[Hz] is saved in the out-of-core file sensMatFreq15.
#==============================================================================
#================================================================================================
# Start forward calculation. Frequency : 63.095 [Hz], Polarization : Ex-polarization
#================================================================================================
# Start 3D forward calculation with 0th order 3D edge-based element.( 461 sec )
# Number of equation = 475883, Number of equation after degeneration = 473549
# Calculating EM field of the boundary planes with 2D forward analysis.        
#-----------------------------[ Boundary Plane 2 ]-----------------------------
# Calculate electric field on a boundary plane with 0th order edge-based element.
# Number of equation = 514, Number of equation after degeneration = 470
# Set values of matrix and right hand side vector. ( 461 sec )
# Numerical factorization phase of matrix solver for boundary plane. Polarization : 0 Plane : 2. ( 461 sec )
# Solve phase of matrix solver for boundary plane. Polarization : 0 Plane : 2. ( 461 sec )
#-----------------------------[ Boundary Plane 3 ]-----------------------------
# Calculate electric field on a boundary plane with 0th order edge-based element.
# Number of equation = 514, Number of equation after degeneration = 470
# Set values of matrix and right hand side vector. ( 461 sec )
# Numerical factorization phase of matrix solver for boundary plane. Polarization : 0 Plane : 3. ( 461 sec )
# Solve phase of matrix solver for boundary plane. Polarization : 0 Plane : 3. ( 461 sec )
#------------------------------------------------------------------------------
# Set values of matrix and right hand side vector. ( 461 sec )
# Numerical factorization phase of matrix solver for 3D forward calculation. Polarization : 0.( 464 sec )
# Solve phase of matrix solver for 3D forward calculation. Polarization : 0.( 484 sec )
# Calulate right-hand sides vectors consisting of interpolator vectors.( 484 sec )
# Solve phase of matrix solver for right-hand sides consisting of interpolator vectors.( 485 sec )
# Solve phase is performed simultaneously for 275 right-hand sides( 485 sec )
# Calculate derivatives of EM field.( 494 sec )
#================================================================================================
# Start forward calculation. Frequency : 63.095 [Hz], Polarization : Ey-polarization
#================================================================================================
# Start 3D forward calculation with 0th order 3D edge-based element.( 505 sec )
# Number of equation = 475883, Number of equation after degeneration = 473549
# Calculating EM field of the boundary planes with 2D forward analysis.        
#-----------------------------[ Boundary Plane 0 ]-----------------------------
# Calculate electric field on a boundary plane with 0th order edge-based element.
# Number of equation = 520, Number of equation after degeneration = 476
# Set values of matrix and right hand side vector. ( 505 sec )
# Numerical factorization phase of matrix solver for boundary plane. Polarization : 1 Plane : 0. ( 505 sec )
# Solve phase of matrix solver for boundary plane. Polarization : 1 Plane : 0. ( 505 sec )
#-----------------------------[ Boundary Plane 1 ]-----------------------------
# Calculate electric field on a boundary plane with 0th order edge-based element.
# Number of equation = 520, Number of equation after degeneration = 476
# Set values of matrix and right hand side vector. ( 505 sec )
# Numerical factorization phase of matrix solver for boundary plane. Polarization : 1 Plane : 1. ( 505 sec )
# Solve phase of matrix solver for boundary plane. Polarization : 1 Plane : 1. ( 505 sec )
#------------------------------------------------------------------------------
# Set values of matrix and right hand side vector. ( 505 sec )
# Numerical factorization phase of matrix solver for 3D forward calculation. Polarization : 1.( 507 sec )
# Solve phase of matrix solver for 3D forward calculation. Polarization : 1.( 528 sec )
# Calulate right-hand sides vectors consisting of interpolator vectors.( 528 sec )
# Solve phase of matrix solver for right-hand sides consisting of interpolator vectors.( 529 sec )
# Solve phase is performed simultaneously for 275 right-hand sides( 529 sec )
# Calculate derivatives of EM field.( 538 sec )
#==============================================================================
# Calculate response functions. ( 550 sec )
# Calculate sensitivity matrix of frequency 63.095[Hz].( 550 sec )
# Sensitivity matrix of frequency 63.095[Hz] is saved in the out-of-core file sensMatFreq16.
#==============================================================================
# Release memory of coefficient matrix and sparse solver. ( 550 sec )
###############################################################################
# Start Inversion.  Iteration : 0
###############################################################################
# Number of model : 54779
# Number of frequencies of this PE : 6
# Calculate constraining matrix. ( 554 sec )
# Analyse constraining matrix.( 554 sec )
# Analyse transposed constraining matrix.( 555 sec )
# Factorize constraining matrix.( 555 sec )
# Factorize transposed constraining matrix.( 555 sec )
# Number of data of this PE : 2980
# Read sensitivity matrix from sensMatFreq11.( 555 sec )
# Multiply transposed sensitivity matrix by inverse of transposed constraining matrix. ( 556 sec )
# Solve phase is performed simultaneously for 496 right-hand sides( 556 sec )
# Read sensitivity matrix from sensMatFreq12.( 557 sec )
# Multiply transposed sensitivity matrix by inverse of transposed constraining matrix. ( 560 sec )
# Solve phase is performed simultaneously for 488 right-hand sides( 560 sec )
# Read sensitivity matrix from sensMatFreq13.( 560 sec )
# Multiply transposed sensitivity matrix by inverse of transposed constraining matrix. ( 562 sec )
# Solve phase is performed simultaneously for 488 right-hand sides( 562 sec )
# Read sensitivity matrix from sensMatFreq14.( 563 sec )
# Multiply transposed sensitivity matrix by inverse of transposed constraining matrix. ( 563 sec )
# Solve phase is performed simultaneously for 524 right-hand sides( 563 sec )
# Read sensitivity matrix from sensMatFreq15.( 564 sec )
# Multiply transposed sensitivity matrix by inverse of transposed constraining matrix. ( 565 sec )
# Solve phase is performed simultaneously for 508 right-hand sides( 565 sec )
# Read sensitivity matrix from sensMatFreq16.( 565 sec )
# Multiply transposed sensitivity matrix by inverse of transposed constraining matrix. ( 566 sec )
# Solve phase is performed simultaneously for 476 right-hand sides( 566 sec )
# Calculate right-hand side vector. ( 569 sec )
# Read sensitivity matrix from sensMatFreq11.( 569 sec )
# Read sensitivity matrix from sensMatFreq12.( 569 sec )
# Read sensitivity matrix from sensMatFreq13.( 569 sec )
# Read sensitivity matrix from sensMatFreq14.( 569 sec )
# Read sensitivity matrix from sensMatFreq15.( 569 sec )
# Read sensitivity matrix from sensMatFreq16.( 569 sec )
# Read sensitivity matrix from sensMatFreq11.( 618 sec )
# Read sensitivity matrix from sensMatFreq12.( 618 sec )
# Read sensitivity matrix from sensMatFreq13.( 618 sec )
# Read sensitivity matrix from sensMatFreq14.( 618 sec )
# Read sensitivity matrix from sensMatFreq15.( 618 sec )
# Read sensitivity matrix from sensMatFreq16.( 618 sec )
# Calculate model increments. ( 618 sec )
###############################################################################
# Start Forward Computation.  Iteration : 1,  Retrial : 0
###############################################################################
#================================================================================================
# Start forward calculation. Frequency : 6.3095 [Hz], Polarization : Ex-polarization
#================================================================================================
# Start 3D forward calculation with 0th order 3D edge-based element.( 619 sec )
# Number of equation = 475883, Number of equation after degeneration = 473549
# Calculating EM field of the boundary planes with 2D forward analysis.        
#-----------------------------[ Boundary Plane 2 ]-----------------------------
# Calculate electric field on a boundary plane with 0th order edge-based element.
# Number of equation = 514, Number of equation after degeneration = 470
# Set values of matrix and right hand side vector. ( 619 sec )
# Numerical factorization phase of matrix solver for boundary plane. Polarization : 0 Plane : 2. ( 619 sec )
# Solve phase of matrix solver for boundary plane. Polarization : 0 Plane : 2. ( 619 sec )
#-----------------------------[ Boundary Plane 3 ]-----------------------------
# Calculate electric field on a boundary plane with 0th order edge-based element.
# Number of equation = 514, Number of equation after degeneration = 470
# Set values of matrix and right hand side vector. ( 619 sec )
# Numerical factorization phase of matrix solver for boundary plane. Polarization : 0 Plane : 3. ( 619 sec )
# Solve phase of matrix solver for boundary plane. Polarization : 0 Plane : 3. ( 619 sec )
#------------------------------------------------------------------------------
# Set matrix structure. ( 619 sec )
# Anaysis phase of matrix solver for 3D forward calculation. Polarization : 0. ( 623 sec )
#++++++++++++++++++++++++++++++++++++++++++++++++++++++++++++++++++++++++++++++++++++++++++++++++
# Total peak memory required during the analysis and symbolic factorization phase    : 576545 [KByte]
# Permanent memory required from the analysis phase to the solve phases              : 481823 [KByte]
# Total memory consumed by in-core forward solver for internal float point arrays    : 4.11096e+06 [KByte]
# Minimum memory consumed by out-core forward solver for internal float point arrays : 68945 [KByte]
#++++++++++++++++++++++++++++++++++++++++++++++++++++++++++++++++++++++++++++++++++++++++++++++++
# Set values of matrix and right hand side vector. ( 626 sec )
# Numerical factorization phase of matrix solver for 3D forward calculation. Polarization : 0.( 628 sec )
# Solve phase of matrix solver for 3D forward calculation. Polarization : 0.( 648 sec )
# Calulate right-hand sides vectors consisting of interpolator vectors.( 649 sec )
# Solve phase of matrix solver for right-hand sides consisting of interpolator vectors.( 650 sec )
# Solve phase is performed simultaneously for 286 right-hand sides( 650 sec )
# Calculate derivatives of EM field.( 659 sec )
#================================================================================================
# Start forward calculation. Frequency : 6.3095 [Hz], Polarization : Ey-polarization
#================================================================================================
# Start 3D forward calculation with 0th order 3D edge-based element.( 672 sec )
# Number of equation = 475883, Number of equation after degeneration = 473549
# Calculating EM field of the boundary planes with 2D forward analysis.        
#-----------------------------[ Boundary Plane 0 ]-----------------------------
# Calculate electric field on a boundary plane with 0th order edge-based element.
# Number of equation = 520, Number of equation after degeneration = 476
# Set values of matrix and right hand side vector. ( 672 sec )
# Numerical factorization phase of matrix solver for boundary plane. Polarization : 1 Plane : 0. ( 672 sec )
# Solve phase of matrix solver for boundary plane. Polarization : 1 Plane : 0. ( 672 sec )
#-----------------------------[ Boundary Plane 1 ]-----------------------------
# Calculate electric field on a boundary plane with 0th order edge-based element.
# Number of equation = 520, Number of equation after degeneration = 476
# Set values of matrix and right hand side vector. ( 672 sec )
# Numerical factorization phase of matrix solver for boundary plane. Polarization : 1 Plane : 1. ( 672 sec )
# Solve phase of matrix solver for boundary plane. Polarization : 1 Plane : 1. ( 672 sec )
#------------------------------------------------------------------------------
# Set values of matrix and right hand side vector. ( 672 sec )
# Numerical factorization phase of matrix solver for 3D forward calculation. Polarization : 1.( 674 sec )
# Solve phase of matrix solver for 3D forward calculation. Polarization : 1.( 694 sec )
# Calulate right-hand sides vectors consisting of interpolator vectors.( 695 sec )
# Solve phase of matrix solver for right-hand sides consisting of interpolator vectors.( 696 sec )
# Solve phase is performed simultaneously for 286 right-hand sides( 696 sec )
# Calculate derivatives of EM field.( 705 sec )
#==============================================================================
# Calculate response functions. ( 717 sec )
# Calculate sensitivity matrix of frequency 6.3095[Hz].( 717 sec )
# Sensitivity matrix of frequency 6.3095[Hz] is saved in the out-of-core file sensMatFreq11.
#==============================================================================
#================================================================================================
# Start forward calculation. Frequency : 10 [Hz], Polarization : Ex-polarization
#================================================================================================
# Start 3D forward calculation with 0th order 3D edge-based element.( 718 sec )
# Number of equation = 475883, Number of equation after degeneration = 473549
# Calculating EM field of the boundary planes with 2D forward analysis.        
#-----------------------------[ Boundary Plane 2 ]-----------------------------
# Calculate electric field on a boundary plane with 0th order edge-based element.
# Number of equation = 514, Number of equation after degeneration = 470
# Set values of matrix and right hand side vector. ( 718 sec )
# Numerical factorization phase of matrix solver for boundary plane. Polarization : 0 Plane : 2. ( 718 sec )
# Solve phase of matrix solver for boundary plane. Polarization : 0 Plane : 2. ( 718 sec )
#-----------------------------[ Boundary Plane 3 ]-----------------------------
# Calculate electric field on a boundary plane with 0th order edge-based element.
# Number of equation = 514, Number of equation after degeneration = 470
# Set values of matrix and right hand side vector. ( 718 sec )
# Numerical factorization phase of matrix solver for boundary plane. Polarization : 0 Plane : 3. ( 718 sec )
# Solve phase of matrix solver for boundary plane. Polarization : 0 Plane : 3. ( 718 sec )
#------------------------------------------------------------------------------
# Set values of matrix and right hand side vector. ( 718 sec )
# Numerical factorization phase of matrix solver for 3D forward calculation. Polarization : 0.( 720 sec )
# Solve phase of matrix solver for 3D forward calculation. Polarization : 0.( 740 sec )
# Calulate right-hand sides vectors consisting of interpolator vectors.( 741 sec )
# Solve phase of matrix solver for right-hand sides consisting of interpolator vectors.( 742 sec )
# Solve phase is performed simultaneously for 282 right-hand sides( 742 sec )
# Calculate derivatives of EM field.( 751 sec )
#================================================================================================
# Start forward calculation. Frequency : 10 [Hz], Polarization : Ey-polarization
#================================================================================================
# Start 3D forward calculation with 0th order 3D edge-based element.( 762 sec )
# Number of equation = 475883, Number of equation after degeneration = 473549
# Calculating EM field of the boundary planes with 2D forward analysis.        
#-----------------------------[ Boundary Plane 0 ]-----------------------------
# Calculate electric field on a boundary plane with 0th order edge-based element.
# Number of equation = 520, Number of equation after degeneration = 476
# Set values of matrix and right hand side vector. ( 762 sec )
# Numerical factorization phase of matrix solver for boundary plane. Polarization : 1 Plane : 0. ( 762 sec )
# Solve phase of matrix solver for boundary plane. Polarization : 1 Plane : 0. ( 762 sec )
#-----------------------------[ Boundary Plane 1 ]-----------------------------
# Calculate electric field on a boundary plane with 0th order edge-based element.
# Number of equation = 520, Number of equation after degeneration = 476
# Set values of matrix and right hand side vector. ( 762 sec )
# Numerical factorization phase of matrix solver for boundary plane. Polarization : 1 Plane : 1. ( 762 sec )
# Solve phase of matrix solver for boundary plane. Polarization : 1 Plane : 1. ( 762 sec )
#------------------------------------------------------------------------------
# Set values of matrix and right hand side vector. ( 762 sec )
# Numerical factorization phase of matrix solver for 3D forward calculation. Polarization : 1.( 765 sec )
# Solve phase of matrix solver for 3D forward calculation. Polarization : 1.( 785 sec )
# Calulate right-hand sides vectors consisting of interpolator vectors.( 785 sec )
# Solve phase of matrix solver for right-hand sides consisting of interpolator vectors.( 786 sec )
# Solve phase is performed simultaneously for 282 right-hand sides( 786 sec )
# Calculate derivatives of EM field.( 795 sec )
#==============================================================================
# Calculate response functions. ( 807 sec )
# Calculate sensitivity matrix of frequency 10[Hz].( 807 sec )
# Sensitivity matrix of frequency 10[Hz] is saved in the out-of-core file sensMatFreq12.
#==============================================================================
#================================================================================================
# Start forward calculation. Frequency : 15.848 [Hz], Polarization : Ex-polarization
#================================================================================================
# Start 3D forward calculation with 0th order 3D edge-based element.( 808 sec )
# Number of equation = 475883, Number of equation after degeneration = 473549
# Calculating EM field of the boundary planes with 2D forward analysis.        
#-----------------------------[ Boundary Plane 2 ]-----------------------------
# Calculate electric field on a boundary plane with 0th order edge-based element.
# Number of equation = 514, Number of equation after degeneration = 470
# Set values of matrix and right hand side vector. ( 808 sec )
# Numerical factorization phase of matrix solver for boundary plane. Polarization : 0 Plane : 2. ( 808 sec )
# Solve phase of matrix solver for boundary plane. Polarization : 0 Plane : 2. ( 808 sec )
#-----------------------------[ Boundary Plane 3 ]-----------------------------
# Calculate electric field on a boundary plane with 0th order edge-based element.
# Number of equation = 514, Number of equation after degeneration = 470
# Set values of matrix and right hand side vector. ( 808 sec )
# Numerical factorization phase of matrix solver for boundary plane. Polarization : 0 Plane : 3. ( 808 sec )
# Solve phase of matrix solver for boundary plane. Polarization : 0 Plane : 3. ( 808 sec )
#------------------------------------------------------------------------------
# Set values of matrix and right hand side vector. ( 808 sec )
# Numerical factorization phase of matrix solver for 3D forward calculation. Polarization : 0.( 810 sec )
# Solve phase of matrix solver for 3D forward calculation. Polarization : 0.( 830 sec )
# Calulate right-hand sides vectors consisting of interpolator vectors.( 830 sec )
# Solve phase of matrix solver for right-hand sides consisting of interpolator vectors.( 831 sec )
# Solve phase is performed simultaneously for 282 right-hand sides( 831 sec )
# Calculate derivatives of EM field.( 841 sec )
#================================================================================================
# Start forward calculation. Frequency : 15.848 [Hz], Polarization : Ey-polarization
#================================================================================================
# Start 3D forward calculation with 0th order 3D edge-based element.( 852 sec )
# Number of equation = 475883, Number of equation after degeneration = 473549
# Calculating EM field of the boundary planes with 2D forward analysis.        
#-----------------------------[ Boundary Plane 0 ]-----------------------------
# Calculate electric field on a boundary plane with 0th order edge-based element.
# Number of equation = 520, Number of equation after degeneration = 476
# Set values of matrix and right hand side vector. ( 852 sec )
# Numerical factorization phase of matrix solver for boundary plane. Polarization : 1 Plane : 0. ( 852 sec )
# Solve phase of matrix solver for boundary plane. Polarization : 1 Plane : 0. ( 852 sec )
#-----------------------------[ Boundary Plane 1 ]-----------------------------
# Calculate electric field on a boundary plane with 0th order edge-based element.
# Number of equation = 520, Number of equation after degeneration = 476
# Set values of matrix and right hand side vector. ( 852 sec )
# Numerical factorization phase of matrix solver for boundary plane. Polarization : 1 Plane : 1. ( 852 sec )
# Solve phase of matrix solver for boundary plane. Polarization : 1 Plane : 1. ( 852 sec )
#------------------------------------------------------------------------------
# Set values of matrix and right hand side vector. ( 852 sec )
# Numerical factorization phase of matrix solver for 3D forward calculation. Polarization : 1.( 854 sec )
# Solve phase of matrix solver for 3D forward calculation. Polarization : 1.( 874 sec )
# Calulate right-hand sides vectors consisting of interpolator vectors.( 874 sec )
# Solve phase of matrix solver for right-hand sides consisting of interpolator vectors.( 875 sec )
# Solve phase is performed simultaneously for 282 right-hand sides( 875 sec )
# Calculate derivatives of EM field.( 885 sec )
#==============================================================================
# Calculate response functions. ( 896 sec )
# Calculate sensitivity matrix of frequency 15.848[Hz].( 896 sec )
# Sensitivity matrix of frequency 15.848[Hz] is saved in the out-of-core file sensMatFreq13.
#==============================================================================
#================================================================================================
# Start forward calculation. Frequency : 25.118 [Hz], Polarization : Ex-polarization
#================================================================================================
# Start 3D forward calculation with 0th order 3D edge-based element.( 897 sec )
# Number of equation = 475883, Number of equation after degeneration = 473549
# Calculating EM field of the boundary planes with 2D forward analysis.        
#-----------------------------[ Boundary Plane 2 ]-----------------------------
# Calculate electric field on a boundary plane with 0th order edge-based element.
# Number of equation = 514, Number of equation after degeneration = 470
# Set values of matrix and right hand side vector. ( 897 sec )
# Numerical factorization phase of matrix solver for boundary plane. Polarization : 0 Plane : 2. ( 897 sec )
# Solve phase of matrix solver for boundary plane. Polarization : 0 Plane : 2. ( 897 sec )
#-----------------------------[ Boundary Plane 3 ]-----------------------------
# Calculate electric field on a boundary plane with 0th order edge-based element.
# Number of equation = 514, Number of equation after degeneration = 470
# Set values of matrix and right hand side vector. ( 897 sec )
# Numerical factorization phase of matrix solver for boundary plane. Polarization : 0 Plane : 3. ( 897 sec )
# Solve phase of matrix solver for boundary plane. Polarization : 0 Plane : 3. ( 897 sec )
#------------------------------------------------------------------------------
# Set values of matrix and right hand side vector. ( 897 sec )
# Numerical factorization phase of matrix solver for 3D forward calculation. Polarization : 0.( 899 sec )
# Solve phase of matrix solver for 3D forward calculation. Polarization : 0.( 919 sec )
# Calulate right-hand sides vectors consisting of interpolator vectors.( 919 sec )
# Solve phase of matrix solver for right-hand sides consisting of interpolator vectors.( 921 sec )
# Solve phase is performed simultaneously for 303 right-hand sides( 921 sec )
# Calculate derivatives of EM field.( 931 sec )
#================================================================================================
# Start forward calculation. Frequency : 25.118 [Hz], Polarization : Ey-polarization
#================================================================================================
# Start 3D forward calculation with 0th order 3D edge-based element.( 943 sec )
# Number of equation = 475883, Number of equation after degeneration = 473549
# Calculating EM field of the boundary planes with 2D forward analysis.        
#-----------------------------[ Boundary Plane 0 ]-----------------------------
# Calculate electric field on a boundary plane with 0th order edge-based element.
# Number of equation = 520, Number of equation after degeneration = 476
# Set values of matrix and right hand side vector. ( 943 sec )
# Numerical factorization phase of matrix solver for boundary plane. Polarization : 1 Plane : 0. ( 943 sec )
# Solve phase of matrix solver for boundary plane. Polarization : 1 Plane : 0. ( 943 sec )
#-----------------------------[ Boundary Plane 1 ]-----------------------------
# Calculate electric field on a boundary plane with 0th order edge-based element.
# Number of equation = 520, Number of equation after degeneration = 476
# Set values of matrix and right hand side vector. ( 943 sec )
# Numerical factorization phase of matrix solver for boundary plane. Polarization : 1 Plane : 1. ( 943 sec )
# Solve phase of matrix solver for boundary plane. Polarization : 1 Plane : 1. ( 943 sec )
#------------------------------------------------------------------------------
# Set values of matrix and right hand side vector. ( 943 sec )
# Numerical factorization phase of matrix solver for 3D forward calculation. Polarization : 1.( 945 sec )
# Solve phase of matrix solver for 3D forward calculation. Polarization : 1.( 965 sec )
# Calulate right-hand sides vectors consisting of interpolator vectors.( 966 sec )
# Solve phase of matrix solver for right-hand sides consisting of interpolator vectors.( 967 sec )
# Solve phase is performed simultaneously for 303 right-hand sides( 967 sec )
# Calculate derivatives of EM field.( 977 sec )
#==============================================================================
# Calculate response functions. ( 989 sec )
# Calculate sensitivity matrix of frequency 25.118[Hz].( 989 sec )
# Sensitivity matrix of frequency 25.118[Hz] is saved in the out-of-core file sensMatFreq14.
#==============================================================================
#================================================================================================
# Start forward calculation. Frequency : 39.81 [Hz], Polarization : Ex-polarization
#================================================================================================
# Start 3D forward calculation with 0th order 3D edge-based element.( 990 sec )
# Number of equation = 475883, Number of equation after degeneration = 473549
# Calculating EM field of the boundary planes with 2D forward analysis.        
#-----------------------------[ Boundary Plane 2 ]-----------------------------
# Calculate electric field on a boundary plane with 0th order edge-based element.
# Number of equation = 514, Number of equation after degeneration = 470
# Set values of matrix and right hand side vector. ( 990 sec )
# Numerical factorization phase of matrix solver for boundary plane. Polarization : 0 Plane : 2. ( 990 sec )
# Solve phase of matrix solver for boundary plane. Polarization : 0 Plane : 2. ( 990 sec )
#-----------------------------[ Boundary Plane 3 ]-----------------------------
# Calculate electric field on a boundary plane with 0th order edge-based element.
# Number of equation = 514, Number of equation after degeneration = 470
# Set values of matrix and right hand side vector. ( 990 sec )
# Numerical factorization phase of matrix solver for boundary plane. Polarization : 0 Plane : 3. ( 990 sec )
# Solve phase of matrix solver for boundary plane. Polarization : 0 Plane : 3. ( 990 sec )
#------------------------------------------------------------------------------
# Set values of matrix and right hand side vector. ( 990 sec )
# Numerical factorization phase of matrix solver for 3D forward calculation. Polarization : 0.( 992 sec )
# Solve phase of matrix solver for 3D forward calculation. Polarization : 0.( 1012 sec )
# Calulate right-hand sides vectors consisting of interpolator vectors.( 1012 sec )
# Solve phase of matrix solver for right-hand sides consisting of interpolator vectors.( 1014 sec )
# Solve phase is performed simultaneously for 293 right-hand sides( 1014 sec )
# Calculate derivatives of EM field.( 1023 sec )
#================================================================================================
# Start forward calculation. Frequency : 39.81 [Hz], Polarization : Ey-polarization
#================================================================================================
# Start 3D forward calculation with 0th order 3D edge-based element.( 1034 sec )
# Number of equation = 475883, Number of equation after degeneration = 473549
# Calculating EM field of the boundary planes with 2D forward analysis.        
#-----------------------------[ Boundary Plane 0 ]-----------------------------
# Calculate electric field on a boundary plane with 0th order edge-based element.
# Number of equation = 520, Number of equation after degeneration = 476
# Set values of matrix and right hand side vector. ( 1034 sec )
# Numerical factorization phase of matrix solver for boundary plane. Polarization : 1 Plane : 0. ( 1034 sec )
# Solve phase of matrix solver for boundary plane. Polarization : 1 Plane : 0. ( 1034 sec )
#-----------------------------[ Boundary Plane 1 ]-----------------------------
# Calculate electric field on a boundary plane with 0th order edge-based element.
# Number of equation = 520, Number of equation after degeneration = 476
# Set values of matrix and right hand side vector. ( 1034 sec )
# Numerical factorization phase of matrix solver for boundary plane. Polarization : 1 Plane : 1. ( 1034 sec )
# Solve phase of matrix solver for boundary plane. Polarization : 1 Plane : 1. ( 1034 sec )
#------------------------------------------------------------------------------
# Set values of matrix and right hand side vector. ( 1034 sec )
# Numerical factorization phase of matrix solver for 3D forward calculation. Polarization : 1.( 1036 sec )
# Solve phase of matrix solver for 3D forward calculation. Polarization : 1.( 1057 sec )
# Calulate right-hand sides vectors consisting of interpolator vectors.( 1057 sec )
# Solve phase of matrix solver for right-hand sides consisting of interpolator vectors.( 1058 sec )
# Solve phase is performed simultaneously for 293 right-hand sides( 1058 sec )
# Calculate derivatives of EM field.( 1068 sec )
#==============================================================================
# Calculate response functions. ( 1079 sec )
# Calculate sensitivity matrix of frequency 39.81[Hz].( 1079 sec )
# Sensitivity matrix of frequency 39.81[Hz] is saved in the out-of-core file sensMatFreq15.
#==============================================================================
#================================================================================================
# Start forward calculation. Frequency : 63.095 [Hz], Polarization : Ex-polarization
#================================================================================================
# Start 3D forward calculation with 0th order 3D edge-based element.( 1079 sec )
# Number of equation = 475883, Number of equation after degeneration = 473549
# Calculating EM field of the boundary planes with 2D forward analysis.        
#-----------------------------[ Boundary Plane 2 ]-----------------------------
# Calculate electric field on a boundary plane with 0th order edge-based element.
# Number of equation = 514, Number of equation after degeneration = 470
# Set values of matrix and right hand side vector. ( 1079 sec )
# Numerical factorization phase of matrix solver for boundary plane. Polarization : 0 Plane : 2. ( 1079 sec )
# Solve phase of matrix solver for boundary plane. Polarization : 0 Plane : 2. ( 1079 sec )
#-----------------------------[ Boundary Plane 3 ]-----------------------------
# Calculate electric field on a boundary plane with 0th order edge-based element.
# Number of equation = 514, Number of equation after degeneration = 470
# Set values of matrix and right hand side vector. ( 1079 sec )
# Numerical factorization phase of matrix solver for boundary plane. Polarization : 0 Plane : 3. ( 1079 sec )
# Solve phase of matrix solver for boundary plane. Polarization : 0 Plane : 3. ( 1079 sec )
#------------------------------------------------------------------------------
# Set values of matrix and right hand side vector. ( 1079 sec )
# Numerical factorization phase of matrix solver for 3D forward calculation. Polarization : 0.( 1082 sec )
# Solve phase of matrix solver for 3D forward calculation. Polarization : 0.( 1102 sec )
# Calulate right-hand sides vectors consisting of interpolator vectors.( 1102 sec )
# Solve phase of matrix solver for right-hand sides consisting of interpolator vectors.( 1103 sec )
# Solve phase is performed simultaneously for 275 right-hand sides( 1103 sec )
# Calculate derivatives of EM field.( 1112 sec )
#================================================================================================
# Start forward calculation. Frequency : 63.095 [Hz], Polarization : Ey-polarization
#================================================================================================
# Start 3D forward calculation with 0th order 3D edge-based element.( 1124 sec )
# Number of equation = 475883, Number of equation after degeneration = 473549
# Calculating EM field of the boundary planes with 2D forward analysis.        
#-----------------------------[ Boundary Plane 0 ]-----------------------------
# Calculate electric field on a boundary plane with 0th order edge-based element.
# Number of equation = 520, Number of equation after degeneration = 476
# Set values of matrix and right hand side vector. ( 1124 sec )
# Numerical factorization phase of matrix solver for boundary plane. Polarization : 1 Plane : 0. ( 1124 sec )
# Solve phase of matrix solver for boundary plane. Polarization : 1 Plane : 0. ( 1124 sec )
#-----------------------------[ Boundary Plane 1 ]-----------------------------
# Calculate electric field on a boundary plane with 0th order edge-based element.
# Number of equation = 520, Number of equation after degeneration = 476
# Set values of matrix and right hand side vector. ( 1124 sec )
# Numerical factorization phase of matrix solver for boundary plane. Polarization : 1 Plane : 1. ( 1124 sec )
# Solve phase of matrix solver for boundary plane. Polarization : 1 Plane : 1. ( 1124 sec )
#------------------------------------------------------------------------------
# Set values of matrix and right hand side vector. ( 1124 sec )
# Numerical factorization phase of matrix solver for 3D forward calculation. Polarization : 1.( 1126 sec )
# Solve phase of matrix solver for 3D forward calculation. Polarization : 1.( 1147 sec )
# Calulate right-hand sides vectors consisting of interpolator vectors.( 1147 sec )
# Solve phase of matrix solver for right-hand sides consisting of interpolator vectors.( 1148 sec )
# Solve phase is performed simultaneously for 275 right-hand sides( 1148 sec )
# Calculate derivatives of EM field.( 1157 sec )
#==============================================================================
# Calculate response functions. ( 1170 sec )
# Calculate sensitivity matrix of frequency 63.095[Hz].( 1170 sec )
# Sensitivity matrix of frequency 63.095[Hz] is saved in the out-of-core file sensMatFreq16.
#==============================================================================
# Release memory of coefficient matrix and sparse solver. ( 1170 sec )
###############################################################################
# Start Inversion.  Iteration : 1
###############################################################################
# Number of model : 54779
# Number of frequencies of this PE : 6
# Calculate constraining matrix. ( 1173 sec )
# Analyse constraining matrix.( 1173 sec )
# Analyse transposed constraining matrix.( 1173 sec )
# Factorize constraining matrix.( 1174 sec )
# Factorize transposed constraining matrix.( 1174 sec )
# Number of data of this PE : 2980
# Read sensitivity matrix from sensMatFreq11.( 1174 sec )
# Multiply transposed sensitivity matrix by inverse of transposed constraining matrix. ( 1175 sec )
# Solve phase is performed simultaneously for 496 right-hand sides( 1175 sec )
# Read sensitivity matrix from sensMatFreq12.( 1176 sec )
# Multiply transposed sensitivity matrix by inverse of transposed constraining matrix. ( 1178 sec )
# Solve phase is performed simultaneously for 488 right-hand sides( 1178 sec )
# Read sensitivity matrix from sensMatFreq13.( 1179 sec )
# Multiply transposed sensitivity matrix by inverse of transposed constraining matrix. ( 1181 sec )
# Solve phase is performed simultaneously for 488 right-hand sides( 1181 sec )
# Read sensitivity matrix from sensMatFreq14.( 1182 sec )
# Multiply transposed sensitivity matrix by inverse of transposed constraining matrix. ( 1184 sec )
# Solve phase is performed simultaneously for 524 right-hand sides( 1184 sec )
# Read sensitivity matrix from sensMatFreq15.( 1185 sec )
# Multiply transposed sensitivity matrix by inverse of transposed constraining matrix. ( 1187 sec )
# Solve phase is performed simultaneously for 508 right-hand sides( 1187 sec )
# Read sensitivity matrix from sensMatFreq16.( 1188 sec )
# Multiply transposed sensitivity matrix by inverse of transposed constraining matrix. ( 1189 sec )
# Solve phase is performed simultaneously for 476 right-hand sides( 1189 sec )
# Calculate right-hand side vector. ( 1190 sec )
# Read sensitivity matrix from sensMatFreq11.( 1190 sec )
# Read sensitivity matrix from sensMatFreq12.( 1190 sec )
# Read sensitivity matrix from sensMatFreq13.( 1190 sec )
# Read sensitivity matrix from sensMatFreq14.( 1190 sec )
# Read sensitivity matrix from sensMatFreq15.( 1190 sec )
# Read sensitivity matrix from sensMatFreq16.( 1190 sec )
# Read sensitivity matrix from sensMatFreq11.( 1239 sec )
# Read sensitivity matrix from sensMatFreq12.( 1239 sec )
# Read sensitivity matrix from sensMatFreq13.( 1239 sec )
# Read sensitivity matrix from sensMatFreq14.( 1239 sec )
# Read sensitivity matrix from sensMatFreq15.( 1239 sec )
# Read sensitivity matrix from sensMatFreq16.( 1239 sec )
# Calculate model increments. ( 1239 sec )
###############################################################################
# Start Forward Computation.  Iteration : 2,  Retrial : 0
###############################################################################
#================================================================================================
# Start forward calculation. Frequency : 6.3095 [Hz], Polarization : Ex-polarization
#================================================================================================
# Start 3D forward calculation with 0th order 3D edge-based element.( 1240 sec )
# Number of equation = 475883, Number of equation after degeneration = 473549
# Calculating EM field of the boundary planes with 2D forward analysis.        
#-----------------------------[ Boundary Plane 2 ]-----------------------------
# Calculate electric field on a boundary plane with 0th order edge-based element.
# Number of equation = 514, Number of equation after degeneration = 470
# Set values of matrix and right hand side vector. ( 1240 sec )
# Numerical factorization phase of matrix solver for boundary plane. Polarization : 0 Plane : 2. ( 1240 sec )
# Solve phase of matrix solver for boundary plane. Polarization : 0 Plane : 2. ( 1240 sec )
#-----------------------------[ Boundary Plane 3 ]-----------------------------
# Calculate electric field on a boundary plane with 0th order edge-based element.
# Number of equation = 514, Number of equation after degeneration = 470
# Set values of matrix and right hand side vector. ( 1240 sec )
# Numerical factorization phase of matrix solver for boundary plane. Polarization : 0 Plane : 3. ( 1240 sec )
# Solve phase of matrix solver for boundary plane. Polarization : 0 Plane : 3. ( 1240 sec )
#------------------------------------------------------------------------------
# Set matrix structure. ( 1240 sec )
# Anaysis phase of matrix solver for 3D forward calculation. Polarization : 0. ( 1244 sec )
#++++++++++++++++++++++++++++++++++++++++++++++++++++++++++++++++++++++++++++++++++++++++++++++++
# Total peak memory required during the analysis and symbolic factorization phase    : 576114 [KByte]
# Permanent memory required from the analysis phase to the solve phases              : 481675 [KByte]
# Total memory consumed by in-core forward solver for internal float point arrays    : 4.09278e+06 [KByte]
# Minimum memory consumed by out-core forward solver for internal float point arrays : 69118 [KByte]
#++++++++++++++++++++++++++++++++++++++++++++++++++++++++++++++++++++++++++++++++++++++++++++++++
# Set values of matrix and right hand side vector. ( 1246 sec )
# Numerical factorization phase of matrix solver for 3D forward calculation. Polarization : 0.( 1249 sec )
# Solve phase of matrix solver for 3D forward calculation. Polarization : 0.( 1269 sec )
# Calulate right-hand sides vectors consisting of interpolator vectors.( 1269 sec )
# Solve phase of matrix solver for right-hand sides consisting of interpolator vectors.( 1270 sec )
# Solve phase is performed simultaneously for 286 right-hand sides( 1270 sec )
# Calculate derivatives of EM field.( 1280 sec )
#================================================================================================
# Start forward calculation. Frequency : 6.3095 [Hz], Polarization : Ey-polarization
#================================================================================================
# Start 3D forward calculation with 0th order 3D edge-based element.( 1293 sec )
# Number of equation = 475883, Number of equation after degeneration = 473549
# Calculating EM field of the boundary planes with 2D forward analysis.        
#-----------------------------[ Boundary Plane 0 ]-----------------------------
# Calculate electric field on a boundary plane with 0th order edge-based element.
# Number of equation = 520, Number of equation after degeneration = 476
# Set values of matrix and right hand side vector. ( 1293 sec )
# Numerical factorization phase of matrix solver for boundary plane. Polarization : 1 Plane : 0. ( 1293 sec )
# Solve phase of matrix solver for boundary plane. Polarization : 1 Plane : 0. ( 1293 sec )
#-----------------------------[ Boundary Plane 1 ]-----------------------------
# Calculate electric field on a boundary plane with 0th order edge-based element.
# Number of equation = 520, Number of equation after degeneration = 476
# Set values of matrix and right hand side vector. ( 1293 sec )
# Numerical factorization phase of matrix solver for boundary plane. Polarization : 1 Plane : 1. ( 1293 sec )
# Solve phase of matrix solver for boundary plane. Polarization : 1 Plane : 1. ( 1293 sec )
#------------------------------------------------------------------------------
# Set values of matrix and right hand side vector. ( 1293 sec )
# Numerical factorization phase of matrix solver for 3D forward calculation. Polarization : 1.( 1295 sec )
# Solve phase of matrix solver for 3D forward calculation. Polarization : 1.( 1315 sec )
# Calulate right-hand sides vectors consisting of interpolator vectors.( 1315 sec )
# Solve phase of matrix solver for right-hand sides consisting of interpolator vectors.( 1317 sec )
# Solve phase is performed simultaneously for 286 right-hand sides( 1317 sec )
# Calculate derivatives of EM field.( 1326 sec )
#==============================================================================
# Calculate response functions. ( 1339 sec )
# Calculate sensitivity matrix of frequency 6.3095[Hz].( 1339 sec )
# Sensitivity matrix of frequency 6.3095[Hz] is saved in the out-of-core file sensMatFreq11.
#==============================================================================
#================================================================================================
# Start forward calculation. Frequency : 10 [Hz], Polarization : Ex-polarization
#================================================================================================
# Start 3D forward calculation with 0th order 3D edge-based element.( 1340 sec )
# Number of equation = 475883, Number of equation after degeneration = 473549
# Calculating EM field of the boundary planes with 2D forward analysis.        
#-----------------------------[ Boundary Plane 2 ]-----------------------------
# Calculate electric field on a boundary plane with 0th order edge-based element.
# Number of equation = 514, Number of equation after degeneration = 470
# Set values of matrix and right hand side vector. ( 1340 sec )
# Numerical factorization phase of matrix solver for boundary plane. Polarization : 0 Plane : 2. ( 1340 sec )
# Solve phase of matrix solver for boundary plane. Polarization : 0 Plane : 2. ( 1340 sec )
#-----------------------------[ Boundary Plane 3 ]-----------------------------
# Calculate electric field on a boundary plane with 0th order edge-based element.
# Number of equation = 514, Number of equation after degeneration = 470
# Set values of matrix and right hand side vector. ( 1340 sec )
# Numerical factorization phase of matrix solver for boundary plane. Polarization : 0 Plane : 3. ( 1340 sec )
# Solve phase of matrix solver for boundary plane. Polarization : 0 Plane : 3. ( 1340 sec )
#------------------------------------------------------------------------------
# Set values of matrix and right hand side vector. ( 1340 sec )
# Numerical factorization phase of matrix solver for 3D forward calculation. Polarization : 0.( 1342 sec )
# Solve phase of matrix solver for 3D forward calculation. Polarization : 0.( 1362 sec )
# Calulate right-hand sides vectors consisting of interpolator vectors.( 1362 sec )
# Solve phase of matrix solver for right-hand sides consisting of interpolator vectors.( 1364 sec )
# Solve phase is performed simultaneously for 282 right-hand sides( 1364 sec )
# Calculate derivatives of EM field.( 1373 sec )
#================================================================================================
# Start forward calculation. Frequency : 10 [Hz], Polarization : Ey-polarization
#================================================================================================
# Start 3D forward calculation with 0th order 3D edge-based element.( 1386 sec )
# Number of equation = 475883, Number of equation after degeneration = 473549
# Calculating EM field of the boundary planes with 2D forward analysis.        
#-----------------------------[ Boundary Plane 0 ]-----------------------------
# Calculate electric field on a boundary plane with 0th order edge-based element.
# Number of equation = 520, Number of equation after degeneration = 476
# Set values of matrix and right hand side vector. ( 1386 sec )
# Numerical factorization phase of matrix solver for boundary plane. Polarization : 1 Plane : 0. ( 1386 sec )
# Solve phase of matrix solver for boundary plane. Polarization : 1 Plane : 0. ( 1386 sec )
#-----------------------------[ Boundary Plane 1 ]-----------------------------
# Calculate electric field on a boundary plane with 0th order edge-based element.
# Number of equation = 520, Number of equation after degeneration = 476
# Set values of matrix and right hand side vector. ( 1386 sec )
# Numerical factorization phase of matrix solver for boundary plane. Polarization : 1 Plane : 1. ( 1386 sec )
# Solve phase of matrix solver for boundary plane. Polarization : 1 Plane : 1. ( 1386 sec )
#------------------------------------------------------------------------------
# Set values of matrix and right hand side vector. ( 1386 sec )
# Numerical factorization phase of matrix solver for 3D forward calculation. Polarization : 1.( 1388 sec )
# Solve phase of matrix solver for 3D forward calculation. Polarization : 1.( 1408 sec )
# Calulate right-hand sides vectors consisting of interpolator vectors.( 1408 sec )
# Solve phase of matrix solver for right-hand sides consisting of interpolator vectors.( 1409 sec )
# Solve phase is performed simultaneously for 282 right-hand sides( 1409 sec )
# Calculate derivatives of EM field.( 1419 sec )
#==============================================================================
# Calculate response functions. ( 1432 sec )
# Calculate sensitivity matrix of frequency 10[Hz].( 1432 sec )
# Sensitivity matrix of frequency 10[Hz] is saved in the out-of-core file sensMatFreq12.
#==============================================================================
#================================================================================================
# Start forward calculation. Frequency : 15.848 [Hz], Polarization : Ex-polarization
#================================================================================================
# Start 3D forward calculation with 0th order 3D edge-based element.( 1432 sec )
# Number of equation = 475883, Number of equation after degeneration = 473549
# Calculating EM field of the boundary planes with 2D forward analysis.        
#-----------------------------[ Boundary Plane 2 ]-----------------------------
# Calculate electric field on a boundary plane with 0th order edge-based element.
# Number of equation = 514, Number of equation after degeneration = 470
# Set values of matrix and right hand side vector. ( 1432 sec )
# Numerical factorization phase of matrix solver for boundary plane. Polarization : 0 Plane : 2. ( 1432 sec )
# Solve phase of matrix solver for boundary plane. Polarization : 0 Plane : 2. ( 1432 sec )
#-----------------------------[ Boundary Plane 3 ]-----------------------------
# Calculate electric field on a boundary plane with 0th order edge-based element.
# Number of equation = 514, Number of equation after degeneration = 470
# Set values of matrix and right hand side vector. ( 1432 sec )
# Numerical factorization phase of matrix solver for boundary plane. Polarization : 0 Plane : 3. ( 1432 sec )
# Solve phase of matrix solver for boundary plane. Polarization : 0 Plane : 3. ( 1432 sec )
#------------------------------------------------------------------------------
# Set values of matrix and right hand side vector. ( 1432 sec )
# Numerical factorization phase of matrix solver for 3D forward calculation. Polarization : 0.( 1434 sec )
# Solve phase of matrix solver for 3D forward calculation. Polarization : 0.( 1454 sec )
# Calulate right-hand sides vectors consisting of interpolator vectors.( 1455 sec )
# Solve phase of matrix solver for right-hand sides consisting of interpolator vectors.( 1456 sec )
# Solve phase is performed simultaneously for 282 right-hand sides( 1456 sec )
# Calculate derivatives of EM field.( 1465 sec )
#================================================================================================
# Start forward calculation. Frequency : 15.848 [Hz], Polarization : Ey-polarization
#================================================================================================
# Start 3D forward calculation with 0th order 3D edge-based element.( 1477 sec )
# Number of equation = 475883, Number of equation after degeneration = 473549
# Calculating EM field of the boundary planes with 2D forward analysis.        
#-----------------------------[ Boundary Plane 0 ]-----------------------------
# Calculate electric field on a boundary plane with 0th order edge-based element.
# Number of equation = 520, Number of equation after degeneration = 476
# Set values of matrix and right hand side vector. ( 1477 sec )
# Numerical factorization phase of matrix solver for boundary plane. Polarization : 1 Plane : 0. ( 1477 sec )
# Solve phase of matrix solver for boundary plane. Polarization : 1 Plane : 0. ( 1477 sec )
#-----------------------------[ Boundary Plane 1 ]-----------------------------
# Calculate electric field on a boundary plane with 0th order edge-based element.
# Number of equation = 520, Number of equation after degeneration = 476
# Set values of matrix and right hand side vector. ( 1477 sec )
# Numerical factorization phase of matrix solver for boundary plane. Polarization : 1 Plane : 1. ( 1477 sec )
# Solve phase of matrix solver for boundary plane. Polarization : 1 Plane : 1. ( 1477 sec )
#------------------------------------------------------------------------------
# Set values of matrix and right hand side vector. ( 1477 sec )
# Numerical factorization phase of matrix solver for 3D forward calculation. Polarization : 1.( 1480 sec )
# Solve phase of matrix solver for 3D forward calculation. Polarization : 1.( 1500 sec )
# Calulate right-hand sides vectors consisting of interpolator vectors.( 1500 sec )
# Solve phase of matrix solver for right-hand sides consisting of interpolator vectors.( 1501 sec )
# Solve phase is performed simultaneously for 282 right-hand sides( 1501 sec )
# Calculate derivatives of EM field.( 1510 sec )
#==============================================================================
# Calculate response functions. ( 1523 sec )
# Calculate sensitivity matrix of frequency 15.848[Hz].( 1523 sec )
# Sensitivity matrix of frequency 15.848[Hz] is saved in the out-of-core file sensMatFreq13.
#==============================================================================
#================================================================================================
# Start forward calculation. Frequency : 25.118 [Hz], Polarization : Ex-polarization
#================================================================================================
# Start 3D forward calculation with 0th order 3D edge-based element.( 1524 sec )
# Number of equation = 475883, Number of equation after degeneration = 473549
# Calculating EM field of the boundary planes with 2D forward analysis.        
#-----------------------------[ Boundary Plane 2 ]-----------------------------
# Calculate electric field on a boundary plane with 0th order edge-based element.
# Number of equation = 514, Number of equation after degeneration = 470
# Set values of matrix and right hand side vector. ( 1524 sec )
# Numerical factorization phase of matrix solver for boundary plane. Polarization : 0 Plane : 2. ( 1524 sec )
# Solve phase of matrix solver for boundary plane. Polarization : 0 Plane : 2. ( 1524 sec )
#-----------------------------[ Boundary Plane 3 ]-----------------------------
# Calculate electric field on a boundary plane with 0th order edge-based element.
# Number of equation = 514, Number of equation after degeneration = 470
# Set values of matrix and right hand side vector. ( 1524 sec )
# Numerical factorization phase of matrix solver for boundary plane. Polarization : 0 Plane : 3. ( 1524 sec )
# Solve phase of matrix solver for boundary plane. Polarization : 0 Plane : 3. ( 1524 sec )
#------------------------------------------------------------------------------
# Set values of matrix and right hand side vector. ( 1524 sec )
# Numerical factorization phase of matrix solver for 3D forward calculation. Polarization : 0.( 1526 sec )
# Solve phase of matrix solver for 3D forward calculation. Polarization : 0.( 1546 sec )
# Calulate right-hand sides vectors consisting of interpolator vectors.( 1546 sec )
# Solve phase of matrix solver for right-hand sides consisting of interpolator vectors.( 1547 sec )
# Solve phase is performed simultaneously for 303 right-hand sides( 1547 sec )
# Calculate derivatives of EM field.( 1558 sec )
#================================================================================================
# Start forward calculation. Frequency : 25.118 [Hz], Polarization : Ey-polarization
#================================================================================================
# Start 3D forward calculation with 0th order 3D edge-based element.( 1571 sec )
# Number of equation = 475883, Number of equation after degeneration = 473549
# Calculating EM field of the boundary planes with 2D forward analysis.        
#-----------------------------[ Boundary Plane 0 ]-----------------------------
# Calculate electric field on a boundary plane with 0th order edge-based element.
# Number of equation = 520, Number of equation after degeneration = 476
# Set values of matrix and right hand side vector. ( 1571 sec )
# Numerical factorization phase of matrix solver for boundary plane. Polarization : 1 Plane : 0. ( 1571 sec )
# Solve phase of matrix solver for boundary plane. Polarization : 1 Plane : 0. ( 1571 sec )
#-----------------------------[ Boundary Plane 1 ]-----------------------------
# Calculate electric field on a boundary plane with 0th order edge-based element.
# Number of equation = 520, Number of equation after degeneration = 476
# Set values of matrix and right hand side vector. ( 1571 sec )
# Numerical factorization phase of matrix solver for boundary plane. Polarization : 1 Plane : 1. ( 1571 sec )
# Solve phase of matrix solver for boundary plane. Polarization : 1 Plane : 1. ( 1571 sec )
#------------------------------------------------------------------------------
# Set values of matrix and right hand side vector. ( 1571 sec )
# Numerical factorization phase of matrix solver for 3D forward calculation. Polarization : 1.( 1573 sec )
# Solve phase of matrix solver for 3D forward calculation. Polarization : 1.( 1593 sec )
# Calulate right-hand sides vectors consisting of interpolator vectors.( 1593 sec )
# Solve phase of matrix solver for right-hand sides consisting of interpolator vectors.( 1595 sec )
# Solve phase is performed simultaneously for 303 right-hand sides( 1595 sec )
# Calculate derivatives of EM field.( 1605 sec )
#==============================================================================
# Calculate response functions. ( 1618 sec )
# Calculate sensitivity matrix of frequency 25.118[Hz].( 1618 sec )
# Sensitivity matrix of frequency 25.118[Hz] is saved in the out-of-core file sensMatFreq14.
#==============================================================================
#================================================================================================
# Start forward calculation. Frequency : 39.81 [Hz], Polarization : Ex-polarization
#================================================================================================
# Start 3D forward calculation with 0th order 3D edge-based element.( 1618 sec )
# Number of equation = 475883, Number of equation after degeneration = 473549
# Calculating EM field of the boundary planes with 2D forward analysis.        
#-----------------------------[ Boundary Plane 2 ]-----------------------------
# Calculate electric field on a boundary plane with 0th order edge-based element.
# Number of equation = 514, Number of equation after degeneration = 470
# Set values of matrix and right hand side vector. ( 1618 sec )
# Numerical factorization phase of matrix solver for boundary plane. Polarization : 0 Plane : 2. ( 1618 sec )
# Solve phase of matrix solver for boundary plane. Polarization : 0 Plane : 2. ( 1618 sec )
#-----------------------------[ Boundary Plane 3 ]-----------------------------
# Calculate electric field on a boundary plane with 0th order edge-based element.
# Number of equation = 514, Number of equation after degeneration = 470
# Set values of matrix and right hand side vector. ( 1618 sec )
# Numerical factorization phase of matrix solver for boundary plane. Polarization : 0 Plane : 3. ( 1618 sec )
# Solve phase of matrix solver for boundary plane. Polarization : 0 Plane : 3. ( 1618 sec )
#------------------------------------------------------------------------------
# Set values of matrix and right hand side vector. ( 1618 sec )
# Numerical factorization phase of matrix solver for 3D forward calculation. Polarization : 0.( 1621 sec )
# Solve phase of matrix solver for 3D forward calculation. Polarization : 0.( 1641 sec )
# Calulate right-hand sides vectors consisting of interpolator vectors.( 1641 sec )
# Solve phase of matrix solver for right-hand sides consisting of interpolator vectors.( 1642 sec )
# Solve phase is performed simultaneously for 293 right-hand sides( 1642 sec )
# Calculate derivatives of EM field.( 1652 sec )
#================================================================================================
# Start forward calculation. Frequency : 39.81 [Hz], Polarization : Ey-polarization
#================================================================================================
# Start 3D forward calculation with 0th order 3D edge-based element.( 1664 sec )
# Number of equation = 475883, Number of equation after degeneration = 473549
# Calculating EM field of the boundary planes with 2D forward analysis.        
#-----------------------------[ Boundary Plane 0 ]-----------------------------
# Calculate electric field on a boundary plane with 0th order edge-based element.
# Number of equation = 520, Number of equation after degeneration = 476
# Set values of matrix and right hand side vector. ( 1664 sec )
# Numerical factorization phase of matrix solver for boundary plane. Polarization : 1 Plane : 0. ( 1664 sec )
# Solve phase of matrix solver for boundary plane. Polarization : 1 Plane : 0. ( 1664 sec )
#-----------------------------[ Boundary Plane 1 ]-----------------------------
# Calculate electric field on a boundary plane with 0th order edge-based element.
# Number of equation = 520, Number of equation after degeneration = 476
# Set values of matrix and right hand side vector. ( 1664 sec )
# Numerical factorization phase of matrix solver for boundary plane. Polarization : 1 Plane : 1. ( 1664 sec )
# Solve phase of matrix solver for boundary plane. Polarization : 1 Plane : 1. ( 1664 sec )
#------------------------------------------------------------------------------
# Set values of matrix and right hand side vector. ( 1664 sec )
# Numerical factorization phase of matrix solver for 3D forward calculation. Polarization : 1.( 1667 sec )
# Solve phase of matrix solver for 3D forward calculation. Polarization : 1.( 1687 sec )
# Calulate right-hand sides vectors consisting of interpolator vectors.( 1687 sec )
# Solve phase of matrix solver for right-hand sides consisting of interpolator vectors.( 1688 sec )
# Solve phase is performed simultaneously for 293 right-hand sides( 1688 sec )
# Calculate derivatives of EM field.( 1698 sec )
#==============================================================================
# Calculate response functions. ( 1710 sec )
# Calculate sensitivity matrix of frequency 39.81[Hz].( 1710 sec )
# Sensitivity matrix of frequency 39.81[Hz] is saved in the out-of-core file sensMatFreq15.
#==============================================================================
#================================================================================================
# Start forward calculation. Frequency : 63.095 [Hz], Polarization : Ex-polarization
#================================================================================================
# Start 3D forward calculation with 0th order 3D edge-based element.( 1711 sec )
# Number of equation = 475883, Number of equation after degeneration = 473549
# Calculating EM field of the boundary planes with 2D forward analysis.        
#-----------------------------[ Boundary Plane 2 ]-----------------------------
# Calculate electric field on a boundary plane with 0th order edge-based element.
# Number of equation = 514, Number of equation after degeneration = 470
# Set values of matrix and right hand side vector. ( 1711 sec )
# Numerical factorization phase of matrix solver for boundary plane. Polarization : 0 Plane : 2. ( 1711 sec )
# Solve phase of matrix solver for boundary plane. Polarization : 0 Plane : 2. ( 1711 sec )
#-----------------------------[ Boundary Plane 3 ]-----------------------------
# Calculate electric field on a boundary plane with 0th order edge-based element.
# Number of equation = 514, Number of equation after degeneration = 470
# Set values of matrix and right hand side vector. ( 1711 sec )
# Numerical factorization phase of matrix solver for boundary plane. Polarization : 0 Plane : 3. ( 1711 sec )
# Solve phase of matrix solver for boundary plane. Polarization : 0 Plane : 3. ( 1711 sec )
#------------------------------------------------------------------------------
# Set values of matrix and right hand side vector. ( 1711 sec )
# Numerical factorization phase of matrix solver for 3D forward calculation. Polarization : 0.( 1713 sec )
# Solve phase of matrix solver for 3D forward calculation. Polarization : 0.( 1733 sec )
# Calulate right-hand sides vectors consisting of interpolator vectors.( 1733 sec )
# Solve phase of matrix solver for right-hand sides consisting of interpolator vectors.( 1735 sec )
# Solve phase is performed simultaneously for 275 right-hand sides( 1735 sec )
# Calculate derivatives of EM field.( 1743 sec )
#================================================================================================
# Start forward calculation. Frequency : 63.095 [Hz], Polarization : Ey-polarization
#================================================================================================
# Start 3D forward calculation with 0th order 3D edge-based element.( 1757 sec )
# Number of equation = 475883, Number of equation after degeneration = 473549
# Calculating EM field of the boundary planes with 2D forward analysis.        
#-----------------------------[ Boundary Plane 0 ]-----------------------------
# Calculate electric field on a boundary plane with 0th order edge-based element.
# Number of equation = 520, Number of equation after degeneration = 476
# Set values of matrix and right hand side vector. ( 1757 sec )
# Numerical factorization phase of matrix solver for boundary plane. Polarization : 1 Plane : 0. ( 1757 sec )
# Solve phase of matrix solver for boundary plane. Polarization : 1 Plane : 0. ( 1757 sec )
#-----------------------------[ Boundary Plane 1 ]-----------------------------
# Calculate electric field on a boundary plane with 0th order edge-based element.
# Number of equation = 520, Number of equation after degeneration = 476
# Set values of matrix and right hand side vector. ( 1757 sec )
# Numerical factorization phase of matrix solver for boundary plane. Polarization : 1 Plane : 1. ( 1757 sec )
# Solve phase of matrix solver for boundary plane. Polarization : 1 Plane : 1. ( 1757 sec )
#------------------------------------------------------------------------------
# Set values of matrix and right hand side vector. ( 1757 sec )
# Numerical factorization phase of matrix solver for 3D forward calculation. Polarization : 1.( 1759 sec )
# Solve phase of matrix solver for 3D forward calculation. Polarization : 1.( 1779 sec )
# Calulate right-hand sides vectors consisting of interpolator vectors.( 1779 sec )
# Solve phase of matrix solver for right-hand sides consisting of interpolator vectors.( 1780 sec )
# Solve phase is performed simultaneously for 275 right-hand sides( 1780 sec )
# Calculate derivatives of EM field.( 1789 sec )
#==============================================================================
# Calculate response functions. ( 1802 sec )
# Calculate sensitivity matrix of frequency 63.095[Hz].( 1802 sec )
# Sensitivity matrix of frequency 63.095[Hz] is saved in the out-of-core file sensMatFreq16.
#==============================================================================
# Release memory of coefficient matrix and sparse solver. ( 1803 sec )
###############################################################################
# Start Inversion.  Iteration : 2
###############################################################################
# Number of model : 54779
# Number of frequencies of this PE : 6
# Calculate constraining matrix. ( 1805 sec )
# Analyse constraining matrix.( 1805 sec )
# Analyse transposed constraining matrix.( 1806 sec )
# Factorize constraining matrix.( 1806 sec )
# Factorize transposed constraining matrix.( 1806 sec )
# Number of data of this PE : 2980
# Read sensitivity matrix from sensMatFreq11.( 1806 sec )
# Multiply transposed sensitivity matrix by inverse of transposed constraining matrix. ( 1808 sec )
# Solve phase is performed simultaneously for 496 right-hand sides( 1808 sec )
# Read sensitivity matrix from sensMatFreq12.( 1809 sec )
# Multiply transposed sensitivity matrix by inverse of transposed constraining matrix. ( 1811 sec )
# Solve phase is performed simultaneously for 488 right-hand sides( 1811 sec )
# Read sensitivity matrix from sensMatFreq13.( 1811 sec )
# Multiply transposed sensitivity matrix by inverse of transposed constraining matrix. ( 1814 sec )
# Solve phase is performed simultaneously for 488 right-hand sides( 1814 sec )
# Read sensitivity matrix from sensMatFreq14.( 1815 sec )
# Multiply transposed sensitivity matrix by inverse of transposed constraining matrix. ( 1817 sec )
# Solve phase is performed simultaneously for 524 right-hand sides( 1817 sec )
# Read sensitivity matrix from sensMatFreq15.( 1818 sec )
# Multiply transposed sensitivity matrix by inverse of transposed constraining matrix. ( 1820 sec )
# Solve phase is performed simultaneously for 508 right-hand sides( 1820 sec )
# Read sensitivity matrix from sensMatFreq16.( 1821 sec )
# Multiply transposed sensitivity matrix by inverse of transposed constraining matrix. ( 1822 sec )
# Solve phase is performed simultaneously for 476 right-hand sides( 1822 sec )
# Calculate right-hand side vector. ( 1823 sec )
# Read sensitivity matrix from sensMatFreq11.( 1823 sec )
# Read sensitivity matrix from sensMatFreq12.( 1823 sec )
# Read sensitivity matrix from sensMatFreq13.( 1823 sec )
# Read sensitivity matrix from sensMatFreq14.( 1823 sec )
# Read sensitivity matrix from sensMatFreq15.( 1823 sec )
# Read sensitivity matrix from sensMatFreq16.( 1823 sec )
# Read sensitivity matrix from sensMatFreq11.( 1872 sec )
# Read sensitivity matrix from sensMatFreq12.( 1873 sec )
# Read sensitivity matrix from sensMatFreq13.( 1873 sec )
# Read sensitivity matrix from sensMatFreq14.( 1873 sec )
# Read sensitivity matrix from sensMatFreq15.( 1873 sec )
# Read sensitivity matrix from sensMatFreq16.( 1873 sec )
# Calculate model increments. ( 1873 sec )
###############################################################################
# Start Forward Computation.  Iteration : 3,  Retrial : 0
###############################################################################
#================================================================================================
# Start forward calculation. Frequency : 6.3095 [Hz], Polarization : Ex-polarization
#================================================================================================
# Start 3D forward calculation with 0th order 3D edge-based element.( 1874 sec )
# Number of equation = 475883, Number of equation after degeneration = 473549
# Calculating EM field of the boundary planes with 2D forward analysis.        
#-----------------------------[ Boundary Plane 2 ]-----------------------------
# Calculate electric field on a boundary plane with 0th order edge-based element.
# Number of equation = 514, Number of equation after degeneration = 470
# Set values of matrix and right hand side vector. ( 1874 sec )
# Numerical factorization phase of matrix solver for boundary plane. Polarization : 0 Plane : 2. ( 1874 sec )
# Solve phase of matrix solver for boundary plane. Polarization : 0 Plane : 2. ( 1874 sec )
#-----------------------------[ Boundary Plane 3 ]-----------------------------
# Calculate electric field on a boundary plane with 0th order edge-based element.
# Number of equation = 514, Number of equation after degeneration = 470
# Set values of matrix and right hand side vector. ( 1874 sec )
# Numerical factorization phase of matrix solver for boundary plane. Polarization : 0 Plane : 3. ( 1874 sec )
# Solve phase of matrix solver for boundary plane. Polarization : 0 Plane : 3. ( 1874 sec )
#------------------------------------------------------------------------------
# Set matrix structure. ( 1874 sec )
# Anaysis phase of matrix solver for 3D forward calculation. Polarization : 0. ( 1878 sec )
#++++++++++++++++++++++++++++++++++++++++++++++++++++++++++++++++++++++++++++++++++++++++++++++++
# Total peak memory required during the analysis and symbolic factorization phase    : 575325 [KByte]
# Permanent memory required from the analysis phase to the solve phases              : 481094 [KByte]
# Total memory consumed by in-core forward solver for internal float point arrays    : 4.08714e+06 [KByte]
# Minimum memory consumed by out-core forward solver for internal float point arrays : 69523 [KByte]
#++++++++++++++++++++++++++++++++++++++++++++++++++++++++++++++++++++++++++++++++++++++++++++++++
# Set values of matrix and right hand side vector. ( 1881 sec )
# Numerical factorization phase of matrix solver for 3D forward calculation. Polarization : 0.( 1883 sec )
# Solve phase of matrix solver for 3D forward calculation. Polarization : 0.( 1903 sec )
# Calulate right-hand sides vectors consisting of interpolator vectors.( 1903 sec )
# Solve phase of matrix solver for right-hand sides consisting of interpolator vectors.( 1905 sec )
# Solve phase is performed simultaneously for 286 right-hand sides( 1905 sec )
# Calculate derivatives of EM field.( 1914 sec )
#================================================================================================
# Start forward calculation. Frequency : 6.3095 [Hz], Polarization : Ey-polarization
#================================================================================================
# Start 3D forward calculation with 0th order 3D edge-based element.( 1927 sec )
# Number of equation = 475883, Number of equation after degeneration = 473549
# Calculating EM field of the boundary planes with 2D forward analysis.        
#-----------------------------[ Boundary Plane 0 ]-----------------------------
# Calculate electric field on a boundary plane with 0th order edge-based element.
# Number of equation = 520, Number of equation after degeneration = 476
# Set values of matrix and right hand side vector. ( 1927 sec )
# Numerical factorization phase of matrix solver for boundary plane. Polarization : 1 Plane : 0. ( 1927 sec )
# Solve phase of matrix solver for boundary plane. Polarization : 1 Plane : 0. ( 1927 sec )
#-----------------------------[ Boundary Plane 1 ]-----------------------------
# Calculate electric field on a boundary plane with 0th order edge-based element.
# Number of equation = 520, Number of equation after degeneration = 476
# Set values of matrix and right hand side vector. ( 1927 sec )
# Numerical factorization phase of matrix solver for boundary plane. Polarization : 1 Plane : 1. ( 1927 sec )
# Solve phase of matrix solver for boundary plane. Polarization : 1 Plane : 1. ( 1927 sec )
#------------------------------------------------------------------------------
# Set values of matrix and right hand side vector. ( 1927 sec )
# Numerical factorization phase of matrix solver for 3D forward calculation. Polarization : 1.( 1930 sec )
# Solve phase of matrix solver for 3D forward calculation. Polarization : 1.( 1950 sec )
# Calulate right-hand sides vectors consisting of interpolator vectors.( 1950 sec )
# Solve phase of matrix solver for right-hand sides consisting of interpolator vectors.( 1951 sec )
# Solve phase is performed simultaneously for 286 right-hand sides( 1951 sec )
# Calculate derivatives of EM field.( 1961 sec )
#==============================================================================
# Calculate response functions. ( 1974 sec )
# Calculate sensitivity matrix of frequency 6.3095[Hz].( 1974 sec )
# Sensitivity matrix of frequency 6.3095[Hz] is saved in the out-of-core file sensMatFreq11.
#==============================================================================
#================================================================================================
# Start forward calculation. Frequency : 10 [Hz], Polarization : Ex-polarization
#================================================================================================
# Start 3D forward calculation with 0th order 3D edge-based element.( 1975 sec )
# Number of equation = 475883, Number of equation after degeneration = 473549
# Calculating EM field of the boundary planes with 2D forward analysis.        
#-----------------------------[ Boundary Plane 2 ]-----------------------------
# Calculate electric field on a boundary plane with 0th order edge-based element.
# Number of equation = 514, Number of equation after degeneration = 470
# Set values of matrix and right hand side vector. ( 1975 sec )
# Numerical factorization phase of matrix solver for boundary plane. Polarization : 0 Plane : 2. ( 1975 sec )
# Solve phase of matrix solver for boundary plane. Polarization : 0 Plane : 2. ( 1975 sec )
#-----------------------------[ Boundary Plane 3 ]-----------------------------
# Calculate electric field on a boundary plane with 0th order edge-based element.
# Number of equation = 514, Number of equation after degeneration = 470
# Set values of matrix and right hand side vector. ( 1975 sec )
# Numerical factorization phase of matrix solver for boundary plane. Polarization : 0 Plane : 3. ( 1975 sec )
# Solve phase of matrix solver for boundary plane. Polarization : 0 Plane : 3. ( 1975 sec )
#------------------------------------------------------------------------------
# Set values of matrix and right hand side vector. ( 1975 sec )
# Numerical factorization phase of matrix solver for 3D forward calculation. Polarization : 0.( 1977 sec )
# Solve phase of matrix solver for 3D forward calculation. Polarization : 0.( 1997 sec )
# Calulate right-hand sides vectors consisting of interpolator vectors.( 1997 sec )
# Solve phase of matrix solver for right-hand sides consisting of interpolator vectors.( 1998 sec )
# Solve phase is performed simultaneously for 282 right-hand sides( 1998 sec )
# Calculate derivatives of EM field.( 2008 sec )
#================================================================================================
# Start forward calculation. Frequency : 10 [Hz], Polarization : Ey-polarization
#================================================================================================
# Start 3D forward calculation with 0th order 3D edge-based element.( 2020 sec )
# Number of equation = 475883, Number of equation after degeneration = 473549
# Calculating EM field of the boundary planes with 2D forward analysis.        
#-----------------------------[ Boundary Plane 0 ]-----------------------------
# Calculate electric field on a boundary plane with 0th order edge-based element.
# Number of equation = 520, Number of equation after degeneration = 476
# Set values of matrix and right hand side vector. ( 2020 sec )
# Numerical factorization phase of matrix solver for boundary plane. Polarization : 1 Plane : 0. ( 2020 sec )
# Solve phase of matrix solver for boundary plane. Polarization : 1 Plane : 0. ( 2020 sec )
#-----------------------------[ Boundary Plane 1 ]-----------------------------
# Calculate electric field on a boundary plane with 0th order edge-based element.
# Number of equation = 520, Number of equation after degeneration = 476
# Set values of matrix and right hand side vector. ( 2020 sec )
# Numerical factorization phase of matrix solver for boundary plane. Polarization : 1 Plane : 1. ( 2020 sec )
# Solve phase of matrix solver for boundary plane. Polarization : 1 Plane : 1. ( 2020 sec )
#------------------------------------------------------------------------------
# Set values of matrix and right hand side vector. ( 2020 sec )
# Numerical factorization phase of matrix solver for 3D forward calculation. Polarization : 1.( 2023 sec )
# Solve phase of matrix solver for 3D forward calculation. Polarization : 1.( 2042 sec )
# Calulate right-hand sides vectors consisting of interpolator vectors.( 2043 sec )
# Solve phase of matrix solver for right-hand sides consisting of interpolator vectors.( 2044 sec )
# Solve phase is performed simultaneously for 282 right-hand sides( 2044 sec )
# Calculate derivatives of EM field.( 2053 sec )
#==============================================================================
# Calculate response functions. ( 2066 sec )
# Calculate sensitivity matrix of frequency 10[Hz].( 2066 sec )
# Sensitivity matrix of frequency 10[Hz] is saved in the out-of-core file sensMatFreq12.
#==============================================================================
#================================================================================================
# Start forward calculation. Frequency : 15.848 [Hz], Polarization : Ex-polarization
#================================================================================================
# Start 3D forward calculation with 0th order 3D edge-based element.( 2066 sec )
# Number of equation = 475883, Number of equation after degeneration = 473549
# Calculating EM field of the boundary planes with 2D forward analysis.        
#-----------------------------[ Boundary Plane 2 ]-----------------------------
# Calculate electric field on a boundary plane with 0th order edge-based element.
# Number of equation = 514, Number of equation after degeneration = 470
# Set values of matrix and right hand side vector. ( 2066 sec )
# Numerical factorization phase of matrix solver for boundary plane. Polarization : 0 Plane : 2. ( 2066 sec )
# Solve phase of matrix solver for boundary plane. Polarization : 0 Plane : 2. ( 2066 sec )
#-----------------------------[ Boundary Plane 3 ]-----------------------------
# Calculate electric field on a boundary plane with 0th order edge-based element.
# Number of equation = 514, Number of equation after degeneration = 470
# Set values of matrix and right hand side vector. ( 2066 sec )
# Numerical factorization phase of matrix solver for boundary plane. Polarization : 0 Plane : 3. ( 2066 sec )
# Solve phase of matrix solver for boundary plane. Polarization : 0 Plane : 3. ( 2066 sec )
#------------------------------------------------------------------------------
# Set values of matrix and right hand side vector. ( 2066 sec )
# Numerical factorization phase of matrix solver for 3D forward calculation. Polarization : 0.( 2069 sec )
# Solve phase of matrix solver for 3D forward calculation. Polarization : 0.( 2089 sec )
# Calulate right-hand sides vectors consisting of interpolator vectors.( 2089 sec )
# Solve phase of matrix solver for right-hand sides consisting of interpolator vectors.( 2090 sec )
# Solve phase is performed simultaneously for 282 right-hand sides( 2090 sec )
# Calculate derivatives of EM field.( 2099 sec )
#================================================================================================
# Start forward calculation. Frequency : 15.848 [Hz], Polarization : Ey-polarization
#================================================================================================
# Start 3D forward calculation with 0th order 3D edge-based element.( 2111 sec )
# Number of equation = 475883, Number of equation after degeneration = 473549
# Calculating EM field of the boundary planes with 2D forward analysis.        
#-----------------------------[ Boundary Plane 0 ]-----------------------------
# Calculate electric field on a boundary plane with 0th order edge-based element.
# Number of equation = 520, Number of equation after degeneration = 476
# Set values of matrix and right hand side vector. ( 2111 sec )
# Numerical factorization phase of matrix solver for boundary plane. Polarization : 1 Plane : 0. ( 2111 sec )
# Solve phase of matrix solver for boundary plane. Polarization : 1 Plane : 0. ( 2111 sec )
#-----------------------------[ Boundary Plane 1 ]-----------------------------
# Calculate electric field on a boundary plane with 0th order edge-based element.
# Number of equation = 520, Number of equation after degeneration = 476
# Set values of matrix and right hand side vector. ( 2111 sec )
# Numerical factorization phase of matrix solver for boundary plane. Polarization : 1 Plane : 1. ( 2111 sec )
# Solve phase of matrix solver for boundary plane. Polarization : 1 Plane : 1. ( 2111 sec )
#------------------------------------------------------------------------------
# Set values of matrix and right hand side vector. ( 2111 sec )
# Numerical factorization phase of matrix solver for 3D forward calculation. Polarization : 1.( 2113 sec )
# Solve phase of matrix solver for 3D forward calculation. Polarization : 1.( 2133 sec )
# Calulate right-hand sides vectors consisting of interpolator vectors.( 2133 sec )
# Solve phase of matrix solver for right-hand sides consisting of interpolator vectors.( 2134 sec )
# Solve phase is performed simultaneously for 282 right-hand sides( 2134 sec )
# Calculate derivatives of EM field.( 2144 sec )
#==============================================================================
# Calculate response functions. ( 2155 sec )
# Calculate sensitivity matrix of frequency 15.848[Hz].( 2155 sec )
# Sensitivity matrix of frequency 15.848[Hz] is saved in the out-of-core file sensMatFreq13.
#==============================================================================
#================================================================================================
# Start forward calculation. Frequency : 25.118 [Hz], Polarization : Ex-polarization
#================================================================================================
# Start 3D forward calculation with 0th order 3D edge-based element.( 2156 sec )
# Number of equation = 475883, Number of equation after degeneration = 473549
# Calculating EM field of the boundary planes with 2D forward analysis.        
#-----------------------------[ Boundary Plane 2 ]-----------------------------
# Calculate electric field on a boundary plane with 0th order edge-based element.
# Number of equation = 514, Number of equation after degeneration = 470
# Set values of matrix and right hand side vector. ( 2156 sec )
# Numerical factorization phase of matrix solver for boundary plane. Polarization : 0 Plane : 2. ( 2156 sec )
# Solve phase of matrix solver for boundary plane. Polarization : 0 Plane : 2. ( 2156 sec )
#-----------------------------[ Boundary Plane 3 ]-----------------------------
# Calculate electric field on a boundary plane with 0th order edge-based element.
# Number of equation = 514, Number of equation after degeneration = 470
# Set values of matrix and right hand side vector. ( 2156 sec )
# Numerical factorization phase of matrix solver for boundary plane. Polarization : 0 Plane : 3. ( 2156 sec )
# Solve phase of matrix solver for boundary plane. Polarization : 0 Plane : 3. ( 2156 sec )
#------------------------------------------------------------------------------
# Set values of matrix and right hand side vector. ( 2156 sec )
# Numerical factorization phase of matrix solver for 3D forward calculation. Polarization : 0.( 2158 sec )
# Solve phase of matrix solver for 3D forward calculation. Polarization : 0.( 2178 sec )
# Calulate right-hand sides vectors consisting of interpolator vectors.( 2179 sec )
# Solve phase of matrix solver for right-hand sides consisting of interpolator vectors.( 2180 sec )
# Solve phase is performed simultaneously for 303 right-hand sides( 2180 sec )
# Calculate derivatives of EM field.( 2190 sec )
#================================================================================================
# Start forward calculation. Frequency : 25.118 [Hz], Polarization : Ey-polarization
#================================================================================================
# Start 3D forward calculation with 0th order 3D edge-based element.( 2203 sec )
# Number of equation = 475883, Number of equation after degeneration = 473549
# Calculating EM field of the boundary planes with 2D forward analysis.        
#-----------------------------[ Boundary Plane 0 ]-----------------------------
# Calculate electric field on a boundary plane with 0th order edge-based element.
# Number of equation = 520, Number of equation after degeneration = 476
# Set values of matrix and right hand side vector. ( 2203 sec )
# Numerical factorization phase of matrix solver for boundary plane. Polarization : 1 Plane : 0. ( 2203 sec )
# Solve phase of matrix solver for boundary plane. Polarization : 1 Plane : 0. ( 2203 sec )
#-----------------------------[ Boundary Plane 1 ]-----------------------------
# Calculate electric field on a boundary plane with 0th order edge-based element.
# Number of equation = 520, Number of equation after degeneration = 476
# Set values of matrix and right hand side vector. ( 2203 sec )
# Numerical factorization phase of matrix solver for boundary plane. Polarization : 1 Plane : 1. ( 2203 sec )
# Solve phase of matrix solver for boundary plane. Polarization : 1 Plane : 1. ( 2203 sec )
#------------------------------------------------------------------------------
# Set values of matrix and right hand side vector. ( 2203 sec )
# Numerical factorization phase of matrix solver for 3D forward calculation. Polarization : 1.( 2205 sec )
# Solve phase of matrix solver for 3D forward calculation. Polarization : 1.( 2225 sec )
# Calulate right-hand sides vectors consisting of interpolator vectors.( 2225 sec )
# Solve phase of matrix solver for right-hand sides consisting of interpolator vectors.( 2226 sec )
# Solve phase is performed simultaneously for 303 right-hand sides( 2226 sec )
# Calculate derivatives of EM field.( 2236 sec )
#==============================================================================
# Calculate response functions. ( 2249 sec )
# Calculate sensitivity matrix of frequency 25.118[Hz].( 2249 sec )
# Sensitivity matrix of frequency 25.118[Hz] is saved in the out-of-core file sensMatFreq14.
#==============================================================================
#================================================================================================
# Start forward calculation. Frequency : 39.81 [Hz], Polarization : Ex-polarization
#================================================================================================
# Start 3D forward calculation with 0th order 3D edge-based element.( 2250 sec )
# Number of equation = 475883, Number of equation after degeneration = 473549
# Calculating EM field of the boundary planes with 2D forward analysis.        
#-----------------------------[ Boundary Plane 2 ]-----------------------------
# Calculate electric field on a boundary plane with 0th order edge-based element.
# Number of equation = 514, Number of equation after degeneration = 470
# Set values of matrix and right hand side vector. ( 2250 sec )
# Numerical factorization phase of matrix solver for boundary plane. Polarization : 0 Plane : 2. ( 2250 sec )
# Solve phase of matrix solver for boundary plane. Polarization : 0 Plane : 2. ( 2250 sec )
#-----------------------------[ Boundary Plane 3 ]-----------------------------
# Calculate electric field on a boundary plane with 0th order edge-based element.
# Number of equation = 514, Number of equation after degeneration = 470
# Set values of matrix and right hand side vector. ( 2250 sec )
# Numerical factorization phase of matrix solver for boundary plane. Polarization : 0 Plane : 3. ( 2250 sec )
# Solve phase of matrix solver for boundary plane. Polarization : 0 Plane : 3. ( 2250 sec )
#------------------------------------------------------------------------------
# Set values of matrix and right hand side vector. ( 2250 sec )
# Numerical factorization phase of matrix solver for 3D forward calculation. Polarization : 0.( 2252 sec )
# Solve phase of matrix solver for 3D forward calculation. Polarization : 0.( 2272 sec )
# Calulate right-hand sides vectors consisting of interpolator vectors.( 2272 sec )
# Solve phase of matrix solver for right-hand sides consisting of interpolator vectors.( 2274 sec )
# Solve phase is performed simultaneously for 293 right-hand sides( 2274 sec )
# Calculate derivatives of EM field.( 2283 sec )
#================================================================================================
# Start forward calculation. Frequency : 39.81 [Hz], Polarization : Ey-polarization
#================================================================================================
# Start 3D forward calculation with 0th order 3D edge-based element.( 2295 sec )
# Number of equation = 475883, Number of equation after degeneration = 473549
# Calculating EM field of the boundary planes with 2D forward analysis.        
#-----------------------------[ Boundary Plane 0 ]-----------------------------
# Calculate electric field on a boundary plane with 0th order edge-based element.
# Number of equation = 520, Number of equation after degeneration = 476
# Set values of matrix and right hand side vector. ( 2295 sec )
# Numerical factorization phase of matrix solver for boundary plane. Polarization : 1 Plane : 0. ( 2295 sec )
# Solve phase of matrix solver for boundary plane. Polarization : 1 Plane : 0. ( 2295 sec )
#-----------------------------[ Boundary Plane 1 ]-----------------------------
# Calculate electric field on a boundary plane with 0th order edge-based element.
# Number of equation = 520, Number of equation after degeneration = 476
# Set values of matrix and right hand side vector. ( 2295 sec )
# Numerical factorization phase of matrix solver for boundary plane. Polarization : 1 Plane : 1. ( 2295 sec )
# Solve phase of matrix solver for boundary plane. Polarization : 1 Plane : 1. ( 2295 sec )
#------------------------------------------------------------------------------
# Set values of matrix and right hand side vector. ( 2295 sec )
# Numerical factorization phase of matrix solver for 3D forward calculation. Polarization : 1.( 2297 sec )
# Solve phase of matrix solver for 3D forward calculation. Polarization : 1.( 2317 sec )
# Calulate right-hand sides vectors consisting of interpolator vectors.( 2317 sec )
# Solve phase of matrix solver for right-hand sides consisting of interpolator vectors.( 2318 sec )
# Solve phase is performed simultaneously for 293 right-hand sides( 2318 sec )
# Calculate derivatives of EM field.( 2328 sec )
#==============================================================================
# Calculate response functions. ( 2339 sec )
# Calculate sensitivity matrix of frequency 39.81[Hz].( 2339 sec )
# Sensitivity matrix of frequency 39.81[Hz] is saved in the out-of-core file sensMatFreq15.
#==============================================================================
#================================================================================================
# Start forward calculation. Frequency : 63.095 [Hz], Polarization : Ex-polarization
#================================================================================================
# Start 3D forward calculation with 0th order 3D edge-based element.( 2340 sec )
# Number of equation = 475883, Number of equation after degeneration = 473549
# Calculating EM field of the boundary planes with 2D forward analysis.        
#-----------------------------[ Boundary Plane 2 ]-----------------------------
# Calculate electric field on a boundary plane with 0th order edge-based element.
# Number of equation = 514, Number of equation after degeneration = 470
# Set values of matrix and right hand side vector. ( 2340 sec )
# Numerical factorization phase of matrix solver for boundary plane. Polarization : 0 Plane : 2. ( 2340 sec )
# Solve phase of matrix solver for boundary plane. Polarization : 0 Plane : 2. ( 2340 sec )
#-----------------------------[ Boundary Plane 3 ]-----------------------------
# Calculate electric field on a boundary plane with 0th order edge-based element.
# Number of equation = 514, Number of equation after degeneration = 470
# Set values of matrix and right hand side vector. ( 2340 sec )
# Numerical factorization phase of matrix solver for boundary plane. Polarization : 0 Plane : 3. ( 2340 sec )
# Solve phase of matrix solver for boundary plane. Polarization : 0 Plane : 3. ( 2340 sec )
#------------------------------------------------------------------------------
# Set values of matrix and right hand side vector. ( 2340 sec )
# Numerical factorization phase of matrix solver for 3D forward calculation. Polarization : 0.( 2342 sec )
# Solve phase of matrix solver for 3D forward calculation. Polarization : 0.( 2362 sec )
# Calulate right-hand sides vectors consisting of interpolator vectors.( 2362 sec )
# Solve phase of matrix solver for right-hand sides consisting of interpolator vectors.( 2364 sec )
# Solve phase is performed simultaneously for 275 right-hand sides( 2364 sec )
# Calculate derivatives of EM field.( 2373 sec )
#================================================================================================
# Start forward calculation. Frequency : 63.095 [Hz], Polarization : Ey-polarization
#================================================================================================
# Start 3D forward calculation with 0th order 3D edge-based element.( 2384 sec )
# Number of equation = 475883, Number of equation after degeneration = 473549
# Calculating EM field of the boundary planes with 2D forward analysis.        
#-----------------------------[ Boundary Plane 0 ]-----------------------------
# Calculate electric field on a boundary plane with 0th order edge-based element.
# Number of equation = 520, Number of equation after degeneration = 476
# Set values of matrix and right hand side vector. ( 2384 sec )
# Numerical factorization phase of matrix solver for boundary plane. Polarization : 1 Plane : 0. ( 2384 sec )
# Solve phase of matrix solver for boundary plane. Polarization : 1 Plane : 0. ( 2384 sec )
#-----------------------------[ Boundary Plane 1 ]-----------------------------
# Calculate electric field on a boundary plane with 0th order edge-based element.
# Number of equation = 520, Number of equation after degeneration = 476
# Set values of matrix and right hand side vector. ( 2384 sec )
# Numerical factorization phase of matrix solver for boundary plane. Polarization : 1 Plane : 1. ( 2384 sec )
# Solve phase of matrix solver for boundary plane. Polarization : 1 Plane : 1. ( 2384 sec )
#------------------------------------------------------------------------------
# Set values of matrix and right hand side vector. ( 2384 sec )
# Numerical factorization phase of matrix solver for 3D forward calculation. Polarization : 1.( 2387 sec )
# Solve phase of matrix solver for 3D forward calculation. Polarization : 1.( 2407 sec )
# Calulate right-hand sides vectors consisting of interpolator vectors.( 2407 sec )
# Solve phase of matrix solver for right-hand sides consisting of interpolator vectors.( 2408 sec )
# Solve phase is performed simultaneously for 275 right-hand sides( 2408 sec )
# Calculate derivatives of EM field.( 2417 sec )
#==============================================================================
# Calculate response functions. ( 2429 sec )
# Calculate sensitivity matrix of frequency 63.095[Hz].( 2429 sec )
# Sensitivity matrix of frequency 63.095[Hz] is saved in the out-of-core file sensMatFreq16.
#==============================================================================
# Release memory of coefficient matrix and sparse solver. ( 2430 sec )
###############################################################################
# Start Inversion.  Iteration : 3
###############################################################################
# Number of model : 54779
# Number of frequencies of this PE : 6
# Calculate constraining matrix. ( 2433 sec )
# Analyse constraining matrix.( 2433 sec )
# Analyse transposed constraining matrix.( 2433 sec )
# Factorize constraining matrix.( 2433 sec )
# Factorize transposed constraining matrix.( 2433 sec )
# Number of data of this PE : 2980
# Read sensitivity matrix from sensMatFreq11.( 2434 sec )
# Multiply transposed sensitivity matrix by inverse of transposed constraining matrix. ( 2435 sec )
# Solve phase is performed simultaneously for 496 right-hand sides( 2435 sec )
# Read sensitivity matrix from sensMatFreq12.( 2437 sec )
# Multiply transposed sensitivity matrix by inverse of transposed constraining matrix. ( 2439 sec )
# Solve phase is performed simultaneously for 488 right-hand sides( 2439 sec )
# Read sensitivity matrix from sensMatFreq13.( 2440 sec )
# Multiply transposed sensitivity matrix by inverse of transposed constraining matrix. ( 2441 sec )
# Solve phase is performed simultaneously for 488 right-hand sides( 2441 sec )
# Read sensitivity matrix from sensMatFreq14.( 2442 sec )
# Multiply transposed sensitivity matrix by inverse of transposed constraining matrix. ( 2443 sec )
# Solve phase is performed simultaneously for 524 right-hand sides( 2443 sec )
# Read sensitivity matrix from sensMatFreq15.( 2444 sec )
# Multiply transposed sensitivity matrix by inverse of transposed constraining matrix. ( 2445 sec )
# Solve phase is performed simultaneously for 508 right-hand sides( 2445 sec )
# Read sensitivity matrix from sensMatFreq16.( 2446 sec )
# Multiply transposed sensitivity matrix by inverse of transposed constraining matrix. ( 2447 sec )
# Solve phase is performed simultaneously for 476 right-hand sides( 2447 sec )
# Calculate right-hand side vector. ( 2448 sec )
# Read sensitivity matrix from sensMatFreq11.( 2448 sec )
# Read sensitivity matrix from sensMatFreq12.( 2448 sec )
# Read sensitivity matrix from sensMatFreq13.( 2448 sec )
# Read sensitivity matrix from sensMatFreq14.( 2448 sec )
# Read sensitivity matrix from sensMatFreq15.( 2448 sec )
# Read sensitivity matrix from sensMatFreq16.( 2448 sec )
# Read sensitivity matrix from sensMatFreq11.( 2495 sec )
# Read sensitivity matrix from sensMatFreq12.( 2495 sec )
# Read sensitivity matrix from sensMatFreq13.( 2496 sec )
# Read sensitivity matrix from sensMatFreq14.( 2496 sec )
# Read sensitivity matrix from sensMatFreq15.( 2496 sec )
# Read sensitivity matrix from sensMatFreq16.( 2496 sec )
# Calculate model increments. ( 2496 sec )
###############################################################################
# Start Forward Computation.  Iteration : 4,  Retrial : 0
###############################################################################
#================================================================================================
# Start forward calculation. Frequency : 6.3095 [Hz], Polarization : Ex-polarization
#================================================================================================
# Start 3D forward calculation with 0th order 3D edge-based element.( 2497 sec )
# Number of equation = 475883, Number of equation after degeneration = 473549
# Calculating EM field of the boundary planes with 2D forward analysis.        
#-----------------------------[ Boundary Plane 2 ]-----------------------------
# Calculate electric field on a boundary plane with 0th order edge-based element.
# Number of equation = 514, Number of equation after degeneration = 470
# Set values of matrix and right hand side vector. ( 2497 sec )
# Numerical factorization phase of matrix solver for boundary plane. Polarization : 0 Plane : 2. ( 2497 sec )
# Solve phase of matrix solver for boundary plane. Polarization : 0 Plane : 2. ( 2497 sec )
#-----------------------------[ Boundary Plane 3 ]-----------------------------
# Calculate electric field on a boundary plane with 0th order edge-based element.
# Number of equation = 514, Number of equation after degeneration = 470
# Set values of matrix and right hand side vector. ( 2497 sec )
# Numerical factorization phase of matrix solver for boundary plane. Polarization : 0 Plane : 3. ( 2497 sec )
# Solve phase of matrix solver for boundary plane. Polarization : 0 Plane : 3. ( 2497 sec )
#------------------------------------------------------------------------------
# Set matrix structure. ( 2497 sec )
# Anaysis phase of matrix solver for 3D forward calculation. Polarization : 0. ( 2500 sec )
#++++++++++++++++++++++++++++++++++++++++++++++++++++++++++++++++++++++++++++++++++++++++++++++++
# Total peak memory required during the analysis and symbolic factorization phase    : 576654 [KByte]
# Permanent memory required from the analysis phase to the solve phases              : 481931 [KByte]
# Total memory consumed by in-core forward solver for internal float point arrays    : 4.12968e+06 [KByte]
# Minimum memory consumed by out-core forward solver for internal float point arrays : 68897 [KByte]
#++++++++++++++++++++++++++++++++++++++++++++++++++++++++++++++++++++++++++++++++++++++++++++++++
# Set values of matrix and right hand side vector. ( 2503 sec )
# Numerical factorization phase of matrix solver for 3D forward calculation. Polarization : 0.( 2506 sec )
# Solve phase of matrix solver for 3D forward calculation. Polarization : 0.( 2526 sec )
# Calulate right-hand sides vectors consisting of interpolator vectors.( 2527 sec )
# Solve phase of matrix solver for right-hand sides consisting of interpolator vectors.( 2528 sec )
# Solve phase is performed simultaneously for 286 right-hand sides( 2528 sec )
# Calculate derivatives of EM field.( 2538 sec )
#================================================================================================
# Start forward calculation. Frequency : 6.3095 [Hz], Polarization : Ey-polarization
#================================================================================================
# Start 3D forward calculation with 0th order 3D edge-based element.( 2551 sec )
# Number of equation = 475883, Number of equation after degeneration = 473549
# Calculating EM field of the boundary planes with 2D forward analysis.        
#-----------------------------[ Boundary Plane 0 ]-----------------------------
# Calculate electric field on a boundary plane with 0th order edge-based element.
# Number of equation = 520, Number of equation after degeneration = 476
# Set values of matrix and right hand side vector. ( 2551 sec )
# Numerical factorization phase of matrix solver for boundary plane. Polarization : 1 Plane : 0. ( 2551 sec )
# Solve phase of matrix solver for boundary plane. Polarization : 1 Plane : 0. ( 2551 sec )
#-----------------------------[ Boundary Plane 1 ]-----------------------------
# Calculate electric field on a boundary plane with 0th order edge-based element.
# Number of equation = 520, Number of equation after degeneration = 476
# Set values of matrix and right hand side vector. ( 2551 sec )
# Numerical factorization phase of matrix solver for boundary plane. Polarization : 1 Plane : 1. ( 2551 sec )
# Solve phase of matrix solver for boundary plane. Polarization : 1 Plane : 1. ( 2551 sec )
#------------------------------------------------------------------------------
# Set values of matrix and right hand side vector. ( 2551 sec )
# Numerical factorization phase of matrix solver for 3D forward calculation. Polarization : 1.( 2553 sec )
# Solve phase of matrix solver for 3D forward calculation. Polarization : 1.( 2574 sec )
# Calulate right-hand sides vectors consisting of interpolator vectors.( 2574 sec )
# Solve phase of matrix solver for right-hand sides consisting of interpolator vectors.( 2575 sec )
# Solve phase is performed simultaneously for 286 right-hand sides( 2575 sec )
# Calculate derivatives of EM field.( 2585 sec )
#==============================================================================
# Calculate response functions. ( 2598 sec )
# Calculate sensitivity matrix of frequency 6.3095[Hz].( 2598 sec )
# Sensitivity matrix of frequency 6.3095[Hz] is saved in the out-of-core file sensMatFreq11.
#==============================================================================
#================================================================================================
# Start forward calculation. Frequency : 10 [Hz], Polarization : Ex-polarization
#================================================================================================
# Start 3D forward calculation with 0th order 3D edge-based element.( 2598 sec )
# Number of equation = 475883, Number of equation after degeneration = 473549
# Calculating EM field of the boundary planes with 2D forward analysis.        
#-----------------------------[ Boundary Plane 2 ]-----------------------------
# Calculate electric field on a boundary plane with 0th order edge-based element.
# Number of equation = 514, Number of equation after degeneration = 470
# Set values of matrix and right hand side vector. ( 2598 sec )
# Numerical factorization phase of matrix solver for boundary plane. Polarization : 0 Plane : 2. ( 2599 sec )
# Solve phase of matrix solver for boundary plane. Polarization : 0 Plane : 2. ( 2599 sec )
#-----------------------------[ Boundary Plane 3 ]-----------------------------
# Calculate electric field on a boundary plane with 0th order edge-based element.
# Number of equation = 514, Number of equation after degeneration = 470
# Set values of matrix and right hand side vector. ( 2599 sec )
# Numerical factorization phase of matrix solver for boundary plane. Polarization : 0 Plane : 3. ( 2599 sec )
# Solve phase of matrix solver for boundary plane. Polarization : 0 Plane : 3. ( 2599 sec )
#------------------------------------------------------------------------------
# Set values of matrix and right hand side vector. ( 2599 sec )
# Numerical factorization phase of matrix solver for 3D forward calculation. Polarization : 0.( 2601 sec )
# Solve phase of matrix solver for 3D forward calculation. Polarization : 0.( 2621 sec )
# Calulate right-hand sides vectors consisting of interpolator vectors.( 2622 sec )
# Solve phase of matrix solver for right-hand sides consisting of interpolator vectors.( 2623 sec )
# Solve phase is performed simultaneously for 282 right-hand sides( 2623 sec )
# Calculate derivatives of EM field.( 2632 sec )
#================================================================================================
# Start forward calculation. Frequency : 10 [Hz], Polarization : Ey-polarization
#================================================================================================
# Start 3D forward calculation with 0th order 3D edge-based element.( 2644 sec )
# Number of equation = 475883, Number of equation after degeneration = 473549
# Calculating EM field of the boundary planes with 2D forward analysis.        
#-----------------------------[ Boundary Plane 0 ]-----------------------------
# Calculate electric field on a boundary plane with 0th order edge-based element.
# Number of equation = 520, Number of equation after degeneration = 476
# Set values of matrix and right hand side vector. ( 2644 sec )
# Numerical factorization phase of matrix solver for boundary plane. Polarization : 1 Plane : 0. ( 2644 sec )
# Solve phase of matrix solver for boundary plane. Polarization : 1 Plane : 0. ( 2644 sec )
#-----------------------------[ Boundary Plane 1 ]-----------------------------
# Calculate electric field on a boundary plane with 0th order edge-based element.
# Number of equation = 520, Number of equation after degeneration = 476
# Set values of matrix and right hand side vector. ( 2644 sec )
# Numerical factorization phase of matrix solver for boundary plane. Polarization : 1 Plane : 1. ( 2644 sec )
# Solve phase of matrix solver for boundary plane. Polarization : 1 Plane : 1. ( 2644 sec )
#------------------------------------------------------------------------------
# Set values of matrix and right hand side vector. ( 2644 sec )
# Numerical factorization phase of matrix solver for 3D forward calculation. Polarization : 1.( 2646 sec )
# Solve phase of matrix solver for 3D forward calculation. Polarization : 1.( 2667 sec )
# Calulate right-hand sides vectors consisting of interpolator vectors.( 2667 sec )
# Solve phase of matrix solver for right-hand sides consisting of interpolator vectors.( 2668 sec )
# Solve phase is performed simultaneously for 282 right-hand sides( 2668 sec )
# Calculate derivatives of EM field.( 2677 sec )
#==============================================================================
# Calculate response functions. ( 2688 sec )
# Calculate sensitivity matrix of frequency 10[Hz].( 2688 sec )
# Sensitivity matrix of frequency 10[Hz] is saved in the out-of-core file sensMatFreq12.
#==============================================================================
#================================================================================================
# Start forward calculation. Frequency : 15.848 [Hz], Polarization : Ex-polarization
#================================================================================================
# Start 3D forward calculation with 0th order 3D edge-based element.( 2689 sec )
# Number of equation = 475883, Number of equation after degeneration = 473549
# Calculating EM field of the boundary planes with 2D forward analysis.        
#-----------------------------[ Boundary Plane 2 ]-----------------------------
# Calculate electric field on a boundary plane with 0th order edge-based element.
# Number of equation = 514, Number of equation after degeneration = 470
# Set values of matrix and right hand side vector. ( 2689 sec )
# Numerical factorization phase of matrix solver for boundary plane. Polarization : 0 Plane : 2. ( 2689 sec )
# Solve phase of matrix solver for boundary plane. Polarization : 0 Plane : 2. ( 2689 sec )
#-----------------------------[ Boundary Plane 3 ]-----------------------------
# Calculate electric field on a boundary plane with 0th order edge-based element.
# Number of equation = 514, Number of equation after degeneration = 470
# Set values of matrix and right hand side vector. ( 2689 sec )
# Numerical factorization phase of matrix solver for boundary plane. Polarization : 0 Plane : 3. ( 2689 sec )
# Solve phase of matrix solver for boundary plane. Polarization : 0 Plane : 3. ( 2689 sec )
#------------------------------------------------------------------------------
# Set values of matrix and right hand side vector. ( 2689 sec )
# Numerical factorization phase of matrix solver for 3D forward calculation. Polarization : 0.( 2691 sec )
# Solve phase of matrix solver for 3D forward calculation. Polarization : 0.( 2712 sec )
# Calulate right-hand sides vectors consisting of interpolator vectors.( 2712 sec )
# Solve phase of matrix solver for right-hand sides consisting of interpolator vectors.( 2713 sec )
# Solve phase is performed simultaneously for 282 right-hand sides( 2713 sec )
# Calculate derivatives of EM field.( 2722 sec )
#================================================================================================
# Start forward calculation. Frequency : 15.848 [Hz], Polarization : Ey-polarization
#================================================================================================
# Start 3D forward calculation with 0th order 3D edge-based element.( 2731 sec )
# Number of equation = 475883, Number of equation after degeneration = 473549
# Calculating EM field of the boundary planes with 2D forward analysis.        
#-----------------------------[ Boundary Plane 0 ]-----------------------------
# Calculate electric field on a boundary plane with 0th order edge-based element.
# Number of equation = 520, Number of equation after degeneration = 476
# Set values of matrix and right hand side vector. ( 2731 sec )
# Numerical factorization phase of matrix solver for boundary plane. Polarization : 1 Plane : 0. ( 2731 sec )
# Solve phase of matrix solver for boundary plane. Polarization : 1 Plane : 0. ( 2731 sec )
#-----------------------------[ Boundary Plane 1 ]-----------------------------
# Calculate electric field on a boundary plane with 0th order edge-based element.
# Number of equation = 520, Number of equation after degeneration = 476
# Set values of matrix and right hand side vector. ( 2731 sec )
# Numerical factorization phase of matrix solver for boundary plane. Polarization : 1 Plane : 1. ( 2731 sec )
# Solve phase of matrix solver for boundary plane. Polarization : 1 Plane : 1. ( 2731 sec )
#------------------------------------------------------------------------------
# Set values of matrix and right hand side vector. ( 2731 sec )
# Numerical factorization phase of matrix solver for 3D forward calculation. Polarization : 1.( 2734 sec )
# Solve phase of matrix solver for 3D forward calculation. Polarization : 1.( 2754 sec )
# Calulate right-hand sides vectors consisting of interpolator vectors.( 2754 sec )
# Solve phase of matrix solver for right-hand sides consisting of interpolator vectors.( 2755 sec )
# Solve phase is performed simultaneously for 282 right-hand sides( 2755 sec )
# Calculate derivatives of EM field.( 2765 sec )
#==============================================================================
# Calculate response functions. ( 2772 sec )
# Calculate sensitivity matrix of frequency 15.848[Hz].( 2772 sec )
# Sensitivity matrix of frequency 15.848[Hz] is saved in the out-of-core file sensMatFreq13.
#==============================================================================
#================================================================================================
# Start forward calculation. Frequency : 25.118 [Hz], Polarization : Ex-polarization
#================================================================================================
# Start 3D forward calculation with 0th order 3D edge-based element.( 2773 sec )
# Number of equation = 475883, Number of equation after degeneration = 473549
# Calculating EM field of the boundary planes with 2D forward analysis.        
#-----------------------------[ Boundary Plane 2 ]-----------------------------
# Calculate electric field on a boundary plane with 0th order edge-based element.
# Number of equation = 514, Number of equation after degeneration = 470
# Set values of matrix and right hand side vector. ( 2773 sec )
# Numerical factorization phase of matrix solver for boundary plane. Polarization : 0 Plane : 2. ( 2773 sec )
# Solve phase of matrix solver for boundary plane. Polarization : 0 Plane : 2. ( 2773 sec )
#-----------------------------[ Boundary Plane 3 ]-----------------------------
# Calculate electric field on a boundary plane with 0th order edge-based element.
# Number of equation = 514, Number of equation after degeneration = 470
# Set values of matrix and right hand side vector. ( 2773 sec )
# Numerical factorization phase of matrix solver for boundary plane. Polarization : 0 Plane : 3. ( 2773 sec )
# Solve phase of matrix solver for boundary plane. Polarization : 0 Plane : 3. ( 2773 sec )
#------------------------------------------------------------------------------
# Set values of matrix and right hand side vector. ( 2773 sec )
# Numerical factorization phase of matrix solver for 3D forward calculation. Polarization : 0.( 2775 sec )
# Solve phase of matrix solver for 3D forward calculation. Polarization : 0.( 2796 sec )
# Calulate right-hand sides vectors consisting of interpolator vectors.( 2796 sec )
# Solve phase of matrix solver for right-hand sides consisting of interpolator vectors.( 2797 sec )
# Solve phase is performed simultaneously for 303 right-hand sides( 2797 sec )
# Calculate derivatives of EM field.( 2808 sec )
#================================================================================================
# Start forward calculation. Frequency : 25.118 [Hz], Polarization : Ey-polarization
#================================================================================================
# Start 3D forward calculation with 0th order 3D edge-based element.( 2815 sec )
# Number of equation = 475883, Number of equation after degeneration = 473549
# Calculating EM field of the boundary planes with 2D forward analysis.        
#-----------------------------[ Boundary Plane 0 ]-----------------------------
# Calculate electric field on a boundary plane with 0th order edge-based element.
# Number of equation = 520, Number of equation after degeneration = 476
# Set values of matrix and right hand side vector. ( 2815 sec )
# Numerical factorization phase of matrix solver for boundary plane. Polarization : 1 Plane : 0. ( 2815 sec )
# Solve phase of matrix solver for boundary plane. Polarization : 1 Plane : 0. ( 2815 sec )
#-----------------------------[ Boundary Plane 1 ]-----------------------------
# Calculate electric field on a boundary plane with 0th order edge-based element.
# Number of equation = 520, Number of equation after degeneration = 476
# Set values of matrix and right hand side vector. ( 2815 sec )
# Numerical factorization phase of matrix solver for boundary plane. Polarization : 1 Plane : 1. ( 2815 sec )
# Solve phase of matrix solver for boundary plane. Polarization : 1 Plane : 1. ( 2815 sec )
#------------------------------------------------------------------------------
# Set values of matrix and right hand side vector. ( 2815 sec )
# Numerical factorization phase of matrix solver for 3D forward calculation. Polarization : 1.( 2818 sec )
# Solve phase of matrix solver for 3D forward calculation. Polarization : 1.( 2839 sec )
# Calulate right-hand sides vectors consisting of interpolator vectors.( 2839 sec )
# Solve phase of matrix solver for right-hand sides consisting of interpolator vectors.( 2840 sec )
# Solve phase is performed simultaneously for 303 right-hand sides( 2840 sec )
# Calculate derivatives of EM field.( 2850 sec )
#==============================================================================
# Calculate response functions. ( 2858 sec )
# Calculate sensitivity matrix of frequency 25.118[Hz].( 2858 sec )
# Sensitivity matrix of frequency 25.118[Hz] is saved in the out-of-core file sensMatFreq14.
#==============================================================================
#================================================================================================
# Start forward calculation. Frequency : 39.81 [Hz], Polarization : Ex-polarization
#================================================================================================
# Start 3D forward calculation with 0th order 3D edge-based element.( 2859 sec )
# Number of equation = 475883, Number of equation after degeneration = 473549
# Calculating EM field of the boundary planes with 2D forward analysis.        
#-----------------------------[ Boundary Plane 2 ]-----------------------------
# Calculate electric field on a boundary plane with 0th order edge-based element.
# Number of equation = 514, Number of equation after degeneration = 470
# Set values of matrix and right hand side vector. ( 2859 sec )
# Numerical factorization phase of matrix solver for boundary plane. Polarization : 0 Plane : 2. ( 2859 sec )
# Solve phase of matrix solver for boundary plane. Polarization : 0 Plane : 2. ( 2859 sec )
#-----------------------------[ Boundary Plane 3 ]-----------------------------
# Calculate electric field on a boundary plane with 0th order edge-based element.
# Number of equation = 514, Number of equation after degeneration = 470
# Set values of matrix and right hand side vector. ( 2859 sec )
# Numerical factorization phase of matrix solver for boundary plane. Polarization : 0 Plane : 3. ( 2859 sec )
# Solve phase of matrix solver for boundary plane. Polarization : 0 Plane : 3. ( 2859 sec )
#------------------------------------------------------------------------------
# Set values of matrix and right hand side vector. ( 2859 sec )
# Numerical factorization phase of matrix solver for 3D forward calculation. Polarization : 0.( 2861 sec )
# Solve phase of matrix solver for 3D forward calculation. Polarization : 0.( 2882 sec )
# Calulate right-hand sides vectors consisting of interpolator vectors.( 2882 sec )
# Solve phase of matrix solver for right-hand sides consisting of interpolator vectors.( 2883 sec )
# Solve phase is performed simultaneously for 293 right-hand sides( 2883 sec )
# Calculate derivatives of EM field.( 2893 sec )
#================================================================================================
# Start forward calculation. Frequency : 39.81 [Hz], Polarization : Ey-polarization
#================================================================================================
# Start 3D forward calculation with 0th order 3D edge-based element.( 2900 sec )
# Number of equation = 475883, Number of equation after degeneration = 473549
# Calculating EM field of the boundary planes with 2D forward analysis.        
#-----------------------------[ Boundary Plane 0 ]-----------------------------
# Calculate electric field on a boundary plane with 0th order edge-based element.
# Number of equation = 520, Number of equation after degeneration = 476
# Set values of matrix and right hand side vector. ( 2900 sec )
# Numerical factorization phase of matrix solver for boundary plane. Polarization : 1 Plane : 0. ( 2900 sec )
# Solve phase of matrix solver for boundary plane. Polarization : 1 Plane : 0. ( 2900 sec )
#-----------------------------[ Boundary Plane 1 ]-----------------------------
# Calculate electric field on a boundary plane with 0th order edge-based element.
# Number of equation = 520, Number of equation after degeneration = 476
# Set values of matrix and right hand side vector. ( 2900 sec )
# Numerical factorization phase of matrix solver for boundary plane. Polarization : 1 Plane : 1. ( 2900 sec )
# Solve phase of matrix solver for boundary plane. Polarization : 1 Plane : 1. ( 2900 sec )
#------------------------------------------------------------------------------
# Set values of matrix and right hand side vector. ( 2900 sec )
# Numerical factorization phase of matrix solver for 3D forward calculation. Polarization : 1.( 2903 sec )
# Solve phase of matrix solver for 3D forward calculation. Polarization : 1.( 2924 sec )
# Calulate right-hand sides vectors consisting of interpolator vectors.( 2924 sec )
# Solve phase of matrix solver for right-hand sides consisting of interpolator vectors.( 2925 sec )
# Solve phase is performed simultaneously for 293 right-hand sides( 2925 sec )
# Calculate derivatives of EM field.( 2935 sec )
#==============================================================================
# Calculate response functions. ( 2942 sec )
# Calculate sensitivity matrix of frequency 39.81[Hz].( 2942 sec )
# Sensitivity matrix of frequency 39.81[Hz] is saved in the out-of-core file sensMatFreq15.
#==============================================================================
#================================================================================================
# Start forward calculation. Frequency : 63.095 [Hz], Polarization : Ex-polarization
#================================================================================================
# Start 3D forward calculation with 0th order 3D edge-based element.( 2943 sec )
# Number of equation = 475883, Number of equation after degeneration = 473549
# Calculating EM field of the boundary planes with 2D forward analysis.        
#-----------------------------[ Boundary Plane 2 ]-----------------------------
# Calculate electric field on a boundary plane with 0th order edge-based element.
# Number of equation = 514, Number of equation after degeneration = 470
# Set values of matrix and right hand side vector. ( 2943 sec )
# Numerical factorization phase of matrix solver for boundary plane. Polarization : 0 Plane : 2. ( 2943 sec )
# Solve phase of matrix solver for boundary plane. Polarization : 0 Plane : 2. ( 2943 sec )
#-----------------------------[ Boundary Plane 3 ]-----------------------------
# Calculate electric field on a boundary plane with 0th order edge-based element.
# Number of equation = 514, Number of equation after degeneration = 470
# Set values of matrix and right hand side vector. ( 2943 sec )
# Numerical factorization phase of matrix solver for boundary plane. Polarization : 0 Plane : 3. ( 2943 sec )
# Solve phase of matrix solver for boundary plane. Polarization : 0 Plane : 3. ( 2943 sec )
#------------------------------------------------------------------------------
# Set values of matrix and right hand side vector. ( 2943 sec )
# Numerical factorization phase of matrix solver for 3D forward calculation. Polarization : 0.( 2945 sec )
# Solve phase of matrix solver for 3D forward calculation. Polarization : 0.( 2966 sec )
# Calulate right-hand sides vectors consisting of interpolator vectors.( 2967 sec )
# Solve phase of matrix solver for right-hand sides consisting of interpolator vectors.( 2968 sec )
# Solve phase is performed simultaneously for 275 right-hand sides( 2968 sec )
# Calculate derivatives of EM field.( 2977 sec )
#================================================================================================
# Start forward calculation. Frequency : 63.095 [Hz], Polarization : Ey-polarization
#================================================================================================
# Start 3D forward calculation with 0th order 3D edge-based element.( 2984 sec )
# Number of equation = 475883, Number of equation after degeneration = 473549
# Calculating EM field of the boundary planes with 2D forward analysis.        
#-----------------------------[ Boundary Plane 0 ]-----------------------------
# Calculate electric field on a boundary plane with 0th order edge-based element.
# Number of equation = 520, Number of equation after degeneration = 476
# Set values of matrix and right hand side vector. ( 2984 sec )
# Numerical factorization phase of matrix solver for boundary plane. Polarization : 1 Plane : 0. ( 2984 sec )
# Solve phase of matrix solver for boundary plane. Polarization : 1 Plane : 0. ( 2984 sec )
#-----------------------------[ Boundary Plane 1 ]-----------------------------
# Calculate electric field on a boundary plane with 0th order edge-based element.
# Number of equation = 520, Number of equation after degeneration = 476
# Set values of matrix and right hand side vector. ( 2984 sec )
# Numerical factorization phase of matrix solver for boundary plane. Polarization : 1 Plane : 1. ( 2984 sec )
# Solve phase of matrix solver for boundary plane. Polarization : 1 Plane : 1. ( 2984 sec )
#------------------------------------------------------------------------------
# Set values of matrix and right hand side vector. ( 2984 sec )
# Numerical factorization phase of matrix solver for 3D forward calculation. Polarization : 1.( 2986 sec )
# Solve phase of matrix solver for 3D forward calculation. Polarization : 1.( 3008 sec )
# Calulate right-hand sides vectors consisting of interpolator vectors.( 3008 sec )
# Solve phase of matrix solver for right-hand sides consisting of interpolator vectors.( 3009 sec )
# Solve phase is performed simultaneously for 275 right-hand sides( 3009 sec )
# Calculate derivatives of EM field.( 3018 sec )
#==============================================================================
# Calculate response functions. ( 3025 sec )
# Calculate sensitivity matrix of frequency 63.095[Hz].( 3025 sec )
# Sensitivity matrix of frequency 63.095[Hz] is saved in the out-of-core file sensMatFreq16.
#==============================================================================
# Release memory of coefficient matrix and sparse solver. ( 3026 sec )
###############################################################################
# Start Inversion.  Iteration : 4
###############################################################################
# Number of model : 54779
# Number of frequencies of this PE : 6
# Calculate constraining matrix. ( 3050 sec )
# Analyse constraining matrix.( 3050 sec )
# Analyse transposed constraining matrix.( 3050 sec )
# Factorize constraining matrix.( 3050 sec )
# Factorize transposed constraining matrix.( 3050 sec )
# Number of data of this PE : 2980
# Read sensitivity matrix from sensMatFreq11.( 3050 sec )
# Multiply transposed sensitivity matrix by inverse of transposed constraining matrix. ( 3052 sec )
# Solve phase is performed simultaneously for 496 right-hand sides( 3052 sec )
# Read sensitivity matrix from sensMatFreq12.( 3053 sec )
# Multiply transposed sensitivity matrix by inverse of transposed constraining matrix. ( 3055 sec )
# Solve phase is performed simultaneously for 488 right-hand sides( 3055 sec )
# Read sensitivity matrix from sensMatFreq13.( 3056 sec )
# Multiply transposed sensitivity matrix by inverse of transposed constraining matrix. ( 3058 sec )
# Solve phase is performed simultaneously for 488 right-hand sides( 3058 sec )
# Read sensitivity matrix from sensMatFreq14.( 3058 sec )
# Multiply transposed sensitivity matrix by inverse of transposed constraining matrix. ( 3059 sec )
# Solve phase is performed simultaneously for 524 right-hand sides( 3059 sec )
# Read sensitivity matrix from sensMatFreq15.( 3061 sec )
# Multiply transposed sensitivity matrix by inverse of transposed constraining matrix. ( 3061 sec )
# Solve phase is performed simultaneously for 508 right-hand sides( 3061 sec )
# Read sensitivity matrix from sensMatFreq16.( 3062 sec )
# Multiply transposed sensitivity matrix by inverse of transposed constraining matrix. ( 3063 sec )
# Solve phase is performed simultaneously for 476 right-hand sides( 3063 sec )
# Calculate right-hand side vector. ( 3064 sec )
# Read sensitivity matrix from sensMatFreq11.( 3064 sec )
# Read sensitivity matrix from sensMatFreq12.( 3064 sec )
# Read sensitivity matrix from sensMatFreq13.( 3064 sec )
# Read sensitivity matrix from sensMatFreq14.( 3065 sec )
# Read sensitivity matrix from sensMatFreq15.( 3065 sec )
# Read sensitivity matrix from sensMatFreq16.( 3065 sec )
# Read sensitivity matrix from sensMatFreq11.( 3114 sec )
# Read sensitivity matrix from sensMatFreq12.( 3114 sec )
# Read sensitivity matrix from sensMatFreq13.( 3114 sec )
# Read sensitivity matrix from sensMatFreq14.( 3114 sec )
# Read sensitivity matrix from sensMatFreq15.( 3114 sec )
# Read sensitivity matrix from sensMatFreq16.( 3114 sec )
# Calculate model increments. ( 3115 sec )
###############################################################################
# Start Forward Computation.  Iteration : 5,  Retrial : 0
###############################################################################
#================================================================================================
# Start forward calculation. Frequency : 6.3095 [Hz], Polarization : Ex-polarization
#================================================================================================
# Start 3D forward calculation with 0th order 3D edge-based element.( 3115 sec )
# Number of equation = 475883, Number of equation after degeneration = 473549
# Calculating EM field of the boundary planes with 2D forward analysis.        
#-----------------------------[ Boundary Plane 2 ]-----------------------------
# Calculate electric field on a boundary plane with 0th order edge-based element.
# Number of equation = 514, Number of equation after degeneration = 470
# Set values of matrix and right hand side vector. ( 3115 sec )
# Numerical factorization phase of matrix solver for boundary plane. Polarization : 0 Plane : 2. ( 3115 sec )
# Solve phase of matrix solver for boundary plane. Polarization : 0 Plane : 2. ( 3115 sec )
#-----------------------------[ Boundary Plane 3 ]-----------------------------
# Calculate electric field on a boundary plane with 0th order edge-based element.
# Number of equation = 514, Number of equation after degeneration = 470
# Set values of matrix and right hand side vector. ( 3115 sec )
# Numerical factorization phase of matrix solver for boundary plane. Polarization : 0 Plane : 3. ( 3115 sec )
# Solve phase of matrix solver for boundary plane. Polarization : 0 Plane : 3. ( 3115 sec )
#------------------------------------------------------------------------------
# Set matrix structure. ( 3115 sec )
# Anaysis phase of matrix solver for 3D forward calculation. Polarization : 0. ( 3119 sec )
#++++++++++++++++++++++++++++++++++++++++++++++++++++++++++++++++++++++++++++++++++++++++++++++++
# Total peak memory required during the analysis and symbolic factorization phase    : 578366 [KByte]
# Permanent memory required from the analysis phase to the solve phases              : 482862 [KByte]
# Total memory consumed by in-core forward solver for internal float point arrays    : 4.14414e+06 [KByte]
# Minimum memory consumed by out-core forward solver for internal float point arrays : 68134 [KByte]
#++++++++++++++++++++++++++++++++++++++++++++++++++++++++++++++++++++++++++++++++++++++++++++++++
# Set values of matrix and right hand side vector. ( 3122 sec )
# Numerical factorization phase of matrix solver for 3D forward calculation. Polarization : 0.( 3124 sec )
# Solve phase of matrix solver for 3D forward calculation. Polarization : 0.( 3145 sec )
# Calulate right-hand sides vectors consisting of interpolator vectors.( 3145 sec )
# Solve phase of matrix solver for right-hand sides consisting of interpolator vectors.( 3147 sec )
# Solve phase is performed simultaneously for 286 right-hand sides( 3147 sec )
# Calculate derivatives of EM field.( 3157 sec )
#================================================================================================
# Start forward calculation. Frequency : 6.3095 [Hz], Polarization : Ey-polarization
#================================================================================================
# Start 3D forward calculation with 0th order 3D edge-based element.( 3170 sec )
# Number of equation = 475883, Number of equation after degeneration = 473549
# Calculating EM field of the boundary planes with 2D forward analysis.        
#-----------------------------[ Boundary Plane 0 ]-----------------------------
# Calculate electric field on a boundary plane with 0th order edge-based element.
# Number of equation = 520, Number of equation after degeneration = 476
# Set values of matrix and right hand side vector. ( 3170 sec )
# Numerical factorization phase of matrix solver for boundary plane. Polarization : 1 Plane : 0. ( 3170 sec )
# Solve phase of matrix solver for boundary plane. Polarization : 1 Plane : 0. ( 3170 sec )
#-----------------------------[ Boundary Plane 1 ]-----------------------------
# Calculate electric field on a boundary plane with 0th order edge-based element.
# Number of equation = 520, Number of equation after degeneration = 476
# Set values of matrix and right hand side vector. ( 3170 sec )
# Numerical factorization phase of matrix solver for boundary plane. Polarization : 1 Plane : 1. ( 3170 sec )
# Solve phase of matrix solver for boundary plane. Polarization : 1 Plane : 1. ( 3170 sec )
#------------------------------------------------------------------------------
# Set values of matrix and right hand side vector. ( 3170 sec )
# Numerical factorization phase of matrix solver for 3D forward calculation. Polarization : 1.( 3172 sec )
# Solve phase of matrix solver for 3D forward calculation. Polarization : 1.( 3193 sec )
# Calulate right-hand sides vectors consisting of interpolator vectors.( 3193 sec )
# Solve phase of matrix solver for right-hand sides consisting of interpolator vectors.( 3194 sec )
# Solve phase is performed simultaneously for 286 right-hand sides( 3194 sec )
# Calculate derivatives of EM field.( 3204 sec )
#==============================================================================
# Calculate response functions. ( 3217 sec )
# Calculate sensitivity matrix of frequency 6.3095[Hz].( 3217 sec )
# Sensitivity matrix of frequency 6.3095[Hz] is saved in the out-of-core file sensMatFreq11.
#==============================================================================
#================================================================================================
# Start forward calculation. Frequency : 10 [Hz], Polarization : Ex-polarization
#================================================================================================
# Start 3D forward calculation with 0th order 3D edge-based element.( 3218 sec )
# Number of equation = 475883, Number of equation after degeneration = 473549
# Calculating EM field of the boundary planes with 2D forward analysis.        
#-----------------------------[ Boundary Plane 2 ]-----------------------------
# Calculate electric field on a boundary plane with 0th order edge-based element.
# Number of equation = 514, Number of equation after degeneration = 470
# Set values of matrix and right hand side vector. ( 3218 sec )
# Numerical factorization phase of matrix solver for boundary plane. Polarization : 0 Plane : 2. ( 3218 sec )
# Solve phase of matrix solver for boundary plane. Polarization : 0 Plane : 2. ( 3218 sec )
#-----------------------------[ Boundary Plane 3 ]-----------------------------
# Calculate electric field on a boundary plane with 0th order edge-based element.
# Number of equation = 514, Number of equation after degeneration = 470
# Set values of matrix and right hand side vector. ( 3218 sec )
# Numerical factorization phase of matrix solver for boundary plane. Polarization : 0 Plane : 3. ( 3218 sec )
# Solve phase of matrix solver for boundary plane. Polarization : 0 Plane : 3. ( 3218 sec )
#------------------------------------------------------------------------------
# Set values of matrix and right hand side vector. ( 3218 sec )
# Numerical factorization phase of matrix solver for 3D forward calculation. Polarization : 0.( 3220 sec )
# Solve phase of matrix solver for 3D forward calculation. Polarization : 0.( 3241 sec )
# Calulate right-hand sides vectors consisting of interpolator vectors.( 3241 sec )
# Solve phase of matrix solver for right-hand sides consisting of interpolator vectors.( 3242 sec )
# Solve phase is performed simultaneously for 282 right-hand sides( 3242 sec )
# Calculate derivatives of EM field.( 3252 sec )
#================================================================================================
# Start forward calculation. Frequency : 10 [Hz], Polarization : Ey-polarization
#================================================================================================
# Start 3D forward calculation with 0th order 3D edge-based element.( 3265 sec )
# Number of equation = 475883, Number of equation after degeneration = 473549
# Calculating EM field of the boundary planes with 2D forward analysis.        
#-----------------------------[ Boundary Plane 0 ]-----------------------------
# Calculate electric field on a boundary plane with 0th order edge-based element.
# Number of equation = 520, Number of equation after degeneration = 476
# Set values of matrix and right hand side vector. ( 3265 sec )
# Numerical factorization phase of matrix solver for boundary plane. Polarization : 1 Plane : 0. ( 3265 sec )
# Solve phase of matrix solver for boundary plane. Polarization : 1 Plane : 0. ( 3265 sec )
#-----------------------------[ Boundary Plane 1 ]-----------------------------
# Calculate electric field on a boundary plane with 0th order edge-based element.
# Number of equation = 520, Number of equation after degeneration = 476
# Set values of matrix and right hand side vector. ( 3265 sec )
# Numerical factorization phase of matrix solver for boundary plane. Polarization : 1 Plane : 1. ( 3265 sec )
# Solve phase of matrix solver for boundary plane. Polarization : 1 Plane : 1. ( 3265 sec )
#------------------------------------------------------------------------------
# Set values of matrix and right hand side vector. ( 3265 sec )
# Numerical factorization phase of matrix solver for 3D forward calculation. Polarization : 1.( 3267 sec )
# Solve phase of matrix solver for 3D forward calculation. Polarization : 1.( 3288 sec )
# Calulate right-hand sides vectors consisting of interpolator vectors.( 3288 sec )
# Solve phase of matrix solver for right-hand sides consisting of interpolator vectors.( 3289 sec )
# Solve phase is performed simultaneously for 282 right-hand sides( 3289 sec )
# Calculate derivatives of EM field.( 3299 sec )
#==============================================================================
# Calculate response functions. ( 3312 sec )
# Calculate sensitivity matrix of frequency 10[Hz].( 3312 sec )
# Sensitivity matrix of frequency 10[Hz] is saved in the out-of-core file sensMatFreq12.
#==============================================================================
#================================================================================================
# Start forward calculation. Frequency : 15.848 [Hz], Polarization : Ex-polarization
#================================================================================================
# Start 3D forward calculation with 0th order 3D edge-based element.( 3313 sec )
# Number of equation = 475883, Number of equation after degeneration = 473549
# Calculating EM field of the boundary planes with 2D forward analysis.        
#-----------------------------[ Boundary Plane 2 ]-----------------------------
# Calculate electric field on a boundary plane with 0th order edge-based element.
# Number of equation = 514, Number of equation after degeneration = 470
# Set values of matrix and right hand side vector. ( 3313 sec )
# Numerical factorization phase of matrix solver for boundary plane. Polarization : 0 Plane : 2. ( 3313 sec )
# Solve phase of matrix solver for boundary plane. Polarization : 0 Plane : 2. ( 3313 sec )
#-----------------------------[ Boundary Plane 3 ]-----------------------------
# Calculate electric field on a boundary plane with 0th order edge-based element.
# Number of equation = 514, Number of equation after degeneration = 470
# Set values of matrix and right hand side vector. ( 3313 sec )
# Numerical factorization phase of matrix solver for boundary plane. Polarization : 0 Plane : 3. ( 3313 sec )
# Solve phase of matrix solver for boundary plane. Polarization : 0 Plane : 3. ( 3313 sec )
#------------------------------------------------------------------------------
# Set values of matrix and right hand side vector. ( 3313 sec )
# Numerical factorization phase of matrix solver for 3D forward calculation. Polarization : 0.( 3315 sec )
# Solve phase of matrix solver for 3D forward calculation. Polarization : 0.( 3336 sec )
# Calulate right-hand sides vectors consisting of interpolator vectors.( 3336 sec )
# Solve phase of matrix solver for right-hand sides consisting of interpolator vectors.( 3338 sec )
# Solve phase is performed simultaneously for 282 right-hand sides( 3338 sec )
# Calculate derivatives of EM field.( 3347 sec )
#================================================================================================
# Start forward calculation. Frequency : 15.848 [Hz], Polarization : Ey-polarization
#================================================================================================
# Start 3D forward calculation with 0th order 3D edge-based element.( 3360 sec )
# Number of equation = 475883, Number of equation after degeneration = 473549
# Calculating EM field of the boundary planes with 2D forward analysis.        
#-----------------------------[ Boundary Plane 0 ]-----------------------------
# Calculate electric field on a boundary plane with 0th order edge-based element.
# Number of equation = 520, Number of equation after degeneration = 476
# Set values of matrix and right hand side vector. ( 3360 sec )
# Numerical factorization phase of matrix solver for boundary plane. Polarization : 1 Plane : 0. ( 3360 sec )
# Solve phase of matrix solver for boundary plane. Polarization : 1 Plane : 0. ( 3360 sec )
#-----------------------------[ Boundary Plane 1 ]-----------------------------
# Calculate electric field on a boundary plane with 0th order edge-based element.
# Number of equation = 520, Number of equation after degeneration = 476
# Set values of matrix and right hand side vector. ( 3360 sec )
# Numerical factorization phase of matrix solver for boundary plane. Polarization : 1 Plane : 1. ( 3360 sec )
# Solve phase of matrix solver for boundary plane. Polarization : 1 Plane : 1. ( 3360 sec )
#------------------------------------------------------------------------------
# Set values of matrix and right hand side vector. ( 3360 sec )
# Numerical factorization phase of matrix solver for 3D forward calculation. Polarization : 1.( 3362 sec )
# Solve phase of matrix solver for 3D forward calculation. Polarization : 1.( 3383 sec )
# Calulate right-hand sides vectors consisting of interpolator vectors.( 3383 sec )
# Solve phase of matrix solver for right-hand sides consisting of interpolator vectors.( 3384 sec )
# Solve phase is performed simultaneously for 282 right-hand sides( 3384 sec )
# Calculate derivatives of EM field.( 3394 sec )
#==============================================================================
# Calculate response functions. ( 3407 sec )
# Calculate sensitivity matrix of frequency 15.848[Hz].( 3407 sec )
# Sensitivity matrix of frequency 15.848[Hz] is saved in the out-of-core file sensMatFreq13.
#==============================================================================
#================================================================================================
# Start forward calculation. Frequency : 25.118 [Hz], Polarization : Ex-polarization
#================================================================================================
# Start 3D forward calculation with 0th order 3D edge-based element.( 3407 sec )
# Number of equation = 475883, Number of equation after degeneration = 473549
# Calculating EM field of the boundary planes with 2D forward analysis.        
#-----------------------------[ Boundary Plane 2 ]-----------------------------
# Calculate electric field on a boundary plane with 0th order edge-based element.
# Number of equation = 514, Number of equation after degeneration = 470
# Set values of matrix and right hand side vector. ( 3407 sec )
# Numerical factorization phase of matrix solver for boundary plane. Polarization : 0 Plane : 2. ( 3407 sec )
# Solve phase of matrix solver for boundary plane. Polarization : 0 Plane : 2. ( 3407 sec )
#-----------------------------[ Boundary Plane 3 ]-----------------------------
# Calculate electric field on a boundary plane with 0th order edge-based element.
# Number of equation = 514, Number of equation after degeneration = 470
# Set values of matrix and right hand side vector. ( 3407 sec )
# Numerical factorization phase of matrix solver for boundary plane. Polarization : 0 Plane : 3. ( 3407 sec )
# Solve phase of matrix solver for boundary plane. Polarization : 0 Plane : 3. ( 3407 sec )
#------------------------------------------------------------------------------
# Set values of matrix and right hand side vector. ( 3407 sec )
# Numerical factorization phase of matrix solver for 3D forward calculation. Polarization : 0.( 3410 sec )
# Solve phase of matrix solver for 3D forward calculation. Polarization : 0.( 3431 sec )
# Calulate right-hand sides vectors consisting of interpolator vectors.( 3431 sec )
# Solve phase of matrix solver for right-hand sides consisting of interpolator vectors.( 3432 sec )
# Solve phase is performed simultaneously for 303 right-hand sides( 3432 sec )
# Calculate derivatives of EM field.( 3443 sec )
#================================================================================================
# Start forward calculation. Frequency : 25.118 [Hz], Polarization : Ey-polarization
#================================================================================================
# Start 3D forward calculation with 0th order 3D edge-based element.( 3456 sec )
# Number of equation = 475883, Number of equation after degeneration = 473549
# Calculating EM field of the boundary planes with 2D forward analysis.        
#-----------------------------[ Boundary Plane 0 ]-----------------------------
# Calculate electric field on a boundary plane with 0th order edge-based element.
# Number of equation = 520, Number of equation after degeneration = 476
# Set values of matrix and right hand side vector. ( 3456 sec )
# Numerical factorization phase of matrix solver for boundary plane. Polarization : 1 Plane : 0. ( 3456 sec )
# Solve phase of matrix solver for boundary plane. Polarization : 1 Plane : 0. ( 3456 sec )
#-----------------------------[ Boundary Plane 1 ]-----------------------------
# Calculate electric field on a boundary plane with 0th order edge-based element.
# Number of equation = 520, Number of equation after degeneration = 476
# Set values of matrix and right hand side vector. ( 3456 sec )
# Numerical factorization phase of matrix solver for boundary plane. Polarization : 1 Plane : 1. ( 3456 sec )
# Solve phase of matrix solver for boundary plane. Polarization : 1 Plane : 1. ( 3456 sec )
#------------------------------------------------------------------------------
# Set values of matrix and right hand side vector. ( 3456 sec )
# Numerical factorization phase of matrix solver for 3D forward calculation. Polarization : 1.( 3458 sec )
# Solve phase of matrix solver for 3D forward calculation. Polarization : 1.( 3479 sec )
# Calulate right-hand sides vectors consisting of interpolator vectors.( 3479 sec )
# Solve phase of matrix solver for right-hand sides consisting of interpolator vectors.( 3481 sec )
# Solve phase is performed simultaneously for 303 right-hand sides( 3481 sec )
# Calculate derivatives of EM field.( 3491 sec )
#==============================================================================
# Calculate response functions. ( 3504 sec )
# Calculate sensitivity matrix of frequency 25.118[Hz].( 3504 sec )
# Sensitivity matrix of frequency 25.118[Hz] is saved in the out-of-core file sensMatFreq14.
#==============================================================================
#================================================================================================
# Start forward calculation. Frequency : 39.81 [Hz], Polarization : Ex-polarization
#================================================================================================
# Start 3D forward calculation with 0th order 3D edge-based element.( 3505 sec )
# Number of equation = 475883, Number of equation after degeneration = 473549
# Calculating EM field of the boundary planes with 2D forward analysis.        
#-----------------------------[ Boundary Plane 2 ]-----------------------------
# Calculate electric field on a boundary plane with 0th order edge-based element.
# Number of equation = 514, Number of equation after degeneration = 470
# Set values of matrix and right hand side vector. ( 3505 sec )
# Numerical factorization phase of matrix solver for boundary plane. Polarization : 0 Plane : 2. ( 3505 sec )
# Solve phase of matrix solver for boundary plane. Polarization : 0 Plane : 2. ( 3505 sec )
#-----------------------------[ Boundary Plane 3 ]-----------------------------
# Calculate electric field on a boundary plane with 0th order edge-based element.
# Number of equation = 514, Number of equation after degeneration = 470
# Set values of matrix and right hand side vector. ( 3505 sec )
# Numerical factorization phase of matrix solver for boundary plane. Polarization : 0 Plane : 3. ( 3505 sec )
# Solve phase of matrix solver for boundary plane. Polarization : 0 Plane : 3. ( 3505 sec )
#------------------------------------------------------------------------------
# Set values of matrix and right hand side vector. ( 3505 sec )
# Numerical factorization phase of matrix solver for 3D forward calculation. Polarization : 0.( 3507 sec )
# Solve phase of matrix solver for 3D forward calculation. Polarization : 0.( 3528 sec )
# Calulate right-hand sides vectors consisting of interpolator vectors.( 3528 sec )
# Solve phase of matrix solver for right-hand sides consisting of interpolator vectors.( 3529 sec )
# Solve phase is performed simultaneously for 293 right-hand sides( 3529 sec )
# Calculate derivatives of EM field.( 3539 sec )
#================================================================================================
# Start forward calculation. Frequency : 39.81 [Hz], Polarization : Ey-polarization
#================================================================================================
# Start 3D forward calculation with 0th order 3D edge-based element.( 3552 sec )
# Number of equation = 475883, Number of equation after degeneration = 473549
# Calculating EM field of the boundary planes with 2D forward analysis.        
#-----------------------------[ Boundary Plane 0 ]-----------------------------
# Calculate electric field on a boundary plane with 0th order edge-based element.
# Number of equation = 520, Number of equation after degeneration = 476
# Set values of matrix and right hand side vector. ( 3552 sec )
# Numerical factorization phase of matrix solver for boundary plane. Polarization : 1 Plane : 0. ( 3552 sec )
# Solve phase of matrix solver for boundary plane. Polarization : 1 Plane : 0. ( 3552 sec )
#-----------------------------[ Boundary Plane 1 ]-----------------------------
# Calculate electric field on a boundary plane with 0th order edge-based element.
# Number of equation = 520, Number of equation after degeneration = 476
# Set values of matrix and right hand side vector. ( 3552 sec )
# Numerical factorization phase of matrix solver for boundary plane. Polarization : 1 Plane : 1. ( 3552 sec )
# Solve phase of matrix solver for boundary plane. Polarization : 1 Plane : 1. ( 3552 sec )
#------------------------------------------------------------------------------
# Set values of matrix and right hand side vector. ( 3552 sec )
# Numerical factorization phase of matrix solver for 3D forward calculation. Polarization : 1.( 3554 sec )
# Solve phase of matrix solver for 3D forward calculation. Polarization : 1.( 3575 sec )
# Calulate right-hand sides vectors consisting of interpolator vectors.( 3575 sec )
# Solve phase of matrix solver for right-hand sides consisting of interpolator vectors.( 3576 sec )
# Solve phase is performed simultaneously for 293 right-hand sides( 3576 sec )
# Calculate derivatives of EM field.( 3586 sec )
#==============================================================================
# Calculate response functions. ( 3598 sec )
# Calculate sensitivity matrix of frequency 39.81[Hz].( 3599 sec )
# Sensitivity matrix of frequency 39.81[Hz] is saved in the out-of-core file sensMatFreq15.
#==============================================================================
#================================================================================================
# Start forward calculation. Frequency : 63.095 [Hz], Polarization : Ex-polarization
#================================================================================================
# Start 3D forward calculation with 0th order 3D edge-based element.( 3599 sec )
# Number of equation = 475883, Number of equation after degeneration = 473549
# Calculating EM field of the boundary planes with 2D forward analysis.        
#-----------------------------[ Boundary Plane 2 ]-----------------------------
# Calculate electric field on a boundary plane with 0th order edge-based element.
# Number of equation = 514, Number of equation after degeneration = 470
# Set values of matrix and right hand side vector. ( 3599 sec )
# Numerical factorization phase of matrix solver for boundary plane. Polarization : 0 Plane : 2. ( 3599 sec )
# Solve phase of matrix solver for boundary plane. Polarization : 0 Plane : 2. ( 3599 sec )
#-----------------------------[ Boundary Plane 3 ]-----------------------------
# Calculate electric field on a boundary plane with 0th order edge-based element.
# Number of equation = 514, Number of equation after degeneration = 470
# Set values of matrix and right hand side vector. ( 3599 sec )
# Numerical factorization phase of matrix solver for boundary plane. Polarization : 0 Plane : 3. ( 3599 sec )
# Solve phase of matrix solver for boundary plane. Polarization : 0 Plane : 3. ( 3599 sec )
#------------------------------------------------------------------------------
# Set values of matrix and right hand side vector. ( 3599 sec )
# Numerical factorization phase of matrix solver for 3D forward calculation. Polarization : 0.( 3601 sec )
# Solve phase of matrix solver for 3D forward calculation. Polarization : 0.( 3622 sec )
# Calulate right-hand sides vectors consisting of interpolator vectors.( 3623 sec )
# Solve phase of matrix solver for right-hand sides consisting of interpolator vectors.( 3624 sec )
# Solve phase is performed simultaneously for 275 right-hand sides( 3624 sec )
# Calculate derivatives of EM field.( 3633 sec )
#================================================================================================
# Start forward calculation. Frequency : 63.095 [Hz], Polarization : Ey-polarization
#================================================================================================
# Start 3D forward calculation with 0th order 3D edge-based element.( 3646 sec )
# Number of equation = 475883, Number of equation after degeneration = 473549
# Calculating EM field of the boundary planes with 2D forward analysis.        
#-----------------------------[ Boundary Plane 0 ]-----------------------------
# Calculate electric field on a boundary plane with 0th order edge-based element.
# Number of equation = 520, Number of equation after degeneration = 476
# Set values of matrix and right hand side vector. ( 3646 sec )
# Numerical factorization phase of matrix solver for boundary plane. Polarization : 1 Plane : 0. ( 3646 sec )
# Solve phase of matrix solver for boundary plane. Polarization : 1 Plane : 0. ( 3646 sec )
#-----------------------------[ Boundary Plane 1 ]-----------------------------
# Calculate electric field on a boundary plane with 0th order edge-based element.
# Number of equation = 520, Number of equation after degeneration = 476
# Set values of matrix and right hand side vector. ( 3646 sec )
# Numerical factorization phase of matrix solver for boundary plane. Polarization : 1 Plane : 1. ( 3646 sec )
# Solve phase of matrix solver for boundary plane. Polarization : 1 Plane : 1. ( 3646 sec )
#------------------------------------------------------------------------------
# Set values of matrix and right hand side vector. ( 3646 sec )
# Numerical factorization phase of matrix solver for 3D forward calculation. Polarization : 1.( 3648 sec )
# Solve phase of matrix solver for 3D forward calculation. Polarization : 1.( 3669 sec )
# Calulate right-hand sides vectors consisting of interpolator vectors.( 3669 sec )
# Solve phase of matrix solver for right-hand sides consisting of interpolator vectors.( 3671 sec )
# Solve phase is performed simultaneously for 275 right-hand sides( 3671 sec )
# Calculate derivatives of EM field.( 3680 sec )
#==============================================================================
# Calculate response functions. ( 3692 sec )
# Calculate sensitivity matrix of frequency 63.095[Hz].( 3693 sec )
# Sensitivity matrix of frequency 63.095[Hz] is saved in the out-of-core file sensMatFreq16.
#==============================================================================
# Release memory of coefficient matrix and sparse solver. ( 3693 sec )
###############################################################################
# Start Inversion.  Iteration : 5
###############################################################################
# Number of model : 54779
# Number of frequencies of this PE : 6
# Calculate constraining matrix. ( 3696 sec )
# Analyse constraining matrix.( 3696 sec )
# Analyse transposed constraining matrix.( 3696 sec )
# Factorize constraining matrix.( 3696 sec )
# Factorize transposed constraining matrix.( 3696 sec )
# Number of data of this PE : 2980
# Read sensitivity matrix from sensMatFreq11.( 3696 sec )
# Multiply transposed sensitivity matrix by inverse of transposed constraining matrix. ( 3698 sec )
# Solve phase is performed simultaneously for 496 right-hand sides( 3698 sec )
# Read sensitivity matrix from sensMatFreq12.( 3699 sec )
# Multiply transposed sensitivity matrix by inverse of transposed constraining matrix. ( 3701 sec )
# Solve phase is performed simultaneously for 488 right-hand sides( 3701 sec )
# Read sensitivity matrix from sensMatFreq13.( 3702 sec )
# Multiply transposed sensitivity matrix by inverse of transposed constraining matrix. ( 3704 sec )
# Solve phase is performed simultaneously for 488 right-hand sides( 3704 sec )
# Read sensitivity matrix from sensMatFreq14.( 3705 sec )
# Multiply transposed sensitivity matrix by inverse of transposed constraining matrix. ( 3706 sec )
# Solve phase is performed simultaneously for 524 right-hand sides( 3706 sec )
# Read sensitivity matrix from sensMatFreq15.( 3707 sec )
# Multiply transposed sensitivity matrix by inverse of transposed constraining matrix. ( 3708 sec )
# Solve phase is performed simultaneously for 508 right-hand sides( 3708 sec )
# Read sensitivity matrix from sensMatFreq16.( 3709 sec )
# Multiply transposed sensitivity matrix by inverse of transposed constraining matrix. ( 3709 sec )
# Solve phase is performed simultaneously for 476 right-hand sides( 3709 sec )
# Calculate right-hand side vector. ( 3710 sec )
# Read sensitivity matrix from sensMatFreq11.( 3710 sec )
# Read sensitivity matrix from sensMatFreq12.( 3711 sec )
# Read sensitivity matrix from sensMatFreq13.( 3711 sec )
# Read sensitivity matrix from sensMatFreq14.( 3711 sec )
# Read sensitivity matrix from sensMatFreq15.( 3711 sec )
# Read sensitivity matrix from sensMatFreq16.( 3711 sec )
# Read sensitivity matrix from sensMatFreq11.( 3758 sec )
# Read sensitivity matrix from sensMatFreq12.( 3758 sec )
# Read sensitivity matrix from sensMatFreq13.( 3758 sec )
# Read sensitivity matrix from sensMatFreq14.( 3758 sec )
# Read sensitivity matrix from sensMatFreq15.( 3758 sec )
# Read sensitivity matrix from sensMatFreq16.( 3758 sec )
# Calculate model increments. ( 3758 sec )
###############################################################################
# Start Forward Computation.  Iteration : 6,  Retrial : 0
###############################################################################
#================================================================================================
# Start forward calculation. Frequency : 6.3095 [Hz], Polarization : Ex-polarization
#================================================================================================
# Start 3D forward calculation with 0th order 3D edge-based element.( 3760 sec )
# Number of equation = 475883, Number of equation after degeneration = 473549
# Calculating EM field of the boundary planes with 2D forward analysis.        
#-----------------------------[ Boundary Plane 2 ]-----------------------------
# Calculate electric field on a boundary plane with 0th order edge-based element.
# Number of equation = 514, Number of equation after degeneration = 470
# Set values of matrix and right hand side vector. ( 3760 sec )
# Numerical factorization phase of matrix solver for boundary plane. Polarization : 0 Plane : 2. ( 3760 sec )
# Solve phase of matrix solver for boundary plane. Polarization : 0 Plane : 2. ( 3760 sec )
#-----------------------------[ Boundary Plane 3 ]-----------------------------
# Calculate electric field on a boundary plane with 0th order edge-based element.
# Number of equation = 514, Number of equation after degeneration = 470
# Set values of matrix and right hand side vector. ( 3760 sec )
# Numerical factorization phase of matrix solver for boundary plane. Polarization : 0 Plane : 3. ( 3760 sec )
# Solve phase of matrix solver for boundary plane. Polarization : 0 Plane : 3. ( 3760 sec )
#------------------------------------------------------------------------------
# Set matrix structure. ( 3760 sec )
# Anaysis phase of matrix solver for 3D forward calculation. Polarization : 0. ( 3763 sec )
#++++++++++++++++++++++++++++++++++++++++++++++++++++++++++++++++++++++++++++++++++++++++++++++++
# Total peak memory required during the analysis and symbolic factorization phase    : 577787 [KByte]
# Permanent memory required from the analysis phase to the solve phases              : 482400 [KByte]
# Total memory consumed by in-core forward solver for internal float point arrays    : 4.15038e+06 [KByte]
# Minimum memory consumed by out-core forward solver for internal float point arrays : 68473 [KByte]
#++++++++++++++++++++++++++++++++++++++++++++++++++++++++++++++++++++++++++++++++++++++++++++++++
# Set values of matrix and right hand side vector. ( 3766 sec )
# Numerical factorization phase of matrix solver for 3D forward calculation. Polarization : 0.( 3768 sec )
# Solve phase of matrix solver for 3D forward calculation. Polarization : 0.( 3789 sec )
# Calulate right-hand sides vectors consisting of interpolator vectors.( 3789 sec )
# Solve phase of matrix solver for right-hand sides consisting of interpolator vectors.( 3791 sec )
# Solve phase is performed simultaneously for 286 right-hand sides( 3791 sec )
# Calculate derivatives of EM field.( 3800 sec )
#================================================================================================
# Start forward calculation. Frequency : 6.3095 [Hz], Polarization : Ey-polarization
#================================================================================================
# Start 3D forward calculation with 0th order 3D edge-based element.( 3814 sec )
# Number of equation = 475883, Number of equation after degeneration = 473549
# Calculating EM field of the boundary planes with 2D forward analysis.        
#-----------------------------[ Boundary Plane 0 ]-----------------------------
# Calculate electric field on a boundary plane with 0th order edge-based element.
# Number of equation = 520, Number of equation after degeneration = 476
# Set values of matrix and right hand side vector. ( 3814 sec )
# Numerical factorization phase of matrix solver for boundary plane. Polarization : 1 Plane : 0. ( 3814 sec )
# Solve phase of matrix solver for boundary plane. Polarization : 1 Plane : 0. ( 3814 sec )
#-----------------------------[ Boundary Plane 1 ]-----------------------------
# Calculate electric field on a boundary plane with 0th order edge-based element.
# Number of equation = 520, Number of equation after degeneration = 476
# Set values of matrix and right hand side vector. ( 3814 sec )
# Numerical factorization phase of matrix solver for boundary plane. Polarization : 1 Plane : 1. ( 3814 sec )
# Solve phase of matrix solver for boundary plane. Polarization : 1 Plane : 1. ( 3814 sec )
#------------------------------------------------------------------------------
# Set values of matrix and right hand side vector. ( 3814 sec )
# Numerical factorization phase of matrix solver for 3D forward calculation. Polarization : 1.( 3816 sec )
# Solve phase of matrix solver for 3D forward calculation. Polarization : 1.( 3837 sec )
# Calulate right-hand sides vectors consisting of interpolator vectors.( 3837 sec )
# Solve phase of matrix solver for right-hand sides consisting of interpolator vectors.( 3838 sec )
# Solve phase is performed simultaneously for 286 right-hand sides( 3838 sec )
# Calculate derivatives of EM field.( 3848 sec )
#==============================================================================
# Calculate response functions. ( 3862 sec )
# Calculate sensitivity matrix of frequency 6.3095[Hz].( 3862 sec )
# Sensitivity matrix of frequency 6.3095[Hz] is saved in the out-of-core file sensMatFreq11.
#==============================================================================
#================================================================================================
# Start forward calculation. Frequency : 10 [Hz], Polarization : Ex-polarization
#================================================================================================
# Start 3D forward calculation with 0th order 3D edge-based element.( 3862 sec )
# Number of equation = 475883, Number of equation after degeneration = 473549
# Calculating EM field of the boundary planes with 2D forward analysis.        
#-----------------------------[ Boundary Plane 2 ]-----------------------------
# Calculate electric field on a boundary plane with 0th order edge-based element.
# Number of equation = 514, Number of equation after degeneration = 470
# Set values of matrix and right hand side vector. ( 3862 sec )
# Numerical factorization phase of matrix solver for boundary plane. Polarization : 0 Plane : 2. ( 3862 sec )
# Solve phase of matrix solver for boundary plane. Polarization : 0 Plane : 2. ( 3862 sec )
#-----------------------------[ Boundary Plane 3 ]-----------------------------
# Calculate electric field on a boundary plane with 0th order edge-based element.
# Number of equation = 514, Number of equation after degeneration = 470
# Set values of matrix and right hand side vector. ( 3862 sec )
# Numerical factorization phase of matrix solver for boundary plane. Polarization : 0 Plane : 3. ( 3862 sec )
# Solve phase of matrix solver for boundary plane. Polarization : 0 Plane : 3. ( 3862 sec )
#------------------------------------------------------------------------------
# Set values of matrix and right hand side vector. ( 3862 sec )
# Numerical factorization phase of matrix solver for 3D forward calculation. Polarization : 0.( 3865 sec )
# Solve phase of matrix solver for 3D forward calculation. Polarization : 0.( 3885 sec )
# Calulate right-hand sides vectors consisting of interpolator vectors.( 3886 sec )
# Solve phase of matrix solver for right-hand sides consisting of interpolator vectors.( 3887 sec )
# Solve phase is performed simultaneously for 282 right-hand sides( 3887 sec )
# Calculate derivatives of EM field.( 3896 sec )
#================================================================================================
# Start forward calculation. Frequency : 10 [Hz], Polarization : Ey-polarization
#================================================================================================
# Start 3D forward calculation with 0th order 3D edge-based element.( 3910 sec )
# Number of equation = 475883, Number of equation after degeneration = 473549
# Calculating EM field of the boundary planes with 2D forward analysis.        
#-----------------------------[ Boundary Plane 0 ]-----------------------------
# Calculate electric field on a boundary plane with 0th order edge-based element.
# Number of equation = 520, Number of equation after degeneration = 476
# Set values of matrix and right hand side vector. ( 3910 sec )
# Numerical factorization phase of matrix solver for boundary plane. Polarization : 1 Plane : 0. ( 3910 sec )
# Solve phase of matrix solver for boundary plane. Polarization : 1 Plane : 0. ( 3910 sec )
#-----------------------------[ Boundary Plane 1 ]-----------------------------
# Calculate electric field on a boundary plane with 0th order edge-based element.
# Number of equation = 520, Number of equation after degeneration = 476
# Set values of matrix and right hand side vector. ( 3910 sec )
# Numerical factorization phase of matrix solver for boundary plane. Polarization : 1 Plane : 1. ( 3910 sec )
# Solve phase of matrix solver for boundary plane. Polarization : 1 Plane : 1. ( 3910 sec )
#------------------------------------------------------------------------------
# Set values of matrix and right hand side vector. ( 3910 sec )
# Numerical factorization phase of matrix solver for 3D forward calculation. Polarization : 1.( 3912 sec )
# Solve phase of matrix solver for 3D forward calculation. Polarization : 1.( 3933 sec )
# Calulate right-hand sides vectors consisting of interpolator vectors.( 3933 sec )
# Solve phase of matrix solver for right-hand sides consisting of interpolator vectors.( 3934 sec )
# Solve phase is performed simultaneously for 282 right-hand sides( 3934 sec )
# Calculate derivatives of EM field.( 3944 sec )
#==============================================================================
# Calculate response functions. ( 3957 sec )
# Calculate sensitivity matrix of frequency 10[Hz].( 3957 sec )
# Sensitivity matrix of frequency 10[Hz] is saved in the out-of-core file sensMatFreq12.
#==============================================================================
#================================================================================================
# Start forward calculation. Frequency : 15.848 [Hz], Polarization : Ex-polarization
#================================================================================================
# Start 3D forward calculation with 0th order 3D edge-based element.( 3958 sec )
# Number of equation = 475883, Number of equation after degeneration = 473549
# Calculating EM field of the boundary planes with 2D forward analysis.        
#-----------------------------[ Boundary Plane 2 ]-----------------------------
# Calculate electric field on a boundary plane with 0th order edge-based element.
# Number of equation = 514, Number of equation after degeneration = 470
# Set values of matrix and right hand side vector. ( 3958 sec )
# Numerical factorization phase of matrix solver for boundary plane. Polarization : 0 Plane : 2. ( 3958 sec )
# Solve phase of matrix solver for boundary plane. Polarization : 0 Plane : 2. ( 3958 sec )
#-----------------------------[ Boundary Plane 3 ]-----------------------------
# Calculate electric field on a boundary plane with 0th order edge-based element.
# Number of equation = 514, Number of equation after degeneration = 470
# Set values of matrix and right hand side vector. ( 3958 sec )
# Numerical factorization phase of matrix solver for boundary plane. Polarization : 0 Plane : 3. ( 3958 sec )
# Solve phase of matrix solver for boundary plane. Polarization : 0 Plane : 3. ( 3958 sec )
#------------------------------------------------------------------------------
# Set values of matrix and right hand side vector. ( 3958 sec )
# Numerical factorization phase of matrix solver for 3D forward calculation. Polarization : 0.( 3960 sec )
# Solve phase of matrix solver for 3D forward calculation. Polarization : 0.( 3981 sec )
# Calulate right-hand sides vectors consisting of interpolator vectors.( 3981 sec )
# Solve phase of matrix solver for right-hand sides consisting of interpolator vectors.( 3982 sec )
# Solve phase is performed simultaneously for 282 right-hand sides( 3982 sec )
# Calculate derivatives of EM field.( 3992 sec )
#================================================================================================
# Start forward calculation. Frequency : 15.848 [Hz], Polarization : Ey-polarization
#================================================================================================
# Start 3D forward calculation with 0th order 3D edge-based element.( 4004 sec )
# Number of equation = 475883, Number of equation after degeneration = 473549
# Calculating EM field of the boundary planes with 2D forward analysis.        
#-----------------------------[ Boundary Plane 0 ]-----------------------------
# Calculate electric field on a boundary plane with 0th order edge-based element.
# Number of equation = 520, Number of equation after degeneration = 476
# Set values of matrix and right hand side vector. ( 4004 sec )
# Numerical factorization phase of matrix solver for boundary plane. Polarization : 1 Plane : 0. ( 4004 sec )
# Solve phase of matrix solver for boundary plane. Polarization : 1 Plane : 0. ( 4004 sec )
#-----------------------------[ Boundary Plane 1 ]-----------------------------
# Calculate electric field on a boundary plane with 0th order edge-based element.
# Number of equation = 520, Number of equation after degeneration = 476
# Set values of matrix and right hand side vector. ( 4004 sec )
# Numerical factorization phase of matrix solver for boundary plane. Polarization : 1 Plane : 1. ( 4004 sec )
# Solve phase of matrix solver for boundary plane. Polarization : 1 Plane : 1. ( 4004 sec )
#------------------------------------------------------------------------------
# Set values of matrix and right hand side vector. ( 4004 sec )
# Numerical factorization phase of matrix solver for 3D forward calculation. Polarization : 1.( 4007 sec )
# Solve phase of matrix solver for 3D forward calculation. Polarization : 1.( 4027 sec )
# Calulate right-hand sides vectors consisting of interpolator vectors.( 4028 sec )
# Solve phase of matrix solver for right-hand sides consisting of interpolator vectors.( 4029 sec )
# Solve phase is performed simultaneously for 282 right-hand sides( 4029 sec )
# Calculate derivatives of EM field.( 4039 sec )
#==============================================================================
# Calculate response functions. ( 4051 sec )
# Calculate sensitivity matrix of frequency 15.848[Hz].( 4051 sec )
# Sensitivity matrix of frequency 15.848[Hz] is saved in the out-of-core file sensMatFreq13.
#==============================================================================
#================================================================================================
# Start forward calculation. Frequency : 25.118 [Hz], Polarization : Ex-polarization
#================================================================================================
# Start 3D forward calculation with 0th order 3D edge-based element.( 4052 sec )
# Number of equation = 475883, Number of equation after degeneration = 473549
# Calculating EM field of the boundary planes with 2D forward analysis.        
#-----------------------------[ Boundary Plane 2 ]-----------------------------
# Calculate electric field on a boundary plane with 0th order edge-based element.
# Number of equation = 514, Number of equation after degeneration = 470
# Set values of matrix and right hand side vector. ( 4052 sec )
# Numerical factorization phase of matrix solver for boundary plane. Polarization : 0 Plane : 2. ( 4052 sec )
# Solve phase of matrix solver for boundary plane. Polarization : 0 Plane : 2. ( 4052 sec )
#-----------------------------[ Boundary Plane 3 ]-----------------------------
# Calculate electric field on a boundary plane with 0th order edge-based element.
# Number of equation = 514, Number of equation after degeneration = 470
# Set values of matrix and right hand side vector. ( 4052 sec )
# Numerical factorization phase of matrix solver for boundary plane. Polarization : 0 Plane : 3. ( 4052 sec )
# Solve phase of matrix solver for boundary plane. Polarization : 0 Plane : 3. ( 4052 sec )
#------------------------------------------------------------------------------
# Set values of matrix and right hand side vector. ( 4052 sec )
# Numerical factorization phase of matrix solver for 3D forward calculation. Polarization : 0.( 4054 sec )
# Solve phase of matrix solver for 3D forward calculation. Polarization : 0.( 4075 sec )
# Calulate right-hand sides vectors consisting of interpolator vectors.( 4075 sec )
# Solve phase of matrix solver for right-hand sides consisting of interpolator vectors.( 4076 sec )
# Solve phase is performed simultaneously for 303 right-hand sides( 4076 sec )
# Calculate derivatives of EM field.( 4087 sec )
#================================================================================================
# Start forward calculation. Frequency : 25.118 [Hz], Polarization : Ey-polarization
#================================================================================================
# Start 3D forward calculation with 0th order 3D edge-based element.( 4100 sec )
# Number of equation = 475883, Number of equation after degeneration = 473549
# Calculating EM field of the boundary planes with 2D forward analysis.        
#-----------------------------[ Boundary Plane 0 ]-----------------------------
# Calculate electric field on a boundary plane with 0th order edge-based element.
# Number of equation = 520, Number of equation after degeneration = 476
# Set values of matrix and right hand side vector. ( 4100 sec )
# Numerical factorization phase of matrix solver for boundary plane. Polarization : 1 Plane : 0. ( 4100 sec )
# Solve phase of matrix solver for boundary plane. Polarization : 1 Plane : 0. ( 4100 sec )
#-----------------------------[ Boundary Plane 1 ]-----------------------------
# Calculate electric field on a boundary plane with 0th order edge-based element.
# Number of equation = 520, Number of equation after degeneration = 476
# Set values of matrix and right hand side vector. ( 4100 sec )
# Numerical factorization phase of matrix solver for boundary plane. Polarization : 1 Plane : 1. ( 4100 sec )
# Solve phase of matrix solver for boundary plane. Polarization : 1 Plane : 1. ( 4100 sec )
#------------------------------------------------------------------------------
# Set values of matrix and right hand side vector. ( 4100 sec )
# Numerical factorization phase of matrix solver for 3D forward calculation. Polarization : 1.( 4102 sec )
# Solve phase of matrix solver for 3D forward calculation. Polarization : 1.( 4123 sec )
# Calulate right-hand sides vectors consisting of interpolator vectors.( 4123 sec )
# Solve phase of matrix solver for right-hand sides consisting of interpolator vectors.( 4125 sec )
# Solve phase is performed simultaneously for 303 right-hand sides( 4125 sec )
# Calculate derivatives of EM field.( 4135 sec )
#==============================================================================
# Calculate response functions. ( 4148 sec )
# Calculate sensitivity matrix of frequency 25.118[Hz].( 4148 sec )
# Sensitivity matrix of frequency 25.118[Hz] is saved in the out-of-core file sensMatFreq14.
#==============================================================================
#================================================================================================
# Start forward calculation. Frequency : 39.81 [Hz], Polarization : Ex-polarization
#================================================================================================
# Start 3D forward calculation with 0th order 3D edge-based element.( 4149 sec )
# Number of equation = 475883, Number of equation after degeneration = 473549
# Calculating EM field of the boundary planes with 2D forward analysis.        
#-----------------------------[ Boundary Plane 2 ]-----------------------------
# Calculate electric field on a boundary plane with 0th order edge-based element.
# Number of equation = 514, Number of equation after degeneration = 470
# Set values of matrix and right hand side vector. ( 4149 sec )
# Numerical factorization phase of matrix solver for boundary plane. Polarization : 0 Plane : 2. ( 4149 sec )
# Solve phase of matrix solver for boundary plane. Polarization : 0 Plane : 2. ( 4149 sec )
#-----------------------------[ Boundary Plane 3 ]-----------------------------
# Calculate electric field on a boundary plane with 0th order edge-based element.
# Number of equation = 514, Number of equation after degeneration = 470
# Set values of matrix and right hand side vector. ( 4149 sec )
# Numerical factorization phase of matrix solver for boundary plane. Polarization : 0 Plane : 3. ( 4149 sec )
# Solve phase of matrix solver for boundary plane. Polarization : 0 Plane : 3. ( 4149 sec )
#------------------------------------------------------------------------------
# Set values of matrix and right hand side vector. ( 4149 sec )
# Numerical factorization phase of matrix solver for 3D forward calculation. Polarization : 0.( 4151 sec )
# Solve phase of matrix solver for 3D forward calculation. Polarization : 0.( 4172 sec )
# Calulate right-hand sides vectors consisting of interpolator vectors.( 4172 sec )
# Solve phase of matrix solver for right-hand sides consisting of interpolator vectors.( 4173 sec )
# Solve phase is performed simultaneously for 293 right-hand sides( 4173 sec )
# Calculate derivatives of EM field.( 4183 sec )
#================================================================================================
# Start forward calculation. Frequency : 39.81 [Hz], Polarization : Ey-polarization
#================================================================================================
# Start 3D forward calculation with 0th order 3D edge-based element.( 4196 sec )
# Number of equation = 475883, Number of equation after degeneration = 473549
# Calculating EM field of the boundary planes with 2D forward analysis.        
#-----------------------------[ Boundary Plane 0 ]-----------------------------
# Calculate electric field on a boundary plane with 0th order edge-based element.
# Number of equation = 520, Number of equation after degeneration = 476
# Set values of matrix and right hand side vector. ( 4196 sec )
# Numerical factorization phase of matrix solver for boundary plane. Polarization : 1 Plane : 0. ( 4196 sec )
# Solve phase of matrix solver for boundary plane. Polarization : 1 Plane : 0. ( 4196 sec )
#-----------------------------[ Boundary Plane 1 ]-----------------------------
# Calculate electric field on a boundary plane with 0th order edge-based element.
# Number of equation = 520, Number of equation after degeneration = 476
# Set values of matrix and right hand side vector. ( 4196 sec )
# Numerical factorization phase of matrix solver for boundary plane. Polarization : 1 Plane : 1. ( 4196 sec )
# Solve phase of matrix solver for boundary plane. Polarization : 1 Plane : 1. ( 4196 sec )
#------------------------------------------------------------------------------
# Set values of matrix and right hand side vector. ( 4196 sec )
# Numerical factorization phase of matrix solver for 3D forward calculation. Polarization : 1.( 4198 sec )
# Solve phase of matrix solver for 3D forward calculation. Polarization : 1.( 4219 sec )
# Calulate right-hand sides vectors consisting of interpolator vectors.( 4219 sec )
# Solve phase of matrix solver for right-hand sides consisting of interpolator vectors.( 4220 sec )
# Solve phase is performed simultaneously for 293 right-hand sides( 4220 sec )
# Calculate derivatives of EM field.( 4230 sec )
#==============================================================================
# Calculate response functions. ( 4243 sec )
# Calculate sensitivity matrix of frequency 39.81[Hz].( 4243 sec )
# Sensitivity matrix of frequency 39.81[Hz] is saved in the out-of-core file sensMatFreq15.
#==============================================================================
#================================================================================================
# Start forward calculation. Frequency : 63.095 [Hz], Polarization : Ex-polarization
#================================================================================================
# Start 3D forward calculation with 0th order 3D edge-based element.( 4243 sec )
# Number of equation = 475883, Number of equation after degeneration = 473549
# Calculating EM field of the boundary planes with 2D forward analysis.        
#-----------------------------[ Boundary Plane 2 ]-----------------------------
# Calculate electric field on a boundary plane with 0th order edge-based element.
# Number of equation = 514, Number of equation after degeneration = 470
# Set values of matrix and right hand side vector. ( 4243 sec )
# Numerical factorization phase of matrix solver for boundary plane. Polarization : 0 Plane : 2. ( 4243 sec )
# Solve phase of matrix solver for boundary plane. Polarization : 0 Plane : 2. ( 4243 sec )
#-----------------------------[ Boundary Plane 3 ]-----------------------------
# Calculate electric field on a boundary plane with 0th order edge-based element.
# Number of equation = 514, Number of equation after degeneration = 470
# Set values of matrix and right hand side vector. ( 4243 sec )
# Numerical factorization phase of matrix solver for boundary plane. Polarization : 0 Plane : 3. ( 4243 sec )
# Solve phase of matrix solver for boundary plane. Polarization : 0 Plane : 3. ( 4243 sec )
#------------------------------------------------------------------------------
# Set values of matrix and right hand side vector. ( 4243 sec )
# Numerical factorization phase of matrix solver for 3D forward calculation. Polarization : 0.( 4246 sec )
# Solve phase of matrix solver for 3D forward calculation. Polarization : 0.( 4266 sec )
# Calulate right-hand sides vectors consisting of interpolator vectors.( 4267 sec )
# Solve phase of matrix solver for right-hand sides consisting of interpolator vectors.( 4268 sec )
# Solve phase is performed simultaneously for 275 right-hand sides( 4268 sec )
# Calculate derivatives of EM field.( 4277 sec )
#================================================================================================
# Start forward calculation. Frequency : 63.095 [Hz], Polarization : Ey-polarization
#================================================================================================
# Start 3D forward calculation with 0th order 3D edge-based element.( 4290 sec )
# Number of equation = 475883, Number of equation after degeneration = 473549
# Calculating EM field of the boundary planes with 2D forward analysis.        
#-----------------------------[ Boundary Plane 0 ]-----------------------------
# Calculate electric field on a boundary plane with 0th order edge-based element.
# Number of equation = 520, Number of equation after degeneration = 476
# Set values of matrix and right hand side vector. ( 4290 sec )
# Numerical factorization phase of matrix solver for boundary plane. Polarization : 1 Plane : 0. ( 4290 sec )
# Solve phase of matrix solver for boundary plane. Polarization : 1 Plane : 0. ( 4290 sec )
#-----------------------------[ Boundary Plane 1 ]-----------------------------
# Calculate electric field on a boundary plane with 0th order edge-based element.
# Number of equation = 520, Number of equation after degeneration = 476
# Set values of matrix and right hand side vector. ( 4290 sec )
# Numerical factorization phase of matrix solver for boundary plane. Polarization : 1 Plane : 1. ( 4290 sec )
# Solve phase of matrix solver for boundary plane. Polarization : 1 Plane : 1. ( 4290 sec )
#------------------------------------------------------------------------------
# Set values of matrix and right hand side vector. ( 4290 sec )
# Numerical factorization phase of matrix solver for 3D forward calculation. Polarization : 1.( 4292 sec )
# Solve phase of matrix solver for 3D forward calculation. Polarization : 1.( 4313 sec )
# Calulate right-hand sides vectors consisting of interpolator vectors.( 4314 sec )
# Solve phase of matrix solver for right-hand sides consisting of interpolator vectors.( 4315 sec )
# Solve phase is performed simultaneously for 275 right-hand sides( 4315 sec )
# Calculate derivatives of EM field.( 4324 sec )
#==============================================================================
# Calculate response functions. ( 4337 sec )
# Calculate sensitivity matrix of frequency 63.095[Hz].( 4337 sec )
# Sensitivity matrix of frequency 63.095[Hz] is saved in the out-of-core file sensMatFreq16.
#==============================================================================
# Release memory of coefficient matrix and sparse solver. ( 4338 sec )
###############################################################################
# Start Inversion.  Iteration : 6
###############################################################################
# Number of model : 54779
# Number of frequencies of this PE : 6
# Calculate constraining matrix. ( 4340 sec )
# Analyse constraining matrix.( 4340 sec )
# Analyse transposed constraining matrix.( 4340 sec )
# Factorize constraining matrix.( 4341 sec )
# Factorize transposed constraining matrix.( 4341 sec )
# Number of data of this PE : 2980
# Read sensitivity matrix from sensMatFreq11.( 4341 sec )
# Multiply transposed sensitivity matrix by inverse of transposed constraining matrix. ( 4342 sec )
# Solve phase is performed simultaneously for 496 right-hand sides( 4342 sec )
# Read sensitivity matrix from sensMatFreq12.( 4343 sec )
# Multiply transposed sensitivity matrix by inverse of transposed constraining matrix. ( 4345 sec )
# Solve phase is performed simultaneously for 488 right-hand sides( 4345 sec )
# Read sensitivity matrix from sensMatFreq13.( 4346 sec )
# Multiply transposed sensitivity matrix by inverse of transposed constraining matrix. ( 4348 sec )
# Solve phase is performed simultaneously for 488 right-hand sides( 4348 sec )
# Read sensitivity matrix from sensMatFreq14.( 4349 sec )
# Multiply transposed sensitivity matrix by inverse of transposed constraining matrix. ( 4350 sec )
# Solve phase is performed simultaneously for 524 right-hand sides( 4350 sec )
# Read sensitivity matrix from sensMatFreq15.( 4351 sec )
# Multiply transposed sensitivity matrix by inverse of transposed constraining matrix. ( 4353 sec )
# Solve phase is performed simultaneously for 508 right-hand sides( 4353 sec )
# Read sensitivity matrix from sensMatFreq16.( 4354 sec )
# Multiply transposed sensitivity matrix by inverse of transposed constraining matrix. ( 4355 sec )
# Solve phase is performed simultaneously for 476 right-hand sides( 4355 sec )
# Calculate right-hand side vector. ( 4356 sec )
# Read sensitivity matrix from sensMatFreq11.( 4356 sec )
# Read sensitivity matrix from sensMatFreq12.( 4356 sec )
# Read sensitivity matrix from sensMatFreq13.( 4356 sec )
# Read sensitivity matrix from sensMatFreq14.( 4356 sec )
# Read sensitivity matrix from sensMatFreq15.( 4356 sec )
# Read sensitivity matrix from sensMatFreq16.( 4356 sec )
# Read sensitivity matrix from sensMatFreq11.( 4406 sec )
# Read sensitivity matrix from sensMatFreq12.( 4406 sec )
# Read sensitivity matrix from sensMatFreq13.( 4406 sec )
# Read sensitivity matrix from sensMatFreq14.( 4406 sec )
# Read sensitivity matrix from sensMatFreq15.( 4406 sec )
# Read sensitivity matrix from sensMatFreq16.( 4406 sec )
# Calculate model increments. ( 4407 sec )
###############################################################################
# Start Forward Computation.  Iteration : 7,  Retrial : 0
###############################################################################
#================================================================================================
# Start forward calculation. Frequency : 6.3095 [Hz], Polarization : Ex-polarization
#================================================================================================
# Start 3D forward calculation with 0th order 3D edge-based element.( 4408 sec )
# Number of equation = 475883, Number of equation after degeneration = 473549
# Calculating EM field of the boundary planes with 2D forward analysis.        
#-----------------------------[ Boundary Plane 2 ]-----------------------------
# Calculate electric field on a boundary plane with 0th order edge-based element.
# Number of equation = 514, Number of equation after degeneration = 470
# Set values of matrix and right hand side vector. ( 4408 sec )
# Numerical factorization phase of matrix solver for boundary plane. Polarization : 0 Plane : 2. ( 4408 sec )
# Solve phase of matrix solver for boundary plane. Polarization : 0 Plane : 2. ( 4408 sec )
#-----------------------------[ Boundary Plane 3 ]-----------------------------
# Calculate electric field on a boundary plane with 0th order edge-based element.
# Number of equation = 514, Number of equation after degeneration = 470
# Set values of matrix and right hand side vector. ( 4408 sec )
# Numerical factorization phase of matrix solver for boundary plane. Polarization : 0 Plane : 3. ( 4408 sec )
# Solve phase of matrix solver for boundary plane. Polarization : 0 Plane : 3. ( 4408 sec )
#------------------------------------------------------------------------------
# Set matrix structure. ( 4408 sec )
# Anaysis phase of matrix solver for 3D forward calculation. Polarization : 0. ( 4411 sec )
#++++++++++++++++++++++++++++++++++++++++++++++++++++++++++++++++++++++++++++++++++++++++++++++++
# Total peak memory required during the analysis and symbolic factorization phase    : 577971 [KByte]
# Permanent memory required from the analysis phase to the solve phases              : 482530 [KByte]
# Total memory consumed by in-core forward solver for internal float point arrays    : 4.12652e+06 [KByte]
# Minimum memory consumed by out-core forward solver for internal float point arrays : 68387 [KByte]
#++++++++++++++++++++++++++++++++++++++++++++++++++++++++++++++++++++++++++++++++++++++++++++++++
# Set values of matrix and right hand side vector. ( 4414 sec )
# Numerical factorization phase of matrix solver for 3D forward calculation. Polarization : 0.( 4416 sec )
# Solve phase of matrix solver for 3D forward calculation. Polarization : 0.( 4437 sec )
# Calulate right-hand sides vectors consisting of interpolator vectors.( 4438 sec )
# Solve phase of matrix solver for right-hand sides consisting of interpolator vectors.( 4439 sec )
# Solve phase is performed simultaneously for 286 right-hand sides( 4439 sec )
# Calculate derivatives of EM field.( 4449 sec )
#================================================================================================
# Start forward calculation. Frequency : 6.3095 [Hz], Polarization : Ey-polarization
#================================================================================================
# Start 3D forward calculation with 0th order 3D edge-based element.( 4462 sec )
# Number of equation = 475883, Number of equation after degeneration = 473549
# Calculating EM field of the boundary planes with 2D forward analysis.        
#-----------------------------[ Boundary Plane 0 ]-----------------------------
# Calculate electric field on a boundary plane with 0th order edge-based element.
# Number of equation = 520, Number of equation after degeneration = 476
# Set values of matrix and right hand side vector. ( 4462 sec )
# Numerical factorization phase of matrix solver for boundary plane. Polarization : 1 Plane : 0. ( 4462 sec )
# Solve phase of matrix solver for boundary plane. Polarization : 1 Plane : 0. ( 4462 sec )
#-----------------------------[ Boundary Plane 1 ]-----------------------------
# Calculate electric field on a boundary plane with 0th order edge-based element.
# Number of equation = 520, Number of equation after degeneration = 476
# Set values of matrix and right hand side vector. ( 4462 sec )
# Numerical factorization phase of matrix solver for boundary plane. Polarization : 1 Plane : 1. ( 4462 sec )
# Solve phase of matrix solver for boundary plane. Polarization : 1 Plane : 1. ( 4462 sec )
#------------------------------------------------------------------------------
# Set values of matrix and right hand side vector. ( 4462 sec )
# Numerical factorization phase of matrix solver for 3D forward calculation. Polarization : 1.( 4464 sec )
# Solve phase of matrix solver for 3D forward calculation. Polarization : 1.( 4485 sec )
# Calulate right-hand sides vectors consisting of interpolator vectors.( 4486 sec )
# Solve phase of matrix solver for right-hand sides consisting of interpolator vectors.( 4487 sec )
# Solve phase is performed simultaneously for 286 right-hand sides( 4487 sec )
# Calculate derivatives of EM field.( 4497 sec )
#==============================================================================
# Calculate response functions. ( 4510 sec )
# Calculate sensitivity matrix of frequency 6.3095[Hz].( 4510 sec )
# Sensitivity matrix of frequency 6.3095[Hz] is saved in the out-of-core file sensMatFreq11.
#==============================================================================
#================================================================================================
# Start forward calculation. Frequency : 10 [Hz], Polarization : Ex-polarization
#================================================================================================
# Start 3D forward calculation with 0th order 3D edge-based element.( 4511 sec )
# Number of equation = 475883, Number of equation after degeneration = 473549
# Calculating EM field of the boundary planes with 2D forward analysis.        
#-----------------------------[ Boundary Plane 2 ]-----------------------------
# Calculate electric field on a boundary plane with 0th order edge-based element.
# Number of equation = 514, Number of equation after degeneration = 470
# Set values of matrix and right hand side vector. ( 4511 sec )
# Numerical factorization phase of matrix solver for boundary plane. Polarization : 0 Plane : 2. ( 4511 sec )
# Solve phase of matrix solver for boundary plane. Polarization : 0 Plane : 2. ( 4511 sec )
#-----------------------------[ Boundary Plane 3 ]-----------------------------
# Calculate electric field on a boundary plane with 0th order edge-based element.
# Number of equation = 514, Number of equation after degeneration = 470
# Set values of matrix and right hand side vector. ( 4511 sec )
# Numerical factorization phase of matrix solver for boundary plane. Polarization : 0 Plane : 3. ( 4511 sec )
# Solve phase of matrix solver for boundary plane. Polarization : 0 Plane : 3. ( 4511 sec )
#------------------------------------------------------------------------------
# Set values of matrix and right hand side vector. ( 4511 sec )
# Numerical factorization phase of matrix solver for 3D forward calculation. Polarization : 0.( 4513 sec )
# Solve phase of matrix solver for 3D forward calculation. Polarization : 0.( 4534 sec )
# Calulate right-hand sides vectors consisting of interpolator vectors.( 4534 sec )
# Solve phase of matrix solver for right-hand sides consisting of interpolator vectors.( 4535 sec )
# Solve phase is performed simultaneously for 282 right-hand sides( 4535 sec )
# Calculate derivatives of EM field.( 4545 sec )
#================================================================================================
# Start forward calculation. Frequency : 10 [Hz], Polarization : Ey-polarization
#================================================================================================
# Start 3D forward calculation with 0th order 3D edge-based element.( 4557 sec )
# Number of equation = 475883, Number of equation after degeneration = 473549
# Calculating EM field of the boundary planes with 2D forward analysis.        
#-----------------------------[ Boundary Plane 0 ]-----------------------------
# Calculate electric field on a boundary plane with 0th order edge-based element.
# Number of equation = 520, Number of equation after degeneration = 476
# Set values of matrix and right hand side vector. ( 4557 sec )
# Numerical factorization phase of matrix solver for boundary plane. Polarization : 1 Plane : 0. ( 4557 sec )
# Solve phase of matrix solver for boundary plane. Polarization : 1 Plane : 0. ( 4557 sec )
#-----------------------------[ Boundary Plane 1 ]-----------------------------
# Calculate electric field on a boundary plane with 0th order edge-based element.
# Number of equation = 520, Number of equation after degeneration = 476
# Set values of matrix and right hand side vector. ( 4557 sec )
# Numerical factorization phase of matrix solver for boundary plane. Polarization : 1 Plane : 1. ( 4557 sec )
# Solve phase of matrix solver for boundary plane. Polarization : 1 Plane : 1. ( 4557 sec )
#------------------------------------------------------------------------------
# Set values of matrix and right hand side vector. ( 4557 sec )
# Numerical factorization phase of matrix solver for 3D forward calculation. Polarization : 1.( 4559 sec )
# Solve phase of matrix solver for 3D forward calculation. Polarization : 1.( 4580 sec )
# Calulate right-hand sides vectors consisting of interpolator vectors.( 4580 sec )
# Solve phase of matrix solver for right-hand sides consisting of interpolator vectors.( 4582 sec )
# Solve phase is performed simultaneously for 282 right-hand sides( 4582 sec )
# Calculate derivatives of EM field.( 4591 sec )
#==============================================================================
# Calculate response functions. ( 4603 sec )
# Calculate sensitivity matrix of frequency 10[Hz].( 4603 sec )
# Sensitivity matrix of frequency 10[Hz] is saved in the out-of-core file sensMatFreq12.
#==============================================================================
#================================================================================================
# Start forward calculation. Frequency : 15.848 [Hz], Polarization : Ex-polarization
#================================================================================================
# Start 3D forward calculation with 0th order 3D edge-based element.( 4604 sec )
# Number of equation = 475883, Number of equation after degeneration = 473549
# Calculating EM field of the boundary planes with 2D forward analysis.        
#-----------------------------[ Boundary Plane 2 ]-----------------------------
# Calculate electric field on a boundary plane with 0th order edge-based element.
# Number of equation = 514, Number of equation after degeneration = 470
# Set values of matrix and right hand side vector. ( 4604 sec )
# Numerical factorization phase of matrix solver for boundary plane. Polarization : 0 Plane : 2. ( 4604 sec )
# Solve phase of matrix solver for boundary plane. Polarization : 0 Plane : 2. ( 4604 sec )
#-----------------------------[ Boundary Plane 3 ]-----------------------------
# Calculate electric field on a boundary plane with 0th order edge-based element.
# Number of equation = 514, Number of equation after degeneration = 470
# Set values of matrix and right hand side vector. ( 4604 sec )
# Numerical factorization phase of matrix solver for boundary plane. Polarization : 0 Plane : 3. ( 4604 sec )
# Solve phase of matrix solver for boundary plane. Polarization : 0 Plane : 3. ( 4604 sec )
#------------------------------------------------------------------------------
# Set values of matrix and right hand side vector. ( 4604 sec )
# Numerical factorization phase of matrix solver for 3D forward calculation. Polarization : 0.( 4606 sec )
# Solve phase of matrix solver for 3D forward calculation. Polarization : 0.( 4627 sec )
# Calulate right-hand sides vectors consisting of interpolator vectors.( 4627 sec )
# Solve phase of matrix solver for right-hand sides consisting of interpolator vectors.( 4629 sec )
# Solve phase is performed simultaneously for 282 right-hand sides( 4629 sec )
# Calculate derivatives of EM field.( 4638 sec )
#================================================================================================
# Start forward calculation. Frequency : 15.848 [Hz], Polarization : Ey-polarization
#================================================================================================
# Start 3D forward calculation with 0th order 3D edge-based element.( 4649 sec )
# Number of equation = 475883, Number of equation after degeneration = 473549
# Calculating EM field of the boundary planes with 2D forward analysis.        
#-----------------------------[ Boundary Plane 0 ]-----------------------------
# Calculate electric field on a boundary plane with 0th order edge-based element.
# Number of equation = 520, Number of equation after degeneration = 476
# Set values of matrix and right hand side vector. ( 4649 sec )
# Numerical factorization phase of matrix solver for boundary plane. Polarization : 1 Plane : 0. ( 4649 sec )
# Solve phase of matrix solver for boundary plane. Polarization : 1 Plane : 0. ( 4649 sec )
#-----------------------------[ Boundary Plane 1 ]-----------------------------
# Calculate electric field on a boundary plane with 0th order edge-based element.
# Number of equation = 520, Number of equation after degeneration = 476
# Set values of matrix and right hand side vector. ( 4649 sec )
# Numerical factorization phase of matrix solver for boundary plane. Polarization : 1 Plane : 1. ( 4649 sec )
# Solve phase of matrix solver for boundary plane. Polarization : 1 Plane : 1. ( 4649 sec )
#------------------------------------------------------------------------------
# Set values of matrix and right hand side vector. ( 4649 sec )
# Numerical factorization phase of matrix solver for 3D forward calculation. Polarization : 1.( 4652 sec )
# Solve phase of matrix solver for 3D forward calculation. Polarization : 1.( 4672 sec )
# Calulate right-hand sides vectors consisting of interpolator vectors.( 4673 sec )
# Solve phase of matrix solver for right-hand sides consisting of interpolator vectors.( 4674 sec )
# Solve phase is performed simultaneously for 282 right-hand sides( 4674 sec )
# Calculate derivatives of EM field.( 4684 sec )
#==============================================================================
# Calculate response functions. ( 4695 sec )
# Calculate sensitivity matrix of frequency 15.848[Hz].( 4695 sec )
# Sensitivity matrix of frequency 15.848[Hz] is saved in the out-of-core file sensMatFreq13.
#==============================================================================
#================================================================================================
# Start forward calculation. Frequency : 25.118 [Hz], Polarization : Ex-polarization
#================================================================================================
# Start 3D forward calculation with 0th order 3D edge-based element.( 4696 sec )
# Number of equation = 475883, Number of equation after degeneration = 473549
# Calculating EM field of the boundary planes with 2D forward analysis.        
#-----------------------------[ Boundary Plane 2 ]-----------------------------
# Calculate electric field on a boundary plane with 0th order edge-based element.
# Number of equation = 514, Number of equation after degeneration = 470
# Set values of matrix and right hand side vector. ( 4696 sec )
# Numerical factorization phase of matrix solver for boundary plane. Polarization : 0 Plane : 2. ( 4696 sec )
# Solve phase of matrix solver for boundary plane. Polarization : 0 Plane : 2. ( 4696 sec )
#-----------------------------[ Boundary Plane 3 ]-----------------------------
# Calculate electric field on a boundary plane with 0th order edge-based element.
# Number of equation = 514, Number of equation after degeneration = 470
# Set values of matrix and right hand side vector. ( 4696 sec )
# Numerical factorization phase of matrix solver for boundary plane. Polarization : 0 Plane : 3. ( 4696 sec )
# Solve phase of matrix solver for boundary plane. Polarization : 0 Plane : 3. ( 4696 sec )
#------------------------------------------------------------------------------
# Set values of matrix and right hand side vector. ( 4696 sec )
# Numerical factorization phase of matrix solver for 3D forward calculation. Polarization : 0.( 4698 sec )
# Solve phase of matrix solver for 3D forward calculation. Polarization : 0.( 4718 sec )
# Calulate right-hand sides vectors consisting of interpolator vectors.( 4719 sec )
# Solve phase of matrix solver for right-hand sides consisting of interpolator vectors.( 4720 sec )
# Solve phase is performed simultaneously for 303 right-hand sides( 4720 sec )
# Calculate derivatives of EM field.( 4731 sec )
#================================================================================================
# Start forward calculation. Frequency : 25.118 [Hz], Polarization : Ey-polarization
#================================================================================================
# Start 3D forward calculation with 0th order 3D edge-based element.( 4743 sec )
# Number of equation = 475883, Number of equation after degeneration = 473549
# Calculating EM field of the boundary planes with 2D forward analysis.        
#-----------------------------[ Boundary Plane 0 ]-----------------------------
# Calculate electric field on a boundary plane with 0th order edge-based element.
# Number of equation = 520, Number of equation after degeneration = 476
# Set values of matrix and right hand side vector. ( 4743 sec )
# Numerical factorization phase of matrix solver for boundary plane. Polarization : 1 Plane : 0. ( 4743 sec )
# Solve phase of matrix solver for boundary plane. Polarization : 1 Plane : 0. ( 4743 sec )
#-----------------------------[ Boundary Plane 1 ]-----------------------------
# Calculate electric field on a boundary plane with 0th order edge-based element.
# Number of equation = 520, Number of equation after degeneration = 476
# Set values of matrix and right hand side vector. ( 4743 sec )
# Numerical factorization phase of matrix solver for boundary plane. Polarization : 1 Plane : 1. ( 4743 sec )
# Solve phase of matrix solver for boundary plane. Polarization : 1 Plane : 1. ( 4743 sec )
#------------------------------------------------------------------------------
# Set values of matrix and right hand side vector. ( 4743 sec )
# Numerical factorization phase of matrix solver for 3D forward calculation. Polarization : 1.( 4745 sec )
# Solve phase of matrix solver for 3D forward calculation. Polarization : 1.( 4766 sec )
# Calulate right-hand sides vectors consisting of interpolator vectors.( 4766 sec )
# Solve phase of matrix solver for right-hand sides consisting of interpolator vectors.( 4767 sec )
# Solve phase is performed simultaneously for 303 right-hand sides( 4767 sec )
# Calculate derivatives of EM field.( 4778 sec )
#==============================================================================
# Calculate response functions. ( 4790 sec )
# Calculate sensitivity matrix of frequency 25.118[Hz].( 4790 sec )
# Sensitivity matrix of frequency 25.118[Hz] is saved in the out-of-core file sensMatFreq14.
#==============================================================================
#================================================================================================
# Start forward calculation. Frequency : 39.81 [Hz], Polarization : Ex-polarization
#================================================================================================
# Start 3D forward calculation with 0th order 3D edge-based element.( 4790 sec )
# Number of equation = 475883, Number of equation after degeneration = 473549
# Calculating EM field of the boundary planes with 2D forward analysis.        
#-----------------------------[ Boundary Plane 2 ]-----------------------------
# Calculate electric field on a boundary plane with 0th order edge-based element.
# Number of equation = 514, Number of equation after degeneration = 470
# Set values of matrix and right hand side vector. ( 4790 sec )
# Numerical factorization phase of matrix solver for boundary plane. Polarization : 0 Plane : 2. ( 4790 sec )
# Solve phase of matrix solver for boundary plane. Polarization : 0 Plane : 2. ( 4790 sec )
#-----------------------------[ Boundary Plane 3 ]-----------------------------
# Calculate electric field on a boundary plane with 0th order edge-based element.
# Number of equation = 514, Number of equation after degeneration = 470
# Set values of matrix and right hand side vector. ( 4790 sec )
# Numerical factorization phase of matrix solver for boundary plane. Polarization : 0 Plane : 3. ( 4790 sec )
# Solve phase of matrix solver for boundary plane. Polarization : 0 Plane : 3. ( 4790 sec )
#------------------------------------------------------------------------------
# Set values of matrix and right hand side vector. ( 4790 sec )
# Numerical factorization phase of matrix solver for 3D forward calculation. Polarization : 0.( 4793 sec )
# Solve phase of matrix solver for 3D forward calculation. Polarization : 0.( 4813 sec )
# Calulate right-hand sides vectors consisting of interpolator vectors.( 4814 sec )
# Solve phase of matrix solver for right-hand sides consisting of interpolator vectors.( 4815 sec )
# Solve phase is performed simultaneously for 293 right-hand sides( 4815 sec )
# Calculate derivatives of EM field.( 4825 sec )
#================================================================================================
# Start forward calculation. Frequency : 39.81 [Hz], Polarization : Ey-polarization
#================================================================================================
# Start 3D forward calculation with 0th order 3D edge-based element.( 4836 sec )
# Number of equation = 475883, Number of equation after degeneration = 473549
# Calculating EM field of the boundary planes with 2D forward analysis.        
#-----------------------------[ Boundary Plane 0 ]-----------------------------
# Calculate electric field on a boundary plane with 0th order edge-based element.
# Number of equation = 520, Number of equation after degeneration = 476
# Set values of matrix and right hand side vector. ( 4836 sec )
# Numerical factorization phase of matrix solver for boundary plane. Polarization : 1 Plane : 0. ( 4836 sec )
# Solve phase of matrix solver for boundary plane. Polarization : 1 Plane : 0. ( 4836 sec )
#-----------------------------[ Boundary Plane 1 ]-----------------------------
# Calculate electric field on a boundary plane with 0th order edge-based element.
# Number of equation = 520, Number of equation after degeneration = 476
# Set values of matrix and right hand side vector. ( 4836 sec )
# Numerical factorization phase of matrix solver for boundary plane. Polarization : 1 Plane : 1. ( 4836 sec )
# Solve phase of matrix solver for boundary plane. Polarization : 1 Plane : 1. ( 4836 sec )
#------------------------------------------------------------------------------
# Set values of matrix and right hand side vector. ( 4836 sec )
# Numerical factorization phase of matrix solver for 3D forward calculation. Polarization : 1.( 4838 sec )
# Solve phase of matrix solver for 3D forward calculation. Polarization : 1.( 4859 sec )
# Calulate right-hand sides vectors consisting of interpolator vectors.( 4859 sec )
# Solve phase of matrix solver for right-hand sides consisting of interpolator vectors.( 4860 sec )
# Solve phase is performed simultaneously for 293 right-hand sides( 4860 sec )
# Calculate derivatives of EM field.( 4870 sec )
#==============================================================================
# Calculate response functions. ( 4881 sec )
# Calculate sensitivity matrix of frequency 39.81[Hz].( 4881 sec )
# Sensitivity matrix of frequency 39.81[Hz] is saved in the out-of-core file sensMatFreq15.
#==============================================================================
#================================================================================================
# Start forward calculation. Frequency : 63.095 [Hz], Polarization : Ex-polarization
#================================================================================================
# Start 3D forward calculation with 0th order 3D edge-based element.( 4882 sec )
# Number of equation = 475883, Number of equation after degeneration = 473549
# Calculating EM field of the boundary planes with 2D forward analysis.        
#-----------------------------[ Boundary Plane 2 ]-----------------------------
# Calculate electric field on a boundary plane with 0th order edge-based element.
# Number of equation = 514, Number of equation after degeneration = 470
# Set values of matrix and right hand side vector. ( 4882 sec )
# Numerical factorization phase of matrix solver for boundary plane. Polarization : 0 Plane : 2. ( 4882 sec )
# Solve phase of matrix solver for boundary plane. Polarization : 0 Plane : 2. ( 4882 sec )
#-----------------------------[ Boundary Plane 3 ]-----------------------------
# Calculate electric field on a boundary plane with 0th order edge-based element.
# Number of equation = 514, Number of equation after degeneration = 470
# Set values of matrix and right hand side vector. ( 4882 sec )
# Numerical factorization phase of matrix solver for boundary plane. Polarization : 0 Plane : 3. ( 4882 sec )
# Solve phase of matrix solver for boundary plane. Polarization : 0 Plane : 3. ( 4882 sec )
#------------------------------------------------------------------------------
# Set values of matrix and right hand side vector. ( 4882 sec )
# Numerical factorization phase of matrix solver for 3D forward calculation. Polarization : 0.( 4884 sec )
# Solve phase of matrix solver for 3D forward calculation. Polarization : 0.( 4904 sec )
# Calulate right-hand sides vectors consisting of interpolator vectors.( 4905 sec )
# Solve phase of matrix solver for right-hand sides consisting of interpolator vectors.( 4906 sec )
# Solve phase is performed simultaneously for 275 right-hand sides( 4906 sec )
# Calculate derivatives of EM field.( 4915 sec )
#================================================================================================
# Start forward calculation. Frequency : 63.095 [Hz], Polarization : Ey-polarization
#================================================================================================
# Start 3D forward calculation with 0th order 3D edge-based element.( 4927 sec )
# Number of equation = 475883, Number of equation after degeneration = 473549
# Calculating EM field of the boundary planes with 2D forward analysis.        
#-----------------------------[ Boundary Plane 0 ]-----------------------------
# Calculate electric field on a boundary plane with 0th order edge-based element.
# Number of equation = 520, Number of equation after degeneration = 476
# Set values of matrix and right hand side vector. ( 4927 sec )
# Numerical factorization phase of matrix solver for boundary plane. Polarization : 1 Plane : 0. ( 4927 sec )
# Solve phase of matrix solver for boundary plane. Polarization : 1 Plane : 0. ( 4927 sec )
#-----------------------------[ Boundary Plane 1 ]-----------------------------
# Calculate electric field on a boundary plane with 0th order edge-based element.
# Number of equation = 520, Number of equation after degeneration = 476
# Set values of matrix and right hand side vector. ( 4927 sec )
# Numerical factorization phase of matrix solver for boundary plane. Polarization : 1 Plane : 1. ( 4927 sec )
# Solve phase of matrix solver for boundary plane. Polarization : 1 Plane : 1. ( 4927 sec )
#------------------------------------------------------------------------------
# Set values of matrix and right hand side vector. ( 4927 sec )
# Numerical factorization phase of matrix solver for 3D forward calculation. Polarization : 1.( 4929 sec )
# Solve phase of matrix solver for 3D forward calculation. Polarization : 1.( 4949 sec )
# Calulate right-hand sides vectors consisting of interpolator vectors.( 4950 sec )
# Solve phase of matrix solver for right-hand sides consisting of interpolator vectors.( 4951 sec )
# Solve phase is performed simultaneously for 275 right-hand sides( 4951 sec )
# Calculate derivatives of EM field.( 4960 sec )
#==============================================================================
# Calculate response functions. ( 4973 sec )
# Calculate sensitivity matrix of frequency 63.095[Hz].( 4973 sec )
# Sensitivity matrix of frequency 63.095[Hz] is saved in the out-of-core file sensMatFreq16.
#==============================================================================
# Release memory of coefficient matrix and sparse solver. ( 4973 sec )
###############################################################################
# Start Forward Computation.  Iteration : 7,  Retrial : 1
###############################################################################
#================================================================================================
# Start forward calculation. Frequency : 6.3095 [Hz], Polarization : Ex-polarization
#================================================================================================
# Start 3D forward calculation with 0th order 3D edge-based element.( 4975 sec )
# Number of equation = 475883, Number of equation after degeneration = 473549
# Calculating EM field of the boundary planes with 2D forward analysis.        
#-----------------------------[ Boundary Plane 2 ]-----------------------------
# Calculate electric field on a boundary plane with 0th order edge-based element.
# Number of equation = 514, Number of equation after degeneration = 470
# Set values of matrix and right hand side vector. ( 4975 sec )
# Numerical factorization phase of matrix solver for boundary plane. Polarization : 0 Plane : 2. ( 4975 sec )
# Solve phase of matrix solver for boundary plane. Polarization : 0 Plane : 2. ( 4975 sec )
#-----------------------------[ Boundary Plane 3 ]-----------------------------
# Calculate electric field on a boundary plane with 0th order edge-based element.
# Number of equation = 514, Number of equation after degeneration = 470
# Set values of matrix and right hand side vector. ( 4975 sec )
# Numerical factorization phase of matrix solver for boundary plane. Polarization : 0 Plane : 3. ( 4975 sec )
# Solve phase of matrix solver for boundary plane. Polarization : 0 Plane : 3. ( 4975 sec )
#------------------------------------------------------------------------------
# Set matrix structure. ( 4975 sec )
# Anaysis phase of matrix solver for 3D forward calculation. Polarization : 0. ( 4978 sec )
#++++++++++++++++++++++++++++++++++++++++++++++++++++++++++++++++++++++++++++++++++++++++++++++++
# Total peak memory required during the analysis and symbolic factorization phase    : 578014 [KByte]
# Permanent memory required from the analysis phase to the solve phases              : 482591 [KByte]
# Total memory consumed by in-core forward solver for internal float point arrays    : 4.15301e+06 [KByte]
# Minimum memory consumed by out-core forward solver for internal float point arrays : 68330 [KByte]
#++++++++++++++++++++++++++++++++++++++++++++++++++++++++++++++++++++++++++++++++++++++++++++++++
# Set values of matrix and right hand side vector. ( 4981 sec )
# Numerical factorization phase of matrix solver for 3D forward calculation. Polarization : 0.( 4983 sec )
# Solve phase of matrix solver for 3D forward calculation. Polarization : 0.( 5005 sec )
# Calulate right-hand sides vectors consisting of interpolator vectors.( 5005 sec )
# Solve phase of matrix solver for right-hand sides consisting of interpolator vectors.( 5006 sec )
# Solve phase is performed simultaneously for 286 right-hand sides( 5006 sec )
# Calculate derivatives of EM field.( 5016 sec )
#================================================================================================
# Start forward calculation. Frequency : 6.3095 [Hz], Polarization : Ey-polarization
#================================================================================================
# Start 3D forward calculation with 0th order 3D edge-based element.( 5030 sec )
# Number of equation = 475883, Number of equation after degeneration = 473549
# Calculating EM field of the boundary planes with 2D forward analysis.        
#-----------------------------[ Boundary Plane 0 ]-----------------------------
# Calculate electric field on a boundary plane with 0th order edge-based element.
# Number of equation = 520, Number of equation after degeneration = 476
# Set values of matrix and right hand side vector. ( 5030 sec )
# Numerical factorization phase of matrix solver for boundary plane. Polarization : 1 Plane : 0. ( 5030 sec )
# Solve phase of matrix solver for boundary plane. Polarization : 1 Plane : 0. ( 5030 sec )
#-----------------------------[ Boundary Plane 1 ]-----------------------------
# Calculate electric field on a boundary plane with 0th order edge-based element.
# Number of equation = 520, Number of equation after degeneration = 476
# Set values of matrix and right hand side vector. ( 5030 sec )
# Numerical factorization phase of matrix solver for boundary plane. Polarization : 1 Plane : 1. ( 5030 sec )
# Solve phase of matrix solver for boundary plane. Polarization : 1 Plane : 1. ( 5030 sec )
#------------------------------------------------------------------------------
# Set values of matrix and right hand side vector. ( 5030 sec )
# Numerical factorization phase of matrix solver for 3D forward calculation. Polarization : 1.( 5032 sec )
# Solve phase of matrix solver for 3D forward calculation. Polarization : 1.( 5053 sec )
# Calulate right-hand sides vectors consisting of interpolator vectors.( 5053 sec )
# Solve phase of matrix solver for right-hand sides consisting of interpolator vectors.( 5054 sec )
# Solve phase is performed simultaneously for 286 right-hand sides( 5054 sec )
# Calculate derivatives of EM field.( 5064 sec )
#==============================================================================
# Calculate response functions. ( 5078 sec )
# Calculate sensitivity matrix of frequency 6.3095[Hz].( 5078 sec )
# Sensitivity matrix of frequency 6.3095[Hz] is saved in the out-of-core file sensMatFreq11.
#==============================================================================
#================================================================================================
# Start forward calculation. Frequency : 10 [Hz], Polarization : Ex-polarization
#================================================================================================
# Start 3D forward calculation with 0th order 3D edge-based element.( 5078 sec )
# Number of equation = 475883, Number of equation after degeneration = 473549
# Calculating EM field of the boundary planes with 2D forward analysis.        
#-----------------------------[ Boundary Plane 2 ]-----------------------------
# Calculate electric field on a boundary plane with 0th order edge-based element.
# Number of equation = 514, Number of equation after degeneration = 470
# Set values of matrix and right hand side vector. ( 5078 sec )
# Numerical factorization phase of matrix solver for boundary plane. Polarization : 0 Plane : 2. ( 5078 sec )
# Solve phase of matrix solver for boundary plane. Polarization : 0 Plane : 2. ( 5078 sec )
#-----------------------------[ Boundary Plane 3 ]-----------------------------
# Calculate electric field on a boundary plane with 0th order edge-based element.
# Number of equation = 514, Number of equation after degeneration = 470
# Set values of matrix and right hand side vector. ( 5078 sec )
# Numerical factorization phase of matrix solver for boundary plane. Polarization : 0 Plane : 3. ( 5078 sec )
# Solve phase of matrix solver for boundary plane. Polarization : 0 Plane : 3. ( 5078 sec )
#------------------------------------------------------------------------------
# Set values of matrix and right hand side vector. ( 5078 sec )
# Numerical factorization phase of matrix solver for 3D forward calculation. Polarization : 0.( 5081 sec )
# Solve phase of matrix solver for 3D forward calculation. Polarization : 0.( 5101 sec )
# Calulate right-hand sides vectors consisting of interpolator vectors.( 5102 sec )
# Solve phase of matrix solver for right-hand sides consisting of interpolator vectors.( 5103 sec )
# Solve phase is performed simultaneously for 282 right-hand sides( 5103 sec )
# Calculate derivatives of EM field.( 5113 sec )
#================================================================================================
# Start forward calculation. Frequency : 10 [Hz], Polarization : Ey-polarization
#================================================================================================
# Start 3D forward calculation with 0th order 3D edge-based element.( 5126 sec )
# Number of equation = 475883, Number of equation after degeneration = 473549
# Calculating EM field of the boundary planes with 2D forward analysis.        
#-----------------------------[ Boundary Plane 0 ]-----------------------------
# Calculate electric field on a boundary plane with 0th order edge-based element.
# Number of equation = 520, Number of equation after degeneration = 476
# Set values of matrix and right hand side vector. ( 5126 sec )
# Numerical factorization phase of matrix solver for boundary plane. Polarization : 1 Plane : 0. ( 5126 sec )
# Solve phase of matrix solver for boundary plane. Polarization : 1 Plane : 0. ( 5126 sec )
#-----------------------------[ Boundary Plane 1 ]-----------------------------
# Calculate electric field on a boundary plane with 0th order edge-based element.
# Number of equation = 520, Number of equation after degeneration = 476
# Set values of matrix and right hand side vector. ( 5126 sec )
# Numerical factorization phase of matrix solver for boundary plane. Polarization : 1 Plane : 1. ( 5126 sec )
# Solve phase of matrix solver for boundary plane. Polarization : 1 Plane : 1. ( 5126 sec )
#------------------------------------------------------------------------------
# Set values of matrix and right hand side vector. ( 5126 sec )
# Numerical factorization phase of matrix solver for 3D forward calculation. Polarization : 1.( 5128 sec )
# Solve phase of matrix solver for 3D forward calculation. Polarization : 1.( 5149 sec )
# Calulate right-hand sides vectors consisting of interpolator vectors.( 5150 sec )
# Solve phase of matrix solver for right-hand sides consisting of interpolator vectors.( 5151 sec )
# Solve phase is performed simultaneously for 282 right-hand sides( 5151 sec )
# Calculate derivatives of EM field.( 5161 sec )
#==============================================================================
# Calculate response functions. ( 5174 sec )
# Calculate sensitivity matrix of frequency 10[Hz].( 5174 sec )
# Sensitivity matrix of frequency 10[Hz] is saved in the out-of-core file sensMatFreq12.
#==============================================================================
#================================================================================================
# Start forward calculation. Frequency : 15.848 [Hz], Polarization : Ex-polarization
#================================================================================================
# Start 3D forward calculation with 0th order 3D edge-based element.( 5175 sec )
# Number of equation = 475883, Number of equation after degeneration = 473549
# Calculating EM field of the boundary planes with 2D forward analysis.        
#-----------------------------[ Boundary Plane 2 ]-----------------------------
# Calculate electric field on a boundary plane with 0th order edge-based element.
# Number of equation = 514, Number of equation after degeneration = 470
# Set values of matrix and right hand side vector. ( 5175 sec )
# Numerical factorization phase of matrix solver for boundary plane. Polarization : 0 Plane : 2. ( 5175 sec )
# Solve phase of matrix solver for boundary plane. Polarization : 0 Plane : 2. ( 5175 sec )
#-----------------------------[ Boundary Plane 3 ]-----------------------------
# Calculate electric field on a boundary plane with 0th order edge-based element.
# Number of equation = 514, Number of equation after degeneration = 470
# Set values of matrix and right hand side vector. ( 5175 sec )
# Numerical factorization phase of matrix solver for boundary plane. Polarization : 0 Plane : 3. ( 5175 sec )
# Solve phase of matrix solver for boundary plane. Polarization : 0 Plane : 3. ( 5175 sec )
#------------------------------------------------------------------------------
# Set values of matrix and right hand side vector. ( 5175 sec )
# Numerical factorization phase of matrix solver for 3D forward calculation. Polarization : 0.( 5177 sec )
# Solve phase of matrix solver for 3D forward calculation. Polarization : 0.( 5198 sec )
# Calulate right-hand sides vectors consisting of interpolator vectors.( 5199 sec )
# Solve phase of matrix solver for right-hand sides consisting of interpolator vectors.( 5200 sec )
# Solve phase is performed simultaneously for 282 right-hand sides( 5200 sec )
# Calculate derivatives of EM field.( 5210 sec )
#================================================================================================
# Start forward calculation. Frequency : 15.848 [Hz], Polarization : Ey-polarization
#================================================================================================
# Start 3D forward calculation with 0th order 3D edge-based element.( 5223 sec )
# Number of equation = 475883, Number of equation after degeneration = 473549
# Calculating EM field of the boundary planes with 2D forward analysis.        
#-----------------------------[ Boundary Plane 0 ]-----------------------------
# Calculate electric field on a boundary plane with 0th order edge-based element.
# Number of equation = 520, Number of equation after degeneration = 476
# Set values of matrix and right hand side vector. ( 5223 sec )
# Numerical factorization phase of matrix solver for boundary plane. Polarization : 1 Plane : 0. ( 5223 sec )
# Solve phase of matrix solver for boundary plane. Polarization : 1 Plane : 0. ( 5223 sec )
#-----------------------------[ Boundary Plane 1 ]-----------------------------
# Calculate electric field on a boundary plane with 0th order edge-based element.
# Number of equation = 520, Number of equation after degeneration = 476
# Set values of matrix and right hand side vector. ( 5223 sec )
# Numerical factorization phase of matrix solver for boundary plane. Polarization : 1 Plane : 1. ( 5223 sec )
# Solve phase of matrix solver for boundary plane. Polarization : 1 Plane : 1. ( 5223 sec )
#------------------------------------------------------------------------------
# Set values of matrix and right hand side vector. ( 5223 sec )
# Numerical factorization phase of matrix solver for 3D forward calculation. Polarization : 1.( 5225 sec )
# Solve phase of matrix solver for 3D forward calculation. Polarization : 1.( 5246 sec )
# Calulate right-hand sides vectors consisting of interpolator vectors.( 5246 sec )
# Solve phase of matrix solver for right-hand sides consisting of interpolator vectors.( 5247 sec )
# Solve phase is performed simultaneously for 282 right-hand sides( 5247 sec )
# Calculate derivatives of EM field.( 5257 sec )
#==============================================================================
# Calculate response functions. ( 5271 sec )
# Calculate sensitivity matrix of frequency 15.848[Hz].( 5271 sec )
# Sensitivity matrix of frequency 15.848[Hz] is saved in the out-of-core file sensMatFreq13.
#==============================================================================
#================================================================================================
# Start forward calculation. Frequency : 25.118 [Hz], Polarization : Ex-polarization
#================================================================================================
# Start 3D forward calculation with 0th order 3D edge-based element.( 5272 sec )
# Number of equation = 475883, Number of equation after degeneration = 473549
# Calculating EM field of the boundary planes with 2D forward analysis.        
#-----------------------------[ Boundary Plane 2 ]-----------------------------
# Calculate electric field on a boundary plane with 0th order edge-based element.
# Number of equation = 514, Number of equation after degeneration = 470
# Set values of matrix and right hand side vector. ( 5272 sec )
# Numerical factorization phase of matrix solver for boundary plane. Polarization : 0 Plane : 2. ( 5272 sec )
# Solve phase of matrix solver for boundary plane. Polarization : 0 Plane : 2. ( 5272 sec )
#-----------------------------[ Boundary Plane 3 ]-----------------------------
# Calculate electric field on a boundary plane with 0th order edge-based element.
# Number of equation = 514, Number of equation after degeneration = 470
# Set values of matrix and right hand side vector. ( 5272 sec )
# Numerical factorization phase of matrix solver for boundary plane. Polarization : 0 Plane : 3. ( 5272 sec )
# Solve phase of matrix solver for boundary plane. Polarization : 0 Plane : 3. ( 5272 sec )
#------------------------------------------------------------------------------
# Set values of matrix and right hand side vector. ( 5272 sec )
# Numerical factorization phase of matrix solver for 3D forward calculation. Polarization : 0.( 5274 sec )
# Solve phase of matrix solver for 3D forward calculation. Polarization : 0.( 5295 sec )
# Calulate right-hand sides vectors consisting of interpolator vectors.( 5295 sec )
# Solve phase of matrix solver for right-hand sides consisting of interpolator vectors.( 5296 sec )
# Solve phase is performed simultaneously for 303 right-hand sides( 5296 sec )
# Calculate derivatives of EM field.( 5308 sec )
#================================================================================================
# Start forward calculation. Frequency : 25.118 [Hz], Polarization : Ey-polarization
#================================================================================================
# Start 3D forward calculation with 0th order 3D edge-based element.( 5321 sec )
# Number of equation = 475883, Number of equation after degeneration = 473549
# Calculating EM field of the boundary planes with 2D forward analysis.        
#-----------------------------[ Boundary Plane 0 ]-----------------------------
# Calculate electric field on a boundary plane with 0th order edge-based element.
# Number of equation = 520, Number of equation after degeneration = 476
# Set values of matrix and right hand side vector. ( 5321 sec )
# Numerical factorization phase of matrix solver for boundary plane. Polarization : 1 Plane : 0. ( 5321 sec )
# Solve phase of matrix solver for boundary plane. Polarization : 1 Plane : 0. ( 5321 sec )
#-----------------------------[ Boundary Plane 1 ]-----------------------------
# Calculate electric field on a boundary plane with 0th order edge-based element.
# Number of equation = 520, Number of equation after degeneration = 476
# Set values of matrix and right hand side vector. ( 5321 sec )
# Numerical factorization phase of matrix solver for boundary plane. Polarization : 1 Plane : 1. ( 5321 sec )
# Solve phase of matrix solver for boundary plane. Polarization : 1 Plane : 1. ( 5321 sec )
#------------------------------------------------------------------------------
# Set values of matrix and right hand side vector. ( 5321 sec )
# Numerical factorization phase of matrix solver for 3D forward calculation. Polarization : 1.( 5324 sec )
# Solve phase of matrix solver for 3D forward calculation. Polarization : 1.( 5344 sec )
# Calulate right-hand sides vectors consisting of interpolator vectors.( 5345 sec )
# Solve phase of matrix solver for right-hand sides consisting of interpolator vectors.( 5346 sec )
# Solve phase is performed simultaneously for 303 right-hand sides( 5346 sec )
# Calculate derivatives of EM field.( 5357 sec )
#==============================================================================
# Calculate response functions. ( 5370 sec )
# Calculate sensitivity matrix of frequency 25.118[Hz].( 5370 sec )
# Sensitivity matrix of frequency 25.118[Hz] is saved in the out-of-core file sensMatFreq14.
#==============================================================================
#================================================================================================
# Start forward calculation. Frequency : 39.81 [Hz], Polarization : Ex-polarization
#================================================================================================
# Start 3D forward calculation with 0th order 3D edge-based element.( 5371 sec )
# Number of equation = 475883, Number of equation after degeneration = 473549
# Calculating EM field of the boundary planes with 2D forward analysis.        
#-----------------------------[ Boundary Plane 2 ]-----------------------------
# Calculate electric field on a boundary plane with 0th order edge-based element.
# Number of equation = 514, Number of equation after degeneration = 470
# Set values of matrix and right hand side vector. ( 5371 sec )
# Numerical factorization phase of matrix solver for boundary plane. Polarization : 0 Plane : 2. ( 5371 sec )
# Solve phase of matrix solver for boundary plane. Polarization : 0 Plane : 2. ( 5371 sec )
#-----------------------------[ Boundary Plane 3 ]-----------------------------
# Calculate electric field on a boundary plane with 0th order edge-based element.
# Number of equation = 514, Number of equation after degeneration = 470
# Set values of matrix and right hand side vector. ( 5371 sec )
# Numerical factorization phase of matrix solver for boundary plane. Polarization : 0 Plane : 3. ( 5371 sec )
# Solve phase of matrix solver for boundary plane. Polarization : 0 Plane : 3. ( 5371 sec )
#------------------------------------------------------------------------------
# Set values of matrix and right hand side vector. ( 5371 sec )
# Numerical factorization phase of matrix solver for 3D forward calculation. Polarization : 0.( 5373 sec )
# Solve phase of matrix solver for 3D forward calculation. Polarization : 0.( 5394 sec )
# Calulate right-hand sides vectors consisting of interpolator vectors.( 5394 sec )
# Solve phase of matrix solver for right-hand sides consisting of interpolator vectors.( 5395 sec )
# Solve phase is performed simultaneously for 293 right-hand sides( 5395 sec )
# Calculate derivatives of EM field.( 5406 sec )
#================================================================================================
# Start forward calculation. Frequency : 39.81 [Hz], Polarization : Ey-polarization
#================================================================================================
# Start 3D forward calculation with 0th order 3D edge-based element.( 5419 sec )
# Number of equation = 475883, Number of equation after degeneration = 473549
# Calculating EM field of the boundary planes with 2D forward analysis.        
#-----------------------------[ Boundary Plane 0 ]-----------------------------
# Calculate electric field on a boundary plane with 0th order edge-based element.
# Number of equation = 520, Number of equation after degeneration = 476
# Set values of matrix and right hand side vector. ( 5419 sec )
# Numerical factorization phase of matrix solver for boundary plane. Polarization : 1 Plane : 0. ( 5419 sec )
# Solve phase of matrix solver for boundary plane. Polarization : 1 Plane : 0. ( 5419 sec )
#-----------------------------[ Boundary Plane 1 ]-----------------------------
# Calculate electric field on a boundary plane with 0th order edge-based element.
# Number of equation = 520, Number of equation after degeneration = 476
# Set values of matrix and right hand side vector. ( 5419 sec )
# Numerical factorization phase of matrix solver for boundary plane. Polarization : 1 Plane : 1. ( 5419 sec )
# Solve phase of matrix solver for boundary plane. Polarization : 1 Plane : 1. ( 5419 sec )
#------------------------------------------------------------------------------
# Set values of matrix and right hand side vector. ( 5419 sec )
# Numerical factorization phase of matrix solver for 3D forward calculation. Polarization : 1.( 5421 sec )
# Solve phase of matrix solver for 3D forward calculation. Polarization : 1.( 5442 sec )
# Calulate right-hand sides vectors consisting of interpolator vectors.( 5442 sec )
# Solve phase of matrix solver for right-hand sides consisting of interpolator vectors.( 5444 sec )
# Solve phase is performed simultaneously for 293 right-hand sides( 5444 sec )
# Calculate derivatives of EM field.( 5454 sec )
#==============================================================================
# Calculate response functions. ( 5467 sec )
# Calculate sensitivity matrix of frequency 39.81[Hz].( 5467 sec )
# Sensitivity matrix of frequency 39.81[Hz] is saved in the out-of-core file sensMatFreq15.
#==============================================================================
#================================================================================================
# Start forward calculation. Frequency : 63.095 [Hz], Polarization : Ex-polarization
#================================================================================================
# Start 3D forward calculation with 0th order 3D edge-based element.( 5468 sec )
# Number of equation = 475883, Number of equation after degeneration = 473549
# Calculating EM field of the boundary planes with 2D forward analysis.        
#-----------------------------[ Boundary Plane 2 ]-----------------------------
# Calculate electric field on a boundary plane with 0th order edge-based element.
# Number of equation = 514, Number of equation after degeneration = 470
# Set values of matrix and right hand side vector. ( 5468 sec )
# Numerical factorization phase of matrix solver for boundary plane. Polarization : 0 Plane : 2. ( 5468 sec )
# Solve phase of matrix solver for boundary plane. Polarization : 0 Plane : 2. ( 5468 sec )
#-----------------------------[ Boundary Plane 3 ]-----------------------------
# Calculate electric field on a boundary plane with 0th order edge-based element.
# Number of equation = 514, Number of equation after degeneration = 470
# Set values of matrix and right hand side vector. ( 5468 sec )
# Numerical factorization phase of matrix solver for boundary plane. Polarization : 0 Plane : 3. ( 5468 sec )
# Solve phase of matrix solver for boundary plane. Polarization : 0 Plane : 3. ( 5468 sec )
#------------------------------------------------------------------------------
# Set values of matrix and right hand side vector. ( 5468 sec )
# Numerical factorization phase of matrix solver for 3D forward calculation. Polarization : 0.( 5470 sec )
# Solve phase of matrix solver for 3D forward calculation. Polarization : 0.( 5491 sec )
# Calulate right-hand sides vectors consisting of interpolator vectors.( 5491 sec )
# Solve phase of matrix solver for right-hand sides consisting of interpolator vectors.( 5492 sec )
# Solve phase is performed simultaneously for 275 right-hand sides( 5492 sec )
# Calculate derivatives of EM field.( 5502 sec )
#================================================================================================
# Start forward calculation. Frequency : 63.095 [Hz], Polarization : Ey-polarization
#================================================================================================
# Start 3D forward calculation with 0th order 3D edge-based element.( 5515 sec )
# Number of equation = 475883, Number of equation after degeneration = 473549
# Calculating EM field of the boundary planes with 2D forward analysis.        
#-----------------------------[ Boundary Plane 0 ]-----------------------------
# Calculate electric field on a boundary plane with 0th order edge-based element.
# Number of equation = 520, Number of equation after degeneration = 476
# Set values of matrix and right hand side vector. ( 5515 sec )
# Numerical factorization phase of matrix solver for boundary plane. Polarization : 1 Plane : 0. ( 5515 sec )
# Solve phase of matrix solver for boundary plane. Polarization : 1 Plane : 0. ( 5515 sec )
#-----------------------------[ Boundary Plane 1 ]-----------------------------
# Calculate electric field on a boundary plane with 0th order edge-based element.
# Number of equation = 520, Number of equation after degeneration = 476
# Set values of matrix and right hand side vector. ( 5515 sec )
# Numerical factorization phase of matrix solver for boundary plane. Polarization : 1 Plane : 1. ( 5515 sec )
# Solve phase of matrix solver for boundary plane. Polarization : 1 Plane : 1. ( 5515 sec )
#------------------------------------------------------------------------------
# Set values of matrix and right hand side vector. ( 5515 sec )
# Numerical factorization phase of matrix solver for 3D forward calculation. Polarization : 1.( 5517 sec )
# Solve phase of matrix solver for 3D forward calculation. Polarization : 1.( 5538 sec )
# Calulate right-hand sides vectors consisting of interpolator vectors.( 5538 sec )
# Solve phase of matrix solver for right-hand sides consisting of interpolator vectors.( 5540 sec )
# Solve phase is performed simultaneously for 275 right-hand sides( 5540 sec )
# Calculate derivatives of EM field.( 5549 sec )
#==============================================================================
# Calculate response functions. ( 5561 sec )
# Calculate sensitivity matrix of frequency 63.095[Hz].( 5561 sec )
# Sensitivity matrix of frequency 63.095[Hz] is saved in the out-of-core file sensMatFreq16.
#==============================================================================
# Release memory of coefficient matrix and sparse solver. ( 5562 sec )
###############################################################################
# Start Forward Computation.  Iteration : 7,  Retrial : 2
###############################################################################
#================================================================================================
# Start forward calculation. Frequency : 6.3095 [Hz], Polarization : Ex-polarization
#================================================================================================
# Start 3D forward calculation with 0th order 3D edge-based element.( 5562 sec )
# Number of equation = 475883, Number of equation after degeneration = 473549
# Calculating EM field of the boundary planes with 2D forward analysis.        
#-----------------------------[ Boundary Plane 2 ]-----------------------------
# Calculate electric field on a boundary plane with 0th order edge-based element.
# Number of equation = 514, Number of equation after degeneration = 470
# Set values of matrix and right hand side vector. ( 5562 sec )
# Numerical factorization phase of matrix solver for boundary plane. Polarization : 0 Plane : 2. ( 5562 sec )
# Solve phase of matrix solver for boundary plane. Polarization : 0 Plane : 2. ( 5562 sec )
#-----------------------------[ Boundary Plane 3 ]-----------------------------
# Calculate electric field on a boundary plane with 0th order edge-based element.
# Number of equation = 514, Number of equation after degeneration = 470
# Set values of matrix and right hand side vector. ( 5562 sec )
# Numerical factorization phase of matrix solver for boundary plane. Polarization : 0 Plane : 3. ( 5562 sec )
# Solve phase of matrix solver for boundary plane. Polarization : 0 Plane : 3. ( 5562 sec )
#------------------------------------------------------------------------------
# Set matrix structure. ( 5562 sec )
# Anaysis phase of matrix solver for 3D forward calculation. Polarization : 0. ( 5566 sec )
#++++++++++++++++++++++++++++++++++++++++++++++++++++++++++++++++++++++++++++++++++++++++++++++++
# Total peak memory required during the analysis and symbolic factorization phase    : 577450 [KByte]
# Permanent memory required from the analysis phase to the solve phases              : 482342 [KByte]
# Total memory consumed by in-core forward solver for internal float point arrays    : 4.1197e+06 [KByte]
# Minimum memory consumed by out-core forward solver for internal float point arrays : 68560 [KByte]
#++++++++++++++++++++++++++++++++++++++++++++++++++++++++++++++++++++++++++++++++++++++++++++++++
# Set values of matrix and right hand side vector. ( 5569 sec )
# Numerical factorization phase of matrix solver for 3D forward calculation. Polarization : 0.( 5571 sec )
# Solve phase of matrix solver for 3D forward calculation. Polarization : 0.( 5592 sec )
# Calulate right-hand sides vectors consisting of interpolator vectors.( 5592 sec )
# Solve phase of matrix solver for right-hand sides consisting of interpolator vectors.( 5593 sec )
# Solve phase is performed simultaneously for 286 right-hand sides( 5593 sec )
# Calculate derivatives of EM field.( 5603 sec )
#================================================================================================
# Start forward calculation. Frequency : 6.3095 [Hz], Polarization : Ey-polarization
#================================================================================================
# Start 3D forward calculation with 0th order 3D edge-based element.( 5616 sec )
# Number of equation = 475883, Number of equation after degeneration = 473549
# Calculating EM field of the boundary planes with 2D forward analysis.        
#-----------------------------[ Boundary Plane 0 ]-----------------------------
# Calculate electric field on a boundary plane with 0th order edge-based element.
# Number of equation = 520, Number of equation after degeneration = 476
# Set values of matrix and right hand side vector. ( 5616 sec )
# Numerical factorization phase of matrix solver for boundary plane. Polarization : 1 Plane : 0. ( 5616 sec )
# Solve phase of matrix solver for boundary plane. Polarization : 1 Plane : 0. ( 5616 sec )
#-----------------------------[ Boundary Plane 1 ]-----------------------------
# Calculate electric field on a boundary plane with 0th order edge-based element.
# Number of equation = 520, Number of equation after degeneration = 476
# Set values of matrix and right hand side vector. ( 5616 sec )
# Numerical factorization phase of matrix solver for boundary plane. Polarization : 1 Plane : 1. ( 5616 sec )
# Solve phase of matrix solver for boundary plane. Polarization : 1 Plane : 1. ( 5616 sec )
#------------------------------------------------------------------------------
# Set values of matrix and right hand side vector. ( 5616 sec )
# Numerical factorization phase of matrix solver for 3D forward calculation. Polarization : 1.( 5619 sec )
# Solve phase of matrix solver for 3D forward calculation. Polarization : 1.( 5639 sec )
# Calulate right-hand sides vectors consisting of interpolator vectors.( 5640 sec )
# Solve phase of matrix solver for right-hand sides consisting of interpolator vectors.( 5641 sec )
# Solve phase is performed simultaneously for 286 right-hand sides( 5641 sec )
# Calculate derivatives of EM field.( 5651 sec )
#==============================================================================
# Calculate response functions. ( 5664 sec )
# Calculate sensitivity matrix of frequency 6.3095[Hz].( 5664 sec )
# Sensitivity matrix of frequency 6.3095[Hz] is saved in the out-of-core file sensMatFreq11.
#==============================================================================
#================================================================================================
# Start forward calculation. Frequency : 10 [Hz], Polarization : Ex-polarization
#================================================================================================
# Start 3D forward calculation with 0th order 3D edge-based element.( 5664 sec )
# Number of equation = 475883, Number of equation after degeneration = 473549
# Calculating EM field of the boundary planes with 2D forward analysis.        
#-----------------------------[ Boundary Plane 2 ]-----------------------------
# Calculate electric field on a boundary plane with 0th order edge-based element.
# Number of equation = 514, Number of equation after degeneration = 470
# Set values of matrix and right hand side vector. ( 5664 sec )
# Numerical factorization phase of matrix solver for boundary plane. Polarization : 0 Plane : 2. ( 5664 sec )
# Solve phase of matrix solver for boundary plane. Polarization : 0 Plane : 2. ( 5664 sec )
#-----------------------------[ Boundary Plane 3 ]-----------------------------
# Calculate electric field on a boundary plane with 0th order edge-based element.
# Number of equation = 514, Number of equation after degeneration = 470
# Set values of matrix and right hand side vector. ( 5664 sec )
# Numerical factorization phase of matrix solver for boundary plane. Polarization : 0 Plane : 3. ( 5664 sec )
# Solve phase of matrix solver for boundary plane. Polarization : 0 Plane : 3. ( 5664 sec )
#------------------------------------------------------------------------------
# Set values of matrix and right hand side vector. ( 5664 sec )
# Numerical factorization phase of matrix solver for 3D forward calculation. Polarization : 0.( 5667 sec )
# Solve phase of matrix solver for 3D forward calculation. Polarization : 0.( 5687 sec )
# Calulate right-hand sides vectors consisting of interpolator vectors.( 5688 sec )
# Solve phase of matrix solver for right-hand sides consisting of interpolator vectors.( 5689 sec )
# Solve phase is performed simultaneously for 282 right-hand sides( 5689 sec )
# Calculate derivatives of EM field.( 5699 sec )
#================================================================================================
# Start forward calculation. Frequency : 10 [Hz], Polarization : Ey-polarization
#================================================================================================
# Start 3D forward calculation with 0th order 3D edge-based element.( 5712 sec )
# Number of equation = 475883, Number of equation after degeneration = 473549
# Calculating EM field of the boundary planes with 2D forward analysis.        
#-----------------------------[ Boundary Plane 0 ]-----------------------------
# Calculate electric field on a boundary plane with 0th order edge-based element.
# Number of equation = 520, Number of equation after degeneration = 476
# Set values of matrix and right hand side vector. ( 5712 sec )
# Numerical factorization phase of matrix solver for boundary plane. Polarization : 1 Plane : 0. ( 5712 sec )
# Solve phase of matrix solver for boundary plane. Polarization : 1 Plane : 0. ( 5712 sec )
#-----------------------------[ Boundary Plane 1 ]-----------------------------
# Calculate electric field on a boundary plane with 0th order edge-based element.
# Number of equation = 520, Number of equation after degeneration = 476
# Set values of matrix and right hand side vector. ( 5712 sec )
# Numerical factorization phase of matrix solver for boundary plane. Polarization : 1 Plane : 1. ( 5712 sec )
# Solve phase of matrix solver for boundary plane. Polarization : 1 Plane : 1. ( 5712 sec )
#------------------------------------------------------------------------------
# Set values of matrix and right hand side vector. ( 5712 sec )
# Numerical factorization phase of matrix solver for 3D forward calculation. Polarization : 1.( 5714 sec )
# Solve phase of matrix solver for 3D forward calculation. Polarization : 1.( 5735 sec )
# Calulate right-hand sides vectors consisting of interpolator vectors.( 5735 sec )
# Solve phase of matrix solver for right-hand sides consisting of interpolator vectors.( 5736 sec )
# Solve phase is performed simultaneously for 282 right-hand sides( 5736 sec )
# Calculate derivatives of EM field.( 5746 sec )
#==============================================================================
# Calculate response functions. ( 5759 sec )
# Calculate sensitivity matrix of frequency 10[Hz].( 5759 sec )
# Sensitivity matrix of frequency 10[Hz] is saved in the out-of-core file sensMatFreq12.
#==============================================================================
#================================================================================================
# Start forward calculation. Frequency : 15.848 [Hz], Polarization : Ex-polarization
#================================================================================================
# Start 3D forward calculation with 0th order 3D edge-based element.( 5760 sec )
# Number of equation = 475883, Number of equation after degeneration = 473549
# Calculating EM field of the boundary planes with 2D forward analysis.        
#-----------------------------[ Boundary Plane 2 ]-----------------------------
# Calculate electric field on a boundary plane with 0th order edge-based element.
# Number of equation = 514, Number of equation after degeneration = 470
# Set values of matrix and right hand side vector. ( 5760 sec )
# Numerical factorization phase of matrix solver for boundary plane. Polarization : 0 Plane : 2. ( 5760 sec )
# Solve phase of matrix solver for boundary plane. Polarization : 0 Plane : 2. ( 5760 sec )
#-----------------------------[ Boundary Plane 3 ]-----------------------------
# Calculate electric field on a boundary plane with 0th order edge-based element.
# Number of equation = 514, Number of equation after degeneration = 470
# Set values of matrix and right hand side vector. ( 5760 sec )
# Numerical factorization phase of matrix solver for boundary plane. Polarization : 0 Plane : 3. ( 5760 sec )
# Solve phase of matrix solver for boundary plane. Polarization : 0 Plane : 3. ( 5760 sec )
#------------------------------------------------------------------------------
# Set values of matrix and right hand side vector. ( 5760 sec )
# Numerical factorization phase of matrix solver for 3D forward calculation. Polarization : 0.( 5762 sec )
# Solve phase of matrix solver for 3D forward calculation. Polarization : 0.( 5783 sec )
# Calulate right-hand sides vectors consisting of interpolator vectors.( 5783 sec )
# Solve phase of matrix solver for right-hand sides consisting of interpolator vectors.( 5784 sec )
# Solve phase is performed simultaneously for 282 right-hand sides( 5784 sec )
# Calculate derivatives of EM field.( 5794 sec )
#================================================================================================
# Start forward calculation. Frequency : 15.848 [Hz], Polarization : Ey-polarization
#================================================================================================
# Start 3D forward calculation with 0th order 3D edge-based element.( 5807 sec )
# Number of equation = 475883, Number of equation after degeneration = 473549
# Calculating EM field of the boundary planes with 2D forward analysis.        
#-----------------------------[ Boundary Plane 0 ]-----------------------------
# Calculate electric field on a boundary plane with 0th order edge-based element.
# Number of equation = 520, Number of equation after degeneration = 476
# Set values of matrix and right hand side vector. ( 5807 sec )
# Numerical factorization phase of matrix solver for boundary plane. Polarization : 1 Plane : 0. ( 5807 sec )
# Solve phase of matrix solver for boundary plane. Polarization : 1 Plane : 0. ( 5807 sec )
#-----------------------------[ Boundary Plane 1 ]-----------------------------
# Calculate electric field on a boundary plane with 0th order edge-based element.
# Number of equation = 520, Number of equation after degeneration = 476
# Set values of matrix and right hand side vector. ( 5807 sec )
# Numerical factorization phase of matrix solver for boundary plane. Polarization : 1 Plane : 1. ( 5807 sec )
# Solve phase of matrix solver for boundary plane. Polarization : 1 Plane : 1. ( 5807 sec )
#------------------------------------------------------------------------------
# Set values of matrix and right hand side vector. ( 5807 sec )
# Numerical factorization phase of matrix solver for 3D forward calculation. Polarization : 1.( 5809 sec )
# Solve phase of matrix solver for 3D forward calculation. Polarization : 1.( 5830 sec )
# Calulate right-hand sides vectors consisting of interpolator vectors.( 5831 sec )
# Solve phase of matrix solver for right-hand sides consisting of interpolator vectors.( 5832 sec )
# Solve phase is performed simultaneously for 282 right-hand sides( 5832 sec )
# Calculate derivatives of EM field.( 5841 sec )
#==============================================================================
# Calculate response functions. ( 5854 sec )
# Calculate sensitivity matrix of frequency 15.848[Hz].( 5855 sec )
# Sensitivity matrix of frequency 15.848[Hz] is saved in the out-of-core file sensMatFreq13.
#==============================================================================
#================================================================================================
# Start forward calculation. Frequency : 25.118 [Hz], Polarization : Ex-polarization
#================================================================================================
# Start 3D forward calculation with 0th order 3D edge-based element.( 5856 sec )
# Number of equation = 475883, Number of equation after degeneration = 473549
# Calculating EM field of the boundary planes with 2D forward analysis.        
#-----------------------------[ Boundary Plane 2 ]-----------------------------
# Calculate electric field on a boundary plane with 0th order edge-based element.
# Number of equation = 514, Number of equation after degeneration = 470
# Set values of matrix and right hand side vector. ( 5856 sec )
# Numerical factorization phase of matrix solver for boundary plane. Polarization : 0 Plane : 2. ( 5856 sec )
# Solve phase of matrix solver for boundary plane. Polarization : 0 Plane : 2. ( 5856 sec )
#-----------------------------[ Boundary Plane 3 ]-----------------------------
# Calculate electric field on a boundary plane with 0th order edge-based element.
# Number of equation = 514, Number of equation after degeneration = 470
# Set values of matrix and right hand side vector. ( 5856 sec )
# Numerical factorization phase of matrix solver for boundary plane. Polarization : 0 Plane : 3. ( 5856 sec )
# Solve phase of matrix solver for boundary plane. Polarization : 0 Plane : 3. ( 5856 sec )
#------------------------------------------------------------------------------
# Set values of matrix and right hand side vector. ( 5856 sec )
# Numerical factorization phase of matrix solver for 3D forward calculation. Polarization : 0.( 5858 sec )
# Solve phase of matrix solver for 3D forward calculation. Polarization : 0.( 5879 sec )
# Calulate right-hand sides vectors consisting of interpolator vectors.( 5879 sec )
# Solve phase of matrix solver for right-hand sides consisting of interpolator vectors.( 5880 sec )
# Solve phase is performed simultaneously for 303 right-hand sides( 5880 sec )
# Calculate derivatives of EM field.( 5891 sec )
#================================================================================================
# Start forward calculation. Frequency : 25.118 [Hz], Polarization : Ey-polarization
#================================================================================================
# Start 3D forward calculation with 0th order 3D edge-based element.( 5904 sec )
# Number of equation = 475883, Number of equation after degeneration = 473549
# Calculating EM field of the boundary planes with 2D forward analysis.        
#-----------------------------[ Boundary Plane 0 ]-----------------------------
# Calculate electric field on a boundary plane with 0th order edge-based element.
# Number of equation = 520, Number of equation after degeneration = 476
# Set values of matrix and right hand side vector. ( 5904 sec )
# Numerical factorization phase of matrix solver for boundary plane. Polarization : 1 Plane : 0. ( 5904 sec )
# Solve phase of matrix solver for boundary plane. Polarization : 1 Plane : 0. ( 5904 sec )
#-----------------------------[ Boundary Plane 1 ]-----------------------------
# Calculate electric field on a boundary plane with 0th order edge-based element.
# Number of equation = 520, Number of equation after degeneration = 476
# Set values of matrix and right hand side vector. ( 5904 sec )
# Numerical factorization phase of matrix solver for boundary plane. Polarization : 1 Plane : 1. ( 5904 sec )
# Solve phase of matrix solver for boundary plane. Polarization : 1 Plane : 1. ( 5904 sec )
#------------------------------------------------------------------------------
# Set values of matrix and right hand side vector. ( 5904 sec )
# Numerical factorization phase of matrix solver for 3D forward calculation. Polarization : 1.( 5907 sec )
# Solve phase of matrix solver for 3D forward calculation. Polarization : 1.( 5927 sec )
# Calulate right-hand sides vectors consisting of interpolator vectors.( 5928 sec )
# Solve phase of matrix solver for right-hand sides consisting of interpolator vectors.( 5929 sec )
# Solve phase is performed simultaneously for 303 right-hand sides( 5929 sec )
# Calculate derivatives of EM field.( 5939 sec )
#==============================================================================
# Calculate response functions. ( 5953 sec )
# Calculate sensitivity matrix of frequency 25.118[Hz].( 5953 sec )
# Sensitivity matrix of frequency 25.118[Hz] is saved in the out-of-core file sensMatFreq14.
#==============================================================================
#================================================================================================
# Start forward calculation. Frequency : 39.81 [Hz], Polarization : Ex-polarization
#================================================================================================
# Start 3D forward calculation with 0th order 3D edge-based element.( 5954 sec )
# Number of equation = 475883, Number of equation after degeneration = 473549
# Calculating EM field of the boundary planes with 2D forward analysis.        
#-----------------------------[ Boundary Plane 2 ]-----------------------------
# Calculate electric field on a boundary plane with 0th order edge-based element.
# Number of equation = 514, Number of equation after degeneration = 470
# Set values of matrix and right hand side vector. ( 5954 sec )
# Numerical factorization phase of matrix solver for boundary plane. Polarization : 0 Plane : 2. ( 5954 sec )
# Solve phase of matrix solver for boundary plane. Polarization : 0 Plane : 2. ( 5954 sec )
#-----------------------------[ Boundary Plane 3 ]-----------------------------
# Calculate electric field on a boundary plane with 0th order edge-based element.
# Number of equation = 514, Number of equation after degeneration = 470
# Set values of matrix and right hand side vector. ( 5954 sec )
# Numerical factorization phase of matrix solver for boundary plane. Polarization : 0 Plane : 3. ( 5954 sec )
# Solve phase of matrix solver for boundary plane. Polarization : 0 Plane : 3. ( 5954 sec )
#------------------------------------------------------------------------------
# Set values of matrix and right hand side vector. ( 5954 sec )
# Numerical factorization phase of matrix solver for 3D forward calculation. Polarization : 0.( 5956 sec )
# Solve phase of matrix solver for 3D forward calculation. Polarization : 0.( 5977 sec )
# Calulate right-hand sides vectors consisting of interpolator vectors.( 5977 sec )
# Solve phase of matrix solver for right-hand sides consisting of interpolator vectors.( 5978 sec )
# Solve phase is performed simultaneously for 293 right-hand sides( 5978 sec )
# Calculate derivatives of EM field.( 5988 sec )
#================================================================================================
# Start forward calculation. Frequency : 39.81 [Hz], Polarization : Ey-polarization
#================================================================================================
# Start 3D forward calculation with 0th order 3D edge-based element.( 6001 sec )
# Number of equation = 475883, Number of equation after degeneration = 473549
# Calculating EM field of the boundary planes with 2D forward analysis.        
#-----------------------------[ Boundary Plane 0 ]-----------------------------
# Calculate electric field on a boundary plane with 0th order edge-based element.
# Number of equation = 520, Number of equation after degeneration = 476
# Set values of matrix and right hand side vector. ( 6001 sec )
# Numerical factorization phase of matrix solver for boundary plane. Polarization : 1 Plane : 0. ( 6001 sec )
# Solve phase of matrix solver for boundary plane. Polarization : 1 Plane : 0. ( 6001 sec )
#-----------------------------[ Boundary Plane 1 ]-----------------------------
# Calculate electric field on a boundary plane with 0th order edge-based element.
# Number of equation = 520, Number of equation after degeneration = 476
# Set values of matrix and right hand side vector. ( 6001 sec )
# Numerical factorization phase of matrix solver for boundary plane. Polarization : 1 Plane : 1. ( 6001 sec )
# Solve phase of matrix solver for boundary plane. Polarization : 1 Plane : 1. ( 6001 sec )
#------------------------------------------------------------------------------
# Set values of matrix and right hand side vector. ( 6001 sec )
# Numerical factorization phase of matrix solver for 3D forward calculation. Polarization : 1.( 6004 sec )
# Solve phase of matrix solver for 3D forward calculation. Polarization : 1.( 6024 sec )
# Calulate right-hand sides vectors consisting of interpolator vectors.( 6025 sec )
# Solve phase of matrix solver for right-hand sides consisting of interpolator vectors.( 6026 sec )
# Solve phase is performed simultaneously for 293 right-hand sides( 6026 sec )
# Calculate derivatives of EM field.( 6036 sec )
#==============================================================================
# Calculate response functions. ( 6049 sec )
# Calculate sensitivity matrix of frequency 39.81[Hz].( 6049 sec )
# Sensitivity matrix of frequency 39.81[Hz] is saved in the out-of-core file sensMatFreq15.
#==============================================================================
#================================================================================================
# Start forward calculation. Frequency : 63.095 [Hz], Polarization : Ex-polarization
#================================================================================================
# Start 3D forward calculation with 0th order 3D edge-based element.( 6050 sec )
# Number of equation = 475883, Number of equation after degeneration = 473549
# Calculating EM field of the boundary planes with 2D forward analysis.        
#-----------------------------[ Boundary Plane 2 ]-----------------------------
# Calculate electric field on a boundary plane with 0th order edge-based element.
# Number of equation = 514, Number of equation after degeneration = 470
# Set values of matrix and right hand side vector. ( 6050 sec )
# Numerical factorization phase of matrix solver for boundary plane. Polarization : 0 Plane : 2. ( 6050 sec )
# Solve phase of matrix solver for boundary plane. Polarization : 0 Plane : 2. ( 6050 sec )
#-----------------------------[ Boundary Plane 3 ]-----------------------------
# Calculate electric field on a boundary plane with 0th order edge-based element.
# Number of equation = 514, Number of equation after degeneration = 470
# Set values of matrix and right hand side vector. ( 6050 sec )
# Numerical factorization phase of matrix solver for boundary plane. Polarization : 0 Plane : 3. ( 6050 sec )
# Solve phase of matrix solver for boundary plane. Polarization : 0 Plane : 3. ( 6050 sec )
#------------------------------------------------------------------------------
# Set values of matrix and right hand side vector. ( 6050 sec )
# Numerical factorization phase of matrix solver for 3D forward calculation. Polarization : 0.( 6052 sec )
# Solve phase of matrix solver for 3D forward calculation. Polarization : 0.( 6073 sec )
# Calulate right-hand sides vectors consisting of interpolator vectors.( 6073 sec )
# Solve phase of matrix solver for right-hand sides consisting of interpolator vectors.( 6074 sec )
# Solve phase is performed simultaneously for 275 right-hand sides( 6074 sec )
# Calculate derivatives of EM field.( 6084 sec )
#================================================================================================
# Start forward calculation. Frequency : 63.095 [Hz], Polarization : Ey-polarization
#================================================================================================
# Start 3D forward calculation with 0th order 3D edge-based element.( 6097 sec )
# Number of equation = 475883, Number of equation after degeneration = 473549
# Calculating EM field of the boundary planes with 2D forward analysis.        
#-----------------------------[ Boundary Plane 0 ]-----------------------------
# Calculate electric field on a boundary plane with 0th order edge-based element.
# Number of equation = 520, Number of equation after degeneration = 476
# Set values of matrix and right hand side vector. ( 6097 sec )
# Numerical factorization phase of matrix solver for boundary plane. Polarization : 1 Plane : 0. ( 6097 sec )
# Solve phase of matrix solver for boundary plane. Polarization : 1 Plane : 0. ( 6097 sec )
#-----------------------------[ Boundary Plane 1 ]-----------------------------
# Calculate electric field on a boundary plane with 0th order edge-based element.
# Number of equation = 520, Number of equation after degeneration = 476
# Set values of matrix and right hand side vector. ( 6097 sec )
# Numerical factorization phase of matrix solver for boundary plane. Polarization : 1 Plane : 1. ( 6097 sec )
# Solve phase of matrix solver for boundary plane. Polarization : 1 Plane : 1. ( 6097 sec )
#------------------------------------------------------------------------------
# Set values of matrix and right hand side vector. ( 6097 sec )
# Numerical factorization phase of matrix solver for 3D forward calculation. Polarization : 1.( 6099 sec )
# Solve phase of matrix solver for 3D forward calculation. Polarization : 1.( 6120 sec )
# Calulate right-hand sides vectors consisting of interpolator vectors.( 6120 sec )
# Solve phase of matrix solver for right-hand sides consisting of interpolator vectors.( 6121 sec )
# Solve phase is performed simultaneously for 275 right-hand sides( 6121 sec )
# Calculate derivatives of EM field.( 6130 sec )
#==============================================================================
# Calculate response functions. ( 6143 sec )
# Calculate sensitivity matrix of frequency 63.095[Hz].( 6143 sec )
# Sensitivity matrix of frequency 63.095[Hz] is saved in the out-of-core file sensMatFreq16.
#==============================================================================
# Release memory of coefficient matrix and sparse solver. ( 6144 sec )
# Reach maximum retrial number.
# End femtic ( 6144 sec )
