# Start femtic Linux Version 4.3.0 ( 0 sec )
# Read analysis control data from control.dat.( 0 sec )
#==============================================================================
# Summary of control data
#==============================================================================
# Condition of perfect electric conductor is specified at the bottom boundary.
# Type of mesh : Tetrahedron.
# Number of threads is specified to be 4 .
# In-core mode is used.
# Division number of right-hand sides at solve phase in forward calculation : 1
# Division number of right-hand sides at solve phase in inversion : 1
# Coefficient matrix of normal equation is assumed to be indefinite.
# Renumbering is not performed.
# Horizontal electric field is used for calculating response functions.
# EM field is interpolated from the values of the edges of the lower element.
# Release memory of coefficient matrix and sparse solver after forward calculation.
# Type of bound constraints method : Simple bound constraining
# Minimum distance to resistivity bounds in common logarithm scale : 0.01 .
# Bottom resistivity : 1000 [Ohm-m]
# Roughning factor at the bottom : 1
# Following variables are written to to ASCII file.
#  - Resistivity
#  - Sensitivity
#  - Sensitivity density
# Method of inversion : Gauss-newton method (Data space)
# Components of distortion matrices are estimated directly as model parameters.
# Roughening matrix is created using shared faces of elements.
# Trade-off parameter for resistivity value : 1 .
# Trade-off parameter for distortion strength : 0.1 .
# Weighting factor of alpha (X,Y,Z) = (1, 1, 1) .
# Factor of inverse distance weighting : 1.
# Initial iteration number : 0.
# Maximun iteration number : 15.
# Threshold value for determining if objective functional decrease : 0.001.
# Convergence criterion of inversion is that change ratios of objective function and its components are less than 0.2 [%] .
# Initial factor of step-length damping : 0.5.
# Minimum factor of step-length damping : 0.1.
# Maximum factor of step-length damping : 1.
# If residual increase, factor of step-length damping is muliplied by 0.5 times.
# If residual decrease 3 times in a row, factor of step-length damping is muliplied by 1.25 times.
# Maximum number of retrials : 2.
#==============================================================================
# Read mesh data from mesh.dat .( 0 sec )
# Read data of resisitivity block model .( 1 sec )
# Read observed data .( 1 sec )
# Number of the stations of the impedance tensor : 48
# Station ID     Station ID (Ref)  Owner Element  Electric field
# 1              1                 Lower          Horizontal
# 2              2                 Lower          Horizontal
# 3              3                 Lower          Horizontal
# 4              4                 Lower          Horizontal
# 5              5                 Lower          Horizontal
# 6              6                 Lower          Horizontal
# 7              7                 Lower          Horizontal
# 8              8                 Lower          Horizontal
# 9              9                 Lower          Horizontal
# 10             10                Lower          Horizontal
# 11             11                Lower          Horizontal
# 12             12                Lower          Horizontal
# 13             13                Lower          Horizontal
# 14             14                Lower          Horizontal
# 15             15                Lower          Horizontal
# 16             16                Lower          Horizontal
# 17             17                Lower          Horizontal
# 18             18                Lower          Horizontal
# 19             19                Lower          Horizontal
# 20             20                Lower          Horizontal
# 21             21                Lower          Horizontal
# 22             22                Lower          Horizontal
# 23             23                Lower          Horizontal
# 24             24                Lower          Horizontal
# 25             25                Lower          Horizontal
# 26             26                Lower          Horizontal
# 27             27                Lower          Horizontal
# 28             28                Lower          Horizontal
# 29             29                Lower          Horizontal
# 30             30                Lower          Horizontal
# 31             31                Lower          Horizontal
# 32             32                Lower          Horizontal
# 33             33                Lower          Horizontal
# 34             34                Lower          Horizontal
# 35             35                Lower          Horizontal
# 36             36                Lower          Horizontal
# 37             37                Lower          Horizontal
# 38             38                Lower          Horizontal
# 39             39                Lower          Horizontal
# 40             40                Lower          Horizontal
# 41             41                Lower          Horizontal
# 42             42                Lower          Horizontal
# 43             43                Lower          Horizontal
# 44             44                Lower          Horizontal
# 45             45                Lower          Horizontal
# 46             46                Lower          Horizontal
# 47             47                Lower          Horizontal
# 48             48                Lower          Horizontal
# Number of the stations of the vertical magnetic transfer function : 46
# Station ID     Station ID (Ref)  Owner Element
# 1001           1001              Lower
# 1002           1002              Lower
# 1003           1003              Lower
# 1004           1004              Lower
# 1005           1005              Lower
# 1006           1006              Lower
# 1007           1007              Lower
# 1008           1008              Lower
# 1009           1009              Lower
# 1010           1010              Lower
# 1011           1011              Lower
# 1012           1012              Lower
# 1013           1013              Lower
# 1014           1014              Lower
# 1015           1015              Lower
# 1016           1016              Lower
# 1017           1017              Lower
# 1018           1018              Lower
# 1019           1019              Lower
# 1020           1020              Lower
# 1021           1021              Lower
# 1022           1022              Lower
# 1023           1023              Lower
# 1024           1024              Lower
# 1025           1025              Lower
# 1026           1026              Lower
# 1027           1027              Lower
# 1028           1028              Lower
# 1029           1029              Lower
# 1030           1030              Lower
# 1031           1031              Lower
# 1032           1032              Lower
# 1033           1033              Lower
# 1034           1034              Lower
# 1035           1035              Lower
# 1036           1036              Lower
# 1037           1037              Lower
# 1038           1038              Lower
# 1039           1039              Lower
# 1040           1040              Lower
# 1041           1041              Lower
# 1042           1042              Lower
# 1043           1043              Lower
# 1044           1044              Lower
# 1045           1045              Lower
# 1046           1046              Lower
#++++++++++++++++++++++++++++++++++++++++++++++++++++++++++++++++++++++++++++++
# Total number of stations : 94 .
#  - Number of impedance tensor stations : 48 .
#  - Number of VTF stations : 46 .
#++++++++++++++++++++++++++++++++++++++++++++++++++++++++++++++++++++++++++++++
#++++++++++++++++++++++++++++++++++++++++++++++++++++++++++++++++++++++++++++++
# Forward calculation is performed for the frequencies/periods below.
# Freq#  Frequency[Hz]  Period[sec]    
# 0      0.03981        25.1193        
# 1      0.06309        15.8504        
# 2      0.1            10             
# 3      0.15848        6.30994        
# 4      0.25118        3.98121        
# 5      0.3981         2.51193        
# 6      0.63095        1.58491        
# 7      1              1              
# 8      1.5848         0.630994       
# 9      2.5118         0.398121       
# 10     3.981          0.251193       
# 11     6.3095         0.158491       
# 12     10             0.1            
# 13     15.848         0.0630994      
# 14     25.118         0.0398121      
# 15     39.81          0.0251193      
# 16     63.095         0.0158491      
# 17     100            0.01           
# 18     158.48         0.00630994     
# 19     251.18         0.00398121     
# 20     398.1          0.00251193     
# 21     630.95         0.00158491     
# 22     1000           0.001          
#++++++++++++++++++++++++++++++++++++++++++++++++++++++++++++++++++++++++++++++
# Read distortion matrix data .( 1 sec )
# Find element including each station .( 1 sec )
#++++++++++++++++++++++++++++++++++++++++++++++++++++++++++++++++++++++++++++++
# Total number of model parameter : 54779.
#  - Number of modifiable resisitivity values : 54587.
#  - Number of modifiable distortion parameters : 192.
#++++++++++++++++++++++++++++++++++++++++++++++++++++++++++++++++++++++++++++++
# Calculate Roughening Matrix .( 1 sec )
###############################################################################
# Start Forward Computation.  Iteration : 0,  Retrial : 0
###############################################################################
#================================================================================================
# Start forward calculation. Frequency : 100 [Hz], Polarization : Ex-polarization
#================================================================================================
# Start 3D forward calculation with 0th order 3D edge-based element.( 2 sec )
# Number of equation = 475883, Number of equation after degeneration = 473549
# Calculating EM field of the boundary planes with 2D forward analysis.        
#-----------------------------[ Boundary Plane 2 ]-----------------------------
# Calculate electric field on a boundary plane with 0th order edge-based element.
# Number of equation = 514, Number of equation after degeneration = 470
# Set matrix structure. ( 3 sec )
# Anaysis phase of matrix solver for boundary plane. Polarization : 0 Plane : 2. ( 3 sec )
# Set values of matrix and right hand side vector. ( 3 sec )
# Numerical factorization phase of matrix solver for boundary plane. Polarization : 0 Plane : 2. ( 3 sec )
# Solve phase of matrix solver for boundary plane. Polarization : 0 Plane : 2. ( 3 sec )
#-----------------------------[ Boundary Plane 3 ]-----------------------------
# Calculate electric field on a boundary plane with 0th order edge-based element.
# Number of equation = 514, Number of equation after degeneration = 470
# Set matrix structure. ( 3 sec )
# Anaysis phase of matrix solver for boundary plane. Polarization : 0 Plane : 3. ( 3 sec )
# Set values of matrix and right hand side vector. ( 3 sec )
# Numerical factorization phase of matrix solver for boundary plane. Polarization : 0 Plane : 3. ( 3 sec )
# Solve phase of matrix solver for boundary plane. Polarization : 0 Plane : 3. ( 3 sec )
#------------------------------------------------------------------------------
# Set matrix structure. ( 3 sec )
# Anaysis phase of matrix solver for 3D forward calculation. Polarization : 0. ( 8 sec )
#++++++++++++++++++++++++++++++++++++++++++++++++++++++++++++++++++++++++++++++++++++++++++++++++
# Total peak memory required during the analysis and symbolic factorization phase    : 578171 [KByte]
# Permanent memory required from the analysis phase to the solve phases              : 482743 [KByte]
# Total memory consumed by in-core forward solver for internal float point arrays    : 4.12817e+06 [KByte]
# Minimum memory consumed by out-core forward solver for internal float point arrays : 68244 [KByte]
#++++++++++++++++++++++++++++++++++++++++++++++++++++++++++++++++++++++++++++++++++++++++++++++++
# Set values of matrix and right hand side vector. ( 11 sec )
# Numerical factorization phase of matrix solver for 3D forward calculation. Polarization : 0.( 14 sec )
# Solve phase of matrix solver for 3D forward calculation. Polarization : 0.( 47 sec )
# Calulate right-hand sides vectors consisting of interpolator vectors.( 47 sec )
# Solve phase of matrix solver for right-hand sides consisting of interpolator vectors.( 49 sec )
# Solve phase is performed simultaneously for 288 right-hand sides( 49 sec )
# Calculate derivatives of EM field.( 64 sec )
#================================================================================================
# Start forward calculation. Frequency : 100 [Hz], Polarization : Ey-polarization
#================================================================================================
# Start 3D forward calculation with 0th order 3D edge-based element.( 95 sec )
# Number of equation = 475883, Number of equation after degeneration = 473549
# Calculating EM field of the boundary planes with 2D forward analysis.        
#-----------------------------[ Boundary Plane 0 ]-----------------------------
# Calculate electric field on a boundary plane with 0th order edge-based element.
# Number of equation = 520, Number of equation after degeneration = 476
# Set matrix structure. ( 95 sec )
# Anaysis phase of matrix solver for boundary plane. Polarization : 1 Plane : 0. ( 95 sec )
# Set values of matrix and right hand side vector. ( 95 sec )
# Numerical factorization phase of matrix solver for boundary plane. Polarization : 1 Plane : 0. ( 95 sec )
# Solve phase of matrix solver for boundary plane. Polarization : 1 Plane : 0. ( 95 sec )
#-----------------------------[ Boundary Plane 1 ]-----------------------------
# Calculate electric field on a boundary plane with 0th order edge-based element.
# Number of equation = 520, Number of equation after degeneration = 476
# Set matrix structure. ( 95 sec )
# Anaysis phase of matrix solver for boundary plane. Polarization : 1 Plane : 1. ( 95 sec )
# Set values of matrix and right hand side vector. ( 95 sec )
# Numerical factorization phase of matrix solver for boundary plane. Polarization : 1 Plane : 1. ( 95 sec )
# Solve phase of matrix solver for boundary plane. Polarization : 1 Plane : 1. ( 95 sec )
#------------------------------------------------------------------------------
# Set values of matrix and right hand side vector. ( 95 sec )
# Numerical factorization phase of matrix solver for 3D forward calculation. Polarization : 1.( 98 sec )
# Solve phase of matrix solver for 3D forward calculation. Polarization : 1.( 131 sec )
# Calulate right-hand sides vectors consisting of interpolator vectors.( 131 sec )
# Solve phase of matrix solver for right-hand sides consisting of interpolator vectors.( 133 sec )
# Solve phase is performed simultaneously for 288 right-hand sides( 133 sec )
# Calculate derivatives of EM field.( 147 sec )
#==============================================================================
# Calculate response functions. ( 177 sec )
# Calculate sensitivity matrix of frequency 100[Hz].( 177 sec )
# Sensitivity matrix of frequency 100[Hz] is saved in the out-of-core file sensMatFreq17.
#==============================================================================
#================================================================================================
# Start forward calculation. Frequency : 158.48 [Hz], Polarization : Ex-polarization
#================================================================================================
# Start 3D forward calculation with 0th order 3D edge-based element.( 178 sec )
# Number of equation = 475883, Number of equation after degeneration = 473549
# Calculating EM field of the boundary planes with 2D forward analysis.        
#-----------------------------[ Boundary Plane 2 ]-----------------------------
# Calculate electric field on a boundary plane with 0th order edge-based element.
# Number of equation = 514, Number of equation after degeneration = 470
# Set values of matrix and right hand side vector. ( 178 sec )
# Numerical factorization phase of matrix solver for boundary plane. Polarization : 0 Plane : 2. ( 178 sec )
# Solve phase of matrix solver for boundary plane. Polarization : 0 Plane : 2. ( 178 sec )
#-----------------------------[ Boundary Plane 3 ]-----------------------------
# Calculate electric field on a boundary plane with 0th order edge-based element.
# Number of equation = 514, Number of equation after degeneration = 470
# Set values of matrix and right hand side vector. ( 178 sec )
# Numerical factorization phase of matrix solver for boundary plane. Polarization : 0 Plane : 3. ( 178 sec )
# Solve phase of matrix solver for boundary plane. Polarization : 0 Plane : 3. ( 178 sec )
#------------------------------------------------------------------------------
# Set values of matrix and right hand side vector. ( 178 sec )
# Numerical factorization phase of matrix solver for 3D forward calculation. Polarization : 0.( 181 sec )
# Solve phase of matrix solver for 3D forward calculation. Polarization : 0.( 214 sec )
# Calulate right-hand sides vectors consisting of interpolator vectors.( 215 sec )
# Solve phase of matrix solver for right-hand sides consisting of interpolator vectors.( 216 sec )
# Solve phase is performed simultaneously for 292 right-hand sides( 216 sec )
# Calculate derivatives of EM field.( 232 sec )
#================================================================================================
# Start forward calculation. Frequency : 158.48 [Hz], Polarization : Ey-polarization
#================================================================================================
# Start 3D forward calculation with 0th order 3D edge-based element.( 262 sec )
# Number of equation = 475883, Number of equation after degeneration = 473549
# Calculating EM field of the boundary planes with 2D forward analysis.        
#-----------------------------[ Boundary Plane 0 ]-----------------------------
# Calculate electric field on a boundary plane with 0th order edge-based element.
# Number of equation = 520, Number of equation after degeneration = 476
# Set values of matrix and right hand side vector. ( 262 sec )
# Numerical factorization phase of matrix solver for boundary plane. Polarization : 1 Plane : 0. ( 262 sec )
# Solve phase of matrix solver for boundary plane. Polarization : 1 Plane : 0. ( 262 sec )
#-----------------------------[ Boundary Plane 1 ]-----------------------------
# Calculate electric field on a boundary plane with 0th order edge-based element.
# Number of equation = 520, Number of equation after degeneration = 476
# Set values of matrix and right hand side vector. ( 262 sec )
# Numerical factorization phase of matrix solver for boundary plane. Polarization : 1 Plane : 1. ( 262 sec )
# Solve phase of matrix solver for boundary plane. Polarization : 1 Plane : 1. ( 262 sec )
#------------------------------------------------------------------------------
# Set values of matrix and right hand side vector. ( 262 sec )
# Numerical factorization phase of matrix solver for 3D forward calculation. Polarization : 1.( 265 sec )
# Solve phase of matrix solver for 3D forward calculation. Polarization : 1.( 298 sec )
# Calulate right-hand sides vectors consisting of interpolator vectors.( 298 sec )
# Solve phase of matrix solver for right-hand sides consisting of interpolator vectors.( 300 sec )
# Solve phase is performed simultaneously for 292 right-hand sides( 300 sec )
# Calculate derivatives of EM field.( 315 sec )
#==============================================================================
# Calculate response functions. ( 344 sec )
# Calculate sensitivity matrix of frequency 158.48[Hz].( 345 sec )
# Sensitivity matrix of frequency 158.48[Hz] is saved in the out-of-core file sensMatFreq18.
#==============================================================================
#================================================================================================
# Start forward calculation. Frequency : 251.18 [Hz], Polarization : Ex-polarization
#================================================================================================
# Start 3D forward calculation with 0th order 3D edge-based element.( 345 sec )
# Number of equation = 475883, Number of equation after degeneration = 473549
# Calculating EM field of the boundary planes with 2D forward analysis.        
#-----------------------------[ Boundary Plane 2 ]-----------------------------
# Calculate electric field on a boundary plane with 0th order edge-based element.
# Number of equation = 514, Number of equation after degeneration = 470
# Set values of matrix and right hand side vector. ( 345 sec )
# Numerical factorization phase of matrix solver for boundary plane. Polarization : 0 Plane : 2. ( 345 sec )
# Solve phase of matrix solver for boundary plane. Polarization : 0 Plane : 2. ( 345 sec )
#-----------------------------[ Boundary Plane 3 ]-----------------------------
# Calculate electric field on a boundary plane with 0th order edge-based element.
# Number of equation = 514, Number of equation after degeneration = 470
# Set values of matrix and right hand side vector. ( 345 sec )
# Numerical factorization phase of matrix solver for boundary plane. Polarization : 0 Plane : 3. ( 345 sec )
# Solve phase of matrix solver for boundary plane. Polarization : 0 Plane : 3. ( 345 sec )
#------------------------------------------------------------------------------
# Set values of matrix and right hand side vector. ( 345 sec )
# Numerical factorization phase of matrix solver for 3D forward calculation. Polarization : 0.( 348 sec )
# Solve phase of matrix solver for 3D forward calculation. Polarization : 0.( 381 sec )
# Calulate right-hand sides vectors consisting of interpolator vectors.( 382 sec )
# Solve phase of matrix solver for right-hand sides consisting of interpolator vectors.( 383 sec )
# Solve phase is performed simultaneously for 295 right-hand sides( 383 sec )
# Calculate derivatives of EM field.( 400 sec )
#================================================================================================
# Start forward calculation. Frequency : 251.18 [Hz], Polarization : Ey-polarization
#================================================================================================
# Start 3D forward calculation with 0th order 3D edge-based element.( 430 sec )
# Number of equation = 475883, Number of equation after degeneration = 473549
# Calculating EM field of the boundary planes with 2D forward analysis.        
#-----------------------------[ Boundary Plane 0 ]-----------------------------
# Calculate electric field on a boundary plane with 0th order edge-based element.
# Number of equation = 520, Number of equation after degeneration = 476
# Set values of matrix and right hand side vector. ( 430 sec )
# Numerical factorization phase of matrix solver for boundary plane. Polarization : 1 Plane : 0. ( 430 sec )
# Solve phase of matrix solver for boundary plane. Polarization : 1 Plane : 0. ( 430 sec )
#-----------------------------[ Boundary Plane 1 ]-----------------------------
# Calculate electric field on a boundary plane with 0th order edge-based element.
# Number of equation = 520, Number of equation after degeneration = 476
# Set values of matrix and right hand side vector. ( 430 sec )
# Numerical factorization phase of matrix solver for boundary plane. Polarization : 1 Plane : 1. ( 430 sec )
# Solve phase of matrix solver for boundary plane. Polarization : 1 Plane : 1. ( 430 sec )
#------------------------------------------------------------------------------
# Set values of matrix and right hand side vector. ( 430 sec )
# Numerical factorization phase of matrix solver for 3D forward calculation. Polarization : 1.( 432 sec )
# Solve phase of matrix solver for 3D forward calculation. Polarization : 1.( 466 sec )
# Calulate right-hand sides vectors consisting of interpolator vectors.( 466 sec )
# Solve phase of matrix solver for right-hand sides consisting of interpolator vectors.( 468 sec )
# Solve phase is performed simultaneously for 295 right-hand sides( 468 sec )
# Calculate derivatives of EM field.( 484 sec )
#==============================================================================
# Calculate response functions. ( 512 sec )
# Calculate sensitivity matrix of frequency 251.18[Hz].( 512 sec )
# Sensitivity matrix of frequency 251.18[Hz] is saved in the out-of-core file sensMatFreq19.
#==============================================================================
# Release memory of coefficient matrix and sparse solver. ( 513 sec )
###############################################################################
# Start Inversion.  Iteration : 0
###############################################################################
# Number of model : 54779
# Number of frequencies of this PE : 3
# Calculate constraining matrix. ( 516 sec )
# Analyse constraining matrix.( 516 sec )
# Analyse transposed constraining matrix.( 516 sec )
# Factorize constraining matrix.( 516 sec )
# Factorize transposed constraining matrix.( 517 sec )
# Number of data of this PE : 1508
# Read sensitivity matrix from sensMatFreq17.( 517 sec )
# Multiply transposed sensitivity matrix by inverse of transposed constraining matrix. ( 520 sec )
# Solve phase is performed simultaneously for 496 right-hand sides( 520 sec )
# Read sensitivity matrix from sensMatFreq18.( 522 sec )
# Multiply transposed sensitivity matrix by inverse of transposed constraining matrix. ( 524 sec )
# Solve phase is performed simultaneously for 504 right-hand sides( 524 sec )
# Read sensitivity matrix from sensMatFreq19.( 526 sec )
# Multiply transposed sensitivity matrix by inverse of transposed constraining matrix. ( 528 sec )
# Solve phase is performed simultaneously for 508 right-hand sides( 528 sec )
# Calculate right-hand side vector. ( 529 sec )
# Read sensitivity matrix from sensMatFreq17.( 529 sec )
# Read sensitivity matrix from sensMatFreq18.( 529 sec )
# Read sensitivity matrix from sensMatFreq19.( 530 sec )
# Read sensitivity matrix from sensMatFreq17.( 580 sec )
# Read sensitivity matrix from sensMatFreq18.( 581 sec )
# Read sensitivity matrix from sensMatFreq19.( 581 sec )
# Calculate model increments. ( 581 sec )
###############################################################################
# Start Forward Computation.  Iteration : 1,  Retrial : 0
###############################################################################
#================================================================================================
# Start forward calculation. Frequency : 100 [Hz], Polarization : Ex-polarization
#================================================================================================
# Start 3D forward calculation with 0th order 3D edge-based element.( 582 sec )
# Number of equation = 475883, Number of equation after degeneration = 473549
# Calculating EM field of the boundary planes with 2D forward analysis.        
#-----------------------------[ Boundary Plane 2 ]-----------------------------
# Calculate electric field on a boundary plane with 0th order edge-based element.
# Number of equation = 514, Number of equation after degeneration = 470
# Set values of matrix and right hand side vector. ( 582 sec )
# Numerical factorization phase of matrix solver for boundary plane. Polarization : 0 Plane : 2. ( 582 sec )
# Solve phase of matrix solver for boundary plane. Polarization : 0 Plane : 2. ( 582 sec )
#-----------------------------[ Boundary Plane 3 ]-----------------------------
# Calculate electric field on a boundary plane with 0th order edge-based element.
# Number of equation = 514, Number of equation after degeneration = 470
# Set values of matrix and right hand side vector. ( 582 sec )
# Numerical factorization phase of matrix solver for boundary plane. Polarization : 0 Plane : 3. ( 582 sec )
# Solve phase of matrix solver for boundary plane. Polarization : 0 Plane : 3. ( 582 sec )
#------------------------------------------------------------------------------
# Set matrix structure. ( 582 sec )
# Anaysis phase of matrix solver for 3D forward calculation. Polarization : 0. ( 586 sec )
#++++++++++++++++++++++++++++++++++++++++++++++++++++++++++++++++++++++++++++++++++++++++++++++++
# Total peak memory required during the analysis and symbolic factorization phase    : 577002 [KByte]
# Permanent memory required from the analysis phase to the solve phases              : 482113 [KByte]
# Total memory consumed by in-core forward solver for internal float point arrays    : 4.12473e+06 [KByte]
# Minimum memory consumed by out-core forward solver for internal float point arrays : 68732 [KByte]
#++++++++++++++++++++++++++++++++++++++++++++++++++++++++++++++++++++++++++++++++++++++++++++++++
# Set values of matrix and right hand side vector. ( 589 sec )
# Numerical factorization phase of matrix solver for 3D forward calculation. Polarization : 0.( 592 sec )
# Solve phase of matrix solver for 3D forward calculation. Polarization : 0.( 625 sec )
# Calulate right-hand sides vectors consisting of interpolator vectors.( 625 sec )
# Solve phase of matrix solver for right-hand sides consisting of interpolator vectors.( 627 sec )
# Solve phase is performed simultaneously for 288 right-hand sides( 627 sec )
# Calculate derivatives of EM field.( 642 sec )
#================================================================================================
# Start forward calculation. Frequency : 100 [Hz], Polarization : Ey-polarization
#================================================================================================
# Start 3D forward calculation with 0th order 3D edge-based element.( 673 sec )
# Number of equation = 475883, Number of equation after degeneration = 473549
# Calculating EM field of the boundary planes with 2D forward analysis.        
#-----------------------------[ Boundary Plane 0 ]-----------------------------
# Calculate electric field on a boundary plane with 0th order edge-based element.
# Number of equation = 520, Number of equation after degeneration = 476
# Set values of matrix and right hand side vector. ( 673 sec )
# Numerical factorization phase of matrix solver for boundary plane. Polarization : 1 Plane : 0. ( 673 sec )
# Solve phase of matrix solver for boundary plane. Polarization : 1 Plane : 0. ( 673 sec )
#-----------------------------[ Boundary Plane 1 ]-----------------------------
# Calculate electric field on a boundary plane with 0th order edge-based element.
# Number of equation = 520, Number of equation after degeneration = 476
# Set values of matrix and right hand side vector. ( 673 sec )
# Numerical factorization phase of matrix solver for boundary plane. Polarization : 1 Plane : 1. ( 673 sec )
# Solve phase of matrix solver for boundary plane. Polarization : 1 Plane : 1. ( 673 sec )
#------------------------------------------------------------------------------
# Set values of matrix and right hand side vector. ( 673 sec )
# Numerical factorization phase of matrix solver for 3D forward calculation. Polarization : 1.( 675 sec )
# Solve phase of matrix solver for 3D forward calculation. Polarization : 1.( 708 sec )
# Calulate right-hand sides vectors consisting of interpolator vectors.( 709 sec )
# Solve phase of matrix solver for right-hand sides consisting of interpolator vectors.( 710 sec )
# Solve phase is performed simultaneously for 288 right-hand sides( 710 sec )
# Calculate derivatives of EM field.( 725 sec )
#==============================================================================
# Calculate response functions. ( 755 sec )
# Calculate sensitivity matrix of frequency 100[Hz].( 755 sec )
# Sensitivity matrix of frequency 100[Hz] is saved in the out-of-core file sensMatFreq17.
#==============================================================================
#================================================================================================
# Start forward calculation. Frequency : 158.48 [Hz], Polarization : Ex-polarization
#================================================================================================
# Start 3D forward calculation with 0th order 3D edge-based element.( 756 sec )
# Number of equation = 475883, Number of equation after degeneration = 473549
# Calculating EM field of the boundary planes with 2D forward analysis.        
#-----------------------------[ Boundary Plane 2 ]-----------------------------
# Calculate electric field on a boundary plane with 0th order edge-based element.
# Number of equation = 514, Number of equation after degeneration = 470
# Set values of matrix and right hand side vector. ( 756 sec )
# Numerical factorization phase of matrix solver for boundary plane. Polarization : 0 Plane : 2. ( 756 sec )
# Solve phase of matrix solver for boundary plane. Polarization : 0 Plane : 2. ( 756 sec )
#-----------------------------[ Boundary Plane 3 ]-----------------------------
# Calculate electric field on a boundary plane with 0th order edge-based element.
# Number of equation = 514, Number of equation after degeneration = 470
# Set values of matrix and right hand side vector. ( 756 sec )
# Numerical factorization phase of matrix solver for boundary plane. Polarization : 0 Plane : 3. ( 756 sec )
# Solve phase of matrix solver for boundary plane. Polarization : 0 Plane : 3. ( 756 sec )
#------------------------------------------------------------------------------
# Set values of matrix and right hand side vector. ( 756 sec )
# Numerical factorization phase of matrix solver for 3D forward calculation. Polarization : 0.( 759 sec )
# Solve phase of matrix solver for 3D forward calculation. Polarization : 0.( 791 sec )
# Calulate right-hand sides vectors consisting of interpolator vectors.( 791 sec )
# Solve phase of matrix solver for right-hand sides consisting of interpolator vectors.( 793 sec )
# Solve phase is performed simultaneously for 292 right-hand sides( 793 sec )
# Calculate derivatives of EM field.( 809 sec )
#================================================================================================
# Start forward calculation. Frequency : 158.48 [Hz], Polarization : Ey-polarization
#================================================================================================
# Start 3D forward calculation with 0th order 3D edge-based element.( 838 sec )
# Number of equation = 475883, Number of equation after degeneration = 473549
# Calculating EM field of the boundary planes with 2D forward analysis.        
#-----------------------------[ Boundary Plane 0 ]-----------------------------
# Calculate electric field on a boundary plane with 0th order edge-based element.
# Number of equation = 520, Number of equation after degeneration = 476
# Set values of matrix and right hand side vector. ( 838 sec )
# Numerical factorization phase of matrix solver for boundary plane. Polarization : 1 Plane : 0. ( 838 sec )
# Solve phase of matrix solver for boundary plane. Polarization : 1 Plane : 0. ( 838 sec )
#-----------------------------[ Boundary Plane 1 ]-----------------------------
# Calculate electric field on a boundary plane with 0th order edge-based element.
# Number of equation = 520, Number of equation after degeneration = 476
# Set values of matrix and right hand side vector. ( 838 sec )
# Numerical factorization phase of matrix solver for boundary plane. Polarization : 1 Plane : 1. ( 838 sec )
# Solve phase of matrix solver for boundary plane. Polarization : 1 Plane : 1. ( 838 sec )
#------------------------------------------------------------------------------
# Set values of matrix and right hand side vector. ( 838 sec )
# Numerical factorization phase of matrix solver for 3D forward calculation. Polarization : 1.( 841 sec )
# Solve phase of matrix solver for 3D forward calculation. Polarization : 1.( 873 sec )
# Calulate right-hand sides vectors consisting of interpolator vectors.( 874 sec )
# Solve phase of matrix solver for right-hand sides consisting of interpolator vectors.( 876 sec )
# Solve phase is performed simultaneously for 292 right-hand sides( 876 sec )
# Calculate derivatives of EM field.( 890 sec )
#==============================================================================
# Calculate response functions. ( 920 sec )
# Calculate sensitivity matrix of frequency 158.48[Hz].( 920 sec )
# Sensitivity matrix of frequency 158.48[Hz] is saved in the out-of-core file sensMatFreq18.
#==============================================================================
#================================================================================================
# Start forward calculation. Frequency : 251.18 [Hz], Polarization : Ex-polarization
#================================================================================================
# Start 3D forward calculation with 0th order 3D edge-based element.( 921 sec )
# Number of equation = 475883, Number of equation after degeneration = 473549
# Calculating EM field of the boundary planes with 2D forward analysis.        
#-----------------------------[ Boundary Plane 2 ]-----------------------------
# Calculate electric field on a boundary plane with 0th order edge-based element.
# Number of equation = 514, Number of equation after degeneration = 470
# Set values of matrix and right hand side vector. ( 921 sec )
# Numerical factorization phase of matrix solver for boundary plane. Polarization : 0 Plane : 2. ( 921 sec )
# Solve phase of matrix solver for boundary plane. Polarization : 0 Plane : 2. ( 921 sec )
#-----------------------------[ Boundary Plane 3 ]-----------------------------
# Calculate electric field on a boundary plane with 0th order edge-based element.
# Number of equation = 514, Number of equation after degeneration = 470
# Set values of matrix and right hand side vector. ( 921 sec )
# Numerical factorization phase of matrix solver for boundary plane. Polarization : 0 Plane : 3. ( 921 sec )
# Solve phase of matrix solver for boundary plane. Polarization : 0 Plane : 3. ( 921 sec )
#------------------------------------------------------------------------------
# Set values of matrix and right hand side vector. ( 921 sec )
# Numerical factorization phase of matrix solver for 3D forward calculation. Polarization : 0.( 924 sec )
# Solve phase of matrix solver for 3D forward calculation. Polarization : 0.( 956 sec )
# Calulate right-hand sides vectors consisting of interpolator vectors.( 956 sec )
# Solve phase of matrix solver for right-hand sides consisting of interpolator vectors.( 958 sec )
# Solve phase is performed simultaneously for 295 right-hand sides( 958 sec )
# Calculate derivatives of EM field.( 974 sec )
#================================================================================================
# Start forward calculation. Frequency : 251.18 [Hz], Polarization : Ey-polarization
#================================================================================================
# Start 3D forward calculation with 0th order 3D edge-based element.( 1005 sec )
# Number of equation = 475883, Number of equation after degeneration = 473549
# Calculating EM field of the boundary planes with 2D forward analysis.        
#-----------------------------[ Boundary Plane 0 ]-----------------------------
# Calculate electric field on a boundary plane with 0th order edge-based element.
# Number of equation = 520, Number of equation after degeneration = 476
# Set values of matrix and right hand side vector. ( 1005 sec )
# Numerical factorization phase of matrix solver for boundary plane. Polarization : 1 Plane : 0. ( 1005 sec )
# Solve phase of matrix solver for boundary plane. Polarization : 1 Plane : 0. ( 1005 sec )
#-----------------------------[ Boundary Plane 1 ]-----------------------------
# Calculate electric field on a boundary plane with 0th order edge-based element.
# Number of equation = 520, Number of equation after degeneration = 476
# Set values of matrix and right hand side vector. ( 1005 sec )
# Numerical factorization phase of matrix solver for boundary plane. Polarization : 1 Plane : 1. ( 1005 sec )
# Solve phase of matrix solver for boundary plane. Polarization : 1 Plane : 1. ( 1005 sec )
#------------------------------------------------------------------------------
# Set values of matrix and right hand side vector. ( 1005 sec )
# Numerical factorization phase of matrix solver for 3D forward calculation. Polarization : 1.( 1008 sec )
# Solve phase of matrix solver for 3D forward calculation. Polarization : 1.( 1040 sec )
# Calulate right-hand sides vectors consisting of interpolator vectors.( 1041 sec )
# Solve phase of matrix solver for right-hand sides consisting of interpolator vectors.( 1042 sec )
# Solve phase is performed simultaneously for 295 right-hand sides( 1042 sec )
# Calculate derivatives of EM field.( 1057 sec )
#==============================================================================
# Calculate response functions. ( 1088 sec )
# Calculate sensitivity matrix of frequency 251.18[Hz].( 1088 sec )
# Sensitivity matrix of frequency 251.18[Hz] is saved in the out-of-core file sensMatFreq19.
#==============================================================================
# Release memory of coefficient matrix and sparse solver. ( 1089 sec )
###############################################################################
# Start Inversion.  Iteration : 1
###############################################################################
# Number of model : 54779
# Number of frequencies of this PE : 3
# Calculate constraining matrix. ( 1092 sec )
# Analyse constraining matrix.( 1092 sec )
# Analyse transposed constraining matrix.( 1092 sec )
# Factorize constraining matrix.( 1092 sec )
# Factorize transposed constraining matrix.( 1093 sec )
# Number of data of this PE : 1508
# Read sensitivity matrix from sensMatFreq17.( 1093 sec )
# Multiply transposed sensitivity matrix by inverse of transposed constraining matrix. ( 1096 sec )
# Solve phase is performed simultaneously for 496 right-hand sides( 1096 sec )
# Read sensitivity matrix from sensMatFreq18.( 1098 sec )
# Multiply transposed sensitivity matrix by inverse of transposed constraining matrix. ( 1100 sec )
# Solve phase is performed simultaneously for 504 right-hand sides( 1100 sec )
# Read sensitivity matrix from sensMatFreq19.( 1101 sec )
# Multiply transposed sensitivity matrix by inverse of transposed constraining matrix. ( 1104 sec )
# Solve phase is performed simultaneously for 508 right-hand sides( 1104 sec )
# Calculate right-hand side vector. ( 1106 sec )
# Read sensitivity matrix from sensMatFreq17.( 1106 sec )
# Read sensitivity matrix from sensMatFreq18.( 1106 sec )
# Read sensitivity matrix from sensMatFreq19.( 1106 sec )
# Read sensitivity matrix from sensMatFreq17.( 1158 sec )
# Read sensitivity matrix from sensMatFreq18.( 1158 sec )
# Read sensitivity matrix from sensMatFreq19.( 1159 sec )
# Calculate model increments. ( 1159 sec )
###############################################################################
# Start Forward Computation.  Iteration : 2,  Retrial : 0
###############################################################################
#================================================================================================
# Start forward calculation. Frequency : 100 [Hz], Polarization : Ex-polarization
#================================================================================================
# Start 3D forward calculation with 0th order 3D edge-based element.( 1160 sec )
# Number of equation = 475883, Number of equation after degeneration = 473549
# Calculating EM field of the boundary planes with 2D forward analysis.        
#-----------------------------[ Boundary Plane 2 ]-----------------------------
# Calculate electric field on a boundary plane with 0th order edge-based element.
# Number of equation = 514, Number of equation after degeneration = 470
# Set values of matrix and right hand side vector. ( 1160 sec )
# Numerical factorization phase of matrix solver for boundary plane. Polarization : 0 Plane : 2. ( 1160 sec )
# Solve phase of matrix solver for boundary plane. Polarization : 0 Plane : 2. ( 1160 sec )
#-----------------------------[ Boundary Plane 3 ]-----------------------------
# Calculate electric field on a boundary plane with 0th order edge-based element.
# Number of equation = 514, Number of equation after degeneration = 470
# Set values of matrix and right hand side vector. ( 1160 sec )
# Numerical factorization phase of matrix solver for boundary plane. Polarization : 0 Plane : 3. ( 1160 sec )
# Solve phase of matrix solver for boundary plane. Polarization : 0 Plane : 3. ( 1160 sec )
#------------------------------------------------------------------------------
# Set matrix structure. ( 1160 sec )
# Anaysis phase of matrix solver for 3D forward calculation. Polarization : 0. ( 1164 sec )
#++++++++++++++++++++++++++++++++++++++++++++++++++++++++++++++++++++++++++++++++++++++++++++++++
# Total peak memory required during the analysis and symbolic factorization phase    : 577643 [KByte]
# Permanent memory required from the analysis phase to the solve phases              : 482453 [KByte]
# Total memory consumed by in-core forward solver for internal float point arrays    : 4.14839e+06 [KByte]
# Minimum memory consumed by out-core forward solver for internal float point arrays : 68457 [KByte]
#++++++++++++++++++++++++++++++++++++++++++++++++++++++++++++++++++++++++++++++++++++++++++++++++
# Set values of matrix and right hand side vector. ( 1167 sec )
# Numerical factorization phase of matrix solver for 3D forward calculation. Polarization : 0.( 1170 sec )
# Solve phase of matrix solver for 3D forward calculation. Polarization : 0.( 1204 sec )
# Calulate right-hand sides vectors consisting of interpolator vectors.( 1204 sec )
# Solve phase of matrix solver for right-hand sides consisting of interpolator vectors.( 1206 sec )
# Solve phase is performed simultaneously for 288 right-hand sides( 1206 sec )
# Calculate derivatives of EM field.( 1221 sec )
#================================================================================================
# Start forward calculation. Frequency : 100 [Hz], Polarization : Ey-polarization
#================================================================================================
# Start 3D forward calculation with 0th order 3D edge-based element.( 1251 sec )
# Number of equation = 475883, Number of equation after degeneration = 473549
# Calculating EM field of the boundary planes with 2D forward analysis.        
#-----------------------------[ Boundary Plane 0 ]-----------------------------
# Calculate electric field on a boundary plane with 0th order edge-based element.
# Number of equation = 520, Number of equation after degeneration = 476
# Set values of matrix and right hand side vector. ( 1251 sec )
# Numerical factorization phase of matrix solver for boundary plane. Polarization : 1 Plane : 0. ( 1251 sec )
# Solve phase of matrix solver for boundary plane. Polarization : 1 Plane : 0. ( 1251 sec )
#-----------------------------[ Boundary Plane 1 ]-----------------------------
# Calculate electric field on a boundary plane with 0th order edge-based element.
# Number of equation = 520, Number of equation after degeneration = 476
# Set values of matrix and right hand side vector. ( 1251 sec )
# Numerical factorization phase of matrix solver for boundary plane. Polarization : 1 Plane : 1. ( 1251 sec )
# Solve phase of matrix solver for boundary plane. Polarization : 1 Plane : 1. ( 1251 sec )
#------------------------------------------------------------------------------
# Set values of matrix and right hand side vector. ( 1251 sec )
# Numerical factorization phase of matrix solver for 3D forward calculation. Polarization : 1.( 1254 sec )
# Solve phase of matrix solver for 3D forward calculation. Polarization : 1.( 1287 sec )
# Calulate right-hand sides vectors consisting of interpolator vectors.( 1288 sec )
# Solve phase of matrix solver for right-hand sides consisting of interpolator vectors.( 1289 sec )
# Solve phase is performed simultaneously for 288 right-hand sides( 1289 sec )
# Calculate derivatives of EM field.( 1304 sec )
#==============================================================================
# Calculate response functions. ( 1334 sec )
# Calculate sensitivity matrix of frequency 100[Hz].( 1334 sec )
# Sensitivity matrix of frequency 100[Hz] is saved in the out-of-core file sensMatFreq17.
#==============================================================================
#================================================================================================
# Start forward calculation. Frequency : 158.48 [Hz], Polarization : Ex-polarization
#================================================================================================
# Start 3D forward calculation with 0th order 3D edge-based element.( 1335 sec )
# Number of equation = 475883, Number of equation after degeneration = 473549
# Calculating EM field of the boundary planes with 2D forward analysis.        
#-----------------------------[ Boundary Plane 2 ]-----------------------------
# Calculate electric field on a boundary plane with 0th order edge-based element.
# Number of equation = 514, Number of equation after degeneration = 470
# Set values of matrix and right hand side vector. ( 1335 sec )
# Numerical factorization phase of matrix solver for boundary plane. Polarization : 0 Plane : 2. ( 1335 sec )
# Solve phase of matrix solver for boundary plane. Polarization : 0 Plane : 2. ( 1335 sec )
#-----------------------------[ Boundary Plane 3 ]-----------------------------
# Calculate electric field on a boundary plane with 0th order edge-based element.
# Number of equation = 514, Number of equation after degeneration = 470
# Set values of matrix and right hand side vector. ( 1335 sec )
# Numerical factorization phase of matrix solver for boundary plane. Polarization : 0 Plane : 3. ( 1335 sec )
# Solve phase of matrix solver for boundary plane. Polarization : 0 Plane : 3. ( 1335 sec )
#------------------------------------------------------------------------------
# Set values of matrix and right hand side vector. ( 1335 sec )
# Numerical factorization phase of matrix solver for 3D forward calculation. Polarization : 0.( 1338 sec )
# Solve phase of matrix solver for 3D forward calculation. Polarization : 0.( 1371 sec )
# Calulate right-hand sides vectors consisting of interpolator vectors.( 1372 sec )
# Solve phase of matrix solver for right-hand sides consisting of interpolator vectors.( 1373 sec )
# Solve phase is performed simultaneously for 292 right-hand sides( 1373 sec )
# Calculate derivatives of EM field.( 1390 sec )
#================================================================================================
# Start forward calculation. Frequency : 158.48 [Hz], Polarization : Ey-polarization
#================================================================================================
# Start 3D forward calculation with 0th order 3D edge-based element.( 1419 sec )
# Number of equation = 475883, Number of equation after degeneration = 473549
# Calculating EM field of the boundary planes with 2D forward analysis.        
#-----------------------------[ Boundary Plane 0 ]-----------------------------
# Calculate electric field on a boundary plane with 0th order edge-based element.
# Number of equation = 520, Number of equation after degeneration = 476
# Set values of matrix and right hand side vector. ( 1419 sec )
# Numerical factorization phase of matrix solver for boundary plane. Polarization : 1 Plane : 0. ( 1419 sec )
# Solve phase of matrix solver for boundary plane. Polarization : 1 Plane : 0. ( 1419 sec )
#-----------------------------[ Boundary Plane 1 ]-----------------------------
# Calculate electric field on a boundary plane with 0th order edge-based element.
# Number of equation = 520, Number of equation after degeneration = 476
# Set values of matrix and right hand side vector. ( 1419 sec )
# Numerical factorization phase of matrix solver for boundary plane. Polarization : 1 Plane : 1. ( 1419 sec )
# Solve phase of matrix solver for boundary plane. Polarization : 1 Plane : 1. ( 1419 sec )
#------------------------------------------------------------------------------
# Set values of matrix and right hand side vector. ( 1419 sec )
# Numerical factorization phase of matrix solver for 3D forward calculation. Polarization : 1.( 1421 sec )
# Solve phase of matrix solver for 3D forward calculation. Polarization : 1.( 1454 sec )
# Calulate right-hand sides vectors consisting of interpolator vectors.( 1455 sec )
# Solve phase of matrix solver for right-hand sides consisting of interpolator vectors.( 1456 sec )
# Solve phase is performed simultaneously for 292 right-hand sides( 1456 sec )
# Calculate derivatives of EM field.( 1472 sec )
#==============================================================================
# Calculate response functions. ( 1500 sec )
# Calculate sensitivity matrix of frequency 158.48[Hz].( 1500 sec )
# Sensitivity matrix of frequency 158.48[Hz] is saved in the out-of-core file sensMatFreq18.
#==============================================================================
#================================================================================================
# Start forward calculation. Frequency : 251.18 [Hz], Polarization : Ex-polarization
#================================================================================================
# Start 3D forward calculation with 0th order 3D edge-based element.( 1501 sec )
# Number of equation = 475883, Number of equation after degeneration = 473549
# Calculating EM field of the boundary planes with 2D forward analysis.        
#-----------------------------[ Boundary Plane 2 ]-----------------------------
# Calculate electric field on a boundary plane with 0th order edge-based element.
# Number of equation = 514, Number of equation after degeneration = 470
# Set values of matrix and right hand side vector. ( 1501 sec )
# Numerical factorization phase of matrix solver for boundary plane. Polarization : 0 Plane : 2. ( 1501 sec )
# Solve phase of matrix solver for boundary plane. Polarization : 0 Plane : 2. ( 1501 sec )
#-----------------------------[ Boundary Plane 3 ]-----------------------------
# Calculate electric field on a boundary plane with 0th order edge-based element.
# Number of equation = 514, Number of equation after degeneration = 470
# Set values of matrix and right hand side vector. ( 1501 sec )
# Numerical factorization phase of matrix solver for boundary plane. Polarization : 0 Plane : 3. ( 1501 sec )
# Solve phase of matrix solver for boundary plane. Polarization : 0 Plane : 3. ( 1501 sec )
#------------------------------------------------------------------------------
# Set values of matrix and right hand side vector. ( 1501 sec )
# Numerical factorization phase of matrix solver for 3D forward calculation. Polarization : 0.( 1504 sec )
# Solve phase of matrix solver for 3D forward calculation. Polarization : 0.( 1536 sec )
# Calulate right-hand sides vectors consisting of interpolator vectors.( 1537 sec )
# Solve phase of matrix solver for right-hand sides consisting of interpolator vectors.( 1538 sec )
# Solve phase is performed simultaneously for 295 right-hand sides( 1538 sec )
# Calculate derivatives of EM field.( 1557 sec )
#================================================================================================
# Start forward calculation. Frequency : 251.18 [Hz], Polarization : Ey-polarization
#================================================================================================
# Start 3D forward calculation with 0th order 3D edge-based element.( 1582 sec )
# Number of equation = 475883, Number of equation after degeneration = 473549
# Calculating EM field of the boundary planes with 2D forward analysis.        
#-----------------------------[ Boundary Plane 0 ]-----------------------------
# Calculate electric field on a boundary plane with 0th order edge-based element.
# Number of equation = 520, Number of equation after degeneration = 476
# Set values of matrix and right hand side vector. ( 1582 sec )
# Numerical factorization phase of matrix solver for boundary plane. Polarization : 1 Plane : 0. ( 1582 sec )
# Solve phase of matrix solver for boundary plane. Polarization : 1 Plane : 0. ( 1582 sec )
#-----------------------------[ Boundary Plane 1 ]-----------------------------
# Calculate electric field on a boundary plane with 0th order edge-based element.
# Number of equation = 520, Number of equation after degeneration = 476
# Set values of matrix and right hand side vector. ( 1582 sec )
# Numerical factorization phase of matrix solver for boundary plane. Polarization : 1 Plane : 1. ( 1582 sec )
# Solve phase of matrix solver for boundary plane. Polarization : 1 Plane : 1. ( 1582 sec )
#------------------------------------------------------------------------------
# Set values of matrix and right hand side vector. ( 1582 sec )
# Numerical factorization phase of matrix solver for 3D forward calculation. Polarization : 1.( 1585 sec )
# Solve phase of matrix solver for 3D forward calculation. Polarization : 1.( 1617 sec )
# Calulate right-hand sides vectors consisting of interpolator vectors.( 1617 sec )
# Solve phase of matrix solver for right-hand sides consisting of interpolator vectors.( 1619 sec )
# Solve phase is performed simultaneously for 295 right-hand sides( 1619 sec )
# Calculate derivatives of EM field.( 1636 sec )
#==============================================================================
# Calculate response functions. ( 1659 sec )
# Calculate sensitivity matrix of frequency 251.18[Hz].( 1659 sec )
# Sensitivity matrix of frequency 251.18[Hz] is saved in the out-of-core file sensMatFreq19.
#==============================================================================
# Release memory of coefficient matrix and sparse solver. ( 1660 sec )
###############################################################################
# Start Inversion.  Iteration : 2
###############################################################################
# Number of model : 54779
# Number of frequencies of this PE : 3
# Calculate constraining matrix. ( 1662 sec )
# Analyse constraining matrix.( 1663 sec )
# Analyse transposed constraining matrix.( 1663 sec )
# Factorize constraining matrix.( 1663 sec )
# Factorize transposed constraining matrix.( 1663 sec )
# Number of data of this PE : 1508
# Read sensitivity matrix from sensMatFreq17.( 1663 sec )
# Multiply transposed sensitivity matrix by inverse of transposed constraining matrix. ( 1666 sec )
# Solve phase is performed simultaneously for 496 right-hand sides( 1666 sec )
# Read sensitivity matrix from sensMatFreq18.( 1668 sec )
# Multiply transposed sensitivity matrix by inverse of transposed constraining matrix. ( 1671 sec )
# Solve phase is performed simultaneously for 504 right-hand sides( 1671 sec )
# Read sensitivity matrix from sensMatFreq19.( 1673 sec )
# Multiply transposed sensitivity matrix by inverse of transposed constraining matrix. ( 1674 sec )
# Solve phase is performed simultaneously for 508 right-hand sides( 1674 sec )
# Calculate right-hand side vector. ( 1676 sec )
# Read sensitivity matrix from sensMatFreq17.( 1676 sec )
# Read sensitivity matrix from sensMatFreq18.( 1676 sec )
# Read sensitivity matrix from sensMatFreq19.( 1676 sec )
# Read sensitivity matrix from sensMatFreq17.( 1728 sec )
# Read sensitivity matrix from sensMatFreq18.( 1728 sec )
# Read sensitivity matrix from sensMatFreq19.( 1728 sec )
# Calculate model increments. ( 1728 sec )
###############################################################################
# Start Forward Computation.  Iteration : 3,  Retrial : 0
###############################################################################
#================================================================================================
# Start forward calculation. Frequency : 100 [Hz], Polarization : Ex-polarization
#================================================================================================
# Start 3D forward calculation with 0th order 3D edge-based element.( 1729 sec )
# Number of equation = 475883, Number of equation after degeneration = 473549
# Calculating EM field of the boundary planes with 2D forward analysis.        
#-----------------------------[ Boundary Plane 2 ]-----------------------------
# Calculate electric field on a boundary plane with 0th order edge-based element.
# Number of equation = 514, Number of equation after degeneration = 470
# Set values of matrix and right hand side vector. ( 1729 sec )
# Numerical factorization phase of matrix solver for boundary plane. Polarization : 0 Plane : 2. ( 1729 sec )
# Solve phase of matrix solver for boundary plane. Polarization : 0 Plane : 2. ( 1729 sec )
#-----------------------------[ Boundary Plane 3 ]-----------------------------
# Calculate electric field on a boundary plane with 0th order edge-based element.
# Number of equation = 514, Number of equation after degeneration = 470
# Set values of matrix and right hand side vector. ( 1729 sec )
# Numerical factorization phase of matrix solver for boundary plane. Polarization : 0 Plane : 3. ( 1729 sec )
# Solve phase of matrix solver for boundary plane. Polarization : 0 Plane : 3. ( 1729 sec )
#------------------------------------------------------------------------------
# Set matrix structure. ( 1729 sec )
# Anaysis phase of matrix solver for 3D forward calculation. Polarization : 0. ( 1733 sec )
#++++++++++++++++++++++++++++++++++++++++++++++++++++++++++++++++++++++++++++++++++++++++++++++++
# Total peak memory required during the analysis and symbolic factorization phase    : 577849 [KByte]
# Permanent memory required from the analysis phase to the solve phases              : 482559 [KByte]
# Total memory consumed by in-core forward solver for internal float point arrays    : 4.14406e+06 [KByte]
# Minimum memory consumed by out-core forward solver for internal float point arrays : 68397 [KByte]
#++++++++++++++++++++++++++++++++++++++++++++++++++++++++++++++++++++++++++++++++++++++++++++++++
# Set values of matrix and right hand side vector. ( 1737 sec )
# Numerical factorization phase of matrix solver for 3D forward calculation. Polarization : 0.( 1739 sec )
# Solve phase of matrix solver for 3D forward calculation. Polarization : 0.( 1773 sec )
# Calulate right-hand sides vectors consisting of interpolator vectors.( 1773 sec )
# Solve phase of matrix solver for right-hand sides consisting of interpolator vectors.( 1775 sec )
# Solve phase is performed simultaneously for 288 right-hand sides( 1775 sec )
# Calculate derivatives of EM field.( 1790 sec )
#================================================================================================
# Start forward calculation. Frequency : 100 [Hz], Polarization : Ey-polarization
#================================================================================================
# Start 3D forward calculation with 0th order 3D edge-based element.( 1820 sec )
# Number of equation = 475883, Number of equation after degeneration = 473549
# Calculating EM field of the boundary planes with 2D forward analysis.        
#-----------------------------[ Boundary Plane 0 ]-----------------------------
# Calculate electric field on a boundary plane with 0th order edge-based element.
# Number of equation = 520, Number of equation after degeneration = 476
# Set values of matrix and right hand side vector. ( 1820 sec )
# Numerical factorization phase of matrix solver for boundary plane. Polarization : 1 Plane : 0. ( 1820 sec )
# Solve phase of matrix solver for boundary plane. Polarization : 1 Plane : 0. ( 1820 sec )
#-----------------------------[ Boundary Plane 1 ]-----------------------------
# Calculate electric field on a boundary plane with 0th order edge-based element.
# Number of equation = 520, Number of equation after degeneration = 476
# Set values of matrix and right hand side vector. ( 1820 sec )
# Numerical factorization phase of matrix solver for boundary plane. Polarization : 1 Plane : 1. ( 1820 sec )
# Solve phase of matrix solver for boundary plane. Polarization : 1 Plane : 1. ( 1820 sec )
#------------------------------------------------------------------------------
# Set values of matrix and right hand side vector. ( 1820 sec )
# Numerical factorization phase of matrix solver for 3D forward calculation. Polarization : 1.( 1823 sec )
# Solve phase of matrix solver for 3D forward calculation. Polarization : 1.( 1857 sec )
# Calulate right-hand sides vectors consisting of interpolator vectors.( 1857 sec )
# Solve phase of matrix solver for right-hand sides consisting of interpolator vectors.( 1859 sec )
# Solve phase is performed simultaneously for 288 right-hand sides( 1859 sec )
# Calculate derivatives of EM field.( 1874 sec )
#==============================================================================
# Calculate response functions. ( 1904 sec )
# Calculate sensitivity matrix of frequency 100[Hz].( 1904 sec )
# Sensitivity matrix of frequency 100[Hz] is saved in the out-of-core file sensMatFreq17.
#==============================================================================
#================================================================================================
# Start forward calculation. Frequency : 158.48 [Hz], Polarization : Ex-polarization
#================================================================================================
# Start 3D forward calculation with 0th order 3D edge-based element.( 1905 sec )
# Number of equation = 475883, Number of equation after degeneration = 473549
# Calculating EM field of the boundary planes with 2D forward analysis.        
#-----------------------------[ Boundary Plane 2 ]-----------------------------
# Calculate electric field on a boundary plane with 0th order edge-based element.
# Number of equation = 514, Number of equation after degeneration = 470
# Set values of matrix and right hand side vector. ( 1905 sec )
# Numerical factorization phase of matrix solver for boundary plane. Polarization : 0 Plane : 2. ( 1905 sec )
# Solve phase of matrix solver for boundary plane. Polarization : 0 Plane : 2. ( 1905 sec )
#-----------------------------[ Boundary Plane 3 ]-----------------------------
# Calculate electric field on a boundary plane with 0th order edge-based element.
# Number of equation = 514, Number of equation after degeneration = 470
# Set values of matrix and right hand side vector. ( 1905 sec )
# Numerical factorization phase of matrix solver for boundary plane. Polarization : 0 Plane : 3. ( 1905 sec )
# Solve phase of matrix solver for boundary plane. Polarization : 0 Plane : 3. ( 1905 sec )
#------------------------------------------------------------------------------
# Set values of matrix and right hand side vector. ( 1905 sec )
# Numerical factorization phase of matrix solver for 3D forward calculation. Polarization : 0.( 1908 sec )
# Solve phase of matrix solver for 3D forward calculation. Polarization : 0.( 1941 sec )
# Calulate right-hand sides vectors consisting of interpolator vectors.( 1941 sec )
# Solve phase of matrix solver for right-hand sides consisting of interpolator vectors.( 1943 sec )
# Solve phase is performed simultaneously for 292 right-hand sides( 1943 sec )
# Calculate derivatives of EM field.( 1959 sec )
#================================================================================================
# Start forward calculation. Frequency : 158.48 [Hz], Polarization : Ey-polarization
#================================================================================================
# Start 3D forward calculation with 0th order 3D edge-based element.( 1989 sec )
# Number of equation = 475883, Number of equation after degeneration = 473549
# Calculating EM field of the boundary planes with 2D forward analysis.        
#-----------------------------[ Boundary Plane 0 ]-----------------------------
# Calculate electric field on a boundary plane with 0th order edge-based element.
# Number of equation = 520, Number of equation after degeneration = 476
# Set values of matrix and right hand side vector. ( 1989 sec )
# Numerical factorization phase of matrix solver for boundary plane. Polarization : 1 Plane : 0. ( 1989 sec )
# Solve phase of matrix solver for boundary plane. Polarization : 1 Plane : 0. ( 1989 sec )
#-----------------------------[ Boundary Plane 1 ]-----------------------------
# Calculate electric field on a boundary plane with 0th order edge-based element.
# Number of equation = 520, Number of equation after degeneration = 476
# Set values of matrix and right hand side vector. ( 1989 sec )
# Numerical factorization phase of matrix solver for boundary plane. Polarization : 1 Plane : 1. ( 1989 sec )
# Solve phase of matrix solver for boundary plane. Polarization : 1 Plane : 1. ( 1989 sec )
#------------------------------------------------------------------------------
# Set values of matrix and right hand side vector. ( 1989 sec )
# Numerical factorization phase of matrix solver for 3D forward calculation. Polarization : 1.( 1991 sec )
# Solve phase of matrix solver for 3D forward calculation. Polarization : 1.( 2025 sec )
# Calulate right-hand sides vectors consisting of interpolator vectors.( 2025 sec )
# Solve phase of matrix solver for right-hand sides consisting of interpolator vectors.( 2027 sec )
# Solve phase is performed simultaneously for 292 right-hand sides( 2027 sec )
# Calculate derivatives of EM field.( 2042 sec )
#==============================================================================
# Calculate response functions. ( 2071 sec )
# Calculate sensitivity matrix of frequency 158.48[Hz].( 2071 sec )
# Sensitivity matrix of frequency 158.48[Hz] is saved in the out-of-core file sensMatFreq18.
#==============================================================================
#================================================================================================
# Start forward calculation. Frequency : 251.18 [Hz], Polarization : Ex-polarization
#================================================================================================
# Start 3D forward calculation with 0th order 3D edge-based element.( 2072 sec )
# Number of equation = 475883, Number of equation after degeneration = 473549
# Calculating EM field of the boundary planes with 2D forward analysis.        
#-----------------------------[ Boundary Plane 2 ]-----------------------------
# Calculate electric field on a boundary plane with 0th order edge-based element.
# Number of equation = 514, Number of equation after degeneration = 470
# Set values of matrix and right hand side vector. ( 2072 sec )
# Numerical factorization phase of matrix solver for boundary plane. Polarization : 0 Plane : 2. ( 2072 sec )
# Solve phase of matrix solver for boundary plane. Polarization : 0 Plane : 2. ( 2072 sec )
#-----------------------------[ Boundary Plane 3 ]-----------------------------
# Calculate electric field on a boundary plane with 0th order edge-based element.
# Number of equation = 514, Number of equation after degeneration = 470
# Set values of matrix and right hand side vector. ( 2072 sec )
# Numerical factorization phase of matrix solver for boundary plane. Polarization : 0 Plane : 3. ( 2072 sec )
# Solve phase of matrix solver for boundary plane. Polarization : 0 Plane : 3. ( 2072 sec )
#------------------------------------------------------------------------------
# Set values of matrix and right hand side vector. ( 2072 sec )
# Numerical factorization phase of matrix solver for 3D forward calculation. Polarization : 0.( 2074 sec )
# Solve phase of matrix solver for 3D forward calculation. Polarization : 0.( 2107 sec )
# Calulate right-hand sides vectors consisting of interpolator vectors.( 2108 sec )
# Solve phase of matrix solver for right-hand sides consisting of interpolator vectors.( 2109 sec )
# Solve phase is performed simultaneously for 295 right-hand sides( 2109 sec )
# Calculate derivatives of EM field.( 2128 sec )
#================================================================================================
# Start forward calculation. Frequency : 251.18 [Hz], Polarization : Ey-polarization
#================================================================================================
# Start 3D forward calculation with 0th order 3D edge-based element.( 2153 sec )
# Number of equation = 475883, Number of equation after degeneration = 473549
# Calculating EM field of the boundary planes with 2D forward analysis.        
#-----------------------------[ Boundary Plane 0 ]-----------------------------
# Calculate electric field on a boundary plane with 0th order edge-based element.
# Number of equation = 520, Number of equation after degeneration = 476
# Set values of matrix and right hand side vector. ( 2153 sec )
# Numerical factorization phase of matrix solver for boundary plane. Polarization : 1 Plane : 0. ( 2153 sec )
# Solve phase of matrix solver for boundary plane. Polarization : 1 Plane : 0. ( 2153 sec )
#-----------------------------[ Boundary Plane 1 ]-----------------------------
# Calculate electric field on a boundary plane with 0th order edge-based element.
# Number of equation = 520, Number of equation after degeneration = 476
# Set values of matrix and right hand side vector. ( 2153 sec )
# Numerical factorization phase of matrix solver for boundary plane. Polarization : 1 Plane : 1. ( 2153 sec )
# Solve phase of matrix solver for boundary plane. Polarization : 1 Plane : 1. ( 2153 sec )
#------------------------------------------------------------------------------
# Set values of matrix and right hand side vector. ( 2153 sec )
# Numerical factorization phase of matrix solver for 3D forward calculation. Polarization : 1.( 2156 sec )
# Solve phase of matrix solver for 3D forward calculation. Polarization : 1.( 2188 sec )
# Calulate right-hand sides vectors consisting of interpolator vectors.( 2188 sec )
# Solve phase of matrix solver for right-hand sides consisting of interpolator vectors.( 2190 sec )
# Solve phase is performed simultaneously for 295 right-hand sides( 2190 sec )
# Calculate derivatives of EM field.( 2208 sec )
#==============================================================================
# Calculate response functions. ( 2232 sec )
# Calculate sensitivity matrix of frequency 251.18[Hz].( 2232 sec )
# Sensitivity matrix of frequency 251.18[Hz] is saved in the out-of-core file sensMatFreq19.
#==============================================================================
# Release memory of coefficient matrix and sparse solver. ( 2232 sec )
###############################################################################
# Start Inversion.  Iteration : 3
###############################################################################
# Number of model : 54779
# Number of frequencies of this PE : 3
# Calculate constraining matrix. ( 2235 sec )
# Analyse constraining matrix.( 2235 sec )
# Analyse transposed constraining matrix.( 2235 sec )
# Factorize constraining matrix.( 2235 sec )
# Factorize transposed constraining matrix.( 2236 sec )
# Number of data of this PE : 1508
# Read sensitivity matrix from sensMatFreq17.( 2236 sec )
# Multiply transposed sensitivity matrix by inverse of transposed constraining matrix. ( 2239 sec )
# Solve phase is performed simultaneously for 496 right-hand sides( 2239 sec )
# Read sensitivity matrix from sensMatFreq18.( 2241 sec )
# Multiply transposed sensitivity matrix by inverse of transposed constraining matrix. ( 2244 sec )
# Solve phase is performed simultaneously for 504 right-hand sides( 2244 sec )
# Read sensitivity matrix from sensMatFreq19.( 2246 sec )
# Multiply transposed sensitivity matrix by inverse of transposed constraining matrix. ( 2248 sec )
# Solve phase is performed simultaneously for 508 right-hand sides( 2248 sec )
# Calculate right-hand side vector. ( 2249 sec )
# Read sensitivity matrix from sensMatFreq17.( 2249 sec )
# Read sensitivity matrix from sensMatFreq18.( 2249 sec )
# Read sensitivity matrix from sensMatFreq19.( 2249 sec )
# Read sensitivity matrix from sensMatFreq17.( 2301 sec )
# Read sensitivity matrix from sensMatFreq18.( 2301 sec )
# Read sensitivity matrix from sensMatFreq19.( 2301 sec )
# Calculate model increments. ( 2302 sec )
###############################################################################
# Start Forward Computation.  Iteration : 4,  Retrial : 0
###############################################################################
#================================================================================================
# Start forward calculation. Frequency : 100 [Hz], Polarization : Ex-polarization
#================================================================================================
# Start 3D forward calculation with 0th order 3D edge-based element.( 2303 sec )
# Number of equation = 475883, Number of equation after degeneration = 473549
# Calculating EM field of the boundary planes with 2D forward analysis.        
#-----------------------------[ Boundary Plane 2 ]-----------------------------
# Calculate electric field on a boundary plane with 0th order edge-based element.
# Number of equation = 514, Number of equation after degeneration = 470
# Set values of matrix and right hand side vector. ( 2303 sec )
# Numerical factorization phase of matrix solver for boundary plane. Polarization : 0 Plane : 2. ( 2303 sec )
# Solve phase of matrix solver for boundary plane. Polarization : 0 Plane : 2. ( 2303 sec )
#-----------------------------[ Boundary Plane 3 ]-----------------------------
# Calculate electric field on a boundary plane with 0th order edge-based element.
# Number of equation = 514, Number of equation after degeneration = 470
# Set values of matrix and right hand side vector. ( 2303 sec )
# Numerical factorization phase of matrix solver for boundary plane. Polarization : 0 Plane : 3. ( 2303 sec )
# Solve phase of matrix solver for boundary plane. Polarization : 0 Plane : 3. ( 2303 sec )
#------------------------------------------------------------------------------
# Set matrix structure. ( 2303 sec )
# Anaysis phase of matrix solver for 3D forward calculation. Polarization : 0. ( 2307 sec )
#++++++++++++++++++++++++++++++++++++++++++++++++++++++++++++++++++++++++++++++++++++++++++++++++
# Total peak memory required during the analysis and symbolic factorization phase    : 577255 [KByte]
# Permanent memory required from the analysis phase to the solve phases              : 482293 [KByte]
# Total memory consumed by in-core forward solver for internal float point arrays    : 4.14139e+06 [KByte]
# Minimum memory consumed by out-core forward solver for internal float point arrays : 68623 [KByte]
#++++++++++++++++++++++++++++++++++++++++++++++++++++++++++++++++++++++++++++++++++++++++++++++++
# Set values of matrix and right hand side vector. ( 2310 sec )
# Numerical factorization phase of matrix solver for 3D forward calculation. Polarization : 0.( 2313 sec )
# Solve phase of matrix solver for 3D forward calculation. Polarization : 0.( 2346 sec )
# Calulate right-hand sides vectors consisting of interpolator vectors.( 2347 sec )
# Solve phase of matrix solver for right-hand sides consisting of interpolator vectors.( 2348 sec )
# Solve phase is performed simultaneously for 288 right-hand sides( 2348 sec )
# Calculate derivatives of EM field.( 2363 sec )
#================================================================================================
# Start forward calculation. Frequency : 100 [Hz], Polarization : Ey-polarization
#================================================================================================
# Start 3D forward calculation with 0th order 3D edge-based element.( 2394 sec )
# Number of equation = 475883, Number of equation after degeneration = 473549
# Calculating EM field of the boundary planes with 2D forward analysis.        
#-----------------------------[ Boundary Plane 0 ]-----------------------------
# Calculate electric field on a boundary plane with 0th order edge-based element.
# Number of equation = 520, Number of equation after degeneration = 476
# Set values of matrix and right hand side vector. ( 2394 sec )
# Numerical factorization phase of matrix solver for boundary plane. Polarization : 1 Plane : 0. ( 2394 sec )
# Solve phase of matrix solver for boundary plane. Polarization : 1 Plane : 0. ( 2394 sec )
#-----------------------------[ Boundary Plane 1 ]-----------------------------
# Calculate electric field on a boundary plane with 0th order edge-based element.
# Number of equation = 520, Number of equation after degeneration = 476
# Set values of matrix and right hand side vector. ( 2394 sec )
# Numerical factorization phase of matrix solver for boundary plane. Polarization : 1 Plane : 1. ( 2394 sec )
# Solve phase of matrix solver for boundary plane. Polarization : 1 Plane : 1. ( 2394 sec )
#------------------------------------------------------------------------------
# Set values of matrix and right hand side vector. ( 2394 sec )
# Numerical factorization phase of matrix solver for 3D forward calculation. Polarization : 1.( 2397 sec )
# Solve phase of matrix solver for 3D forward calculation. Polarization : 1.( 2430 sec )
# Calulate right-hand sides vectors consisting of interpolator vectors.( 2431 sec )
# Solve phase of matrix solver for right-hand sides consisting of interpolator vectors.( 2432 sec )
# Solve phase is performed simultaneously for 288 right-hand sides( 2432 sec )
# Calculate derivatives of EM field.( 2448 sec )
#==============================================================================
# Calculate response functions. ( 2478 sec )
# Calculate sensitivity matrix of frequency 100[Hz].( 2478 sec )
# Sensitivity matrix of frequency 100[Hz] is saved in the out-of-core file sensMatFreq17.
#==============================================================================
#================================================================================================
# Start forward calculation. Frequency : 158.48 [Hz], Polarization : Ex-polarization
#================================================================================================
# Start 3D forward calculation with 0th order 3D edge-based element.( 2479 sec )
# Number of equation = 475883, Number of equation after degeneration = 473549
# Calculating EM field of the boundary planes with 2D forward analysis.        
#-----------------------------[ Boundary Plane 2 ]-----------------------------
# Calculate electric field on a boundary plane with 0th order edge-based element.
# Number of equation = 514, Number of equation after degeneration = 470
# Set values of matrix and right hand side vector. ( 2479 sec )
# Numerical factorization phase of matrix solver for boundary plane. Polarization : 0 Plane : 2. ( 2479 sec )
# Solve phase of matrix solver for boundary plane. Polarization : 0 Plane : 2. ( 2479 sec )
#-----------------------------[ Boundary Plane 3 ]-----------------------------
# Calculate electric field on a boundary plane with 0th order edge-based element.
# Number of equation = 514, Number of equation after degeneration = 470
# Set values of matrix and right hand side vector. ( 2479 sec )
# Numerical factorization phase of matrix solver for boundary plane. Polarization : 0 Plane : 3. ( 2479 sec )
# Solve phase of matrix solver for boundary plane. Polarization : 0 Plane : 3. ( 2479 sec )
#------------------------------------------------------------------------------
# Set values of matrix and right hand side vector. ( 2479 sec )
# Numerical factorization phase of matrix solver for 3D forward calculation. Polarization : 0.( 2482 sec )
# Solve phase of matrix solver for 3D forward calculation. Polarization : 0.( 2515 sec )
# Calulate right-hand sides vectors consisting of interpolator vectors.( 2516 sec )
# Solve phase of matrix solver for right-hand sides consisting of interpolator vectors.( 2517 sec )
# Solve phase is performed simultaneously for 292 right-hand sides( 2517 sec )
# Calculate derivatives of EM field.( 2534 sec )
#================================================================================================
# Start forward calculation. Frequency : 158.48 [Hz], Polarization : Ey-polarization
#================================================================================================
# Start 3D forward calculation with 0th order 3D edge-based element.( 2563 sec )
# Number of equation = 475883, Number of equation after degeneration = 473549
# Calculating EM field of the boundary planes with 2D forward analysis.        
#-----------------------------[ Boundary Plane 0 ]-----------------------------
# Calculate electric field on a boundary plane with 0th order edge-based element.
# Number of equation = 520, Number of equation after degeneration = 476
# Set values of matrix and right hand side vector. ( 2563 sec )
# Numerical factorization phase of matrix solver for boundary plane. Polarization : 1 Plane : 0. ( 2563 sec )
# Solve phase of matrix solver for boundary plane. Polarization : 1 Plane : 0. ( 2563 sec )
#-----------------------------[ Boundary Plane 1 ]-----------------------------
# Calculate electric field on a boundary plane with 0th order edge-based element.
# Number of equation = 520, Number of equation after degeneration = 476
# Set values of matrix and right hand side vector. ( 2563 sec )
# Numerical factorization phase of matrix solver for boundary plane. Polarization : 1 Plane : 1. ( 2563 sec )
# Solve phase of matrix solver for boundary plane. Polarization : 1 Plane : 1. ( 2563 sec )
#------------------------------------------------------------------------------
# Set values of matrix and right hand side vector. ( 2563 sec )
# Numerical factorization phase of matrix solver for 3D forward calculation. Polarization : 1.( 2566 sec )
# Solve phase of matrix solver for 3D forward calculation. Polarization : 1.( 2599 sec )
# Calulate right-hand sides vectors consisting of interpolator vectors.( 2600 sec )
# Solve phase of matrix solver for right-hand sides consisting of interpolator vectors.( 2602 sec )
# Solve phase is performed simultaneously for 292 right-hand sides( 2602 sec )
# Calculate derivatives of EM field.( 2617 sec )
#==============================================================================
# Calculate response functions. ( 2647 sec )
# Calculate sensitivity matrix of frequency 158.48[Hz].( 2647 sec )
# Sensitivity matrix of frequency 158.48[Hz] is saved in the out-of-core file sensMatFreq18.
#==============================================================================
#================================================================================================
# Start forward calculation. Frequency : 251.18 [Hz], Polarization : Ex-polarization
#================================================================================================
# Start 3D forward calculation with 0th order 3D edge-based element.( 2648 sec )
# Number of equation = 475883, Number of equation after degeneration = 473549
# Calculating EM field of the boundary planes with 2D forward analysis.        
#-----------------------------[ Boundary Plane 2 ]-----------------------------
# Calculate electric field on a boundary plane with 0th order edge-based element.
# Number of equation = 514, Number of equation after degeneration = 470
# Set values of matrix and right hand side vector. ( 2648 sec )
# Numerical factorization phase of matrix solver for boundary plane. Polarization : 0 Plane : 2. ( 2648 sec )
# Solve phase of matrix solver for boundary plane. Polarization : 0 Plane : 2. ( 2648 sec )
#-----------------------------[ Boundary Plane 3 ]-----------------------------
# Calculate electric field on a boundary plane with 0th order edge-based element.
# Number of equation = 514, Number of equation after degeneration = 470
# Set values of matrix and right hand side vector. ( 2648 sec )
# Numerical factorization phase of matrix solver for boundary plane. Polarization : 0 Plane : 3. ( 2648 sec )
# Solve phase of matrix solver for boundary plane. Polarization : 0 Plane : 3. ( 2648 sec )
#------------------------------------------------------------------------------
# Set values of matrix and right hand side vector. ( 2648 sec )
# Numerical factorization phase of matrix solver for 3D forward calculation. Polarization : 0.( 2650 sec )
# Solve phase of matrix solver for 3D forward calculation. Polarization : 0.( 2684 sec )
# Calulate right-hand sides vectors consisting of interpolator vectors.( 2684 sec )
# Solve phase of matrix solver for right-hand sides consisting of interpolator vectors.( 2686 sec )
# Solve phase is performed simultaneously for 295 right-hand sides( 2686 sec )
# Calculate derivatives of EM field.( 2704 sec )
#================================================================================================
# Start forward calculation. Frequency : 251.18 [Hz], Polarization : Ey-polarization
#================================================================================================
# Start 3D forward calculation with 0th order 3D edge-based element.( 2730 sec )
# Number of equation = 475883, Number of equation after degeneration = 473549
# Calculating EM field of the boundary planes with 2D forward analysis.        
#-----------------------------[ Boundary Plane 0 ]-----------------------------
# Calculate electric field on a boundary plane with 0th order edge-based element.
# Number of equation = 520, Number of equation after degeneration = 476
# Set values of matrix and right hand side vector. ( 2730 sec )
# Numerical factorization phase of matrix solver for boundary plane. Polarization : 1 Plane : 0. ( 2730 sec )
# Solve phase of matrix solver for boundary plane. Polarization : 1 Plane : 0. ( 2730 sec )
#-----------------------------[ Boundary Plane 1 ]-----------------------------
# Calculate electric field on a boundary plane with 0th order edge-based element.
# Number of equation = 520, Number of equation after degeneration = 476
# Set values of matrix and right hand side vector. ( 2730 sec )
# Numerical factorization phase of matrix solver for boundary plane. Polarization : 1 Plane : 1. ( 2730 sec )
# Solve phase of matrix solver for boundary plane. Polarization : 1 Plane : 1. ( 2730 sec )
#------------------------------------------------------------------------------
# Set values of matrix and right hand side vector. ( 2730 sec )
# Numerical factorization phase of matrix solver for 3D forward calculation. Polarization : 1.( 2733 sec )
# Solve phase of matrix solver for 3D forward calculation. Polarization : 1.( 2766 sec )
# Calulate right-hand sides vectors consisting of interpolator vectors.( 2766 sec )
# Solve phase of matrix solver for right-hand sides consisting of interpolator vectors.( 2768 sec )
# Solve phase is performed simultaneously for 295 right-hand sides( 2768 sec )
# Calculate derivatives of EM field.( 2785 sec )
#==============================================================================
# Calculate response functions. ( 2811 sec )
# Calculate sensitivity matrix of frequency 251.18[Hz].( 2811 sec )
# Sensitivity matrix of frequency 251.18[Hz] is saved in the out-of-core file sensMatFreq19.
#==============================================================================
# Release memory of coefficient matrix and sparse solver. ( 2812 sec )
###############################################################################
# Start Inversion.  Iteration : 4
###############################################################################
# Number of model : 54779
# Number of frequencies of this PE : 3
# Calculate constraining matrix. ( 2814 sec )
# Analyse constraining matrix.( 2815 sec )
# Analyse transposed constraining matrix.( 2815 sec )
# Factorize constraining matrix.( 2815 sec )
# Factorize transposed constraining matrix.( 2815 sec )
# Number of data of this PE : 1508
# Read sensitivity matrix from sensMatFreq17.( 2815 sec )
# Multiply transposed sensitivity matrix by inverse of transposed constraining matrix. ( 2820 sec )
# Solve phase is performed simultaneously for 496 right-hand sides( 2820 sec )
# Read sensitivity matrix from sensMatFreq18.( 2822 sec )
# Multiply transposed sensitivity matrix by inverse of transposed constraining matrix. ( 2824 sec )
# Solve phase is performed simultaneously for 504 right-hand sides( 2824 sec )
# Read sensitivity matrix from sensMatFreq19.( 2826 sec )
# Multiply transposed sensitivity matrix by inverse of transposed constraining matrix. ( 2828 sec )
# Solve phase is performed simultaneously for 508 right-hand sides( 2828 sec )
# Calculate right-hand side vector. ( 2830 sec )
# Read sensitivity matrix from sensMatFreq17.( 2830 sec )
# Read sensitivity matrix from sensMatFreq18.( 2830 sec )
# Read sensitivity matrix from sensMatFreq19.( 2830 sec )
# Read sensitivity matrix from sensMatFreq17.( 2882 sec )
# Read sensitivity matrix from sensMatFreq18.( 2882 sec )
# Read sensitivity matrix from sensMatFreq19.( 2882 sec )
# Calculate model increments. ( 2882 sec )
###############################################################################
# Start Forward Computation.  Iteration : 5,  Retrial : 0
###############################################################################
#================================================================================================
# Start forward calculation. Frequency : 100 [Hz], Polarization : Ex-polarization
#================================================================================================
# Start 3D forward calculation with 0th order 3D edge-based element.( 2883 sec )
# Number of equation = 475883, Number of equation after degeneration = 473549
# Calculating EM field of the boundary planes with 2D forward analysis.        
#-----------------------------[ Boundary Plane 2 ]-----------------------------
# Calculate electric field on a boundary plane with 0th order edge-based element.
# Number of equation = 514, Number of equation after degeneration = 470
# Set values of matrix and right hand side vector. ( 2883 sec )
# Numerical factorization phase of matrix solver for boundary plane. Polarization : 0 Plane : 2. ( 2883 sec )
# Solve phase of matrix solver for boundary plane. Polarization : 0 Plane : 2. ( 2883 sec )
#-----------------------------[ Boundary Plane 3 ]-----------------------------
# Calculate electric field on a boundary plane with 0th order edge-based element.
# Number of equation = 514, Number of equation after degeneration = 470
# Set values of matrix and right hand side vector. ( 2883 sec )
# Numerical factorization phase of matrix solver for boundary plane. Polarization : 0 Plane : 3. ( 2883 sec )
# Solve phase of matrix solver for boundary plane. Polarization : 0 Plane : 3. ( 2883 sec )
#------------------------------------------------------------------------------
# Set matrix structure. ( 2883 sec )
# Anaysis phase of matrix solver for 3D forward calculation. Polarization : 0. ( 2887 sec )
#++++++++++++++++++++++++++++++++++++++++++++++++++++++++++++++++++++++++++++++++++++++++++++++++
# Total peak memory required during the analysis and symbolic factorization phase    : 577949 [KByte]
# Permanent memory required from the analysis phase to the solve phases              : 482479 [KByte]
# Total memory consumed by in-core forward solver for internal float point arrays    : 4.15363e+06 [KByte]
# Minimum memory consumed by out-core forward solver for internal float point arrays : 68422 [KByte]
#++++++++++++++++++++++++++++++++++++++++++++++++++++++++++++++++++++++++++++++++++++++++++++++++
# Set values of matrix and right hand side vector. ( 2890 sec )
# Numerical factorization phase of matrix solver for 3D forward calculation. Polarization : 0.( 2893 sec )
# Solve phase of matrix solver for 3D forward calculation. Polarization : 0.( 2926 sec )
# Calulate right-hand sides vectors consisting of interpolator vectors.( 2927 sec )
# Solve phase of matrix solver for right-hand sides consisting of interpolator vectors.( 2928 sec )
# Solve phase is performed simultaneously for 288 right-hand sides( 2928 sec )
# Calculate derivatives of EM field.( 2943 sec )
#================================================================================================
# Start forward calculation. Frequency : 100 [Hz], Polarization : Ey-polarization
#================================================================================================
# Start 3D forward calculation with 0th order 3D edge-based element.( 2974 sec )
# Number of equation = 475883, Number of equation after degeneration = 473549
# Calculating EM field of the boundary planes with 2D forward analysis.        
#-----------------------------[ Boundary Plane 0 ]-----------------------------
# Calculate electric field on a boundary plane with 0th order edge-based element.
# Number of equation = 520, Number of equation after degeneration = 476
# Set values of matrix and right hand side vector. ( 2974 sec )
# Numerical factorization phase of matrix solver for boundary plane. Polarization : 1 Plane : 0. ( 2974 sec )
# Solve phase of matrix solver for boundary plane. Polarization : 1 Plane : 0. ( 2974 sec )
#-----------------------------[ Boundary Plane 1 ]-----------------------------
# Calculate electric field on a boundary plane with 0th order edge-based element.
# Number of equation = 520, Number of equation after degeneration = 476
# Set values of matrix and right hand side vector. ( 2974 sec )
# Numerical factorization phase of matrix solver for boundary plane. Polarization : 1 Plane : 1. ( 2974 sec )
# Solve phase of matrix solver for boundary plane. Polarization : 1 Plane : 1. ( 2974 sec )
#------------------------------------------------------------------------------
# Set values of matrix and right hand side vector. ( 2974 sec )
# Numerical factorization phase of matrix solver for 3D forward calculation. Polarization : 1.( 2977 sec )
# Solve phase of matrix solver for 3D forward calculation. Polarization : 1.( 3010 sec )
# Calulate right-hand sides vectors consisting of interpolator vectors.( 3011 sec )
# Solve phase of matrix solver for right-hand sides consisting of interpolator vectors.( 3012 sec )
# Solve phase is performed simultaneously for 288 right-hand sides( 3012 sec )
# Calculate derivatives of EM field.( 3027 sec )
#==============================================================================
# Calculate response functions. ( 3058 sec )
# Calculate sensitivity matrix of frequency 100[Hz].( 3058 sec )
# Sensitivity matrix of frequency 100[Hz] is saved in the out-of-core file sensMatFreq17.
#==============================================================================
#================================================================================================
# Start forward calculation. Frequency : 158.48 [Hz], Polarization : Ex-polarization
#================================================================================================
# Start 3D forward calculation with 0th order 3D edge-based element.( 3059 sec )
# Number of equation = 475883, Number of equation after degeneration = 473549
# Calculating EM field of the boundary planes with 2D forward analysis.        
#-----------------------------[ Boundary Plane 2 ]-----------------------------
# Calculate electric field on a boundary plane with 0th order edge-based element.
# Number of equation = 514, Number of equation after degeneration = 470
# Set values of matrix and right hand side vector. ( 3059 sec )
# Numerical factorization phase of matrix solver for boundary plane. Polarization : 0 Plane : 2. ( 3059 sec )
# Solve phase of matrix solver for boundary plane. Polarization : 0 Plane : 2. ( 3059 sec )
#-----------------------------[ Boundary Plane 3 ]-----------------------------
# Calculate electric field on a boundary plane with 0th order edge-based element.
# Number of equation = 514, Number of equation after degeneration = 470
# Set values of matrix and right hand side vector. ( 3059 sec )
# Numerical factorization phase of matrix solver for boundary plane. Polarization : 0 Plane : 3. ( 3059 sec )
# Solve phase of matrix solver for boundary plane. Polarization : 0 Plane : 3. ( 3059 sec )
#------------------------------------------------------------------------------
# Set values of matrix and right hand side vector. ( 3059 sec )
# Numerical factorization phase of matrix solver for 3D forward calculation. Polarization : 0.( 3061 sec )
# Solve phase of matrix solver for 3D forward calculation. Polarization : 0.( 3095 sec )
# Calulate right-hand sides vectors consisting of interpolator vectors.( 3095 sec )
# Solve phase of matrix solver for right-hand sides consisting of interpolator vectors.( 3097 sec )
# Solve phase is performed simultaneously for 292 right-hand sides( 3097 sec )
# Calculate derivatives of EM field.( 3113 sec )
#================================================================================================
# Start forward calculation. Frequency : 158.48 [Hz], Polarization : Ey-polarization
#================================================================================================
# Start 3D forward calculation with 0th order 3D edge-based element.( 3143 sec )
# Number of equation = 475883, Number of equation after degeneration = 473549
# Calculating EM field of the boundary planes with 2D forward analysis.        
#-----------------------------[ Boundary Plane 0 ]-----------------------------
# Calculate electric field on a boundary plane with 0th order edge-based element.
# Number of equation = 520, Number of equation after degeneration = 476
# Set values of matrix and right hand side vector. ( 3143 sec )
# Numerical factorization phase of matrix solver for boundary plane. Polarization : 1 Plane : 0. ( 3143 sec )
# Solve phase of matrix solver for boundary plane. Polarization : 1 Plane : 0. ( 3143 sec )
#-----------------------------[ Boundary Plane 1 ]-----------------------------
# Calculate electric field on a boundary plane with 0th order edge-based element.
# Number of equation = 520, Number of equation after degeneration = 476
# Set values of matrix and right hand side vector. ( 3143 sec )
# Numerical factorization phase of matrix solver for boundary plane. Polarization : 1 Plane : 1. ( 3143 sec )
# Solve phase of matrix solver for boundary plane. Polarization : 1 Plane : 1. ( 3143 sec )
#------------------------------------------------------------------------------
# Set values of matrix and right hand side vector. ( 3143 sec )
# Numerical factorization phase of matrix solver for 3D forward calculation. Polarization : 1.( 3146 sec )
# Solve phase of matrix solver for 3D forward calculation. Polarization : 1.( 3179 sec )
# Calulate right-hand sides vectors consisting of interpolator vectors.( 3180 sec )
# Solve phase of matrix solver for right-hand sides consisting of interpolator vectors.( 3181 sec )
# Solve phase is performed simultaneously for 292 right-hand sides( 3181 sec )
# Calculate derivatives of EM field.( 3197 sec )
#==============================================================================
# Calculate response functions. ( 3227 sec )
# Calculate sensitivity matrix of frequency 158.48[Hz].( 3227 sec )
# Sensitivity matrix of frequency 158.48[Hz] is saved in the out-of-core file sensMatFreq18.
#==============================================================================
#================================================================================================
# Start forward calculation. Frequency : 251.18 [Hz], Polarization : Ex-polarization
#================================================================================================
# Start 3D forward calculation with 0th order 3D edge-based element.( 3228 sec )
# Number of equation = 475883, Number of equation after degeneration = 473549
# Calculating EM field of the boundary planes with 2D forward analysis.        
#-----------------------------[ Boundary Plane 2 ]-----------------------------
# Calculate electric field on a boundary plane with 0th order edge-based element.
# Number of equation = 514, Number of equation after degeneration = 470
# Set values of matrix and right hand side vector. ( 3228 sec )
# Numerical factorization phase of matrix solver for boundary plane. Polarization : 0 Plane : 2. ( 3228 sec )
# Solve phase of matrix solver for boundary plane. Polarization : 0 Plane : 2. ( 3228 sec )
#-----------------------------[ Boundary Plane 3 ]-----------------------------
# Calculate electric field on a boundary plane with 0th order edge-based element.
# Number of equation = 514, Number of equation after degeneration = 470
# Set values of matrix and right hand side vector. ( 3228 sec )
# Numerical factorization phase of matrix solver for boundary plane. Polarization : 0 Plane : 3. ( 3228 sec )
# Solve phase of matrix solver for boundary plane. Polarization : 0 Plane : 3. ( 3228 sec )
#------------------------------------------------------------------------------
# Set values of matrix and right hand side vector. ( 3228 sec )
# Numerical factorization phase of matrix solver for 3D forward calculation. Polarization : 0.( 3231 sec )
# Solve phase of matrix solver for 3D forward calculation. Polarization : 0.( 3264 sec )
# Calulate right-hand sides vectors consisting of interpolator vectors.( 3265 sec )
# Solve phase of matrix solver for right-hand sides consisting of interpolator vectors.( 3266 sec )
# Solve phase is performed simultaneously for 295 right-hand sides( 3266 sec )
# Calculate derivatives of EM field.( 3284 sec )
#================================================================================================
# Start forward calculation. Frequency : 251.18 [Hz], Polarization : Ey-polarization
#================================================================================================
# Start 3D forward calculation with 0th order 3D edge-based element.( 3311 sec )
# Number of equation = 475883, Number of equation after degeneration = 473549
# Calculating EM field of the boundary planes with 2D forward analysis.        
#-----------------------------[ Boundary Plane 0 ]-----------------------------
# Calculate electric field on a boundary plane with 0th order edge-based element.
# Number of equation = 520, Number of equation after degeneration = 476
# Set values of matrix and right hand side vector. ( 3311 sec )
# Numerical factorization phase of matrix solver for boundary plane. Polarization : 1 Plane : 0. ( 3311 sec )
# Solve phase of matrix solver for boundary plane. Polarization : 1 Plane : 0. ( 3311 sec )
#-----------------------------[ Boundary Plane 1 ]-----------------------------
# Calculate electric field on a boundary plane with 0th order edge-based element.
# Number of equation = 520, Number of equation after degeneration = 476
# Set values of matrix and right hand side vector. ( 3311 sec )
# Numerical factorization phase of matrix solver for boundary plane. Polarization : 1 Plane : 1. ( 3311 sec )
# Solve phase of matrix solver for boundary plane. Polarization : 1 Plane : 1. ( 3311 sec )
#------------------------------------------------------------------------------
# Set values of matrix and right hand side vector. ( 3311 sec )
# Numerical factorization phase of matrix solver for 3D forward calculation. Polarization : 1.( 3314 sec )
# Solve phase of matrix solver for 3D forward calculation. Polarization : 1.( 3347 sec )
# Calulate right-hand sides vectors consisting of interpolator vectors.( 3347 sec )
# Solve phase of matrix solver for right-hand sides consisting of interpolator vectors.( 3349 sec )
# Solve phase is performed simultaneously for 295 right-hand sides( 3349 sec )
# Calculate derivatives of EM field.( 3366 sec )
#==============================================================================
# Calculate response functions. ( 3392 sec )
# Calculate sensitivity matrix of frequency 251.18[Hz].( 3392 sec )
# Sensitivity matrix of frequency 251.18[Hz] is saved in the out-of-core file sensMatFreq19.
#==============================================================================
# Release memory of coefficient matrix and sparse solver. ( 3393 sec )
###############################################################################
# Start Inversion.  Iteration : 5
###############################################################################
# Number of model : 54779
# Number of frequencies of this PE : 3
# Calculate constraining matrix. ( 3396 sec )
# Analyse constraining matrix.( 3396 sec )
# Analyse transposed constraining matrix.( 3396 sec )
# Factorize constraining matrix.( 3396 sec )
# Factorize transposed constraining matrix.( 3396 sec )
# Number of data of this PE : 1508
# Read sensitivity matrix from sensMatFreq17.( 3397 sec )
# Multiply transposed sensitivity matrix by inverse of transposed constraining matrix. ( 3400 sec )
# Solve phase is performed simultaneously for 496 right-hand sides( 3400 sec )
# Read sensitivity matrix from sensMatFreq18.( 3402 sec )
# Multiply transposed sensitivity matrix by inverse of transposed constraining matrix. ( 3404 sec )
# Solve phase is performed simultaneously for 504 right-hand sides( 3404 sec )
# Read sensitivity matrix from sensMatFreq19.( 3406 sec )
# Multiply transposed sensitivity matrix by inverse of transposed constraining matrix. ( 3408 sec )
# Solve phase is performed simultaneously for 508 right-hand sides( 3408 sec )
# Calculate right-hand side vector. ( 3410 sec )
# Read sensitivity matrix from sensMatFreq17.( 3410 sec )
# Read sensitivity matrix from sensMatFreq18.( 3410 sec )
# Read sensitivity matrix from sensMatFreq19.( 3411 sec )
# Read sensitivity matrix from sensMatFreq17.( 3462 sec )
# Read sensitivity matrix from sensMatFreq18.( 3462 sec )
# Read sensitivity matrix from sensMatFreq19.( 3462 sec )
# Calculate model increments. ( 3462 sec )
###############################################################################
# Start Forward Computation.  Iteration : 6,  Retrial : 0
###############################################################################
#================================================================================================
# Start forward calculation. Frequency : 100 [Hz], Polarization : Ex-polarization
#================================================================================================
# Start 3D forward calculation with 0th order 3D edge-based element.( 3463 sec )
# Number of equation = 475883, Number of equation after degeneration = 473549
# Calculating EM field of the boundary planes with 2D forward analysis.        
#-----------------------------[ Boundary Plane 2 ]-----------------------------
# Calculate electric field on a boundary plane with 0th order edge-based element.
# Number of equation = 514, Number of equation after degeneration = 470
# Set values of matrix and right hand side vector. ( 3463 sec )
# Numerical factorization phase of matrix solver for boundary plane. Polarization : 0 Plane : 2. ( 3463 sec )
# Solve phase of matrix solver for boundary plane. Polarization : 0 Plane : 2. ( 3463 sec )
#-----------------------------[ Boundary Plane 3 ]-----------------------------
# Calculate electric field on a boundary plane with 0th order edge-based element.
# Number of equation = 514, Number of equation after degeneration = 470
# Set values of matrix and right hand side vector. ( 3463 sec )
# Numerical factorization phase of matrix solver for boundary plane. Polarization : 0 Plane : 3. ( 3463 sec )
# Solve phase of matrix solver for boundary plane. Polarization : 0 Plane : 3. ( 3463 sec )
#------------------------------------------------------------------------------
# Set matrix structure. ( 3463 sec )
# Anaysis phase of matrix solver for 3D forward calculation. Polarization : 0. ( 3467 sec )
#++++++++++++++++++++++++++++++++++++++++++++++++++++++++++++++++++++++++++++++++++++++++++++++++
# Total peak memory required during the analysis and symbolic factorization phase    : 577122 [KByte]
# Permanent memory required from the analysis phase to the solve phases              : 482142 [KByte]
# Total memory consumed by in-core forward solver for internal float point arrays    : 4.13803e+06 [KByte]
# Minimum memory consumed by out-core forward solver for internal float point arrays : 68704 [KByte]
#++++++++++++++++++++++++++++++++++++++++++++++++++++++++++++++++++++++++++++++++++++++++++++++++
# Set values of matrix and right hand side vector. ( 3470 sec )
# Numerical factorization phase of matrix solver for 3D forward calculation. Polarization : 0.( 3473 sec )
# Solve phase of matrix solver for 3D forward calculation. Polarization : 0.( 3506 sec )
# Calulate right-hand sides vectors consisting of interpolator vectors.( 3507 sec )
# Solve phase of matrix solver for right-hand sides consisting of interpolator vectors.( 3508 sec )
# Solve phase is performed simultaneously for 288 right-hand sides( 3508 sec )
# Calculate derivatives of EM field.( 3523 sec )
#================================================================================================
# Start forward calculation. Frequency : 100 [Hz], Polarization : Ey-polarization
#================================================================================================
# Start 3D forward calculation with 0th order 3D edge-based element.( 3554 sec )
# Number of equation = 475883, Number of equation after degeneration = 473549
# Calculating EM field of the boundary planes with 2D forward analysis.        
#-----------------------------[ Boundary Plane 0 ]-----------------------------
# Calculate electric field on a boundary plane with 0th order edge-based element.
# Number of equation = 520, Number of equation after degeneration = 476
# Set values of matrix and right hand side vector. ( 3554 sec )
# Numerical factorization phase of matrix solver for boundary plane. Polarization : 1 Plane : 0. ( 3554 sec )
# Solve phase of matrix solver for boundary plane. Polarization : 1 Plane : 0. ( 3554 sec )
#-----------------------------[ Boundary Plane 1 ]-----------------------------
# Calculate electric field on a boundary plane with 0th order edge-based element.
# Number of equation = 520, Number of equation after degeneration = 476
# Set values of matrix and right hand side vector. ( 3554 sec )
# Numerical factorization phase of matrix solver for boundary plane. Polarization : 1 Plane : 1. ( 3554 sec )
# Solve phase of matrix solver for boundary plane. Polarization : 1 Plane : 1. ( 3554 sec )
#------------------------------------------------------------------------------
# Set values of matrix and right hand side vector. ( 3554 sec )
# Numerical factorization phase of matrix solver for 3D forward calculation. Polarization : 1.( 3557 sec )
# Solve phase of matrix solver for 3D forward calculation. Polarization : 1.( 3590 sec )
# Calulate right-hand sides vectors consisting of interpolator vectors.( 3590 sec )
# Solve phase of matrix solver for right-hand sides consisting of interpolator vectors.( 3592 sec )
# Solve phase is performed simultaneously for 288 right-hand sides( 3592 sec )
# Calculate derivatives of EM field.( 3606 sec )
#==============================================================================
# Calculate response functions. ( 3636 sec )
# Calculate sensitivity matrix of frequency 100[Hz].( 3636 sec )
# Sensitivity matrix of frequency 100[Hz] is saved in the out-of-core file sensMatFreq17.
#==============================================================================
#================================================================================================
# Start forward calculation. Frequency : 158.48 [Hz], Polarization : Ex-polarization
#================================================================================================
# Start 3D forward calculation with 0th order 3D edge-based element.( 3637 sec )
# Number of equation = 475883, Number of equation after degeneration = 473549
# Calculating EM field of the boundary planes with 2D forward analysis.        
#-----------------------------[ Boundary Plane 2 ]-----------------------------
# Calculate electric field on a boundary plane with 0th order edge-based element.
# Number of equation = 514, Number of equation after degeneration = 470
# Set values of matrix and right hand side vector. ( 3637 sec )
# Numerical factorization phase of matrix solver for boundary plane. Polarization : 0 Plane : 2. ( 3637 sec )
# Solve phase of matrix solver for boundary plane. Polarization : 0 Plane : 2. ( 3637 sec )
#-----------------------------[ Boundary Plane 3 ]-----------------------------
# Calculate electric field on a boundary plane with 0th order edge-based element.
# Number of equation = 514, Number of equation after degeneration = 470
# Set values of matrix and right hand side vector. ( 3637 sec )
# Numerical factorization phase of matrix solver for boundary plane. Polarization : 0 Plane : 3. ( 3637 sec )
# Solve phase of matrix solver for boundary plane. Polarization : 0 Plane : 3. ( 3637 sec )
#------------------------------------------------------------------------------
# Set values of matrix and right hand side vector. ( 3637 sec )
# Numerical factorization phase of matrix solver for 3D forward calculation. Polarization : 0.( 3640 sec )
# Solve phase of matrix solver for 3D forward calculation. Polarization : 0.( 3673 sec )
# Calulate right-hand sides vectors consisting of interpolator vectors.( 3673 sec )
# Solve phase of matrix solver for right-hand sides consisting of interpolator vectors.( 3675 sec )
# Solve phase is performed simultaneously for 292 right-hand sides( 3675 sec )
# Calculate derivatives of EM field.( 3690 sec )
#================================================================================================
# Start forward calculation. Frequency : 158.48 [Hz], Polarization : Ey-polarization
#================================================================================================
# Start 3D forward calculation with 0th order 3D edge-based element.( 3719 sec )
# Number of equation = 475883, Number of equation after degeneration = 473549
# Calculating EM field of the boundary planes with 2D forward analysis.        
#-----------------------------[ Boundary Plane 0 ]-----------------------------
# Calculate electric field on a boundary plane with 0th order edge-based element.
# Number of equation = 520, Number of equation after degeneration = 476
# Set values of matrix and right hand side vector. ( 3719 sec )
# Numerical factorization phase of matrix solver for boundary plane. Polarization : 1 Plane : 0. ( 3719 sec )
# Solve phase of matrix solver for boundary plane. Polarization : 1 Plane : 0. ( 3719 sec )
#-----------------------------[ Boundary Plane 1 ]-----------------------------
# Calculate electric field on a boundary plane with 0th order edge-based element.
# Number of equation = 520, Number of equation after degeneration = 476
# Set values of matrix and right hand side vector. ( 3719 sec )
# Numerical factorization phase of matrix solver for boundary plane. Polarization : 1 Plane : 1. ( 3719 sec )
# Solve phase of matrix solver for boundary plane. Polarization : 1 Plane : 1. ( 3719 sec )
#------------------------------------------------------------------------------
# Set values of matrix and right hand side vector. ( 3719 sec )
# Numerical factorization phase of matrix solver for 3D forward calculation. Polarization : 1.( 3723 sec )
# Solve phase of matrix solver for 3D forward calculation. Polarization : 1.( 3755 sec )
# Calulate right-hand sides vectors consisting of interpolator vectors.( 3755 sec )
# Solve phase of matrix solver for right-hand sides consisting of interpolator vectors.( 3757 sec )
# Solve phase is performed simultaneously for 292 right-hand sides( 3757 sec )
# Calculate derivatives of EM field.( 3772 sec )
#==============================================================================
# Calculate response functions. ( 3800 sec )
# Calculate sensitivity matrix of frequency 158.48[Hz].( 3800 sec )
# Sensitivity matrix of frequency 158.48[Hz] is saved in the out-of-core file sensMatFreq18.
#==============================================================================
#================================================================================================
# Start forward calculation. Frequency : 251.18 [Hz], Polarization : Ex-polarization
#================================================================================================
# Start 3D forward calculation with 0th order 3D edge-based element.( 3802 sec )
# Number of equation = 475883, Number of equation after degeneration = 473549
# Calculating EM field of the boundary planes with 2D forward analysis.        
#-----------------------------[ Boundary Plane 2 ]-----------------------------
# Calculate electric field on a boundary plane with 0th order edge-based element.
# Number of equation = 514, Number of equation after degeneration = 470
# Set values of matrix and right hand side vector. ( 3802 sec )
# Numerical factorization phase of matrix solver for boundary plane. Polarization : 0 Plane : 2. ( 3802 sec )
# Solve phase of matrix solver for boundary plane. Polarization : 0 Plane : 2. ( 3802 sec )
#-----------------------------[ Boundary Plane 3 ]-----------------------------
# Calculate electric field on a boundary plane with 0th order edge-based element.
# Number of equation = 514, Number of equation after degeneration = 470
# Set values of matrix and right hand side vector. ( 3802 sec )
# Numerical factorization phase of matrix solver for boundary plane. Polarization : 0 Plane : 3. ( 3802 sec )
# Solve phase of matrix solver for boundary plane. Polarization : 0 Plane : 3. ( 3802 sec )
#------------------------------------------------------------------------------
# Set values of matrix and right hand side vector. ( 3802 sec )
# Numerical factorization phase of matrix solver for 3D forward calculation. Polarization : 0.( 3805 sec )
# Solve phase of matrix solver for 3D forward calculation. Polarization : 0.( 3837 sec )
# Calulate right-hand sides vectors consisting of interpolator vectors.( 3837 sec )
# Solve phase of matrix solver for right-hand sides consisting of interpolator vectors.( 3839 sec )
# Solve phase is performed simultaneously for 295 right-hand sides( 3839 sec )
# Calculate derivatives of EM field.( 3855 sec )
#================================================================================================
# Start forward calculation. Frequency : 251.18 [Hz], Polarization : Ey-polarization
#================================================================================================
# Start 3D forward calculation with 0th order 3D edge-based element.( 3885 sec )
# Number of equation = 475883, Number of equation after degeneration = 473549
# Calculating EM field of the boundary planes with 2D forward analysis.        
#-----------------------------[ Boundary Plane 0 ]-----------------------------
# Calculate electric field on a boundary plane with 0th order edge-based element.
# Number of equation = 520, Number of equation after degeneration = 476
# Set values of matrix and right hand side vector. ( 3885 sec )
# Numerical factorization phase of matrix solver for boundary plane. Polarization : 1 Plane : 0. ( 3885 sec )
# Solve phase of matrix solver for boundary plane. Polarization : 1 Plane : 0. ( 3885 sec )
#-----------------------------[ Boundary Plane 1 ]-----------------------------
# Calculate electric field on a boundary plane with 0th order edge-based element.
# Number of equation = 520, Number of equation after degeneration = 476
# Set values of matrix and right hand side vector. ( 3885 sec )
# Numerical factorization phase of matrix solver for boundary plane. Polarization : 1 Plane : 1. ( 3885 sec )
# Solve phase of matrix solver for boundary plane. Polarization : 1 Plane : 1. ( 3885 sec )
#------------------------------------------------------------------------------
# Set values of matrix and right hand side vector. ( 3885 sec )
# Numerical factorization phase of matrix solver for 3D forward calculation. Polarization : 1.( 3888 sec )
# Solve phase of matrix solver for 3D forward calculation. Polarization : 1.( 3920 sec )
# Calulate right-hand sides vectors consisting of interpolator vectors.( 3921 sec )
# Solve phase of matrix solver for right-hand sides consisting of interpolator vectors.( 3923 sec )
# Solve phase is performed simultaneously for 295 right-hand sides( 3923 sec )
# Calculate derivatives of EM field.( 3937 sec )
#==============================================================================
# Calculate response functions. ( 3968 sec )
# Calculate sensitivity matrix of frequency 251.18[Hz].( 3968 sec )
# Sensitivity matrix of frequency 251.18[Hz] is saved in the out-of-core file sensMatFreq19.
#==============================================================================
# Release memory of coefficient matrix and sparse solver. ( 3969 sec )
###############################################################################
# Start Forward Computation.  Iteration : 6,  Retrial : 1
###############################################################################
#================================================================================================
# Start forward calculation. Frequency : 100 [Hz], Polarization : Ex-polarization
#================================================================================================
# Start 3D forward calculation with 0th order 3D edge-based element.( 3971 sec )
# Number of equation = 475883, Number of equation after degeneration = 473549
# Calculating EM field of the boundary planes with 2D forward analysis.        
#-----------------------------[ Boundary Plane 2 ]-----------------------------
# Calculate electric field on a boundary plane with 0th order edge-based element.
# Number of equation = 514, Number of equation after degeneration = 470
# Set values of matrix and right hand side vector. ( 3971 sec )
# Numerical factorization phase of matrix solver for boundary plane. Polarization : 0 Plane : 2. ( 3971 sec )
# Solve phase of matrix solver for boundary plane. Polarization : 0 Plane : 2. ( 3971 sec )
#-----------------------------[ Boundary Plane 3 ]-----------------------------
# Calculate electric field on a boundary plane with 0th order edge-based element.
# Number of equation = 514, Number of equation after degeneration = 470
# Set values of matrix and right hand side vector. ( 3971 sec )
# Numerical factorization phase of matrix solver for boundary plane. Polarization : 0 Plane : 3. ( 3971 sec )
# Solve phase of matrix solver for boundary plane. Polarization : 0 Plane : 3. ( 3971 sec )
#------------------------------------------------------------------------------
# Set matrix structure. ( 3971 sec )
# Anaysis phase of matrix solver for 3D forward calculation. Polarization : 0. ( 3975 sec )
#++++++++++++++++++++++++++++++++++++++++++++++++++++++++++++++++++++++++++++++++++++++++++++++++
# Total peak memory required during the analysis and symbolic factorization phase    : 577635 [KByte]
# Permanent memory required from the analysis phase to the solve phases              : 482547 [KByte]
# Total memory consumed by in-core forward solver for internal float point arrays    : 4.12108e+06 [KByte]
# Minimum memory consumed by out-core forward solver for internal float point arrays : 68414 [KByte]
#++++++++++++++++++++++++++++++++++++++++++++++++++++++++++++++++++++++++++++++++++++++++++++++++
# Set values of matrix and right hand side vector. ( 3978 sec )
# Numerical factorization phase of matrix solver for 3D forward calculation. Polarization : 0.( 3981 sec )
# Solve phase of matrix solver for 3D forward calculation. Polarization : 0.( 4014 sec )
# Calulate right-hand sides vectors consisting of interpolator vectors.( 4014 sec )
# Solve phase of matrix solver for right-hand sides consisting of interpolator vectors.( 4016 sec )
# Solve phase is performed simultaneously for 288 right-hand sides( 4016 sec )
# Calculate derivatives of EM field.( 4031 sec )
#================================================================================================
# Start forward calculation. Frequency : 100 [Hz], Polarization : Ey-polarization
#================================================================================================
# Start 3D forward calculation with 0th order 3D edge-based element.( 4062 sec )
# Number of equation = 475883, Number of equation after degeneration = 473549
# Calculating EM field of the boundary planes with 2D forward analysis.        
#-----------------------------[ Boundary Plane 0 ]-----------------------------
# Calculate electric field on a boundary plane with 0th order edge-based element.
# Number of equation = 520, Number of equation after degeneration = 476
# Set values of matrix and right hand side vector. ( 4062 sec )
# Numerical factorization phase of matrix solver for boundary plane. Polarization : 1 Plane : 0. ( 4062 sec )
# Solve phase of matrix solver for boundary plane. Polarization : 1 Plane : 0. ( 4062 sec )
#-----------------------------[ Boundary Plane 1 ]-----------------------------
# Calculate electric field on a boundary plane with 0th order edge-based element.
# Number of equation = 520, Number of equation after degeneration = 476
# Set values of matrix and right hand side vector. ( 4062 sec )
# Numerical factorization phase of matrix solver for boundary plane. Polarization : 1 Plane : 1. ( 4062 sec )
# Solve phase of matrix solver for boundary plane. Polarization : 1 Plane : 1. ( 4062 sec )
#------------------------------------------------------------------------------
# Set values of matrix and right hand side vector. ( 4062 sec )
# Numerical factorization phase of matrix solver for 3D forward calculation. Polarization : 1.( 4064 sec )
# Solve phase of matrix solver for 3D forward calculation. Polarization : 1.( 4097 sec )
# Calulate right-hand sides vectors consisting of interpolator vectors.( 4098 sec )
# Solve phase of matrix solver for right-hand sides consisting of interpolator vectors.( 4099 sec )
# Solve phase is performed simultaneously for 288 right-hand sides( 4099 sec )
# Calculate derivatives of EM field.( 4114 sec )
#==============================================================================
# Calculate response functions. ( 4145 sec )
# Calculate sensitivity matrix of frequency 100[Hz].( 4145 sec )
# Sensitivity matrix of frequency 100[Hz] is saved in the out-of-core file sensMatFreq17.
#==============================================================================
#================================================================================================
# Start forward calculation. Frequency : 158.48 [Hz], Polarization : Ex-polarization
#================================================================================================
# Start 3D forward calculation with 0th order 3D edge-based element.( 4146 sec )
# Number of equation = 475883, Number of equation after degeneration = 473549
# Calculating EM field of the boundary planes with 2D forward analysis.        
#-----------------------------[ Boundary Plane 2 ]-----------------------------
# Calculate electric field on a boundary plane with 0th order edge-based element.
# Number of equation = 514, Number of equation after degeneration = 470
# Set values of matrix and right hand side vector. ( 4146 sec )
# Numerical factorization phase of matrix solver for boundary plane. Polarization : 0 Plane : 2. ( 4146 sec )
# Solve phase of matrix solver for boundary plane. Polarization : 0 Plane : 2. ( 4146 sec )
#-----------------------------[ Boundary Plane 3 ]-----------------------------
# Calculate electric field on a boundary plane with 0th order edge-based element.
# Number of equation = 514, Number of equation after degeneration = 470
# Set values of matrix and right hand side vector. ( 4146 sec )
# Numerical factorization phase of matrix solver for boundary plane. Polarization : 0 Plane : 3. ( 4146 sec )
# Solve phase of matrix solver for boundary plane. Polarization : 0 Plane : 3. ( 4146 sec )
#------------------------------------------------------------------------------
# Set values of matrix and right hand side vector. ( 4146 sec )
# Numerical factorization phase of matrix solver for 3D forward calculation. Polarization : 0.( 4148 sec )
# Solve phase of matrix solver for 3D forward calculation. Polarization : 0.( 4181 sec )
# Calulate right-hand sides vectors consisting of interpolator vectors.( 4182 sec )
# Solve phase of matrix solver for right-hand sides consisting of interpolator vectors.( 4183 sec )
# Solve phase is performed simultaneously for 292 right-hand sides( 4183 sec )
# Calculate derivatives of EM field.( 4199 sec )
#================================================================================================
# Start forward calculation. Frequency : 158.48 [Hz], Polarization : Ey-polarization
#================================================================================================
# Start 3D forward calculation with 0th order 3D edge-based element.( 4229 sec )
# Number of equation = 475883, Number of equation after degeneration = 473549
# Calculating EM field of the boundary planes with 2D forward analysis.        
#-----------------------------[ Boundary Plane 0 ]-----------------------------
# Calculate electric field on a boundary plane with 0th order edge-based element.
# Number of equation = 520, Number of equation after degeneration = 476
# Set values of matrix and right hand side vector. ( 4229 sec )
# Numerical factorization phase of matrix solver for boundary plane. Polarization : 1 Plane : 0. ( 4229 sec )
# Solve phase of matrix solver for boundary plane. Polarization : 1 Plane : 0. ( 4229 sec )
#-----------------------------[ Boundary Plane 1 ]-----------------------------
# Calculate electric field on a boundary plane with 0th order edge-based element.
# Number of equation = 520, Number of equation after degeneration = 476
# Set values of matrix and right hand side vector. ( 4229 sec )
# Numerical factorization phase of matrix solver for boundary plane. Polarization : 1 Plane : 1. ( 4229 sec )
# Solve phase of matrix solver for boundary plane. Polarization : 1 Plane : 1. ( 4229 sec )
#------------------------------------------------------------------------------
# Set values of matrix and right hand side vector. ( 4229 sec )
# Numerical factorization phase of matrix solver for 3D forward calculation. Polarization : 1.( 4232 sec )
# Solve phase of matrix solver for 3D forward calculation. Polarization : 1.( 4265 sec )
# Calulate right-hand sides vectors consisting of interpolator vectors.( 4265 sec )
# Solve phase of matrix solver for right-hand sides consisting of interpolator vectors.( 4267 sec )
# Solve phase is performed simultaneously for 292 right-hand sides( 4267 sec )
# Calculate derivatives of EM field.( 4282 sec )
#==============================================================================
# Calculate response functions. ( 4312 sec )
# Calculate sensitivity matrix of frequency 158.48[Hz].( 4312 sec )
# Sensitivity matrix of frequency 158.48[Hz] is saved in the out-of-core file sensMatFreq18.
#==============================================================================
#================================================================================================
# Start forward calculation. Frequency : 251.18 [Hz], Polarization : Ex-polarization
#================================================================================================
# Start 3D forward calculation with 0th order 3D edge-based element.( 4313 sec )
# Number of equation = 475883, Number of equation after degeneration = 473549
# Calculating EM field of the boundary planes with 2D forward analysis.        
#-----------------------------[ Boundary Plane 2 ]-----------------------------
# Calculate electric field on a boundary plane with 0th order edge-based element.
# Number of equation = 514, Number of equation after degeneration = 470
# Set values of matrix and right hand side vector. ( 4313 sec )
# Numerical factorization phase of matrix solver for boundary plane. Polarization : 0 Plane : 2. ( 4313 sec )
# Solve phase of matrix solver for boundary plane. Polarization : 0 Plane : 2. ( 4313 sec )
#-----------------------------[ Boundary Plane 3 ]-----------------------------
# Calculate electric field on a boundary plane with 0th order edge-based element.
# Number of equation = 514, Number of equation after degeneration = 470
# Set values of matrix and right hand side vector. ( 4313 sec )
# Numerical factorization phase of matrix solver for boundary plane. Polarization : 0 Plane : 3. ( 4313 sec )
# Solve phase of matrix solver for boundary plane. Polarization : 0 Plane : 3. ( 4313 sec )
#------------------------------------------------------------------------------
# Set values of matrix and right hand side vector. ( 4313 sec )
# Numerical factorization phase of matrix solver for 3D forward calculation. Polarization : 0.( 4316 sec )
# Solve phase of matrix solver for 3D forward calculation. Polarization : 0.( 4349 sec )
# Calulate right-hand sides vectors consisting of interpolator vectors.( 4349 sec )
# Solve phase of matrix solver for right-hand sides consisting of interpolator vectors.( 4351 sec )
# Solve phase is performed simultaneously for 295 right-hand sides( 4351 sec )
# Calculate derivatives of EM field.( 4368 sec )
#================================================================================================
# Start forward calculation. Frequency : 251.18 [Hz], Polarization : Ey-polarization
#================================================================================================
# Start 3D forward calculation with 0th order 3D edge-based element.( 4396 sec )
# Number of equation = 475883, Number of equation after degeneration = 473549
# Calculating EM field of the boundary planes with 2D forward analysis.        
#-----------------------------[ Boundary Plane 0 ]-----------------------------
# Calculate electric field on a boundary plane with 0th order edge-based element.
# Number of equation = 520, Number of equation after degeneration = 476
# Set values of matrix and right hand side vector. ( 4396 sec )
# Numerical factorization phase of matrix solver for boundary plane. Polarization : 1 Plane : 0. ( 4396 sec )
# Solve phase of matrix solver for boundary plane. Polarization : 1 Plane : 0. ( 4396 sec )
#-----------------------------[ Boundary Plane 1 ]-----------------------------
# Calculate electric field on a boundary plane with 0th order edge-based element.
# Number of equation = 520, Number of equation after degeneration = 476
# Set values of matrix and right hand side vector. ( 4396 sec )
# Numerical factorization phase of matrix solver for boundary plane. Polarization : 1 Plane : 1. ( 4396 sec )
# Solve phase of matrix solver for boundary plane. Polarization : 1 Plane : 1. ( 4396 sec )
#------------------------------------------------------------------------------
# Set values of matrix and right hand side vector. ( 4396 sec )
# Numerical factorization phase of matrix solver for 3D forward calculation. Polarization : 1.( 4399 sec )
# Solve phase of matrix solver for 3D forward calculation. Polarization : 1.( 4432 sec )
# Calulate right-hand sides vectors consisting of interpolator vectors.( 4432 sec )
# Solve phase of matrix solver for right-hand sides consisting of interpolator vectors.( 4434 sec )
# Solve phase is performed simultaneously for 295 right-hand sides( 4434 sec )
# Calculate derivatives of EM field.( 4450 sec )
#==============================================================================
# Calculate response functions. ( 4478 sec )
# Calculate sensitivity matrix of frequency 251.18[Hz].( 4478 sec )
# Sensitivity matrix of frequency 251.18[Hz] is saved in the out-of-core file sensMatFreq19.
#==============================================================================
# Release memory of coefficient matrix and sparse solver. ( 4479 sec )
###############################################################################
# Start Inversion.  Iteration : 6
###############################################################################
# Number of model : 54779
# Number of frequencies of this PE : 3
# Calculate constraining matrix. ( 4481 sec )
# Analyse constraining matrix.( 4481 sec )
# Analyse transposed constraining matrix.( 4482 sec )
# Factorize constraining matrix.( 4482 sec )
# Factorize transposed constraining matrix.( 4482 sec )
# Number of data of this PE : 1508
# Read sensitivity matrix from sensMatFreq17.( 4482 sec )
# Multiply transposed sensitivity matrix by inverse of transposed constraining matrix. ( 4486 sec )
# Solve phase is performed simultaneously for 496 right-hand sides( 4486 sec )
# Read sensitivity matrix from sensMatFreq18.( 4487 sec )
# Multiply transposed sensitivity matrix by inverse of transposed constraining matrix. ( 4490 sec )
# Solve phase is performed simultaneously for 504 right-hand sides( 4490 sec )
# Read sensitivity matrix from sensMatFreq19.( 4492 sec )
# Multiply transposed sensitivity matrix by inverse of transposed constraining matrix. ( 4494 sec )
# Solve phase is performed simultaneously for 508 right-hand sides( 4494 sec )
# Calculate right-hand side vector. ( 4496 sec )
# Read sensitivity matrix from sensMatFreq17.( 4496 sec )
# Read sensitivity matrix from sensMatFreq18.( 4496 sec )
# Read sensitivity matrix from sensMatFreq19.( 4496 sec )
# Read sensitivity matrix from sensMatFreq17.( 4546 sec )
# Read sensitivity matrix from sensMatFreq18.( 4546 sec )
# Read sensitivity matrix from sensMatFreq19.( 4547 sec )
# Calculate model increments. ( 4547 sec )
###############################################################################
# Start Forward Computation.  Iteration : 7,  Retrial : 0
###############################################################################
#================================================================================================
# Start forward calculation. Frequency : 100 [Hz], Polarization : Ex-polarization
#================================================================================================
# Start 3D forward calculation with 0th order 3D edge-based element.( 4548 sec )
# Number of equation = 475883, Number of equation after degeneration = 473549
# Calculating EM field of the boundary planes with 2D forward analysis.        
#-----------------------------[ Boundary Plane 2 ]-----------------------------
# Calculate electric field on a boundary plane with 0th order edge-based element.
# Number of equation = 514, Number of equation after degeneration = 470
# Set values of matrix and right hand side vector. ( 4548 sec )
# Numerical factorization phase of matrix solver for boundary plane. Polarization : 0 Plane : 2. ( 4548 sec )
# Solve phase of matrix solver for boundary plane. Polarization : 0 Plane : 2. ( 4548 sec )
#-----------------------------[ Boundary Plane 3 ]-----------------------------
# Calculate electric field on a boundary plane with 0th order edge-based element.
# Number of equation = 514, Number of equation after degeneration = 470
# Set values of matrix and right hand side vector. ( 4548 sec )
# Numerical factorization phase of matrix solver for boundary plane. Polarization : 0 Plane : 3. ( 4548 sec )
# Solve phase of matrix solver for boundary plane. Polarization : 0 Plane : 3. ( 4548 sec )
#------------------------------------------------------------------------------
# Set matrix structure. ( 4548 sec )
# Anaysis phase of matrix solver for 3D forward calculation. Polarization : 0. ( 4552 sec )
#++++++++++++++++++++++++++++++++++++++++++++++++++++++++++++++++++++++++++++++++++++++++++++++++
# Total peak memory required during the analysis and symbolic factorization phase    : 577111 [KByte]
# Permanent memory required from the analysis phase to the solve phases              : 482081 [KByte]
# Total memory consumed by in-core forward solver for internal float point arrays    : 4.12527e+06 [KByte]
# Minimum memory consumed by out-core forward solver for internal float point arrays : 68739 [KByte]
#++++++++++++++++++++++++++++++++++++++++++++++++++++++++++++++++++++++++++++++++++++++++++++++++
# Set values of matrix and right hand side vector. ( 4555 sec )
# Numerical factorization phase of matrix solver for 3D forward calculation. Polarization : 0.( 4558 sec )
# Solve phase of matrix solver for 3D forward calculation. Polarization : 0.( 4591 sec )
# Calulate right-hand sides vectors consisting of interpolator vectors.( 4592 sec )
# Solve phase of matrix solver for right-hand sides consisting of interpolator vectors.( 4593 sec )
# Solve phase is performed simultaneously for 288 right-hand sides( 4593 sec )
# Calculate derivatives of EM field.( 4608 sec )
#================================================================================================
# Start forward calculation. Frequency : 100 [Hz], Polarization : Ey-polarization
#================================================================================================
# Start 3D forward calculation with 0th order 3D edge-based element.( 4639 sec )
# Number of equation = 475883, Number of equation after degeneration = 473549
# Calculating EM field of the boundary planes with 2D forward analysis.        
#-----------------------------[ Boundary Plane 0 ]-----------------------------
# Calculate electric field on a boundary plane with 0th order edge-based element.
# Number of equation = 520, Number of equation after degeneration = 476
# Set values of matrix and right hand side vector. ( 4639 sec )
# Numerical factorization phase of matrix solver for boundary plane. Polarization : 1 Plane : 0. ( 4639 sec )
# Solve phase of matrix solver for boundary plane. Polarization : 1 Plane : 0. ( 4639 sec )
#-----------------------------[ Boundary Plane 1 ]-----------------------------
# Calculate electric field on a boundary plane with 0th order edge-based element.
# Number of equation = 520, Number of equation after degeneration = 476
# Set values of matrix and right hand side vector. ( 4639 sec )
# Numerical factorization phase of matrix solver for boundary plane. Polarization : 1 Plane : 1. ( 4639 sec )
# Solve phase of matrix solver for boundary plane. Polarization : 1 Plane : 1. ( 4639 sec )
#------------------------------------------------------------------------------
# Set values of matrix and right hand side vector. ( 4639 sec )
# Numerical factorization phase of matrix solver for 3D forward calculation. Polarization : 1.( 4642 sec )
# Solve phase of matrix solver for 3D forward calculation. Polarization : 1.( 4675 sec )
# Calulate right-hand sides vectors consisting of interpolator vectors.( 4675 sec )
# Solve phase of matrix solver for right-hand sides consisting of interpolator vectors.( 4677 sec )
# Solve phase is performed simultaneously for 288 right-hand sides( 4677 sec )
# Calculate derivatives of EM field.( 4692 sec )
#==============================================================================
# Calculate response functions. ( 4723 sec )
# Calculate sensitivity matrix of frequency 100[Hz].( 4723 sec )
# Sensitivity matrix of frequency 100[Hz] is saved in the out-of-core file sensMatFreq17.
#==============================================================================
#================================================================================================
# Start forward calculation. Frequency : 158.48 [Hz], Polarization : Ex-polarization
#================================================================================================
# Start 3D forward calculation with 0th order 3D edge-based element.( 4724 sec )
# Number of equation = 475883, Number of equation after degeneration = 473549
# Calculating EM field of the boundary planes with 2D forward analysis.        
#-----------------------------[ Boundary Plane 2 ]-----------------------------
# Calculate electric field on a boundary plane with 0th order edge-based element.
# Number of equation = 514, Number of equation after degeneration = 470
# Set values of matrix and right hand side vector. ( 4724 sec )
# Numerical factorization phase of matrix solver for boundary plane. Polarization : 0 Plane : 2. ( 4724 sec )
# Solve phase of matrix solver for boundary plane. Polarization : 0 Plane : 2. ( 4724 sec )
#-----------------------------[ Boundary Plane 3 ]-----------------------------
# Calculate electric field on a boundary plane with 0th order edge-based element.
# Number of equation = 514, Number of equation after degeneration = 470
# Set values of matrix and right hand side vector. ( 4724 sec )
# Numerical factorization phase of matrix solver for boundary plane. Polarization : 0 Plane : 3. ( 4724 sec )
# Solve phase of matrix solver for boundary plane. Polarization : 0 Plane : 3. ( 4724 sec )
#------------------------------------------------------------------------------
# Set values of matrix and right hand side vector. ( 4724 sec )
# Numerical factorization phase of matrix solver for 3D forward calculation. Polarization : 0.( 4726 sec )
# Solve phase of matrix solver for 3D forward calculation. Polarization : 0.( 4759 sec )
# Calulate right-hand sides vectors consisting of interpolator vectors.( 4760 sec )
# Solve phase of matrix solver for right-hand sides consisting of interpolator vectors.( 4761 sec )
# Solve phase is performed simultaneously for 292 right-hand sides( 4761 sec )
# Calculate derivatives of EM field.( 4778 sec )
#================================================================================================
# Start forward calculation. Frequency : 158.48 [Hz], Polarization : Ey-polarization
#================================================================================================
# Start 3D forward calculation with 0th order 3D edge-based element.( 4808 sec )
# Number of equation = 475883, Number of equation after degeneration = 473549
# Calculating EM field of the boundary planes with 2D forward analysis.        
#-----------------------------[ Boundary Plane 0 ]-----------------------------
# Calculate electric field on a boundary plane with 0th order edge-based element.
# Number of equation = 520, Number of equation after degeneration = 476
# Set values of matrix and right hand side vector. ( 4808 sec )
# Numerical factorization phase of matrix solver for boundary plane. Polarization : 1 Plane : 0. ( 4808 sec )
# Solve phase of matrix solver for boundary plane. Polarization : 1 Plane : 0. ( 4808 sec )
#-----------------------------[ Boundary Plane 1 ]-----------------------------
# Calculate electric field on a boundary plane with 0th order edge-based element.
# Number of equation = 520, Number of equation after degeneration = 476
# Set values of matrix and right hand side vector. ( 4808 sec )
# Numerical factorization phase of matrix solver for boundary plane. Polarization : 1 Plane : 1. ( 4808 sec )
# Solve phase of matrix solver for boundary plane. Polarization : 1 Plane : 1. ( 4808 sec )
#------------------------------------------------------------------------------
# Set values of matrix and right hand side vector. ( 4808 sec )
# Numerical factorization phase of matrix solver for 3D forward calculation. Polarization : 1.( 4810 sec )
# Solve phase of matrix solver for 3D forward calculation. Polarization : 1.( 4844 sec )
# Calulate right-hand sides vectors consisting of interpolator vectors.( 4844 sec )
# Solve phase of matrix solver for right-hand sides consisting of interpolator vectors.( 4846 sec )
# Solve phase is performed simultaneously for 292 right-hand sides( 4846 sec )
# Calculate derivatives of EM field.( 4861 sec )
#==============================================================================
# Calculate response functions. ( 4891 sec )
# Calculate sensitivity matrix of frequency 158.48[Hz].( 4891 sec )
# Sensitivity matrix of frequency 158.48[Hz] is saved in the out-of-core file sensMatFreq18.
#==============================================================================
#================================================================================================
# Start forward calculation. Frequency : 251.18 [Hz], Polarization : Ex-polarization
#================================================================================================
# Start 3D forward calculation with 0th order 3D edge-based element.( 4892 sec )
# Number of equation = 475883, Number of equation after degeneration = 473549
# Calculating EM field of the boundary planes with 2D forward analysis.        
#-----------------------------[ Boundary Plane 2 ]-----------------------------
# Calculate electric field on a boundary plane with 0th order edge-based element.
# Number of equation = 514, Number of equation after degeneration = 470
# Set values of matrix and right hand side vector. ( 4892 sec )
# Numerical factorization phase of matrix solver for boundary plane. Polarization : 0 Plane : 2. ( 4892 sec )
# Solve phase of matrix solver for boundary plane. Polarization : 0 Plane : 2. ( 4892 sec )
#-----------------------------[ Boundary Plane 3 ]-----------------------------
# Calculate electric field on a boundary plane with 0th order edge-based element.
# Number of equation = 514, Number of equation after degeneration = 470
# Set values of matrix and right hand side vector. ( 4892 sec )
# Numerical factorization phase of matrix solver for boundary plane. Polarization : 0 Plane : 3. ( 4892 sec )
# Solve phase of matrix solver for boundary plane. Polarization : 0 Plane : 3. ( 4892 sec )
#------------------------------------------------------------------------------
# Set values of matrix and right hand side vector. ( 4892 sec )
# Numerical factorization phase of matrix solver for 3D forward calculation. Polarization : 0.( 4894 sec )
# Solve phase of matrix solver for 3D forward calculation. Polarization : 0.( 4928 sec )
# Calulate right-hand sides vectors consisting of interpolator vectors.( 4928 sec )
# Solve phase of matrix solver for right-hand sides consisting of interpolator vectors.( 4930 sec )
# Solve phase is performed simultaneously for 295 right-hand sides( 4930 sec )
# Calculate derivatives of EM field.( 4947 sec )
#================================================================================================
# Start forward calculation. Frequency : 251.18 [Hz], Polarization : Ey-polarization
#================================================================================================
# Start 3D forward calculation with 0th order 3D edge-based element.( 4974 sec )
# Number of equation = 475883, Number of equation after degeneration = 473549
# Calculating EM field of the boundary planes with 2D forward analysis.        
#-----------------------------[ Boundary Plane 0 ]-----------------------------
# Calculate electric field on a boundary plane with 0th order edge-based element.
# Number of equation = 520, Number of equation after degeneration = 476
# Set values of matrix and right hand side vector. ( 4974 sec )
# Numerical factorization phase of matrix solver for boundary plane. Polarization : 1 Plane : 0. ( 4974 sec )
# Solve phase of matrix solver for boundary plane. Polarization : 1 Plane : 0. ( 4974 sec )
#-----------------------------[ Boundary Plane 1 ]-----------------------------
# Calculate electric field on a boundary plane with 0th order edge-based element.
# Number of equation = 520, Number of equation after degeneration = 476
# Set values of matrix and right hand side vector. ( 4974 sec )
# Numerical factorization phase of matrix solver for boundary plane. Polarization : 1 Plane : 1. ( 4974 sec )
# Solve phase of matrix solver for boundary plane. Polarization : 1 Plane : 1. ( 4974 sec )
#------------------------------------------------------------------------------
# Set values of matrix and right hand side vector. ( 4974 sec )
# Numerical factorization phase of matrix solver for 3D forward calculation. Polarization : 1.( 4977 sec )
# Solve phase of matrix solver for 3D forward calculation. Polarization : 1.( 5010 sec )
# Calulate right-hand sides vectors consisting of interpolator vectors.( 5010 sec )
# Solve phase of matrix solver for right-hand sides consisting of interpolator vectors.( 5012 sec )
# Solve phase is performed simultaneously for 295 right-hand sides( 5012 sec )
# Calculate derivatives of EM field.( 5029 sec )
#==============================================================================
# Calculate response functions. ( 5056 sec )
# Calculate sensitivity matrix of frequency 251.18[Hz].( 5056 sec )
# Sensitivity matrix of frequency 251.18[Hz] is saved in the out-of-core file sensMatFreq19.
#==============================================================================
# Release memory of coefficient matrix and sparse solver. ( 5056 sec )
###############################################################################
# Start Forward Computation.  Iteration : 7,  Retrial : 1
###############################################################################
#================================================================================================
# Start forward calculation. Frequency : 100 [Hz], Polarization : Ex-polarization
#================================================================================================
# Start 3D forward calculation with 0th order 3D edge-based element.( 5056 sec )
# Number of equation = 475883, Number of equation after degeneration = 473549
# Calculating EM field of the boundary planes with 2D forward analysis.        
#-----------------------------[ Boundary Plane 2 ]-----------------------------
# Calculate electric field on a boundary plane with 0th order edge-based element.
# Number of equation = 514, Number of equation after degeneration = 470
# Set values of matrix and right hand side vector. ( 5056 sec )
# Numerical factorization phase of matrix solver for boundary plane. Polarization : 0 Plane : 2. ( 5056 sec )
# Solve phase of matrix solver for boundary plane. Polarization : 0 Plane : 2. ( 5056 sec )
#-----------------------------[ Boundary Plane 3 ]-----------------------------
# Calculate electric field on a boundary plane with 0th order edge-based element.
# Number of equation = 514, Number of equation after degeneration = 470
# Set values of matrix and right hand side vector. ( 5056 sec )
# Numerical factorization phase of matrix solver for boundary plane. Polarization : 0 Plane : 3. ( 5056 sec )
# Solve phase of matrix solver for boundary plane. Polarization : 0 Plane : 3. ( 5056 sec )
#------------------------------------------------------------------------------
# Set matrix structure. ( 5056 sec )
# Anaysis phase of matrix solver for 3D forward calculation. Polarization : 0. ( 5060 sec )
#++++++++++++++++++++++++++++++++++++++++++++++++++++++++++++++++++++++++++++++++++++++++++++++++
# Total peak memory required during the analysis and symbolic factorization phase    : 577483 [KByte]
# Permanent memory required from the analysis phase to the solve phases              : 482373 [KByte]
# Total memory consumed by in-core forward solver for internal float point arrays    : 4.11924e+06 [KByte]
# Minimum memory consumed by out-core forward solver for internal float point arrays : 68571 [KByte]
#++++++++++++++++++++++++++++++++++++++++++++++++++++++++++++++++++++++++++++++++++++++++++++++++
# Set values of matrix and right hand side vector. ( 5064 sec )
# Numerical factorization phase of matrix solver for 3D forward calculation. Polarization : 0.( 5066 sec )
# Solve phase of matrix solver for 3D forward calculation. Polarization : 0.( 5100 sec )
# Calulate right-hand sides vectors consisting of interpolator vectors.( 5100 sec )
# Solve phase of matrix solver for right-hand sides consisting of interpolator vectors.( 5102 sec )
# Solve phase is performed simultaneously for 288 right-hand sides( 5102 sec )
# Calculate derivatives of EM field.( 5117 sec )
#================================================================================================
# Start forward calculation. Frequency : 100 [Hz], Polarization : Ey-polarization
#================================================================================================
# Start 3D forward calculation with 0th order 3D edge-based element.( 5147 sec )
# Number of equation = 475883, Number of equation after degeneration = 473549
# Calculating EM field of the boundary planes with 2D forward analysis.        
#-----------------------------[ Boundary Plane 0 ]-----------------------------
# Calculate electric field on a boundary plane with 0th order edge-based element.
# Number of equation = 520, Number of equation after degeneration = 476
# Set values of matrix and right hand side vector. ( 5147 sec )
# Numerical factorization phase of matrix solver for boundary plane. Polarization : 1 Plane : 0. ( 5147 sec )
# Solve phase of matrix solver for boundary plane. Polarization : 1 Plane : 0. ( 5147 sec )
#-----------------------------[ Boundary Plane 1 ]-----------------------------
# Calculate electric field on a boundary plane with 0th order edge-based element.
# Number of equation = 520, Number of equation after degeneration = 476
# Set values of matrix and right hand side vector. ( 5147 sec )
# Numerical factorization phase of matrix solver for boundary plane. Polarization : 1 Plane : 1. ( 5147 sec )
# Solve phase of matrix solver for boundary plane. Polarization : 1 Plane : 1. ( 5147 sec )
#------------------------------------------------------------------------------
# Set values of matrix and right hand side vector. ( 5147 sec )
# Numerical factorization phase of matrix solver for 3D forward calculation. Polarization : 1.( 5150 sec )
# Solve phase of matrix solver for 3D forward calculation. Polarization : 1.( 5183 sec )
# Calulate right-hand sides vectors consisting of interpolator vectors.( 5184 sec )
# Solve phase of matrix solver for right-hand sides consisting of interpolator vectors.( 5185 sec )
# Solve phase is performed simultaneously for 288 right-hand sides( 5185 sec )
# Calculate derivatives of EM field.( 5200 sec )
#==============================================================================
# Calculate response functions. ( 5230 sec )
# Calculate sensitivity matrix of frequency 100[Hz].( 5230 sec )
# Sensitivity matrix of frequency 100[Hz] is saved in the out-of-core file sensMatFreq17.
#==============================================================================
#================================================================================================
# Start forward calculation. Frequency : 158.48 [Hz], Polarization : Ex-polarization
#================================================================================================
# Start 3D forward calculation with 0th order 3D edge-based element.( 5231 sec )
# Number of equation = 475883, Number of equation after degeneration = 473549
# Calculating EM field of the boundary planes with 2D forward analysis.        
#-----------------------------[ Boundary Plane 2 ]-----------------------------
# Calculate electric field on a boundary plane with 0th order edge-based element.
# Number of equation = 514, Number of equation after degeneration = 470
# Set values of matrix and right hand side vector. ( 5231 sec )
# Numerical factorization phase of matrix solver for boundary plane. Polarization : 0 Plane : 2. ( 5231 sec )
# Solve phase of matrix solver for boundary plane. Polarization : 0 Plane : 2. ( 5231 sec )
#-----------------------------[ Boundary Plane 3 ]-----------------------------
# Calculate electric field on a boundary plane with 0th order edge-based element.
# Number of equation = 514, Number of equation after degeneration = 470
# Set values of matrix and right hand side vector. ( 5231 sec )
# Numerical factorization phase of matrix solver for boundary plane. Polarization : 0 Plane : 3. ( 5231 sec )
# Solve phase of matrix solver for boundary plane. Polarization : 0 Plane : 3. ( 5231 sec )
#------------------------------------------------------------------------------
# Set values of matrix and right hand side vector. ( 5231 sec )
# Numerical factorization phase of matrix solver for 3D forward calculation. Polarization : 0.( 5234 sec )
# Solve phase of matrix solver for 3D forward calculation. Polarization : 0.( 5267 sec )
# Calulate right-hand sides vectors consisting of interpolator vectors.( 5267 sec )
# Solve phase of matrix solver for right-hand sides consisting of interpolator vectors.( 5269 sec )
# Solve phase is performed simultaneously for 292 right-hand sides( 5269 sec )
# Calculate derivatives of EM field.( 5285 sec )
#================================================================================================
# Start forward calculation. Frequency : 158.48 [Hz], Polarization : Ey-polarization
#================================================================================================
# Start 3D forward calculation with 0th order 3D edge-based element.( 5315 sec )
# Number of equation = 475883, Number of equation after degeneration = 473549
# Calculating EM field of the boundary planes with 2D forward analysis.        
#-----------------------------[ Boundary Plane 0 ]-----------------------------
# Calculate electric field on a boundary plane with 0th order edge-based element.
# Number of equation = 520, Number of equation after degeneration = 476
# Set values of matrix and right hand side vector. ( 5315 sec )
# Numerical factorization phase of matrix solver for boundary plane. Polarization : 1 Plane : 0. ( 5315 sec )
# Solve phase of matrix solver for boundary plane. Polarization : 1 Plane : 0. ( 5315 sec )
#-----------------------------[ Boundary Plane 1 ]-----------------------------
# Calculate electric field on a boundary plane with 0th order edge-based element.
# Number of equation = 520, Number of equation after degeneration = 476
# Set values of matrix and right hand side vector. ( 5315 sec )
# Numerical factorization phase of matrix solver for boundary plane. Polarization : 1 Plane : 1. ( 5315 sec )
# Solve phase of matrix solver for boundary plane. Polarization : 1 Plane : 1. ( 5315 sec )
#------------------------------------------------------------------------------
# Set values of matrix and right hand side vector. ( 5315 sec )
# Numerical factorization phase of matrix solver for 3D forward calculation. Polarization : 1.( 5317 sec )
# Solve phase of matrix solver for 3D forward calculation. Polarization : 1.( 5350 sec )
# Calulate right-hand sides vectors consisting of interpolator vectors.( 5351 sec )
# Solve phase of matrix solver for right-hand sides consisting of interpolator vectors.( 5352 sec )
# Solve phase is performed simultaneously for 292 right-hand sides( 5352 sec )
# Calculate derivatives of EM field.( 5367 sec )
#==============================================================================
# Calculate response functions. ( 5397 sec )
# Calculate sensitivity matrix of frequency 158.48[Hz].( 5397 sec )
# Sensitivity matrix of frequency 158.48[Hz] is saved in the out-of-core file sensMatFreq18.
#==============================================================================
#================================================================================================
# Start forward calculation. Frequency : 251.18 [Hz], Polarization : Ex-polarization
#================================================================================================
# Start 3D forward calculation with 0th order 3D edge-based element.( 5398 sec )
# Number of equation = 475883, Number of equation after degeneration = 473549
# Calculating EM field of the boundary planes with 2D forward analysis.        
#-----------------------------[ Boundary Plane 2 ]-----------------------------
# Calculate electric field on a boundary plane with 0th order edge-based element.
# Number of equation = 514, Number of equation after degeneration = 470
# Set values of matrix and right hand side vector. ( 5398 sec )
# Numerical factorization phase of matrix solver for boundary plane. Polarization : 0 Plane : 2. ( 5398 sec )
# Solve phase of matrix solver for boundary plane. Polarization : 0 Plane : 2. ( 5398 sec )
#-----------------------------[ Boundary Plane 3 ]-----------------------------
# Calculate electric field on a boundary plane with 0th order edge-based element.
# Number of equation = 514, Number of equation after degeneration = 470
# Set values of matrix and right hand side vector. ( 5398 sec )
# Numerical factorization phase of matrix solver for boundary plane. Polarization : 0 Plane : 3. ( 5398 sec )
# Solve phase of matrix solver for boundary plane. Polarization : 0 Plane : 3. ( 5398 sec )
#------------------------------------------------------------------------------
# Set values of matrix and right hand side vector. ( 5398 sec )
# Numerical factorization phase of matrix solver for 3D forward calculation. Polarization : 0.( 5401 sec )
# Solve phase of matrix solver for 3D forward calculation. Polarization : 0.( 5434 sec )
# Calulate right-hand sides vectors consisting of interpolator vectors.( 5435 sec )
# Solve phase of matrix solver for right-hand sides consisting of interpolator vectors.( 5436 sec )
# Solve phase is performed simultaneously for 295 right-hand sides( 5436 sec )
# Calculate derivatives of EM field.( 5453 sec )
#================================================================================================
# Start forward calculation. Frequency : 251.18 [Hz], Polarization : Ey-polarization
#================================================================================================
# Start 3D forward calculation with 0th order 3D edge-based element.( 5482 sec )
# Number of equation = 475883, Number of equation after degeneration = 473549
# Calculating EM field of the boundary planes with 2D forward analysis.        
#-----------------------------[ Boundary Plane 0 ]-----------------------------
# Calculate electric field on a boundary plane with 0th order edge-based element.
# Number of equation = 520, Number of equation after degeneration = 476
# Set values of matrix and right hand side vector. ( 5482 sec )
# Numerical factorization phase of matrix solver for boundary plane. Polarization : 1 Plane : 0. ( 5482 sec )
# Solve phase of matrix solver for boundary plane. Polarization : 1 Plane : 0. ( 5482 sec )
#-----------------------------[ Boundary Plane 1 ]-----------------------------
# Calculate electric field on a boundary plane with 0th order edge-based element.
# Number of equation = 520, Number of equation after degeneration = 476
# Set values of matrix and right hand side vector. ( 5482 sec )
# Numerical factorization phase of matrix solver for boundary plane. Polarization : 1 Plane : 1. ( 5482 sec )
# Solve phase of matrix solver for boundary plane. Polarization : 1 Plane : 1. ( 5482 sec )
#------------------------------------------------------------------------------
# Set values of matrix and right hand side vector. ( 5482 sec )
# Numerical factorization phase of matrix solver for 3D forward calculation. Polarization : 1.( 5485 sec )
# Solve phase of matrix solver for 3D forward calculation. Polarization : 1.( 5518 sec )
# Calulate right-hand sides vectors consisting of interpolator vectors.( 5519 sec )
# Solve phase of matrix solver for right-hand sides consisting of interpolator vectors.( 5520 sec )
# Solve phase is performed simultaneously for 295 right-hand sides( 5520 sec )
# Calculate derivatives of EM field.( 5536 sec )
#==============================================================================
# Calculate response functions. ( 5565 sec )
# Calculate sensitivity matrix of frequency 251.18[Hz].( 5565 sec )
# Sensitivity matrix of frequency 251.18[Hz] is saved in the out-of-core file sensMatFreq19.
#==============================================================================
# Release memory of coefficient matrix and sparse solver. ( 5565 sec )
###############################################################################
# Start Inversion.  Iteration : 7
###############################################################################
# Number of model : 54779
# Number of frequencies of this PE : 3
# Calculate constraining matrix. ( 5568 sec )
# Analyse constraining matrix.( 5568 sec )
# Analyse transposed constraining matrix.( 5568 sec )
# Factorize constraining matrix.( 5569 sec )
# Factorize transposed constraining matrix.( 5569 sec )
# Number of data of this PE : 1508
# Read sensitivity matrix from sensMatFreq17.( 5569 sec )
# Multiply transposed sensitivity matrix by inverse of transposed constraining matrix. ( 5572 sec )
# Solve phase is performed simultaneously for 496 right-hand sides( 5572 sec )
# Read sensitivity matrix from sensMatFreq18.( 5574 sec )
# Multiply transposed sensitivity matrix by inverse of transposed constraining matrix. ( 5577 sec )
# Solve phase is performed simultaneously for 504 right-hand sides( 5577 sec )
# Read sensitivity matrix from sensMatFreq19.( 5579 sec )
# Multiply transposed sensitivity matrix by inverse of transposed constraining matrix. ( 5581 sec )
# Solve phase is performed simultaneously for 508 right-hand sides( 5581 sec )
# Calculate right-hand side vector. ( 5582 sec )
# Read sensitivity matrix from sensMatFreq17.( 5582 sec )
# Read sensitivity matrix from sensMatFreq18.( 5582 sec )
# Read sensitivity matrix from sensMatFreq19.( 5583 sec )
# Read sensitivity matrix from sensMatFreq17.( 5635 sec )
# Read sensitivity matrix from sensMatFreq18.( 5635 sec )
# Read sensitivity matrix from sensMatFreq19.( 5635 sec )
# Calculate model increments. ( 5635 sec )
###############################################################################
# Start Forward Computation.  Iteration : 8,  Retrial : 0
###############################################################################
#================================================================================================
# Start forward calculation. Frequency : 100 [Hz], Polarization : Ex-polarization
#================================================================================================
# Start 3D forward calculation with 0th order 3D edge-based element.( 5636 sec )
# Number of equation = 475883, Number of equation after degeneration = 473549
# Calculating EM field of the boundary planes with 2D forward analysis.        
#-----------------------------[ Boundary Plane 2 ]-----------------------------
# Calculate electric field on a boundary plane with 0th order edge-based element.
# Number of equation = 514, Number of equation after degeneration = 470
# Set values of matrix and right hand side vector. ( 5636 sec )
# Numerical factorization phase of matrix solver for boundary plane. Polarization : 0 Plane : 2. ( 5636 sec )
# Solve phase of matrix solver for boundary plane. Polarization : 0 Plane : 2. ( 5636 sec )
#-----------------------------[ Boundary Plane 3 ]-----------------------------
# Calculate electric field on a boundary plane with 0th order edge-based element.
# Number of equation = 514, Number of equation after degeneration = 470
# Set values of matrix and right hand side vector. ( 5636 sec )
# Numerical factorization phase of matrix solver for boundary plane. Polarization : 0 Plane : 3. ( 5636 sec )
# Solve phase of matrix solver for boundary plane. Polarization : 0 Plane : 3. ( 5636 sec )
#------------------------------------------------------------------------------
# Set matrix structure. ( 5636 sec )
# Anaysis phase of matrix solver for 3D forward calculation. Polarization : 0. ( 5640 sec )
#++++++++++++++++++++++++++++++++++++++++++++++++++++++++++++++++++++++++++++++++++++++++++++++++
# Total peak memory required during the analysis and symbolic factorization phase    : 577420 [KByte]
# Permanent memory required from the analysis phase to the solve phases              : 482301 [KByte]
# Total memory consumed by in-core forward solver for internal float point arrays    : 4.12264e+06 [KByte]
# Minimum memory consumed by out-core forward solver for internal float point arrays : 68619 [KByte]
#++++++++++++++++++++++++++++++++++++++++++++++++++++++++++++++++++++++++++++++++++++++++++++++++
# Set values of matrix and right hand side vector. ( 5643 sec )
# Numerical factorization phase of matrix solver for 3D forward calculation. Polarization : 0.( 5646 sec )
# Solve phase of matrix solver for 3D forward calculation. Polarization : 0.( 5679 sec )
# Calulate right-hand sides vectors consisting of interpolator vectors.( 5680 sec )
# Solve phase of matrix solver for right-hand sides consisting of interpolator vectors.( 5681 sec )
# Solve phase is performed simultaneously for 288 right-hand sides( 5681 sec )
# Calculate derivatives of EM field.( 5696 sec )
#================================================================================================
# Start forward calculation. Frequency : 100 [Hz], Polarization : Ey-polarization
#================================================================================================
# Start 3D forward calculation with 0th order 3D edge-based element.( 5727 sec )
# Number of equation = 475883, Number of equation after degeneration = 473549
# Calculating EM field of the boundary planes with 2D forward analysis.        
#-----------------------------[ Boundary Plane 0 ]-----------------------------
# Calculate electric field on a boundary plane with 0th order edge-based element.
# Number of equation = 520, Number of equation after degeneration = 476
# Set values of matrix and right hand side vector. ( 5727 sec )
# Numerical factorization phase of matrix solver for boundary plane. Polarization : 1 Plane : 0. ( 5727 sec )
# Solve phase of matrix solver for boundary plane. Polarization : 1 Plane : 0. ( 5727 sec )
#-----------------------------[ Boundary Plane 1 ]-----------------------------
# Calculate electric field on a boundary plane with 0th order edge-based element.
# Number of equation = 520, Number of equation after degeneration = 476
# Set values of matrix and right hand side vector. ( 5727 sec )
# Numerical factorization phase of matrix solver for boundary plane. Polarization : 1 Plane : 1. ( 5727 sec )
# Solve phase of matrix solver for boundary plane. Polarization : 1 Plane : 1. ( 5727 sec )
#------------------------------------------------------------------------------
# Set values of matrix and right hand side vector. ( 5727 sec )
# Numerical factorization phase of matrix solver for 3D forward calculation. Polarization : 1.( 5730 sec )
# Solve phase of matrix solver for 3D forward calculation. Polarization : 1.( 5763 sec )
# Calulate right-hand sides vectors consisting of interpolator vectors.( 5763 sec )
# Solve phase of matrix solver for right-hand sides consisting of interpolator vectors.( 5765 sec )
# Solve phase is performed simultaneously for 288 right-hand sides( 5765 sec )
# Calculate derivatives of EM field.( 5779 sec )
#==============================================================================
# Calculate response functions. ( 5810 sec )
# Calculate sensitivity matrix of frequency 100[Hz].( 5810 sec )
# Sensitivity matrix of frequency 100[Hz] is saved in the out-of-core file sensMatFreq17.
#==============================================================================
#================================================================================================
# Start forward calculation. Frequency : 158.48 [Hz], Polarization : Ex-polarization
#================================================================================================
# Start 3D forward calculation with 0th order 3D edge-based element.( 5811 sec )
# Number of equation = 475883, Number of equation after degeneration = 473549
# Calculating EM field of the boundary planes with 2D forward analysis.        
#-----------------------------[ Boundary Plane 2 ]-----------------------------
# Calculate electric field on a boundary plane with 0th order edge-based element.
# Number of equation = 514, Number of equation after degeneration = 470
# Set values of matrix and right hand side vector. ( 5811 sec )
# Numerical factorization phase of matrix solver for boundary plane. Polarization : 0 Plane : 2. ( 5811 sec )
# Solve phase of matrix solver for boundary plane. Polarization : 0 Plane : 2. ( 5811 sec )
#-----------------------------[ Boundary Plane 3 ]-----------------------------
# Calculate electric field on a boundary plane with 0th order edge-based element.
# Number of equation = 514, Number of equation after degeneration = 470
# Set values of matrix and right hand side vector. ( 5811 sec )
# Numerical factorization phase of matrix solver for boundary plane. Polarization : 0 Plane : 3. ( 5811 sec )
# Solve phase of matrix solver for boundary plane. Polarization : 0 Plane : 3. ( 5811 sec )
#------------------------------------------------------------------------------
# Set values of matrix and right hand side vector. ( 5811 sec )
# Numerical factorization phase of matrix solver for 3D forward calculation. Polarization : 0.( 5813 sec )
# Solve phase of matrix solver for 3D forward calculation. Polarization : 0.( 5846 sec )
# Calulate right-hand sides vectors consisting of interpolator vectors.( 5847 sec )
# Solve phase of matrix solver for right-hand sides consisting of interpolator vectors.( 5848 sec )
# Solve phase is performed simultaneously for 292 right-hand sides( 5848 sec )
# Calculate derivatives of EM field.( 5864 sec )
#================================================================================================
# Start forward calculation. Frequency : 158.48 [Hz], Polarization : Ey-polarization
#================================================================================================
# Start 3D forward calculation with 0th order 3D edge-based element.( 5894 sec )
# Number of equation = 475883, Number of equation after degeneration = 473549
# Calculating EM field of the boundary planes with 2D forward analysis.        
#-----------------------------[ Boundary Plane 0 ]-----------------------------
# Calculate electric field on a boundary plane with 0th order edge-based element.
# Number of equation = 520, Number of equation after degeneration = 476
# Set values of matrix and right hand side vector. ( 5894 sec )
# Numerical factorization phase of matrix solver for boundary plane. Polarization : 1 Plane : 0. ( 5894 sec )
# Solve phase of matrix solver for boundary plane. Polarization : 1 Plane : 0. ( 5894 sec )
#-----------------------------[ Boundary Plane 1 ]-----------------------------
# Calculate electric field on a boundary plane with 0th order edge-based element.
# Number of equation = 520, Number of equation after degeneration = 476
# Set values of matrix and right hand side vector. ( 5894 sec )
# Numerical factorization phase of matrix solver for boundary plane. Polarization : 1 Plane : 1. ( 5894 sec )
# Solve phase of matrix solver for boundary plane. Polarization : 1 Plane : 1. ( 5894 sec )
#------------------------------------------------------------------------------
# Set values of matrix and right hand side vector. ( 5894 sec )
# Numerical factorization phase of matrix solver for 3D forward calculation. Polarization : 1.( 5897 sec )
# Solve phase of matrix solver for 3D forward calculation. Polarization : 1.( 5930 sec )
# Calulate right-hand sides vectors consisting of interpolator vectors.( 5931 sec )
# Solve phase of matrix solver for right-hand sides consisting of interpolator vectors.( 5932 sec )
# Solve phase is performed simultaneously for 292 right-hand sides( 5932 sec )
# Calculate derivatives of EM field.( 5948 sec )
#==============================================================================
# Calculate response functions. ( 5977 sec )
# Calculate sensitivity matrix of frequency 158.48[Hz].( 5977 sec )
# Sensitivity matrix of frequency 158.48[Hz] is saved in the out-of-core file sensMatFreq18.
#==============================================================================
#================================================================================================
# Start forward calculation. Frequency : 251.18 [Hz], Polarization : Ex-polarization
#================================================================================================
# Start 3D forward calculation with 0th order 3D edge-based element.( 5978 sec )
# Number of equation = 475883, Number of equation after degeneration = 473549
# Calculating EM field of the boundary planes with 2D forward analysis.        
#-----------------------------[ Boundary Plane 2 ]-----------------------------
# Calculate electric field on a boundary plane with 0th order edge-based element.
# Number of equation = 514, Number of equation after degeneration = 470
# Set values of matrix and right hand side vector. ( 5978 sec )
# Numerical factorization phase of matrix solver for boundary plane. Polarization : 0 Plane : 2. ( 5978 sec )
# Solve phase of matrix solver for boundary plane. Polarization : 0 Plane : 2. ( 5978 sec )
#-----------------------------[ Boundary Plane 3 ]-----------------------------
# Calculate electric field on a boundary plane with 0th order edge-based element.
# Number of equation = 514, Number of equation after degeneration = 470
# Set values of matrix and right hand side vector. ( 5978 sec )
# Numerical factorization phase of matrix solver for boundary plane. Polarization : 0 Plane : 3. ( 5978 sec )
# Solve phase of matrix solver for boundary plane. Polarization : 0 Plane : 3. ( 5978 sec )
#------------------------------------------------------------------------------
# Set values of matrix and right hand side vector. ( 5978 sec )
# Numerical factorization phase of matrix solver for 3D forward calculation. Polarization : 0.( 5981 sec )
# Solve phase of matrix solver for 3D forward calculation. Polarization : 0.( 6014 sec )
# Calulate right-hand sides vectors consisting of interpolator vectors.( 6014 sec )
# Solve phase of matrix solver for right-hand sides consisting of interpolator vectors.( 6016 sec )
# Solve phase is performed simultaneously for 295 right-hand sides( 6016 sec )
# Calculate derivatives of EM field.( 6033 sec )
#================================================================================================
# Start forward calculation. Frequency : 251.18 [Hz], Polarization : Ey-polarization
#================================================================================================
# Start 3D forward calculation with 0th order 3D edge-based element.( 6060 sec )
# Number of equation = 475883, Number of equation after degeneration = 473549
# Calculating EM field of the boundary planes with 2D forward analysis.        
#-----------------------------[ Boundary Plane 0 ]-----------------------------
# Calculate electric field on a boundary plane with 0th order edge-based element.
# Number of equation = 520, Number of equation after degeneration = 476
# Set values of matrix and right hand side vector. ( 6060 sec )
# Numerical factorization phase of matrix solver for boundary plane. Polarization : 1 Plane : 0. ( 6060 sec )
# Solve phase of matrix solver for boundary plane. Polarization : 1 Plane : 0. ( 6060 sec )
#-----------------------------[ Boundary Plane 1 ]-----------------------------
# Calculate electric field on a boundary plane with 0th order edge-based element.
# Number of equation = 520, Number of equation after degeneration = 476
# Set values of matrix and right hand side vector. ( 6060 sec )
# Numerical factorization phase of matrix solver for boundary plane. Polarization : 1 Plane : 1. ( 6060 sec )
# Solve phase of matrix solver for boundary plane. Polarization : 1 Plane : 1. ( 6060 sec )
#------------------------------------------------------------------------------
# Set values of matrix and right hand side vector. ( 6060 sec )
# Numerical factorization phase of matrix solver for 3D forward calculation. Polarization : 1.( 6063 sec )
# Solve phase of matrix solver for 3D forward calculation. Polarization : 1.( 6096 sec )
# Calulate right-hand sides vectors consisting of interpolator vectors.( 6096 sec )
# Solve phase of matrix solver for right-hand sides consisting of interpolator vectors.( 6098 sec )
# Solve phase is performed simultaneously for 295 right-hand sides( 6098 sec )
# Calculate derivatives of EM field.( 6115 sec )
#==============================================================================
# Calculate response functions. ( 6141 sec )
# Calculate sensitivity matrix of frequency 251.18[Hz].( 6141 sec )
# Sensitivity matrix of frequency 251.18[Hz] is saved in the out-of-core file sensMatFreq19.
#==============================================================================
# Release memory of coefficient matrix and sparse solver. ( 6142 sec )
###############################################################################
# Start Inversion.  Iteration : 8
###############################################################################
# Number of model : 54779
# Number of frequencies of this PE : 3
# Calculate constraining matrix. ( 6144 sec )
# Analyse constraining matrix.( 6145 sec )
# Analyse transposed constraining matrix.( 6145 sec )
# Factorize constraining matrix.( 6145 sec )
# Factorize transposed constraining matrix.( 6145 sec )
# Number of data of this PE : 1508
# Read sensitivity matrix from sensMatFreq17.( 6145 sec )
# Multiply transposed sensitivity matrix by inverse of transposed constraining matrix. ( 6149 sec )
# Solve phase is performed simultaneously for 496 right-hand sides( 6149 sec )
# Read sensitivity matrix from sensMatFreq18.( 6150 sec )
# Multiply transposed sensitivity matrix by inverse of transposed constraining matrix. ( 6153 sec )
# Solve phase is performed simultaneously for 504 right-hand sides( 6153 sec )
# Read sensitivity matrix from sensMatFreq19.( 6155 sec )
# Multiply transposed sensitivity matrix by inverse of transposed constraining matrix. ( 6157 sec )
# Solve phase is performed simultaneously for 508 right-hand sides( 6157 sec )
# Calculate right-hand side vector. ( 6158 sec )
# Read sensitivity matrix from sensMatFreq17.( 6158 sec )
# Read sensitivity matrix from sensMatFreq18.( 6158 sec )
# Read sensitivity matrix from sensMatFreq19.( 6158 sec )
# Read sensitivity matrix from sensMatFreq17.( 6211 sec )
# Read sensitivity matrix from sensMatFreq18.( 6211 sec )
# Read sensitivity matrix from sensMatFreq19.( 6211 sec )
# Calculate model increments. ( 6211 sec )
###############################################################################
# Start Forward Computation.  Iteration : 9,  Retrial : 0
###############################################################################
#================================================================================================
# Start forward calculation. Frequency : 100 [Hz], Polarization : Ex-polarization
#================================================================================================
# Start 3D forward calculation with 0th order 3D edge-based element.( 6212 sec )
# Number of equation = 475883, Number of equation after degeneration = 473549
# Calculating EM field of the boundary planes with 2D forward analysis.        
#-----------------------------[ Boundary Plane 2 ]-----------------------------
# Calculate electric field on a boundary plane with 0th order edge-based element.
# Number of equation = 514, Number of equation after degeneration = 470
# Set values of matrix and right hand side vector. ( 6212 sec )
# Numerical factorization phase of matrix solver for boundary plane. Polarization : 0 Plane : 2. ( 6212 sec )
# Solve phase of matrix solver for boundary plane. Polarization : 0 Plane : 2. ( 6212 sec )
#-----------------------------[ Boundary Plane 3 ]-----------------------------
# Calculate electric field on a boundary plane with 0th order edge-based element.
# Number of equation = 514, Number of equation after degeneration = 470
# Set values of matrix and right hand side vector. ( 6212 sec )
# Numerical factorization phase of matrix solver for boundary plane. Polarization : 0 Plane : 3. ( 6212 sec )
# Solve phase of matrix solver for boundary plane. Polarization : 0 Plane : 3. ( 6212 sec )
#------------------------------------------------------------------------------
# Set matrix structure. ( 6212 sec )
# Anaysis phase of matrix solver for 3D forward calculation. Polarization : 0. ( 6216 sec )
#++++++++++++++++++++++++++++++++++++++++++++++++++++++++++++++++++++++++++++++++++++++++++++++++
# Total peak memory required during the analysis and symbolic factorization phase    : 577972 [KByte]
# Permanent memory required from the analysis phase to the solve phases              : 482764 [KByte]
# Total memory consumed by in-core forward solver for internal float point arrays    : 4.1215e+06 [KByte]
# Minimum memory consumed by out-core forward solver for internal float point arrays : 68294 [KByte]
#++++++++++++++++++++++++++++++++++++++++++++++++++++++++++++++++++++++++++++++++++++++++++++++++
# Set values of matrix and right hand side vector. ( 6220 sec )
# Numerical factorization phase of matrix solver for 3D forward calculation. Polarization : 0.( 6222 sec )
# Solve phase of matrix solver for 3D forward calculation. Polarization : 0.( 6256 sec )
# Calulate right-hand sides vectors consisting of interpolator vectors.( 6256 sec )
# Solve phase of matrix solver for right-hand sides consisting of interpolator vectors.( 6258 sec )
# Solve phase is performed simultaneously for 288 right-hand sides( 6258 sec )
# Calculate derivatives of EM field.( 6273 sec )
#================================================================================================
# Start forward calculation. Frequency : 100 [Hz], Polarization : Ey-polarization
#================================================================================================
# Start 3D forward calculation with 0th order 3D edge-based element.( 6304 sec )
# Number of equation = 475883, Number of equation after degeneration = 473549
# Calculating EM field of the boundary planes with 2D forward analysis.        
#-----------------------------[ Boundary Plane 0 ]-----------------------------
# Calculate electric field on a boundary plane with 0th order edge-based element.
# Number of equation = 520, Number of equation after degeneration = 476
# Set values of matrix and right hand side vector. ( 6304 sec )
# Numerical factorization phase of matrix solver for boundary plane. Polarization : 1 Plane : 0. ( 6304 sec )
# Solve phase of matrix solver for boundary plane. Polarization : 1 Plane : 0. ( 6304 sec )
#-----------------------------[ Boundary Plane 1 ]-----------------------------
# Calculate electric field on a boundary plane with 0th order edge-based element.
# Number of equation = 520, Number of equation after degeneration = 476
# Set values of matrix and right hand side vector. ( 6304 sec )
# Numerical factorization phase of matrix solver for boundary plane. Polarization : 1 Plane : 1. ( 6304 sec )
# Solve phase of matrix solver for boundary plane. Polarization : 1 Plane : 1. ( 6304 sec )
#------------------------------------------------------------------------------
# Set values of matrix and right hand side vector. ( 6304 sec )
# Numerical factorization phase of matrix solver for 3D forward calculation. Polarization : 1.( 6306 sec )
# Solve phase of matrix solver for 3D forward calculation. Polarization : 1.( 6340 sec )
# Calulate right-hand sides vectors consisting of interpolator vectors.( 6340 sec )
# Solve phase of matrix solver for right-hand sides consisting of interpolator vectors.( 6342 sec )
# Solve phase is performed simultaneously for 288 right-hand sides( 6342 sec )
# Calculate derivatives of EM field.( 6357 sec )
#==============================================================================
# Calculate response functions. ( 6387 sec )
# Calculate sensitivity matrix of frequency 100[Hz].( 6387 sec )
# Sensitivity matrix of frequency 100[Hz] is saved in the out-of-core file sensMatFreq17.
#==============================================================================
#================================================================================================
# Start forward calculation. Frequency : 158.48 [Hz], Polarization : Ex-polarization
#================================================================================================
# Start 3D forward calculation with 0th order 3D edge-based element.( 6389 sec )
# Number of equation = 475883, Number of equation after degeneration = 473549
# Calculating EM field of the boundary planes with 2D forward analysis.        
#-----------------------------[ Boundary Plane 2 ]-----------------------------
# Calculate electric field on a boundary plane with 0th order edge-based element.
# Number of equation = 514, Number of equation after degeneration = 470
# Set values of matrix and right hand side vector. ( 6389 sec )
# Numerical factorization phase of matrix solver for boundary plane. Polarization : 0 Plane : 2. ( 6389 sec )
# Solve phase of matrix solver for boundary plane. Polarization : 0 Plane : 2. ( 6389 sec )
#-----------------------------[ Boundary Plane 3 ]-----------------------------
# Calculate electric field on a boundary plane with 0th order edge-based element.
# Number of equation = 514, Number of equation after degeneration = 470
# Set values of matrix and right hand side vector. ( 6389 sec )
# Numerical factorization phase of matrix solver for boundary plane. Polarization : 0 Plane : 3. ( 6389 sec )
# Solve phase of matrix solver for boundary plane. Polarization : 0 Plane : 3. ( 6389 sec )
#------------------------------------------------------------------------------
# Set values of matrix and right hand side vector. ( 6389 sec )
# Numerical factorization phase of matrix solver for 3D forward calculation. Polarization : 0.( 6391 sec )
# Solve phase of matrix solver for 3D forward calculation. Polarization : 0.( 6425 sec )
# Calulate right-hand sides vectors consisting of interpolator vectors.( 6425 sec )
# Solve phase of matrix solver for right-hand sides consisting of interpolator vectors.( 6427 sec )
# Solve phase is performed simultaneously for 292 right-hand sides( 6427 sec )
# Calculate derivatives of EM field.( 6443 sec )
#================================================================================================
# Start forward calculation. Frequency : 158.48 [Hz], Polarization : Ey-polarization
#================================================================================================
# Start 3D forward calculation with 0th order 3D edge-based element.( 6473 sec )
# Number of equation = 475883, Number of equation after degeneration = 473549
# Calculating EM field of the boundary planes with 2D forward analysis.        
#-----------------------------[ Boundary Plane 0 ]-----------------------------
# Calculate electric field on a boundary plane with 0th order edge-based element.
# Number of equation = 520, Number of equation after degeneration = 476
# Set values of matrix and right hand side vector. ( 6473 sec )
# Numerical factorization phase of matrix solver for boundary plane. Polarization : 1 Plane : 0. ( 6473 sec )
# Solve phase of matrix solver for boundary plane. Polarization : 1 Plane : 0. ( 6473 sec )
#-----------------------------[ Boundary Plane 1 ]-----------------------------
# Calculate electric field on a boundary plane with 0th order edge-based element.
# Number of equation = 520, Number of equation after degeneration = 476
# Set values of matrix and right hand side vector. ( 6473 sec )
# Numerical factorization phase of matrix solver for boundary plane. Polarization : 1 Plane : 1. ( 6473 sec )
# Solve phase of matrix solver for boundary plane. Polarization : 1 Plane : 1. ( 6473 sec )
#------------------------------------------------------------------------------
# Set values of matrix and right hand side vector. ( 6473 sec )
# Numerical factorization phase of matrix solver for 3D forward calculation. Polarization : 1.( 6475 sec )
# Solve phase of matrix solver for 3D forward calculation. Polarization : 1.( 6508 sec )
# Calulate right-hand sides vectors consisting of interpolator vectors.( 6509 sec )
# Solve phase of matrix solver for right-hand sides consisting of interpolator vectors.( 6510 sec )
# Solve phase is performed simultaneously for 292 right-hand sides( 6510 sec )
# Calculate derivatives of EM field.( 6526 sec )
#==============================================================================
# Calculate response functions. ( 6555 sec )
# Calculate sensitivity matrix of frequency 158.48[Hz].( 6555 sec )
# Sensitivity matrix of frequency 158.48[Hz] is saved in the out-of-core file sensMatFreq18.
#==============================================================================
#================================================================================================
# Start forward calculation. Frequency : 251.18 [Hz], Polarization : Ex-polarization
#================================================================================================
# Start 3D forward calculation with 0th order 3D edge-based element.( 6556 sec )
# Number of equation = 475883, Number of equation after degeneration = 473549
# Calculating EM field of the boundary planes with 2D forward analysis.        
#-----------------------------[ Boundary Plane 2 ]-----------------------------
# Calculate electric field on a boundary plane with 0th order edge-based element.
# Number of equation = 514, Number of equation after degeneration = 470
# Set values of matrix and right hand side vector. ( 6556 sec )
# Numerical factorization phase of matrix solver for boundary plane. Polarization : 0 Plane : 2. ( 6556 sec )
# Solve phase of matrix solver for boundary plane. Polarization : 0 Plane : 2. ( 6556 sec )
#-----------------------------[ Boundary Plane 3 ]-----------------------------
# Calculate electric field on a boundary plane with 0th order edge-based element.
# Number of equation = 514, Number of equation after degeneration = 470
# Set values of matrix and right hand side vector. ( 6556 sec )
# Numerical factorization phase of matrix solver for boundary plane. Polarization : 0 Plane : 3. ( 6556 sec )
# Solve phase of matrix solver for boundary plane. Polarization : 0 Plane : 3. ( 6556 sec )
#------------------------------------------------------------------------------
# Set values of matrix and right hand side vector. ( 6556 sec )
# Numerical factorization phase of matrix solver for 3D forward calculation. Polarization : 0.( 6558 sec )
# Solve phase of matrix solver for 3D forward calculation. Polarization : 0.( 6591 sec )
# Calulate right-hand sides vectors consisting of interpolator vectors.( 6592 sec )
# Solve phase of matrix solver for right-hand sides consisting of interpolator vectors.( 6593 sec )
# Solve phase is performed simultaneously for 295 right-hand sides( 6593 sec )
# Calculate derivatives of EM field.( 6611 sec )
#================================================================================================
# Start forward calculation. Frequency : 251.18 [Hz], Polarization : Ey-polarization
#================================================================================================
# Start 3D forward calculation with 0th order 3D edge-based element.( 6637 sec )
# Number of equation = 475883, Number of equation after degeneration = 473549
# Calculating EM field of the boundary planes with 2D forward analysis.        
#-----------------------------[ Boundary Plane 0 ]-----------------------------
# Calculate electric field on a boundary plane with 0th order edge-based element.
# Number of equation = 520, Number of equation after degeneration = 476
# Set values of matrix and right hand side vector. ( 6637 sec )
# Numerical factorization phase of matrix solver for boundary plane. Polarization : 1 Plane : 0. ( 6637 sec )
# Solve phase of matrix solver for boundary plane. Polarization : 1 Plane : 0. ( 6637 sec )
#-----------------------------[ Boundary Plane 1 ]-----------------------------
# Calculate electric field on a boundary plane with 0th order edge-based element.
# Number of equation = 520, Number of equation after degeneration = 476
# Set values of matrix and right hand side vector. ( 6637 sec )
# Numerical factorization phase of matrix solver for boundary plane. Polarization : 1 Plane : 1. ( 6637 sec )
# Solve phase of matrix solver for boundary plane. Polarization : 1 Plane : 1. ( 6637 sec )
#------------------------------------------------------------------------------
# Set values of matrix and right hand side vector. ( 6637 sec )
# Numerical factorization phase of matrix solver for 3D forward calculation. Polarization : 1.( 6640 sec )
# Solve phase of matrix solver for 3D forward calculation. Polarization : 1.( 6672 sec )
# Calulate right-hand sides vectors consisting of interpolator vectors.( 6673 sec )
# Solve phase of matrix solver for right-hand sides consisting of interpolator vectors.( 6674 sec )
# Solve phase is performed simultaneously for 295 right-hand sides( 6674 sec )
# Calculate derivatives of EM field.( 6691 sec )
#==============================================================================
# Calculate response functions. ( 6716 sec )
# Calculate sensitivity matrix of frequency 251.18[Hz].( 6716 sec )
# Sensitivity matrix of frequency 251.18[Hz] is saved in the out-of-core file sensMatFreq19.
#==============================================================================
# Release memory of coefficient matrix and sparse solver. ( 6717 sec )
###############################################################################
# Start Inversion.  Iteration : 9
###############################################################################
# Number of model : 54779
# Number of frequencies of this PE : 3
# Calculate constraining matrix. ( 6720 sec )
# Analyse constraining matrix.( 6720 sec )
# Analyse transposed constraining matrix.( 6720 sec )
# Factorize constraining matrix.( 6720 sec )
# Factorize transposed constraining matrix.( 6720 sec )
# Number of data of this PE : 1508
# Read sensitivity matrix from sensMatFreq17.( 6721 sec )
# Multiply transposed sensitivity matrix by inverse of transposed constraining matrix. ( 6724 sec )
# Solve phase is performed simultaneously for 496 right-hand sides( 6724 sec )
# Read sensitivity matrix from sensMatFreq18.( 6725 sec )
# Multiply transposed sensitivity matrix by inverse of transposed constraining matrix. ( 6728 sec )
# Solve phase is performed simultaneously for 504 right-hand sides( 6728 sec )
# Read sensitivity matrix from sensMatFreq19.( 6729 sec )
# Multiply transposed sensitivity matrix by inverse of transposed constraining matrix. ( 6731 sec )
# Solve phase is performed simultaneously for 508 right-hand sides( 6731 sec )
# Calculate right-hand side vector. ( 6733 sec )
# Read sensitivity matrix from sensMatFreq17.( 6733 sec )
# Read sensitivity matrix from sensMatFreq18.( 6733 sec )
# Read sensitivity matrix from sensMatFreq19.( 6733 sec )
# Read sensitivity matrix from sensMatFreq17.( 6785 sec )
# Read sensitivity matrix from sensMatFreq18.( 6785 sec )
# Read sensitivity matrix from sensMatFreq19.( 6785 sec )
# Calculate model increments. ( 6785 sec )
###############################################################################
# Start Forward Computation.  Iteration : 10,  Retrial : 0
###############################################################################
#================================================================================================
# Start forward calculation. Frequency : 100 [Hz], Polarization : Ex-polarization
#================================================================================================
# Start 3D forward calculation with 0th order 3D edge-based element.( 6786 sec )
# Number of equation = 475883, Number of equation after degeneration = 473549
# Calculating EM field of the boundary planes with 2D forward analysis.        
#-----------------------------[ Boundary Plane 2 ]-----------------------------
# Calculate electric field on a boundary plane with 0th order edge-based element.
# Number of equation = 514, Number of equation after degeneration = 470
# Set values of matrix and right hand side vector. ( 6786 sec )
# Numerical factorization phase of matrix solver for boundary plane. Polarization : 0 Plane : 2. ( 6786 sec )
# Solve phase of matrix solver for boundary plane. Polarization : 0 Plane : 2. ( 6786 sec )
#-----------------------------[ Boundary Plane 3 ]-----------------------------
# Calculate electric field on a boundary plane with 0th order edge-based element.
# Number of equation = 514, Number of equation after degeneration = 470
# Set values of matrix and right hand side vector. ( 6786 sec )
# Numerical factorization phase of matrix solver for boundary plane. Polarization : 0 Plane : 3. ( 6786 sec )
# Solve phase of matrix solver for boundary plane. Polarization : 0 Plane : 3. ( 6786 sec )
#------------------------------------------------------------------------------
# Set matrix structure. ( 6786 sec )
# Anaysis phase of matrix solver for 3D forward calculation. Polarization : 0. ( 6790 sec )
#++++++++++++++++++++++++++++++++++++++++++++++++++++++++++++++++++++++++++++++++++++++++++++++++
# Total peak memory required during the analysis and symbolic factorization phase    : 577935 [KByte]
# Permanent memory required from the analysis phase to the solve phases              : 482564 [KByte]
# Total memory consumed by in-core forward solver for internal float point arrays    : 4.12512e+06 [KByte]
# Minimum memory consumed by out-core forward solver for internal float point arrays : 68367 [KByte]
#++++++++++++++++++++++++++++++++++++++++++++++++++++++++++++++++++++++++++++++++++++++++++++++++
# Set values of matrix and right hand side vector. ( 6793 sec )
# Numerical factorization phase of matrix solver for 3D forward calculation. Polarization : 0.( 6796 sec )
# Solve phase of matrix solver for 3D forward calculation. Polarization : 0.( 6830 sec )
# Calulate right-hand sides vectors consisting of interpolator vectors.( 6830 sec )
# Solve phase of matrix solver for right-hand sides consisting of interpolator vectors.( 6832 sec )
# Solve phase is performed simultaneously for 288 right-hand sides( 6832 sec )
# Calculate derivatives of EM field.( 6846 sec )
#================================================================================================
# Start forward calculation. Frequency : 100 [Hz], Polarization : Ey-polarization
#================================================================================================
# Start 3D forward calculation with 0th order 3D edge-based element.( 6877 sec )
# Number of equation = 475883, Number of equation after degeneration = 473549
# Calculating EM field of the boundary planes with 2D forward analysis.        
#-----------------------------[ Boundary Plane 0 ]-----------------------------
# Calculate electric field on a boundary plane with 0th order edge-based element.
# Number of equation = 520, Number of equation after degeneration = 476
# Set values of matrix and right hand side vector. ( 6877 sec )
# Numerical factorization phase of matrix solver for boundary plane. Polarization : 1 Plane : 0. ( 6877 sec )
# Solve phase of matrix solver for boundary plane. Polarization : 1 Plane : 0. ( 6877 sec )
#-----------------------------[ Boundary Plane 1 ]-----------------------------
# Calculate electric field on a boundary plane with 0th order edge-based element.
# Number of equation = 520, Number of equation after degeneration = 476
# Set values of matrix and right hand side vector. ( 6877 sec )
# Numerical factorization phase of matrix solver for boundary plane. Polarization : 1 Plane : 1. ( 6877 sec )
# Solve phase of matrix solver for boundary plane. Polarization : 1 Plane : 1. ( 6877 sec )
#------------------------------------------------------------------------------
# Set values of matrix and right hand side vector. ( 6877 sec )
# Numerical factorization phase of matrix solver for 3D forward calculation. Polarization : 1.( 6880 sec )
# Solve phase of matrix solver for 3D forward calculation. Polarization : 1.( 6913 sec )
# Calulate right-hand sides vectors consisting of interpolator vectors.( 6913 sec )
# Solve phase of matrix solver for right-hand sides consisting of interpolator vectors.( 6915 sec )
# Solve phase is performed simultaneously for 288 right-hand sides( 6915 sec )
# Calculate derivatives of EM field.( 6930 sec )
#==============================================================================
# Calculate response functions. ( 6960 sec )
# Calculate sensitivity matrix of frequency 100[Hz].( 6960 sec )
# Sensitivity matrix of frequency 100[Hz] is saved in the out-of-core file sensMatFreq17.
#==============================================================================
#================================================================================================
# Start forward calculation. Frequency : 158.48 [Hz], Polarization : Ex-polarization
#================================================================================================
# Start 3D forward calculation with 0th order 3D edge-based element.( 6961 sec )
# Number of equation = 475883, Number of equation after degeneration = 473549
# Calculating EM field of the boundary planes with 2D forward analysis.        
#-----------------------------[ Boundary Plane 2 ]-----------------------------
# Calculate electric field on a boundary plane with 0th order edge-based element.
# Number of equation = 514, Number of equation after degeneration = 470
# Set values of matrix and right hand side vector. ( 6961 sec )
# Numerical factorization phase of matrix solver for boundary plane. Polarization : 0 Plane : 2. ( 6961 sec )
# Solve phase of matrix solver for boundary plane. Polarization : 0 Plane : 2. ( 6961 sec )
#-----------------------------[ Boundary Plane 3 ]-----------------------------
# Calculate electric field on a boundary plane with 0th order edge-based element.
# Number of equation = 514, Number of equation after degeneration = 470
# Set values of matrix and right hand side vector. ( 6961 sec )
# Numerical factorization phase of matrix solver for boundary plane. Polarization : 0 Plane : 3. ( 6961 sec )
# Solve phase of matrix solver for boundary plane. Polarization : 0 Plane : 3. ( 6961 sec )
#------------------------------------------------------------------------------
# Set values of matrix and right hand side vector. ( 6961 sec )
# Numerical factorization phase of matrix solver for 3D forward calculation. Polarization : 0.( 6964 sec )
# Solve phase of matrix solver for 3D forward calculation. Polarization : 0.( 6997 sec )
# Calulate right-hand sides vectors consisting of interpolator vectors.( 6997 sec )
# Solve phase of matrix solver for right-hand sides consisting of interpolator vectors.( 6999 sec )
# Solve phase is performed simultaneously for 292 right-hand sides( 6999 sec )
# Calculate derivatives of EM field.( 7015 sec )
#================================================================================================
# Start forward calculation. Frequency : 158.48 [Hz], Polarization : Ey-polarization
#================================================================================================
# Start 3D forward calculation with 0th order 3D edge-based element.( 7045 sec )
# Number of equation = 475883, Number of equation after degeneration = 473549
# Calculating EM field of the boundary planes with 2D forward analysis.        
#-----------------------------[ Boundary Plane 0 ]-----------------------------
# Calculate electric field on a boundary plane with 0th order edge-based element.
# Number of equation = 520, Number of equation after degeneration = 476
# Set values of matrix and right hand side vector. ( 7045 sec )
# Numerical factorization phase of matrix solver for boundary plane. Polarization : 1 Plane : 0. ( 7045 sec )
# Solve phase of matrix solver for boundary plane. Polarization : 1 Plane : 0. ( 7045 sec )
#-----------------------------[ Boundary Plane 1 ]-----------------------------
# Calculate electric field on a boundary plane with 0th order edge-based element.
# Number of equation = 520, Number of equation after degeneration = 476
# Set values of matrix and right hand side vector. ( 7045 sec )
# Numerical factorization phase of matrix solver for boundary plane. Polarization : 1 Plane : 1. ( 7045 sec )
# Solve phase of matrix solver for boundary plane. Polarization : 1 Plane : 1. ( 7045 sec )
#------------------------------------------------------------------------------
# Set values of matrix and right hand side vector. ( 7045 sec )
# Numerical factorization phase of matrix solver for 3D forward calculation. Polarization : 1.( 7048 sec )
# Solve phase of matrix solver for 3D forward calculation. Polarization : 1.( 7081 sec )
# Calulate right-hand sides vectors consisting of interpolator vectors.( 7081 sec )
# Solve phase of matrix solver for right-hand sides consisting of interpolator vectors.( 7083 sec )
# Solve phase is performed simultaneously for 292 right-hand sides( 7083 sec )
# Calculate derivatives of EM field.( 7098 sec )
#==============================================================================
# Calculate response functions. ( 7128 sec )
# Calculate sensitivity matrix of frequency 158.48[Hz].( 7128 sec )
# Sensitivity matrix of frequency 158.48[Hz] is saved in the out-of-core file sensMatFreq18.
#==============================================================================
#================================================================================================
# Start forward calculation. Frequency : 251.18 [Hz], Polarization : Ex-polarization
#================================================================================================
# Start 3D forward calculation with 0th order 3D edge-based element.( 7129 sec )
# Number of equation = 475883, Number of equation after degeneration = 473549
# Calculating EM field of the boundary planes with 2D forward analysis.        
#-----------------------------[ Boundary Plane 2 ]-----------------------------
# Calculate electric field on a boundary plane with 0th order edge-based element.
# Number of equation = 514, Number of equation after degeneration = 470
# Set values of matrix and right hand side vector. ( 7129 sec )
# Numerical factorization phase of matrix solver for boundary plane. Polarization : 0 Plane : 2. ( 7129 sec )
# Solve phase of matrix solver for boundary plane. Polarization : 0 Plane : 2. ( 7129 sec )
#-----------------------------[ Boundary Plane 3 ]-----------------------------
# Calculate electric field on a boundary plane with 0th order edge-based element.
# Number of equation = 514, Number of equation after degeneration = 470
# Set values of matrix and right hand side vector. ( 7129 sec )
# Numerical factorization phase of matrix solver for boundary plane. Polarization : 0 Plane : 3. ( 7129 sec )
# Solve phase of matrix solver for boundary plane. Polarization : 0 Plane : 3. ( 7129 sec )
#------------------------------------------------------------------------------
# Set values of matrix and right hand side vector. ( 7129 sec )
# Numerical factorization phase of matrix solver for 3D forward calculation. Polarization : 0.( 7132 sec )
# Solve phase of matrix solver for 3D forward calculation. Polarization : 0.( 7165 sec )
# Calulate right-hand sides vectors consisting of interpolator vectors.( 7165 sec )
# Solve phase of matrix solver for right-hand sides consisting of interpolator vectors.( 7167 sec )
# Solve phase is performed simultaneously for 295 right-hand sides( 7167 sec )
# Calculate derivatives of EM field.( 7184 sec )
#================================================================================================
# Start forward calculation. Frequency : 251.18 [Hz], Polarization : Ey-polarization
#================================================================================================
# Start 3D forward calculation with 0th order 3D edge-based element.( 7212 sec )
# Number of equation = 475883, Number of equation after degeneration = 473549
# Calculating EM field of the boundary planes with 2D forward analysis.        
#-----------------------------[ Boundary Plane 0 ]-----------------------------
# Calculate electric field on a boundary plane with 0th order edge-based element.
# Number of equation = 520, Number of equation after degeneration = 476
# Set values of matrix and right hand side vector. ( 7212 sec )
# Numerical factorization phase of matrix solver for boundary plane. Polarization : 1 Plane : 0. ( 7212 sec )
# Solve phase of matrix solver for boundary plane. Polarization : 1 Plane : 0. ( 7212 sec )
#-----------------------------[ Boundary Plane 1 ]-----------------------------
# Calculate electric field on a boundary plane with 0th order edge-based element.
# Number of equation = 520, Number of equation after degeneration = 476
# Set values of matrix and right hand side vector. ( 7212 sec )
# Numerical factorization phase of matrix solver for boundary plane. Polarization : 1 Plane : 1. ( 7212 sec )
# Solve phase of matrix solver for boundary plane. Polarization : 1 Plane : 1. ( 7212 sec )
#------------------------------------------------------------------------------
# Set values of matrix and right hand side vector. ( 7212 sec )
# Numerical factorization phase of matrix solver for 3D forward calculation. Polarization : 1.( 7215 sec )
# Solve phase of matrix solver for 3D forward calculation. Polarization : 1.( 7248 sec )
# Calulate right-hand sides vectors consisting of interpolator vectors.( 7248 sec )
# Solve phase of matrix solver for right-hand sides consisting of interpolator vectors.( 7250 sec )
# Solve phase is performed simultaneously for 295 right-hand sides( 7250 sec )
# Calculate derivatives of EM field.( 7266 sec )
#==============================================================================
# Calculate response functions. ( 7294 sec )
# Calculate sensitivity matrix of frequency 251.18[Hz].( 7294 sec )
# Sensitivity matrix of frequency 251.18[Hz] is saved in the out-of-core file sensMatFreq19.
#==============================================================================
# Release memory of coefficient matrix and sparse solver. ( 7295 sec )
###############################################################################
# Start Inversion.  Iteration : 10
###############################################################################
# Number of model : 54779
# Number of frequencies of this PE : 3
# Calculate constraining matrix. ( 7297 sec )
# Analyse constraining matrix.( 7297 sec )
# Analyse transposed constraining matrix.( 7298 sec )
# Factorize constraining matrix.( 7298 sec )
# Factorize transposed constraining matrix.( 7298 sec )
# Number of data of this PE : 1508
# Read sensitivity matrix from sensMatFreq17.( 7298 sec )
# Multiply transposed sensitivity matrix by inverse of transposed constraining matrix. ( 7301 sec )
# Solve phase is performed simultaneously for 496 right-hand sides( 7301 sec )
# Read sensitivity matrix from sensMatFreq18.( 7303 sec )
# Multiply transposed sensitivity matrix by inverse of transposed constraining matrix. ( 7306 sec )
# Solve phase is performed simultaneously for 504 right-hand sides( 7306 sec )
# Read sensitivity matrix from sensMatFreq19.( 7308 sec )
# Multiply transposed sensitivity matrix by inverse of transposed constraining matrix. ( 7310 sec )
# Solve phase is performed simultaneously for 508 right-hand sides( 7310 sec )
# Calculate right-hand side vector. ( 7311 sec )
# Read sensitivity matrix from sensMatFreq17.( 7311 sec )
# Read sensitivity matrix from sensMatFreq18.( 7311 sec )
# Read sensitivity matrix from sensMatFreq19.( 7311 sec )
# Read sensitivity matrix from sensMatFreq17.( 7365 sec )
# Read sensitivity matrix from sensMatFreq18.( 7365 sec )
# Read sensitivity matrix from sensMatFreq19.( 7365 sec )
# Calculate model increments. ( 7366 sec )
###############################################################################
# Start Forward Computation.  Iteration : 11,  Retrial : 0
###############################################################################
#================================================================================================
# Start forward calculation. Frequency : 100 [Hz], Polarization : Ex-polarization
#================================================================================================
# Start 3D forward calculation with 0th order 3D edge-based element.( 7367 sec )
# Number of equation = 475883, Number of equation after degeneration = 473549
# Calculating EM field of the boundary planes with 2D forward analysis.        
#-----------------------------[ Boundary Plane 2 ]-----------------------------
# Calculate electric field on a boundary plane with 0th order edge-based element.
# Number of equation = 514, Number of equation after degeneration = 470
# Set values of matrix and right hand side vector. ( 7367 sec )
# Numerical factorization phase of matrix solver for boundary plane. Polarization : 0 Plane : 2. ( 7367 sec )
# Solve phase of matrix solver for boundary plane. Polarization : 0 Plane : 2. ( 7367 sec )
#-----------------------------[ Boundary Plane 3 ]-----------------------------
# Calculate electric field on a boundary plane with 0th order edge-based element.
# Number of equation = 514, Number of equation after degeneration = 470
# Set values of matrix and right hand side vector. ( 7367 sec )
# Numerical factorization phase of matrix solver for boundary plane. Polarization : 0 Plane : 3. ( 7367 sec )
# Solve phase of matrix solver for boundary plane. Polarization : 0 Plane : 3. ( 7367 sec )
#------------------------------------------------------------------------------
# Set matrix structure. ( 7367 sec )
# Anaysis phase of matrix solver for 3D forward calculation. Polarization : 0. ( 7371 sec )
#++++++++++++++++++++++++++++++++++++++++++++++++++++++++++++++++++++++++++++++++++++++++++++++++
# Total peak memory required during the analysis and symbolic factorization phase    : 577883 [KByte]
# Permanent memory required from the analysis phase to the solve phases              : 482548 [KByte]
# Total memory consumed by in-core forward solver for internal float point arrays    : 4.14519e+06 [KByte]
# Minimum memory consumed by out-core forward solver for internal float point arrays : 68400 [KByte]
#++++++++++++++++++++++++++++++++++++++++++++++++++++++++++++++++++++++++++++++++++++++++++++++++
# Set values of matrix and right hand side vector. ( 7374 sec )
# Numerical factorization phase of matrix solver for 3D forward calculation. Polarization : 0.( 7377 sec )
# Solve phase of matrix solver for 3D forward calculation. Polarization : 0.( 7410 sec )
# Calulate right-hand sides vectors consisting of interpolator vectors.( 7411 sec )
# Solve phase of matrix solver for right-hand sides consisting of interpolator vectors.( 7412 sec )
# Solve phase is performed simultaneously for 288 right-hand sides( 7412 sec )
# Calculate derivatives of EM field.( 7427 sec )
#================================================================================================
# Start forward calculation. Frequency : 100 [Hz], Polarization : Ey-polarization
#================================================================================================
# Start 3D forward calculation with 0th order 3D edge-based element.( 7458 sec )
# Number of equation = 475883, Number of equation after degeneration = 473549
# Calculating EM field of the boundary planes with 2D forward analysis.        
#-----------------------------[ Boundary Plane 0 ]-----------------------------
# Calculate electric field on a boundary plane with 0th order edge-based element.
# Number of equation = 520, Number of equation after degeneration = 476
# Set values of matrix and right hand side vector. ( 7458 sec )
# Numerical factorization phase of matrix solver for boundary plane. Polarization : 1 Plane : 0. ( 7458 sec )
# Solve phase of matrix solver for boundary plane. Polarization : 1 Plane : 0. ( 7458 sec )
#-----------------------------[ Boundary Plane 1 ]-----------------------------
# Calculate electric field on a boundary plane with 0th order edge-based element.
# Number of equation = 520, Number of equation after degeneration = 476
# Set values of matrix and right hand side vector. ( 7458 sec )
# Numerical factorization phase of matrix solver for boundary plane. Polarization : 1 Plane : 1. ( 7458 sec )
# Solve phase of matrix solver for boundary plane. Polarization : 1 Plane : 1. ( 7458 sec )
#------------------------------------------------------------------------------
# Set values of matrix and right hand side vector. ( 7458 sec )
# Numerical factorization phase of matrix solver for 3D forward calculation. Polarization : 1.( 7461 sec )
# Solve phase of matrix solver for 3D forward calculation. Polarization : 1.( 7494 sec )
# Calulate right-hand sides vectors consisting of interpolator vectors.( 7494 sec )
# Solve phase of matrix solver for right-hand sides consisting of interpolator vectors.( 7496 sec )
# Solve phase is performed simultaneously for 288 right-hand sides( 7496 sec )
# Calculate derivatives of EM field.( 7511 sec )
#==============================================================================
# Calculate response functions. ( 7541 sec )
# Calculate sensitivity matrix of frequency 100[Hz].( 7541 sec )
# Sensitivity matrix of frequency 100[Hz] is saved in the out-of-core file sensMatFreq17.
#==============================================================================
#================================================================================================
# Start forward calculation. Frequency : 158.48 [Hz], Polarization : Ex-polarization
#================================================================================================
# Start 3D forward calculation with 0th order 3D edge-based element.( 7542 sec )
# Number of equation = 475883, Number of equation after degeneration = 473549
# Calculating EM field of the boundary planes with 2D forward analysis.        
#-----------------------------[ Boundary Plane 2 ]-----------------------------
# Calculate electric field on a boundary plane with 0th order edge-based element.
# Number of equation = 514, Number of equation after degeneration = 470
# Set values of matrix and right hand side vector. ( 7542 sec )
# Numerical factorization phase of matrix solver for boundary plane. Polarization : 0 Plane : 2. ( 7542 sec )
# Solve phase of matrix solver for boundary plane. Polarization : 0 Plane : 2. ( 7542 sec )
#-----------------------------[ Boundary Plane 3 ]-----------------------------
# Calculate electric field on a boundary plane with 0th order edge-based element.
# Number of equation = 514, Number of equation after degeneration = 470
# Set values of matrix and right hand side vector. ( 7542 sec )
# Numerical factorization phase of matrix solver for boundary plane. Polarization : 0 Plane : 3. ( 7542 sec )
# Solve phase of matrix solver for boundary plane. Polarization : 0 Plane : 3. ( 7542 sec )
#------------------------------------------------------------------------------
# Set values of matrix and right hand side vector. ( 7542 sec )
# Numerical factorization phase of matrix solver for 3D forward calculation. Polarization : 0.( 7545 sec )
# Solve phase of matrix solver for 3D forward calculation. Polarization : 0.( 7578 sec )
# Calulate right-hand sides vectors consisting of interpolator vectors.( 7578 sec )
# Solve phase of matrix solver for right-hand sides consisting of interpolator vectors.( 7580 sec )
# Solve phase is performed simultaneously for 292 right-hand sides( 7580 sec )
# Calculate derivatives of EM field.( 7595 sec )
#================================================================================================
# Start forward calculation. Frequency : 158.48 [Hz], Polarization : Ey-polarization
#================================================================================================
# Start 3D forward calculation with 0th order 3D edge-based element.( 7625 sec )
# Number of equation = 475883, Number of equation after degeneration = 473549
# Calculating EM field of the boundary planes with 2D forward analysis.        
#-----------------------------[ Boundary Plane 0 ]-----------------------------
# Calculate electric field on a boundary plane with 0th order edge-based element.
# Number of equation = 520, Number of equation after degeneration = 476
# Set values of matrix and right hand side vector. ( 7625 sec )
# Numerical factorization phase of matrix solver for boundary plane. Polarization : 1 Plane : 0. ( 7625 sec )
# Solve phase of matrix solver for boundary plane. Polarization : 1 Plane : 0. ( 7625 sec )
#-----------------------------[ Boundary Plane 1 ]-----------------------------
# Calculate electric field on a boundary plane with 0th order edge-based element.
# Number of equation = 520, Number of equation after degeneration = 476
# Set values of matrix and right hand side vector. ( 7625 sec )
# Numerical factorization phase of matrix solver for boundary plane. Polarization : 1 Plane : 1. ( 7625 sec )
# Solve phase of matrix solver for boundary plane. Polarization : 1 Plane : 1. ( 7625 sec )
#------------------------------------------------------------------------------
# Set values of matrix and right hand side vector. ( 7625 sec )
# Numerical factorization phase of matrix solver for 3D forward calculation. Polarization : 1.( 7628 sec )
# Solve phase of matrix solver for 3D forward calculation. Polarization : 1.( 7660 sec )
# Calulate right-hand sides vectors consisting of interpolator vectors.( 7661 sec )
# Solve phase of matrix solver for right-hand sides consisting of interpolator vectors.( 7663 sec )
# Solve phase is performed simultaneously for 292 right-hand sides( 7663 sec )
# Calculate derivatives of EM field.( 7677 sec )
#==============================================================================
# Calculate response functions. ( 7707 sec )
# Calculate sensitivity matrix of frequency 158.48[Hz].( 7707 sec )
# Sensitivity matrix of frequency 158.48[Hz] is saved in the out-of-core file sensMatFreq18.
#==============================================================================
#================================================================================================
# Start forward calculation. Frequency : 251.18 [Hz], Polarization : Ex-polarization
#================================================================================================
# Start 3D forward calculation with 0th order 3D edge-based element.( 7708 sec )
# Number of equation = 475883, Number of equation after degeneration = 473549
# Calculating EM field of the boundary planes with 2D forward analysis.        
#-----------------------------[ Boundary Plane 2 ]-----------------------------
# Calculate electric field on a boundary plane with 0th order edge-based element.
# Number of equation = 514, Number of equation after degeneration = 470
# Set values of matrix and right hand side vector. ( 7708 sec )
# Numerical factorization phase of matrix solver for boundary plane. Polarization : 0 Plane : 2. ( 7708 sec )
# Solve phase of matrix solver for boundary plane. Polarization : 0 Plane : 2. ( 7708 sec )
#-----------------------------[ Boundary Plane 3 ]-----------------------------
# Calculate electric field on a boundary plane with 0th order edge-based element.
# Number of equation = 514, Number of equation after degeneration = 470
# Set values of matrix and right hand side vector. ( 7708 sec )
# Numerical factorization phase of matrix solver for boundary plane. Polarization : 0 Plane : 3. ( 7708 sec )
# Solve phase of matrix solver for boundary plane. Polarization : 0 Plane : 3. ( 7708 sec )
#------------------------------------------------------------------------------
# Set values of matrix and right hand side vector. ( 7708 sec )
# Numerical factorization phase of matrix solver for 3D forward calculation. Polarization : 0.( 7711 sec )
# Solve phase of matrix solver for 3D forward calculation. Polarization : 0.( 7744 sec )
# Calulate right-hand sides vectors consisting of interpolator vectors.( 7744 sec )
# Solve phase of matrix solver for right-hand sides consisting of interpolator vectors.( 7746 sec )
# Solve phase is performed simultaneously for 295 right-hand sides( 7746 sec )
# Calculate derivatives of EM field.( 7762 sec )
#================================================================================================
# Start forward calculation. Frequency : 251.18 [Hz], Polarization : Ey-polarization
#================================================================================================
# Start 3D forward calculation with 0th order 3D edge-based element.( 7792 sec )
# Number of equation = 475883, Number of equation after degeneration = 473549
# Calculating EM field of the boundary planes with 2D forward analysis.        
#-----------------------------[ Boundary Plane 0 ]-----------------------------
# Calculate electric field on a boundary plane with 0th order edge-based element.
# Number of equation = 520, Number of equation after degeneration = 476
# Set values of matrix and right hand side vector. ( 7792 sec )
# Numerical factorization phase of matrix solver for boundary plane. Polarization : 1 Plane : 0. ( 7792 sec )
# Solve phase of matrix solver for boundary plane. Polarization : 1 Plane : 0. ( 7792 sec )
#-----------------------------[ Boundary Plane 1 ]-----------------------------
# Calculate electric field on a boundary plane with 0th order edge-based element.
# Number of equation = 520, Number of equation after degeneration = 476
# Set values of matrix and right hand side vector. ( 7792 sec )
# Numerical factorization phase of matrix solver for boundary plane. Polarization : 1 Plane : 1. ( 7792 sec )
# Solve phase of matrix solver for boundary plane. Polarization : 1 Plane : 1. ( 7792 sec )
#------------------------------------------------------------------------------
# Set values of matrix and right hand side vector. ( 7792 sec )
# Numerical factorization phase of matrix solver for 3D forward calculation. Polarization : 1.( 7795 sec )
# Solve phase of matrix solver for 3D forward calculation. Polarization : 1.( 7828 sec )
# Calulate right-hand sides vectors consisting of interpolator vectors.( 7829 sec )
# Solve phase of matrix solver for right-hand sides consisting of interpolator vectors.( 7830 sec )
# Solve phase is performed simultaneously for 295 right-hand sides( 7830 sec )
# Calculate derivatives of EM field.( 7846 sec )
#==============================================================================
# Calculate response functions. ( 7875 sec )
# Calculate sensitivity matrix of frequency 251.18[Hz].( 7875 sec )
# Sensitivity matrix of frequency 251.18[Hz] is saved in the out-of-core file sensMatFreq19.
#==============================================================================
# Release memory of coefficient matrix and sparse solver. ( 7876 sec )
# Converged.
# End femtic ( 7878 sec )
