MT    48
1  1  -2.052  1.667  
16
1000.00000 -3.8368e-02 2.7849e-02 3.5339e-01 -3.7500e-01 -4.4765e-01 3.7232e-01 1.0164e-01 -3.1850e-02 2.3445e-02 2.3445e-02 2.7387e-02 2.7387e-02 2.7387e-02 2.7387e-02 3.7356e-02 3.7356e-02 
630.95000 -3.3633e-02 2.1362e-02 2.6740e-01 -2.9731e-01 -3.4549e-01 2.9889e-01 1.0245e-01 -2.4608e-02 1.8933e-02 1.8933e-02 2.1370e-02 2.1370e-02 2.1370e-02 2.1370e-02 3.2909e-02 3.2909e-02 
398.10000 -2.7713e-02 2.0328e-02 2.0369e-01 -2.2936e-01 -2.8126e-01 2.3745e-01 1.0433e-01 -2.7015e-02 1.5402e-02 1.5402e-02 1.6801e-02 1.6801e-02 1.6801e-02 1.6801e-02 2.9875e-02 2.9875e-02 
251.18000 -2.2687e-02 1.9777e-02 1.5928e-01 -1.7785e-01 -2.3487e-01 1.8902e-01 9.5863e-02 -3.0184e-02 1.2715e-02 1.2715e-02 1.3414e-02 1.3414e-02 1.3414e-02 1.3414e-02 2.6110e-02 2.6110e-02 
158.48000 -1.9177e-02 1.6588e-02 1.2556e-01 -1.3738e-01 -1.9917e-01 1.5276e-01 8.9131e-02 -3.5857e-02 1.0304e-02 1.0304e-02 1.0807e-02 1.0807e-02 1.0807e-02 1.0807e-02 2.3294e-02 2.3294e-02 
100.00000 -1.4795e-02 1.1304e-02 9.6906e-02 -1.0097e-01 -1.6056e-01 1.1941e-01 7.6667e-02 -3.5428e-02 7.6571e-03 7.6571e-03 8.3671e-03 8.3671e-03 8.3671e-03 8.3671e-03 1.9500e-02 1.9500e-02 
63.09500 -1.0949e-02 5.8418e-03 7.5381e-02 -7.2371e-02 -1.2523e-01 9.0933e-02 6.0521e-02 -3.1449e-02 5.4018e-03 5.4018e-03 6.3585e-03 6.3585e-03 6.3585e-03 6.3585e-03 1.5411e-02 1.5411e-02 
39.81000 -9.3666e-03 1.4523e-03 6.2339e-02 -5.4475e-02 -1.0237e-01 7.0666e-02 5.0213e-02 -2.7941e-02 4.2019e-03 4.2019e-03 5.0740e-03 5.0740e-03 5.0740e-03 5.0740e-03 1.2682e-02 1.2682e-02 
25.11800 -1.0417e-02 -2.2070e-03 5.5511e-02 -4.4649e-02 -8.9702e-02 5.7185e-02 4.5615e-02 -2.5301e-02 4.1313e-03 4.1313e-03 4.3527e-03 4.3527e-03 4.3527e-03 4.3527e-03 1.1174e-02 1.1174e-02 
15.84800 -1.4519e-02 -4.4670e-03 4.6511e-02 -3.4758e-02 -8.1762e-02 3.8191e-02 3.8752e-02 -2.2283e-02 4.4548e-03 4.4548e-03 3.6193e-03 3.6193e-03 3.6193e-03 3.6193e-03 9.5271e-03 9.5271e-03 
10.00000 -1.8261e-02 -4.5714e-03 3.9774e-02 -2.9580e-02 -7.8079e-02 3.0491e-02 3.2857e-02 -1.9286e-02 4.5820e-03 4.5820e-03 3.2229e-03 3.2229e-03 3.2229e-03 3.2229e-03 8.4767e-03 8.4767e-03 
6.30950 -2.0725e-02 -2.7467e-03 3.3966e-02 -2.6343e-02 -7.4064e-02 2.9337e-02 2.8170e-02 -1.6490e-02 4.4965e-03 4.4965e-03 2.9258e-03 2.9258e-03 2.9258e-03 2.9258e-03 7.6489e-03 7.6489e-03 
3.98100 -2.1450e-02 -1.0223e-04 2.7174e-02 -2.2663e-02 -6.5932e-02 2.7544e-02 2.2828e-02 -1.3809e-02 4.1325e-03 4.1325e-03 2.5141e-03 2.5141e-03 2.5141e-03 2.5141e-03 6.5493e-03 6.5493e-03 
2.51180 -2.1081e-02 2.6833e-03 2.1646e-02 -1.8571e-02 -5.7355e-02 2.4821e-02 2.0018e-02 -1.0539e-02 3.6929e-03 3.6929e-03 2.1109e-03 2.1109e-03 2.1109e-03 2.1109e-03 5.6402e-03 5.6402e-03 
1.58480 -2.0435e-02 4.5933e-03 1.8018e-02 -1.3776e-02 -5.0665e-02 2.1770e-02 1.8173e-02 -7.8904e-03 3.2694e-03 3.2694e-03 1.7683e-03 1.7683e-03 1.7683e-03 1.7683e-03 4.9580e-03 4.9580e-03 
1.00000 -1.8464e-02 6.0598e-03 1.4262e-02 -9.5209e-03 -4.6041e-02 1.8502e-02 1.6466e-02 -5.2373e-03 2.7382e-03 2.7382e-03 1.4585e-03 1.4585e-03 1.4585e-03 1.4585e-03 4.3921e-03 4.3921e-03 
2  2  -1.265  2.333  
16
1000.00000 -3.3004e-02 4.4295e-02 3.9902e-01 -5.1042e-01 -3.6981e-01 5.1186e-01 -1.9483e-02 -3.8241e-02 2.8377e-02 2.8377e-02 3.1981e-02 3.1981e-02 3.1981e-02 3.1981e-02 2.4694e-02 2.4694e-02 
630.95000 -8.8463e-03 1.5298e-02 3.0850e-01 -3.8008e-01 -2.7442e-01 3.7688e-01 -2.3762e-02 -2.3777e-02 1.3951e-02 1.3951e-02 2.3886e-02 2.3886e-02 2.3886e-02 2.3886e-02 1.8778e-02 1.8778e-02 
398.10000 -3.1802e-03 1.0564e-02 2.4599e-01 -2.8344e-01 -2.1124e-01 2.7810e-01 -2.6710e-02 -1.2010e-02 9.6518e-03 9.6518e-03 1.8101e-02 1.8101e-02 1.8101e-02 1.8101e-02 1.5170e-02 1.5170e-02 
251.18000 -2.8939e-03 3.4601e-03 1.9923e-01 -2.2082e-01 -1.7139e-01 2.1023e-01 -2.7427e-02 -1.5254e-03 5.4941e-03 5.4941e-03 1.4201e-02 1.4201e-02 1.4201e-02 1.4201e-02 1.2948e-02 1.2948e-02 
158.48000 -2.8275e-03 1.1781e-03 1.6182e-01 -1.7498e-01 -1.4150e-01 1.6131e-01 -2.3703e-02 5.7815e-03 4.0529e-03 4.0529e-03 1.1307e-02 1.1307e-02 1.1307e-02 1.1307e-02 1.0853e-02 1.0853e-02 
100.00000 -2.8353e-03 2.3534e-04 1.3265e-01 -1.3619e-01 -1.1278e-01 1.2407e-01 -1.7414e-02 9.8653e-03 3.4885e-03 3.4885e-03 8.9270e-03 8.9270e-03 8.9270e-03 8.9270e-03 8.6894e-03 8.6894e-03 
63.09500 -2.2291e-03 -5.6750e-04 1.0862e-01 -1.1140e-01 -9.2107e-02 1.0089e-01 -1.2306e-02 1.1402e-02 2.8377e-03 2.8377e-03 7.2895e-03 7.2895e-03 7.2895e-03 7.2895e-03 7.1808e-03 7.1808e-03 
39.81000 -4.8741e-03 -2.6754e-03 8.6709e-02 -8.7996e-02 -7.3322e-02 7.6492e-02 -7.2697e-03 1.0175e-02 3.9313e-03 3.9313e-03 5.7205e-03 5.7205e-03 5.7205e-03 5.7205e-03 5.4602e-03 5.4602e-03 
25.11800 -9.0935e-03 -4.6810e-03 6.8106e-02 -6.7328e-02 -5.7415e-02 5.4847e-02 -3.4981e-03 8.2084e-03 4.6945e-03 4.6945e-03 4.3601e-03 4.3601e-03 4.3601e-03 4.3601e-03 3.9926e-03 3.9926e-03 
15.84800 -1.2582e-02 -5.6855e-03 5.3633e-02 -5.2049e-02 -4.5745e-02 3.9924e-02 -1.4604e-03 6.5348e-03 4.8184e-03 4.8184e-03 3.3681e-03 3.3681e-03 3.3681e-03 3.3681e-03 3.0245e-03 3.0245e-03 
10.00000 -1.4930e-02 -5.9735e-03 4.3130e-02 -4.1686e-02 -3.7792e-02 3.0639e-02 -5.5309e-04 5.3176e-03 4.6586e-03 4.6586e-03 2.8016e-03 2.8016e-03 2.7010e-03 2.7010e-03 2.4192e-03 2.4192e-03 
6.30950 -1.6754e-02 -4.1461e-03 3.4623e-02 -3.4253e-02 -3.2088e-02 2.4787e-02 -1.8435e-04 4.1298e-03 4.3490e-03 4.3490e-03 2.9020e-03 2.9020e-03 2.2219e-03 2.2219e-03 1.9420e-03 1.9420e-03 
3.98100 -1.6584e-02 -4.3728e-04 2.7215e-02 -2.8350e-02 -2.6865e-02 1.9734e-02 9.8034e-04 3.5758e-03 3.8301e-03 3.8301e-03 3.0000e-03 3.0000e-03 1.8097e-03 1.8097e-03 1.6676e-03 1.6676e-03 
2.51180 -1.4787e-02 8.9563e-04 1.9141e-02 -2.1573e-02 -2.2672e-02 1.5553e-02 2.3653e-03 3.1375e-03 3.1005e-03 3.1005e-03 4.2466e-03 4.2466e-03 1.4080e-03 1.4080e-03 1.5591e-03 1.5591e-03 
1.58480 -1.1979e-02 3.0820e-03 1.4830e-02 -1.4915e-02 -1.9826e-02 1.1966e-02 3.2144e-03 2.1452e-03 2.4195e-03 2.4195e-03 5.1005e-03 5.1005e-03 1.1035e-03 1.1035e-03 1.4190e-03 1.4190e-03 
1.00000 -1.2378e-02 3.2382e-03 1.4880e-02 -1.2167e-02 -1.7984e-02 9.5651e-03 3.1137e-03 1.4525e-03 2.3523e-03 2.3523e-03 4.8838e-03 4.8838e-03 9.9479e-04 9.9479e-04 1.2548e-03 1.2548e-03 
3  3  -0.984  2.568  
8
1000.00000 5.0532e-02 -3.5778e-02 3.6660e-01 -4.3917e-01 -3.8462e-01 4.4937e-01 -7.0356e-02 1.5083e-03 2.8230e-02 2.8230e-02 2.9085e-02 2.9085e-02 2.9085e-02 2.9085e-02 3.0603e-02 3.0603e-02 
630.95000 4.3016e-02 -4.5896e-02 3.0083e-01 -3.3406e-01 -2.8589e-01 3.4618e-01 -7.4582e-02 5.0267e-03 2.5224e-02 2.5224e-02 2.2463e-02 2.2463e-02 2.2463e-02 2.2463e-02 2.7479e-02 2.7479e-02 
398.10000 3.1500e-02 -4.0971e-02 2.4865e-01 -2.5999e-01 -2.1485e-01 2.6975e-01 -7.5118e-02 9.8606e-03 2.0453e-02 2.0453e-02 1.7611e-02 1.7611e-02 1.7611e-02 1.7611e-02 2.4246e-02 2.4246e-02 
251.18000 1.6789e-02 -3.8676e-02 2.0571e-01 -2.1045e-01 -1.6548e-01 2.1081e-01 -7.3789e-02 1.8390e-02 1.6709e-02 1.6709e-02 1.4042e-02 1.4042e-02 1.4042e-02 1.4042e-02 2.1414e-02 2.1414e-02 
158.48000 6.2172e-03 -3.1882e-02 1.7148e-01 -1.7567e-01 -1.2938e-01 1.6239e-01 -6.7322e-02 2.7337e-02 1.3395e-02 1.3395e-02 1.1288e-02 1.1288e-02 1.1288e-02 1.1288e-02 1.8424e-02 1.8424e-02 
100.00000 -9.9259e-04 -2.0240e-02 1.3319e-01 -1.5000e-01 -9.7071e-02 1.2292e-01 -5.3698e-02 3.2935e-02 9.5638e-03 9.5638e-03 8.8629e-03 8.8629e-03 8.8629e-03 8.8629e-03 1.4900e-02 1.4900e-02 
63.09500 -6.6932e-03 -1.9564e-02 1.0428e-01 -1.2924e-01 -8.0210e-02 9.8025e-02 -4.1034e-02 3.4581e-02 8.7898e-03 8.7898e-03 9.2010e-03 9.2010e-03 7.2515e-03 7.2515e-03 1.2366e-02 1.2366e-02 
39.81000 -1.2893e-02 -1.3141e-02 6.5972e-02 -1.0627e-01 -5.8924e-02 7.2986e-02 -2.5980e-02 3.3217e-02 7.1982e-03 7.1982e-03 1.1007e-02 1.1007e-02 5.4160e-03 5.4160e-03 9.4341e-03 9.4341e-03 
4  4  1.700  -1.757  
19
1000.00000 -8.1737e-02 -9.9205e-02 5.5826e-01 -8.7562e-01 -7.1442e-01 8.9277e-01 1.4250e-01 -7.9322e-02 5.4803e-02 5.4803e-02 5.4484e-02 5.4484e-02 5.4484e-02 5.4484e-02 6.4775e-02 6.4775e-02 
630.95000 -6.0025e-02 8.7093e-02 4.0809e-01 -6.6615e-01 -5.6906e-01 7.1861e-01 1.1944e-01 -9.2573e-02 4.3119e-02 4.3119e-02 4.2311e-02 4.2311e-02 4.2311e-02 4.2311e-02 5.5826e-02 5.5826e-02 
398.10000 -3.4547e-02 6.7830e-02 3.1269e-01 -4.9795e-01 -4.1561e-01 5.7190e-01 8.6638e-02 -9.0587e-02 3.1734e-02 3.1734e-02 3.2237e-02 3.2237e-02 3.2237e-02 3.2237e-02 4.4653e-02 4.4653e-02 
251.18000 -2.8559e-02 4.3630e-02 2.3895e-01 -3.6719e-01 -3.0054e-01 4.3240e-01 5.3283e-02 -8.2040e-02 2.2672e-02 2.2672e-02 2.4015e-02 2.4015e-02 2.4015e-02 2.4015e-02 3.4045e-02 3.4045e-02 
158.48000 -1.9086e-02 2.6045e-02 1.8586e-01 -2.7470e-01 -2.2390e-01 3.2729e-01 2.9413e-02 -6.6963e-02 1.5523e-02 1.5523e-02 1.8133e-02 1.8133e-02 1.8133e-02 1.8133e-02 2.5545e-02 2.5545e-02 
100.00000 -1.5645e-02 1.5032e-02 1.4421e-01 -2.0219e-01 -1.6695e-01 2.3995e-01 1.2039e-02 -5.1415e-02 1.1011e-02 1.1011e-02 1.3472e-02 1.3472e-02 1.3472e-02 1.3472e-02 1.8636e-02 1.8636e-02 
63.09500 -1.4552e-02 7.5003e-03 1.1668e-01 -1.5309e-01 -1.3120e-01 1.8012e-01 1.5630e-03 -3.9238e-02 8.4203e-03 8.4203e-03 1.0355e-02 1.0355e-02 1.0355e-02 1.0355e-02 1.4032e-02 1.4032e-02 
39.81000 -1.3487e-02 2.7953e-03 9.3199e-02 -1.1038e-01 -1.0143e-01 1.2625e-01 -5.9747e-03 -2.6356e-02 6.6910e-03 6.6910e-03 7.6479e-03 7.6479e-03 7.6479e-03 7.6479e-03 9.9234e-03 9.9234e-03 
25.11800 -9.4903e-03 5.5827e-03 7.6208e-02 -7.9931e-02 -8.4037e-02 9.3493e-02 -9.8785e-03 -1.5910e-02 5.2306e-03 5.2306e-03 5.8914e-03 5.8914e-03 5.8914e-03 5.8914e-03 7.2780e-03 7.2780e-03 
15.84800 -8.0265e-03 6.2547e-03 6.3376e-02 -6.0806e-02 -7.0820e-02 7.1583e-02 -1.1674e-02 -8.1120e-03 4.4843e-03 4.4843e-03 4.7021e-03 4.7021e-03 4.7021e-03 4.7021e-03 5.6751e-03 5.6751e-03 
10.00000 -4.6293e-03 6.7256e-03 5.4879e-02 -4.7197e-02 -5.9226e-02 5.7130e-02 -1.1029e-02 -2.6520e-03 3.6466e-03 3.6466e-03 3.8589e-03 3.8589e-03 3.8589e-03 3.8589e-03 4.5828e-03 4.5828e-03 
6.30950 -2.0336e-03 5.1655e-03 4.6986e-02 -3.8492e-02 -4.7467e-02 4.5758e-02 -9.0597e-03 1.1934e-03 2.7544e-03 2.7544e-03 3.1641e-03 3.1641e-03 3.1641e-03 3.1641e-03 3.6818e-03 3.6818e-03 
3.98100 -1.2473e-03 3.2939e-03 3.9152e-02 -3.0799e-02 -3.6296e-02 3.7345e-02 -6.5064e-03 3.5427e-03 1.9869e-03 1.9869e-03 2.5467e-03 2.5467e-03 2.5467e-03 2.5467e-03 2.9463e-03 2.9463e-03 
2.51180 -1.0611e-03 1.7496e-03 3.3007e-02 -2.4995e-02 -2.8596e-02 2.9683e-02 -3.7293e-03 3.7214e-03 1.3807e-03 1.3807e-03 2.0655e-03 2.0655e-03 2.0655e-03 2.0655e-03 2.2104e-03 2.2104e-03 
1.00000 -2.6640e-03 -3.5837e-05 2.4142e-02 -1.3045e-02 -1.9669e-02 1.8638e-02 -2.1466e-04 2.2111e-03 1.2826e-03 1.2826e-03 1.3634e-03 1.3634e-03 1.3634e-03 1.3634e-03 1.1638e-03 1.1638e-03 
0.63095 -3.5429e-03 5.3895e-05 2.0885e-02 -9.1769e-03 -1.6951e-02 1.5042e-02 5.4654e-04 1.5886e-03 1.3486e-03 1.3486e-03 1.3909e-03 1.3909e-03 1.9058e-03 1.9058e-03 9.2554e-04 9.2554e-04 
0.39810 -2.7986e-03 5.8568e-05 1.8794e-02 -7.2784e-03 -1.4418e-02 1.2152e-02 1.3290e-04 1.6766e-03 1.1267e-03 1.1267e-03 1.5847e-03 1.5847e-03 1.4219e-03 1.4219e-03 8.4472e-04 8.4472e-04 
0.06309 -2.0680e-03 1.0898e-03 1.5029e-02 -3.1076e-03 -5.2175e-03 4.7420e-03 -1.3213e-03 -7.3171e-04 8.9842e-04 8.9842e-04 6.8457e-04 6.8457e-04 1.3395e-03 1.3395e-03 4.8948e-04 4.8948e-04 
0.03981 -2.8031e-03 5.0754e-05 1.3332e-02 -4.3457e-03 -3.9250e-03 4.2644e-03 -7.1141e-04 1.2335e-04 9.4050e-04 9.4050e-04 5.3093e-04 5.3093e-04 1.0826e-03 1.0826e-03 3.0685e-04 3.0685e-04 
5  5  -1.152  1.382  
17
1000.00000 -5.6791e-03 3.8462e-02 4.0190e-01 -4.0718e-01 -3.1960e-01 3.1212e-01 6.1431e-03 -1.9090e-02 2.2372e-02 2.2372e-02 2.5277e-02 2.5277e-02 2.5277e-02 2.5277e-02 1.4197e-02 1.4197e-02 
630.95000 -5.6017e-03 4.0023e-02 3.2273e-01 -3.2857e-01 -2.5502e-01 2.5068e-01 -6.5835e-03 -9.2851e-03 2.0464e-02 2.0464e-02 2.0291e-02 2.0291e-02 2.0291e-02 2.0291e-02 9.5697e-03 9.5697e-03 
398.10000 7.0334e-03 3.1051e-02 2.4871e-01 -2.6036e-01 -1.9967e-01 2.0066e-01 -1.0530e-02 -3.9333e-03 1.6060e-02 1.6060e-02 1.5963e-02 1.5963e-02 1.5963e-02 1.5963e-02 8.4614e-03 8.4614e-03 
251.18000 1.8776e-02 1.9452e-02 1.9409e-01 -2.0920e-01 -1.5723e-01 1.6270e-01 -1.1477e-02 -2.4827e-04 1.3175e-02 1.3175e-02 1.2705e-02 1.2705e-02 1.2705e-02 1.2705e-02 7.6444e-03 7.6444e-03 
158.48000 2.4869e-02 8.6753e-03 1.5052e-01 -1.6300e-01 -1.2293e-01 1.3035e-01 -1.0562e-02 2.5996e-03 1.1467e-02 1.1467e-02 9.9689e-03 9.9689e-03 9.9689e-03 9.9689e-03 6.6218e-03 6.6218e-03 
100.00000 2.6244e-02 1.7507e-04 1.1814e-01 -1.2295e-01 -9.3520e-02 1.0170e-01 -8.4525e-03 4.6525e-03 1.0034e-02 1.0034e-02 7.6744e-03 7.6744e-03 7.6744e-03 7.6744e-03 5.4767e-03 5.4767e-03 
63.09500 2.4008e-02 -7.6225e-03 9.5445e-02 -9.2867e-02 -7.4027e-02 8.0140e-02 -5.4333e-03 6.1906e-03 8.6875e-03 8.6875e-03 6.0267e-03 6.0267e-03 6.0267e-03 6.0267e-03 4.4965e-03 4.4965e-03 
39.81000 1.5801e-02 -1.4334e-02 7.9626e-02 -6.9933e-02 -5.9455e-02 5.5452e-02 -3.1425e-03 5.7509e-03 7.1323e-03 7.1323e-03 4.6411e-03 4.6411e-03 4.6411e-03 4.6411e-03 3.4624e-03 3.4624e-03 
25.11800 9.0676e-03 -1.7335e-02 7.0136e-02 -5.6717e-02 -5.2121e-02 3.9962e-02 -1.4683e-03 3.9528e-03 6.3010e-03 6.3010e-03 3.8484e-03 3.8484e-03 3.8484e-03 3.8484e-03 2.4962e-03 2.4962e-03 
15.84800 1.9817e-03 -1.5604e-02 5.8261e-02 -4.6534e-02 -4.7081e-02 2.7629e-02 -4.8785e-04 2.8732e-03 5.1370e-03 5.1370e-03 3.1900e-03 3.1900e-03 3.1900e-03 3.1900e-03 1.8920e-03 1.8920e-03 
10.00000 -4.4605e-03 -1.2797e-02 4.7937e-02 -3.8646e-02 -4.3114e-02 2.2890e-02 4.3066e-04 2.5507e-03 4.3330e-03 4.3330e-03 2.7412e-03 2.7412e-03 2.7412e-03 2.7412e-03 1.6855e-03 1.6855e-03 
6.30950 -8.6048e-03 -9.2710e-03 3.9280e-02 -3.3619e-02 -3.8738e-02 2.0718e-02 1.3016e-03 2.5747e-03 3.8360e-03 3.8360e-03 2.3829e-03 2.3829e-03 2.3829e-03 2.3829e-03 1.6887e-03 1.6887e-03 
3.98100 -1.0174e-02 -5.1067e-03 3.1447e-02 -2.8474e-02 -3.3122e-02 1.8299e-02 1.6638e-03 2.7449e-03 3.2964e-03 3.2964e-03 2.0033e-03 2.0033e-03 2.0033e-03 2.0033e-03 1.6531e-03 1.6531e-03 
2.51180 -1.0091e-02 -1.7323e-03 2.3975e-02 -2.2506e-02 -2.8031e-02 1.5805e-02 2.5444e-03 2.8880e-03 2.7523e-03 2.7523e-03 1.6265e-03 1.6265e-03 1.6265e-03 1.6265e-03 1.6694e-03 1.6694e-03 
1.58480 -8.7235e-03 -1.0025e-04 1.9457e-02 -1.6883e-02 -2.4468e-02 1.3405e-02 2.8368e-03 2.3817e-03 2.2487e-03 2.2487e-03 1.3404e-03 1.3404e-03 1.3404e-03 1.3404e-03 1.5249e-03 1.5249e-03 
1.00000 -7.1342e-03 1.0396e-03 1.6193e-02 -1.2708e-02 -2.1382e-02 1.1544e-02 2.9504e-03 1.0705e-03 1.8273e-03 1.8273e-03 1.1182e-03 1.1182e-03 1.2338e-03 1.2338e-03 1.3100e-03 1.3100e-03 
0.63095 -6.3180e-03 1.6780e-03 1.2706e-02 -8.6341e-03 -1.8728e-02 9.6824e-03 2.9111e-03 -6.0206e-05 1.5032e-03 1.5032e-03 8.9983e-04 8.9983e-04 1.0223e-03 1.0223e-03 1.1752e-03 1.1752e-03 
6  6  3.187  1.067  
15
1000.00000 2.1756e-01 9.6238e-02 6.0286e-01 -7.1942e-01 -6.0040e-01 5.5867e-01 -2.1650e-01 -4.1853e-02 7.0881e-02 7.0881e-02 4.3868e-02 4.3868e-02 4.3868e-02 4.3868e-02 6.3788e-02 6.3788e-02 
630.95000 2.1341e-01 7.1037e-02 5.2414e-01 -5.3580e-01 -5.5436e-01 4.1757e-01 -1.7895e-01 -5.5648e-03 6.1589e-02 6.1589e-02 3.6062e-02 3.6062e-02 3.6062e-02 3.6062e-02 5.2875e-02 5.2875e-02 
398.10000 1.8537e-01 4.8202e-02 4.6135e-01 -3.9891e-01 -5.1725e-01 3.0462e-01 -1.5186e-01 1.6855e-02 5.1268e-02 5.1268e-02 3.0253e-02 3.0253e-02 3.0253e-02 3.0253e-02 4.5428e-02 4.5428e-02 
251.18000 1.8080e-01 2.6481e-02 3.9625e-01 -3.1429e-01 -4.4844e-01 2.3866e-01 -1.5591e-01 2.1981e-02 4.5600e-02 4.5600e-02 2.5344e-02 2.5344e-02 2.5344e-02 2.5344e-02 4.2423e-02 4.2423e-02 
158.48000 1.8237e-01 1.3897e-02 3.4016e-01 -2.5797e-01 -3.8805e-01 1.9204e-01 -1.6810e-01 2.1581e-02 4.1915e-02 4.1915e-02 2.1497e-02 2.1497e-02 2.1497e-02 2.1497e-02 4.0633e-02 4.0633e-02 
100.00000 1.8421e-01 6.1780e-03 2.8336e-01 -2.1422e-01 -3.4539e-01 1.5431e-01 -1.6646e-01 2.3030e-02 3.8381e-02 3.8381e-02 1.8329e-02 1.8329e-02 1.8329e-02 1.8329e-02 3.7820e-02 3.7820e-02 
63.09500 2.0117e-01 -2.5212e-03 2.3709e-01 -1.7833e-01 -3.1818e-01 1.3152e-01 -1.5631e-01 1.7948e-02 3.6646e-02 3.6646e-02 1.5980e-02 1.5980e-02 1.5980e-02 1.5980e-02 3.4911e-02 3.4911e-02 
39.81000 1.9611e-01 -1.7259e-02 2.0009e-01 -1.4740e-01 -2.9441e-01 1.1943e-01 -1.4656e-01 3.8609e-02 3.3179e-02 3.3179e-02 1.4050e-02 1.4050e-02 1.4050e-02 1.4050e-02 3.2915e-02 3.2915e-02 
25.11800 1.8530e-01 -3.3034e-02 1.6429e-01 -1.2533e-01 -2.6873e-01 1.1096e-01 -1.3089e-01 5.0550e-02 2.9582e-02 2.9582e-02 1.2255e-02 1.2255e-02 1.2255e-02 1.2255e-02 3.0296e-02 3.0296e-02 
15.84800 1.7044e-01 -4.6528e-02 1.3521e-01 -1.0752e-01 -2.3960e-01 1.0748e-01 -1.1597e-01 5.4263e-02 2.6205e-02 2.6205e-02 1.0649e-02 1.0649e-02 1.0649e-02 1.0649e-02 2.7505e-02 2.7505e-02 
10.00000 1.4901e-01 -5.7028e-02 1.0880e-01 -9.4144e-02 -2.0425e-01 1.0661e-01 -9.6743e-02 5.8265e-02 2.2727e-02 2.2727e-02 9.1035e-03 9.1035e-03 9.1035e-03 9.1035e-03 2.4196e-02 2.4196e-02 
6.30950 1.2537e-01 -6.1704e-02 8.4087e-02 -8.1030e-02 -1.6920e-01 1.0227e-01 -7.6311e-02 5.6717e-02 1.9161e-02 1.9161e-02 7.5972e-03 7.5972e-03 7.5972e-03 7.5972e-03 2.0566e-02 2.0566e-02 
3.98100 1.0307e-01 -5.9671e-02 6.1737e-02 -6.5815e-02 -1.3685e-01 8.9622e-02 -5.7593e-02 5.0439e-02 1.5550e-02 1.5550e-02 6.0748e-03 6.0748e-03 6.0748e-03 6.0748e-03 1.6786e-02 1.6786e-02 
2.51180 8.5580e-02 -5.2412e-02 4.4367e-02 -5.2017e-02 -1.0918e-01 7.2423e-02 -4.1928e-02 4.2859e-02 1.2425e-02 1.2425e-02 4.7322e-03 4.7322e-03 4.7322e-03 4.7322e-03 1.3295e-02 1.3295e-02 
1.58480 7.1579e-02 -4.1861e-02 3.4019e-02 -3.9749e-02 -8.9973e-02 5.4787e-02 -3.2698e-02 3.4154e-02 9.8799e-03 9.8799e-03 3.7119e-03 3.7119e-03 3.8764e-03 3.8764e-03 1.0586e-02 1.0586e-02 
7  7  4.716  0.937  
23
1000.00000 -1.0477e-02 4.8743e-02 3.7412e-01 -4.4906e-01 -4.1041e-01 4.6215e-01 -9.1201e-02 6.2247e-02 2.5606e-02 2.5606e-02 3.0052e-02 3.0052e-02 3.0052e-02 3.0052e-02 3.9186e-02 3.9186e-02 
630.95000 -6.8238e-03 3.1172e-02 2.8866e-01 -3.5496e-01 -3.1746e-01 3.7306e-01 -7.3294e-02 5.7187e-02 1.8124e-02 1.8124e-02 2.3670e-02 2.3670e-02 2.3670e-02 2.3670e-02 3.2010e-02 3.2010e-02 
398.10000 -7.1024e-03 1.8636e-02 2.2772e-01 -2.6956e-01 -2.5022e-01 2.8823e-01 -5.7430e-02 5.1202e-02 1.2583e-02 1.2583e-02 1.8350e-02 1.8350e-02 1.8350e-02 1.8350e-02 2.5705e-02 2.5705e-02 
251.18000 -8.2875e-03 1.0918e-02 1.8256e-01 -2.0136e-01 -1.9841e-01 2.1823e-01 -4.2616e-02 4.4583e-02 9.1557e-03 9.1557e-03 1.4157e-02 1.4157e-02 1.4157e-02 1.4157e-02 2.0231e-02 2.0231e-02 
158.48000 -9.6736e-03 8.4432e-03 1.4991e-01 -1.5269e-01 -1.6040e-01 1.6659e-01 -3.0022e-02 3.6719e-02 7.8625e-03 7.8625e-03 1.1122e-02 1.1122e-02 1.1122e-02 1.1122e-02 1.5710e-02 1.5710e-02 
100.00000 -8.8618e-03 7.7707e-03 1.2505e-01 -1.1920e-01 -1.3200e-01 1.2794e-01 -2.0757e-02 2.8377e-02 6.7687e-03 6.7687e-03 8.9104e-03 8.9104e-03 8.9104e-03 8.9104e-03 1.2059e-02 1.2059e-02 
63.09500 -6.5812e-03 7.8916e-03 1.0277e-01 -9.4192e-02 -1.0831e-01 9.7381e-02 -1.4928e-02 1.9854e-02 5.6773e-03 5.6773e-03 7.1247e-03 7.1247e-03 7.1247e-03 7.1247e-03 9.0225e-03 9.0225e-03 
39.81000 -4.1822e-03 8.3873e-03 8.5347e-02 -7.7210e-02 -9.1634e-02 7.7639e-02 -1.1699e-02 1.3295e-02 4.9264e-03 4.9264e-03 5.8784e-03 5.8784e-03 5.8784e-03 5.8784e-03 6.9179e-03 6.9179e-03 
25.11800 -1.6158e-03 8.0281e-03 6.8246e-02 -6.2948e-02 -7.6395e-02 6.3590e-02 -1.0554e-02 9.4408e-03 4.1361e-03 4.1361e-03 4.8033e-03 4.8033e-03 4.8033e-03 4.8033e-03 5.6275e-03 5.6275e-03 
15.84800 1.7189e-03 6.6389e-03 5.6885e-02 -5.3838e-02 -6.6129e-02 5.3402e-02 -1.0984e-02 6.8707e-03 3.4764e-03 3.4764e-03 4.0796e-03 4.0796e-03 4.0796e-03 4.0796e-03 4.9777e-03 4.9777e-03 
10.00000 4.0868e-03 4.7518e-03 4.4067e-02 -4.4002e-02 -5.3971e-02 4.5374e-02 -9.6981e-03 6.7044e-03 2.9634e-03 2.9634e-03 3.3132e-03 3.3132e-03 3.3132e-03 3.3132e-03 4.3249e-03 4.3249e-03 
6.30950 4.5246e-03 2.2681e-03 3.3371e-02 -3.5700e-02 -4.2524e-02 3.8795e-02 -7.9128e-03 6.7286e-03 2.3590e-03 2.3590e-03 2.6519e-03 2.6519e-03 2.6519e-03 2.6519e-03 3.6677e-03 3.6677e-03 
3.98100 4.2638e-03 4.6650e-04 2.4943e-02 -2.8455e-02 -3.2402e-02 3.1650e-02 -5.6190e-03 6.1528e-03 1.9110e-03 1.9110e-03 2.0700e-03 2.0700e-03 2.0700e-03 2.0700e-03 2.9141e-03 2.9141e-03 
2.51180 3.9813e-03 -5.0768e-04 1.8479e-02 -2.1596e-02 -2.4684e-02 2.4595e-02 -3.5849e-03 5.1198e-03 1.6021e-03 1.6021e-03 1.5735e-03 1.5735e-03 1.5735e-03 1.5735e-03 2.2136e-03 2.2136e-03 
1.58480 3.6702e-03 -6.4174e-04 1.4318e-02 -1.5569e-02 -1.9718e-02 1.8051e-02 -2.5685e-03 4.0748e-03 1.3316e-03 1.3316e-03 1.5400e-03 1.5400e-03 1.1890e-03 1.1890e-03 1.7021e-03 1.7021e-03 
1.00000 3.3543e-03 -8.4495e-04 1.2012e-02 -1.0772e-02 -1.6400e-02 1.4136e-02 -1.8626e-03 2.9265e-03 1.1206e-03 1.1206e-03 1.5338e-03 1.5338e-03 9.3452e-04 9.3452e-04 1.3000e-03 1.3000e-03 
0.63095 3.0024e-03 -1.0369e-03 1.0475e-02 -7.7111e-03 -1.3761e-02 1.1864e-02 -1.3961e-03 2.0071e-03 9.6417e-04 9.6417e-04 1.3533e-03 1.3533e-03 9.9806e-04 9.9806e-04 9.9976e-04 9.9976e-04 
0.39810 3.9746e-03 -8.5671e-04 8.8280e-03 -5.6526e-03 -1.1895e-02 9.6957e-03 -9.6265e-04 1.2379e-03 9.7927e-04 9.7927e-04 1.0704e-03 1.0704e-03 1.1716e-03 1.1716e-03 7.3583e-04 7.3583e-04 
0.25118 3.6473e-03 -8.2689e-04 8.1867e-03 -3.9934e-03 -9.3199e-03 8.2455e-03 -3.4128e-04 8.8631e-04 8.7548e-04 8.7548e-04 7.8161e-04 7.8161e-04 1.4276e-03 1.4276e-03 5.1567e-04 5.1567e-04 
0.15848 3.0175e-03 -7.3989e-04 8.1221e-03 -3.0175e-03 -6.3857e-03 6.7986e-03 -7.5812e-05 8.2075e-04 7.7826e-04 7.7826e-04 5.1118e-04 5.1118e-04 1.6288e-03 1.6288e-03 4.1591e-04 4.1591e-04 
0.10000 2.7470e-03 -5.7584e-04 7.7228e-03 -2.7949e-03 -4.6844e-03 5.3366e-03 -1.5158e-05 5.3784e-04 7.2018e-04 7.2018e-04 3.8184e-04 3.8184e-04 1.6115e-03 1.6115e-03 2.9320e-04 2.9320e-04 
0.06309 1.0372e-03 -5.4048e-04 6.8596e-03 -2.5204e-03 -3.7142e-03 4.2798e-03 -3.3140e-05 2.8697e-04 4.3853e-04 4.3853e-04 3.2176e-04 3.2176e-04 1.0761e-03 1.0761e-03 1.9192e-04 1.9192e-04 
0.03981 3.1679e-04 -5.5204e-04 5.6109e-03 -2.0377e-03 -3.2062e-03 3.4057e-03 -2.5649e-04 1.2005e-04 2.9238e-04 2.9238e-04 2.6420e-04 2.6420e-04 5.2055e-04 5.2055e-04 1.7264e-04 1.7264e-04 
8  8  0.282  -0.095  
8
1000.00000 -1.5636e+00 6.6226e-01 1.3333e+00 -1.2461e+00 -1.0466e+00 7.2698e-01 7.1768e-02 -8.8363e-02 2.6405e-01 2.6405e-01 7.6249e-02 7.6249e-02 7.6249e-02 7.6249e-02 5.7131e-02 5.7131e-02 
630.95000 -1.4220e+00 6.6468e-01 9.5849e-01 -1.0865e+00 -8.4529e-01 6.1168e-01 7.0021e-02 -7.9005e-02 2.2621e-01 2.2621e-01 6.1476e-02 6.1476e-02 6.1476e-02 6.1476e-02 4.9783e-02 4.9783e-02 
398.10000 -1.2414e+00 6.2282e-01 6.8537e-01 -8.6254e-01 -7.0300e-01 5.0125e-01 6.3674e-02 -6.2472e-02 1.8555e-01 1.8555e-01 4.8765e-02 4.8765e-02 4.8765e-02 4.8765e-02 4.1628e-02 4.1628e-02 
251.18000 -1.0473e+00 5.8560e-01 4.9743e-01 -6.9156e-01 -5.8683e-01 3.9722e-01 4.9311e-02 -6.8287e-02 1.5165e-01 1.5165e-01 3.8848e-02 3.8848e-02 3.8848e-02 3.8848e-02 3.6647e-02 3.6647e-02 
158.48000 -8.2134e-01 5.4112e-01 3.6128e-01 -5.3792e-01 -4.8985e-01 3.1503e-01 2.9333e-02 -6.2075e-02 1.1975e-01 1.1975e-01 3.0716e-02 3.0716e-02 3.0716e-02 3.0716e-02 2.9995e-02 2.9995e-02 
100.00000 -6.5692e-01 4.8556e-01 2.5980e-01 -4.1533e-01 -4.0851e-01 2.4024e-01 8.7260e-03 -5.3150e-02 9.4891e-02 9.4891e-02 2.4092e-02 2.4092e-02 2.4092e-02 2.4092e-02 2.3965e-02 2.3965e-02 
25.11800 -3.8354e-01 2.4053e-01 1.1069e-01 -1.6867e-01 -3.0674e-01 1.4787e-01 -2.0182e-02 -1.4105e-02 4.5333e-02 4.5333e-02 1.3105e-02 1.3105e-02 1.3105e-02 1.3105e-02 1.3735e-02 1.3735e-02 
15.84800 -3.2604e-01 2.0766e-01 7.8045e-02 -1.1884e-01 -2.7293e-01 1.3769e-01 -2.1368e-02 -4.9940e-03 3.5165e-02 3.5165e-02 1.0424e-02 1.0424e-02 1.0424e-02 1.0424e-02 1.2285e-02 1.2285e-02 
9  9  -1.855  0.526  
17
1000.00000 -2.3196e-02 -1.5505e-03 3.1980e-01 -3.7737e-01 -3.1689e-01 3.6736e-01 -5.3015e-03 -3.2343e-04 1.6085e-02 1.6085e-02 2.4494e-02 2.4494e-02 2.4494e-02 2.4494e-02 7.6144e-03 7.6144e-03 
630.95000 -1.2981e-02 4.6059e-03 2.4134e-01 -2.9681e-01 -2.4194e-01 2.8881e-01 -5.3623e-03 2.8381e-03 1.0889e-02 1.0889e-02 1.8982e-02 1.8982e-02 1.8982e-02 1.8982e-02 7.1716e-03 7.1716e-03 
398.10000 -2.2972e-03 1.0614e-02 1.9152e-01 -2.2466e-01 -1.8805e-01 2.2578e-01 -1.3537e-03 2.6615e-03 8.4934e-03 8.4934e-03 1.4726e-02 1.4726e-02 1.4726e-02 1.4726e-02 4.4431e-03 4.4431e-03 
251.18000 3.8401e-03 6.8051e-03 1.4785e-01 -1.7818e-01 -1.4368e-01 1.7889e-01 -2.6935e-04 2.2489e-03 6.3801e-03 6.3801e-03 1.1524e-02 1.1524e-02 1.1524e-02 1.1524e-02 3.4195e-03 3.4195e-03 
158.48000 5.2223e-03 2.7928e-03 1.0982e-01 -1.3812e-01 -1.0492e-01 1.4052e-01 9.0185e-04 2.6442e-03 4.8490e-03 4.8490e-03 8.7957e-03 8.7957e-03 8.7957e-03 8.7957e-03 3.3202e-03 3.3202e-03 
100.00000 4.2712e-03 -1.1813e-04 8.0139e-02 -1.0573e-01 -7.5518e-02 1.0487e-01 5.4178e-03 2.7773e-03 3.5714e-03 3.5714e-03 6.5470e-03 6.5470e-03 6.5470e-03 6.5470e-03 4.2075e-03 4.2075e-03 
63.09500 3.8033e-03 -3.6879e-03 6.7483e-02 -7.3754e-02 -6.0774e-02 7.3328e-02 8.3700e-03 -1.2238e-03 3.4519e-03 3.4519e-03 4.8787e-03 4.8787e-03 4.8787e-03 4.8787e-03 4.2575e-03 4.2575e-03 
39.81000 1.6113e-03 -3.8419e-03 5.6043e-02 -5.1778e-02 -5.3072e-02 4.7058e-02 1.1295e-02 -2.8026e-03 2.6744e-03 2.6744e-03 3.6783e-03 3.6783e-03 3.6783e-03 3.6783e-03 4.3097e-03 4.3097e-03 
25.11800 -2.2597e-03 -4.9773e-03 4.9926e-02 -3.9508e-02 -4.2853e-02 3.4755e-02 5.9947e-03 -5.9305e-04 2.7983e-03 2.7983e-03 3.9448e-03 3.9448e-03 2.9634e-03 2.9634e-03 2.7347e-03 2.7347e-03 
15.84800 -7.0331e-03 -6.2919e-03 4.3808e-02 -2.9893e-02 -3.8059e-02 2.5393e-02 2.9105e-03 -7.3674e-04 3.3557e-03 3.3557e-03 3.5566e-03 3.5566e-03 2.4630e-03 2.4630e-03 1.7580e-03 1.7580e-03 
10.00000 -1.0967e-02 -5.5141e-03 3.8324e-02 -2.5301e-02 -3.5307e-02 2.1496e-02 2.0554e-03 -5.3196e-04 3.5614e-03 3.5614e-03 2.1784e-03 2.1784e-03 2.1784e-03 2.1784e-03 1.4052e-03 1.4052e-03 
6.30950 -1.2844e-02 -3.8710e-03 3.2379e-02 -2.2300e-02 -3.1830e-02 1.8503e-02 1.7991e-03 -6.0332e-05 3.4448e-03 3.4448e-03 1.9023e-03 1.9023e-03 1.9023e-03 1.9023e-03 1.2211e-03 1.2211e-03 
3.98100 -1.2838e-02 -1.4658e-03 2.6377e-02 -2.0248e-02 -2.7803e-02 1.6779e-02 1.8424e-03 -3.5595e-05 3.1093e-03 3.1093e-03 2.1762e-03 2.1762e-03 1.6430e-03 1.6430e-03 1.1604e-03 1.1604e-03 
2.51180 -1.2056e-02 2.8463e-04 2.1218e-02 -1.5913e-02 -2.3005e-02 1.4823e-02 2.5514e-03 -3.7610e-05 2.6827e-03 2.6827e-03 1.8263e-03 1.8263e-03 1.3471e-03 1.3471e-03 1.2535e-03 1.2535e-03 
1.58480 -1.0095e-02 8.3365e-04 1.7579e-02 -1.2064e-02 -2.0839e-02 1.2033e-02 3.5944e-03 9.2377e-04 2.2043e-03 2.2043e-03 1.2698e-03 1.2698e-03 1.3472e-03 1.3472e-03 1.4175e-03 1.4175e-03 
1.00000 -8.5835e-03 1.5867e-03 1.4289e-02 -8.6292e-03 -1.9000e-02 9.8332e-03 4.3209e-03 5.1577e-04 1.8106e-03 1.8106e-03 1.2537e-03 1.2537e-03 2.1855e-03 2.1855e-03 1.4473e-03 1.4473e-03 
0.63095 -7.4177e-03 2.3682e-03 1.2245e-02 -5.5890e-03 -1.6800e-02 7.6322e-03 4.9880e-03 3.6519e-06 1.5356e-03 1.5356e-03 9.5554e-04 9.5554e-04 2.4111e-03 2.4111e-03 1.4391e-03 1.4391e-03 
10  10  -0.142  -1.905  
7
39.81000 -5.4690e-02 1.0572e-02 1.5045e-01 -1.6374e-01 -1.7691e-01 1.4320e-01 8.9324e-02 -6.4459e-02 1.6694e-02 1.6694e-02 1.1248e-02 1.1248e-02 1.1248e-02 1.1248e-02 2.3751e-02 2.3751e-02 
25.11800 -4.0842e-02 1.6339e-02 1.2024e-01 -1.3082e-01 -1.4628e-01 1.1654e-01 6.6551e-02 -5.1797e-02 1.3261e-02 1.3261e-02 9.1149e-03 9.1149e-03 9.1149e-03 9.1149e-03 1.8839e-02 1.8839e-02 
15.84800 -3.1640e-02 1.9210e-02 9.6376e-02 -1.0430e-01 -1.2342e-01 9.8788e-02 5.5956e-02 -4.4486e-02 1.0875e-02 1.0875e-02 7.4917e-03 7.4917e-03 7.4917e-03 7.4917e-03 1.5946e-02 1.5946e-02 
10.00000 -2.1297e-02 2.0000e-02 7.3787e-02 -8.0126e-02 -1.0070e-01 8.4628e-02 4.0955e-02 -3.4571e-02 8.4618e-03 8.4618e-03 5.9850e-03 5.9850e-03 5.9850e-03 5.9850e-03 1.2595e-02 1.2595e-02 
6.30950 -1.5840e-02 1.9496e-02 5.8464e-02 -6.2369e-02 -7.9364e-02 7.3328e-02 3.3089e-02 -2.9043e-02 6.9510e-03 6.9510e-03 4.8055e-03 4.8055e-03 4.8055e-03 4.8055e-03 1.0346e-02 1.0346e-02 
3.98100 -1.0697e-02 1.7623e-02 4.5771e-02 -4.9949e-02 -6.1059e-02 6.1663e-02 2.7485e-02 -2.3780e-02 5.6059e-03 5.6059e-03 3.8338e-03 3.8338e-03 3.8338e-03 3.8338e-03 8.4239e-03 8.4239e-03 
2.51180 -9.5835e-03 1.5567e-02 3.7025e-02 -3.7375e-02 -5.0869e-02 4.6752e-02 2.3395e-02 -1.9683e-02 4.6518e-03 4.6518e-03 3.0145e-03 3.0145e-03 3.2499e-03 3.2499e-03 6.8940e-03 6.8940e-03 
11  11  -0.058  1.069  
23
1000.00000 -2.4018e-02 1.6895e-02 3.8294e-01 -3.6655e-01 -4.0401e-01 3.8120e-01 1.2316e-02 2.0084e-04 1.8715e-02 1.8715e-02 2.7132e-02 2.7132e-02 2.7132e-02 2.7132e-02 1.2407e-02 1.2407e-02 
630.95000 -1.8536e-02 1.6203e-02 3.0046e-01 -2.9819e-01 -3.1182e-01 3.0892e-01 8.5760e-03 -2.3228e-03 1.5313e-02 1.5313e-02 2.1553e-02 2.1553e-02 2.1553e-02 2.1553e-02 9.3674e-03 9.3674e-03 
398.10000 -1.1276e-02 1.1894e-02 2.4259e-01 -2.3606e-01 -2.4990e-01 2.5022e-01 7.2024e-03 -2.1098e-03 1.1172e-02 1.1172e-02 1.7299e-02 1.7299e-02 1.7299e-02 1.7299e-02 7.7276e-03 7.7276e-03 
251.18000 -4.8276e-03 5.7551e-03 1.9691e-01 -1.8981e-01 -1.9596e-01 2.0385e-01 6.4157e-03 -2.2259e-03 6.7989e-03 6.7989e-03 1.3905e-02 1.3905e-02 1.3905e-02 1.3905e-02 6.5730e-03 6.5730e-03 
158.48000 -4.7814e-03 -6.4765e-03 1.5788e-01 -1.5213e-01 -1.5029e-01 1.6311e-01 5.2254e-03 -2.5965e-03 6.3017e-03 6.3017e-03 1.1026e-02 1.1026e-02 1.1026e-02 1.1026e-02 5.3961e-03 5.3961e-03 
100.00000 -1.1998e-02 -1.5922e-02 1.2498e-01 -1.1853e-01 -1.1262e-01 1.2231e-01 4.6849e-03 -2.1969e-03 8.7900e-03 8.7900e-03 8.4612e-03 8.4612e-03 8.4612e-03 8.4612e-03 4.3996e-03 4.3996e-03 
63.09500 -2.1487e-02 -1.8477e-02 1.0504e-01 -9.4663e-02 -8.9537e-02 9.2041e-02 4.4097e-03 -1.3257e-03 9.4953e-03 9.4953e-03 6.7373e-03 6.7373e-03 6.7373e-03 6.7373e-03 3.6474e-03 3.6474e-03 
39.81000 -2.9718e-02 -1.8305e-02 8.6349e-02 -7.1857e-02 -7.2867e-02 5.8634e-02 3.6992e-03 -7.2081e-04 9.3925e-03 9.3925e-03 5.1251e-03 5.1251e-03 5.1251e-03 5.1251e-03 2.8162e-03 2.8162e-03 
25.11800 -3.7943e-02 -1.3399e-02 7.3487e-02 -6.1553e-02 -6.9331e-02 4.2457e-02 2.6145e-03 -1.0540e-03 9.3161e-03 9.3161e-03 4.4140e-03 4.4140e-03 4.4140e-03 4.4140e-03 2.2708e-03 2.2708e-03 
15.84800 -4.1642e-02 -7.0346e-03 6.0003e-02 -5.2262e-02 -6.6660e-02 3.3651e-02 2.9499e-03 -9.1576e-04 8.6955e-03 8.6955e-03 3.8542e-03 3.8542e-03 3.8542e-03 3.8542e-03 2.2780e-03 2.2780e-03 
10.00000 -4.2467e-02 7.0523e-04 4.6003e-02 -4.3638e-02 -6.1518e-02 3.0540e-02 2.2310e-03 -1.5011e-04 7.7843e-03 7.7843e-03 3.2996e-03 3.2996e-03 3.2996e-03 3.2996e-03 1.8589e-03 1.8589e-03 
6.30950 -4.0261e-02 7.1037e-03 3.4993e-02 -3.5079e-02 -5.4270e-02 2.9473e-02 2.2034e-03 3.0274e-04 6.7511e-03 6.7511e-03 2.7658e-03 2.7658e-03 2.7658e-03 2.7658e-03 1.7580e-03 1.7580e-03 
3.98100 -3.5019e-02 1.0622e-02 2.6301e-02 -2.6577e-02 -4.5437e-02 2.7551e-02 2.6629e-03 9.0743e-04 5.5486e-03 5.5486e-03 2.2287e-03 2.2287e-03 2.2287e-03 2.2287e-03 1.8340e-03 1.8340e-03 
2.51180 -2.9851e-02 1.2211e-02 2.1230e-02 -1.9963e-02 -3.7401e-02 2.3078e-02 3.3129e-03 1.1061e-03 4.5985e-03 4.5985e-03 1.7893e-03 1.7893e-03 1.7893e-03 1.7893e-03 1.8584e-03 1.8584e-03 
1.58480 -2.5356e-02 1.1590e-02 1.7551e-02 -1.4145e-02 -3.2361e-02 1.9335e-02 3.7115e-03 8.1331e-04 3.7603e-03 3.7603e-03 1.4575e-03 1.4575e-03 1.4575e-03 1.4575e-03 1.7952e-03 1.7952e-03 
1.00000 -2.1722e-02 1.0588e-02 1.5191e-02 -1.0194e-02 -2.8514e-02 1.6226e-02 4.0059e-03 7.0259e-04 3.1538e-03 3.1538e-03 1.2249e-03 1.2249e-03 1.2249e-03 1.2249e-03 1.7327e-03 1.7327e-03 
0.63095 -1.8746e-02 8.3757e-03 1.3564e-02 -7.8805e-03 -2.5011e-02 1.1796e-02 4.0055e-03 -3.5249e-05 2.6921e-03 2.6921e-03 1.0414e-03 1.0414e-03 1.2708e-03 1.2708e-03 1.5787e-03 1.5787e-03 
0.39810 -1.6764e-02 8.2659e-03 1.2562e-02 -5.9735e-03 -2.0913e-02 1.2521e-02 4.0544e-03 -3.5905e-04 2.4187e-03 2.4187e-03 1.2133e-03 1.2133e-03 1.2326e-03 1.2326e-03 1.4941e-03 1.4941e-03 
0.25118 -1.4832e-02 7.7630e-03 1.1669e-02 -4.8761e-03 -1.6843e-02 1.1042e-02 2.9726e-03 -8.3066e-04 2.1826e-03 2.1826e-03 1.2740e-03 1.2740e-03 1.1161e-03 1.1161e-03 1.1826e-03 1.1826e-03 
0.15848 -1.2464e-02 7.6321e-03 1.0835e-02 -3.9934e-03 -1.3128e-02 9.6186e-03 2.8457e-03 -1.0372e-03 1.9486e-03 1.9486e-03 1.3616e-03 1.3616e-03 9.4673e-04 9.4673e-04 1.0531e-03 1.0531e-03 
0.10000 -1.0270e-02 6.9485e-03 9.9029e-03 -3.3515e-03 -1.0334e-02 8.0972e-03 2.5931e-03 -1.1080e-03 1.7079e-03 1.7079e-03 1.0320e-03 1.0320e-03 1.1276e-03 1.1276e-03 9.1269e-04 9.1269e-04 
0.06309 -7.7797e-03 6.0777e-03 8.7585e-03 -3.0851e-03 -7.9071e-03 6.5243e-03 2.0021e-03 -9.9840e-04 1.4362e-03 1.4362e-03 8.7887e-04 8.7887e-04 7.7460e-04 7.7460e-04 7.1834e-04 7.1834e-04 
0.03981 -5.9572e-03 4.3517e-03 7.6033e-03 -2.4621e-03 -6.0332e-03 5.5358e-03 1.6899e-03 -4.2629e-04 1.1518e-03 1.1518e-03 7.7714e-04 7.7714e-04 5.6549e-04 5.6549e-04 5.6665e-04 5.6665e-04 
12  12  -2.802  3.302  
21
1000.00000 -5.9140e-02 5.7490e-03 3.5197e-01 -4.0452e-01 -3.8631e-01 4.1474e-01 1.8781e-01 -1.6026e-01 2.6775e-02 2.6775e-02 2.7565e-02 2.7565e-02 2.7565e-02 2.7565e-02 5.6112e-02 5.6112e-02 
630.95000 -4.6079e-02 2.8346e-02 2.5141e-01 -3.1816e-01 -2.8141e-01 3.3984e-01 1.3380e-01 -1.3558e-01 2.2217e-02 2.2217e-02 2.1149e-02 2.1149e-02 2.1149e-02 2.1149e-02 4.3486e-02 4.3486e-02 
398.10000 -3.5295e-02 3.0065e-02 1.7711e-01 -2.3780e-01 -2.0778e-01 2.6195e-01 9.2401e-02 -1.0592e-01 1.7587e-02 1.7587e-02 1.5743e-02 1.5743e-02 1.5743e-02 1.5743e-02 3.2518e-02 3.2518e-02 
251.18000 -2.5362e-02 2.5779e-02 1.2993e-01 -1.7822e-01 -1.5439e-01 1.9897e-01 6.6364e-02 -8.0915e-02 1.3396e-02 1.3396e-02 1.1784e-02 1.1784e-02 1.1784e-02 1.1784e-02 2.4351e-02 2.4351e-02 
158.48000 -1.8984e-02 2.1074e-02 1.0078e-01 -1.3394e-01 -1.1732e-01 1.5075e-01 5.1812e-02 -6.1530e-02 1.0343e-02 1.0343e-02 8.9469e-03 8.9469e-03 8.9469e-03 8.9469e-03 1.8594e-02 1.8594e-02 
100.00000 -1.6078e-02 1.7969e-02 8.1942e-02 -1.0084e-01 -9.4133e-02 1.1469e-01 4.2022e-02 -4.7872e-02 8.3961e-03 8.3961e-03 6.9425e-03 6.9425e-03 6.9425e-03 6.9425e-03 1.4582e-02 1.4582e-02 
63.09500 -1.4040e-02 1.3401e-02 6.8264e-02 -7.8659e-02 -7.8960e-02 8.9346e-02 3.2637e-02 -3.6865e-02 6.7441e-03 6.7441e-03 5.5719e-03 5.5719e-03 5.5719e-03 5.5719e-03 1.1493e-02 1.1493e-02 
39.81000 -1.1902e-02 8.7005e-03 5.2753e-02 -5.7078e-02 -5.9777e-02 6.2770e-02 2.8319e-02 -2.6689e-02 5.0775e-03 5.0775e-03 4.1039e-03 4.1039e-03 4.1039e-03 4.1039e-03 8.7116e-03 8.7116e-03 
25.11800 -8.3525e-03 3.5579e-03 4.3978e-02 -4.5896e-02 -4.7576e-02 4.7007e-02 2.4041e-02 -2.1127e-02 3.6034e-03 3.6034e-03 3.2601e-03 3.2601e-03 3.2601e-03 3.2601e-03 6.9399e-03 6.9399e-03 
15.84800 -7.3668e-03 -3.2942e-04 3.6471e-02 -3.5527e-02 -3.8796e-02 3.4052e-02 1.8238e-02 -1.5993e-02 2.9065e-03 2.9065e-03 2.5633e-03 2.5633e-03 2.5633e-03 2.5633e-03 5.3078e-03 5.3078e-03 
10.00000 -7.2131e-03 -4.3430e-03 3.0013e-02 -2.7207e-02 -3.3438e-02 2.3996e-02 1.0543e-02 -7.9736e-03 2.7702e-03 2.7702e-03 2.0416e-03 2.0416e-03 2.0416e-03 2.0416e-03 3.4987e-03 3.4987e-03 
6.30950 -6.7351e-03 -7.2091e-03 2.5031e-02 -2.1420e-02 -3.0264e-02 1.9177e-02 2.4977e-03 -1.8268e-05 2.7043e-03 2.7043e-03 1.7178e-03 1.7178e-03 1.7178e-03 1.7178e-03 1.4190e-03 1.4190e-03 
3.98100 -8.5348e-03 -5.2811e-03 1.9362e-02 -1.7476e-02 -2.6249e-02 1.5895e-02 1.7188e-03 1.4467e-03 2.4269e-03 2.4269e-03 1.4145e-03 1.4145e-03 1.4145e-03 1.4145e-03 1.2455e-03 1.2455e-03 
2.51180 -9.6983e-03 -2.6325e-03 1.5430e-02 -1.3333e-02 -2.3133e-02 1.3174e-02 2.6444e-03 1.5008e-03 2.1473e-03 2.1473e-03 1.2367e-03 1.2367e-03 1.1650e-03 1.1650e-03 1.3495e-03 1.3495e-03 
1.58480 -9.5618e-03 -7.7403e-04 1.2753e-02 -9.9605e-03 -1.9851e-02 1.0623e-02 3.3066e-03 8.7931e-04 1.8689e-03 1.8689e-03 1.3267e-03 1.3267e-03 9.5436e-04 9.5436e-04 1.3165e-03 1.3165e-03 
1.00000 -8.9666e-03 4.7685e-04 1.1142e-02 -7.2432e-03 -1.7354e-02 9.2278e-03 3.6503e-03 1.9963e-04 1.6385e-03 1.6385e-03 9.8250e-04 9.8250e-04 8.0808e-04 8.0808e-04 1.2715e-03 1.2715e-03 
0.63095 -7.8815e-03 1.8468e-03 1.0219e-02 -5.1590e-03 -1.5102e-02 8.6405e-03 3.5143e-03 -2.3133e-04 1.4439e-03 1.4439e-03 8.7668e-04 8.7668e-04 8.2781e-04 8.2781e-04 1.1742e-03 1.1742e-03 
0.39810 -6.9540e-03 2.1201e-03 9.2483e-03 -3.9629e-03 -1.1173e-02 7.4617e-03 3.0597e-03 -1.0269e-03 1.2829e-03 1.2829e-03 7.5439e-04 7.5439e-04 1.3168e-03 1.3168e-03 9.8773e-04 9.8773e-04 
0.15848 -5.2018e-03 3.0647e-03 7.6250e-03 -3.0805e-03 -7.9176e-03 6.4079e-03 1.9593e-03 -1.0708e-03 1.0569e-03 1.0569e-03 6.4529e-04 6.4529e-04 5.0590e-04 5.0590e-04 7.1534e-04 7.1534e-04 
0.10000 -4.0200e-03 2.9941e-03 7.0488e-03 -2.5991e-03 -6.0726e-03 5.1602e-03 1.5121e-03 -9.3813e-04 9.2049e-04 9.2049e-04 5.2532e-04 5.2532e-04 7.5546e-04 7.5546e-04 5.6486e-04 5.6486e-04 
0.06309 -2.7050e-03 2.4131e-03 6.5460e-03 -2.2740e-03 -4.8410e-03 4.0340e-03 1.3932e-03 -8.7220e-04 7.5179e-04 7.5179e-04 7.5143e-04 7.5143e-04 1.0415e-03 1.0415e-03 4.8275e-04 4.8275e-04 
13  13  -5.640  -1.532  
15
1000.00000 1.6271e-02 -2.3395e-02 3.0515e-01 -3.4356e-01 -3.3009e-01 3.4379e-01 -5.0430e-03 2.2559e-02 1.7165e-02 1.7165e-02 2.3399e-02 2.3399e-02 2.3399e-02 2.3399e-02 1.5744e-02 1.5744e-02 
630.95000 1.3479e-02 -1.7382e-02 2.4151e-01 -2.7001e-01 -2.4415e-01 2.7687e-01 -6.3710e-03 1.5668e-02 1.3390e-02 1.3390e-02 1.8284e-02 1.8284e-02 1.8284e-02 1.8284e-02 1.1853e-02 1.1853e-02 
398.10000 1.0166e-02 -1.2825e-02 1.8855e-01 -2.1702e-01 -1.9094e-01 2.2092e-01 -7.8018e-03 1.2059e-02 1.0289e-02 1.0289e-02 1.4487e-02 1.4487e-02 1.4487e-02 1.4487e-02 9.7140e-03 9.7140e-03 
251.18000 8.9451e-03 -9.5060e-03 1.4585e-01 -1.7465e-01 -1.4856e-01 1.7744e-01 -7.2005e-03 1.0844e-02 8.1747e-03 8.1747e-03 1.1473e-02 1.1473e-02 1.1473e-02 1.1473e-02 8.2326e-03 8.2326e-03 
158.48000 7.7513e-03 -9.5198e-03 1.1008e-01 -1.3858e-01 -1.1192e-01 1.3960e-01 -4.4212e-03 1.0772e-02 6.9918e-03 6.9918e-03 8.8975e-03 8.8975e-03 8.8975e-03 8.8975e-03 6.8467e-03 6.8467e-03 
100.00000 5.7023e-03 -1.0235e-02 8.0099e-02 -1.0470e-01 -8.0231e-02 1.0621e-01 -4.2436e-04 1.0768e-02 5.8950e-03 5.8950e-03 6.6232e-03 6.6232e-03 6.6232e-03 6.6232e-03 5.6810e-03 5.6810e-03 
63.09500 9.7834e-04 -1.1832e-02 6.3565e-02 -7.9722e-02 -6.2060e-02 7.7315e-02 3.7312e-03 9.1234e-03 5.2188e-03 5.2188e-03 5.0271e-03 5.0271e-03 5.0271e-03 5.0271e-03 4.6891e-03 4.6891e-03 
39.81000 -3.1780e-03 -1.0487e-02 4.9790e-02 -5.6634e-02 -5.0059e-02 5.4196e-02 7.3413e-03 5.0239e-03 4.3118e-03 4.3118e-03 3.7294e-03 3.7294e-03 3.7294e-03 3.7294e-03 3.8428e-03 3.8428e-03 
25.11800 -4.7697e-03 -1.0470e-02 4.1779e-02 -4.4586e-02 -4.2762e-02 4.0409e-02 7.2651e-03 1.4374e-03 3.9771e-03 3.9771e-03 2.9979e-03 2.9979e-03 2.9979e-03 2.9979e-03 3.1311e-03 3.1311e-03 
10.00000 -1.2627e-02 -6.8844e-03 2.5265e-02 -2.8665e-02 -3.4420e-02 2.2784e-02 3.9031e-03 -1.8953e-03 3.5163e-03 3.5163e-03 1.9857e-03 1.9857e-03 1.9857e-03 1.9857e-03 2.0074e-03 2.0074e-03 
6.30950 -1.4359e-02 -4.0724e-03 1.8266e-02 -2.2168e-02 -3.0118e-02 1.9346e-02 1.7746e-03 -1.0435e-03 3.1058e-03 3.1058e-03 1.6033e-03 1.6033e-03 1.6033e-03 1.6033e-03 1.2877e-03 1.2877e-03 
3.98100 -1.5201e-02 -1.3176e-03 1.3041e-02 -1.6562e-02 -2.5064e-02 1.6813e-02 1.3472e-03 -4.4647e-04 2.6901e-03 2.6901e-03 1.2612e-03 1.2612e-03 1.2612e-03 1.2612e-03 9.8173e-04 9.8173e-04 
2.51180 -1.4867e-02 3.1666e-04 1.0567e-02 -1.1531e-02 -2.0708e-02 1.3313e-02 1.7179e-03 -3.2081e-05 2.2876e-03 2.2876e-03 9.8113e-04 9.8113e-04 9.8113e-04 9.8113e-04 9.7556e-04 9.7556e-04 
1.58480 -1.3979e-02 1.9129e-03 9.4692e-03 -7.7252e-03 -1.8435e-02 1.1159e-02 2.3195e-03 -6.1628e-06 1.9696e-03 1.9696e-03 1.1360e-03 1.1360e-03 8.3317e-04 8.3317e-04 1.0605e-03 1.0605e-03 
1.00000 -1.2425e-02 1.9153e-03 8.4102e-03 -5.0429e-03 -1.7084e-02 8.8121e-03 2.6142e-03 -2.8275e-04 1.6655e-03 1.6655e-03 1.2973e-03 1.2973e-03 1.1511e-03 1.1511e-03 1.0664e-03 1.0664e-03 
14  14  -0.803  -0.561  
12
1000.00000 4.8658e-01 -3.8065e-01 1.0362e+00 -1.5122e+00 -8.9477e-01 9.5509e-01 -3.5115e-01 5.9539e-01 1.5963e-01 1.5963e-01 7.7446e-02 7.7446e-02 7.7446e-02 7.7446e-02 1.4267e-01 1.4267e-01 
630.95000 4.4434e-01 -3.3964e-01 8.1528e-01 -1.1788e+00 -7.5725e-01 7.0155e-01 -2.5076e-01 4.7043e-01 1.3430e-01 1.3430e-01 6.0818e-02 6.0818e-02 6.0818e-02 6.0818e-02 1.1127e-01 1.1127e-01 
398.10000 4.0134e-01 -2.8329e-01 6.4184e-01 -9.3175e-01 -6.5545e-01 5.2947e-01 -1.7786e-01 3.5799e-01 1.1183e-01 1.1183e-01 4.8819e-02 4.8819e-02 4.8819e-02 4.8819e-02 8.7053e-02 8.7053e-02 
251.18000 3.3224e-01 -2.4110e-01 4.8429e-01 -7.2037e-01 -5.6898e-01 4.2314e-01 -1.1834e-01 2.6083e-01 8.9540e-02 8.9540e-02 3.9227e-02 3.9227e-02 3.9227e-02 3.9227e-02 6.7599e-02 6.7599e-02 
158.48000 2.5766e-01 -2.0173e-01 3.5137e-01 -5.5109e-01 -4.8967e-01 3.3350e-01 -7.7059e-02 1.8169e-01 6.9369e-02 6.9369e-02 3.1113e-02 3.1113e-02 3.1113e-02 3.1113e-02 5.1292e-02 5.1292e-02 
100.00000 1.8530e-01 -1.6276e-01 2.4231e-01 -4.0300e-01 -4.1873e-01 2.6950e-01 -5.0165e-02 1.2005e-01 5.1083e-02 5.1083e-02 2.4195e-02 2.4195e-02 2.4195e-02 2.4195e-02 3.8181e-02 3.8181e-02 
63.09500 1.5335e-01 -1.2767e-01 1.4027e-01 -2.8441e-01 -3.6527e-01 2.2183e-01 -3.6529e-02 7.4763e-02 3.7732e-02 3.7732e-02 1.8407e-02 1.8407e-02 1.8407e-02 1.8407e-02 2.8286e-02 2.8286e-02 
39.81000 1.3394e-01 -9.7412e-02 1.1903e-01 -2.0732e-01 -3.2112e-01 1.7754e-01 -4.8666e-02 4.7678e-02 2.9847e-02 2.9847e-02 1.4809e-02 1.4809e-02 1.4809e-02 1.4809e-02 2.3716e-02 2.3716e-02 
25.11800 1.2813e-01 -8.1742e-02 9.3845e-02 -1.5551e-01 -2.9464e-01 1.5019e-01 -5.1124e-02 3.6178e-02 2.4922e-02 2.4922e-02 1.2254e-02 1.2254e-02 1.2254e-02 1.2254e-02 2.1588e-02 2.1588e-02 
15.84800 1.1569e-01 -5.1542e-02 9.9574e-02 -1.2453e-01 -2.6579e-01 1.2721e-01 -5.4042e-02 3.3099e-02 2.1316e-02 2.1316e-02 1.0838e-02 1.0838e-02 1.0838e-02 1.0838e-02 2.0498e-02 2.0498e-02 
10.00000 1.0971e-01 -5.1192e-02 7.7613e-02 -9.1346e-02 -2.3265e-01 1.1929e-01 -4.6042e-02 2.9929e-02 1.8070e-02 1.8070e-02 8.8515e-03 8.8515e-03 8.8515e-03 8.8515e-03 1.7973e-02 1.7973e-02 
6.30950 9.8886e-02 -4.9341e-02 5.4368e-02 -7.3470e-02 -1.9622e-01 1.1387e-01 -3.4969e-02 3.0420e-02 1.5075e-02 1.5075e-02 7.1999e-03 7.1999e-03 7.1999e-03 7.1999e-03 1.5381e-02 1.5381e-02 
15  15  1.008  0.413  
16
1000.00000 2.5604e-03 8.3812e-03 4.0207e-01 -4.1311e-01 -3.7785e-01 4.0941e-01 -2.2257e-02 -3.6457e-03 1.0662e-02 1.0662e-02 2.8336e-02 2.8336e-02 2.8336e-02 2.8336e-02 1.6814e-02 1.6814e-02 
630.95000 1.0145e-02 -5.6067e-03 3.1083e-01 -3.3049e-01 -2.8416e-01 3.3913e-01 -2.0659e-02 2.7145e-03 1.0878e-02 1.0878e-02 2.2402e-02 2.2402e-02 2.2402e-02 2.2402e-02 1.4402e-02 1.4402e-02 
398.10000 1.2271e-02 -2.0643e-02 2.3688e-01 -2.5881e-01 -2.0563e-01 2.7704e-01 -1.4177e-02 6.4358e-03 1.3769e-02 1.3769e-02 1.7396e-02 1.7396e-02 1.7396e-02 1.7396e-02 1.0994e-02 1.0994e-02 
251.18000 2.1900e-03 -3.4328e-02 1.8117e-01 -1.9919e-01 -1.4292e-01 2.1647e-01 -7.6148e-03 7.6037e-03 1.4436e-02 1.4436e-02 1.3214e-02 1.3214e-02 1.3214e-02 1.3214e-02 7.9250e-03 7.9250e-03 
158.48000 -1.5177e-02 -3.6512e-02 1.4159e-01 -1.5380e-01 -9.7500e-02 1.6083e-01 -1.8923e-03 5.9968e-03 1.3638e-02 1.3638e-02 9.9144e-03 9.9144e-03 9.9144e-03 9.9144e-03 5.1585e-03 5.1585e-03 
100.00000 -2.9652e-02 -3.0651e-02 1.1146e-01 -1.2256e-01 -7.1979e-02 1.1697e-01 -6.3761e-04 5.0083e-03 1.2608e-02 1.2608e-02 7.5420e-03 7.5420e-03 7.5420e-03 7.5420e-03 3.9499e-03 3.9499e-03 
63.09500 -3.9137e-02 -1.5225e-02 8.6423e-02 -9.6792e-02 -5.3177e-02 8.1354e-02 4.8220e-03 5.3504e-04 1.1073e-02 1.1073e-02 5.6151e-03 5.6151e-03 5.6151e-03 5.6151e-03 3.2572e-03 3.2572e-03 
39.81000 -4.0498e-02 -2.8431e-03 6.5554e-02 -7.8004e-02 -4.4805e-02 5.5340e-02 2.7031e-03 2.1700e-03 9.6475e-03 9.6475e-03 4.2589e-03 4.2589e-03 4.2589e-03 4.2589e-03 2.3566e-03 2.3566e-03 
25.11800 -3.6728e-02 4.1244e-03 4.9909e-02 -6.1044e-02 -3.9357e-02 4.0349e-02 -1.5859e-03 5.1319e-04 8.0975e-03 8.0975e-03 3.3333e-03 3.3333e-03 3.3333e-03 3.3333e-03 1.4539e-03 1.4539e-03 
15.84800 -3.2232e-02 8.2138e-03 3.8520e-02 -4.8092e-02 -3.2102e-02 3.2632e-02 -2.0372e-03 5.3484e-04 6.7907e-03 6.7907e-03 2.6554e-03 2.6554e-03 2.6554e-03 2.6554e-03 1.4728e-03 1.4728e-03 
10.00000 -2.6819e-02 1.1292e-02 2.9343e-02 -3.6490e-02 -2.7754e-02 2.6758e-02 -1.7040e-03 7.8508e-04 5.5369e-03 5.5369e-03 2.1244e-03 2.1244e-03 2.1244e-03 2.1244e-03 1.2757e-03 1.2757e-03 
6.30950 -2.1597e-02 1.2010e-02 2.2434e-02 -2.7572e-02 -2.2515e-02 2.2575e-02 -1.2438e-03 8.1751e-04 4.4457e-03 4.4457e-03 1.7905e-03 1.7905e-03 1.6832e-03 1.6832e-03 1.0333e-03 1.0333e-03 
3.98100 -1.6918e-02 1.1735e-02 1.6723e-02 -2.0891e-02 -1.7588e-02 1.6376e-02 -3.5770e-04 3.4579e-04 3.5209e-03 3.5209e-03 1.6542e-03 1.6542e-03 2.1729e-03 2.1729e-03 5.1866e-04 5.1866e-04 
2.51180 -1.3501e-02 9.5652e-03 1.4359e-02 -1.5230e-02 -1.4708e-02 1.3767e-02 3.4221e-04 2.1447e-03 2.7915e-03 2.7915e-03 2.2426e-03 2.2426e-03 1.7817e-03 1.7817e-03 9.9219e-04 9.9219e-04 
1.58480 -1.1168e-02 7.3673e-03 1.2337e-02 -1.0611e-02 -1.2681e-02 1.1387e-02 1.0196e-03 1.1918e-03 2.2133e-03 2.2133e-03 1.9682e-03 1.9682e-03 1.1874e-03 1.1874e-03 7.7552e-04 7.7552e-04 
1.00000 -8.3727e-03 6.2256e-03 1.0919e-02 -7.2045e-03 -8.4548e-03 8.2736e-03 2.4409e-03 -8.0949e-04 1.7524e-03 1.7524e-03 1.1615e-03 1.1615e-03 1.1970e-03 1.1970e-03 8.2733e-04 8.2733e-04 
16  16  0.196  2.246  
14
630.95000 4.7938e-02 -1.7902e-02 2.3846e-01 -2.7380e-01 -3.3754e-01 3.3366e-01 -3.7638e-02 2.0142e-02 2.0446e-02 2.0446e-02 2.0756e-02 2.0756e-02 2.0756e-02 2.0756e-02 2.1351e-02 2.1351e-02 
398.10000 2.3359e-02 -1.5845e-02 1.8954e-01 -2.2578e-01 -2.7251e-01 2.7302e-01 -2.0208e-02 2.0232e-02 1.3683e-02 1.3683e-02 1.6861e-02 1.6861e-02 1.6861e-02 1.6861e-02 1.5754e-02 1.5754e-02 
251.18000 1.8283e-02 -1.3464e-02 1.5118e-01 -1.7514e-01 -2.0233e-01 2.1303e-01 -1.2151e-02 1.6615e-02 1.0872e-02 1.0872e-02 1.3036e-02 1.3036e-02 1.3036e-02 1.3036e-02 1.1665e-02 1.1665e-02 
158.48000 1.3859e-02 -1.1730e-02 1.2229e-01 -1.3609e-01 -1.6318e-01 1.6873e-01 -7.6492e-03 1.1712e-02 8.6453e-03 8.6453e-03 1.0362e-02 1.0362e-02 1.0362e-02 1.0362e-02 8.5953e-03 8.5953e-03 
100.00000 1.1572e-02 -1.0706e-02 9.8502e-02 -1.0574e-01 -1.2947e-01 1.3266e-01 -5.9670e-03 7.7416e-03 7.1595e-03 7.1595e-03 8.1834e-03 8.1834e-03 8.1834e-03 8.1834e-03 6.3848e-03 6.3848e-03 
63.09500 1.5437e-02 -1.0292e-02 7.9323e-02 -8.4971e-02 -1.0561e-01 1.0672e-01 -4.6159e-03 5.4932e-03 6.9659e-03 6.9659e-03 6.6054e-03 6.6054e-03 6.6054e-03 6.6054e-03 4.9232e-03 4.9232e-03 
39.81000 6.2408e-03 -1.5124e-02 6.5733e-02 -6.4359e-02 -8.1087e-02 8.4977e-02 -5.8639e-03 4.9022e-03 5.8194e-03 5.8194e-03 5.1975e-03 5.1975e-03 5.1975e-03 5.1975e-03 4.4943e-03 4.4943e-03 
25.11800 2.8465e-03 -1.1027e-02 5.3850e-02 -4.9944e-02 -6.3178e-02 6.3054e-02 -3.4217e-03 5.2459e-03 4.3383e-03 4.3383e-03 4.0484e-03 4.0484e-03 4.0484e-03 4.0484e-03 3.5466e-03 3.5466e-03 
6.30950 -7.1461e-03 -4.0405e-03 2.4770e-02 -2.7936e-02 -3.8529e-02 2.9655e-02 1.0684e-03 2.6597e-03 2.6261e-03 2.6261e-03 2.1303e-03 2.1303e-03 2.1303e-03 2.1303e-03 1.7707e-03 1.7707e-03 
3.98100 -7.4595e-03 -7.3250e-05 1.8679e-02 -2.2039e-02 -3.2032e-02 2.4761e-02 1.6319e-03 2.2548e-03 2.2021e-03 2.2021e-03 1.7100e-03 1.7100e-03 1.7100e-03 1.7100e-03 1.5923e-03 1.5923e-03 
2.51180 -6.1808e-03 1.4523e-03 1.3112e-02 -1.5215e-02 -2.6454e-02 2.0519e-02 2.4478e-03 1.5056e-03 1.6939e-03 1.6939e-03 1.2966e-03 1.2966e-03 1.2966e-03 1.2966e-03 1.4713e-03 1.4713e-03 
0.63095 -4.3809e-03 5.8796e-04 7.0576e-03 -5.9455e-03 -1.7863e-02 1.1588e-02 1.8937e-03 6.9190e-04 9.5801e-04 9.5801e-04 7.3204e-04 7.3204e-04 1.5640e-03 1.5640e-03 9.8280e-04 9.8280e-04 
0.25118 -3.6808e-03 1.8041e-03 6.5999e-03 -3.5509e-03 -1.2094e-02 8.6512e-03 2.1158e-03 -3.3477e-04 8.3140e-04 8.3140e-04 9.5108e-04 9.5108e-04 7.9188e-04 7.9188e-04 8.4657e-04 8.4657e-04 
0.06309 -1.8687e-03 1.4472e-03 5.3572e-03 -2.4721e-03 -4.8999e-03 4.7335e-03 2.1972e-03 -4.9527e-04 5.6015e-04 5.6015e-04 8.3915e-04 8.3915e-04 1.0697e-03 1.0697e-03 5.8759e-04 5.8759e-04 
17  17  -3.457  0.832  
12
1000.00000 -3.2649e-02 3.8426e-02 3.7415e-01 -5.7804e-01 -4.1262e-01 5.6757e-01 1.4976e-02 -1.1355e-02 2.7950e-02 2.7950e-02 3.4755e-02 3.4755e-02 3.4755e-02 3.4755e-02 1.7226e-02 1.7226e-02 
630.95000 -2.6090e-02 4.1408e-02 2.5695e-01 -4.2040e-01 -3.0022e-01 4.1608e-01 2.7100e-03 -1.3682e-02 2.3293e-02 2.3293e-02 2.5140e-02 2.5140e-02 2.5140e-02 2.5140e-02 1.2689e-02 1.2689e-02 
398.10000 -2.0043e-02 3.7009e-02 1.8599e-01 -3.1421e-01 -2.1680e-01 3.1379e-01 -6.3540e-03 -1.4544e-02 1.8595e-02 1.8595e-02 1.8659e-02 1.8659e-02 1.8659e-02 1.8659e-02 1.1670e-02 1.1670e-02 
251.18000 -1.1475e-02 2.0815e-02 1.4334e-01 -2.3383e-01 -1.4529e-01 2.3693e-01 -1.3938e-02 -3.3756e-03 1.2111e-02 1.2111e-02 1.3804e-02 1.3804e-02 1.3804e-02 1.3804e-02 9.4700e-03 9.4700e-03 
158.48000 -5.4853e-03 1.8667e-02 1.0919e-01 -1.7074e-01 -9.8490e-02 1.8680e-01 -1.4018e-02 2.2331e-03 9.4192e-03 9.4192e-03 1.0344e-02 1.0344e-02 1.0344e-02 1.0344e-02 8.2124e-03 8.2124e-03 
100.00000 -2.3664e-03 1.2728e-02 8.6085e-02 -1.2635e-01 -7.2235e-02 1.4415e-01 -1.3311e-02 1.3717e-03 6.6734e-03 6.6734e-03 7.8502e-03 7.8502e-03 7.8502e-03 7.8502e-03 6.9674e-03 6.9674e-03 
63.09500 -1.0437e-03 2.3904e-02 7.0192e-02 -8.8021e-02 -5.2149e-02 1.1312e-01 -8.2597e-03 3.6139e-03 7.7851e-03 7.7851e-03 5.9209e-03 5.9209e-03 7.9232e-03 7.9232e-03 5.0267e-03 5.0267e-03 
39.81000 8.0742e-04 1.8757e-02 5.8828e-02 -5.5495e-02 -4.7699e-02 7.7093e-02 -7.7203e-03 7.9629e-03 5.8449e-03 5.8449e-03 4.2812e-03 4.2812e-03 5.6451e-03 5.6451e-03 4.7564e-03 4.7564e-03 
25.11800 -5.2458e-03 -3.3120e-03 4.5363e-02 -3.9444e-02 -4.2471e-02 5.3234e-02 -3.7482e-03 3.3209e-03 2.8967e-03 2.8967e-03 3.1991e-03 3.1991e-03 3.1991e-03 3.1991e-03 2.7700e-03 2.7700e-03 
15.84800 -1.5603e-02 -1.0379e-02 3.8566e-02 -2.8152e-02 -3.5645e-02 3.6607e-02 -1.8461e-03 5.1381e-04 4.4869e-03 4.4869e-03 2.4697e-03 2.4697e-03 2.4697e-03 2.4697e-03 1.4842e-03 1.4842e-03 
10.00000 -2.2045e-02 -9.5411e-03 3.5328e-02 -2.3229e-02 -2.9574e-02 2.6857e-02 -2.1130e-04 7.2592e-04 4.7803e-03 4.7803e-03 2.0549e-03 2.0549e-03 2.0549e-03 2.0549e-03 8.2436e-04 8.2436e-04 
6.30950 -2.5233e-02 -6.6379e-03 3.1517e-02 -1.9890e-02 -2.5344e-02 1.9011e-02 1.7651e-03 2.2848e-03 4.6775e-03 4.6775e-03 1.7181e-03 1.7181e-03 1.7181e-03 1.7181e-03 1.4346e-03 1.4346e-03 
18  18  5.640  2.452  
19
1000.00000 8.5028e-01 -3.3454e-01 8.9437e-01 -1.0381e+00 -3.2211e+00 1.7884e+00 -7.7399e-01 -3.6154e-02 1.6784e-01 1.6784e-01 1.1234e-01 1.1234e-01 1.1234e-01 1.1234e-01 2.5344e-01 2.5344e-01 
630.95000 7.3017e-01 -2.7942e-01 7.8598e-01 -8.0152e-01 -2.9093e+00 1.4661e+00 -7.7539e-01 -2.1438e-02 1.4052e-01 1.4052e-01 9.5619e-02 9.5619e-02 9.5619e-02 9.5619e-02 2.3845e-01 2.3845e-01 
398.10000 6.7236e-01 -2.3738e-01 6.8964e-01 -6.2401e-01 -2.6382e+00 1.2448e+00 -7.8844e-01 1.3048e-02 1.2215e-01 1.2215e-01 8.2357e-02 8.2357e-02 8.2357e-02 8.2357e-02 2.2750e-01 2.2750e-01 
251.18000 6.1922e-01 -2.0661e-01 5.8616e-01 -4.9245e-01 -2.3631e+00 1.0728e+00 -7.5343e-01 4.7343e-02 1.0604e-01 1.0604e-01 7.0477e-02 7.0477e-02 7.0477e-02 7.0477e-02 2.0996e-01 2.0996e-01 
158.48000 5.6961e-01 -1.8617e-01 4.9155e-01 -3.9258e-01 -2.1160e+00 9.3991e-01 -7.1979e-01 7.6322e-02 9.2098e-02 9.2098e-02 6.0343e-02 6.0343e-02 6.0343e-02 6.0343e-02 1.9419e-01 1.9419e-01 
100.00000 5.2742e-01 -1.7374e-01 4.2160e-01 -3.1881e-01 -1.8972e+00 8.3172e-01 -7.0799e-01 9.3940e-02 8.1266e-02 8.1266e-02 5.2320e-02 5.2320e-02 5.2320e-02 5.2320e-02 1.8245e-01 1.8245e-01 
63.09500 4.8419e-01 -1.6267e-01 3.6095e-01 -2.5814e-01 -1.6863e+00 7.3309e-01 -6.8417e-01 1.1663e-01 7.1414e-02 7.1414e-02 4.5165e-02 4.5165e-02 4.5165e-02 4.5165e-02 1.6945e-01 1.6945e-01 
39.81000 4.4180e-01 -1.5370e-01 3.0733e-01 -2.1137e-01 -1.5011e+00 6.5452e-01 -6.4451e-01 1.4683e-01 6.2656e-02 6.2656e-02 3.9077e-02 3.9077e-02 3.9077e-02 3.9077e-02 1.5606e-01 1.5606e-01 
25.11800 4.0578e-01 -1.5044e-01 2.6615e-01 -1.8545e-01 -1.3722e+00 6.1382e-01 -5.9371e-01 1.8055e-01 5.6201e-02 5.6201e-02 3.4915e-02 3.4915e-02 3.4915e-02 3.4915e-02 1.4487e-01 1.4487e-01 
15.84800 3.4737e-01 -1.6038e-01 2.1556e-01 -1.6416e-01 -1.1634e+00 6.0854e-01 -5.2831e-01 2.3713e-01 4.8297e-02 4.8297e-02 2.9822e-02 2.9822e-02 2.9822e-02 2.9822e-02 1.3079e-01 1.3079e-01 
10.00000 3.0358e-01 -1.6286e-01 1.7108e-01 -1.5056e-01 -1.0063e+00 5.9172e-01 -4.3520e-01 2.6765e-01 4.2030e-02 4.2030e-02 2.5789e-02 2.5789e-02 2.5789e-02 2.5789e-02 1.1584e-01 1.1584e-01 
6.30950 2.5544e-01 -1.5905e-01 1.3255e-01 -1.3297e-01 -8.4828e-01 5.6336e-01 -3.4227e-01 2.6337e-01 3.5653e-02 3.5653e-02 2.1863e-02 2.1863e-02 2.1863e-02 2.1863e-02 9.9473e-02 9.9473e-02 
3.98100 1.9627e-01 -1.4069e-01 9.2109e-02 -1.0721e-01 -6.4416e-01 4.8997e-01 -2.3883e-01 2.3462e-01 2.7713e-02 2.7713e-02 1.6911e-02 1.6911e-02 1.6911e-02 1.6911e-02 7.8081e-02 7.8081e-02 
2.51180 1.5750e-01 -1.0955e-01 6.3170e-02 -8.0378e-02 -5.0872e-01 3.7416e-01 -1.5952e-01 1.7926e-01 2.1007e-02 2.1007e-02 1.2704e-02 1.2704e-02 1.2704e-02 1.2704e-02 5.8391e-02 5.8391e-02 
1.58480 1.3174e-01 -7.5856e-02 5.0390e-02 -5.9075e-02 -4.2138e-01 2.4236e-01 -1.2547e-01 1.3398e-01 1.6297e-02 1.6297e-02 9.7140e-03 9.7140e-03 9.7140e-03 9.7140e-03 4.4806e-02 4.4806e-02 
1.00000 1.2461e-01 -5.4781e-02 5.0636e-02 -4.2769e-02 -3.9031e-01 1.4788e-01 -1.2590e-01 1.0500e-01 1.4248e-02 1.4248e-02 9.4208e-03 9.4208e-03 8.3164e-03 8.3164e-03 3.9238e-02 3.9238e-02 
0.63095 1.2215e-01 -4.3576e-02 6.2180e-02 -3.4201e-02 -3.9876e-01 1.1978e-01 -1.3101e-01 8.8146e-02 1.4390e-02 1.4390e-02 8.5946e-03 8.5946e-03 8.5946e-03 8.5946e-03 3.8461e-02 3.8461e-02 
0.39810 1.2321e-01 -3.0542e-02 5.9926e-02 -3.0033e-02 -3.2524e-01 7.4963e-02 -1.2591e-01 6.1137e-02 1.3836e-02 1.3836e-02 7.4788e-03 7.4788e-03 7.4788e-03 7.4788e-03 3.2422e-02 3.2422e-02 
0.06309 3.6178e-02 -2.1306e-02 2.6150e-02 -9.5203e-03 -1.1755e-01 6.4642e-02 -6.4905e-02 -7.9497e-03 5.1273e-03 5.1273e-03 3.0551e-03 3.0551e-03 5.6991e-03 5.6991e-03 1.4049e-02 1.4049e-02 
19  19  -1.334  3.332  
13
1000.00000 -2.5688e-02 1.3765e-02 4.6411e-01 -4.7228e-01 -5.9315e-01 4.3611e-01 1.7868e-01 -1.5548e-01 2.0837e-02 2.0837e-02 3.4910e-02 3.4910e-02 3.4910e-02 3.4910e-02 6.2637e-02 6.2637e-02 
630.95000 -2.1096e-02 -4.1081e-04 3.3270e-01 -3.3683e-01 -4.2885e-01 3.2804e-01 1.4391e-01 -1.0995e-01 1.4992e-02 1.4992e-02 2.5280e-02 2.5280e-02 2.5280e-02 2.5280e-02 4.6906e-02 4.6906e-02 
398.10000 -1.8739e-03 -3.9596e-03 2.2202e-01 -2.3592e-01 -2.6266e-01 2.5460e-01 6.3699e-02 -7.5823e-02 5.6508e-03 5.6508e-03 1.7212e-02 1.7212e-02 1.7212e-02 1.7212e-02 2.8549e-02 2.8549e-02 
251.18000 4.0991e-03 -1.0240e-03 1.6709e-01 -1.7419e-01 -1.8124e-01 1.9881e-01 3.3701e-02 -5.0727e-02 4.7902e-03 4.7902e-03 1.2741e-02 1.2741e-02 1.2741e-02 1.2741e-02 1.9200e-02 1.9200e-02 
158.48000 2.3691e-03 -6.7836e-04 1.3685e-01 -1.3533e-01 -1.4411e-01 1.5283e-01 2.6634e-02 -4.0041e-02 3.2667e-03 3.2667e-03 1.0054e-02 1.0054e-02 1.0054e-02 1.0054e-02 1.5076e-02 1.5076e-02 
100.00000 1.4955e-03 -8.8812e-04 1.1465e-01 -1.0704e-01 -1.2071e-01 1.1848e-01 2.1787e-02 -3.2106e-02 2.4776e-03 2.4776e-03 8.1440e-03 8.1440e-03 8.1440e-03 8.1440e-03 1.2152e-02 1.2152e-02 
63.09500 2.0180e-03 -1.0596e-03 9.7402e-02 -8.6843e-02 -1.0416e-01 9.5733e-02 1.7444e-02 -2.7635e-02 2.5870e-03 2.5870e-03 6.7937e-03 6.7937e-03 6.7937e-03 6.7937e-03 1.0199e-02 1.0199e-02 
39.81000 2.2193e-03 -2.0419e-03 7.8105e-02 -7.0763e-02 -8.2986e-02 7.7903e-02 1.4389e-02 -2.0215e-02 2.6742e-03 2.6742e-03 5.4764e-03 5.4764e-03 5.4764e-03 5.4764e-03 7.9716e-03 7.9716e-03 
25.11800 1.7500e-03 -3.6992e-03 6.2649e-02 -5.8956e-02 -6.4790e-02 6.2000e-02 1.3702e-02 -1.4010e-02 2.8144e-03 2.8144e-03 4.3916e-03 4.3916e-03 4.3916e-03 4.3916e-03 6.2881e-03 6.2881e-03 
15.84800 -2.4561e-04 -5.3453e-03 4.8636e-02 -4.6692e-02 -5.0621e-02 4.5822e-02 1.1413e-02 -1.0013e-02 2.8491e-03 2.8491e-03 3.3925e-03 3.3925e-03 3.3925e-03 3.3925e-03 4.8296e-03 4.8296e-03 
10.00000 -3.6043e-03 -6.2647e-03 3.8162e-02 -3.6339e-02 -4.0301e-02 3.3623e-02 9.2404e-03 -6.8150e-03 2.9274e-03 2.9274e-03 2.6295e-03 2.6295e-03 2.6295e-03 2.6295e-03 3.6822e-03 3.6822e-03 
6.30950 -6.3379e-03 -5.0459e-03 3.0117e-02 -2.8525e-02 -3.3506e-02 2.3783e-02 8.1347e-03 -4.9333e-03 2.7497e-03 2.7497e-03 2.3338e-03 2.3338e-03 2.0642e-03 2.0642e-03 2.9657e-03 2.9657e-03 
3.98100 -6.5219e-03 -3.6395e-03 2.3572e-02 -2.3444e-02 -2.7816e-02 1.7271e-02 7.5454e-03 -4.0650e-03 2.3636e-03 2.3636e-03 2.2431e-03 2.2431e-03 1.6496e-03 1.6496e-03 2.5128e-03 2.5128e-03 
20  20  1.244  1.880  
8
630.95000 -1.7984e-02 1.9097e-01 4.6051e-01 -4.0229e-01 -5.5820e-01 3.9476e-01 1.5299e-01 -8.8189e-02 5.1371e-02 5.1371e-02 2.5509e-01 2.5509e-01 5.4614e-02 5.4614e-02 5.2119e-02 5.2119e-02 
25.11800 -2.6250e-02 -9.7299e-03 1.0070e-01 -9.5183e-02 -1.1335e-01 9.3599e-02 -5.5779e-04 2.2923e-02 9.3425e-03 9.3425e-03 7.1361e-03 7.1361e-03 7.1361e-03 7.1361e-03 8.7088e-03 8.7088e-03 
15.84800 -3.1473e-02 -7.7962e-03 8.2237e-02 -7.9015e-02 -9.1297e-02 7.1039e-02 7.1524e-03 1.7686e-02 9.1214e-03 9.1214e-03 5.7429e-03 5.7429e-03 5.7429e-03 5.7429e-03 7.0467e-03 7.0467e-03 
10.00000 -3.1545e-02 -8.1134e-04 6.2372e-02 -6.5192e-02 -7.3772e-02 5.8202e-02 3.4964e-03 1.1922e-02 8.0036e-03 8.0036e-03 4.6038e-03 4.6038e-03 4.6038e-03 4.6038e-03 5.1253e-03 5.1253e-03 
6.30950 -3.1617e-02 5.7321e-03 4.6306e-02 -5.3424e-02 -6.8079e-02 5.1081e-02 5.5677e-03 8.5493e-03 7.1494e-03 7.1494e-03 3.8786e-03 3.8786e-03 3.8786e-03 3.8786e-03 4.4202e-03 4.4202e-03 
3.98100 -2.8181e-02 1.1882e-02 3.5782e-02 -4.3018e-02 -6.1595e-02 4.5241e-02 1.0140e-02 3.7536e-03 6.2052e-03 6.2052e-03 3.2697e-03 3.2697e-03 3.2697e-03 3.2697e-03 4.3120e-03 4.3120e-03 
2.51180 -1.9242e-02 1.5549e-02 3.1453e-02 -3.2358e-02 -5.1620e-02 3.2265e-02 1.5652e-02 -5.0460e-04 5.0118e-03 5.0118e-03 2.6206e-03 2.6206e-03 2.6206e-03 2.6206e-03 4.6313e-03 4.6313e-03 
1.58480 -6.7538e-03 1.2979e-02 3.1606e-02 -2.5689e-02 -4.3118e-02 2.0781e-02 2.0784e-02 -3.8776e-03 3.6617e-03 3.6617e-03 2.5773e-03 2.5773e-03 4.0999e-03 4.0999e-03 4.7717e-03 4.7717e-03 
21  21  -0.268  2.144  
12
1000.00000 -1.1316e-02 -9.6198e-04 4.0755e-01 -3.9003e-01 -3.6760e-01 3.9889e-01 4.5725e-03 -1.8020e-02 1.2006e-02 1.2006e-02 7.1811e-02 7.1811e-02 5.6501e-02 5.6501e-02 1.5063e-02 1.5063e-02 
630.95000 -6.1449e-03 -3.8034e-04 3.0480e-01 -3.0160e-01 -2.8575e-01 3.0148e-01 -1.2601e-03 -8.1113e-03 7.7071e-03 7.7071e-03 5.4787e-02 5.4787e-02 4.3118e-02 4.3118e-02 8.7589e-03 8.7589e-03 
398.10000 -4.4657e-03 7.0626e-04 2.3821e-01 -2.3966e-01 -2.3024e-01 2.3544e-01 -4.6269e-03 -3.6651e-03 5.8630e-03 5.8630e-03 4.2739e-02 4.2739e-02 3.3678e-02 3.3678e-02 6.6132e-03 6.6132e-03 
251.18000 -4.9049e-03 2.5360e-03 1.9140e-01 -1.9073e-01 -1.8893e-01 1.8528e-01 -5.5437e-03 -1.1822e-03 5.7940e-03 5.7940e-03 3.4169e-02 3.4169e-02 2.6985e-02 2.6985e-02 5.8094e-03 5.8094e-03 
158.48000 -3.4914e-03 2.1847e-03 1.5719e-01 -1.5186e-01 -1.5593e-01 1.4839e-01 -5.6614e-03 1.6825e-04 4.5005e-03 4.5005e-03 2.7715e-02 2.7715e-02 2.1906e-02 2.1906e-02 5.2375e-03 5.2375e-03 
100.00000 -2.2764e-03 2.0436e-03 1.2705e-01 -1.2172e-01 -1.2871e-01 1.2116e-01 -5.0305e-03 2.1013e-03 3.4800e-03 3.4800e-03 2.2474e-02 2.2474e-02 1.7882e-02 1.7882e-02 4.6564e-03 4.6564e-03 
63.09500 -1.0621e-03 -1.3858e-03 1.0459e-01 -9.7380e-02 -1.0451e-01 1.0105e-01 -2.5269e-03 3.5218e-03 2.3694e-03 2.3694e-03 1.8329e-02 1.8329e-02 1.4618e-02 1.4618e-02 3.7654e-03 3.7654e-03 
39.81000 -1.7078e-03 -5.6657e-03 8.3501e-02 -7.5525e-02 -7.9750e-02 7.8737e-02 -1.1731e-03 3.6175e-03 3.8718e-03 3.8718e-03 1.4401e-02 1.4401e-02 1.1353e-02 1.1353e-02 3.0967e-03 3.0967e-03 
25.11800 -4.9310e-03 -8.1956e-03 6.7917e-02 -6.1546e-02 -6.2814e-02 6.1064e-02 -2.2113e-04 3.2215e-03 4.4412e-03 4.4412e-03 1.1554e-02 1.1554e-02 9.0065e-03 9.0065e-03 2.5229e-03 2.5229e-03 
15.84800 -9.6584e-03 -8.0425e-03 5.6069e-02 -5.0794e-02 -5.2082e-02 4.6073e-02 1.0320e-03 2.7149e-03 4.6254e-03 4.6254e-03 9.4334e-03 9.4334e-03 7.3520e-03 7.3520e-03 2.1317e-03 2.1317e-03 
10.00000 -1.4585e-02 -5.8066e-03 4.3562e-02 -3.9372e-02 -4.4987e-02 3.3795e-02 2.4239e-03 2.2248e-03 4.5541e-03 4.5541e-03 5.4360e-03 5.4360e-03 4.4363e-03 4.4363e-03 2.0409e-03 2.0409e-03 
6.30950 -1.6272e-02 -2.5578e-03 3.3985e-02 -3.1878e-02 -3.8331e-02 2.6235e-02 2.4073e-03 1.3616e-03 4.1557e-03 4.1557e-03 4.1583e-03 4.1583e-03 3.0359e-03 3.0359e-03 1.7001e-03 1.7001e-03 
22  22  -4.063  0.662  
11
1000.00000 4.0644e-02 -3.3428e-02 3.9801e-01 -5.8944e-01 -4.4278e-01 5.3857e-01 -3.2329e-02 2.5551e-02 2.9020e-02 2.9020e-02 3.5210e-02 3.5210e-02 3.5210e-02 3.5210e-02 2.5425e-02 2.5425e-02 
630.95000 3.3746e-02 -1.8834e-02 2.8083e-01 -4.3280e-01 -3.0136e-01 4.2676e-01 -1.8502e-02 2.8955e-02 2.1180e-02 2.1180e-02 2.5959e-02 2.5959e-02 2.5959e-02 2.5959e-02 2.0098e-02 2.0098e-02 
398.10000 1.5596e-02 -1.0317e-02 2.0490e-01 -3.2205e-01 -1.9988e-01 3.1767e-01 -1.9423e-02 2.4623e-02 1.2673e-02 1.2673e-02 1.8925e-02 1.8925e-02 1.8925e-02 1.8925e-02 1.6274e-02 1.6274e-02 
251.18000 9.5549e-03 -8.8928e-03 1.4822e-01 -2.2870e-01 -1.5167e-01 2.2783e-01 -1.4737e-02 1.9451e-02 8.9466e-03 8.9466e-03 1.3656e-02 1.3656e-02 1.3656e-02 1.3656e-02 1.2259e-02 1.2259e-02 
158.48000 7.3554e-03 -9.1485e-03 1.0771e-01 -1.5857e-01 -1.2335e-01 1.6161e-01 -8.9461e-03 1.5102e-02 7.1155e-03 7.1155e-03 9.8706e-03 9.8706e-03 9.8706e-03 9.8706e-03 8.9605e-03 8.9605e-03 
100.00000 5.4386e-03 -9.7501e-03 8.0175e-02 -1.1135e-01 -9.8688e-02 1.1546e-01 -4.9149e-03 1.1857e-02 5.8708e-03 5.8708e-03 7.2181e-03 7.2181e-03 7.2181e-03 7.2181e-03 6.6231e-03 6.6231e-03 
63.09500 3.6650e-03 -1.0350e-02 6.1984e-02 -8.0952e-02 -7.7644e-02 8.4412e-02 -2.4965e-03 9.5984e-03 5.0188e-03 5.0188e-03 5.4068e-03 5.4068e-03 5.4068e-03 5.4068e-03 5.0590e-03 5.0590e-03 
39.81000 2.2308e-03 -1.0829e-02 5.0175e-02 -6.1691e-02 -6.1472e-02 6.4005e-02 -1.0909e-03 8.0865e-03 4.4477e-03 4.4477e-03 4.2003e-03 4.2003e-03 4.2003e-03 4.2003e-03 4.0364e-03 4.0364e-03 
25.11800 1.5482e-04 -1.2543e-02 4.2123e-02 -4.9054e-02 -4.1249e-02 4.9661e-02 -2.4830e-04 6.7945e-03 4.2719e-03 4.2719e-03 3.2304e-03 3.2304e-03 3.2304e-03 3.2304e-03 3.1426e-03 3.1426e-03 
15.84800 -6.4911e-03 -1.2491e-02 3.6718e-02 -3.4003e-02 -2.7290e-02 3.3752e-02 3.6856e-04 4.8739e-03 3.9813e-03 3.9813e-03 2.3303e-03 2.3303e-03 2.3303e-03 2.3303e-03 2.1848e-03 2.1848e-03 
10.00000 -1.2799e-02 -1.0020e-02 3.2066e-02 -2.5883e-02 -2.1566e-02 2.3113e-02 1.4706e-03 3.5647e-03 3.8821e-03 3.8821e-03 1.8047e-03 1.8047e-03 1.8047e-03 1.8047e-03 1.6561e-03 1.6561e-03 
23  23  -1.258  0.633  
14
1000.00000 6.5144e-03 -1.1859e-03 3.8533e-01 -3.5234e-01 -3.3404e-01 3.4238e-01 1.4430e-02 -1.0530e-03 8.8198e-03 8.8198e-03 2.4988e-02 2.4988e-02 2.4988e-02 2.4988e-02 1.2479e-02 1.2479e-02 
630.95000 1.0086e-02 -1.6429e-03 2.6185e-01 -2.7825e-01 -2.3171e-01 2.6312e-01 1.3886e-02 1.5289e-03 9.3727e-03 9.3727e-03 1.8300e-02 1.8300e-02 1.8300e-02 1.8300e-02 1.0498e-02 1.0498e-02 
398.10000 1.0735e-02 -1.9060e-03 1.8283e-01 -2.2150e-01 -1.6675e-01 2.0725e-01 1.2926e-02 8.7008e-04 8.3938e-03 8.3938e-03 1.3820e-02 1.3820e-02 1.3820e-02 1.3820e-02 8.8055e-03 8.8055e-03 
251.18000 1.0150e-02 -1.9273e-03 1.3618e-01 -1.7240e-01 -1.2705e-01 1.6466e-01 1.2036e-02 -1.9708e-03 7.1463e-03 7.1463e-03 1.0688e-02 1.0688e-02 1.0688e-02 1.0688e-02 7.5548e-03 7.5548e-03 
158.48000 9.1584e-03 -2.0310e-03 1.0266e-01 -1.3201e-01 -9.0558e-02 1.2733e-01 1.1018e-02 -2.7848e-03 5.9411e-03 5.9411e-03 8.0823e-03 8.0823e-03 8.0823e-03 8.0823e-03 6.3208e-03 6.3208e-03 
100.00000 7.9707e-03 -2.7637e-03 7.8522e-02 -9.7329e-02 -6.5553e-02 9.2010e-02 9.9847e-03 -2.5231e-03 4.8721e-03 4.8721e-03 5.9430e-03 5.9430e-03 5.9430e-03 5.9430e-03 5.1164e-03 5.1164e-03 
63.09500 1.0923e-02 2.3382e-03 6.8638e-02 -7.3836e-02 -4.8235e-02 6.7557e-02 7.0347e-03 -2.3565e-03 5.0336e-03 5.0336e-03 4.5739e-03 4.5739e-03 4.5739e-03 4.5739e-03 3.7224e-03 3.7224e-03 
39.81000 6.9211e-03 -4.9223e-03 6.2104e-02 -4.9754e-02 -4.6726e-02 4.3276e-02 6.6058e-03 -2.0322e-03 3.8995e-03 3.8995e-03 3.5595e-03 3.5595e-03 3.5595e-03 3.5595e-03 3.1470e-03 3.1470e-03 
25.11800 2.3463e-03 -6.8008e-03 5.9138e-02 -3.9018e-02 -4.6380e-02 3.1604e-02 5.4477e-03 -1.9493e-03 3.3865e-03 3.3865e-03 3.1529e-03 3.1529e-03 3.1529e-03 3.1529e-03 2.7030e-03 2.7030e-03 
15.84800 -1.1082e-03 -7.2174e-03 5.0684e-02 -3.3610e-02 -4.3943e-02 2.3085e-02 3.6876e-03 -2.1460e-03 3.1609e-03 3.1609e-03 2.7471e-03 2.7471e-03 2.7471e-03 2.7471e-03 2.1829e-03 2.1829e-03 
10.00000 -4.4131e-03 -6.4327e-03 4.2775e-02 -2.9350e-02 -4.0536e-02 2.0047e-02 3.1776e-03 -1.7648e-03 3.0175e-03 3.0175e-03 2.4218e-03 2.4218e-03 2.4218e-03 2.4218e-03 1.9231e-03 1.9231e-03 
6.30950 -5.9464e-03 -4.7117e-03 3.5804e-02 -2.4914e-02 -3.8074e-02 1.7812e-02 2.9185e-03 -9.0320e-04 2.7287e-03 2.7287e-03 2.1410e-03 2.1410e-03 2.1410e-03 2.1410e-03 1.6998e-03 1.6998e-03 
3.98100 -5.7387e-03 -2.6608e-03 2.7933e-02 -1.8854e-02 -3.1821e-02 1.4944e-02 2.5685e-03 -3.1932e-05 2.1901e-03 2.1901e-03 1.7210e-03 1.7210e-03 1.7210e-03 1.7210e-03 1.4254e-03 1.4254e-03 
2.51180 -5.9626e-03 -1.9160e-03 2.1702e-02 -1.2807e-02 -2.3237e-02 8.8728e-03 2.1188e-03 8.6211e-04 1.8844e-03 1.8844e-03 1.5262e-03 1.5262e-03 1.5477e-03 1.5477e-03 1.1315e-03 1.1315e-03 
24  24  -2.141  3.194  
17
1000.00000 3.3924e-02 -3.9990e-04 3.3752e-01 -5.2551e-01 -3.2519e-01 5.0257e-01 -2.0060e-02 2.7659e-03 2.1835e-02 2.1835e-02 3.0572e-02 3.0572e-02 3.0572e-02 3.0572e-02 1.6515e-02 1.6515e-02 
630.95000 3.0890e-02 -2.4381e-03 2.4434e-01 -3.8743e-01 -2.4104e-01 3.7068e-01 -1.5746e-02 4.8220e-03 1.7870e-02 1.7870e-02 2.2502e-02 2.2502e-02 2.2502e-02 2.2502e-02 1.2800e-02 1.2800e-02 
398.10000 2.0604e-02 -7.4880e-03 1.8312e-01 -2.8149e-01 -1.8555e-01 2.7039e-01 -1.4229e-02 5.7823e-03 1.2870e-02 1.2870e-02 1.6592e-02 1.6592e-02 1.6592e-02 1.6592e-02 1.0646e-02 1.0646e-02 
251.18000 1.3248e-02 -6.6228e-03 1.4028e-01 -2.0108e-01 -1.4479e-01 1.9509e-01 -1.1347e-02 6.2251e-03 9.0390e-03 9.0390e-03 1.2203e-02 1.2203e-02 1.2203e-02 1.2203e-02 8.4113e-03 8.4113e-03 
158.48000 9.9448e-03 -1.4675e-03 1.1024e-01 -1.4359e-01 -1.1488e-01 1.4255e-01 -7.7383e-03 6.2869e-03 6.3988e-03 6.3988e-03 9.1025e-03 9.1025e-03 9.1025e-03 9.1025e-03 6.4086e-03 6.4086e-03 
100.00000 7.5823e-03 2.7523e-04 8.8193e-02 -1.0456e-01 -9.1440e-02 1.0641e-01 -5.0441e-03 5.7855e-03 4.8324e-03 4.8324e-03 6.9267e-03 6.9267e-03 6.9267e-03 6.9267e-03 4.9224e-03 4.9224e-03 
63.09500 5.5447e-03 -8.6577e-04 7.2258e-02 -7.8837e-02 -7.3602e-02 8.1955e-02 -3.3441e-03 5.0583e-03 3.6747e-03 3.6747e-03 5.4268e-03 5.4268e-03 5.4268e-03 5.4268e-03 3.8767e-03 3.8767e-03 
39.81000 3.9288e-03 -2.9123e-03 6.1187e-02 -6.2165e-02 -6.0810e-02 6.5746e-02 -2.3130e-03 4.3836e-03 3.0981e-03 3.0981e-03 4.4192e-03 4.4192e-03 4.4192e-03 4.4192e-03 3.1603e-03 3.1603e-03 
25.11800 2.3786e-03 -4.8464e-03 5.2975e-02 -5.1289e-02 -5.0189e-02 5.4851e-02 -1.6542e-03 3.8484e-03 2.9927e-03 2.9927e-03 6.3737e-03 6.3737e-03 3.7020e-03 3.7020e-03 2.6471e-03 2.6471e-03 
15.84800 -4.6913e-04 -7.4385e-03 4.1299e-02 -3.9162e-02 -3.8197e-02 3.8306e-02 -6.7164e-04 3.0912e-03 3.0894e-03 3.0894e-03 4.8666e-03 4.8666e-03 2.7744e-03 2.7744e-03 1.9622e-03 1.9622e-03 
10.00000 -3.8409e-03 -7.7224e-03 3.3565e-02 -3.1001e-02 -3.2036e-02 2.8123e-02 1.8451e-04 2.6296e-03 2.9777e-03 2.9777e-03 2.2067e-03 2.2067e-03 2.2067e-03 2.2067e-03 1.5901e-03 1.5901e-03 
6.30950 -7.0043e-03 -6.4154e-03 2.7765e-02 -2.5466e-02 -2.8345e-02 2.2575e-02 9.1691e-04 2.0956e-03 2.8375e-03 2.8375e-03 1.8722e-03 1.8722e-03 1.8474e-03 1.8474e-03 1.3656e-03 1.3656e-03 
3.98100 -9.2991e-03 -3.9065e-03 2.2385e-02 -2.0432e-02 -2.4443e-02 1.7780e-02 1.5538e-03 1.6443e-03 2.6226e-03 2.6226e-03 2.5623e-03 2.5623e-03 1.5133e-03 1.5133e-03 1.2404e-03 1.2404e-03 
2.51180 -1.1003e-02 -1.5339e-03 1.8202e-02 -1.5315e-02 -2.0812e-02 1.4441e-02 2.0042e-03 1.2859e-03 2.4384e-03 2.4384e-03 1.7719e-03 1.7719e-03 1.2274e-03 1.2274e-03 1.1650e-03 1.1650e-03 
1.58480 -1.1260e-02 -2.2107e-04 1.5166e-02 -1.0944e-02 -1.8130e-02 1.1194e-02 2.4033e-03 1.0618e-03 2.1769e-03 2.1769e-03 9.9813e-04 9.9813e-04 1.2239e-03 1.2239e-03 1.1223e-03 1.1223e-03 
1.00000 -1.0849e-02 5.0349e-04 1.3615e-02 -7.6244e-03 -1.6595e-02 8.8945e-03 2.7334e-03 6.9012e-04 1.9528e-03 1.9528e-03 1.1152e-03 1.1152e-03 1.9319e-03 1.9319e-03 1.0928e-03 1.0928e-03 
0.63095 -9.7836e-03 1.5835e-03 1.2368e-02 -5.5938e-03 -1.4939e-02 8.3309e-03 2.9809e-03 7.6386e-04 1.7398e-03 1.7398e-03 8.9830e-04 8.9830e-04 1.7207e-03 1.7207e-03 1.0883e-03 1.0883e-03 
25  25  -3.469  -3.059  
12
630.95000 2.0003e-01 -5.1409e-02 8.6531e-01 -8.0920e-01 -8.7638e-01 7.3071e-01 -2.7016e-01 2.3180e-01 7.4197e-02 7.4197e-02 5.8134e-02 5.8134e-02 5.8134e-02 5.8134e-02 9.5599e-02 9.5599e-02 
398.10000 2.1448e-01 -2.0406e-02 6.9631e-01 -6.6642e-01 -7.9960e-01 5.4288e-01 -2.7334e-01 1.5981e-01 6.8353e-02 6.8353e-02 4.8257e-02 4.8257e-02 4.8257e-02 4.8257e-02 8.2978e-02 8.2978e-02 
251.18000 2.3098e-01 -2.5956e-02 5.5440e-01 -5.5943e-01 -7.3163e-01 4.5336e-01 -2.6540e-01 1.3535e-01 6.4180e-02 6.4180e-02 4.1167e-02 4.1167e-02 4.1167e-02 4.1167e-02 7.5957e-02 7.5957e-02 
158.48000 2.3892e-01 -4.2676e-02 4.2634e-01 -4.6226e-01 -6.5552e-01 4.0108e-01 -2.4680e-01 1.2588e-01 5.8600e-02 5.8600e-02 3.4758e-02 3.4758e-02 3.4758e-02 3.4758e-02 6.9212e-02 6.9212e-02 
100.00000 2.2885e-01 -6.6622e-02 3.1648e-01 -3.7076e-01 -5.7485e-01 3.6327e-01 -2.1511e-01 1.1937e-01 5.1129e-02 5.1129e-02 2.8787e-02 2.8787e-02 2.8787e-02 2.8787e-02 6.1351e-02 6.1351e-02 
39.81000 1.7365e-01 -8.0975e-02 1.6524e-01 -2.3023e-01 -4.0351e-01 2.7016e-01 -1.3633e-01 1.0445e-01 3.4953e-02 3.4953e-02 1.8548e-02 1.8548e-02 1.8548e-02 1.8548e-02 4.3319e-02 4.3319e-02 
25.11800 1.3120e-01 -7.5812e-02 1.1897e-01 -1.7662e-01 -3.0149e-01 2.3802e-01 -1.0331e-01 9.3234e-02 2.6945e-02 2.6945e-02 1.4300e-02 1.4300e-02 1.4300e-02 1.4300e-02 3.4680e-02 3.4680e-02 
15.84800 1.0757e-01 -6.8481e-02 9.0571e-02 -1.3305e-01 -2.4885e-01 2.0549e-01 -8.3106e-02 7.4855e-02 2.1489e-02 2.1489e-02 1.1395e-02 1.1395e-02 1.1395e-02 1.1395e-02 2.8498e-02 2.8498e-02 
10.00000 8.9590e-02 -5.4306e-02 6.9676e-02 -9.3582e-02 -2.0130e-01 1.5415e-01 -6.7420e-02 6.0864e-02 1.6584e-02 1.6584e-02 8.5996e-03 8.5996e-03 8.5996e-03 8.5996e-03 2.2763e-02 2.2763e-02 
6.30950 7.8630e-02 -4.7586e-02 5.4783e-02 -6.9234e-02 -1.6956e-01 1.2938e-01 -5.6248e-02 4.4739e-02 1.3512e-02 1.3512e-02 6.8611e-03 6.8611e-03 6.8611e-03 6.8611e-03 1.8571e-02 1.8571e-02 
3.98100 6.4351e-02 -3.3166e-02 4.1161e-02 -4.7310e-02 -1.3015e-01 8.6161e-02 -3.5925e-02 3.3887e-02 1.0107e-02 1.0107e-02 4.9467e-03 4.9467e-03 4.9467e-03 4.9467e-03 1.3170e-02 1.3170e-02 
2.51180 6.1740e-02 -7.5427e-03 3.2411e-02 -3.2999e-02 -9.1129e-02 3.6592e-02 -4.3274e-03 8.8162e-03 8.0455e-03 8.0455e-03 3.3698e-03 3.3698e-03 4.5935e-03 4.5935e-03 4.6583e-03 4.6583e-03 
26  26  -1.604  -0.257  
3
1000.00000 -4.6031e-02 -2.5552e-02 3.8438e-01 -4.6018e-01 -3.2333e-01 4.2495e-01 2.2712e-02 1.1934e-02 2.6651e-02 2.6651e-02 2.8292e-02 2.8292e-02 2.8292e-02 2.8292e-02 1.7557e-02 1.7557e-02 
630.95000 -4.1748e-02 -1.8211e-02 2.9556e-01 -3.5983e-01 -2.3327e-01 3.3474e-01 2.0732e-02 8.8958e-03 2.1845e-02 2.1845e-02 2.1794e-02 2.1794e-02 2.1794e-02 2.1794e-02 1.4391e-02 1.4391e-02 
398.10000 -3.3448e-02 -7.2055e-03 2.2691e-01 -2.5991e-01 -1.6210e-01 2.5913e-01 8.0237e-03 5.3882e-03 1.6298e-02 1.6298e-02 1.6237e-02 1.6237e-02 1.6237e-02 1.6237e-02 8.1528e-03 8.1528e-03 
27  27  -1.454  0.222  
14
1000.00000 -1.5632e-02 7.8554e-03 4.2245e-01 -4.3187e-01 -4.0476e-01 4.4333e-01 -2.6521e-03 -7.6229e-03 1.5421e-02 1.5421e-02 3.0111e-02 3.0111e-02 3.0111e-02 3.0111e-02 1.0441e-02 1.0441e-02 
630.95000 -1.0433e-02 7.6419e-03 3.0782e-01 -3.5808e-01 -3.0231e-01 3.5588e-01 4.8074e-03 -5.0685e-03 1.1722e-02 1.1722e-02 2.3479e-02 2.3479e-02 2.3479e-02 2.3479e-02 8.5671e-03 8.5671e-03 
398.10000 -2.0013e-03 3.8424e-03 2.2662e-01 -2.8741e-01 -2.2680e-01 2.8985e-01 3.2934e-03 -4.6947e-03 5.9731e-03 5.9731e-03 1.8351e-02 1.8351e-02 1.8351e-02 1.8351e-02 6.8911e-03 6.8911e-03 
251.18000 1.0164e-03 -6.7818e-05 1.6404e-01 -2.2034e-01 -1.6049e-01 2.2829e-01 1.0559e-03 -6.0940e-03 2.5092e-03 2.5092e-03 1.3843e-02 1.3843e-02 1.3843e-02 1.3843e-02 6.2316e-03 6.2316e-03 
158.48000 1.1350e-03 -3.7330e-03 1.2185e-01 -1.6518e-01 -1.1015e-01 1.7479e-01 -1.6378e-03 -7.7025e-03 4.2449e-03 4.2449e-03 1.0296e-02 1.0296e-02 1.0296e-02 1.0296e-02 6.0503e-03 6.0503e-03 
100.00000 -1.3899e-03 -4.9304e-03 1.0035e-01 -1.2030e-01 -7.6817e-02 1.2629e-01 -4.5128e-03 -9.1048e-03 4.2492e-03 4.2492e-03 7.6087e-03 7.6087e-03 7.6087e-03 7.6087e-03 5.8136e-03 5.8136e-03 
63.09500 -1.0279e-03 -9.5814e-03 8.7726e-02 -8.5815e-02 -5.9432e-02 9.1557e-02 -7.3861e-03 -9.1653e-03 5.1583e-03 5.1583e-03 5.7869e-03 5.7869e-03 5.7869e-03 5.7869e-03 5.3768e-03 5.3768e-03 
39.81000 -3.9354e-03 -1.3601e-03 7.9200e-02 -6.1236e-02 -5.4927e-02 5.7630e-02 -6.5974e-03 -1.3815e-03 3.0625e-03 3.0625e-03 4.4638e-03 4.4638e-03 4.4638e-03 4.4638e-03 3.4748e-03 3.4748e-03 
25.11800 -4.2415e-03 6.4523e-03 7.2909e-02 -4.6796e-02 -5.4805e-02 3.4909e-02 -2.1586e-03 2.6722e-03 3.8796e-03 3.8796e-03 3.7515e-03 3.7515e-03 3.7515e-03 3.7515e-03 2.2410e-03 2.2410e-03 
15.84800 2.2560e-03 6.6019e-03 6.3128e-02 -3.9142e-02 -5.0265e-02 2.4748e-02 5.4466e-04 3.4215e-03 3.4147e-03 3.4147e-03 3.2255e-03 3.2255e-03 3.2255e-03 3.2255e-03 2.0899e-03 2.0899e-03 
10.00000 9.7930e-03 3.6609e-03 4.9212e-02 -3.3141e-02 -4.0311e-02 2.1801e-02 -5.1322e-04 2.1954e-03 3.7359e-03 3.7359e-03 2.6072e-03 2.6072e-03 2.6072e-03 2.6072e-03 1.5247e-03 1.5247e-03 
6.30950 7.4531e-03 2.4064e-03 3.8963e-02 -3.0366e-02 -3.6105e-02 1.8474e-02 -1.0853e-03 1.1853e-03 2.9504e-03 2.9504e-03 2.8236e-03 2.8236e-03 2.2380e-03 2.2380e-03 1.2110e-03 1.2110e-03 
3.98100 7.7734e-03 1.2729e-03 3.3016e-02 -2.4143e-02 -2.9297e-02 1.4622e-02 -8.1937e-04 3.0263e-04 2.6924e-03 2.6924e-03 2.9278e-03 2.9278e-03 1.8298e-03 1.8298e-03 8.0219e-04 8.0219e-04 
2.51180 5.7129e-03 -1.5148e-04 2.8126e-02 -2.0324e-02 -2.3820e-02 1.2442e-02 -7.6762e-04 9.4490e-04 2.1123e-03 2.1123e-03 2.7490e-03 2.7490e-03 1.7115e-03 1.7115e-03 8.5796e-04 8.5796e-04 
28  28  1.731  1.635  
13
1000.00000 1.9174e-01 -1.5761e-01 3.9427e-01 -4.0186e-01 -3.1652e-01 2.9368e-01 -9.9196e-02 5.6221e-02 5.6072e-02 5.6072e-02 7.4388e-02 7.4388e-02 4.7273e-02 4.7273e-02 3.3282e-02 3.3282e-02 
630.95000 1.5269e-01 -1.2878e-01 3.1002e-01 -3.1283e-01 -2.5305e-01 2.3598e-01 -8.6424e-02 5.1412e-02 4.4490e-02 4.4490e-02 5.8868e-02 5.8868e-02 3.7551e-02 3.7551e-02 2.7980e-02 2.7980e-02 
398.10000 1.2669e-01 -1.0717e-01 2.5004e-01 -2.4987e-01 -2.0460e-01 1.9069e-01 -7.1465e-02 4.6123e-02 3.6330e-02 3.6330e-02 4.7485e-02 4.7485e-02 3.0419e-02 3.0419e-02 2.3136e-02 2.3136e-02 
251.18000 1.0165e-01 -9.2878e-02 1.9581e-01 -2.0349e-01 -1.6467e-01 1.5330e-01 -5.8223e-02 4.2017e-02 2.9579e-02 2.9579e-02 3.8172e-02 3.8172e-02 2.4561e-02 2.4561e-02 1.9065e-02 1.9065e-02 
158.48000 7.7535e-02 -8.2120e-02 1.5135e-01 -1.6650e-01 -1.3223e-01 1.2394e-01 -4.6802e-02 3.9469e-02 2.3912e-02 2.3912e-02 3.0652e-02 3.0652e-02 1.9791e-02 1.9791e-02 1.5800e-02 1.5800e-02 
100.00000 5.4381e-02 -7.0349e-02 1.1892e-01 -1.3295e-01 -1.0510e-01 9.9250e-02 -3.5780e-02 3.5773e-02 1.8891e-02 1.8891e-02 2.4420e-02 2.4420e-02 1.5738e-02 1.5738e-02 1.2828e-02 1.2828e-02 
63.09500 3.5960e-02 -5.7279e-02 9.3115e-02 -1.0423e-01 -8.4762e-02 7.9385e-02 -2.5864e-02 3.0356e-02 1.4584e-02 1.4584e-02 1.9280e-02 1.9280e-02 1.2462e-02 1.2462e-02 1.0208e-02 1.0208e-02 
39.81000 2.2080e-02 -4.3258e-02 7.1482e-02 -7.9276e-02 -6.8796e-02 6.1702e-02 -1.7762e-02 2.4076e-02 1.0800e-02 1.0800e-02 1.4881e-02 1.4881e-02 9.6857e-03 9.6857e-03 7.8873e-03 7.8873e-03 
25.11800 1.3504e-02 -3.1343e-02 5.5782e-02 -6.0980e-02 -5.6916e-02 4.8813e-02 -1.2174e-02 1.8916e-02 7.9664e-03 7.9664e-03 1.1620e-02 1.1620e-02 7.6096e-03 7.6096e-03 6.1604e-03 6.1604e-03 
15.84800 1.0147e-02 -2.2277e-02 4.3898e-02 -4.7966e-02 -4.7263e-02 3.9881e-02 -8.0762e-03 1.4811e-02 5.9843e-03 5.9843e-03 9.2248e-03 9.2248e-03 6.0853e-03 6.0853e-03 4.8449e-03 4.8449e-03 
10.00000 9.2344e-03 -1.5560e-02 3.4165e-02 -3.7752e-02 -3.8594e-02 3.3339e-02 -4.8806e-03 1.1334e-02 4.5529e-03 4.5529e-03 7.3042e-03 7.3042e-03 4.8786e-03 4.8786e-03 3.7631e-03 3.7631e-03 
6.30950 8.1795e-03 -1.0522e-02 2.6207e-02 -2.8748e-02 -3.0781e-02 2.7920e-02 -2.7825e-03 8.1808e-03 3.4154e-03 3.4154e-03 5.6646e-03 5.6646e-03 3.8614e-03 3.8614e-03 2.8425e-03 2.8425e-03 
3.98100 6.7064e-03 -6.8074e-03 1.9800e-02 -2.0579e-02 -2.4240e-02 2.2564e-02 -1.4276e-03 5.3938e-03 2.4779e-03 2.4779e-03 4.2508e-03 4.2508e-03 2.9880e-03 2.9880e-03 2.0390e-03 2.0390e-03 
29  29  1.864  0.127  
18
1000.00000 7.6010e-01 -2.8006e-01 7.8981e-01 -1.0644e+00 -1.5319e+00 1.4835e+00 -3.4396e-01 -2.5699e-01 1.5543e-01 1.5543e-01 8.4060e-02 8.4060e-02 8.4060e-02 8.4060e-02 1.4353e-01 1.4353e-01 
630.95000 6.3833e-01 -2.7286e-01 6.5605e-01 -7.7109e-01 -1.2754e+00 1.1167e+00 -3.6185e-01 -1.3795e-01 1.2575e-01 1.2575e-01 6.5502e-02 6.5502e-02 6.5502e-02 6.5502e-02 1.2153e-01 1.2153e-01 
398.10000 5.3918e-01 -2.3916e-01 5.7281e-01 -5.6397e-01 -1.0929e+00 8.5305e-01 -3.6097e-01 -7.4641e-02 1.0329e-01 1.0329e-01 5.2784e-02 5.2784e-02 5.2784e-02 5.2784e-02 1.0723e-01 1.0723e-01 
251.18000 4.7201e-01 -1.9599e-01 5.0514e-01 -4.2991e-01 -9.5134e-01 6.7206e-01 -3.6320e-01 -2.6610e-02 8.7337e-02 8.7337e-02 4.3950e-02 4.3950e-02 4.3950e-02 4.3950e-02 9.7694e-02 9.7694e-02 
158.48000 4.2834e-01 -1.5966e-01 4.4269e-01 -3.4668e-01 -8.2863e-01 5.4041e-01 -3.5317e-01 1.1871e-02 7.6048e-02 7.6048e-02 3.7291e-02 3.7291e-02 3.7291e-02 3.7291e-02 8.8688e-02 8.8688e-02 
100.00000 3.9683e-01 -1.3178e-01 3.7900e-01 -2.8293e-01 -7.2378e-01 4.3114e-01 -3.3538e-01 4.6717e-02 6.6705e-02 6.6705e-02 3.1561e-02 3.1561e-02 3.1561e-02 3.1561e-02 8.0116e-02 8.0116e-02 
63.09500 3.7497e-01 -1.2036e-01 3.2655e-01 -2.4060e-01 -6.4961e-01 3.5852e-01 -3.1279e-01 6.9629e-02 5.9950e-02 5.9950e-02 2.7430e-02 2.7430e-02 2.7430e-02 2.7430e-02 7.3141e-02 7.3141e-02 
39.81000 3.4443e-01 -1.1021e-01 2.6866e-01 -1.9827e-01 -5.6827e-01 2.9728e-01 -2.7551e-01 9.0567e-02 5.2124e-02 5.2124e-02 2.3138e-02 2.3138e-02 2.3138e-02 2.3138e-02 6.4691e-02 6.4691e-02 
25.11800 3.1832e-01 -1.1177e-01 2.2243e-01 -1.6788e-01 -5.1035e-01 2.5935e-01 -2.4326e-01 9.8973e-02 4.5994e-02 4.5994e-02 1.9971e-02 1.9971e-02 1.9971e-02 1.9971e-02 5.8162e-02 5.8162e-02 
15.84800 2.8838e-01 -1.1393e-01 1.8698e-01 -1.4363e-01 -4.5542e-01 2.3816e-01 -2.1339e-01 1.0059e-01 4.0557e-02 4.0557e-02 1.7405e-02 1.7405e-02 1.7405e-02 1.7405e-02 5.2230e-02 5.2230e-02 
10.00000 2.4793e-01 -1.2280e-01 1.4844e-01 -1.2824e-01 -3.8322e-01 2.2928e-01 -1.6892e-01 1.1030e-01 3.4945e-02 3.4945e-02 1.4799e-02 1.4799e-02 1.4799e-02 1.4799e-02 4.5023e-02 4.5023e-02 
6.30950 2.0486e-01 -1.2327e-01 1.1498e-01 -1.1040e-01 -3.1480e-01 2.1441e-01 -1.3076e-01 1.0791e-01 2.9283e-02 2.9283e-02 1.2320e-02 1.2320e-02 1.2320e-02 1.2320e-02 3.8117e-02 3.8117e-02 
3.98100 1.6143e-01 -1.1173e-01 8.3635e-02 -9.3671e-02 -2.4882e-01 1.8738e-01 -9.3478e-02 9.3784e-02 2.3552e-02 2.3552e-02 9.8887e-03 9.8887e-03 9.8887e-03 9.8887e-03 3.0463e-02 3.0463e-02 
2.51180 1.2673e-01 -9.2361e-02 5.5122e-02 -7.1979e-02 -1.9222e-01 1.4963e-01 -5.9674e-02 7.5763e-02 1.7885e-02 1.7885e-02 7.4304e-03 7.4304e-03 7.4304e-03 7.4304e-03 2.2991e-02 2.2991e-02 
1.58480 1.0470e-01 -7.4808e-02 4.0058e-02 -5.0613e-02 -1.5827e-01 1.1931e-01 -4.2099e-02 5.5414e-02 1.3670e-02 1.3670e-02 5.6554e-03 5.6554e-03 5.6554e-03 5.6554e-03 1.7617e-02 1.7617e-02 
1.00000 8.8066e-02 -6.1574e-02 3.0679e-02 -3.6255e-02 -1.3370e-01 9.7220e-02 -2.9342e-02 3.6817e-02 1.0716e-02 1.0716e-02 4.4304e-03 4.4304e-03 4.4304e-03 4.4304e-03 1.3233e-02 1.3233e-02 
0.63095 7.3757e-02 -5.1069e-02 2.6913e-02 -2.4168e-02 -1.1190e-01 8.3020e-02 -2.4881e-02 2.3102e-02 8.5448e-03 8.5448e-03 3.5496e-03 3.5496e-03 3.5496e-03 3.5496e-03 1.0317e-02 1.0317e-02 
0.39810 5.8883e-02 -4.2370e-02 2.5751e-02 -1.2353e-02 -9.0280e-02 7.0310e-02 -2.8752e-02 1.2367e-02 6.8276e-03 6.8276e-03 2.8584e-03 2.8584e-03 2.8584e-03 2.8584e-03 8.9768e-03 8.9768e-03 
30  30  2.449  0.559  
20
1000.00000 1.1265e+00 -2.1802e-01 1.3124e+00 -1.4293e+00 -2.4728e+00 1.8009e+00 -1.3471e+00 2.1178e-01 2.2382e-01 2.2382e-01 1.2182e-01 1.2182e-01 1.2182e-01 1.2182e-01 3.0636e-01 3.0636e-01 
630.95000 1.0608e+00 -2.5256e-01 1.2140e+00 -1.0391e+00 -2.2283e+00 1.3802e+00 -1.2703e+00 2.3419e-01 1.9800e-01 1.9800e-01 1.0233e-01 1.0233e-01 1.0233e-01 1.0233e-01 2.7601e-01 2.7601e-01 
398.10000 9.7119e-01 -2.4635e-01 1.1121e+00 -7.8390e-01 -2.0245e+00 1.0814e+00 -1.2003e+00 2.5093e-01 1.7514e-01 1.7514e-01 8.8360e-02 8.8360e-02 8.8360e-02 8.8360e-02 2.5164e-01 2.5164e-01 
251.18000 8.9918e-01 -2.1690e-01 1.0100e+00 -6.2761e-01 -1.8320e+00 8.7727e-01 -1.1400e+00 2.4621e-01 1.5731e-01 1.5731e-01 7.7706e-02 7.7706e-02 7.7706e-02 7.7706e-02 2.3087e-01 2.3087e-01 
158.48000 8.4136e-01 -1.9644e-01 9.1077e-01 -5.3267e-01 -1.6517e+00 7.2530e-01 -1.0756e+00 2.5954e-01 1.4322e-01 1.4322e-01 6.8981e-02 6.8981e-02 6.8981e-02 6.8981e-02 2.1192e-01 2.1192e-01 
100.00000 7.9414e-01 -1.8429e-01 7.9912e-01 -4.6198e-01 -1.4886e+00 6.2336e-01 -9.8629e-01 2.8519e-01 1.3012e-01 1.3012e-01 6.1026e-02 6.1026e-02 6.1026e-02 6.1026e-02 1.9308e-01 1.9308e-01 
63.09500 7.5455e-01 -1.8146e-01 6.9981e-01 -4.1598e-01 -1.3424e+00 5.5292e-01 -8.9896e-01 3.0625e-01 1.1923e-01 1.1923e-01 5.4358e-02 5.4358e-02 5.4358e-02 5.4358e-02 1.7613e-01 1.7613e-01 
39.81000 7.0240e-01 -1.8547e-01 5.8423e-01 -3.6176e-01 -1.1947e+00 5.0812e-01 -7.5359e-01 3.2288e-01 1.0598e-01 1.0598e-01 4.7226e-02 4.7226e-02 4.7226e-02 4.7226e-02 1.5475e-01 1.5475e-01 
25.11800 6.5410e-01 -2.0053e-01 5.0056e-01 -3.1706e-01 -1.0820e+00 4.7630e-01 -6.8844e-01 3.0478e-01 9.5504e-02 9.5504e-02 4.1848e-02 4.1848e-02 4.1848e-02 4.1848e-02 1.4152e-01 1.4152e-01 
15.84800 6.1342e-01 -2.1505e-01 4.3676e-01 -2.7548e-01 -1.0067e+00 4.6355e-01 -6.1041e-01 2.9314e-01 8.6904e-02 8.6904e-02 3.7825e-02 3.7825e-02 3.7825e-02 3.7825e-02 1.2994e-01 1.2994e-01 
10.00000 5.2434e-01 -2.3395e-01 3.4327e-01 -2.6287e-01 -8.7046e-01 4.4826e-01 -4.8565e-01 3.1880e-01 7.4737e-02 7.4737e-02 3.2532e-02 3.2532e-02 3.2532e-02 3.2532e-02 1.1313e-01 1.1313e-01 
6.30950 4.3913e-01 -2.4182e-01 2.6860e-01 -2.3551e-01 -7.2440e-01 4.3660e-01 -3.8158e-01 2.9884e-01 6.3477e-02 6.3477e-02 2.7484e-02 2.7484e-02 2.7484e-02 2.7484e-02 9.6040e-02 9.6040e-02 
3.98100 3.4900e-01 -2.2529e-01 1.9043e-01 -1.9789e-01 -5.6827e-01 3.9335e-01 -2.7436e-01 2.6802e-01 5.0664e-02 5.0664e-02 2.1783e-02 2.1783e-02 2.1783e-02 2.1783e-02 7.7229e-02 7.7229e-02 
2.51180 2.7871e-01 -1.8824e-01 1.2733e-01 -1.5819e-01 -4.6513e-01 3.2772e-01 -1.8294e-01 2.1475e-01 3.9200e-02 3.9200e-02 1.6996e-02 1.6996e-02 1.6996e-02 1.6996e-02 6.0097e-02 6.0097e-02 
1.58480 2.3034e-01 -1.5545e-01 9.3295e-02 -1.1617e-01 -3.8479e-01 2.6669e-01 -1.2737e-01 1.6325e-01 3.0522e-02 3.0522e-02 1.3205e-02 1.3205e-02 1.3205e-02 1.3205e-02 4.6703e-02 4.6703e-02 
1.00000 1.9220e-01 -1.3104e-01 7.6617e-02 -7.8564e-02 -3.1888e-01 2.2431e-01 -1.0094e-01 1.1799e-01 2.3966e-02 2.3966e-02 1.0342e-02 1.0342e-02 1.0342e-02 1.0342e-02 3.6907e-02 3.6907e-02 
0.63095 1.6636e-01 -1.1006e-01 7.0709e-02 -5.2042e-02 -2.7658e-01 1.9359e-01 -9.0770e-02 7.1298e-02 1.9850e-02 1.9850e-02 8.6081e-03 8.6081e-03 8.6081e-03 8.6081e-03 2.9610e-02 2.9610e-02 
0.39810 1.2285e-01 -9.2041e-02 6.4586e-02 -3.5397e-02 -2.0596e-01 1.6428e-01 -7.9123e-02 5.2970e-02 1.5949e-02 1.5949e-02 6.9648e-03 6.9648e-03 6.9648e-03 6.9648e-03 2.3757e-02 2.3757e-02 
0.06309 5.6799e-02 -5.3432e-02 5.1744e-02 -1.2073e-02 -9.5652e-02 8.1288e-02 -7.4470e-02 1.8041e-02 9.6554e-03 9.6554e-03 4.0834e-03 4.0834e-03 4.0834e-03 4.0834e-03 1.4711e-02 1.4711e-02 
0.03981 3.6654e-02 -3.6380e-02 4.2842e-02 -9.4270e-03 -6.2863e-02 6.0491e-02 -5.6563e-02 1.1072e-02 7.1394e-03 7.1394e-03 3.0931e-03 3.0931e-03 5.3772e-03 5.3772e-03 1.0636e-02 1.0636e-02 
31  31  -1.834  -1.554  
16
1000.00000 -8.5665e-02 8.7700e-02 9.1455e-01 -8.2488e-01 -5.3904e-01 6.9414e-01 4.6000e-02 -2.9785e-02 5.8286e-02 5.8286e-02 5.2019e-02 5.2019e-02 5.2019e-02 5.2019e-02 3.2919e-02 3.2919e-02 
630.95000 -1.2855e-01 9.7423e-02 8.0445e-01 -6.8142e-01 -4.9489e-01 4.7295e-01 4.1394e-02 -2.9023e-02 6.1855e-02 6.1855e-02 4.2476e-02 4.2476e-02 4.2476e-02 4.2476e-02 2.7905e-02 2.7905e-02 
398.10000 -9.4522e-02 1.0150e-01 7.2275e-01 -5.7504e-01 -4.3890e-01 3.6505e-01 3.5393e-02 -2.4419e-02 5.3686e-02 5.3686e-02 3.6306e-02 3.6306e-02 3.6306e-02 3.6306e-02 2.3501e-02 2.3501e-02 
251.18000 -5.0439e-02 9.5297e-02 6.0500e-01 -5.1472e-01 -3.8592e-01 2.9499e-01 2.9506e-02 -1.8833e-02 4.3898e-02 4.3898e-02 3.1058e-02 3.1058e-02 3.1058e-02 3.1058e-02 1.9560e-02 1.9560e-02 
158.48000 -1.1277e-02 7.4104e-02 4.7261e-01 -4.6516e-01 -3.3203e-01 2.4492e-01 2.4207e-02 -1.6358e-02 3.3442e-02 3.3442e-02 2.6153e-02 2.6153e-02 2.6153e-02 2.6153e-02 1.6469e-02 1.6469e-02 
100.00000 1.2625e-02 4.5892e-02 3.4098e-01 -4.0638e-01 -2.8394e-01 2.0837e-01 1.9149e-02 -1.7024e-02 2.3835e-02 2.3835e-02 2.1612e-02 2.1612e-02 2.1612e-02 2.1612e-02 1.4249e-02 1.4249e-02 
63.09500 2.2296e-02 2.0680e-02 2.4377e-01 -3.3038e-01 -2.4295e-01 1.7861e-01 4.0779e-03 -2.6528e-02 1.6761e-02 1.6761e-02 1.7593e-02 1.7593e-02 1.7593e-02 1.7593e-02 1.3494e-02 1.3494e-02 
39.81000 1.0058e-02 5.4865e-03 1.5116e-01 -2.4246e-01 -1.9272e-01 1.3852e-01 1.3447e-02 -1.2628e-02 8.5822e-03 8.5822e-03 1.3020e-02 1.3020e-02 1.3020e-02 1.3020e-02 9.9251e-03 9.9251e-03 
25.11800 4.6447e-03 1.1302e-03 1.0451e-01 -1.8582e-01 -1.6395e-01 1.1758e-01 1.5623e-02 -7.4660e-03 4.7885e-03 4.7885e-03 1.0370e-02 1.0370e-02 1.0370e-02 1.0370e-02 8.8658e-03 8.8658e-03 
15.84800 1.6942e-03 2.3718e-03 7.3513e-02 -1.2620e-01 -1.3364e-01 9.4613e-02 1.3502e-02 -6.8951e-03 3.0949e-03 3.0949e-03 7.7322e-03 7.7322e-03 7.7322e-03 7.7322e-03 7.4737e-03 7.4737e-03 
10.00000 2.0840e-03 3.9298e-03 5.0713e-02 -8.7592e-02 -1.1293e-01 8.1287e-02 1.2613e-02 -5.9453e-03 3.1828e-03 3.1828e-03 5.9335e-03 5.9335e-03 5.9335e-03 5.9335e-03 6.6071e-03 6.6071e-03 
6.30950 2.8130e-03 2.9327e-03 3.8787e-02 -6.5173e-02 -9.5910e-02 6.9812e-02 1.1042e-02 -4.4919e-03 2.6333e-03 2.6333e-03 4.7426e-03 4.7426e-03 4.7426e-03 4.7426e-03 5.6406e-03 5.6406e-03 
3.98100 3.2096e-03 1.5986e-03 3.0662e-02 -4.6812e-02 -7.7965e-02 5.8810e-02 1.2978e-02 -2.7938e-03 2.1248e-03 2.1248e-03 3.6963e-03 3.6963e-03 3.6963e-03 3.6963e-03 5.4009e-03 5.4009e-03 
2.51180 3.6793e-03 1.0125e-03 2.1817e-02 -3.7474e-02 -6.5320e-02 4.7702e-02 1.3594e-02 -7.5542e-04 1.9295e-03 1.9295e-03 2.9611e-03 2.9611e-03 2.9611e-03 2.9611e-03 4.9777e-03 4.9777e-03 
1.58480 4.4875e-03 7.5915e-04 1.6708e-02 -2.8352e-02 -5.4846e-02 3.8949e-02 1.4549e-02 2.4564e-03 1.8357e-03 1.8357e-03 2.3525e-03 2.3525e-03 2.3525e-03 2.3525e-03 4.7256e-03 4.7256e-03 
1.00000 4.8525e-03 -1.8051e-03 1.4554e-02 -2.0807e-02 -4.5726e-02 3.1703e-02 1.4309e-02 1.2718e-03 1.7199e-03 1.7199e-03 2.7471e-03 2.7471e-03 1.8794e-03 1.8794e-03 4.2407e-03 4.2407e-03 
32  32  1.807  2.297  
13
1000.00000 -4.1679e-04 -1.0121e-02 2.5681e-01 -2.6269e-01 -3.0774e-01 2.9272e-01 1.9151e-02 -1.1313e-02 9.1502e-03 9.1502e-03 1.9750e-02 1.9750e-02 1.9750e-02 1.9750e-02 1.4579e-02 1.4579e-02 
630.95000 -2.9307e-03 -8.7487e-03 2.0496e-01 -2.1012e-01 -2.4333e-01 2.3900e-01 1.9047e-02 -7.0193e-03 7.8061e-03 7.8061e-03 1.5820e-02 1.5820e-02 1.5820e-02 1.5820e-02 1.2481e-02 1.2481e-02 
398.10000 -3.0477e-03 -5.2917e-03 1.6503e-01 -1.6837e-01 -1.9866e-01 1.9314e-01 1.7390e-02 -7.1863e-03 5.6915e-03 5.6915e-03 1.2779e-02 1.2779e-02 1.2779e-02 1.2779e-02 1.0831e-02 1.0831e-02 
251.18000 -2.7819e-03 -3.1628e-03 1.3072e-01 -1.3492e-01 -1.6103e-01 1.5432e-01 1.3741e-02 -7.7834e-03 4.2195e-03 4.2195e-03 1.0235e-02 1.0235e-02 1.0235e-02 1.0235e-02 8.9024e-03 8.9024e-03 
158.48000 -2.8815e-03 -2.5999e-03 1.0153e-01 -1.0875e-01 -1.2930e-01 1.2481e-01 1.0209e-02 -7.3779e-03 3.6045e-03 3.6045e-03 8.1759e-03 8.1759e-03 8.1759e-03 8.1759e-03 7.1366e-03 7.1366e-03 
100.00000 -3.2843e-03 -2.8639e-03 7.7409e-02 -8.7350e-02 -1.0214e-01 1.0180e-01 7.9807e-03 -4.5336e-03 3.3828e-03 3.3828e-03 6.4867e-03 6.4867e-03 6.4867e-03 6.4867e-03 5.4572e-03 5.4572e-03 
63.09500 -4.4450e-03 -3.6096e-03 5.9210e-02 -6.9057e-02 -7.9011e-02 8.1906e-02 7.5830e-03 -1.5837e-03 3.4234e-03 3.4234e-03 5.0873e-03 5.0873e-03 5.0873e-03 5.0873e-03 4.4538e-03 4.4538e-03 
39.81000 -5.8984e-03 -4.1696e-03 4.5950e-02 -5.2513e-02 -6.0030e-02 6.2338e-02 8.4303e-03 -1.3935e-03 3.3676e-03 3.3676e-03 3.8855e-03 3.8855e-03 3.8855e-03 3.8855e-03 4.0790e-03 4.0790e-03 
6.30950 -8.7394e-03 9.9775e-04 1.6841e-02 -2.0527e-02 -2.9730e-02 2.3760e-02 4.4010e-03 -2.9185e-03 2.2924e-03 2.2924e-03 1.5894e-03 1.5894e-03 1.5894e-03 1.5894e-03 2.1265e-03 2.1265e-03 
3.98100 -7.2462e-03 2.4688e-03 1.2395e-02 -1.5445e-02 -2.4321e-02 2.0242e-02 4.0123e-03 -2.1211e-03 1.8469e-03 1.8469e-03 1.2516e-03 1.2516e-03 1.2516e-03 1.2516e-03 1.7976e-03 1.7976e-03 
2.51180 -5.7425e-03 2.6527e-03 9.4811e-03 -1.1316e-02 -1.9329e-02 1.5799e-02 4.2972e-03 -1.5805e-03 1.4495e-03 1.4495e-03 9.5987e-04 9.5987e-04 9.5987e-04 9.5987e-04 1.6037e-03 1.6037e-03 
0.06309 -1.7844e-03 7.7869e-04 3.4900e-03 -1.2767e-03 -4.1221e-03 2.9385e-03 1.9679e-03 -9.6377e-05 4.0347e-04 4.0347e-04 7.8198e-04 7.8198e-04 9.3773e-04 9.3773e-04 4.7373e-04 4.7373e-04 
0.03981 -1.1541e-03 8.7706e-04 3.4658e-03 -1.1312e-03 -2.7696e-03 2.7333e-03 2.2683e-03 -1.3958e-03 3.4483e-04 3.4483e-04 4.2463e-04 4.2463e-04 6.4069e-04 6.4069e-04 4.8289e-04 4.8289e-04 
33  33  -2.560  -1.783  
15
1000.00000 -2.4015e-02 -3.1160e-02 6.9341e-01 -9.3123e-01 -8.1508e-01 8.5426e-01 -1.7626e-02 1.0061e-03 3.2058e-02 3.2058e-02 5.8542e-02 5.8542e-02 5.8542e-02 5.8542e-02 2.1657e-02 2.1657e-02 
630.95000 2.6566e-02 1.0613e-02 5.7267e-01 -8.3215e-01 -7.3385e-01 6.6666e-01 6.1235e-02 -5.5739e-03 2.5499e-02 2.5499e-02 5.0038e-02 5.0038e-02 5.0038e-02 5.0038e-02 3.7036e-02 3.7036e-02 
398.10000 7.7448e-02 2.8612e-02 4.6968e-01 -7.2871e-01 -6.5254e-01 5.2808e-01 9.9233e-02 -1.2608e-02 4.0132e-02 4.0132e-02 4.7568e-02 4.7568e-02 4.2655e-02 4.2655e-02 4.3467e-02 4.3467e-02 
251.18000 1.1835e-01 3.1874e-02 3.9577e-01 -6.3759e-01 -5.8535e-01 4.2768e-01 1.1159e-01 -1.8781e-02 4.5492e-02 4.5492e-02 4.8010e-02 4.8010e-02 3.6879e-02 3.6879e-02 4.2962e-02 4.2962e-02 
158.48000 1.0942e-01 2.1410e-02 3.1861e-01 -5.2971e-01 -5.0370e-01 3.4230e-01 7.1087e-02 -2.0631e-02 3.9380e-02 3.9380e-02 4.0258e-02 4.0258e-02 3.0678e-02 3.0678e-02 3.1847e-02 3.1847e-02 
100.00000 8.1030e-02 8.9247e-03 2.4335e-01 -4.1419e-01 -4.1144e-01 2.7119e-01 2.0653e-02 -1.8190e-02 2.9684e-02 2.9684e-02 2.8109e-02 2.8109e-02 2.4327e-02 2.4327e-02 1.7468e-02 1.7468e-02 
63.09500 5.3227e-02 1.2775e-03 1.7972e-01 -3.1104e-01 -3.2551e-01 2.1469e-01 -7.8593e-03 -1.4534e-02 2.0745e-02 2.0745e-02 1.8713e-02 1.8713e-02 1.8713e-02 1.8713e-02 1.2040e-02 1.2040e-02 
39.81000 3.1616e-02 -2.3298e-03 1.3148e-01 -2.3056e-01 -2.5672e-01 1.7275e-01 -1.8627e-02 -1.1272e-02 1.3759e-02 1.3759e-02 1.4329e-02 1.4329e-02 1.4329e-02 1.4329e-02 1.2312e-02 1.2312e-02 
25.11800 1.6323e-02 -3.8342e-03 9.7391e-02 -1.7277e-01 -2.0660e-01 1.4336e-01 -2.1041e-02 -8.8058e-03 8.6500e-03 8.6500e-03 1.1166e-02 1.1166e-02 1.1166e-02 1.1166e-02 1.1360e-02 1.1360e-02 
2.51180 4.3386e-03 -7.2666e-05 2.3023e-02 -2.7025e-02 -7.8247e-02 5.1979e-02 -8.1175e-03 1.2289e-02 1.8618e-03 1.8618e-03 2.8875e-03 2.8875e-03 2.8875e-03 2.8875e-03 5.5794e-03 5.5794e-03 
1.58480 4.1453e-03 -1.0800e-03 1.8230e-02 -1.8739e-02 -6.3263e-02 3.8508e-02 -4.2726e-03 9.3480e-03 1.5874e-03 1.5874e-03 2.2001e-03 2.2001e-03 2.2001e-03 2.2001e-03 4.1385e-03 4.1385e-03 
1.00000 3.6460e-03 1.5203e-05 1.5652e-02 -1.2879e-02 -5.5117e-02 3.1565e-02 -5.9683e-04 8.7704e-03 1.2895e-03 1.2895e-03 1.7940e-03 1.7940e-03 1.7940e-03 1.7940e-03 3.5444e-03 3.5444e-03 
0.10000 1.3348e-03 -3.9478e-04 1.2257e-02 -3.5330e-03 -2.5477e-02 1.4189e-02 3.8295e-04 -1.4226e-03 6.3207e-04 6.3207e-04 2.5486e-03 2.5486e-03 1.7368e-03 1.7368e-03 9.8319e-04 9.8319e-04 
0.06309 6.4607e-04 -5.8009e-04 9.9853e-03 -2.9953e-03 -1.7921e-02 1.2504e-02 -7.9262e-04 -1.6405e-03 4.5129e-04 4.5129e-04 2.9549e-03 2.9549e-03 1.6086e-03 1.6086e-03 9.4647e-04 9.4647e-04 
0.03981 8.0925e-04 -6.6614e-04 8.7842e-03 -2.6548e-03 -1.2263e-02 1.0787e-02 -9.5923e-04 -1.4025e-03 4.6521e-04 4.6521e-04 3.3081e-03 3.3081e-03 1.0626e-03 1.0626e-03 7.9018e-04 7.9018e-04 
34  34  -2.741  -0.501  
16
1000.00000 -2.7657e-03 -6.7276e-03 2.0094e-01 -4.0841e-01 -2.5557e-01 4.2701e-01 -1.2232e-02 2.6768e-03 8.6310e-03 8.6310e-03 2.3797e-02 2.3797e-02 2.3797e-02 2.3797e-02 1.1841e-02 1.1841e-02 
630.95000 2.3087e-03 -1.0546e-02 1.4468e-01 -2.8207e-01 -1.9308e-01 3.0643e-01 -1.6122e-02 2.9702e-03 8.7749e-03 8.7749e-03 1.6942e-02 1.6942e-02 1.6942e-02 1.6942e-02 1.1558e-02 1.1558e-02 
398.10000 -1.5056e-03 -1.2386e-02 1.1337e-01 -1.9000e-01 -1.4199e-01 2.2141e-01 -3.1408e-03 4.8902e-03 7.8812e-03 7.8812e-03 1.2062e-02 1.2062e-02 1.2062e-02 1.2062e-02 5.8648e-03 5.8648e-03 
251.18000 -6.8462e-03 -1.4662e-02 1.0063e-01 -1.2688e-01 -1.2090e-01 1.5498e-01 6.0907e-04 4.1983e-03 7.6785e-03 7.6785e-03 8.9206e-03 8.9206e-03 8.9206e-03 8.9206e-03 4.3314e-03 4.3314e-03 
158.48000 -1.8164e-02 -1.0559e-02 9.3389e-02 -8.5881e-02 -9.6503e-02 1.1707e-01 3.0604e-03 7.1915e-03 7.7445e-03 7.7445e-03 6.9371e-03 6.9371e-03 6.9371e-03 6.9371e-03 5.1653e-03 5.1653e-03 
100.00000 -2.1184e-02 1.1804e-04 8.3725e-02 -5.3148e-02 -8.6978e-02 8.1854e-02 5.9968e-03 2.6088e-03 6.8752e-03 6.8752e-03 5.4416e-03 5.4416e-03 5.4416e-03 5.4416e-03 4.1922e-03 4.1922e-03 
63.09500 -1.9974e-02 -6.5768e-03 7.3553e-02 -3.8413e-02 -8.0488e-02 5.5997e-02 1.0352e-02 -5.4586e-03 6.2660e-03 6.2660e-03 4.5101e-03 4.5101e-03 4.5101e-03 4.5101e-03 5.0812e-03 5.0812e-03 
39.81000 -1.8515e-02 -1.7175e-02 6.6776e-02 -3.3393e-02 -7.1324e-02 4.1018e-02 1.3661e-02 -1.3214e-02 6.5134e-03 6.5134e-03 3.9188e-03 3.9188e-03 3.9188e-03 3.9188e-03 5.9317e-03 5.9317e-03 
25.11800 -1.7595e-02 -1.2910e-02 6.4334e-02 -3.2032e-02 -5.8446e-02 3.2981e-02 1.1033e-02 -2.1394e-02 5.9404e-03 5.9404e-03 3.4724e-03 3.4724e-03 3.4724e-03 3.4724e-03 6.0289e-03 6.0289e-03 
15.84800 -1.4556e-02 -1.9106e-03 5.8268e-02 -3.0816e-02 -4.9144e-02 2.9256e-02 -5.2668e-04 -1.9486e-02 4.6661e-03 4.6661e-03 3.0700e-03 3.0700e-03 3.0700e-03 3.0700e-03 5.0084e-03 5.0084e-03 
10.00000 -1.2371e-02 4.3867e-03 4.9167e-02 -2.8990e-02 -4.2377e-02 2.6789e-02 -8.4473e-03 -1.3748e-02 4.1056e-03 4.1056e-03 2.6747e-03 2.6747e-03 2.6747e-03 2.6747e-03 4.2664e-03 4.2664e-03 
6.30950 -1.2033e-02 5.6595e-03 3.7598e-02 -2.5277e-02 -3.6596e-02 2.2283e-02 -7.1139e-03 -8.5172e-03 3.6818e-03 3.6818e-03 2.5040e-03 2.5040e-03 2.2029e-03 2.2029e-03 3.2708e-03 3.2708e-03 
3.98100 -1.2291e-02 5.6866e-03 2.7155e-02 -2.0441e-02 -3.0667e-02 1.9092e-02 -3.3369e-03 -4.9615e-03 3.2182e-03 3.2182e-03 2.9839e-03 2.9839e-03 2.1682e-03 2.1682e-03 2.2045e-03 2.2045e-03 
2.51180 -1.2535e-02 4.8024e-03 1.9731e-02 -1.5481e-02 -2.4717e-02 1.6711e-02 -1.0435e-03 -3.3618e-03 2.7522e-03 2.7522e-03 2.5543e-03 2.5543e-03 2.1611e-03 2.1611e-03 1.5372e-03 1.5372e-03 
1.58480 -1.2681e-02 3.9220e-03 1.5427e-02 -1.1588e-02 -1.9611e-02 1.4308e-02 3.1940e-04 -2.7190e-03 2.4005e-03 2.4005e-03 1.8298e-03 1.8298e-03 2.1627e-03 2.1627e-03 1.2229e-03 1.2229e-03 
1.00000 -1.2370e-02 3.8773e-03 1.3400e-02 -9.1380e-03 -1.5569e-02 1.1885e-02 1.5145e-03 -2.3502e-03 2.1750e-03 2.1750e-03 1.9749e-03 1.9749e-03 1.9966e-03 1.9966e-03 1.1100e-03 1.1100e-03 
35  35  2.884  -2.179  
13
630.95000 3.4052e-02 -3.3471e-02 3.0183e-01 -4.2196e-01 -2.6161e-01 3.8891e-01 2.3843e-04 -1.8280e-02 2.3608e-02 2.3608e-02 2.4656e-02 2.4656e-02 2.4656e-02 2.4656e-02 1.3885e-02 1.3885e-02 
398.10000 2.5820e-02 -1.6687e-02 2.2129e-01 -3.1877e-01 -1.8842e-01 2.9193e-01 4.5114e-03 -1.3389e-02 1.6384e-02 1.6384e-02 1.8360e-02 1.8360e-02 1.8360e-02 1.8360e-02 1.0510e-02 1.0510e-02 
251.18000 2.2226e-02 -1.8349e-02 1.6504e-01 -2.3937e-01 -1.4217e-01 2.1345e-01 4.4055e-03 -5.6625e-03 1.3731e-02 1.3731e-02 1.3653e-02 1.3653e-02 1.3653e-02 1.3653e-02 6.4343e-03 6.4343e-03 
158.48000 1.2516e-02 -1.6558e-02 1.2315e-01 -1.7659e-01 -1.1344e-01 1.5359e-01 4.5479e-03 -2.6751e-03 1.0027e-02 1.0027e-02 1.0137e-02 1.0137e-02 1.0137e-02 1.0137e-02 4.7611e-03 4.7611e-03 
100.00000 9.3600e-03 -1.4193e-02 9.5447e-02 -1.3446e-01 -9.1390e-02 1.1276e-01 2.8367e-03 -1.7062e-03 7.9421e-03 7.9421e-03 7.7352e-03 7.7352e-03 7.7352e-03 7.7352e-03 3.2880e-03 3.2880e-03 
63.09500 6.3551e-03 -1.1329e-02 8.0742e-02 -1.0721e-01 -7.2418e-02 8.4492e-02 8.2636e-03 -2.3596e-03 6.2630e-03 6.2630e-03 6.1105e-03 6.1105e-03 6.1105e-03 6.1105e-03 4.6387e-03 4.6387e-03 
25.11800 2.7550e-04 -7.5711e-03 4.7352e-02 -5.5116e-02 -5.0095e-02 5.2749e-02 4.1661e-03 3.1371e-03 3.5194e-03 3.5194e-03 3.6352e-03 3.6352e-03 3.6352e-03 3.6352e-03 2.9217e-03 2.9217e-03 
15.84800 -2.9121e-03 -4.5348e-03 3.9528e-02 -4.1470e-02 -4.0939e-02 4.3815e-02 7.0340e-03 3.0533e-03 2.6357e-03 2.6357e-03 2.9306e-03 2.9306e-03 2.9306e-03 2.9306e-03 3.2165e-03 3.2165e-03 
10.00000 -3.3093e-03 -1.4269e-03 3.3769e-02 -2.8682e-02 -3.1650e-02 3.4098e-02 8.2106e-03 3.2659e-03 1.8954e-03 1.8954e-03 2.2700e-03 2.2700e-03 2.2700e-03 2.2700e-03 3.0413e-03 3.0413e-03 
6.30950 -2.8398e-03 9.3494e-04 3.0627e-02 -2.1288e-02 -2.3043e-02 2.8817e-02 9.1265e-03 3.3764e-03 1.5840e-03 1.5840e-03 1.8549e-03 1.8549e-03 1.8549e-03 1.8549e-03 2.8423e-03 2.8423e-03 
3.98100 -2.7072e-03 3.2954e-04 2.7220e-02 -1.6338e-02 -1.8208e-02 2.1857e-02 9.9437e-03 2.8682e-03 1.3957e-03 1.3957e-03 2.3726e-03 2.3726e-03 1.5026e-03 1.5026e-03 2.5737e-03 2.5737e-03 
2.51180 -2.6355e-03 -1.6335e-03 2.2820e-02 -1.4772e-02 -1.3883e-02 1.5601e-02 1.0496e-02 7.0049e-04 1.3771e-03 1.3771e-03 1.9102e-03 1.9102e-03 1.1913e-03 1.1913e-03 2.2233e-03 2.2233e-03 
1.58480 -2.8296e-03 -2.3908e-03 1.9731e-02 -1.2202e-02 -1.2536e-02 1.0274e-02 1.0772e-02 -9.9067e-05 1.3906e-03 1.3906e-03 1.8073e-03 1.8073e-03 1.3124e-03 1.3124e-03 1.9820e-03 1.9820e-03 
36  36  -0.612  -0.896  
23
1000.00000 -1.7684e-01 8.4940e-02 7.9138e-01 -1.3966e+00 -1.0426e+00 1.6389e+00 2.6439e-01 -1.2633e-01 8.4176e-02 8.4176e-02 8.8290e-02 8.8290e-02 8.8290e-02 8.8290e-02 1.1316e-01 1.1316e-01 
630.95000 -1.3275e-01 -7.4368e-02 6.6639e-01 -8.7132e-01 -9.0873e-01 1.0919e+00 1.9222e-01 -1.0093e-02 6.1282e-02 6.1282e-02 6.4941e-02 6.4941e-02 6.2416e-02 6.2416e-02 7.8438e-02 7.8438e-02 
398.10000 -3.8490e-02 -2.8657e-02 5.3768e-01 -6.3088e-01 -7.8347e-01 7.9710e-01 1.5845e-01 -1.1929e-02 2.9916e-02 2.9916e-02 4.8126e-02 4.8126e-02 4.8126e-02 4.8126e-02 6.3214e-02 6.3214e-02 
251.18000 -1.3963e-02 9.5358e-04 4.3628e-01 -5.2310e-01 -6.9392e-01 6.1666e-01 1.3607e-01 -5.5383e-02 1.4646e-02 1.4646e-02 3.9760e-02 3.9760e-02 3.9760e-02 3.9760e-02 5.5394e-02 5.5394e-02 
158.48000 -1.5151e-03 7.1842e-03 3.4525e-01 -4.4374e-01 -5.9886e-01 4.7503e-01 1.1220e-01 -8.7408e-02 9.6374e-03 9.6374e-03 3.2778e-02 3.2778e-02 3.2778e-02 3.2778e-02 4.9459e-02 4.9459e-02 
100.00000 3.4867e-03 1.6264e-02 2.2829e-01 -3.3347e-01 -5.1164e-01 3.5989e-01 6.6996e-02 -9.6914e-02 1.2298e-02 1.2298e-02 2.5139e-02 2.5139e-02 2.5139e-02 2.5139e-02 4.0721e-02 4.0721e-02 
63.09500 5.0874e-02 -8.8642e-03 1.6145e-01 -2.7135e-01 -4.6951e-01 2.8271e-01 3.5117e-02 -9.5896e-02 1.9154e-02 1.9154e-02 2.0799e-02 2.0799e-02 2.0799e-02 2.0799e-02 3.5487e-02 3.5487e-02 
39.81000 3.1570e-02 -9.1633e-03 1.0948e-01 -1.9251e-01 -4.1661e-01 2.2375e-01 1.6991e-03 -6.6318e-02 1.2799e-02 1.2799e-02 1.6181e-02 1.6181e-02 1.6181e-02 1.6181e-02 2.6568e-02 2.6568e-02 
25.11800 1.9638e-02 -4.8525e-03 8.0953e-02 -1.4136e-01 -3.7475e-01 1.9127e-01 -2.2161e-02 -4.5315e-02 8.6106e-03 8.6106e-03 1.3090e-02 1.3090e-02 1.3090e-02 1.3090e-02 2.1853e-02 2.1853e-02 
15.84800 2.1094e-02 -4.1209e-03 6.1241e-02 -9.8984e-02 -3.2749e-01 1.6917e-01 -2.8843e-02 -2.0571e-02 7.5026e-03 7.5026e-03 1.0357e-02 1.0357e-02 1.0357e-02 1.0357e-02 1.7141e-02 1.7141e-02 
10.00000 2.1864e-02 -4.2172e-03 4.7287e-02 -6.7441e-02 -2.8231e-01 1.5652e-01 -2.5953e-02 -1.0389e-04 6.4240e-03 6.4240e-03 8.1528e-03 8.1528e-03 8.1528e-03 8.1528e-03 1.3729e-02 1.3729e-02 
6.30950 1.7906e-02 -4.4038e-03 3.8835e-02 -5.3289e-02 -2.4101e-01 1.4348e-01 -1.9310e-02 7.7579e-03 5.2305e-03 5.2305e-03 6.7998e-03 6.7998e-03 6.7998e-03 6.7998e-03 1.1460e-02 1.1460e-02 
3.98100 1.3990e-02 -4.3944e-03 3.2890e-02 -4.2045e-02 -1.9706e-01 1.2488e-01 -7.1145e-03 9.3132e-03 4.1967e-03 4.1967e-03 5.5799e-03 5.5799e-03 5.5799e-03 5.5799e-03 7.8435e-03 7.8435e-03 
2.51180 1.2140e-02 -3.8680e-03 2.8840e-02 -3.1235e-02 -1.6200e-01 1.0831e-01 -1.4301e-03 7.6335e-03 3.4911e-03 3.4911e-03 4.5510e-03 4.5510e-03 4.5510e-03 4.5510e-03 5.8354e-03 5.8354e-03 
1.58480 1.0407e-02 -2.9547e-03 2.5393e-02 -2.3095e-02 -1.3510e-01 9.3367e-02 -1.6895e-03 4.5084e-03 2.8905e-03 2.8905e-03 3.7539e-03 3.7539e-03 3.7539e-03 3.7539e-03 4.2178e-03 4.2178e-03 
1.00000 8.3940e-03 -2.2574e-03 2.1563e-02 -1.6899e-02 -1.0829e-01 7.6886e-02 -1.8875e-03 2.1227e-03 2.3147e-03 2.3147e-03 3.0160e-03 3.0160e-03 3.5518e-03 3.5518e-03 2.9134e-03 2.9134e-03 
0.63095 6.3934e-03 -1.8996e-03 1.7773e-02 -1.2251e-02 -8.2884e-02 6.0873e-02 -1.9890e-03 8.9850e-04 1.7998e-03 1.7998e-03 2.3557e-03 2.3557e-03 3.6897e-03 3.6897e-03 2.2472e-03 2.2472e-03 
0.39810 4.7490e-03 -1.7393e-03 1.4656e-02 -8.9438e-03 -6.2322e-02 4.7832e-02 -2.0345e-03 3.5015e-04 1.3978e-03 1.3978e-03 1.9084e-03 1.9084e-03 3.7961e-03 3.7961e-03 1.9103e-03 1.9103e-03 
0.25118 3.5364e-03 -1.6724e-03 1.2356e-02 -6.6888e-03 -4.7255e-02 3.8257e-02 -2.0534e-03 1.2143e-04 1.1121e-03 1.1121e-03 1.9776e-03 1.9776e-03 3.8711e-03 3.8711e-03 1.6775e-03 1.6775e-03 
0.15848 2.6959e-03 -1.6459e-03 1.0760e-02 -5.1940e-03 -3.6844e-02 3.1636e-02 -2.0608e-03 3.0829e-05 9.2149e-04 9.2149e-04 2.0249e-03 2.0249e-03 3.9215e-03 3.9215e-03 1.5007e-03 1.5007e-03 
0.10000 2.1343e-03 -1.6358e-03 9.6932e-03 -4.2209e-03 -2.9898e-02 2.7217e-02 -2.0635e-03 -3.1960e-06 7.9979e-04 7.9979e-04 2.0562e-03 2.0562e-03 3.9546e-03 3.9546e-03 1.3701e-03 1.3701e-03 
0.06309 1.7669e-03 -1.6322e-03 8.9949e-03 -3.5946e-03 -2.5359e-02 2.4328e-02 -2.0642e-03 -1.5023e-05 7.2405e-04 7.2405e-04 2.0765e-03 2.0765e-03 3.9759e-03 3.9759e-03 1.2776e-03 1.2776e-03 
0.03981 1.5299e-03 -1.6309e-03 8.5439e-03 -3.1944e-03 -2.2432e-02 2.2465e-02 -2.0643e-03 -1.8537e-05 6.7745e-04 6.7745e-04 2.0896e-03 2.0896e-03 3.9896e-03 3.9896e-03 1.2143e-03 1.2143e-03 
37  37  -1.985  -2.653  
8
158.48000 6.6557e-02 -2.0156e-02 4.1669e-01 -5.7413e-01 -4.8220e-01 5.0397e-01 4.6376e-03 -6.6687e-02 3.3317e-02 3.3317e-02 3.5171e-02 3.5171e-02 3.5171e-02 3.5171e-02 3.2390e-02 3.2390e-02 
39.81000 5.2063e-02 -2.3842e-02 1.8340e-01 -2.4891e-01 -2.4645e-01 2.5307e-01 -1.9385e-02 -4.1454e-02 1.9959e-02 1.9959e-02 1.6524e-02 1.6524e-02 1.6524e-02 1.6524e-02 1.9072e-02 1.9072e-02 
25.11800 4.2279e-02 -1.9788e-02 1.4068e-01 -1.9552e-01 -2.0059e-01 1.9706e-01 -1.6530e-02 -2.8019e-02 1.5906e-02 1.5906e-02 1.3013e-02 1.3013e-02 1.3013e-02 1.3013e-02 1.4346e-02 1.4346e-02 
15.84800 3.5782e-02 -1.6557e-02 1.0519e-01 -1.5091e-01 -1.6467e-01 1.5401e-01 -1.4108e-02 -1.3722e-02 1.2774e-02 1.2774e-02 1.0183e-02 1.0183e-02 1.0183e-02 1.0183e-02 9.9921e-03 9.9921e-03 
10.00000 3.1747e-02 -1.3479e-02 7.7590e-02 -1.1194e-01 -1.3428e-01 1.2322e-01 -1.5161e-02 2.2641e-05 1.0281e-02 1.0281e-02 7.8774e-03 7.8774e-03 7.8774e-03 7.8774e-03 7.8847e-03 7.8847e-03 
6.30950 2.8928e-02 -1.2047e-02 5.8002e-02 -8.2263e-02 -1.0826e-01 1.0300e-01 -1.3799e-02 6.8662e-03 8.4243e-03 8.4243e-03 6.1320e-03 6.1320e-03 6.1320e-03 6.1320e-03 7.1985e-03 7.1985e-03 
3.98100 2.7443e-02 -1.1425e-02 4.5521e-02 -6.0584e-02 -8.3263e-02 8.2051e-02 -6.5813e-03 8.0334e-03 7.1194e-03 7.1194e-03 4.7060e-03 4.7060e-03 4.7060e-03 4.7060e-03 5.2264e-03 5.2264e-03 
2.51180 2.5117e-02 -1.0830e-02 3.6909e-02 -4.5647e-02 -6.6667e-02 6.0715e-02 1.9190e-03 5.9768e-03 6.0105e-03 6.0105e-03 3.6377e-03 3.6377e-03 3.6377e-03 3.6377e-03 3.5687e-03 3.5687e-03 
38  38  -3.390  -0.400  
12
1000.00000 -3.2733e-02 -4.6392e-04 2.9299e-01 -5.8073e-01 -3.2231e-01 6.1456e-01 -7.8397e-03 6.6087e-03 2.1889e-02 2.1889e-02 3.3593e-02 3.3593e-02 3.3593e-02 3.3593e-02 1.2653e-02 1.2653e-02 
630.95000 -2.6249e-02 -1.8400e-03 1.9181e-01 -4.0968e-01 -2.2795e-01 4.4299e-01 -6.1667e-03 -1.3313e-04 1.6365e-02 1.6365e-02 2.3736e-02 2.3736e-02 2.3736e-02 2.3736e-02 8.3152e-03 8.3152e-03 
398.10000 7.9786e-03 -1.3996e-02 1.2274e-01 -3.1412e-01 -1.6671e-01 3.1709e-01 7.5845e-03 -3.9315e-03 1.1057e-02 1.1057e-02 1.7379e-02 1.7379e-02 1.7379e-02 1.7379e-02 8.2982e-03 8.2982e-03 
251.18000 1.1365e-02 -1.1388e-02 9.3005e-02 -2.0723e-01 -1.1780e-01 2.2894e-01 5.0498e-03 -7.0492e-03 9.0679e-03 9.0679e-03 1.2092e-02 1.2092e-02 1.2092e-02 1.2092e-02 7.0876e-03 7.0876e-03 
158.48000 5.2101e-03 -2.0121e-02 8.3181e-02 -1.2939e-01 -9.5126e-02 1.7064e-01 1.2696e-03 -3.3680e-03 8.4815e-03 8.4815e-03 8.6676e-03 8.6676e-03 8.6676e-03 8.6676e-03 3.9776e-03 3.9776e-03 
100.00000 -8.3216e-03 -3.2777e-02 7.9370e-02 -7.9286e-02 -8.0832e-02 1.3656e-01 -1.7020e-03 -7.5071e-03 9.2391e-03 9.2391e-03 6.6714e-03 6.6714e-03 6.6714e-03 6.6714e-03 5.2426e-03 5.2426e-03 
63.09500 -2.6821e-02 -2.0856e-02 8.3396e-02 -6.0188e-02 -5.7741e-02 9.4929e-02 1.3126e-03 -5.1192e-03 8.8670e-03 8.8670e-03 5.3450e-03 5.3450e-03 5.3450e-03 5.3450e-03 3.6348e-03 3.6348e-03 
39.81000 -3.4974e-02 -1.5867e-02 7.1533e-02 -4.9559e-02 -4.3104e-02 6.1715e-02 2.7186e-03 -2.1126e-03 8.6718e-03 8.6718e-03 4.0469e-03 4.0469e-03 4.0469e-03 4.0469e-03 2.4148e-03 2.4148e-03 
25.11800 -3.7383e-02 -1.1404e-02 6.0805e-02 -4.1279e-02 -3.5915e-02 4.2415e-02 3.3798e-03 -4.1739e-04 8.0392e-03 8.0392e-03 3.1956e-03 3.1956e-03 3.8682e-03 3.8682e-03 2.0636e-03 2.0636e-03 
15.84800 -3.8643e-02 -4.1752e-03 5.2143e-02 -3.5270e-02 -3.1304e-02 3.0449e-02 3.9531e-03 -3.4554e-04 7.4198e-03 7.4198e-03 2.6216e-03 2.6216e-03 3.5548e-03 3.5548e-03 1.9746e-03 1.9746e-03 
10.00000 -3.8471e-02 3.5431e-03 4.7049e-02 -3.0522e-02 -2.7583e-02 2.3022e-02 4.0415e-03 -7.2500e-04 6.9821e-03 6.9821e-03 3.3222e-03 3.3222e-03 2.4622e-03 2.4622e-03 1.8219e-03 1.8219e-03 
6.30950 -3.5703e-02 8.9487e-03 4.0764e-02 -2.5816e-02 -2.4289e-02 1.8336e-02 3.3680e-03 -1.2707e-03 6.3214e-03 6.3214e-03 3.2518e-03 3.2518e-03 1.9543e-03 1.9543e-03 1.5700e-03 1.5700e-03 
39  39  1.586  1.342  
17
1000.00000 3.0736e-02 4.2569e-03 3.4593e-01 -3.5551e-01 -3.0666e-01 3.4540e-01 -1.3305e-02 -1.7623e-02 1.8609e-02 1.8609e-02 2.3933e-02 2.3933e-02 2.3933e-02 2.3933e-02 1.5149e-02 1.5149e-02 
630.95000 2.6767e-02 -3.6332e-03 2.7149e-01 -2.7962e-01 -2.5296e-01 2.5885e-01 -1.8063e-02 -8.6150e-03 1.5391e-02 1.5391e-02 1.8779e-02 1.8779e-02 1.8779e-02 1.8779e-02 1.2766e-02 1.2766e-02 
398.10000 2.5162e-02 -1.2554e-02 2.2028e-01 -2.2134e-01 -1.9732e-01 2.0499e-01 -1.8456e-02 1.0499e-03 1.4056e-02 1.4056e-02 1.4904e-02 1.4904e-02 1.4904e-02 1.4904e-02 1.0878e-02 1.0878e-02 
251.18000 1.9632e-02 -1.9626e-02 1.7344e-01 -1.7904e-01 -1.5587e-01 1.5982e-01 -1.7349e-02 5.9285e-03 1.2478e-02 1.2478e-02 1.1795e-02 1.1795e-02 1.1795e-02 1.1795e-02 9.5964e-03 9.5964e-03 
158.48000 9.7699e-03 -2.3199e-02 1.3375e-01 -1.3922e-01 -1.2488e-01 1.2175e-01 -1.3423e-02 9.8273e-03 1.0457e-02 1.0457e-02 9.1747e-03 9.1747e-03 9.1747e-03 9.1747e-03 8.0796e-03 8.0796e-03 
100.00000 -1.1014e-03 -2.1696e-02 1.0638e-01 -1.0666e-01 -1.0447e-01 9.3977e-02 -8.1784e-03 1.1143e-02 8.5810e-03 8.5810e-03 7.2746e-03 7.2746e-03 7.2746e-03 7.2746e-03 6.6107e-03 6.6107e-03 
63.09500 -9.1449e-03 -1.5625e-02 8.6571e-02 -8.0777e-02 -8.8256e-02 7.3343e-02 -2.8725e-03 1.0052e-02 6.9449e-03 6.9449e-03 5.8282e-03 5.8282e-03 5.8282e-03 5.8282e-03 5.1955e-03 5.1955e-03 
39.81000 -1.4517e-02 -1.0560e-02 7.1305e-02 -6.3320e-02 -7.4910e-02 5.5642e-02 -3.8438e-04 6.2049e-03 6.2062e-03 6.2062e-03 4.7166e-03 4.7166e-03 4.7166e-03 4.7166e-03 3.6129e-03 3.6129e-03 
25.11800 -1.6965e-02 -7.0396e-03 6.1974e-02 -5.4410e-02 -6.7492e-02 4.6263e-02 1.2961e-04 4.0800e-03 5.8379e-03 5.8379e-03 4.1073e-03 4.1073e-03 4.1073e-03 4.1073e-03 2.7414e-03 2.7414e-03 
15.84800 -1.6929e-02 -1.6239e-03 4.8865e-02 -4.3008e-02 -5.6816e-02 3.7612e-02 9.0061e-04 2.7222e-03 4.9909e-03 4.9909e-03 3.3300e-03 3.3300e-03 3.3300e-03 3.3300e-03 2.0966e-03 2.0966e-03 
10.00000 -1.6543e-02 2.1804e-03 3.9131e-02 -3.5837e-02 -4.8603e-02 3.3056e-02 1.8834e-03 2.7749e-03 4.4633e-03 4.4633e-03 2.7923e-03 2.7923e-03 2.7923e-03 2.7923e-03 2.1060e-03 2.1060e-03 
6.30950 -1.4946e-02 4.4853e-03 3.1292e-02 -3.1165e-02 -4.0665e-02 2.9921e-02 2.5166e-03 2.3086e-03 3.9377e-03 3.9377e-03 2.3610e-03 2.3610e-03 2.3610e-03 2.3610e-03 1.9696e-03 1.9696e-03 
3.98100 -1.2305e-02 5.3933e-03 2.3857e-02 -2.6007e-02 -3.2338e-02 2.5256e-02 2.9501e-03 9.4932e-04 3.2662e-03 3.2662e-03 1.9027e-03 1.9027e-03 1.9027e-03 1.9027e-03 1.6915e-03 1.6915e-03 
2.51180 -8.2875e-03 5.2180e-03 1.7134e-02 -2.0211e-02 -2.4627e-02 2.0417e-02 3.3277e-03 -9.6082e-05 2.4163e-03 2.4163e-03 1.7399e-03 1.7399e-03 1.4557e-03 1.4557e-03 1.5480e-03 1.5480e-03 
1.58480 -4.2189e-03 3.3948e-03 1.2491e-02 -1.4610e-02 -2.0206e-02 1.5651e-02 3.4266e-03 -5.1998e-05 1.5304e-03 1.5304e-03 1.4139e-03 1.4139e-03 1.5483e-03 1.5483e-03 1.4038e-03 1.4038e-03 
1.00000 -4.4728e-03 3.5305e-03 1.0351e-02 -9.6620e-03 -1.5082e-02 1.1015e-02 1.8861e-03 -3.1640e-05 1.3474e-03 1.3474e-03 1.1985e-03 1.1985e-03 2.0495e-03 2.0495e-03 8.9033e-04 8.9033e-04 
0.63095 -5.5737e-03 3.5290e-03 9.6043e-03 -6.2474e-03 -1.3594e-02 9.6625e-03 2.1313e-03 -8.4201e-04 1.3041e-03 1.3041e-03 9.5778e-04 9.5778e-04 1.6472e-03 1.6472e-03 9.2734e-04 9.2734e-04 
40  40  1.047  2.401  
8
39.81000 2.3696e-02 -1.6442e-02 9.0067e-02 -6.4744e-02 -5.4009e-02 5.2980e-02 5.1285e-03 6.2718e-03 8.4842e-03 8.4842e-03 4.5804e-03 4.5804e-03 4.5804e-03 4.5804e-03 3.7137e-03 3.7137e-03 
25.11800 5.6353e-03 -2.1656e-02 6.7159e-02 -5.4153e-02 -4.2735e-02 4.1376e-02 2.7095e-03 6.4565e-03 6.5907e-03 6.5907e-03 3.5818e-03 3.5818e-03 3.5818e-03 3.5818e-03 3.0612e-03 3.0612e-03 
15.84800 -1.0518e-02 -2.0953e-02 5.3862e-02 -4.5656e-02 -3.5876e-02 3.1728e-02 5.0368e-03 5.5533e-03 6.1030e-03 6.1030e-03 2.9076e-03 2.9076e-03 2.9076e-03 2.9076e-03 2.8423e-03 2.8423e-03 
10.00000 -1.5068e-02 -1.2273e-02 4.1323e-02 -3.8903e-02 -3.0138e-02 2.4720e-02 3.8092e-03 3.6932e-03 4.9816e-03 4.9816e-03 2.3517e-03 2.3517e-03 2.3517e-03 2.3517e-03 2.1571e-03 2.1571e-03 
6.30950 -1.9615e-02 -7.0258e-03 3.4654e-02 -3.3056e-02 -2.5175e-02 2.0431e-02 4.4178e-03 2.7393e-03 4.7383e-03 4.7383e-03 1.9703e-03 1.9703e-03 1.9703e-03 1.9703e-03 1.9473e-03 1.9473e-03 
3.98100 -2.0706e-02 -2.6613e-03 2.8627e-02 -2.8035e-02 -2.1050e-02 1.7650e-02 5.0844e-03 2.0320e-03 4.3382e-03 4.3382e-03 1.6588e-03 1.6588e-03 1.6588e-03 1.6588e-03 1.8396e-03 1.8396e-03 
2.51180 -1.2944e-02 3.1731e-03 2.4679e-02 -2.1588e-02 -1.7764e-02 1.4163e-02 5.8766e-03 3.6995e-04 3.1356e-03 3.1356e-03 1.8228e-03 1.8228e-03 1.3647e-03 1.3647e-03 1.7349e-03 1.7349e-03 
1.58480 -3.8395e-03 6.6495e-03 2.0146e-02 -1.5622e-02 -1.4333e-02 1.0526e-02 6.2246e-03 -1.0212e-03 2.0986e-03 2.0986e-03 3.2991e-03 3.2991e-03 1.3798e-03 1.3798e-03 1.5886e-03 1.5886e-03 
41  41  0.838  -1.300  
19
630.95000 8.1019e-02 -4.5814e-02 2.5637e-01 -3.9526e-01 -2.7441e-01 4.1343e-01 -4.5173e-02 2.2901e-02 3.1410e-02 3.1410e-02 2.4175e-02 2.4175e-02 2.4175e-02 2.4175e-02 2.3779e-02 2.3779e-02 
398.10000 6.1350e-02 -4.1553e-02 1.8524e-01 -2.9319e-01 -1.9625e-01 3.0266e-01 -3.9718e-02 1.8938e-02 2.4046e-02 2.4046e-02 1.7685e-02 1.7685e-02 1.7685e-02 1.7685e-02 1.8898e-02 1.8898e-02 
251.18000 4.6225e-02 -3.6224e-02 1.3796e-01 -2.1856e-01 -1.4687e-01 2.2481e-01 -3.5714e-02 1.6009e-02 1.8480e-02 1.8480e-02 1.3172e-02 1.3172e-02 1.3172e-02 1.3172e-02 1.5378e-02 1.5378e-02 
158.48000 3.3298e-02 -2.8549e-02 1.0550e-01 -1.6054e-01 -1.1118e-01 1.6287e-01 -3.1929e-02 1.3277e-02 1.3769e-02 1.3769e-02 9.7318e-03 9.7318e-03 9.7318e-03 9.7318e-03 1.2387e-02 1.2387e-02 
100.00000 2.6380e-02 -1.8312e-02 8.1881e-02 -1.1550e-01 -8.9897e-02 1.1298e-01 -2.8701e-02 1.0934e-02 1.0114e-02 1.0114e-02 7.1486e-03 7.1486e-03 7.1486e-03 7.1486e-03 9.9887e-03 9.9887e-03 
63.09500 2.4544e-02 -9.8848e-03 6.7882e-02 -8.7116e-02 -7.7681e-02 8.1563e-02 -2.6244e-02 9.1339e-03 8.1087e-03 8.1087e-03 5.5766e-03 5.5766e-03 5.5766e-03 5.5766e-03 8.3919e-03 8.3919e-03 
39.81000 2.6528e-02 -2.5712e-03 5.4459e-02 -6.4054e-02 -7.1724e-02 5.2979e-02 -2.4347e-02 7.6090e-03 7.1006e-03 7.1006e-03 4.3292e-03 4.3292e-03 4.3292e-03 4.3292e-03 7.1538e-03 7.1538e-03 
25.11800 3.0743e-02 -2.1446e-04 4.5387e-02 -4.7613e-02 -6.8996e-02 4.2252e-02 -2.3534e-02 6.6230e-03 6.7455e-03 6.7455e-03 3.6476e-03 3.6476e-03 3.6476e-03 3.6476e-03 6.6711e-03 6.6711e-03 
15.84800 3.1494e-02 -2.6477e-03 3.7820e-02 -3.6970e-02 -6.4409e-02 3.3024e-02 -2.2088e-02 6.3862e-03 6.1326e-03 6.1326e-03 3.0936e-03 3.0936e-03 3.0936e-03 3.0936e-03 6.1192e-03 6.1192e-03 
10.00000 3.0146e-02 -6.7689e-03 3.1147e-02 -3.0534e-02 -5.6268e-02 3.1683e-02 -1.9471e-02 8.5976e-03 5.5065e-03 5.5065e-03 2.6536e-03 2.6536e-03 2.6536e-03 2.6536e-03 5.5610e-03 5.5610e-03 
6.30950 2.6481e-02 -9.7998e-03 2.4511e-02 -2.5062e-02 -4.6959e-02 2.9429e-02 -1.6026e-02 9.5472e-03 4.7192e-03 4.7192e-03 2.2038e-03 2.2038e-03 2.2038e-03 2.2038e-03 4.8229e-03 4.8229e-03 
3.98100 2.2632e-02 -1.1811e-02 1.8874e-02 -2.0478e-02 -3.6797e-02 2.7455e-02 -1.1021e-02 9.4252e-03 3.9996e-03 3.9996e-03 1.7879e-03 1.7879e-03 1.7879e-03 1.7879e-03 3.8704e-03 3.8704e-03 
2.51180 1.9039e-02 -1.0906e-02 1.3672e-02 -1.6125e-02 -2.9695e-02 2.2446e-02 -8.0215e-03 8.3857e-03 3.2306e-03 3.2306e-03 1.4026e-03 1.4026e-03 1.4026e-03 1.4026e-03 3.1175e-03 3.1175e-03 
1.58480 1.5111e-02 -8.9205e-03 1.0327e-02 -1.1708e-02 -2.5045e-02 1.8931e-02 -5.3792e-03 7.0246e-03 2.4826e-03 2.4826e-03 1.1069e-03 1.1069e-03 1.1069e-03 1.1069e-03 2.5000e-03 2.5000e-03 
1.00000 1.2976e-02 -6.5083e-03 8.3843e-03 -8.5319e-03 -2.0883e-02 1.4287e-02 -3.7578e-03 5.4364e-03 1.9766e-03 1.9766e-03 1.0871e-03 1.0871e-03 1.2194e-03 1.2194e-03 1.9397e-03 1.9397e-03 
0.39810 8.3462e-03 -4.2676e-03 6.4527e-03 -4.2271e-03 -1.5186e-02 1.0763e-02 -3.0852e-03 2.1994e-03 1.2755e-03 1.2755e-03 1.1057e-03 1.1057e-03 1.4746e-03 1.4746e-03 1.2597e-03 1.2597e-03 
0.25118 6.7253e-03 -4.9995e-03 6.1406e-03 -2.9830e-03 -1.1622e-02 9.0771e-03 -3.5413e-03 8.9390e-04 1.1345e-03 1.1345e-03 7.6980e-04 7.6980e-04 9.2553e-04 9.2553e-04 1.1009e-03 1.1009e-03 
0.06309 3.0310e-03 -1.6617e-03 5.3112e-03 -1.7489e-03 -5.8593e-03 4.0507e-03 -2.8705e-03 -1.2866e-04 6.5946e-04 6.5946e-04 5.3471e-04 5.3471e-04 1.2532e-03 1.2532e-03 6.7862e-04 6.7862e-04 
0.03981 2.4869e-03 -2.3462e-03 4.2832e-03 -1.5102e-03 -5.2237e-03 3.8761e-03 -1.7844e-03 3.8816e-04 5.9107e-04 5.9107e-04 3.9912e-04 3.9912e-04 9.8167e-04 9.8167e-04 5.1698e-04 5.1698e-04 
42  42  2.569  2.441  
23
1000.00000 5.9819e-02 -3.8707e-02 3.0312e-01 -3.2247e-01 -3.6641e-01 3.4029e-01 -3.6180e-02 2.3686e-02 2.6636e-02 2.6636e-02 2.3522e-02 2.3522e-02 2.3522e-02 2.3522e-02 2.2058e-02 2.2058e-02 
630.95000 4.7107e-02 -3.8911e-02 2.4863e-01 -2.5405e-01 -2.9585e-01 2.8399e-01 -3.6333e-02 2.5377e-02 2.2106e-02 2.2106e-02 1.9090e-02 1.9090e-02 1.9090e-02 1.9090e-02 2.0222e-02 2.0222e-02 
398.10000 3.7174e-02 -3.7431e-02 2.0741e-01 -2.0617e-01 -2.3044e-01 2.3197e-01 -3.3170e-02 2.6190e-02 1.8631e-02 1.8631e-02 1.5462e-02 1.5462e-02 1.5462e-02 1.5462e-02 1.7633e-02 1.7633e-02 
251.18000 2.7545e-02 -3.5704e-02 1.6743e-01 -1.6713e-01 -1.7734e-01 1.8660e-01 -2.6389e-02 2.8055e-02 1.5493e-02 1.5493e-02 1.2339e-02 1.2339e-02 1.2339e-02 1.2339e-02 1.4936e-02 1.4936e-02 
158.48000 1.6680e-02 -3.4072e-02 1.3324e-01 -1.3252e-01 -1.3703e-01 1.4594e-01 -1.6079e-02 2.9277e-02 1.2665e-02 1.2665e-02 9.6981e-03 9.6981e-03 9.6981e-03 9.6981e-03 1.2266e-02 1.2266e-02 
100.00000 4.9728e-03 -2.9603e-02 1.0690e-01 -1.0233e-01 -1.0764e-01 1.1089e-01 -3.6820e-03 2.6417e-02 9.9974e-03 9.9974e-03 7.5613e-03 7.5613e-03 7.5613e-03 7.5613e-03 9.6304e-03 9.6304e-03 
63.09500 -3.1639e-03 -2.3793e-02 8.8770e-02 -8.1104e-02 -8.9159e-02 8.6449e-02 5.0621e-03 2.0060e-02 8.0584e-03 8.0584e-03 6.1099e-03 6.1099e-03 6.1099e-03 6.1099e-03 7.6033e-03 7.6033e-03 
39.81000 -9.1603e-03 -1.6617e-02 7.4044e-02 -6.3965e-02 -7.3838e-02 6.4366e-02 9.3284e-03 1.0663e-02 6.4632e-03 6.4632e-03 4.8950e-03 4.8950e-03 4.8950e-03 4.8950e-03 5.5879e-03 5.5879e-03 
25.11800 -1.2706e-02 -1.0486e-02 6.1995e-02 -5.2534e-02 -6.3099e-02 4.9156e-02 1.0032e-02 3.8266e-03 5.4882e-03 5.4882e-03 4.0310e-03 4.0310e-03 4.0310e-03 4.0310e-03 4.3958e-03 4.3958e-03 
15.84800 -1.4092e-02 -5.8962e-03 5.1291e-02 -4.5196e-02 -5.5305e-02 4.0244e-02 8.2989e-03 2.2954e-04 4.8474e-03 4.8474e-03 3.4190e-03 3.4190e-03 3.4190e-03 3.4190e-03 3.5744e-03 3.5744e-03 
10.00000 -1.3737e-02 -1.2195e-03 3.9441e-02 -3.7859e-02 -4.6963e-02 3.4330e-02 6.0001e-03 -5.8947e-04 4.1188e-03 4.1188e-03 2.8197e-03 2.8197e-03 2.8197e-03 2.8197e-03 2.8091e-03 2.8091e-03 
6.30950 -1.2427e-02 1.9904e-03 2.9724e-02 -3.1412e-02 -3.8624e-02 2.9856e-02 4.8195e-03 -6.5780e-04 3.4995e-03 3.4995e-03 2.2974e-03 2.2974e-03 2.2974e-03 2.2974e-03 2.3115e-03 2.3115e-03 
3.98100 -9.9356e-03 3.6753e-03 2.1963e-02 -2.5287e-02 -3.0579e-02 2.5144e-02 4.6619e-03 -7.2318e-04 2.8255e-03 2.8255e-03 1.8207e-03 1.8207e-03 1.8207e-03 1.8207e-03 2.0499e-03 2.0499e-03 
2.51180 -7.2175e-03 4.0278e-03 1.6038e-02 -1.9138e-02 -2.4061e-02 1.9868e-02 4.3899e-03 -8.9875e-04 2.1549e-03 2.1549e-03 1.3957e-03 1.3957e-03 1.3957e-03 1.3957e-03 1.7737e-03 1.7737e-03 
1.58480 -5.2559e-03 3.4598e-03 1.2297e-02 -1.3402e-02 -1.9495e-02 1.4585e-02 4.0229e-03 -9.2105e-04 1.6047e-03 1.6047e-03 1.0522e-03 1.0522e-03 1.0522e-03 1.0522e-03 1.5036e-03 1.5036e-03 
1.00000 -4.1415e-03 2.7410e-03 1.0222e-02 -8.9204e-03 -1.6369e-02 1.1672e-02 3.5270e-03 -5.0664e-04 1.2313e-03 1.2313e-03 8.2577e-04 8.2577e-04 8.2577e-04 8.2577e-04 1.2696e-03 1.2696e-03 
0.63095 -3.7470e-03 2.1545e-03 9.2615e-03 -5.9912e-03 -1.4164e-02 1.0140e-02 3.1249e-03 -8.3008e-05 1.0357e-03 1.0357e-03 6.9308e-04 6.9308e-04 6.9308e-04 6.9308e-04 1.1069e-03 1.1069e-03 
0.39810 -3.5815e-03 1.6790e-03 8.8604e-03 -4.1374e-03 -1.1855e-02 8.4239e-03 3.1188e-03 -4.0001e-05 9.3290e-04 9.3290e-04 7.2744e-04 7.2744e-04 6.1699e-04 6.1699e-04 1.0103e-03 1.0103e-03 
0.25118 -3.4249e-03 1.4283e-03 8.1234e-03 -3.1159e-03 -9.6028e-03 7.0573e-03 3.0077e-03 -2.8039e-04 8.5230e-04 8.5230e-04 7.0943e-04 7.0943e-04 6.7256e-04 6.7256e-04 8.9998e-04 8.9998e-04 
0.15848 -3.1815e-03 1.3168e-03 7.2552e-03 -2.6233e-03 -7.8971e-03 5.9343e-03 2.8133e-03 -5.2811e-04 7.7311e-04 7.7311e-04 4.9788e-04 4.9788e-04 8.5896e-04 8.5896e-04 7.9763e-04 7.9763e-04 
0.10000 -2.6661e-03 1.2419e-03 6.8156e-03 -2.4062e-03 -6.3328e-03 4.8638e-03 2.6437e-03 -6.3838e-04 6.9160e-04 6.9160e-04 3.8114e-04 3.8114e-04 1.0625e-03 1.0625e-03 6.9901e-04 6.9901e-04 
0.06309 -2.1725e-03 1.1844e-03 6.3209e-03 -2.2520e-03 -4.6504e-03 3.8855e-03 2.2337e-03 -3.5537e-04 6.1121e-04 6.1121e-04 3.1884e-04 3.1884e-04 8.4965e-04 8.4965e-04 5.5533e-04 5.5533e-04 
0.03981 -1.8617e-03 1.0135e-03 5.7118e-03 -2.0079e-03 -3.4941e-03 3.2861e-03 1.9563e-03 3.7694e-05 5.3736e-04 5.3736e-04 2.6945e-04 2.6945e-04 5.1211e-04 5.1211e-04 4.5953e-04 4.5953e-04 
43  43  -2.028  2.833  
9
630.95000 -1.5143e-02 1.9029e-02 3.0770e-01 -4.1257e-01 -3.5691e-01 4.3829e-01 6.8897e-02 -8.2503e-02 1.6781e-02 1.6781e-02 2.6968e-02 2.6968e-02 2.6968e-02 2.6968e-02 3.6973e-02 3.6973e-02 
398.10000 -9.2564e-03 2.1972e-02 2.1608e-01 -3.0311e-01 -2.7359e-01 3.3651e-01 3.9727e-02 -6.1416e-02 1.4131e-02 1.4131e-02 2.0090e-02 2.0090e-02 2.0090e-02 2.0090e-02 2.6716e-02 2.6716e-02 
251.18000 -1.5704e-03 2.5209e-02 1.7219e-01 -2.2013e-01 -2.1346e-01 2.5894e-01 2.6602e-02 -3.9498e-02 1.2602e-02 1.2602e-02 1.5312e-02 1.5312e-02 1.5312e-02 1.5312e-02 1.8962e-02 1.8962e-02 
63.09500 1.7672e-03 1.0488e-02 1.1354e-01 -9.4313e-02 -1.0639e-01 1.2861e-01 3.4177e-02 -3.4277e-03 5.9433e-03 5.9433e-03 7.8480e-03 7.8480e-03 7.8480e-03 7.8480e-03 1.1357e-02 1.1357e-02 
39.81000 -7.9500e-04 1.0411e-02 9.2642e-02 -7.5023e-02 -8.0632e-02 9.8746e-02 2.5750e-02 -5.4914e-03 5.2920e-03 5.2920e-03 6.1639e-03 6.1639e-03 6.1639e-03 6.1639e-03 8.6903e-03 8.6903e-03 
25.11800 5.5409e-04 1.1711e-02 7.4828e-02 -6.0128e-02 -5.8635e-02 7.6819e-02 2.2288e-02 -7.8344e-03 5.0321e-03 5.0321e-03 4.8158e-03 4.8158e-03 4.8158e-03 4.8158e-03 7.1672e-03 7.1672e-03 
15.84800 6.6023e-03 1.3740e-02 5.9757e-02 -4.9072e-02 -4.2786e-02 5.7913e-02 1.8004e-02 -8.7703e-03 5.1498e-03 5.1498e-03 3.7308e-03 3.7308e-03 3.7308e-03 3.7308e-03 5.6960e-03 5.6960e-03 
10.00000 1.0850e-02 1.3066e-02 4.8237e-02 -4.0651e-02 -3.3311e-02 4.2760e-02 1.3613e-02 -8.2853e-03 4.9097e-03 4.9097e-03 2.9237e-03 2.9237e-03 2.9237e-03 2.9237e-03 4.4086e-03 4.4086e-03 
6.30950 1.4381e-02 9.8237e-03 3.7126e-02 -3.5060e-02 -3.0012e-02 3.1486e-02 9.4340e-03 -7.9034e-03 4.4733e-03 4.4733e-03 2.3565e-03 2.3565e-03 2.3565e-03 2.3565e-03 3.4706e-03 3.4706e-03 
44  44  -1.086  1.998  
16
630.95000 9.8409e-03 1.4963e-02 3.9782e-01 -3.4250e-01 -3.3487e-01 3.6430e-01 2.2239e-03 1.1167e-03 1.4544e-02 1.4544e-02 2.5483e-02 2.5483e-02 2.5483e-02 2.5483e-02 5.2637e-03 5.2637e-03 
398.10000 6.9275e-03 6.9846e-03 3.1405e-01 -2.9102e-01 -2.7176e-01 2.9156e-01 -1.0211e-03 -1.0123e-04 9.7350e-03 9.7350e-03 2.0655e-02 2.0655e-02 2.0655e-02 2.0655e-02 3.0335e-03 3.0335e-03 
251.18000 5.4238e-03 2.8699e-03 2.4196e-01 -2.3755e-01 -2.1705e-01 2.3010e-01 -3.4855e-03 3.0168e-04 6.8422e-03 6.8422e-03 1.6375e-02 1.6375e-02 1.6375e-02 1.6375e-02 4.9900e-03 4.9900e-03 
158.48000 5.2415e-03 -7.3213e-04 1.8732e-01 -1.9114e-01 -1.7390e-01 1.8122e-01 -4.6171e-03 1.7986e-03 5.6452e-03 5.6452e-03 1.2963e-02 1.2963e-02 1.2963e-02 1.2963e-02 5.2917e-03 5.2917e-03 
100.00000 4.5466e-03 -3.7207e-03 1.4365e-01 -1.5074e-01 -1.3536e-01 1.4260e-01 -4.6781e-03 3.0515e-03 5.2465e-03 5.2465e-03 1.0117e-02 1.0117e-02 1.0117e-02 1.0117e-02 4.9708e-03 4.9708e-03 
63.09500 3.6870e-03 -6.3937e-03 1.1483e-01 -1.2033e-01 -1.0614e-01 1.1662e-01 -3.0042e-03 5.5146e-03 5.2556e-03 5.2556e-03 8.0976e-03 8.0976e-03 8.0976e-03 8.0976e-03 4.7202e-03 4.7202e-03 
39.81000 -1.2255e-03 -9.3908e-03 8.9358e-02 -8.8719e-02 -8.3027e-02 8.1744e-02 1.5465e-03 5.2862e-03 5.1799e-03 5.1799e-03 6.0563e-03 6.0563e-03 6.0563e-03 6.0563e-03 3.7999e-03 3.7999e-03 
25.11800 -5.3257e-03 -1.1808e-02 7.3660e-02 -7.2885e-02 -6.9059e-02 6.1763e-02 3.2307e-03 3.7341e-03 5.4956e-03 5.4956e-03 4.8991e-03 4.8991e-03 4.8991e-03 4.8991e-03 3.2083e-03 3.2083e-03 
15.84800 -1.2413e-02 -1.2048e-02 5.7932e-02 -5.6974e-02 -6.0377e-02 4.2095e-02 2.9275e-03 1.3417e-03 5.6236e-03 5.6236e-03 4.3968e-03 4.3968e-03 3.8667e-03 3.8667e-03 2.3093e-03 2.3093e-03 
10.00000 -1.7620e-02 -9.3479e-03 4.4958e-02 -4.5723e-02 -5.5097e-02 3.2330e-02 2.6661e-03 1.0165e-03 5.3646e-03 5.3646e-03 3.5440e-03 3.5440e-03 3.2001e-03 3.2001e-03 2.0251e-03 2.0251e-03 
6.30950 -2.0532e-02 -5.0719e-03 3.5543e-02 -3.7853e-02 -5.0162e-02 2.8489e-02 2.7988e-03 1.3723e-03 4.9708e-03 4.9708e-03 2.7365e-03 2.7365e-03 2.7365e-03 2.7365e-03 2.0115e-03 2.0115e-03 
3.98100 -2.0204e-02 -7.8526e-04 2.6382e-02 -3.0188e-02 -4.3313e-02 2.4871e-02 2.3593e-03 1.4390e-03 4.2707e-03 4.2707e-03 2.2374e-03 2.2374e-03 2.2374e-03 2.2374e-03 1.7623e-03 1.7623e-03 
2.51180 -1.8780e-02 2.3321e-03 1.9404e-02 -2.2853e-02 -3.7109e-02 2.1022e-02 2.1923e-03 1.1156e-03 3.5729e-03 3.5729e-03 1.7879e-03 1.7879e-03 1.7879e-03 1.7879e-03 1.5364e-03 1.5364e-03 
1.58480 -1.6778e-02 4.1131e-03 1.4799e-02 -1.6257e-02 -3.2062e-02 1.7861e-02 2.8864e-03 1.3108e-03 2.9232e-03 2.9232e-03 1.4650e-03 1.4650e-03 1.7084e-03 1.7084e-03 1.6179e-03 1.6179e-03 
1.00000 -1.4737e-02 4.7714e-03 1.2392e-02 -1.1348e-02 -2.7517e-02 1.5071e-02 4.2454e-03 8.5610e-04 2.4200e-03 2.4200e-03 1.2913e-03 1.2913e-03 2.1389e-03 2.1389e-03 1.7485e-03 1.7485e-03 
0.63095 -1.2383e-02 4.0302e-03 1.1450e-02 -8.4359e-03 -2.2860e-02 1.2419e-02 5.7959e-03 -4.5171e-04 2.0414e-03 2.0414e-03 1.3174e-03 1.3174e-03 2.5553e-03 2.5553e-03 1.8447e-03 1.8447e-03 
45  45  1.514  -3.332  
16
1000.00000 -1.3033e-02 2.9889e-03 4.1446e-01 -4.2695e-01 -3.9385e-01 4.5241e-01 3.7102e-02 -1.3967e-02 1.3380e-02 1.3380e-02 2.9871e-02 2.9871e-02 2.9871e-02 2.9871e-02 2.3131e-02 2.3131e-02 
630.95000 -8.9407e-03 1.4159e-03 3.3134e-01 -3.4208e-01 -3.1971e-01 3.5318e-01 2.9785e-02 -2.2252e-02 9.8487e-03 9.8487e-03 2.3816e-02 2.3816e-02 2.3816e-02 2.3816e-02 1.9963e-02 1.9963e-02 
398.10000 -9.0315e-03 4.3097e-03 2.6502e-01 -2.7859e-01 -2.4974e-01 2.7855e-01 2.6271e-02 -1.8996e-02 9.3046e-03 9.3046e-03 1.8964e-02 1.8964e-02 1.8964e-02 1.8964e-02 1.6519e-02 1.6519e-02 
251.18000 -1.0153e-02 1.3191e-03 2.1006e-01 -2.2601e-01 -2.0176e-01 2.1330e-01 2.0947e-02 -1.7783e-02 8.4309e-03 8.4309e-03 1.5049e-02 1.5049e-02 1.5049e-02 1.5049e-02 1.3473e-02 1.3473e-02 
158.48000 -1.0598e-02 9.3067e-04 1.6441e-01 -1.8624e-01 -1.6604e-01 1.7092e-01 1.5853e-02 -1.5723e-02 7.7115e-03 7.7115e-03 1.2165e-02 1.2165e-02 1.2165e-02 1.2165e-02 1.0941e-02 1.0941e-02 
100.00000 -1.0899e-02 1.7793e-03 1.2259e-01 -1.4997e-01 -1.3373e-01 1.3861e-01 1.1100e-02 -1.3572e-02 6.9376e-03 6.9376e-03 9.6576e-03 9.6576e-03 9.6576e-03 9.6576e-03 8.7167e-03 8.7167e-03 
63.09500 -1.0428e-02 2.8010e-03 9.2718e-02 -1.2378e-01 -1.0812e-01 1.1613e-01 7.6748e-03 -1.1028e-02 6.1297e-03 6.1297e-03 7.8324e-03 7.8324e-03 7.8324e-03 7.8324e-03 6.9257e-03 6.9257e-03 
39.81000 -8.8470e-03 3.6187e-03 6.3480e-02 -9.0748e-02 -7.9058e-02 9.2208e-02 5.2361e-03 -8.4904e-03 4.8804e-03 4.8804e-03 5.7990e-03 5.7990e-03 5.7990e-03 5.7990e-03 5.2212e-03 5.2212e-03 
25.11800 -6.9834e-03 4.0294e-03 4.5159e-02 -6.7468e-02 -5.7151e-02 7.3636e-02 3.7512e-03 -5.6251e-03 3.8377e-03 3.8377e-03 4.3496e-03 4.3496e-03 4.3496e-03 4.3496e-03 3.7656e-03 3.7656e-03 
15.84800 -5.7155e-03 3.7532e-03 3.4003e-02 -4.9722e-02 -4.2368e-02 5.7717e-02 2.7809e-03 -4.3935e-03 3.0442e-03 3.0442e-03 3.2836e-03 3.2836e-03 3.2836e-03 3.2836e-03 2.8942e-03 2.8942e-03 
10.00000 -3.9662e-03 3.6814e-03 2.6972e-02 -3.5068e-02 -3.0246e-02 4.3730e-02 2.6316e-03 -2.8539e-03 2.3209e-03 2.3209e-03 2.4250e-03 2.4250e-03 2.4250e-03 2.4250e-03 2.1551e-03 2.1551e-03 
6.30950 -2.4886e-03 3.1977e-03 2.2349e-02 -2.4866e-02 -2.1930e-02 3.3561e-02 2.1304e-03 -2.0523e-03 1.7459e-03 1.7459e-03 1.8306e-03 1.8306e-03 1.8306e-03 1.8306e-03 1.6335e-03 1.6335e-03 
3.98100 -1.0812e-03 2.2990e-03 1.8684e-02 -1.8350e-02 -1.7008e-02 2.5692e-02 2.3620e-03 -1.5521e-03 1.2235e-03 1.2235e-03 1.8316e-03 1.8316e-03 1.4203e-03 1.4203e-03 1.3998e-03 1.3998e-03 
2.51180 -6.0062e-04 1.3162e-03 1.6085e-02 -1.3682e-02 -1.4002e-02 1.8606e-02 2.5130e-03 -1.5721e-03 8.2910e-04 8.2910e-04 1.3550e-03 1.3550e-03 1.1087e-03 1.1087e-03 1.2462e-03 1.2462e-03 
1.58480 -6.0213e-04 5.5461e-04 1.3819e-02 -9.9757e-03 -1.0370e-02 1.3411e-02 2.8452e-03 -2.6254e-04 5.6029e-04 5.6029e-04 1.4194e-03 1.4194e-03 1.0057e-03 1.0057e-03 1.0440e-03 1.0440e-03 
1.00000 -4.7303e-04 1.8507e-04 1.2117e-02 -7.2003e-03 -8.4824e-03 9.7927e-03 2.8558e-03 4.2473e-04 4.0136e-04 4.0136e-04 1.1371e-03 1.1371e-03 1.3020e-03 1.3020e-03 9.1741e-04 9.1741e-04 
46  46  0.704  1.116  
23
1000.00000 -5.7230e-02 4.2906e-02 3.7567e-01 -3.1465e-01 -3.7047e-01 3.2536e-01 6.0221e-02 -2.1574e-02 2.8083e-02 2.8083e-02 2.4577e-02 2.4577e-02 2.4577e-02 2.4577e-02 2.6640e-02 2.6640e-02 
630.95000 -4.8074e-02 3.2024e-02 2.8809e-01 -2.4620e-01 -2.9126e-01 2.5667e-01 4.5813e-02 -1.2659e-02 2.2193e-02 2.2193e-02 1.9178e-02 1.9178e-02 1.9178e-02 1.9178e-02 2.0376e-02 2.0376e-02 
398.10000 -4.4566e-02 2.3838e-02 2.2370e-01 -1.9758e-01 -2.3160e-01 2.0584e-01 3.6095e-02 -9.1891e-03 1.8423e-02 1.8423e-02 1.5205e-02 1.5205e-02 1.5205e-02 1.5205e-02 1.6114e-02 1.6114e-02 
251.18000 -4.3441e-02 1.8090e-02 1.7900e-01 -1.6456e-01 -1.8955e-01 1.7042e-01 2.9697e-02 -8.0620e-03 1.6045e-02 1.6045e-02 1.2448e-02 1.2448e-02 1.2448e-02 1.2448e-02 1.3285e-02 1.3285e-02 
158.48000 -4.3372e-02 1.3506e-02 1.4640e-01 -1.4149e-01 -1.5831e-01 1.4481e-01 2.5557e-02 -8.7256e-03 1.4425e-02 1.4425e-02 1.0450e-02 1.0450e-02 1.0450e-02 1.0450e-02 1.1418e-02 1.1418e-02 
100.00000 -4.2378e-02 8.3458e-03 1.1413e-01 -1.1958e-01 -1.1661e-01 1.0813e-01 1.9378e-02 -1.5421e-02 1.2675e-02 1.2675e-02 8.1068e-03 8.1068e-03 8.1068e-03 8.1068e-03 9.4135e-03 9.4135e-03 
63.09500 -4.3141e-02 4.9685e-03 9.4514e-02 -9.6712e-02 -9.0862e-02 7.6248e-02 1.6206e-02 -1.5971e-02 1.1495e-02 1.1495e-02 6.3324e-03 6.3324e-03 6.3324e-03 6.3324e-03 7.7926e-03 7.7926e-03 
39.81000 -4.4656e-02 3.2398e-03 8.2530e-02 -7.6415e-02 -7.7585e-02 5.5132e-02 1.5013e-02 -1.2974e-02 1.0645e-02 1.0645e-02 5.1733e-03 5.1733e-03 5.1733e-03 5.1733e-03 6.5186e-03 6.5186e-03 
25.11800 -4.5555e-02 2.4918e-03 7.1969e-02 -6.1249e-02 -6.7824e-02 4.2348e-02 1.4025e-02 -1.0312e-02 9.8493e-03 9.8493e-03 4.3464e-03 4.3464e-03 4.3464e-03 4.3464e-03 5.5963e-03 5.5963e-03 
15.84800 -4.5786e-02 2.5401e-03 6.2426e-02 -5.0963e-02 -5.9930e-02 3.4954e-02 1.3041e-02 -8.5125e-03 9.1185e-03 9.1185e-03 3.7386e-03 3.7386e-03 3.7386e-03 3.7386e-03 4.9306e-03 4.9306e-03 
10.00000 -4.4303e-02 7.2792e-03 5.0503e-02 -4.3551e-02 -5.2761e-02 3.0719e-02 1.1620e-02 -7.1831e-03 8.2078e-03 8.2078e-03 3.1904e-03 3.1904e-03 3.1904e-03 3.1904e-03 4.3320e-03 4.3320e-03 
6.30950 -4.0244e-02 1.3342e-02 3.9764e-02 -3.5896e-02 -4.6550e-02 2.6940e-02 1.0361e-02 -6.0333e-03 7.1486e-03 7.1486e-03 2.6838e-03 2.6838e-03 2.6838e-03 2.6838e-03 3.8090e-03 3.8090e-03 
3.98100 -3.4097e-02 1.6579e-02 3.1057e-02 -2.8372e-02 -3.8807e-02 2.3540e-02 9.6896e-03 -5.1882e-03 5.9904e-03 5.9904e-03 2.1848e-03 2.1848e-03 2.1848e-03 2.1848e-03 3.3503e-03 3.3503e-03 
2.51180 -2.8641e-02 1.5604e-02 2.4196e-02 -2.1099e-02 -2.9908e-02 2.0106e-02 9.3131e-03 -4.2476e-03 4.8537e-03 4.8537e-03 1.7727e-03 1.7727e-03 2.1166e-03 2.1166e-03 2.8810e-03 2.8810e-03 
1.58480 -2.4276e-02 1.3288e-02 1.9049e-02 -1.4867e-02 -2.3487e-02 1.6657e-02 7.0491e-03 -3.1042e-03 3.8790e-03 3.8790e-03 1.6982e-03 1.6982e-03 2.3375e-03 2.3375e-03 2.2338e-03 2.2338e-03 
1.00000 -1.9556e-02 1.1094e-02 1.7061e-02 -9.0355e-03 -1.9099e-02 1.3391e-02 5.0868e-03 -2.4266e-03 3.1251e-03 3.1251e-03 3.6029e-03 3.6029e-03 2.1440e-03 2.1440e-03 1.7199e-03 1.7199e-03 
0.63095 -1.5456e-02 9.8519e-03 1.5366e-02 -5.6565e-03 -1.6379e-02 1.0902e-02 5.4735e-03 -1.9121e-03 2.5985e-03 2.5985e-03 4.9485e-03 4.9485e-03 2.0888e-03 2.0888e-03 1.6021e-03 1.6021e-03 
0.39810 -1.4135e-02 8.9929e-03 1.4460e-02 -4.8516e-03 -1.3089e-02 8.4528e-03 6.9814e-03 -9.8730e-04 2.3978e-03 2.3978e-03 3.4528e-03 3.4528e-03 3.5214e-03 3.5214e-03 1.5722e-03 1.5722e-03 
0.25118 -1.1743e-02 5.4134e-03 1.3377e-02 -4.6301e-03 -9.9066e-03 7.5684e-03 6.1042e-03 -7.6291e-04 2.0294e-03 2.0294e-03 2.1412e-03 2.1412e-03 5.2398e-03 5.2398e-03 1.3136e-03 1.3136e-03 
0.15848 -8.2270e-03 2.4191e-03 1.1107e-02 -4.1926e-03 -7.5219e-03 7.3634e-03 4.1559e-03 -8.0721e-04 1.5135e-03 1.5135e-03 2.5463e-03 2.5463e-03 3.8600e-03 3.8600e-03 1.0013e-03 1.0013e-03 
0.10000 -6.7169e-03 3.4461e-03 9.9245e-03 -3.5352e-03 -5.8569e-03 6.2151e-03 3.6865e-03 -8.8161e-04 1.3377e-03 1.3377e-03 2.3127e-03 2.3127e-03 1.6122e-03 1.6122e-03 8.5343e-04 8.5343e-04 
0.06309 -5.5084e-03 4.4402e-03 8.5309e-03 -3.3434e-03 -5.4647e-03 5.4124e-03 2.8071e-03 -1.2085e-03 1.2077e-03 1.2077e-03 2.0813e-03 2.0813e-03 1.0832e-03 1.0832e-03 7.2725e-04 7.2725e-04 
0.03981 -4.3865e-03 3.6601e-03 7.2453e-03 -3.0457e-03 -4.3827e-03 4.2723e-03 2.0911e-03 -9.2569e-04 1.0051e-03 1.0051e-03 1.4636e-03 1.4636e-03 9.2115e-04 9.2115e-04 5.6118e-04 5.6118e-04 
47  47  1.990  0.636  
17
1000.00000 -1.0528e-01 5.6959e-02 5.5643e-01 -3.3939e-01 -3.9845e-01 3.3276e-01 1.2899e-01 -6.4179e-02 4.1896e-02 4.1896e-02 2.9084e-02 2.9084e-02 2.9084e-02 2.9084e-02 4.1022e-02 4.1022e-02 
630.95000 -8.3964e-02 5.0020e-02 4.6901e-01 -2.9728e-01 -3.2093e-01 2.4730e-01 9.8492e-02 -7.3165e-02 3.4944e-02 3.4944e-02 2.3716e-02 2.3716e-02 2.3716e-02 2.3716e-02 3.3444e-02 3.3444e-02 
398.10000 -6.5814e-02 4.4203e-02 3.7496e-01 -2.5999e-01 -2.4297e-01 1.8369e-01 6.5020e-02 -6.2000e-02 2.8529e-02 2.8529e-02 1.8640e-02 1.8640e-02 1.8640e-02 1.8640e-02 2.4813e-02 2.4813e-02 
251.18000 -5.2947e-02 4.1713e-02 3.0534e-01 -2.2269e-01 -2.0335e-01 1.4362e-01 3.8887e-02 -5.2387e-02 2.3940e-02 2.3940e-02 1.5337e-02 1.5337e-02 1.5337e-02 1.5337e-02 1.9117e-02 1.9117e-02 
158.48000 -4.1767e-02 4.2691e-02 2.5093e-01 -1.9007e-01 -1.7738e-01 1.1374e-01 2.0565e-02 -4.4334e-02 2.0567e-02 2.0567e-02 1.2877e-02 1.2877e-02 1.2877e-02 1.2877e-02 1.5222e-02 1.5222e-02 
100.00000 -2.8881e-02 4.3372e-02 2.0171e-01 -1.6517e-01 -1.5644e-01 9.7012e-02 4.7211e-03 -3.6688e-02 1.7483e-02 1.7483e-02 1.0953e-02 1.0953e-02 1.0953e-02 1.0953e-02 1.2378e-02 1.2378e-02 
63.09500 -4.8047e-03 5.8822e-02 1.6314e-01 -1.2703e-01 -1.4763e-01 9.6565e-02 -5.6677e-03 -2.7021e-02 1.6570e-02 1.6570e-02 9.5490e-03 9.5490e-03 9.5490e-03 9.5490e-03 1.0468e-02 1.0468e-02 
39.81000 -6.9405e-04 3.9762e-02 1.3105e-01 -1.1490e-01 -1.2443e-01 7.3650e-02 -8.8883e-03 -2.1172e-02 1.2488e-02 1.2488e-02 7.9373e-03 7.9373e-03 7.9373e-03 7.9373e-03 8.6430e-03 8.6430e-03 
25.11800 4.7761e-03 2.9027e-02 1.0618e-01 -1.0300e-01 -1.0924e-01 6.2332e-02 -1.2503e-02 -1.5567e-02 9.8950e-03 9.8950e-03 6.8200e-03 6.8200e-03 6.8200e-03 6.8200e-03 7.5169e-03 7.5169e-03 
15.84800 1.3467e-02 1.8141e-02 7.6430e-02 -7.8649e-02 -9.1016e-02 5.4059e-02 -1.4972e-02 -5.8998e-03 7.4665e-03 7.4665e-03 5.3874e-03 5.3874e-03 5.3874e-03 5.3874e-03 6.1911e-03 6.1911e-03 
10.00000 1.7721e-02 1.0854e-02 5.8964e-02 -6.3389e-02 -7.6552e-02 4.9089e-02 -1.4287e-02 1.0734e-03 6.3624e-03 6.3624e-03 4.4365e-03 4.4365e-03 4.4365e-03 4.4365e-03 5.4144e-03 5.4144e-03 
6.30950 1.6628e-02 4.9258e-03 4.4963e-02 -5.2003e-02 -6.4140e-02 4.5456e-02 -1.1249e-02 4.2107e-03 5.1793e-03 5.1793e-03 3.6757e-03 3.6757e-03 3.6757e-03 3.6757e-03 4.6093e-03 4.6093e-03 
3.98100 1.6571e-02 -1.4576e-03 3.2868e-02 -3.9491e-02 -5.0763e-02 3.8995e-02 -7.6273e-03 5.5648e-03 4.3853e-03 4.3853e-03 2.8674e-03 2.8674e-03 2.8674e-03 2.8674e-03 3.6876e-03 3.6876e-03 
2.51180 1.3529e-02 -1.5510e-03 2.4836e-02 -2.7449e-02 -3.9886e-02 3.1325e-02 -4.1766e-03 5.5538e-03 3.3678e-03 3.3678e-03 2.2066e-03 2.2066e-03 2.1664e-03 2.1664e-03 2.8160e-03 2.8160e-03 
1.58480 1.1174e-02 -3.9770e-03 1.7422e-02 -1.8884e-02 -3.3436e-02 2.4962e-02 -2.5898e-03 4.2480e-03 2.6185e-03 2.6185e-03 1.9769e-03 1.9769e-03 1.6933e-03 1.6933e-03 2.1612e-03 2.1612e-03 
1.00000 1.1271e-02 -2.0781e-03 1.3779e-02 -1.6297e-02 -2.9258e-02 1.8752e-02 -1.6945e-03 4.0314e-03 2.3459e-03 2.3459e-03 1.7158e-03 1.7158e-03 1.9471e-03 1.9471e-03 1.8491e-03 1.8491e-03 
0.63095 1.3886e-02 -2.7520e-03 9.9843e-03 -1.2567e-02 -2.4731e-02 1.3457e-02 -2.7818e-03 4.5241e-03 2.2611e-03 2.2611e-03 1.2427e-03 1.2427e-03 2.1216e-03 2.1216e-03 1.8342e-03 1.8342e-03 
48  48  3.722  -0.170  
23
1000.00000 1.0028e-02 2.5587e-02 4.1997e-01 -5.0048e-01 -4.1913e-01 4.6863e-01 -4.0868e-02 2.1501e-02 2.0099e-02 2.0099e-02 3.2045e-02 3.2045e-02 3.2045e-02 3.2045e-02 2.5559e-02 2.5559e-02 
630.95000 1.1589e-02 1.7415e-02 3.2366e-01 -3.8542e-01 -3.3027e-01 3.6174e-01 -3.0840e-02 1.9876e-02 1.5391e-02 1.5391e-02 2.4826e-02 2.4826e-02 2.4826e-02 2.4826e-02 2.0109e-02 2.0109e-02 
398.10000 1.1041e-02 9.3529e-03 2.4933e-01 -2.9540e-01 -2.6392e-01 2.8154e-01 -2.7706e-02 1.7513e-02 1.1218e-02 1.1218e-02 1.9311e-02 1.9311e-02 1.9311e-02 1.9311e-02 1.6870e-02 1.6870e-02 
251.18000 1.0512e-02 1.9651e-03 1.9526e-01 -2.2596e-01 -2.1253e-01 2.1743e-01 -2.3839e-02 1.5787e-02 8.4768e-03 8.4768e-03 1.5066e-02 1.5066e-02 1.5066e-02 1.5066e-02 1.3986e-02 1.3986e-02 
158.48000 8.1024e-03 -2.1466e-03 1.5280e-01 -1.7318e-01 -1.7165e-01 1.6844e-01 -1.7604e-02 1.4786e-02 6.5997e-03 6.5997e-03 1.1784e-02 1.1784e-02 1.1784e-02 1.1784e-02 1.1153e-02 1.1153e-02 
100.00000 4.2407e-03 -3.4127e-03 1.2550e-01 -1.3040e-01 -1.4170e-01 1.3133e-01 -1.3588e-02 1.3100e-02 4.7080e-03 4.7080e-03 9.3495e-03 9.3495e-03 9.3495e-03 9.3495e-03 9.0580e-03 9.0580e-03 
63.09500 1.3249e-03 -3.2669e-03 1.0495e-01 -9.9935e-02 -1.1915e-01 1.0549e-01 -1.0185e-02 1.1353e-02 3.3904e-03 3.3904e-03 7.5929e-03 7.5929e-03 7.5929e-03 7.5929e-03 7.3899e-03 7.3899e-03 
39.81000 -4.7133e-06 -2.4101e-03 8.5667e-02 -7.9855e-02 -9.7892e-02 8.5917e-02 -7.6035e-03 9.1084e-03 2.5201e-03 2.5201e-03 6.1753e-03 6.1753e-03 6.1753e-03 6.1753e-03 5.8967e-03 5.8967e-03 
25.11800 4.7256e-04 6.7815e-04 7.5652e-02 -6.6561e-02 -8.3110e-02 7.3225e-02 -4.9906e-03 7.8808e-03 1.3689e-03 1.3689e-03 5.2824e-03 5.2824e-03 5.2824e-03 5.2824e-03 4.8216e-03 4.8216e-03 
15.84800 1.5972e-03 1.5455e-03 6.1321e-02 -5.2882e-02 -6.3879e-02 5.7181e-02 -2.5008e-03 6.2170e-03 2.0122e-03 2.0122e-03 4.1660e-03 4.1660e-03 4.1660e-03 4.1660e-03 3.5954e-03 3.5954e-03 
10.00000 2.6824e-03 1.0014e-03 4.7595e-02 -4.1832e-02 -4.9528e-02 4.6860e-02 -1.0161e-03 6.2421e-03 2.0205e-03 2.0205e-03 3.2865e-03 3.2865e-03 3.2865e-03 3.2865e-03 3.1148e-03 3.1148e-03 
6.30950 2.6041e-03 3.0974e-05 3.8496e-02 -3.4191e-02 -3.8714e-02 3.8968e-02 9.3391e-04 5.5003e-03 1.7369e-03 1.7369e-03 2.6591e-03 2.6591e-03 2.6591e-03 2.6591e-03 2.6259e-03 2.6259e-03 
3.98100 2.2655e-03 -8.0495e-04 3.0996e-02 -2.6554e-02 -2.9505e-02 3.0930e-02 2.6550e-03 4.5687e-03 1.4859e-03 1.4859e-03 2.0885e-03 2.0885e-03 2.0885e-03 2.0885e-03 2.2544e-03 2.2544e-03 
2.51180 2.2048e-03 -1.2786e-03 2.4818e-02 -2.1437e-02 -2.2756e-02 2.3674e-02 3.4966e-03 3.3349e-03 1.3714e-03 1.3714e-03 1.9750e-03 1.9750e-03 1.6408e-03 1.6408e-03 1.8895e-03 1.8895e-03 
1.58480 1.9197e-03 -1.6086e-03 2.1611e-02 -1.6652e-02 -1.8118e-02 1.7409e-02 4.3199e-03 2.2686e-03 1.2399e-03 1.2399e-03 2.2179e-03 2.2179e-03 1.3091e-03 1.3091e-03 1.6609e-03 1.6609e-03 
1.00000 1.4017e-03 -2.4250e-03 2.0248e-02 -1.1054e-02 -1.5489e-02 1.2929e-02 4.6534e-03 1.4404e-03 1.2058e-03 1.2058e-03 1.9685e-03 1.9685e-03 1.9086e-03 1.9086e-03 1.4871e-03 1.4871e-03 
0.63095 1.1038e-03 -2.1466e-03 1.8547e-02 -7.4396e-03 -1.3350e-02 9.7497e-03 4.6219e-03 9.1266e-04 1.0418e-03 1.0418e-03 1.8192e-03 1.8192e-03 2.0605e-03 2.0605e-03 1.3238e-03 1.3238e-03 
0.39810 9.1448e-04 -1.6237e-03 1.6728e-02 -5.5125e-03 -1.0724e-02 7.2293e-03 4.6420e-03 7.6683e-04 8.5935e-04 8.5935e-04 1.8415e-03 1.8415e-03 1.6417e-03 1.6417e-03 1.1701e-03 1.1701e-03 
0.25118 5.9327e-04 -1.4351e-03 1.5301e-02 -4.4373e-03 -8.7724e-03 5.4862e-03 4.7391e-03 1.5081e-04 7.4608e-04 7.4608e-04 1.7657e-03 1.7657e-03 1.7738e-03 1.7738e-03 1.0506e-03 1.0506e-03 
0.15848 5.0773e-04 -1.4358e-03 1.3833e-02 -3.7466e-03 -7.4782e-03 4.2604e-03 4.4247e-03 -9.1080e-04 7.0075e-04 7.0075e-04 1.3846e-03 1.3846e-03 2.0310e-03 2.0310e-03 9.3531e-04 9.3531e-04 
0.10000 -3.0465e-05 -1.1562e-03 1.2248e-02 -2.9639e-03 -5.9484e-03 3.3281e-03 3.5287e-03 -5.6447e-04 5.7265e-04 5.7265e-04 1.0924e-03 1.0924e-03 1.8781e-03 1.8781e-03 7.4031e-04 7.4031e-04 
0.06309 -1.0399e-04 -1.2659e-04 1.0289e-02 -2.5218e-03 -4.3964e-03 2.6570e-03 2.8970e-03 1.1786e-04 1.9761e-04 1.9761e-04 8.9614e-04 8.9614e-04 1.3602e-03 1.3602e-03 5.7889e-04 5.7889e-04 
0.03981 3.8956e-04 -1.2374e-05 8.4585e-03 -2.5469e-03 -3.1496e-03 2.2440e-03 2.5993e-03 -5.5527e-04 2.7833e-04 2.7833e-04 8.9321e-04 8.9321e-04 8.4885e-04 8.4885e-04 4.8091e-04 4.8091e-04 
VTF    46
1001  1001  -2.052  1.667  
16
1000.00000 1.6424e-02 4.7970e-03 -6.8889e-05 1.7018e-02 3.0000e-02 3.0000e-02 3.0000e-02 3.0000e-02 
630.95000 3.4938e-02 2.8022e-02 1.2788e-02 4.5664e-02 3.0000e-02 3.0000e-02 3.0000e-02 3.0000e-02 
398.10000 5.3490e-02 3.3948e-02 3.4837e-02 5.5483e-02 3.0000e-02 3.0000e-02 3.0000e-02 3.0000e-02 
251.18000 6.4980e-02 3.0226e-02 5.9839e-02 5.1308e-02 3.0000e-02 3.0000e-02 3.0000e-02 3.0000e-02 
158.48000 7.2791e-02 1.5290e-02 9.3076e-02 4.5343e-02 3.0000e-02 3.0000e-02 3.0000e-02 3.0000e-02 
100.00000 6.8121e-02 9.8868e-03 1.0915e-01 2.8415e-02 3.0000e-02 3.0000e-02 3.0000e-02 3.0000e-02 
63.09500 6.0244e-02 1.0447e-02 1.1428e-01 1.1455e-02 3.0000e-02 3.0000e-02 3.0000e-02 3.0000e-02 
39.81000 5.4559e-02 1.1470e-02 1.1668e-01 -1.3466e-04 3.0000e-02 3.0000e-02 3.0000e-02 3.0000e-02 
25.11800 4.9496e-02 1.7877e-02 1.1601e-01 -1.3423e-02 3.0000e-02 3.0000e-02 3.0000e-02 3.0000e-02 
15.84800 6.3117e-02 4.4803e-02 1.0101e-01 -2.9740e-02 3.0000e-02 3.0000e-02 3.0000e-02 3.0000e-02 
10.00000 8.7462e-02 6.8017e-02 8.0764e-02 -3.4257e-02 3.0000e-02 3.0000e-02 3.0000e-02 3.0000e-02 
6.30950 1.1854e-01 7.8099e-02 6.3348e-02 -3.8269e-02 3.0000e-02 3.0000e-02 3.0000e-02 3.0000e-02 
3.98100 1.5430e-01 7.9089e-02 4.4923e-02 -2.3452e-02 3.0000e-02 3.0000e-02 3.0000e-02 3.0000e-02 
2.51180 1.7558e-01 6.9815e-02 2.1688e-02 -7.5311e-04 3.0000e-02 3.0000e-02 3.0000e-02 3.0000e-02 
1.58480 1.3866e-01 5.4393e-02 -2.7840e-03 3.3313e-02 3.0000e-02 3.0000e-02 3.0000e-02 3.0000e-02 
1.00000 1.7042e-01 3.0080e-02 8.4350e-02 8.9513e-02 3.0000e-02 3.0000e-02 3.0000e-02 3.0000e-02 
1002  1002  -1.265  2.333  
17
1000.00000 5.6919e-02 6.2542e-02 -1.0162e-01 -7.7961e-02 3.0000e-02 3.0000e-02 3.0000e-02 3.0000e-02 
630.95000 8.4380e-02 6.5001e-02 -1.2685e-01 -7.9190e-02 3.0000e-02 3.0000e-02 3.0000e-02 3.0000e-02 
398.10000 1.1503e-01 6.1011e-02 -1.5493e-01 -6.9709e-02 3.0000e-02 3.0000e-02 3.0000e-02 3.0000e-02 
251.18000 1.4086e-01 5.1104e-02 -1.8233e-01 -5.3546e-02 3.0000e-02 3.0000e-02 3.0000e-02 3.0000e-02 
158.48000 1.5984e-01 3.0697e-02 -2.0350e-01 -2.6421e-02 3.0000e-02 3.0000e-02 3.0000e-02 3.0000e-02 
100.00000 1.6185e-01 -1.9646e-03 -2.0841e-01 1.0674e-02 3.0000e-02 3.0000e-02 3.0000e-02 3.0000e-02 
63.09500 1.4822e-01 -2.0786e-02 -1.9839e-01 4.2981e-02 3.0000e-02 3.0000e-02 3.0000e-02 3.0000e-02 
39.81000 1.1710e-01 -2.0925e-02 -1.5518e-01 5.6506e-02 3.0000e-02 3.0000e-02 3.0000e-02 3.0000e-02 
25.11800 9.4500e-02 -8.9974e-03 -1.2098e-01 5.8865e-02 3.0000e-02 3.0000e-02 3.0000e-02 3.0000e-02 
15.84800 1.0095e-01 3.1007e-02 -1.0372e-01 4.3728e-02 3.0000e-02 3.0000e-02 3.0000e-02 3.0000e-02 
10.00000 1.2498e-01 5.9593e-02 -9.9214e-02 3.4372e-02 3.0000e-02 3.0000e-02 3.0000e-02 3.0000e-02 
6.30950 1.5723e-01 6.4451e-02 -9.6061e-02 3.1584e-02 3.0000e-02 3.0000e-02 3.0000e-02 3.0000e-02 
3.98100 1.8777e-01 5.2341e-02 -8.8886e-02 3.5425e-02 3.0000e-02 3.0000e-02 3.0000e-02 3.0000e-02 
2.51180 2.1205e-01 2.7320e-02 -8.0448e-02 4.4082e-02 3.0000e-02 3.0000e-02 3.0000e-02 3.0000e-02 
1.58480 2.1661e-01 -3.8599e-03 -6.7324e-02 5.6638e-02 3.0000e-02 3.0000e-02 3.0000e-02 3.0000e-02 
1.00000 2.1114e-01 -4.0634e-02 -4.8217e-02 6.6312e-02 3.0000e-02 3.0000e-02 3.0000e-02 3.0000e-02 
0.63095 1.9604e-01 -8.3438e-02 -4.3519e-02 6.0421e-02 3.0000e-02 3.0000e-02 3.0000e-02 3.0000e-02 
1003  1003  -0.984  2.568  
8
1000.00000 7.7017e-02 3.4116e-02 -6.5561e-02 -5.8684e-02 3.0000e-02 3.0000e-02 3.0000e-02 3.0000e-02 
630.95000 9.2484e-02 3.0156e-02 -8.8531e-02 -5.1790e-02 3.0000e-02 3.0000e-02 3.0000e-02 3.0000e-02 
398.10000 1.0296e-01 2.2352e-02 -1.0476e-01 -4.2659e-02 3.0000e-02 3.0000e-02 3.0000e-02 3.0000e-02 
251.18000 1.0986e-01 1.1621e-02 -1.2248e-01 -3.0965e-02 3.0000e-02 3.0000e-02 3.0000e-02 3.0000e-02 
158.48000 1.1771e-01 -1.0201e-03 -1.3591e-01 -1.2959e-02 3.0000e-02 3.0000e-02 3.0000e-02 3.0000e-02 
100.00000 1.0935e-01 -1.2199e-02 -1.3901e-01 1.4871e-02 3.0000e-02 3.0000e-02 3.0000e-02 3.0000e-02 
63.09500 9.9934e-02 -2.4454e-02 -1.2706e-01 4.9991e-02 3.0000e-02 3.0000e-02 3.0000e-02 3.0000e-02 
39.81000 7.3463e-02 -1.9636e-02 -8.5883e-02 7.1069e-02 3.0000e-02 3.0000e-02 3.0000e-02 3.0000e-02 
1004  1004  1.700  -1.757  
19
1000.00000 -8.0112e-02 5.7118e-02 -3.2751e-02 1.0122e-01 3.0000e-02 3.0000e-02 3.0000e-02 3.0000e-02 
630.95000 -7.4191e-02 1.6110e-03 6.0158e-02 1.2248e-01 3.0000e-02 3.0000e-02 3.0000e-02 3.0000e-02 
398.10000 -6.1103e-02 -2.2015e-03 9.9619e-02 1.1894e-01 3.0000e-02 3.0000e-02 3.0000e-02 3.0000e-02 
251.18000 -6.0344e-02 9.8638e-03 1.3455e-01 1.2273e-01 3.0000e-02 3.0000e-02 3.0000e-02 3.0000e-02 
158.48000 -6.5579e-02 1.1507e-02 1.6817e-01 1.2711e-01 3.0000e-02 3.0000e-02 3.0000e-02 3.0000e-02 
100.00000 -6.7868e-02 2.0716e-02 2.0400e-01 1.3052e-01 3.0000e-02 3.0000e-02 3.0000e-02 3.0000e-02 
63.09500 -6.6159e-02 4.4291e-02 2.4068e-01 1.3456e-01 3.0000e-02 3.0000e-02 3.0000e-02 3.0000e-02 
39.81000 -6.1917e-02 5.9600e-02 2.8418e-01 1.4036e-01 3.0000e-02 3.0000e-02 3.0000e-02 3.0000e-02 
25.11800 -5.6429e-02 7.2332e-02 3.3162e-01 1.3429e-01 3.0000e-02 3.0000e-02 3.0000e-02 3.0000e-02 
15.84800 -5.1327e-02 8.5236e-02 4.0219e-01 1.0880e-01 3.0000e-02 3.0000e-02 3.0000e-02 3.0000e-02 
10.00000 2.7336e-02 6.7933e-02 4.4848e-01 1.1561e-01 3.0000e-02 3.0000e-02 3.0000e-02 3.0000e-02 
6.30950 5.1346e-02 2.4307e-02 4.7666e-01 9.4399e-02 3.0000e-02 3.0000e-02 3.0000e-02 3.0000e-02 
3.98100 3.7504e-02 -1.1996e-02 5.0747e-01 4.8302e-02 3.0000e-02 3.0000e-02 3.0000e-02 3.0000e-02 
2.51180 1.5188e-02 -3.2194e-02 5.0961e-01 3.0078e-02 3.0000e-02 3.0000e-02 3.0000e-02 3.0000e-02 
1.00000 -7.3317e-02 -4.5085e-02 4.2221e-01 -2.5796e-02 3.0000e-02 3.0000e-02 3.0000e-02 3.0000e-02 
0.63095 5.8440e-02 -1.3026e-01 3.7452e-01 -1.8736e-02 3.0000e-02 3.0000e-02 3.0000e-02 3.0000e-02 
0.39810 4.5757e-02 -4.7198e-02 4.2995e-01 -1.0665e-02 3.0000e-02 3.0000e-02 3.0000e-02 3.0000e-02 
0.06309 -1.0593e-01 -6.2235e-02 3.2880e-01 -1.5400e-01 3.0000e-02 3.0000e-02 3.0000e-02 3.0000e-02 
0.03981 -1.9233e-01 7.2328e-03 2.4990e-01 -7.2360e-02 3.0000e-02 3.0000e-02 3.0000e-02 3.0000e-02 
1005  1005  -1.152  1.382  
17
1000.00000 -1.1120e-01 7.9983e-02 -4.2152e-02 7.7022e-02 3.0000e-02 3.0000e-02 3.0000e-02 3.0000e-02 
630.95000 -7.6758e-02 9.0389e-02 -3.2515e-03 8.9707e-02 3.0000e-02 3.0000e-02 3.0000e-02 3.0000e-02 
398.10000 -4.2225e-02 8.8272e-02 2.6250e-02 9.3363e-02 3.0000e-02 3.0000e-02 3.0000e-02 3.0000e-02 
251.18000 -1.0655e-02 8.4214e-02 5.8890e-02 8.9623e-02 3.0000e-02 3.0000e-02 3.0000e-02 3.0000e-02 
158.48000 1.4073e-02 7.6204e-02 9.2676e-02 7.8449e-02 3.0000e-02 3.0000e-02 3.0000e-02 3.0000e-02 
100.00000 3.3038e-02 6.8107e-02 1.2479e-01 5.8410e-02 3.0000e-02 3.0000e-02 3.0000e-02 3.0000e-02 
63.09500 4.0536e-02 6.5579e-02 1.3762e-01 3.1305e-02 3.0000e-02 3.0000e-02 3.0000e-02 3.0000e-02 
39.81000 5.1953e-02 5.4483e-02 1.3976e-01 3.1013e-03 3.0000e-02 3.0000e-02 3.0000e-02 3.0000e-02 
25.11800 6.1233e-02 5.6177e-02 1.2396e-01 -1.1546e-02 3.0000e-02 3.0000e-02 3.0000e-02 3.0000e-02 
15.84800 8.8503e-02 6.8996e-02 1.0720e-01 -1.5480e-02 3.0000e-02 3.0000e-02 3.0000e-02 3.0000e-02 
10.00000 1.1654e-01 7.6290e-02 9.7939e-02 -1.4664e-02 3.0000e-02 3.0000e-02 3.0000e-02 3.0000e-02 
6.30950 1.4810e-01 6.8578e-02 8.9113e-02 -9.8064e-03 3.0000e-02 3.0000e-02 3.0000e-02 3.0000e-02 
3.98100 1.7613e-01 4.3081e-02 8.6087e-02 -1.3519e-02 3.0000e-02 3.0000e-02 3.0000e-02 3.0000e-02 
2.51180 1.7586e-01 2.4325e-02 8.4550e-02 -2.1482e-03 3.0000e-02 3.0000e-02 3.0000e-02 3.0000e-02 
1.58480 1.7158e-01 1.1121e-02 8.0262e-02 9.9574e-03 3.0000e-02 3.0000e-02 3.0000e-02 3.0000e-02 
1.00000 1.6979e-01 -2.7469e-03 7.5847e-02 1.7434e-02 3.0000e-02 3.0000e-02 3.0000e-02 3.0000e-02 
0.63095 1.5818e-01 -2.7152e-02 6.5622e-02 2.9384e-02 3.0000e-02 3.0000e-02 3.0000e-02 3.0000e-02 
1006  1006  3.187  1.067  
15
1000.00000 -3.1434e-02 -2.2922e-02 3.1945e-02 2.7645e-02 3.0000e-02 3.0000e-02 3.0000e-02 3.0000e-02 
630.95000 -3.7523e-02 -9.0757e-03 2.5875e-02 1.0485e-02 3.0000e-02 3.0000e-02 3.0000e-02 3.0000e-02 
398.10000 -3.7824e-02 5.1048e-03 1.7451e-02 -1.0246e-03 3.0000e-02 3.0000e-02 3.0000e-02 3.0000e-02 
251.18000 -2.8811e-02 1.2995e-02 7.9872e-03 -3.4885e-03 3.0000e-02 3.0000e-02 3.0000e-02 3.0000e-02 
158.48000 -1.9320e-02 1.5450e-02 3.7909e-04 -8.0355e-04 3.0000e-02 3.0000e-02 3.0000e-02 3.0000e-02 
100.00000 -1.3114e-02 1.6381e-02 -5.1209e-03 3.8063e-03 3.0000e-02 3.0000e-02 3.0000e-02 3.0000e-02 
63.09500 -1.3804e-02 2.0109e-02 -1.1604e-02 5.0331e-03 3.0000e-02 3.0000e-02 3.0000e-02 3.0000e-02 
39.81000 -2.9619e-03 2.2655e-02 9.5441e-04 2.0943e-02 3.0000e-02 3.0000e-02 3.0000e-02 3.0000e-02 
25.11800 1.2222e-02 2.3094e-02 1.3149e-02 3.5493e-02 3.0000e-02 3.0000e-02 3.0000e-02 3.0000e-02 
15.84800 2.3179e-02 1.9816e-02 2.6930e-02 4.8971e-02 3.0000e-02 3.0000e-02 3.0000e-02 3.0000e-02 
10.00000 3.3542e-02 9.0017e-03 5.3178e-02 5.8344e-02 3.0000e-02 3.0000e-02 3.0000e-02 3.0000e-02 
6.30950 3.4397e-02 -4.8950e-03 7.9084e-02 5.2319e-02 3.0000e-02 3.0000e-02 3.0000e-02 3.0000e-02 
3.98100 2.1129e-02 -1.4597e-02 9.0561e-02 4.1106e-02 3.0000e-02 3.0000e-02 3.0000e-02 3.0000e-02 
2.51180 -2.0762e-03 -2.2604e-02 9.3747e-02 3.4777e-02 3.0000e-02 3.0000e-02 3.0000e-02 3.0000e-02 
1.58480 -4.8466e-02 -5.6760e-02 9.2413e-02 4.7628e-02 3.0000e-02 3.0000e-02 3.0000e-02 3.0000e-02 
1007  1007  4.716  0.937  
17
1000.00000 -2.1948e-02 4.0712e-03 -4.0874e-02 -2.3908e-03 3.0000e-02 3.0000e-02 3.0000e-02 3.0000e-02 
630.95000 -1.9610e-02 -4.4272e-03 -4.4675e-02 1.2410e-02 3.0000e-02 3.0000e-02 3.0000e-02 3.0000e-02 
398.10000 -2.2098e-02 -1.5260e-02 -4.0716e-02 3.1445e-02 3.0000e-02 3.0000e-02 3.0000e-02 3.0000e-02 
251.18000 -3.1609e-02 -2.5491e-02 -2.5976e-02 5.1930e-02 3.0000e-02 3.0000e-02 3.0000e-02 3.0000e-02 
158.48000 -4.6079e-02 -3.0177e-02 -1.4012e-03 6.7070e-02 3.0000e-02 3.0000e-02 3.0000e-02 3.0000e-02 
100.00000 -6.1366e-02 -2.8530e-02 2.7962e-02 7.3357e-02 3.0000e-02 3.0000e-02 3.0000e-02 3.0000e-02 
63.09500 -7.2676e-02 -1.9502e-02 5.7379e-02 7.0567e-02 3.0000e-02 3.0000e-02 3.0000e-02 3.0000e-02 
39.81000 -7.7914e-02 -7.4328e-03 8.2498e-02 6.1408e-02 3.0000e-02 3.0000e-02 3.0000e-02 3.0000e-02 
25.11800 -6.7128e-02 -1.3546e-03 1.0515e-01 5.4480e-02 3.0000e-02 3.0000e-02 3.0000e-02 3.0000e-02 
15.84800 -5.4986e-02 1.6626e-02 1.2424e-01 4.0533e-02 3.0000e-02 3.0000e-02 3.0000e-02 3.0000e-02 
10.00000 -5.9460e-02 1.8234e-02 1.2917e-01 2.5086e-02 3.0000e-02 3.0000e-02 3.0000e-02 3.0000e-02 
6.30950 -6.1854e-02 1.1321e-02 1.2890e-01 9.9518e-03 3.0000e-02 3.0000e-02 3.0000e-02 3.0000e-02 
3.98100 -5.6304e-02 1.0232e-02 1.2787e-01 -4.5974e-03 3.0000e-02 3.0000e-02 3.0000e-02 3.0000e-02 
2.51180 -4.4008e-02 -3.4016e-03 1.1605e-01 -1.5938e-02 3.0000e-02 3.0000e-02 3.0000e-02 3.0000e-02 
1.58480 -5.7210e-02 -1.4981e-02 1.0170e-01 -2.5054e-02 3.0000e-02 3.0000e-02 3.0000e-02 3.0000e-02 
1.00000 -7.9832e-02 -1.7447e-02 9.6800e-02 -2.3872e-02 3.0000e-02 3.0000e-02 3.0000e-02 3.0000e-02 
0.63095 -8.5069e-02 -2.3059e-02 1.0135e-01 -7.2082e-03 3.0000e-02 3.0000e-02 3.0000e-02 3.0000e-02 
1008  1008  -1.855  0.526  
14
1000.00000 -6.6693e-02 6.2919e-02 2.6309e-02 -1.0959e-01 3.0000e-02 3.0000e-02 3.0000e-02 3.0000e-02 
630.95000 -5.1941e-02 7.9171e-02 -2.5539e-02 -9.5720e-02 3.0000e-02 3.0000e-02 3.0000e-02 3.0000e-02 
398.10000 -1.8756e-02 9.4184e-02 -4.8170e-02 -6.0930e-02 3.0000e-02 3.0000e-02 3.0000e-02 3.0000e-02 
251.18000 2.3367e-02 8.6785e-02 -4.1618e-02 -4.2232e-02 3.0000e-02 3.0000e-02 3.0000e-02 3.0000e-02 
158.48000 5.6365e-02 7.3191e-02 -3.7184e-02 -3.3528e-02 3.0000e-02 3.0000e-02 3.0000e-02 3.0000e-02 
100.00000 5.9002e-02 4.1391e-02 -3.6934e-02 -4.2869e-02 3.0000e-02 3.0000e-02 3.0000e-02 3.0000e-02 
25.11800 1.6851e-02 5.3946e-02 -1.2965e-01 -5.0406e-02 3.0000e-02 3.0000e-02 3.0000e-02 3.0000e-02 
15.84800 5.0262e-02 9.7538e-02 -1.5681e-01 -3.0410e-03 3.0000e-02 3.0000e-02 3.0000e-02 3.0000e-02 
10.00000 1.1130e-01 1.3175e-01 -1.4853e-01 3.9438e-02 3.0000e-02 3.0000e-02 3.0000e-02 3.0000e-02 
6.30950 1.7124e-01 1.2177e-01 -1.1626e-01 5.9737e-02 3.0000e-02 3.0000e-02 3.0000e-02 3.0000e-02 
3.98100 2.0795e-01 9.8122e-02 -7.5107e-02 6.7396e-02 3.0000e-02 3.0000e-02 3.0000e-02 3.0000e-02 
2.51180 2.3869e-01 7.4727e-02 -2.6702e-02 5.1330e-02 3.0000e-02 3.0000e-02 3.0000e-02 3.0000e-02 
1.58480 2.3654e-01 4.2335e-02 1.0852e-02 7.2296e-02 3.0000e-02 3.0000e-02 3.0000e-02 3.0000e-02 
1.00000 2.1146e-01 9.5551e-03 1.8586e-02 7.3533e-02 3.0000e-02 3.0000e-02 3.0000e-02 3.0000e-02 
1009  1009  -0.142  -1.905  
7
39.81000 -2.2364e-01 -7.3271e-02 1.9860e-01 5.4960e-04 3.0000e-02 3.0000e-02 3.0000e-02 3.0000e-02 
25.11800 -2.4528e-01 -2.7950e-02 1.7375e-01 2.9013e-03 3.0000e-02 3.0000e-02 3.0000e-02 3.0000e-02 
15.84800 -2.4354e-01 2.8742e-02 1.9123e-01 7.4190e-03 3.0000e-02 3.0000e-02 3.0000e-02 3.0000e-02 
10.00000 -2.1598e-01 9.4854e-02 1.7793e-01 1.8002e-02 3.0000e-02 3.0000e-02 3.0000e-02 3.0000e-02 
6.30950 -1.8483e-01 1.5611e-01 1.9605e-01 5.5441e-03 3.0000e-02 3.0000e-02 3.0000e-02 3.0000e-02 
3.98100 -1.3880e-01 1.9139e-01 2.0224e-01 -2.2922e-03 3.0000e-02 3.0000e-02 3.0000e-02 3.0000e-02 
2.51180 -1.6209e-01 1.7920e-01 2.0204e-01 -9.7768e-03 3.0000e-02 3.0000e-02 3.0000e-02 3.0000e-02 
1010  1010  -0.058  1.069  
23
1000.00000 -1.3589e-02 -2.2529e-02 -1.7436e-02 -1.9640e-03 3.0000e-02 3.0000e-02 3.0000e-02 3.0000e-02 
630.95000 -2.0842e-02 -2.4840e-02 -2.3673e-02 2.6641e-03 3.0000e-02 3.0000e-02 3.0000e-02 3.0000e-02 
398.10000 -3.1890e-02 -3.1605e-02 -2.1153e-02 1.2019e-02 3.0000e-02 3.0000e-02 3.0000e-02 3.0000e-02 
251.18000 -4.8133e-02 -3.2838e-02 -1.4338e-02 2.1695e-02 3.0000e-02 3.0000e-02 3.0000e-02 3.0000e-02 
158.48000 -6.9793e-02 -2.0229e-02 -2.1531e-03 2.6937e-02 3.0000e-02 3.0000e-02 3.0000e-02 3.0000e-02 
100.00000 -8.5709e-02 1.5465e-02 5.8677e-03 2.7348e-02 3.0000e-02 3.0000e-02 3.0000e-02 3.0000e-02 
63.09500 -7.2321e-02 5.0977e-02 6.3848e-03 2.4089e-02 3.0000e-02 3.0000e-02 3.0000e-02 3.0000e-02 
39.81000 -3.6672e-02 1.1613e-01 6.4244e-03 3.9686e-02 3.0000e-02 3.0000e-02 3.0000e-02 3.0000e-02 
25.11800 1.2317e-03 1.3639e-01 1.2275e-02 6.4391e-02 3.0000e-02 3.0000e-02 3.0000e-02 3.0000e-02 
15.84800 7.2921e-02 1.3869e-01 3.4413e-02 9.9247e-02 3.0000e-02 3.0000e-02 3.0000e-02 3.0000e-02 
10.00000 1.4034e-01 1.1357e-01 8.9213e-02 1.2460e-01 3.0000e-02 3.0000e-02 3.0000e-02 3.0000e-02 
6.30950 1.7607e-01 7.2313e-02 1.4920e-01 1.2341e-01 3.0000e-02 3.0000e-02 3.0000e-02 3.0000e-02 
3.98100 1.9043e-01 2.9541e-02 2.0367e-01 9.1469e-02 3.0000e-02 3.0000e-02 3.0000e-02 3.0000e-02 
2.51180 1.8506e-01 5.8349e-04 2.2233e-01 4.3298e-02 3.0000e-02 3.0000e-02 3.0000e-02 3.0000e-02 
1.58480 1.8167e-01 -1.3657e-02 2.1569e-01 1.0440e-02 3.0000e-02 3.0000e-02 3.0000e-02 3.0000e-02 
1.00000 1.5280e-01 -3.3371e-02 2.1064e-01 1.4456e-02 3.0000e-02 3.0000e-02 3.0000e-02 3.0000e-02 
0.63095 1.1077e-01 -3.9943e-02 2.2110e-01 2.2825e-02 3.0000e-02 3.0000e-02 3.0000e-02 3.0000e-02 
0.39810 7.4058e-02 -5.9926e-02 2.2537e-01 2.1379e-02 3.0000e-02 3.0000e-02 3.0000e-02 3.0000e-02 
0.25118 5.7551e-02 -1.1631e-01 2.2541e-01 2.8894e-02 3.0000e-02 3.0000e-02 3.0000e-02 3.0000e-02 
0.15848 1.7854e-03 -1.0118e-01 2.1247e-01 2.0486e-03 3.0000e-02 3.0000e-02 3.0000e-02 3.0000e-02 
0.10000 -3.6753e-02 -9.7523e-02 1.8562e-01 1.1546e-02 3.0000e-02 3.0000e-02 3.0000e-02 3.0000e-02 
0.06309 -3.6939e-02 -5.8613e-02 1.8005e-01 1.8185e-02 3.0000e-02 3.0000e-02 3.0000e-02 3.0000e-02 
0.03981 -3.4655e-02 -1.9970e-01 1.4246e-01 1.1721e-02 3.0000e-02 3.0000e-02 3.0000e-02 3.0000e-02 
1011  1011  -2.802  3.302  
21
1000.00000 1.7713e-02 4.9973e-02 9.2446e-02 -7.8638e-02 3.0000e-02 3.0000e-02 3.0000e-02 3.0000e-02 
630.95000 3.0870e-02 4.1688e-02 5.5521e-02 -6.4738e-02 3.0000e-02 3.0000e-02 3.0000e-02 3.0000e-02 
398.10000 4.5268e-02 4.2179e-02 3.2277e-02 -5.5537e-02 3.0000e-02 3.0000e-02 3.0000e-02 3.0000e-02 
251.18000 5.2044e-02 4.3429e-02 2.5083e-02 -4.6242e-02 3.0000e-02 3.0000e-02 3.0000e-02 3.0000e-02 
158.48000 6.4495e-02 4.4363e-02 1.2631e-02 -3.5434e-02 3.0000e-02 3.0000e-02 3.0000e-02 3.0000e-02 
100.00000 7.2379e-02 4.5461e-02 -1.9726e-02 -4.0065e-02 3.0000e-02 3.0000e-02 3.0000e-02 3.0000e-02 
63.09500 8.4832e-02 4.7567e-02 -1.2714e-02 -2.7052e-02 3.0000e-02 3.0000e-02 3.0000e-02 3.0000e-02 
39.81000 8.3838e-02 3.2556e-02 3.0104e-02 -1.9948e-02 3.0000e-02 3.0000e-02 3.0000e-02 3.0000e-02 
25.11800 1.1646e-01 4.9594e-02 -1.5886e-02 -2.4899e-02 3.0000e-02 3.0000e-02 3.0000e-02 3.0000e-02 
15.84800 1.3916e-01 6.2144e-02 -4.2191e-02 -4.1689e-02 3.0000e-02 3.0000e-02 3.0000e-02 3.0000e-02 
10.00000 1.5984e-01 7.4121e-02 -5.6909e-02 -5.0885e-02 3.0000e-02 3.0000e-02 3.0000e-02 3.0000e-02 
6.30950 1.8674e-01 7.4231e-02 -8.1166e-02 -5.5166e-02 3.0000e-02 3.0000e-02 3.0000e-02 3.0000e-02 
3.98100 2.3839e-01 5.4213e-02 -1.0145e-01 -3.6272e-02 3.0000e-02 3.0000e-02 3.0000e-02 3.0000e-02 
2.51180 2.4557e-01 3.3308e-02 -1.1708e-01 2.8610e-03 3.0000e-02 3.0000e-02 3.0000e-02 3.0000e-02 
1.58480 2.1037e-01 -3.6897e-03 -1.0951e-01 2.9074e-02 3.0000e-02 3.0000e-02 3.0000e-02 3.0000e-02 
1.00000 1.8954e-01 -2.6381e-02 -1.0477e-01 4.5025e-02 3.0000e-02 3.0000e-02 3.0000e-02 3.0000e-02 
0.63095 1.7441e-01 -6.6208e-02 -8.8871e-02 4.4903e-02 3.0000e-02 3.0000e-02 3.0000e-02 3.0000e-02 
0.39810 2.0564e-01 -7.8361e-02 -5.4806e-02 3.0828e-02 3.0000e-02 3.0000e-02 3.0000e-02 3.0000e-02 
0.15848 1.2319e-01 -1.3133e-01 1.3766e-02 4.0377e-02 3.0000e-02 3.0000e-02 3.0000e-02 3.0000e-02 
0.10000 8.1319e-02 -1.3575e-01 2.8334e-02 4.2341e-02 3.0000e-02 3.0000e-02 3.0000e-02 3.0000e-02 
0.06309 2.1325e-02 -9.1187e-02 3.4151e-02 4.9795e-02 3.0000e-02 3.0000e-02 3.0000e-02 3.0000e-02 
1012  1012  -5.640  -1.532  
15
1000.00000 4.5756e-02 -1.4070e-02 -1.4819e-02 2.3061e-02 3.0000e-02 3.0000e-02 3.0000e-02 3.0000e-02 
630.95000 4.9777e-02 -5.0566e-03 -2.0932e-02 3.2863e-02 3.0000e-02 3.0000e-02 3.0000e-02 3.0000e-02 
398.10000 6.5662e-02 1.2658e-02 -2.0970e-02 2.7483e-02 3.0000e-02 3.0000e-02 3.0000e-02 3.0000e-02 
251.18000 7.2181e-02 1.7264e-02 -1.9206e-02 1.9312e-02 3.0000e-02 3.0000e-02 3.0000e-02 3.0000e-02 
158.48000 7.0174e-02 -7.6555e-03 -9.5240e-03 1.4081e-02 3.0000e-02 3.0000e-02 3.0000e-02 3.0000e-02 
100.00000 4.2868e-02 9.4419e-03 -3.0732e-03 4.3512e-03 3.0000e-02 3.0000e-02 3.0000e-02 3.0000e-02 
63.09500 6.4112e-02 4.4245e-02 -1.9006e-02 -4.5385e-03 3.0000e-02 3.0000e-02 3.0000e-02 3.0000e-02 
39.81000 1.0018e-01 6.9063e-02 -3.6499e-02 -3.0915e-02 3.0000e-02 3.0000e-02 3.0000e-02 3.0000e-02 
25.11800 8.1228e-02 9.6668e-02 -5.3526e-02 -2.2574e-02 3.0000e-02 3.0000e-02 3.0000e-02 3.0000e-02 
10.00000 1.7546e-01 1.1485e-01 -6.4105e-02 3.6686e-02 3.0000e-02 3.0000e-02 3.0000e-02 3.0000e-02 
6.30950 2.3226e-01 1.0847e-01 -3.0042e-02 7.7193e-02 3.0000e-02 3.0000e-02 3.0000e-02 3.0000e-02 
3.98100 2.8933e-01 9.1368e-02 2.9843e-02 1.0344e-01 3.0000e-02 3.0000e-02 3.0000e-02 3.0000e-02 
2.51180 2.8675e-01 1.2145e-01 8.4561e-02 8.6546e-02 3.0000e-02 3.0000e-02 3.0000e-02 3.0000e-02 
1.58480 2.9668e-01 9.1454e-02 1.1690e-01 5.3994e-02 3.0000e-02 3.0000e-02 3.0000e-02 3.0000e-02 
1.00000 2.6694e-01 6.7798e-02 1.3166e-01 2.6868e-02 3.0000e-02 3.0000e-02 3.0000e-02 3.0000e-02 
1013  1013  -0.803  -0.561  
4
1000.00000 -2.7507e-02 -8.3700e-02 -2.1177e-01 -9.0464e-02 3.0000e-02 3.0000e-02 3.0000e-02 3.0000e-02 
630.95000 -3.6082e-02 -7.4522e-02 -2.1313e-01 -1.5758e-01 3.0000e-02 3.0000e-02 3.0000e-02 3.0000e-02 
398.10000 -4.5140e-02 -8.2259e-02 -2.6637e-01 -2.2825e-01 3.0000e-02 3.0000e-02 3.0000e-02 3.0000e-02 
251.18000 -7.7124e-02 -1.0445e-01 -3.7041e-01 -2.7665e-01 3.0000e-02 3.0000e-02 3.0000e-02 3.0000e-02 
1014  1014  1.008  0.413  
17
1000.00000 -1.5531e-01 2.4946e-02 -9.2283e-02 3.1041e-02 3.0000e-02 3.0000e-02 3.0000e-02 3.0000e-02 
630.95000 -1.6321e-01 3.4120e-02 -7.2654e-02 3.3351e-02 3.0000e-02 3.0000e-02 3.0000e-02 3.0000e-02 
398.10000 -1.6645e-01 6.4730e-02 -5.3859e-02 1.8193e-02 3.0000e-02 3.0000e-02 3.0000e-02 3.0000e-02 
251.18000 -1.4605e-01 1.1308e-01 -4.8620e-02 -6.9727e-03 3.0000e-02 3.0000e-02 3.0000e-02 3.0000e-02 
158.48000 -9.7887e-02 1.6040e-01 -6.1570e-02 -2.5929e-02 3.0000e-02 3.0000e-02 3.0000e-02 3.0000e-02 
100.00000 -3.2928e-02 1.9007e-01 -8.6211e-02 -2.8440e-02 3.0000e-02 3.0000e-02 3.0000e-02 3.0000e-02 
63.09500 5.0116e-02 1.9408e-01 -9.0688e-02 -2.8373e-02 3.0000e-02 3.0000e-02 3.0000e-02 3.0000e-02 
39.81000 1.3958e-01 1.7326e-01 -1.0556e-01 2.0700e-02 3.0000e-02 3.0000e-02 3.0000e-02 3.0000e-02 
25.11800 1.9634e-01 1.5158e-01 -1.0649e-01 5.7486e-02 3.0000e-02 3.0000e-02 3.0000e-02 3.0000e-02 
15.84800 2.4417e-01 1.2528e-01 -8.5721e-02 8.5762e-02 3.0000e-02 3.0000e-02 3.0000e-02 3.0000e-02 
10.00000 2.7384e-01 7.4829e-02 -3.1814e-02 1.0188e-01 3.0000e-02 3.0000e-02 3.0000e-02 3.0000e-02 
6.30950 2.7838e-01 1.7939e-02 1.2393e-02 1.0400e-01 3.0000e-02 3.0000e-02 3.0000e-02 3.0000e-02 
3.98100 2.7274e-01 -3.2004e-02 5.2095e-02 1.0519e-01 3.0000e-02 3.0000e-02 3.0000e-02 3.0000e-02 
2.51180 2.5336e-01 -9.2474e-02 7.9250e-02 8.8466e-02 3.0000e-02 3.0000e-02 3.0000e-02 3.0000e-02 
1.58480 2.5442e-01 -1.0738e-01 9.5411e-02 6.7806e-02 3.0000e-02 3.0000e-02 3.0000e-02 3.0000e-02 
1.00000 2.5189e-01 -1.3501e-01 1.0159e-01 6.3028e-02 3.0000e-02 3.0000e-02 3.0000e-02 3.0000e-02 
0.63095 2.4477e-01 -1.3864e-01 9.7386e-02 4.7449e-02 3.0000e-02 3.0000e-02 3.0000e-02 3.0000e-02 
1015  1015  0.196  2.246  
14
630.95000 -6.0874e-02 -5.4878e-02 -7.2310e-02 -1.0845e-02 3.0000e-02 3.0000e-02 3.0000e-02 3.0000e-02 
398.10000 -3.9285e-02 -4.1001e-02 -3.3116e-02 9.3454e-03 3.0000e-02 3.0000e-02 3.0000e-02 3.0000e-02 
251.18000 -1.7097e-02 -3.3608e-02 -2.3408e-02 4.5132e-03 3.0000e-02 3.0000e-02 3.0000e-02 3.0000e-02 
158.48000 -2.8845e-02 -3.0591e-02 -2.7459e-02 -6.4576e-03 3.0000e-02 3.0000e-02 3.0000e-02 3.0000e-02 
100.00000 -4.2653e-02 -2.5462e-02 -3.4780e-02 -8.9532e-03 3.0000e-02 3.0000e-02 3.0000e-02 3.0000e-02 
63.09500 -7.1756e-02 -1.5810e-02 -4.1973e-02 -1.0762e-02 3.0000e-02 3.0000e-02 3.0000e-02 3.0000e-02 
39.81000 -5.1599e-02 2.9119e-02 -4.6591e-02 -8.6547e-03 3.0000e-02 3.0000e-02 3.0000e-02 3.0000e-02 
25.11800 -4.6303e-02 4.4210e-02 -4.7663e-02 -2.2140e-03 3.0000e-02 3.0000e-02 3.0000e-02 3.0000e-02 
6.30950 5.7821e-02 8.0796e-02 -3.7005e-02 3.6445e-02 3.0000e-02 3.0000e-02 3.0000e-02 3.0000e-02 
3.98100 9.2318e-02 7.6186e-02 -1.5937e-02 3.3688e-02 3.0000e-02 3.0000e-02 3.0000e-02 3.0000e-02 
2.51180 1.1990e-01 5.9434e-02 -3.3461e-04 3.4900e-02 3.0000e-02 3.0000e-02 3.0000e-02 3.0000e-02 
0.63095 1.3050e-01 -1.2667e-01 5.1711e-02 7.5788e-02 3.0000e-02 3.0000e-02 3.0000e-02 3.0000e-02 
0.25118 4.6698e-02 -7.1365e-02 4.0422e-02 6.0535e-02 3.0000e-02 3.0000e-02 3.0000e-02 3.0000e-02 
0.06309 -1.7540e-02 -1.0402e-01 4.9702e-02 1.0650e-01 3.0000e-02 3.0000e-02 3.0000e-02 3.0000e-02 
1016  1016  -3.457  0.832  
11
1000.00000 -1.4875e-01 -3.1371e-02 2.7118e-02 -1.0087e-02 3.0000e-02 3.0000e-02 3.0000e-02 3.0000e-02 
630.95000 -1.7379e-01 -3.4399e-02 2.6556e-02 -1.3091e-02 3.0000e-02 3.0000e-02 3.0000e-02 3.0000e-02 
398.10000 -1.8962e-01 -3.6313e-02 2.6201e-02 -1.4990e-02 3.0000e-02 3.0000e-02 3.0000e-02 3.0000e-02 
251.18000 -1.3682e-01 1.0960e-02 1.1837e-02 -1.5197e-02 3.0000e-02 3.0000e-02 3.0000e-02 3.0000e-02 
158.48000 -1.0990e-01 4.9493e-02 -5.6390e-03 -2.0195e-02 3.0000e-02 3.0000e-02 3.0000e-02 3.0000e-02 
100.00000 -1.1830e-01 7.4283e-02 -1.3736e-02 -2.5877e-02 3.0000e-02 3.0000e-02 3.0000e-02 3.0000e-02 
63.09500 -1.4059e-01 6.7344e-02 -3.7149e-02 -4.4341e-02 3.0000e-02 3.0000e-02 3.0000e-02 3.0000e-02 
39.81000 -1.4711e-01 1.0964e-01 -6.2109e-02 -6.2592e-02 3.0000e-02 3.0000e-02 3.0000e-02 3.0000e-02 
25.11800 -2.0338e-02 1.2863e-01 -3.4388e-02 -2.3242e-02 3.0000e-02 3.0000e-02 3.0000e-02 3.0000e-02 
15.84800 9.3490e-02 1.5928e-01 -2.5437e-02 -2.3530e-02 3.0000e-02 3.0000e-02 3.0000e-02 3.0000e-02 
10.00000 1.7872e-01 2.1170e-01 -3.3773e-02 -1.2882e-02 3.0000e-02 3.0000e-02 3.0000e-02 3.0000e-02 
1017  1017  5.640  2.452  
18
1000.00000 1.6133e-01 4.7999e-02 2.7364e-01 2.5842e-02 3.0000e-02 3.0000e-02 3.0000e-02 3.0000e-02 
630.95000 1.8991e-01 3.2794e-02 2.6293e-01 2.9332e-02 3.0000e-02 3.0000e-02 3.0000e-02 3.0000e-02 
398.10000 1.8164e-01 1.1614e-02 2.7587e-01 2.1553e-02 3.0000e-02 3.0000e-02 3.0000e-02 3.0000e-02 
251.18000 1.6943e-01 -1.0615e-02 2.9220e-01 2.6894e-06 3.0000e-02 3.0000e-02 3.0000e-02 3.0000e-02 
158.48000 1.5688e-01 -2.8986e-02 2.9562e-01 -2.9872e-02 3.0000e-02 3.0000e-02 3.0000e-02 3.0000e-02 
100.00000 1.4459e-01 -4.3061e-02 2.7508e-01 -6.0116e-02 3.0000e-02 3.0000e-02 3.0000e-02 3.0000e-02 
63.09500 1.3038e-01 -5.5358e-02 2.4224e-01 -8.2786e-02 3.0000e-02 3.0000e-02 3.0000e-02 3.0000e-02 
39.81000 1.1296e-01 -6.5917e-02 2.0379e-01 -9.6206e-02 3.0000e-02 3.0000e-02 3.0000e-02 3.0000e-02 
25.11800 9.4143e-02 -7.5555e-02 1.6855e-01 -1.0375e-01 3.0000e-02 3.0000e-02 3.0000e-02 3.0000e-02 
15.84800 7.2248e-02 -7.9763e-02 1.3312e-01 -9.8541e-02 3.0000e-02 3.0000e-02 3.0000e-02 3.0000e-02 
10.00000 4.1811e-02 -7.7371e-02 1.0670e-01 -8.3101e-02 3.0000e-02 3.0000e-02 3.0000e-02 3.0000e-02 
6.30950 1.0445e-02 -7.6465e-02 8.3479e-02 -7.5224e-02 3.0000e-02 3.0000e-02 3.0000e-02 3.0000e-02 
3.98100 -1.5555e-02 -5.4936e-02 6.9888e-02 -6.2330e-02 3.0000e-02 3.0000e-02 3.0000e-02 3.0000e-02 
2.51180 -1.1471e-02 -5.2519e-02 7.2581e-02 -6.1517e-02 3.0000e-02 3.0000e-02 3.0000e-02 3.0000e-02 
1.58480 -2.5660e-02 -1.2377e-01 7.7017e-02 -2.1671e-02 3.0000e-02 3.0000e-02 3.0000e-02 3.0000e-02 
1.00000 1.0203e-02 -1.5652e-01 1.4679e-01 -7.3231e-03 3.0000e-02 3.0000e-02 3.0000e-02 3.0000e-02 
0.63095 9.2412e-02 -1.5130e-01 1.8218e-01 -8.4200e-03 3.0000e-02 3.0000e-02 3.0000e-02 3.0000e-02 
0.39810 7.8674e-02 -1.2992e-01 1.7435e-01 1.9535e-02 3.0000e-02 3.0000e-02 3.0000e-02 3.0000e-02 
1018  1018  -1.334  3.332  
11
1000.00000 1.5215e-01 1.3870e-02 -2.5142e-01 -1.0984e-01 3.0000e-02 3.0000e-02 3.0000e-02 3.0000e-02 
630.95000 1.0654e-01 7.7867e-03 -2.1624e-01 -7.3284e-02 3.0000e-02 3.0000e-02 3.0000e-02 3.0000e-02 
398.10000 3.0964e-02 -1.4274e-02 -1.3761e-01 -1.0643e-02 3.0000e-02 3.0000e-02 3.0000e-02 3.0000e-02 
251.18000 -3.7586e-03 -2.7557e-02 -1.0654e-01 3.7284e-02 3.0000e-02 3.0000e-02 3.0000e-02 3.0000e-02 
158.48000 -1.8265e-02 -2.8798e-02 -7.6244e-02 4.7785e-02 3.0000e-02 3.0000e-02 3.0000e-02 3.0000e-02 
100.00000 -3.0529e-02 -2.3650e-02 -5.0688e-02 4.0041e-02 3.0000e-02 3.0000e-02 3.0000e-02 3.0000e-02 
63.09500 -2.8882e-02 -1.5823e-02 -3.7799e-02 2.8329e-02 3.0000e-02 3.0000e-02 3.0000e-02 3.0000e-02 
39.81000 -4.0050e-02 -2.7844e-04 -2.4720e-02 1.7680e-02 3.0000e-02 3.0000e-02 3.0000e-02 3.0000e-02 
25.11800 -4.5062e-02 2.0124e-02 -2.2267e-02 7.8022e-03 3.0000e-02 3.0000e-02 3.0000e-02 3.0000e-02 
15.84800 -3.6208e-02 4.4183e-02 -2.8609e-02 -5.7532e-03 3.0000e-02 3.0000e-02 3.0000e-02 3.0000e-02 
10.00000 -2.3064e-02 7.2352e-02 -4.1183e-02 -2.3748e-02 3.0000e-02 3.0000e-02 3.0000e-02 3.0000e-02 
1019  1019  1.244  1.880  
7
630.95000 -2.6816e-01 -1.2964e-01 2.2144e-01 -1.3188e-02 3.0000e-02 3.0000e-02 3.0000e-02 3.0000e-02 
398.10000 -2.6671e-01 -1.5059e-01 8.4271e-02 1.3550e-02 3.0000e-02 3.0000e-02 3.0000e-02 3.0000e-02 
25.11800 -2.5001e-01 1.1946e-01 1.3098e-01 -8.1660e-02 3.0000e-02 3.0000e-02 3.0000e-02 3.0000e-02 
15.84800 -1.5323e-01 1.9583e-01 1.2462e-01 -4.0676e-02 3.0000e-02 3.0000e-02 3.0000e-02 3.0000e-02 
10.00000 1.3415e-02 1.7160e-01 9.2076e-02 9.9907e-02 3.0000e-02 3.0000e-02 3.0000e-02 3.0000e-02 
6.30950 1.0901e-01 1.7478e-01 1.5622e-01 1.2049e-01 3.0000e-02 3.0000e-02 3.0000e-02 3.0000e-02 
3.98100 1.6295e-01 1.8503e-01 2.6435e-01 9.9678e-02 3.0000e-02 3.0000e-02 3.0000e-02 3.0000e-02 
1020  1020  -0.268  2.144  
12
1000.00000 -1.1840e-01 -1.4626e-03 -3.2344e-02 -2.0546e-02 3.0000e-02 3.0000e-02 3.0000e-02 3.0000e-02 
630.95000 -9.3603e-02 7.8098e-03 -3.3553e-02 -8.1942e-03 3.0000e-02 3.0000e-02 3.0000e-02 3.0000e-02 
398.10000 -7.7919e-02 1.3673e-02 -3.4317e-02 -3.8319e-04 3.0000e-02 3.0000e-02 3.0000e-02 3.0000e-02 
251.18000 -7.5298e-02 1.7038e-02 -3.2656e-02 2.0215e-03 3.0000e-02 3.0000e-02 3.0000e-02 3.0000e-02 
158.48000 -7.4011e-02 1.9269e-02 -3.0775e-02 1.7433e-03 3.0000e-02 3.0000e-02 3.0000e-02 3.0000e-02 
100.00000 -6.9659e-02 1.8027e-02 -3.1304e-02 1.3812e-03 3.0000e-02 3.0000e-02 3.0000e-02 3.0000e-02 
63.09500 -6.3876e-02 2.2821e-02 -3.7072e-02 -3.0448e-04 3.0000e-02 3.0000e-02 3.0000e-02 3.0000e-02 
39.81000 -7.0407e-02 4.6318e-02 -3.3682e-02 -1.1906e-03 3.0000e-02 3.0000e-02 3.0000e-02 3.0000e-02 
25.11800 -6.1425e-02 7.2352e-02 -3.0438e-02 -1.1684e-03 3.0000e-02 3.0000e-02 3.0000e-02 3.0000e-02 
15.84800 -2.9536e-02 9.2270e-02 -3.2885e-02 -7.4151e-04 3.0000e-02 3.0000e-02 3.0000e-02 3.0000e-02 
10.00000 1.9849e-02 1.0804e-01 -3.9342e-02 2.7677e-03 3.0000e-02 3.0000e-02 3.0000e-02 3.0000e-02 
6.30950 6.2385e-02 9.9737e-02 -3.6961e-02 1.3768e-03 3.0000e-02 3.0000e-02 3.0000e-02 3.0000e-02 
1021  1021  -4.063  0.662  
10
1000.00000 1.4275e-01 1.3402e-03 -4.0675e-02 2.3434e-02 3.0000e-02 3.0000e-02 3.0000e-02 3.0000e-02 
630.95000 1.2752e-01 -1.9990e-02 -4.2474e-02 2.2022e-02 3.0000e-02 3.0000e-02 3.0000e-02 3.0000e-02 
398.10000 8.3141e-02 -2.4998e-02 -4.1368e-02 2.2727e-02 3.0000e-02 3.0000e-02 3.0000e-02 3.0000e-02 
251.18000 9.0802e-02 3.2490e-02 -4.2245e-02 2.5165e-02 3.0000e-02 3.0000e-02 3.0000e-02 3.0000e-02 
158.48000 1.0349e-01 8.0083e-02 -4.3178e-02 2.7028e-02 3.0000e-02 3.0000e-02 3.0000e-02 3.0000e-02 
100.00000 1.1151e-01 1.1016e-01 -4.3768e-02 2.8206e-02 3.0000e-02 3.0000e-02 3.0000e-02 3.0000e-02 
63.09500 1.1658e-01 1.2917e-01 -4.4141e-02 2.8949e-02 3.0000e-02 3.0000e-02 3.0000e-02 3.0000e-02 
39.81000 1.1979e-01 1.4119e-01 -4.4377e-02 2.9420e-02 3.0000e-02 3.0000e-02 3.0000e-02 3.0000e-02 
25.11800 4.3300e-02 4.2888e-02 -2.9088e-02 3.8806e-02 3.0000e-02 3.0000e-02 3.0000e-02 3.0000e-02 
15.84800 -1.6662e-02 -1.3369e-02 -2.6530e-02 4.2827e-02 3.0000e-02 3.0000e-02 3.0000e-02 3.0000e-02 
1022  1022  -1.258  0.633  
15
1000.00000 3.4514e-02 -1.9938e-02 5.0948e-02 8.3561e-03 3.0000e-02 3.0000e-02 3.0000e-02 3.0000e-02 
630.95000 5.7978e-02 5.2576e-03 4.5098e-02 6.1251e-03 3.0000e-02 3.0000e-02 3.0000e-02 3.0000e-02 
398.10000 5.0266e-02 -2.6394e-02 4.9073e-02 1.9700e-03 3.0000e-02 3.0000e-02 3.0000e-02 3.0000e-02 
251.18000 1.8403e-02 -3.3949e-02 5.4034e-02 -1.2243e-03 3.0000e-02 3.0000e-02 3.0000e-02 3.0000e-02 
158.48000 -1.0093e-02 -1.6442e-02 5.6127e-02 -1.0385e-03 3.0000e-02 3.0000e-02 3.0000e-02 3.0000e-02 
100.00000 -1.8600e-02 1.1086e-02 5.6095e-02 2.6899e-03 3.0000e-02 3.0000e-02 3.0000e-02 3.0000e-02 
63.09500 9.4995e-04 -1.5355e-02 4.1861e-02 2.4899e-02 3.0000e-02 3.0000e-02 3.0000e-02 3.0000e-02 
39.81000 1.5746e-02 5.1830e-02 5.5479e-02 2.8215e-02 3.0000e-02 3.0000e-02 3.0000e-02 3.0000e-02 
25.11800 3.6909e-02 9.6299e-02 8.3541e-02 2.4514e-02 3.0000e-02 3.0000e-02 3.0000e-02 3.0000e-02 
15.84800 1.0433e-01 1.1457e-01 9.4993e-02 2.2616e-02 3.0000e-02 3.0000e-02 3.0000e-02 3.0000e-02 
10.00000 1.6696e-01 1.1289e-01 9.4026e-02 2.4408e-02 3.0000e-02 3.0000e-02 3.0000e-02 3.0000e-02 
6.30950 2.0490e-01 8.5093e-02 9.3695e-02 2.2378e-02 3.0000e-02 3.0000e-02 3.0000e-02 3.0000e-02 
3.98100 2.2808e-01 4.7430e-02 1.0025e-01 1.7739e-02 3.0000e-02 3.0000e-02 3.0000e-02 3.0000e-02 
2.51180 2.3260e-01 -2.6915e-03 8.9966e-02 2.1687e-02 3.0000e-02 3.0000e-02 3.0000e-02 3.0000e-02 
1.58480 2.0045e-01 -1.6731e-02 6.4566e-02 1.8176e-02 3.0000e-02 3.0000e-02 3.0000e-02 3.0000e-02 
1023  1023  -2.141  3.194  
17
1000.00000 1.6241e-01 -3.7720e-03 -1.1878e-01 -5.3118e-02 3.0000e-02 3.0000e-02 3.0000e-02 3.0000e-02 
630.95000 1.3656e-01 -2.0137e-02 -1.4478e-01 -4.2149e-02 3.0000e-02 3.0000e-02 3.0000e-02 3.0000e-02 
398.10000 9.4955e-02 -3.7768e-02 -1.6718e-01 -1.8580e-02 3.0000e-02 3.0000e-02 3.0000e-02 3.0000e-02 
251.18000 6.8623e-02 -3.2318e-02 -1.4644e-01 2.2723e-03 3.0000e-02 3.0000e-02 3.0000e-02 3.0000e-02 
158.48000 5.5596e-02 -1.9730e-02 -1.1577e-01 1.6082e-02 3.0000e-02 3.0000e-02 3.0000e-02 3.0000e-02 
100.00000 4.8019e-02 -1.0480e-02 -9.3967e-02 2.4799e-02 3.0000e-02 3.0000e-02 3.0000e-02 3.0000e-02 
63.09500 4.3229e-02 -4.6329e-03 -8.0186e-02 3.0308e-02 3.0000e-02 3.0000e-02 3.0000e-02 3.0000e-02 
39.81000 4.0203e-02 -9.3861e-04 -7.1477e-02 3.3790e-02 3.0000e-02 3.0000e-02 3.0000e-02 3.0000e-02 
25.11800 2.5014e-02 3.0050e-03 -5.5226e-02 3.4998e-02 3.0000e-02 3.0000e-02 3.0000e-02 3.0000e-02 
15.84800 2.2883e-02 2.2076e-02 -4.7657e-02 1.0374e-02 3.0000e-02 3.0000e-02 3.0000e-02 3.0000e-02 
10.00000 3.7425e-02 5.5963e-02 -5.9170e-02 -9.5563e-03 3.0000e-02 3.0000e-02 3.0000e-02 3.0000e-02 
6.30950 6.6899e-02 8.2930e-02 -7.5275e-02 -2.2308e-02 3.0000e-02 3.0000e-02 3.0000e-02 3.0000e-02 
3.98100 1.1019e-01 9.3053e-02 -9.2303e-02 -4.2494e-02 3.0000e-02 3.0000e-02 3.0000e-02 3.0000e-02 
2.51180 1.3854e-01 8.1854e-02 -9.7877e-02 -2.1649e-02 3.0000e-02 3.0000e-02 3.0000e-02 3.0000e-02 
1.58480 1.7916e-01 5.2463e-02 -8.0919e-02 9.9628e-03 3.0000e-02 3.0000e-02 3.0000e-02 3.0000e-02 
1.00000 1.9077e-01 6.9647e-03 -5.1659e-02 5.3103e-02 3.0000e-02 3.0000e-02 3.0000e-02 3.0000e-02 
0.63095 1.7641e-01 -4.8028e-02 -1.4515e-02 9.5768e-02 3.0000e-02 3.0000e-02 3.0000e-02 3.0000e-02 
1024  1024  -3.469  -3.059  
12
630.95000 -1.1188e-01 5.7115e-02 1.6422e-01 -4.3523e-02 3.0000e-02 3.0000e-02 3.0000e-02 3.0000e-02 
398.10000 -9.4396e-02 5.9668e-02 1.4926e-01 -2.0880e-02 3.0000e-02 3.0000e-02 3.0000e-02 3.0000e-02 
251.18000 -7.4741e-02 6.4849e-02 1.5153e-01 -8.5769e-03 3.0000e-02 3.0000e-02 3.0000e-02 3.0000e-02 
158.48000 -6.3301e-02 6.8641e-02 1.5831e-01 -8.6040e-03 3.0000e-02 3.0000e-02 3.0000e-02 3.0000e-02 
100.00000 -5.9286e-02 7.3341e-02 1.6589e-01 -2.4388e-02 3.0000e-02 3.0000e-02 3.0000e-02 3.0000e-02 
39.81000 -9.7000e-03 7.3977e-02 1.3516e-01 -4.7895e-02 3.0000e-02 3.0000e-02 3.0000e-02 3.0000e-02 
25.11800 1.6284e-02 9.1284e-02 1.3557e-01 -3.2131e-02 3.0000e-02 3.0000e-02 3.0000e-02 3.0000e-02 
15.84800 5.5229e-02 1.2333e-01 1.1601e-01 -2.3054e-02 3.0000e-02 3.0000e-02 3.0000e-02 3.0000e-02 
10.00000 1.0885e-01 1.3014e-01 1.1045e-01 -8.2468e-03 3.0000e-02 3.0000e-02 3.0000e-02 3.0000e-02 
6.30950 1.4303e-01 9.9768e-02 1.0122e-01 -1.0418e-02 3.0000e-02 3.0000e-02 3.0000e-02 3.0000e-02 
3.98100 2.2486e-01 2.2817e-02 1.0812e-01 -1.6600e-02 3.0000e-02 3.0000e-02 3.0000e-02 3.0000e-02 
2.51180 2.6638e-01 -1.1696e-01 5.8859e-02 -4.3966e-02 3.0000e-02 3.0000e-02 3.0000e-02 3.0000e-02 
1025  1025  -1.604  -0.257  
3
1000.00000 3.4510e-02 -8.9197e-03 9.0062e-02 -1.9626e-02 3.0000e-02 3.0000e-02 3.0000e-02 3.0000e-02 
630.95000 3.0768e-02 -1.4070e-02 8.8303e-02 -7.7642e-04 3.0000e-02 3.0000e-02 3.0000e-02 3.0000e-02 
398.10000 3.4363e-02 -1.7060e-02 9.3360e-02 -1.6957e-06 3.0000e-02 3.0000e-02 3.0000e-02 3.0000e-02 
1026  1026  -1.454  0.222  
12
1000.00000 1.2781e-02 -1.6418e-02 1.8879e-02 -3.7369e-03 3.0000e-02 3.0000e-02 3.0000e-02 3.0000e-02 
630.95000 2.1780e-02 -1.1105e-02 3.8200e-02 8.8463e-03 3.0000e-02 3.0000e-02 3.0000e-02 3.0000e-02 
398.10000 2.9438e-02 -3.4422e-03 3.8052e-02 2.0796e-02 3.0000e-02 3.0000e-02 3.0000e-02 3.0000e-02 
251.18000 3.7085e-02 1.3550e-03 5.8070e-02 2.0387e-02 3.0000e-02 3.0000e-02 3.0000e-02 3.0000e-02 
158.48000 3.8308e-02 8.6980e-04 7.3704e-02 2.7195e-03 3.0000e-02 3.0000e-02 3.0000e-02 3.0000e-02 
100.00000 3.3096e-02 6.3183e-03 5.7845e-02 -1.0484e-02 3.0000e-02 3.0000e-02 3.0000e-02 3.0000e-02 
63.09500 2.6230e-02 1.9717e-02 3.3363e-02 -1.4314e-02 3.0000e-02 3.0000e-02 3.0000e-02 3.0000e-02 
39.81000 2.2656e-03 4.5628e-02 1.6473e-02 -1.1622e-02 3.0000e-02 3.0000e-02 3.0000e-02 3.0000e-02 
25.11800 -1.8233e-03 6.5505e-02 2.8443e-03 -4.4782e-03 3.0000e-02 3.0000e-02 3.0000e-02 3.0000e-02 
15.84800 4.0039e-02 7.8416e-02 -2.7101e-02 1.9387e-02 3.0000e-02 3.0000e-02 3.0000e-02 3.0000e-02 
10.00000 1.4014e-01 1.0894e-01 -1.0804e-02 7.6507e-03 3.0000e-02 3.0000e-02 3.0000e-02 3.0000e-02 
6.30950 1.8189e-01 1.0135e-01 1.9929e-02 7.2137e-03 3.0000e-02 3.0000e-02 3.0000e-02 3.0000e-02 
1027  1027  1.864  0.127  
21
1000.00000 -1.3243e-01 5.0682e-03 -8.1773e-02 -4.3223e-02 3.0000e-02 3.0000e-02 3.0000e-02 3.0000e-02 
630.95000 -1.3435e-01 2.7516e-02 -9.5030e-02 -3.7787e-02 3.0000e-02 3.0000e-02 3.0000e-02 3.0000e-02 
398.10000 -1.2332e-01 5.5187e-02 -1.1434e-01 -3.3749e-02 3.0000e-02 3.0000e-02 3.0000e-02 3.0000e-02 
251.18000 -9.7142e-02 7.8212e-02 -1.3600e-01 -1.7024e-02 3.0000e-02 3.0000e-02 3.0000e-02 3.0000e-02 
158.48000 -6.4545e-02 9.0209e-02 -1.4618e-01 1.6875e-02 3.0000e-02 3.0000e-02 3.0000e-02 3.0000e-02 
100.00000 -2.7372e-02 9.4986e-02 -1.3660e-01 5.8066e-02 3.0000e-02 3.0000e-02 3.0000e-02 3.0000e-02 
63.09500 8.1497e-04 9.5322e-02 -1.1088e-01 8.8377e-02 3.0000e-02 3.0000e-02 3.0000e-02 3.0000e-02 
39.81000 3.3994e-02 9.1223e-02 -6.1812e-02 1.1270e-01 3.0000e-02 3.0000e-02 3.0000e-02 3.0000e-02 
25.11800 6.1265e-02 7.7907e-02 -1.5004e-02 1.2540e-01 3.0000e-02 3.0000e-02 3.0000e-02 3.0000e-02 
15.84800 8.0743e-02 6.1514e-02 2.6022e-02 1.1586e-01 3.0000e-02 3.0000e-02 3.0000e-02 3.0000e-02 
10.00000 1.0716e-01 4.4190e-02 8.3268e-02 1.0487e-01 3.0000e-02 3.0000e-02 3.0000e-02 3.0000e-02 
6.30950 1.1942e-01 2.3616e-02 1.1814e-01 8.2106e-02 3.0000e-02 3.0000e-02 3.0000e-02 3.0000e-02 
3.98100 1.2407e-01 -2.1207e-03 1.3949e-01 5.2723e-02 3.0000e-02 3.0000e-02 3.0000e-02 3.0000e-02 
2.51180 1.1887e-01 -1.6435e-02 1.4371e-01 3.5266e-02 3.0000e-02 3.0000e-02 3.0000e-02 3.0000e-02 
1.58480 1.0552e-01 -2.9698e-02 1.5097e-01 3.0576e-02 3.0000e-02 3.0000e-02 3.0000e-02 3.0000e-02 
1.00000 7.9963e-02 -5.1914e-02 1.5109e-01 2.3570e-02 3.0000e-02 3.0000e-02 3.0000e-02 3.0000e-02 
0.63095 7.4594e-02 -6.9111e-02 1.6070e-01 2.5189e-02 3.0000e-02 3.0000e-02 3.0000e-02 3.0000e-02 
0.39810 2.2412e-02 -8.8634e-02 1.7323e-01 2.9831e-02 3.0000e-02 3.0000e-02 3.0000e-02 3.0000e-02 
0.15848 -3.1787e-02 -9.1362e-02 1.2349e-01 6.7125e-02 3.0000e-02 3.0000e-02 3.0000e-02 3.0000e-02 
0.10000 -7.2161e-02 -7.9127e-02 1.1762e-01 4.5511e-02 3.0000e-02 3.0000e-02 3.0000e-02 3.0000e-02 
0.06309 -1.7509e-01 -4.3057e-02 1.4852e-01 6.7802e-02 3.0000e-02 3.0000e-02 3.0000e-02 3.0000e-02 
1028  1028  2.449  0.559  
20
1000.00000 -4.9254e-02 -2.8566e-02 -1.4505e-01 3.4550e-02 3.0000e-02 3.0000e-02 3.0000e-02 3.0000e-02 
630.95000 -6.0755e-02 -1.7035e-02 -1.3638e-01 1.8906e-02 3.0000e-02 3.0000e-02 3.0000e-02 3.0000e-02 
398.10000 -6.0928e-02 8.9230e-03 -1.3632e-01 9.2913e-03 3.0000e-02 3.0000e-02 3.0000e-02 3.0000e-02 
251.18000 -5.2042e-02 2.6676e-02 -1.4093e-01 1.6104e-02 3.0000e-02 3.0000e-02 3.0000e-02 3.0000e-02 
158.48000 -3.6328e-02 3.5657e-02 -1.4833e-01 3.0347e-02 3.0000e-02 3.0000e-02 3.0000e-02 3.0000e-02 
100.00000 -2.0563e-02 4.0714e-02 -1.4034e-01 5.3189e-02 3.0000e-02 3.0000e-02 3.0000e-02 3.0000e-02 
63.09500 -6.1607e-03 4.3578e-02 -1.2148e-01 7.6128e-02 3.0000e-02 3.0000e-02 3.0000e-02 3.0000e-02 
39.81000 1.0507e-02 4.4318e-02 -8.4118e-02 9.7982e-02 3.0000e-02 3.0000e-02 3.0000e-02 3.0000e-02 
25.11800 2.5653e-02 4.4526e-02 -4.4166e-02 1.0773e-01 3.0000e-02 3.0000e-02 3.0000e-02 3.0000e-02 
15.84800 3.9163e-02 3.8671e-02 2.5707e-03 1.0952e-01 3.0000e-02 3.0000e-02 3.0000e-02 3.0000e-02 
10.00000 5.5977e-02 2.9814e-02 3.2455e-02 9.5534e-02 3.0000e-02 3.0000e-02 3.0000e-02 3.0000e-02 
6.30950 6.6975e-02 2.1491e-02 6.6397e-02 7.6099e-02 3.0000e-02 3.0000e-02 3.0000e-02 3.0000e-02 
3.98100 7.5672e-02 8.7098e-03 8.2269e-02 5.1477e-02 3.0000e-02 3.0000e-02 3.0000e-02 3.0000e-02 
2.51180 7.2576e-02 -3.0859e-04 9.2947e-02 3.3474e-02 3.0000e-02 3.0000e-02 3.0000e-02 3.0000e-02 
1.58480 7.5078e-02 -1.9977e-02 8.7484e-02 2.5244e-02 3.0000e-02 3.0000e-02 3.0000e-02 3.0000e-02 
1.00000 6.6347e-02 -4.8612e-02 9.8309e-02 3.0968e-02 3.0000e-02 3.0000e-02 3.0000e-02 3.0000e-02 
0.63095 5.5123e-02 -6.9589e-02 1.1742e-01 2.2083e-02 3.0000e-02 3.0000e-02 3.0000e-02 3.0000e-02 
0.39810 1.7481e-02 -7.1943e-02 1.5480e-01 -3.3114e-03 3.0000e-02 3.0000e-02 3.0000e-02 3.0000e-02 
0.06309 -9.7004e-02 -4.7724e-02 1.2698e-01 -1.6181e-03 3.0000e-02 3.0000e-02 3.0000e-02 3.0000e-02 
0.03981 -1.2015e-01 1.0229e-02 1.2046e-01 3.0650e-02 3.0000e-02 3.0000e-02 3.0000e-02 3.0000e-02 
1029  1029  -1.834  -1.554  
13
1000.00000 -3.9812e-02 8.9293e-03 4.3658e-02 -3.0929e-02 3.0000e-02 3.0000e-02 3.0000e-02 3.0000e-02 
630.95000 -2.0702e-02 4.3868e-03 3.3302e-02 -3.5397e-02 3.0000e-02 3.0000e-02 3.0000e-02 3.0000e-02 
398.10000 -2.2300e-02 2.3555e-03 1.6942e-02 -3.7904e-02 3.0000e-02 3.0000e-02 3.0000e-02 3.0000e-02 
251.18000 -2.4612e-02 -5.3010e-04 1.6655e-03 -3.7422e-02 3.0000e-02 3.0000e-02 3.0000e-02 3.0000e-02 
158.48000 -2.8704e-02 -6.1744e-03 -1.2314e-02 -3.8203e-02 3.0000e-02 3.0000e-02 3.0000e-02 3.0000e-02 
100.00000 -3.7984e-02 -9.7890e-03 -2.5956e-02 -3.8632e-02 3.0000e-02 3.0000e-02 3.0000e-02 3.0000e-02 
25.11800 -4.7768e-02 5.0301e-02 -4.3032e-02 5.3889e-03 3.0000e-02 3.0000e-02 3.0000e-02 3.0000e-02 
15.84800 -7.8355e-03 8.6988e-02 -2.9714e-02 9.8488e-03 3.0000e-02 3.0000e-02 3.0000e-02 3.0000e-02 
10.00000 3.1878e-02 1.0619e-01 -1.9477e-02 2.6163e-02 3.0000e-02 3.0000e-02 3.0000e-02 3.0000e-02 
6.30950 7.3455e-02 1.1659e-01 -1.6601e-02 3.9730e-02 3.0000e-02 3.0000e-02 3.0000e-02 3.0000e-02 
3.98100 1.1596e-01 1.0438e-01 -1.7426e-02 4.7840e-02 3.0000e-02 3.0000e-02 3.0000e-02 3.0000e-02 
2.51180 1.3307e-01 7.6317e-02 -1.3297e-02 6.4444e-02 3.0000e-02 3.0000e-02 3.0000e-02 3.0000e-02 
1.58480 1.1283e-01 4.9543e-02 -5.5041e-03 1.4832e-01 3.0000e-02 3.0000e-02 3.0000e-02 3.0000e-02 
1030  1030  1.807  2.297  
19
1000.00000 -7.8324e-02 1.1349e-02 1.0701e-01 -2.7616e-02 3.0000e-02 3.0000e-02 3.0000e-02 3.0000e-02 
630.95000 -7.6531e-02 9.3922e-03 9.5976e-02 -2.8033e-02 3.0000e-02 3.0000e-02 3.0000e-02 3.0000e-02 
398.10000 -7.3382e-02 6.4962e-03 8.7619e-02 -2.1871e-02 3.0000e-02 3.0000e-02 3.0000e-02 3.0000e-02 
251.18000 -7.5282e-02 5.2153e-03 8.2143e-02 -1.0151e-02 3.0000e-02 3.0000e-02 3.0000e-02 3.0000e-02 
158.48000 -8.1343e-02 1.0044e-02 8.3531e-02 7.7523e-05 3.0000e-02 3.0000e-02 3.0000e-02 3.0000e-02 
100.00000 -8.3834e-02 2.3444e-02 9.1024e-02 3.5056e-03 3.0000e-02 3.0000e-02 3.0000e-02 3.0000e-02 
63.09500 -7.7850e-02 4.1320e-02 9.6904e-02 1.2522e-03 3.0000e-02 3.0000e-02 3.0000e-02 3.0000e-02 
39.81000 -5.9792e-02 6.6132e-02 8.5350e-02 -1.0111e-03 3.0000e-02 3.0000e-02 3.0000e-02 3.0000e-02 
6.30950 8.6300e-02 4.8052e-02 1.4272e-01 8.5067e-02 3.0000e-02 3.0000e-02 3.0000e-02 3.0000e-02 
3.98100 9.9708e-02 5.9981e-03 2.0537e-01 6.3639e-02 3.0000e-02 3.0000e-02 3.0000e-02 3.0000e-02 
2.51180 8.6714e-02 -2.5235e-02 2.2984e-01 8.3890e-03 3.0000e-02 3.0000e-02 3.0000e-02 3.0000e-02 
1.58480 7.2499e-02 -6.9060e-02 2.2939e-01 -5.1386e-02 3.0000e-02 3.0000e-02 3.0000e-02 3.0000e-02 
1.00000 4.9834e-02 -9.3761e-02 2.2709e-01 -9.2400e-02 3.0000e-02 3.0000e-02 3.0000e-02 3.0000e-02 
0.63095 3.6409e-02 -9.3580e-02 2.2278e-01 -1.7086e-01 3.0000e-02 3.0000e-02 3.0000e-02 3.0000e-02 
0.39810 1.6313e-02 -9.6620e-02 2.2035e-01 -1.8490e-01 3.0000e-02 3.0000e-02 3.0000e-02 3.0000e-02 
0.25118 1.2684e-02 -9.3406e-02 2.3062e-01 -8.8410e-02 3.0000e-02 3.0000e-02 3.0000e-02 3.0000e-02 
0.15848 3.8880e-02 -7.9971e-02 1.5176e-01 -8.8791e-02 3.0000e-02 3.0000e-02 3.0000e-02 3.0000e-02 
0.06309 -1.4553e-01 8.1910e-03 1.6810e-01 -2.7138e-02 3.0000e-02 3.0000e-02 3.0000e-02 3.0000e-02 
0.03981 -1.2257e-01 5.1082e-02 1.1417e-01 -5.7395e-02 3.0000e-02 3.0000e-02 3.0000e-02 3.0000e-02 
1031  1031  -2.560  -1.783  
17
1000.00000 -4.8698e-02 1.9894e-02 1.0976e-01 3.6583e-02 3.0000e-02 3.0000e-02 3.0000e-02 3.0000e-02 
630.95000 -2.9355e-02 7.3737e-03 7.8300e-02 5.4695e-03 3.0000e-02 3.0000e-02 3.0000e-02 3.0000e-02 
398.10000 -1.7124e-02 -5.4326e-04 5.8405e-02 -1.4205e-02 3.0000e-02 3.0000e-02 3.0000e-02 3.0000e-02 
251.18000 -9.3907e-03 -5.5488e-03 4.5825e-02 -2.6645e-02 3.0000e-02 3.0000e-02 3.0000e-02 3.0000e-02 
158.48000 -2.1825e-02 1.2012e-02 2.9992e-02 -9.1203e-03 3.0000e-02 3.0000e-02 3.0000e-02 3.0000e-02 
100.00000 -3.3577e-02 2.7769e-02 1.8214e-02 7.6621e-03 3.0000e-02 3.0000e-02 3.0000e-02 3.0000e-02 
63.09500 -4.1006e-02 3.7729e-02 1.0769e-02 1.8271e-02 3.0000e-02 3.0000e-02 3.0000e-02 3.0000e-02 
39.81000 -4.5700e-02 4.4022e-02 6.0643e-03 2.4974e-02 3.0000e-02 3.0000e-02 3.0000e-02 3.0000e-02 
25.11800 -4.8666e-02 4.7998e-02 3.0921e-03 2.9209e-02 3.0000e-02 3.0000e-02 3.0000e-02 3.0000e-02 
2.51180 9.4516e-02 -9.4592e-04 9.2578e-02 4.1115e-02 3.0000e-02 3.0000e-02 3.0000e-02 3.0000e-02 
1.58480 9.7938e-02 -6.6300e-02 8.6857e-02 4.3182e-02 3.0000e-02 3.0000e-02 3.0000e-02 3.0000e-02 
1.00000 1.3624e-01 -9.8746e-02 9.2732e-02 4.2823e-02 3.0000e-02 3.0000e-02 3.0000e-02 3.0000e-02 
0.63095 1.1451e-01 -9.4600e-02 1.0652e-01 3.4535e-02 3.0000e-02 3.0000e-02 3.0000e-02 3.0000e-02 
0.15848 -1.6531e-02 -1.7286e-01 1.0918e-01 6.4292e-03 3.0000e-02 3.0000e-02 3.0000e-02 3.0000e-02 
0.10000 -4.1169e-02 -9.7184e-02 9.0027e-02 1.6357e-02 3.0000e-02 3.0000e-02 3.0000e-02 3.0000e-02 
0.06309 -6.3775e-02 -4.5595e-02 1.0135e-01 2.1800e-02 3.0000e-02 3.0000e-02 3.0000e-02 3.0000e-02 
0.03981 -5.9384e-02 -2.9516e-02 1.2300e-01 2.2463e-02 3.0000e-02 3.0000e-02 3.0000e-02 3.0000e-02 
1032  1032  -2.741  -0.501  
17
1000.00000 -6.5402e-02 -1.3953e-02 -3.7594e-02 3.9924e-02 3.0000e-02 3.0000e-02 3.0000e-02 3.0000e-02 
630.95000 -5.8106e-02 -1.2643e-02 -2.6316e-02 2.0518e-02 3.0000e-02 3.0000e-02 3.0000e-02 3.0000e-02 
398.10000 -7.2558e-02 2.8359e-03 -1.9101e-02 5.9456e-03 3.0000e-02 3.0000e-02 3.0000e-02 3.0000e-02 
251.18000 -8.0664e-02 3.5948e-02 -2.3600e-02 -2.8848e-02 3.0000e-02 3.0000e-02 3.0000e-02 3.0000e-02 
158.48000 3.3941e-03 9.8833e-02 -1.2231e-02 -5.2013e-02 3.0000e-02 3.0000e-02 3.0000e-02 3.0000e-02 
100.00000 -2.6490e-02 7.7722e-02 3.8929e-02 -9.3306e-02 3.0000e-02 3.0000e-02 3.0000e-02 3.0000e-02 
63.09500 -1.7889e-02 2.2963e-02 2.0477e-02 -3.9027e-02 3.0000e-02 3.0000e-02 3.0000e-02 3.0000e-02 
39.81000 1.6355e-01 1.2531e-01 5.6583e-02 -4.7403e-02 3.0000e-02 3.0000e-02 3.0000e-02 3.0000e-02 
25.11800 3.1197e-01 1.4802e-01 2.8489e-02 -4.7150e-02 3.0000e-02 3.0000e-02 3.0000e-02 3.0000e-02 
15.84800 3.6651e-01 1.6346e-01 2.0933e-03 -3.3390e-02 3.0000e-02 3.0000e-02 3.0000e-02 3.0000e-02 
10.00000 3.8755e-01 1.8824e-01 -6.4757e-03 -2.3553e-02 3.0000e-02 3.0000e-02 3.0000e-02 3.0000e-02 
6.30950 2.8577e-01 1.1786e-01 4.6834e-02 5.8619e-04 3.0000e-02 3.0000e-02 3.0000e-02 3.0000e-02 
3.98100 1.6130e-01 2.8413e-02 1.1121e-01 2.5205e-02 3.0000e-02 3.0000e-02 3.0000e-02 3.0000e-02 
2.51180 9.0954e-02 -9.1232e-04 1.0099e-01 2.7237e-02 3.0000e-02 3.0000e-02 3.0000e-02 3.0000e-02 
1.58480 5.1793e-02 -2.1470e-03 6.2167e-02 1.9921e-02 3.0000e-02 3.0000e-02 3.0000e-02 3.0000e-02 
1.00000 2.7077e-02 -2.9261e-03 3.7662e-02 1.5303e-02 3.0000e-02 3.0000e-02 3.0000e-02 3.0000e-02 
0.63095 1.1475e-02 -3.4177e-03 2.2193e-02 1.2387e-02 3.0000e-02 3.0000e-02 3.0000e-02 3.0000e-02 
1033  1033  2.884  -2.179  
13
630.95000 -6.7953e-02 1.5073e-02 -5.1603e-02 -3.9080e-03 3.0000e-02 3.0000e-02 3.0000e-02 3.0000e-02 
398.10000 -7.8604e-02 1.0813e-02 -6.1972e-02 -2.2183e-02 3.0000e-02 3.0000e-02 3.0000e-02 3.0000e-02 
251.18000 -7.3034e-02 5.8938e-03 -7.2599e-02 -2.2060e-02 3.0000e-02 3.0000e-02 3.0000e-02 3.0000e-02 
158.48000 -6.9300e-02 -4.9884e-03 -8.5131e-02 -1.7888e-02 3.0000e-02 3.0000e-02 3.0000e-02 3.0000e-02 
100.00000 -7.3464e-02 -2.1225e-02 -9.0647e-02 -1.3981e-02 3.0000e-02 3.0000e-02 3.0000e-02 3.0000e-02 
63.09500 -1.0123e-01 -3.5189e-02 -9.3223e-02 -1.2400e-02 3.0000e-02 3.0000e-02 3.0000e-02 3.0000e-02 
25.11800 -1.1309e-01 -5.5195e-02 -8.4049e-02 -4.5044e-03 3.0000e-02 3.0000e-02 3.0000e-02 3.0000e-02 
15.84800 -1.4724e-01 -5.8023e-02 -7.7844e-02 9.6671e-03 3.0000e-02 3.0000e-02 3.0000e-02 3.0000e-02 
10.00000 -1.8577e-01 -3.7698e-02 -6.5437e-02 2.0940e-02 3.0000e-02 3.0000e-02 3.0000e-02 3.0000e-02 
6.30950 -1.9644e-01 8.3167e-03 -5.5020e-02 4.2621e-02 3.0000e-02 3.0000e-02 3.0000e-02 3.0000e-02 
3.98100 -1.7176e-01 2.5431e-02 -6.6976e-02 5.3009e-02 3.0000e-02 3.0000e-02 3.0000e-02 3.0000e-02 
2.51180 -7.8271e-02 5.0232e-02 -3.2080e-02 5.8110e-02 3.0000e-02 3.0000e-02 3.0000e-02 3.0000e-02 
1.58480 -3.1349e-02 2.7538e-02 -2.7648e-02 6.8634e-02 3.0000e-02 3.0000e-02 3.0000e-02 3.0000e-02 
1034  1034  -0.612  -0.896  
23
1000.00000 1.6558e-02 -2.7796e-02 5.8123e-02 -7.1255e-02 3.0000e-02 3.0000e-02 3.0000e-02 3.0000e-02 
630.95000 4.4383e-02 -4.6967e-02 5.3326e-02 -1.1017e-01 3.0000e-02 3.0000e-02 3.0000e-02 3.0000e-02 
398.10000 4.2571e-02 -7.0602e-02 9.1117e-03 -1.4128e-01 3.0000e-02 3.0000e-02 3.0000e-02 3.0000e-02 
251.18000 1.1632e-02 -1.1422e-01 -5.2230e-02 -1.7080e-01 3.0000e-02 3.0000e-02 3.0000e-02 3.0000e-02 
158.48000 -4.3323e-02 -1.4877e-01 -1.1949e-01 -1.7726e-01 3.0000e-02 3.0000e-02 3.0000e-02 3.0000e-02 
100.00000 -1.1451e-01 -1.6393e-01 -1.9115e-01 -1.5405e-01 3.0000e-02 3.0000e-02 3.0000e-02 3.0000e-02 
63.09500 -1.9477e-01 -1.6766e-01 -2.3872e-01 -1.1289e-01 3.0000e-02 3.0000e-02 3.0000e-02 3.0000e-02 
39.81000 -2.4278e-01 -9.9087e-02 -2.7592e-01 -4.1393e-02 3.0000e-02 3.0000e-02 3.0000e-02 3.0000e-02 
25.11800 -2.5700e-01 -2.1474e-02 -2.8303e-01 2.0047e-02 3.0000e-02 3.0000e-02 3.0000e-02 3.0000e-02 
15.84800 -2.3884e-01 5.0613e-02 -2.4349e-01 7.4877e-02 3.0000e-02 3.0000e-02 3.0000e-02 3.0000e-02 
10.00000 -1.9924e-01 1.0779e-01 -1.9518e-01 1.0953e-01 3.0000e-02 3.0000e-02 3.0000e-02 3.0000e-02 
6.30950 -1.4192e-01 1.3381e-01 -1.5382e-01 1.1013e-01 3.0000e-02 3.0000e-02 3.0000e-02 3.0000e-02 
3.98100 -8.0759e-02 1.2271e-01 -1.2456e-01 1.0592e-01 3.0000e-02 3.0000e-02 3.0000e-02 3.0000e-02 
2.51180 -6.5988e-02 8.7258e-02 -8.2350e-02 9.3512e-02 3.0000e-02 3.0000e-02 3.0000e-02 3.0000e-02 
1.58480 -8.2026e-02 5.4746e-02 -3.4600e-02 7.4076e-02 3.0000e-02 3.0000e-02 3.0000e-02 3.0000e-02 
1.00000 -9.2145e-02 3.4234e-02 -4.4740e-03 6.1814e-02 3.0000e-02 3.0000e-02 3.0000e-02 3.0000e-02 
0.63095 -9.8531e-02 2.1288e-02 1.4538e-02 5.4075e-02 3.0000e-02 3.0000e-02 3.0000e-02 3.0000e-02 
0.39810 -1.0256e-01 1.3121e-02 2.6533e-02 4.9192e-02 3.0000e-02 3.0000e-02 3.0000e-02 3.0000e-02 
0.25118 -1.0510e-01 7.9688e-03 3.4101e-02 4.6112e-02 3.0000e-02 3.0000e-02 3.0000e-02 3.0000e-02 
0.15848 -1.0670e-01 4.7183e-03 3.8874e-02 4.4169e-02 3.0000e-02 3.0000e-02 3.0000e-02 3.0000e-02 
0.10000 -1.0772e-01 2.6688e-03 4.1885e-02 4.2944e-02 3.0000e-02 3.0000e-02 3.0000e-02 3.0000e-02 
0.06309 -1.0835e-01 1.3763e-03 4.3784e-02 4.2171e-02 3.0000e-02 3.0000e-02 3.0000e-02 3.0000e-02 
0.03981 -1.0876e-01 5.6088e-04 4.4981e-02 4.1683e-02 3.0000e-02 3.0000e-02 3.0000e-02 3.0000e-02 
1035  1035  -1.985  -2.653  
10
630.95000 1.9028e-02 -3.4724e-02 4.5875e-02 1.6717e-01 3.0000e-02 3.0000e-02 3.0000e-02 3.0000e-02 
158.48000 -3.3379e-02 -3.7479e-02 1.6586e-01 6.0406e-02 3.0000e-02 3.0000e-02 3.0000e-02 3.0000e-02 
100.00000 -4.3900e-02 -1.7195e-02 1.7310e-01 1.6726e-02 3.0000e-02 3.0000e-02 3.0000e-02 3.0000e-02 
39.81000 -9.9292e-02 2.4701e-03 1.5154e-01 -2.2190e-02 3.0000e-02 3.0000e-02 3.0000e-02 3.0000e-02 
25.11800 -7.8690e-02 3.5322e-02 1.3833e-01 -2.7387e-02 3.0000e-02 3.0000e-02 3.0000e-02 3.0000e-02 
15.84800 -6.2998e-02 6.7164e-02 1.2410e-01 -2.1788e-02 3.0000e-02 3.0000e-02 3.0000e-02 3.0000e-02 
10.00000 -2.9701e-02 9.8904e-02 1.1973e-01 -8.4969e-03 3.0000e-02 3.0000e-02 3.0000e-02 3.0000e-02 
6.30950 1.5934e-02 1.4037e-01 1.3663e-01 1.0968e-02 3.0000e-02 3.0000e-02 3.0000e-02 3.0000e-02 
3.98100 8.7422e-02 1.4763e-01 1.6521e-01 2.3149e-02 3.0000e-02 3.0000e-02 3.0000e-02 3.0000e-02 
2.51180 1.4016e-01 6.9941e-02 1.8897e-01 3.8793e-02 3.0000e-02 3.0000e-02 3.0000e-02 3.0000e-02 
1036  1036  -3.390  -0.400  
12
1000.00000 -7.4240e-02 5.4120e-02 1.9540e-01 6.4968e-02 3.0000e-02 3.0000e-02 3.0000e-02 3.0000e-02 
630.95000 -7.2967e-02 5.5159e-02 2.0762e-01 6.3287e-02 3.0000e-02 3.0000e-02 3.0000e-02 3.0000e-02 
398.10000 -7.9089e-02 3.4657e-02 2.1789e-01 9.1388e-02 3.0000e-02 3.0000e-02 3.0000e-02 3.0000e-02 
251.18000 -1.0566e-01 4.7878e-02 2.2488e-01 7.4269e-02 3.0000e-02 3.0000e-02 3.0000e-02 3.0000e-02 
158.48000 -1.9409e-01 1.0510e-01 2.1784e-01 4.8470e-02 3.0000e-02 3.0000e-02 3.0000e-02 3.0000e-02 
100.00000 -2.6497e-01 2.0431e-01 2.0310e-01 4.2526e-02 3.0000e-02 3.0000e-02 3.0000e-02 3.0000e-02 
63.09500 -4.3219e-02 3.2065e-01 2.1186e-01 1.3660e-02 3.0000e-02 3.0000e-02 3.0000e-02 3.0000e-02 
39.81000 1.5721e-01 3.1368e-01 2.0515e-01 6.7834e-02 3.0000e-02 3.0000e-02 3.0000e-02 3.0000e-02 
25.11800 2.6047e-01 2.5796e-01 1.9773e-01 1.0352e-01 3.0000e-02 3.0000e-02 3.0000e-02 3.0000e-02 
15.84800 2.8950e-01 1.4696e-01 2.0121e-01 6.5649e-02 3.0000e-02 3.0000e-02 3.0000e-02 3.0000e-02 
10.00000 2.9072e-01 7.9361e-02 1.9625e-01 4.1055e-02 3.0000e-02 3.0000e-02 3.0000e-02 3.0000e-02 
6.30950 3.2460e-01 4.9525e-02 1.9360e-01 4.0096e-02 3.0000e-02 3.0000e-02 3.0000e-02 3.0000e-02 
1037  1037  1.586  1.342  
11
1000.00000 -8.8513e-02 5.1475e-02 -1.5228e-01 -7.2972e-02 3.0000e-02 3.0000e-02 3.0000e-02 3.0000e-02 
630.95000 -4.0781e-02 4.5943e-02 -1.7810e-01 -7.4178e-02 3.0000e-02 3.0000e-02 3.0000e-02 3.0000e-02 
398.10000 1.0482e-02 3.7061e-02 -1.6794e-01 -4.1124e-02 3.0000e-02 3.0000e-02 3.0000e-02 3.0000e-02 
251.18000 2.0699e-02 4.4738e-03 -1.5272e-01 -6.1469e-02 3.0000e-02 3.0000e-02 3.0000e-02 3.0000e-02 
158.48000 -1.2893e-03 -2.4608e-02 -1.7572e-01 -1.1874e-01 3.0000e-02 3.0000e-02 3.0000e-02 3.0000e-02 
100.00000 -3.2062e-02 -3.3251e-02 -2.2788e-01 -1.8659e-01 3.0000e-02 3.0000e-02 3.0000e-02 3.0000e-02 
63.09500 -7.6720e-02 7.8913e-03 -3.5180e-01 -2.4243e-01 3.0000e-02 3.0000e-02 3.0000e-02 3.0000e-02 
2.51180 9.4185e-02 6.9083e-02 -2.8570e-01 2.7196e-01 3.0000e-02 3.0000e-02 3.0000e-02 3.0000e-02 
1.58480 1.2988e-01 5.7403e-02 -1.8009e-01 1.9764e-01 3.0000e-02 3.0000e-02 3.0000e-02 3.0000e-02 
1.00000 2.0950e-01 -6.5104e-03 -1.1578e-01 1.5280e-01 3.0000e-02 3.0000e-02 3.0000e-02 3.0000e-02 
0.63095 2.1972e-01 -1.5152e-02 -1.1580e-01 1.5115e-01 3.0000e-02 3.0000e-02 3.0000e-02 3.0000e-02 
1038  1038  1.047  2.401  
8
39.81000 -5.8840e-02 -1.6243e-01 -6.2271e-02 -1.1217e-01 3.0000e-02 3.0000e-02 3.0000e-02 3.0000e-02 
25.11800 -2.4759e-02 1.3915e-01 -7.5689e-02 -9.6629e-02 3.0000e-02 3.0000e-02 3.0000e-02 3.0000e-02 
15.84800 1.9248e-02 1.7907e-01 -1.2470e-01 -4.6015e-02 3.0000e-02 3.0000e-02 3.0000e-02 3.0000e-02 
10.00000 1.0315e-01 1.6521e-01 -1.1476e-01 3.5215e-02 3.0000e-02 3.0000e-02 3.0000e-02 3.0000e-02 
6.30950 1.9067e-01 1.5071e-01 -7.5753e-02 1.0877e-01 3.0000e-02 3.0000e-02 3.0000e-02 3.0000e-02 
3.98100 2.8541e-01 1.2401e-01 1.0060e-02 1.1537e-01 3.0000e-02 3.0000e-02 3.0000e-02 3.0000e-02 
2.51180 2.6812e-01 3.5964e-02 1.0538e-01 8.5910e-02 3.0000e-02 3.0000e-02 3.0000e-02 3.0000e-02 
1.58480 3.4695e-01 -1.1197e-01 1.7249e-01 1.6182e-02 3.0000e-02 3.0000e-02 3.0000e-02 3.0000e-02 
1039  1039  0.838  -1.300  
19
630.95000 -3.6228e-02 6.7787e-02 -4.2965e-02 5.9573e-02 3.0000e-02 3.0000e-02 3.0000e-02 3.0000e-02 
398.10000 5.4175e-03 8.9275e-02 -1.8828e-02 6.9096e-02 3.0000e-02 3.0000e-02 3.0000e-02 3.0000e-02 
251.18000 3.5172e-02 8.7425e-02 -4.6491e-03 8.4356e-02 3.0000e-02 3.0000e-02 3.0000e-02 3.0000e-02 
158.48000 6.4912e-02 8.1937e-02 1.7685e-02 1.1057e-01 3.0000e-02 3.0000e-02 3.0000e-02 3.0000e-02 
100.00000 8.8810e-02 8.1669e-02 5.6496e-02 1.4212e-01 3.0000e-02 3.0000e-02 3.0000e-02 3.0000e-02 
63.09500 1.1824e-01 8.7065e-02 1.0210e-01 1.7183e-01 3.0000e-02 3.0000e-02 3.0000e-02 3.0000e-02 
39.81000 1.4613e-01 9.0927e-02 1.8121e-01 1.9713e-01 3.0000e-02 3.0000e-02 3.0000e-02 3.0000e-02 
25.11800 1.7761e-01 8.9772e-02 2.5466e-01 1.9838e-01 3.0000e-02 3.0000e-02 3.0000e-02 3.0000e-02 
15.84800 2.0162e-01 6.9491e-02 3.1481e-01 1.6922e-01 3.0000e-02 3.0000e-02 3.0000e-02 3.0000e-02 
10.00000 2.2331e-01 2.9436e-02 3.8556e-01 1.4310e-01 3.0000e-02 3.0000e-02 3.0000e-02 3.0000e-02 
6.30950 2.2497e-01 4.8790e-04 4.3927e-01 9.8236e-02 3.0000e-02 3.0000e-02 3.0000e-02 3.0000e-02 
3.98100 1.9301e-01 -4.7171e-02 4.5523e-01 4.2342e-02 3.0000e-02 3.0000e-02 3.0000e-02 3.0000e-02 
2.51180 1.7166e-01 -7.4987e-02 4.4623e-01 -4.0989e-03 3.0000e-02 3.0000e-02 3.0000e-02 3.0000e-02 
1.58480 1.5681e-01 -8.4805e-02 4.2293e-01 -3.2901e-02 3.0000e-02 3.0000e-02 3.0000e-02 3.0000e-02 
1.00000 1.3613e-01 -1.1488e-01 4.0206e-01 -4.0722e-02 3.0000e-02 3.0000e-02 3.0000e-02 3.0000e-02 
0.39810 6.8394e-02 -1.2760e-01 3.7158e-01 -4.9122e-02 3.0000e-02 3.0000e-02 3.0000e-02 3.0000e-02 
0.25118 5.3454e-02 -1.2453e-01 3.8862e-01 -3.7828e-02 3.0000e-02 3.0000e-02 3.0000e-02 3.0000e-02 
0.06309 -7.1250e-02 -1.1726e-01 2.6815e-01 -9.1133e-02 3.0000e-02 3.0000e-02 3.0000e-02 3.0000e-02 
0.03981 -6.3644e-02 -4.5842e-02 2.7817e-01 -2.2188e-02 3.0000e-02 3.0000e-02 3.0000e-02 3.0000e-02 
1040  1040  2.569  2.441  
23
1000.00000 -1.0484e-01 1.6396e-01 1.0401e-01 -1.0814e-01 3.0000e-02 3.0000e-02 3.0000e-02 3.0000e-02 
630.95000 -1.3093e-01 1.8069e-01 1.2851e-01 -8.2172e-02 3.0000e-02 3.0000e-02 3.0000e-02 3.0000e-02 
398.10000 -1.2756e-01 1.5106e-01 1.3795e-01 -6.2678e-02 3.0000e-02 3.0000e-02 3.0000e-02 3.0000e-02 
251.18000 -1.1120e-01 1.2108e-01 1.4022e-01 -7.0191e-02 3.0000e-02 3.0000e-02 3.0000e-02 3.0000e-02 
158.48000 -9.5845e-02 9.2107e-02 1.3127e-01 -1.0455e-01 3.0000e-02 3.0000e-02 3.0000e-02 3.0000e-02 
100.00000 -8.3703e-02 7.6327e-02 9.7749e-02 -1.5018e-01 3.0000e-02 3.0000e-02 3.0000e-02 3.0000e-02 
63.09500 -7.2737e-02 7.1136e-02 4.0272e-02 -1.8745e-01 3.0000e-02 3.0000e-02 3.0000e-02 3.0000e-02 
39.81000 -5.4747e-02 7.1438e-02 -4.0932e-02 -2.0507e-01 3.0000e-02 3.0000e-02 3.0000e-02 3.0000e-02 
25.11800 -3.5244e-02 7.9997e-02 -1.4094e-01 -2.0769e-01 3.0000e-02 3.0000e-02 3.0000e-02 3.0000e-02 
15.84800 -1.0048e-02 8.9936e-02 -2.1633e-01 -1.9520e-01 3.0000e-02 3.0000e-02 3.0000e-02 3.0000e-02 
10.00000 2.2465e-02 1.0289e-01 -2.7351e-01 -1.5908e-01 3.0000e-02 3.0000e-02 3.0000e-02 3.0000e-02 
6.30950 5.5431e-02 1.0289e-01 -3.2488e-01 -1.0602e-01 3.0000e-02 3.0000e-02 3.0000e-02 3.0000e-02 
3.98100 8.6344e-02 8.9029e-02 -3.5304e-01 -3.8981e-02 3.0000e-02 3.0000e-02 3.0000e-02 3.0000e-02 
2.51180 1.2647e-01 7.2844e-02 -3.4351e-01 3.8647e-02 3.0000e-02 3.0000e-02 3.0000e-02 3.0000e-02 
1.58480 1.1894e-01 5.2720e-02 -3.0131e-01 9.8442e-02 3.0000e-02 3.0000e-02 3.0000e-02 3.0000e-02 
1.00000 1.2556e-01 1.4338e-02 -2.4272e-01 1.1498e-01 3.0000e-02 3.0000e-02 3.0000e-02 3.0000e-02 
0.63095 1.4620e-01 -3.5438e-02 -1.8991e-01 1.0573e-01 3.0000e-02 3.0000e-02 3.0000e-02 3.0000e-02 
0.39810 1.1268e-01 -8.0406e-02 -1.4988e-01 8.2436e-02 3.0000e-02 3.0000e-02 3.0000e-02 3.0000e-02 
0.25118 6.7987e-02 -1.2167e-01 -1.1474e-01 5.4715e-02 3.0000e-02 3.0000e-02 3.0000e-02 3.0000e-02 
0.15848 2.1260e-02 -1.2157e-01 -9.4506e-02 3.9510e-02 3.0000e-02 3.0000e-02 3.0000e-02 3.0000e-02 
0.10000 -2.2585e-02 -8.1011e-02 -9.4239e-02 3.2719e-02 3.0000e-02 3.0000e-02 3.0000e-02 3.0000e-02 
0.06309 -6.2567e-02 -5.9936e-02 -9.0130e-02 5.0166e-02 3.0000e-02 3.0000e-02 3.0000e-02 3.0000e-02 
0.03981 -8.6946e-02 -3.9714e-02 -6.7553e-02 8.9090e-02 3.0000e-02 3.0000e-02 3.0000e-02 3.0000e-02 
1041  1041  -2.028  2.833  
15
630.95000 1.3904e-01 1.9800e-02 2.1116e-01 2.0780e-02 3.0000e-02 3.0000e-02 3.0000e-02 3.0000e-02 
398.10000 1.2858e-01 2.6361e-03 2.2811e-01 -1.0399e-03 3.0000e-02 3.0000e-02 3.0000e-02 3.0000e-02 
251.18000 1.2504e-01 -1.4136e-02 2.3953e-01 -2.6056e-02 3.0000e-02 3.0000e-02 3.0000e-02 3.0000e-02 
63.09500 5.6652e-02 -1.7173e-02 1.5391e-01 -6.5949e-02 3.0000e-02 3.0000e-02 3.0000e-02 3.0000e-02 
39.81000 4.4614e-02 -7.1709e-03 9.9482e-02 -5.9016e-02 3.0000e-02 3.0000e-02 3.0000e-02 3.0000e-02 
25.11800 4.0240e-02 1.3192e-02 6.9940e-02 -4.4655e-02 3.0000e-02 3.0000e-02 3.0000e-02 3.0000e-02 
15.84800 5.4038e-02 4.2173e-02 5.5074e-02 -3.0276e-02 3.0000e-02 3.0000e-02 3.0000e-02 3.0000e-02 
10.00000 7.7217e-02 7.1431e-02 5.5440e-02 -2.3000e-02 3.0000e-02 3.0000e-02 3.0000e-02 3.0000e-02 
6.30950 8.7399e-02 8.7576e-02 4.2775e-02 -3.1279e-02 3.0000e-02 3.0000e-02 3.0000e-02 3.0000e-02 
3.98100 5.4510e-02 6.9301e-02 -9.8033e-03 -6.2700e-02 3.0000e-02 3.0000e-02 3.0000e-02 3.0000e-02 
1.00000 2.0656e-01 -5.7640e-02 1.3167e-02 -4.1059e-02 3.0000e-02 3.0000e-02 3.0000e-02 3.0000e-02 
0.63095 1.8647e-01 -7.0956e-02 -4.7026e-02 -2.8990e-02 3.0000e-02 3.0000e-02 3.0000e-02 3.0000e-02 
0.39810 1.3844e-01 -3.1798e-02 -6.9296e-02 -6.6154e-03 3.0000e-02 3.0000e-02 3.0000e-02 3.0000e-02 
0.25118 9.7067e-02 2.9609e-02 -7.3905e-02 -2.2906e-02 3.0000e-02 3.0000e-02 3.0000e-02 3.0000e-02 
0.15848 6.2617e-02 7.4405e-02 -6.4181e-02 -9.0879e-03 3.0000e-02 3.0000e-02 3.0000e-02 3.0000e-02 
1042  1042  -1.086  1.998  
16
630.95000 -1.0351e-02 2.8220e-03 4.0263e-02 -2.6631e-02 3.0000e-02 3.0000e-02 3.0000e-02 3.0000e-02 
398.10000 -1.1148e-02 5.6603e-03 3.0199e-02 -2.7610e-02 3.0000e-02 3.0000e-02 3.0000e-02 3.0000e-02 
251.18000 -1.0043e-02 8.8439e-03 1.8102e-02 -2.4646e-02 3.0000e-02 3.0000e-02 3.0000e-02 3.0000e-02 
158.48000 -8.5560e-03 1.3164e-02 7.6683e-03 -1.6388e-02 3.0000e-02 3.0000e-02 3.0000e-02 3.0000e-02 
100.00000 -6.8030e-03 1.7940e-02 2.1516e-03 -4.0549e-03 3.0000e-02 3.0000e-02 3.0000e-02 3.0000e-02 
63.09500 -5.6742e-03 2.0613e-02 2.4790e-03 3.9783e-03 3.0000e-02 3.0000e-02 3.0000e-02 3.0000e-02 
39.81000 -1.3838e-03 3.2036e-02 1.3589e-02 9.7145e-03 3.0000e-02 3.0000e-02 3.0000e-02 3.0000e-02 
25.11800 4.3755e-03 5.3548e-02 2.4528e-02 9.9749e-03 3.0000e-02 3.0000e-02 3.0000e-02 3.0000e-02 
15.84800 3.8612e-02 6.4564e-02 2.5662e-02 1.2616e-02 3.0000e-02 3.0000e-02 3.0000e-02 3.0000e-02 
10.00000 6.6896e-02 8.3469e-02 1.9306e-02 1.4734e-02 3.0000e-02 3.0000e-02 3.0000e-02 3.0000e-02 
6.30950 9.9398e-02 8.6446e-02 1.9241e-02 1.5732e-02 3.0000e-02 3.0000e-02 3.0000e-02 3.0000e-02 
3.98100 1.3680e-01 7.3001e-02 2.6509e-02 1.6620e-02 3.0000e-02 3.0000e-02 3.0000e-02 3.0000e-02 
2.51180 1.7046e-01 4.7060e-02 3.7178e-02 1.8148e-02 3.0000e-02 3.0000e-02 3.0000e-02 3.0000e-02 
1.58480 1.7904e-01 2.5478e-02 3.9969e-02 3.6191e-02 3.0000e-02 3.0000e-02 3.0000e-02 3.0000e-02 
1.00000 1.6533e-01 2.1636e-02 4.8087e-02 3.3297e-02 3.0000e-02 3.0000e-02 3.0000e-02 3.0000e-02 
0.63095 1.4778e-01 -2.8354e-02 6.3436e-02 2.0336e-02 3.0000e-02 3.0000e-02 3.0000e-02 3.0000e-02 
1043  1043  1.514  -3.332  
12
1000.00000 7.6385e-02 8.8836e-02 5.2311e-02 2.8678e-02 3.0000e-02 3.0000e-02 3.0000e-02 3.0000e-02 
630.95000 8.0602e-02 7.2178e-02 6.8277e-02 3.1626e-02 3.0000e-02 3.0000e-02 3.0000e-02 3.0000e-02 
398.10000 1.1486e-01 6.5953e-02 8.4144e-02 2.2831e-02 3.0000e-02 3.0000e-02 3.0000e-02 3.0000e-02 
251.18000 1.4283e-01 4.5877e-02 9.8765e-02 -1.7996e-03 3.0000e-02 3.0000e-02 3.0000e-02 3.0000e-02 
158.48000 1.5767e-01 2.1180e-02 9.7270e-02 -3.2234e-02 3.0000e-02 3.0000e-02 3.0000e-02 3.0000e-02 
100.00000 1.6147e-01 -1.3452e-02 7.4352e-02 -6.4418e-02 3.0000e-02 3.0000e-02 3.0000e-02 3.0000e-02 
63.09500 1.5181e-01 -4.8750e-02 3.2977e-02 -8.3487e-02 3.0000e-02 3.0000e-02 3.0000e-02 3.0000e-02 
39.81000 1.1733e-01 -7.4126e-02 -1.6915e-02 -7.9697e-02 3.0000e-02 3.0000e-02 3.0000e-02 3.0000e-02 
25.11800 8.5244e-02 -8.5104e-02 -4.7929e-02 -4.6742e-02 3.0000e-02 3.0000e-02 3.0000e-02 3.0000e-02 
15.84800 5.2935e-02 -8.8640e-02 -4.1614e-02 -3.1051e-03 3.0000e-02 3.0000e-02 3.0000e-02 3.0000e-02 
10.00000 7.7037e-03 -6.3990e-02 -4.6183e-02 3.5815e-02 3.0000e-02 3.0000e-02 3.0000e-02 3.0000e-02 
6.30950 -2.2515e-02 -3.3140e-02 -1.9518e-02 4.5664e-02 3.0000e-02 3.0000e-02 3.0000e-02 3.0000e-02 
1044  1044  0.704  1.116  
17
1000.00000 -1.1723e-01 3.6050e-02 -2.0912e-02 6.0470e-02 3.0000e-02 3.0000e-02 3.0000e-02 3.0000e-02 
630.95000 -1.3167e-01 4.3091e-02 -1.7252e-02 7.2823e-02 3.0000e-02 3.0000e-02 3.0000e-02 3.0000e-02 
398.10000 -1.4079e-01 4.7541e-02 -1.4940e-02 8.0629e-02 3.0000e-02 3.0000e-02 3.0000e-02 3.0000e-02 
251.18000 -1.4655e-01 5.0351e-02 -1.3479e-02 8.5561e-02 3.0000e-02 3.0000e-02 3.0000e-02 3.0000e-02 
158.48000 -1.4503e-01 6.2942e-02 -8.5560e-03 8.2720e-02 3.0000e-02 3.0000e-02 3.0000e-02 3.0000e-02 
100.00000 -1.0759e-01 1.0090e-01 9.2462e-03 6.0473e-02 3.0000e-02 3.0000e-02 3.0000e-02 3.0000e-02 
63.09500 -4.2865e-03 1.3005e-01 3.9782e-02 5.3710e-02 3.0000e-02 3.0000e-02 3.0000e-02 3.0000e-02 
39.81000 9.6239e-02 1.4554e-01 6.6605e-02 5.7624e-02 3.0000e-02 3.0000e-02 3.0000e-02 3.0000e-02 
25.11800 1.6266e-01 1.5507e-01 8.4192e-02 6.0901e-02 3.0000e-02 3.0000e-02 3.0000e-02 3.0000e-02 
15.84800 2.0760e-01 1.5232e-01 9.8889e-02 5.9482e-02 3.0000e-02 3.0000e-02 3.0000e-02 3.0000e-02 
10.00000 2.4800e-01 1.0870e-01 1.2395e-01 4.2349e-02 3.0000e-02 3.0000e-02 3.0000e-02 3.0000e-02 
6.30950 2.7037e-01 4.6689e-02 1.4614e-01 1.9907e-02 3.0000e-02 3.0000e-02 3.0000e-02 3.0000e-02 
3.98100 2.5196e-01 1.1959e-04 1.5393e-01 2.4819e-03 3.0000e-02 3.0000e-02 3.0000e-02 3.0000e-02 
2.51180 2.5278e-01 -3.5894e-02 1.3977e-01 -2.1865e-02 3.0000e-02 3.0000e-02 3.0000e-02 3.0000e-02 
1.58480 1.9398e-01 -1.2051e-01 1.3539e-01 -8.2594e-02 3.0000e-02 3.0000e-02 3.0000e-02 3.0000e-02 
1.00000 9.8549e-02 -1.5930e-01 2.0507e-01 -1.0156e-01 3.0000e-02 3.0000e-02 3.0000e-02 3.0000e-02 
0.63095 4.0097e-02 -1.2791e-01 2.7755e-01 -3.8596e-02 3.0000e-02 3.0000e-02 3.0000e-02 3.0000e-02 
1045  1045  1.990  0.636  
13
1000.00000 -1.9684e-01 6.1260e-03 -2.1993e-01 -5.9470e-02 3.0000e-02 3.0000e-02 3.0000e-02 3.0000e-02 
630.95000 -2.1210e-01 1.3147e-02 -2.5715e-01 -5.7246e-02 3.0000e-02 3.0000e-02 3.0000e-02 3.0000e-02 
398.10000 -8.9125e-02 4.1338e-02 -3.0390e-01 -3.3400e-02 3.0000e-02 3.0000e-02 3.0000e-02 3.0000e-02 
251.18000 -1.0618e-02 6.5890e-02 -3.3361e-01 -3.7203e-03 3.0000e-02 3.0000e-02 3.0000e-02 3.0000e-02 
158.48000 3.2344e-02 7.7061e-02 -3.4165e-01 3.2266e-02 3.0000e-02 3.0000e-02 3.0000e-02 3.0000e-02 
100.00000 6.2135e-02 7.6463e-02 -3.3177e-01 6.8463e-02 3.0000e-02 3.0000e-02 3.0000e-02 3.0000e-02 
63.09500 1.4506e-02 6.6854e-02 -3.0825e-01 9.8059e-02 3.0000e-02 3.0000e-02 3.0000e-02 3.0000e-02 
39.81000 6.9186e-02 5.2301e-02 -2.6205e-01 1.3510e-01 3.0000e-02 3.0000e-02 3.0000e-02 3.0000e-02 
25.11800 1.0274e-01 4.3759e-02 -2.1958e-01 1.5541e-01 3.0000e-02 3.0000e-02 3.0000e-02 3.0000e-02 
15.84800 1.1721e-01 2.8088e-02 -1.5230e-01 1.7734e-01 3.0000e-02 3.0000e-02 3.0000e-02 3.0000e-02 
10.00000 1.3227e-01 1.1624e-02 -8.0507e-02 1.7689e-01 3.0000e-02 3.0000e-02 3.0000e-02 3.0000e-02 
6.30950 1.3470e-01 -6.2896e-03 -2.2031e-02 1.6075e-01 3.0000e-02 3.0000e-02 3.0000e-02 3.0000e-02 
3.98100 5.4175e-02 -3.9145e-02 3.9956e-02 1.6130e-01 3.0000e-02 3.0000e-02 3.0000e-02 3.0000e-02 
1046  1046  3.722  -0.170  
13
1000.00000 -6.5124e-03 -5.3320e-04 -9.9638e-02 1.0900e-02 3.0000e-02 3.0000e-02 3.0000e-02 3.0000e-02 
630.95000 -2.7087e-03 3.7080e-04 -1.0214e-01 1.0829e-02 3.0000e-02 3.0000e-02 3.0000e-02 3.0000e-02 
398.10000 1.2819e-03 -2.9313e-03 -1.0558e-01 1.6354e-02 3.0000e-02 3.0000e-02 3.0000e-02 3.0000e-02 
251.18000 2.3537e-03 -1.2464e-02 -1.0586e-01 3.0002e-02 3.0000e-02 3.0000e-02 3.0000e-02 3.0000e-02 
158.48000 -4.3103e-03 -2.5054e-02 -9.7345e-02 5.0325e-02 3.0000e-02 3.0000e-02 3.0000e-02 3.0000e-02 
100.00000 -1.9962e-02 -3.5069e-02 -7.6514e-02 7.0604e-02 3.0000e-02 3.0000e-02 3.0000e-02 3.0000e-02 
63.09500 -3.9152e-02 -3.9765e-02 -5.0197e-02 8.4815e-02 3.0000e-02 3.0000e-02 3.0000e-02 3.0000e-02 
39.81000 -6.0462e-02 -3.2361e-02 -2.5417e-02 9.1274e-02 3.0000e-02 3.0000e-02 3.0000e-02 3.0000e-02 
25.11800 -7.0771e-02 -2.1374e-02 5.0757e-03 1.0435e-01 3.0000e-02 3.0000e-02 3.0000e-02 3.0000e-02 
15.84800 -7.9601e-02 -7.9546e-03 5.2867e-02 1.1345e-01 3.0000e-02 3.0000e-02 3.0000e-02 3.0000e-02 
10.00000 -7.7814e-02 1.5471e-02 1.0680e-01 1.1646e-01 3.0000e-02 3.0000e-02 3.0000e-02 3.0000e-02 
6.30950 -7.7444e-02 5.7283e-02 1.5458e-01 5.6608e-02 3.0000e-02 3.0000e-02 3.0000e-02 3.0000e-02 
3.98100 -8.6954e-02 5.2038e-02 1.5670e-01 -3.8006e-02 3.0000e-02 3.0000e-02 3.0000e-02 3.0000e-02 
END