MT,
     StaID,        Freq[Hz],     Re(Zxx)_Cal,     Im(Zxx)_Cal,     Re(Zxy)_Cal,     Im(Zxy)_Cal,     Re(Zyx)_Cal,     Im(Zyx)_Cal,     Re(Zyy)_Cal,     Im(Zyy)_Cal,     Re(Zxx)_Res,     Im(Zxx)_Res,     Re(Zxy)_Res,     Im(Zxy)_Res,     Re(Zyx)_Res,     Im(Zyx)_Res,     Re(Zyy)_Res,     Im(Zyy)_Res,     Re(Zxx)_Obs,     Im(Zxx)_Obs,     Re(Zxy)_Obs,     Im(Zxy)_Obs,     Re(Zyx)_Obs,     Im(Zyx)_Obs,     Re(Zyy)_Obs,     Im(Zyy)_Obs,      Re(Zxx)_SD,      Im(Zxx)_SD,      Re(Zxy)_SD,      Im(Zxy)_SD,      Re(Zyx)_SD,      Im(Zyx)_SD,      Re(Zyy)_SD,      Im(Zyy)_SD,
         1,    1.000000e+00,   -1.646514e-02,    5.001885e-03,    1.592850e-02,   -1.083026e-02,   -4.616994e-02,    2.213825e-02,    1.432495e-02,   -5.652937e-03,   -7.299892e-01,    3.863543e-01,   -1.142613e+00,    8.977444e-01,    8.840248e-02,   -2.493143e+00,    4.874767e-01,    9.463293e-02,   -1.846400e-02,    6.059800e-03,    1.426200e-02,   -9.520900e-03,   -4.604100e-02,    1.850200e-02,    1.646600e-02,   -5.237300e-03,    2.738200e-03,    2.738200e-03,    1.458500e-03,    1.458500e-03,    1.458500e-03,    1.458500e-03,    4.392100e-03,    4.392100e-03,
         1,    1.584800e+00,   -1.834977e-02,    4.081038e-03,    1.871405e-02,   -1.438422e-02,   -5.272656e-02,    2.378684e-02,    1.595425e-02,   -6.662969e-03,   -6.378011e-01,    1.566838e-01,   -3.936273e-01,    3.439554e-01,    1.165845e+00,   -1.140551e+00,    4.475087e-01,   -2.475658e-01,   -2.043500e-02,    4.593300e-03,    1.801800e-02,   -1.377600e-02,   -5.066500e-02,    2.177000e-02,    1.817300e-02,   -7.890400e-03,    3.269400e-03,    3.269400e-03,    1.768300e-03,    1.768300e-03,    1.768300e-03,    1.768300e-03,    4.958000e-03,    4.958000e-03,
         1,    2.511800e+00,   -1.986138e-02,    2.476354e-03,    2.296274e-02,   -1.873665e-02,   -5.976833e-02,    2.539460e-02,    1.795085e-02,   -7.732925e-03,   -3.302599e-01,    5.603889e-02,   -6.237790e-01,    7.847499e-02,    1.143270e+00,   -2.717340e-01,    3.665025e-01,   -4.975134e-01,   -2.108100e-02,    2.683300e-03,    2.164600e-02,   -1.857100e-02,   -5.735500e-02,    2.482100e-02,    2.001800e-02,   -1.053900e-02,    3.692900e-03,    3.692900e-03,    2.110900e-03,    2.110900e-03,    2.110900e-03,    2.110900e-03,    5.640200e-03,    5.640200e-03,
         1,    3.981000e+00,   -2.034968e-02,    2.844436e-04,    2.901839e-02,   -2.337470e-02,   -6.674530e-02,    2.690282e-02,    2.017059e-02,   -8.862927e-03,   -2.662600e-01,   -9.356892e-02,   -7.336204e-01,    2.830830e-01,    3.234954e-01,    2.550351e-01,    4.057553e-01,   -7.552064e-01,   -2.145000e-02,   -1.022300e-04,    2.717400e-02,   -2.266300e-02,   -6.593200e-02,    2.754400e-02,    2.282800e-02,   -1.380900e-02,    4.132500e-03,    4.132500e-03,    2.514100e-03,    2.514100e-03,    2.514100e-03,    2.514100e-03,    6.549300e-03,    6.549300e-03,
         2,    1.000000e+00,   -1.249545e-02,    2.871858e-03,    1.509567e-02,   -1.190219e-02,   -1.847012e-02,    1.169207e-02,    1.805353e-03,    6.889301e-04,    4.993103e-02,    1.557377e-01,   -4.416128e-02,   -5.422130e-02,    4.886636e-01,   -2.138111e+00,    1.042673e+00,    6.085192e-01,   -1.237800e-02,    3.238200e-03,    1.488000e-02,   -1.216700e-02,   -1.798400e-02,    9.565100e-03,    3.113700e-03,    1.452500e-03,    2.352300e-03,    2.352300e-03,    4.883800e-03,    4.883800e-03,    9.947900e-04,    9.947900e-04,    1.254800e-03,    1.254800e-03,
         2,    1.584800e+00,   -1.375424e-02,    1.758588e-03,    1.789359e-02,   -1.623224e-02,   -2.151469e-02,    1.373975e-02,    1.656923e-03,    1.220359e-03,    7.337219e-01,    5.469776e-01,   -6.006441e-01,    2.582580e-01,    1.530304e+00,   -1.607383e+00,    1.097588e+00,    6.517555e-01,   -1.197900e-02,    3.082000e-03,    1.483000e-02,   -1.491500e-02,   -1.982600e-02,    1.196600e-02,    3.214400e-03,    2.145200e-03,    2.419500e-03,    2.419500e-03,    5.100500e-03,    5.100500e-03,    1.103500e-03,    1.103500e-03,    1.419000e-03,    1.419000e-03,
         2,    2.511800e+00,   -1.462546e-02,   -4.539535e-05,    2.227910e-02,   -2.175098e-02,   -2.504082e-02,    1.635465e-02,    1.290053e-03,    1.869163e-03,   -5.210009e-02,    3.035076e-01,   -7.389671e-01,    4.191184e-02,    1.682401e+00,   -5.693541e-01,    6.896587e-01,    8.135057e-01,   -1.478700e-02,    8.956300e-04,    1.914100e-02,   -2.157300e-02,   -2.267200e-02,    1.555300e-02,    2.365300e-03,    3.137500e-03,    3.100500e-03,    3.100500e-03,    4.246600e-03,    4.246600e-03,    1.408000e-03,    1.408000e-03,    1.559100e-03,    1.559100e-03,
         2,    3.981000e+00,   -1.451561e-02,   -2.517464e-03,    2.864701e-02,   -2.810106e-02,   -2.896785e-02,    1.968828e-02,    6.730185e-04,    2.530805e-03,   -5.400358e-01,    5.431149e-01,   -4.773374e-01,   -8.298071e-02,    1.161989e+00,    2.526416e-02,    1.842897e-01,    6.266459e-01,   -1.658400e-02,   -4.372800e-04,    2.721500e-02,   -2.835000e-02,   -2.686500e-02,    1.973400e-02,    9.803400e-04,    3.575800e-03,    3.830100e-03,    3.830100e-03,    3.000000e-03,    3.000000e-03,    1.809700e-03,    1.809700e-03,    1.667600e-03,    1.667600e-03,
         4,    3.981000e-01,   -7.962403e-04,    4.693674e-04,    1.984590e-02,   -8.575929e-03,   -1.218087e-02,    1.105956e-02,   -9.503419e-04,    1.051706e-03,   -1.777190e+00,   -3.646041e-01,   -6.637871e-01,    8.187854e-01,   -1.573340e+00,    7.682952e-01,    1.282368e+00,    7.397650e-01,   -2.798600e-03,    5.856800e-05,    1.879400e-02,   -7.278400e-03,   -1.441800e-02,    1.215200e-02,    1.329000e-04,    1.676600e-03,    1.126700e-03,    1.126700e-03,    1.584700e-03,    1.584700e-03,    1.421900e-03,    1.421900e-03,    8.447200e-04,    8.447200e-04,
         4,    6.309500e-01,   -1.040238e-03,    5.666249e-04,    2.177693e-02,   -1.088759e-02,   -1.479994e-02,    1.364842e-02,   -1.211978e-03,    1.577244e-03,   -1.855748e+00,   -3.801942e-01,   -6.412605e-01,    1.229919e+00,   -1.128691e+00,    7.312331e-01,    1.899991e+00,    1.226912e-02,   -3.542900e-03,    5.389500e-05,    2.088500e-02,   -9.176900e-03,   -1.695100e-02,    1.504200e-02,    5.465400e-04,    1.588600e-03,    1.348600e-03,    1.348600e-03,    1.390900e-03,    1.390900e-03,    1.905800e-03,    1.905800e-03,    9.255400e-04,    9.255400e-04,
         4,    1.000000e+00,   -1.231677e-03,    4.609202e-04,    2.429402e-02,   -1.413930e-02,   -1.787995e-02,    1.730096e-02,   -1.730777e-03,    2.234064e-03,   -1.116734e+00,   -3.873049e-01,   -1.115037e-01,    8.026230e-01,   -1.312194e+00,    9.806658e-01,    1.302730e+00,   -1.973205e-02,   -2.664000e-03,   -3.583700e-05,    2.414200e-02,   -1.304500e-02,   -1.966900e-02,    1.863800e-02,   -2.146600e-04,    2.211100e-03,    1.282600e-03,    1.282600e-03,    1.363400e-03,    1.363400e-03,    1.363400e-03,    1.363400e-03,    1.163800e-03,    1.163800e-03,
         4,    2.511800e+00,   -3.866427e-04,    6.422048e-04,    3.275380e-02,   -2.380998e-02,   -2.753958e-02,    2.920240e-02,   -4.196663e-03,    3.457248e-03,   -4.884894e-01,    8.020534e-01,    1.225857e-01,   -5.737191e-01,   -5.114621e-01,    2.326787e-01,    2.114382e-01,    1.195044e-01,   -1.061100e-03,    1.749600e-03,    3.300700e-02,   -2.499500e-02,   -2.859600e-02,    2.968300e-02,   -3.729300e-03,    3.721400e-03,    1.380700e-03,    1.380700e-03,    2.065500e-03,    2.065500e-03,    2.065500e-03,    2.065500e-03,    2.210400e-03,    2.210400e-03,
         4,    3.981000e+00,    2.077339e-04,    2.149727e-03,    3.903648e-02,   -3.009199e-02,   -3.503929e-02,    3.750165e-02,   -6.355365e-03,    3.229281e-03,   -7.323136e-01,    5.758586e-01,    4.536119e-02,   -2.776200e-01,   -4.934653e-01,   -6.151055e-02,   -5.126272e-02,    1.063772e-01,   -1.247300e-03,    3.293900e-03,    3.915200e-02,   -3.079900e-02,   -3.629600e-02,    3.734500e-02,   -6.506400e-03,    3.542700e-03,    1.986900e-03,    1.986900e-03,    2.546700e-03,    2.546700e-03,    2.546700e-03,    2.546700e-03,    2.946300e-03,    2.946300e-03,
         5,    6.309500e-01,   -7.824295e-03,    1.928726e-03,    1.364421e-02,   -9.194195e-03,   -1.952574e-02,    1.156989e-02,    1.863136e-03,    3.811751e-04,    1.002059e+00,   -1.667951e-01,   -1.042653e+00,    6.224454e-01,    7.803376e-01,   -1.846319e+00,    8.917328e-01,   -3.755796e-01,   -6.318000e-03,    1.678000e-03,    1.270600e-02,   -8.634100e-03,   -1.872800e-02,    9.682400e-03,    2.911100e-03,   -6.020600e-05,    1.503200e-03,    1.503200e-03,    8.998300e-04,    8.998300e-04,    1.022300e-03,    1.022300e-03,    1.175200e-03,    1.175200e-03,
         5,    1.000000e+00,   -8.730940e-03,    1.218592e-03,    1.560444e-02,   -1.241403e-02,   -2.272761e-02,    1.302916e-02,    1.790318e-03,    8.652099e-04,    8.738245e-01,   -9.795456e-02,    5.263450e-01,   -2.628976e-01,    1.090618e+00,   -1.203729e+00,    8.855585e-01,    1.567100e-01,   -7.134200e-03,    1.039600e-03,    1.619300e-02,   -1.270800e-02,   -2.138200e-02,    1.154400e-02,    2.950400e-03,    1.070500e-03,    1.827300e-03,    1.827300e-03,    1.118200e-03,    1.118200e-03,    1.233800e-03,    1.233800e-03,    1.310000e-03,    1.310000e-03,
         5,    1.584800e+00,   -9.537205e-03,    2.780381e-05,    1.866422e-02,   -1.687196e-02,   -2.640719e-02,    1.493543e-02,    1.517432e-03,    1.465365e-03,    3.618557e-01,   -5.694570e-02,    5.914509e-01,   -8.236038e-03,    1.446728e+00,   -1.141773e+00,    8.652158e-01,    6.009148e-01,   -8.723500e-03,   -1.002500e-04,    1.945700e-02,   -1.688300e-02,   -2.446800e-02,    1.340500e-02,    2.836800e-03,    2.381700e-03,    2.248700e-03,    2.248700e-03,    1.340400e-03,    1.340400e-03,    1.340400e-03,    1.340400e-03,    1.524900e-03,    1.524900e-03,
         5,    2.511800e+00,   -9.967342e-03,   -1.874653e-03,    2.349577e-02,   -2.242717e-02,   -3.081007e-02,    1.714414e-02,    9.211718e-04,    2.116804e-03,   -4.492894e-02,    5.172165e-02,    2.946383e-01,   -4.846867e-02,    1.708617e+00,   -8.233290e-01,    9.723423e-01,    4.619598e-01,   -1.009100e-02,   -1.732300e-03,    2.397500e-02,   -2.250600e-02,   -2.803100e-02,    1.580500e-02,    2.544400e-03,    2.888000e-03,    2.752300e-03,    2.752300e-03,    1.626500e-03,    1.626500e-03,    1.626500e-03,    1.626500e-03,    1.669400e-03,    1.669400e-03,
         5,    3.981000e+00,   -9.502906e-03,   -4.495126e-03,    3.052452e-02,   -2.851783e-02,   -3.585045e-02,    1.938476e-02,   -3.001686e-05,    2.578556e-03,   -2.035838e-01,   -1.855277e-01,    4.604823e-01,    2.187685e-02,    1.361978e+00,   -5.419880e-01,    1.024631e+00,    1.006253e-01,   -1.017400e-02,   -5.106700e-03,    3.144700e-02,   -2.847400e-02,   -3.312200e-02,    1.829900e-02,    1.663800e-03,    2.744900e-03,    3.296400e-03,    3.296400e-03,    2.003300e-03,    2.003300e-03,    2.003300e-03,    2.003300e-03,    1.653100e-03,    1.653100e-03,
         6,    1.584800e+00,    6.904279e-02,   -4.689428e-02,    4.059404e-02,   -4.137212e-02,   -9.736544e-02,    7.124584e-02,   -3.952980e-02,    3.898232e-02,    2.567038e-01,    5.094467e-01,   -1.771342e+00,    4.372755e-01,    1.907037e+00,   -4.245907e+00,    6.453616e-01,   -4.561040e-01,    7.157900e-02,   -4.186100e-02,    3.401900e-02,   -3.974900e-02,   -8.997300e-02,    5.478700e-02,   -3.269800e-02,    3.415400e-02,    9.879900e-03,    9.879900e-03,    3.711900e-03,    3.711900e-03,    3.876400e-03,    3.876400e-03,    1.058600e-02,    1.058600e-02,
         6,    2.511800e+00,    8.452577e-02,   -5.666112e-02,    5.247600e-02,   -5.503303e-02,   -1.192171e-01,    8.808064e-02,   -5.252716e-02,    5.045754e-02,    8.484740e-02,    3.419812e-01,   -1.713579e+00,    6.373414e-01,    2.121013e+00,   -3.308744e+00,    7.972291e-01,   -5.715339e-01,    8.558000e-02,   -5.241200e-02,    4.436700e-02,   -5.201700e-02,   -1.091800e-01,    7.242300e-02,   -4.192800e-02,    4.285900e-02,    1.242500e-02,    1.242500e-02,    4.732200e-03,    4.732200e-03,    4.732200e-03,    4.732200e-03,    1.329500e-02,    1.329500e-02,
         6,    3.981000e+00,    1.055538e-01,   -6.514731e-02,    6.963705e-02,   -7.013856e-02,   -1.490949e-01,    1.050180e-01,   -7.105082e-02,    6.107872e-02,   -1.597315e-01,    3.521740e-01,   -1.300462e+00,    7.117204e-01,    2.015691e+00,   -2.534411e+00,    8.017290e-01,   -6.338447e-01,    1.030700e-01,   -5.967100e-02,    6.173700e-02,   -6.581500e-02,   -1.368500e-01,    8.962200e-02,   -5.759300e-02,    5.043900e-02,    1.555000e-02,    1.555000e-02,    6.074800e-03,    6.074800e-03,    6.074800e-03,    6.074800e-03,    1.678600e-02,    1.678600e-02,
         7,    3.981000e-01,    2.571242e-03,   -7.718374e-04,    9.341330e-03,   -5.908321e-03,   -1.115036e-02,    8.956667e-03,   -2.497292e-04,    8.532381e-04,    1.433066e+00,   -8.666923e-02,   -4.795686e-01,    2.389026e-01,   -6.355794e-01,    6.307895e-01,   -9.688661e-01,    5.227592e-01,    3.974600e-03,   -8.567100e-04,    8.828000e-03,   -5.652600e-03,   -1.189500e-02,    9.695700e-03,   -9.626500e-04,    1.237900e-03,    9.792700e-04,    9.792700e-04,    1.070400e-03,    1.070400e-03,    1.171600e-03,    1.171600e-03,    7.358300e-04,    7.358300e-04,
         7,    6.309500e-01,    2.775705e-03,   -5.621122e-04,    1.054721e-02,   -7.885295e-03,   -1.319608e-02,    1.094405e-02,   -3.779761e-04,    1.343838e-03,    2.351190e-01,   -4.924317e-01,   -5.335688e-02,    1.287188e-01,   -5.660195e-01,    9.217411e-01,   -1.018368e+00,    6.634211e-01,    3.002400e-03,   -1.036900e-03,    1.047500e-02,   -7.711100e-03,   -1.376100e-02,    1.186400e-02,   -1.396100e-03,    2.007100e-03,    9.641700e-04,    9.641700e-04,    1.353300e-03,    1.353300e-03,    9.980600e-04,    9.980600e-04,    9.997600e-04,    9.997600e-04,
         7,    1.000000e+00,    2.899941e-03,   -3.936121e-04,    1.221396e-02,   -1.067139e-02,   -1.559538e-02,    1.389682e-02,   -6.465114e-04,    2.017363e-03,    4.054608e-01,   -4.027645e-01,   -1.316754e-01,   -6.559797e-02,   -8.610028e-01,    2.559362e-01,   -9.354527e-01,    6.993359e-01,    3.354300e-03,   -8.449500e-04,    1.201200e-02,   -1.077200e-02,   -1.640000e-02,    1.413600e-02,   -1.862600e-03,    2.926500e-03,    1.120600e-03,    1.120600e-03,    1.533800e-03,    1.533800e-03,    9.345200e-04,    9.345200e-04,    1.300000e-03,    1.300000e-03,
         7,    1.584800e+00,    3.018925e-03,   -2.652008e-04,    1.465783e-02,   -1.448311e-02,   -1.887873e-02,    1.818189e-02,   -1.153565e-03,    2.923560e-03,    4.890918e-01,   -2.827720e-01,   -2.206704e-01,   -7.051214e-01,   -7.058618e-01,   -1.100817e-01,   -8.312877e-01,    6.763647e-01,    3.670200e-03,   -6.417400e-04,    1.431800e-02,   -1.556900e-02,   -1.971800e-02,    1.805100e-02,   -2.568500e-03,    4.074800e-03,    1.331600e-03,    1.331600e-03,    1.540000e-03,    1.540000e-03,    1.189000e-03,    1.189000e-03,    1.702100e-03,    1.702100e-03,
         7,    2.511800e+00,    3.197655e-03,   -1.261738e-04,    1.825407e-02,   -1.944926e-02,   -2.379736e-02,    2.380733e-02,   -2.048158e-03,    4.009100e-03,    4.891362e-01,   -2.381288e-01,    1.429508e-01,   -1.364311e+00,   -5.634835e-01,    5.005859e-01,   -6.942276e-01,    5.017618e-01,    3.981300e-03,   -5.076800e-04,    1.847900e-02,   -2.159600e-02,   -2.468400e-02,    2.459500e-02,   -3.584900e-03,    5.119800e-03,    1.602100e-03,    1.602100e-03,    1.573500e-03,    1.573500e-03,    1.573500e-03,    1.573500e-03,    2.213600e-03,    2.213600e-03,
         7,    3.981000e+00,    3.520086e-03,    1.475231e-04,    2.337793e-02,   -2.567221e-02,   -3.089252e-02,    3.031998e-02,   -3.360559e-03,    5.107145e-03,    3.891751e-01,    1.669162e-01,    7.560736e-01,   -1.344343e+00,   -7.292166e-01,    6.425218e-01,   -7.750047e-01,    3.588262e-01,    4.263800e-03,    4.665000e-04,    2.494300e-02,   -2.845500e-02,   -3.240200e-02,    3.165000e-02,   -5.619000e-03,    6.152800e-03,    1.911000e-03,    1.911000e-03,    2.070000e-03,    2.070000e-03,    2.070000e-03,    2.070000e-03,    2.914100e-03,    2.914100e-03,
         9,    6.309500e-01,   -6.415774e-03,    2.041566e-03,    1.215064e-02,   -7.522305e-03,   -1.526796e-02,    9.031975e-03,    2.065594e-03,   -3.367253e-04,   -6.524654e-01,    2.127079e-01,    9.874794e-02,    2.023259e+00,   -6.354100e-01,   -5.805545e-01,    2.030718e+00,    2.365209e-01,   -7.417700e-03,    2.368200e-03,    1.224500e-02,   -5.589000e-03,   -1.680000e-02,    7.632200e-03,    4.988000e-03,    3.651900e-06,    1.535600e-03,    1.535600e-03,    9.555400e-04,    9.555400e-04,    2.411100e-03,    2.411100e-03,    1.439100e-03,    1.439100e-03,
         9,    1.000000e+00,   -7.204172e-03,    1.699006e-03,    1.396926e-02,   -9.940587e-03,   -1.768869e-02,    1.025426e-02,    2.145592e-03,   -1.852222e-04,   -7.618070e-01,   -6.202678e-02,    2.550408e-01,    1.046014e+00,   -6.000024e-01,   -1.926621e-01,    1.503011e+00,    4.843448e-01,   -8.583500e-03,    1.586700e-03,    1.428900e-02,   -8.629200e-03,   -1.900000e-02,    9.833200e-03,    4.320900e-03,    5.157700e-04,    1.810600e-03,    1.810600e-03,    1.253700e-03,    1.253700e-03,    2.185500e-03,    2.185500e-03,    1.447300e-03,    1.447300e-03,
         9,    1.584800e+00,   -7.911537e-03,    1.081329e-03,    1.674377e-02,   -1.309306e-02,   -2.046872e-02,    1.191494e-02,    2.141540e-03,   -2.756978e-05,   -9.905473e-01,   -1.123619e-01,    6.577643e-01,    8.104127e-01,   -2.748510e-01,    8.763120e-02,    1.024946e+00,    6.711392e-01,   -1.009500e-02,    8.336500e-04,    1.757900e-02,   -1.206400e-02,   -2.083900e-02,    1.203300e-02,    3.594400e-03,    9.237700e-04,    2.204300e-03,    2.204300e-03,    1.269800e-03,    1.269800e-03,    1.347200e-03,    1.347200e-03,    1.417500e-03,    1.417500e-03,
         9,    2.511800e+00,   -8.324425e-03,    1.240033e-04,    2.088119e-02,   -1.667266e-02,   -2.381942e-02,    1.395911e-02,    2.000592e-03,    8.365337e-05,   -1.390977e+00,    5.987502e-02,    1.844226e-01,    4.159582e-01,    6.045741e-01,    6.412948e-01,    4.394156e-01,   -9.673982e-02,   -1.205600e-02,    2.846300e-04,    2.121800e-02,   -1.591300e-02,   -2.300500e-02,    1.482300e-02,    2.551400e-03,   -3.761000e-05,    2.682700e-03,    2.682700e-03,    1.826300e-03,    1.826300e-03,    1.347100e-03,    1.347100e-03,    1.253500e-03,    1.253500e-03,
         9,    3.981000e+00,   -8.175177e-03,   -1.002422e-03,    2.642250e-02,   -2.011456e-02,   -2.773131e-02,    1.624487e-02,    1.745034e-03,   -2.795033e-05,   -1.499637e+00,   -1.490297e-01,   -2.090754e-02,   -6.131927e-02,   -4.363298e-02,    3.250933e-01,    8.390718e-02,   -6.587958e-03,   -1.283800e-02,   -1.465800e-03,    2.637700e-02,   -2.024800e-02,   -2.780300e-02,    1.677900e-02,    1.842400e-03,   -3.559500e-05,    3.109300e-03,    3.109300e-03,    2.176200e-03,    2.176200e-03,    1.643000e-03,    1.643000e-03,    1.160400e-03,    1.160400e-03,
        10,    2.511800e+00,   -4.272742e-03,    8.910163e-03,    3.282473e-02,   -3.434537e-02,   -4.806127e-02,    4.060314e-02,    9.831931e-03,   -1.619787e-02,   -1.141656e+00,    1.431024e+00,    1.393355e+00,   -1.005018e+00,   -8.639446e-01,    1.892016e+00,    1.967373e+00,   -5.055315e-01,   -9.583500e-03,    1.556700e-02,    3.702500e-02,   -3.737500e-02,   -5.086900e-02,    4.675200e-02,    2.339500e-02,   -1.968300e-02,    4.651800e-03,    4.651800e-03,    3.014500e-03,    3.014500e-03,    3.249900e-03,    3.249900e-03,    6.894000e-03,    6.894000e-03,
        10,    3.981000e+00,   -6.378024e-03,    1.376680e-02,    4.191528e-02,   -4.547404e-02,   -5.967689e-02,    5.133819e-02,    1.339188e-02,   -2.341225e-02,   -7.704340e-01,    6.878827e-01,    1.005717e+00,   -1.167238e+00,   -3.605057e-01,    2.693102e+00,    1.672992e+00,   -4.365611e-02,   -1.069700e-02,    1.762300e-02,    4.577100e-02,   -4.994900e-02,   -6.105900e-02,    6.166300e-02,    2.748500e-02,   -2.378000e-02,    5.605900e-03,    5.605900e-03,    3.833800e-03,    3.833800e-03,    3.833800e-03,    3.833800e-03,    8.423900e-03,    8.423900e-03,
        11,    3.981000e-01,   -1.627861e-02,    8.395630e-03,    1.278966e-02,   -6.863912e-03,   -2.054863e-02,    1.312055e-02,    3.296026e-03,   -6.653496e-04,   -2.006837e-01,   -5.363639e-02,   -1.876400e-01,    7.338761e-01,   -2.956142e-01,   -4.864076e-01,    5.075794e-01,    2.050061e-01,   -1.676400e-02,    8.265900e-03,    1.256200e-02,   -5.973500e-03,   -2.091300e-02,    1.252100e-02,    4.054400e-03,   -3.590500e-04,    2.418700e-03,    2.418700e-03,    1.213300e-03,    1.213300e-03,    1.232600e-03,    1.232600e-03,    1.494100e-03,    1.494100e-03,
        11,    6.309500e-01,   -1.894413e-02,    8.753300e-03,    1.415293e-02,   -8.886475e-03,   -2.426194e-02,    1.468426e-02,    3.486197e-03,   -4.660377e-04,    7.359631e-02,   -1.402624e-01,   -5.655183e-01,    9.659829e-01,   -5.894420e-01,   -2.272789e+00,    3.289435e-01,    2.728756e-01,   -1.874600e-02,    8.375700e-03,    1.356400e-02,   -7.880500e-03,   -2.501100e-02,    1.179600e-02,    4.005500e-03,   -3.524900e-05,    2.692100e-03,    2.692100e-03,    1.041400e-03,    1.041400e-03,    1.270800e-03,    1.270800e-03,    1.578700e-03,    1.578700e-03,
        11,    1.000000e+00,   -2.181643e-02,    9.052393e-03,    1.594539e-02,   -1.193656e-02,   -2.832022e-02,    1.672218e-02,    3.563601e-03,   -2.880853e-04,    2.994041e-02,    4.869070e-01,   -6.158757e-01,    1.422615e+00,   -1.582038e-01,   -4.050811e-01,    2.552659e-01,    5.717523e-01,   -2.172200e-02,    1.058800e-02,    1.519100e-02,   -1.019400e-02,   -2.851400e-02,    1.622600e-02,    4.005900e-03,    7.025900e-04,    3.153800e-03,    3.153800e-03,    1.224900e-03,    1.224900e-03,    1.224900e-03,    1.224900e-03,    1.732700e-03,    1.732700e-03,
        11,    1.584800e+00,   -2.512071e-02,    9.128294e-03,    1.870247e-02,   -1.628594e-02,   -3.312791e-02,    1.936699e-02,    3.548452e-03,   -1.522245e-04,   -6.257258e-02,    6.546569e-01,   -7.900297e-01,    1.468914e+00,    5.261821e-01,   -2.194970e-02,    9.082439e-02,    5.378423e-01,   -2.535600e-02,    1.159000e-02,    1.755100e-02,   -1.414500e-02,   -3.236100e-02,    1.933500e-02,    3.711500e-03,    8.133100e-04,    3.760300e-03,    3.760300e-03,    1.457500e-03,    1.457500e-03,    1.457500e-03,    1.457500e-03,    1.795200e-03,    1.795200e-03,
        11,    2.511800e+00,   -2.893092e-02,    8.420018e-03,    2.308322e-02,   -2.192781e-02,   -3.907249e-02,    2.231984e-02,    3.425645e-03,   -1.190562e-04,   -2.000828e-01,    8.243953e-01,   -1.035721e+00,    1.098088e+00,    9.341600e-01,    4.237177e-01,   -6.066793e-02,    6.592532e-01,   -2.985100e-02,    1.221100e-02,    2.123000e-02,   -1.996300e-02,   -3.740100e-02,    2.307800e-02,    3.312900e-03,    1.106100e-03,    4.598500e-03,    4.598500e-03,    1.789300e-03,    1.789300e-03,    1.789300e-03,    1.789300e-03,    1.858400e-03,    1.858400e-03,
        11,    3.981000e+00,   -3.276959e-02,    6.194937e-03,    2.966084e-02,   -2.853628e-02,   -4.601801e-02,    2.502448e-02,    3.287799e-03,   -3.323885e-04,   -4.054008e-01,    7.978702e-01,   -1.507536e+00,    8.791123e-01,    2.606967e-01,    1.133631e+00,   -3.407301e-01,    6.760188e-01,   -3.501900e-02,    1.062200e-02,    2.630100e-02,   -2.657700e-02,   -4.543700e-02,    2.755100e-02,    2.662900e-03,    9.074300e-04,    5.548600e-03,    5.548600e-03,    2.228700e-03,    2.228700e-03,    2.228700e-03,    2.228700e-03,    1.834000e-03,    1.834000e-03,
        12,    3.981000e-01,   -7.037263e-03,    2.619841e-03,    9.768221e-03,   -4.996077e-03,   -1.286754e-02,    8.537666e-03,    2.539655e-03,   -8.150008e-04,    6.490205e-02,   -3.895401e-01,   -6.891935e-01,    1.369554e+00,    1.286860e+00,   -8.171065e-01,    5.265048e-01,   -2.145315e-01,   -6.954000e-03,    2.120100e-03,    9.248300e-03,   -3.962900e-03,   -1.117300e-02,    7.461700e-03,    3.059700e-03,   -1.026900e-03,    1.282900e-03,    1.282900e-03,    7.543900e-04,    7.543900e-04,    1.316800e-03,    1.316800e-03,    9.877300e-04,    9.877300e-04,
        12,    6.309500e-01,   -8.045033e-03,    2.217533e-03,    1.084100e-02,   -6.400801e-03,   -1.531633e-02,    9.529287e-03,    2.791992e-03,   -7.950483e-04,    1.132580e-01,   -2.567584e-01,   -7.094941e-01,    1.416482e+00,    2.589138e-01,   -1.073660e+00,    6.151489e-01,    4.800871e-01,   -7.881500e-03,    1.846800e-03,    1.021900e-02,   -5.159000e-03,   -1.510200e-02,    8.640500e-03,    3.514300e-03,   -2.313300e-04,    1.443900e-03,    1.443900e-03,    8.766800e-04,    8.766800e-04,    8.278100e-04,    8.278100e-04,    1.174200e-03,    1.174200e-03,
        12,    1.000000e+00,   -8.966445e-03,    1.506770e-03,    1.223237e-02,   -8.434302e-03,   -1.789778e-02,    1.074020e-02,    3.021269e-03,   -7.675300e-04,   -9.445610e-05,   -6.285749e-01,   -1.109788e+00,    1.212318e+00,    6.729339e-01,   -1.871600e+00,    4.947159e-01,    7.606449e-01,   -8.966600e-03,    4.768500e-04,    1.114200e-02,   -7.243200e-03,   -1.735400e-02,    9.227800e-03,    3.650300e-03,    1.996300e-04,    1.638500e-03,    1.638500e-03,    9.825000e-04,    9.825000e-04,    8.080800e-04,    8.080800e-04,    1.271500e-03,    1.271500e-03,
        12,    1.584800e+00,   -9.652617e-03,    3.545134e-04,    1.424485e-02,   -1.124712e-02,   -2.068277e-02,    1.233426e-02,    3.203164e-03,   -6.944015e-04,    4.859368e-02,   -6.038544e-01,   -1.124483e+00,    9.697885e-01,    8.715475e-01,   -1.793094e+00,    7.856872e-02,    1.195375e+00,   -9.561800e-03,   -7.740300e-04,    1.275300e-02,   -9.960500e-03,   -1.985100e-02,    1.062300e-02,    3.306600e-03,    8.793100e-04,    1.868900e-03,    1.868900e-03,    1.326700e-03,    1.326700e-03,    9.543600e-04,    9.543600e-04,    1.316500e-03,    1.316500e-03,
        12,    2.511800e+00,   -9.707087e-03,   -1.324139e-03,    1.721248e-02,   -1.484109e-02,   -2.370748e-02,    1.445226e-02,    3.172687e-03,   -5.720123e-04,    4.091994e-03,   -6.093052e-01,   -1.441320e+00,    1.219450e+00,    4.931134e-01,   -1.097220e+00,   -3.914690e-01,    1.535985e+00,   -9.698300e-03,   -2.632500e-03,    1.543000e-02,   -1.333300e-02,   -2.313300e-02,    1.317400e-02,    2.644400e-03,    1.500800e-03,    2.147300e-03,    2.147300e-03,    1.236700e-03,    1.236700e-03,    1.165000e-03,    1.165000e-03,    1.349500e-03,    1.349500e-03,
        12,    3.981000e+00,   -8.496719e-03,   -3.166489e-03,    2.137304e-02,   -1.909548e-02,   -2.692500e-02,    1.740428e-02,    2.644111e-03,   -6.575984e-04,   -1.569126e-02,   -8.713218e-01,   -1.421732e+00,    1.144911e+00,    4.779084e-01,   -1.067007e+00,   -7.429231e-01,    1.689521e+00,   -8.534800e-03,   -5.281100e-03,    1.936200e-02,   -1.747600e-02,   -2.624900e-02,    1.589500e-02,    1.718800e-03,    1.446700e-03,    2.426900e-03,    2.426900e-03,    1.414500e-03,    1.414500e-03,    1.414500e-03,    1.414500e-03,    1.245500e-03,    1.245500e-03,
        13,    1.000000e+00,   -9.446139e-03,    3.322861e-03,    6.972767e-03,   -6.865303e-03,   -1.623105e-02,    9.220020e-03,    2.033941e-03,   -7.728821e-04,   -1.788569e+00,   -8.451279e-01,    1.108019e+00,    1.404766e+00,   -7.409912e-01,   -3.543742e-01,    5.441285e-01,    4.596138e-01,   -1.242500e-02,    1.915300e-03,    8.410200e-03,   -5.042900e-03,   -1.708400e-02,    8.812100e-03,    2.614200e-03,   -2.827500e-04,    1.665500e-03,    1.665500e-03,    1.297300e-03,    1.297300e-03,    1.151100e-03,    1.151100e-03,    1.066400e-03,    1.066400e-03,
        13,    1.584800e+00,   -1.089236e-02,    2.751368e-03,    8.579364e-03,   -9.216679e-03,   -1.857441e-02,    1.070995e-02,    2.330213e-03,   -6.202562e-04,   -1.567139e+00,   -4.257049e-01,    7.833063e-01,    1.312922e+00,    1.673234e-01,    5.389607e-01,   -1.010153e-02,    5.790602e-01,   -1.397900e-02,    1.912900e-03,    9.469200e-03,   -7.725200e-03,   -1.843500e-02,    1.115900e-02,    2.319500e-03,   -6.162800e-06,    1.969600e-03,    1.969600e-03,    1.136000e-03,    1.136000e-03,    8.331700e-04,    8.331700e-04,    1.060500e-03,    1.060500e-03,
        13,    2.511800e+00,   -1.221955e-02,    1.537780e-03,    1.077063e-02,   -1.218429e-02,   -2.132972e-02,    1.277007e-02,    2.449333e-03,   -3.299190e-04,   -1.157305e+00,   -5.337996e-01,   -2.075487e-01,    6.658504e-01,    6.336768e-01,    5.533725e-01,   -7.497575e-01,    3.052995e-01,   -1.486700e-02,    3.166600e-04,    1.056700e-02,   -1.153100e-02,   -2.070800e-02,    1.331300e-02,    1.717900e-03,   -3.208100e-05,    2.287600e-03,    2.287600e-03,    9.811300e-04,    9.811300e-04,    9.811300e-04,    9.811300e-04,    9.755600e-04,    9.755600e-04,
        13,    3.981000e+00,   -1.298368e-02,   -4.326441e-04,    1.351633e-02,   -1.606205e-02,   -2.468248e-02,    1.534701e-02,    2.205344e-03,   -2.203811e-04,   -8.242522e-01,   -3.289677e-01,   -3.768845e-01,   -3.964044e-01,   -3.025037e-01,    1.162380e+00,   -8.741140e-01,   -2.302964e-01,   -1.520100e-02,   -1.317600e-03,    1.304100e-02,   -1.656200e-02,   -2.506400e-02,    1.681300e-02,    1.347200e-03,   -4.464700e-04,    2.690100e-03,    2.690100e-03,    1.261200e-03,    1.261200e-03,    1.261200e-03,    1.261200e-03,    9.817300e-04,    9.817300e-04,
        15,    1.000000e+00,   -6.650762e-03,    4.315599e-03,    9.366319e-03,   -8.255517e-03,   -1.017916e-02,    8.041809e-03,    5.018770e-04,    4.226526e-04,   -9.826169e-01,    1.089934e+00,    1.336789e+00,    9.048789e-01,    1.440568e+00,    1.936434e-01,    2.343712e+00,   -1.489300e+00,   -8.372700e-03,    6.225600e-03,    1.091900e-02,   -7.204500e-03,   -8.454800e-03,    8.273600e-03,    2.440900e-03,   -8.094900e-04,    1.752400e-03,    1.752400e-03,    1.161500e-03,    1.161500e-03,    1.197000e-03,    1.197000e-03,    8.273300e-04,    8.273300e-04,
        15,    1.584800e+00,   -7.805797e-03,    5.334826e-03,    1.102382e-02,   -1.153333e-02,   -1.208393e-02,    1.018506e-02,    3.261055e-04,    6.310063e-04,   -1.519091e+00,    9.183001e-01,    6.671966e-01,    4.686175e-01,   -5.028417e-01,    1.012244e+00,    8.942316e-01,    7.231196e-01,   -1.116800e-02,    7.367300e-03,    1.233700e-02,   -1.061100e-02,   -1.268100e-02,    1.138700e-02,    1.019600e-03,    1.191800e-03,    2.213300e-03,    2.213300e-03,    1.968200e-03,    1.968200e-03,    1.187400e-03,    1.187400e-03,    7.755200e-04,    7.755200e-04,
        15,    2.511800e+00,   -9.457554e-03,    6.622547e-03,    1.369111e-02,   -1.599881e-02,   -1.469824e-02,    1.303801e-02,    1.154915e-05,    8.057527e-04,   -1.448485e+00,    1.054147e+00,    2.978177e-01,    3.428227e-01,   -5.475168e-03,    4.091535e-01,    3.332636e-01,    1.349487e+00,   -1.350100e-02,    9.565200e-03,    1.435900e-02,   -1.523000e-02,   -1.470800e-02,    1.376700e-02,    3.422100e-04,    2.144700e-03,    2.791500e-03,    2.791500e-03,    2.242600e-03,    2.242600e-03,    1.781700e-03,    1.781700e-03,    9.921900e-04,    9.921900e-04,
        15,    3.981000e+00,   -1.182461e-02,    7.945871e-03,    1.781256e-02,   -2.168601e-02,   -1.822098e-02,    1.648141e-02,   -4.287843e-04,    8.201307e-04,   -1.446615e+00,    1.076182e+00,   -6.586629e-01,    4.806002e-01,    2.913068e-01,   -4.850913e-02,    1.370538e-01,   -9.145504e-01,   -1.691800e-02,    1.173500e-02,    1.672300e-02,   -2.089100e-02,   -1.758800e-02,    1.637600e-02,   -3.577000e-04,    3.457900e-04,    3.520900e-03,    3.520900e-03,    1.654200e-03,    1.654200e-03,    2.172900e-03,    2.172900e-03,    5.186600e-04,    5.186600e-04,
        16,    6.309500e-01,   -4.154885e-03,    6.766037e-04,    8.984739e-03,   -6.367855e-03,   -1.662381e-02,    1.121993e-02,    2.312529e-03,   -5.734438e-05,   -2.359215e-01,   -9.252897e-02,   -2.632559e+00,    5.769558e-01,   -7.923188e-01,    2.353400e-01,   -4.261591e-01,    7.623569e-01,   -4.380900e-03,    5.879600e-04,    7.057600e-03,   -5.945500e-03,   -1.786300e-02,    1.158800e-02,    1.893700e-03,    6.919000e-04,    9.580100e-04,    9.580100e-04,    7.320400e-04,    7.320400e-04,    1.564000e-03,    1.564000e-03,    9.828000e-04,    9.828000e-04,
        16,    2.511800e+00,   -4.797760e-03,   -8.343445e-04,    1.571652e-02,   -1.548356e-02,   -2.721180e-02,    1.936944e-02,    2.320281e-03,    5.004474e-04,   -8.164827e-01,    1.349929e+00,   -2.008730e+00,    2.071233e-01,    5.844492e-01,    8.865969e-01,    8.667070e-02,    6.831731e-01,   -6.180800e-03,    1.452300e-03,    1.311200e-02,   -1.521500e-02,   -2.645400e-02,    2.051900e-02,    2.447800e-03,    1.505600e-03,    1.693900e-03,    1.693900e-03,    1.296600e-03,    1.296600e-03,    1.296600e-03,    1.296600e-03,    1.471300e-03,    1.471300e-03,
        16,    3.981000e+00,   -4.847120e-03,   -1.883238e-03,    2.003284e-02,   -1.974269e-02,   -3.225158e-02,    2.347086e-02,    2.498138e-03,    8.430973e-04,   -1.186313e+00,    8.219371e-01,   -7.917198e-01,   -1.342872e+00,    1.284115e-01,    7.544652e-01,   -5.440165e-01,    8.865809e-01,   -7.459500e-03,   -7.325000e-05,    1.867900e-02,   -2.203900e-02,   -3.203200e-02,    2.476100e-02,    1.631900e-03,    2.254800e-03,    2.202100e-03,    2.202100e-03,    1.710000e-03,    1.710000e-03,    1.710000e-03,    1.710000e-03,    1.592300e-03,    1.592300e-03,
        18,    3.981000e-01,    8.062730e-02,   -4.640446e-02,    3.347264e-02,   -2.394931e-02,   -2.669066e-01,    1.562278e-01,   -8.497092e-02,    6.049306e-02,    3.077674e+00,    1.146463e+00,    3.537113e+00,   -8.134579e-01,   -7.799828e+00,   -1.086602e+01,   -1.262694e+00,    1.986122e-02,    1.232100e-01,   -3.054200e-02,    5.992600e-02,   -3.003300e-02,   -3.252400e-01,    7.496300e-02,   -1.259100e-01,    6.113700e-02,    1.383600e-02,    1.383600e-02,    7.478800e-03,    7.478800e-03,    7.478800e-03,    7.478800e-03,    3.242200e-02,    3.242200e-02,
        18,    6.309500e-01,    9.210491e-02,   -5.204182e-02,    3.886566e-02,   -3.273301e-02,   -3.051149e-01,    1.764076e-01,   -9.939278e-02,    8.289207e-02,    2.087914e+00,    5.883130e-01,    2.712673e+00,   -1.708033e-01,   -1.089581e+01,   -6.588746e+00,   -8.220593e-01,    1.366042e-01,    1.221500e-01,   -4.357600e-02,    6.218000e-02,   -3.420100e-02,   -3.987600e-01,    1.197800e-01,   -1.310100e-01,    8.814600e-02,    1.439000e-02,    1.439000e-02,    8.594600e-03,    8.594600e-03,    8.594600e-03,    8.594600e-03,    3.846100e-02,    3.846100e-02,
        18,    1.000000e+00,    1.042917e-01,   -6.135775e-02,    4.701087e-02,   -4.429237e-02,   -3.457952e-01,    2.094732e-01,   -1.216650e-01,    1.115023e-01,    1.426048e+00,    4.615912e-01,    3.848012e-01,    1.617030e-01,   -5.352655e+00,   -7.406239e+00,   -1.079319e-01,   -1.657133e-01,    1.246100e-01,   -5.478100e-02,    5.063600e-02,   -4.276900e-02,   -3.903100e-01,    1.478800e-01,   -1.259000e-01,    1.050000e-01,    1.424800e-02,    1.424800e-02,    9.420800e-03,    9.420800e-03,    8.316400e-03,    8.316400e-03,    3.923800e-02,    3.923800e-02,
        18,    1.584800e+00,    1.197032e-01,   -7.566718e-02,    5.930409e-02,   -5.887435e-02,   -3.973963e-01,    2.602905e-01,   -1.554843e-01,    1.461539e-01,    7.385902e-01,   -1.158624e-02,   -9.176537e-01,   -2.065550e-02,   -2.468978e+00,   -1.845837e+00,    6.698731e-01,   -2.717018e-01,    1.317400e-01,   -7.585600e-02,    5.039000e-02,   -5.907500e-02,   -4.213800e-01,    2.423600e-01,   -1.254700e-01,    1.339800e-01,    1.629700e-02,    1.629700e-02,    9.714000e-03,    9.714000e-03,    9.714000e-03,    9.714000e-03,    4.480600e-02,    4.480600e-02,
        18,    2.511800e+00,    1.415698e-01,   -9.449554e-02,    7.724831e-02,   -7.573611e-02,   -4.710729e-01,    3.278049e-01,   -2.048564e-01,    1.835550e-01,    7.583266e-01,   -7.166404e-01,   -1.108180e+00,   -3.653883e-01,   -2.963404e+00,    3.648857e+00,    7.764281e-01,   -7.355614e-02,    1.575000e-01,   -1.095500e-01,    6.317000e-02,   -8.037800e-02,   -5.087200e-01,    3.741600e-01,   -1.595200e-01,    1.792600e-01,    2.100700e-02,    2.100700e-02,    1.270400e-02,    1.270400e-02,    1.270400e-02,    1.270400e-02,    5.839100e-02,    5.839100e-02,
        18,    3.981000e+00,    1.724579e-01,   -1.153092e-01,    1.014359e-01,   -9.352070e-02,   -5.757351e-01,    4.038754e-01,   -2.712979e-01,    2.180023e-01,    8.592397e-01,   -9.158439e-01,   -5.515314e-01,   -8.094906e-01,   -4.046175e+00,    5.091040e+00,    4.158231e-01,    2.128262e-01,    1.962700e-01,   -1.406900e-01,    9.210900e-02,   -1.072100e-01,   -6.441600e-01,    4.899700e-01,   -2.388300e-01,    2.346200e-01,    2.771300e-02,    2.771300e-02,    1.691100e-02,    1.691100e-02,    1.691100e-02,    1.691100e-02,    7.808100e-02,    7.808100e-02,
        19,    3.981000e+00,   -6.897501e-03,   -4.037323e-03,    2.506465e-02,   -2.516206e-02,   -3.108687e-02,    2.161960e-02,    5.950042e-03,   -4.398508e-03,    1.589104e-01,    1.683124e-01,   -6.654414e-01,    7.659306e-01,    1.982824e+00,   -2.636152e+00,    6.348926e-01,    1.327235e-01,   -6.521900e-03,   -3.639500e-03,    2.357200e-02,   -2.344400e-02,   -2.781600e-02,    1.727100e-02,    7.545400e-03,   -4.065000e-03,    2.363600e-03,    2.363600e-03,    2.243100e-03,    2.243100e-03,    1.649600e-03,    1.649600e-03,    2.512800e-03,    2.512800e-03,
        20,    1.584800e+00,   -1.500255e-02,    5.953059e-03,    2.410542e-02,   -2.215725e-02,   -3.606957e-02,    2.694105e-02,    4.352359e-03,    2.986934e-04,    2.252712e+00,    1.918765e+00,    2.910248e+00,   -1.370330e+00,   -1.719171e+00,   -1.502488e+00,    3.443561e+00,   -8.752213e-01,   -6.753800e-03,    1.297900e-02,    3.160600e-02,   -2.568900e-02,   -4.311800e-02,    2.078100e-02,    2.078400e-02,   -3.877600e-03,    3.661700e-03,    3.661700e-03,    2.577300e-03,    2.577300e-03,    4.099900e-03,    4.099900e-03,    4.771700e-03,    4.771700e-03,
        20,    2.511800e+00,   -1.718877e-02,    6.493058e-03,    2.990770e-02,   -2.958601e-02,   -4.353094e-02,    3.347193e-02,    4.307854e-03,    6.884800e-04,   -4.096798e-01,    1.806924e+00,    5.896747e-01,   -1.057768e+00,   -3.086722e+00,   -4.605551e-01,    2.449452e+00,   -2.576123e-01,   -1.924200e-02,    1.554900e-02,    3.145300e-02,   -3.235800e-02,   -5.162000e-02,    3.226500e-02,    1.565200e-02,   -5.046000e-04,    5.011800e-03,    5.011800e-03,    2.620600e-03,    2.620600e-03,    2.620600e-03,    2.620600e-03,    4.631300e-03,    4.631300e-03,
        20,    3.981000e+00,   -1.997232e-02,    6.375992e-03,    3.795651e-02,   -3.850178e-02,   -5.322721e-02,    4.087677e-02,    4.169200e-03,    1.193744e-03,   -1.322870e+00,    8.873216e-01,   -6.650494e-01,   -1.381234e+00,   -2.559191e+00,    1.334749e+00,    1.384694e+00,    5.936586e-01,   -2.818100e-02,    1.188200e-02,    3.578200e-02,   -4.301800e-02,   -6.159500e-02,    4.524100e-02,    1.014000e-02,    3.753600e-03,    6.205200e-03,    6.205200e-03,    3.269700e-03,    3.269700e-03,    3.269700e-03,    3.269700e-03,    4.312000e-03,    4.312000e-03,
        23,    2.511800e+00,   -6.339166e-03,   -7.657081e-04,    2.303473e-02,   -1.884108e-02,   -2.611279e-02,    1.464696e-02,   -1.881752e-04,    5.764165e-04,    1.998334e-01,   -6.104288e-01,   -8.732337e-01,    3.953661e+00,    1.858105e+00,   -3.730804e+00,    2.038865e+00,    2.524910e-01,   -5.962600e-03,   -1.916000e-03,    2.170200e-02,   -1.280700e-02,   -2.323700e-02,    8.872800e-03,    2.118800e-03,    8.621100e-04,    1.884400e-03,    1.884400e-03,    1.526200e-03,    1.526200e-03,    1.547700e-03,    1.547700e-03,    1.131500e-03,    1.131500e-03,
        23,    3.981000e+00,   -5.898913e-03,   -1.879018e-03,    2.946177e-02,   -2.272132e-02,   -3.068077e-02,    1.645182e-02,   -8.432269e-04,   -8.546757e-06,    7.315306e-02,   -3.569617e-01,   -8.883051e-01,    2.247134e+00,   -6.625397e-01,   -8.761282e-01,    2.393522e+00,   -1.640609e-02,   -5.738700e-03,   -2.660800e-03,    2.793300e-02,   -1.885400e-02,   -3.182100e-02,    1.494400e-02,    2.568500e-03,   -3.193200e-05,    2.190100e-03,    2.190100e-03,    1.721000e-03,    1.721000e-03,    1.721000e-03,    1.721000e-03,    1.425400e-03,    1.425400e-03,
        24,    6.309500e-01,   -8.075713e-03,    1.779635e-03,    1.185219e-02,   -7.252388e-03,   -1.483307e-02,    9.662677e-03,    2.423367e-03,   -1.504675e-04,   -9.816568e-01,   -1.127344e-01,    5.742117e-01,    1.846363e+00,   -6.156373e-02,   -7.739740e-01,    5.122972e-01,    8.401429e-01,   -9.783600e-03,    1.583500e-03,    1.236800e-02,   -5.593800e-03,   -1.493900e-02,    8.330900e-03,    2.980900e-03,    7.638600e-04,    1.739800e-03,    1.739800e-03,    8.983000e-04,    8.983000e-04,    1.720700e-03,    1.720700e-03,    1.088300e-03,    1.088300e-03,
        24,    1.000000e+00,   -8.936927e-03,    8.681960e-04,    1.339237e-02,   -9.653246e-03,   -1.738675e-02,    1.108488e-02,    2.550126e-03,    1.359642e-04,   -9.791445e-01,   -1.867605e-01,    1.996304e-01,    1.819266e+00,    4.098274e-01,   -1.133796e+00,    1.677101e-01,    5.070971e-01,   -1.084900e-02,    5.034900e-04,    1.361500e-02,   -7.624400e-03,   -1.659500e-02,    8.894500e-03,    2.733400e-03,    6.901200e-04,    1.952800e-03,    1.952800e-03,    1.115200e-03,    1.115200e-03,    1.931900e-03,    1.931900e-03,    1.092800e-03,    1.092800e-03,
        24,    1.584800e+00,   -9.548449e-03,   -5.727853e-04,    1.567982e-02,   -1.299996e-02,   -2.020007e-02,    1.298107e-02,    2.598908e-03,    5.691835e-04,   -7.862332e-01,    1.615670e-01,   -5.147827e-01,    2.059809e+00,    1.691372e+00,   -1.460140e+00,   -1.742925e-01,    4.389348e-01,   -1.126000e-02,   -2.210700e-04,    1.516600e-02,   -1.094400e-02,   -1.813000e-02,    1.119400e-02,    2.403300e-03,    1.061800e-03,    2.176900e-03,    2.176900e-03,    9.981300e-04,    9.981300e-04,    1.223900e-03,    1.223900e-03,    1.122300e-03,    1.122300e-03,
        24,    2.511800e+00,   -9.515569e-03,   -2.688219e-03,    1.915541e-02,   -1.728323e-02,   -2.333165e-02,    1.550356e-02,    2.433772e-03,    1.188059e-03,   -6.100027e-01,    4.733921e-01,   -5.380710e-01,    1.110802e+00,    2.052833e+00,   -8.657039e-01,   -3.687309e-01,    8.398342e-02,   -1.100300e-02,   -1.533900e-03,    1.820200e-02,   -1.531500e-02,   -2.081200e-02,    1.444100e-02,    2.004200e-03,    1.285900e-03,    2.438400e-03,    2.438400e-03,    1.771900e-03,    1.771900e-03,    1.227400e-03,    1.227400e-03,    1.165000e-03,    1.165000e-03,
        24,    3.981000e+00,   -8.185646e-03,   -5.224738e-03,    2.414845e-02,   -2.229310e-02,   -2.674062e-02,    1.899248e-02,    1.867739e-03,    1.860107e-03,   -4.245610e-01,    5.026453e-01,   -6.882306e-01,    7.263383e-01,    1.518286e+00,   -8.012168e-01,   -2.530947e-01,   -1.739821e-01,   -9.299100e-03,   -3.906500e-03,    2.238500e-02,   -2.043200e-02,   -2.444300e-02,    1.778000e-02,    1.553800e-03,    1.644300e-03,    2.622600e-03,    2.622600e-03,    2.562300e-03,    2.562300e-03,    1.513300e-03,    1.513300e-03,    1.240400e-03,    1.240400e-03,
        25,    2.511800e+00,    4.044863e-02,   -2.622603e-02,    3.202333e-02,   -3.561348e-02,   -9.809448e-02,    6.437716e-02,   -1.638669e-02,    2.078269e-02,    2.646370e+00,    2.322208e+00,    1.150416e-01,    7.758570e-01,    1.516378e+00,   -6.048800e+00,    2.588775e+00,   -2.568853e+00,    6.174000e-02,   -7.542700e-03,    3.241100e-02,   -3.299900e-02,   -9.112900e-02,    3.659200e-02,   -4.327400e-03,    8.816200e-03,    8.045500e-03,    8.045500e-03,    3.369800e-03,    3.369800e-03,    4.593500e-03,    4.593500e-03,    4.658300e-03,    4.658300e-03,
        25,    3.981000e+00,    4.688645e-02,   -3.477732e-02,    3.991402e-02,   -4.605910e-02,   -1.125234e-01,    8.463422e-02,   -2.136981e-02,    2.565323e-02,    1.727966e+00,    1.594264e-01,    2.520828e-01,   -2.528762e-01,   -3.563304e+00,    3.086465e-01,   -1.105177e+00,    6.251911e-01,    6.435100e-02,   -3.316600e-02,    4.116100e-02,   -4.731000e-02,   -1.301500e-01,    8.616100e-02,   -3.592500e-02,    3.388700e-02,    1.010700e-02,    1.010700e-02,    4.946700e-03,    4.946700e-03,    4.946700e-03,    4.946700e-03,    1.317000e-02,    1.317000e-02,
        27,    2.511800e+00,    7.216698e-04,   -1.996898e-03,    2.750833e-02,   -2.242382e-02,   -2.537813e-02,    1.596951e-02,   -1.292197e-03,    1.537036e-03,    2.362936e+00,    8.736533e-01,    2.246907e-01,    7.638487e-01,    9.103874e-01,   -2.061063e+00,    6.114234e-01,   -6.901678e-01,    5.712900e-03,   -1.514800e-04,    2.812600e-02,   -2.032400e-02,   -2.382000e-02,    1.244200e-02,   -7.676200e-04,    9.449000e-04,    2.112300e-03,    2.112300e-03,    2.749000e-03,    2.749000e-03,    1.711500e-03,    1.711500e-03,    8.579600e-04,    8.579600e-04,
        27,    3.981000e+00,    1.873695e-03,   -2.131566e-03,    3.506556e-02,   -2.691346e-02,   -3.001153e-02,    1.869825e-02,   -2.303493e-03,    1.223311e-03,    2.191244e+00,    1.264473e+00,   -7.000334e-01,    9.462604e-01,    3.904958e-01,   -2.227700e+00,    1.850089e+00,   -1.147709e+00,    7.773400e-03,    1.272900e-03,    3.301600e-02,   -2.414300e-02,   -2.929700e-02,    1.462200e-02,   -8.193700e-04,    3.026300e-04,    2.692400e-03,    2.692400e-03,    2.927800e-03,    2.927800e-03,    1.829800e-03,    1.829800e-03,    8.021900e-04,    8.021900e-04,
        28,    3.981000e+00,    2.700318e-03,   -7.505573e-03,    1.973190e-02,   -2.370481e-02,   -2.437804e-02,    1.967695e-02,   -7.146463e-04,    4.931124e-03,    1.616725e+00,    2.817601e-01,    1.602090e-02,    7.353462e-01,    4.619775e-02,    9.662156e-01,   -3.496585e-01,    2.269134e-01,    6.706400e-03,   -6.807400e-03,    1.980000e-02,   -2.057900e-02,   -2.424000e-02,    2.256400e-02,   -1.427600e-03,    5.393800e-03,    2.477900e-03,    2.477900e-03,    4.250800e-03,    4.250800e-03,    2.988000e-03,    2.988000e-03,    2.039000e-03,    2.039000e-03,
        29,    3.981000e-01,    5.589418e-02,   -4.014473e-02,    2.704606e-02,   -1.829358e-02,   -9.672036e-02,    7.025845e-02,   -2.445224e-02,    1.878212e-02,    4.377557e-01,   -3.259229e-01,   -4.530712e-01,    2.078287e+00,    2.253133e+00,    1.803530e-02,   -4.789857e-01,   -7.146335e-01,    5.888300e-02,   -4.237000e-02,    2.575100e-02,   -1.235300e-02,   -9.028000e-02,    7.031000e-02,   -2.875200e-02,    1.236700e-02,    6.827600e-03,    6.827600e-03,    2.858400e-03,    2.858400e-03,    2.858400e-03,    2.858400e-03,    8.976800e-03,    8.976800e-03,
        29,    6.309500e-01,    6.652207e-02,   -4.634271e-02,    3.048517e-02,   -2.524680e-02,   -1.150698e-01,    8.165079e-02,   -2.808929e-02,    2.656709e-02,    8.467055e-01,   -5.531193e-01,   -1.006360e+00,    3.039210e-01,    8.929973e-01,    3.857378e-01,    3.109712e-01,   -3.358621e-01,    7.375700e-02,   -5.106900e-02,    2.691300e-02,   -2.416800e-02,   -1.119000e-01,    8.302000e-02,   -2.488100e-02,    2.310200e-02,    8.544800e-03,    8.544800e-03,    3.549600e-03,    3.549600e-03,    3.549600e-03,    3.549600e-03,    1.031700e-02,    1.031700e-02,
        29,    1.000000e+00,    7.836863e-02,   -5.515748e-02,    3.562785e-02,   -3.512166e-02,   -1.355088e-01,    9.781074e-02,   -3.398899e-02,    3.732315e-02,    9.049435e-01,   -5.987791e-01,   -1.117020e+00,   -2.558089e-01,    4.082626e-01,   -1.333379e-01,    3.511670e-01,   -3.824936e-02,    8.806600e-02,   -6.157400e-02,    3.067900e-02,   -3.625500e-02,   -1.337000e-01,    9.722000e-02,   -2.934200e-02,    3.681700e-02,    1.071600e-02,    1.071600e-02,    4.430400e-03,    4.430400e-03,    4.430400e-03,    4.430400e-03,    1.323300e-02,    1.323300e-02,
        29,    1.584800e+00,    9.351466e-02,   -6.752975e-02,    4.382734e-02,   -4.880106e-02,   -1.614193e-01,    1.206550e-01,   -4.377285e-02,    5.172569e-02,    8.182397e-01,   -5.324254e-01,   -6.665026e-01,   -3.203916e-01,    5.568711e-01,   -2.378178e-01,    9.501307e-02,    2.093610e-01,    1.047000e-01,   -7.480800e-02,    4.005800e-02,   -5.061300e-02,   -1.582700e-01,    1.193100e-01,   -4.209900e-02,    5.541400e-02,    1.367000e-02,    1.367000e-02,    5.655400e-03,    5.655400e-03,    5.655400e-03,    5.655400e-03,    1.761700e-02,    1.761700e-02,
        29,    2.511800e+00,    1.146986e-01,   -8.244855e-02,    5.712836e-02,   -6.637735e-02,   -1.973859e-01,    1.491252e-01,   -5.993153e-02,    6.919404e-02,    6.727081e-01,   -5.542326e-01,   -2.700207e-01,   -7.538830e-01,    6.952390e-01,    6.793702e-02,    1.120155e-02,    2.857189e-01,    1.267300e-01,   -9.236100e-02,    5.512200e-02,   -7.197900e-02,   -1.922200e-01,    1.496300e-01,   -5.967400e-02,    7.576300e-02,    1.788500e-02,    1.788500e-02,    7.430400e-03,    7.430400e-03,    7.430400e-03,    7.430400e-03,    2.299100e-02,    2.299100e-02,
        29,    3.981000e+00,    1.431858e-01,   -9.672440e-02,    7.727986e-02,   -8.669958e-02,   -2.458465e-01,    1.788395e-01,   -8.428275e-02,    8.709157e-02,    7.746360e-01,   -6.371265e-01,    6.426669e-01,   -7.049885e-01,   -3.006918e-01,    8.636660e-01,   -3.018499e-01,    2.196903e-01,    1.614300e-01,   -1.117300e-01,    8.363500e-02,   -9.367100e-02,   -2.488200e-01,    1.873800e-01,   -9.347800e-02,    9.378400e-02,    2.355200e-02,    2.355200e-02,    9.888700e-03,    9.888700e-03,    9.888700e-03,    9.888700e-03,    3.046300e-02,    3.046300e-02,
        30,    3.981000e-01,    1.238922e-01,   -8.669173e-02,    6.067323e-02,   -4.073148e-02,   -2.100643e-01,    1.484642e-01,   -7.993160e-02,    5.546116e-02,   -6.534517e-02,   -3.353983e-01,    5.617925e-01,    7.659195e-01,    5.892951e-01,    2.270815e+00,    3.403620e-02,   -1.048599e-01,    1.228500e-01,   -9.204100e-02,    6.458600e-02,   -3.539700e-02,   -2.059600e-01,    1.642800e-01,   -7.912300e-02,    5.297000e-02,    1.594900e-02,    1.594900e-02,    6.964800e-03,    6.964800e-03,    6.964800e-03,    6.964800e-03,    2.375700e-02,    2.375700e-02,
        30,    6.309500e-01,    1.468968e-01,   -9.968960e-02,    6.877529e-02,   -5.581151e-02,   -2.490103e-01,    1.715759e-01,   -9.124833e-02,    7.649067e-02,    9.805152e-01,   -5.224383e-01,    2.246382e-01,    4.379031e-01,   -3.202761e+00,    2.557368e+00,    1.615450e-02,   -1.753688e-01,    1.663600e-01,   -1.100600e-01,    7.070900e-02,   -5.204200e-02,   -2.765800e-01,    1.935900e-01,   -9.077000e-02,    7.129800e-02,    1.985000e-02,    1.985000e-02,    8.608100e-03,    8.608100e-03,    8.608100e-03,    8.608100e-03,    2.961000e-02,    2.961000e-02,
        30,    1.000000e+00,    1.726505e-01,   -1.183141e-01,    8.088188e-02,   -7.694735e-02,   -2.925890e-01,    2.047320e-01,   -1.086393e-01,    1.055689e-01,    8.157186e-01,   -5.309964e-01,   -4.123843e-01,   -1.563188e-01,   -2.542155e+00,    1.893062e+00,    2.086144e-01,    3.365510e-01,    1.922000e-01,   -1.310400e-01,    7.661700e-02,   -7.856400e-02,   -3.188800e-01,    2.243100e-01,   -1.009400e-01,    1.179900e-01,    2.396600e-02,    2.396600e-02,    1.034200e-02,    1.034200e-02,    1.034200e-02,    1.034200e-02,    3.690700e-02,    3.690700e-02,
        30,    1.584800e+00,    2.058770e-01,   -1.442917e-01,    1.000958e-01,   -1.056813e-01,   -3.486272e-01,    2.513135e-01,   -1.366414e-01,    1.443966e-01,    8.014862e-01,   -3.655807e-01,   -5.150158e-01,   -7.942981e-01,   -2.738567e+00,    1.164444e+00,    1.985176e-01,    4.036864e-01,    2.303400e-01,   -1.554500e-01,    9.329500e-02,   -1.161700e-01,   -3.847900e-01,    2.666900e-01,   -1.273700e-01,    1.632500e-01,    3.052200e-02,    3.052200e-02,    1.320500e-02,    1.320500e-02,    1.320500e-02,    1.320500e-02,    4.670300e-02,    4.670300e-02,
        30,    2.511800e+00,    2.525529e-01,   -1.748471e-01,    1.308687e-01,   -1.414015e-01,   -4.271845e-01,    3.075126e-01,   -1.817705e-01,    1.910863e-01,    6.672726e-01,   -3.416563e-01,   -2.082062e-01,   -9.877895e-01,   -2.232612e+00,    1.188949e+00,   -1.946029e-02,    3.937584e-01,    2.787100e-01,   -1.882400e-01,    1.273300e-01,   -1.581900e-01,   -4.651300e-01,    3.277200e-01,   -1.829400e-01,    2.147500e-01,    3.920000e-02,    3.920000e-02,    1.699600e-02,    1.699600e-02,    1.699600e-02,    1.699600e-02,    6.009700e-02,    6.009700e-02,
        30,    3.981000e+00,    3.151903e-01,   -2.023531e-01,    1.763701e-01,   -1.805127e-01,   -5.328448e-01,    3.618048e-01,   -2.482051e-01,    2.386765e-01,    6.673328e-01,   -4.527250e-01,    6.454517e-01,   -7.977441e-01,   -1.626278e+00,    1.448156e+00,   -3.386672e-01,    3.799540e-01,    3.490000e-01,   -2.252900e-01,    1.904300e-01,   -1.978900e-01,   -5.682700e-01,    3.933500e-01,   -2.743600e-01,    2.680200e-01,    5.066400e-02,    5.066400e-02,    2.178300e-02,    2.178300e-02,    2.178300e-02,    2.178300e-02,    7.722900e-02,    7.722900e-02,
        31,    1.000000e+00,    1.890705e-03,   -8.452732e-04,    1.891609e-02,   -1.752218e-02,   -4.108335e-02,    2.876490e-02,    4.419585e-03,   -1.385754e-03,    1.722074e+00,   -5.580713e-01,   -1.587891e+00,   -1.195742e+00,   -2.470282e+00,    1.563318e+00,    2.332024e+00,    6.266782e-01,    4.852500e-03,   -1.805100e-03,    1.455400e-02,   -2.080700e-02,   -4.572600e-02,    3.170300e-02,    1.430900e-02,    1.271800e-03,    1.719900e-03,    1.719900e-03,    2.747100e-03,    2.747100e-03,    1.879400e-03,    1.879400e-03,    4.240700e-03,    4.240700e-03,
        31,    1.584800e+00,    2.171599e-03,   -9.204377e-04,    2.252731e-02,   -2.421370e-02,   -4.788341e-02,    3.529237e-02,    4.723222e-03,   -1.428804e-03,    1.261590e+00,    9.149576e-01,   -2.473672e+00,   -1.759109e+00,   -2.959657e+00,    1.554360e+00,    2.079266e+00,    8.221609e-01,    4.487500e-03,    7.591500e-04,    1.670800e-02,   -2.835200e-02,   -5.484600e-02,    3.894900e-02,    1.454900e-02,    2.456400e-03,    1.835700e-03,    1.835700e-03,    2.352500e-03,    2.352500e-03,    2.352500e-03,    2.352500e-03,    4.725600e-03,    4.725600e-03,
        31,    2.511800e+00,    2.701358e-03,   -9.919347e-04,    2.782039e-02,   -3.313873e-02,   -5.668422e-02,    4.456651e-02,    4.931396e-03,   -1.535721e-03,    5.068369e-01,    1.038836e+00,   -2.027417e+00,   -1.464076e+00,   -2.916411e+00,    1.058894e+00,    1.740283e+00,    1.567593e-01,    3.679300e-03,    1.012500e-03,    2.181700e-02,   -3.747400e-02,   -6.532000e-02,    4.770200e-02,    1.359400e-02,   -7.554200e-04,    1.929500e-03,    1.929500e-03,    2.961100e-03,    2.961100e-03,    2.961100e-03,    2.961100e-03,    4.977700e-03,    4.977700e-03,
        31,    3.981000e+00,    3.576901e-03,   -7.152034e-04,    3.512159e-02,   -4.482098e-02,   -6.901500e-02,    5.656399e-02,    4.904818e-03,   -1.913224e-03,   -1.728636e-01,    1.088951e+00,   -1.206501e+00,   -5.386515e-01,   -2.421341e+00,    6.076379e-01,    1.494785e+00,   -1.630425e-01,    3.209600e-03,    1.598600e-03,    3.066200e-02,   -4.681200e-02,   -7.796500e-02,    5.881000e-02,    1.297800e-02,   -2.793800e-03,    2.124800e-03,    2.124800e-03,    3.696300e-03,    3.696300e-03,    3.696300e-03,    3.696300e-03,    5.400900e-03,    5.400900e-03,
        32,    2.511800e+00,   -5.390226e-03,    2.000275e-03,    1.089236e-02,   -1.136472e-02,   -1.980430e-02,    1.632009e-02,    4.618566e-03,   -1.437401e-03,   -2.430314e-01,    4.501034e-01,   -1.470265e+00,    5.075927e-02,    4.951748e-01,   -5.428762e-01,   -2.003905e-01,   -8.923059e-02,   -5.742500e-03,    2.652700e-03,    9.481100e-03,   -1.131600e-02,   -1.932900e-02,    1.579900e-02,    4.297200e-03,   -1.580500e-03,    1.449500e-03,    1.449500e-03,    9.598700e-04,    9.598700e-04,    9.598700e-04,    9.598700e-04,    1.603700e-03,    1.603700e-03,
        32,    3.981000e+00,   -6.359688e-03,    2.025363e-03,    1.351957e-02,   -1.518333e-02,   -2.447058e-02,    2.036550e-02,    4.898214e-03,   -1.772718e-03,   -4.799999e-01,    2.400981e-01,   -8.985086e-01,   -2.090704e-01,    1.195073e-01,   -9.867546e-02,   -4.928315e-01,   -1.938041e-01,   -7.246200e-03,    2.468800e-03,    1.239500e-02,   -1.544500e-02,   -2.432100e-02,    2.024200e-02,    4.012300e-03,   -2.121100e-03,    1.846900e-03,    1.846900e-03,    1.251600e-03,    1.251600e-03,    1.251600e-03,    1.251600e-03,    1.797600e-03,    1.797600e-03,
        33,    1.000000e+00,    3.160154e-03,   -1.869329e-03,    1.619275e-02,   -1.547522e-02,   -5.177203e-02,    3.469884e-02,    2.505016e-04,    2.011418e-03,    3.767710e-01,    1.461444e+00,   -3.014223e-01,    1.447167e+00,   -1.864533e+00,   -1.746844e+00,   -2.390621e-01,    1.906947e+00,    3.646000e-03,    1.520300e-05,    1.565200e-02,   -1.287900e-02,   -5.511700e-02,    3.156500e-02,   -5.968300e-04,    8.770400e-03,    1.289500e-03,    1.289500e-03,    1.794000e-03,    1.794000e-03,    1.794000e-03,    1.794000e-03,    3.544400e-03,    3.544400e-03,
        33,    1.584800e+00,    3.595213e-03,   -2.326998e-03,    1.950213e-02,   -2.129146e-02,   -5.986929e-02,    4.206008e-02,   -3.506429e-04,    3.190248e-03,    3.465331e-01,    7.855600e-01,   -5.782161e-01,    1.160156e+00,   -1.542525e+00,   -1.614509e+00,   -9.476760e-01,    1.487919e+00,    4.145300e-03,   -1.080000e-03,    1.823000e-02,   -1.873900e-02,   -6.326300e-02,    3.850800e-02,   -4.272600e-03,    9.348000e-03,    1.587400e-03,    1.587400e-03,    2.200100e-03,    2.200100e-03,    2.200100e-03,    2.200100e-03,    4.138500e-03,    4.138500e-03,
        33,    2.511800e+00,    4.405747e-03,   -3.026321e-03,    2.429280e-02,   -2.890316e-02,   -6.994401e-02,    5.276823e-02,   -1.564432e-03,    4.592927e-03,   -3.606581e-02,    1.586451e+00,   -4.397590e-01,    6.504457e-01,   -2.875495e+00,   -2.733273e-01,   -1.174511e+00,    1.379373e+00,    4.338600e-03,   -7.266600e-05,    2.302300e-02,   -2.702500e-02,   -7.824700e-02,    5.197900e-02,   -8.117500e-03,    1.228900e-02,    1.861800e-03,    1.861800e-03,    2.887500e-03,    2.887500e-03,    2.887500e-03,    2.887500e-03,    5.579400e-03,    5.579400e-03,
        34,    1.000000e+00,   -1.027729e-02,    3.724990e-03,    1.620841e-02,   -1.109458e-02,   -1.718385e-02,    1.062296e-02,    2.822946e-03,   -5.303162e-04,   -9.621649e-01,    7.002761e-02,   -1.422051e+00,    9.907219e-01,    8.087989e-01,    6.320962e-01,   -1.178780e+00,   -1.639535e+00,   -1.237000e-02,    3.877300e-03,    1.340000e-02,   -9.138000e-03,   -1.556900e-02,    1.188500e-02,    1.514500e-03,   -2.350200e-03,    2.175000e-03,    2.175000e-03,    1.974900e-03,    1.974900e-03,    1.996600e-03,    1.996600e-03,    1.110000e-03,    1.110000e-03,
        34,    1.584800e+00,   -1.168539e-02,    3.331200e-03,    1.943894e-02,   -1.437099e-02,   -1.984641e-02,    1.272760e-02,    2.938050e-03,   -4.707401e-04,   -4.147494e-01,    2.461153e-01,   -2.192558e+00,    1.520927e+00,    1.088516e-01,    7.307515e-01,   -2.141344e+00,   -1.838466e+00,   -1.268100e-02,    3.922000e-03,    1.542700e-02,   -1.158800e-02,   -1.961100e-02,    1.430800e-02,    3.194000e-04,   -2.719000e-03,    2.400500e-03,    2.400500e-03,    1.829800e-03,    1.829800e-03,    2.162700e-03,    2.162700e-03,    1.222900e-03,    1.222900e-03,
        34,    2.511800e+00,   -1.290986e-02,    2.507394e-03,    2.408016e-02,   -1.796093e-02,   -2.321106e-02,    1.558565e-02,    2.962292e-03,   -4.420481e-04,    1.362021e-01,    8.338804e-01,   -1.702682e+00,    9.708835e-01,   -6.968414e-01,    5.207324e-01,   -2.605902e+00,   -1.899396e+00,   -1.253500e-02,    4.802400e-03,    1.973100e-02,   -1.548100e-02,   -2.471700e-02,    1.671100e-02,   -1.043500e-03,   -3.361800e-03,    2.752200e-03,    2.752200e-03,    2.554300e-03,    2.554300e-03,    2.161100e-03,    2.161100e-03,    1.537200e-03,    1.537200e-03,
        34,    3.981000e+00,   -1.363486e-02,    1.394331e-03,    3.012572e-02,   -2.136946e-02,   -2.760608e-02,    1.909557e-02,    2.893811e-03,   -6.154741e-04,    4.175814e-01,    1.333748e+00,   -9.955840e-01,    3.111579e-01,   -1.411733e+00,   -1.644368e-03,   -2.826360e+00,   -1.971434e+00,   -1.229100e-02,    5.686600e-03,    2.715500e-02,   -2.044100e-02,   -3.066700e-02,    1.909200e-02,   -3.336900e-03,   -4.961500e-03,    3.218200e-03,    3.218200e-03,    2.983900e-03,    2.983900e-03,    2.168200e-03,    2.168200e-03,    2.204500e-03,    2.204500e-03,
        35,    1.584800e+00,   -3.055152e-03,    4.772665e-06,    1.929223e-02,   -9.637521e-03,   -8.937856e-03,    1.181170e-02,    9.589894e-03,    4.408581e-04,    1.621973e-01,   -1.722690e+00,    2.427778e-01,   -1.418956e+00,   -2.741652e+00,   -1.171668e+00,    5.964209e-01,   -2.724143e-01,   -2.829600e-03,   -2.390800e-03,    1.973100e-02,   -1.220200e-02,   -1.253600e-02,    1.027400e-02,    1.077200e-02,   -9.906700e-05,    1.390600e-03,    1.390600e-03,    1.807300e-03,    1.807300e-03,    1.312400e-03,    1.312400e-03,    1.982000e-03,    1.982000e-03,
        35,    2.511800e+00,   -3.037399e-03,   -7.030313e-04,    2.163534e-02,   -1.216626e-02,   -1.205680e-02,    1.538403e-02,    9.439143e-03,    1.444146e-03,    2.918442e-01,   -6.756726e-01,    6.201784e-01,   -1.364118e+00,   -1.532945e+00,    1.821306e-01,    4.753551e-01,   -3.344829e-01,   -2.635500e-03,   -1.633500e-03,    2.282000e-02,   -1.477200e-02,   -1.388300e-02,    1.560100e-02,    1.049600e-02,    7.004900e-04,    1.377100e-03,    1.377100e-03,    1.910200e-03,    1.910200e-03,    1.191300e-03,    1.191300e-03,    2.223300e-03,    2.223300e-03,
        35,    3.981000e+00,   -2.756269e-03,   -1.386412e-03,    2.424972e-02,   -1.543090e-02,   -1.619930e-02,    1.969687e-02,    8.651444e-03,    2.506316e-03,    3.515694e-02,    1.229456e+00,    1.251908e+00,   -3.823216e-01,   -1.336817e+00,    1.437595e+00,    5.021006e-01,    1.406083e-01,   -2.707200e-03,    3.295400e-04,    2.722000e-02,   -1.633800e-02,   -1.820800e-02,    2.185700e-02,    9.943700e-03,    2.868200e-03,    1.395700e-03,    1.395700e-03,    2.372600e-03,    2.372600e-03,    1.502600e-03,    1.502600e-03,    2.573700e-03,    2.573700e-03,
        36,    3.981000e-01,    4.795742e-03,   -3.149139e-03,    1.452792e-02,   -8.538898e-03,   -7.593856e-02,    5.168246e-02,   -1.923968e-03,    1.523730e-03,   -3.343942e-02,    1.008613e+00,    6.711563e-02,   -2.121683e-01,    3.586987e+00,   -1.014320e+00,   -5.786112e-02,   -6.143435e-01,    4.749000e-03,   -1.739300e-03,    1.465600e-02,   -8.943800e-03,   -6.232200e-02,    4.783200e-02,   -2.034500e-03,    3.501500e-04,    1.397800e-03,    1.397800e-03,    1.908400e-03,    1.908400e-03,    3.796100e-03,    3.796100e-03,    1.910300e-03,    1.910300e-03,
        36,    6.309500e-01,    5.759232e-03,   -3.339638e-03,    1.612356e-02,   -1.147775e-02,   -9.015036e-02,    5.868027e-02,   -2.387456e-03,    3.178055e-03,    3.523549e-01,    8.001102e-01,    7.001914e-01,   -3.282452e-01,    1.969363e+00,    5.942838e-01,    1.773121e-01,   -1.014398e+00,    6.393400e-03,   -1.899600e-03,    1.777300e-02,   -1.225100e-02,   -8.288400e-02,    6.087300e-02,   -1.989000e-03,    8.985000e-04,    1.799800e-03,    1.799800e-03,    2.355700e-03,    2.355700e-03,    3.689700e-03,    3.689700e-03,    2.247200e-03,    2.247200e-03,
        36,    1.000000e+00,    6.794576e-03,   -3.614914e-03,    1.831542e-02,   -1.573534e-02,   -1.055727e-01,    6.815788e-02,   -3.904730e-03,    4.982118e-03,    6.909855e-01,    5.864751e-01,    1.076785e+00,   -3.858293e-01,   -7.650541e-01,    2.457379e+00,    6.923971e-01,   -9.814710e-01,    8.394000e-03,   -2.257400e-03,    2.156300e-02,   -1.689900e-02,   -1.082900e-01,    7.688600e-02,   -1.887500e-03,    2.122700e-03,    2.314700e-03,    2.314700e-03,    3.016000e-03,    3.016000e-03,    3.551800e-03,    3.551800e-03,    2.913400e-03,    2.913400e-03,
        36,    1.584800e+00,    8.130579e-03,   -3.935578e-03,    2.156951e-02,   -2.171700e-02,   -1.240429e-01,    8.130467e-02,   -6.862424e-03,    6.456059e-03,    7.875528e-01,    3.393455e-01,    1.018537e+00,   -3.670861e-01,   -2.945489e+00,    3.213278e+00,    1.226451e+00,   -4.617712e-01,    1.040700e-02,   -2.954700e-03,    2.539300e-02,   -2.309500e-02,   -1.351000e-01,    9.336700e-02,   -1.689500e-03,    4.508400e-03,    2.890500e-03,    2.890500e-03,    3.753900e-03,    3.753900e-03,    3.753900e-03,    3.753900e-03,    4.217800e-03,    4.217800e-03,
        36,    2.511800e+00,    9.971973e-03,   -3.931335e-03,    2.640223e-02,   -2.970797e-02,   -1.480729e-01,    9.763396e-02,   -1.166064e-02,    6.477537e-03,    6.210154e-01,    1.814189e-02,    5.356559e-01,   -3.355366e-01,   -3.060238e+00,    2.345868e+00,    1.753185e+00,    1.980949e-01,    1.214000e-02,   -3.868000e-03,    2.884000e-02,   -3.123500e-02,   -1.620000e-01,    1.083100e-01,   -1.430100e-03,    7.633500e-03,    3.491100e-03,    3.491100e-03,    4.551000e-03,    4.551000e-03,    4.551000e-03,    4.551000e-03,    5.835400e-03,    5.835400e-03,
        36,    3.981000e+00,    1.208218e-02,   -2.965242e-03,    3.318101e-02,   -4.003840e-02,   -1.790252e-01,    1.147845e-01,   -1.798444e-02,    2.944722e-03,    4.545994e-01,   -3.405433e-01,   -5.215415e-02,   -3.596127e-01,   -3.232101e+00,    1.809255e+00,    1.385854e+00,    8.119434e-01,    1.399000e-02,   -4.394400e-03,    3.289000e-02,   -4.204500e-02,   -1.970600e-01,    1.248800e-01,   -7.114500e-03,    9.313200e-03,    4.196700e-03,    4.196700e-03,    5.579900e-03,    5.579900e-03,    5.579900e-03,    5.579900e-03,    7.843500e-03,    7.843500e-03,
        37,    2.511800e+00,    1.649938e-02,   -1.183911e-02,    3.428371e-02,   -4.063303e-02,   -6.041680e-02,    5.482438e-02,   -1.882795e-03,    3.451431e-03,    1.433761e+00,    1.678916e-01,    7.216903e-01,   -1.378334e+00,   -1.718175e+00,    1.619325e+00,    1.065317e+00,    7.076439e-01,    2.511700e-02,   -1.083000e-02,    3.690900e-02,   -4.564700e-02,   -6.666700e-02,    6.071500e-02,    1.919000e-03,    5.976800e-03,    6.010500e-03,    6.010500e-03,    3.637700e-03,    3.637700e-03,    3.637700e-03,    3.637700e-03,    3.568700e-03,    3.568700e-03,
        37,    3.981000e+00,    2.078866e-02,   -1.439351e-02,    4.337802e-02,   -5.468915e-02,   -7.449784e-02,    7.237469e-02,   -3.725100e-03,    3.931863e-03,    9.346769e-01,    4.169603e-01,    4.553719e-01,   -1.252624e+00,   -1.862551e+00,    2.056164e+00,   -5.464947e-01,    7.847729e-01,    2.744300e-02,   -1.142500e-02,    4.552100e-02,   -6.058400e-02,   -8.326300e-02,    8.205100e-02,   -6.581300e-03,    8.033400e-03,    7.119400e-03,    7.119400e-03,    4.706000e-03,    4.706000e-03,    4.706000e-03,    4.706000e-03,    5.226400e-03,    5.226400e-03,
        39,    6.309500e-01,   -4.954424e-03,    2.230015e-03,    9.695637e-03,   -6.824194e-03,   -1.482059e-02,    1.001374e-02,    3.150519e-03,   -3.674506e-04,   -4.748683e-01,    9.960781e-01,   -9.536309e-02,    6.022201e-01,    7.446543e-01,   -2.132351e-01,   -1.099078e+00,   -5.117426e-01,   -5.573700e-03,    3.529000e-03,    9.604300e-03,   -6.247400e-03,   -1.359400e-02,    9.662500e-03,    2.131300e-03,   -8.420100e-04,    1.304100e-03,    1.304100e-03,    9.577800e-04,    9.577800e-04,    1.647200e-03,    1.647200e-03,    9.273400e-04,    9.273400e-04,
        39,    1.000000e+00,   -5.591980e-03,    2.470614e-03,    1.100660e-02,   -9.359171e-03,   -1.728199e-02,    1.205624e-02,    3.282388e-03,   -2.507442e-04,    8.306217e-01,    7.866159e-01,   -5.470141e-01,   -2.526729e-01,    1.073426e+00,   -5.080482e-01,   -1.568281e+00,    2.460933e-01,   -4.472800e-03,    3.530500e-03,    1.035100e-02,   -9.662000e-03,   -1.508200e-02,    1.101500e-02,    1.886100e-03,   -3.164000e-05,    1.347400e-03,    1.347400e-03,    1.198500e-03,    1.198500e-03,    2.049500e-03,    2.049500e-03,    8.903300e-04,    8.903300e-04,
        39,    1.584800e+00,   -6.412354e-03,    2.804776e-03,    1.305413e-02,   -1.296431e-02,   -2.042917e-02,    1.494188e-02,    3.429430e-03,   -9.100907e-05,    1.433256e+00,    3.855360e-01,   -3.982840e-01,   -1.163938e+00,    1.441414e-01,    4.579977e-01,   -2.015732e-03,    2.778962e-02,   -4.218900e-03,    3.394800e-03,    1.249100e-02,   -1.461000e-02,   -2.020600e-02,    1.565100e-02,    3.426600e-03,   -5.199800e-05,    1.530400e-03,    1.530400e-03,    1.413900e-03,    1.413900e-03,    1.548300e-03,    1.548300e-03,    1.403800e-03,    1.403800e-03,
        39,    2.511800e+00,   -7.589434e-03,    3.088968e-03,    1.630584e-02,   -1.771895e-02,   -2.477338e-02,    1.853670e-02,    3.564987e-03,    1.774765e-04,   -2.888986e-01,    8.811125e-01,    4.759821e-01,   -1.432293e+00,    1.005531e-01,    1.291683e+00,   -1.532862e-01,   -1.767174e-01,   -8.287500e-03,    5.218000e-03,    1.713400e-02,   -2.021100e-02,   -2.462700e-02,    2.041700e-02,    3.327700e-03,   -9.608200e-05,    2.416300e-03,    2.416300e-03,    1.739900e-03,    1.739900e-03,    1.455700e-03,    1.455700e-03,    1.548000e-03,    1.548000e-03,
        39,    3.981000e+00,   -9.200144e-03,    2.962050e-03,    2.119278e-02,   -2.358529e-02,   -3.051893e-02,    2.237187e-02,    3.655537e-03,    5.590717e-04,   -9.506018e-01,    7.443666e-01,    1.400232e+00,   -1.272776e+00,   -9.560456e-01,    1.515810e+00,   -4.170481e-01,    2.307114e-01,   -1.230500e-02,    5.393300e-03,    2.385700e-02,   -2.600700e-02,   -3.233800e-02,    2.525600e-02,    2.950100e-03,    9.493200e-04,    3.266200e-03,    3.266200e-03,    1.902700e-03,    1.902700e-03,    1.902700e-03,    1.902700e-03,    1.691500e-03,    1.691500e-03,
        40,    1.584800e+00,   -8.180298e-03,    7.071326e-04,    2.043356e-02,   -1.639361e-02,   -1.459203e-02,    1.170276e-02,    2.846805e-03,   -8.428562e-04,    2.068426e+00,    2.831586e+00,   -8.716454e-02,    2.338844e-01,    1.877280e-01,   -8.528504e-01,    2.126272e+00,   -1.122648e-01,   -3.839500e-03,    6.649500e-03,    2.014600e-02,   -1.562200e-02,   -1.433300e-02,    1.052600e-02,    6.224600e-03,   -1.021200e-03,    2.098600e-03,    2.098600e-03,    3.299100e-03,    3.299100e-03,    1.379800e-03,    1.379800e-03,    1.588600e-03,    1.588600e-03,
        40,    2.511800e+00,   -8.803907e-03,    4.952340e-05,    2.512551e-02,   -2.105983e-02,   -1.766224e-02,    1.475570e-02,    3.297923e-03,   -9.162683e-04,   -1.320351e+00,    9.961655e-01,   -2.449560e-01,   -2.897578e-01,   -7.456563e-02,   -4.343061e-01,    1.486355e+00,    7.413789e-01,   -1.294400e-02,    3.173100e-03,    2.467900e-02,   -2.158800e-02,   -1.776400e-02,    1.416300e-02,    5.876600e-03,    3.699500e-04,    3.135600e-03,    3.135600e-03,    1.822800e-03,    1.822800e-03,    1.364700e-03,    1.364700e-03,    1.734900e-03,    1.734900e-03,
        40,    3.981000e+00,   -9.554611e-03,   -1.309308e-03,    3.108990e-02,   -2.627026e-02,   -2.166880e-02,    1.843122e-02,    3.970230e-03,   -7.292786e-04,   -2.570511e+00,   -3.116481e-01,   -1.484748e+00,   -1.063865e+00,    3.730437e-01,   -4.709528e-01,    6.056589e-01,    1.501021e+00,   -2.070600e-02,   -2.661300e-03,    2.862700e-02,   -2.803500e-02,   -2.105000e-02,    1.765000e-02,    5.084400e-03,    2.032000e-03,    4.338200e-03,    4.338200e-03,    1.658800e-03,    1.658800e-03,    1.658800e-03,    1.658800e-03,    1.839600e-03,    1.839600e-03,
        41,    3.981000e-01,    9.476173e-03,   -6.672932e-03,    8.815100e-03,   -5.128372e-03,   -1.779242e-02,    1.330932e-02,   -4.097352e-03,    2.549779e-03,   -8.859058e-01,    1.885795e+00,   -2.136565e+00,    8.151144e-01,    1.767541e+00,   -1.726787e+00,    8.034868e-01,   -2.781446e-01,    8.346200e-03,   -4.267600e-03,    6.452700e-03,   -4.227100e-03,   -1.518600e-02,    1.076300e-02,   -3.085200e-03,    2.199400e-03,    1.275500e-03,    1.275500e-03,    1.105700e-03,    1.105700e-03,    1.474600e-03,    1.474600e-03,    1.259700e-03,    1.259700e-03,
        41,    1.000000e+00,    1.349145e-02,   -8.770752e-03,    1.112833e-02,   -9.715301e-03,   -2.547213e-02,    1.837790e-02,   -5.547702e-03,    5.202512e-03,   -2.607774e-01,    1.144618e+00,   -2.524173e+00,    1.088586e+00,    3.763430e+00,   -3.354844e+00,    9.227727e-01,    1.205796e-01,    1.297600e-02,   -6.508300e-03,    8.384300e-03,   -8.531900e-03,   -2.088300e-02,    1.428700e-02,   -3.757800e-03,    5.436400e-03,    1.976600e-03,    1.976600e-03,    1.087100e-03,    1.087100e-03,    1.219400e-03,    1.219400e-03,    1.939700e-03,    1.939700e-03,
        41,    1.584800e+00,    1.627119e-02,   -1.033440e-02,    1.327028e-02,   -1.349419e-02,   -3.058347e-02,    2.230162e-02,   -7.147659e-03,    7.103174e-03,   -4.673274e-01,    5.695239e-01,   -2.659029e+00,    1.613687e+00,    5.003587e+00,   -3.045100e+00,    7.073838e-01,   -3.142968e-02,    1.511100e-02,   -8.920500e-03,    1.032700e-02,   -1.170800e-02,   -2.504500e-02,    1.893100e-02,   -5.379200e-03,    7.024600e-03,    2.482600e-03,    2.482600e-03,    1.106900e-03,    1.106900e-03,    1.106900e-03,    1.106900e-03,    2.500000e-03,    2.500000e-03,
        41,    2.511800e+00,    2.011884e-02,   -1.179491e-02,    1.663594e-02,   -1.844935e-02,   -3.745749e-02,    2.693049e-02,   -9.734419e-03,    9.156566e-03,   -3.342522e-01,    2.751526e-01,   -2.113174e+00,    1.657170e+00,    5.534355e+00,   -3.197268e+00,    5.494528e-01,   -2.472706e-01,    1.903900e-02,   -1.090600e-02,    1.367200e-02,   -1.612500e-02,   -2.969500e-02,    2.244600e-02,   -8.021500e-03,    8.385700e-03,    3.230600e-03,    3.230600e-03,    1.402600e-03,    1.402600e-03,    1.402600e-03,    1.402600e-03,    3.117500e-03,    3.117500e-03,
        41,    3.981000e+00,    2.491550e-02,   -1.227607e-02,    2.164930e-02,   -2.452154e-02,   -4.627932e-02,    3.139337e-02,   -1.349213e-02,    1.081349e-02,   -5.709315e-01,    1.162801e-01,   -1.552270e+00,    2.261615e+00,    5.303608e+00,   -2.202792e+00,    6.384696e-01,   -3.586938e-01,    2.263200e-02,   -1.181100e-02,    1.887400e-02,   -2.047800e-02,   -3.679700e-02,    2.745500e-02,   -1.102100e-02,    9.425200e-03,    3.999600e-03,    3.999600e-03,    1.787900e-03,    1.787900e-03,    1.787900e-03,    1.787900e-03,    3.870400e-03,    3.870400e-03,
        42,    3.981000e-01,   -3.716538e-03,    1.743808e-03,    8.500677e-03,   -4.841085e-03,   -1.144462e-02,    7.794026e-03,    3.730358e-03,   -4.169510e-04,    1.447507e-01,   -6.946914e-02,    4.945049e-01,    9.673443e-01,   -6.651374e-01,    1.020883e+00,   -6.053230e-01,    3.731070e-01,   -3.581500e-03,    1.679000e-03,    8.860400e-03,   -4.137400e-03,   -1.185500e-02,    8.423900e-03,    3.118800e-03,   -4.000100e-05,    9.329000e-04,    9.329000e-04,    7.274400e-04,    7.274400e-04,    6.169900e-04,    6.169900e-04,    1.010300e-03,    1.010300e-03,
        42,    6.309500e-01,   -4.054935e-03,    2.028672e-03,    9.327687e-03,   -6.488378e-03,   -1.321046e-02,    9.306915e-03,    3.881174e-03,   -3.039990e-04,    2.973208e-01,    1.214910e-01,   -9.549703e-02,    7.173452e-01,   -1.375806e+00,    1.202004e+00,   -6.832363e-01,    1.996485e-01,   -3.747000e-03,    2.154500e-03,    9.261500e-03,   -5.991200e-03,   -1.416400e-02,    1.014000e-02,    3.124900e-03,   -8.300800e-05,    1.035700e-03,    1.035700e-03,    6.930800e-04,    6.930800e-04,    6.930800e-04,    6.930800e-04,    1.106900e-03,    1.106900e-03,
        42,    1.000000e+00,   -4.452506e-03,    2.586809e-03,    1.043061e-02,   -9.000960e-03,   -1.522135e-02,    1.164940e-02,    4.038947e-03,   -1.537394e-04,    2.525831e-01,    1.252264e-01,   -2.526188e-01,    9.755789e-02,   -1.389797e+00,    2.736701e-02,   -4.032353e-01,   -2.779620e-01,   -4.141500e-03,    2.741000e-03,    1.022200e-02,   -8.920400e-03,   -1.636900e-02,    1.167200e-02,    3.527000e-03,   -5.066400e-04,    1.231300e-03,    1.231300e-03,    8.257700e-04,    8.257700e-04,    8.257700e-04,    8.257700e-04,    1.269600e-03,    1.269600e-03,
        42,    1.584800e+00,   -5.147848e-03,    3.520034e-03,    1.216858e-02,   -1.272618e-02,   -1.794209e-02,    1.513350e-02,    4.172761e-03,    1.668874e-04,   -6.733492e-02,   -3.753616e-02,    1.220477e-01,   -6.422899e-01,   -1.475873e+00,   -5.212918e-01,   -9.966817e-02,   -7.235550e-01,   -5.255900e-03,    3.459800e-03,    1.229700e-02,   -1.340200e-02,   -1.949500e-02,    1.458500e-02,    4.022900e-03,   -9.210500e-04,    1.604700e-03,    1.604700e-03,    1.052200e-03,    1.052200e-03,    1.052200e-03,    1.052200e-03,    1.503600e-03,    1.503600e-03,
        42,    2.511800e+00,   -6.584751e-03,    4.725572e-03,    1.512355e-02,   -1.792324e-02,   -2.201820e-02,    1.976201e-02,    3.976698e-03,    7.039799e-04,   -2.936327e-01,   -3.238073e-01,    6.551914e-01,   -8.703615e-01,   -1.463641e+00,    7.593812e-02,    2.329607e-01,   -9.036082e-01,   -7.217500e-03,    4.027800e-03,    1.603800e-02,   -1.913800e-02,   -2.406100e-02,    1.986800e-02,    4.389900e-03,   -8.987500e-04,    2.154900e-03,    2.154900e-03,    1.395700e-03,    1.395700e-03,    1.395700e-03,    1.395700e-03,    1.773700e-03,    1.773700e-03,
        42,    3.981000e+00,   -9.260194e-03,    5.560429e-03,    2.010141e-02,   -2.458858e-02,   -2.794506e-02,    2.515926e-02,    3.132990e-03,    9.000142e-04,   -2.390396e-01,   -6.671840e-01,    1.022458e+00,   -3.835989e-01,   -1.446664e+00,   -8.383293e-03,    7.458463e-01,   -7.918407e-01,   -9.935600e-03,    3.675300e-03,    2.196300e-02,   -2.528700e-02,   -3.057900e-02,    2.514400e-02,    4.661900e-03,   -7.231800e-04,    2.825500e-03,    2.825500e-03,    1.820700e-03,    1.820700e-03,    1.820700e-03,    1.820700e-03,    2.049900e-03,    2.049900e-03,
        44,    6.309500e-01,   -1.159970e-02,    3.824330e-03,    1.429277e-02,   -9.582749e-03,   -2.495240e-02,    1.512143e-02,    3.873170e-03,   -4.048076e-04,   -3.837063e-01,    1.008474e-01,   -2.157864e+00,    8.705393e-01,    8.188478e-01,   -1.057579e+00,    1.042300e+00,   -2.542552e-02,   -1.238300e-02,    4.030200e-03,    1.145000e-02,   -8.435900e-03,   -2.286000e-02,    1.241900e-02,    5.795900e-03,   -4.517100e-04,    2.041400e-03,    2.041400e-03,    1.317400e-03,    1.317400e-03,    2.555300e-03,    2.555300e-03,    1.844700e-03,    1.844700e-03,
        44,    1.000000e+00,   -1.305791e-02,    3.240283e-03,    1.624798e-02,   -1.295835e-02,   -2.913297e-02,    1.705927e-02,    4.012605e-03,   -9.014648e-05,   -6.938409e-01,    6.326928e-01,   -2.986119e+00,    1.247077e+00,    7.555149e-01,   -9.295776e-01,    1.331398e-01,    5.411761e-01,   -1.473700e-02,    4.771400e-03,    1.239200e-02,   -1.134800e-02,   -2.751700e-02,    1.507100e-02,    4.245400e-03,    8.561000e-04,    2.420000e-03,    2.420000e-03,    1.291300e-03,    1.291300e-03,    2.138900e-03,    2.138900e-03,    1.748500e-03,    1.748500e-03,
        44,    1.584800e+00,   -1.448996e-02,    2.221390e-03,    1.927556e-02,   -1.770806e-02,   -3.386842e-02,    1.955687e-02,    4.045567e-03,    2.911364e-04,   -7.827163e-01,    6.471368e-01,   -3.055672e+00,    9.904855e-01,    1.057375e+00,   -9.926672e-01,   -7.164640e-01,    6.302389e-01,   -1.677800e-02,    4.113100e-03,    1.479900e-02,   -1.625700e-02,   -3.206200e-02,    1.786100e-02,    2.886400e-03,    1.310800e-03,    2.923200e-03,    2.923200e-03,    1.465000e-03,    1.465000e-03,    1.708400e-03,    1.708400e-03,    1.617900e-03,    1.617900e-03,
        44,    2.511800e+00,   -1.569357e-02,    4.643446e-04,    2.405430e-02,   -2.378325e-02,   -3.936302e-02,    2.252031e-02,    3.898937e-03,    7.294675e-04,   -8.638452e-01,    5.227561e-01,   -2.600983e+00,    5.203057e-01,    1.260710e+00,   -8.380282e-01,   -1.110803e+00,    2.513229e-01,   -1.878000e-02,    2.332100e-03,    1.940400e-02,   -2.285300e-02,   -3.710900e-02,    2.102200e-02,    2.192300e-03,    1.115600e-03,    3.572900e-03,    3.572900e-03,    1.787900e-03,    1.787900e-03,    1.787900e-03,    1.787900e-03,    1.536400e-03,    1.536400e-03,
        44,    3.981000e+00,   -1.612115e-02,   -2.203925e-03,    3.104473e-02,   -3.078311e-02,   -4.542933e-02,    2.587046e-02,    3.553984e-03,    1.092073e-03,   -9.560150e-01,    3.321857e-01,   -2.083994e+00,    2.659847e-01,    9.458887e-01,   -4.467076e-01,   -6.779120e-01,    1.968601e-01,   -2.020400e-02,   -7.852600e-04,    2.638200e-02,   -3.018800e-02,   -4.331300e-02,    2.487100e-02,    2.359300e-03,    1.439000e-03,    4.270700e-03,    4.270700e-03,    2.237400e-03,    2.237400e-03,    2.237400e-03,    2.237400e-03,    1.762300e-03,    1.762300e-03,
        45,    1.000000e+00,   -4.043146e-04,    5.429280e-04,    1.184379e-02,   -7.617028e-03,   -8.593637e-03,    1.040291e-02,    2.781707e-03,   -2.215733e-04,   -1.712065e-01,   -8.916135e-01,    2.402664e-01,    3.664833e-01,    8.543559e-02,   -4.686719e-01,    8.076310e-02,    7.044868e-01,   -4.730300e-04,    1.850700e-04,    1.211700e-02,   -7.200300e-03,   -8.482400e-03,    9.792700e-03,    2.855800e-03,    4.247300e-04,    4.013600e-04,    4.013600e-04,    1.137100e-03,    1.137100e-03,    1.302000e-03,    1.302000e-03,    9.174100e-04,    9.174100e-04,
        45,    1.584800e+00,   -4.706544e-04,    7.182156e-04,    1.340632e-02,   -1.025051e-02,   -1.091738e-02,    1.380865e-02,    2.712014e-03,   -2.045008e-04,   -2.346564e-01,   -2.920017e-01,    2.907397e-01,    1.936091e-01,    5.442750e-01,   -3.953949e-01,    1.275731e-01,   -5.559311e-02,   -6.021300e-04,    5.546100e-04,    1.381900e-02,   -9.975700e-03,   -1.037000e-02,    1.341100e-02,    2.845200e-03,   -2.625400e-04,    5.602900e-04,    5.602900e-04,    1.419400e-03,    1.419400e-03,    1.005700e-03,    1.005700e-03,    1.044000e-03,    1.044000e-03,
        45,    2.511800e+00,   -4.989080e-04,    1.058160e-03,    1.550781e-02,   -1.381388e-02,   -1.412560e-02,    1.831743e-02,    2.484746e-03,   -3.169961e-04,   -1.226776e-01,    3.112288e-01,    4.259700e-01,    9.733059e-02,    1.114821e-01,    2.602803e-01,    2.267183e-02,   -1.007145e+00,   -6.006200e-04,    1.316200e-03,    1.608500e-02,   -1.368200e-02,   -1.400200e-02,    1.860600e-02,    2.513000e-03,   -1.572100e-03,    8.291000e-04,    8.291000e-04,    1.355000e-03,    1.355000e-03,    1.108700e-03,    1.108700e-03,    1.246200e-03,    1.246200e-03,
        45,    3.981000e+00,   -6.331389e-04,    1.694316e-03,    1.820390e-02,   -1.867993e-02,   -1.836130e-02,    2.416840e-02,    2.083897e-03,   -8.061932e-04,   -3.662126e-01,    4.942250e-01,    2.621209e-01,    1.801294e-01,    9.528267e-01,    1.072732e+00,    1.986732e-01,   -5.328667e-01,   -1.081200e-03,    2.299000e-03,    1.868400e-02,   -1.835000e-02,   -1.700800e-02,    2.569200e-02,    2.362000e-03,   -1.552100e-03,    1.223500e-03,    1.223500e-03,    1.831600e-03,    1.831600e-03,    1.420300e-03,    1.420300e-03,    1.399800e-03,    1.399800e-03,
        46,    3.981000e-01,   -1.338888e-02,    7.398944e-03,    1.334242e-02,   -7.208251e-03,   -1.648893e-02,    1.101330e-02,    5.299276e-03,   -1.879635e-03,   -3.111665e-01,    6.647576e-01,    3.236744e-01,    6.825332e-01,    9.655061e-01,   -7.271256e-01,    1.069917e+00,    5.675712e-01,   -1.413500e-02,    8.992900e-03,    1.446000e-02,   -4.851600e-03,   -1.308900e-02,    8.452800e-03,    6.981400e-03,   -9.873000e-04,    2.397800e-03,    2.397800e-03,    3.452800e-03,    3.452800e-03,    3.521400e-03,    3.521400e-03,    1.572200e-03,    1.572200e-03,
        46,    6.309500e-01,   -1.552682e-02,    8.054824e-03,    1.477479e-02,   -9.386552e-03,   -1.944678e-02,    1.261125e-02,    5.731856e-03,   -2.147319e-03,    2.725274e-02,    6.915822e-01,    1.194728e-01,    7.537742e-01,    1.468680e+00,   -8.182922e-01,   -1.612611e-01,    1.468192e-01,   -1.545600e-02,    9.851900e-03,    1.536600e-02,   -5.656500e-03,   -1.637900e-02,    1.090200e-02,    5.473500e-03,   -1.912100e-03,    2.598500e-03,    2.598500e-03,    4.948500e-03,    4.948500e-03,    2.088800e-03,    2.088800e-03,    1.602100e-03,    1.602100e-03,
        46,    1.000000e+00,   -1.786254e-02,    8.932385e-03,    1.669127e-02,   -1.264590e-02,   -2.272561e-02,    1.481327e-02,    6.195128e-03,   -2.626939e-03,   -5.418904e-01,    6.916947e-01,    1.026202e-01,    1.002081e+00,    1.691516e+00,   -6.633711e-01,   -6.444143e-01,    1.164830e-01,   -1.955600e-02,    1.109400e-02,    1.706100e-02,   -9.035500e-03,   -1.909900e-02,    1.339100e-02,    5.086800e-03,   -2.426600e-03,    3.125100e-03,    3.125100e-03,    3.602900e-03,    3.602900e-03,    2.144000e-03,    2.144000e-03,    1.719900e-03,    1.719900e-03,
        46,    1.584800e+00,   -2.071092e-02,    1.004453e-02,    1.966276e-02,   -1.725383e-02,   -2.675027e-02,    1.783302e-02,    6.832006e-03,   -3.364518e-03,   -9.190717e-01,    8.361624e-01,   -3.614180e-01,    1.405506e+00,    1.396052e+00,   -5.031108e-01,    9.718613e-02,    1.165360e-01,   -2.427600e-02,    1.328800e-02,    1.904900e-02,   -1.486700e-02,   -2.348700e-02,    1.665700e-02,    7.049100e-03,   -3.104200e-03,    3.879000e-03,    3.879000e-03,    1.698200e-03,    1.698200e-03,    2.337500e-03,    2.337500e-03,    2.233800e-03,    2.233800e-03,
        46,    2.511800e+00,   -2.441813e-02,    1.101282e-02,    2.436910e-02,   -2.316095e-02,   -3.203099e-02,    2.149422e-02,    7.785647e-03,   -4.345756e-03,   -8.700310e-01,    9.459125e-01,   -9.765044e-02,    1.163170e+00,    1.003017e+00,   -6.558733e-01,    5.301816e-01,    3.407010e-02,   -2.864100e-02,    1.560400e-02,    2.419600e-02,   -2.109900e-02,   -2.990800e-02,    2.010600e-02,    9.313100e-03,   -4.247600e-03,    4.853700e-03,    4.853700e-03,    1.772700e-03,    1.772700e-03,    2.116600e-03,    2.116600e-03,    2.881000e-03,    2.881000e-03,
        46,    3.981000e+00,   -2.895367e-02,    1.106399e-02,    3.133372e-02,   -3.002577e-02,   -3.870612e-02,    2.527108e-02,    9.239521e-03,   -5.515360e-03,   -8.585953e-01,    9.206407e-01,   -1.266585e-01,    7.569450e-01,   -4.617352e-02,   -7.923278e-01,    1.343398e-01,    9.765089e-02,   -3.409700e-02,    1.657900e-02,    3.105700e-02,   -2.837200e-02,   -3.880700e-02,    2.354000e-02,    9.689600e-03,   -5.188200e-03,    5.990400e-03,    5.990400e-03,    2.184800e-03,    2.184800e-03,    2.184800e-03,    2.184800e-03,    3.350300e-03,    3.350300e-03,
        47,    6.309500e-01,    7.106820e-03,   -4.403397e-03,    1.582657e-02,   -1.161450e-02,   -2.522265e-02,    1.800940e-02,   -1.174013e-03,    2.475511e-03,    2.998178e+00,    7.303512e-01,   -4.701273e+00,   -7.664738e-01,    2.317373e-01,   -2.145740e+00,   -8.765603e-01,    1.116884e+00,    1.388600e-02,   -2.752000e-03,    9.984300e-03,   -1.256700e-02,   -2.473100e-02,    1.345700e-02,   -2.781800e-03,    4.524100e-03,    2.261100e-03,    2.261100e-03,    1.242700e-03,    1.242700e-03,    2.121600e-03,    2.121600e-03,    1.834200e-03,    1.834200e-03,
        47,    1.000000e+00,    8.514054e-03,   -4.862071e-03,    1.801169e-02,   -1.595668e-02,   -2.959013e-02,    2.177812e-02,   -1.850963e-03,    3.593239e-03,    1.175219e+00,    1.186739e+00,   -2.466891e+00,   -1.983435e-01,    1.705774e-01,   -1.554168e+00,    8.461599e-02,    2.369593e-01,    1.127100e-02,   -2.078100e-03,    1.377900e-02,   -1.629700e-02,   -2.925800e-02,    1.875200e-02,   -1.694500e-03,    4.031400e-03,    2.345900e-03,    2.345900e-03,    1.715800e-03,    1.715800e-03,    1.947100e-03,    1.947100e-03,    1.849100e-03,    1.849100e-03,
        47,    1.584800e+00,    1.034507e-02,   -5.343322e-03,    2.135214e-02,   -2.218343e-02,   -3.516910e-02,    2.719348e-02,   -3.055867e-03,    4.959374e-03,    3.165651e-01,    5.217956e-01,   -1.988032e+00,    1.668994e+00,    1.023504e+00,   -1.317827e+00,    2.156520e-01,   -3.291568e-01,    1.117400e-02,   -3.977000e-03,    1.742200e-02,   -1.888400e-02,   -3.343600e-02,    2.496200e-02,   -2.589800e-03,    4.248000e-03,    2.618500e-03,    2.618500e-03,    1.976900e-03,    1.976900e-03,    1.693300e-03,    1.693300e-03,    2.161200e-03,    2.161200e-03,
        47,    2.511800e+00,    1.285125e-02,   -5.414703e-03,    2.668339e-02,   -3.057389e-02,   -4.303179e-02,    3.412731e-02,   -5.107184e-03,    6.356503e-03,    2.012432e-01,    1.147248e+00,   -8.372110e-01,    1.416156e+00,    1.452084e+00,   -1.293535e+00,    3.304631e-01,   -2.850507e-01,    1.352900e-02,   -1.551000e-03,    2.483600e-02,   -2.744900e-02,   -3.988600e-02,    3.132500e-02,   -4.176600e-03,    5.553800e-03,    3.367800e-03,    3.367800e-03,    2.206600e-03,    2.206600e-03,    2.166400e-03,    2.166400e-03,    2.816000e-03,    2.816000e-03,
        47,    3.981000e+00,    1.587921e-02,   -4.298012e-03,    3.485592e-02,   -4.110580e-02,   -5.388654e-02,    4.171151e-02,   -8.156310e-03,    7.172505e-03,    1.577514e-01,    6.477122e-01,   -6.932824e-01,    5.631598e-01,    1.089328e+00,   -9.473763e-01,    1.434566e-01,   -4.359759e-01,    1.657100e-02,   -1.457600e-03,    3.286800e-02,   -3.949100e-02,   -5.076300e-02,    3.899500e-02,   -7.627300e-03,    5.564800e-03,    4.385300e-03,    4.385300e-03,    2.867400e-03,    2.867400e-03,    2.867400e-03,    2.867400e-03,    3.687600e-03,    3.687600e-03,
        48,    3.981000e-01,    1.028257e-03,   -9.643871e-05,    1.417268e-02,   -6.949409e-03,   -9.919844e-03,    8.848967e-03,    4.191053e-03,   -1.554641e-04,   -1.323985e-01,   -1.777228e+00,    1.387628e+00,    7.802929e-01,   -4.898310e-01,   -9.865789e-01,    3.853919e-01,    7.882182e-01,    9.144800e-04,   -1.623700e-03,    1.672800e-02,   -5.512500e-03,   -1.072400e-02,    7.229300e-03,    4.642000e-03,    7.668300e-04,    8.593500e-04,    8.593500e-04,    1.841500e-03,    1.841500e-03,    1.641700e-03,    1.641700e-03,    1.170100e-03,    1.170100e-03,
        48,    6.309500e-01,    9.015387e-04,    7.919734e-05,    1.568197e-02,   -8.923698e-03,   -1.201924e-02,    1.098724e-02,    4.383133e-03,    2.731290e-04,    1.941460e-01,   -2.136492e+00,    1.574887e+00,    8.157970e-01,   -6.458427e-01,   -6.006016e-01,    1.803651e-01,    4.831024e-01,    1.103800e-03,   -2.146600e-03,    1.854700e-02,   -7.439600e-03,   -1.335000e-02,    9.749700e-03,    4.621900e-03,    9.126600e-04,    1.041800e-03,    1.041800e-03,    1.819200e-03,    1.819200e-03,    2.060500e-03,    2.060500e-03,    1.323800e-03,    1.323800e-03,
        48,    1.000000e+00,    6.452096e-04,    5.101462e-05,    1.762706e-02,   -1.171956e-02,   -1.456441e-02,    1.398766e-02,    4.469577e-03,    9.097846e-04,    6.273764e-01,   -2.053421e+00,    1.331442e+00,    3.381060e-01,   -4.844326e-01,   -5.546790e-01,    1.236116e-01,    3.568122e-01,    1.401700e-03,   -2.425000e-03,    2.024800e-02,   -1.105400e-02,   -1.548900e-02,    1.292900e-02,    4.653400e-03,    1.440400e-03,    1.205800e-03,    1.205800e-03,    1.968500e-03,    1.968500e-03,    1.908600e-03,    1.908600e-03,    1.487100e-03,    1.487100e-03,
        48,    1.584800e+00,    4.178757e-04,   -2.758850e-04,    2.033292e-02,   -1.557688e-02,   -1.800184e-02,    1.814086e-02,    4.330806e-03,    1.837773e-03,    1.211246e+00,   -1.074857e+00,    5.762576e-01,   -4.847452e-01,   -8.873147e-02,   -5.590565e-01,   -6.566167e-03,    2.593935e-01,    1.919700e-03,   -1.608600e-03,    2.161100e-02,   -1.665200e-02,   -1.811800e-02,    1.740900e-02,    4.319900e-03,    2.268600e-03,    1.239900e-03,    1.239900e-03,    2.217900e-03,    2.217900e-03,    1.309100e-03,    1.309100e-03,    1.660900e-03,    1.660900e-03,
        48,    2.511800e+00,    4.756952e-04,   -9.036678e-04,    2.418970e-02,   -2.066364e-02,   -2.288612e-02,    2.342221e-02,    3.735447e-03,    3.006490e-03,    1.260832e+00,   -2.733938e-01,    3.181250e-01,   -3.915749e-01,    7.930178e-02,    1.534554e-01,   -1.264073e-01,    1.738080e-01,    2.204800e-03,   -1.278600e-03,    2.481800e-02,   -2.143700e-02,   -2.275600e-02,    2.367400e-02,    3.496600e-03,    3.334900e-03,    1.371400e-03,    1.371400e-03,    1.975000e-03,    1.975000e-03,    1.640800e-03,    1.640800e-03,    1.889500e-03,    1.889500e-03,
        48,    3.981000e+00,    1.126598e-03,   -1.556396e-03,    2.966840e-02,   -2.712946e-02,   -2.945152e-02,    2.959008e-02,    2.594431e-03,    4.126189e-03,    7.664725e-01,    5.057178e-01,    6.356731e-01,    2.755365e-01,   -2.560482e-02,    6.415693e-01,    2.686701e-02,    1.962875e-01,    2.265500e-03,   -8.049500e-04,    3.099600e-02,   -2.655400e-02,   -2.950500e-02,    3.093000e-02,    2.655000e-03,    4.568700e-03,    1.485900e-03,    1.485900e-03,    2.088500e-03,    2.088500e-03,    2.088500e-03,    2.088500e-03,    2.254400e-03,    2.254400e-03,
VTF,
     StaID,        Freq[Hz],     Re(Tzx)_Cal,     Im(Tzx)_Cal,     Re(Tzy)_Cal,     Im(Tzy)_Cal,     Re(Tzx)_Res,     Im(Tzx)_Res,     Re(Tzy)_Res,     Im(Tzy)_Res,     Re(Tzx)_Obs,     Im(Tzx)_Obs,     Re(Tzy)_Obs,     Im(Tzy)_Obs,      Re(Tzx)_SD,      Im(Tzx)_SD,      Re(Tzy)_SD,      Im(Tzy)_SD,
      1001,    1.000000e+00,    1.599913e-01,   -2.412495e-02,    7.418948e-02,    1.366337e-02,    3.476241e-01,    1.806832e+00,    3.386841e-01,    2.528321e+00,    1.704200e-01,    3.008000e-02,    8.435000e-02,    8.951300e-02,    3.000000e-02,    3.000000e-02,    3.000000e-02,    3.000000e-02,
      1001,    1.584800e+00,    1.653547e-01,    2.603102e-03,    6.734109e-02,    9.646413e-03,   -8.898218e-01,    1.726330e+00,   -2.337503e+00,    7.888862e-01,    1.386600e-01,    5.439300e-02,   -2.784000e-03,    3.331300e-02,    3.000000e-02,    3.000000e-02,    3.000000e-02,    3.000000e-02,
      1001,    2.511800e+00,    1.590599e-01,    3.127215e-02,    6.104976e-02,    1.281532e-03,    5.506714e-01,    1.284762e+00,   -1.312059e+00,   -6.782141e-02,    1.755800e-01,    6.981500e-02,    2.168800e-02,   -7.531100e-04,    3.000000e-02,    3.000000e-02,    3.000000e-02,    3.000000e-02,
      1001,    3.981000e+00,    1.387238e-01,    5.718369e-02,    5.969614e-02,   -1.341813e-02,    5.192058e-01,    7.301770e-01,   -4.924381e-01,   -3.344624e-01,    1.543000e-01,    7.908900e-02,    4.492300e-02,   -2.345200e-02,    3.000000e-02,    3.000000e-02,    3.000000e-02,    3.000000e-02,
      1002,    6.309500e-01,    1.727376e-01,   -6.529790e-02,    4.517703e-03,    5.351768e-02,    7.767475e-01,   -6.046701e-01,   -1.601223e+00,    2.301106e-01,    1.960400e-01,   -8.343800e-02,   -4.351900e-02,    6.042100e-02,    3.000000e-02,    3.000000e-02,    3.000000e-02,    3.000000e-02,
      1002,    1.000000e+00,    1.929135e-01,   -3.848487e-02,   -1.367536e-02,    6.019953e-02,    6.075505e-01,   -7.163751e-02,   -1.151388e+00,    2.037491e-01,    2.111400e-01,   -4.063400e-02,   -4.821700e-02,    6.631200e-02,    3.000000e-02,    3.000000e-02,    3.000000e-02,    3.000000e-02,
      1002,    1.584800e+00,    2.020290e-01,   -7.041017e-03,   -3.655833e-02,    6.497096e-02,    4.860344e-01,    1.060372e-01,   -1.025522e+00,   -2.777654e-01,    2.166100e-01,   -3.859900e-03,   -6.732400e-02,    5.663800e-02,    3.000000e-02,    3.000000e-02,    3.000000e-02,    3.000000e-02,
      1002,    2.511800e+00,    1.962663e-01,    2.609643e-02,   -6.350880e-02,    6.305566e-02,    5.261234e-01,    4.078565e-02,   -5.646402e-01,   -6.324555e-01,    2.120500e-01,    2.732000e-02,   -8.044800e-02,    4.408200e-02,    3.000000e-02,    3.000000e-02,    3.000000e-02,    3.000000e-02,
      1002,    3.981000e+00,    1.734464e-01,    5.372797e-02,   -8.737157e-02,    4.998804e-02,    4.774532e-01,   -4.623219e-02,   -5.048092e-02,   -4.854348e-01,    1.877700e-01,    5.234100e-02,   -8.888600e-02,    3.542500e-02,    3.000000e-02,    3.000000e-02,    3.000000e-02,    3.000000e-02,
      1004,    3.981000e-01,   -4.294538e-03,   -7.510790e-02,    3.648725e-01,   -6.248608e-02,    1.668385e+00,    9.303301e-01,    2.169251e+00,    1.727369e+00,    4.575700e-02,   -4.719800e-02,    4.299500e-01,   -1.066500e-02,    3.000000e-02,    3.000000e-02,    3.000000e-02,    3.000000e-02,
      1004,    6.309500e-01,    2.167982e-02,   -5.931269e-02,    3.868731e-01,   -6.596269e-02,    1.225339e+00,   -2.364910e+00,   -4.117689e-01,    1.574223e+00,    5.844000e-02,   -1.302600e-01,    3.745200e-01,   -1.873600e-02,    3.000000e-02,    3.000000e-02,    3.000000e-02,    3.000000e-02,
      1004,    1.000000e+00,    4.092196e-02,   -3.809950e-02,    4.129412e-01,   -6.608417e-02,   -3.807965e+00,   -2.328499e-01,    3.089587e-01,    1.342939e+00,   -7.331700e-02,   -4.508500e-02,    4.222100e-01,   -2.579600e-02,    3.000000e-02,    3.000000e-02,    3.000000e-02,    3.000000e-02,
      1004,    2.511800e+00,    4.758900e-02,    1.376968e-02,    4.710554e-01,   -3.651245e-02,   -1.080033e+00,   -1.532123e+00,    1.285152e+00,    2.219682e+00,    1.518800e-02,   -3.219400e-02,    5.096100e-01,    3.007800e-02,    3.000000e-02,    3.000000e-02,    3.000000e-02,    3.000000e-02,
      1004,    3.981000e+00,    3.252916e-02,    3.408050e-02,    4.890913e-01,   -1.008352e-04,    1.658280e-01,   -1.535883e+00,    6.126237e-01,    1.613428e+00,    3.750400e-02,   -1.199600e-02,    5.074700e-01,    4.830200e-02,    3.000000e-02,    3.000000e-02,    3.000000e-02,    3.000000e-02,
      1005,    6.309500e-01,    1.580882e-01,   -6.680476e-02,    9.373833e-02,    1.438375e-02,    3.058534e-03,    1.321759e+00,   -9.372109e-01,    5.000082e-01,    1.581800e-01,   -2.715200e-02,    6.562200e-02,    2.938400e-02,    3.000000e-02,    3.000000e-02,    3.000000e-02,    3.000000e-02,
      1005,    1.000000e+00,    1.794910e-01,   -4.246603e-02,    8.768775e-02,    1.366021e-02,   -3.233661e-01,    1.323971e+00,   -3.946916e-01,    1.257931e-01,    1.697900e-01,   -2.746900e-03,    7.584700e-02,    1.743400e-02,    3.000000e-02,    3.000000e-02,    3.000000e-02,    3.000000e-02,
      1005,    1.584800e+00,    1.918776e-01,   -1.305257e-02,    8.067750e-02,    1.092615e-02,   -6.765862e-01,    8.057858e-01,   -1.385007e-02,   -3.229183e-02,    1.715800e-01,    1.112100e-02,    8.026200e-02,    9.957400e-03,    3.000000e-02,    3.000000e-02,    3.000000e-02,    3.000000e-02,
      1005,    2.511800e+00,    1.918621e-01,    2.028165e-02,    7.326742e-02,    3.691919e-03,   -5.334042e-01,    1.347782e-01,    3.760859e-01,   -1.946706e-01,    1.758600e-01,    2.432500e-02,    8.455000e-02,   -2.148200e-03,    3.000000e-02,    3.000000e-02,    3.000000e-02,    3.000000e-02,
      1005,    3.981000e+00,    1.762209e-01,    5.311580e-02,    7.008815e-02,   -1.077734e-02,   -3.030497e-03,   -3.344932e-01,    5.332951e-01,   -9.138860e-02,    1.761300e-01,    4.308100e-02,    8.608700e-02,   -1.351900e-02,    3.000000e-02,    3.000000e-02,    3.000000e-02,    3.000000e-02,
      1006,    1.584800e+00,    3.173872e-02,   -4.252018e-02,    9.719558e-02,    4.271470e-02,   -2.673491e+00,   -4.746606e-01,   -1.594195e-01,    1.637765e-01,   -4.846600e-02,   -5.676000e-02,    9.241300e-02,    4.762800e-02,    3.000000e-02,    3.000000e-02,    3.000000e-02,    3.000000e-02,
      1006,    2.511800e+00,    4.016897e-02,   -3.076930e-02,    8.067450e-02,    5.448905e-02,   -1.408172e+00,    2.721768e-01,    4.357498e-01,   -6.570685e-01,   -2.076200e-03,   -2.260400e-02,    9.374700e-02,    3.477700e-02,    3.000000e-02,    3.000000e-02,    3.000000e-02,    3.000000e-02,
      1006,    3.981000e+00,    4.805439e-02,   -2.154028e-02,    5.711994e-02,    6.155733e-02,   -8.975129e-01,    2.314425e-01,    1.114702e+00,   -6.817108e-01,    2.112900e-02,   -1.459700e-02,    9.056100e-02,    4.110600e-02,    3.000000e-02,    3.000000e-02,    3.000000e-02,    3.000000e-02,
      1007,    6.309500e-01,   -9.976897e-02,   -4.734109e-02,    1.526194e-01,    2.254243e-03,    4.899990e-01,    8.094028e-01,   -1.708979e+00,   -3.154148e-01,   -8.506900e-02,   -2.305900e-02,    1.013500e-01,   -7.208200e-03,    3.000000e-02,    3.000000e-02,    3.000000e-02,    3.000000e-02,
      1007,    1.000000e+00,   -8.804731e-02,   -3.113512e-02,    1.526061e-01,    4.760447e-03,    2.738437e-01,    4.562707e-01,   -1.860204e+00,   -9.544149e-01,   -7.983200e-02,   -1.744700e-02,    9.680000e-02,   -2.387200e-02,    3.000000e-02,    3.000000e-02,    3.000000e-02,    3.000000e-02,
      1007,    1.584800e+00,   -8.529890e-02,   -1.719382e-02,    1.520647e-01,    8.756091e-03,    9.362965e-01,    7.376069e-02,   -1.678823e+00,   -1.127003e+00,   -5.721000e-02,   -1.498100e-02,    1.017000e-01,   -2.505400e-02,    3.000000e-02,    3.000000e-02,    3.000000e-02,    3.000000e-02,
      1007,    2.511800e+00,   -8.781461e-02,   -1.043383e-02,    1.493839e-01,    1.412868e-02,    1.460220e+00,    2.344077e-01,   -1.111132e+00,   -1.002223e+00,   -4.400800e-02,   -3.401600e-03,    1.160500e-01,   -1.593800e-02,    3.000000e-02,    3.000000e-02,    3.000000e-02,    3.000000e-02,
      1007,    3.981000e+00,   -8.860704e-02,   -1.043778e-02,    1.444569e-01,    1.901374e-02,    1.076768e+00,    6.889928e-01,   -5.528952e-01,   -7.870379e-01,   -5.630400e-02,    1.023200e-02,    1.278700e-01,   -4.597400e-03,    3.000000e-02,    3.000000e-02,    3.000000e-02,    3.000000e-02,
      1008,    1.000000e+00,    1.931627e-01,   -3.692806e-02,    4.012882e-02,    5.108854e-02,    6.099111e-01,    1.549439e+00,   -7.180941e-01,    7.481488e-01,    2.114600e-01,    9.555100e-03,    1.858600e-02,    7.353300e-02,    3.000000e-02,    3.000000e-02,    3.000000e-02,    3.000000e-02,
      1008,    1.584800e+00,    2.054456e-01,   -6.792591e-03,    2.277697e-02,    6.362853e-02,    1.036479e+00,    1.637586e+00,   -3.974991e-01,    2.889155e-01,    2.365400e-01,    4.233500e-02,    1.085200e-02,    7.229600e-02,    3.000000e-02,    3.000000e-02,    3.000000e-02,    3.000000e-02,
      1008,    2.511800e+00,    2.045894e-01,    2.989173e-02,   -3.766309e-03,    7.458457e-02,    1.136686e+00,    1.494509e+00,   -7.645230e-01,   -7.751524e-01,    2.386900e-01,    7.472700e-02,   -2.670200e-02,    5.133000e-02,    3.000000e-02,    3.000000e-02,    3.000000e-02,    3.000000e-02,
      1008,    3.981000e+00,    1.841742e-01,    6.769815e-02,   -3.857646e-02,    7.589953e-02,    7.925272e-01,    1.014128e+00,   -1.217685e+00,   -2.834509e-01,    2.079500e-01,    9.812200e-02,   -7.510700e-02,    6.739600e-02,    3.000000e-02,    3.000000e-02,    3.000000e-02,    3.000000e-02,
      1009,    2.511800e+00,   -8.362727e-02,    1.040164e-01,    1.952208e-01,    6.705858e-03,   -2.615424e+00,    2.506119e+00,    2.273078e-01,   -5.494219e-01,   -1.620900e-01,    1.792000e-01,    2.020400e-01,   -9.776800e-03,    3.000000e-02,    3.000000e-02,    3.000000e-02,    3.000000e-02,
      1009,    3.981000e+00,   -1.367104e-01,    1.236734e-01,    1.890852e-01,    1.414679e-02,   -6.965394e-02,    2.257219e+00,    4.384942e-01,   -5.479664e-01,   -1.388000e-01,    1.913900e-01,    2.022400e-01,   -2.292200e-03,    3.000000e-02,    3.000000e-02,    3.000000e-02,    3.000000e-02,
      1010,    3.981000e-01,    1.179414e-01,   -9.909667e-02,    1.104485e-01,    1.555653e-02,   -1.462778e+00,    1.305689e+00,    3.830716e+00,    1.940824e-01,    7.405800e-02,   -5.992600e-02,    2.253700e-01,    2.137900e-02,    3.000000e-02,    3.000000e-02,    3.000000e-02,    3.000000e-02,
      1010,    6.309500e-01,    1.515483e-01,   -8.038291e-02,    1.059407e-01,    1.868192e-02,   -1.359278e+00,    1.347997e+00,    3.838644e+00,    1.381028e-01,    1.107700e-01,   -3.994300e-02,    2.211000e-01,    2.282500e-02,    3.000000e-02,    3.000000e-02,    3.000000e-02,    3.000000e-02,
      1010,    1.000000e+00,    1.784252e-01,   -5.542496e-02,    1.001774e-01,    2.272459e-02,   -8.541737e-01,    7.351319e-01,    3.682088e+00,   -2.756198e-01,    1.528000e-01,   -3.337100e-02,    2.106400e-01,    1.445600e-02,    3.000000e-02,    3.000000e-02,    3.000000e-02,    3.000000e-02,
      1010,    1.584800e+00,    1.965407e-01,   -2.405140e-02,    9.187398e-02,    2.726422e-02,   -4.956898e-01,    3.464798e-01,    4.127201e+00,   -5.608072e-01,    1.816700e-01,   -1.365700e-02,    2.156900e-01,    1.044000e-02,    3.000000e-02,    3.000000e-02,    3.000000e-02,    3.000000e-02,
      1010,    2.511800e+00,    2.024393e-01,    1.347847e-02,    7.983971e-02,    2.983298e-02,   -5.793112e-01,   -4.298326e-01,    4.749676e+00,    4.488340e-01,    1.850600e-01,    5.834900e-04,    2.223300e-01,    4.329800e-02,    3.000000e-02,    3.000000e-02,    3.000000e-02,    3.000000e-02,
      1010,    3.981000e+00,    1.920982e-01,    5.407758e-02,    6.690478e-02,    2.636078e-02,   -5.560691e-02,   -8.178859e-01,    4.558841e+00,    2.170274e+00,    1.904300e-01,    2.954100e-02,    2.036700e-01,    9.146900e-02,    3.000000e-02,    3.000000e-02,    3.000000e-02,    3.000000e-02,
      1011,    3.981000e-01,    1.764843e-01,   -8.062064e-02,   -8.871612e-03,    5.061211e-02,    9.718559e-01,    7.532132e-02,   -1.531146e+00,   -6.594704e-01,    2.056400e-01,   -7.836100e-02,   -5.480600e-02,    3.082800e-02,    3.000000e-02,    3.000000e-02,    3.000000e-02,    3.000000e-02,
      1011,    6.309500e-01,    2.016168e-01,   -5.922558e-02,   -2.670990e-02,    5.386286e-02,   -9.068925e-01,   -2.327475e-01,   -2.072037e+00,   -2.986619e-01,    1.744100e-01,   -6.620800e-02,   -8.887100e-02,    4.490300e-02,    3.000000e-02,    3.000000e-02,    3.000000e-02,    3.000000e-02,
      1011,    1.000000e+00,    2.184061e-01,   -3.385607e-02,   -4.751982e-02,    5.476022e-02,   -9.622044e-01,    2.491689e-01,   -1.908339e+00,   -3.245073e-01,    1.895400e-01,   -2.638100e-02,   -1.047700e-01,    4.502500e-02,    3.000000e-02,    3.000000e-02,    3.000000e-02,    3.000000e-02,
      1011,    1.584800e+00,    2.245661e-01,   -5.846549e-03,   -7.140138e-02,    5.006388e-02,   -4.732040e-01,    7.189495e-02,   -1.270287e+00,   -6.996628e-01,    2.103700e-01,   -3.689700e-03,   -1.095100e-01,    2.907400e-02,    3.000000e-02,    3.000000e-02,    3.000000e-02,    3.000000e-02,
      1011,    2.511800e+00,    2.177405e-01,    2.102610e-02,   -9.548589e-02,    3.453965e-02,    9.276500e-01,    4.093965e-01,   -7.198037e-01,   -1.055955e+00,    2.455700e-01,    3.330800e-02,   -1.170800e-01,    2.861000e-03,    3.000000e-02,    3.000000e-02,    3.000000e-02,    3.000000e-02,
      1011,    3.981000e+00,    1.993827e-01,    3.984422e-02,   -1.098982e-01,    4.735340e-03,    1.300243e+00,    4.789594e-01,    2.816074e-01,   -1.366911e+00,    2.383900e-01,    5.421300e-02,   -1.014500e-01,   -3.627200e-02,    3.000000e-02,    3.000000e-02,    3.000000e-02,    3.000000e-02,
      1012,    1.000000e+00,    2.778195e-01,   -4.780278e-02,    8.963603e-02,    1.329208e-02,   -3.626491e-01,    3.853359e+00,    1.400799e+00,    4.525305e-01,    2.669400e-01,    6.779800e-02,    1.316600e-01,    2.686800e-02,    3.000000e-02,    3.000000e-02,    3.000000e-02,    3.000000e-02,
      1012,    1.584800e+00,    3.036665e-01,   -1.717318e-02,    9.345480e-02,    3.253647e-02,   -2.328821e-01,    3.620906e+00,    7.815068e-01,    7.152509e-01,    2.966800e-01,    9.145400e-02,    1.169000e-01,    5.399400e-02,    3.000000e-02,    3.000000e-02,    3.000000e-02,    3.000000e-02,
      1012,    2.511800e+00,    3.148430e-01,    3.580064e-02,    8.284194e-02,    6.487204e-02,   -9.364317e-01,    2.854979e+00,    5.730197e-02,    7.224653e-01,    2.867500e-01,    1.214500e-01,    8.456100e-02,    8.654600e-02,    3.000000e-02,    3.000000e-02,    3.000000e-02,    3.000000e-02,
      1012,    3.981000e+00,    2.870462e-01,    1.000727e-01,    4.313636e-02,    9.563252e-02,    7.612660e-02,   -2.901578e-01,   -4.431121e-01,    2.602492e-01,    2.893300e-01,    9.136800e-02,    2.984300e-02,    1.034400e-01,    3.000000e-02,    3.000000e-02,    3.000000e-02,    3.000000e-02,
      1014,    6.309500e-01,    1.624988e-01,   -1.234365e-01,    1.372283e-01,    1.740778e-02,    2.742372e+00,   -5.067820e-01,   -1.328078e+00,    1.001374e+00,    2.447700e-01,   -1.386400e-01,    9.738600e-02,    4.744900e-02,    3.000000e-02,    3.000000e-02,    3.000000e-02,    3.000000e-02,
      1014,    1.000000e+00,    2.020776e-01,   -1.081141e-01,    1.352940e-01,    2.690763e-02,    1.660412e+00,   -8.965306e-01,   -1.123468e+00,    1.204012e+00,    2.518900e-01,   -1.350100e-01,    1.015900e-01,    6.302800e-02,    3.000000e-02,    3.000000e-02,    3.000000e-02,    3.000000e-02,
      1014,    1.584800e+00,    2.373094e-01,   -8.858898e-02,    1.302111e-01,    4.177975e-02,    5.703528e-01,   -6.263672e-01,   -1.160003e+00,    8.675416e-01,    2.544200e-01,   -1.073800e-01,    9.541100e-02,    6.780600e-02,    3.000000e-02,    3.000000e-02,    3.000000e-02,    3.000000e-02,
      1014,    2.511800e+00,    2.682752e-01,   -6.305955e-02,    1.177221e-01,    6.170712e-02,   -4.971746e-01,   -9.804815e-01,   -1.282402e+00,    8.919628e-01,    2.533600e-01,   -9.247400e-02,    7.925000e-02,    8.846600e-02,    3.000000e-02,    3.000000e-02,    3.000000e-02,    3.000000e-02,
      1014,    3.981000e+00,    2.927414e-01,   -2.798561e-02,    9.485681e-02,    8.254247e-02,   -6.667134e-01,   -1.339464e-01,   -1.425394e+00,    7.549178e-01,    2.727400e-01,   -3.200400e-02,    5.209500e-02,    1.051900e-01,    3.000000e-02,    3.000000e-02,    3.000000e-02,    3.000000e-02,
      1015,    6.309500e-01,    1.113658e-01,   -5.777158e-02,    2.809677e-02,    4.284077e-02,    6.378081e-01,   -2.296614e+00,    7.871411e-01,    1.098241e+00,    1.305000e-01,   -1.266700e-01,    5.171100e-02,    7.578800e-02,    3.000000e-02,    3.000000e-02,    3.000000e-02,    3.000000e-02,
      1015,    2.511800e+00,    1.314874e-01,    3.879580e-02,   -2.809973e-02,    4.088626e-02,   -3.862471e-01,    6.879400e-01,    9.255040e-01,   -1.995420e-01,    1.199000e-01,    5.943400e-02,   -3.346100e-04,    3.490000e-02,    3.000000e-02,    3.000000e-02,    3.000000e-02,    3.000000e-02,
      1015,    3.981000e+00,    1.085112e-01,    7.223826e-02,   -4.396656e-02,    2.430060e-02,   -5.397718e-01,    1.315914e-01,    9.343187e-01,    3.129133e-01,    9.231800e-02,    7.618600e-02,   -1.593700e-02,    3.368800e-02,    3.000000e-02,    3.000000e-02,    3.000000e-02,    3.000000e-02,
      1017,    3.981000e-01,   -6.943284e-02,   -9.552309e-02,    8.011805e-02,    2.182315e-02,    4.936895e+00,   -1.146564e+00,    3.141065e+00,   -7.627182e-02,    7.867400e-02,   -1.299200e-01,    1.743500e-01,    1.953500e-02,    3.000000e-02,    3.000000e-02,    3.000000e-02,    3.000000e-02,
      1017,    6.309500e-01,   -4.058960e-02,   -8.308774e-02,    7.027359e-02,    2.037384e-02,    4.433387e+00,   -2.273742e+00,    3.730214e+00,   -9.597947e-01,    9.241200e-02,   -1.513000e-01,    1.821800e-01,   -8.420000e-03,    3.000000e-02,    3.000000e-02,    3.000000e-02,    3.000000e-02,
      1017,    1.000000e+00,   -2.030617e-02,   -7.040095e-02,    6.049002e-02,    1.533407e-02,    1.016972e+00,   -2.870635e+00,    2.876666e+00,   -7.552389e-01,    1.020300e-02,   -1.565200e-01,    1.467900e-01,   -7.323100e-03,    3.000000e-02,    3.000000e-02,    3.000000e-02,    3.000000e-02,
      1017,    1.584800e+00,   -7.221821e-03,   -6.280962e-02,    5.180997e-02,    5.972925e-03,   -6.146060e-01,   -2.032013e+00,    8.402345e-01,   -9.214642e-01,   -2.566000e-02,   -1.237700e-01,    7.701700e-02,   -2.167100e-02,    3.000000e-02,    3.000000e-02,    3.000000e-02,    3.000000e-02,
      1017,    2.511800e+00,    4.174880e-03,   -6.419958e-02,    4.560559e-02,   -9.231980e-03,   -5.215293e-01,    3.893527e-01,    8.991805e-01,   -1.742834e+00,   -1.147100e-02,   -5.251900e-02,    7.258100e-02,   -6.151700e-02,    3.000000e-02,    3.000000e-02,    3.000000e-02,    3.000000e-02,
      1017,    3.981000e+00,    2.185842e-02,   -7.254753e-02,    4.568142e-02,   -3.191101e-02,   -1.247114e+00,    5.870509e-01,    8.068861e-01,   -1.013966e+00,   -1.555500e-02,   -5.493600e-02,    6.988800e-02,   -6.233000e-02,    3.000000e-02,    3.000000e-02,    3.000000e-02,    3.000000e-02,
      1019,    3.981000e+00,    4.020668e-02,    1.031017e-01,    1.985421e-02,    2.863717e-03,    4.091444e+00,    2.730944e+00,    8.149860e+00,    3.227143e+00,    1.629500e-01,    1.850300e-01,    2.643500e-01,    9.967800e-02,    3.000000e-02,    3.000000e-02,    3.000000e-02,    3.000000e-02,
      1022,    1.584800e+00,    2.266728e-01,   -2.547848e-02,    8.604784e-02,    2.702370e-02,   -8.740928e-01,    2.915825e-01,   -7.160613e-01,   -2.949233e-01,    2.004500e-01,   -1.673100e-02,    6.456600e-02,    1.817600e-02,    3.000000e-02,    3.000000e-02,    3.000000e-02,    3.000000e-02,
      1022,    2.511800e+00,    2.327810e-01,    9.428988e-03,    7.349654e-02,    2.947549e-02,   -6.034484e-03,   -4.040163e-01,    5.489819e-01,   -2.596163e-01,    2.326000e-01,   -2.691500e-03,    8.996600e-02,    2.168700e-02,    3.000000e-02,    3.000000e-02,    3.000000e-02,    3.000000e-02,
      1022,    3.981000e+00,    2.225398e-01,    4.697225e-02,    5.879235e-02,    2.527713e-02,    1.846717e-01,    1.525826e-02,    1.381922e+00,   -2.512710e-01,    2.280800e-01,    4.743000e-02,    1.002500e-01,    1.773900e-02,    3.000000e-02,    3.000000e-02,    3.000000e-02,    3.000000e-02,
      1023,    6.309500e-01,    1.534875e-01,   -4.479371e-02,   -1.423382e-02,    5.273752e-02,    7.640830e-01,   -1.078097e-01,   -9.372690e-03,    1.434349e+00,    1.764100e-01,   -4.802800e-02,   -1.451500e-02,    9.576800e-02,    3.000000e-02,    3.000000e-02,    3.000000e-02,    3.000000e-02,
      1023,    1.000000e+00,    1.656392e-01,   -1.862565e-02,   -3.428570e-02,    5.508482e-02,    8.376919e-01,    8.530117e-01,   -5.791099e-01,   -6.606051e-02,    1.907700e-01,    6.964700e-03,   -5.165900e-02,    5.310300e-02,    3.000000e-02,    3.000000e-02,    3.000000e-02,    3.000000e-02,
      1023,    1.584800e+00,    1.661535e-01,    9.925522e-03,   -5.775460e-02,    5.248292e-02,    4.335501e-01,    1.417916e+00,   -7.721466e-01,   -1.417337e+00,    1.791600e-01,    5.246300e-02,   -8.091900e-02,    9.962800e-03,    3.000000e-02,    3.000000e-02,    3.000000e-02,    3.000000e-02,
      1023,    2.511800e+00,    1.523998e-01,    3.612963e-02,   -8.208343e-02,    3.980700e-02,   -4.619944e-01,    1.524146e+00,   -5.264522e-01,   -2.048533e+00,    1.385400e-01,    8.185400e-02,   -9.787700e-02,   -2.164900e-02,    3.000000e-02,    3.000000e-02,    3.000000e-02,    3.000000e-02,
      1023,    3.981000e+00,    1.259485e-01,    5.169334e-02,   -9.760231e-02,    1.346617e-02,   -5.252829e-01,    1.378655e+00,    1.766438e-01,   -1.865339e+00,    1.101900e-01,    9.305300e-02,   -9.230300e-02,   -4.249400e-02,    3.000000e-02,    3.000000e-02,    3.000000e-02,    3.000000e-02,
      1024,    2.511800e+00,    1.770542e-01,   -3.707327e-03,    1.285759e-01,   -5.848045e-03,    2.977527e+00,   -3.775089e+00,   -2.323895e+00,   -1.270598e+00,    2.663800e-01,   -1.169600e-01,    5.885900e-02,   -4.396600e-02,    3.000000e-02,    3.000000e-02,    3.000000e-02,    3.000000e-02,
      1024,    3.981000e+00,    1.787742e-01,    3.474859e-02,    1.276909e-01,    1.858205e-03,    1.536193e+00,   -3.977197e-01,   -6.523644e-01,   -6.152735e-01,    2.248600e-01,    2.281700e-02,    1.081200e-01,   -1.660000e-02,    3.000000e-02,    3.000000e-02,    3.000000e-02,    3.000000e-02,
      1027,    3.981000e-01,    2.404323e-02,   -9.662886e-02,    1.817553e-01,   -3.622511e-03,   -5.437443e-02,    2.664954e-01,   -2.841780e-01,    1.115117e+00,    2.241200e-02,   -8.863400e-02,    1.732300e-01,    2.983100e-02,    3.000000e-02,    3.000000e-02,    3.000000e-02,    3.000000e-02,
      1027,    6.309500e-01,    5.637619e-02,   -8.410226e-02,    1.854380e-01,    9.621514e-04,    6.072602e-01,    4.997088e-01,   -8.246003e-01,    8.075616e-01,    7.459400e-02,   -6.911100e-02,    1.607000e-01,    2.518900e-02,    3.000000e-02,    3.000000e-02,    3.000000e-02,    3.000000e-02,
      1027,    1.000000e+00,    8.284211e-02,   -6.700939e-02,    1.891567e-01,    9.218865e-03,   -9.597043e-02,    5.031796e-01,   -1.268890e+00,    4.783712e-01,    7.996300e-02,   -5.191400e-02,    1.510900e-01,    2.357000e-02,    3.000000e-02,    3.000000e-02,    3.000000e-02,    3.000000e-02,
      1027,    1.584800e+00,    1.022767e-01,   -4.702052e-02,    1.911515e-01,    2.360865e-02,    1.081096e-01,    5.774173e-01,   -1.339383e+00,    2.322450e-01,    1.055200e-01,   -2.969800e-02,    1.509700e-01,    3.057600e-02,    3.000000e-02,    3.000000e-02,    3.000000e-02,    3.000000e-02,
      1027,    2.511800e+00,    1.146294e-01,   -2.571721e-02,    1.868880e-01,    4.544363e-02,    1.413538e-01,    3.094070e-01,   -1.439266e+00,   -3.392544e-01,    1.188700e-01,   -1.643500e-02,    1.437100e-01,    3.526600e-02,    3.000000e-02,    3.000000e-02,    3.000000e-02,    3.000000e-02,
      1027,    3.981000e+00,    1.207997e-01,   -3.381932e-03,    1.716202e-01,    7.190223e-02,    1.090113e-01,    4.204108e-02,   -1.071005e+00,   -6.393076e-01,    1.240700e-01,   -2.120700e-03,    1.394900e-01,    5.272300e-02,    3.000000e-02,    3.000000e-02,    3.000000e-02,    3.000000e-02,
      1028,    3.981000e-01,   -5.286293e-03,   -8.781664e-02,    1.488260e-01,    9.079345e-03,    7.589098e-01,    5.291212e-01,    1.991342e-01,   -4.130248e-01,    1.748100e-02,   -7.194300e-02,    1.548000e-01,   -3.311400e-03,    3.000000e-02,    3.000000e-02,    3.000000e-02,    3.000000e-02,
      1028,    6.309500e-01,    2.391853e-02,   -7.479656e-02,    1.484319e-01,    1.578309e-02,    1.040149e+00,    1.735855e-01,   -1.033730e+00,    2.099970e-01,    5.512300e-02,   -6.958900e-02,    1.174200e-01,    2.208300e-02,    3.000000e-02,    3.000000e-02,    3.000000e-02,    3.000000e-02,
      1028,    1.000000e+00,    4.657305e-02,   -5.770091e-02,    1.469140e-01,    2.615360e-02,    6.591318e-01,    3.029638e-01,   -1.620166e+00,    1.604801e-01,    6.634700e-02,   -4.861200e-02,    9.830900e-02,    3.096800e-02,    3.000000e-02,    3.000000e-02,    3.000000e-02,    3.000000e-02,
      1028,    1.584800e+00,    6.150443e-02,   -3.901197e-02,    1.420341e-01,    4.200388e-02,    4.524524e-01,    6.344991e-01,   -1.818337e+00,   -5.586627e-01,    7.507800e-02,   -1.997700e-02,    8.748400e-02,    2.524400e-02,    3.000000e-02,    3.000000e-02,    3.000000e-02,    3.000000e-02,
      1028,    2.511800e+00,    6.946967e-02,   -2.139138e-02,    1.292751e-01,    6.310043e-02,    1.035445e-01,    7.027596e-01,   -1.210937e+00,   -9.875476e-01,    7.257600e-02,   -3.085900e-04,    9.294700e-02,    3.347400e-02,    3.000000e-02,    3.000000e-02,    3.000000e-02,    3.000000e-02,
      1028,    3.981000e+00,    7.307873e-02,   -5.369312e-03,    1.054489e-01,    8.487008e-02,    8.644237e-02,    4.693037e-01,   -7.726647e-01,   -1.113103e+00,    7.567200e-02,    8.709800e-03,    8.226900e-02,    5.147700e-02,    3.000000e-02,    3.000000e-02,    3.000000e-02,    3.000000e-02,
      1029,    1.584800e+00,    1.153683e-01,   -8.750268e-03,    7.690112e-02,    3.237992e-02,   -8.461159e-02,    1.943109e+00,   -2.746841e+00,    3.864669e+00,    1.128300e-01,    4.954300e-02,   -5.504100e-03,    1.483200e-01,    3.000000e-02,    3.000000e-02,    3.000000e-02,    3.000000e-02,
      1029,    2.511800e+00,    1.170716e-01,    1.715338e-02,    6.486710e-02,    4.545520e-02,    5.332806e-01,    1.972121e+00,   -2.605470e+00,    6.329599e-01,    1.330700e-01,    7.631700e-02,   -1.329700e-02,    6.444400e-02,    3.000000e-02,    3.000000e-02,    3.000000e-02,    3.000000e-02,
      1029,    3.981000e+00,    1.039704e-01,    4.468644e-02,    4.365359e-02,    5.616491e-02,    3.996533e-01,    1.989785e+00,   -2.035986e+00,   -2.774969e-01,    1.159600e-01,    1.043800e-01,   -1.742600e-02,    4.784000e-02,    3.000000e-02,    3.000000e-02,    3.000000e-02,    3.000000e-02,
      1030,    3.981000e-01,    1.269528e-02,   -7.593968e-02,    7.026497e-02,    1.771011e-02,    1.205906e-01,   -6.893440e-01,    5.002834e+00,   -6.753670e+00,    1.631300e-02,   -9.662000e-02,    2.203500e-01,   -1.849000e-01,    3.000000e-02,    3.000000e-02,    3.000000e-02,    3.000000e-02,
      1030,    6.309500e-01,    3.927024e-02,   -5.879485e-02,    6.357643e-02,    1.877240e-02,   -9.537474e-02,   -1.159505e+00,    5.306786e+00,   -6.321080e+00,    3.640900e-02,   -9.358000e-02,    2.227800e-01,   -1.708600e-01,    3.000000e-02,    3.000000e-02,    3.000000e-02,    3.000000e-02,
      1030,    1.000000e+00,    5.917718e-02,   -3.575160e-02,    5.602965e-02,    1.838882e-02,   -3.114392e-01,   -1.933647e+00,    5.702012e+00,   -3.692961e+00,    4.983400e-02,   -9.376100e-02,    2.270900e-01,   -9.240000e-02,    3.000000e-02,    3.000000e-02,    3.000000e-02,    3.000000e-02,
      1030,    1.584800e+00,    7.013938e-02,   -7.315123e-03,    4.820349e-02,    1.588391e-02,    7.865403e-02,   -2.058163e+00,    6.039550e+00,   -2.242330e+00,    7.249900e-02,   -6.906000e-02,    2.293900e-01,   -5.138600e-02,    3.000000e-02,    3.000000e-02,    3.000000e-02,    3.000000e-02,
      1030,    2.511800e+00,    6.921693e-02,    2.515430e-02,    4.073267e-02,    1.058083e-02,    5.832355e-01,   -1.679643e+00,    6.303578e+00,   -7.306109e-02,    8.671400e-02,   -2.523500e-02,    2.298400e-01,    8.389000e-03,    3.000000e-02,    3.000000e-02,    3.000000e-02,    3.000000e-02,
      1030,    3.981000e+00,    5.357490e-02,    5.818206e-02,    3.473238e-02,    1.514083e-03,    1.537770e+00,   -1.739465e+00,    5.687921e+00,    2.070831e+00,    9.970800e-02,    5.998100e-03,    2.053700e-01,    6.363900e-02,    3.000000e-02,    3.000000e-02,    3.000000e-02,    3.000000e-02,
      1031,    6.309500e-01,    9.731776e-02,   -4.183117e-02,    7.487279e-02,    1.140657e-02,    5.730748e-01,   -1.758961e+00,    1.054907e+00,    7.709476e-01,    1.145100e-01,   -9.460000e-02,    1.065200e-01,    3.453500e-02,    3.000000e-02,    3.000000e-02,    3.000000e-02,    3.000000e-02,
      1031,    1.000000e+00,    1.115881e-01,   -3.011273e-02,    7.404261e-02,    1.582581e-02,    8.217295e-01,   -2.287776e+00,    6.229798e-01,    8.999062e-01,    1.362400e-01,   -9.874600e-02,    9.273200e-02,    4.282300e-02,    3.000000e-02,    3.000000e-02,    3.000000e-02,    3.000000e-02,
      1031,    1.584800e+00,    1.240966e-01,   -1.323568e-02,    7.076340e-02,    2.412997e-02,   -8.719521e-01,   -1.768811e+00,    5.364535e-01,    6.350677e-01,    9.793800e-02,   -6.630000e-02,    8.685700e-02,    4.318200e-02,    3.000000e-02,    3.000000e-02,    3.000000e-02,    3.000000e-02,
      1031,    2.511800e+00,    1.299444e-01,    1.168521e-02,    6.146312e-02,    3.492519e-02,   -1.180946e+00,   -4.210377e-01,    1.037163e+00,    2.063269e-01,    9.451600e-02,   -9.459200e-04,    9.257800e-02,    4.111500e-02,    3.000000e-02,    3.000000e-02,    3.000000e-02,    3.000000e-02,
      1032,    6.309500e-01,    1.843915e-01,   -7.374542e-02,    7.355389e-02,    1.573048e-02,   -5.763884e+00,    2.344257e+00,   -1.712030e+00,   -1.114493e-01,    1.147500e-02,   -3.417700e-03,    2.219300e-02,    1.238700e-02,    3.000000e-02,    3.000000e-02,    3.000000e-02,    3.000000e-02,
      1032,    1.000000e+00,    2.082127e-01,   -6.019731e-02,    7.096852e-02,    1.954474e-02,   -6.037857e+00,    1.909040e+00,   -1.110217e+00,   -1.413912e-01,    2.707700e-02,   -2.926100e-03,    3.766200e-02,    1.530300e-02,    3.000000e-02,    3.000000e-02,    3.000000e-02,    3.000000e-02,
      1032,    1.584800e+00,    2.299305e-01,   -4.174221e-02,    6.663178e-02,    2.653844e-02,   -5.937916e+00,    1.319840e+00,   -1.488261e-01,   -2.205815e-01,    5.179300e-02,   -2.147000e-03,    6.216700e-02,    1.992100e-02,    3.000000e-02,    3.000000e-02,    3.000000e-02,    3.000000e-02,
      1032,    2.511800e+00,    2.460895e-01,   -1.486477e-02,    5.771193e-02,    3.615158e-02,   -5.171184e+00,    4.650816e-01,    1.442602e+00,   -2.971527e-01,    9.095400e-02,   -9.123200e-04,    1.009900e-01,    2.723700e-02,    3.000000e-02,    3.000000e-02,    3.000000e-02,    3.000000e-02,
      1032,    3.981000e+00,    2.494825e-01,    2.043089e-02,    4.151215e-02,    4.511564e-02,   -2.939418e+00,    2.660704e-01,    2.323262e+00,   -6.636879e-01,    1.613000e-01,    2.841300e-02,    1.112100e-01,    2.520500e-02,    3.000000e-02,    3.000000e-02,    3.000000e-02,    3.000000e-02,
      1033,    1.584800e+00,   -5.092885e-02,    5.002526e-02,    4.998185e-02,    7.623020e-02,    6.526615e-01,   -7.495753e-01,   -2.587662e+00,   -2.532067e-01,   -3.134900e-02,    2.753800e-02,   -2.764800e-02,    6.863400e-02,    3.000000e-02,    3.000000e-02,    3.000000e-02,    3.000000e-02,
      1033,    2.511800e+00,   -9.428009e-02,    7.631379e-02,    1.126722e-02,    9.732131e-02,    5.336362e-01,   -8.693931e-01,   -1.444907e+00,   -1.307044e+00,   -7.827100e-02,    5.023200e-02,   -3.208000e-02,    5.811000e-02,    3.000000e-02,    3.000000e-02,    3.000000e-02,    3.000000e-02,
      1033,    3.981000e+00,   -1.498515e-01,    6.495479e-02,   -3.917156e-02,    9.661658e-02,   -7.302841e-01,   -1.317460e+00,   -9.268148e-01,   -1.453586e+00,   -1.717600e-01,    2.543100e-02,   -6.697600e-02,    5.300900e-02,    3.000000e-02,    3.000000e-02,    3.000000e-02,    3.000000e-02,
      1034,    3.981000e-01,    2.523687e-03,   -2.612851e-02,    1.013232e-01,    2.985955e-02,   -3.502790e+00,    1.308317e+00,   -2.493007e+00,    6.444149e-01,   -1.025600e-01,    1.312100e-02,    2.653300e-02,    4.919200e-02,    3.000000e-02,    3.000000e-02,    3.000000e-02,    3.000000e-02,
      1034,    6.309500e-01,    1.283182e-02,   -5.925563e-03,    9.648837e-02,    4.242896e-02,   -3.712094e+00,    9.071188e-01,   -2.731679e+00,    3.882014e-01,   -9.853100e-02,    2.128800e-02,    1.453800e-02,    5.407500e-02,    3.000000e-02,    3.000000e-02,    3.000000e-02,    3.000000e-02,
      1034,    1.000000e+00,    1.681303e-02,    2.023245e-02,    8.817101e-02,    6.150135e-02,   -3.631934e+00,    4.667182e-01,   -3.088167e+00,    1.042178e-02,   -9.214500e-02,    3.423400e-02,   -4.474000e-03,    6.181400e-02,    3.000000e-02,    3.000000e-02,    3.000000e-02,    3.000000e-02,
      1034,    1.584800e+00,    1.007364e-02,    5.346155e-02,    7.183517e-02,    8.849395e-02,   -3.069988e+00,    4.281510e-02,   -3.547839e+00,   -4.805982e-01,   -8.202600e-02,    5.474600e-02,   -3.460000e-02,    7.407600e-02,    3.000000e-02,    3.000000e-02,    3.000000e-02,    3.000000e-02,
      1034,    2.511800e+00,   -1.439421e-02,    9.055175e-02,    4.066212e-02,    1.210053e-01,   -1.719793e+00,   -1.097916e-01,   -4.100404e+00,   -9.164444e-01,   -6.598800e-02,    8.725800e-02,   -8.235000e-02,    9.351200e-02,    3.000000e-02,    3.000000e-02,    3.000000e-02,    3.000000e-02,
      1034,    3.981000e+00,   -6.112591e-02,    1.207912e-01,   -1.038384e-02,    1.502189e-01,   -6.544364e-01,    6.395934e-02,   -3.805872e+00,   -1.476630e+00,   -8.075900e-02,    1.227100e-01,   -1.245600e-01,    1.059200e-01,    3.000000e-02,    3.000000e-02,    3.000000e-02,    3.000000e-02,
      1035,    2.511800e+00,    6.560868e-02,    3.152660e-02,    1.128902e-01,   -5.469515e-03,    2.485044e+00,    1.280480e+00,    2.535992e+00,    1.475417e+00,    1.401600e-01,    6.994100e-02,    1.889700e-01,    3.879300e-02,    3.000000e-02,    3.000000e-02,    3.000000e-02,    3.000000e-02,
      1035,    3.981000e+00,    4.672782e-02,    5.752747e-02,    1.100055e-01,   -5.760477e-03,    1.356473e+00,    3.003418e+00,    1.840151e+00,    9.636492e-01,    8.742200e-02,    1.476300e-01,    1.652100e-01,    2.314900e-02,    3.000000e-02,    3.000000e-02,    3.000000e-02,    3.000000e-02,
      1037,    6.309500e-01,    1.185572e-01,   -9.406825e-02,    3.508834e-02,    5.568048e-02,    3.372094e+00,    2.630542e+00,   -5.029611e+00,    3.182317e+00,    2.197200e-01,   -1.515200e-02,   -1.158000e-01,    1.511500e-01,    3.000000e-02,    3.000000e-02,    3.000000e-02,    3.000000e-02,
      1037,    1.000000e+00,    1.487443e-01,   -7.357104e-02,    2.027899e-02,    7.203070e-02,    2.025189e+00,    2.235355e+00,   -4.535300e+00,    2.692310e+00,    2.095000e-01,   -6.510400e-03,   -1.157800e-01,    1.528000e-01,    3.000000e-02,    3.000000e-02,    3.000000e-02,    3.000000e-02,
      1037,    1.584800e+00,    1.717930e-01,   -4.870264e-02,   -2.133411e-03,    9.265769e-02,   -1.397100e+00,    3.536855e+00,   -5.931886e+00,    3.499410e+00,    1.298800e-01,    5.740300e-02,   -1.800900e-01,    1.976400e-01,    3.000000e-02,    3.000000e-02,    3.000000e-02,    3.000000e-02,
      1037,    2.511800e+00,    1.867972e-01,   -1.929657e-02,   -3.592414e-02,    1.136710e-01,   -3.087074e+00,    2.945986e+00,   -8.325862e+00,    5.276301e+00,    9.418500e-02,    6.908300e-02,   -2.857000e-01,    2.719600e-01,    3.000000e-02,    3.000000e-02,    3.000000e-02,    3.000000e-02,
      1038,    1.584800e+00,    1.402801e-01,   -2.172701e-02,   -7.500590e-03,    5.018059e-02,    6.888998e+00,   -3.008100e+00,    5.999686e+00,   -1.133286e+00,    3.469500e-01,   -1.119700e-01,    1.724900e-01,    1.618200e-02,    3.000000e-02,    3.000000e-02,    3.000000e-02,    3.000000e-02,
      1038,    2.511800e+00,    1.444114e-01,    1.393675e-02,   -2.719871e-02,    4.680756e-02,    4.123620e+00,    7.342415e-01,    4.419290e+00,    1.303415e+00,    2.681200e-01,    3.596400e-02,    1.053800e-01,    8.591000e-02,    3.000000e-02,    3.000000e-02,    3.000000e-02,    3.000000e-02,
      1038,    3.981000e+00,    1.324459e-01,    5.174236e-02,   -4.401469e-02,    3.733109e-02,    5.098802e+00,    2.408921e+00,    1.802490e+00,    2.601297e+00,    2.854100e-01,    1.240100e-01,    1.006000e-02,    1.153700e-01,    3.000000e-02,    3.000000e-02,    3.000000e-02,    3.000000e-02,
      1039,    3.981000e-01,    7.724177e-02,   -1.106053e-01,    2.962466e-01,   -4.503224e-02,   -2.949258e-01,   -5.664884e-01,    2.511114e+00,   -1.363253e-01,    6.839400e-02,   -1.276000e-01,    3.715800e-01,   -4.912200e-02,    3.000000e-02,    3.000000e-02,    3.000000e-02,    3.000000e-02,
      1039,    1.000000e+00,    1.444456e-01,   -8.395992e-02,    3.316211e-01,   -5.182524e-02,   -2.771872e-01,   -1.030669e+00,    2.347963e+00,    3.701082e-01,    1.361300e-01,   -1.148800e-01,    4.020600e-01,   -4.072200e-02,    3.000000e-02,    3.000000e-02,    3.000000e-02,    3.000000e-02,
      1039,    1.584800e+00,    1.698745e-01,   -6.508849e-02,    3.557814e-01,   -4.841677e-02,   -4.354831e-01,   -6.572170e-01,    2.238287e+00,    5.171923e-01,    1.568100e-01,   -8.480500e-02,    4.229300e-01,   -3.290100e-02,    3.000000e-02,    3.000000e-02,    3.000000e-02,    3.000000e-02,
      1039,    2.511800e+00,    1.879464e-01,   -4.313996e-02,    3.814518e-01,   -3.393302e-02,   -5.428796e-01,   -1.061568e+00,    2.159272e+00,    9.944706e-01,    1.716600e-01,   -7.498700e-02,    4.462300e-01,   -4.098900e-03,    3.000000e-02,    3.000000e-02,    3.000000e-02,    3.000000e-02,
      1039,    3.981000e+00,    1.970343e-01,   -2.005499e-02,    4.023469e-01,   -4.873301e-03,   -1.341434e-01,   -9.038669e-01,    1.762769e+00,    1.573843e+00,    1.930100e-01,   -4.717100e-02,    4.552300e-01,    4.234200e-02,    3.000000e-02,    3.000000e-02,    3.000000e-02,    3.000000e-02,
      1040,    3.981000e-01,    6.771565e-02,   -9.857903e-02,   -1.014135e-01,    8.293238e-02,    1.498812e+00,    6.057678e-01,   -1.615550e+00,   -1.654614e-02,    1.126800e-01,   -8.040600e-02,   -1.498800e-01,    8.243600e-02,    3.000000e-02,    3.000000e-02,    3.000000e-02,    3.000000e-02,
      1040,    6.309500e-01,    1.006567e-01,   -7.877250e-02,   -1.283108e-01,    9.769441e-02,    1.518111e+00,    1.444483e+00,   -2.053307e+00,    2.678530e-01,    1.462000e-01,   -3.543800e-02,   -1.899100e-01,    1.057300e-01,    3.000000e-02,    3.000000e-02,    3.000000e-02,    3.000000e-02,
      1040,    1.000000e+00,    1.259248e-01,   -5.370812e-02,   -1.653098e-01,    1.131167e-01,   -1.215856e-02,    2.268204e+00,   -2.580338e+00,    6.211105e-02,    1.255600e-01,    1.433800e-02,   -2.427200e-01,    1.149800e-01,    3.000000e-02,    3.000000e-02,    3.000000e-02,    3.000000e-02,
      1040,    1.584800e+00,    1.430923e-01,   -2.401609e-02,   -2.182837e-01,    1.212640e-01,   -8.050767e-01,    2.557870e+00,   -2.767543e+00,   -7.607348e-01,    1.189400e-01,    5.272000e-02,   -3.013100e-01,    9.844200e-02,    3.000000e-02,    3.000000e-02,    3.000000e-02,    3.000000e-02,
      1040,    2.511800e+00,    1.509674e-01,    1.213149e-02,   -2.858620e-01,    1.030359e-01,   -8.165801e-01,    2.023750e+00,   -1.921600e+00,   -2.146297e+00,    1.264700e-01,    7.284400e-02,   -3.435100e-01,    3.864700e-02,    3.000000e-02,    3.000000e-02,    3.000000e-02,    3.000000e-02,
      1040,    3.981000e+00,    1.425292e-01,    5.655192e-02,   -3.428051e-01,    3.933346e-02,   -1.872838e+00,    1.082569e+00,   -3.411622e-01,   -2.610482e+00,    8.634400e-02,    8.902900e-02,   -3.530400e-01,   -3.898100e-02,    3.000000e-02,    3.000000e-02,    3.000000e-02,    3.000000e-02,
      1041,    3.981000e-01,    1.156790e-01,   -6.285221e-02,    3.701333e-02,    3.369424e-02,    7.586986e-01,    1.035140e+00,   -3.543644e+00,   -1.343655e+00,    1.384400e-01,   -3.179800e-02,   -6.929600e-02,   -6.615400e-03,    3.000000e-02,    3.000000e-02,    3.000000e-02,    3.000000e-02,
      1041,    6.309500e-01,    1.355608e-01,   -4.172952e-02,    2.399665e-02,    3.467304e-02,    1.696973e+00,   -9.742159e-01,   -2.367422e+00,   -2.122101e+00,    1.864700e-01,   -7.095600e-02,   -4.702600e-02,   -2.899000e-02,    3.000000e-02,    3.000000e-02,    3.000000e-02,    3.000000e-02,
      1041,    1.000000e+00,    1.470582e-01,   -1.658956e-02,    8.812971e-03,    3.268594e-02,    1.983393e+00,   -1.368348e+00,    1.451343e-01,   -2.458165e+00,    2.065600e-01,   -5.764000e-02,    1.316700e-02,   -4.105900e-02,    3.000000e-02,    3.000000e-02,    3.000000e-02,    3.000000e-02,
      1041,    3.981000e+00,    1.092355e-01,    5.381272e-02,   -2.825083e-02,   -2.579671e-02,   -1.824182e+00,    5.162760e-01,    6.149177e-01,   -1.230110e+00,    5.451000e-02,    6.930100e-02,   -9.803300e-03,   -6.270000e-02,    3.000000e-02,    3.000000e-02,    3.000000e-02,    3.000000e-02,
      1042,    6.309500e-01,    1.500264e-01,   -5.981562e-02,    4.081505e-02,    3.817057e-02,   -7.488032e-02,    1.048721e+00,    7.540318e-01,   -5.944858e-01,    1.477800e-01,   -2.835400e-02,    6.343600e-02,    2.033600e-02,    3.000000e-02,    3.000000e-02,    3.000000e-02,    3.000000e-02,
      1042,    1.000000e+00,    1.692367e-01,   -3.306914e-02,    2.706459e-02,    4.182486e-02,   -1.302239e-01,    1.823505e+00,    7.007470e-01,   -2.842619e-01,    1.653300e-01,    2.163600e-02,    4.808700e-02,    3.329700e-02,    3.000000e-02,    3.000000e-02,    3.000000e-02,    3.000000e-02,
      1042,    1.584800e+00,    1.778788e-01,   -1.048384e-03,    9.896531e-03,    4.322190e-02,    3.870781e-02,    8.842128e-01,    1.002416e+00,   -2.343632e-01,    1.790400e-01,    2.547800e-02,    3.996900e-02,    3.619100e-02,    3.000000e-02,    3.000000e-02,    3.000000e-02,    3.000000e-02,
      1042,    2.511800e+00,    1.720944e-01,    3.399298e-02,   -1.014816e-02,    3.815372e-02,   -5.448054e-02,    4.355674e-01,    1.577539e+00,   -6.668574e-01,    1.704600e-01,    4.706000e-02,    3.717800e-02,    1.814800e-02,    3.000000e-02,    3.000000e-02,    3.000000e-02,    3.000000e-02,
      1042,    3.981000e+00,    1.490891e-01,    6.587941e-02,   -2.669331e-02,    2.221718e-02,   -4.096375e-01,    2.373863e-01,    1.773410e+00,   -1.865726e-01,    1.368000e-01,    7.300100e-02,    2.650900e-02,    1.662000e-02,    3.000000e-02,    3.000000e-02,    3.000000e-02,    3.000000e-02,
      1044,    6.309500e-01,    1.519305e-01,   -1.002806e-01,    1.017454e-01,    2.010083e-02,   -3.727784e+00,   -9.209803e-01,    5.860152e+00,   -1.956561e+00,    4.009700e-02,   -1.279100e-01,    2.775500e-01,   -3.859600e-02,    3.000000e-02,    3.000000e-02,    3.000000e-02,    3.000000e-02,
      1044,    1.000000e+00,    1.852962e-01,   -7.826586e-02,    9.561497e-02,    2.467850e-02,   -2.891572e+00,   -2.701138e+00,    3.648501e+00,   -4.207950e+00,    9.854900e-02,   -1.593000e-01,    2.050700e-01,   -1.015600e-01,    3.000000e-02,    3.000000e-02,    3.000000e-02,    3.000000e-02,
      1044,    1.584800e+00,    2.113168e-01,   -4.998346e-02,    8.669205e-02,    2.992527e-02,   -5.778944e-01,   -2.350885e+00,    1.623265e+00,   -3.750642e+00,    1.939800e-01,   -1.205100e-01,    1.353900e-01,   -8.259400e-02,    3.000000e-02,    3.000000e-02,    3.000000e-02,    3.000000e-02,
      1044,    2.511800e+00,    2.275698e-01,   -1.474179e-02,    7.359514e-02,    3.330352e-02,    8.403397e-01,   -7.050738e-01,    2.205829e+00,   -1.838951e+00,    2.527800e-01,   -3.589400e-02,    1.397700e-01,   -2.186500e-02,    3.000000e-02,    3.000000e-02,    3.000000e-02,    3.000000e-02,
      1044,    3.981000e+00,    2.299315e-01,    2.693584e-02,    5.881801e-02,    3.052885e-02,    7.342847e-01,   -8.938749e-01,    3.170400e+00,   -9.348983e-01,    2.519600e-01,    1.195900e-04,    1.539300e-01,    2.481900e-03,    3.000000e-02,    3.000000e-02,    3.000000e-02,    3.000000e-02,
      1045,    3.981000e+00,    1.408463e-01,   -1.755805e-02,    4.941811e-02,    1.277375e-01,   -2.889044e+00,   -7.195650e-01,   -3.154035e-01,    1.118752e+00,    5.417500e-02,   -3.914500e-02,    3.995600e-02,    1.613000e-01,    3.000000e-02,    3.000000e-02,    3.000000e-02,    3.000000e-02,
      1046,    3.981000e+00,   -6.981342e-02,    6.982222e-03,    1.907521e-01,    6.598339e-02,   -5.713525e-01,    1.501859e+00,   -1.135072e+00,   -3.466313e+00,   -8.695400e-02,    5.203800e-02,    1.567000e-01,   -3.800600e-02,    3.000000e-02,    3.000000e-02,    3.000000e-02,    3.000000e-02,
