MT,
     StaID,        Freq[Hz],     Re(Zxx)_Cal,     Im(Zxx)_Cal,     Re(Zxy)_Cal,     Im(Zxy)_Cal,     Re(Zyx)_Cal,     Im(Zyx)_Cal,     Re(Zyy)_Cal,     Im(Zyy)_Cal,     Re(Zxx)_Res,     Im(Zxx)_Res,     Re(Zxy)_Res,     Im(Zxy)_Res,     Re(Zyx)_Res,     Im(Zyx)_Res,     Re(Zyy)_Res,     Im(Zyy)_Res,     Re(Zxx)_Obs,     Im(Zxx)_Obs,     Re(Zxy)_Obs,     Im(Zxy)_Obs,     Re(Zyx)_Obs,     Im(Zyx)_Obs,     Re(Zyy)_Obs,     Im(Zyy)_Obs,      Re(Zxx)_SD,      Im(Zxx)_SD,      Re(Zxy)_SD,      Im(Zxy)_SD,      Re(Zyx)_SD,      Im(Zyx)_SD,      Re(Zyy)_SD,      Im(Zyy)_SD,
         1,    6.309500e+00,   -1.970140e-02,   -1.690389e-03,    3.548649e-02,   -2.696225e-02,   -7.226110e-02,    2.836532e-02,    2.432947e-02,   -1.101275e-02,   -2.276446e-01,   -2.349184e-01,   -5.196824e-01,    2.116518e-01,   -6.162080e-01,    3.321059e-01,    5.021029e-01,   -7.160837e-01,   -2.072500e-02,   -2.746700e-03,    3.396600e-02,   -2.634300e-02,   -7.406400e-02,    2.933700e-02,    2.817000e-02,   -1.649000e-02,    4.496500e-03,    4.496500e-03,    2.925800e-03,    2.925800e-03,    2.925800e-03,    2.925800e-03,    7.648900e-03,    7.648900e-03,
         1,    1.000000e+01,   -1.749558e-02,   -2.602635e-03,    4.319346e-02,   -3.052062e-02,   -7.736487e-02,    3.263508e-02,    2.720616e-02,   -1.279384e-02,   -1.670498e-01,   -4.296736e-01,   -1.060987e+00,    2.918548e-01,   -2.215798e-01,   -6.652654e-01,    6.666319e-01,   -7.658825e-01,   -1.826100e-02,   -4.571400e-03,    3.977400e-02,   -2.958000e-02,   -7.807900e-02,    3.049100e-02,    3.285700e-02,   -1.928600e-02,    4.582000e-03,    4.582000e-03,    3.222900e-03,    3.222900e-03,    3.222900e-03,    3.222900e-03,    8.476700e-03,    8.476700e-03,
         1,    1.584800e+01,   -1.516527e-02,   -1.580762e-03,    4.991827e-02,   -3.513173e-02,   -8.283738e-02,    4.144440e-02,    3.023450e-02,   -1.523961e-02,    1.450716e-01,   -6.478939e-01,   -9.414161e-01,    1.032616e-01,    2.971236e-01,   -8.989038e-01,    8.940290e-01,   -7.393006e-01,   -1.451900e-02,   -4.467000e-03,    4.651100e-02,   -3.475800e-02,   -8.176200e-02,    3.819100e-02,    3.875200e-02,   -2.228300e-02,    4.454800e-03,    4.454800e-03,    3.619300e-03,    3.619300e-03,    3.619300e-03,    3.619300e-03,    9.527100e-03,    9.527100e-03,
         2,    6.309500e+00,   -1.376415e-02,   -4.613755e-03,    3.568787e-02,   -3.430713e-02,   -3.239880e-02,    2.409874e-02,   -2.843776e-04,    3.293700e-03,   -6.874803e-01,    1.075316e-01,   -3.669429e-01,    1.865122e-02,    1.398807e-01,    3.097638e-01,    5.150750e-02,    4.305355e-01,   -1.675400e-02,   -4.146100e-03,    3.462300e-02,   -3.425300e-02,   -3.208800e-02,    2.478700e-02,   -1.843500e-04,    4.129800e-03,    4.349000e-03,    4.349000e-03,    2.902000e-03,    2.902000e-03,    2.221900e-03,    2.221900e-03,    1.942000e-03,    1.942000e-03,
         2,    1.000000e+01,   -1.083023e-02,   -6.175478e-03,    4.474819e-02,   -4.165709e-02,   -3.708436e-02,    3.096328e-02,   -1.199125e-03,    3.915772e-03,   -8.800423e-01,    4.335590e-02,   -5.775952e-01,   -1.031972e-02,   -2.619918e-01,   -1.200596e-01,    2.670450e-01,    5.794595e-01,   -1.493000e-02,   -5.973500e-03,    4.313000e-02,   -4.168600e-02,   -3.779200e-02,    3.063900e-02,   -5.530900e-04,    5.317600e-03,    4.658600e-03,    4.658600e-03,    2.801600e-03,    2.801600e-03,    2.701000e-03,    2.701000e-03,    2.419200e-03,    2.419200e-03,
         2,    1.584800e+01,   -7.527413e-03,   -6.011620e-03,    5.426378e-02,   -5.144379e-02,   -4.309228e-02,    4.140975e-02,   -2.099772e-03,    4.778630e-03,   -1.049018e+00,    6.768218e-02,   -1.872812e-01,   -1.796889e-01,   -7.876024e-01,   -4.411241e-01,    2.113975e-01,    5.806482e-01,   -1.258200e-02,   -5.685500e-03,    5.363300e-02,   -5.204900e-02,   -4.574500e-02,    3.992400e-02,   -1.460400e-03,    6.534800e-03,    4.818400e-03,    4.818400e-03,    3.368100e-03,    3.368100e-03,    3.368100e-03,    3.368100e-03,    3.024500e-03,    3.024500e-03,
         4,    6.309500e+00,   -1.588734e-03,    4.770426e-03,    4.619921e-02,   -3.719552e-02,   -4.541057e-02,    4.735097e-02,   -8.835149e-03,    1.184886e-03,   -1.615112e-01,    1.434337e-01,    2.486614e-01,   -4.097472e-01,   -6.499262e-01,   -5.034515e-01,   -6.098953e-02,    2.312376e-03,   -2.033600e-03,    5.165500e-03,    4.698600e-02,   -3.849200e-02,   -4.746700e-02,    4.575800e-02,   -9.059700e-03,    1.193400e-03,    2.754400e-03,    2.754400e-03,    3.164100e-03,    3.164100e-03,    3.164100e-03,    3.164100e-03,    3.681800e-03,    3.681800e-03,
         4,    1.000000e+01,   -3.415308e-03,    6.629200e-03,    5.452015e-02,   -4.713962e-02,   -5.667731e-02,    6.002946e-02,   -1.048994e-02,   -2.467337e-03,   -3.329106e-01,    2.643545e-02,    9.299258e-02,   -1.486978e-02,   -6.604715e-01,   -7.513706e-01,   -1.176271e-01,   -4.029476e-02,   -4.629300e-03,    6.725600e-03,    5.487900e-02,   -4.719700e-02,   -5.922600e-02,    5.713000e-02,   -1.102900e-02,   -2.652000e-03,    3.646600e-03,    3.646600e-03,    3.858900e-03,    3.858900e-03,    3.858900e-03,    3.858900e-03,    4.582800e-03,    4.582800e-03,
         4,    1.584800e+01,   -5.462527e-03,    8.385104e-03,    6.448129e-02,   -6.103040e-02,   -7.012343e-02,    7.705880e-02,   -1.075495e-02,   -7.592961e-03,   -5.717666e-01,   -4.750805e-01,   -2.350629e-01,    4.772289e-02,   -1.481393e-01,   -1.164543e+00,   -1.619444e-01,   -9.145897e-02,   -8.026500e-03,    6.254700e-03,    6.337600e-02,   -6.080600e-02,   -7.082000e-02,    7.158300e-02,   -1.167400e-02,   -8.112000e-03,    4.484300e-03,    4.484300e-03,    4.702100e-03,    4.702100e-03,    4.702100e-03,    4.702100e-03,    5.675100e-03,    5.675100e-03,
         5,    6.309500e+00,   -7.904055e-03,   -7.537788e-03,    3.875240e-02,   -3.422711e-02,   -3.965750e-02,    2.108694e-02,   -8.894648e-04,    2.653299e-03,   -1.826760e-01,   -4.518279e-01,    2.214105e-01,    2.551990e-01,    3.858764e-01,   -1.548274e-01,    1.297486e+00,   -4.654387e-02,   -8.604800e-03,   -9.271000e-03,    3.928000e-02,   -3.361900e-02,   -3.873800e-02,    2.071800e-02,    1.301600e-03,    2.574700e-03,    3.836000e-03,    3.836000e-03,    2.382900e-03,    2.382900e-03,    2.382900e-03,    2.382900e-03,    1.688700e-03,    1.688700e-03,
         5,    1.000000e+01,   -4.668135e-03,   -1.026976e-02,    4.847566e-02,   -3.997901e-02,   -4.423158e-02,    2.400226e-02,   -1.697447e-03,    2.409171e-03,    4.791946e-02,   -5.832551e-01,   -1.965049e-01,    4.862879e-01,    4.076985e-01,   -4.057573e-01,    1.262597e+00,    8.396830e-02,   -4.460500e-03,   -1.279700e-02,    4.793700e-02,   -3.864600e-02,   -4.311400e-02,    2.289000e-02,    4.306600e-04,    2.550700e-03,    4.333000e-03,    4.333000e-03,    2.741200e-03,    2.741200e-03,    2.741200e-03,    2.741200e-03,    1.685500e-03,    1.685500e-03,
         5,    1.584800e+01,   -2.891391e-04,   -1.232214e-02,    5.796535e-02,   -4.719125e-02,   -4.810750e-02,    2.930868e-02,   -2.085061e-03,    2.354702e-03,    4.420555e-01,   -6.388664e-01,    9.267958e-02,    2.060345e-01,    3.217857e-01,   -5.265467e-01,    8.441917e-01,    2.740476e-01,    1.981700e-03,   -1.560400e-02,    5.826100e-02,   -4.653400e-02,   -4.708100e-02,    2.762900e-02,   -4.878500e-04,    2.873200e-03,    5.137000e-03,    5.137000e-03,    3.190000e-03,    3.190000e-03,    3.190000e-03,    3.190000e-03,    1.892000e-03,    1.892000e-03,
         6,    6.309500e+00,    1.261628e-01,   -6.653144e-02,    8.779101e-02,   -8.190501e-02,   -1.723291e-01,    1.097676e-01,   -8.645226e-02,    6.332759e-02,   -4.137436e-02,    2.519411e-01,   -4.875490e-01,    1.151757e-01,    4.118779e-01,   -9.868955e-01,    4.931080e-01,   -3.214330e-01,    1.253700e-01,   -6.170400e-02,    8.408700e-02,   -8.103000e-02,   -1.692000e-01,    1.022700e-01,   -7.631100e-02,    5.671700e-02,    1.916100e-02,    1.916100e-02,    7.597200e-03,    7.597200e-03,    7.597200e-03,    7.597200e-03,    2.056600e-02,    2.056600e-02,
         6,    1.000000e+01,    1.520884e-01,   -6.367403e-02,    1.134837e-01,   -9.680748e-02,   -2.099438e-01,    1.168010e-01,   -1.098929e-01,    6.688370e-02,   -1.354521e-01,    2.924290e-01,   -5.144979e-01,    2.925776e-01,    6.254496e-01,   -1.119463e+00,    5.434721e-01,   -3.562034e-01,    1.490100e-01,   -5.702800e-02,    1.088000e-01,   -9.414400e-02,   -2.042500e-01,    1.066100e-01,   -9.674300e-02,    5.826500e-02,    2.272700e-02,    2.272700e-02,    9.103500e-03,    9.103500e-03,    9.103500e-03,    9.103500e-03,    2.419600e-02,    2.419600e-02,
         6,    1.584800e+01,    1.753991e-01,   -5.425656e-02,    1.430055e-01,   -1.117994e-01,   -2.466080e-01,    1.194806e-01,   -1.347229e-01,    6.618832e-02,   -1.892429e-01,    2.949267e-01,   -7.320370e-01,    4.018571e-01,    6.580855e-01,   -1.126927e+00,    6.818008e-01,   -4.335690e-01,    1.704400e-01,   -4.652800e-02,    1.352100e-01,   -1.075200e-01,   -2.396000e-01,    1.074800e-01,   -1.159700e-01,    5.426300e-02,    2.620500e-02,    2.620500e-02,    1.064900e-02,    1.064900e-02,    1.064900e-02,    1.064900e-02,    2.750500e-02,    2.750500e-02,
         7,    6.309500e+00,    4.111885e-03,    1.157112e-03,    3.057382e-02,   -3.390485e-02,   -4.139615e-02,    3.797516e-02,   -5.604978e-03,    7.193797e-03,    1.749533e-01,    4.709572e-01,    1.054783e+00,   -6.769290e-01,   -4.252989e-01,    3.091513e-01,   -6.292287e-01,   -1.268361e-01,    4.524600e-03,    2.268100e-03,    3.337100e-02,   -3.570000e-02,   -4.252400e-02,    3.879500e-02,   -7.912800e-03,    6.728600e-03,    2.359000e-03,    2.359000e-03,    2.651900e-03,    2.651900e-03,    2.651900e-03,    2.651900e-03,    3.667700e-03,    3.667700e-03,
         7,    1.000000e+01,    4.176775e-03,    2.857353e-03,    4.034201e-02,   -4.301131e-02,   -5.256504e-02,    4.484754e-02,   -7.859204e-03,    8.498717e-03,   -3.036197e-02,    6.392814e-01,    1.124287e+00,   -2.990120e-01,   -4.243523e-01,    1.588970e-01,   -4.251880e-01,   -4.148805e-01,    4.086800e-03,    4.751800e-03,    4.406700e-02,   -4.400200e-02,   -5.397100e-02,    4.537400e-02,   -9.698100e-03,    6.704400e-03,    2.963400e-03,    2.963400e-03,    3.313200e-03,    3.313200e-03,    3.313200e-03,    3.313200e-03,    4.324900e-03,    4.324900e-03,
         7,    1.584800e+01,    3.120700e-03,    5.133912e-03,    5.273572e-02,   -5.320068e-02,   -6.460518e-02,    5.266528e-02,   -1.033835e-02,    9.708334e-03,   -4.032333e-01,    4.329156e-01,    1.017080e+00,   -1.562212e-01,   -3.735215e-01,    1.805856e-01,   -1.297093e-01,   -5.700693e-01,    1.718900e-03,    6.638900e-03,    5.688500e-02,   -5.383800e-02,   -6.612900e-02,    5.340200e-02,   -1.098400e-02,    6.870700e-03,    3.476400e-03,    3.476400e-03,    4.079600e-03,    4.079600e-03,    4.079600e-03,    4.079600e-03,    4.977700e-03,    4.977700e-03,
         8,    1.584800e+01,   -3.620760e-01,    2.011089e-01,    8.146296e-02,   -1.208373e-01,   -2.775894e-01,    1.470920e-01,   -2.289592e-02,   -8.166884e-03,    1.024768e+00,    1.862973e-01,   -3.278936e-01,    1.916050e-01,    4.469889e-01,   -9.019546e-01,    1.243730e-01,    2.582730e-01,   -3.260400e-01,    2.076600e-01,    7.804500e-02,   -1.188400e-01,   -2.729300e-01,    1.376900e-01,   -2.136800e-02,   -4.994000e-03,    3.516500e-02,    3.516500e-02,    1.042400e-02,    1.042400e-02,    1.042400e-02,    1.042400e-02,    1.228500e-02,    1.228500e-02,
         9,    6.309500e+00,   -8.310836e-03,   -2.176944e-03,    3.289195e-02,   -2.294228e-02,   -3.205051e-02,    1.893382e-02,    1.951775e-03,   -4.359812e-04,   -1.315944e+00,   -4.917720e-01,   -2.696465e-01,    3.376339e-01,    1.159157e-01,   -2.264726e-01,   -1.250307e-01,    3.076318e-01,   -1.284400e-02,   -3.871000e-03,    3.237900e-02,   -2.230000e-02,   -3.183000e-02,    1.850300e-02,    1.799100e-03,   -6.033200e-05,    3.444800e-03,    3.444800e-03,    1.902300e-03,    1.902300e-03,    1.902300e-03,    1.902300e-03,    1.221100e-03,    1.221100e-03,
         9,    1.000000e+01,   -7.256782e-03,   -2.943876e-03,    3.892309e-02,   -2.556864e-02,   -3.609674e-02,    2.234493e-02,    2.416768e-03,   -9.030341e-04,   -1.041786e+00,   -7.216893e-01,   -2.750128e-01,    1.228606e-01,    3.625335e-01,   -3.897013e-01,   -2.571645e-01,    2.640721e-01,   -1.096700e-02,   -5.514100e-03,    3.832400e-02,   -2.530100e-02,   -3.530700e-02,    2.149600e-02,    2.055400e-03,   -5.319600e-04,    3.561400e-03,    3.561400e-03,    2.178400e-03,    2.178400e-03,    2.178400e-03,    2.178400e-03,    1.405200e-03,    1.405200e-03,
         9,    1.584800e+01,   -6.033387e-03,   -3.552469e-03,    4.391021e-02,   -2.954308e-02,   -3.998564e-02,    2.800797e-02,    3.278058e-03,   -8.203033e-04,   -2.979148e-01,   -8.163516e-01,   -2.873908e-02,   -9.838578e-02,    7.822338e-01,   -1.061701e+00,   -2.090775e-01,    4.753315e-02,   -7.033100e-03,   -6.291900e-03,    4.380800e-02,   -2.989300e-02,   -3.805900e-02,    2.539300e-02,    2.910500e-03,   -7.367400e-04,    3.355700e-03,    3.355700e-03,    3.556600e-03,    3.556600e-03,    2.463000e-03,    2.463000e-03,    1.758000e-03,    1.758000e-03,
        10,    6.309500e+00,   -1.404507e-02,    2.065221e-02,    5.802803e-02,   -6.172404e-02,   -7.922399e-02,    6.742722e-02,    2.506991e-02,   -3.392223e-02,   -2.582255e-01,   -1.663373e-01,    9.072393e-02,   -1.342126e-01,   -2.913512e-02,    1.227923e+00,    7.750912e-01,    4.716053e-01,   -1.584000e-02,    1.949600e-02,    5.846400e-02,   -6.236900e-02,   -7.936400e-02,    7.332800e-02,    3.308900e-02,   -2.904300e-02,    6.951000e-03,    6.951000e-03,    4.805500e-03,    4.805500e-03,    4.805500e-03,    4.805500e-03,    1.034600e-02,    1.034600e-02,
        10,    1.000000e+01,   -2.353689e-02,    2.496807e-02,    7.454326e-02,   -7.762729e-02,   -9.917748e-02,    8.035978e-02,    3.575887e-02,   -4.394139e-02,    2.647058e-01,   -5.871174e-01,   -1.263587e-01,   -4.174946e-01,   -2.543889e-01,    7.131531e-01,    4.125554e-01,    7.439771e-01,   -2.129700e-02,    2.000000e-02,    7.378700e-02,   -8.012600e-02,   -1.007000e-01,    8.462800e-02,    4.095500e-02,   -3.457100e-02,    8.461800e-03,    8.461800e-03,    5.985000e-03,    5.985000e-03,    5.985000e-03,    5.985000e-03,    1.259500e-02,    1.259500e-02,
        10,    1.584800e+01,   -3.574139e-02,    2.565659e-02,    9.399298e-02,   -9.709437e-02,   -1.211181e-01,    9.465905e-02,    5.055382e-02,   -5.414269e-02,    3.771390e-01,   -5.927897e-01,    3.180874e-01,   -9.618148e-01,   -3.072656e-01,    5.511368e-01,    3.387794e-01,    6.055870e-01,   -3.164000e-02,    1.921000e-02,    9.637600e-02,   -1.043000e-01,   -1.234200e-01,    9.878800e-02,    5.595600e-02,   -4.448600e-02,    1.087500e-02,    1.087500e-02,    7.491700e-03,    7.491700e-03,    7.491700e-03,    7.491700e-03,    1.594600e-02,    1.594600e-02,
        11,    6.309500e+00,   -3.761263e-02,    2.709057e-03,    3.752321e-02,   -3.486238e-02,   -5.304844e-02,    2.721686e-02,    2.902539e-03,   -3.763181e-04,   -3.922876e-01,    6.509521e-01,   -9.148218e-01,   -7.832010e-02,   -4.416650e-01,    8.157287e-01,   -3.976897e-01,    3.862674e-01,   -4.026100e-02,    7.103700e-03,    3.499300e-02,   -3.507900e-02,   -5.427000e-02,    2.947300e-02,    2.203400e-03,    3.027400e-04,    6.751100e-03,    6.751100e-03,    2.765800e-03,    2.765800e-03,    2.765800e-03,    2.765800e-03,    1.758000e-03,    1.758000e-03,
        11,    1.000000e+01,   -3.837190e-02,   -3.175807e-03,    4.825792e-02,   -4.172061e-02,   -5.930676e-02,    2.974945e-02,    3.061094e-03,   -8.782613e-04,   -5.260719e-01,    4.985723e-01,   -6.833914e-01,   -5.810974e-01,   -6.701538e-01,    2.395887e-01,   -4.465509e-01,    3.917109e-01,   -4.246700e-02,    7.052300e-04,    4.600300e-02,   -4.363800e-02,   -6.151800e-02,    3.054000e-02,    2.231000e-03,   -1.501100e-04,    7.784300e-03,    7.784300e-03,    3.299600e-03,    3.299600e-03,    3.299600e-03,    3.299600e-03,    1.858900e-03,    1.858900e-03,
        11,    1.584800e+01,   -3.596828e-02,   -9.459535e-03,    5.992701e-02,   -4.878592e-02,   -6.408466e-02,    3.483520e-02,    3.515407e-03,   -1.338720e-03,   -6.524898e-01,    2.788724e-01,    1.971530e-02,   -9.018951e-01,   -6.681896e-01,   -3.072505e-01,   -2.482470e-01,    1.856715e-01,   -4.164200e-02,   -7.034600e-03,    6.000300e-02,   -5.226200e-02,   -6.666000e-02,    3.365100e-02,    2.949900e-03,   -9.157600e-04,    8.695500e-03,    8.695500e-03,    3.854200e-03,    3.854200e-03,    3.854200e-03,    3.854200e-03,    2.278000e-03,    2.278000e-03,
        12,    6.309500e+00,   -6.278663e-03,   -3.486266e-03,    2.521864e-02,   -2.271896e-02,   -2.955805e-02,    2.103175e-02,    1.682285e-03,   -2.580282e-03,   -1.687819e-01,   -1.376635e+00,   -1.092319e-01,    7.561750e-01,   -4.109634e-01,   -1.079724e+00,    5.746409e-01,    1.805507e+00,   -6.735100e-03,   -7.209100e-03,    2.503100e-02,   -2.142000e-02,   -3.026400e-02,    1.917700e-02,    2.497700e-03,   -1.826800e-05,    2.704300e-03,    2.704300e-03,    1.717800e-03,    1.717800e-03,    1.717800e-03,    1.717800e-03,    1.419000e-03,    1.419000e-03,
        12,    1.000000e+01,   -3.208077e-03,   -1.919777e-03,    3.102324e-02,   -2.798791e-02,   -3.367058e-02,    2.747784e-02,    7.527289e-04,   -6.073823e-03,   -1.445752e+00,   -8.747467e-01,   -4.948294e-01,    3.824974e-01,    1.139180e-01,   -1.705448e+00,    2.798260e+00,   -5.429952e-01,   -7.213100e-03,   -4.343000e-03,    3.001300e-02,   -2.720700e-02,   -3.343800e-02,    2.399600e-02,    1.054300e-02,   -7.973600e-03,    2.770200e-03,    2.770200e-03,    2.041600e-03,    2.041600e-03,    2.041600e-03,    2.041600e-03,    3.498700e-03,    3.498700e-03,
        12,    1.584800e+01,   -1.670564e-03,    2.049935e-03,    3.732942e-02,   -3.497899e-02,   -3.933574e-02,    3.693883e-02,    1.442593e-03,   -1.179843e-02,   -1.959827e+00,   -8.186323e-01,   -3.348892e-01,   -2.137927e-01,    2.105664e-01,   -1.126216e+00,    3.164288e+00,   -7.902658e-01,   -7.366800e-03,   -3.294200e-04,    3.647100e-02,   -3.552700e-02,   -3.879600e-02,    3.405200e-02,    1.823800e-02,   -1.599300e-02,    2.906500e-03,    2.906500e-03,    2.563300e-03,    2.563300e-03,    2.563300e-03,    2.563300e-03,    5.307800e-03,    5.307800e-03,
        13,    6.309500e+00,   -1.387938e-02,   -3.621778e-03,    1.746822e-02,   -2.198048e-02,   -2.907131e-02,    1.870269e-02,    1.863622e-03,   -1.149322e-03,   -1.544286e-01,   -1.450906e-01,    4.975873e-01,   -1.169569e-01,   -6.528357e-01,    4.012430e-01,   -6.913281e-02,    8.217907e-02,   -1.435900e-02,   -4.072400e-03,    1.826600e-02,   -2.216800e-02,   -3.011800e-02,    1.934600e-02,    1.774600e-03,   -1.043500e-03,    3.105800e-03,    3.105800e-03,    1.603300e-03,    1.603300e-03,    1.603300e-03,    1.603300e-03,    1.287700e-03,    1.287700e-03,
        13,    1.000000e+01,   -1.186863e-02,   -6.347302e-03,    2.340005e-02,   -2.897121e-02,   -3.267564e-02,    2.287057e-02,    3.219208e-03,   -1.725506e-03,   -2.156732e-01,   -1.527452e-01,    9.391902e-01,    1.542054e-01,   -8.784600e-01,   -4.359475e-02,    3.406856e-01,   -8.458427e-02,   -1.262700e-02,   -6.884400e-03,    2.526500e-02,   -2.866500e-02,   -3.442000e-02,    2.278400e-02,    3.903100e-03,   -1.895300e-03,    3.516300e-03,    3.516300e-03,    1.985700e-03,    1.985700e-03,    1.985700e-03,    1.985700e-03,    2.007400e-03,    2.007400e-03,
        14,    6.309500e+00,    9.448057e-02,   -4.961470e-02,    5.104097e-02,   -6.183980e-02,   -1.872643e-01,    1.089949e-01,   -3.003425e-02,    2.291745e-02,    2.922339e-01,    1.815572e-02,    4.620938e-01,   -1.615328e+00,   -1.243858e+00,    6.771100e-01,   -3.208344e-01,    4.877801e-01,    9.888600e-02,   -4.934100e-02,    5.436800e-02,   -7.347000e-02,   -1.962200e-01,    1.138700e-01,   -3.496900e-02,    3.042000e-02,    1.507500e-02,    1.507500e-02,    7.199900e-03,    7.199900e-03,    7.199900e-03,    7.199900e-03,    1.538100e-02,    1.538100e-02,
        14,    1.000000e+01,    1.082634e-01,   -5.240479e-02,    6.282143e-02,   -8.027687e-02,   -2.193551e-01,    1.182962e-01,   -3.510921e-02,    2.221578e-02,    8.005706e-02,    6.711620e-02,    1.671080e+00,   -1.250537e+00,   -1.501996e+00,    1.122744e-01,   -6.082899e-01,    4.291557e-01,    1.097100e-01,   -5.119200e-02,    7.761300e-02,   -9.134600e-02,   -2.326500e-01,    1.192900e-01,   -4.604200e-02,    2.992900e-02,    1.807000e-02,    1.807000e-02,    8.851500e-03,    8.851500e-03,    8.851500e-03,    8.851500e-03,    1.797300e-02,    1.797300e-02,
        14,    1.584800e+01,    1.203288e-01,   -5.760419e-02,    7.556139e-02,   -1.087155e-01,   -2.492697e-01,    1.300797e-01,   -3.525446e-02,    2.447572e-02,   -2.176209e-01,    2.843963e-01,    2.215594e+00,   -1.459167e+00,   -1.524294e+00,   -2.647822e-01,   -9.165549e-01,    4.206889e-01,    1.156900e-01,   -5.154200e-02,    9.957400e-02,   -1.245300e-01,   -2.657900e-01,    1.272100e-01,   -5.404200e-02,    3.309900e-02,    2.131600e-02,    2.131600e-02,    1.083800e-02,    1.083800e-02,    1.083800e-02,    1.083800e-02,    2.049800e-02,    2.049800e-02,
        15,    6.309500e+00,   -1.596965e-02,    9.654719e-03,    2.395299e-02,   -2.865052e-02,   -2.251191e-02,    2.071264e-02,   -8.286802e-04,    7.431009e-04,   -1.265797e+00,    5.297885e-01,   -8.483622e-01,    6.023548e-01,   -1.835684e-03,    1.106440e+00,   -4.017418e-01,    7.201116e-02,   -2.159700e-02,    1.201000e-02,    2.243400e-02,   -2.757200e-02,   -2.251500e-02,    2.257500e-02,   -1.243800e-03,    8.175100e-04,    4.445700e-03,    4.445700e-03,    1.790500e-03,    1.790500e-03,    1.683200e-03,    1.683200e-03,    1.033300e-03,    1.033300e-03,
        15,    1.000000e+01,   -1.981759e-02,    9.850878e-03,    3.180238e-02,   -3.646912e-02,   -2.736502e-02,    2.564311e-02,   -1.063896e-03,    4.122612e-04,   -1.264501e+00,    2.602760e-01,   -1.157684e+00,   -9.828846e-03,   -1.831007e-01,    5.248001e-01,   -5.017670e-01,    2.922464e-01,   -2.681900e-02,    1.129200e-02,    2.934300e-02,   -3.649000e-02,   -2.775400e-02,    2.675800e-02,   -1.704000e-03,    7.850800e-04,    5.536900e-03,    5.536900e-03,    2.124400e-03,    2.124400e-03,    2.124400e-03,    2.124400e-03,    1.275700e-03,    1.275700e-03,
        15,    1.584800e+01,   -2.375775e-02,    9.083249e-03,    4.106284e-02,   -4.569870e-02,   -3.248776e-02,    3.251210e-02,   -1.069861e-03,    7.856880e-05,   -1.247921e+00,   -1.280353e-01,   -9.576116e-01,   -9.012942e-01,    1.452746e-01,    4.515422e-02,   -6.568027e-01,    3.097985e-01,   -3.223200e-02,    8.213800e-03,    3.852000e-02,   -4.809200e-02,   -3.210200e-02,    3.263200e-02,   -2.037200e-03,    5.348400e-04,    6.790700e-03,    6.790700e-03,    2.655400e-03,    2.655400e-03,    2.655400e-03,    2.655400e-03,    1.472800e-03,    1.472800e-03,
        16,    6.309500e+00,   -4.733358e-03,   -3.746440e-03,    2.468248e-02,   -2.485955e-02,   -3.814759e-02,    2.903166e-02,    2.932231e-03,    2.339064e-03,   -9.187548e-01,   -1.119760e-01,    4.108569e-02,   -1.444139e+00,   -1.790419e-01,    2.926070e-01,   -1.052596e+00,    1.810787e-01,   -7.146100e-03,   -4.040500e-03,    2.477000e-02,   -2.793600e-02,   -3.852900e-02,    2.965500e-02,    1.068400e-03,    2.659700e-03,    2.626100e-03,    2.626100e-03,    2.130300e-03,    2.130300e-03,    2.130300e-03,    2.130300e-03,    1.770700e-03,    1.770700e-03,
        17,    6.309500e+00,   -9.741814e-03,   -2.349155e-03,    3.086357e-02,   -2.374657e-02,   -2.542384e-02,    2.045317e-02,    2.471359e-04,    1.933026e-03,   -3.311852e+00,   -9.168882e-01,    3.803184e-01,    2.244669e+00,    4.647041e-02,   -8.393973e-01,    1.058110e+00,    2.452067e-01,   -2.523300e-02,   -6.637900e-03,    3.151700e-02,   -1.989000e-02,   -2.534400e-02,    1.901100e-02,    1.765100e-03,    2.284800e-03,    4.677500e-03,    4.677500e-03,    1.718100e-03,    1.718100e-03,    1.718100e-03,    1.718100e-03,    1.434600e-03,    1.434600e-03,
        17,    1.000000e+01,   -7.905801e-03,   -2.521928e-03,    3.675185e-02,   -2.745249e-02,   -2.909720e-02,    2.713071e-02,   -4.728951e-04,    1.685502e-03,   -2.957806e+00,   -1.468354e+00,   -6.929046e-01,    2.055326e+00,   -2.320314e-01,   -1.331991e-01,    3.173311e-01,   -1.164032e+00,   -2.204500e-02,   -9.541100e-03,    3.532800e-02,   -2.322900e-02,   -2.957400e-02,    2.685700e-02,   -2.113000e-04,    7.259200e-04,    4.780300e-03,    4.780300e-03,    2.054900e-03,    2.054900e-03,    2.054900e-03,    2.054900e-03,    8.243600e-04,    8.243600e-04,
        17,    1.584800e+01,   -6.172356e-03,   -1.527663e-03,    4.167578e-02,   -3.304797e-02,   -3.386246e-02,    3.713800e-02,   -7.588701e-04,    1.464084e-03,   -2.101817e+00,   -1.972707e+00,   -1.259172e+00,    1.982416e+00,   -7.217650e-01,   -2.150078e-01,   -7.325360e-01,   -6.402603e-01,   -1.560300e-02,   -1.037900e-02,    3.856600e-02,   -2.815200e-02,   -3.564500e-02,    3.660700e-02,   -1.846100e-03,    5.138100e-04,    4.486900e-03,    4.486900e-03,    2.469700e-03,    2.469700e-03,    2.469700e-03,    2.469700e-03,    1.484200e-03,    1.484200e-03,
        18,    6.309500e+00,    2.276259e-01,   -1.446314e-01,    1.386660e-01,   -1.186444e-01,   -7.512100e-01,    5.054809e-01,   -3.608438e-01,    2.545300e-01,    7.801343e-01,   -4.044136e-01,   -2.797406e-01,   -6.552451e-01,   -4.439920e+00,    2.647354e+00,    1.867221e-01,    8.886843e-02,    2.554400e-01,   -1.590500e-01,    1.325500e-01,   -1.329700e-01,   -8.482800e-01,    5.633600e-01,   -3.422700e-01,    2.633700e-01,    3.565300e-02,    3.565300e-02,    2.186300e-02,    2.186300e-02,    2.186300e-02,    2.186300e-02,    9.947300e-02,    9.947300e-02,
        18,    1.000000e+01,    2.794366e-01,   -1.581948e-01,    1.773829e-01,   -1.363610e-01,   -9.249786e-01,    5.645411e-01,   -4.621148e-01,    2.635158e-01,    5.744326e-01,   -1.109962e-01,   -2.444036e-01,   -5.505837e-01,   -3.153338e+00,    1.053895e+00,    2.323443e-01,    3.568866e-02,    3.035800e-01,   -1.628600e-01,    1.710800e-01,   -1.505600e-01,   -1.006300e+00,    5.917200e-01,   -4.352000e-01,    2.676500e-01,    4.203000e-02,    4.203000e-02,    2.578900e-02,    2.578900e-02,    2.578900e-02,    2.578900e-02,    1.158400e-01,    1.158400e-01,
        18,    1.584800e+01,    3.332070e-01,   -1.637628e-01,    2.194474e-01,   -1.511746e-01,   -1.108088e+00,    6.053484e-01,   -5.656413e-01,    2.428001e-01,    2.932481e-01,    7.004094e-02,   -1.303542e-01,   -4.354289e-01,   -1.854753e+00,    1.070216e-01,    2.854295e-01,   -4.335234e-02,    3.473700e-01,   -1.603800e-01,    2.155600e-01,   -1.641600e-01,   -1.163400e+00,    6.085400e-01,   -5.283100e-01,    2.371300e-01,    4.829700e-02,    4.829700e-02,    2.982200e-02,    2.982200e-02,    2.982200e-02,    2.982200e-02,    1.307900e-01,    1.307900e-01,
        19,    6.309500e+00,   -4.912488e-03,   -5.463827e-03,    3.093865e-02,   -3.108816e-02,   -3.451448e-02,    2.660075e-02,    7.260340e-03,   -6.302981e-03,   -5.183881e-01,    1.519900e-01,   -3.520655e-01,    1.098278e+00,    4.885592e-01,   -1.365055e+00,    2.948241e-01,    4.618407e-01,   -6.337900e-03,   -5.045900e-03,    3.011700e-02,   -2.852500e-02,   -3.350600e-02,    2.378300e-02,    8.134700e-03,   -4.933300e-03,    2.749700e-03,    2.749700e-03,    2.333800e-03,    2.333800e-03,    2.064200e-03,    2.064200e-03,    2.965700e-03,    2.965700e-03,
        19,    1.000000e+01,   -1.932732e-03,   -5.570386e-03,    3.942241e-02,   -3.823689e-02,   -3.996536e-02,    3.553747e-02,    8.805269e-03,   -8.500254e-03,   -5.710076e-01,   -2.371777e-01,   -4.793327e-01,    7.217680e-01,   -1.276431e-01,   -7.280719e-01,    1.181716e-01,    4.576758e-01,   -3.604300e-03,   -6.264700e-03,    3.816200e-02,   -3.633900e-02,   -4.030100e-02,    3.362300e-02,    9.240400e-03,   -6.815000e-03,    2.927400e-03,    2.927400e-03,    2.629500e-03,    2.629500e-03,    2.629500e-03,    2.629500e-03,    3.682200e-03,    3.682200e-03,
        19,    1.584800e+01,    3.546442e-04,   -4.165363e-03,    4.917994e-02,   -4.728146e-02,   -4.867185e-02,    4.799471e-02,    1.117566e-02,   -1.128906e-02,   -2.106820e-01,   -4.141438e-01,   -1.603354e-01,    1.737535e-01,   -5.745470e-01,   -6.404458e-01,    4.914246e-02,    2.642164e-01,   -2.456100e-04,   -5.345300e-03,    4.863600e-02,   -4.669200e-02,   -5.062100e-02,    4.582200e-02,    1.141300e-02,   -1.001300e-02,    2.849100e-03,    2.849100e-03,    3.392500e-03,    3.392500e-03,    3.392500e-03,    3.392500e-03,    4.829600e-03,    4.829600e-03,
        20,    6.309500e+00,   -2.500047e-02,    5.356576e-03,    4.960907e-02,   -5.133631e-02,   -6.816477e-02,    5.000838e-02,    4.754138e-03,    2.189627e-03,   -9.254669e-01,    5.252524e-02,   -8.516130e-01,   -5.382596e-01,    2.211310e-02,    2.765487e-01,    1.840554e-01,    1.438775e+00,   -3.161700e-02,    5.732100e-03,    4.630600e-02,   -5.342400e-02,   -6.807900e-02,    5.108100e-02,    5.567700e-03,    8.549300e-03,    7.149400e-03,    7.149400e-03,    3.878600e-03,    3.878600e-03,    3.878600e-03,    3.878600e-03,    4.420200e-03,    4.420200e-03,
        20,    1.000000e+01,   -2.578396e-02,    2.369730e-03,    6.483089e-02,   -6.455056e-02,   -8.096662e-02,    5.885914e-02,    3.708024e-03,    3.602579e-03,   -7.198057e-01,   -3.974548e-01,   -5.341005e-01,   -1.393294e-01,    1.562757e+00,   -1.427397e-01,   -4.129011e-02,    1.623207e+00,   -3.154500e-02,   -8.113400e-04,    6.237200e-02,   -6.519200e-02,   -7.377200e-02,    5.820200e-02,    3.496400e-03,    1.192200e-02,    8.003600e-03,    8.003600e-03,    4.603800e-03,    4.603800e-03,    4.603800e-03,    4.603800e-03,    5.125300e-03,    5.125300e-03,
        20,    1.584800e+01,   -2.318157e-02,    1.561831e-04,    8.366414e-02,   -7.821769e-02,   -9.410950e-02,    7.127674e-02,    1.013271e-03,    4.883783e-03,   -9.090089e-01,   -8.718380e-01,   -2.485044e-01,   -1.388334e-01,    4.897349e-01,   -4.139708e-02,    8.712062e-01,    1.816768e+00,   -3.147300e-02,   -7.796200e-03,    8.223700e-02,   -7.901500e-02,   -9.129700e-02,    7.103900e-02,    7.152400e-03,    1.768600e-02,    9.121400e-03,    9.121400e-03,    5.742900e-03,    5.742900e-03,    5.742900e-03,    5.742900e-03,    7.046700e-03,    7.046700e-03,
        21,    6.309500e+00,   -8.997116e-03,   -2.791439e-03,    3.192267e-02,   -3.225074e-02,   -3.655040e-02,    2.662150e-02,    2.668849e-03,    9.480680e-04,   -1.750580e+00,    5.622133e-02,    4.959557e-01,    8.963807e-02,   -5.865142e-01,   -1.273088e-01,   -1.538434e-01,    2.432398e-01,   -1.627200e-02,   -2.557800e-03,    3.398500e-02,   -3.187800e-02,   -3.833100e-02,    2.623500e-02,    2.407300e-03,    1.361600e-03,    4.155700e-03,    4.155700e-03,    4.158300e-03,    4.158300e-03,    3.035900e-03,    3.035900e-03,    1.700100e-03,    1.700100e-03,
        21,    1.000000e+01,   -7.322925e-03,   -4.524923e-03,    4.035707e-02,   -4.005896e-02,   -4.189151e-02,    3.369240e-02,    2.329579e-03,    1.673205e-03,   -1.594624e+00,   -2.814336e-01,    5.895744e-01,    1.263726e-01,   -6.977649e-01,    2.312712e-02,    4.621551e-02,    2.702704e-01,   -1.458500e-02,   -5.806600e-03,    4.356200e-02,   -3.937200e-02,   -4.498700e-02,    3.379500e-02,    2.423900e-03,    2.224800e-03,    4.554100e-03,    4.554100e-03,    5.436000e-03,    5.436000e-03,    4.436300e-03,    4.436300e-03,    2.040900e-03,    2.040900e-03,
        21,    1.584800e+01,   -4.596686e-03,   -5.298452e-03,    5.016382e-02,   -5.012866e-02,   -4.858125e-02,    4.470309e-02,    1.479125e-03,    2.303072e-03,   -1.094330e+00,   -5.932563e-01,    6.259860e-01,   -7.053049e-02,   -4.761627e-01,    1.863310e-01,   -2.097505e-01,    1.931923e-01,   -9.658400e-03,   -8.042500e-03,    5.606900e-02,   -5.079400e-02,   -5.208200e-02,    4.607300e-02,    1.032000e-03,    2.714900e-03,    4.625400e-03,    4.625400e-03,    9.433400e-03,    9.433400e-03,    7.352000e-03,    7.352000e-03,    2.131700e-03,    2.131700e-03,
        22,    1.000000e+01,   -7.521948e-03,   -6.306611e-03,    3.184453e-02,   -2.763495e-02,   -2.787483e-02,    2.456979e-02,    1.154772e-03,    2.948779e-03,   -1.359329e+00,   -9.565413e-01,    1.227187e-01,    9.707702e-01,    3.495775e+00,   -8.072189e-01,    1.907060e-01,    3.719104e-01,   -1.279900e-02,   -1.002000e-02,    3.206600e-02,   -2.588300e-02,   -2.156600e-02,    2.311300e-02,    1.470600e-03,    3.564700e-03,    3.882100e-03,    3.882100e-03,    1.804700e-03,    1.804700e-03,    1.804700e-03,    1.804700e-03,    1.656100e-03,    1.656100e-03,
        22,    1.584800e+01,   -5.220100e-03,   -8.062619e-03,    3.713062e-02,   -3.442453e-02,   -3.154036e-02,    3.409055e-02,    7.041260e-04,    4.139708e-03,   -3.192425e-01,   -1.112295e+00,   -1.770663e-01,    1.808929e-01,    1.823954e+00,   -1.452799e-01,   -1.535912e-01,    3.360456e-01,   -6.491100e-03,   -1.249100e-02,    3.671800e-02,   -3.400300e-02,   -2.729000e-02,    3.375200e-02,    3.685600e-04,    4.873900e-03,    3.981300e-03,    3.981300e-03,    2.330300e-03,    2.330300e-03,    2.330300e-03,    2.330300e-03,    2.184800e-03,    2.184800e-03,
        23,    6.309500e+00,   -4.957944e-03,   -2.889983e-03,    3.617444e-02,   -2.535318e-02,   -3.520107e-02,    1.766624e-02,   -3.423318e-04,   -1.298143e-03,   -3.622444e-01,   -6.676134e-01,   -1.730234e-01,    2.051300e-01,   -1.341863e+00,    6.808250e-02,    1.918362e+00,    2.323468e-01,   -5.946400e-03,   -4.711700e-03,    3.580400e-02,   -2.491400e-02,   -3.807400e-02,    1.781200e-02,    2.918500e-03,   -9.032000e-04,    2.728700e-03,    2.728700e-03,    2.141000e-03,    2.141000e-03,    2.141000e-03,    2.141000e-03,    1.699800e-03,    1.699800e-03,
        23,    1.000000e+01,   -3.727614e-03,   -3.492437e-03,    4.327338e-02,   -2.776031e-02,   -3.918181e-02,    1.910923e-02,    2.404568e-04,   -2.745185e-03,   -2.271702e-01,   -9.744037e-01,   -2.057906e-01,   -6.564077e-01,   -5.591676e-01,    3.872221e-01,    1.527296e+00,    5.097941e-01,   -4.413100e-03,   -6.432700e-03,    4.277500e-02,   -2.935000e-02,   -4.053600e-02,    2.004700e-02,    3.177600e-03,   -1.764800e-03,    3.017500e-03,    3.017500e-03,    2.421800e-03,    2.421800e-03,    2.421800e-03,    2.421800e-03,    1.923100e-03,    1.923100e-03,
        23,    1.584800e+01,   -2.440963e-03,   -3.927543e-03,    4.916339e-02,   -3.117742e-02,   -4.178846e-02,    2.216399e-02,    1.612406e-03,   -3.943633e-03,    4.216402e-01,   -1.040798e+00,    5.535331e-01,   -8.855065e-01,   -7.842959e-01,    3.352656e-01,    9.506592e-01,    8.235069e-01,   -1.108200e-03,   -7.217400e-03,    5.068400e-02,   -3.361000e-02,   -4.394300e-02,    2.308500e-02,    3.687600e-03,   -2.146000e-03,    3.160900e-03,    3.160900e-03,    2.747100e-03,    2.747100e-03,    2.747100e-03,    2.747100e-03,    2.182900e-03,    2.182900e-03,
        24,    6.309500e+00,   -5.309977e-03,   -7.070567e-03,    2.898285e-02,   -2.660801e-02,   -2.844387e-02,    2.287278e-02,    7.428226e-04,    2.370740e-03,   -5.971181e-01,    2.308958e-01,   -6.504895e-01,    6.099853e-01,    5.351870e-02,   -1.611862e-01,    1.274805e-01,   -2.014795e-01,   -7.004300e-03,   -6.415400e-03,    2.776500e-02,   -2.546600e-02,   -2.834500e-02,    2.257500e-02,    9.169100e-04,    2.095600e-03,    2.837500e-03,    2.837500e-03,    1.872200e-03,    1.872200e-03,    1.847400e-03,    1.847400e-03,    1.365600e-03,    1.365600e-03,
        24,    1.000000e+01,   -1.444783e-03,   -7.223421e-03,    3.621017e-02,   -3.215687e-02,   -3.315255e-02,    3.029752e-02,   -3.063184e-04,    2.058430e-03,   -8.046871e-01,   -1.675720e-01,   -1.198701e+00,    5.238004e-01,    5.059804e-01,   -9.854184e-01,    3.086777e-01,    3.592039e-01,   -3.840900e-03,   -7.722400e-03,    3.356500e-02,   -3.100100e-02,   -3.203600e-02,    2.812300e-02,    1.845100e-04,    2.629600e-03,    2.977700e-03,    2.977700e-03,    2.206700e-03,    2.206700e-03,    2.206700e-03,    2.206700e-03,    1.590100e-03,    1.590100e-03,
        24,    1.584800e+01,    1.445593e-03,   -5.394083e-03,    4.368684e-02,   -3.920231e-02,   -4.009482e-02,    4.077821e-02,   -6.116743e-04,    1.407421e-03,   -6.197719e-01,   -6.617520e-01,   -4.906580e-01,    8.284001e-03,    6.840474e-01,   -8.910785e-01,   -3.056047e-02,    8.581078e-01,   -4.691300e-04,   -7.438500e-03,    4.129900e-02,   -3.916200e-02,   -3.819700e-02,    3.830600e-02,   -6.716400e-04,    3.091200e-03,    3.089400e-03,    3.089400e-03,    4.866600e-03,    4.866600e-03,    2.774400e-03,    2.774400e-03,    1.962200e-03,    1.962200e-03,
        25,    6.309500e+00,    6.457411e-02,   -5.051923e-02,    4.953829e-02,   -6.488826e-02,   -1.451272e-01,    1.184928e-01,   -2.521480e-02,    3.709055e-02,    1.040252e+00,    2.170831e-01,    7.644125e-01,   -6.333881e-01,   -3.561064e+00,    1.586804e+00,   -1.671057e+00,    4.118494e-01,    7.863000e-02,   -4.758600e-02,    5.478300e-02,   -6.923400e-02,   -1.695600e-01,    1.293800e-01,   -5.624800e-02,    4.473900e-02,    1.351200e-02,    1.351200e-02,    6.861100e-03,    6.861100e-03,    6.861100e-03,    6.861100e-03,    1.857100e-02,    1.857100e-02,
        25,    1.000000e+01,    8.260166e-02,   -6.159975e-02,    6.241725e-02,   -8.939808e-02,   -1.808714e-01,    1.518798e-01,   -3.409838e-02,    5.138129e-02,    4.213908e-01,    4.398067e-01,    8.440804e-01,   -4.865248e-01,   -2.375526e+00,    2.639836e-01,   -1.463850e+00,    4.165845e-01,    8.959000e-02,   -5.430600e-02,    6.967600e-02,   -9.358200e-02,   -2.013000e-01,    1.541500e-01,   -6.742000e-02,    6.086400e-02,    1.658400e-02,    1.658400e-02,    8.599600e-03,    8.599600e-03,    8.599600e-03,    8.599600e-03,    2.276300e-02,    2.276300e-02,
        25,    1.584800e+01,    1.041966e-01,   -7.049772e-02,    8.270075e-02,   -1.231012e-01,   -2.265595e-01,    1.877093e-01,   -4.977502e-02,    6.904409e-02,    1.569826e-01,    9.384900e-02,    6.906754e-01,   -8.730817e-01,   -1.956162e+00,    1.560392e+00,   -1.169590e+00,    2.039059e-01,    1.075700e-01,   -6.848100e-02,    9.057100e-02,   -1.330500e-01,   -2.488500e-01,    2.054900e-01,   -8.310600e-02,    7.485500e-02,    2.148900e-02,    2.148900e-02,    1.139500e-02,    1.139500e-02,    1.139500e-02,    1.139500e-02,    2.849800e-02,    2.849800e-02,
        27,    6.309500e+00,    3.220112e-03,   -1.454847e-03,    4.313646e-02,   -3.035102e-02,   -3.513224e-02,    2.141856e-02,   -2.746289e-03,    1.791969e-04,    1.434717e+00,    1.308720e+00,   -1.478062e+00,   -5.307042e-03,   -4.346561e-01,   -1.315710e+00,    1.371585e+00,    8.308035e-01,    7.453100e-03,    2.406400e-03,    3.896300e-02,   -3.036600e-02,   -3.610500e-02,    1.847400e-02,   -1.085300e-03,    1.185300e-03,    2.950400e-03,    2.950400e-03,    2.823600e-03,    2.823600e-03,    2.238000e-03,    2.238000e-03,    1.211000e-03,    1.211000e-03,
        27,    1.000000e+01,    3.710933e-03,   -1.074249e-04,    5.141974e-02,   -3.365102e-02,   -3.985624e-02,    2.470270e-02,   -2.658309e-03,   -1.370432e-03,    1.628006e+00,    1.008679e+00,   -8.467867e-01,    1.956194e-01,   -1.744253e-01,   -1.112956e+00,    1.406892e+00,    2.338710e+00,    9.793000e-03,    3.660900e-03,    4.921200e-02,   -3.314100e-02,   -4.031100e-02,    2.180100e-02,   -5.132200e-04,    2.195400e-03,    3.735900e-03,    3.735900e-03,    2.607200e-03,    2.607200e-03,    2.607200e-03,    2.607200e-03,    1.524700e-03,    1.524700e-03,
        27,    1.584800e+01,    3.149374e-03,    1.172997e-03,    5.861748e-02,   -3.835645e-02,   -4.366766e-02,    3.015770e-02,   -1.543134e-03,   -2.675087e-03,   -2.616260e-01,    1.589862e+00,    1.398395e+00,   -2.435436e-01,   -2.045371e+00,   -1.677166e+00,    9.989925e-01,    2.917167e+00,    2.256000e-03,    6.601900e-03,    6.312800e-02,   -3.914200e-02,   -5.026500e-02,    2.474800e-02,    5.446600e-04,    3.421500e-03,    3.414700e-03,    3.414700e-03,    3.225500e-03,    3.225500e-03,    3.225500e-03,    3.225500e-03,    2.089900e-03,    2.089900e-03,
        28,    6.309500e+00,    5.724257e-03,   -1.196019e-02,    2.761548e-02,   -3.199268e-02,   -3.081961e-02,    2.430924e-02,   -2.666708e-03,    7.440037e-03,    7.188741e-01,    4.210907e-01,   -2.486467e-01,    5.727992e-01,    9.998408e-03,    9.350918e-01,   -4.073598e-02,    2.606028e-01,    8.179500e-03,   -1.052200e-02,    2.620700e-02,   -2.874800e-02,   -3.078100e-02,    2.792000e-02,   -2.782500e-03,    8.180800e-03,    3.415400e-03,    3.415400e-03,    5.664600e-03,    5.664600e-03,    3.861400e-03,    3.861400e-03,    2.842500e-03,    2.842500e-03,
        28,    1.000000e+01,    8.527409e-03,   -1.676198e-02,    3.756432e-02,   -3.968708e-02,   -3.708025e-02,    2.900948e-02,   -4.419632e-03,    9.868653e-03,    1.552837e-01,    2.640040e-01,   -4.653921e-01,    2.649275e-01,   -3.102833e-01,    8.874507e-01,   -1.224969e-01,    3.893990e-01,    9.234400e-03,   -1.556000e-02,    3.416500e-02,   -3.775200e-02,   -3.859400e-02,    3.333900e-02,   -4.880600e-03,    1.133400e-02,    4.552900e-03,    4.552900e-03,    7.304200e-03,    7.304200e-03,    4.878600e-03,    4.878600e-03,    3.763100e-03,    3.763100e-03,
        28,    1.584800e+01,    1.298951e-02,   -2.281253e-02,    4.946393e-02,   -4.730962e-02,   -4.373660e-02,    3.533235e-02,   -6.888255e-03,    1.314378e-02,   -4.749947e-01,    8.948965e-02,   -6.033656e-01,   -7.115339e-02,   -5.794943e-01,    7.474815e-01,   -2.451950e-01,    3.441180e-01,    1.014700e-02,   -2.227700e-02,    4.389800e-02,   -4.796600e-02,   -4.726300e-02,    3.988100e-02,   -8.076200e-03,    1.481100e-02,    5.984300e-03,    5.984300e-03,    9.224800e-03,    9.224800e-03,    6.085300e-03,    6.085300e-03,    4.844900e-03,    4.844900e-03,
        29,    6.309500e+00,    1.847654e-01,   -1.123169e-01,    1.060880e-01,   -1.096565e-01,   -3.039869e-01,    2.049869e-01,   -1.157183e-01,    1.018194e-01,    6.862220e-01,   -3.740446e-01,    7.217509e-01,   -6.035238e-02,   -8.776877e-01,    7.648597e-01,   -3.946205e-01,    1.597883e-01,    2.048600e-01,   -1.232700e-01,    1.149800e-01,   -1.104000e-01,   -3.148000e-01,    2.144100e-01,   -1.307600e-01,    1.079100e-01,    2.928300e-02,    2.928300e-02,    1.232000e-02,    1.232000e-02,    1.232000e-02,    1.232000e-02,    3.811700e-02,    3.811700e-02,
        29,    1.000000e+01,    2.229200e-01,   -1.175757e-01,    1.412664e-01,   -1.316394e-01,   -3.691998e-01,    2.261033e-01,   -1.534167e-01,    1.122935e-01,    7.156955e-01,   -1.494997e-01,    4.847379e-01,    2.297034e-01,   -9.473716e-01,    2.146547e-01,   -3.443419e-01,   -4.427752e-02,    2.479300e-01,   -1.228000e-01,    1.484400e-01,   -1.282400e-01,   -3.832200e-01,    2.292800e-01,   -1.689200e-01,    1.103000e-01,    3.494500e-02,    3.494500e-02,    1.479900e-02,    1.479900e-02,    1.479900e-02,    1.479900e-02,    4.502300e-02,    4.502300e-02,
        29,    1.584800e+01,    2.592207e-01,   -1.189409e-01,    1.829904e-01,   -1.528929e-01,   -4.349410e-01,    2.457160e-01,   -1.955550e-01,    1.163740e-01,    7.189708e-01,    1.235517e-01,    2.292187e-01,    5.321990e-01,   -1.176615e+00,   -4.341253e-01,   -3.414709e-01,   -3.022022e-01,    2.883800e-01,   -1.139300e-01,    1.869800e-01,   -1.436300e-01,   -4.554200e-01,    2.381600e-01,   -2.133900e-01,    1.005900e-01,    4.055700e-02,    4.055700e-02,    1.740500e-02,    1.740500e-02,    1.740500e-02,    1.740500e-02,    5.223000e-02,    5.223000e-02,
        30,    6.309500e+00,    4.097190e-01,   -2.322529e-01,    2.441885e-01,   -2.268428e-01,   -6.926004e-01,    4.246860e-01,   -3.490509e-01,    2.935959e-01,    4.633334e-01,   -1.507181e-01,    8.882081e-01,   -3.153535e-01,   -1.157022e+00,    4.334881e-01,   -3.387034e-01,    5.460348e-02,    4.391300e-01,   -2.418200e-01,    2.686000e-01,   -2.355100e-01,   -7.244000e-01,    4.366000e-01,   -3.815800e-01,    2.988400e-01,    6.347700e-02,    6.347700e-02,    2.748400e-02,    2.748400e-02,    2.748400e-02,    2.748400e-02,    9.604000e-02,    9.604000e-02,
        30,    1.000000e+01,    4.930213e-01,   -2.339497e-01,    3.195126e-01,   -2.639014e-01,   -8.370753e-01,    4.468536e-01,   -4.544774e-01,    3.255322e-01,    4.190521e-01,   -4.653919e-06,    7.302791e-01,    3.170470e-02,   -1.026210e+00,    4.323260e-02,   -2.755469e-01,   -5.950840e-02,    5.243400e-01,   -2.339500e-01,    3.432700e-01,   -2.628700e-01,   -8.704600e-01,    4.482600e-01,   -4.856500e-01,    3.188000e-01,    7.473700e-02,    7.473700e-02,    3.253200e-02,    3.253200e-02,    3.253200e-02,    3.253200e-02,    1.131300e-01,    1.131300e-01,
        30,    1.584800e+01,    5.702334e-01,   -2.219485e-01,    4.059809e-01,   -2.965036e-01,   -9.761635e-01,    4.537429e-01,   -5.715490e-01,    3.423316e-01,    4.969460e-01,    7.938030e-02,    8.137232e-01,    5.558128e-01,   -8.073106e-01,    2.592752e-01,   -2.990691e-01,   -3.785717e-01,    6.134200e-01,   -2.150500e-01,    4.367600e-01,   -2.754800e-01,   -1.006700e+00,    4.635500e-01,   -6.104100e-01,    2.931400e-01,    8.690400e-02,    8.690400e-02,    3.782500e-02,    3.782500e-02,    3.782500e-02,    3.782500e-02,    1.299400e-01,    1.299400e-01,
        31,    6.309500e+00,    4.711982e-03,    1.305950e-05,    4.304539e-02,   -6.431165e-02,   -9.015141e-02,    7.244905e-02,    6.777176e-03,   -3.314109e-03,   -7.211414e-01,    1.108738e+00,   -8.979012e-01,   -1.816199e-01,   -1.214226e+00,   -5.560355e-01,    7.560940e-01,   -2.088059e-01,    2.813000e-03,    2.932700e-03,    3.878700e-02,   -6.517300e-02,   -9.591000e-02,    6.981200e-02,    1.104200e-02,   -4.491900e-03,    2.633300e-03,    2.633300e-03,    4.742600e-03,    4.742600e-03,    4.742600e-03,    4.742600e-03,    5.640600e-03,    5.640600e-03,
        31,    1.000000e+01,    5.503375e-03,    2.139866e-03,    5.620753e-02,   -8.817501e-02,   -1.125500e-01,    8.710349e-02,    7.395864e-03,   -5.669896e-03,   -1.074329e+00,    5.623772e-01,   -9.260192e-01,    9.825719e-02,   -6.404607e-02,   -9.802795e-01,    7.896257e-01,   -4.168300e-02,    2.084000e-03,    3.929800e-03,    5.071300e-02,   -8.759200e-02,   -1.129300e-01,    8.128700e-02,    1.261300e-02,   -5.945300e-03,    3.182800e-03,    3.182800e-03,    5.933500e-03,    5.933500e-03,    5.933500e-03,    5.933500e-03,    6.607100e-03,    6.607100e-03,
        31,    1.584800e+01,    5.516231e-03,    5.060388e-03,    7.493817e-02,   -1.213724e-01,   -1.383685e-01,    1.023069e-01,    9.979772e-03,   -8.085338e-03,   -1.234945e+00,   -8.687156e-01,   -1.843160e-01,   -6.243501e-01,    6.115353e-01,   -9.950486e-01,    4.712831e-01,    1.592569e-01,    1.694200e-03,    2.371800e-03,    7.351300e-02,   -1.262000e-01,   -1.336400e-01,    9.461300e-02,    1.350200e-02,   -6.895100e-03,    3.094900e-03,    3.094900e-03,    7.732200e-03,    7.732200e-03,    7.732200e-03,    7.732200e-03,    7.473700e-03,    7.473700e-03,
        32,    6.309500e+00,   -6.549864e-03,    1.359978e-03,    1.658514e-02,   -2.076488e-02,   -2.987124e-02,    2.459896e-02,    4.890271e-03,   -2.759791e-03,   -9.551283e-01,   -1.580127e-01,    1.609810e-01,    1.496678e-01,    8.886489e-02,   -5.278472e-01,   -2.300825e-01,   -7.463396e-02,   -8.739400e-03,    9.977500e-04,    1.684100e-02,   -2.052700e-02,   -2.973000e-02,    2.376000e-02,    4.401000e-03,   -2.918500e-03,    2.292400e-03,    2.292400e-03,    1.589400e-03,    1.589400e-03,    1.589400e-03,    1.589400e-03,    2.126500e-03,    2.126500e-03,
        34,    6.309500e+00,   -1.531687e-02,    5.327618e-04,    3.706401e-02,   -2.457420e-02,   -3.423670e-02,    2.396345e-02,    2.026878e-03,   -1.147753e-03,    8.919199e-01,    1.392454e+00,    2.132560e-01,   -2.806711e-01,   -1.070998e+00,   -7.628344e-01,   -2.794661e+00,   -2.253102e+00,   -1.203300e-02,    5.659500e-03,    3.759800e-02,   -2.527700e-02,   -3.659600e-02,    2.228300e-02,   -7.113900e-03,   -8.517200e-03,    3.681800e-03,    3.681800e-03,    2.504000e-03,    2.504000e-03,    2.202900e-03,    2.202900e-03,    3.270800e-03,    3.270800e-03,
        34,    1.000000e+01,   -1.569460e-02,   -4.508769e-04,    4.470642e-02,   -2.717711e-02,   -4.098547e-02,    2.807278e-02,    2.859647e-03,   -2.148474e-03,    8.095275e-01,    1.178287e+00,    1.667694e+00,   -6.777926e-01,   -5.202583e-01,   -4.799721e-01,   -2.650231e+00,   -2.718809e+00,   -1.237100e-02,    4.386700e-03,    4.916700e-02,   -2.899000e-02,   -4.237700e-02,    2.678900e-02,   -8.447300e-03,   -1.374800e-02,    4.105600e-03,    4.105600e-03,    2.674700e-03,    2.674700e-03,    2.674700e-03,    2.674700e-03,    4.266400e-03,    4.266400e-03,
        34,    1.584800e+01,   -1.617800e-02,   -2.172697e-03,    5.231249e-02,   -2.971979e-02,   -4.822195e-02,    3.317086e-02,    4.489133e-03,   -2.324016e-03,    3.476132e-01,    5.617037e-02,    1.939907e+00,   -3.570715e-01,   -3.003415e-01,   -1.275197e+00,   -1.001480e+00,   -3.426640e+00,   -1.455600e-02,   -1.910600e-03,    5.826800e-02,   -3.081600e-02,   -4.914400e-02,    2.925600e-02,   -5.266800e-04,   -1.948600e-02,    4.666100e-03,    4.666100e-03,    3.070000e-03,    3.070000e-03,    3.070000e-03,    3.070000e-03,    5.008400e-03,    5.008400e-03,
        35,    6.309500e+00,   -2.513129e-03,   -1.998527e-03,    2.879180e-02,   -2.135583e-02,   -2.284607e-02,    2.631416e-02,    8.104789e-03,    3.003993e-03,   -2.062319e-01,    1.851936e+00,    9.893799e-01,    3.656940e-02,   -1.061658e-01,    1.349313e+00,    3.594664e-01,    1.310230e-01,   -2.839800e-03,    9.349400e-04,    3.062700e-02,   -2.128800e-02,   -2.304300e-02,    2.881700e-02,    9.126500e-03,    3.376400e-03,    1.584000e-03,    1.584000e-03,    1.854900e-03,    1.854900e-03,    1.854900e-03,    1.854900e-03,    2.842300e-03,    2.842300e-03,
        35,    1.000000e+01,   -1.993970e-03,   -2.947102e-03,    3.261646e-02,   -2.906824e-02,   -2.977761e-02,    3.299701e-02,    6.601507e-03,    2.730634e-03,   -6.939591e-01,    8.020482e-01,    5.077266e-01,    1.701483e-01,   -8.248423e-01,    4.850158e-01,    5.290808e-01,    1.759992e-01,   -3.309300e-03,   -1.426900e-03,    3.376900e-02,   -2.868200e-02,   -3.165000e-02,    3.409800e-02,    8.210600e-03,    3.265900e-03,    1.895400e-03,    1.895400e-03,    2.270000e-03,    2.270000e-03,    2.270000e-03,    2.270000e-03,    3.041300e-03,    3.041300e-03,
        35,    1.584800e+01,   -1.147778e-03,   -3.927144e-03,    3.869156e-02,   -4.030638e-02,   -3.800820e-02,    4.119866e-02,    5.599104e-03,    1.857056e-03,   -6.693940e-01,   -2.305483e-01,    2.854151e-01,   -3.970594e-01,   -1.000067e+00,    8.927648e-01,    4.461047e-01,    3.719087e-01,   -2.912100e-03,   -4.534800e-03,    3.952800e-02,   -4.147000e-02,   -4.093900e-02,    4.381500e-02,    7.034000e-03,    3.053300e-03,    2.635700e-03,    2.635700e-03,    2.930600e-03,    2.930600e-03,    2.930600e-03,    2.930600e-03,    3.216500e-03,    3.216500e-03,
        36,    6.309500e+00,    1.413766e-02,   -9.855144e-04,    4.227730e-02,   -5.313126e-02,   -2.238662e-01,    1.357083e-01,   -2.316605e-02,   -3.947268e-03,    7.204557e-01,   -6.535294e-01,   -5.062362e-01,   -2.319837e-02,   -2.521220e+00,    1.142926e+00,    3.364786e-01,    1.021393e+00,    1.790600e-02,   -4.403800e-03,    3.883500e-02,   -5.328900e-02,   -2.410100e-01,    1.434800e-01,   -1.931000e-02,    7.757900e-03,    5.230500e-03,    5.230500e-03,    6.799800e-03,    6.799800e-03,    6.799800e-03,    6.799800e-03,    1.146000e-02,    1.146000e-02,
        36,    1.000000e+01,    1.428775e-02,    2.156409e-03,    5.331268e-02,   -7.084963e-02,   -2.635889e-01,    1.485297e-01,   -2.492046e-02,   -1.942234e-02,    1.179367e+00,   -9.921558e-01,   -7.390933e-01,    4.180935e-01,   -2.296274e+00,    9.800713e-01,   -7.520878e-02,    1.407127e+00,    2.186400e-02,   -4.217200e-03,    4.728700e-02,   -6.744100e-02,   -2.823100e-01,    1.565200e-01,   -2.595300e-02,   -1.038900e-04,    6.424000e-03,    6.424000e-03,    8.152800e-03,    8.152800e-03,    8.152800e-03,    8.152800e-03,    1.372900e-02,    1.372900e-02,
        36,    1.584800e+01,    1.256798e-02,    5.146407e-03,    6.719669e-02,   -9.566508e-02,   -3.001869e-01,    1.645462e-01,   -1.733898e-02,   -3.887616e-02,    1.136409e+00,   -1.235213e+00,   -5.750396e-01,   -3.204518e-01,   -2.636200e+00,    4.464381e-01,   -6.711407e-01,    1.067917e+00,    2.109400e-02,   -4.120900e-03,    6.124100e-02,   -9.898400e-02,   -3.274900e-01,    1.691700e-01,   -2.884300e-02,   -2.057100e-02,    7.502600e-03,    7.502600e-03,    1.035700e-02,    1.035700e-02,    1.035700e-02,    1.035700e-02,    1.714100e-02,    1.714100e-02,
        37,    6.309500e+00,    2.899255e-02,   -1.667212e-02,    5.782137e-02,   -7.840103e-02,   -1.019838e-01,    9.776189e-02,   -8.364047e-03,    3.966258e-03,   -7.662615e-03,    5.490212e-01,    2.945750e-02,   -6.298064e-01,   -1.023509e+00,    8.542248e-01,   -7.550118e-01,    4.028537e-01,    2.892800e-02,   -1.204700e-02,    5.800200e-02,   -8.226300e-02,   -1.082600e-01,    1.030000e-01,   -1.379900e-02,    6.866200e-03,    8.424300e-03,    8.424300e-03,    6.132000e-03,    6.132000e-03,    6.132000e-03,    6.132000e-03,    7.198500e-03,    7.198500e-03,
        37,    1.000000e+01,    3.530793e-02,   -1.633349e-02,    7.538552e-02,   -1.054104e-01,   -1.292330e-01,    1.218156e-01,   -1.192714e-02,    8.948219e-04,   -3.463599e-01,    2.776474e-01,    2.798490e-01,   -8.289088e-01,   -6.406963e-01,    1.782859e-01,   -4.101441e-01,   -1.106169e-01,    3.174700e-02,   -1.347900e-02,    7.759000e-02,   -1.119400e-01,   -1.342800e-01,    1.232200e-01,   -1.516100e-02,    2.264100e-05,    1.028100e-02,    1.028100e-02,    7.877400e-03,    7.877400e-03,    7.877400e-03,    7.877400e-03,    7.884700e-03,    7.884700e-03,
        37,    1.584800e+01,    4.050043e-02,   -1.473473e-02,    9.948082e-02,   -1.413077e-01,   -1.598973e-01,    1.502908e-01,   -1.430656e-02,   -4.862481e-03,   -3.693773e-01,   -1.426547e-01,    5.606582e-01,   -9.429758e-01,   -4.686965e-01,    3.652375e-01,    1.987193e-02,   -8.866523e-01,    3.578200e-02,   -1.655700e-02,    1.051900e-01,   -1.509100e-01,   -1.646700e-01,    1.540100e-01,   -1.410800e-02,   -1.372200e-02,    1.277400e-02,    1.277400e-02,    1.018300e-02,    1.018300e-02,    1.018300e-02,    1.018300e-02,    9.992100e-03,    9.992100e-03,
        38,    6.309500e+00,   -7.819523e-03,   -4.190367e-03,    3.942653e-02,   -2.664003e-02,   -2.118325e-02,    1.986322e-02,    3.790850e-03,   -1.599400e-03,   -4.410965e+00,    2.078506e+00,    4.113004e-01,    2.534087e-01,   -1.589186e+00,   -7.814658e-01,   -2.693315e-01,    2.093628e-01,   -3.570300e-02,    8.948700e-03,    4.076400e-02,   -2.581600e-02,   -2.428900e-02,    1.833600e-02,    3.368000e-03,   -1.270700e-03,    6.321400e-03,    6.321400e-03,    3.251800e-03,    3.251800e-03,    1.954300e-03,    1.954300e-03,    1.570000e-03,    1.570000e-03,
        38,    1.000000e+01,   -6.203094e-03,   -4.677405e-03,    4.684149e-02,   -2.978945e-02,   -2.534444e-02,    2.620440e-02,    4.794363e-03,   -1.642291e-03,   -4.621519e+00,    1.177369e+00,    6.246159e-02,   -2.205025e-01,   -9.091690e-01,   -1.292503e+00,   -4.132298e-01,    5.034803e-01,   -3.847100e-02,    3.543100e-03,    4.704900e-02,   -3.052200e-02,   -2.758300e-02,    2.302200e-02,    4.041500e-03,   -7.250000e-04,    6.982100e-03,    6.982100e-03,    3.322200e-03,    3.322200e-03,    2.462200e-03,    2.462200e-03,    1.821900e-03,    1.821900e-03,
        38,    1.584800e+01,   -4.961455e-03,   -5.325563e-03,    5.400611e-02,   -3.396452e-02,   -3.079149e-02,    3.499795e-02,    5.941210e-03,   -7.826907e-04,   -4.539414e+00,    1.550396e-01,   -7.106777e-01,   -4.979714e-01,   -1.441739e-01,   -1.279663e+00,   -1.006842e+00,    2.213869e-01,   -3.864300e-02,   -4.175200e-03,    5.214300e-02,   -3.527000e-02,   -3.130400e-02,    3.044900e-02,    3.953100e-03,   -3.455400e-04,    7.419800e-03,    7.419800e-03,    2.621600e-03,    2.621600e-03,    3.554800e-03,    3.554800e-03,    1.974600e-03,    1.974600e-03,
        39,    6.309500e+00,   -1.154103e-02,    2.072147e-03,    2.882344e-02,   -3.124599e-02,   -3.841505e-02,    2.709743e-02,    3.451559e-03,    1.444874e-03,   -8.647096e-01,    6.128332e-01,    1.045555e+00,    3.430280e-02,   -9.529669e-01,    1.195923e+00,   -4.746947e-01,    4.385286e-01,   -1.494600e-02,    4.485300e-03,    3.129200e-02,   -3.116500e-02,   -4.066500e-02,    2.992100e-02,    2.516600e-03,    2.308600e-03,    3.937700e-03,    3.937700e-03,    2.361000e-03,    2.361000e-03,    2.361000e-03,    2.361000e-03,    1.969600e-03,    1.969600e-03,
        39,    1.000000e+01,   -1.297194e-02,   -3.260085e-04,    3.859170e-02,   -3.871361e-02,   -4.589633e-02,    3.113325e-02,    3.388042e-03,    2.532685e-03,   -8.000950e-01,    5.615595e-01,    1.931394e-01,    1.030195e+00,   -9.693332e-01,    6.885893e-01,   -7.144548e-01,    1.150119e-01,   -1.654300e-02,    2.180400e-03,    3.913100e-02,   -3.583700e-02,   -4.860300e-02,    3.305600e-02,    1.883400e-03,    2.774900e-03,    4.463300e-03,    4.463300e-03,    2.792300e-03,    2.792300e-03,    2.792300e-03,    2.792300e-03,    2.106000e-03,    2.106000e-03,
        39,    1.584800e+01,   -1.310831e-02,   -3.867086e-03,    5.031505e-02,   -4.614003e-02,   -5.350633e-02,    3.638768e-02,    2.734025e-03,    4.260473e-03,   -7.655322e-01,    4.494553e-01,   -4.354494e-01,    9.405505e-01,   -9.938937e-01,    3.676645e-01,   -8.744704e-01,   -7.336988e-01,   -1.692900e-02,   -1.623900e-03,    4.886500e-02,   -4.300800e-02,   -5.681600e-02,    3.761200e-02,    9.006100e-04,    2.722200e-03,    4.990900e-03,    4.990900e-03,    3.330000e-03,    3.330000e-03,    3.330000e-03,    3.330000e-03,    2.096600e-03,    2.096600e-03,
        40,    6.309500e+00,   -1.070096e-02,   -4.427989e-03,    3.691364e-02,   -3.185547e-02,   -2.597977e-02,    2.161659e-02,    5.401991e-03,    4.440329e-04,   -1.881274e+00,   -5.482581e-01,   -1.146853e+00,   -6.093126e-01,    4.084502e-01,   -6.017283e-01,   -5.054130e-01,    1.178692e+00,   -1.961500e-02,   -7.025800e-03,    3.465400e-02,   -3.305600e-02,   -2.517500e-02,    2.043100e-02,    4.417800e-03,    2.739300e-03,    4.738300e-03,    4.738300e-03,    1.970300e-03,    1.970300e-03,    1.970300e-03,    1.970300e-03,    1.947300e-03,    1.947300e-03,
        40,    1.000000e+01,   -9.070446e-03,   -8.528731e-03,    4.618497e-02,   -3.941789e-02,   -3.136028e-02,    2.638889e-02,    5.402661e-03,    2.289932e-03,   -1.203941e+00,   -7.516197e-01,   -2.067427e+00,    2.189458e-01,    5.197444e-01,   -7.096530e-01,   -7.387052e-01,    6.505344e-01,   -1.506800e-02,   -1.227300e-02,    4.132300e-02,   -3.890300e-02,   -3.013800e-02,    2.472000e-02,    3.809200e-03,    3.693200e-03,    4.981600e-03,    4.981600e-03,    2.351700e-03,    2.351700e-03,    2.351700e-03,    2.351700e-03,    2.157100e-03,    2.157100e-03,
        40,    1.584800e+01,   -4.953335e-03,   -1.245459e-02,    5.787928e-02,   -4.755567e-02,   -3.743850e-02,    3.295281e-02,    4.206315e-03,    4.343046e-03,   -9.117918e-01,   -1.392498e+00,   -1.381648e+00,    6.533478e-01,    5.373844e-01,   -4.212441e-01,    2.921875e-01,    4.258010e-01,   -1.051800e-02,   -2.095300e-02,    5.386200e-02,   -4.565600e-02,   -3.587600e-02,    3.172800e-02,    5.036800e-03,    5.553300e-03,    6.103000e-03,    6.103000e-03,    2.907600e-03,    2.907600e-03,    2.907600e-03,    2.907600e-03,    2.842300e-03,    2.842300e-03,
        41,    6.309500e+00,    2.709804e-02,   -1.083972e-02,    2.468204e-02,   -2.749800e-02,   -5.014801e-02,    3.118974e-02,   -1.581346e-02,    1.038879e-02,   -1.307513e-01,    2.203586e-01,   -7.761116e-02,    1.105362e+00,    1.447049e+00,   -7.989581e-01,   -4.406991e-02,   -1.744984e-01,    2.648100e-02,   -9.799800e-03,    2.451100e-02,   -2.506200e-02,   -4.695900e-02,    2.942900e-02,   -1.602600e-02,    9.547200e-03,    4.719200e-03,    4.719200e-03,    2.203800e-03,    2.203800e-03,    2.203800e-03,    2.203800e-03,    4.822900e-03,    4.822900e-03,
        41,    1.000000e+01,    3.080277e-02,   -8.715140e-03,    3.220696e-02,   -3.449411e-02,   -5.882677e-02,    3.357692e-02,   -1.996090e-02,    9.603691e-03,   -1.192711e-01,    3.534442e-01,   -3.994436e-01,    1.492355e+00,    9.642648e-01,   -7.137172e-01,    8.809652e-02,   -1.809191e-01,    3.014600e-02,   -6.768900e-03,    3.114700e-02,   -3.053400e-02,   -5.626800e-02,    3.168300e-02,   -1.947100e-02,    8.597600e-03,    5.506500e-03,    5.506500e-03,    2.653600e-03,    2.653600e-03,    2.653600e-03,    2.653600e-03,    5.561000e-03,    5.561000e-03,
        41,    1.584800e+01,    3.277752e-02,   -5.972946e-03,    4.101953e-02,   -4.280348e-02,   -6.579898e-02,    3.699321e-02,   -2.310155e-02,    7.685534e-03,   -2.092941e-01,    5.422245e-01,   -1.034240e+00,    1.885660e+00,    4.493070e-01,   -1.283038e+00,    1.656352e-01,   -2.123372e-01,    3.149400e-02,   -2.647700e-03,    3.782000e-02,   -3.697000e-02,   -6.440900e-02,    3.302400e-02,   -2.208800e-02,    6.386200e-03,    6.132600e-03,    6.132600e-03,    3.093600e-03,    3.093600e-03,    3.093600e-03,    3.093600e-03,    6.119200e-03,    6.119200e-03,
        42,    6.309500e+00,   -1.278369e-02,    4.290033e-03,    2.925754e-02,   -3.217512e-02,   -3.639803e-02,    3.135159e-02,    1.602954e-03,   -9.298127e-04,    1.019257e-01,   -6.571319e-01,    2.030400e-01,    3.321664e-01,   -9.689085e-01,   -6.509909e-01,    1.391540e+00,    1.176780e-01,   -1.242700e-02,    1.990400e-03,    2.972400e-02,   -3.141200e-02,   -3.862400e-02,    2.985600e-02,    4.819500e-03,   -6.578000e-04,    3.499500e-03,    3.499500e-03,    2.297400e-03,    2.297400e-03,    2.297400e-03,    2.297400e-03,    2.311500e-03,    2.311500e-03,
        42,    1.000000e+01,   -1.569373e-02,    5.893498e-04,    3.937636e-02,   -3.817790e-02,   -4.570650e-02,    3.676387e-02,    3.445556e-03,   -2.537189e-03,    4.750723e-01,   -4.391691e-01,    2.292484e-02,    1.130971e-01,   -4.456130e-01,   -8.631667e-01,    9.093816e-01,    6.933606e-01,   -1.373700e-02,   -1.219500e-03,    3.944100e-02,   -3.785900e-02,   -4.696300e-02,    3.433000e-02,    6.000100e-03,   -5.894700e-04,    4.118800e-03,    4.118800e-03,    2.819700e-03,    2.819700e-03,    2.819700e-03,    2.819700e-03,    2.809100e-03,    2.809100e-03,
        42,    1.584800e+01,   -1.643228e-02,   -5.003858e-03,    4.992064e-02,   -4.460100e-02,   -5.528601e-02,    4.289666e-02,    6.817271e-03,   -1.825407e-03,    4.827908e-01,   -1.840868e-01,    4.008075e-01,   -1.740285e-01,   -5.554252e-03,   -7.758594e-01,    4.145112e-01,    5.749068e-01,   -1.409200e-02,   -5.896200e-03,    5.129100e-02,   -4.519600e-02,   -5.530500e-02,    4.024400e-02,    8.298900e-03,    2.295400e-04,    4.847400e-03,    4.847400e-03,    3.419000e-03,    3.419000e-03,    3.419000e-03,    3.419000e-03,    3.574400e-03,    3.574400e-03,
        43,    6.309500e+00,   -7.639658e-03,   -7.711754e-03,    4.094265e-02,   -3.485399e-02,   -3.608501e-02,    2.708524e-02,    9.494931e-03,   -4.993801e-03,    4.922688e+00,    3.920026e+00,   -1.619625e+00,   -8.742348e-02,    2.577131e+00,    1.867497e+00,   -1.755643e-02,   -8.383561e-01,    1.438100e-02,    9.823700e-03,    3.712600e-02,   -3.506000e-02,   -3.001200e-02,    3.148600e-02,    9.434000e-03,   -7.903400e-03,    4.473300e-03,    4.473300e-03,    2.356500e-03,    2.356500e-03,    2.356500e-03,    2.356500e-03,    3.470600e-03,    3.470600e-03,
        43,    1.000000e+01,   -2.572020e-03,   -7.284641e-03,    5.084381e-02,   -4.075101e-02,   -4.043078e-02,    3.676476e-02,    1.052047e-02,   -6.649896e-03,    2.733776e+00,    4.144987e+00,   -8.916121e-01,    3.420605e-02,    2.435195e+00,    2.050566e+00,    7.014772e-01,   -3.709577e-01,    1.085000e-02,    1.306600e-02,    4.823700e-02,   -4.065100e-02,   -3.331100e-02,    4.276000e-02,    1.361300e-02,   -8.285300e-03,    4.909700e-03,    4.909700e-03,    2.923700e-03,    2.923700e-03,    2.923700e-03,    2.923700e-03,    4.408600e-03,    4.408600e-03,
        43,    1.584800e+01,    1.385928e-03,   -3.594753e-03,    6.054080e-02,   -4.819879e-02,   -4.752389e-02,    5.165898e-02,    1.224844e-02,   -8.987312e-03,    1.012927e+00,    3.366102e+00,   -2.100880e-01,   -2.340546e-01,    1.269940e+00,    1.676322e+00,    1.010456e+00,    3.809910e-02,    6.602300e-03,    1.374000e-02,    5.975700e-02,   -4.907200e-02,   -4.278600e-02,    5.791300e-02,    1.800400e-02,   -8.770300e-03,    5.149800e-03,    5.149800e-03,    3.730800e-03,    3.730800e-03,    3.730800e-03,    3.730800e-03,    5.696000e-03,    5.696000e-03,
        44,    6.309500e+00,   -1.588005e-02,   -5.142271e-03,    3.846378e-02,   -3.723814e-02,   -4.975012e-02,    2.918058e-02,    3.136597e-03,    1.493434e-03,   -9.358546e-01,    1.415686e-02,   -1.067342e+00,   -2.246881e-01,   -1.505124e-01,   -2.527225e-01,   -1.679331e-01,   -6.022098e-02,   -2.053200e-02,   -5.071900e-03,    3.554300e-02,   -3.785300e-02,   -5.016200e-02,    2.848900e-02,    2.798800e-03,    1.372300e-03,    4.970800e-03,    4.970800e-03,    2.736500e-03,    2.736500e-03,    2.736500e-03,    2.736500e-03,    2.011500e-03,    2.011500e-03,
        44,    1.000000e+01,   -1.315622e-02,   -8.344598e-03,    4.851570e-02,   -4.517740e-02,   -5.559950e-02,    3.521620e-02,    2.733795e-03,    1.678048e-03,   -8.320816e-01,   -1.870227e-01,   -1.003867e+00,   -1.539500e-01,    1.570273e-01,   -9.019085e-01,   -3.342792e-02,   -3.266744e-01,   -1.762000e-02,   -9.347900e-03,    4.495800e-02,   -4.572300e-02,   -5.509700e-02,    3.233000e-02,    2.666100e-03,    1.016500e-03,    5.364600e-03,    5.364600e-03,    3.544000e-03,    3.544000e-03,    3.200100e-03,    3.200100e-03,    2.025100e-03,    2.025100e-03,
        44,    1.584800e+01,   -8.871234e-03,   -1.043412e-02,    5.908896e-02,   -5.537714e-02,   -6.174339e-02,    4.525062e-02,    2.466125e-03,    2.071412e-03,   -6.298040e-01,   -2.869827e-01,   -2.631361e-01,   -3.631878e-01,    3.533747e-01,   -8.161008e-01,    1.997900e-01,   -3.159884e-01,   -1.241300e-02,   -1.204800e-02,    5.793200e-02,   -5.697400e-02,   -6.037700e-02,    4.209500e-02,    2.927500e-03,    1.341700e-03,    5.623600e-03,    5.623600e-03,    4.396800e-03,    4.396800e-03,    3.866700e-03,    3.866700e-03,    2.309300e-03,    2.309300e-03,
        45,    6.309500e+00,   -1.073525e-03,    2.715915e-03,    2.163682e-02,   -2.530752e-02,   -2.339160e-02,    3.222652e-02,    1.597743e-03,   -1.976663e-03,   -8.105130e-01,    2.759524e-01,    3.890429e-01,    2.411888e-01,    7.984259e-01,    7.289838e-01,    3.260832e-01,   -4.630347e-02,   -2.488600e-03,    3.197700e-03,    2.234900e-02,   -2.486600e-02,   -2.193000e-02,    3.356100e-02,    2.130400e-03,   -2.052300e-03,    1.745900e-03,    1.745900e-03,    1.830600e-03,    1.830600e-03,    1.830600e-03,    1.830600e-03,    1.633500e-03,    1.633500e-03,
        45,    1.000000e+01,   -2.150730e-03,    3.718866e-03,    2.623903e-02,   -3.536013e-02,   -3.129315e-02,    4.314424e-02,    1.974112e-03,   -4.147526e-03,   -7.822268e-01,   -1.614301e-02,    3.022577e-01,    1.204675e-01,    4.318159e-01,    2.415492e-01,    3.050847e-01,    6.002628e-01,   -3.966200e-03,    3.681400e-03,    2.697200e-02,   -3.506800e-02,   -3.024600e-02,    4.373000e-02,    2.631600e-03,   -2.853900e-03,    2.320900e-03,    2.320900e-03,    2.425000e-03,    2.425000e-03,    2.425000e-03,    2.425000e-03,    2.155100e-03,    2.155100e-03,
        45,    1.584800e+01,   -3.587536e-03,    4.471239e-03,    3.378235e-02,   -4.990028e-02,   -4.279953e-02,    5.684448e-02,    3.704137e-03,   -6.532980e-03,   -6.990226e-01,   -2.358712e-01,    6.719686e-02,    5.429358e-02,    1.314187e-01,    2.657216e-01,   -3.189957e-01,    7.392301e-01,   -5.715500e-03,    3.753200e-03,    3.400300e-02,   -4.972200e-02,   -4.236800e-02,    5.771700e-02,    2.780900e-03,   -4.393500e-03,    3.044200e-03,    3.044200e-03,    3.283600e-03,    3.283600e-03,    3.283600e-03,    3.283600e-03,    2.894200e-03,    2.894200e-03,
        46,    6.309500e+00,   -3.326290e-02,    1.001975e-02,    3.946725e-02,   -3.608981e-02,   -4.497157e-02,    2.814989e-02,    1.136358e-02,   -6.485100e-03,   -9.765691e-01,    4.647410e-01,    1.105720e-01,    7.221510e-02,   -5.881326e-01,   -4.508126e-01,   -2.632134e-01,    1.186139e-01,   -4.024400e-02,    1.334200e-02,    3.976400e-02,   -3.589600e-02,   -4.655000e-02,    2.694000e-02,    1.036100e-02,   -6.033300e-03,    7.148600e-03,    7.148600e-03,    2.683800e-03,    2.683800e-03,    2.683800e-03,    2.683800e-03,    3.809000e-03,    3.809000e-03,
        46,    1.000000e+01,   -3.658417e-02,    6.974738e-03,    5.100739e-02,   -4.301112e-02,   -5.239046e-02,    3.169135e-02,    1.408677e-02,   -6.902213e-03,   -9.404259e-01,    3.709424e-02,   -1.580966e-01,   -1.692204e-01,   -1.161424e-01,   -3.047732e-01,   -5.694310e-01,   -6.483999e-02,   -4.430300e-02,    7.279200e-03,    5.050300e-02,   -4.355100e-02,   -5.276100e-02,    3.071900e-02,    1.162000e-02,   -7.183100e-03,    8.207800e-03,    8.207800e-03,    3.190400e-03,    3.190400e-03,    3.190400e-03,    3.190400e-03,    4.332000e-03,    4.332000e-03,
        46,    1.584800e+01,   -3.758866e-02,    3.502170e-03,    6.385215e-02,   -4.947549e-02,   -5.930305e-02,    3.682561e-02,    1.683781e-02,   -6.375295e-03,   -8.989791e-01,   -1.055075e-01,   -3.814668e-01,   -3.978778e-01,   -1.676966e-01,   -5.006166e-01,   -7.700506e-01,   -4.334574e-01,   -4.578600e-02,    2.540100e-03,    6.242600e-02,   -5.096300e-02,   -5.993000e-02,    3.495400e-02,    1.304100e-02,   -8.512500e-03,    9.118500e-03,    9.118500e-03,    3.738600e-03,    3.738600e-03,    3.738600e-03,    3.738600e-03,    4.930600e-03,    4.930600e-03,
        47,    6.309500e+00,    1.726233e-02,   -3.479289e-04,    4.445744e-02,   -5.158056e-02,   -6.453822e-02,    4.719991e-02,   -1.069901e-02,    5.746425e-03,   -1.224747e-01,    1.018232e+00,    1.375401e-01,   -1.149267e-01,    1.083399e-01,   -4.744441e-01,   -1.193229e-01,   -3.331796e-01,    1.662800e-02,    4.925800e-03,    4.496300e-02,   -5.200300e-02,   -6.414000e-02,    4.545600e-02,   -1.124900e-02,    4.210700e-03,    5.179300e-03,    5.179300e-03,    3.675700e-03,    3.675700e-03,    3.675700e-03,    3.675700e-03,    4.609300e-03,    4.609300e-03,
        47,    1.000000e+01,    1.835615e-02,    4.618562e-03,    5.964554e-02,   -6.524648e-02,   -7.969881e-02,    5.326621e-02,   -1.404275e-02,    3.690833e-03,   -9.982929e-02,    9.800449e-01,   -1.536212e-01,    4.186811e-01,    7.092994e-01,   -9.415549e-01,   -4.511102e-02,   -4.834206e-01,    1.772100e-02,    1.085400e-02,    5.896400e-02,   -6.338900e-02,   -7.655200e-02,    4.908900e-02,   -1.428700e-02,    1.073400e-03,    6.362400e-03,    6.362400e-03,    4.436500e-03,    4.436500e-03,    4.436500e-03,    4.436500e-03,    5.414400e-03,    5.414400e-03,
        47,    1.584800e+01,    1.723626e-02,    1.087880e-02,    7.866244e-02,   -8.028383e-02,   -9.565121e-02,    5.880069e-02,   -1.718129e-02,   -1.832375e-04,   -5.048234e-01,    9.726374e-01,   -4.143819e-01,    3.034544e-01,    8.603799e-01,   -8.801451e-01,    3.568498e-01,   -9.233517e-01,    1.346700e-02,    1.814100e-02,    7.643000e-02,   -7.864900e-02,   -9.101600e-02,    5.405900e-02,   -1.497200e-02,   -5.899800e-03,    7.466500e-03,    7.466500e-03,    5.387400e-03,    5.387400e-03,    5.387400e-03,    5.387400e-03,    6.191100e-03,    6.191100e-03,
        48,    6.309500e+00,    2.782085e-03,   -1.525490e-03,    3.775850e-02,   -3.526636e-02,   -3.804856e-02,    3.761797e-02,    5.661257e-04,    5.200679e-03,   -1.024729e-01,    8.961162e-01,    2.773508e-01,    4.044069e-01,   -2.502506e-01,    5.077021e-01,    1.400603e-01,    1.141022e-01,    2.604100e-03,    3.097400e-05,    3.849600e-02,   -3.419100e-02,   -3.871400e-02,    3.896800e-02,    9.339100e-04,    5.500300e-03,    1.736900e-03,    1.736900e-03,    2.659100e-03,    2.659100e-03,    2.659100e-03,    2.659100e-03,    2.625900e-03,    2.625900e-03,
        48,    1.000000e+01,    3.505847e-03,   -2.474894e-04,    4.823403e-02,   -4.396678e-02,   -4.835892e-02,    4.648983e-02,   -8.832911e-04,    6.043414e-03,   -4.075464e-01,    6.181091e-01,   -1.944424e-01,    6.495614e-01,   -3.557220e-01,    1.126331e-01,   -4.263801e-02,    6.378780e-02,    2.682400e-03,    1.001400e-03,    4.759500e-02,   -4.183200e-02,   -4.952800e-02,    4.686000e-02,   -1.016100e-03,    6.242100e-03,    2.020500e-03,    2.020500e-03,    3.286500e-03,    3.286500e-03,    3.286500e-03,    3.286500e-03,    3.114800e-03,    3.114800e-03,
        48,    1.584800e+01,    2.712535e-03,    1.118586e-03,    6.076547e-02,   -5.322027e-02,   -6.102957e-02,    5.719527e-02,   -2.528617e-03,    7.254887e-03,   -5.542863e-01,    2.121628e-01,    1.333494e-01,    8.119710e-02,   -6.839719e-01,   -3.425503e-03,    7.736701e-03,   -2.886708e-01,    1.597200e-03,    1.545500e-03,    6.132100e-02,   -5.288200e-02,   -6.387900e-02,    5.718100e-02,   -2.500800e-03,    6.217000e-03,    2.012200e-03,    2.012200e-03,    4.166000e-03,    4.166000e-03,    4.166000e-03,    4.166000e-03,    3.595400e-03,    3.595400e-03,
VTF,
     StaID,        Freq[Hz],     Re(Tzx)_Cal,     Im(Tzx)_Cal,     Re(Tzy)_Cal,     Im(Tzy)_Cal,     Re(Tzx)_Res,     Im(Tzx)_Res,     Re(Tzy)_Res,     Im(Tzy)_Res,     Re(Tzx)_Obs,     Im(Tzx)_Obs,     Re(Tzy)_Obs,     Im(Tzy)_Obs,      Re(Tzx)_SD,      Im(Tzx)_SD,      Re(Tzy)_SD,      Im(Tzy)_SD,
      1001,    6.309500e+00,    1.069374e-01,    7.373270e-02,    7.556137e-02,   -3.099503e-02,    3.867536e-01,    1.455433e-01,   -4.071124e-01,   -2.424658e-01,    1.185400e-01,    7.809900e-02,    6.334800e-02,   -3.826900e-02,    3.000000e-02,    3.000000e-02,    3.000000e-02,    3.000000e-02,
      1001,    1.000000e+01,    6.736942e-02,    7.215862e-02,    9.666208e-02,   -3.571057e-02,    6.697526e-01,   -1.380538e-01,   -5.299361e-01,    4.845239e-02,    8.746200e-02,    6.801700e-02,    8.076400e-02,   -3.425700e-02,    3.000000e-02,    3.000000e-02,    3.000000e-02,    3.000000e-02,
      1001,    1.584800e+01,    3.469741e-02,    5.046645e-02,    1.182073e-01,   -2.667394e-02,    9.473197e-01,   -1.887818e-01,   -5.732442e-01,   -1.022021e-01,    6.311700e-02,    4.480300e-02,    1.010100e-01,   -2.974000e-02,    3.000000e-02,    3.000000e-02,    3.000000e-02,    3.000000e-02,
      1002,    6.309500e+00,    1.428957e-01,    6.824445e-02,   -9.669923e-02,    3.310675e-02,    4.778107e-01,   -1.264483e-01,    2.127443e-02,   -5.075823e-02,    1.572300e-01,    6.445100e-02,   -9.606100e-02,    3.158400e-02,    3.000000e-02,    3.000000e-02,    3.000000e-02,    3.000000e-02,
      1002,    1.000000e+01,    1.034034e-01,    5.952979e-02,   -9.332157e-02,    2.742089e-02,    7.192186e-01,    2.106941e-03,   -1.964144e-01,    2.317035e-01,    1.249800e-01,    5.959300e-02,   -9.921400e-02,    3.437200e-02,    3.000000e-02,    3.000000e-02,    3.000000e-02,    3.000000e-02,
      1002,    1.584800e+01,    7.543385e-02,    2.913632e-02,   -9.232096e-02,    3.831147e-02,    8.505382e-01,    6.235599e-02,   -3.799680e-01,    1.805509e-01,    1.009500e-01,    3.100700e-02,   -1.037200e-01,    4.372800e-02,    3.000000e-02,    3.000000e-02,    3.000000e-02,    3.000000e-02,
      1004,    6.309500e+00,    1.021823e-02,    3.981321e-02,    4.884116e-01,    5.294250e-02,    1.370926e+00,   -5.168738e-01,   -3.917190e-01,    1.381883e+00,    5.134600e-02,    2.430700e-02,    4.766600e-01,    9.439900e-02,    3.000000e-02,    3.000000e-02,    3.000000e-02,    3.000000e-02,
      1004,    1.000000e+01,   -8.999533e-03,    4.445073e-02,    4.610191e-01,    1.016604e-01,    1.211184e+00,    7.827422e-01,   -4.179716e-01,    4.649867e-01,    2.733600e-02,    6.793300e-02,    4.484800e-01,    1.156100e-01,    3.000000e-02,    3.000000e-02,    3.000000e-02,    3.000000e-02,
      1004,    1.584800e+01,   -2.919305e-02,    4.239971e-02,    4.115470e-01,    1.399336e-01,   -7.377982e-01,    1.427876e+00,   -3.119017e-01,   -1.037785e+00,   -5.132700e-02,    8.523600e-02,    4.021900e-01,    1.088000e-01,    3.000000e-02,    3.000000e-02,    3.000000e-02,    3.000000e-02,
      1005,    6.309500e+00,    1.511683e-01,    7.793625e-02,    8.342790e-02,   -2.845839e-02,   -1.022750e-01,   -3.119418e-01,    1.895034e-01,    6.217332e-01,    1.481000e-01,    6.857800e-02,    8.911300e-02,   -9.806400e-03,    3.000000e-02,    3.000000e-02,    3.000000e-02,    3.000000e-02,
      1005,    1.000000e+01,    1.112125e-01,    9.038249e-02,    1.034232e-01,   -3.501919e-02,    1.775824e-01,   -4.697497e-01,   -1.828069e-01,    6.785063e-01,    1.165400e-01,    7.629000e-02,    9.793900e-02,   -1.466400e-02,    3.000000e-02,    3.000000e-02,    3.000000e-02,    3.000000e-02,
      1005,    1.584800e+01,    7.052091e-02,    8.542392e-02,    1.242349e-01,   -2.856983e-02,    5.994031e-01,   -5.475975e-01,   -5.678310e-01,    4.363276e-01,    8.850300e-02,    6.899600e-02,    1.072000e-01,   -1.548000e-02,    3.000000e-02,    3.000000e-02,    3.000000e-02,    3.000000e-02,
      1006,    6.309500e+00,    5.540939e-02,   -9.195702e-03,    3.049899e-02,    5.950958e-02,   -7.004130e-01,    1.433567e-01,    1.619500e+00,   -2.396859e-01,    3.439700e-02,   -4.895000e-03,    7.908400e-02,    5.231900e-02,    3.000000e-02,    3.000000e-02,    3.000000e-02,    3.000000e-02,
      1006,    1.000000e+01,    5.783769e-02,    9.594509e-03,    8.215189e-03,    5.309970e-02,   -8.098564e-01,   -1.976031e-02,    1.498760e+00,    1.748102e-01,    3.354200e-02,    9.001700e-03,    5.317800e-02,    5.834400e-02,    3.000000e-02,    3.000000e-02,    3.000000e-02,    3.000000e-02,
      1006,    1.584800e+01,    4.951535e-02,    2.922696e-02,   -1.157380e-02,    4.120074e-02,   -8.778783e-01,   -3.136985e-01,    1.283460e+00,    2.590086e-01,    2.317900e-02,    1.981600e-02,    2.693000e-02,    4.897100e-02,    3.000000e-02,    3.000000e-02,    3.000000e-02,    3.000000e-02,
      1007,    6.309500e+00,   -7.900028e-02,   -1.121177e-02,    1.404005e-01,    2.106905e-02,    5.715427e-01,    7.510923e-01,   -3.833499e-01,   -3.705752e-01,   -6.185400e-02,    1.132100e-02,    1.289000e-01,    9.951800e-03,    3.000000e-02,    3.000000e-02,    3.000000e-02,    3.000000e-02,
      1007,    1.000000e+01,   -7.655031e-02,   -7.479351e-03,    1.367391e-01,    3.002892e-02,    5.696771e-01,    8.571117e-01,   -2.523021e-01,   -1.647638e-01,   -5.946000e-02,    1.823400e-02,    1.291700e-01,    2.508600e-02,    3.000000e-02,    3.000000e-02,    3.000000e-02,    3.000000e-02,
      1007,    1.584800e+01,   -7.846074e-02,   -5.770325e-03,    1.288065e-01,    4.296352e-02,    7.824912e-01,    7.465442e-01,   -1.522182e-01,   -8.101744e-02,   -5.498600e-02,    1.662600e-02,    1.242400e-01,    4.053300e-02,    3.000000e-02,    3.000000e-02,    3.000000e-02,    3.000000e-02,
      1008,    6.309500e+00,    1.518717e-01,    9.339263e-02,   -8.131188e-02,    6.506996e-02,    6.456105e-01,    9.459124e-01,   -1.164937e+00,   -1.777652e-01,    1.712400e-01,    1.217700e-01,   -1.162600e-01,    5.973700e-02,    3.000000e-02,    3.000000e-02,    3.000000e-02,    3.000000e-02,
      1008,    1.000000e+01,    9.935702e-02,    9.984195e-02,   -1.063468e-01,    3.683274e-02,    3.980995e-01,    1.063602e+00,   -1.406105e+00,    8.684193e-02,    1.113000e-01,    1.317500e-01,   -1.485300e-01,    3.943800e-02,    3.000000e-02,    3.000000e-02,    3.000000e-02,    3.000000e-02,
      1008,    1.584800e+01,    5.225973e-02,    7.874506e-02,   -1.116769e-01,    2.854342e-03,   -6.659098e-02,    6.264313e-01,   -1.504436e+00,   -1.965114e-01,    5.026200e-02,    9.753800e-02,   -1.568100e-01,   -3.041000e-03,    3.000000e-02,    3.000000e-02,    3.000000e-02,    3.000000e-02,
      1009,    6.309500e+00,   -2.047763e-01,    1.111069e-01,    1.784976e-01,    1.432301e-02,    6.648759e-01,    1.500105e+00,    5.850809e-01,   -2.926305e-01,   -1.848300e-01,    1.561100e-01,    1.960500e-01,    5.544100e-03,    3.000000e-02,    3.000000e-02,    3.000000e-02,    3.000000e-02,
      1009,    1.000000e+01,   -2.554619e-01,    7.698844e-02,    1.702029e-01,    8.175872e-03,    1.316062e+00,    5.955188e-01,    2.575703e-01,    3.275376e-01,   -2.159800e-01,    9.485400e-02,    1.779300e-01,    1.800200e-02,    3.000000e-02,    3.000000e-02,    3.000000e-02,    3.000000e-02,
      1009,    1.584800e+01,   -2.818800e-01,    2.373221e-02,    1.695481e-01,   -2.381860e-03,    1.278000e+00,    1.669932e-01,    7.227310e-01,    3.266953e-01,   -2.435400e-01,    2.874200e-02,    1.912300e-01,    7.419000e-03,    3.000000e-02,    3.000000e-02,    3.000000e-02,    3.000000e-02,
      1010,    6.309500e+00,    1.646322e-01,    9.050009e-02,    6.661120e-02,    1.771489e-02,    3.812608e-01,   -6.062362e-01,    2.752960e+00,    3.523170e+00,    1.760700e-01,    7.231300e-02,    1.492000e-01,    1.234100e-01,    3.000000e-02,    3.000000e-02,    3.000000e-02,    3.000000e-02,
      1010,    1.000000e+01,    1.217407e-01,    1.216614e-01,    6.704039e-02,    1.701061e-02,    6.199772e-01,   -2.697132e-01,    7.390869e-01,    3.586313e+00,    1.403400e-01,    1.135700e-01,    8.921300e-02,    1.246000e-01,    3.000000e-02,    3.000000e-02,    3.000000e-02,    3.000000e-02,
      1010,    1.584800e+01,    6.495534e-02,    1.390692e-01,    6.474595e-02,    2.321370e-02,    2.655221e-01,   -1.264070e-02,   -1.011098e+00,    2.534443e+00,    7.292100e-02,    1.386900e-01,    3.441300e-02,    9.924700e-02,    3.000000e-02,    3.000000e-02,    3.000000e-02,    3.000000e-02,
      1011,    6.309500e+00,    1.762671e-01,    5.562226e-02,   -9.647680e-02,   -3.562217e-02,    3.490951e-01,    6.202912e-01,    5.103601e-01,   -6.514610e-01,    1.867400e-01,    7.423100e-02,   -8.116600e-02,   -5.516600e-02,    3.000000e-02,    3.000000e-02,    3.000000e-02,    3.000000e-02,
      1011,    1.000000e+01,    1.583948e-01,    5.421750e-02,   -6.699360e-02,   -5.163256e-02,    4.817190e-02,    6.634499e-01,    3.361535e-01,    2.491883e-02,    1.598400e-01,    7.412100e-02,   -5.690900e-02,   -5.088500e-02,    3.000000e-02,    3.000000e-02,    3.000000e-02,    3.000000e-02,
      1011,    1.584800e+01,    1.451228e-01,    5.826540e-02,   -4.023374e-02,   -4.861653e-02,   -1.987599e-01,    1.292866e-01,   -6.524210e-02,    2.309175e-01,    1.391600e-01,    6.214400e-02,   -4.219100e-02,   -4.168900e-02,    3.000000e-02,    3.000000e-02,    3.000000e-02,    3.000000e-02,
      1012,    6.309500e+00,    2.085808e-01,    1.373077e-01,   -2.558881e-02,    9.758435e-02,    7.893078e-01,   -9.612564e-01,   -1.484397e-01,   -6.797117e-01,    2.322600e-01,    1.084700e-01,   -3.004200e-02,    7.719300e-02,    3.000000e-02,    3.000000e-02,    3.000000e-02,    3.000000e-02,
      1012,    1.000000e+01,    1.415928e-01,    1.246917e-01,   -6.376461e-02,    5.043516e-02,    1.128905e+00,   -3.280561e-01,   -1.134645e-02,   -4.583053e-01,    1.754600e-01,    1.148500e-01,   -6.410500e-02,    3.668600e-02,    3.000000e-02,    3.000000e-02,    3.000000e-02,    3.000000e-02,
      1014,    6.309500e+00,    3.073822e-01,    1.733097e-02,    6.781397e-02,    9.665902e-02,   -9.667414e-01,    2.026770e-02,   -1.847366e+00,    2.446992e-01,    2.783800e-01,    1.793900e-02,    1.239300e-02,    1.040000e-01,    3.000000e-02,    3.000000e-02,    3.000000e-02,    3.000000e-02,
      1014,    1.000000e+01,    2.987216e-01,    7.798431e-02,    2.922502e-02,    1.095346e-01,   -8.293861e-01,   -1.051769e-01,   -2.034634e+00,   -2.551534e-01,    2.738400e-01,    7.482900e-02,   -3.181400e-02,    1.018800e-01,    3.000000e-02,    3.000000e-02,    3.000000e-02,    3.000000e-02,
      1014,    1.584800e+01,    2.595375e-01,    1.398250e-01,   -1.712456e-02,    1.122910e-01,   -5.122485e-01,   -4.848346e-01,   -2.286548e+00,   -8.842984e-01,    2.441700e-01,    1.252800e-01,   -8.572100e-02,    8.576200e-02,    3.000000e-02,    3.000000e-02,    3.000000e-02,    3.000000e-02,
      1015,    6.309500e+00,    7.650431e-02,    9.710564e-02,   -4.285700e-02,    4.196085e-03,   -6.227770e-01,   -5.436545e-01,    1.950666e-01,    1.074964e+00,    5.782100e-02,    8.079600e-02,   -3.700500e-02,    3.644500e-02,    3.000000e-02,    3.000000e-02,    3.000000e-02,    3.000000e-02,
      1016,    1.000000e+01,    9.223350e-02,    1.202647e-01,   -2.565259e-02,    4.040951e-02,    2.882883e+00,    3.047844e+00,   -2.706802e-01,   -1.776384e+00,    1.787200e-01,    2.117000e-01,   -3.377300e-02,   -1.288200e-02,    3.000000e-02,    3.000000e-02,    3.000000e-02,    3.000000e-02,
      1016,    1.584800e+01,    4.099169e-02,    1.412040e-01,   -4.021268e-02,    2.203073e-02,    1.749944e+00,    6.025318e-01,    4.925226e-01,   -1.518691e+00,    9.349000e-02,    1.592800e-01,   -2.543700e-02,   -2.353000e-02,    3.000000e-02,    3.000000e-02,    3.000000e-02,    3.000000e-02,
      1017,    6.309500e+00,    5.252460e-02,   -7.467551e-02,    6.839729e-02,   -6.169489e-02,   -1.402653e+00,   -5.964957e-02,    5.027235e-01,   -4.509703e-01,    1.044500e-02,   -7.646500e-02,    8.347900e-02,   -7.522400e-02,    3.000000e-02,    3.000000e-02,    3.000000e-02,    3.000000e-02,
      1017,    1.000000e+01,    8.170551e-02,   -7.203279e-02,    9.678715e-02,   -8.633587e-02,   -1.329817e+00,   -1.779405e-01,    3.304284e-01,    1.078290e-01,    4.181100e-02,   -7.737100e-02,    1.067000e-01,   -8.310100e-02,    3.000000e-02,    3.000000e-02,    3.000000e-02,    3.000000e-02,
      1017,    1.584800e+01,    1.061782e-01,   -6.155210e-02,    1.356380e-01,   -1.015934e-01,   -1.131005e+00,   -6.070299e-01,   -8.393477e-02,    1.017473e-01,    7.224800e-02,   -7.976300e-02,    1.331200e-01,   -9.854100e-02,    3.000000e-02,    3.000000e-02,    3.000000e-02,    3.000000e-02,
      1018,    1.000000e+01,   -3.103288e-02,    4.872727e-02,   -5.114378e-02,   -2.963313e-02,    2.656295e-01,    7.874911e-01,    3.320259e-01,    1.961710e-01,   -2.306400e-02,    7.235200e-02,   -4.118300e-02,   -2.374800e-02,    3.000000e-02,    3.000000e-02,    3.000000e-02,    3.000000e-02,
      1018,    1.584800e+01,   -4.291244e-02,    2.206045e-02,   -2.814116e-02,   -1.161475e-02,    2.234812e-01,    7.374183e-01,   -1.559460e-02,    1.953849e-01,   -3.620800e-02,    4.418300e-02,   -2.860900e-02,   -5.753200e-03,    3.000000e-02,    3.000000e-02,    3.000000e-02,    3.000000e-02,
      1019,    6.309500e+00,   -5.062782e-03,    1.457667e-01,    3.564167e-02,   -2.169171e-02,    3.802426e+00,    9.671094e-01,    4.019278e+00,    4.739390e+00,    1.090100e-01,    1.747800e-01,    1.562200e-01,    1.204900e-01,    3.000000e-02,    3.000000e-02,    3.000000e-02,    3.000000e-02,
      1019,    1.000000e+01,   -7.173604e-02,    1.751563e-01,    4.813761e-02,   -4.593031e-02,    2.838368e+00,   -1.185444e-01,    1.464613e+00,    4.861244e+00,    1.341500e-02,    1.716000e-01,    9.207600e-02,    9.990700e-02,    3.000000e-02,    3.000000e-02,    3.000000e-02,    3.000000e-02,
      1019,    1.584800e+01,   -1.506460e-01,    1.803587e-01,    7.313201e-02,   -6.483025e-02,   -8.613413e-02,    5.157108e-01,    1.716266e+00,    8.051417e-01,   -1.532300e-01,    1.958300e-01,    1.246200e-01,   -4.067600e-02,    3.000000e-02,    3.000000e-02,    3.000000e-02,    3.000000e-02,
      1020,    6.309500e+00,    3.830467e-02,    1.129870e-01,   -3.673084e-02,    2.789968e-03,    8.026775e-01,   -4.416657e-01,   -7.671913e-03,   -4.710561e-02,    6.238500e-02,    9.973700e-02,   -3.696100e-02,    1.376800e-03,    3.000000e-02,    3.000000e-02,    3.000000e-02,    3.000000e-02,
      1020,    1.000000e+01,   -1.448429e-02,    1.187121e-01,   -2.481780e-02,   -7.437981e-03,    1.144443e+00,   -3.557368e-01,   -4.841400e-01,    3.401894e-01,    1.984900e-02,    1.080400e-01,   -3.934200e-02,    2.767700e-03,    3.000000e-02,    3.000000e-02,    3.000000e-02,    3.000000e-02,
      1020,    1.584800e+01,   -6.666921e-02,    1.042401e-01,   -1.354580e-02,   -3.390117e-03,    1.237774e+00,   -3.990047e-01,   -6.446402e-01,    8.828690e-02,   -2.953600e-02,    9.227000e-02,   -3.288500e-02,   -7.415100e-04,    3.000000e-02,    3.000000e-02,    3.000000e-02,    3.000000e-02,
      1021,    1.584800e+01,    1.217670e-01,    1.217222e-02,   -1.628655e-02,    3.198104e-02,   -4.614300e+00,   -8.513740e-01,   -3.414484e-01,    3.615321e-01,   -1.666200e-02,   -1.336900e-02,   -2.653000e-02,    4.282700e-02,    3.000000e-02,    3.000000e-02,    3.000000e-02,    3.000000e-02,
      1022,    6.309500e+00,    2.002171e-01,    7.851087e-02,    5.801216e-02,    1.191156e-02,    1.560979e-01,    2.194044e-01,    1.189428e+00,    3.488812e-01,    2.049000e-01,    8.509300e-02,    9.369500e-02,    2.237800e-02,    3.000000e-02,    3.000000e-02,    3.000000e-02,    3.000000e-02,
      1022,    1.000000e+01,    1.595607e-01,    1.010942e-01,    5.723127e-02,    1.260815e-03,    2.466433e-01,    3.931931e-01,    1.226491e+00,    7.715728e-01,    1.669600e-01,    1.128900e-01,    9.402600e-02,    2.440800e-02,    3.000000e-02,    3.000000e-02,    3.000000e-02,    3.000000e-02,
      1022,    1.584800e+01,    1.132494e-01,    1.075924e-01,    6.325500e-02,   -5.633178e-03,   -2.973133e-01,    2.325873e-01,    1.057933e+00,    9.416393e-01,    1.043300e-01,    1.145700e-01,    9.499300e-02,    2.261600e-02,    3.000000e-02,    3.000000e-02,    3.000000e-02,    3.000000e-02,
      1023,    6.309500e+00,    9.600300e-02,    5.604970e-02,   -8.548232e-02,   -2.047602e-02,   -9.701333e-01,    8.960100e-01,    3.402441e-01,   -6.106590e-02,    6.689900e-02,    8.293000e-02,   -7.527500e-02,   -2.230800e-02,    3.000000e-02,    3.000000e-02,    3.000000e-02,    3.000000e-02,
      1023,    1.000000e+01,    7.453884e-02,    3.992320e-02,   -5.712023e-02,   -2.990939e-02,   -1.237128e+00,    5.346601e-01,   -6.832565e-02,    6.784363e-01,    3.742500e-02,    5.596300e-02,   -5.917000e-02,   -9.556300e-03,    3.000000e-02,    3.000000e-02,    3.000000e-02,    3.000000e-02,
      1023,    1.584800e+01,    6.678631e-02,    2.291886e-02,   -3.321868e-02,   -1.380528e-02,   -1.463444e+00,   -2.809523e-02,   -4.812773e-01,    8.059761e-01,    2.288300e-02,    2.207600e-02,   -4.765700e-02,    1.037400e-02,    3.000000e-02,    3.000000e-02,    3.000000e-02,    3.000000e-02,
      1024,    6.309500e+00,    1.687406e-01,    8.671656e-02,    1.180936e-01,    2.427261e-03,   -8.570203e-01,    4.350481e-01,   -5.624527e-01,   -4.281754e-01,    1.430300e-01,    9.976800e-02,    1.012200e-01,   -1.041800e-02,    3.000000e-02,    3.000000e-02,    3.000000e-02,    3.000000e-02,
      1024,    1.000000e+01,    1.180848e-01,    1.119627e-01,    1.141836e-01,    5.858533e-04,   -3.078263e-01,    6.059103e-01,   -1.244544e-01,   -2.944218e-01,    1.088500e-01,    1.301400e-01,    1.104500e-01,   -8.246800e-03,    3.000000e-02,    3.000000e-02,    3.000000e-02,    3.000000e-02,
      1024,    1.584800e+01,    6.576280e-02,    1.110772e-01,    1.135905e-01,   -4.040500e-03,   -3.511267e-01,    4.084279e-01,    8.064923e-02,   -6.337833e-01,    5.522900e-02,    1.233300e-01,    1.160100e-01,   -2.305400e-02,    3.000000e-02,    3.000000e-02,    3.000000e-02,    3.000000e-02,
      1026,    6.309500e+00,    1.369342e-01,    8.755124e-02,   -1.997063e-02,    4.193726e-02,    1.498526e+00,    4.599588e-01,    1.329988e+00,   -1.157452e+00,    1.818900e-01,    1.013500e-01,    1.992900e-02,    7.213700e-03,    3.000000e-02,    3.000000e-02,    3.000000e-02,    3.000000e-02,
      1026,    1.000000e+01,    8.963970e-02,    1.007746e-01,   -3.752681e-02,    1.499648e-02,    1.683343e+00,    2.721813e-01,    8.907603e-01,   -2.448593e-01,    1.401400e-01,    1.089400e-01,   -1.080400e-02,    7.650700e-03,    3.000000e-02,    3.000000e-02,    3.000000e-02,    3.000000e-02,
      1026,    1.584800e+01,    4.138003e-02,    9.156404e-02,   -3.761062e-02,   -1.806591e-02,   -4.470088e-02,   -4.382679e-01,    3.503207e-01,    1.248430e+00,    4.003900e-02,    7.841600e-02,   -2.710100e-02,    1.938700e-02,    3.000000e-02,    3.000000e-02,    3.000000e-02,    3.000000e-02,
      1027,    6.309500e+00,    1.228838e-01,    1.801589e-02,    1.434700e-01,    9.910515e-02,   -1.154586e-01,    1.866704e-01,   -8.443349e-01,   -5.666384e-01,    1.194200e-01,    2.361600e-02,    1.181400e-01,    8.210600e-02,    3.000000e-02,    3.000000e-02,    3.000000e-02,    3.000000e-02,
      1027,    1.000000e+01,    1.139457e-01,    4.736887e-02,    1.033100e-01,    1.227334e-01,   -2.261903e-01,   -1.059623e-01,   -6.680682e-01,   -5.954455e-01,    1.071600e-01,    4.419000e-02,    8.326800e-02,    1.048700e-01,    3.000000e-02,    3.000000e-02,    3.000000e-02,    3.000000e-02,
      1027,    1.584800e+01,    9.108669e-02,    7.568925e-02,    5.148841e-02,    1.358135e-01,   -3.447896e-01,   -4.725082e-01,   -8.488803e-01,   -6.651166e-01,    8.074300e-02,    6.151400e-02,    2.602200e-02,    1.158600e-01,    3.000000e-02,    3.000000e-02,    3.000000e-02,    3.000000e-02,
      1028,    6.309500e+00,    7.472800e-02,    9.533111e-03,    7.119368e-02,    1.027632e-01,   -2.584334e-01,    3.985963e-01,   -1.598892e-01,   -8.888057e-01,    6.697500e-02,    2.149100e-02,    6.639700e-02,    7.609900e-02,    3.000000e-02,    3.000000e-02,    3.000000e-02,    3.000000e-02,
      1028,    1.000000e+01,    6.869940e-02,    3.013652e-02,    3.055471e-02,    1.149492e-01,   -4.240799e-01,   -1.075054e-02,    6.334296e-02,   -6.471739e-01,    5.597700e-02,    2.981400e-02,    3.245500e-02,    9.553400e-02,    3.000000e-02,    3.000000e-02,    3.000000e-02,    3.000000e-02,
      1028,    1.584800e+01,    5.221895e-02,    4.917855e-02,   -1.570920e-02,    1.166041e-01,   -4.351983e-01,   -3.502516e-01,    6.093300e-01,   -2.361358e-01,    3.916300e-02,    3.867100e-02,    2.570700e-03,    1.095200e-01,    3.000000e-02,    3.000000e-02,    3.000000e-02,    3.000000e-02,
      1029,    6.309500e+00,    7.009232e-02,    6.534239e-02,    9.939766e-03,    5.243927e-02,    1.120893e-01,    1.708254e+00,   -8.846922e-01,   -4.236425e-01,    7.345500e-02,    1.165900e-01,   -1.660100e-02,    3.973000e-02,    3.000000e-02,    3.000000e-02,    3.000000e-02,    3.000000e-02,
      1029,    1.000000e+01,    3.562257e-02,    6.875107e-02,   -1.405042e-02,    3.950439e-02,   -1.248189e-01,    1.247964e+00,   -1.808860e-01,   -4.447128e-01,    3.187800e-02,    1.061900e-01,   -1.947700e-02,    2.616300e-02,    3.000000e-02,    3.000000e-02,    3.000000e-02,    3.000000e-02,
      1029,    1.584800e+01,    8.409942e-03,    5.806294e-02,   -2.554299e-02,    1.757992e-02,   -5.415147e-01,    9.641686e-01,   -1.390338e-01,   -2.577040e-01,   -7.835500e-03,    8.698800e-02,   -2.971400e-02,    9.848800e-03,    3.000000e-02,    3.000000e-02,    3.000000e-02,    3.000000e-02,
      1030,    6.309500e+00,    3.306663e-02,    8.069431e-02,    7.244777e-02,    1.783756e-04,    1.774446e+00,   -1.088077e+00,    2.342408e+00,    2.829621e+00,    8.630000e-02,    4.805200e-02,    1.427200e-01,    8.506700e-02,    3.000000e-02,    3.000000e-02,    3.000000e-02,    3.000000e-02,
      1032,    6.309500e+00,    2.485612e-01,    4.805083e-02,    2.851880e-02,    4.794557e-02,    1.240293e+00,    2.326972e+00,    6.105065e-01,   -1.578646e+00,    2.857700e-01,    1.178600e-01,    4.683400e-02,    5.861900e-04,    3.000000e-02,    3.000000e-02,    3.000000e-02,    3.000000e-02,
      1032,    1.000000e+01,    2.198421e-01,    8.463171e-02,    2.151438e-03,    4.119438e-02,    5.590263e+00,    3.453610e+00,   -2.875713e-01,   -2.158246e+00,    3.875500e-01,    1.882400e-01,   -6.475700e-03,   -2.355300e-02,    3.000000e-02,    3.000000e-02,    3.000000e-02,    3.000000e-02,
      1032,    1.584800e+01,    1.766597e-01,    1.064167e-01,   -1.396597e-02,    2.066969e-02,    6.328344e+00,    1.901444e+00,    5.353089e-01,   -1.801990e+00,    3.665100e-01,    1.634600e-01,    2.093300e-03,   -3.339000e-02,    3.000000e-02,    3.000000e-02,    3.000000e-02,    3.000000e-02,
      1033,    6.309500e+00,   -1.767480e-01,    1.117248e-02,   -8.133375e-02,    6.057543e-02,   -6.564007e-01,   -9.519266e-02,    8.771248e-01,   -5.984812e-01,   -1.964400e-01,    8.316700e-03,   -5.502000e-02,    4.262100e-02,    3.000000e-02,    3.000000e-02,    3.000000e-02,    3.000000e-02,
      1033,    1.000000e+01,   -1.600057e-01,   -3.365895e-02,   -8.954705e-02,    3.207322e-02,   -8.588097e-01,   -1.346351e-01,    8.036682e-01,   -3.711073e-01,   -1.857700e-01,   -3.769800e-02,   -6.543700e-02,    2.094000e-02,    3.000000e-02,    3.000000e-02,    3.000000e-02,    3.000000e-02,
      1033,    1.584800e+01,   -1.235900e-01,   -4.869107e-02,   -8.845847e-02,    1.698430e-02,   -7.883339e-01,   -3.110643e-01,    3.538158e-01,   -2.439067e-01,   -1.472400e-01,   -5.802300e-02,   -7.784400e-02,    9.667100e-03,    3.000000e-02,    3.000000e-02,    3.000000e-02,    3.000000e-02,
      1034,    6.309500e+00,   -1.445135e-01,    1.311854e-01,   -8.785042e-02,    1.635385e-01,    8.644880e-02,    8.748743e-02,   -2.198986e+00,   -1.780282e+00,   -1.419200e-01,    1.338100e-01,   -1.538200e-01,    1.101300e-01,    3.000000e-02,    3.000000e-02,    3.000000e-02,    3.000000e-02,
      1034,    1.000000e+01,   -2.113365e-01,    1.038194e-01,   -1.621783e-01,    1.496042e-01,    4.032171e-01,    1.323547e-01,   -1.100055e+00,   -1.335808e+00,   -1.992400e-01,    1.077900e-01,   -1.951800e-01,    1.095300e-01,    3.000000e-02,    3.000000e-02,    3.000000e-02,    3.000000e-02,
      1034,    1.584800e+01,   -2.550727e-01,    4.493729e-02,   -2.250135e-01,    1.062700e-01,    5.410910e-01,    1.891902e-01,   -6.158824e-01,   -1.046434e+00,   -2.388400e-01,    5.061300e-02,   -2.434900e-01,    7.487700e-02,    3.000000e-02,    3.000000e-02,    3.000000e-02,    3.000000e-02,
      1035,    6.309500e+00,    1.518096e-02,    7.504742e-02,    1.015958e-01,   -1.757336e-02,    2.510121e-02,    2.177419e+00,    1.167807e+00,    9.513787e-01,    1.593400e-02,    1.403700e-01,    1.366300e-01,    1.096800e-02,    3.000000e-02,    3.000000e-02,    3.000000e-02,    3.000000e-02,
      1035,    1.000000e+01,   -2.340259e-02,    7.181078e-02,    1.102363e-01,   -3.296201e-02,   -2.099471e-01,    9.031073e-01,    3.164571e-01,    8.155038e-01,   -2.970100e-02,    9.890400e-02,    1.197300e-01,   -8.496900e-03,    3.000000e-02,    3.000000e-02,    3.000000e-02,    3.000000e-02,
      1035,    1.584800e+01,   -5.172857e-02,    5.385806e-02,    1.331066e-01,   -4.259992e-02,   -3.756476e-01,    4.435313e-01,   -3.002210e-01,    6.937306e-01,   -6.299800e-02,    6.716400e-02,    1.241000e-01,   -2.178800e-02,    3.000000e-02,    3.000000e-02,    3.000000e-02,    3.000000e-02,
      1036,    6.309500e+00,    3.153629e-01,    3.552062e-02,    1.850928e-01,   -2.103142e-02,    3.079028e-01,    4.668125e-01,    2.835719e-01,    2.037581e+00,    3.246000e-01,    4.952500e-02,    1.936000e-01,    4.009600e-02,    3.000000e-02,    3.000000e-02,    3.000000e-02,    3.000000e-02,
      1036,    1.000000e+01,    3.001153e-01,    1.023977e-01,    1.855018e-01,   -1.519741e-02,   -3.131750e-01,   -7.678896e-01,    3.582740e-01,    1.875080e+00,    2.907200e-01,    7.936100e-02,    1.962500e-01,    4.105500e-02,    3.000000e-02,    3.000000e-02,    3.000000e-02,    3.000000e-02,
      1036,    1.584800e+01,    2.481613e-01,    1.677821e-01,    1.902867e-01,   -1.433056e-02,    1.377957e+00,   -6.940701e-01,    3.641084e-01,    2.665985e+00,    2.895000e-01,    1.469600e-01,    2.012100e-01,    6.564900e-02,    3.000000e-02,    3.000000e-02,    3.000000e-02,    3.000000e-02,
      1038,    6.309500e+00,    1.247260e-01,    8.196005e-02,   -4.615030e-02,    3.631371e-02,    2.198134e+00,    2.291665e+00,   -9.867566e-01,    2.415210e+00,    1.906700e-01,    1.507100e-01,   -7.575300e-02,    1.087700e-01,    3.000000e-02,    3.000000e-02,    3.000000e-02,    3.000000e-02,
      1038,    1.000000e+01,    7.658107e-02,    1.050540e-01,   -5.602138e-02,    2.850204e-02,    8.856311e-01,    2.005201e+00,   -1.957954e+00,    2.237652e-01,    1.031500e-01,    1.652100e-01,   -1.147600e-01,    3.521500e-02,    3.000000e-02,    3.000000e-02,    3.000000e-02,    3.000000e-02,
      1038,    1.584800e+01,    1.789338e-02,    1.012233e-01,   -6.476630e-02,    2.016614e-02,    4.515387e-02,    2.594888e+00,   -1.997790e+00,   -2.206038e+00,    1.924800e-02,    1.790700e-01,   -1.247000e-01,   -4.601500e-02,    3.000000e-02,    3.000000e-02,    3.000000e-02,    3.000000e-02,
      1039,    6.309500e+00,    2.064388e-01,   -2.285931e-03,    4.166925e-01,    4.059075e-02,    6.177082e-01,    9.246103e-02,    7.525836e-01,    1.921508e+00,    2.249700e-01,    4.879000e-04,    4.392700e-01,    9.823600e-02,    3.000000e-02,    3.000000e-02,    3.000000e-02,    3.000000e-02,
      1039,    1.000000e+01,    2.013818e-01,    2.143040e-02,    4.019587e-01,    9.911460e-02,    7.309401e-01,    2.668533e-01,   -5.466246e-01,    1.466180e+00,    2.233100e-01,    2.943600e-02,    3.855600e-01,    1.431000e-01,    3.000000e-02,    3.000000e-02,    3.000000e-02,    3.000000e-02,
      1039,    1.584800e+01,    1.874746e-01,    4.189159e-02,    3.551987e-01,    1.589074e-01,    4.715133e-01,    9.199805e-01,   -1.346291e+00,    3.437549e-01,    2.016200e-01,    6.949100e-02,    3.148100e-01,    1.692200e-01,    3.000000e-02,    3.000000e-02,    3.000000e-02,    3.000000e-02,
      1040,    6.309500e+00,    9.956058e-02,    9.747340e-02,   -3.489444e-01,   -8.540224e-02,   -1.470986e+00,    1.805532e-01,    8.021465e-01,   -6.872588e-01,    5.543100e-02,    1.028900e-01,   -3.248800e-01,   -1.060200e-01,    3.000000e-02,    3.000000e-02,    3.000000e-02,    3.000000e-02,
      1040,    1.000000e+01,    4.602811e-02,    1.144932e-01,   -2.836483e-01,   -1.526006e-01,   -7.854369e-01,   -3.867742e-01,    3.379432e-01,   -2.159806e-01,    2.246500e-02,    1.028900e-01,   -2.735100e-01,   -1.590800e-01,    3.000000e-02,    3.000000e-02,    3.000000e-02,    3.000000e-02,
      1040,    1.584800e+01,   -6.098923e-03,    1.073176e-01,   -2.082633e-01,   -1.845362e-01,   -1.316359e-01,   -5.793862e-01,   -2.688895e-01,   -3.554596e-01,   -1.004800e-02,    8.993600e-02,   -2.163300e-01,   -1.952000e-01,    3.000000e-02,    3.000000e-02,    3.000000e-02,    3.000000e-02,
      1041,    6.309500e+00,    8.255306e-02,    5.887634e-02,   -5.740682e-03,   -6.492679e-02,    1.615313e-01,    9.566553e-01,    1.617189e+00,    1.121593e+00,    8.739900e-02,    8.757600e-02,    4.277500e-02,   -3.127900e-02,    3.000000e-02,    3.000000e-02,    3.000000e-02,    3.000000e-02,
      1041,    1.000000e+01,    5.824998e-02,    4.643318e-02,    3.376337e-02,   -8.102155e-02,    6.322340e-01,    8.332608e-01,    7.225544e-01,    1.934052e+00,    7.721700e-02,    7.143100e-02,    5.544000e-02,   -2.300000e-02,    3.000000e-02,    3.000000e-02,    3.000000e-02,    3.000000e-02,
      1041,    1.584800e+01,    4.511713e-02,    2.958405e-02,    7.040431e-02,   -7.597056e-02,    2.973625e-01,    4.196317e-01,   -5.110104e-01,    1.523152e+00,    5.403800e-02,    4.217300e-02,    5.507400e-02,   -3.027600e-02,    3.000000e-02,    3.000000e-02,    3.000000e-02,    3.000000e-02,
      1042,    6.309500e+00,    1.125087e-01,    8.773375e-02,   -2.483992e-02,   -8.683922e-04,   -4.370248e-01,   -4.292489e-02,    1.469364e+00,    5.533464e-01,    9.939800e-02,    8.644600e-02,    1.924100e-02,    1.573200e-02,    3.000000e-02,    3.000000e-02,    3.000000e-02,    3.000000e-02,
      1042,    1.000000e+01,    6.789998e-02,    8.957700e-02,   -1.276546e-02,   -1.302193e-02,   -3.346599e-02,   -2.035999e-01,    1.069049e+00,    9.251978e-01,    6.689600e-02,    8.346900e-02,    1.930600e-02,    1.473400e-02,    3.000000e-02,    3.000000e-02,    3.000000e-02,    3.000000e-02,
      1042,    1.584800e+01,    2.882883e-02,    7.157223e-02,    4.132646e-04,   -1.146734e-02,    3.261056e-01,   -2.336075e-01,    8.416245e-01,    8.027779e-01,    3.861200e-02,    6.456400e-02,    2.566200e-02,    1.261600e-02,    3.000000e-02,    3.000000e-02,    3.000000e-02,    3.000000e-02,
      1043,    6.309500e+00,   -2.677620e-03,   -3.344293e-02,   -3.918295e-02,    3.641296e-02,   -6.612460e-01,    1.009757e-02,    6.554984e-01,    3.083679e-01,   -2.251500e-02,   -3.314000e-02,   -1.951800e-02,    4.566400e-02,    3.000000e-02,    3.000000e-02,    3.000000e-02,    3.000000e-02,
      1043,    1.000000e+01,    1.885200e-02,   -6.096268e-02,   -5.256354e-02,    4.954838e-03,   -3.716099e-01,   -1.009107e-01,    2.126846e-01,    1.028672e+00,    7.703700e-03,   -6.399000e-02,   -4.618300e-02,    3.581500e-02,    3.000000e-02,    3.000000e-02,    3.000000e-02,    3.000000e-02,
      1043,    1.584800e+01,    5.170478e-02,   -7.290788e-02,   -4.625060e-02,   -2.975961e-02,    4.100721e-02,   -5.244038e-01,    1.545533e-01,    8.884837e-01,    5.293500e-02,   -8.864000e-02,   -4.161400e-02,   -3.105100e-03,    3.000000e-02,    3.000000e-02,    3.000000e-02,    3.000000e-02,
      1044,    6.309500e+00,    2.235393e-01,    6.661265e-02,    6.187441e-02,    1.710639e-02,    1.561022e+00,   -6.641216e-01,    2.808853e+00,    9.335362e-02,    2.703700e-01,    4.668900e-02,    1.461400e-01,    1.990700e-02,    3.000000e-02,    3.000000e-02,    3.000000e-02,    3.000000e-02,
      1044,    1.000000e+01,    1.900658e-01,    1.101928e-01,    6.220411e-02,    1.401697e-02,    1.931139e+00,   -4.975997e-02,    2.058196e+00,    9.444010e-01,    2.480000e-01,    1.087000e-01,    1.239500e-01,    4.234900e-02,    3.000000e-02,    3.000000e-02,    3.000000e-02,    3.000000e-02,
      1044,    1.584800e+01,    1.366751e-01,    1.423694e-01,    6.164032e-02,    1.747394e-02,    2.364163e+00,    3.316869e-01,    1.241623e+00,    1.400269e+00,    2.076000e-01,    1.523200e-01,    9.888900e-02,    5.948200e-02,    3.000000e-02,    3.000000e-02,    3.000000e-02,    3.000000e-02,
      1045,    6.309500e+00,    1.477292e-01,    2.967933e-03,    6.363962e-04,    1.569417e-01,   -4.343064e-01,   -3.085844e-01,   -7.555799e-01,    1.269438e-01,    1.347000e-01,   -6.289600e-03,   -2.203100e-02,    1.607500e-01,    3.000000e-02,    3.000000e-02,    3.000000e-02,    3.000000e-02,
      1045,    1.000000e+01,    1.443923e-01,    3.222270e-02,   -6.001324e-02,    1.785795e-01,   -4.040766e-01,   -6.866234e-01,   -6.831252e-01,   -5.631790e-02,    1.322700e-01,    1.162400e-02,   -8.050700e-02,    1.768900e-01,    3.000000e-02,    3.000000e-02,    3.000000e-02,    3.000000e-02,
      1045,    1.584800e+01,    1.265954e-01,    6.145224e-02,   -1.317389e-01,    1.860807e-01,   -3.128462e-01,   -1.112141e+00,   -6.853713e-01,   -2.913562e-01,    1.172100e-01,    2.808800e-02,   -1.523000e-01,    1.773400e-01,    3.000000e-02,    3.000000e-02,    3.000000e-02,    3.000000e-02,
      1046,    6.309500e+00,   -7.865636e-02,    1.051521e-02,    1.547907e-01,    8.855839e-02,    4.041194e-02,    1.558926e+00,   -7.022095e-03,   -1.065013e+00,   -7.744400e-02,    5.728300e-02,    1.545800e-01,    5.660800e-02,    3.000000e-02,    3.000000e-02,    3.000000e-02,    3.000000e-02,
      1046,    1.000000e+01,   -9.092087e-02,    6.470654e-03,    1.170865e-01,    1.114940e-01,    4.368957e-01,    3.000115e-01,   -3.428840e-01,    1.655341e-01,   -7.781400e-02,    1.547100e-02,    1.068000e-01,    1.164600e-01,    3.000000e-02,    3.000000e-02,    3.000000e-02,    3.000000e-02,
      1046,    1.584800e+01,   -9.918791e-02,   -9.059588e-03,    6.990722e-02,    1.221977e-01,    6.528970e-01,    3.683294e-02,   -5.680072e-01,   -2.915914e-01,   -7.960100e-02,   -7.954600e-03,    5.286700e-02,    1.134500e-01,    3.000000e-02,    3.000000e-02,    3.000000e-02,    3.000000e-02,
