MT,
     StaID,        Freq[Hz],     Re(Zxx)_Cal,     Im(Zxx)_Cal,     Re(Zxy)_Cal,     Im(Zxy)_Cal,     Re(Zyx)_Cal,     Im(Zyx)_Cal,     Re(Zyy)_Cal,     Im(Zyy)_Cal,     Re(Zxx)_Res,     Im(Zxx)_Res,     Re(Zxy)_Res,     Im(Zxy)_Res,     Re(Zyx)_Res,     Im(Zyx)_Res,     Re(Zyy)_Res,     Im(Zyy)_Res,     Re(Zxx)_Obs,     Im(Zxx)_Obs,     Re(Zxy)_Obs,     Im(Zxy)_Obs,     Re(Zyx)_Obs,     Im(Zyx)_Obs,     Re(Zyy)_Obs,     Im(Zyy)_Obs,      Re(Zxx)_SD,      Im(Zxx)_SD,      Re(Zxy)_SD,      Im(Zxy)_SD,      Re(Zyx)_SD,      Im(Zyx)_SD,      Re(Zyy)_SD,      Im(Zyy)_SD,
         1,    1.000000e+00,   -1.586700e-02,    4.972520e-03,    1.537801e-02,   -1.045872e-02,   -4.491283e-02,    2.175888e-02,    1.439484e-02,   -5.943840e-03,   -9.484332e-01,    3.970784e-01,   -7.651773e-01,    6.430058e-01,   -7.735164e-01,   -2.233036e+00,    4.715648e-01,    1.608661e-01,   -1.846400e-02,    6.059800e-03,    1.426200e-02,   -9.520900e-03,   -4.604100e-02,    1.850200e-02,    1.646600e-02,   -5.237300e-03,    2.738200e-03,    2.738200e-03,    1.458500e-03,    1.458500e-03,    1.458500e-03,    1.458500e-03,    4.392100e-03,    4.392100e-03,
         1,    1.584800e+00,   -1.775038e-02,    4.170481e-03,    1.809918e-02,   -1.388842e-02,   -5.141271e-02,    2.351003e-02,    1.610442e-02,   -7.099705e-03,   -8.211342e-01,    1.293261e-01,   -4.591025e-02,    6.357271e-02,    4.228434e-01,   -9.840145e-01,    4.172200e-01,   -1.594787e-01,   -2.043500e-02,    4.593300e-03,    1.801800e-02,   -1.377600e-02,   -5.066500e-02,    2.177000e-02,    1.817300e-02,   -7.890400e-03,    3.269400e-03,    3.269400e-03,    1.768300e-03,    1.768300e-03,    1.768300e-03,    1.768300e-03,    4.958000e-03,    4.958000e-03,
         1,    2.511800e+00,   -1.933806e-02,    2.684423e-03,    2.224651e-02,   -1.802260e-02,   -5.851918e-02,    2.513693e-02,    1.825831e-02,   -8.319239e-03,   -4.719692e-01,   -3.042317e-04,   -2.844795e-01,   -2.597934e-01,    5.515082e-01,   -1.496664e-01,    3.119909e-01,   -3.935607e-01,   -2.108100e-02,    2.683300e-03,    2.164600e-02,   -1.857100e-02,   -5.735500e-02,    2.482100e-02,    2.001800e-02,   -1.053900e-02,    3.692900e-03,    3.692900e-03,    2.110900e-03,    2.110900e-03,    2.110900e-03,    2.110900e-03,    5.640200e-03,    5.640200e-03,
         1,    3.981000e+00,   -1.998788e-02,    5.542298e-04,    2.805239e-02,   -2.236292e-02,   -6.560693e-02,    2.645972e-02,    2.068320e-02,   -9.564592e-03,   -3.538104e-01,   -1.588529e-01,   -3.493863e-01,   -1.193571e-01,   -1.293000e-01,    4.312797e-01,    3.274857e-01,   -6.480704e-01,   -2.145000e-02,   -1.022300e-04,    2.717400e-02,   -2.266300e-02,   -6.593200e-02,    2.754400e-02,    2.282800e-02,   -1.380900e-02,    4.132500e-03,    4.132500e-03,    2.514100e-03,    2.514100e-03,    2.514100e-03,    2.514100e-03,    6.549300e-03,    6.549300e-03,
         2,    1.000000e+00,   -1.216042e-02,    2.940704e-03,    1.479216e-02,   -1.154637e-02,   -1.780758e-02,    1.137771e-02,    1.803285e-03,    6.606480e-04,   -9.249528e-02,    1.264701e-01,    1.798531e-02,   -1.270790e-01,   -1.773401e-01,   -1.822102e+00,    1.044321e+00,    6.310584e-01,   -1.237800e-02,    3.238200e-03,    1.488000e-02,   -1.216700e-02,   -1.798400e-02,    9.565100e-03,    3.113700e-03,    1.452500e-03,    2.352300e-03,    2.352300e-03,    4.883800e-03,    4.883800e-03,    9.947900e-04,    9.947900e-04,    1.254800e-03,    1.254800e-03,
         2,    1.584800e+00,   -1.344153e-02,    1.933706e-03,    1.753615e-02,   -1.574520e-02,   -2.079055e-02,    1.343433e-02,    1.657739e-03,    1.181433e-03,    6.044779e-01,    4.745997e-01,   -5.305659e-01,    1.627682e-01,    8.740828e-01,   -1.330608e+00,    1.097013e+00,    6.791873e-01,   -1.197900e-02,    3.082000e-03,    1.483000e-02,   -1.491500e-02,   -1.982600e-02,    1.196600e-02,    3.214400e-03,    2.145200e-03,    2.419500e-03,    2.419500e-03,    5.100500e-03,    5.100500e-03,    1.103500e-03,    1.103500e-03,    1.419000e-03,    1.419000e-03,
         2,    2.511800e+00,   -1.438868e-02,    2.464854e-04,    2.183240e-02,   -2.102582e-02,   -2.431507e-02,    1.601193e-02,    1.289041e-03,    1.810444e-03,   -1.284682e-01,    2.093677e-01,   -6.337769e-01,   -1.288509e-01,    1.166952e+00,   -3.259419e-01,    6.903081e-01,    8.511679e-01,   -1.478700e-02,    8.956300e-04,    1.914100e-02,   -2.157300e-02,   -2.267200e-02,    1.555300e-02,    2.365300e-03,    3.137500e-03,    3.100500e-03,    3.100500e-03,    4.246600e-03,    4.246600e-03,    1.408000e-03,    1.408000e-03,    1.559100e-03,    1.559100e-03,
         2,    3.981000e+00,   -1.443472e-02,   -2.125043e-03,    2.794226e-02,   -2.703962e-02,   -2.826866e-02,    1.917497e-02,    6.762431e-04,    2.421870e-03,   -5.611564e-01,    4.406577e-01,   -2.424214e-01,   -4.367946e-01,    7.756319e-01,    3.089051e-01,    1.823560e-01,    6.919704e-01,   -1.658400e-02,   -4.372800e-04,    2.721500e-02,   -2.835000e-02,   -2.686500e-02,    1.973400e-02,    9.803400e-04,    3.575800e-03,    3.830100e-03,    3.830100e-03,    3.000000e-03,    3.000000e-03,    1.809700e-03,    1.809700e-03,    1.667600e-03,    1.667600e-03,
         4,    3.981000e-01,   -7.898108e-04,    6.533495e-04,    1.958636e-02,   -8.471322e-03,   -1.243897e-02,    1.114206e-02,   -6.303179e-04,    8.679211e-04,   -1.782896e+00,   -5.278969e-01,   -5.000055e-01,    7.527745e-01,   -1.391823e+00,    7.102722e-01,    9.035159e-01,    9.573336e-01,   -2.798600e-03,    5.856800e-05,    1.879400e-02,   -7.278400e-03,   -1.441800e-02,    1.215200e-02,    1.329000e-04,    1.676600e-03,    1.126700e-03,    1.126700e-03,    1.584700e-03,    1.584700e-03,    1.421900e-03,    1.421900e-03,    8.447200e-04,    8.447200e-04,
         4,    6.309500e-01,   -1.083120e-03,    7.945661e-04,    2.148535e-02,   -1.069900e-02,   -1.507868e-02,    1.366481e-02,   -8.385078e-04,    1.346348e-03,   -1.823951e+00,   -5.492148e-01,   -4.316242e-01,    1.094329e+00,   -9.824315e-01,    7.226333e-01,    1.496475e+00,    2.617413e-01,   -3.542900e-03,    5.389500e-05,    2.088500e-02,   -9.176900e-03,   -1.695100e-02,    1.504200e-02,    5.465400e-04,    1.588600e-03,    1.348600e-03,    1.348600e-03,    1.390900e-03,    1.390900e-03,    1.905800e-03,    1.905800e-03,    9.255400e-04,    9.255400e-04,
         4,    1.000000e+00,   -1.348559e-03,    7.556120e-04,    2.395435e-02,   -1.385914e-02,   -1.815124e-02,    1.725364e-02,   -1.281052e-03,    1.951524e-03,   -1.025605e+00,   -6.170661e-01,    1.376368e-01,    5.971415e-01,   -1.113214e+00,    1.015371e+00,    9.163016e-01,    2.230422e-01,   -2.664000e-03,   -3.583700e-05,    2.414200e-02,   -1.304500e-02,   -1.966900e-02,    1.863800e-02,   -2.146600e-04,    2.211100e-03,    1.282600e-03,    1.282600e-03,    1.363400e-03,    1.363400e-03,    1.363400e-03,    1.363400e-03,    1.163800e-03,    1.163800e-03,
         4,    2.511800e+00,   -8.216656e-04,    9.953616e-04,    3.221373e-02,   -2.322709e-02,   -2.773065e-02,    2.906248e-02,   -3.514332e-03,    3.112037e-03,   -1.734152e-01,    5.462724e-01,    3.840565e-01,   -8.559240e-01,   -4.189523e-01,    3.004229e-01,   -9.725290e-02,    2.756802e-01,   -1.061100e-03,    1.749600e-03,    3.300700e-02,   -2.499500e-02,   -2.859600e-02,    2.968300e-02,   -3.729300e-03,    3.721400e-03,    1.380700e-03,    1.380700e-03,    2.065500e-03,    2.065500e-03,    2.065500e-03,    2.065500e-03,    2.210400e-03,    2.210400e-03,
         4,    3.981000e+00,   -3.494741e-04,    2.357906e-03,    3.823271e-02,   -2.934785e-02,   -3.520872e-02,    3.733660e-02,   -5.566701e-03,    2.912316e-03,   -4.518727e-01,    4.710828e-01,    3.609747e-01,   -5.698141e-01,   -4.269360e-01,    3.300239e-03,   -3.189420e-01,    2.139577e-01,   -1.247300e-03,    3.293900e-03,    3.915200e-02,   -3.079900e-02,   -3.629600e-02,    3.734500e-02,   -6.506400e-03,    3.542700e-03,    1.986900e-03,    1.986900e-03,    2.546700e-03,    2.546700e-03,    2.546700e-03,    2.546700e-03,    2.946300e-03,    2.946300e-03,
         5,    6.309500e-01,   -7.740300e-03,    1.995054e-03,    1.348157e-02,   -9.003056e-03,   -1.825277e-02,    1.090330e-02,    1.798693e-03,    3.069777e-04,    9.461817e-01,   -2.109194e-01,   -8.619073e-01,    4.100286e-01,   -4.648667e-01,   -1.194271e+00,    9.465683e-01,   -3.124436e-01,   -6.318000e-03,    1.678000e-03,    1.270600e-02,   -8.634100e-03,   -1.872800e-02,    9.682400e-03,    2.911100e-03,   -6.020600e-05,    1.503200e-03,    1.503200e-03,    8.998300e-04,    8.998300e-04,    1.022300e-03,    1.022300e-03,    1.175200e-03,    1.175200e-03,
         5,    1.000000e+00,   -8.653900e-03,    1.347155e-03,    1.539724e-02,   -1.215528e-02,   -2.124117e-02,    1.233740e-02,    1.745133e-03,    7.494249e-04,    8.316643e-01,   -1.683113e-01,    7.116451e-01,   -4.942912e-01,   -1.141439e-01,   -6.430558e-01,    9.200509e-01,    2.450955e-01,   -7.134200e-03,    1.039600e-03,    1.619300e-02,   -1.270800e-02,   -2.138200e-02,    1.154400e-02,    2.950400e-03,    1.070500e-03,    1.827300e-03,    1.827300e-03,    1.118200e-03,    1.118200e-03,    1.233800e-03,    1.233800e-03,    1.310000e-03,    1.310000e-03,
         5,    1.584800e+00,   -9.498329e-03,    2.373972e-04,    1.842466e-02,   -1.651095e-02,   -2.472990e-02,    1.422823e-02,    1.507435e-03,    1.302067e-03,    3.445674e-01,   -1.501522e-01,    7.701765e-01,   -2.775637e-01,    1.953882e-01,   -6.141679e-01,    8.717716e-01,    7.080023e-01,   -8.723500e-03,   -1.002500e-04,    1.945700e-02,   -1.688300e-02,   -2.446800e-02,    1.340500e-02,    2.836800e-03,    2.381700e-03,    2.248700e-03,    2.248700e-03,    1.340400e-03,    1.340400e-03,    1.340400e-03,    1.340400e-03,    1.524900e-03,    1.524900e-03,
         5,    2.511800e+00,   -1.000778e-02,   -1.573911e-03,    2.319317e-02,   -2.187084e-02,   -2.897432e-02,    1.639819e-02,    9.596758e-04,    1.906243e-03,   -3.023481e-02,   -5.754790e-02,    4.806831e-01,   -3.905087e-01,    5.799681e-01,   -3.647026e-01,    9.492777e-01,    5.880898e-01,   -1.009100e-02,   -1.732300e-03,    2.397500e-02,   -2.250600e-02,   -2.803100e-02,    1.580500e-02,    2.544400e-03,    2.888000e-03,    2.752300e-03,    2.752300e-03,    1.626500e-03,    1.626500e-03,    1.626500e-03,    1.626500e-03,    1.669400e-03,    1.669400e-03,
         5,    3.981000e+00,   -9.684102e-03,   -4.113218e-03,    3.001214e-02,   -2.769257e-02,   -3.388110e-02,    1.852579e-02,    5.978088e-05,    2.310361e-03,   -1.486159e-01,   -3.013840e-01,    7.162475e-01,   -3.900690e-01,    3.789230e-01,   -1.132081e-01,    9.703098e-01,    2.628631e-01,   -1.017400e-02,   -5.106700e-03,    3.144700e-02,   -2.847400e-02,   -3.312200e-02,    1.829900e-02,    1.663800e-03,    2.744900e-03,    3.296400e-03,    3.296400e-03,    2.003300e-03,    2.003300e-03,    2.003300e-03,    2.003300e-03,    1.653100e-03,    1.653100e-03,
         6,    1.584800e+00,    6.393737e-02,   -4.347262e-02,    3.759809e-02,   -3.878367e-02,   -8.511622e-02,    6.211664e-02,   -3.517006e-02,    3.529526e-02,    7.734522e-01,    1.631209e-01,   -9.642204e-01,   -2.600631e-01,   -1.252910e+00,   -1.890838e+00,    2.335215e-01,   -1.078084e-01,    7.157900e-02,   -4.186100e-02,    3.401900e-02,   -3.974900e-02,   -8.997300e-02,    5.478700e-02,   -3.269800e-02,    3.415400e-02,    9.879900e-03,    9.879900e-03,    3.711900e-03,    3.711900e-03,    3.876400e-03,    3.876400e-03,    1.058600e-02,    1.058600e-02,
         6,    2.511800e+00,    7.821128e-02,   -5.280875e-02,    4.887483e-02,   -5.171033e-02,   -1.040896e-01,    7.705098e-02,   -4.692568e-02,    4.600140e-02,    5.930559e-01,    3.193190e-02,   -9.525861e-01,   -6.480542e-02,   -1.075697e+00,   -9.779762e-01,    3.759065e-01,   -2.363593e-01,    8.558000e-02,   -5.241200e-02,    4.436700e-02,   -5.201700e-02,   -1.091800e-01,    7.242300e-02,   -4.192800e-02,    4.285900e-02,    1.242500e-02,    1.242500e-02,    4.732200e-03,    4.732200e-03,    4.732200e-03,    4.732200e-03,    1.329500e-02,    1.329500e-02,
         6,    3.981000e+00,    9.787637e-02,   -6.105276e-02,    6.536013e-02,   -6.575060e-02,   -1.303375e-01,    9.216446e-02,   -6.403898e-02,    5.589022e-02,    3.339957e-01,    8.885887e-02,   -5.964194e-01,   -1.060150e-02,   -1.072048e+00,   -4.185264e-01,    3.840094e-01,   -3.247481e-01,    1.030700e-01,   -5.967100e-02,    6.173700e-02,   -6.581500e-02,   -1.368500e-01,    8.962200e-02,   -5.759300e-02,    5.043900e-02,    1.555000e-02,    1.555000e-02,    6.074800e-03,    6.074800e-03,    6.074800e-03,    6.074800e-03,    1.678600e-02,    1.678600e-02,
         7,    3.981000e-01,    2.587223e-03,   -6.793473e-04,    9.547502e-03,   -6.136569e-03,   -1.167706e-02,    9.218453e-03,   -4.213672e-04,    9.574777e-04,    1.416747e+00,   -1.811173e-01,   -6.721802e-01,    4.521384e-01,   -1.860149e-01,    4.073465e-01,   -7.356085e-01,    3.810966e-01,    3.974600e-03,   -8.567100e-04,    8.828000e-03,   -5.652600e-03,   -1.189500e-02,    9.695700e-03,   -9.626500e-04,    1.237900e-03,    9.792700e-04,    9.792700e-04,    1.070400e-03,    1.070400e-03,    1.171600e-03,    1.171600e-03,    7.358300e-04,    7.358300e-04,
         7,    6.309500e-01,    2.753973e-03,   -4.417944e-04,    1.079022e-02,   -8.183011e-03,   -1.377972e-02,    1.119413e-02,   -5.798371e-04,    1.462117e-03,    2.576588e-01,   -6.172206e-01,   -2.329251e-01,    3.487116e-01,    1.875874e-02,    6.711713e-01,   -8.164589e-01,    5.451143e-01,    3.002400e-03,   -1.036900e-03,    1.047500e-02,   -7.711100e-03,   -1.376100e-02,    1.186400e-02,   -1.396100e-03,    2.007100e-03,    9.641700e-04,    9.641700e-04,    1.353300e-03,    1.353300e-03,    9.980600e-04,    9.980600e-04,    9.997600e-04,    9.997600e-04,
         7,    1.000000e+00,    2.828279e-03,   -2.571996e-04,    1.252342e-02,   -1.108875e-02,   -1.621284e-02,    1.415855e-02,   -8.677106e-04,    2.157141e-03,    4.694098e-01,   -5.244961e-01,   -3.334337e-01,    2.065157e-01,   -2.002759e-01,   -2.412823e-02,   -7.652995e-01,    5.918145e-01,    3.354300e-03,   -8.449500e-04,    1.201200e-02,   -1.077200e-02,   -1.640000e-02,    1.413600e-02,   -1.862600e-03,    2.926500e-03,    1.120600e-03,    1.120600e-03,    1.533800e-03,    1.533800e-03,    9.345200e-04,    9.345200e-04,    1.300000e-03,    1.300000e-03,
         7,    1.584800e+00,    2.902934e-03,   -1.297818e-04,    1.510736e-02,   -1.505544e-02,   -1.951013e-02,    1.849960e-02,   -1.389184e-03,    3.113281e-03,    5.761988e-01,   -3.844685e-01,   -5.125686e-01,   -3.334783e-01,   -1.748257e-01,   -3.772889e-01,   -6.928593e-01,    5.649018e-01,    3.670200e-03,   -6.417400e-04,    1.431800e-02,   -1.556900e-02,   -1.971800e-02,    1.805100e-02,   -2.568500e-03,    4.074800e-03,    1.331600e-03,    1.331600e-03,    1.540000e-03,    1.540000e-03,    1.189000e-03,    1.189000e-03,    1.702100e-03,    1.702100e-03,
         7,    2.511800e+00,    3.059526e-03,    1.107092e-05,    1.893825e-02,   -2.015610e-02,   -2.443688e-02,    2.426780e-02,   -2.326813e-03,    4.293385e-03,    5.753535e-01,   -3.237943e-01,   -2.918680e-01,   -9.150924e-01,   -1.570483e-01,    2.079470e-01,   -5.683441e-01,    3.733354e-01,    3.981300e-03,   -5.076800e-04,    1.847900e-02,   -2.159600e-02,   -2.468400e-02,    2.459500e-02,   -3.584900e-03,    5.119800e-03,    1.602100e-03,    1.602100e-03,    1.573500e-03,    1.573500e-03,    1.573500e-03,    1.573500e-03,    2.213600e-03,    2.213600e-03,
         7,    3.981000e+00,    3.370278e-03,    3.220056e-04,    2.435011e-02,   -2.642503e-02,   -3.160657e-02,    3.104560e-02,   -3.750445e-03,    5.485359e-03,    4.675676e-01,    7.561192e-02,    2.864205e-01,   -9.806596e-01,   -3.842653e-01,    2.919810e-01,   -6.412118e-01,    2.290384e-01,    4.263800e-03,    4.665000e-04,    2.494300e-02,   -2.845500e-02,   -3.240200e-02,    3.165000e-02,   -5.619000e-03,    6.152800e-03,    1.911000e-03,    1.911000e-03,    2.070000e-03,    2.070000e-03,    2.070000e-03,    2.070000e-03,    2.914100e-03,    2.914100e-03,
         9,    6.309500e-01,   -6.086620e-03,    1.947831e-03,    1.229775e-02,   -7.630630e-03,   -1.522447e-02,    9.072775e-03,    2.026937e-03,   -3.478997e-04,   -8.668143e-01,    2.737488e-01,   -5.520654e-02,    2.136624e+00,   -6.534486e-01,   -5.974761e-01,    2.057580e+00,    2.442857e-01,   -7.417700e-03,    2.368200e-03,    1.224500e-02,   -5.589000e-03,   -1.680000e-02,    7.632200e-03,    4.988000e-03,    3.651900e-06,    1.535600e-03,    1.535600e-03,    9.555400e-04,    9.555400e-04,    2.411100e-03,    2.411100e-03,    1.439100e-03,    1.439100e-03,
         9,    1.000000e+00,   -6.835590e-03,    1.645999e-03,    1.413826e-02,   -1.009145e-02,   -1.763566e-02,    1.033562e-02,    2.110762e-03,   -1.994407e-04,   -9.653760e-01,   -3.275102e-02,    1.202349e-01,    1.166351e+00,   -6.242707e-01,   -2.298865e-01,    1.527077e+00,    4.941690e-01,   -8.583500e-03,    1.586700e-03,    1.428900e-02,   -8.629200e-03,   -1.900000e-02,    9.833200e-03,    4.320900e-03,    5.157700e-04,    1.810600e-03,    1.810600e-03,    1.253700e-03,    1.253700e-03,    2.185500e-03,    2.185500e-03,    1.447300e-03,    1.447300e-03,
         9,    1.584800e+00,   -7.531252e-03,    1.086085e-03,    1.697197e-02,   -1.328979e-02,   -2.043850e-02,    1.205932e-02,    2.116543e-03,   -4.471332e-05,   -1.163067e+00,   -1.145195e-01,    4.780519e-01,    9.653429e-01,   -2.972862e-01,   -1.953429e-02,    1.042580e+00,    6.832334e-01,   -1.009500e-02,    8.336500e-04,    1.757900e-02,   -1.206400e-02,   -2.083900e-02,    1.203300e-02,    3.594400e-03,    9.237700e-04,    2.204300e-03,    2.204300e-03,    1.269800e-03,    1.269800e-03,    1.347200e-03,    1.347200e-03,    1.417500e-03,    1.417500e-03,
         9,    2.511800e+00,   -7.975465e-03,    1.859617e-04,    2.118076e-02,   -1.688207e-02,   -2.385002e-02,    1.416225e-02,    1.990923e-03,    7.386064e-05,   -1.521055e+00,    3.677949e-02,    2.039157e-02,    5.306204e-01,    6.272891e-01,    4.904984e-01,    4.471293e-01,   -8.892752e-02,   -1.205600e-02,    2.846300e-04,    2.121800e-02,   -1.591300e-02,   -2.300500e-02,    1.482300e-02,    2.551400e-03,   -3.761000e-05,    2.682700e-03,    2.682700e-03,    1.826300e-03,    1.826300e-03,    1.347100e-03,    1.347100e-03,    1.253500e-03,    1.253500e-03,
         9,    3.981000e+00,   -7.902624e-03,   -9.243361e-04,    2.674833e-02,   -2.033298e-02,   -2.784053e-02,    1.647837e-02,    1.742096e-03,   -1.765392e-05,   -1.587295e+00,   -1.741433e-01,   -1.706320e-01,    3.904977e-02,    2.283987e-02,    1.829750e-01,    8.643922e-02,   -1.546111e-02,   -1.283800e-02,   -1.465800e-03,    2.637700e-02,   -2.024800e-02,   -2.780300e-02,    1.677900e-02,    1.842400e-03,   -3.559500e-05,    3.109300e-03,    3.109300e-03,    2.176200e-03,    2.176200e-03,    1.643000e-03,    1.643000e-03,    1.160400e-03,    1.160400e-03,
        10,    2.511800e+00,   -5.125953e-03,    1.002392e-02,    3.427353e-02,   -3.755588e-02,   -5.087754e-02,    4.404343e-02,    1.203531e-02,   -1.882746e-02,   -9.582413e-01,    1.191599e+00,    9.127455e-01,    6.000353e-02,    2.628439e-03,    8.334330e-01,    1.647765e+00,   -1.240988e-01,   -9.583500e-03,    1.556700e-02,    3.702500e-02,   -3.737500e-02,   -5.086900e-02,    4.675200e-02,    2.339500e-02,   -1.968300e-02,    4.651800e-03,    4.651800e-03,    3.014500e-03,    3.014500e-03,    3.249900e-03,    3.249900e-03,    6.894000e-03,    6.894000e-03,
        10,    3.981000e+00,   -7.854461e-03,    1.519763e-02,    4.437017e-02,   -4.969981e-02,   -6.354073e-02,    5.593379e-02,    1.668289e-02,   -2.662964e-02,   -5.070620e-01,    4.326461e-01,    3.653885e-01,   -6.499793e-02,    6.473288e-01,    1.494395e+00,    1.282318e+00,    3.382798e-01,   -1.069700e-02,    1.762300e-02,    4.577100e-02,   -4.994900e-02,   -6.105900e-02,    6.166300e-02,    2.748500e-02,   -2.378000e-02,    5.605900e-03,    5.605900e-03,    3.833800e-03,    3.833800e-03,    3.833800e-03,    3.833800e-03,    8.423900e-03,    8.423900e-03,
        11,    3.981000e-01,   -1.610332e-02,    8.316429e-03,    1.260928e-02,   -6.712536e-03,   -2.014570e-02,    1.285822e-02,    3.308419e-03,   -6.689805e-04,   -2.731555e-01,   -2.089090e-02,   -3.896490e-02,    6.091124e-01,   -6.225027e-01,   -2.735849e-01,    4.992842e-01,    2.074363e-01,   -1.676400e-02,    8.265900e-03,    1.256200e-02,   -5.973500e-03,   -2.091300e-02,    1.252100e-02,    4.054400e-03,   -3.590500e-04,    2.418700e-03,    2.418700e-03,    1.213300e-03,    1.213300e-03,    1.232600e-03,    1.232600e-03,    1.494100e-03,    1.494100e-03,
        11,    6.309500e-01,   -1.871033e-02,    8.671255e-03,    1.392220e-02,   -8.664316e-03,   -2.373985e-02,    1.437820e-02,    3.501903e-03,   -4.672206e-04,   -1.325080e-02,   -1.097859e-01,   -3.439593e-01,    7.526563e-01,   -1.000273e+00,   -2.031948e+00,    3.189946e-01,    2.736249e-01,   -1.874600e-02,    8.375700e-03,    1.356400e-02,   -7.880500e-03,   -2.501100e-02,    1.179600e-02,    4.005500e-03,   -3.524900e-05,    2.692100e-03,    2.692100e-03,    1.041400e-03,    1.041400e-03,    1.270800e-03,    1.270800e-03,    1.578700e-03,    1.578700e-03,
        11,    1.000000e+00,   -2.152418e-02,    9.010815e-03,    1.566480e-02,   -1.163970e-02,   -2.767150e-02,    1.642304e-02,    3.593504e-03,   -2.752679e-04,   -6.272399e-02,    5.000904e-01,   -3.868069e-01,    1.180259e+00,   -6.878086e-01,   -1.608654e-01,    2.380075e-01,    5.643550e-01,   -2.172200e-02,    1.058800e-02,    1.519100e-02,   -1.019400e-02,   -2.851400e-02,    1.622600e-02,    4.005900e-03,    7.025900e-04,    3.153800e-03,    3.153800e-03,    1.224900e-03,    1.224900e-03,    1.224900e-03,    1.224900e-03,    1.732700e-03,    1.732700e-03,
        11,    1.584800e+00,   -2.478947e-02,    9.163562e-03,    1.837942e-02,   -1.586888e-02,   -3.238312e-02,    1.911144e-02,    3.591303e-03,   -9.689456e-05,   -1.506598e-01,    6.452778e-01,   -5.683868e-01,    1.182764e+00,    1.517993e-02,    1.533859e-01,    6.695460e-02,    5.070213e-01,   -2.535600e-02,    1.159000e-02,    1.755100e-02,   -1.414500e-02,   -3.236100e-02,    1.933500e-02,    3.711500e-03,    8.133100e-04,    3.760300e-03,    3.760300e-03,    1.457500e-03,    1.457500e-03,    1.457500e-03,    1.457500e-03,    1.795200e-03,    1.795200e-03,
        11,    2.511800e+00,   -2.859367e-02,    8.575363e-03,    2.266052e-02,   -2.129094e-02,   -3.828938e-02,    2.211572e-02,    3.434191e-03,    1.693362e-05,   -2.734213e-01,    7.906137e-01,   -7.994851e-01,    7.421535e-01,    4.964978e-01,    5.377987e-01,   -6.526658e-02,    5.860775e-01,   -2.985100e-02,    1.221100e-02,    2.123000e-02,   -1.996300e-02,   -3.740100e-02,    2.307800e-02,    3.312900e-03,    1.106100e-03,    4.598500e-03,    4.598500e-03,    1.789300e-03,    1.789300e-03,    1.789300e-03,    1.789300e-03,    1.858400e-03,    1.858400e-03,
        11,    3.981000e+00,   -3.251208e-02,    6.505712e-03,    2.895513e-02,   -2.764488e-02,   -4.527228e-02,    2.480918e-02,    3.157844e-03,   -1.566769e-04,   -4.518110e-01,    7.418607e-01,   -1.190887e+00,    4.791488e-01,   -7.390924e-02,    1.230233e+00,   -2.698712e-01,    5.802109e-01,   -3.501900e-02,    1.062200e-02,    2.630100e-02,   -2.657700e-02,   -4.543700e-02,    2.755100e-02,    2.662900e-03,    9.074300e-04,    5.548600e-03,    5.548600e-03,    2.228700e-03,    2.228700e-03,    2.228700e-03,    2.228700e-03,    1.834000e-03,    1.834000e-03,
        12,    3.981000e-01,   -6.979952e-03,    2.716024e-03,    8.955792e-03,   -4.610034e-03,   -1.227753e-02,    8.094728e-03,    2.867851e-03,   -1.015579e-03,    2.022915e-02,   -4.645134e-01,    3.877413e-01,    8.578240e-01,    8.387975e-01,   -4.807322e-01,    1.942317e-01,   -1.146162e-02,   -6.954000e-03,    2.120100e-03,    9.248300e-03,   -3.962900e-03,   -1.117300e-02,    7.461700e-03,    3.059700e-03,   -1.026900e-03,    1.282900e-03,    1.282900e-03,    7.543900e-04,    7.543900e-04,    1.316800e-03,    1.316800e-03,    9.877300e-04,    9.877300e-04,
        12,    6.309500e-01,   -7.998404e-03,    2.376749e-03,    9.922082e-03,   -5.904116e-03,   -1.457922e-02,    9.015371e-03,    3.147213e-03,   -1.075407e-03,    8.096415e-02,   -3.670262e-01,    3.386849e-01,    8.499291e-01,   -6.315226e-01,   -4.528470e-01,    3.126275e-01,    7.188532e-01,   -7.881500e-03,    1.846800e-03,    1.021900e-02,   -5.159000e-03,   -1.510200e-02,    8.640500e-03,    3.514300e-03,   -2.313300e-04,    1.443900e-03,    1.443900e-03,    8.766800e-04,    8.766800e-04,    8.278100e-04,    8.278100e-04,    1.174200e-03,    1.174200e-03,
        12,    1.000000e+00,   -8.963634e-03,    1.762249e-03,    1.118701e-02,   -7.808337e-03,   -1.701527e-02,    1.017040e-02,    3.418899e-03,   -1.174392e-03,   -1.810174e-03,   -7.844977e-01,   -4.581668e-02,    5.752032e-01,   -4.191759e-01,   -1.166475e+00,    1.819905e-01,    1.080631e+00,   -8.966600e-03,    4.768500e-04,    1.114200e-02,   -7.243200e-03,   -1.735400e-02,    9.227800e-03,    3.650300e-03,    1.996300e-04,    1.638500e-03,    1.638500e-03,    9.825000e-04,    9.825000e-04,    8.080800e-04,    8.080800e-04,    1.271500e-03,    1.271500e-03,
        12,    1.584800e+00,   -9.754292e-03,    7.196598e-04,    1.305737e-02,   -1.045074e-02,   -1.967806e-02,    1.168308e-02,    3.689826e-03,   -1.300957e-03,    1.029973e-01,   -7.992347e-01,   -2.294177e-01,    3.695183e-01,   -1.812133e-01,   -1.110778e+00,   -2.910947e-01,    1.656109e+00,   -9.561800e-03,   -7.740300e-04,    1.275300e-02,   -9.960500e-03,   -1.985100e-02,    1.062300e-02,    3.306600e-03,    8.793100e-04,    1.868900e-03,    1.868900e-03,    1.326700e-03,    1.326700e-03,    9.543600e-04,    9.543600e-04,    1.316500e-03,    1.316500e-03,
        12,    2.511800e+00,   -9.989123e-03,   -8.735207e-04,    1.584714e-02,   -1.379044e-02,   -2.257986e-02,    1.363566e-02,    3.868070e-03,   -1.452913e-03,    1.354366e-01,   -8.191586e-01,   -3.372974e-01,    3.698848e-01,   -4.747946e-01,   -3.962735e-01,   -9.067580e-01,    2.188746e+00,   -9.698300e-03,   -2.632500e-03,    1.543000e-02,   -1.333300e-02,   -2.313300e-02,    1.317400e-02,    2.644400e-03,    1.500800e-03,    2.147300e-03,    2.147300e-03,    1.236700e-03,    1.236700e-03,    1.165000e-03,    1.165000e-03,    1.349500e-03,    1.349500e-03,
        12,    3.981000e+00,   -9.032910e-03,   -2.719659e-03,    1.971523e-02,   -1.768377e-02,   -2.558854e-02,    1.631473e-02,    3.767240e-03,   -1.798976e-03,    2.052453e-01,   -1.055437e+00,   -2.497186e-01,    1.468867e-01,   -4.669240e-01,   -2.967356e-01,   -1.644673e+00,    2.605922e+00,   -8.534800e-03,   -5.281100e-03,    1.936200e-02,   -1.747600e-02,   -2.624900e-02,    1.589500e-02,    1.718800e-03,    1.446700e-03,    2.426900e-03,    2.426900e-03,    1.414500e-03,    1.414500e-03,    1.414500e-03,    1.414500e-03,    1.245500e-03,    1.245500e-03,
        13,    1.000000e+00,   -9.615072e-03,    3.230800e-03,    6.907322e-03,   -7.065959e-03,   -1.656980e-02,    9.351596e-03,    2.065324e-03,   -7.033342e-04,   -1.687138e+00,   -7.898528e-01,    1.158466e+00,    1.559438e+00,   -4.467034e-01,   -4.686785e-01,    5.147002e-01,    3.943963e-01,   -1.242500e-02,    1.915300e-03,    8.410200e-03,   -5.042900e-03,   -1.708400e-02,    8.812100e-03,    2.614200e-03,   -2.827500e-04,    1.665500e-03,    1.665500e-03,    1.297300e-03,    1.297300e-03,    1.151100e-03,    1.151100e-03,    1.066400e-03,    1.066400e-03,
        13,    1.584800e+00,   -1.103555e-02,    2.619099e-03,    8.561258e-03,   -9.552510e-03,   -1.890799e-02,    1.091685e-02,    2.326072e-03,   -5.594303e-04,   -1.494443e+00,   -3.585493e-01,    7.992446e-01,    1.608548e+00,    5.676945e-01,    2.906337e-01,   -6.196973e-03,    5.217044e-01,   -1.397900e-02,    1.912900e-03,    9.469200e-03,   -7.725200e-03,   -1.843500e-02,    1.115900e-02,    2.319500e-03,   -6.162800e-06,    1.969600e-03,    1.969600e-03,    1.136000e-03,    1.136000e-03,    8.331700e-04,    8.331700e-04,    1.060500e-03,    1.060500e-03,
        13,    2.511800e+00,   -1.234034e-02,    1.349667e-03,    1.087783e-02,   -1.267553e-02,   -2.170577e-02,    1.310195e-02,    2.430794e-03,   -2.981122e-04,   -1.104502e+00,   -4.515679e-01,   -3.168093e-01,    1.166539e+00,    1.016959e+00,    2.151130e-01,   -7.307537e-01,    2.726959e-01,   -1.486700e-02,    3.166600e-04,    1.056700e-02,   -1.153100e-02,   -2.070800e-02,    1.331300e-02,    1.717900e-03,   -3.208100e-05,    2.287600e-03,    2.287600e-03,    9.811300e-04,    9.811300e-04,    9.811300e-04,    9.811300e-04,    9.755600e-04,    9.755600e-04,
        13,    3.981000e+00,   -1.306416e-02,   -7.130089e-04,    1.382816e-02,   -1.667110e-02,   -2.516987e-02,    1.582145e-02,    2.215449e-03,   -2.053180e-04,   -7.943343e-01,   -2.247467e-01,   -6.241323e-01,    8.650676e-02,    8.394560e-02,    7.861981e-01,   -8.844075e-01,   -2.456398e-01,   -1.520100e-02,   -1.317600e-03,    1.304100e-02,   -1.656200e-02,   -2.506400e-02,    1.681300e-02,    1.347200e-03,   -4.464700e-04,    2.690100e-03,    2.690100e-03,    1.261200e-03,    1.261200e-03,    1.261200e-03,    1.261200e-03,    9.817300e-04,    9.817300e-04,
        15,    1.000000e+00,   -6.825991e-03,    4.441690e-03,    9.492528e-03,   -8.382482e-03,   -1.026100e-02,    8.144110e-03,    4.432790e-04,    4.939780e-04,   -8.826235e-01,    1.017981e+00,    1.228129e+00,    1.014190e+00,    1.508941e+00,    1.081788e-01,    2.414540e+00,   -1.575512e+00,   -8.372700e-03,    6.225600e-03,    1.091900e-02,   -7.204500e-03,   -8.454800e-03,    8.273600e-03,    2.440900e-03,   -8.094900e-04,    1.752400e-03,    1.752400e-03,    1.161500e-03,    1.161500e-03,    1.197000e-03,    1.197000e-03,    8.273300e-04,    8.273300e-04,
        15,    1.584800e+00,   -8.001235e-03,    5.500734e-03,    1.118700e-02,   -1.171883e-02,   -1.217289e-02,    1.034330e-02,    2.579652e-04,    7.429138e-04,   -1.430789e+00,    8.433409e-01,    5.842895e-01,    5.628624e-01,   -4.279143e-01,    8.789799e-01,    9.820956e-01,    5.788196e-01,   -1.116800e-02,    7.367300e-03,    1.233700e-02,   -1.061100e-02,   -1.268100e-02,    1.138700e-02,    1.019600e-03,    1.191800e-03,    2.213300e-03,    2.213300e-03,    1.968200e-03,    1.968200e-03,    1.187400e-03,    1.187400e-03,    7.755200e-04,    7.755200e-04,
        15,    2.511800e+00,   -9.683864e-03,    6.859026e-03,    1.390650e-02,   -1.622607e-02,   -1.481815e-02,    1.328536e-02,   -9.365423e-05,    9.837386e-04,   -1.367414e+00,    9.694335e-01,    2.017761e-01,    4.441565e-01,    6.182346e-02,    2.703286e-01,    4.392951e-01,    1.170100e+00,   -1.350100e-02,    9.565200e-03,    1.435900e-02,   -1.523000e-02,   -1.470800e-02,    1.376700e-02,    3.422100e-04,    2.144700e-03,    2.791500e-03,    2.791500e-03,    2.242600e-03,    2.242600e-03,    1.781700e-03,    1.781700e-03,    9.921900e-04,    9.921900e-04,
        15,    3.981000e+00,   -1.213238e-02,    8.295251e-03,    1.803444e-02,   -2.196043e-02,   -1.842398e-02,    1.684063e-02,   -6.335205e-04,    1.057030e-03,   -1.359205e+00,    9.769515e-01,   -7.927967e-01,    6.464947e-01,    3.847300e-01,   -2.138283e-01,    5.317944e-01,   -1.371304e+00,   -1.691800e-02,    1.173500e-02,    1.672300e-02,   -2.089100e-02,   -1.758800e-02,    1.637600e-02,   -3.577000e-04,    3.457900e-04,    3.520900e-03,    3.520900e-03,    1.654200e-03,    1.654200e-03,    2.172900e-03,    2.172900e-03,    5.186600e-04,    5.186600e-04,
        16,    6.309500e-01,   -4.156427e-03,    6.676735e-04,    8.964049e-03,   -6.309509e-03,   -1.679180e-02,    1.138358e-02,    2.379502e-03,    2.430377e-05,   -2.343122e-01,   -8.320741e-02,   -2.604296e+00,    4.972534e-01,   -6.849109e-01,    1.307037e-01,   -4.943037e-01,    6.792798e-01,   -4.380900e-03,    5.879600e-04,    7.057600e-03,   -5.945500e-03,   -1.786300e-02,    1.158800e-02,    1.893700e-03,    6.919000e-04,    9.580100e-04,    9.580100e-04,    7.320400e-04,    7.320400e-04,    1.564000e-03,    1.564000e-03,    9.828000e-04,    9.828000e-04,
        16,    2.511800e+00,   -4.739904e-03,   -9.382704e-04,    1.572571e-02,   -1.544621e-02,   -2.763287e-02,    1.979925e-02,    2.193329e-03,    7.962682e-04,   -8.506381e-01,    1.411282e+00,   -2.015821e+00,    1.783167e-01,    9.091993e-01,    5.551021e-01,    1.729568e-01,    4.821123e-01,   -6.180800e-03,    1.452300e-03,    1.311200e-02,   -1.521500e-02,   -2.645400e-02,    2.051900e-02,    2.447800e-03,    1.505600e-03,    1.693900e-03,    1.693900e-03,    1.296600e-03,    1.296600e-03,    1.296600e-03,    1.296600e-03,    1.471300e-03,    1.471300e-03,
        16,    3.981000e+00,   -4.730976e-03,   -1.942274e-03,    2.006275e-02,   -1.958634e-02,   -3.288273e-02,    2.390552e-02,    2.174327e-03,    1.114766e-03,   -1.239055e+00,    8.487463e-01,   -8.092100e-01,   -1.434305e+00,    4.975007e-01,    5.002808e-01,   -3.406562e-01,    7.159666e-01,   -7.459500e-03,   -7.325000e-05,    1.867900e-02,   -2.203900e-02,   -3.203200e-02,    2.476100e-02,    1.631900e-03,    2.254800e-03,    2.202100e-03,    2.202100e-03,    1.710000e-03,    1.710000e-03,    1.710000e-03,    1.710000e-03,    1.592300e-03,    1.592300e-03,
        18,    3.981000e-01,    9.089433e-02,   -5.190351e-02,    3.563154e-02,   -2.600186e-02,   -2.908203e-01,    1.683512e-01,   -9.215795e-02,    6.662286e-02,    2.335623e+00,    1.543908e+00,    3.248444e+00,   -5.390089e-01,   -4.602307e+00,   -1.248706e+01,   -1.041023e+00,   -1.692019e-01,    1.232100e-01,   -3.054200e-02,    5.992600e-02,   -3.003300e-02,   -3.252400e-01,    7.496300e-02,   -1.259100e-01,    6.113700e-02,    1.383600e-02,    1.383600e-02,    7.478800e-03,    7.478800e-03,    7.478800e-03,    7.478800e-03,    3.242200e-02,    3.242200e-02,
        18,    6.309500e-01,    1.036398e-01,   -5.798118e-02,    4.150628e-02,   -3.538680e-02,   -3.317990e-01,    1.891002e-01,   -1.080868e-01,    9.061667e-02,    1.286325e+00,    1.001055e+00,    2.405432e+00,    1.379704e-01,   -7.791057e+00,   -8.065550e+00,   -5.960119e-01,   -6.423840e-02,    1.221500e-01,   -4.357600e-02,    6.218000e-02,   -3.420100e-02,   -3.987600e-01,    1.197800e-01,   -1.310100e-01,    8.814600e-02,    1.439000e-02,    1.439000e-02,    8.594600e-03,    8.594600e-03,    8.594600e-03,    8.594600e-03,    3.846100e-02,    3.846100e-02,
        18,    1.000000e+00,    1.170138e-01,   -6.827211e-02,    5.026300e-02,   -4.782370e-02,   -3.748852e-01,    2.239147e-01,   -1.321074e-01,    1.215422e-01,    5.331394e-01,    9.468772e-01,    3.959289e-02,    5.365465e-01,   -1.854742e+00,   -9.142737e+00,    1.581978e-01,   -4.215866e-01,    1.246100e-01,   -5.478100e-02,    5.063600e-02,   -4.276900e-02,   -3.903100e-01,    1.478800e-01,   -1.259000e-01,    1.050000e-01,    1.424800e-02,    1.424800e-02,    9.420800e-03,    9.420800e-03,    8.316400e-03,    8.316400e-03,    3.923800e-02,    3.923800e-02,
        18,    1.584800e+00,    1.339019e-01,   -8.436529e-02,    6.354382e-02,   -6.364593e-02,   -4.293427e-01,    2.783129e-01,   -1.685276e-01,    1.595700e-01,   -1.326545e-01,    5.221381e-01,   -1.354109e+00,    4.705512e-01,    8.197129e-01,   -3.701141e+00,    9.609782e-01,   -5.711298e-01,    1.317400e-01,   -7.585600e-02,    5.039000e-02,   -5.907500e-02,   -4.213800e-01,    2.423600e-01,   -1.254700e-01,    1.339800e-01,    1.629700e-02,    1.629700e-02,    9.714000e-03,    9.714000e-03,    9.714000e-03,    9.714000e-03,    4.480600e-02,    4.480600e-02,
        18,    2.511800e+00,    1.580570e-01,   -1.058133e-01,    8.321768e-02,   -8.196752e-02,   -5.074631e-01,    3.514225e-01,   -2.223670e-01,    2.012169e-01,   -2.651298e-02,   -1.778787e-01,   -1.578061e+00,    1.251198e-01,   -9.893944e-02,    1.789790e+00,    1.076314e+00,   -3.760316e-01,    1.575000e-01,   -1.095500e-01,    6.317000e-02,   -8.037800e-02,   -5.087200e-01,    3.741600e-01,   -1.595200e-01,    1.792600e-01,    2.100700e-02,    2.100700e-02,    1.270400e-02,    1.270400e-02,    1.270400e-02,    1.270400e-02,    5.839100e-02,    5.839100e-02,
        18,    3.981000e+00,    1.925880e-01,   -1.297547e-01,    1.100623e-01,   -1.008074e-01,   -6.195747e-01,    4.345714e-01,   -2.957891e-01,    2.392234e-01,    1.328622e-01,   -3.945916e-01,   -1.061634e+00,   -3.786044e-01,   -1.453807e+00,    3.275890e+00,    7.294869e-01,   -5.895621e-02,    1.962700e-01,   -1.406900e-01,    9.210900e-02,   -1.072100e-01,   -6.441600e-01,    4.899700e-01,   -2.388300e-01,    2.346200e-01,    2.771300e-02,    2.771300e-02,    1.691100e-02,    1.691100e-02,    1.691100e-02,    1.691100e-02,    7.808100e-02,    7.808100e-02,
        19,    3.981000e+00,   -6.687952e-03,   -4.116141e-03,    2.445687e-02,   -2.367597e-02,   -3.016713e-02,    2.044638e-02,    6.406750e-03,   -5.014688e-03,    7.025378e-02,    2.016590e-01,   -3.944849e-01,    1.034144e-01,    1.425271e+00,   -1.924942e+00,    4.531398e-01,    3.779400e-01,   -6.521900e-03,   -3.639500e-03,    2.357200e-02,   -2.344400e-02,   -2.781600e-02,    1.727100e-02,    7.545400e-03,   -4.065000e-03,    2.363600e-03,    2.363600e-03,    2.243100e-03,    2.243100e-03,    1.649600e-03,    1.649600e-03,    2.512800e-03,    2.512800e-03,
        20,    1.584800e+00,   -1.676951e-02,    6.834648e-03,    2.562786e-02,   -2.333361e-02,   -3.773908e-02,    2.829280e-02,    5.049802e-03,    1.152298e-04,    2.735262e+00,    1.678005e+00,    2.319536e+00,   -9.138965e-01,   -1.311963e+00,   -1.832191e+00,    3.297399e+00,   -8.367730e-01,   -6.753800e-03,    1.297900e-02,    3.160600e-02,   -2.568900e-02,   -4.311800e-02,    2.078100e-02,    2.078400e-02,   -3.877600e-03,    3.661700e-03,    3.661700e-03,    2.577300e-03,    2.577300e-03,    4.099900e-03,    4.099900e-03,    4.771700e-03,    4.771700e-03,
        20,    2.511800e+00,   -1.914574e-02,    7.563651e-03,    3.191220e-02,   -3.101222e-02,   -4.559111e-02,    3.525012e-02,    5.040622e-03,    5.388887e-04,   -1.920666e-02,    1.593310e+00,   -1.752282e-01,   -5.135372e-01,   -2.300575e+00,   -1.139098e+00,    2.291231e+00,   -2.253123e-01,   -1.924200e-02,    1.554900e-02,    3.145300e-02,   -3.235800e-02,   -5.162000e-02,    3.226500e-02,    1.565200e-02,   -5.046000e-04,    5.011800e-03,    5.011800e-03,    2.620600e-03,    2.620600e-03,    2.620600e-03,    2.620600e-03,    4.631300e-03,    4.631300e-03,
        20,    3.981000e+00,   -2.225836e-02,    7.798338e-03,    4.043420e-02,   -3.998065e-02,   -5.591664e-02,    4.310754e-02,    4.834632e-03,    1.020508e-03,   -9.544633e-01,    6.581033e-01,   -1.422822e+00,   -9.289389e-01,   -1.736660e+00,    6.524942e-01,    1.230373e+00,    6.338339e-01,   -2.818100e-02,    1.188200e-02,    3.578200e-02,   -4.301800e-02,   -6.159500e-02,    4.524100e-02,    1.014000e-02,    3.753600e-03,    6.205200e-03,    6.205200e-03,    3.269700e-03,    3.269700e-03,    3.269700e-03,    3.269700e-03,    4.312000e-03,    4.312000e-03,
        23,    2.511800e+00,   -5.880368e-03,   -6.709683e-04,    2.243279e-02,   -1.831341e-02,   -2.511785e-02,    1.432584e-02,   -1.584765e-04,    5.298408e-04,   -4.363823e-02,   -6.607046e-01,   -4.788305e-01,    3.607922e+00,    1.215253e+00,   -3.523316e+00,    2.012617e+00,    2.936537e-01,   -5.962600e-03,   -1.916000e-03,    2.170200e-02,   -1.280700e-02,   -2.323700e-02,    8.872800e-03,    2.118800e-03,    8.621100e-04,    1.884400e-03,    1.884400e-03,    1.526200e-03,    1.526200e-03,    1.547700e-03,    1.547700e-03,    1.131500e-03,    1.131500e-03,
        23,    3.981000e+00,   -5.527135e-03,   -1.734702e-03,    2.862562e-02,   -2.205805e-02,   -2.961350e-02,    1.612570e-02,   -8.088255e-04,   -3.792487e-05,   -9.660080e-02,   -4.228563e-01,   -4.024540e-01,    1.861740e+00,   -1.282686e+00,   -6.866337e-01,    2.369388e+00,    4.204343e-03,   -5.738700e-03,   -2.660800e-03,    2.793300e-02,   -1.885400e-02,   -3.182100e-02,    1.494400e-02,    2.568500e-03,   -3.193200e-05,    2.190100e-03,    2.190100e-03,    1.721000e-03,    1.721000e-03,    1.721000e-03,    1.721000e-03,    1.425400e-03,    1.425400e-03,
        24,    6.309500e-01,   -7.319094e-03,    1.635279e-03,    1.091070e-02,   -6.660328e-03,   -1.311869e-02,    8.658836e-03,    1.880754e-03,   -2.973272e-05,   -1.416546e+00,   -2.976126e-02,    1.622287e+00,    1.187274e+00,   -1.057888e+00,   -1.905827e-01,    1.010885e+00,    7.292040e-01,   -9.783600e-03,    1.583500e-03,    1.236800e-02,   -5.593800e-03,   -1.493900e-02,    8.330900e-03,    2.980900e-03,    7.638600e-04,    1.739800e-03,    1.739800e-03,    8.983000e-04,    8.983000e-04,    1.720700e-03,    1.720700e-03,    1.088300e-03,    1.088300e-03,
        24,    1.000000e+00,   -8.117785e-03,    8.383535e-04,    1.231629e-02,   -8.882317e-03,   -1.538673e-02,    9.994663e-03,    1.948106e-03,    2.367092e-04,   -1.398615e+00,   -1.714786e-01,    1.164554e+00,    1.127974e+00,   -6.254318e-01,   -5.694722e-01,    7.186073e-01,    4.149074e-01,   -1.084900e-02,    5.034900e-04,    1.361500e-02,   -7.624400e-03,   -1.659500e-02,    8.894500e-03,    2.733400e-03,    6.901200e-04,    1.952800e-03,    1.952800e-03,    1.115200e-03,    1.115200e-03,    1.931900e-03,    1.931900e-03,    1.092800e-03,    1.092800e-03,
        24,    1.584800e+00,   -8.725985e-03,   -4.550051e-04,    1.444796e-02,   -1.197937e-02,   -1.794006e-02,    1.178113e-02,    1.928784e-03,    6.143905e-04,   -1.164047e+00,    1.074625e-01,    7.193846e-01,    1.037307e+00,   -1.551927e-01,   -4.797216e-01,    4.228068e-01,    3.986541e-01,   -1.126000e-02,   -2.210700e-04,    1.516600e-02,   -1.094400e-02,   -1.813000e-02,    1.119400e-02,    2.403300e-03,    1.061800e-03,    2.176900e-03,    2.176900e-03,    9.981300e-04,    9.981300e-04,    1.223900e-03,    1.223900e-03,    1.122300e-03,    1.122300e-03,
        24,    2.511800e+00,   -8.772407e-03,   -2.410560e-03,    1.771087e-02,   -1.588075e-02,   -2.084743e-02,    1.410574e-02,    1.719490e-03,    1.112370e-03,   -9.147774e-01,    3.595228e-01,    2.771779e-01,    3.192873e-01,    2.886947e-02,    2.731504e-01,    2.443863e-01,    1.489528e-01,   -1.100300e-02,   -1.533900e-03,    1.820200e-02,   -1.531500e-02,   -2.081200e-02,    1.444100e-02,    2.004200e-03,    1.285900e-03,    2.438400e-03,    2.438400e-03,    1.771900e-03,    1.771900e-03,    1.227400e-03,    1.227400e-03,    1.165000e-03,    1.165000e-03,
        24,    3.981000e+00,   -7.635171e-03,   -4.828067e-03,    2.231310e-02,   -2.034577e-02,   -2.403278e-02,    1.721423e-02,    1.210827e-03,    1.610051e-03,   -6.344576e-01,    3.513943e-01,    2.805962e-02,   -3.365281e-02,   -2.710739e-01,    3.738662e-01,    2.765022e-01,    2.761154e-02,   -9.299100e-03,   -3.906500e-03,    2.238500e-02,   -2.043200e-02,   -2.444300e-02,    1.778000e-02,    1.553800e-03,    1.644300e-03,    2.622600e-03,    2.622600e-03,    2.562300e-03,    2.562300e-03,    1.513300e-03,    1.513300e-03,    1.240400e-03,    1.240400e-03,
        25,    2.511800e+00,    4.576189e-02,   -2.926869e-02,    3.301319e-02,   -3.952440e-02,   -1.090449e-01,    7.013723e-02,   -1.452484e-02,    2.385778e-02,    1.985968e+00,    2.700390e+00,   -1.787020e-01,    1.936434e+00,    3.900279e+00,   -7.302760e+00,    2.189091e+00,   -3.228985e+00,    6.174000e-02,   -7.542700e-03,    3.241100e-02,   -3.299900e-02,   -9.112900e-02,    3.659200e-02,   -4.327400e-03,    8.816200e-03,    8.045500e-03,    8.045500e-03,    3.369800e-03,    3.369800e-03,    4.593500e-03,    4.593500e-03,    4.658300e-03,    4.658300e-03,
        25,    3.981000e+00,    5.272842e-02,   -3.870261e-02,    4.202662e-02,   -5.139132e-02,   -1.242743e-01,    9.221475e-02,   -2.041127e-02,    3.018757e-02,    1.149953e+00,    5.477992e-01,   -1.749889e-01,    8.250587e-01,   -1.187804e+00,   -1.223796e+00,   -1.177960e+00,    2.808986e-01,    6.435100e-02,   -3.316600e-02,    4.116100e-02,   -4.731000e-02,   -1.301500e-01,    8.616100e-02,   -3.592500e-02,    3.388700e-02,    1.010700e-02,    1.010700e-02,    4.946700e-03,    4.946700e-03,    4.946700e-03,    4.946700e-03,    1.317000e-02,    1.317000e-02,
        27,    2.511800e+00,    5.194435e-04,   -1.744253e-03,    2.713556e-02,   -2.212704e-02,   -2.502473e-02,    1.584506e-02,   -1.307903e-03,    1.493283e-03,    2.458674e+00,    7.540466e-01,    3.602910e-01,    6.558907e-01,    7.039031e-01,   -1.988351e+00,    6.297295e-01,   -6.391712e-01,    5.712900e-03,   -1.514800e-04,    2.812600e-02,   -2.032400e-02,   -2.382000e-02,    1.244200e-02,   -7.676200e-04,    9.449000e-04,    2.112300e-03,    2.112300e-03,    2.749000e-03,    2.749000e-03,    1.711500e-03,    1.711500e-03,    8.579600e-04,    8.579600e-04,
        27,    3.981000e+00,    1.521731e-03,   -1.882905e-03,    3.451497e-02,   -2.656185e-02,   -2.964257e-02,    1.854536e-02,   -2.315622e-03,    1.178288e-03,    2.321969e+00,    1.172116e+00,   -5.119788e-01,    8.261657e-01,    1.888553e-01,   -2.144145e+00,    1.865209e+00,   -1.091584e+00,    7.773400e-03,    1.272900e-03,    3.301600e-02,   -2.414300e-02,   -2.929700e-02,    1.462200e-02,   -8.193700e-04,    3.026300e-04,    2.692400e-03,    2.692400e-03,    2.927800e-03,    2.927800e-03,    1.829800e-03,    1.829800e-03,    8.021900e-04,    8.021900e-04,
        28,    3.981000e+00,    4.095299e-03,   -8.649761e-03,    2.073193e-02,   -2.489747e-02,   -2.560434e-02,    2.074933e-02,   -1.164960e-03,    5.732932e-03,    1.053755e+00,    7.435169e-01,   -2.192371e-01,    1.015920e+00,    4.566048e-01,    6.073203e-01,   -1.288084e-01,   -1.663227e-01,    6.706400e-03,   -6.807400e-03,    1.980000e-02,   -2.057900e-02,   -2.424000e-02,    2.256400e-02,   -1.427600e-03,    5.393800e-03,    2.477900e-03,    2.477900e-03,    4.250800e-03,    4.250800e-03,    2.988000e-03,    2.988000e-03,    2.039000e-03,    2.039000e-03,
        29,    3.981000e-01,    5.886011e-02,   -4.210725e-02,    2.749428e-02,   -1.880204e-02,   -9.575081e-02,    6.932149e-02,   -2.382805e-02,    1.853946e-02,    3.352228e-03,   -3.848401e-02,   -6.098784e-01,    2.256173e+00,    1.913942e+00,    3.458254e-01,   -5.485195e-01,   -6.876009e-01,    5.888300e-02,   -4.237000e-02,    2.575100e-02,   -1.235300e-02,   -9.028000e-02,    7.031000e-02,   -2.875200e-02,    1.236700e-02,    6.827600e-03,    6.827600e-03,    2.858400e-03,    2.858400e-03,    2.858400e-03,    2.858400e-03,    8.976800e-03,    8.976800e-03,
        29,    6.309500e-01,    6.990072e-02,   -4.847616e-02,    3.099240e-02,   -2.590336e-02,   -1.137177e-01,    8.030599e-02,   -2.736481e-02,    2.617826e-02,    4.513015e-01,   -3.034407e-01,   -1.149255e+00,    4.888878e-01,    5.120899e-01,    7.645958e-01,    2.407488e-01,   -2.981739e-01,    7.375700e-02,   -5.106900e-02,    2.691300e-02,   -2.416800e-02,   -1.119000e-01,    8.302000e-02,   -2.488100e-02,    2.310200e-02,    8.544800e-03,    8.544800e-03,    3.549600e-03,    3.549600e-03,    3.549600e-03,    3.549600e-03,    1.031700e-02,    1.031700e-02,
        29,    1.000000e+00,    8.212428e-02,   -5.771144e-02,    3.621078e-02,   -3.608574e-02,   -1.336029e-01,    9.615831e-02,   -3.305309e-02,    3.686055e-02,    5.544721e-01,   -3.604479e-01,   -1.248595e+00,   -3.820472e-02,   -2.192237e-02,    2.396379e-01,    2.804422e-01,   -3.291056e-03,    8.806600e-02,   -6.157400e-02,    3.067900e-02,   -3.625500e-02,   -1.337000e-01,    9.722000e-02,   -2.934200e-02,    3.681700e-02,    1.071600e-02,    1.071600e-02,    4.430400e-03,    4.430400e-03,    4.430400e-03,    4.430400e-03,    1.323300e-02,    1.323300e-02,
        29,    1.584800e+00,    9.778271e-02,   -7.086063e-02,    4.464205e-02,   -5.027366e-02,   -1.588559e-01,    1.188286e-01,   -4.260408e-02,    5.133869e-02,    5.060198e-01,   -2.887615e-01,   -8.105607e-01,   -6.000280e-02,    1.036067e-01,    8.511676e-02,    2.867002e-02,    2.313283e-01,    1.047000e-01,   -7.480800e-02,    4.005800e-02,   -5.061300e-02,   -1.582700e-01,    1.193100e-01,   -4.209900e-02,    5.541400e-02,    1.367000e-02,    1.367000e-02,    5.655400e-03,    5.655400e-03,    5.655400e-03,    5.655400e-03,    1.761700e-02,    1.761700e-02,
        29,    2.511800e+00,    1.198536e-01,   -8.693179e-02,    5.854002e-02,   -6.850131e-02,   -1.941460e-01,    1.473336e-01,   -5.872549e-02,    6.907726e-02,    3.844813e-01,   -3.035619e-01,   -4.600053e-01,   -4.680349e-01,    2.592021e-01,    3.090487e-01,   -4.125563e-02,    2.907980e-01,    1.267300e-01,   -9.236100e-02,    5.512200e-02,   -7.197900e-02,   -1.922200e-01,    1.496300e-01,   -5.967400e-02,    7.576300e-02,    1.788500e-02,    1.788500e-02,    7.430400e-03,    7.430400e-03,    7.430400e-03,    7.430400e-03,    2.299100e-02,    2.299100e-02,
        29,    3.981000e+00,    1.499119e-01,   -1.025321e-01,    7.984842e-02,   -8.926212e-02,   -2.422176e-01,    1.772306e-01,   -8.358864e-02,    8.708576e-02,    4.890508e-01,   -3.905378e-01,    3.829202e-01,   -4.458501e-01,   -6.676664e-01,    1.026361e+00,   -3.246352e-01,    2.198813e-01,    1.614300e-01,   -1.117300e-01,    8.363500e-02,   -9.367100e-02,   -2.488200e-01,    1.873800e-01,   -9.347800e-02,    9.378400e-02,    2.355200e-02,    2.355200e-02,    9.888700e-03,    9.888700e-03,    9.888700e-03,    9.888700e-03,    3.046300e-02,    3.046300e-02,
        30,    3.981000e-01,    1.334917e-01,   -9.277561e-02,    6.414626e-02,   -4.347447e-02,   -2.268516e-01,    1.592218e-01,   -8.605920e-02,    6.024751e-02,   -6.672320e-01,    4.606013e-02,    6.313709e-02,    1.159757e+00,    2.999601e+00,    7.262521e-01,    2.919646e-01,   -3.063311e-01,    1.228500e-01,   -9.204100e-02,    6.458600e-02,   -3.539700e-02,   -2.059600e-01,    1.642800e-01,   -7.912300e-02,    5.297000e-02,    1.594900e-02,    1.594900e-02,    6.964800e-03,    6.964800e-03,    6.964800e-03,    6.964800e-03,    2.375700e-02,    2.375700e-02,
        30,    6.309500e-01,    1.578778e-01,   -1.063320e-01,    7.271845e-02,   -5.941049e-02,   -2.682870e-01,    1.833272e-01,   -9.821724e-02,    8.283695e-02,    4.273134e-01,   -1.878092e-01,   -2.334370e-01,    8.559949e-01,   -9.633985e-01,    1.192221e+00,    2.515108e-01,   -3.896976e-01,    1.663600e-01,   -1.100600e-01,    7.070900e-02,   -5.204200e-02,   -2.765800e-01,    1.935900e-01,   -9.077000e-02,    7.129800e-02,    1.985000e-02,    1.985000e-02,    8.608100e-03,    8.608100e-03,    8.608100e-03,    8.608100e-03,    2.961000e-02,    2.961000e-02,
        30,    1.000000e+00,    1.849761e-01,   -1.261766e-01,    8.545865e-02,   -8.198193e-02,   -3.143156e-01,    2.185944e-01,   -1.167270e-01,    1.144505e-01,    3.014249e-01,   -2.029288e-01,   -8.549266e-01,    3.304899e-01,   -4.413452e-01,    5.526634e-01,    4.277509e-01,    9.590210e-02,    1.922000e-01,   -1.310400e-01,    7.661700e-02,   -7.856400e-02,   -3.188800e-01,    2.243100e-01,   -1.009400e-01,    1.179900e-01,    2.396600e-02,    2.396600e-02,    1.034200e-02,    1.034200e-02,    1.034200e-02,    1.034200e-02,    3.690700e-02,    3.690700e-02,
        30,    1.584800e+00,    2.200164e-01,   -1.542957e-01,    1.059160e-01,   -1.128933e-01,   -3.736266e-01,    2.688251e-01,   -1.468347e-01,    1.571250e-01,    3.382342e-01,   -3.781731e-02,   -9.557730e-01,   -2.481441e-01,   -8.453909e-01,   -1.616870e-01,    4.167769e-01,    1.311477e-01,    2.303400e-01,   -1.554500e-01,    9.329500e-02,   -1.161700e-01,   -3.847900e-01,    2.666900e-01,   -1.273700e-01,    1.632500e-01,    3.052200e-02,    3.052200e-02,    1.320500e-02,    1.320500e-02,    1.320500e-02,    1.320500e-02,    4.670300e-02,    4.670300e-02,
        30,    2.511800e+00,    2.696642e-01,   -1.878334e-01,    1.392107e-01,   -1.513510e-01,   -4.574354e-01,    3.300532e-01,   -1.962218e-01,    2.087958e-01,    2.307594e-01,   -1.037321e-02,   -6.990313e-01,   -4.023907e-01,   -4.527277e-01,   -1.372820e-01,    2.210067e-01,    9.907594e-02,    2.787100e-01,   -1.882400e-01,    1.273300e-01,   -1.581900e-01,   -4.651300e-01,    3.277200e-01,   -1.829400e-01,    2.147500e-01,    3.920000e-02,    3.920000e-02,    1.699600e-02,    1.699600e-02,    1.699600e-02,    1.699600e-02,    6.009700e-02,    6.009700e-02,
        30,    3.981000e+00,    3.371382e-01,   -2.184208e-01,    1.890276e-01,   -1.927253e-01,   -5.714943e-01,    3.894880e-01,   -2.701273e-01,    2.608397e-01,    2.341272e-01,   -1.355842e-01,    6.438145e-02,   -2.370990e-01,    1.480186e-01,    1.772926e-01,   -5.480657e-02,    9.297385e-02,    3.490000e-01,   -2.252900e-01,    1.904300e-01,   -1.978900e-01,   -5.682700e-01,    3.933500e-01,   -2.743600e-01,    2.680200e-01,    5.066400e-02,    5.066400e-02,    2.178300e-02,    2.178300e-02,    2.178300e-02,    2.178300e-02,    7.722900e-02,    7.722900e-02,
        31,    1.000000e+00,    1.868780e-03,   -8.413285e-04,    2.034771e-02,   -1.886132e-02,   -4.416492e-02,    3.051564e-02,    5.634835e-03,   -1.659520e-03,    1.734822e+00,   -5.603649e-01,   -2.109028e+00,   -7.082675e-01,   -8.306292e-01,    6.317744e-01,    2.045456e+00,    6.912349e-01,    4.852500e-03,   -1.805100e-03,    1.455400e-02,   -2.080700e-02,   -4.572600e-02,    3.170300e-02,    1.430900e-02,    1.271800e-03,    1.719900e-03,    1.719900e-03,    2.747100e-03,    2.747100e-03,    1.879400e-03,    1.879400e-03,    4.240700e-03,    4.240700e-03,
        31,    1.584800e+00,    2.146980e-03,   -9.025869e-04,    2.421301e-02,   -2.609118e-02,   -5.138264e-02,    3.742004e-02,    5.978581e-03,   -1.730091e-03,    1.275001e+00,    9.052334e-01,   -3.190228e+00,   -9.610287e-01,   -1.472205e+00,    6.499293e-01,    1.813615e+00,    8.859174e-01,    4.487500e-03,    7.591500e-04,    1.670800e-02,   -2.835200e-02,   -5.484600e-02,    3.894900e-02,    1.454900e-02,    2.456400e-03,    1.835700e-03,    1.835700e-03,    2.352500e-03,    2.352500e-03,    2.352500e-03,    2.352500e-03,    4.725600e-03,    4.725600e-03,
        31,    2.511800e+00,    2.653853e-03,   -9.661970e-04,    2.987606e-02,   -3.572647e-02,   -6.077122e-02,    4.719166e-02,    6.213231e-03,   -1.904381e-03,    5.314573e-01,    1.025497e+00,   -2.721644e+00,   -5.901633e-01,   -1.536180e+00,    1.723493e-01,    1.482767e+00,    2.308217e-01,    3.679300e-03,    1.012500e-03,    2.181700e-02,   -3.747400e-02,   -6.532000e-02,    4.770200e-02,    1.359400e-02,   -7.554200e-04,    1.929500e-03,    1.929500e-03,    2.961100e-03,    2.961100e-03,    2.961100e-03,    2.961100e-03,    4.977700e-03,    4.977700e-03,
        31,    3.981000e+00,    3.503906e-03,   -7.295859e-04,    3.763372e-02,   -4.837202e-02,   -7.387643e-02,    5.975165e-02,    6.196133e-03,   -2.442879e-03,   -1.385099e-01,    1.095720e+00,   -1.886136e+00,    4.220486e-01,   -1.106126e+00,   -2.547543e-01,    1.255692e+00,   -6.497453e-02,    3.209600e-03,    1.598600e-03,    3.066200e-02,   -4.681200e-02,   -7.796500e-02,    5.881000e-02,    1.297800e-02,   -2.793800e-03,    2.124800e-03,    2.124800e-03,    3.696300e-03,    3.696300e-03,    3.696300e-03,    3.696300e-03,    5.400900e-03,    5.400900e-03,
        32,    2.511800e+00,   -5.068391e-03,    1.719033e-03,    1.077656e-02,   -1.098776e-02,   -1.929092e-02,    1.590129e-02,    4.829781e-03,   -1.428834e-03,   -4.650631e-01,    6.441306e-01,   -1.349622e+00,   -3.419632e-01,   -3.967400e-02,   -1.065712e-01,   -3.320951e-01,   -9.457277e-02,   -5.742500e-03,    2.652700e-03,    9.481100e-03,   -1.131600e-02,   -1.932900e-02,    1.579900e-02,    4.297200e-03,   -1.580500e-03,    1.449500e-03,    1.449500e-03,    9.598700e-04,    9.598700e-04,    9.598700e-04,    9.598700e-04,    1.603700e-03,    1.603700e-03,
        32,    3.981000e+00,   -5.887110e-03,    1.787548e-03,    1.334704e-02,   -1.447852e-02,   -2.385810e-02,    1.990799e-02,    5.056862e-03,   -1.648066e-03,   -7.358765e-01,    3.688626e-01,   -7.606580e-01,   -7.721964e-01,   -3.698448e-01,    2.668645e-01,   -5.810872e-01,   -2.631473e-01,   -7.246200e-03,    2.468800e-03,    1.239500e-02,   -1.544500e-02,   -2.432100e-02,    2.024200e-02,    4.012300e-03,   -2.121100e-03,    1.846900e-03,    1.846900e-03,    1.251600e-03,    1.251600e-03,    1.251600e-03,    1.251600e-03,    1.797600e-03,    1.797600e-03,
        33,    1.000000e+00,    3.453227e-03,   -2.064161e-03,    1.660668e-02,   -1.609228e-02,   -5.414198e-02,    3.596313e-02,   -1.361328e-04,    2.513368e-03,    1.494945e-01,    1.612535e+00,   -5.321516e-01,    1.791123e+00,   -5.434890e-01,   -2.451575e+00,   -1.299789e-01,    1.765329e+00,    3.646000e-03,    1.520300e-05,    1.565200e-02,   -1.287900e-02,   -5.511700e-02,    3.156500e-02,   -5.968300e-04,    8.770400e-03,    1.289500e-03,    1.289500e-03,    1.794000e-03,    1.794000e-03,    1.794000e-03,    1.794000e-03,    3.544400e-03,    3.544400e-03,
        33,    1.584800e+00,    3.943789e-03,   -2.530353e-03,    1.999584e-02,   -2.221862e-02,   -6.245508e-02,    4.364174e-02,   -9.596034e-04,    3.816417e-03,    1.269439e-01,    9.136659e-01,   -8.026183e-01,    1.581572e+00,   -3.672178e-01,   -2.333412e+00,   -8.005308e-01,    1.336615e+00,    4.145300e-03,   -1.080000e-03,    1.823000e-02,   -1.873900e-02,   -6.326300e-02,    3.850800e-02,   -4.272600e-03,    9.348000e-03,    1.587400e-03,    1.587400e-03,    2.200100e-03,    2.200100e-03,    2.200100e-03,    2.200100e-03,    4.138500e-03,    4.138500e-03,
        33,    2.511800e+00,    4.777281e-03,   -3.234376e-03,    2.492822e-02,   -3.026894e-02,   -7.284361e-02,    5.483342e-02,   -2.471135e-03,    5.266062e-03,   -2.356221e-01,    1.698201e+00,   -6.598161e-01,    1.123441e+00,   -1.871304e+00,   -9.885441e-01,   -1.012002e+00,    1.258726e+00,    4.338600e-03,   -7.266600e-05,    2.302300e-02,   -2.702500e-02,   -7.824700e-02,    5.197900e-02,   -8.117500e-03,    1.228900e-02,    1.861800e-03,    1.861800e-03,    2.887500e-03,    2.887500e-03,    2.887500e-03,    2.887500e-03,    5.579400e-03,    5.579400e-03,
        34,    1.000000e+00,   -1.051663e-02,    3.866962e-03,    1.658356e-02,   -1.140359e-02,   -1.811716e-02,    1.108821e-02,    3.019691e-03,   -5.428603e-04,   -8.521254e-01,    4.752943e-03,   -1.612009e+00,    1.147191e+00,    1.276251e+00,    3.990747e-01,   -1.356028e+00,   -1.628234e+00,   -1.237000e-02,    3.877300e-03,    1.340000e-02,   -9.138000e-03,   -1.556900e-02,    1.188500e-02,    1.514500e-03,   -2.350200e-03,    2.175000e-03,    2.175000e-03,    1.974900e-03,    1.974900e-03,    1.996600e-03,    1.996600e-03,    1.110000e-03,    1.110000e-03,
        34,    1.584800e+00,   -1.198493e-02,    3.534112e-03,    1.990595e-02,   -1.479007e-02,   -2.092047e-02,    1.325255e-02,    3.146175e-03,   -4.594771e-04,   -2.899669e-01,    1.615865e-01,   -2.447783e+00,    1.749956e+00,    6.054807e-01,    4.880224e-01,   -2.311534e+00,   -1.847676e+00,   -1.268100e-02,    3.922000e-03,    1.542700e-02,   -1.158800e-02,   -1.961100e-02,    1.430800e-02,    3.194000e-04,   -2.719000e-03,    2.400500e-03,    2.400500e-03,    1.829800e-03,    1.829800e-03,    2.162700e-03,    2.162700e-03,    1.222900e-03,    1.222900e-03,
        34,    2.511800e+00,   -1.334822e-02,    2.749432e-03,    2.467847e-02,   -1.848582e-02,   -2.446217e-02,    1.615671e-02,    3.169859e-03,   -3.853906e-04,    2.954794e-01,    7.459372e-01,   -1.936917e+00,    1.176376e+00,   -1.179146e-01,    2.564867e-01,   -2.740931e+00,   -1.936254e+00,   -1.253500e-02,    4.802400e-03,    1.973100e-02,   -1.548100e-02,   -2.471700e-02,    1.671100e-02,   -1.043500e-03,   -3.361800e-03,    2.752200e-03,    2.752200e-03,    2.554300e-03,    2.554300e-03,    2.161100e-03,    2.161100e-03,    1.537200e-03,    1.537200e-03,
        34,    3.981000e+00,   -1.427838e-02,    1.554606e-03,    3.087270e-02,   -2.202159e-02,   -2.903895e-02,    1.968020e-02,    3.051984e-03,   -5.021307e-04,    6.175452e-01,    1.283946e+00,   -1.245921e+00,    5.297069e-01,   -7.508772e-01,   -2.712846e-01,   -2.898110e+00,   -2.022848e+00,   -1.229100e-02,    5.686600e-03,    2.715500e-02,   -2.044100e-02,   -3.066700e-02,    1.909200e-02,   -3.336900e-03,   -4.961500e-03,    3.218200e-03,    3.218200e-03,    2.983900e-03,    2.983900e-03,    2.168200e-03,    2.168200e-03,    2.204500e-03,    2.204500e-03,
        35,    1.584800e+00,   -2.953988e-03,    4.396069e-06,    2.131776e-02,   -1.069998e-02,   -9.940413e-03,    1.295082e-02,    1.067698e-02,    1.765410e-04,    8.944907e-02,   -1.722419e+00,   -8.779703e-01,   -8.310865e-01,   -1.977740e+00,   -2.039637e+00,    4.794296e-02,   -1.390555e-01,   -2.829600e-03,   -2.390800e-03,    1.973100e-02,   -1.220200e-02,   -1.253600e-02,    1.027400e-02,    1.077200e-02,   -9.906700e-05,    1.390600e-03,    1.390600e-03,    1.807300e-03,    1.807300e-03,    1.312400e-03,    1.312400e-03,    1.982000e-03,    1.982000e-03,
        35,    2.511800e+00,   -2.946902e-03,   -6.656554e-04,    2.394884e-02,   -1.342149e-02,   -1.336538e-02,    1.683651e-02,    1.066724e-02,    1.263939e-03,    2.261286e-01,   -7.028136e-01,   -5.909516e-01,   -7.069991e-01,   -4.344975e-01,   -1.037107e+00,   -7.701868e-02,   -2.534292e-01,   -2.635500e-03,   -1.633500e-03,    2.282000e-02,   -1.477200e-02,   -1.388300e-02,    1.560100e-02,    1.049600e-02,    7.004900e-04,    1.377100e-03,    1.377100e-03,    1.910200e-03,    1.910200e-03,    1.191300e-03,    1.191300e-03,    2.223300e-03,    2.223300e-03,
        35,    3.981000e+00,   -2.742312e-03,   -1.331247e-03,    2.682559e-02,   -1.692380e-02,   -1.790323e-02,    2.150635e-02,    9.969368e-03,    2.492687e-03,    2.515700e-02,    1.189931e+00,    1.662368e-01,    2.469033e-01,   -2.028317e-01,    2.333618e-01,   -9.973357e-03,    1.459039e-01,   -2.707200e-03,    3.295400e-04,    2.722000e-02,   -1.633800e-02,   -1.820800e-02,    2.185700e-02,    9.943700e-03,    2.868200e-03,    1.395700e-03,    1.395700e-03,    2.372600e-03,    2.372600e-03,    1.502600e-03,    1.502600e-03,    2.573700e-03,    2.573700e-03,
        36,    3.981000e-01,    4.996215e-03,   -3.312489e-03,    1.524601e-02,   -8.865373e-03,   -7.977294e-02,    5.421883e-02,   -1.181271e-03,    1.358223e-03,   -1.768599e-01,    1.125475e+00,   -3.091638e-01,   -4.109586e-02,    4.597070e+00,   -1.682473e+00,   -4.466467e-01,   -5.277040e-01,    4.749000e-03,   -1.739300e-03,    1.465600e-02,   -8.943800e-03,   -6.232200e-02,    4.783200e-02,   -2.034500e-03,    3.501500e-04,    1.397800e-03,    1.397800e-03,    1.908400e-03,    1.908400e-03,    3.796100e-03,    3.796100e-03,    1.910300e-03,    1.910300e-03,
        36,    6.309500e-01,    5.988245e-03,   -3.534865e-03,    1.690959e-02,   -1.185038e-02,   -9.458991e-02,    6.135833e-02,   -1.559327e-03,    3.095960e-03,    2.251111e-01,    9.085816e-01,    3.665205e-01,   -1.700621e-01,    3.172592e+00,   -1.315360e-01,   -1.912039e-01,   -9.778659e-01,    6.393400e-03,   -1.899600e-03,    1.777300e-02,   -1.225100e-02,   -8.288400e-02,    6.087300e-02,   -1.989000e-03,    8.985000e-04,    1.799800e-03,    1.799800e-03,    2.355700e-03,    2.355700e-03,    3.689700e-03,    3.689700e-03,    2.247200e-03,    2.247200e-03,
        36,    1.000000e+00,    7.056533e-03,   -3.866258e-03,    1.919508e-02,   -1.619799e-02,   -1.106527e-01,    7.122851e-02,   -3.012477e-03,    5.049857e-03,    5.778143e-01,    6.950610e-01,    7.851190e-01,   -2.324290e-01,    6.652156e-01,    1.592853e+00,    3.861389e-01,   -1.004722e+00,    8.394000e-03,   -2.257400e-03,    2.156300e-02,   -1.689900e-02,   -1.082900e-01,    7.688600e-02,   -1.887500e-03,    2.122700e-03,    2.314700e-03,    2.314700e-03,    3.016000e-03,    3.016000e-03,    3.551800e-03,    3.551800e-03,    2.913400e-03,    2.913400e-03,
        36,    1.584800e+00,    8.438680e-03,   -4.272848e-03,    2.260598e-02,   -2.228671e-02,   -1.300356e-01,    8.499452e-02,   -5.970728e-03,    6.761071e-03,    6.809618e-01,    4.560278e-01,    7.424326e-01,   -2.153200e-01,   -1.349096e+00,    2.230342e+00,    1.015038e+00,   -5.340867e-01,    1.040700e-02,   -2.954700e-03,    2.539300e-02,   -2.309500e-02,   -1.351000e-01,    9.336700e-02,   -1.689500e-03,    4.508400e-03,    2.890500e-03,    2.890500e-03,    3.753900e-03,    3.753900e-03,    3.753900e-03,    3.753900e-03,    4.217800e-03,    4.217800e-03,
        36,    2.511800e+00,    1.034269e-02,   -4.393134e-03,    2.764784e-02,   -3.034502e-02,   -1.554385e-01,    1.019738e-01,   -1.096755e-02,    7.137304e-03,    5.148268e-01,    1.504209e-01,    2.619558e-01,   -1.955569e-01,   -1.441767e+00,    1.392263e+00,    1.634413e+00,    8.503204e-02,    1.214000e-02,   -3.868000e-03,    2.884000e-02,   -3.123500e-02,   -1.620000e-01,    1.083100e-01,   -1.430100e-03,    7.633500e-03,    3.491100e-03,    3.491100e-03,    4.551000e-03,    4.551000e-03,    4.551000e-03,    4.551000e-03,    5.835400e-03,    5.835400e-03,
        36,    3.981000e+00,    1.254953e-02,   -3.609136e-03,    3.461321e-02,   -4.068509e-02,   -1.882877e-01,    1.194368e-01,   -1.795085e-02,    3.868954e-03,    3.432382e-01,   -1.871147e-01,   -3.088243e-01,   -2.437152e-01,   -1.572131e+00,    9.755048e-01,    1.381571e+00,    6.941093e-01,    1.399000e-02,   -4.394400e-03,    3.289000e-02,   -4.204500e-02,   -1.970600e-01,    1.248800e-01,   -7.114500e-03,    9.313200e-03,    4.196700e-03,    4.196700e-03,    5.579900e-03,    5.579900e-03,    5.579900e-03,    5.579900e-03,    7.843500e-03,    7.843500e-03,
        37,    2.511800e+00,    1.887741e-02,   -1.296760e-02,    3.656583e-02,   -4.461531e-02,   -6.750962e-02,    5.987422e-02,   -1.966188e-03,    4.053768e-03,    1.038115e+00,    3.556435e-01,    9.433586e-02,   -2.836114e-01,    2.316347e-01,    2.311284e-01,    1.088684e+00,    5.388606e-01,    2.511700e-02,   -1.083000e-02,    3.690900e-02,   -4.564700e-02,   -6.666700e-02,    6.071500e-02,    1.919000e-03,    5.976800e-03,    6.010500e-03,    6.010500e-03,    3.637700e-03,    3.637700e-03,    3.637700e-03,    3.637700e-03,    3.568700e-03,    3.568700e-03,
        37,    3.981000e+00,    2.344575e-02,   -1.576865e-02,    4.641616e-02,   -6.033792e-02,   -8.266314e-02,    7.910397e-02,   -4.149372e-03,    4.685522e-03,    5.614589e-01,    6.101148e-01,   -1.902160e-01,   -5.228996e-02,   -1.274670e-01,    6.262288e-01,   -4.653161e-01,    6.405705e-01,    2.744300e-02,   -1.142500e-02,    4.552100e-02,   -6.058400e-02,   -8.326300e-02,    8.205100e-02,   -6.581300e-03,    8.033400e-03,    7.119400e-03,    7.119400e-03,    4.706000e-03,    4.706000e-03,    4.706000e-03,    4.706000e-03,    5.226400e-03,    5.226400e-03,
        39,    6.309500e-01,   -5.124514e-03,    2.289646e-03,    1.012896e-02,   -7.102633e-03,   -1.548020e-02,    1.043446e-02,    3.322264e-03,   -3.668715e-04,   -3.444415e-01,    9.503523e-01,   -5.477868e-01,    8.929324e-01,    1.145093e+00,   -4.686484e-01,   -1.284280e+00,   -5.123671e-01,   -5.573700e-03,    3.529000e-03,    9.604300e-03,   -6.247400e-03,   -1.359400e-02,    9.662500e-03,    2.131300e-03,   -8.420100e-04,    1.304100e-03,    1.304100e-03,    9.577800e-04,    9.577800e-04,    1.647200e-03,    1.647200e-03,    9.273400e-04,    9.273400e-04,
        39,    1.000000e+00,   -5.774851e-03,    2.522304e-03,    1.148593e-02,   -9.758700e-03,   -1.801711e-02,    1.256647e-02,    3.465220e-03,   -2.380578e-04,    9.663436e-01,    7.482530e-01,   -9.469614e-01,    8.068447e-02,    1.432109e+00,   -7.570013e-01,   -1.773634e+00,    2.318441e-01,   -4.472800e-03,    3.530500e-03,    1.035100e-02,   -9.662000e-03,   -1.508200e-02,    1.101500e-02,    1.886100e-03,   -3.164000e-05,    1.347400e-03,    1.347400e-03,    1.198500e-03,    1.198500e-03,    2.049500e-03,    2.049500e-03,    8.903300e-04,    8.903300e-04,
        39,    1.584800e+00,   -6.592962e-03,    2.851045e-03,    1.364938e-02,   -1.352821e-02,   -2.126839e-02,    1.561008e-02,    3.635368e-03,   -3.960179e-05,    1.551269e+00,    3.553027e-01,   -8.192774e-01,   -7.651084e-01,    6.861639e-01,    2.642885e-02,   -1.487164e-01,   -8.830469e-03,   -4.218900e-03,    3.394800e-03,    1.249100e-02,   -1.461000e-02,   -2.020600e-02,    1.565100e-02,    3.426600e-03,   -5.199800e-05,    1.530400e-03,    1.530400e-03,    1.413900e-03,    1.413900e-03,    1.548300e-03,    1.548300e-03,    1.403800e-03,    1.403800e-03,
        39,    2.511800e+00,   -7.747518e-03,    3.161478e-03,    1.708808e-02,   -1.843278e-02,   -2.579170e-02,    1.944051e-02,    3.762717e-03,    3.226818e-04,   -2.234745e-01,    8.511036e-01,    2.639393e-02,   -1.022022e+00,    8.000975e-01,    6.708050e-01,   -2.810187e-01,   -2.705193e-01,   -8.287500e-03,    5.218000e-03,    1.713400e-02,   -2.021100e-02,   -2.462700e-02,    2.041700e-02,    3.327700e-03,   -9.608200e-05,    2.416300e-03,    2.416300e-03,    1.739900e-03,    1.739900e-03,    1.455700e-03,    1.455700e-03,    1.548000e-03,    1.548000e-03,
        39,    3.981000e+00,   -9.366871e-03,    3.129214e-03,    2.214854e-02,   -2.441999e-02,   -3.186746e-02,    2.354722e-02,    3.737828e-03,    7.959020e-04,   -8.995556e-01,    6.931867e-01,    8.979145e-01,   -8.340830e-01,   -2.472997e-01,    8.980795e-01,   -4.656979e-01,    9.069939e-02,   -1.230500e-02,    5.393300e-03,    2.385700e-02,   -2.600700e-02,   -3.233800e-02,    2.525600e-02,    2.950100e-03,    9.493200e-04,    3.266200e-03,    3.266200e-03,    1.902700e-03,    1.902700e-03,    1.902700e-03,    1.902700e-03,    1.691500e-03,    1.691500e-03,
        40,    1.584800e+00,   -7.612911e-03,    4.850592e-04,    1.953377e-02,   -1.578074e-02,   -1.357257e-02,    1.098070e-02,    2.499228e-03,   -7.159602e-04,    1.798061e+00,    2.937406e+00,    1.855748e-01,    4.811702e-02,   -5.511177e-01,   -3.295413e-01,    2.345066e+00,   -1.921439e-01,   -3.839500e-03,    6.649500e-03,    2.014600e-02,   -1.562200e-02,   -1.433300e-02,    1.052600e-02,    6.224600e-03,   -1.021200e-03,    2.098600e-03,    2.098600e-03,    3.299100e-03,    3.299100e-03,    1.379800e-03,    1.379800e-03,    1.588600e-03,    1.588600e-03,
        40,    2.511800e+00,   -8.024936e-03,   -1.234290e-04,    2.417300e-02,   -2.018553e-02,   -1.646510e-02,    1.386481e-02,    2.831958e-03,   -8.111020e-04,   -1.568779e+00,    1.051323e+00,    2.775972e-01,   -7.694024e-01,   -9.517862e-01,    2.185039e-01,    1.754938e+00,    6.807609e-01,   -1.294400e-02,    3.173100e-03,    2.467900e-02,   -2.158800e-02,   -1.776400e-02,    1.416300e-02,    5.876600e-03,    3.699500e-04,    3.135600e-03,    3.135600e-03,    1.822800e-03,    1.822800e-03,    1.364700e-03,    1.364700e-03,    1.734900e-03,    1.734900e-03,
        40,    3.981000e+00,   -8.577876e-03,   -1.183654e-03,    2.993282e-02,   -2.491771e-02,   -2.025505e-02,    1.731518e-02,    3.338158e-03,   -7.612784e-04,   -2.795658e+00,   -3.406127e-01,   -7.872056e-01,   -1.879243e+00,   -4.792320e-01,    2.018429e-01,    9.492512e-01,    1.518416e+00,   -2.070600e-02,   -2.661300e-03,    2.862700e-02,   -2.803500e-02,   -2.105000e-02,    1.765000e-02,    5.084400e-03,    2.032000e-03,    4.338200e-03,    4.338200e-03,    1.658800e-03,    1.658800e-03,    1.658800e-03,    1.658800e-03,    1.839600e-03,    1.839600e-03,
        41,    3.981000e-01,    7.955279e-03,   -5.541146e-03,    7.127955e-03,   -4.169486e-03,   -1.494320e-02,    1.107837e-02,   -3.382753e-03,    2.097053e-03,    3.064847e-01,    9.984683e-01,   -6.107040e-01,   -5.210601e-02,   -1.646569e-01,   -2.138713e-01,    2.362097e-01,    8.124737e-02,    8.346200e-03,   -4.267600e-03,    6.452700e-03,   -4.227100e-03,   -1.518600e-02,    1.076300e-02,   -3.085200e-03,    2.199400e-03,    1.275500e-03,    1.275500e-03,    1.105700e-03,    1.105700e-03,    1.474600e-03,    1.474600e-03,    1.259700e-03,    1.259700e-03,
        41,    1.000000e+00,    1.123195e-02,   -7.252065e-03,    8.987638e-03,   -7.897806e-03,   -2.128507e-02,    1.517861e-02,   -4.550492e-03,    4.304202e-03,    8.823487e-01,    3.762851e-01,   -5.549974e-01,   -5.832898e-01,    3.297261e-01,   -7.311879e-01,    4.086673e-01,    5.836976e-01,    1.297600e-02,   -6.508300e-03,    8.384300e-03,   -8.531900e-03,   -2.088300e-02,    1.428700e-02,   -3.757800e-03,    5.436400e-03,    1.976600e-03,    1.976600e-03,    1.087100e-03,    1.087100e-03,    1.219400e-03,    1.219400e-03,    1.939700e-03,    1.939700e-03,
        41,    1.584800e+00,    1.348298e-02,   -8.572006e-03,    1.073045e-02,   -1.098425e-02,   -2.549951e-02,    1.840300e-02,   -5.861953e-03,    5.908346e-03,    6.557731e-01,   -1.403744e-01,   -3.644868e-01,   -6.538488e-01,    4.106166e-01,    4.770039e-01,    1.931012e-01,    4.465017e-01,    1.511100e-02,   -8.920500e-03,    1.032700e-02,   -1.170800e-02,   -2.504500e-02,    1.893100e-02,   -5.379200e-03,    7.024600e-03,    2.482600e-03,    2.482600e-03,    1.106900e-03,    1.106900e-03,    1.106900e-03,    1.106900e-03,    2.500000e-03,    2.500000e-03,
        41,    2.511800e+00,    1.660204e-02,   -9.862997e-03,    1.348055e-02,   -1.502201e-02,   -3.118373e-02,    2.221489e-02,   -8.009095e-03,    7.660290e-03,    7.543374e-01,   -3.228512e-01,    1.364975e-01,   -7.863911e-01,    1.061407e+00,    1.647733e-01,   -3.979248e-03,    2.326895e-01,    1.903900e-02,   -1.090600e-02,    1.367200e-02,   -1.612500e-02,   -2.969500e-02,    2.244600e-02,   -8.021500e-03,    8.385700e-03,    3.230600e-03,    3.230600e-03,    1.402600e-03,    1.402600e-03,    1.402600e-03,    1.402600e-03,    3.117500e-03,    3.117500e-03,
        41,    3.981000e+00,    2.052383e-02,   -1.043247e-02,    1.757481e-02,   -1.995708e-02,   -3.850945e-02,    2.587050e-02,   -1.117104e-02,    9.088695e-03,    5.270961e-01,   -3.446678e-01,    7.266569e-01,   -2.913592e-01,    9.577980e-01,    8.862354e-01,    3.876680e-02,    8.694319e-02,    2.263200e-02,   -1.181100e-02,    1.887400e-02,   -2.047800e-02,   -3.679700e-02,    2.745500e-02,   -1.102100e-02,    9.425200e-03,    3.999600e-03,    3.999600e-03,    1.787900e-03,    1.787900e-03,    1.787900e-03,    1.787900e-03,    3.870400e-03,    3.870400e-03,
        42,    3.981000e-01,   -3.623830e-03,    1.569963e-03,    8.483207e-03,   -4.848558e-03,   -1.173771e-02,    7.919738e-03,    3.744320e-03,   -3.811604e-04,    4.537495e-02,    1.168791e-01,    5.185208e-01,    9.776170e-01,   -1.900999e-01,    8.171323e-01,   -6.191431e-01,    3.376812e-01,   -3.581500e-03,    1.679000e-03,    8.860400e-03,   -4.137400e-03,   -1.185500e-02,    8.423900e-03,    3.118800e-03,   -4.000100e-05,    9.329000e-04,    9.329000e-04,    7.274400e-04,    7.274400e-04,    6.169900e-04,    6.169900e-04,    1.010300e-03,    1.010300e-03,
        42,    6.309500e-01,   -3.939867e-03,    1.768671e-03,    9.283348e-03,   -6.506146e-03,   -1.353015e-02,    9.403833e-03,    3.879200e-03,   -2.636217e-04,    1.862189e-01,    3.725299e-01,   -3.152377e-02,    7.429814e-01,   -9.145481e-01,    1.062168e+00,   -6.814532e-01,    1.631707e-01,   -3.747000e-03,    2.154500e-03,    9.261500e-03,   -5.991200e-03,   -1.416400e-02,    1.014000e-02,    3.124900e-03,   -8.300800e-05,    1.035700e-03,    1.035700e-03,    6.930800e-04,    6.930800e-04,    6.930800e-04,    6.930800e-04,    1.106900e-03,    1.106900e-03,
        42,    1.000000e+00,   -4.285174e-03,    2.189673e-03,    1.038241e-02,   -9.069836e-03,   -1.554056e-02,    1.172663e-02,    4.051383e-03,   -1.156014e-04,    1.166845e-01,    4.477600e-01,   -1.942586e-01,    1.809659e-01,   -1.003230e+00,   -6.615328e-02,   -4.130302e-01,   -3.080014e-01,   -4.141500e-03,    2.741000e-03,    1.022200e-02,   -8.920400e-03,   -1.636900e-02,    1.167200e-02,    3.527000e-03,   -5.066400e-04,    1.231300e-03,    1.231300e-03,    8.257700e-04,    8.257700e-04,    8.257700e-04,    8.257700e-04,    1.269600e-03,    1.269600e-03,
        42,    1.584800e+00,   -4.847031e-03,    2.928499e-03,    1.218683e-02,   -1.285387e-02,   -1.822675e-02,    1.522067e-02,    4.257477e-03,    2.433233e-04,   -2.547947e-01,    3.310904e-01,    1.047033e-01,   -5.209392e-01,   -1.205328e+00,   -6.041349e-01,   -1.560106e-01,   -7.743903e-01,   -5.255900e-03,    3.459800e-03,    1.229700e-02,   -1.340200e-02,   -1.949500e-02,    1.458500e-02,    4.022900e-03,   -9.210500e-04,    1.604700e-03,    1.604700e-03,    1.052200e-03,    1.052200e-03,    1.052200e-03,    1.052200e-03,    1.503600e-03,    1.503600e-03,
        42,    2.511800e+00,   -5.991820e-03,    3.939916e-03,    1.527539e-02,   -1.802434e-02,   -2.224377e-02,    1.994107e-02,    4.159759e-03,    9.719409e-04,   -5.687875e-01,    4.078356e-02,    5.464001e-01,   -7.979235e-01,   -1.302019e+00,   -5.235235e-02,    1.297518e-01,   -1.054683e+00,   -7.217500e-03,    4.027800e-03,    1.603800e-02,   -1.913800e-02,   -2.406100e-02,    1.986800e-02,    4.389900e-03,   -8.987500e-04,    2.154900e-03,    2.154900e-03,    1.395700e-03,    1.395700e-03,    1.395700e-03,    1.395700e-03,    1.773700e-03,    1.773700e-03,
        42,    3.981000e+00,   -8.208453e-03,    4.757151e-03,    2.032536e-02,   -2.451935e-02,   -2.817294e-02,    2.554847e-02,    3.217752e-03,    1.576688e-03,   -6.112713e-01,   -3.828884e-01,    8.994539e-01,   -4.216247e-01,   -1.321505e+00,   -2.221518e-01,    7.044969e-01,   -1.121942e+00,   -9.935600e-03,    3.675300e-03,    2.196300e-02,   -2.528700e-02,   -3.057900e-02,    2.514400e-02,    4.661900e-03,   -7.231800e-04,    2.825500e-03,    2.825500e-03,    1.820700e-03,    1.820700e-03,    1.820700e-03,    1.820700e-03,    2.049900e-03,    2.049900e-03,
        44,    6.309500e-01,   -1.085317e-02,    3.607832e-03,    1.371381e-02,   -9.091339e-03,   -2.317630e-02,    1.418137e-02,    3.595565e-03,   -3.477209e-04,   -7.494006e-01,    2.069013e-01,   -1.718394e+00,    4.975245e-01,    1.237807e-01,   -6.896930e-01,    1.192787e+00,   -5.637185e-02,   -1.238300e-02,    4.030200e-03,    1.145000e-02,   -8.435900e-03,   -2.286000e-02,    1.241900e-02,    5.795900e-03,   -4.517100e-04,    2.041400e-03,    2.041400e-03,    1.317400e-03,    1.317400e-03,    2.555300e-03,    2.555300e-03,    1.844700e-03,    1.844700e-03,
        44,    1.000000e+00,   -1.222404e-02,    3.094081e-03,    1.556192e-02,   -1.230087e-02,   -2.705571e-02,    1.609147e-02,    3.720889e-03,   -3.392885e-05,   -1.038414e+00,    6.931071e-01,   -2.454828e+00,    7.379185e-01,   -2.156685e-01,   -4.771020e-01,    2.999780e-01,    5.090242e-01,   -1.473700e-02,    4.771400e-03,    1.239200e-02,   -1.134800e-02,   -2.751700e-02,    1.507100e-02,    4.245400e-03,    8.561000e-04,    2.420000e-03,    2.420000e-03,    1.291300e-03,    1.291300e-03,    2.138900e-03,    2.138900e-03,    1.748500e-03,    1.748500e-03,
        44,    1.584800e+00,   -1.359777e-02,    2.173369e-03,    1.847028e-02,   -1.681004e-02,   -3.153143e-02,    1.857946e-02,    3.737505e-03,    3.533017e-04,   -1.087928e+00,    6.635643e-01,   -2.505990e+00,    3.775035e-01,   -3.105638e-01,   -4.205457e-01,   -5.260551e-01,    5.918155e-01,   -1.677800e-02,    4.113100e-03,    1.479900e-02,   -1.625700e-02,   -3.206200e-02,    1.786100e-02,    2.886400e-03,    1.310800e-03,    2.923200e-03,    2.923200e-03,    1.465000e-03,    1.465000e-03,    1.708400e-03,    1.708400e-03,    1.617900e-03,    1.617900e-03,
        44,    2.511800e+00,   -1.477878e-02,    5.481949e-04,    2.305999e-02,   -2.249974e-02,   -3.683377e-02,    2.149367e-02,    3.557002e-03,    8.019778e-04,   -1.119880e+00,    4.992877e-01,   -2.044854e+00,   -1.975858e-01,   -1.539428e-01,   -2.638126e-01,   -8.882463e-01,    2.041280e-01,   -1.878000e-02,    2.332100e-03,    1.940400e-02,   -2.285300e-02,   -3.710900e-02,    2.102200e-02,    2.192300e-03,    1.115600e-03,    3.572900e-03,    3.572900e-03,    1.787900e-03,    1.787900e-03,    1.787900e-03,    1.787900e-03,    1.536400e-03,    1.536400e-03,
        44,    3.981000e+00,   -1.526576e-02,   -1.951644e-03,    2.964295e-02,   -2.897786e-02,   -4.276355e-02,    2.465337e-02,    3.149881e-03,    1.142411e-03,   -1.156307e+00,    2.731131e-01,   -1.457473e+00,   -5.408695e-01,   -2.455747e-01,    9.726735e-02,   -4.486074e-01,    1.682964e-01,   -2.020400e-02,   -7.852600e-04,    2.638200e-02,   -3.018800e-02,   -4.331300e-02,    2.487100e-02,    2.359300e-03,    1.439000e-03,    4.270700e-03,    4.270700e-03,    2.237400e-03,    2.237400e-03,    2.237400e-03,    2.237400e-03,    1.762300e-03,    1.762300e-03,
        45,    1.000000e+00,   -2.749949e-04,    5.956102e-04,    1.171142e-02,   -7.589948e-03,   -8.600892e-03,    1.030549e-02,    2.668672e-03,   -3.341328e-04,   -4.934100e-01,   -1.022873e+00,    3.566780e-01,    3.426681e-01,    9.100798e-02,   -3.938475e-01,    2.039739e-01,    8.271795e-01,   -4.730300e-04,    1.850700e-04,    1.211700e-02,   -7.200300e-03,   -8.482400e-03,    9.792700e-03,    2.855800e-03,    4.247300e-04,    4.013600e-04,    4.013600e-04,    1.137100e-03,    1.137100e-03,    1.302000e-03,    1.302000e-03,    9.174100e-04,    9.174100e-04,
        45,    1.584800e+00,   -3.626007e-04,    8.150344e-04,    1.327132e-02,   -1.021657e-02,   -1.088625e-02,    1.366293e-02,    2.628201e-03,   -3.725374e-04,   -4.275094e-01,   -4.648029e-01,    3.858539e-01,    1.697000e-01,    5.133214e-01,   -2.505056e-01,    2.078534e-01,    1.053615e-01,   -6.021300e-04,    5.546100e-04,    1.381900e-02,   -9.975700e-03,   -1.037000e-02,    1.341100e-02,    2.845200e-03,   -2.625400e-04,    5.602900e-04,    5.602900e-04,    1.419400e-03,    1.419400e-03,    1.005700e-03,    1.005700e-03,    1.044000e-03,    1.044000e-03,
        45,    2.511800e+00,   -4.586864e-04,    1.194799e-03,    1.536915e-02,   -1.375951e-02,   -1.404517e-02,    1.813552e-02,    2.462719e-03,   -5.525763e-04,   -1.711900e-01,    1.464255e-01,    5.283006e-01,    5.720040e-02,    3.893369e-02,    4.243513e-01,    4.034743e-02,   -8.181060e-01,   -6.006200e-04,    1.316200e-03,    1.608500e-02,   -1.368200e-02,   -1.400200e-02,    1.860600e-02,    2.513000e-03,   -1.572100e-03,    8.291000e-04,    8.291000e-04,    1.355000e-03,    1.355000e-03,    1.108700e-03,    1.108700e-03,    1.246200e-03,    1.246200e-03,
        45,    3.981000e+00,   -6.982553e-04,    1.807067e-03,    1.804461e-02,   -1.859899e-02,   -1.824689e-02,    2.394999e-02,    2.169486e-03,   -1.096560e-03,   -3.129912e-01,    4.020707e-01,    3.490904e-01,    1.359389e-01,    8.722738e-01,    1.226507e+00,    1.375294e-01,   -3.254321e-01,   -1.081200e-03,    2.299000e-03,    1.868400e-02,   -1.835000e-02,   -1.700800e-02,    2.569200e-02,    2.362000e-03,   -1.552100e-03,    1.223500e-03,    1.223500e-03,    1.831600e-03,    1.831600e-03,    1.420300e-03,    1.420300e-03,    1.399800e-03,    1.399800e-03,
        46,    3.981000e-01,   -1.318040e-02,    7.364768e-03,    1.279309e-02,   -6.835406e-03,   -1.558603e-02,    1.040369e-02,    5.257305e-03,   -1.907211e-03,   -3.981154e-01,    6.790107e-01,    4.827710e-01,    5.745500e-01,    7.091015e-01,   -5.540096e-01,    1.096613e+00,    5.851107e-01,   -1.413500e-02,    8.992900e-03,    1.446000e-02,   -4.851600e-03,   -1.308900e-02,    8.452800e-03,    6.981400e-03,   -9.873000e-04,    2.397800e-03,    2.397800e-03,    3.452800e-03,    3.452800e-03,    3.521400e-03,    3.521400e-03,    1.572200e-03,    1.572200e-03,
        46,    6.309500e-01,   -1.528807e-02,    8.026597e-03,    1.411986e-02,   -8.875953e-03,   -1.835087e-02,    1.189466e-02,    5.685438e-03,   -2.195284e-03,   -6.462721e-02,    7.024449e-01,    2.518211e-01,    6.505918e-01,    9.440218e-01,   -4.752279e-01,   -1.322873e-01,    1.767578e-01,   -1.545600e-02,    9.851900e-03,    1.536600e-02,   -5.656500e-03,   -1.637900e-02,    1.090200e-02,    5.473500e-03,   -1.912100e-03,    2.598500e-03,    2.598500e-03,    4.948500e-03,    4.948500e-03,    2.088800e-03,    2.088800e-03,    1.602100e-03,    1.602100e-03,
        46,    1.000000e+00,   -1.759028e-02,    8.933493e-03,    1.591253e-02,   -1.197593e-02,   -2.140952e-02,    1.399447e-02,    6.163929e-03,   -2.704440e-03,   -6.290107e-01,    6.913402e-01,    3.187637e-01,    8.161300e-01,    1.077669e+00,   -2.814674e-01,   -6.262741e-01,    1.615444e-01,   -1.955600e-02,    1.109400e-02,    1.706100e-02,   -9.035500e-03,   -1.909900e-02,    1.339100e-02,    5.086800e-03,   -2.426600e-03,    3.125100e-03,    3.125100e-03,    3.602900e-03,    3.602900e-03,    2.144000e-03,    2.144000e-03,    1.719900e-03,    1.719900e-03,
        46,    1.584800e+00,   -2.039890e-02,    1.009820e-02,    1.874340e-02,   -1.635841e-02,   -2.518860e-02,    1.690534e-02,    6.837657e-03,   -3.459379e-03,   -9.995110e-01,    8.223244e-01,    1.799569e-01,    8.782303e-01,    7.279592e-01,   -1.062427e-01,    9.465623e-02,    1.590023e-01,   -2.427600e-02,    1.328800e-02,    1.904900e-02,   -1.486700e-02,   -2.348700e-02,    1.665700e-02,    7.049100e-03,   -3.104200e-03,    3.879000e-03,    3.879000e-03,    1.698200e-03,    1.698200e-03,    2.337500e-03,    2.337500e-03,    2.233800e-03,    2.233800e-03,
        46,    2.511800e+00,   -2.405165e-02,    1.118267e-02,    2.322530e-02,   -2.191604e-02,   -3.019716e-02,    2.045998e-02,    7.807997e-03,   -4.419326e-03,   -9.455360e-01,    9.109203e-01,    5.475855e-01,    4.609036e-01,    1.366146e-01,   -1.672411e-01,    5.224237e-01,    5.960644e-02,   -2.864100e-02,    1.560400e-02,    2.419600e-02,   -2.109900e-02,   -2.990800e-02,    2.010600e-02,    9.313100e-03,   -4.247600e-03,    4.853700e-03,    4.853700e-03,    1.772700e-03,    1.772700e-03,    2.116600e-03,    2.116600e-03,    2.881000e-03,    2.881000e-03,
        46,    3.981000e+00,   -2.859209e-02,    1.147497e-02,    2.974666e-02,   -2.835342e-02,   -3.662085e-02,    2.412434e-02,    9.176635e-03,   -5.595037e-03,   -9.189557e-01,    8.520344e-01,    5.997520e-01,   -8.504104e-03,   -1.000618e+00,   -2.674583e-01,    1.531102e-01,    1.214331e-01,   -3.409700e-02,    1.657900e-02,    3.105700e-02,   -2.837200e-02,   -3.880700e-02,    2.354000e-02,    9.689600e-03,   -5.188200e-03,    5.990400e-03,    5.990400e-03,    2.184800e-03,    2.184800e-03,    2.184800e-03,    2.184800e-03,    3.350300e-03,    3.350300e-03,
        47,    6.309500e-01,    5.989511e-03,   -3.629390e-03,    1.489352e-02,   -1.087985e-02,   -2.321496e-02,    1.649335e-02,   -6.185448e-04,    1.998965e-03,    3.492322e+00,    3.880368e-01,   -3.950446e+00,   -1.357647e+00,   -7.145757e-01,   -1.431161e+00,   -1.179400e+00,    1.376696e+00,    1.388600e-02,   -2.752000e-03,    9.984300e-03,   -1.256700e-02,   -2.473100e-02,    1.345700e-02,   -2.781800e-03,    4.524100e-03,    2.261100e-03,    2.261100e-03,    1.242700e-03,    1.242700e-03,    2.121600e-03,    2.121600e-03,    1.834200e-03,    1.834200e-03,
        47,    1.000000e+00,    7.163451e-03,   -3.970290e-03,    1.692459e-02,   -1.495144e-02,   -2.715966e-02,    1.994718e-02,   -1.170983e-03,    2.929684e-03,    1.750948e+00,    8.065946e-01,   -1.833309e+00,   -7.842191e-01,   -1.077677e+00,   -6.138257e-01,   -2.831197e-01,    5.958122e-01,    1.127100e-02,   -2.078100e-03,    1.377900e-02,   -1.629700e-02,   -2.925800e-02,    1.875200e-02,   -1.694500e-03,    4.031400e-03,    2.345900e-03,    2.345900e-03,    1.715800e-03,    1.715800e-03,    1.947100e-03,    1.947100e-03,    1.849100e-03,    1.849100e-03,
        47,    1.584800e+00,    8.708258e-03,   -4.319242e-03,    2.007712e-02,   -2.080193e-02,   -3.220381e-02,    2.497058e-02,   -2.171995e-03,    4.079988e-03,    9.416618e-01,    1.307016e-01,   -1.343072e+00,    9.701725e-01,   -7.276866e-01,   -5.069816e-03,   -1.933209e-01,    7.774009e-02,    1.117400e-02,   -3.977000e-03,    1.742200e-02,   -1.888400e-02,   -3.343600e-02,    2.496200e-02,   -2.589800e-03,    4.248000e-03,    2.618500e-03,    2.618500e-03,    1.976900e-03,    1.976900e-03,    1.693300e-03,    1.693300e-03,    2.161200e-03,    2.161200e-03,
        47,    2.511800e+00,    1.085688e-02,   -4.271610e-03,    2.514034e-02,   -2.863135e-02,   -3.936209e-02,    3.147608e-02,   -3.951140e-03,    5.272162e-03,    7.934322e-01,    8.078300e-01,   -1.379221e-01,    5.358227e-01,   -2.418335e-01,   -6.973758e-02,   -8.006397e-02,    1.000137e-01,    1.352900e-02,   -1.551000e-03,    2.483600e-02,   -2.744900e-02,   -3.988600e-02,    3.132500e-02,   -4.176600e-03,    5.553800e-03,    3.367800e-03,    3.367800e-03,    2.206600e-03,    2.206600e-03,    2.166400e-03,    2.166400e-03,    2.816000e-03,    2.816000e-03,
        47,    3.981000e+00,    1.346898e-02,   -3.084249e-03,    3.284372e-02,   -3.836046e-02,   -4.937551e-02,    3.866640e-02,   -6.735246e-03,    5.865732e-03,    7.073689e-01,    3.709323e-01,    8.467119e-03,   -3.942733e-01,   -4.838850e-01,    1.145991e-01,   -2.419064e-01,   -8.160651e-02,    1.657100e-02,   -1.457600e-03,    3.286800e-02,   -3.949100e-02,   -5.076300e-02,    3.899500e-02,   -7.627300e-03,    5.564800e-03,    4.385300e-03,    4.385300e-03,    2.867400e-03,    2.867400e-03,    2.867400e-03,    2.867400e-03,    3.687600e-03,    3.687600e-03,
        48,    3.981000e-01,    9.985261e-04,    4.089117e-05,    1.435052e-02,   -7.133637e-03,   -1.027087e-02,    9.078956e-03,    4.100173e-03,   -1.459175e-04,   -9.780198e-02,   -1.937035e+00,    1.291056e+00,    8.803351e-01,   -2.760148e-01,   -1.126671e+00,    4.630606e-01,    7.800594e-01,    9.144800e-04,   -1.623700e-03,    1.672800e-02,   -5.512500e-03,   -1.072400e-02,    7.229300e-03,    4.642000e-03,    7.668300e-04,    8.593500e-04,    8.593500e-04,    1.841500e-03,    1.841500e-03,    1.641700e-03,    1.641700e-03,    1.170100e-03,    1.170100e-03,
        48,    6.309500e-01,    8.119143e-04,    2.284606e-04,    1.588890e-02,   -9.142569e-03,   -1.242451e-02,    1.120788e-02,    4.290563e-03,    2.821935e-04,    2.801744e-01,   -2.279766e+00,    1.461137e+00,    9.361087e-01,   -4.491567e-01,   -7.076837e-01,    2.502925e-01,    4.762551e-01,    1.103800e-03,   -2.146600e-03,    1.854700e-02,   -7.439600e-03,   -1.335000e-02,    9.749700e-03,    4.621900e-03,    9.126600e-04,    1.041800e-03,    1.041800e-03,    1.819200e-03,    1.819200e-03,    2.060500e-03,    2.060500e-03,    1.323800e-03,    1.323800e-03,
        48,    1.000000e+00,    4.863675e-04,    1.926644e-04,    1.788408e-02,   -1.201051e-02,   -1.500791e-02,    1.421809e-02,    4.395798e-03,    9.226018e-04,    7.591081e-01,   -2.170894e+00,    1.200876e+00,    4.859083e-01,   -2.520656e-01,   -6.754124e-01,    1.732245e-01,    3.481932e-01,    1.401700e-03,   -2.425000e-03,    2.024800e-02,   -1.105400e-02,   -1.548900e-02,    1.292900e-02,    4.653400e-03,    1.440400e-03,    1.205800e-03,    1.205800e-03,    1.968500e-03,    1.968500e-03,    1.908600e-03,    1.908600e-03,    1.487100e-03,    1.487100e-03,
        48,    1.584800e+00,    1.961910e-04,   -1.710365e-04,    2.069386e-02,   -1.595614e-02,   -1.847522e-02,    1.841487e-02,    4.298375e-03,    1.888132e-03,    1.390039e+00,   -1.159419e+00,    4.135166e-01,   -3.137474e-01,    2.728779e-01,   -7.683696e-01,    1.296005e-02,    2.290736e-01,    1.919700e-03,   -1.608600e-03,    2.161100e-02,   -1.665200e-02,   -1.811800e-02,    1.740900e-02,    4.319900e-03,    2.268600e-03,    1.239900e-03,    1.239900e-03,    2.217900e-03,    2.217900e-03,    1.309100e-03,    1.309100e-03,    1.660900e-03,    1.660900e-03,
        48,    2.511800e+00,    2.113170e-04,   -8.595716e-04,    2.470509e-02,   -2.109677e-02,   -2.340588e-02,    2.379679e-02,    3.732567e-03,    3.166781e-03,    1.453612e+00,   -3.055479e-01,    5.717179e-02,   -1.722686e-01,    3.960752e-01,   -7.483599e-02,   -1.248835e-01,    8.897540e-02,    2.204800e-03,   -1.278600e-03,    2.481800e-02,   -2.143700e-02,   -2.275600e-02,    2.367400e-02,    3.496600e-03,    3.334900e-03,    1.371400e-03,    1.371400e-03,    1.975000e-03,    1.975000e-03,    1.640800e-03,    1.640800e-03,    1.889500e-03,    1.889500e-03,
        48,    3.981000e+00,    8.524198e-04,   -1.593878e-03,    3.032462e-02,   -2.755074e-02,   -3.009120e-02,    3.010684e-02,    2.534944e-03,    4.452611e-03,    9.509928e-01,    5.309427e-01,    3.214629e-01,    4.772503e-01,    2.806805e-01,    3.941416e-01,    5.325400e-02,    5.149422e-02,    2.265500e-03,   -8.049500e-04,    3.099600e-02,   -2.655400e-02,   -2.950500e-02,    3.093000e-02,    2.655000e-03,    4.568700e-03,    1.485900e-03,    1.485900e-03,    2.088500e-03,    2.088500e-03,    2.088500e-03,    2.088500e-03,    2.254400e-03,    2.254400e-03,
VTF,
     StaID,        Freq[Hz],     Re(Tzx)_Cal,     Im(Tzx)_Cal,     Re(Tzy)_Cal,     Im(Tzy)_Cal,     Re(Tzx)_Res,     Im(Tzx)_Res,     Re(Tzy)_Res,     Im(Tzy)_Res,     Re(Tzx)_Obs,     Im(Tzx)_Obs,     Re(Tzy)_Obs,     Im(Tzy)_Obs,      Re(Tzx)_SD,      Im(Tzx)_SD,      Re(Tzy)_SD,      Im(Tzy)_SD,
      1001,    1.000000e+00,    1.604214e-01,   -2.631036e-02,    7.032947e-02,    1.049656e-02,    3.332860e-01,    1.879679e+00,    4.673511e-01,    2.633881e+00,    1.704200e-01,    3.008000e-02,    8.435000e-02,    8.951300e-02,    3.000000e-02,    3.000000e-02,    3.000000e-02,    3.000000e-02,
      1001,    1.584800e+00,    1.673521e-01,   -4.074260e-04,    6.642544e-02,    5.407557e-03,   -9.564042e-01,    1.826681e+00,   -2.306981e+00,    9.301814e-01,    1.386600e-01,    5.439300e-02,   -2.784000e-03,    3.331300e-02,    3.000000e-02,    3.000000e-02,    3.000000e-02,    3.000000e-02,
      1001,    2.511800e+00,    1.631589e-01,    2.877469e-02,    6.317044e-02,   -1.261052e-03,    4.140376e-01,    1.368010e+00,   -1.382748e+00,    1.693140e-02,    1.755800e-01,    6.981500e-02,    2.168800e-02,   -7.531100e-04,    3.000000e-02,    3.000000e-02,    3.000000e-02,    3.000000e-02,
      1001,    3.981000e+00,    1.438040e-01,    5.673758e-02,    6.183879e-02,   -1.239591e-02,    3.498675e-01,    7.450473e-01,   -5.638598e-01,   -3.685365e-01,    1.543000e-01,    7.908900e-02,    4.492300e-02,   -2.345200e-02,    3.000000e-02,    3.000000e-02,    3.000000e-02,    3.000000e-02,
      1002,    6.309500e-01,    1.707534e-01,   -6.565155e-02,    1.157700e-03,    5.220988e-02,    8.428869e-01,   -5.928815e-01,   -1.489223e+00,    2.737042e-01,    1.960400e-01,   -8.343800e-02,   -4.351900e-02,    6.042100e-02,    3.000000e-02,    3.000000e-02,    3.000000e-02,    3.000000e-02,
      1002,    1.000000e+00,    1.913571e-01,   -4.045356e-02,   -1.540294e-02,    5.655959e-02,    6.594316e-01,   -6.014720e-03,   -1.093802e+00,    3.250805e-01,    2.111400e-01,   -4.063400e-02,   -4.821700e-02,    6.631200e-02,    3.000000e-02,    3.000000e-02,    3.000000e-02,    3.000000e-02,
      1002,    1.584800e+00,    2.022537e-01,   -1.023371e-02,   -3.501958e-02,    6.054550e-02,    4.785422e-01,    2.124602e-01,   -1.076814e+00,   -1.302499e-01,    2.166100e-01,   -3.859900e-03,   -6.732400e-02,    5.663800e-02,    3.000000e-02,    3.000000e-02,    3.000000e-02,    3.000000e-02,
      1002,    2.511800e+00,    1.991202e-01,    2.342253e-02,   -5.879502e-02,    6.085359e-02,    4.309929e-01,    1.299157e-01,   -7.217661e-01,   -5.590530e-01,    2.120500e-01,    2.732000e-02,   -8.044800e-02,    4.408200e-02,    3.000000e-02,    3.000000e-02,    3.000000e-02,    3.000000e-02,
      1002,    3.981000e+00,    1.776960e-01,    5.374736e-02,   -8.281528e-02,    5.201127e-02,    3.358009e-01,   -4.687851e-02,   -2.023575e-01,   -5.528756e-01,    1.877700e-01,    5.234100e-02,   -8.888600e-02,    3.542500e-02,    3.000000e-02,    3.000000e-02,    3.000000e-02,    3.000000e-02,
      1004,    3.981000e-01,   -6.247618e-03,   -7.443630e-02,    3.614592e-01,   -5.963802e-02,    1.733487e+00,    9.079434e-01,    2.283028e+00,    1.632434e+00,    4.575700e-02,   -4.719800e-02,    4.299500e-01,   -1.066500e-02,    3.000000e-02,    3.000000e-02,    3.000000e-02,    3.000000e-02,
      1004,    6.309500e-01,    1.932571e-02,   -5.957452e-02,    3.823506e-01,   -6.379313e-02,    1.303810e+00,   -2.356183e+00,   -2.610191e-01,    1.501904e+00,    5.844000e-02,   -1.302600e-01,    3.745200e-01,   -1.873600e-02,    3.000000e-02,    3.000000e-02,    3.000000e-02,    3.000000e-02,
      1004,    1.000000e+00,    3.887054e-02,   -3.961751e-02,    4.076706e-01,   -6.502497e-02,   -3.739585e+00,   -1.822497e-01,    4.846454e-01,    1.307632e+00,   -7.331700e-02,   -4.508500e-02,    4.222100e-01,   -2.579600e-02,    3.000000e-02,    3.000000e-02,    3.000000e-02,    3.000000e-02,
      1004,    2.511800e+00,    4.883264e-02,    1.170384e-02,    4.656400e-01,   -3.801782e-02,   -1.121488e+00,   -1.463261e+00,    1.465666e+00,    2.269861e+00,    1.518800e-02,   -3.219400e-02,    5.096100e-01,    3.007800e-02,    3.000000e-02,    3.000000e-02,    3.000000e-02,    3.000000e-02,
      1004,    3.981000e+00,    3.464998e-02,    3.384654e-02,    4.843371e-01,   -3.211569e-03,    9.513387e-02,   -1.528085e+00,    7.710953e-01,    1.717119e+00,    3.750400e-02,   -1.199600e-02,    5.074700e-01,    4.830200e-02,    3.000000e-02,    3.000000e-02,    3.000000e-02,    3.000000e-02,
      1005,    6.309500e-01,    1.561101e-01,   -6.716757e-02,    8.954210e-02,    1.430828e-02,    6.899610e-02,    1.333852e+00,   -7.973368e-01,    5.025239e-01,    1.581800e-01,   -2.715200e-02,    6.562200e-02,    2.938400e-02,    3.000000e-02,    3.000000e-02,    3.000000e-02,    3.000000e-02,
      1005,    1.000000e+00,    1.778858e-01,   -4.421468e-02,    8.457697e-02,    1.163479e-02,   -2.698605e-01,    1.382259e+00,   -2.909991e-01,    1.933071e-01,    1.697900e-01,   -2.746900e-03,    7.584700e-02,    1.743400e-02,    3.000000e-02,    3.000000e-02,    3.000000e-02,    3.000000e-02,
      1005,    1.584800e+00,    1.917959e-01,   -1.587098e-02,    8.004651e-02,    8.328343e-03,   -6.738618e-01,    8.997326e-01,    7.182964e-03,    5.430190e-02,    1.715800e-01,    1.112100e-02,    8.026200e-02,    9.957400e-03,    3.000000e-02,    3.000000e-02,    3.000000e-02,    3.000000e-02,
      1005,    2.511800e+00,    1.940276e-01,    1.786935e-02,    7.489343e-02,    3.146667e-03,   -6.055862e-01,    2.151884e-01,    3.218858e-01,   -1.764956e-01,    1.758600e-01,    2.432500e-02,    8.455000e-02,   -2.148200e-03,    3.000000e-02,    3.000000e-02,    3.000000e-02,    3.000000e-02,
      1005,    3.981000e+00,    1.795463e-01,    5.290185e-02,    7.085758e-02,   -7.757923e-03,   -1.138750e-01,   -3.273618e-01,    5.076472e-01,   -1.920359e-01,    1.761300e-01,    4.308100e-02,    8.608700e-02,   -1.351900e-02,    3.000000e-02,    3.000000e-02,    3.000000e-02,    3.000000e-02,
      1006,    1.584800e+00,    2.755194e-02,   -4.464360e-02,    1.004884e-01,    4.203392e-02,   -2.533931e+00,   -4.038801e-01,   -2.691804e-01,    1.864692e-01,   -4.846600e-02,   -5.676000e-02,    9.241300e-02,    4.762800e-02,    3.000000e-02,    3.000000e-02,    3.000000e-02,    3.000000e-02,
      1006,    2.511800e+00,    3.739780e-02,   -3.332979e-02,    8.510932e-02,    5.489989e-02,   -1.315800e+00,    3.575263e-01,    2.879225e-01,   -6.707630e-01,   -2.076200e-03,   -2.260400e-02,    9.374700e-02,    3.477700e-02,    3.000000e-02,    3.000000e-02,    3.000000e-02,    3.000000e-02,
      1006,    3.981000e+00,    4.606875e-02,   -2.400291e-02,    6.118728e-02,    6.394522e-02,   -8.313250e-01,    3.135303e-01,    9.791240e-01,   -7.613073e-01,    2.112900e-02,   -1.459700e-02,    9.056100e-02,    4.110600e-02,    3.000000e-02,    3.000000e-02,    3.000000e-02,    3.000000e-02,
      1007,    6.309500e-01,   -1.058605e-01,   -4.642883e-02,    1.548251e-01,    4.435436e-03,    6.930510e-01,    7.789945e-01,   -1.782502e+00,   -3.881212e-01,   -8.506900e-02,   -2.305900e-02,    1.013500e-01,   -7.208200e-03,    3.000000e-02,    3.000000e-02,    3.000000e-02,    3.000000e-02,
      1007,    1.000000e+00,   -9.412623e-02,   -3.222253e-02,    1.546828e-01,    6.320793e-03,    4.764743e-01,    4.925175e-01,   -1.929428e+00,   -1.006426e+00,   -7.983200e-02,   -1.744700e-02,    9.680000e-02,   -2.387200e-02,    3.000000e-02,    3.000000e-02,    3.000000e-02,    3.000000e-02,
      1007,    1.584800e+00,   -8.997706e-02,   -1.983430e-02,    1.544020e-01,    1.045278e-02,    1.092235e+00,    1.617768e-01,   -1.756735e+00,   -1.183559e+00,   -5.721000e-02,   -1.498100e-02,    1.017000e-01,   -2.505400e-02,    3.000000e-02,    3.000000e-02,    3.000000e-02,    3.000000e-02,
      1007,    2.511800e+00,   -9.058503e-02,   -1.318357e-02,    1.514100e-01,    1.690223e-02,    1.552568e+00,    3.260657e-01,   -1.178665e+00,   -1.094674e+00,   -4.400800e-02,   -3.401600e-03,    1.160500e-01,   -1.593800e-02,    3.000000e-02,    3.000000e-02,    3.000000e-02,    3.000000e-02,
      1007,    3.981000e+00,   -9.039615e-02,   -1.237472e-02,    1.448044e-01,    2.279333e-02,    1.136405e+00,    7.535573e-01,   -5.644813e-01,   -9.130242e-01,   -5.630400e-02,    1.023200e-02,    1.278700e-01,   -4.597400e-03,    3.000000e-02,    3.000000e-02,    3.000000e-02,    3.000000e-02,
      1008,    1.000000e+00,    1.896759e-01,   -3.743674e-02,    3.598233e-02,    5.010154e-02,    7.261374e-01,    1.566395e+00,   -5.798775e-01,    7.810487e-01,    2.114600e-01,    9.555100e-03,    1.858600e-02,    7.353300e-02,    3.000000e-02,    3.000000e-02,    3.000000e-02,    3.000000e-02,
      1008,    1.584800e+00,    2.028971e-01,   -8.083782e-03,    2.018551e-02,    6.230497e-02,    1.121429e+00,    1.680626e+00,   -3.111170e-01,    3.330343e-01,    2.365400e-01,    4.233500e-02,    1.085200e-02,    7.229600e-02,    3.000000e-02,    3.000000e-02,    3.000000e-02,    3.000000e-02,
      1008,    2.511800e+00,    2.035080e-01,    2.897681e-02,   -5.281659e-03,    7.450709e-02,    1.172733e+00,    1.525006e+00,   -7.140114e-01,   -7.725697e-01,    2.386900e-01,    7.472700e-02,   -2.670200e-02,    5.133000e-02,    3.000000e-02,    3.000000e-02,    3.000000e-02,    3.000000e-02,
      1008,    3.981000e+00,    1.836494e-01,    6.857226e-02,   -4.103248e-02,    7.751674e-02,    8.100213e-01,    9.849914e-01,   -1.135817e+00,   -3.373581e-01,    2.079500e-01,    9.812200e-02,   -7.510700e-02,    6.739600e-02,    3.000000e-02,    3.000000e-02,    3.000000e-02,    3.000000e-02,
      1009,    2.511800e+00,   -8.518453e-02,    1.022264e-01,    1.903697e-01,    8.849723e-03,   -2.563516e+00,    2.565787e+00,    3.890093e-01,   -6.208841e-01,   -1.620900e-01,    1.792000e-01,    2.020400e-01,   -9.776800e-03,    3.000000e-02,    3.000000e-02,    3.000000e-02,    3.000000e-02,
      1009,    3.981000e+00,   -1.380369e-01,    1.215304e-01,    1.829128e-01,    1.530142e-02,   -2.543767e-02,    2.328653e+00,    6.442384e-01,   -5.864542e-01,   -1.388000e-01,    1.913900e-01,    2.022400e-01,   -2.292200e-03,    3.000000e-02,    3.000000e-02,    3.000000e-02,    3.000000e-02,
      1010,    3.981000e-01,    1.170252e-01,   -9.810490e-02,    1.079276e-01,    1.737192e-02,   -1.432241e+00,    1.272630e+00,    3.914745e+00,    1.335694e-01,    7.405800e-02,   -5.992600e-02,    2.253700e-01,    2.137900e-02,    3.000000e-02,    3.000000e-02,    3.000000e-02,    3.000000e-02,
      1010,    6.309500e-01,    1.499361e-01,   -8.043149e-02,    1.031360e-01,    1.868216e-02,   -1.305537e+00,    1.349616e+00,    3.932135e+00,    1.380946e-01,    1.107700e-01,   -3.994300e-02,    2.211000e-01,    2.282500e-02,    3.000000e-02,    3.000000e-02,    3.000000e-02,    3.000000e-02,
      1010,    1.000000e+00,    1.768963e-01,   -5.713848e-02,    9.830510e-02,    2.093335e-02,   -8.032112e-01,    7.922492e-01,    3.744497e+00,   -2.159118e-01,    1.528000e-01,   -3.337100e-02,    2.106400e-01,    1.445600e-02,    3.000000e-02,    3.000000e-02,    3.000000e-02,    3.000000e-02,
      1010,    1.584800e+00,    1.964257e-01,   -2.732587e-02,    9.214598e-02,    2.487845e-02,   -4.918569e-01,    4.556290e-01,    4.118134e+00,   -4.812816e-01,    1.816700e-01,   -1.365700e-02,    2.156900e-01,    1.044000e-02,    3.000000e-02,    3.000000e-02,    3.000000e-02,    3.000000e-02,
      1010,    2.511800e+00,    2.047058e-01,    9.995594e-03,    8.205218e-02,    2.906014e-02,   -6.548592e-01,   -3.137368e-01,    4.675927e+00,    4.745954e-01,    1.850600e-01,    5.834900e-04,    2.223300e-01,    4.329800e-02,    3.000000e-02,    3.000000e-02,    3.000000e-02,    3.000000e-02,
      1010,    3.981000e+00,    1.959536e-01,    5.210907e-02,    6.846288e-02,    2.839395e-02,   -1.841198e-01,   -7.522690e-01,    4.506904e+00,    2.102502e+00,    1.904300e-01,    2.954100e-02,    2.036700e-01,    9.146900e-02,    3.000000e-02,    3.000000e-02,    3.000000e-02,    3.000000e-02,
      1011,    3.981000e-01,    1.784930e-01,   -8.135440e-02,   -1.473038e-02,    5.203771e-02,    9.048999e-01,    9.977993e-02,   -1.335854e+00,   -7.069903e-01,    2.056400e-01,   -7.836100e-02,   -5.480600e-02,    3.082800e-02,    3.000000e-02,    3.000000e-02,    3.000000e-02,    3.000000e-02,
      1011,    6.309500e-01,    2.038858e-01,   -6.085607e-02,   -3.260547e-02,    5.279783e-02,   -9.825257e-01,   -1.783976e-01,   -1.875518e+00,   -2.631610e-01,    1.744100e-01,   -6.620800e-02,   -8.887100e-02,    4.490300e-02,    3.000000e-02,    3.000000e-02,    3.000000e-02,    3.000000e-02,
      1011,    1.000000e+00,    2.217212e-01,   -3.650181e-02,   -5.172873e-02,    5.132866e-02,   -1.072705e+00,    3.373603e-01,   -1.768042e+00,   -2.101222e-01,    1.895400e-01,   -2.638100e-02,   -1.047700e-01,    4.502500e-02,    3.000000e-02,    3.000000e-02,    3.000000e-02,    3.000000e-02,
      1011,    1.584800e+00,    2.300043e-01,   -8.752450e-03,   -7.218015e-02,    4.598715e-02,   -6.544758e-01,    1.687583e-01,   -1.244328e+00,   -5.637717e-01,    2.103700e-01,   -3.689700e-03,   -1.095100e-01,    2.907400e-02,    3.000000e-02,    3.000000e-02,    3.000000e-02,    3.000000e-02,
      1011,    2.511800e+00,    2.255454e-01,    1.998649e-02,   -9.298325e-02,    3.321937e-02,    6.674864e-01,    4.440502e-01,   -8.032251e-01,   -1.011946e+00,    2.455700e-01,    3.330800e-02,   -1.170800e-01,    2.861000e-03,    3.000000e-02,    3.000000e-02,    3.000000e-02,    3.000000e-02,
      1011,    3.981000e+00,    2.070398e-01,    4.279427e-02,   -1.080812e-01,    8.511058e-03,    1.045008e+00,    3.806243e-01,    2.210388e-01,   -1.492769e+00,    2.383900e-01,    5.421300e-02,   -1.014500e-01,   -3.627200e-02,    3.000000e-02,    3.000000e-02,    3.000000e-02,    3.000000e-02,
      1012,    1.000000e+00,    2.738615e-01,   -4.928318e-02,    8.318707e-02,    1.073219e-02,   -2.307170e-01,    3.902706e+00,    1.615764e+00,    5.378605e-01,    2.669400e-01,    6.779800e-02,    1.316600e-01,    2.686800e-02,    3.000000e-02,    3.000000e-02,    3.000000e-02,    3.000000e-02,
      1012,    1.584800e+00,    3.008946e-01,   -2.085950e-02,    8.870032e-02,    2.852432e-02,   -1.404851e-01,    3.743783e+00,    9.399894e-01,    8.489894e-01,    2.966800e-01,    9.145400e-02,    1.169000e-01,    5.399400e-02,    3.000000e-02,    3.000000e-02,    3.000000e-02,    3.000000e-02,
      1012,    2.511800e+00,    3.151491e-01,    3.084960e-02,    8.062202e-02,    6.002854e-02,   -9.466354e-01,    3.020013e+00,    1.312995e-01,    8.839154e-01,    2.867500e-01,    1.214500e-01,    8.456100e-02,    8.654600e-02,    3.000000e-02,    3.000000e-02,    3.000000e-02,    3.000000e-02,
      1012,    3.981000e+00,    2.910340e-01,    9.679708e-02,    4.437713e-02,    9.188029e-02,   -5.680057e-02,   -1.809694e-01,   -4.844711e-01,    3.853237e-01,    2.893300e-01,    9.136800e-02,    2.984300e-02,    1.034400e-01,    3.000000e-02,    3.000000e-02,    3.000000e-02,    3.000000e-02,
      1014,    6.309500e-01,    1.603064e-01,   -1.237490e-01,    1.360085e-01,    1.815410e-02,    2.815455e+00,   -4.963650e-01,   -1.287418e+00,    9.764966e-01,    2.447700e-01,   -1.386400e-01,    9.738600e-02,    4.744900e-02,    3.000000e-02,    3.000000e-02,    3.000000e-02,    3.000000e-02,
      1014,    1.000000e+00,    1.998883e-01,   -1.101200e-01,    1.345086e-01,    2.615789e-02,    1.733388e+00,   -8.296680e-01,   -1.097285e+00,    1.229004e+00,    2.518900e-01,   -1.350100e-01,    1.015900e-01,    6.302800e-02,    3.000000e-02,    3.000000e-02,    3.000000e-02,    3.000000e-02,
      1014,    1.584800e+00,    2.364095e-01,   -9.240901e-02,    1.307943e-01,    4.030986e-02,    6.003500e-01,   -4.990329e-01,   -1.179442e+00,    9.165380e-01,    2.544200e-01,   -1.073800e-01,    9.541100e-02,    6.780600e-02,    3.000000e-02,    3.000000e-02,    3.000000e-02,    3.000000e-02,
      1014,    2.511800e+00,    2.697957e-01,   -6.772343e-02,    1.197796e-01,    6.092094e-02,   -5.478555e-01,   -8.250189e-01,   -1.350987e+00,    9.181686e-01,    2.533600e-01,   -9.247400e-02,    7.925000e-02,    8.846600e-02,    3.000000e-02,    3.000000e-02,    3.000000e-02,    3.000000e-02,
      1014,    3.981000e+00,    2.966602e-01,   -3.201291e-02,    9.722591e-02,    8.349572e-02,   -7.973409e-01,    2.971417e-04,   -1.504364e+00,    7.231427e-01,    2.727400e-01,   -3.200400e-02,    5.209500e-02,    1.051900e-01,    3.000000e-02,    3.000000e-02,    3.000000e-02,    3.000000e-02,
      1015,    6.309500e-01,    1.084493e-01,   -5.698520e-02,    2.319271e-02,    4.349455e-02,    7.350244e-01,   -2.322827e+00,    9.506096e-01,    1.076448e+00,    1.305000e-01,   -1.266700e-01,    5.171100e-02,    7.578800e-02,    3.000000e-02,    3.000000e-02,    3.000000e-02,    3.000000e-02,
      1015,    2.511800e+00,    1.314183e-01,    3.764319e-02,   -2.854621e-02,    4.060563e-02,   -3.839419e-01,    7.263605e-01,    9.403866e-01,   -1.901878e-01,    1.199000e-01,    5.943400e-02,   -3.346100e-04,    3.490000e-02,    3.000000e-02,    3.000000e-02,    3.000000e-02,    3.000000e-02,
      1015,    3.981000e+00,    1.090698e-01,    7.299695e-02,   -4.531406e-02,    2.651862e-02,   -5.583940e-01,    1.063018e-01,    9.792355e-01,    2.389792e-01,    9.231800e-02,    7.618600e-02,   -1.593700e-02,    3.368800e-02,    3.000000e-02,    3.000000e-02,    3.000000e-02,    3.000000e-02,
      1017,    3.981000e-01,   -7.413615e-02,   -9.231258e-02,    8.142014e-02,    2.470376e-02,    5.093672e+00,   -1.253581e+00,    3.097662e+00,   -1.722921e-01,    7.867400e-02,   -1.299200e-01,    1.743500e-01,    1.953500e-02,    3.000000e-02,    3.000000e-02,    3.000000e-02,    3.000000e-02,
      1017,    6.309500e-01,   -4.677632e-02,   -8.156697e-02,    7.091761e-02,    2.193406e-02,    4.639611e+00,   -2.324434e+00,    3.708746e+00,   -1.011802e+00,    9.241200e-02,   -1.513000e-01,    1.821800e-01,   -8.420000e-03,    3.000000e-02,    3.000000e-02,    3.000000e-02,    3.000000e-02,
      1017,    1.000000e+00,   -2.678078e-02,   -7.125188e-02,    6.131377e-02,    1.557973e-02,    1.232793e+00,   -2.842271e+00,    2.849208e+00,   -7.634276e-01,    1.020300e-02,   -1.565200e-01,    1.467900e-01,   -7.323100e-03,    3.000000e-02,    3.000000e-02,    3.000000e-02,    3.000000e-02,
      1017,    1.584800e+00,   -1.241779e-02,   -6.573701e-02,    5.365620e-02,    5.702606e-03,   -4.414070e-01,   -1.934433e+00,    7.786934e-01,   -9.124535e-01,   -2.566000e-02,   -1.237700e-01,    7.701700e-02,   -2.167100e-02,    3.000000e-02,    3.000000e-02,    3.000000e-02,    3.000000e-02,
      1017,    2.511800e+00,    9.988292e-04,   -6.787441e-02,    4.839454e-02,   -8.667615e-03,   -4.156610e-01,    5.118469e-01,    8.062154e-01,   -1.761646e+00,   -1.147100e-02,   -5.251900e-02,    7.258100e-02,   -6.151700e-02,    3.000000e-02,    3.000000e-02,    3.000000e-02,    3.000000e-02,
      1017,    3.981000e+00,    2.012156e-02,   -7.610316e-02,    4.820737e-02,   -2.970119e-02,   -1.189219e+00,    7.055719e-01,    7.226878e-01,   -1.087627e+00,   -1.555500e-02,   -5.493600e-02,    6.988800e-02,   -6.233000e-02,    3.000000e-02,    3.000000e-02,    3.000000e-02,    3.000000e-02,
      1019,    3.981000e+00,    4.358776e-02,    1.012821e-01,    1.648352e-02,    5.139667e-03,    3.978741e+00,    2.791598e+00,    8.262216e+00,    3.151278e+00,    1.629500e-01,    1.850300e-01,    2.643500e-01,    9.967800e-02,    3.000000e-02,    3.000000e-02,    3.000000e-02,    3.000000e-02,
      1022,    1.584800e+00,    2.260078e-01,   -2.813090e-02,    8.626898e-02,    2.459604e-02,   -8.519257e-01,    3.799965e-01,   -7.234327e-01,   -2.140015e-01,    2.004500e-01,   -1.673100e-02,    6.456600e-02,    1.817600e-02,    3.000000e-02,    3.000000e-02,    3.000000e-02,    3.000000e-02,
      1022,    2.511800e+00,    2.341147e-01,    6.981990e-03,    7.542324e-02,    2.847331e-02,   -5.048994e-02,   -3.224497e-01,    4.847585e-01,   -2.262103e-01,    2.326000e-01,   -2.691500e-03,    8.996600e-02,    2.168700e-02,    3.000000e-02,    3.000000e-02,    3.000000e-02,    3.000000e-02,
      1022,    3.981000e+00,    2.250508e-01,    4.625180e-02,    6.018950e-02,    2.647908e-02,    1.009745e-01,    3.927318e-02,    1.335350e+00,   -2.913362e-01,    2.280800e-01,    4.743000e-02,    1.002500e-01,    1.773900e-02,    3.000000e-02,    3.000000e-02,    3.000000e-02,    3.000000e-02,
      1023,    6.309500e-01,    1.529117e-01,   -4.537987e-02,   -1.778859e-02,    5.114308e-02,    7.832776e-01,   -8.827102e-02,    1.091195e-01,    1.487497e+00,    1.764100e-01,   -4.802800e-02,   -1.451500e-02,    9.576800e-02,    3.000000e-02,    3.000000e-02,    3.000000e-02,    3.000000e-02,
      1023,    1.000000e+00,    1.657396e-01,   -2.038369e-02,   -3.598810e-02,    5.099369e-02,    8.343460e-01,    9.116131e-01,   -5.223634e-01,    7.031049e-02,    1.907700e-01,    6.964700e-03,   -5.165900e-02,    5.310300e-02,    3.000000e-02,    3.000000e-02,    3.000000e-02,    3.000000e-02,
      1023,    1.584800e+00,    1.680336e-01,    7.638295e-03,   -5.569805e-02,    4.760180e-02,    3.708790e-01,    1.494157e+00,   -8.406982e-01,   -1.254633e+00,    1.791600e-01,    5.246300e-02,   -8.091900e-02,    9.962800e-03,    3.000000e-02,    3.000000e-02,    3.000000e-02,    3.000000e-02,
      1023,    2.511800e+00,    1.564620e-01,    3.525568e-02,   -7.618156e-02,    3.772177e-02,   -5.973988e-01,    1.553277e+00,   -7.231813e-01,   -1.979026e+00,    1.385400e-01,    8.185400e-02,   -9.787700e-02,   -2.164900e-02,    3.000000e-02,    3.000000e-02,    3.000000e-02,    3.000000e-02,
      1023,    3.981000e+00,    1.301141e-01,    5.434192e-02,   -9.173806e-02,    1.706898e-02,   -6.641352e-01,    1.290369e+00,   -1.883128e-02,   -1.985433e+00,    1.101900e-01,    9.305300e-02,   -9.230300e-02,   -4.249400e-02,    3.000000e-02,    3.000000e-02,    3.000000e-02,    3.000000e-02,
      1024,    2.511800e+00,    1.670953e-01,   -4.021072e-03,    1.310486e-01,   -8.871320e-03,    3.309491e+00,   -3.764631e+00,   -2.406320e+00,   -1.169823e+00,    2.663800e-01,   -1.169600e-01,    5.885900e-02,   -4.396600e-02,    3.000000e-02,    3.000000e-02,    3.000000e-02,    3.000000e-02,
      1024,    3.981000e+00,    1.697064e-01,    3.311613e-02,    1.318320e-01,   -1.200808e-03,    1.838454e+00,   -3.433044e-01,   -7.903987e-01,   -5.133064e-01,    2.248600e-01,    2.281700e-02,    1.081200e-01,   -1.660000e-02,    3.000000e-02,    3.000000e-02,    3.000000e-02,    3.000000e-02,
      1027,    3.981000e-01,    2.136589e-02,   -9.540744e-02,    1.829160e-01,   -1.569501e-03,    3.487042e-02,    2.257812e-01,   -3.228664e-01,    1.046683e+00,    2.241200e-02,   -8.863400e-02,    1.732300e-01,    2.983100e-02,    3.000000e-02,    3.000000e-02,    3.000000e-02,    3.000000e-02,
      1027,    6.309500e-01,    5.296439e-02,   -8.386220e-02,    1.860450e-01,    1.717437e-03,    7.209869e-01,    4.917066e-01,   -8.448342e-01,    7.823854e-01,    7.459400e-02,   -6.911100e-02,    1.607000e-01,    2.518900e-02,    3.000000e-02,    3.000000e-02,    3.000000e-02,    3.000000e-02,
      1027,    1.000000e+00,    7.937745e-02,   -6.830500e-02,    1.900200e-01,    8.511175e-03,    1.951822e-02,    5.463666e-01,   -1.297665e+00,    5.019608e-01,    7.996300e-02,   -5.191400e-02,    1.510900e-01,    2.357000e-02,    3.000000e-02,    3.000000e-02,    3.000000e-02,    3.000000e-02,
      1027,    1.584800e+00,    9.989575e-02,   -4.981123e-02,    1.931849e-01,    2.201559e-02,    1.874751e-01,    6.704408e-01,   -1.407164e+00,    2.853469e-01,    1.055200e-01,   -2.969800e-02,    1.509700e-01,    3.057600e-02,    3.000000e-02,    3.000000e-02,    3.000000e-02,    3.000000e-02,
      1027,    2.511800e+00,    1.141226e-01,   -2.900266e-02,    1.902935e-01,    4.414100e-02,    1.582452e-01,    4.189218e-01,   -1.552784e+00,   -2.958332e-01,    1.188700e-01,   -1.643500e-02,    1.437100e-01,    3.526600e-02,    3.000000e-02,    3.000000e-02,    3.000000e-02,    3.000000e-02,
      1027,    3.981000e+00,    1.217584e-01,   -6.070132e-03,    1.755108e-01,    7.172750e-02,    7.705291e-02,    1.316477e-01,   -1.200695e+00,   -6.334834e-01,    1.240700e-01,   -2.120700e-03,    1.394900e-01,    5.272300e-02,    3.000000e-02,    3.000000e-02,    3.000000e-02,    3.000000e-02,
      1028,    3.981000e-01,   -8.705352e-03,   -8.596897e-02,    1.504834e-01,    1.129054e-02,    8.728784e-01,    4.675323e-01,    1.438854e-01,   -4.867314e-01,    1.748100e-02,   -7.194300e-02,    1.548000e-01,   -3.311400e-03,    3.000000e-02,    3.000000e-02,    3.000000e-02,    3.000000e-02,
      1028,    6.309500e-01,    1.959380e-02,   -7.394252e-02,    1.495514e-01,    1.669522e-02,    1.184307e+00,    1.451172e-01,   -1.071048e+00,    1.795925e-01,    5.512300e-02,   -6.958900e-02,    1.174200e-01,    2.208300e-02,    3.000000e-02,    3.000000e-02,    3.000000e-02,    3.000000e-02,
      1028,    1.000000e+00,    4.206921e-02,   -5.834884e-02,    1.483411e-01,    2.568898e-02,    8.092598e-01,    3.245612e-01,   -1.667736e+00,    1.759675e-01,    6.634700e-02,   -4.861200e-02,    9.830900e-02,    3.096800e-02,    3.000000e-02,    3.000000e-02,    3.000000e-02,    3.000000e-02,
      1028,    1.584800e+00,    5.792234e-02,   -4.101106e-02,    1.446562e-01,    4.088594e-02,    5.718554e-01,    7.011354e-01,   -1.905741e+00,   -5.213981e-01,    7.507800e-02,   -1.997700e-02,    8.748400e-02,    2.524400e-02,    3.000000e-02,    3.000000e-02,    3.000000e-02,    3.000000e-02,
      1028,    2.511800e+00,    6.739826e-02,   -2.369717e-02,    1.331121e-01,    6.266368e-02,    1.725915e-01,    7.796195e-01,   -1.338835e+00,   -9.729894e-01,    7.257600e-02,   -3.085900e-04,    9.294700e-02,    3.347400e-02,    3.000000e-02,    3.000000e-02,    3.000000e-02,    3.000000e-02,
      1028,    3.981000e+00,    7.190127e-02,   -7.141910e-03,    1.092816e-01,    8.590406e-02,    1.256909e-01,    5.283903e-01,   -9.004184e-01,   -1.147569e+00,    7.567200e-02,    8.709800e-03,    8.226900e-02,    5.147700e-02,    3.000000e-02,    3.000000e-02,    3.000000e-02,    3.000000e-02,
      1029,    1.584800e+00,    1.184141e-01,   -1.049369e-02,    8.046702e-02,    3.131280e-02,   -1.861359e-01,    2.001223e+00,   -2.865704e+00,    3.900240e+00,    1.128300e-01,    4.954300e-02,   -5.504100e-03,    1.483200e-01,    3.000000e-02,    3.000000e-02,    3.000000e-02,    3.000000e-02,
      1029,    2.511800e+00,    1.215881e-01,    1.578556e-02,    6.938611e-02,    4.523507e-02,    3.827312e-01,    2.017715e+00,   -2.756104e+00,    6.402978e-01,    1.330700e-01,    7.631700e-02,   -1.329700e-02,    6.444400e-02,    3.000000e-02,    3.000000e-02,    3.000000e-02,    3.000000e-02,
      1029,    3.981000e+00,    1.095822e-01,    4.517757e-02,    4.839511e-02,    5.747451e-02,    2.125943e-01,    1.973414e+00,   -2.194037e+00,   -3.211502e-01,    1.159600e-01,    1.043800e-01,   -1.742600e-02,    4.784000e-02,    3.000000e-02,    3.000000e-02,    3.000000e-02,    3.000000e-02,
      1030,    3.981000e-01,    1.005302e-02,   -7.359030e-02,    6.486690e-02,    2.179515e-02,    2.086661e-01,   -7.676565e-01,    5.182770e+00,   -6.889838e+00,    1.631300e-02,   -9.662000e-02,    2.203500e-01,   -1.849000e-01,    3.000000e-02,    3.000000e-02,    3.000000e-02,    3.000000e-02,
      1030,    6.309500e-01,    3.546544e-02,   -5.753312e-02,    5.674857e-02,    2.106450e-02,    3.145198e-02,   -1.201563e+00,    5.534381e+00,   -6.397483e+00,    3.640900e-02,   -9.358000e-02,    2.227800e-01,   -1.708600e-01,    3.000000e-02,    3.000000e-02,    3.000000e-02,    3.000000e-02,
      1030,    1.000000e+00,    5.499996e-02,   -3.627754e-02,    4.883563e-02,    1.831540e-02,   -1.721987e-01,   -1.916115e+00,    5.941812e+00,   -3.690513e+00,    4.983400e-02,   -9.376100e-02,    2.270900e-01,   -9.240000e-02,    3.000000e-02,    3.000000e-02,    3.000000e-02,    3.000000e-02,
      1030,    1.584800e+00,    6.699866e-02,   -9.659517e-03,    4.217404e-02,    1.374228e-02,    1.833446e-01,   -1.980016e+00,    6.240532e+00,   -2.170943e+00,    7.249900e-02,   -6.906000e-02,    2.293900e-01,   -5.138600e-02,    3.000000e-02,    3.000000e-02,    3.000000e-02,    3.000000e-02,
      1030,    2.511800e+00,    6.838055e-02,    2.223300e-02,    3.686659e-02,    7.796970e-03,    6.111150e-01,   -1.582267e+00,    6.432447e+00,    1.973435e-02,    8.671400e-02,   -2.523500e-02,    2.298400e-01,    8.389000e-03,    3.000000e-02,    3.000000e-02,    3.000000e-02,    3.000000e-02,
      1030,    3.981000e+00,    5.479412e-02,    5.676478e-02,    3.251793e-02,   -2.089981e-04,    1.497129e+00,   -1.692223e+00,    5.761736e+00,    2.128267e+00,    9.970800e-02,    5.998100e-03,    2.053700e-01,    6.363900e-02,    3.000000e-02,    3.000000e-02,    3.000000e-02,    3.000000e-02,
      1031,    6.309500e-01,    9.741838e-02,   -4.174033e-02,    7.573110e-02,    1.104341e-02,    5.697207e-01,   -1.761989e+00,    1.026297e+00,    7.830531e-01,    1.145100e-01,   -9.460000e-02,    1.065200e-01,    3.453500e-02,    3.000000e-02,    3.000000e-02,    3.000000e-02,    3.000000e-02,
      1031,    1.000000e+00,    1.117023e-01,   -3.056695e-02,    7.575902e-02,    1.438275e-02,    8.179247e-01,   -2.272635e+00,    5.657659e-01,    9.480082e-01,    1.362400e-01,   -9.874600e-02,    9.273200e-02,    4.282300e-02,    3.000000e-02,    3.000000e-02,    3.000000e-02,    3.000000e-02,
      1031,    1.584800e+00,    1.246309e-01,   -1.431021e-02,    7.369305e-02,    2.235332e-02,   -8.897633e-01,   -1.732993e+00,    4.387983e-01,    6.942892e-01,    9.793800e-02,   -6.630000e-02,    8.685700e-02,    4.318200e-02,    3.000000e-02,    3.000000e-02,    3.000000e-02,    3.000000e-02,
      1031,    2.511800e+00,    1.315605e-01,    1.036976e-02,    6.551075e-02,    3.351932e-02,   -1.234817e+00,   -3.771894e-01,    9.022417e-01,    2.531893e-01,    9.451600e-02,   -9.459200e-04,    9.257800e-02,    4.111500e-02,    3.000000e-02,    3.000000e-02,    3.000000e-02,    3.000000e-02,
      1032,    6.309500e-01,    1.864159e-01,   -7.400999e-02,    7.024824e-02,    1.672421e-02,   -5.831362e+00,    2.353076e+00,   -1.601841e+00,   -1.445736e-01,    1.147500e-02,   -3.417700e-03,    2.219300e-02,    1.238700e-02,    3.000000e-02,    3.000000e-02,    3.000000e-02,    3.000000e-02,
      1032,    1.000000e+00,    2.105875e-01,   -6.069434e-02,    6.827485e-02,    1.965770e-02,   -6.117018e+00,    1.925608e+00,   -1.020428e+00,   -1.451568e-01,    2.707700e-02,   -2.926100e-03,    3.766200e-02,    1.530300e-02,    3.000000e-02,    3.000000e-02,    3.000000e-02,    3.000000e-02,
      1032,    1.584800e+00,    2.331527e-01,   -4.210970e-02,    6.491725e-02,    2.686333e-02,   -6.045322e+00,    1.332090e+00,   -9.167491e-02,   -2.314110e-01,    5.179300e-02,   -2.147000e-03,    6.216700e-02,    1.992100e-02,    3.000000e-02,    3.000000e-02,    3.000000e-02,    3.000000e-02,
      1032,    2.511800e+00,    2.503775e-01,   -1.394554e-02,    5.635220e-02,    3.788456e-02,   -5.314115e+00,    4.344408e-01,    1.487927e+00,   -3.549186e-01,    9.095400e-02,   -9.123200e-04,    1.009900e-01,    2.723700e-02,    3.000000e-02,    3.000000e-02,    3.000000e-02,    3.000000e-02,
      1032,    3.981000e+00,    2.535694e-01,    2.418362e-02,    3.889468e-02,    4.863547e-02,   -3.075648e+00,    1.409795e-01,    2.410511e+00,   -7.810155e-01,    1.613000e-01,    2.841300e-02,    1.112100e-01,    2.520500e-02,    3.000000e-02,    3.000000e-02,    3.000000e-02,    3.000000e-02,
      1033,    1.584800e+00,   -5.440297e-02,    4.519360e-02,    4.970200e-02,    7.576127e-02,    7.684657e-01,   -5.885199e-01,   -2.578333e+00,   -2.375758e-01,   -3.134900e-02,    2.753800e-02,   -2.764800e-02,    6.863400e-02,    3.000000e-02,    3.000000e-02,    3.000000e-02,    3.000000e-02,
      1033,    2.511800e+00,   -9.430196e-02,    7.190452e-02,    1.215319e-02,    9.636307e-02,    5.343652e-01,   -7.224174e-01,   -1.474440e+00,   -1.275102e+00,   -7.827100e-02,    5.023200e-02,   -3.208000e-02,    5.811000e-02,    3.000000e-02,    3.000000e-02,    3.000000e-02,    3.000000e-02,
      1033,    3.981000e+00,   -1.479912e-01,    6.363550e-02,   -3.736277e-02,    9.658469e-02,   -7.922924e-01,   -1.273483e+00,   -9.871078e-01,   -1.452523e+00,   -1.717600e-01,    2.543100e-02,   -6.697600e-02,    5.300900e-02,    3.000000e-02,    3.000000e-02,    3.000000e-02,    3.000000e-02,
      1034,    3.981000e-01,    3.576305e-03,   -2.713297e-02,    1.024640e-01,    3.101186e-02,   -3.537877e+00,    1.341799e+00,   -2.531034e+00,    6.060046e-01,   -1.025600e-01,    1.312100e-02,    2.653300e-02,    4.919200e-02,    3.000000e-02,    3.000000e-02,    3.000000e-02,    3.000000e-02,
      1034,    6.309500e-01,    1.426646e-02,   -7.738099e-03,    9.766024e-02,    4.211164e-02,   -3.759915e+00,    9.675366e-01,   -2.770741e+00,    3.987788e-01,   -9.853100e-02,    2.128800e-02,    1.453800e-02,    5.407500e-02,    3.000000e-02,    3.000000e-02,    3.000000e-02,    3.000000e-02,
      1034,    1.000000e+00,    1.916134e-02,    1.755942e-02,    9.022500e-02,    5.995898e-02,   -3.710211e+00,    5.558193e-01,   -3.156633e+00,    6.183407e-02,   -9.214500e-02,    3.423400e-02,   -4.474000e-03,    6.181400e-02,    3.000000e-02,    3.000000e-02,    3.000000e-02,    3.000000e-02,
      1034,    1.584800e+00,    1.412077e-02,    5.026378e-02,    7.539504e-02,    8.658936e-02,   -3.204892e+00,    1.494072e-01,   -3.666501e+00,   -4.171120e-01,   -8.202600e-02,    5.474600e-02,   -3.460000e-02,    7.407600e-02,    3.000000e-02,    3.000000e-02,    3.000000e-02,    3.000000e-02,
      1034,    2.511800e+00,   -7.977540e-03,    8.808857e-02,    4.565550e-02,    1.198828e-01,   -1.933682e+00,   -2.768553e-02,   -4.266850e+00,   -8.790251e-01,   -6.598800e-02,    8.725800e-02,   -8.235000e-02,    9.351200e-02,    3.000000e-02,    3.000000e-02,    3.000000e-02,    3.000000e-02,
      1034,    3.981000e+00,   -5.303404e-02,    1.210489e-01,   -4.795833e-03,    1.507049e-01,   -9.241655e-01,    5.537123e-02,   -3.992139e+00,   -1.492829e+00,   -8.075900e-02,    1.227100e-01,   -1.245600e-01,    1.059200e-01,    3.000000e-02,    3.000000e-02,    3.000000e-02,    3.000000e-02,
      1035,    2.511800e+00,    6.669022e-02,    2.981724e-02,    1.102349e-01,   -4.096688e-03,    2.448993e+00,    1.337459e+00,    2.624502e+00,    1.429656e+00,    1.401600e-01,    6.994100e-02,    1.889700e-01,    3.879300e-02,    3.000000e-02,    3.000000e-02,    3.000000e-02,    3.000000e-02,
      1035,    3.981000e+00,    4.902242e-02,    5.695564e-02,    1.066287e-01,   -4.665722e-03,    1.279986e+00,    3.022479e+00,    1.952710e+00,    9.271574e-01,    8.742200e-02,    1.476300e-01,    1.652100e-01,    2.314900e-02,    3.000000e-02,    3.000000e-02,    3.000000e-02,    3.000000e-02,
      1037,    6.309500e-01,    1.150055e-01,   -9.381634e-02,    3.512779e-02,    5.570085e-02,    3.490483e+00,    2.622145e+00,   -5.030926e+00,    3.181638e+00,    2.197200e-01,   -1.515200e-02,   -1.158000e-01,    1.511500e-01,    3.000000e-02,    3.000000e-02,    3.000000e-02,    3.000000e-02,
      1037,    1.000000e+00,    1.451370e-01,   -7.500416e-02,    2.097964e-02,    7.013725e-02,    2.145435e+00,    2.283125e+00,   -4.558655e+00,    2.755425e+00,    2.095000e-01,   -6.510400e-03,   -1.157800e-01,    1.528000e-01,    3.000000e-02,    3.000000e-02,    3.000000e-02,    3.000000e-02,
      1037,    1.584800e+00,    1.692916e-01,   -5.175220e-02,    2.451039e-04,    8.961257e-02,   -1.313721e+00,    3.638507e+00,   -6.011170e+00,    3.600914e+00,    1.298800e-01,    5.740300e-02,   -1.800900e-01,    1.976400e-01,    3.000000e-02,    3.000000e-02,    3.000000e-02,    3.000000e-02,
      1037,    2.511800e+00,    1.861165e-01,   -2.302319e-02,   -3.179118e-02,    1.107771e-01,   -3.064383e+00,    3.070206e+00,   -8.463627e+00,    5.372765e+00,    9.418500e-02,    6.908300e-02,   -2.857000e-01,    2.719600e-01,    3.000000e-02,    3.000000e-02,    3.000000e-02,    3.000000e-02,
      1038,    1.584800e+00,    1.364218e-01,   -2.337353e-02,   -1.110442e-02,    4.610040e-02,    7.017605e+00,   -2.953216e+00,    6.119814e+00,   -9.972800e-01,    3.469500e-01,   -1.119700e-01,    1.724900e-01,    1.618200e-02,    3.000000e-02,    3.000000e-02,    3.000000e-02,    3.000000e-02,
      1038,    2.511800e+00,    1.423665e-01,    1.171430e-02,   -2.847277e-02,    4.209417e-02,    4.191783e+00,    8.083234e-01,    4.461759e+00,    1.460528e+00,    2.681200e-01,    3.596400e-02,    1.053800e-01,    8.591000e-02,    3.000000e-02,    3.000000e-02,    3.000000e-02,    3.000000e-02,
      1038,    3.981000e+00,    1.319236e-01,    5.057438e-02,   -4.362838e-02,    3.282451e-02,    5.116214e+00,    2.447854e+00,    1.789613e+00,    2.751516e+00,    2.854100e-01,    1.240100e-01,    1.006000e-02,    1.153700e-01,    3.000000e-02,    3.000000e-02,    3.000000e-02,    3.000000e-02,
      1039,    3.981000e-01,    7.526896e-02,   -1.096129e-01,    2.957719e-01,   -4.290480e-02,   -2.291653e-01,   -5.995694e-01,    2.526936e+00,   -2.072399e-01,    6.839400e-02,   -1.276000e-01,    3.715800e-01,   -4.912200e-02,    3.000000e-02,    3.000000e-02,    3.000000e-02,    3.000000e-02,
      1039,    1.000000e+00,    1.418769e-01,   -8.474735e-02,    3.303553e-01,   -5.147221e-02,   -1.915633e-01,   -1.004422e+00,    2.390158e+00,    3.583403e-01,    1.361300e-01,   -1.148800e-01,    4.020600e-01,   -4.072200e-02,    3.000000e-02,    3.000000e-02,    3.000000e-02,    3.000000e-02,
      1039,    1.584800e+00,    1.682213e-01,   -6.686140e-02,    3.548515e-01,   -4.870911e-02,   -3.803755e-01,   -5.981201e-01,    2.269285e+00,    5.269371e-01,    1.568100e-01,   -8.480500e-02,    4.229300e-01,   -3.290100e-02,    3.000000e-02,    3.000000e-02,    3.000000e-02,    3.000000e-02,
      1039,    2.511800e+00,    1.878668e-01,   -4.487884e-02,    3.808548e-01,   -3.445346e-02,   -5.402275e-01,   -1.003605e+00,    2.179174e+00,    1.011819e+00,    1.716600e-01,   -7.498700e-02,    4.462300e-01,   -4.098900e-03,    3.000000e-02,    3.000000e-02,    3.000000e-02,    3.000000e-02,
      1039,    3.981000e+00,    1.979680e-01,   -2.047371e-02,    4.018693e-01,   -5.652851e-03,   -1.652671e-01,   -8.899097e-01,    1.778691e+00,    1.599828e+00,    1.930100e-01,   -4.717100e-02,    4.552300e-01,    4.234200e-02,    3.000000e-02,    3.000000e-02,    3.000000e-02,    3.000000e-02,
      1040,    3.981000e-01,    6.511720e-02,   -9.732338e-02,   -9.727758e-02,    8.551878e-02,    1.585427e+00,    5.639126e-01,   -1.753414e+00,   -1.027594e-01,    1.126800e-01,   -8.040600e-02,   -1.498800e-01,    8.243600e-02,    3.000000e-02,    3.000000e-02,    3.000000e-02,    3.000000e-02,
      1040,    6.309500e-01,    9.743101e-02,   -7.868492e-02,   -1.241507e-01,    9.866380e-02,    1.625633e+00,    1.441564e+00,   -2.191976e+00,    2.355402e-01,    1.462000e-01,   -3.543800e-02,   -1.899100e-01,    1.057300e-01,    3.000000e-02,    3.000000e-02,    3.000000e-02,    3.000000e-02,
      1040,    1.000000e+00,    1.228224e-01,   -5.516654e-02,   -1.598724e-01,    1.131361e-01,    9.125467e-02,    2.316818e+00,   -2.761588e+00,    6.146213e-02,    1.255600e-01,    1.433800e-02,   -2.427200e-01,    1.149800e-01,    3.000000e-02,    3.000000e-02,    3.000000e-02,    3.000000e-02,
      1040,    1.584800e+00,    1.409463e-01,   -2.678029e-02,   -2.106509e-01,    1.224674e-01,   -7.335428e-01,    2.650010e+00,   -3.021969e+00,   -8.008455e-01,    1.189400e-01,    5.272000e-02,   -3.013100e-01,    9.844200e-02,    3.000000e-02,    3.000000e-02,    3.000000e-02,    3.000000e-02,
      1040,    2.511800e+00,    1.500038e-01,    8.451192e-03,   -2.775571e-01,    1.088802e-01,   -7.844610e-01,    2.146427e+00,   -2.198432e+00,   -2.341107e+00,    1.264700e-01,    7.284400e-02,   -3.435100e-01,    3.864700e-02,    3.000000e-02,    3.000000e-02,    3.000000e-02,    3.000000e-02,
      1040,    3.981000e+00,    1.433694e-01,    5.162437e-02,   -3.397532e-01,    5.072891e-02,   -1.900848e+00,    1.246821e+00,   -4.428939e-01,   -2.990330e+00,    8.634400e-02,    8.902900e-02,   -3.530400e-01,   -3.898100e-02,    3.000000e-02,    3.000000e-02,    3.000000e-02,    3.000000e-02,
      1041,    3.981000e-01,    1.140741e-01,   -6.198518e-02,    3.382292e-02,    3.462969e-02,    8.121973e-01,    1.006239e+00,   -3.437297e+00,   -1.374836e+00,    1.384400e-01,   -3.179800e-02,   -6.929600e-02,   -6.615400e-03,    3.000000e-02,    3.000000e-02,    3.000000e-02,    3.000000e-02,
      1041,    6.309500e-01,    1.336731e-01,   -4.187269e-02,    2.082692e-02,    3.309724e-02,    1.759896e+00,   -9.694435e-01,   -2.261764e+00,   -2.069575e+00,    1.864700e-01,   -7.095600e-02,   -4.702600e-02,   -2.899000e-02,    3.000000e-02,    3.000000e-02,    3.000000e-02,    3.000000e-02,
      1041,    1.000000e+00,    1.456557e-01,   -1.792376e-02,    7.422193e-03,    2.859123e-02,    2.030144e+00,   -1.323875e+00,    1.914936e-01,   -2.321674e+00,    2.065600e-01,   -5.764000e-02,    1.316700e-02,   -4.105900e-02,    3.000000e-02,    3.000000e-02,    3.000000e-02,    3.000000e-02,
      1041,    3.981000e+00,    1.114589e-01,    5.597327e-02,   -2.229542e-02,   -2.264886e-02,   -1.898296e+00,    4.442577e-01,    4.164041e-01,   -1.335038e+00,    5.451000e-02,    6.930100e-02,   -9.803300e-03,   -6.270000e-02,    3.000000e-02,    3.000000e-02,    3.000000e-02,    3.000000e-02,
      1042,    6.309500e-01,    1.488090e-01,   -6.056006e-02,    3.712567e-02,    3.743781e-02,   -3.429958e-02,    1.073535e+00,    8.770109e-01,   -5.700604e-01,    1.477800e-01,   -2.835400e-02,    6.343600e-02,    2.033600e-02,    3.000000e-02,    3.000000e-02,    3.000000e-02,    3.000000e-02,
      1042,    1.000000e+00,    1.685259e-01,   -3.537099e-02,    2.477241e-02,    3.888802e-02,   -1.065296e-01,    1.900233e+00,    7.771530e-01,   -1.863673e-01,    1.653300e-01,    2.163600e-02,    4.808700e-02,    3.329700e-02,    3.000000e-02,    3.000000e-02,    3.000000e-02,    3.000000e-02,
      1042,    1.584800e+00,    1.789405e-01,   -4.575924e-03,    1.058202e-02,    3.956808e-02,    3.317379e-03,    1.001797e+00,    9.795659e-01,   -1.125694e-01,    1.790400e-01,    2.547800e-02,    3.996900e-02,    3.619100e-02,    3.000000e-02,    3.000000e-02,    3.000000e-02,    3.000000e-02,
      1042,    2.511800e+00,    1.757504e-01,    3.082446e-02,   -6.588365e-03,    3.670669e-02,   -1.763464e-01,    5.411848e-01,    1.458879e+00,   -6.186231e-01,    1.704600e-01,    4.706000e-02,    3.717800e-02,    1.814800e-02,    3.000000e-02,    3.000000e-02,    3.000000e-02,    3.000000e-02,
      1042,    3.981000e+00,    1.542331e-01,    6.505497e-02,   -2.354926e-02,    2.490112e-02,   -5.811037e-01,    2.648676e-01,    1.668609e+00,   -2.760374e-01,    1.368000e-01,    7.300100e-02,    2.650900e-02,    1.662000e-02,    3.000000e-02,    3.000000e-02,    3.000000e-02,    3.000000e-02,
      1044,    6.309500e-01,    1.493930e-01,   -1.000919e-01,    9.933472e-02,    2.082284e-02,   -3.643199e+00,   -9.272706e-01,    5.940509e+00,   -1.980628e+00,    4.009700e-02,   -1.279100e-01,    2.775500e-01,   -3.859600e-02,    3.000000e-02,    3.000000e-02,    3.000000e-02,    3.000000e-02,
      1044,    1.000000e+00,    1.827590e-01,   -7.972105e-02,    9.379485e-02,    2.372677e-02,   -2.807001e+00,   -2.652632e+00,    3.709172e+00,   -4.176226e+00,    9.854900e-02,   -1.593000e-01,    2.050700e-01,   -1.015600e-01,    3.000000e-02,    3.000000e-02,    3.000000e-02,    3.000000e-02,
      1044,    1.584800e+00,    2.101557e-01,   -5.300787e-02,    8.658261e-02,    2.832803e-02,   -5.391886e-01,   -2.250071e+00,    1.626913e+00,   -3.697401e+00,    1.939800e-01,   -1.205100e-01,    1.353900e-01,   -8.259400e-02,    3.000000e-02,    3.000000e-02,    3.000000e-02,    3.000000e-02,
      1044,    2.511800e+00,    2.288727e-01,   -1.796063e-02,    7.509005e-02,    3.298060e-02,    7.969114e-01,   -5.977791e-01,    2.155998e+00,   -1.828187e+00,    2.527800e-01,   -3.589400e-02,    1.397700e-01,   -2.186500e-02,    3.000000e-02,    3.000000e-02,    3.000000e-02,    3.000000e-02,
      1044,    3.981000e+00,    2.331443e-01,    2.549333e-02,    5.978627e-02,    3.259401e-02,    6.271908e-01,   -8.457914e-01,    3.138124e+00,   -1.003737e+00,    2.519600e-01,    1.195900e-04,    1.539300e-01,    2.481900e-03,    3.000000e-02,    3.000000e-02,    3.000000e-02,    3.000000e-02,
      1045,    3.981000e+00,    1.393119e-01,   -1.902068e-02,    5.317277e-02,    1.279365e-01,   -2.837898e+00,   -6.708108e-01,   -4.405590e-01,    1.112117e+00,    5.417500e-02,   -3.914500e-02,    3.995600e-02,    1.613000e-01,    3.000000e-02,    3.000000e-02,    3.000000e-02,    3.000000e-02,
      1046,    3.981000e+00,   -6.805938e-02,    5.309240e-03,    1.918946e-01,    6.827185e-02,   -6.298208e-01,    1.557625e+00,   -1.173153e+00,   -3.542595e+00,   -8.695400e-02,    5.203800e-02,    1.567000e-01,   -3.800600e-02,    3.000000e-02,    3.000000e-02,    3.000000e-02,    3.000000e-02,
