MT,
     StaID,        Freq[Hz],     Re(Zxx)_Cal,     Im(Zxx)_Cal,     Re(Zxy)_Cal,     Im(Zxy)_Cal,     Re(Zyx)_Cal,     Im(Zyx)_Cal,     Re(Zyy)_Cal,     Im(Zyy)_Cal,     Re(Zxx)_Res,     Im(Zxx)_Res,     Re(Zxy)_Res,     Im(Zxy)_Res,     Re(Zyx)_Res,     Im(Zyx)_Res,     Re(Zyy)_Res,     Im(Zyy)_Res,     Re(Zxx)_Obs,     Im(Zxx)_Obs,     Re(Zxy)_Obs,     Im(Zxy)_Obs,     Re(Zyx)_Obs,     Im(Zyx)_Obs,     Re(Zyy)_Obs,     Im(Zyy)_Obs,      Re(Zxx)_SD,      Im(Zxx)_SD,      Re(Zxy)_SD,      Im(Zxy)_SD,      Re(Zyx)_SD,      Im(Zyx)_SD,      Re(Zyy)_SD,      Im(Zyy)_SD,
         1,    6.309500e+00,   -1.965726e-02,   -1.623586e-03,    3.509229e-02,   -2.664351e-02,   -7.197956e-02,    2.821369e-02,    2.469617e-02,   -1.129306e-02,   -2.374592e-01,   -2.497753e-01,   -3.849522e-01,    1.027104e-01,   -7.124348e-01,    3.839322e-01,    4.541613e-01,   -6.794365e-01,   -2.072500e-02,   -2.746700e-03,    3.396600e-02,   -2.634300e-02,   -7.406400e-02,    2.933700e-02,    2.817000e-02,   -1.649000e-02,    4.496500e-03,    4.496500e-03,    2.925800e-03,    2.925800e-03,    2.925800e-03,    2.925800e-03,    7.648900e-03,    7.648900e-03,
         1,    1.000000e+01,   -1.747992e-02,   -2.586473e-03,    4.268199e-02,   -3.020956e-02,   -7.705831e-02,    3.233602e-02,    2.757569e-02,   -1.309958e-02,   -1.704673e-01,   -4.332011e-01,   -9.022900e-01,    1.953409e-01,   -3.166997e-01,   -5.724722e-01,    6.230381e-01,   -7.298152e-01,   -1.826100e-02,   -4.571400e-03,    3.977400e-02,   -2.958000e-02,   -7.807900e-02,    3.049100e-02,    3.285700e-02,   -1.928600e-02,    4.582000e-03,    4.582000e-03,    3.222900e-03,    3.222900e-03,    3.222900e-03,    3.222900e-03,    8.476700e-03,    8.476700e-03,
         1,    1.584800e+01,   -1.513944e-02,   -1.603453e-03,    4.934736e-02,   -3.482430e-02,   -8.239864e-02,    4.099436e-02,    3.065167e-02,   -1.565926e-02,    1.392745e-01,   -6.428003e-01,   -7.836775e-01,    1.831800e-02,    1.759025e-01,   -7.745578e-01,    8.502413e-01,   -6.952522e-01,   -1.451900e-02,   -4.467000e-03,    4.651100e-02,   -3.475800e-02,   -8.176200e-02,    3.819100e-02,    3.875200e-02,   -2.228300e-02,    4.454800e-03,    4.454800e-03,    3.619300e-03,    3.619300e-03,    3.619300e-03,    3.619300e-03,    9.527100e-03,    9.527100e-03,
         2,    6.309500e+00,   -1.382434e-02,   -4.546482e-03,    3.528177e-02,   -3.397135e-02,   -3.210639e-02,    2.394068e-02,   -2.096012e-04,    3.288854e-03,   -6.736391e-01,    9.206295e-02,   -2.270044e-01,   -9.705483e-02,    8.276083e-03,    3.809006e-01,    1.300269e-02,    4.330309e-01,   -1.675400e-02,   -4.146100e-03,    3.462300e-02,   -3.425300e-02,   -3.208800e-02,    2.478700e-02,   -1.843500e-04,    4.129800e-03,    4.349000e-03,    4.349000e-03,    2.902000e-03,    2.902000e-03,    2.221900e-03,    2.221900e-03,    1.942000e-03,    1.942000e-03,
         2,    1.000000e+01,   -1.085865e-02,   -6.134618e-03,    4.427717e-02,   -4.136334e-02,   -3.678445e-02,    3.072224e-02,   -1.162967e-03,    3.930711e-03,   -8.739418e-01,    3.458505e-02,   -4.094697e-01,   -1.151702e-01,   -3.730270e-01,   -3.081958e-02,    2.520988e-01,    5.732842e-01,   -1.493000e-02,   -5.973500e-03,    4.313000e-02,   -4.168600e-02,   -3.779200e-02,    3.063900e-02,   -5.530900e-04,    5.317600e-03,    4.658600e-03,    4.658600e-03,    2.801600e-03,    2.801600e-03,    2.701000e-03,    2.701000e-03,    2.419200e-03,    2.419200e-03,
         2,    1.584800e+01,   -7.521003e-03,   -5.905497e-03,    5.380005e-02,   -5.109447e-02,   -4.274011e-02,    4.105076e-02,   -2.082780e-03,    4.766961e-03,   -1.050348e+00,    4.565778e-02,   -4.959763e-02,   -2.834042e-01,   -8.921606e-01,   -3.345402e-01,    2.057795e-01,    5.845062e-01,   -1.258200e-02,   -5.685500e-03,    5.363300e-02,   -5.204900e-02,   -4.574500e-02,    3.992400e-02,   -1.460400e-03,    6.534800e-03,    4.818400e-03,    4.818400e-03,    3.368100e-03,    3.368100e-03,    3.368100e-03,    3.368100e-03,    3.024500e-03,    3.024500e-03,
         4,    6.309500e+00,   -1.727169e-03,    4.742950e-03,    4.581104e-02,   -3.701685e-02,   -4.543773e-02,    4.723179e-02,   -8.540090e-03,    1.045944e-03,   -1.112514e-01,    1.534092e-01,    3.713417e-01,   -4.662151e-01,   -6.413418e-01,   -4.657860e-01,   -1.411295e-01,    4.004986e-02,   -2.033600e-03,    5.165500e-03,    4.698600e-02,   -3.849200e-02,   -4.746700e-02,    4.575800e-02,   -9.059700e-03,    1.193400e-03,    2.754400e-03,    2.754400e-03,    3.164100e-03,    3.164100e-03,    3.164100e-03,    3.164100e-03,    3.681800e-03,    3.681800e-03,
         4,    1.000000e+01,   -3.470203e-03,    6.636401e-03,    5.410776e-02,   -4.701244e-02,   -5.665267e-02,    5.990813e-02,   -1.019563e-02,   -2.614953e-03,   -3.178568e-01,    2.446099e-02,    1.998593e-01,   -4.782742e-02,   -6.668563e-01,   -7.199270e-01,   -1.818472e-01,   -8.083843e-03,   -4.629300e-03,    6.725600e-03,    5.487900e-02,   -4.719700e-02,   -5.922600e-02,    5.713000e-02,   -1.102900e-02,   -2.652000e-03,    3.646600e-03,    3.646600e-03,    3.858900e-03,    3.858900e-03,    3.858900e-03,    3.858900e-03,    4.582800e-03,    4.582800e-03,
         4,    1.584800e+01,   -5.466901e-03,    8.532237e-03,    6.409820e-02,   -6.091221e-02,   -7.005525e-02,    7.694492e-02,   -1.047066e-02,   -7.804872e-03,   -5.707911e-01,   -5.078912e-01,   -1.535918e-01,    2.258721e-02,   -1.626398e-01,   -1.140324e+00,   -2.120382e-01,   -5.411850e-02,   -8.026500e-03,    6.254700e-03,    6.337600e-02,   -6.080600e-02,   -7.082000e-02,    7.158300e-02,   -1.167400e-02,   -8.112000e-03,    4.484300e-03,    4.484300e-03,    4.702100e-03,    4.702100e-03,    4.702100e-03,    4.702100e-03,    5.675100e-03,    5.675100e-03,
         5,    6.309500e+00,   -7.980124e-03,   -7.499964e-03,    3.841801e-02,   -3.396981e-02,   -3.902207e-02,    2.081583e-02,   -8.288510e-04,    2.569272e-03,   -1.628456e-01,   -4.616883e-01,    3.617410e-01,    1.472218e-01,    1.192136e-01,   -4.105352e-02,    1.261592e+00,    3.214429e-03,   -8.604800e-03,   -9.271000e-03,    3.928000e-02,   -3.361900e-02,   -3.873800e-02,    2.071800e-02,    1.301600e-03,    2.574700e-03,    3.836000e-03,    3.836000e-03,    2.382900e-03,    2.382900e-03,    2.382900e-03,    2.382900e-03,    1.688700e-03,    1.688700e-03,
         5,    1.000000e+01,   -4.716499e-03,   -1.027316e-02,    4.809754e-02,   -3.976393e-02,   -4.355321e-02,    2.365814e-02,   -1.644031e-03,    2.308805e-03,    5.908122e-02,   -5.824705e-01,   -5.856585e-02,    4.078240e-01,    1.602252e-01,   -2.802200e-01,    1.230906e+00,    1.435155e-01,   -4.460500e-03,   -1.279700e-02,    4.793700e-02,   -3.864600e-02,   -4.311400e-02,    2.289000e-02,    4.306600e-04,    2.550700e-03,    4.333000e-03,    4.333000e-03,    2.741200e-03,    2.741200e-03,    2.741200e-03,    2.741200e-03,    1.685500e-03,    1.685500e-03,
         5,    1.584800e+01,   -2.957533e-04,   -1.229632e-02,    5.758942e-02,   -4.694147e-02,   -4.737376e-02,    2.885805e-02,   -2.006211e-03,    2.203269e-03,    4.433431e-01,   -6.438931e-01,    2.105263e-01,    1.277334e-01,    9.177412e-02,   -3.852819e-01,    8.025165e-01,    3.540862e-01,    1.981700e-03,   -1.560400e-02,    5.826100e-02,   -4.653400e-02,   -4.708100e-02,    2.762900e-02,   -4.878500e-04,    2.873200e-03,    5.137000e-03,    5.137000e-03,    3.190000e-03,    3.190000e-03,    3.190000e-03,    3.190000e-03,    1.892000e-03,    1.892000e-03,
         6,    6.309500e+00,    1.236272e-01,   -6.530168e-02,    8.573628e-02,   -8.024748e-02,   -1.660078e-01,    1.055044e-01,   -8.355492e-02,    6.195839e-02,    9.095785e-02,    1.877606e-01,   -2.170903e-01,   -1.030011e-01,   -4.201823e-01,   -4.257416e-01,    3.522277e-01,   -2.548572e-01,    1.253700e-01,   -6.170400e-02,    8.408700e-02,   -8.103000e-02,   -1.692000e-01,    1.022700e-01,   -7.631100e-02,    5.671700e-02,    1.916100e-02,    1.916100e-02,    7.597200e-03,    7.597200e-03,    7.597200e-03,    7.597200e-03,    2.056600e-02,    2.056600e-02,
         6,    1.000000e+01,    1.489761e-01,   -6.238877e-02,    1.110301e-01,   -9.502121e-02,   -2.020519e-01,    1.119567e-01,   -1.065883e-01,    6.582360e-02,    1.490614e-03,    2.358766e-01,   -2.449767e-01,    9.635983e-02,   -2.414571e-01,   -5.873215e-01,    4.068986e-01,   -3.123903e-01,    1.490100e-01,   -5.702800e-02,    1.088000e-01,   -9.414400e-02,   -2.042500e-01,    1.066100e-01,   -9.674300e-02,    5.826500e-02,    2.272700e-02,    2.272700e-02,    9.103500e-03,    9.103500e-03,    9.103500e-03,    9.103500e-03,    2.419600e-02,    2.419600e-02,
         6,    1.584800e+01,    1.716613e-01,   -5.327511e-02,    1.401866e-01,   -1.097282e-01,   -2.369777e-01,    1.144962e-01,   -1.311418e-01,    6.542039e-02,   -4.660416e-02,    2.574740e-01,   -4.673304e-01,    2.073618e-01,   -2.462484e-01,   -6.588623e-01,    5.516013e-01,   -4.056494e-01,    1.704400e-01,   -4.652800e-02,    1.352100e-01,   -1.075200e-01,   -2.396000e-01,    1.074800e-01,   -1.159700e-01,    5.426300e-02,    2.620500e-02,    2.620500e-02,    1.064900e-02,    1.064900e-02,    1.064900e-02,    1.064900e-02,    2.750500e-02,    2.750500e-02,
         7,    6.309500e+00,    4.070634e-03,    1.154206e-03,    3.073307e-02,   -3.412775e-02,   -4.181024e-02,    3.822758e-02,   -5.746377e-03,    7.498134e-03,    1.924402e-01,    4.721893e-01,    9.947335e-01,   -5.928782e-01,   -2.691508e-01,    2.139664e-01,   -5.906762e-01,   -2.098138e-01,    4.524600e-03,    2.268100e-03,    3.337100e-02,   -3.570000e-02,   -4.252400e-02,    3.879500e-02,   -7.912800e-03,    6.728600e-03,    2.359000e-03,    2.359000e-03,    2.651900e-03,    2.651900e-03,    2.651900e-03,    2.651900e-03,    3.667700e-03,    3.667700e-03,
         7,    1.000000e+01,    4.125349e-03,    2.899004e-03,    4.058159e-02,   -4.336115e-02,   -5.302794e-02,    4.510737e-02,   -8.123697e-03,    8.863396e-03,   -1.300828e-02,    6.252266e-01,    1.051976e+00,   -1.934237e-01,   -2.846368e-01,    8.047459e-02,   -3.640322e-01,   -4.992013e-01,    4.086800e-03,    4.751800e-03,    4.406700e-02,   -4.400200e-02,   -5.397100e-02,    4.537400e-02,   -9.698100e-03,    6.704400e-03,    2.963400e-03,    2.963400e-03,    3.313200e-03,    3.313200e-03,    3.313200e-03,    3.313200e-03,    4.324900e-03,    4.324900e-03,
         7,    1.584800e+01,    3.038022e-03,    5.174607e-03,    5.311791e-02,   -5.365342e-02,   -6.509710e-02,    5.298251e-02,   -1.073018e-02,    1.011548e-02,   -3.794505e-01,    4.212096e-01,    9.233970e-01,   -4.524342e-02,   -2.529404e-01,    1.028259e-01,   -5.099090e-02,   -6.518638e-01,    1.718900e-03,    6.638900e-03,    5.688500e-02,   -5.383800e-02,   -6.612900e-02,    5.340200e-02,   -1.098400e-02,    6.870700e-03,    3.476400e-03,    3.476400e-03,    4.079600e-03,    4.079600e-03,    4.079600e-03,    4.079600e-03,    4.977700e-03,    4.977700e-03,
         8,    1.584800e+01,   -3.760816e-01,    2.096575e-01,    7.945803e-02,   -1.217319e-01,   -2.701359e-01,    1.435140e-01,   -2.236503e-02,   -8.945181e-03,    1.423051e+00,   -5.680342e-02,   -1.355558e-01,    2.774300e-01,   -2.680445e-01,   -5.587061e-01,    8.115824e-02,    3.216264e-01,   -3.260400e-01,    2.076600e-01,    7.804500e-02,   -1.188400e-01,   -2.729300e-01,    1.376900e-01,   -2.136800e-02,   -4.994000e-03,    3.516500e-02,    3.516500e-02,    1.042400e-02,    1.042400e-02,    1.042400e-02,    1.042400e-02,    1.228500e-02,    1.228500e-02,
         9,    6.309500e+00,   -8.285419e-03,   -2.187664e-03,    3.298958e-02,   -2.300089e-02,   -3.210683e-02,    1.902252e-02,    1.968514e-03,   -4.442170e-04,   -1.323322e+00,   -4.886600e-01,   -3.209689e-01,    3.684429e-01,    1.455243e-01,   -2.731010e-01,   -1.387389e-01,    3.143764e-01,   -1.284400e-02,   -3.871000e-03,    3.237900e-02,   -2.230000e-02,   -3.183000e-02,    1.850300e-02,    1.799100e-03,   -6.033200e-05,    3.444800e-03,    3.444800e-03,    1.902300e-03,    1.902300e-03,    1.902300e-03,    1.902300e-03,    1.221100e-03,    1.221100e-03,
         9,    1.000000e+01,   -7.217586e-03,   -2.986377e-03,    3.904356e-02,   -2.565893e-02,   -3.616223e-02,    2.244115e-02,    2.436003e-03,   -9.035664e-04,   -1.052792e+00,   -7.097556e-01,   -3.303168e-01,    1.643080e-01,    3.925932e-01,   -4.338756e-01,   -2.708533e-01,    2.644509e-01,   -1.096700e-02,   -5.514100e-03,    3.832400e-02,   -2.530100e-02,   -3.530700e-02,    2.149600e-02,    2.055400e-03,   -5.319600e-04,    3.561400e-03,    3.561400e-03,    2.178400e-03,    2.178400e-03,    2.178400e-03,    2.178400e-03,    1.405200e-03,    1.405200e-03,
         9,    1.584800e+01,   -5.968522e-03,   -3.600250e-03,    4.406661e-02,   -2.965123e-02,   -4.005321e-02,    2.814725e-02,    3.319313e-03,   -8.033133e-04,   -3.172445e-01,   -8.021128e-01,   -7.271188e-02,   -6.797848e-02,    8.096660e-01,   -1.118250e+00,   -2.325441e-01,    3.786879e-02,   -7.033100e-03,   -6.291900e-03,    4.380800e-02,   -2.989300e-02,   -3.805900e-02,    2.539300e-02,    2.910500e-03,   -7.367400e-04,    3.355700e-03,    3.355700e-03,    3.556600e-03,    3.556600e-03,    2.463000e-03,    2.463000e-03,    1.758000e-03,    1.758000e-03,
        10,    6.309500e+00,   -1.449204e-02,    2.116304e-02,    5.908339e-02,   -6.320566e-02,   -8.076969e-02,    6.925469e-02,    2.611888e-02,   -3.484831e-02,   -1.939237e-01,   -2.398275e-01,   -1.288923e-01,    1.741051e-01,    2.925162e-01,    8.476360e-01,    6.737024e-01,    5.611165e-01,   -1.584000e-02,    1.949600e-02,    5.846400e-02,   -6.236900e-02,   -7.936400e-02,    7.332800e-02,    3.308900e-02,   -2.904300e-02,    6.951000e-03,    6.951000e-03,    4.805500e-03,    4.805500e-03,    4.805500e-03,    4.805500e-03,    1.034600e-02,    1.034600e-02,
        10,    1.000000e+01,   -2.444934e-02,    2.530536e-02,    7.605905e-02,   -7.949177e-02,   -1.013699e-01,    8.262109e-02,    3.718289e-02,   -4.486192e-02,    3.725379e-01,   -6.269772e-01,   -3.796240e-01,   -1.059703e-01,    1.119249e-01,    3.353238e-01,    2.994924e-01,    8.170642e-01,   -2.129700e-02,    2.000000e-02,    7.378700e-02,   -8.012600e-02,   -1.007000e-01,    8.462800e-02,    4.095500e-02,   -3.457100e-02,    8.461800e-03,    8.461800e-03,    5.985000e-03,    5.985000e-03,    5.985000e-03,    5.985000e-03,    1.259500e-02,    1.259500e-02,
        10,    1.584800e+01,   -3.705729e-02,    2.540668e-02,    9.595547e-02,   -9.930743e-02,   -1.240778e-01,    9.721902e-02,    5.220190e-02,   -5.489653e-02,    4.981412e-01,   -5.698094e-01,    5.613272e-02,   -6.664141e-01,    8.780023e-02,    2.094293e-01,    2.354256e-01,    6.528616e-01,   -3.164000e-02,    1.921000e-02,    9.637600e-02,   -1.043000e-01,   -1.234200e-01,    9.878800e-02,    5.595600e-02,   -4.448600e-02,    1.087500e-02,    1.087500e-02,    7.491700e-03,    7.491700e-03,    7.491700e-03,    7.491700e-03,    1.594600e-02,    1.594600e-02,
        11,    6.309500e+00,   -3.776879e-02,    2.791131e-03,    3.708931e-02,   -3.458006e-02,   -5.279677e-02,    2.707042e-02,    2.835320e-03,   -3.305630e-04,   -3.691555e-01,    6.387950e-01,   -7.579412e-01,   -1.803970e-01,   -5.326583e-01,    8.686736e-01,   -3.594541e-01,    3.602406e-01,   -4.026100e-02,    7.103700e-03,    3.499300e-02,   -3.507900e-02,   -5.427000e-02,    2.947300e-02,    2.203400e-03,    3.027400e-04,    6.751100e-03,    6.751100e-03,    2.765800e-03,    2.765800e-03,    2.765800e-03,    2.765800e-03,    1.758000e-03,    1.758000e-03,
        11,    1.000000e+01,   -3.850583e-02,   -3.141357e-03,    4.777945e-02,   -4.149991e-02,   -5.900076e-02,    2.957232e-02,    2.950267e-03,   -8.718887e-04,   -5.088660e-01,    4.941469e-01,   -5.383823e-01,   -6.479838e-01,   -7.628936e-01,    2.932727e-01,   -3.869313e-01,    3.882827e-01,   -4.246700e-02,    7.052300e-04,    4.600300e-02,   -4.363800e-02,   -6.151800e-02,    3.054000e-02,    2.231000e-03,   -1.501100e-04,    7.784300e-03,    7.784300e-03,    3.299600e-03,    3.299600e-03,    3.299600e-03,    3.299600e-03,    1.858900e-03,    1.858900e-03,
        11,    1.584800e+01,   -3.608194e-02,   -9.377955e-03,    5.945927e-02,   -4.853390e-02,   -6.372258e-02,    3.466239e-02,    3.416720e-03,   -1.389405e-03,   -6.394182e-01,    2.694906e-01,    1.410756e-01,   -9.672812e-01,   -7.621353e-01,   -2.624124e-01,   -2.049256e-01,    2.079216e-01,   -4.164200e-02,   -7.034600e-03,    6.000300e-02,   -5.226200e-02,   -6.666000e-02,    3.365100e-02,    2.949900e-03,   -9.157600e-04,    8.695500e-03,    8.695500e-03,    3.854200e-03,    3.854200e-03,    3.854200e-03,    3.854200e-03,    2.278000e-03,    2.278000e-03,
        12,    6.309500e+00,   -6.428339e-03,   -3.376656e-03,    2.463218e-02,   -2.214646e-02,   -2.901737e-02,    2.072353e-02,    2.163654e-03,   -2.915937e-03,   -1.134345e-01,   -1.417167e+00,    2.321716e-01,    4.229013e-01,   -7.257105e-01,   -9.002960e-01,    2.354091e-01,    2.042050e+00,   -6.735100e-03,   -7.209100e-03,    2.503100e-02,   -2.142000e-02,   -3.026400e-02,    1.917700e-02,    2.497700e-03,   -1.826800e-05,    2.704300e-03,    2.704300e-03,    1.717800e-03,    1.717800e-03,    1.717800e-03,    1.717800e-03,    1.419000e-03,    1.419000e-03,
        12,    1.000000e+01,   -3.396574e-03,   -1.844412e-03,    3.022210e-02,   -2.731865e-02,   -3.311106e-02,    2.709388e-02,    1.309157e-03,   -6.318627e-03,   -1.377708e+00,   -9.019522e-01,   -1.024181e-01,    5.468903e-02,   -1.601414e-01,   -1.517376e+00,    2.639221e+00,   -4.730252e-01,   -7.213100e-03,   -4.343000e-03,    3.001300e-02,   -2.720700e-02,   -3.343800e-02,    2.399600e-02,    1.054300e-02,   -7.973600e-03,    2.770200e-03,    2.770200e-03,    2.041600e-03,    2.041600e-03,    2.041600e-03,    2.041600e-03,    3.498700e-03,    3.498700e-03,
        12,    1.584800e+01,   -1.835535e-03,    2.103460e-03,    3.636403e-02,   -3.423981e-02,   -3.872295e-02,    3.637933e-02,    1.992460e-03,   -1.200945e-02,   -1.903067e+00,   -8.370480e-01,    4.173176e-02,   -5.021599e-01,   -2.849979e-02,   -9.079434e-01,    3.060692e+00,   -7.505096e-01,   -7.366800e-03,   -3.294200e-04,    3.647100e-02,   -3.552700e-02,   -3.879600e-02,    3.405200e-02,    1.823800e-02,   -1.599300e-02,    2.906500e-03,    2.906500e-03,    2.563300e-03,    2.563300e-03,    2.563300e-03,    2.563300e-03,    5.307800e-03,    5.307800e-03,
        13,    6.309500e+00,   -1.398443e-02,   -3.686488e-03,    1.760042e-02,   -2.212717e-02,   -2.927464e-02,    1.885101e-02,    1.843018e-03,   -1.176068e-03,   -1.206022e-01,   -1.242554e-01,    4.151331e-01,   -2.546738e-02,   -5.260122e-01,    3.087347e-01,   -5.313199e-02,    1.029494e-01,   -1.435900e-02,   -4.072400e-03,    1.826600e-02,   -2.216800e-02,   -3.011800e-02,    1.934600e-02,    1.774600e-03,   -1.043500e-03,    3.105800e-03,    3.105800e-03,    1.603300e-03,    1.603300e-03,    1.603300e-03,    1.603300e-03,    1.287700e-03,    1.287700e-03,
        13,    1.000000e+01,   -1.194428e-02,   -6.515846e-03,    2.356507e-02,   -2.913217e-02,   -3.290100e-02,    2.302010e-02,    3.253626e-03,   -1.731899e-03,   -1.941599e-01,   -1.048131e-01,    8.560858e-01,    2.352670e-01,   -7.649697e-01,   -1.188991e-01,    3.235398e-01,   -8.139924e-02,   -1.262700e-02,   -6.884400e-03,    2.526500e-02,   -2.866500e-02,   -3.442000e-02,    2.278400e-02,    3.903100e-03,   -1.895300e-03,    3.516300e-03,    3.516300e-03,    1.985700e-03,    1.985700e-03,    1.985700e-03,    1.985700e-03,    2.007400e-03,    2.007400e-03,
        14,    6.309500e+00,    9.865960e-02,   -5.153871e-02,    5.259648e-02,   -6.304392e-02,   -1.902454e-01,    1.102784e-01,   -3.108375e-02,    2.375846e-02,    1.501803e-02,    1.457848e-01,    2.460484e-01,   -1.448086e+00,   -8.298202e-01,    4.988344e-01,   -2.526004e-01,    4.331021e-01,    9.888600e-02,   -4.934100e-02,    5.436800e-02,   -7.347000e-02,   -1.962200e-01,    1.138700e-01,   -3.496900e-02,    3.042000e-02,    1.507500e-02,    1.507500e-02,    7.199900e-03,    7.199900e-03,    7.199900e-03,    7.199900e-03,    1.538100e-02,    1.538100e-02,
        14,    1.000000e+01,    1.129899e-01,   -5.425949e-02,    6.469962e-02,   -8.162256e-02,   -2.226678e-01,    1.194590e-01,   -3.646772e-02,    2.309517e-02,   -1.815101e-01,    1.697559e-01,    1.458892e+00,   -1.098508e+00,   -1.127738e+00,   -1.909641e-02,   -5.327033e-01,    3.802276e-01,    1.097100e-01,   -5.119200e-02,    7.761300e-02,   -9.134600e-02,   -2.326500e-01,    1.192900e-01,   -4.604200e-02,    2.992900e-02,    1.807000e-02,    1.807000e-02,    8.851500e-03,    8.851500e-03,    8.851500e-03,    8.851500e-03,    1.797300e-02,    1.797300e-02,
        14,    1.584800e+01,    1.254419e-01,   -5.944942e-02,    7.755044e-02,   -1.102349e-01,   -2.527897e-01,    1.312223e-01,   -3.669750e-02,    2.532469e-02,   -4.574927e-01,    3.709619e-01,    2.032068e+00,   -1.318982e+00,   -1.199511e+00,   -3.702067e-01,   -8.461559e-01,    3.792717e-01,    1.156900e-01,   -5.154200e-02,    9.957400e-02,   -1.245300e-01,   -2.657900e-01,    1.272100e-01,   -5.404200e-02,    3.309900e-02,    2.131600e-02,    2.131600e-02,    1.083800e-02,    1.083800e-02,    1.083800e-02,    1.083800e-02,    2.049800e-02,    2.049800e-02,
        15,    6.309500e+00,   -1.615563e-02,    9.755825e-03,    2.392019e-02,   -2.881020e-02,   -2.262069e-02,    2.082141e-02,   -9.074181e-04,    8.013622e-04,   -1.223963e+00,    5.070461e-01,   -8.300397e-01,    6.915413e-01,    6.278933e-02,    1.041819e+00,   -3.255414e-01,    1.562744e-02,   -2.159700e-02,    1.201000e-02,    2.243400e-02,   -2.757200e-02,   -2.251500e-02,    2.257500e-02,   -1.243800e-03,    8.175100e-04,    4.445700e-03,    4.445700e-03,    1.790500e-03,    1.790500e-03,    1.683200e-03,    1.683200e-03,    1.033300e-03,    1.033300e-03,
        15,    1.000000e+01,   -2.001170e-02,    9.917733e-03,    3.184445e-02,   -3.675114e-02,   -2.748149e-02,    2.576743e-02,   -1.162132e-03,    4.652263e-04,   -1.229443e+00,    2.482016e-01,   -1.177484e+00,    1.229251e-01,   -1.282778e-01,    4.662806e-01,   -4.247615e-01,    2.507280e-01,   -2.681900e-02,    1.129200e-02,    2.934300e-02,   -3.649000e-02,   -2.775400e-02,    2.675800e-02,   -1.704000e-03,    7.850800e-04,    5.536900e-03,    5.536900e-03,    2.124400e-03,    2.124400e-03,    2.124400e-03,    2.124400e-03,    1.275700e-03,    1.275700e-03,
        15,    1.584800e+01,   -2.395126e-02,    9.164857e-03,    4.122365e-02,   -4.605543e-02,   -3.260554e-02,    3.269576e-02,   -1.165906e-03,    1.315266e-04,   -1.219424e+00,   -1.400529e-01,   -1.018171e+00,   -7.669554e-01,    1.896288e-01,   -2.401007e-02,   -5.915903e-01,    2.738413e-01,   -3.223200e-02,    8.213800e-03,    3.852000e-02,   -4.809200e-02,   -3.210200e-02,    3.263200e-02,   -2.037200e-03,    5.348400e-04,    6.790700e-03,    6.790700e-03,    2.655400e-03,    2.655400e-03,    2.655400e-03,    2.655400e-03,    1.472800e-03,    1.472800e-03,
        16,    6.309500e+00,   -4.839467e-03,   -3.911031e-03,    2.450938e-02,   -2.486669e-02,   -3.827423e-02,    2.918120e-02,    2.878198e-03,    2.470373e-03,   -8.783492e-01,   -4.930087e-02,    1.223376e-01,   -1.440789e+00,   -1.195914e-01,    2.224120e-01,   -1.022081e+00,    1.069220e-01,   -7.146100e-03,   -4.040500e-03,    2.477000e-02,   -2.793600e-02,   -3.852900e-02,    2.965500e-02,    1.068400e-03,    2.659700e-03,    2.626100e-03,    2.626100e-03,    2.130300e-03,    2.130300e-03,    2.130300e-03,    2.130300e-03,    1.770700e-03,    1.770700e-03,
        17,    6.309500e+00,   -9.841407e-03,   -2.207145e-03,    3.053393e-02,   -2.343330e-02,   -2.507997e-02,    2.025182e-02,    2.834694e-04,    1.902821e-03,   -3.290560e+00,   -9.472484e-01,    5.721855e-01,    2.062338e+00,   -1.536730e-01,   -7.222044e-01,    1.032783e+00,    2.662615e-01,   -2.523300e-02,   -6.637900e-03,    3.151700e-02,   -1.989000e-02,   -2.534400e-02,    1.901100e-02,    1.765100e-03,    2.284800e-03,    4.677500e-03,    4.677500e-03,    1.718100e-03,    1.718100e-03,    1.718100e-03,    1.718100e-03,    1.434600e-03,    1.434600e-03,
        17,    1.000000e+01,   -8.051793e-03,   -2.411155e-03,    3.633805e-02,   -2.708402e-02,   -2.871240e-02,    2.685172e-02,   -4.386292e-04,    1.661828e-03,   -2.927265e+00,   -1.491527e+00,   -4.915337e-01,    1.876014e+00,   -4.192912e-01,    2.567236e-03,    2.757645e-01,   -1.135315e+00,   -2.204500e-02,   -9.541100e-03,    3.532800e-02,   -2.322900e-02,   -2.957400e-02,    2.685700e-02,   -2.113000e-04,    7.259200e-04,    4.780300e-03,    4.780300e-03,    2.054900e-03,    2.054900e-03,    2.054900e-03,    2.054900e-03,    8.243600e-04,    8.243600e-04,
        17,    1.584800e+01,   -6.311235e-03,   -1.437861e-03,    4.119074e-02,   -3.258983e-02,   -3.340520e-02,    3.675742e-02,   -7.216599e-04,    1.437418e-03,   -2.070865e+00,   -1.992721e+00,   -1.062777e+00,    1.796910e+00,   -9.069114e-01,   -6.090512e-02,   -7.576068e-01,   -6.222934e-01,   -1.560300e-02,   -1.037900e-02,    3.856600e-02,   -2.815200e-02,   -3.564500e-02,    3.660700e-02,   -1.846100e-03,    5.138100e-04,    4.486900e-03,    4.486900e-03,    2.469700e-03,    2.469700e-03,    2.469700e-03,    2.469700e-03,    1.484200e-03,    1.484200e-03,
        18,    6.309500e+00,    2.353852e-01,   -1.494896e-01,    1.418786e-01,   -1.217776e-01,   -7.681891e-01,    5.165408e-01,   -3.666780e-01,    2.603650e-01,    5.625002e-01,   -2.681526e-01,   -4.266844e-01,   -5.119336e-01,   -3.663307e+00,    2.141480e+00,    2.453732e-01,    3.020921e-02,    2.554400e-01,   -1.590500e-01,    1.325500e-01,   -1.329700e-01,   -8.482800e-01,    5.633600e-01,   -3.422700e-01,    2.633700e-01,    3.565300e-02,    3.565300e-02,    2.186300e-02,    2.186300e-02,    2.186300e-02,    2.186300e-02,    9.947300e-02,    9.947300e-02,
        18,    1.000000e+01,    2.886700e-01,   -1.626442e-01,    1.822268e-01,   -1.399037e-01,   -9.450300e-01,    5.740516e-01,   -4.713458e-01,    2.698585e-01,    3.547463e-01,   -5.133313e-03,   -4.322320e-01,   -4.132112e-01,   -2.375818e+00,    6.851127e-01,    3.120324e-01,   -1.906523e-02,    3.035800e-01,   -1.628600e-01,    1.710800e-01,   -1.505600e-01,   -1.006300e+00,    5.917200e-01,   -4.352000e-01,    2.676500e-01,    4.203000e-02,    4.203000e-02,    2.578900e-02,    2.578900e-02,    2.578900e-02,    2.578900e-02,    1.158400e-01,    1.158400e-01,
        18,    1.584800e+01,    3.432021e-01,   -1.683023e-01,    2.259974e-01,   -1.542400e-01,   -1.129064e+00,    6.150742e-01,   -5.778375e-01,    2.475173e-01,    8.629633e-02,    1.640335e-01,   -3.499884e-01,   -3.326404e-01,   -1.151367e+00,   -2.191061e-01,    3.786795e-01,   -7.941950e-02,    3.473700e-01,   -1.603800e-01,    2.155600e-01,   -1.641600e-01,   -1.163400e+00,    6.085400e-01,   -5.283100e-01,    2.371300e-01,    4.829700e-02,    4.829700e-02,    2.982200e-02,    2.982200e-02,    2.982200e-02,    2.982200e-02,    1.307900e-01,    1.307900e-01,
        19,    6.309500e+00,   -4.885606e-03,   -5.622083e-03,    3.052039e-02,   -3.054018e-02,   -3.410499e-02,    2.614756e-02,    7.524895e-03,   -6.481993e-03,   -5.281647e-01,    2.095440e-01,   -1.728463e-01,    8.634751e-01,    2.901779e-01,   -1.145509e+00,    2.056193e-01,    5.222014e-01,   -6.337900e-03,   -5.045900e-03,    3.011700e-02,   -2.852500e-02,   -3.350600e-02,    2.378300e-02,    8.134700e-03,   -4.933300e-03,    2.749700e-03,    2.749700e-03,    2.333800e-03,    2.333800e-03,    2.064200e-03,    2.064200e-03,    2.965700e-03,    2.965700e-03,
        19,    1.000000e+01,   -1.791995e-03,   -5.729536e-03,    3.885818e-02,   -3.766007e-02,   -3.944613e-02,    3.494663e-02,    9.052051e-03,   -8.707612e-03,   -6.190835e-01,   -1.828120e-01,   -2.647588e-01,    5.024039e-01,   -3.251065e-01,   -5.033771e-01,    5.115108e-02,    5.139895e-01,   -3.604300e-03,   -6.264700e-03,    3.816200e-02,   -3.633900e-02,   -4.030100e-02,    3.362300e-02,    9.240400e-03,   -6.815000e-03,    2.927400e-03,    2.927400e-03,    2.629500e-03,    2.629500e-03,    2.629500e-03,    2.629500e-03,    3.682200e-03,    3.682200e-03,
        19,    1.584800e+01,    5.621239e-04,   -4.238171e-03,    4.851558e-02,   -4.658902e-02,   -4.798036e-02,    4.724645e-02,    1.143567e-02,   -1.162480e-02,   -2.835049e-01,   -3.885890e-01,    3.549740e-02,   -3.035530e-02,   -7.783756e-01,   -4.198818e-01,   -4.693059e-03,    3.337330e-01,   -2.456100e-04,   -5.345300e-03,    4.863600e-02,   -4.669200e-02,   -5.062100e-02,    4.582200e-02,    1.141300e-02,   -1.001300e-02,    2.849100e-03,    2.849100e-03,    3.392500e-03,    3.392500e-03,    3.392500e-03,    3.392500e-03,    4.829600e-03,    4.829600e-03,
        20,    6.309500e+00,   -2.609603e-02,    5.603836e-03,    4.992272e-02,   -5.207248e-02,   -6.930393e-02,    5.053873e-02,    4.956928e-03,    2.164014e-03,   -7.722287e-01,    1.794055e-02,   -9.324798e-01,   -3.484567e-01,    3.158178e-01,    1.398110e-01,    1.381774e-01,    1.444569e+00,   -3.161700e-02,    5.732100e-03,    4.630600e-02,   -5.342400e-02,   -6.807900e-02,    5.108100e-02,    5.567700e-03,    8.549300e-03,    7.149400e-03,    7.149400e-03,    3.878600e-03,    3.878600e-03,    3.878600e-03,    3.878600e-03,    4.420200e-03,    4.420200e-03,
        20,    1.000000e+01,   -2.681743e-02,    2.421236e-03,    6.544399e-02,   -6.571538e-02,   -8.219064e-02,    5.933718e-02,    3.932377e-03,    3.541719e-03,   -5.906803e-01,   -4.038902e-01,   -6.672729e-01,    1.136840e-01,    1.828628e+00,   -2.465756e-01,   -8.506379e-02,    1.635081e+00,   -3.154500e-02,   -8.113400e-04,    6.237200e-02,   -6.519200e-02,   -7.377200e-02,    5.820200e-02,    3.496400e-03,    1.192200e-02,    8.003600e-03,    8.003600e-03,    4.603800e-03,    4.603800e-03,    4.603800e-03,    4.603800e-03,    5.125300e-03,    5.125300e-03,
        20,    1.584800e+01,   -2.401830e-02,    2.136483e-04,    8.478714e-02,   -7.967394e-02,   -9.538171e-02,    7.185603e-02,    1.286851e-03,    4.847474e-03,   -8.172764e-01,   -8.781380e-01,   -4.440509e-01,    1.147404e-01,    7.112630e-01,   -1.422674e-01,    8.323824e-01,    1.821920e+00,   -3.147300e-02,   -7.796200e-03,    8.223700e-02,   -7.901500e-02,   -9.129700e-02,    7.103900e-02,    7.152400e-03,    1.768600e-02,    9.121400e-03,    9.121400e-03,    5.742900e-03,    5.742900e-03,    5.742900e-03,    5.742900e-03,    7.046700e-03,    7.046700e-03,
        21,    6.309500e+00,   -9.293728e-03,   -2.851978e-03,    3.175376e-02,   -3.235630e-02,   -3.667164e-02,    2.672606e-02,    2.674950e-03,    1.015722e-03,   -1.679205e+00,    7.078897e-02,    5.365757e-01,    1.150223e-01,   -5.465807e-01,   -1.617511e-01,   -1.574317e-01,    2.034455e-01,   -1.627200e-02,   -2.557800e-03,    3.398500e-02,   -3.187800e-02,   -3.833100e-02,    2.623500e-02,    2.407300e-03,    1.361600e-03,    4.155700e-03,    4.155700e-03,    4.158300e-03,    4.158300e-03,    3.035900e-03,    3.035900e-03,    1.700100e-03,    1.700100e-03,
        21,    1.000000e+01,   -7.521837e-03,   -4.668105e-03,    4.026482e-02,   -4.034574e-02,   -4.203491e-02,    3.380434e-02,    2.290068e-03,    1.713432e-03,   -1.550946e+00,   -2.499934e-01,    6.065444e-01,    1.791282e-01,   -6.654400e-01,   -2.105319e-03,    6.557486e-02,    2.505603e-01,   -1.458500e-02,   -5.806600e-03,    4.356200e-02,   -3.937200e-02,   -4.498700e-02,    3.379500e-02,    2.423900e-03,    2.224800e-03,    4.554100e-03,    4.554100e-03,    5.436000e-03,    5.436000e-03,    4.436300e-03,    4.436300e-03,    2.040900e-03,    2.040900e-03,
        21,    1.584800e+01,   -4.681927e-03,   -5.408771e-03,    5.022389e-02,   -5.050999e-02,   -4.875325e-02,    4.485598e-02,    1.444553e-03,    2.302659e-03,   -1.075901e+00,   -5.694057e-01,    6.196185e-01,   -3.010711e-02,   -4.527678e-01,    1.655358e-01,   -1.935325e-01,    1.933860e-01,   -9.658400e-03,   -8.042500e-03,    5.606900e-02,   -5.079400e-02,   -5.208200e-02,    4.607300e-02,    1.032000e-03,    2.714900e-03,    4.625400e-03,    4.625400e-03,    9.433400e-03,    9.433400e-03,    7.352000e-03,    7.352000e-03,    2.131700e-03,    2.131700e-03,
        22,    1.000000e+01,   -7.556110e-03,   -6.218720e-03,    3.145627e-02,   -2.747195e-02,   -2.761810e-02,    2.436018e-02,    1.030315e-03,    2.942592e-03,   -1.350529e+00,   -9.791813e-01,    3.378566e-01,    8.804506e-01,    3.353519e+00,   -6.910724e-01,    2.658567e-01,    3.756466e-01,   -1.279900e-02,   -1.002000e-02,    3.206600e-02,   -2.588300e-02,   -2.156600e-02,    2.311300e-02,    1.470600e-03,    3.564700e-03,    3.882100e-03,    3.882100e-03,    1.804700e-03,    1.804700e-03,    1.804700e-03,    1.804700e-03,    1.656100e-03,    1.656100e-03,
        22,    1.584800e+01,   -5.291987e-03,   -8.005149e-03,    3.676065e-02,   -3.419740e-02,   -3.124864e-02,    3.376414e-02,    5.977611e-04,    4.114241e-03,   -3.011862e-01,   -1.126730e+00,   -1.830419e-02,    8.342439e-02,    1.698770e+00,   -5.209647e-03,   -1.049071e-01,    3.477019e-01,   -6.491100e-03,   -1.249100e-02,    3.671800e-02,   -3.400300e-02,   -2.729000e-02,    3.375200e-02,    3.685600e-04,    4.873900e-03,    3.981300e-03,    3.981300e-03,    2.330300e-03,    2.330300e-03,    2.330300e-03,    2.330300e-03,    2.184800e-03,    2.184800e-03,
        23,    6.309500e+00,   -4.961867e-03,   -2.898429e-03,    3.584770e-02,   -2.516471e-02,   -3.493098e-02,    1.757733e-02,   -3.033140e-04,   -1.333014e-03,   -3.608065e-01,   -6.645184e-01,   -2.041223e-02,    1.170976e-01,   -1.468014e+00,    1.096064e-01,    1.895408e+00,    2.528617e-01,   -5.946400e-03,   -4.711700e-03,    3.580400e-02,   -2.491400e-02,   -3.807400e-02,    1.781200e-02,    2.918500e-03,   -9.032000e-04,    2.728700e-03,    2.728700e-03,    2.141000e-03,    2.141000e-03,    2.141000e-03,    2.141000e-03,    1.699800e-03,    1.699800e-03,
        23,    1.000000e+01,   -3.712962e-03,   -3.543582e-03,    4.290978e-02,   -2.760544e-02,   -3.888598e-02,    1.900208e-02,    2.832626e-04,   -2.777839e-03,   -2.320258e-01,   -9.574543e-01,   -5.565207e-02,   -7.203551e-01,   -6.813216e-01,    4.314629e-01,    1.505037e+00,    5.267738e-01,   -4.413100e-03,   -6.432700e-03,    4.277500e-02,   -2.935000e-02,   -4.053600e-02,    2.004700e-02,    3.177600e-03,   -1.764800e-03,    3.017500e-03,    3.017500e-03,    2.421800e-03,    2.421800e-03,    2.421800e-03,    2.421800e-03,    1.923100e-03,    1.923100e-03,
        23,    1.584800e+01,   -2.396995e-03,   -3.987140e-03,    4.879089e-02,   -3.102180e-02,   -4.147532e-02,    2.204925e-02,    1.675223e-03,   -3.974434e-03,    4.077305e-01,   -1.021943e+00,    6.891310e-01,   -9.421580e-01,   -8.982842e-01,    3.770356e-01,    9.218821e-01,    8.376168e-01,   -1.108200e-03,   -7.217400e-03,    5.068400e-02,   -3.361000e-02,   -4.394300e-02,    2.308500e-02,    3.687600e-03,   -2.146000e-03,    3.160900e-03,    3.160900e-03,    2.747100e-03,    2.747100e-03,    2.747100e-03,    2.747100e-03,    2.182900e-03,    2.182900e-03,
        24,    6.309500e+00,   -5.153781e-03,   -6.992603e-03,    2.819842e-02,   -2.585142e-02,   -2.749326e-02,    2.222401e-02,    6.906479e-04,    2.311234e-03,   -6.521653e-01,    2.034197e-01,   -2.315036e-01,    2.058653e-01,   -4.610460e-01,    1.899927e-01,    1.656869e-01,   -1.579041e-01,   -7.004300e-03,   -6.415400e-03,    2.776500e-02,   -2.546600e-02,   -2.834500e-02,    2.257500e-02,    9.169100e-04,    2.095600e-03,    2.837500e-03,    2.837500e-03,    1.872200e-03,    1.872200e-03,    1.847400e-03,    1.847400e-03,    1.365600e-03,    1.365600e-03,
        24,    1.000000e+01,   -1.306119e-03,   -7.167453e-03,    3.518071e-02,   -3.130981e-02,   -3.213476e-02,    2.938336e-02,   -3.844564e-04,    2.063329e-03,   -8.512548e-01,   -1.863676e-01,   -7.321850e-01,    1.399433e-01,    4.475283e-02,   -5.711512e-01,    3.578180e-01,    3.561228e-01,   -3.840900e-03,   -7.722400e-03,    3.356500e-02,   -3.100100e-02,   -3.203600e-02,    2.812300e-02,    1.845100e-04,    2.629600e-03,    2.977700e-03,    2.977700e-03,    2.206700e-03,    2.206700e-03,    2.206700e-03,    2.206700e-03,    1.590100e-03,    1.590100e-03,
        24,    1.584800e+01,    1.599327e-03,   -5.323014e-03,    4.248262e-02,   -3.823802e-02,   -3.887334e-02,    3.943475e-02,   -7.482298e-04,    1.394146e-03,   -6.695336e-01,   -6.847564e-01,   -2.432133e-01,   -1.898607e-01,    2.437784e-01,   -4.068463e-01,    3.903264e-02,    8.648729e-01,   -4.691300e-04,   -7.438500e-03,    4.129900e-02,   -3.916200e-02,   -3.819700e-02,    3.830600e-02,   -6.716400e-04,    3.091200e-03,    3.089400e-03,    3.089400e-03,    4.866600e-03,    4.866600e-03,    2.774400e-03,    2.774400e-03,    1.962200e-03,    1.962200e-03,
        25,    6.309500e+00,    6.650964e-02,   -5.185028e-02,    5.051232e-02,   -6.641525e-02,   -1.488735e-01,    1.214568e-01,   -2.502625e-02,    3.805373e-02,    8.970073e-01,    3.155923e-01,    6.224488e-01,   -4.108305e-01,   -3.015036e+00,    1.154799e+00,   -1.681210e+00,    3.599841e-01,    7.863000e-02,   -4.758600e-02,    5.478300e-02,   -6.923400e-02,   -1.695600e-01,    1.293800e-01,   -5.624800e-02,    4.473900e-02,    1.351200e-02,    1.351200e-02,    6.861100e-03,    6.861100e-03,    6.861100e-03,    6.861100e-03,    1.857100e-02,    1.857100e-02,
        25,    1.000000e+01,    8.503807e-02,   -6.327870e-02,    6.367498e-02,   -9.158514e-02,   -1.855721e-01,    1.558407e-01,   -3.400018e-02,    5.288510e-02,    2.744772e-01,    5.410455e-01,    6.978252e-01,   -2.322035e-01,   -1.828907e+00,   -1.966004e-01,   -1.468164e+00,    3.505207e-01,    8.959000e-02,   -5.430600e-02,    6.967600e-02,   -9.358200e-02,   -2.013000e-01,    1.541500e-01,   -6.742000e-02,    6.086400e-02,    1.658400e-02,    1.658400e-02,    8.599600e-03,    8.599600e-03,    8.599600e-03,    8.599600e-03,    2.276300e-02,    2.276300e-02,
        25,    1.584800e+01,    1.073164e-01,   -7.238823e-02,    8.460199e-02,   -1.261525e-01,   -2.326207e-01,    1.926091e-01,   -5.010924e-02,    7.132741e-02,    1.180127e-02,    1.818246e-01,    5.238267e-01,   -6.053122e-01,   -1.424247e+00,    1.130397e+00,   -1.157862e+00,    1.237836e-01,    1.075700e-01,   -6.848100e-02,    9.057100e-02,   -1.330500e-01,   -2.488500e-01,    2.054900e-01,   -8.310600e-02,    7.485500e-02,    2.148900e-02,    2.148900e-02,    1.139500e-02,    1.139500e-02,    1.139500e-02,    1.139500e-02,    2.849800e-02,    2.849800e-02,
        27,    6.309500e+00,    3.169737e-03,   -1.445348e-03,    4.292915e-02,   -3.025814e-02,   -3.505153e-02,    2.134223e-02,   -2.730685e-03,    1.324830e-04,    1.451791e+00,    1.305500e+00,   -1.404643e+00,   -3.819987e-02,   -4.707191e-01,   -1.281603e+00,    1.358700e+00,    8.693782e-01,    7.453100e-03,    2.406400e-03,    3.896300e-02,   -3.036600e-02,   -3.610500e-02,    1.847400e-02,   -1.085300e-03,    1.185300e-03,    2.950400e-03,    2.950400e-03,    2.823600e-03,    2.823600e-03,    2.238000e-03,    2.238000e-03,    1.211000e-03,    1.211000e-03,
        27,    1.000000e+01,    3.674055e-03,   -1.347087e-04,    5.119424e-02,   -3.362334e-02,   -3.974405e-02,    2.459217e-02,   -2.637402e-03,   -1.428428e-03,    1.637877e+00,    1.015982e+00,   -7.602929e-01,    1.850025e-01,   -2.174546e-01,   -1.070562e+00,    1.393180e+00,    2.376748e+00,    9.793000e-03,    3.660900e-03,    4.921200e-02,   -3.314100e-02,   -4.031100e-02,    2.180100e-02,   -5.132200e-04,    2.195400e-03,    3.735900e-03,    3.735900e-03,    2.607200e-03,    2.607200e-03,    2.607200e-03,    2.607200e-03,    1.524700e-03,    1.524700e-03,
        27,    1.584800e+01,    3.149474e-03,    1.146512e-03,    5.841254e-02,   -3.837984e-02,   -4.351224e-02,    3.002787e-02,   -1.492312e-03,   -2.750062e-03,   -2.616551e-01,    1.597619e+00,    1.461932e+00,   -2.362935e-01,   -2.093554e+00,   -1.636914e+00,    9.746742e-01,    2.953042e+00,    2.256000e-03,    6.601900e-03,    6.312800e-02,   -3.914200e-02,   -5.026500e-02,    2.474800e-02,    5.446600e-04,    3.421500e-03,    3.414700e-03,    3.414700e-03,    3.225500e-03,    3.225500e-03,    3.225500e-03,    3.225500e-03,    2.089900e-03,    2.089900e-03,
        28,    6.309500e+00,    6.192975e-03,   -1.241820e-02,    2.788419e-02,   -3.261710e-02,   -3.128340e-02,    2.461841e-02,   -2.947917e-03,    7.738170e-03,    5.816377e-01,    5.551901e-01,   -2.960835e-01,    6.830320e-01,    1.301091e-01,    8.550250e-01,    5.819437e-02,    1.557186e-01,    8.179500e-03,   -1.052200e-02,    2.620700e-02,   -2.874800e-02,   -3.078100e-02,    2.792000e-02,   -2.782500e-03,    8.180800e-03,    3.415400e-03,    3.415400e-03,    5.664600e-03,    5.664600e-03,    3.861400e-03,    3.861400e-03,    2.842500e-03,    2.842500e-03,
        28,    1.000000e+01,    9.121313e-03,   -1.735022e-02,    3.808068e-02,   -4.053333e-02,   -3.758595e-02,    2.936635e-02,   -4.782138e-03,    1.020784e-02,    2.483851e-02,    3.932044e-01,   -5.360854e-01,    3.807844e-01,   -2.066269e-01,    8.143011e-01,   -2.616505e-02,    2.992633e-01,    9.234400e-03,   -1.556000e-02,    3.416500e-02,   -3.775200e-02,   -3.859400e-02,    3.333900e-02,   -4.880600e-03,    1.133400e-02,    4.552900e-03,    4.552900e-03,    7.304200e-03,    7.304200e-03,    4.878600e-03,    4.878600e-03,    3.763100e-03,    3.763100e-03,
        28,    1.584800e+01,    1.372353e-02,   -2.356173e-02,    5.029708e-02,   -4.830999e-02,   -4.430341e-02,    3.582296e-02,   -7.333702e-03,    1.355127e-02,   -5.976518e-01,    2.146833e-01,   -6.936821e-01,    3.728938e-02,   -4.863515e-01,    6.668600e-01,   -1.532536e-01,    2.600110e-01,    1.014700e-02,   -2.227700e-02,    4.389800e-02,   -4.796600e-02,   -4.726300e-02,    3.988100e-02,   -8.076200e-03,    1.481100e-02,    5.984300e-03,    5.984300e-03,    9.224800e-03,    9.224800e-03,    6.085300e-03,    6.085300e-03,    4.844900e-03,    4.844900e-03,
        29,    6.309500e+00,    1.871935e-01,   -1.140419e-01,    1.066041e-01,   -1.101544e-01,   -3.031252e-01,    2.041934e-01,   -1.150964e-01,    1.013371e-01,    6.033020e-01,   -3.151335e-01,    6.798652e-01,   -1.993640e-02,   -9.476279e-01,    8.292656e-01,   -4.109347e-01,    1.724401e-01,    2.048600e-01,   -1.232700e-01,    1.149800e-01,   -1.104000e-01,   -3.148000e-01,    2.144100e-01,   -1.307600e-01,    1.079100e-01,    2.928300e-02,    2.928300e-02,    1.232000e-02,    1.232000e-02,    1.232000e-02,    1.232000e-02,    3.811700e-02,    3.811700e-02,
        29,    1.000000e+01,    2.257855e-01,   -1.194197e-01,    1.421699e-01,   -1.322302e-01,   -3.678634e-01,    2.250360e-01,   -1.528414e-01,    1.117492e-01,    6.336945e-01,   -9.673124e-02,    4.236808e-01,    2.696293e-01,   -1.037678e+00,    2.867745e-01,   -3.571187e-01,   -3.218824e-02,    2.479300e-01,   -1.228000e-01,    1.484400e-01,   -1.282400e-01,   -3.832200e-01,    2.292800e-01,   -1.689200e-01,    1.103000e-01,    3.494500e-02,    3.494500e-02,    1.479900e-02,    1.479900e-02,    1.479900e-02,    1.479900e-02,    4.502300e-02,    4.502300e-02,
        29,    1.584800e+01,    2.624825e-01,   -1.211476e-01,    1.843128e-01,   -1.532965e-01,   -4.330124e-01,    2.448498e-01,   -1.948993e-01,    1.155378e-01,    6.385456e-01,    1.779619e-01,    1.532437e-01,    5.553867e-01,   -1.287422e+00,   -3.843618e-01,   -3.540244e-01,   -2.861919e-01,    2.883800e-01,   -1.139300e-01,    1.869800e-01,   -1.436300e-01,   -4.554200e-01,    2.381600e-01,   -2.133900e-01,    1.005900e-01,    4.055700e-02,    4.055700e-02,    1.740500e-02,    1.740500e-02,    1.740500e-02,    1.740500e-02,    5.223000e-02,    5.223000e-02,
        30,    6.309500e+00,    4.182520e-01,   -2.372084e-01,    2.482536e-01,   -2.307223e-01,   -7.075382e-01,    4.329279e-01,   -3.566887e-01,    3.009803e-01,    3.289060e-01,   -7.264939e-02,    7.403004e-01,   -1.741991e-01,   -6.135125e-01,    1.336081e-01,   -2.591767e-01,   -2.228518e-02,    4.391300e-01,   -2.418200e-01,    2.686000e-01,   -2.355100e-01,   -7.244000e-01,    4.366000e-01,   -3.815800e-01,    2.988400e-01,    6.347700e-02,    6.347700e-02,    2.748400e-02,    2.748400e-02,    2.748400e-02,    2.748400e-02,    9.604000e-02,    9.604000e-02,
        30,    1.000000e+01,    5.029663e-01,   -2.387354e-01,    3.252991e-01,   -2.685263e-01,   -8.543463e-01,    4.546184e-01,   -4.652251e-01,    3.342572e-01,    2.859859e-01,    6.403052e-02,    5.524057e-01,    1.738694e-01,   -4.953184e-01,   -1.954502e-01,   -1.805438e-01,   -1.366323e-01,    5.243400e-01,   -2.339500e-01,    3.432700e-01,   -2.628700e-01,   -8.704600e-01,    4.482600e-01,   -4.856500e-01,    3.188000e-01,    7.473700e-02,    7.473700e-02,    3.253200e-02,    3.253200e-02,    3.253200e-02,    3.253200e-02,    1.131300e-01,    1.131300e-01,
        30,    1.584800e+01,    5.812737e-01,   -2.270325e-01,    4.137340e-01,   -3.012669e-01,   -9.951420e-01,    4.618175e-01,   -5.858013e-01,    3.514899e-01,    3.699056e-01,    1.378823e-01,    6.087508e-01,    6.817409e-01,   -3.055659e-01,    4.580343e-02,   -1.893852e-01,   -4.490529e-01,    6.134200e-01,   -2.150500e-01,    4.367600e-01,   -2.754800e-01,   -1.006700e+00,    4.635500e-01,   -6.104100e-01,    2.931400e-01,    8.690400e-02,    8.690400e-02,    3.782500e-02,    3.782500e-02,    3.782500e-02,    3.782500e-02,    1.299400e-01,    1.299400e-01,
        31,    6.309500e+00,    4.645986e-03,    8.457542e-05,    4.364780e-02,   -6.580172e-02,   -9.171098e-02,    7.366574e-02,    7.133863e-03,   -3.482253e-03,   -6.960793e-01,    1.081580e+00,   -1.024924e+00,    1.325692e-01,   -8.853838e-01,   -8.125806e-01,    6.928584e-01,   -1.789963e-01,    2.813000e-03,    2.932700e-03,    3.878700e-02,   -6.517300e-02,   -9.591000e-02,    6.981200e-02,    1.104200e-02,   -4.491900e-03,    2.633300e-03,    2.633300e-03,    4.742600e-03,    4.742600e-03,    4.742600e-03,    4.742600e-03,    5.640600e-03,    5.640600e-03,
        31,    1.000000e+01,    5.474315e-03,    2.220505e-03,    5.706002e-02,   -9.043978e-02,   -1.145015e-01,    8.856961e-02,    7.797636e-03,   -5.943179e-03,   -1.065199e+00,    5.370414e-01,   -1.069693e+00,    4.799486e-01,    2.648556e-01,   -1.227371e+00,    7.288166e-01,   -3.209720e-04,    2.084000e-03,    3.929800e-03,    5.071300e-02,   -8.759200e-02,   -1.129300e-01,    8.128700e-02,    1.261300e-02,   -5.945300e-03,    3.182800e-03,    3.182800e-03,    5.933500e-03,    5.933500e-03,    5.933500e-03,    5.933500e-03,    6.607100e-03,    6.607100e-03,
        31,    1.584800e+01,    5.558825e-03,    5.245544e-03,    7.629574e-02,   -1.246910e-01,   -1.407615e-01,    1.040061e-01,    1.051740e-02,   -8.482898e-03,   -1.248708e+00,   -9.285417e-01,   -3.598902e-01,   -1.951532e-01,    9.210161e-01,   -1.214797e+00,    3.993470e-01,    2.124514e-01,    1.694200e-03,    2.371800e-03,    7.351300e-02,   -1.262000e-01,   -1.336400e-01,    9.461300e-02,    1.350200e-02,   -6.895100e-03,    3.094900e-03,    3.094900e-03,    7.732200e-03,    7.732200e-03,    7.732200e-03,    7.732200e-03,    7.473700e-03,    7.473700e-03,
        32,    6.309500e+00,   -6.437532e-03,    1.310362e-03,    1.620296e-02,   -2.062769e-02,   -2.966984e-02,    2.437325e-02,    4.772238e-03,   -2.814638e-03,   -1.004130e+00,   -1.363688e-01,    4.014365e-01,    6.335283e-02,   -3.785005e-02,   -3.858369e-01,   -1.745768e-01,   -4.884176e-02,   -8.739400e-03,    9.977500e-04,    1.684100e-02,   -2.052700e-02,   -2.973000e-02,    2.376000e-02,    4.401000e-03,   -2.918500e-03,    2.292400e-03,    2.292400e-03,    1.589400e-03,    1.589400e-03,    1.589400e-03,    1.589400e-03,    2.126500e-03,    2.126500e-03,
        34,    6.309500e+00,   -1.578909e-02,    5.482190e-04,    3.715250e-02,   -2.479317e-02,   -3.476263e-02,    2.419112e-02,    1.956346e-03,   -1.169389e-03,    1.020179e+00,    1.388256e+00,    1.779153e-01,   -1.932225e-01,   -8.322526e-01,   -8.661853e-01,   -2.773097e+00,   -2.246488e+00,   -1.203300e-02,    5.659500e-03,    3.759800e-02,   -2.527700e-02,   -3.659600e-02,    2.228300e-02,   -7.113900e-03,   -8.517200e-03,    3.681800e-03,    3.681800e-03,    2.504000e-03,    2.504000e-03,    2.202900e-03,    2.202900e-03,    3.270800e-03,    3.270800e-03,
        34,    1.000000e+01,   -1.616275e-02,   -5.687505e-04,    4.488372e-02,   -2.750673e-02,   -4.154622e-02,    2.826476e-02,    2.798838e-03,   -2.248870e-03,    9.235562e-01,    1.206998e+00,    1.601405e+00,   -5.545560e-01,   -3.106076e-01,   -5.517488e-01,   -2.635978e+00,   -2.695277e+00,   -1.237100e-02,    4.386700e-03,    4.916700e-02,   -2.899000e-02,   -4.237700e-02,    2.678900e-02,   -8.447300e-03,   -1.374800e-02,    4.105600e-03,    4.105600e-03,    2.674700e-03,    2.674700e-03,    2.674700e-03,    2.674700e-03,    4.266400e-03,    4.266400e-03,
        34,    1.584800e+01,   -1.657557e-02,   -2.389172e-03,    5.263364e-02,   -3.011796e-02,   -4.875526e-02,    3.337900e-02,    4.519912e-03,   -2.486910e-03,    4.328178e-01,    1.025635e-01,    1.835297e+00,   -2.273757e-01,   -1.266250e-01,   -1.342997e+00,   -1.007625e+00,   -3.394116e+00,   -1.455600e-02,   -1.910600e-03,    5.826800e-02,   -3.081600e-02,   -4.914400e-02,    2.925600e-02,   -5.266800e-04,   -1.948600e-02,    4.666100e-03,    4.666100e-03,    3.070000e-03,    3.070000e-03,    3.070000e-03,    3.070000e-03,    5.008400e-03,    5.008400e-03,
        35,    6.309500e+00,   -2.511652e-03,   -1.961572e-03,    2.958918e-02,   -2.189506e-02,   -2.342374e-02,    2.694544e-02,    8.439706e-03,    2.984566e-03,   -2.071639e-01,    1.828606e+00,    5.595003e-01,    3.272714e-01,    2.052600e-01,    1.008979e+00,    2.416333e-01,    1.378580e-01,   -2.839800e-03,    9.349400e-04,    3.062700e-02,   -2.128800e-02,   -2.304300e-02,    2.881700e-02,    9.126500e-03,    3.376400e-03,    1.584000e-03,    1.584000e-03,    1.854900e-03,    1.854900e-03,    1.854900e-03,    1.854900e-03,    2.842300e-03,    2.842300e-03,
        35,    1.000000e+01,   -2.058536e-03,   -2.959201e-03,    3.346749e-02,   -2.978253e-02,   -3.051642e-02,    3.382510e-02,    6.957194e-03,    2.762215e-03,   -6.598944e-01,    8.084315e-01,    1.328243e-01,    4.848133e-01,   -4.993764e-01,    1.202199e-01,    4.121284e-01,    1.656151e-01,   -3.309300e-03,   -1.426900e-03,    3.376900e-02,   -2.868200e-02,   -3.165000e-02,    3.409800e-02,    8.210600e-03,    3.265900e-03,    1.895400e-03,    1.895400e-03,    2.270000e-03,    2.270000e-03,    2.270000e-03,    2.270000e-03,    3.041300e-03,    3.041300e-03,
        35,    1.584800e+01,   -1.239880e-03,   -4.057593e-03,    3.963533e-02,   -4.134663e-02,   -3.899388e-02,    4.224713e-02,    5.923884e-03,    1.964949e-03,   -6.344499e-01,   -1.810550e-01,   -3.662384e-02,   -4.209866e-02,   -6.637276e-01,    5.350009e-01,    3.451318e-01,    3.383651e-01,   -2.912100e-03,   -4.534800e-03,    3.952800e-02,   -4.147000e-02,   -4.093900e-02,    4.381500e-02,    7.034000e-03,    3.053300e-03,    2.635700e-03,    2.635700e-03,    2.930600e-03,    2.930600e-03,    2.930600e-03,    2.930600e-03,    3.216500e-03,    3.216500e-03,
        36,    6.309500e+00,    1.429455e-02,   -1.210553e-03,    4.250789e-02,   -5.319770e-02,   -2.268969e-01,    1.369105e-01,   -2.307842e-02,   -3.984066e-03,    6.904603e-01,   -6.105052e-01,   -5.401471e-01,   -1.342715e-02,   -2.075517e+00,    9.661382e-01,    3.288324e-01,    1.024604e+00,    1.790600e-02,   -4.403800e-03,    3.883500e-02,   -5.328900e-02,   -2.410100e-01,    1.434800e-01,   -1.931000e-02,    7.757900e-03,    5.230500e-03,    5.230500e-03,    6.799800e-03,    6.799800e-03,    6.799800e-03,    6.799800e-03,    1.146000e-02,    1.146000e-02,
        36,    1.000000e+01,    1.447482e-02,    1.806889e-03,    5.354547e-02,   -7.100532e-02,   -2.669599e-01,    1.495219e-01,   -2.501051e-02,   -1.963343e-02,    1.150246e+00,   -9.377473e-01,   -7.676470e-01,    4.371893e-01,   -1.882802e+00,    8.583666e-01,   -6.864941e-02,    1.422503e+00,    2.186400e-02,   -4.217200e-03,    4.728700e-02,   -6.744100e-02,   -2.823100e-01,    1.565200e-01,   -2.595300e-02,   -1.038900e-04,    6.424000e-03,    6.424000e-03,    8.152800e-03,    8.152800e-03,    8.152800e-03,    8.152800e-03,    1.372900e-02,    1.372900e-02,
        36,    1.584800e+01,    1.285784e-02,    4.614789e-03,    6.746094e-02,   -9.590915e-02,   -3.036913e-01,    1.653532e-01,   -1.738759e-02,   -3.950532e-02,    1.097774e+00,   -1.164355e+00,   -6.005539e-01,   -2.968858e-01,   -2.297834e+00,    3.685209e-01,   -6.683044e-01,    1.104622e+00,    2.109400e-02,   -4.120900e-03,    6.124100e-02,   -9.898400e-02,   -3.274900e-01,    1.691700e-01,   -2.884300e-02,   -2.057100e-02,    7.502600e-03,    7.502600e-03,    1.035700e-02,    1.035700e-02,    1.035700e-02,    1.035700e-02,    1.714100e-02,    1.714100e-02,
        37,    6.309500e+00,    2.973731e-02,   -1.712099e-02,    5.918044e-02,   -8.067600e-02,   -1.048303e-01,    1.002827e-01,   -8.651295e-03,    4.164483e-03,   -9.606882e-02,    6.023042e-01,   -1.921787e-01,   -2.588067e-01,   -5.593062e-01,    4.431308e-01,   -7.151080e-01,    3.753166e-01,    2.892800e-02,   -1.204700e-02,    5.800200e-02,   -8.226300e-02,   -1.082600e-01,    1.030000e-01,   -1.379900e-02,    6.866200e-03,    8.424300e-03,    8.424300e-03,    6.132000e-03,    6.132000e-03,    6.132000e-03,    6.132000e-03,    7.198500e-03,    7.198500e-03,
        37,    1.000000e+01,    3.621073e-02,   -1.688322e-02,    7.732825e-02,   -1.085948e-01,   -1.327902e-01,    1.250637e-01,   -1.244836e-02,    9.096291e-04,   -4.341723e-01,    3.311175e-01,    3.322846e-02,   -4.246632e-01,   -1.891269e-01,   -2.340509e-01,   -3.440387e-01,   -1.124948e-01,    3.174700e-02,   -1.347900e-02,    7.759000e-02,   -1.119400e-01,   -1.342800e-01,    1.232200e-01,   -1.516100e-02,    2.264100e-05,    1.028100e-02,    1.028100e-02,    7.877400e-03,    7.877400e-03,    7.877400e-03,    7.877400e-03,    7.884700e-03,    7.884700e-03,
        37,    1.584800e+01,    4.158457e-02,   -1.533281e-02,    1.023318e-01,   -1.455254e-01,   -1.643180e-01,    1.543569e-01,   -1.501719e-02,   -5.289154e-03,   -4.542481e-01,   -9.583471e-02,    2.806830e-01,   -5.287814e-01,   -3.457182e-02,   -3.407025e-02,    9.099118e-02,   -8.439513e-01,    3.578200e-02,   -1.655700e-02,    1.051900e-01,   -1.509100e-01,   -1.646700e-01,    1.540100e-01,   -1.410800e-02,   -1.372200e-02,    1.277400e-02,    1.277400e-02,    1.018300e-02,    1.018300e-02,    1.018300e-02,    1.018300e-02,    9.992100e-03,    9.992100e-03,
        38,    6.309500e+00,   -9.052136e-03,   -4.108959e-03,    4.023081e-02,   -2.711176e-02,   -2.161593e-02,    2.009118e-02,    3.691205e-03,   -1.629269e-03,   -4.215975e+00,    2.065628e+00,    1.639674e-01,    3.984762e-01,   -1.367789e+00,   -8.981128e-01,   -2.058629e-01,    2.283881e-01,   -3.570300e-02,    8.948700e-03,    4.076400e-02,   -2.581600e-02,   -2.428900e-02,    1.833600e-02,    3.368000e-03,   -1.270700e-03,    6.321400e-03,    6.321400e-03,    3.251800e-03,    3.251800e-03,    1.954300e-03,    1.954300e-03,    1.570000e-03,    1.570000e-03,
        38,    1.000000e+01,   -7.469379e-03,   -4.724827e-03,    4.782181e-02,   -3.031260e-02,   -2.578342e-02,    2.645450e-02,    4.717562e-03,   -1.723653e-03,   -4.440157e+00,    1.184160e+00,   -2.326187e-01,   -6.303110e-02,   -7.308823e-01,   -1.394079e+00,   -3.710753e-01,    5.481385e-01,   -3.847100e-02,    3.543100e-03,    4.704900e-02,   -3.052200e-02,   -2.758300e-02,    2.302200e-02,    4.041500e-03,   -7.250000e-04,    6.982100e-03,    6.982100e-03,    3.322200e-03,    3.322200e-03,    2.462200e-03,    2.462200e-03,    1.821900e-03,    1.821900e-03,
        38,    1.584800e+01,   -6.249044e-03,   -5.499413e-03,    5.515598e-02,   -3.447526e-02,   -3.120056e-02,    3.536446e-02,    5.928843e-03,   -8.947617e-04,   -4.365880e+00,    1.784702e-01,   -1.149289e+00,   -3.031518e-01,   -2.909923e-02,   -1.382766e+00,   -1.000579e+00,    2.781433e-01,   -3.864300e-02,   -4.175200e-03,    5.214300e-02,   -3.527000e-02,   -3.130400e-02,    3.044900e-02,    3.953100e-03,   -3.455400e-04,    7.419800e-03,    7.419800e-03,    2.621600e-03,    2.621600e-03,    3.554800e-03,    3.554800e-03,    1.974600e-03,    1.974600e-03,
        39,    6.309500e+00,   -1.174120e-02,    2.046296e-03,    2.899425e-02,   -3.168670e-02,   -3.896458e-02,    2.744382e-02,    3.374072e-03,    1.494535e-03,   -8.138749e-01,    6.193981e-01,    9.732112e-01,    2.209676e-01,   -7.202098e-01,    1.049207e+00,   -4.353533e-01,    4.133150e-01,   -1.494600e-02,    4.485300e-03,    3.129200e-02,   -3.116500e-02,   -4.066500e-02,    2.992100e-02,    2.516600e-03,    2.308600e-03,    3.937700e-03,    3.937700e-03,    2.361000e-03,    2.361000e-03,    2.361000e-03,    2.361000e-03,    1.969600e-03,    1.969600e-03,
        39,    1.000000e+01,   -1.312253e-02,   -4.199903e-04,    3.896271e-02,   -3.933996e-02,   -4.649308e-02,    3.151123e-02,    3.317407e-03,    2.551477e-03,   -7.663536e-01,    5.826161e-01,    6.027043e-02,    1.254506e+00,   -7.556226e-01,    5.532261e-01,   -6.809149e-01,    1.060888e-01,   -1.654300e-02,    2.180400e-03,    3.913100e-02,   -3.583700e-02,   -4.860300e-02,    3.305600e-02,    1.883400e-03,    2.774900e-03,    4.463300e-03,    4.463300e-03,    2.792300e-03,    2.792300e-03,    2.792300e-03,    2.792300e-03,    2.106000e-03,    2.106000e-03,
        39,    1.584800e+01,   -1.319436e-02,   -3.971742e-03,    5.093603e-02,   -4.685719e-02,   -5.415929e-02,    3.689387e-02,    2.692808e-03,    4.295564e-03,   -7.482908e-01,    4.704246e-01,   -6.219299e-01,    1.155914e+00,   -7.978111e-01,    2.156542e-01,   -8.548117e-01,   -7.504360e-01,   -1.692900e-02,   -1.623900e-03,    4.886500e-02,   -4.300800e-02,   -5.681600e-02,    3.761200e-02,    9.006100e-04,    2.722200e-03,    4.990900e-03,    4.990900e-03,    3.330000e-03,    3.330000e-03,    3.330000e-03,    3.330000e-03,    2.096600e-03,    2.096600e-03,
        40,    6.309500e+00,   -1.092129e-02,   -4.524049e-03,    3.620643e-02,   -3.147157e-02,   -2.556893e-02,    2.112568e-02,    5.375226e-03,    3.915622e-04,   -1.834773e+00,   -5.279848e-01,   -7.879142e-01,   -8.041580e-01,    1.999334e-01,   -3.525763e-01,   -4.916686e-01,    1.205637e+00,   -1.961500e-02,   -7.025800e-03,    3.465400e-02,   -3.305600e-02,   -2.517500e-02,    2.043100e-02,    4.417800e-03,    2.739300e-03,    4.738300e-03,    4.738300e-03,    1.970300e-03,    1.970300e-03,    1.970300e-03,    1.970300e-03,    1.947300e-03,    1.947300e-03,
        40,    1.000000e+01,   -9.161257e-03,   -8.784397e-03,    4.542979e-02,   -3.908801e-02,   -3.077240e-02,    2.576678e-02,    5.389193e-03,    2.174073e-03,   -1.185712e+00,   -7.002976e-01,   -1.746308e+00,    7.867249e-02,    2.697605e-01,   -4.451180e-01,   -7.324618e-01,    7.042448e-01,   -1.506800e-02,   -1.227300e-02,    4.132300e-02,   -3.890300e-02,   -3.013800e-02,    2.472000e-02,    3.809200e-03,    3.693200e-03,    4.981600e-03,    4.981600e-03,    2.351700e-03,    2.351700e-03,    2.351700e-03,    2.351700e-03,    2.157100e-03,    2.157100e-03,
        40,    1.584800e+01,   -4.826081e-03,   -1.271687e-02,    5.716359e-02,   -4.715886e-02,   -3.665483e-02,    3.225024e-02,    4.235434e-03,    4.175837e-03,   -9.326429e-01,   -1.349522e+00,   -1.135503e+00,    5.168737e-01,    2.678616e-01,   -1.796128e-01,    2.819428e-01,    4.846297e-01,   -1.051800e-02,   -2.095300e-02,    5.386200e-02,   -4.565600e-02,   -3.587600e-02,    3.172800e-02,    5.036800e-03,    5.553300e-03,    6.103000e-03,    6.103000e-03,    2.907600e-03,    2.907600e-03,    2.907600e-03,    2.907600e-03,    2.842300e-03,    2.842300e-03,
        41,    6.309500e+00,    2.588001e-02,   -1.059143e-02,    2.305400e-02,   -2.589932e-02,   -4.739976e-02,    2.932339e-02,   -1.487900e-02,    9.996537e-03,    1.273493e-01,    1.677457e-01,    6.611286e-01,    3.799442e-01,    1.999992e-01,    4.792142e-02,   -2.378228e-01,   -9.316730e-02,    2.648100e-02,   -9.799800e-03,    2.451100e-02,   -2.506200e-02,   -4.695900e-02,    2.942900e-02,   -1.602600e-02,    9.547200e-03,    4.719200e-03,    4.719200e-03,    2.203800e-03,    2.203800e-03,    2.203800e-03,    2.203800e-03,    4.822900e-03,    4.822900e-03,
        41,    1.000000e+01,    2.947336e-02,   -8.718565e-03,    3.017592e-02,   -3.256577e-02,   -5.553888e-02,    3.157416e-02,   -1.889408e-02,    9.381636e-03,    1.221539e-01,    3.540662e-01,    3.659470e-01,    7.656658e-01,   -2.747664e-01,    4.101455e-02,   -1.037447e-01,   -1.409884e-01,    3.014600e-02,   -6.768900e-03,    3.114700e-02,   -3.053400e-02,   -5.626800e-02,    3.168300e-02,   -1.947100e-02,    8.597600e-03,    5.506500e-03,    5.506500e-03,    2.653600e-03,    2.653600e-03,    2.653600e-03,    2.653600e-03,    5.561000e-03,    5.561000e-03,
        41,    1.584800e+01,    3.150766e-02,   -6.283966e-03,    3.856100e-02,   -4.042172e-02,   -6.211153e-02,    3.481588e-02,   -2.201982e-02,    7.640487e-03,   -2.227972e-03,    5.929403e-01,   -2.395278e-01,    1.115760e+00,   -7.426536e-01,   -5.792208e-01,   -1.114194e-02,   -2.049757e-01,    3.149400e-02,   -2.647700e-03,    3.782000e-02,   -3.697000e-02,   -6.440900e-02,    3.302400e-02,   -2.208800e-02,    6.386200e-03,    6.132600e-03,    6.132600e-03,    3.093600e-03,    3.093600e-03,    3.093600e-03,    3.093600e-03,    6.119200e-03,    6.119200e-03,
        42,    6.309500e+00,   -1.289788e-02,    4.436631e-03,    2.905117e-02,   -3.208027e-02,   -3.656981e-02,    3.146452e-02,    1.329891e-03,   -9.308285e-04,    1.345559e-01,   -6.990231e-01,    2.928639e-01,    2.908808e-01,   -8.941372e-01,   -7.001485e-01,    1.509673e+00,    1.181175e-01,   -1.242700e-02,    1.990400e-03,    2.972400e-02,   -3.141200e-02,   -3.862400e-02,    2.985600e-02,    4.819500e-03,   -6.578000e-04,    3.499500e-03,    3.499500e-03,    2.297400e-03,    2.297400e-03,    2.297400e-03,    2.297400e-03,    2.311500e-03,    2.311500e-03,
        42,    1.000000e+01,   -1.589891e-02,    5.474277e-04,    3.913163e-02,   -3.809872e-02,   -4.585412e-02,    3.691611e-02,    3.223035e-03,   -2.551853e-03,    5.248887e-01,   -4.289909e-01,    1.097191e-01,    8.501741e-02,   -3.932611e-01,   -9.171585e-01,    9.885961e-01,    6.985806e-01,   -1.373700e-02,   -1.219500e-03,    3.944100e-02,   -3.785900e-02,   -4.696300e-02,    3.433000e-02,    6.000100e-03,   -5.894700e-04,    4.118800e-03,    4.118800e-03,    2.819700e-03,    2.819700e-03,    2.819700e-03,    2.819700e-03,    2.809100e-03,    2.809100e-03,
        42,    1.584800e+01,   -1.655631e-02,   -5.270757e-03,    4.962231e-02,   -4.456043e-02,   -5.546042e-02,    4.317033e-02,    6.606083e-03,   -1.803617e-03,    5.083785e-01,   -1.290265e-01,    4.880625e-01,   -1.858936e-01,    4.545825e-02,   -8.559025e-01,    4.735947e-01,    5.688107e-01,   -1.409200e-02,   -5.896200e-03,    5.129100e-02,   -4.519600e-02,   -5.530500e-02,    4.024400e-02,    8.298900e-03,    2.295400e-04,    4.847400e-03,    4.847400e-03,    3.419000e-03,    3.419000e-03,    3.419000e-03,    3.419000e-03,    3.574400e-03,    3.574400e-03,
        43,    6.309500e+00,   -7.920229e-03,   -7.497375e-03,    4.026017e-02,   -3.427293e-02,   -3.569764e-02,    2.672116e-02,    9.794276e-03,   -5.235009e-03,    4.985409e+00,    3.872102e+00,   -1.330009e+00,   -3.339977e-01,    2.412747e+00,    2.021998e+00,   -1.038079e-01,   -7.688558e-01,    1.438100e-02,    9.823700e-03,    3.712600e-02,   -3.506000e-02,   -3.001200e-02,    3.148600e-02,    9.434000e-03,   -7.903400e-03,    4.473300e-03,    4.473300e-03,    2.356500e-03,    2.356500e-03,    2.356500e-03,    2.356500e-03,    3.470600e-03,    3.470600e-03,
        43,    1.000000e+01,   -2.879382e-03,   -7.082359e-03,    4.995994e-02,   -4.019585e-02,   -3.998970e-02,    3.622311e-02,    1.082783e-02,   -6.884865e-03,    2.796379e+00,    4.103786e+00,   -5.893012e-01,   -1.556751e-01,    2.284330e+00,    2.235828e+00,    6.317578e-01,   -3.176597e-01,    1.085000e-02,    1.306600e-02,    4.823700e-02,   -4.065100e-02,   -3.331100e-02,    4.276000e-02,    1.361300e-02,   -8.285300e-03,    4.909700e-03,    4.909700e-03,    2.923700e-03,    2.923700e-03,    2.923700e-03,    2.923700e-03,    4.408600e-03,    4.408600e-03,
        43,    1.584800e+01,    1.071909e-03,   -3.324207e-03,    5.957063e-02,   -4.764542e-02,   -4.692185e-02,    5.088074e-02,    1.257074e-02,   -9.308203e-03,    1.073904e+00,    3.313567e+00,    4.995548e-02,   -3.823799e-01,    1.108568e+00,    1.884920e+00,    9.538725e-01,    9.443522e-02,    6.602300e-03,    1.374000e-02,    5.975700e-02,   -4.907200e-02,   -4.278600e-02,    5.791300e-02,    1.800400e-02,   -8.770300e-03,    5.149800e-03,    5.149800e-03,    3.730800e-03,    3.730800e-03,    3.730800e-03,    3.730800e-03,    5.696000e-03,    5.696000e-03,
        44,    6.309500e+00,   -1.575357e-02,   -5.089823e-03,    3.775952e-02,   -3.662537e-02,   -4.881029e-02,    2.875937e-02,    3.116548e-03,    1.503034e-03,   -9.612996e-01,    3.605602e-03,   -8.099826e-01,   -4.486125e-01,   -4.939553e-01,   -9.880313e-02,   -1.579655e-01,   -6.499337e-02,   -2.053200e-02,   -5.071900e-03,    3.554300e-02,   -3.785300e-02,   -5.016200e-02,    2.848900e-02,    2.798800e-03,    1.372300e-03,    4.970800e-03,    4.970800e-03,    2.736500e-03,    2.736500e-03,    2.736500e-03,    2.736500e-03,    2.011500e-03,    2.011500e-03,
        44,    1.000000e+01,   -1.300325e-02,   -8.325110e-03,    4.768874e-02,   -4.455909e-02,   -5.460481e-02,    3.465646e-02,    2.659921e-03,    1.685293e-03,   -8.605945e-01,   -1.906553e-01,   -7.705245e-01,   -3.284162e-01,   -1.538059e-01,   -7.269975e-01,    3.051339e-03,   -3.302519e-01,   -1.762000e-02,   -9.347900e-03,    4.495800e-02,   -4.572300e-02,   -5.509700e-02,    3.233000e-02,    2.666100e-03,    1.016500e-03,    5.364600e-03,    5.364600e-03,    3.544000e-03,    3.544000e-03,    3.200100e-03,    3.200100e-03,    2.025100e-03,    2.025100e-03,
        44,    1.584800e+01,   -8.689750e-03,   -1.036148e-02,    5.821801e-02,   -5.461557e-02,   -6.064675e-02,    4.448450e-02,    2.387009e-03,    2.023030e-03,   -6.620759e-01,   -2.999009e-01,   -6.504960e-02,   -5.363972e-01,    6.976264e-02,   -6.179681e-01,    2.340499e-01,   -2.950373e-01,   -1.241300e-02,   -1.204800e-02,    5.793200e-02,   -5.697400e-02,   -6.037700e-02,    4.209500e-02,    2.927500e-03,    1.341700e-03,    5.623600e-03,    5.623600e-03,    4.396800e-03,    4.396800e-03,    3.866700e-03,    3.866700e-03,    2.309300e-03,    2.309300e-03,
        45,    6.309500e+00,   -1.081022e-03,    2.701871e-03,    2.157801e-02,   -2.523337e-02,   -2.327370e-02,    3.215400e-02,    1.628944e-03,   -2.041066e-03,   -8.062193e-01,    2.839964e-01,    4.211692e-01,    2.006819e-01,    7.340227e-01,    7.686023e-01,    3.069825e-01,   -6.877498e-03,   -2.488600e-03,    3.197700e-03,    2.234900e-02,   -2.486600e-02,   -2.193000e-02,    3.356100e-02,    2.130400e-03,   -2.052300e-03,    1.745900e-03,    1.745900e-03,    1.830600e-03,    1.830600e-03,    1.830600e-03,    1.830600e-03,    1.633500e-03,    1.633500e-03,
        45,    1.000000e+01,   -2.136607e-03,    3.703149e-03,    2.615274e-02,   -3.529555e-02,   -3.118514e-02,    4.310094e-02,    2.014713e-03,   -4.200975e-03,   -7.883119e-01,   -9.370948e-03,    3.378379e-01,    9.383399e-02,    3.872738e-01,    2.594080e-01,    2.862450e-01,    6.250638e-01,   -3.966200e-03,    3.681400e-03,    2.697200e-02,   -3.506800e-02,   -3.024600e-02,    4.373000e-02,    2.631600e-03,   -2.853900e-03,    2.320900e-03,    2.320900e-03,    2.425000e-03,    2.425000e-03,    2.425000e-03,    2.425000e-03,    2.155100e-03,    2.155100e-03,
        45,    1.584800e+01,   -3.579204e-03,    4.473775e-03,    3.368148e-02,   -4.984279e-02,   -4.273470e-02,    5.676938e-02,    3.729618e-03,   -6.600778e-03,   -7.017595e-01,   -2.367041e-01,    9.791763e-02,    3.678454e-02,    1.116762e-01,    2.885911e-01,   -3.277996e-01,    7.626558e-01,   -5.715500e-03,    3.753200e-03,    3.400300e-02,   -4.972200e-02,   -4.236800e-02,    5.771700e-02,    2.780900e-03,   -4.393500e-03,    3.044200e-03,    3.044200e-03,    3.283600e-03,    3.283600e-03,    3.283600e-03,    3.283600e-03,    2.894200e-03,    2.894200e-03,
        46,    6.309500e+00,   -3.337777e-02,    1.010534e-02,    3.865354e-02,   -3.558800e-02,   -4.436019e-02,    2.772659e-02,    1.129863e-02,   -6.540788e-03,   -9.605003e-01,    4.527688e-01,    4.137623e-01,   -1.147639e-01,   -8.159364e-01,   -2.930892e-01,   -2.461621e-01,    1.332340e-01,   -4.024400e-02,    1.334200e-02,    3.976400e-02,   -3.589600e-02,   -4.655000e-02,    2.694000e-02,    1.036100e-02,   -6.033300e-03,    7.148600e-03,    7.148600e-03,    2.683800e-03,    2.683800e-03,    2.683800e-03,    2.683800e-03,    3.809000e-03,    3.809000e-03,
        46,    1.000000e+01,   -3.663986e-02,    7.008312e-03,    5.009345e-02,   -4.256895e-02,   -5.163359e-02,    3.116368e-02,    1.404106e-02,   -7.037925e-03,   -9.336410e-01,    3.300377e-02,    1.283700e-01,   -3.078152e-01,   -3.533752e-01,   -1.393801e-01,   -5.588775e-01,   -3.351223e-02,   -4.430300e-02,    7.279200e-03,    5.050300e-02,   -4.355100e-02,   -5.276100e-02,    3.071900e-02,    1.162000e-02,   -7.183100e-03,    8.207800e-03,    8.207800e-03,    3.190400e-03,    3.190400e-03,    3.190400e-03,    3.190400e-03,    4.332000e-03,    4.332000e-03,
        46,    1.584800e+01,   -3.756308e-02,    3.624440e-03,    6.290015e-02,   -4.898891e-02,   -5.839471e-02,    3.624210e-02,    1.686294e-02,   -6.565911e-03,   -9.017842e-01,   -1.189165e-01,   -1.268250e-01,   -5.280295e-01,   -4.106577e-01,   -3.445421e-01,   -7.751471e-01,   -3.947976e-01,   -4.578600e-02,    2.540100e-03,    6.242600e-02,   -5.096300e-02,   -5.993000e-02,    3.495400e-02,    1.304100e-02,   -8.512500e-03,    9.118500e-03,    9.118500e-03,    3.738600e-03,    3.738600e-03,    3.738600e-03,    3.738600e-03,    4.930600e-03,    4.930600e-03,
        47,    6.309500e+00,    1.628983e-02,   -1.407465e-05,    4.331713e-02,   -5.046317e-02,   -6.278709e-02,    4.599563e-02,   -1.013792e-02,    5.206062e-03,    6.529266e-02,    9.537726e-01,    4.477705e-01,   -4.189223e-01,   -3.680679e-01,   -1.468096e-01,   -2.410514e-01,   -2.159465e-01,    1.662800e-02,    4.925800e-03,    4.496300e-02,   -5.200300e-02,   -6.414000e-02,    4.545600e-02,   -1.124900e-02,    4.210700e-03,    5.179300e-03,    5.179300e-03,    3.675700e-03,    3.675700e-03,    3.675700e-03,    3.675700e-03,    4.609300e-03,    4.609300e-03,
        47,    1.000000e+01,    1.726786e-02,    4.846203e-03,    5.822911e-02,   -6.395037e-02,   -7.749820e-02,    5.188634e-02,   -1.330674e-02,    3.058046e-03,    7.122169e-02,    9.442658e-01,    1.656469e-01,    1.265346e-01,    2.132758e-01,   -6.305290e-01,   -1.810460e-01,   -3.665495e-01,    1.772100e-02,    1.085400e-02,    5.896400e-02,   -6.338900e-02,   -7.655200e-02,    4.908900e-02,   -1.428700e-02,    1.073400e-03,    6.362400e-03,    6.362400e-03,    4.436500e-03,    4.436500e-03,    4.436500e-03,    4.436500e-03,    5.414400e-03,    5.414400e-03,
        47,    1.584800e+01,    1.609758e-02,    1.097438e-02,    7.693301e-02,   -7.868753e-02,   -9.295898e-02,    5.738204e-02,   -1.620766e-02,   -8.881139e-04,   -3.523170e-01,    9.598359e-01,   -9.336796e-02,    7.151855e-03,    3.606525e-01,   -6.168177e-01,    1.995865e-01,   -8.094985e-01,    1.346700e-02,    1.814100e-02,    7.643000e-02,   -7.864900e-02,   -9.101600e-02,    5.405900e-02,   -1.497200e-02,   -5.899800e-03,    7.466500e-03,    7.466500e-03,    5.387400e-03,    5.387400e-03,    5.387400e-03,    5.387400e-03,    6.191100e-03,    6.191100e-03,
        48,    6.309500e+00,    2.872403e-03,   -1.600383e-03,    3.794646e-02,   -3.544474e-02,   -3.826208e-02,    3.770097e-02,    4.907902e-04,    5.312857e-03,   -1.544721e-01,    9.392351e-01,    2.066656e-01,    4.714910e-01,   -1.699516e-01,    4.764894e-01,    1.687497e-01,    7.138243e-02,    2.604100e-03,    3.097400e-05,    3.849600e-02,   -3.419100e-02,   -3.871400e-02,    3.896800e-02,    9.339100e-04,    5.500300e-03,    1.736900e-03,    1.736900e-03,    2.659100e-03,    2.659100e-03,    2.659100e-03,    2.659100e-03,    2.625900e-03,    2.625900e-03,
        48,    1.000000e+01,    3.626460e-03,   -2.722017e-04,    4.849083e-02,   -4.419624e-02,   -4.855778e-02,    4.660534e-02,   -1.008327e-03,    6.155789e-03,   -4.672406e-01,    6.303399e-01,   -2.725785e-01,    7.193791e-01,   -2.952150e-01,    7.748699e-02,   -2.495347e-03,    2.770986e-02,    2.682400e-03,    1.001400e-03,    4.759500e-02,   -4.183200e-02,   -4.952800e-02,    4.686000e-02,   -1.016100e-03,    6.242100e-03,    2.020500e-03,    2.020500e-03,    3.286500e-03,    3.286500e-03,    3.286500e-03,    3.286500e-03,    3.114800e-03,    3.114800e-03,
        48,    1.584800e+01,    2.834634e-03,    1.151169e-03,    6.111519e-02,   -5.347314e-02,   -6.123195e-02,    5.740639e-02,   -2.673754e-03,    7.359965e-03,   -6.149657e-01,    1.959700e-01,    4.940150e-02,    1.418959e-01,   -6.353941e-01,   -5.410209e-02,    4.810417e-02,   -3.178965e-01,    1.597200e-03,    1.545500e-03,    6.132100e-02,   -5.288200e-02,   -6.387900e-02,    5.718100e-02,   -2.500800e-03,    6.217000e-03,    2.012200e-03,    2.012200e-03,    4.166000e-03,    4.166000e-03,    4.166000e-03,    4.166000e-03,    3.595400e-03,    3.595400e-03,
VTF,
     StaID,        Freq[Hz],     Re(Tzx)_Cal,     Im(Tzx)_Cal,     Re(Tzy)_Cal,     Im(Tzy)_Cal,     Re(Tzx)_Res,     Im(Tzx)_Res,     Re(Tzy)_Res,     Im(Tzy)_Res,     Re(Tzx)_Obs,     Im(Tzx)_Obs,     Re(Tzy)_Obs,     Im(Tzy)_Obs,      Re(Tzx)_SD,      Im(Tzx)_SD,      Re(Tzy)_SD,      Im(Tzy)_SD,
      1001,    6.309500e+00,    1.075741e-01,    7.389563e-02,    7.581456e-02,   -3.116438e-02,    3.655297e-01,    1.401125e-01,   -4.155521e-01,   -2.368208e-01,    1.185400e-01,    7.809900e-02,    6.334800e-02,   -3.826900e-02,    3.000000e-02,    3.000000e-02,    3.000000e-02,    3.000000e-02,
      1001,    1.000000e+01,    6.779613e-02,    7.217984e-02,    9.680049e-02,   -3.610527e-02,    6.555289e-01,   -1.387615e-01,   -5.345496e-01,    6.160911e-02,    8.746200e-02,    6.801700e-02,    8.076400e-02,   -3.425700e-02,    3.000000e-02,    3.000000e-02,    3.000000e-02,    3.000000e-02,
      1001,    1.584800e+01,    3.532166e-02,    5.045786e-02,    1.186323e-01,   -2.711265e-02,    9.265115e-01,   -1.884952e-01,   -5.874107e-01,   -8.757825e-02,    6.311700e-02,    4.480300e-02,    1.010100e-01,   -2.974000e-02,    3.000000e-02,    3.000000e-02,    3.000000e-02,    3.000000e-02,
      1002,    6.309500e+00,    1.437133e-01,    6.917164e-02,   -9.703156e-02,    3.331627e-02,    4.505561e-01,   -1.573547e-01,    3.235215e-02,   -5.774243e-02,    1.572300e-01,    6.445100e-02,   -9.606100e-02,    3.158400e-02,    3.000000e-02,    3.000000e-02,    3.000000e-02,    3.000000e-02,
      1002,    1.000000e+01,    1.037599e-01,    6.027831e-02,   -9.395161e-02,    2.727524e-02,    7.073374e-01,   -2.284361e-02,   -1.754130e-01,    2.365587e-01,    1.249800e-01,    5.959300e-02,   -9.921400e-02,    3.437200e-02,    3.000000e-02,    3.000000e-02,    3.000000e-02,    3.000000e-02,
      1002,    1.584800e+01,    7.571848e-02,    2.984391e-02,   -9.278869e-02,    3.782389e-02,    8.410507e-01,    3.876967e-02,   -3.643771e-01,    1.968035e-01,    1.009500e-01,    3.100700e-02,   -1.037200e-01,    4.372800e-02,    3.000000e-02,    3.000000e-02,    3.000000e-02,    3.000000e-02,
      1004,    6.309500e+00,    1.042080e-02,    4.025762e-02,    4.878348e-01,    5.235903e-02,    1.364173e+00,   -5.316873e-01,   -3.724923e-01,    1.401332e+00,    5.134600e-02,    2.430700e-02,    4.766600e-01,    9.439900e-02,    3.000000e-02,    3.000000e-02,    3.000000e-02,    3.000000e-02,
      1004,    1.000000e+01,   -9.260197e-03,    4.485293e-02,    4.606241e-01,    1.008888e-01,    1.219873e+00,    7.693358e-01,   -4.048036e-01,    4.907068e-01,    2.733600e-02,    6.793300e-02,    4.484800e-01,    1.156100e-01,    3.000000e-02,    3.000000e-02,    3.000000e-02,    3.000000e-02,
      1004,    1.584800e+01,   -2.960082e-02,    4.267108e-02,    4.115679e-01,    1.388817e-01,   -7.242059e-01,    1.418831e+00,   -3.125967e-01,   -1.002724e+00,   -5.132700e-02,    8.523600e-02,    4.021900e-01,    1.088000e-01,    3.000000e-02,    3.000000e-02,    3.000000e-02,    3.000000e-02,
      1005,    6.309500e+00,    1.514915e-01,    7.820396e-02,    8.315983e-02,   -2.842890e-02,   -1.130504e-01,   -3.208655e-01,    1.984391e-01,    6.207499e-01,    1.481000e-01,    6.857800e-02,    8.911300e-02,   -9.806400e-03,    3.000000e-02,    3.000000e-02,    3.000000e-02,    3.000000e-02,
      1005,    1.000000e+01,    1.114272e-01,    9.064810e-02,    1.031466e-01,   -3.521193e-02,    1.704268e-01,   -4.786034e-01,   -1.735876e-01,    6.849312e-01,    1.165400e-01,    7.629000e-02,    9.793900e-02,   -1.466400e-02,    3.000000e-02,    3.000000e-02,    3.000000e-02,    3.000000e-02,
      1005,    1.584800e+01,    7.075259e-02,    8.593872e-02,    1.240975e-01,   -2.874380e-02,    5.916805e-01,   -5.647572e-01,   -5.632516e-01,    4.421266e-01,    8.850300e-02,    6.899600e-02,    1.072000e-01,   -1.548000e-02,    3.000000e-02,    3.000000e-02,    3.000000e-02,    3.000000e-02,
      1006,    6.309500e+00,    5.535069e-02,   -1.041259e-02,    3.046652e-02,    5.983467e-02,   -6.984564e-01,    1.839197e-01,    1.620583e+00,   -2.505223e-01,    3.439700e-02,   -4.895000e-03,    7.908400e-02,    5.231900e-02,    3.000000e-02,    3.000000e-02,    3.000000e-02,    3.000000e-02,
      1006,    1.000000e+01,    5.778186e-02,    8.918709e-03,    8.346930e-03,    5.318555e-02,   -8.079954e-01,    2.766375e-03,    1.494369e+00,    1.719485e-01,    3.354200e-02,    9.001700e-03,    5.317800e-02,    5.834400e-02,    3.000000e-02,    3.000000e-02,    3.000000e-02,    3.000000e-02,
      1006,    1.584800e+01,    4.939670e-02,    2.855739e-02,   -1.129062e-02,    4.131117e-02,   -8.739234e-01,   -2.913797e-01,    1.274021e+00,    2.553275e-01,    2.317900e-02,    1.981600e-02,    2.693000e-02,    4.897100e-02,    3.000000e-02,    3.000000e-02,    3.000000e-02,    3.000000e-02,
      1007,    6.309500e+00,   -7.820138e-02,   -1.357755e-02,    1.385451e-01,    2.130818e-02,    5.449126e-01,    8.299515e-01,   -3.215047e-01,   -3.785460e-01,   -6.185400e-02,    1.132100e-02,    1.289000e-01,    9.951800e-03,    3.000000e-02,    3.000000e-02,    3.000000e-02,    3.000000e-02,
      1007,    1.000000e+01,   -7.538819e-02,   -8.594844e-03,    1.353035e-01,    2.930875e-02,    5.309398e-01,    8.942948e-01,   -2.044493e-01,   -1.407583e-01,   -5.946000e-02,    1.823400e-02,    1.291700e-01,    2.508600e-02,    3.000000e-02,    3.000000e-02,    3.000000e-02,    3.000000e-02,
      1007,    1.584800e+01,   -7.736743e-02,   -6.078539e-03,    1.281084e-01,    4.178889e-02,    7.460478e-01,    7.568180e-01,   -1.289469e-01,   -4.186316e-02,   -5.498600e-02,    1.662600e-02,    1.242400e-01,    4.053300e-02,    3.000000e-02,    3.000000e-02,    3.000000e-02,    3.000000e-02,
      1008,    6.309500e+00,    1.518557e-01,    9.346672e-02,   -8.268044e-02,    6.470637e-02,    6.461435e-01,    9.434428e-01,   -1.119319e+00,   -1.656455e-01,    1.712400e-01,    1.217700e-01,   -1.162600e-01,    5.973700e-02,    3.000000e-02,    3.000000e-02,    3.000000e-02,    3.000000e-02,
      1008,    1.000000e+01,    9.916799e-02,    9.992524e-02,   -1.077703e-01,    3.609121e-02,    4.044004e-01,    1.060825e+00,   -1.358658e+00,    1.115598e-01,    1.113000e-01,    1.317500e-01,   -1.485300e-01,    3.943800e-02,    3.000000e-02,    3.000000e-02,    3.000000e-02,    3.000000e-02,
      1008,    1.584800e+01,    5.209388e-02,    7.877873e-02,   -1.128402e-01,    1.614962e-03,   -6.106265e-02,    6.253090e-01,   -1.465659e+00,   -1.551987e-01,    5.026200e-02,    9.753800e-02,   -1.568100e-01,   -3.041000e-03,    3.000000e-02,    3.000000e-02,    3.000000e-02,    3.000000e-02,
      1009,    6.309500e+00,   -2.051167e-01,    1.091928e-01,    1.762617e-01,    1.243655e-02,    6.762232e-01,    1.563905e+00,    6.596084e-01,   -2.297485e-01,   -1.848300e-01,    1.561100e-01,    1.960500e-01,    5.544100e-03,    3.000000e-02,    3.000000e-02,    3.000000e-02,    3.000000e-02,
      1009,    1.000000e+01,   -2.547090e-01,    7.487342e-02,    1.688509e-01,    6.101538e-03,    1.290967e+00,    6.660194e-01,    3.026370e-01,    3.966821e-01,   -2.159800e-01,    9.485400e-02,    1.779300e-01,    1.800200e-02,    3.000000e-02,    3.000000e-02,    3.000000e-02,    3.000000e-02,
      1009,    1.584800e+01,   -2.800847e-01,    2.205237e-02,    1.690287e-01,   -4.380934e-03,    1.218157e+00,    2.229875e-01,    7.400444e-01,    3.933311e-01,   -2.435400e-01,    2.874200e-02,    1.912300e-01,    7.419000e-03,    3.000000e-02,    3.000000e-02,    3.000000e-02,    3.000000e-02,
      1010,    6.309500e+00,    1.652204e-01,    9.015334e-02,    6.650119e-02,    1.749889e-02,    3.616520e-01,   -5.946781e-01,    2.756627e+00,    3.530370e+00,    1.760700e-01,    7.231300e-02,    1.492000e-01,    1.234100e-01,    3.000000e-02,    3.000000e-02,    3.000000e-02,    3.000000e-02,
      1010,    1.000000e+01,    1.225518e-01,    1.212700e-01,    6.713771e-02,    1.673176e-02,    5.929397e-01,   -2.566680e-01,    7.358429e-01,    3.595608e+00,    1.403400e-01,    1.135700e-01,    8.921300e-02,    1.246000e-01,    3.000000e-02,    3.000000e-02,    3.000000e-02,    3.000000e-02,
      1010,    1.584800e+01,    6.615648e-02,    1.389937e-01,    6.493666e-02,    2.310258e-02,    2.254839e-01,   -1.012482e-02,   -1.017455e+00,    2.538147e+00,    7.292100e-02,    1.386900e-01,    3.441300e-02,    9.924700e-02,    3.000000e-02,    3.000000e-02,    3.000000e-02,    3.000000e-02,
      1011,    6.309500e+00,    1.770283e-01,    5.677621e-02,   -9.690924e-02,   -3.530852e-02,    3.237236e-01,    5.818265e-01,    5.247747e-01,   -6.619159e-01,    1.867400e-01,    7.423100e-02,   -8.116600e-02,   -5.516600e-02,    3.000000e-02,    3.000000e-02,    3.000000e-02,    3.000000e-02,
      1011,    1.000000e+01,    1.581456e-01,    5.484344e-02,   -6.792285e-02,   -5.170726e-02,    5.647858e-02,    6.425853e-01,    3.671282e-01,    2.740875e-02,    1.598400e-01,    7.412100e-02,   -5.690900e-02,   -5.088500e-02,    3.000000e-02,    3.000000e-02,    3.000000e-02,    3.000000e-02,
      1011,    1.584800e+01,    1.449157e-01,    5.788882e-02,   -4.102311e-02,   -4.907076e-02,   -1.918563e-01,    1.418394e-01,   -3.892966e-02,    2.460586e-01,    1.391600e-01,    6.214400e-02,   -4.219100e-02,   -4.168900e-02,    3.000000e-02,    3.000000e-02,    3.000000e-02,    3.000000e-02,
      1012,    6.309500e+00,    2.089810e-01,    1.376700e-01,   -2.605641e-02,    9.809079e-02,    7.759682e-01,   -9.733349e-01,   -1.328530e-01,   -6.965931e-01,    2.322600e-01,    1.084700e-01,   -3.004200e-02,    7.719300e-02,    3.000000e-02,    3.000000e-02,    3.000000e-02,    3.000000e-02,
      1012,    1.000000e+01,    1.413503e-01,    1.252100e-01,   -6.454124e-02,    5.062238e-02,    1.136990e+00,   -3.453328e-01,    1.454143e-02,   -4.645459e-01,    1.754600e-01,    1.148500e-01,   -6.410500e-02,    3.668600e-02,    3.000000e-02,    3.000000e-02,    3.000000e-02,    3.000000e-02,
      1014,    6.309500e+00,    3.083679e-01,    1.703426e-02,    6.775331e-02,    9.664009e-02,   -9.995963e-01,    3.015801e-02,   -1.845344e+00,    2.453305e-01,    2.783800e-01,    1.793900e-02,    1.239300e-02,    1.040000e-01,    3.000000e-02,    3.000000e-02,    3.000000e-02,    3.000000e-02,
      1014,    1.000000e+01,    2.995127e-01,    7.797357e-02,    2.928984e-02,    1.097139e-01,   -8.557579e-01,   -1.048192e-01,   -2.036795e+00,   -2.611300e-01,    2.738400e-01,    7.482900e-02,   -3.181400e-02,    1.018800e-01,    3.000000e-02,    3.000000e-02,    3.000000e-02,    3.000000e-02,
      1014,    1.584800e+01,    2.603673e-01,    1.398140e-01,   -1.726994e-02,    1.126700e-01,   -5.399086e-01,   -4.844673e-01,   -2.281702e+00,   -8.969338e-01,    2.441700e-01,    1.252800e-01,   -8.572100e-02,    8.576200e-02,    3.000000e-02,    3.000000e-02,    3.000000e-02,    3.000000e-02,
      1015,    6.309500e+00,    7.624362e-02,    9.792379e-02,   -4.478630e-02,    3.705745e-03,   -6.140875e-01,   -5.709264e-01,    2.593766e-01,    1.091308e+00,    5.782100e-02,    8.079600e-02,   -3.700500e-02,    3.644500e-02,    3.000000e-02,    3.000000e-02,    3.000000e-02,    3.000000e-02,
      1016,    1.000000e+01,    9.138420e-02,    1.205952e-01,   -2.667677e-02,    4.018782e-02,    2.911193e+00,    3.036827e+00,   -2.365410e-01,   -1.768994e+00,    1.787200e-01,    2.117000e-01,   -3.377300e-02,   -1.288200e-02,    3.000000e-02,    3.000000e-02,    3.000000e-02,    3.000000e-02,
      1016,    1.584800e+01,    4.014745e-02,    1.407952e-01,   -4.094676e-02,    2.126115e-02,    1.778085e+00,    6.161600e-01,    5.169919e-01,   -1.493038e+00,    9.349000e-02,    1.592800e-01,   -2.543700e-02,   -2.353000e-02,    3.000000e-02,    3.000000e-02,    3.000000e-02,    3.000000e-02,
      1017,    6.309500e+00,    5.175387e-02,   -7.628562e-02,    7.081342e-02,   -5.612649e-02,   -1.376962e+00,   -5.979291e-03,    4.221861e-01,   -6.365836e-01,    1.044500e-02,   -7.646500e-02,    8.347900e-02,   -7.522400e-02,    3.000000e-02,    3.000000e-02,    3.000000e-02,    3.000000e-02,
      1017,    1.000000e+01,    8.128110e-02,   -7.267801e-02,    9.732914e-02,   -8.232526e-02,   -1.315670e+00,   -1.564330e-01,    3.123621e-01,   -2.585807e-02,    4.181100e-02,   -7.737100e-02,    1.067000e-01,   -8.310100e-02,    3.000000e-02,    3.000000e-02,    3.000000e-02,    3.000000e-02,
      1017,    1.584800e+01,    1.052699e-01,   -6.194393e-02,    1.353691e-01,   -9.913777e-02,   -1.100729e+00,   -5.939689e-01,   -7.496964e-02,    1.989227e-02,    7.224800e-02,   -7.976300e-02,    1.331200e-01,   -9.854100e-02,    3.000000e-02,    3.000000e-02,    3.000000e-02,    3.000000e-02,
      1018,    1.000000e+01,   -3.122108e-02,    4.858226e-02,   -5.099776e-02,   -3.013514e-02,    2.719027e-01,    7.923248e-01,    3.271587e-01,    2.129048e-01,   -2.306400e-02,    7.235200e-02,   -4.118300e-02,   -2.374800e-02,    3.000000e-02,    3.000000e-02,    3.000000e-02,    3.000000e-02,
      1018,    1.584800e+01,   -4.225334e-02,    2.172350e-02,   -2.732715e-02,   -1.244744e-02,    2.015114e-01,    7.486501e-01,   -4.272827e-02,    2.231413e-01,   -3.620800e-02,    4.418300e-02,   -2.860900e-02,   -5.753200e-03,    3.000000e-02,    3.000000e-02,    3.000000e-02,    3.000000e-02,
      1019,    6.309500e+00,   -4.941377e-03,    1.461998e-01,    3.429927e-02,   -2.126061e-02,    3.798379e+00,    9.526718e-01,    4.064024e+00,    4.725020e+00,    1.090100e-01,    1.747800e-01,    1.562200e-01,    1.204900e-01,    3.000000e-02,    3.000000e-02,    3.000000e-02,    3.000000e-02,
      1019,    1.000000e+01,   -7.141701e-02,    1.745020e-01,    4.684721e-02,   -4.604374e-02,    2.827734e+00,   -9.673327e-02,    1.507626e+00,    4.865025e+00,    1.341500e-02,    1.716000e-01,    9.207600e-02,    9.990700e-02,    3.000000e-02,    3.000000e-02,    3.000000e-02,    3.000000e-02,
      1019,    1.584800e+01,   -1.492636e-01,    1.794142e-01,    7.217074e-02,   -6.504258e-02,   -1.322148e-01,    5.471924e-01,    1.748309e+00,    8.122195e-01,   -1.532300e-01,    1.958300e-01,    1.246200e-01,   -4.067600e-02,    3.000000e-02,    3.000000e-02,    3.000000e-02,    3.000000e-02,
      1020,    6.309500e+00,    3.828860e-02,    1.136639e-01,   -3.795825e-02,    2.606920e-03,    8.032135e-01,   -4.642314e-01,    3.324151e-02,   -4.100399e-02,    6.238500e-02,    9.973700e-02,   -3.696100e-02,    1.376800e-03,    3.000000e-02,    3.000000e-02,    3.000000e-02,    3.000000e-02,
      1020,    1.000000e+01,   -1.446706e-02,    1.187948e-01,   -2.588004e-02,   -8.271037e-03,    1.143869e+00,   -3.584950e-01,   -4.487319e-01,    3.679579e-01,    1.984900e-02,    1.080400e-01,   -3.934200e-02,    2.767700e-03,    3.000000e-02,    3.000000e-02,    3.000000e-02,    3.000000e-02,
      1020,    1.584800e+01,   -6.620943e-02,    1.044098e-01,   -1.393498e-02,   -4.426281e-03,    1.222448e+00,   -4.046589e-01,   -6.316673e-01,    1.228257e-01,   -2.953600e-02,    9.227000e-02,   -3.288500e-02,   -7.415100e-04,    3.000000e-02,    3.000000e-02,    3.000000e-02,    3.000000e-02,
      1021,    1.584800e+01,    1.212369e-01,    1.326072e-02,   -1.809749e-02,    3.152193e-02,   -4.596632e+00,   -8.876574e-01,   -2.810838e-01,    3.768357e-01,   -1.666200e-02,   -1.336900e-02,   -2.653000e-02,    4.282700e-02,    3.000000e-02,    3.000000e-02,    3.000000e-02,    3.000000e-02,
      1022,    6.309500e+00,    2.006574e-01,    7.849300e-02,    5.818211e-02,    1.157179e-02,    1.414184e-01,    2.200000e-01,    1.183763e+00,    3.602069e-01,    2.049000e-01,    8.509300e-02,    9.369500e-02,    2.237800e-02,    3.000000e-02,    3.000000e-02,    3.000000e-02,    3.000000e-02,
      1022,    1.000000e+01,    1.599633e-01,    1.012471e-01,    5.752578e-02,    9.604041e-04,    2.332231e-01,    3.880951e-01,    1.216674e+00,    7.815865e-01,    1.669600e-01,    1.128900e-01,    9.402600e-02,    2.440800e-02,    3.000000e-02,    3.000000e-02,    3.000000e-02,    3.000000e-02,
      1022,    1.584800e+01,    1.136329e-01,    1.080249e-01,    6.363555e-02,   -5.774021e-03,   -3.100964e-01,    2.181699e-01,    1.045248e+00,    9.463340e-01,    1.043300e-01,    1.145700e-01,    9.499300e-02,    2.261600e-02,    3.000000e-02,    3.000000e-02,    3.000000e-02,    3.000000e-02,
      1023,    6.309500e+00,    9.621129e-02,    5.751658e-02,   -8.512374e-02,   -1.974210e-02,   -9.770764e-01,    8.471141e-01,    3.282912e-01,   -8.552992e-02,    6.689900e-02,    8.293000e-02,   -7.527500e-02,   -2.230800e-02,    3.000000e-02,    3.000000e-02,    3.000000e-02,    3.000000e-02,
      1023,    1.000000e+01,    7.380367e-02,    4.079076e-02,   -5.760490e-02,   -2.941701e-02,   -1.212622e+00,    5.057414e-01,   -5.216986e-02,    6.620238e-01,    3.742500e-02,    5.596300e-02,   -5.917000e-02,   -9.556300e-03,    3.000000e-02,    3.000000e-02,    3.000000e-02,    3.000000e-02,
      1023,    1.584800e+01,    6.607205e-02,    2.300953e-02,   -3.382060e-02,   -1.381910e-02,   -1.439635e+00,   -3.111759e-02,   -4.612135e-01,    8.064367e-01,    2.288300e-02,    2.207600e-02,   -4.765700e-02,    1.037400e-02,    3.000000e-02,    3.000000e-02,    3.000000e-02,    3.000000e-02,
      1024,    6.309500e+00,    1.678912e-01,    8.690982e-02,    1.195539e-01,    2.574139e-03,   -8.287066e-01,    4.286061e-01,   -6.111296e-01,   -4.330713e-01,    1.430300e-01,    9.976800e-02,    1.012200e-01,   -1.041800e-02,    3.000000e-02,    3.000000e-02,    3.000000e-02,    3.000000e-02,
      1024,    1.000000e+01,    1.172480e-01,    1.123042e-01,    1.156131e-01,    1.089745e-03,   -2.799331e-01,    5.945261e-01,   -1.721018e-01,   -3.112182e-01,    1.088500e-01,    1.301400e-01,    1.104500e-01,   -8.246800e-03,    3.000000e-02,    3.000000e-02,    3.000000e-02,    3.000000e-02,
      1024,    1.584800e+01,    6.446949e-02,    1.113762e-01,    1.146875e-01,   -3.099354e-03,   -3.080164e-01,    3.984603e-01,    4.408314e-02,   -6.651549e-01,    5.522900e-02,    1.233300e-01,    1.160100e-01,   -2.305400e-02,    3.000000e-02,    3.000000e-02,    3.000000e-02,    3.000000e-02,
      1026,    6.309500e+00,    1.363805e-01,    8.759273e-02,   -2.045791e-02,    4.152844e-02,    1.516982e+00,    4.585756e-01,    1.346230e+00,   -1.143825e+00,    1.818900e-01,    1.013500e-01,    1.992900e-02,    7.213700e-03,    3.000000e-02,    3.000000e-02,    3.000000e-02,    3.000000e-02,
      1026,    1.000000e+01,    8.899792e-02,    1.007618e-01,   -3.800029e-02,    1.448568e-02,    1.704736e+00,    2.726080e-01,    9.065429e-01,   -2.278328e-01,    1.401400e-01,    1.089400e-01,   -1.080400e-02,    7.650700e-03,    3.000000e-02,    3.000000e-02,    3.000000e-02,    3.000000e-02,
      1026,    1.584800e+01,    4.077295e-02,    9.148971e-02,   -3.796521e-02,   -1.875419e-02,   -2.446514e-02,   -4.357903e-01,    3.621404e-01,    1.271373e+00,    4.003900e-02,    7.841600e-02,   -2.710100e-02,    1.938700e-02,    3.000000e-02,    3.000000e-02,    3.000000e-02,    3.000000e-02,
      1027,    6.309500e+00,    1.239204e-01,    1.746207e-02,    1.437164e-01,    9.863281e-02,   -1.500120e-01,    2.051310e-01,   -8.525453e-01,   -5.508938e-01,    1.194200e-01,    2.361600e-02,    1.181400e-01,    8.210600e-02,    3.000000e-02,    3.000000e-02,    3.000000e-02,    3.000000e-02,
      1027,    1.000000e+01,    1.147571e-01,    4.723849e-02,    1.039402e-01,    1.223232e-01,   -2.532351e-01,   -1.016162e-01,   -6.890731e-01,   -5.817718e-01,    1.071600e-01,    4.419000e-02,    8.326800e-02,    1.048700e-01,    3.000000e-02,    3.000000e-02,    3.000000e-02,    3.000000e-02,
      1027,    1.584800e+01,    9.180915e-02,    7.554213e-02,    5.226373e-02,    1.356503e-01,   -3.688716e-01,   -4.676042e-01,   -8.747243e-01,   -6.596752e-01,    8.074300e-02,    6.151400e-02,    2.602200e-02,    1.158600e-01,    3.000000e-02,    3.000000e-02,    3.000000e-02,    3.000000e-02,
      1028,    6.309500e+00,    7.532347e-02,    8.797473e-03,    7.113703e-02,    1.025834e-01,   -2.782823e-01,    4.231176e-01,   -1.580010e-01,   -8.828127e-01,    6.697500e-02,    2.149100e-02,    6.639700e-02,    7.609900e-02,    3.000000e-02,    3.000000e-02,    3.000000e-02,    3.000000e-02,
      1028,    1.000000e+01,    6.908750e-02,    2.986665e-02,    3.081170e-02,    1.147477e-01,   -4.370166e-01,   -1.754987e-03,    5.477654e-02,   -6.404555e-01,    5.597700e-02,    2.981400e-02,    3.245500e-02,    9.553400e-02,    3.000000e-02,    3.000000e-02,    3.000000e-02,    3.000000e-02,
      1028,    1.584800e+01,    5.247260e-02,    4.884409e-02,   -1.531328e-02,    1.166077e-01,   -4.436535e-01,   -3.391030e-01,    5.961327e-01,   -2.362553e-01,    3.916300e-02,    3.867100e-02,    2.570700e-03,    1.095200e-01,    3.000000e-02,    3.000000e-02,    3.000000e-02,    3.000000e-02,
      1029,    6.309500e+00,    6.963878e-02,    6.592628e-02,    1.015399e-02,    5.230575e-02,    1.272073e-01,    1.688791e+00,   -8.918330e-01,   -4.191916e-01,    7.345500e-02,    1.165900e-01,   -1.660100e-02,    3.973000e-02,    3.000000e-02,    3.000000e-02,    3.000000e-02,    3.000000e-02,
      1029,    1.000000e+01,    3.496389e-02,    6.932382e-02,   -1.393361e-02,    3.957438e-02,   -1.028630e-01,    1.228873e+00,   -1.847797e-01,   -4.470458e-01,    3.187800e-02,    1.061900e-01,   -1.947700e-02,    2.616300e-02,    3.000000e-02,    3.000000e-02,    3.000000e-02,    3.000000e-02,
      1029,    1.584800e+01,    7.437455e-03,    5.849411e-02,   -2.556861e-02,    1.766992e-02,   -5.090985e-01,    9.497963e-01,   -1.381796e-01,   -2.607039e-01,   -7.835500e-03,    8.698800e-02,   -2.971400e-02,    9.848800e-03,    3.000000e-02,    3.000000e-02,    3.000000e-02,    3.000000e-02,
      1030,    6.309500e+00,    3.058349e-02,    8.305713e-02,    7.459492e-02,    2.846764e-03,    1.857217e+00,   -1.166838e+00,    2.270836e+00,    2.740675e+00,    8.630000e-02,    4.805200e-02,    1.427200e-01,    8.506700e-02,    3.000000e-02,    3.000000e-02,    3.000000e-02,    3.000000e-02,
      1032,    6.309500e+00,    2.515429e-01,    4.873279e-02,    2.963559e-02,    4.907664e-02,    1.140903e+00,    2.304240e+00,    5.732802e-01,   -1.616348e+00,    2.857700e-01,    1.178600e-01,    4.683400e-02,    5.861900e-04,    3.000000e-02,    3.000000e-02,    3.000000e-02,    3.000000e-02,
      1032,    1.000000e+01,    2.222715e-01,    8.612124e-02,    2.274866e-03,    4.278527e-02,    5.509282e+00,    3.403959e+00,   -2.916855e-01,   -2.211276e+00,    3.875500e-01,    1.882400e-01,   -6.475700e-03,   -2.355300e-02,    3.000000e-02,    3.000000e-02,    3.000000e-02,    3.000000e-02,
      1032,    1.584800e+01,    1.782519e-01,    1.083559e-01,   -1.485798e-02,    2.200453e-02,    6.275271e+00,    1.836802e+00,    5.650427e-01,   -1.846484e+00,    3.665100e-01,    1.634600e-01,    2.093300e-03,   -3.339000e-02,    3.000000e-02,    3.000000e-02,    3.000000e-02,    3.000000e-02,
      1033,    6.309500e+00,   -1.769321e-01,    1.014380e-02,   -8.076185e-02,    5.996013e-02,   -6.502636e-01,   -6.090331e-02,    8.580617e-01,   -5.779710e-01,   -1.964400e-01,    8.316700e-03,   -5.502000e-02,    4.262100e-02,    3.000000e-02,    3.000000e-02,    3.000000e-02,    3.000000e-02,
      1033,    1.000000e+01,   -1.598496e-01,   -3.410786e-02,   -8.892530e-02,    3.192723e-02,   -8.640145e-01,   -1.196712e-01,    7.829435e-01,   -3.662410e-01,   -1.857700e-01,   -3.769800e-02,   -6.543700e-02,    2.094000e-02,    3.000000e-02,    3.000000e-02,    3.000000e-02,    3.000000e-02,
      1033,    1.584800e+01,   -1.236737e-01,   -4.856068e-02,   -8.790841e-02,    1.714251e-02,   -7.855419e-01,   -3.154106e-01,    3.354804e-01,   -2.491804e-01,   -1.472400e-01,   -5.802300e-02,   -7.784400e-02,    9.667100e-03,    3.000000e-02,    3.000000e-02,    3.000000e-02,    3.000000e-02,
      1034,    6.309500e+00,   -1.445608e-01,    1.319484e-01,   -8.685867e-02,    1.625087e-01,    8.802522e-02,    6.205287e-02,   -2.232044e+00,   -1.745958e+00,   -1.419200e-01,    1.338100e-01,   -1.538200e-01,    1.101300e-01,    3.000000e-02,    3.000000e-02,    3.000000e-02,    3.000000e-02,
      1034,    1.000000e+01,   -2.118637e-01,    1.050712e-01,   -1.608678e-01,    1.492743e-01,    4.207885e-01,    9.062657e-02,   -1.143739e+00,   -1.324811e+00,   -1.992400e-01,    1.077900e-01,   -1.951800e-01,    1.095300e-01,    3.000000e-02,    3.000000e-02,    3.000000e-02,    3.000000e-02,
      1034,    1.584800e+01,   -2.565361e-01,    4.631399e-02,   -2.237628e-01,    1.065933e-01,    5.898702e-01,    1.433004e-01,   -6.575734e-01,   -1.057210e+00,   -2.388400e-01,    5.061300e-02,   -2.434900e-01,    7.487700e-02,    3.000000e-02,    3.000000e-02,    3.000000e-02,    3.000000e-02,
      1035,    6.309500e+00,    1.471896e-02,    7.517832e-02,    1.007216e-01,   -1.779017e-02,    4.050128e-02,    2.173056e+00,    1.196946e+00,    9.586055e-01,    1.593400e-02,    1.403700e-01,    1.366300e-01,    1.096800e-02,    3.000000e-02,    3.000000e-02,    3.000000e-02,    3.000000e-02,
      1035,    1.000000e+01,   -2.376098e-02,    7.180592e-02,    1.094990e-01,   -3.341738e-02,   -1.980006e-01,    9.032694e-01,    3.410329e-01,    8.306827e-01,   -2.970100e-02,    9.890400e-02,    1.197300e-01,   -8.496900e-03,    3.000000e-02,    3.000000e-02,    3.000000e-02,    3.000000e-02,
      1035,    1.584800e+01,   -5.207832e-02,    5.372106e-02,    1.326424e-01,   -4.318991e-02,   -3.639893e-01,    4.480981e-01,   -2.847465e-01,    7.133971e-01,   -6.299800e-02,    6.716400e-02,    1.241000e-01,   -2.178800e-02,    3.000000e-02,    3.000000e-02,    3.000000e-02,    3.000000e-02,
      1036,    6.309500e+00,    3.154590e-01,    3.579538e-02,    1.847223e-01,   -1.942146e-02,    3.046985e-01,    4.576539e-01,    2.959217e-01,    1.983915e+00,    3.246000e-01,    4.952500e-02,    1.936000e-01,    4.009600e-02,    3.000000e-02,    3.000000e-02,    3.000000e-02,    3.000000e-02,
      1036,    1.000000e+01,    2.998954e-01,    1.022960e-01,    1.840417e-01,   -1.358307e-02,   -3.058456e-01,   -7.645005e-01,    4.069429e-01,    1.821269e+00,    2.907200e-01,    7.936100e-02,    1.962500e-01,    4.105500e-02,    3.000000e-02,    3.000000e-02,    3.000000e-02,    3.000000e-02,
      1036,    1.584800e+01,    2.484174e-01,    1.673331e-01,    1.880199e-01,   -1.328238e-02,    1.369418e+00,   -6.791036e-01,    4.396706e-01,    2.631046e+00,    2.895000e-01,    1.469600e-01,    2.012100e-01,    6.564900e-02,    3.000000e-02,    3.000000e-02,    3.000000e-02,    3.000000e-02,
      1038,    6.309500e+00,    1.253197e-01,    8.368279e-02,   -4.679130e-02,    3.651875e-02,    2.178343e+00,    2.234240e+00,   -9.653901e-01,    2.408375e+00,    1.906700e-01,    1.507100e-01,   -7.575300e-02,    1.087700e-01,    3.000000e-02,    3.000000e-02,    3.000000e-02,    3.000000e-02,
      1038,    1.000000e+01,    7.679113e-02,    1.053325e-01,   -5.672052e-02,    2.847774e-02,    8.786291e-01,    1.995915e+00,   -1.934649e+00,    2.245754e-01,    1.031500e-01,    1.652100e-01,   -1.147600e-01,    3.521500e-02,    3.000000e-02,    3.000000e-02,    3.000000e-02,    3.000000e-02,
      1038,    1.584800e+01,    1.896025e-02,    1.005809e-01,   -6.523104e-02,    2.002549e-02,    9.591794e-03,    2.616305e+00,   -1.982299e+00,   -2.201350e+00,    1.924800e-02,    1.790700e-01,   -1.247000e-01,   -4.601500e-02,    3.000000e-02,    3.000000e-02,    3.000000e-02,    3.000000e-02,
      1039,    6.309500e+00,    2.065967e-01,   -1.696050e-03,    4.167180e-01,    4.027476e-02,    6.124447e-01,    7.279835e-02,    7.517327e-01,    1.932041e+00,    2.249700e-01,    4.879000e-04,    4.392700e-01,    9.823600e-02,    3.000000e-02,    3.000000e-02,    3.000000e-02,    3.000000e-02,
      1039,    1.000000e+01,    2.010232e-01,    2.208235e-02,    4.023211e-01,    9.882632e-02,    7.428931e-01,    2.451216e-01,   -5.587030e-01,    1.475789e+00,    2.233100e-01,    2.943600e-02,    3.855600e-01,    1.431000e-01,    3.000000e-02,    3.000000e-02,    3.000000e-02,    3.000000e-02,
      1039,    1.584800e+01,    1.868750e-01,    4.239273e-02,    3.557961e-01,    1.588631e-01,    4.914984e-01,    9.032757e-01,   -1.366203e+00,    3.452285e-01,    2.016200e-01,    6.949100e-02,    3.148100e-01,    1.692200e-01,    3.000000e-02,    3.000000e-02,    3.000000e-02,    3.000000e-02,
      1040,    6.309500e+00,    1.003113e-01,    9.912546e-02,   -3.512306e-01,   -8.698205e-02,   -1.496009e+00,    1.254848e-01,    8.783542e-01,   -6.345984e-01,    5.543100e-02,    1.028900e-01,   -3.248800e-01,   -1.060200e-01,    3.000000e-02,    3.000000e-02,    3.000000e-02,    3.000000e-02,
      1040,    1.000000e+01,    4.514639e-02,    1.157074e-01,   -2.848629e-01,   -1.546033e-01,   -7.560463e-01,   -4.272482e-01,    3.784316e-01,   -1.492243e-01,    2.246500e-02,    1.028900e-01,   -2.735100e-01,   -1.590800e-01,    3.000000e-02,    3.000000e-02,    3.000000e-02,    3.000000e-02,
      1040,    1.584800e+01,   -7.263643e-03,    1.069435e-01,   -2.083779e-01,   -1.862551e-01,   -9.281189e-02,   -5.669156e-01,   -2.650715e-01,   -2.981623e-01,   -1.004800e-02,    8.993600e-02,   -2.163300e-01,   -1.952000e-01,    3.000000e-02,    3.000000e-02,    3.000000e-02,    3.000000e-02,
      1041,    6.309500e+00,    8.276849e-02,    5.995182e-02,   -5.404366e-03,   -6.443272e-02,    1.543504e-01,    9.208062e-01,    1.605979e+00,    1.105124e+00,    8.739900e-02,    8.757600e-02,    4.277500e-02,   -3.127900e-02,    3.000000e-02,    3.000000e-02,    3.000000e-02,    3.000000e-02,
      1041,    1.000000e+01,    5.785839e-02,    4.697544e-02,    3.347708e-02,   -8.103502e-02,    6.452869e-01,    8.151855e-01,    7.320973e-01,    1.934501e+00,    7.721700e-02,    7.143100e-02,    5.544000e-02,   -2.300000e-02,    3.000000e-02,    3.000000e-02,    3.000000e-02,    3.000000e-02,
      1041,    1.584800e+01,    4.490387e-02,    2.972892e-02,    7.034972e-02,   -7.652533e-02,    3.044709e-01,    4.148027e-01,   -5.091905e-01,    1.541644e+00,    5.403800e-02,    4.217300e-02,    5.507400e-02,   -3.027600e-02,    3.000000e-02,    3.000000e-02,    3.000000e-02,    3.000000e-02,
      1042,    6.309500e+00,    1.133442e-01,    8.834480e-02,   -2.520454e-02,   -6.769687e-04,   -4.648740e-01,   -6.329325e-02,    1.481518e+00,    5.469656e-01,    9.939800e-02,    8.644600e-02,    1.924100e-02,    1.573200e-02,    3.000000e-02,    3.000000e-02,    3.000000e-02,    3.000000e-02,
      1042,    1.000000e+01,    6.846196e-02,    9.002195e-02,   -1.332787e-02,   -1.317837e-02,   -5.219851e-02,   -2.184318e-01,    1.087796e+00,    9.304124e-01,    6.689600e-02,    8.346900e-02,    1.930600e-02,    1.473400e-02,    3.000000e-02,    3.000000e-02,    3.000000e-02,    3.000000e-02,
      1042,    1.584800e+01,    2.943223e-02,    7.209970e-02,    4.246342e-05,   -1.184012e-02,    3.059924e-01,   -2.511900e-01,    8.539846e-01,    8.152041e-01,    3.861200e-02,    6.456400e-02,    2.566200e-02,    1.261600e-02,    3.000000e-02,    3.000000e-02,    3.000000e-02,    3.000000e-02,
      1043,    6.309500e+00,   -2.764410e-03,   -3.342589e-02,   -3.965306e-02,    3.525075e-02,   -6.583530e-01,    9.529568e-03,    6.711687e-01,    3.471083e-01,   -2.251500e-02,   -3.314000e-02,   -1.951800e-02,    4.566400e-02,    3.000000e-02,    3.000000e-02,    3.000000e-02,    3.000000e-02,
      1043,    1.000000e+01,    1.849490e-02,   -6.100990e-02,   -5.271491e-02,    4.530583e-03,   -3.597068e-01,   -9.933667e-02,    2.177305e-01,    1.042814e+00,    7.703700e-03,   -6.399000e-02,   -4.618300e-02,    3.581500e-02,    3.000000e-02,    3.000000e-02,    3.000000e-02,    3.000000e-02,
      1043,    1.584800e+01,    5.134983e-02,   -7.312825e-02,   -4.672056e-02,   -2.972497e-02,    5.283892e-02,   -5.170583e-01,    1.702186e-01,    8.873291e-01,    5.293500e-02,   -8.864000e-02,   -4.161400e-02,   -3.105100e-03,    3.000000e-02,    3.000000e-02,    3.000000e-02,    3.000000e-02,
      1044,    6.309500e+00,    2.240648e-01,    6.670045e-02,    6.201620e-02,    1.639107e-02,    1.543505e+00,   -6.670482e-01,    2.804127e+00,    1.171977e-01,    2.703700e-01,    4.668900e-02,    1.461400e-01,    1.990700e-02,    3.000000e-02,    3.000000e-02,    3.000000e-02,    3.000000e-02,
      1044,    1.000000e+01,    1.905479e-01,    1.102417e-01,    6.299613e-02,    1.319968e-02,    1.915070e+00,   -5.139133e-02,    2.031796e+00,    9.716438e-01,    2.480000e-01,    1.087000e-01,    1.239500e-01,    4.234900e-02,    3.000000e-02,    3.000000e-02,    3.000000e-02,    3.000000e-02,
      1044,    1.584800e+01,    1.373249e-01,    1.425433e-01,    6.292196e-02,    1.709994e-02,    2.342505e+00,    3.258898e-01,    1.198901e+00,    1.412735e+00,    2.076000e-01,    1.523200e-01,    9.888900e-02,    5.948200e-02,    3.000000e-02,    3.000000e-02,    3.000000e-02,    3.000000e-02,
      1045,    6.309500e+00,    1.482964e-01,    2.619191e-03,    8.030690e-04,    1.567627e-01,   -4.532150e-01,   -2.969597e-01,   -7.611356e-01,    1.329102e-01,    1.347000e-01,   -6.289600e-03,   -2.203100e-02,    1.607500e-01,    3.000000e-02,    3.000000e-02,    3.000000e-02,    3.000000e-02,
      1045,    1.000000e+01,    1.445909e-01,    3.226543e-02,   -5.958113e-02,    1.786013e-01,   -4.106976e-01,   -6.880477e-01,   -6.975290e-01,   -5.704199e-02,    1.322700e-01,    1.162400e-02,   -8.050700e-02,    1.768900e-01,    3.000000e-02,    3.000000e-02,    3.000000e-02,    3.000000e-02,
      1045,    1.584800e+01,    1.265805e-01,    6.130989e-02,   -1.313568e-01,    1.864278e-01,   -3.123509e-01,   -1.107396e+00,   -6.981055e-01,   -3.029269e-01,    1.172100e-01,    2.808800e-02,   -1.523000e-01,    1.773400e-01,    3.000000e-02,    3.000000e-02,    3.000000e-02,    3.000000e-02,
      1046,    6.309500e+00,   -7.677559e-02,    1.001704e-02,    1.531925e-01,    8.754801e-02,   -2.228024e-02,    1.575532e+00,    4.624923e-02,   -1.031334e+00,   -7.744400e-02,    5.728300e-02,    1.545800e-01,    5.660800e-02,    3.000000e-02,    3.000000e-02,    3.000000e-02,    3.000000e-02,
      1046,    1.000000e+01,   -8.975650e-02,    7.226290e-03,    1.161888e-01,    1.104237e-01,    3.980834e-01,    2.748237e-01,   -3.129587e-01,    2.012110e-01,   -7.781400e-02,    1.547100e-02,    1.068000e-01,    1.164600e-01,    3.000000e-02,    3.000000e-02,    3.000000e-02,    3.000000e-02,
      1046,    1.584800e+01,   -9.903068e-02,   -7.999765e-03,    6.946757e-02,    1.213970e-01,    6.476559e-01,    1.505509e-03,   -5.533525e-01,   -2.649008e-01,   -7.960100e-02,   -7.954600e-03,    5.286700e-02,    1.134500e-01,    3.000000e-02,    3.000000e-02,    3.000000e-02,    3.000000e-02,
