MT,
     StaID,        Freq[Hz],     Re(Zxx)_Cal,     Im(Zxx)_Cal,     Re(Zxy)_Cal,     Im(Zxy)_Cal,     Re(Zyx)_Cal,     Im(Zyx)_Cal,     Re(Zyy)_Cal,     Im(Zyy)_Cal,     Re(Zxx)_Res,     Im(Zxx)_Res,     Re(Zxy)_Res,     Im(Zxy)_Res,     Re(Zyx)_Res,     Im(Zyx)_Res,     Re(Zyy)_Res,     Im(Zyy)_Res,     Re(Zxx)_Obs,     Im(Zxx)_Obs,     Re(Zxy)_Obs,     Im(Zxy)_Obs,     Re(Zyx)_Obs,     Im(Zyx)_Obs,     Re(Zyy)_Obs,     Im(Zyy)_Obs,      Re(Zxx)_SD,      Im(Zxx)_SD,      Re(Zxy)_SD,      Im(Zxy)_SD,      Re(Zyx)_SD,      Im(Zyx)_SD,      Re(Zyy)_SD,      Im(Zyy)_SD,
         1,    6.309500e+00,   -2.037571e-02,   -1.945445e-03,    3.774211e-02,   -2.864978e-02,   -7.429989e-02,    2.975724e-02,    2.284523e-02,   -9.512017e-03,   -7.768135e-02,   -1.781953e-01,   -1.290625e+00,    7.884259e-01,    8.062379e-02,   -1.436322e-01,    6.961487e-01,   -9.122859e-01,   -2.072500e-02,   -2.746700e-03,    3.396600e-02,   -2.634300e-02,   -7.406400e-02,    2.933700e-02,    2.817000e-02,   -1.649000e-02,    4.496500e-03,    4.496500e-03,    2.925800e-03,    2.925800e-03,    2.925800e-03,    2.925800e-03,    7.648900e-03,    7.648900e-03,
         1,    1.000000e+01,   -1.808018e-02,   -2.800116e-03,    4.595141e-02,   -3.231697e-02,   -7.988428e-02,    3.443761e-02,    2.531098e-02,   -1.099466e-02,   -3.946214e-02,   -3.865745e-01,   -1.916725e+00,    8.492267e-01,    5.601421e-01,   -1.224554e+00,    8.902078e-01,   -9.781336e-01,   -1.826100e-02,   -4.571400e-03,    3.977400e-02,   -2.958000e-02,   -7.807900e-02,    3.049100e-02,    3.285700e-02,   -1.928600e-02,    4.582000e-03,    4.582000e-03,    3.222900e-03,    3.222900e-03,    3.222900e-03,    3.222900e-03,    8.476700e-03,    8.476700e-03,
         1,    1.584800e+01,   -1.569655e-02,   -1.732504e-03,    5.305848e-02,   -3.709432e-02,   -8.593546e-02,    4.359773e-02,    2.792678e-02,   -1.307990e-02,    2.643327e-01,   -6.138314e-01,   -1.809045e+00,    6.455159e-01,    1.153112e+00,   -1.493860e+00,    1.136256e+00,   -9.659914e-01,   -1.451900e-02,   -4.467000e-03,    4.651100e-02,   -3.475800e-02,   -8.176200e-02,    3.819100e-02,    3.875200e-02,   -2.228300e-02,    4.454800e-03,    4.454800e-03,    3.619300e-03,    3.619300e-03,    3.619300e-03,    3.619300e-03,    9.527100e-03,    9.527100e-03,
         2,    6.309500e+00,   -1.364807e-02,   -5.162283e-03,    3.753656e-02,   -3.606923e-02,   -3.410751e-02,    2.532592e-02,   -2.641906e-04,    3.474253e-03,   -7.141714e-01,    2.336590e-01,   -1.003984e+00,    6.258542e-01,    9.089099e-01,   -2.425507e-01,    4.111256e-02,    3.375628e-01,   -1.675400e-02,   -4.146100e-03,    3.462300e-02,   -3.425300e-02,   -3.208800e-02,    2.478700e-02,   -1.843500e-04,    4.129800e-03,    4.349000e-03,    4.349000e-03,    2.902000e-03,    2.902000e-03,    2.221900e-03,    2.221900e-03,    1.942000e-03,    1.942000e-03,
         2,    1.000000e+01,   -1.063274e-02,   -6.784684e-03,    4.705861e-02,   -4.365790e-02,   -3.908667e-02,    3.257115e-02,   -1.241412e-03,    4.147655e-03,   -9.224350e-01,    1.741260e-01,   -1.402274e+00,    7.038495e-01,    4.793290e-01,   -7.153480e-01,    2.845246e-01,    4.836084e-01,   -1.493000e-02,   -5.973500e-03,    4.313000e-02,   -4.168600e-02,   -3.779200e-02,    3.063900e-02,   -5.530900e-04,    5.317600e-03,    4.658600e-03,    4.658600e-03,    2.801600e-03,    2.801600e-03,    2.701000e-03,    2.701000e-03,    2.419200e-03,    2.419200e-03,
         2,    1.584800e+01,   -7.237039e-03,   -6.826152e-03,    5.697436e-02,   -5.383016e-02,   -4.543828e-02,    4.350488e-02,   -2.222148e-03,    5.047101e-03,   -1.109281e+00,    2.367283e-01,   -9.920607e-01,    5.288319e-01,   -9.106680e-02,   -1.063175e+00,    2.518593e-01,    4.918825e-01,   -1.258200e-02,   -5.685500e-03,    5.363300e-02,   -5.204900e-02,   -4.574500e-02,    3.992400e-02,   -1.460400e-03,    6.534800e-03,    4.818400e-03,    4.818400e-03,    3.368100e-03,    3.368100e-03,    3.368100e-03,    3.368100e-03,    3.024500e-03,    3.024500e-03,
         4,    6.309500e+00,   -6.323969e-04,    4.134496e-03,    4.791320e-02,   -3.834070e-02,   -4.536626e-02,    4.759901e-02,   -1.020503e-02,    2.115603e-03,   -5.087145e-01,    3.743118e-01,   -2.930362e-01,   -4.781832e-02,   -6.639285e-01,   -5.818423e-01,    3.110783e-01,   -2.504761e-01,   -2.033600e-03,    5.165500e-03,    4.698600e-02,   -3.849200e-02,   -4.746700e-02,    4.575800e-02,   -9.059700e-03,    1.193400e-03,    2.754400e-03,    2.754400e-03,    3.164100e-03,    3.164100e-03,    3.164100e-03,    3.164100e-03,    3.681800e-03,    3.681800e-03,
         4,    1.000000e+01,   -2.420379e-03,    5.837954e-03,    5.654169e-02,   -4.832656e-02,   -5.670937e-02,    6.038135e-02,   -1.203714e-02,   -1.332354e-03,   -6.057481e-01,    2.434173e-01,   -4.308713e-01,    2.927159e-01,   -6.521633e-01,   -8.425599e-01,    2.199836e-01,   -2.879562e-01,   -4.629300e-03,    6.725600e-03,    5.487900e-02,   -4.719700e-02,   -5.922600e-02,    5.713000e-02,   -1.102900e-02,   -2.652000e-03,    3.646600e-03,    3.646600e-03,    3.858900e-03,    3.858900e-03,    3.858900e-03,    3.858900e-03,    4.582800e-03,    4.582800e-03,
         4,    1.584800e+01,   -4.372722e-03,    7.222457e-03,    6.668597e-02,   -6.233702e-02,   -7.028556e-02,    7.751458e-02,   -1.248863e-02,   -6.110281e-03,   -8.147934e-01,   -2.158101e-01,   -7.039339e-01,    3.256034e-01,   -1.136603e-01,   -1.261474e+00,    1.435451e-01,   -3.527195e-01,   -8.026500e-03,    6.254700e-03,    6.337600e-02,   -6.080600e-02,   -7.082000e-02,    7.158300e-02,   -1.167400e-02,   -8.112000e-03,    4.484300e-03,    4.484300e-03,    4.702100e-03,    4.702100e-03,    4.702100e-03,    4.702100e-03,    5.675100e-03,    5.675100e-03,
         5,    6.309500e+00,   -7.651730e-03,   -7.954408e-03,    4.021677e-02,   -3.555237e-02,   -4.339447e-02,    2.303020e-02,   -1.180532e-03,    3.174827e-03,   -2.484542e-01,   -3.432201e-01,   -3.931221e-01,    8.113512e-01,    1.954119e+00,   -9.703319e-01,    1.469848e+00,   -3.553782e-01,   -8.604800e-03,   -9.271000e-03,    3.928000e-02,   -3.361900e-02,   -3.873800e-02,    2.071800e-02,    1.301600e-03,    2.574700e-03,    3.836000e-03,    3.836000e-03,    2.382900e-03,    2.382900e-03,    2.382900e-03,    2.382900e-03,    1.688700e-03,    1.688700e-03,
         5,    1.000000e+01,   -4.334083e-03,   -1.069433e-02,    5.030197e-02,   -4.144099e-02,   -4.844765e-02,    2.628076e-02,   -2.143310e-03,    3.034437e-03,   -2.917544e-02,   -4.852678e-01,   -8.627491e-01,    1.019622e+00,    1.945734e+00,   -1.236963e+00,    1.527125e+00,   -2.869993e-01,   -4.460500e-03,   -1.279700e-02,    4.793700e-02,   -3.864600e-02,   -4.311400e-02,    2.289000e-02,    4.306600e-04,    2.550700e-03,    4.333000e-03,    4.333000e-03,    2.741200e-03,    2.741200e-03,    2.741200e-03,    2.741200e-03,    1.685500e-03,    1.685500e-03,
         5,    1.584800e+01,    1.195614e-04,   -1.283872e-02,    6.009976e-02,   -4.887393e-02,   -5.274758e-02,    3.205532e-02,   -2.699402e-03,    3.098248e-03,    3.624953e-01,   -5.383059e-01,   -5.764138e-01,    7.335216e-01,    1.776357e+00,   -1.387560e+00,    1.168896e+00,   -1.189471e-01,    1.981700e-03,   -1.560400e-02,    5.826100e-02,   -4.653400e-02,   -4.708100e-02,    2.762900e-02,   -4.878500e-04,    2.873200e-03,    5.137000e-03,    5.137000e-03,    3.190000e-03,    3.190000e-03,    3.190000e-03,    3.190000e-03,    1.892000e-03,    1.892000e-03,
         6,    6.309500e+00,    1.401098e-01,   -7.363160e-02,    9.800128e-02,   -9.201439e-02,   -2.088058e-01,    1.338925e-01,   -1.027047e-01,    7.431880e-02,   -7.692587e-01,    6.224935e-01,   -1.831501e+00,    1.445848e+00,    5.213211e+00,   -4.162385e+00,    1.283365e+00,   -8.558688e-01,    1.253700e-01,   -6.170400e-02,    8.408700e-02,   -8.103000e-02,   -1.692000e-01,    1.022700e-01,   -7.631100e-02,    5.671700e-02,    1.916100e-02,    1.916100e-02,    7.597200e-03,    7.597200e-03,    7.597200e-03,    7.597200e-03,    2.056600e-02,    2.056600e-02,
         6,    1.000000e+01,    1.690226e-01,   -7.045234e-02,    1.268289e-01,   -1.090343e-01,   -2.547447e-01,    1.430604e-01,   -1.304623e-01,    7.804401e-02,   -8.805671e-01,    5.906782e-01,   -1.980436e+00,    1.635667e+00,    5.546739e+00,   -4.003995e+00,    1.393590e+00,   -8.174495e-01,    1.490100e-01,   -5.702800e-02,    1.088000e-01,   -9.414400e-02,   -2.042500e-01,    1.066100e-01,   -9.674300e-02,    5.826500e-02,    2.272700e-02,    2.272700e-02,    9.103500e-03,    9.103500e-03,    9.103500e-03,    9.103500e-03,    2.419600e-02,    2.419600e-02,
         6,    1.584800e+01,    1.950108e-01,   -5.969739e-02,    1.600099e-01,   -1.262021e-01,   -2.996935e-01,    1.467985e-01,   -1.597009e-01,    7.646987e-02,   -9.376395e-01,    5.025524e-01,   -2.328844e+00,    1.754349e+00,    5.643111e+00,   -3.692221e+00,    1.589925e+00,   -8.073758e-01,    1.704400e-01,   -4.652800e-02,    1.352100e-01,   -1.075200e-01,   -2.396000e-01,    1.074800e-01,   -1.159700e-01,    5.426300e-02,    2.620500e-02,    2.620500e-02,    1.064900e-02,    1.064900e-02,    1.064900e-02,    1.064900e-02,    2.750500e-02,    2.750500e-02,
         7,    6.309500e+00,    4.314008e-03,    7.878566e-04,    2.934408e-02,   -3.260676e-02,   -3.936300e-02,    3.620704e-02,   -4.614602e-03,    6.005364e-03,    8.927179e-02,    6.274877e-01,    1.518506e+00,   -1.166423e+00,   -1.191974e+00,    9.758908e-01,   -8.992550e-01,    1.971906e-01,    4.524600e-03,    2.268100e-03,    3.337100e-02,   -3.570000e-02,   -4.252400e-02,    3.879500e-02,   -7.912800e-03,    6.728600e-03,    2.359000e-03,    2.359000e-03,    2.651900e-03,    2.651900e-03,    2.651900e-03,    2.651900e-03,    3.667700e-03,    3.667700e-03,
         7,    1.000000e+01,    4.501130e-03,    2.366977e-03,    3.873689e-02,   -4.138766e-02,   -5.000005e-02,    4.279664e-02,   -6.530149e-03,    6.981662e-03,   -1.398159e-01,    8.047589e-01,    1.608749e+00,   -7.890686e-01,   -1.198523e+00,    7.779076e-01,   -7.324912e-01,   -6.410838e-02,    4.086800e-03,    4.751800e-03,    4.406700e-02,   -4.400200e-02,   -5.397100e-02,    4.537400e-02,   -9.698100e-03,    6.704400e-03,    2.963400e-03,    2.963400e-03,    3.313200e-03,    3.313200e-03,    3.313200e-03,    3.313200e-03,    4.324900e-03,    4.324900e-03,
         7,    1.584800e+01,    3.609459e-03,    4.535487e-03,    5.067426e-02,   -5.121332e-02,   -6.148408e-02,    5.029929e-02,   -8.558624e-03,    7.829925e-03,   -5.438267e-01,    6.050548e-01,    1.522390e+00,   -6.433664e-01,   -1.138573e+00,    7.605421e-01,   -4.872484e-01,   -1.927045e-01,    1.718900e-03,    6.638900e-03,    5.688500e-02,   -5.383800e-02,   -6.612900e-02,    5.340200e-02,   -1.098400e-02,    6.870700e-03,    3.476400e-03,    3.476400e-03,    4.079600e-03,    4.079600e-03,    4.079600e-03,    4.079600e-03,    4.977700e-03,    4.977700e-03,
         8,    1.584800e+01,   -2.805587e-01,    1.571264e-01,    8.988176e-02,   -1.178131e-01,   -3.164499e-01,    1.665267e-01,   -2.822008e-02,   -5.340715e-03,   -1.293369e+00,    1.437042e+00,   -1.135529e+00,   -9.850841e-02,    4.174970e+00,   -2.766374e+00,    5.577596e-01,    2.822259e-02,   -3.260400e-01,    2.076600e-01,    7.804500e-02,   -1.188400e-01,   -2.729300e-01,    1.376900e-01,   -2.136800e-02,   -4.994000e-03,    3.516500e-02,    3.516500e-02,    1.042400e-02,    1.042400e-02,    1.042400e-02,    1.042400e-02,    1.228500e-02,    1.228500e-02,
         9,    6.309500e+00,   -8.278280e-03,   -2.044100e-03,    3.225147e-02,   -2.251366e-02,   -3.160229e-02,    1.854454e-02,    2.043734e-03,   -5.337277e-04,   -1.325395e+00,   -5.303355e-01,    6.704068e-02,    1.123158e-01,   -1.197001e-01,   -2.183782e-02,   -2.003391e-01,    3.876797e-01,   -1.284400e-02,   -3.871000e-03,    3.237900e-02,   -2.230000e-02,   -3.183000e-02,    1.850300e-02,    1.799100e-03,   -6.033200e-05,    3.444800e-03,    3.444800e-03,    1.902300e-03,    1.902300e-03,    1.902300e-03,    1.902300e-03,    1.221100e-03,    1.221100e-03,
         9,    1.000000e+01,   -7.301611e-03,   -2.718802e-03,    3.816086e-02,   -2.506405e-02,   -3.560403e-02,    2.189684e-02,    2.493594e-03,   -1.010684e-03,   -1.029199e+00,   -7.848874e-01,    7.488962e-02,   -1.087703e-01,    1.363523e-01,   -1.840079e-01,   -3.118372e-01,    3.406805e-01,   -1.096700e-02,   -5.514100e-03,    3.832400e-02,   -2.530100e-02,   -3.530700e-02,    2.149600e-02,    2.055400e-03,   -5.319600e-04,    3.561400e-03,    3.561400e-03,    2.178400e-03,    2.178400e-03,    2.178400e-03,    2.178400e-03,    1.405200e-03,    1.405200e-03,
         9,    1.584800e+01,   -6.171619e-03,   -3.278215e-03,    4.302402e-02,   -2.895124e-02,   -3.944197e-02,    2.738944e-02,    3.320286e-03,   -1.007756e-03,   -2.567216e-01,   -8.980793e-01,    2.204294e-01,   -2.647916e-01,    5.614973e-01,   -8.105717e-01,   -2.330981e-01,    1.541617e-01,   -7.033100e-03,   -6.291900e-03,    4.380800e-02,   -2.989300e-02,   -3.805900e-02,    2.539300e-02,    2.910500e-03,   -7.367400e-04,    3.355700e-03,    3.355700e-03,    3.556600e-03,    3.556600e-03,    2.463000e-03,    2.463000e-03,    1.758000e-03,    1.758000e-03,
        10,    6.309500e+00,   -1.188306e-02,    1.793528e-02,    5.093123e-02,   -5.392687e-02,   -6.982359e-02,    5.815710e-02,    1.958756e-02,   -2.874271e-02,   -5.692622e-01,    2.245321e-01,    1.567532e+00,   -1.756763e+00,   -1.985310e+00,    3.156987e+00,    1.304991e+00,   -2.902477e-02,   -1.584000e-02,    1.949600e-02,    5.846400e-02,   -6.236900e-02,   -7.936400e-02,    7.332800e-02,    3.308900e-02,   -2.904300e-02,    6.951000e-03,    6.951000e-03,    4.805500e-03,    4.805500e-03,    4.805500e-03,    4.805500e-03,    1.034600e-02,    1.034600e-02,
        10,    1.000000e+01,   -1.973089e-02,    2.211975e-02,    6.526020e-02,   -6.801759e-02,   -8.685860e-02,    6.916886e-02,    2.847131e-02,   -3.788543e-02,   -1.850796e-01,   -2.505076e-01,    1.424696e+00,   -2.023126e+00,   -2.312681e+00,    2.582981e+00,    9.911623e-01,    2.631547e-01,   -2.129700e-02,    2.000000e-02,    7.378700e-02,   -8.012600e-02,   -1.007000e-01,    8.462800e-02,    4.095500e-02,   -3.457100e-02,    8.461800e-03,    8.461800e-03,    5.985000e-03,    5.985000e-03,    5.985000e-03,    5.985000e-03,    1.259500e-02,    1.259500e-02,
        10,    1.584800e+01,   -3.002236e-02,    2.371835e-02,    8.239175e-02,   -8.542114e-02,   -1.054714e-01,    8.164357e-02,    4.135776e-02,   -4.751305e-02,   -1.487483e-01,   -4.145607e-01,    1.866633e+00,   -2.519970e+00,   -2.395801e+00,    2.288457e+00,    9.154796e-01,    1.898311e-01,   -3.164000e-02,    1.921000e-02,    9.637600e-02,   -1.043000e-01,   -1.234200e-01,    9.878800e-02,    5.595600e-02,   -4.448600e-02,    1.087500e-02,    1.087500e-02,    7.491700e-03,    7.491700e-03,    7.491700e-03,    7.491700e-03,    1.594600e-02,    1.594600e-02,
        11,    6.309500e+00,   -3.768103e-02,    2.431667e-03,    3.912572e-02,   -3.623564e-02,   -5.439969e-02,    2.802729e-02,    3.324839e-03,   -4.727664e-04,   -3.821555e-01,    6.920403e-01,   -1.494221e+00,    4.181939e-01,    4.688951e-02,    5.227099e-01,   -6.379060e-01,    4.411299e-01,   -4.026100e-02,    7.103700e-03,    3.499300e-02,   -3.507900e-02,   -5.427000e-02,    2.947300e-02,    2.203400e-03,    3.027400e-04,    6.751100e-03,    6.751100e-03,    2.765800e-03,    2.765800e-03,    2.765800e-03,    2.765800e-03,    1.758000e-03,    1.758000e-03,
        11,    1.000000e+01,   -3.843639e-02,   -3.524364e-03,    5.024235e-02,   -4.319826e-02,   -6.098278e-02,    3.072454e-02,    3.517410e-03,   -8.084380e-04,   -5.177877e-01,    5.433493e-01,   -1.284806e+00,   -1.332704e-01,   -1.622088e-01,   -5.592859e-02,   -6.920276e-01,    3.541492e-01,   -4.246700e-02,    7.052300e-04,    4.600300e-02,   -4.363800e-02,   -6.151800e-02,    3.054000e-02,    2.231000e-03,   -1.501100e-04,    7.784300e-03,    7.784300e-03,    3.299600e-03,    3.299600e-03,    3.299600e-03,    3.299600e-03,    1.858900e-03,    1.858900e-03,
        11,    1.584800e+01,   -3.594953e-02,   -1.001165e-02,    6.225167e-02,   -5.044368e-02,   -6.607584e-02,    3.585652e-02,    3.895466e-03,   -1.111519e-03,   -6.546451e-01,    3.423666e-01,   -5.834345e-01,   -4.717769e-01,   -1.515638e-01,   -5.722392e-01,   -4.150860e-01,    8.593448e-02,   -4.164200e-02,   -7.034600e-03,    6.000300e-02,   -5.226200e-02,   -6.666000e-02,    3.365100e-02,    2.949900e-03,   -9.157600e-04,    8.695500e-03,    8.695500e-03,    3.854200e-03,    3.854200e-03,    3.854200e-03,    3.854200e-03,    2.278000e-03,    2.278000e-03,
        12,    6.309500e+00,   -5.441962e-03,   -4.385747e-03,    2.863105e-02,   -2.580519e-02,   -3.229128e-02,    2.321693e-02,   -3.748816e-04,   -7.489238e-04,   -4.781783e-01,   -1.044024e+00,   -2.095732e+00,    2.552796e+00,    1.180162e+00,   -2.351807e+00,    2.024370e+00,    5.149090e-01,   -6.735100e-03,   -7.209100e-03,    2.503100e-02,   -2.142000e-02,   -3.026400e-02,    1.917700e-02,    2.497700e-03,   -1.826800e-05,    2.704300e-03,    2.704300e-03,    1.717800e-03,    1.717800e-03,    1.717800e-03,    1.717800e-03,    1.419000e-03,    1.419000e-03,
        12,    1.000000e+01,   -2.069159e-03,   -2.716899e-03,    3.533621e-02,   -3.159345e-02,   -3.691934e-02,    3.009137e-02,   -1.900210e-03,   -4.138758e-03,   -1.856884e+00,   -5.869978e-01,   -2.607373e+00,    2.148534e+00,    1.705203e+00,   -2.985586e+00,    3.556524e+00,   -1.096076e+00,   -7.213100e-03,   -4.343000e-03,    3.001300e-02,   -2.720700e-02,   -3.343800e-02,    2.399600e-02,    1.054300e-02,   -7.973600e-03,    2.770200e-03,    2.770200e-03,    2.041600e-03,    2.041600e-03,    2.041600e-03,    2.041600e-03,    3.498700e-03,    3.498700e-03,
        12,    1.584800e+01,   -4.047052e-04,    1.365923e-03,    4.247793e-02,   -3.922024e-02,   -4.308929e-02,    4.021953e-02,   -1.680541e-03,   -9.774803e-03,   -2.395353e+00,   -5.832936e-01,   -2.343436e+00,    1.440816e+00,    1.674909e+00,   -2.406089e+00,    3.752692e+00,   -1.171521e+00,   -7.366800e-03,   -3.294200e-04,    3.647100e-02,   -3.552700e-02,   -3.879600e-02,    3.405200e-02,    1.823800e-02,   -1.599300e-02,    2.906500e-03,    2.906500e-03,    2.563300e-03,    2.563300e-03,    2.563300e-03,    2.563300e-03,    5.307800e-03,    5.307800e-03,
        13,    6.309500e+00,   -1.368453e-02,   -3.172125e-03,    1.672975e-02,   -2.107515e-02,   -2.808899e-02,    1.786484e-02,    1.964323e-03,   -1.177580e-03,   -2.171656e-01,   -2.898688e-01,    9.581824e-01,   -6.816271e-01,   -1.265521e+00,    9.238200e-01,   -1.473351e-01,    1.041238e-01,   -1.435900e-02,   -4.072400e-03,    1.826600e-02,   -2.216800e-02,   -3.011800e-02,    1.934600e-02,    1.774600e-03,   -1.043500e-03,    3.105800e-03,    3.105800e-03,    1.603300e-03,    1.603300e-03,    1.603300e-03,    1.603300e-03,    1.287700e-03,    1.287700e-03,
        13,    1.000000e+01,   -1.182631e-02,   -5.688843e-03,    2.243496e-02,   -2.790943e-02,   -3.151461e-02,    2.189043e-02,    3.217116e-03,   -1.831448e-03,   -2.277089e-01,   -3.400042e-01,    1.425212e+00,   -3.805069e-01,   -1.463154e+00,    4.500029e-01,    3.417276e-01,   -3.180829e-02,   -1.262700e-02,   -6.884400e-03,    2.526500e-02,   -2.866500e-02,   -3.442000e-02,    2.278400e-02,    3.903100e-03,   -1.895300e-03,    3.516300e-03,    3.516300e-03,    1.985700e-03,    1.985700e-03,    1.985700e-03,    1.985700e-03,    2.007400e-03,    2.007400e-03,
        14,    6.309500e+00,    7.275064e-02,   -3.837501e-02,    4.330217e-02,   -5.436807e-02,   -1.720837e-01,    1.013926e-01,   -2.582026e-02,    1.839905e-02,    1.733689e+00,   -7.274290e-01,    1.536942e+00,   -2.653083e+00,   -3.352315e+00,    1.732993e+00,   -5.948076e-01,    7.815457e-01,    9.888600e-02,   -4.934100e-02,    5.436800e-02,   -7.347000e-02,   -1.962200e-01,    1.138700e-01,   -3.496900e-02,    3.042000e-02,    1.507500e-02,    1.507500e-02,    7.199900e-03,    7.199900e-03,    7.199900e-03,    7.199900e-03,    1.538100e-02,    1.538100e-02,
        14,    1.000000e+01,    8.328387e-02,   -4.090073e-02,    5.347025e-02,   -7.160761e-02,   -2.020145e-01,    1.108221e-01,   -2.989677e-02,    1.720101e-02,    1.462431e+00,   -5.695225e-01,    2.727532e+00,   -2.229949e+00,   -3.461050e+00,    9.566600e-01,   -8.983046e-01,    7.081726e-01,    1.097100e-01,   -5.119200e-02,    7.761300e-02,   -9.134600e-02,   -2.326500e-01,    1.192900e-01,   -4.604200e-02,    2.992900e-02,    1.807000e-02,    1.807000e-02,    8.851500e-03,    8.851500e-03,    8.851500e-03,    8.851500e-03,    1.797300e-02,    1.797300e-02,
        14,    1.584800e+01,    9.273915e-02,   -4.549835e-02,    6.522580e-02,   -9.793935e-02,   -2.302715e-01,    1.224505e-01,   -2.960184e-02,    1.839874e-02,    1.076696e+00,   -2.835264e-01,    3.169238e+00,   -2.453465e+00,   -3.277218e+00,    4.391516e-01,   -1.192319e+00,    7.171557e-01,    1.156900e-01,   -5.154200e-02,    9.957400e-02,   -1.245300e-01,   -2.657900e-01,    1.272100e-01,   -5.404200e-02,    3.309900e-02,    2.131600e-02,    2.131600e-02,    1.083800e-02,    1.083800e-02,    1.083800e-02,    1.083800e-02,    2.049800e-02,    2.049800e-02,
        15,    6.309500e+00,   -1.536347e-02,    9.200193e-03,    2.344194e-02,   -2.785806e-02,   -2.188992e-02,    2.007658e-02,   -4.905684e-04,    3.917397e-04,   -1.402147e+00,    6.320279e-01,   -5.629378e-01,    1.597673e-01,   -3.713646e-01,    1.484326e+00,   -7.289573e-01,    4.120490e-01,   -2.159700e-02,    1.201000e-02,    2.243400e-02,   -2.757200e-02,   -2.251500e-02,    2.257500e-02,   -1.243800e-03,    8.175100e-04,    4.445700e-03,    4.445700e-03,    1.790500e-03,    1.790500e-03,    1.683200e-03,    1.683200e-03,    1.033300e-03,    1.033300e-03,
        15,    1.000000e+01,   -1.904871e-02,    9.381155e-03,    3.107562e-02,   -3.537093e-02,   -2.663869e-02,    2.486369e-02,   -6.392609e-04,    2.570856e-05,   -1.403364e+00,    3.451109e-01,   -8.155815e-01,   -5.267719e-01,   -5.250019e-01,    8.916895e-01,   -8.346313e-01,    5.952586e-01,   -2.681900e-02,    1.129200e-02,    2.934300e-02,   -3.649000e-02,   -2.775400e-02,    2.675800e-02,   -1.704000e-03,    7.850800e-04,    5.536900e-03,    5.536900e-03,    2.124400e-03,    2.124400e-03,    2.124400e-03,    2.124400e-03,    1.275700e-03,    1.275700e-03,
        15,    1.584800e+01,   -2.280501e-02,    8.601161e-03,    4.005619e-02,   -4.426346e-02,   -3.166028e-02,    3.146371e-02,   -5.808049e-04,   -3.798143e-04,   -1.388221e+00,   -5.704282e-02,   -5.785155e-01,   -1.441793e+00,   -1.663477e-01,    4.399660e-01,   -9.888614e-01,    6.210309e-01,   -3.223200e-02,    8.213800e-03,    3.852000e-02,   -4.809200e-02,   -3.210200e-02,    3.263200e-02,   -2.037200e-03,    5.348400e-04,    6.790700e-03,    6.790700e-03,    2.655400e-03,    2.655400e-03,    2.655400e-03,    2.655400e-03,    1.472800e-03,    1.472800e-03,
        16,    6.309500e+00,   -4.955512e-03,   -3.389198e-03,    2.503189e-02,   -2.512190e-02,   -3.728352e-02,    2.835910e-02,    3.185172e-03,    1.956148e-03,   -8.341600e-01,   -2.480113e-01,   -1.229381e-01,   -1.320986e+00,   -5.846519e-01,    6.083170e-01,   -1.195443e+00,    3.973296e-01,   -7.146100e-03,   -4.040500e-03,    2.477000e-02,   -2.793600e-02,   -3.852900e-02,    2.965500e-02,    1.068400e-03,    2.659700e-03,    2.626100e-03,    2.626100e-03,    2.130300e-03,    2.130300e-03,    2.130300e-03,    2.130300e-03,    1.770700e-03,    1.770700e-03,
        17,    6.309500e+00,   -9.267317e-03,   -3.123783e-03,    3.296559e-02,   -2.558637e-02,   -2.741771e-02,    2.167391e-02,    1.324810e-04,    2.193767e-03,   -3.413294e+00,   -7.512809e-01,   -8.431329e-01,    3.315506e+00,    1.206981e+00,   -1.549917e+00,    1.138031e+00,    6.345519e-02,   -2.523300e-02,   -6.637900e-03,    3.151700e-02,   -1.989000e-02,   -2.534400e-02,    1.901100e-02,    1.765100e-03,    2.284800e-03,    4.677500e-03,    4.677500e-03,    1.718100e-03,    1.718100e-03,    1.718100e-03,    1.718100e-03,    1.434600e-03,    1.434600e-03,
        17,    1.000000e+01,   -7.221427e-03,   -3.341262e-03,    3.931504e-02,   -2.958642e-02,   -3.131169e-02,    2.868280e-02,   -6.970009e-04,    1.945694e-03,   -3.100971e+00,   -1.296956e+00,   -1.940262e+00,    3.093783e+00,    8.456307e-01,   -8.885126e-01,    5.891855e-01,   -1.479661e+00,   -2.204500e-02,   -9.541100e-03,    3.532800e-02,   -2.322900e-02,   -2.957400e-02,    2.685700e-02,   -2.113000e-04,    7.259200e-04,    4.780300e-03,    4.780300e-03,    2.054900e-03,    2.054900e-03,    2.054900e-03,    2.054900e-03,    8.243600e-04,    8.243600e-04,
        17,    1.584800e+01,   -5.356843e-03,   -2.442756e-03,    4.465184e-02,   -3.563999e-02,   -3.633453e-02,    3.921910e-02,   -1.066389e-03,    1.689915e-03,   -2.283572e+00,   -1.768759e+00,   -2.464201e+00,    3.031943e+00,    2.791952e-01,   -1.057660e+00,   -5.253408e-01,   -7.924167e-01,   -1.560300e-02,   -1.037900e-02,    3.856600e-02,   -2.815200e-02,   -3.564500e-02,    3.660700e-02,   -1.846100e-03,    5.138100e-04,    4.486900e-03,    4.486900e-03,    2.469700e-03,    2.469700e-03,    2.469700e-03,    2.469700e-03,    1.484200e-03,    1.484200e-03,
        18,    6.309500e+00,    1.886082e-01,   -1.183240e-01,    1.215502e-01,   -1.059888e-01,   -6.632038e-01,    4.459224e-01,   -3.214226e-01,    2.243162e-01,    1.874507e+00,   -1.142287e+00,    5.031258e-01,   -1.234102e+00,   -8.465271e+00,    5.371524e+00,   -2.095785e-01,    3.926075e-01,    2.554400e-01,   -1.590500e-01,    1.325500e-01,   -1.329700e-01,   -8.482800e-01,    5.633600e-01,   -3.422700e-01,    2.633700e-01,    3.565300e-02,    3.565300e-02,    2.186300e-02,    2.186300e-02,    2.186300e-02,    2.186300e-02,    9.947300e-02,    9.947300e-02,
        18,    1.000000e+01,    2.311719e-01,   -1.291589e-01,    1.553215e-01,   -1.228556e-01,   -8.158074e-01,    4.990117e-01,   -4.113686e-01,    2.302717e-01,    1.722771e+00,   -8.018347e-01,    6.110532e-01,   -1.074273e+00,   -7.386583e+00,    3.594878e+00,   -2.057269e-01,    3.226720e-01,    3.035800e-01,   -1.628600e-01,    1.710800e-01,   -1.505600e-01,   -1.006300e+00,    5.917200e-01,   -4.352000e-01,    2.676500e-01,    4.203000e-02,    4.203000e-02,    2.578900e-02,    2.578900e-02,    2.578900e-02,    2.578900e-02,    1.158400e-01,    1.158400e-01,
        18,    1.584800e+01,    2.754214e-01,   -1.331238e-01,    1.921016e-01,   -1.381735e-01,   -9.773799e-01,    5.366051e-01,   -5.023491e-01,    2.090960e-01,    1.489712e+00,   -5.643450e-01,    7.866153e-01,   -8.713860e-01,   -6.237679e+00,    2.412143e+00,   -1.984932e-01,    2.143435e-01,    3.473700e-01,   -1.603800e-01,    2.155600e-01,   -1.641600e-01,   -1.163400e+00,    6.085400e-01,   -5.283100e-01,    2.371300e-01,    4.829700e-02,    4.829700e-02,    2.982200e-02,    2.982200e-02,    2.982200e-02,    2.982200e-02,    1.307900e-01,    1.307900e-01,
        19,    6.309500e+00,   -5.310701e-03,   -5.431299e-03,    3.339844e-02,   -3.363444e-02,   -3.680383e-02,    2.899218e-02,    6.225370e-03,   -4.891791e-03,   -3.735676e-01,    1.401602e-01,   -1.406052e+00,    2.189323e+00,    1.597632e+00,   -2.523583e+00,    6.438042e-01,   -1.399627e-02,   -6.337900e-03,   -5.045900e-03,    3.011700e-02,   -2.852500e-02,   -3.350600e-02,    2.378300e-02,    8.134700e-03,   -4.933300e-03,    2.749700e-03,    2.749700e-03,    2.333800e-03,    2.333800e-03,    2.064200e-03,    2.064200e-03,    2.965700e-03,    2.965700e-03,
        19,    1.000000e+01,   -2.360293e-03,   -5.420598e-03,    4.257047e-02,   -4.128868e-02,   -4.294787e-02,    3.858954e-02,    7.359182e-03,   -6.757166e-03,   -4.249528e-01,   -2.883455e-01,   -1.676544e+00,    1.882365e+00,    1.006605e+00,   -1.888778e+00,    5.108952e-01,   -1.570643e-02,   -3.604300e-03,   -6.264700e-03,    3.816200e-02,   -3.633900e-02,   -4.030100e-02,    3.362300e-02,    9.240400e-03,   -6.815000e-03,    2.927400e-03,    2.927400e-03,    2.629500e-03,    2.629500e-03,    2.629500e-03,    2.629500e-03,    3.682200e-03,    3.682200e-03,
        19,    1.584800e+01,   -1.373901e-04,   -3.947469e-03,    5.306736e-02,   -5.102885e-02,   -5.247744e-02,    5.178778e-02,    9.254030e-03,   -9.166597e-03,   -3.798390e-02,   -4.906220e-01,   -1.306223e+00,    1.278363e+00,    5.472198e-01,   -1.758521e+00,    4.470287e-01,   -1.752533e-01,   -2.456100e-04,   -5.345300e-03,    4.863600e-02,   -4.669200e-02,   -5.062100e-02,    4.582200e-02,    1.141300e-02,   -1.001300e-02,    2.849100e-03,    2.849100e-03,    3.392500e-03,    3.392500e-03,    3.392500e-03,    3.392500e-03,    4.829600e-03,    4.829600e-03,
        20,    6.309500e+00,   -2.036638e-02,    3.309725e-03,    4.597485e-02,   -4.756738e-02,   -6.243641e-02,    4.652875e-02,    3.538631e-03,    2.734142e-03,   -1.573645e+00,    3.388221e-01,    8.537794e-02,   -1.509983e+00,   -1.454801e+00,    1.173683e+00,    4.590446e-01,    1.315587e+00,   -3.161700e-02,    5.732100e-03,    4.630600e-02,   -5.342400e-02,   -6.807900e-02,    5.108100e-02,    5.567700e-03,    8.549300e-03,    7.149400e-03,    7.149400e-03,    3.878600e-03,    3.878600e-03,    3.878600e-03,    3.878600e-03,    4.420200e-03,    4.420200e-03,
        20,    1.000000e+01,   -2.065599e-02,    4.665753e-04,    6.007317e-02,   -5.960646e-02,   -7.440053e-02,    5.512853e-02,    2.238898e-03,    4.207222e-03,   -1.360514e+00,   -1.596676e-01,    4.993322e-01,   -1.213246e+00,    1.365244e-01,    6.675940e-01,    2.453520e-01,    1.505234e+00,   -3.154500e-02,   -8.113400e-04,    6.237200e-02,   -6.519200e-02,   -7.377200e-02,    5.820200e-02,    3.496400e-03,    1.192200e-02,    8.003600e-03,    8.003600e-03,    4.603800e-03,    4.603800e-03,    4.603800e-03,    4.603800e-03,    5.125300e-03,    5.125300e-03,
        20,    1.584800e+01,   -1.791957e-02,   -1.804307e-03,    7.738545e-02,   -7.208541e-02,   -8.681005e-02,    6.694986e-02,   -6.597412e-04,    5.391759e-03,   -1.485893e+00,   -6.569050e-01,    8.447904e-01,   -1.206635e+00,   -7.813035e-01,    7.120340e-01,    1.108624e+00,    1.744681e+00,   -3.147300e-02,   -7.796200e-03,    8.223700e-02,   -7.901500e-02,   -9.129700e-02,    7.103900e-02,    7.152400e-03,    1.768600e-02,    9.121400e-03,    9.121400e-03,    5.742900e-03,    5.742900e-03,    5.742900e-03,    5.742900e-03,    7.046700e-03,    7.046700e-03,
        21,    6.309500e+00,   -8.428547e-03,   -2.781853e-03,    3.169663e-02,   -3.172936e-02,   -3.597542e-02,    2.621795e-02,    2.727795e-03,    8.257539e-04,   -1.887396e+00,    5.391468e-02,    5.503131e-01,   -3.574638e-02,   -7.759080e-01,    5.616829e-03,   -1.885153e-01,    3.151851e-01,   -1.627200e-02,   -2.557800e-03,    3.398500e-02,   -3.187800e-02,   -3.833100e-02,    2.623500e-02,    2.407300e-03,    1.361600e-03,    4.155700e-03,    4.155700e-03,    4.158300e-03,    4.158300e-03,    3.035900e-03,    3.035900e-03,    1.700100e-03,    1.700100e-03,
        21,    1.000000e+01,   -6.825809e-03,   -4.405058e-03,    4.003805e-02,   -3.920488e-02,   -4.132244e-02,    3.318441e-02,    2.412264e-03,    1.575288e-03,   -1.703782e+00,   -3.077538e-01,    6.482617e-01,   -3.074255e-02,   -8.260398e-01,    1.376342e-01,    5.701545e-03,    3.182477e-01,   -1.458500e-02,   -5.806600e-03,    4.356200e-02,   -3.937200e-02,   -4.498700e-02,    3.379500e-02,    2.423900e-03,    2.224800e-03,    4.554100e-03,    4.554100e-03,    5.436000e-03,    5.436000e-03,    4.436300e-03,    4.436300e-03,    2.040900e-03,    2.040900e-03,
        21,    1.584800e+01,   -4.228084e-03,   -5.172744e-03,    4.963491e-02,   -4.884283e-02,   -4.793908e-02,    4.390875e-02,    1.552248e-03,    2.200487e-03,   -1.174021e+00,   -6.204341e-01,    6.820546e-01,   -2.068366e-01,   -5.635093e-01,    2.943757e-01,   -2.440533e-01,    2.413159e-01,   -9.658400e-03,   -8.042500e-03,    5.606900e-02,   -5.079400e-02,   -5.208200e-02,    4.607300e-02,    1.032000e-03,    2.714900e-03,    4.625400e-03,    4.625400e-03,    9.433400e-03,    9.433400e-03,    7.352000e-03,    7.352000e-03,    2.131700e-03,    2.131700e-03,
        22,    1.000000e+01,   -7.788947e-03,   -6.700826e-03,    3.411377e-02,   -2.866630e-02,   -2.981797e-02,    2.579164e-02,    1.701042e-03,    2.953747e-03,   -1.290552e+00,   -8.549944e-01,   -1.134685e+00,    1.542253e+00,    4.572487e+00,   -1.484256e+00,   -1.391472e-01,    3.689107e-01,   -1.279900e-02,   -1.002000e-02,    3.206600e-02,   -2.588300e-02,   -2.156600e-02,    2.311300e-02,    1.470600e-03,    3.564700e-03,    3.882100e-03,    3.882100e-03,    1.804700e-03,    1.804700e-03,    1.804700e-03,    1.804700e-03,    1.656100e-03,    1.656100e-03,
        22,    1.584800e+01,   -5.335728e-03,   -8.436666e-03,    3.942106e-02,   -3.578548e-02,   -3.361764e-02,    3.580318e-02,    1.196839e-03,    4.126479e-03,   -2.901996e-01,   -1.018344e+00,   -1.159961e+00,    7.649163e-01,    2.715378e+00,   -8.802213e-01,   -3.791099e-01,    3.421005e-01,   -6.491100e-03,   -1.249100e-02,    3.671800e-02,   -3.400300e-02,   -2.729000e-02,    3.375200e-02,    3.685600e-04,    4.873900e-03,    3.981300e-03,    3.981300e-03,    2.330300e-03,    2.330300e-03,    2.330300e-03,    2.330300e-03,    2.184800e-03,    2.184800e-03,
        23,    6.309500e+00,   -5.326575e-03,   -2.900463e-03,    3.782076e-02,   -2.641698e-02,   -3.670828e-02,    1.836365e-02,   -5.449116e-04,   -1.195987e-03,   -2.271504e-01,   -6.637729e-01,   -9.419703e-01,    7.020001e-01,   -6.378878e-01,   -2.576596e-01,    2.037541e+00,    1.722482e-01,   -5.946400e-03,   -4.711700e-03,    3.580400e-02,   -2.491400e-02,   -3.807400e-02,    1.781200e-02,    2.918500e-03,   -9.032000e-04,    2.728700e-03,    2.728700e-03,    2.141000e-03,    2.141000e-03,    2.141000e-03,    2.141000e-03,    1.699800e-03,    1.699800e-03,
        23,    1.000000e+01,   -4.106777e-03,   -3.443756e-03,    4.520689e-02,   -2.885518e-02,   -4.088783e-02,    1.989480e-02,   -5.344557e-06,   -2.654262e-03,   -1.015154e-01,   -9.905365e-01,   -1.004165e+00,   -2.043195e-01,    1.452753e-01,    6.284757e-02,    1.655111e+00,    4.625148e-01,   -4.413100e-03,   -6.432700e-03,    4.277500e-02,   -2.935000e-02,   -4.053600e-02,    2.004700e-02,    3.177600e-03,   -1.764800e-03,    3.017500e-03,    3.017500e-03,    2.421800e-03,    2.421800e-03,    2.421800e-03,    2.421800e-03,    1.923100e-03,    1.923100e-03,
        23,    1.584800e+01,   -2.836569e-03,   -3.857078e-03,    5.129841e-02,   -3.235638e-02,   -4.363403e-02,    2.303881e-02,    1.338713e-03,   -3.884042e-03,    5.467965e-01,   -1.063090e+00,   -2.236584e-01,   -4.563424e-01,   -1.124712e-01,    1.681251e-02,    1.076039e+00,    7.962078e-01,   -1.108200e-03,   -7.217400e-03,    5.068400e-02,   -3.361000e-02,   -4.394300e-02,    2.308500e-02,    3.687600e-03,   -2.146000e-03,    3.160900e-03,    3.160900e-03,    2.747100e-03,    2.747100e-03,    2.747100e-03,    2.747100e-03,    2.182900e-03,    2.182900e-03,
        24,    6.309500e+00,   -6.016321e-03,   -7.693554e-03,    3.322602e-02,   -3.045670e-02,   -3.376632e-02,    2.686927e-02,    1.385710e-03,    2.562996e-03,   -3.481863e-01,    4.504508e-01,   -2.916898e+00,    2.665685e+00,    2.934566e+00,   -2.324491e+00,   -3.432926e-01,   -3.422644e-01,   -7.004300e-03,   -6.415400e-03,    2.776500e-02,   -2.546600e-02,   -2.834500e-02,    2.257500e-02,    9.169100e-04,    2.095600e-03,    2.837500e-03,    2.837500e-03,    1.872200e-03,    1.872200e-03,    1.847400e-03,    1.847400e-03,    1.365600e-03,    1.365600e-03,
        24,    1.000000e+01,   -1.881060e-03,   -7.729690e-03,    4.150147e-02,   -3.671799e-02,   -3.922937e-02,    3.565735e-02,    2.488997e-04,    2.194500e-03,   -6.581723e-01,    2.448154e-03,   -3.596532e+00,    2.590740e+00,    3.259787e+00,   -3.414305e+00,   -4.049411e-02,    2.736307e-01,   -3.840900e-03,   -7.722400e-03,    3.356500e-02,   -3.100100e-02,   -3.203600e-02,    2.812300e-02,    1.845100e-04,    2.629600e-03,    2.977700e-03,    2.977700e-03,    2.206700e-03,    2.206700e-03,    2.206700e-03,    2.206700e-03,    1.590100e-03,    1.590100e-03,
        24,    1.584800e+01,    1.123427e-03,   -5.738054e-03,    4.998079e-02,   -4.472262e-02,   -4.736683e-02,    4.814305e-02,   -5.490146e-05,    1.474054e-03,   -5.154908e-01,   -5.504130e-01,   -1.783954e+00,    1.142608e+00,    3.305159e+00,   -3.545649e+00,   -3.143097e-01,    8.241493e-01,   -4.691300e-04,   -7.438500e-03,    4.129900e-02,   -3.916200e-02,   -3.819700e-02,    3.830600e-02,   -6.716400e-04,    3.091200e-03,    3.089400e-03,    3.089400e-03,    4.866600e-03,    4.866600e-03,    2.774400e-03,    2.774400e-03,    1.962200e-03,    1.962200e-03,
        25,    6.309500e+00,    5.413960e-02,   -4.219322e-02,    4.355379e-02,   -5.580903e-02,   -1.236750e-01,    1.008852e-01,   -2.294718e-02,    2.988359e-02,    1.812493e+00,   -3.991104e-01,    1.636649e+00,   -1.956678e+00,   -6.687701e+00,    4.153099e+00,   -1.793162e+00,    7.999251e-01,    7.863000e-02,   -4.758600e-02,    5.478300e-02,   -6.923400e-02,   -1.695600e-01,    1.293800e-01,   -5.624800e-02,    4.473900e-02,    1.351200e-02,    1.351200e-02,    6.861100e-03,    6.861100e-03,    6.861100e-03,    6.861100e-03,    1.857100e-02,    1.857100e-02,
        25,    1.000000e+01,    6.904030e-02,   -5.130834e-02,    5.434691e-02,   -7.702741e-02,   -1.536969e-01,    1.288317e-01,   -2.991115e-02,    4.124871e-02,    1.239128e+00,   -1.807560e-01,    1.782535e+00,   -1.925042e+00,   -5.535502e+00,    2.944131e+00,   -1.647799e+00,    8.617182e-01,    8.959000e-02,   -5.430600e-02,    6.967600e-02,   -9.358200e-02,   -2.013000e-01,    1.541500e-01,   -6.742000e-02,    6.086400e-02,    1.658400e-02,    1.658400e-02,    8.599600e-03,    8.599600e-03,    8.599600e-03,    8.599600e-03,    2.276300e-02,    2.276300e-02,
        25,    1.584800e+01,    8.680519e-02,   -5.881579e-02,    7.142412e-02,   -1.065068e-01,   -1.918074e-01,    1.594218e-01,   -4.241464e-02,    5.553493e-02,    9.662995e-01,   -4.497746e-01,    1.680288e+00,   -2.329376e+00,   -5.005933e+00,    4.042846e+00,   -1.427867e+00,    6.779449e-01,    1.075700e-01,   -6.848100e-02,    9.057100e-02,   -1.330500e-01,   -2.488500e-01,    2.054900e-01,   -8.310600e-02,    7.485500e-02,    2.148900e-02,    2.148900e-02,    1.139500e-02,    1.139500e-02,    1.139500e-02,    1.139500e-02,    2.849800e-02,    2.849800e-02,
        27,    6.309500e+00,    3.434833e-03,   -1.516602e-03,    4.395725e-02,   -3.074449e-02,   -3.564223e-02,    2.175874e-02,   -2.890854e-03,    3.240966e-04,    1.361940e+00,    1.329651e+00,   -1.768751e+00,    1.340454e-01,   -2.067768e-01,   -1.467714e+00,    1.490961e+00,    7.111506e-01,    7.453100e-03,    2.406400e-03,    3.896300e-02,   -3.036600e-02,   -3.610500e-02,    1.847400e-02,   -1.085300e-03,    1.185300e-03,    2.950400e-03,    2.950400e-03,    2.823600e-03,    2.823600e-03,    2.238000e-03,    2.238000e-03,    1.211000e-03,    1.211000e-03,
        27,    1.000000e+01,    3.906138e-03,   -9.031363e-05,    5.235091e-02,   -3.396381e-02,   -4.048699e-02,    2.513657e-02,   -2.859070e-03,   -1.178443e-03,    1.575755e+00,    1.004099e+00,   -1.203940e+00,    3.155930e-01,    6.750330e-02,   -1.279369e+00,    1.538565e+00,    2.212791e+00,    9.793000e-03,    3.660900e-03,    4.921200e-02,   -3.314100e-02,   -4.031100e-02,    2.180100e-02,   -5.132200e-04,    2.195400e-03,    3.735900e-03,    3.735900e-03,    2.607200e-03,    2.607200e-03,    2.607200e-03,    2.607200e-03,    1.524700e-03,    1.524700e-03,
        27,    1.584800e+01,    3.280185e-03,    1.209148e-03,    5.955848e-02,   -3.859341e-02,   -4.442088e-02,    3.065983e-02,   -1.820672e-03,   -2.454807e-03,   -2.999340e-01,    1.579275e+00,    1.106655e+00,   -1.700803e-01,   -1.811850e+00,   -1.832840e+00,    1.131792e+00,    2.811765e+00,    2.256000e-03,    6.601900e-03,    6.312800e-02,   -3.914200e-02,   -5.026500e-02,    2.474800e-02,    5.446600e-04,    3.421500e-03,    3.414700e-03,    3.414700e-03,    3.225500e-03,    3.225500e-03,    3.225500e-03,    3.225500e-03,    2.089900e-03,    2.089900e-03,
        28,    6.309500e+00,    2.879666e-03,   -9.259512e-03,    2.528752e-02,   -2.892034e-02,   -2.858111e-02,    2.243533e-02,   -1.305721e-03,    5.750430e-03,    1.551746e+00,   -3.696456e-01,    1.623206e-01,    3.042462e-02,   -5.697130e-01,    1.420383e+00,   -5.195352e-01,    8.550113e-01,    8.179500e-03,   -1.052200e-02,    2.620700e-02,   -2.874800e-02,   -3.078100e-02,    2.792000e-02,   -2.782500e-03,    8.180800e-03,    3.415400e-03,    3.415400e-03,    5.664600e-03,    5.664600e-03,    3.861400e-03,    3.861400e-03,    2.842500e-03,    2.842500e-03,
        28,    1.000000e+01,    5.056738e-03,   -1.335606e-02,    3.428747e-02,   -3.578834e-02,   -3.440448e-02,    2.676037e-02,   -2.592397e-03,    7.806078e-03,    9.175827e-01,   -4.840732e-01,   -1.676734e-02,   -2.688399e-01,   -8.587538e-01,    1.348466e+00,   -6.080632e-01,    9.375042e-01,    9.234400e-03,   -1.556000e-02,    3.416500e-02,   -3.775200e-02,   -3.859400e-02,    3.333900e-02,   -4.880600e-03,    1.133400e-02,    4.552900e-03,    4.552900e-03,    7.304200e-03,    7.304200e-03,    4.878600e-03,    4.878600e-03,    3.763100e-03,    3.763100e-03,
        28,    1.584800e+01,    8.746565e-03,   -1.842786e-02,    4.497436e-02,   -4.257280e-02,   -4.055173e-02,    3.251452e-02,   -4.502698e-03,    1.062093e-02,    2.340182e-01,   -6.432066e-01,   -1.166812e-01,   -5.846409e-01,   -1.102865e+00,    1.210537e+00,   -7.375801e-01,    8.648420e-01,    1.014700e-02,   -2.227700e-02,    4.389800e-02,   -4.796600e-02,   -4.726300e-02,    3.988100e-02,   -8.076200e-03,    1.481100e-02,    5.984300e-03,    5.984300e-03,    9.224800e-03,    9.224800e-03,    6.085300e-03,    6.085300e-03,    4.844900e-03,    4.844900e-03,
        29,    6.309500e+00,    1.704784e-01,   -1.021812e-01,    1.026254e-01,   -1.075544e-01,   -3.096215e-01,    2.089855e-01,   -1.184508e-01,    1.045350e-01,    1.174113e+00,   -7.201717e-01,    1.002807e+00,   -2.309752e-01,   -4.203322e-01,    4.402986e-01,   -3.229331e-01,    8.854297e-02,    2.048600e-01,   -1.232700e-01,    1.149800e-01,   -1.104000e-01,   -3.148000e-01,    2.144100e-01,   -1.307600e-01,    1.079100e-01,    2.928300e-02,    2.928300e-02,    1.232000e-02,    1.232000e-02,    1.232000e-02,    1.232000e-02,    3.811700e-02,    3.811700e-02,
        29,    1.000000e+01,    2.056595e-01,   -1.063428e-01,    1.367463e-01,   -1.300254e-01,   -3.764477e-01,    2.308880e-01,   -1.571033e-01,    1.158551e-01,    1.209630e+00,   -4.709451e-01,    7.901693e-01,    1.206417e-01,   -4.576204e-01,   -1.086527e-01,   -2.624593e-01,   -1.233845e-01,    2.479300e-01,   -1.228000e-01,    1.484400e-01,   -1.282400e-01,   -3.832200e-01,    2.292800e-01,   -1.689200e-01,    1.103000e-01,    3.494500e-02,    3.494500e-02,    1.479900e-02,    1.479900e-02,    1.479900e-02,    1.479900e-02,    4.502300e-02,    4.502300e-02,
        29,    1.584800e+01,    2.389202e-01,   -1.063192e-01,    1.774608e-01,   -1.522025e-01,   -4.439181e-01,    2.507071e-01,   -2.006079e-01,    1.206389e-01,    1.219514e+00,   -1.876565e-01,    5.469221e-01,    4.925295e-01,   -6.608374e-01,   -7.208900e-01,   -2.447276e-01,   -3.838584e-01,    2.883800e-01,   -1.139300e-01,    1.869800e-01,   -1.436300e-01,   -4.554200e-01,    2.381600e-01,   -2.133900e-01,    1.005900e-01,    4.055700e-02,    4.055700e-02,    1.740500e-02,    1.740500e-02,    1.740500e-02,    1.740500e-02,    5.223000e-02,    5.223000e-02,
        30,    6.309500e+00,    3.642216e-01,   -2.048990e-01,    2.207254e-01,   -2.070930e-01,   -6.131265e-01,    3.775424e-01,   -3.069273e-01,    2.573229e-01,    1.180087e+00,   -5.816445e-01,    1.741909e+00,   -1.033947e+00,   -4.048664e+00,    2.148800e+00,   -7.773079e-01,    4.322899e-01,    4.391300e-01,   -2.418200e-01,    2.686000e-01,   -2.355100e-01,   -7.244000e-01,    4.366000e-01,   -3.815800e-01,    2.988400e-01,    6.347700e-02,    6.347700e-02,    2.748400e-02,    2.748400e-02,    2.748400e-02,    2.748400e-02,    9.604000e-02,    9.604000e-02,
        30,    1.000000e+01,    4.384776e-01,   -2.058257e-01,    2.891856e-01,   -2.420622e-01,   -7.419072e-01,    3.986479e-01,   -3.998482e-01,    2.851208e-01,    1.148861e+00,   -3.763104e-01,    1.662497e+00,   -6.396107e-01,   -3.951581e+00,    1.525025e+00,   -7.584359e-01,    2.977034e-01,    5.243400e-01,   -2.339500e-01,    3.432700e-01,   -2.628700e-01,   -8.704600e-01,    4.482600e-01,   -4.856500e-01,    3.188000e-01,    7.473700e-02,    7.473700e-02,    3.253200e-02,    3.253200e-02,    3.253200e-02,    3.253200e-02,    1.131300e-01,    1.131300e-01,
        30,    1.584800e+01,    5.071377e-01,   -1.936160e-01,    3.680499e-01,   -2.733033e-01,   -8.662738e-01,    4.055724e-01,   -5.030185e-01,    2.989733e-01,    1.222985e+00,   -2.466396e-01,    1.816527e+00,   -5.754631e-02,   -3.712525e+00,    1.532786e+00,   -8.264698e-01,   -4.489190e-02,    6.134200e-01,   -2.150500e-01,    4.367600e-01,   -2.754800e-01,   -1.006700e+00,    4.635500e-01,   -6.104100e-01,    2.931400e-01,    8.690400e-02,    8.690400e-02,    3.782500e-02,    3.782500e-02,    3.782500e-02,    3.782500e-02,    1.299400e-01,    1.299400e-01,
        31,    6.309500e+00,    4.690538e-03,   -3.091884e-04,    3.851054e-02,   -5.585233e-02,   -8.143135e-02,    6.553807e-02,    5.550105e-03,   -2.652459e-03,   -7.129980e-01,    1.231112e+00,    5.829263e-02,   -1.965307e+00,   -3.052894e+00,    9.011793e-01,    9.736367e-01,   -3.261074e-01,    2.813000e-03,    2.932700e-03,    3.878700e-02,   -6.517300e-02,   -9.591000e-02,    6.981200e-02,    1.104200e-02,   -4.491900e-03,    2.633300e-03,    2.633300e-03,    4.742600e-03,    4.742600e-03,    4.742600e-03,    4.742600e-03,    5.640600e-03,    5.640600e-03,
        31,    1.000000e+01,    5.391657e-03,    1.488161e-03,    5.006296e-02,   -7.620051e-02,   -1.015518e-01,    7.888489e-02,    6.068079e-03,   -4.587874e-03,   -1.039229e+00,    7.671355e-01,    1.095535e-01,   -1.919860e+00,   -1.917616e+00,    4.048389e-01,    9.905890e-01,   -2.054495e-01,    2.084000e-03,    3.929800e-03,    5.071300e-02,   -8.759200e-02,   -1.129300e-01,    8.128700e-02,    1.261300e-02,   -5.945300e-03,    3.182800e-03,    3.182800e-03,    5.933500e-03,    5.933500e-03,    5.933500e-03,    5.933500e-03,    6.607100e-03,    6.607100e-03,
        31,    1.584800e+01,    5.417374e-03,    3.857918e-03,    6.627238e-02,   -1.044720e-01,   -1.248737e-01,    9.291819e-02,    8.171881e-03,   -6.486297e-03,   -1.203003e+00,   -4.801828e-01,    9.364237e-01,   -2.810066e+00,   -1.133736e+00,    2.191890e-01,    7.131835e-01,   -5.469883e-02,    1.694200e-03,    2.371800e-03,    7.351300e-02,   -1.262000e-01,   -1.336400e-01,    9.461300e-02,    1.350200e-02,   -6.895100e-03,    3.094900e-03,    3.094900e-03,    7.732200e-03,    7.732200e-03,    7.732200e-03,    7.732200e-03,    7.473700e-03,    7.473700e-03,
        32,    6.309500e+00,   -7.329347e-03,    1.660294e-03,    1.758642e-02,   -2.177360e-02,   -3.092791e-02,    2.559253e-02,    5.015289e-03,   -2.566199e-03,   -6.150992e-01,   -2.890175e-01,   -4.689926e-01,    7.843201e-01,    7.536889e-01,   -1.152968e+00,   -2.888731e-01,   -1.656716e-01,   -8.739400e-03,    9.977500e-04,    1.684100e-02,   -2.052700e-02,   -2.973000e-02,    2.376000e-02,    4.401000e-03,   -2.918500e-03,    2.292400e-03,    2.292400e-03,    1.589400e-03,    1.589400e-03,    1.589400e-03,    1.589400e-03,    2.126500e-03,    2.126500e-03,
        34,    6.309500e+00,   -1.419099e-02,    5.530330e-04,    3.588069e-02,   -2.344875e-02,   -3.188052e-02,    2.249391e-02,    2.182884e-03,   -1.115458e-03,    5.861229e-01,    1.386949e+00,    6.858274e-01,   -7.301308e-01,   -2.140580e+00,   -9.574185e-02,   -2.842358e+00,   -2.262976e+00,   -1.203300e-02,    5.659500e-03,    3.759800e-02,   -2.527700e-02,   -3.659600e-02,    2.228300e-02,   -7.113900e-03,   -8.517200e-03,    3.681800e-03,    3.681800e-03,    2.504000e-03,    2.504000e-03,    2.202900e-03,    2.202900e-03,    3.270800e-03,    3.270800e-03,
        34,    1.000000e+01,   -1.459336e-02,   -2.215061e-04,    4.313012e-02,   -2.580050e-02,   -3.826375e-02,    2.647306e-02,    2.958451e-03,   -1.914434e-03,    5.412985e-01,    1.122420e+00,    2.257032e+00,   -1.192470e+00,   -1.537836e+00,    1.181207e-01,   -2.673390e+00,   -2.773665e+00,   -1.237100e-02,    4.386700e-03,    4.916700e-02,   -2.899000e-02,   -4.237700e-02,    2.678900e-02,   -8.447300e-03,   -1.374800e-02,    4.105600e-03,    4.105600e-03,    2.674700e-03,    2.674700e-03,    2.674700e-03,    2.674700e-03,    4.266400e-03,    4.266400e-03,
        34,    1.584800e+01,   -1.517593e-02,   -1.752237e-03,    5.026682e-02,   -2.815722e-02,   -4.521016e-02,    3.131005e-02,    4.365227e-03,   -1.975637e-03,    1.328580e-01,   -3.393901e-02,    2.606248e+00,   -8.660520e-01,   -1.281381e+00,   -6.690731e-01,   -9.767404e-01,   -3.496199e+00,   -1.455600e-02,   -1.910600e-03,    5.826800e-02,   -3.081600e-02,   -4.914400e-02,    2.925600e-02,   -5.266800e-04,   -1.948600e-02,    4.666100e-03,    4.666100e-03,    3.070000e-03,    3.070000e-03,    3.070000e-03,    3.070000e-03,    5.008400e-03,    5.008400e-03,
        35,    6.309500e+00,   -2.325896e-03,   -1.821800e-03,    2.439131e-02,   -1.821610e-02,   -1.949015e-02,    2.266470e-02,    6.553582e-03,    2.779879e-03,   -3.244341e-01,    1.740366e+00,    3.361737e+00,   -1.656100e+00,   -1.915386e+00,    3.316784e+00,    9.052239e-01,    2.098727e-01,   -2.839800e-03,    9.349400e-04,    3.062700e-02,   -2.128800e-02,   -2.304300e-02,    2.881700e-02,    9.126500e-03,    3.376400e-03,    1.584000e-03,    1.584000e-03,    1.854900e-03,    1.854900e-03,    1.854900e-03,    1.854900e-03,    2.842300e-03,    2.842300e-03,
        35,    1.000000e+01,   -1.721030e-03,   -2.499094e-03,    2.775881e-02,   -2.479957e-02,   -2.549612e-02,    2.834992e-02,    5.167184e-03,    2.419998e-03,   -8.379604e-01,    5.656820e-01,    2.647661e+00,   -1.710322e+00,   -2.710958e+00,    2.532195e+00,    1.000696e+00,    2.781382e-01,   -3.309300e-03,   -1.426900e-03,    3.376900e-02,   -2.868200e-02,   -3.165000e-02,    3.409800e-02,    8.210600e-03,    3.265900e-03,    1.895400e-03,    1.895400e-03,    2.270000e-03,    2.270000e-03,    2.270000e-03,    2.270000e-03,    3.041300e-03,    3.041300e-03,
        35,    1.584800e+01,   -9.754446e-04,   -3.072093e-03,    3.305938e-02,   -3.424917e-02,   -3.250162e-02,    3.532947e-02,    4.341894e-03,    1.519826e-03,   -7.347784e-01,   -5.549595e-01,    2.207267e+00,   -2.463941e+00,   -2.879063e+00,    2.895491e+00,    8.369675e-01,    4.767525e-01,   -2.912100e-03,   -4.534800e-03,    3.952800e-02,   -4.147000e-02,   -4.093900e-02,    4.381500e-02,    7.034000e-03,    3.053300e-03,    2.635700e-03,    2.635700e-03,    2.930600e-03,    2.930600e-03,    2.930600e-03,    2.930600e-03,    3.216500e-03,    3.216500e-03,
        36,    6.309500e+00,    1.329557e-02,   -3.190200e-04,    4.109941e-02,   -5.211328e-02,   -2.085254e-01,    1.271660e-01,   -2.313766e-02,   -3.190029e-03,    8.814511e-01,   -7.809540e-01,   -3.330115e-01,   -1.729055e-01,   -4.777285e+00,    2.399182e+00,    3.340014e-01,    9.553167e-01,    1.790600e-02,   -4.403800e-03,    3.883500e-02,   -5.328900e-02,   -2.410100e-01,    1.434800e-01,   -1.931000e-02,    7.757900e-03,    5.230500e-03,    5.230500e-03,    6.799800e-03,    6.799800e-03,    6.799800e-03,    6.799800e-03,    1.146000e-02,    1.146000e-02,
        36,    1.000000e+01,    1.331202e-02,    3.005007e-03,    5.192916e-02,   -6.954335e-02,   -2.457661e-01,    1.398980e-01,   -2.476688e-02,   -1.725014e-02,    1.331254e+00,   -1.124254e+00,   -5.693946e-01,    2.578684e-01,   -4.482370e+00,    2.038814e+00,   -8.639536e-02,    1.248908e+00,    2.186400e-02,   -4.217200e-03,    4.728700e-02,   -6.744100e-02,   -2.823100e-01,    1.565200e-01,   -2.595300e-02,   -1.038900e-04,    6.424000e-03,    6.424000e-03,    8.152800e-03,    8.152800e-03,    8.152800e-03,    8.152800e-03,    1.372900e-02,    1.372900e-02,
        36,    1.584800e+01,    1.141739e-02,    6.299788e-03,    6.559499e-02,   -9.395370e-02,   -2.804355e-01,    1.556329e-01,   -1.788454e-02,   -3.487163e-02,    1.289768e+00,   -1.388944e+00,   -4.203914e-01,   -4.856907e-01,   -4.543252e+00,    1.307052e+00,   -6.393125e-01,    8.342939e-01,    2.109400e-02,   -4.120900e-03,    6.124100e-02,   -9.898400e-02,   -3.274900e-01,    1.691700e-01,   -2.884300e-02,   -2.057100e-02,    7.502600e-03,    7.502600e-03,    1.035700e-02,    1.035700e-02,    1.035700e-02,    1.035700e-02,    1.714100e-02,    1.714100e-02,
        37,    6.309500e+00,    2.413679e-02,   -1.386862e-02,    4.942580e-02,   -6.599619e-02,   -8.598019e-02,    8.296127e-02,   -6.796730e-03,    3.361692e-03,    5.687374e-01,    2.162337e-01,    1.398597e+00,   -2.652774e+00,   -3.633367e+00,    3.267895e+00,   -9.727401e-01,    4.868387e-01,    2.892800e-02,   -1.204700e-02,    5.800200e-02,   -8.226300e-02,   -1.082600e-01,    1.030000e-01,   -1.379900e-02,    6.866200e-03,    8.424300e-03,    8.424300e-03,    6.132000e-03,    6.132000e-03,    6.132000e-03,    6.132000e-03,    7.198500e-03,    7.198500e-03,
        37,    1.000000e+01,    2.939382e-02,   -1.354919e-02,    6.406985e-02,   -8.872594e-02,   -1.090067e-01,    1.033751e-01,   -9.505230e-03,    1.194138e-03,    2.288862e-01,    6.827543e-03,    1.716321e+00,   -2.946919e+00,   -3.208330e+00,    2.519223e+00,   -7.173095e-01,   -1.485785e-01,    3.174700e-02,   -1.347900e-02,    7.759000e-02,   -1.119400e-01,   -1.342800e-01,    1.232200e-01,   -1.516100e-02,    2.264100e-05,    1.028100e-02,    1.028100e-02,    7.877400e-03,    7.877400e-03,    7.877400e-03,    7.877400e-03,    7.884700e-03,    7.884700e-03,
        37,    1.584800e+01,    3.374681e-02,   -1.217396e-02,    8.412889e-02,   -1.191136e-01,   -1.349745e-01,    1.276298e-01,   -1.144587e-02,   -2.848479e-03,    1.593230e-01,   -3.431216e-01,    2.068262e+00,   -3.122496e+00,   -2.916182e+00,    2.590612e+00,   -2.664232e-01,   -1.088212e+00,    3.578200e-02,   -1.655700e-02,    1.051900e-01,   -1.509100e-01,   -1.646700e-01,    1.540100e-01,   -1.410800e-02,   -1.372200e-02,    1.277400e-02,    1.277400e-02,    1.018300e-02,    1.018300e-02,    1.018300e-02,    1.018300e-02,    9.992100e-03,    9.992100e-03,
        38,    6.309500e+00,   -5.358871e-03,   -3.962194e-03,    3.609588e-02,   -2.433723e-02,   -1.932625e-02,    1.838369e-02,    3.827974e-03,   -1.499238e-03,   -4.800223e+00,    2.042411e+00,    1.435551e+00,   -4.547548e-01,   -2.539402e+00,   -2.440089e-02,   -2.929772e-01,    1.455653e-01,   -3.570300e-02,    8.948700e-03,    4.076400e-02,   -2.581600e-02,   -2.428900e-02,    1.833600e-02,    3.368000e-03,   -1.270700e-03,    6.321400e-03,    6.321400e-03,    3.251800e-03,    3.251800e-03,    1.954300e-03,    1.954300e-03,    1.570000e-03,    1.570000e-03,
        38,    1.000000e+01,   -3.803521e-03,   -4.170901e-03,    4.278809e-02,   -2.723689e-02,   -2.323609e-02,    2.431032e-02,    4.735034e-03,   -1.479288e-03,   -4.965194e+00,    1.104825e+00,    1.282556e+00,   -9.888365e-01,   -1.765456e+00,   -5.232386e-01,   -3.806651e-01,    4.140115e-01,   -3.847100e-02,    3.543100e-03,    4.704900e-02,   -3.052200e-02,   -2.758300e-02,    2.302200e-02,    4.041500e-03,   -7.250000e-04,    6.982100e-03,    6.982100e-03,    3.322200e-03,    3.322200e-03,    2.462200e-03,    2.462200e-03,    1.821900e-03,    1.821900e-03,
        38,    1.584800e+01,   -2.645290e-03,   -4.483232e-03,    4.927196e-02,   -3.119457e-02,   -2.840920e-02,    3.241990e-02,    5.733337e-03,   -6.553056e-04,   -4.851574e+00,    4.151482e-02,    1.095148e+00,   -1.554560e+00,   -8.143353e-01,   -5.544324e-01,   -9.015683e-01,    1.568751e-01,   -3.864300e-02,   -4.175200e-03,    5.214300e-02,   -3.527000e-02,   -3.130400e-02,    3.044900e-02,    3.953100e-03,   -3.455400e-04,    7.419800e-03,    7.419800e-03,    2.621600e-03,    2.621600e-03,    3.554800e-03,    3.554800e-03,    1.974600e-03,    1.974600e-03,
        39,    6.309500e+00,   -1.060420e-02,    1.869906e-03,    2.683584e-02,   -2.902035e-02,   -3.543495e-02,    2.496482e-02,    3.439808e-03,    1.147144e-03,   -1.102624e+00,    6.641933e-01,    1.887403e+00,   -9.083659e-01,   -2.215186e+00,    2.099187e+00,   -4.687285e-01,    5.896913e-01,   -1.494600e-02,    4.485300e-03,    3.129200e-02,   -3.116500e-02,   -4.066500e-02,    2.992100e-02,    2.516600e-03,    2.308600e-03,    3.937700e-03,    3.937700e-03,    2.361000e-03,    2.361000e-03,    2.361000e-03,    2.361000e-03,    1.969600e-03,    1.969600e-03,
        39,    1.000000e+01,   -1.192083e-02,   -3.452811e-04,    3.587838e-02,   -3.590097e-02,   -4.238156e-02,    2.870336e-02,    3.405517e-03,    2.180750e-03,   -1.035594e+00,    5.658775e-01,    1.164852e+00,    2.290938e-02,   -2.228071e+00,    1.558800e+00,   -7.227526e-01,    2.821227e-01,   -1.654300e-02,    2.180400e-03,    3.913100e-02,   -3.583700e-02,   -4.860300e-02,    3.305600e-02,    1.883400e-03,    2.774900e-03,    4.463300e-03,    4.463300e-03,    2.792300e-03,    2.792300e-03,    2.792300e-03,    2.792300e-03,    2.106000e-03,    2.106000e-03,
        39,    1.584800e+01,   -1.203952e-02,   -3.636183e-03,    4.671113e-02,   -4.279222e-02,   -4.943254e-02,    3.348132e-02,    2.805671e-03,    3.752122e-03,   -9.796797e-01,    4.031904e-01,    6.468066e-01,   -6.479883e-02,   -2.217255e+00,    1.240446e+00,   -9.086432e-01,   -4.912342e-01,   -1.692900e-02,   -1.623900e-03,    4.886500e-02,   -4.300800e-02,   -5.681600e-02,    3.761200e-02,    9.006100e-04,    2.722200e-03,    4.990900e-03,    4.990900e-03,    3.330000e-03,    3.330000e-03,    3.330000e-03,    3.330000e-03,    2.096600e-03,    2.096600e-03,
        40,    6.309500e+00,   -1.120821e-02,   -4.572364e-03,    3.981008e-02,   -3.419499e-02,   -2.837132e-02,    2.399110e-02,    5.555000e-03,    7.445889e-04,   -1.774221e+00,   -5.177883e-01,   -2.616903e+00,    5.780782e-01,    1.622249e+00,   -1.806880e+00,   -5.839879e-01,    1.024347e+00,   -1.961500e-02,   -7.025800e-03,    3.465400e-02,   -3.305600e-02,   -2.517500e-02,    2.043100e-02,    4.417800e-03,    2.739300e-03,    4.738300e-03,    4.738300e-03,    1.970300e-03,    1.970300e-03,    1.970300e-03,    1.970300e-03,    1.947300e-03,    1.947300e-03,
        40,    1.000000e+01,   -9.530527e-03,   -8.732163e-03,    4.978213e-02,   -4.213774e-02,   -3.442349e-02,    2.941824e-02,    5.483686e-03,    2.834328e-03,   -1.111585e+00,   -7.107831e-01,   -3.597027e+00,    1.375489e+00,    1.822296e+00,   -1.997804e+00,   -7.762672e-01,    3.981606e-01,   -1.506800e-02,   -1.227300e-02,    4.132300e-02,   -3.890300e-02,   -3.013800e-02,    2.472000e-02,    3.809200e-03,    3.693200e-03,    4.981600e-03,    4.981600e-03,    2.351700e-03,    2.351700e-03,    2.351700e-03,    2.351700e-03,    2.157100e-03,    2.157100e-03,
        40,    1.584800e+01,   -5.367563e-03,   -1.277081e-02,    6.224051e-02,   -5.066287e-02,   -4.131390e-02,    3.672605e-02,    4.085609e-03,    5.158878e-03,   -8.439189e-01,   -1.340683e+00,   -2.881591e+00,    1.721993e+00,    1.870237e+00,   -1.718962e+00,    3.346554e-01,    1.387686e-01,   -1.051800e-02,   -2.095300e-02,    5.386200e-02,   -4.565600e-02,   -3.587600e-02,    3.172800e-02,    5.036800e-03,    5.553300e-03,    6.103000e-03,    6.103000e-03,    2.907600e-03,    2.907600e-03,    2.907600e-03,    2.907600e-03,    2.842300e-03,    2.842300e-03,
        41,    6.309500e+00,    3.357648e-02,   -1.237778e-02,    3.330202e-02,   -3.701221e-02,   -6.623461e-02,    4.168957e-02,   -2.054258e-02,    1.262219e-02,   -1.503534e+00,    5.462747e-01,   -3.989029e+00,    5.422547e+00,    8.746533e+00,   -5.563375e+00,    9.364871e-01,   -6.375804e-01,    2.648100e-02,   -9.799800e-03,    2.451100e-02,   -2.506200e-02,   -4.695900e-02,    2.942900e-02,   -1.602600e-02,    9.547200e-03,    4.719200e-03,    4.719200e-03,    2.203800e-03,    2.203800e-03,    2.203800e-03,    2.203800e-03,    4.822900e-03,    4.822900e-03,
        41,    1.000000e+01,    3.794428e-02,   -9.159053e-03,    4.338541e-02,   -4.645014e-02,   -7.784491e-02,    4.506422e-02,   -2.567695e-02,    1.116457e-02,   -1.416195e+00,    4.340602e-01,   -4.612004e+00,    5.997943e+00,    8.131183e+00,   -5.042668e+00,    1.115978e+00,   -4.616027e-01,    3.014600e-02,   -6.768900e-03,    3.114700e-02,   -3.053400e-02,   -5.626800e-02,    3.168300e-02,   -1.947100e-02,    8.597600e-03,    5.506500e-03,    5.506500e-03,    2.653600e-03,    2.653600e-03,    2.653600e-03,    2.653600e-03,    5.561000e-03,    5.561000e-03,
        41,    1.584800e+01,    3.992127e-02,   -5.025427e-03,    5.517325e-02,   -5.771894e-02,   -8.719350e-02,    4.980994e-02,   -2.930965e-02,    8.213186e-03,   -1.374176e+00,    3.877192e-01,   -5.609404e+00,    6.707055e+00,    7.365043e+00,   -5.426022e+00,    1.180163e+00,   -2.985661e-01,    3.149400e-02,   -2.647700e-03,    3.782000e-02,   -3.697000e-02,   -6.440900e-02,    3.302400e-02,   -2.208800e-02,    6.386200e-03,    6.132600e-03,    6.132600e-03,    3.093600e-03,    3.093600e-03,    3.093600e-03,    3.093600e-03,    6.119200e-03,    6.119200e-03,
        42,    6.309500e+00,   -1.395974e-02,    4.871106e-03,    2.905884e-02,   -3.242033e-02,   -3.560661e-02,    3.049814e-02,    2.435969e-03,   -1.408431e-03,    4.379893e-01,   -8.231765e-01,    2.895282e-01,    4.389019e-01,   -1.313395e+00,   -2.795071e-01,    1.031162e+00,    3.247374e-01,   -1.242700e-02,    1.990400e-03,    2.972400e-02,   -3.141200e-02,   -3.862400e-02,    2.985600e-02,    4.819500e-03,   -6.578000e-04,    3.499500e-03,    3.499500e-03,    2.297400e-03,    2.297400e-03,    2.297400e-03,    2.297400e-03,    2.311500e-03,    2.311500e-03,
        42,    1.000000e+01,   -1.691208e-02,    1.191279e-03,    3.946126e-02,   -3.877168e-02,   -4.472614e-02,    3.565740e-02,    4.344693e-03,   -2.933034e-03,    7.708761e-01,   -5.853110e-01,   -7.184776e-03,    3.236794e-01,   -7.932973e-01,   -4.707585e-01,    5.893016e-01,    8.342756e-01,   -1.373700e-02,   -1.219500e-03,    3.944100e-02,   -3.785900e-02,   -4.696300e-02,    3.433000e-02,    6.000100e-03,   -5.894700e-04,    4.118800e-03,    4.118800e-03,    2.819700e-03,    2.819700e-03,    2.819700e-03,    2.819700e-03,    2.809100e-03,    2.809100e-03,
        42,    1.584800e+01,   -1.768291e-02,   -4.201162e-03,    5.053762e-02,   -4.519022e-02,   -5.399781e-02,    4.143522e-02,    7.703492e-03,   -2.215956e-03,    7.407908e-01,   -3.496798e-01,    2.203496e-01,   -1.689511e-03,   -3.823298e-01,   -3.484115e-01,    1.665756e-01,    6.841698e-01,   -1.409200e-02,   -5.896200e-03,    5.129100e-02,   -4.519600e-02,   -5.530500e-02,    4.024400e-02,    8.298900e-03,    2.295400e-04,    4.847400e-03,    4.847400e-03,    3.419000e-03,    3.419000e-03,    3.419000e-03,    3.419000e-03,    3.574400e-03,    3.574400e-03,
        43,    6.309500e+00,   -6.450188e-03,   -9.085464e-03,    4.436876e-02,   -3.774476e-02,   -3.822457e-02,    2.943872e-02,    7.972353e-03,   -3.440848e-03,    4.656783e+00,    4.227117e+00,   -3.073525e+00,    1.139299e+00,    3.485073e+00,    8.687779e-01,    4.211510e-01,   -1.285816e+00,    1.438100e-02,    9.823700e-03,    3.712600e-02,   -3.506000e-02,   -3.001200e-02,    3.148600e-02,    9.434000e-03,   -7.903400e-03,    4.473300e-03,    4.473300e-03,    2.356500e-03,    2.356500e-03,    2.356500e-03,    2.356500e-03,    3.470600e-03,    3.470600e-03,
        43,    1.000000e+01,   -1.038222e-03,   -8.764948e-03,    5.512765e-02,   -4.391515e-02,   -4.319266e-02,    3.985240e-02,    8.534968e-03,   -4.884366e-03,    2.421374e+00,    4.446493e+00,   -2.356827e+00,    1.116445e+00,    3.379846e+00,    9.944931e-01,    1.151847e+00,   -7.714318e-01,    1.085000e-02,    1.306600e-02,    4.823700e-02,   -4.065100e-02,   -3.331100e-02,    4.276000e-02,    1.361300e-02,   -8.285300e-03,    4.909700e-03,    4.909700e-03,    2.923700e-03,    2.923700e-03,    2.923700e-03,    2.923700e-03,    4.408600e-03,    4.408600e-03,
        43,    1.584800e+01,    3.242519e-03,   -5.331609e-03,    6.550442e-02,   -5.174770e-02,   -5.107239e-02,    5.563579e-02,    9.828085e-03,   -6.970662e-03,    6.524100e-01,    3.703369e+00,   -1.540533e+00,    7.171922e-01,    2.221077e+00,    6.103808e-01,    1.435378e+00,   -3.159477e-01,    6.602300e-03,    1.374000e-02,    5.975700e-02,   -4.907200e-02,   -4.278600e-02,    5.791300e-02,    1.800400e-02,   -8.770300e-03,    5.149800e-03,    5.149800e-03,    3.730800e-03,    3.730800e-03,    3.730800e-03,    3.730800e-03,    5.696000e-03,    5.696000e-03,
        44,    6.309500e+00,   -1.691899e-02,   -5.593928e-03,    4.191873e-02,   -4.061566e-02,   -5.502754e-02,    3.209999e-02,    3.604969e-03,    1.607792e-03,   -7.268475e-01,    1.050189e-01,   -2.329884e+00,    1.009561e+00,    1.778014e+00,   -1.319565e+00,   -4.007801e-01,   -1.170729e-01,   -2.053200e-02,   -5.071900e-03,    3.554300e-02,   -3.785300e-02,   -5.016200e-02,    2.848900e-02,    2.798800e-03,    1.372300e-03,    4.970800e-03,    4.970800e-03,    2.736500e-03,    2.736500e-03,    2.736500e-03,    2.736500e-03,    2.011500e-03,    2.011500e-03,
        44,    1.000000e+01,   -1.405573e-02,   -8.925343e-03,    5.286805e-02,   -4.914148e-02,   -6.154372e-02,    3.879794e-02,    3.157395e-03,    1.881629e-03,   -6.644056e-01,   -7.876768e-02,   -2.231954e+00,    9.645836e-01,    2.014539e+00,   -2.021167e+00,   -2.426027e-01,   -4.272033e-01,   -1.762000e-02,   -9.347900e-03,    4.495800e-02,   -4.572300e-02,   -5.509700e-02,    3.233000e-02,    2.666100e-03,    1.016500e-03,    5.364600e-03,    5.364600e-03,    3.544000e-03,    3.544000e-03,    3.200100e-03,    3.200100e-03,    2.025100e-03,    2.025100e-03,
        44,    1.584800e+01,   -9.552252e-03,   -1.119839e-02,    6.429564e-02,   -6.016312e-02,   -6.837329e-02,    4.977230e-02,    2.791962e-03,    2.347152e-03,   -5.087041e-01,   -1.510794e-01,   -1.447335e+00,    7.253270e-01,    2.067987e+00,   -1.985491e+00,    5.869221e-02,   -4.353927e-01,   -1.241300e-02,   -1.204800e-02,    5.793200e-02,   -5.697400e-02,   -6.037700e-02,    4.209500e-02,    2.927500e-03,    1.341700e-03,    5.623600e-03,    5.623600e-03,    4.396800e-03,    4.396800e-03,    3.866700e-03,    3.866700e-03,    2.309300e-03,    2.309300e-03,
        45,    6.309500e+00,   -1.068489e-03,    2.759989e-03,    2.179206e-02,   -2.554515e-02,   -2.379621e-02,    3.261353e-02,    1.407002e-03,   -1.737698e-03,   -8.133978e-01,    2.507079e-01,    3.042411e-01,    3.709976e-01,    1.019455e+00,    5.175743e-01,    4.428518e-01,   -1.925937e-01,   -2.488600e-03,    3.197700e-03,    2.234900e-02,   -2.486600e-02,   -2.193000e-02,    3.356100e-02,    2.130400e-03,   -2.052300e-03,    1.745900e-03,    1.745900e-03,    1.830600e-03,    1.830600e-03,    1.830600e-03,    1.830600e-03,    1.633500e-03,    1.633500e-03,
        45,    1.000000e+01,   -2.190406e-03,    3.783434e-03,    2.647611e-02,   -3.567359e-02,   -3.175005e-02,    4.361584e-02,    1.771850e-03,   -3.878013e-03,   -7.651315e-01,   -4.396310e-02,    2.044899e-01,    2.497273e-01,    6.202257e-01,    4.707773e-02,    3.989373e-01,    4.752044e-01,   -3.966200e-03,    3.681400e-03,    2.697200e-02,   -3.506800e-02,   -3.024600e-02,    4.373000e-02,    2.631600e-03,   -2.853900e-03,    2.320900e-03,    2.320900e-03,    2.425000e-03,    2.425000e-03,    2.425000e-03,    2.425000e-03,    2.155100e-03,    2.155100e-03,
        45,    1.584800e+01,   -3.636857e-03,    4.516549e-03,    3.412020e-02,   -5.029316e-02,   -4.331042e-02,    5.750461e-02,    3.505912e-03,   -6.122219e-03,   -6.828209e-01,   -2.507552e-01,   -3.569117e-02,    1.739444e-01,    2.870095e-01,    6.468316e-02,   -2.505050e-01,    5.973045e-01,   -5.715500e-03,    3.753200e-03,    3.400300e-02,   -4.972200e-02,   -4.236800e-02,    5.771700e-02,    2.780900e-03,   -4.393500e-03,    3.044200e-03,    3.044200e-03,    3.283600e-03,    3.283600e-03,    3.283600e-03,    3.283600e-03,    2.894200e-03,    2.894200e-03,
        46,    6.309500e+00,   -3.395119e-02,    9.585457e-03,    4.283585e-02,   -3.902610e-02,   -4.850168e-02,    3.049775e-02,    1.157457e-02,   -6.212462e-03,   -8.802863e-01,    5.254935e-01,   -1.144590e+00,    1.166295e+00,    7.272061e-01,   -1.325640e+00,   -3.186052e-01,    4.703642e-02,   -4.024400e-02,    1.334200e-02,    3.976400e-02,   -3.589600e-02,   -4.655000e-02,    2.694000e-02,    1.036100e-02,   -6.033300e-03,    7.148600e-03,    7.148600e-03,    2.683800e-03,    2.683800e-03,    2.683800e-03,    2.683800e-03,    3.809000e-03,    3.809000e-03,
        46,    1.000000e+01,   -3.727909e-02,    6.210664e-03,    5.527594e-02,   -4.634325e-02,   -5.661885e-02,    3.446979e-02,    1.423184e-02,   -6.394458e-03,   -8.557601e-01,    1.301854e-01,   -1.496031e+00,    8.752049e-01,    1.209206e+00,   -1.175648e+00,   -6.029172e-01,   -1.820504e-01,   -4.430300e-02,    7.279200e-03,    5.050300e-02,   -4.355100e-02,   -5.276100e-02,    3.071900e-02,    1.162000e-02,   -7.183100e-03,    8.207800e-03,    8.207800e-03,    3.190400e-03,    3.190400e-03,    3.190400e-03,    3.190400e-03,    4.332000e-03,    4.332000e-03,
        46,    1.584800e+01,   -3.815734e-02,    2.190908e-03,    6.905937e-02,   -5.322919e-02,   -6.422860e-02,    4.003873e-02,    1.682407e-02,   -5.625568e-03,   -8.366139e-01,    3.829491e-02,   -1.774292e+00,    6.061607e-01,    1.149789e+00,   -1.360063e+00,   -7.672632e-01,   -5.855134e-01,   -4.578600e-02,    2.540100e-03,    6.242600e-02,   -5.096300e-02,   -5.993000e-02,    3.495400e-02,    1.304100e-02,   -8.512500e-03,    9.118500e-03,    9.118500e-03,    3.738600e-03,    3.738600e-03,    3.738600e-03,    3.738600e-03,    4.930600e-03,    4.930600e-03,
        47,    6.309500e+00,    2.241719e-02,   -2.704745e-03,    5.020912e-02,   -5.810608e-02,   -7.452763e-02,    5.391630e-02,   -1.433162e-02,    9.112689e-03,   -1.117754e+00,    1.473277e+00,   -1.427244e+00,    1.660384e+00,    2.826027e+00,   -2.301684e+00,    6.687837e-01,   -1.063500e+00,    1.662800e-02,    4.925800e-03,    4.496300e-02,   -5.200300e-02,   -6.414000e-02,    4.545600e-02,   -1.124900e-02,    4.210700e-03,    5.179300e-03,    5.179300e-03,    3.675700e-03,    3.675700e-03,    3.675700e-03,    3.675700e-03,    4.609300e-03,    4.609300e-03,
        47,    1.000000e+01,    2.443200e-02,    2.524634e-03,    6.738010e-02,   -7.334887e-02,   -9.196573e-02,    6.069420e-02,   -1.892768e-02,    7.553831e-03,   -1.054790e+00,    1.309155e+00,   -1.897013e+00,    2.244984e+00,    3.474300e+00,   -2.615846e+00,    8.570991e-01,   -1.196888e+00,    1.772100e-02,    1.085400e-02,    5.896400e-02,   -6.338900e-02,   -7.655200e-02,    4.908900e-02,   -1.428700e-02,    1.073400e-03,    6.362400e-03,    6.362400e-03,    4.436500e-03,    4.436500e-03,    4.436500e-03,    4.436500e-03,    5.414400e-03,    5.414400e-03,
        47,    1.584800e+01,    2.400791e-02,    9.288514e-03,    8.884058e-02,   -9.008468e-02,   -1.102285e-01,    6.668151e-02,   -2.354007e-02,    3.934403e-03,   -1.411760e+00,    1.185627e+00,   -2.303631e+00,    2.122671e+00,    3.566198e+00,   -2.342968e+00,    1.383933e+00,   -1.588442e+00,    1.346700e-02,    1.814100e-02,    7.643000e-02,   -7.864900e-02,   -9.101600e-02,    5.405900e-02,   -1.497200e-02,   -5.899800e-03,    7.466500e-03,    7.466500e-03,    5.387400e-03,    5.387400e-03,    5.387400e-03,    5.387400e-03,    6.191100e-03,    6.191100e-03,
        48,    6.309500e+00,    2.737434e-03,   -1.485845e-03,    3.680834e-02,   -3.442886e-02,   -3.704023e-02,    3.664783e-02,    1.058488e-03,    4.625517e-03,   -7.676558e-02,    8.732910e-01,    6.346718e-01,    8.945083e-02,   -6.294484e-01,    8.725405e-01,   -4.744188e-02,    3.331364e-01,    2.604100e-03,    3.097400e-05,    3.849600e-02,   -3.419100e-02,   -3.871400e-02,    3.896800e-02,    9.339100e-04,    5.500300e-03,    1.736900e-03,    1.736900e-03,    2.659100e-03,    2.659100e-03,    2.659100e-03,    2.659100e-03,    2.625900e-03,    2.625900e-03,
        48,    1.000000e+01,    3.448061e-03,   -2.923766e-04,    4.705337e-02,   -4.289335e-02,   -4.709466e-02,    4.529175e-02,   -2.280095e-04,    5.340639e-03,   -3.789462e-01,    6.403250e-01,    1.648039e-01,    3.229436e-01,   -7.404050e-01,    4.771801e-01,   -2.530148e-01,    2.894123e-01,    2.682400e-03,    1.001400e-03,    4.759500e-02,   -4.183200e-02,   -4.952800e-02,    4.686000e-02,   -1.016100e-03,    6.242100e-03,    2.020500e-03,    2.020500e-03,    3.286500e-03,    3.286500e-03,    3.286500e-03,    3.286500e-03,    3.114800e-03,    3.114800e-03,
        48,    1.584800e+01,    2.702775e-03,    9.945243e-04,    5.926730e-02,   -5.188099e-02,   -5.944431e-02,    5.570397e-02,   -1.687491e-03,    6.401298e-03,   -5.494359e-01,    2.738176e-01,    4.929676e-01,   -2.402812e-01,   -1.064495e+00,    3.545442e-01,   -2.262083e-01,   -5.125952e-02,    1.597200e-03,    1.545500e-03,    6.132100e-02,   -5.288200e-02,   -6.387900e-02,    5.718100e-02,   -2.500800e-03,    6.217000e-03,    2.012200e-03,    2.012200e-03,    4.166000e-03,    4.166000e-03,    4.166000e-03,    4.166000e-03,    3.595400e-03,    3.595400e-03,
VTF,
     StaID,        Freq[Hz],     Re(Tzx)_Cal,     Im(Tzx)_Cal,     Re(Tzy)_Cal,     Im(Tzy)_Cal,     Re(Tzx)_Res,     Im(Tzx)_Res,     Re(Tzy)_Res,     Im(Tzy)_Res,     Re(Tzx)_Obs,     Im(Tzx)_Obs,     Re(Tzy)_Obs,     Im(Tzy)_Obs,      Re(Tzx)_SD,      Im(Tzx)_SD,      Re(Tzy)_SD,      Im(Tzy)_SD,
      1001,    6.309500e+00,    1.050999e-01,    7.164770e-02,    7.524240e-02,   -3.070625e-02,    4.480020e-01,    2.150432e-01,   -3.964799e-01,   -2.520917e-01,    1.185400e-01,    7.809900e-02,    6.334800e-02,   -3.826900e-02,    3.000000e-02,    3.000000e-02,    3.000000e-02,    3.000000e-02,
      1001,    1.000000e+01,    6.636047e-02,    7.080344e-02,    9.632577e-02,   -3.499626e-02,    7.033843e-01,   -9.288119e-02,   -5.187256e-01,    2.464191e-02,    8.746200e-02,    6.801700e-02,    8.076400e-02,   -3.425700e-02,    3.000000e-02,    3.000000e-02,    3.000000e-02,    3.000000e-02,
      1001,    1.584800e+01,    3.366221e-02,    4.956066e-02,    1.172926e-01,   -2.587650e-02,    9.818264e-01,   -1.585886e-01,   -5.427546e-01,   -1.287833e-01,    6.311700e-02,    4.480300e-02,    1.010100e-01,   -2.974000e-02,    3.000000e-02,    3.000000e-02,    3.000000e-02,    3.000000e-02,
      1002,    6.309500e+00,    1.413949e-01,    6.526699e-02,   -9.637894e-02,    3.258813e-02,    5.278383e-01,   -2.719954e-02,    1.059814e-02,   -3.347114e-02,    1.572300e-01,    6.445100e-02,   -9.606100e-02,    3.158400e-02,    3.000000e-02,    3.000000e-02,    3.000000e-02,    3.000000e-02,
      1002,    1.000000e+01,    1.031299e-01,    5.739779e-02,   -9.261154e-02,    2.725974e-02,    7.283354e-01,    7.317357e-02,   -2.200820e-01,    2.370752e-01,    1.249800e-01,    5.959300e-02,   -9.921400e-02,    3.437200e-02,    3.000000e-02,    3.000000e-02,    3.000000e-02,    3.000000e-02,
      1002,    1.584800e+01,    7.550715e-02,    2.762322e-02,   -9.159756e-02,    3.849044e-02,    8.480949e-01,    1.127926e-01,   -4.040813e-01,    1.745852e-01,    1.009500e-01,    3.100700e-02,   -1.037200e-01,    4.372800e-02,    3.000000e-02,    3.000000e-02,    3.000000e-02,    3.000000e-02,
      1004,    6.309500e+00,    1.165052e-02,    3.865966e-02,    4.906172e-01,    5.495179e-02,    1.323183e+00,   -4.784221e-01,   -4.652387e-01,    1.314907e+00,    5.134600e-02,    2.430700e-02,    4.766600e-01,    9.439900e-02,    3.000000e-02,    3.000000e-02,    3.000000e-02,    3.000000e-02,
      1004,    1.000000e+01,   -7.160472e-03,    4.388270e-02,    4.621094e-01,    1.039517e-01,    1.149882e+00,    8.016766e-01,   -4.543129e-01,    3.886089e-01,    2.733600e-02,    6.793300e-02,    4.484800e-01,    1.156100e-01,    3.000000e-02,    3.000000e-02,    3.000000e-02,    3.000000e-02,
      1004,    1.584800e+01,   -2.727111e-02,    4.228701e-02,    4.115239e-01,    1.422019e-01,   -8.018630e-01,    1.431633e+00,   -3.111301e-01,   -1.113397e+00,   -5.132700e-02,    8.523600e-02,    4.021900e-01,    1.088000e-01,    3.000000e-02,    3.000000e-02,    3.000000e-02,    3.000000e-02,
      1005,    6.309500e+00,    1.505391e-01,    7.613949e-02,    8.390068e-02,   -2.872550e-02,   -8.130450e-02,   -2.520496e-01,    1.737441e-01,    6.306367e-01,    1.481000e-01,    6.857800e-02,    8.911300e-02,   -9.806400e-03,    3.000000e-02,    3.000000e-02,    3.000000e-02,    3.000000e-02,
      1005,    1.000000e+01,    1.111791e-01,    8.900259e-02,    1.041044e-01,   -3.488557e-02,    1.786979e-01,   -4.237529e-01,   -2.055126e-01,    6.740523e-01,    1.165400e-01,    7.629000e-02,    9.793900e-02,   -1.466400e-02,    3.000000e-02,    3.000000e-02,    3.000000e-02,    3.000000e-02,
      1005,    1.584800e+01,    7.069763e-02,    8.408981e-02,    1.247344e-01,   -2.813126e-02,    5.935123e-01,   -5.031269e-01,   -5.844784e-01,    4.217086e-01,    8.850300e-02,    6.899600e-02,    1.072000e-01,   -1.548000e-02,    3.000000e-02,    3.000000e-02,    3.000000e-02,    3.000000e-02,
      1006,    6.309500e+00,    5.551783e-02,   -7.802402e-03,    3.109808e-02,    6.003059e-02,   -7.040276e-01,    9.691341e-02,    1.599531e+00,   -2.570531e-01,    3.439700e-02,   -4.895000e-03,    7.908400e-02,    5.231900e-02,    3.000000e-02,    3.000000e-02,    3.000000e-02,    3.000000e-02,
      1006,    1.000000e+01,    5.734419e-02,    1.062297e-02,    8.396201e-03,    5.330422e-02,   -7.934063e-01,   -5.404242e-02,    1.492727e+00,    1.679925e-01,    3.354200e-02,    9.001700e-03,    5.317800e-02,    5.834400e-02,    3.000000e-02,    3.000000e-02,    3.000000e-02,    3.000000e-02,
      1006,    1.584800e+01,    4.880698e-02,    2.983431e-02,   -1.137827e-02,    4.090921e-02,   -8.542661e-01,   -3.339437e-01,    1.276942e+00,    2.687262e-01,    2.317900e-02,    1.981600e-02,    2.693000e-02,    4.897100e-02,    3.000000e-02,    3.000000e-02,    3.000000e-02,    3.000000e-02,
      1007,    6.309500e+00,   -7.860411e-02,   -1.017572e-02,    1.412170e-01,    2.185886e-02,    5.583370e-01,    7.165575e-01,   -4.105668e-01,   -3.969020e-01,   -6.185400e-02,    1.132100e-02,    1.289000e-01,    9.951800e-03,    3.000000e-02,    3.000000e-02,    3.000000e-02,    3.000000e-02,
      1007,    1.000000e+01,   -7.629811e-02,   -7.074120e-03,    1.370464e-01,    3.081812e-02,    5.612704e-01,    8.436040e-01,   -2.625453e-01,   -1.910708e-01,   -5.946000e-02,    1.823400e-02,    1.291700e-01,    2.508600e-02,    3.000000e-02,    3.000000e-02,    3.000000e-02,    3.000000e-02,
      1007,    1.584800e+01,   -7.799541e-02,   -5.729931e-03,    1.288515e-01,    4.362613e-02,    7.669803e-01,    7.451977e-01,   -1.537173e-01,   -1.031042e-01,   -5.498600e-02,    1.662600e-02,    1.242400e-01,    4.053300e-02,    3.000000e-02,    3.000000e-02,    3.000000e-02,    3.000000e-02,
      1008,    6.309500e+00,    1.519396e-01,    9.227833e-02,   -7.870542e-02,    6.517758e-02,    6.433480e-01,    9.830556e-01,   -1.251819e+00,   -1.813525e-01,    1.712400e-01,    1.217700e-01,   -1.162600e-01,    5.973700e-02,    3.000000e-02,    3.000000e-02,    3.000000e-02,    3.000000e-02,
      1008,    1.000000e+01,    1.001324e-01,    9.904394e-02,   -1.033776e-01,    3.784225e-02,    3.722536e-01,    1.090202e+00,   -1.505081e+00,    5.319174e-02,    1.113000e-01,    1.317500e-01,   -1.485300e-01,    3.943800e-02,    3.000000e-02,    3.000000e-02,    3.000000e-02,    3.000000e-02,
      1008,    1.584800e+01,    5.318906e-02,    7.845732e-02,   -1.091008e-01,    5.109177e-03,   -9.756851e-02,    6.360226e-01,   -1.590306e+00,   -2.716726e-01,    5.026200e-02,    9.753800e-02,   -1.568100e-01,   -3.041000e-03,    3.000000e-02,    3.000000e-02,    3.000000e-02,    3.000000e-02,
      1009,    6.309500e+00,   -2.064268e-01,    1.144353e-01,    1.838754e-01,    1.617638e-02,    7.198944e-01,    1.389155e+00,    4.058212e-01,   -3.544094e-01,   -1.848300e-01,    1.561100e-01,    1.960500e-01,    5.544100e-03,    3.000000e-02,    3.000000e-02,    3.000000e-02,    3.000000e-02,
      1009,    1.000000e+01,   -2.592268e-01,    8.052973e-02,    1.746165e-01,    1.105477e-02,    1.441559e+00,    4.774755e-01,    1.104494e-01,    2.315744e-01,   -2.159800e-01,    9.485400e-02,    1.779300e-01,    1.800200e-02,    3.000000e-02,    3.000000e-02,    3.000000e-02,    3.000000e-02,
      1009,    1.584800e+01,   -2.876331e-01,    2.594281e-02,    1.727887e-01,    1.239182e-03,    1.469770e+00,    9.330631e-02,    6.147111e-01,    2.059939e-01,   -2.435400e-01,    2.874200e-02,    1.912300e-01,    7.419000e-03,    3.000000e-02,    3.000000e-02,    3.000000e-02,    3.000000e-02,
      1010,    6.309500e+00,    1.641511e-01,    9.051561e-02,    6.677544e-02,    1.810597e-02,    3.972960e-01,   -6.067538e-01,    2.747485e+00,    3.510134e+00,    1.760700e-01,    7.231300e-02,    1.492000e-01,    1.234100e-01,    3.000000e-02,    3.000000e-02,    3.000000e-02,    3.000000e-02,
      1010,    1.000000e+01,    1.208399e-01,    1.222882e-01,    6.701512e-02,    1.762698e-02,    6.500027e-01,   -2.906056e-01,    7.399293e-01,    3.565767e+00,    1.403400e-01,    1.135700e-01,    8.921300e-02,    1.246000e-01,    3.000000e-02,    3.000000e-02,    3.000000e-02,    3.000000e-02,
      1010,    1.584800e+01,    6.319706e-02,    1.395299e-01,    6.438033e-02,    2.385525e-02,    3.241312e-01,   -2.799777e-02,   -9.989110e-01,    2.513058e+00,    7.292100e-02,    1.386900e-01,    3.441300e-02,    9.924700e-02,    3.000000e-02,    3.000000e-02,    3.000000e-02,    3.000000e-02,
      1011,    6.309500e+00,    1.744508e-01,    4.902819e-02,   -9.357410e-02,   -3.644781e-02,    4.096399e-01,    8.400936e-01,    4.136034e-01,   -6.239398e-01,    1.867400e-01,    7.423100e-02,   -8.116600e-02,   -5.516600e-02,    3.000000e-02,    3.000000e-02,    3.000000e-02,    3.000000e-02,
      1011,    1.000000e+01,    1.595234e-01,    5.024141e-02,   -6.380892e-02,   -5.113325e-02,    1.055488e-02,    7.959865e-01,    2.299974e-01,    8.275034e-03,    1.598400e-01,    7.412100e-02,   -5.690900e-02,   -5.088500e-02,    3.000000e-02,    3.000000e-02,    3.000000e-02,    3.000000e-02,
      1011,    1.584800e+01,    1.466026e-01,    5.700469e-02,   -3.773208e-02,   -4.741862e-02,   -2.480859e-01,    1.713102e-01,   -1.486308e-01,    1.909874e-01,    1.391600e-01,    6.214400e-02,   -4.219100e-02,   -4.168900e-02,    3.000000e-02,    3.000000e-02,    3.000000e-02,    3.000000e-02,
      1012,    6.309500e+00,    2.086964e-01,    1.368634e-01,   -2.572095e-02,    9.580969e-02,    7.854518e-01,   -9.464456e-01,   -1.440349e-01,   -6.205564e-01,    2.322600e-01,    1.084700e-01,   -3.004200e-02,    7.719300e-02,    3.000000e-02,    3.000000e-02,    3.000000e-02,    3.000000e-02,
      1012,    1.000000e+01,    1.423944e-01,    1.241261e-01,   -6.198733e-02,    4.912295e-02,    1.102187e+00,   -3.092043e-01,   -7.058898e-02,   -4.145649e-01,    1.754600e-01,    1.148500e-01,   -6.410500e-02,    3.668600e-02,    3.000000e-02,    3.000000e-02,    3.000000e-02,    3.000000e-02,
      1014,    6.309500e+00,    3.044445e-01,    1.769297e-02,    6.743261e-02,    9.707587e-02,   -8.688174e-01,    8.201002e-03,   -1.834654e+00,    2.308043e-01,    2.783800e-01,    1.793900e-02,    1.239300e-02,    1.040000e-01,    3.000000e-02,    3.000000e-02,    3.000000e-02,    3.000000e-02,
      1014,    1.000000e+01,    2.956724e-01,    7.759039e-02,    2.867879e-02,    1.093838e-01,   -7.277461e-01,   -9.204619e-02,   -2.016426e+00,   -2.501265e-01,    2.738400e-01,    7.482900e-02,   -3.181400e-02,    1.018800e-01,    3.000000e-02,    3.000000e-02,    3.000000e-02,    3.000000e-02,
      1014,    1.584800e+01,    2.566742e-01,    1.386420e-01,   -1.733260e-02,    1.116716e-01,   -4.168063e-01,   -4.454006e-01,   -2.279613e+00,   -8.636544e-01,    2.441700e-01,    1.252800e-01,   -8.572100e-02,    8.576200e-02,    3.000000e-02,    3.000000e-02,    3.000000e-02,    3.000000e-02,
      1015,    6.309500e+00,    7.597344e-02,    9.592771e-02,   -4.165592e-02,    5.289340e-03,   -6.050814e-01,   -5.043904e-01,    1.550308e-01,    1.038522e+00,    5.782100e-02,    8.079600e-02,   -3.700500e-02,    3.644500e-02,    3.000000e-02,    3.000000e-02,    3.000000e-02,    3.000000e-02,
      1016,    1.000000e+01,    9.139518e-02,    1.183264e-01,   -2.318659e-02,    4.087135e-02,    2.910827e+00,    3.112453e+00,   -3.528805e-01,   -1.791778e+00,    1.787200e-01,    2.117000e-01,   -3.377300e-02,   -1.288200e-02,    3.000000e-02,    3.000000e-02,    3.000000e-02,    3.000000e-02,
      1016,    1.584800e+01,    4.110084e-02,    1.398653e-01,   -3.833031e-02,    2.357380e-02,    1.746305e+00,    6.471565e-01,    4.297769e-01,   -1.570127e+00,    9.349000e-02,    1.592800e-01,   -2.543700e-02,   -2.353000e-02,    3.000000e-02,    3.000000e-02,    3.000000e-02,    3.000000e-02,
      1017,    6.309500e+00,    5.127192e-02,   -7.268572e-02,    6.910135e-02,   -6.033043e-02,   -1.360897e+00,   -1.259761e-01,    4.792549e-01,   -4.964524e-01,    1.044500e-02,   -7.646500e-02,    8.347900e-02,   -7.522400e-02,    3.000000e-02,    3.000000e-02,    3.000000e-02,    3.000000e-02,
      1017,    1.000000e+01,    7.968691e-02,   -7.099338e-02,    9.678113e-02,   -8.516067e-02,   -1.262530e+00,   -2.125873e-01,    3.306291e-01,    6.865576e-02,    4.181100e-02,   -7.737100e-02,    1.067000e-01,   -8.310100e-02,    3.000000e-02,    3.000000e-02,    3.000000e-02,    3.000000e-02,
      1017,    1.584800e+01,    1.041767e-01,   -6.145483e-02,    1.352147e-01,   -1.008602e-01,   -1.064289e+00,   -6.102724e-01,   -6.982251e-02,    7.730765e-02,    7.224800e-02,   -7.976300e-02,    1.331200e-01,   -9.854100e-02,    3.000000e-02,    3.000000e-02,    3.000000e-02,    3.000000e-02,
      1018,    1.000000e+01,   -3.006196e-02,    4.830955e-02,   -5.223227e-02,   -2.927202e-02,    2.332654e-01,    8.014150e-01,    3.683089e-01,    1.841339e-01,   -2.306400e-02,    7.235200e-02,   -4.118300e-02,   -2.374800e-02,    3.000000e-02,    3.000000e-02,    3.000000e-02,    3.000000e-02,
      1018,    1.584800e+01,   -4.317509e-02,    2.249948e-02,   -2.968154e-02,   -1.144535e-02,    2.322363e-01,    7.227841e-01,    3.575135e-02,    1.897383e-01,   -3.620800e-02,    4.418300e-02,   -2.860900e-02,   -5.753200e-03,    3.000000e-02,    3.000000e-02,    3.000000e-02,    3.000000e-02,
      1019,    6.309500e+00,   -6.530242e-03,    1.460528e-01,    3.528644e-02,   -2.216581e-02,    3.851341e+00,    9.575744e-01,    4.031119e+00,    4.755194e+00,    1.090100e-01,    1.747800e-01,    1.562200e-01,    1.204900e-01,    3.000000e-02,    3.000000e-02,    3.000000e-02,    3.000000e-02,
      1019,    1.000000e+01,   -7.357728e-02,    1.757305e-01,    4.811992e-02,   -4.694303e-02,    2.899743e+00,   -1.376823e-01,    1.465203e+00,    4.895001e+00,    1.341500e-02,    1.716000e-01,    9.207600e-02,    9.990700e-02,    3.000000e-02,    3.000000e-02,    3.000000e-02,    3.000000e-02,
      1019,    1.584800e+01,   -1.529023e-01,    1.806302e-01,    7.382580e-02,   -6.615455e-02,   -1.092355e-02,    5.066586e-01,    1.693140e+00,    8.492849e-01,   -1.532300e-01,    1.958300e-01,    1.246200e-01,   -4.067600e-02,    3.000000e-02,    3.000000e-02,    3.000000e-02,    3.000000e-02,
      1020,    6.309500e+00,    3.895040e-02,    1.114931e-01,   -3.611058e-02,    3.205904e-03,    7.811534e-01,   -3.918715e-01,   -2.834744e-02,   -6.097012e-02,    6.238500e-02,    9.973700e-02,   -3.696100e-02,    1.376800e-03,    3.000000e-02,    3.000000e-02,    3.000000e-02,    3.000000e-02,
      1020,    1.000000e+01,   -1.375859e-02,    1.181237e-01,   -2.448127e-02,   -6.698998e-03,    1.120253e+00,   -3.361246e-01,   -4.953576e-01,    3.155566e-01,    1.984900e-02,    1.080400e-01,   -3.934200e-02,    2.767700e-03,    3.000000e-02,    3.000000e-02,    3.000000e-02,    3.000000e-02,
      1020,    1.584800e+01,   -6.619672e-02,    1.037090e-01,   -1.369469e-02,   -2.762905e-03,    1.222024e+00,   -3.812995e-01,   -6.396769e-01,    6.737984e-02,   -2.953600e-02,    9.227000e-02,   -3.288500e-02,   -7.415100e-04,    3.000000e-02,    3.000000e-02,    3.000000e-02,    3.000000e-02,
      1021,    1.584800e+01,    1.223610e-01,    1.024124e-02,   -1.051155e-02,    3.431637e-02,   -4.634100e+00,   -7.870080e-01,   -5.339482e-01,    2.836875e-01,   -1.666200e-02,   -1.336900e-02,   -2.653000e-02,    4.282700e-02,    3.000000e-02,    3.000000e-02,    3.000000e-02,    3.000000e-02,
      1022,    6.309500e+00,    1.993297e-01,    7.772501e-02,    5.704669e-02,    1.241235e-02,    1.856776e-01,    2.455997e-01,    1.221610e+00,    3.321882e-01,    2.049000e-01,    8.509300e-02,    9.369500e-02,    2.237800e-02,    3.000000e-02,    3.000000e-02,    3.000000e-02,    3.000000e-02,
      1022,    1.000000e+01,    1.590052e-01,    1.003196e-01,    5.621048e-02,    1.713781e-03,    2.651614e-01,    4.190134e-01,    1.260517e+00,    7.564740e-01,    1.669600e-01,    1.128900e-01,    9.402600e-02,    2.440800e-02,    3.000000e-02,    3.000000e-02,    3.000000e-02,    3.000000e-02,
      1022,    1.584800e+01,    1.128613e-01,    1.066949e-01,    6.202677e-02,   -5.248155e-03,   -2.843753e-01,    2.625023e-01,    1.098874e+00,    9.288052e-01,    1.043300e-01,    1.145700e-01,    9.499300e-02,    2.261600e-02,    3.000000e-02,    3.000000e-02,    3.000000e-02,    3.000000e-02,
      1023,    6.309500e+00,    9.543778e-02,    5.119237e-02,   -8.500710e-02,   -2.192729e-02,   -9.512925e-01,    1.057921e+00,    3.244034e-01,   -1.269023e-02,    6.689900e-02,    8.293000e-02,   -7.527500e-02,   -2.230800e-02,    3.000000e-02,    3.000000e-02,    3.000000e-02,    3.000000e-02,
      1023,    1.000000e+01,    7.583962e-02,    3.758739e-02,   -5.584247e-02,   -3.058729e-02,   -1.280487e+00,    6.125203e-01,   -1.109177e-01,    7.010331e-01,    3.742500e-02,    5.596300e-02,   -5.917000e-02,   -9.556300e-03,    3.000000e-02,    3.000000e-02,    3.000000e-02,    3.000000e-02,
      1023,    1.584800e+01,    6.765157e-02,    2.251123e-02,   -3.192853e-02,   -1.385607e-02,   -1.492286e+00,   -1.450752e-02,   -5.242825e-01,    8.076691e-01,    2.288300e-02,    2.207600e-02,   -4.765700e-02,    1.037400e-02,    3.000000e-02,    3.000000e-02,    3.000000e-02,    3.000000e-02,
      1024,    6.309500e+00,    1.697745e-01,    8.500399e-02,    1.148822e-01,    2.608998e-03,   -8.914844e-01,    4.921336e-01,   -4.554071e-01,   -4.342333e-01,    1.430300e-01,    9.976800e-02,    1.012200e-01,   -1.041800e-02,    3.000000e-02,    3.000000e-02,    3.000000e-02,    3.000000e-02,
      1024,    1.000000e+01,    1.202777e-01,    1.102727e-01,    1.114381e-01,   -4.944478e-04,   -3.809233e-01,    6.622449e-01,   -3.293596e-02,   -2.584117e-01,    1.088500e-01,    1.301400e-01,    1.104500e-01,   -8.246800e-03,    3.000000e-02,    3.000000e-02,    3.000000e-02,    3.000000e-02,
      1024,    1.584800e+01,    6.907288e-02,    1.104042e-01,    1.117935e-01,   -5.807341e-03,   -4.614625e-01,    4.308594e-01,    1.405502e-01,   -5.748886e-01,    5.522900e-02,    1.233300e-01,    1.160100e-01,   -2.305400e-02,    3.000000e-02,    3.000000e-02,    3.000000e-02,    3.000000e-02,
      1026,    6.309500e+00,    1.387035e-01,    8.670325e-02,   -1.920492e-02,    4.209362e-02,    1.439550e+00,    4.882250e-01,    1.304464e+00,   -1.162664e+00,    1.818900e-01,    1.013500e-01,    1.992900e-02,    7.213700e-03,    3.000000e-02,    3.000000e-02,    3.000000e-02,    3.000000e-02,
      1026,    1.000000e+01,    9.186836e-02,    1.004764e-01,   -3.649687e-02,    1.549037e-02,    1.609055e+00,    2.821214e-01,    8.564291e-01,   -2.613223e-01,    1.401400e-01,    1.089400e-01,   -1.080400e-02,    7.650700e-03,    3.000000e-02,    3.000000e-02,    3.000000e-02,    3.000000e-02,
      1026,    1.584800e+01,    4.359650e-02,    9.192840e-02,   -3.667764e-02,   -1.696377e-02,   -1.185835e-01,   -4.504132e-01,    3.192214e-01,    1.211692e+00,    4.003900e-02,    7.841600e-02,   -2.710100e-02,    1.938700e-02,    3.000000e-02,    3.000000e-02,    3.000000e-02,    3.000000e-02,
      1027,    6.309500e+00,    1.210317e-01,    1.865172e-02,    1.427272e-01,    1.001429e-01,   -5.372261e-02,    1.654759e-01,   -8.195748e-01,   -6.012316e-01,    1.194200e-01,    2.361600e-02,    1.181400e-01,    8.210600e-02,    3.000000e-02,    3.000000e-02,    3.000000e-02,    3.000000e-02,
      1027,    1.000000e+01,    1.118623e-01,    4.763600e-02,    1.019460e-01,    1.234188e-01,   -1.567435e-01,   -1.148668e-01,   -6.225986e-01,   -6.182927e-01,    1.071600e-01,    4.419000e-02,    8.326800e-02,    1.048700e-01,    3.000000e-02,    3.000000e-02,    3.000000e-02,    3.000000e-02,
      1027,    1.584800e+01,    8.895053e-02,    7.555362e-02,    4.998314e-02,    1.359463e-01,   -2.735842e-01,   -4.679874e-01,   -7.987047e-01,   -6.695433e-01,    8.074300e-02,    6.151400e-02,    2.602200e-02,    1.158600e-01,    3.000000e-02,    3.000000e-02,    3.000000e-02,    3.000000e-02,
      1028,    6.309500e+00,    7.381591e-02,    1.028549e-02,    7.114479e-02,    1.033597e-01,   -2.280303e-01,    3.735171e-01,   -1.582596e-01,   -9.086899e-01,    6.697500e-02,    2.149100e-02,    6.639700e-02,    7.609900e-02,    3.000000e-02,    3.000000e-02,    3.000000e-02,    3.000000e-02,
      1028,    1.000000e+01,    6.750992e-02,    3.054846e-02,    3.004656e-02,    1.151488e-01,   -3.844308e-01,   -2.448202e-02,    8.028141e-02,   -6.538259e-01,    5.597700e-02,    2.981400e-02,    3.245500e-02,    9.553400e-02,    3.000000e-02,    3.000000e-02,    3.000000e-02,    3.000000e-02,
      1028,    1.584800e+01,    5.100271e-02,    4.926611e-02,   -1.618381e-02,    1.162189e-01,   -3.946571e-01,   -3.531704e-01,    6.251505e-01,   -2.232976e-01,    3.916300e-02,    3.867100e-02,    2.570700e-03,    1.095200e-01,    3.000000e-02,    3.000000e-02,    3.000000e-02,    3.000000e-02,
      1029,    6.309500e+00,    7.162109e-02,    6.365042e-02,    1.086179e-02,    5.255826e-02,    6.113033e-02,    1.764653e+00,   -9.154263e-01,   -4.276085e-01,    7.345500e-02,    1.165900e-01,   -1.660100e-02,    3.973000e-02,    3.000000e-02,    3.000000e-02,    3.000000e-02,    3.000000e-02,
      1029,    1.000000e+01,    3.808354e-02,    6.715871e-02,   -1.294785e-02,    3.945070e-02,   -2.068513e-01,    1.301043e+00,   -2.176383e-01,   -4.429233e-01,    3.187800e-02,    1.061900e-01,   -1.947700e-02,    2.616300e-02,    3.000000e-02,    3.000000e-02,    3.000000e-02,    3.000000e-02,
      1029,    1.584800e+01,    1.169174e-02,    5.703705e-02,   -2.432156e-02,    1.759631e-02,   -6.509081e-01,    9.983652e-01,   -1.797480e-01,   -2.582504e-01,   -7.835500e-03,    8.698800e-02,   -2.971400e-02,    9.848800e-03,    3.000000e-02,    3.000000e-02,    3.000000e-02,    3.000000e-02,
      1030,    6.309500e+00,    3.290727e-02,    8.062222e-02,    6.425881e-02,   -3.974252e-03,    1.779758e+00,   -1.085674e+00,    2.615373e+00,    2.968042e+00,    8.630000e-02,    4.805200e-02,    1.427200e-01,    8.506700e-02,    3.000000e-02,    3.000000e-02,    3.000000e-02,    3.000000e-02,
      1032,    6.309500e+00,    2.434260e-01,    4.722597e-02,    2.623315e-02,    4.567210e-02,    1.411466e+00,    2.354468e+00,    6.866950e-01,   -1.502864e+00,    2.857700e-01,    1.178600e-01,    4.683400e-02,    5.861900e-04,    3.000000e-02,    3.000000e-02,    3.000000e-02,    3.000000e-02,
      1032,    1.000000e+01,    2.155657e-01,    8.217244e-02,    2.089892e-03,    3.787666e-02,    5.732810e+00,    3.535585e+00,   -2.855197e-01,   -2.047655e+00,    3.875500e-01,    1.882400e-01,   -6.475700e-03,   -2.355300e-02,    3.000000e-02,    3.000000e-02,    3.000000e-02,    3.000000e-02,
      1032,    1.584800e+01,    1.739541e-01,    1.030242e-01,   -1.190400e-02,    1.802872e-02,    6.418531e+00,    2.014526e+00,    4.665767e-01,   -1.713957e+00,    3.665100e-01,    1.634600e-01,    2.093300e-03,   -3.339000e-02,    3.000000e-02,    3.000000e-02,    3.000000e-02,    3.000000e-02,
      1033,    6.309500e+00,   -1.776882e-01,    1.307753e-02,   -8.135912e-02,    6.136639e-02,   -6.250586e-01,   -1.586943e-01,    8.779707e-01,   -6.248465e-01,   -1.964400e-01,    8.316700e-03,   -5.502000e-02,    4.262100e-02,    3.000000e-02,    3.000000e-02,    3.000000e-02,    3.000000e-02,
      1033,    1.000000e+01,   -1.611848e-01,   -3.348391e-02,   -8.995109e-02,    3.281059e-02,   -8.195067e-01,   -1.404696e-01,    8.171363e-01,   -3.956862e-01,   -1.857700e-01,   -3.769800e-02,   -6.543700e-02,    2.094000e-02,    3.000000e-02,    3.000000e-02,    3.000000e-02,    3.000000e-02,
      1033,    1.584800e+01,   -1.239949e-01,   -4.912002e-02,   -8.965261e-02,    1.747188e-02,   -7.748359e-01,   -2.967660e-01,    3.936202e-01,   -2.601592e-01,   -1.472400e-01,   -5.802300e-02,   -7.784400e-02,    9.667100e-03,    3.000000e-02,    3.000000e-02,    3.000000e-02,    3.000000e-02,
      1034,    6.309500e+00,   -1.438258e-01,    1.292991e-01,   -8.973688e-02,    1.647674e-01,    6.352734e-02,    1.503624e-01,   -2.136104e+00,   -1.821246e+00,   -1.419200e-01,    1.338100e-01,   -1.538200e-01,    1.101300e-01,    3.000000e-02,    3.000000e-02,    3.000000e-02,    3.000000e-02,
      1034,    1.000000e+01,   -2.096809e-01,    1.016817e-01,   -1.648339e-01,    1.500642e-01,    3.480312e-01,    2.036096e-01,   -1.011537e+00,   -1.351141e+00,   -1.992400e-01,    1.077900e-01,   -1.951800e-01,    1.095300e-01,    3.000000e-02,    3.000000e-02,    3.000000e-02,    3.000000e-02,
      1034,    1.584800e+01,   -2.520012e-01,    4.302864e-02,   -2.278953e-01,    1.054169e-01,    4.387081e-01,    2.528120e-01,   -5.198217e-01,   -1.017996e+00,   -2.388400e-01,    5.061300e-02,   -2.434900e-01,    7.487700e-02,    3.000000e-02,    3.000000e-02,    3.000000e-02,    3.000000e-02,
      1035,    6.309500e+00,    1.660717e-02,    7.402795e-02,    1.044137e-01,   -1.645153e-02,   -2.243909e-02,    2.211402e+00,    1.073877e+00,    9.139842e-01,    1.593400e-02,    1.403700e-01,    1.366300e-01,    1.096800e-02,    3.000000e-02,    3.000000e-02,    3.000000e-02,    3.000000e-02,
      1035,    1.000000e+01,   -2.120375e-02,    7.125907e-02,    1.124189e-01,   -3.112814e-02,   -2.832418e-01,    9.214977e-01,    2.437034e-01,    7.543748e-01,   -2.970100e-02,    9.890400e-02,    1.197300e-01,   -8.496900e-03,    3.000000e-02,    3.000000e-02,    3.000000e-02,    3.000000e-02,
      1035,    1.584800e+01,   -4.930269e-02,    5.429966e-02,    1.340942e-01,   -4.054900e-02,   -4.565102e-01,    4.288114e-01,   -3.331395e-01,    6.253665e-01,   -6.299800e-02,    6.716400e-02,    1.241000e-01,   -2.178800e-02,    3.000000e-02,    3.000000e-02,    3.000000e-02,    3.000000e-02,
      1036,    6.309500e+00,    3.156082e-01,    3.627938e-02,    1.852541e-01,   -2.401799e-02,    2.997268e-01,    4.415208e-01,    2.781967e-01,    2.137133e+00,    3.246000e-01,    4.952500e-02,    1.936000e-01,    4.009600e-02,    3.000000e-02,    3.000000e-02,    3.000000e-02,    3.000000e-02,
      1036,    1.000000e+01,    3.002310e-01,    1.031849e-01,    1.881563e-01,   -1.866757e-02,   -3.170320e-01,   -7.941295e-01,    2.697889e-01,    1.990752e+00,    2.907200e-01,    7.936100e-02,    1.962500e-01,    4.105500e-02,    3.000000e-02,    3.000000e-02,    3.000000e-02,    3.000000e-02,
      1036,    1.584800e+01,    2.475312e-01,    1.684220e-01,    1.948407e-01,   -1.663834e-02,    1.398959e+00,   -7.154013e-01,    2.123088e-01,    2.742911e+00,    2.895000e-01,    1.469600e-01,    2.012100e-01,    6.564900e-02,    3.000000e-02,    3.000000e-02,    3.000000e-02,    3.000000e-02,
      1038,    6.309500e+00,    1.212001e-01,    8.201981e-02,   -4.755143e-02,    3.613407e-02,    2.315664e+00,    2.289673e+00,   -9.400523e-01,    2.421198e+00,    1.906700e-01,    1.507100e-01,   -7.575300e-02,    1.087700e-01,    3.000000e-02,    3.000000e-02,    3.000000e-02,    3.000000e-02,
      1038,    1.000000e+01,    7.317994e-02,    1.051380e-01,   -5.709201e-02,    2.714760e-02,    9.990020e-01,    2.002399e+00,   -1.922266e+00,    2.689132e-01,    1.031500e-01,    1.652100e-01,   -1.147600e-01,    3.521500e-02,    3.000000e-02,    3.000000e-02,    3.000000e-02,    3.000000e-02,
      1038,    1.584800e+01,    1.443821e-02,    1.013003e-01,   -6.467053e-02,    1.799627e-02,    1.603263e-01,    2.592325e+00,   -2.000982e+00,   -2.133709e+00,    1.924800e-02,    1.790700e-01,   -1.247000e-01,   -4.601500e-02,    3.000000e-02,    3.000000e-02,    3.000000e-02,    3.000000e-02,
      1039,    6.309500e+00,    2.080572e-01,   -3.458270e-03,    4.193742e-01,    4.212950e-02,    5.637608e-01,    1.315390e-01,    6.631930e-01,    1.870217e+00,    2.249700e-01,    4.879000e-04,    4.392700e-01,    9.823600e-02,    3.000000e-02,    3.000000e-02,    3.000000e-02,    3.000000e-02,
      1039,    1.000000e+01,    2.034792e-01,    2.041632e-02,    4.034830e-01,    1.012377e-01,    6.610275e-01,    3.006558e-01,   -5.974336e-01,    1.395410e+00,    2.233100e-01,    2.943600e-02,    3.855600e-01,    1.431000e-01,    3.000000e-02,    3.000000e-02,    3.000000e-02,    3.000000e-02,
      1039,    1.584800e+01,    1.899753e-01,    4.104487e-02,    3.553606e-01,    1.609035e-01,    3.881575e-01,    9.482044e-01,   -1.351686e+00,    2.772162e-01,    2.016200e-01,    6.949100e-02,    3.148100e-01,    1.692200e-01,    3.000000e-02,    3.000000e-02,    3.000000e-02,    3.000000e-02,
      1040,    6.309500e+00,    9.751529e-02,    9.911581e-02,   -3.453559e-01,   -7.863931e-02,   -1.402810e+00,    1.258063e-01,    6.825298e-01,   -9.126898e-01,    5.543100e-02,    1.028900e-01,   -3.248800e-01,   -1.060200e-01,    3.000000e-02,    3.000000e-02,    3.000000e-02,    3.000000e-02,
      1040,    1.000000e+01,    4.332732e-02,    1.143558e-01,   -2.841838e-01,   -1.474188e-01,   -6.954107e-01,   -3.821937e-01,    3.557945e-01,   -3.887076e-01,    2.246500e-02,    1.028900e-01,   -2.735100e-01,   -1.590800e-01,    3.000000e-02,    3.000000e-02,    3.000000e-02,    3.000000e-02,
      1040,    1.584800e+01,   -7.895228e-03,    1.060491e-01,   -2.100770e-01,   -1.823977e-01,   -7.175907e-02,   -5.371029e-01,   -2.084335e-01,   -4.267417e-01,   -1.004800e-02,    8.993600e-02,   -2.163300e-01,   -1.952000e-01,    3.000000e-02,    3.000000e-02,    3.000000e-02,    3.000000e-02,
      1041,    6.309500e+00,    8.168554e-02,    5.502514e-02,   -5.378863e-03,   -6.580198e-02,    1.904486e-01,    1.085029e+00,    1.605129e+00,    1.150766e+00,    8.739900e-02,    8.757600e-02,    4.277500e-02,   -3.127900e-02,    3.000000e-02,    3.000000e-02,    3.000000e-02,    3.000000e-02,
      1041,    1.000000e+01,    5.859645e-02,    4.467082e-02,    3.463074e-02,   -8.098095e-02,    6.206849e-01,    8.920061e-01,    6.936419e-01,    1.932698e+00,    7.721700e-02,    7.143100e-02,    5.544000e-02,   -2.300000e-02,    3.000000e-02,    3.000000e-02,    3.000000e-02,    3.000000e-02,
      1041,    1.584800e+01,    4.489342e-02,    2.895324e-02,    7.092249e-02,   -7.527337e-02,    3.048193e-01,    4.406585e-01,   -5.282829e-01,    1.499912e+00,    5.403800e-02,    4.217300e-02,    5.507400e-02,   -3.027600e-02,    3.000000e-02,    3.000000e-02,    3.000000e-02,    3.000000e-02,
      1042,    6.309500e+00,    1.111715e-01,    8.548755e-02,   -2.436398e-02,   -1.383520e-03,   -3.924510e-01,    3.194849e-02,    1.453499e+00,    5.705173e-01,    9.939800e-02,    8.644600e-02,    1.924100e-02,    1.573200e-02,    3.000000e-02,    3.000000e-02,    3.000000e-02,    3.000000e-02,
      1042,    1.000000e+01,    6.736007e-02,    8.809332e-02,   -1.196612e-02,   -1.315519e-02,   -1.546911e-02,   -1.541441e-01,    1.042404e+00,    9.296396e-01,    6.689600e-02,    8.346900e-02,    1.930600e-02,    1.473400e-02,    3.000000e-02,    3.000000e-02,    3.000000e-02,    3.000000e-02,
      1042,    1.584800e+01,    2.842408e-02,    7.043723e-02,    1.130655e-03,   -1.131446e-02,    3.395975e-01,   -1.957744e-01,    8.177115e-01,    7.976820e-01,    3.861200e-02,    6.456400e-02,    2.566200e-02,    1.261600e-02,    3.000000e-02,    3.000000e-02,    3.000000e-02,    3.000000e-02,
      1043,    6.309500e+00,   -2.823887e-03,   -3.334179e-02,   -3.774506e-02,    3.713162e-02,   -6.563704e-01,    6.726241e-03,    6.075688e-01,    2.844128e-01,   -2.251500e-02,   -3.314000e-02,   -1.951800e-02,    4.566400e-02,    3.000000e-02,    3.000000e-02,    3.000000e-02,    3.000000e-02,
      1043,    1.000000e+01,    1.896924e-02,   -6.104907e-02,   -5.184133e-02,    5.297896e-03,   -3.755181e-01,   -9.803115e-02,    1.886110e-01,    1.017237e+00,    7.703700e-03,   -6.399000e-02,   -4.618300e-02,    3.581500e-02,    3.000000e-02,    3.000000e-02,    3.000000e-02,    3.000000e-02,
      1043,    1.584800e+01,    5.199932e-02,   -7.292630e-02,   -4.521979e-02,   -2.989353e-02,    3.118944e-02,   -5.237899e-01,    1.201930e-01,    8.929476e-01,    5.293500e-02,   -8.864000e-02,   -4.161400e-02,   -3.105100e-03,    3.000000e-02,    3.000000e-02,    3.000000e-02,    3.000000e-02,
      1044,    6.309500e+00,    2.216304e-01,    6.604772e-02,    5.966067e-02,    1.888054e-02,    1.624654e+00,   -6.452908e-01,    2.882644e+00,    3.421550e-02,    2.703700e-01,    4.668900e-02,    1.461400e-01,    1.990700e-02,    3.000000e-02,    3.000000e-02,    3.000000e-02,    3.000000e-02,
      1044,    1.000000e+01,    1.883320e-01,    1.092350e-01,    5.896414e-02,    1.537764e-02,    1.988932e+00,   -1.783210e-02,    2.166195e+00,    8.990452e-01,    2.480000e-01,    1.087000e-01,    1.239500e-01,    4.234900e-02,    3.000000e-02,    3.000000e-02,    3.000000e-02,    3.000000e-02,
      1044,    1.584800e+01,    1.353416e-01,    1.408545e-01,    5.770459e-02,    1.777134e-02,    2.408613e+00,    3.821842e-01,    1.372814e+00,    1.390355e+00,    2.076000e-01,    1.523200e-01,    9.888900e-02,    5.948200e-02,    3.000000e-02,    3.000000e-02,    3.000000e-02,    3.000000e-02,
      1045,    6.309500e+00,    1.465838e-01,    3.657887e-03,    4.501368e-04,    1.576361e-01,   -3.961253e-01,   -3.315829e-01,   -7.493712e-01,    1.037981e-01,    1.347000e-01,   -6.289600e-03,   -2.203100e-02,    1.607500e-01,    3.000000e-02,    3.000000e-02,    3.000000e-02,    3.000000e-02,
      1045,    1.000000e+01,    1.429943e-01,    3.262125e-02,   -6.065276e-02,    1.787801e-01,   -3.574776e-01,   -6.999085e-01,   -6.618080e-01,   -6.300439e-02,    1.322700e-01,    1.162400e-02,   -8.050700e-02,    1.768900e-01,    3.000000e-02,    3.000000e-02,    3.000000e-02,    3.000000e-02,
      1045,    1.584800e+01,    1.251495e-01,    6.159561e-02,   -1.322925e-01,    1.856508e-01,   -2.646495e-01,   -1.116920e+00,   -6.669159e-01,   -2.770268e-01,    1.172100e-01,    2.808800e-02,   -1.523000e-01,    1.773400e-01,    3.000000e-02,    3.000000e-02,    3.000000e-02,    3.000000e-02,
      1046,    6.309500e+00,   -7.946343e-02,    1.005258e-02,    1.563844e-01,    8.965730e-02,    6.731420e-02,    1.574347e+00,   -6.014764e-02,   -1.101643e+00,   -7.744400e-02,    5.728300e-02,    1.545800e-01,    5.660800e-02,    3.000000e-02,    3.000000e-02,    3.000000e-02,    3.000000e-02,
      1046,    1.000000e+01,   -9.115362e-02,    5.513769e-03,    1.178478e-01,    1.126426e-01,    4.446541e-01,    3.319077e-01,   -3.682594e-01,    1.272453e-01,   -7.781400e-02,    1.547100e-02,    1.068000e-01,    1.164600e-01,    3.000000e-02,    3.000000e-02,    3.000000e-02,    3.000000e-02,
      1046,    1.584800e+01,   -9.865577e-02,   -1.000511e-02,    7.017061e-02,    1.230080e-01,    6.351590e-01,    6.835020e-02,   -5.767869e-01,   -3.185997e-01,   -7.960100e-02,   -7.954600e-03,    5.286700e-02,    1.134500e-01,    3.000000e-02,    3.000000e-02,    3.000000e-02,    3.000000e-02,
