MT,
     StaID,        Freq[Hz],     Re(Zxx)_Cal,     Im(Zxx)_Cal,     Re(Zxy)_Cal,     Im(Zxy)_Cal,     Re(Zyx)_Cal,     Im(Zyx)_Cal,     Re(Zyy)_Cal,     Im(Zyy)_Cal,     Re(Zxx)_Res,     Im(Zxx)_Res,     Re(Zxy)_Res,     Im(Zxy)_Res,     Re(Zyx)_Res,     Im(Zyx)_Res,     Re(Zyy)_Res,     Im(Zyy)_Res,     Re(Zxx)_Obs,     Im(Zxx)_Obs,     Re(Zxy)_Obs,     Im(Zxy)_Obs,     Re(Zyx)_Obs,     Im(Zyx)_Obs,     Re(Zyy)_Obs,     Im(Zyy)_Obs,      Re(Zxx)_SD,      Im(Zxx)_SD,      Re(Zxy)_SD,      Im(Zxy)_SD,      Re(Zyx)_SD,      Im(Zyx)_SD,      Re(Zyy)_SD,      Im(Zyy)_SD,
         1,    2.511800e+01,   -1.400671e-02,    9.918408e-04,    5.553442e-02,   -4.319154e-02,   -9.066267e-02,    5.510111e-02,    3.425915e-02,   -1.974499e-02,    8.689063e-01,   -7.742940e-01,   -5.379484e-03,   -3.348409e-01,    2.207068e-01,    4.787583e-01,    1.016275e+00,   -4.972266e-01,   -1.041700e-02,   -2.207000e-03,    5.551100e-02,   -4.464900e-02,   -8.970200e-02,    5.718500e-02,    4.561500e-02,   -2.530100e-02,    4.131300e-03,    4.131300e-03,    4.352700e-03,    4.352700e-03,    4.352700e-03,    4.352700e-03,    1.117400e-02,    1.117400e-02,
         1,    3.981000e+01,   -1.501795e-02,    4.128814e-03,    6.395350e-02,   -5.711781e-02,   -1.045600e-01,    7.388854e-02,    3.969431e-02,   -2.528966e-02,    1.344950e+00,   -6.369770e-01,   -3.181902e-01,    5.208529e-01,    4.316200e-01,   -6.351086e-01,    8.294192e-01,   -2.090632e-01,   -9.366600e-03,    1.452300e-03,    6.233900e-02,   -5.447500e-02,   -1.023700e-01,    7.066600e-02,    5.021300e-02,   -2.794100e-02,    4.201900e-03,    4.201900e-03,    5.074000e-03,    5.074000e-03,    5.074000e-03,    5.074000e-03,    1.268200e-02,    1.268200e-02,
         1,    6.309500e+01,   -1.780038e-02,    6.179079e-03,    7.688680e-02,   -7.668653e-02,   -1.241134e-01,    9.628844e-02,    4.759365e-02,   -3.140117e-02,    1.268351e+00,   -6.243822e-02,   -2.368169e-01,    6.787030e-01,   -1.756051e-01,   -8.422484e-01,    8.388391e-01,   -3.103599e-03,   -1.094900e-02,    5.841800e-03,    7.538100e-02,   -7.237100e-02,   -1.252300e-01,    9.093300e-02,    6.052100e-02,   -3.144900e-02,    5.401800e-03,    5.401800e-03,    6.358500e-03,    6.358500e-03,    6.358500e-03,    6.358500e-03,    1.541100e-02,    1.541100e-02,
         2,    2.511800e+01,   -5.086484e-03,   -4.222377e-03,    6.513370e-02,   -6.554562e-02,   -5.152071e-02,    5.591014e-02,   -3.217709e-03,    6.176516e-03,   -8.535554e-01,   -9.769359e-02,    6.817053e-01,   -4.087935e-01,   -1.351871e+00,   -2.438333e-01,   -7.022761e-02,    5.089126e-01,   -9.093500e-03,   -4.681000e-03,    6.810600e-02,   -6.732800e-02,   -5.741500e-02,    5.484700e-02,   -3.498100e-03,    8.208400e-03,    4.694500e-03,    4.694500e-03,    4.360100e-03,    4.360100e-03,    4.360100e-03,    4.360100e-03,    3.992600e-03,    3.992600e-03,
         2,    3.981000e+01,   -4.292476e-03,   -2.396984e-03,    8.133812e-02,   -8.569168e-02,   -6.529785e-02,    7.552235e-02,   -5.270982e-03,    8.164021e-03,   -1.479469e-01,   -7.082036e-02,    9.388838e-01,   -4.028185e-01,   -1.402701e+00,    1.695043e-01,   -3.660523e-01,    3.682978e-01,   -4.874100e-03,   -2.675400e-03,    8.670900e-02,   -8.799600e-02,   -7.332200e-02,    7.649200e-02,   -7.269700e-03,    1.017500e-02,    3.931300e-03,    3.931300e-03,    5.720500e-03,    5.720500e-03,    5.720500e-03,    5.720500e-03,    5.460200e-03,    5.460200e-03,
         2,    6.309500e+01,   -3.835471e-03,   -1.669357e-03,    1.042997e-01,   -1.102687e-01,   -8.486519e-02,    9.942579e-02,   -8.714531e-03,    9.838090e-03,    5.660822e-01,    3.882923e-01,    5.926786e-01,   -1.551937e-01,   -9.934576e-01,    2.008661e-01,   -5.001489e-01,    2.177904e-01,   -2.229100e-03,   -5.675000e-04,    1.086200e-01,   -1.114000e-01,   -9.210700e-02,    1.008900e-01,   -1.230600e-02,    1.140200e-02,    2.837700e-03,    2.837700e-03,    7.289500e-03,    7.289500e-03,    7.289500e-03,    7.289500e-03,    7.180800e-03,    7.180800e-03,
         3,    3.981000e+01,    7.107247e-03,   -1.280509e-02,    8.605112e-02,   -8.501537e-02,   -6.109161e-02,    7.474155e-02,   -2.122434e-02,    1.888539e-02,   -2.778507e+00,   -4.666524e-02,   -1.824214e+00,   -1.931010e+00,    4.002241e-01,   -3.241408e-01,   -5.040924e-01,    1.519129e+00,   -1.289300e-02,   -1.314100e-02,    6.597200e-02,   -1.062700e-01,   -5.892400e-02,    7.298600e-02,   -2.598000e-02,    3.321700e-02,    7.198200e-03,    7.198200e-03,    1.100700e-02,    1.100700e-02,    5.416000e-03,    5.416000e-03,    9.434100e-03,    9.434100e-03,
         3,    6.309500e+01,    1.069790e-02,   -1.520779e-02,    1.092863e-01,   -1.066474e-01,   -8.032802e-02,    9.673162e-02,   -2.713791e-02,    2.250183e-02,   -1.978555e+00,   -4.955978e-01,   -5.441030e-01,   -2.455451e+00,    1.627492e-02,    1.783597e-01,   -1.123733e+00,    9.768052e-01,   -6.693200e-03,   -1.956400e-02,    1.042800e-01,   -1.292400e-01,   -8.021000e-02,    9.802500e-02,   -4.103400e-02,    3.458100e-02,    8.789800e-03,    8.789800e-03,    9.201000e-03,    9.201000e-03,    7.251500e-03,    7.251500e-03,    1.236600e-02,    1.236600e-02,
         4,    2.511800e+01,   -8.206347e-03,    1.089968e-02,    7.678486e-02,   -8.035492e-02,   -8.662329e-02,    1.005726e-01,   -9.279704e-03,   -1.457145e-02,   -2.454696e-01,   -1.016514e+00,   -9.791492e-02,    7.195614e-02,    4.389943e-01,   -1.201692e+00,   -8.227481e-02,   -1.839176e-01,   -9.490300e-03,    5.582700e-03,    7.620800e-02,   -7.993100e-02,   -8.403700e-02,    9.349300e-02,   -9.878500e-03,   -1.591000e-02,    5.230600e-03,    5.230600e-03,    5.891400e-03,    5.891400e-03,    5.891400e-03,    5.891400e-03,    7.278000e-03,    7.278000e-03,
         4,    3.981000e+01,   -1.200179e-02,    1.276068e-02,    9.299059e-02,   -1.072850e-01,   -1.087285e-01,    1.333939e-01,   -6.012969e-03,   -2.359323e-02,   -2.219711e-01,   -1.489371e+00,    2.725114e-02,   -4.046815e-01,    9.543137e-01,   -9.341036e-01,    3.856395e-03,   -2.784092e-01,   -1.348700e-02,    2.795300e-03,    9.319900e-02,   -1.103800e-01,   -1.014300e-01,    1.262500e-01,   -5.974700e-03,   -2.635600e-02,    6.691000e-03,    6.691000e-03,    7.647900e-03,    7.647900e-03,    7.647900e-03,    7.647900e-03,    9.923400e-03,    9.923400e-03,
         4,    6.309500e+01,   -1.540933e-02,    1.412063e-02,    1.142218e-01,   -1.451215e-01,   -1.389754e-01,    1.774439e-01,    7.639391e-04,   -3.463297e-02,    1.018171e-01,   -7.862348e-01,    2.373937e-01,   -7.695304e-01,    7.508840e-01,    2.584362e-01,    5.694561e-02,   -3.281803e-01,   -1.455200e-02,    7.500300e-03,    1.166800e-01,   -1.530900e-01,   -1.312000e-01,    1.801200e-01,    1.563000e-03,   -3.923800e-02,    8.420300e-03,    8.420300e-03,    1.035500e-02,    1.035500e-02,    1.035500e-02,    1.035500e-02,    1.403200e-02,    1.403200e-02,
         5,    2.511800e+01,    5.266700e-03,   -1.324260e-02,    6.754859e-02,   -5.814713e-02,   -5.143977e-02,    3.851190e-02,   -2.349114e-03,    2.679661e-03,    6.032218e-01,   -6.494840e-01,    6.723338e-01,    3.716167e-01,   -1.770163e-01,    3.768058e-01,    3.528618e-01,    5.100307e-01,    9.067600e-03,   -1.733500e-02,    7.013600e-02,   -5.671700e-02,   -5.212100e-02,    3.996200e-02,   -1.468300e-03,    3.952800e-03,    6.301000e-03,    6.301000e-03,    3.848400e-03,    3.848400e-03,    3.848400e-03,    3.848400e-03,    2.496200e-03,    2.496200e-03,
         5,    3.981000e+01,    1.168299e-02,   -1.185731e-02,    8.061950e-02,   -7.508905e-02,   -5.881551e-02,    5.425828e-02,   -3.638223e-03,    3.625326e-03,    5.773752e-01,   -3.472494e-01,   -2.140652e-01,    1.110954e+00,   -1.377877e-01,    2.572057e-01,    1.431732e-01,    6.139020e-01,    1.580100e-02,   -1.433400e-02,    7.962600e-02,   -6.993300e-02,   -5.945500e-02,    5.545200e-02,   -3.142500e-03,    5.750900e-03,    7.132300e-03,    7.132300e-03,    4.641100e-03,    4.641100e-03,    4.641100e-03,    4.641100e-03,    3.462400e-03,    3.462400e-03,
         5,    6.309500e+01,    1.690116e-02,   -7.192214e-03,    9.909461e-02,   -9.770279e-02,   -7.254609e-02,    7.536397e-02,   -6.098424e-03,    3.551974e-03,    8.180538e-01,   -4.952930e-02,   -6.055732e-01,    8.023951e-01,   -2.457249e-01,    7.924782e-01,    1.479205e-01,    5.868177e-01,    2.400800e-02,   -7.622500e-03,    9.544500e-02,   -9.286700e-02,   -7.402700e-02,    8.014000e-02,   -5.433300e-03,    6.190600e-03,    8.687500e-03,    8.687500e-03,    6.026700e-03,    6.026700e-03,    6.026700e-03,    6.026700e-03,    4.496500e-03,    4.496500e-03,
         6,    2.511800e+01,    1.886876e-01,   -3.962311e-02,    1.708517e-01,   -1.238135e-01,   -2.665419e-01,    1.158020e-01,   -1.543657e-01,    5.910090e-02,   -1.145144e-01,    2.227404e-01,   -5.354310e-01,   -1.237427e-01,   -1.785499e-01,   -3.951005e-01,    7.748766e-01,   -2.822452e-01,    1.853000e-01,   -3.303400e-02,    1.642900e-01,   -1.253300e-01,   -2.687300e-01,    1.109600e-01,   -1.308900e-01,    5.055000e-02,    2.958200e-02,    2.958200e-02,    1.225500e-02,    1.225500e-02,    1.225500e-02,    1.225500e-02,    3.029600e-02,    3.029600e-02,
         6,    3.981000e+01,    2.004545e-01,   -2.319122e-02,    2.038257e-01,   -1.416995e-01,   -2.949929e-01,    1.213771e-01,   -1.749706e-01,    4.791704e-02,   -1.309428e-01,    1.787943e-01,   -2.658865e-01,   -4.057275e-01,    4.148450e-02,   -1.385846e-01,    8.631508e-01,   -2.827903e-01,    1.961100e-01,   -1.725900e-02,    2.000900e-01,   -1.474000e-01,   -2.944100e-01,    1.194300e-01,   -1.465600e-01,    3.860900e-02,    3.317900e-02,    3.317900e-02,    1.405000e-02,    1.405000e-02,    1.405000e-02,    1.405000e-02,    3.291500e-02,    3.291500e-02,
         6,    6.309500e+01,    2.054066e-01,   -4.910626e-03,    2.385293e-01,   -1.662355e-01,   -3.220340e-01,    1.341908e-01,   -1.893864e-01,    3.283380e-02,   -1.156101e-01,    6.520292e-02,   -9.006571e-02,   -7.568552e-01,    2.411788e-01,   -1.671333e-01,    9.474496e-01,   -4.263928e-01,    2.011700e-01,   -2.521200e-03,    2.370900e-01,   -1.783300e-01,   -3.181800e-01,    1.315200e-01,   -1.563100e-01,    1.794800e-02,    3.664600e-02,    3.664600e-02,    1.598000e-02,    1.598000e-02,    1.598000e-02,    1.598000e-02,    3.491100e-02,    3.491100e-02,
         7,    2.511800e+01,    4.412814e-04,    7.169568e-03,    6.814293e-02,   -6.522369e-02,   -7.837360e-02,    6.358856e-02,   -1.279468e-02,    1.160665e-02,   -4.973481e-01,    2.075704e-01,    2.145902e-02,    4.737759e-01,    4.119245e-01,    3.006340e-04,    3.981653e-01,   -3.848682e-01,   -1.615800e-03,    8.028100e-03,    6.824600e-02,   -6.294800e-02,   -7.639500e-02,    6.359000e-02,   -1.055400e-02,    9.440800e-03,    4.136100e-03,    4.136100e-03,    4.803300e-03,    4.803300e-03,    4.803300e-03,    4.803300e-03,    5.627500e-03,    5.627500e-03,
         7,    3.981000e+01,   -2.724546e-03,    8.052042e-03,    8.549987e-02,   -7.908564e-02,   -9.312768e-02,    7.800977e-02,   -1.495618e-02,    1.431141e-02,   -2.958862e-01,    6.805332e-02,   -2.600542e-02,    3.190740e-01,    2.540970e-01,   -6.307287e-02,    4.708335e-01,   -1.469251e-01,   -4.182200e-03,    8.387300e-03,    8.534700e-02,   -7.721000e-02,   -9.163400e-02,    7.763900e-02,   -1.169900e-02,    1.329500e-02,    4.926400e-03,    4.926400e-03,    5.878400e-03,    5.878400e-03,    5.878400e-03,    5.878400e-03,    6.917900e-03,    6.917900e-03,
         7,    6.309500e+01,   -5.571669e-03,    7.785741e-03,    1.051847e-01,   -9.639938e-02,   -1.106841e-01,    9.838578e-02,   -1.787183e-02,    1.903068e-02,   -1.778188e-01,    1.864593e-02,   -3.389206e-01,    3.098212e-01,    3.332202e-01,   -1.410280e-01,    3.262763e-01,    9.125200e-02,   -6.581200e-03,    7.891600e-03,    1.027700e-01,   -9.419200e-02,   -1.083100e-01,    9.738100e-02,   -1.492800e-02,    1.985400e-02,    5.677300e-03,    5.677300e-03,    7.124700e-03,    7.124700e-03,    7.124700e-03,    7.124700e-03,    9.022500e-03,    9.022500e-03,
         8,    2.511800e+01,   -4.355813e-01,    2.345947e-01,    1.066653e-01,   -1.642429e-01,   -3.055873e-01,    1.570554e-01,   -1.950593e-02,   -2.101914e-02,    1.147977e+00,    1.309275e-01,    3.071134e-01,   -3.378186e-01,   -8.795858e-02,   -7.009118e-01,   -4.922262e-02,    5.033959e-01,   -3.835400e-01,    2.405300e-01,    1.106900e-01,   -1.686700e-01,   -3.067400e-01,    1.478700e-01,   -2.018200e-02,   -1.410500e-02,    4.533300e-02,    4.533300e-02,    1.310500e-02,    1.310500e-02,    1.310500e-02,    1.310500e-02,    1.373500e-02,    1.373500e-02,
         9,    2.511800e+01,   -4.218487e-03,   -4.031013e-03,    4.840338e-02,   -3.725975e-02,   -4.478783e-02,    3.773826e-02,    4.015918e-03,    1.324072e-04,    6.999917e-01,   -3.381648e-01,    3.859810e-01,   -5.699276e-01,    6.529086e-01,   -1.006701e+00,    7.235829e-01,   -2.652785e-01,   -2.259700e-03,   -4.977300e-03,    4.992600e-02,   -3.950800e-02,   -4.285300e-02,    3.475500e-02,    5.994700e-03,   -5.930500e-04,    2.798300e-03,    2.798300e-03,    3.944800e-03,    3.944800e-03,    2.963400e-03,    2.963400e-03,    2.734700e-03,    2.734700e-03,
         9,    3.981000e+01,   -2.056121e-03,   -3.521910e-03,    5.332156e-02,   -5.097186e-02,   -5.201567e-02,    5.211320e-02,    3.745582e-03,    1.541438e-03,    1.371306e+00,   -1.196495e-01,    7.398636e-01,   -2.191605e-01,   -2.871789e-01,   -1.374331e+00,    1.751727e+00,   -1.007968e+00,    1.611300e-03,   -3.841900e-03,    5.604300e-02,   -5.177800e-02,   -5.307200e-02,    4.705800e-02,    1.129500e-02,   -2.802600e-03,    2.674400e-03,    2.674400e-03,    3.678300e-03,    3.678300e-03,    3.678300e-03,    3.678300e-03,    4.309700e-03,    4.309700e-03,
         9,    6.309500e+01,   -5.845092e-04,   -1.596944e-03,    6.222638e-02,   -7.346748e-02,   -6.340723e-02,    7.196147e-02,    2.425974e-03,    2.479296e-03,    1.271129e+00,   -6.057407e-01,    1.077462e+00,   -5.872956e-02,    5.397392e-01,    2.801011e-01,    1.396130e+00,   -8.697818e-01,    3.803300e-03,   -3.687900e-03,    6.748300e-02,   -7.375400e-02,   -6.077400e-02,    7.332800e-02,    8.370000e-03,   -1.223800e-03,    3.451900e-03,    3.451900e-03,    4.878700e-03,    4.878700e-03,    4.878700e-03,    4.878700e-03,    4.257500e-03,    4.257500e-03,
        10,    2.511800e+01,   -4.978397e-02,    1.885166e-02,    1.193424e-01,   -1.266449e-01,   -1.489226e-01,    1.160991e-01,    7.055805e-02,   -6.388217e-02,    6.743058e-01,   -1.894770e-01,    9.847843e-02,   -4.580523e-01,    2.899216e-01,    4.836817e-02,   -2.126999e-01,    6.414974e-01,   -4.084200e-02,    1.633900e-02,    1.202400e-01,   -1.308200e-01,   -1.462800e-01,    1.165400e-01,    6.655100e-02,   -5.179700e-02,    1.326100e-02,    1.326100e-02,    9.114900e-03,    9.114900e-03,    9.114900e-03,    9.114900e-03,    1.883900e-02,    1.883900e-02,
        10,    3.981000e+01,   -5.769964e-02,    6.483454e-03,    1.494127e-01,   -1.645534e-01,   -1.751034e-01,    1.418101e-01,    9.052493e-02,   -7.201326e-02,    1.802830e-01,    2.449111e-01,    9.222446e-02,    7.231508e-02,   -1.606108e-01,    1.235661e-01,   -5.056327e-02,    3.180607e-01,   -5.469000e-02,    1.057200e-02,    1.504500e-01,   -1.637400e-01,   -1.769100e-01,    1.432000e-01,    8.932400e-02,   -6.445900e-02,    1.669400e-02,    1.669400e-02,    1.124800e-02,    1.124800e-02,    1.124800e-02,    1.124800e-02,    2.375100e-02,    2.375100e-02,
        11,    2.511800e+01,   -3.041161e-02,   -1.448602e-02,    7.136431e-02,   -5.722078e-02,   -6.788223e-02,    4.531979e-02,    4.318229e-03,   -1.723884e-03,   -8.084276e-01,    1.166819e-01,    4.808988e-01,   -9.814719e-01,   -3.282221e-01,   -6.485701e-01,   -7.502772e-01,    2.949992e-01,   -3.794300e-02,   -1.339900e-02,    7.348700e-02,   -6.155300e-02,   -6.933100e-02,    4.245700e-02,    2.614500e-03,   -1.054000e-03,    9.316100e-03,    9.316100e-03,    4.414000e-03,    4.414000e-03,    4.414000e-03,    4.414000e-03,    2.270800e-03,    2.270800e-03,
        11,    3.981000e+01,   -2.199037e-02,   -1.652066e-02,    8.394813e-02,   -6.988353e-02,   -7.521466e-02,    6.433603e-02,    5.300989e-03,   -1.445669e-03,   -8.227446e-01,   -1.899748e-01,    4.684535e-01,   -3.850599e-01,    4.580714e-01,   -1.112570e+00,   -5.687766e-01,    2.573890e-01,   -2.971800e-02,   -1.830500e-02,    8.634900e-02,   -7.185700e-02,   -7.286700e-02,    5.863400e-02,    3.699200e-03,   -7.208100e-04,    9.392500e-03,    9.392500e-03,    5.125100e-03,    5.125100e-03,    5.125100e-03,    5.125100e-03,    2.816200e-03,    2.816200e-03,
        11,    6.309500e+01,   -1.326294e-02,   -1.385990e-02,    9.878187e-02,   -8.911675e-02,   -9.050388e-02,    9.150305e-02,    5.969627e-03,   -5.894334e-04,   -8.661192e-01,   -4.862510e-01,    9.288777e-01,   -8.232159e-01,    1.435113e-01,    7.984724e-02,   -4.276818e-01,   -2.018607e-01,   -2.148700e-02,   -1.847700e-02,    1.050400e-01,   -9.466300e-02,   -8.953700e-02,    9.204100e-02,    4.409700e-03,   -1.325700e-03,    9.495300e-03,    9.495300e-03,    6.737300e-03,    6.737300e-03,    6.737300e-03,    6.737300e-03,    3.647400e-03,    3.647400e-03,
        12,    2.511800e+01,   -3.077143e-03,    6.837784e-03,    4.354375e-02,   -4.405505e-02,   -4.688321e-02,    4.899199e-02,    5.456865e-03,   -1.920346e-02,   -1.463994e+00,   -9.102192e-01,    1.332007e-01,   -5.646914e-01,   -2.125068e-01,   -6.088749e-01,    2.677868e+00,   -2.771710e-01,   -8.352500e-03,    3.557900e-03,    4.397800e-02,   -4.589600e-02,   -4.757600e-02,    4.700700e-02,    2.404100e-02,   -2.112700e-02,    3.603400e-03,    3.603400e-03,    3.260100e-03,    3.260100e-03,    3.260100e-03,    3.260100e-03,    6.939900e-03,    6.939900e-03,
        12,    3.981000e+01,   -6.544225e-03,    1.047148e-02,    5.287879e-02,   -5.791195e-02,   -5.838801e-02,    6.519562e-02,    1.177315e-02,   -2.672013e-02,   -1.055199e+00,   -3.487888e-01,   -3.065115e-02,    2.032092e-01,   -3.384560e-01,   -5.910532e-01,    1.899290e+00,    3.573124e-03,   -1.190200e-02,    8.700500e-03,    5.275300e-02,   -5.707800e-02,   -5.977700e-02,    6.277000e-02,    2.831900e-02,   -2.668900e-02,    5.077500e-03,    5.077500e-03,    4.103900e-03,    4.103900e-03,    4.103900e-03,    4.103900e-03,    8.711600e-03,    8.711600e-03,
        12,    6.309500e+01,   -1.029379e-02,    1.291301e-02,    6.530550e-02,   -7.728942e-02,   -7.347608e-02,    8.634654e-02,    1.986274e-02,   -3.400166e-02,   -5.554800e-01,    7.235757e-02,    5.309679e-01,   -2.458015e-01,   -9.842102e-01,    5.383194e-01,    1.111482e+00,   -2.491374e-01,   -1.404000e-02,    1.340100e-02,    6.826400e-02,   -7.865900e-02,   -7.896000e-02,    8.934600e-02,    3.263700e-02,   -3.686500e-02,    6.744100e-03,    6.744100e-03,    5.571900e-03,    5.571900e-03,    5.571900e-03,    5.571900e-03,    1.149300e-02,    1.149300e-02,
        13,    2.511800e+01,   -5.295373e-03,   -8.973208e-03,    4.063461e-02,   -4.699219e-02,   -4.253338e-02,    4.094063e-02,    5.624055e-03,    1.387695e-03,    1.321748e-01,   -3.763527e-01,    3.817305e-01,    8.026259e-01,   -7.625946e-02,   -1.773350e-01,    5.241112e-01,    1.587472e-02,   -4.769700e-03,   -1.047000e-02,    4.177900e-02,   -4.458600e-02,   -4.276200e-02,    4.040900e-02,    7.265100e-03,    1.437400e-03,    3.977100e-03,    3.977100e-03,    2.997900e-03,    2.997900e-03,    2.997900e-03,    2.997900e-03,    3.131100e-03,    3.131100e-03,
        13,    3.981000e+01,   -2.393801e-03,   -8.961348e-03,    5.181592e-02,   -5.991041e-02,   -5.108876e-02,    5.653460e-02,    5.168857e-03,    4.077182e-03,   -1.818728e-01,   -3.538318e-01,   -5.432297e-01,    8.785361e-01,    2.761190e-01,   -6.270719e-01,    5.653282e-01,    2.463616e-01,   -3.178000e-03,   -1.048700e-02,    4.979000e-02,   -5.663400e-02,   -5.005900e-02,    5.419600e-02,    7.341300e-03,    5.023900e-03,    4.311800e-03,    4.311800e-03,    3.729400e-03,    3.729400e-03,    3.729400e-03,    3.729400e-03,    3.842800e-03,    3.842800e-03,
        13,    6.309500e+01,   -2.072172e-05,   -9.102343e-03,    6.585204e-02,   -7.732672e-02,   -6.460075e-02,    7.744091e-02,    3.307101e-03,    6.726257e-03,    1.914351e-01,   -5.230430e-01,   -4.549415e-01,   -4.764725e-01,    5.054115e-01,   -2.504631e-02,    9.044357e-02,    5.112159e-01,    9.783400e-04,   -1.183200e-02,    6.356500e-02,   -7.972200e-02,   -6.206000e-02,    7.731500e-02,    3.731200e-03,    9.123400e-03,    5.218800e-03,    5.218800e-03,    5.027100e-03,    5.027100e-03,    5.027100e-03,    5.027100e-03,    4.689100e-03,    4.689100e-03,
        14,    2.511800e+01,    1.395307e-01,   -7.050380e-02,    9.605116e-02,   -1.559101e-01,   -2.832634e-01,    1.518394e-01,   -3.458496e-02,    3.718421e-02,   -4.574567e-01,   -4.509351e-01,   -1.800363e-01,    3.265277e-02,   -9.283956e-01,   -1.345975e-01,   -7.661217e-01,   -4.660982e-02,    1.281300e-01,   -8.174200e-02,    9.384500e-02,   -1.555100e-01,   -2.946400e-01,    1.501900e-01,   -5.112400e-02,    3.617800e-02,    2.492200e-02,    2.492200e-02,    1.225400e-02,    1.225400e-02,    1.225400e-02,    1.225400e-02,    2.158800e-02,    2.158800e-02,
        14,    3.981000e+01,    1.577483e-01,   -8.682712e-02,    1.292247e-01,   -2.226703e-01,   -3.190418e-01,    1.853037e-01,   -3.712440e-02,    6.262923e-02,   -7.976794e-01,   -3.546379e-01,   -6.884119e-01,    1.036553e+00,   -1.403326e-01,   -5.242523e-01,   -4.866586e-01,   -6.304282e-01,    1.339400e-01,   -9.741200e-02,    1.190300e-01,   -2.073200e-01,   -3.211200e-01,    1.775400e-01,   -4.866600e-02,    4.767800e-02,    2.984700e-02,    2.984700e-02,    1.480900e-02,    1.480900e-02,    1.480900e-02,    1.480900e-02,    2.371600e-02,    2.371600e-02,
        14,    6.309500e+01,    1.816485e-01,   -1.053892e-01,    1.864002e-01,   -3.080666e-01,   -3.665382e-01,    2.302635e-01,   -5.277476e-02,    9.763147e-02,   -7.499860e-01,   -5.905009e-01,   -2.506122e+00,    1.285193e+00,    6.889743e-02,   -4.581698e-01,    5.743391e-01,   -8.084731e-01,    1.533500e-01,   -1.276700e-01,    1.402700e-01,   -2.844100e-01,   -3.652700e-01,    2.218300e-01,   -3.652900e-02,    7.476300e-02,    3.773200e-02,    3.773200e-02,    1.840700e-02,    1.840700e-02,    1.840700e-02,    1.840700e-02,    2.828600e-02,    2.828600e-02,
        15,    2.511800e+01,   -2.797108e-02,    7.427812e-03,    5.200349e-02,   -5.837756e-02,   -3.841450e-02,    4.325842e-02,   -8.874585e-04,   -1.253349e-04,   -1.081435e+00,   -4.079545e-01,   -6.283535e-01,   -7.999414e-01,   -2.827515e-01,   -8.728342e-01,   -4.803917e-01,    4.391807e-01,   -3.672800e-02,    4.124400e-03,    4.990900e-02,   -6.104400e-02,   -3.935700e-02,    4.034900e-02,   -1.585900e-03,    5.131900e-04,    8.097500e-03,    8.097500e-03,    3.333300e-03,    3.333300e-03,    3.333300e-03,    3.333300e-03,    1.453900e-03,    1.453900e-03,
        15,    3.981000e+01,   -3.162156e-02,    4.154919e-03,    6.540362e-02,   -7.576268e-02,   -4.610880e-02,    5.921159e-02,   -2.945062e-04,   -1.180457e-04,   -9.200763e-01,   -7.253712e-01,    3.530966e-02,   -5.262671e-01,    3.061350e-01,   -9.090581e-01,    1.272005e+00,    9.709096e-01,   -4.049800e-02,   -2.843100e-03,    6.555400e-02,   -7.800400e-02,   -4.480500e-02,    5.534000e-02,    2.703100e-03,    2.170000e-03,    9.647500e-03,    9.647500e-03,    4.258900e-03,    4.258900e-03,    4.258900e-03,    4.258900e-03,    2.356600e-03,    2.356600e-03,
        15,    6.309500e+01,   -3.411724e-02,   -1.585795e-03,    8.450114e-02,   -9.949818e-02,   -5.753726e-02,    8.238213e-02,    7.390973e-04,    6.044600e-04,   -4.533334e-01,   -1.231753e+00,    3.422656e-01,    4.819471e-01,    7.765233e-01,   -1.831014e-01,    1.253501e+00,   -2.131279e-02,   -3.913700e-02,   -1.522500e-02,    8.642300e-02,   -9.679200e-02,   -5.317700e-02,    8.135400e-02,    4.822000e-03,    5.350400e-04,    1.107300e-02,    1.107300e-02,    5.615100e-03,    5.615100e-03,    5.615100e-03,    5.615100e-03,    3.257200e-03,    3.257200e-03,
        16,    2.511800e+01,    2.491082e-03,   -9.085691e-03,    4.836908e-02,   -5.025019e-02,   -6.364192e-02,    6.326340e-02,   -2.262267e-03,    7.823444e-03,    8.192572e-02,   -4.474814e-01,    1.353848e+00,    7.563306e-02,    1.145946e-01,   -5.172390e-02,   -3.269140e-01,   -7.267647e-01,    2.846500e-03,   -1.102700e-02,    5.385000e-02,   -4.994400e-02,   -6.317800e-02,    6.305400e-02,   -3.421700e-03,    5.245900e-03,    4.338300e-03,    4.338300e-03,    4.048400e-03,    4.048400e-03,    4.048400e-03,    4.048400e-03,    3.546600e-03,    3.546600e-03,
        16,    3.981000e+01,    5.422314e-03,   -9.374309e-03,    6.056150e-02,   -6.464097e-02,   -8.043044e-02,    8.318710e-02,   -5.154354e-03,    8.308675e-03,    1.406478e-01,   -9.880212e-01,    9.949980e-01,    5.425015e-02,   -1.263226e-01,    3.443763e-01,   -1.578768e-01,   -7.579545e-01,    6.240800e-03,   -1.512400e-02,    6.573300e-02,   -6.435900e-02,   -8.108700e-02,    8.497700e-02,   -5.863900e-03,    4.902200e-03,    5.819400e-03,    5.819400e-03,    5.197500e-03,    5.197500e-03,    5.197500e-03,    5.197500e-03,    4.494300e-03,    4.494300e-03,
        16,    6.309500e+01,    7.731315e-03,   -9.854409e-03,    7.707069e-02,   -8.330410e-02,   -1.030319e-01,    1.061762e-01,   -7.318309e-03,    8.433796e-03,    1.106201e+00,   -6.281896e-02,    3.409805e-01,   -2.523545e-01,   -3.902963e-01,    8.232785e-02,    5.489132e-01,   -5.972936e-01,    1.543700e-02,   -1.029200e-02,    7.932300e-02,   -8.497100e-02,   -1.056100e-01,    1.067200e-01,   -4.615900e-03,    5.493200e-03,    6.965900e-03,    6.965900e-03,    6.605400e-03,    6.605400e-03,    6.605400e-03,    6.605400e-03,    4.923200e-03,    4.923200e-03,
        17,    2.511800e+01,   -5.123669e-03,    4.999566e-04,    4.557968e-02,   -4.241184e-02,   -4.023019e-02,    5.103217e-02,   -8.778612e-04,    1.595834e-03,   -4.216222e-02,   -1.315965e+00,   -6.773177e-02,    9.277108e-01,   -7.004500e-01,    6.882661e-01,   -1.036223e+00,    6.227675e-01,   -5.245800e-03,   -3.312000e-03,    4.536300e-02,   -3.944400e-02,   -4.247100e-02,    5.323400e-02,   -3.748200e-03,    3.320900e-03,    2.896700e-03,    2.896700e-03,    3.199100e-03,    3.199100e-03,    3.199100e-03,    3.199100e-03,    2.770000e-03,    2.770000e-03,
        17,    3.981000e+01,   -4.705241e-03,    3.263456e-03,    5.143260e-02,   -5.929513e-02,   -5.036689e-02,    7.086406e-02,   -1.366269e-03,    2.140220e-03,    9.431574e-01,    2.650780e+00,    1.727413e+00,    8.876311e-01,    4.726028e-01,    1.103425e+00,   -1.335891e+00,    1.224178e+00,    8.074200e-04,    1.875700e-02,    5.882800e-02,   -5.549500e-02,   -4.769900e-02,    7.709300e-02,   -7.720300e-03,    7.962900e-03,    5.844900e-03,    5.844900e-03,    4.281200e-03,    4.281200e-03,    5.645100e-03,    5.645100e-03,    4.756400e-03,    4.756400e-03,
        17,    6.309500e+01,   -4.959394e-03,    6.689582e-03,    6.163938e-02,   -8.517155e-02,   -6.497380e-02,    9.816110e-02,   -2.556275e-03,    2.648608e-03,    5.029729e-01,    2.211201e+00,    1.444480e+00,   -4.812528e-01,    1.618639e+00,    1.887987e+00,   -1.134626e+00,    1.920329e-01,   -1.043700e-03,    2.390400e-02,    7.019200e-02,   -8.802100e-02,   -5.214900e-02,    1.131200e-01,   -8.259700e-03,    3.613900e-03,    7.785100e-03,    7.785100e-03,    5.920900e-03,    5.920900e-03,    7.923200e-03,    7.923200e-03,    5.026700e-03,    5.026700e-03,
        18,    2.511800e+01,    3.990139e-01,   -1.703340e-01,    2.660500e-01,   -1.677157e-01,   -1.320324e+00,    6.531173e-01,   -6.654913e-01,    1.981334e-01,    1.203920e-01,    3.539796e-01,    2.864766e-03,   -5.079270e-01,   -1.485783e+00,   -1.125513e+00,    4.954878e-01,   -1.213736e-01,    4.057800e-01,   -1.504400e-01,    2.661500e-01,   -1.854500e-01,   -1.372200e+00,    6.138200e-01,   -5.937100e-01,    1.805500e-01,    5.620100e-02,    5.620100e-02,    3.491500e-02,    3.491500e-02,    3.491500e-02,    3.491500e-02,    1.448700e-01,    1.448700e-01,
        18,    3.981000e+01,    4.490079e-01,   -1.690366e-01,    3.031345e-01,   -1.906731e-01,   -1.506917e+00,    6.921755e-01,   -7.160033e-01,    1.359176e-01,   -1.150389e-01,    2.447741e-01,    1.073661e-01,   -5.296428e-01,    1.488596e-01,   -9.636234e-01,    4.581139e-01,    6.992459e-02,    4.418000e-01,   -1.537000e-01,    3.073300e-01,   -2.113700e-01,   -1.501100e+00,    6.545200e-01,   -6.445100e-01,    1.468300e-01,    6.265600e-02,    6.265600e-02,    3.907700e-02,    3.907700e-02,    3.907700e-02,    3.907700e-02,    1.560600e-01,    1.560600e-01,
        18,    6.309500e+01,    4.959207e-01,   -1.688519e-01,    3.409569e-01,   -2.327243e-01,   -1.698243e+00,    7.447922e-01,   -7.317241e-01,    8.554997e-02,   -1.642631e-01,    8.656496e-02,    4.426670e-01,   -5.627296e-01,    2.644258e-01,   -2.590983e-01,    2.806378e-01,    1.834171e-01,    4.841900e-01,   -1.626700e-01,    3.609500e-01,   -2.581400e-01,   -1.686300e+00,    7.330900e-01,   -6.841700e-01,    1.166300e-01,    7.141400e-02,    7.141400e-02,    4.516500e-02,    4.516500e-02,    4.516500e-02,    4.516500e-02,    1.694500e-01,    1.694500e-01,
        19,    2.511800e+01,    1.298872e-03,   -2.568151e-03,    6.045991e-02,   -5.824498e-02,   -6.082586e-02,    6.190447e-02,    1.499844e-02,   -1.487731e-02,    1.602927e-01,   -4.018794e-01,    4.984728e-01,   -1.619056e-01,   -9.026648e-01,    2.175333e-02,   -2.061741e-01,    1.379283e-01,    1.750000e-03,   -3.699200e-03,    6.264900e-02,   -5.895600e-02,   -6.479000e-02,    6.200000e-02,    1.370200e-02,   -1.401000e-02,    2.814400e-03,    2.814400e-03,    4.391600e-03,    4.391600e-03,    4.391600e-03,    4.391600e-03,    6.288100e-03,    6.288100e-03,
        19,    3.981000e+01,    1.267813e-03,   -2.037269e-03,    7.592450e-02,   -7.252912e-02,   -7.736492e-02,    7.834177e-02,    1.898759e-02,   -1.793652e-02,    3.558024e-01,   -1.731650e-03,    3.981627e-01,    3.224966e-01,   -1.026418e+00,   -8.012078e-02,   -5.768714e-01,   -2.858243e-01,    2.219300e-03,   -2.041900e-03,    7.810500e-02,   -7.076300e-02,   -8.298600e-02,    7.790300e-02,    1.438900e-02,   -2.021500e-02,    2.674200e-03,    2.674200e-03,    5.476400e-03,    5.476400e-03,    5.476400e-03,    5.476400e-03,    7.971600e-03,    7.971600e-03,
        19,    6.309500e+01,    2.042095e-03,   -1.973571e-03,    9.402934e-02,   -8.952240e-02,   -9.619158e-02,    9.888923e-02,    2.258360e-02,   -2.202737e-02,   -9.313715e-03,    3.532939e-01,    4.964399e-01,    3.943952e-01,   -1.172913e+00,   -4.645813e-01,   -5.039317e-01,   -5.498219e-01,    2.018000e-03,   -1.059600e-03,    9.740200e-02,   -8.684300e-02,   -1.041600e-01,    9.573300e-02,    1.744400e-02,   -2.763500e-02,    2.587000e-03,    2.587000e-03,    6.793700e-03,    6.793700e-03,    6.793700e-03,    6.793700e-03,    1.019900e-02,    1.019900e-02,
        20,    2.511800e+01,   -1.835858e-02,    2.026597e-03,    1.056630e-01,   -9.508717e-02,   -1.107009e-01,    9.114504e-02,   -3.451640e-03,    4.282784e-03,   -8.446792e-01,   -1.258389e+00,   -6.954805e-01,   -1.342913e-02,   -3.712259e-01,    3.438794e-01,    3.322903e-01,    2.140389e+00,   -2.625000e-02,   -9.729900e-03,    1.007000e-01,   -9.518300e-02,   -1.133500e-01,    9.359900e-02,   -5.577900e-04,    2.292300e-02,    9.342500e-03,    9.342500e-03,    7.136100e-03,    7.136100e-03,    7.136100e-03,    7.136100e-03,    8.708800e-03,    8.708800e-03,
        21,    2.511800e+01,   -1.832621e-03,   -4.505373e-03,    6.245946e-02,   -6.456378e-02,   -5.931461e-02,    6.112409e-02,    4.104800e-04,    2.481310e-03,   -6.976445e-01,   -8.309076e-01,    4.723509e-01,    2.611891e-01,   -3.885408e-01,   -6.671551e-03,   -2.503508e-01,    2.933885e-01,   -4.931000e-03,   -8.195600e-03,    6.791700e-02,   -6.154600e-02,   -6.281400e-02,    6.106400e-02,   -2.211300e-04,    3.221500e-03,    4.441200e-03,    4.441200e-03,    1.155400e-02,    1.155400e-02,    9.006500e-03,    9.006500e-03,    2.522900e-03,    2.522900e-03,
        21,    3.981000e+01,   -1.560247e-04,   -1.997111e-03,    7.940034e-02,   -8.306428e-02,   -7.691590e-02,    8.141986e-02,   -4.908986e-04,    2.306805e-03,   -4.007891e-01,   -9.475151e-01,    2.847483e-01,    5.235247e-01,   -2.496344e-01,   -2.363125e-01,   -2.202995e-01,    4.232555e-01,   -1.707800e-03,   -5.665700e-03,    8.350100e-02,   -7.552500e-02,   -7.975000e-02,    7.873700e-02,   -1.173100e-03,    3.617500e-03,    3.871800e-03,    3.871800e-03,    1.440100e-02,    1.440100e-02,    1.135300e-02,    1.135300e-02,    3.096700e-03,    3.096700e-03,
        21,    6.309500e+01,   -5.608945e-04,    4.511967e-04,    1.027535e-01,   -1.049282e-01,   -1.015800e-01,    1.023754e-01,   -1.147260e-03,    2.188764e-03,   -2.115327e-01,   -7.753004e-01,    1.001964e-01,    4.118198e-01,   -2.004345e-01,   -9.066793e-02,   -3.663994e-01,    3.540225e-01,   -1.062100e-03,   -1.385800e-03,    1.045900e-01,   -9.738000e-02,   -1.045100e-01,    1.010500e-01,   -2.526900e-03,    3.521800e-03,    2.369400e-03,    2.369400e-03,    1.832900e-02,    1.832900e-02,    1.461800e-02,    1.461800e-02,    3.765400e-03,    3.765400e-03,
        22,    2.511800e+01,   -2.254137e-03,   -9.650564e-03,    4.215378e-02,   -4.474859e-02,   -3.699821e-02,    4.812512e-02,   -2.706735e-04,    6.017745e-03,    5.639075e-01,   -6.770842e-01,   -9.527007e-03,   -1.332779e+00,   -1.315871e+00,    4.754471e-01,    7.119411e-03,    2.471695e-01,    1.548200e-04,   -1.254300e-02,    4.212300e-02,   -4.905400e-02,   -4.124900e-02,    4.966100e-02,   -2.483000e-04,    6.794500e-03,    4.271900e-03,    4.271900e-03,    3.230400e-03,    3.230400e-03,    3.230400e-03,    3.230400e-03,    3.142600e-03,    3.142600e-03,
        22,    3.981000e+01,    1.537473e-03,   -1.040440e-02,    4.884210e-02,   -6.188290e-02,   -4.693023e-02,    6.835441e-02,   -2.162374e-03,    8.509543e-03,    1.558844e-01,   -9.546591e-02,    3.173334e-01,    4.568753e-02,   -3.462078e+00,   -1.035500e+00,    2.654529e-01,   -1.048069e-01,    2.230800e-03,   -1.082900e-02,    5.017500e-02,   -6.169100e-02,   -6.147200e-02,    6.400500e-02,   -1.090900e-03,    8.086500e-03,    4.447700e-03,    4.447700e-03,    4.200300e-03,    4.200300e-03,    4.200300e-03,    4.200300e-03,    4.036400e-03,    4.036400e-03,
        22,    6.309500e+01,    4.950571e-03,   -1.011044e-02,    5.978985e-02,   -8.811587e-02,   -6.258268e-02,    9.482944e-02,   -5.192250e-03,    1.082790e-02,   -2.561512e-01,   -4.773162e-02,    4.058127e-01,    1.324974e+00,   -2.785625e+00,   -1.926729e+00,    5.328622e-01,   -2.430317e-01,    3.665000e-03,   -1.035000e-02,    6.198400e-02,   -8.095200e-02,   -7.764400e-02,    8.441200e-02,   -2.496500e-03,    9.598400e-03,    5.018800e-03,    5.018800e-03,    5.406800e-03,    5.406800e-03,    5.406800e-03,    5.406800e-03,    5.059000e-03,    5.059000e-03,
        23,    2.511800e+01,   -8.254413e-04,   -4.362325e-03,    5.370890e-02,   -3.778627e-02,   -4.290447e-02,    2.908552e-02,    3.583980e-03,   -4.527584e-03,    9.365839e-01,   -7.200576e-01,    1.721937e+00,   -3.906661e-01,   -1.102329e+00,    7.987833e-01,    6.895007e-01,    9.538603e-01,    2.346300e-03,   -6.800800e-03,    5.913800e-02,   -3.901800e-02,   -4.638000e-02,    3.160400e-02,    5.447700e-03,   -1.949300e-03,    3.386500e-03,    3.386500e-03,    3.152900e-03,    3.152900e-03,    3.152900e-03,    3.152900e-03,    2.703000e-03,    2.703000e-03,
        23,    3.981000e+01,    1.000799e-03,   -4.110972e-03,    5.932406e-02,   -5.027277e-02,   -4.518386e-02,    4.302204e-02,    5.296752e-03,   -4.254496e-03,    1.518220e+00,   -2.080595e-01,    7.809908e-01,    1.457414e-01,   -4.332472e-01,    7.134575e-02,    4.159668e-01,    7.061634e-01,    6.921100e-03,   -4.922300e-03,    6.210400e-02,   -4.975400e-02,   -4.672600e-02,    4.327600e-02,    6.605800e-03,   -2.032200e-03,    3.899500e-03,    3.899500e-03,    3.559500e-03,    3.559500e-03,    3.559500e-03,    3.559500e-03,    3.147000e-03,    3.147000e-03,
        23,    6.309500e+01,    2.157870e-03,   -2.979873e-03,    6.855877e-02,   -7.041786e-02,   -5.266521e-02,    6.570628e-02,    6.033939e-03,   -3.697804e-03,    1.741324e+00,    1.056515e+00,    1.732315e-02,   -7.473145e-01,    9.685851e-01,    4.046257e-01,    2.688484e-01,    3.603331e-01,    1.092300e-02,    2.338200e-03,    6.863800e-02,   -7.383600e-02,   -4.823500e-02,    6.755700e-02,    7.034700e-03,   -2.356500e-03,    5.033600e-03,    5.033600e-03,    4.573900e-03,    4.573900e-03,    4.573900e-03,    4.573900e-03,    3.722400e-03,    3.722400e-03,
        24,    2.511800e+01,    2.379411e-03,   -3.126956e-03,    5.045129e-02,   -4.816627e-02,   -4.862216e-02,    5.199499e-02,   -2.448754e-04,    1.297987e-03,   -2.710157e-04,   -5.745461e-01,    3.959565e-01,   -4.899392e-01,   -4.232417e-01,    7.714786e-01,   -5.324032e-01,    9.634744e-01,    2.378600e-03,   -4.846400e-03,    5.297500e-02,   -5.128900e-02,   -5.018900e-02,    5.485100e-02,   -1.654200e-03,    3.848400e-03,    2.992700e-03,    2.992700e-03,    6.373700e-03,    6.373700e-03,    3.702000e-03,    3.702000e-03,    2.647100e-03,    2.647100e-03,
        24,    3.981000e+01,    1.707983e-03,   -2.684772e-03,    6.054651e-02,   -6.253646e-02,   -6.187779e-02,    6.730469e-02,    4.211686e-04,    2.694300e-03,    7.168318e-01,   -7.344113e-02,    1.449341e-01,    8.405562e-02,    2.416255e-01,   -3.527077e-01,   -8.651611e-01,    5.345378e-01,    3.928800e-03,   -2.912300e-03,    6.118700e-02,   -6.216500e-02,   -6.081000e-02,    6.574600e-02,   -2.313000e-03,    4.383600e-03,    3.098100e-03,    3.098100e-03,    4.419200e-03,    4.419200e-03,    4.419200e-03,    4.419200e-03,    3.160300e-03,    3.160300e-03,
        24,    6.309500e+01,    1.901694e-03,   -3.886993e-03,    7.336795e-02,   -8.250170e-02,   -7.802662e-02,    8.641861e-02,   -2.635838e-04,    5.222450e-03,    9.913751e-01,    8.221686e-01,   -2.045315e-01,    6.752971e-01,    8.153285e-01,   -8.225131e-01,   -7.946233e-01,   -4.234282e-02,    5.544700e-03,   -8.657700e-04,    7.225800e-02,   -7.883700e-02,   -7.360200e-02,    8.195500e-02,   -3.344100e-03,    5.058300e-03,    3.674700e-03,    3.674700e-03,    5.426800e-03,    5.426800e-03,    5.426800e-03,    5.426800e-03,    3.876700e-03,    3.876700e-03,
        25,    2.511800e+01,    1.338377e-01,   -7.990572e-02,    1.168696e-01,   -1.707094e-01,   -2.926893e-01,    2.347296e-01,   -7.408285e-02,    9.066422e-02,   -9.789136e-02,    1.519286e-01,    1.468793e-01,   -4.133299e-01,   -6.154341e-01,    2.300976e-01,   -8.427668e-01,    7.409975e-02,    1.312000e-01,   -7.581200e-02,    1.189700e-01,   -1.766200e-01,   -3.014900e-01,    2.380200e-01,   -1.033100e-01,    9.323400e-02,    2.694500e-02,    2.694500e-02,    1.430000e-02,    1.430000e-02,    1.430000e-02,    1.430000e-02,    3.468000e-02,    3.468000e-02,
        25,    3.981000e+01,    1.640266e-01,   -8.349788e-02,    1.612604e-01,   -2.261137e-01,   -3.674353e-01,    2.788255e-01,   -1.052261e-01,    1.082229e-01,    2.753238e-01,    7.217935e-02,    2.145568e-01,   -2.219283e-01,   -1.944935e+00,   -4.671914e-01,   -7.180199e-01,   -8.709465e-02,    1.736500e-01,   -8.097500e-02,    1.652400e-01,   -2.302300e-01,   -4.035100e-01,    2.701600e-01,   -1.363300e-01,    1.044500e-01,    3.495300e-02,    3.495300e-02,    1.854800e-02,    1.854800e-02,    1.854800e-02,    1.854800e-02,    4.331900e-02,    4.331900e-02,
        27,    2.511800e+01,    1.945679e-03,    1.654092e-03,    6.484233e-02,   -4.705677e-02,   -4.667880e-02,    4.012113e-02,    3.131169e-04,   -3.236517e-03,   -1.594798e+00,    1.236779e+00,    2.150251e+00,    6.951208e-02,   -2.166120e+00,   -1.389346e+00,   -1.102953e+00,    2.636643e+00,   -4.241500e-03,    6.452300e-03,    7.290900e-02,   -4.679600e-02,   -5.480500e-02,    3.490900e-02,   -2.158600e-03,    2.672200e-03,    3.879600e-03,    3.879600e-03,    3.751500e-03,    3.751500e-03,    3.751500e-03,    3.751500e-03,    2.241000e-03,    2.241000e-03,
        27,    3.981000e+01,    7.506449e-04,    1.133399e-03,    7.186978e-02,   -6.215687e-02,   -5.133857e-02,    5.817759e-02,    1.940445e-03,   -2.576234e-03,   -1.530137e+00,   -8.142038e-01,    1.642148e+00,    2.062981e-01,   -8.038954e-01,   -1.226729e-01,   -2.457075e+00,    3.438280e-01,   -3.935400e-03,   -1.360100e-03,    7.920000e-02,   -6.123600e-02,   -5.492700e-02,    5.763000e-02,   -6.597400e-03,   -1.381500e-03,    3.062500e-03,    3.062500e-03,    4.463800e-03,    4.463800e-03,    4.463800e-03,    4.463800e-03,    3.474800e-03,    3.474800e-03,
        27,    6.309500e+01,    5.289072e-04,   -1.554113e-04,    8.214676e-02,   -8.683787e-02,   -6.207966e-02,    8.638043e-02,    2.536156e-03,   -1.262238e-03,   -3.018063e-01,   -1.827344e+00,    9.641147e-01,    1.767558e-01,    4.575259e-01,    8.945325e-01,   -1.845383e+00,   -1.469845e+00,   -1.027900e-03,   -9.581400e-03,    8.772600e-02,   -8.581500e-02,   -5.943200e-02,    9.155700e-02,   -7.386100e-03,   -9.165300e-03,    5.158300e-03,    5.158300e-03,    5.786900e-03,    5.786900e-03,    5.786900e-03,    5.786900e-03,    5.376800e-03,    5.376800e-03,
        28,    2.511800e+01,    2.036781e-02,   -3.112397e-02,    6.347096e-02,   -5.680932e-02,   -5.203546e-02,    4.530600e-02,   -1.105132e-02,    1.780254e-02,   -8.615947e-01,   -2.749398e-02,   -6.617008e-01,   -3.589226e-01,   -6.413658e-01,    4.608648e-01,   -1.822420e-01,    1.807442e-01,    1.350400e-02,   -3.134300e-02,    5.578200e-02,   -6.098000e-02,   -5.691600e-02,    4.881300e-02,   -1.217400e-02,    1.891600e-02,    7.966400e-03,    7.966400e-03,    1.162000e-02,    1.162000e-02,    7.609600e-03,    7.609600e-03,    6.160400e-03,    6.160400e-03,
        28,    3.981000e+01,    2.927486e-02,   -3.961872e-02,    7.652959e-02,   -6.773375e-02,   -6.160622e-02,    5.906856e-02,   -1.626591e-02,    2.277704e-02,   -6.661905e-01,   -3.369701e-01,   -3.391967e-01,   -7.756367e-01,   -7.423089e-01,    2.718899e-01,   -1.896828e-01,    1.646905e-01,    2.208000e-02,   -4.325800e-02,    7.148200e-02,   -7.927600e-02,   -6.879600e-02,    6.170200e-02,   -1.776200e-02,    2.407600e-02,    1.080000e-02,    1.080000e-02,    1.488100e-02,    1.488100e-02,    9.685700e-03,    9.685700e-03,    7.887300e-03,    7.887300e-03,
        28,    6.309500e+01,    4.044293e-02,   -4.932049e-02,    9.028590e-02,   -8.456074e-02,   -7.462108e-02,    7.841451e-02,   -2.318482e-02,    2.830835e-02,   -3.073872e-01,   -5.457016e-01,    1.467373e-01,   -1.020190e+00,   -8.137472e-01,    7.787582e-02,   -2.624589e-01,    2.005923e-01,    3.596000e-02,   -5.727900e-02,    9.311500e-02,   -1.042300e-01,   -8.476200e-02,    7.938500e-02,   -2.586400e-02,    3.035600e-02,    1.458400e-02,    1.458400e-02,    1.928000e-02,    1.928000e-02,    1.246200e-02,    1.246200e-02,    1.020800e-02,    1.020800e-02,
        29,    2.511800e+01,    2.966131e-01,   -1.234744e-01,    2.307447e-01,   -1.725858e-01,   -4.977035e-01,    2.706875e-01,   -2.376749e-01,    1.087479e-01,    4.719508e-01,    2.544760e-01,   -4.163375e-01,    2.356297e-01,   -6.332444e-01,   -5.676997e-01,   -9.602615e-02,   -1.680640e-01,    3.183200e-01,   -1.117700e-01,    2.224300e-01,   -1.678800e-01,   -5.103500e-01,    2.593500e-01,   -2.432600e-01,    9.897300e-02,    4.599400e-02,    4.599400e-02,    1.997100e-02,    1.997100e-02,    1.997100e-02,    1.997100e-02,    5.816200e-02,    5.816200e-02,
        29,    3.981000e+01,    3.283794e-01,   -1.293050e-01,    2.779713e-01,   -1.931052e-01,   -5.660480e-01,    3.087951e-01,   -2.763957e-01,    9.214256e-02,    3.079309e-01,    3.663389e-01,   -4.024230e-01,   -2.232187e-01,   -9.603317e-02,   -4.976698e-01,    1.369162e-02,   -2.435513e-02,    3.444300e-01,   -1.102100e-01,    2.686600e-01,   -1.982700e-01,   -5.682700e-01,    2.972800e-01,   -2.755100e-01,    9.056700e-02,    5.212400e-02,    5.212400e-02,    2.313800e-02,    2.313800e-02,    2.313800e-02,    2.313800e-02,    6.469100e-02,    6.469100e-02,
        29,    6.309500e+01,    3.604362e-01,   -1.408282e-01,    3.236560e-01,   -2.214869e-01,   -6.426136e-01,    3.626616e-01,   -3.037395e-01,    6.888295e-02,    2.424321e-01,    3.414218e-01,    1.055057e-01,   -6.967962e-01,   -2.550650e-01,   -1.509887e-01,   -1.237400e-01,    1.020012e-02,    3.749700e-01,   -1.203600e-01,    3.265500e-01,   -2.406000e-01,   -6.496100e-01,    3.585200e-01,   -3.127900e-01,    6.962900e-02,    5.995000e-02,    5.995000e-02,    2.743000e-02,    2.743000e-02,    2.743000e-02,    2.743000e-02,    7.314100e-02,    7.314100e-02,
        30,    2.511800e+01,    6.497830e-01,   -2.096276e-01,    5.088335e-01,   -3.272902e-01,   -1.126209e+00,    4.695043e-01,   -7.108040e-01,    3.466691e-01,    4.520205e-02,    9.525915e-02,   -1.977044e-01,    2.444606e-01,    1.056425e+00,    1.623912e-01,    1.580271e-01,   -2.959941e-01,    6.541000e-01,   -2.005300e-01,    5.005600e-01,   -3.170600e-01,   -1.082000e+00,    4.763000e-01,   -6.884400e-01,    3.047800e-01,    9.550400e-02,    9.550400e-02,    4.184800e-02,    4.184800e-02,    4.184800e-02,    4.184800e-02,    1.415200e-01,    1.415200e-01,
        30,    3.981000e+01,    7.066962e-01,   -1.920808e-01,    6.041835e-01,   -3.511627e-01,   -1.246267e+00,    4.894192e-01,   -8.260630e-01,    3.205278e-01,   -4.053824e-02,    6.237820e-02,   -4.225120e-01,   -2.243946e-01,    1.091928e+00,    3.959859e-01,    4.683228e-01,    1.520003e-02,    7.024000e-01,   -1.854700e-01,    5.842300e-01,   -3.617600e-01,   -1.194700e+00,    5.081200e-01,   -7.535900e-01,    3.228800e-01,    1.059800e-01,    1.059800e-01,    4.722600e-02,    4.722600e-02,    4.722600e-02,    4.722600e-02,    1.547500e-01,    1.547500e-01,
        30,    6.309500e+01,    7.547694e-01,   -1.779974e-01,    6.959421e-01,   -3.824582e-01,   -1.364935e+00,    5.319145e-01,   -9.186943e-01,    2.821683e-01,   -1.840400e-03,   -2.904109e-02,    7.115570e-02,   -6.166848e-01,    4.145649e-01,    3.864281e-01,    1.120438e-01,    1.367266e-01,    7.545500e-01,   -1.814600e-01,    6.998100e-01,   -4.159800e-01,   -1.342400e+00,    5.529200e-01,   -8.989600e-01,    3.062500e-01,    1.192300e-01,    1.192300e-01,    5.435800e-02,    5.435800e-02,    5.435800e-02,    5.435800e-02,    1.761300e-01,    1.761300e-01,
        31,    2.511800e+01,    5.219019e-03,    9.244698e-03,    1.060840e-01,   -1.726769e-01,   -1.707916e-01,    1.221562e-01,    1.436662e-02,   -9.423460e-03,   -1.199372e-01,   -1.694580e+00,   -1.517831e-01,   -1.267411e+00,    6.597493e-01,   -4.412875e-01,    1.417103e-01,    2.207877e-01,    4.644700e-03,    1.130200e-03,    1.045100e-01,   -1.858200e-01,   -1.639500e-01,    1.175800e-01,    1.562300e-02,   -7.466000e-03,    4.788500e-03,    4.788500e-03,    1.037000e-02,    1.037000e-02,    1.037000e-02,    1.037000e-02,    8.865800e-03,    8.865800e-03,
        31,    3.981000e+01,    4.244527e-03,    1.545401e-02,    1.527957e-01,   -2.340227e-01,   -2.053122e-01,    1.436006e-01,    1.619943e-02,   -9.577597e-03,    6.773872e-01,   -1.161416e+00,   -1.256287e-01,   -6.480237e-01,    9.671438e-01,   -3.902172e-01,   -2.773198e-01,   -3.073423e-01,    1.005800e-02,    5.486500e-03,    1.511600e-01,   -2.424600e-01,   -1.927200e-01,    1.385200e-01,    1.344700e-02,   -1.262800e-02,    8.582200e-03,    8.582200e-03,    1.302000e-02,    1.302000e-02,    1.302000e-02,    1.302000e-02,    9.925100e-03,    9.925100e-03,
        31,    6.309500e+01,    6.141831e-04,    2.482927e-02,    2.242449e-01,   -3.055388e-01,   -2.454260e-01,    1.683209e-01,    1.746821e-02,   -1.256225e-02,    1.293587e+00,   -2.475548e-01,    1.109820e+00,   -1.411991e+00,    1.407376e-01,    5.848430e-01,   -9.923162e-01,   -1.034960e+00,    2.229600e-02,    2.068000e-02,    2.437700e-01,   -3.303800e-01,   -2.429500e-01,    1.786100e-01,    4.077900e-03,   -2.652800e-02,    1.676100e-02,    1.676100e-02,    1.759300e-02,    1.759300e-02,    1.759300e-02,    1.759300e-02,    1.349400e-02,    1.349400e-02,
        32,    3.981000e+01,   -5.815482e-03,   -1.581227e-03,    5.026275e-02,   -5.166141e-02,   -6.169143e-02,    5.958569e-02,    1.016353e-02,   -1.924814e-03,   -2.462233e-02,   -7.686107e-01,   -1.109959e+00,   -2.191715e-01,    4.275983e-01,    7.083538e-01,   -4.249154e-01,    1.302558e-01,   -5.898400e-03,   -4.169600e-03,    4.595000e-02,   -5.251300e-02,   -6.003000e-02,    6.233800e-02,    8.430300e-03,   -1.393500e-03,    3.367600e-03,    3.367600e-03,    3.885500e-03,    3.885500e-03,    3.885500e-03,    3.885500e-03,    4.079000e-03,    4.079000e-03,
        32,    6.309500e+01,   -5.368303e-03,   -2.027625e-03,    6.238071e-02,   -6.464804e-02,   -7.678257e-02,    7.764768e-02,    9.629899e-03,   -1.747988e-03,    2.697036e-01,   -4.621064e-01,   -6.232593e-01,   -8.666601e-01,   -4.380385e-01,    8.370484e-01,   -4.595849e-01,    3.688708e-02,   -4.445000e-03,   -3.609600e-03,    5.921000e-02,   -6.905700e-02,   -7.901100e-02,    8.190600e-02,    7.583000e-03,   -1.583700e-03,    3.423400e-03,    3.423400e-03,    5.087300e-03,    5.087300e-03,    5.087300e-03,    5.087300e-03,    4.453800e-03,    4.453800e-03,
        33,    2.511800e+01,    1.118070e-02,    3.225870e-03,    8.370997e-02,   -1.445850e-01,   -1.960461e-01,    1.622507e-01,   -1.793431e-02,   -3.349891e-03,    5.944860e-01,   -8.161930e-01,    1.225240e+00,   -2.524176e+00,   -9.451846e-01,   -1.691805e+00,   -2.734765e-01,   -4.802737e-01,    1.632300e-02,   -3.834200e-03,    9.739100e-02,   -1.727700e-01,   -2.066000e-01,    1.433600e-01,   -2.104100e-02,   -8.805800e-03,    8.650000e-03,    8.650000e-03,    1.116600e-02,    1.116600e-02,    1.116600e-02,    1.116600e-02,    1.136000e-02,    1.136000e-02,
        33,    3.981000e+01,    9.043490e-03,    4.997429e-03,    1.188781e-01,   -1.996960e-01,   -2.409356e-01,    1.995926e-01,   -1.613272e-02,   -1.158479e-02,    1.640563e+00,   -5.325408e-01,    8.794689e-01,   -2.153951e+00,   -1.101571e+00,   -1.873308e+00,   -2.025893e-01,    2.540512e-02,    3.161600e-02,   -2.329800e-03,    1.314800e-01,   -2.305600e-01,   -2.567200e-01,    1.727500e-01,   -1.862700e-02,   -1.127200e-02,    1.375900e-02,    1.375900e-02,    1.432900e-02,    1.432900e-02,    1.432900e-02,    1.432900e-02,    1.231200e-02,    1.231200e-02,
        33,    6.309500e+01,    6.183049e-03,    5.918106e-03,    1.741795e-01,   -2.684573e-01,   -2.982080e-01,    2.439285e-01,   -9.219954e-03,   -1.940099e-02,    2.267725e+00,   -2.236976e-01,    2.960796e-01,   -2.275568e+00,   -1.458983e+00,   -1.562472e+00,    1.130111e-01,    4.042349e-01,    5.322700e-02,    1.277500e-03,    1.797200e-01,   -3.110400e-01,   -3.255100e-01,    2.146900e-01,   -7.859300e-03,   -1.453400e-02,    2.074500e-02,    2.074500e-02,    1.871300e-02,    1.871300e-02,    1.871300e-02,    1.871300e-02,    1.204000e-02,    1.204000e-02,
        34,    2.511800e+01,   -1.616066e-02,   -5.630900e-03,    6.010753e-02,   -3.365106e-02,   -5.698613e-02,    4.040716e-02,    6.142994e-03,   -1.486538e-03,   -2.414551e-01,   -1.225355e+00,    1.217160e+00,    4.662657e-01,   -4.204215e-01,   -2.138624e+00,    8.110942e-01,   -3.302006e+00,   -1.759500e-02,   -1.291000e-02,    6.433400e-02,   -3.203200e-02,   -5.844600e-02,    3.298100e-02,    1.103300e-02,   -2.139400e-02,    5.940400e-03,    5.940400e-03,    3.472400e-03,    3.472400e-03,    3.472400e-03,    3.472400e-03,    6.028900e-03,    6.028900e-03,
        34,    3.981000e+01,   -1.326080e-02,   -9.091485e-03,    6.720471e-02,   -3.913052e-02,   -6.646445e-02,    4.967558e-02,    6.576220e-03,    4.037087e-04,   -8.066750e-01,   -1.241059e+00,   -1.093985e-01,    1.464100e+00,   -1.240060e+00,   -2.209244e+00,    1.194393e+00,   -2.295751e+00,   -1.851500e-02,   -1.717500e-02,    6.677600e-02,   -3.339300e-02,   -7.132400e-02,    4.101800e-02,    1.366100e-02,   -1.321400e-02,    6.513400e-03,    6.513400e-03,    3.918800e-03,    3.918800e-03,    3.918800e-03,    3.918800e-03,    5.931700e-03,    5.931700e-03,
        34,    6.309500e+01,   -8.178821e-03,   -1.090324e-02,    7.426648e-02,   -4.817104e-02,   -7.674437e-02,    6.220659e-02,    5.835242e-03,    2.065982e-03,   -1.882410e+00,    6.904627e-01,   -1.581962e-01,    2.163598e+00,   -8.300542e-01,   -1.376819e+00,    8.889156e-01,   -1.480867e+00,   -1.997400e-02,   -6.576800e-03,    7.355300e-02,   -3.841300e-02,   -8.048800e-02,    5.599700e-02,    1.035200e-02,   -5.458600e-03,    6.266000e-03,    6.266000e-03,    4.510100e-03,    4.510100e-03,    4.510100e-03,    4.510100e-03,    5.081200e-03,    5.081200e-03,
        35,    2.511800e+01,   -3.589150e-04,   -5.484621e-03,    4.951956e-02,   -5.665512e-02,   -4.911551e-02,    5.348569e-02,    5.523660e-03,    1.268964e-03,    1.802623e-01,   -5.928508e-01,   -5.962688e-01,    4.233931e-01,   -2.694449e-01,   -2.026542e-01,   -4.646473e-01,    6.394003e-01,    2.755000e-04,   -7.571100e-03,    4.735200e-02,   -5.511600e-02,   -5.009500e-02,    5.274900e-02,    4.166100e-03,    3.137100e-03,    3.519400e-03,    3.519400e-03,    3.635200e-03,    3.635200e-03,    3.635200e-03,    3.635200e-03,    2.921700e-03,    2.921700e-03,
        35,    6.309500e+01,    3.360223e-03,   -9.584645e-03,    8.020188e-02,   -1.001777e-01,   -7.627071e-02,    8.921873e-02,    4.558407e-03,   -3.668141e-04,    4.781857e-01,   -2.785174e-01,    8.839292e-02,   -1.150856e+00,    6.305058e-01,   -7.735426e-01,    7.987567e-01,   -4.296001e-01,    6.355100e-03,   -1.132900e-02,    8.074200e-02,   -1.072100e-01,   -7.241800e-02,    8.449200e-02,    8.263600e-03,   -2.359600e-03,    6.263000e-03,    6.263000e-03,    6.110500e-03,    6.110500e-03,    6.110500e-03,    6.110500e-03,    4.638700e-03,    4.638700e-03,
        36,    2.511800e+01,    1.016156e-02,    5.779069e-03,    8.646245e-02,   -1.316942e-01,   -3.390770e-01,    1.925558e-01,    7.197403e-04,   -5.737332e-02,    1.100555e+00,   -1.234707e+00,   -4.208903e-01,   -7.384129e-01,   -2.725209e+00,   -9.822696e-02,   -1.047030e+00,    5.517922e-01,    1.963800e-02,   -4.852500e-03,    8.095300e-02,   -1.413600e-01,   -3.747500e-01,    1.912700e-01,   -2.216100e-02,   -4.531500e-02,    8.610600e-03,    8.610600e-03,    1.309000e-02,    1.309000e-02,    1.309000e-02,    1.309000e-02,    2.185300e-02,    2.185300e-02,
        36,    3.981000e+01,    7.306694e-03,    6.190109e-03,    1.152638e-01,   -1.820319e-01,   -3.800939e-01,    2.407216e-01,    2.496304e-02,   -6.788178e-02,    1.895719e+00,   -1.199579e+00,   -3.574467e-01,   -6.475582e-01,   -2.256729e+00,   -1.048858e+00,   -8.756376e-01,    5.885936e-02,    3.157000e-02,   -9.163300e-03,    1.094800e-01,   -1.925100e-01,   -4.166100e-01,    2.237500e-01,    1.699100e-03,   -6.631800e-02,    1.279900e-02,    1.279900e-02,    1.618100e-02,    1.618100e-02,    1.618100e-02,    1.618100e-02,    2.656800e-02,    2.656800e-02,
        36,    6.309500e+01,    4.146113e-03,    6.130389e-03,    1.602062e-01,   -2.481200e-01,   -4.380763e-01,    3.095602e-01,    4.873238e-02,   -7.324599e-02,    2.439589e+00,   -7.828437e-01,    5.979986e-02,   -1.116882e+00,   -1.511309e+00,   -1.290937e+00,   -3.836724e-01,   -6.382623e-01,    5.087400e-02,   -8.864200e-03,    1.614500e-01,   -2.713500e-01,   -4.695100e-01,    2.827100e-01,    3.511700e-02,   -9.589600e-02,    1.915400e-02,    1.915400e-02,    2.079900e-02,    2.079900e-02,    2.079900e-02,    2.079900e-02,    3.548700e-02,    3.548700e-02,
        37,    2.511800e+01,    4.566515e-02,   -1.387913e-02,    1.375479e-01,   -1.950526e-01,   -2.010087e-01,    1.947823e-01,   -1.594879e-02,   -1.473216e-02,   -2.128851e-01,   -3.714871e-01,    2.406868e-01,   -3.591853e-02,    3.217870e-02,    1.750331e-01,   -4.051355e-02,   -9.261703e-01,    4.227900e-02,   -1.978800e-02,    1.406800e-01,   -1.955200e-01,   -2.005900e-01,    1.970600e-01,   -1.653000e-02,   -2.801900e-02,    1.590600e-02,    1.590600e-02,    1.301300e-02,    1.301300e-02,    1.301300e-02,    1.301300e-02,    1.434600e-02,    1.434600e-02,
        37,    3.981000e+01,    4.834813e-02,   -1.277614e-02,    1.854353e-01,   -2.584078e-01,   -2.456607e-01,    2.502477e-01,   -1.330105e-02,   -2.798491e-02,    1.861252e-01,   -5.544293e-01,   -1.231725e-01,    5.747873e-01,   -4.776500e-02,    1.707998e-01,   -3.189988e-01,   -7.062234e-01,    5.206300e-02,   -2.384200e-02,    1.834000e-01,   -2.489100e-01,   -2.464500e-01,    2.530700e-01,   -1.938500e-02,   -4.145400e-02,    1.995900e-02,    1.995900e-02,    1.652400e-02,    1.652400e-02,    1.652400e-02,    1.652400e-02,    1.907200e-02,    1.907200e-02,
        38,    2.511800e+01,   -5.341977e-03,   -7.229708e-03,    6.274710e-02,   -4.097700e-02,   -3.847269e-02,    4.764673e-02,    6.230005e-03,    8.080896e-04,   -3.985598e+00,   -5.192422e-01,   -6.077430e-01,   -9.450352e-02,    6.612102e-01,   -1.352496e+00,   -1.381181e+00,   -5.938552e-01,   -3.738300e-02,   -1.140400e-02,    6.080500e-02,   -4.127900e-02,   -3.591500e-02,    4.241500e-02,    3.379800e-03,   -4.173900e-04,    8.039200e-03,    8.039200e-03,    3.195600e-03,    3.195600e-03,    3.868200e-03,    3.868200e-03,    2.063600e-03,    2.063600e-03,
        38,    3.981000e+01,   -1.599187e-03,   -8.697025e-03,    7.031564e-02,   -5.133486e-02,   -4.772800e-02,    6.448562e-02,    4.977753e-03,    2.369320e-03,   -3.848660e+00,   -8.268150e-01,    3.008132e-01,    4.388199e-01,    1.142604e+00,   -6.846285e-01,   -9.355447e-01,   -1.856021e+00,   -3.497400e-02,   -1.586700e-02,    7.153300e-02,   -4.955900e-02,   -4.310400e-02,    6.171500e-02,    2.718600e-03,   -2.112600e-03,    8.671800e-03,    8.671800e-03,    4.046900e-03,    4.046900e-03,    4.046900e-03,    4.046900e-03,    2.414800e-03,    2.414800e-03,
        38,    6.309500e+01,    3.090653e-03,   -7.365349e-03,    7.915622e-02,   -6.763270e-02,   -5.996612e-02,    8.879817e-02,    2.993731e-03,    2.435899e-03,   -3.373368e+00,   -1.521445e+00,    7.932245e-01,    1.392835e+00,    4.162999e-01,    1.147021e+00,   -4.625099e-01,   -2.078546e+00,   -2.682100e-02,   -2.085600e-02,    8.339600e-02,   -6.018800e-02,   -5.774100e-02,    9.492900e-02,    1.312600e-03,   -5.119200e-03,    8.867000e-03,    8.867000e-03,    5.345000e-03,    5.345000e-03,    5.345000e-03,    5.345000e-03,    3.634800e-03,    3.634800e-03,
        39,    2.511800e+01,   -1.146516e-02,   -8.058344e-03,    6.409788e-02,   -5.504593e-02,   -6.257080e-02,    4.495140e-02,    1.049664e-03,    6.285809e-03,   -9.420926e-01,    1.745052e-01,   -5.170983e-01,    1.548303e-01,   -1.198159e+00,    3.193343e-01,   -3.356145e-01,   -8.046286e-01,   -1.696500e-02,   -7.039600e-03,    6.197400e-02,   -5.441000e-02,   -6.749200e-02,    4.626300e-02,    1.296100e-04,    4.080000e-03,    5.837900e-03,    5.837900e-03,    4.107300e-03,    4.107300e-03,    4.107300e-03,    4.107300e-03,    2.741400e-03,    2.741400e-03,
        39,    3.981000e+01,   -7.406786e-03,   -1.157180e-02,    7.783216e-02,   -6.522067e-02,   -7.263957e-02,    5.661679e-02,   -1.856062e-03,    7.724254e-03,   -1.145663e+00,    1.630302e-01,   -1.383869e+00,    4.029746e-01,   -4.813702e-01,   -2.066711e-01,    4.073408e-01,   -4.205357e-01,   -1.451700e-02,   -1.056000e-02,    7.130500e-02,   -6.332000e-02,   -7.491000e-02,    5.564200e-02,   -3.843800e-04,    6.204900e-03,    6.206200e-03,    6.206200e-03,    4.716600e-03,    4.716600e-03,    4.716600e-03,    4.716600e-03,    3.612900e-03,    3.612900e-03,
        39,    6.309500e+01,   -1.674779e-03,   -1.337940e-02,    9.302867e-02,   -7.955017e-02,   -8.541007e-02,    7.255495e-02,   -5.109395e-03,    8.020188e-03,   -1.075627e+00,   -3.233447e-01,   -1.108005e+00,   -2.104990e-01,   -4.883033e-01,    1.352138e-01,    4.305446e-01,    3.910715e-01,   -9.144900e-03,   -1.562500e-02,    8.657100e-02,   -8.077700e-02,   -8.825600e-02,    7.334300e-02,   -2.872500e-03,    1.005200e-02,    6.944900e-03,    6.944900e-03,    5.828200e-03,    5.828200e-03,    5.828200e-03,    5.828200e-03,    5.195500e-03,    5.195500e-03,
        40,    2.511800e+01,    1.488126e-03,   -1.503623e-02,    7.010809e-02,   -5.557145e-02,   -4.388819e-02,    4.126881e-02,    1.922484e-03,    5.589719e-03,    6.292464e-01,   -1.004411e+00,   -8.233547e-01,    3.960153e-01,    3.219593e-01,    2.992703e-02,    2.570938e-01,    2.831506e-01,    5.635300e-03,   -2.165600e-02,    6.715900e-02,   -5.415300e-02,   -4.273500e-02,    4.137600e-02,    2.709500e-03,    6.456500e-03,    6.590700e-03,    6.590700e-03,    3.581800e-03,    3.581800e-03,    3.581800e-03,    3.581800e-03,    3.061200e-03,    3.061200e-03,
        40,    3.981000e+01,    8.972183e-03,   -1.433713e-02,    8.374389e-02,   -6.610228e-02,   -5.412107e-02,    5.358176e-02,   -1.123201e-03,    5.889133e-03,    1.735440e+00,   -2.480927e-01,    1.380471e+00,    2.965422e-01,    2.446777e-02,   -1.313764e-01,    1.683416e+00,    1.030419e-01,    2.369600e-02,   -1.644200e-02,    9.006700e-02,   -6.474400e-02,   -5.400900e-02,    5.298000e-02,    5.128500e-03,    6.271800e-03,    8.484200e-03,    8.484200e-03,    4.580400e-03,    4.580400e-03,    4.580400e-03,    4.580400e-03,    3.713700e-03,    3.713700e-03,
        41,    2.511800e+01,    3.144345e-02,   -4.612148e-03,    4.764748e-02,   -5.001401e-02,   -6.650307e-02,    4.139595e-02,   -2.352565e-02,    5.533993e-03,   -1.038391e-01,    6.519439e-01,   -6.197171e-01,    6.582432e-01,   -6.834445e-01,    2.346891e-01,   -1.251257e-03,    1.632424e-01,    3.074300e-02,   -2.144600e-04,    4.538700e-02,   -4.761300e-02,   -6.899600e-02,    4.225200e-02,   -2.353400e-02,    6.623000e-03,    6.745500e-03,    6.745500e-03,    3.647600e-03,    3.647600e-03,    3.647600e-03,    3.647600e-03,    6.671100e-03,    6.671100e-03,
        41,    3.981000e+01,    3.002521e-02,   -4.722583e-03,    5.818217e-02,   -6.328452e-02,   -7.134460e-02,    5.506129e-02,   -2.374141e-02,    4.003293e-03,   -4.925229e-01,    3.029861e-01,   -8.600143e-01,   -1.777420e-01,   -8.763764e-02,   -4.809884e-01,   -8.465290e-02,    5.040268e-01,    2.652800e-02,   -2.571200e-03,    5.445900e-02,   -6.405400e-02,   -7.172400e-02,    5.297900e-02,   -2.434700e-02,    7.609000e-03,    7.100600e-03,    7.100600e-03,    4.329200e-03,    4.329200e-03,    4.329200e-03,    4.329200e-03,    7.153800e-03,    7.153800e-03,
        41,    6.309500e+01,    2.823484e-02,   -8.060897e-03,    6.975230e-02,   -8.260895e-02,   -7.868809e-02,    7.810860e-02,   -2.250695e-02,    3.942883e-03,   -4.551702e-01,   -2.249317e-01,   -3.353840e-01,   -8.082068e-01,    1.805919e-01,    6.194460e-01,   -4.453158e-01,    6.185746e-01,    2.454400e-02,   -9.884800e-03,    6.788200e-02,   -8.711600e-02,   -7.768100e-02,    8.156300e-02,   -2.624400e-02,    9.133900e-03,    8.108700e-03,    8.108700e-03,    5.576600e-03,    5.576600e-03,    5.576600e-03,    5.576600e-03,    8.391900e-03,    8.391900e-03,
        42,    2.511800e+01,   -1.429550e-02,   -1.132497e-02,    6.075382e-02,   -5.305301e-02,   -6.557204e-02,    5.208157e-02,    9.624750e-03,    1.984107e-03,    2.896217e-01,    1.528688e-01,    3.079092e-01,    1.287552e-01,    6.135065e-01,   -7.257676e-01,    9.264531e-02,    4.191486e-01,   -1.270600e-02,   -1.048600e-02,    6.199500e-02,   -5.253400e-02,   -6.309900e-02,    4.915600e-02,    1.003200e-02,    3.826600e-03,    5.488200e-03,    5.488200e-03,    4.031000e-03,    4.031000e-03,    4.031000e-03,    4.031000e-03,    4.395800e-03,    4.395800e-03,
        42,    3.981000e+01,   -9.371702e-03,   -1.727936e-02,    7.387241e-02,   -6.455763e-02,   -7.737197e-02,    6.492402e-02,    1.008477e-02,    8.997542e-03,    3.270858e-02,    1.024813e-01,    3.505344e-02,    1.210679e-01,    7.219545e-01,   -1.139984e-01,   -1.353582e-01,    2.980473e-01,   -9.160300e-03,   -1.661700e-02,    7.404400e-02,   -6.396500e-02,   -7.383800e-02,    6.436600e-02,    9.328400e-03,    1.066300e-02,    6.463200e-03,    6.463200e-03,    4.895000e-03,    4.895000e-03,    4.895000e-03,    4.895000e-03,    5.587900e-03,    5.587900e-03,
        42,    6.309500e+01,   -2.735249e-03,   -2.204393e-02,    8.918839e-02,   -7.996940e-02,   -9.231117e-02,    8.271555e-02,    6.011244e-03,    1.741139e-02,   -5.319308e-02,   -2.170493e-01,   -6.847692e-02,   -1.856993e-01,    5.159124e-01,    6.110498e-01,   -1.248332e-01,    3.483499e-01,   -3.163900e-03,   -2.379300e-02,    8.877000e-02,   -8.110400e-02,   -8.915900e-02,    8.644900e-02,    5.062100e-03,    2.006000e-02,    8.058400e-03,    8.058400e-03,    6.109900e-03,    6.109900e-03,    6.109900e-03,    6.109900e-03,    7.603300e-03,    7.603300e-03,
        43,    2.511800e+01,    1.739896e-03,    2.172587e-03,    6.985620e-02,   -5.901428e-02,   -5.885733e-02,    7.067887e-02,    1.545268e-02,   -1.216338e-02,   -2.356483e-01,    1.895513e+00,    1.032394e+00,   -2.312639e-01,    4.616775e-02,    1.274998e+00,    9.536939e-01,    6.039995e-01,    5.540900e-04,    1.171100e-02,    7.482800e-02,   -6.012800e-02,   -5.863500e-02,    7.681900e-02,    2.228800e-02,   -7.834400e-03,    5.032100e-03,    5.032100e-03,    4.815800e-03,    4.815800e-03,    4.815800e-03,    4.815800e-03,    7.167200e-03,    7.167200e-03,
        43,    3.981000e+01,   -6.731534e-04,    6.593144e-03,    8.323822e-02,   -7.543213e-02,   -7.719527e-02,    9.494633e-02,    1.910097e-02,   -1.469868e-02,   -2.302467e-02,    7.214392e-01,    1.525621e+00,    6.637454e-02,   -5.575575e-01,    6.164398e-01,    7.651096e-01,    1.059489e+00,   -7.950000e-04,    1.041100e-02,    9.264200e-02,   -7.502300e-02,   -8.063200e-02,    9.874600e-02,    2.575000e-02,   -5.491400e-03,    5.292000e-03,    5.292000e-03,    6.163900e-03,    6.163900e-03,    6.163900e-03,    6.163900e-03,    8.690300e-03,    8.690300e-03,
        43,    6.309500e+01,   -3.751454e-03,    9.203987e-03,    1.006430e-01,   -9.716199e-02,   -1.015824e-01,    1.240422e-01,    2.240632e-02,   -1.743805e-02,    9.285505e-01,    2.160437e-01,    1.643348e+00,    3.630216e-01,   -6.125914e-01,    5.820373e-01,    1.036425e+00,    1.233631e+00,    1.767200e-03,    1.048800e-02,    1.135400e-01,   -9.431300e-02,   -1.063900e-01,    1.286100e-01,    3.417700e-02,   -3.427700e-03,    5.943300e-03,    5.943300e-03,    7.848000e-03,    7.848000e-03,    7.848000e-03,    7.848000e-03,    1.135700e-02,    1.135700e-02,
        44,    2.511800e+01,   -3.549845e-03,   -1.056065e-02,    7.017064e-02,   -6.927713e-02,   -6.859975e-02,    6.025259e-02,    1.980888e-03,    2.838564e-03,   -3.231413e-01,   -2.269724e-01,    7.122454e-01,   -7.364359e-01,   -9.374072e-02,    3.083032e-01,    3.895558e-01,    2.791311e-01,   -5.325700e-03,   -1.180800e-02,    7.366000e-02,   -7.288500e-02,   -6.905900e-02,    6.176300e-02,    3.230700e-03,    3.734100e-03,    5.495600e-03,    5.495600e-03,    4.899100e-03,    4.899100e-03,    4.899100e-03,    4.899100e-03,    3.208300e-03,    3.208300e-03,
        44,    3.981000e+01,    1.090220e-03,   -8.472129e-03,    8.669646e-02,   -9.041250e-02,   -8.237356e-02,    8.325955e-02,    6.994937e-04,    4.061779e-03,   -4.470588e-01,   -1.773530e-01,    4.394661e-01,    2.796260e-01,   -1.078947e-01,   -2.502435e-01,    2.229023e-01,    3.222246e-01,   -1.225500e-03,   -9.390800e-03,    8.935800e-02,   -8.871900e-02,   -8.302700e-02,    8.174400e-02,    1.546500e-03,    5.286200e-03,    5.179900e-03,    5.179900e-03,    6.056300e-03,    6.056300e-03,    6.056300e-03,    6.056300e-03,    3.799900e-03,    3.799900e-03,
        44,    6.309500e+01,    3.775421e-03,   -4.889347e-03,    1.104755e-01,   -1.173678e-01,   -1.048152e-01,    1.121480e-01,   -1.718437e-03,    4.488668e-03,   -1.682421e-02,   -2.862381e-01,    5.377552e-01,   -3.658161e-01,   -1.636038e-01,    5.522662e-01,   -2.723958e-01,    2.173493e-01,    3.687000e-03,   -6.393700e-03,    1.148300e-01,   -1.203300e-01,   -1.061400e-01,    1.166200e-01,   -3.004200e-03,    5.514600e-03,    5.255600e-03,    5.255600e-03,    8.097600e-03,    8.097600e-03,    8.097600e-03,    8.097600e-03,    4.720200e-03,    4.720200e-03,
        45,    2.511800e+01,   -5.341469e-03,    5.043695e-03,    4.633345e-02,   -6.885213e-02,   -5.857995e-02,    7.295008e-02,    6.533116e-03,   -8.545238e-03,   -4.278424e-01,   -2.642975e-01,   -2.700128e-01,    3.182195e-01,    3.285237e-01,    1.576966e-01,   -7.387709e-01,    7.754774e-01,   -6.983400e-03,    4.029400e-03,    4.515900e-02,   -6.746800e-02,   -5.715100e-02,    7.363600e-02,    3.751200e-03,   -5.625100e-03,    3.837700e-03,    3.837700e-03,    4.349600e-03,    4.349600e-03,    4.349600e-03,    4.349600e-03,    3.765600e-03,    3.765600e-03,
        45,    3.981000e+01,   -7.337827e-03,    5.274638e-03,    6.551009e-02,   -9.147960e-02,   -7.904639e-02,    9.176021e-02,    9.954169e-03,   -9.791912e-03,   -3.092315e-01,   -3.393037e-01,   -3.500763e-01,    1.261605e-01,   -2.001293e-03,    7.721811e-02,   -9.036369e-01,    2.492745e-01,   -8.847000e-03,    3.618700e-03,    6.348000e-02,   -9.074800e-02,   -7.905800e-02,    9.220800e-02,    5.236100e-03,   -8.490400e-03,    4.880400e-03,    4.880400e-03,    5.799000e-03,    5.799000e-03,    5.799000e-03,    5.799000e-03,    5.221200e-03,    5.221200e-03,
        45,    6.309500e+01,   -9.449907e-03,    4.857911e-03,    9.126255e-02,   -1.174443e-01,   -1.043866e-01,    1.135463e-01,    1.375385e-02,   -1.024419e-02,   -1.595662e-01,   -3.355647e-01,    1.858244e-01,   -8.089139e-01,   -4.766611e-01,    3.298678e-01,   -8.777530e-01,   -1.131740e-01,   -1.042800e-02,    2.801000e-03,    9.271800e-02,   -1.237800e-01,   -1.081200e-01,    1.161300e-01,    7.674800e-03,   -1.102800e-02,    6.129700e-03,    6.129700e-03,    7.832400e-03,    7.832400e-03,    7.832400e-03,    7.832400e-03,    6.925700e-03,    6.925700e-03,
        46,    2.511800e+01,   -3.630372e-02,    1.525446e-03,    7.554783e-02,   -5.591099e-02,   -6.501333e-02,    4.478101e-02,    1.922684e-02,   -5.342014e-03,   -9.392833e-01,    9.811395e-02,   -8.234003e-01,   -1.228144e+00,   -6.466655e-01,   -5.597762e-01,   -9.295141e-01,   -8.880843e-01,   -4.555500e-02,    2.491800e-03,    7.196900e-02,   -6.124900e-02,   -6.782400e-02,    4.234800e-02,    1.402500e-02,   -1.031200e-02,    9.849300e-03,    9.849300e-03,    4.346400e-03,    4.346400e-03,    4.346400e-03,    4.346400e-03,    5.596300e-03,    5.596300e-03,
        46,    3.981000e+01,   -3.381475e-02,    2.129873e-03,    8.802541e-02,   -6.621978e-02,   -7.358000e-02,    5.886909e-02,    2.018738e-02,   -3.705724e-03,   -1.018436e+00,    1.042674e-01,   -1.062263e+00,   -1.970737e+00,   -7.741667e-01,   -7.223806e-01,   -7.937873e-01,   -1.421820e+00,   -4.465600e-02,    3.239800e-03,    8.253000e-02,   -7.641500e-02,   -7.758500e-02,    5.513200e-02,    1.501300e-02,   -1.297400e-02,    1.064500e-02,    1.064500e-02,    5.173300e-03,    5.173300e-03,    5.173300e-03,    5.173300e-03,    6.518600e-03,    6.518600e-03,
        46,    6.309500e+01,   -3.188602e-02,    5.969060e-03,    1.022025e-01,   -8.308559e-02,   -8.643683e-02,    7.961175e-02,    1.971004e-02,   -2.927357e-03,   -9.791199e-01,   -8.704309e-02,   -1.214146e+00,   -2.151855e+00,   -6.988145e-01,   -5.311960e-01,   -4.496619e-01,   -1.673850e+00,   -4.314100e-02,    4.968500e-03,    9.451400e-02,   -9.671200e-02,   -9.086200e-02,    7.624800e-02,    1.620600e-02,   -1.597100e-02,    1.149500e-02,    1.149500e-02,    6.332400e-03,    6.332400e-03,    6.332400e-03,    6.332400e-03,    7.792600e-03,    7.792600e-03,
        47,    2.511800e+01,    1.227731e-02,    1.789747e-02,    9.862142e-02,   -9.502236e-02,   -1.082065e-01,    6.348934e-02,   -1.791397e-02,   -7.877712e-03,   -7.580808e-01,    1.124763e+00,    1.108296e+00,   -1.169742e+00,   -1.515429e-01,   -1.696986e-01,    7.198404e-01,   -1.022933e+00,    4.776100e-03,    2.902700e-02,    1.061800e-01,   -1.030000e-01,   -1.092400e-01,    6.233200e-02,   -1.250300e-02,   -1.556700e-02,    9.895000e-03,    9.895000e-03,    6.820000e-03,    6.820000e-03,    6.820000e-03,    6.820000e-03,    7.516900e-03,    7.516900e-03,
        47,    3.981000e+01,    6.615986e-03,    2.534434e-02,    1.244969e-01,   -1.156614e-01,   -1.245403e-01,    7.223310e-02,   -1.746329e-02,   -1.827869e-02,   -5.853648e-01,    1.154521e+00,    8.256098e-01,    9.592510e-02,    1.389124e-02,    1.785112e-01,    9.921306e-01,   -3.347578e-01,   -6.940500e-04,    3.976200e-02,    1.310500e-01,   -1.149000e-01,   -1.244300e-01,    7.365000e-02,   -8.888300e-03,   -2.117200e-02,    1.248800e-02,    1.248800e-02,    7.937300e-03,    7.937300e-03,    7.937300e-03,    7.937300e-03,    8.643000e-03,    8.643000e-03,
        47,    6.309500e+01,   -1.828374e-03,    3.337882e-02,    1.570102e-01,   -1.419542e-01,   -1.425749e-01,    8.450148e-02,   -1.174651e-02,   -3.187216e-02,   -1.796214e-01,    1.535496e+00,    6.419277e-01,    1.562907e+00,   -5.293893e-01,    1.263328e+00,    5.807042e-01,    4.634272e-01,   -4.804700e-03,    5.882200e-02,    1.631400e-01,   -1.270300e-01,   -1.476300e-01,    9.656500e-02,   -5.667700e-03,   -2.702100e-02,    1.657000e-02,    1.657000e-02,    9.549000e-03,    9.549000e-03,    9.549000e-03,    9.549000e-03,    1.046800e-02,    1.046800e-02,
        48,    2.511800e+01,    9.121838e-04,    1.009538e-03,    7.498040e-02,   -6.438747e-02,   -7.678658e-02,    7.039801e-02,   -4.832619e-03,    9.013231e-03,   -3.211511e-01,   -2.420834e-01,    1.271387e-01,   -4.114664e-01,   -1.197073e+00,    5.351716e-01,   -3.276520e-02,   -2.348663e-01,    4.725600e-04,    6.781500e-04,    7.565200e-02,   -6.656100e-02,   -8.311000e-02,    7.322500e-02,   -4.990600e-03,    7.880800e-03,    1.368900e-03,    1.368900e-03,    5.282400e-03,    5.282400e-03,    5.282400e-03,    5.282400e-03,    4.821600e-03,    4.821600e-03,
        48,    3.981000e+01,   -1.386221e-04,   -1.028646e-03,    9.023378e-02,   -7.875597e-02,   -9.501743e-02,    8.634205e-02,   -7.675633e-03,    1.070746e-02,    5.313630e-02,   -5.481744e-01,   -7.395242e-01,   -1.779717e-01,   -4.654946e-01,   -6.883062e-02,    1.223275e-02,   -2.711780e-01,   -4.713300e-06,   -2.410100e-03,    8.566700e-02,   -7.985500e-02,   -9.789200e-02,    8.591700e-02,   -7.603500e-03,    9.108400e-03,    2.520100e-03,    2.520100e-03,    6.175300e-03,    6.175300e-03,    6.175300e-03,    6.175300e-03,    5.896700e-03,    5.896700e-03,
        48,    6.309500e+01,    1.058372e-03,   -3.722018e-03,    1.075796e-01,   -9.885287e-02,   -1.164540e-01,    1.068170e-01,   -1.128194e-02,    1.243598e-02,    7.861243e-02,    1.342374e-01,   -3.463283e-01,   -1.425182e-01,   -3.550686e-01,   -1.747731e-01,    1.484383e-01,   -1.465485e-01,    1.324900e-03,   -3.266900e-03,    1.049500e-01,   -9.993500e-02,   -1.191500e-01,    1.054900e-01,   -1.018500e-02,    1.135300e-02,    3.390400e-03,    3.390400e-03,    7.592900e-03,    7.592900e-03,    7.592900e-03,    7.592900e-03,    7.389900e-03,    7.389900e-03,
VTF,
     StaID,        Freq[Hz],     Re(Tzx)_Cal,     Im(Tzx)_Cal,     Re(Tzy)_Cal,     Im(Tzy)_Cal,     Re(Tzx)_Res,     Im(Tzx)_Res,     Re(Tzy)_Res,     Im(Tzy)_Res,     Re(Tzx)_Obs,     Im(Tzx)_Obs,     Re(Tzy)_Obs,     Im(Tzy)_Obs,      Re(Tzx)_SD,      Im(Tzx)_SD,      Re(Tzy)_SD,      Im(Tzy)_SD,
      1001,    2.511800e+01,    2.482077e-02,    1.807945e-02,    1.321845e-01,   -6.506410e-03,    8.225075e-01,   -6.748175e-03,   -5.391498e-01,   -2.305530e-01,    4.949600e-02,    1.787700e-02,    1.160100e-01,   -1.342300e-02,    3.000000e-02,    3.000000e-02,    3.000000e-02,    3.000000e-02,
      1001,    3.981000e+01,    3.631003e-02,   -4.051598e-03,    1.306817e-01,    2.049348e-02,    6.082990e-01,    5.173866e-01,   -4.667231e-01,   -6.876045e-01,    5.455900e-02,    1.147000e-02,    1.166800e-01,   -1.346600e-04,    3.000000e-02,    3.000000e-02,    3.000000e-02,    3.000000e-02,
      1001,    6.309500e+01,    5.209075e-02,   -5.946135e-03,    1.134776e-01,    4.221084e-02,    2.717750e-01,    5.464378e-01,    2.674699e-02,   -1.025195e+00,    6.024400e-02,    1.044700e-02,    1.142800e-01,    1.145500e-02,    3.000000e-02,    3.000000e-02,    3.000000e-02,    3.000000e-02,
      1002,    2.511800e+01,    7.455649e-02,   -1.064958e-02,   -1.068952e-01,    5.631409e-02,    6.647836e-01,    5.507260e-02,   -4.694932e-01,    8.503043e-02,    9.450000e-02,   -8.997400e-03,   -1.209800e-01,    5.886500e-02,    3.000000e-02,    3.000000e-02,    3.000000e-02,    3.000000e-02,
      1002,    3.981000e+01,    1.018991e-01,   -3.760252e-02,   -1.375113e-01,    6.809880e-02,    5.066959e-01,    5.559173e-01,   -5.889572e-01,   -3.864267e-01,    1.171000e-01,   -2.092500e-02,   -1.551800e-01,    5.650600e-02,    3.000000e-02,    3.000000e-02,    3.000000e-02,    3.000000e-02,
      1002,    6.309500e+01,    1.367011e-01,   -3.494563e-02,   -1.742606e-01,    6.056359e-02,    3.839648e-01,    4.719877e-01,   -8.043143e-01,   -5.860865e-01,    1.482200e-01,   -2.078600e-02,   -1.983900e-01,    4.298100e-02,    3.000000e-02,    3.000000e-02,    3.000000e-02,    3.000000e-02,
      1003,    3.981000e+01,    4.391494e-02,   -3.084300e-02,   -9.815544e-02,    4.233561e-02,    9.849354e-01,    3.735667e-01,    4.090812e-01,    9.577796e-01,    7.346300e-02,   -1.963600e-02,   -8.588300e-02,    7.106900e-02,    3.000000e-02,    3.000000e-02,    3.000000e-02,    3.000000e-02,
      1003,    6.309500e+01,    6.918302e-02,   -3.325805e-02,   -1.224559e-01,    3.114860e-02,    1.025033e+00,    2.934683e-01,   -1.534704e-01,    6.280800e-01,    9.993400e-02,   -2.445400e-02,   -1.270600e-01,    4.999100e-02,    3.000000e-02,    3.000000e-02,    3.000000e-02,    3.000000e-02,
      1004,    2.511800e+01,   -4.672935e-02,    3.230996e-02,    3.514686e-01,    1.590722e-01,   -3.233215e-01,    1.334068e+00,   -6.616205e-01,   -8.260745e-01,   -5.642900e-02,    7.233200e-02,    3.316200e-01,    1.342900e-01,    3.000000e-02,    3.000000e-02,    3.000000e-02,    3.000000e-02,
      1004,    3.981000e+01,   -5.335700e-02,    1.843159e-02,    2.892937e-01,    1.639170e-01,   -2.853334e-01,    1.372280e+00,   -1.704574e-01,   -7.852335e-01,   -6.191700e-02,    5.960000e-02,    2.841800e-01,    1.403600e-01,    3.000000e-02,    3.000000e-02,    3.000000e-02,    3.000000e-02,
      1004,    6.309500e+01,   -5.070552e-02,    1.038125e-02,    2.318713e-01,    1.562417e-01,   -5.151160e-01,    1.130325e+00,    2.936250e-01,   -7.227229e-01,   -6.615900e-02,    4.429100e-02,    2.406800e-01,    1.345600e-01,    3.000000e-02,    3.000000e-02,    3.000000e-02,    3.000000e-02,
      1005,    2.511800e+01,    4.149126e-02,    6.833592e-02,    1.385209e-01,   -1.224608e-02,    6.580580e-01,   -4.052973e-01,   -4.853624e-01,    2.333608e-02,    6.123300e-02,    5.617700e-02,    1.239600e-01,   -1.154600e-02,    3.000000e-02,    3.000000e-02,    3.000000e-02,    3.000000e-02,
      1005,    3.981000e+01,    2.829287e-02,    5.092317e-02,    1.422840e-01,    1.071523e-02,    7.886711e-01,    1.186608e-01,   -8.413300e-02,   -2.537978e-01,    5.195300e-02,    5.448300e-02,    1.397600e-01,    3.101300e-03,    3.000000e-02,    3.000000e-02,    3.000000e-02,    3.000000e-02,
      1005,    6.309500e+01,    2.225385e-02,    4.464405e-02,    1.332135e-01,    3.383753e-02,    6.094049e-01,    6.978315e-01,    1.468821e-01,   -8.441766e-02,    4.053600e-02,    6.557900e-02,    1.376200e-01,    3.130500e-02,    3.000000e-02,    3.000000e-02,    3.000000e-02,    3.000000e-02,
      1006,    2.511800e+01,    3.213546e-02,    4.228425e-02,   -2.593680e-02,    2.400916e-02,   -6.637821e-01,   -6.396751e-01,    1.302860e+00,    3.827946e-01,    1.222200e-02,    2.309400e-02,    1.314900e-02,    3.549300e-02,    3.000000e-02,    3.000000e-02,    3.000000e-02,    3.000000e-02,
      1006,    3.981000e+01,    9.427599e-03,    4.731050e-02,   -2.887176e-02,    3.079203e-03,   -4.129833e-01,   -8.218500e-01,    9.942056e-01,    5.954599e-01,   -2.961900e-03,    2.265500e-02,    9.544100e-04,    2.094300e-02,    3.000000e-02,    3.000000e-02,    3.000000e-02,    3.000000e-02,
      1006,    6.309500e+01,   -1.169266e-02,    4.266684e-02,   -2.141381e-02,   -1.347691e-02,   -7.037804e-02,   -7.519280e-01,    3.269937e-01,    6.170003e-01,   -1.380400e-02,    2.010900e-02,   -1.160400e-02,    5.033100e-03,    3.000000e-02,    3.000000e-02,    3.000000e-02,    3.000000e-02,
      1007,    2.511800e+01,   -8.137984e-02,   -1.023606e-02,    1.138163e-01,    5.730118e-02,    4.750612e-01,    2.960485e-01,   -2.888778e-01,   -9.403946e-02,   -6.712800e-02,   -1.354600e-03,    1.051500e-01,    5.448000e-02,    3.000000e-02,    3.000000e-02,    3.000000e-02,    3.000000e-02,
      1007,    3.981000e+01,   -7.929309e-02,   -1.915876e-02,    9.257087e-02,    7.217902e-02,    4.596955e-02,    3.908652e-01,   -3.357625e-01,   -3.590339e-01,   -7.791400e-02,   -7.432800e-03,    8.249800e-02,    6.140800e-02,    3.000000e-02,    3.000000e-02,    3.000000e-02,    3.000000e-02,
      1007,    6.309500e+01,   -7.043193e-02,   -2.811166e-02,    6.243029e-02,    8.329237e-02,   -7.480239e-02,    2.869888e-01,   -1.683762e-01,   -4.241789e-01,   -7.267600e-02,   -1.950200e-02,    5.737900e-02,    7.056700e-02,    3.000000e-02,    3.000000e-02,    3.000000e-02,    3.000000e-02,
      1008,    2.511800e+01,    2.980726e-02,    4.060407e-02,   -9.898517e-02,   -2.686710e-02,   -4.318755e-01,    4.447309e-01,   -1.022161e+00,   -7.846299e-01,    1.685100e-02,    5.394600e-02,   -1.296500e-01,   -5.040600e-02,    3.000000e-02,    3.000000e-02,    3.000000e-02,    3.000000e-02,
      1009,    2.511800e+01,   -2.734797e-01,   -3.534314e-02,    1.801796e-01,   -1.181334e-02,    9.399901e-01,    2.464380e-01,   -2.143211e-01,    4.904880e-01,   -2.452800e-01,   -2.795000e-02,    1.737500e-01,    2.901300e-03,    3.000000e-02,    3.000000e-02,    3.000000e-02,    3.000000e-02,
      1009,    3.981000e+01,   -2.405654e-01,   -7.948659e-02,    1.972364e-01,   -5.153698e-03,    5.641807e-01,    2.071863e-01,    4.545425e-02,    1.901099e-01,   -2.236400e-01,   -7.327100e-02,    1.986000e-01,    5.496000e-04,    3.000000e-02,    3.000000e-02,    3.000000e-02,    3.000000e-02,
      1010,    2.511800e+01,    3.759054e-03,    1.357267e-01,    5.657329e-02,    3.027289e-02,   -8.424512e-02,    2.210975e-02,   -1.476610e+00,    1.137270e+00,    1.231700e-03,    1.363900e-01,    1.227500e-02,    6.439100e-02,    3.000000e-02,    3.000000e-02,    3.000000e-02,    3.000000e-02,
      1010,    3.981000e+01,   -5.305414e-02,    1.087240e-01,    4.437417e-02,    3.470399e-02,    5.460714e-01,    2.468673e-01,   -1.264992e+00,    1.660669e-01,   -3.667200e-02,    1.161300e-01,    6.424400e-03,    3.968600e-02,    3.000000e-02,    3.000000e-02,    3.000000e-02,    3.000000e-02,
      1010,    6.309500e+01,   -8.804524e-02,    6.366011e-02,    3.134323e-02,    3.621755e-02,    5.241414e-01,   -4.227703e-01,   -8.319478e-01,   -4.042848e-01,   -7.232100e-02,    5.097700e-02,    6.384800e-03,    2.408900e-02,    3.000000e-02,    3.000000e-02,    3.000000e-02,    3.000000e-02,
      1011,    2.511800e+01,    1.252073e-01,    6.477099e-02,   -2.495355e-02,   -4.048189e-02,   -2.915772e-01,   -5.058997e-01,    3.022518e-01,    5.194297e-01,    1.164600e-01,    4.959400e-02,   -1.588600e-02,   -2.489900e-02,    3.000000e-02,    3.000000e-02,    3.000000e-02,    3.000000e-02,
      1011,    3.981000e+01,    9.794132e-02,    6.683068e-02,   -1.476597e-02,   -3.296124e-02,   -4.701106e-01,   -1.142489e+00,    1.495666e+00,    4.337747e-01,    8.383800e-02,    3.255600e-02,    3.010400e-02,   -1.994800e-02,    3.000000e-02,    3.000000e-02,    3.000000e-02,    3.000000e-02,
      1011,    6.309500e+01,    7.267251e-02,    5.786890e-02,   -8.673776e-03,   -2.752232e-02,    4.053163e-01,   -3.433967e-01,   -1.346741e-01,    1.567746e-02,    8.483200e-02,    4.756700e-02,   -1.271400e-02,   -2.705200e-02,    3.000000e-02,    3.000000e-02,    3.000000e-02,    3.000000e-02,
      1012,    2.511800e+01,    7.544213e-02,    6.919326e-02,   -4.602877e-02,   -1.318726e-02,    1.928623e-01,    9.158247e-01,   -2.499077e-01,   -3.128912e-01,    8.122800e-02,    9.666800e-02,   -5.352600e-02,   -2.257400e-02,    3.000000e-02,    3.000000e-02,    3.000000e-02,    3.000000e-02,
      1012,    3.981000e+01,    6.173950e-02,    4.578550e-02,   -2.936959e-02,   -1.952942e-02,    1.281350e+00,    7.759168e-01,   -2.376469e-01,   -3.795192e-01,    1.001800e-01,    6.906300e-02,   -3.649900e-02,   -3.091500e-02,    3.000000e-02,    3.000000e-02,    3.000000e-02,    3.000000e-02,
      1012,    6.309500e+01,    5.672780e-02,    2.637336e-02,   -1.574571e-02,   -1.717643e-02,    2.461399e-01,    5.957213e-01,   -1.086764e-01,    4.212642e-01,    6.411200e-02,    4.424500e-02,   -1.900600e-02,   -4.538500e-03,    3.000000e-02,    3.000000e-02,    3.000000e-02,    3.000000e-02,
      1014,    2.511800e+01,    1.931641e-01,    1.881378e-01,   -6.570776e-02,    9.871341e-02,    1.058646e-01,   -1.218592e+00,   -1.359408e+00,   -1.374247e+00,    1.963400e-01,    1.515800e-01,   -1.064900e-01,    5.748600e-02,    3.000000e-02,    3.000000e-02,    3.000000e-02,    3.000000e-02,
      1014,    3.981000e+01,    1.075942e-01,    2.110731e-01,   -1.017336e-01,    6.736202e-02,    1.066194e+00,   -1.260437e+00,   -1.275474e-01,   -1.555401e+00,    1.395800e-01,    1.732600e-01,   -1.055600e-01,    2.070000e-02,    3.000000e-02,    3.000000e-02,    3.000000e-02,    3.000000e-02,
      1014,    6.309500e+01,    2.171377e-02,    2.062009e-01,   -1.162969e-01,    2.905210e-02,    9.467411e-01,   -4.040314e-01,    8.536315e-01,   -1.914170e+00,    5.011600e-02,    1.940800e-01,   -9.068800e-02,   -2.837300e-02,    3.000000e-02,    3.000000e-02,    3.000000e-02,    3.000000e-02,
      1015,    2.511800e+01,   -6.075757e-02,    6.996182e-02,   -1.936697e-02,    1.545895e-03,    4.818190e-01,   -8.583941e-01,   -9.432009e-01,   -1.253298e-01,   -4.630300e-02,    4.421000e-02,   -4.766300e-02,   -2.214000e-03,    3.000000e-02,    3.000000e-02,    3.000000e-02,    3.000000e-02,
      1015,    3.981000e+01,   -7.732391e-02,    3.075462e-02,   -2.305450e-02,    1.036747e-02,    8.574969e-01,   -5.452067e-02,   -7.845498e-01,   -6.340723e-01,   -5.159900e-02,    2.911900e-02,   -4.659100e-02,   -8.654700e-03,    3.000000e-02,    3.000000e-02,    3.000000e-02,    3.000000e-02,
      1015,    6.309500e+01,   -7.125233e-02,   -5.715381e-04,   -3.266434e-02,    1.340458e-02,   -1.678905e-02,   -5.079487e-01,   -3.102888e-01,   -8.055526e-01,   -7.175600e-02,   -1.581000e-02,   -4.197300e-02,   -1.076200e-02,    3.000000e-02,    3.000000e-02,    3.000000e-02,    3.000000e-02,
      1016,    2.511800e+01,   -2.095106e-02,    1.458051e-01,   -4.332507e-02,    1.951407e-03,    2.043532e-02,   -5.725022e-01,    2.979024e-01,   -8.397802e-01,   -2.033800e-02,    1.286300e-01,   -3.438800e-02,   -2.324200e-02,    3.000000e-02,    3.000000e-02,    3.000000e-02,    3.000000e-02,
      1016,    3.981000e+01,   -8.160723e-02,    1.290144e-01,   -3.863717e-02,   -1.327807e-02,   -2.183426e+00,   -6.458139e-01,   -7.823942e-01,   -1.643798e+00,   -1.471100e-01,    1.096400e-01,   -6.210900e-02,   -6.259200e-02,    3.000000e-02,    3.000000e-02,    3.000000e-02,    3.000000e-02,
      1016,    6.309500e+01,   -1.246203e-01,    9.321122e-02,   -2.862157e-02,   -2.557727e-02,   -5.323233e-01,   -8.622405e-01,   -2.842475e-01,   -6.254575e-01,   -1.405900e-01,    6.734400e-02,   -3.714900e-02,   -4.434100e-02,    3.000000e-02,    3.000000e-02,    3.000000e-02,    3.000000e-02,
      1017,    2.511800e+01,    1.220419e-01,   -4.932606e-02,    1.795165e-01,   -1.020572e-01,   -9.299632e-01,   -8.742981e-01,   -3.655500e-01,   -5.642798e-02,    9.414300e-02,   -7.555500e-02,    1.685500e-01,   -1.037500e-01,    3.000000e-02,    3.000000e-02,    3.000000e-02,    3.000000e-02,
      1017,    3.981000e+01,    1.328965e-01,   -3.925192e-02,    2.209555e-01,   -9.281502e-02,   -6.645498e-01,   -8.888362e-01,   -5.721838e-01,   -1.130327e-01,    1.129600e-01,   -6.591700e-02,    2.037900e-01,   -9.620600e-02,    3.000000e-02,    3.000000e-02,    3.000000e-02,    3.000000e-02,
      1017,    6.309500e+01,    1.419115e-01,   -3.190117e-02,    2.547458e-01,   -7.227833e-02,   -3.843817e-01,   -7.818943e-01,   -4.168584e-01,   -3.502558e-01,    1.303800e-01,   -5.535800e-02,    2.422400e-01,   -8.278600e-02,    3.000000e-02,    3.000000e-02,    3.000000e-02,    3.000000e-02,
      1018,    2.511800e+01,   -3.909595e-02,   -4.812710e-04,   -2.547362e-02,    1.567988e-02,   -1.988683e-01,    6.868424e-01,    1.068873e-01,   -2.625895e-01,   -4.506200e-02,    2.012400e-02,   -2.226700e-02,    7.802200e-03,    3.000000e-02,    3.000000e-02,    3.000000e-02,    3.000000e-02,
      1018,    3.981000e+01,   -3.110663e-02,   -1.259517e-02,   -4.122712e-02,    3.654426e-02,   -2.981123e-01,    4.105577e-01,    5.502374e-01,   -6.288088e-01,   -4.005000e-02,   -2.784400e-04,   -2.472000e-02,    1.768000e-02,    3.000000e-02,    3.000000e-02,    3.000000e-02,    3.000000e-02,
      1018,    6.309500e+01,   -2.413539e-02,   -2.159997e-02,   -6.206053e-02,    4.583540e-02,   -1.582205e-01,    1.925657e-01,    8.087177e-01,   -5.835467e-01,   -2.888200e-02,   -1.582300e-02,   -3.779900e-02,    2.832900e-02,    3.000000e-02,    3.000000e-02,    3.000000e-02,    3.000000e-02,
      1019,    2.511800e+01,   -2.230946e-01,    1.569671e-01,    1.045446e-01,   -7.219992e-02,   -8.971813e-01,   -1.250236e+00,    8.811814e-01,   -3.153361e-01,   -2.500100e-01,    1.194600e-01,    1.309800e-01,   -8.166000e-02,    3.000000e-02,    3.000000e-02,    3.000000e-02,    3.000000e-02,
      1020,    2.511800e+01,   -1.049196e-01,    7.157791e-02,   -1.181960e-02,    6.078882e-03,    1.449819e+00,    2.580284e-02,   -6.206133e-01,   -2.415761e-01,   -6.142500e-02,    7.235200e-02,   -3.043800e-02,   -1.168400e-03,    3.000000e-02,    3.000000e-02,    3.000000e-02,    3.000000e-02,
      1020,    3.981000e+01,   -1.193535e-01,    3.136928e-02,   -1.929913e-02,    1.471830e-02,    1.631549e+00,    4.982906e-01,   -4.794291e-01,   -5.302966e-01,   -7.040700e-02,    4.631800e-02,   -3.368200e-02,   -1.190600e-03,    3.000000e-02,    3.000000e-02,    3.000000e-02,    3.000000e-02,
      1020,    6.309500e+01,   -1.113265e-01,    7.356229e-04,   -3.012755e-02,    1.475618e-02,    1.581685e+00,    7.361792e-01,   -2.314818e-01,   -5.020219e-01,   -6.387600e-02,    2.282100e-02,   -3.707200e-02,   -3.044800e-04,    3.000000e-02,    3.000000e-02,    3.000000e-02,    3.000000e-02,
      1021,    2.511800e+01,    1.178756e-01,    1.582833e-02,   -2.193701e-02,    2.202870e-02,   -2.485852e+00,    9.019889e-01,   -2.383663e-01,    5.592432e-01,    4.330000e-02,    4.288800e-02,   -2.908800e-02,    3.880600e-02,    3.000000e-02,    3.000000e-02,    3.000000e-02,    3.000000e-02,
      1021,    3.981000e+01,    1.117513e-01,    1.816925e-02,   -2.435799e-02,    2.031302e-02,    2.679580e-01,    4.100692e+00,   -6.673003e-01,    3.035661e-01,    1.197900e-01,    1.411900e-01,   -4.437700e-02,    2.942000e-02,    3.000000e-02,    3.000000e-02,    3.000000e-02,    3.000000e-02,
      1021,    6.309500e+01,    1.046951e-01,    1.771261e-02,   -3.039583e-02,    1.984551e-02,    3.961634e-01,    3.715246e+00,   -4.581723e-01,    3.034496e-01,    1.165800e-01,    1.291700e-01,   -4.414100e-02,    2.894900e-02,    3.000000e-02,    3.000000e-02,    3.000000e-02,    3.000000e-02,
      1022,    2.511800e+01,    7.021619e-02,    1.012774e-01,    7.289083e-02,   -4.916960e-03,   -1.110240e+00,   -1.659453e-01,    3.550057e-01,    9.810320e-01,    3.690900e-02,    9.629900e-02,    8.354100e-02,    2.451400e-02,    3.000000e-02,    3.000000e-02,    3.000000e-02,    3.000000e-02,
      1022,    3.981000e+01,    3.182192e-02,    8.459709e-02,    7.787323e-02,    4.990745e-03,   -5.358639e-01,   -1.092236e+00,   -7.464742e-01,    7.741418e-01,    1.574600e-02,    5.183000e-02,    5.547900e-02,    2.821500e-02,    3.000000e-02,    3.000000e-02,    3.000000e-02,    3.000000e-02,
      1022,    6.309500e+01,    1.499513e-03,    5.661609e-02,    7.072260e-02,    1.706765e-02,   -1.831878e-02,   -2.399036e+00,   -9.620535e-01,    2.610448e-01,    9.499500e-04,   -1.535500e-02,    4.186100e-02,    2.489900e-02,    3.000000e-02,    3.000000e-02,    3.000000e-02,    3.000000e-02,
      1023,    2.511800e+01,    6.633432e-02,    1.174110e-02,   -3.002744e-02,    1.385894e-02,   -1.377344e+00,   -2.912033e-01,   -8.399521e-01,    7.046355e-01,    2.501400e-02,    3.005000e-03,   -5.522600e-02,    3.499800e-02,    3.000000e-02,    3.000000e-02,    3.000000e-02,    3.000000e-02,
      1023,    3.981000e+01,    6.601735e-02,    7.364765e-03,   -4.503741e-02,    3.755929e-02,   -8.604782e-01,   -2.767792e-01,   -8.813197e-01,   -1.256430e-01,    4.020300e-02,   -9.386100e-04,   -7.147700e-02,    3.379000e-02,    3.000000e-02,    3.000000e-02,    3.000000e-02,    3.000000e-02,
      1023,    6.309500e+01,    6.263948e-02,    1.765710e-03,   -7.064391e-02,    4.784005e-02,   -6.470160e-01,   -2.132870e-01,   -3.180695e-01,   -5.844016e-01,    4.322900e-02,   -4.632900e-03,   -8.018600e-02,    3.030800e-02,    3.000000e-02,    3.000000e-02,    3.000000e-02,    3.000000e-02,
      1024,    2.511800e+01,    2.450421e-02,    9.543727e-02,    1.173313e-01,   -6.245736e-03,   -2.740070e-01,   -1.384425e-01,    6.079561e-01,   -8.628421e-01,    1.628400e-02,    9.128400e-02,    1.355700e-01,   -3.213100e-02,    3.000000e-02,    3.000000e-02,    3.000000e-02,    3.000000e-02,
      1024,    3.981000e+01,    3.422133e-04,    7.923616e-02,    1.212615e-01,   -8.530451e-03,   -3.347404e-01,   -1.753054e-01,    4.632819e-01,   -1.312152e+00,   -9.700000e-03,    7.397700e-02,    1.351600e-01,   -4.789500e-02,    3.000000e-02,    3.000000e-02,    3.000000e-02,    3.000000e-02,
      1026,    2.511800e+01,    5.765132e-03,    6.385221e-02,   -1.866637e-02,   -4.852782e-02,   -2.529477e-01,    5.509286e-02,    7.170225e-01,    1.468321e+00,   -1.823300e-03,    6.550500e-02,    2.844300e-03,   -4.478200e-03,    3.000000e-02,    3.000000e-02,    3.000000e-02,    3.000000e-02,
      1026,    3.981000e+01,   -7.769866e-03,    3.092248e-02,    1.644260e-02,   -6.332656e-02,    3.345155e-01,    4.901839e-01,    1.013488e-03,    1.723485e+00,    2.265600e-03,    4.562800e-02,    1.647300e-02,   -1.162200e-02,    3.000000e-02,    3.000000e-02,    3.000000e-02,    3.000000e-02,
      1026,    6.309500e+01,   -3.869731e-03,    6.419450e-03,    5.476653e-02,   -5.459743e-02,    1.003324e+00,    4.432517e-01,   -7.134511e-01,    1.342781e+00,    2.623000e-02,    1.971700e-02,    3.336300e-02,   -1.431400e-02,    3.000000e-02,    3.000000e-02,    3.000000e-02,    3.000000e-02,
      1027,    2.511800e+01,    5.688725e-02,    9.602209e-02,   -3.198531e-03,    1.324703e-01,    1.459249e-01,   -6.038364e-01,   -3.935156e-01,   -2.356757e-01,    6.126500e-02,    7.790700e-02,   -1.500400e-02,    1.254000e-01,    3.000000e-02,    3.000000e-02,    3.000000e-02,    3.000000e-02,
      1027,    3.981000e+01,    1.507003e-02,    1.044754e-01,   -5.069781e-02,    1.134391e-01,    6.307988e-01,   -4.417482e-01,   -3.704731e-01,   -2.463601e-02,    3.399400e-02,    9.122300e-02,   -6.181200e-02,    1.127000e-01,    3.000000e-02,    3.000000e-02,    3.000000e-02,    3.000000e-02,
      1027,    6.309500e+01,   -2.442996e-02,    1.006835e-01,   -8.426147e-02,    8.816386e-02,    8.414977e-01,   -1.787178e-01,   -8.872842e-01,    7.104629e-03,    8.149700e-04,    9.532200e-02,   -1.108800e-01,    8.837700e-02,    3.000000e-02,    3.000000e-02,    3.000000e-02,    3.000000e-02,
      1028,    2.511800e+01,    2.737997e-02,    6.037599e-02,   -6.017269e-02,    1.052378e-01,   -5.756583e-02,   -5.283329e-01,    5.335565e-01,    8.307496e-02,    2.565300e-02,    4.452600e-02,   -4.416600e-02,    1.077300e-01,    3.000000e-02,    3.000000e-02,    3.000000e-02,    3.000000e-02,
      1028,    3.981000e+01,   -1.460161e-03,    6.143625e-02,   -9.353541e-02,    8.310584e-02,    3.989054e-01,   -5.706084e-01,    3.139138e-01,    4.958721e-01,    1.050700e-02,    4.431800e-02,   -8.411800e-02,    9.798200e-02,    3.000000e-02,    3.000000e-02,    3.000000e-02,    3.000000e-02,
      1028,    6.309500e+01,   -2.639753e-02,    5.166522e-02,   -1.135204e-01,    6.031891e-02,    6.745610e-01,   -2.695742e-01,   -2.653205e-01,    5.269695e-01,   -6.160700e-03,    4.357800e-02,   -1.214800e-01,    7.612800e-02,    3.000000e-02,    3.000000e-02,    3.000000e-02,    3.000000e-02,
      1029,    2.511800e+01,   -8.047158e-03,    4.472817e-02,   -2.129082e-02,   -8.697653e-04,   -1.324028e+00,    1.857609e-01,   -7.247060e-01,    2.086222e-01,   -4.776800e-02,    5.030100e-02,   -4.303200e-02,    5.388900e-03,    3.000000e-02,    3.000000e-02,    3.000000e-02,    3.000000e-02,
      1030,    3.981000e+01,   -1.236708e-01,    3.291580e-02,    1.107353e-01,   -2.857494e-02,    2.129292e+00,    1.107207e+00,   -8.461755e-01,    9.187946e-01,   -5.979200e-02,    6.613200e-02,    8.535000e-02,   -1.011100e-03,    3.000000e-02,    3.000000e-02,    3.000000e-02,    3.000000e-02,
      1030,    6.309500e+01,   -1.191432e-01,   -3.083334e-03,    1.256227e-01,   -1.275688e-02,    1.376440e+00,    1.480111e+00,   -9.572897e-01,    4.669695e-01,   -7.785000e-02,    4.132000e-02,    9.690400e-02,    1.252200e-03,    3.000000e-02,    3.000000e-02,    3.000000e-02,    3.000000e-02,
      1031,    2.511800e+01,   -2.363399e-03,    5.838741e-02,    1.121675e-03,   -2.041500e-02,   -1.543420e+00,   -3.463136e-01,    6.568084e-02,    1.654133e+00,   -4.866600e-02,    4.799800e-02,    3.092100e-03,    2.920900e-02,    3.000000e-02,    3.000000e-02,    3.000000e-02,    3.000000e-02,
      1031,    3.981000e+01,   -1.841248e-02,    4.710740e-02,    1.745687e-02,   -2.630756e-02,   -9.095839e-01,   -1.028467e-01,   -3.797523e-01,    1.709385e+00,   -4.570000e-02,    4.402200e-02,    6.064300e-03,    2.497400e-02,    3.000000e-02,    3.000000e-02,    3.000000e-02,    3.000000e-02,
      1031,    6.309500e+01,   -3.178522e-02,    3.576429e-02,    2.926416e-02,   -2.454351e-02,   -3.073593e-01,    6.549040e-02,   -6.165055e-01,    1.427150e+00,   -4.100600e-02,    3.772900e-02,    1.076900e-02,    1.827100e-02,    3.000000e-02,    3.000000e-02,    3.000000e-02,    3.000000e-02,
      1032,    2.511800e+01,    1.326178e-01,    1.158103e-01,   -1.594480e-02,   -2.745520e-04,    5.978408e+00,    1.073657e+00,    1.481127e+00,   -1.562515e+00,    3.119700e-01,    1.480200e-01,    2.848900e-02,   -4.715000e-02,    3.000000e-02,    3.000000e-02,    3.000000e-02,    3.000000e-02,
      1032,    3.981000e+01,    9.032014e-02,    1.122463e-01,   -4.637987e-03,   -1.505195e-02,    2.440995e+00,    4.354558e-01,    2.040700e+00,   -1.078368e+00,    1.635500e-01,    1.253100e-01,    5.658300e-02,   -4.740300e-02,    3.000000e-02,    3.000000e-02,    3.000000e-02,    3.000000e-02,
      1032,    6.309500e+01,    5.175790e-02,    1.033710e-01,    1.066868e-02,   -1.839442e-02,   -2.321563e+00,   -2.680268e+00,    3.269441e-01,   -6.877528e-01,   -1.788900e-02,    2.296300e-02,    2.047700e-02,   -3.902700e-02,    3.000000e-02,    3.000000e-02,    3.000000e-02,    3.000000e-02,
      1033,    2.511800e+01,   -9.723471e-02,   -3.957134e-02,   -8.813984e-02,    8.094827e-03,   -5.285098e-01,   -5.207886e-01,    1.363615e-01,   -4.199742e-01,   -1.130900e-01,   -5.519500e-02,   -8.404900e-02,   -4.504400e-03,    3.000000e-02,    3.000000e-02,    3.000000e-02,    3.000000e-02,
      1033,    6.309500e+01,   -7.981063e-02,   -1.759432e-02,   -8.386427e-02,   -7.853560e-03,   -7.139790e-01,   -5.864893e-01,   -3.119577e-01,   -1.515480e-01,   -1.012300e-01,   -3.518900e-02,   -9.322300e-02,   -1.240000e-02,    3.000000e-02,    3.000000e-02,    3.000000e-02,    3.000000e-02,
      1034,    2.511800e+01,   -2.639907e-01,   -2.554139e-02,   -2.589369e-01,    4.345647e-02,    2.330222e-01,    1.355798e-01,   -8.031029e-01,   -7.803156e-01,   -2.570000e-01,   -2.147400e-02,   -2.830300e-01,    2.004700e-02,    3.000000e-02,    3.000000e-02,    3.000000e-02,    3.000000e-02,
      1034,    3.981000e+01,   -2.303469e-01,   -8.952605e-02,   -2.606811e-01,   -2.590377e-02,   -4.144359e-01,   -3.186984e-01,   -5.079626e-01,   -5.163076e-01,   -2.427800e-01,   -9.908700e-02,   -2.759200e-01,   -4.139300e-02,    3.000000e-02,    3.000000e-02,    3.000000e-02,    3.000000e-02,
      1034,    6.309500e+01,   -1.719142e-01,   -1.270424e-01,   -2.305448e-01,   -8.660353e-02,   -7.618609e-01,   -1.353920e+00,   -2.725077e-01,   -8.762155e-01,   -1.947700e-01,   -1.676600e-01,   -2.387200e-01,   -1.128900e-01,    3.000000e-02,    3.000000e-02,    3.000000e-02,    3.000000e-02,
      1035,    2.511800e+01,   -6.716086e-02,    3.130747e-02,    1.621070e-01,   -3.527230e-02,   -3.843046e-01,    1.338178e-01,   -7.925679e-01,    2.628433e-01,   -7.869000e-02,    3.532200e-02,    1.383300e-01,   -2.738700e-02,    3.000000e-02,    3.000000e-02,    3.000000e-02,    3.000000e-02,
      1035,    3.981000e+01,   -7.193625e-02,    1.100410e-02,    1.825473e-01,   -7.027036e-03,   -9.118585e-01,   -2.844667e-01,   -1.033577e+00,   -5.054321e-01,   -9.929200e-02,    2.470100e-03,    1.515400e-01,   -2.219000e-02,    3.000000e-02,    3.000000e-02,    3.000000e-02,    3.000000e-02,
      1036,    2.511800e+01,    1.655805e-01,    2.118632e-01,    1.945764e-01,   -7.996297e-03,    3.162983e+00,    1.536561e+00,    1.051193e-01,    3.717210e+00,    2.604700e-01,    2.579600e-01,    1.977300e-01,    1.035200e-01,    3.000000e-02,    3.000000e-02,    3.000000e-02,    3.000000e-02,
      1036,    3.981000e+01,    6.652397e-02,    2.226000e-01,    1.978287e-01,    2.283912e-03,    3.022868e+00,    3.036001e+00,    2.440434e-01,    2.185003e+00,    1.572100e-01,    3.136800e-01,    2.051500e-01,    6.783400e-02,    3.000000e-02,    3.000000e-02,    3.000000e-02,    3.000000e-02,
      1036,    6.309500e+01,   -2.553033e-02,    1.965611e-01,    1.959615e-01,    1.325193e-02,   -5.896223e-01,    4.136298e+00,    5.299516e-01,    1.360224e-02,   -4.321900e-02,    3.206500e-01,    2.118600e-01,    1.366000e-02,    3.000000e-02,    3.000000e-02,    3.000000e-02,    3.000000e-02,
      1037,    6.309500e+01,   -3.938711e-02,    7.350868e-02,   -3.122652e-01,   -4.017399e-02,   -1.244430e+00,   -2.187246e+00,   -1.317826e+00,   -6.741867e+00,   -7.672000e-02,    7.891300e-03,   -3.518000e-01,   -2.424300e-01,    3.000000e-02,    3.000000e-02,    3.000000e-02,    3.000000e-02,
      1038,    2.511800e+01,   -2.691641e-02,    6.564741e-02,   -7.205408e-02,    1.028385e-02,    7.191357e-02,    2.450086e+00,   -1.211640e-01,   -3.563762e+00,   -2.475900e-02,    1.391500e-01,   -7.568900e-02,   -9.662900e-02,    3.000000e-02,    3.000000e-02,    3.000000e-02,    3.000000e-02,
      1038,    3.981000e+01,   -3.919276e-02,    1.387968e-02,   -7.453279e-02,   -1.588720e-03,   -6.549081e-01,   -5.876989e+00,    4.087264e-01,   -3.686043e+00,   -5.884000e-02,   -1.624300e-01,   -6.227100e-02,   -1.121700e-01,    3.000000e-02,    3.000000e-02,    3.000000e-02,    3.000000e-02,
      1039,    2.511800e+01,    1.659413e-01,    5.702699e-02,    2.780984e-01,    2.023816e-01,    3.889555e-01,    1.091500e+00,   -7.812813e-01,   -1.333876e-01,    1.776100e-01,    8.977200e-02,    2.546600e-01,    1.983800e-01,    3.000000e-02,    3.000000e-02,    3.000000e-02,    3.000000e-02,
      1039,    3.981000e+01,    1.433238e-01,    6.470528e-02,    1.834332e-01,    2.125247e-01,    9.354085e-02,    8.740574e-01,   -7.410717e-02,   -5.131580e-01,    1.461300e-01,    9.092700e-02,    1.812100e-01,    1.971300e-01,    3.000000e-02,    3.000000e-02,    3.000000e-02,    3.000000e-02,
      1039,    6.309500e+01,    1.224867e-01,    7.024472e-02,    9.850359e-02,    1.871456e-01,   -1.415567e-01,    5.606762e-01,    1.198805e-01,   -5.105201e-01,    1.182400e-01,    8.706500e-02,    1.021000e-01,    1.718300e-01,    3.000000e-02,    3.000000e-02,    3.000000e-02,    3.000000e-02,
      1040,    2.511800e+01,   -4.237259e-02,    8.382890e-02,   -1.339085e-01,   -2.008708e-01,    2.376197e-01,   -1.277300e-01,   -2.343825e-01,   -2.273051e-01,   -3.524400e-02,    7.999700e-02,   -1.409400e-01,   -2.076900e-01,    3.000000e-02,    3.000000e-02,    3.000000e-02,    3.000000e-02,
      1040,    3.981000e+01,   -5.987178e-02,    6.017544e-02,   -5.692443e-02,   -2.035228e-01,    1.708261e-01,    3.754188e-01,    5.330810e-01,   -5.157172e-02,   -5.474700e-02,    7.143800e-02,   -4.093200e-02,   -2.050700e-01,    3.000000e-02,    3.000000e-02,    3.000000e-02,    3.000000e-02,
      1040,    6.309500e+01,   -6.607511e-02,    4.760743e-02,    2.034311e-02,   -1.882091e-01,   -2.220630e-01,    7.842856e-01,    6.642965e-01,    2.530439e-02,   -7.273700e-02,    7.113600e-02,    4.027200e-02,   -1.874500e-01,    3.000000e-02,    3.000000e-02,    3.000000e-02,    3.000000e-02,
      1041,    2.511800e+01,    4.185484e-02,    1.522213e-02,    9.365143e-02,   -6.468477e-02,   -5.382816e-02,   -6.767109e-02,   -7.903808e-01,    6.676592e-01,    4.024000e-02,    1.319200e-02,    6.994000e-02,   -4.465500e-02,    3.000000e-02,    3.000000e-02,    3.000000e-02,    3.000000e-02,
      1041,    3.981000e+01,    4.164017e-02,    6.928591e-03,    1.071963e-01,   -5.745422e-02,    9.912753e-02,   -4.699830e-01,   -2.571423e-01,   -5.205945e-02,    4.461400e-02,   -7.170900e-03,    9.948200e-02,   -5.901600e-02,    3.000000e-02,    3.000000e-02,    3.000000e-02,    3.000000e-02,
      1041,    6.309500e+01,    4.002978e-02,   -7.261096e-04,    1.215452e-01,   -5.808985e-02,    5.540738e-01,   -5.482297e-01,    1.078828e+00,   -2.619717e-01,    5.665200e-02,   -1.717300e-02,    1.539100e-01,   -6.594900e-02,    3.000000e-02,    3.000000e-02,    3.000000e-02,    3.000000e-02,
      1042,    2.511800e+01,    9.631059e-03,    4.233313e-02,    4.709041e-03,   -3.253364e-03,   -1.751853e-01,    3.738289e-01,    6.606320e-01,    4.409421e-01,    4.375500e-03,    5.354800e-02,    2.452800e-02,    9.974900e-03,    3.000000e-02,    3.000000e-02,    3.000000e-02,    3.000000e-02,
      1042,    3.981000e+01,    1.215136e-02,    1.875767e-02,    3.764913e-04,    3.618939e-03,   -4.511719e-01,    4.426110e-01,    4.404170e-01,    2.031854e-01,   -1.383800e-03,    3.203600e-02,    1.358900e-02,    9.714500e-03,    3.000000e-02,    3.000000e-02,    3.000000e-02,    3.000000e-02,
      1042,    6.309500e+01,    2.194616e-02,    1.534445e-02,   -7.629481e-03,    2.114797e-03,   -9.206787e-01,    1.756184e-01,    3.369494e-01,    6.211677e-02,   -5.674200e-03,    2.061300e-02,    2.479000e-03,    3.978300e-03,    3.000000e-02,    3.000000e-02,    3.000000e-02,    3.000000e-02,
      1043,    2.511800e+01,    8.393213e-02,   -7.241596e-02,   -2.337771e-02,   -5.559696e-02,    4.372900e-02,   -4.229345e-01,   -8.183763e-01,    2.951653e-01,    8.524400e-02,   -8.510400e-02,   -4.792900e-02,   -4.674200e-02,    3.000000e-02,    3.000000e-02,    3.000000e-02,    3.000000e-02,
      1043,    3.981000e+01,    1.140765e-01,   -6.305999e-02,    9.381125e-03,   -6.577964e-02,    1.084498e-01,   -3.688671e-01,   -8.765375e-01,   -4.639120e-01,    1.173300e-01,   -7.412600e-02,   -1.691500e-02,   -7.969700e-02,    3.000000e-02,    3.000000e-02,    3.000000e-02,    3.000000e-02,
      1043,    6.309500e+01,    1.392496e-01,   -4.421726e-02,    4.015181e-02,   -6.202023e-02,    4.186799e-01,   -1.510914e-01,   -2.391604e-01,   -7.155590e-01,    1.518100e-01,   -4.875000e-02,    3.297700e-02,   -8.348700e-02,    3.000000e-02,    3.000000e-02,    3.000000e-02,    3.000000e-02,
      1044,    2.511800e+01,    7.291409e-02,    1.551678e-01,    5.832912e-02,    2.316477e-02,    2.991530e+00,   -3.261599e-03,    8.620960e-01,    1.257874e+00,    1.626600e-01,    1.550700e-01,    8.419200e-02,    6.090100e-02,    3.000000e-02,    3.000000e-02,    3.000000e-02,    3.000000e-02,
      1044,    3.981000e+01,    1.018459e-02,    1.454370e-01,    5.029863e-02,    2.798421e-02,    2.868480e+00,    3.434664e-03,    5.435456e-01,    9.879929e-01,    9.623900e-02,    1.455400e-01,    6.660500e-02,    5.762400e-02,    3.000000e-02,    3.000000e-02,    3.000000e-02,    3.000000e-02,
      1044,    6.309500e+01,   -3.868247e-02,    1.210716e-01,    4.229247e-02,    3.195501e-02,    1.146532e+00,    2.992798e-01,   -8.368229e-02,    7.251664e-01,   -4.286500e-03,    1.300500e-01,    3.978200e-02,    5.371000e-02,    3.000000e-02,    3.000000e-02,    3.000000e-02,    3.000000e-02,
      1045,    2.511800e+01,    9.603666e-02,    8.268009e-02,   -2.053559e-01,    1.733653e-01,    2.234448e-01,   -1.297370e+00,   -4.741366e-01,   -5.985107e-01,    1.027400e-01,    4.375900e-02,   -2.195800e-01,    1.554100e-01,    3.000000e-02,    3.000000e-02,    3.000000e-02,    3.000000e-02,
      1045,    3.981000e+01,    5.832933e-02,    9.217640e-02,   -2.665909e-01,    1.403740e-01,    3.618889e-01,   -1.329180e+00,    1.513621e-01,   -1.757991e-01,    6.918600e-02,    5.230100e-02,   -2.620500e-01,    1.351000e-01,    3.000000e-02,    3.000000e-02,    3.000000e-02,    3.000000e-02,
      1045,    6.309500e+01,    2.295288e-02,    8.991270e-02,   -3.082026e-01,    9.796287e-02,   -2.815625e-01,   -7.686235e-01,   -1.579547e-03,    3.204246e-03,    1.450600e-02,    6.685400e-02,   -3.082500e-01,    9.805900e-02,    3.000000e-02,    3.000000e-02,    3.000000e-02,    3.000000e-02,
      1046,    2.511800e+01,   -9.638888e-02,   -3.092043e-02,    2.277412e-02,    1.183280e-01,    8.539293e-01,    3.182145e-01,   -5.899474e-01,   -4.659332e-01,   -7.077100e-02,   -2.137400e-02,    5.075700e-03,    1.043500e-01,    3.000000e-02,    3.000000e-02,    3.000000e-02,    3.000000e-02,
      1046,    3.981000e+01,   -7.818956e-02,   -5.228104e-02,   -1.694731e-02,    1.074788e-01,    5.909186e-01,    6.640014e-01,   -2.823231e-01,   -5.401605e-01,   -6.046200e-02,   -3.236100e-02,   -2.541700e-02,    9.127400e-02,    3.000000e-02,    3.000000e-02,    3.000000e-02,    3.000000e-02,
      1046,    6.309500e+01,   -4.837629e-02,   -6.320129e-02,   -5.053632e-02,    9.320923e-02,    3.074762e-01,    7.812097e-01,    1.131076e-02,   -2.798077e-01,   -3.915200e-02,   -3.976500e-02,   -5.019700e-02,    8.481500e-02,    3.000000e-02,    3.000000e-02,    3.000000e-02,    3.000000e-02,
