      Site      Frequency      AppRxxCal       PhsxxCal      AppRxyCal       PhsxyCal      AppRyxCal       PhsyxCal      AppRyyCal       PhsyyCal      AppRxxObs       PhsxxObs      AppRxyObs       PhsxyObs      AppRyxObs       PhsyxObs      AppRyyObs       PhsyyObs      AppRxxErr       PhsxxErr      AppRxyErr       PhsxyErr      AppRyxErr       PhsyxErr      AppRyyErr       PhsyyErr
         1  1.000000e+000  3.501757e+001  1.625997e+002  4.380470e+001 -3.421996e+001  3.154396e+002  1.541512e+002  3.071813e+001 -2.243645e+001  4.782872e+001  1.618304e+002  3.724214e+001 -3.372593e+001  3.118283e+002  1.581068e+002  3.781287e+001 -1.764418e+001  1.347860e+001  8.100209e+000  6.335179e+000  4.879124e+000  1.833156e+001  1.684376e+000  1.922327e+001  1.472556e+001
         1  1.584800e+000  2.656971e+001  1.667781e+002  4.159396e+001 -3.750086e+001  2.554118e+002  1.554263e+002  2.475475e+001 -2.379050e+001  3.505833e+001  1.673318e+002  4.111110e+001 -3.740040e+001  2.430157e+002  1.567475e+002  3.136849e+001 -2.346965e+001  1.094489e+001  8.980337e+000  6.410375e+000  4.471548e+000  1.558551e+001  1.837612e+000  1.570006e+001  1.449243e+001
         1  2.511800e+000  1.921941e+001  1.720970e+002  4.133248e+001 -3.901202e+001  2.045322e+002  1.567540e+002  2.029891e+001 -2.449597e+001  2.277128e+001  1.727461e+002  4.101532e+001 -4.062766e+001  1.969344e+002  1.565989e+002  2.580582e+001 -2.776574e+001  7.914143e+000  1.000736e+001  6.071323e+000  4.244506e+000  1.330366e+001  1.935640e+000  1.286755e+001  1.443698e+001
         1  3.981000e+000  1.271995e+001  1.784117e+002  4.094577e+001 -3.856130e+001  1.592095e+002  1.580354e+002  1.652025e+001 -2.481737e+001  1.463803e+001 -1.797269e+002  3.983231e+001 -3.982796e+001  1.624327e+002  1.573266e+002  2.264539e+001 -3.117037e+001  5.640183e+000  1.110778e+001  5.660299e+000  4.074389e+000  1.143032e+001  2.016356e+000  1.111793e+001  1.421013e+001
         1  6.309500e+000  7.874828e+000 -1.753258e+002  3.883050e+001 -3.719272e+001  1.197209e+002  1.586260e+002  1.476073e+001 -2.441909e+001  8.773367e+000 -1.724505e+002  3.708799e+001 -3.779607e+001  1.273869e+002  1.583913e+002  2.138731e+001 -3.034362e+001  3.773944e+000  1.242019e+001  5.048925e+000  3.902961e+000  9.357172e+000  2.104797e+000  1.002339e+001  1.355215e+001
         1  6.309500e+000  7.390251e+000 -1.755074e+002  3.880443e+001 -3.677969e+001  1.193607e+002  1.584952e+002  1.334374e+001 -2.524692e+001  8.773367e+000 -1.724505e+002  3.708799e+001 -3.779607e+001  1.273869e+002  1.583913e+002  2.138731e+001 -3.034362e+001  3.773944e+000  1.242019e+001  5.048925e+000  3.902961e+000  9.357172e+000  2.104797e+000  1.002339e+001  1.355215e+001
         1  1.000000e+001  3.983358e+000 -1.714667e+002  3.448566e+001 -3.530180e+001  8.818413e+001  1.572549e+002  1.172396e+001 -2.535376e+001  4.488045e+000 -1.659456e+002  3.111760e+001 -3.663825e+001  8.898573e+001  1.586686e+002  1.838387e+001 -3.041156e+001  2.184836e+000  1.408766e+001  4.046551e+000  3.728018e+000  6.842931e+000  2.203543e+000  8.180511e+000  1.285541e+001
         1  1.000000e+001  3.712117e+000 -1.723093e+002  3.433164e+001 -3.497132e+001  8.806354e+001  1.570206e+002  1.068594e+001 -2.597919e+001  4.488045e+000 -1.659456e+002  3.111760e+001 -3.663825e+001  8.898573e+001  1.586686e+002  1.838387e+001 -3.041156e+001  2.184836e+000  1.408766e+001  4.046551e+000  3.728018e+000  6.842931e+000  2.203543e+000  8.180511e+000  1.285541e+001
         1  1.584800e+001  1.856705e+000 -1.737262e+002  2.904706e+001 -3.525448e+001  6.746274e+001  1.535514e+002  9.406034e+000 -2.718334e+001  1.844114e+000 -1.628987e+002  2.694294e+001 -3.677102e+001  6.508052e+001  1.549627e+002  1.596929e+001 -2.989957e+001  1.081608e+000  1.705320e+001  3.358884e+000  3.573751e+000  5.220330e+000  2.298561e+000  6.806932e+000  1.230559e+001
         1  1.584800e+001  1.747587e+000 -1.760742e+002  2.877494e+001 -3.493668e+001  6.798200e+001  1.532492e+002  8.504522e+000 -2.781022e+001  1.844114e+000 -1.628987e+002  2.694294e+001 -3.677102e+001  6.508052e+001  1.549627e+002  1.596929e+001 -2.989957e+001  1.081608e+000  1.705320e+001  3.358884e+000  3.573751e+000  5.220330e+000  2.298561e+000  6.806932e+000  1.230559e+001
         1  2.511800e+001  9.950309e-001  1.758674e+002  2.496912e+001 -3.785605e+001  5.680932e+001  1.487002e+002  7.864021e+000 -2.994117e+001  5.717153e-001 -1.680379e+002  2.558949e+001 -3.881066e+001  5.706110e+001  1.474825e+002  1.371933e+001 -2.901556e+001  4.436283e-001  2.282887e+001  3.127031e+000  3.502948e+000  4.669511e+000  2.345012e+000  5.877839e+000  1.236962e+001
         1  2.511800e+001  1.021411e+000  1.723643e+002  2.452931e+001 -3.771750e+001  5.781318e+001  1.487020e+002  7.070550e+000 -3.128028e+001  5.717153e-001 -1.680379e+002  2.558949e+001 -3.881066e+001  5.706110e+001  1.474825e+002  1.371933e+001 -2.901556e+001  4.436283e-001  2.282887e+001  3.127031e+000  3.502948e+000  4.669511e+000  2.345012e+000  5.877839e+000  1.236962e+001
         1  3.981000e+001  8.649816e-001  1.630973e+002  2.299084e+001 -4.203727e+001  5.283845e+001  1.452427e+002  6.448750e+000 -3.483004e+001  2.858244e-001  1.711864e+002  2.180428e+001 -4.114862e+001  4.922674e+001  1.453827e+002  1.050512e+001 -2.909373e+001  2.534162e-001  2.631511e+001  2.672762e+000  3.513853e+000  4.015966e+000  2.337772e+000  4.636896e+000  1.274997e+001
         1  3.981000e+001  7.729241e-001  1.645782e+002  2.339713e+001 -4.175547e+001  5.218746e+001  1.447613e+002  7.031237e+000 -3.249908e+001  2.858244e-001  1.711864e+002  2.180428e+001 -4.114862e+001  4.922674e+001  1.453827e+002  1.050512e+001 -2.909373e+001  2.534162e-001  2.631511e+001  2.672762e+000  3.513853e+000  4.015966e+000  2.337772e+000  4.636896e+000  1.274997e+001
         1  6.309500e+001  7.138084e-001  1.608156e+002  2.367162e+001 -4.492068e+001  4.953913e+001  1.422057e+002  6.512322e+000 -3.341482e+001  3.091409e-001  1.519180e+002  2.191958e+001 -4.383293e+001  4.807791e+001  1.440156e+002  9.337686e+000 -2.745809e+001  2.691252e-001  2.580306e+001  2.667525e+000  3.488488e+000  3.950619e+000  2.354694e+000  4.219763e+000  1.305895e+001
         1  6.309500e+001  7.907855e-001  1.620783e+002  2.360398e+001 -4.544619e+001  4.927558e+001  1.428813e+002  6.201203e+000 -3.637734e+001  3.091409e-001  1.519180e+002  2.191958e+001 -4.383293e+001  4.807791e+001  1.440156e+002  9.337686e+000 -2.745809e+001  2.691252e-001  2.580306e+001  2.667525e+000  3.488488e+000  3.950619e+000  2.354694e+000  4.219763e+000  1.305895e+001
         1  1.000000e+002  6.169040e-001  1.626380e+002  2.468481e+001 -4.689005e+001  4.757747e+001  1.403790e+002  5.879471e+000 -3.298180e+001  4.390658e-001  1.426187e+002  2.480560e+001 -4.617658e+001  5.070905e+001  1.433615e+002  9.034015e+000 -2.480177e+001  3.611306e-001  2.428331e+001  2.966094e+000  3.427575e+000  4.240849e+000  2.396551e+000  4.171672e+000  1.334929e+001
         1  1.000000e+002  6.404567e-001  1.654010e+002  2.498790e+001 -4.717721e+001  4.646043e+001  1.408089e+002  5.816375e+000 -3.625164e+001  4.390658e-001  1.426187e+002  2.480560e+001 -4.617658e+001  5.070905e+001  1.433615e+002  9.034015e+000 -2.480177e+001  3.611306e-001  2.428331e+001  2.966094e+000  3.427575e+000  4.240849e+000  2.396551e+000  4.171672e+000  1.334929e+001
         1  1.584800e+002  4.771737e-001  1.664467e+002  2.597530e+001 -4.802274e+001  4.624799e+001  1.390935e+002  5.086083e+000 -3.265145e+001  5.137977e-001  1.391404e+002  2.768190e+001 -4.757390e+001  5.035076e+001  1.425124e+002  7.376330e+000 -2.191470e+001  4.175897e-001  2.397736e+001  3.214778e+000  3.328834e+000  4.335669e+000  2.467612e+000  3.576944e+000  1.403183e+001
         1  1.584800e+002  4.554282e-001  1.691726e+002  2.633196e+001 -4.785915e+001  4.475356e+001  1.389495e+002  5.226940e+000 -3.623165e+001  5.137977e-001  1.391404e+002  2.768190e+001 -4.757390e+001  5.035076e+001  1.425124e+002  7.376330e+000 -2.191470e+001  4.175897e-001  2.397736e+001  3.214778e+000  3.328834e+000  4.335669e+000  2.467612e+000  3.576944e+000  1.403183e+001
         1  2.511800e+002  3.351433e-001  1.704456e+002  2.732841e+001 -4.857123e+001  4.504885e+001  1.383266e+002  4.316063e+000 -3.346421e+001  4.567429e-001  1.389203e+002  2.874125e+001 -4.815281e+001  4.583035e+001  1.411734e+002  5.093080e+000 -1.747744e+001  3.859178e-001  2.499046e+001  3.229637e+000  3.220842e+000  4.078284e+000  2.550118e+000  2.646304e+000  1.505784e+001
         1  2.511800e+002  2.973557e-001  1.713778e+002  2.744771e+001 -4.812796e+001  4.378063e+001  1.374899e+002  4.658760e+000 -3.729789e+001  4.567429e-001  1.389203e+002  2.874125e+001 -4.815281e+001  4.583035e+001  1.411734e+002  5.093080e+000 -1.747744e+001  3.859178e-001  2.499046e+001  3.229637e+000  3.220842e+000  4.078284e+000  2.550118e+000  2.646304e+000  1.505784e+001
         1  3.981000e+002  1.868301e-001  1.712388e+002  2.837500e+001 -4.833652e+001  4.303378e+001  1.362575e+002  4.252746e+000 -3.925502e+001  3.757989e-001  1.437393e+002  2.993557e+001 -4.839236e+001  4.310467e+001  1.398277e+002  3.695054e+000 -1.451721e+001  3.368169e-001  2.662406e+001  3.279200e+000  3.139716e+000  3.934924e+000  2.616107e+000  2.048601e+000  1.609367e+001
         1  3.981000e+002  2.149150e-001  1.735214e+002  2.856564e+001 -4.882401e+001  4.349819e+001  1.376976e+002  3.721493e+000 -3.570862e+001  3.757989e-001  1.437393e+002  2.993557e+001 -4.839236e+001  4.310467e+001  1.398277e+002  3.695054e+000 -1.451721e+001  3.368169e-001  2.662406e+001  3.279200e+000  3.139716e+000  3.934924e+000  2.616107e+000  2.048601e+000  1.609367e+001
         1  6.309500e+002  1.177246e-001  1.682447e+002  2.921537e+001 -4.869521e+001  4.249700e+001  1.348939e+002  4.018554e+000 -4.159220e+001  3.186639e-001  1.475783e+002  3.209615e+001 -4.803185e+001  4.189236e+001  1.391363e+002  2.228431e+000 -1.350631e+001  3.028472e-001  2.837125e+001  3.430589e+000  3.063482e+000  3.919310e+000  2.681180e+000  1.392041e+000  1.820010e+001
         1  6.309500e+002  1.281230e-001  1.739401e+002  2.967244e+001 -4.907894e+001  4.182754e+001  1.366502e+002  3.370125e+000 -3.898302e+001  3.186639e-001  1.475783e+002  3.209615e+001 -4.803185e+001  4.189236e+001  1.391363e+002  2.228431e+000 -1.350631e+001  3.028472e-001  2.837125e+001  3.430589e+000  3.063482e+000  3.919310e+000  2.681180e+000  1.392041e+000  1.820010e+001
         1  1.000000e+003  7.831218e-002  1.622940e+002  3.011075e+001 -4.931542e+001  4.253073e+001  1.332399e+002  3.909144e+000 -4.394551e+001  2.846708e-001  1.440264e+002  3.362717e+001 -4.669936e+001  4.293646e+001  1.402490e+002  1.436875e+000 -1.739895e+001  2.815508e-001  2.963811e+001  3.574578e+000  3.046714e+000  4.039175e+000  2.695997e+000  1.007871e+000  2.053113e+001
         1  1.000000e+003  7.578862e-002  1.703728e+002  3.075682e+001 -4.950828e+001  4.074979e+001  1.349918e+002  3.234631e+000 -4.229688e+001  2.846708e-001  1.440264e+002  3.362717e+001 -4.669936e+001  4.293646e+001  1.402490e+002  1.436875e+000 -1.739895e+001  2.815508e-001  2.963811e+001  3.574578e+000  3.046714e+000  4.039175e+000  2.695997e+000  1.007871e+000  2.053113e+001
         2  1.000000e+000  1.982394e+001  1.664054e+002  4.459736e+001 -3.797466e+001  5.655776e+001  1.474245e+002  4.671277e-001  2.012072e+001  2.073295e+001  1.653394e+002  4.679143e+001 -3.927200e+001  5.254965e+001  1.519930e+002  1.495106e+000  2.500843e+001  7.623570e+000  1.059418e+001  2.377804e+001  1.471940e+001  5.132766e+000  2.799285e+000  1.092058e+000  2.142056e+001
         2  1.584800e+000  1.473770e+001  1.718136e+002  4.438779e+001 -4.191975e+001  4.896702e+001  1.471305e+002  3.311641e-001  3.547661e+001  1.222682e+001  1.655717e+002  3.535390e+001 -4.516373e+001  4.285559e+001  1.488869e+002  1.193491e+000  3.371803e+001  4.783329e+000  1.128025e+001  1.714665e+001  1.403415e+001  4.084360e+000  2.731327e+000  8.764758e-001  2.154241e+001
         2  2.511800e+000  1.044226e+001  1.790186e+002  4.632520e+001 -4.392184e+001  4.273842e+001  1.466343e+002  2.490541e-001  5.454903e+001  1.106562e+001  1.765339e+002  4.194012e+001 -4.841843e+001  3.811522e+001  1.455499e+002  7.784518e-001  5.298807e+001  4.631932e+000  1.208097e+001  1.235090e+001  8.467276e+000  3.903862e+000  2.935477e+000  6.177780e-001  2.337823e+001
         2  3.981000e+000  6.772464e+000 -1.716252e+002  4.809991e+001 -4.405946e+001  3.712045e+001  1.458505e+002  2.011522e-001  7.439902e+001  8.755854e+000 -1.784896e+002  4.913284e+001 -4.617019e+001  3.535040e+001  1.437004e+002  4.373600e-001  7.466852e+001  4.042950e+000  1.334837e+001  7.501468e+000  4.378141e+000  3.838334e+000  3.112108e+000  3.934146e-001  2.672833e+001
         2  6.309500e+000  3.832880e+000 -1.603432e+002  4.817416e+001 -4.326853e+001  3.209044e+001  1.440753e+002  1.784781e-001  9.011602e+001  5.979521e+000 -1.661003e+002  4.761389e+001 -4.469221e+001  3.300095e+001  1.423150e+002  3.430346e-001  9.255593e+001  3.013424e+000  1.459463e+001  5.674164e+000  3.416002e+000  3.616807e+000  3.141298e+000  3.222967e-001  2.801955e+001
         2  6.309500e+000  4.280250e+000 -1.620232e+002  4.811468e+001 -4.390362e+001  3.201410e+001  1.433366e+002  2.189018e-001  9.411470e+001  5.979521e+000 -1.661003e+002  4.761389e+001 -4.469221e+001  3.300095e+001  1.423150e+002  3.430346e-001  9.255593e+001  3.013424e+000  1.459463e+001  5.674164e+000  3.416002e+000  3.616807e+000  3.141298e+000  3.222967e-001  2.801955e+001
         2  1.000000e+001  1.989633e+000 -1.505240e+002  4.639981e+001 -4.304709e+001  2.891288e+001  1.401123e+002  2.127635e-001  1.067650e+002  3.275050e+000 -1.581936e+002  4.556818e+001 -4.402463e+001  2.997820e+001  1.409674e+002  3.620051e-001  9.593805e+001  1.897578e+000  1.684012e+001  4.256691e+000  2.677078e+000  3.328607e+000  3.182533e+000  3.276154e-001  2.690426e+001
         2  1.000000e+001  1.790449e+000 -1.480496e+002  4.636949e+001 -4.264236e+001  2.857069e+001  1.407063e+002  1.824787e-001  1.000934e+002  3.275050e+000 -1.581936e+002  4.556818e+001 -4.402463e+001  2.997820e+001  1.409674e+002  3.620051e-001  9.593805e+001  1.897578e+000  1.684012e+001  4.256691e+000  2.677078e+000  3.328607e+000  3.182533e+000  3.276154e-001  2.690426e+001
         2  1.584800e+001  6.467263e-001 -1.369595e+002  4.383500e+001 -4.311690e+001  2.749085e+001  1.364231e+002  2.114729e-001  1.070375e+002  1.523459e+000 -1.556829e+002  4.463807e+001 -4.414129e+001  2.946142e+001  1.388871e+002  3.583161e-001  1.025975e+002  1.063325e+000  2.042518e+001  4.023329e+000  2.582973e+000  3.268584e+000  3.179960e+000  3.236940e-001  2.685202e+001
         2  1.584800e+001  7.340200e-001 -1.415530e+002  4.391043e+001 -4.353505e+001  2.793484e+001  1.360947e+002  2.158915e-001  1.137743e+002  1.523459e+000 -1.556829e+002  4.463807e+001 -4.414129e+001  2.946142e+001  1.388871e+002  3.583161e-001  1.025975e+002  1.063325e+000  2.042518e+001  4.023329e+000  2.582973e+000  3.268584e+000  3.179960e+000  3.236940e-001  2.685202e+001
         2  2.511800e+001  2.219167e-001 -1.404188e+002  4.305225e+001 -4.518986e+001  2.915508e+001  1.326515e+002  2.443081e-001  1.175372e+002  5.274380e-001 -1.527623e+002  4.624502e+001 -4.467087e+001  3.178981e+001  1.363104e+002  4.014372e-001  1.130818e+002  4.841921e-001  2.732284e+001  4.210867e+000  2.609452e+000  3.491267e+000  3.147793e+000  3.592586e-001  2.658119e+001
         2  2.511800e+001  1.701296e-001 -1.325456e+002  4.258298e+001 -4.478687e+001  2.866274e+001  1.328990e+002  2.586853e-001  1.132547e+002  5.274380e-001 -1.527623e+002  4.624502e+001 -4.467087e+001  3.178981e+001  1.363104e+002  4.014372e-001  1.130818e+002  4.841921e-001  2.732284e+001  4.210867e+000  2.609452e+000  3.491267e+000  3.147793e+000  3.592586e-001  2.658119e+001
         2  3.981000e+001  7.759289e-002 -1.507650e+002  4.443337e+001 -4.650564e+001  3.172007e+001  1.308412e+002  2.999977e-001  1.228569e+002  9.835172e-002 -1.512376e+002  4.855370e+001 -4.542207e+001  3.571801e+001  1.337878e+002  4.975045e-001  1.255445e+002  1.390805e-001  4.499594e+001  4.496599e+000  2.654054e+000  3.856707e+000  3.094805e+000  4.344563e-001  2.588941e+001
         2  3.981000e+001  4.092070e-002 -1.463437e+002  4.360554e+001 -4.642023e+001  3.104347e+001  1.309523e+002  3.169425e-001  1.203482e+002  9.835172e-002 -1.512376e+002  4.855370e+001 -4.542207e+001  3.571801e+001  1.337878e+002  4.975045e-001  1.255445e+002  1.390805e-001  4.499594e+001  4.496599e+000  2.654054e+000  3.856707e+000  3.094805e+000  4.344563e-001  2.588941e+001
         2  6.309500e+001  3.542667e-002 -1.562532e+002  4.628015e+001 -4.659819e+001  3.431100e+001  1.304755e+002  3.462792e-001  1.315183e+002  1.062058e-002 -1.657167e+002  4.859359e+001 -4.572391e+001  3.746148e+001  1.323944e+002  5.649450e-001  1.371837e+002  2.620465e-002  1.800000e+002  4.553286e+000  2.685329e+000  3.997863e+000  3.058735e+000  4.836304e-001  2.534280e+001
         2  6.309500e+001  1.772293e-002 -1.678202e+002  4.562780e+001 -4.690501e+001  3.364683e+001  1.303400e+002  3.608868e-001  1.292531e+002  1.062058e-002 -1.657167e+002  4.859359e+001 -4.572391e+001  3.746148e+001  1.323944e+002  5.649450e-001  1.371837e+002  2.620465e-002  1.800000e+002  4.553286e+000  2.685329e+000  3.997863e+000  3.058735e+000  4.836304e-001  2.534280e+001
         2  1.000000e+002  5.272550e-003 -1.549860e+002  4.690235e+001 -4.624431e+001  3.625728e+001  1.305761e+002  3.441504e-001  1.419007e+002  1.025156e-002  1.752551e+002  4.577658e+001 -4.575441e+001  3.560514e+001  1.322709e+002  5.073298e-001  1.504678e+002  2.514021e-002  1.800000e+002  4.298949e+000  2.691357e+000  3.791377e+000  3.051985e+000  4.405245e-001  2.573185e+001
         2  1.000000e+002  4.619039e-003  1.676305e+002  4.681004e+001 -4.667538e+001  3.582860e+001  1.303956e+002  3.568945e-001  1.390737e+002  1.025156e-002  1.752551e+002  4.577658e+001 -4.575441e+001  3.560514e+001  1.322709e+002  5.073298e-001  1.504678e+002  2.514021e-002  1.800000e+002  4.298949e+000  2.691357e+000  3.791377e+000  3.051985e+000  4.405245e-001  2.573185e+001
         2  1.584800e+002  7.895530e-003  7.300535e+001  4.672980e+001 -4.642507e+001  3.789880e+001  1.305462e+002  2.853167e-001  1.524023e+002  7.498295e-003  1.573806e+002  4.539547e+001 -4.723762e+001  3.679603e+001  1.312570e+002  4.757086e-001  1.662924e+002  1.984244e-002  1.800000e+002  4.307265e+000  2.719222e+000  3.877893e+000  3.020568e+000  4.232220e-001  2.641267e+001
         2  1.584800e+002  1.058113e-002  9.106549e+001  4.710605e+001 -4.671785e+001  3.757295e+001  1.304947e+002  2.971080e-001  1.481281e+002  7.498295e-003  1.573806e+002  4.539547e+001 -4.723762e+001  3.679603e+001  1.312570e+002  4.757086e-001  1.662924e+002  1.984244e-002  1.800000e+002  4.307265e+000  2.719222e+000  3.877893e+000  3.020568e+000  4.232220e-001  2.641267e+001
         2  2.511800e+002  5.521939e-002  8.533923e+001  4.706023e+001 -4.725683e+001  3.961270e+001  1.304098e+002  1.882856e-001  1.607865e+002  1.025946e-002  1.299079e+002  4.460084e+001 -4.794234e+001  3.709650e+001  1.291886e+002  3.804724e-001 -1.768167e+002  2.499202e-002  1.800000e+002  4.259249e+000  2.736830e+000  3.884436e+000  3.001140e+000  3.586797e-001  2.812268e+001
         2  2.511800e+002  4.868132e-002  9.268091e+001  4.760216e+001 -4.728251e+001  3.920948e+001  1.304411e+002  2.033733e-001  1.538404e+002  1.025946e-002  1.299079e+002  4.460084e+001 -4.794234e+001  3.709650e+001  1.291886e+002  3.804724e-001 -1.768167e+002  2.499202e-002  1.800000e+002  4.259249e+000  2.736830e+000  3.884436e+000  3.001140e+000  3.586797e-001  2.812268e+001
         2  3.981000e+002  1.102148e-001  1.023737e+002  4.846453e+001 -4.815561e+001  4.134384e+001  1.302185e+002  9.714305e-002  1.611763e+002  3.872137e-002  1.067540e+002  4.480978e+001 -4.904616e+001  3.880096e+001  1.272197e+002  2.728572e-001 -1.557892e+002  6.775209e-002  6.102924e+001  4.322431e+000  2.764498e+000  4.022192e+000  2.971034e+000  2.826782e-001  3.119797e+001
         2  3.981000e+002  9.231954e-002  1.064458e+002  4.883640e+001 -4.796183e+001  4.087277e+001  1.302486e+002  1.207934e-001  1.506769e+002  3.872137e-002  1.067540e+002  4.480978e+001 -4.904616e+001  3.880096e+001  1.272197e+002  2.728572e-001 -1.557892e+002  6.775209e-002  6.102924e+001  4.322431e+000  2.764498e+000  4.022192e+000  2.971034e+000  2.826782e-001  3.119797e+001
         2  6.309500e+002  1.372388e-001  1.156054e+002  5.030330e+001 -4.878555e+001  4.313308e+001  1.298050e+002  5.434722e-002  1.447067e+002  6.268557e-002  1.200393e+002  4.810188e+001 -5.093476e+001  4.362794e+001  1.260597e+002  2.268221e-001 -1.349819e+002  9.897529e-002  5.213492e+001  4.694206e+000  2.796824e+000  4.470576e+000  2.936849e+000  2.534135e-001  3.396022e+001
         2  6.309500e+002  1.135770e-001  1.184423e+002  5.038337e+001 -4.852462e+001  4.264454e+001  1.298517e+002  8.990278e-002  1.353767e+002  6.268557e-002  1.200393e+002  4.810188e+001 -5.093476e+001  4.362794e+001  1.260597e+002  2.268221e-001 -1.349819e+002  9.897529e-002  5.213492e+001  4.694206e+000  2.796824e+000  4.470576e+000  2.936849e+000  2.534135e-001  3.396022e+001
         2  1.000000e+003  1.421105e-001  1.230678e+002  5.212449e+001 -4.944288e+001  4.526896e+001  1.291629e+002  5.909264e-002  1.225857e+002  3.864531e-001  1.266896e+002  5.316139e+001 -5.198354e+001  5.050356e+001  1.258475e+002  2.332871e-001 -1.169979e+002  3.970544e-001  3.091168e+001  5.248381e+000  2.829425e+000  5.115501e+000  2.902984e+000  2.684553e-001  3.512592e+001
         2  1.000000e+003  1.163597e-001  1.256373e+002  5.197584e+001 -4.919843e+001  4.469965e+001  1.292435e+002  1.071127e-001  1.202402e+002  3.864531e-001  1.266896e+002  5.316139e+001 -5.198354e+001  5.050356e+001  1.258475e+002  2.332871e-001 -1.169979e+002  3.970544e-001  3.091168e+001  5.248381e+000  2.829425e+000  5.115501e+000  2.902984e+000  2.684553e-001  3.512592e+001
         3  3.981000e+001  7.281152e-001 -5.639365e+001  4.714154e+001 -4.404241e+001  2.944184e+001  1.293017e+002  2.531870e+000  1.376960e+002  1.078225e+000 -1.344542e+002  4.977495e+001 -5.816815e+001  2.799311e+001  1.289151e+002  5.657575e+000  1.280300e+002  8.431748e-001  2.301682e+001  8.760188e+000  5.048442e+000  3.232535e+000  3.309988e+000  2.531364e+000  1.292730e+001
         3  3.981000e+001  6.811262e-001 -6.107532e+001  4.656257e+001 -4.466805e+001  2.964887e+001  1.292424e+002  2.559245e+000  1.383228e+002  1.078225e+000 -1.344542e+002  4.977495e+001 -5.816815e+001  2.799311e+001  1.289151e+002  5.657575e+000  1.280300e+002  8.431748e-001  2.301682e+001  8.760188e+000  5.048442e+000  3.232535e+000  3.309988e+000  2.531364e+000  1.292730e+001
         3  6.309500e+001  6.843754e-001 -5.140388e+001  4.721432e+001 -4.383751e+001  3.159874e+001  1.295916e+002  2.471940e+000  1.397326e+002  8.582252e-001 -1.088867e+002  5.535629e+001 -5.110095e+001  3.220243e+001  1.292921e+002  5.780331e+000  1.398778e+002  7.296545e-001  2.515668e+001  6.134175e+000  3.176174e+000  3.687311e+000  3.282097e+000  2.664055e+000  1.332306e+001
         3  6.309500e+001  6.931637e-001 -5.493969e+001  4.682277e+001 -4.430686e+001  3.174614e+001  1.296925e+002  2.487203e+000  1.403158e+002  8.582252e-001 -1.088867e+002  5.535629e+001 -5.110095e+001  3.220243e+001  1.292921e+002  5.780331e+000  1.398778e+002  7.296545e-001  2.515668e+001  6.134175e+000  3.176174e+000  3.687311e+000  3.282097e+000  2.664055e+000  1.332306e+001
         3  1.000000e+002  6.952051e-001 -4.558967e+001  4.613270e+001 -4.355025e+001  3.340253e+001  1.299605e+002  2.287542e+000  1.419039e+002  5.200852e-001 -9.280759e+001  5.096402e+001 -4.839706e+001  3.107027e+001  1.282985e+002  5.025771e+000  1.484776e+002  4.909111e-001  2.816112e+001  4.503424e+000  2.532288e+000  3.516281e+000  3.243868e+000  2.377512e+000  1.368195e+001
         3  1.000000e+002  7.204465e-001 -4.704510e+001  4.587101e+001 -4.399407e+001  3.335811e+001  1.300664e+002  2.288885e+000  1.424968e+002  5.200852e-001 -9.280759e+001  5.096402e+001 -4.839706e+001  3.107027e+001  1.282985e+002  5.025771e+000  1.484776e+002  4.909111e-001  2.816112e+001  4.503424e+000  2.532288e+000  3.516281e+000  3.243868e+000  2.377512e+000  1.368195e+001
         3  1.584800e+002  6.477301e-001 -3.840517e+001  4.460775e+001 -4.390767e+001  3.506955e+001  1.302231e+002  2.021640e+000  1.430740e+002  8.432101e-001 -7.896543e+001  4.816188e+001 -4.569151e+001  3.445171e+001  1.285452e+002  4.219236e+000  1.578997e+002  6.954382e-001  2.435414e+001  4.429111e+000  2.635476e+000  3.746022e+000  3.116494e+000  2.139679e+000  1.468842e+001
         3  1.584800e+002  6.586822e-001 -3.846960e+001  4.460211e+001 -4.433924e+001  3.492796e+001  1.301980e+002  2.005969e+000  1.437100e+002  8.432101e-001 -7.896543e+001  4.816188e+001 -4.569151e+001  3.445171e+001  1.285452e+002  4.219236e+000  1.578997e+002  6.954382e-001  2.435414e+001  4.429111e+000  2.635476e+000  3.746022e+000  3.116494e+000  2.139679e+000  1.468842e+001
         3  2.511800e+002  5.245300e-001 -3.290242e+001  4.363909e+001 -4.491606e+001  3.670125e+001  1.304438e+002  1.758907e+000  1.425175e+002  8.963643e-001 -6.653465e+001  4.366890e+001 -4.565256e+001  3.621577e+001  1.281309e+002  2.915943e+000  1.660056e+002  7.104530e-001  2.334689e+001  4.167328e+000  2.734910e+000  3.795076e+000  3.003407e+000  1.642215e+000  1.635527e+001
         3  2.511800e+002  5.154533e-001 -3.255816e+001  4.388930e+001 -4.525914e+001  3.659815e+001  1.302840e+002  1.722773e+000  1.430363e+002  8.963643e-001 -6.653465e+001  4.366890e+001 -4.565256e+001  3.621577e+001  1.281309e+002  2.915943e+000  1.660056e+002  7.104530e-001  2.334689e+001  4.167328e+000  2.734910e+000  3.795076e+000  3.003407e+000  1.642215e+000  1.635527e+001
         3  3.981000e+002  3.945299e-001 -3.182717e+001  4.366831e+001 -4.620869e+001  3.819345e+001  1.305965e+002  1.577854e+000  1.401750e+002  8.497111e-001 -5.244560e+001  4.117418e+001 -4.627718e+001  3.783497e+001  1.285366e+002  1.826105e+000  1.725216e+002  6.725610e-001  2.331330e+001  4.031211e+000  2.805930e+000  3.864290e+000  2.927237e+000  1.168805e+000  1.866454e+001
         3  3.981000e+002  3.781675e-001 -3.214645e+001  4.407376e+001 -4.640751e+001  3.820385e+001  1.303425e+002  1.534173e+000  1.402729e+002  8.497111e-001 -5.244560e+001  4.117418e+001 -4.627718e+001  3.783497e+001  1.285366e+002  1.826105e+000  1.725216e+002  6.725610e-001  2.331330e+001  4.031211e+000  2.805930e+000  3.864290e+000  2.927237e+000  1.168805e+000  1.866454e+001
         3  6.309500e+002  3.135321e-001 -3.533355e+001  4.456270e+001 -4.742540e+001  3.955922e+001  1.305245e+002  1.511193e+000  1.371367e+002  7.942578e-001 -4.685525e+001  4.056677e+001 -4.799611e+001  4.046217e+001  1.295513e+002  1.121635e+000  1.761442e+002  6.369896e-001  2.364051e+001  4.054064e+000  2.864137e+000  4.048834e+000  2.867839e+000  8.246401e-001  2.156806e+001
         3  6.309500e+002  3.050258e-001 -3.668703e+001  4.499460e+001 -4.748290e+001  3.972380e+001  1.302033e+002  1.480824e+000  1.368487e+002  7.942578e-001 -4.685525e+001  4.056677e+001 -4.799611e+001  4.046217e+001  1.295513e+002  1.121635e+000  1.761442e+002  6.369896e-001  2.364051e+001  4.054064e+000  2.864137e+000  4.048834e+000  2.867839e+000  8.246401e-001  2.156806e+001
         3  1.000000e+003  2.837665e-001 -4.060006e+001  4.596850e+001 -4.850373e+001  4.099915e+001  1.301318e+002  1.524322e+000  1.346837e+002  4.855246e-001 -3.529951e+001  4.144870e+001 -5.014634e+001  4.431104e+001  1.305605e+002  6.272087e-001  1.787719e+002  4.427429e-001  2.712562e+001  4.214632e+000  2.914262e+000  4.357728e+000  2.818487e+000  5.455131e-001  2.577725e+001
         3  1.000000e+003  2.865386e-001 -4.213098e+001  4.632637e+001 -4.846817e+001  4.135940e+001  1.297714e+002  1.511208e+000  1.343996e+002  4.855246e-001 -3.529951e+001  4.144870e+001 -5.014634e+001  4.431104e+001  1.305605e+002  6.272087e-001  1.787719e+002  4.427429e-001  2.712562e+001  4.214632e+000  2.914262e+000  4.357728e+000  2.818487e+000  5.455131e-001  2.577725e+001
         4  3.981000e-002  7.060702e-001  1.328115e+002  6.332445e+002 -1.775209e+001  8.302690e+001  1.320141e+002  7.000765e-001  1.374810e+002  2.500562e+001  1.789627e+002  6.255499e+002 -1.805390e+001  1.068655e+002  1.326268e+002  1.658525e+000  1.701634e+002  1.677709e+001  1.960090e+001  4.737043e+001  2.169910e+000  3.992325e+001  1.076563e+001  1.409698e+000  2.514975e+001
         4  6.309000e-002  7.495229e-001  1.387804e+002  4.556129e+002 -1.760654e+001  9.291294e+001  1.317546e+002  7.282271e-001  1.416953e+002  1.096941e+001  1.522116e+002  4.728162e+002 -1.168261e+001  9.978922e+001  1.377334e+002  4.579514e+000 -1.510232e+002  8.431910e+000  2.260261e+001  4.218120e+001  2.556603e+000  3.791747e+001  1.095207e+001  2.968244e+000  1.890975e+001
         4  3.981000e-001  3.342590e-001  1.404017e+002  1.448773e+002 -2.338903e+001  8.872077e+001  1.381480e+002  3.660478e-001  1.259886e+002  2.492814e+000  1.788011e+002  1.292251e+002 -2.117002e+001  1.131146e+002  1.398746e+002  8.999063e-001  8.546778e+001  2.006745e+000  2.373494e+001  2.032168e+001  4.509764e+000  1.705954e+001  4.324679e+000  9.039626e-001  3.014922e+001
         4  6.309500e-001  3.622167e-001  1.437366e+002  1.156391e+002 -2.647180e+001  8.312159e+001  1.378161e+002  5.049897e-001  1.219147e+002  2.520192e+000  1.791285e+002  1.044604e+002 -2.372076e+001  1.030953e+002  1.384148e+002  5.665355e-001  7.101480e+001  1.918393e+000  2.237114e+001  1.273824e+001  3.495585e+000  1.733941e+001  4.823935e+000  6.242325e-001  3.343022e+001
         4  1.000000e+000  3.026414e-001  1.507376e+002  9.700068e+001 -3.005216e+001  7.943019e+001  1.364523e+002  6.901923e-001  1.232824e+002  8.989950e-001 -1.792293e+002  9.536960e+001 -2.838433e+001  9.299317e+001  1.365417e+002  6.250304e-001  9.554506e+001  8.655756e-001  2.877772e+001  9.476837e+000  2.847901e+000  9.358019e+000  2.884091e+000  6.548835e-001  3.159297e+001
         4  2.511800e+000  8.399795e-002  1.295395e+002  7.952764e+001 -3.579276e+001  8.136274e+001  1.336566e+002  1.111077e+000  1.384742e+002  2.111211e-001  1.212360e+002  8.643502e+001 -3.713532e+001  8.565850e+001  1.339315e+002  1.399555e+000  1.350608e+002  2.849100e-001  4.243513e+001  8.624078e+000  2.859538e+000  8.585252e+000  2.872481e+000  1.174379e+000  2.480647e+001
         4  3.981000e+000  1.807624e-001  9.843065e+001  7.390505e+001 -3.751024e+001  8.378772e+001  1.333199e+002  1.255690e+000  1.523829e+002  3.946695e-001  1.107402e+002  7.894506e+001 -3.819043e+001  8.628108e+001  1.341839e+002  1.746078e+000  1.514319e+002  4.452786e-001  3.434091e+001  8.071965e+000  2.930464e+000  8.438682e+000  2.803012e+000  1.388826e+000  2.343440e+001
         4  6.309500e+000  4.453818e-001  9.993899e+001  6.874904e+001 -3.921109e+001  8.502054e+001  1.331492e+002  1.287468e+000  1.705790e+002  6.186124e-001  1.114890e+002  7.405620e+001 -3.932511e+001  8.725615e+001  1.360502e+002  1.676155e+000  1.724958e+002  6.138666e-001  2.974654e+001  7.715580e+000  2.986045e+000  8.375020e+000  2.750739e+000  1.350688e+000  2.376038e+001
         4  6.309500e+000  5.163746e-001  1.116666e+002  6.950287e+001 -3.899671e+001  8.621002e+001  1.337908e+002  1.456362e+000  1.733383e+002  6.186124e-001  1.114890e+002  7.405620e+001 -3.932511e+001  8.725615e+001  1.360502e+002  1.676155e+000  1.724958e+002  6.138666e-001  2.974654e+001  7.715580e+000  2.986045e+000  8.375020e+000  2.750739e+000  1.350688e+000  2.376038e+001
         4  1.000000e+001  6.941386e-001  1.089220e+002  6.479279e+001 -4.126560e+001  8.565862e+001  1.325872e+002  1.228387e+000 -1.678950e+002  8.443109e-001  1.245400e+002  6.635602e+001 -4.069617e+001  8.576276e+001  1.360320e+002  1.629649e+000 -1.664795e+002  7.541790e-001  2.652729e+001  7.075202e+000  3.056026e+000  8.043555e+000  2.687826e+000  1.316780e+000  2.382892e+001
         4  1.000000e+001  7.039471e-001  1.183709e+002  6.507562e+001 -4.105416e+001  8.614437e+001  1.333658e+002  1.378440e+000 -1.654021e+002  8.443109e-001  1.245400e+002  6.635602e+001 -4.069617e+001  8.576276e+001  1.360320e+002  1.629649e+000 -1.664795e+002  7.541790e-001  2.652729e+001  7.075202e+000  3.056026e+000  8.043555e+000  2.687826e+000  1.316780e+000  2.382892e+001
         4  1.584800e+001  8.609864e-001  1.157617e+002  6.253158e+001 -4.366360e+001  8.707363e+001  1.314665e+002  1.189972e+000 -1.452643e+002  8.275019e-001  1.420723e+002  6.164659e+001 -4.381441e+001  8.103200e+001  1.346930e+002  1.615005e+000 -1.452054e+002  7.293350e-001  2.614758e+001  6.600765e+000  3.068920e+000  7.567772e+000  2.676468e+000  1.289461e+000  2.352898e+001
         4  1.584800e+001  8.156580e-001  1.227291e+002  6.258460e+001 -4.356704e+001  8.649812e+001  1.323132e+002  1.349142e+000 -1.432119e+002  8.275019e-001  1.420723e+002  6.164659e+001 -4.381441e+001  8.103200e+001  1.346930e+002  1.615005e+000 -1.452054e+002  7.293350e-001  2.614758e+001  6.600765e+000  3.068920e+000  7.567772e+000  2.676468e+000  1.289461e+000  2.352898e+001
         4  2.511800e+001  9.397186e-001  1.272419e+002  6.226877e+001 -4.630947e+001  8.889233e+001  1.307502e+002  1.500706e+000 -1.225353e+002  6.112849e-001  1.495337e+002  6.149855e+001 -4.636591e+001  7.968363e+001  1.319511e+002  1.768385e+000 -1.218361e+002  5.807857e-001  2.836282e+001  6.561355e+000  3.057930e+000  7.468711e+000  2.686138e+000  1.374495e+000  2.286927e+001
         4  2.511800e+001  1.025269e+000  1.211454e+002  6.217625e+001 -4.630494e+001  9.073890e+001  1.299803e+002  1.295095e+000 -1.241449e+002  6.112849e-001  1.495337e+002  6.149855e+001 -4.636591e+001  7.968363e+001  1.319511e+002  1.768385e+000 -1.218361e+002  5.807857e-001  2.836282e+001  6.561355e+000  3.057930e+000  7.468711e+000  2.686138e+000  1.374495e+000  2.286927e+001
         4  3.981000e+001  1.139368e+000  1.275875e+002  6.393438e+001 -4.905854e+001  9.745328e+001  1.286809e+002  1.599384e+000 -1.056754e+002  6.035523e-001  1.682907e+002  6.639515e+001 -4.982403e+001  8.343888e+001  1.287786e+002  2.323489e+000 -1.027726e+002  5.863913e-001  2.906381e+001  7.029904e+000  3.034651e+000  7.880712e+000  2.706769e+000  1.706357e+000  2.154286e+001
         4  3.981000e+001  9.752244e-001  1.334378e+002  6.412921e+001 -4.909339e+001  9.425148e+001  1.292033e+002  1.880242e+000 -1.043410e+002  6.035523e-001  1.682907e+002  6.639515e+001 -4.982403e+001  8.343888e+001  1.287786e+002  2.323489e+000 -1.027726e+002  5.863913e-001  2.906381e+001  7.029904e+000  3.034651e+000  7.880712e+000  2.706769e+000  1.706357e+000  2.154286e+001
         4  6.309500e+001  1.105071e+000  1.330781e+002  6.821889e+001 -5.176764e+001  1.063182e+002  1.280055e+002  2.039895e+000 -8.983116e+001  5.379907e-001  1.527328e+002  7.437253e+001 -5.268658e+001  9.967650e+001  1.260697e+002  3.095406e+000 -8.771890e+001  5.534171e-001  3.095316e+001  8.001917e+000  3.083783e+000  9.263693e+000  2.663425e+000  2.212157e+000  2.093626e+001
         4  6.309500e+001  8.741265e-001  1.376385e+002  6.847836e+001 -5.180363e+001  1.019548e+002  1.280921e+002  2.401102e+000 -8.877498e+001  5.379907e-001  1.527328e+002  7.437253e+001 -5.268658e+001  9.967650e+001  1.260697e+002  3.095406e+000 -8.771890e+001  5.534171e-001  3.095316e+001  8.001917e+000  3.083783e+000  9.263693e+000  2.663425e+000  2.212157e+000  2.093626e+001
         4  1.000000e+002  1.010727e+000  1.347931e+002  7.577374e+001 -5.411959e+001  1.157509e+002  1.278151e+002  2.480260e+000 -7.704993e+001  5.961828e-001  1.361448e+002  7.811524e+001 -5.450201e+001  1.082215e+002  1.248290e+002  3.531600e+000 -7.682142e+001  6.051341e-001  3.049793e+001  8.474910e+000  3.109605e+000  9.975256e+000  2.641538e+000  2.492721e+000  2.066581e+001
         4  1.000000e+002  7.700759e-001  1.371392e+002  7.606078e+001 -5.415662e+001  1.110920e+002  1.273218e+002  2.915463e+000 -7.634151e+001  5.961828e-001  1.361448e+002  7.811524e+001 -5.450201e+001  1.082215e+002  1.248290e+002  3.531600e+000 -7.682142e+001  6.051341e-001  3.049793e+001  8.474910e+000  3.109605e+000  9.975256e+000  2.641538e+000  2.492721e+000  2.066581e+001
         4  1.584800e+002  9.974020e-001  1.340228e+002  8.703541e+001 -5.557663e+001  1.257133e+002  1.277593e+002  2.864898e+000 -6.742868e+001  8.332221e-001  1.262343e+002  8.791124e+001 -5.591801e+001  1.256685e+002  1.243761e+002  4.274861e+000 -6.628687e+001  8.011318e-001  2.873395e+001  9.612575e+000  3.134040e+000  1.149293e+001  2.620888e+000  2.986172e+000  2.044275e+001
         4  1.584800e+002  7.787483e-001  1.347569e+002  8.728547e+001 -5.563584e+001  1.222976e+002  1.267426e+002  3.372255e+000 -6.696396e+001  8.332221e-001  1.262343e+002  8.791124e+001 -5.591801e+001  1.256685e+002  1.243761e+002  4.274861e+000 -6.628687e+001  8.011318e-001  2.873395e+001  9.612575e+000  3.134040e+000  1.149293e+001  2.620888e+000  2.986172e+000  2.044275e+001
         4  2.511800e+002  1.061700e+000  1.346869e+002  1.008616e+002 -5.580680e+001  1.372288e+002  1.279483e+002  3.194560e+000 -5.996589e+001  1.371088e+000  1.232077e+002  9.677387e+001 -5.694581e+001  1.398189e+002  1.248013e+002  4.825261e+000 -5.699725e+001  1.192244e+000  2.577131e+001  1.060973e+001  3.142364e+000  1.275287e+001  2.613880e+000  3.358585e+000  2.036632e+001
         4  2.511800e+002  8.629380e-001  1.355425e+002  1.010590e+002 -5.595659e+001  1.363549e+002  1.267020e+002  3.764793e+000 -5.959718e+001  1.371088e+000  1.232077e+002  9.677387e+001 -5.694581e+001  1.398189e+002  1.248013e+002  4.825261e+000 -5.699725e+001  1.192244e+000  2.577131e+001  1.060973e+001  3.142364e+000  1.275287e+001  2.613880e+000  3.358585e+000  2.036632e+001
         4  3.981000e+002  1.098623e+000  1.377542e+002  1.149678e+002 -5.512607e+001  1.491314e+002  1.286896e+002  3.429552e+000 -5.372787e+001  1.843431e+000  1.169905e+002  1.099903e+002 -5.787304e+001  1.590067e+002  1.260066e+002  4.998660e+000 -4.627648e+001  1.537012e+000  2.463833e+001  1.206065e+001  3.142874e+000  1.450111e+001  2.613540e+000  3.561365e+000  2.086897e+001
         4  3.981000e+002  9.069112e-001  1.398409e+002  1.154130e+002 -5.542004e+001  1.510100e+002  1.274954e+002  4.045865e+000 -5.336737e+001  1.843431e+000  1.169905e+002  1.099903e+002 -5.787304e+001  1.590067e+002  1.260066e+002  4.998660e+000 -4.627648e+001  1.537012e+000  2.463833e+001  1.206065e+001  3.142874e+000  1.450111e+001  2.613540e+000  3.561365e+000  2.086897e+001
         4  6.309500e+002  8.607851e-001  1.454042e+002  1.290706e+002 -5.448377e+001  1.627955e+002  1.287189e+002  4.163782e+000 -4.767732e+001  2.245821e+000  1.245748e+002  1.225050e+002 -5.850796e+001  1.686605e+002  1.283753e+002  4.583837e+000 -3.777778e+001  1.831024e+000  2.405737e+001  1.326991e+001  3.104697e+000  1.557032e+001  2.645643e+000  3.386794e+000  2.168033e+001
         4  6.309500e+002  1.052439e+000  1.415836e+002  1.279553e+002 -5.407662e+001  1.586290e+002  1.297796e+002  3.525636e+000 -4.816932e+001  2.245821e+000  1.245748e+002  1.225050e+002 -5.850796e+001  1.686605e+002  1.283753e+002  4.583837e+000 -3.777778e+001  1.831024e+000  2.405737e+001  1.326991e+001  3.104697e+000  1.557032e+001  2.645643e+000  3.386794e+000  2.168033e+001
         4  1.000000e+003  9.467851e-001  1.450179e+002  1.392383e+002 -5.300303e+001  1.647270e+002  1.307232e+002  3.423691e+000 -4.307293e+001  2.092608e+000 -1.294858e+002  1.365765e+002 -5.748006e+001  1.655885e+002  1.286678e+002  3.368705e+000 -2.910231e+001  1.784364e+000  2.523610e+001  1.433151e+001  3.007518e+000  1.578044e+001  2.731154e+000  2.675926e+000  2.340164e+001
         4  1.000000e+003  7.485069e-001  1.510377e+002  1.412515e+002 -5.348367e+001  1.708600e+002  1.297764e+002  4.030092e+000 -4.229397e+001  2.092608e+000 -1.294858e+002  1.365765e+002 -5.748006e+001  1.655885e+002  1.286678e+002  3.368705e+000 -2.910231e+001  1.784364e+000  2.523610e+001  1.433151e+001  3.007518e+000  1.578044e+001  2.731154e+000  2.675926e+000  2.340164e+001
         5  6.309500e-001  1.282523e+001  1.655467e+002  5.275377e+001 -3.373519e+001  9.073974e+001  1.491480e+002  6.683416e-001  9.685189e+000  8.577817e+000  1.651262e+002  4.737063e+001 -3.419726e+001  8.922247e+001  1.526610e+002  1.701827e+000 -1.184795e+000  3.944962e+000  1.329421e+001  5.549485e+000  3.358032e+000  8.652730e+000  2.779341e+000  1.373748e+000  2.380404e+001
         5  1.000000e+000  9.714778e+000  1.711518e+002  4.873876e+001 -3.828916e+001  7.642134e+001  1.498509e+002  4.568480e-001  2.324048e+001  6.583037e+000  1.717092e+002  5.366306e+001 -3.812424e+001  7.478185e+001  1.516357e+002  1.247622e+000  1.994240e+001  3.337015e+000  1.468209e+001  5.830319e+000  3.114034e+000  7.594130e+000  2.910457e+000  1.041473e+000  2.466948e+001
         5  1.584800e+000  7.214420e+000  1.785683e+002  4.891518e+001 -4.186457e+001  6.505277e+001  1.500862e+002  3.170873e-001  4.081925e+001  6.082396e+000 -1.793416e+002  5.303335e+001 -4.094845e+001  6.220508e+001  1.512835e+002  1.096447e+000  4.001590e+001  3.135572e+000  1.493707e+001  5.518955e+000  2.982611e+000  5.977165e+000  2.753780e+000  9.027824e-001  2.431075e+001
         5  2.511800e+000  5.175015e+000 -1.710624e+002  5.124231e+001 -4.331923e+001  5.588900e+001  1.504920e+002  2.296618e-001  6.327756e+001  5.285758e+000 -1.702591e+002  5.452300e+001 -4.318981e+001  5.221436e+001  1.505840e+002  7.469863e-001  4.861914e+001  2.841790e+000  1.559381e+001  5.393697e+000  2.835154e+000  5.278271e+000  2.897206e+000  6.479766e-001  2.570433e+001
         5  3.981000e+000  3.521821e+000 -1.569872e+002  5.305323e+001 -4.269811e+001  4.743891e+001  1.513307e+002  1.699294e-001  8.851780e+001  4.122732e+000 -1.533463e+002  5.725507e+001 -4.215958e+001  4.555509e+001  1.510805e+002  3.277702e-001  5.877817e+001  2.387655e+000  1.683233e+001  5.407444e+000  2.706651e+000  4.823402e+000  3.034676e+000  3.376159e-001  3.099874e+001
         5  6.309500e+000  2.294849e+000 -1.390300e+002  5.232820e+001 -4.091789e+001  3.885406e+001  1.520867e+002  1.212344e-001  1.111743e+002  3.211583e+000 -1.328657e+002  5.365863e+001 -4.055959e+001  3.873851e+001  1.518611e+002  1.670736e-001  6.318182e+001  1.947941e+000  1.765400e+001  4.946104e+000  2.641619e+000  4.202570e+000  3.109409e+000  1.955889e-001  3.582682e+001
         5  6.309500e+000  2.404440e+000 -1.373498e+002  5.276014e+001 -4.149868e+001  3.903308e+001  1.519114e+002  1.456893e-001  1.084323e+002  3.211583e+000 -1.328657e+002  5.365863e+001 -4.055959e+001  3.873851e+001  1.518611e+002  1.670736e-001  6.318182e+001  1.947941e+000  1.765400e+001  4.946104e+000  2.641619e+000  4.202570e+000  3.109409e+000  1.955889e-001  3.582682e+001
         5  1.000000e+001  1.515397e+000 -1.177814e+002  4.862726e+001 -3.924439e+001  3.067600e+001  1.515726e+002  8.275104e-002  1.254842e+002  2.326072e+000 -1.092164e+002  4.801952e+001 -3.887517e+001  3.017812e+001  1.520354e+002  8.474933e-002  8.041657e+001  1.487426e+000  1.864655e+001  4.275479e+000  2.551544e+000  3.389393e+000  3.219222e+000  1.104414e-001  4.066061e+001
         5  1.000000e+001  1.622603e+000 -1.151542e+002  4.925795e+001 -3.959322e+001  3.092852e+001  1.514648e+002  1.009999e-001  1.260068e+002  2.326072e+000 -1.092164e+002  4.801952e+001 -3.887517e+001  3.017812e+001  1.520354e+002  8.474933e-002  8.041657e+001  1.487426e+000  1.864655e+001  4.275479e+000  2.551544e+000  3.389393e+000  3.219222e+000  1.104414e-001  4.066061e+001
         5  1.584800e+001  1.103759e+000 -9.472094e+001  4.342921e+001 -3.896740e+001  2.427779e+001  1.486466e+002  6.288302e-002  1.290158e+002  1.977227e+000 -8.276221e+001  4.443157e+001 -3.861493e+001  2.381494e+001  1.495939e+002  6.787519e-002  9.963653e+001  1.291474e+000  1.906177e+001  3.801757e+000  2.451986e+000  2.783321e+000  3.350071e+000  8.813016e-002  4.048188e+001
         5  1.584800e+001  1.213179e+000 -9.172750e+001  4.406287e+001 -3.919889e+001  2.445463e+001  1.486114e+002  6.987414e-002  1.329522e+002  1.977227e+000 -8.276221e+001  4.443157e+001 -3.861493e+001  2.381494e+001  1.495939e+002  6.787519e-002  9.963653e+001  1.291474e+000  1.906177e+001  3.801757e+000  2.451986e+000  2.783321e+000  3.350071e+000  8.813016e-002  4.048188e+001
         5  2.511800e+001  9.079020e-001 -7.137557e+001  3.930819e+001 -4.062308e+001  2.067562e+001  1.432680e+002  6.706192e-002  1.279699e+002  1.929792e+000 -6.238681e+001  4.102320e+001 -3.896149e+001  2.175009e+001  1.425220e+002  8.965406e-002  1.103779e+002  1.243104e+000  1.878890e+001  3.500561e+000  2.445302e+000  2.548903e+000  3.359184e+000  1.061468e-001  3.629764e+001
         5  2.511800e+001  1.021104e+000 -6.844060e+001  4.006017e+001 -4.071702e+001  2.083327e+001  1.431676e+002  6.475266e-002  1.312500e+002  1.929792e+000 -6.238681e+001  4.102320e+001 -3.896149e+001  2.175009e+001  1.425220e+002  8.965406e-002  1.103779e+002  1.243104e+000  1.878890e+001  3.500561e+000  2.445302e+000  2.548903e+000  3.359184e+000  1.061468e-001  3.629764e+001
         5  3.981000e+001  7.734775e-001 -4.838652e+001  3.789416e+001 -4.319614e+001  2.011986e+001  1.373176e+002  9.035604e-002  1.342222e+002  1.447966e+000 -4.221299e+001  3.573005e+001 -4.129182e+001  2.102848e+001  1.369952e+002  1.366352e-001  1.186538e+002  9.681617e-001  1.953105e+001  3.129513e+000  2.510006e+000  2.400844e+000  3.272539e+000  1.443769e-001  3.189266e+001
         5  3.981000e+001  8.789667e-001 -4.551425e+001  3.862475e+001 -4.296749e+001  2.038568e+001  1.372953e+002  8.437986e-002  1.352067e+002  1.447966e+000 -4.221299e+001  3.573005e+001 -4.129182e+001  2.102848e+001  1.369952e+002  1.366352e-001  1.186538e+002  9.681617e-001  1.953105e+001  3.129513e+000  2.510006e+000  2.400844e+000  3.272539e+000  1.443769e-001  3.189266e+001
         5  6.309500e+001  5.958095e-001 -2.601511e+001  3.859275e+001 -4.503440e+001  2.176512e+001  1.336870e+002  1.073429e-001  1.502849e+002  1.273614e+000 -1.761456e+001  3.559776e+001 -4.421567e+001  2.389189e+001  1.327293e+002  1.361848e-001  1.312724e+002  8.785194e-001  2.017523e+001  3.222023e+000  2.593862e+000  2.639626e+000  3.166692e+000  1.486882e-001  3.308661e+001
         5  6.309500e+001  6.752966e-001 -2.311975e+001  3.888868e+001 -4.459821e+001  2.198591e+001  1.338947e+002  1.001676e-001  1.498172e+002  1.273614e+000 -1.761456e+001  3.559776e+001 -4.421567e+001  2.389189e+001  1.327293e+002  1.361848e-001  1.312724e+002  8.785194e-001  2.017523e+001  3.222023e+000  2.593862e+000  2.639626e+000  3.166692e+000  1.486882e-001  3.308661e+001
         5  1.000000e+002  4.292983e-001 -2.713019e+000  3.965364e+001 -4.551823e+001  2.368841e+001  1.331344e+002  8.935151e-002  1.689717e+002  8.723478e-001  3.822063e-001  3.682235e+001 -4.614296e+001  2.417635e+001  1.326006e+002  1.179005e-001  1.511703e+002  6.670433e-001  2.247787e+001  3.314632e+000  2.579664e+000  2.685808e+000  3.184201e+000  1.338480e-001  3.458521e+001
         5  1.000000e+002  3.772095e-001 -5.661761e+000  3.976789e+001 -4.578553e+001  2.364170e+001  1.329540e+002  9.421323e-002  1.712071e+002  8.723478e-001  3.822063e-001  3.682235e+001 -4.614296e+001  2.417635e+001  1.326006e+002  1.179005e-001  1.511703e+002  6.670433e-001  2.247787e+001  3.314632e+000  2.579664e+000  2.685808e+000  3.184201e+000  1.338480e-001  3.458521e+001
         5  1.584800e+002  2.353279e-001  1.407577e+001  4.050117e+001 -4.590466e+001  2.453914e+001  1.332804e+002  6.438140e-002 -1.717237e+002  5.544023e-001  1.923081e+001  3.933905e+001 -4.727952e+001  2.565548e+001  1.333220e+002  9.455208e-002  1.661728e+002  4.827366e-001  2.580863e+001  3.535144e+000  2.575266e+000  2.854863e+000  3.189496e+000  1.151223e-001  3.750114e+001
         5  1.584800e+002  1.994042e-001  1.047148e+001  4.062447e+001 -4.594144e+001  2.453247e+001  1.332631e+002  6.333728e-002 -1.677293e+002  5.544023e-001  1.923081e+001  3.933905e+001 -4.727952e+001  2.565548e+001  1.333220e+002  9.455208e-002  1.661728e+002  4.827366e-001  2.580863e+001  3.535144e+000  2.575266e+000  2.854863e+000  3.189496e+000  1.151223e-001  3.750114e+001
         5  2.511800e+002  1.274605e-001  2.793220e+001  4.090510e+001 -4.603125e+001  2.487545e+001  1.332208e+002  4.387911e-002 -1.525709e+002  3.685481e-001  4.601308e+001  4.106193e+001 -4.714569e+001  2.581262e+001  1.340205e+002  6.644850e-002 -1.787608e+002  3.592033e-001  2.916473e+001  3.656259e+000  2.551725e+000  2.898901e+000  3.219010e+000  8.849701e-002  4.175193e+001
         5  2.511800e+002  1.004591e-001  2.217613e+001  4.088744e+001 -4.600180e+001  2.481822e+001  1.332800e+002  3.823216e-002 -1.482406e+002  3.685481e-001  4.601308e+001  4.106193e+001 -4.714569e+001  2.581262e+001  1.340205e+002  6.644850e-002 -1.787608e+002  3.592033e-001  2.916473e+001  3.656259e+000  2.551725e+000  2.898901e+000  3.219010e+000  8.849701e-002  4.175193e+001
         5  3.981000e+002  5.406102e-002  3.388021e+001  4.090868e+001 -4.647324e+001  2.507488e+001  1.328933e+002  2.456827e-002 -1.283322e+002  3.224772e-001  7.723723e+001  4.124492e+001 -4.631098e+001  2.549336e+001  1.348583e+002  4.019753e-002 -1.595177e+002  3.253375e-001  3.029385e+001  3.657117e+000  2.540992e+000  2.875193e+000  3.232683e+000  6.051749e-002  4.882928e+001
         5  3.981000e+002  7.646957e-002  4.303909e+001  4.098956e+001 -4.648280e+001  2.516375e+001  1.328087e+002  3.159350e-002 -1.313469e+002  3.224772e-001  7.723723e+001  4.124492e+001 -4.631098e+001  2.549336e+001  1.348583e+002  4.019753e-002 -1.595177e+002  3.253375e-001  3.029385e+001  3.657117e+000  2.540992e+000  2.875193e+000  3.232683e+000  6.051749e-002  4.882928e+001
         5  6.309500e+002  5.058582e-002  6.258469e+001  4.151660e+001 -4.732163e+001  2.561524e+001  1.321035e+002  2.452669e-002 -1.086105e+002  3.278385e-001  9.796748e+001  4.257772e+001 -4.551374e+001  2.566866e+001  1.354917e+002  2.600587e-002 -1.253381e+002  3.320153e-001  3.042236e+001  3.751736e+000  2.525127e+000  2.913015e+000  3.252861e+000  4.372921e-002  5.722011e+001
         5  6.309500e+002  2.962319e-002  5.021372e+001  4.142305e+001 -4.732785e+001  2.549555e+001  1.322287e+002  1.765116e-002 -1.067403e+002  3.278385e-001  9.796748e+001  4.257772e+001 -4.551374e+001  2.566866e+001  1.354917e+002  2.600587e-002 -1.253381e+002  3.320153e-001  3.042236e+001  3.751736e+000  2.525127e+000  2.913015e+000  3.252861e+000  4.372921e-002  5.722011e+001
         5  1.000000e+003  1.607108e-002  7.193966e+001  4.258065e+001 -4.820750e+001  2.618317e+001  1.313918e+002  1.411368e-002 -8.631395e+001  1.914435e-001  9.839931e+001  4.145546e+001 -4.537390e+001  2.527496e+001  1.356784e+002  5.093489e-002 -7.216199e+001  2.203232e-001  3.512948e+001  3.663123e+000  2.532234e+000  2.860262e+000  3.243696e+000  7.211729e-002  4.506723e+001
         5  1.000000e+003  3.659500e-002  8.473162e+001  4.268858e+001 -4.818119e+001  2.637114e+001  1.312314e+002  2.068401e-002 -8.802639e+001  1.914435e-001  9.839931e+001  4.145546e+001 -4.537390e+001  2.527496e+001  1.356784e+002  5.093489e-002 -7.216199e+001  2.203232e-001  3.512948e+001  3.663123e+000  2.532234e+000  2.860262e+000  3.243696e+000  7.211729e-002  4.506723e+001
         6  1.584800e+000  4.777286e+002 -3.421277e+001  2.331792e+002 -4.588926e+001  8.873314e+002  1.438785e+002  1.984075e+002  1.348982e+002  5.494968e+002 -3.032005e+001  2.187531e+002 -4.944159e+001  8.868126e+002  1.486616e+002  1.786654e+002  1.337523e+002  1.309432e+002  6.842952e+000  3.103997e+001  4.068410e+000  6.526681e+001  2.108877e+000  8.000186e+001  1.293746e+001
         6  2.511800e+000  4.490520e+002 -3.402747e+001  2.552748e+002 -4.661474e+001  8.456625e+002  1.434898e+002  2.177322e+002  1.355699e+002  5.078037e+002 -3.148467e+001  2.356853e+002 -4.953805e+001  8.655222e+002  1.464423e+002  1.812617e+002  1.343709e+002  1.257439e+002  7.112128e+000  3.262661e+001  3.968986e+000  6.252372e+001  2.069921e+000  8.038666e+001  1.281137e+001
         6  3.981000e+000  4.233558e+002 -3.195485e+001  2.734440e+002 -4.517064e+001  8.106888e+002  1.447350e+002  2.298468e+002  1.388871e+002  4.512513e+002 -3.006812e+001  2.590636e+002 -4.683120e+001  8.513431e+002  1.467795e+002  1.864632e+002  1.387887e+002  1.178362e+002  7.502303e+000  3.487982e+001  3.860016e+000  6.323002e+001  2.128194e+000  8.176791e+001  1.266558e+001
         6  6.309500e+000  3.828200e+002 -2.809497e+001  2.769978e+002 -4.259662e+001  7.497638e+002  1.473990e+002  2.238689e+002  1.437391e+002  3.919285e+002 -2.620527e+001  2.737271e+002 -4.393934e+001  7.846148e+002  1.488499e+002  1.814649e+002  1.433790e+002  1.074878e+002  7.881622e+000  3.561641e+001  3.730197e+000  6.030030e+001  2.202229e+000  7.850257e+001  1.249194e+001
         6  6.309500e+000  3.883167e+002 -2.785708e+001  2.762130e+002 -4.259055e+001  7.622798e+002  1.474794e+002  2.177178e+002  1.441840e+002  3.919285e+002 -2.620527e+001  2.737271e+002 -4.393934e+001  7.846148e+002  1.488499e+002  1.814649e+002  1.433790e+002  1.074878e+002  7.881622e+000  3.561641e+001  3.730197e+000  6.030030e+001  2.202229e+000  7.850257e+001  1.249194e+001
         6  1.000000e+001  3.241063e+002 -2.314010e+001  2.660007e+002 -3.999434e+001  6.555400e+002  1.506903e+002  2.013021e+002  1.488461e+002  3.224062e+002 -2.094248e+001  2.621753e+002 -4.086944e+001  6.723136e+002  1.524373e+002  1.615315e+002  1.489409e+002  9.184995e+001  8.189321e+000  3.317718e+001  3.627693e+000  5.312874e+001  2.264453e+000  6.921614e+001  1.237151e+001
         6  1.000000e+001  3.275979e+002 -2.280633e+001  2.673466e+002 -4.015637e+001  6.653543e+002  1.508726e+002  1.967248e+002  1.488796e+002  3.224062e+002 -2.094248e+001  2.621753e+002 -4.086944e+001  6.723136e+002  1.524373e+002  1.615315e+002  1.489409e+002  9.184995e+001  8.189321e+000  3.317718e+001  3.627693e+000  5.312874e+001  2.264453e+000  6.921614e+001  1.237151e+001
         6  1.584800e+001  2.558311e+002 -1.769930e+001  2.463189e+002 -3.777642e+001  5.413489e+002  1.538701e+002  1.709510e+002  1.538050e+002  2.494562e+002 -1.526900e+001  2.384888e+002 -3.849198e+001  5.511042e+002  1.558399e+002  1.310110e+002  1.549248e+002  7.399957e+001  8.529684e+000  2.940294e+001  3.534197e+000  4.469651e+001  2.324083e+000  5.628770e+001  1.240499e+001
         6  1.584800e+001  2.566500e+002 -1.731681e+001  2.492263e+002 -3.784482e+001  5.466203e+002  1.541067e+002  1.688094e+002  1.537952e+002  2.494562e+002 -1.526900e+001  2.384888e+002 -3.849198e+001  5.511042e+002  1.558399e+002  1.310110e+002  1.549248e+002  7.399957e+001  8.529684e+000  2.940294e+001  3.534197e+000  4.469651e+001  2.324083e+000  5.628770e+001  1.240499e+001
         6  2.511800e+001  1.878552e+002 -1.186822e+001  2.241765e+002 -3.592086e+001  4.275555e+002  1.564978e+002  1.371073e+002  1.591152e+002  1.786338e+002 -1.010810e+001  2.152985e+002 -3.733850e+001  4.262118e+002  1.575640e+002  9.926946e+001  1.588833e+002  5.615029e+001  9.042432e+000  2.553738e+001  3.400032e+000  3.593095e+001  2.415820e+000  4.286825e+001  1.246943e+001
         6  2.511800e+001  1.888421e+002 -1.212859e+001  2.215961e+002 -3.603579e+001  4.256152e+002  1.563426e+002  1.382797e+002  1.588735e+002  1.786338e+002 -1.010810e+001  2.152985e+002 -3.733850e+001  4.262118e+002  1.575640e+002  9.926946e+001  1.588833e+002  5.615029e+001  9.042432e+000  2.553738e+001  3.400032e+000  3.593095e+001  2.415820e+000  4.286825e+001  1.246943e+001
         6  3.981000e+001  1.297875e+002 -6.576963e+000  1.959001e+002 -3.483546e+001  3.249004e+002  1.576446e+002  1.042071e+002  1.646933e+002  1.233015e+002 -5.029456e+000  1.964920e+002 -3.637790e+001  3.211328e+002  1.579196e+002  7.307828e+001  1.652416e+002  4.156105e+001  9.702609e+000  2.221712e+001  3.240912e+000  2.840258e+001  2.534588e+000  3.174147e+001  1.254313e+001
         6  3.981000e+001  1.310245e+002 -6.581955e+000  1.947037e+002 -3.503316e+001  3.237892e+002  1.576333e+002  1.056897e+002  1.641912e+002  1.233015e+002 -5.029456e+000  1.964920e+002 -3.637790e+001  3.211328e+002  1.579196e+002  7.307828e+001  1.652416e+002  4.156105e+001  9.702609e+000  2.221712e+001  3.240912e+000  2.840258e+001  2.534588e+000  3.174147e+001  1.254313e+001
         6  6.309500e+001  8.481514e+001 -1.335903e+000  1.697338e+002 -3.491836e+001  2.450316e+002  1.573943e+002  7.387385e+001  1.701377e+002  8.124749e+001 -7.180323e-001  1.766702e+002 -3.694908e+001  2.379390e+002  1.575422e+002  4.969095e+001  1.734498e+002  2.959847e+001  1.049502e+001  1.903251e+001  3.087704e+000  2.208754e+001  2.660298e+000  2.205152e+001  1.281987e+001
         6  6.309500e+001  8.556397e+001 -1.047386e+000  1.695766e+002 -3.503895e+001  2.436198e+002  1.574877e+002  7.561236e+001  1.695541e+002  8.124749e+001 -7.180323e-001  1.766702e+002 -3.694908e+001  2.379390e+002  1.575422e+002  4.969095e+001  1.734498e+002  2.959847e+001  1.049502e+001  1.903251e+001  3.087704e+000  2.208754e+001  2.660298e+000  2.205152e+001  1.281987e+001
         6  1.000000e+002  5.226988e+001  4.400131e+000  1.493323e+002 -3.599312e+001  1.857299e+002  1.558690e+002  5.050401e+001  1.745956e+002  4.302540e+001  1.920855e+000  1.598128e+002 -3.708926e+001  1.812456e+002  1.559263e+002  3.576551e+001  1.721230e+002  1.791900e+001  1.201909e+001  1.649224e+001  2.957697e+000  1.756336e+001  2.777172e+000  1.609863e+001  1.300629e+001
         6  1.000000e+002  5.208509e+001  3.789387e+000  1.493049e+002 -3.600985e+001  1.876070e+002  1.557422e+002  4.909297e+001  1.751639e+002  4.302540e+001  1.920855e+000  1.598128e+002 -3.708926e+001  1.812456e+002  1.559263e+002  3.576551e+001  1.721230e+002  1.791900e+001  1.201909e+001  1.649224e+001  2.957697e+000  1.756336e+001  2.777172e+000  1.609863e+001  1.300629e+001
         6  1.584800e+002  2.999261e+001  8.394644e+000  1.344914e+002 -3.767540e+001  1.493732e+002  1.530036e+002  3.058812e+001  1.796084e+002  2.673358e+001  4.357644e+000  1.456535e+002 -3.717589e+001  1.498130e+002  1.536699e+002  2.295466e+001  1.726843e+002  1.225310e+001  1.324824e+001  1.466852e+001  2.886301e+000  1.487649e+001  2.845917e+000  1.100683e+001  1.387187e+001
         6  1.584800e+002  2.969816e+001  9.370588e+000  1.343867e+002 -3.756532e+001  1.470791e+002  1.530496e+002  3.151509e+001  1.789401e+002  2.673358e+001  4.357644e+000  1.456535e+002 -3.717589e+001  1.498130e+002  1.536699e+002  2.295466e+001  1.726843e+002  1.225310e+001  1.324824e+001  1.466852e+001  2.886301e+000  1.487649e+001  2.845917e+000  1.100683e+001  1.387187e+001
         6  2.511800e+002  1.637005e+001  1.206952e+001  1.239460e+002 -3.979795e+001  1.249142e+002  1.498572e+002  1.776207e+001 -1.771284e+002  1.683605e+001  8.332620e+000  1.289771e+002 -3.842008e+001  1.301191e+002  1.519781e+002  1.250031e+001  1.719750e+002  8.402867e+000  1.445088e+001  1.292630e+001  2.872341e+000  1.298339e+001  2.859699e+000  6.736036e+000  1.563063e+001
         6  2.511800e+002  1.573460e+001  1.328022e+001  1.237708e+002 -3.958056e+001  1.226934e+002  1.496453e+002  1.836207e+001 -1.780012e+002  1.683605e+001  8.332620e+000  1.289771e+002 -3.842008e+001  1.301191e+002  1.519781e+002  1.250031e+001  1.719750e+002  8.402867e+000  1.445088e+001  1.292630e+001  2.872341e+000  1.298339e+001  2.859699e+000  6.736036e+000  1.563063e+001
         6  3.981000e+002  8.586484e+000  1.464058e+001  1.179110e+002 -4.238546e+001  1.087095e+002  1.467209e+002  9.766995e+000 -1.762385e+002  1.167111e+001  1.457590e+001  1.183394e+002 -4.084860e+001  1.146388e+002  1.495052e+002  7.427150e+000  1.736666e+002  6.248007e+000  1.552565e+001  1.174011e+001  2.843241e+000  1.155509e+001  2.888806e+000  4.416455e+000  1.729660e+001
         6  3.981000e+002  7.846880e+000  1.542171e+001  1.173514e+002 -4.200464e+001  1.075327e+002  1.462012e+002  1.008612e+001 -1.773038e+002  1.167111e+001  1.457590e+001  1.183394e+002 -4.084860e+001  1.146388e+002  1.495052e+002  7.427150e+000  1.736666e+002  6.248007e+000  1.552565e+001  1.174011e+001  2.843241e+000  1.155509e+001  2.888806e+000  4.416455e+000  1.729660e+001
         6  6.309500e+002  4.378253e+000  1.590574e+001  1.170357e+002 -4.508819e+001  9.787327e+001  1.435383e+002  5.367537e+000 -1.785991e+002  1.015502e+001  1.841086e+001  1.127718e+002 -4.563026e+001  9.668825e+001  1.430112e+002  6.434258e+000 -1.782188e+002  5.561362e+000  1.589190e+001  1.085145e+001  2.757704e+000  1.004788e+001  2.978440e+000  3.800470e+000  1.717738e+001
         6  6.309500e+002  3.773889e+000  1.479539e+001  1.155904e+002 -4.460560e+001  9.827347e+001  1.429562e+002  5.441938e+000  1.796317e+002  1.015502e+001  1.841086e+001  1.127718e+002 -4.563026e+001  9.668825e+001  1.430112e+002  6.434258e+000 -1.782188e+002  5.561362e+000  1.589190e+001  1.085145e+001  2.757704e+000  1.004788e+001  2.978440e+000  3.800470e+000  1.717738e+001
         6  1.000000e+003  2.211270e+000  1.567232e+001  1.208818e+002 -4.737384e+001  9.165513e+001  1.403205e+002  3.144824e+000  1.761194e+002  7.167727e+000  2.386228e+001  1.115806e+002 -5.003765e+001  8.518481e+001  1.370619e+002  6.158292e+000 -1.690587e+002  4.271257e+000  1.733455e+001  1.042983e+001  2.678795e+000  9.113056e+000  3.066210e+000  3.562905e+000  1.681468e+001
         6  1.000000e+003  1.852677e+000  1.072313e+001  1.184824e+002 -4.692602e+001  9.308495e+001  1.400222e+002  3.161450e+000  1.720384e+002  7.167727e+000  2.386228e+001  1.115806e+002 -5.003765e+001  8.518481e+001  1.370619e+002  6.158292e+000 -1.690587e+002  4.271257e+000  1.733455e+001  1.042983e+001  2.678795e+000  9.113056e+000  3.066210e+000  3.562905e+000  1.681468e+001
         7  3.981000e-002  4.044232e+000 -3.656241e+001  1.356249e+002 -2.164913e+001  8.068567e+001  1.347251e+002  3.135155e-001  1.079382e+002  1.288798e+000 -6.015050e+001  1.133673e+002 -1.995941e+001  6.960426e+001  1.332717e+002  2.551454e-001  1.549181e+002  1.184075e+000  2.734658e+001  1.003496e+001  2.536661e+000  1.549243e+001  6.389646e+000  3.110816e-001  3.756177e+001
         7  6.309000e-002  4.089206e+000 -3.596503e+001  1.013205e+002 -2.213402e+001  8.742802e+001  1.348903e+002  4.119461e-001  1.204138e+002  2.746027e+000 -2.752381e+001  1.072122e+002 -2.017468e+001  6.446392e+001  1.309529e+002  1.675237e-001  9.658748e+001  2.059238e+000  2.202114e+001  9.440804e+000  2.523469e+000  2.448307e+001  1.094680e+001  2.225939e-001  4.163365e+001
         7  1.000000e-001  3.975741e+000 -3.272416e+001  7.765081e+001 -2.336373e+001  8.980352e+001  1.372751e+002  3.840535e-001  1.313998e+002  9.977098e+000 -1.183920e+001  8.543036e+001 -1.989531e+001  6.386135e+001  1.312763e+002  3.666581e-001  9.161435e+001  5.120098e+000  1.486797e+001  7.943697e+000  2.664770e+000  2.898575e+001  1.311715e+001  3.996039e-001  3.301969e+001
         7  1.584800e-001  3.623705e+000 -2.766135e+001  6.038987e+001 -2.544989e+001  8.556896e+001  1.397505e+002  2.812453e-001  1.329124e+002  7.714123e+000 -1.377709e+001  5.999628e+001 -2.038090e+001  6.952575e+001  1.332062e+002  5.429343e-001  9.527739e+001  3.864701e+000  1.450681e+001  7.079195e+000  3.382241e+000  2.428223e+001  1.005699e+001  5.479247e-001  3.030452e+001
         7  2.511800e-001  3.027144e+000 -2.131638e+001  4.846155e+001 -2.867989e+001  7.829100e+001  1.412497e+002  2.558167e-001  1.221770e+002  7.052379e+000 -1.277376e+001  4.183528e+001 -2.600271e+001  7.807879e+001  1.385002e+002  4.548206e-001  1.110596e+002  3.301845e+000  1.353825e+001  7.179662e+000  4.922531e+000  1.791495e+001  6.587681e+000  4.938949e-001  3.288507e+001
         7  3.981000e-001  2.276366e+000 -1.471247e+001  4.098032e+001 -3.273051e+001  7.041504e+001  1.417107e+002  3.481449e-001  1.137534e+002  5.259296e+000 -1.216379e+001  3.495895e+001 -3.263158e+001  7.492118e+001  1.408163e+002  7.823350e-001  1.278703e+002  2.533409e+000  1.393675e+001  7.139443e+000  5.860791e+000  1.143986e+001  4.378562e+000  7.341975e-001  2.798463e+001
         7  6.309500e-001  1.561600e+000 -9.113781e+000  3.681224e+001 -3.717570e+001  6.326838e+001  1.409109e+002  4.966089e-001  1.116320e+002  2.025293e+000 -1.905271e+001  3.396108e+001 -3.635839e+001  6.626537e+001  1.392338e+002  1.199881e+000  1.248217e+002  1.229519e+000  1.767041e+001  7.066795e+000  5.972007e+000  7.280105e+000  3.148925e+000  9.813016e-001  2.413677e+001
         7  1.000000e+000  1.021484e+000 -5.196103e+000  3.543663e+001 -4.152300e+001  5.868025e+001  1.388695e+002  6.847006e-001  1.119125e+002  1.515419e+000 -1.413869e+001  3.297044e+001 -4.188480e+001  5.937250e+001  1.392403e+002  1.524084e+000  1.224751e+002  9.818658e-001  1.890249e+001  6.268537e+000  5.454946e+000  5.125266e+000  2.473766e+000  1.142307e+000  2.200899e+001
         7  1.584800e+000  6.748035e-001 -2.559824e+000  3.635385e+001 -4.490138e+001  5.776998e+001  1.365229e+002  9.288162e-001  1.140470e+002  1.109415e+000 -9.917990e+000  3.575450e+001 -4.739687e+001  5.711129e+001  1.375272e+002  1.854155e+000  1.222248e+002  7.929918e-001  2.094011e+001  5.206357e+000  4.175229e+000  5.080316e+000  2.549205e+000  1.310406e+000  2.069359e+001
         7  2.511800e+000  4.719970e-001  2.073243e-001  3.856954e+001 -4.678428e+001  5.980560e+001  1.351989e+002  1.202438e+000  1.184556e+002  8.122318e-001 -7.266918e+000  4.073443e+001 -4.944746e+001  6.122382e+001  1.351035e+002  1.969701e+000  1.249998e+002  6.484436e-001  2.352655e+001  4.510142e+000  3.173535e+000  5.529292e+000  2.588150e+000  1.395218e+000  2.074257e+001
         7  3.981000e+000  3.646666e-001  5.457630e+000  4.107854e+001 -4.734008e+001  6.244464e+001  1.355130e+002  1.404747e+000  1.243612e+002  5.853014e-001  6.243865e+000  4.555255e+001 -4.876294e+001  6.526996e+001  1.356726e+002  2.208849e+000  1.324037e+002  5.215423e-001  2.645745e+001  4.983859e+000  3.135902e+000  5.965764e+000  2.619369e+000  1.544993e+000  2.047069e+001
         7  6.309500e+000  3.559496e-001  1.838147e+001  4.272925e+001 -4.768926e+001  6.437273e+001  1.373228e+002  1.687161e+000  1.289450e+002  5.141992e-001  2.662378e+001  4.793694e+001 -4.693122e+001  6.650919e+001  1.376255e+002  2.165620e+000  1.396240e+002  4.793264e-001  2.778079e+001  5.202714e+000  3.110754e+000  6.128238e+000  2.640586e+000  1.529405e+000  2.067767e+001
         7  6.309500e+000  3.104275e-001  1.664130e+001  4.325915e+001 -4.698157e+001  6.323786e+001  1.370210e+002  1.458736e+000  1.296473e+002  5.141992e-001  2.662378e+001  4.793694e+001 -4.693122e+001  6.650919e+001  1.376255e+002  2.165620e+000  1.396240e+002  4.793264e-001  2.778079e+001  5.202714e+000  3.110754e+000  6.128238e+000  2.640586e+000  1.529405e+000  2.067767e+001
         7  1.000000e+001  3.146265e-001  3.719135e+001  4.475269e+001 -4.661645e+001  6.164041e+001  1.394015e+002  1.716956e+000  1.327945e+002  4.975065e-001  4.930272e+001  4.911641e+001 -4.495771e+001  6.296692e+001  1.399459e+002  1.760482e+000  1.453435e+002  4.704622e-001  2.821752e+001  5.226321e+000  3.049771e+000  5.917510e+000  2.693265e+000  1.291597e+000  2.152027e+001
         7  1.000000e+001  2.758559e-001  3.520354e+001  4.471480e+001 -4.601867e+001  6.126386e+001  1.388225e+002  1.419788e+000  1.328411e+002  4.975065e-001  4.930272e+001  4.911641e+001 -4.495771e+001  6.296692e+001  1.399459e+002  1.760482e+000  1.453435e+002  4.704622e-001  2.821752e+001  5.226321e+000  3.049771e+000  5.917510e+000  2.693265e+000  1.291597e+000  2.152027e+001
         7  1.584800e+001  2.841365e-001  6.133548e+001  4.545228e+001 -4.512837e+001  5.670603e+001  1.407451e+002  1.652826e+000  1.361422e+002  3.758436e-001  7.548412e+001  4.902417e+001 -4.342367e+001  5.773813e+001  1.410776e+002  1.341435e+000  1.479732e+002  3.810494e-001  3.045925e+001  5.107056e+000  2.985723e+000  5.542387e+000  2.751019e+000  1.030769e+000  2.259433e+001
         7  1.584800e+001  2.513655e-001  5.901105e+001  4.507157e+001 -4.476810e+001  5.717617e+001  1.401568e+002  1.360571e+000  1.343413e+002  3.758436e-001  7.548412e+001  4.902417e+001 -4.342367e+001  5.773813e+001  1.410776e+002  1.341435e+000  1.479732e+002  3.810494e-001  3.045925e+001  5.107056e+000  2.985723e+000  5.542387e+000  2.751019e+000  1.030769e+000  2.259433e+001
         7  2.511800e+001  2.602822e-001  8.648428e+001  4.477840e+001 -4.374144e+001  5.137763e+001  1.409463e+002  1.492772e+000  1.377220e+002  3.381400e-001  1.013798e+002  4.346411e+001 -4.268748e+001  4.981694e+001  1.402265e+002  1.011052e+000  1.381866e+002  3.415717e-001  3.033629e+001  4.497257e+000  2.965538e+000  4.814718e+000  2.769846e+000  8.036090e-001  2.341651e+001
         7  2.511800e+001  2.348947e-001  8.405407e+001  4.428683e+001 -4.363638e+001  5.232876e+001  1.405709e+002  1.292197e+000  1.343523e+002  3.381400e-001  1.013798e+002  4.346411e+001 -4.268748e+001  4.981694e+001  1.402265e+002  1.011052e+000  1.381866e+002  3.415717e-001  3.033629e+001  4.497257e+000  2.965538e+000  4.814718e+000  2.769846e+000  8.036090e-001  2.341651e+001
         7  3.981000e+001  2.141213e-001  1.067390e+002  4.271245e+001 -4.292288e+001  4.797986e+001  1.399624e+002  1.264524e+000  1.324714e+002  2.794464e-001  1.165024e+002  4.213920e+001 -4.213438e+001  4.589042e+001  1.397263e+002  9.977618e-001  1.313463e+002  2.937771e-001  3.171142e+001  4.304684e+000  2.927768e+000  4.492201e+000  2.805455e+000  7.795191e-001  2.299395e+001
         7  3.981000e+001  2.304681e-001  1.088044e+002  4.309456e+001 -4.278449e+001  4.694111e+001  1.400578e+002  1.356417e+000  1.361669e+002  2.794464e-001  1.165024e+002  4.213920e+001 -4.213438e+001  4.589042e+001  1.397263e+002  9.977618e-001  1.313463e+002  2.937771e-001  3.171142e+001  4.304684e+000  2.927768e+000  4.492201e+000  2.805455e+000  7.795191e-001  2.299395e+001
         7  6.309500e+001  1.755020e-001  1.247338e+002  4.075583e+001 -4.280974e+001  4.488984e+001  1.385288e+002  1.349860e+000  1.302356e+002  2.119514e-001  1.298264e+002  3.900975e+001 -4.250626e+001  4.258339e+001  1.380414e+002  1.238566e+000  1.269391e+002  2.342058e-001  3.353861e+001  3.987409e+000  2.929541e+000  4.166049e+000  2.803820e+000  8.997547e-001  2.129835e+001
         7  6.309500e+001  1.839959e-001  1.258156e+002  4.082716e+001 -4.252635e+001  4.399733e+001  1.383687e+002  1.364853e+000  1.331375e+002  2.119514e-001  1.298264e+002  3.900975e+001 -4.250626e+001  4.258339e+001  1.380414e+002  1.238566e+000  1.269391e+002  2.342058e-001  3.353861e+001  3.987409e+000  2.929541e+000  4.166049e+000  2.803820e+000  8.997547e-001  2.129835e+001
         7  1.000000e+002  1.281653e-001  1.348050e+002  3.862227e+001 -4.324594e+001  4.269791e+001  1.363487e+002  1.491103e+000  1.319580e+002  1.759383e-001  1.387533e+002  3.780058e+001 -4.362798e+001  4.279888e+001  1.358948e+002  1.565548e+000  1.261845e+002  2.020787e-001  3.504983e+001  3.899254e+000  2.956436e+000  4.149049e+000  2.778299e+000  1.073939e+000  2.005923e+001
         7  1.000000e+002  1.221054e-001  1.353026e+002  3.888732e+001 -4.347593e+001  4.332033e+001  1.366843e+002  1.519378e+000  1.302015e+002  1.759383e-001  1.387533e+002  3.780058e+001 -4.362798e+001  4.279888e+001  1.358948e+002  1.565548e+000  1.261845e+002  2.020787e-001  3.504983e+001  3.899254e+000  2.956436e+000  4.149049e+000  2.778299e+000  1.073939e+000  2.005923e+001
         7  1.584800e+002  8.968711e-002  1.312573e+002  3.735190e+001 -4.493070e+001  4.273860e+001  1.344569e+002  1.595696e+000  1.333495e+002  1.317551e-001  1.388853e+002  3.659151e+001 -4.552636e+001  4.273959e+001  1.339155e+002  1.797803e+000  1.292699e+002  1.613586e-001  3.775912e+001  3.803829e+000  2.979401e+000  4.110986e+000  2.756613e+000  1.190954e+000  1.934314e+001
         7  1.584800e+002  7.983557e-002  1.326704e+002  3.775014e+001 -4.493912e+001  4.305274e+001  1.348718e+002  1.640150e+000  1.326178e+002  1.317551e-001  1.388853e+002  3.659151e+001 -4.552636e+001  4.273959e+001  1.339155e+002  1.797803e+000  1.292699e+002  1.613586e-001  3.775912e+001  3.803829e+000  2.979401e+000  4.110986e+000  2.756613e+000  1.190954e+000  1.934314e+001
         7  2.511800e+002  8.398408e-002  1.187424e+002  3.787167e+001 -4.681320e+001  4.363380e+001  1.332469e+002  1.597544e+000  1.354629e+002  9.473669e-002  1.272010e+002  3.724919e+001 -4.780345e+001  4.386305e+001  1.322764e+002  1.917958e+000  1.337078e+002  1.265591e-001  4.190917e+001  3.880362e+000  2.985689e+000  4.210787e+000  2.751211e+000  1.258286e+000  1.914910e+001
         7  2.511800e+002  9.795962e-002  1.198086e+002  3.760823e+001 -4.699733e+001  4.364910e+001  1.328419e+002  1.561472e+000  1.353530e+002  9.473669e-002  1.272010e+002  3.724919e+001 -4.780345e+001  4.386305e+001  1.322764e+002  1.917958e+000  1.337078e+002  1.265591e-001  4.190917e+001  3.880362e+000  2.985689e+000  4.210787e+000  2.751211e+000  1.258286e+000  1.914910e+001
         7  3.981000e+002  1.459112e-001  1.175579e+002  3.913411e+001 -4.871661e+001  4.522108e+001  1.314226e+002  1.426993e+000  1.349374e+002  1.265384e-001  1.108624e+002  3.961446e+001 -4.980941e+001  4.634871e+001  1.309621e+002  1.883340e+000  1.382812e+002  1.596741e-001  3.911886e+001  4.120045e+000  2.980827e+000  4.456500e+000  2.755601e+000  1.258407e+000  1.951715e+001
         7  3.981000e+002  1.355512e-001  1.155381e+002  3.921194e+001 -4.850043e+001  4.492605e+001  1.317009e+002  1.430829e+000  1.356389e+002  1.265384e-001  1.108624e+002  3.961446e+001 -4.980941e+001  4.634871e+001  1.309621e+002  1.883340e+000  1.382812e+002  1.596741e-001  3.911886e+001  4.120045e+000  2.980827e+000  4.456500e+000  2.755601e+000  1.258407e+000  1.951715e+001
         7  6.309500e+002  1.794374e-001  1.215788e+002  4.118775e+001 -4.978129e+001  4.705264e+001  1.302990e+002  1.345926e+000  1.319832e+002  2.043963e-001  1.023477e+002  4.201734e+001 -5.088136e+001  4.816643e+001  1.303965e+002  1.734794e+000  1.420372e+002  2.321818e-001  3.460877e+001  4.347606e+000  2.965570e+000  4.654876e+000  2.769654e+000  1.194668e+000  2.014064e+001
         7  6.309500e+002  1.850313e-001  1.221399e+002  4.120879e+001 -4.999944e+001  4.740781e+001  1.301855e+002  1.377497e+000  1.314691e+002  2.043963e-001  1.023477e+002  4.201734e+001 -5.088136e+001  4.816643e+001  1.303965e+002  1.734794e+000  1.420372e+002  2.321818e-001  3.460877e+001  4.347606e+000  2.965570e+000  4.654876e+000  2.769654e+000  1.194668e+000  2.014064e+001
         7  1.000000e+003  1.912629e-001  1.264290e+002  4.342464e+001 -5.096954e+001  4.973247e+001  1.290878e+002  1.419573e+000  1.279903e+002  3.148109e-001  1.021308e+002  4.326676e+001 -5.020171e+001  4.838327e+001  1.316065e+002  1.544174e+000  1.456855e+002  3.233715e-001  3.090368e+001  4.449239e+000  2.947240e+000  4.704962e+000  2.786922e+000  1.096009e+000  2.078641e+001
         7  1.000000e+003  2.007905e-001  1.257636e+002  4.355954e+001 -5.120247e+001  4.999779e+001  1.290324e+002  1.452730e+000  1.279927e+002  3.148109e-001  1.021308e+002  4.326676e+001 -5.020171e+001  4.838327e+001  1.316065e+002  1.544174e+000  1.456855e+002  3.233715e-001  3.090368e+001  4.449239e+000  2.947240e+000  4.704962e+000  2.786922e+000  1.096009e+000  2.078641e+001
         8  1.584800e+001  1.579059e+003  1.512489e+002  1.820182e+002 -5.643346e+001  7.420880e+002  1.524562e+002  5.351007e+000 -1.524195e+002  1.194149e+003  1.475063e+002  1.615427e+002 -5.670616e+001  7.468131e+002  1.532296e+002  3.848225e+000 -1.668453e+002  2.172640e+002  5.219427e+000  2.368787e+001  4.204565e+000  5.093171e+001  1.954129e+000  4.308770e+000  3.404464e+001
         8  1.584800e+001  1.496597e+003  1.507515e+002  1.701258e+002 -5.706742e+001  7.419384e+002  1.519772e+002  4.724061e+000 -1.569576e+002  1.194149e+003  1.475063e+002  1.615427e+002 -5.670616e+001  7.468131e+002  1.532296e+002  3.848225e+000 -1.668453e+002  2.172640e+002  5.219427e+000  2.368787e+001  4.204565e+000  5.093171e+001  1.954129e+000  4.308770e+000  3.404464e+001
         8  2.511800e+001  1.231171e+003  1.517503e+002  1.932024e+002 -5.695665e+001  5.964559e+002  1.528046e+002  4.081343e+000 -1.327368e+002  1.033450e+003  1.479069e+002  2.052293e+002 -5.672504e+001  5.846750e+002  1.542627e+002  3.056941e+000 -1.450507e+002  2.069673e+002  5.746898e+000  2.666240e+001  3.724419e+000  4.500253e+001  2.205577e+000  3.410475e+000  3.390549e+001
         8  2.511800e+001  1.295450e+003  1.522273e+002  2.020059e+002 -5.569398e+001  5.943574e+002  1.531084e+002  4.447853e+000 -1.288577e+002  1.033450e+003  1.479069e+002  2.052293e+002 -5.672504e+001  5.846750e+002  1.542627e+002  3.056941e+000 -1.450507e+002  2.069673e+002  5.746898e+000  2.666240e+001  3.724419e+000  4.500253e+001  2.205577e+000  3.410475e+000  3.390549e+001
         8  1.000000e+002  6.789301e+002  1.511672e+002  2.965396e+002 -5.690834e+001  3.275987e+002  1.504526e+002  4.278714e+000 -6.960662e+001  8.451610e+002  1.435302e+002  3.039573e+002 -5.797292e+001  2.844537e+002  1.495407e+002  3.674242e+000 -8.067653e+001  1.963495e+002  6.670596e+000  2.989608e+001  2.818834e+000  2.892103e+001  2.913950e+000  3.269614e+000  2.641932e+001
         8  1.000000e+002  7.103004e+002  1.522471e+002  2.947190e+002 -5.640160e+001  3.290468e+002  1.506787e+002  4.786037e+000 -6.787359e+001  8.451610e+002  1.435302e+002  3.039573e+002 -5.797292e+001  2.844537e+002  1.495407e+002  3.674242e+000 -8.067653e+001  1.963495e+002  6.670596e+000  2.989608e+001  2.818834e+000  2.892103e+001  2.913950e+000  3.269614e+000  2.641932e+001
         8  1.584800e+002  5.774865e+002  1.509148e+002  3.397789e+002 -5.475828e+001  2.762268e+002  1.489494e+002  4.659576e+000 -5.151735e+001  7.731193e+002  1.466221e+002  3.355538e+002 -5.611374e+001  2.710739e+002  1.472543e+002  3.767043e+000 -6.470733e+001  1.882551e+002  6.993130e+000  3.181220e+001  2.716983e+000  2.859278e+001  3.023172e+000  3.291524e+000  2.590526e+001
         8  1.584800e+002  5.627573e+002  1.493011e+002  3.425911e+002 -5.512869e+001  2.767835e+002  1.484232e+002  4.159338e+000 -5.409873e+001  7.731193e+002  1.466221e+002  3.355538e+002 -5.611374e+001  2.710739e+002  1.472543e+002  3.767043e+000 -6.470733e+001  1.882551e+002  6.993130e+000  3.181220e+001  2.716983e+000  2.859278e+001  3.023172e+000  3.291524e+000  2.590526e+001
         8  2.511800e+002  4.806489e+002  1.484414e+002  3.734420e+002 -5.240284e+001  2.383957e+002  1.464818e+002  3.887120e+000 -3.763232e+001  7.259667e+002  1.507882e+002  3.659127e+002 -5.427303e+001  2.531987e+002  1.459063e+002  3.577326e+000 -5.416642e+001  1.835031e+002  7.260764e+000  3.337336e+001  2.613761e+000  2.776144e+001  3.142613e+000  3.112865e+000  2.579055e+001
         8  2.511800e+002  4.858278e+002  1.466720e+002  3.792951e+002 -5.262193e+001  2.432018e+002  1.459072e+002  3.584415e+000 -4.135244e+001  7.259667e+002  1.507882e+002  3.659127e+002 -5.427303e+001  2.531987e+002  1.459063e+002  3.577326e+000 -5.416642e+001  1.835031e+002  7.260764e+000  3.337336e+001  2.613761e+000  2.776144e+001  3.142613e+000  3.112865e+000  2.579055e+001
         8  3.981000e+002  4.394058e+002  1.441189e+002  3.997688e+002 -5.020974e+001  2.231629e+002  1.436636e+002  2.656752e+000 -3.248607e+001  6.136850e+002  1.533567e+002  3.861287e+002 -5.152952e+001  2.371607e+002  1.445105e+002  2.531480e+000 -4.445407e+001  1.639732e+002  7.677509e+000  3.418325e+001  2.536973e+000  2.678975e+001  3.237798e+000  2.362718e+000  2.781818e+001
         8  3.981000e+002  4.189939e+002  1.452528e+002  3.913861e+002 -5.039417e+001  2.151499e+002  1.437642e+002  2.703366e+000 -2.796902e+001  6.136850e+002  1.533567e+002  3.861287e+002 -5.152952e+001  2.371607e+002  1.445105e+002  2.531480e+000 -4.445407e+001  1.639732e+002  7.677509e+000  3.418325e+001  2.536973e+000  2.678975e+001  3.237798e+000  2.362718e+000  2.781818e+001
         8  6.309500e+002  4.068223e+002  1.420587e+002  4.071230e+002 -4.849843e+001  2.088602e+002  1.421197e+002  1.749334e+000 -3.013883e+001  4.945788e+002  1.549474e+002  4.213724e+002 -4.858186e+001  2.185298e+002  1.441092e+002  2.237097e+000 -4.844989e+001  1.425500e+002  8.285891e+000  3.575825e+001  2.431830e+000  2.575127e+001  3.377786e+000  2.109897e+000  2.813626e+001
         8  6.309500e+002  3.830163e+002  1.419654e+002  4.006645e+002 -4.920634e+001  2.015687e+002  1.414190e+002  1.632063e+000 -2.576677e+001  4.945788e+002  1.549474e+002  4.213724e+002 -4.858186e+001  2.185298e+002  1.441092e+002  2.237097e+000 -4.844989e+001  1.425500e+002  8.285891e+000  3.575825e+001  2.431830e+000  2.575127e+001  3.377786e+000  2.109897e+000  2.813626e+001
         8  1.000000e+003  3.641595e+002  1.387906e+002  4.074859e+002 -4.869169e+001  1.926620e+002  1.395241e+002  1.028749e+000 -3.427482e+001  3.651911e+002  1.570450e+002  4.218069e+002 -4.306378e+001  2.056657e+002  1.452157e+002  1.641234e+000 -5.091666e+001  1.135746e+002  8.945813e+000  3.524732e+001  2.394592e+000  2.461219e+001  3.430366e+000  1.647374e+000  3.012383e+001
         8  1.000000e+003  3.791382e+002  1.399995e+002  4.077776e+002 -4.758620e+001  1.952963e+002  1.408537e+002  1.190761e+000 -3.676558e+001  3.651911e+002  1.570450e+002  4.218069e+002 -4.306378e+001  2.056657e+002  1.452157e+002  1.641234e+000 -5.091666e+001  1.135746e+002  8.945813e+000  3.524732e+001  2.394592e+000  2.461219e+001  3.430366e+000  1.647374e+000  3.012383e+001
         9  6.309500e-001  8.198069e+000  1.622544e+002  4.204543e+001 -3.181918e+001  6.304968e+001  1.492079e+002  8.489950e-001 -9.739243e+000  1.217047e+001  1.622936e+002  3.636790e+001 -2.453344e+001  6.834713e+001  1.555678e+002  4.994229e+000  4.194836e-002  4.800313e+000  1.137394e+001  5.163518e+000  4.070854e+000  1.786130e+001  7.508082e+000  2.881793e+000  1.676891e+001
         9  1.000000e+000  6.260966e+000  1.664610e+002  3.821427e+001 -3.551806e+001  5.292025e+001  1.496270e+002  5.693102e-001 -5.397712e+000  9.650094e+000  1.695268e+002  3.528999e+001 -3.112799e+001  5.796735e+001  1.526368e+002  2.398297e+000  6.806980e+000  4.003349e+000  1.197151e+001  5.300960e+000  4.307296e+000  1.184343e+001  5.863341e+000  1.595310e+000  1.942619e+001
         9  1.584800e+000  4.627105e+000  1.717939e+002  3.713445e+001 -3.806249e+001  4.500567e+001  1.494581e+002  3.581655e-001 -1.210230e+000  8.199740e+000  1.752792e+002  3.632690e+001 -3.446077e+001  4.627614e+001  1.499967e+002  1.100693e+000  1.441323e+001  3.568771e+000  1.256898e+001  4.327104e+000  3.414435e+000  5.181536e+000  3.209380e+000  8.408221e-001  2.245459e+001
         9  2.511800e+000  3.209026e+000  1.786643e+002  3.699147e+001 -3.855651e+001  3.879478e+001  1.492980e+002  2.001389e-001  2.124624e+000  7.332865e+000  1.786476e+002  3.546862e+001 -3.686903e+001  3.776407e+001  1.472048e+002  3.283044e-001 -8.445317e-001  3.262508e+000  1.285344e+001  4.884688e+000  3.948472e+000  3.717764e+000  2.821442e+000  3.225561e-001  2.942248e+001
         9  3.981000e+000  2.014012e+000 -1.733287e+002  3.591491e+001 -3.724060e+001  3.329753e+001  1.493794e+002  9.656213e-002 -5.805997e-001  5.311753e+000 -1.734864e+002  3.517760e+001 -3.751123e+001  3.354917e+001  1.488892e+002  1.080309e-001 -1.106812e+000  2.556352e+000  1.392382e+001  4.604378e+000  3.752389e+000  3.394826e+000  2.900105e+000  1.360570e-001  3.902896e+001
         9  6.309500e+000  1.127663e+000 -1.652730e+002  3.290163e+001 -3.510216e+001  2.795192e+001  1.492238e+002  5.887047e-002 -1.540319e+001  3.612221e+000 -1.632279e+002  3.102685e+001 -3.455588e+001  2.720934e+001  1.498303e+002  6.504502e-002 -1.920668e+000  1.855192e+000  1.487990e+001  3.002517e+000  2.773385e+000  2.811743e+000  2.961718e+000  8.824618e-002  4.271460e+001
         9  6.309500e+000  1.480852e+000 -1.653121e+002  3.249051e+001 -3.489767e+001  2.793943e+001  1.492890e+002  8.161318e-002 -1.262090e+001  3.612221e+000 -1.632279e+002  3.102685e+001 -3.455588e+001  2.720934e+001  1.498303e+002  6.504502e-002 -1.920668e+000  1.855192e+000  1.487990e+001  3.002517e+000  2.773385e+000  2.811743e+000  2.961718e+000  8.824618e-002  4.271460e+001
         9  1.000000e+001  5.789313e-001 -1.581234e+002  2.818211e+001 -3.351254e+001  2.307859e+001  1.478514e+002  6.641780e-002 -2.495672e+001  1.908389e+000 -1.533072e+002  2.670915e+001 -3.343227e+001  2.164046e+001  1.486656e+002  5.709006e-002 -1.451038e+001  1.107361e+000  1.686573e+001  2.533977e+000  2.718932e+000  2.280899e+000  3.020879e+000  7.557071e-002  4.144152e+001
         9  1.000000e+001  7.758639e-001 -1.574495e+002  2.766992e+001 -3.333567e+001  2.294645e+001  1.481145e+002  8.536617e-002 -2.044600e+001  1.908389e+000 -1.533072e+002  2.670915e+001 -3.343227e+001  2.164046e+001  1.486656e+002  5.709006e-002 -1.451038e+001  1.107361e+000  1.686573e+001  2.533977e+000  2.718932e+000  2.280899e+000  3.020879e+000  7.557071e-002  4.144152e+001
         9  1.584800e+001  2.855378e-001 -1.509910e+002  2.309889e+001 -3.395461e+001  1.949155e+001  1.446139e+002  7.755603e-002 -1.853734e+001  7.116754e-001 -1.381838e+002  2.247834e+001 -3.430822e+001  1.672883e+001  1.462887e+002  7.203500e-002 -1.420500e+001  5.061415e-001  2.083014e+001  3.014845e+000  3.845205e+000  1.801130e+000  3.085902e+000  8.436038e-002  3.584195e+001
         9  1.584800e+001  3.889194e-001 -1.486867e+002  2.258314e+001 -3.395976e+001  1.917066e+001  1.448432e+002  9.369796e-002 -1.376435e+001  7.116754e-001 -1.381838e+002  2.247834e+001 -3.430822e+001  1.672883e+001  1.462887e+002  7.203500e-002 -1.420500e+001  5.061415e-001  2.083014e+001  3.014845e+000  3.845205e+000  1.801130e+000  3.085902e+000  8.436038e-002  3.584195e+001
         9  2.511800e+001  1.725917e-001 -1.364185e+002  1.880518e+001 -3.759263e+001  1.728836e+001  1.399012e+002  8.064203e-002  1.854218e+000  1.506615e-001 -1.144181e+002  2.043874e+001 -3.835567e+001  1.535010e+001  1.409570e+002  1.829742e-001 -5.649834e+000  1.542546e-001  3.079209e+001  2.532763e+000  3.552315e+000  1.648878e+000  3.078782e+000  1.661297e-001  2.699870e+001
         9  2.511800e+001  1.277912e-001 -1.410332e+002  1.922375e+001 -3.734753e+001  1.766309e+001  1.400017e+002  6.865474e-002 -3.062683e+000  1.506615e-001 -1.144181e+002  2.043874e+001 -3.835567e+001  1.535010e+001  1.409570e+002  1.829742e-001 -5.649834e+000  1.542546e-001  3.079209e+001  2.532763e+000  3.552315e+000  1.648878e+000  3.078782e+000  1.661297e-001  2.699870e+001
         9  3.981000e+001  5.317982e-002 -1.204310e+002  1.730688e+001 -4.372052e+001  1.723140e+001  1.349590e+002  5.166015e-002  2.219134e+001  5.521789e-002 -6.724673e+001  1.852140e+001 -4.273477e+001  1.600591e+001  1.384372e+002  4.308619e-001 -1.393522e+001  7.089332e-002  3.993675e+001  1.785760e+000  2.763187e+000  1.660070e+000  2.972579e+000  3.191208e-001  2.173587e+001
         9  3.981000e+001  3.953551e-002 -1.280214e+002  1.760043e+001 -4.322177e+001  1.749202e+001  1.353447e+002  4.328463e-002  1.619625e+001  5.521789e-002 -6.724673e+001  1.852140e+001 -4.273477e+001  1.600591e+001  1.384372e+002  4.308619e-001 -1.393522e+001  7.089332e-002  3.993675e+001  1.785760e+000  2.763187e+000  1.660070e+000  2.972579e+000  3.191208e-001  2.173587e+001
         9  6.309500e+001  5.835645e-003 -1.105233e+002  1.861030e+001 -4.974455e+001  1.844543e+001  1.313803e+002  2.389855e-002  4.527270e+001  5.633667e-002 -4.411744e+001  2.006031e+001 -4.754229e+001  1.820729e+001  1.296518e+002  1.436325e-001 -8.318425e+000  7.341612e-002  4.066112e+001  1.957991e+000  2.797294e+000  1.865368e+000  2.936310e+000  1.445835e-001  3.021926e+001
         9  6.309500e+001  4.063194e-003 -1.297801e+002  1.868769e+001 -4.908942e+001  1.856581e+001  1.318404e+002  1.906759e-002  3.518489e+001  5.633667e-002 -4.411744e+001  2.006031e+001 -4.754229e+001  1.820729e+001  1.296518e+002  1.436325e-001 -8.318425e+000  7.341612e-002  4.066112e+001  1.957991e+000  2.797294e+000  1.865368e+000  2.936310e+000  1.445835e-001  3.021926e+001
         9  1.000000e+002  4.131426e-003  1.491559e+002  2.183344e+001 -5.188149e+001  2.032256e+001  1.298994e+002  6.107353e-003  4.845229e+001  2.312289e-002 -1.584245e+000  2.229204e+001 -5.283937e+001  2.115166e+001  1.257581e+002  4.694458e-002  2.714081e+001  3.865402e-002  5.670329e+001  2.200151e+000  2.828600e+000  2.143136e+000  2.903914e+000  6.488614e-002  4.371670e+001
         9  1.000000e+002  2.033718e-003  1.538886e+002  2.202641e+001 -5.237877e+001  2.032480e+001  1.294308e+002  7.525084e-003  6.803174e+001  2.312289e-002 -1.584245e+000  2.229204e+001 -5.283937e+001  2.115166e+001  1.257581e+002  4.694458e-002  2.714081e+001  3.865402e-002  5.670329e+001  2.200151e+000  2.828600e+000  2.143136e+000  2.903914e+000  6.488614e-002  4.371670e+001
         9  1.584800e+002  1.077947e-002  1.614844e+002  2.497597e+001 -5.160288e+001  2.223612e+001  1.292063e+002  2.104580e-003  5.580648e+001  2.802839e-002  2.813714e+001  2.488402e+001 -5.151159e+001  2.457754e+001  1.267471e+002  6.237575e-003  7.116717e+001  4.589857e-002  5.496356e+001  2.480725e+000  2.857135e+000  2.465401e+000  2.874908e+000  1.482586e-002  1.800000e+002
         9  1.584800e+002  7.431822e-003  1.613104e+002  2.529739e+001 -5.182667e+001  2.237155e+001  1.287717e+002  2.045368e-003  8.677478e+001  2.802839e-002  2.813714e+001  2.488402e+001 -5.151159e+001  2.457754e+001  1.267471e+002  6.237575e-003  7.116717e+001  4.589857e-002  5.496356e+001  2.480725e+000  2.857135e+000  2.465401e+000  2.874908e+000  1.482586e-002  1.800000e+002
         9  2.511800e+002  7.364925e-003 -1.779657e+002  2.723177e+001 -5.057025e+001  2.414048e+001  1.287609e+002  9.129736e-004  1.222634e+002  3.078590e-002  6.056408e+001  2.703041e+001 -5.031483e+001  2.654527e+001  1.287706e+002  2.586730e-003  9.682976e+001  5.027430e-002  5.473744e+001  2.690743e+000  2.852933e+000  2.666487e+000  2.878907e+000  7.810535e-003  1.800000e+002
         9  2.511800e+002  9.784074e-003 -1.761151e+002  2.693091e+001 -5.050937e+001  2.390157e+001  1.291559e+002  8.023317e-004  8.582680e+001  3.078590e-002  6.056408e+001  2.703041e+001 -5.031483e+001  2.654527e+001  1.287706e+002  2.586730e-003  9.682976e+001  5.027430e-002  5.473744e+001  2.690743e+000  2.852933e+000  2.666487e+000  2.878907e+000  7.810535e-003  1.800000e+002
         9  3.981000e+002  5.072404e-003 -1.609647e+002  2.837363e+001 -4.979921e+001  2.560767e+001  1.286359e+002  1.149278e-003  1.767874e+002  3.751955e-002  1.022122e+002  2.772653e+001 -4.955280e+001  2.746801e+001  1.297906e+002  2.836562e-003  1.169589e+002  5.868801e-002  5.145318e+001  2.766124e+000  2.859229e+000  2.753198e+000  2.872664e+000  8.441532e-003  1.800000e+002
         9  3.981000e+002  6.126179e-003 -1.584534e+002  2.811236e+001 -4.979193e+001  2.525325e+001  1.290276e+002  5.466854e-004  1.587740e+002  3.751955e-002  1.022122e+002  2.772653e+001 -4.955280e+001  2.746801e+001  1.297906e+002  2.836562e-003  1.169589e+002  5.868801e-002  5.145318e+001  2.766124e+000  2.859229e+000  2.753198e+000  2.872664e+000  8.441532e-003  1.800000e+002
         9  6.309500e+002  3.641404e-003 -1.454032e+002  2.925329e+001 -4.956642e+001  2.712431e+001  1.281497e+002  2.621480e-003 -1.500751e+002  3.808290e-002  1.604644e+002  2.937527e+001 -5.088500e+001  2.849306e+001  1.299534e+002  7.388737e-003  1.521091e+002  6.021305e-002  5.223716e+001  2.915215e+000  2.844197e+000  2.871105e+000  2.887930e+000  1.746782e-002  1.800000e+002
         9  6.309500e+002  4.083543e-003 -1.435257e+002  2.901812e+001 -4.958443e+001  2.662129e+001  1.285177e+002  1.646985e-003 -1.547176e+002  3.808290e-002  1.604644e+002  2.937527e+001 -5.088500e+001  2.849306e+001  1.299534e+002  7.388737e-003  1.521091e+002  6.021305e-002  5.223716e+001  2.915215e+000  2.844197e+000  2.871105e+000  2.887930e+000  1.746782e-002  1.800000e+002
         9  1.000000e+003  2.914959e-003 -1.295551e+002  3.011323e+001 -4.986276e+001  2.892593e+001  1.273717e+002  5.994015e-003 -1.320320e+002  6.844986e-002 -1.761758e+002  3.098910e+001 -4.972059e+001  2.981029e+001  1.307815e+002  3.572903e-003 -1.765089e+002  9.472017e-002  4.378027e+001  3.069017e+000  2.838315e+000  3.010080e+000  2.893937e+000  1.024428e-002  1.800000e+002
         9  1.000000e+003  3.084318e-003 -1.282007e+002  2.991198e+001 -4.988482e+001  2.827175e+001  1.276785e+002  4.619004e-003 -1.347381e+002  6.844986e-002 -1.761758e+002  3.098910e+001 -4.972059e+001  2.981029e+001  1.307815e+002  3.572903e-003 -1.765089e+002  9.472017e-002  4.378027e+001  3.069017e+000  2.838315e+000  3.010080e+000  2.893937e+000  1.024428e-002  1.800000e+002
        10  2.511800e+000  6.391284e+000  1.170839e+002  1.303484e+002 -4.761639e+001  2.283311e+002  1.391181e+002  2.517711e+001 -5.741156e+001  1.684997e+001  1.216177e+002  1.395567e+002 -4.526953e+001  2.406875e+002  1.374149e+002  4.713235e+001 -4.007503e+001  8.575574e+000  1.474210e+001  1.599312e+001  3.284832e+000  2.264328e+001  2.696117e+000  2.125560e+001  1.303160e+001
        10  3.981000e+000  9.310698e+000  1.173309e+002  1.412154e+002 -4.824269e+001  2.279794e+002  1.386431e+002  3.141493e+001 -5.793375e+001  1.352081e+001  1.212574e+002  1.460226e+002 -4.749927e+001  2.395761e+002  1.347180e+002  4.202353e+001 -4.086633e+001  7.353360e+000  1.577899e+001  1.652641e+001  3.244017e+000  2.116851e+001  2.532100e+000  1.948043e+001  1.340189e+001
        10  6.309500e+000  1.272572e+001  1.235111e+002  1.497565e+002 -4.770831e+001  2.256040e+002  1.394932e+002  3.831373e+001 -5.600153e+001  1.266614e+001  1.290930e+002  1.466931e+002 -4.685100e+001  2.343668e+002  1.372638e+002  3.890933e+001 -4.127419e+001  7.009825e+000  1.606424e+001  1.649230e+001  3.222500e+000  2.084607e+001  2.548967e+000  1.828677e+001  1.359116e+001
        10  6.309500e+000  1.330223e+001  1.243649e+002  1.509153e+002 -4.700703e+001  2.287940e+002  1.393255e+002  3.845431e+001 -5.333305e+001  1.266614e+001  1.290930e+002  1.466931e+002 -4.685100e+001  2.343668e+002  1.372638e+002  3.890933e+001 -4.127419e+001  7.009825e+000  1.606424e+001  1.649230e+001  3.222500e+000  2.084607e+001  2.548967e+000  1.828677e+001  1.359116e+001
        10  1.000000e+001  1.497588e+001  1.329310e+002  1.531967e+002 -4.684782e+001  2.144341e+002  1.409548e+002  4.399923e+001 -5.243031e+001  1.081049e+001  1.367989e+002  1.502681e+002 -4.735843e+001  2.191373e+002  1.399564e+002  3.638021e+001 -4.016843e+001  6.262109e+000  1.683587e+001  1.651326e+001  3.149758e+000  1.994148e+001  2.607857e+000  1.709881e+001  1.359171e+001
        10  1.000000e+001  1.576569e+001  1.341348e+002  1.540133e+002 -4.633131e+001  2.181022e+002  1.407889e+002  4.340161e+001 -5.038775e+001  1.081049e+001  1.367989e+002  1.502681e+002 -4.735843e+001  2.191373e+002  1.399564e+002  3.638021e+001 -4.016843e+001  6.262109e+000  1.683587e+001  1.651326e+001  3.149758e+000  1.994148e+001  2.607857e+000  1.709881e+001  1.359171e+001
        10  1.584800e+001  1.521143e+001  1.437934e+002  1.528476e+002 -4.657415e+001  1.958978e+002  1.420010e+002  4.715733e+001 -4.825089e+001  1.094945e+001  1.487363e+002  1.611660e+002 -4.726124e+001  1.997235e+002  1.413255e+002  4.083789e+001 -3.848531e+001  6.433886e+000  1.708556e+001  1.700454e+001  3.024029e+000  1.892966e+001  2.716245e+000  1.821929e+001  1.288932e+001
        10  1.584800e+001  1.616313e+001  1.458373e+002  1.531503e+002 -4.604695e+001  1.999058e+002  1.419098e+002  4.611019e+001 -4.641395e+001  1.094945e+001  1.487363e+002  1.611660e+002 -4.726124e+001  1.997235e+002  1.413255e+002  4.083789e+001 -3.848531e+001  6.433886e+000  1.708556e+001  1.700454e+001  3.024029e+000  1.892966e+001  2.716245e+000  1.821929e+001  1.288932e+001
        10  2.511800e+001  1.330088e+001  1.555512e+002  1.535516e+002 -4.714176e+001  1.754983e+002  1.420201e+002  4.738295e+001 -4.402736e+001  9.756933e+000  1.581959e+002  1.591919e+002 -4.741309e+001  1.763753e+002  1.414560e+002  3.586037e+001 -3.789381e+001  5.882684e+000  1.754542e+001  1.633259e+001  2.940474e+000  1.719148e+001  2.793447e+000  1.602167e+001  1.290820e+001
        10  2.511800e+001  1.430124e+001  1.590381e+002  1.522564e+002 -4.667193e+001  1.792048e+002  1.420616e+002  4.567803e+001 -4.217495e+001  9.756933e+000  1.581959e+002  1.591919e+002 -4.741309e+001  1.763753e+002  1.414560e+002  3.586037e+001 -3.789381e+001  5.882684e+000  1.754542e+001  1.633259e+001  2.940474e+000  1.719148e+001  2.793447e+000  1.602167e+001  1.290820e+001
        10  3.981000e+001  9.830056e+000  1.673345e+002  1.590025e+002 -4.781846e+001  1.582748e+002  1.408344e+002  4.466559e+001 -4.020939e+001  9.871127e+000  1.690592e+002  1.573074e+002 -4.742212e+001  1.648072e+002  1.410115e+002  3.860226e+001 -3.581540e+001  5.916745e+000  1.743956e+001  1.591435e+001  2.899464e+000  1.628930e+001  2.832669e+000  1.664667e+001  1.245177e+001
        10  3.981000e+001  1.076783e+001  1.733349e+002  1.566654e+002 -4.772991e+001  1.610261e+002  1.409935e+002  4.259838e+001 -3.843964e+001  9.871127e+000  1.690592e+002  1.573074e+002 -4.742212e+001  1.648072e+002  1.410115e+002  3.860226e+001 -3.581540e+001  5.916745e+000  1.743956e+001  1.591435e+001  2.899464e+000  1.628930e+001  2.832669e+000  1.664667e+001  1.245177e+001
        11  3.981000e-002  1.514848e+002  1.379022e+002  2.471285e+002 -1.911044e+001  2.245709e+002  1.357853e+002  1.791707e+001 -1.159824e+001  1.731493e+002  1.438521e+002  2.032026e+002 -1.794299e+001  2.132955e+002  1.374619e+002  9.663451e+000 -1.415792e+001  5.406628e+001  8.982117e+000  3.951873e+001  5.580243e+000  2.946150e+001  3.960149e+000  6.283767e+000  1.897349e+001
        11  6.309000e-002  1.609325e+002  1.388000e+002  1.759547e+002 -1.931882e+001  2.430181e+002  1.361937e+002  1.112659e+001 -1.061800e+001  1.956527e+002  1.420021e+002  1.731027e+002 -1.940434e+001  2.109628e+002  1.404733e+002  1.004782e+001 -2.650435e+001  5.692627e+001  8.364952e+000  3.276661e+001  5.430886e+000  3.188125e+001  4.333474e+000  6.452393e+000  1.872851e+001
        11  1.000000e-001  1.604372e+002  1.424920e+002  1.306252e+002 -2.098757e+001  2.488095e+002  1.392342e+002  7.408693e+000 -1.364914e+001  1.947324e+002  1.459184e+002  1.384300e+002 -1.869768e+001  2.182917e+002  1.419195e+002  1.007111e+001 -2.313643e+001  5.364345e+001  7.916877e+000  2.732939e+001  5.665003e+000  3.749806e+001  4.927194e+000  6.519243e+000  1.888444e+001
        11  1.584800e-001  1.454653e+002  1.465880e+002  1.014358e+002 -2.313199e+001  2.338444e+002  1.426819e+002  5.830563e+000 -1.658895e+001  1.707016e+002  1.485196e+002  1.065641e+002 -2.023211e+001  2.116680e+002  1.437706e+002  7.331363e+000 -2.002577e+001  4.551865e+001  7.661955e+000  2.513060e+001  6.771677e+000  2.462644e+001  3.334912e+000  5.098118e+000  2.034623e+001
        11  2.511800e-001  1.249650e+002  1.498923e+002  8.067731e+001 -2.530670e+001  2.089954e+002  1.453872e+002  4.805284e+000 -1.527693e+001  1.413105e+002  1.523726e+002  8.064687e+001 -2.267848e+001  2.045203e+002  1.467518e+002  4.803431e+000 -1.561243e+001  3.684716e+001  7.491352e+000  1.624822e+001  5.781602e+000  2.266804e+001  3.176820e+000  3.680919e+000  2.252926e+001
        11  3.981000e-001  1.045026e+002  1.526863e+002  6.491710e+001 -2.802855e+001  1.817161e+002  1.474515e+002  3.624622e+000 -1.143139e+001  1.111443e+002  1.537533e+002  6.155578e+001 -2.543209e+001  1.890161e+002  1.490903e+002  5.270647e+000 -5.060804e+000  2.876502e+001  7.435148e+000  1.073845e+001  5.004004e+000  1.911660e+001  2.898609e+000  3.869463e+000  2.153544e+001
        11  6.309500e-001  8.536446e+001  1.551348e+002  5.397628e+001 -3.189558e+001  1.546260e+002  1.487985e+002  2.505453e+000 -7.599469e+000  8.462131e+001  1.559249e+002  4.939686e+001 -3.015601e+001  1.534984e+002  1.547499e+002  3.220790e+000 -5.041984e-001  2.219058e+001  7.534144e+000  6.558506e+000  3.806429e+000  1.410805e+001  2.633956e+000  2.538741e+000  2.321097e+001
        11  1.000000e+000  6.895984e+001  1.572840e+002  4.823757e+001 -3.661412e+001  1.311385e+002  1.493109e+002  1.645082e+000 -4.380390e+000  7.395826e+001  1.540139e+002  4.238824e+001 -3.386379e+001  1.363189e+002  1.503578e+002  2.094925e+000  9.947859e+000  1.930468e+001  7.499102e+000  5.676210e+000  3.839112e+000  1.017921e+001  2.139692e+000  1.785019e+000  2.521613e+001
        11  1.584800e+000  5.582069e+001  1.597129e+002  4.712065e+001 -4.080748e+001  1.129949e+002  1.494523e+002  1.031468e+000 -1.545484e+000  6.211539e+001  1.554353e+002  4.060700e+001 -3.886663e+001  1.135673e+002  1.491426e+002  1.153729e+000  1.236000e+001  1.675599e+001  7.751559e+000  5.251180e+000  3.707249e+000  8.781791e+000  2.215801e+000  1.090216e+000  2.819507e+001
        11  2.511800e+000  4.493333e+001  1.633058e+002  4.874873e+001 -4.321517e+001  9.858534e+001  1.499895e+002  5.946818e-001  2.825169e-001  5.244912e+001  1.577522e+002  4.282060e+001 -4.323827e+001  9.738766e+001  1.483237e+002  6.150933e-001  1.846296e+001  1.495643e+001  8.197188e+000  5.258382e+000  3.520183e+000  7.930083e+000  2.333385e+000  6.545643e-001  3.214646e+001
        11  3.981000e+000  3.497501e+001  1.686845e+002  5.098633e+001 -4.367388e+001  8.478665e+001  1.512773e+002  3.180294e-001 -2.840409e+000  4.260393e+001  1.631263e+002  4.447848e+001 -4.529906e+001  8.982929e+001  1.487692e+002  2.517907e-001  1.881745e+001  1.291955e+001  8.721045e+000  5.302316e+000  3.417164e+000  7.535284e+000  2.403819e+000  3.282904e-001  4.068586e+001
        11  6.309500e+000  2.541162e+001  1.759338e+002  5.221296e+001 -4.261150e+001  6.966856e+001  1.527724e+002  2.102384e-001 -1.277256e+001  3.355046e+001  1.699937e+002  4.928049e+001 -4.507032e+001  7.655676e+001  1.514945e+002  9.929426e-002  7.823270e+000  1.108055e+001  9.504941e+000  5.501688e+000  3.199922e+000  6.857254e+000  2.566874e+000  1.569707e-001  5.222589e+001
        11  6.309500e+000  2.883523e+001  1.756547e+002  5.166114e+001 -4.307831e+001  7.063817e+001  1.529039e+002  1.602965e-001 -7.961781e+000  3.355046e+001  1.699937e+002  4.928049e+001 -4.507032e+001  7.655676e+001  1.514945e+002  9.929426e-002  7.823270e+000  1.108055e+001  9.504941e+000  5.501688e+000  3.199922e+000  6.857254e+000  2.566874e+000  1.569707e-001  5.222589e+001
        11  1.000000e+001  1.677703e+001 -1.753078e+002  5.113633e+001 -4.066895e+001  5.432532e+001  1.531158e+002  1.938361e-001 -1.778317e+001  2.284721e+001  1.790486e+002  5.092087e+001 -4.348872e+001  5.974348e+001  1.535984e+002  6.332440e-002 -3.849272e+000  8.374739e+000  1.056070e+001  5.299615e+000  2.982891e+000  5.740394e+000  2.753664e+000  1.052875e-001  5.623603e+001
        11  1.000000e+001  1.895577e+001 -1.754071e+002  5.072434e+001 -4.100240e+001  5.505470e+001  1.534357e+002  1.223977e-001 -1.780774e+001  2.284721e+001  1.790486e+002  5.092087e+001 -4.348872e+001  5.974348e+001  1.535984e+002  6.332440e-002 -3.849272e+000  8.374739e+000  1.056070e+001  5.299615e+000  2.982891e+000  5.740394e+000  2.753664e+000  1.052875e-001  5.623603e+001
        11  1.584800e+001  9.910452e+000 -1.653004e+002  4.744014e+001 -3.887622e+001  4.171625e+001  1.509158e+002  1.719967e-001 -1.429943e+001  1.425342e+001 -1.704115e+002  5.060047e+001 -4.105553e+001  4.456094e+001  1.532146e+002  7.624443e-002 -1.724631e+001  5.869512e+000  1.188209e+001  4.901843e+000  2.776307e+000  4.600016e+000  2.958630e+000  1.124620e-001  4.751968e+001
        11  1.584800e+001  1.113719e+001 -1.654565e+002  4.704269e+001 -3.922899e+001  4.191028e+001  1.514800e+002  1.135708e-001 -2.275278e+001  1.425342e+001 -1.704115e+002  5.060047e+001 -4.105553e+001  4.456094e+001  1.532146e+002  7.624443e-002 -1.724631e+001  5.869512e+000  1.188209e+001  4.901843e+000  2.776307e+000  4.600016e+000  2.958630e+000  1.124620e-001  4.751968e+001
        11  2.511800e+001  5.079449e+000 -1.540359e+002  4.240729e+001 -3.823022e+001  3.400909e+001  1.457806e+002  1.293472e-001 -7.856187e+000  8.164449e+000 -1.605501e+002  4.633388e+001 -3.994967e+001  3.332623e+001  1.485175e+002  4.006845e-002 -2.195616e+001  3.780421e+000  1.338641e+001  4.267016e+000  2.639197e+000  3.618829e+000  3.112347e+000  6.455394e-002  5.366300e+001
        11  2.511800e+001  5.703840e+000 -1.545044e+002  4.220724e+001 -3.871483e+001  3.360862e+001  1.462794e+002  1.091666e-001 -2.158687e+001  8.164449e+000 -1.605501e+002  4.633388e+001 -3.994967e+001  3.332623e+001  1.485175e+002  4.006845e-002 -2.195616e+001  3.780421e+000  1.338641e+001  4.267016e+000  2.639197e+000  3.618829e+000  3.112347e+000  6.455394e-002  5.366300e+001
        11  3.981000e+001  2.395152e+000 -1.430626e+002  3.798206e+001 -3.977898e+001  3.117609e+001  1.394629e+002  9.613219e-002 -1.519961e+001  3.875683e+000 -1.483687e+002  4.014791e+001 -3.976619e+001  2.782943e+001  1.411774e+002  4.518747e-002 -1.102624e+001  2.085904e+000  1.561081e+001  3.663303e+000  2.614889e+000  3.049956e+000  3.141228e+000  6.753230e-002  4.835237e+001
        11  3.981000e+001  2.105699e+000 -1.419257e+002  3.782235e+001 -3.920537e+001  3.178052e+001  1.394158e+002  8.441671e-002 -1.152710e+000  3.875683e+000 -1.483687e+002  4.014791e+001 -3.976619e+001  2.782943e+001  1.411774e+002  4.518747e-002 -1.102624e+001  2.085904e+000  1.561081e+001  3.663303e+000  2.614889e+000  3.049956e+000  3.141228e+000  6.753230e-002  4.835237e+001
        11  6.309500e+001  7.334579e-001 -1.337915e+002  3.556512e+001 -4.205731e+001  3.325690e+001  1.346888e+002  7.238185e-002 -5.639571e+000  1.612055e+000 -1.393073e+002  4.013521e+001 -4.202546e+001  3.309744e+001  1.342099e+002  4.256095e-002 -1.673250e+001  1.080280e+000  1.957637e+001  3.824603e+000  2.730976e+000  3.473127e+000  3.007589e+000  6.742589e-002  5.238312e+001
        11  6.309500e+001  6.003840e-001 -1.313213e+002  3.499447e+001 -4.154689e+001  3.364274e+001  1.350036e+002  4.880948e-002  3.695116e+000  1.612055e+000 -1.393073e+002  4.013521e+001 -4.202546e+001  3.309744e+001  1.342099e+002  4.256095e-002 -1.673250e+001  1.080280e+000  1.957637e+001  3.824603e+000  2.730976e+000  3.473127e+000  3.007589e+000  6.742589e-002  5.238312e+001
        11  1.000000e+002  1.413301e-001 -1.375608e+002  3.532252e+001 -4.447644e+001  3.646547e+001  1.333245e+002  4.439357e-002  5.980240e+000  5.033916e-001 -1.269998e+002  3.757669e+001 -4.348273e+001  3.501027e+001  1.326381e+002  3.391050e-002 -2.512339e+001  4.438917e-001  2.616138e+001  3.691699e+000  2.815628e+000  3.563402e+000  2.917089e+000  5.766541e-002  5.823985e+001
        11  1.000000e+002  8.163560e-002 -1.377775e+002  3.437294e+001 -4.426729e+001  3.647988e+001  1.336966e+002  2.830581e-002  6.115918e+000  5.033916e-001 -1.269998e+002  3.757669e+001 -4.348273e+001  3.501027e+001  1.326381e+002  3.391050e-002 -2.512339e+001  4.438917e-001  2.616138e+001  3.691699e+000  2.815628e+000  3.563402e+000  2.917089e+000  5.766541e-002  5.823985e+001
        11  1.584800e+002  4.081376e-002  1.799279e+002  3.645020e+001 -4.589563e+001  3.809100e+001  1.336025e+002  1.878520e-002  1.730477e+001  5.179128e-002 -1.264373e+002  3.841551e+001 -4.393741e+001  3.931243e+001  1.326576e+002  2.720882e-002 -2.642277e+001  8.108377e-002  5.151708e+001  3.863840e+000  2.882627e+000  3.908686e+000  2.849526e+000  5.032488e-002  6.763667e+001
        11  1.584800e+002  4.041394e-002  1.557220e+002  3.539068e+001 -4.620932e+001  3.778294e+001  1.338459e+002  1.559651e-002  1.139793e+001  5.179128e-002 -1.264373e+002  3.841551e+001 -4.393741e+001  3.931243e+001  1.326576e+002  2.720882e-002 -2.642277e+001  8.108377e-002  5.151708e+001  3.863840e+000  2.882627e+000  3.908686e+000  2.849526e+000  5.032488e-002  6.763667e+001
        11  2.511800e+002  5.425166e-002  1.507647e+002  3.739954e+001 -4.633588e+001  3.833439e+001  1.336421e+002  4.356188e-003  1.435983e+001  2.845191e-002  1.299912e+002  3.771680e+001 -4.394819e+001  4.031546e+001  1.338695e+002  2.325280e-002 -1.913400e+001  5.150352e-002  6.483647e+001  3.835138e+000  2.914245e+000  3.965057e+000  2.818679e+000  4.501361e-002  7.544755e+001
        11  2.511800e+002  8.411099e-002  1.428235e+002  3.670206e+001 -4.712077e+001  3.789884e+001  1.336231e+002  5.807295e-003  1.388181e+001  2.845191e-002  1.299912e+002  3.771680e+001 -4.394819e+001  4.031546e+001  1.338695e+002  2.325280e-002 -1.913400e+001  5.150352e-002  6.483647e+001  3.835138e+000  2.914245e+000  3.965057e+000  2.818679e+000  4.501361e-002  7.544755e+001
        11  3.981000e+002  9.191284e-002  1.410888e+002  3.754152e+001 -4.781664e+001  3.819377e+001  1.328332e+002  1.882877e-003 -7.652286e+000  8.545727e-002  1.334721e+002  3.645063e+001 -4.421839e+001  3.978659e+001  1.349633e+002  1.791949e-002 -1.632690e+001  1.165050e-001  4.297321e+001  3.725740e+000  2.929472e+000  3.892498e+000  2.803869e+000  3.690171e-002  1.800000e+002
        11  3.981000e+002  6.561745e-002  1.406488e+002  3.761776e+001 -4.681442e+001  3.848079e+001  1.330775e+002  1.792065e-003 -3.640416e+001  8.545727e-002  1.334721e+002  3.645063e+001 -4.421839e+001  3.978659e+001  1.349633e+002  1.791949e-002 -1.632690e+001  1.165050e-001  4.297321e+001  3.725740e+000  2.929472e+000  3.892498e+000  2.803869e+000  3.690171e-002  1.800000e+002
        11  6.309500e+002  7.650382e-002  1.343630e+002  3.784786e+001 -4.792057e+001  3.901588e+001  1.321735e+002  4.475503e-003 -6.116880e+001  1.216674e-001  1.388421e+002  3.596976e+001 -4.478274e+001  3.867357e+001  1.352677e+002  1.584637e-002 -1.515490e+001  1.513509e-001  3.846133e+001  3.662808e+000  2.918482e+000  3.797979e+000  2.814528e+000  3.341348e-002  1.800000e+002
        11  6.309500e+002  9.322469e-002  1.368020e+002  3.839045e+001 -4.892146e+001  3.896181e+001  1.318351e+002  1.940123e-003 -4.037760e+001  1.216674e-001  1.388421e+002  3.596976e+001 -4.478274e+001  3.867357e+001  1.352677e+002  1.584637e-002 -1.515490e+001  1.513509e-001  3.846133e+001  3.662808e+000  2.918482e+000  3.797979e+000  2.814528e+000  3.341348e-002  1.800000e+002
        11  1.000000e+003  8.862737e-002  1.321456e+002  3.874467e+001 -4.952340e+001  3.999461e+001  1.310262e+002  7.473498e-003 -6.062965e+001  1.092122e-001  1.448763e+002  3.558931e+001 -4.374724e+001  3.907673e+001  1.366639e+002  1.921609e-002  9.342534e-001  1.392069e-001  3.959246e+001  3.643147e+000  2.933861e+000  3.817474e+000  2.799776e+000  3.871101e-002  1.800000e+002
        11  1.000000e+003  1.000041e-001  1.340891e+002  3.979495e+001 -5.039443e+001  4.015561e+001  1.306697e+002  2.772160e-003 -4.993680e+001  1.092122e-001  1.448763e+002  3.558931e+001 -4.374724e+001  3.907673e+001  1.366639e+002  1.921609e-002  9.342534e-001  1.392069e-001  3.959246e+001  3.643147e+000  2.933861e+000  3.817474e+000  2.799776e+000  3.871101e-002  1.800000e+002
        12  6.309000e-002  2.986621e+001  1.406614e+002  8.926546e+001 -1.934456e+001  8.709558e+001  1.352147e+002  8.250962e+000 -1.385843e+001  2.637835e+001  1.382642e+002  9.640125e+001 -1.915660e+001  7.971362e+001  1.401956e+002  5.423669e+000 -3.204824e+001  1.094146e+001  1.196972e+001  2.090666e+001  6.225145e+000  2.634999e+001  9.513447e+000  3.185838e+000  1.707946e+001
        12  1.000000e-001  2.948732e+001  1.449279e+002  6.649710e+001 -2.064430e+001  9.039999e+001  1.381554e+002  5.739145e+000 -1.693928e+001  3.182123e+001  1.433212e+002  7.148324e+001 -2.024041e+001  8.042893e+001  1.396437e+002  4.010463e+000 -3.181610e+001  1.168726e+001  1.058181e+001  9.996804e+000  4.009628e+000  1.524940e+001  5.439836e+000  2.546087e+000  1.850761e+001
        12  1.584800e-001  2.628929e+001  1.499129e+002  5.115382e+001 -2.245189e+001  8.616207e+001  1.415899e+002  4.537430e+000 -2.008265e+001  2.913041e+001  1.494950e+002  5.404753e+001 -2.199871e+001  8.291290e+001  1.410159e+002  3.984206e+000 -2.865756e+001  1.019894e+001  1.008195e+001  8.481854e+000  4.500432e+000  8.236138e+000  2.846904e+000  2.552885e+000  1.868564e+001
        12  3.981000e-001  1.784654e+001  1.587381e+002  3.227803e+001 -2.723735e+001  6.880168e+001  1.466026e+002  2.944693e+000 -1.950035e+001  1.681463e+001  1.630449e+002  3.220709e+001 -2.319515e+001  5.742835e+001  1.462637e+002  3.313836e+000 -1.855284e+001  5.934382e+000  1.016392e+001  4.829595e+000  4.299912e+000  1.125698e+001  5.624528e+000  2.028350e+000  1.782090e+001
        12  6.309500e-001  1.397560e+001  1.634505e+002  2.675876e+001 -3.075468e+001  5.898102e+001  1.482685e+002  2.220380e+000 -1.886537e+001  1.315367e+001  1.668123e+002  2.630449e+001 -2.678665e+001  6.076715e+001  1.502243e+002  2.489836e+000 -3.766081e+000  4.692435e+000  1.027482e+001  4.028967e+000  4.392197e+000  5.782328e+000  2.727034e+000  1.660218e+000  1.947522e+001
        12  1.000000e+000  1.056935e+001  1.688775e+002  2.357229e+001 -3.491437e+001  4.976852e+001  1.491323e+002  1.655090e+000 -1.895760e+001  1.021157e+001  1.769558e+002  2.236768e+001 -3.302712e+001  4.892719e+001  1.519987e+002  1.692639e+000  3.130311e+000  3.726729e+000  1.051400e+001  3.307335e+000  4.239809e+000  4.023135e+000  2.356294e+000  1.177426e+000  2.035329e+001
        12  1.584800e+000  7.645130e+000  1.757804e+002  2.235364e+001 -3.867277e+001  4.185384e+001  1.493019e+002  1.223304e+000 -1.942161e+001  7.354476e+000 -1.753720e+002  2.092615e+001 -3.799097e+001  4.051044e+001  1.518471e+002  9.355643e-001  1.489178e+001  2.865562e+000  1.123407e+001  3.431352e+000  4.702798e+000  3.434342e+000  2.429402e+000  7.199554e-001  2.262950e+001
        12  2.511800e+000  5.069771e+000 -1.750024e+002  2.225190e+001 -4.103032e+001  3.508310e+001  1.488728e+002  8.608611e-001 -2.058703e+001  5.092031e+000 -1.648136e+002  2.096843e+001 -4.083016e+001  3.573399e+001  1.503389e+002  4.661696e-001  2.957660e+001  2.176110e+000  1.233798e+001  2.543255e+000  3.476828e+000  3.127586e+000  2.508183e+000  4.137971e-001  2.634830e+001
        12  3.981000e+000  2.831127e+000 -1.632438e+002  2.231452e+001 -4.189083e+001  2.929889e+001  1.474792e+002  5.544673e-001 -2.552595e+001  3.204713e+000 -1.482519e+002  2.164298e+001 -4.206918e+001  2.995799e+001  1.488031e+002  1.605720e-001  4.008705e+001  1.549835e+000  1.399313e+001  2.347472e+000  3.108774e+000  2.761839e+000  2.641996e+000  1.780400e-001  3.366893e+001
        12  6.309500e+000  1.093837e+000 -1.522570e+002  2.185806e+001 -4.199449e+001  2.525638e+001  1.444329e+002  2.713095e-001 -5.177730e+001  1.953773e+000 -1.330531e+002  2.178673e+001 -4.055489e+001  2.576723e+001  1.476393e+002  1.252331e-001 -4.190498e-001  1.071099e+000  1.590901e+001  2.271989e+000  2.988848e+000  2.470837e+000  2.748119e+000  1.422917e-001  3.461836e+001
        12  6.309500e+000  1.136228e+000 -1.499265e+002  2.189562e+001 -4.192837e+001  2.493190e+001  1.445393e+002  3.726987e-001 -4.044118e+001  1.953773e+000 -1.330531e+002  2.178673e+001 -4.055489e+001  2.576723e+001  1.476393e+002  1.252331e-001 -4.190498e-001  1.071099e+000  1.590901e+001  2.271989e+000  2.988848e+000  2.470837e+000  2.748119e+000  1.422917e-001  3.461836e+001
        12  1.000000e+001  2.075255e-001 -1.405030e+002  2.091542e+001 -4.212363e+001  2.259596e+001  1.402449e+002  4.261642e-001 -6.305088e+001  8.978382e-001 -1.489479e+002  2.078352e+001 -4.219253e+001  2.145359e+001  1.443358e+002  2.213021e+000 -3.709997e+001  5.908065e-001  1.920907e+001  2.094910e+000  2.888836e+000  2.128413e+000  2.843326e+000  1.171479e+000  1.534786e+001
        12  1.000000e+001  1.964011e-001 -1.505109e+002  2.087718e+001 -4.217586e+001  2.302360e+001  1.405715e+002  5.224238e-001 -7.747550e+001  8.978382e-001 -1.489479e+002  2.078352e+001 -4.219253e+001  2.145359e+001  1.443358e+002  2.213021e+000 -3.709997e+001  5.908065e-001  1.920907e+001  2.094910e+000  2.888836e+000  2.128413e+000  2.843326e+000  1.171479e+000  1.534786e+001
        12  1.584800e+001  5.950961e-002  1.313607e+002  1.983160e+001 -4.334631e+001  2.248551e+001  1.366807e+002  1.179185e+000 -8.033168e+001  4.345714e-001 -1.774396e+002  2.071674e+001 -4.424881e+001  2.129506e+001  1.387259e+002  4.702285e+000 -4.124770e+001  3.425696e-001  2.321275e+001  2.085970e+000  2.885778e+000  2.114885e+000  2.846290e+000  2.057865e+000  1.263947e+001
        12  1.584800e+001  2.378447e-002  1.214898e+002  1.985918e+001 -4.322555e+001  2.237478e+001  1.359253e+002  7.987661e-001 -7.432916e+001  4.345714e-001 -1.774396e+002  2.071674e+001 -4.424881e+001  2.129506e+001  1.387259e+002  4.702285e+000 -4.124770e+001  3.425696e-001  2.321275e+001  2.085970e+000  2.885778e+000  2.114885e+000  2.846290e+000  2.057865e+000  1.263947e+001
        12  2.511800e+001  2.540236e-001  1.046462e+002  1.932698e+001 -4.519206e+001  2.360413e+001  1.330345e+002  1.417342e+000 -7.305805e+001  4.155977e-001  1.569275e+002  2.037329e+001 -4.622256e+001  2.255470e+001  1.353447e+002  5.164887e+000 -4.130870e+001  3.299071e-001  2.338495e+001  2.089797e+000  2.939857e+000  2.198832e+000  2.793957e+000  2.239887e+000  1.252338e+001
        12  2.511800e+001  2.858791e-001  1.143374e+002  1.935407e+001 -4.533948e+001  2.320509e+001  1.337231e+002  2.017292e+000 -7.414035e+001  4.155977e-001  1.569275e+002  2.037329e+001 -4.622256e+001  2.255470e+001  1.353447e+002  5.164887e+000 -4.130870e+001  3.299071e-001  2.338495e+001  2.089797e+000  2.939857e+000  2.198832e+000  2.793957e+000  2.239887e+000  1.252338e+001
        12  3.981000e+001  4.864761e-001  1.221188e+002  1.958102e+001 -4.762202e+001  2.439515e+001  1.318419e+002  2.718131e+000 -6.618137e+001  6.914970e-001  1.438328e+002  1.921812e+001 -4.725507e+001  2.390300e+001  1.336009e+002  4.817492e+000 -4.330271e+001  4.763039e-001  2.014521e+001  2.029510e+000  3.026739e+000  2.263404e+000  2.713717e+000  2.156987e+000  1.293646e+001
        12  3.981000e+001  4.905877e-001  1.154784e+002  1.952119e+001 -4.749776e+001  2.513752e+001  1.316712e+002  2.026961e+000 -6.710975e+001  6.914970e-001  1.438328e+002  1.921812e+001 -4.725507e+001  2.390300e+001  1.336009e+002  4.817492e+000 -4.330271e+001  4.763039e-001  2.014521e+001  2.029510e+000  3.026739e+000  2.263404e+000  2.713717e+000  2.156987e+000  1.293646e+001
        12  6.309500e+001  5.478878e-001  1.286547e+002  2.058008e+001 -4.982695e+001  2.582737e+001  1.303966e+002  3.114897e+000 -5.965823e+001  7.561721e-001  1.363340e+002  2.177376e+001 -4.904701e+001  2.853877e+001  1.314688e+002  4.866135e+000 -4.848117e+001  5.254991e-001  2.033284e+001  2.329741e+000  3.066721e+000  2.667218e+000  2.678392e+000  2.271764e+000  1.349885e+001
        12  6.309500e+001  5.851374e-001  1.236321e+002  2.052794e+001 -4.970997e+001  2.649935e+001  1.308250e+002  2.448613e+000 -6.130722e+001  7.561721e-001  1.363340e+002  2.177376e+001 -4.904701e+001  2.853877e+001  1.314688e+002  4.866135e+000 -4.848117e+001  5.254991e-001  2.033284e+001  2.329741e+000  3.066721e+000  2.667218e+000  2.678392e+000  2.271764e+000  1.349885e+001
        12  1.000000e+002  6.114110e-001  1.277779e+002  2.234102e+001 -5.122204e+001  2.804727e+001  1.300603e+002  2.716102e+000 -5.717814e+001  7.363353e-001  1.318210e+002  2.138282e+001 -5.090289e+001  2.788209e+001  1.293778e+002  5.138981e+000 -4.872337e+001  5.128030e-001  2.037805e+001  2.284986e+000  3.062796e+000  2.609238e+000  2.681881e+000  2.352831e+000  1.323350e+001
        12  1.000000e+002  5.517333e-001  1.317713e+002  2.237752e+001 -5.144346e+001  2.776074e+001  1.293369e+002  3.318146e+000 -5.566970e+001  7.363353e-001  1.318210e+002  2.138282e+001 -5.090289e+001  2.788209e+001  1.293778e+002  5.138981e+000 -4.872337e+001  5.128030e-001  2.037805e+001  2.284986e+000  3.062796e+000  2.609238e+000  2.681881e+000  2.352831e+000  1.323350e+001
        12  1.584800e+002  5.512247e-001  1.333829e+002  2.469101e+001 -5.213585e+001  3.001775e+001  1.288632e+002  3.504045e+000 -5.340488e+001  6.429319e-001  1.320133e+002  2.245373e+001 -5.304123e+001  2.916112e+001  1.278916e+002  5.170929e+000 -4.990058e+001  4.688964e-001  2.138634e+001  2.396982e+000  3.059675e+000  2.731635e+000  2.684540e+000  2.390589e+000  1.336518e+001
        12  1.584800e+002  6.282404e-001  1.300423e+002  2.454732e+001 -5.175293e+001  2.991934e+001  1.295860e+002  2.916274e+000 -5.449681e+001  6.429319e-001  1.320133e+002  2.245373e+001 -5.304123e+001  2.916112e+001  1.278916e+002  5.170929e+000 -4.990058e+001  4.688964e-001  2.138634e+001  2.396982e+000  3.059675e+000  2.731635e+000  2.684540e+000  2.390589e+000  1.336518e+001
        12  2.511800e+002  5.454494e-001  1.344871e+002  2.707142e+001 -5.208552e+001  3.229738e+001  1.287705e+002  3.683854e+000 -5.178107e+001  6.594206e-001  1.345328e+002  2.452766e+001 -5.390635e+001  3.198070e+001  1.278095e+002  5.521989e+000 -5.064245e+001  4.885387e-001  2.174216e+001  2.620978e+000  3.062716e+000  2.992811e+000  2.681900e+000  2.569846e+000  1.345562e+001
        12  2.511800e+002  6.374101e-001  1.315388e+002  2.670968e+001 -5.165706e+001  3.186881e+001  1.294255e+002  3.089492e+000 -5.274071e+001  6.594206e-001  1.345328e+002  2.452766e+001 -5.390635e+001  3.198070e+001  1.278095e+002  5.521989e+000 -5.064245e+001  4.885387e-001  2.174216e+001  2.620978e+000  3.062716e+000  2.992811e+000  2.681900e+000  2.569846e+000  1.345562e+001
        12  3.981000e+002  5.347858e-001  1.349638e+002  2.925408e+001 -5.170296e+001  3.448859e+001  1.288358e+002  3.824612e+000 -5.074264e+001  6.838866e-001  1.395750e+002  2.796984e+001 -5.332179e+001  3.556496e+001  1.284216e+002  6.285486e+000 -4.889966e+001  5.188273e-001  2.229173e+001  2.970103e+000  3.043536e+000  3.349174e+000  2.698787e+000  2.908254e+000  1.337637e+001
        12  3.981000e+002  6.418119e-001  1.322527e+002  2.868542e+001 -5.133409e+001  3.374224e+001  1.293450e+002  3.243226e+000 -5.162609e+001  6.838866e-001  1.395750e+002  2.796984e+001 -5.332179e+001  3.556496e+001  1.284216e+002  6.285486e+000 -4.889966e+001  5.188273e-001  2.229173e+001  2.970103e+000  3.043536e+000  3.349174e+000  2.698787e+000  2.908254e+000  1.337637e+001
        12  6.309500e+002  6.514346e-001  1.324103e+002  3.043644e+001 -5.103144e+001  3.557184e+001  1.291645e+002  3.388967e+000 -5.108344e+001  5.874946e-001  1.484018e+002  3.300682e+001 -5.168421e+001  3.907895e+001  1.296270e+002  7.283414e+000 -4.537859e+001  4.825308e-001  2.424682e+001  3.442939e+000  2.989616e+000  3.746269e+000  2.747357e+000  3.325482e+000  1.319650e+001
        12  6.309500e+002  5.281397e-001  1.347804e+002  3.115484e+001 -5.132332e+001  3.651473e+001  1.288375e+002  3.954406e+000 -5.039209e+001  5.874946e-001  1.484018e+002  3.300682e+001 -5.168421e+001  3.907895e+001  1.296270e+002  7.283414e+000 -4.537859e+001  4.825308e-001  2.424682e+001  3.442939e+000  2.989616e+000  3.746269e+000  2.747357e+000  3.325482e+000  1.319650e+001
        12  1.000000e+003  5.329862e-001  1.345297e+002  3.285639e+001 -5.118125e+001  3.849423e+001  1.285773e+002  4.119928e+000 -5.054516e+001  4.471545e-001  1.744477e+002  3.641475e+001 -4.897370e+001  4.068611e+001  1.329674e+002  7.720150e+000 -4.047443e+001  4.029892e-001  2.678316e+001  3.743965e+000  2.946718e+000  3.957457e+000  2.787623e+000  3.509165e+000  1.313658e+001
        12  1.000000e+003  6.692746e-001  1.325246e+002  3.200847e+001 -5.095791e+001  3.744231e+001  1.287613e+002  3.548309e+000 -5.099636e+001  4.471545e-001  1.744477e+002  3.641475e+001 -4.897370e+001  4.068611e+001  1.329674e+002  7.720150e+000 -4.047443e+001  4.029892e-001  2.678316e+001  3.743965e+000  2.946718e+000  3.957457e+000  2.787623e+000  3.509165e+000  1.313658e+001
        13  1.000000e+000  1.303088e+001  1.614269e+002  1.236611e+001 -4.565044e+001  4.584918e+001  1.505607e+002  6.028917e-001 -1.880598e+001  2.001714e+001  1.712369e+002  1.217910e+001 -3.094762e+001  4.679977e+001  1.527149e+002  8.756670e-001 -6.173073e+000  5.303722e+000  7.612898e+000  3.222427e+000  7.602136e+000  5.604928e+000  3.433040e+000  7.102721e-001  2.392626e+001
        13  1.584800e+000  1.028069e+001  1.666488e+002  1.314989e+001 -4.813231e+001  3.809532e+001  1.499993e+002  4.574073e-001 -1.352305e+001  1.590908e+001  1.722080e+002  1.193507e+001 -3.920839e+001  3.711097e+001  1.488128e+002  4.299596e-001 -1.522318e-001  4.441693e+000  8.024476e+000  2.218905e+000  5.333765e+000  2.869675e+000  2.215804e+000  3.931628e-001  2.720715e+001
        13  2.511800e+000  7.770404e+000  1.737584e+002  1.406772e+001 -4.936461e+001  3.241172e+001  1.488841e+002  3.024161e-001 -6.991831e+000  1.114985e+001  1.787798e+002  1.233465e+001 -4.749788e+001  3.055898e+001  1.472634e+002  1.488581e-001 -1.069848e+000  3.430498e+000  8.849300e+000  1.547507e+000  3.596529e+000  2.435783e+000  2.284059e+000  1.690374e-001  3.459559e+001
        13  3.981000e+000  5.445939e+000 -1.768760e+002  1.492533e+001 -5.032535e+001  2.811849e+001  1.478471e+002  1.574910e-001 -5.294795e+000  7.406502e+000 -1.750461e+002  1.413710e+001 -5.178293e+001  2.897876e+001  1.461462e+002  6.408238e-002 -1.833550e+001  2.611644e+000  1.015476e+001  1.691622e+000  3.430006e+000  2.421937e+000  2.394982e+000  8.865443e-002  4.376660e+001
        13  6.309500e+000  4.163500e+000 -1.649755e+002  1.610798e+001 -5.145145e+001  2.438293e+001  1.471790e+002  9.576040e-002 -3.236953e+001  4.471600e+000 -1.641660e+002  1.656169e+001 -5.051214e+001  2.572095e+001  1.472857e+002  8.507192e-002 -3.045637e+001  1.860984e+000  1.201040e+001  1.848863e+000  3.199769e+000  2.304072e+000  2.567124e+000  1.064254e-001  3.871910e+001
        13  6.309500e+000  3.430155e+000 -1.653210e+002  1.613738e+001 -5.133620e+001  2.420606e+001  1.468044e+002  1.007482e-001 -1.838663e+001  4.471600e+000 -1.641660e+002  1.656169e+001 -5.051214e+001  2.572095e+001  1.472857e+002  8.507192e-002 -3.045637e+001  1.860984e+000  1.201040e+001  1.848863e+000  3.199769e+000  2.304072e+000  2.567124e+000  1.064254e-001  3.871910e+001
        13  1.000000e+001  2.322526e+000 -1.513091e+002  1.779861e+001 -5.097481e+001  2.047889e+001  1.449909e+002  1.714938e-001 -2.793202e+001  2.619610e+000 -1.514002e+002  1.849115e+001 -4.860742e+001  2.157948e+001  1.464978e+002  2.384385e-001 -2.590067e+001  1.280971e+000  1.415208e+001  1.921900e+000  2.978895e+000  2.076200e+000  2.757329e+000  2.206263e-001  2.755812e+001
        13  1.000000e+001  1.906784e+000 -1.520892e+002  1.782909e+001 -5.141330e+001  2.067733e+001  1.445710e+002  1.332016e-001 -2.313846e+001  2.619610e+000 -1.514002e+002  1.849115e+001 -4.860742e+001  2.157948e+001  1.464978e+002  2.384385e-001 -2.590067e+001  1.280971e+000  1.415208e+001  1.921900e+000  2.978895e+000  2.076200e+000  2.757329e+000  2.206263e-001  2.755812e+001
        13  2.511800e+001  5.468284e-001 -1.207186e+002  1.946344e+001 -4.912762e+001  1.757323e+001  1.360949e+002  1.692169e-001  1.376665e+001  6.674486e-001 -1.144921e+002  1.882475e+001 -4.686155e+001  1.745366e+001  1.366205e+002  2.765568e-001  1.119144e+001  4.614430e-001  2.022311e+001  1.847245e+000  2.812303e+000  1.778701e+000  2.920769e+000  2.338470e-001  2.501040e+001
        13  2.511800e+001  4.620824e-001 -1.229142e+002  2.021588e+001 -4.931768e+001  1.789094e+001  1.359913e+002  1.624177e-001  1.208260e+001  6.674486e-001 -1.144921e+002  1.882475e+001 -4.686155e+001  1.745366e+001  1.366205e+002  2.765568e-001  1.119144e+001  4.614430e-001  2.022311e+001  1.847245e+000  2.812303e+000  1.778701e+000  2.920769e+000  2.338470e-001  2.501040e+001
        13  3.981000e+001  2.387121e-001 -1.073239e+002  2.067172e+001 -4.867307e+001  1.887352e+001  1.322447e+002  1.420254e-001  3.797635e+001  3.820123e-001 -1.068590e+002  1.809088e+001 -4.867956e+001  1.731670e+001  1.327276e+002  2.517576e-001  3.438516e+001  3.006328e-001  2.317156e+001  1.789402e+000  2.834771e+000  1.750695e+000  2.897498e+000  2.175095e-001  2.559340e+001
        13  3.981000e+001  2.741042e-001 -1.051226e+002  1.995339e+001 -4.912179e+001  1.846275e+001  1.321181e+002  1.379547e-001  3.819859e+001  3.820123e-001 -1.068590e+002  1.809088e+001 -4.867956e+001  1.731670e+001  1.327276e+002  2.517576e-001  3.438516e+001  3.006328e-001  2.317156e+001  1.789402e+000  2.834771e+000  1.750695e+000  2.897498e+000  2.175095e-001  2.559340e+001
        13  6.309500e+001  1.463305e-001 -9.175206e+001  2.106951e+001 -4.878512e+001  2.075531e+001  1.303265e+002  1.168755e-001  6.468153e+001  2.829377e-001 -8.527320e+001  2.086825e+001 -5.143348e+001  1.973000e+001  1.287537e+002  1.950272e-001  6.775689e+001  2.487446e-001  2.607676e+001  2.057776e+000  2.826057e+000  2.000869e+000  2.906502e+000  1.855559e-001  2.840611e+001
        13  6.309500e+001  1.666313e-001 -9.022854e+001  2.069256e+001 -4.956624e+001  2.039483e+001  1.298419e+002  1.128699e-001  6.377209e+001  2.829377e-001 -8.527320e+001  2.086825e+001 -5.143348e+001  1.973000e+001  1.287537e+002  1.950272e-001  6.775689e+001  2.487446e-001  2.607676e+001  2.057776e+000  2.826057e+000  2.000869e+000  2.906502e+000  1.855559e-001  2.840611e+001
        13  1.000000e+002  1.267458e-001 -7.678340e+001  2.182875e+001 -5.000149e+001  2.257779e+001  1.293154e+002  9.373283e-002  8.594143e+001  1.738563e-001 -6.087619e+001  2.200942e+001 -5.258280e+001  2.243957e+001  1.270674e+002  1.470802e-001  9.225682e+001  1.749501e-001  3.020833e+001  2.211604e+000  2.879879e+000  2.233111e+000  2.852119e+000  1.550733e-001  3.181461e+001
        13  1.000000e+002  1.093851e-001 -7.802147e+001  2.185162e+001 -4.927976e+001  2.266219e+001  1.299841e+002  9.602749e-002  8.628121e+001  1.738563e-001 -6.087619e+001  2.200942e+001 -5.258280e+001  2.243957e+001  1.270674e+002  1.470802e-001  9.225682e+001  1.749501e-001  3.020833e+001  2.211604e+000  2.879879e+000  2.233111e+000  2.852119e+000  1.550733e-001  3.181461e+001
        13  1.584800e+002  1.113834e-001 -6.597509e+001  2.314415e+001 -5.007202e+001  2.436403e+001  1.296616e+002  8.315185e-002  1.007101e+002  1.204414e-001 -5.084651e+001  2.503143e+001 -5.153839e+001  2.558463e+001  1.287198e+002  1.083530e-001  1.123149e+002  1.371907e-001  3.471768e+001  2.516858e+000  2.881701e+000  2.544517e+000  2.850350e+000  1.274236e-001  3.601534e+001
        13  1.584800e+002  9.632560e-002 -6.763726e+001  2.291744e+001 -4.958060e+001  2.411027e+001  1.302155e+002  8.716617e-002  9.984678e+001  1.204414e-001 -5.084651e+001  2.503143e+001 -5.153839e+001  2.558463e+001  1.287198e+002  1.083530e-001  1.123149e+002  1.371907e-001  3.471768e+001  2.516858e+000  2.881701e+000  2.544517e+000  2.850350e+000  1.274236e-001  3.601534e+001
        13  2.511800e+002  9.429119e-002 -5.997866e+001  2.393889e+001 -4.976379e+001  2.519902e+001  1.303846e+002  8.895519e-002  1.080613e+002  8.590944e-002 -4.674121e+001  2.610622e+001 -5.013478e+001  2.700384e+001  1.299374e+002  8.543581e-002  1.235845e+002  1.076056e-001  3.877571e+001  2.632641e+000  2.890177e+000  2.677518e+000  2.841696e+000  1.080686e-001  3.923148e+001
        13  2.511800e+002  1.061369e-001 -5.829808e+001  2.432148e+001 -4.996598e+001  2.568527e+001  1.301231e+002  8.216132e-002  1.094882e+002  8.590944e-002 -4.674121e+001  2.610622e+001 -5.013478e+001  2.700384e+001  1.299374e+002  8.543581e-002  1.235845e+002  1.076056e-001  3.877571e+001  2.632641e+000  2.890177e+000  2.677518e+000  2.841696e+000  1.080686e-001  3.923148e+001
        13  3.981000e+002  9.581479e-002 -5.375053e+001  2.486131e+001 -5.017112e+001  2.608690e+001  1.302216e+002  9.510702e-002  1.127947e+002  8.520682e-002 -5.159717e+001  2.629387e+001 -4.901543e+001  2.712579e+001  1.308367e+002  6.562830e-002  1.229016e+002  1.071394e-001  3.895444e+001  2.649993e+000  2.888463e+000  2.691589e+000  2.843788e+000  8.877337e-002  4.255787e+001
        13  3.981000e+002  1.055712e-001 -5.252322e+001  2.530042e+001 -5.004105e+001  2.663890e+001  1.303300e+002  8.539374e-002  1.146213e+002  8.520682e-002 -5.159717e+001  2.629387e+001 -4.901543e+001  2.712579e+001  1.308367e+002  6.562830e-002  1.229016e+002  1.071394e-001  3.895444e+001  2.649993e+000  2.888463e+000  2.691589e+000  2.843788e+000  8.877337e-002  4.255787e+001
        13  6.309500e+002  9.649192e-002 -4.840494e+001  2.585573e+001 -5.104677e+001  2.705444e+001  1.295501e+002  1.053517e-001  1.147536e+002  9.711734e-002 -5.220795e+001  2.634248e+001 -4.818901e+001  2.735291e+001  1.314066e+002  5.742441e-002  1.121279e+002  1.182406e-001  3.749926e+001  2.659115e+000  2.893062e+000  2.709634e+000  2.839079e+000  8.048486e-002  4.449039e+001
        13  6.309500e+002  1.048813e-001 -4.773054e+001  2.621727e+001 -5.057334e+001  2.747328e+001  1.299862e+002  9.140361e-002  1.166611e+002  9.711734e-002 -5.220795e+001  2.634248e+001 -4.818901e+001  2.735291e+001  1.314066e+002  5.742441e-002  1.121279e+002  1.182406e-001  3.749926e+001  2.659115e+000  2.893062e+000  2.709634e+000  2.839079e+000  8.048486e-002  4.449039e+001
        13  1.000000e+003  9.485360e-002 -4.364077e+001  2.719319e+001 -5.243450e+001  2.841801e+001  1.284544e+002  1.205040e-001  1.150720e+002  1.028501e-001 -5.518175e+001  2.674246e+001 -4.838852e+001  2.876901e+001  1.338353e+002  6.767499e-002  1.026011e+002  1.239028e-001  3.703817e+001  2.723536e+000  2.918853e+000  2.824847e+000  2.814085e+000  9.218586e-002  4.292907e+001
        13  1.000000e+003  1.025984e-001 -4.362627e+001  2.735568e+001 -5.166920e+001  2.858856e+001  1.290910e+002  1.020863e-001  1.166230e+002  1.028501e-001 -5.518175e+001  2.674246e+001 -4.838852e+001  2.876901e+001  1.338353e+002  6.767499e-002  1.026011e+002  1.239028e-001  3.703817e+001  2.723536e+000  2.918853e+000  2.824847e+000  2.814085e+000  9.218586e-002  4.292907e+001
        14  6.309500e+000  2.514284e+002 -2.762102e+001  1.363442e+002 -5.001010e+001  9.757674e+002  1.498609e+002  3.134229e+001  1.428273e+002  2.451528e+002 -2.651775e+001  1.676854e+002 -5.349846e+001  1.033138e+003  1.498726e+002  4.312127e+001  1.389796e+002  6.688264e+001  7.840168e+000  2.641872e+001  4.518136e+000  6.557575e+001  1.818656e+000  2.861989e+001  1.938132e+001
        14  6.309500e+000  2.527522e+002 -2.723786e+001  1.477479e+002 -4.898188e+001  9.548113e+002  1.502048e+002  3.755634e+001  1.453974e+002  2.451528e+002 -2.651775e+001  1.676854e+002 -5.349846e+001  1.033138e+003  1.498726e+002  4.312127e+001  1.389796e+002  6.688264e+001  7.840168e+000  2.641872e+001  4.518136e+000  6.557575e+001  1.818656e+000  2.861989e+001  1.938132e+001
        14  1.000000e+001  2.012605e+002 -2.564055e+001  1.380454e+002 -5.145003e+001  8.131595e+002  1.518042e+002  2.400098e+001  1.479133e+002  1.856319e+002 -2.501432e+001  1.819712e+002 -4.964679e+001  8.657405e+002  1.528538e+002  3.819316e+001  1.469746e+002  5.541401e+001  8.583917e+000  2.687530e+001  4.234858e+000  5.862001e+001  1.940143e+000  2.500049e+001  1.910438e+001
        14  1.000000e+001  2.016642e+002 -2.534699e+001  1.475059e+002 -5.028456e+001  7.925423e+002  1.519649e+002  2.815750e+001  1.506466e+002  1.856319e+002 -2.501432e+001  1.819712e+002 -4.964679e+001  8.657405e+002  1.528538e+002  3.819316e+001  1.469746e+002  5.541401e+001  8.583917e+000  2.687530e+001  4.234858e+000  5.862001e+001  1.940143e+000  2.500049e+001  1.910438e+001
        14  1.584800e+001  1.551615e+002 -2.506405e+001  1.529570e+002 -5.355342e+001  6.325181e+002  1.525909e+002  1.831141e+001  1.489470e+002  1.281919e+002 -2.401384e+001  2.031690e+002 -5.135422e+001  6.938876e+002  1.544237e+002  3.209507e+001  1.485139e+002  4.315031e+001  9.689200e+000  2.762014e+001  3.897588e+000  5.104364e+001  2.107866e+000  2.076245e+001  1.887183e+001
        14  1.584800e+001  1.555886e+002 -2.530991e+001  1.454969e+002 -5.477218e+001  6.510144e+002  1.526265e+002  1.608084e+001  1.456790e+002  1.281919e+002 -2.401384e+001  2.031690e+002 -5.135422e+001  6.938876e+002  1.544237e+002  3.209507e+001  1.485139e+002  4.315031e+001  9.689200e+000  2.762014e+001  3.897588e+000  5.104364e+001  2.107866e+000  2.076245e+001  1.887183e+001
        14  2.511800e+001  1.215470e+002 -2.678418e+001  1.749384e+002 -5.726481e+001  5.040853e+002  1.514499e+002  1.380860e+001  1.361629e+002  1.164714e+002 -3.253631e+001  1.663454e+002 -5.889045e+001  5.514708e+002  1.529902e+002  1.977832e+001  1.447148e+002  3.819752e+001  9.437875e+000  2.244532e+001  3.868457e+000  4.086784e+001  2.123495e+000  1.363483e+001  2.016295e+001
        14  2.511800e+001  1.229577e+002 -2.684086e+001  1.691609e+002 -5.837217e+001  5.206579e+002  1.517956e+002  1.297343e+001  1.327043e+002  1.164714e+002 -3.253631e+001  1.663454e+002 -5.889045e+001  5.514708e+002  1.529902e+002  1.977832e+001  1.447148e+002  3.819752e+001  9.437875e+000  2.244532e+001  3.868457e+000  4.086784e+001  2.123495e+000  1.363483e+001  2.016295e+001
        14  3.981000e+001  1.029468e+002 -2.885305e+001  2.108754e+002 -5.984852e+001  4.329539e+002  1.498498e+002  1.686055e+001  1.205922e+002  8.726265e+001 -3.602768e+001  1.818161e+002 -6.013829e+001  4.283388e+002  1.510628e+002  1.476669e+001  1.355875e+002  3.145241e+001  1.038239e+001  2.252583e+001  3.551562e+000  3.457470e+001  2.313032e+000  1.028068e+001  2.037139e+001
        14  3.981000e+001  1.014559e+002 -2.934638e+001  2.158236e+002 -5.895753e+001  4.200895e+002  1.489350e+002  1.709838e+001  1.224951e+002  8.726265e+001 -3.602768e+001  1.818161e+002 -6.013829e+001  4.283388e+002  1.510628e+002  1.476669e+001  1.355875e+002  3.145241e+001  1.038239e+001  2.252583e+001  3.551562e+000  3.457470e+001  2.313032e+000  1.028068e+001  2.037139e+001
        14  6.309500e+001  8.860203e+001 -3.121754e+001  2.648690e+002 -5.801807e+001  3.718524e+002  1.463223e+002  2.523958e+001  1.191022e+002  7.992292e+001 -3.977873e+001  2.018650e+002 -6.374765e+001  3.665972e+002  1.487295e+002  1.389839e+001  1.160400e+002  3.022617e+001  1.090002e+001  2.343426e+001  3.327568e+000  3.158023e+001  2.468614e+000  9.449122e+000  1.987297e+001
        14  6.309500e+001  8.834513e+001 -3.014693e+001  2.600394e+002 -5.878839e+001  3.759569e+002  1.478699e+002  2.467355e+001  1.183951e+002  7.992292e+001 -3.977873e+001  2.018650e+002 -6.374765e+001  3.665972e+002  1.487295e+002  1.389839e+001  1.160400e+002  3.022617e+001  1.090002e+001  2.343426e+001  3.327568e+000  3.158023e+001  2.468614e+000  9.449122e+000  1.987297e+001
        14  1.000000e+002  7.503080e+001 -3.146488e+001  3.022762e+002 -5.646001e+001  3.333724e+002  1.462474e+002  3.159985e+001  1.210729e+002  7.703818e+001 -4.129476e+001  2.800557e+002 -5.898296e+001  3.140514e+002  1.472341e+002  2.144023e+001  1.126785e+002  3.191277e+001  1.195381e+001  2.881927e+001  2.949327e+000  3.051836e+001  2.784993e+000  1.258338e+001  1.706476e+001
        14  1.000000e+002  7.751945e+001 -3.255827e+001  3.064768e+002 -5.565816e+001  3.409846e+002  1.444682e+002  3.286562e+001  1.216128e+002  7.703818e+001 -4.129476e+001  2.800557e+002 -5.898296e+001  3.140514e+002  1.472341e+002  2.144023e+001  1.126785e+002  3.191277e+001  1.195381e+001  2.881927e+001  2.949327e+000  3.051836e+001  2.784993e+000  1.258338e+001  1.706476e+001
        14  1.584800e+002  6.433985e+001 -3.366804e+001  3.310368e+002 -5.433241e+001  2.977081e+002  1.447057e+002  3.589355e+001  1.238909e+002  8.557739e+001 -3.805849e+001  3.413717e+002 -5.747878e+001  2.805057e+002  1.457424e+002  3.112691e+001  1.129829e+002  3.628214e+001  1.223867e+001  3.250151e+001  2.728556e+000  2.946189e+001  3.010311e+000  1.617952e+001  1.506389e+001
        14  1.584800e+002  6.800995e+001 -3.422568e+001  3.328056e+002 -5.343687e+001  3.148331e+002  1.432696e+002  3.743623e+001  1.247572e+002  8.557739e+001 -3.805849e+001  3.413717e+002 -5.747878e+001  2.805057e+002  1.457424e+002  3.112691e+001  1.129829e+002  3.628214e+001  1.223867e+001  3.250151e+001  2.728556e+000  2.946189e+001  3.010311e+000  1.617952e+001  1.506389e+001
        14  2.511800e+002  6.090285e+001 -3.627441e+001  3.501463e+002 -5.225769e+001  2.890678e+002  1.421929e+002  4.031218e+001  1.267033e+002  8.496844e+001 -3.596765e+001  3.799190e+002 -5.608787e+001  2.535176e+002  1.433625e+002  4.136501e+001  1.144041e+002  3.706709e+001  1.259879e+001  3.433786e+001  2.590137e+000  2.804993e+001  3.171305e+000  1.952538e+001  1.365136e+001
        14  2.511800e+002  5.708246e+001 -3.654789e+001  3.518238e+002 -5.317058e+001  2.677536e+002  1.428330e+002  3.897892e+001  1.254862e+002  8.496844e+001 -3.596765e+001  3.799190e+002 -5.608787e+001  2.535176e+002  1.433625e+002  4.136501e+001  1.144041e+002  3.706709e+001  1.259879e+001  3.433786e+001  2.590137e+000  2.804993e+001  3.171305e+000  1.952538e+001  1.365136e+001
        14  3.981000e+002  5.569052e+001 -3.852003e+001  3.689107e+002 -5.195744e+001  2.650398e+002  1.406141e+002  4.305343e+001  1.278905e+002  7.677575e+001 -3.521675e+001  4.072561e+002 -5.543882e+001  2.258644e+002  1.410689e+002  5.083589e+001  1.164195e+002  3.495501e+001  1.315838e+001  3.514485e+001  2.472986e+000  2.617290e+001  3.321543e+000  2.214155e+001  1.257837e+001
        14  3.981000e+002  5.259124e+001 -3.977904e+001  3.735135e+002 -5.290268e+001  2.457312e+002  1.403054e+002  4.216780e+001  1.263125e+002  7.677575e+001 -3.521675e+001  4.072561e+002 -5.543882e+001  2.258644e+002  1.410689e+002  5.083589e+001  1.164195e+002  3.495501e+001  1.315838e+001  3.514485e+001  2.472986e+000  2.617290e+001  3.321543e+000  2.214155e+001  1.257837e+001
        14  6.309500e+002  5.195616e+001 -4.117426e+001  3.934294e+002 -5.198310e+001  2.482307e+002  1.381917e+002  4.580891e+001  1.289111e+002  6.278745e+001 -3.739320e+001  4.123527e+002 -5.533155e+001  2.138994e+002  1.371866e+002  5.704485e+001  1.180596e+002  3.015436e+001  1.389424e+001  3.499485e+001  2.431971e+000  2.520429e+001  3.377608e+000  2.381354e+001  1.204773e+001
        14  6.309500e+002  5.047391e+001 -4.329506e+001  4.021167e+002 -5.305575e+001  2.350846e+002  1.372704e+002  4.573908e+001  1.269503e+002  6.278745e+001 -3.739320e+001  4.123527e+002 -5.533155e+001  2.138994e+002  1.371866e+002  5.704485e+001  1.180596e+002  3.015436e+001  1.389424e+001  3.499485e+001  2.431971e+000  2.520429e+001  3.377608e+000  2.381354e+001  1.204773e+001
        14  1.000000e+003  5.019045e+001 -4.437713e+001  4.223734e+002 -5.192067e+001  2.431677e+002  1.353516e+002  4.818339e+001  1.299193e+002  4.833711e+001 -3.803596e+001  4.256071e+002 -5.558001e+001  2.169300e+002  1.331324e+002  6.051352e+001  1.205313e+002  2.497986e+001  1.497468e+001  3.596156e+001  2.421317e+000  2.567402e+001  3.392507e+000  2.498009e+001  1.191152e+001
        14  1.000000e+003  5.084720e+001 -4.682807e+001  4.375298e+002 -5.310855e+001  2.360320e+002  1.344196e+002  4.934632e+001  1.276318e+002  4.833711e+001 -3.803596e+001  4.256071e+002 -5.558001e+001  2.169300e+002  1.331324e+002  6.051352e+001  1.205313e+002  2.497986e+001  1.497468e+001  3.596156e+001  2.421317e+000  2.567402e+001  3.392507e+000  2.498009e+001  1.191152e+001
        15  1.000000e+000  8.399876e+000  1.469478e+002  2.031162e+001 -4.144647e+001  2.173525e+001  1.415611e+002  5.579131e-002  4.809628e+001  1.378731e+001  1.433670e+002  2.167379e+001 -3.341735e+001  1.772311e+001  1.356206e+002  8.375800e-001 -1.834737e+001  4.631355e+000  9.669069e+000  3.848768e+000  5.093917e+000  3.586735e+000  5.807588e+000  5.389234e-001  1.876665e+001
        15  1.584800e+000  7.534343e+000  1.454920e+002  2.097645e+001 -4.633006e+001  2.039171e+001  1.396455e+002  4.942564e-002  7.085124e+001  1.430514e+001  1.465880e+002  2.116145e+001 -4.069868e+001  2.321343e+001  1.380775e+002  1.965920e-001  4.945259e+001  4.732975e+000  9.522168e+000  5.119055e+000  6.947070e+000  3.234556e+000  3.995028e+000  1.944123e-001  2.963391e+001
        15  2.511800e+000  7.100685e+000  1.446903e+002  2.302679e+001 -4.940188e+001  1.997130e+001  1.381219e+002  4.923831e-002  9.543830e+001  1.380420e+001  1.446832e+002  2.209184e+001 -4.668611e+001  2.046429e+001  1.368927e+002  2.378356e-001  8.093426e+001  4.657853e+000  9.712911e+000  4.733805e+000  6.150430e+000  3.619725e+000  5.073869e+000  2.173081e-001  2.718372e+001
        15  3.981000e+000  6.872007e+000  1.456385e+002  2.568984e+001 -5.060633e+001  1.982170e+001  1.375708e+002  4.831465e-002  1.209359e+002  1.348687e+001  1.452533e+002  2.278176e+001 -5.132314e+001  1.837293e+001  1.370437e+002  7.874598e-003  1.359699e+002  4.612627e+000  9.846219e+000  2.816571e+000  3.544076e+000  3.322523e+000  5.187711e+000  1.641860e-002  1.800000e+002
        15  6.309500e+000  7.241791e+000  1.485379e+002  2.826677e+001 -5.041246e+001  1.900264e+001  1.372869e+002  2.957466e-002  1.427260e+002  1.225807e+001  1.509218e+002  2.536240e+001 -5.086642e+001  2.040547e+001  1.349238e+002  4.446925e-002  1.466844e+002  4.410511e+000  1.036407e+001  2.555096e+000  2.887309e+000  2.154501e+000  3.026179e+000  6.174389e-002  4.396599e+001
        15  6.309500e+000  6.539227e+000  1.488277e+002  2.832982e+001 -5.041334e+001  1.928148e+001  1.375958e+002  3.972686e-002  1.459219e+002  1.225807e+001  1.509218e+002  2.536240e+001 -5.086642e+001  2.040547e+001  1.349238e+002  4.446925e-002  1.466844e+002  4.410511e+000  1.036407e+001  2.555096e+000  2.887309e+000  2.154501e+000  3.026179e+000  6.174389e-002  4.396599e+001
        15  1.000000e+001  5.870886e+000  1.539174e+002  3.031372e+001 -4.937513e+001  1.823383e+001  1.371251e+002  2.497602e-002  1.680656e+002  1.072444e+001  1.571667e+002  2.776874e+001 -5.119591e+001  1.882389e+001  1.360467e+002  4.458090e-002  1.552632e+002  4.081212e+000  1.096890e+001  2.519704e+000  2.600370e+000  2.074561e+000  3.158853e+000  6.062588e-002  4.284002e+001
        15  1.000000e+001  6.420227e+000  1.534747e+002  3.005415e+001 -4.912263e+001  1.801152e+001  1.368023e+002  1.928183e-002  1.614118e+002  1.072444e+001  1.571667e+002  2.776874e+001 -5.119591e+001  1.882389e+001  1.360467e+002  4.458090e-002  1.552632e+002  4.081212e+000  1.096890e+001  2.519704e+000  2.600370e+000  2.074561e+000  3.158853e+000  6.062588e-002  4.284002e+001
        15  1.584800e+001  4.875608e+000  1.601537e+002  3.123057e+001 -4.834374e+001  1.721014e+001  1.352521e+002  1.191514e-002 -1.743157e+002  8.841695e+000  1.657034e+002  3.034130e+001 -5.130650e+001  1.674557e+001  1.345309e+002  3.545281e-002  1.652897e+002  3.610191e+000  1.178017e+001  2.615140e+000  2.469949e+000  1.942798e+000  3.325557e+000  4.958119e-002  4.436737e+001
        15  1.584800e+001  5.336475e+000  1.590466e+002  3.059825e+001 -4.816506e+001  1.706518e+001  1.349030e+002  1.029870e-002  1.755270e+002  8.841695e+000  1.657034e+002  3.034130e+001 -5.130650e+001  1.674557e+001  1.345309e+002  3.545281e-002  1.652897e+002  3.610191e+000  1.178017e+001  2.615140e+000  2.469949e+000  1.942798e+000  3.325557e+000  4.958119e-002  4.436737e+001
        15  2.511800e+001  3.764075e+000  1.669110e+002  3.155344e+001 -4.811063e+001  1.694011e+001  1.319479e+002  3.993000e-003 -1.591781e+002  6.887508e+000  1.735928e+002  3.134913e+001 -5.073089e+001  1.601934e+001  1.342869e+002  1.400963e-002  1.620687e+002  3.018037e+000  1.265588e+001  2.650512e+000  2.422849e+000  1.894695e+000  3.390321e+000  2.443940e-002  6.071948e+001
        15  2.511800e+001  4.227728e+000  1.651303e+002  3.079098e+001 -4.829996e+001  1.687851e+001  1.316153e+002  4.017248e-003 -1.724709e+002  6.887508e+000  1.735928e+002  3.134913e+001 -5.073089e+001  1.601934e+001  1.342869e+002  1.400963e-002  1.620687e+002  3.018037e+000  1.265588e+001  2.650512e+000  2.422849e+000  1.894695e+000  3.390321e+000  2.443940e-002  6.071948e+001
        15  3.981000e+001  2.755396e+000  1.744136e+002  3.237692e+001 -4.868429e+001  1.792224e+001  1.281864e+002  3.363519e-004 -1.246052e+002  5.243490e+000 -1.759842e+002  3.302912e+001 -4.995655e+001  1.612970e+001  1.289947e+002  3.822657e-002  3.875687e+001  2.492092e+000  1.374710e+001  2.761118e+000  2.395560e+000  1.929522e+000  3.429061e+000  5.197657e-002  4.283182e+001
        15  3.981000e+001  3.237577e+000  1.725224e+002  3.184547e+001 -4.920297e+001  1.791415e+001  1.279204e+002  3.303120e-004 -1.589253e+002  5.243490e+000 -1.759842e+002  3.302912e+001 -4.995655e+001  1.612970e+001  1.289947e+002  3.822657e-002  3.875687e+001  2.492092e+000  1.374710e+001  2.761118e+000  2.395560e+000  1.929522e+000  3.429061e+000  5.197657e-002  4.283182e+001
        15  6.309500e+001  1.894645e+000 -1.762312e+002  3.435103e+001 -4.907488e+001  2.025574e+001  1.251821e+002  2.016462e-003  2.435308e+001  3.539909e+000 -1.587431e+002  3.379840e+001 -4.823918e+001  1.896162e+001  1.231706e+002  4.724806e-002  6.331532e+000  1.866805e+000  1.528852e+001  2.925117e+000  2.480135e+000  2.190952e+000  3.312012e+000  6.344159e-002  4.217267e+001
        15  6.309500e+001  2.341478e+000 -1.773378e+002  3.418975e+001 -4.966654e+001  2.025992e+001  1.249410e+002  1.789873e-003  3.901597e+001  3.539909e+000 -1.587431e+002  3.379840e+001 -4.823918e+001  1.896162e+001  1.231706e+002  4.724806e-002  6.331532e+000  1.866805e+000  1.528852e+001  2.925117e+000  2.480135e+000  2.190952e+000  3.312012e+000  6.344159e-002  4.217267e+001
        15  1.000000e+002  1.160957e+000 -1.645816e+002  3.664720e+001 -4.835620e+001  2.377317e+001  1.236008e+002  1.400356e-002  5.141563e+001  2.303442e+000 -1.340509e+002  3.475859e+001 -4.771561e+001  2.389021e+001  1.216066e+002  3.228298e-002  9.725533e+001  1.361978e+000  1.719590e+001  3.164847e+000  2.609356e+000  2.623806e+000  3.147913e+000  5.051356e-002  5.147680e+001
        15  1.000000e+002  1.491017e+000 -1.638165e+002  3.674991e+001 -4.888989e+001  2.381719e+001  1.232873e+002  1.330405e-002  5.990641e+001  2.303442e+000 -1.340509e+002  3.475859e+001 -4.771561e+001  2.389021e+001  1.216066e+002  3.228298e-002  9.725533e+001  1.361978e+000  1.719590e+001  3.164847e+000  2.609356e+000  2.623806e+000  3.147913e+000  5.051356e-002  5.147680e+001
        15  1.584800e+002  6.070892e-001 -1.518204e+002  3.771977e+001 -4.692696e+001  2.807138e+001  1.235870e+002  3.732904e-002  7.396832e+001  1.249467e+000 -1.125713e+002  3.492519e+001 -4.736698e+001  2.826845e+001  1.212255e+002  3.160086e-002  1.075132e+002  8.619080e-001  2.017632e+001  3.312712e+000  2.718320e+000  2.980337e+000  3.021741e+000  5.184666e-002  5.511846e+001
        15  1.584800e+002  7.838273e-001 -1.480392e+002  3.805926e+001 -4.746367e+001  2.830026e+001  1.231988e+002  3.412433e-002  8.145990e+001  1.249467e+000 -1.125713e+002  3.492519e+001 -4.736698e+001  2.826845e+001  1.212255e+002  3.160086e-002  1.075132e+002  8.619080e-001  2.017632e+001  3.312712e+000  2.718320e+000  2.980337e+000  3.021741e+000  5.184666e-002  5.511846e+001
        15  2.511800e+002  3.346242e-001 -1.321419e+002  3.792623e+001 -4.643780e+001  3.288041e+001  1.245679e+002  5.422314e-002  1.014912e+002  5.966040e-001 -8.634969e+001  3.655599e+001 -4.771243e+001  3.392704e+001  1.234340e+002  5.839009e-002  1.350418e+002  5.007634e-001  2.481427e+001  3.588031e+000  2.812968e+000  3.456606e+000  2.920012e+000  8.600257e-002  4.742974e+001
        15  2.511800e+002  2.755956e-001 -1.400508e+002  3.722207e+001 -4.596734e+001  3.231967e+001  1.248703e+002  6.183645e-002  9.396162e+001  5.966040e-001 -8.634969e+001  3.655599e+001 -4.771243e+001  3.392704e+001  1.234340e+002  5.839009e-002  1.350418e+002  5.007634e-001  2.481427e+001  3.588031e+000  2.812968e+000  3.456606e+000  2.920012e+000  8.600257e-002  4.742974e+001
        15  3.981000e+002  1.211971e-001 -1.194950e+002  3.713259e+001 -4.642011e+001  3.624795e+001  1.265860e+002  6.215022e-002  1.183956e+002  1.834747e-001 -5.927111e+001  3.916135e+001 -4.753319e+001  3.786973e+001  1.265843e+002  7.711928e-002  1.555838e+002  2.103922e-001  3.498449e+001  3.883446e+000  2.842041e+000  3.818867e+000  2.890142e+000  1.089121e-001  4.492073e+001
        15  3.981000e+002  1.211865e-001 -1.316506e+002  3.620197e+001 -4.622112e+001  3.545252e+001  1.266061e+002  7.439306e-002  1.095376e+002  1.834747e-001 -5.927111e+001  3.916135e+001 -4.753319e+001  3.786973e+001  1.265843e+002  7.711928e-002  1.555838e+002  2.103922e-001  3.498449e+001  3.883446e+000  2.842041e+000  3.818867e+000  2.890142e+000  1.089121e-001  4.492073e+001
        15  6.309500e+002  4.631709e-002 -1.156981e+002  3.669755e+001 -4.750968e+001  3.797852e+001  1.279315e+002  5.585457e-002  1.298711e+002  2.696949e-002 -2.892752e+001  4.131834e+001 -4.675588e+001  3.929439e+001  1.299599e+002  8.715011e-002  1.725145e+002  5.062011e-002  6.979616e+001  4.080335e+000  2.830234e+000  3.979145e+000  2.902268e+000  1.204743e-001  4.372426e+001
        15  6.309500e+002  6.595660e-002 -1.275128e+002  3.585458e+001 -4.758555e+001  3.728807e+001  1.276535e+002  7.407626e-002  1.185722e+002  2.696949e-002 -2.892752e+001  4.131834e+001 -4.675588e+001  3.929439e+001  1.299599e+002  8.715011e-002  1.725145e+002  5.062011e-002  6.979616e+001  4.080335e+000  2.830234e+000  3.979145e+000  2.902268e+000  1.204743e-001  4.372426e+001
        15  1.000000e+003  5.605627e-002 -1.242180e+002  3.670453e+001 -4.945703e+001  3.888602e+001  1.275131e+002  7.277518e-002  1.207118e+002  9.726854e-003  7.301244e+001  4.208884e+001 -4.577591e+001  3.931099e+001  1.327043e+002  6.442320e-002 -1.706976e+002  2.366792e-002  1.800000e+002  4.137682e+000  2.817461e+000  3.998809e+000  2.915390e+000  9.605662e-002  4.820315e+001
        15  1.000000e+003  3.135167e-002 -1.206425e+002  3.734661e+001 -4.927974e+001  3.927124e+001  1.279086e+002  4.535819e-002  1.334557e+002  9.726854e-003  7.301244e+001  4.208884e+001 -4.577591e+001  3.931099e+001  1.327043e+002  6.442320e-002 -1.706976e+002  2.366792e-002  1.800000e+002  4.137682e+000  2.817461e+000  3.998809e+000  2.915390e+000  9.605662e-002  4.820315e+001
        16  6.309000e-002  1.040916e+001  1.443551e+002  7.279065e+001 -2.060498e+001  1.220440e+002  1.354531e+002  6.058422e+000 -8.107293e+000  1.121460e+001  1.422443e+002  6.988189e+001 -2.477114e+001  9.317695e+001  1.359896e+002  1.018387e+001 -1.270272e+001  5.315586e+000  1.370919e+001  1.987819e+001  8.176736e+000  2.925978e+001  9.033500e+000  5.313562e+000  1.512236e+001
        16  2.511800e-001  6.497900e+000  1.607742e+002  3.370952e+001 -2.694050e+001  1.074625e+002  1.436528e+002  2.326232e+000 -1.002941e+001  8.472542e+000  1.538888e+002  2.832115e+001 -2.828129e+001  1.114884e+002  1.444227e+002  2.313732e+000 -8.991023e+000  3.436841e+000  1.170205e+001  7.188116e+000  7.290704e+000  1.187454e+001  3.052707e+000  1.828782e+000  2.327856e+001
        16  6.309500e-001  3.557296e+000  1.708742e+002  2.412070e+001 -3.514050e+001  8.261110e+001  1.458657e+002  1.136666e+000  5.851876e-001  3.921887e+000  1.723560e+002  1.709402e+001 -4.011163e+001  9.100530e+001  1.470279e+002  8.159381e-001  2.007076e+001  1.700025e+000  1.251737e+001  2.712031e+000  4.549875e+000  1.336927e+001  4.212355e+000  7.954839e-001  2.917416e+001
        16  2.511800e+000  1.177218e+000 -1.688030e+002  2.449950e+001 -4.448628e+001  5.826764e+001  1.443780e+002  2.745377e-001  1.995297e+001  2.032609e+000  1.667771e+002  2.034152e+001 -4.924586e+001  5.651584e+001  1.422011e+002  4.164179e-001  3.159496e+001  1.084569e+000  1.547349e+001  2.626276e+000  3.701277e+000  4.377576e+000  2.219549e+000  4.263915e-001  3.079551e+001
        16  3.981000e+000  8.320809e-001 -1.576797e+002  2.501020e+001 -4.431159e+001  5.258050e+001  1.439831e+002  1.899423e-001  2.714398e+001  1.770433e+000 -1.794374e+002  2.655267e+001 -4.971729e+001  5.214809e+001  1.422957e+002  2.464700e-001  5.410505e+001  1.045239e+000  1.716912e+001  3.143325e+000  3.393342e+000  4.405086e+000  2.420682e+000  2.819979e-001  3.489495e+001
        16  6.309500e+000  7.548757e-001 -1.416464e+002  2.449276e+001 -4.542088e+001  4.646547e+001  1.427473e+002  2.904518e-001  4.006192e+001  1.352777e+000 -1.505156e+002  2.798142e+001 -4.843757e+001  4.745095e+001  1.424152e+002  1.649105e-001  6.811470e+001  8.654899e-001  1.865650e+001  3.193105e+000  3.270937e+000  4.158157e+000  2.511237e+000  2.037543e-001  3.815364e+001
        16  6.309500e+000  6.332977e-001 -1.420835e+002  2.469938e+001 -4.415355e+001  4.686311e+001  1.431022e+002  1.765956e-001  3.761685e+001  1.352777e+000 -1.505156e+002  2.798142e+001 -4.843757e+001  4.745095e+001  1.424152e+002  1.649105e-001  6.811470e+001  8.654899e-001  1.865650e+001  3.193105e+000  3.270937e+000  4.158157e+000  2.511237e+000  2.037543e-001  3.815364e+001
        16  2.511800e+001  4.303115e-001 -7.622951e+001  2.425020e+001 -4.573110e+001  4.019540e+001  1.355119e+002  3.043796e-001  9.994124e+001  6.539674e-001 -7.552570e+001  2.719909e+001 -4.284485e+001  4.017303e+001  1.350563e+002  1.977952e-001  1.231149e+002  4.982419e-001  2.239179e+001  2.998494e+000  3.159815e+000  3.644125e+000  2.599563e+000  2.240076e-001  3.448993e+001
        16  2.511800e+001  4.433481e-001 -7.488248e+001  2.448960e+001 -4.611792e+001  4.057579e+001  1.351640e+002  3.344906e-001  1.060668e+002  6.539674e-001 -7.552570e+001  2.719909e+001 -4.284485e+001  4.017303e+001  1.350563e+002  1.977952e-001  1.231149e+002  4.982419e-001  2.239179e+001  2.998494e+000  3.159815e+000  3.644125e+000  2.599563e+000  2.240076e-001  3.448993e+001
        16  3.981000e+001  3.554256e-001 -5.944614e+001  2.453019e+001 -4.645930e+001  4.186960e+001  1.341951e+002  2.926014e-001  1.171467e+002  8.516062e-001 -6.757689e+001  2.692388e+001 -4.439488e+001  4.389119e+001  1.336581e+002  1.858474e-001  1.401045e+002  6.058103e-001  2.083555e+001  3.042303e+000  3.238834e+000  3.884384e+000  2.536176e+000  2.185644e-001  3.601670e+001
        16  3.981000e+001  3.710252e-001 -6.012074e+001  2.494451e+001 -4.690106e+001  4.258472e+001  1.340235e+002  3.037920e-001  1.217751e+002  8.516062e-001 -6.757689e+001  2.692388e+001 -4.439488e+001  4.389119e+001  1.336581e+002  1.858474e-001  1.401045e+002  6.058103e-001  2.083555e+001  3.042303e+000  3.238834e+000  3.884384e+000  2.536176e+000  2.185644e-001  3.601670e+001
        16  6.309500e+001  2.802029e-001 -5.073651e+001  2.520302e+001 -4.703028e+001  4.319158e+001  1.339974e+002  2.490201e-001  1.274420e+002  6.909702e-001 -3.369178e+001  2.712325e+001 -4.696890e+001  4.525014e+001  1.347005e+002  1.033401e-001  1.300401e+002  5.188532e-001  2.205230e+001  3.082532e+000  3.257561e+000  3.981500e+000  2.521504e+000  1.418142e-001  4.332632e+001
        16  6.309500e+001  3.136409e-001 -5.198152e+001  2.585278e+001 -4.725210e+001  4.393647e+001  1.341367e+002  2.498136e-001  1.308975e+002  6.909702e-001 -3.369178e+001  2.712325e+001 -4.696890e+001  4.525014e+001  1.347005e+002  1.033401e-001  1.300401e+002  5.188532e-001  2.205230e+001  3.082532e+000  3.257561e+000  3.981500e+000  2.521504e+000  1.418142e-001  4.332632e+001
        16  1.000000e+002  2.448014e-001 -4.874408e+001  2.593323e+001 -4.719136e+001  4.366654e+001  1.338967e+002  2.133956e-001  1.304142e+002  3.147664e-001 -4.277389e+001  2.644938e+001 -4.702962e+001  4.351891e+001  1.343028e+002  1.209996e-001  1.276240e+002  2.858986e-001  2.700987e+001  2.995550e+000  3.246282e+000  3.842447e+000  2.530252e+000  1.580791e-001  4.078493e+001
        16  1.000000e+002  2.855271e-001 -4.829342e+001  2.659136e+001 -4.708364e+001  4.410331e+001  1.342165e+002  2.108800e-001  1.329941e+002  3.147664e-001 -4.277389e+001  2.644938e+001 -4.702962e+001  4.351891e+001  1.343028e+002  1.209996e-001  1.276240e+002  2.858986e-001  2.700987e+001  2.995550e+000  3.246282e+000  3.842447e+000  2.530252e+000  1.580791e-001  4.078493e+001
        16  1.584800e+002  2.753914e-001 -4.561807e+001  2.692905e+001 -4.702006e+001  4.437948e+001  1.338353e+002  2.045919e-001  1.322528e+002  2.634562e-001 -4.024396e+001  2.675227e+001 -4.805725e+001  4.403195e+001  1.340420e+002  1.563813e-001  1.231489e+002  2.508893e-001  2.843425e+001  3.030204e+000  3.246656e+000  3.887545e+000  2.530121e+000  1.921770e-001  3.791196e+001
        16  1.584800e+002  2.435025e-001 -4.778236e+001  2.646989e+001 -4.732411e+001  4.422302e+001  1.335028e+002  2.088900e-001  1.298270e+002  2.634562e-001 -4.024396e+001  2.675227e+001 -4.805725e+001  4.403195e+001  1.340420e+002  1.563813e-001  1.231489e+002  2.508893e-001  2.843425e+001  3.030204e+000  3.246656e+000  3.887545e+000  2.530121e+000  1.921770e-001  3.791196e+001
        16  2.511800e+002  2.429398e-001 -4.585125e+001  2.703980e+001 -4.765401e+001  4.524625e+001  1.332257e+002  2.211273e-001  1.301279e+002  2.599524e-001 -3.636874e+001  2.699092e+001 -4.919940e+001  4.352439e+001  1.335243e+002  2.136431e-001  1.261790e+002  2.489424e-001  2.860857e+001  3.041556e+000  3.229987e+000  3.862365e+000  2.543056e+000  2.421429e-001  3.452040e+001
        16  2.511800e+002  2.603172e-001 -4.314608e+001  2.724891e+001 -4.738113e+001  4.519687e+001  1.335641e+002  2.110383e-001  1.326751e+002  2.599524e-001 -3.636874e+001  2.699092e+001 -4.919940e+001  4.352439e+001  1.335243e+002  2.136431e-001  1.261790e+002  2.489424e-001  2.860857e+001  3.041556e+000  3.229987e+000  3.862365e+000  2.543056e+000  2.421429e-001  3.452040e+001
        16  3.981000e+002  2.334503e-001 -4.465622e+001  2.777948e+001 -4.805862e+001  4.618313e+001  1.332024e+002  2.303768e-001  1.312317e+002  2.534642e-001 -3.415004e+001  2.764700e+001 -4.998689e+001  4.733973e+001  1.349464e+002  2.601420e-001  1.349660e+002  2.457416e-001  2.899713e+001  3.162615e+000  3.278899e+000  4.138426e+000  2.505189e+000  2.866389e-001  3.343068e+001
        16  3.981000e+002  2.385089e-001 -4.220959e+001  2.784269e+001 -4.796793e+001  4.582988e+001  1.335156e+002  2.125615e-001  1.335747e+002  2.534642e-001 -3.415004e+001  2.764700e+001 -4.998689e+001  4.733973e+001  1.349464e+002  2.601420e-001  1.349660e+002  2.457416e-001  2.899713e+001  3.162615e+000  3.278899e+000  4.138426e+000  2.505189e+000  2.866389e-001  3.343068e+001
        16  6.309500e+002  2.244992e-001 -4.470879e+001  2.862351e+001 -4.846688e+001  4.677292e+001  1.331196e+002  2.352642e-001  1.320392e+002  5.256219e-001 -2.047768e+001  2.646234e+001 -4.894649e+001  4.521721e+001  1.353312e+002  3.657967e-001  1.518465e+002  4.200323e-001  2.355052e+001  3.025488e+000  3.277152e+000  3.954879e+000  2.506459e+000  3.659113e-001  3.001036e+001
        16  6.309500e+002  2.220118e-001 -4.293923e+001  2.863911e+001 -4.859045e+001  4.612395e+001  1.332755e+002  2.112692e-001  1.338909e+002  5.256219e-001 -2.047768e+001  2.646234e+001 -4.894649e+001  4.521721e+001  1.353312e+002  3.657967e-001  1.518465e+002  4.200323e-001  2.355052e+001  3.025488e+000  3.277152e+000  3.954879e+000  2.506459e+000  3.659113e-001  3.001036e+001
        17  6.309500e+000  1.613979e+000 -1.680513e+002  2.917239e+001 -3.846515e+001  2.163504e+001  1.434351e+002  8.935180e-002  7.862765e+001  1.366511e+001 -1.652615e+002  2.788025e+001 -3.225553e+001  2.014814e+001  1.431258e+002  1.673275e-001  5.231247e+001  4.899571e+000  1.032742e+001  2.570600e+000  2.642313e+000  2.185262e+000  3.108668e+000  1.662846e-001  2.979405e+001
        17  6.309500e+000  2.078720e+000 -1.673674e+002  2.969621e+001 -3.744809e+001  2.077769e+001  1.411025e+002  7.773536e-002  8.061495e+001  1.366511e+001 -1.652615e+002  2.788025e+001 -3.225553e+001  2.014814e+001  1.431258e+002  1.673275e-001  5.231247e+001  4.899571e+000  1.032742e+001  2.570600e+000  2.642313e+000  2.185262e+000  3.108668e+000  1.662846e-001  2.979405e+001
        17  1.000000e+001  9.093794e-001 -1.631719e+002  2.596568e+001 -3.664579e+001  1.952107e+001  1.369135e+002  3.869960e-002  1.043862e+002  7.307975e+000 -1.565970e+002  2.264090e+001 -3.332587e+001  2.021256e+001  1.377565e+002  7.239494e-003  1.062292e+002  2.908632e+000  1.147872e+001  2.200760e+000  2.785754e+000  2.079393e+000  2.948489e+000  1.578724e-002  1.800000e+002
        17  1.000000e+001  6.807492e-001 -1.647484e+002  2.589727e+001 -3.763259e+001  1.967841e+001  1.387310e+002  4.986178e-002  1.059776e+002  7.307975e+000 -1.565970e+002  2.264090e+001 -3.332587e+001  2.021256e+001  1.377565e+002  7.239494e-003  1.062292e+002  2.908632e+000  1.147872e+001  2.200760e+000  2.785754e+000  2.079393e+000  2.948489e+000  1.578724e-002  1.800000e+002
        17  1.584800e+001  3.381090e-001 -1.668430e+002  2.199555e+001 -3.830196e+001  1.967107e+001  1.322721e+002  2.075864e-002  1.169945e+002  2.806481e+000 -1.463684e+002  1.821991e+001 -3.612830e+001  2.086328e+001  1.342372e+002  2.934598e-002  1.644470e+002  1.343926e+000  1.385305e+001  1.884800e+000  2.964869e+000  2.016895e+000  2.770529e+000  4.545845e-002  5.076208e+001
        17  1.584800e+001  2.423720e-001 -1.724340e+002  2.220398e+001 -3.913181e+001  1.947705e+001  1.333417e+002  2.652572e-002  1.268283e+002  2.806481e+000 -1.463684e+002  1.821991e+001 -3.612830e+001  2.086328e+001  1.342372e+002  2.934598e-002  1.644470e+002  1.343926e+000  1.385305e+001  1.884800e+000  2.964869e+000  2.016895e+000  2.770529e+000  4.545845e-002  5.076208e+001
        17  2.511800e+001  1.341684e-001  1.742371e+002  1.956153e+001 -4.295012e+001  2.131093e+001  1.282656e+002  1.675339e-002  1.185558e+002  1.940653e-001 -1.477332e+002  1.822087e+001 -4.100759e+001  2.338421e+001  1.285835e+002  1.264467e-001  1.384591e+002  1.812258e-001  2.783453e+001  1.939344e+000  3.050589e+000  2.197009e+000  2.692536e+000  1.398866e-001  3.358302e+001
        17  2.511800e+001  1.191647e-001  1.617371e+002  1.997666e+001 -4.363574e+001  2.108435e+001  1.286388e+002  1.498549e-002  1.347912e+002  1.940653e-001 -1.477332e+002  1.822087e+001 -4.100759e+001  2.338421e+001  1.285835e+002  1.264467e-001  1.384591e+002  1.812258e-001  2.783453e+001  1.939344e+000  3.050589e+000  2.197009e+000  2.692536e+000  1.398866e-001  3.358302e+001
        17  3.981000e+001  1.049607e-001  1.453907e+002  1.962080e+001 -4.906329e+001  2.405941e+001  1.254207e+002  2.065565e-002  1.222913e+002  1.121370e+000  8.753515e+001  2.080771e+001 -4.333006e+001  2.614640e+001  1.217459e+002  3.913464e-001  1.341138e+002  6.982172e-001  1.813900e+001  2.203011e+000  3.034507e+000  3.256242e+000  3.570084e+000  3.356588e-001  2.539468e+001
        17  3.981000e+001  1.312074e-001  1.377134e+002  2.033691e+001 -4.937584e+001  2.404952e+001  1.254688e+002  1.327863e-002  1.321218e+002  1.121370e+000  8.753515e+001  2.080771e+001 -4.333006e+001  2.614640e+001  1.217459e+002  3.913464e-001  1.341138e+002  6.982172e-001  1.813900e+001  2.203011e+000  3.034507e+000  3.256242e+000  3.570084e+000  3.356588e-001  2.539468e+001
        17  6.309500e+001  1.726127e-001  1.261949e+002  2.308930e+001 -5.367593e+001  2.803826e+001  1.236182e+002  1.822024e-002  1.377622e+002  1.149168e+000  9.250007e+001  2.544193e+001 -5.142953e+001  3.114479e+001  1.147500e+002  1.631603e-001  1.563690e+002  7.478141e-001  1.898811e+001  2.676088e+000  3.014695e+000  3.962150e+000  3.646964e+000  1.819399e-001  3.388649e+001
        17  6.309500e+001  1.387767e-001  1.267888e+002  2.220626e+001 -5.410099e+001  2.782237e+001  1.235112e+002  2.746393e-002  1.337399e+002  1.149168e+000  9.250007e+001  2.544193e+001 -5.142953e+001  3.114479e+001  1.147500e+002  1.631603e-001  1.563690e+002  7.478141e-001  1.898811e+001  2.676088e+000  3.014695e+000  3.962150e+000  3.646964e+000  1.819399e-001  3.388649e+001
        17  1.000000e+002  2.003554e-001  1.168550e+002  2.662101e+001 -5.669059e+001  3.270219e+001  1.226436e+002  3.302655e-002  1.516381e+002  2.122702e-001  1.005322e+002  2.960472e+001 -5.573255e+001  3.292573e+001  1.166159e+002  2.267876e-001  1.741164e+002  2.188400e-001  3.102922e+001  3.040159e+000  2.943195e+000  3.206148e+000  2.790696e+000  2.361650e-001  3.137750e+001
        17  1.000000e+002  2.273807e-001  1.188408e+002  2.726884e+001 -5.564482e+001  3.298450e+001  1.229459e+002  2.317212e-002  1.547700e+002  2.122702e-001  1.005322e+002  2.960472e+001 -5.573255e+001  3.292573e+001  1.166159e+002  2.267876e-001  1.741164e+002  2.188400e-001  3.102922e+001  3.040159e+000  2.943195e+000  3.206148e+000  2.790696e+000  2.361650e-001  3.137750e+001
        17  1.584800e+002  3.167037e-001  1.147456e+002  3.188688e+001 -5.592781e+001  3.844721e+001  1.233112e+002  2.506924e-002  1.774554e+002  3.025198e-001  1.063754e+002  3.282534e+001 -5.740066e+001  3.563833e+001  1.178004e+002  1.610244e-001  1.709487e+002  2.929131e-001  2.895498e+001  3.350742e+000  2.925588e+000  3.491363e+000  2.807658e+000  1.863218e-001  3.534874e+001
        17  1.584800e+002  2.999809e-001  1.121758e+002  3.178413e+001 -5.725671e+001  3.827741e+001  1.228178e+002  3.414717e-002  1.745007e+002  3.025198e-001  1.063754e+002  3.282534e+001 -5.740066e+001  3.563833e+001  1.178004e+002  1.610244e-001  1.709487e+002  2.929131e-001  2.895498e+001  3.350742e+000  2.925588e+000  3.491363e+000  2.807658e+000  1.863218e-001  3.534874e+001
        17  2.511800e+002  4.384455e-001  1.122536e+002  3.706894e+001 -5.685403e+001  4.400845e+001  1.236334e+002  3.149798e-002 -1.599895e+002  2.848573e-001  1.188673e+002  3.792930e+001 -5.849131e+001  3.894894e+001  1.215174e+002  1.037004e-001 -1.663859e+002  2.902928e-001  3.063324e+001  3.817992e+000  2.884937e+000  3.868970e+000  2.846893e+000  1.369565e-001  4.132636e+001
        17  2.511800e+002  4.410204e-001  1.145146e+002  3.647228e+001 -5.543771e+001  4.386681e+001  1.242822e+002  2.503809e-002 -1.567168e+002  2.848573e-001  1.188673e+002  3.792930e+001 -5.849131e+001  3.894894e+001  1.215174e+002  1.037004e-001 -1.663859e+002  2.902928e-001  3.063324e+001  3.817992e+000  2.884937e+000  3.868970e+000  2.846893e+000  1.369565e-001  4.132636e+001
        17  3.981000e+002  5.857173e-001  1.150544e+002  4.242568e+001 -5.598219e+001  4.961149e+001  1.247472e+002  2.928241e-002 -1.345820e+002  5.635491e-001  1.184387e+002  4.241447e+001 -5.937748e+001  4.627866e+001  1.246409e+002  8.013983e-002 -1.135996e+002  4.979676e-001  2.621967e+001  4.334953e+000  2.929222e+000  4.528119e+000  2.804162e+000  1.178512e-001  4.733130e+001
        17  3.981000e+002  5.750202e-001  1.168749e+002  4.098503e+001 -5.456250e+001  4.894318e+001  1.254721e+002  2.535981e-002 -1.306803e+002  5.635491e-001  1.184387e+002  4.241447e+001 -5.937748e+001  4.627866e+001  1.246409e+002  8.013983e-002 -1.135996e+002  4.979676e-001  2.621967e+001  4.334953e+000  2.929222e+000  4.528119e+000  2.804162e+000  1.178512e-001  4.733130e+001
        17  6.309500e+002  7.186321e-001  1.184205e+002  4.756613e+001 -5.477505e+001  5.482801e+001  1.259820e+002  3.015724e-002 -1.112548e+002  4.808141e-001  1.222139e+002  4.872945e+001 -5.856658e+001  5.284347e+001  1.258121e+002  3.905053e-002 -7.879641e+001  4.576692e-001  2.842002e+001  4.972773e+000  2.924748e+000  5.178436e+000  2.808496e+000  7.105236e-002  6.547068e+001
        17  6.309500e+002  6.940683e-001  1.200095e+002  4.513822e+001 -5.343289e+001  5.351084e+001  1.266761e+002  2.755022e-002 -1.071604e+002  4.808141e-001  1.222139e+002  4.872945e+001 -5.856658e+001  5.284347e+001  1.258121e+002  3.905053e-002 -7.879641e+001  4.576692e-001  2.842002e+001  4.972773e+000  2.924748e+000  5.178436e+000  2.808496e+000  7.105236e-002  6.547068e+001
        17  1.000000e+003  8.323856e-001  1.215369e+002  5.202195e+001 -5.352478e+001  5.935215e+001  1.271399e+002  3.317732e-002 -9.099773e+001  3.220132e-001  1.303532e+002  6.004780e+001 -5.708609e+001  6.236204e+001  1.260169e+002  4.473541e-002 -3.716988e+001  3.569882e-001  3.366297e+001  6.061791e+000  2.893217e+000  6.177498e+000  2.838982e+000  8.200593e-002  6.642915e+001
        17  1.000000e+003  7.896744e-001  1.229281e+002  4.856020e+001 -5.235940e+001  5.738538e+001  1.277152e+002  3.071946e-002 -8.741777e+001  3.220132e-001  1.303532e+002  6.004780e+001 -5.708609e+001  6.236204e+001  1.260169e+002  4.473541e-002 -3.716988e+001  3.569882e-001  3.366297e+001  6.061791e+000  2.893217e+000  6.177498e+000  2.838982e+000  8.200593e-002  6.642915e+001
        18  6.309000e-002  5.444725e+003 -4.076355e+001  1.436009e+003 -2.582726e+001  5.592780e+004  1.391213e+002  9.665360e+003  1.537864e+002  3.538760e+003 -3.049474e+001  1.554705e+003 -2.000479e+001  3.612767e+004  1.511931e+002  8.583668e+003 -1.730171e+002  8.643093e+002  7.014490e+000  3.413534e+002  6.302679e+000  3.069595e+003  2.434807e+000  3.688389e+003  1.240668e+001
        18  3.981000e-001  3.485462e+003 -2.972772e+001  6.190058e+002 -3.611983e+001  3.592390e+004  1.499341e+002  4.114087e+003  1.441361e+002  5.126352e+003 -1.392217e+001  1.429436e+003 -2.661857e+001  3.544094e+004  1.670208e+002  6.232697e+003  1.541006e+002  1.117516e+003  6.257512e+000  3.189726e+002  6.405992e+000  1.588267e+003  1.283948e+000  2.887466e+003  1.339356e+001
        18  6.309500e-001  2.830920e+003 -2.922479e+001  5.971753e+002 -4.044975e+001  2.927657e+004  1.503201e+002  3.993378e+003  1.400246e+002  3.376200e+003 -1.963344e+001  1.010896e+003 -2.881221e+001  3.479815e+004  1.632807e+002  5.004904e+003  1.460666e+002  7.492255e+002  6.370481e+000  2.448592e+002  6.956171e+000  1.436618e+003  1.182793e+000  2.438126e+003  1.409756e+001
        18  1.000000e+000  2.324474e+003 -3.026157e+001  6.096338e+002 -4.357542e+001  2.414949e+004  1.491506e+002  4.081328e+003  1.373851e+002  2.346676e+003 -2.373123e+001  5.564042e+002 -4.018565e+001  2.206400e+004  1.592494e+002  3.403861e+003  1.401721e+002  4.912647e+002  6.008297e+000  1.581678e+002  8.171345e+000  8.792506e+002  1.141694e+000  1.629401e+003  1.384794e+001
        18  1.584800e+000  2.001683e+003 -3.221310e+001  6.464133e+002 -4.504600e+001  2.092157e+004  1.470475e+002  4.304627e+003  1.365639e+002  1.846832e+003 -2.993337e+001  4.818165e+002 -4.953637e+001  1.888420e+004  1.500943e+002  2.692651e+003  1.331214e+002  3.959764e+002  6.154175e+000  1.205554e+002  7.186828e+000  7.547364e+002  1.145034e+000  1.314541e+003  1.412853e+001
        18  2.511800e+000  1.824212e+003 -3.380084e+001  6.879587e+002 -4.456638e+001  1.921185e+004  1.452971e+002  4.534773e+003  1.378585e+002  1.855927e+003 -3.482076e+001  5.269702e+002 -5.183579e+001  2.010812e+004  1.436658e+002  2.903372e+003  1.316653e+002  4.064313e+002  6.286232e+000  1.309713e+002  7.138498e+000  8.090377e+002  1.152708e+000  1.412993e+003  1.408354e+001
        18  3.981000e+000  1.715614e+003 -3.396982e+001  7.086833e+002 -4.248695e+001  1.822067e+004  1.449541e+002  4.604089e+003  1.410353e+002  1.855251e+003 -3.563366e+001  6.355815e+002 -4.933262e+001  2.083857e+004  1.427421e+002  3.565912e+003  1.355095e+002  4.258179e+002  6.589793e+000  1.520876e+002  6.871586e+000  8.708478e+002  1.197288e+000  1.663297e+003  1.348682e+001
        18  6.309500e+000  1.598649e+003 -3.245844e+001  6.931849e+002 -3.961065e+001  1.712275e+004  1.462362e+002  4.409008e+003  1.454650e+002  1.817553e+003 -3.190850e+001  7.075887e+002 -4.509063e+001  2.081491e+004  1.464111e+002  3.743892e+003  1.424224e+002  4.307023e+002  6.804627e+000  1.647927e+002  6.687072e+000  8.937884e+002  1.230229e+000  1.724664e+003  1.331652e+001
        18  6.309500e+000  1.558190e+003 -3.265356e+001  7.047542e+002 -3.941820e+001  1.713151e+004  1.458615e+002  4.181393e+003  1.460735e+002  1.817553e+003 -3.190850e+001  7.075887e+002 -4.509063e+001  2.081491e+004  1.464111e+002  3.743892e+003  1.424224e+002  4.307023e+002  6.804627e+000  1.647927e+002  6.687072e+000  8.937884e+002  1.230229e+000  1.724664e+003  1.331652e+001
        18  1.000000e+001  1.398739e+003 -2.971058e+001  6.591458e+002 -3.670951e+001  1.553852e+004  1.484401e+002  3.769049e+003  1.511381e+002  1.503153e+003 -2.821199e+001  6.577857e+002 -4.134959e+001  1.725971e+004  1.495438e+002  3.306054e+003  1.484083e+002  3.667719e+002  7.007593e+000  1.488716e+002  6.497575e+000  7.625817e+002  1.265846e+000  1.499162e+003  1.310462e+001
        18  1.000000e+001  1.429482e+003 -2.975099e+001  6.445021e+002 -3.662728e+001  1.545426e+004  1.485864e+002  3.968331e+003  1.506419e+002  1.503153e+003 -2.821199e+001  6.577857e+002 -4.134959e+001  1.725971e+004  1.495438e+002  3.306054e+003  1.484083e+002  3.667719e+002  7.007593e+000  1.488716e+002  6.497575e+000  7.625817e+002  1.265846e+000  1.499162e+003  1.310462e+001
        18  1.584800e+001  1.182736e+003 -2.629517e+001  5.867227e+002 -3.403832e+001  1.333791e+004  1.512802e+002  3.167858e+003  1.571002e+002  1.169877e+003 -2.478267e+001  5.867031e+002 -3.729113e+001  1.377615e+004  1.523873e+002  2.679933e+003  1.558272e+002  2.953508e+002  7.251882e+000  1.291498e+002  6.319008e+000  6.258188e+002  1.301520e+000  1.210555e+003  1.305318e+001
        18  1.584800e+001  1.212412e+003 -2.660269e+001  5.714329e+002 -3.387394e+001  1.327703e+004  1.511918e+002  3.346711e+003  1.564751e+002  1.169877e+003 -2.478267e+001  5.867031e+002 -3.729113e+001  1.377615e+004  1.523873e+002  2.679933e+003  1.558272e+002  2.953508e+002  7.251882e+000  1.291498e+002  6.319008e+000  6.258188e+002  1.301520e+000  1.210555e+003  1.305318e+001
        18  2.511800e+001  9.800546e+002 -2.361518e+001  4.815168e+002 -3.188981e+001  1.094988e+004  1.534391e+002  2.601241e+003  1.627787e+002  9.443628e+002 -2.034190e+001  5.305845e+002 -3.486830e+001  1.139403e+004  1.558998e+002  1.941723e+003  1.630852e+002  2.452766e+002  7.461706e+000  1.142173e+002  6.178914e+000  5.292896e+002  1.330907e+000  9.065979e+002  1.350039e+001
        18  2.511800e+001  9.478826e+002 -2.313753e+001  4.952533e+002 -3.220155e+001  1.094803e+004  1.536829e+002  2.432103e+003  1.634679e+002  9.443628e+002 -2.034190e+001  5.305845e+002 -3.486830e+001  1.139403e+004  1.558998e+002  1.941723e+003  1.630852e+002  2.452766e+002  7.461706e+000  1.142173e+002  6.178914e+000  5.292896e+002  1.330907e+000  9.065979e+002  1.350039e+001
        18  3.981000e+001  7.304118e+002 -2.060489e+001  4.059845e+002 -3.221526e+001  8.741728e+003  1.553676e+002  1.695071e+003  1.692448e+002  6.961248e+002 -1.918253e+001  4.426248e+002 -3.451873e+001  8.531549e+003  1.564415e+002  1.390119e+003  1.671661e+002  1.864856e+002  7.697648e+000  9.274236e+001  6.013574e+000  4.071685e+002  1.367351e+000  6.563820e+002  1.365579e+001
        18  3.981000e+001  7.638454e+002 -2.108646e+001  3.913526e+002 -3.168186e+001  8.800382e+003  1.550731e+002  1.839363e+003  1.687779e+002  6.961248e+002 -1.918253e+001  4.426248e+002 -3.451873e+001  8.531549e+003  1.564415e+002  1.390119e+003  1.671661e+002  1.864856e+002  7.697648e+000  9.274236e+001  6.013574e+000  4.071685e+002  1.367351e+000  6.563820e+002  1.365579e+001
        18  6.309500e+001  5.797863e+002 -1.907403e+001  3.227035e+002 -3.386787e+001  6.976755e+003  1.561174e+002  1.196592e+003  1.734087e+002  5.237112e+002 -1.857045e+001  3.952826e+002 -3.557115e+001  6.786786e+003  1.565038e+002  9.669054e+002  1.703258e+002  1.464424e+002  8.036979e+000  8.046250e+001  5.841591e+000  3.334047e+002  1.407485e+000  4.721405e+002  1.413162e+001
        18  6.309500e+001  5.486237e+002 -1.879032e+001  3.409907e+002 -3.436884e+001  6.888419e+003  1.563442e+002  1.095044e+003  1.733740e+002  5.237112e+002 -1.857045e+001  3.952826e+002 -3.557115e+001  6.786786e+003  1.565038e+002  9.669054e+002  1.703258e+002  1.464424e+002  8.036979e+000  8.046250e+001  5.841591e+000  3.334047e+002  1.407485e+000  4.721405e+002  1.413162e+001
        18  1.000000e+002  4.051790e+002 -1.766122e+001  3.072962e+002 -3.755053e+001  5.401879e+003  1.567338e+002  6.865508e+002  1.754020e+002  3.905393e+002 -1.823265e+001  3.538470e+002 -3.709623e+001  5.434775e+003  1.563277e+002  6.460170e+002  1.724418e+002  1.143079e+002  8.415247e+000  7.005040e+001  5.680669e+000  2.745324e+002  1.447275e+000  3.300661e+002  1.480099e+001
        18  1.000000e+002  4.306135e+002 -1.757259e+001  2.861983e+002 -3.762245e+001  5.485790e+003  1.566634e+002  7.446633e+002  1.759849e+002  3.905393e+002 -1.823265e+001  3.538470e+002 -3.709623e+001  5.434775e+003  1.563277e+002  6.460170e+002  1.724418e+002  1.143079e+002  8.415247e+000  7.005040e+001  5.680669e+000  2.745324e+002  1.447275e+000  3.300661e+002  1.480099e+001
        18  1.584800e+002  2.955706e+002 -1.727205e+001  2.950031e+002 -4.014469e+001  4.231840e+003  1.566054e+002  4.361628e+002  1.760144e+002  2.869916e+002 -1.809934e+001  3.162615e+002 -3.861287e+001  4.284227e+003  1.560496e+002  4.187001e+002  1.739473e+002  8.821301e+001  8.840581e+000  6.067334e+001  5.504433e+000  2.233115e+002  1.493415e+000  2.246603e+002  1.556212e+001
        18  1.584800e+002  3.134123e+002 -1.670224e+001  2.755860e+002 -4.112852e+001  4.286516e+003  1.566867e+002  4.640521e+002  1.768541e+002  2.869916e+002 -1.809934e+001  3.162615e+002 -3.861287e+001  4.284227e+003  1.560496e+002  4.187001e+002  1.739473e+002  8.821301e+001  8.840581e+000  6.067334e+001  5.504433e+000  2.233115e+002  1.493415e+000  2.246603e+002  1.556212e+001
        18  2.511800e+002  2.145655e+002 -1.781636e+001  2.885482e+002 -4.166033e+001  3.322355e+003  1.559330e+002  2.807682e+002  1.764558e+002  2.148613e+002 -1.845188e+001  2.955221e+002 -4.003459e+001  3.396033e+003  1.555829e+002  2.873574e+002  1.764045e+002  6.980579e+001  9.348773e+000  5.441078e+001  5.282056e+000  1.844489e+002  1.556145e+000  1.598418e+002  1.614825e+001
        18  2.511800e+002  2.245533e+002 -1.677351e+001  2.766003e+002 -4.342228e+001  3.341622e+003  1.560336e+002  2.929011e+002  1.770710e+002  2.148613e+002 -1.845188e+001  2.955221e+002 -4.003459e+001  3.396033e+003  1.555829e+002  2.873574e+002  1.764045e+002  6.980579e+001  9.348773e+000  5.441078e+001  5.282056e+000  1.844489e+002  1.556145e+000  1.598418e+002  1.614825e+001
        18  3.981000e+002  1.572543e+002 -1.946761e+001  2.794560e+002 -4.288797e+001  2.625938e+003  1.546241e+002  1.751153e+002  1.769517e+002  1.617478e+002 -1.944583e+001  2.751884e+002 -4.213988e+001  2.707251e+003  1.547403e+002  1.978219e+002  1.790519e+002  5.541811e+001  9.864008e+000  4.873653e+001  5.080265e+000  1.528635e+002  1.617803e+000  1.141452e+002  1.676847e+001
        18  3.981000e+002  1.606482e+002 -1.817974e+001  2.791553e+002 -4.486583e+001  2.622797e+003  1.545118e+002  1.821062e+002  1.770150e+002  1.617478e+002 -1.944583e+001  2.751884e+002 -4.213988e+001  2.707251e+003  1.547403e+002  1.978219e+002  1.790519e+002  5.541811e+001  9.864008e+000  4.873653e+001  5.080265e+000  1.528635e+002  1.617803e+000  1.141452e+002  1.676847e+001
        18  6.309500e+002  1.186650e+002 -2.219988e+001  2.718324e+002 -4.473673e+001  2.107141e+003  1.525298e+002  1.023577e+002  1.757176e+002  1.226918e+002 -2.094075e+001  2.529615e+002 -4.556085e+001  2.130458e+003  1.532548e+002  1.207779e+002 -1.784163e+002  4.410457e+001  1.035445e+001  4.309323e+001  4.886229e+000  1.250600e+002  1.681901e+000  7.425552e+001  1.790292e+001
        18  6.309500e+002  1.177863e+002 -2.112501e+001  2.819477e+002 -4.613898e+001  2.103578e+003  1.520114e+002  1.084329e+002  1.756195e+002  1.226918e+002 -2.094075e+001  2.529615e+002 -4.556085e+001  2.130458e+003  1.532548e+002  1.207779e+002 -1.784163e+002  4.410457e+001  1.035445e+001  4.309323e+001  4.886229e+000  1.250600e+002  1.681901e+000  7.425552e+001  1.790292e+001
        18  1.000000e+003  9.370655e+001 -2.559660e+001  2.740082e+002 -4.708757e+001  1.742286e+003  1.496234e+002  5.897400e+001  1.698980e+002  1.057404e+002 -2.147700e+001  2.377944e+002 -4.925362e+001  1.719149e+003  1.509603e+002  7.603745e+001 -1.773256e+002  3.884643e+001  1.058463e+001  3.899154e+001  4.702720e+000  1.048398e+002  1.747321e+000  4.974209e+001  1.909221e+001
        18  1.000000e+003  9.109606e+001 -2.527103e+001  2.878878e+002 -4.746455e+001  1.755097e+003  1.486609e+002  6.296835e+001  1.706526e+002  1.057404e+002 -2.147700e+001  2.377944e+002 -4.925362e+001  1.719149e+003  1.509603e+002  7.603745e+001 -1.773256e+002  3.884643e+001  1.058463e+001  3.899154e+001  4.702720e+000  1.048398e+002  1.747321e+000  4.974209e+001  1.909221e+001
        19  3.981000e+000  1.962010e+000 -1.483895e+002  3.686255e+001 -4.407052e+001  4.225248e+001  1.458718e+002  2.105880e+000 -3.805098e+001  1.774620e+000 -1.508366e+002  3.516274e+001 -4.484401e+001  3.410514e+001  1.481638e+002  2.336969e+000 -2.831307e+001  1.123222e+000  1.844948e+001  4.744921e+000  3.868735e+000  3.436589e+000  2.887914e+000  1.370325e+000  1.704868e+001
        19  6.309500e+000  1.008919e+000 -1.284819e+002  3.688718e+001 -4.364040e+001  3.666341e+001  1.427373e+002  2.123833e+000 -4.181221e+001  1.317402e+000 -1.414751e+002  3.454004e+001 -4.344493e+001  3.388914e+001  1.446324e+002  1.816836e+000 -3.123477e+001  8.942977e-001  1.984137e+001  3.886536e+000  3.225239e+000  3.405021e+000  2.879616e+000  1.132720e+000  1.816345e+001
        19  6.309500e+000  1.138329e+000 -1.318040e+002  3.727717e+001 -4.501147e+001  3.685454e+001  1.426582e+002  1.969312e+000 -4.114699e+001  1.317402e+000 -1.414751e+002  3.454004e+001 -4.344493e+001  3.388914e+001  1.446324e+002  1.816836e+000 -3.123477e+001  8.942977e-001  1.984137e+001  3.886536e+000  3.225239e+000  3.405021e+000  2.879616e+000  1.132720e+000  1.816345e+001
        19  1.000000e+001  4.334559e-001 -1.038413e+002  3.612773e+001 -4.337408e+001  3.448976e+001  1.383054e+002  2.195773e+000 -4.353562e+001  6.615950e-001 -1.199133e+002  3.516936e+001 -4.359828e+001  3.488839e+001  1.401619e+002  1.669637e+000 -3.640960e+001  5.359364e-001  2.389324e+001  3.509866e+000  2.860218e+000  3.495818e+000  2.871722e+000  1.070911e+000  1.870538e+001
        19  1.000000e+001  4.737284e-001 -1.080101e+002  3.690514e+001 -4.412868e+001  3.492083e+001  1.384680e+002  2.006080e+000 -4.424296e+001  6.615950e-001 -1.199133e+002  3.516936e+001 -4.359828e+001  3.488839e+001  1.401619e+002  1.669637e+000 -3.640960e+001  5.359364e-001  2.389324e+001  3.509866e+000  2.860218e+000  3.495818e+000  2.871722e+000  1.070911e+000  1.870538e+001
        19  1.584800e+001  1.474952e-001 -7.623542e+001  3.523658e+001 -4.352494e+001  3.592014e+001  1.348609e+002  2.257853e+000 -4.399322e+001  2.288210e-001 -9.263082e+001  3.632682e+001 -4.383174e+001  3.725815e+001  1.378487e+002  1.842206e+000 -4.126154e+001  2.436708e-001  3.217104e+001  3.655792e+000  2.884232e+000  3.702358e+000  2.847925e+000  1.172002e+000  1.854789e+001
        19  1.584800e+001  1.531836e-001 -8.267294e+001  3.601706e+001 -4.388431e+001  3.607098e+001  1.353799e+002  2.142207e+000 -4.567445e+001  2.288210e-001 -9.263082e+001  3.632682e+001 -4.383174e+001  3.725815e+001  1.378487e+002  1.842206e+000 -4.126154e+001  2.436708e-001  3.217104e+001  3.655792e+000  2.884232e+000  3.702358e+000  2.847925e+000  1.172002e+000  1.854789e+001
        19  2.511800e+001  4.197902e-002 -6.408308e+001  3.555142e+001 -4.395353e+001  3.802832e+001  1.344961e+002  2.245297e+000 -4.474196e+001  8.444061e-002 -6.468233e+001  3.731629e+001 -4.326053e+001  4.054856e+001  1.362606e+002  1.936353e+000 -4.563678e+001  1.161460e-001  4.345128e+001  3.809909e+000  2.926157e+000  3.971487e+000  2.807010e+000  1.242666e+000  1.871602e+001
        19  2.511800e+001  4.022002e-002 -5.431783e+001  3.472209e+001 -4.389320e+001  3.847714e+001  1.340042e+002  2.279851e+000 -4.332712e+001  8.444061e-002 -6.468233e+001  3.731629e+001 -4.326053e+001  4.054856e+001  1.362606e+002  1.936353e+000 -4.563678e+001  1.161460e-001  4.345128e+001  3.809909e+000  2.926157e+000  3.971487e+000  2.807010e+000  1.242666e+000  1.871602e+001
        19  3.981000e+001  1.594447e-002 -5.094757e+001  3.440310e+001 -4.403672e+001  3.945652e+001  1.344692e+002  2.171854e+000 -4.241384e+001  2.893370e-002 -4.261607e+001  3.533832e+001 -4.217653e+001  4.121678e+001  1.368096e+002  1.958754e+000 -5.455681e+001  5.131389e-002  6.246759e+001  3.672461e+000  2.978513e+000  3.966169e+000  2.757767e+000  1.258562e+000  1.873950e+001
        19  3.981000e+001  1.868179e-002 -5.856901e+001  3.510985e+001 -4.370937e+001  3.861719e+001  1.346410e+002  2.163822e+000 -4.336744e+001  2.893370e-002 -4.261607e+001  3.533832e+001 -4.217653e+001  4.121678e+001  1.368096e+002  1.958754e+000 -5.455681e+001  5.131389e-002  6.246759e+001  3.672461e+000  2.978513e+000  3.966169e+000  2.757767e+000  1.258562e+000  1.873950e+001
        19  6.309500e+001  1.555532e-002 -4.185537e+001  3.361494e+001 -4.417681e+001  3.915253e+001  1.344910e+002  1.988388e+000 -4.351443e+001  1.042815e-002 -2.770281e+001  3.418226e+001 -4.171999e+001  4.017461e+001  1.374140e+002  2.143784e+000 -5.773871e+001  2.367215e-002  1.800000e+002  3.559135e+000  2.984232e+000  3.858512e+000  2.752504e+000  1.338091e+000  1.818501e+001
        19  6.309500e+001  1.637241e-002 -4.399186e+001  3.387670e+001 -4.360296e+001  3.825315e+001  1.342129e+002  1.992191e+000 -4.431027e+001  1.042815e-002 -2.770281e+001  3.418226e+001 -4.171999e+001  4.017461e+001  1.374140e+002  2.143784e+000 -5.773871e+001  2.367215e-002  1.800000e+002  3.559135e+000  2.984232e+000  3.858512e+000  2.752504e+000  1.338091e+000  1.818501e+001
        19  1.000000e+002  1.436743e-002 -1.733853e+001  3.264217e+001 -4.512353e+001  3.908887e+001  1.338152e+002  1.931396e+000 -4.698947e+001  3.831559e-003 -3.070445e+001  3.115903e+001 -4.303397e+001  3.623298e+001  1.355342e+002  1.906698e+000 -5.583935e+001  1.091576e-002  1.800000e+002  3.235675e+000  2.976246e+000  3.489192e+000  2.759824e+000  1.194329e+000  1.825176e+001
        19  1.000000e+002  1.306713e-002 -1.845158e+001  3.243990e+001 -4.460777e+001  3.859734e+001  1.330730e+002  1.948005e+000 -4.759630e+001  3.831559e-003 -3.070445e+001  3.115903e+001 -4.303397e+001  3.623298e+001  1.355342e+002  1.906698e+000 -5.583935e+001  1.091576e-002  1.800000e+002  3.235675e+000  2.976246e+000  3.489192e+000  2.759824e+000  1.194329e+000  1.825176e+001
        19  1.584800e+002  7.724509e-003  1.025446e+001  3.214335e+001 -4.661745e+001  4.022632e+001  1.321416e+002  2.092676e+000 -5.075334e+001  4.853168e-003 -1.597835e+001  2.960273e+001 -4.468003e+001  3.526286e+001  1.333179e+002  1.848187e+000 -5.636941e+001  1.286678e-002  1.800000e+002  3.092806e+000  2.994410e+000  3.375558e+000  2.743384e+000  1.158796e+000  1.827000e+001
        19  1.584800e+002  9.378991e-003  1.249865e+001  3.262821e+001 -4.688119e+001  3.988920e+001  1.330085e+002  2.078474e+000 -5.022329e+001  4.853168e-003 -1.597835e+001  2.960273e+001 -4.468003e+001  3.526286e+001  1.333179e+002  1.848187e+000 -5.636941e+001  1.286678e-002  1.800000e+002  3.092806e+000  2.994410e+000  3.375558e+000  2.743384e+000  1.158796e+000  1.827000e+001
        19  2.511800e+002  3.387841e-003  4.578850e+001  3.342297e+001 -4.859816e+001  4.235198e+001  1.320385e+002  2.373271e+000 -5.226725e+001  9.001037e-003 -1.402605e+001  2.937682e+001 -4.619181e+001  3.649252e+001  1.323531e+002  1.870167e+000 -5.640152e+001  2.040998e-002  1.800000e+002  3.101334e+000  3.025786e+000  3.456592e+000  2.714559e+000  1.179191e+000  1.837672e+001
        19  2.511800e+002  4.490055e-003  4.919923e+001  3.399384e+001 -4.852492e+001  4.129856e+001  1.325901e+002  2.349027e+000 -5.146389e+001  9.001037e-003 -1.402605e+001  2.937682e+001 -4.619181e+001  3.649252e+001  1.323531e+002  1.870167e+000 -5.640152e+001  2.040998e-002  1.800000e+002  3.101334e+000  3.025786e+000  3.456592e+000  2.714559e+000  1.179191e+000  1.837672e+001
        19  3.981000e+002  2.220856e-003  1.079772e+002  3.619168e+001 -4.941508e+001  4.261432e+001  1.325889e+002  2.628961e+000 -5.075597e+001  6.105083e-003 -1.153261e+002  3.338914e+001 -4.673858e+001  4.257075e+001  1.358927e+002  3.119899e+000 -4.996634e+001  1.575051e-002  1.800000e+002  3.547913e+000  3.045544e+000  4.006139e+000  2.696918e+000  1.798872e+000  1.675561e+001
        19  3.981000e+002  1.640081e-003  1.095733e+002  3.580459e+001 -4.978578e+001  4.389204e+001  1.324903e+002  2.703369e+000 -5.173467e+001  6.105083e-003 -1.153261e+002  3.338914e+001 -4.673858e+001  4.257075e+001  1.358927e+002  3.119899e+000 -4.996634e+001  1.575051e-002  1.800000e+002  3.547913e+000  3.045544e+000  4.006139e+000  2.696918e+000  1.798872e+000  1.675561e+001
        19  6.309500e+002  3.979396e-003  1.778015e+002  3.843699e+001 -5.010147e+001  4.461431e+001  1.328699e+002  2.949984e+000 -4.974646e+001  8.936762e-002 -1.788844e+002  4.499269e+001 -4.535342e+001  5.851773e+001  1.425866e+002  6.583808e+000 -3.738052e+001  1.269952e-001  4.527735e+001  4.804915e+000  3.060857e+000  5.479721e+000  2.683629e+000  3.410394e+000  1.501065e+001
        19  6.309500e+002  3.863816e-003  1.742678e+002  3.842245e+001 -4.963670e+001  4.351478e+001  1.326265e+002  2.812795e+000 -4.901707e+001  8.936762e-002 -1.788844e+002  4.499269e+001 -4.535342e+001  5.851773e+001  1.425866e+002  6.583808e+000 -3.738052e+001  1.269952e-001  4.527735e+001  4.804915e+000  3.060857e+000  5.479721e+000  2.683629e+000  3.410394e+000  1.501065e+001
        19  1.000000e+003  1.027117e-002 -1.483160e+002  4.023634e+001 -4.968453e+001  4.419368e+001  1.324286e+002  2.866481e+000 -4.735338e+001  1.075713e-001  1.518152e+002  5.552990e+001 -4.549989e+001  6.864749e+001  1.436750e+002  7.105221e+000 -4.102845e+001  1.538220e-001  4.564133e+001  5.855290e+000  3.022147e+000  6.510245e+000  2.717867e+000  3.757983e+000  1.533441e+001
        19  1.000000e+003  1.218530e-002 -1.470929e+002  4.061749e+001 -5.002689e+001  4.495502e+001  1.328560e+002  3.033826e+000 -4.754884e+001  1.075713e-001  1.518152e+002  5.552990e+001 -4.549989e+001  6.864749e+001  1.436750e+002  7.105221e+000 -4.102845e+001  1.538220e-001  4.564133e+001  5.855290e+000  3.022147e+000  6.510245e+000  2.717867e+000  3.757983e+000  1.533441e+001
        20  1.584800e+000  2.620689e+001  1.578260e+002  9.599912e+001 -4.231718e+001  1.777916e+002  1.431413e+002  2.038969e+000  1.307187e+000  1.710756e+001  1.174908e+002  1.325704e+002 -3.910382e+001  1.830894e+002  1.542680e+002  3.572346e+001 -1.056798e+001  8.562975e+000  1.449342e+001  1.677784e+001  3.628043e+000  3.136554e+001  4.913769e+000  1.612493e+001  1.304352e+001
        20  2.511800e+000  2.136749e+001  1.584432e+002  9.984412e+001 -4.418058e+001  1.674595e+002  1.422895e+002  1.295774e+000  6.102266e+000  3.085994e+001  1.410592e+002  1.026771e+002 -4.581254e+001  1.868487e+002  1.479926e+002  1.236562e+001 -1.846501e+000  1.250357e+001  1.168821e+001  1.192560e+001  3.329228e+000  1.608749e+001  2.467318e+000  7.313976e+000  1.720181e+001
        20  3.981000e+000  1.769649e+001  1.606918e+002  1.028666e+002 -4.467685e+001  1.585905e+002  1.423705e+002  7.767418e-001  1.191919e+001  2.975723e+001  1.571382e+002  9.960640e+001 -5.024661e+001  1.858157e+002  1.437030e+002  3.719345e+000  2.031342e+001  1.207511e+001  1.170623e+001  1.164101e+001  3.349989e+000  1.589967e+001  2.452059e+000  2.966546e+000  2.350315e+001
        20  6.309500e+000  1.404396e+001  1.654487e+002  1.047900e+002 -4.472657e+001  1.463752e+002  1.429702e+002  4.548523e-001  1.883423e+001  2.072535e+001  1.697240e+002  1.003330e+002 -4.908243e+001  1.454102e+002  1.431184e+002  2.089409e+000  5.692596e+001  9.222702e+000  1.285580e+001  1.100866e+001  3.144862e+000  1.325287e+001  2.611910e+000  1.810470e+000  2.567394e+001
        20  6.309500e+000  1.452408e+001  1.670560e+002  1.050169e+002 -4.627677e+001  1.482410e+002  1.438917e+002  5.418836e-001  2.178236e+001  2.072535e+001  1.697240e+002  1.003330e+002 -4.908243e+001  1.454102e+002  1.431184e+002  2.089409e+000  5.692596e+001  9.222702e+000  1.285580e+001  1.100866e+001  3.144862e+000  1.325287e+001  2.611910e+000  1.810470e+000  2.567394e+001
        20  1.000000e+001  9.483157e+000  1.742206e+002  1.093586e+002 -4.515977e+001  1.305603e+002  1.442044e+002  3.389728e-001  3.993320e+001  1.261126e+001 -1.785267e+002  1.030976e+002 -4.626641e+001  1.118305e+002  1.417285e+002  1.954978e+000  7.365501e+001  6.397345e+000  1.469279e+001  1.052146e+001  2.924883e+000  1.095801e+001  2.808265e+000  1.612967e+000  2.436374e+001
        20  1.000000e+001  9.793259e+000  1.722274e+002  1.068883e+002 -4.423202e+001  1.309843e+002  1.430652e+002  2.642328e-001  3.158337e+001  1.261126e+001 -1.785267e+002  1.030976e+002 -4.626641e+001  1.118305e+002  1.417285e+002  1.954978e+000  7.365501e+001  6.397345e+000  1.469279e+001  1.052146e+001  2.924883e+000  1.095801e+001  2.808265e+000  1.612967e+000  2.436374e+001
        20  1.584800e+001  4.829399e+000  1.793330e+002  1.086248e+002 -4.325391e+001  1.141467e+002  1.430438e+002  1.970275e-001  7.296819e+001  8.401853e+000 -1.660873e+002  1.039416e+002 -4.385532e+001  1.069416e+002  1.421132e+002  2.908568e+000  6.798109e+001  4.727123e+000  1.633866e+001  1.046824e+001  2.886429e+000  1.061824e+001  2.845621e+000  2.148688e+000  2.167690e+001
        20  1.584800e+001  5.404272e+000  1.786638e+002  1.068004e+002 -4.281692e+001  1.166882e+002  1.419051e+002  1.288360e-001  5.978224e+001  8.401853e+000 -1.660873e+002  1.039416e+002 -4.385532e+001  1.069416e+002  1.421132e+002  2.908568e+000  6.798109e+001  4.727123e+000  1.633866e+001  1.046824e+001  2.886429e+000  1.061824e+001  2.845621e+000  2.148688e+000  2.167690e+001
        20  2.511800e+001  1.741308e+000  1.736681e+002  1.016272e+002 -4.198235e+001  1.036843e+002  1.404985e+002  1.522100e-001  1.285073e+002  3.951788e+000 -1.596621e+002  9.681287e+001 -4.338670e+001  1.089582e+002  1.404517e+002  2.651094e+000  9.139391e+001  2.637561e+000  1.949457e+001  9.971720e+000  2.952037e+000  1.057873e+001  2.782512e+000  2.013787e+000  2.232148e+001
        20  2.511800e+001  2.062650e+000  1.774759e+002  1.009986e+002 -4.129802e+001  1.074961e+002  1.395704e+002  7.082552e-002  1.224012e+002  3.951788e+000 -1.596621e+002  9.681287e+001 -4.338670e+001  1.089582e+002  1.404517e+002  2.651094e+000  9.139391e+001  2.637561e+000  1.949457e+001  9.971720e+000  2.952037e+000  1.057873e+001  2.782512e+000  2.013787e+000  2.232148e+001
        20  6.309500e+002  8.400652e+000  1.265242e+002  1.084585e+002 -4.889678e+001  1.033522e+002  1.326908e+002  1.247335e+000 -5.171036e+001  7.385504e+000  9.537978e+001  7.505482e+001 -4.113965e+001  9.382641e+001  1.447320e+002  6.259456e+000 -2.996071e+001  3.955904e+000  1.553431e+001  6.262105e+001  2.465597e+001  1.499009e+001  4.581785e+000  3.694894e+000  1.716623e+001
        20  6.309500e+002  7.479949e+000  1.250762e+002  1.026396e+002 -4.901645e+001  1.127391e+002  1.318141e+002  1.454676e+000 -5.259998e+001  7.385504e+000  9.537978e+001  7.505482e+001 -4.113965e+001  9.382641e+001  1.447320e+002  6.259456e+000 -2.996071e+001  3.955904e+000  1.553431e+001  6.262105e+001  2.465597e+001  1.499009e+001  4.581785e+000  3.694894e+000  1.716623e+001
        21  6.309500e+000  1.915278e+000 -1.638625e+002  4.130967e+001 -4.553862e+001  4.138153e+001  1.440162e+002  1.649346e-001  2.038967e+001  5.446251e+000 -1.710668e+002  4.358254e+001 -4.316770e+001  4.330862e+001  1.456110e+002  1.535404e-001  2.949306e+001  2.748088e+000  1.461317e+001  7.778749e+000  5.119977e+000  5.661249e+000  3.747488e+000  1.887659e-001  3.793090e+001
        21  6.309500e+000  1.708525e+000 -1.644064e+002  4.025057e+001 -4.493258e+001  4.094091e+001  1.442039e+002  6.926431e-002  2.526707e+001  5.446251e+000 -1.710668e+002  4.358254e+001 -4.316770e+001  4.330862e+001  1.456110e+002  1.535404e-001  2.949306e+001  2.748088e+000  1.461317e+001  7.778749e+000  5.119977e+000  5.661249e+000  3.747488e+000  1.887659e-001  3.793090e+001
        21  1.000000e+001  1.017775e+000 -1.491419e+002  4.108774e+001 -4.507142e+001  3.682730e+001  1.412503e+002  1.049108e-001  3.630091e+001  3.121184e+000 -1.582914e+002  4.366693e+001 -4.210776e+001  4.009700e+001  1.430855e+002  1.371006e-001  4.254757e+001  1.810912e+000  1.686395e+001  8.085202e+000  5.311941e+000  6.322837e+000  4.522137e+000  1.700891e-001  3.833862e+001
        21  1.000000e+001  9.528085e-001 -1.506882e+002  3.975975e+001 -4.483640e+001  3.622593e+001  1.414532e+002  5.341788e-002  3.820491e+001  3.121184e+000 -1.582914e+002  4.366693e+001 -4.210776e+001  4.009700e+001  1.430855e+002  1.371006e-001  4.254757e+001  1.810912e+000  1.686395e+001  8.085202e+000  5.311941e+000  6.322837e+000  4.522137e+000  1.700891e-001  3.833862e+001
        21  1.584800e+001  4.256155e-001 -1.317441e+002  4.049097e+001 -4.523801e+001  3.504764e+001  1.373796e+002  6.023808e-002  5.731021e+001  1.262411e+000 -1.402160e+002  4.574224e+001 -4.217404e+001  3.864162e+001  1.385032e+002  6.741511e-002  6.918698e+001  9.291752e-001  2.159332e+001  1.140709e+001  7.162784e+000  8.171110e+000  6.069192e+000  9.895839e-002  4.721841e+001
        21  1.584800e+001  4.310442e-001 -1.327250e+002  3.927629e+001 -4.527192e+001  3.432468e+001  1.375322e+002  3.976507e-002  6.301881e+001  1.262411e+000 -1.402160e+002  4.574224e+001 -4.217404e+001  3.864162e+001  1.385032e+002  6.741511e-002  6.918698e+001  9.291752e-001  2.159332e+001  1.140709e+001  7.162784e+000  8.171110e+000  6.069192e+000  9.895839e-002  4.721841e+001
        21  2.511800e+001  1.188414e-001 -1.121501e+002  4.064498e+001 -4.594346e+001  3.656754e+001  1.341244e+002  3.226605e-002  8.087916e+001  4.612791e-001 -1.210338e+002  4.235815e+001 -4.218269e+001  3.869637e+001  1.358094e+002  5.257544e-002  9.392673e+001  4.283757e-001  2.766717e+001  1.067932e+001  7.241959e+000  7.956715e+000  5.900981e+000  8.215502e-002  5.138031e+001
        21  2.511800e+001  1.310490e-001 -1.096054e+002  3.943919e+001 -4.609916e+001  3.554688e+001  1.341599e+002  2.524813e-002  9.464130e+001  4.612791e-001 -1.210338e+002  4.235815e+001 -4.218269e+001  3.869637e+001  1.358094e+002  5.257544e-002  9.392673e+001  4.283757e-001  2.766717e+001  1.067932e+001  7.241959e+000  7.956715e+000  5.900981e+000  8.215502e-002  5.138031e+001
        21  3.981000e+001  1.275027e-002 -9.405932e+001  4.197996e+001 -4.629414e+001  3.991084e+001  1.333542e+002  1.780248e-002  1.023962e+002  1.114022e-001 -1.067743e+002  4.032882e+001 -4.212872e+001  3.995702e+001  1.353662e+002  4.601088e-002  1.079671e+002  1.457803e-001  4.086638e+001  1.031667e+001  7.348656e+000  8.095548e+000  5.814219e+000  7.493219e-002  5.451700e+001
        21  3.981000e+001  1.482047e-002 -7.759591e+001  4.063418e+001 -4.675932e+001  3.859389e+001  1.329233e+002  1.310680e-002  1.251897e+002  1.114022e-001 -1.067743e+002  4.032882e+001 -4.212872e+001  3.995702e+001  1.353662e+002  4.601088e-002  1.079671e+002  1.457803e-001  4.086638e+001  1.031667e+001  7.348656e+000  8.095548e+000  5.814219e+000  7.493219e-002  5.451700e+001
        21  6.309500e+001  1.007666e-003  1.396391e+002  4.327389e+001 -4.559859e+001  4.176132e+001  1.347644e+002  1.224785e-002  1.180482e+002  6.119293e-003 -1.274672e+002  4.099323e+001 -4.295550e+001  4.242146e+001  1.359643e+002  3.771402e-002  1.256595e+002  1.660836e-002  1.800000e+002  1.051556e+001  7.369041e+000  8.531363e+000  5.771120e+000  6.552396e-002  6.030736e+001
        21  6.309500e+001  1.991166e-003  8.855129e+001  4.225031e+001 -4.659282e+001  4.089304e+001  1.337356e+002  5.549672e-003  1.432263e+002  6.119293e-003 -1.274672e+002  4.099323e+001 -4.295550e+001  4.242146e+001  1.359643e+002  3.771402e-002  1.256595e+002  1.660836e-002  1.800000e+002  1.051556e+001  7.369041e+000  8.531363e+000  5.771120e+000  6.552396e-002  6.030736e+001
        21  1.000000e+002  1.221951e-002  1.321607e+002  4.290697e+001 -4.581381e+001  4.089988e+001  1.349368e+002  3.320261e-003  1.402718e+002  1.185242e-002  1.380846e+002  3.920808e+001 -4.377260e+001  3.957353e+001  1.367307e+002  3.764258e-002  1.573291e+002  2.696609e-002  1.800000e+002  1.001621e+001  7.338519e+000  8.006701e+000  5.806106e+000  6.430209e-002  5.866196e+001
        21  1.000000e+002  7.702095e-003  1.431001e+002  4.292196e+001 -4.451182e+001  4.069303e+001  1.361616e+002  1.130534e-002  1.330921e+002  1.185242e-002  1.380846e+002  3.920808e+001 -4.377260e+001  3.957353e+001  1.367307e+002  3.764258e-002  1.573291e+002  2.696609e-002  1.800000e+002  1.001621e+001  7.338519e+000  8.006701e+000  5.806106e+000  6.430209e-002  5.866196e+001
        21  1.584800e+002  1.389509e-002  1.533662e+002  4.230861e+001 -4.538986e+001  3.962306e+001  1.351799e+002  4.001145e-003  1.422948e+002  1.355605e-002  1.479642e+002  3.817618e+001 -4.401195e+001  3.702826e+001  1.364193e+002  2.563698e-002  1.782977e+002  2.962615e-002  1.800000e+002  9.681865e+000  7.285007e+000  7.536638e+000  5.841031e+000  4.741387e-002  6.762561e+001
        21  1.584800e+002  8.916701e-003  1.539784e+002  4.121927e+001 -4.425880e+001  3.851833e+001  1.361056e+002  1.102386e-002  1.517277e+002  1.355605e-002  1.479642e+002  3.817618e+001 -4.401195e+001  3.702826e+001  1.364193e+002  2.563698e-002  1.782977e+002  2.962615e-002  1.800000e+002  9.681865e+000  7.285007e+000  7.536638e+000  5.841031e+000  4.741387e-002  6.762561e+001
        21  2.511800e+002  1.109804e-002  1.645283e+002  4.149586e+001 -4.585422e+001  3.858272e+001  1.343174e+002  4.587740e-003  1.567495e+002  1.537352e-002  1.526595e+002  3.681449e+001 -4.489954e+001  3.530753e+001  1.355588e+002  1.620088e-002 -1.679619e+002  3.226322e-002  1.800000e+002  9.310742e+000  7.264779e+000  7.201097e+000  5.853015e+000  3.320804e-002  1.800000e+002
        21  2.511800e+002  8.121707e-003  1.576037e+002  3.976246e+001 -4.527786e+001  3.710565e+001  1.346927e+002  1.024392e-002  1.725398e+002  1.537352e-002  1.526595e+002  3.681449e+001 -4.489954e+001  3.530753e+001  1.355588e+002  1.620088e-002 -1.679619e+002  3.226322e-002  1.800000e+002  9.310742e+000  7.264779e+000  7.201097e+000  5.853015e+000  3.320804e-002  1.800000e+002
        21  3.981000e+002  9.259804e-003  1.615747e+002  3.966031e+001 -4.703951e+001  3.720115e+001  1.326656e+002  9.492807e-003 -1.645057e+002  6.503186e-003  1.710130e+002  3.632550e+001 -4.517385e+001  3.449987e+001  1.343602e+002  1.108436e-002 -1.416162e+002  1.686639e-002  1.800000e+002  9.189020e+000  7.266328e+000  7.056576e+000  5.869880e+000  2.483740e-002  1.800000e+002
        21  3.981000e+002  1.013632e-002  1.714965e+002  4.143153e+001 -4.699684e+001  3.860192e+001  1.327853e+002  4.475527e-003  1.756642e+002  6.503186e-003  1.710130e+002  3.632550e+001 -4.517385e+001  3.449987e+001  1.343602e+002  1.108436e-002 -1.416162e+002  1.686639e-002  1.800000e+002  9.189020e+000  7.266328e+000  7.056576e+000  5.869880e+000  2.483740e-002  1.800000e+002
        21  6.309500e+002  1.296511e-002  1.736078e+002  4.092109e+001 -4.879826e+001  3.861528e+001  1.307868e+002  8.901069e-003 -1.407035e+002  7.608614e-003 -1.764582e+002  3.690760e+001 -4.469765e+001  3.463485e+001  1.334656e+002  1.352549e-002 -9.883038e+001  1.904941e-002  1.800000e+002  9.431333e+000  7.340721e+000  7.190398e+000  5.958203e+000  2.886448e-002  1.800000e+002
        21  6.309500e+002  1.197676e-002 -1.780498e+002  4.237053e+001 -4.834935e+001  3.978149e+001  1.312006e+002  4.030633e-003 -1.630970e+002  7.608614e-003 -1.764582e+002  3.690760e+001 -4.469765e+001  3.463485e+001  1.334656e+002  1.352549e-002 -9.883038e+001  1.904941e-002  1.800000e+002  9.431333e+000  7.340721e+000  7.190398e+000  5.958203e+000  2.886448e-002  1.800000e+002
        21  1.000000e+003  1.729544e-002 -1.620996e+002  4.412466e+001 -4.965222e+001  4.169986e+001  1.297925e+002  3.587633e-003 -1.432146e+002  1.633516e-002 -1.751409e+002  4.030308e+001 -4.374162e+001  3.726631e+001  1.326623e+002  4.377432e-002 -7.576194e+001  3.453784e-002  1.800000e+002  1.026113e+001  7.313573e+000  7.763355e+000  5.978802e+000  7.093430e-002  5.411815e+001
        21  1.000000e+003  1.958653e-002 -1.673582e+002  4.306079e+001 -5.029920e+001  4.077260e+001  1.291831e+002  8.662604e-003 -1.215528e+002  1.633516e-002 -1.751409e+002  4.030308e+001 -4.374162e+001  3.726631e+001  1.326623e+002  4.377432e-002 -7.576194e+001  3.453784e-002  1.800000e+002  1.026113e+001  7.313573e+000  7.763355e+000  5.978802e+000  7.093430e-002  5.411815e+001
        22  1.000000e+001  6.742808e-001 -1.300965e+002  2.133420e+001 -4.152070e+001  1.739441e+001  1.406576e+002  1.428296e-001  8.120442e+001  3.346320e+000 -1.419435e+002  2.150742e+001 -3.890974e+001  1.265632e+001  1.330169e+002  1.883276e-001  6.758164e+001  1.598400e+000  1.381747e+001  1.883798e+000  2.510022e+000  1.445087e+000  3.272768e+000  1.617628e-001  2.543405e+001
        22  1.000000e+001  1.245997e+000 -1.404149e+002  2.206262e+001 -4.123583e+001  1.712638e+001  1.385596e+002  1.229129e-001  7.116465e+001  3.346320e+000 -1.419435e+002  2.150742e+001 -3.890974e+001  1.265632e+001  1.330169e+002  1.883276e-001  6.758164e+001  1.598400e+000  1.381747e+001  1.883798e+000  2.510022e+000  1.445087e+000  3.272768e+000  1.617628e-001  2.543405e+001
        22  1.584800e+001  4.081162e-001 -1.131384e+002  1.945876e+001 -4.365768e+001  1.671420e+001  1.344231e+002  1.384262e-001  9.346414e+001  1.583619e+000 -1.174592e+002  2.001438e+001 -4.280148e+001  1.505578e+001  1.289571e+002  1.909261e-001  8.567557e+001  8.957733e-001  1.642887e+001  1.863935e+000  2.668937e+000  1.616633e+000  3.077582e+000  1.706838e-001  2.655067e+001
        22  1.584800e+001  7.489233e-001 -1.234340e+002  2.013309e+001 -4.295393e+001  1.688744e+001  1.327684e+002  1.366446e-001  8.199783e+001  1.583619e+000 -1.174592e+002  2.001438e+001 -4.280148e+001  1.505578e+001  1.289571e+002  1.909261e-001  8.567557e+001  8.957733e-001  1.642887e+001  1.863935e+000  2.668937e+000  1.616633e+000  3.077582e+000  1.706838e-001  2.655067e+001
        22  2.511800e+001  2.943760e-001 -9.485905e+001  1.874289e+001 -4.791418e+001  1.803895e+001  1.284871e+002  1.579119e-001  1.010113e+002  7.934037e-001 -8.929283e+001  2.107988e+001 -4.934709e+001  2.101460e+001  1.297134e+002  2.330880e-001  9.209290e+001  5.403943e-001  1.991066e+001  2.106362e+000  2.863771e+000  2.103098e+000  2.868219e+000  2.154724e-001  2.752998e+001
        22  2.511800e+001  4.940251e-001 -1.030278e+002  1.907001e+001 -4.672398e+001  1.859256e+001  1.275356e+002  1.838384e-001  9.247346e+001  7.934037e-001 -8.929283e+001  2.107988e+001 -4.934709e+001  2.101460e+001  1.297134e+002  2.330880e-001  9.209290e+001  5.403943e-001  1.991066e+001  2.106362e+000  2.863771e+000  2.103098e+000  2.868219e+000  2.154724e-001  2.752998e+001
        22  3.981000e+001  3.510391e-001 -8.150492e+001  1.979705e+001 -5.172403e+001  2.189128e+001  1.244662e+002  2.462780e-001  1.042533e+002  3.889060e-001 -7.835977e+001  2.011697e+001 -5.087759e+001  2.505494e+001  1.338435e+002  2.118224e-001  9.768304e+001  3.128937e-001  2.372043e+001  2.125204e+000  3.027840e+000  2.371734e+000  2.712862e+000  2.095652e-001  2.964812e+001
        22  3.981000e+001  2.395625e-001 -7.694110e+001  2.002372e+001 -5.291456e+001  2.119244e+001  1.245697e+002  2.002606e-001  1.078104e+002  3.889060e-001 -7.835977e+001  2.011697e+001 -5.087759e+001  2.505494e+001  1.338435e+002  2.118224e-001  9.768304e+001  3.128937e-001  2.372043e+001  2.125204e+000  3.027840e+000  2.371734e+000  2.712862e+000  2.095652e-001  2.964812e+001
        22  6.309500e+001  2.539470e-001 -6.387188e+001  2.279133e+001 -5.582709e+001  2.593612e+001  1.234228e+002  2.902398e-001  1.156757e+002  2.419912e-001 -7.050063e+001  2.086652e+001 -5.255914e+001  2.640416e+001  1.326085e+002  1.974430e-001  1.045793e+002  2.212266e-001  2.719990e+001  2.213110e+000  3.039831e+000  2.489512e+000  2.702063e+000  2.014296e-001  3.067019e+001
        22  6.309500e+001  1.993797e-001 -6.310552e+001  2.352131e+001 -5.648661e+001  2.546908e+001  1.229832e+002  2.472207e-001  1.157489e+002  2.419912e-001 -7.050063e+001  2.086652e+001 -5.255914e+001  2.640416e+001  1.326085e+002  1.974430e-001  1.045793e+002  2.212266e-001  2.719990e+001  2.213110e+000  3.039831e+000  2.489512e+000  2.702063e+000  2.014296e-001  3.067019e+001
        22  1.000000e+002  1.935068e-001 -5.372958e+001  2.739338e+001 -5.769991e+001  3.019346e+001  1.234816e+002  3.024901e-001  1.244881e+002  1.578620e-001 -6.084725e+001  2.384449e+001 -5.424510e+001  2.921892e+001  1.305218e+002  2.086516e-001  1.125147e+002  1.660241e-001  3.172563e+001  2.508719e+000  3.015485e+000  2.777091e+000  2.723844e+000  2.153314e-001  3.106479e+001
        22  1.000000e+002  1.742755e-001 -5.540130e+001  2.838333e+001 -5.771779e+001  3.018691e+001  1.229420e+002  2.766000e-001  1.233837e+002  1.578620e-001 -6.084725e+001  2.384449e+001 -5.424510e+001  2.921892e+001  1.305218e+002  2.086516e-001  1.125147e+002  1.660241e-001  3.172563e+001  2.508719e+000  3.015485e+000  2.777091e+000  2.723844e+000  2.153314e-001  3.106479e+001
        22  1.584800e+002  1.677090e-001 -4.890417e+001  3.254978e+001 -5.802080e+001  3.453555e+001  1.240573e+002  2.976130e-001  1.303548e+002  1.101223e-001 -5.120070e+001  2.936598e+001 -5.581336e+001  3.303185e+001  1.273529e+002  2.462249e-001  1.206416e+002  1.335030e-001  3.731219e+001  3.024222e+000  2.951576e+000  3.207435e+000  2.782841e+000  2.513889e-001  3.069624e+001
        22  1.584800e+002  1.673096e-001 -5.084247e+001  3.353218e+001 -5.752713e+001  3.496923e+001  1.237511e+002  2.862617e-001  1.296992e+002  1.101223e-001 -5.120070e+001  2.936598e+001 -5.581336e+001  3.303185e+001  1.273529e+002  2.462249e-001  1.206416e+002  1.335030e-001  3.731219e+001  3.024222e+000  2.951576e+000  3.207435e+000  2.782841e+000  2.513889e-001  3.069624e+001
        22  2.511800e+002  1.581145e-001 -4.527533e+001  3.805368e+001 -5.771711e+001  3.894936e+001  1.249373e+002  2.874785e-001  1.343043e+002  8.590902e-002 -4.294450e+001  3.745030e+001 -5.705281e+001  3.777172e+001  1.236523e+002  3.002769e-001  1.271493e+002  1.177660e-001  4.326796e+001  3.753132e+000  2.872189e+000  3.769203e+000  2.859932e+000  3.016884e-001  3.015562e+001
        22  2.511800e+002  1.643573e-001 -4.674623e+001  3.876944e+001 -5.681141e+001  3.956099e+001  1.249850e+002  2.797608e-001  1.346840e+002  8.590902e-002 -4.294450e+001  3.745030e+001 -5.705281e+001  3.777172e+001  1.236523e+002  3.002769e-001  1.271493e+002  1.177660e-001  4.326796e+001  3.753132e+000  2.872189e+000  3.769203e+000  2.859932e+000  3.016884e-001  3.015562e+001
        22  3.981000e+002  1.474013e-001 -4.181068e+001  4.402448e+001 -5.693282e+001  4.327233e+001  1.260779e+002  2.734886e-001  1.372707e+002  1.112458e-001 -3.348526e+001  4.635305e+001 -5.753399e+001  4.481517e+001  1.221784e+002  3.129049e-001  1.282669e+002  1.507857e-001  4.266529e+001  4.596360e+000  2.841885e+000  4.519469e+000  2.890276e+000  3.247428e-001  3.125958e+001
        22  3.981000e+002  1.562651e-001 -4.318026e+001  4.410572e+001 -5.573547e+001  4.377184e+001  1.264263e+002  2.623229e-001  1.384312e+002  1.112458e-001 -3.348526e+001  4.635305e+001 -5.753399e+001  4.481517e+001  1.221784e+002  3.129049e-001  1.282669e+002  1.507857e-001  4.266529e+001  4.596360e+000  2.841885e+000  4.519469e+000  2.890276e+000  3.247428e-001  3.125958e+001
        22  6.309500e+002  1.322300e-001 -3.960871e+001  5.002770e+001 -5.568645e+001  4.715707e+001  1.273732e+002  2.541605e-001  1.393912e+002  2.997948e-001 -2.916635e+001  5.343095e+001 -5.702176e+001  5.478802e+001  1.252281e+002  2.370068e-001  1.225782e+002  3.286061e-001  3.323346e+001  5.376778e+000  2.884066e+000  5.444631e+000  2.848094e+000  2.772496e-001  3.579578e+001
        22  6.309500e+002  1.430031e-001 -4.087910e+001  4.913904e+001 -5.439560e+001  4.729432e+001  1.279204e+002  2.382535e-001  1.409662e+002  2.997948e-001 -2.916635e+001  5.343095e+001 -5.702176e+001  5.478802e+001  1.252281e+002  2.370068e-001  1.225782e+002  3.286061e-001  3.323346e+001  5.376778e+000  2.884066e+000  5.444631e+000  2.848094e+000  2.772496e-001  3.579578e+001
        22  1.000000e+003  1.176416e-001 -3.910682e+001  5.541953e+001 -5.425491e+001  5.027092e+001  1.286056e+002  2.334796e-001  1.405898e+002  3.507443e-001 -3.943588e+001  6.406684e+001 -5.597144e+001  6.156678e+001  1.294250e+002  2.150565e-001  1.416792e+002  3.868369e-001  3.346664e+001  6.343337e+000  2.837623e+000  6.218338e+000  2.894712e+000  2.653825e-001  3.809787e+001
        22  1.000000e+003  1.295613e-001 -4.016679e+001  5.343588e+001 -5.306091e+001  4.989539e+001  1.292127e+002  2.138657e-001  1.422836e+002  3.507443e-001 -3.943588e+001  6.406684e+001 -5.597144e+001  6.156678e+001  1.294250e+002  2.150565e-001  1.416792e+002  3.868369e-001  3.346664e+001  6.343337e+000  2.837623e+000  6.218338e+000  2.894712e+000  2.653825e-001  3.809787e+001
        23  2.511800e+000  1.766249e+000 -1.734905e+002  4.228495e+001 -3.922710e+001  4.216015e+001  1.503019e+002  1.542155e-002  1.066520e+002  1.977759e+000 -1.621859e+002  3.201815e+001 -3.054613e+001  3.119569e+001  1.591012e+002  2.638386e-001  2.214072e+001  1.190152e+000  1.751070e+001  3.878396e+000  3.472278e+000  3.882189e+000  3.567429e+000  2.610155e-001  2.964667e+001
        23  3.981000e+000  1.067627e+000 -1.625754e+002  4.154855e+001 -3.761678e+001  3.617243e+001  1.514300e+002  2.085843e-002 -1.773154e+002  1.272958e+000 -1.551248e+002  3.613197e+001 -3.401826e+001  3.931888e+001  1.548440e+002  2.099154e-001 -7.122735e-001  8.814751e-001  2.025696e+001  3.690334e+000  2.927222e+000  3.849643e+000  2.805987e+000  2.329689e-001  3.370461e+001
        23  6.309500e+000  6.649939e-001 -1.501196e+002  3.843477e+001 -3.509704e+001  3.060696e+001  1.532221e+002  3.864548e-002 -1.024608e+002  1.155406e+000 -1.416080e+002  3.819184e+001 -3.483190e+001  3.546717e+001  1.549286e+002  1.873509e-001 -1.719594e+001  8.311142e-001  2.107952e+001  3.749208e+000  2.813431e+000  3.612997e+000  2.919589e+000  2.084795e-001  3.380636e+001
        23  6.309500e+000  5.743275e-001 -1.503702e+002  3.834199e+001 -3.502645e+001  2.973393e+001  1.528119e+002  5.660032e-002 -1.306497e+002  1.155406e+000 -1.416080e+002  3.819184e+001 -3.483190e+001  3.546717e+001  1.549286e+002  1.873509e-001 -1.719594e+001  8.311142e-001  2.107952e+001  3.749208e+000  2.813431e+000  3.612997e+000  2.919589e+000  2.084795e-001  3.380636e+001
        23  1.000000e+001  3.370412e-001 -1.364932e+002  3.291057e+001 -3.278756e+001  2.367326e+001  1.539009e+002  1.001586e-001 -8.384741e+001  7.707386e-001 -1.244517e+002  3.408347e+001 -3.445591e+001  2.590085e+001  1.536854e+002  1.673276e-001 -2.904726e+001  5.962604e-001  2.275622e+001  3.182331e+000  2.675790e+000  2.774153e+000  3.069848e+000  1.770602e-001  3.194346e+001
        23  1.000000e+001  2.857686e-001 -1.374444e+002  3.288984e+001 -3.283539e+001  2.315501e+001  1.531947e+002  1.059296e-001 -1.011492e+002  7.707386e-001 -1.244517e+002  3.408347e+001 -3.445591e+001  2.590085e+001  1.536854e+002  1.673276e-001 -2.904726e+001  5.962604e-001  2.275622e+001  3.182331e+000  2.675790e+000  2.774153e+000  3.069848e+000  1.770602e-001  3.194346e+001
        23  1.584800e+001  1.434212e-001 -1.228280e+002  2.675031e+001 -3.252519e+001  1.748862e+001  1.510430e+002  1.460773e-001 -7.943079e+001  4.261059e-001 -9.872934e+001  2.955707e+001 -3.354949e+001  1.969063e+001  1.522853e+002  1.454775e-001 -3.019728e+001  3.689075e-001  2.565062e+001  2.670257e+000  2.589000e+000  2.179477e+000  3.172540e+000  1.488605e-001  3.077230e+001
        23  1.584800e+001  1.754991e-001 -1.208857e+002  2.668399e+001 -3.248117e+001  1.760269e+001  1.519529e+002  1.498784e-001 -6.685766e+001  4.261059e-001 -9.872934e+001  2.955707e+001 -3.354949e+001  1.969063e+001  1.522853e+002  1.454775e-001 -3.019728e+001  3.689075e-001  2.565062e+001  2.670257e+000  2.589000e+000  2.179477e+000  3.172540e+000  1.488605e-001  3.077230e+001
        23  2.511800e+001  7.649344e-002 -1.039173e+002  2.181193e+001 -3.511974e+001  1.373656e+001  1.451016e+002  1.635397e-001 -6.256189e+001  2.609672e-001 -7.096538e+001  2.531067e+001 -3.341598e+001  1.588270e+001  1.457289e+002  1.688008e-001 -1.968826e+001  2.456895e-001  2.808161e+001  2.252706e+000  2.550569e+000  1.784494e+000  3.220416e+000  1.577160e-001  2.785051e+001
        23  2.511800e+001  9.883016e-002 -1.007428e+002  2.174653e+001 -3.511636e+001  1.355084e+001  1.458655e+002  1.674939e-001 -5.174007e+001  2.609672e-001 -7.096538e+001  2.531067e+001 -3.341598e+001  1.588270e+001  1.457289e+002  1.688008e-001 -1.968826e+001  2.456895e-001  2.808161e+001  2.252706e+000  2.550569e+000  1.784494e+000  3.220416e+000  1.577160e-001  2.785051e+001
        23  3.981000e+001  4.053396e-002 -8.049152e+001  1.931223e+001 -4.027809e+001  1.269240e+001  1.361479e+002  1.526245e-001 -4.962517e+001  2.294764e-001 -3.542051e+001  2.014578e+001 -3.869961e+001  1.290417e+001  1.371952e+002  1.519641e-001 -1.709993e+001  2.107254e-001  2.733189e+001  1.802271e+000  2.563737e+000  1.442424e+000  3.203922e+000  1.383905e-001  2.708678e+001
        23  3.981000e+001  5.643497e-002 -7.626474e+001  1.923559e+001 -4.027409e+001  1.238713e+001  1.363982e+002  1.467345e-001 -3.894259e+001  2.294764e-001 -3.542051e+001  2.014578e+001 -3.869961e+001  1.290417e+001  1.371952e+002  1.519641e-001 -1.709993e+001  2.107254e-001  2.733189e+001  1.802271e+000  2.563737e+000  1.442424e+000  3.203922e+000  1.383905e-001  2.708678e+001
        23  6.309500e+001  2.673676e-002 -5.401481e+001  1.938779e+001 -4.576970e+001  1.423983e+001  1.287079e+002  1.009380e-001 -3.166888e+001  2.504709e-001  1.208251e+001  2.040019e+001 -4.708944e+001  1.383152e+001  1.255264e+002  1.104828e-001 -1.851994e+001  2.257330e-001  2.678329e+001  1.851149e+000  2.600453e+000  1.524261e+000  3.158653e+000  1.108684e-001  3.011555e+001
        23  6.309500e+001  1.716940e-002 -5.996532e+001  1.952874e+001 -4.568877e+001  1.452438e+001  1.289386e+002  1.197826e-001 -4.235362e+001  2.504709e-001  1.208251e+001  2.040019e+001 -4.708944e+001  1.383152e+001  1.255264e+002  1.104828e-001 -1.851994e+001  2.257330e-001  2.678329e+001  1.851149e+000  2.600453e+000  1.524261e+000  3.158653e+000  1.108684e-001  3.011555e+001
        23  1.000000e+002  9.810262e-003 -5.339389e+001  2.144749e+001 -4.904349e+001  1.760893e+001  1.263307e+002  6.585787e-002 -3.585379e+001  9.013798e-002 -1.912309e+001  1.980657e+001 -5.110449e+001  1.616457e+001  1.254682e+002  1.343269e-001 -1.418157e+001  1.041131e-001  3.527634e+001  1.882545e+000  2.723908e+000  1.700682e+000  3.015448e+000  1.334692e-001  2.978901e+001
        23  1.000000e+002  6.095367e-003 -6.845590e+001  2.159510e+001 -4.873553e+001  1.775943e+001  1.267819e+002  9.313793e-002 -4.408674e+001  9.013798e-002 -1.912309e+001  1.980657e+001 -5.110449e+001  1.616457e+001  1.254682e+002  1.343269e-001 -1.418157e+001  1.041131e-001  3.527634e+001  1.882545e+000  2.723908e+000  1.700682e+000  3.015448e+000  1.334692e-001  2.978901e+001
        23  1.584800e+002  9.775230e-003 -7.876692e+001  2.383199e+001 -4.976555e+001  2.044822e+001  1.270325e+002  6.126483e-002 -4.647235e+001  7.032741e-002 -1.250377e+001  2.234919e+001 -5.212892e+001  1.951053e+001  1.254207e+002  1.032132e-001 -1.418444e+001  8.907936e-002  3.929541e+001  2.160298e+000  2.770217e+000  2.018447e+000  2.965069e+000  1.148120e-001  3.379265e+001
        23  1.584800e+002  9.963695e-003 -9.458873e+001  2.382401e+001 -4.925763e+001  2.039622e+001  1.274508e+002  9.263535e-002 -4.953978e+001  7.032741e-002 -1.250377e+001  2.234919e+001 -5.212892e+001  1.951053e+001  1.254207e+002  1.032132e-001 -1.418444e+001  8.907936e-002  3.929541e+001  2.160298e+000  2.770217e+000  2.018447e+000  2.965069e+000  1.148120e-001  3.379265e+001
        23  2.511800e+002  2.178230e-002 -9.492785e+001  2.527935e+001 -4.890952e+001  2.218164e+001  1.284210e+002  1.021806e-001 -5.191626e+001  5.381956e-002 -1.075143e+001  2.433735e+001 -5.169454e+001  2.181010e+001  1.276534e+002  7.500328e-002 -9.299209e+000  7.445501e-002  4.376559e+001  2.367967e+000  2.788473e+000  2.241650e+000  2.945738e+000  9.291925e-002  3.827486e+001
        23  2.511800e+002  1.878182e-002 -8.589888e+001  2.553615e+001 -4.945643e+001  2.234785e+001  1.281612e+002  7.066379e-002 -5.215869e+001  5.381956e-002 -1.075143e+001  2.433735e+001 -5.169454e+001  2.181010e+001  1.276534e+002  7.500328e-002 -9.299209e+000  7.445501e-002  4.376559e+001  2.367967e+000  2.788473e+000  2.241650e+000  2.945738e+000  9.291925e-002  3.827486e+001
        23  3.981000e+002  3.740854e-002 -9.135921e+001  2.626765e+001 -4.869750e+001  2.356084e+001  1.291749e+002  1.099334e-001 -5.335209e+001  3.781826e-002 -1.006795e+001  2.624306e+001 -5.046313e+001  2.251098e+001  1.288196e+002  5.339612e-002  3.850907e+000  5.823022e-002  5.034214e+001  2.525540e+000  2.758038e+000  2.339076e+000  2.978092e+000  7.258517e-002  4.281910e+001
        23  3.981000e+002  3.141831e-002 -8.611206e+001  2.673370e+001 -4.917873e+001  2.376229e+001  1.290054e+002  7.978227e-002 -5.493778e+001  3.781826e-002 -1.006795e+001  2.624306e+001 -5.046313e+001  2.251098e+001  1.288196e+002  5.339612e-002  3.850907e+000  5.823022e-002  5.034214e+001  2.525540e+000  2.758038e+000  2.339076e+000  2.978092e+000  7.258517e-002  4.281910e+001
        23  6.309500e+002  5.004280e-002 -8.530369e+001  2.780636e+001 -4.908131e+001  2.492838e+001  1.295357e+002  8.866210e-002 -5.792347e+001  2.096168e-002 -9.251608e+000  2.930447e+001 -4.673924e+001  2.467424e+001  1.313679e+002  3.917445e-002  6.283169e+000  3.845169e-002  6.651868e+001  2.807086e+000  2.745242e+000  2.575791e+000  2.991968e+000  5.887700e-002  4.871805e+001
        23  6.309500e+002  5.964871e-002 -8.833620e+001  2.717133e+001 -4.868544e+001  2.468926e+001  1.296482e+002  1.177167e-001 -5.542937e+001  2.096168e-002 -9.251608e+000  2.930447e+001 -4.673924e+001  2.467424e+001  1.313679e+002  3.917445e-002  6.283169e+000  3.845169e-002  6.651868e+001  2.807086e+000  2.745242e+000  2.575791e+000  2.991968e+000  5.887700e-002  4.871805e+001
        23  1.000000e+003  9.144588e-002 -8.527256e+001  2.808175e+001 -4.880252e+001  2.568819e+001  1.297496e+002  1.278449e-001 -5.854710e+001  5.552878e-003 -1.031731e+001  3.452807e+001 -4.243933e+001  2.897872e+001  1.342936e+002  2.651242e-002 -4.173646e+000  1.479289e-002  1.800000e+002  3.304858e+000  2.743084e+000  3.027654e+000  2.994452e+000  4.573405e-002  5.959870e+001
        23  1.000000e+003  7.682340e-002 -8.352055e+001  2.885758e+001 -4.909532e+001  2.595008e+001  1.296904e+002  1.007677e-001 -6.173077e+001  5.552878e-003 -1.031731e+001  3.452807e+001 -4.243933e+001  2.897872e+001  1.342936e+002  2.651242e-002 -4.173646e+000  1.479289e-002  1.800000e+002  3.304858e+000  2.743084e+000  3.027654e+000  2.994452e+000  4.573405e-002  5.959870e+001
        24  6.309500e-001  1.128979e+001  1.674055e+002  3.280018e+001 -3.140156e+001  4.959581e+001  1.465737e+002  7.102117e-001 -9.057099e-001  1.971710e+001  1.708063e+002  3.698637e+001 -2.433629e+001  5.872952e+001  1.508533e+002  1.900775e+000  1.437286e+001  6.922429e+000  1.011030e+001  4.895307e+000  3.794446e+000  1.181601e+001  5.773544e+000  1.344472e+000  2.071159e+001
        24  1.000000e+000  8.435149e+000  1.741038e+002  2.920413e+001 -3.579856e+001  4.263656e+001  1.469937e+002  4.877536e-001  6.927897e+000  1.493909e+001  1.773429e+002  3.083960e+001 -2.924883e+001  4.489873e+001  1.518098e+002  1.006593e+000  1.416973e+001  5.372234e+000  1.035838e+001  4.408007e+000  4.098232e+000  9.213758e+000  5.889255e+000  7.803740e-001  2.280719e+001
        24  1.584800e+000  6.101603e+000 -1.770151e+002  2.815045e+001 -3.966346e+001  3.681274e+001  1.467073e+002  3.274720e-001  1.766864e+001  1.013631e+001 -1.788752e+002  2.795305e+001 -3.581475e+001  3.628224e+001  1.483076e+002  5.516844e-001  2.383628e+001  3.918559e+000  1.114503e+001  2.983662e+000  3.059282e+000  4.168126e+000  3.292900e+000  4.713052e-001  2.528690e+001
        24  2.511800e+000  4.173273e+000 -1.646350e+002  2.853279e+001 -4.188153e+001  3.194711e+001  1.459170e+002  2.114730e-001  3.289958e+001  6.223099e+000 -1.720637e+002  2.853223e+001 -4.007696e+001  3.235526e+001  1.452440e+002  2.859141e-001  3.268434e+001  2.731813e+000  1.267906e+001  4.250595e+000  4.271781e+000  3.135459e+000  2.777276e+000  2.797604e-001  2.929055e+001
        24  3.981000e+000  2.596214e+000 -1.476930e+002  2.900878e+001 -4.235952e+001  2.780238e+001  1.443867e+002  1.291128e-001  5.305527e+001  3.236564e+000 -1.572130e+002  2.922289e+001 -4.238839e+001  2.906490e+001  1.439676e+002  1.628245e-001  4.662093e+001  1.683113e+000  1.507097e+001  4.941179e+000  4.849744e+000  2.910372e+000  2.869815e+000  1.785503e-001  3.324983e+001
        24  6.309500e+000  1.418161e+000 -1.255105e+002  2.864456e+001 -4.186381e+001  2.470233e+001  1.416234e+002  7.674931e-002  7.712962e+001  1.810950e+000 -1.375127e+002  2.849206e+001 -4.252698e+001  2.635743e+001  1.414649e+002  1.050280e-001  6.636867e+001  1.081999e+000  1.738181e+001  2.831730e+000  2.848390e+000  2.687510e+000  2.922322e+000  1.254046e-001  3.665577e+001
        24  6.309500e+000  1.530965e+000 -1.265874e+002  2.918509e+001 -4.255461e+001  2.474611e+001  1.410419e+002  1.197124e-001  7.404989e+001  1.810950e+000 -1.375127e+002  2.849206e+001 -4.252698e+001  2.635743e+001  1.414649e+002  1.050280e-001  6.636867e+001  1.081999e+000  1.738181e+001  2.831730e+000  2.848390e+000  2.687510e+000  2.922322e+000  1.254046e-001  3.665577e+001
        24  1.000000e+001  6.610692e-001 -9.795339e+001  2.727568e+001 -4.140791e+001  2.332586e+001  1.378573e+002  4.487524e-002  1.031338e+002  9.421347e-001 -1.164444e+002  2.644066e+001 -4.272590e+001  2.301521e+001  1.387215e+002  8.800809e-002  8.598633e+001  6.505379e-001  2.019686e+001  2.553963e+000  2.768241e+000  2.382791e+000  2.967274e+000  1.061747e-001  3.710012e+001
        24  1.000000e+001  6.868389e-001 -1.001012e+002  2.791818e+001 -4.171081e+001  2.374477e+001  1.374761e+002  5.842702e-002  1.013275e+002  9.421347e-001 -1.164444e+002  2.644066e+001 -4.272590e+001  2.301521e+001  1.387215e+002  8.800809e-002  8.598633e+001  6.505379e-001  2.019686e+001  2.553963e+000  2.768241e+000  2.382791e+000  2.967274e+000  1.061747e-001  3.710012e+001
        24  1.584800e+001  2.506479e-001 -6.703024e+001  2.542580e+001 -4.189264e+001  2.384490e+001  1.345364e+002  2.165734e-002  1.263061e+002  4.439464e-001 -9.360874e+001  2.588707e+001 -4.347861e+001  2.338641e+001  1.349184e+002  7.996927e-002  1.022584e+002  3.680335e-001  2.448797e+001  4.427056e+000  4.905185e+000  2.398826e+000  2.939804e+000  9.920938e-002  3.833782e+001
        24  1.584800e+001  2.534699e-001 -7.238486e+001  2.596963e+001 -4.201128e+001  2.429358e+001  1.345365e+002  2.148550e-002  1.198694e+002  4.439464e-001 -9.360874e+001  2.588707e+001 -4.347861e+001  2.338641e+001  1.349184e+002  7.996927e-002  1.022584e+002  3.680335e-001  2.448797e+001  4.427056e+000  4.905185e+000  2.398826e+000  2.939804e+000  9.920938e-002  3.833782e+001
        24  2.511800e+001  7.760322e-002 -5.305936e+001  2.456369e+001 -4.366426e+001  2.561251e+001  1.330501e+002  8.845759e-003  1.002320e+002  1.469583e-001 -6.385832e+001  2.741432e+001 -4.407358e+001  2.787143e+001  1.324587e+002  8.847431e-002  1.132600e+002  1.629307e-001  3.366548e+001  4.739396e+000  4.958844e+000  2.775611e+000  2.854116e+000  1.118205e-001  3.919324e+001
        24  2.511800e+001  6.844217e-002 -4.104177e+001  2.401959e+001 -4.365545e+001  2.531644e+001  1.329345e+002  6.207145e-003  1.258645e+002  1.469583e-001 -6.385832e+001  2.741432e+001 -4.407358e+001  2.787143e+001  1.324587e+002  8.847431e-002  1.132600e+002  1.629307e-001  3.366548e+001  4.739396e+000  4.958844e+000  2.775611e+000  2.854116e+000  1.118205e-001  3.919324e+001
        24  3.981000e+001  1.472934e-002 -4.733347e+001  2.362650e+001 -4.616906e+001  2.644544e+001  1.325083e+002  8.989000e-003  8.114131e+001  7.608939e-002 -3.654842e+001  2.420515e+001 -4.545426e+001  2.551607e+001  1.327665e+002  7.815398e-002  1.178183e+002  9.640432e-002  3.930837e+001  2.452656e+000  2.904072e+000  2.518196e+000  2.828426e+000  9.966505e-002  3.961456e+001
        24  3.981000e+001  3.251699e-002 -5.776153e+001  2.414385e+001 -4.593070e+001  2.666273e+001  1.325776e+002  2.387362e-002  8.120320e+001  7.608939e-002 -3.654842e+001  2.420515e+001 -4.545426e+001  2.551607e+001  1.327665e+002  7.815398e-002  1.178183e+002  9.640432e-002  3.930837e+001  2.452656e+000  2.904072e+000  2.518196e+000  2.828426e+000  9.966505e-002  3.961456e+001
        24  6.309500e+001  1.938479e-002 -7.737195e+001  2.424654e+001 -4.879847e+001  2.712829e+001  1.320189e+002  3.047874e-002  8.318884e+001  6.321685e-002 -8.874714e+000  2.295663e+001 -4.749321e+001  2.435650e+001  1.319263e+002  7.380774e-002  1.234691e+002  8.278964e-002  4.090499e+001  2.329891e+000  2.908751e+000  2.399877e+000  2.823856e+000  9.437366e-002  3.974120e+001
        24  6.309500e+001  3.782482e-002 -6.380668e+001  2.451457e+001 -4.835566e+001  2.728376e+001  1.320699e+002  5.501254e-002  9.304959e+001  6.321685e-002 -8.874714e+000  2.295663e+001 -4.749321e+001  2.435650e+001  1.319263e+002  7.380774e-002  1.234691e+002  8.278964e-002  4.090499e+001  2.329891e+000  2.908751e+000  2.399877e+000  2.823856e+000  9.437366e-002  3.974120e+001
        24  1.000000e+002  3.819559e-002 -7.427511e+001  2.584032e+001 -5.126753e+001  2.801341e+001  1.311750e+002  5.599285e-002  9.605746e+001  7.290949e-002  2.078867e+000  2.369750e+001 -4.985344e+001  2.493054e+001  1.306731e+002  7.461666e-002  1.310836e+002  9.287312e-002  3.956156e+001  2.400009e+000  2.902610e+000  2.461656e+000  2.829860e+000  9.570397e-002  3.988914e+001
        24  1.000000e+002  4.824959e-002 -5.619215e+001  2.574803e+001 -5.100212e+001  2.801614e+001  1.311106e+002  7.810305e-002  1.081074e+002  7.290949e-002  2.078867e+000  2.369750e+001 -4.985344e+001  2.493054e+001  1.306731e+002  7.461666e-002  1.310836e+002  9.287312e-002  3.956156e+001  2.400009e+000  2.902610e+000  2.461656e+000  2.829860e+000  9.570397e-002  3.988914e+001
        24  1.584800e+002  5.304592e-002 -6.468544e+001  2.862808e+001 -5.326242e+001  2.942979e+001  1.303081e+002  7.552716e-002  1.066185e+002  8.075758e-002 -8.394247e+000  2.618935e+001 -5.248506e+001  2.678631e+001  1.288651e+002  7.944200e-002  1.409082e+002  1.028106e-001  3.953420e+001  2.633728e+000  2.882186e+000  2.663575e+000  2.849862e+000  1.021260e-001  3.999873e+001
        24  1.584800e+002  5.129858e-002 -4.655452e+001  2.841773e+001 -5.345944e+001  2.936581e+001  1.298886e+002  8.645786e-002  1.185913e+002  8.075758e-002 -8.394247e+000  2.618935e+001 -5.248506e+001  2.678631e+001  1.288651e+002  7.944200e-002  1.409082e+002  1.028106e-001  3.953420e+001  2.633728e+000  2.882186e+000  2.663575e+000  2.849862e+000  1.021260e-001  3.999873e+001
        24  2.511800e+002  4.996730e-002 -3.724769e+001  3.258215e+001 -5.474379e+001  3.155489e+001  1.288944e+002  9.164373e-002  1.250836e+002  1.106125e-001 -2.656090e+001  3.030985e+001 -5.509911e+001  2.976156e+001  1.265817e+002  8.446102e-002  1.512503e+002  1.350098e-001  3.760992e+001  3.017179e+000  2.852919e+000  2.989765e+000  2.879100e+000  1.097827e-001  4.053418e+001
        24  2.511800e+002  6.103867e-002 -5.561746e+001  3.258526e+001 -5.415222e+001  3.136303e+001  1.297303e+002  9.211070e-002  1.140084e+002  1.106125e-001 -2.656090e+001  3.030985e+001 -5.509911e+001  2.976156e+001  1.265817e+002  8.446102e-002  1.512503e+002  1.350098e-001  3.760992e+001  3.017179e+000  2.852919e+000  2.989765e+000  2.879100e+000  1.097827e-001  4.053418e+001
        24  3.981000e+002  6.182102e-002 -4.760220e+001  3.685109e+001 -5.382887e+001  3.358762e+001  1.296057e+002  1.069935e-001  1.205334e+002  1.528964e-001 -1.997239e+001  3.587649e+001 -5.695446e+001  3.421262e+001  1.244591e+002  7.504901e-002  1.578844e+002  1.795214e-001  3.594927e+001  3.545216e+000  2.832059e+000  3.462031e+000  2.900165e+000  1.040394e-001  4.387944e+001
        24  3.981000e+002  4.374706e-002 -2.686663e+001  3.731082e+001 -5.465945e+001  3.431912e+001  1.285174e+002  9.514566e-002  1.309606e+002  1.528964e-001 -1.997239e+001  3.587649e+001 -5.695446e+001  3.421262e+001  1.244591e+002  7.504901e-002  1.578844e+002  1.795214e-001  3.594927e+001  3.545216e+000  2.832059e+000  3.462031e+000  2.900165e+000  1.040394e-001  4.387944e+001
        24  6.309500e+002  5.555670e-002 -4.175053e+001  4.060704e+001 -5.294545e+001  3.573218e+001  1.298569e+002  1.142602e-001  1.263554e+002  1.927295e-001 -4.512912e+000  4.211426e+001 -5.776165e+001  3.924378e+001  1.230345e+002  5.443599e-002  1.629735e+002  2.222984e-001  3.521953e+001  4.137837e+000  2.815864e+000  3.994332e+000  2.917116e+000  8.462344e-002  5.101173e+001
        24  6.309500e+002  3.222916e-002 -1.679987e+001  4.170894e+001 -5.384831e+001  3.714341e+001  1.286915e+002  9.149571e-002  1.362539e+002  1.927295e-001 -4.512912e+000  4.211426e+001 -5.776165e+001  3.924378e+001  1.230345e+002  5.443599e-002  1.629735e+002  2.222984e-001  3.521953e+001  4.137837e+000  2.815864e+000  3.994332e+000  2.917116e+000  8.462344e-002  5.101173e+001
        24  1.000000e+003  4.692707e-002 -3.953236e+001  4.368958e+001 -5.206572e+001  3.755700e+001  1.302083e+002  1.136905e-001  1.304111e+002  1.457756e-001 -6.753779e-001  4.940427e+001 -5.728853e+001  4.538241e+001  1.229051e+002  5.193392e-002  1.721495e+002  1.876423e-001  4.006078e+001  4.836612e+000  2.805711e+000  4.635566e+000  2.927499e+000  8.471089e-002  5.464319e+001
        24  1.000000e+003  2.036072e-002 -9.748120e+000  4.546782e+001 -5.289851e+001  3.969267e+001  1.291177e+002  8.255140e-002  1.398066e+002  1.457756e-001 -6.753779e-001  4.940427e+001 -5.728853e+001  4.538241e+001  1.229051e+002  5.193392e-002  1.721495e+002  1.876423e-001  4.006078e+001  4.836612e+000  2.805711e+000  4.635566e+000  2.927499e+000  8.471089e-002  5.464319e+001
        25  2.511800e+000  1.487873e+002 -3.260244e+001  1.337232e+002 -5.012931e+001  8.476049e+002  1.472510e+002  3.933793e+001  1.213334e+002  1.950709e+002 -6.965239e+000  1.078745e+002 -4.551504e+001  4.862488e+002  1.581225e+002  4.863349e+000  1.161439e+002  5.046519e+001  7.432084e+000  1.571832e+001  4.177967e+000  4.548996e+001  2.681070e+000  4.613577e+000  2.831515e+001
        25  3.981000e+000  1.361059e+002 -3.627863e+001  1.402139e+002 -5.072450e+001  7.618706e+002  1.434236e+002  4.224609e+001  1.240645e+002  1.667382e+002 -2.726622e+001  1.251074e+002 -4.897583e+001  7.750759e+002  1.464949e+002  7.759223e+001  1.366721e+002  4.655634e+001  8.025228e+000  1.973768e+001  4.524361e+000  4.912773e+001  1.816134e+000  4.138414e+001  1.546663e+001
        25  6.309500e+000  1.441461e+002 -3.800323e+001  1.414401e+002 -5.282857e+001  7.456575e+002  1.407446e+002  4.170484e+001  1.227681e+002  1.695599e+002 -3.118186e+001  1.564606e+002 -5.164638e+001  9.131227e+002  1.426551e+002  1.036861e+002  1.415017e+002  4.985617e+001  8.454060e+000  2.431834e+001  4.457175e+000  5.874839e+001  1.843463e+000  5.358377e+001  1.497480e+001
        25  6.309500e+000  1.357549e+002 -3.815660e+001  1.475585e+002 -5.220759e+001  7.455871e+002  1.406060e+002  4.520803e+001  1.246220e+002  1.695599e+002 -3.118186e+001  1.564606e+002 -5.164638e+001  9.131227e+002  1.426551e+002  1.036861e+002  1.415017e+002  4.985617e+001  8.454060e+000  2.431834e+001  4.457175e+000  5.874839e+001  1.843463e+000  5.358377e+001  1.497480e+001
        25  1.000000e+001  1.360702e+002 -3.718258e+001  1.621522e+002 -5.402867e+001  7.485277e+002  1.398921e+002  5.134315e+001  1.246938e+002  1.390065e+002 -3.122263e+001  1.724022e+002 -5.333066e+001  8.141653e+002  1.425561e+002  1.044860e+002  1.379256e+002  4.400904e+001  9.108152e+000  2.541469e+001  4.226964e+000  5.522932e+001  1.943717e+000  5.237134e+001  1.451386e+001
        25  1.000000e+001  1.440276e+002 -3.665523e+001  1.595303e+002 -5.513376e+001  7.501870e+002  1.399468e+002  5.053242e+001  1.224391e+002  1.390065e+002 -3.122263e+001  1.724022e+002 -5.333066e+001  8.141653e+002  1.425561e+002  1.044860e+002  1.379256e+002  4.400904e+001  9.108152e+000  2.541469e+001  4.226964e+000  5.522932e+001  1.943717e+000  5.237134e+001  1.451386e+001
        25  1.584800e+001  1.292124e+002 -3.455402e+001  1.846331e+002 -5.499632e+001  7.330290e+002  1.405226e+002  5.974917e+001  1.265686e+002  1.299516e+002 -3.248156e+001  2.070266e+002 -5.575574e+001  8.323488e+002  1.404515e+002  9.997442e+001  1.379901e+002  4.379807e+001  9.701594e+000  2.931402e+001  4.059805e+000  5.877801e+001  2.023450e+000  5.094561e+001  1.476133e+001
        25  1.584800e+001  1.354484e+002 -3.391282e+001  1.860801e+002 -5.600713e+001  7.354044e+002  1.404090e+002  6.120385e+001  1.250083e+002  1.299516e+002 -3.248156e+001  2.070266e+002 -5.575574e+001  8.323488e+002  1.404515e+002  9.997442e+001  1.379901e+002  4.379807e+001  9.701594e+000  2.931402e+001  4.059805e+000  5.877801e+001  2.023450e+000  5.094561e+001  1.476133e+001
        25  2.511800e+001  1.222684e+002 -3.085533e+001  2.154762e+002 -5.561700e+001  7.087303e+002  1.412634e+002  6.914858e+001  1.293770e+002  1.157748e+002 -3.002084e+001  2.286588e+002 -5.603607e+001  7.439841e+002  1.417097e+002  9.764606e+001  1.379347e+002  4.117445e+001  1.024288e+001  3.070949e+001  3.850385e+000  5.539371e+001  2.133486e+000  4.866862e+001  1.443073e+001
        25  2.511800e+001  1.169043e+002 -3.152450e+001  2.105449e+002 -5.491796e+001  7.003234e+002  1.414940e+002  6.644985e+001  1.301764e+002  1.157748e+002 -3.002084e+001  2.286588e+002 -5.603607e+001  7.439841e+002  1.417097e+002  9.764606e+001  1.379347e+002  4.117445e+001  1.024288e+001  3.070949e+001  3.850385e+000  5.539371e+001  2.133486e+000  4.866862e+001  1.443073e+001
        25  3.981000e+001  1.026716e+002 -2.799295e+001  2.373246e+002 -5.425032e+001  6.609935e+002  1.428227e+002  6.916639e+001  1.343936e+002  1.167932e+002 -2.500018e+001  2.554985e+002 -5.433235e+001  7.501953e+002  1.461967e+002  9.383749e+001  1.425423e+002  4.261203e+001  1.051105e+001  3.344493e+001  3.752711e+000  5.730906e+001  2.189008e+000  4.733754e+001  1.460960e+001
        25  3.981000e+001  1.075643e+002 -2.699432e+001  2.451152e+002 -5.452571e+001  6.758955e+002  1.428045e+002  7.245325e+001  1.342987e+002  1.167932e+002 -2.500018e+001  2.554985e+002 -5.433235e+001  7.501953e+002  1.461967e+002  9.383749e+001  1.425423e+002  4.261203e+001  1.051105e+001  3.344493e+001  3.752711e+000  5.730906e+001  2.189008e+000  4.733754e+001  1.460960e+001
        25  1.000000e+002  6.738425e+001 -1.627236e+001  2.970310e+002 -5.064027e+001  5.365378e+002  1.471839e+002  6.420515e+001  1.440319e+002  7.195174e+001 -1.623115e+001  3.009525e+002 -4.951599e+001  5.856588e+002  1.477096e+002  7.665139e+001  1.509730e+002  3.086904e+001  1.238690e+001  3.554516e+001  3.385540e+000  4.958540e+001  2.426228e+000  3.823110e+001  1.444100e+001
        25  1.000000e+002  6.583906e+001 -1.863039e+001  2.901511e+002 -5.128935e+001  5.286927e+002  1.463525e+002  6.236681e+001  1.426866e+002  7.195174e+001 -1.623115e+001  3.009525e+002 -4.951599e+001  5.856588e+002  1.477096e+002  7.665139e+001  1.509730e+002  3.086904e+001  1.238690e+001  3.554516e+001  3.385540e+000  4.958540e+001  2.426228e+000  3.823110e+001  1.444100e+001
        25  1.584800e+002  4.603666e+001 -1.483357e+001  3.068882e+002 -4.909711e+001  4.452126e+002  1.467497e+002  5.378528e+001  1.458111e+002  4.707395e+001 -1.012739e+001  3.160294e+002 -4.731481e+001  4.719635e+002  1.485396e+002  6.134063e+001  1.529762e+002  2.273191e+001  1.397207e+001  3.493546e+001  3.168494e+000  4.269302e+001  2.592324e+000  3.064809e+001  1.446679e+001
        25  1.584800e+002  4.597252e+001 -1.165175e+001  3.099800e+002 -4.821615e+001  4.447421e+002  1.478758e+002  5.427862e+001  1.477259e+002  4.707395e+001 -1.012739e+001  3.160294e+002 -4.731481e+001  4.719635e+002  1.485396e+002  6.134063e+001  1.529762e+002  2.273191e+001  1.397207e+001  3.493546e+001  3.168494e+000  4.269302e+001  2.592324e+000  3.064809e+001  1.446679e+001
        25  2.511800e+002  3.002642e+001 -1.347860e+001  3.115303e+002 -4.705742e+001  3.739325e+002  1.453798e+002  4.404162e+001  1.471225e+002  2.724105e+001 -6.411622e+000  3.127821e+002 -4.525874e+001  3.735395e+002  1.482153e+002  4.475347e+001  1.529791e+002  1.504368e+001  1.602887e+001  3.269737e+001  2.996136e+000  3.573223e+001  2.741460e+000  2.282043e+001  1.477104e+001
        25  2.511800e+002  2.885897e+001 -9.283084e+000  3.102336e+002 -4.609138e+001  3.658807e+002  1.465951e+002  4.316860e+001  1.495939e+002  2.724105e+001 -6.411622e+000  3.127821e+002 -4.525874e+001  3.735395e+002  1.482153e+002  4.475347e+001  1.529791e+002  1.504368e+001  1.602887e+001  3.269737e+001  2.996136e+000  3.573223e+001  2.741460e+000  2.282043e+001  1.477104e+001
        25  3.981000e+002  1.914363e+001 -1.581626e+001  3.059279e+002 -4.576074e+001  3.249575e+002  1.422693e+002  3.553295e+001  1.456934e+002  1.476744e+001 -5.434861e+000  2.955402e+002 -4.374348e+001  2.971677e+002  1.458259e+002  3.189479e+001  1.496870e+002  9.370208e+000  1.849724e+001  2.959427e+001  2.869890e+000  2.967565e+001  2.862014e+000  1.671714e+001  1.519274e+001
        25  3.981000e+002  1.726912e+001 -1.064961e+001  3.007038e+002 -4.482202e+001  3.113019e+002  1.432834e+002  3.337599e+001  1.484244e+002  1.476744e+001 -5.434861e+000  2.955402e+002 -4.374348e+001  2.971677e+002  1.458259e+002  3.189479e+001  1.496870e+002  9.370208e+000  1.849724e+001  2.959427e+001  2.869890e+000  2.967565e+001  2.862014e+000  1.671714e+001  1.519274e+001
        25  6.309500e+002  1.303833e+001 -2.248635e+001  2.964913e+002 -4.555095e+001  3.021546e+002  1.380596e+002  3.030079e+001  1.413811e+002  8.562175e+000 -1.441344e+001  2.817398e+002 -4.308083e+001  2.613481e+002  1.401793e+002  2.543621e+001  1.393701e+002  6.151996e+000  2.105441e+001  2.764980e+001  2.812619e+000  2.663039e+001  2.920377e+000  1.366209e+001  1.557836e+001
        25  6.309500e+002  1.072987e+001 -1.711544e+001  2.883468e+002 -4.469210e+001  2.854734e+002  1.385745e+002  2.724042e+001  1.437505e+002  8.562175e+000 -1.441344e+001  2.817398e+002 -4.308083e+001  2.613481e+002  1.401793e+002  2.543621e+001  1.393701e+002  6.151996e+000  2.105441e+001  2.764980e+001  2.812619e+000  2.663039e+001  2.920377e+000  1.366209e+001  1.557836e+001
        26  3.981000e+002  5.403149e-002  1.677864e+002  4.018862e+001 -4.581634e+001  3.162620e+001  1.309904e+002  1.487270e-002  2.013424e+001  3.724425e-001 -1.678429e+002  3.787180e+001 -4.887797e+001  2.972214e+001  1.220282e+002  2.971823e-002  3.388277e+001  3.548158e-001  2.844640e+001  3.564534e+000  2.697366e+000  3.157802e+000  3.045102e+000  5.013688e-002  5.751558e+001
        26  3.981000e+002  5.084652e-002  1.600622e+002  3.983388e+001 -4.708472e+001  3.116620e+001  1.296504e+002  1.293771e-002  1.126505e+001  3.724425e-001 -1.678429e+002  3.787180e+001 -4.887797e+001  2.972214e+001  1.220282e+002  2.971823e-002  3.388277e+001  3.548158e-001  2.844640e+001  3.564534e+000  2.697366e+000  3.157802e+000  3.045102e+000  5.013688e-002  5.751558e+001
        26  6.309500e+002  4.953004e-002  1.628979e+002  4.204022e+001 -4.881617e+001  3.253678e+001  1.291144e+002  9.939815e-003  8.690103e+000  4.164245e-001 -1.564326e+002  4.352526e+001 -5.060073e+001  3.341491e+001  1.248715e+002  1.021625e-001  2.322347e+001  3.994458e-001  2.866017e+001  4.074228e+000  2.682596e+000  3.569807e+000  3.061991e+000  1.303390e-001  3.963544e+001
        26  6.309500e+002  5.339532e-002  1.614868e+002  4.206313e+001 -4.793788e+001  3.245812e+001  1.304692e+002  8.640540e-003  4.574884e+000  4.164245e-001 -1.564326e+002  4.352526e+001 -5.060073e+001  3.341491e+001  1.248715e+002  1.021625e-001  2.322347e+001  3.994458e-001  2.866017e+001  4.074228e+000  2.682596e+000  3.569807e+000  3.061991e+000  1.303390e-001  3.963544e+001
        26  1.000000e+003  5.911591e-002  1.655274e+002  4.436329e+001 -4.943096e+001  3.367221e+001  1.293832e+002  8.928932e-003  1.830974e+000  3.510472e-001 -1.509652e+002  4.553293e+001 -5.012861e+001  3.611148e+001  1.272663e+002  8.336901e-002  2.771964e+001  3.554114e-001  3.041211e+001  4.296963e+000  2.704518e+000  3.826673e+000  3.037192e+000  1.141006e-001  4.318140e+001
        26  1.000000e+003  5.067413e-002  1.713439e+002  4.449034e+001 -5.005028e+001  3.433120e+001  1.281718e+002  9.594667e-003  1.768400e+001  3.510472e-001 -1.509652e+002  4.553293e+001 -5.012861e+001  3.611148e+001  1.272663e+002  8.336901e-002  2.771964e+001  3.554114e-001  3.041211e+001  4.296963e+000  2.704518e+000  3.826673e+000  3.037192e+000  1.141006e-001  4.318140e+001
        27  2.511800e+000  1.670117e-001 -7.341632e+001  6.181531e+001 -3.919470e+001  4.423590e+001  1.476590e+002  1.986905e-001  1.312137e+002  1.646811e+000 -1.518866e+000  6.071571e+001 -3.585208e+001  3.641499e+001  1.524204e+002  7.473015e-002  1.290898e+002  1.217363e+000  2.169171e+001  9.619840e+000  4.543753e+000  4.638308e+000  3.651456e+000  1.053313e-001  4.480891e+001
        27  3.981000e+000  1.864617e-001 -5.105546e+001  6.034525e+001 -3.758097e+001  3.889617e+001  1.479686e+002  2.147593e-001  1.530311e+002  1.973931e+000  9.299691e+000  5.322291e+001 -3.617619e+001  3.410832e+001  1.534764e+002  2.427255e-002  1.597286e+002  1.349412e+000  1.998708e+001  7.619558e+000  4.104832e+000  3.812175e+000  3.203550e+000  4.458348e-002  6.669228e+001
        27  6.309500e+000  2.383250e-001 -2.457587e+001  5.526938e+001 -3.520970e+001  3.378039e+001  1.486419e+002  1.519430e-001  1.774722e+002  1.231276e+000  1.789383e+001  4.898266e+001 -3.793124e+001  3.301750e+001  1.529023e+002  5.184515e-002  1.324783e+002  9.276757e-001  2.213024e+001  5.599665e+000  3.276793e+000  3.643928e+000  3.163289e+000  7.813325e-002  4.889666e+001
        27  6.309500e+000  1.696885e-001 -2.799918e+001  5.543122e+001 -3.520399e+001  3.319944e+001  1.483301e+002  1.909716e-001  1.781549e+002  1.231276e+000  1.789383e+001  4.898266e+001 -3.793124e+001  3.301750e+001  1.529023e+002  5.184515e-002  1.324783e+002  9.276757e-001  2.213024e+001  5.599665e+000  3.276793e+000  3.643928e+000  3.163289e+000  7.813325e-002  4.889666e+001
        27  1.000000e+001  1.197701e-001 -4.752399e+000  4.770954e+001 -3.335697e+001  2.737694e+001  1.476152e+002  1.415438e-001 -1.539559e+002  1.384364e+000  2.049716e+001  4.458318e+001 -3.395764e+001  2.660011e+001  1.515946e+002  6.437918e-002  1.031578e+002  9.893628e-001  2.093660e+001  3.918276e+000  2.518584e+000  3.026573e+000  3.261332e+000  8.707475e-002  4.255245e+001
        27  1.000000e+001  1.692448e-001 -2.386165e+000  4.743605e+001 -3.334887e+001  2.765198e+001  1.482501e+002  1.156120e-001 -1.513002e+002  1.384364e+000  2.049716e+001  4.458318e+001 -3.395764e+001  2.660011e+001  1.515946e+002  6.437918e-002  1.031578e+002  9.893628e-001  2.093660e+001  3.918276e+000  2.518584e+000  3.026573e+000  3.261332e+000  8.707475e-002  4.255245e+001
        27  1.584800e+001  8.950031e-002  1.949336e+001  3.902450e+001 -3.337305e+001  2.231667e+001  1.454035e+002  7.970738e-002 -1.182016e+002  3.889899e-001  7.113369e+001  4.409179e+001 -3.180064e+001  2.508602e+001  1.537866e+002  9.592616e-002  8.095512e+001  3.807761e-001  2.930392e+001  3.829339e+000  2.488830e+000  2.888423e+000  3.300364e+000  1.157289e-001  3.710078e+001
        27  1.584800e+001  6.204214e-002  1.811737e+001  3.933698e+001 -3.326868e+001  2.247593e+001  1.446200e+002  9.364339e-002 -1.239634e+002  3.889899e-001  7.113369e+001  4.409179e+001 -3.180064e+001  2.508602e+001  1.537866e+002  9.592616e-002  8.095512e+001  3.807761e-001  2.930392e+001  3.829339e+000  2.488830e+000  2.888423e+000  3.300364e+000  1.157289e-001  3.710078e+001
        27  2.511800e+001  2.077247e-002  3.938972e+001  3.255655e+001 -3.568358e+001  1.961444e+001  1.388213e+002  5.939612e-002 -9.342303e+001  3.006321e-001  1.233194e+002  3.784512e+001 -3.269402e+001  2.128956e+001  1.475042e+002  5.949971e-002  1.289312e+002  3.020976e-001  3.016138e+001  3.277574e+000  2.481824e+000  2.458278e+000  3.309774e+000  7.763220e-002  4.072088e+001
        27  2.511800e+001  3.273501e-002  4.032562e+001  3.235902e+001 -3.595361e+001  1.911970e+001  1.393176e+002  5.299504e-002 -8.473183e+001  3.006321e-001  1.233194e+002  3.784512e+001 -3.269402e+001  2.128956e+001  1.475042e+002  5.949971e-002  1.289312e+002  3.020976e-001  3.016138e+001  3.277574e+000  2.481824e+000  2.458278e+000  3.309774e+000  7.763220e-002  4.072088e+001
        27  3.981000e+001  2.634939e-003  4.981349e+001  2.871435e+001 -4.043623e+001  1.974645e+001  1.315313e+002  3.659218e-002 -6.552169e+001  5.515669e-002 -1.609345e+002  3.188553e+001 -3.771054e+001  2.016432e+001  1.336243e+002  1.445444e-001 -1.681731e+002  8.113612e-002  4.734997e+001  2.843417e+000  2.555545e+000  2.261182e+000  3.214197e+000  1.490286e-001  3.103164e+001
        27  3.981000e+001  5.850038e-003  5.608075e+001  2.871039e+001 -4.084958e+001  1.916716e+001  1.314353e+002  3.299795e-002 -5.336251e+001  5.515669e-002 -1.609345e+002  3.188553e+001 -3.771054e+001  2.016432e+001  1.336243e+002  1.445444e-001 -1.681731e+002  8.113612e-002  4.734997e+001  2.843417e+000  2.555545e+000  2.261182e+000  3.214197e+000  1.490286e-001  3.103164e+001
        27  6.309500e+001  1.284019e-003 -3.920719e+001  2.835966e+001 -4.614737e+001  2.315409e+001  1.262158e+002  1.997926e-002 -4.420749e+001  1.863988e-001 -9.612332e+001  3.023028e+001 -4.436910e+001  2.391684e+001  1.229886e+002  2.781278e-001 -1.288645e+002  1.995565e-001  3.236388e+001  2.851049e+000  2.702815e+000  2.535920e+000  3.038981e+000  2.540878e-001  2.717967e+001
        27  6.309500e+001  6.389644e-004 -1.590702e+001  2.867160e+001 -4.659636e+001  2.272132e+001  1.257162e+002  1.615484e-002 -2.691141e+001  1.863988e-001 -9.612332e+001  3.023028e+001 -4.436910e+001  2.391684e+001  1.229886e+002  2.781278e-001 -1.288645e+002  1.995565e-001  3.236388e+001  2.851049e+000  2.702815e+000  2.535920e+000  3.038981e+000  2.540878e-001  2.717967e+001
        27  1.000000e+002  5.922672e-003 -2.619103e+001  3.133748e+001 -5.054817e+001  2.831240e+001  1.248428e+002  9.004089e-003 -3.894303e+001  3.323419e-002 -1.057434e+002  3.108308e+001 -5.016633e+001  2.767337e+001  1.213104e+002  1.307838e-001 -1.163653e+002  5.513595e-002  5.604807e+001  3.019309e+000  2.783858e+000  2.848896e+000  2.950524e+000  1.496433e-001  3.489692e+001
        27  1.000000e+002  4.822777e-003 -2.502801e+001  3.204579e+001 -5.072274e+001  2.812806e+001  1.242646e+002  4.543305e-003 -1.715367e+001  3.323419e-002 -1.057434e+002  3.108308e+001 -5.016633e+001  2.767337e+001  1.213104e+002  1.307838e-001 -1.163653e+002  5.513595e-002  5.604807e+001  3.019309e+000  2.783858e+000  2.848896e+000  2.950524e+000  1.496433e-001  3.489692e+001
        27  1.584800e+002  7.236771e-003  6.966449e+000  3.625387e+001 -5.221100e+001  3.282036e+001  1.258417e+002  7.198849e-003 -5.607365e+001  1.216608e-002 -7.308837e+001  3.367025e+001 -5.358454e+001  3.411196e+001  1.222185e+002  4.955686e-002 -1.020041e+002  2.647224e-002  1.800000e+002  3.377844e+000  2.875201e+000  3.399928e+000  2.856509e+000  7.615119e-002  5.020339e+001
        27  1.584800e+002  6.979141e-003  6.501009e+000  3.705326e+001 -5.190487e+001  3.286117e+001  1.252997e+002  2.563797e-003 -5.670188e+001  1.216608e-002 -7.308837e+001  3.367025e+001 -5.358454e+001  3.411196e+001  1.222185e+002  4.955686e-002 -1.020041e+002  2.647224e-002  1.800000e+002  3.377844e+000  2.875201e+000  3.399928e+000  2.856509e+000  7.615119e-002  5.020339e+001
        27  2.511800e+002  5.156597e-003  3.873037e+001  4.121035e+001 -5.114163e+001  3.619662e+001  1.265410e+002  6.635955e-003 -6.368205e+001  5.232193e-004 -3.817330e+000  3.804831e+001 -5.333284e+001  3.926577e+001  1.251076e+002  1.928753e-002 -8.017003e+001  2.577625e-003  1.800000e+002  3.834780e+000  2.888563e+000  3.895650e+000  2.843391e+000  3.886695e-002  1.800000e+002
        27  2.511800e+002  4.691503e-003  4.004457e+001  4.082796e+001 -5.172761e+001  3.595095e+001  1.270781e+002  1.172400e-002 -5.996404e+001  5.232193e-004 -3.817330e+000  3.804831e+001 -5.333284e+001  3.926577e+001  1.251076e+002  1.928753e-002 -8.017003e+001  2.577625e-003  1.800000e+002  3.834780e+000  2.888563e+000  3.895650e+000  2.843391e+000  3.886695e-002  1.800000e+002
        27  3.981000e+002  2.433706e-003  6.553626e+001  4.371887e+001 -5.071344e+001  3.845330e+001  1.278441e+002  1.518002e-002 -5.180170e+001  5.971243e-003  1.175126e+002  4.261838e+001 -5.174456e+001  4.309245e+001  1.280422e+002  1.046257e-002 -5.494978e+001  1.646536e-002  1.800000e+002  4.273633e+000  2.873923e+000  4.297336e+000  2.858057e+000  2.514472e-002  1.800000e+002
        27  3.981000e+002  3.154537e-003  6.358887e+001  4.359838e+001 -5.014688e+001  3.897323e+001  1.273096e+002  9.281950e-003 -5.198300e+001  5.971243e-003  1.175126e+002  4.261838e+001 -5.174456e+001  4.309245e+001  1.280422e+002  1.046257e-002 -5.494978e+001  1.646536e-002  1.800000e+002  4.273633e+000  2.873923e+000  4.297336e+000  2.858057e+000  2.514472e-002  1.800000e+002
        27  6.309500e+002  2.326804e-003  7.953990e+001  4.501928e+001 -4.975408e+001  4.154405e+001  1.277763e+002  8.973388e-003 -4.289013e+001  3.357155e-002  1.437782e+002  4.475797e+001 -4.931632e+001  4.376786e+001  1.303470e+002  9.795851e-003 -4.651444e+001  6.085904e-002  6.501358e+001  4.450947e+000  2.850059e+000  4.401441e+000  2.882142e+000  2.402661e-002  1.800000e+002
        27  6.309500e+002  1.463757e-003  8.130853e+001  4.547384e+001 -5.022212e+001  4.073538e+001  1.282579e+002  1.486487e-002 -4.387926e+001  3.357155e-002  1.437782e+002  4.475797e+001 -4.931632e+001  4.376786e+001  1.303470e+002  9.795851e-003 -4.651444e+001  6.085904e-002  6.501358e+001  4.450947e+000  2.850059e+000  4.401441e+000  2.882142e+000  2.402661e-002  1.800000e+002
        27  1.000000e+003  2.216843e-003  8.998219e+001  4.625710e+001 -5.000267e+001  4.389853e+001  1.278270e+002  8.110659e-003 -3.815933e+001  3.876380e-002  1.533195e+002  4.622471e+001 -4.563174e+001  4.564167e+001  1.323961e+002  8.250361e-003 -1.091834e+002  6.833778e-002  6.181945e+001  4.607840e+000  2.856905e+000  4.578688e+000  2.875110e+000  2.134586e-002  1.800000e+002
        27  1.000000e+003  1.208257e-003  8.912562e+001  4.699160e+001 -5.036764e+001  4.284462e+001  1.282418e+002  1.328807e-002 -4.005284e+001  3.876380e-002  1.533195e+002  4.622471e+001 -4.563174e+001  4.564167e+001  1.323961e+002  8.250361e-003 -1.091834e+002  6.833778e-002  6.181945e+001  4.607840e+000  2.856905e+000  4.578688e+000  2.875110e+000  2.134586e-002  1.800000e+002
        28  3.981000e+000  2.913838e+000 -6.466441e+001  3.339504e+001 -5.021611e+001  3.455371e+001  1.409793e+002  1.088790e+000  1.014864e+002  2.905142e+000 -4.542821e+001  2.594543e+001 -4.610522e+001  3.489077e+001  1.370508e+002  9.904050e-001  1.048248e+002  1.506630e+000  1.502877e+001  7.723962e+000  8.560298e+000  6.296148e+000  5.176641e+000  7.238735e-001  2.143486e+001
        28  6.309500e+000  3.606406e+000 -6.508909e+001  3.634090e+001 -4.912914e+001  3.244993e+001  1.417521e+002  1.294980e+000  1.088637e+002  3.565325e+000 -5.213953e+001  3.037577e+001 -4.764735e+001  3.466624e+001  1.377903e+002  1.498817e+000  1.087845e+002  1.827380e+000  1.484892e+001  8.846481e+000  8.373033e+000  6.442224e+000  5.331490e+000  9.860807e-001  1.920524e+001
        28  6.309500e+000  3.840951e+000 -6.310345e+001  3.713371e+001 -4.942051e+001  3.198445e+001  1.418180e+002  1.365582e+000  1.117034e+002  3.565325e+000 -5.213953e+001  3.037577e+001 -4.764735e+001  3.466624e+001  1.377903e+002  1.498817e+000  1.087845e+002  1.827380e+000  1.484892e+001  8.846481e+000  8.373033e+000  6.442224e+000  5.331490e+000  9.860807e-001  1.920524e+001
        28  1.000000e+001  4.622529e+000 -6.484160e+001  3.855136e+001 -4.719752e+001  2.945501e+001  1.421060e+002  1.509860e+000  1.130725e+002  4.146414e+000 -5.931212e+001  3.283390e+001 -4.785537e+001  3.294187e+001  1.391783e+002  1.928646e+000  1.132975e+002  2.086698e+000  1.457380e+001  9.420393e+000  8.247839e+000  6.302378e+000  5.489255e+000  1.176270e+000  1.775498e+001
        28  1.000000e+001  4.843951e+000 -6.229619e+001  3.927654e+001 -4.677604e+001  2.893749e+001  1.420466e+002  1.592752e+000  1.154143e+002  4.146414e+000 -5.931212e+001  3.283390e+001 -4.785537e+001  3.294187e+001  1.391783e+002  1.928646e+000  1.132975e+002  2.086698e+000  1.457380e+001  9.420393e+000  8.247839e+000  6.302378e+000  5.489255e+000  1.176270e+000  1.775498e+001
        28  1.584800e+001  5.925762e+000 -6.274461e+001  3.910154e+001 -4.462731e+001  2.645824e+001  1.413271e+002  1.811250e+000  1.159104e+002  4.788800e+000 -6.551110e+001  3.378682e+001 -4.753556e+001  3.056230e+001  1.398420e+002  2.274346e+000  1.186029e+002  2.341395e+000  1.415026e+001  9.586907e+000  8.156271e+000  6.014824e+000  5.647196e+000  1.306354e+000  1.669000e+001
        28  1.584800e+001  5.957989e+000 -6.002277e+001  3.898605e+001 -4.387446e+001  2.601036e+001  1.410791e+002  1.888579e+000  1.183681e+002  4.788800e+000 -6.551110e+001  3.378682e+001 -4.753556e+001  3.056230e+001  1.398420e+002  2.274346e+000  1.186029e+002  2.341395e+000  1.415026e+001  9.586907e+000  8.156271e+000  6.014824e+000  5.647196e+000  1.306354e+000  1.669000e+001
        28  2.511800e+001  7.194804e+000 -5.913737e+001  3.736757e+001 -4.233051e+001  2.426366e+001  1.393505e+002  2.184997e+000  1.191644e+002  5.872930e+000 -6.669141e+001  3.443960e+001 -4.754901e+001  2.834829e+001  1.393825e+002  2.551491e+000  1.227646e+002  2.741777e+000  1.349880e+001  9.684513e+000  8.082649e+000  5.753974e+000  5.824813e+000  1.397489e+000  1.589393e+001
        28  2.511800e+001  6.972633e+000 -5.686627e+001  3.648514e+001 -4.182971e+001  2.397478e+001  1.389344e+002  2.213259e+000  1.217503e+002  5.872930e+000 -6.669141e+001  3.443960e+001 -4.754901e+001  2.834829e+001  1.393825e+002  2.551491e+000  1.227646e+002  2.741777e+000  1.349880e+001  9.684513e+000  8.082649e+000  5.753974e+000  5.824813e+000  1.397489e+000  1.589393e+001
        28  3.981000e+001  7.721716e+000 -5.356298e+001  3.314308e+001 -4.152620e+001  2.315130e+001  1.361835e+002  2.492973e+000  1.255032e+002  7.504223e+000 -6.295906e+001  3.625000e+001 -4.795949e+001  2.716923e+001  1.381116e+002  2.847805e+000  1.264179e+002  3.337457e+000  1.284839e+001  1.010707e+001  8.013581e+000  5.695196e+000  6.016202e+000  1.501490e+000  1.528511e+001
        28  3.981000e+001  8.134030e+000 -5.522942e+001  3.422931e+001 -4.144333e+001  2.325959e+001  1.366900e+002  2.544389e+000  1.231657e+002  7.504223e+000 -6.295906e+001  3.625000e+001 -4.795949e+001  2.716923e+001  1.381116e+002  2.847805e+000  1.264179e+002  3.337457e+000  1.284839e+001  1.010707e+001  8.013581e+000  5.695196e+000  6.016202e+000  1.501490e+000  1.528511e+001
        28  6.309500e+001  8.679983e+000 -5.185148e+001  3.139039e+001 -4.244466e+001  2.340597e+001  1.340888e+002  2.799158e+000  1.274545e+002  9.181465e+000 -5.787922e+001  3.921147e+001 -4.822365e+001  2.707179e+001  1.368762e+002  3.192499e+000  1.304317e+002  3.959773e+000  1.245305e+001  1.081811e+001  7.928990e+000  5.810104e+000  6.160225e+000  1.634345e+000  1.483086e+001
        28  6.309500e+001  8.163871e+000 -5.063272e+001  3.065021e+001 -4.315120e+001  2.350275e+001  1.335604e+002  2.687113e+000  1.293307e+002  9.181465e+000 -5.787922e+001  3.921147e+001 -4.822365e+001  2.707179e+001  1.368762e+002  3.192499e+000  1.304317e+002  3.959773e+000  1.245305e+001  1.081811e+001  7.928990e+000  5.810104e+000  6.160225e+000  1.634345e+000  1.483086e+001
        28  1.000000e+002  8.909296e+000 -4.925924e+001  3.008551e+001 -4.478111e+001  2.444997e+001  1.321233e+002  2.895421e+000  1.316094e+002  1.001341e+001 -5.229535e+001  4.029755e+001 -4.818827e+001  2.646582e+001  1.366398e+002  3.242171e+000  1.350056e+002  4.254820e+000  1.226632e+001  1.103367e+001  7.868649e+000  5.762718e+000  6.250235e+000  1.644039e+000  1.468708e+001
        28  1.000000e+002  8.325024e+000 -4.823368e+001  3.001738e+001 -4.572964e+001  2.477815e+001  1.317249e+002  2.746180e+000  1.333922e+002  1.001341e+001 -5.229535e+001  4.029755e+001 -4.818827e+001  2.646582e+001  1.366398e+002  3.242171e+000  1.350056e+002  4.254820e+000  1.226632e+001  1.103367e+001  7.868649e+000  5.762718e+000  6.250235e+000  1.644039e+000  1.468708e+001
        28  1.584800e+002  8.861298e+000 -4.748098e+001  3.045154e+001 -4.723957e+001  2.590759e+001  1.310935e+002  2.774685e+000  1.349835e+002  1.019363e+001 -4.664498e+001  4.046092e+001 -4.772888e+001  2.624925e+001  1.368535e+002  2.995449e+000  1.398584e+002  4.316465e+000  1.222338e+001  1.102363e+001  7.829498e+000  5.732896e+000  6.269267e+000  1.546094e+000  1.495580e+001
        28  1.584800e+002  8.179024e+000 -4.657758e+001  3.079665e+001 -4.794760e+001  2.630556e+001  1.309731e+002  2.550231e+000  1.367712e+002  1.019363e+001 -4.664498e+001  4.046092e+001 -4.772888e+001  2.624925e+001  1.368535e+002  2.995449e+000  1.398584e+002  4.316465e+000  1.222338e+001  1.102363e+001  7.829498e+000  5.732896e+000  6.269267e+000  1.546094e+000  1.495580e+001
        28  2.511800e+002  8.604643e+000 -4.704336e+001  3.172299e+001 -4.916408e+001  2.707042e+001  1.305790e+002  2.519924e+000  1.356509e+002  9.559643e+000 -4.241807e+001  4.021189e+001 -4.610187e+001  2.552246e+001  1.370479e+002  2.599459e+000  1.441837e+002  4.107210e+000  1.240498e+001  1.087088e+001  7.768450e+000  5.572497e+000  6.267387e+000  1.380451e+000  1.539824e+001
        28  2.511800e+002  7.847936e+000 -4.651040e+001  3.202666e+001 -4.981810e+001  2.727619e+001  1.305372e+002  2.248583e+000  1.364625e+002  9.559643e+000 -4.241807e+001  4.021189e+001 -4.610187e+001  2.552246e+001  1.370479e+002  2.599459e+000  1.441837e+002  4.107210e+000  1.240498e+001  1.087088e+001  7.768450e+000  5.572497e+000  6.267387e+000  1.380451e+000  1.539824e+001
        28  3.981000e+002  8.494738e+000 -4.810520e+001  3.330546e+001 -5.089657e+001  2.795304e+001  1.296156e+002  2.410409e+000  1.337488e+002  8.760225e+000 -4.022865e+001  3.975317e+001 -4.498052e+001  2.488612e+001  1.370154e+002  2.301607e+000  1.471621e+002  3.835854e+000  1.264654e+001  1.068025e+001  7.719996e+000  5.413306e+000  6.243929e+000  1.252111e+000  1.578379e+001
        28  3.981000e+002  7.727114e+000 -4.795486e+001  3.375465e+001 -5.187044e+001  2.804823e+001  1.293476e+002  2.169582e+000  1.336535e+002  8.760225e+000 -4.022865e+001  3.975317e+001 -4.498052e+001  2.488612e+001  1.370154e+002  2.301607e+000  1.471621e+002  3.835854e+000  1.264654e+001  1.068025e+001  7.719996e+000  5.413306e+000  6.243929e+000  1.252111e+000  1.578379e+001
        28  6.309500e+002  7.846186e+000 -4.991653e+001  3.631859e+001 -5.414016e+001  2.939311e+001  1.274380e+002  2.211577e+000  1.313897e+002  8.008887e+000 -4.014456e+001  3.893688e+001 -4.525849e+001  2.403174e+001  1.369991e+002  2.029856e+000  1.492524e+002  3.567682e+000  1.286959e+001  1.040872e+001  7.681229e+000  5.216170e+000  6.230393e+000  1.129583e+000  1.615531e+001
        28  6.309500e+002  8.640862e+000 -4.970727e+001  3.537576e+001 -5.288654e+001  2.922184e+001  1.279968e+002  2.435337e+000  1.318471e+002  8.008887e+000 -4.014456e+001  3.893688e+001 -4.525849e+001  2.403174e+001  1.369991e+002  2.029856e+000  1.492524e+002  3.567682e+000  1.286959e+001  1.040872e+001  7.681229e+000  5.216170e+000  6.230393e+000  1.129583e+000  1.615531e+001
        28  1.000000e+003  8.155834e+000 -5.244200e+001  3.997566e+001 -5.668614e+001  3.161841e+001  1.250436e+002  2.285881e+000  1.289332e+002  7.802382e+000 -3.942015e+001  4.014096e+001 -4.554622e+001  2.361200e+001  1.371436e+002  1.646551e+000  1.504569e+002  3.525289e+000  1.305646e+001  1.060796e+001  7.592918e+000  5.170287e+000  6.285590e+000  9.612407e-001  1.697145e+001
        28  1.000000e+003  8.947527e+000 -5.177940e+001  3.834062e+001 -5.521449e+001  3.119986e+001  1.259113e+002  2.492872e+000  1.297536e+002  7.802382e+000 -3.942015e+001  4.014096e+001 -4.554622e+001  2.361200e+001  1.371436e+002  1.646551e+000  1.504569e+002  3.525289e+000  1.305646e+001  1.060796e+001  7.592918e+000  5.170287e+000  6.285590e+000  9.612407e-001  1.697145e+001
        29  3.981000e-001  1.666268e+003 -3.557911e+001  3.529610e+002 -3.436638e+001  4.445587e+003  1.440963e+002  2.899805e+002  1.421152e+002  1.674187e+003 -3.573738e+001  2.595101e+002 -2.562748e+001  4.165715e+003  1.420886e+002  3.116562e+002  1.567262e+002  3.151440e+002  5.400588e+000  5.194445e+001  5.743879e+000  2.081167e+002  1.431380e+000  1.787716e+002  1.666701e+001
        29  6.309500e-001  1.452502e+003 -3.474131e+001  3.274959e+002 -3.988878e+001  3.890329e+003  1.447707e+002  2.878758e+002  1.362695e+002  1.615514e+003 -3.469855e+001  2.626373e+002 -4.192399e+001  3.896986e+003  1.434278e+002  2.313965e+002  1.371233e+002  3.077478e+002  5.465573e+000  5.154604e+001  5.631589e+000  1.985553e+002  1.459796e+000  1.406272e+002  1.768998e+001
        29  1.000000e+000  1.276015e+003 -3.509698e+001  3.309911e+002 -4.490090e+001  3.431768e+003  1.442562e+002  3.104490e+002  1.318828e+002  1.462442e+003 -3.496048e+001  2.856784e+002 -4.976208e+001  3.461058e+003  1.439772e+002  2.807160e+002  1.285538e+002  2.916803e+002  5.723262e+000  5.329872e+001  5.352589e+000  1.855165e+002  1.535742e+000  1.578073e+002  1.632467e+001
        29  1.584800e+000  1.165396e+003 -3.592988e+001  3.612503e+002 -4.839554e+001  3.145144e+003  1.432025e+002  3.556893e+002  1.296880e+002  1.323282e+003 -3.554575e+001  3.329571e+002 -5.163991e+001  3.139457e+003  1.429896e+002  3.870380e+002  1.272246e+002  2.811529e+002  6.098221e+000  5.834524e+001  5.026514e+000  1.791589e+002  1.635067e+000  1.959551e+002  1.466382e+001
        29  2.511800e+000  1.105365e+003 -3.595400e+001  4.093994e+002 -4.948338e+001  2.995095e+003  1.428058e+002  4.144914e+002  1.303693e+002  1.239944e+003 -3.608462e+001  4.144441e+002 -5.255487e+001  2.991959e+003  1.421017e+002  4.689815e+002  1.282254e+002  2.828347e+002  6.548911e+000  6.793409e+001  4.701126e+000  1.825293e+002  1.747982e+000  2.236034e+002  1.379168e+001
        29  3.981000e+000  1.049429e+003 -3.437014e+001  4.563238e+002 -4.818614e+001  2.865806e+003  1.438071e+002  4.635613e+002  1.338262e+002  1.226214e+003 -3.468814e+001  5.016770e+002 -4.823964e+001  3.086677e+003  1.430175e+002  5.578129e+002  1.349064e+002  2.942050e+002  6.890069e+000  7.901150e+001  4.516569e+000  1.959855e+002  1.819274e+000  2.566587e+002  1.330049e+001
        29  6.309500e+000  9.658119e+002 -3.142240e+001  4.732025e+002 -4.556097e+001  2.674483e+003  1.459285e+002  4.732910e+002  1.392510e+002  1.147443e+003 -3.103650e+001  5.100296e+002 -4.383584e+001  2.912024e+003  1.457413e+002  5.769572e+002  1.404688e+002  2.810728e+002  7.035129e+000  7.883990e+001  4.432785e+000  1.883848e+002  1.853614e+000  2.594348e+002  1.299289e+001
        29  6.309500e+000  9.558594e+002 -3.144217e+001  4.815029e+002 -4.546806e+001  2.650431e+003  1.459411e+002  4.762559e+002  1.389403e+002  1.147443e+003 -3.103650e+001  5.100296e+002 -4.383584e+001  2.912024e+003  1.457413e+002  5.769572e+002  1.404688e+002  2.810728e+002  7.035129e+000  7.883990e+001  4.432785e+000  1.883848e+002  1.853614e+000  2.594348e+002  1.299289e+001
        29  1.000000e+001  8.289604e+002 -2.795046e+001  4.759478e+002 -4.266920e+001  2.354215e+003  1.484512e+002  4.509099e+002  1.442810e+002  9.695060e+002 -2.634926e+001  4.873540e+002 -4.082433e+001  2.525771e+003  1.491080e+002  5.154722e+002  1.468566e+002  2.449037e+002  7.256030e+000  7.353427e+001  4.326639e+000  1.674035e+002  1.899077e+000  2.300765e+002  1.289532e+001
        29  1.000000e+001  8.194031e+002 -2.807236e+001  4.796951e+002 -4.244630e+001  2.330616e+003  1.483347e+002  4.489772e+002  1.443159e+002  9.695060e+002 -2.634926e+001  4.873540e+002 -4.082433e+001  2.525771e+003  1.491080e+002  5.154722e+002  1.468566e+002  2.449037e+002  7.256030e+000  7.353427e+001  4.326639e+000  1.674035e+002  1.899077e+000  2.300765e+002  1.289532e+001
        29  1.584800e+001  6.708908e+002 -2.481211e+001  4.569676e+002 -3.964929e+001  1.978673e+003  1.504694e+002  4.057884e+002  1.495791e+002  7.683406e+002 -2.155744e+001  4.442639e+002 -3.752992e+001  2.110812e+003  1.523929e+002  4.447637e+002  1.547613e+002  2.009975e+002  7.515808e+000  6.559073e+001  4.233400e+000  1.429706e+002  1.940765e+000  1.969394e+002  1.279114e+001
        29  1.584800e+001  6.645728e+002 -2.508920e+001  4.577013e+002 -3.957432e+001  1.962978e+003  1.501891e+002  3.989603e+002  1.494713e+002  7.683406e+002 -2.155744e+001  4.442639e+002 -3.752992e+001  2.110812e+003  1.523929e+002  4.447637e+002  1.547613e+002  2.009975e+002  7.515808e+000  6.559073e+001  4.233400e+000  1.429706e+002  1.940765e+000  1.969394e+002  1.279114e+001
        29  2.511800e+001  5.205506e+002 -2.259666e+001  4.178381e+002 -3.682537e+001  1.619696e+003  1.514632e+002  3.440925e+002  1.553740e+002  5.739108e+002 -1.934743e+001  3.915758e+002 -3.704384e+001  1.652447e+003  1.530612e+002  3.477701e+002  1.578605e+002  1.564826e+002  7.835537e+000  5.612422e+001  4.109600e+000  1.152939e+002  1.999215e+000  1.540381e+002  1.279512e+001
        29  2.511800e+001  5.185851e+002 -2.298109e+001  4.195973e+002 -3.693444e+001  1.614638e+003  1.510535e+002  3.377579e+002  1.548089e+002  5.739108e+002 -1.934743e+001  3.915758e+002 -3.704384e+001  1.652447e+003  1.530612e+002  3.477701e+002  1.578605e+002  1.564826e+002  7.835537e+000  5.612422e+001  4.109600e+000  1.152939e+002  1.999215e+000  1.540381e+002  1.279512e+001
        29  3.981000e+001  3.960894e+002 -2.147634e+001  3.640298e+002 -3.483508e+001  1.322966e+003  1.514009e+002  2.700443e+002  1.615011e+002  4.160578e+002 -1.774352e+001  3.546916e+002 -3.642718e+001  1.308529e+003  1.523845e+002  2.675815e+002  1.618030e+002  1.199371e+002  8.287202e+000  4.915756e+001  3.973564e+000  9.441838e+001  2.067569e+000  1.193743e+002  1.288892e+001
        29  3.981000e+001  3.974241e+002 -2.189849e+001  3.684334e+002 -3.492775e+001  1.327353e+003  1.508873e+002  2.681394e+002  1.605359e+002  4.160578e+002 -1.774352e+001  3.546916e+002 -3.642718e+001  1.308529e+003  1.523845e+002  2.675815e+002  1.618030e+002  1.199371e+002  8.287202e+000  4.915756e+001  3.973564e+000  9.441838e+001  2.067569e+000  1.193743e+002  1.288892e+001
        29  6.309500e+001  3.003146e+002 -2.133023e+001  3.086987e+002 -3.443721e+001  1.092609e+003  1.505700e+002  1.949752e+002  1.671524e+002  3.113124e+002 -1.779589e+001  3.302499e+002 -3.638256e+001  1.105086e+003  1.511057e+002  2.061226e+002  1.674502e+002  9.478182e+001  8.756148e+000  4.466679e+001  3.877630e+000  8.170742e+001  2.118639e+000  9.409388e+001  1.319391e+001
        29  6.309500e+001  3.040771e+002 -2.169393e+001  3.137536e+002 -3.425949e+001  1.106920e+003  1.500063e+002  1.964578e+002  1.661032e+002  3.113124e+002 -1.779589e+001  3.302499e+002 -3.638256e+001  1.105086e+003  1.511057e+002  2.061226e+002  1.674502e+002  9.478182e+001  8.756148e+000  4.466679e+001  3.877630e+000  8.170742e+001  2.118639e+000  9.409388e+001  1.319391e+001
        29  1.000000e+002  2.294596e+002 -2.207193e+001  2.654248e+002 -3.575700e+001  9.160075e+002  1.491113e+002  1.333163e+002  1.715663e+002  2.214375e+002 -1.837039e+001  2.833072e+002 -3.674197e+001  8.988952e+002  1.492187e+002  1.452214e+002  1.720700e+002  7.065112e+001  9.179523e+000  3.781070e+001  3.826243e+000  6.735044e+001  2.146968e+000  6.871787e+001  1.368577e+001
        29  1.000000e+002  2.341689e+002 -2.215682e+001  2.681691e+002 -3.527142e+001  9.384451e+002  1.486859e+002  1.344173e+002  1.706228e+002  2.214375e+002 -1.837039e+001  2.833072e+002 -3.674197e+001  8.988952e+002  1.492187e+002  1.452214e+002  1.720700e+002  7.065112e+001  9.179523e+000  3.781070e+001  3.826243e+000  6.735044e+001  2.146968e+000  6.871787e+001  1.368577e+001
        29  1.584800e+002  1.791165e+002 -2.352970e+001  2.375680e+002 -3.803919e+001  7.856683e+002  1.470441e+002  9.049651e+001  1.752038e+002  1.669984e+002 -2.044250e+001  2.526648e+002 -3.806525e+001  7.821182e+002  1.468887e+002  9.979156e+001  1.780749e+002  5.556380e+001  9.576262e+000  3.351385e+001  3.802691e+000  5.896416e+001  2.160286e+000  5.009100e+001  1.453540e+001
        29  1.584800e+002  1.822989e+002 -2.317353e+001  2.375131e+002 -3.747962e+001  8.091071e+002  1.469497e+002  8.925800e+001  1.738822e+002  1.669984e+002 -2.044250e+001  2.526648e+002 -3.806525e+001  7.821182e+002  1.468887e+002  9.979156e+001  1.780749e+002  5.556380e+001  9.576262e+000  3.351385e+001  3.802691e+000  5.896416e+001  2.160286e+000  5.009100e+001  1.453540e+001
        29  2.511800e+002  1.440929e+002 -2.469045e+001  2.191434e+002 -4.018473e+001  7.135409e+002  1.447708e+002  5.897762e+001  1.767296e+002  1.317066e+002 -2.254941e+001  2.218539e+002 -4.040014e+001  6.840896e+002  1.447613e+002  6.687162e+001 -1.758097e+002  4.501369e+001  9.839351e+000  2.939917e+001  3.799084e+000  5.162475e+001  2.162423e+000  3.587826e+001  1.556089e+001
        29  2.511800e+002  1.439277e+002 -2.530253e+001  2.201328e+002 -4.068579e+001  6.959935e+002  1.445581e+002  6.157826e+001  1.796045e+002  1.317066e+002 -2.254941e+001  2.218539e+002 -4.040014e+001  6.840896e+002  1.447613e+002  6.687162e+001 -1.758097e+002  4.501369e+001  9.839351e+000  2.939917e+001  3.799084e+000  5.162475e+001  2.162423e+000  3.587826e+001  1.556089e+001
        29  3.981000e+002  1.161750e+002 -2.666319e+001  2.097110e+002 -4.319769e+001  6.485170e+002  1.422485e+002  3.831569e+001  1.799608e+002  1.106849e+002 -2.392028e+001  2.055735e+002 -4.455446e+001  6.115045e+002  1.420266e+002  4.322586e+001 -1.683171e+002  3.876515e+001  1.008535e+001  2.699759e+001  3.764983e+000  4.656302e+001  2.181922e+000  2.514937e+001  1.691224e+001
        29  3.981000e+002  1.185432e+002 -2.705545e+001  2.104015e+002 -4.383601e+001  6.387494e+002  1.419401e+002  4.066024e+001 -1.743261e+002  1.106849e+002 -2.392028e+001  2.055735e+002 -4.455446e+001  6.115045e+002  1.420266e+002  4.322586e+001 -1.683171e+002  3.876515e+001  1.008535e+001  2.699759e+001  3.764983e+000  4.656302e+001  2.181922e+000  2.514937e+001  1.691224e+001
        29  6.309500e+002  9.598477e+001 -2.905426e+001  2.097685e+002 -4.643127e+001  6.107797e+002  1.395814e+002  2.407887e+001 -1.764172e+002  9.673603e+001 -2.314473e+001  2.057460e+002 -4.960858e+001  5.768346e+002  1.387956e+002  3.010281e+001 -1.591314e+002  3.504611e+001  1.043634e+001  2.662305e+001  3.709562e+000  4.457772e+001  2.214457e+000  1.889403e+001  1.828990e+001
        29  6.309500e+002  9.925861e+001 -2.873082e+001  2.114793e+002 -4.749072e+001  6.066259e+002  1.394005e+002  2.556367e+001 -1.666946e+002  9.673603e+001 -2.314473e+001  2.057460e+002 -4.960858e+001  5.768346e+002  1.387956e+002  3.010281e+001 -1.591314e+002  3.504611e+001  1.043634e+001  2.662305e+001  3.709562e+000  4.457772e+001  2.214457e+000  1.889403e+001  1.828990e+001
        29  1.000000e+003  8.403796e+001 -3.046967e+001  2.265392e+002 -5.084067e+001  5.949131e+002  1.371419e+002  1.559708e+001 -1.574810e+002  8.310688e+001 -2.022640e+001  2.224946e+002 -5.342371e+001  5.759463e+002  1.359196e+002  2.334850e+001 -1.432347e+002  3.189249e+001  1.106231e+001  2.822177e+001  3.636210e+000  4.540624e+001  2.259117e+000  1.561016e+001  1.952913e+001
        29  1.000000e+003  8.166784e+001 -3.180047e+001  2.206516e+002 -4.936638e+001  5.972925e+002  1.370719e+002  1.464941e+001 -1.724809e+002  8.310688e+001 -2.022640e+001  2.224946e+002 -5.342371e+001  5.759463e+002  1.359196e+002  2.334850e+001 -1.432347e+002  3.189249e+001  1.106231e+001  2.822177e+001  3.636210e+000  4.540624e+001  2.259117e+000  1.561016e+001  1.952913e+001
        30  3.981000e-002  9.582370e+003 -4.481318e+001  6.113482e+003 -2.411264e+001  2.788386e+004  1.351239e+002  1.087225e+004  1.550375e+002  8.484854e+003 -4.478505e+001  6.121982e+003 -1.240966e+001  2.421336e+004  1.361016e+002  1.056849e+004  1.689246e+002  2.345973e+003  7.946289e+000  8.633344e+002  4.043339e+000  2.984852e+003  3.533749e+000  3.900531e+003  1.063408e+001
        30  6.309000e-002  1.041876e+004 -4.480908e+001  4.799037e+003 -2.429497e+001  3.032259e+004  1.351499e+002  8.677538e+003  1.548864e+002  1.220765e+004 -4.325045e+001  5.667496e+003 -1.313339e+001  3.163184e+004  1.396411e+002  1.178639e+004  1.663820e+002  3.023022e+003  7.112423e+000  8.711088e+002  4.407601e+000  2.057970e+003  1.864163e+000  4.525718e+003  1.106889e+001
        30  3.981000e-001  8.407593e+003 -3.479898e+001  1.910357e+003 -3.412705e+001  2.443735e+004  1.449359e+002  3.510975e+003  1.450053e+002  7.496542e+003 -3.684108e+001  1.725686e+003 -2.872538e+001  2.208127e+004  1.414231e+002  2.884342e+003  1.461991e+002  1.557769e+003  5.963746e+000  3.263838e+002  5.426364e+000  1.167508e+003  1.514882e+000  1.439309e+003  1.444816e+001
        30  6.309500e-001  7.272879e+003 -3.396059e+001  1.769965e+003 -3.924859e+001  2.119458e+004  1.456542e+002  3.313792e+003  1.398555e+002  7.986872e+003 -3.348772e+001  1.547264e+003 -3.635316e+001  2.287808e+004  1.450102e+002  2.674264e+003  1.418511e+002  1.589595e+003  5.711127e+000  3.034081e+002  5.626698e+000  1.166688e+003  1.461083e+000  1.372076e+003  1.486447e+001
        30  1.000000e+000  6.349886e+003 -3.429883e+001  1.776188e+003 -4.381049e+001  1.856430e+004  1.451829e+002  3.384648e+003  1.355642e+002  6.853406e+003 -3.428577e+001  1.525196e+003 -4.571883e+001  1.925095e+004  1.448763e+002  3.053633e+003  1.305469e+002  1.412160e+003  5.913457e+000  2.874766e+002  5.407723e+000  1.021329e+003  1.520047e+000  1.451618e+003  1.375007e+001
        30  1.584800e+000  5.771112e+003 -3.504166e+001  1.915044e+003 -4.682641e+001  1.693139e+004  1.442649e+002  3.696028e+003  1.330610e+002  6.171240e+003 -3.401431e+001  1.774098e+003 -5.123239e+001  1.751662e+004  1.452750e+002  3.426309e+003  1.279619e+002  1.355649e+003  6.305861e+000  3.144670e+002  5.084642e+000  9.881241e+002  1.616260e+000  1.545631e+003  1.303542e+001
        30  2.511800e+000  5.445649e+003 -3.485897e+001  2.132207e+003 -4.739255e+001  1.604358e+004  1.441884e+002  4.139629e+003  1.332218e+002  5.703480e+003 -3.403499e+001  2.079277e+003 -5.116878e+001  1.632413e+004  1.448323e+002  4.012863e+003  1.304268e+002  1.329531e+003  6.693289e+000  3.480531e+002  4.801027e+000  9.752239e+002  1.711715e+000  1.709710e+003  1.229991e+001
        30  3.981000e+000  5.133817e+003 -3.293788e+001  2.318428e+003 -4.555496e+001  1.521684e+004  1.457246e+002  4.485966e+003  1.360021e+002  5.489713e+003 -3.284346e+001  2.399539e+003 -4.610057e+001  1.519611e+004  1.453095e+002  4.680096e+003  1.356697e+002  1.339101e+003  7.005497e+000  3.806455e+002  4.549271e+000  9.579061e+002  1.806155e+000  1.884720e+003  1.161620e+001
        30  6.309500e+000  4.634445e+003 -2.961036e+001  2.313616e+003 -4.245755e+001  1.380417e+004  1.484585e+002  4.399319e+003  1.403924e+002  5.044622e+003 -2.884069e+001  2.561552e+003 -4.124447e+001  1.435982e+004  1.489224e+002  4.715354e+003  1.419332e+002  1.277522e+003  7.274443e+000  3.941569e+002  4.412534e+000  9.332374e+002  1.862139e+000  1.868732e+003  1.142903e+001
        30  6.309500e+000  4.631627e+003 -2.952580e+001  2.369923e+003 -4.235308e+001  1.386193e+004  1.485943e+002  4.512896e+003  1.403171e+002  5.044622e+003 -2.884069e+001  2.561552e+003 -4.124447e+001  1.435982e+004  1.489224e+002  4.715354e+003  1.419332e+002  1.277522e+003  7.274443e+000  3.941569e+002  4.412534e+000  9.332374e+002  1.862139e+000  1.868732e+003  1.142903e+001
        30  1.000000e+001  3.928090e+003 -2.546423e+001  2.243805e+003 -3.923016e+001  1.188375e+004  1.518858e+002  4.143439e+003  1.447008e+002  4.175256e+003 -2.404547e+001  2.367559e+003 -3.744424e+001  1.214129e+004  1.527529e+002  4.274353e+003  1.467175e+002  1.086957e+003  7.479214e+000  3.562839e+002  4.315179e+000  8.068230e+002  1.904084e+000  1.664746e+003  1.122934e+001
        30  1.000000e+001  3.920506e+003 -2.545246e+001  2.277684e+003 -3.894298e+001  1.191235e+004  1.519473e+002  4.213568e+003  1.449108e+002  4.175256e+003 -2.404547e+001  2.367559e+003 -3.744424e+001  1.214129e+004  1.527529e+002  4.274353e+003  1.467175e+002  1.086957e+003  7.479214e+000  3.562839e+002  4.315179e+000  8.068230e+002  1.904084e+000  1.664746e+003  1.122934e+001
        30  1.584800e+001  3.118965e+003 -2.137033e+001  2.078653e+003 -3.594244e+001  9.652673e+003  1.550516e+002  3.704350e+003  1.492149e+002  3.376712e+003 -1.931941e+001  2.130959e+003 -3.224108e+001  9.816317e+003  1.552756e+002  3.664417e+003  1.543481e+002  9.028896e+002  7.683085e+000  3.121867e+002  4.200695e+000  6.700406e+002  1.955823e+000  1.406349e+003  1.106326e+001
        30  1.584800e+001  3.118535e+003 -2.143411e+001  2.093575e+003 -3.573681e+001  9.687433e+003  1.550408e+002  3.728829e+003  1.493719e+002  3.376712e+003 -1.931941e+001  2.130959e+003 -3.224108e+001  9.816317e+003  1.552756e+002  3.664417e+003  1.543481e+002  9.028896e+002  7.683085e+000  3.121867e+002  4.200695e+000  6.700406e+002  1.955823e+000  1.406349e+003  1.106326e+001
        30  2.511800e+001  2.353869e+003 -1.792097e+001  1.849079e+003 -3.273631e+001  7.544046e+003  1.573681e+002  3.147974e+003  1.539029e+002  2.360075e+003 -1.704417e+001  1.770274e+003 -3.235060e+001  7.046990e+003  1.562407e+002  2.858157e+003  1.561205e+002  6.589115e+002  8.024437e+000  2.500561e+002  4.049967e+000  4.989065e+002  2.028611e+000  1.074493e+003  1.083431e+001
        30  2.511800e+001  2.347226e+003 -1.787804e+001  1.837268e+003 -3.278109e+001  7.502010e+003  1.573616e+002  3.134839e+003  1.539931e+002  2.360075e+003 -1.704417e+001  1.770274e+003 -3.235060e+001  7.046990e+003  1.562407e+002  2.858157e+003  1.561205e+002  6.589115e+002  8.024437e+000  2.500561e+002  4.049967e+000  4.989065e+002  2.028611e+000  1.074493e+003  1.083431e+001
        30  3.981000e+001  1.702905e+003 -1.518231e+001  1.548095e+003 -3.022539e+001  5.697093e+003  1.585699e+002  2.484662e+003  1.587542e+002  1.679030e+003 -1.479145e+001  1.502240e+003 -3.176613e+001  5.362228e+003  1.569594e+002  2.138375e+003  1.568070e+002  4.898829e+002  8.388395e+000  2.064857e+002  3.940811e+000  3.901152e+002  2.084664e+000  8.072567e+002  1.088012e+001
        30  3.981000e+001  1.708605e+003 -1.515080e+001  1.564809e+003 -3.020754e+001  5.726437e+003  1.586286e+002  2.511189e+003  1.584979e+002  1.679030e+003 -1.479145e+001  1.502240e+003 -3.176613e+001  5.362228e+003  1.569594e+002  2.138375e+003  1.568070e+002  4.898829e+002  8.388395e+000  2.064857e+002  3.940811e+000  3.901152e+002  2.084664e+000  8.072567e+002  1.088012e+001
        30  6.309500e+001  1.206587e+003 -1.316196e+001  1.279117e+003 -2.867273e+001  4.315994e+003  1.587871e+002  1.880759e+003  1.627079e+002  1.208952e+003 -1.352215e+001  1.330394e+003 -3.072803e+001  4.230933e+003  1.576138e+002  1.810433e+003  1.611875e+002  3.714734e+002  8.837609e+000  1.776607e+002  3.828484e+000  3.168248e+002  2.145741e+000  6.715250e+002  1.068794e+001
        30  6.309500e+001  1.203805e+003 -1.324491e+001  1.263012e+003 -2.886116e+001  4.300491e+003  1.587178e+002  1.846277e+003  1.628725e+002  1.208952e+003 -1.352215e+001  1.330394e+003 -3.072803e+001  4.230933e+003  1.576138e+002  1.810433e+003  1.611875e+002  3.714734e+002  8.837609e+000  1.776607e+002  3.828484e+000  3.168248e+002  2.145741e+000  6.715250e+002  1.068794e+001
        30  1.000000e+002  8.346207e+002 -1.200121e+001  1.033432e+003 -2.842045e+001  3.276571e+003  1.579413e+002  1.334182e+003  1.659791e+002  8.417525e+002 -1.306494e+001  1.079094e+003 -3.003268e+001  3.298647e+003  1.572782e+002  1.335035e+003  1.638725e+002  2.687023e+002  9.184193e+000  1.426854e+002  3.790792e+000  2.494698e+002  2.167097e+000  5.021330e+002  1.083958e+001
        30  1.000000e+002  8.339529e+002 -1.214561e+001  1.026910e+003 -2.878683e+001  3.268049e+003  1.578710e+002  1.310544e+003  1.659034e+002  8.417525e+002 -1.306494e+001  1.079094e+003 -3.003268e+001  3.298647e+003  1.572782e+002  1.335035e+003  1.638725e+002  2.687023e+002  9.184193e+000  1.426854e+002  3.790792e+000  2.494698e+002  2.167097e+000  5.021330e+002  1.083958e+001
        30  1.584800e+002  5.705353e+002 -1.182278e+001  8.423418e+002 -2.925282e+001  2.536253e+003  1.562461e+002  9.108931e+002  1.680484e+002  5.965561e+002 -1.314194e+001  8.896606e+002 -3.032152e+001  2.600617e+003  1.562926e+002  9.783974e+002  1.664340e+002  1.977776e+002  9.541747e+000  1.163294e+002  3.748588e+000  1.988912e+002  2.191481e+000  3.747809e+002  1.104197e+001
        30  1.584800e+002  5.730745e+002 -1.204569e+001  8.448925e+002 -2.955225e+001  2.535739e+003  1.561656e+002  9.034737e+002  1.679343e+002  5.965561e+002 -1.314194e+001  8.896606e+002 -3.032152e+001  2.600617e+003  1.562926e+002  9.783974e+002  1.664340e+002  1.977776e+002  9.541747e+000  1.163294e+002  3.748588e+000  1.988912e+002  2.191481e+000  3.747809e+002  1.104197e+001
        30  2.511800e+002  3.961054e+002 -1.282650e+001  7.003783e+002 -3.106307e+001  2.023888e+003  1.539563e+002  6.022607e+002  1.688878e+002  4.314008e+002 -1.356180e+001  7.129727e+002 -3.185665e+001  2.080349e+003  1.544121e+002  6.858579e+002  1.678128e+002  1.467369e+002  9.791907e+000  9.318234e+001  3.746821e+000  1.591715e+002  2.192440e+000  2.715359e+002  1.141731e+001
        30  2.511800e+002  3.898804e+002 -1.268856e+001  6.969963e+002 -3.098786e+001  2.015396e+003  1.539477e+002  6.028977e+002  1.686935e+002  4.314008e+002 -1.356180e+001  7.129727e+002 -3.185665e+001  2.080349e+003  1.544121e+002  6.858579e+002  1.678128e+002  1.467369e+002  9.791907e+000  9.318234e+001  3.746821e+000  1.591715e+002  2.192440e+000  2.715359e+002  1.141731e+001
        30  3.981000e+002  2.750793e+002 -1.432676e+001  5.913635e+002 -3.377136e+001  1.651050e+003  1.513877e+002  3.899484e+002  1.677703e+002  3.193801e+002 -1.423333e+001  5.889614e+002 -3.517935e+001  1.675969e+003  1.518908e+002  4.783824e+002  1.681920e+002  1.116550e+002  1.006700e+001  7.649590e+001  3.723486e+000  1.290410e+002  2.206285e+000  1.963389e+002  1.184186e+001
        30  3.981000e+002  2.676853e+002 -1.467244e+001  5.920113e+002 -3.376785e+001  1.642369e+003  1.511270e+002  3.916781e+002  1.671366e+002  3.193801e+002 -1.423333e+001  5.889614e+002 -3.517935e+001  1.675969e+003  1.518908e+002  4.783824e+002  1.681920e+002  1.116550e+002  1.006700e+001  7.649590e+001  3.723486e+000  1.290410e+002  2.206285e+000  1.963389e+002  1.184186e+001
        30  6.309500e+002  1.857899e+002 -1.831546e+001  5.292050e+002 -3.739480e+001  1.379366e+003  1.475284e+002  2.625586e+002  1.625931e+002  2.386863e+002 -1.339191e+001  5.125726e+002 -4.056124e+001  1.379080e+003  1.482261e+002  3.349218e+002  1.695544e+002  8.667955e+001  1.046159e+001  6.564752e+001  3.671579e+000  1.076801e+002  2.237428e+000  1.431311e+002  1.233801e+001
        30  6.309500e+002  1.904395e+002 -1.706382e+001  5.264497e+002 -3.759623e+001  1.376255e+003  1.480563e+002  2.582819e+002  1.635863e+002  2.386863e+002 -1.339191e+001  5.125726e+002 -4.056124e+001  1.379080e+003  1.482261e+002  3.349218e+002  1.695544e+002  8.667955e+001  1.046159e+001  6.564752e+001  3.671579e+000  1.076801e+002  2.237428e+000  1.431311e+002  1.233801e+001
        30  1.000000e+003  1.352328e+002 -2.443360e+001  5.035972e+002 -4.104650e+001  1.221949e+003  1.430723e+002  1.944119e+002  1.556916e+002  1.667411e+002 -1.095346e+001  4.768798e+002 -4.744149e+001  1.185202e+003  1.439348e+002  2.355121e+002  1.710656e+002  6.505121e+001  1.124861e+001  5.987675e+001  3.599379e+000  9.439520e+001  2.282259e+000  1.058215e+002  1.298303e+001
        30  1.000000e+003  1.344922e+002 -2.227419e+001  5.034680e+002 -4.152113e+001  1.202876e+003  1.436389e+002  1.879711e+002  1.569024e+002  1.667411e+002 -1.095346e+001  4.768798e+002 -4.744149e+001  1.185202e+003  1.439348e+002  2.355121e+002  1.710656e+002  6.505121e+001  1.124861e+001  5.987675e+001  3.599379e+000  9.439520e+001  2.282259e+000  1.058215e+002  1.298303e+001
        31  1.000000e+000  5.319580e-001 -2.423737e+001  9.749361e+001 -4.282899e+001  3.649772e+002  1.453576e+002  4.370156e+000 -1.641027e+001  3.394911e+000 -2.040489e+001  8.165856e+001 -5.502813e+001  3.921063e+002  1.452654e+002  2.613643e+001  5.079166e+000  2.255550e+000  1.940211e+001  1.766894e+001  6.210867e+000  2.648843e+001  1.935654e+000  1.543106e+001  1.716966e+001
        31  1.584800e+000  4.334813e-001 -2.280181e+001  1.012556e+002 -4.713822e+001  3.228969e+002  1.439356e+002  3.095693e+000 -1.613947e+001  1.655385e+000  9.601815e+000  8.654889e+001 -5.948891e+001  3.616303e+002  1.446195e+002  1.739838e+001  9.583233e+000  1.335362e+000  2.378707e+001  1.237395e+001  4.099303e+000  2.529356e+001  2.004132e+000  1.114447e+001  1.867944e+001
        31  2.511800e+000  4.021945e-001 -2.000521e+001  1.093646e+002 -5.009614e+001  2.985116e+002  1.421690e+002  2.129392e+000 -1.704052e+001  7.342743e-001  1.538628e+001  9.480871e+001 -5.979245e+001  3.298739e+002  1.438600e+002  9.346711e+000 -3.180661e+000  7.425343e-001  3.037283e+001  1.294851e+001  3.915636e+000  2.415292e+001  2.098029e+000  6.834405e+000  2.144481e+001
        31  3.981000e+000  4.075261e-001 -1.176211e+001  1.194981e+002 -5.211687e+001  2.872162e+002  1.410339e+002  1.411260e+000 -2.151727e+001  4.090341e-001  2.647644e+001  9.962618e+001 -5.677508e+001  3.034150e+002  1.429723e+002  5.606700e+000 -1.214878e+001  4.847713e-001  3.634034e+001  1.316112e+001  3.787289e+000  2.296808e+001  2.169123e+000  4.562037e+000  2.400636e+001
        31  6.309500e+000  4.209114e-001  6.895414e-001  1.259922e+002 -5.648320e+001  2.792770e+002  1.412038e+002  1.311708e+000 -2.659353e+001  3.314818e-001  4.619347e+001  1.154597e+002 -5.924147e+001  2.824781e+002  1.439495e+002  2.852452e+000 -2.213656e+001  4.296035e-001  4.039133e+001  1.444007e+001  3.585213e+000  2.258638e+001  2.291238e+000  2.699430e+000  2.824073e+001
        31  6.309500e+000  4.172350e-001  3.118536e+000  1.315723e+002 -5.376261e+001  2.790387e+002  1.410835e+002  1.088041e+000 -3.246030e+001  3.314818e-001  4.619347e+001  1.154597e+002 -5.924147e+001  2.824781e+002  1.439495e+002  2.852452e+000 -2.213656e+001  4.296035e-001  4.039133e+001  1.444007e+001  3.585213e+000  2.258638e+001  2.291238e+000  2.699430e+000  2.824073e+001
        31  1.000000e+001  4.368736e-001  2.184730e+001  1.458829e+002 -5.779384e+001  2.668897e+002  1.422822e+002  1.258055e+000 -3.742849e+001  2.505975e-001  6.206268e+001  1.297439e+002 -5.993051e+001  2.452069e+002  1.442537e+002  2.462540e+000 -2.523745e+001  3.586186e-001  4.568642e+001  1.521211e+001  3.360813e+000  2.091281e+001  2.444016e+000  2.333660e+000  2.828333e+001
        31  1.000000e+001  4.227582e-001  2.301331e+001  1.471124e+002 -5.523826e+001  2.654071e+002  1.419514e+002  1.235524e+000 -4.162202e+001  2.505975e-001  6.206268e+001  1.297439e+002 -5.993051e+001  2.452069e+002  1.442537e+002  2.462540e+000 -2.523745e+001  3.586186e-001  4.568642e+001  1.521211e+001  3.360813e+000  2.091281e+001  2.444016e+000  2.333660e+000  2.828333e+001
        31  1.584800e+001  4.670207e-001  4.318202e+001  1.721440e+002 -5.857612e+001  2.459760e+002  1.435601e+002  1.502911e+000 -3.897186e+001  6.789495e-002  5.446141e+001  1.704664e+002 -5.977869e+001  2.142660e+002  1.447027e+002  1.836849e+000 -2.705215e+001  1.441827e-001  1.800000e+002  1.804972e+001  3.034780e+000  2.023613e+001  2.706628e+000  1.811008e+000  2.953570e+001
        31  1.584800e+001  4.436978e-001  4.354856e+001  1.682972e+002 -5.639374e+001  2.460232e+002  1.428955e+002  1.529412e+000 -3.989127e+001  6.789495e-002  5.446141e+001  1.704664e+002 -5.977869e+001  2.142660e+002  1.447027e+002  1.836849e+000 -2.705215e+001  1.441827e-001  1.800000e+002  1.804972e+001  3.034780e+000  2.023613e+001  2.706628e+000  1.811008e+000  2.953570e+001
        31  2.511800e+001  5.317485e-001  6.013082e+001  1.970284e+002 -5.678295e+001  2.254278e+002  1.436082e+002  1.471774e+000 -3.181687e+001  1.152186e-001  1.367606e+001  2.291778e+002 -6.064547e+001  2.052435e+002  1.443530e+002  1.511767e+000 -2.554244e+001  2.308359e-001  1.800000e+002  2.229501e+001  2.788041e+000  2.109872e+001  2.946258e+000  1.548114e+000  3.079857e+001
        31  2.511800e+001  5.672349e-001  6.066010e+001  2.066253e+002 -5.843546e+001  2.220564e+002  1.444445e+002  1.469893e+000 -3.340942e+001  1.152186e-001  1.367606e+001  2.291778e+002 -6.064547e+001  2.052435e+002  1.443530e+002  1.511767e+000 -2.554244e+001  2.308359e-001  1.800000e+002  2.229501e+001  2.788041e+000  2.109872e+001  2.946258e+000  1.548114e+000  3.079857e+001
        31  3.981000e+001  7.707826e-001  7.324150e+001  2.325211e+002 -5.586405e+001  2.058285e+002  1.443215e+002  1.028378e+000 -2.656951e+001  4.176064e-001  2.861186e+001  2.597173e+002 -5.805881e+001  1.792043e+002  1.442928e+002  1.082592e+000 -4.320097e+001  6.256353e-001  4.851013e+001  2.367012e+001  2.611816e+000  1.966185e+001  3.144753e+000  1.164948e+000  3.255005e+001
        31  3.981000e+001  8.122693e-001  7.478015e+001  2.479419e+002 -5.686239e+001  1.993754e+002  1.450489e+002  1.115063e+000 -3.092129e+001  4.176064e-001  2.861186e+001  2.597173e+002 -5.805881e+001  1.792043e+002  1.442928e+002  1.082592e+000 -4.320097e+001  6.256353e-001  4.851013e+001  2.367012e+001  2.611816e+000  1.966185e+001  3.144753e+000  1.164948e+000  3.255005e+001
        31  6.309500e+001  1.226436e+000  8.874881e+001  2.876669e+002 -5.373429e+001  1.774017e+002  1.455669e+002  9.296464e-001 -3.609698e+001  1.856312e+000  4.284656e+001  3.383825e+002 -5.357834e+001  1.825175e+002  1.436777e+002  1.445997e+000 -8.126087e+001  2.046271e+000  3.344702e+001  2.899890e+001  2.455835e+000  2.129756e+001  3.344757e+000  1.453992e+000  3.018307e+001
        31  6.309500e+001  1.208956e+000  8.664228e+001  2.678854e+002 -5.341128e+001  1.853634e+002  1.452097e+002  6.910117e-001 -3.290305e+001  1.856312e+000  4.284656e+001  3.383825e+002 -5.357834e+001  1.825175e+002  1.436777e+002  1.445997e+000 -8.126087e+001  2.046271e+000  3.344702e+001  2.899890e+001  2.455835e+000  2.129756e+001  3.344757e+000  1.453992e+000  3.018307e+001
        31  1.000000e+002  1.664759e+000  1.030646e+002  3.126109e+002 -4.961520e+001  1.552590e+002  1.457566e+002  1.010547e+000 -3.772491e+001  2.869247e+000  7.461829e+001  3.564125e+002 -5.000110e+001  1.570985e+002  1.437268e+002  8.314679e-001 -4.163800e+001  2.873652e+000  3.005081e+001  2.904067e+001  2.334890e+000  1.928040e+001  3.518112e+000  9.247882e-001  3.378774e+001
        31  1.000000e+002  1.729606e+000  1.011432e+002  2.910840e+002 -4.995417e+001  1.624879e+002  1.459010e+002  7.235376e-001 -4.236145e+001  2.869247e+000  7.461829e+001  3.564125e+002 -5.000110e+001  1.570985e+002  1.437268e+002  8.314679e-001 -4.163800e+001  2.873652e+000  3.005081e+001  2.904067e+001  2.334890e+000  1.928040e+001  3.518112e+000  9.247882e-001  3.378774e+001
        31  1.584800e+002  1.883195e+000  1.155445e+002  3.135602e+002 -4.553419e+001  1.340865e+002  1.451082e+002  9.839806e-001 -3.211675e+001  4.490161e+000  9.865277e+001  3.514195e+002 -4.454483e+001  1.360414e+002  1.435859e+002  6.821367e-001 -3.404906e+001  4.006555e+000  2.649683e+001  2.771931e+001  2.260277e+000  1.724666e+001  3.634274e+000  7.690434e-001  3.431219e+001
        31  1.584800e+002  2.064521e+000  1.149727e+002  2.944515e+002 -4.659078e+001  1.389914e+002  1.456466e+002  8.516503e-001 -4.152788e+001  4.490161e+000  9.865277e+001  3.514195e+002 -4.454483e+001  1.360414e+002  1.435859e+002  6.821367e-001 -3.404906e+001  4.006555e+000  2.649683e+001  2.771931e+001  2.260277e+000  1.724666e+001  3.634274e+000  7.690434e-001  3.431219e+001
        31  2.511800e+002  1.838049e+000  1.233350e+002  2.931094e+002 -4.266547e+001  1.163465e+002  1.431299e+002  7.299260e-001 -2.737885e+001  5.861935e+000  1.178915e+002  3.181473e+002 -4.039037e+001  1.189738e+002  1.426064e+002  6.178210e-001 -3.254915e+001  4.773180e+000  2.402489e+001  2.487884e+001  2.240812e+000  1.521394e+001  3.665890e+000  6.904668e-001  3.397229e+001
        31  2.511800e+002  2.050114e+000  1.256412e+002  2.814290e+002 -4.438927e+001  1.189216e+002  1.437765e+002  7.941359e-001 -3.689760e+001  5.861935e+000  1.178915e+002  3.181473e+002 -4.039037e+001  1.189738e+002  1.426064e+002  6.178210e-001 -3.254915e+001  4.773180e+000  2.402489e+001  2.487884e+001  2.240812e+000  1.521394e+001  3.665890e+000  6.904668e-001  3.397229e+001
        31  3.981000e+002  1.834328e+000  1.308951e+002  2.629875e+002 -4.391096e+001  1.060506e+002  1.402133e+002  6.247595e-001 -3.700962e+001  6.119948e+000  1.329612e+002  2.713856e+002 -3.850673e+001  1.036801e+002  1.402484e+002  5.882253e-001 -3.460330e+001  4.737770e+000  2.277268e+001  2.133589e+001  2.252831e+000  1.318758e+001  3.646327e+000  6.429797e-001  3.313010e+001
        31  3.981000e+002  1.786290e+000  1.254005e+002  2.642020e+002 -4.185320e+001  1.047150e+002  1.396657e+002  4.911327e-001 -3.166621e+001  6.119948e+000  1.329612e+002  2.713856e+002 -3.850673e+001  1.036801e+002  1.402484e+002  5.882253e-001 -3.460330e+001  4.737770e+000  2.277268e+001  2.133589e+001  2.252831e+000  1.318758e+001  3.646327e+000  6.429797e-001  3.313010e+001
        31  6.309500e+002  1.734994e+000  1.311393e+002  2.488035e+002 -4.501542e+001  1.022800e+002  1.358099e+002  5.681135e-001 -4.360300e+001  5.222297e+000  1.428429e+002  2.231075e+002 -4.026671e+001  9.406230e+001  1.362986e+002  5.130289e-001 -3.503584e+001  4.005376e+000  2.254990e+001  1.797788e+001  2.309055e+000  1.167318e+001  3.557502e+000  5.663574e-001  3.350256e+001
        31  6.309500e+002  1.961078e+000  1.256233e+002  2.402328e+002 -4.326530e+001  1.013779e+002  1.353251e+002  4.647465e-001 -4.240722e+001  5.222297e+000  1.428429e+002  2.231075e+002 -4.026671e+001  9.406230e+001  1.362986e+002  5.130289e-001 -3.503584e+001  4.005376e+000  2.254990e+001  1.797788e+001  2.309055e+000  1.167318e+001  3.557502e+000  5.663574e-001  3.350256e+001
        31  1.000000e+003  2.227969e+000  1.285327e+002  2.293385e+002 -4.634938e+001  1.061375e+002  1.315921e+002  5.753434e-001 -4.507859e+001  1.903544e+000  1.343275e+002  1.921086e+002 -4.204894e+001  9.782490e+001  1.278314e+002  3.803529e-001 -3.292306e+001  1.810010e+000  2.838745e+001  1.622821e+001  2.420726e+000  1.158035e+001  3.393274e+000  4.569568e-001  3.692012e+001
        31  1.000000e+003  1.848777e+000  1.315563e+002  2.429698e+002 -4.723267e+001  1.066983e+002  1.320989e+002  6.628896e-001 -4.664850e+001  1.903544e+000  1.343275e+002  1.921086e+002 -4.204894e+001  9.782490e+001  1.278314e+002  3.803529e-001 -3.292306e+001  1.810010e+000  2.838745e+001  1.622821e+001  2.420726e+000  1.158035e+001  3.393274e+000  4.569568e-001  3.692012e+001
        32  3.981000e-002  8.392339e+000  1.411948e+002  5.616163e+001 -1.911532e+001  6.219333e+001  1.365082e+002  2.566868e+001 -1.322670e+001  6.684695e+000  1.427669e+002  4.228519e+001 -1.807613e+001  4.817151e+001  1.353779e+002  2.256707e+001 -3.160609e+001  3.180423e+000  1.376195e+001  9.850173e+000  6.688598e+000  1.586288e+001  9.476906e+000  8.183231e+000  1.044602e+001
        32  6.309000e-002  8.623690e+000  1.428198e+002  4.028107e+001 -1.930140e+001  6.648005e+001  1.369821e+002  1.694973e+001 -1.184320e+001  7.609209e+000  1.564241e+002  2.772333e+001 -2.009336e+001  5.144449e+001  1.445163e+002  7.792848e+000 -2.803794e+000  3.153813e+000  1.196046e+001  1.166738e+001  1.214727e+001  1.905909e+001  1.067509e+001  3.747433e+000  1.391254e+001
        32  2.511800e+000  1.444288e+000  1.612647e+002  1.194335e+001 -4.555598e+001  3.151365e+001  1.405016e+002  1.279138e+000 -1.648023e+001  2.017566e+000  1.552058e+002  1.098926e+001 -5.004207e+001  3.142430e+001  1.407384e+002  1.057055e+000 -2.019340e+001  9.246442e-001  1.324694e+001  1.429023e+000  3.727949e+000  2.416506e+000  2.203545e+000  7.404819e-001  2.050304e+001
        32  3.981000e+000  1.204267e+000  1.631097e+002  1.233654e+001 -4.732855e+001  3.071758e+001  1.401573e+002  8.999532e-001 -1.805114e+001  1.864376e+000  1.611859e+002  1.247694e+001 -5.125208e+001  3.185374e+001  1.402299e+002  6.552923e-001 -2.786314e+001  8.995993e-001  1.396093e+001  1.577098e+000  3.623538e+000  2.519909e+000  2.266889e+000  5.190983e-001  2.333344e+001
        32  6.309500e+000  9.902226e-001  1.684234e+002  1.303542e+001 -4.908656e+001  2.928913e+001  1.405455e+002  6.844142e-001 -2.304515e+001  1.553111e+000  1.734869e+002  1.415110e+001 -5.063346e+001  2.907415e+001  1.413684e+002  5.597685e-001 -3.355014e+001  8.095233e-001  1.510646e+001  1.694205e+000  3.431848e+000  2.428423e+000  2.393516e+000  4.508242e-001  2.374633e+001
        32  6.309500e+000  8.157001e-001  1.674827e+002  1.369637e+001 -5.181275e+001  2.950425e+001  1.405703e+002  6.229072e-001 -3.196341e+001  1.553111e+000  1.734869e+002  1.415110e+001 -5.063346e+001  2.907415e+001  1.413684e+002  5.597685e-001 -3.355014e+001  8.095233e-001  1.510646e+001  1.694205e+000  3.431848e+000  2.428423e+000  2.393516e+000  4.508242e-001  2.374633e+001
        32  3.981000e+001  1.186703e-001 -1.521859e+002  1.589333e+001 -4.608286e+001  2.315547e+001  1.359824e+002  3.166759e-001 -8.093116e+000  1.659948e-001 -1.447434e+002  1.549029e+001 -4.881338e+001  2.382749e+001  1.339195e+002  2.322796e-001 -9.385928e+000  1.547771e-001  2.778861e+001  1.725106e+000  3.192078e+000  2.139563e+000  2.573271e+000  2.217677e-001  2.851392e+001
        32  3.981000e+001  1.174251e-001 -1.647514e+002  1.648019e+001 -4.584180e+001  2.339063e+001  1.359864e+002  3.380344e-001 -1.038256e+001  1.659948e-001 -1.447434e+002  1.549029e+001 -4.881338e+001  2.382749e+001  1.339195e+002  2.322796e-001 -9.385928e+000  1.547771e-001  2.778861e+001  1.725106e+000  3.192078e+000  2.139563e+000  2.573271e+000  2.217677e-001  2.851392e+001
        32  6.309500e+001  5.118808e-002 -1.465373e+002  1.559051e+001 -4.645111e+001  2.371497e+001  1.345952e+002  1.665269e-001 -8.640064e+000  6.581428e-002 -1.409214e+002  1.660991e+001 -4.938996e+001  2.599739e+001  1.339693e+002  1.204589e-001 -1.179659e+001  7.869649e-002  3.671735e+001  1.857841e+000  3.205979e+000  2.324288e+000  2.562109e+000  1.385121e-001  3.509510e+001
        32  6.309500e+001  6.674876e-002 -1.590298e+002  1.618480e+001 -4.611141e+001  2.393652e+001  1.346602e+002  1.890468e-001 -1.019109e+001  6.581428e-002 -1.409214e+002  1.660991e+001 -4.938996e+001  2.599739e+001  1.339693e+002  1.204589e-001 -1.179659e+001  7.869649e-002  3.671735e+001  1.857841e+000  3.205979e+000  2.324288e+000  2.562109e+000  1.385121e-001  3.509510e+001
        32  1.000000e+002  2.416165e-002 -1.437071e+002  1.579545e+001 -4.739402e+001  2.448255e+001  1.342157e+002  1.119778e-001 -1.861043e+001  2.404928e-002 -1.389117e+002  1.725269e+001 -4.845285e+001  2.633821e+001  1.350955e+002  1.066977e-001 -2.959963e+001  3.733898e-002  5.092318e+001  1.917729e+000  3.186009e+000  2.369475e+000  2.578131e+000  1.268769e-001  3.648145e+001
        32  1.000000e+002  3.817007e-002 -1.504596e+002  1.632900e+001 -4.675170e+001  2.472918e+001  1.343393e+002  1.260860e-001 -1.766398e+001  2.404928e-002 -1.389117e+002  1.725269e+001 -4.845285e+001  2.633821e+001  1.350955e+002  1.066977e-001 -2.959963e+001  3.733898e-002  5.092318e+001  1.917729e+000  3.186009e+000  2.369475e+000  2.578131e+000  1.268769e-001  3.648145e+001
        32  1.584800e+002  2.156074e-002 -1.386905e+002  1.661677e+001 -4.714864e+001  2.513953e+001  1.347139e+002  1.112164e-001 -2.191948e+001  1.203742e-002 -1.379409e+002  1.768941e+001 -4.696649e+001  2.580982e+001  1.360123e+002  1.267930e-001 -3.585511e+001  2.235938e-002  6.823992e+001  1.944197e+000  3.150201e+000  2.348421e+000  2.607556e+000  1.436769e-001  3.451212e+001
        32  1.584800e+002  1.407440e-002 -1.380537e+002  1.627772e+001 -4.798574e+001  2.488566e+001  1.344224e+002  1.058409e-001 -2.307238e+001  1.203742e-002 -1.379409e+002  1.768941e+001 -4.696649e+001  2.580982e+001  1.360123e+002  1.267930e-001 -3.585511e+001  2.235938e-002  6.823992e+001  1.944197e+000  3.150201e+000  2.348421e+000  2.607556e+000  1.436769e-001  3.451212e+001
        32  2.511800e+002  1.271422e-002 -1.218028e+002  1.681778e+001 -4.770890e+001  2.495183e+001  1.350665e+002  9.135243e-002 -2.052341e+001  8.946114e-003 -1.313338e+002  1.779470e+001 -4.590582e+001  2.508288e+001  1.362190e+002  1.257521e-001 -2.952879e+001  1.792342e-002  1.800000e+002  1.938991e+000  3.123150e+000  2.302073e+000  2.630189e+000  1.417775e-001  3.431332e+001
        32  2.511800e+002  9.495648e-003 -1.232355e+002  1.667850e+001 -4.856023e+001  2.483827e+001  1.345640e+002  8.908460e-002 -2.051022e+001  8.946114e-003 -1.313338e+002  1.779470e+001 -4.590582e+001  2.508288e+001  1.362190e+002  1.257521e-001 -2.952879e+001  1.792342e-002  1.800000e+002  1.938991e+000  3.123150e+000  2.302073e+000  2.630189e+000  1.417775e-001  3.431332e+001
        32  3.981000e+002  6.415979e-003 -9.925405e+001  1.717062e+001 -4.956281e+001  2.463447e+001  1.342957e+002  6.369740e-002 -2.026306e+001  1.186361e-002 -1.199393e+002  1.768328e+001 -4.557397e+001  2.442323e+001  1.358072e+002  1.126390e-001 -2.245253e+001  2.211436e-002  6.875261e+001  1.916979e+000  3.107134e+000  2.252877e+000  2.643511e+000  1.296737e-001  3.514281e+001
        32  3.981000e+002  7.649937e-003 -9.848618e+001  1.712834e+001 -4.874080e+001  2.450924e+001  1.348840e+002  6.605826e-002 -2.126613e+001  1.186361e-002 -1.199393e+002  1.768328e+001 -4.557397e+001  2.442323e+001  1.358072e+002  1.126390e-001 -2.245253e+001  2.211436e-002  6.875261e+001  1.916979e+000  3.107134e+000  2.252877e+000  2.643511e+000  1.296737e-001  3.514281e+001
        32  6.309500e+002  4.530580e-003 -7.237834e+001  1.793803e+001 -5.085619e+001  2.452172e+001  1.335896e+002  4.965980e-002 -2.384952e+001  1.708801e-002 -1.085202e+002  1.729482e+001 -4.571223e+001  2.335118e+001  1.355143e+002  8.271314e-002 -2.023011e+001  2.891463e-002  5.778460e+001  1.864241e+000  3.089507e+000  2.166200e+000  2.658509e+000  1.017125e-001  3.794109e+001
        32  6.309500e+002  4.962280e-003 -7.269714e+001  1.770585e+001 -5.012469e+001  2.418352e+001  1.341408e+002  5.254845e-002 -2.539906e+001  1.708801e-002 -1.085202e+002  1.729482e+001 -4.571223e+001  2.335118e+001  1.355143e+002  8.271314e-002 -2.023011e+001  2.891463e-002  5.778460e+001  1.864241e+000  3.089507e+000  2.166200e+000  2.658509e+000  1.017125e-001  3.794109e+001
        32  1.000000e+003  4.146550e-003 -4.804301e+001  1.863263e+001 -5.178751e+001  2.417715e+001  1.329408e+002  4.785838e-002 -2.761729e+001  1.299550e-002 -9.235815e+001  1.709256e+001 -4.564848e+001  2.284652e+001  1.364329e+002  6.266016e-002 -3.057147e+001  2.347806e-002  6.459729e+001  1.837832e+000  3.081774e+000  2.124772e+000  2.665272e+000  8.214074e-002  4.095350e+001
        32  1.000000e+003  4.061465e-003 -4.677316e+001  1.903290e+001 -5.235041e+001  2.467739e+001  1.324831e+002  4.424428e-002 -2.572739e+001  1.299550e-002 -9.235815e+001  1.709256e+001 -4.564848e+001  2.284652e+001  1.364329e+002  6.266016e-002 -3.057147e+001  2.347806e-002  6.459729e+001  1.837832e+000  3.081774e+000  2.124772e+000  2.665272e+000  8.214074e-002  4.095350e+001
        33  3.981000e-002  2.605374e+000 -4.678321e+001  2.529697e+002 -2.110492e+001  8.518135e+002  1.349409e+002  1.186367e+000  1.015908e+002  3.495174e+000 -3.945975e+001  2.679060e+002 -1.681610e+001  8.486080e+002  1.386639e+002  9.185106e+000 -1.243699e+002  3.102576e+000  2.634897e+001  1.931563e+002  2.113046e+001  1.104237e+002  3.730395e+000  8.542936e+000  2.771300e+001
        33  6.309000e-002  2.957162e+000 -4.837394e+001  1.874430e+002 -2.171625e+001  9.259735e+002  1.353050e+002  1.145090e+000  1.307213e+002  1.513456e+000 -4.191987e+001  2.181682e+002 -1.669772e+001  9.585930e+002  1.450954e+002  6.663780e+000 -1.157879e+002  1.573242e+000  3.131558e+001  1.236783e+002  1.646604e+001  1.411302e+002  4.221545e+000  6.923442e+000  3.129758e+001
        33  1.000000e-001  3.335934e+000 -4.710974e+001  1.426375e+002 -2.319816e+001  9.522663e+002  1.381338e+002  7.816021e-001  1.609611e+002  2.453926e+000 -1.647609e+001  2.060824e+002 -1.607928e+001  1.077051e+003  1.508851e+002  2.748896e+000 -7.493368e+001  2.228594e+000  2.700624e+001  8.234880e+001  1.152502e+001  1.282930e+002  3.414417e+000  3.669034e+000  4.186402e+001
        33  1.000000e+000  2.049922e+000 -3.086881e+001  6.772603e+001 -4.409873e+001  5.350646e+002  1.464064e+002  8.024069e-001  9.310031e+001  1.683647e+000  2.389091e-001  5.203523e+001 -3.944871e+001  5.109416e+002  1.502006e+002  9.787135e+000  9.389300e+001  1.190919e+000  2.071209e+001  9.210990e+000  5.077736e+000  2.886311e+001  1.618536e+000  7.892338e+000  2.377835e+001
        33  1.584800e+000  1.754657e+000 -3.268442e+001  7.140534e+001 -4.801410e+001  4.639336e+002  1.450553e+002  1.237575e+000  1.041139e+002  1.466459e+000 -1.460298e+001  5.462149e+001 -4.578882e+001  4.383472e+002  1.486712e+002  8.442384e+000  1.145633e+002  1.086849e+000  2.175073e+001  9.193314e+000  4.827421e+000  2.604351e+001  1.702306e+000  6.798661e+000  2.374398e+001
        33  2.511800e+000  1.678246e+000 -3.409929e+001  7.753104e+001 -5.052657e+001  4.191578e+002  1.430292e+002  1.706196e+000  1.151386e+002  9.493935e-001 -9.595413e-001  6.355310e+001 -4.957183e+001  4.449496e+002  1.464042e+002  1.093733e+001  1.234468e+002  8.147019e-001  2.540820e+001  1.033792e+001  4.665185e+000  2.735395e+001  1.761450e+000  8.286780e+000  2.226123e+001
        33  2.511800e+001  6.730781e-001  1.670741e+001  1.405460e+002 -5.991278e+001  3.262377e+002  1.403952e+002  1.672572e+000 -1.693428e+002  1.417588e+000 -1.321888e+001  1.983347e+002 -6.058991e+001  3.188506e+002  1.452432e+002  2.623315e+000 -1.572904e+002  1.462627e+000  3.105669e+001  2.233261e+001  3.227478e+000  2.831613e+001  2.544967e+000  2.613041e+000  2.987052e+001
        33  2.511800e+001  6.886129e-001  1.423206e+001  1.370514e+002 -5.795381e+001  3.353758e+002  1.403359e+002  1.283642e+000 -1.623042e+002  1.417588e+000 -1.321888e+001  1.983347e+002 -6.058991e+001  3.188506e+002  1.452432e+002  2.623315e+000 -1.572904e+002  1.462627e+000  3.105669e+001  2.233261e+001  3.227478e+000  2.831613e+001  2.544967e+000  2.613041e+000  2.987052e+001
        33  3.981000e+001  3.321394e-001  2.978805e+001  1.715771e+002 -5.921762e+001  3.111341e+002  1.403573e+002  1.249855e+000 -1.443628e+002  3.197304e+000 -4.214539e+000  2.241133e+002 -6.030546e+001  3.046117e+002  1.460629e+002  1.508056e+000 -1.488201e+002  2.775351e+000  2.572258e+001  2.419852e+001  3.094745e+000  2.821163e+001  2.654175e+000  1.705597e+000  3.443668e+001
        33  3.981000e+001  3.960516e-001  3.064008e+001  1.630628e+002 -5.782679e+001  3.197111e+002  1.405201e+002  9.864447e-001 -1.398766e+002  3.197304e+000 -4.214539e+000  2.241133e+002 -6.030546e+001  3.046117e+002  1.460629e+002  1.508056e+000 -1.488201e+002  2.775351e+000  2.572258e+001  2.419852e+001  3.094745e+000  2.821163e+001  2.654175e+000  1.705597e+000  3.443668e+001
        33  6.309500e+001  1.418228e-001  4.493562e+001  2.051971e+002 -5.700882e+001  2.977564e+002  1.407070e+002  9.225073e-001 -1.155263e+002  5.690225e+000  1.374891e+000  2.590342e+002 -5.998053e+001  3.052092e+002  1.465932e+002  5.480083e-001 -1.184024e+002  4.434205e+000  2.293170e+001  2.698731e+001  2.986014e+000  2.929408e+001  2.750691e+000  7.986522e-001  4.677637e+001
        33  6.309500e+001  2.060491e-001  5.236176e+001  1.924192e+002 -5.637871e+001  3.036118e+002  1.410170e+002  7.994789e-001 -1.126223e+002  5.690225e+000  1.374891e+000  2.590342e+002 -5.998053e+001  3.052092e+002  1.465932e+002  5.480083e-001 -1.184024e+002  4.434205e+000  2.293170e+001  2.698731e+001  2.986014e+000  2.929408e+001  2.750691e+000  7.986522e-001  4.677637e+001
        33  1.000000e+002  4.423601e-002  6.712237e+001  2.328070e+002 -5.370406e+001  2.812625e+002  1.415187e+002  6.806583e-001 -8.533778e+001  8.416638e+000  6.285263e+000  2.922769e+002 -5.956439e+001  3.075438e+002  1.466102e+002  9.592868e-001 -4.137178e+001  6.129526e+000  2.135414e+001  3.420407e+001  3.354471e+000  3.036527e+001  2.829693e+000  1.217734e+000  3.939834e+001
        33  1.000000e+002  9.421694e-002  8.487752e+001  2.183564e+002 -5.383820e+001  2.840414e+002  1.417169e+002  6.554280e-001 -8.310023e+001  8.416638e+000  6.285263e+000  2.922769e+002 -5.956439e+001  3.075438e+002  1.466102e+002  9.592868e-001 -4.137178e+001  6.129526e+000  2.135414e+001  3.420407e+001  3.354471e+000  3.036527e+001  2.829693e+000  1.217734e+000  3.939834e+001
        33  1.584800e+002  4.488426e-002  1.369336e+002  2.340580e+002 -5.103610e+001  2.604521e+002  1.422541e+002  5.126495e-001 -5.520766e+001  9.934505e+000  1.107108e+001  3.053645e+002 -5.897393e+001  2.963963e+002  1.458011e+002  4.378618e+000 -1.618388e+001  7.017731e+000  2.068316e+001  3.977492e+001  3.734143e+000  2.986148e+001  2.887454e+000  3.767775e+000  2.548324e+001
        33  1.584800e+002  6.448763e-003  1.172333e+002  2.461907e+002 -5.028312e+001  2.583329e+002  1.423720e+002  4.978612e-001 -5.731787e+001  9.934505e+000  1.107108e+001  3.053645e+002 -5.897393e+001  2.963963e+002  1.458011e+002  4.378618e+000 -1.618388e+001  7.017731e+000  2.068316e+001  3.977492e+001  3.734143e+000  2.986148e+001  2.887454e+000  3.767775e+000  2.548324e+001
        33  2.511800e+002  4.288243e-002 -1.607739e+002  2.385767e+002 -4.891186e+001  2.349344e+002  1.421984e+002  3.602261e-001 -3.146804e+001  7.574823e+000  1.507325e+001  2.839573e+002 -5.817097e+001  2.649933e+002  1.438466e+002  6.456641e+000 -9.553553e+000  5.622945e+000  2.178719e+001  3.633297e+001  3.668066e+000  2.696120e+001  2.915979e+000  4.902645e+000  2.231257e+001
        33  2.511800e+002  7.888014e-003 -1.363981e+002  2.452337e+002 -4.790472e+001  2.308797e+002  1.425142e+002  3.462176e-001 -3.343049e+001  7.574823e+000  1.507325e+001  2.839573e+002 -5.817097e+001  2.649933e+002  1.438466e+002  6.456641e+000 -9.553553e+000  5.622945e+000  2.178719e+001  3.633297e+001  3.668066e+000  2.696120e+001  2.915979e+000  4.902645e+000  2.231257e+001
        33  3.981000e+002  2.458550e-002 -1.008340e+002  2.386994e+002 -4.719248e+001  2.053448e+002  1.413110e+002  2.242099e-001 -1.393018e+001  2.168708e+000  2.027599e+001  2.391195e+002 -5.719675e+001  2.241858e+002  1.410178e+002  3.183355e+000 -7.240891e+000  2.108290e+000  2.908263e+001  2.623986e+001  3.145265e+000  2.278311e+001  2.912625e+000  2.766567e+000  2.575580e+001
        33  3.981000e+002  6.011858e-002 -1.170531e+002  2.373111e+002 -4.800802e+001  2.111781e+002  1.411341e+002  2.283182e-001 -1.316896e+001  2.168708e+000  2.027599e+001  2.391195e+002 -5.719675e+001  2.241858e+002  1.410178e+002  3.183355e+000 -7.240891e+000  2.108290e+000  2.908263e+001  2.623986e+001  3.145265e+000  2.278311e+001  2.912625e+000  2.766567e+000  2.575580e+001
        33  6.309500e+002  7.265566e-002 -9.133261e+001  2.371380e+002 -4.825851e+001  1.938962e+002  1.388803e+002  1.428613e-001  1.986503e-001  1.642762e-001  2.177649e+001  2.048313e+002 -5.546498e+001  1.973132e+002  1.377467e+002  7.589240e-001 -5.201001e+000  2.928520e-001  6.304214e+001  2.029251e+001  2.839291e+000  1.991662e+001  2.892922e+000  9.142414e-001  3.703677e+001
        33  6.309500e+002  4.236898e-002 -8.317733e+001  2.357932e+002 -4.791324e+001  1.882669e+002  1.387311e+002  1.372719e-001  2.107513e+000  1.642762e-001  2.177649e+001  2.048313e+002 -5.546498e+001  1.973132e+002  1.377467e+002  7.589240e-001 -5.201001e+000  2.928520e-001  6.304214e+001  2.029251e+001  2.839291e+000  1.991662e+001  2.892922e+000  9.142414e-001  3.703677e+001
        33  1.000000e+003  5.391705e-002 -7.014045e+001  2.412503e+002 -4.931566e+001  1.826983e+002  1.354909e+002  8.236348e-002  1.529976e+001  1.960142e-001 -1.276214e+002  1.707270e+002 -5.332799e+001  1.765668e+002  1.336555e+002  3.947576e-002  1.767331e+002  3.194591e-001  5.457627e+001  1.721686e+001  2.890203e+000  1.750883e+001  2.841966e+000  9.684979e-002  1.800000e+002
        33  1.000000e+003  7.815521e-002 -7.743246e+001  2.422440e+002 -4.916443e+001  1.867348e+002  1.358512e+002  9.897677e-002  1.153481e+001  1.960142e-001 -1.276214e+002  1.707270e+002 -5.332799e+001  1.765668e+002  1.336555e+002  3.947576e-002  1.767331e+002  3.194591e-001  5.457627e+001  1.721686e+001  2.890203e+000  1.750883e+001  2.841966e+000  9.684979e-002  1.800000e+002
        34  1.000000e+000  1.590146e+001  1.598115e+002  5.130098e+001 -3.451414e+001  5.714260e+001  1.485322e+002  1.192200e+000 -1.019140e+001  2.128383e+001  1.625967e+002  3.331732e+001 -3.429165e+001  4.858946e+001  1.426428e+002  9.900537e-001 -5.720173e+001  7.141990e+000  9.658754e+000  8.113632e+000  6.993859e+000  9.905975e+000  5.850632e+000  7.861175e-001  2.339124e+001
        34  1.584800e+000  1.247722e+001  1.635703e+002  4.914802e+001 -3.661225e+001  4.901241e+001  1.476469e+002  8.079176e-001 -8.308912e+000  1.408045e+001  1.628141e+002  2.975080e+001 -3.691207e+001  4.709554e+001  1.438859e+002  5.989715e-001 -8.330019e+001  5.092816e+000  1.041910e+001  5.642880e+000  5.441868e+000  8.391393e+000  5.111203e+000  5.351086e-001  2.653149e+001
        34  2.511800e+000  9.365208e+000  1.683611e+002  4.793941e+001 -3.683566e+001  4.333505e+001  1.465561e+002  5.141356e-001 -6.931984e+000  9.085611e+000  1.590372e+002  3.171449e+001 -3.811783e+001  4.488557e+001  1.459376e+002  6.247658e-001 -1.072443e+002  3.725629e+000  1.183120e+001  6.460161e+000  5.845639e+000  6.502357e+000  4.153720e+000  5.456719e-001  2.589359e+001
        34  3.981000e+000  6.562873e+000  1.737862e+002  4.575087e+001 -3.550038e+001  3.914937e+001  1.458738e+002  3.043562e-001 -9.342944e+000  5.834879e+000  1.551717e+002  3.675242e+001 -3.697070e+001  4.151628e+001  1.480953e+002  1.137394e+000 -1.239231e+002  2.773116e+000  1.374686e+001  6.453069e+000  5.036541e+000  4.983651e+000  3.440986e+000  8.386961e-001  2.163497e+001
        34  6.309500e+000  5.113494e+000  1.781888e+002  4.008230e+001 -3.375888e+001  3.616225e+001  1.451228e+002  1.007054e-001 -3.071195e+001  3.549393e+000  1.548109e+002  4.120085e+001 -3.391280e+001  3.685026e+001  1.486631e+002  2.472013e+000 -1.298700e+002  1.965508e+000  1.607405e+001  4.554336e+000  3.168348e+000  3.789245e+000  2.947110e+000  1.457193e+000  1.714183e+001
        34  6.309500e+000  4.308803e+000  1.789708e+002  4.189067e+001 -3.327422e+001  3.536568e+001  1.457437e+002  2.128607e-001 -1.859544e+001  3.549393e+000  1.548109e+002  4.120085e+001 -3.391280e+001  3.685026e+001  1.486631e+002  2.472013e+000 -1.298700e+002  1.965508e+000  1.607405e+001  4.554336e+000  3.168348e+000  3.789245e+000  2.947110e+000  1.457193e+000  1.714183e+001
        34  1.000000e+001  2.772826e+000 -1.762338e+002  3.647741e+001 -3.081220e+001  3.149522e+001  1.456970e+002  2.238069e-001 -2.411381e+001  2.182012e+000  1.604757e+002  4.126070e+001 -3.052458e+001  3.183335e+001  1.477006e+002  3.297553e+000 -1.215682e+002  1.365024e+000  1.822746e+001  3.867038e+000  2.685924e+000  3.396655e+000  3.058214e+000  1.743784e+000  1.533164e+001
        34  1.000000e+001  3.369194e+000 -1.777561e+002  3.514972e+001 -3.154157e+001  3.213669e+001  1.457736e+002  1.605572e-001 -3.960335e+001  2.182012e+000  1.604757e+002  4.126070e+001 -3.052458e+001  3.183335e+001  1.477006e+002  3.297553e+000 -1.215682e+002  1.365024e+000  1.822746e+001  3.867038e+000  2.685924e+000  3.396655e+000  3.058214e+000  1.743784e+000  1.533164e+001
        34  1.584800e+001  1.813036e+000 -1.698593e+002  3.021127e+001 -2.886702e+001  2.789027e+001  1.452319e+002  2.470363e-001 -1.692243e+001  1.722418e+000 -1.725222e+002  3.472195e+001 -2.787287e+001  2.614102e+001  1.492342e+002  3.036675e+000 -9.154825e+001  1.094892e+000  1.853209e+001  3.234360e+000  2.669525e+000  2.806387e+000  3.076993e+000  1.560436e+000  1.488808e+001
        34  1.584800e+001  2.273093e+000 -1.715554e+002  2.944943e+001 -2.981644e+001  2.799946e+001  1.456330e+002  2.143409e-001 -2.970706e+001  1.722418e+000 -1.725222e+002  3.472195e+001 -2.787287e+001  2.614102e+001  1.492342e+002  3.036675e+000 -9.154825e+001  1.094892e+000  1.853209e+001  3.234360e+000  2.669525e+000  2.806387e+000  3.076993e+000  1.560436e+000  1.488808e+001
        34  2.511800e+001  1.464042e+000 -1.609389e+002  2.390307e+001 -2.923234e+001  2.461951e+001  1.446500e+002  1.980475e-001 -1.342971e+001  2.401387e+000 -1.437313e+002  2.604283e+001 -2.646879e+001  2.270873e+001  1.505640e+002  2.921638e+000 -6.271960e+001  1.307342e+000  1.579556e+001  2.516613e+000  2.769428e+000  2.350005e+000  2.965941e+000  1.463504e+000  1.450470e+001
        34  2.511800e+001  1.136434e+000 -1.593169e+002  2.411530e+001 -2.817293e+001  2.487396e+001  1.444222e+002  2.139144e-001 -1.442441e+000  2.401387e+000 -1.437313e+002  2.604283e+001 -2.646879e+001  2.270873e+001  1.505640e+002  2.921638e+000 -6.271960e+001  1.307342e+000  1.579556e+001  2.516613e+000  2.769428e+000  2.350005e+000  2.965941e+000  1.463504e+000  1.450470e+001
        34  3.981000e+001  6.129991e-001 -1.443764e+002  1.901806e+001 -2.931090e+001  2.216386e+001  1.433634e+002  1.402127e-001  1.712439e+001  2.029051e+000 -1.371502e+002  1.773352e+001 -2.656848e+001  2.153676e+001  1.500971e+002  1.149225e+000 -4.404711e+001  1.046630e+000  1.494616e+001  1.861614e+000  3.008756e+000  2.051551e+000  2.729977e+000  7.173330e-001  1.818548e+001
        34  3.981000e+001  8.142429e-001 -1.457832e+002  1.922029e+001 -3.021135e+001  2.191058e+001  1.432469e+002  1.353672e-001  3.504594e+000  2.029051e+000 -1.371502e+002  1.773352e+001 -2.656848e+001  2.153676e+001  1.500971e+002  1.149225e+000 -4.404711e+001  1.046630e+000  1.494616e+001  1.861614e+000  3.008756e+000  2.051551e+000  2.729977e+000  7.173330e-001  1.818548e+001
        34  6.309500e+001  2.680857e-001 -1.262818e+002  1.537495e+001 -3.259722e+001  1.966110e+001  1.412725e+002  7.493082e-002  3.644762e+001  8.876643e-001 -1.617749e+002  1.382157e+001 -2.757578e+001  1.929828e+001  1.451729e+002  2.749222e-001 -2.780264e+001  5.289961e-001  1.733576e+001  1.502458e+000  3.115673e+000  1.775347e+000  2.636395e+000  2.387310e-001  2.573308e+001
        34  6.309500e+001  3.685813e-001 -1.272562e+002  1.571490e+001 -3.298190e+001  1.957668e+001  1.410091e+002  7.538895e-002  1.922279e+001  8.876643e-001 -1.617749e+002  1.382157e+001 -2.757578e+001  1.929828e+001  1.451729e+002  2.749222e-001 -2.780264e+001  5.289961e-001  1.733576e+001  1.502458e+000  3.115673e+000  1.775347e+000  2.636395e+000  2.387310e-001  2.573308e+001
        34  1.000000e+002  1.315364e-001 -1.059647e+002  1.351472e+001 -3.755508e+001  1.812020e+001  1.372947e+002  3.631130e-002  3.399082e+001  5.683812e-001  1.796807e+002  1.245565e+001 -3.240707e+001  1.806715e+001  1.367384e+002  5.416561e-002  2.351058e+001  3.689269e-001  1.893782e+001  1.366926e+000  3.145498e+000  1.646291e+000  2.611319e+000  6.944467e-002  3.986944e+001
        34  1.000000e+002  9.131970e-002 -1.051326e+002  1.335555e+001 -3.769194e+001  1.814200e+001  1.374892e+002  3.496020e-002  5.735173e+001  5.683812e-001  1.796807e+002  1.245565e+001 -3.240707e+001  1.806715e+001  1.367384e+002  5.416561e-002  2.351058e+001  3.689269e-001  1.893782e+001  1.366926e+000  3.145498e+000  1.646291e+000  2.611319e+000  6.944467e-002  3.986944e+001
        34  1.584800e+002  2.089341e-002 -8.005126e+001  1.286116e+001 -4.323214e+001  1.830048e+001  1.331934e+002  1.397162e-002  7.973406e+001  3.527696e-001 -1.498299e+002  1.286418e+001 -4.260180e+001  1.839532e+001  1.294994e+002  4.881590e-002  6.694744e+001  2.600680e-001  2.162985e+001  1.406750e+000  3.134325e+000  1.682208e+000  2.620693e+000  6.452442e-002  4.136821e+001
        34  1.584800e+002  3.400774e-002 -8.269841e+001  1.270189e+001 -4.327986e+001  1.819025e+001  1.329193e+002  1.583923e-002  4.759877e+001  3.527696e-001 -1.498299e+002  1.286418e+001 -4.260180e+001  1.839532e+001  1.294994e+002  4.881590e-002  6.694744e+001  2.600680e-001  2.162985e+001  1.406750e+000  3.134325e+000  1.682208e+000  2.620693e+000  6.452442e-002  4.136821e+001
        34  2.511800e+002  5.519941e-003 -6.408479e+001  1.323653e+001 -4.868127e+001  1.964269e+001  1.295431e+002  7.278837e-003  6.166717e+001  1.320289e-001 -1.150295e+002  1.322329e+001 -5.158166e+001  1.948108e+001  1.279578e+002  9.074398e-003  8.174538e+001  1.253007e-001  2.832810e+001  1.456822e+000  3.157762e+000  1.768248e+000  2.601190e+000  1.853019e-002  1.800000e+002
        34  2.511800e+002  1.945723e-003 -5.185030e+001  1.347690e+001 -4.762209e+001  1.974934e+001  1.302160e+002  5.153958e-003  9.635439e+001  1.320289e-001 -1.150295e+002  1.322329e+001 -5.158166e+001  1.948108e+001  1.279578e+002  9.074398e-003  8.174538e+001  1.253007e-001  2.832810e+001  1.456822e+000  3.157762e+000  1.768248e+000  2.601190e+000  1.853019e-002  1.800000e+002
        34  3.981000e+002  8.956294e-004 -7.287856e+001  1.477898e+001 -5.238575e+001  2.168673e+001  1.276298e+002  3.691053e-003  8.293866e+001  4.952796e-002 -9.693068e+001  1.557382e+001 -5.917614e+001  2.201004e+001  1.226720e+002  1.074634e-002  1.227112e+002  6.256862e-002  3.917193e+001  1.698072e+000  3.125135e+000  2.018686e+000  2.628409e+000  2.168816e-002  1.800000e+002
        34  3.981000e+002  1.591657e-005 -1.684189e+002  1.461974e+001 -5.047280e+001  2.153350e+001  1.286361e+002  3.036489e-003  1.022155e+002  4.952796e-002 -9.693068e+001  1.557382e+001 -5.917614e+001  2.201004e+001  1.226720e+002  1.074634e-002  1.227112e+002  6.256862e-002  3.917193e+001  1.698072e+000  3.125135e+000  2.018686e+000  2.628409e+000  2.168816e-002  1.800000e+002
        34  6.309500e+002  7.186656e-004 -7.998521e+001  1.666680e+001 -5.447769e+001  2.371484e+001  1.263269e+002  2.125077e-003  1.106644e+002  2.339489e-002 -7.765177e+001  2.017266e+001 -6.284570e+001  2.633179e+001  1.222148e+002  5.394475e-002  1.695613e+002  3.803122e-002  5.437145e+001  2.156175e+000  3.063517e+000  2.463443e+000  2.681102e+000  7.606677e-002  4.483304e+001
        34  6.309500e+002  1.521104e-004 -1.536103e+002  1.594573e+001 -5.245295e+001  2.326514e+001  1.274795e+002  3.379062e-003  1.136229e+002  2.339489e-002 -7.765177e+001  2.017266e+001 -6.284570e+001  2.633179e+001  1.222148e+002  5.394475e-002  1.695613e+002  3.803122e-002  5.437145e+001  2.156175e+000  3.063517e+000  2.463443e+000  2.681102e+000  7.606677e-002  4.483304e+001
        34  1.000000e+003  8.114313e-004 -5.665707e+001  1.863340e+001 -5.626461e+001  2.589764e+001  1.247409e+002  2.115306e-003  1.422964e+002  6.701092e-003 -1.123474e+002  2.623910e+001 -6.380256e+001  3.136569e+001  1.209010e+002  1.985732e-002  1.676562e+002  1.590263e-002  1.800000e+002  2.743669e+000  2.996909e+000  2.999748e+000  2.740869e+000  3.755639e-002  7.102422e+001
        34  1.000000e+003  1.703270e-005 -9.150766e+001  1.745152e+001 -5.423839e+001  2.513419e+001  1.261402e+002  4.105332e-003  1.334500e+002  6.701092e-003 -1.123474e+002  2.623910e+001 -6.380256e+001  3.136569e+001  1.209010e+002  1.985732e-002  1.676562e+002  1.590263e-002  1.800000e+002  2.743669e+000  2.996909e+000  2.999748e+000  2.740869e+000  3.755639e-002  7.102422e+001
        35  1.584800e+000  6.973555e-001  1.799147e+002  4.546734e+001 -2.665335e+001  2.130056e+001  1.275081e+002  9.112790e+000  9.472840e-001  1.096657e+000 -1.398047e+002  4.301109e+001 -3.173338e+001  2.099454e+001  1.406633e+002  9.273960e+000 -5.269180e-001  8.233521e-001  2.204852e+001  6.701444e+000  4.468079e+000  3.399909e+000  4.644396e+000  3.412590e+000  1.060212e+001
        35  2.511800e+000  4.602236e-001 -1.672715e+002  3.800267e+001 -2.926729e+001  2.330036e+001  1.284437e+002  5.818140e+000  6.757352e+000  4.847721e-001 -1.482091e+002  3.726050e+001 -3.291607e+001  2.199075e+001  1.316652e+002  5.579598e+000  3.818187e+000  4.306028e-001  2.636764e+001  5.236557e+000  4.029469e+000  2.508902e+000  3.270184e+000  2.358534e+000  1.220168e+001
        35  3.981000e+000  2.956313e-001 -1.541059e+002  3.200574e+001 -3.224712e+001  2.491190e+001  1.297761e+002  3.359614e+000  1.403811e+001  2.366174e-001  1.730597e+002  3.206400e+001 -3.097304e+001  2.574578e+001  1.297960e+002  3.407397e+000  1.608989e+001  2.421890e-001  3.078203e+001  4.792614e+000  4.286003e+000  2.719790e+000  3.027779e+000  1.694760e+000  1.439991e+001
        35  6.309500e+000  2.089546e-001 -1.388315e+002  2.777037e+001 -3.646143e+001  2.600108e+001  1.311362e+002  1.677076e+000  2.173030e+001  1.794253e-001  1.617770e+002  2.792559e+001 -3.480212e+001  2.732756e+001  1.286470e+002  1.900787e+000  2.030224e+001  1.901230e-001  3.199269e+001  2.777534e+000  2.850551e+000  2.747632e+000  2.881598e+000  1.110387e+000  1.698289e+001
        35  6.309500e+000  2.027502e-001 -1.426771e+002  2.742215e+001 -3.647884e+001  2.574367e+001  1.311176e+002  1.645375e+000  1.907017e+001  1.794253e-001  1.617770e+002  2.792559e+001 -3.480212e+001  2.732756e+001  1.286470e+002  1.900787e+000  2.030224e+001  1.901230e-001  3.199269e+001  2.777534e+000  2.850551e+000  2.747632e+000  2.881598e+000  1.110387e+000  1.698289e+001
        35  1.000000e+001  1.661244e-001 -1.199951e+002  2.608884e+001 -4.164296e+001  2.645828e+001  1.322938e+002  6.885442e-001  2.724477e+001  1.644887e-001 -1.566753e+002  2.486172e+001 -4.034320e+001  2.741240e+001  1.328677e+002  9.888955e-001  2.169100e+001  1.730231e-001  3.173169e+001  2.547572e+000  2.936826e+000  2.675066e+000  2.796743e+000  6.807217e-001  2.013192e+001
        35  1.000000e+001  1.663264e-001 -1.252793e+002  2.561070e+001 -4.161642e+001  2.640383e+001  1.320958e+002  7.337059e-001  2.155529e+001  1.644887e-001 -1.566753e+002  2.486172e+001 -4.034320e+001  2.741240e+001  1.328677e+002  9.888955e-001  2.169100e+001  1.730231e-001  3.173169e+001  2.547572e+000  2.936826e+000  2.675066e+000  2.796743e+000  6.807217e-001  2.013192e+001
        35  1.584800e+001  1.426676e-001 -1.016568e+002  2.695269e+001 -4.606747e+001  2.637969e+001  1.327412e+002  2.437666e-001  2.446128e+001  2.321150e-001 -1.227072e+002  2.623034e+001 -4.637345e+001  2.873598e+001  1.330565e+002  4.699067e-001  2.346457e+001  2.270364e-001  2.927882e+001  2.683530e+000  2.932140e+000  2.808778e+000  2.801284e+000  3.942187e-001  2.480081e+001
        35  1.584800e+001  1.471497e-001 -1.071589e+002  2.637201e+001 -4.617417e+001  2.657231e+001  1.326893e+002  3.206133e-001  1.879284e+001  2.321150e-001 -1.227072e+002  2.623034e+001 -4.637345e+001  2.873598e+001  1.330565e+002  4.699067e-001  2.346457e+001  2.270364e-001  2.927882e+001  2.683530e+000  2.932140e+000  2.808778e+000  2.801284e+000  3.942187e-001  2.480081e+001
        35  2.511800e+001  1.515280e-001 -9.357541e+001  2.849869e+001 -4.883418e+001  2.653861e+001  1.325504e+002  1.606968e-001  1.277089e+001  2.894129e-001 -8.791602e+001  2.662306e+001 -4.933302e+001  2.668347e+001  1.335217e+002  1.371383e-001  3.697998e+001  2.688872e-001  2.768040e+001  2.663789e+000  2.867582e+000  2.666810e+000  2.864332e+000  1.536589e-001  3.407193e+001
        35  2.511800e+001  1.406479e-001 -8.865875e+001  2.907369e+001 -4.855679e+001  2.639297e+001  1.322772e+002  1.089773e-001  1.167611e+001  2.894129e-001 -8.791602e+001  2.662306e+001 -4.933302e+001  2.668347e+001  1.335217e+002  1.371383e-001  3.697998e+001  2.688872e-001  2.768040e+001  2.663789e+000  2.867582e+000  2.666810e+000  2.864332e+000  1.536589e-001  3.407193e+001
        35  6.309500e+001  1.820955e-001 -6.942725e+001  3.317499e+001 -5.084760e+001  2.788340e+001  1.302574e+002  4.091680e-002 -1.285046e+001  3.387012e-001 -6.070938e+001  3.615826e+001 -5.301586e+001  2.485710e+001  1.305998e+002  1.482498e-001 -1.593624e+001  3.266092e-001  2.882588e+001  3.292442e+000  2.609477e+000  2.729855e+000  3.147750e+000  1.600409e-001  3.266783e+001
        35  6.309500e+001  2.061523e-001 -7.067327e+001  3.298895e+001 -5.131649e+001  2.761444e+001  1.305205e+002  4.200332e-002 -4.674289e+000  3.387012e-001 -6.070938e+001  3.615826e+001 -5.301586e+001  2.485710e+001  1.305998e+002  1.482498e-001 -1.593624e+001  3.266092e-001  2.882588e+001  3.292442e+000  2.609477e+000  2.729855e+000  3.147750e+000  1.600409e-001  3.266783e+001
        35  1.000000e+002  1.952809e-001 -6.395568e+001  3.523733e+001 -5.188689e+001  2.918907e+001  1.290636e+002  3.352606e-002 -2.563556e+001  3.660872e-001 -5.659595e+001  3.443606e+001 -5.463080e+001  2.668160e+001  1.290242e+002  1.387845e-002 -3.102580e+001  3.420288e-001  2.784889e+001  3.230825e+000  2.688760e+000  2.843889e+000  3.054915e+000  2.757004e-002  8.334799e+001
        35  1.000000e+002  2.167919e-001 -6.401362e+001  3.533215e+001 -5.223821e+001  2.887296e+001  1.292445e+002  3.031617e-002 -2.116746e+001  3.660872e-001 -5.659595e+001  3.443606e+001 -5.463080e+001  2.668160e+001  1.290242e+002  1.387845e-002 -3.102580e+001  3.420288e-001  2.784889e+001  3.230825e+000  2.688760e+000  2.843889e+000  3.054915e+000  2.757004e-002  8.334799e+001
        35  1.584800e+002  2.086753e-001 -6.131028e+001  3.757531e+001 -5.327431e+001  3.087367e+001  1.276129e+002  3.135524e-002 -3.599489e+001  3.442938e-001 -5.291479e+001  3.704120e+001 -5.510893e+001  2.913633e+001  1.264492e+002  2.224836e-002 -3.046428e+001  3.326469e-001  2.888714e+001  3.488188e+000  2.698783e+000  3.093676e+000  3.043244e+000  4.015173e-002  6.446902e+001
        35  1.584800e+002  2.279319e-001 -6.080086e+001  3.782416e+001 -5.343339e+001  3.054660e+001  1.277867e+002  2.788567e-002 -3.442179e+001  3.442938e-001 -5.291479e+001  3.704120e+001 -5.510893e+001  2.913633e+001  1.264492e+002  2.224836e-002 -3.046428e+001  3.326469e-001  2.888714e+001  3.488188e+000  2.698783e+000  3.093676e+000  3.043244e+000  4.015173e-002  6.446902e+001
        35  2.511800e+002  2.228971e-001 -6.114026e+001  4.068210e+001 -5.511638e+001  3.313715e+001  1.258025e+002  3.341857e-002 -4.382629e+001  4.188509e-001 -3.954188e+001  4.262535e+001 -5.541465e+001  3.316456e+001  1.236659e+002  2.595369e-002 -5.211661e+001  3.990933e-001  2.845149e+001  4.003176e+000  2.691467e+000  3.531082e+000  3.051628e+000  4.655255e-002  6.374560e+001
        35  2.511800e+002  2.400080e-001 -6.016041e+001  4.096725e+001 -5.508933e+001  3.276652e+001  1.260347e+002  3.026451e-002 -4.432201e+001  4.188509e-001 -3.954188e+001  4.262535e+001 -5.541465e+001  3.316456e+001  1.236659e+002  2.595369e-002 -5.211661e+001  3.990933e-001  2.845149e+001  4.003176e+000  2.691467e+000  3.531082e+000  3.051628e+000  4.655255e-002  6.374560e+001
        35  3.981000e+002  2.606773e-001 -6.190200e+001  4.529759e+001 -5.716203e+001  3.584392e+001  1.238828e+002  3.497457e-002 -4.977048e+001  3.006830e-001 -3.287386e+001  4.790664e+001 -5.523163e+001  3.840751e+001  1.228394e+002  6.350646e-002 -7.137885e+001  3.204892e-001  3.220400e+001  4.533249e+000  2.711869e+000  4.059007e+000  3.028995e+000  9.448235e-002  4.806298e+001
        35  3.981000e+002  2.465928e-001 -6.319740e+001  4.508179e+001 -5.735017e+001  3.634764e+001  1.235618e+002  3.716956e-002 -4.821369e+001  3.006830e-001 -3.287386e+001  4.790664e+001 -5.523163e+001  3.840751e+001  1.228394e+002  6.350646e-002 -7.137885e+001  3.204892e-001  3.220400e+001  4.533249e+000  2.711869e+000  4.059007e+000  3.028995e+000  9.448235e-002  4.806298e+001
        35  6.309500e+002  2.842549e-001 -6.648080e+001  5.140931e+001 -5.989543e+001  4.117195e+001  1.209661e+002  4.218418e-002 -5.161053e+001  4.576368e-001 -4.450701e+001  5.402718e+001 -5.442368e+001  4.409884e+001  1.239277e+002  6.708750e-002 -8.925272e+001  4.525404e-001  2.963229e+001  5.135307e+000  2.724021e+000  4.639529e+000  3.015365e+000  1.019071e-001  4.942091e+001
        35  6.309500e+002  2.957607e-001 -6.500517e+001  5.142864e+001 -5.958027e+001  4.039431e+001  1.213573e+002  4.073372e-002 -5.349538e+001  4.576368e-001 -4.450701e+001  5.402718e+001 -5.442368e+001  4.409884e+001  1.239277e+002  6.708750e-002 -8.925272e+001  4.525404e-001  2.963229e+001  5.135307e+000  2.724021e+000  4.639529e+000  3.015365e+000  1.019071e-001  4.942091e+001
        36  3.981000e-002  1.044763e+001 -4.618794e+001  3.729611e+002 -2.028054e+001  3.411592e+003  1.349671e+002  1.302029e+001  1.452033e+002  1.590836e+001 -4.683020e+001  2.647001e+002 -2.049980e+001  3.206439e+003  1.349579e+002  1.355810e+001 -1.794855e+002  9.638933e+000  1.763499e+001  1.212772e+002  1.324316e+001  8.058976e+002  7.219370e+000  1.595014e+001  3.603040e+001
        36  6.309000e-002  1.169292e+001 -4.717329e+001  2.746648e+002 -2.044409e+001  3.718817e+003  1.351809e+002  1.362714e+001  1.540974e+002  1.161526e+001 -4.273066e+001  1.883599e+002 -2.178296e+001  2.479090e+003  1.361887e+002  8.554139e+000 -1.795830e+002  6.992589e+000  1.751819e+001  8.075717e+001  1.237853e+001  5.609659e+002  6.496325e+000  1.058858e+001  3.823701e+001
        36  1.000000e-001  1.283062e+001 -4.544621e+001  2.065164e+002 -2.132881e+001  3.849928e+003  1.379648e+002  1.053886e+001  1.684794e+002  9.158267e+000 -3.746778e+001  1.415636e+002 -2.353070e+001  2.070315e+003  1.376875e+002  5.392874e+000 -1.799113e+002  5.447757e+000  1.730288e+001  5.506508e+001  1.121487e+001  4.050009e+002  5.613155e+000  7.161393e+000  4.160322e+001
        36  1.584800e-001  1.329480e+001 -4.195456e+001  1.565548e+002 -2.307118e+001  3.677631e+003  1.411800e+002  5.034272e+000 -1.787372e+002  7.973148e+000 -3.140489e+001  1.140848e+002 -2.576724e+001  1.884681e+003  1.393491e+002  3.394726e+000  1.791429e+002  4.652147e+000  1.696206e+001  3.866922e+001  9.757339e+000  3.043821e+002  4.631769e+000  4.943609e+000  4.672993e+001
        36  2.511800e-001  1.280137e+001 -3.764978e+001  1.215359e+002 -2.608267e+001  3.348968e+003  1.437716e+002  1.394204e+000  1.746309e+002  7.716194e+000 -2.530995e+001  9.953964e+001 -2.842847e+001  1.863938e+003  1.410068e+002  2.133479e+000  1.766157e+002  4.387206e+000  1.651615e+001  2.802071e+001  8.091334e+000  2.373519e+002  3.650461e+000  3.479760e+000  5.463812e+001
        36  3.981000e-001  1.143228e+001 -3.354437e+001  9.895284e+001 -3.017749e+001  2.959784e+003  1.457974e+002  1.030828e+000  1.310141e+002  8.137434e+000 -2.011503e+001  9.378442e+001 -3.139356e+001  1.963538e+003  1.424938e+002  1.355847e+000  1.702347e+002  4.498087e+000  1.604441e+001  2.084845e+001  6.381666e+000  1.897563e+002  2.769612e+000  2.509262e+000  6.772095e+001
        36  6.309500e-001  9.706236e+000 -3.055338e+001  8.558499e+001 -3.502309e+001  2.551717e+003  1.470294e+002  2.412083e+000  1.167328e+002  8.929345e+000 -1.654768e+001  9.353412e+001 -3.457865e+001  2.122791e+003  1.437051e+002  9.561686e-001  1.556897e+002  4.819164e+000  1.565533e+001  2.041468e+001  6.265144e+000  1.523289e+002  2.056179e+000  1.969004e+000  1.800000e+002
        36  1.000000e+000  8.199747e+000 -2.871823e+001  7.989504e+001 -4.015973e+001  2.193290e+003  1.472301e+002  4.379111e+000  1.208181e+002  9.569164e+000 -1.505243e+001  9.505690e+001 -3.808593e+001  2.233902e+003  1.446252e+002  1.021889e+000  1.316434e+002  5.096439e+000  1.544391e+001  2.092947e+001  6.320457e+000  1.194856e+002  1.532484e+000  2.096221e+000  1.800000e+002
        36  1.584800e+000  7.150003e+000 -2.685495e+001  8.053396e+001 -4.459253e+001  1.928648e+003  1.468304e+002  6.502130e+000  1.314478e+002  9.353086e+000 -1.585002e+001  9.415616e+001 -4.228660e+001  2.155297e+003  1.453518e+002  1.852468e+000  1.105432e+002  4.998024e+000  1.549688e+001  2.059468e+001  6.278681e+000  9.853357e+001  1.309807e+000  3.245707e+000  6.116940e+001
        36  2.511800e+000  6.366905e+000 -2.301372e+001  8.497334e+001 -4.766284e+001  1.742594e+003  1.467335e+002  8.633774e+000  1.469453e+002  8.185656e+000 -1.767272e+001  9.113233e+001 -4.728299e+001  1.914801e+003  1.462341e+002  3.041265e+000  1.006111e+002  4.485715e+000  1.590234e+001  1.951128e+001  6.145239e+000  8.943577e+001  1.338196e+000  4.570254e+000  4.870953e+001
        36  3.981000e+000  5.424812e+000 -1.604478e+001  9.077647e+001 -4.961022e+001  1.581709e+003  1.476118e+002  1.072773e+001  1.678371e+002  6.840989e+000 -1.743803e+001  9.065504e+001 -5.196545e+001  1.731561e+003  1.476369e+002  4.369708e+000  1.273768e+002  3.915673e+000  1.663012e+001  1.895228e+001  6.000068e+000  8.282936e+001  1.370505e+000  5.848913e+000  4.200972e+001
        36  6.309500e+000  4.132000e+000 -6.417591e+000  9.686546e+001 -5.109295e+001  1.394311e+003  1.493905e+002  1.284706e+001 -1.662041e+002  6.825235e+000 -1.381709e+001  8.727550e+001 -5.391686e+001  1.579201e+003  1.492335e+002  8.692897e+000  1.581119e+002  3.872038e+000  1.647853e+001  1.800031e+001  5.919064e+000  7.656891e+001  1.389154e+000  9.574245e+000  3.341461e+001
        36  6.309500e+000  4.055907e+000 -5.030145e+000  9.318649e+001 -5.125010e+001  1.417862e+003  1.488916e+002  1.127945e+001 -1.704538e+002  6.825235e+000 -1.381709e+001  8.727550e+001 -5.391686e+001  1.579201e+003  1.492335e+002  8.692897e+000  1.581119e+002  3.872038e+000  1.647853e+001  1.800031e+001  5.919064e+000  7.656891e+001  1.389154e+000  9.574245e+000  3.341461e+001
        36  1.000000e+001  2.716491e+000  4.714662e+000  1.037756e+002 -5.268319e+001  1.166888e+003  1.512220e+002  1.536266e+001 -1.377197e+002  6.279624e+000 -1.091733e+001  8.592478e+001 -5.496336e+001  1.319676e+003  1.509949e+002  8.530851e+000 -1.797706e+002  3.623327e+000  1.676810e+001  1.700988e+001  5.680506e+000  6.666158e+001  1.447262e+000  9.025478e+000  3.193727e+001
        36  1.000000e+001  2.641654e+000  6.710262e+000  1.001186e+002 -5.290657e+001  1.192184e+003  1.508243e+002  1.301889e+001 -1.421171e+002  6.279624e+000 -1.091733e+001  8.592478e+001 -5.496336e+001  1.319676e+003  1.509949e+002  8.530851e+000 -1.797706e+002  3.623327e+000  1.676810e+001  1.700988e+001  5.680506e+000  6.666158e+001  1.447262e+000  9.025478e+000  3.193727e+001
        36  1.584800e+001  1.455947e+000  1.892686e+001  1.098065e+002 -5.485313e+001  9.583813e+002  1.515705e+002  1.503455e+001 -1.139623e+002  3.691647e+000 -1.105402e+001  1.082730e+002 -5.825509e+001  1.085809e+003  1.526807e+002  1.003018e+001 -1.445033e+002  2.577328e+000  2.043079e+001  1.926824e+001  5.104922e+000  6.101810e+001  1.610108e+000  9.705959e+000  2.893634e+001
        36  1.584800e+001  1.519137e+000  1.622212e+001  1.136263e+002 -5.457343e+001  9.327716e+002  1.518956e+002  1.841013e+001 -1.102540e+002  3.691647e+000 -1.105402e+001  1.082730e+002 -5.825509e+001  1.085809e+003  1.526807e+002  1.003018e+001 -1.445033e+002  2.577328e+000  2.043079e+001  1.926824e+001  5.104922e+000  6.101810e+001  1.610108e+000  9.705959e+000  2.893634e+001
        36  2.511800e+001  6.853132e-001  3.049831e+001  1.251342e+002 -5.671113e+001  7.676577e+002  1.503680e+002  1.656297e+001 -8.918082e+001  2.063282e+000 -1.387962e+001  1.338016e+002 -6.020141e+001  8.925898e+002  1.529605e+002  1.283033e+001 -1.160606e+002  1.756529e+000  2.519269e+001  2.150369e+001  4.609064e+000  5.554030e+001  1.782867e+000  1.111661e+001  2.567185e+001
        36  2.511800e+001  7.238523e-001  2.693783e+001  1.293025e+002 -5.631504e+001  7.401138e+002  1.505177e+002  2.096725e+001 -8.623873e+001  2.063282e+000 -1.387962e+001  1.338016e+002 -6.020141e+001  8.925898e+002  1.529605e+002  1.283033e+001 -1.160606e+002  1.756529e+000  2.519269e+001  2.150369e+001  4.609064e+000  5.554030e+001  1.782867e+000  1.111661e+001  2.567185e+001
        36  3.981000e+001  3.027798e-001  3.662918e+001  1.519903e+002 -5.706612e+001  6.173488e+002  1.472605e+002  2.150959e+001 -6.690482e+001  3.437918e+000 -1.618555e+001  1.560348e+002 -6.037321e+001  7.114497e+002  1.517610e+002  1.400122e+001 -8.853237e+001  2.677089e+000  2.291390e+001  2.280106e+001  4.189995e+000  4.868739e+001  1.960874e+000  1.121452e+001  2.360843e+001
        36  3.981000e+001  2.882657e-001  4.173925e+001  1.476482e+002 -5.765205e+001  6.452897e+002  1.476368e+002  1.663264e+001 -6.979968e+001  3.437918e+000 -1.618555e+001  1.560348e+002 -6.037321e+001  7.114497e+002  1.517610e+002  1.400122e+001 -8.853237e+001  2.677089e+000  2.291390e+001  2.280106e+001  4.189995e+000  4.868739e+001  1.960874e+000  1.121452e+001  2.360843e+001
        36  6.309500e+001  1.086978e-001  4.934115e+001  1.787386e+002 -5.636041e+001  5.590617e+002  1.436166e+002  1.996451e+001 -5.276684e+001  5.352980e+000 -9.883895e+000  2.001230e+002 -5.924786e+001  6.029260e+002  1.489462e+002  2.093477e+001 -6.988733e+001  3.970955e+000  2.177179e+001  2.636505e+001  3.776929e+000  4.576275e+001  2.174929e+000  1.454927e+001  2.033389e+001
        36  6.309500e+001  1.071050e-001  5.833974e+001  1.750101e+002 -5.714649e+001  5.788299e+002  1.447766e+002  1.556467e+001 -5.640001e+001  5.352980e+000 -9.883895e+000  2.001230e+002 -5.924786e+001  6.029260e+002  1.489462e+002  2.093477e+001 -6.988733e+001  3.970955e+000  2.177179e+001  2.636505e+001  3.776929e+000  4.576275e+001  2.174929e+000  1.454927e+001  2.033389e+001
        36  1.000000e+002  2.466432e-002  8.214425e+001  2.028598e+002 -5.458718e+001  5.364613e+002  1.410232e+002  1.769657e+001 -4.301516e+001  3.504127e-001  7.790000e+001  2.068454e+002 -5.560488e+001  4.955826e+002  1.448773e+002  1.758022e+001 -5.534415e+001  5.181548e-001  4.767602e+001  2.573393e+001  3.566427e+000  3.983283e+001  2.303216e+000  1.215250e+001  2.022026e+001
        36  1.000000e+002  2.992052e-002  9.933519e+001  2.008559e+002 -5.551615e+001  5.387760e+002  1.426901e+002  1.442923e+001 -4.738390e+001  3.504127e-001  7.790000e+001  2.068454e+002 -5.560488e+001  4.955826e+002  1.448773e+002  1.758022e+001 -5.534415e+001  5.181548e-001  4.767602e+001  2.573393e+001  3.566427e+000  3.983283e+001  2.303216e+000  1.215250e+001  2.022026e+001
        36  1.584800e+002  3.382089e-002 -1.768335e+002  2.197159e+002 -5.375164e+001  5.044941e+002  1.411683e+002  1.327818e+001 -3.988213e+001  4.308153e-002  1.019088e+002  2.526179e+002 -5.211545e+001  4.669409e+002  1.415777e+002  1.616628e+001 -3.791993e+001  1.130976e-001  1.800000e+002  2.945523e+001  3.342237e+000  4.004620e+001  2.457679e+000  1.124342e+001  2.034932e+001
        36  1.584800e+002  2.189957e-002  1.790888e+002  2.191188e+002 -5.276729e+001  5.218636e+002  1.396360e+002  1.538089e+001 -3.543971e+001  4.308153e-002  1.019088e+002  2.526179e+002 -5.211545e+001  4.669409e+002  1.415777e+002  1.616628e+001 -3.791993e+001  1.130976e-001  1.800000e+002  2.945523e+001  3.342237e+000  4.004620e+001  2.457679e+000  1.124342e+001  2.034932e+001
        36  2.511800e+002  1.240577e-001 -1.334228e+002  2.325242e+002 -5.276548e+001  4.712510e+002  1.394968e+002  1.142204e+001 -3.277904e+001  9.876510e-002  1.760931e+002  2.339477e+002 -5.017095e+001  4.345392e+002  1.383737e+002  1.088237e+001 -2.214723e+001  2.067109e-001  1.800000e+002  2.731167e+001  3.346333e+000  3.722232e+001  2.454709e+000  8.206671e+000  2.215186e+001
        36  2.511800e+002  1.183594e-001 -1.381227e+002  2.292150e+002 -5.180679e+001  5.023015e+002  1.387659e+002  1.268133e+001 -2.871413e+001  9.876510e-002  1.760931e+002  2.339477e+002 -5.017095e+001  4.345392e+002  1.383737e+002  1.088237e+001 -2.214723e+001  2.067109e-001  1.800000e+002  2.731167e+001  3.346333e+000  3.722232e+001  2.454709e+000  8.206671e+000  2.215186e+001
        36  3.981000e+002  3.377623e-001 -1.162266e+002  2.397321e+002 -5.187870e+001  4.790208e+002  1.375757e+002  9.658339e+000 -2.310787e+001  7.325819e-001 -1.433312e+002  2.185969e+002 -4.956005e+001  3.974183e+002  1.345059e+002  8.032619e+000 -4.305424e+000  9.134203e-001  3.856671e+001  2.538287e+001  3.328387e+000  3.422494e+001  2.467867e+000  6.391178e+000  2.344237e+001
        36  3.981000e+002  2.907179e-001 -1.087897e+002  2.455818e+002 -5.280556e+001  4.463496e+002  1.370606e+002  8.802170e+000 -2.698362e+001  7.325819e-001 -1.433312e+002  2.185969e+002 -4.956005e+001  3.974183e+002  1.345059e+002  8.032619e+000 -4.305424e+000  9.134203e-001  3.856671e+001  2.538287e+001  3.328387e+000  3.422494e+001  2.467867e+000  6.391178e+000  2.344237e+001
        36  6.309500e+002  4.932896e-001 -8.949626e+001  2.651807e+002 -5.336787e+001  4.424296e+002  1.339649e+002  6.023460e+000 -2.468849e+001  4.647567e+000 -1.507420e+002  2.415349e+002 -5.259106e+001  4.050832e+002  1.297688e+002  7.437178e+000 -3.005700e+000  3.743548e+000  2.374976e+001  2.859872e+001  3.394012e+000  3.559637e+001  2.518222e+000  6.061335e+000  2.404803e+001
        36  6.309500e+002  6.714989e-001 -9.798932e+001  2.564326e+002 -5.246450e+001  4.640225e+002  1.356109e+002  6.712692e+000 -1.945842e+001  4.647567e+000 -1.507420e+002  2.415349e+002 -5.259106e+001  4.050832e+002  1.297688e+002  7.437178e+000 -3.005700e+000  3.743548e+000  2.374976e+001  2.859872e+001  3.394012e+000  3.559637e+001  2.518222e+000  6.061335e+000  2.404803e+001
        36  1.000000e+003  6.662783e-001 -7.318283e+001  2.923764e+002 -5.369800e+001  4.649470e+002  1.312062e+002  3.999222e+000 -2.942599e+001  4.874459e+000  1.543440e+002  3.263522e+002 -6.046205e+001  4.778570e+002  1.224628e+002  1.087447e+001 -2.553926e+001  4.182988e+000  2.540868e+001  3.589963e+001  3.152936e+000  4.344058e+001  2.605193e+000  8.399086e+000  2.271725e+001
        36  1.000000e+003  1.021120e+000 -8.138646e+001  2.802544e+002 -5.280416e+001  4.687861e+002  1.333488e+002  4.287698e+000 -2.002276e+001  4.874459e+000  1.543440e+002  3.263522e+002 -6.046205e+001  4.778570e+002  1.224628e+002  1.087447e+001 -2.553926e+001  4.182988e+000  2.540868e+001  3.589963e+001  3.152936e+000  4.344058e+001  2.605193e+000  8.399086e+000  2.271725e+001
        37  2.511800e+000  2.644742e+001 -3.448663e+001  1.677855e+002 -5.066263e+001  4.105645e+002  1.384302e+002  1.023525e+000  1.158746e+002  3.772380e+001 -2.332484e+001  1.737524e+002 -5.104188e+001  4.099761e+002  1.376752e+002  1.986887e+000  7.219948e+001  1.657910e+001  1.269395e+001  2.153450e+001  3.552835e+000  3.307872e+001  2.312069e+000  2.259120e+000  3.464620e+001
        37  3.981000e+000  2.539881e+001 -3.392316e+001  1.843660e+002 -5.242999e+001  4.164652e+002  1.362604e+002  1.246199e+000  1.315272e+002  2.811239e+001 -2.260281e+001  1.826944e+002 -5.307990e+001  4.347411e+002  1.354201e+002  3.431107e+000  1.293258e+002  1.346577e+001  1.385697e+001  2.269100e+001  3.560414e+000  3.500308e+001  2.307202e+000  3.453495e+000  3.021608e+001
        37  6.309500e+000  2.415084e+001 -3.077765e+001  2.045718e+002 -5.372506e+001  4.310150e+002  1.358006e+002  1.459156e+000  1.497904e+002  1.971101e+001 -2.260918e+001  2.033697e+002 -5.481310e+001  4.482177e+002  1.364263e+002  4.768517e+000  1.535457e+002  1.059805e+001  1.559500e+001  2.477895e+001  3.492676e+000  3.678615e+001  2.351851e+000  4.454217e+000  2.784260e+001
        37  6.309500e+000  2.379130e+001 -3.001298e+001  2.026029e+002 -5.381222e+001  4.255976e+002  1.362786e+002  1.858975e+000  1.540627e+002  1.971101e+001 -2.260918e+001  2.033697e+002 -5.481310e+001  4.482177e+002  1.364263e+002  4.768517e+000  1.535457e+002  1.059805e+001  1.559500e+001  2.477895e+001  3.492676e+000  3.678615e+001  2.351851e+000  4.454217e+000  2.784260e+001
        37  1.000000e+001  2.127966e+001 -2.547536e+001  2.294894e+002 -5.452573e+001  4.326482e+002  1.364654e+002  1.625627e+000  1.717551e+002  1.506590e+001 -2.300489e+001  2.349483e+002 -5.527265e+001  4.206639e+002  1.374594e+002  2.911166e+000  1.799144e+002  8.981895e+000  1.734274e+001  2.717717e+001  3.315637e+000  3.636517e+001  2.477299e+000  3.027985e+000  3.133655e+001
        37  1.000000e+001  2.037716e+001 -2.506321e+001  2.270916e+002 -5.457862e+001  4.246536e+002  1.367332e+002  2.018726e+000  1.755328e+002  1.506590e+001 -2.300489e+001  2.349483e+002 -5.527265e+001  4.206639e+002  1.374594e+002  2.911166e+000  1.799144e+002  8.981895e+000  1.734274e+001  2.717717e+001  3.315637e+000  3.636517e+001  2.477299e+000  3.027985e+000  3.133655e+001
        37  1.584800e+001  1.682442e+001 -1.952094e+001  2.584214e+002 -5.476971e+001  4.179669e+002  1.369211e+002  1.788220e+000 -1.636093e+002  1.242289e+001 -2.483086e+001  2.704272e+002 -5.512204e+001  4.062572e+002  1.369159e+002  3.095393e+000 -1.357946e+002  8.049818e+000  1.890448e+001  2.993979e+001  3.173315e+000  3.669646e+001  2.588591e+000  3.143131e+000  3.051150e+001
        37  1.584800e+001  1.581585e+001 -2.032114e+001  2.551862e+002 -5.488211e+001  4.091299e+002  1.368131e+002  2.094535e+000 -1.606623e+002  1.242289e+001 -2.483086e+001  2.704272e+002 -5.512204e+001  4.062572e+002  1.369159e+002  3.095393e+000 -1.357946e+002  8.049818e+000  1.890448e+001  2.993979e+001  3.173315e+000  3.669646e+001  2.588591e+000  3.143131e+000  3.051150e+001
        37  2.511800e+001  1.146692e+001 -1.683864e+001  2.866070e+002 -5.482124e+001  3.942689e+002  1.359080e+002  2.350985e+000 -1.373027e+002  1.098748e+001 -2.508118e+001  2.925465e+002 -5.426434e+001  3.986864e+002  1.355086e+002  5.336250e+000 -1.205388e+002  7.487773e+000  1.992203e+001  3.160949e+001  3.096896e+000  3.690080e+001  2.652480e+000  4.706429e+000  2.616684e+001
        37  2.511800e+001  1.196486e+001 -1.425780e+001  2.899090e+002 -5.455992e+001  3.994253e+002  1.364004e+002  2.107598e+000 -1.387035e+002  1.098748e+001 -2.508118e+001  2.925465e+002 -5.426434e+001  3.986864e+002  1.355086e+002  5.336250e+000 -1.205388e+002  7.487773e+000  1.992203e+001  3.160949e+001  3.096896e+000  3.690080e+001  2.652480e+000  4.706429e+000  2.616684e+001
        37  3.981000e+001  7.939800e+000 -1.469434e+001  3.212243e+002 -5.435141e+001  3.904056e+002  1.344715e+002  3.023642e+000 -1.155430e+002  1.043180e+001 -2.460518e+001  3.041155e+002 -5.361675e+001  3.969814e+002  1.342407e+002  6.662524e+000 -1.150620e+002  7.272059e+000  2.039881e+001  3.250674e+001  3.063618e+000  3.713978e+001  2.681145e+000  5.553345e+000  2.463019e+001
        37  3.981000e+001  7.711596e+000 -1.092802e+001  3.232906e+002 -5.398441e+001  3.894324e+002  1.350284e+002  2.727817e+000 -1.154151e+002  1.043180e+001 -2.460518e+001  3.041155e+002 -5.361675e+001  3.969814e+002  1.342407e+002  6.662524e+000 -1.150620e+002  7.272059e+000  2.039881e+001  3.250674e+001  3.063618e+000  3.713978e+001  2.681145e+000  5.553345e+000  2.463019e+001
        37  1.584800e+002  2.425423e+000 -2.866475e+001  4.067628e+002 -5.156378e+001  4.279213e+002  1.310850e+002  4.826487e+000 -6.176230e+001  3.864835e+000 -1.684832e+001  4.021838e+002 -5.402874e+001  3.887953e+002  1.337354e+002  3.571194e+000 -8.602190e+001  3.703218e+000  2.862607e+001  3.987906e+001  2.841784e+000  3.920966e+001  2.890340e+000  3.460713e+000  2.898179e+001
        37  1.584800e+002  2.149260e+000 -2.815614e+001  4.014453e+002 -5.123693e+001  4.224114e+002  1.310892e+002  4.122025e+000 -6.124007e+001  3.864835e+000 -1.684832e+001  4.021838e+002 -5.402874e+001  3.887953e+002  1.337354e+002  3.571194e+000 -8.602190e+001  3.703218e+000  2.862607e+001  3.987906e+001  2.841784e+000  3.920966e+001  2.890340e+000  3.460713e+000  2.898179e+001
        38  6.309500e+000  6.529022e-001 -1.252545e+002  4.474836e+001 -3.504735e+001  1.724525e+001  1.344926e+002  4.406183e-001 -2.078662e+001  2.719476e+001  1.659291e+002  4.673367e+001 -3.234624e+001  1.859103e+001  1.429505e+002  2.601098e-001 -2.067080e+001  9.341003e+000  9.889160e+000  6.299070e+000  3.864279e+000  2.387705e+000  3.681873e+000  2.268902e-001  2.585805e+001
        38  6.309500e+000  2.196524e+000 -1.568424e+002  4.770034e+001 -3.396540e+001  1.755639e+001  1.371405e+002  3.197455e-001 -2.413710e+001  2.719476e+001  1.659291e+002  4.673367e+001 -3.234624e+001  1.859103e+001  1.429505e+002  2.601098e-001 -2.067080e+001  9.341003e+000  9.889160e+000  6.299070e+000  3.864279e+000  2.387705e+000  3.681873e+000  2.268902e-001  2.585805e+001
        38  1.000000e+001  3.433963e-001 -1.043626e+002  3.876587e+001 -3.343769e+001  1.785328e+001  1.318837e+002  3.989056e-001 -1.587148e+001  1.890364e+001  1.747380e+002  3.983443e+001 -3.297260e+001  1.634861e+001  1.401501e+002  2.135261e-001 -1.017005e+001  6.832724e+000  1.041200e+001  4.719437e+000  3.396085e+000  2.240778e+000  3.929626e+000  1.894895e-001  2.634116e+001
        38  1.000000e+001  1.099138e+000 -1.494280e+002  4.100006e+001 -3.231546e+001  1.735062e+001  1.343088e+002  3.146808e-001 -2.058169e+001  1.890364e+001  1.747380e+002  3.983443e+001 -3.297260e+001  1.634861e+001  1.401501e+002  2.135261e-001 -1.017005e+001  6.832724e+000  1.041200e+001  4.719437e+000  3.396085e+000  2.240778e+000  3.929626e+000  1.894895e-001  2.634116e+001
        38  1.584800e+001  2.172948e-001 -8.483183e+001  3.258960e+001 -3.321852e+001  1.902344e+001  1.299247e+002  3.387378e-001 -4.130518e+000  1.207308e+001 -1.738334e+002  3.166979e+001 -3.407478e+001  1.524071e+001  1.357932e+002  1.258395e-001 -4.995520e+000  4.609450e+000  1.100519e+001  2.637770e+000  2.386767e+000  2.481222e+000  4.669108e+000  1.252378e-001  2.984196e+001
        38  1.584800e+001  6.165029e-001 -1.410541e+002  3.410453e+001 -3.191223e+001  1.782920e+001  1.314483e+002  2.856146e-001 -9.177271e+000  1.207308e+001 -1.738334e+002  3.166979e+001 -3.407478e+001  1.524071e+001  1.357932e+002  1.258395e-001 -4.995520e+000  4.609450e+000  1.100519e+001  2.637770e+000  2.386767e+000  2.481222e+000  4.669108e+000  1.252378e-001  2.984196e+001
        38  2.511800e+001  3.904246e-001 -1.250915e+002  2.826067e+001 -3.319263e+001  1.890482e+001  1.289373e+002  1.985777e-001  7.654845e+000  7.702253e+000 -1.630352e+002  2.723427e+001 -3.417161e+001  1.557513e+001  1.302563e+002  5.847641e-002 -7.040124e+000  3.168577e+000  1.186999e+001  2.368388e+000  2.492107e+000  2.168041e+000  3.990980e+000  7.086935e-002  3.729834e+001
        38  2.511800e+001  1.836487e-001 -6.335480e+001  2.749493e+001 -3.467730e+001  2.043366e+001  1.285775e+002  2.202344e-001  1.355616e+001  7.702253e+000 -1.630352e+002  2.723427e+001 -3.417161e+001  1.557513e+001  1.302563e+002  5.847641e-002 -7.040124e+000  3.168577e+000  1.186999e+001  2.368388e+000  2.492107e+000  2.168041e+000  3.990980e+000  7.086935e-002  3.729834e+001
        38  3.981000e+001  1.600013e-001 -3.601940e+001  2.396265e+001 -3.767656e+001  2.198049e+001  1.272338e+002  9.220045e-002  3.300314e+001  4.692380e+000 -1.555972e+002  2.409294e+001 -3.471472e+001  1.802802e+001  1.249318e+002  3.771187e-002 -3.785046e+001  2.119068e+000  1.304986e+001  2.240817e+000  2.665422e+000  1.938365e+000  3.081694e+000  5.290043e-002  4.453754e+001
        38  3.981000e+001  2.388718e-001 -9.866240e+001  2.408008e+001 -3.616640e+001  2.046108e+001  1.265248e+002  9.595883e-002  2.570481e+001  4.692380e+000 -1.555972e+002  2.409294e+001 -3.471472e+001  1.802802e+001  1.249318e+002  3.771187e-002 -3.785046e+001  2.119068e+000  1.304986e+001  2.240817e+000  2.665422e+000  1.938365e+000  3.081694e+000  5.290043e-002  4.453754e+001
        38  6.309500e+001  1.004866e-001 -4.957439e+000  2.222707e+001 -4.180123e+001  2.421451e+001  1.256804e+002  1.878070e-002  4.446768e+001  2.317120e+000 -1.421314e+002  2.123234e+001 -3.581848e+001  2.478137e+001  1.213103e+002  5.606253e-002 -7.561877e+001  1.209452e+000  1.512832e+001  2.206908e+000  2.979029e+000  2.384229e+000  2.757293e+000  7.711778e-002  4.345492e+001
        38  6.309500e+001  1.231583e-001 -6.521837e+001  2.173187e+001 -4.053496e+001  2.302606e+001  1.240480e+002  2.935709e-002  3.927416e+001  2.317120e+000 -1.421314e+002  2.123234e+001 -3.581848e+001  2.478137e+001  1.213103e+002  5.606253e-002 -7.561877e+001  1.209452e+000  1.512832e+001  2.206908e+000  2.979029e+000  2.384229e+000  2.757293e+000  7.711778e-002  4.345492e+001
        38  1.000000e+002  4.673653e-002 -3.282947e+001  2.134306e+001 -4.544149e+001  2.717968e+001  1.226169e+002  5.595354e-003  2.913425e+001  1.448362e+000 -1.042456e+002  1.594019e+001 -4.496966e+001  3.189394e+001  1.206220e+002  7.504525e-002 -1.027741e+002  7.914133e-001  1.585536e+001  1.895827e+000  3.409215e+000  2.681675e+000  2.409454e+000  1.022218e-001  4.292713e+001
        38  1.000000e+002  3.371381e-002  2.448118e+001  2.225047e+001 -4.586467e+001  2.747025e+001  1.248152e+002  3.896496e-003 -6.401068e+000  1.448362e+000 -1.042456e+002  1.594019e+001 -4.496966e+001  3.189394e+001  1.206220e+002  7.504525e-002 -1.027741e+002  7.914133e-001  1.585536e+001  1.895827e+000  3.409215e+000  2.681675e+000  2.409454e+000  1.022218e-001  4.292713e+001
        38  1.584800e+002  3.219236e-003  3.753497e+001  2.333279e+001 -4.904464e+001  3.085417e+001  1.248590e+002  1.279542e-002 -2.153349e+001  3.452386e-001 -7.548277e+001  1.890890e+001 -5.726424e+001  3.050166e+001  1.191382e+002  1.035341e-002 -6.934558e+001  2.817606e-001  2.408343e+001  2.130982e+000  3.230252e+000  2.706503e+000  2.542847e+000  2.288289e-002  1.800000e+002
        38  1.584800e+002  1.139903e-002 -1.736669e+001  2.264335e+001 -4.950144e+001  3.187567e+001  1.229345e+002  4.822263e-003 -1.024379e+001  3.452386e-001 -7.548277e+001  1.890890e+001 -5.726424e+001  3.050166e+001  1.191382e+002  1.035341e-002 -6.934558e+001  2.817606e-001  2.408343e+001  2.130982e+000  3.230252e+000  2.706503e+000  2.542847e+000  2.288289e-002  1.800000e+002
        38  2.511800e+002  1.163945e-003 -6.658683e+001  2.499810e+001 -5.163599e+001  3.383629e+001  1.247947e+002  1.826921e-002 -2.501279e+000  1.305188e-001 -4.505792e+001  2.601514e+001 -6.582942e+001  3.342532e+001  1.172279e+002  3.791361e-002 -5.438351e+001  1.471248e-001  3.430620e+001  2.769834e+000  3.051586e+000  3.139631e+000  2.691878e+000  6.197826e-002  5.482155e+001
        38  2.511800e+002  3.820172e-003 -3.960082e+001  2.483340e+001 -5.223158e+001  3.565424e+001  1.235828e+002  8.778063e-003 -8.806617e+000  1.305188e-001 -4.505792e+001  2.601514e+001 -6.582942e+001  3.342532e+001  1.172279e+002  3.791361e-002 -5.438351e+001  1.471248e-001  3.430620e+001  2.769834e+000  3.051586e+000  3.139631e+000  2.691878e+000  6.197826e-002  5.482155e+001
        38  3.981000e+002  4.512123e-003 -8.216186e+001  2.726868e+001 -5.398976e+001  3.700174e+001  1.240992e+002  1.886491e-002  1.787905e+001  8.257195e-002 -6.031414e+001  3.618411e+001 -6.865731e+001  4.082953e+001  1.177331e+002  2.321827e-002 -2.740041e+001  1.133425e-001  4.333993e+001  3.729261e+000  2.953860e+000  3.961421e+000  2.780608e+000  4.510637e-002  7.625313e+001
        38  3.981000e+002  4.136916e-003 -6.711581e+001  2.736403e+001 -5.431876e+001  3.918667e+001  1.233179e+002  1.200797e-002  6.799236e+000  8.257195e-002 -6.031414e+001  3.618411e+001 -6.865731e+001  4.082953e+001  1.177331e+002  2.321827e-002 -2.740041e+001  1.133425e-001  4.333993e+001  3.729261e+000  2.953860e+000  3.961421e+000  2.780608e+000  4.510637e-002  7.625313e+001
        38  6.309500e+002  7.079705e-003 -8.458567e+001  3.045572e+001 -5.643732e+001  4.361221e+001  1.223988e+002  1.669976e-002  2.558117e+001  1.389855e-001 -1.759902e+002  4.107542e+001 -6.491126e+001  4.982180e+001  1.172291e+002  7.637009e-003 -1.787633e+002  1.728775e-001  3.845693e+001  4.310585e+000  3.007782e+000  4.747390e+000  2.730817e+000  2.059074e-002  1.800000e+002
        38  6.309500e+002  9.211924e-003 -9.105679e+001  3.032271e+001 -5.627288e+001  4.094777e+001  1.228836e+002  2.172432e-002  3.649217e+001  1.389855e-001 -1.759902e+002  4.107542e+001 -6.491126e+001  4.982180e+001  1.172291e+002  7.637009e-003 -1.787633e+002  1.728775e-001  3.845693e+001  4.310585e+000  3.007782e+000  4.747390e+000  2.730817e+000  2.059074e-002  1.800000e+002
        38  1.000000e+003  1.387826e-002 -9.372951e+001  3.460430e+001 -5.864421e+001  4.927865e+001  1.211046e+002  2.698094e-002  4.635073e+001  1.357279e-001 -1.791880e+002  5.358503e+001 -6.322813e+001  6.099127e+001  1.176751e+002  1.331561e-002  1.398698e+002  1.815079e-001  4.196268e+001  5.534848e+000  2.960384e+000  5.904971e+000  2.774677e+000  3.286314e-002  1.800000e+002
        38  1.000000e+003  1.878606e-002 -9.592578e+001  3.443251e+001 -5.856754e+001  4.615100e+001  1.212469e+002  3.144489e-002  5.543272e+001  1.357279e-001 -1.791880e+002  5.358503e+001 -6.322813e+001  6.099127e+001  1.176751e+002  1.331561e-002  1.398698e+002  1.815079e-001  4.196268e+001  5.534848e+000  2.960384e+000  5.904971e+000  2.774677e+000  3.286314e-002  1.800000e+002
        39  6.309500e-001  6.323666e+000  1.559248e+002  3.072058e+001 -3.503892e+001  6.995781e+001  1.460180e+002  2.242578e+000 -6.301536e+000  8.735825e+000  1.476600e+002  2.635053e+001 -3.304318e+001  5.583560e+001  1.445951e+002  1.054125e+000 -2.155743e+001  3.453827e+000  1.140143e+001  4.405529e+000  4.795220e+000  1.102909e+001  5.667997e+000  8.531447e-001  2.387043e+001
        39  1.000000e+000  5.029447e+000  1.564056e+002  2.877000e+001 -4.035196e+001  6.111345e+001  1.451052e+002  1.527977e+000 -3.929999e+000  4.112420e+000  1.417150e+002  2.539330e+001 -4.302822e+001  4.417565e+001  1.438578e+002  4.506734e-001 -9.610670e-001  1.944825e+000  1.367755e+001  4.298656e+000  4.855413e+000  9.695596e+000  6.300279e+000  4.254192e-001  2.816301e+001
        39  1.584800e+000  4.123334e+000  1.566145e+002  2.951456e+001 -4.474455e+001  5.562332e+001  1.437229e+002  1.056292e+000 -6.241254e-001  2.343451e+000  1.411776e+002  2.952728e+001 -4.947080e+001  5.220428e+001  1.422396e+002  9.385613e-001 -8.693858e-001  1.324588e+000  1.641633e+001  4.343885e+000  4.218324e+000  6.324935e+000  3.473031e+000  7.689258e-001  2.418160e+001
        39  2.511800e+000  3.530539e+000  1.578014e+002  3.185548e+001 -4.716799e+001  5.259809e+001  1.429928e+002  7.191353e-001  4.901559e+000  4.836040e+000  1.478045e+002  3.539961e+001 -4.971018e+001  5.159961e+001  1.403396e+002  5.588245e-001 -1.653864e+000  2.386373e+000  1.428398e+001  4.649071e+000  3.765068e+000  4.696104e+000  2.608158e+000  5.196983e-001  2.770973e+001
        39  3.981000e+000  3.102826e+000  1.615269e+002  3.457842e+001 -4.779247e+001  4.994817e+001  1.435389e+002  4.646375e-001  1.202056e+001  5.742447e+000  1.563321e+002  3.962497e+001 -4.746891e+001  5.356240e+001  1.420101e+002  3.055510e-001  1.783778e+001  2.792096e+000  1.407018e+001  4.272616e+000  3.090496e+000  4.967517e+000  2.657833e+000  3.335438e-001  3.307984e+001
        39  6.309500e+000  2.668303e+000  1.690045e+002  3.707699e+001 -4.716698e+001  4.585685e+001  1.449592e+002  3.095886e-001  1.930625e+001  4.887826e+000  1.632955e+002  3.915159e+001 -4.488349e+001  5.116460e+001  1.436546e+002  2.341112e-001  4.253168e+001  2.466824e+000  1.461624e+001  4.186088e+000  3.064493e+000  4.785402e+000  2.680402e+000  2.700392e-001  3.522107e+001
        39  6.309500e+000  2.891857e+000  1.693491e+002  3.725520e+001 -4.759624e+001  4.580273e+001  1.447867e+002  2.578653e-001  2.221025e+001  4.887826e+000  1.632955e+002  3.915159e+001 -4.488349e+001  5.116460e+001  1.436546e+002  2.341112e-001  4.253168e+001  2.466824e+000  1.461624e+001  4.186088e+000  3.064493e+000  4.785402e+000  2.680402e+000  2.700392e-001  3.522107e+001
        39  1.000000e+001  2.237002e+000 -1.787518e+002  3.900469e+001 -4.530023e+001  4.013255e+001  1.458677e+002  2.168125e-001  3.577136e+001  3.526294e+000  1.724916e+002  3.565905e+001 -4.248411e+001  4.375746e+001  1.457795e+002  1.424483e-001  5.583420e+001  1.886472e+000  1.551476e+001  3.753030e+000  3.016516e+000  4.157414e+000  2.722872e+000  1.789048e-001  3.890008e+001
        39  1.000000e+001  2.123243e+000 -1.793658e+002  3.883910e+001 -4.545849e+001  4.020109e+001  1.461766e+002  2.506421e-001  2.974268e+001  3.526294e+000  1.724916e+002  3.565905e+001 -4.248411e+001  4.375746e+001  1.457795e+002  1.424483e-001  5.583420e+001  1.886472e+000  1.551476e+001  3.753030e+000  3.016516e+000  4.157414e+000  2.722872e+000  1.789048e-001  3.890008e+001
        39  1.584800e+001  1.506532e+000 -1.637641e+002  3.889090e+001 -4.302118e+001  3.426565e+001  1.462440e+002  2.444386e-001  4.741481e+001  2.311406e+000 -1.745207e+002  3.386438e+001 -4.135227e+001  3.710294e+001  1.464956e+002  6.570302e-002  7.169377e+001  1.356641e+000  1.706561e+001  3.464684e+000  2.932262e+000  3.626572e+000  2.801261e+000  9.608512e-002  4.698774e+001
        39  1.584800e+001  1.561637e+000 -1.636022e+002  3.843800e+001 -4.263469e+001  3.442977e+001  1.457540e+002  2.060110e-001  5.644006e+001  2.311406e+000 -1.745207e+002  3.386438e+001 -4.135227e+001  3.710294e+001  1.464956e+002  6.570302e-002  7.169377e+001  1.356641e+000  1.706561e+001  3.464684e+000  2.932262e+000  3.626572e+000  2.801261e+000  9.608512e-002  4.698774e+001
        39  2.511800e+001  9.956878e-001 -1.449797e+002  3.594198e+001 -4.065105e+001  2.991851e+001  1.443091e+002  2.055543e-001  8.052673e+001  1.701093e+000 -1.574641e+002  3.429354e+001 -4.128148e+001  3.376012e+001  1.455710e+002  8.402018e-002  8.818049e+001  1.081343e+000  1.853220e+001  3.415900e+000  2.854731e+000  3.389230e+000  2.877214e+000  1.128514e-001  4.218859e+001
        39  2.511800e+001  9.518462e-001 -1.446356e+002  3.681510e+001 -4.077827e+001  2.938453e+001  1.447996e+002  2.609933e-001  7.022124e+001  1.701093e+000 -1.574641e+002  3.429354e+001 -4.128148e+001  3.376012e+001  1.455710e+002  8.402018e-002  8.818049e+001  1.081343e+000  1.853220e+001  3.415900e+000  2.854731e+000  3.389230e+000  2.877214e+000  1.128514e-001  4.218859e+001
        39  3.981000e+001  5.626017e-001 -1.224344e+002  3.352825e+001 -3.971236e+001  2.618166e+001  1.422280e+002  2.810791e-001  9.368806e+001  1.025228e+000 -1.439670e+002  2.893108e+001 -4.160560e+001  2.770216e+001  1.433956e+002  1.229564e-001  9.354482e+001  7.088836e-001  2.022576e+001  2.861874e+000  2.835017e+000  2.800431e+000  2.897270e+000  1.429126e-001  3.553158e+001
        39  3.981000e+001  6.026786e-001 -1.226551e+002  3.276140e+001 -3.996723e+001  2.696676e+001  1.420738e+002  2.008451e-001  1.035949e+002  1.025228e+000 -1.439670e+002  2.893108e+001 -4.160560e+001  2.770216e+001  1.433956e+002  1.229564e-001  9.354482e+001  7.088836e-001  2.022576e+001  2.861874e+000  2.835017e+000  2.800431e+000  2.897270e+000  1.429126e-001  3.553158e+001
        39  6.309500e+001  3.355345e-001 -9.791993e+001  3.048323e+001 -4.009172e+001  2.446708e+001  1.392680e+002  2.829717e-001  1.147548e+002  6.579370e-001 -1.203393e+002  2.814146e+001 -4.301707e+001  2.643295e+001  1.402725e+002  2.193873e-001  1.059480e+002  5.047726e-001  2.255701e+001  2.770419e+000  2.821415e+000  2.685004e+000  2.911245e+000  2.180574e-001  2.979967e+001
        39  6.309500e+001  3.648512e-001 -9.712791e+001  3.004358e+001 -4.054252e+001  2.518823e+001  1.396601e+002  1.809430e-001  1.226201e+002  6.579370e-001 -1.203393e+002  2.814146e+001 -4.301707e+001  2.643295e+001  1.402725e+002  2.193873e-001  1.059480e+002  5.047726e-001  2.255701e+001  2.770419e+000  2.821415e+000  2.685004e+000  2.911245e+000  2.180574e-001  2.979967e+001
        39  1.000000e+002  2.090339e-001 -7.323296e+001  2.833315e+001 -4.141057e+001  2.383202e+001  1.363182e+002  2.569154e-001  1.323570e+002  5.977057e-001 -9.290613e+001  2.874110e+001 -4.507530e+001  2.500817e+001  1.380267e+002  2.419710e-001  1.262768e+002  4.721899e-001  2.326610e+001  2.775849e+000  2.767924e+000  2.589317e+000  2.967496e+000  2.314538e-001  2.857231e+001
        39  1.000000e+002  2.219697e-001 -7.073337e+001  2.810574e+001 -4.186327e+001  2.414494e+001  1.371151e+002  1.530996e-001  1.364316e+002  5.977057e-001 -9.290613e+001  2.874110e+001 -4.507530e+001  2.500817e+001  1.380267e+002  2.419710e-001  1.262768e+002  4.721899e-001  2.326610e+001  2.775849e+000  2.767924e+000  2.589317e+000  2.967496e+000  2.314538e-001  2.857231e+001
        39  1.584800e+002  1.282400e-001 -5.183387e+001  2.692063e+001 -4.332091e+001  2.415799e+001  1.335612e+002  2.078990e-001  1.467969e+002  5.063858e-001 -6.716236e+001  2.978585e+001 -4.614799e+001  2.430903e+001  1.357271e+002  2.211708e-001  1.437912e+002  4.207225e-001  2.454558e+001  2.831032e+000  2.723899e+000  2.557547e+000  3.015429e+000  2.148333e-001  2.905657e+001
        39  1.584800e+002  1.238780e-001 -4.806387e+001  2.671548e+001 -4.386897e+001  2.395610e+001  1.342778e+002  1.287315e-001  1.471033e+002  5.063858e-001 -6.716236e+001  2.978585e+001 -4.614799e+001  2.430903e+001  1.357271e+002  2.211708e-001  1.437912e+002  4.207225e-001  2.454558e+001  2.831032e+000  2.723899e+000  2.557547e+000  3.015429e+000  2.148333e-001  2.905657e+001
        39  2.511800e+002  6.902761e-002 -3.826152e+001  2.642828e+001 -4.597896e+001  2.533355e+001  1.314187e+002  1.469209e-001  1.579098e+002  3.885542e-001 -4.499124e+001  3.133097e+001 -4.591021e+001  2.512956e+001  1.342831e+002  1.694880e-001  1.611337e+002  3.493119e-001  2.671175e+001  2.965019e+000  2.712117e+000  2.655418e+000  3.028608e+000  1.774273e-001  3.156204e+001
        39  2.511800e+002  5.634985e-002 -3.667035e+001  2.643022e+001 -4.686685e+001  2.487108e+001  1.316958e+002  1.017715e-001  1.574495e+002  3.885542e-001 -4.499124e+001  3.133097e+001 -4.591021e+001  2.512956e+001  1.342831e+002  1.694880e-001  1.611337e+002  3.493119e-001  2.671175e+001  2.965019e+000  2.712117e+000  2.655418e+000  3.028608e+000  1.774273e-001  3.156204e+001
        39  3.981000e+002  3.360124e-002 -4.183302e+001  2.747914e+001 -4.863570e+001  2.684712e+001  1.299517e+002  9.431245e-002  1.637263e+002  2.515625e-001 -2.651585e+001  3.102331e+001 -4.513752e+001  2.575536e+001  1.339078e+002  1.087167e-001  1.767441e+002  2.514917e-001  2.999070e+001  2.961324e+000  2.735618e+000  2.698210e+000  3.002614e+000  1.279488e-001  3.604712e+001
        39  3.981000e+002  2.831991e-002 -5.030437e+001  2.797720e+001 -4.958072e+001  2.641784e+001  1.298805e+002  7.118849e-002  1.655660e+002  2.515625e-001 -2.651585e+001  3.102331e+001 -4.513752e+001  2.575536e+001  1.339078e+002  1.087167e-001  1.767441e+002  2.514917e-001  2.999070e+001  2.961324e+000  2.735618e+000  2.698210e+000  3.002614e+000  1.279488e-001  3.604712e+001
        39  6.309500e+002  4.039043e-002 -6.995601e+001  3.013588e+001 -5.106868e+001  2.816874e+001  1.283429e+002  5.162413e-002  1.696268e+002  1.464682e-001 -7.729763e+000  3.048993e+001 -4.584517e+001  2.629422e+001  1.343407e+002  8.039096e-002 -1.545016e+002  1.669076e-001  3.473449e+001  2.938247e+000  2.761803e+000  2.728603e+000  2.974183e+000  1.025643e-001  3.963609e+001
        39  6.309500e+002  3.166163e-002 -6.329846e+001  2.933647e+001 -5.027682e+001  2.852031e+001  1.285933e+002  6.521118e-002  1.642021e+002  1.464682e-001 -7.729763e+000  3.048993e+001 -4.584517e+001  2.629422e+001  1.343407e+002  8.039096e-002 -1.545016e+002  1.669076e-001  3.473449e+001  2.938247e+000  2.761803e+000  2.728603e+000  2.974183e+000  1.025643e-001  3.963609e+001
        39  1.000000e+003  7.086867e-002 -7.209964e+001  3.225243e+001 -5.247029e+001  3.039298e+001  1.266989e+002  4.477585e-002  1.751753e+002  1.219429e-001  7.885236e+000  3.116322e+001 -4.578248e+001  2.702002e+001  1.316000e+002  6.175439e-002 -1.270520e+002  1.462637e-001  3.684998e+001  3.007139e+000  2.765492e+000  2.800110e+000  2.970138e+000  8.473309e-002  4.331816e+001
        39  1.000000e+003  5.501134e-002 -7.241503e+001  3.121775e+001 -5.165728e+001  3.066638e+001  1.271469e+002  5.438160e-002  1.649485e+002  1.219429e-001  7.885236e+000  3.116322e+001 -4.578248e+001  2.702002e+001  1.316000e+002  6.175439e-002 -1.270520e+002  1.462637e-001  3.684998e+001  3.007139e+000  2.765492e+000  2.800110e+000  2.970138e+000  8.473309e-002  4.331816e+001
        40  1.584800e+000  4.650470e+000  1.763543e+002  5.039526e+001 -3.893369e+001  2.435775e+001  1.410259e+002  5.401340e-001 -1.598555e+001  4.711679e+000  1.200026e+002  5.193831e+001 -3.779141e+001  2.527208e+001  1.437068e+002  3.179752e+000 -9.316876e+000  2.575523e+000  1.586148e+001  1.344272e+001  7.435528e+000  3.921792e+000  4.450132e+000  1.601619e+000  1.458680e+001
        40  2.511800e+000  3.247963e+000 -1.791188e+002  5.000860e+001 -3.986338e+001  2.336243e+001  1.399002e+002  4.375609e-001 -1.598226e+001  8.955845e+000  1.662261e+002  5.420907e+001 -4.117787e+001  2.602564e+001  1.414351e+002  1.748217e+000  3.602192e+000  4.214214e+000  1.360797e+001  6.027228e+000  3.186854e+000  3.126659e+000  3.443763e+000  1.030184e+000  1.713586e+001
        40  3.981000e+000  2.385444e+000 -1.721434e+002  4.825755e+001 -3.977584e+001  2.259056e+001  1.394743e+002  3.729504e-001 -1.284679e+001  1.386520e+001 -1.726760e+002  5.107628e+001 -4.440140e+001  2.400763e+001  1.400208e+002  9.537880e-001  2.178431e+001  5.762510e+000  1.199374e+001  4.229049e+000  2.372686e+000  2.899397e+000  3.461907e+000  6.408972e-001  1.963182e+001
        40  6.309500e+000  2.729798e+000 -1.588666e+002  4.611211e+001 -4.103045e+001  2.202740e+001  1.404570e+002  5.775577e-001  3.346433e+000  8.713953e+000 -1.602932e+002  4.603973e+001 -4.364803e+001  2.110101e+001  1.409386e+002  5.423907e-001  3.180139e+001  3.963399e+000  1.314504e+001  3.788231e+000  2.357865e+000  2.564612e+000  3.484004e+000  4.063747e-001  2.200048e+001
        40  6.309500e+000  1.823667e+000 -1.598636e+002  4.564651e+001 -3.994955e+001  2.155189e+001  1.393472e+002  3.149609e-001 -4.706269e+000  8.713953e+000 -1.602932e+002  4.603973e+001 -4.364803e+001  2.110101e+001  1.409386e+002  5.423907e-001  3.180139e+001  3.963399e+000  1.314504e+001  3.788231e+000  2.357865e+000  2.564612e+000  3.484004e+000  4.063747e-001  2.200048e+001
        40  1.000000e+001  2.023128e+000 -1.376451e+002  4.525394e+001 -4.072791e+001  2.032129e+001  1.401591e+002  4.261103e-001  2.141482e+001  4.783261e+000 -1.408369e+002  4.079487e+001 -4.327221e+001  1.924314e+001  1.406405e+002  3.565205e-001  4.411418e+001  2.452257e+000  1.485285e+001  3.380803e+000  2.374823e+000  2.321962e+000  3.458880e+000  2.898996e-001  2.398942e+001
        40  1.000000e+001  1.388542e+000 -1.406716e+002  4.382003e+001 -4.038342e+001  2.033910e+001  1.388125e+002  2.392043e-001  9.546374e+000  4.783261e+000 -1.408369e+002  4.079487e+001 -4.327221e+001  1.924314e+001  1.406405e+002  3.565205e-001  4.411418e+001  2.452257e+000  1.485285e+001  3.380803e+000  2.374823e+000  2.321962e+000  3.458880e+000  2.898996e-001  2.398942e+001
        40  1.584800e+001  1.485737e+000 -1.120638e+002  4.363402e+001 -3.961016e+001  1.889948e+001  1.387744e+002  2.815469e-001  4.414347e+001  4.392656e+000 -1.166558e+002  3.984299e+001 -4.028620e+001  1.833085e+001  1.385111e+002  4.491979e-001  4.779222e+001  2.286941e+000  1.508870e+001  3.281395e+000  2.360054e+000  2.225737e+000  3.480576e+000  3.405938e-001  2.227876e+001
        40  1.584800e+001  1.042312e+000 -1.153085e+002  4.262917e+001 -4.013918e+001  1.940146e+001  1.376237e+002  1.466257e-001  2.989476e+001  4.392656e+000 -1.166558e+002  3.984299e+001 -4.028620e+001  1.833085e+001  1.385111e+002  4.491979e-001  4.779222e+001  2.286941e+000  1.508870e+001  3.281395e+000  2.360054e+000  2.225737e+000  3.480576e+000  3.405938e-001  2.227876e+001
        40  2.511800e+001  1.138194e+000 -8.471352e+001  4.034786e+001 -3.842689e+001  1.831329e+001  1.367769e+002  1.779165e-001  7.086896e+001  2.524856e+000 -7.541404e+001  3.752893e+001 -3.888063e+001  1.784079e+001  1.359257e+002  2.472108e-001  6.723442e+001  1.487279e+000  1.712921e+001  3.116212e+000  2.379460e+000  2.148577e+000  3.452171e+000  2.161564e-001  2.592475e+001
        40  2.511800e+001  7.870073e-001 -8.656779e+001  4.042052e+001 -3.916235e+001  1.905295e+001  1.361391e+002  6.636219e-002  5.651887e+001  2.524856e+000 -7.541404e+001  3.752893e+001 -3.888063e+001  1.784079e+001  1.359257e+002  2.472108e-001  6.723442e+001  1.487279e+000  1.712921e+001  3.116212e+000  2.379460e+000  2.148577e+000  3.452171e+000  2.161564e-001  2.592475e+001
        40  3.981000e+001  5.896628e-001 -5.793268e+001  3.681097e+001 -3.870428e+001  1.924041e+001  1.350691e+002  2.078600e-002  9.486147e+001  2.646414e+000 -3.475571e+001  3.914345e+001 -3.571019e+001  1.820986e+001  1.355510e+002  2.088174e-001  5.072686e+001  1.556965e+000  1.710748e+001  3.232749e+000  2.366623e+000  2.204935e+000  3.470943e+000  1.914385e-001  2.728309e+001
        40  3.981000e+001  9.025440e-001 -5.817515e+001  3.624932e+001 -3.832708e+001  1.846571e+001  1.352817e+002  1.164560e-001  1.005188e+002  2.646414e+000 -3.475571e+001  3.914345e+001 -3.571019e+001  1.820986e+001  1.355510e+002  2.088174e-001  5.072686e+001  1.556965e+000  1.710748e+001  3.232749e+000  2.366623e+000  2.204935e+000  3.470943e+000  1.914385e-001  2.728309e+001
        41  3.981000e-002  3.157936e+001 -4.558952e+001  8.533997e+001 -2.046984e+001  1.153699e+002  1.338031e+002  2.121686e+001  1.576571e+002  3.718841e+001 -4.333249e+001  6.562114e+001 -1.942198e+001  1.346088e+002  1.434238e+002  1.060917e+001  1.677277e+002  1.285825e+001  9.955297e+000  1.153359e+001  5.041664e+000  4.062948e+001  8.680066e+000  6.006944e+000  1.644539e+001
        41  6.309000e-002  3.475567e+001 -4.579708e+001  6.347094e+001 -2.041224e+001  1.273292e+002  1.337510e+002  1.657037e+001  1.584935e+002  2.398571e+001 -2.873309e+001  6.276866e+001 -1.822595e+001  1.018583e+002  1.453428e+002  1.657435e+001 -1.774336e+002  9.152075e+000  1.099842e+001  1.200451e+001  5.487297e+000  3.584045e+001  1.013295e+001  7.828882e+000  1.366088e+001
        41  2.511800e-001  3.349994e+001 -3.729640e+001  2.683710e+001 -2.552425e+001  1.216877e+002  1.416145e+002  6.218332e+000  1.553828e+002  3.540910e+001 -3.662663e+001  2.349958e+001 -2.590970e+001  1.096513e+002  1.420092e+002  6.726305e+000  1.658333e+002  9.587481e+000  7.780687e+000  5.299691e+000  6.474523e+000  1.376385e+001  3.598358e+000  4.054887e+000  1.754292e+001
        41  3.981000e-001  2.990221e+001 -3.485864e+001  2.169471e+001 -3.032543e+001  1.100858e+002  1.434480e+002  5.039542e+000  1.482042e+002  2.795542e+001 -2.708168e+001  1.893114e+001 -3.322841e+001  1.102217e+002  1.446731e+002  4.567158e+000  1.445154e+002  7.607684e+000  7.820391e+000  5.427061e+000  8.240984e+000  1.746413e+001  4.543889e+000  3.036891e+000  1.941879e+001
        41  1.000000e+000  2.263884e+001 -3.284887e+001  1.813054e+001 -4.130710e+001  8.655925e+001  1.445069e+002  4.968934e+000  1.365932e+002  2.668984e+001 -2.663671e+001  1.812254e+001 -4.549991e+001  8.108456e+001  1.456222e+002  5.531567e+000  1.246534e+002  7.268201e+000  7.825727e+000  3.293928e+000  5.214197e+000  7.815386e+000  2.762314e+000  3.247086e+000  1.706792e+001
        41  1.584800e+000  2.040026e+001 -3.244677e+001  1.884399e+001 -4.566964e+001  7.902894e+001  1.441820e+002  5.535891e+000  1.347742e+002  2.460766e+001 -3.055469e+001  1.947756e+001 -4.858621e+001  7.876836e+001  1.429151e+002  6.255918e+000  1.274437e+002  6.962895e+000  8.133391e+000  2.761999e+000  4.065802e+000  5.554337e+000  2.020519e+000  3.535358e+000  1.641312e+001
        41  2.511800e+000  1.880291e+001 -3.071385e+001  2.054146e+001 -4.809562e+001  7.391581e+001  1.445344e+002  6.193188e+000  1.362752e+002  2.427467e+001 -2.980513e+001  2.253584e+001 -4.970619e+001  6.986635e+001  1.429149e+002  6.790130e+000  1.337284e+002  7.148294e+000  8.466884e+000  2.990290e+000  3.804095e+000  5.265147e+000  2.159424e+000  3.648280e+000  1.558370e+001
        41  3.981000e+000  1.686345e+001 -2.694469e+001  2.249755e+001 -4.863188e+001  6.847199e+001  1.461069e+002  6.598110e+000  1.408684e+002  2.073340e+001 -2.755878e+001  2.467418e+001 -4.733410e+001  6.705740e+001  1.432726e+002  6.690381e+000  1.394628e+002  6.496671e+000  9.013757e+000  3.168134e+000  3.680886e+000  5.222827e+000  2.231831e+000  3.571250e+000  1.547955e+001
        41  6.309500e+000  1.400592e+001 -2.173402e+001  2.402334e+001 -4.789938e+001  6.055070e+001  1.484785e+002  6.379646e+000  1.478084e+002  1.600390e+001 -2.030796e+001  2.466774e+001 -4.563681e+001  6.164890e+001  1.479248e+002  6.985086e+000  1.492164e+002  5.349571e+000  9.621187e+000  3.101520e+000  3.604328e+000  4.903120e+000  2.279052e+000  3.611867e+000  1.498353e+001
        41  6.309500e+000  1.538359e+001 -2.250941e+001  2.367808e+001 -4.835171e+001  6.146659e+001  1.481618e+002  6.362244e+000  1.464560e+002  1.600390e+001 -2.030796e+001  2.466774e+001 -4.563681e+001  6.164890e+001  1.479248e+002  6.985086e+000  1.492164e+002  5.349571e+000  9.621187e+000  3.101520e+000  3.604328e+000  4.903120e+000  2.279052e+000  3.611867e+000  1.498353e+001
        41  1.000000e+001  1.177218e+001 -1.676894e+001  2.451726e+001 -4.727240e+001  5.101830e+001  1.503427e+002  5.537282e+000  1.538221e+002  1.209014e+001 -1.265515e+001  2.409495e+001 -4.443060e+001  5.281240e+001  1.506173e+002  5.737800e+000  1.561757e+002  4.309496e+000  1.026630e+001  2.931795e+000  3.487936e+000  4.340488e+000  2.355145e+000  2.998201e+000  1.514528e+001
        41  1.000000e+001  1.056425e+001 -1.626718e+001  2.471037e+001 -4.672178e+001  5.019747e+001  1.505630e+002  5.430400e+000  1.557882e+002  1.209014e+001 -1.265515e+001  2.409495e+001 -4.443060e+001  5.281240e+001  1.506173e+002  5.737800e+000  1.561757e+002  4.309496e+000  1.026630e+001  2.931795e+000  3.487936e+000  4.340488e+000  2.355145e+000  2.998201e+000  1.514528e+001
        41  1.584800e+001  8.150786e+000 -1.158152e+001  2.456195e+001 -4.645711e+001  3.998382e+001  1.507439e+002  4.264137e+000  1.609775e+002  7.982706e+000 -4.805555e+000  2.235368e+001 -4.434885e+001  4.186902e+001  1.528547e+002  4.224886e+000  1.638741e+002  3.097902e+000  1.118855e+001  2.615089e+000  3.353345e+000  3.578973e+000  2.449574e+000  2.248796e+000  1.543452e+001
        41  1.584800e+001  7.237559e+000 -1.160083e+001  2.458372e+001 -4.584447e+001  3.935124e+001  1.509618e+002  4.054295e+000  1.633889e+002  7.982706e+000 -4.805555e+000  2.235368e+001 -4.434885e+001  4.186902e+001  1.528547e+002  4.224886e+000  1.638741e+002  3.097902e+000  1.118855e+001  2.615089e+000  3.353345e+000  3.578973e+000  2.449574e+000  2.248796e+000  1.543452e+001
        41  2.511800e+001  4.507124e+000 -8.926777e+000  2.397985e+001 -4.573867e+001  3.050791e+001  1.483776e+002  2.687455e+000  1.694339e+002  4.765833e+000 -3.996830e-001  2.181774e+001 -4.637114e+001  3.300502e+001  1.485174e+002  3.013826e+000  1.642822e+002  2.091347e+000  1.267441e+001  2.419662e+000  3.178779e+000  2.976047e+000  2.584043e+000  1.644747e+000  1.583494e+001
        41  2.511800e+001  5.089488e+000 -8.226324e+000  2.413178e+001 -4.639235e+001  3.106804e+001  1.480902e+002  2.942626e+000  1.667999e+002  4.765833e+000 -3.996830e-001  2.181774e+001 -4.637114e+001  3.300502e+001  1.485174e+002  3.013826e+000  1.642822e+002  2.091347e+000  1.267441e+001  2.419662e+000  3.178779e+000  2.976047e+000  2.584043e+000  1.644747e+000  1.583494e+001
        41  3.981000e+001  2.600805e+000 -1.040675e+001  2.326122e+001 -4.671924e+001  2.535980e+001  1.426081e+002  1.600676e+000  1.728399e+002  2.259893e+000 -5.536044e+000  2.248834e+001 -4.962866e+001  2.529564e+001  1.435485e+002  2.070051e+000  1.626448e+002  1.204143e+000  1.545110e+001  2.315930e+000  2.951567e+000  2.456233e+000  2.782834e+000  1.161091e+000  1.628706e+001
        41  3.981000e+001  2.930143e+000 -8.864804e+000  2.358967e+001 -4.742110e+001  2.594945e+001  1.423194e+002  1.841529e+000  1.704056e+002  2.259893e+000 -5.536044e+000  2.248834e+001 -4.962866e+001  2.529564e+001  1.435485e+002  2.070051e+000  1.626448e+002  1.204143e+000  1.545110e+001  2.315930e+000  2.951567e+000  2.456233e+000  2.782834e+000  1.161091e+000  1.628706e+001
        41  6.309500e+001  1.552062e+000 -1.877842e+001  2.298172e+001 -4.912269e+001  2.419173e+001  1.354075e+002  8.595767e-001  1.714953e+002  1.405355e+000 -2.193652e+001  2.448354e+001 -5.207378e+001  2.546651e+001  1.336035e+002  1.549999e+000  1.608102e+002  8.613545e-001  1.784569e+001  2.472545e+000  2.894326e+000  2.521691e+000  2.837871e+000  9.361893e-001  1.757757e+001
        41  6.309500e+001  1.725372e+000 -1.594487e+001  2.355264e+001 -4.984340e+001  2.479670e+001  1.351924e+002  1.047608e+000  1.699537e+002  1.405355e+000 -2.193652e+001  2.448354e+001 -5.207378e+001  2.546651e+001  1.336035e+002  1.549999e+000  1.608102e+002  8.613545e-001  1.784569e+001  2.472545e+000  2.894326e+000  2.521691e+000  2.837871e+000  9.361893e-001  1.757757e+001
        41  1.000000e+002  1.203638e+000 -3.276635e+001  2.407684e+001 -5.266353e+001  2.642452e+001  1.293129e+002  4.624925e-001  1.603976e+002  1.306073e+000 -3.476692e+001  2.538697e+001 -5.466617e+001  2.640171e+001  1.285089e+002  1.194703e+000  1.591450e+002  8.227005e-001  1.835792e+001  2.563667e+000  2.894197e+000  2.614400e+000  2.837987e+000  7.770950e-001  1.897922e+001
        41  1.000000e+002  1.273676e+000 -2.849337e+001  2.496066e+001 -5.324803e+001  2.702073e+001  1.290673e+002  5.968374e-001  1.613805e+002  1.306073e+000 -3.476692e+001  2.538697e+001 -5.466617e+001  2.640171e+001  1.285089e+002  1.194703e+000  1.591450e+002  8.227005e-001  1.835792e+001  2.563667e+000  2.894197e+000  2.614400e+000  2.837987e+000  7.770950e-001  1.897922e+001
        41  1.584800e+002  1.298388e+000 -4.443466e+001  2.732787e+001 -5.596887e+001  3.122871e+001  1.258629e+002  3.827371e-001  1.403423e+002  1.537433e+000 -4.060909e+001  2.949181e+001 -5.668880e+001  3.107759e+001  1.243186e+002  9.555919e-001  1.574210e+002  9.652691e-001  1.829577e+001  2.988077e+000  2.903815e+000  3.067360e+000  2.828698e+000  6.846211e-001  2.099082e+001
        41  1.584800e+002  1.279025e+000 -3.965167e+001  2.852087e+001 -5.627222e+001  3.191554e+001  1.254020e+002  4.766186e-001  1.456151e+002  1.537433e+000 -4.060909e+001  2.949181e+001 -5.668880e+001  3.107759e+001  1.243186e+002  9.555919e-001  1.574210e+002  9.652691e-001  1.829577e+001  2.988077e+000  2.903815e+000  3.067360e+000  2.828698e+000  6.846211e-001  2.099082e+001
        41  2.511800e+002  1.579730e+000 -4.943452e+001  3.267398e+001 -5.764230e+001  3.724746e+001  1.252101e+002  5.071343e-001  1.278341e+002  1.739039e+000 -3.808385e+001  3.368302e+001 -5.773896e+001  3.635990e+001  1.231569e+002  7.723622e-001  1.558554e+002  1.094458e+000  1.834109e+001  3.433206e+000  2.921256e+000  3.567021e+000  2.811577e+000  6.069501e-001  2.313619e+001
        41  2.511800e+002  1.468228e+000 -4.472247e+001  3.407474e+001 -5.766602e+001  3.827318e+001  1.244646e+002  5.573073e-001  1.354265e+002  1.739039e+000 -3.808385e+001  3.368302e+001 -5.773896e+001  3.635990e+001  1.231569e+002  7.723622e-001  1.558554e+002  1.094458e+000  1.834109e+001  3.433206e+000  2.921256e+000  3.567021e+000  2.811577e+000  6.069501e-001  2.313619e+001
        41  3.981000e+002  1.611688e+000 -4.538964e+001  4.048321e+001 -5.737322e+001  4.419460e+001  1.252646e+002  6.524993e-001  1.331820e+002  1.746739e+000 -3.411020e+001  3.826403e+001 -5.771495e+001  4.139545e+001  1.229601e+002  6.159720e-001  1.545077e+002  1.133694e+000  1.893634e+001  3.902469e+000  2.923007e+000  4.059013e+000  2.810183e+000  5.290971e-001  2.543466e+001
        41  3.981000e+002  1.826060e+000 -5.007760e+001  3.904710e+001 -5.747567e+001  4.259250e+001  1.262676e+002  6.711320e-001  1.249186e+002  1.746739e+000 -3.411020e+001  3.826403e+001 -5.771495e+001  4.139545e+001  1.229601e+002  6.159720e-001  1.545077e+002  1.133694e+000  1.893634e+001  3.902469e+000  2.923007e+000  4.059013e+000  2.810183e+000  5.290971e-001  2.543466e+001
        41  6.309500e+002  1.970815e+000 -4.988290e+001  4.518906e+001 -5.630764e+001  4.649513e+001  1.275645e+002  7.958402e-001  1.245525e+002  1.738936e+000 -2.948696e+001  4.455355e+001 -5.703211e+001  4.942513e+001  1.235738e+002  5.148872e-001  1.531167e+002  1.173674e+000  1.972274e+001  4.572411e+000  2.941348e+000  4.815907e+000  2.792510e+000  4.834898e-001  2.800252e+001
        41  6.309500e+002  1.647862e+000 -4.536694e+001  4.662965e+001 -5.627212e+001  4.890068e+001  1.263202e+002  6.899922e-001  1.325383e+002  1.738936e+000 -2.948696e+001  4.455355e+001 -5.703211e+001  4.942513e+001  1.235738e+002  5.148872e-001  1.531167e+002  1.173674e+000  1.972274e+001  4.572411e+000  2.941348e+000  4.815907e+000  2.792510e+000  4.834898e-001  2.800252e+001
        42  3.981000e-002  1.080212e+001  1.418542e+002  1.193769e+002 -1.979789e+001  8.868083e+001  1.371144e+002  3.167770e+001 -1.124080e+001  1.429437e+001  1.514364e+002  1.166184e+002 -1.936838e+001  7.319504e+001  1.367571e+002  1.218008e+001  1.103839e+000  7.247478e+000  1.468520e+001  1.038008e+001  2.550761e+000  1.562943e+001  6.128902e+000  5.721080e+000  1.358301e+001
        42  6.309000e-002  1.095583e+001  1.437633e+002  8.605611e+001 -1.977474e+001  9.388537e+001  1.377356e+002  2.035669e+001 -8.612682e+000  1.229087e+001  1.514017e+002  9.038704e+001 -1.960988e+001  7.372110e+001  1.401206e+002  1.026964e+001 -9.039699e+000  6.072069e+000  1.430097e+001  8.589754e+000  2.723521e+000  2.067240e+001  8.059812e+000  5.042937e+000  1.421295e+001
        42  1.000000e-001  1.018512e+001  1.483656e+002  6.385847e+001 -2.096956e+001  9.339168e+001  1.406733e+002  1.323036e+001 -8.273109e+000  1.095587e+001  1.550234e+002  6.616552e+001 -1.944522e+001  8.075413e+001  1.424745e+002  9.368003e+000 -1.357546e+001  5.152446e+000  1.360020e+001  6.978073e+000  3.022720e+000  2.149050e+001  7.646528e+000  4.815507e+000  1.489325e+001
        42  1.584800e-001  8.431247e+000  1.528129e+002  4.858631e+001 -2.296136e+001  8.533634e+001  1.436207e+002  9.143956e+000 -8.719909e+000  9.474810e+000  1.575157e+002  4.756593e+001 -1.987873e+001  7.798249e+001  1.430769e+002  6.547994e+000 -1.063178e+001  4.254754e+000  1.297523e+001  6.139325e+000  3.700148e+000  1.356186e+001  4.988428e+000  3.649249e+000  1.617989e+001
        42  2.511800e-001  6.543717e+000  1.555375e+002  3.781503e+001 -2.579712e+001  7.446542e+001  1.454029e+002  6.520275e+000 -7.818376e+000  6.943182e+000  1.573622e+002  3.816913e+001 -2.098536e+001  7.160979e+001  1.436871e+002  4.601000e+000 -5.325952e+000  3.189439e+000  1.327831e+001  6.224555e+000  4.677040e+000  8.082763e+000  3.235273e+000  2.741584e+000  1.733353e+001
        42  3.981000e-001  4.962004e+000  1.565761e+002  3.037387e+001 -2.975003e+001  6.378580e+001  1.459914e+002  4.506520e+000 -5.812514e+000  4.977675e+000  1.548829e+002  3.042205e+001 -2.503041e+001  6.728757e+001  1.446032e+002  3.095028e+000 -7.348220e-001  2.347942e+000  1.364157e+001  4.526166e+000  4.266149e+000  5.709323e+000  2.431491e+000  2.005034e+000  1.889968e+001
        42  6.309500e-001  3.743791e+000  1.558239e+002  2.579609e+001 -3.502433e+001  5.449798e+001  1.451996e+002  3.034595e+000 -3.887715e+000  3.750040e+000  1.501014e+002  2.442296e+001 -3.289855e+001  6.090964e+001  1.444011e+002  1.961525e+000 -1.521613e+000  1.797172e+000  1.386413e+001  3.069165e+000  3.602473e+000  4.846900e+000  2.280265e+000  1.389130e+000  2.073795e+001
        42  1.000000e+000  2.932917e+000  1.529335e+002  2.407092e+001 -4.113972e+001  4.800381e+001  1.429624e+002  2.080512e+000 -1.634424e+000  3.123872e+000  1.465019e+002  2.331183e+001 -4.111012e+001  5.118996e+001  1.445090e+002  1.608020e+000 -8.174401e+000  1.548979e+000  1.435483e+001  2.837804e+000  3.489532e+000  4.205200e+000  2.354055e+000  1.145903e+000  2.087367e+001
        42  1.584800e+000  2.562904e+000  1.488603e+002  2.507303e+001 -4.652590e+001  4.506351e+001  1.401356e+002  1.453305e+000  3.271010e+000  3.164265e+000  1.466443e+002  2.643872e+001 -4.746207e+001  4.737261e+001  1.431983e+002  1.361140e+000 -1.289571e+001  1.613906e+000  1.477481e+001  3.058908e+000  3.316356e+000  4.094585e+000  2.476911e+000  9.918173e-001  2.136655e+001
        42  2.511800e+000  2.592974e+000  1.466731e+002  2.814662e+001 -4.971916e+001  4.499872e+001  1.381244e+002  9.201249e-001  1.315140e+001  3.444644e+000  1.508358e+002  3.143751e+001 -5.003637e+001  4.909493e+001  1.404523e+002  1.012434e+000 -1.157035e+001  1.796147e+000  1.511255e+001  3.514461e+000  3.204274e+000  4.391906e+000  2.563622e+000  8.015048e-001  2.331779e+001
        42  3.981000e+000  2.863551e+000  1.499059e+002  3.226952e+001 -5.034290e+001  4.601699e+001  1.377969e+002  4.084875e-001  2.610470e+001  3.570292e+000  1.596999e+002  3.568911e+001 -4.902408e+001  4.986193e+001  1.405708e+002  7.080617e-001 -8.817760e+000  1.904523e+000  1.546907e+001  3.880121e+000  3.116135e+000  4.586295e+000  2.635959e+000  6.153288e-001  2.575453e+001
        42  6.309500e+000  3.410069e+000  1.594985e+002  3.780445e+001 -4.776094e+001  4.674243e+001  1.391051e+002  4.723774e-002 -4.497652e+001  3.179425e+000  1.709004e+002  3.754139e+001 -4.658157e+001  4.783819e+001  1.422963e+002  4.749361e-001 -7.772116e+000  1.768145e+000  1.614449e+001  3.988682e+000  3.045203e+000  4.502582e+000  2.697367e+000  4.513871e-001  2.837291e+001
        42  6.309500e+000  3.051415e+000  1.601397e+002  3.610167e+001 -4.871165e+001  4.608525e+001  1.390185e+002  9.436080e-002  2.355728e+001  3.179425e+000  1.709004e+002  3.754139e+001 -4.658157e+001  4.783819e+001  1.422963e+002  4.749361e-001 -7.772116e+000  1.768145e+000  1.614449e+001  3.988682e+000  3.045203e+000  4.502582e+000  2.697367e+000  4.513871e-001  2.837291e+001
        42  1.000000e+001  2.993859e+000  1.762250e+002  3.763913e+001 -4.414082e+001  4.398652e+001  1.410310e+002  2.203172e-001 -4.230093e+001  2.408814e+000 -1.749269e+002  3.785481e+001 -4.382756e+001  4.285978e+001  1.438332e+002  4.603613e-001 -5.610925e+000  1.438823e+000  1.737702e+001  3.904798e+000  2.956398e+000  4.154923e+000  2.778279e+000  4.289945e-001  2.777058e+001
        42  1.000000e+001  2.829457e+000  1.764845e+002  3.793445e+001 -4.566312e+001  4.385339e+001  1.409148e+002  8.841395e-002 -1.897436e+001  2.408814e+000 -1.749269e+002  3.785481e+001 -4.382756e+001  4.285978e+001  1.438332e+002  4.603613e-001 -5.610925e+000  1.438823e+000  1.737702e+001  3.904798e+000  2.956398e+000  4.154923e+000  2.778279e+000  4.289945e-001  2.777058e+001
        42  1.584800e+001  2.309884e+000 -1.641802e+002  3.532185e+001 -4.197687e+001  3.958783e+001  1.420235e+002  3.857122e-001 -1.751931e+001  1.864846e+000 -1.572952e+002  3.734848e+001 -4.138548e+001  3.738666e+001  1.439576e+002  5.508191e-001  1.584345e+000  1.183527e+000  1.850127e+001  3.735799e+000  2.866714e+000  3.737708e+000  2.865249e+000  4.743026e-001  2.550203e+001
        42  1.584800e+001  2.256549e+000 -1.631379e+002  3.696765e+001 -4.262721e+001  3.957652e+001  1.421719e+002  2.402551e-001 -1.019757e+001  1.864846e+000 -1.572952e+002  3.734848e+001 -4.138548e+001  3.738666e+001  1.439576e+002  5.508191e-001  1.584345e+000  1.183527e+000  1.850127e+001  3.735799e+000  2.866714e+000  3.737708e+000  2.865249e+000  4.743026e-001  2.550203e+001
        42  2.511800e+001  1.673760e+000 -1.420477e+002  3.285756e+001 -4.118257e+001  3.537519e+001  1.415709e+002  4.930260e-001  1.128488e+001  1.368462e+000 -1.404678e+002  3.329506e+001 -4.027764e+001  3.225935e+001  1.420803e+002  5.812913e-001  2.087882e+001  9.117777e-001  1.945944e+001  3.303279e+000  2.843390e+000  3.251496e+000  2.888712e+000  4.759677e-001  2.416749e+001
        42  2.511800e+001  1.673789e+000 -1.401632e+002  3.425804e+001 -4.072312e+001  3.511473e+001  1.418734e+002  4.008663e-001  1.777531e+001  1.368462e+000 -1.404678e+002  3.329506e+001 -4.027764e+001  3.225935e+001  1.420803e+002  5.812913e-001  2.087882e+001  9.117777e-001  1.945944e+001  3.303279e+000  2.843390e+000  3.251496e+000  2.888712e+000  4.759677e-001  2.416749e+001
        42  3.981000e+001  1.233738e+000 -1.187891e+002  3.070009e+001 -4.116135e+001  3.244022e+001  1.400253e+002  5.875662e-001  4.156267e+001  1.145417e+000 -1.188662e+002  3.045882e+001 -4.082302e+001  3.052562e+001  1.389207e+002  6.385659e-001  4.881932e+001  7.803124e-001  1.991487e+001  3.047532e+000  2.867538e+000  3.050872e+000  2.864396e+000  5.037216e-001  2.322957e+001
        42  3.981000e+001  1.269682e+000 -1.160207e+002  3.118262e+001 -4.019605e+001  3.192942e+001  1.403014e+002  5.424326e-001  4.903371e+001  1.145417e+000 -1.188662e+002  3.045882e+001 -4.082302e+001  3.052562e+001  1.389207e+002  6.385659e-001  4.881932e+001  7.803124e-001  1.991487e+001  3.047532e+000  2.867538e+000  3.050872e+000  2.864396e+000  5.037216e-001  2.322957e+001
        42  6.309500e+001  9.967747e-001 -9.724185e+001  2.886379e+001 -4.184154e+001  3.081569e+001  1.381429e+002  6.857484e-001  7.090699e+001  1.156448e+000 -9.757453e+001  2.902169e+001 -4.241613e+001  3.095832e+001  1.358841e+002  8.591875e-001  7.583721e+001  7.765144e-001  1.961709e+001  2.949396e+000  2.912662e+000  3.046214e+000  2.820013e+000  6.315151e-001  2.156196e+001
        42  6.309500e+001  1.042269e+000 -9.344152e+001  2.852753e+001 -4.103793e+001  3.006110e+001  1.382143e+002  6.604257e-001  7.852912e+001  1.156448e+000 -9.757453e+001  2.902169e+001 -4.241613e+001  3.095832e+001  1.358841e+002  8.591875e-001  7.583721e+001  7.765144e-001  1.961709e+001  2.949396e+000  2.912662e+000  3.046214e+000  2.820013e+000  6.315151e-001  2.156196e+001
        42  1.000000e+002  8.932613e-001 -7.957773e+001  2.770775e+001 -4.321196e+001  2.992448e+001  1.362495e+002  7.327578e-001  9.692106e+001  1.141214e+000 -8.046431e+001  2.773546e+001 -4.374874e+001  3.024812e+001  1.341480e+002  9.010176e-001  9.793476e+001  7.601612e-001  1.945397e+001  2.834322e+000  2.928841e+000  2.959926e+000  2.804455e+000  6.506480e-001  2.116548e+001
        42  1.000000e+002  9.143604e-001 -7.464138e+001  2.700853e+001 -4.302099e+001  2.911755e+001  1.358616e+002  6.988001e-001  1.040944e+002  1.141214e+000 -8.046431e+001  2.773546e+001 -4.374874e+001  3.024812e+001  1.341480e+002  9.010176e-001  9.793476e+001  7.601612e-001  1.945397e+001  2.834322e+000  2.928841e+000  2.959926e+000  2.804455e+000  6.506480e-001  2.116548e+001
        42  1.584800e+002  8.374971e-001 -6.610809e+001  2.756689e+001 -4.465364e+001  2.970188e+001  1.340641e+002  6.628101e-001  1.171238e+002  1.150095e+000 -6.391587e+001  2.822203e+001 -4.484477e+001  3.202705e+001  1.331965e+002  8.916087e-001  1.187757e+002  7.679272e-001  1.950285e+001  2.912921e+000  2.958190e+000  3.103080e+000  2.776762e+000  6.548442e-001  2.154465e+001
        42  1.584800e+002  7.930330e-001 -6.053578e+001  2.695678e+001 -4.509591e+001  2.921111e+001  1.332125e+002  6.025111e-001  1.237912e+002  1.150095e+000 -6.391587e+001  2.822203e+001 -4.484477e+001  3.202705e+001  1.331965e+002  8.916087e-001  1.187757e+002  7.679272e-001  1.950285e+001  2.912921e+000  2.958190e+000  3.103080e+000  2.776762e+000  6.548442e-001  2.154465e+001
        42  2.511800e+002  7.698242e-001 -5.713976e+001  2.775563e+001 -4.540993e+001  3.056415e+001  1.319134e+002  5.275971e-001  1.285250e+002  1.025345e+000 -5.235045e+001  2.821913e+001 -4.494862e+001  3.341457e+001  1.335425e+002  7.480002e-001  1.332473e+002  7.045521e-001  2.009443e+001  2.943706e+000  2.989789e+000  3.203248e+000  2.747348e+000  5.801333e-001  2.281703e+001
        42  2.511800e+002  6.568130e-001 -5.311293e+001  2.747624e+001 -4.630097e+001  3.059455e+001  1.308881e+002  4.413393e-001  1.339013e+002  1.025345e+000 -5.235045e+001  2.821913e+001 -4.494862e+001  3.341457e+001  1.335425e+002  7.480002e-001  1.332473e+002  7.045521e-001  2.009443e+001  2.943706e+000  2.989789e+000  3.203248e+000  2.747348e+000  5.801333e-001  2.281703e+001
        42  3.981000e+002  7.152999e-001 -5.304598e+001  2.743198e+001 -4.628532e+001  3.200155e+001  1.302711e+002  4.471626e-001  1.319421e+002  8.853788e-001 -4.519737e+001  2.720890e+001 -4.482822e+001  3.401318e+001  1.348104e+002  5.682503e-001  1.417065e+002  6.253739e-001  2.068117e+001  2.877135e+000  3.030710e+000  3.216832e+000  2.710414e+000  4.741711e-001  2.465922e+001
        42  3.981000e+002  5.979300e-001 -5.226601e+001  2.763340e+001 -4.745486e+001  3.246470e+001  1.292784e+002  3.589223e-001  1.344383e+002  8.853788e-001 -4.519737e+001  2.720890e+001 -4.482822e+001  3.401318e+001  1.348104e+002  5.682503e-001  1.417065e+002  6.253739e-001  2.068117e+001  2.877135e+000  3.030710e+000  3.216832e+000  2.710414e+000  4.741711e-001  2.465922e+001
        42  6.309500e+002  6.178844e-001 -5.229072e+001  2.809685e+001 -4.937648e+001  3.444774e+001  1.275676e+002  3.502983e-001  1.340425e+002  7.493575e-001 -3.955715e+001  2.536407e+001 -4.561775e+001  3.375851e+001  1.361718e+002  3.942523e-001  1.450674e+002  5.422410e-001  2.121102e+001  2.724289e+000  3.078475e+000  3.142934e+000  2.668096e+000  3.597898e-001  2.714821e+001
        42  6.309500e+002  7.028360e-001 -5.156781e+001  2.735649e+001 -4.817439e+001  3.360509e+001  1.285619e+002  4.242481e-001  1.332211e+002  7.493575e-001 -3.955715e+001  2.536407e+001 -4.561775e+001  3.375851e+001  1.361718e+002  3.942523e-001  1.450674e+002  5.422410e-001  2.121102e+001  2.724289e+000  3.078475e+000  3.142934e+000  2.668096e+000  3.597898e-001  2.714821e+001
        42  1.000000e+003  7.081939e-001 -5.137300e+001  2.826718e+001 -5.060094e+001  3.589879e+001  1.264335e+002  4.104373e-001  1.341497e+002  6.429519e-001 -3.290564e+001  2.480705e+001 -4.677164e+001  3.166965e+001  1.371167e+002  2.368407e-001  1.467884e+002  4.807213e-001  2.195259e+001  2.636920e+000  3.046626e+000  2.979415e+000  2.696129e+000  2.416181e-001  3.066954e+001
        42  1.000000e+003  6.464639e-001 -5.221005e+001  2.943701e+001 -5.167788e+001  3.722786e+001  1.254409e+002  3.442037e-001  1.346551e+002  6.429519e-001 -3.290564e+001  2.480705e+001 -4.677164e+001  3.166965e+001  1.371167e+002  2.368407e-001  1.467884e+002  4.807213e-001  2.195259e+001  2.636920e+000  3.046626e+000  2.979415e+000  2.696129e+000  2.416181e-001  3.066954e+001
        43  6.309500e+000  2.473977e+000 -1.372636e+002  5.509868e+001 -3.990513e+001  4.161662e+001  1.445656e+002  1.964070e+000 -2.972906e+001  6.088550e+000  3.433709e+001  5.234159e+001 -4.336061e+001  3.798015e+001  1.336270e+002  3.040360e+000 -3.995483e+001  3.127682e+000  1.488321e+001  4.830905e+000  2.645018e+000  4.115129e+000  3.105504e+000  1.714765e+000  1.637963e+001
        43  6.309500e+000  2.430655e+000 -1.372440e+002  5.582591e+001 -4.045202e+001  3.974899e+001  1.432598e+002  2.482426e+000 -2.803985e+001  6.088550e+000  3.433709e+001  5.234159e+001 -4.336061e+001  3.798015e+001  1.336270e+002  3.040360e+000 -3.995483e+001  3.127682e+000  1.488321e+001  4.830905e+000  2.645018e+000  4.115129e+000  3.105504e+000  1.714765e+000  1.637963e+001
        43  1.000000e+001  8.395021e-001 -1.120989e+002  5.106943e+001 -3.867175e+001  3.736057e+001  1.394183e+002  1.665615e+000 -3.462300e+001  3.653171e+000  5.029378e+001  5.039857e+001 -4.012201e+001  3.721072e+001  1.279194e+002  3.216441e+000 -3.132601e+001  2.112152e+000  1.680316e+001  4.671723e+000  2.656483e+000  4.014227e+000  3.091985e+000  1.779605e+000  1.605989e+001
        43  1.000000e+001  7.582764e-001 -1.126287e+002  5.181089e+001 -3.888038e+001  3.670546e+001  1.378297e+002  2.086836e+000 -3.243194e+001  3.653171e+000  5.029378e+001  5.039857e+001 -4.012201e+001  3.721072e+001  1.279194e+002  3.216441e+000 -3.132601e+001  2.112152e+000  1.680316e+001  4.671723e+000  2.656483e+000  4.014227e+000  3.091985e+000  1.779605e+000  1.605989e+001
        43  1.584800e+001  9.906165e-002 -7.222700e+001  4.632323e+001 -3.872087e+001  3.816843e+001  1.326561e+002  1.958239e+000 -3.662476e+001  1.857081e+000  6.433494e+001  4.778169e+001 -3.939258e+001  4.143311e+001  1.264569e+002  3.205144e+000 -2.597213e+001  1.254740e+000  1.974447e+001  4.610846e+000  2.765543e+000  4.293620e+000  2.970047e+000  1.823231e+000  1.652434e+001
        43  1.584800e+001  1.425700e-001 -7.069037e+001  4.577042e+001 -3.860328e+001  3.787921e+001  1.340789e+002  1.570259e+000 -4.032301e+001  1.857081e+000  6.433494e+001  4.778169e+001 -3.939258e+001  4.143311e+001  1.264569e+002  3.205144e+000 -2.597213e+001  1.254740e+000  1.974447e+001  4.610846e+000  2.765543e+000  4.293620e+000  2.970047e+000  1.823231e+000  1.652434e+001
        43  2.511800e+001  4.704728e-002  3.477031e+001  4.150555e+001 -4.013327e+001  4.162958e+001  1.309319e+002  1.656447e+000 -4.404098e+001  6.930815e-001  8.729115e+001  4.646244e+001 -3.878360e+001  4.709078e+001  1.273540e+002  2.814250e+000 -1.936696e+001  5.949549e-001  2.541743e+001  4.661890e+000  2.875643e+000  4.693307e+000  2.856378e+000  1.707550e+000  1.766047e+001
        43  2.511800e+001  3.895011e-002  5.118160e+001  4.217171e+001 -4.018424e+001  4.272311e+001  1.297841e+002  1.948358e+000 -3.818279e+001  6.930815e-001  8.729115e+001  4.646244e+001 -3.878360e+001  4.709078e+001  1.273540e+002  2.814250e+000 -1.936696e+001  5.949549e-001  2.541743e+001  4.661890e+000  2.875643e+000  4.693307e+000  2.856378e+000  1.707550e+000  1.766047e+001
        43  3.981000e+001  1.388867e-001  9.569629e+001  4.016440e+001 -4.218991e+001  4.770253e+001  1.291198e+002  1.846004e+000 -3.756585e+001  3.468391e-001  9.436672e+001  4.521083e+001 -3.900112e+001  5.170502e+001  1.292337e+002  2.205403e+000 -1.203846e+001  3.515790e-001  3.045311e+001  4.675369e+000  2.963874e+000  4.999896e+000  2.771343e+000  1.455854e+000  1.927274e+001
        43  3.981000e+001  1.372218e-001  8.788746e+001  3.943461e+001 -4.245169e+001  4.570740e+001  1.298405e+002  1.743918e+000 -4.462013e+001  3.468391e-001  9.436672e+001  4.521083e+001 -3.900112e+001  5.170502e+001  1.292337e+002  2.205403e+000 -1.203846e+001  3.515790e-001  3.045311e+001  4.675369e+000  2.963874e+000  4.999896e+000  2.771343e+000  1.455854e+000  1.927274e+001
        43  6.309500e+001  1.994863e-001  1.072374e+002  3.901184e+001 -4.462189e+001  4.917651e+001  1.293408e+002  1.717805e+000 -4.472537e+001  2.270697e-001  8.043565e+001  4.373189e+001 -3.971502e+001  5.592249e+001  1.295986e+002  2.368262e+000 -5.727191e+000  2.537727e-001  3.397279e+001  4.650459e+000  3.047860e+000  5.258839e+000  2.694984e+000  1.566088e+000  1.930767e+001
        43  6.309500e+001  1.973339e-001  1.120851e+002  3.931402e+001 -4.399665e+001  5.165763e+001  1.293240e+002  1.616700e+000 -3.788074e+001  2.270697e-001  8.043565e+001  4.373189e+001 -3.971502e+001  5.592249e+001  1.295986e+002  2.368262e+000 -5.727191e+000  2.537727e-001  3.397279e+001  4.650459e+000  3.047860e+000  5.258839e+000  2.694984e+000  1.566088e+000  1.930767e+001
        43  2.511800e+002  2.913210e-001  1.263825e+002  4.264277e+001 -5.031941e+001  6.179707e+001  1.296725e+002  1.532811e+000 -4.835700e+001  3.216759e-001  9.356465e+001  3.938338e+001 -5.196679e+001  5.678346e+001  1.295008e+002  1.143463e+000 -5.603964e+001  3.209899e-001  2.992948e+001  4.315499e+000  3.140712e+000  5.181857e+000  2.615213e+000  9.106212e-001  2.346481e+001
        43  2.511800e+002  2.985334e-001  1.245494e+002  4.373882e+001 -4.983956e+001  6.162812e+001  1.292009e+002  1.887562e+000 -5.011257e+001  3.216759e-001  9.356465e+001  3.938338e+001 -5.196679e+001  5.678346e+001  1.295008e+002  1.143463e+000 -5.603964e+001  3.209899e-001  2.992948e+001  4.315499e+000  3.140712e+000  5.181857e+000  2.615213e+000  9.106212e-001  2.346481e+001
        43  3.981000e+002  2.821357e-001  1.306557e+002  4.675906e+001 -5.136247e+001  6.552822e+001  1.300953e+002  1.625117e+000 -4.947304e+001  1.808465e-001  1.128448e+002  4.408344e+001 -5.451582e+001  5.983908e+001  1.291119e+002  1.702099e+000 -5.710315e+001  2.143715e-001  3.634806e+001  4.758354e+000  3.093748e+000  5.543849e+000  2.655062e+000  1.243377e+000  2.142286e+001
        43  3.981000e+002  2.990101e-001  1.284360e+002  4.728936e+001 -5.034226e+001  6.559099e+001  1.298998e+002  2.014632e+000 -5.021282e+001  1.808465e-001  1.128448e+002  4.408344e+001 -5.451582e+001  5.983908e+001  1.291119e+002  1.702099e+000 -5.710315e+001  2.143715e-001  3.634806e+001  4.758354e+000  3.093748e+000  5.543849e+000  2.655062e+000  1.243377e+000  2.142286e+001
        43  6.309500e+002  2.507006e-001  1.297988e+002  5.120815e+001 -5.146547e+001  6.861175e+001  1.306211e+002  1.702104e+000 -5.096932e+001  1.187152e-001  1.285123e+002  5.317240e+001 -5.328395e+001  6.413025e+001  1.291567e+002  2.319159e+000 -5.013526e+001  1.638358e-001  4.363303e+001  5.572237e+000  3.003550e+000  6.119527e+000  2.734718e+000  1.595466e+000  2.011925e+001
        43  6.309500e+002  2.830570e-001  1.284718e+002  5.066552e+001 -5.022847e+001  6.859862e+001  1.306314e+002  2.105974e+000 -5.063850e+001  1.187152e-001  1.285123e+002  5.317240e+001 -5.328395e+001  6.413025e+001  1.291567e+002  2.319159e+000 -5.013526e+001  1.638358e-001  4.363303e+001  5.572237e+000  3.003550e+000  6.119527e+000  2.734718e+000  1.595466e+000  2.011925e+001
        44  6.309500e-001  2.625722e+001  1.616121e+002  5.434221e+001 -3.354172e+001  1.481904e+002  1.485379e+002  2.619344e+000 -5.523798e+000  3.404027e+001  1.619719e+002  4.060132e+001 -3.638130e+001  1.358573e+002  1.514864e+002  6.784019e+000 -4.456403e+000  1.067240e+001  9.018969e+000  7.521863e+000  5.314971e+000  2.668830e+001  5.636786e+000  4.305335e+000  1.850059e+001
        44  1.000000e+000  2.013765e+001  1.657959e+002  4.983543e+001 -3.832449e+001  1.255049e+002  1.492578e+002  1.753637e+000 -5.224359e-001  3.038944e+001  1.620596e+002  3.575862e+001 -4.248196e+001  1.246656e+002  1.512906e+002  2.375517e+000  1.140100e+001  9.495369e+000  8.988028e+000  5.496075e+000  4.407506e+000  1.699804e+001  3.909146e+000  1.918138e+000  2.381161e+001
        44  1.584800e+000  1.515397e+001  1.709191e+002  4.984614e+001 -4.230573e+001  1.070422e+002  1.494919e+002  1.126323e+000  5.400053e+000  2.384856e+001  1.662257e+002  3.862362e+001 -4.768792e+001  1.076463e+002  1.508788e+002  8.031198e-001  2.442421e+001  8.071188e+000  9.742328e+000  5.147686e+000  3.820970e+000  1.002160e+001  2.668010e+000  8.197657e-001  3.068803e+001
        44  2.511800e+000  1.102807e+001  1.778757e+002  5.233873e+001 -4.429547e+001  9.170380e+001  1.497351e+002  6.703902e-001  1.270571e+001  1.805770e+001  1.729212e+002  4.531856e+001 -4.966612e+001  9.171882e+001  1.504687e+002  3.050942e-001  2.697027e+001  6.818591e+000  1.088277e+001  5.405351e+000  3.418993e+000  7.689800e+000  2.402573e+000  3.811218e-001  3.865262e+001
        44  3.981000e+000  7.535217e+000 -1.727146e+002  5.466982e+001 -4.434997e+001  7.751509e+001  1.500364e+002  3.571710e-001  1.993489e+001  1.300614e+001 -1.777742e+002  5.113542e+001 -4.884903e+001  7.936262e+001  1.501349e+002  2.429640e-001  3.138013e+001  5.494299e+000  1.219383e+001  5.707470e+000  3.199190e+000  7.110345e+000  2.567513e+000  3.098773e-001  3.962069e+001
        44  6.309500e+000  4.691384e+000 -1.605408e+002  5.501303e+001 -4.340096e+001  6.384866e+001  1.497190e+002  1.862068e-001  2.483445e+001  8.978459e+000 -1.661243e+002  5.412029e+001 -4.680268e+001  6.680039e+001  1.504060e+002  1.950404e-001  2.611951e+001  4.220509e+000  1.359370e+001  5.704442e+000  3.020974e+000  6.337568e+000  2.718938e+000  2.517213e-001  4.018858e+001
        44  6.309500e+000  5.508076e+000 -1.624208e+002  5.545119e+001 -4.411798e+001  6.398412e+001  1.495277e+002  2.340516e-001  2.594368e+001  8.978459e+000 -1.661243e+002  5.412029e+001 -4.680268e+001  6.680039e+001  1.504060e+002  1.950404e-001  2.611951e+001  4.220509e+000  1.359370e+001  5.704442e+000  3.020974e+000  6.337568e+000  2.718938e+000  2.517213e-001  4.018858e+001
        44  1.000000e+001  2.603092e+000 -1.453843e+002  5.305154e+001 -4.252878e+001  5.215973e+001  1.477372e+002  1.141113e-001  3.030675e+001  5.038799e+000 -1.520528e+002  5.207674e+001 -4.548335e+001  5.168531e+001  1.495963e+002  1.031115e-001  2.087027e+001  2.710416e+000  1.560207e+001  5.756397e+000  3.168261e+000  5.178241e+000  2.871373e+000  1.463643e-001  4.521359e+001
        44  1.000000e+001  3.037589e+000 -1.475676e+002  5.375979e+001 -4.303675e+001  5.257273e+001  1.475954e+002  1.224183e-001  3.237092e+001  5.038799e+000 -1.520528e+002  5.207674e+001 -4.548335e+001  5.168531e+001  1.495963e+002  1.031115e-001  2.087027e+001  2.710416e+000  1.560207e+001  5.756397e+000  3.168261e+000  5.178241e+000  2.871373e+000  1.463643e-001  4.521359e+001
        44  1.584800e+001  1.471964e+000 -1.300021e+002  5.072698e+001 -4.316565e+001  4.488958e+001  1.437008e+002  7.638046e-002  4.012265e+001  2.391393e+000 -1.358549e+002  5.276202e+001 -4.452232e+001  4.329367e+001  1.451157e+002  8.287660e-002  2.462242e+001  1.554847e+000  1.897118e+001  5.710121e+000  3.101907e+000  4.548839e+000  3.011402e+000  1.188623e-001  4.581591e+001
        44  1.584800e+001  1.276616e+000 -1.267476e+002  4.990555e+001 -4.270079e+001  4.456472e+001  1.437270e+002  8.251486e-002  4.258653e+001  2.391393e+000 -1.358549e+002  5.276202e+001 -4.452232e+001  4.329367e+001  1.451157e+002  8.287660e-002  2.462242e+001  1.554847e+000  1.897118e+001  5.710121e+000  3.101907e+000  4.548839e+000  3.011402e+000  1.188623e-001  4.581591e+001
        44  2.511800e+001  5.497722e-001 -1.035266e+002  4.778940e+001 -4.424104e+001  4.181620e+001  1.387990e+002  6.547585e-002  6.302135e+001  8.460506e-001 -1.142766e+002  5.414388e+001 -4.469700e+001  4.328182e+001  1.381921e+002  1.229350e-001  4.913402e+001  7.178866e-001  2.510368e+001  5.119571e+000  2.709810e+000  4.577324e+000  3.031108e+000  1.597553e-001  4.052316e+001
        44  2.511800e+001  6.261014e-001 -1.087380e+002  4.903970e+001 -4.464491e+001  4.207325e+001  1.387005e+002  6.060150e-002  5.531205e+001  8.460506e-001 -1.142766e+002  5.414388e+001 -4.469700e+001  4.328182e+001  1.381921e+002  1.229350e-001  4.913402e+001  7.178866e-001  2.510368e+001  5.119571e+000  2.709810e+000  4.577324e+000  3.031108e+000  1.597553e-001  4.052316e+001
        44  3.981000e+001  2.319401e-001 -8.283125e+001  4.996524e+001 -4.622369e+001  4.368051e+001  1.346892e+002  5.401316e-002  8.039251e+001  2.853364e-001 -9.743509e+001  5.044398e+001 -4.479440e+001  4.318928e+001  1.354461e+002  9.650955e-002  7.369294e+001  3.121325e-001  3.315838e+001  4.852339e+000  2.756779e+000  4.489877e+000  2.979524e+000  1.331669e-001  4.362344e+001
        44  3.981000e+001  2.064201e-001 -7.477542e+001  4.828194e+001 -4.618473e+001  4.316079e+001  1.347785e+002  5.553692e-002  9.001441e+001  2.853364e-001 -9.743509e+001  5.044398e+001 -4.479440e+001  4.318928e+001  1.354461e+002  9.650955e-002  7.369294e+001  3.121325e-001  3.315838e+001  4.852339e+000  2.756779e+000  4.489877e+000  2.979524e+000  1.331669e-001  4.362344e+001
        44  6.309500e+001  6.970256e-002 -4.098968e+001  5.071362e+001 -4.718213e+001  4.674113e+001  1.329322e+002  4.598783e-002  1.204267e+002  1.093452e-001 -6.002961e+001  5.553282e+001 -4.633981e+001  4.991372e+001  1.323064e+002  7.916050e-002  1.185803e+002  1.557255e-001  4.540459e+001  5.407155e+000  2.790509e+000  5.126299e+000  2.943525e+000  1.190015e-001  4.873323e+001
        44  6.309500e+001  7.633567e-002 -5.252408e+001  5.222514e+001 -4.674822e+001  4.734191e+001  1.330576e+002  4.633060e-002  1.110177e+002  1.093452e-001 -6.002961e+001  5.553282e+001 -4.633981e+001  4.991372e+001  1.323064e+002  7.916050e-002  1.185803e+002  1.557255e-001  4.540459e+001  5.407155e+000  2.790509e+000  5.126299e+000  2.943525e+000  1.190015e-001  4.873323e+001
        44  1.000000e+002  2.511563e-002 -1.995766e+001  5.394453e+001 -4.644357e+001  5.029374e+001  1.332070e+002  3.438547e-002  1.419027e+002  4.371399e-002 -3.929510e+001  5.491338e+001 -4.637963e+001  4.895978e+001  1.335080e+002  3.951054e-002  1.468838e+002  7.807554e-002  6.325612e+001  5.336125e+000  2.784912e+000  5.038562e+000  2.949522e+000  7.032632e-002  6.286937e+001
        44  1.000000e+002  2.404879e-002 -5.026094e+000  5.309203e+001 -4.707978e+001  4.992265e+001  1.329934e+002  3.249824e-002  1.506114e+002  4.371399e-002 -3.929510e+001  5.491338e+001 -4.637963e+001  4.895978e+001  1.335080e+002  3.951054e-002  1.468838e+002  7.807554e-002  6.325612e+001  5.336125e+000  2.784912e+000  5.038562e+000  2.949522e+000  7.032632e-002  6.286937e+001
        44  1.584800e+002  1.035861e-002  2.943983e+001  5.438534e+001 -4.656467e+001  5.140241e+001  1.336990e+002  1.748681e-002  1.779262e+002  2.238405e-002 -7.951598e+000  5.723873e+001 -4.557830e+001  5.041277e+001  1.338191e+002  1.962153e-002  1.587165e+002  4.775255e-002  1.800000e+002  5.544960e+000  2.776330e+000  5.203837e+000  2.958481e+000  4.190922e-002  1.800000e+002
        44  1.584800e+002  1.010572e-002  1.283946e+001  5.463114e+001 -4.594707e+001  5.164556e+001  1.338949e+002  1.998449e-002  1.703047e+002  2.238405e-002 -7.951598e+000  5.723873e+001 -4.557830e+001  5.041277e+001  1.338191e+002  1.962153e-002  1.587165e+002  4.775255e-002  1.800000e+002  5.544960e+000  2.776330e+000  5.203837e+000  2.958481e+000  4.190922e-002  1.800000e+002
        44  2.511800e+002  5.317014e-003  4.457429e+001  5.445173e+001 -4.567940e+001  5.181340e+001  1.344986e+002  8.133961e-003 -1.664275e+002  1.898609e-002  2.788470e+001  5.797320e+001 -4.447307e+001  5.045119e+001  1.333283e+002  6.171585e-003  1.750532e+002  4.234052e-002  1.800000e+002  5.599349e+000  2.768037e+000  5.223476e+000  2.967392e+000  1.760522e-002  1.800000e+002
        44  2.511800e+002  5.979517e-003  5.989394e+001  5.467817e+001 -4.620423e+001  5.163813e+001  1.342559e+002  6.482691e-003 -1.608242e+002  1.898609e-002  2.788470e+001  5.797320e+001 -4.447307e+001  5.045119e+001  1.333283e+002  6.171585e-003  1.750532e+002  4.234052e-002  1.800000e+002  5.599349e+000  2.768037e+000  5.223476e+000  2.967392e+000  1.760522e-002  1.800000e+002
        44  3.981000e+002  4.213024e-003  8.190895e+001  5.456969e+001 -4.628303e+001  5.121274e+001  1.344387e+002  1.577055e-003 -1.538178e+002  3.078795e-002  4.523516e+001  5.832141e+001 -4.282028e+001  5.053993e+001  1.329870e+002  3.349671e-004 -1.743383e+002  6.093480e-002  8.172490e+001  5.627017e+000  2.765104e+000  5.238194e+000  2.970531e+000  1.980542e-003  1.800000e+002
        44  3.981000e+002  3.429680e-003  6.978160e+001  5.398569e+001 -4.590327e+001  5.115763e+001  1.347503e+002  2.122087e-003 -1.550150e+002  3.078795e-002  4.523516e+001  5.832141e+001 -4.282028e+001  5.053993e+001  1.329870e+002  3.349671e-004 -1.743383e+002  6.093480e-002  8.172490e+001  5.627017e+000  2.765104e+000  5.238194e+000  2.970531e+000  1.980542e-003  1.800000e+002
        44  6.309500e+002  3.012307e-003  8.446169e+001  5.390163e+001 -4.663272e+001  5.021722e+001  1.343415e+002  4.583799e-004 -1.707010e+002  6.438152e-002  5.666779e+001  5.531495e+001 -4.072655e+001  4.914957e+001  1.325897e+002  1.243079e-003  2.666287e+001  1.045688e-001  5.430187e+001  5.370435e+000  2.782469e+000  5.062302e+000  2.951978e+000  5.258698e-003  1.800000e+002
        44  6.309500e+002  3.833713e-003  9.259517e+001  5.468936e+001 -4.682177e+001  5.060059e+001  1.340648e+002  4.222252e-004 -1.760023e+002  6.438152e-002  5.666779e+001  5.531495e+001 -4.072655e+001  4.914957e+001  1.325897e+002  1.243079e-003  2.666287e+001  1.045688e-001  5.430187e+001  5.370435e+000  2.782469e+000  5.062302e+000  2.951978e+000  5.258698e-003  1.800000e+002
        45  1.000000e+000  5.450747e-002  1.147829e+002  2.466723e+001 -3.294650e+001  2.281987e+001  1.298481e+002  9.161278e-001 -7.136617e+000  3.267713e-002  1.586324e+002  2.516134e+001 -3.072010e+001  2.125821e+001  1.308990e+002  1.055765e+000  8.459330e+000  5.164059e-002  5.220084e+001  4.059763e+000  4.627343e+000  4.272769e+000  5.767787e+000  6.709379e-001  1.852688e+001
        45  1.584800e+000  6.359429e-002  1.139838e+002  2.241704e+001 -3.758991e+001  2.438937e+001  1.285469e+002  5.631088e-001 -8.067711e+000  5.355619e-002  1.373524e+002  2.321406e+001 -3.582487e+001  2.296731e+001  1.277128e+002  6.524445e-001 -5.272022e+000  7.331040e-002  4.319041e+001  3.866591e+000  4.777197e+000  2.725031e+000  3.401018e+000  4.767824e-001  2.143107e+001
        45  2.511800e+000  8.258908e-002  1.110019e+002  2.145657e+001 -4.183707e+001  2.653055e+001  1.277562e+002  3.212084e-001 -1.264638e+001  1.055409e-001  1.145286e+002  2.248466e+001 -4.038469e+001  2.734111e+001  1.269634e+002  4.430466e-001 -3.202956e+001  1.209650e-001  3.496472e+001  2.885527e+000  3.679000e+000  2.603543e+000  2.729012e+000  3.725247e-001  2.486064e+001
        45  3.981000e+000  1.193995e-001  1.111267e+002  2.136406e+001 -4.586676e+001  2.884100e+001  1.273029e+002  1.879925e-001 -2.681417e+001  2.053400e-001  1.151872e+002  2.181849e+001 -4.448328e+001  3.020264e+001  1.235044e+002  2.541320e-001 -3.330942e+001  1.977788e-001  2.878921e+001  3.051982e+000  4.010557e+000  2.784464e+000  2.642064e+000  2.517298e-001  2.968781e+001
        45  6.309500e+000  1.652494e-001  1.154484e+002  2.230202e+001 -4.988962e+001  3.151040e+001  1.268035e+002  1.870124e-001 -4.933845e+001  3.295692e-001  1.278917e+002  2.243767e+001 -4.805151e+001  3.226287e+001  1.231621e+002  1.756508e-001 -4.393029e+001  2.840078e-001  2.552326e+001  2.457084e+000  3.138717e+000  2.946338e+000  2.617118e+000  1.939911e-001  3.351854e+001
        45  6.309500e+000  1.744297e-001  1.125749e+002  2.210420e+001 -4.940341e+001  3.165886e+001  1.258893e+002  1.402309e-001 -5.186043e+001  3.295692e-001  1.278917e+002  2.243767e+001 -4.805151e+001  3.226287e+001  1.231621e+002  1.756508e-001 -4.393029e+001  2.840078e-001  2.552326e+001  2.457084e+000  3.138717e+000  2.946338e+000  2.617118e+000  1.939911e-001  3.351854e+001
        45  1.000000e+001  2.051044e-001  1.216088e+002  2.477731e+001 -5.349110e+001  3.503543e+001  1.265972e+002  3.100864e-001 -5.983436e+001  3.708792e-001  1.371327e+002  2.478890e+001 -5.243488e+001  3.580606e+001  1.246698e+002  1.908646e-001 -4.732064e+001  3.181323e-001  2.539710e+001  2.717537e+000  3.142162e+000  3.266068e+000  2.614038e+000  2.119167e-001  3.372101e+001
        45  1.000000e+001  2.352170e-001  1.203883e+002  2.439390e+001 -5.342156e+001  3.588495e+001  1.258953e+002  2.783457e-001 -6.434793e+001  3.708792e-001  1.371327e+002  2.478890e+001 -5.243488e+001  3.580606e+001  1.246698e+002  1.908646e-001 -4.732064e+001  3.181323e-001  2.539710e+001  2.717537e+000  3.142162e+000  3.266068e+000  2.614038e+000  2.119167e-001  3.372101e+001
        45  1.584800e+001  2.323175e-001  1.281562e+002  2.910913e+001 -5.565520e+001  3.909868e+001  1.272282e+002  4.766849e-001 -5.737597e+001  3.736367e-001  1.467083e+002  2.899751e+001 -5.563325e+001  4.096753e+001  1.262811e+002  2.160639e-001 -5.766792e+001  3.326946e-001  2.643687e+001  3.161393e+000  3.124825e+000  3.757665e+000  2.628592e+000  2.405291e-001  3.382206e+001
        45  1.584800e+001  2.674248e-001  1.288688e+002  2.884973e+001 -5.594156e+001  4.038960e+001  1.269942e+002  4.626985e-001 -6.058775e+001  3.736367e-001  1.467083e+002  2.899751e+001 -5.563325e+001  4.096753e+001  1.262811e+002  2.160639e-001 -5.766792e+001  3.326946e-001  2.643687e+001  3.161393e+000  3.124825e+000  3.757665e+000  2.628592e+000  2.405291e-001  3.382206e+001
        45  2.511800e+001  2.723368e-001  1.366272e+002  3.472842e+001 -5.605057e+001  4.413232e+001  1.287600e+002  5.831586e-001 -5.255373e+001  3.277667e-001  1.500152e+002  3.323488e+001 -5.620404e+001  4.380966e+001  1.278161e+002  2.304981e-001 -5.630194e+001  3.120298e-001  2.842407e+001  3.561139e+000  3.071111e+000  4.088621e+000  2.674591e+000  2.567500e-001  3.384486e+001
        45  2.511800e+001  2.445105e-001  1.349222e+002  3.466948e+001 -5.570580e+001  4.282555e+001  1.285826e+002  5.882307e-001 -5.011139e+001  3.277667e-001  1.500152e+002  3.323488e+001 -5.620404e+001  4.380966e+001  1.278161e+002  2.304981e-001 -5.630194e+001  3.120298e-001  2.842407e+001  3.561139e+000  3.071111e+000  4.088621e+000  2.674591e+000  2.567500e-001  3.384486e+001
        45  3.981000e+001  2.601763e-001  1.442103e+002  4.027257e+001 -5.438462e+001  4.667677e+001  1.307327e+002  6.192431e-001 -4.448382e+001  2.906666e-001  1.577539e+002  3.901957e+001 -5.502646e+001  4.693353e+001  1.306094e+002  3.165607e-001 -5.833752e+001  2.968192e-001  3.070272e+001  4.086329e+000  3.001527e+000  4.481607e+000  2.736581e+000  3.313888e-001  3.156198e+001
        45  3.981000e+001  2.402431e-001  1.421708e+002  3.994297e+001 -5.414619e+001  4.563828e+001  1.302806e+002  6.125251e-001 -4.218140e+001  2.906666e-001  1.577539e+002  3.901957e+001 -5.502646e+001  4.693353e+001  1.306094e+002  3.165607e-001 -5.833752e+001  2.968192e-001  3.070272e+001  4.086329e+000  3.001527e+000  4.481607e+000  2.736581e+000  3.313888e-001  3.156198e+001
        45  6.309500e+001  2.273842e-001  1.526614e+002  4.439570e+001 -5.214418e+001  4.778072e+001  1.325880e+002  5.891045e-001 -3.665028e+001  2.340303e-001  1.649650e+002  4.801117e+001 -5.316478e+001  5.053636e+001  1.329543e+002  3.623590e-001 -5.516449e+001  2.657131e-001  3.458926e+001  4.862993e+000  2.902952e+000  4.989241e+000  2.829435e+000  3.735690e-001  3.102875e+001
        45  6.309500e+001  2.150242e-001  1.502846e+002  4.387494e+001 -5.203600e+001  4.720041e+001  1.319906e+002  5.675689e-001 -3.453784e+001  2.340303e-001  1.649650e+002  4.801117e+001 -5.316478e+001  5.053636e+001  1.329543e+002  3.623590e-001 -5.516449e+001  2.657131e-001  3.458926e+001  4.862993e+000  2.902952e+000  4.989241e+000  2.829435e+000  3.735690e-001  3.102875e+001
        45  1.000000e+002  1.732754e-001  1.612006e+002  4.699339e+001 -4.997057e+001  4.755243e+001  1.339626e+002  5.007298e-001 -2.918952e+001  1.544567e-001  1.707281e+002  4.751876e+001 -5.073640e+001  4.698320e+001  1.339734e+002  3.893383e-001 -5.072163e+001  1.940652e-001  3.891884e+001  4.738456e+000  2.857884e+000  4.711678e+000  2.874140e+000  3.871246e-001  2.981210e+001
        45  1.000000e+002  1.682137e-001  1.584661e+002  4.633638e+001 -5.003833e+001  4.751723e+001  1.333551e+002  4.719464e-001 -2.746544e+001  1.544567e-001  1.707281e+002  4.751876e+001 -5.073640e+001  4.698320e+001  1.339734e+002  3.893383e-001 -5.072163e+001  1.940652e-001  3.891884e+001  4.738456e+000  2.857884e+000  4.711678e+000  2.874140e+000  3.871246e-001  2.981210e+001
        45  1.584800e+002  1.129700e-001  1.682945e+002  4.808868e+001 -4.815006e+001  4.655823e+001  1.345614e+002  3.774864e-001 -2.324612e+001  9.045236e-002  1.749814e+002  4.932118e+001 -4.856240e+001  4.537886e+001  1.341703e+002  3.984074e-001 -4.476411e+001  1.311284e-001  4.645619e+001  4.830329e+000  2.806788e+000  4.633261e+000  2.926272e+000  3.904529e-001  2.934170e+001
        45  1.584800e+002  1.130190e-001  1.651433e+002  4.746402e+001 -4.846002e+001  4.700242e+001  1.341082e+002  3.522347e-001 -2.191899e+001  9.045236e-002  1.749814e+002  4.932118e+001 -4.856240e+001  4.537886e+001  1.341703e+002  3.984074e-001 -4.476411e+001  1.311284e-001  4.645619e+001  4.830329e+000  2.806788e+000  4.633261e+000  2.926272e+000  3.904529e-001  2.934170e+001
        45  2.511800e+002  6.140409e-002  1.715605e+002  4.795513e+001 -4.703911e+001  4.564440e+001  1.343270e+002  2.604121e-001 -2.077836e+001  5.285470e-002  1.725975e+002  4.800520e+001 -4.709476e+001  4.346629e+001  1.334074e+002  3.806966e-001 -4.032966e+001  8.704791e-002  5.543310e+001  4.682679e+000  2.795575e+000  4.455809e+000  2.938035e+000  3.733330e-001  2.936220e+001
        45  2.511800e+002  6.380469e-002  1.679414e+002  4.762159e+001 -4.758877e+001  4.629359e+001  1.341396e+002  2.423026e-001 -1.946106e+001  5.285470e-002  1.725975e+002  4.800520e+001 -4.709476e+001  4.346629e+001  1.334074e+002  3.806966e-001 -4.032966e+001  8.704791e-002  5.543310e+001  4.682679e+000  2.795575e+000  4.455809e+000  2.938035e+000  3.733330e-001  2.936220e+001
        45  3.981000e+002  3.143611e-002  1.609136e+002  4.755193e+001 -4.753496e+001  4.599534e+001  1.335799e+002  1.676752e-001 -2.117191e+001  3.185901e-002  1.544902e+002  4.703634e+001 -4.642996e+001  4.452691e+001  1.318785e+002  3.343693e-001 -3.586989e+001  5.924516e-002  6.840403e+001  4.639656e+000  2.826969e+000  4.514194e+000  2.905605e+000  3.407501e-001  3.063330e+001
        45  3.981000e+002  2.864460e-002  1.648961e+002  4.740771e+001 -4.684108e+001  4.542730e+001  1.335409e+002  1.830594e-001 -2.282165e+001  3.185901e-002  1.544902e+002  4.703634e+001 -4.642996e+001  4.452691e+001  1.318785e+002  3.343693e-001 -3.586989e+001  5.924516e-002  6.840403e+001  4.639656e+000  2.826969e+000  4.514194e+000  2.905605e+000  3.407501e-001  3.063330e+001
        45  6.309500e+002  2.002033e-002  1.388639e+002  4.783532e+001 -4.815592e+001  4.633670e+001  1.326776e+002  1.290658e-001 -2.548032e+001  1.644811e-002  1.710010e+002  4.552687e+001 -4.591370e+001  4.555611e+001  1.321524e+002  2.774706e-001 -3.676295e+001  3.579106e-002  1.800000e+002  4.553448e+000  2.866463e+000  4.554910e+000  2.865543e+000  2.979696e-001  3.247551e+001
        45  6.309500e+002  1.712923e-002  1.424020e+002  4.718938e+001 -4.743591e+001  4.597529e+001  1.325311e+002  1.457119e-001 -2.707763e+001  1.644811e-002  1.710010e+002  4.552687e+001 -4.591370e+001  4.555611e+001  1.321524e+002  2.774706e-001 -3.676295e+001  3.579106e-002  1.800000e+002  4.553448e+000  2.866463e+000  4.554910e+000  2.865543e+000  2.979696e-001  3.247551e+001
        45  1.000000e+003  2.400809e-002  1.146521e+002  4.882706e+001 -4.928971e+001  4.734897e+001  1.315804e+002  1.119682e-001 -2.945204e+001  2.264435e-002  1.670835e+002  4.484265e+001 -4.585044e+001  4.556827e+001  1.310415e+002  1.990500e-001 -2.062878e+001  4.531804e-002  1.800000e+002  4.502260e+000  2.877494e+000  4.538540e+000  2.854473e+000  2.322793e-001  3.569497e+001
        45  1.000000e+003  1.949633e-002  1.171891e+002  4.771797e+001 -4.861834e+001  4.718862e+001  1.314299e+002  1.290973e-001 -3.024260e+001  2.264435e-002  1.670835e+002  4.484265e+001 -4.585044e+001  4.556827e+001  1.310415e+002  1.990500e-001 -2.062878e+001  4.531804e-002  1.800000e+002  4.502260e+000  2.877494e+000  4.538540e+000  2.854473e+000  2.322793e-001  3.569497e+001
        46  3.981000e-002  1.039479e+002  1.375529e+002  2.567740e+002 -1.936676e+001  1.373848e+002  1.356950e+002  4.508575e+001 -1.584778e+001  1.038336e+002  1.401583e+002  1.965171e+002 -2.280038e+001  1.191771e+002  1.357308e+002  1.663745e+001 -2.387806e+001  3.653568e+001  1.013301e+001  7.319166e+001  1.073239e+001  3.587285e+001  8.656033e+000  8.165533e+000  1.420525e+001
        46  6.309000e-002  1.106546e+002  1.383720e+002  1.838094e+002 -1.947412e+001  1.486790e+002  1.360395e+002  3.041441e+001 -1.535871e+001  1.004898e+002  1.411285e+002  1.685366e+002 -2.140103e+001  1.187561e+002  1.352755e+002  1.875037e+001 -2.329263e+001  3.430638e+001  9.828280e+000  7.656612e+001  1.312933e+001  3.344965e+001  8.096071e+000  8.923669e+000  1.376616e+001
        46  1.000000e-001  1.104670e+002  1.419354e+002  1.365722e+002 -2.093269e+001  1.521640e+002  1.389841e+002  2.152905e+001 -1.713331e+001  7.218166e+001  1.528399e+002  1.405747e+002 -1.960638e+001  9.236787e+001  1.333004e+002  1.819667e+001 -1.344943e+001  2.558040e+001  1.020639e+001  6.171746e+001  1.268075e+001  3.487502e+001  1.088179e+001  8.194058e+000  1.301185e+001
        46  1.584800e-001  1.002368e+002  1.457885e+002  1.054232e+002 -2.294741e+001  1.429289e+002  1.422514e+002  1.651594e+001 -1.917967e+001  5.876697e+001  1.636143e+002  1.126368e+002 -2.068020e+001  8.854626e+001  1.356101e+002  1.432349e+001 -1.099183e+001  2.074421e+001  1.016570e+001  4.831674e+001  1.238504e+001  6.494120e+001  2.151272e+001  6.775424e+000  1.368091e+001
        46  2.511800e-001  8.627534e+001  1.486658e+002  8.330467e+001 -2.520495e+001  1.278785e+002  1.446495e+002  1.302198e+001 -1.980887e+001  8.430807e+001  1.552508e+002  1.010378e+002 -1.909196e+001  7.836751e+001  1.426211e+002  1.908157e+001 -7.123954e+000  2.646335e+001  9.029580e+000  3.056622e+001  8.700030e+000  6.587571e+001  2.485352e+001  8.149159e+000  1.232958e+001
        46  3.981000e-001  7.252404e+001  1.508050e+002  6.693215e+001 -2.811579e+001  1.117183e+002  1.462769e+002  9.950368e+000 -1.993943e+001  8.929247e+001  1.475349e+002  7.400876e+001 -1.854756e+001  7.723537e+001  1.471459e+002  1.581623e+001 -8.049314e+000  2.555992e+001  8.228700e+000  3.350827e+001  1.308407e+001  3.491102e+001  1.306193e+001  7.053397e+000  1.288411e+001
        46  6.309500e-001  5.984834e+001  1.522995e+002  5.583404e+001 -3.215408e+001  9.599726e+001  1.470495e+002  7.455862e+000 -2.111277e+001  6.743529e+001  1.474859e+002  5.381809e+001 -2.020957e+001  7.770819e+001  1.463519e+002  6.747652e+000 -1.925623e+001  1.912071e+001  8.150328e+000  3.252935e+001  1.759074e+001  1.649939e+001  6.094147e+000  3.729096e+000  1.604102e+001
        46  1.000000e+000  4.929595e+001  1.530756e+002  5.023397e+001 -3.696549e+001  8.285701e+001  1.468291e+002  5.738327e+000 -2.368959e+001  6.402409e+001  1.504340e+002  4.720528e+001 -2.790568e+001  6.890989e+001  1.449643e+002  4.022948e+000 -2.550294e+001  1.779798e+001  7.989661e+000  1.761906e+001  1.075569e+001  1.266779e+001  5.273819e+000  2.455334e+000  1.776815e+001
        46  1.584800e+000  4.140378e+001  1.536629e+002  4.946126e+001 -4.111302e+001  7.354354e+001  1.461324e+002  4.692758e+000 -2.683624e+001  6.120757e+001  1.513049e+002  4.666254e+001 -3.797065e+001  6.625826e+001  1.446557e+002  4.741109e+000 -2.376717e+001  1.715814e+001  8.057311e+000  6.558748e+000  4.029984e+000  1.075770e+001  4.656400e+000  2.749996e+000  1.685892e+001
        46  2.511800e+000  3.547401e+001  1.550642e+002  5.141730e+001 -4.333868e+001  6.708622e+001  1.458805e+002  4.058780e+000 -2.950986e+001  5.363914e+001  1.514179e+002  5.196625e+001 -4.108855e+001  6.548583e+001  1.460886e+002  5.283075e+000 -2.451719e+001  1.596454e+001  8.558219e+000  5.739030e+000  3.165416e+000  7.692280e+000  3.367056e+000  2.973920e+000  1.634720e+001
        46  3.981000e+000  3.019728e+001  1.581327e+002  5.372683e+001 -4.362631e+001  6.118054e+001  1.466247e+002  3.674995e+000 -3.137086e+001  4.573161e+001  1.540696e+002  5.629509e+001 -4.241314e+001  6.554047e+001  1.487594e+002  3.843313e+000 -2.816638e+001  1.445117e+001  9.090818e+000  5.847712e+000  2.977169e+000  6.309653e+000  2.759030e+000  2.343018e+000  1.774718e+001
        46  6.309500e+000  2.436312e+001  1.628413e+002  5.540404e+001 -4.276699e+001  5.473159e+001  1.479209e+002  3.457981e+000 -3.073472e+001  3.608325e+001  1.616582e+002  5.760386e+001 -4.207339e+001  5.806489e+001  1.499406e+002  2.885535e+000 -3.021261e+001  1.216778e+001  9.706843e+000  5.771831e+000  2.871683e+000  5.794882e+000  2.860250e+000  1.833419e+000  1.852337e+001
        46  6.309500e+000  2.445789e+001  1.630974e+002  5.500674e+001 -4.255122e+001  5.387424e+001  1.480213e+002  3.495630e+000 -3.147864e+001  3.608325e+001  1.616582e+002  5.760386e+001 -4.207339e+001  5.806489e+001  1.499406e+002  2.885535e+000 -3.021261e+001  1.216778e+001  9.706843e+000  5.771831e+000  2.871683e+000  5.794882e+000  2.860250e+000  1.833419e+000  1.852337e+001
        46  1.000000e+001  1.805973e+001  1.693860e+002  5.440419e+001 -4.050521e+001  4.520281e+001  1.489410e+002  3.318549e+000 -2.837005e+001  2.552968e+001  1.706694e+002  5.632499e+001 -4.077267e+001  4.720782e+001  1.497908e+002  2.363587e+000 -3.172299e+001  9.334360e+000  1.053371e+001  5.389281e+000  2.742131e+000  4.933865e+000  2.995462e+000  1.499027e+000  1.848815e+001
        46  1.000000e+001  1.767195e+001  1.689693e+002  5.464341e+001 -4.038482e+001  4.590417e+001  1.488627e+002  3.179917e+000 -2.703757e+001  2.552968e+001  1.706694e+002  5.632499e+001 -4.077267e+001  4.720782e+001  1.497908e+002  2.363587e+000 -3.172299e+001  9.334360e+000  1.053371e+001  5.389281e+000  2.742131e+000  4.933865e+000  2.995462e+000  1.499027e+000  1.848815e+001
        46  1.584800e+001  1.142824e+001  1.744392e+002  5.063324e+001 -3.790096e+001  3.758292e+001  1.481730e+002  2.668713e+000 -2.146925e+001  1.680490e+001  1.768246e+002  5.189956e+001 -3.922733e+001  3.846685e+001  1.497472e+002  1.938215e+000 -3.313445e+001  6.683273e+000  1.146966e+001  4.815471e+000  2.659032e+000  4.145722e+000  3.088991e+000  1.227294e+000  1.845769e+001
        46  1.584800e+001  1.178912e+001  1.758219e+002  5.108445e+001 -3.805238e+001  3.695790e+001  1.482361e+002  2.892042e+000 -2.253686e+001  1.680490e+001  1.768246e+002  5.189956e+001 -3.922733e+001  3.846685e+001  1.497472e+002  1.938215e+000 -3.313445e+001  6.683273e+000  1.146966e+001  4.815471e+000  2.659032e+000  4.145722e+000  3.088991e+000  1.227294e+000  1.845769e+001
        46  2.511800e+001  6.650688e+000  1.775761e+002  4.453729e+001 -3.648435e+001  3.146446e+001  1.454400e+002  2.005062e+000 -1.546294e+001  1.049530e+001  1.768691e+002  4.503231e+001 -4.039934e+001  3.223743e+001  1.480201e+002  1.527996e+000 -3.632550e+001  4.531535e+000  1.246740e+001  4.142232e+000  2.636065e+000  3.504713e+000  3.116010e+000  9.824370e-001  1.875239e+001
        46  2.511800e+001  6.687342e+000 -1.795256e+002  4.529828e+001 -3.619775e+001  3.087395e+001  1.454386e+002  2.230925e+000 -1.567150e+001  1.049530e+001  1.768691e+002  4.503231e+001 -4.039934e+001  3.223743e+001  1.480201e+002  1.527996e+000 -3.632550e+001  4.531535e+000  1.246740e+001  4.142232e+000  2.636065e+000  3.504713e+000  3.116010e+000  9.824370e-001  1.875239e+001
        46  3.981000e+001  3.647060e+000  1.763993e+002  3.859433e+001 -3.695519e+001  2.828264e+001  1.413331e+002  1.336652e+000 -1.037070e+001  6.377606e+000  1.758505e+002  4.024613e+001 -4.279678e+001  2.882019e+001  1.446024e+002  1.252564e+000 -4.083306e+001  3.032589e+000  1.375395e+001  3.702276e+000  2.636274e+000  3.132962e+000  3.115767e+000  8.229876e-001  1.917904e+001
        46  3.981000e+001  3.378877e+000 -1.796465e+002  3.882124e+001 -3.608423e+001  2.772490e+001  1.411912e+002  1.511087e+000 -9.227552e+000  6.377606e+000  1.758505e+002  4.024613e+001 -4.279678e+001  2.882019e+001  1.446024e+002  1.252564e+000 -4.083306e+001  3.032589e+000  1.375395e+001  3.702276e+000  2.636274e+000  3.132962e+000  3.115767e+000  8.229876e-001  1.917904e+001
        46  6.309500e+001  2.108767e+000  1.694011e+002  3.483076e+001 -3.912719e+001  2.775722e+001  1.373471e+002  7.946623e-001 -8.469548e+000  3.785457e+000  1.734303e+002  3.670596e+001 -4.565854e+001  2.824223e+001  1.399979e+002  1.039201e+000 -4.458156e+001  2.004037e+000  1.534926e+001  3.437750e+000  2.684041e+000  3.015473e+000  3.060241e+000  7.118194e-001  2.002828e+001
        46  6.309500e+001  1.730436e+000  1.718352e+002  3.405863e+001 -3.812647e+001  2.728823e+001  1.370192e+002  8.914784e-001 -5.029988e+000  3.785457e+000  1.734303e+002  3.670596e+001 -4.565854e+001  2.824223e+001  1.399979e+002  1.039201e+000 -4.458156e+001  2.004037e+000  1.534926e+001  3.437750e+000  2.684041e+000  3.015473e+000  3.060241e+000  7.118194e-001  2.002828e+001
        46  1.000000e+002  1.241235e+000  1.560240e+002  3.227741e+001 -4.105606e+001  2.876146e+001  1.343883e+002  4.758443e-001 -6.957239e+000  2.362743e+000  1.688589e+002  3.460756e+001 -4.633587e+001  3.203015e+001  1.371609e+002  7.767714e-001 -3.851275e+001  1.386728e+000  1.706505e+001  3.394455e+000  2.811033e+000  3.265608e+000  2.922039e+000  5.905176e-001  2.234052e+001
        46  1.000000e+002  1.528314e+000  1.584089e+002  3.375166e+001 -4.143777e+001  2.903250e+001  1.348119e+002  4.676871e-001 -1.311072e+001  2.362743e+000  1.688589e+002  3.460756e+001 -4.633587e+001  3.203015e+001  1.371609e+002  7.767714e-001 -3.851275e+001  1.386728e+000  1.706505e+001  3.394455e+000  2.811033e+000  3.265608e+000  2.922039e+000  5.905176e-001  2.234052e+001
        46  1.584800e+002  1.349598e+000  1.457599e+002  3.262581e+001 -4.282581e+001  3.077127e+001  1.338340e+002  3.080893e-001 -1.754033e+001  1.649108e+000  1.627035e+002  3.312724e+001 -4.402291e+001  3.678710e+001  1.375501e+002  5.828272e-001 -1.885079e+001  1.047342e+000  1.851469e+001  3.400610e+000  2.942084e+000  3.583538e+000  2.791778e+000  4.928422e-001  2.501168e+001
        46  1.584800e+002  1.450572e+000  1.499219e+002  3.399022e+001 -4.239831e+001  3.091145e+001  1.341808e+002  3.556094e-001 -2.233071e+001  1.649108e+000  1.627035e+002  3.312724e+001 -4.402291e+001  3.678710e+001  1.375501e+002  5.828272e-001 -1.885079e+001  1.047342e+000  1.851469e+001  3.400610e+000  2.942084e+000  3.583538e+000  2.791778e+000  4.928422e-001  2.501168e+001
        46  2.511800e+002  1.498937e+000  1.452476e+002  3.298175e+001 -4.297760e+001  3.198329e+001  1.346327e+002  2.931283e-001 -2.477855e+001  1.116542e+000  1.573918e+002  2.981034e+001 -4.259325e+001  3.276066e+001  1.380420e+002  4.774554e-001 -1.518833e+001  7.614123e-001  1.993592e+001  3.052289e+000  2.934548e+000  3.199768e+000  2.799183e+000  4.122594e-001  2.557712e+001
        46  2.511800e+002  1.496751e+000  1.480076e+002  3.377002e+001 -4.216910e+001  3.218605e+001  1.350292e+002  3.404952e-001 -2.639182e+001  1.116542e+000  1.573918e+002  2.981034e+001 -4.259325e+001  3.276066e+001  1.380420e+002  4.774554e-001 -1.518833e+001  7.614123e-001  1.993592e+001  3.052289e+000  2.934548e+000  3.199768e+000  2.799183e+000  4.122594e-001  2.557712e+001
        46  3.981000e+002  1.429414e+000  1.483518e+002  3.237334e+001 -4.270983e+001  3.203644e+001  1.357030e+002  2.772470e-001 -2.361559e+001  8.126497e-001  1.518580e+002  2.833975e+001 -4.145212e+001  3.054418e+001  1.383701e+002  4.413518e-001 -1.428301e+001  5.924491e-001  2.137786e+001  2.887510e+000  2.920170e+000  2.997711e+000  2.812732e+000  3.818870e-001  2.563479e+001
        46  3.981000e+002  1.407796e+000  1.501474e+002  3.261789e+001 -4.180547e+001  3.212701e+001  1.363892e+002  3.098442e-001 -2.493052e+001  8.126497e-001  1.518580e+002  2.833975e+001 -4.145212e+001  3.054418e+001  1.383701e+002  4.413518e-001 -1.428301e+001  5.924491e-001  2.137786e+001  2.887510e+000  2.920170e+000  2.997711e+000  2.812732e+000  3.818870e-001  2.563479e+001
        46  6.309500e+002  1.246156e+000  1.510417e+002  3.140949e+001 -4.279622e+001  3.141589e+001  1.364218e+002  2.291384e-001 -2.048800e+001  6.697696e-001  1.463308e+002  2.882709e+001 -4.051700e+001  3.025261e+001  1.386122e+002  4.534686e-001 -1.544648e+001  5.146552e-001  2.259428e+001  2.917705e+000  2.900806e+000  2.988976e+000  2.831581e+000  3.888035e-001  2.538506e+001
        46  6.309500e+002  1.214810e+000  1.524883e+002  3.117084e+001 -4.195905e+001  3.108921e+001  1.373184e+002  2.558025e-001 -2.256092e+001  6.697696e-001  1.463308e+002  2.882709e+001 -4.051700e+001  3.025261e+001  1.386122e+002  4.534686e-001 -1.544648e+001  5.146552e-001  2.259428e+001  2.917705e+000  2.900806e+000  2.988976e+000  2.831581e+000  3.888035e-001  2.538506e+001
        46  1.000000e+003  1.036351e+000  1.545546e+002  3.008819e+001 -4.253843e+001  2.994071e+001  1.376414e+002  2.058628e-001 -2.046247e+001  6.479740e-001  1.431407e+002  3.041315e+001 -3.994854e+001  3.078988e+001  1.387092e+002  5.182587e-001 -1.970992e+001  5.088121e-001  2.311748e+001  3.050666e+000  2.874804e+000  3.069503e+000  2.857147e+000  4.316608e-001  2.461086e+001
        46  1.000000e+003  1.075321e+000  1.534603e+002  3.063965e+001 -4.315206e+001  3.070323e+001  1.367736e+002  1.809067e-001 -1.765006e+001  6.479740e-001  1.431407e+002  3.041315e+001 -3.994854e+001  3.078988e+001  1.387092e+002  5.182587e-001 -1.970992e+001  5.088121e-001  2.311748e+001  3.050666e+000  2.874804e+000  3.069503e+000  2.857147e+000  4.316608e-001  2.461086e+001
        47  6.309500e-001  9.845216e+000 -3.121409e+001  6.828643e+001 -3.614846e+001  1.627861e+002  1.446076e+002  8.788942e-001  1.071938e+002  4.022547e+001 -1.120992e+001  5.171157e+001 -5.153337e+001  1.591224e+002  1.514478e+002  5.661808e+000  1.215867e+002  1.285014e+001  9.191019e+000  8.007516e+000  4.440559e+000  2.398098e+001  4.321554e+000  3.910767e+000  2.020400e+001
        47  1.000000e+000  8.495557e+000 -2.899709e+001  6.459065e+001 -4.145787e+001  1.438175e+002  1.437049e+002  1.260720e+000  1.117864e+002  1.663617e+001 -1.044664e+001  5.768380e+001 -4.978571e+001  1.529529e+002  1.473434e+002  2.422022e+000  1.127983e+002  6.810379e+000  1.181111e+001  9.275316e+000  4.611439e+000  1.713966e+001  3.211919e+000  2.048257e+000  2.501405e+001
        47  1.584800e+000  7.551268e+000 -2.638113e+001  6.679499e+001 -4.601578e+001  1.327104e+002  1.422103e+002  1.707323e+000  1.180288e+002  1.124222e+001 -1.959143e+001  5.275532e+001 -4.730599e+001  1.391398e+002  1.432564e+002  1.978136e+000  1.213686e+002  4.963940e+000  1.275439e+001  8.118312e+000  4.412874e+000  1.129295e+001  2.325777e+000  1.718585e+000  2.574680e+001
        47  2.511800e+000  6.863448e+000 -2.147702e+001  7.320307e+001 -4.871459e+001  1.280793e+002  1.413523e+002  2.188704e+000  1.268492e+002  9.350338e+000 -6.539986e+000  6.909280e+001 -4.786104e+001  1.296944e+002  1.418552e+002  2.434841e+000  1.269441e+002  4.624902e+000  1.431851e+001  8.237257e+000  3.417433e+000  1.108005e+001  2.448192e+000  1.973379e+000  2.390603e+001
        47  3.981000e+000  6.074118e+000 -1.289774e+001  8.113314e+001 -4.943030e+001  1.251254e+002  1.419352e+002  2.537813e+000  1.389474e+002  8.803650e+000 -5.026850e+000  8.398398e+001 -5.022970e+001  1.303576e+002  1.424693e+002  2.835985e+000  1.438859e+002  4.641622e+000  1.528492e+001  9.374013e+000  3.199245e+000  1.167873e+001  2.567422e+000  2.215311e+000  2.299008e+001
        47  6.309500e+000  4.972361e+000 -4.543764e-001  8.825324e+001 -4.876366e+001  1.189801e+002  1.437920e+002  2.538430e+000  1.536578e+002  6.037075e+000  1.650115e+001  9.486533e+001 -4.915255e+001  1.240558e+002  1.446748e+002  2.895952e+000  1.594782e+002  3.605969e+000  1.737666e+001  1.014452e+001  3.064952e+000  1.160075e+001  2.679910e+000  2.222636e+000  2.256608e+001
        47  6.309500e+000  5.262087e+000  9.081610e-001  8.841137e+001 -4.928549e+001  1.205060e+002  1.436394e+002  2.606075e+000  1.548772e+002  6.037075e+000  1.650115e+001  9.486533e+001 -4.915255e+001  1.240558e+002  1.446748e+002  2.895952e+000  1.594782e+002  3.605969e+000  1.737666e+001  1.014452e+001  3.064952e+000  1.160075e+001  2.679910e+000  2.222636e+000  2.256608e+001
        47  1.000000e+001  3.732759e+000  1.523174e+001  9.332424e+001 -4.729298e+001  1.080061e+002  1.461621e+002  2.225653e+000  1.695561e+002  5.469357e+000  3.148720e+001  9.492425e+001 -4.707125e+001  1.047400e+002  1.473300e+002  2.599782e+000  1.757034e+002  3.349070e+000  1.782837e+001  9.728911e+000  2.937446e+000  1.021955e+001  2.796304e+000  1.964961e+000  2.220421e+001
        47  1.000000e+001  4.003690e+000  1.673196e+001  9.409039e+001 -4.761794e+001  1.094494e+002  1.460886e+002  2.304348e+000  1.689025e+002  5.469357e+000  3.148720e+001  9.492425e+001 -4.707125e+001  1.047400e+002  1.473300e+002  2.599782e+000  1.757034e+002  3.349070e+000  1.782837e+001  9.728911e+000  2.937446e+000  1.021955e+001  2.796304e+000  1.964961e+000  2.220421e+001
        47  1.584800e+001  2.711477e+000  3.328011e+001  9.540824e+001 -4.541161e+001  9.365422e+001  1.483071e+002  1.878335e+000 -1.736714e+002  4.079379e+000  5.341160e+001  9.611711e+001 -4.581978e+001  8.955660e+001  1.492918e+002  2.069582e+000 -1.584928e+002  2.696262e+000  1.929758e+001  9.443380e+000  2.815751e+000  9.115404e+000  2.917149e+000  1.592418e+000  2.262634e+001
        47  1.584800e+001  2.981509e+000  3.540129e+001  9.601646e+001 -4.562102e+001  9.485048e+001  1.482696e+002  2.029356e+000 -1.753845e+002  4.079379e+000  5.341160e+001  9.611711e+001 -4.581978e+001  8.955660e+001  1.492918e+002  2.069582e+000 -1.584928e+002  2.696262e+000  1.929758e+001  9.443380e+000  2.815751e+000  9.115404e+000  2.917149e+000  1.592418e+000  2.262634e+001
        47  2.511800e+001  2.382652e+000  5.562459e+001  9.462889e+001 -4.395598e+001  7.957294e+001  1.496062e+002  1.923140e+000 -1.562673e+002  4.363460e+000  8.065628e+001  1.103407e+002 -4.412904e+001  7.976177e+001  1.502911e+002  2.010130e+000 -1.287705e+002  2.935445e+000  1.965566e+001  1.017407e+001  2.642443e+000  8.650165e+000  3.108388e+000  1.513538e+000  2.211568e+001
        47  2.511800e+001  2.116390e+000  5.255333e+001  9.411093e+001 -4.362224e+001  7.847395e+001  1.496496e+002  1.707356e+000 -1.548524e+002  4.363460e+000  8.065628e+001  1.103407e+002 -4.412904e+001  7.976177e+001  1.502911e+002  2.010130e+000 -1.287705e+002  2.935445e+000  1.965566e+001  1.017407e+001  2.642443e+000  8.650165e+000  3.108388e+000  1.513538e+000  2.211568e+001
        47  3.981000e+001  1.930600e+000  7.147882e+001  9.073801e+001 -4.241819e+001  6.492059e+001  1.498692e+002  1.782217e+000 -1.334887e+002  5.031377e+000  9.100000e+001  9.663852e+001 -4.124314e+001  6.651397e+001  1.493788e+002  1.677410e+000 -1.127733e+002  3.159915e+000  1.830171e+001  8.802114e+000  2.610235e+000  7.302445e+000  3.146780e+000  1.262767e+000  2.211110e+001
        47  3.981000e+001  2.188579e+000  7.544792e+001  9.197275e+001 -4.291917e+001  6.607916e+001  1.499074e+002  2.025181e+000 -1.337450e+002  5.031377e+000  9.100000e+001  9.663852e+001 -4.124314e+001  6.651397e+001  1.493788e+002  1.677410e+000 -1.127733e+002  3.159915e+000  1.830171e+001  8.802114e+000  2.610235e+000  7.302445e+000  3.146780e+000  1.262767e+000  2.211110e+001
        47  6.309500e+001  2.028092e+000  8.857116e+001  8.762847e+001 -4.172568e+001  5.420316e+001  1.490747e+002  2.079969e+000 -1.111974e+002  6.991701e+000  9.466967e+001  8.581525e+001 -3.790634e+001  6.246644e+001  1.468112e+002  1.530090e+000 -1.018462e+002  3.926012e+000  1.630570e+001  7.926433e+000  2.647040e+000  6.762681e+000  3.102967e+000  1.160272e+000  2.228114e+001
        47  6.309500e+001  2.247150e+000  9.321609e+001  9.008693e+001 -4.213899e+001  5.522037e+001  1.493645e+002  2.307606e+000 -1.102963e+002  6.991701e+000  9.466967e+001  8.581525e+001 -3.790634e+001  6.246644e+001  1.468112e+002  1.530090e+000 -1.018462e+002  3.926012e+000  1.630570e+001  7.926433e+000  2.647040e+000  6.762681e+000  3.102967e+000  1.160272e+000  2.228114e+001
        47  1.000000e+002  2.361677e+000  1.080280e+002  8.859133e+001 -4.079372e+001  4.668935e+001  1.481551e+002  2.633711e+000 -8.893989e+001  3.438895e+000  1.236593e+002  8.608254e+001 -3.931229e+001  4.291560e+001  1.481960e+002  1.732970e+000 -8.266734e+001  2.307600e+000  1.960384e+001  7.233122e+000  2.407860e+000  5.107117e+000  3.411221e+000  1.159795e+000  1.954982e+001
        47  1.000000e+002  2.252969e+000  1.032458e+002  8.536093e+001 -4.080840e+001  4.621150e+001  1.475879e+002  2.467929e+000 -9.046043e+001  3.438895e+000  1.236593e+002  8.608254e+001 -3.931229e+001  4.291560e+001  1.481960e+002  1.732970e+000 -8.266734e+001  2.307600e+000  1.960384e+001  7.233122e+000  2.407860e+000  5.107117e+000  3.411221e+000  1.159795e+000  1.954982e+001
        47  1.584800e+002  2.440447e+000  1.155708e+002  8.189144e+001 -3.922437e+001  4.037722e+001  1.456720e+002  2.744540e+000 -7.296309e+001  2.850620e+000  1.343732e+002  7.919112e+001 -3.714255e+001  3.548323e+001  1.473311e+002  1.908741e+000 -6.511506e+001  1.963308e+000  2.014305e+001  6.478893e+000  2.344435e+000  4.336848e+000  3.503598e+000  1.189031e+000  1.814784e+001
        47  1.584800e+002  2.396336e+000  1.195141e+002  8.474577e+001 -3.866006e+001  4.019092e+001  1.462597e+002  2.830381e+000 -7.145649e+001  2.850620e+000  1.343732e+002  7.919112e+001 -3.714255e+001  3.548323e+001  1.473311e+002  1.908741e+000 -6.511506e+001  1.963308e+000  2.014305e+001  6.478893e+000  2.344435e+000  4.336848e+000  3.503598e+000  1.189031e+000  1.814784e+001
        47  2.511800e+002  2.466607e+000  1.254984e+002  7.547543e+001 -3.748620e+001  3.614479e+001  1.434637e+002  2.787554e+000 -5.929017e+001  2.290880e+000  1.417681e+002  7.201524e+001 -3.610395e+001  3.125088e+001  1.447676e+002  2.146287e+000 -5.341341e+001  1.627301e+000  2.080383e+001  5.845144e+000  2.325855e+000  3.850474e+000  3.531991e+000  1.257784e+000  1.703849e+001
        47  2.511800e+002  2.321334e+000  1.278130e+002  7.709229e+001 -3.648898e+001  3.560558e+001  1.437654e+002  2.826552e+000 -5.805841e+001  2.290880e+000  1.417681e+002  7.201524e+001 -3.610395e+001  3.125088e+001  1.447676e+002  2.146287e+000 -5.341341e+001  1.627301e+000  2.080383e+001  5.845144e+000  2.325855e+000  3.850474e+000  3.531991e+000  1.257784e+000  1.703849e+001
        47  3.981000e+002  2.316887e+000  1.327414e+002  6.696924e+001 -3.650253e+001  3.316958e+001  1.409294e+002  2.608651e+000 -4.925943e+001  1.999632e+000  1.461133e+002  6.623348e+001 -3.473669e+001  2.951588e+001  1.429100e+002  2.567898e+000 -4.363800e+001  1.439132e+000  2.109093e+001  5.411575e+000  2.341314e+000  3.612541e+000  3.508497e+000  1.418428e+000  1.603262e+001
        47  3.981000e+002  2.169704e+000  1.333364e+002  6.714446e+001 -3.526408e+001  3.267632e+001  1.408891e+002  2.635783e+000 -4.806928e+001  1.999632e+000  1.461133e+002  6.623348e+001 -3.473669e+001  2.951588e+001  1.429100e+002  2.567898e+000 -4.363800e+001  1.439132e+000  2.109093e+001  5.411575e+000  2.341314e+000  3.612541e+000  3.508497e+000  1.418428e+000  1.603262e+001
        47  6.309500e+002  2.073078e+000  1.370898e+002  5.857752e+001 -3.685841e+001  3.146829e+001  1.380263e+002  2.287098e+000 -4.256219e+001  1.917377e+000  1.492164e+002  6.189468e+001 -3.236839e+001  3.295073e+001  1.423831e+002  3.021769e+000 -3.660689e+001  1.371084e+000  2.094929e+001  5.286957e+000  2.447807e+000  3.857551e+000  3.355734e+000  1.647352e+000  1.581790e+001
        47  6.309500e+002  1.995388e+000  1.365762e+002  5.754319e+001 -3.558788e+001  3.119115e+001  1.378186e+002  2.302338e+000 -4.096489e+001  1.917377e+000  1.492164e+002  6.189468e+001 -3.236839e+001  3.295073e+001  1.423831e+002  3.021769e+000 -3.660689e+001  1.371084e+000  2.094929e+001  5.286957e+000  2.447807e+000  3.857551e+000  3.355734e+000  1.647352e+000  1.581790e+001
        47  1.000000e+003  1.838092e+000  1.387758e+002  5.199171e+001 -3.861742e+001  3.120160e+001  1.350552e+002  1.923082e+000 -3.910939e+001  1.814688e+000  1.515856e+002  5.380154e+001 -3.138077e+001  3.413151e+001  1.401335e+002  2.628951e+000 -2.645265e+001  1.270307e+000  2.048774e+001  4.801607e+000  2.557577e+000  3.824433e+000  3.211675e+000  1.497074e+000  1.654261e+001
        47  1.000000e+003  1.835172e+000  1.382321e+002  5.008742e+001 -3.750754e+001  3.105737e+001  1.348378e+002  1.897377e+000 -3.676217e+001  1.814688e+000  1.515856e+002  5.380154e+001 -3.138077e+001  3.413151e+001  1.401335e+002  2.628951e+000 -2.645265e+001  1.270307e+000  2.048774e+001  4.801607e+000  2.557577e+000  3.824433e+000  3.211675e+000  1.497074e+000  1.654261e+001
        48  3.981000e-002  6.188274e-001 -2.886858e+001  3.223797e+002 -1.935113e+001  5.987354e+001  1.327204e+002  3.226692e+001 -1.178250e+001  4.832866e-001 -1.819334e+000  2.482538e+002 -1.675733e+001  4.757946e+001  1.445312e+002  2.247558e+001 -1.205844e+001  6.902421e-001  4.557052e+001  5.020426e+001  5.803368e+000  2.088718e+001  1.267954e+001  8.133141e+000  1.042410e+001
        48  6.309000e-002  5.822464e-001 -3.036210e+001  2.355489e+002 -1.939207e+001  6.620534e+001  1.327579e+002  2.139857e+001 -9.732828e+000  5.387847e-002 -1.294021e+002  2.252846e+002 -1.377153e+001  5.297316e+001  1.488530e+002  1.687582e+001  2.329706e+000  1.299785e-001  1.800000e+002  3.811505e+001  4.852627e+000  2.805341e+001  1.535441e+001  6.738813e+000  1.151701e+001
        48  1.000000e-001  5.731446e-001 -2.985607e+001  1.760926e+002 -2.012004e+001  6.934499e+001  1.350120e+002  1.448545e+001 -9.114281e+000  1.694250e+000 -9.150935e+001  2.011203e+002 -1.360352e+001  5.884191e+001  1.507732e+002  1.617384e+001 -9.088345e+000  1.677696e+000  2.967730e+001  3.486942e+001  4.973097e+000  3.242629e+001  1.599404e+001  6.701242e+000  1.195615e+001
        48  1.584800e-001  5.767187e-001 -2.391339e+001  1.332678e+002 -2.146203e+001  6.746022e+001  1.371758e+002  1.031070e+001 -8.545253e+000  1.853510e+000 -7.052530e+001  1.641394e+002 -1.515470e+001  5.919765e+001  1.503294e+002  1.630896e+001 -1.163155e+001  1.705723e+000  2.739570e+001  3.171601e+001  5.544169e+000  2.793895e+001  1.364941e+001  6.753308e+000  1.194912e+001
        48  2.511800e-001  4.932801e-001 -1.204202e+001  1.027900e+002 -2.359466e+001  6.369258e+001  1.382568e+002  7.520060e+000 -6.253931e+000  1.215932e+000 -6.753981e+001  1.279777e+002 -1.617219e+001  5.397910e+001  1.479784e+002  1.133591e+001  1.822680e+000  1.168376e+000  2.871445e+001  2.836787e+001  6.363237e+000  1.850802e+001  9.871377e+000  5.023521e+000  1.280159e+001
        48  3.981000e-001  3.177347e-001  2.345039e+000  8.170665e+001 -2.643195e+001  5.978427e+001  1.385249e+002  5.355156e+000 -2.038190e+000  1.104796e+000 -6.061146e+001  9.869133e+001 -1.823898e+001  5.321429e+001  1.460152e+002  7.042405e+000  9.380199e+000  1.018944e+000  2.746105e+001  2.063718e+001  6.001480e+000  1.350974e+001  7.292637e+000  3.502858e+000  1.440045e+001
        48  6.309500e-001  1.428001e-001  1.571581e+001  6.745453e+001 -2.991638e+001  5.620179e+001  1.379471e+002  3.711235e+000  3.762966e+000  1.169515e+000 -6.278739e+001  8.015985e+001 -2.185678e+001  5.485571e+001  1.438588e+002  4.455215e+000  1.117016e+001  1.009543e+000  2.556963e+001  1.459475e+001  5.223168e+000  1.367481e+001  7.160164e+000  2.503770e+000  1.631949e+001
        48  1.000000e+000  3.466108e-002  2.160997e+001  5.877802e+001 -3.388434e+001  5.412976e+001  1.365480e+002  2.555097e+000  1.185334e+001  9.936300e-001 -5.997120e+001  6.740042e+001 -2.863147e+001  5.155578e+001  1.401475e+002  3.005298e+000  1.719924e+001  8.555054e-001  2.549898e+001  1.150275e+001  4.895086e+000  9.754135e+000  5.428175e+000  1.834928e+000  1.777514e+001
        48  1.584800e+000  5.413887e-003 -4.108145e+001  5.456964e+001 -3.763426e+001  5.437840e+001  1.350937e+002  1.761443e+000  2.371427e+001  5.013028e-001 -3.996110e+001  5.948371e+001 -3.761546e+001  5.045402e+001  1.361433e+002  1.902656e+000  2.770626e+001  4.963461e-001  2.967345e+001  9.671390e+000  4.662974e+000  5.257371e+000  2.986497e+000  1.295303e+000  1.990085e+001
        48  2.511800e+000  3.950702e-002 -7.618831e+001  5.321677e+001 -4.049548e+001  5.617695e+001  1.345255e+002  1.208154e+000  4.031191e+001  3.275432e-001 -3.011016e+001  5.422840e+001 -4.081941e+001  5.437037e+001  1.338673e+002  1.177255e+000  4.364408e+001  3.524853e-001  3.255266e+001  6.531653e+000  3.452644e+000  5.433497e+000  2.864116e+000  9.207141e-001  2.301940e+001
        48  3.981000e+000  1.039384e-001 -6.186174e+001  5.340378e+001 -4.225600e+001  5.764383e+001  1.349851e+002  8.351708e-001  6.034644e+001  1.838987e-001 -1.956053e+001  5.299787e+001 -4.058637e+001  5.813083e+001  1.336493e+002  8.883115e-001  5.983792e+001  2.273097e-001  3.817239e+001  5.423788e+000  2.933099e+000  5.680372e+000  2.800502e+000  7.579711e-001  2.525425e+001
        48  6.309500e+000  1.454848e-001 -3.948775e+001  5.417839e+001 -4.286631e+001  5.768303e+001  1.358045e+002  6.189176e-001  7.982630e+001  1.361420e-001  6.814622e-001  5.321322e+001 -4.161053e+001  6.056626e+001  1.348127e+002  6.247863e-001  8.036351e+001  1.815969e-001  4.183129e+001  5.496448e+000  2.960387e+000  5.863916e+000  2.774721e+000  5.881412e-001  2.807805e+001
        48  6.309500e+000  1.988125e-001 -2.835457e+001  5.417959e+001 -4.299364e+001  5.810296e+001  1.353161e+002  5.449986e-001  8.420546e+001  1.361420e-001  6.814622e-001  5.321322e+001 -4.161053e+001  6.056626e+001  1.348127e+002  6.247863e-001  8.036351e+001  1.815969e-001  4.183129e+001  5.496448e+000  2.960387e+000  5.863916e+000  2.774721e+000  5.881412e-001  2.807805e+001
        48  1.000000e+001  1.526964e-001 -3.735606e+000  5.445787e+001 -4.231409e+001  5.765268e+001  1.361432e+002  4.835782e-001  9.825175e+001  1.038298e-001  2.047173e+001  5.085311e+001 -4.131275e+001  5.887878e+001  1.365855e+002  5.065587e-001  9.924561e+001  1.465396e-001  4.488387e+001  5.275061e+000  2.973018e+000  5.676076e+000  2.762805e+000  4.989766e-001  2.950609e+001
        48  1.000000e+001  1.268503e-001 -1.405523e+001  5.435648e+001 -4.241721e+001  5.677207e+001  1.364410e+002  5.325386e-001  9.514422e+001  1.038298e-001  2.047173e+001  5.085311e+001 -4.131275e+001  5.887878e+001  1.365855e+002  5.065587e-001  9.924561e+001  1.465396e-001  4.488387e+001  5.275061e+000  2.973018e+000  5.676076e+000  2.762805e+000  4.989766e-001  2.950609e+001
        48  1.584800e+001  6.681604e-002  2.256495e+001  5.261492e+001 -4.121399e+001  5.652763e+001  1.368985e+002  4.959149e-001  1.090005e+002  3.947564e-002  4.405752e+001  5.239934e+001 -4.077382e+001  5.874009e+001  1.381668e+002  3.588652e-001  1.119126e+002  7.147985e-002  6.487270e+001  5.391754e+000  2.949094e+000  5.708664e+000  2.785246e+000  3.850887e-001  3.244819e+001
        48  1.584800e+001  6.570876e-002  1.252235e+001  5.284835e+001 -4.147412e+001  5.556310e+001  1.369058e+002  5.358573e-001  1.066994e+002  3.947564e-002  4.405752e+001  5.239934e+001 -4.077382e+001  5.874009e+001  1.381668e+002  3.588652e-001  1.119126e+002  7.147985e-002  6.487270e+001  5.391754e+000  2.949094e+000  5.708664e+000  2.785246e+000  3.850887e-001  3.244819e+001
        48  2.511800e+001  8.672255e-003  4.791888e+001  4.920473e+001 -4.067531e+001  5.472524e+001  1.375017e+002  5.295280e-001  1.180955e+002  3.444874e-003  5.512979e+001  5.119705e+001 -4.134233e+001  6.186436e+001  1.386180e+002  4.387426e-001  1.223445e+002  1.141040e-002  1.800000e+002  5.367800e+000  3.004991e+000  5.900572e+000  2.733449e+000  4.535641e-001  3.112393e+001
        48  2.511800e+001  1.326725e-002  3.790173e+001  4.980691e+001 -4.088149e+001  5.403972e+001  1.372986e+002  5.747877e-001  1.164658e+002  3.444874e-003  5.512979e+001  5.119705e+001 -4.134233e+001  6.186436e+001  1.386180e+002  4.387426e-001  1.223445e+002  1.141040e-002  1.800000e+002  5.367800e+000  3.004991e+000  5.900572e+000  2.733449e+000  4.535641e-001  3.112393e+001
        48  3.981000e+001  8.699366e-004 -9.172875e+001  4.634841e+001 -4.115444e+001  5.208807e+001  1.374924e+002  6.055254e-001  1.250115e+002  1.847949e-002 -9.011205e+001  4.363497e+001 -4.298899e+001  5.397107e+001  1.387275e+002  4.478651e-001  1.298544e+002  3.864575e-002  1.800000e+002  4.601659e+000  3.022553e+000  5.117733e+000  2.717516e+000  4.451657e-001  2.980082e+001
        48  3.981000e+001  3.643502e-003 -9.800830e+001  4.562010e+001 -4.113497e+001  5.242328e+001  1.377477e+002  5.546853e-001  1.256396e+002  1.847949e-002 -9.011205e+001  4.363497e+001 -4.298899e+001  5.397107e+001  1.387275e+002  4.478651e-001  1.298544e+002  3.864575e-002  1.800000e+002  4.601659e+000  3.022553e+000  5.117733e+000  2.717516e+000  4.451657e-001  2.980082e+001
        48  6.309500e+001  2.004879e-002 -7.753942e+001  4.346361e+001 -4.239743e+001  4.994591e+001  1.372566e+002  6.103375e-001  1.326051e+002  2.494689e-002 -6.792485e+001  4.215662e+001 -4.359784e+001  5.083495e+001  1.384798e+002  4.669511e-001  1.318959e+002  4.798404e-002  7.409635e+001  4.417517e+000  3.003336e+000  4.850947e+000  2.734775e+000  4.524931e-001  2.898094e+001
        48  6.309500e+001  3.033597e-002 -7.412397e+001  4.284370e+001 -4.258848e+001  5.011305e+001  1.374726e+002  5.677172e-001  1.323109e+002  2.494689e-002 -6.792485e+001  4.215662e+001 -4.359784e+001  5.083495e+001  1.384798e+002  4.669511e-001  1.318959e+002  4.798404e-002  7.409635e+001  4.417517e+000  3.003336e+000  4.850947e+000  2.734775e+000  4.524931e-001  2.898094e+001
        48  1.000000e+002  5.723275e-002 -4.695375e+001  4.150981e+001 -4.483417e+001  4.831919e+001  1.367160e+002  5.500049e-001  1.391244e+002  3.752691e-002 -3.882535e+001  4.148394e+001 -4.609697e+001  4.727451e+001  1.371751e+002  4.511880e-001  1.360476e+002  6.491469e-002  5.987227e+001  4.286112e+000  2.961212e+000  4.575484e+000  2.773782e+000  4.330581e-001  2.867944e+001
        48  1.000000e+002  4.309614e-002 -4.947768e+001  4.185522e+001 -4.449496e+001  4.814624e+001  1.364782e+002  5.748928e-001  1.397327e+002  3.752691e-002 -3.882535e+001  4.148394e+001 -4.609697e+001  4.727451e+001  1.371751e+002  4.511880e-001  1.360476e+002  6.491469e-002  5.987227e+001  4.286112e+000  2.961212e+000  4.575484e+000  2.773782e+000  4.330581e-001  2.867944e+001
        48  1.584800e+002  4.775932e-002 -1.849902e+001  4.214408e+001 -4.701560e+001  4.712437e+001  1.352831e+002  4.896959e-001  1.458279e+002  5.614667e-002 -1.483869e+001  4.262672e+001 -4.857743e+001  4.622024e+001  1.355408e+002  4.223793e-001  1.399723e+002  8.841666e-002  5.194061e+001  4.349923e+000  2.924697e+000  4.529568e+000  2.808608e+000  4.098179e-001  2.902100e+001
        48  1.584800e+002  6.382591e-002 -1.725083e+001  4.215090e+001 -4.736661e+001  4.723125e+001  1.356616e+002  4.828340e-001  1.454841e+002  5.614667e-002 -1.483869e+001  4.262672e+001 -4.857743e+001  4.622024e+001  1.355408e+002  4.223793e-001  1.399723e+002  8.841666e-002  5.194061e+001  4.349923e+000  2.924697e+000  4.529568e+000  2.808608e+000  4.098179e-001  2.902100e+001
        48  2.511800e+002  4.686108e-002  1.479486e+001  4.476848e+001 -4.927098e+001  4.680693e+001  1.343847e+002  3.858620e-001  1.498539e+002  5.766518e-002  1.058859e+001  4.496909e+001 -4.916855e+001  4.661307e+001  1.343471e+002  4.122185e-001  1.464861e+002  9.141793e-002  5.243493e+001  4.537301e+000  2.891749e+000  4.619494e+000  2.840254e+000  4.032737e-001  2.928475e+001
        48  2.511800e+002  3.084088e-002  1.463396e+001  4.444598e+001 -4.905628e+001  4.697460e+001  1.338644e+002  3.796069e-001  1.490990e+002  5.766518e-002  1.058859e+001  4.496909e+001 -4.916855e+001  4.661307e+001  1.343471e+002  4.122185e-001  1.464861e+002  9.141793e-002  5.243493e+001  4.537301e+000  2.891749e+000  4.619494e+000  2.840254e+000  4.032737e-001  2.928475e+001
        48  3.981000e+002  1.105561e-002  4.557445e+001  4.746699e+001 -5.011017e+001  4.768841e+001  1.323309e+002  2.913308e-001  1.481275e+002  6.661226e-002  4.026814e+001  4.753856e+001 -4.983423e+001  4.737692e+001  1.331498e+002  3.417864e-001  1.477030e+002  1.032836e-001  5.082862e+001  4.749707e+000  2.863481e+000  4.741625e+000  2.868365e+000  3.518289e-001  3.097681e+001
        48  3.981000e+002  2.367514e-002  4.521818e+001  4.797916e+001 -5.010406e+001  4.718812e+001  1.329087e+002  2.952849e-001  1.511138e+002  6.661226e-002  4.026814e+001  4.753856e+001 -4.983423e+001  4.737692e+001  1.331498e+002  3.417864e-001  1.477030e+002  1.032836e-001  5.082862e+001  4.749707e+000  2.863481e+000  4.741625e+000  2.868365e+000  3.518289e-001  3.097681e+001
        48  6.309500e+002  2.566413e-003  7.005419e+001  5.011197e+001 -5.093540e+001  4.923839e+001  1.307564e+002  2.430107e-001  1.447022e+002  8.783748e-002  5.635779e+001  5.084614e+001 -4.997783e+001  4.816231e+001  1.323962e+002  2.702168e-001  1.471987e+002  1.292541e-001  4.737124e+001  5.016183e+000  2.827381e+000  4.882003e+000  2.905156e+000  2.961995e-001  3.323522e+001
        48  6.309500e+002  1.111844e-002  6.977991e+001  5.063225e+001 -5.066539e+001  4.844048e+001  1.313822e+002  2.313474e-001  1.496991e+002  8.783748e-002  5.635779e+001  5.084614e+001 -4.997783e+001  4.816231e+001  1.323962e+002  2.702168e-001  1.471987e+002  1.292541e-001  4.737124e+001  5.016183e+000  2.827381e+000  4.882003e+000  2.905156e+000  2.961995e-001  3.323522e+001
        48  1.000000e+003  5.400879e-004  1.128444e+002  5.296342e+001 -5.211434e+001  5.157226e+001  1.291004e+002  2.130319e-001  1.407994e+002  9.565421e-002  6.859890e+001  5.406182e+001 -4.999883e+001  5.006331e+001  1.318086e+002  2.700826e-001  1.522508e+002  1.399141e-001  4.700001e+001  5.303233e+000  2.811363e+000  5.103348e+000  2.921571e+000  2.989698e-001  3.360598e+001
        48  1.000000e+003  6.674038e-003  9.428372e+001  5.326994e+001 -5.158201e+001  5.042042e+001  1.298058e+002  1.869907e-001  1.466878e+002  9.565421e-002  6.859890e+001  5.406182e+001 -4.999883e+001  5.006331e+001  1.318086e+002  2.700826e-001  1.522508e+002  1.399141e-001  4.700001e+001  5.303233e+000  2.811363e+000  5.103348e+000  2.921571e+000  2.989698e-001  3.360598e+001
