MT,
     StaID,        Freq[Hz],     Re(Zxx)_Cal,     Im(Zxx)_Cal,     Re(Zxy)_Cal,     Im(Zxy)_Cal,     Re(Zyx)_Cal,     Im(Zyx)_Cal,     Re(Zyy)_Cal,     Im(Zyy)_Cal,     Re(Zxx)_Res,     Im(Zxx)_Res,     Re(Zxy)_Res,     Im(Zxy)_Res,     Re(Zyx)_Res,     Im(Zyx)_Res,     Re(Zyy)_Res,     Im(Zyy)_Res,     Re(Zxx)_Obs,     Im(Zxx)_Obs,     Re(Zxy)_Obs,     Im(Zxy)_Obs,     Re(Zyx)_Obs,     Im(Zyx)_Obs,     Re(Zyy)_Obs,     Im(Zyy)_Obs,      Re(Zxx)_SD,      Im(Zxx)_SD,      Re(Zxy)_SD,      Im(Zxy)_SD,      Re(Zyx)_SD,      Im(Zyx)_SD,      Re(Zyy)_SD,      Im(Zyy)_SD,
         1,    6.309500e+00,   -1.991875e-02,   -1.629558e-03,    3.491907e-02,   -2.640810e-02,   -7.214873e-02,    2.816490e-02,    2.481240e-02,   -1.116310e-02,   -1.793062e-01,   -2.484469e-01,   -3.257472e-01,    2.225111e-02,   -6.546141e-01,    4.006087e-01,    4.389655e-01,   -6.964275e-01,   -2.072500e-02,   -2.746700e-03,    3.396600e-02,   -2.634300e-02,   -7.406400e-02,    2.933700e-02,    2.817000e-02,   -1.649000e-02,    4.496500e-03,    4.496500e-03,    2.925800e-03,    2.925800e-03,    2.925800e-03,    2.925800e-03,    7.648900e-03,    7.648900e-03,
         1,    1.000000e+01,   -1.766450e-02,   -2.765816e-03,    4.239767e-02,   -3.007197e-02,   -7.711197e-02,    3.207259e-02,    2.756338e-02,   -1.299279e-02,   -1.301826e-01,   -3.940601e-01,   -8.140715e-01,    1.526483e-01,   -3.000511e-01,   -4.907362e-01,    6.244909e-01,   -7.424127e-01,   -1.826100e-02,   -4.571400e-03,    3.977400e-02,   -2.958000e-02,   -7.807900e-02,    3.049100e-02,    3.285700e-02,   -1.928600e-02,    4.582000e-03,    4.582000e-03,    3.222900e-03,    3.222900e-03,    3.222900e-03,    3.222900e-03,    8.476700e-03,    8.476700e-03,
         1,    1.584800e+01,   -1.515702e-02,   -1.816160e-03,    4.904884e-02,   -3.479523e-02,   -8.222946e-02,    4.066932e-02,    3.056311e-02,   -1.568667e-02,    1.432213e-01,   -5.950524e-01,   -7.011964e-01,    1.028618e-02,    1.291583e-01,   -6.847514e-01,    8.595362e-01,   -6.923756e-01,   -1.451900e-02,   -4.467000e-03,    4.651100e-02,   -3.475800e-02,   -8.176200e-02,    3.819100e-02,    3.875200e-02,   -2.228300e-02,    4.454800e-03,    4.454800e-03,    3.619300e-03,    3.619300e-03,    3.619300e-03,    3.619300e-03,    9.527100e-03,    9.527100e-03,
         2,    6.309500e+00,   -1.403008e-02,   -4.580072e-03,    3.508134e-02,   -3.377065e-02,   -3.210093e-02,    2.385954e-02,   -1.858096e-04,    3.295961e-03,   -6.263315e-01,    9.978656e-02,   -1.579404e-01,   -1.662133e-01,    5.818197e-03,    4.174185e-01,    7.515970e-04,    4.293711e-01,   -1.675400e-02,   -4.146100e-03,    3.462300e-02,   -3.425300e-02,   -3.208800e-02,    2.478700e-02,   -1.843500e-04,    4.129800e-03,    4.349000e-03,    4.349000e-03,    2.902000e-03,    2.902000e-03,    2.221900e-03,    2.221900e-03,    1.942000e-03,    1.942000e-03,
         2,    1.000000e+01,   -1.094845e-02,   -6.358460e-03,    4.402348e-02,   -4.133971e-02,   -3.668802e-02,    3.057743e-02,   -1.144758e-03,    3.956397e-03,   -8.546660e-01,    8.263427e-02,   -3.189182e-01,   -1.236029e-01,   -4.087301e-01,    2.279561e-02,    2.445718e-01,    5.626667e-01,   -1.493000e-02,   -5.973500e-03,    4.313000e-02,   -4.168600e-02,   -3.779200e-02,    3.063900e-02,   -5.530900e-04,    5.317600e-03,    4.658600e-03,    4.658600e-03,    2.801600e-03,    2.801600e-03,    2.701000e-03,    2.701000e-03,    2.419200e-03,    2.419200e-03,
         2,    1.584800e+01,   -7.378088e-03,   -6.103964e-03,    5.367436e-02,   -5.116129e-02,   -4.255872e-02,    4.093881e-02,   -2.085198e-03,    4.794560e-03,   -1.080008e+00,    8.684702e-02,   -1.228010e-02,   -2.635651e-01,   -9.460160e-01,   -3.013003e-01,    2.065790e-01,    5.753812e-01,   -1.258200e-02,   -5.685500e-03,    5.363300e-02,   -5.204900e-02,   -4.574500e-02,    3.992400e-02,   -1.460400e-03,    6.534800e-03,    4.818400e-03,    4.818400e-03,    3.368100e-03,    3.368100e-03,    3.368100e-03,    3.368100e-03,    3.024500e-03,    3.024500e-03,
         4,    6.309500e+00,   -1.847124e-03,    4.489951e-03,    4.568407e-02,   -3.708174e-02,   -4.536965e-02,    4.721638e-02,   -8.419642e-03,    1.039304e-03,   -6.770120e-02,    2.452616e-01,    4.114677e-01,   -4.457065e-01,   -6.628585e-01,   -4.609152e-01,   -1.738439e-01,    4.185338e-02,   -2.033600e-03,    5.165500e-03,    4.698600e-02,   -3.849200e-02,   -4.746700e-02,    4.575800e-02,   -9.059700e-03,    1.193400e-03,    2.754400e-03,    2.754400e-03,    3.164100e-03,    3.164100e-03,    3.164100e-03,    3.164100e-03,    3.681800e-03,    3.681800e-03,
         4,    1.000000e+01,   -3.364111e-03,    6.383275e-03,    5.406502e-02,   -4.717881e-02,   -5.658282e-02,    5.985316e-02,   -1.010068e-02,   -2.579224e-03,   -3.469503e-01,    9.387504e-02,    2.109347e-01,   -4.713788e-03,   -6.849573e-01,   -7.056836e-01,   -2.025664e-01,   -1.588018e-02,   -4.629300e-03,    6.725600e-03,    5.487900e-02,   -4.719700e-02,   -5.922600e-02,    5.713000e-02,   -1.102900e-02,   -2.652000e-03,    3.646600e-03,    3.646600e-03,    3.858900e-03,    3.858900e-03,    3.858900e-03,    3.858900e-03,    4.582800e-03,    4.582800e-03,
         4,    1.584800e+01,   -5.215297e-03,    8.465374e-03,    6.422067e-02,   -6.106429e-02,   -6.992307e-02,    7.686854e-02,   -1.045823e-02,   -7.770738e-03,   -6.268990e-01,   -4.929808e-01,   -1.796360e-01,    5.493063e-02,   -1.907512e-01,   -1.124080e+00,   -2.142285e-01,   -6.013325e-02,   -8.026500e-03,    6.254700e-03,    6.337600e-02,   -6.080600e-02,   -7.082000e-02,    7.158300e-02,   -1.167400e-02,   -8.112000e-03,    4.484300e-03,    4.484300e-03,    4.702100e-03,    4.702100e-03,    4.702100e-03,    4.702100e-03,    5.675100e-03,    5.675100e-03,
         5,    6.309500e+00,   -8.138013e-03,   -7.484350e-03,    3.826701e-02,   -3.379800e-02,   -3.895293e-02,    2.079418e-02,   -8.667346e-04,    2.567328e-03,   -1.216858e-01,   -4.657587e-01,    4.251091e-01,    7.512027e-02,    9.019749e-02,   -3.197004e-02,    1.284026e+00,    4.365363e-03,   -8.604800e-03,   -9.271000e-03,    3.928000e-02,   -3.361900e-02,   -3.873800e-02,    2.071800e-02,    1.301600e-03,    2.574700e-03,    3.836000e-03,    3.836000e-03,    2.382900e-03,    2.382900e-03,    2.382900e-03,    2.382900e-03,    1.688700e-03,    1.688700e-03,
         5,    1.000000e+01,   -4.835450e-03,   -1.039134e-02,    4.789509e-02,   -3.971997e-02,   -4.344031e-02,    2.355115e-02,   -1.688172e-03,    2.263168e-03,    8.653357e-02,   -5.551949e-01,    1.529025e-02,    3.917879e-01,    1.190379e-01,   -2.411892e-01,    1.257094e+00,    1.705914e-01,   -4.460500e-03,   -1.279700e-02,    4.793700e-02,   -3.864600e-02,   -4.311400e-02,    2.289000e-02,    4.306600e-04,    2.550700e-03,    4.333000e-03,    4.333000e-03,    2.741200e-03,    2.741200e-03,    2.741200e-03,    2.741200e-03,    1.685500e-03,    1.685500e-03,
         5,    1.584800e+01,   -2.856555e-04,   -1.244650e-02,    5.745654e-02,   -4.697094e-02,   -4.718395e-02,    2.873865e-02,   -2.018879e-03,    2.103881e-03,    4.413774e-01,   -6.146586e-01,    2.521821e-01,    1.369722e-01,    3.227337e-02,   -3.478521e-01,    8.092119e-01,    4.066166e-01,    1.981700e-03,   -1.560400e-02,    5.826100e-02,   -4.653400e-02,   -4.708100e-02,    2.762900e-02,   -4.878500e-04,    2.873200e-03,    5.137000e-03,    5.137000e-03,    3.190000e-03,    3.190000e-03,    3.190000e-03,    3.190000e-03,    1.892000e-03,    1.892000e-03,
         6,    6.309500e+00,    1.233663e-01,   -6.512201e-02,    8.569207e-02,   -7.970791e-02,   -1.643381e-01,    1.043570e-01,   -8.377287e-02,    6.188772e-02,    1.045728e-01,    1.783839e-01,   -2.112708e-01,   -1.740235e-01,   -6.399593e-01,   -2.747110e-01,    3.628256e-01,   -2.514206e-01,    1.253700e-01,   -6.170400e-02,    8.408700e-02,   -8.103000e-02,   -1.692000e-01,    1.022700e-01,   -7.631100e-02,    5.671700e-02,    1.916100e-02,    1.916100e-02,    7.597200e-03,    7.597200e-03,    7.597200e-03,    7.597200e-03,    2.056600e-02,    2.056600e-02,
         6,    1.000000e+01,    1.486355e-01,   -6.209596e-02,    1.105669e-01,   -9.401346e-02,   -2.000165e-01,    1.106154e-01,   -1.064661e-01,    6.548385e-02,    1.647686e-02,    2.229930e-01,   -1.940897e-01,   -1.433941e-02,   -4.650397e-01,   -4.399806e-01,    4.018461e-01,   -2.983488e-01,    1.490100e-01,   -5.702800e-02,    1.088000e-01,   -9.414400e-02,   -2.042500e-01,    1.066100e-01,   -9.674300e-02,    5.826500e-02,    2.272700e-02,    2.272700e-02,    9.103500e-03,    9.103500e-03,    9.103500e-03,    9.103500e-03,    2.419600e-02,    2.419600e-02,
         6,    1.584800e+01,    1.711449e-01,   -5.294070e-02,    1.391509e-01,   -1.086006e-01,   -2.344481e-01,    1.130068e-01,   -1.306210e-01,    6.526722e-02,   -2.689979e-02,    2.447129e-01,   -3.700734e-01,    1.014714e-01,   -4.837946e-01,   -5.189957e-01,    5.326655e-01,   -4.000806e-01,    1.704400e-01,   -4.652800e-02,    1.352100e-01,   -1.075200e-01,   -2.396000e-01,    1.074800e-01,   -1.159700e-01,    5.426300e-02,    2.620500e-02,    2.620500e-02,    1.064900e-02,    1.064900e-02,    1.064900e-02,    1.064900e-02,    2.750500e-02,    2.750500e-02,
         7,    6.309500e+00,    4.045776e-03,    1.345104e-03,    3.106064e-02,   -3.418249e-02,   -4.169289e-02,    3.843180e-02,   -5.612495e-03,    7.309062e-03,    2.029777e-01,    3.912656e-01,    8.712075e-01,   -5.722346e-01,   -3.134035e-01,    1.369601e-01,   -6.271792e-01,   -1.582632e-01,    4.524600e-03,    2.268100e-03,    3.337100e-02,   -3.570000e-02,   -4.252400e-02,    3.879500e-02,   -7.912800e-03,    6.728600e-03,    2.359000e-03,    2.359000e-03,    2.651900e-03,    2.651900e-03,    2.651900e-03,    2.651900e-03,    3.667700e-03,    3.667700e-03,
         7,    1.000000e+01,    3.975767e-03,    3.088889e-03,    4.086998e-02,   -4.329529e-02,   -5.305348e-02,    4.545362e-02,   -7.839515e-03,    8.717136e-03,    3.746795e-02,    5.611497e-01,    9.649332e-01,   -2.133008e-01,   -2.769293e-01,   -2.403004e-02,   -4.297405e-01,   -4.653832e-01,    4.086800e-03,    4.751800e-03,    4.406700e-02,   -4.400200e-02,   -5.397100e-02,    4.537400e-02,   -9.698100e-03,    6.704400e-03,    2.963400e-03,    2.963400e-03,    3.313200e-03,    3.313200e-03,    3.313200e-03,    3.313200e-03,    4.324900e-03,    4.324900e-03,
         7,    1.584800e+01,    2.788876e-03,    5.285905e-03,    5.330427e-02,   -5.354307e-02,   -6.532210e-02,    5.337821e-02,   -1.034877e-02,    1.012483e-02,   -3.077828e-01,    3.891944e-01,    8.777157e-01,   -7.229494e-02,   -1.977894e-01,    5.831182e-03,   -1.276146e-01,   -6.537412e-01,    1.718900e-03,    6.638900e-03,    5.688500e-02,   -5.383800e-02,   -6.612900e-02,    5.340200e-02,   -1.098400e-02,    6.870700e-03,    3.476400e-03,    3.476400e-03,    4.079600e-03,    4.079600e-03,    4.079600e-03,    4.079600e-03,    4.977700e-03,    4.977700e-03,
         8,    1.584800e+01,   -3.776905e-01,    2.127312e-01,    7.877545e-02,   -1.225531e-01,   -2.681171e-01,    1.422919e-01,   -2.341054e-02,   -9.656307e-03,    1.468803e+00,   -1.442109e-01,   -7.007348e-02,    3.562114e-01,   -4.617101e-01,   -4.414677e-01,    1.662626e-01,    3.795122e-01,   -3.260400e-01,    2.076600e-01,    7.804500e-02,   -1.188400e-01,   -2.729300e-01,    1.376900e-01,   -2.136800e-02,   -4.994000e-03,    3.516500e-02,    3.516500e-02,    1.042400e-02,    1.042400e-02,    1.042400e-02,    1.042400e-02,    1.228500e-02,    1.228500e-02,
         9,    6.309500e+00,   -8.323256e-03,   -2.195401e-03,    3.298187e-02,   -2.296465e-02,   -3.210607e-02,    1.908840e-02,    1.985853e-03,   -4.474465e-04,   -1.312339e+00,   -4.864140e-01,   -3.169144e-01,    3.493916e-01,    1.451241e-01,   -3.077304e-01,   -1.529380e-01,    3.170211e-01,   -1.284400e-02,   -3.871000e-03,    3.237900e-02,   -2.230000e-02,   -3.183000e-02,    1.850300e-02,    1.799100e-03,   -6.033200e-05,    3.444800e-03,    3.444800e-03,    1.902300e-03,    1.902300e-03,    1.902300e-03,    1.902300e-03,    1.221100e-03,    1.221100e-03,
         9,    1.000000e+01,   -7.209080e-03,   -3.066121e-03,    3.902941e-02,   -2.569237e-02,   -3.614916e-02,    2.248467e-02,    2.453748e-03,   -9.267592e-04,   -1.055181e+00,   -6.873642e-01,   -3.238181e-01,    1.796610e-01,    3.865976e-01,   -4.538529e-01,   -2.834814e-01,    2.809559e-01,   -1.096700e-02,   -5.514100e-03,    3.832400e-02,   -2.530100e-02,   -3.530700e-02,    2.149600e-02,    2.055400e-03,   -5.319600e-04,    3.561400e-03,    3.561400e-03,    2.178400e-03,    2.178400e-03,    2.178400e-03,    2.178400e-03,    1.405200e-03,    1.405200e-03,
         9,    1.584800e+01,   -5.884875e-03,   -3.676936e-03,    4.409833e-02,   -2.973410e-02,   -4.001184e-02,    2.822823e-02,    3.375273e-03,   -8.399030e-04,   -3.421715e-01,   -7.792605e-01,   -8.163240e-02,   -4.467849e-02,    7.928725e-01,   -1.151130e+00,   -2.643758e-01,    5.868201e-02,   -7.033100e-03,   -6.291900e-03,    4.380800e-02,   -2.989300e-02,   -3.805900e-02,    2.539300e-02,    2.910500e-03,   -7.367400e-04,    3.355700e-03,    3.355700e-03,    3.556600e-03,    3.556600e-03,    2.463000e-03,    2.463000e-03,    1.758000e-03,    1.758000e-03,
        10,    6.309500e+00,   -1.472436e-02,    2.144808e-02,    5.900037e-02,   -6.382424e-02,   -8.129952e-02,    6.994015e-02,    2.624896e-02,   -3.545431e-02,   -1.605010e-01,   -2.808337e-01,   -1.116153e-01,    3.028282e-01,    4.027716e-01,    7.049951e-01,    6.611293e-01,    6.196901e-01,   -1.584000e-02,    1.949600e-02,    5.846400e-02,   -6.236900e-02,   -7.936400e-02,    7.332800e-02,    3.308900e-02,   -2.904300e-02,    6.951000e-03,    6.951000e-03,    4.805500e-03,    4.805500e-03,    4.805500e-03,    4.805500e-03,    1.034600e-02,    1.034600e-02,
        10,    1.000000e+01,   -2.495127e-02,    2.529878e-02,    7.614239e-02,   -8.032384e-02,   -1.020966e-01,    8.339001e-02,    3.761981e-02,   -4.537345e-02,    4.318553e-01,   -6.261996e-01,   -3.935487e-01,    3.305667e-02,    2.333581e-01,    2.068487e-01,    2.648024e-01,    8.576780e-01,   -2.129700e-02,    2.000000e-02,    7.378700e-02,   -8.012600e-02,   -1.007000e-01,    8.462800e-02,    4.095500e-02,   -3.457100e-02,    8.461800e-03,    8.461800e-03,    5.985000e-03,    5.985000e-03,    5.985000e-03,    5.985000e-03,    1.259500e-02,    1.259500e-02,
        10,    1.584800e+01,   -3.756016e-02,    2.481470e-02,    9.621339e-02,   -1.003417e-01,   -1.250061e-01,    9.808840e-02,    5.266860e-02,   -5.505866e-02,    5.443823e-01,   -5.153748e-01,    2.170523e-02,   -5.283550e-01,    2.117153e-01,    9.338278e-02,    2.061581e-01,    6.630287e-01,   -3.164000e-02,    1.921000e-02,    9.637600e-02,   -1.043000e-01,   -1.234200e-01,    9.878800e-02,    5.595600e-02,   -4.448600e-02,    1.087500e-02,    1.087500e-02,    7.491700e-03,    7.491700e-03,    7.491700e-03,    7.491700e-03,    1.594600e-02,    1.594600e-02,
        11,    6.309500e+00,   -3.804460e-02,    2.898823e-03,    3.687421e-02,   -3.442689e-02,   -5.293052e-02,    2.701742e-02,    2.681440e-03,   -3.002519e-04,   -3.283019e-01,    6.228432e-01,   -6.801678e-01,   -2.357763e-01,   -4.843002e-01,    8.878379e-01,   -2.719227e-01,    3.429988e-01,   -4.026100e-02,    7.103700e-03,    3.499300e-02,   -3.507900e-02,   -5.427000e-02,    2.947300e-02,    2.203400e-03,    3.027400e-04,    6.751100e-03,    6.751100e-03,    2.765800e-03,    2.765800e-03,    2.765800e-03,    2.765800e-03,    1.758000e-03,    1.758000e-03,
        11,    1.000000e+01,   -3.878964e-02,   -3.181564e-03,    4.754801e-02,   -4.147585e-02,   -5.902999e-02,    2.935084e-02,    2.819292e-03,   -9.692921e-04,   -4.724070e-01,    4.993120e-01,   -4.682418e-01,   -6.552753e-01,   -7.540325e-01,    3.603941e-01,   -3.164733e-01,    4.406811e-01,   -4.246700e-02,    7.052300e-04,    4.600300e-02,   -4.363800e-02,   -6.151800e-02,    3.054000e-02,    2.231000e-03,   -1.501100e-04,    7.784300e-03,    7.784300e-03,    3.299600e-03,    3.299600e-03,    3.299600e-03,    3.299600e-03,    1.858900e-03,    1.858900e-03,
        11,    1.584800e+01,   -3.628073e-02,   -9.470520e-03,    5.930815e-02,   -4.854731e-02,   -6.355606e-02,    3.443589e-02,    3.403580e-03,   -1.553953e-03,   -6.165574e-01,    2.801357e-01,    1.802849e-01,   -9.638021e-01,   -8.053392e-01,   -2.036466e-01,   -1.991570e-01,    2.801548e-01,   -4.164200e-02,   -7.034600e-03,    6.000300e-02,   -5.226200e-02,   -6.666000e-02,    3.365100e-02,    2.949900e-03,   -9.157600e-04,    8.695500e-03,    8.695500e-03,    3.854200e-03,    3.854200e-03,    3.854200e-03,    3.854200e-03,    2.278000e-03,    2.278000e-03,
        12,    6.309500e+00,   -6.702119e-03,   -3.521095e-03,    2.439913e-02,   -2.199802e-02,   -2.878643e-02,    2.065987e-02,    2.502852e-03,   -2.965302e-03,   -1.219558e-02,   -1.363756e+00,    3.678371e-01,    3.364874e-01,   -8.601501e-01,   -8.632375e-01,   -3.631037e-03,    2.076839e+00,   -6.735100e-03,   -7.209100e-03,    2.503100e-02,   -2.142000e-02,   -3.026400e-02,    1.917700e-02,    2.497700e-03,   -1.826800e-05,    2.704300e-03,    2.704300e-03,    1.717800e-03,    1.717800e-03,    1.717800e-03,    1.717800e-03,    1.419000e-03,    1.419000e-03,
        12,    1.000000e+01,   -3.512654e-03,   -2.142824e-03,    2.992209e-02,   -2.724826e-02,   -3.290389e-02,    2.710870e-02,    1.632406e-03,   -6.162612e-03,   -1.335805e+00,   -7.942300e-01,    4.453065e-02,    2.021159e-02,   -2.616128e-01,   -1.524639e+00,    2.546830e+00,   -5.176175e-01,   -7.213100e-03,   -4.343000e-03,    3.001300e-02,   -2.720700e-02,   -3.343800e-02,    2.399600e-02,    1.054300e-02,   -7.973600e-03,    2.770200e-03,    2.770200e-03,    2.041600e-03,    2.041600e-03,    2.041600e-03,    2.041600e-03,    3.498700e-03,    3.498700e-03,
        12,    1.584800e+01,   -1.730281e-03,    1.834880e-03,    3.610354e-02,   -3.425314e-02,   -3.860311e-02,    3.635067e-02,    2.149422e-03,   -1.174367e-02,   -1.939281e+00,   -7.446413e-01,    1.433558e-01,   -4.969609e-01,   -7.525217e-02,   -8.967613e-01,    3.031120e+00,   -8.005827e-01,   -7.366800e-03,   -3.294200e-04,    3.647100e-02,   -3.552700e-02,   -3.879600e-02,    3.405200e-02,    1.823800e-02,   -1.599300e-02,    2.906500e-03,    2.906500e-03,    2.563300e-03,    2.563300e-03,    2.563300e-03,    2.563300e-03,    5.307800e-03,    5.307800e-03,
        13,    6.309500e+00,   -1.387383e-02,   -3.799229e-03,    1.769006e-02,   -2.213871e-02,   -2.934046e-02,    1.891315e-02,    1.844464e-03,   -1.189559e-03,   -1.562139e-01,   -8.795501e-02,    3.592200e-01,   -1.827027e-02,   -4.849646e-01,    2.699760e-01,   -5.425457e-02,    1.134262e-01,   -1.435900e-02,   -4.072400e-03,    1.826600e-02,   -2.216800e-02,   -3.011800e-02,    1.934600e-02,    1.774600e-03,   -1.043500e-03,    3.105800e-03,    3.105800e-03,    1.603300e-03,    1.603300e-03,    1.603300e-03,    1.603300e-03,    1.287700e-03,    1.287700e-03,
        13,    1.000000e+01,   -1.184343e-02,   -6.547518e-03,    2.359476e-02,   -2.906037e-02,   -3.298900e-02,    2.307695e-02,    3.285491e-03,   -1.730538e-03,   -2.228393e-01,   -9.580572e-02,    8.411364e-01,    1.991069e-01,   -7.206513e-01,   -1.475295e-01,    3.076659e-01,   -8.207715e-02,   -1.262700e-02,   -6.884400e-03,    2.526500e-02,   -2.866500e-02,   -3.442000e-02,    2.278400e-02,    3.903100e-03,   -1.895300e-03,    3.516300e-03,    3.516300e-03,    1.985700e-03,    1.985700e-03,    1.985700e-03,    1.985700e-03,    2.007400e-03,    2.007400e-03,
        14,    6.309500e+00,    9.999891e-02,   -5.211659e-02,    5.316951e-02,   -6.315159e-02,   -1.915224e-01,    1.108139e-01,   -3.239140e-02,    2.443540e-02,   -7.382470e-02,    1.841189e-01,    1.664591e-01,   -1.433133e+00,   -6.524506e-01,    4.244578e-01,   -1.675832e-01,    3.890906e-01,    9.888600e-02,   -4.934100e-02,    5.436800e-02,   -7.347000e-02,   -1.962200e-01,    1.138700e-01,   -3.496900e-02,    3.042000e-02,    1.507500e-02,    1.507500e-02,    7.199900e-03,    7.199900e-03,    7.199900e-03,    7.199900e-03,    1.538100e-02,    1.538100e-02,
        14,    1.000000e+01,    1.144745e-01,   -5.460820e-02,    6.526026e-02,   -8.154977e-02,   -2.240632e-01,    1.194412e-01,   -3.808507e-02,    2.343018e-02,   -2.636673e-01,    1.890537e-01,    1.395554e+00,   -1.106731e+00,   -9.700921e-01,   -1.708097e-02,   -4.427159e-01,    3.615878e-01,    1.097100e-01,   -5.119200e-02,    7.761300e-02,   -9.134600e-02,   -2.326500e-01,    1.192900e-01,   -4.604200e-02,    2.992900e-02,    1.807000e-02,    1.807000e-02,    8.851500e-03,    8.851500e-03,    8.851500e-03,    8.851500e-03,    1.797300e-02,    1.797300e-02,
        14,    1.584800e+01,    1.268777e-01,   -5.966778e-02,    7.787622e-02,   -1.100031e-01,   -2.538657e-01,    1.308130e-01,   -3.826578e-02,    2.518723e-02,   -5.248496e-01,    3.812058e-01,    2.002010e+00,   -1.340370e+00,   -1.100233e+00,   -3.324421e-01,   -7.696468e-01,    3.859778e-01,    1.156900e-01,   -5.154200e-02,    9.957400e-02,   -1.245300e-01,   -2.657900e-01,    1.272100e-01,   -5.404200e-02,    3.309900e-02,    2.131600e-02,    2.131600e-02,    1.083800e-02,    1.083800e-02,    1.083800e-02,    1.083800e-02,    2.049800e-02,    2.049800e-02,
        15,    6.309500e+00,   -1.629041e-02,    9.904248e-03,    2.391342e-02,   -2.882371e-02,   -2.265734e-02,    2.088922e-02,   -9.863786e-04,    7.971827e-04,   -1.193646e+00,    4.736605e-01,   -8.262616e-01,    6.990841e-01,    8.456440e-02,    1.001532e+00,   -2.491255e-01,    1.967225e-02,   -2.159700e-02,    1.201000e-02,    2.243400e-02,   -2.757200e-02,   -2.251500e-02,    2.257500e-02,   -1.243800e-03,    8.175100e-04,    4.445700e-03,    4.445700e-03,    1.790500e-03,    1.790500e-03,    1.683200e-03,    1.683200e-03,    1.033300e-03,    1.033300e-03,
        15,    1.000000e+01,   -2.023388e-02,    1.002283e-02,    3.185384e-02,   -3.681935e-02,   -2.753706e-02,    2.579096e-02,   -1.214986e-03,    4.109346e-04,   -1.189316e+00,    2.292198e-01,   -1.181907e+00,    1.550310e-01,   -1.021189e-01,    4.552041e-01,   -3.833298e-01,    2.932864e-01,   -2.681900e-02,    1.129200e-02,    2.934300e-02,   -3.649000e-02,   -2.775400e-02,    2.675800e-02,   -1.704000e-03,    7.850800e-04,    5.536900e-03,    5.536900e-03,    2.124400e-03,    2.124400e-03,    2.124400e-03,    2.124400e-03,    1.275700e-03,    1.275700e-03,
        15,    1.584800e+01,   -2.419643e-02,    9.206205e-03,    4.127526e-02,   -4.613689e-02,   -3.262317e-02,    3.269936e-02,   -1.159875e-03,    6.717423e-05,   -1.183321e+00,   -1.461418e-01,   -1.037605e+00,   -7.362754e-01,    1.962697e-01,   -2.536647e-02,   -5.956849e-01,    3.175352e-01,   -3.223200e-02,    8.213800e-03,    3.852000e-02,   -4.809200e-02,   -3.210200e-02,    3.263200e-02,   -2.037200e-03,    5.348400e-04,    6.790700e-03,    6.790700e-03,    2.655400e-03,    2.655400e-03,    2.655400e-03,    2.655400e-03,    1.472800e-03,    1.472800e-03,
        16,    6.309500e+00,   -4.917079e-03,   -3.936937e-03,    2.445370e-02,   -2.479220e-02,   -3.839308e-02,    2.913589e-02,    2.822440e-03,    2.530930e-03,   -8.487951e-01,   -3.943618e-02,    1.484760e-01,   -1.475753e+00,   -6.380385e-02,    2.436790e-01,   -9.905912e-01,    7.272250e-02,   -7.146100e-03,   -4.040500e-03,    2.477000e-02,   -2.793600e-02,   -3.852900e-02,    2.965500e-02,    1.068400e-03,    2.659700e-03,    2.626100e-03,    2.626100e-03,    2.130300e-03,    2.130300e-03,    2.130300e-03,    2.130300e-03,    1.770700e-03,    1.770700e-03,
        17,    6.309500e+00,   -1.008238e-02,   -2.255383e-03,    3.055413e-02,   -2.329804e-02,   -2.497133e-02,    2.019779e-02,    3.702836e-04,    1.963571e-03,   -3.239042e+00,   -9.369357e-01,    5.604284e-01,    1.983611e+00,   -2.169060e-01,   -6.907574e-01,    9.722685e-01,    2.239151e-01,   -2.523300e-02,   -6.637900e-03,    3.151700e-02,   -1.989000e-02,   -2.534400e-02,    1.901100e-02,    1.765100e-03,    2.284800e-03,    4.677500e-03,    4.677500e-03,    1.718100e-03,    1.718100e-03,    1.718100e-03,    1.718100e-03,    1.434600e-03,    1.434600e-03,
        17,    1.000000e+01,   -8.221136e-03,   -2.572071e-03,    3.632896e-02,   -2.695078e-02,   -2.860221e-02,    2.680266e-02,   -4.251966e-04,    1.741993e-03,   -2.891840e+00,   -1.457864e+00,   -4.871073e-01,    1.811174e+00,   -4.729143e-01,    2.644554e-02,    2.594699e-01,   -1.232560e+00,   -2.204500e-02,   -9.541100e-03,    3.532800e-02,   -2.322900e-02,   -2.957400e-02,    2.685700e-02,   -2.113000e-04,    7.259200e-04,    4.780300e-03,    4.780300e-03,    2.054900e-03,    2.054900e-03,    2.054900e-03,    2.054900e-03,    8.243600e-04,    8.243600e-04,
        17,    1.584800e+01,   -6.341920e-03,   -1.627285e-03,    4.115658e-02,   -3.242473e-02,   -3.329607e-02,    3.667537e-02,   -7.690645e-04,    1.463373e-03,   -2.064026e+00,   -1.950504e+00,   -1.048946e+00,    1.730060e+00,   -9.510982e-01,   -2.768328e-02,   -7.256673e-01,   -6.397812e-01,   -1.560300e-02,   -1.037900e-02,    3.856600e-02,   -2.815200e-02,   -3.564500e-02,    3.660700e-02,   -1.846100e-03,    5.138100e-04,    4.486900e-03,    4.486900e-03,    2.469700e-03,    2.469700e-03,    2.469700e-03,    2.469700e-03,    1.484200e-03,    1.484200e-03,
        18,    6.309500e+00,    2.372480e-01,   -1.511090e-01,    1.415573e-01,   -1.201821e-01,   -7.695246e-01,    5.193168e-01,   -3.682695e-01,    2.573552e-01,    5.102516e-01,   -2.227297e-01,   -4.119864e-01,   -5.849096e-01,   -3.602221e+00,    2.014509e+00,    2.613728e-01,    6.046691e-02,    2.554400e-01,   -1.590500e-01,    1.325500e-01,   -1.329700e-01,   -8.482800e-01,    5.633600e-01,   -3.422700e-01,    2.633700e-01,    3.565300e-02,    3.565300e-02,    2.186300e-02,    2.186300e-02,    2.186300e-02,    2.186300e-02,    9.947300e-02,    9.947300e-02,
        18,    1.000000e+01,    2.916072e-01,   -1.647956e-01,    1.804270e-01,   -1.383290e-01,   -9.489720e-01,    5.789813e-01,   -4.693408e-01,    2.675454e-01,    2.848632e-01,    4.605351e-02,   -3.624412e-01,   -4.742708e-01,   -2.222963e+00,    4.939575e-01,    2.947234e-01,    9.031991e-04,    3.035800e-01,   -1.628600e-01,    1.710800e-01,   -1.505600e-01,   -1.006300e+00,    5.917200e-01,   -4.352000e-01,    2.676500e-01,    4.203000e-02,    4.203000e-02,    2.578900e-02,    2.578900e-02,    2.578900e-02,    2.578900e-02,    1.158400e-01,    1.158400e-01,
        18,    1.584800e+01,    3.474300e-01,   -1.700999e-01,    2.230865e-01,   -1.539594e-01,   -1.136448e+00,    6.194961e-01,   -5.739162e-01,    2.493746e-01,   -1.241549e-03,    2.012523e-01,   -2.523801e-01,   -3.420487e-01,   -9.037513e-01,   -3.673846e-01,    3.486981e-01,   -9.362019e-02,    3.473700e-01,   -1.603800e-01,    2.155600e-01,   -1.641600e-01,   -1.163400e+00,    6.085400e-01,   -5.283100e-01,    2.371300e-01,    4.829700e-02,    4.829700e-02,    2.982200e-02,    2.982200e-02,    2.982200e-02,    2.982200e-02,    1.307900e-01,    1.307900e-01,
        19,    6.309500e+00,   -5.153571e-03,   -5.795322e-03,    3.031839e-02,   -3.024373e-02,   -3.412639e-02,    2.585377e-02,    7.469247e-03,   -6.532012e-03,   -4.307121e-01,    2.725469e-01,   -8.629380e-02,    7.364500e-01,    3.005466e-01,   -1.003181e+00,    2.243832e-01,    5.390673e-01,   -6.337900e-03,   -5.045900e-03,    3.011700e-02,   -2.852500e-02,   -3.350600e-02,    2.378300e-02,    8.134700e-03,   -4.933300e-03,    2.749700e-03,    2.749700e-03,    2.333800e-03,    2.333800e-03,    2.064200e-03,    2.064200e-03,    2.965700e-03,    2.965700e-03,
        19,    1.000000e+01,   -1.858377e-03,   -6.064505e-03,    3.854811e-02,   -3.756321e-02,   -3.924559e-02,    3.460327e-02,    9.016481e-03,   -8.784102e-03,   -5.964073e-01,   -6.838653e-02,   -1.468380e-01,    4.655680e-01,   -4.013727e-01,   -3.727954e-01,    6.081115e-02,    5.347625e-01,   -3.604300e-03,   -6.264700e-03,    3.816200e-02,   -3.633900e-02,   -4.030100e-02,    3.362300e-02,    9.240400e-03,   -6.815000e-03,    2.927400e-03,    2.927400e-03,    2.629500e-03,    2.629500e-03,    2.629500e-03,    2.629500e-03,    3.682200e-03,    3.682200e-03,
        19,    1.584800e+01,    7.571817e-04,   -4.467358e-03,    4.833515e-02,   -4.660876e-02,   -4.764315e-02,    4.702751e-02,    1.141470e-02,   -1.174229e-02,   -3.519679e-01,   -3.081473e-01,    8.868124e-02,   -2.453569e-02,   -8.777749e-01,   -3.553445e-01,   -3.510548e-04,    3.580602e-01,   -2.456100e-04,   -5.345300e-03,    4.863600e-02,   -4.669200e-02,   -5.062100e-02,    4.582200e-02,    1.141300e-02,   -1.001300e-02,    2.849100e-03,    2.849100e-03,    3.392500e-03,    3.392500e-03,    3.392500e-03,    3.392500e-03,    4.829600e-03,    4.829600e-03,
        20,    6.309500e+00,   -2.648105e-02,    5.804294e-03,    4.994964e-02,   -5.199117e-02,   -6.985324e-02,    5.068445e-02,    4.708489e-03,    2.092410e-03,   -7.183743e-01,   -1.009788e-02,   -9.394226e-01,   -3.694200e-01,    4.574438e-01,    1.022411e-01,    1.943828e-01,    1.460769e+00,   -3.161700e-02,    5.732100e-03,    4.630600e-02,   -5.342400e-02,   -6.807900e-02,    5.108100e-02,    5.567700e-03,    8.549300e-03,    7.149400e-03,    7.149400e-03,    3.878600e-03,    3.878600e-03,    3.878600e-03,    3.878600e-03,    4.420200e-03,    4.420200e-03,
        20,    1.000000e+01,   -2.740633e-02,    2.453016e-03,    6.539369e-02,   -6.598672e-02,   -8.277492e-02,    5.918117e-02,    3.807146e-03,    3.325636e-03,   -5.171012e-01,   -4.078609e-01,   -6.563474e-01,    1.726227e-01,    1.955541e+00,   -2.126878e-01,   -6.062987e-02,    1.677241e+00,   -3.154500e-02,   -8.113400e-04,    6.237200e-02,   -6.519200e-02,   -7.377200e-02,    5.820200e-02,    3.496400e-03,    1.192200e-02,    8.003600e-03,    8.003600e-03,    4.603800e-03,    4.603800e-03,    4.603800e-03,    4.603800e-03,    5.125300e-03,    5.125300e-03,
        20,    1.584800e+01,   -2.457990e-02,   -2.694238e-05,    8.503897e-02,   -8.026898e-02,   -9.577183e-02,    7.149386e-02,    1.353622e-03,    4.645473e-03,   -7.557060e-01,   -8.517615e-01,   -4.879008e-01,    2.183532e-01,    7.791927e-01,   -7.920313e-02,    8.229069e-01,    1.850586e+00,   -3.147300e-02,   -7.796200e-03,    8.223700e-02,   -7.901500e-02,   -9.129700e-02,    7.103900e-02,    7.152400e-03,    1.768600e-02,    9.121400e-03,    9.121400e-03,    5.742900e-03,    5.742900e-03,    5.742900e-03,    5.742900e-03,    7.046700e-03,    7.046700e-03,
        21,    6.309500e+00,   -9.611107e-03,   -2.775886e-03,    3.154324e-02,   -3.223256e-02,   -3.689654e-02,    2.667546e-02,    2.620770e-03,    1.050008e-03,   -1.602833e+00,    5.247870e-02,    5.872017e-01,    8.526607e-02,   -4.725006e-01,   -1.450825e-01,   -1.255631e-01,    1.832788e-01,   -1.627200e-02,   -2.557800e-03,    3.398500e-02,   -3.187800e-02,   -3.833100e-02,    2.623500e-02,    2.407300e-03,    1.361600e-03,    4.155700e-03,    4.155700e-03,    4.158300e-03,    4.158300e-03,    3.035900e-03,    3.035900e-03,    1.700100e-03,    1.700100e-03,
        21,    1.000000e+01,   -7.877238e-03,   -4.723307e-03,    3.998481e-02,   -4.040676e-02,   -4.214962e-02,    3.366308e-02,    2.241923e-03,    1.678093e-03,   -1.472906e+00,   -2.378720e-01,    6.580564e-01,    1.903525e-01,   -6.395815e-01,    2.973557e-02,    8.916496e-02,    2.678757e-01,   -1.458500e-02,   -5.806600e-03,    4.356200e-02,   -3.937200e-02,   -4.498700e-02,    3.379500e-02,    2.423900e-03,    2.224800e-03,    4.554100e-03,    4.554100e-03,    5.436000e-03,    5.436000e-03,    4.436300e-03,    4.436300e-03,    2.040900e-03,    2.040900e-03,
        21,    1.584800e+01,   -4.950965e-03,   -5.566298e-03,    5.002661e-02,   -5.074387e-02,   -4.874458e-02,    4.477566e-02,    1.462344e-03,    2.229483e-03,   -1.017736e+00,   -5.353487e-01,    6.405315e-01,   -5.314152e-03,   -4.539475e-01,    1.764614e-01,   -2.018781e-01,    2.277134e-01,   -9.658400e-03,   -8.042500e-03,    5.606900e-02,   -5.079400e-02,   -5.208200e-02,    4.607300e-02,    1.032000e-03,    2.714900e-03,    4.625400e-03,    4.625400e-03,    9.433400e-03,    9.433400e-03,    7.352000e-03,    7.352000e-03,    2.131700e-03,    2.131700e-03,
        22,    1.000000e+01,   -7.660412e-03,   -6.357273e-03,    3.135676e-02,   -2.751066e-02,   -2.753361e-02,    2.435024e-02,    9.666986e-04,    2.950670e-03,   -1.323662e+00,   -9.434911e-01,    3.929959e-01,    9.019019e-01,    3.306703e+00,   -6.855666e-01,    3.042699e-01,    3.707684e-01,   -1.279900e-02,   -1.002000e-02,    3.206600e-02,   -2.588300e-02,   -2.156600e-02,    2.311300e-02,    1.470600e-03,    3.564700e-03,    3.882100e-03,    3.882100e-03,    1.804700e-03,    1.804700e-03,    1.804700e-03,    1.804700e-03,    1.656100e-03,    1.656100e-03,
        22,    1.584800e+01,   -5.349026e-03,   -8.095843e-03,    3.673373e-02,   -3.416959e-02,   -3.121187e-02,    3.374399e-02,    5.247648e-04,    4.071044e-03,   -2.868595e-01,   -1.103950e+00,   -6.749724e-03,    7.149040e-02,    1.682988e+00,    3.436949e-03,   -7.149615e-02,    3.674734e-01,   -6.491100e-03,   -1.249100e-02,    3.671800e-02,   -3.400300e-02,   -2.729000e-02,    3.375200e-02,    3.685600e-04,    4.873900e-03,    3.981300e-03,    3.981300e-03,    2.330300e-03,    2.330300e-03,    2.330300e-03,    2.330300e-03,    2.184800e-03,    2.184800e-03,
        23,    6.309500e+00,   -5.088585e-03,   -2.900963e-03,    3.569918e-02,   -2.505912e-02,   -3.489103e-02,    1.760493e-02,   -3.059737e-04,   -1.337125e-03,   -3.143677e-01,   -6.635895e-01,    4.895724e-02,    6.778346e-02,   -1.486672e+00,    9.671539e-02,    1.896972e+00,    2.552798e-01,   -5.946400e-03,   -4.711700e-03,    3.580400e-02,   -2.491400e-02,   -3.807400e-02,    1.781200e-02,    2.918500e-03,   -9.032000e-04,    2.728700e-03,    2.728700e-03,    2.141000e-03,    2.141000e-03,    2.141000e-03,    2.141000e-03,    1.699800e-03,    1.699800e-03,
        23,    1.000000e+01,   -3.803944e-03,   -3.639424e-03,    4.273576e-02,   -2.758972e-02,   -3.882876e-02,    1.898168e-02,    2.914258e-04,   -2.806898e-03,   -2.018746e-01,   -9.256920e-01,    1.620293e-02,   -7.268475e-01,   -7.049450e-01,    4.398888e-01,    1.500793e+00,    5.418845e-01,   -4.413100e-03,   -6.432700e-03,    4.277500e-02,   -2.935000e-02,   -4.053600e-02,    2.004700e-02,    3.177600e-03,   -1.764800e-03,    3.017500e-03,    3.017500e-03,    2.421800e-03,    2.421800e-03,    2.421800e-03,    2.421800e-03,    1.923100e-03,    1.923100e-03,
        23,    1.584800e+01,   -2.409634e-03,   -4.110246e-03,    4.865683e-02,   -3.106544e-02,   -4.137937e-02,    2.203709e-02,    1.721546e-03,   -4.011092e-03,    4.117288e-01,   -9.829966e-01,    7.379325e-01,   -9.262723e-01,   -9.332120e-01,    3.814613e-01,    9.006615e-01,    8.544104e-01,   -1.108200e-03,   -7.217400e-03,    5.068400e-02,   -3.361000e-02,   -4.394300e-02,    2.308500e-02,    3.687600e-03,   -2.146000e-03,    3.160900e-03,    3.160900e-03,    2.747100e-03,    2.747100e-03,    2.747100e-03,    2.747100e-03,    2.182900e-03,    2.182900e-03,
        24,    6.309500e+00,   -5.342891e-03,   -7.068420e-03,    2.789120e-02,   -2.558234e-02,   -2.727229e-02,    2.204308e-02,    7.531991e-04,    2.278334e-03,   -5.855186e-01,    2.301390e-01,   -6.740606e-02,    6.214316e-02,   -5.806594e-01,    2.879281e-01,    1.198820e-01,   -1.338120e-01,   -7.004300e-03,   -6.415400e-03,    2.776500e-02,   -2.546600e-02,   -2.834500e-02,    2.257500e-02,    9.169100e-04,    2.095600e-03,    2.837500e-03,    2.837500e-03,    1.872200e-03,    1.872200e-03,    1.847400e-03,    1.847400e-03,    1.365600e-03,    1.365600e-03,
        24,    1.000000e+01,   -1.331542e-03,   -7.429824e-03,    3.478268e-02,   -3.117327e-02,   -3.189187e-02,    2.917442e-02,   -3.380295e-04,    2.156573e-03,   -8.427167e-01,   -9.825562e-02,   -5.518121e-01,    7.806626e-02,   -6.531498e-02,   -4.764661e-01,    3.286205e-01,    2.974823e-01,   -3.840900e-03,   -7.722400e-03,    3.356500e-02,   -3.100100e-02,   -3.203600e-02,    2.812300e-02,    1.845100e-04,    2.629600e-03,    2.977700e-03,    2.977700e-03,    2.206700e-03,    2.206700e-03,    2.206700e-03,    2.206700e-03,    1.590100e-03,    1.590100e-03,
        24,    1.584800e+01,    1.838779e-03,   -5.503796e-03,    4.217564e-02,   -3.817560e-02,   -3.864411e-02,    3.910755e-02,   -8.360997e-04,    1.518482e-03,   -7.470412e-01,   -6.262393e-01,   -1.801330e-01,   -2.026870e-01,    1.611543e-01,   -2.889077e-01,    8.381391e-02,    8.015073e-01,   -4.691300e-04,   -7.438500e-03,    4.129900e-02,   -3.916200e-02,   -3.819700e-02,    3.830600e-02,   -6.716400e-04,    3.091200e-03,    3.089400e-03,    3.089400e-03,    4.866600e-03,    4.866600e-03,    2.774400e-03,    2.774400e-03,    1.962200e-03,    1.962200e-03,
        25,    6.309500e+00,    6.730799e-02,   -5.233809e-02,    5.094511e-02,   -6.713279e-02,   -1.497383e-01,    1.224083e-01,   -2.400725e-02,    3.802525e-02,    8.379226e-01,    3.516938e-01,    5.593697e-01,   -3.062499e-01,   -2.889002e+00,    1.016125e+00,   -1.736081e+00,    3.615180e-01,    7.863000e-02,   -4.758600e-02,    5.478300e-02,   -6.923400e-02,   -1.695600e-01,    1.293800e-01,   -5.624800e-02,    4.473900e-02,    1.351200e-02,    1.351200e-02,    6.861100e-03,    6.861100e-03,    6.861100e-03,    6.861100e-03,    1.857100e-02,    1.857100e-02,
        25,    1.000000e+01,    8.615758e-02,   -6.369827e-02,    6.445889e-02,   -9.240446e-02,   -1.870033e-01,    1.571048e-01,   -3.302117e-02,    5.301231e-02,    2.069716e-01,    5.663453e-01,    6.066686e-01,   -1.369297e-01,   -1.662480e+00,   -3.435933e-01,   -1.511173e+00,    3.449321e-01,    8.959000e-02,   -5.430600e-02,    6.967600e-02,   -9.358200e-02,   -2.013000e-01,    1.541500e-01,   -6.742000e-02,    6.086400e-02,    1.658400e-02,    1.658400e-02,    8.599600e-03,    8.599600e-03,    8.599600e-03,    8.599600e-03,    2.276300e-02,    2.276300e-02,
        25,    1.584800e+01,    1.086349e-01,   -7.252567e-02,    8.579624e-02,   -1.268787e-01,   -2.346506e-01,    1.937922e-01,   -4.911524e-02,    7.148695e-02,   -4.955661e-02,    1.882205e-01,    4.190222e-01,   -5.415805e-01,   -1.246108e+00,    1.026576e+00,   -1.192742e+00,    1.181855e-01,    1.075700e-01,   -6.848100e-02,    9.057100e-02,   -1.330500e-01,   -2.488500e-01,    2.054900e-01,   -8.310600e-02,    7.485500e-02,    2.148900e-02,    2.148900e-02,    1.139500e-02,    1.139500e-02,    1.139500e-02,    1.139500e-02,    2.849800e-02,    2.849800e-02,
        27,    6.309500e+00,    3.105276e-03,   -1.439653e-03,    4.278301e-02,   -3.016393e-02,   -3.509017e-02,    2.132543e-02,   -2.778768e-03,    1.138801e-04,    1.473639e+00,    1.303570e+00,   -1.352887e+00,   -7.156359e-02,   -4.534551e-01,   -1.274099e+00,    1.398404e+00,    8.847398e-01,    7.453100e-03,    2.406400e-03,    3.896300e-02,   -3.036600e-02,   -3.610500e-02,    1.847400e-02,   -1.085300e-03,    1.185300e-03,    2.950400e-03,    2.950400e-03,    2.823600e-03,    2.823600e-03,    2.238000e-03,    2.238000e-03,    1.211000e-03,    1.211000e-03,
        27,    1.000000e+01,    3.639687e-03,   -1.917018e-04,    5.100561e-02,   -3.363642e-02,   -3.975508e-02,    2.450113e-02,   -2.679564e-03,   -1.486482e-03,    1.647076e+00,    1.031238e+00,   -6.879464e-01,    1.900196e-01,   -2.132264e-01,   -1.035642e+00,    1.420833e+00,    2.414824e+00,    9.793000e-03,    3.660900e-03,    4.921200e-02,   -3.314100e-02,   -4.031100e-02,    2.180100e-02,   -5.132200e-04,    2.195400e-03,    3.735900e-03,    3.735900e-03,    2.607200e-03,    2.607200e-03,    2.607200e-03,    2.607200e-03,    1.524700e-03,    1.524700e-03,
        27,    1.584800e+01,    3.183118e-03,    1.084992e-03,    5.826237e-02,   -3.850274e-02,   -4.345354e-02,    2.990382e-02,   -1.486385e-03,   -2.845053e-03,   -2.715080e-01,    1.615635e+00,    1.508489e+00,   -1.981881e-01,   -2.111753e+00,   -1.598455e+00,    9.718386e-01,    2.998494e+00,    2.256000e-03,    6.601900e-03,    6.312800e-02,   -3.914200e-02,   -5.026500e-02,    2.474800e-02,    5.446600e-04,    3.421500e-03,    3.414700e-03,    3.414700e-03,    3.225500e-03,    3.225500e-03,    3.225500e-03,    3.225500e-03,    2.089900e-03,    2.089900e-03,
        28,    6.309500e+00,    6.385379e-03,   -1.242699e-02,    2.803424e-02,   -3.271365e-02,   -3.162489e-02,    2.472972e-02,   -3.205182e-03,    7.781525e-03,    5.253035e-01,    5.577638e-01,   -3.225710e-01,    7.000753e-01,    2.185456e-01,    8.261967e-01,    1.487008e-01,    1.404663e-01,    8.179500e-03,   -1.052200e-02,    2.620700e-02,   -2.874800e-02,   -3.078100e-02,    2.792000e-02,   -2.782500e-03,    8.180800e-03,    3.415400e-03,    3.415400e-03,    5.664600e-03,    5.664600e-03,    3.861400e-03,    3.861400e-03,    2.842500e-03,    2.842500e-03,
        28,    1.000000e+01,    9.228799e-03,   -1.734360e-02,    3.824075e-02,   -4.074512e-02,   -3.793208e-02,    2.936312e-02,   -4.995874e-03,    1.014818e-02,    1.230127e-03,    3.917502e-01,   -5.580004e-01,    4.097801e-01,   -1.356779e-01,    8.149630e-01,    3.063269e-02,    3.151177e-01,    9.234400e-03,   -1.556000e-02,    3.416500e-02,   -3.775200e-02,   -3.859400e-02,    3.333900e-02,   -4.880600e-03,    1.133400e-02,    4.552900e-03,    4.552900e-03,    7.304200e-03,    7.304200e-03,    4.878600e-03,    4.878600e-03,    3.763100e-03,    3.763100e-03,
        28,    1.584800e+01,    1.375159e-02,   -2.364080e-02,    5.058208e-02,   -4.862399e-02,   -4.456304e-02,    3.577846e-02,   -7.452212e-03,    1.347682e-02,   -6.023417e-01,    2.278959e-01,   -7.245774e-01,    7.132818e-02,   -4.436855e-01,    6.741724e-01,   -1.287927e-01,    2.753774e-01,    1.014700e-02,   -2.227700e-02,    4.389800e-02,   -4.796600e-02,   -4.726300e-02,    3.988100e-02,   -8.076200e-03,    1.481100e-02,    5.984300e-03,    5.984300e-03,    9.224800e-03,    9.224800e-03,    6.085300e-03,    6.085300e-03,    4.844900e-03,    4.844900e-03,
        29,    6.309500e+00,    1.880338e-01,   -1.146889e-01,    1.074931e-01,   -1.103163e-01,   -3.033776e-01,    2.046090e-01,   -1.161407e-01,    1.011777e-01,    5.746070e-01,   -2.930418e-01,    6.077008e-01,   -6.797649e-03,   -9.271462e-01,    7.955395e-01,   -3.835367e-01,    1.766228e-01,    2.048600e-01,   -1.232700e-01,    1.149800e-01,   -1.104000e-01,   -3.148000e-01,    2.144100e-01,   -1.307600e-01,    1.079100e-01,    2.928300e-02,    2.928300e-02,    1.232000e-02,    1.232000e-02,    1.232000e-02,    1.232000e-02,    3.811700e-02,    3.811700e-02,
        29,    1.000000e+01,    2.268906e-01,   -1.197832e-01,    1.429183e-01,   -1.319530e-01,   -3.683276e-01,    2.249964e-01,   -1.535679e-01,    1.107581e-01,    6.020725e-01,   -8.632948e-02,    3.731101e-01,    2.508981e-01,   -1.006311e+00,    2.894495e-01,   -3.409836e-01,   -1.017486e-02,    2.479300e-01,   -1.228000e-01,    1.484400e-01,   -1.282400e-01,   -3.832200e-01,    2.292800e-01,   -1.689200e-01,    1.103000e-01,    3.494500e-02,    3.494500e-02,    1.479900e-02,    1.479900e-02,    1.479900e-02,    1.479900e-02,    4.502300e-02,    4.502300e-02,
        29,    1.584800e+01,    2.635568e-01,   -1.212499e-01,    1.847352e-01,   -1.528611e-01,   -4.331694e-01,    2.444311e-01,   -1.948980e-01,    1.141250e-01,    6.120567e-01,    1.804845e-01,    1.289737e-01,    5.303680e-01,   -1.278405e+00,   -3.603031e-01,   -3.540497e-01,   -2.591424e-01,    2.883800e-01,   -1.139300e-01,    1.869800e-01,   -1.436300e-01,   -4.554200e-01,    2.381600e-01,   -2.133900e-01,    1.005900e-01,    4.055700e-02,    4.055700e-02,    1.740500e-02,    1.740500e-02,    1.740500e-02,    1.740500e-02,    5.223000e-02,    5.223000e-02,
        30,    6.309500e+00,    4.207532e-01,   -2.384812e-01,    2.507471e-01,   -2.313929e-01,   -7.113725e-01,    4.350510e-01,   -3.610899e-01,    3.024805e-01,    2.895037e-01,   -5.259781e-02,    6.495759e-01,   -1.498006e-01,   -4.740047e-01,    5.636019e-02,   -2.133500e-01,   -3.790592e-02,    4.391300e-01,   -2.418200e-01,    2.686000e-01,   -2.355100e-01,   -7.244000e-01,    4.366000e-01,   -3.815800e-01,    2.988400e-01,    6.347700e-02,    6.347700e-02,    2.748400e-02,    2.748400e-02,    2.748400e-02,    2.748400e-02,    9.604000e-02,    9.604000e-02,
        30,    1.000000e+01,    5.059836e-01,   -2.393384e-01,    3.273557e-01,   -2.682357e-01,   -8.590603e-01,    4.557461e-01,   -4.690742e-01,    3.342795e-01,    2.456130e-01,    7.209846e-02,    4.891878e-01,    1.649361e-01,   -3.504155e-01,   -2.301162e-01,   -1.465198e-01,   -1.368292e-01,    5.243400e-01,   -2.339500e-01,    3.432700e-01,   -2.628700e-01,   -8.704600e-01,    4.482600e-01,   -4.856500e-01,    3.188000e-01,    7.473700e-02,    7.473700e-02,    3.253200e-02,    3.253200e-02,    3.253200e-02,    3.253200e-02,    1.131300e-01,    1.131300e-01,
        30,    1.584800e+01,    5.841877e-01,   -2.269971e-01,    4.149931e-01,   -3.009409e-01,   -9.996787e-01,    4.619697e-01,   -5.885347e-01,    3.515461e-01,    3.363747e-01,    1.374748e-01,    5.754630e-01,    6.731230e-01,   -1.856267e-01,    4.177924e-02,   -1.683492e-01,   -4.494851e-01,    6.134200e-01,   -2.150500e-01,    4.367600e-01,   -2.754800e-01,   -1.006700e+00,    4.635500e-01,   -6.104100e-01,    2.931400e-01,    8.690400e-02,    8.690400e-02,    3.782500e-02,    3.782500e-02,    3.782500e-02,    3.782500e-02,    1.299400e-01,    1.299400e-01,
        31,    6.309500e+00,    4.420955e-03,    6.175998e-05,    4.394517e-02,   -6.619985e-02,   -9.218400e-02,    7.398572e-02,    7.435451e-03,   -3.734956e-03,   -6.106236e-01,    1.090244e+00,   -1.087626e+00,    2.165170e-01,   -7.856443e-01,   -8.800480e-01,    6.393910e-01,   -1.341957e-01,    2.813000e-03,    2.932700e-03,    3.878700e-02,   -6.517300e-02,   -9.591000e-02,    6.981200e-02,    1.104200e-02,   -4.491900e-03,    2.633300e-03,    2.633300e-03,    4.742600e-03,    4.742600e-03,    4.742600e-03,    4.742600e-03,    5.640600e-03,    5.640600e-03,
        31,    1.000000e+01,    5.321740e-03,    2.081867e-03,    5.739951e-02,   -9.112696e-02,   -1.150068e-01,    8.885636e-02,    8.207590e-03,   -6.237718e-03,   -1.017262e+00,    5.805997e-01,   -1.126909e+00,    5.957632e-01,    3.500135e-01,   -1.275698e+00,    6.667691e-01,    4.425820e-02,    2.084000e-03,    3.929800e-03,    5.071300e-02,   -8.759200e-02,   -1.129300e-01,    8.128700e-02,    1.261300e-02,   -5.945300e-03,    3.182800e-03,    3.182800e-03,    5.933500e-03,    5.933500e-03,    5.933500e-03,    5.933500e-03,    6.607100e-03,    6.607100e-03,
        31,    1.584800e+01,    5.579977e-03,    5.071183e-03,    7.683693e-02,   -1.257642e-01,   -1.411966e-01,    1.043895e-01,    1.110225e-02,   -8.814480e-03,   -1.255542e+00,   -8.722037e-01,   -4.298821e-01,   -5.635578e-02,    9.772909e-01,   -1.264383e+00,    3.210925e-01,    2.568179e-01,    1.694200e-03,    2.371800e-03,    7.351300e-02,   -1.262000e-01,   -1.336400e-01,    9.461300e-02,    1.350200e-02,   -6.895100e-03,    3.094900e-03,    3.094900e-03,    7.732200e-03,    7.732200e-03,    7.732200e-03,    7.732200e-03,    7.473700e-03,    7.473700e-03,
        32,    6.309500e+00,   -6.166287e-03,    1.237116e-03,    1.601243e-02,   -2.038876e-02,   -2.961955e-02,    2.431849e-02,    4.537562e-03,   -2.833394e-03,   -1.122454e+00,   -1.044172e-01,    5.213068e-01,   -8.697699e-02,   -6.949448e-02,   -3.513821e-01,   -6.421919e-02,   -4.002168e-02,   -8.739400e-03,    9.977500e-04,    1.684100e-02,   -2.052700e-02,   -2.973000e-02,    2.376000e-02,    4.401000e-03,   -2.918500e-03,    2.292400e-03,    2.292400e-03,    1.589400e-03,    1.589400e-03,    1.589400e-03,    1.589400e-03,    2.126500e-03,    2.126500e-03,
        34,    6.309500e+00,   -1.642585e-02,    4.821072e-04,    3.704717e-02,   -2.482272e-02,   -3.501006e-02,    2.430899e-02,    1.898133e-03,   -1.163978e-03,    1.193127e+00,    1.406212e+00,    2.199783e-01,   -1.814216e-01,   -7.199330e-01,   -9.196944e-01,   -2.755299e+00,   -2.248142e+00,   -1.203300e-02,    5.659500e-03,    3.759800e-02,   -2.527700e-02,   -3.659600e-02,    2.228300e-02,   -7.113900e-03,   -8.517200e-03,    3.681800e-03,    3.681800e-03,    2.504000e-03,    2.504000e-03,    2.202900e-03,    2.202900e-03,    3.270800e-03,    3.270800e-03,
        34,    1.000000e+01,   -1.674494e-02,   -8.342114e-04,    4.481795e-02,   -2.763951e-02,   -4.182804e-02,    2.826686e-02,    2.714930e-03,   -2.371994e-03,    1.065360e+00,    1.271656e+00,    1.625997e+00,   -5.049137e-01,   -2.052434e-01,   -5.525315e-01,   -2.616311e+00,   -2.666418e+00,   -1.237100e-02,    4.386700e-03,    4.916700e-02,   -2.899000e-02,   -4.237700e-02,    2.678900e-02,   -8.447300e-03,   -1.374800e-02,    4.105600e-03,    4.105600e-03,    2.674700e-03,    2.674700e-03,    2.674700e-03,    2.674700e-03,    4.266400e-03,    4.266400e-03,
        34,    1.584800e+01,   -1.700906e-02,   -2.790565e-03,    5.266740e-02,   -3.029867e-02,   -4.893905e-02,    3.328068e-02,    4.565813e-03,   -2.747269e-03,    5.257196e-01,    1.885869e-01,    1.824301e+00,   -1.685104e-01,   -6.675969e-02,   -1.310969e+00,   -1.016790e+00,   -3.342131e+00,   -1.455600e-02,   -1.910600e-03,    5.826800e-02,   -3.081600e-02,   -4.914400e-02,    2.925600e-02,   -5.266800e-04,   -1.948600e-02,    4.666100e-03,    4.666100e-03,    3.070000e-03,    3.070000e-03,    3.070000e-03,    3.070000e-03,    5.008400e-03,    5.008400e-03,
        35,    6.309500e+00,   -2.490078e-03,   -1.872213e-03,    2.984251e-02,   -2.203735e-02,   -2.358735e-02,    2.702183e-02,    8.654733e-03,    2.874103e-03,   -2.207842e-01,    1.772193e+00,    4.229260e-01,    4.039849e-01,    2.934666e-01,    9.677992e-01,    1.659806e-01,    1.767220e-01,   -2.839800e-03,    9.349400e-04,    3.062700e-02,   -2.128800e-02,   -2.304300e-02,    2.881700e-02,    9.126500e-03,    3.376400e-03,    1.584000e-03,    1.584000e-03,    1.854900e-03,    1.854900e-03,    1.854900e-03,    1.854900e-03,    2.842300e-03,    2.842300e-03,
        35,    1.000000e+01,   -2.104548e-03,   -2.901293e-03,    3.373693e-02,   -2.992977e-02,   -3.065155e-02,    3.399820e-02,    7.229640e-03,    2.766714e-03,   -6.356190e-01,    7.778797e-01,    1.412836e-02,    5.496802e-01,   -4.398459e-01,    4.396333e-02,    3.225463e-01,    1.641356e-01,   -3.309300e-03,   -1.426900e-03,    3.376900e-02,   -2.868200e-02,   -3.165000e-02,    3.409800e-02,    8.210600e-03,    3.265900e-03,    1.895400e-03,    1.895400e-03,    2.270000e-03,    2.270000e-03,    2.270000e-03,    2.270000e-03,    3.041300e-03,    3.041300e-03,
        35,    1.584800e+01,   -1.326396e-03,   -4.090884e-03,    3.988541e-02,   -4.153198e-02,   -3.921980e-02,    4.257125e-02,    6.142416e-03,    2.108631e-03,   -6.016256e-01,   -1.684245e-01,   -1.219593e-01,    2.115014e-02,   -5.866361e-01,    4.244006e-01,    2.771908e-01,    2.936946e-01,   -2.912100e-03,   -4.534800e-03,    3.952800e-02,   -4.147000e-02,   -4.093900e-02,    4.381500e-02,    7.034000e-03,    3.053300e-03,    2.635700e-03,    2.635700e-03,    2.930600e-03,    2.930600e-03,    2.930600e-03,    2.930600e-03,    3.216500e-03,    3.216500e-03,
        36,    6.309500e+00,    1.413652e-02,   -1.357717e-03,    4.273072e-02,   -5.302588e-02,   -2.288503e-01,    1.370917e-01,   -2.363467e-02,   -3.397488e-03,    7.206729e-01,   -5.823693e-01,   -5.729163e-01,   -3.869590e-02,   -1.788238e+00,    9.394843e-01,    3.773710e-01,    9.734195e-01,    1.790600e-02,   -4.403800e-03,    3.883500e-02,   -5.328900e-02,   -2.410100e-01,    1.434800e-01,   -1.931000e-02,    7.757900e-03,    5.230500e-03,    5.230500e-03,    6.799800e-03,    6.799800e-03,    6.799800e-03,    6.799800e-03,    1.146000e-02,    1.146000e-02,
        36,    1.000000e+01,    1.429603e-02,    1.446127e-03,    5.361220e-02,   -7.085743e-02,   -2.690398e-01,    1.485588e-01,   -2.591110e-02,   -1.936794e-02,    1.178077e+00,   -8.815889e-01,   -7.758321e-01,    4.190501e-01,   -1.627685e+00,    9.765038e-01,   -3.051630e-03,    1.403165e+00,    2.186400e-02,   -4.217200e-03,    4.728700e-02,   -6.744100e-02,   -2.823100e-01,    1.565200e-01,   -2.595300e-02,   -1.038900e-04,    6.424000e-03,    6.424000e-03,    8.152800e-03,    8.152800e-03,    8.152800e-03,    8.152800e-03,    1.372900e-02,    1.372900e-02,
        36,    1.584800e+01,    1.279438e-02,    3.919533e-03,    6.741632e-02,   -9.589541e-02,   -3.050892e-01,    1.632115e-01,   -1.828528e-02,   -3.976844e-02,    1.106232e+00,   -1.071686e+00,   -5.962456e-01,   -2.982130e-01,   -2.162867e+00,    5.753121e-01,   -6.159339e-01,    1.119972e+00,    2.109400e-02,   -4.120900e-03,    6.124100e-02,   -9.898400e-02,   -3.274900e-01,    1.691700e-01,   -2.884300e-02,   -2.057100e-02,    7.502600e-03,    7.502600e-03,    1.035700e-02,    1.035700e-02,    1.035700e-02,    1.035700e-02,    1.714100e-02,    1.714100e-02,
        37,    6.309500e+00,    2.983347e-02,   -1.718044e-02,    5.940391e-02,   -8.142748e-02,   -1.055852e-01,    1.007729e-01,   -8.565181e-03,    4.420025e-03,   -1.074833e-01,    6.093616e-01,   -2.286220e-01,   -1.362560e-01,   -4.362003e-01,    3.631992e-01,   -7.270707e-01,    3.398173e-01,    2.892800e-02,   -1.204700e-02,    5.800200e-02,   -8.226300e-02,   -1.082600e-01,    1.030000e-01,   -1.379900e-02,    6.866200e-03,    8.424300e-03,    8.424300e-03,    6.132000e-03,    6.132000e-03,    6.132000e-03,    6.132000e-03,    7.198500e-03,    7.198500e-03,
        37,    1.000000e+01,    3.631000e-02,   -1.702862e-02,    7.783961e-02,   -1.096596e-01,   -1.336848e-01,    1.257662e-01,   -1.269012e-02,    1.223618e-03,   -4.438284e-01,    3.452597e-01,   -3.168689e-02,   -2.894850e-01,   -7.556073e-02,   -3.232327e-01,   -3.133765e-01,   -1.523174e-01,    3.174700e-02,   -1.347900e-02,    7.759000e-02,   -1.119400e-01,   -1.342800e-01,    1.232200e-01,   -1.516100e-02,    2.264100e-05,    1.028100e-02,    1.028100e-02,    7.877400e-03,    7.877400e-03,    7.877400e-03,    7.877400e-03,    7.884700e-03,    7.884700e-03,
        37,    1.584800e+01,    4.168545e-02,   -1.557394e-02,    1.033285e-01,   -1.468119e-01,   -1.653767e-01,    1.552876e-01,   -1.562960e-02,   -5.305836e-03,   -4.621461e-01,   -7.695822e-02,    1.828064e-01,   -4.024423e-01,    6.940146e-02,   -1.254626e-01,    1.522804e-01,   -8.422818e-01,    3.578200e-02,   -1.655700e-02,    1.051900e-01,   -1.509100e-01,   -1.646700e-01,    1.540100e-01,   -1.410800e-02,   -1.372200e-02,    1.277400e-02,    1.277400e-02,    1.018300e-02,    1.018300e-02,    1.018300e-02,    1.018300e-02,    9.992100e-03,    9.992100e-03,
        38,    6.309500e+00,   -1.080061e-02,   -3.963162e-03,    4.076144e-02,   -2.730791e-02,   -2.175573e-02,    2.010423e-02,    3.525709e-03,   -1.649725e-03,   -3.939379e+00,    2.042564e+00,    7.868684e-04,    4.587966e-01,   -1.296253e+00,   -9.047895e-01,   -1.004516e-01,    2.414173e-01,   -3.570300e-02,    8.948700e-03,    4.076400e-02,   -2.581600e-02,   -2.428900e-02,    1.833600e-02,    3.368000e-03,   -1.270700e-03,    6.321400e-03,    6.321400e-03,    3.251800e-03,    3.251800e-03,    1.954300e-03,    1.954300e-03,    1.570000e-03,    1.570000e-03,
        38,    1.000000e+01,   -9.248978e-03,   -4.668755e-03,    4.848024e-02,   -3.049648e-02,   -2.589826e-02,    2.642969e-02,    4.556205e-03,   -1.823411e-03,   -4.185277e+00,    1.176130e+00,   -4.308108e-01,   -7.681545e-03,   -6.842417e-01,   -1.384001e+00,   -2.825099e-01,    6.028932e-01,   -3.847100e-02,    3.543100e-03,    4.704900e-02,   -3.052200e-02,   -2.758300e-02,    2.302200e-02,    4.041500e-03,   -7.250000e-04,    6.982100e-03,    6.982100e-03,    3.322200e-03,    3.322200e-03,    2.462200e-03,    2.462200e-03,    1.821900e-03,    1.821900e-03,
        38,    1.584800e+01,   -8.122587e-03,   -5.507291e-03,    5.590339e-02,   -3.453889e-02,   -3.123446e-02,    3.535413e-02,    5.845114e-03,   -1.077576e-03,   -4.113374e+00,    1.795319e-01,   -1.434389e+00,   -2.788794e-01,   -1.956100e-02,   -1.379861e+00,   -9.581761e-01,    3.707261e-01,   -3.864300e-02,   -4.175200e-03,    5.214300e-02,   -3.527000e-02,   -3.130400e-02,    3.044900e-02,    3.953100e-03,   -3.455400e-04,    7.419800e-03,    7.419800e-03,    2.621600e-03,    2.621600e-03,    3.554800e-03,    3.554800e-03,    1.974600e-03,    1.974600e-03,
        39,    6.309500e+00,   -1.182806e-02,    2.129736e-03,    2.902720e-02,   -3.173336e-02,   -3.921744e-02,    2.755473e-02,    3.258395e-03,    1.496156e-03,   -7.918166e-01,    5.982082e-01,    9.592528e-01,    2.407297e-01,   -6.131115e-01,    1.002233e+00,   -3.766222e-01,    4.124918e-01,   -1.494600e-02,    4.485300e-03,    3.129200e-02,   -3.116500e-02,   -4.066500e-02,    2.992100e-02,    2.516600e-03,    2.308600e-03,    3.937700e-03,    3.937700e-03,    2.361000e-03,    2.361000e-03,    2.361000e-03,    2.361000e-03,    1.969600e-03,    1.969600e-03,
        39,    1.000000e+01,   -1.328916e-02,   -3.762527e-04,    3.900842e-02,   -3.950030e-02,   -4.676251e-02,    3.150775e-02,    3.271106e-03,    2.442091e-03,   -7.290214e-01,    5.728167e-01,    4.390071e-02,    1.311931e+00,   -6.591315e-01,    5.544715e-01,   -6.589299e-01,    1.580290e-01,   -1.654300e-02,    2.180400e-03,    3.913100e-02,   -3.583700e-02,   -4.860300e-02,    3.305600e-02,    1.883400e-03,    2.774900e-03,    4.463300e-03,    4.463300e-03,    2.792300e-03,    2.792300e-03,    2.792300e-03,    2.792300e-03,    2.106000e-03,    2.106000e-03,
        39,    1.584800e+01,   -1.338005e-02,   -4.009092e-03,    5.107505e-02,   -4.709401e-02,   -5.433584e-02,    3.684112e-02,    2.782127e-03,    4.194309e-03,   -7.110849e-01,    4.779082e-01,   -6.636774e-01,    1.227030e+00,   -7.447934e-01,    2.314963e-01,   -8.974137e-01,   -7.021411e-01,   -1.692900e-02,   -1.623900e-03,    4.886500e-02,   -4.300800e-02,   -5.681600e-02,    3.761200e-02,    9.006100e-04,    2.722200e-03,    4.990900e-03,    4.990900e-03,    3.330000e-03,    3.330000e-03,    3.330000e-03,    3.330000e-03,    2.096600e-03,    2.096600e-03,
        40,    6.309500e+00,   -1.112668e-02,   -4.449967e-03,    3.606079e-02,   -3.115173e-02,   -2.554876e-02,    2.106078e-02,    5.299368e-03,    3.369962e-04,   -1.791427e+00,   -5.436197e-01,   -7.139961e-01,   -9.664872e-01,    1.896970e-01,   -3.196352e-01,   -4.527129e-01,    1.233659e+00,   -1.961500e-02,   -7.025800e-03,    3.465400e-02,   -3.305600e-02,   -2.517500e-02,    2.043100e-02,    4.417800e-03,    2.739300e-03,    4.738300e-03,    4.738300e-03,    1.970300e-03,    1.970300e-03,    1.970300e-03,    1.970300e-03,    1.947300e-03,    1.947300e-03,
        40,    1.000000e+01,   -9.519331e-03,   -8.876305e-03,    4.511388e-02,   -3.888386e-02,   -3.072857e-02,    2.556696e-02,    5.342125e-03,    2.110708e-03,   -1.113833e+00,   -6.818482e-01,   -1.611973e+00,   -8.137241e-03,    2.511250e-01,   -3.601497e-01,   -7.106415e-01,    7.336203e-01,   -1.506800e-02,   -1.227300e-02,    4.132300e-02,   -3.890300e-02,   -3.013800e-02,    2.472000e-02,    3.809200e-03,    3.693200e-03,    4.981600e-03,    4.981600e-03,    2.351700e-03,    2.351700e-03,    2.351700e-03,    2.351700e-03,    2.157100e-03,    2.157100e-03,
        40,    1.584800e+01,   -5.114552e-03,   -1.307966e-02,    5.684295e-02,   -4.711956e-02,   -3.647696e-02,    3.193900e-02,    4.201146e-03,    4.106090e-03,   -8.853758e-01,   -1.290076e+00,   -1.025226e+00,    5.033575e-01,    2.066859e-01,   -7.256962e-02,    2.940062e-01,    5.091688e-01,   -1.051800e-02,   -2.095300e-02,    5.386200e-02,   -4.565600e-02,   -3.587600e-02,    3.172800e-02,    5.036800e-03,    5.553300e-03,    6.103000e-03,    6.103000e-03,    2.907600e-03,    2.907600e-03,    2.907600e-03,    2.907600e-03,    2.842300e-03,    2.842300e-03,
        41,    6.309500e+00,    2.538382e-02,   -1.063225e-02,    2.257488e-02,   -2.559066e-02,   -4.681058e-02,    2.892574e-02,   -1.473118e-02,    9.875313e-03,    2.324925e-01,    1.763958e-01,    8.785351e-01,    2.398877e-01,   -6.734867e-02,    2.283597e-01,   -2.684725e-01,   -6.803234e-02,    2.648100e-02,   -9.799800e-03,    2.451100e-02,   -2.506200e-02,   -4.695900e-02,    2.942900e-02,   -1.602600e-02,    9.547200e-03,    4.719200e-03,    4.719200e-03,    2.203800e-03,    2.203800e-03,    2.203800e-03,    2.203800e-03,    4.822900e-03,    4.822900e-03,
        41,    1.000000e+01,    2.899669e-02,   -8.893355e-03,    2.962145e-02,   -3.226556e-02,   -5.483737e-02,    3.108507e-02,   -1.869592e-02,    9.285773e-03,    2.087189e-01,    3.858086e-01,    5.748977e-01,    6.525334e-01,   -5.391272e-01,    2.253289e-01,   -1.393782e-01,   -1.237498e-01,    3.014600e-02,   -6.768900e-03,    3.114700e-02,   -3.053400e-02,   -5.626800e-02,    3.168300e-02,   -1.947100e-02,    8.597600e-03,    5.506500e-03,    5.506500e-03,    2.653600e-03,    2.653600e-03,    2.653600e-03,    2.653600e-03,    5.561000e-03,    5.561000e-03,
        41,    1.584800e+01,    3.114737e-02,   -6.606814e-03,    3.800768e-02,   -4.008770e-02,   -6.130092e-02,    3.425619e-02,   -2.182270e-02,    7.578437e-03,    5.652217e-02,    6.455850e-01,   -6.066745e-02,    1.007792e+00,   -1.004681e+00,   -3.983032e-01,   -4.335596e-02,   -1.948354e-01,    3.149400e-02,   -2.647700e-03,    3.782000e-02,   -3.697000e-02,   -6.440900e-02,    3.302400e-02,   -2.208800e-02,    6.386200e-03,    6.132600e-03,    6.132600e-03,    3.093600e-03,    3.093600e-03,    3.093600e-03,    3.093600e-03,    6.119200e-03,    6.119200e-03,
        42,    6.309500e+00,   -1.223929e-02,    4.465181e-03,    2.950557e-02,   -3.187947e-02,   -3.650295e-02,    3.157609e-02,    1.135586e-03,   -7.971286e-04,   -5.363949e-02,   -7.071813e-01,    9.507872e-02,    2.034768e-01,   -9.232410e-01,   -7.487114e-01,    1.593733e+00,    6.027629e-02,   -1.242700e-02,    1.990400e-03,    2.972400e-02,   -3.141200e-02,   -3.862400e-02,    2.985600e-02,    4.819500e-03,   -6.578000e-04,    3.499500e-03,    3.499500e-03,    2.297400e-03,    2.297400e-03,    2.297400e-03,    2.297400e-03,    2.311500e-03,    2.311500e-03,
        42,    1.000000e+01,   -1.536942e-02,    9.606386e-04,    3.938311e-02,   -3.767712e-02,   -4.583725e-02,    3.702407e-02,    3.019672e-03,   -2.637223e-03,    3.963333e-01,   -5.293140e-01,    2.053187e-02,   -6.450497e-02,   -3.992443e-01,   -9.554465e-01,    1.060990e+00,    7.289711e-01,   -1.373700e-02,   -1.219500e-03,    3.944100e-02,   -3.785900e-02,   -4.696300e-02,    3.433000e-02,    6.000100e-03,   -5.894700e-04,    4.118800e-03,    4.118800e-03,    2.819700e-03,    2.819700e-03,    2.819700e-03,    2.819700e-03,    2.809100e-03,    2.809100e-03,
        42,    1.584800e+01,   -1.635302e-02,   -4.665915e-03,    4.958466e-02,   -4.407169e-02,   -5.544102e-02,    4.329525e-02,    6.533229e-03,   -2.009189e-03,    4.664389e-01,   -2.538030e-01,    4.990753e-01,   -3.288411e-01,    3.978394e-02,   -8.924398e-01,    4.939769e-01,    6.263231e-01,   -1.409200e-02,   -5.896200e-03,    5.129100e-02,   -4.519600e-02,   -5.530500e-02,    4.024400e-02,    8.298900e-03,    2.295400e-04,    4.847400e-03,    4.847400e-03,    3.419000e-03,    3.419000e-03,    3.419000e-03,    3.419000e-03,    3.574400e-03,    3.574400e-03,
        43,    6.309500e+00,   -8.369270e-03,   -7.518876e-03,    3.985647e-02,   -3.398794e-02,   -3.570384e-02,    2.661052e-02,    9.877823e-03,   -5.246217e-03,    5.085791e+00,    3.876909e+00,   -1.158699e+00,   -4.549366e-01,    2.415378e+00,    2.068949e+00,   -1.278807e-01,   -7.656265e-01,    1.438100e-02,    9.823700e-03,    3.712600e-02,   -3.506000e-02,   -3.001200e-02,    3.148600e-02,    9.434000e-03,   -7.903400e-03,    4.473300e-03,    4.473300e-03,    2.356500e-03,    2.356500e-03,    2.356500e-03,    2.356500e-03,    3.470600e-03,    3.470600e-03,
        43,    1.000000e+01,   -3.145847e-03,   -7.352440e-03,    4.944986e-02,   -4.013497e-02,   -3.991129e-02,    3.602349e-02,    1.087834e-02,   -6.839622e-03,    2.850652e+00,    4.158796e+00,   -4.148363e-01,   -1.764980e-01,    2.257511e+00,    2.304104e+00,    6.203020e-01,   -3.279223e-01,    1.085000e-02,    1.306600e-02,    4.823700e-02,   -4.065100e-02,   -3.331100e-02,    4.276000e-02,    1.361300e-02,   -8.285300e-03,    4.909700e-03,    4.909700e-03,    2.923700e-03,    2.923700e-03,    2.923700e-03,    2.923700e-03,    4.408600e-03,    4.408600e-03,
        43,    1.584800e+01,    1.118460e-03,   -3.509697e-03,    5.918990e-02,   -4.774807e-02,   -4.675510e-02,    5.065460e-02,    1.254366e-02,   -9.284307e-03,    1.064865e+00,    3.349586e+00,    1.520056e-01,   -3.548647e-01,    1.063873e+00,    1.945535e+00,    9.586278e-01,    9.023995e-02,    6.602300e-03,    1.374000e-02,    5.975700e-02,   -4.907200e-02,   -4.278600e-02,    5.791300e-02,    1.800400e-02,   -8.770300e-03,    5.149800e-03,    5.149800e-03,    3.730800e-03,    3.730800e-03,    3.730800e-03,    3.730800e-03,    5.696000e-03,    5.696000e-03,
        44,    6.309500e+00,   -1.593281e-02,   -5.064971e-03,    3.752487e-02,   -3.634278e-02,   -4.868938e-02,    2.863885e-02,    3.071877e-03,    1.521712e-03,   -9.252421e-01,   -1.394021e-03,   -7.242365e-01,   -5.518803e-01,   -5.381382e-01,   -5.475925e-02,   -1.357580e-01,   -7.427869e-02,   -2.053200e-02,   -5.071900e-03,    3.554300e-02,   -3.785300e-02,   -5.016200e-02,    2.848900e-02,    2.798800e-03,    1.372300e-03,    4.970800e-03,    4.970800e-03,    2.736500e-03,    2.736500e-03,    2.736500e-03,    2.736500e-03,    2.011500e-03,    2.011500e-03,
        44,    1.000000e+01,   -1.313839e-02,   -8.484710e-03,    4.737447e-02,   -4.443014e-02,   -5.437282e-02,    3.440630e-02,    2.603493e-03,    1.672437e-03,   -8.354043e-01,   -1.609048e-01,   -6.818488e-01,   -3.648020e-01,   -2.263006e-01,   -6.488228e-01,    3.091567e-02,   -3.239036e-01,   -1.762000e-02,   -9.347900e-03,    4.495800e-02,   -4.572300e-02,   -5.509700e-02,    3.233000e-02,    2.666100e-03,    1.016500e-03,    5.364600e-03,    5.364600e-03,    3.544000e-03,    3.544000e-03,    3.200100e-03,    3.200100e-03,    2.025100e-03,    2.025100e-03,
        44,    1.584800e+01,   -8.639968e-03,   -1.056410e-02,    5.801052e-02,   -5.455677e-02,   -6.026835e-02,    4.422985e-02,    2.349008e-03,    1.964394e-03,   -6.709283e-01,   -2.638709e-01,   -1.785946e-02,   -5.497708e-01,   -2.809963e-02,   -5.521104e-01,    2.505053e-01,   -2.696462e-01,   -1.241300e-02,   -1.204800e-02,    5.793200e-02,   -5.697400e-02,   -6.037700e-02,    4.209500e-02,    2.927500e-03,    1.341700e-03,    5.623600e-03,    5.623600e-03,    4.396800e-03,    4.396800e-03,    3.866700e-03,    3.866700e-03,    2.309300e-03,    2.309300e-03,
        45,    6.309500e+00,   -1.151844e-03,    2.695724e-03,    2.158868e-02,   -2.512872e-02,   -2.320744e-02,    3.215255e-02,    1.643921e-03,   -2.100482e-03,   -7.656543e-01,    2.875169e-01,    4.153404e-01,    1.435174e-01,    6.978262e-01,    7.693944e-01,    2.978138e-01,    2.949631e-02,   -2.488600e-03,    3.197700e-03,    2.234900e-02,   -2.486600e-02,   -2.193000e-02,    3.356100e-02,    2.130400e-03,   -2.052300e-03,    1.745900e-03,    1.745900e-03,    1.830600e-03,    1.830600e-03,    1.830600e-03,    1.830600e-03,    1.633500e-03,    1.633500e-03,
        45,    1.000000e+01,   -2.158404e-03,    3.675594e-03,    2.609913e-02,   -3.518676e-02,   -3.115129e-02,    4.316912e-02,    2.041042e-03,   -4.217262e-03,   -7.789204e-01,    2.501652e-03,    3.599446e-01,    4.897462e-02,    3.733149e-01,    2.312924e-01,    2.740280e-01,    6.326212e-01,   -3.966200e-03,    3.681400e-03,    2.697200e-02,   -3.506800e-02,   -3.024600e-02,    4.373000e-02,    2.631600e-03,   -2.853900e-03,    2.320900e-03,    2.320900e-03,    2.425000e-03,    2.425000e-03,    2.425000e-03,    2.425000e-03,    2.155100e-03,    2.155100e-03,
        45,    1.584800e+01,   -3.591523e-03,    4.493339e-03,    3.356933e-02,   -4.975426e-02,   -4.279576e-02,    5.684899e-02,    3.711001e-03,   -6.618057e-03,   -6.977126e-01,   -2.431308e-01,    1.320714e-01,    9.824894e-03,    1.302715e-01,    2.643462e-01,   -3.213674e-01,    7.686259e-01,   -5.715500e-03,    3.753200e-03,    3.400300e-02,   -4.972200e-02,   -4.236800e-02,    5.771700e-02,    2.780900e-03,   -4.393500e-03,    3.044200e-03,    3.044200e-03,    3.283600e-03,    3.283600e-03,    3.283600e-03,    3.283600e-03,    2.894200e-03,    2.894200e-03,
        46,    6.309500e+00,   -3.352857e-02,    1.025154e-02,    3.839181e-02,   -3.537894e-02,   -4.428748e-02,    2.772000e-02,    1.120669e-02,   -6.584903e-03,   -9.394044e-01,    4.323173e-01,    5.112877e-01,   -1.926585e-01,   -8.430300e-01,   -2.906337e-01,   -2.220236e-01,    1.448156e-01,   -4.024400e-02,    1.334200e-02,    3.976400e-02,   -3.589600e-02,   -4.655000e-02,    2.694000e-02,    1.036100e-02,   -6.033300e-03,    7.148600e-03,    7.148600e-03,    2.683800e-03,    2.683800e-03,    2.683800e-03,    2.683800e-03,    3.809000e-03,    3.809000e-03,
        46,    1.000000e+01,   -3.689191e-02,    7.031848e-03,    4.978593e-02,   -4.246095e-02,   -5.155062e-02,    3.101246e-02,    1.400858e-02,   -7.212002e-03,   -9.029321e-01,    3.013618e-02,    2.247575e-01,   -3.416667e-01,   -3.793828e-01,   -9.198223e-02,   -5.513795e-01,    6.671673e-03,   -4.430300e-02,    7.279200e-03,    5.050300e-02,   -4.355100e-02,   -5.276100e-02,    3.071900e-02,    1.162000e-02,   -7.183100e-03,    8.207800e-03,    8.207800e-03,    3.190400e-03,    3.190400e-03,    3.190400e-03,    3.190400e-03,    4.332000e-03,    4.332000e-03,
        46,    1.584800e+01,   -3.778071e-02,    3.514856e-03,    6.263592e-02,   -4.890617e-02,   -5.819787e-02,    3.601446e-02,    1.696660e-02,   -6.782196e-03,   -8.779177e-01,   -1.068987e-01,   -5.614887e-02,   -5.501594e-01,   -4.633087e-01,   -2.836526e-01,   -7.961700e-01,   -3.509318e-01,   -4.578600e-02,    2.540100e-03,    6.242600e-02,   -5.096300e-02,   -5.993000e-02,    3.495400e-02,    1.304100e-02,   -8.512500e-03,    9.118500e-03,    9.118500e-03,    3.738600e-03,    3.738600e-03,    3.738600e-03,    3.738600e-03,    4.930600e-03,    4.930600e-03,
        47,    6.309500e+00,    1.610970e-02,    1.775789e-04,    4.328414e-02,   -5.017167e-02,   -6.241203e-02,    4.580423e-02,   -1.018545e-02,    5.045531e-03,    1.000712e-01,    9.167689e-01,    4.567446e-01,   -4.982250e-01,   -4.701070e-01,   -9.473861e-02,   -2.307408e-01,   -1.811188e-01,    1.662800e-02,    4.925800e-03,    4.496300e-02,   -5.200300e-02,   -6.414000e-02,    4.545600e-02,   -1.124900e-02,    4.210700e-03,    5.179300e-03,    5.179300e-03,    3.675700e-03,    3.675700e-03,    3.675700e-03,    3.675700e-03,    4.609300e-03,    4.609300e-03,
        47,    1.000000e+01,    1.695741e-02,    5.088384e-03,    5.807935e-02,   -6.351080e-02,   -7.710036e-02,    5.157537e-02,   -1.321686e-02,    2.710864e-03,    1.200154e-01,    9.062014e-01,    1.994018e-01,    2.745434e-02,    1.236014e-01,   -5.604361e-01,   -1.976473e-01,   -3.024277e-01,    1.772100e-02,    1.085400e-02,    5.896400e-02,   -6.338900e-02,   -7.655200e-02,    4.908900e-02,   -1.428700e-02,    1.073400e-03,    6.362400e-03,    6.362400e-03,    4.436500e-03,    4.436500e-03,    4.436500e-03,    4.436500e-03,    5.414400e-03,    5.414400e-03,
        47,    1.584800e+01,    1.565421e-02,    1.117057e-02,    7.662963e-02,   -7.810328e-02,   -9.242014e-02,    5.694146e-02,   -1.588210e-02,   -1.278465e-03,   -2.929369e-01,    9.335604e-01,   -3.705508e-02,   -1.012955e-01,    2.606339e-01,   -5.350368e-01,    1.470011e-01,   -7.464481e-01,    1.346700e-02,    1.814100e-02,    7.643000e-02,   -7.864900e-02,   -9.101600e-02,    5.405900e-02,   -1.497200e-02,   -5.899800e-03,    7.466500e-03,    7.466500e-03,    5.387400e-03,    5.387400e-03,    5.387400e-03,    5.387400e-03,    6.191100e-03,    6.191100e-03,
        48,    6.309500e+00,    2.870077e-03,   -1.552418e-03,    3.809060e-02,   -3.551957e-02,   -3.832814e-02,    3.780832e-02,    5.390344e-04,    5.286851e-03,   -1.531331e-01,    9.116194e-01,    1.524561e-01,    4.996297e-01,   -1.451098e-01,    4.361162e-01,    1.503773e-01,    8.128588e-02,    2.604100e-03,    3.097400e-05,    3.849600e-02,   -3.419100e-02,   -3.871400e-02,    3.896800e-02,    9.339100e-04,    5.500300e-03,    1.736900e-03,    1.736900e-03,    2.659100e-03,    2.659100e-03,    2.659100e-03,    2.659100e-03,    2.625900e-03,    2.625900e-03,
        48,    1.000000e+01,    3.570332e-03,   -2.175492e-04,    4.860757e-02,   -4.421166e-02,   -4.870104e-02,    4.670780e-02,   -9.287781e-04,    6.177468e-03,   -4.394617e-01,    6.032909e-01,   -3.081006e-01,    7.240704e-01,   -2.516227e-01,    4.631199e-02,   -2.803451e-02,    2.074983e-02,    2.682400e-03,    1.001400e-03,    4.759500e-02,   -4.183200e-02,   -4.952800e-02,    4.686000e-02,   -1.016100e-03,    6.242100e-03,    2.020500e-03,    2.020500e-03,    3.286500e-03,    3.286500e-03,    3.286500e-03,    3.286500e-03,    3.114800e-03,    3.114800e-03,
        48,    1.584800e+01,    2.744875e-03,    1.156919e-03,    6.117568e-02,   -5.350866e-02,   -6.142499e-02,    5.745280e-02,   -2.614358e-03,    7.456063e-03,   -5.703581e-01,    1.931123e-01,    3.488170e-02,    1.504215e-01,   -5.890558e-01,   -6.524234e-02,    3.158435e-02,   -3.446245e-01,    1.597200e-03,    1.545500e-03,    6.132100e-02,   -5.288200e-02,   -6.387900e-02,    5.718100e-02,   -2.500800e-03,    6.217000e-03,    2.012200e-03,    2.012200e-03,    4.166000e-03,    4.166000e-03,    4.166000e-03,    4.166000e-03,    3.595400e-03,    3.595400e-03,
VTF,
     StaID,        Freq[Hz],     Re(Tzx)_Cal,     Im(Tzx)_Cal,     Re(Tzy)_Cal,     Im(Tzy)_Cal,     Re(Tzx)_Res,     Im(Tzx)_Res,     Re(Tzy)_Res,     Im(Tzy)_Res,     Re(Tzx)_Obs,     Im(Tzx)_Obs,     Re(Tzy)_Obs,     Im(Tzy)_Obs,      Re(Tzx)_SD,      Im(Tzx)_SD,      Re(Tzy)_SD,      Im(Tzy)_SD,
      1001,    6.309500e+00,    1.074944e-01,    7.346630e-02,    7.524063e-02,   -3.034860e-02,    3.681862e-01,    1.544234e-01,   -3.964210e-01,   -2.640134e-01,    1.185400e-01,    7.809900e-02,    6.334800e-02,   -3.826900e-02,    3.000000e-02,    3.000000e-02,    3.000000e-02,    3.000000e-02,
      1001,    1.000000e+01,    6.762362e-02,    7.128898e-02,    9.578846e-02,   -3.637204e-02,    6.612793e-01,   -1.090660e-01,   -5.008153e-01,    7.050143e-02,    8.746200e-02,    6.801700e-02,    8.076400e-02,   -3.425700e-02,    3.000000e-02,    3.000000e-02,    3.000000e-02,    3.000000e-02,
      1001,    1.584800e+01,    3.592750e-02,    4.936541e-02,    1.182715e-01,   -2.799789e-02,    9.063165e-01,   -1.520804e-01,   -5.753822e-01,   -5.807037e-02,    6.311700e-02,    4.480300e-02,    1.010100e-01,   -2.974000e-02,    3.000000e-02,    3.000000e-02,    3.000000e-02,    3.000000e-02,
      1002,    6.309500e+00,    1.450948e-01,    7.036226e-02,   -9.748893e-02,    3.490659e-02,    4.045072e-01,   -1.970419e-01,    4.759771e-02,   -1.107528e-01,    1.572300e-01,    6.445100e-02,   -9.606100e-02,    3.158400e-02,    3.000000e-02,    3.000000e-02,    3.000000e-02,    3.000000e-02,
      1002,    1.000000e+01,    1.039972e-01,    6.137513e-02,   -9.532665e-02,    2.790536e-02,    6.994272e-01,   -5.940427e-02,   -1.295782e-01,    2.155545e-01,    1.249800e-01,    5.959300e-02,   -9.921400e-02,    3.437200e-02,    3.000000e-02,    3.000000e-02,    3.000000e-02,    3.000000e-02,
      1002,    1.584800e+01,    7.568567e-02,    3.044636e-02,   -9.405071e-02,    3.757361e-02,    8.421442e-01,    1.868795e-02,   -3.223097e-01,    2.051464e-01,    1.009500e-01,    3.100700e-02,   -1.037200e-01,    4.372800e-02,    3.000000e-02,    3.000000e-02,    3.000000e-02,    3.000000e-02,
      1004,    6.309500e+00,    8.516650e-03,    4.091001e-02,    4.866115e-01,    5.172872e-02,    1.427645e+00,   -5.534336e-01,   -3.317170e-01,    1.422343e+00,    5.134600e-02,    2.430700e-02,    4.766600e-01,    9.439900e-02,    3.000000e-02,    3.000000e-02,    3.000000e-02,    3.000000e-02,
      1004,    1.000000e+01,   -1.102180e-02,    4.474883e-02,    4.596458e-01,    9.972985e-02,    1.278593e+00,    7.728058e-01,   -3.721932e-01,    5.293382e-01,    2.733600e-02,    6.793300e-02,    4.484800e-01,    1.156100e-01,    3.000000e-02,    3.000000e-02,    3.000000e-02,    3.000000e-02,
      1004,    1.584800e+01,   -3.103163e-02,    4.232014e-02,    4.113024e-01,    1.372402e-01,   -6.765124e-01,    1.430529e+00,   -3.037455e-01,   -9.480060e-01,   -5.132700e-02,    8.523600e-02,    4.021900e-01,    1.088000e-01,    3.000000e-02,    3.000000e-02,    3.000000e-02,    3.000000e-02,
      1005,    6.309500e+00,    1.521932e-01,    7.830399e-02,    8.276610e-02,   -2.761309e-02,   -1.364385e-01,   -3.241997e-01,    2.115634e-01,    5.935563e-01,    1.481000e-01,    6.857800e-02,    8.911300e-02,   -9.806400e-03,    3.000000e-02,    3.000000e-02,    3.000000e-02,    3.000000e-02,
      1005,    1.000000e+01,    1.118170e-01,    9.079188e-02,    1.025222e-01,   -3.535883e-02,    1.574344e-01,   -4.833961e-01,   -1.527718e-01,    6.898276e-01,    1.165400e-01,    7.629000e-02,    9.793900e-02,   -1.466400e-02,    3.000000e-02,    3.000000e-02,    3.000000e-02,    3.000000e-02,
      1005,    1.584800e+01,    7.118784e-02,    8.623944e-02,    1.240329e-01,   -2.923474e-02,    5.771721e-01,   -5.747815e-01,   -5.610959e-01,    4.584912e-01,    8.850300e-02,    6.899600e-02,    1.072000e-01,   -1.548000e-02,    3.000000e-02,    3.000000e-02,    3.000000e-02,    3.000000e-02,
      1006,    6.309500e+00,    5.502071e-02,   -1.134406e-02,    2.916632e-02,    6.049831e-02,   -6.874568e-01,    2.149687e-01,    1.663923e+00,   -2.726436e-01,    3.439700e-02,   -4.895000e-03,    7.908400e-02,    5.231900e-02,    3.000000e-02,    3.000000e-02,    3.000000e-02,    3.000000e-02,
      1006,    1.000000e+01,    5.817774e-02,    7.909704e-03,    7.162675e-03,    5.331132e-02,   -8.211915e-01,    3.639986e-02,    1.533844e+00,    1.677559e-01,    3.354200e-02,    9.001700e-03,    5.317800e-02,    5.834400e-02,    3.000000e-02,    3.000000e-02,    3.000000e-02,    3.000000e-02,
      1006,    1.584800e+01,    5.020157e-02,    2.795078e-02,   -1.228044e-02,    4.141166e-02,   -9.007524e-01,   -2.711595e-01,    1.307015e+00,    2.519780e-01,    2.317900e-02,    1.981600e-02,    2.693000e-02,    4.897100e-02,    3.000000e-02,    3.000000e-02,    3.000000e-02,    3.000000e-02,
      1007,    6.309500e+00,   -7.929851e-02,   -1.276119e-02,    1.386535e-01,    2.214781e-02,    5.814837e-01,    8.027398e-01,   -3.251163e-01,   -4.065337e-01,   -6.185400e-02,    1.132100e-02,    1.289000e-01,    9.951800e-03,    3.000000e-02,    3.000000e-02,    3.000000e-02,    3.000000e-02,
      1007,    1.000000e+01,   -7.677673e-02,   -8.281062e-03,    1.352104e-01,    2.980116e-02,    5.772244e-01,    8.838354e-01,   -2.013459e-01,   -1.571719e-01,   -5.946000e-02,    1.823400e-02,    1.291700e-01,    2.508600e-02,    3.000000e-02,    3.000000e-02,    3.000000e-02,    3.000000e-02,
      1007,    1.584800e+01,   -7.876377e-02,   -6.182569e-03,    1.278913e-01,    4.205094e-02,    7.925924e-01,    7.602856e-01,   -1.217114e-01,   -5.059816e-02,   -5.498600e-02,    1.662600e-02,    1.242400e-01,    4.053300e-02,    3.000000e-02,    3.000000e-02,    3.000000e-02,    3.000000e-02,
      1008,    6.309500e+00,    1.519032e-01,    9.336065e-02,   -8.492316e-02,    6.440786e-02,    6.445597e-01,    9.469783e-01,   -1.044561e+00,   -1.556954e-01,    1.712400e-01,    1.217700e-01,   -1.162600e-01,    5.973700e-02,    3.000000e-02,    3.000000e-02,    3.000000e-02,    3.000000e-02,
      1008,    1.000000e+01,    9.866739e-02,    1.000522e-01,   -1.099137e-01,    3.509348e-02,    4.210871e-01,    1.056595e+00,   -1.287210e+00,    1.448174e-01,    1.113000e-01,    1.317500e-01,   -1.485300e-01,    3.943800e-02,    3.000000e-02,    3.000000e-02,    3.000000e-02,    3.000000e-02,
      1008,    1.584800e+01,    5.143465e-02,    7.861119e-02,   -1.144686e-01,    5.113579e-05,   -3.908832e-02,    6.308935e-01,   -1.411380e+00,   -1.030712e-01,    5.026200e-02,    9.753800e-02,   -1.568100e-01,   -3.041000e-03,    3.000000e-02,    3.000000e-02,    3.000000e-02,    3.000000e-02,
      1009,    6.309500e+00,   -2.075668e-01,    1.061621e-01,    1.717898e-01,    9.483625e-03,    7.578925e-01,    1.664929e+00,    8.086718e-01,   -1.313175e-01,   -1.848300e-01,    1.561100e-01,    1.960500e-01,    5.544100e-03,    3.000000e-02,    3.000000e-02,    3.000000e-02,    3.000000e-02,
      1009,    1.000000e+01,   -2.554863e-01,    7.096467e-02,    1.667896e-01,    2.399136e-03,    1.316878e+00,    7.963109e-01,    3.713471e-01,    5.200955e-01,   -2.159800e-01,    9.485400e-02,    1.779300e-01,    1.800200e-02,    3.000000e-02,    3.000000e-02,    3.000000e-02,    3.000000e-02,
      1009,    1.584800e+01,   -2.789391e-01,    1.829854e-02,    1.692720e-01,   -7.059217e-03,    1.179969e+00,    3.481154e-01,    7.319328e-01,    4.826072e-01,   -2.435400e-01,    2.874200e-02,    1.912300e-01,    7.419000e-03,    3.000000e-02,    3.000000e-02,    3.000000e-02,    3.000000e-02,
      1010,    6.309500e+00,    1.654786e-01,    8.990480e-02,    6.593402e-02,    1.807155e-02,    3.530450e-01,   -5.863934e-01,    2.775533e+00,    3.511282e+00,    1.760700e-01,    7.231300e-02,    1.492000e-01,    1.234100e-01,    3.000000e-02,    3.000000e-02,    3.000000e-02,    3.000000e-02,
      1010,    1.000000e+01,    1.228851e-01,    1.207911e-01,    6.663456e-02,    1.642828e-02,    5.818300e-01,   -2.407028e-01,    7.526148e-01,    3.605724e+00,    1.403400e-01,    1.135700e-01,    8.921300e-02,    1.246000e-01,    3.000000e-02,    3.000000e-02,    3.000000e-02,    3.000000e-02,
      1010,    1.584800e+01,    6.697165e-02,    1.386253e-01,    6.501305e-02,    2.267308e-02,    1.983118e-01,    2.157596e-03,   -1.020002e+00,    2.552464e+00,    7.292100e-02,    1.386900e-01,    3.441300e-02,    9.924700e-02,    3.000000e-02,    3.000000e-02,    3.000000e-02,    3.000000e-02,
      1011,    6.309500e+00,    1.755205e-01,    5.913579e-02,   -9.720377e-02,   -3.290635e-02,    3.739839e-01,    5.031737e-01,    5.345924e-01,   -7.419884e-01,    1.867400e-01,    7.423100e-02,   -8.116600e-02,   -5.516600e-02,    3.000000e-02,    3.000000e-02,    3.000000e-02,    3.000000e-02,
      1011,    1.000000e+01,    1.549445e-01,    5.461039e-02,   -6.946504e-02,   -5.088377e-02,    1.631843e-01,    6.503538e-01,    4.185348e-01,   -4.099765e-05,    1.598400e-01,    7.412100e-02,   -5.690900e-02,   -5.088500e-02,    3.000000e-02,    3.000000e-02,    3.000000e-02,    3.000000e-02,
      1011,    1.584800e+01,    1.432258e-01,    5.506805e-02,   -4.206702e-02,   -4.915387e-02,   -1.355257e-01,    2.358649e-01,   -4.132781e-03,    2.488292e-01,    1.391600e-01,    6.214400e-02,   -4.219100e-02,   -4.168900e-02,    3.000000e-02,    3.000000e-02,    3.000000e-02,    3.000000e-02,
      1012,    6.309500e+00,    2.097639e-01,    1.387364e-01,   -2.540017e-02,    9.809058e-02,    7.498703e-01,   -1.008878e+00,   -1.547277e-01,   -6.965861e-01,    2.322600e-01,    1.084700e-01,   -3.004200e-02,    7.719300e-02,    3.000000e-02,    3.000000e-02,    3.000000e-02,    3.000000e-02,
      1012,    1.000000e+01,    1.412561e-01,    1.266707e-01,   -6.514687e-02,    5.167368e-02,    1.140130e+00,   -3.940238e-01,    3.472888e-02,   -4.995893e-01,    1.754600e-01,    1.148500e-01,   -6.410500e-02,    3.668600e-02,    3.000000e-02,    3.000000e-02,    3.000000e-02,    3.000000e-02,
      1014,    6.309500e+00,    3.095914e-01,    1.608028e-02,    6.718606e-02,    9.752609e-02,   -1.040380e+00,    6.195726e-02,   -1.826435e+00,    2.157970e-01,    2.783800e-01,    1.793900e-02,    1.239300e-02,    1.040000e-01,    3.000000e-02,    3.000000e-02,    3.000000e-02,    3.000000e-02,
      1014,    1.000000e+01,    3.010257e-01,    7.764474e-02,    2.853961e-02,    1.102058e-01,   -9.061910e-01,   -9.385783e-02,   -2.011787e+00,   -2.775276e-01,    2.738400e-01,    7.482900e-02,   -3.181400e-02,    1.018800e-01,    3.000000e-02,    3.000000e-02,    3.000000e-02,    3.000000e-02,
      1014,    1.584800e+01,    2.617962e-01,    1.399247e-01,   -1.807426e-02,    1.130537e-01,   -5.875414e-01,   -4.881562e-01,   -2.254891e+00,   -9.097247e-01,    2.441700e-01,    1.252800e-01,   -8.572100e-02,    8.576200e-02,    3.000000e-02,    3.000000e-02,    3.000000e-02,    3.000000e-02,
      1015,    6.309500e+00,    7.730590e-02,    9.911923e-02,   -4.709218e-02,    3.202563e-03,   -6.494968e-01,   -6.107743e-01,    3.362394e-01,    1.108081e+00,    5.782100e-02,    8.079600e-02,   -3.700500e-02,    3.644500e-02,    3.000000e-02,    3.000000e-02,    3.000000e-02,    3.000000e-02,
      1016,    1.000000e+01,    8.972567e-02,    1.212688e-01,   -2.796542e-02,    3.984029e-02,    2.966478e+00,    3.014374e+00,   -1.935861e-01,   -1.757410e+00,    1.787200e-01,    2.117000e-01,   -3.377300e-02,   -1.288200e-02,    3.000000e-02,    3.000000e-02,    3.000000e-02,    3.000000e-02,
      1016,    1.584800e+01,    3.785877e-02,    1.402387e-01,   -4.208670e-02,    2.027142e-02,    1.854374e+00,    6.347109e-01,    5.549901e-01,   -1.460047e+00,    9.349000e-02,    1.592800e-01,   -2.543700e-02,   -2.353000e-02,    3.000000e-02,    3.000000e-02,    3.000000e-02,    3.000000e-02,
      1017,    6.309500e+00,    5.312547e-02,   -7.698724e-02,    6.976088e-02,   -5.822043e-02,   -1.422682e+00,    1.740805e-02,    4.572708e-01,   -5.667855e-01,    1.044500e-02,   -7.646500e-02,    8.347900e-02,   -7.522400e-02,    3.000000e-02,    3.000000e-02,    3.000000e-02,    3.000000e-02,
      1017,    1.000000e+01,    8.276246e-02,   -7.282060e-02,    9.702246e-02,   -8.382350e-02,   -1.365049e+00,   -1.516799e-01,    3.225848e-01,    2.408346e-02,    4.181100e-02,   -7.737100e-02,    1.067000e-01,   -8.310100e-02,    3.000000e-02,    3.000000e-02,    3.000000e-02,    3.000000e-02,
      1017,    1.584800e+01,    1.066052e-01,   -6.137666e-02,    1.352589e-01,   -9.998632e-02,   -1.145239e+00,   -6.128779e-01,   -7.129826e-02,    4.817730e-02,    7.224800e-02,   -7.976300e-02,    1.331200e-01,   -9.854100e-02,    3.000000e-02,    3.000000e-02,    3.000000e-02,    3.000000e-02,
      1018,    1.000000e+01,   -3.287949e-02,    4.841405e-02,   -5.208372e-02,   -2.857040e-02,    3.271830e-01,    7.979315e-01,    3.633574e-01,    1.607468e-01,   -2.306400e-02,    7.235200e-02,   -4.118300e-02,   -2.374800e-02,    3.000000e-02,    3.000000e-02,    3.000000e-02,    3.000000e-02,
      1018,    1.584800e+01,   -4.256041e-02,    2.014651e-02,   -2.833240e-02,   -1.258921e-02,    2.117469e-01,    8.012164e-01,   -9.220114e-03,    2.278671e-01,   -3.620800e-02,    4.418300e-02,   -2.860900e-02,   -5.753200e-03,    3.000000e-02,    3.000000e-02,    3.000000e-02,    3.000000e-02,
      1019,    6.309500e+00,   -2.780126e-03,    1.466541e-01,    3.343407e-02,   -2.024651e-02,    3.726338e+00,    9.375298e-01,    4.092864e+00,    4.691217e+00,    1.090100e-01,    1.747800e-01,    1.562200e-01,    1.204900e-01,    3.000000e-02,    3.000000e-02,    3.000000e-02,    3.000000e-02,
      1019,    1.000000e+01,   -7.016463e-02,    1.755356e-01,    4.545077e-02,   -4.504947e-02,    2.785988e+00,   -1.311864e-01,    1.554174e+00,    4.831882e+00,    1.341500e-02,    1.716000e-01,    9.207600e-02,    9.990700e-02,    3.000000e-02,    3.000000e-02,    3.000000e-02,    3.000000e-02,
      1019,    1.584800e+01,   -1.487539e-01,    1.803290e-01,    7.020350e-02,   -6.407710e-02,   -1.492042e-01,    5.166991e-01,    1.813883e+00,    7.800367e-01,   -1.532300e-01,    1.958300e-01,    1.246200e-01,   -4.067600e-02,    3.000000e-02,    3.000000e-02,    3.000000e-02,    3.000000e-02,
      1020,    6.309500e+00,    3.886345e-02,    1.144691e-01,   -3.977776e-02,    2.963191e-03,    7.840517e-01,   -4.910706e-01,    9.389214e-02,   -5.287969e-02,    6.238500e-02,    9.973700e-02,   -3.696100e-02,    1.376800e-03,    3.000000e-02,    3.000000e-02,    3.000000e-02,    3.000000e-02,
      1020,    1.000000e+01,   -1.444233e-02,    1.193656e-01,   -2.765971e-02,   -9.112375e-03,    1.143044e+00,   -3.775195e-01,   -3.894095e-01,    3.960025e-01,    1.984900e-02,    1.080400e-01,   -3.934200e-02,    2.767700e-03,    3.000000e-02,    3.000000e-02,    3.000000e-02,    3.000000e-02,
      1020,    1.584800e+01,   -6.624852e-02,    1.048506e-01,   -1.476728e-02,   -5.755344e-03,    1.223751e+00,   -4.193544e-01,   -6.039239e-01,    1.671278e-01,   -2.953600e-02,    9.227000e-02,   -3.288500e-02,   -7.415100e-04,    3.000000e-02,    3.000000e-02,    3.000000e-02,    3.000000e-02,
      1021,    1.584800e+01,    1.213115e-01,    1.594683e-02,   -1.855635e-02,    3.182366e-02,   -4.599118e+00,   -9.771943e-01,   -2.657882e-01,    3.667781e-01,   -1.666200e-02,   -1.336900e-02,   -2.653000e-02,    4.282700e-02,    3.000000e-02,    3.000000e-02,    3.000000e-02,    3.000000e-02,
      1022,    6.309500e+00,    2.015930e-01,    7.817009e-02,    5.816163e-02,    1.168812e-02,    1.102317e-01,    2.307638e-01,    1.184446e+00,    3.563292e-01,    2.049000e-01,    8.509300e-02,    9.369500e-02,    2.237800e-02,    3.000000e-02,    3.000000e-02,    3.000000e-02,    3.000000e-02,
      1022,    1.000000e+01,    1.607058e-01,    1.014046e-01,    5.760881e-02,    7.491032e-04,    2.084744e-01,    3.828454e-01,    1.213906e+00,    7.886299e-01,    1.669600e-01,    1.128900e-01,    9.402600e-02,    2.440800e-02,    3.000000e-02,    3.000000e-02,    3.000000e-02,    3.000000e-02,
      1022,    1.584800e+01,    1.142112e-01,    1.085366e-01,    6.399248e-02,   -5.878074e-03,   -3.293746e-01,    2.011137e-01,    1.033351e+00,    9.498025e-01,    1.043300e-01,    1.145700e-01,    9.499300e-02,    2.261600e-02,    3.000000e-02,    3.000000e-02,    3.000000e-02,    3.000000e-02,
      1023,    6.309500e+00,    9.582507e-02,    5.997062e-02,   -8.452553e-02,   -1.635752e-02,   -9.642023e-01,    7.653127e-01,    3.083509e-01,   -1.983493e-01,    6.689900e-02,    8.293000e-02,   -7.527500e-02,   -2.230800e-02,    3.000000e-02,    3.000000e-02,    3.000000e-02,    3.000000e-02,
      1023,    1.000000e+01,    7.175061e-02,    4.125694e-02,   -5.905332e-02,   -2.740772e-02,   -1.144187e+00,    4.902020e-01,   -3.889255e-03,    5.950472e-01,    3.742500e-02,    5.596300e-02,   -5.917000e-02,   -9.556300e-03,    3.000000e-02,    3.000000e-02,    3.000000e-02,    3.000000e-02,
      1023,    1.584800e+01,    6.512973e-02,    2.161229e-02,   -3.533744e-02,   -1.327938e-02,   -1.408224e+00,    1.545711e-02,   -4.106521e-01,    7.884460e-01,    2.288300e-02,    2.207600e-02,   -4.765700e-02,    1.037400e-02,    3.000000e-02,    3.000000e-02,    3.000000e-02,    3.000000e-02,
      1024,    6.309500e+00,    1.671243e-01,    8.809562e-02,    1.212435e-01,    2.358525e-03,   -8.031446e-01,    3.890793e-01,   -6.674498e-01,   -4.258842e-01,    1.430300e-01,    9.976800e-02,    1.012200e-01,   -1.041800e-02,    3.000000e-02,    3.000000e-02,    3.000000e-02,    3.000000e-02,
      1024,    1.000000e+01,    1.156189e-01,    1.134569e-01,    1.174868e-01,    1.654780e-03,   -2.256284e-01,    5.561027e-01,   -2.345613e-01,   -3.300527e-01,    1.088500e-01,    1.301400e-01,    1.104500e-01,   -8.246800e-03,    3.000000e-02,    3.000000e-02,    3.000000e-02,    3.000000e-02,
      1024,    1.584800e+01,    6.213385e-02,    1.120516e-01,    1.160308e-01,   -1.930252e-03,   -2.301618e-01,    3.759467e-01,   -6.923583e-04,   -7.041249e-01,    5.522900e-02,    1.233300e-01,    1.160100e-01,   -2.305400e-02,    3.000000e-02,    3.000000e-02,    3.000000e-02,    3.000000e-02,
      1026,    6.309500e+00,    1.361082e-01,    8.728117e-02,   -2.103420e-02,    4.120448e-02,    1.526062e+00,    4.689609e-01,    1.365440e+00,   -1.133026e+00,    1.818900e-01,    1.013500e-01,    1.992900e-02,    7.213700e-03,    3.000000e-02,    3.000000e-02,    3.000000e-02,    3.000000e-02,
      1026,    1.000000e+01,    8.840962e-02,    1.006959e-01,   -3.837041e-02,    1.380789e-02,    1.724346e+00,    2.748027e-01,    9.188804e-01,   -2.052398e-01,    1.401400e-01,    1.089400e-01,   -1.080400e-02,    7.650700e-03,    3.000000e-02,    3.000000e-02,    3.000000e-02,    3.000000e-02,
      1026,    1.584800e+01,    4.005643e-02,    9.129667e-02,   -3.798541e-02,   -1.954276e-02,   -5.809955e-04,   -4.293556e-01,    3.628136e-01,    1.297659e+00,    4.003900e-02,    7.841600e-02,   -2.710100e-02,    1.938700e-02,    3.000000e-02,    3.000000e-02,    3.000000e-02,    3.000000e-02,
      1027,    6.309500e+00,    1.236414e-01,    1.690245e-02,    1.438006e-01,    9.926171e-02,   -1.407133e-01,    2.237848e-01,   -8.553542e-01,   -5.718570e-01,    1.194200e-01,    2.361600e-02,    1.181400e-01,    8.210600e-02,    3.000000e-02,    3.000000e-02,    3.000000e-02,    3.000000e-02,
      1027,    1.000000e+01,    1.148920e-01,    4.665713e-02,    1.040457e-01,    1.223906e-01,   -2.577324e-01,   -8.223753e-02,   -6.925889e-01,   -5.840200e-01,    1.071600e-01,    4.419000e-02,    8.326800e-02,    1.048700e-01,    3.000000e-02,    3.000000e-02,    3.000000e-02,    3.000000e-02,
      1027,    1.584800e+01,    9.214994e-02,    7.511225e-02,    5.264132e-02,    1.356264e-01,   -3.802313e-01,   -4.532750e-01,   -8.873107e-01,   -6.588800e-01,    8.074300e-02,    6.151400e-02,    2.602200e-02,    1.158600e-01,    3.000000e-02,    3.000000e-02,    3.000000e-02,    3.000000e-02,
      1028,    6.309500e+00,    7.473437e-02,    8.338415e-03,    7.050521e-02,    1.033301e-01,   -2.586455e-01,    4.384195e-01,   -1.369404e-01,   -9.077034e-01,    6.697500e-02,    2.149100e-02,    6.639700e-02,    7.609900e-02,    3.000000e-02,    3.000000e-02,    3.000000e-02,    3.000000e-02,
      1028,    1.000000e+01,    6.894101e-02,    2.931047e-02,    3.026027e-02,    1.149146e-01,   -4.321338e-01,    1.678422e-02,    7.315769e-02,   -6.460192e-01,    5.597700e-02,    2.981400e-02,    3.245500e-02,    9.553400e-02,    3.000000e-02,    3.000000e-02,    3.000000e-02,    3.000000e-02,
      1028,    1.584800e+01,    5.254273e-02,    4.846096e-02,   -1.562344e-02,    1.167467e-01,   -4.459909e-01,   -3.263319e-01,    6.064712e-01,   -2.408890e-01,    3.916300e-02,    3.867100e-02,    2.570700e-03,    1.095200e-01,    3.000000e-02,    3.000000e-02,    3.000000e-02,    3.000000e-02,
      1029,    6.309500e+00,    7.055281e-02,    6.630949e-02,    1.226812e-02,    5.208966e-02,    9.673968e-02,    1.676017e+00,   -9.623040e-01,   -4.119887e-01,    7.345500e-02,    1.165900e-01,   -1.660100e-02,    3.973000e-02,    3.000000e-02,    3.000000e-02,    3.000000e-02,    3.000000e-02,
      1029,    1.000000e+01,    3.518759e-02,    6.989655e-02,   -1.158679e-02,    3.952609e-02,   -1.103197e-01,    1.209782e+00,   -2.630069e-01,   -4.454362e-01,    3.187800e-02,    1.061900e-01,   -1.947700e-02,    2.616300e-02,    3.000000e-02,    3.000000e-02,    3.000000e-02,    3.000000e-02,
      1029,    1.584800e+01,    7.252019e-03,    5.866424e-02,   -2.315504e-02,    1.791509e-02,   -5.029173e-01,    9.441252e-01,   -2.186318e-01,   -2.688763e-01,   -7.835500e-03,    8.698800e-02,   -2.971400e-02,    9.848800e-03,    3.000000e-02,    3.000000e-02,    3.000000e-02,    3.000000e-02,
      1030,    6.309500e+00,    3.374886e-02,    8.413685e-02,    8.857727e-02,    8.844189e-03,    1.751705e+00,   -1.202828e+00,    1.804758e+00,    2.540760e+00,    8.630000e-02,    4.805200e-02,    1.427200e-01,    8.506700e-02,    3.000000e-02,    3.000000e-02,    3.000000e-02,    3.000000e-02,
      1032,    6.309500e+00,    2.575298e-01,    4.988921e-02,    3.048997e-02,    4.954260e-02,    9.413402e-01,    2.265693e+00,    5.448011e-01,   -1.631880e+00,    2.857700e-01,    1.178600e-01,    4.683400e-02,    5.861900e-04,    3.000000e-02,    3.000000e-02,    3.000000e-02,    3.000000e-02,
      1032,    1.000000e+01,    2.267804e-01,    8.938560e-02,    2.445103e-03,    4.419407e-02,    5.358986e+00,    3.295147e+00,   -2.973601e-01,   -2.258236e+00,    3.875500e-01,    1.882400e-01,   -6.475700e-03,   -2.355300e-02,    3.000000e-02,    3.000000e-02,    3.000000e-02,    3.000000e-02,
      1032,    1.584800e+01,    1.805892e-01,    1.123370e-01,   -1.593974e-02,    2.348128e-02,    6.197358e+00,    1.704099e+00,    6.011014e-01,   -1.895709e+00,    3.665100e-01,    1.634600e-01,    2.093300e-03,   -3.339000e-02,    3.000000e-02,    3.000000e-02,    3.000000e-02,    3.000000e-02,
      1033,    6.309500e+00,   -1.777432e-01,    9.249272e-03,   -8.058567e-02,    5.893895e-02,   -6.232265e-01,   -3.108574e-02,    8.521890e-01,   -5.439318e-01,   -1.964400e-01,    8.316700e-03,   -5.502000e-02,    4.262100e-02,    3.000000e-02,    3.000000e-02,    3.000000e-02,    3.000000e-02,
      1033,    1.000000e+01,   -1.597156e-01,   -3.476309e-02,   -8.862413e-02,    3.126020e-02,   -8.684802e-01,   -9.783031e-02,    7.729043e-01,   -3.440068e-01,   -1.857700e-01,   -3.769800e-02,   -6.543700e-02,    2.094000e-02,    3.000000e-02,    3.000000e-02,    3.000000e-02,    3.000000e-02,
      1033,    1.584800e+01,   -1.234841e-01,   -4.868489e-02,   -8.727103e-02,    1.653465e-02,   -7.918642e-01,   -3.112702e-01,    3.142343e-01,   -2.289185e-01,   -1.472400e-01,   -5.802300e-02,   -7.784400e-02,    9.667100e-03,    3.000000e-02,    3.000000e-02,    3.000000e-02,    3.000000e-02,
      1034,    6.309500e+00,   -1.444456e-01,    1.333323e-01,   -8.721150e-02,    1.619112e-01,    8.418716e-02,    1.592343e-02,   -2.220283e+00,   -1.726038e+00,   -1.419200e-01,    1.338100e-01,   -1.538200e-01,    1.101300e-01,    3.000000e-02,    3.000000e-02,    3.000000e-02,    3.000000e-02,
      1034,    1.000000e+01,   -2.126620e-01,    1.073296e-01,   -1.603992e-01,    1.484978e-01,    4.474004e-01,    1.534655e-02,   -1.159361e+00,   -1.298927e+00,   -1.992400e-01,    1.077900e-01,   -1.951800e-01,    1.095300e-01,    3.000000e-02,    3.000000e-02,    3.000000e-02,    3.000000e-02,
      1034,    1.584800e+01,   -2.588219e-01,    4.900288e-02,   -2.226268e-01,    1.065478e-01,    6.660643e-01,    5.367072e-02,   -6.954391e-01,   -1.055694e+00,   -2.388400e-01,    5.061300e-02,   -2.434900e-01,    7.487700e-02,    3.000000e-02,    3.000000e-02,    3.000000e-02,    3.000000e-02,
      1035,    6.309500e+00,    1.446724e-02,    7.573320e-02,    1.002406e-01,   -1.733304e-02,    4.889191e-02,    2.154560e+00,    1.212979e+00,    9.433679e-01,    1.593400e-02,    1.403700e-01,    1.366300e-01,    1.096800e-02,    3.000000e-02,    3.000000e-02,    3.000000e-02,    3.000000e-02,
      1035,    1.000000e+01,   -2.473991e-02,    7.213539e-02,    1.090168e-01,   -3.351364e-02,   -1.653696e-01,    8.922871e-01,    3.571074e-01,    8.338913e-01,   -2.970100e-02,    9.890400e-02,    1.197300e-01,   -8.496900e-03,    3.000000e-02,    3.000000e-02,    3.000000e-02,    3.000000e-02,
      1035,    1.584800e+01,   -5.314384e-02,    5.334748e-02,    1.324427e-01,   -4.374509e-02,   -3.284719e-01,    4.605505e-01,   -2.780902e-01,    7.319030e-01,   -6.299800e-02,    6.716400e-02,    1.241000e-01,   -2.178800e-02,    3.000000e-02,    3.000000e-02,    3.000000e-02,    3.000000e-02,
      1036,    6.309500e+00,    3.164395e-01,    3.562346e-02,    1.832828e-01,   -1.968264e-02,    2.720159e-01,    4.633848e-01,    3.439056e-01,    1.992621e+00,    3.246000e-01,    4.952500e-02,    1.936000e-01,    4.009600e-02,    3.000000e-02,    3.000000e-02,    3.000000e-02,    3.000000e-02,
      1036,    1.000000e+01,    3.001709e-01,    1.024457e-01,    1.825043e-01,   -1.336348e-02,   -3.150286e-01,   -7.694892e-01,    4.581905e-01,    1.813949e+00,    2.907200e-01,    7.936100e-02,    1.962500e-01,    4.105500e-02,    3.000000e-02,    3.000000e-02,    3.000000e-02,    3.000000e-02,
      1036,    1.584800e+01,    2.486843e-01,    1.669355e-01,    1.859808e-01,   -1.308061e-02,    1.360524e+00,   -6.658487e-01,    5.076398e-01,    2.624320e+00,    2.895000e-01,    1.469600e-01,    2.012100e-01,    6.564900e-02,    3.000000e-02,    3.000000e-02,    3.000000e-02,    3.000000e-02,
      1038,    6.309500e+00,    1.302994e-01,    8.416167e-02,   -4.275380e-02,    3.703135e-02,    2.012352e+00,    2.218278e+00,   -1.099973e+00,    2.391288e+00,    1.906700e-01,    1.507100e-01,   -7.575300e-02,    1.087700e-01,    3.000000e-02,    3.000000e-02,    3.000000e-02,    3.000000e-02,
      1038,    1.000000e+01,    8.022133e-02,    1.074425e-01,   -5.332583e-02,    3.074262e-02,    7.642889e-01,    1.925583e+00,   -2.047806e+00,    1.490794e-01,    1.031500e-01,    1.652100e-01,   -1.147600e-01,    3.521500e-02,    3.000000e-02,    3.000000e-02,    3.000000e-02,    3.000000e-02,
      1038,    1.584800e+01,    2.060363e-02,    1.026231e-01,   -6.385740e-02,    2.341923e-02,   -4.518753e-02,    2.548229e+00,   -2.028087e+00,   -2.314474e+00,    1.924800e-02,    1.790700e-01,   -1.247000e-01,   -4.601500e-02,    3.000000e-02,    3.000000e-02,    3.000000e-02,    3.000000e-02,
      1039,    6.309500e+00,    2.068938e-01,   -1.754962e-03,    4.171462e-01,    4.061966e-02,    6.025385e-01,    7.476208e-02,    7.374588e-01,    1.920545e+00,    2.249700e-01,    4.879000e-04,    4.392700e-01,    9.823600e-02,    3.000000e-02,    3.000000e-02,    3.000000e-02,    3.000000e-02,
      1039,    1.000000e+01,    2.013774e-01,    2.246140e-02,    4.028883e-01,    9.905197e-02,    7.310872e-01,    2.324868e-01,   -5.776115e-01,    1.468268e+00,    2.233100e-01,    2.943600e-02,    3.855600e-01,    1.431000e-01,    3.000000e-02,    3.000000e-02,    3.000000e-02,    3.000000e-02,
      1039,    1.584800e+01,    1.868562e-01,    4.314927e-02,    3.564986e-01,    1.594027e-01,    4.921261e-01,    8.780578e-01,   -1.389621e+00,    3.272447e-01,    2.016200e-01,    6.949100e-02,    3.148100e-01,    1.692200e-01,    3.000000e-02,    3.000000e-02,    3.000000e-02,    3.000000e-02,
      1040,    6.309500e+00,    9.898704e-02,    9.520048e-02,   -3.542591e-01,   -9.046525e-02,   -1.451868e+00,    2.563174e-01,    9.793026e-01,   -5.184916e-01,    5.543100e-02,    1.028900e-01,   -3.248800e-01,   -1.060200e-01,    3.000000e-02,    3.000000e-02,    3.000000e-02,    3.000000e-02,
      1040,    1.000000e+01,    4.691036e-02,    1.126418e-01,   -2.850875e-01,   -1.581791e-01,   -8.148455e-01,   -3.250598e-01,    3.859162e-01,   -3.002916e-02,    2.246500e-02,    1.028900e-01,   -2.735100e-01,   -1.590800e-01,    3.000000e-02,    3.000000e-02,    3.000000e-02,    3.000000e-02,
      1040,    1.584800e+01,   -4.415617e-03,    1.060470e-01,   -2.069648e-01,   -1.883925e-01,   -1.877461e-01,   -5.370334e-01,   -3.121738e-01,   -2.269166e-01,   -1.004800e-02,    8.993600e-02,   -2.163300e-01,   -1.952000e-01,    3.000000e-02,    3.000000e-02,    3.000000e-02,    3.000000e-02,
      1041,    6.309500e+00,    8.200295e-02,    6.136742e-02,   -5.014275e-03,   -6.186847e-02,    1.798682e-01,    8.736194e-01,    1.592976e+00,    1.019649e+00,    8.739900e-02,    8.757600e-02,    4.277500e-02,   -3.127900e-02,    3.000000e-02,    3.000000e-02,    3.000000e-02,    3.000000e-02,
      1041,    1.000000e+01,    5.627333e-02,    4.658870e-02,    3.236998e-02,   -8.016465e-02,    6.981222e-01,    8.280766e-01,    7.690006e-01,    1.905488e+00,    7.721700e-02,    7.143100e-02,    5.544000e-02,   -2.300000e-02,    3.000000e-02,    3.000000e-02,    3.000000e-02,    3.000000e-02,
      1041,    1.584800e+01,    4.477294e-02,    2.832361e-02,    6.975668e-02,   -7.710305e-02,    3.088354e-01,    4.616464e-01,   -4.894226e-01,    1.560902e+00,    5.403800e-02,    4.217300e-02,    5.507400e-02,   -3.027600e-02,    3.000000e-02,    3.000000e-02,    3.000000e-02,    3.000000e-02,
      1042,    6.309500e+00,    1.145929e-01,    8.905191e-02,   -2.586693e-02,    6.846104e-04,   -5.064981e-01,   -8.686354e-02,    1.503598e+00,    5.015797e-01,    9.939800e-02,    8.644600e-02,    1.924100e-02,    1.573200e-02,    3.000000e-02,    3.000000e-02,    3.000000e-02,    3.000000e-02,
      1042,    1.000000e+01,    6.898538e-02,    9.065889e-02,   -1.465701e-02,   -1.289401e-02,   -6.964587e-02,   -2.396629e-01,    1.132100e+00,    9.209338e-01,    6.689600e-02,    8.346900e-02,    1.930600e-02,    1.473400e-02,    3.000000e-02,    3.000000e-02,    3.000000e-02,    3.000000e-02,
      1042,    1.584800e+01,    2.988285e-02,    7.259414e-02,   -9.037360e-04,   -1.230144e-02,    2.909718e-01,   -2.676713e-01,    8.855245e-01,    8.305815e-01,    3.861200e-02,    6.456400e-02,    2.566200e-02,    1.261600e-02,    3.000000e-02,    3.000000e-02,    3.000000e-02,    3.000000e-02,
      1043,    6.309500e+00,   -1.288269e-03,   -3.292362e-02,   -4.043867e-02,    3.471508e-02,   -7.075577e-01,   -7.212713e-03,    6.973556e-01,    3.649641e-01,   -2.251500e-02,   -3.314000e-02,   -1.951800e-02,    4.566400e-02,    3.000000e-02,    3.000000e-02,    3.000000e-02,    3.000000e-02,
      1043,    1.000000e+01,    1.903779e-02,   -5.988236e-02,   -5.343994e-02,    4.975488e-03,   -3.778030e-01,   -1.369215e-01,    2.418979e-01,    1.027984e+00,    7.703700e-03,   -6.399000e-02,   -4.618300e-02,    3.581500e-02,    3.000000e-02,    3.000000e-02,    3.000000e-02,    3.000000e-02,
      1043,    1.584800e+01,    5.107452e-02,   -7.236891e-02,   -4.851903e-02,   -2.899436e-02,    6.201612e-02,   -5.423696e-01,    2.301676e-01,    8.629755e-01,    5.293500e-02,   -8.864000e-02,   -4.161400e-02,   -3.105100e-03,    3.000000e-02,    3.000000e-02,    3.000000e-02,    3.000000e-02,
      1044,    6.309500e+00,    2.260276e-01,    6.678775e-02,    6.197884e-02,    1.604599e-02,    1.478079e+00,   -6.699584e-01,    2.805372e+00,    1.287005e-01,    2.703700e-01,    4.668900e-02,    1.461400e-01,    1.990700e-02,    3.000000e-02,    3.000000e-02,    3.000000e-02,    3.000000e-02,
      1044,    1.000000e+01,    1.921416e-01,    1.109624e-01,    6.356571e-02,    1.224955e-02,    1.861946e+00,   -7.541224e-02,    2.012810e+00,    1.003315e+00,    2.480000e-01,    1.087000e-01,    1.239500e-01,    4.234900e-02,    3.000000e-02,    3.000000e-02,    3.000000e-02,    3.000000e-02,
      1044,    1.584800e+01,    1.383993e-01,    1.436189e-01,    6.433275e-02,    1.653290e-02,    2.306690e+00,    2.900356e-01,    1.151875e+00,    1.431637e+00,    2.076000e-01,    1.523200e-01,    9.888900e-02,    5.948200e-02,    3.000000e-02,    3.000000e-02,    3.000000e-02,    3.000000e-02,
      1045,    6.309500e+00,    1.480120e-01,    1.875439e-03,   -1.954743e-04,    1.573630e-01,   -4.437324e-01,   -2.721680e-01,   -7.278509e-01,    1.128996e-01,    1.347000e-01,   -6.289600e-03,   -2.203100e-02,    1.607500e-01,    3.000000e-02,    3.000000e-02,    3.000000e-02,    3.000000e-02,
      1045,    1.000000e+01,    1.448293e-01,    3.155507e-02,   -6.040109e-02,    1.785521e-01,   -4.186439e-01,   -6.643691e-01,   -6.701970e-01,   -5.540455e-02,    1.322700e-01,    1.162400e-02,   -8.050700e-02,    1.768900e-01,    3.000000e-02,    3.000000e-02,    3.000000e-02,    3.000000e-02,
      1045,    1.584800e+01,    1.270220e-01,    6.083467e-02,   -1.318366e-01,    1.863348e-01,   -3.270681e-01,   -1.091556e+00,   -6.821145e-01,   -2.998259e-01,    1.172100e-01,    2.808800e-02,   -1.523000e-01,    1.773400e-01,    3.000000e-02,    3.000000e-02,    3.000000e-02,    3.000000e-02,
      1046,    6.309500e+00,   -7.697609e-02,    1.139853e-02,    1.513738e-01,    8.816104e-02,   -1.559703e-02,    1.529482e+00,    1.068747e-01,   -1.051768e+00,   -7.744400e-02,    5.728300e-02,    1.545800e-01,    5.660800e-02,    3.000000e-02,    3.000000e-02,    3.000000e-02,    3.000000e-02,
      1046,    1.000000e+01,   -9.029705e-02,    8.167440e-03,    1.145809e-01,    1.098278e-01,    4.161016e-01,    2.434520e-01,   -2.593621e-01,    2.210749e-01,   -7.781400e-02,    1.547100e-02,    1.068000e-01,    1.164600e-01,    3.000000e-02,    3.000000e-02,    3.000000e-02,    3.000000e-02,
      1046,    1.584800e+01,   -9.982868e-02,   -7.314593e-03,    6.869758e-02,    1.202113e-01,    6.742561e-01,   -2.133357e-02,   -5.276861e-01,   -2.253754e-01,   -7.960100e-02,   -7.954600e-03,    5.286700e-02,    1.134500e-01,    3.000000e-02,    3.000000e-02,    3.000000e-02,    3.000000e-02,
