MT,
     StaID,        Freq[Hz],     Re(Zxx)_Cal,     Im(Zxx)_Cal,     Re(Zxy)_Cal,     Im(Zxy)_Cal,     Re(Zyx)_Cal,     Im(Zyx)_Cal,     Re(Zyy)_Cal,     Im(Zyy)_Cal,     Re(Zxx)_Res,     Im(Zxx)_Res,     Re(Zxy)_Res,     Im(Zxy)_Res,     Re(Zyx)_Res,     Im(Zyx)_Res,     Re(Zyy)_Res,     Im(Zyy)_Res,     Re(Zxx)_Obs,     Im(Zxx)_Obs,     Re(Zxy)_Obs,     Im(Zxy)_Obs,     Re(Zyx)_Obs,     Im(Zyx)_Obs,     Re(Zyy)_Obs,     Im(Zyy)_Obs,      Re(Zxx)_SD,      Im(Zxx)_SD,      Re(Zxy)_SD,      Im(Zxy)_SD,      Re(Zyx)_SD,      Im(Zyx)_SD,      Re(Zyy)_SD,      Im(Zyy)_SD,
         1,    1.000000e+02,   -2.460852e-02,    4.473389e-03,    1.246504e-01,   -1.323904e-01,   -1.785034e-01,    1.506403e-01,    3.167675e-02,   -3.864710e-03,    1.281623e+00,    8.920624e-01,   -3.315897e+00,    3.755232e+00,    2.144521e+00,   -3.732515e+00,    2.307192e+00,   -1.618630e+00,   -1.479500e-02,    1.130400e-02,    9.690600e-02,   -1.009700e-01,   -1.605600e-01,    1.194100e-01,    7.666700e-02,   -3.542800e-02,    7.657100e-03,    7.657100e-03,    8.367100e-03,    8.367100e-03,    8.367100e-03,    8.367100e-03,    1.950000e-02,    1.950000e-02,
         1,    1.584800e+02,   -2.687104e-02,    1.812304e-03,    1.569822e-01,   -1.749212e-01,   -2.167846e-01,    1.953288e-01,    3.359415e-02,    1.681183e-03,    7.467037e-01,    1.433977e+00,   -2.907582e+00,    3.473789e+00,    1.629925e+00,   -3.939004e+00,    2.384170e+00,   -1.611496e+00,   -1.917700e-02,    1.658800e-02,    1.255600e-01,   -1.373800e-01,   -1.991700e-01,    1.527600e-01,    8.913100e-02,   -3.585700e-02,    1.030400e-02,    1.030400e-02,    1.080700e-02,    1.080700e-02,    1.080700e-02,    1.080700e-02,    2.329400e-02,    2.329400e-02,
         1,    2.511800e+02,   -2.715181e-02,   -1.680034e-03,    2.006625e-01,   -2.287640e-01,   -2.677885e-01,    2.501084e-01,    3.192803e-02,    8.052464e-03,    3.511449e-01,    1.687537e+00,   -3.085022e+00,    3.795587e+00,    2.454044e+00,   -4.554082e+00,    2.448677e+00,   -1.464438e+00,   -2.268700e-02,    1.977700e-02,    1.592800e-01,   -1.778500e-01,   -2.348700e-01,    1.890200e-01,    9.586300e-02,   -3.018400e-02,    1.271500e-02,    1.271500e-02,    1.341400e-02,    1.341400e-02,    1.341400e-02,    1.341400e-02,    2.611000e-02,    2.611000e-02,
         1,    3.981000e+02,   -2.537396e-02,   -4.794394e-03,    2.575176e-01,   -2.959825e-01,   -3.309419e-01,    3.161815e-01,    2.714720e-02,    1.288371e-02,   -1.518659e-01,    1.631112e+00,   -3.203835e+00,    3.965389e+00,    2.957078e+00,   -4.686119e+00,    2.583525e+00,   -1.335522e+00,   -2.771300e-02,    2.032800e-02,    2.036900e-01,   -2.293600e-01,   -2.812600e-01,    2.374500e-01,    1.043300e-01,   -2.701500e-02,    1.540200e-02,    1.540200e-02,    1.680100e-02,    1.680100e-02,    1.680100e-02,    1.680100e-02,    2.987500e-02,    2.987500e-02,
         1,    6.309500e+02,   -2.225795e-02,   -6.567663e-03,    3.287459e-01,   -3.811356e-01,   -4.048503e-01,    4.005344e-01,    2.151304e-02,    1.543987e-02,   -6.008056e-01,    1.475184e+00,   -2.870654e+00,    3.922583e+00,    2.777741e+00,   -4.756405e+00,    2.459417e+00,   -1.216928e+00,   -3.363300e-02,    2.136200e-02,    2.674000e-01,   -2.973100e-01,   -3.454900e-01,    2.988900e-01,    1.024500e-01,   -2.460800e-02,    1.893300e-02,    1.893300e-02,    2.137000e-02,    2.137000e-02,    2.137000e-02,    2.137000e-02,    3.290900e-02,    3.290900e-02,
         1,    1.000000e+03,   -1.870622e-02,   -6.867006e-03,    4.166361e-01,   -4.920054e-01,   -4.922656e-01,    5.152345e-01,    1.629570e-02,    1.720751e-02,   -8.386343e-01,    1.480742e+00,   -2.309347e+00,    4.272296e+00,    1.629080e+00,   -5.218334e+00,    2.284621e+00,   -1.313243e+00,   -3.836800e-02,    2.784900e-02,    3.533900e-01,   -3.750000e-01,   -4.476500e-01,    3.723200e-01,    1.016400e-01,   -3.185000e-02,    2.344500e-02,    2.344500e-02,    2.738700e-02,    2.738700e-02,    2.738700e-02,    2.738700e-02,    3.735600e-02,    3.735600e-02,
         2,    1.000000e+02,    7.528497e-03,   -1.267984e-02,    1.659576e-01,   -1.744255e-01,   -1.386560e-01,    1.632233e-01,   -1.634613e-02,    1.322428e-02,   -2.970846e+00,    3.702215e+00,   -3.731113e+00,    4.283129e+00,    2.898625e+00,   -4.385947e+00,   -1.228934e-01,   -3.865611e-01,   -2.835300e-03,    2.353400e-04,    1.326500e-01,   -1.361900e-01,   -1.127800e-01,    1.240700e-01,   -1.741400e-02,    9.865300e-03,    3.488500e-03,    3.488500e-03,    8.927000e-03,    8.927000e-03,    8.927000e-03,    8.927000e-03,    8.689400e-03,    8.689400e-03,
         2,    1.584800e+02,    1.390834e-02,   -1.087812e-02,    2.085424e-01,   -2.197266e-01,   -1.790836e-01,    2.104066e-01,   -2.116614e-02,    1.155501e-02,   -4.129350e+00,    2.974714e+00,   -4.132167e+00,    3.957421e+00,    3.323923e+00,   -4.342142e+00,   -2.337478e-01,   -5.319739e-01,   -2.827500e-03,    1.178100e-03,    1.618200e-01,   -1.749800e-01,   -1.415000e-01,    1.613100e-01,   -2.370300e-02,    5.781500e-03,    4.052900e-03,    4.052900e-03,    1.130700e-02,    1.130700e-02,    1.130700e-02,    1.130700e-02,    1.085300e-02,    1.085300e-02,
         2,    2.511800e+02,    1.700517e-02,   -5.661470e-03,    2.599661e-01,   -2.807579e-01,   -2.301814e-01,    2.710319e-01,   -2.290314e-02,    8.793435e-03,   -3.621899e+00,    1.660248e+00,   -4.276886e+00,    4.220683e+00,    4.139949e+00,   -4.281523e+00,   -3.493867e-01,   -7.969443e-01,   -2.893900e-03,    3.460100e-03,    1.992300e-01,   -2.208200e-01,   -1.713900e-01,    2.102300e-01,   -2.742700e-02,   -1.525400e-03,    5.494100e-03,    5.494100e-03,    1.420100e-02,    1.420100e-02,    1.420100e-02,    1.420100e-02,    1.294800e-02,    1.294800e-02,
         2,    3.981000e+02,    1.502485e-02,   -1.969019e-03,    3.262446e-01,   -3.627212e-01,   -2.946605e-01,    3.494630e-01,   -2.061237e-02,    8.689376e-03,   -1.886181e+00,    1.298516e+00,   -4.433711e+00,    4.379934e+00,    4.608611e+00,   -3.942487e+00,   -4.019534e-01,   -1.364494e+00,   -3.180200e-03,    1.056400e-02,    2.459900e-01,   -2.834400e-01,   -2.112400e-01,    2.781000e-01,   -2.671000e-02,   -1.201000e-02,    9.651800e-03,    9.651800e-03,    1.810100e-02,    1.810100e-02,    1.810100e-02,    1.810100e-02,    1.517000e-02,    1.517000e-02,
         2,    6.309500e+02,    1.178503e-02,   -3.198088e-03,    4.118098e-01,   -4.691377e-01,   -3.753109e-01,    4.524240e-01,   -1.710099e-02,    1.474651e-02,   -1.478842e+00,    1.325789e+00,   -4.325121e+00,    3.728450e+00,    4.223849e+00,   -3.162690e+00,   -3.547244e-01,   -2.051523e+00,   -8.846300e-03,    1.529800e-02,    3.085000e-01,   -3.800800e-01,   -2.744200e-01,    3.768800e-01,   -2.376200e-02,   -2.377700e-02,    1.395100e-02,    1.395100e-02,    2.388600e-02,    2.388600e-02,    2.388600e-02,    2.388600e-02,    1.877800e-02,    1.877800e-02,
         2,    1.000000e+03,    1.077891e-02,   -7.509028e-03,    5.187294e-01,   -6.080450e-01,   -4.769740e-01,    5.895912e-01,   -1.561264e-02,    2.680954e-02,   -1.542901e+00,    1.825564e+00,   -3.743142e+00,    3.052595e+00,    3.350863e+00,   -2.430542e+00,   -1.567327e-01,   -2.634265e+00,   -3.300400e-02,    4.429500e-02,    3.990200e-01,   -5.104200e-01,   -3.698100e-01,    5.118600e-01,   -1.948300e-02,   -3.824100e-02,    2.837700e-02,    2.837700e-02,    3.198100e-02,    3.198100e-02,    3.198100e-02,    3.198100e-02,    2.469400e-02,    2.469400e-02,
         3,    1.000000e+02,    7.467493e-03,   -7.287009e-03,    1.603405e-01,   -1.552222e-01,   -1.228777e-01,    1.477033e-01,   -1.215302e-02,    5.041658e-03,   -8.845943e-01,   -1.354377e+00,   -3.063389e+00,    5.892210e-01,    2.911767e+00,   -2.796301e+00,   -2.788254e+00,    1.872036e+00,   -9.925900e-04,   -2.024000e-02,    1.331900e-01,   -1.500000e-01,   -9.707100e-02,    1.229200e-01,   -5.369800e-02,    3.293500e-02,    9.563800e-03,    9.563800e-03,    8.862900e-03,    8.862900e-03,    8.862900e-03,    8.862900e-03,    1.490000e-02,    1.490000e-02,
         3,    1.584800e+02,    1.165452e-02,   -3.625513e-03,    1.977553e-01,   -1.946169e-01,   -1.589738e-01,    1.910972e-01,   -1.389476e-02,    3.404789e-03,   -4.059213e-01,   -2.109480e+00,   -2.327721e+00,    1.678496e+00,    2.621702e+00,   -2.543159e+00,   -2.899872e+00,    1.298969e+00,    6.217200e-03,   -3.188200e-02,    1.714800e-01,   -1.756700e-01,   -1.293800e-01,    1.623900e-01,   -6.732200e-02,    2.733700e-02,    1.339500e-02,    1.339500e-02,    1.128800e-02,    1.128800e-02,    1.128800e-02,    1.128800e-02,    1.842400e-02,    1.842400e-02,
         3,    2.511800e+02,    1.245719e-02,    2.391491e-03,    2.434007e-01,   -2.478100e-01,   -2.061574e-01,    2.470170e-01,   -1.408361e-02,    1.528082e-03,    2.592502e-01,   -2.457807e+00,   -2.684143e+00,    2.660593e+00,    2.896842e+00,   -2.578479e+00,   -2.788147e+00,    7.874249e-01,    1.678900e-02,   -3.867600e-02,    2.057100e-01,   -2.104500e-01,   -1.654800e-01,    2.108100e-01,   -7.378900e-02,    1.839000e-02,    1.670900e-02,    1.670900e-02,    1.404200e-02,    1.404200e-02,    1.404200e-02,    1.404200e-02,    2.141400e-02,    2.141400e-02,
         3,    3.981000e+02,    9.374579e-03,    7.358413e-03,    3.014642e-01,   -3.192207e-01,   -2.667717e-01,    3.179010e-01,   -1.286773e-02,    9.730916e-04,    1.081769e+00,   -2.362950e+00,   -2.998931e+00,    3.363277e+00,    2.948255e+00,   -2.734144e+00,   -2.567445e+00,    3.665557e-01,    3.150000e-02,   -4.097100e-02,    2.486500e-01,   -2.599900e-01,   -2.148500e-01,    2.697500e-01,   -7.511800e-02,    9.860600e-03,    2.045300e-02,    2.045300e-02,    1.761100e-02,    1.761100e-02,    1.761100e-02,    1.761100e-02,    2.424600e-02,    2.424600e-02,
         3,    6.309500e+02,    4.955603e-03,    9.573039e-03,    3.763281e-01,   -4.133147e-01,   -3.424522e-01,    4.088789e-01,   -1.200961e-02,    2.510389e-03,    1.508896e+00,   -2.199058e+00,   -3.361000e+00,    3.528235e+00,    2.518015e+00,   -2.791207e+00,   -2.277098e+00,    9.157216e-02,    4.301600e-02,   -4.589600e-02,    3.008300e-01,   -3.340600e-01,   -2.858900e-01,    3.461800e-01,   -7.458200e-02,    5.026700e-03,    2.522400e-02,    2.522400e-02,    2.246300e-02,    2.246300e-02,    2.246300e-02,    2.246300e-02,    2.747900e-02,    2.747900e-02,
         3,    1.000000e+03,    1.277135e-03,    1.018903e-02,    4.716072e-01,   -5.364886e-01,   -4.364135e-01,    5.286058e-01,   -1.295967e-02,    4.842224e-03,    1.744770e+00,   -1.628304e+00,   -3.610354e+00,    3.346005e+00,    1.780763e+00,   -2.724286e+00,   -1.875513e+00,   -1.089411e-01,    5.053200e-02,   -3.577800e-02,    3.666000e-01,   -4.391700e-01,   -3.846200e-01,    4.493700e-01,   -7.035600e-02,    1.508300e-03,    2.823000e-02,    2.823000e-02,    2.908500e-02,    2.908500e-02,    2.908500e-02,    2.908500e-02,    3.060300e-02,    3.060300e-02,
         4,    1.000000e+02,   -2.450371e-03,   -1.614667e-03,    1.629311e-01,   -2.241125e-01,   -1.816568e-01,    2.394683e-01,   -7.079355e-03,   -1.909226e-02,   -1.198313e+00,    1.511822e+00,   -1.389632e+00,    1.627264e+00,    1.091656e+00,    3.575674e-02,    1.025883e+00,   -1.734425e+00,   -1.564500e-02,    1.503200e-02,    1.442100e-01,   -2.021900e-01,   -1.669500e-01,    2.399500e-01,    1.203900e-02,   -5.141500e-02,    1.101100e-02,    1.101100e-02,    1.347200e-02,    1.347200e-02,    1.347200e-02,    1.347200e-02,    1.863600e-02,    1.863600e-02,
         4,    1.584800e+02,   -2.470302e-03,   -2.249114e-03,    2.123643e-01,   -3.078342e-01,   -2.366350e-01,    3.199187e-01,    1.193421e-03,   -2.137290e-02,   -1.070392e+00,    1.822722e+00,   -1.461658e+00,    1.827285e+00,    7.023106e-01,    4.065136e-01,    1.104701e+00,   -1.784698e+00,   -1.908600e-02,    2.604500e-02,    1.858600e-01,   -2.747000e-01,   -2.239000e-01,    3.272900e-01,    2.941300e-02,   -6.696300e-02,    1.552300e-02,    1.552300e-02,    1.813300e-02,    1.813300e-02,    1.813300e-02,    1.813300e-02,    2.554500e-02,    2.554500e-02,
         4,    2.511800e+02,   -4.049599e-03,   -4.007217e-03,    2.856232e-01,   -4.173315e-01,   -3.154322e-01,    4.262608e-01,    1.035022e-02,   -2.158584e-02,   -1.081043e+00,    2.101148e+00,   -1.943503e+00,    2.087925e+00,    6.201223e-01,    2.556397e-01,    1.261060e+00,   -1.775713e+00,   -2.855900e-02,    4.363000e-02,    2.389500e-01,   -3.671900e-01,   -3.005400e-01,    4.324000e-01,    5.328300e-02,   -8.204000e-02,    2.267200e-02,    2.267200e-02,    2.401500e-02,    2.401500e-02,    2.401500e-02,    2.401500e-02,    3.404500e-02,    3.404500e-02,
         4,    3.981000e+02,   -6.170977e-03,   -8.860958e-03,    3.885474e-01,   -5.559021e-01,   -4.262936e-01,    5.583004e-01,    2.038187e-02,   -1.952989e-02,   -8.941836e-01,    2.416681e+00,   -2.353116e+00,    1.797688e+00,    3.314088e-01,    4.218643e-01,    1.483800e+00,   -1.591318e+00,   -3.454700e-02,    6.783000e-02,    3.126900e-01,   -4.979500e-01,   -4.156100e-01,    5.719000e-01,    8.663800e-02,   -9.058700e-02,    3.173400e-02,    3.173400e-02,    3.223700e-02,    3.223700e-02,    3.223700e-02,    3.223700e-02,    4.465300e-02,    4.465300e-02,
         4,    6.309500e+02,   -7.385708e-03,   -1.770035e-02,    5.267398e-01,   -7.297464e-01,   -5.713919e-01,    7.177050e-01,    3.181077e-02,   -1.337064e-02,   -1.220791e+00,    2.430329e+00,   -2.804232e+00,    1.503070e+00,    5.511249e-02,    2.138946e-02,    1.569685e+00,   -1.418736e+00,   -6.002500e-02,    8.709300e-02,    4.080900e-01,   -6.661500e-01,   -5.690600e-01,    7.186100e-01,    1.194400e-01,   -9.257300e-02,    4.311900e-02,    4.311900e-02,    4.231100e-02,    4.231100e-02,    4.231100e-02,    4.231100e-02,    5.582600e-02,    5.582600e-02,
         4,    1.000000e+03,   -6.591215e-03,   -3.145593e-02,    7.060475e-01,   -9.486725e-01,   -7.518296e-01,    9.144806e-01,    4.265831e-02,    4.635146e-04,   -1.371198e+00,   -1.236229e+00,   -2.712493e+00,    1.340807e+00,    6.866163e-01,   -3.984770e-01,    1.541361e+00,   -1.231733e+00,   -8.173700e-02,   -9.920500e-02,    5.582600e-01,   -8.756200e-01,   -7.144200e-01,    8.927700e-01,    1.425000e-01,   -7.932200e-02,    5.480300e-02,    5.480300e-02,    5.448400e-02,    5.448400e-02,    5.448400e-02,    5.448400e-02,    6.477500e-02,    6.477500e-02,
         5,    1.000000e+02,    2.497920e-02,   -6.163627e-03,    1.476987e-01,   -1.505714e-01,   -1.388194e-01,    1.488295e-01,   -1.833631e-02,    8.609378e-03,    1.260518e-01,    6.317218e-01,   -3.851592e+00,    3.599164e+00,    5.902665e+00,   -6.141135e+00,    1.804702e+00,   -7.224932e-01,    2.624400e-02,    1.750700e-04,    1.181400e-01,   -1.229500e-01,   -9.352000e-02,    1.017000e-01,   -8.452500e-03,    4.652500e-03,    1.003400e-02,    1.003400e-02,    7.674400e-03,    7.674400e-03,    7.674400e-03,    7.674400e-03,    5.476700e-03,    5.476700e-03,
         5,    1.584800e+02,    2.448797e-02,   -2.088788e-03,    1.871571e-01,   -1.918278e-01,   -1.788810e-01,    1.905176e-01,   -2.093940e-02,    5.949926e-03,    3.322878e-02,    9.387014e-01,   -3.675137e+00,    2.891777e+00,    5.612553e+00,   -6.035526e+00,    1.567157e+00,   -5.059539e-01,    2.486900e-02,    8.675300e-03,    1.505200e-01,   -1.630000e-01,   -1.229300e-01,    1.303500e-01,   -1.056200e-02,    2.599600e-03,    1.146700e-02,    1.146700e-02,    9.968900e-03,    9.968900e-03,    9.968900e-03,    9.968900e-03,    6.621800e-03,    6.621800e-03,
         5,    2.511800e+02,    2.343152e-02,   -2.413117e-04,    2.354733e-01,   -2.420912e-01,   -2.267537e-01,    2.415094e-01,   -2.185700e-02,    3.474875e-03,   -3.533602e-01,    1.494749e+00,   -3.257244e+00,    2.588843e+00,    5.472155e+00,   -6.203024e+00,    1.357856e+00,   -4.870422e-01,    1.877600e-02,    1.945200e-02,    1.940900e-01,   -2.092000e-01,   -1.572300e-01,    1.627000e-01,   -1.147700e-02,   -2.482700e-04,    1.317500e-02,    1.317500e-02,    1.270500e-02,    1.270500e-02,    1.270500e-02,    1.270500e-02,    7.644400e-03,    7.644400e-03,
         5,    3.981000e+02,    2.254208e-02,    1.175800e-03,    2.929240e-01,   -3.074473e-01,   -2.848192e-01,    3.077084e-01,   -2.145154e-02,    1.688016e-03,   -9.656711e-01,    1.860224e+00,   -2.769780e+00,    2.949776e+00,    5.334158e+00,   -6.706034e+00,    1.290748e+00,   -6.643482e-01,    7.033400e-03,    3.105100e-02,    2.487100e-01,   -2.603600e-01,   -1.996700e-01,    2.006600e-01,   -1.053000e-02,   -3.933300e-03,    1.606000e-02,    1.606000e-02,    1.596300e-02,    1.596300e-02,    1.596300e-02,    1.596300e-02,    8.461400e-03,    8.461400e-03,
         5,    6.309500e+02,    2.036397e-02,    2.281846e-03,    3.645237e-01,   -3.957877e-01,   -3.567263e-01,    3.952662e-01,   -1.988621e-02,    1.313438e-03,   -1.268846e+00,    1.844271e+00,   -2.059718e+00,    3.312686e+00,    5.012384e+00,   -7.125630e+00,    1.390087e+00,   -1.107510e+00,   -5.601700e-03,    4.002300e-02,    3.227300e-01,   -3.285700e-01,   -2.550200e-01,    2.506800e-01,   -6.583500e-03,   -9.285100e-03,    2.046400e-02,    2.046400e-02,    2.029100e-02,    2.029100e-02,    2.029100e-02,    2.029100e-02,    9.569700e-03,    9.569700e-03,
         5,    1.000000e+03,    1.674908e-02,    1.421613e-03,    4.571801e-01,   -5.130600e-01,   -4.474273e-01,    5.117915e-01,   -1.801911e-02,    3.109885e-03,   -1.002511e+00,    1.655658e+00,   -2.186972e+00,    4.188789e+00,    5.057061e+00,   -7.899334e+00,    1.701923e+00,   -1.563703e+00,   -5.679100e-03,    3.846200e-02,    4.019000e-01,   -4.071800e-01,   -3.196000e-01,    3.121200e-01,    6.143100e-03,   -1.909000e-02,    2.237200e-02,    2.237200e-02,    2.527700e-02,    2.527700e-02,    2.527700e-02,    2.527700e-02,    1.419700e-02,    1.419700e-02,
         6,    1.000000e+02,    3.152854e-01,    3.423366e-02,    4.620686e-01,   -3.457218e-01,   -7.688008e-01,    3.653090e-01,   -3.856550e-01,   -4.215177e-03,   -3.415112e+00,   -7.309778e-01,   -9.750048e+00,    7.174520e+00,    2.310059e+01,   -1.151176e+01,    5.795742e+00,    7.203907e-01,    1.842100e-01,    6.178000e-03,    2.833600e-01,   -2.142200e-01,   -3.453900e-01,    1.543100e-01,   -1.664600e-01,    2.303000e-02,    3.838100e-02,    3.838100e-02,    1.832900e-02,    1.832900e-02,    1.832900e-02,    1.832900e-02,    3.782000e-02,    3.782000e-02,
         6,    1.584800e+02,    2.949397e-01,    6.028502e-02,    5.423497e-01,   -4.310347e-01,   -8.487150e-01,    4.568248e-01,   -3.746369e-01,   -4.794674e-02,   -2.685667e+00,   -1.106717e+00,   -9.405483e+00,    8.050643e+00,    2.142927e+01,   -1.231729e+01,    5.082984e+00,    1.711115e+00,    1.823700e-01,    1.389700e-02,    3.401600e-01,   -2.579700e-01,   -3.880500e-01,    1.920400e-01,   -1.681000e-01,    2.158100e-02,    4.191500e-02,    4.191500e-02,    2.149700e-02,    2.149700e-02,    2.149700e-02,    2.149700e-02,    4.063300e-02,    4.063300e-02,
         6,    2.511800e+02,    2.673067e-01,    7.870624e-02,    6.392973e-01,   -5.475350e-01,   -9.545329e-01,    5.839032e-01,   -3.454966e-01,   -8.472611e-02,   -1.897076e+00,   -1.145290e+00,   -9.589936e+00,    9.203166e+00,    1.996894e+01,   -1.362228e+01,    4.468958e+00,    2.515313e+00,    1.808000e-01,    2.648100e-02,    3.962500e-01,   -3.142900e-01,   -4.484400e-01,    2.386600e-01,   -1.559100e-01,    2.198100e-02,    4.560000e-02,    4.560000e-02,    2.534400e-02,    2.534400e-02,    2.534400e-02,    2.534400e-02,    4.242300e-02,    4.242300e-02,
         6,    3.981000e+02,    2.365765e-01,    9.052948e-02,    7.597780e-01,   -7.094224e-01,   -1.091096e+00,    7.507160e-01,   -3.054936e-01,   -1.085127e-01,   -9.987999e-01,   -8.256120e-01,   -9.864411e+00,    1.026385e+01,    1.896825e+01,   -1.474551e+01,    3.381913e+00,    2.759701e+00,    1.853700e-01,    4.820200e-02,    4.613500e-01,   -3.989100e-01,   -5.172500e-01,    3.046200e-01,   -1.518600e-01,    1.685500e-02,    5.126800e-02,    5.126800e-02,    3.025300e-02,    3.025300e-02,    3.025300e-02,    3.025300e-02,    4.542800e-02,    4.542800e-02,
         6,    6.309500e+02,    2.051230e-01,    9.787602e-02,    9.179539e-01,   -9.331210e-01,   -1.262016e+00,    9.718777e-01,   -2.645108e-01,   -1.212548e-01,    1.345538e-01,   -4.357762e-01,   -1.092047e+01,    1.101772e+01,    1.962330e+01,   -1.537096e+01,    1.618171e+00,    2.187991e+00,    2.134100e-01,    7.103700e-02,    5.241400e-01,   -5.358000e-01,   -5.543600e-01,    4.175700e-01,   -1.789500e-01,   -5.564800e-03,    6.158900e-02,    6.158900e-02,    3.606200e-02,    3.606200e-02,    3.606200e-02,    3.606200e-02,    5.287500e-02,    5.287500e-02,
         6,    1.000000e+03,    1.739434e-01,    1.033733e-01,    1.132956e+00,   -1.234470e+00,   -1.479815e+00,    1.272322e+00,   -2.263557e-01,   -1.306607e-01,    6.153497e-01,   -1.006662e-01,   -1.208388e+01,    1.174091e+01,    2.004684e+01,   -1.626818e+01,    1.545066e-01,    1.392233e+00,    2.175600e-01,    9.623800e-02,    6.028600e-01,   -7.194200e-01,   -6.004000e-01,    5.586700e-01,   -2.165000e-01,   -4.185300e-02,    7.088100e-02,    7.088100e-02,    4.386800e-02,    4.386800e-02,    4.386800e-02,    4.386800e-02,    6.378800e-02,    6.378800e-02,
         7,    1.000000e+02,   -6.306722e-04,    9.052071e-04,    1.021208e-01,   -9.627865e-02,   -1.018652e-01,    9.819630e-02,   -1.894644e-04,    2.381320e-03,   -1.216057e+00,    1.014300e+00,    2.573308e+00,   -2.572427e+00,   -3.381981e+00,    3.338088e+00,   -1.705576e+00,    2.155708e+00,   -8.861800e-03,    7.770700e-03,    1.250500e-01,   -1.192000e-01,   -1.320000e-01,    1.279400e-01,   -2.075700e-02,    2.837700e-02,    6.768700e-03,    6.768700e-03,    8.910400e-03,    8.910400e-03,    8.910400e-03,    8.910400e-03,    1.205900e-02,    1.205900e-02,
         7,    1.584800e+02,    5.229463e-04,    2.106590e-05,    1.228054e-01,   -1.230389e-01,   -1.244214e-01,    1.276001e-01,   -2.064707e-03,    3.325219e-03,   -1.296858e+00,    1.071178e+00,    2.437029e+00,   -2.665988e+00,   -3.234904e+00,    3.505657e+00,   -1.779586e+00,    2.125638e+00,   -9.673600e-03,    8.443200e-03,    1.499100e-01,   -1.526900e-01,   -1.604000e-01,    1.665900e-01,   -3.002200e-02,    3.671900e-02,    7.862500e-03,    7.862500e-03,    1.112200e-02,    1.112200e-02,    1.112200e-02,    1.112200e-02,    1.571000e-02,    1.571000e-02,
         7,    2.511800e+02,    1.846439e-03,    1.230930e-03,    1.494205e-01,   -1.611111e-01,   -1.535558e-01,    1.666029e-01,   -3.812524e-03,    2.440308e-03,   -1.106845e+00,    1.058037e+00,    2.340859e+00,   -2.843039e+00,   -3.168342e+00,    3.646751e+00,   -1.918021e+00,    2.083075e+00,   -8.287500e-03,    1.091800e-02,    1.825600e-01,   -2.013600e-01,   -1.984100e-01,    2.182300e-01,   -4.261600e-02,    4.458300e-02,    9.155700e-03,    9.155700e-03,    1.415700e-02,    1.415700e-02,    1.415700e-02,    1.415700e-02,    2.023100e-02,    2.023100e-02,
         7,    3.981000e+02,    1.240682e-03,    3.643868e-03,    1.854463e-01,   -2.128228e-01,   -1.911820e-01,    2.186163e-01,   -3.404569e-03,    1.059313e-03,   -6.630439e-01,    1.191459e+00,    2.303743e+00,   -3.091946e+00,   -3.217329e+00,    3.793660e+00,   -2.101748e+00,    1.950698e+00,   -7.102400e-03,    1.863600e-02,    2.277200e-01,   -2.695600e-01,   -2.502200e-01,    2.882300e-01,   -5.743000e-02,    5.120200e-02,    1.258300e-02,    1.258300e-02,    1.835000e-02,    1.835000e-02,    1.835000e-02,    1.835000e-02,    2.570500e-02,    2.570500e-02,
         7,    6.309500e+02,   -9.377859e-04,    5.026531e-03,    2.330290e-01,   -2.808046e-01,   -2.401348e-01,    2.876544e-01,   -1.594210e-03,    1.669615e-03,   -3.247635e-01,    1.442588e+00,    2.350273e+00,   -3.132887e+00,   -3.266800e+00,    3.608179e+00,   -2.239918e+00,    1.734376e+00,   -6.823800e-03,    3.117200e-02,    2.886600e-01,   -3.549600e-01,   -3.174600e-01,    3.730600e-01,   -7.329400e-02,    5.718700e-02,    1.812400e-02,    1.812400e-02,    2.367000e-02,    2.367000e-02,    2.367000e-02,    2.367000e-02,    3.201000e-02,    3.201000e-02,
         7,    1.000000e+03,   -3.072220e-03,    5.488472e-03,    2.933617e-01,   -3.708538e-01,   -3.024610e-01,    3.791101e-01,   -3.780515e-05,    3.947000e-03,   -2.891814e-01,    1.689234e+00,    2.687286e+00,   -2.602363e+00,   -3.592073e+00,    2.763207e+00,   -2.326423e+00,    1.487776e+00,   -1.047700e-02,    4.874300e-02,    3.741200e-01,   -4.490600e-01,   -4.104100e-01,    4.621500e-01,   -9.120100e-02,    6.224700e-02,    2.560600e-02,    2.560600e-02,    3.005200e-02,    3.005200e-02,    3.005200e-02,    3.005200e-02,    3.918600e-02,    3.918600e-02,
         8,    1.000000e+02,    2.921673e-02,   -3.097226e-02,    2.422324e-01,   -3.327006e-01,   -7.392573e-01,    4.061023e-01,    1.769893e-04,   -3.222982e-02,   -7.230788e+00,    5.443427e+00,    7.291865e-01,   -3.429744e+00,    1.372851e+01,   -6.884540e+00,    3.567290e-01,   -8.729474e-01,   -6.569200e-01,    4.855600e-01,    2.598000e-01,   -4.153300e-01,   -4.085100e-01,    2.402400e-01,    8.726000e-03,   -5.315000e-02,    9.489100e-02,    9.489100e-02,    2.409200e-02,    2.409200e-02,    2.409200e-02,    2.409200e-02,    2.396500e-02,    2.396500e-02,
         8,    1.584800e+02,    4.117547e-02,   -4.294038e-02,    3.227937e-01,   -4.610710e-01,   -8.366809e-01,    5.000185e-01,    2.365359e-02,   -1.174848e-02,   -7.202634e+00,    4.877331e+00,    1.252972e+00,   -2.501920e+00,    1.129154e+01,   -6.022545e+00,    1.893452e-01,   -1.677830e+00,   -8.213400e-01,    5.411200e-01,    3.612800e-01,   -5.379200e-01,   -4.898500e-01,    3.150300e-01,    2.933300e-02,   -6.207500e-02,    1.197500e-01,    1.197500e-01,    3.071600e-02,    3.071600e-02,    3.071600e-02,    3.071600e-02,    2.999500e-02,    2.999500e-02,
         8,    2.511800e+02,    5.860472e-02,   -5.296449e-02,    4.479007e-01,   -6.184552e-01,   -9.616236e-01,    6.288550e-01,    3.214605e-02,    2.567489e-02,   -7.292481e+00,    4.210778e+00,    1.274950e+00,   -1.881817e+00,    9.647694e+00,   -5.962599e+00,    4.683864e-01,   -2.563972e+00,   -1.047300e+00,    5.856000e-01,    4.974300e-01,   -6.915600e-01,   -5.868300e-01,    3.972200e-01,    4.931100e-02,   -6.828700e-02,    1.516500e-01,    1.516500e-01,    3.884800e-02,    3.884800e-02,    3.884800e-02,    3.884800e-02,    3.664700e-02,    3.664700e-02,
         8,    3.981000e+02,    8.059231e-02,   -5.935396e-02,    6.217414e-01,   -8.005801e-01,   -1.127711e+00,    7.916883e-01,    1.637625e-02,    6.830596e-02,   -7.124723e+00,    3.676497e+00,    1.304800e+00,   -1.270580e+00,    8.709331e+00,   -5.955877e+00,    1.136201e+00,   -3.141586e+00,   -1.241400e+00,    6.228200e-01,    6.853700e-01,   -8.625400e-01,   -7.030000e-01,    5.012500e-01,    6.367400e-02,   -6.247200e-02,    1.855500e-01,    1.855500e-01,    4.876500e-02,    4.876500e-02,    4.876500e-02,    4.876500e-02,    4.162800e-02,    4.162800e-02,
         8,    6.309500e+02,    1.066944e-01,   -6.070340e-02,    8.438527e-01,   -1.009214e+00,   -1.336446e+00,    9.854919e-01,   -2.135235e-02,    1.022286e-01,   -6.757855e+00,    3.206681e+00,    1.864748e+00,   -1.257171e+00,    7.989387e+00,   -6.080615e+00,    1.835433e+00,   -3.640471e+00,   -1.422000e+00,    6.646800e-01,    9.584900e-01,   -1.086500e+00,   -8.452900e-01,    6.116800e-01,    7.002100e-02,   -7.900500e-02,    2.262100e-01,    2.262100e-01,    6.147600e-02,    6.147600e-02,    6.147600e-02,    6.147600e-02,    4.978300e-02,    4.978300e-02,
         8,    1.000000e+03,    1.369287e-01,   -5.329189e-02,    1.112503e+00,   -1.254252e+00,   -1.580267e+00,    1.223744e+00,   -7.295609e-02,    1.201856e-01,   -6.440177e+00,    2.709911e+00,    2.895743e+00,    1.069089e-01,    6.999001e+00,   -6.515018e+00,    2.533197e+00,   -3.650357e+00,   -1.563600e+00,    6.622600e-01,    1.333300e+00,   -1.246100e+00,   -1.046600e+00,    7.269800e-01,    7.176800e-02,   -8.836300e-02,    2.640500e-01,    2.640500e-01,    7.624900e-02,    7.624900e-02,    7.624900e-02,    7.624900e-02,    5.713100e-02,    5.713100e-02,
         9,    1.000000e+02,   -3.483310e-03,    2.693661e-03,    7.419451e-02,   -9.380261e-02,   -7.245632e-02,    8.957534e-02,    3.996115e-03,   -1.925411e-03,    2.171280e+00,   -7.873077e-01,    9.079723e-01,   -1.821811e+00,   -4.676458e-01,    2.336132e+00,    3.378931e-01,    1.117697e+00,    4.271200e-03,   -1.181300e-04,    8.013900e-02,   -1.057300e-01,   -7.551800e-02,    1.048700e-01,    5.417800e-03,    2.777300e-03,    3.571400e-03,    3.571400e-03,    6.547000e-03,    6.547000e-03,    6.547000e-03,    6.547000e-03,    4.207500e-03,    4.207500e-03,
         9,    1.584800e+02,   -5.459292e-03,    3.717977e-03,    1.004504e-01,   -1.236323e-01,   -9.506087e-02,    1.195962e-01,    4.180384e-03,   -3.486580e-03,    2.202844e+00,   -1.907974e-01,    1.065253e+00,   -1.647131e+00,   -1.120903e+00,    2.378866e+00,   -9.874508e-01,    1.846509e+00,    5.222300e-03,    2.792800e-03,    1.098200e-01,   -1.381200e-01,   -1.049200e-01,    1.405200e-01,    9.018500e-04,    2.644200e-03,    4.849000e-03,    4.849000e-03,    8.795700e-03,    8.795700e-03,    8.795700e-03,    8.795700e-03,    3.320200e-03,    3.320200e-03,
         9,    2.511800e+02,   -6.971959e-03,    3.731213e-03,    1.324543e-01,   -1.581675e-01,   -1.244421e-01,    1.562543e-01,    4.739428e-03,   -5.300223e-03,    1.694653e+00,    4.817930e-01,    1.335967e+00,   -1.736589e+00,   -1.669377e+00,    1.964219e+00,   -1.464769e+00,    2.207669e+00,    3.840100e-03,    6.805100e-03,    1.478500e-01,   -1.781800e-01,   -1.436800e-01,    1.788900e-01,   -2.693500e-04,    2.248900e-03,    6.380100e-03,    6.380100e-03,    1.152400e-02,    1.152400e-02,    1.152400e-02,    1.152400e-02,    3.419500e-03,    3.419500e-03,
         9,    3.981000e+02,   -7.878553e-03,    3.807638e-03,    1.713285e-01,   -2.019691e-01,   -1.607212e-01,    2.032553e-01,    5.299920e-03,   -7.734746e-03,    6.571401e-01,    8.013708e-01,    1.371149e+00,   -1.540870e+00,   -1.855821e+00,    1.529586e+00,   -1.497517e+00,    2.339863e+00,   -2.297200e-03,    1.061400e-02,    1.915200e-01,   -2.246600e-01,   -1.880500e-01,    2.257800e-01,   -1.353700e-03,    2.661500e-03,    8.493400e-03,    8.493400e-03,    1.472600e-02,    1.472600e-02,    1.472600e-02,    1.472600e-02,    4.443100e-03,    4.443100e-03,
         9,    6.309500e+02,   -8.646317e-03,    4.331935e-03,    2.190342e-01,   -2.586217e-01,   -2.060068e-01,    2.658835e-01,    5.805176e-03,   -1.148828e-02,   -3.980791e-01,    2.515976e-02,    1.175101e+00,   -2.011819e+00,   -1.893012e+00,    1.207803e+00,   -1.557180e+00,    1.997655e+00,   -1.298100e-02,    4.605900e-03,    2.413400e-01,   -2.968100e-01,   -2.419400e-01,    2.888100e-01,   -5.362300e-03,    2.838100e-03,    1.088900e-02,    1.088900e-02,    1.898200e-02,    1.898200e-02,    1.898200e-02,    1.898200e-02,    7.171600e-03,    7.171600e-03,
         9,    1.000000e+03,   -9.605963e-03,    5.412403e-03,    2.773548e-01,   -3.336482e-01,   -2.634423e-01,    3.502526e-01,    6.456205e-03,   -1.753806e-02,   -8.448888e-01,   -4.328818e-01,    1.732883e+00,   -1.785002e+00,   -2.182072e+00,    6.984318e-01,   -1.544141e+00,    2.260799e+00,   -2.319600e-02,   -1.550500e-03,    3.198000e-01,   -3.773700e-01,   -3.168900e-01,    3.673600e-01,   -5.301500e-03,   -3.234300e-04,    1.608500e-02,    1.608500e-02,    2.449400e-02,    2.449400e-02,    2.449400e-02,    2.449400e-02,    7.614400e-03,    7.614400e-03,
        11,    1.000000e+02,   -3.323157e-03,   -1.155335e-02,    1.408601e-01,   -1.393204e-01,   -1.302605e-01,    1.376813e-01,    5.611206e-03,    1.920932e-03,   -9.868991e-01,   -4.970021e-01,   -1.876819e+00,    2.457150e+00,    2.084866e+00,   -1.816681e+00,   -2.105433e-01,   -9.359561e-01,   -1.199800e-02,   -1.592200e-02,    1.249800e-01,   -1.185300e-01,   -1.126200e-01,    1.223100e-01,    4.684900e-03,   -2.196900e-03,    8.790000e-03,    8.790000e-03,    8.461200e-03,    8.461200e-03,    8.461200e-03,    8.461200e-03,    4.399600e-03,    4.399600e-03,
        11,    1.584800e+02,   -2.243224e-03,   -5.670002e-03,    1.766592e-01,   -1.824554e-01,   -1.681350e-01,    1.782106e-01,    4.109571e-03,    2.835619e-03,   -4.027764e-01,   -1.279811e-01,   -1.703174e+00,    2.750357e+00,    1.618448e+00,   -1.369546e+00,    2.067844e-01,   -1.006675e+00,   -4.781400e-03,   -6.476500e-03,    1.578800e-01,   -1.521300e-01,   -1.502900e-01,    1.631100e-01,    5.225400e-03,   -2.596500e-03,    6.301700e-03,    6.301700e-03,    1.102600e-02,    1.102600e-02,    1.102600e-02,    1.102600e-02,    5.396100e-03,    5.396100e-03,
        11,    2.511800e+02,   -2.874971e-03,   -2.989791e-03,    2.237395e-01,   -2.333186e-01,   -2.133319e-01,    2.263567e-01,    1.890664e-03,    2.269523e-03,   -2.871977e-01,    1.286222e+00,   -1.929485e+00,    3.128987e+00,    1.249328e+00,   -1.618606e+00,    6.884278e-01,   -6.839226e-01,   -4.827600e-03,    5.755100e-03,    1.969100e-01,   -1.898100e-01,   -1.959600e-01,    2.038500e-01,    6.415700e-03,   -2.225900e-03,    6.798900e-03,    6.798900e-03,    1.390500e-02,    1.390500e-02,    1.390500e-02,    1.390500e-02,    6.573000e-03,    6.573000e-03,
        11,    3.981000e+02,   -2.528679e-03,   -1.437185e-03,    2.791471e-01,   -2.964109e-01,   -2.677101e-01,    2.887200e-01,    6.164078e-04,    1.954216e-04,   -7.829683e-01,    1.193268e+00,   -2.113247e+00,    3.488692e+00,    1.029545e+00,   -2.225562e+00,    8.522688e-01,   -2.983102e-01,   -1.127600e-02,    1.189400e-02,    2.425900e-01,   -2.360600e-01,   -2.499000e-01,    2.502200e-01,    7.202400e-03,   -2.109800e-03,    1.117200e-02,    1.117200e-02,    1.729900e-02,    1.729900e-02,    1.729900e-02,    1.729900e-02,    7.727600e-03,    7.727600e-03,
        11,    6.309500e+02,   -2.511472e-03,    8.266261e-04,    3.446591e-01,   -3.815100e-01,   -3.348584e-01,    3.708269e-01,    7.465518e-04,   -2.221539e-03,   -1.046466e+00,    1.004139e+00,   -2.050717e+00,    3.865819e+00,    1.068918e+00,   -2.872312e+00,    8.358187e-01,   -1.080997e-02,   -1.853600e-02,    1.620300e-02,    3.004600e-01,   -2.981900e-01,   -3.118200e-01,    3.089200e-01,    8.576000e-03,   -2.322800e-03,    1.531300e-02,    1.531300e-02,    2.155300e-02,    2.155300e-02,    2.155300e-02,    2.155300e-02,    9.367400e-03,    9.367400e-03,
        11,    1.000000e+03,   -3.867913e-03,    2.714539e-03,    4.254420e-01,   -4.983994e-01,   -4.178492e-01,    4.801763e-01,    1.856833e-03,   -4.171297e-03,   -1.076681e+00,    7.577056e-01,   -1.566488e+00,    4.859555e+00,    5.100684e-01,   -3.647956e+00,    8.430053e-01,    3.523928e-01,   -2.401800e-02,    1.689500e-02,    3.829400e-01,   -3.665500e-01,   -4.040100e-01,    3.812000e-01,    1.231600e-02,    2.008400e-04,    1.871500e-02,    1.871500e-02,    2.713200e-02,    2.713200e-02,    2.713200e-02,    2.713200e-02,    1.240700e-02,    1.240700e-02,
        12,    1.000000e+02,   -5.948330e-03,    4.554463e-03,    1.346121e-01,   -1.672672e-01,   -1.355153e-01,    1.674375e-01,    3.869092e-03,   -1.175038e-02,   -1.206473e+00,    1.597710e+00,   -7.586612e+00,    9.568197e+00,    5.960725e+00,   -7.597762e+00,    2.616439e+00,   -2.477137e+00,   -1.607800e-02,    1.796900e-02,    8.194200e-02,   -1.008400e-01,   -9.413300e-02,    1.146900e-01,    4.202200e-02,   -4.787200e-02,    8.396100e-03,    8.396100e-03,    6.942500e-03,    6.942500e-03,    6.942500e-03,    6.942500e-03,    1.458200e-02,    1.458200e-02,
        12,    1.584800e+02,   -7.685752e-03,    3.139725e-03,    1.749065e-01,   -2.239370e-01,   -1.753560e-01,    2.222038e-01,    7.255665e-03,   -1.072630e-02,   -1.092357e+00,    1.733953e+00,   -8.285163e+00,    1.005902e+01,    6.486714e+00,   -7.986429e+00,    2.396275e+00,   -2.732263e+00,   -1.898400e-02,    2.107400e-02,    1.007800e-01,   -1.339400e-01,   -1.173200e-01,    1.507500e-01,    5.181200e-02,   -6.153000e-02,    1.034300e-02,    1.034300e-02,    8.946900e-03,    8.946900e-03,    8.946900e-03,    8.946900e-03,    1.859400e-02,    1.859400e-02,
        12,    2.511800e+02,   -8.897768e-03,    1.228843e-03,    2.307720e-01,   -2.954526e-01,   -2.293295e-01,    2.924344e-01,    1.008627e-02,   -9.815244e-03,   -1.229041e+00,    1.832648e+00,   -8.557533e+00,    9.948458e+00,    6.359427e+00,   -7.931470e+00,    2.311106e+00,   -2.919788e+00,   -2.536200e-02,    2.577900e-02,    1.299300e-01,   -1.782200e-01,   -1.543900e-01,    1.989700e-01,    6.636400e-02,   -8.091500e-02,    1.339600e-02,    1.339600e-02,    1.178400e-02,    1.178400e-02,    1.178400e-02,    1.178400e-02,    2.435100e-02,    2.435100e-02,
        12,    3.981000e+02,   -9.344308e-03,   -1.013312e-03,    3.045561e-01,   -3.846567e-01,   -3.003598e-01,    3.817548e-01,    1.193850e-02,   -9.138413e-03,   -1.475561e+00,    1.767118e+00,   -8.095413e+00,    9.328380e+00,    5.880699e+00,   -7.610033e+00,    2.474399e+00,   -2.976247e+00,   -3.529500e-02,    3.006500e-02,    1.771100e-01,   -2.378000e-01,   -2.077800e-01,    2.619500e-01,    9.240100e-02,   -1.059200e-01,    1.758700e-02,    1.758700e-02,    1.574300e-02,    1.574300e-02,    1.574300e-02,    1.574300e-02,    3.251800e-02,    3.251800e-02,
        12,    6.309500e+02,   -9.306905e-03,   -3.139471e-03,    3.987051e-01,   -4.971255e-01,   -3.912041e-01,    4.958395e-01,    1.287312e-02,   -9.877193e-03,   -1.655133e+00,    1.417179e+00,   -6.964637e+00,    8.462128e+00,    5.191458e+00,   -7.376214e+00,    2.780823e+00,   -2.890650e+00,   -4.607900e-02,    2.834600e-02,    2.514100e-01,   -3.181600e-01,   -2.814100e-01,    3.398400e-01,    1.338000e-01,   -1.355800e-01,    2.221700e-02,    2.221700e-02,    2.114900e-02,    2.114900e-02,    2.114900e-02,    2.114900e-02,    4.348600e-02,    4.348600e-02,
        12,    1.000000e+03,   -1.003495e-02,   -5.397474e-03,    5.169085e-01,   -6.415117e-01,   -5.049898e-01,    6.441203e-01,    1.418515e-02,   -1.295460e-02,   -1.833989e+00,    4.163016e-01,   -5.983621e+00,    8.597559e+00,    4.305451e+00,   -8.321435e+00,    3.094255e+00,   -2.625203e+00,   -5.914000e-02,    5.749000e-03,    3.519700e-01,   -4.045200e-01,   -3.863100e-01,    4.147400e-01,    1.878100e-01,   -1.602600e-01,    2.677500e-02,    2.677500e-02,    2.756500e-02,    2.756500e-02,    2.756500e-02,    2.756500e-02,    5.611200e-02,    5.611200e-02,
        13,    1.000000e+02,   -3.229909e-03,   -1.474579e-03,    6.835867e-02,   -8.041771e-02,   -6.851126e-02,    8.370772e-02,    3.740650e-03,    3.035193e-03,    1.515218e+00,   -1.486076e+00,    1.772607e+00,   -3.666247e+00,   -1.769498e+00,    3.397493e+00,   -7.331474e-01,    1.361170e+00,    5.702300e-03,   -1.023500e-02,    8.009900e-02,   -1.047000e-01,   -8.023100e-02,    1.062100e-01,   -4.243600e-04,    1.076800e-02,    5.895000e-03,    5.895000e-03,    6.623200e-03,    6.623200e-03,    6.623200e-03,    6.623200e-03,    5.681000e-03,    5.681000e-03,
        13,    1.584800e+02,   -2.977320e-03,   -1.565473e-04,    8.810873e-02,   -1.044264e-01,   -9.037752e-02,    1.091767e-01,    2.667691e-03,    2.944401e-03,    1.534458e+00,   -1.339176e+00,    2.469375e+00,   -3.838559e+00,   -2.421183e+00,    3.419307e+00,   -1.035373e+00,    1.143266e+00,    7.751300e-03,   -9.519800e-03,    1.100800e-01,   -1.385800e-01,   -1.119200e-01,    1.396000e-01,   -4.421200e-03,    1.077200e-02,    6.991800e-03,    6.991800e-03,    8.897500e-03,    8.897500e-03,    8.897500e-03,    8.897500e-03,    6.846700e-03,    6.846700e-03,
        13,    2.511800e+02,   -2.927275e-03,    1.081429e-03,    1.136742e-01,   -1.347179e-01,   -1.181027e-01,    1.401916e-01,    2.052124e-03,    2.986110e-03,    1.452332e+00,   -1.295146e+00,    2.804484e+00,   -3.480524e+00,   -2.654693e+00,    3.246613e+00,   -1.123901e+00,    9.544846e-01,    8.945100e-03,   -9.506000e-03,    1.458500e-01,   -1.746500e-01,   -1.485600e-01,    1.774400e-01,   -7.200500e-03,    1.084400e-02,    8.174700e-03,    8.174700e-03,    1.147300e-02,    1.147300e-02,    1.147300e-02,    1.147300e-02,    8.232600e-03,    8.232600e-03,
        13,    3.981000e+02,   -2.843049e-03,    2.473905e-03,    1.455414e-01,   -1.733441e-01,   -1.520255e-01,    1.791353e-01,    1.615512e-03,    3.359171e-03,    1.264365e+00,   -1.486919e+00,    2.968770e+00,   -3.014835e+00,   -2.686164e+00,    2.884288e+00,   -9.694577e-01,    8.955970e-01,    1.016600e-02,   -1.282500e-02,    1.885500e-01,   -2.170200e-01,   -1.909400e-01,    2.209200e-01,   -7.801800e-03,    1.205900e-02,    1.028900e-02,    1.028900e-02,    1.448700e-02,    1.448700e-02,    1.448700e-02,    1.448700e-02,    9.714000e-03,    9.714000e-03,
        13,    6.309500e+02,   -2.622489e-03,    4.527133e-03,    1.842908e-01,   -2.240385e-01,   -1.928484e-01,    2.302655e-01,    1.352793e-03,    4.215154e-03,    1.202501e+00,   -1.636231e+00,    3.129468e+00,   -2.514300e+00,   -2.805821e+00,    2.548921e+00,   -6.516319e-01,    9.662403e-01,    1.347900e-02,   -1.738200e-02,    2.415100e-01,   -2.700100e-01,   -2.441500e-01,    2.768700e-01,   -6.371000e-03,    1.566800e-02,    1.339000e-02,    1.339000e-02,    1.828400e-02,    1.828400e-02,    1.828400e-02,    1.828400e-02,    1.185300e-02,    1.185300e-02,
        13,    1.000000e+03,   -2.369463e-03,    7.811832e-03,    2.313003e-01,   -2.927924e-01,   -2.428931e-01,    2.997854e-01,    1.186771e-03,    5.900850e-03,    1.085958e+00,   -1.818050e+00,    3.156106e+00,   -2.169647e+00,   -3.726523e+00,    1.880621e+00,   -3.956918e-01,    1.058063e+00,    1.627100e-02,   -2.339500e-02,    3.051500e-01,   -3.435600e-01,   -3.300900e-01,    3.437900e-01,   -5.043000e-03,    2.255900e-02,    1.716500e-02,    1.716500e-02,    2.339900e-02,    2.339900e-02,    2.339900e-02,    2.339900e-02,    1.574400e-02,    1.574400e-02,
        14,    1.000000e+02,   -6.300064e-03,    8.622096e-03,    1.195781e-01,   -1.752813e-01,   -2.951532e-01,    2.014769e-01,    3.747976e-03,   -2.322946e-03,    3.750760e+00,   -3.354973e+00,    5.072613e+00,   -9.411807e+00,   -5.107533e+00,    2.811451e+00,   -1.412037e+00,    3.205074e+00,    1.853000e-01,   -1.627600e-01,    2.423100e-01,   -4.030000e-01,   -4.187300e-01,    2.695000e-01,   -5.016500e-02,    1.200500e-01,    5.108300e-02,    5.108300e-02,    2.419500e-02,    2.419500e-02,    2.419500e-02,    2.419500e-02,    3.818100e-02,    3.818100e-02,
        14,    1.584800e+02,   -9.462986e-03,    9.853324e-03,    1.639720e-01,   -2.244362e-01,   -3.459688e-01,    2.471075e-01,    3.359939e-03,    2.574454e-04,    3.850754e+00,   -3.050114e+00,    6.023141e+00,   -1.049895e+01,   -4.618687e+00,    2.776733e+00,   -1.567865e+00,    3.537249e+00,    2.576600e-01,   -2.017300e-01,    3.513700e-01,   -5.510900e-01,   -4.896700e-01,    3.335000e-01,   -7.705900e-02,    1.816900e-01,    6.936900e-02,    6.936900e-02,    3.111300e-02,    3.111300e-02,    3.111300e-02,    3.111300e-02,    5.129200e-02,    5.129200e-02,
        14,    2.511800e+02,   -1.252474e-02,    1.080301e-02,    2.171473e-01,   -2.872428e-01,   -4.035612e-01,    3.071862e-01,    1.915628e-03,    2.231494e-03,    3.850399e+00,   -2.813301e+00,    6.810174e+00,   -1.104156e+01,   -4.216964e+00,    2.955969e+00,   -1.778956e+00,    3.825478e+00,    3.322400e-01,   -2.411000e-01,    4.842900e-01,   -7.203700e-01,   -5.689800e-01,    4.231400e-01,   -1.183400e-01,    2.608300e-01,    8.954000e-02,    8.954000e-02,    3.922700e-02,    3.922700e-02,    3.922700e-02,    3.922700e-02,    6.759900e-02,    6.759900e-02,
        14,    3.981000e+02,   -1.602094e-02,    1.226620e-02,    2.821030e-01,   -3.717514e-01,   -4.710902e-01,    3.911242e-01,   -4.795830e-04,    3.022125e-03,    3.732102e+00,   -2.642906e+00,    7.368791e+00,   -1.147092e+01,   -3.776395e+00,    2.833852e+00,   -2.037614e+00,    4.077606e+00,    4.013400e-01,   -2.832900e-01,    6.418400e-01,   -9.317500e-01,   -6.554500e-01,    5.294700e-01,   -1.778600e-01,    3.579900e-01,    1.118300e-01,    1.118300e-01,    4.881900e-02,    4.881900e-02,    4.881900e-02,    4.881900e-02,    8.705300e-02,    8.705300e-02,
        14,    6.309500e+02,   -2.110536e-02,    1.363505e-02,    3.654033e-01,   -4.874286e-01,   -5.561666e-01,    5.094672e-01,   -3.303488e-03,    2.363386e-03,    3.465714e+00,   -2.630492e+00,    7.397098e+00,   -1.136788e+01,   -3.306314e+00,    3.158322e+00,   -2.223928e+00,    4.206584e+00,    4.443400e-01,   -3.396400e-01,    8.152800e-01,   -1.178800e+00,   -7.572500e-01,    7.015500e-01,   -2.507600e-01,    4.704300e-01,    1.343000e-01,    1.343000e-01,    6.081800e-02,    6.081800e-02,    6.081800e-02,    6.081800e-02,    1.112700e-01,    1.112700e-01,
        14,    1.000000e+03,   -2.789017e-02,    1.330731e-02,    4.769499e-01,   -6.430755e-01,   -6.696003e-01,    6.715726e-01,   -6.498089e-03,    2.360942e-04,    3.222892e+00,   -2.467940e+00,    7.221162e+00,   -1.122233e+01,   -2.907441e+00,    3.660840e+00,   -2.415728e+00,    4.171542e+00,    4.865800e-01,   -3.806500e-01,    1.036200e+00,   -1.512200e+00,   -8.947700e-01,    9.550900e-01,   -3.511500e-01,    5.953900e-01,    1.596300e-01,    1.596300e-01,    7.744600e-02,    7.744600e-02,    7.744600e-02,    7.744600e-02,    1.426700e-01,    1.426700e-01,
        15,    1.000000e+02,   -2.680639e-02,   -7.728136e-03,    9.531722e-02,   -1.071657e-01,   -6.340319e-02,    9.425822e-02,    7.243327e-03,   -4.369989e-03,   -2.256988e-01,   -1.818121e+00,    2.140385e+00,   -2.041137e+00,   -1.137074e+00,    3.011373e+00,   -1.995224e+00,    2.374310e+00,   -2.965200e-02,   -3.065100e-02,    1.114600e-01,   -1.225600e-01,   -7.197900e-02,    1.169700e-01,   -6.376100e-04,    5.008300e-03,    1.260800e-02,    1.260800e-02,    7.542000e-03,    7.542000e-03,    7.542000e-03,    7.542000e-03,    3.949900e-03,    3.949900e-03,
        15,    1.584800e+02,   -2.163279e-02,   -1.303229e-02,    1.245565e-01,   -1.345936e-01,   -8.613013e-02,    1.297609e-01,    8.513722e-03,   -2.880961e-03,    4.733679e-01,   -1.721639e+00,    1.718057e+00,   -1.937227e+00,   -1.146804e+00,    3.133732e+00,   -2.017257e+00,    1.720997e+00,   -1.517700e-02,   -3.651200e-02,    1.415900e-01,   -1.538000e-01,   -9.750000e-02,    1.608300e-01,   -1.892300e-03,    5.996800e-03,    1.363800e-02,    1.363800e-02,    9.914400e-03,    9.914400e-03,    9.914400e-03,    9.914400e-03,    5.158500e-03,    5.158500e-03,
        15,    2.511800e+02,   -1.424834e-02,   -1.457775e-02,    1.589396e-01,   -1.670509e-01,   -1.207103e-01,    1.734977e-01,    7.929394e-03,   -1.788633e-03,    1.138705e+00,   -1.368125e+00,    1.682339e+00,   -2.432202e+00,   -1.680769e+00,    3.252029e+00,   -1.961413e+00,    1.185152e+00,    2.190000e-03,   -3.432800e-02,    1.811700e-01,   -1.991900e-01,   -1.429200e-01,    2.164700e-01,   -7.614800e-03,    7.603700e-03,    1.443600e-02,    1.443600e-02,    1.321400e-02,    1.321400e-02,    1.321400e-02,    1.321400e-02,    7.925000e-03,    7.925000e-03,
        15,    3.981000e+02,   -8.536499e-03,   -1.237803e-02,    1.978951e-01,   -2.089055e-01,   -1.671897e-01,    2.235539e-01,    6.463973e-03,   -2.829321e-03,    1.511184e+00,   -6.002590e-01,    2.241025e+00,   -2.868735e+00,   -2.209718e+00,    3.074621e+00,   -1.877476e+00,    8.427434e-01,    1.227100e-02,   -2.064300e-02,    2.368800e-01,   -2.588100e-01,   -2.056300e-01,    2.770400e-01,   -1.417700e-02,    6.435800e-03,    1.376900e-02,    1.376900e-02,    1.739600e-02,    1.739600e-02,    1.739600e-02,    1.739600e-02,    1.099400e-02,    1.099400e-02,
        15,    6.309500e+02,   -6.775845e-03,   -9.545060e-03,    2.428900e-01,   -2.668647e-01,   -2.215401e-01,    2.830210e-01,    6.078028e-03,   -6.131486e-03,    1.555511e+00,    3.620482e-01,    3.032766e+00,   -2.840161e+00,   -2.795283e+00,    2.504642e+00,   -1.856480e+00,    6.142193e-01,    1.014500e-02,   -5.606700e-03,    3.108300e-01,   -3.304900e-01,   -2.841600e-01,    3.391300e-01,   -2.065900e-02,    2.714500e-03,    1.087800e-02,    1.087800e-02,    2.240200e-02,    2.240200e-02,    2.240200e-02,    2.240200e-02,    1.440200e-02,    1.440200e-02,
        15,    1.000000e+03,   -8.528685e-03,   -9.473078e-03,    2.982340e-01,   -3.488617e-01,   -2.829842e-01,    3.628396e-01,    7.727116e-03,   -1.032229e-02,    1.040057e+00,    1.674571e+00,    3.664454e+00,   -2.267375e+00,   -3.347889e+00,    1.643505e+00,   -1.783283e+00,    3.970852e-01,    2.560400e-03,    8.381200e-03,    4.020700e-01,   -4.131100e-01,   -3.778500e-01,    4.094100e-01,   -2.225700e-02,   -3.645700e-03,    1.066200e-02,    1.066200e-02,    2.833600e-02,    2.833600e-02,    2.833600e-02,    2.833600e-02,    1.681400e-02,    1.681400e-02,
        16,    1.000000e+02,    3.437367e-03,   -5.712121e-03,    1.032053e-01,   -1.120876e-01,   -1.155730e-01,    1.182383e-01,   -2.827978e-03,    4.481111e-03,    1.136201e+00,   -6.975179e-01,   -5.747380e-01,    7.756727e-01,   -1.698197e+00,    1.762314e+00,   -4.916398e-01,    5.106643e-01,    1.157200e-02,   -1.070600e-02,    9.850200e-02,   -1.057400e-01,   -1.294700e-01,    1.326600e-01,   -5.967000e-03,    7.741600e-03,    7.159500e-03,    7.159500e-03,    8.183400e-03,    8.183400e-03,    8.183400e-03,    8.183400e-03,    6.384800e-03,    6.384800e-03,
        16,    1.584800e+02,    5.146728e-03,   -6.601450e-03,    1.315878e-01,   -1.415539e-01,   -1.447331e-01,    1.496328e-01,   -3.758934e-03,    5.624763e-03,    1.007747e+00,   -5.932183e-01,   -8.972965e-01,    5.273050e-01,   -1.780248e+00,    1.843000e+00,   -4.526039e-01,    7.082053e-01,    1.385900e-02,   -1.173000e-02,    1.222900e-01,   -1.360900e-01,   -1.631800e-01,    1.687300e-01,   -7.649200e-03,    1.171200e-02,    8.645300e-03,    8.645300e-03,    1.036200e-02,    1.036200e-02,    1.036200e-02,    1.036200e-02,    8.595300e-03,    8.595300e-03,
        16,    2.511800e+02,    7.247057e-03,   -7.211090e-03,    1.658671e-01,   -1.797131e-01,   -1.821869e-01,    1.908526e-01,   -5.477448e-03,    7.030980e-03,    1.015079e+00,   -5.751389e-01,   -1.126655e+00,    3.508076e-01,   -1.545194e+00,    1.701243e+00,   -5.721005e-01,    8.216048e-01,    1.828300e-02,   -1.346400e-02,    1.511800e-01,   -1.751400e-01,   -2.023300e-01,    2.130300e-01,   -1.215100e-02,    1.661500e-02,    1.087200e-02,    1.087200e-02,    1.303600e-02,    1.303600e-02,    1.303600e-02,    1.303600e-02,    1.166500e-02,    1.166500e-02,
        16,    3.981000e+02,    9.086618e-03,   -7.710780e-03,    2.087208e-01,   -2.301398e-01,   -2.302303e-01,    2.427496e-01,   -7.625894e-03,    8.305236e-03,    1.043074e+00,   -5.944763e-01,   -1.137583e+00,    2.585713e-01,   -2.507545e+00,    1.795291e+00,   -7.986610e-01,    7.570626e-01,    2.335900e-02,   -1.584500e-02,    1.895400e-01,   -2.257800e-01,   -2.725100e-01,    2.730200e-01,   -2.020800e-02,    2.023200e-02,    1.368300e-02,    1.368300e-02,    1.686100e-02,    1.686100e-02,    1.686100e-02,    1.686100e-02,    1.575400e-02,    1.575400e-02,
        16,    6.309500e+02,    1.070411e-02,   -8.777587e-03,    2.629829e-01,   -2.960954e-01,   -2.896276e-01,    3.084781e-01,   -9.950670e-03,    9.725677e-03,    1.821084e+00,   -4.462689e-01,   -1.181486e+00,    1.074168e+00,   -2.308366e+00,    1.213236e+00,   -1.296770e+00,    4.878612e-01,    4.793800e-02,   -1.790200e-02,    2.384600e-01,   -2.738000e-01,   -3.375400e-01,    3.336600e-01,   -3.763800e-02,    2.014200e-02,    2.044600e-02,    2.044600e-02,    2.075600e-02,    2.075600e-02,    2.075600e-02,    2.075600e-02,    2.135100e-02,    2.135100e-02,
        17,    1.000000e+02,    6.104969e-03,   -7.538781e-03,    1.149243e-01,   -1.650176e-01,   -1.149565e-01,    1.780085e-01,   -7.722636e-03,    5.445719e-03,   -1.269423e+00,    3.036950e+00,   -3.673697e+00,    4.925688e+00,    5.442085e+00,   -4.313072e+00,   -8.020731e-01,   -5.847259e-01,   -2.366400e-03,    1.272800e-02,    8.608500e-02,   -1.263500e-01,   -7.223500e-02,    1.441500e-01,   -1.331100e-02,    1.371700e-03,    6.673400e-03,    6.673400e-03,    7.850200e-03,    7.850200e-03,    7.850200e-03,    7.850200e-03,    6.967400e-03,    6.967400e-03,
        17,    1.584800e+02,    1.003490e-02,   -6.363051e-03,    1.534259e-01,   -2.257702e-01,   -1.569368e-01,    2.431103e-01,   -1.093435e-02,    3.568976e-03,   -1.647720e+00,    2.657344e+00,   -4.276479e+00,    5.320015e+00,    5.650312e+00,   -5.443763e+00,   -3.754869e-01,   -1.626658e-01,   -5.485300e-03,    1.866700e-02,    1.091900e-01,   -1.707400e-01,   -9.849000e-02,    1.868000e-01,   -1.401800e-02,    2.233100e-03,    9.419200e-03,    9.419200e-03,    1.034400e-02,    1.034400e-02,    1.034400e-02,    1.034400e-02,    8.212400e-03,    8.212400e-03,
        17,    2.511800e+02,    1.220545e-02,   -3.300758e-03,    2.079565e-01,   -3.038969e-01,   -2.170397e-01,    3.256530e-01,   -1.219018e-02,    6.222480e-05,   -1.955284e+00,    1.991228e+00,   -4.680997e+00,    5.075841e+00,    5.197747e+00,   -6.427340e+00,   -1.845635e-01,   -3.630227e-01,   -1.147500e-02,    2.081500e-02,    1.433400e-01,   -2.338300e-01,   -1.452900e-01,    2.369300e-01,   -1.393800e-02,   -3.375600e-03,    1.211100e-02,    1.211100e-02,    1.380400e-02,    1.380400e-02,    1.380400e-02,    1.380400e-02,    9.470000e-03,    9.470000e-03,
        17,    3.981000e+02,    1.239652e-02,   -5.964873e-04,    2.835862e-01,   -4.029090e-01,   -2.987286e-01,    4.289512e-01,   -1.146750e-02,   -3.244337e-03,   -1.744529e+00,    2.022344e+00,   -5.230519e+00,    4.753682e+00,    4.390837e+00,   -6.171884e+00,    4.381751e-01,   -9.682659e-01,   -2.004300e-02,    3.700900e-02,    1.859900e-01,   -3.142100e-01,   -2.168000e-01,    3.137900e-01,   -6.354000e-03,   -1.454400e-02,    1.859500e-02,    1.859500e-02,    1.865900e-02,    1.865900e-02,    1.865900e-02,    1.865900e-02,    1.167000e-02,    1.167000e-02,
        17,    6.309500e+02,    1.193526e-02,    1.531571e-03,    3.844491e-01,   -5.263005e-01,   -4.063843e-01,    5.582229e-01,   -9.591864e-03,   -6.114828e-03,   -1.632476e+00,    1.711949e+00,   -5.071562e+00,    4.212429e+00,    4.222924e+00,   -5.654052e+00,    9.694904e-01,   -5.963569e-01,   -2.609000e-02,    4.140800e-02,    2.569500e-01,   -4.204000e-01,   -3.002200e-01,    4.160800e-01,    2.710000e-03,   -1.368200e-02,    2.329300e-02,    2.329300e-02,    2.514000e-02,    2.514000e-02,    2.514000e-02,    2.514000e-02,    1.268900e-02,    1.268900e-02,
        17,    1.000000e+03,    1.061420e-02,    3.494174e-03,    5.135267e-01,   -6.812828e-01,   -5.444573e-01,    7.207409e-01,   -6.478479e-03,   -8.392984e-03,   -1.547878e+00,    1.249797e+00,   -4.010265e+00,    2.970589e+00,    3.793334e+00,   -4.407161e+00,    1.245471e+00,   -1.719503e-01,   -3.264900e-02,    3.842600e-02,    3.741500e-01,   -5.780400e-01,   -4.126200e-01,    5.675700e-01,    1.497600e-02,   -1.135500e-02,    2.795000e-02,    2.795000e-02,    3.475500e-02,    3.475500e-02,    3.475500e-02,    3.475500e-02,    1.722600e-02,    1.722600e-02,
        18,    1.000000e+02,    8.919670e-02,    2.280072e-02,    2.182356e-01,   -2.856970e-01,   -8.845649e-01,    3.915676e-01,   -3.045567e-01,   -2.568789e-02,    5.392456e+00,   -2.418486e+00,    3.886934e+00,   -6.328937e-01,   -1.935465e+01,    8.412698e+00,   -2.211199e+00,    6.556749e-01,    5.274200e-01,   -1.737400e-01,    4.216000e-01,   -3.188100e-01,   -1.897200e+00,    8.317200e-01,   -7.079900e-01,    9.394000e-02,    8.126600e-02,    8.126600e-02,    5.232000e-02,    5.232000e-02,    5.232000e-02,    5.232000e-02,    1.824500e-01,    1.824500e-01,
        18,    1.584800e+02,    8.003210e-02,    3.827746e-02,    2.892878e-01,   -3.809655e-01,   -9.877651e-01,    4.410080e-01,   -2.943104e-01,   -4.776336e-02,    5.315836e+00,   -2.437050e+00,    3.351876e+00,   -1.924742e-01,   -1.869703e+01,    8.267769e+00,   -2.191048e+00,    6.389894e-01,    5.696100e-01,   -1.861700e-01,    4.915500e-01,   -3.925800e-01,   -2.116000e+00,    9.399100e-01,   -7.197900e-01,    7.632200e-02,    9.209800e-02,    9.209800e-02,    6.034300e-02,    6.034300e-02,    6.034300e-02,    6.034300e-02,    1.941900e-01,    1.941900e-01,
        18,    2.511800e+02,    6.475612e-02,    5.244428e-02,    3.867035e-01,   -4.979953e-01,   -1.100432e+00,    5.074021e-01,   -2.802193e-01,   -7.481466e-02,    5.228818e+00,   -2.442986e+00,    2.830094e+00,    7.868280e-02,   -1.791602e+01,    8.022446e+00,   -2.253813e+00,    5.818140e-01,    6.192200e-01,   -2.066100e-01,    5.861600e-01,   -4.924500e-01,   -2.363100e+00,    1.072800e+00,   -7.534300e-01,    4.734300e-02,    1.060400e-01,    1.060400e-01,    7.047700e-02,    7.047700e-02,    7.047700e-02,    7.047700e-02,    2.099600e-01,    2.099600e-01,
        18,    3.981000e+02,    4.532858e-02,    6.316655e-02,    5.105295e-01,   -6.418410e-01,   -1.223844e+00,    5.977509e-01,   -2.533796e-01,   -1.078061e-01,    5.133290e+00,   -2.460471e+00,    2.174807e+00,    2.165084e-01,   -1.717348e+01,    7.856637e+00,   -2.351914e+00,    5.312270e-01,    6.723600e-01,   -2.373800e-01,    6.896400e-01,   -6.240100e-01,   -2.638200e+00,    1.244800e+00,   -7.884400e-01,    1.304800e-02,    1.221500e-01,    1.221500e-01,    8.235700e-02,    8.235700e-02,    8.235700e-02,    8.235700e-02,    2.275000e-01,    2.275000e-01,
        18,    6.309500e+02,    2.606334e-02,    7.072170e-02,    6.629507e-01,   -8.273726e-01,   -1.360421e+00,    7.249585e-01,   -2.082696e-01,   -1.376041e-01,    5.010722e+00,   -2.491757e+00,    1.286662e+00,    2.703710e-01,   -1.619844e+01,    7.750986e+00,   -2.378362e+00,    4.871718e-01,    7.301700e-01,   -2.794200e-01,    7.859800e-01,   -8.015200e-01,   -2.909300e+00,    1.466100e+00,   -7.753900e-01,   -2.143800e-02,    1.405200e-01,    1.405200e-01,    9.561900e-02,    9.561900e-02,    9.561900e-02,    9.561900e-02,    2.384500e-01,    2.384500e-01,
        18,    1.000000e+03,    1.052969e-02,    8.090476e-02,    8.559169e-01,   -1.075383e+00,   -1.518379e+00,    9.081268e-01,   -1.504096e-01,   -1.532304e-01,    5.003279e+00,   -2.475243e+00,    3.422922e-01,    3.318750e-01,   -1.515686e+01,    7.835795e+00,   -2.460465e+00,    4.619492e-01,    8.502800e-01,   -3.345400e-01,    8.943700e-01,   -1.038100e+00,   -3.221100e+00,    1.788400e+00,   -7.739900e-01,   -3.615400e-02,    1.678400e-01,    1.678400e-01,    1.123400e-01,    1.123400e-01,    1.123400e-01,    1.123400e-01,    2.534400e-01,    2.534400e-01,
        19,    1.000000e+02,   -5.348222e-04,    3.732839e-03,    1.593335e-01,   -1.578712e-01,   -1.648431e-01,    1.751786e-01,    1.893214e-03,   -5.063608e-03,    8.194714e-01,   -1.865095e+00,   -5.486683e+00,    6.241558e+00,    5.419091e+00,   -6.962003e+00,    1.637079e+00,   -2.225345e+00,    1.495500e-03,   -8.881200e-04,    1.146500e-01,   -1.070400e-01,   -1.207100e-01,    1.184800e-01,    2.178700e-02,   -3.210600e-02,    2.477600e-03,    2.477600e-03,    8.144000e-03,    8.144000e-03,    8.144000e-03,    8.144000e-03,    1.215200e-02,    1.215200e-02,
        19,    1.584800e+02,   -1.808716e-03,    7.567780e-03,    1.930541e-01,   -2.045863e-01,   -2.076774e-01,    2.277547e-01,    2.682844e-03,   -9.442590e-03,    1.278910e+00,   -2.524303e+00,   -5.590225e+00,    6.888436e+00,    6.322597e+00,   -7.452226e+00,    1.588694e+00,   -2.029611e+00,    2.369100e-03,   -6.783600e-04,    1.368500e-01,   -1.353300e-01,   -1.441100e-01,    1.528300e-01,    2.663400e-02,   -4.004100e-02,    3.266700e-03,    3.266700e-03,    1.005400e-02,    1.005400e-02,    1.005400e-02,    1.005400e-02,    1.507600e-02,    1.507600e-02,
        19,    2.511800e+02,   -5.377853e-03,    1.138426e-02,    2.389884e-01,   -2.706522e-01,   -2.666088e-01,    2.944542e-01,    5.850124e-03,   -1.488026e-02,    1.978404e+00,   -2.590342e+00,   -5.643070e+00,    7.571009e+00,    6.700321e+00,   -7.506803e+00,    1.450566e+00,   -1.867018e+00,    4.099100e-03,   -1.024000e-03,    1.670900e-01,   -1.741900e-01,   -1.812400e-01,    1.988100e-01,    3.370100e-02,   -5.072700e-02,    4.790200e-03,    4.790200e-03,    1.274100e-02,    1.274100e-02,    1.274100e-02,    1.274100e-02,    1.920000e-02,    1.920000e-02,
        19,    3.981000e+02,   -1.125530e-02,    1.411288e-02,    3.041061e-01,   -3.583256e-01,   -3.434276e-01,    3.753051e-01,    1.216495e-02,   -2.026599e-02,    1.660190e+00,   -3.198216e+00,   -4.769122e+00,    7.111644e+00,    4.692516e+00,   -7.012845e+00,    1.805109e+00,   -1.946023e+00,   -1.873900e-03,   -3.959600e-03,    2.220200e-01,   -2.359200e-01,   -2.626600e-01,    2.546000e-01,    6.369900e-02,   -7.582300e-02,    5.650800e-03,    5.650800e-03,    1.721200e-02,    1.721200e-02,    1.721200e-02,    1.721200e-02,    2.854900e-02,    2.854900e-02,
        19,    6.309500e+02,   -1.914409e-02,    1.433888e-02,    3.935747e-01,   -4.689428e-01,   -4.381939e-01,    4.749212e-01,    2.135346e-02,   -2.358889e-02,   -1.301969e-01,   -9.838371e-01,   -2.408020e+00,    5.225980e+00,    3.696164e-01,   -5.810175e+00,    2.612812e+00,   -1.841153e+00,   -2.109600e-02,   -4.108100e-04,    3.327000e-01,   -3.368300e-01,   -4.288500e-01,    3.280400e-01,    1.439100e-01,   -1.099500e-01,    1.499200e-02,    1.499200e-02,    2.528000e-02,    2.528000e-02,    2.528000e-02,    2.528000e-02,    4.690600e-02,    4.690600e-02,
        19,    1.000000e+03,   -2.788401e-02,    1.055011e-02,    5.094904e-01,   -6.061076e-01,   -5.534087e-01,    6.024044e-01,    3.161936e-02,   -2.345788e-02,    1.053900e-01,    1.542876e-01,   -1.299927e+00,    3.833502e+00,   -1.138392e+00,   -4.763517e+00,    2.347824e+00,   -2.107734e+00,   -2.568800e-02,    1.376500e-02,    4.641100e-01,   -4.722800e-01,   -5.931500e-01,    4.361100e-01,    1.786800e-01,   -1.554800e-01,    2.083700e-02,    2.083700e-02,    3.491000e-02,    3.491000e-02,    3.491000e-02,    3.491000e-02,    6.263700e-02,    6.263700e-02,
        20,    6.309500e+02,   -2.081522e-03,    2.512885e-02,    3.021639e-01,   -3.505951e-01,   -3.158607e-01,    3.368486e-01,   -1.737538e-03,   -4.009254e-03,   -3.095614e-01,    3.228303e+00,    6.207460e-01,   -2.026535e-01,   -4.437312e+00,    1.060377e+00,    2.968736e+00,   -1.615145e+00,   -1.798400e-02,    1.909700e-01,    4.605100e-01,   -4.022900e-01,   -5.582000e-01,    3.947600e-01,    1.529900e-01,   -8.818900e-02,    5.137100e-02,    5.137100e-02,    2.550900e-01,    2.550900e-01,    5.461400e-02,    5.461400e-02,    5.211900e-02,    5.211900e-02,
        21,    1.000000e+02,   -1.203770e-04,    7.965638e-05,    1.165569e-01,   -1.139027e-01,   -1.188752e-01,    1.147627e-01,   -4.074712e-04,    1.045089e-04,   -6.195468e-01,    5.643516e-01,    4.669004e-01,   -3.478381e-01,   -5.499855e-01,    3.577481e-01,   -9.928333e-01,    4.288272e-01,   -2.276400e-03,    2.043600e-03,    1.270500e-01,   -1.217200e-01,   -1.287100e-01,    1.211600e-01,   -5.030500e-03,    2.101300e-03,    3.480000e-03,    3.480000e-03,    2.247400e-02,    2.247400e-02,    1.788200e-02,    1.788200e-02,    4.656400e-03,    4.656400e-03,
        21,    1.584800e+02,   -8.652756e-04,   -3.872884e-04,    1.442138e-01,   -1.406892e-01,   -1.458789e-01,    1.406949e-01,   -9.393724e-04,   -5.702412e-04,   -5.835184e-01,    5.714895e-01,    4.682008e-01,   -4.030612e-01,   -4.588308e-01,    3.512789e-01,   -9.015804e-01,    1.410007e-01,   -3.491400e-03,    2.184700e-03,    1.571900e-01,   -1.518600e-01,   -1.559300e-01,    1.483900e-01,   -5.661400e-03,    1.682500e-04,    4.500500e-03,    4.500500e-03,    2.771500e-02,    2.771500e-02,    2.190600e-02,    2.190600e-02,    5.237500e-03,    5.237500e-03,
        21,    2.511800e+02,   -1.097444e-03,   -1.022582e-03,    1.754961e-01,   -1.777974e-01,   -1.762799e-01,    1.780730e-01,   -1.493549e-03,   -1.986127e-03,   -6.571377e-01,    6.141840e-01,    4.654490e-01,   -3.784904e-01,   -4.687814e-01,    2.670757e-01,   -6.971720e-01,    1.383838e-01,   -4.904900e-03,    2.536000e-03,    1.914000e-01,   -1.907300e-01,   -1.889300e-01,    1.852800e-01,   -5.543700e-03,   -1.182200e-03,    5.794000e-03,    5.794000e-03,    3.416900e-02,    3.416900e-02,    2.698500e-02,    2.698500e-02,    5.809400e-03,    5.809400e-03,
        21,    3.981000e+02,   -1.735401e-03,   -1.674695e-03,    2.143532e-01,   -2.304290e-01,   -2.144782e-01,    2.317281e-01,   -1.640882e-03,   -4.396290e-03,   -4.656829e-01,    4.060985e-01,    5.581976e-01,   -2.159850e-01,   -4.680151e-01,    1.102166e-01,   -4.515239e-01,    1.105653e-01,   -4.465700e-03,    7.062600e-04,    2.382100e-01,   -2.396600e-01,   -2.302400e-01,    2.354400e-01,   -4.626900e-03,   -3.665100e-03,    5.863000e-03,    5.863000e-03,    4.273900e-02,    4.273900e-02,    3.367800e-02,    3.367800e-02,    6.613200e-03,    6.613200e-03,
        21,    6.309500e+02,   -3.458373e-03,   -3.392440e-03,    2.656134e-01,   -3.025368e-01,   -2.653138e-01,    3.053690e-01,   -8.491264e-04,   -7.683574e-03,   -3.485782e-01,    3.908214e-01,    7.152537e-01,    1.709928e-02,   -4.739601e-01,   -9.019452e-02,   -4.692068e-02,   -4.883334e-02,   -6.144900e-03,   -3.803400e-04,    3.048000e-01,   -3.016000e-01,   -2.857500e-01,    3.014800e-01,   -1.260100e-03,   -8.111300e-03,    7.707100e-03,    7.707100e-03,    5.478700e-02,    5.478700e-02,    4.311800e-02,    4.311800e-02,    8.758900e-03,    8.758900e-03,
        21,    1.000000e+03,   -6.078569e-03,   -7.792116e-03,    3.330706e-01,   -3.986568e-01,   -3.320006e-01,    4.036279e-01,    7.748194e-04,   -1.137255e-02,   -4.362345e-01,    5.688936e-01,    1.037158e+00,    1.201319e-01,   -6.300661e-01,   -8.385504e-02,    2.521198e-01,   -4.413101e-01,   -1.131600e-02,   -9.619800e-04,    4.075500e-01,   -3.900300e-01,   -3.676000e-01,    3.988900e-01,    4.572500e-03,   -1.802000e-02,    1.200600e-02,    1.200600e-02,    7.181100e-02,    7.181100e-02,    5.650100e-02,    5.650100e-02,    1.506300e-02,    1.506300e-02,
        22,    1.000000e+02,    8.496914e-03,   -1.189484e-02,    1.057816e-01,   -1.600351e-01,   -1.168750e-01,    1.718927e-01,   -6.576769e-03,    7.753514e-03,   -5.209364e-01,    3.653234e-01,   -3.547551e+00,    6.744859e+00,    2.519641e+00,   -7.818217e+00,    2.509201e-01,    6.195718e-01,    5.438600e-03,   -9.750100e-03,    8.017500e-02,   -1.113500e-01,   -9.868800e-02,    1.154600e-01,   -4.914900e-03,    1.185700e-02,    5.870800e-03,    5.870800e-03,    7.218100e-03,    7.218100e-03,    7.218100e-03,    7.218100e-03,    6.623100e-03,    6.623100e-03,
        22,    1.584800e+02,    1.095503e-02,   -1.308083e-02,    1.428894e-01,   -2.199049e-01,   -1.598595e-01,    2.289457e-01,   -9.012059e-03,    6.962390e-03,   -5.058853e-01,    5.526429e-01,   -3.564054e+00,    6.213902e+00,    3.698813e+00,   -6.821840e+00,    7.361076e-03,    9.083879e-01,    7.355400e-03,   -9.148500e-03,    1.077100e-01,   -1.585700e-01,   -1.233500e-01,    1.616100e-01,   -8.946100e-03,    1.510200e-02,    7.115500e-03,    7.115500e-03,    9.870600e-03,    9.870600e-03,    9.870600e-03,    9.870600e-03,    8.960500e-03,    8.960500e-03,
        22,    2.511800e+02,    1.402725e-02,   -1.523504e-02,    1.957848e-01,   -2.969382e-01,   -2.180863e-01,    3.003824e-01,   -1.109300e-02,    6.111545e-03,   -4.998943e-01,    7.088994e-01,   -3.483069e+00,    4.996939e+00,    4.863524e+00,   -5.312858e+00,   -2.972512e-01,    1.088136e+00,    9.554900e-03,   -8.892800e-03,    1.482200e-01,   -2.287000e-01,   -1.516700e-01,    2.278300e-01,   -1.473700e-02,    1.945100e-02,    8.946600e-03,    8.946600e-03,    1.365600e-02,    1.365600e-02,    1.365600e-02,    1.365600e-02,    1.225900e-02,    1.225900e-02,
        22,    3.981000e+02,    1.760541e-02,   -1.822910e-02,    2.693615e-01,   -3.947771e-01,   -2.947650e-01,    3.891299e-01,   -1.289110e-02,    5.140546e-03,   -1.585582e-01,    6.243270e-01,   -3.406154e+00,    3.842912e+00,    5.013741e+00,   -3.775954e+00,   -4.013705e-01,    1.197152e+00,    1.559600e-02,   -1.031700e-02,    2.049000e-01,   -3.220500e-01,   -1.998800e-01,    3.176700e-01,   -1.942300e-02,    2.462300e-02,    1.267300e-02,    1.267300e-02,    1.892500e-02,    1.892500e-02,    1.892500e-02,    1.892500e-02,    1.627400e-02,    1.627400e-02,
        22,    6.309500e+02,    2.183823e-02,   -2.247222e-02,    3.682825e-01,   -5.172508e-01,   -3.930703e-01,    4.996572e-01,   -1.431511e-02,    3.989220e-03,    5.622176e-01,    1.717764e-01,   -3.368871e+00,    3.253236e+00,    3.532890e+00,   -2.808166e+00,   -2.083235e-01,    1.242202e+00,    3.374600e-02,   -1.883400e-02,    2.808300e-01,   -4.328000e-01,   -3.013600e-01,    4.267600e-01,   -1.850200e-02,    2.895500e-02,    2.118000e-02,    2.118000e-02,    2.595900e-02,    2.595900e-02,    2.595900e-02,    2.595900e-02,    2.009800e-02,    2.009800e-02,
        22,    1.000000e+03,    2.704211e-02,   -2.820682e-02,    4.966466e-01,   -6.705002e-01,   -5.162685e-01,    6.387533e-01,   -1.509133e-02,    2.740489e-03,    4.687075e-01,   -1.799166e-01,   -2.801381e+00,    2.302193e+00,    2.087147e+00,   -2.845307e+00,   -6.779811e-01,    8.971686e-01,    4.064400e-02,   -3.342800e-02,    3.980100e-01,   -5.894400e-01,   -4.427800e-01,    5.385700e-01,   -3.232900e-02,    2.555100e-02,    2.902000e-02,    2.902000e-02,    3.521000e-02,    3.521000e-02,    3.521000e-02,    3.521000e-02,    2.542500e-02,    2.542500e-02,
        23,    1.000000e+02,   -1.450048e-03,    1.435006e-03,    1.046324e-01,   -1.206012e-01,   -8.557112e-02,    1.162217e-01,    4.615935e-03,   -3.276399e-03,    1.933611e+00,   -8.617856e-01,   -4.393471e+00,    3.915904e+00,    3.368353e+00,   -4.073989e+00,    1.049325e+00,    1.472322e-01,    7.970700e-03,   -2.763700e-03,    7.852200e-02,   -9.732900e-02,   -6.555300e-02,    9.201000e-02,    9.984700e-03,   -2.523100e-03,    4.872100e-03,    4.872100e-03,    5.943000e-03,    5.943000e-03,    5.943000e-03,    5.943000e-03,    5.116400e-03,    5.116400e-03,
        23,    1.584800e+02,   -3.984723e-03,    8.023789e-04,    1.371657e-01,   -1.612508e-01,   -1.174361e-01,    1.568008e-01,    4.599229e-03,   -4.797799e-03,    2.212237e+00,   -4.769115e-01,   -4.269290e+00,    3.617885e+00,    3.325547e+00,   -3.646341e+00,    1.015500e+00,    3.184722e-01,    9.158400e-03,   -2.031000e-03,    1.026600e-01,   -1.320100e-01,   -9.055800e-02,    1.273300e-01,    1.101800e-02,   -2.784800e-03,    5.941100e-03,    5.941100e-03,    8.082300e-03,    8.082300e-03,    8.082300e-03,    8.082300e-03,    6.320800e-03,    6.320800e-03,
        23,    2.511800e+02,   -5.637558e-03,   -1.469212e-03,    1.792768e-01,   -2.086780e-01,   -1.584324e-01,    2.043716e-01,    5.343056e-03,   -6.998465e-03,    2.209193e+00,   -6.410145e-02,   -4.032261e+00,    3.394276e+00,    2.936232e+00,   -3.715532e+00,    8.859194e-01,    6.654928e-01,    1.015000e-02,   -1.927300e-03,    1.361800e-01,   -1.724000e-01,   -1.270500e-01,    1.646600e-01,    1.203600e-02,   -1.970800e-03,    7.146300e-03,    7.146300e-03,    1.068800e-02,    1.068800e-02,    1.068800e-02,    1.068800e-02,    7.554800e-03,    7.554800e-03,
        23,    3.981000e+02,   -6.930916e-03,   -4.927809e-03,    2.315868e-01,   -2.680577e-01,   -2.100906e-01,    2.633522e-01,    6.241272e-03,   -9.772626e-03,    2.104639e+00,    3.600049e-01,   -3.527985e+00,    3.368862e+00,    3.136079e+00,   -4.059495e+00,    7.591537e-01,    1.208643e+00,    1.073500e-02,   -1.906000e-03,    1.828300e-01,   -2.215000e-01,   -1.667500e-01,    2.072500e-01,    1.292600e-02,    8.700800e-04,    8.393800e-03,    8.393800e-03,    1.382000e-02,    1.382000e-02,    1.382000e-02,    1.382000e-02,    8.805500e-03,    8.805500e-03,
        23,    6.309500e+02,   -7.922900e-03,   -1.048321e-02,    2.978848e-01,   -3.440568e-01,   -2.747308e-01,    3.377877e-01,    6.900901e-03,   -1.390897e-02,    1.921421e+00,    9.431978e-01,   -1.969113e+00,    3.596001e+00,    2.350863e+00,   -4.080205e+00,    6.653743e-01,    1.470553e+00,    1.008600e-02,   -1.642900e-03,    2.618500e-01,   -2.782500e-01,   -2.317100e-01,    2.631200e-01,    1.388600e-02,    1.528900e-03,    9.372700e-03,    9.372700e-03,    1.830000e-02,    1.830000e-02,    1.830000e-02,    1.830000e-02,    1.049800e-02,    1.049800e-02,
        23,    1.000000e+03,   -8.142948e-03,   -1.898521e-02,    3.815880e-01,   -4.412880e-01,   -3.544159e-01,    4.337328e-01,    7.060145e-03,   -2.055170e-02,    1.661869e+00,    2.018108e+00,    1.497526e-01,    3.559629e+00,    8.154260e-01,   -3.655867e+00,    5.905806e-01,    1.562521e+00,    6.514400e-03,   -1.185900e-03,    3.853300e-01,   -3.523400e-01,   -3.340400e-01,    3.423800e-01,    1.443000e-02,   -1.053000e-03,    8.819800e-03,    8.819800e-03,    2.498800e-02,    2.498800e-02,    2.498800e-02,    2.498800e-02,    1.247900e-02,    1.247900e-02,
        24,    1.000000e+02,    3.690496e-03,   -7.143628e-03,    1.567126e-01,   -1.953834e-01,   -1.917033e-01,    2.194768e-01,   -1.127490e-03,    1.052707e-02,    8.053564e-01,    1.535233e+00,   -9.892094e+00,    1.311207e+01,    1.447490e+01,   -1.632333e+01,   -7.956708e-01,   -9.632629e-01,    7.582300e-03,    2.752300e-04,    8.819300e-02,   -1.045600e-01,   -9.144000e-02,    1.064100e-01,   -5.044100e-03,    5.785500e-03,    4.832400e-03,    4.832400e-03,    6.926700e-03,    6.926700e-03,    6.926700e-03,    6.926700e-03,    4.922400e-03,    4.922400e-03,
        24,    1.584800e+02,    6.948125e-03,   -7.642217e-03,    1.970106e-01,   -2.669023e-01,   -2.413249e-01,    2.873082e-01,   -4.989170e-03,    1.231725e-02,    4.683183e-01,    9.649804e-01,   -9.532617e+00,    1.354708e+01,    1.389123e+01,   -1.590313e+01,   -4.289752e-01,   -9.409771e-01,    9.944800e-03,   -1.467500e-03,    1.102400e-01,   -1.435900e-01,   -1.148800e-01,    1.425500e-01,   -7.738300e-03,    6.286900e-03,    6.398800e-03,    6.398800e-03,    9.102500e-03,    9.102500e-03,    9.102500e-03,    9.102500e-03,    6.408600e-03,    6.408600e-03,
        24,    2.511800e+02,    1.057884e-02,   -7.014460e-03,    2.583230e-01,   -3.649526e-01,   -3.082064e-01,    3.793716e-01,   -9.150895e-03,    1.423378e-02,    2.952940e-01,    4.332999e-02,   -9.673279e+00,    1.342887e+01,    1.339149e+01,   -1.510133e+01,   -2.610899e-01,   -9.521338e-01,    1.324800e-02,   -6.622800e-03,    1.402800e-01,   -2.010800e-01,   -1.447900e-01,    1.950900e-01,   -1.134700e-02,    6.225100e-03,    9.039000e-03,    9.039000e-03,    1.220300e-02,    1.220300e-02,    1.220300e-02,    1.220300e-02,    8.411300e-03,    8.411300e-03,
        24,    3.981000e+02,    1.398465e-02,   -4.491935e-03,    3.491152e-01,   -4.898509e-01,   -4.007101e-01,    4.997936e-01,   -1.445200e-02,    1.558873e-02,    5.143240e-01,   -2.327945e-01,   -1.000453e+01,    1.255791e+01,    1.296770e+01,   -1.382616e+01,    2.094648e-02,   -9.211380e-01,    2.060400e-02,   -7.488000e-03,    1.831200e-01,   -2.814900e-01,   -1.855500e-01,    2.703900e-01,   -1.422900e-02,    5.782300e-03,    1.287000e-02,    1.287000e-02,    1.659200e-02,    1.659200e-02,    1.659200e-02,    1.659200e-02,    1.064600e-02,    1.064600e-02,
        24,    6.309500e+02,    1.537779e-02,   -3.426771e-04,    4.733158e-01,   -6.438987e-01,   -5.256451e-01,    6.521961e-01,   -1.969695e-02,    1.563418e-02,    8.680589e-01,   -1.172593e-01,   -1.017580e+01,    1.139760e+01,    1.264799e+01,   -1.251071e+01,    3.086680e-01,   -8.447018e-01,    3.089000e-02,   -2.438100e-03,    2.443400e-01,   -3.874300e-01,   -2.410400e-01,    3.706800e-01,   -1.574600e-02,    4.822000e-03,    1.787000e-02,    1.787000e-02,    2.250200e-02,    2.250200e-02,    2.250200e-02,    2.250200e-02,    1.280000e-02,    1.280000e-02,
        24,    1.000000e+03,    1.419779e-02,    3.531386e-03,    6.346148e-01,   -8.348717e-01,   -6.887086e-01,    8.433238e-01,   -2.394270e-02,    1.535707e-02,    9.034216e-01,   -1.800452e-01,   -9.717872e+00,    1.011912e+01,    1.189057e+01,   -1.114595e+01,    2.351011e-01,   -7.624084e-01,    3.392400e-02,   -3.999000e-04,    3.375200e-01,   -5.255100e-01,   -3.251900e-01,    5.025700e-01,   -2.006000e-02,    2.765900e-03,    2.183500e-02,    2.183500e-02,    3.057200e-02,    3.057200e-02,    3.057200e-02,    3.057200e-02,    1.651500e-02,    1.651500e-02,
        25,    1.000000e+02,    6.975825e-02,   -1.167472e-02,    1.223955e-01,   -1.545103e-01,   -1.789550e-01,    1.218316e-01,   -4.013635e-02,    1.120732e-02,    3.111576e+00,   -1.074679e+00,    6.742088e+00,   -7.512061e+00,   -1.375256e+01,    8.387063e+00,   -2.852010e+00,    1.763014e+00,    2.288500e-01,   -6.662200e-02,    3.164800e-01,   -3.707600e-01,   -5.748500e-01,    3.632700e-01,   -2.151100e-01,    1.193700e-01,    5.112900e-02,    5.112900e-02,    2.878700e-02,    2.878700e-02,    2.878700e-02,    2.878700e-02,    6.135100e-02,    6.135100e-02,
        25,    1.584800e+02,    7.158407e-02,   -2.936652e-03,    1.669515e-01,   -1.917431e-01,   -2.079105e-01,    1.398578e-01,   -4.301839e-02,    4.217732e-03,    2.855562e+00,   -6.781459e-01,    7.462699e+00,   -7.782867e+00,   -1.287788e+01,    7.515454e+00,   -2.944310e+00,    1.757820e+00,    2.389200e-01,   -4.267600e-02,    4.263400e-01,   -4.622600e-01,   -6.555200e-01,    4.010800e-01,   -2.468000e-01,    1.258800e-01,    5.860000e-02,    5.860000e-02,    3.475800e-02,    3.475800e-02,    3.475800e-02,    3.475800e-02,    6.921200e-02,    6.921200e-02,
        25,    2.511800e+02,    6.852750e-02,    4.214512e-03,    2.196923e-01,   -2.336604e-01,   -2.364019e-01,    1.680802e-01,   -4.067998e-02,   -2.502597e-03,    2.531201e+00,   -4.700921e-01,    8.130486e+00,   -7.913367e+00,   -1.202973e+01,    6.929817e+00,   -2.958516e+00,    1.814877e+00,    2.309800e-01,   -2.595600e-02,    5.544000e-01,   -5.594300e-01,   -7.316300e-01,    4.533600e-01,   -2.654000e-01,    1.353500e-01,    6.418000e-02,    6.418000e-02,    4.116700e-02,    4.116700e-02,    4.116700e-02,    4.116700e-02,    7.595700e-02,    7.595700e-02,
        25,    3.981000e+02,    6.210100e-02,    7.557495e-03,    2.793873e-01,   -2.844577e-01,   -2.671240e-01,    2.135025e-01,   -3.368079e-02,   -4.951813e-03,    2.229295e+00,   -4.091041e-01,    8.639631e+00,   -7.915169e+00,   -1.103417e+01,    6.825487e+00,   -2.888226e+00,    1.985608e+00,    2.144800e-01,   -2.040600e-02,    6.963100e-01,   -6.664200e-01,   -7.996000e-01,    5.428800e-01,   -2.733400e-01,    1.598100e-01,    6.835300e-02,    6.835300e-02,    4.825700e-02,    4.825700e-02,    4.825700e-02,    4.825700e-02,    8.297800e-02,    8.297800e-02,
        25,    6.309500e+02,    5.440004e-02,    5.770960e-03,    3.464797e-01,   -3.510656e-01,   -3.055928e-01,    2.842560e-01,   -2.562578e-02,   -4.270492e-04,    1.962747e+00,   -7.706506e-01,    8.924731e+00,   -7.880662e+00,   -9.818475e+00,    7.679740e+00,   -2.557916e+00,    2.429179e+00,    2.000300e-01,   -5.140900e-02,    8.653100e-01,   -8.092000e-01,   -8.763800e-01,    7.307100e-01,   -2.701600e-01,    2.318000e-01,    7.419700e-02,    7.419700e-02,    5.813400e-02,    5.813400e-02,    5.813400e-02,    5.813400e-02,    9.559900e-02,    9.559900e-02,
        26,    3.981000e+02,   -7.613512e-03,    1.114932e-03,    1.556824e-01,   -1.704392e-01,   -1.484709e-01,    1.780797e-01,    9.963201e-03,   -4.034809e-03,   -1.585132e+00,   -5.105186e-01,    4.386745e+00,   -5.510307e+00,   -8.393836e-01,    4.991706e+00,   -2.378938e-01,    1.155800e+00,   -3.344800e-02,   -7.205500e-03,    2.269100e-01,   -2.599100e-01,   -1.621000e-01,    2.591300e-01,    8.023700e-03,    5.388200e-03,    1.629800e-02,    1.629800e-02,    1.623700e-02,    1.623700e-02,    1.623700e-02,    1.623700e-02,    8.152800e-03,    8.152800e-03,
        26,    6.309500e+02,   -9.140697e-03,    1.143934e-03,    1.954199e-01,   -2.258062e-01,   -1.882657e-01,    2.312696e-01,    1.161046e-02,   -6.184175e-03,   -1.492667e+00,   -8.860121e-01,    4.594849e+00,   -6.149574e+00,   -2.064984e+00,    4.747656e+00,    6.338367e-01,    1.047875e+00,   -4.174800e-02,   -1.821100e-02,    2.955600e-01,   -3.598300e-01,   -2.332700e-01,    3.347400e-01,    2.073200e-02,    8.895800e-03,    2.184500e-02,    2.184500e-02,    2.179400e-02,    2.179400e-02,    2.179400e-02,    2.179400e-02,    1.439100e-02,    1.439100e-02,
        26,    1.000000e+03,   -1.179754e-02,   -2.145950e-04,    2.473302e-01,   -2.973858e-01,   -2.385522e-01,    3.034820e-01,    1.421018e-02,   -7.476365e-03,   -1.284509e+00,   -9.507112e-01,    4.844119e+00,   -5.754071e+00,   -2.996528e+00,    4.293369e+00,    4.842411e-01,    1.105563e+00,   -4.603100e-02,   -2.555200e-02,    3.843800e-01,   -4.601800e-01,   -3.233300e-01,    4.249500e-01,    2.271200e-02,    1.193400e-02,    2.665100e-02,    2.665100e-02,    2.829200e-02,    2.829200e-02,    2.829200e-02,    2.829200e-02,    1.755700e-02,    1.755700e-02,
        27,    1.000000e+02,    2.784244e-03,   -1.610167e-03,    1.076810e-01,   -1.329987e-01,   -9.139079e-02,    1.311919e-01,   -2.595791e-04,    9.443916e-04,   -9.823364e-01,   -7.813784e-01,   -9.634965e-01,    1.668976e+00,    1.915412e+00,   -6.442482e-01,   -7.315985e-01,   -1.728566e+00,   -1.389900e-03,   -4.930400e-03,    1.003500e-01,   -1.203000e-01,   -7.681700e-02,    1.262900e-01,   -4.512800e-03,   -9.104800e-03,    4.249200e-03,    4.249200e-03,    7.608700e-03,    7.608700e-03,    7.608700e-03,    7.608700e-03,    5.813600e-03,    5.813600e-03,
        27,    1.584800e+02,    3.916949e-03,   -8.972268e-04,    1.434194e-01,   -1.819600e-01,   -1.264687e-01,    1.753730e-01,   -1.281256e-03,    7.524975e-04,   -6.553627e-01,   -6.680424e-01,   -2.094932e+00,    1.629762e+00,    1.584954e+00,   -5.662360e-02,   -5.893003e-02,   -1.397451e+00,    1.135000e-03,   -3.733000e-03,    1.218500e-01,   -1.651800e-01,   -1.101500e-01,    1.747900e-01,   -1.637800e-03,   -7.702500e-03,    4.244900e-03,    4.244900e-03,    1.029600e-02,    1.029600e-02,    1.029600e-02,    1.029600e-02,    6.050300e-03,    6.050300e-03,
        27,    2.511800e+02,    3.752459e-03,    1.658892e-05,    1.928409e-01,   -2.373695e-01,   -1.704576e-01,    2.282450e-01,   -1.147268e-03,    7.646654e-05,   -1.090411e+00,   -3.363898e-02,   -2.080541e+00,    1.230190e+00,    7.200450e-01,    3.252342e-03,    3.535478e-01,   -9.901898e-01,    1.016400e-03,   -6.781800e-05,    1.640400e-01,   -2.203400e-01,   -1.604900e-01,    2.282900e-01,    1.055900e-03,   -6.094000e-03,    2.509200e-03,    2.509200e-03,    1.384300e-02,    1.384300e-02,    1.384300e-02,    1.384300e-02,    6.231600e-03,    6.231600e-03,
        27,    3.981000e+02,    3.307572e-03,   -1.961998e-06,    2.531625e-01,   -3.030878e-01,   -2.256853e-01,    2.961319e-01,   -4.195614e-04,    3.897036e-04,   -8.887967e-01,    6.436125e-01,   -1.446380e+00,    8.543296e-01,   -6.074405e-02,   -3.423187e-01,    5.388053e-01,   -7.378218e-01,   -2.001300e-03,    3.842400e-03,    2.266200e-01,   -2.874100e-01,   -2.268000e-01,    2.898500e-01,    3.293400e-03,   -4.694700e-03,    5.973100e-03,    5.973100e-03,    1.835100e-02,    1.835100e-02,    1.835100e-02,    1.835100e-02,    6.891100e-03,    6.891100e-03,
        27,    6.309500e+02,    3.442968e-03,   -2.214204e-04,    3.253386e-01,   -3.868750e-01,   -2.957883e-01,    3.834915e-01,   -2.186652e-04,    1.359217e-03,   -1.183754e+00,    6.708173e-01,   -7.461400e-01,    1.226415e+00,   -2.777664e-01,   -1.176007e+00,    5.866705e-01,   -7.502792e-01,   -1.043300e-02,    7.641900e-03,    3.078200e-01,   -3.580800e-01,   -3.023100e-01,    3.558800e-01,    4.807400e-03,   -5.068500e-03,    1.172200e-02,    1.172200e-02,    2.347900e-02,    2.347900e-02,    2.347900e-02,    2.347900e-02,    8.567100e-03,    8.567100e-03,
        27,    1.000000e+03,    3.792008e-03,   -1.517201e-04,    4.122381e-01,   -4.973313e-01,   -3.824899e-01,    4.974998e-01,   -2.527765e-04,    2.394937e-03,   -1.259582e+00,    5.192348e-01,    3.391427e-01,    2.174001e+00,   -7.395993e-01,   -1.799005e+00,   -2.297983e-01,   -9.594711e-01,   -1.563200e-02,    7.855400e-03,    4.224500e-01,   -4.318700e-01,   -4.047600e-01,    4.433300e-01,   -2.652100e-03,   -7.622900e-03,    1.542100e-02,    1.542100e-02,    3.011100e-02,    3.011100e-02,    3.011100e-02,    3.011100e-02,    1.044100e-02,    1.044100e-02,
        28,    1.000000e+02,    3.523989e-03,   -3.311755e-03,    5.966843e-02,   -6.221683e-02,   -6.005555e-02,    6.756761e-02,   -4.743913e-03,    5.209953e-03,    2.692129e+00,   -3.548634e+00,    2.426354e+00,   -2.896526e+00,   -2.862146e+00,    2.013114e+00,   -2.419402e+00,    2.382526e+00,    5.438100e-02,   -7.034900e-02,    1.189200e-01,   -1.329500e-01,   -1.051000e-01,    9.925000e-02,   -3.578000e-02,    3.577300e-02,    1.889100e-02,    1.889100e-02,    2.442000e-02,    2.442000e-02,    1.573800e-02,    1.573800e-02,    1.282800e-02,    1.282800e-02,
        28,    1.584800e+02,    4.495894e-03,   -8.100838e-04,    7.305599e-02,   -8.378026e-02,   -7.678871e-02,    8.967174e-02,   -6.969522e-03,    2.565255e-03,    3.054496e+00,   -3.400381e+00,    2.554287e+00,   -2.698673e+00,   -2.801339e+00,    1.731507e+00,   -2.521043e+00,    2.335680e+00,    7.753500e-02,   -8.212000e-02,    1.513500e-01,   -1.665000e-01,   -1.322300e-01,    1.239400e-01,   -4.680200e-02,    3.946900e-02,    2.391200e-02,    2.391200e-02,    3.065200e-02,    3.065200e-02,    1.979100e-02,    1.979100e-02,    1.580000e-02,    1.580000e-02,
        28,    2.511800e+02,    4.148290e-03,    1.360404e-03,    9.128298e-02,   -1.116165e-01,   -9.800133e-02,    1.163648e-01,   -6.821404e-03,    2.548467e-05,    3.296315e+00,   -3.185990e+00,    2.738316e+00,   -2.406830e+00,   -2.714412e+00,    1.503815e+00,   -2.696124e+00,    2.202545e+00,    1.016500e-01,   -9.287800e-02,    1.958100e-01,   -2.034900e-01,   -1.646700e-01,    1.533000e-01,   -5.822300e-02,    4.201700e-02,    2.957900e-02,    2.957900e-02,    3.817200e-02,    3.817200e-02,    2.456100e-02,    2.456100e-02,    1.906500e-02,    1.906500e-02,
        28,    3.981000e+02,    3.742438e-03,    2.947361e-03,    1.135680e-01,   -1.487277e-01,   -1.224419e-01,    1.515445e-01,   -6.649374e-03,   -1.097551e-03,    3.384188e+00,   -3.031031e+00,    2.874002e+00,   -2.129983e+00,   -2.700882e+00,    1.286877e+00,   -2.801505e+00,    2.040999e+00,    1.266900e-01,   -1.071700e-01,    2.500400e-01,   -2.498700e-01,   -2.046000e-01,    1.906900e-01,   -7.146500e-02,    4.612300e-02,    3.633000e-02,    3.633000e-02,    4.748500e-02,    4.748500e-02,    3.041900e-02,    3.041900e-02,    2.313600e-02,    2.313600e-02,
        28,    6.309500e+02,    3.552134e-03,    5.233981e-03,    1.409704e-01,   -2.006573e-01,   -1.516554e-01,    2.009142e-01,   -7.307966e-03,   -2.923044e-03,    3.352166e+00,   -3.012227e+00,    2.871672e+00,   -1.905495e+00,   -2.700183e+00,    9.338188e-01,   -2.827592e+00,    1.941924e+00,    1.526900e-01,   -1.287800e-01,    3.100200e-01,   -3.128300e-01,   -2.530500e-01,    2.359800e-01,   -8.642400e-02,    5.141200e-02,    4.449000e-02,    4.449000e-02,    5.886800e-02,    5.886800e-02,    3.755100e-02,    3.755100e-02,    2.798000e-02,    2.798000e-02,
        28,    1.000000e+03,    2.847559e-03,    8.686421e-03,    1.750169e-01,   -2.742133e-01,   -1.875083e-01,    2.709266e-01,   -7.843456e-03,   -6.039105e-03,    3.368748e+00,   -2.965766e+00,    2.947426e+00,   -1.715958e+00,   -2.729079e+00,    4.813199e-01,   -2.744803e+00,    1.870684e+00,    1.917400e-01,   -1.576100e-01,    3.942700e-01,   -4.018600e-01,   -3.165200e-01,    2.936800e-01,   -9.919600e-02,    5.622100e-02,    5.607200e-02,    5.607200e-02,    7.438800e-02,    7.438800e-02,    4.727300e-02,    4.727300e-02,    3.328200e-02,    3.328200e-02,
        29,    1.000000e+02,    2.097894e-01,   -3.033213e-02,    3.428209e-01,   -3.247104e-01,   -8.111744e-01,    4.818239e-01,   -3.721750e-01,    6.600300e-02,    2.803997e+00,   -1.520844e+00,    1.146323e+00,    1.323799e+00,    2.769063e+00,   -1.605903e+00,    4.592714e-01,   -2.407260e-01,    3.968300e-01,   -1.317800e-01,    3.790000e-01,   -2.829300e-01,   -7.237800e-01,    4.311400e-01,   -3.353800e-01,    4.671700e-02,    6.670500e-02,    6.670500e-02,    3.156100e-02,    3.156100e-02,    3.156100e-02,    3.156100e-02,    8.011600e-02,    8.011600e-02,
        29,    1.584800e+02,    2.208010e-01,   -2.479379e-02,    4.120126e-01,   -4.206202e-01,   -9.247854e-01,    5.957593e-01,   -3.918060e-01,    4.469410e-02,    2.729053e+00,   -1.773435e+00,    8.226477e-01,    1.982788e+00,    2.578515e+00,   -1.484255e+00,    4.356394e-01,   -3.700963e-01,    4.283400e-01,   -1.596600e-01,    4.426900e-01,   -3.466800e-01,   -8.286300e-01,    5.404100e-01,   -3.531700e-01,    1.187100e-02,    7.604800e-02,    7.604800e-02,    3.729100e-02,    3.729100e-02,    3.729100e-02,    3.729100e-02,    8.868800e-02,    8.868800e-02,
        29,    2.511800e+02,    2.336514e-01,   -1.526753e-02,    4.983540e-01,   -5.525885e-01,   -1.064728e+00,    7.511496e-01,   -4.082709e-01,    1.673768e-02,    2.729182e+00,   -2.069254e+00,    1.544030e-01,    2.791320e+00,    2.579938e+00,   -1.799535e+00,    4.613473e-01,   -4.437087e-01,    4.720100e-01,   -1.959900e-01,    5.051400e-01,   -4.299100e-01,   -9.513400e-01,    6.720600e-01,   -3.632000e-01,   -2.661000e-02,    8.733700e-02,    8.733700e-02,    4.395000e-02,    4.395000e-02,    4.395000e-02,    4.395000e-02,    9.769400e-02,    9.769400e-02,
        29,    3.981000e+02,    2.461288e-01,    2.738081e-03,    6.059106e-01,   -7.390245e-01,   -1.240384e+00,    9.598504e-01,   -4.130456e-01,   -1.971152e-02,    2.837169e+00,   -2.341931e+00,   -6.270956e-01,    3.316430e+00,    2.794105e+00,   -2.023349e+00,    4.856438e-01,   -5.122585e-01,    5.391800e-01,   -2.391600e-01,    5.728100e-01,   -5.639700e-01,   -1.092900e+00,    8.530500e-01,   -3.609700e-01,   -7.464100e-02,    1.032900e-01,    1.032900e-01,    5.278400e-02,    5.278400e-02,    5.278400e-02,    5.278400e-02,    1.072300e-01,    1.072300e-01,
        29,    6.309500e+02,    2.532254e-01,    3.285534e-02,    7.499056e-01,   -1.007744e+00,   -1.463953e+00,    1.239743e+00,   -4.023949e-01,   -5.808576e-02,    3.062462e+00,   -2.431136e+00,   -1.432866e+00,    3.612921e+00,    2.878579e+00,   -1.878455e+00,    3.336207e-01,   -6.571566e-01,    6.383300e-01,   -2.728600e-01,    6.560500e-01,   -7.710900e-01,   -1.275400e+00,    1.116700e+00,   -3.618500e-01,   -1.379500e-01,    1.257500e-01,    1.257500e-01,    6.550200e-02,    6.550200e-02,    6.550200e-02,    6.550200e-02,    1.215300e-01,    1.215300e-01,
        29,    1.000000e+03,    2.467838e-01,    7.618075e-02,    9.605061e-01,   -1.386371e+00,   -1.755689e+00,    1.614199e+00,   -3.799720e-01,   -9.460776e-02,    3.302556e+00,   -2.291969e+00,   -2.030646e+00,    3.830258e+00,    2.662258e+00,   -1.554827e+00,    2.509023e-01,   -1.131347e+00,    7.601000e-01,   -2.800600e-01,    7.898100e-01,   -1.064400e+00,   -1.531900e+00,    1.483500e+00,   -3.439600e-01,   -2.569900e-01,    1.554300e-01,    1.554300e-01,    8.406000e-02,    8.406000e-02,    8.406000e-02,    8.406000e-02,    1.435300e-01,    1.435300e-01,
        30,    1.000000e+02,    3.162171e-01,    6.717746e-03,    4.507618e-01,   -3.256856e-01,   -6.557046e-01,    3.088630e-01,   -3.544164e-01,    2.065990e-02,    3.672939e+00,   -1.467935e+00,    5.708356e+00,   -2.233383e+00,   -1.364821e+01,    5.153492e+00,   -3.272600e+00,    1.370054e+00,    7.941400e-01,   -1.842900e-01,    7.991200e-01,   -4.619800e-01,   -1.488600e+00,    6.233600e-01,   -9.862900e-01,    2.851900e-01,    1.301200e-01,    1.301200e-01,    6.102600e-02,    6.102600e-02,    6.102600e-02,    6.102600e-02,    1.930800e-01,    1.930800e-01,
        30,    1.584800e+02,    3.100897e-01,    3.152013e-02,    5.323662e-01,   -3.970639e-01,   -7.295324e-01,    3.744929e-01,   -3.547104e-01,   -1.562299e-02,    3.709470e+00,   -1.591678e+00,    5.485623e+00,   -1.965847e+00,   -1.336843e+01,    5.085562e+00,   -3.401706e+00,    1.298429e+00,    8.413600e-01,   -1.964400e-01,    9.107700e-01,   -5.326700e-01,   -1.651700e+00,    7.253000e-01,   -1.075600e+00,    2.595400e-01,    1.432200e-01,    1.432200e-01,    6.898100e-02,    6.898100e-02,    6.898100e-02,    6.898100e-02,    2.119200e-01,    2.119200e-01,
        30,    2.511800e+02,    2.968335e-01,    5.586262e-02,    6.268339e-01,   -4.890108e-01,   -8.198409e-01,    4.619584e-01,   -3.392928e-01,   -5.065096e-02,    3.829041e+00,   -1.733918e+00,    4.930972e+00,   -1.783636e+00,   -1.302549e+01,    5.344653e+00,   -3.468217e+00,    1.285836e+00,    8.991800e-01,   -2.169000e-01,    1.010000e+00,   -6.276100e-01,   -1.832000e+00,    8.772700e-01,   -1.140000e+00,    2.462100e-01,    1.573100e-01,    1.573100e-01,    7.770600e-02,    7.770600e-02,    7.770600e-02,    7.770600e-02,    2.308700e-01,    2.308700e-01,
        30,    3.981000e+02,    2.751501e-01,    8.121661e-02,    7.343755e-01,   -6.161557e-01,   -9.253455e-01,    5.761630e-01,   -3.083029e-01,   -7.687574e-02,    3.974192e+00,   -1.870313e+00,    4.274836e+00,   -1.898419e+00,   -1.243950e+01,    5.717937e+00,   -3.544735e+00,    1.302677e+00,    9.711900e-01,   -2.463500e-01,    1.112100e+00,   -7.839000e-01,   -2.024500e+00,    1.081400e+00,   -1.200300e+00,    2.509300e-01,    1.751400e-01,    1.751400e-01,    8.836000e-02,    8.836000e-02,    8.836000e-02,    8.836000e-02,    2.516400e-01,    2.516400e-01,
        30,    6.309500e+02,    2.407600e-01,    1.055204e-01,    8.663614e-01,   -7.992967e-01,   -1.044287e+00,    7.356763e-01,   -2.695034e-01,   -8.869089e-02,    4.141616e+00,   -1.808487e+00,    3.397230e+00,   -2.343431e+00,   -1.157054e+01,    6.298483e+00,   -3.625943e+00,    1.169816e+00,    1.060800e+00,   -2.525600e-01,    1.214000e+00,   -1.039100e+00,   -2.228300e+00,    1.380200e+00,   -1.270300e+00,    2.341900e-01,    1.980000e-01,    1.980000e-01,    1.023300e-01,    1.023300e-01,    1.023300e-01,    1.023300e-01,    2.760100e-01,    2.760100e-01,
        30,    1.000000e+03,    1.915310e-01,    1.201783e-01,    1.044388e+00,   -1.056190e+00,   -1.189215e+00,    9.717052e-01,   -2.300931e-01,   -8.795548e-02,    4.177325e+00,   -1.511028e+00,    2.200065e+00,   -3.062801e+00,   -1.053674e+01,    6.806722e+00,   -3.646060e+00,    9.783767e-01,    1.126500e+00,   -2.180200e-01,    1.312400e+00,   -1.429300e+00,   -2.472800e+00,    1.800900e+00,   -1.347100e+00,    2.117800e-01,    2.238200e-01,    2.238200e-01,    1.218200e-01,    1.218200e-01,    1.218200e-01,    1.218200e-01,    3.063600e-01,    3.063600e-01,
        31,    1.000000e+02,    2.360468e-03,    6.783130e-03,    1.354661e-01,   -1.582643e-01,   -1.625383e-01,    1.130521e-01,    9.110082e-03,   -7.498130e-03,    4.306495e-01,    1.640817e+00,    9.509250e+00,   -1.148046e+01,   -5.617327e+00,    4.410417e+00,    7.045349e-01,   -6.685290e-01,    1.262500e-02,    4.589200e-02,    3.409800e-01,   -4.063800e-01,   -2.839400e-01,    2.083700e-01,    1.914900e-02,   -1.702400e-02,    2.383500e-02,    2.383500e-02,    2.161200e-02,    2.161200e-02,    2.161200e-02,    2.161200e-02,    1.424900e-02,    1.424900e-02,
        31,    1.584800e+02,   -5.417684e-04,    7.985853e-03,    1.844373e-01,   -1.871445e-01,   -1.891505e-01,    1.347186e-01,    1.296884e-02,   -7.426148e-03,   -3.210105e-01,    1.977099e+00,    1.101872e+01,   -1.063035e+01,   -5.463216e+00,    4.213721e+00,    6.823827e-01,   -5.423433e-01,   -1.127700e-02,    7.410400e-02,    4.726100e-01,   -4.651600e-01,   -3.320300e-01,    2.449200e-01,    2.420700e-02,   -1.635800e-02,    3.344200e-02,    3.344200e-02,    2.615300e-02,    2.615300e-02,    2.615300e-02,    2.615300e-02,    1.646900e-02,    1.646900e-02,
        31,    2.511800e+02,   -2.538783e-03,    8.477170e-03,    2.358739e-01,   -2.163939e-01,   -2.173668e-01,    1.660572e-01,    1.494842e-02,   -5.369380e-03,   -1.091171e+00,    1.977763e+00,    1.188506e+01,   -9.605452e+00,   -5.427047e+00,    4.151356e+00,    7.442528e-01,   -6.883241e-01,   -5.043900e-02,    9.529700e-02,    6.050000e-01,   -5.147200e-01,   -3.859200e-01,    2.949900e-01,    2.950600e-02,   -1.883300e-02,    4.389800e-02,    4.389800e-02,    3.105800e-02,    3.105800e-02,    3.105800e-02,    3.105800e-02,    1.956000e-02,    1.956000e-02,
        31,    3.981000e+02,   -3.540882e-03,    1.047420e-02,    2.861628e-01,   -2.540579e-01,   -2.489395e-01,    2.133511e-01,    1.380756e-02,   -4.676789e-03,   -1.694690e+00,    1.695522e+00,    1.202521e+01,   -8.841021e+00,   -5.232207e+00,    4.178343e+00,    9.184904e-01,   -8.400583e-01,   -9.452200e-02,    1.015000e-01,    7.227500e-01,   -5.750400e-01,   -4.389000e-01,    3.650500e-01,    3.539300e-02,   -2.441900e-02,    5.368600e-02,    5.368600e-02,    3.630600e-02,    3.630600e-02,    3.630600e-02,    3.630600e-02,    2.350100e-02,    2.350100e-02,
        31,    6.309500e+02,   -6.047850e-03,    1.511575e-02,    3.360024e-01,   -3.116083e-01,   -2.885464e-01,    2.852298e-01,    1.243706e-02,   -8.542754e-03,   -1.980473e+00,    1.330648e+00,    1.102852e+01,   -8.706368e+00,   -4.857886e+00,    4.419441e+00,    1.037697e+00,   -7.339275e-01,   -1.285500e-01,    9.742300e-02,    8.044500e-01,   -6.814200e-01,   -4.948900e-01,    4.729500e-01,    4.139400e-02,   -2.902300e-02,    6.185500e-02,    6.185500e-02,    4.247600e-02,    4.247600e-02,    4.247600e-02,    4.247600e-02,    2.790500e-02,    2.790500e-02,
        31,    1.000000e+03,   -1.253393e-02,    2.007866e-02,    3.904035e-01,   -4.028930e-01,   -3.462619e-01,    3.895368e-01,    1.590977e-02,   -1.545786e-02,   -1.254694e+00,    1.160164e+00,    1.007606e+01,   -8.112171e+00,   -3.705917e+00,    5.855615e+00,    9.140687e-01,   -4.352240e-01,   -8.566500e-02,    8.770000e-02,    9.145500e-01,   -8.248800e-01,   -5.390400e-01,    6.941400e-01,    4.600000e-02,   -2.978500e-02,    5.828600e-02,    5.828600e-02,    5.201900e-02,    5.201900e-02,    5.201900e-02,    5.201900e-02,    3.291900e-02,    3.291900e-02,
        32,    1.000000e+02,   -8.678365e-03,    3.778110e-04,    9.659927e-02,   -1.034410e-01,   -1.169908e-01,    1.210340e-01,    6.093484e-03,    6.851820e-04,    1.594556e+00,   -9.582922e-01,   -2.958402e+00,    2.480608e+00,    2.289427e+00,   -2.965149e+00,    3.458213e-01,   -9.563113e-01,   -3.284300e-03,   -2.863900e-03,    7.740900e-02,   -8.735000e-02,   -1.021400e-01,    1.018000e-01,    7.980700e-03,   -4.533600e-03,    3.382800e-03,    3.382800e-03,    6.486700e-03,    6.486700e-03,    6.486700e-03,    6.486700e-03,    5.457200e-03,    5.457200e-03,
        32,    1.584800e+02,   -8.905746e-03,    9.827398e-04,    1.218315e-01,   -1.331257e-01,   -1.501136e-01,    1.529762e-01,    7.208862e-03,    4.156920e-04,    1.671313e+00,   -9.939353e-01,   -2.483087e+00,    2.981410e+00,    2.545721e+00,   -3.445025e+00,    4.203875e-01,   -1.092060e+00,   -2.881500e-03,   -2.599900e-03,    1.015300e-01,   -1.087500e-01,   -1.293000e-01,    1.248100e-01,    1.020900e-02,   -7.377900e-03,    3.604500e-03,    3.604500e-03,    8.175900e-03,    8.175900e-03,    8.175900e-03,    8.175900e-03,    7.136600e-03,    7.136600e-03,
        32,    2.511800e+02,   -9.041292e-03,    1.233717e-03,    1.531331e-01,   -1.708320e-01,   -1.900456e-01,    1.905480e-01,    7.974944e-03,    2.134424e-03,    1.483444e+00,   -1.041952e+00,   -2.189847e+00,    3.508743e+00,    2.834939e+00,   -3.539620e+00,    6.476968e-01,   -1.114062e+00,   -2.781900e-03,   -3.162800e-03,    1.307200e-01,   -1.349200e-01,   -1.610300e-01,    1.543200e-01,    1.374100e-02,   -7.783400e-03,    4.219500e-03,    4.219500e-03,    1.023500e-02,    1.023500e-02,    1.023500e-02,    1.023500e-02,    8.902400e-03,    8.902400e-03,
        32,    3.981000e+02,   -8.434810e-03,    1.834918e-03,    1.911337e-01,   -2.210504e-01,   -2.365685e-01,    2.381156e-01,    7.241269e-03,    4.073509e-03,    9.465185e-01,   -1.252151e+00,   -2.042700e+00,    4.122420e+00,    2.966472e+00,   -3.519496e+00,    9.370077e-01,   -1.039591e+00,   -3.047700e-03,   -5.291700e-03,    1.650300e-01,   -1.683700e-01,   -1.986600e-01,    1.931400e-01,    1.739000e-02,   -7.186300e-03,    5.691500e-03,    5.691500e-03,    1.277900e-02,    1.277900e-02,    1.277900e-02,    1.277900e-02,    1.083100e-02,    1.083100e-02,
        32,    6.309500e+02,   -7.501562e-03,    3.646987e-03,    2.382884e-01,   -2.894342e-01,   -2.916440e-01,    3.014292e-01,    6.673572e-03,    5.513781e-03,    5.855501e-01,   -1.587949e+00,   -2.106726e+00,    5.013541e+00,    3.053982e+00,   -3.946222e+00,    9.913812e-01,   -1.004173e+00,   -2.930700e-03,   -8.748700e-03,    2.049600e-01,   -2.101200e-01,   -2.433300e-01,    2.390000e-01,    1.904700e-02,   -7.019300e-03,    7.806100e-03,    7.806100e-03,    1.582000e-02,    1.582000e-02,    1.582000e-02,    1.582000e-02,    1.248100e-02,    1.248100e-02,
        32,    1.000000e+03,   -6.446510e-03,    6.735555e-03,    2.975041e-01,   -3.832943e-01,   -3.586405e-01,    3.874491e-01,    7.075646e-03,    8.072239e-03,    6.589714e-01,   -1.842206e+00,   -2.060461e+00,    6.106549e+00,    2.577240e+00,   -4.796412e+00,    8.282704e-01,   -1.329669e+00,   -4.167900e-04,   -1.012100e-02,    2.568100e-01,   -2.626900e-01,   -3.077400e-01,    2.927200e-01,    1.915100e-02,   -1.131300e-02,    9.150200e-03,    9.150200e-03,    1.975000e-02,    1.975000e-02,    1.975000e-02,    1.975000e-02,    1.457900e-02,    1.457900e-02,
        33,    1.000000e+02,   -9.069820e-03,    1.137282e-02,    1.455882e-01,   -1.975247e-01,   -2.359654e-01,    1.854326e-01,    1.236393e-03,   -1.725016e-02,    3.035299e+00,   -8.247274e-02,    3.477953e+00,   -7.708041e+00,   -7.213163e+00,    3.525196e+00,    1.111553e+00,   -5.380329e-02,    8.103000e-02,    8.924700e-03,    2.433500e-01,   -4.141900e-01,   -4.114400e-01,    2.711900e-01,    2.065300e-02,   -1.819000e-02,    2.968400e-02,    2.968400e-02,    2.810900e-02,    2.810900e-02,    2.432700e-02,    2.432700e-02,    1.746800e-02,    1.746800e-02,
        33,    1.584800e+02,   -1.330115e-02,    1.110613e-02,    2.029010e-01,   -2.440516e-01,   -2.871951e-01,    2.187298e-01,    9.750867e-03,   -1.717952e-02,    3.116332e+00,    2.616523e-01,    2.874186e+00,   -7.095692e+00,   -7.057333e+00,    4.027975e+00,    1.925963e+00,   -1.083768e-01,    1.094200e-01,    2.141000e-02,    3.186100e-01,   -5.297100e-01,   -5.037000e-01,    3.423000e-01,    7.108700e-02,   -2.063100e-02,    3.938000e-02,    3.938000e-02,    4.025800e-02,    4.025800e-02,    3.067800e-02,    3.067800e-02,    3.184700e-02,    3.184700e-02,
        33,    2.511800e+02,   -1.628003e-02,    1.009707e-02,    2.669955e-01,   -2.961934e-01,   -3.410237e-01,    2.590058e-01,    1.622731e-02,   -1.384754e-02,    2.959422e+00,    4.786979e-01,    2.682244e+00,   -7.110948e+00,   -6.625078e+00,    4.573719e+00,    2.219698e+00,   -1.148331e-01,    1.183500e-01,    3.187400e-02,    3.957700e-01,   -6.375900e-01,   -5.853500e-01,    4.276800e-01,    1.115900e-01,   -1.878100e-02,    4.549200e-02,    4.549200e-02,    4.801000e-02,    4.801000e-02,    3.687900e-02,    3.687900e-02,    4.296200e-02,    4.296200e-02,
        33,    3.981000e+02,   -1.790674e-02,    9.847806e-03,    3.357228e-01,   -3.644646e-01,   -3.963340e-01,    3.164599e-01,    1.966501e-02,   -1.000315e-02,    2.376028e+00,    4.675619e-01,    2.816121e+00,   -7.657363e+00,   -6.006472e+00,    4.961202e+00,    1.830538e+00,   -5.992697e-02,    7.744800e-02,    2.861200e-02,    4.696800e-01,   -7.287100e-01,   -6.525400e-01,    5.280800e-01,    9.923300e-02,   -1.260800e-02,    4.013200e-02,    4.013200e-02,    4.756800e-02,    4.756800e-02,    4.265500e-02,    4.265500e-02,    4.346700e-02,    4.346700e-02,
        33,    6.309500e+02,   -1.890847e-02,    1.122917e-02,    4.141920e-01,   -4.627705e-01,   -4.582909e-01,    4.045781e-01,    2.132052e-02,   -7.339923e-03,    1.783383e+00,   -2.416439e-02,    3.167153e+00,   -7.381979e+00,   -5.506997e+00,    5.237657e+00,    1.077721e+00,    4.768395e-02,    2.656600e-02,    1.061300e-02,    5.726700e-01,   -8.321500e-01,   -7.338500e-01,    6.666600e-01,    6.123500e-02,   -5.573900e-03,    2.549900e-02,    2.549900e-02,    5.003800e-02,    5.003800e-02,    5.003800e-02,    5.003800e-02,    3.703600e-02,    3.703600e-02,
        33,    1.000000e+03,   -2.004988e-02,    1.511818e-02,    5.140729e-01,   -6.036257e-01,   -5.383813e-01,    5.363373e-01,    2.257537e-02,   -6.135304e-03,   -1.236859e-01,   -1.443577e+00,    3.063392e+00,   -5.596056e+00,   -4.726500e+00,    5.430677e+00,   -1.856276e+00,    3.297504e-01,   -2.401500e-02,   -3.116000e-02,    6.934100e-01,   -9.312300e-01,   -8.150800e-01,    8.542600e-01,   -1.762600e-02,    1.006100e-03,    3.205800e-02,    3.205800e-02,    5.854200e-02,    5.854200e-02,    5.854200e-02,    5.854200e-02,    2.165700e-02,    2.165700e-02,
        34,    1.000000e+02,   -3.779654e-03,   -6.014504e-03,    6.393461e-02,   -4.965615e-02,   -5.942980e-02,    5.404733e-02,    4.412766e-03,    7.753714e-04,   -2.531468e+00,    8.919804e-01,    3.636870e+00,   -6.416952e-01,   -5.062519e+00,    5.110017e+00,    3.778528e-01,    4.373428e-01,   -2.118400e-02,    1.180400e-04,    8.372500e-02,   -5.314800e-02,   -8.697800e-02,    8.185400e-02,    5.996800e-03,    2.608800e-03,    6.875200e-03,    6.875200e-03,    5.441600e-03,    5.441600e-03,    5.441600e-03,    5.441600e-03,    4.192200e-03,    4.192200e-03,
        34,    1.584800e+02,   -1.519292e-03,   -3.871384e-03,    7.201345e-02,   -6.870973e-02,   -6.914145e-02,    7.433101e-02,    3.988623e-03,    1.038500e-03,   -2.149230e+00,   -8.635310e-01,    3.081338e+00,   -2.475281e+00,   -3.944234e+00,    6.160930e+00,   -1.797036e-01,    1.191218e+00,   -1.816400e-02,   -1.055900e-02,    9.338900e-02,   -8.588100e-02,   -9.650300e-02,    1.170700e-01,    3.060400e-03,    7.191500e-03,    7.744500e-03,    7.744500e-03,    6.937100e-03,    6.937100e-03,    6.937100e-03,    6.937100e-03,    5.165300e-03,    5.165300e-03,
        34,    2.511800e+02,   -9.517791e-04,   -1.633825e-03,    8.458336e-02,   -9.677892e-02,   -8.458448e-02,    1.030390e-01,    3.323094e-03,    1.335484e-03,   -7.676527e-01,   -1.696708e+00,    1.798830e+00,   -3.374333e+00,   -4.070973e+00,    5.822592e+00,   -6.265928e-01,    6.609448e-01,   -6.846200e-03,   -1.466200e-02,    1.006300e-01,   -1.268800e-01,   -1.209000e-01,    1.549800e-01,    6.090700e-04,    4.198300e-03,    7.678500e-03,    7.678500e-03,    8.920600e-03,    8.920600e-03,    8.920600e-03,    8.920600e-03,    4.331400e-03,    4.331400e-03,
        34,    3.981000e+02,   -1.182992e-03,   -2.527242e-04,    1.046753e-01,   -1.351770e-01,   -1.077075e-01,    1.404100e-01,    2.078859e-03,    1.114985e-03,   -4.093386e-02,   -1.539521e+00,    7.208319e-01,   -4.545103e+00,   -2.842189e+00,    6.715303e+00,   -8.899977e-01,    6.437074e-01,   -1.505600e-03,   -1.238600e-02,    1.133700e-01,   -1.900000e-01,   -1.419900e-01,    2.214100e-01,   -3.140800e-03,    4.890200e-03,    7.881200e-03,    7.881200e-03,    1.206200e-02,    1.206200e-02,    1.206200e-02,    1.206200e-02,    5.864800e-03,    5.864800e-03,
        34,    6.309500e+02,   -1.348387e-03,    5.972162e-04,    1.332110e-01,   -1.847647e-01,   -1.381722e-01,    1.879787e-01,    1.036204e-03,   -1.126945e-04,    4.167668e-01,   -1.269897e+00,    6.769592e-01,   -5.743439e+00,   -3.240926e+00,    6.991576e+00,   -1.484531e+00,    2.667325e-01,    2.308700e-03,   -1.054600e-02,    1.446800e-01,   -2.820700e-01,   -1.930800e-01,    3.064300e-01,   -1.612200e-02,    2.970200e-03,    8.774900e-03,    8.774900e-03,    1.694200e-02,    1.694200e-02,    1.694200e-02,    1.694200e-02,    1.155800e-02,    1.155800e-02,
        34,    1.000000e+03,   -1.097953e-03,    1.448031e-03,    1.691459e-01,   -2.508245e-01,   -1.753544e-01,    2.517941e-01,    2.337234e-04,   -1.596220e-03,   -1.932275e-01,   -9.472403e-01,    1.336053e+00,   -6.622075e+00,   -3.370827e+00,    7.362941e+00,   -1.052759e+00,    3.608664e-01,   -2.765700e-03,   -6.727600e-03,    2.009400e-01,   -4.084100e-01,   -2.555700e-01,    4.270100e-01,   -1.223200e-02,    2.676800e-03,    8.631000e-03,    8.631000e-03,    2.379700e-02,    2.379700e-02,    2.379700e-02,    2.379700e-02,    1.184100e-02,    1.184100e-02,
        35,    1.000000e+02,   -1.216333e-03,    8.117222e-05,    3.106719e-02,   -4.000482e-02,   -3.397244e-02,    4.166445e-02,    6.691086e-04,    6.146893e-04,    1.331680e+00,   -1.797279e+00,    8.322966e+00,   -1.221108e+01,   -7.422893e+00,    9.191171e+00,    6.592431e-01,   -7.058666e-01,    9.360000e-03,   -1.419300e-02,    9.544700e-02,   -1.344600e-01,   -9.139000e-02,    1.127600e-01,    2.836700e-03,   -1.706200e-03,    7.942100e-03,    7.942100e-03,    7.735200e-03,    7.735200e-03,    7.735200e-03,    7.735200e-03,    3.288000e-03,    3.288000e-03,
        35,    1.584800e+02,   -1.208930e-03,    3.365128e-04,    3.936853e-02,   -5.295940e-02,   -4.264098e-02,    5.503763e-02,    5.155505e-04,    4.729077e-04,    1.368797e+00,   -1.684902e+00,    8.264918e+00,   -1.219598e+01,   -6.984219e+00,    9.722045e+00,    8.469365e-01,   -6.611934e-01,    1.251600e-02,   -1.655800e-02,    1.231500e-01,   -1.765900e-01,   -1.134400e-01,    1.535900e-01,    4.547900e-03,   -2.675100e-03,    1.002700e-02,    1.002700e-02,    1.013700e-02,    1.013700e-02,    1.013700e-02,    1.013700e-02,    4.761100e-03,    4.761100e-03,
        35,    2.511800e+02,   -1.345687e-03,    6.713423e-04,    4.956763e-02,   -7.083884e-02,   -5.342191e-02,    7.339994e-02,    4.272083e-04,    3.014561e-04,    1.716677e+00,   -1.385212e+00,    8.457656e+00,   -1.234389e+01,   -6.500263e+00,    1.025782e+01,    6.182944e-01,   -9.269005e-01,    2.222600e-02,   -1.834900e-02,    1.650400e-01,   -2.393700e-01,   -1.421700e-01,    2.134500e-01,    4.405500e-03,   -5.662500e-03,    1.373100e-02,    1.373100e-02,    1.365300e-02,    1.365300e-02,    1.365300e-02,    1.365300e-02,    6.434300e-03,    6.434300e-03,
        35,    3.981000e+02,   -1.697269e-03,    1.013328e-03,    6.220294e-02,   -9.603472e-02,   -6.670435e-02,    9.915530e-02,    4.647280e-04,    1.717834e-04,    1.679521e+00,   -1.080342e+00,    8.664873e+00,   -1.213155e+01,   -6.629393e+00,    1.049971e+01,    3.850306e-01,   -1.290274e+00,    2.582000e-02,   -1.668700e-02,    2.212900e-01,   -3.187700e-01,   -1.884200e-01,    2.919300e-01,    4.511400e-03,   -1.338900e-02,    1.638400e-02,    1.638400e-02,    1.836000e-02,    1.836000e-02,    1.836000e-02,    1.836000e-02,    1.051000e-02,    1.051000e-02,
        35,    6.309500e+02,   -2.295992e-03,    1.372868e-03,    7.793210e-02,   -1.321212e-01,   -8.322806e-02,    1.361966e-01,    5.712006e-04,    8.528924e-05,    1.539647e+00,   -1.475935e+00,    9.080869e+00,   -1.175531e+01,   -7.234829e+00,    1.024957e+01,   -2.396619e-02,   -1.322671e+00,    3.405200e-02,   -3.347100e-02,    3.018300e-01,   -4.219600e-01,   -2.616100e-01,    3.889100e-01,    2.384300e-04,   -1.828000e-02,    2.360800e-02,    2.360800e-02,    2.465600e-02,    2.465600e-02,    2.465600e-02,    2.465600e-02,    1.388500e-02,    1.388500e-02,
        36,    1.000000e+02,   -1.747730e-02,    1.335198e-02,    1.992737e-01,   -2.944440e-01,   -3.637269e-01,    2.698644e-01,    2.450095e-02,   -2.306130e-02,    1.704667e+00,    2.367884e-01,    1.154234e+00,   -1.552408e+00,   -5.883809e+00,    3.581115e+00,    1.043566e+00,   -1.813627e+00,    3.486700e-03,    1.626400e-02,    2.282900e-01,   -3.334700e-01,   -5.116400e-01,    3.598900e-01,    6.699600e-02,   -9.691400e-02,    1.229800e-02,    1.229800e-02,    2.513900e-02,    2.513900e-02,    2.513900e-02,    2.513900e-02,    4.072100e-02,    4.072100e-02,
        36,    1.584800e+02,   -2.250902e-02,    8.971893e-03,    2.732125e-01,   -3.807660e-01,   -4.288305e-01,    3.355468e-01,    3.363389e-02,   -1.490882e-02,    2.178380e+00,   -1.854954e-01,    2.197739e+00,   -1.921227e+00,   -5.187305e+00,    4.255389e+00,    1.588510e+00,   -1.465844e+00,   -1.515100e-03,    7.184200e-03,    3.452500e-01,   -4.437400e-01,   -5.988600e-01,    4.750300e-01,    1.122000e-01,   -8.740800e-02,    9.637400e-03,    9.637400e-03,    3.277800e-02,    3.277800e-02,    3.277800e-02,    3.277800e-02,    4.945900e-02,    4.945900e-02,
        36,    2.511800e+02,   -2.490294e-02,    3.573043e-03,    3.624880e-01,   -4.910157e-01,   -5.013616e-01,    4.245147e-01,    3.920723e-02,   -3.490704e-03,    7.469576e-01,   -1.788518e-01,    1.855936e+00,   -8.069485e-01,   -4.843017e+00,    4.832628e+00,    1.748615e+00,   -9.367855e-01,   -1.396300e-02,    9.535800e-04,    4.362800e-01,   -5.231000e-01,   -6.939200e-01,    6.166600e-01,    1.360700e-01,   -5.538300e-02,    1.464600e-02,    1.464600e-02,    3.976000e-02,    3.976000e-02,    3.976000e-02,    3.976000e-02,    5.539400e-02,    5.539400e-02,
        36,    3.981000e+02,   -2.507081e-02,   -1.784414e-03,    4.731642e-01,   -6.407046e-01,   -5.866979e-01,    5.538533e-01,    3.949742e-02,    1.054087e-02,   -4.485624e-01,   -8.982680e-01,    1.340561e+00,    2.041434e-01,   -4.088686e+00,    5.054372e+00,    1.881744e+00,   -3.554572e-01,   -3.849000e-02,   -2.865700e-02,    5.376800e-01,   -6.308800e-01,   -7.834700e-01,    7.971000e-01,    1.584500e-01,   -1.192900e-02,    2.991600e-02,    2.991600e-02,    4.812600e-02,    4.812600e-02,    4.812600e-02,    4.812600e-02,    6.321400e-02,    6.321400e-02,
        36,    6.309500e+02,   -2.306658e-02,   -7.477814e-03,    6.200223e-01,   -8.451577e-01,   -6.999558e-01,    7.425429e-01,    3.235984e-02,    2.524256e-02,   -1.789815e+00,   -1.091514e+00,    7.139969e-01,   -4.028625e-01,   -3.344883e+00,    5.597236e+00,    2.038045e+00,   -4.504903e-01,   -1.327500e-01,   -7.436800e-02,    6.663900e-01,   -8.713200e-01,   -9.087300e-01,    1.091900e+00,    1.922200e-01,   -1.009300e-02,    6.128200e-02,    6.128200e-02,    6.494100e-02,    6.494100e-02,    6.241600e-02,    6.241600e-02,    7.843800e-02,    7.843800e-02,
        36,    1.000000e+03,   -1.663684e-02,   -1.273464e-02,    8.217193e-01,   -1.115579e+00,   -8.648460e-01,    1.004585e+00,    1.733767e-02,    3.615961e-02,   -1.903193e+00,    1.160362e+00,   -3.436319e-01,   -3.182935e+00,   -2.013297e+00,    7.184450e+00,    2.183213e+00,   -1.435928e+00,   -1.768400e-01,    8.494000e-02,    7.913800e-01,   -1.396600e+00,   -1.042600e+00,    1.638900e+00,    2.643900e-01,   -1.263300e-01,    8.417600e-02,    8.417600e-02,    8.829000e-02,    8.829000e-02,    8.829000e-02,    8.829000e-02,    1.131600e-01,    1.131600e-01,
        37,    1.584800e+02,    1.019940e-02,   -2.559576e-03,    1.125387e-01,   -1.426033e-01,   -1.270010e-01,    1.434766e-01,   -7.171972e-03,    1.099474e-03,    1.691557e+00,   -5.281515e-01,    8.647786e+00,   -1.226939e+01,   -1.009920e+01,    1.024973e+01,    3.646055e-01,   -2.092821e+00,    6.655700e-02,   -2.015600e-02,    4.166900e-01,   -5.741300e-01,   -4.822000e-01,    5.039700e-01,    4.637600e-03,   -6.668700e-02,    3.331700e-02,    3.331700e-02,    3.517100e-02,    3.517100e-02,    3.517100e-02,    3.517100e-02,    3.239000e-02,    3.239000e-02,
        38,    1.000000e+02,    5.452820e-04,    2.753768e-03,    5.457154e-02,   -5.620234e-02,   -4.730793e-02,    7.319958e-02,    2.466545e-03,   -1.123919e-03,   -9.597127e-01,   -3.845696e+00,    3.717130e+00,   -3.460093e+00,   -5.025043e+00,    9.497319e+00,   -7.951294e-01,   -1.217560e+00,   -8.321600e-03,   -3.277700e-02,    7.937000e-02,   -7.928600e-02,   -8.083200e-02,    1.365600e-01,   -1.702000e-03,   -7.507100e-03,    9.239100e-03,    9.239100e-03,    6.671400e-03,    6.671400e-03,    6.671400e-03,    6.671400e-03,    5.242600e-03,    5.242600e-03,
        38,    1.584800e+02,   -1.445386e-03,    3.755623e-03,    6.599734e-02,   -7.805269e-02,   -6.466938e-02,    9.903970e-02,    3.326988e-03,   -2.459014e-03,    7.847063e-01,   -2.815142e+00,    1.982517e+00,   -5.922898e+00,   -3.513846e+00,    8.260684e+00,   -5.172435e-01,   -2.285262e-01,    5.210100e-03,   -2.012100e-02,    8.318100e-02,   -1.293900e-01,   -9.512600e-02,    1.706400e-01,    1.269600e-03,   -3.368000e-03,    8.481500e-03,    8.481500e-03,    8.667600e-03,    8.667600e-03,    8.667600e-03,    8.667600e-03,    3.977600e-03,    3.977600e-03,
        38,    2.511800e+02,   -2.723778e-03,    3.993763e-03,    8.250791e-02,   -1.067483e-01,   -8.710585e-02,    1.311807e-01,    4.749104e-03,   -3.156120e-03,    1.553698e+00,   -1.696287e+00,    8.681019e-01,   -8.309770e+00,   -2.538385e+00,    8.084627e+00,    4.242561e-02,   -5.492805e-01,    1.136500e-02,   -1.138800e-02,    9.300500e-02,   -2.072300e-01,   -1.178000e-01,    2.289400e-01,    5.049800e-03,   -7.049200e-03,    9.067900e-03,    9.067900e-03,    1.209200e-02,    1.209200e-02,    1.209200e-02,    1.209200e-02,    7.087600e-03,    7.087600e-03,
        38,    3.981000e+02,   -3.892125e-03,    4.740921e-03,    1.040383e-01,   -1.446530e-01,   -1.143360e-01,    1.740917e-01,    6.378653e-03,   -3.349112e-03,    1.073594e+00,   -1.694575e+00,    1.076108e+00,   -9.751254e+00,   -3.013637e+00,    8.228224e+00,    1.453142e-01,   -7.018242e-02,    7.978600e-03,   -1.399600e-02,    1.227400e-01,   -3.141200e-01,   -1.667100e-01,    3.170900e-01,    7.584500e-03,   -3.931500e-03,    1.105700e-02,    1.105700e-02,    1.737900e-02,    1.737900e-02,    1.737900e-02,    1.737900e-02,    8.298200e-03,    8.298200e-03,
        38,    6.309500e+02,   -5.722991e-03,    5.603500e-03,    1.311686e-01,   -1.967686e-01,   -1.485173e-01,    2.335444e-01,    8.379264e-03,   -2.901736e-03,   -1.254263e+00,   -4.548427e-01,    2.554830e+00,   -8.969979e+00,   -3.346509e+00,    8.823963e+00,   -1.749322e+00,    3.329572e-01,   -2.624900e-02,   -1.840000e-03,    1.918100e-01,   -4.096800e-01,   -2.279500e-01,    4.429900e-01,   -6.166700e-03,   -1.331300e-04,    1.636500e-02,    1.636500e-02,    2.373600e-02,    2.373600e-02,    2.373600e-02,    2.373600e-02,    8.315200e-03,    8.315200e-03,
        38,    1.000000e+03,   -8.273733e-03,    6.085982e-03,    1.658281e-01,   -2.700738e-01,   -1.918954e-01,    3.165631e-01,    1.051769e-02,   -9.127721e-04,   -1.117423e+00,   -2.992326e-01,    3.785368e+00,   -9.247648e+00,   -3.882197e+00,    8.870802e+00,   -1.450833e+00,    5.944418e-01,   -3.273300e-02,   -4.639200e-04,    2.929900e-01,   -5.807300e-01,   -3.223100e-01,    6.145600e-01,   -7.839700e-03,    6.608700e-03,    2.188900e-02,    2.188900e-02,    3.359300e-02,    3.359300e-02,    3.359300e-02,    3.359300e-02,    1.265300e-02,    1.265300e-02,
        39,    1.000000e+02,    4.061462e-03,   -8.939546e-03,    7.509585e-02,   -6.775806e-02,   -6.643258e-02,    6.086248e-02,   -2.392633e-03,    2.485142e-03,   -6.016620e-01,   -1.486593e+00,    4.300463e+00,   -5.347640e+00,   -5.228798e+00,    4.552074e+00,   -8.752125e-01,    1.309673e+00,   -1.101400e-03,   -2.169600e-02,    1.063800e-01,   -1.066600e-01,   -1.044700e-01,    9.397700e-02,   -8.178400e-03,    1.114300e-02,    8.581000e-03,    8.581000e-03,    7.274600e-03,    7.274600e-03,    7.274600e-03,    7.274600e-03,    6.610700e-03,    6.610700e-03,
        39,    1.584800e+02,    6.709464e-03,   -6.710319e-03,    8.932767e-02,   -8.638381e-02,   -7.919901e-02,    8.041309e-02,   -3.619029e-03,    1.437466e-03,    2.926686e-01,   -1.576808e+00,    4.841829e+00,   -5.758901e+00,   -4.979018e+00,    4.505533e+00,   -1.213423e+00,    1.038397e+00,    9.769900e-03,   -2.319900e-02,    1.337500e-01,   -1.392200e-01,   -1.248800e-01,    1.217500e-01,   -1.342300e-02,    9.827300e-03,    1.045700e-02,    1.045700e-02,    9.174700e-03,    9.174700e-03,    9.174700e-03,    9.174700e-03,    8.079600e-03,    8.079600e-03,
        39,    2.511800e+02,    6.571516e-03,   -4.984785e-03,    1.064380e-01,   -1.139733e-01,   -9.666395e-02,    1.076809e-01,   -4.522938e-03,   -3.683670e-04,    1.046681e+00,   -1.173362e+00,    5.680544e+00,   -5.516468e+00,   -5.019589e+00,    4.420443e+00,   -1.336549e+00,    6.561697e-01,    1.963200e-02,   -1.962600e-02,    1.734400e-01,   -1.790400e-01,   -1.558700e-01,    1.598200e-01,   -1.734900e-02,    5.928500e-03,    1.247800e-02,    1.247800e-02,    1.179500e-02,    1.179500e-02,    1.179500e-02,    1.179500e-02,    9.596400e-03,    9.596400e-03,
        39,    3.981000e+02,    4.898522e-03,   -6.453576e-03,    1.312828e-01,   -1.535229e-01,   -1.208662e-01,    1.436215e-01,   -4.536167e-03,   -2.585805e-03,    1.441625e+00,   -4.340085e-01,    5.971362e+00,   -4.550259e+00,   -5.129754e+00,    4.117588e+00,   -1.279632e+00,    3.342255e-01,    2.516200e-02,   -1.255400e-02,    2.202800e-01,   -2.213400e-01,   -1.973200e-01,    2.049900e-01,   -1.845600e-02,    1.049900e-03,    1.405600e-02,    1.405600e-02,    1.490400e-02,    1.490400e-02,    1.490400e-02,    1.490400e-02,    1.087800e-02,    1.087800e-02,
        39,    6.309500e+02,    4.697357e-03,   -1.144569e-02,    1.662273e-01,   -2.041821e-01,   -1.520510e-01,    1.906472e-01,   -4.385645e-03,   -4.688165e-03,    1.433932e+00,    5.076014e-01,    5.605341e+00,   -4.017144e+00,   -5.373500e+00,    3.631868e+00,   -1.071389e+00,   -3.076010e-01,    2.676700e-02,   -3.633200e-03,    2.714900e-01,   -2.796200e-01,   -2.529600e-01,    2.588500e-01,   -1.806300e-02,   -8.615000e-03,    1.539100e-02,    1.539100e-02,    1.877900e-02,    1.877900e-02,    1.877900e-02,    1.877900e-02,    1.276600e-02,    1.276600e-02,
        39,    1.000000e+03,    6.971353e-03,   -1.828800e-02,    2.095991e-01,   -2.705810e-01,   -1.914906e-01,    2.544380e-01,   -4.958066e-03,   -7.822268e-03,    1.277051e+00,    1.211505e+00,    5.696355e+00,   -3.548614e+00,   -4.812159e+00,    3.800692e+00,   -5.509891e-01,   -6.469557e-01,    3.073600e-02,    4.256900e-03,    3.459300e-01,   -3.555100e-01,   -3.066600e-01,    3.454000e-01,   -1.330500e-02,   -1.762300e-02,    1.860900e-02,    1.860900e-02,    2.393300e-02,    2.393300e-02,    2.393300e-02,    2.393300e-02,    1.514900e-02,    1.514900e-02,
        41,    1.000000e+02,    4.848959e-02,   -2.766275e-03,    2.551486e-01,   -3.464830e-01,   -2.761521e-01,    3.416894e-01,   -4.192967e-02,   -1.360555e-03,   -2.186038e+00,   -1.537050e+00,   -2.423798e+01,    3.231164e+01,    2.605477e+01,   -3.199359e+01,    1.324363e+00,    1.230846e+00,    2.638000e-02,   -1.831200e-02,    8.188100e-02,   -1.155000e-01,   -8.989700e-02,    1.129800e-01,   -2.870100e-02,    1.093400e-02,    1.011400e-02,    1.011400e-02,    7.148600e-03,    7.148600e-03,    7.148600e-03,    7.148600e-03,    9.988700e-03,    9.988700e-03,
        41,    1.584800e+02,    5.082308e-02,   -1.399168e-02,    3.204558e-01,   -4.842708e-01,   -3.526116e-01,    4.839980e-01,   -3.901435e-02,    8.506087e-03,   -1.272792e+00,   -1.057253e+00,   -2.208798e+01,    3.326525e+01,    2.480852e+01,   -3.299780e+01,    5.719992e-01,    3.851549e-01,    3.329800e-02,   -2.854900e-02,    1.055000e-01,   -1.605400e-01,   -1.111800e-01,    1.628700e-01,   -3.192900e-02,    1.327700e-02,    1.376900e-02,    1.376900e-02,    9.731800e-03,    9.731800e-03,    9.731800e-03,    9.731800e-03,    1.238700e-02,    1.238700e-02,
        41,    2.511800e+02,    5.985706e-02,   -2.267023e-02,    4.265859e-01,   -6.750105e-01,   -4.735325e-01,    6.623019e-01,   -4.388477e-02,    1.995519e-02,   -7.376657e-01,   -7.334292e-01,   -2.191208e+01,    3.465309e+01,    2.479976e+01,   -3.321378e+01,    5.313287e-01,   -2.566130e-01,    4.622500e-02,   -3.622400e-02,    1.379600e-01,   -2.185600e-01,   -1.468700e-01,    2.248100e-01,   -3.571400e-02,    1.600900e-02,    1.848000e-02,    1.848000e-02,    1.317200e-02,    1.317200e-02,    1.317200e-02,    1.317200e-02,    1.537800e-02,    1.537800e-02,
        41,    3.981000e+02,    7.116181e-02,   -2.601125e-02,    5.876913e-01,   -9.208906e-01,   -6.378817e-01,    8.782318e-01,   -5.344335e-02,    2.734883e-02,   -4.080434e-01,   -6.463343e-01,   -2.275665e+01,    3.549339e+01,    2.497211e+01,   -3.254576e+01,    7.262858e-01,   -4.450646e-01,    6.135000e-02,   -4.155300e-02,    1.852400e-01,   -2.931900e-01,   -1.962500e-01,    3.026600e-01,   -3.971800e-02,    1.893800e-02,    2.404600e-02,    2.404600e-02,    1.768500e-02,    1.768500e-02,    1.768500e-02,    1.768500e-02,    1.889800e-02,    1.889800e-02,
        41,    6.309500e+02,    8.177815e-02,   -2.700579e-02,    8.132595e-01,   -1.233023e+00,   -8.476258e-01,    1.155521e+00,   -6.248288e-02,    3.316207e-02,   -2.416907e-02,   -5.987968e-01,   -2.303576e+01,    3.465409e+01,    2.371110e+01,   -3.069661e+01,    7.279480e-01,   -4.315184e-01,    8.101900e-02,   -4.581400e-02,    2.563700e-01,   -3.952600e-01,   -2.744100e-01,    4.134300e-01,   -4.517300e-02,    2.290100e-02,    3.141000e-02,    3.141000e-02,    2.417500e-02,    2.417500e-02,    2.417500e-02,    2.417500e-02,    2.377900e-02,    2.377900e-02,
        42,    1.000000e+02,   -8.019175e-03,   -1.236355e-02,    1.080060e-01,   -9.808935e-02,   -9.481392e-02,    9.000581e-02,    5.867796e-03,    1.138314e-02,    1.299535e+00,   -1.724393e+00,   -1.462740e-01,   -5.608356e-01,   -1.696280e+00,    2.761984e+00,   -9.916302e-01,    1.561084e+00,    4.972800e-03,   -2.960300e-02,    1.069000e-01,   -1.023300e-01,   -1.076400e-01,    1.108900e-01,   -3.682000e-03,    2.641700e-02,    9.997400e-03,    9.997400e-03,    7.561300e-03,    7.561300e-03,    7.561300e-03,    7.561300e-03,    9.630400e-03,    9.630400e-03,
        42,    1.584800e+02,   -2.897401e-03,   -1.122203e-02,    1.309589e-01,   -1.284518e-01,   -1.147819e-01,    1.181239e-01,   -5.570240e-05,    1.001342e-02,    1.545788e+00,   -1.804182e+00,    2.352090e-01,   -4.194821e-01,   -2.294072e+00,    2.868203e+00,   -1.306318e+00,    1.570486e+00,    1.668000e-02,   -3.407200e-02,    1.332400e-01,   -1.325200e-01,   -1.370300e-01,    1.459400e-01,   -1.607900e-02,    2.927700e-02,    1.266500e-02,    1.266500e-02,    9.698100e-03,    9.698100e-03,    9.698100e-03,    9.698100e-03,    1.226600e-02,    1.226600e-02,
        42,    2.511800e+02,    6.296336e-04,   -8.669683e-03,    1.637972e-01,   -1.659773e-01,   -1.416307e-01,    1.558195e-01,   -2.817301e-03,    7.120242e-03,    1.737260e+00,   -1.744938e+00,    2.944123e-01,   -9.341953e-02,   -2.894022e+00,    2.494574e+00,   -1.578180e+00,    1.401631e+00,    2.754500e-02,   -3.570400e-02,    1.674300e-01,   -1.671300e-01,   -1.773400e-01,    1.866000e-01,   -2.638900e-02,    2.805500e-02,    1.549300e-02,    1.549300e-02,    1.233900e-02,    1.233900e-02,    1.233900e-02,    1.233900e-02,    1.493600e-02,    1.493600e-02,
        42,    3.981000e+02,    2.565109e-03,   -6.752729e-03,    2.026361e-01,   -2.107556e-01,   -1.762538e-01,    2.045283e-01,   -4.159903e-03,    5.772061e-03,    1.857597e+00,   -1.646625e+00,    3.087515e-01,    2.965703e-01,   -3.504479e+00,    1.774784e+00,   -1.645216e+00,    1.157939e+00,    3.717400e-02,   -3.743100e-02,    2.074100e-01,   -2.061700e-01,   -2.304400e-01,    2.319700e-01,   -3.317000e-02,    2.619000e-02,    1.863100e-02,    1.863100e-02,    1.546200e-02,    1.546200e-02,    1.546200e-02,    1.546200e-02,    1.763300e-02,    1.763300e-02,
        42,    6.309500e+02,    4.743310e-03,   -5.246332e-03,    2.459939e-01,   -2.724884e-01,   -2.182547e-01,    2.699719e-01,   -6.210765e-03,    4.731132e-03,    1.916389e+00,   -1.522875e+00,    1.380855e-01,    9.658686e-01,   -4.064711e+00,    7.343162e-01,   -1.489577e+00,    1.020961e+00,    4.710700e-02,   -3.891100e-02,    2.486300e-01,   -2.540500e-01,   -2.958500e-01,    2.839900e-01,   -3.633300e-02,    2.537700e-02,    2.210600e-02,    2.210600e-02,    1.909000e-02,    1.909000e-02,    1.909000e-02,    1.909000e-02,    2.022200e-02,    2.022200e-02,
        42,    1.000000e+03,    6.670755e-03,   -3.175391e-03,    2.994272e-01,   -3.609107e-01,   -2.700278e-01,    3.612796e-01,   -8.320288e-03,    2.960768e-03,    1.995354e+00,   -1.333969e+00,    1.569937e-01,    1.634242e+00,   -4.097535e+00,   -8.923387e-01,   -1.263021e+00,    9.395789e-01,    5.981900e-02,   -3.870700e-02,    3.031200e-01,   -3.224700e-01,   -3.664100e-01,    3.402900e-01,   -3.618000e-02,    2.368600e-02,    2.663600e-02,    2.663600e-02,    2.352200e-02,    2.352200e-02,    2.352200e-02,    2.352200e-02,    2.205800e-02,    2.205800e-02,
        43,    2.511800e+02,    1.626876e-02,   -1.699970e-02,    2.600275e-01,   -3.130822e-01,   -3.013609e-01,    3.632012e-01,   -9.026981e-04,    7.674242e-03,   -1.415582e+00,    3.349365e+00,   -5.736514e+00,    6.070546e+00,    5.740653e+00,   -6.809116e+00,    1.450517e+00,   -2.487725e+00,   -1.570400e-03,    2.520900e-02,    1.721900e-01,   -2.201300e-01,   -2.134600e-01,    2.589400e-01,    2.660200e-02,   -3.949800e-02,    1.260200e-02,    1.260200e-02,    1.531200e-02,    1.531200e-02,    1.531200e-02,    1.531200e-02,    1.896200e-02,    1.896200e-02,
        43,    3.981000e+02,    2.078060e-02,   -2.543172e-02,    3.349689e-01,   -4.177622e-01,   -3.943629e-01,    4.679819e-01,   -3.499929e-03,    1.158441e-02,   -2.125610e+00,    3.354591e+00,   -5.917815e+00,    5.706927e+00,    6.011593e+00,   -6.544144e+00,    1.618017e+00,   -2.732460e+00,   -9.256400e-03,    2.197200e-02,    2.160800e-01,   -3.031100e-01,   -2.735900e-01,    3.365100e-01,    3.972700e-02,   -6.141600e-02,    1.413100e-02,    1.413100e-02,    2.009000e-02,    2.009000e-02,    2.009000e-02,    2.009000e-02,    2.671600e-02,    2.671600e-02,
        43,    6.309500e+02,    3.122912e-02,   -3.459497e-02,    4.396684e-01,   -5.507774e-01,   -5.140050e-01,    5.979139e-01,   -9.804696e-03,    1.485495e-02,   -2.763370e+00,    3.195517e+00,   -4.893518e+00,    5.124866e+00,    5.825237e+00,   -5.919011e+00,    2.128626e+00,   -2.633218e+00,   -1.514300e-02,    1.902900e-02,    3.077000e-01,   -4.125700e-01,   -3.569100e-01,    4.382900e-01,    6.889700e-02,   -8.250300e-02,    1.678100e-02,    1.678100e-02,    2.696800e-02,    2.696800e-02,    2.696800e-02,    2.696800e-02,    3.697300e-02,    3.697300e-02,
        44,    1.000000e+02,    6.588245e-03,   -3.409992e-03,    2.049789e-01,   -2.186333e-01,   -2.059904e-01,    2.211781e-01,   -5.262659e-03,    3.602701e-03,   -3.891443e-01,   -5.922191e-02,   -6.061968e+00,    6.710816e+00,    6.981358e+00,   -7.766932e+00,    1.175986e-01,   -1.108878e-01,    4.546600e-03,   -3.720700e-03,    1.436500e-01,   -1.507400e-01,   -1.353600e-01,    1.426000e-01,   -4.678100e-03,    3.051500e-03,    5.246500e-03,    5.246500e-03,    1.011700e-02,    1.011700e-02,    1.011700e-02,    1.011700e-02,    4.970800e-03,    4.970800e-03,
        44,    1.584800e+02,    6.158712e-03,   -4.875504e-04,    2.632790e-01,   -2.750482e-01,   -2.671864e-01,    2.798634e-01,   -6.109025e-03,   -3.391566e-05,   -1.624764e-01,   -4.332523e-02,   -5.859676e+00,    6.472902e+00,    7.196361e+00,   -7.609609e+00,    2.819367e-01,    3.463000e-01,    5.241500e-03,   -7.321300e-04,    1.873200e-01,   -1.911400e-01,   -1.739000e-01,    1.812200e-01,   -4.617100e-03,    1.798600e-03,    5.645200e-03,    5.645200e-03,    1.296300e-02,    1.296300e-02,    1.296300e-02,    1.296300e-02,    5.291700e-03,    5.291700e-03,
        44,    2.511800e+02,    5.058512e-03,    1.453458e-03,    3.336056e-01,   -3.440455e-01,   -3.413514e-01,    3.492250e-01,   -4.246335e-03,   -2.837809e-03,    5.338746e-02,    2.070156e-01,   -5.596676e+00,    6.503540e+00,    7.590928e+00,   -7.274809e+00,    1.524720e-01,    6.291560e-01,    5.423800e-03,    2.869900e-03,    2.419600e-01,   -2.375500e-01,   -2.170500e-01,    2.301000e-01,   -3.485500e-03,    3.016800e-04,    6.842200e-03,    6.842200e-03,    1.637500e-02,    1.637500e-02,    1.637500e-02,    1.637500e-02,    4.990000e-03,    4.990000e-03,
        44,    3.981000e+02,    3.810980e-03,    2.383760e-03,    4.173153e-01,   -4.324650e-01,   -4.288232e-01,    4.350292e-01,   -1.591730e-03,   -3.298637e-03,    3.201356e-01,    4.726081e-01,   -4.999530e+00,    6.847979e+00,    7.604126e+00,   -6.945980e+00,    1.881094e-01,    1.054032e+00,    6.927500e-03,    6.984600e-03,    3.140500e-01,   -2.910200e-01,   -2.717600e-01,    2.915600e-01,   -1.021100e-03,   -1.012300e-04,    9.735000e-03,    9.735000e-03,    2.065500e-02,    2.065500e-02,    2.065500e-02,    2.065500e-02,    3.033500e-03,    3.033500e-03,
        44,    6.309500e+02,    3.071000e-03,    3.115240e-03,    5.183686e-01,   -5.501702e-01,   -5.307355e-01,    5.473820e-01,    1.001155e-04,   -2.445099e-03,    4.654772e-01,    8.146149e-01,   -4.730549e+00,    8.149362e+00,    7.686125e+00,   -7.184476e+00,    4.034775e-01,    6.766721e-01,    9.840900e-03,    1.496300e-02,    3.978200e-01,   -3.425000e-01,   -3.348700e-01,    3.643000e-01,    2.223900e-03,    1.116700e-03,    1.454400e-02,    1.454400e-02,    2.548300e-02,    2.548300e-02,    2.548300e-02,    2.548300e-02,    5.263700e-03,    5.263700e-03,
        45,    1.000000e+02,   -1.195397e-02,    5.321686e-03,    1.275078e-01,   -1.511129e-01,   -1.437335e-01,    1.488176e-01,    1.216591e-02,   -3.469403e-03,    1.520653e-01,   -5.106069e-01,   -5.092207e-01,    1.183457e-01,    1.035816e+00,   -1.056954e+00,   -1.222841e-01,   -1.158993e+00,   -1.089900e-02,    1.779300e-03,    1.225900e-01,   -1.499700e-01,   -1.337300e-01,    1.386100e-01,    1.110000e-02,   -1.357200e-02,    6.937600e-03,    6.937600e-03,    9.657600e-03,    9.657600e-03,    9.657600e-03,    9.657600e-03,    8.716700e-03,    8.716700e-03,
        45,    1.584800e+02,   -1.325256e-02,    4.039726e-03,    1.676715e-01,   -1.879348e-01,   -1.807556e-01,    1.832005e-01,    1.332566e-02,   -8.048837e-04,    3.442340e-01,   -4.031714e-01,   -2.681072e-01,    1.393185e-01,    1.209665e+00,   -1.009495e+00,    2.309973e-01,   -1.363506e+00,   -1.059800e-02,    9.306700e-04,    1.644100e-01,   -1.862400e-01,   -1.660400e-01,    1.709200e-01,    1.585300e-02,   -1.572300e-02,    7.711500e-03,    7.711500e-03,    1.216500e-02,    1.216500e-02,    1.216500e-02,    1.216500e-02,    1.094100e-02,    1.094100e-02,
        45,    2.511800e+02,   -1.308088e-02,    3.042811e-03,    2.153820e-01,   -2.334005e-01,   -2.241847e-01,    2.293020e-01,    1.293137e-02,    1.906088e-03,    3.472795e-01,   -2.044516e-01,   -3.536436e-01,    4.910975e-01,    1.490114e+00,   -1.063324e+00,    5.949404e-01,   -1.461374e+00,   -1.015300e-02,    1.319100e-03,    2.100600e-01,   -2.260100e-01,   -2.017600e-01,    2.133000e-01,    2.094700e-02,   -1.778300e-02,    8.430900e-03,    8.430900e-03,    1.504900e-02,    1.504900e-02,    1.504900e-02,    1.504900e-02,    1.347300e-02,    1.347300e-02,
        45,    3.981000e+02,   -1.152423e-02,    3.646114e-03,    2.715452e-01,   -2.920245e-01,   -2.774535e-01,    2.918307e-01,    1.150872e-02,    3.833146e-03,    2.679028e-01,    7.131802e-02,   -3.440861e-01,    7.084217e-01,    1.461374e+00,   -7.003102e-01,    8.936544e-01,   -1.381993e+00,   -9.031500e-03,    4.309700e-03,    2.650200e-01,   -2.785900e-01,   -2.497400e-01,    2.785500e-01,    2.627100e-02,   -1.899600e-02,    9.304600e-03,    9.304600e-03,    1.896400e-02,    1.896400e-02,    1.896400e-02,    1.896400e-02,    1.651900e-02,    1.651900e-02,
        45,    6.309500e+02,   -9.455533e-03,    6.861855e-03,    3.381566e-01,   -3.703478e-01,   -3.446128e-01,    3.758529e-01,    1.014648e-02,    4.864327e-03,    5.227417e-02,   -5.529619e-01,   -2.862182e-01,    1.186925e+00,    1.045633e+00,   -9.520036e-01,    9.837458e-01,   -1.358329e+00,   -8.940700e-03,    1.415900e-03,    3.313400e-01,   -3.420800e-01,   -3.197100e-01,    3.531800e-01,    2.978500e-02,   -2.225200e-02,    9.848700e-03,    9.848700e-03,    2.381600e-02,    2.381600e-02,    2.381600e-02,    2.381600e-02,    1.996300e-02,    1.996300e-02,
        45,    1.000000e+03,   -7.396405e-03,    1.307882e-02,    4.187851e-01,   -4.773392e-01,   -4.300973e-01,    4.879701e-01,    9.793506e-03,    5.953563e-03,   -4.212702e-01,   -7.541045e-01,   -1.447933e-01,    1.686893e+00,    1.213461e+00,   -1.190456e+00,    1.180602e+00,   -8.612063e-01,   -1.303300e-02,    2.988900e-03,    4.144600e-01,   -4.269500e-01,   -3.938500e-01,    4.524100e-01,    3.710200e-02,   -1.396700e-02,    1.338000e-02,    1.338000e-02,    2.987100e-02,    2.987100e-02,    2.987100e-02,    2.987100e-02,    2.313100e-02,    2.313100e-02,
        46,    1.000000e+02,   -2.044088e-02,   -8.446190e-03,    1.698860e-01,   -1.495153e-01,   -1.509305e-01,    1.541632e-01,    1.225159e-02,    8.200891e-03,   -1.730740e+00,    1.324812e+00,   -6.877682e+00,    3.692619e+00,    4.233543e+00,   -5.678347e+00,    7.570417e-01,   -2.509363e+00,   -4.237800e-02,    8.345800e-03,    1.141300e-01,   -1.195800e-01,   -1.166100e-01,    1.081300e-01,    1.937800e-02,   -1.542100e-02,    1.267500e-02,    1.267500e-02,    8.106800e-03,    8.106800e-03,    8.106800e-03,    8.106800e-03,    9.413500e-03,    9.413500e-03,
        46,    1.584800e+02,   -1.943831e-02,   -4.540248e-03,    2.112006e-01,   -1.932487e-01,   -1.949395e-01,    2.025282e-01,    9.002052e-03,    7.177569e-03,   -1.659181e+00,    1.251040e+00,   -6.201017e+00,    4.952981e+00,    3.505213e+00,   -5.523276e+00,    1.449899e+00,   -1.392816e+00,   -4.337200e-02,    1.350600e-02,    1.464000e-01,   -1.414900e-01,   -1.583100e-01,    1.448100e-01,    2.555700e-02,   -8.725600e-03,    1.442500e-02,    1.442500e-02,    1.045000e-02,    1.045000e-02,    1.045000e-02,    1.045000e-02,    1.141800e-02,    1.141800e-02,
        46,    2.511800e+02,   -2.239993e-02,   -3.142324e-03,    2.660852e-01,   -2.417612e-01,   -2.547851e-01,    2.560119e-01,    8.760270e-03,    6.222584e-03,   -1.311379e+00,    1.323298e+00,   -6.995921e+00,    6.201896e+00,    5.240609e+00,   -6.875956e+00,    1.575968e+00,   -1.075242e+00,   -4.344100e-02,    1.809000e-02,    1.790000e-01,   -1.645600e-01,   -1.895500e-01,    1.704200e-01,    2.969700e-02,   -8.062000e-03,    1.604500e-02,    1.604500e-02,    1.244800e-02,    1.244800e-02,    1.244800e-02,    1.244800e-02,    1.328500e-02,    1.328500e-02,
        46,    3.981000e+02,   -2.608605e-02,   -7.098709e-03,    3.306025e-01,   -2.974894e-01,   -3.282203e-01,    3.142333e-01,    9.888668e-03,    8.398822e-03,   -1.003091e+00,    1.679244e+00,   -7.030747e+00,    6.570826e+00,    6.354508e+00,   -7.128794e+00,    1.626308e+00,   -1.091468e+00,   -4.456600e-02,    2.383800e-02,    2.237000e-01,   -1.975800e-01,   -2.316000e-01,    2.058400e-01,    3.609500e-02,   -9.189100e-03,    1.842300e-02,    1.842300e-02,    1.520500e-02,    1.520500e-02,    1.520500e-02,    1.520500e-02,    1.611400e-02,    1.611400e-02,
        46,    6.309500e+02,   -2.766205e-02,   -1.494058e-02,    4.054670e-01,   -3.686646e-01,   -4.130338e-01,    3.824873e-01,    1.001034e-02,    1.369354e-02,   -9.197472e-01,    2.116189e+00,   -6.120397e+00,    6.385683e+00,    6.349660e+00,   -6.560499e+00,    1.757100e+00,   -1.293313e+00,   -4.807400e-02,    3.202400e-02,    2.880900e-01,   -2.462000e-01,   -2.912600e-01,    2.566700e-01,    4.581300e-02,   -1.265900e-02,    2.219300e-02,    2.219300e-02,    1.917800e-02,    1.917800e-02,    1.917800e-02,    1.917800e-02,    2.037600e-02,    2.037600e-02,
        46,    1.000000e+03,   -2.849880e-02,   -2.606113e-02,    4.972274e-01,   -4.632943e-01,   -5.129116e-01,    4.696521e-01,    8.859229e-03,    2.168141e-02,   -1.023082e+00,    2.455832e+00,   -4.945982e+00,    6.048106e+00,    5.795730e+00,   -5.871020e+00,    1.927994e+00,   -1.623702e+00,   -5.723000e-02,    4.290600e-02,    3.756700e-01,   -3.146500e-01,   -3.704700e-01,    3.253600e-01,    6.022100e-02,   -2.157400e-02,    2.808300e-02,    2.808300e-02,    2.457700e-02,    2.457700e-02,    2.457700e-02,    2.457700e-02,    2.664000e-02,    2.664000e-02,
        47,    1.000000e+02,    2.428851e-02,    3.770997e-02,    3.277792e-01,   -2.675982e-01,   -2.800640e-01,    1.644402e-01,   -5.242102e-02,   -3.200355e-02,   -3.041212e+00,    3.238593e-01,   -1.151001e+01,    9.351615e+00,    1.128677e+01,   -6.156141e+00,    4.616426e+00,   -3.784496e-01,   -2.888100e-02,    4.337200e-02,    2.017100e-01,   -1.651700e-01,   -1.564400e-01,    9.701200e-02,    4.721100e-03,   -3.668800e-02,    1.748300e-02,    1.748300e-02,    1.095300e-02,    1.095300e-02,    1.095300e-02,    1.095300e-02,    1.237800e-02,    1.237800e-02,
        47,    1.584800e+02,    9.345474e-03,    4.285593e-02,    4.098813e-01,   -3.116146e-01,   -3.166794e-01,    2.032040e-01,   -3.630934e-02,   -4.236605e-02,   -2.485169e+00,   -8.019195e-03,   -1.234381e+01,    9.438890e+00,    1.081769e+01,   -6.947579e+00,    3.736325e+00,   -1.292833e-01,   -4.176700e-02,    4.269100e-02,    2.509300e-01,   -1.900700e-01,   -1.773800e-01,    1.137400e-01,    2.056500e-02,   -4.433400e-02,    2.056700e-02,    2.056700e-02,    1.287700e-02,    1.287700e-02,    1.287700e-02,    1.287700e-02,    1.522200e-02,    1.522200e-02,
        47,    2.511800e+02,   -6.756808e-03,    4.509404e-02,    4.985056e-01,   -3.551668e-01,   -3.607459e-01,    2.583141e-01,   -1.735632e-02,   -4.752930e-02,   -1.929415e+00,   -1.412299e-01,   -1.259475e+01,    8.637725e+00,    1.026249e+01,   -7.478259e+00,    2.942058e+00,   -2.541037e-01,   -5.294700e-02,    4.171300e-02,    3.053400e-01,   -2.226900e-01,   -2.033500e-01,    1.436200e-01,    3.888700e-02,   -5.238700e-02,    2.394000e-02,    2.394000e-02,    1.533700e-02,    1.533700e-02,    1.533700e-02,    1.533700e-02,    1.911700e-02,    1.911700e-02,
        47,    3.981000e+02,   -2.334965e-02,    4.461218e-02,    5.869738e-01,   -4.082654e-01,   -4.156719e-01,    3.354924e-01,    3.082058e-03,   -4.722441e-02,   -1.488463e+00,   -1.434261e-02,   -1.137413e+01,    7.954691e+00,    9.265124e+00,   -8.143905e+00,    2.496189e+00,   -5.954777e-01,   -6.581400e-02,    4.420300e-02,    3.749600e-01,   -2.599900e-01,   -2.429700e-01,    1.836900e-01,    6.502000e-02,   -6.200000e-02,    2.852900e-02,    2.852900e-02,    1.864000e-02,    1.864000e-02,    1.864000e-02,    1.864000e-02,    2.481300e-02,    2.481300e-02,
        47,    6.309500e+02,   -3.994430e-02,    4.083548e-02,    6.757348e-01,   -4.867893e-01,   -4.861991e-01,    4.433344e-01,    2.258718e-02,   -4.010374e-02,   -1.259721e+00,    2.628354e-01,   -8.716679e+00,    7.990778e+00,    6.968677e+00,   -8.265911e+00,    2.269609e+00,   -9.885558e-01,   -8.396400e-02,    5.002000e-02,    4.690100e-01,   -2.972800e-01,   -3.209300e-01,    2.473000e-01,    9.849200e-02,   -7.316500e-02,    3.494400e-02,    3.494400e-02,    2.371600e-02,    2.371600e-02,    2.371600e-02,    2.371600e-02,    3.344400e-02,    3.344400e-02,
        47,    1.000000e+03,   -5.480645e-02,    3.239597e-02,    7.714603e-01,   -6.084085e-01,   -5.807315e-01,    5.929206e-01,    3.664415e-02,   -2.623067e-02,   -1.204734e+00,    5.862858e-01,   -7.393424e+00,    9.249709e+00,    6.267415e+00,   -8.945144e+00,    2.251130e+00,   -9.250726e-01,   -1.052800e-01,    5.695900e-02,    5.564300e-01,   -3.393900e-01,   -3.984500e-01,    3.327600e-01,    1.289900e-01,   -6.417900e-02,    4.189600e-02,    4.189600e-02,    2.908400e-02,    2.908400e-02,    2.908400e-02,    2.908400e-02,    4.102200e-02,    4.102200e-02,
        48,    1.000000e+02,    5.132698e-03,   -5.057513e-03,    1.127495e-01,   -1.128019e-01,   -1.245079e-01,    1.170322e-01,   -5.862783e-03,    3.814547e-03,   -1.894643e-01,    3.493656e-01,    1.363760e+00,   -1.882252e+00,   -1.838828e+00,    1.529261e+00,   -8.528613e-01,    1.025111e+00,    4.240700e-03,   -3.412700e-03,    1.255000e-01,   -1.304000e-01,   -1.417000e-01,    1.313300e-01,   -1.358800e-02,    1.310000e-02,    4.708000e-03,    4.708000e-03,    9.349500e-03,    9.349500e-03,    9.349500e-03,    9.349500e-03,    9.058000e-03,    9.058000e-03,
        48,    1.584800e+02,    8.705030e-03,   -3.223269e-03,    1.370396e-01,   -1.492334e-01,   -1.521359e-01,    1.486075e-01,   -8.023652e-03,    1.345754e-03,   -9.131175e-02,    1.631391e-01,    1.337443e+00,   -2.032129e+00,   -1.655986e+00,    1.683003e+00,   -8.589929e-01,    1.205079e+00,    8.102400e-03,   -2.146600e-03,    1.528000e-01,   -1.731800e-01,   -1.716500e-01,    1.684400e-01,   -1.760400e-02,    1.478600e-02,    6.599700e-03,    6.599700e-03,    1.178400e-02,    1.178400e-02,    1.178400e-02,    1.178400e-02,    1.115300e-02,    1.115300e-02,
        48,    2.511800e+02,    9.584594e-03,    9.409845e-04,    1.715946e-01,   -1.990257e-01,   -1.864721e-01,    1.906450e-01,   -8.714550e-03,   -2.344078e-03,    1.094052e-01,    1.208139e-01,    1.570783e+00,   -1.787757e+00,   -1.729580e+00,    1.777846e+00,   -1.081399e+00,    1.296373e+00,    1.051200e-02,    1.965100e-03,    1.952600e-01,   -2.259600e-01,   -2.125300e-01,    2.174300e-01,   -2.383900e-02,    1.578700e-02,    8.476800e-03,    8.476800e-03,    1.506600e-02,    1.506600e-02,    1.506600e-02,    1.506600e-02,    1.398600e-02,    1.398600e-02,
        48,    3.981000e+02,    7.074102e-03,    3.815041e-03,    2.198291e-01,   -2.621677e-01,   -2.296511e-01,    2.470796e-01,   -7.594231e-03,   -6.273565e-03,    3.536190e-01,    4.936583e-01,    1.527672e+00,   -1.720899e+00,   -1.774578e+00,    1.784498e+00,   -1.192162e+00,    1.409992e+00,    1.104100e-02,    9.352900e-03,    2.493300e-01,   -2.954000e-01,   -2.639200e-01,    2.815400e-01,   -2.770600e-02,    1.751300e-02,    1.121800e-02,    1.121800e-02,    1.931100e-02,    1.931100e-02,    1.931100e-02,    1.931100e-02,    1.687000e-02,    1.687000e-02,
        48,    6.309500e+02,    4.298130e-03,    4.161231e-03,    2.808558e-01,   -3.415146e-01,   -2.847096e-01,    3.226876e-01,   -5.411595e-03,   -9.944163e-03,    4.737100e-01,    8.611376e-01,    1.724167e+00,   -1.768525e+00,   -1.835188e+00,    1.573045e+00,   -1.264529e+00,    1.482926e+00,    1.158900e-02,    1.741500e-02,    3.236600e-01,   -3.854200e-01,   -3.302700e-01,    3.617400e-01,   -3.084000e-02,    1.987600e-02,    1.539100e-02,    1.539100e-02,    2.482600e-02,    2.482600e-02,    2.482600e-02,    2.482600e-02,    2.010900e-02,    2.010900e-02,
        48,    1.000000e+03,    1.941408e-03,    3.717646e-03,    3.555411e-01,   -4.463884e-01,   -3.543993e-01,    4.239805e-01,   -2.449464e-03,   -1.408386e-02,    4.023380e-01,    1.088082e+00,    2.010574e+00,   -1.687988e+00,   -2.019993e+00,    1.393337e+00,   -1.503131e+00,    1.392263e+00,    1.002800e-02,    2.558700e-02,    4.199700e-01,   -5.004800e-01,   -4.191300e-01,    4.686300e-01,   -4.086800e-02,    2.150100e-02,    2.009900e-02,    2.009900e-02,    3.204500e-02,    3.204500e-02,    3.204500e-02,    3.204500e-02,    2.555900e-02,    2.555900e-02,
VTF,
     StaID,        Freq[Hz],     Re(Tzx)_Cal,     Im(Tzx)_Cal,     Re(Tzy)_Cal,     Im(Tzy)_Cal,     Re(Tzx)_Res,     Im(Tzx)_Res,     Re(Tzy)_Res,     Im(Tzy)_Res,     Re(Tzx)_Obs,     Im(Tzx)_Obs,     Re(Tzy)_Obs,     Im(Tzy)_Obs,      Re(Tzx)_SD,      Im(Tzx)_SD,      Re(Tzy)_SD,      Im(Tzy)_SD,
      1001,    1.000000e+02,    6.083587e-02,   -3.866641e-03,    8.884647e-02,    4.725668e-02,    2.428377e-01,    4.584480e-01,    6.767843e-01,   -6.280562e-01,    6.812100e-02,    9.886800e-03,    1.091500e-01,    2.841500e-02,    3.000000e-02,    3.000000e-02,    3.000000e-02,    3.000000e-02,
      1001,    1.584800e+02,    6.000261e-02,    7.006915e-03,    6.889113e-02,    4.912383e-02,    4.262795e-01,    2.761028e-01,    8.061624e-01,   -1.260276e-01,    7.279100e-02,    1.529000e-02,    9.307600e-02,    4.534300e-02,    3.000000e-02,    3.000000e-02,    3.000000e-02,    3.000000e-02,
      1001,    2.511800e+02,    5.291938e-02,    1.336925e-02,    5.109227e-02,    4.792383e-02,    4.020207e-01,    5.618916e-01,    2.915577e-01,    1.128057e-01,    6.498000e-02,    3.022600e-02,    5.983900e-02,    5.130800e-02,    3.000000e-02,    3.000000e-02,    3.000000e-02,    3.000000e-02,
      1001,    3.981000e+02,    4.498368e-02,    1.444412e-02,    3.413726e-02,    4.407833e-02,    2.835441e-01,    6.501292e-01,    2.332482e-02,    3.801555e-01,    5.349000e-02,    3.394800e-02,    3.483700e-02,    5.548300e-02,    3.000000e-02,    3.000000e-02,    3.000000e-02,    3.000000e-02,
      1001,    6.309500e+02,    3.871118e-02,    1.278485e-02,    1.971079e-02,    3.697724e-02,   -1.257725e-01,    5.079049e-01,   -2.307597e-01,    2.895587e-01,    3.493800e-02,    2.802200e-02,    1.278800e-02,    4.566400e-02,    3.000000e-02,    3.000000e-02,    3.000000e-02,    3.000000e-02,
      1001,    1.000000e+03,    3.364164e-02,    9.914540e-03,    9.327960e-03,    2.844586e-02,   -5.739213e-01,   -1.705847e-01,   -3.132283e-01,   -3.809286e-01,    1.642400e-02,    4.797000e-03,   -6.888900e-05,    1.701800e-02,    3.000000e-02,    3.000000e-02,    3.000000e-02,    3.000000e-02,
      1002,    1.000000e+02,    1.580280e-01,   -7.735664e-03,   -2.023489e-01,    3.410001e-02,    1.274008e-01,    1.923688e-01,   -2.020369e-01,   -7.808670e-01,    1.618500e-01,   -1.964600e-03,   -2.084100e-01,    1.067400e-02,    3.000000e-02,    3.000000e-02,    3.000000e-02,    3.000000e-02,
      1002,    1.584800e+02,    1.553980e-01,    2.069627e-02,   -2.086137e-01,   -4.951689e-04,    1.480669e-01,    3.333576e-01,    1.704566e-01,   -8.641944e-01,    1.598400e-01,    3.069700e-02,   -2.035000e-01,   -2.642100e-02,    3.000000e-02,    3.000000e-02,    3.000000e-02,    3.000000e-02,
      1002,    2.511800e+02,    1.380082e-01,    4.231156e-02,   -1.965333e-01,   -3.003930e-02,    9.505924e-02,    2.930813e-01,    4.734433e-01,   -7.835567e-01,    1.408600e-01,    5.110400e-02,   -1.823300e-01,   -5.354600e-02,    3.000000e-02,    3.000000e-02,    3.000000e-02,    3.000000e-02,
      1002,    3.981000e+02,    1.132474e-01,    5.231555e-02,   -1.731962e-01,   -4.787146e-02,    5.942160e-02,    2.898483e-01,    6.088747e-01,   -7.279180e-01,    1.150300e-01,    6.101100e-02,   -1.549300e-01,   -6.970900e-02,    3.000000e-02,    3.000000e-02,    3.000000e-02,    3.000000e-02,
      1002,    6.309500e+02,    8.968445e-02,    5.148008e-02,   -1.475907e-01,   -5.288212e-02,   -1.768150e-01,    4.506974e-01,    6.913555e-01,   -8.769294e-01,    8.438000e-02,    6.500100e-02,   -1.268500e-01,   -7.919000e-02,    3.000000e-02,    3.000000e-02,    3.000000e-02,    3.000000e-02,
      1002,    1.000000e+03,    7.130074e-02,    4.546150e-02,   -1.256642e-01,   -4.980499e-02,   -4.793914e-01,    5.693500e-01,    8.014729e-01,   -9.385335e-01,    5.691900e-02,    6.254200e-02,   -1.016200e-01,   -7.796100e-02,    3.000000e-02,    3.000000e-02,    3.000000e-02,    3.000000e-02,
      1003,    1.000000e+02,    8.527797e-02,   -2.304153e-02,   -1.334234e-01,    1.089093e-02,    8.024010e-01,    3.614175e-01,   -1.862192e-01,    1.326691e-01,    1.093500e-01,   -1.219900e-02,   -1.390100e-01,    1.487100e-02,    3.000000e-02,    3.000000e-02,    3.000000e-02,    3.000000e-02,
      1003,    1.584800e+02,    9.328933e-02,   -1.294902e-02,   -1.304441e-01,   -9.864583e-03,    8.140224e-01,    3.976307e-01,   -1.821964e-01,   -1.031472e-01,    1.177100e-01,   -1.020100e-03,   -1.359100e-01,   -1.295900e-02,    3.000000e-02,    3.000000e-02,    3.000000e-02,    3.000000e-02,
      1003,    2.511800e+02,    9.734968e-02,   -1.007797e-03,   -1.200990e-01,   -2.405194e-02,    4.170107e-01,    4.209599e-01,   -7.936797e-02,   -2.304354e-01,    1.098600e-01,    1.162100e-02,   -1.224800e-01,   -3.096500e-02,    3.000000e-02,    3.000000e-02,    3.000000e-02,    3.000000e-02,
      1003,    3.981000e+02,    9.511070e-02,    1.245985e-02,   -1.071107e-01,   -3.294314e-02,    2.616435e-01,    3.297383e-01,    7.835568e-02,   -3.238620e-01,    1.029600e-01,    2.235200e-02,   -1.047600e-01,   -4.265900e-02,    3.000000e-02,    3.000000e-02,    3.000000e-02,    3.000000e-02,
      1003,    6.309500e+02,    8.604881e-02,    2.351542e-02,   -9.281159e-02,   -3.824943e-02,    2.145062e-01,    2.213527e-01,    1.426863e-01,   -4.513523e-01,    9.248400e-02,    3.015600e-02,   -8.853100e-02,   -5.179000e-02,    3.000000e-02,    3.000000e-02,    3.000000e-02,    3.000000e-02,
      1003,    1.000000e+03,    7.306722e-02,    2.953137e-02,   -7.773458e-02,   -4.041547e-02,    1.316593e-01,    1.528209e-01,    4.057860e-01,   -6.089509e-01,    7.701700e-02,    3.411600e-02,   -6.556100e-02,   -5.868400e-02,    3.000000e-02,    3.000000e-02,    3.000000e-02,    3.000000e-02,
      1004,    1.000000e+02,   -4.982049e-02,    1.729795e-02,    1.821561e-01,    1.378799e-01,   -6.015837e-01,    1.139352e-01,    7.281292e-01,   -2.453294e-01,   -6.786800e-02,    2.071600e-02,    2.040000e-01,    1.305200e-01,    3.000000e-02,    3.000000e-02,    3.000000e-02,    3.000000e-02,
      1004,    1.584800e+02,   -5.512615e-02,    2.023778e-02,    1.478282e-01,    1.241296e-01,   -3.484283e-01,   -2.910260e-01,    6.780596e-01,    9.934833e-02,   -6.557900e-02,    1.150700e-02,    1.681700e-01,    1.271100e-01,    3.000000e-02,    3.000000e-02,    3.000000e-02,    3.000000e-02,
      1004,    2.511800e+02,   -6.301050e-02,    2.130881e-02,    1.174477e-01,    1.174305e-01,    8.888345e-02,   -3.815005e-01,    5.700771e-01,    1.766485e-01,   -6.034400e-02,    9.863800e-03,    1.345500e-01,    1.227300e-01,    3.000000e-02,    3.000000e-02,    3.000000e-02,    3.000000e-02,
      1004,    3.981000e+02,   -7.128793e-02,    1.996503e-02,    8.534932e-02,    1.154388e-01,    3.394975e-01,   -7.388842e-01,    4.756558e-01,    1.167054e-01,   -6.110300e-02,   -2.201500e-03,    9.961900e-02,    1.189400e-01,    3.000000e-02,    3.000000e-02,    3.000000e-02,    3.000000e-02,
      1004,    6.309500e+02,   -7.864905e-02,    1.651130e-02,    4.990457e-02,    1.135691e-01,    1.486016e-01,   -4.966766e-01,    3.417811e-01,    2.970313e-01,   -7.419100e-02,    1.611000e-03,    6.015800e-02,    1.224800e-01,    3.000000e-02,    3.000000e-02,    3.000000e-02,    3.000000e-02,
      1004,    1.000000e+03,   -8.452677e-02,    1.152838e-02,    1.243441e-02,    1.079279e-01,    1.471589e-01,    1.519654e+00,   -1.506180e+00,   -2.235950e-01,   -8.011200e-02,    5.711800e-02,   -3.275100e-02,    1.012200e-01,    3.000000e-02,    3.000000e-02,    3.000000e-02,    3.000000e-02,
      1005,    1.000000e+02,    1.477191e-02,    4.857133e-02,    1.116300e-01,    5.225867e-02,    6.088698e-01,    6.511891e-01,    4.386678e-01,    2.050444e-01,    3.303800e-02,    6.810700e-02,    1.247900e-01,    5.841000e-02,    3.000000e-02,    3.000000e-02,    3.000000e-02,    3.000000e-02,
      1005,    1.584800e+02,   -3.651021e-03,    4.678039e-02,    8.799559e-02,    6.192363e-02,    5.908007e-01,    9.807869e-01,    1.560136e-01,    5.508458e-01,    1.407300e-02,    7.620400e-02,    9.267600e-02,    7.844900e-02,    3.000000e-02,    3.000000e-02,    3.000000e-02,    3.000000e-02,
      1005,    2.511800e+02,   -1.908485e-02,    3.978778e-02,    6.129673e-02,    6.511473e-02,    2.809952e-01,    1.480874e+00,   -8.022449e-02,    8.169422e-01,   -1.065500e-02,    8.421400e-02,    5.889000e-02,    8.962300e-02,    3.000000e-02,    3.000000e-02,    3.000000e-02,    3.000000e-02,
      1005,    3.981000e+02,   -3.044102e-02,    3.176759e-02,    3.497005e-02,    5.960095e-02,   -3.927992e-01,    1.883480e+00,   -2.906682e-01,    1.125402e+00,   -4.222500e-02,    8.827200e-02,    2.625000e-02,    9.336300e-02,    3.000000e-02,    3.000000e-02,    3.000000e-02,    3.000000e-02,
      1005,    6.309500e+02,   -3.889302e-02,    2.341039e-02,    1.474721e-02,    4.711723e-02,   -1.262166e+00,    2.232620e+00,   -5.999569e-01,    1.419659e+00,   -7.675800e-02,    9.038900e-02,   -3.251500e-03,    8.970700e-02,    3.000000e-02,    3.000000e-02,    3.000000e-02,    3.000000e-02,
      1005,    1.000000e+03,   -4.388125e-02,    1.467528e-02,    2.893264e-03,    3.287604e-02,   -2.243958e+00,    2.176924e+00,   -1.501509e+00,    1.471532e+00,   -1.112000e-01,    7.998300e-02,   -4.215200e-02,    7.702200e-02,    3.000000e-02,    3.000000e-02,    3.000000e-02,    3.000000e-02,
      1006,    1.000000e+02,   -2.828971e-02,    2.898605e-02,   -6.589926e-03,   -2.072233e-02,    5.058569e-01,   -4.201682e-01,    4.896755e-02,    8.176211e-01,   -1.311400e-02,    1.638100e-02,   -5.120900e-03,    3.806300e-03,    3.000000e-02,    3.000000e-02,    3.000000e-02,    3.000000e-02,
      1006,    1.584800e+02,   -3.332197e-02,    1.729008e-02,    5.229749e-03,   -2.248666e-02,    4.667324e-01,   -6.133609e-02,   -1.616886e-01,    7.227703e-01,   -1.932000e-02,    1.545000e-02,    3.790900e-04,   -8.035500e-04,    3.000000e-02,    3.000000e-02,    3.000000e-02,    3.000000e-02,
      1006,    2.511800e+02,   -3.192558e-02,    9.668148e-03,    1.480335e-02,   -1.935149e-02,    1.038193e-01,    1.108951e-01,   -2.272049e-01,    5.287665e-01,   -2.881100e-02,    1.299500e-02,    7.987200e-03,   -3.488500e-03,    3.000000e-02,    3.000000e-02,    3.000000e-02,    3.000000e-02,
      1006,    3.981000e+02,   -2.770174e-02,    9.195518e-03,    1.925629e-02,   -1.434350e-02,   -3.374088e-01,   -1.363573e-01,   -6.017630e-02,    4.439633e-01,   -3.782400e-02,    5.104800e-03,    1.745100e-02,   -1.024600e-03,    3.000000e-02,    3.000000e-02,    3.000000e-02,    3.000000e-02,
      1006,    6.309500e+02,   -2.619291e-02,    1.602902e-02,    1.915824e-02,   -1.252331e-02,   -3.776696e-01,   -8.368240e-01,    2.238919e-01,    7.669437e-01,   -3.752300e-02,   -9.075700e-03,    2.587500e-02,    1.048500e-02,    3.000000e-02,    3.000000e-02,    3.000000e-02,    3.000000e-02,
      1006,    1.000000e+03,   -3.125258e-02,    2.602870e-02,    1.884426e-02,   -1.624760e-02,   -6.047172e-03,   -1.631690e+00,    4.366914e-01,    1.463087e+00,   -3.143400e-02,   -2.292200e-02,    3.194500e-02,    2.764500e-02,    3.000000e-02,    3.000000e-02,    3.000000e-02,    3.000000e-02,
      1007,    1.000000e+02,   -5.515152e-02,   -3.136993e-02,    2.379312e-02,    8.391929e-02,   -2.071493e-01,    9.466434e-02,    1.389627e-01,   -3.520764e-01,   -6.136600e-02,   -2.853000e-02,    2.796200e-02,    7.335700e-02,    3.000000e-02,    3.000000e-02,    3.000000e-02,    3.000000e-02,
      1007,    1.584800e+02,   -4.109460e-02,   -3.071147e-02,   -9.864678e-03,    7.027487e-02,   -1.661468e-01,    1.781563e-02,    2.821159e-01,   -1.068290e-01,   -4.607900e-02,   -3.017700e-02,   -1.401200e-03,    6.707000e-02,    3.000000e-02,    3.000000e-02,    3.000000e-02,    3.000000e-02,
      1007,    2.511800e+02,   -2.858509e-02,   -2.459979e-02,   -3.194436e-02,    4.705439e-02,   -1.007971e-01,   -2.970684e-02,    1.989452e-01,    1.625204e-01,   -3.160900e-02,   -2.549100e-02,   -2.597600e-02,    5.193000e-02,    3.000000e-02,    3.000000e-02,    3.000000e-02,    3.000000e-02,
      1007,    3.981000e+02,   -2.196316e-02,   -1.498130e-02,   -3.842706e-02,    2.398389e-02,   -4.494675e-03,   -9.290147e-03,   -7.629805e-02,    2.487035e-01,   -2.209800e-02,   -1.526000e-02,   -4.071600e-02,    3.144500e-02,    3.000000e-02,    3.000000e-02,    3.000000e-02,    3.000000e-02,
      1007,    6.309500e+02,   -2.139161e-02,   -7.630696e-03,   -3.538358e-02,    9.707147e-03,    5.938710e-02,    1.067832e-01,   -3.097139e-01,    9.009509e-02,   -1.961000e-02,   -4.427200e-03,   -4.467500e-02,    1.241000e-02,    3.000000e-02,    3.000000e-02,    3.000000e-02,    3.000000e-02,
      1007,    1.000000e+03,   -2.229341e-02,   -4.301760e-03,   -3.027232e-02,    3.424168e-03,    1.151381e-02,    2.790987e-01,   -3.533893e-01,   -1.938323e-01,   -2.194800e-02,    4.071200e-03,   -4.087400e-02,   -2.390800e-03,    3.000000e-02,    3.000000e-02,    3.000000e-02,    3.000000e-02,
      1008,    1.000000e+02,    6.872531e-02,    3.246290e-02,   -6.349975e-02,   -2.773268e-02,   -3.241105e-01,    2.976032e-01,    8.855250e-01,   -5.045439e-01,    5.900200e-02,    4.139100e-02,   -3.693400e-02,   -4.286900e-02,    3.000000e-02,    3.000000e-02,    3.000000e-02,    3.000000e-02,
      1008,    1.584800e+02,    5.011149e-02,    5.564338e-02,   -5.613933e-02,   -3.934181e-02,    2.084504e-01,    5.849207e-01,    6.318444e-01,    1.937937e-01,    5.636500e-02,    7.319100e-02,   -3.718400e-02,   -3.352800e-02,    3.000000e-02,    3.000000e-02,    3.000000e-02,    3.000000e-02,
      1008,    2.511800e+02,    2.193087e-02,    6.430184e-02,   -3.917754e-02,   -4.889827e-02,    4.787100e-02,    7.494388e-01,   -8.134867e-02,    2.222091e-01,    2.336700e-02,    8.678500e-02,   -4.161800e-02,   -4.223200e-02,    3.000000e-02,    3.000000e-02,    3.000000e-02,    3.000000e-02,
      1008,    3.981000e+02,   -3.711420e-03,    6.357479e-02,   -1.982814e-02,   -5.251499e-02,   -5.014860e-01,    1.020307e+00,   -9.447286e-01,   -2.805002e-01,   -1.875600e-02,    9.418400e-02,   -4.817000e-02,   -6.093000e-02,    3.000000e-02,    3.000000e-02,    3.000000e-02,    3.000000e-02,
      1008,    6.309500e+02,   -2.687672e-02,    5.867915e-02,   -4.607012e-04,   -5.251721e-02,   -8.354762e-01,    6.830617e-01,   -8.359433e-01,   -1.440093e+00,   -5.194100e-02,    7.917100e-02,   -2.553900e-02,   -9.572000e-02,    3.000000e-02,    3.000000e-02,    3.000000e-02,    3.000000e-02,
      1008,    1.000000e+03,   -4.739824e-02,    4.936131e-02,    1.811631e-02,   -4.873247e-02,   -6.431587e-01,    4.519228e-01,    2.730896e-01,   -2.028584e+00,   -6.669300e-02,    6.291900e-02,    2.630900e-02,   -1.095900e-01,    3.000000e-02,    3.000000e-02,    3.000000e-02,    3.000000e-02,
      1010,    1.000000e+02,   -9.138040e-02,    1.112225e-02,    1.488900e-02,    3.818424e-02,    1.890465e-01,    1.447583e-01,   -3.007101e-01,   -3.612080e-01,   -8.570900e-02,    1.546500e-02,    5.867700e-03,    2.734800e-02,    3.000000e-02,    3.000000e-02,    3.000000e-02,    3.000000e-02,
      1010,    1.584800e+02,   -7.519274e-02,   -1.606729e-02,    5.709945e-04,    3.302763e-02,    1.799913e-01,   -1.387237e-01,   -9.080315e-02,   -2.030211e-01,   -6.979300e-02,   -2.022900e-02,   -2.153100e-03,    2.693700e-02,    3.000000e-02,    3.000000e-02,    3.000000e-02,    3.000000e-02,
      1010,    2.511800e+02,   -5.619555e-02,   -2.705271e-02,   -9.186815e-03,    2.493420e-02,    2.687517e-01,   -1.928428e-01,   -1.717062e-01,   -1.079734e-01,   -4.813300e-02,   -3.283800e-02,   -1.433800e-02,    2.169500e-02,    3.000000e-02,    3.000000e-02,    3.000000e-02,    3.000000e-02,
      1010,    3.981000e+02,   -4.048772e-02,   -2.903028e-02,   -1.451304e-02,    1.746015e-02,    2.865905e-01,   -8.582398e-02,   -2.213319e-01,   -1.813717e-01,   -3.189000e-02,   -3.160500e-02,   -2.115300e-02,    1.201900e-02,    3.000000e-02,    3.000000e-02,    3.000000e-02,    3.000000e-02,
      1010,    6.309500e+02,   -2.859447e-02,   -2.698784e-02,   -1.738981e-02,    1.168213e-02,    2.584157e-01,    7.159474e-02,   -2.094397e-01,   -3.006009e-01,   -2.084200e-02,   -2.484000e-02,   -2.367300e-02,    2.664100e-03,    3.000000e-02,    3.000000e-02,    3.000000e-02,    3.000000e-02,
      1010,    1.000000e+03,   -1.999482e-02,   -2.357539e-02,   -1.868162e-02,    7.216340e-03,    2.135273e-01,    3.487983e-02,    4.152060e-02,   -3.060113e-01,   -1.358900e-02,   -2.252900e-02,   -1.743600e-02,   -1.964000e-03,    3.000000e-02,    3.000000e-02,    3.000000e-02,    3.000000e-02,
      1011,    1.000000e+02,    5.722503e-02,    4.192487e-02,   -4.300608e-03,   -2.262078e-02,    5.051323e-01,    1.178710e-01,   -5.141797e-01,   -5.814740e-01,    7.237900e-02,    4.546100e-02,   -1.972600e-02,   -4.006500e-02,    3.000000e-02,    3.000000e-02,    3.000000e-02,    3.000000e-02,
      1011,    1.584800e+02,    4.958217e-02,    3.179627e-02,    3.141493e-03,   -2.811878e-02,    4.970944e-01,    4.188910e-01,    3.163169e-01,   -2.438407e-01,    6.449500e-02,    4.436300e-02,    1.263100e-02,   -3.543400e-02,    3.000000e-02,    3.000000e-02,    3.000000e-02,    3.000000e-02,
      1011,    2.511800e+02,    4.450386e-02,    2.640003e-02,    1.643496e-02,   -2.992811e-02,    2.513379e-01,    5.676324e-01,    2.882681e-01,   -5.437964e-01,    5.204400e-02,    4.342900e-02,    2.508300e-02,   -4.624200e-02,    3.000000e-02,    3.000000e-02,    3.000000e-02,    3.000000e-02,
      1011,    3.981000e+02,    3.922544e-02,    2.383408e-02,    2.990318e-02,   -2.514688e-02,    2.014187e-01,    6.114973e-01,    7.912717e-02,   -1.013004e+00,    4.526800e-02,    4.217900e-02,    3.227700e-02,   -5.553700e-02,    3.000000e-02,    3.000000e-02,    3.000000e-02,    3.000000e-02,
      1011,    6.309500e+02,    3.355101e-02,    2.219593e-02,    3.944237e-02,   -1.549108e-02,   -8.936712e-02,    6.497357e-01,    5.359545e-01,   -1.641564e+00,    3.087000e-02,    4.168800e-02,    5.552100e-02,   -6.473800e-02,    3.000000e-02,    3.000000e-02,    3.000000e-02,    3.000000e-02,
      1011,    1.000000e+03,    2.830168e-02,    2.107801e-02,    4.335284e-02,   -3.645690e-03,   -3.529561e-01,    9.631662e-01,    1.636439e+00,   -2.499744e+00,    1.771300e-02,    4.997300e-02,    9.244600e-02,   -7.863800e-02,    3.000000e-02,    3.000000e-02,    3.000000e-02,    3.000000e-02,
      1012,    1.000000e+02,    5.734048e-02,    1.587447e-02,   -8.428055e-03,   -9.360426e-03,   -4.824161e-01,   -2.144190e-01,    1.784952e-01,    4.570542e-01,    4.286800e-02,    9.441900e-03,   -3.073200e-03,    4.351200e-03,    3.000000e-02,    3.000000e-02,    3.000000e-02,    3.000000e-02,
      1012,    1.584800e+02,    5.999966e-02,    9.134945e-03,   -6.582958e-03,   -1.956912e-04,    3.391447e-01,   -5.596815e-01,   -9.803474e-02,    4.758897e-01,    7.017400e-02,   -7.655500e-03,   -9.524000e-03,    1.408100e-02,    3.000000e-02,    3.000000e-02,    3.000000e-02,    3.000000e-02,
      1012,    2.511800e+02,    6.091142e-02,    7.551093e-03,   -9.256064e-03,    6.198224e-03,    3.756527e-01,    3.237636e-01,   -3.316645e-01,    4.371259e-01,    7.218100e-02,    1.726400e-02,   -1.920600e-02,    1.931200e-02,    3.000000e-02,    3.000000e-02,    3.000000e-02,    3.000000e-02,
      1012,    3.981000e+02,    5.874745e-02,    7.034600e-03,   -1.244890e-02,    1.049107e-02,    2.304849e-01,    1.874467e-01,   -2.840367e-01,    5.663977e-01,    6.566200e-02,    1.265800e-02,   -2.097000e-02,    2.748300e-02,    3.000000e-02,    3.000000e-02,    3.000000e-02,    3.000000e-02,
      1012,    6.309500e+02,    5.532312e-02,    4.457443e-03,   -1.602028e-02,    1.483252e-02,   -1.848705e-01,   -3.171348e-01,   -1.637239e-01,    6.010161e-01,    4.977700e-02,   -5.056600e-03,   -2.093200e-02,    3.286300e-02,    3.000000e-02,    3.000000e-02,    3.000000e-02,    3.000000e-02,
      1012,    1.000000e+03,    5.322149e-02,   -2.298762e-04,   -2.059123e-02,    1.937366e-02,   -2.488498e-01,   -4.613375e-01,    1.924078e-01,    1.229113e-01,    4.575600e-02,   -1.407000e-02,   -1.481900e-02,    2.306100e-02,    3.000000e-02,    3.000000e-02,    3.000000e-02,    3.000000e-02,
      1013,    2.511800e+02,   -5.104158e-02,   -4.862475e-02,   -2.942388e-01,   -2.037868e-01,   -8.694141e-01,   -1.860842e+00,   -2.539040e+00,   -2.428774e+00,   -7.712400e-02,   -1.044500e-01,   -3.704100e-01,   -2.766500e-01,    3.000000e-02,    3.000000e-02,    3.000000e-02,    3.000000e-02,
      1013,    3.981000e+02,   -3.971742e-02,   -3.398616e-02,   -2.197785e-01,   -1.938851e-01,   -1.807528e-01,   -1.609095e+00,   -1.553049e+00,   -1.145495e+00,   -4.514000e-02,   -8.225900e-02,   -2.663700e-01,   -2.282500e-01,    3.000000e-02,    3.000000e-02,    3.000000e-02,    3.000000e-02,
      1013,    6.309500e+02,   -3.205567e-02,   -2.006267e-02,   -1.585660e-01,   -1.750397e-01,   -1.342108e-01,   -1.815311e+00,   -1.818801e+00,    5.819899e-01,   -3.608200e-02,   -7.452200e-02,   -2.131300e-01,   -1.575800e-01,    3.000000e-02,    3.000000e-02,    3.000000e-02,    3.000000e-02,
      1013,    1.000000e+03,   -2.854916e-02,   -6.041309e-03,   -1.089847e-01,   -1.546476e-01,    3.473874e-02,   -2.588623e+00,   -3.426176e+00,    2.139453e+00,   -2.750700e-02,   -8.370000e-02,   -2.117700e-01,   -9.046400e-02,    3.000000e-02,    3.000000e-02,    3.000000e-02,    3.000000e-02,
      1014,    1.000000e+02,   -4.638588e-02,    1.743457e-01,   -1.094709e-01,   -2.023886e-03,    4.485961e-01,    5.241442e-01,    7.753312e-01,   -8.805371e-01,   -3.292800e-02,    1.900700e-01,   -8.621100e-02,   -2.844000e-02,    3.000000e-02,    3.000000e-02,    3.000000e-02,    3.000000e-02,
      1014,    1.584800e+02,   -9.795319e-02,    1.447859e-01,   -9.499109e-02,   -2.102880e-02,    2.206314e-03,    5.204716e-01,    1.114036e+00,   -1.633400e-01,   -9.788700e-02,    1.604000e-01,   -6.157000e-02,   -2.592900e-02,    3.000000e-02,    3.000000e-02,    3.000000e-02,    3.000000e-02,
      1014,    2.511800e+02,   -1.355229e-01,    1.150842e-01,   -7.720207e-02,   -2.953604e-02,   -3.509035e-01,   -6.680543e-02,    9.527356e-01,    7.521112e-01,   -1.460500e-01,    1.130800e-01,   -4.862000e-02,   -6.972700e-03,    3.000000e-02,    3.000000e-02,    3.000000e-02,    3.000000e-02,
      1014,    3.981000e+02,   -1.609470e-01,    8.829284e-02,   -5.956340e-02,   -2.839303e-02,   -1.834317e-01,   -7.854280e-01,    1.901467e-01,    1.552868e+00,   -1.664500e-01,    6.473000e-02,   -5.385900e-02,    1.819300e-02,    3.000000e-02,    3.000000e-02,    3.000000e-02,    3.000000e-02,
      1014,    6.309500e+02,   -1.767279e-01,    6.781738e-02,   -4.785481e-02,   -1.909405e-02,    4.505956e-01,   -1.123246e+00,   -8.266395e-01,    1.748168e+00,   -1.632100e-01,    3.412000e-02,   -7.265400e-02,    3.335100e-02,    3.000000e-02,    3.000000e-02,    3.000000e-02,    3.000000e-02,
      1014,    1.000000e+03,   -1.873633e-01,    5.510802e-02,   -4.605844e-02,   -8.895209e-03,    1.068443e+00,   -1.005401e+00,   -1.540819e+00,    1.331207e+00,   -1.553100e-01,    2.494600e-02,   -9.228300e-02,    3.104100e-02,    3.000000e-02,    3.000000e-02,    3.000000e-02,    3.000000e-02,
      1015,    1.000000e+02,   -5.550226e-02,   -1.392254e-02,   -4.114634e-02,    8.818438e-03,    4.283086e-01,   -3.846487e-01,    2.122114e-01,   -5.923879e-01,   -4.265300e-02,   -2.546200e-02,   -3.478000e-02,   -8.953200e-03,    3.000000e-02,    3.000000e-02,    3.000000e-02,    3.000000e-02,
      1015,    1.584800e+02,   -4.502353e-02,   -1.962731e-02,   -4.261515e-02,    2.123642e-03,    5.392843e-01,   -3.654564e-01,    5.052051e-01,   -2.860414e-01,   -2.884500e-02,   -3.059100e-02,   -2.745900e-02,   -6.457600e-03,    3.000000e-02,    3.000000e-02,    3.000000e-02,    3.000000e-02,
      1015,    2.511800e+02,   -3.562653e-02,   -2.337479e-02,   -4.095592e-02,   -1.641263e-03,    6.176510e-01,   -3.411070e-01,    5.849305e-01,    2.051488e-01,   -1.709700e-02,   -3.360800e-02,   -2.340800e-02,    4.513200e-03,    3.000000e-02,    3.000000e-02,    3.000000e-02,    3.000000e-02,
      1015,    3.981000e+02,   -2.591181e-02,   -2.485252e-02,   -3.968954e-02,   -3.745973e-03,   -4.457729e-01,   -5.382827e-01,    2.191179e-01,    4.363791e-01,   -3.928500e-02,   -4.100100e-02,   -3.311600e-02,    9.345400e-03,    3.000000e-02,    3.000000e-02,    3.000000e-02,    3.000000e-02,
      1015,    6.309500e+02,   -1.731886e-02,   -2.421425e-02,   -3.847387e-02,   -6.542300e-03,   -1.451838e+00,   -1.022125e+00,   -1.127871e+00,   -1.434233e-01,   -6.087400e-02,   -5.487800e-02,   -7.231000e-02,   -1.084500e-02,    3.000000e-02,    3.000000e-02,    3.000000e-02,    3.000000e-02,
      1016,    1.000000e+02,   -1.414896e-01,    5.888938e-02,   -9.849919e-03,   -3.258956e-02,    7.729872e-01,    5.131207e-01,   -1.295360e-01,    2.237521e-01,   -1.183000e-01,    7.428300e-02,   -1.373600e-02,   -2.587700e-02,    3.000000e-02,    3.000000e-02,    3.000000e-02,    3.000000e-02,
      1016,    1.584800e+02,   -1.491008e-01,    3.146545e-02,    5.901509e-03,   -3.086040e-02,    1.306693e+00,    6.009185e-01,   -3.846836e-01,    3.555133e-01,   -1.099000e-01,    4.949300e-02,   -5.639000e-03,   -2.019500e-02,    3.000000e-02,    3.000000e-02,    3.000000e-02,    3.000000e-02,
      1016,    2.511800e+02,   -1.501685e-01,    1.011688e-02,    1.644181e-02,   -2.515300e-02,    4.449516e-01,    2.810406e-02,   -1.534938e-01,    3.318666e-01,   -1.368200e-01,    1.096000e-02,    1.183700e-02,   -1.519700e-02,    3.000000e-02,    3.000000e-02,    3.000000e-02,    3.000000e-02,
      1016,    3.981000e+02,   -1.463501e-01,   -7.263984e-03,    2.325856e-02,   -1.973869e-02,   -1.442330e+00,   -9.683005e-01,    9.808136e-02,    1.582898e-01,   -1.896200e-01,   -3.631300e-02,    2.620100e-02,   -1.499000e-02,    3.000000e-02,    3.000000e-02,    3.000000e-02,    3.000000e-02,
      1016,    6.309500e+02,   -1.380957e-01,   -2.146562e-02,    2.826886e-02,   -1.468880e-02,   -1.189810e+00,   -4.311125e-01,   -5.709525e-02,    5.326004e-02,   -1.737900e-01,   -3.439900e-02,    2.655600e-02,   -1.309100e-02,    3.000000e-02,    3.000000e-02,    3.000000e-02,    3.000000e-02,
      1016,    1.000000e+03,   -1.255588e-01,   -3.215492e-02,    3.129662e-02,   -9.770492e-03,   -7.730401e-01,    2.613053e-02,   -1.392875e-01,   -1.055026e-02,   -1.487500e-01,   -3.137100e-02,    2.711800e-02,   -1.008700e-02,    3.000000e-02,    3.000000e-02,    3.000000e-02,    3.000000e-02,
      1017,    1.000000e+02,    1.473206e-01,   -2.474484e-02,    2.767575e-01,   -4.613555e-02,   -9.102052e-02,   -6.105388e-01,   -5.591681e-02,   -4.660149e-01,    1.445900e-01,   -4.306100e-02,    2.750800e-01,   -6.011600e-02,    3.000000e-02,    3.000000e-02,    3.000000e-02,    3.000000e-02,
      1017,    1.584800e+02,    1.547217e-01,   -1.901625e-02,    2.865560e-01,   -1.722639e-02,    7.194325e-02,   -3.323250e-01,    3.021343e-01,   -4.215204e-01,    1.568800e-01,   -2.898600e-02,    2.956200e-01,   -2.987200e-02,    3.000000e-02,    3.000000e-02,    3.000000e-02,    3.000000e-02,
      1017,    2.511800e+02,    1.623673e-01,   -1.158232e-02,    2.861253e-01,    9.731191e-03,    2.354247e-01,    3.224397e-02,    2.024907e-01,   -3.242834e-01,    1.694300e-01,   -1.061500e-02,    2.922000e-01,    2.689400e-06,    3.000000e-02,    3.000000e-02,    3.000000e-02,    3.000000e-02,
      1017,    3.981000e+02,    1.691230e-01,    8.895383e-05,    2.785240e-01,    3.442452e-02,    4.172329e-01,    3.841682e-01,   -8.846752e-02,   -4.290507e-01,    1.816400e-01,    1.161400e-02,    2.758700e-01,    2.155300e-02,    3.000000e-02,    3.000000e-02,    3.000000e-02,    3.000000e-02,
      1017,    6.309500e+02,    1.718573e-01,    1.777598e-02,    2.648162e-01,    5.918531e-02,    6.017565e-01,    5.006005e-01,   -6.287386e-02,   -9.951104e-01,    1.899100e-01,    3.279400e-02,    2.629300e-01,    2.933200e-02,    3.000000e-02,    3.000000e-02,    3.000000e-02,    3.000000e-02,
      1017,    1.000000e+03,    1.660447e-01,    4.102110e-02,    2.423747e-01,    8.529644e-02,   -1.571570e-01,    2.325967e-01,    1.042178e+00,   -1.981815e+00,    1.613300e-01,    4.799900e-02,    2.736400e-01,    2.584200e-02,    3.000000e-02,    3.000000e-02,    3.000000e-02,    3.000000e-02,
      1018,    1.000000e+02,   -1.387999e-02,   -3.304032e-02,   -8.473003e-02,    4.733294e-02,   -5.549670e-01,    3.130107e-01,    1.134734e+00,   -2.430648e-01,   -3.052900e-02,   -2.365000e-02,   -5.068800e-02,    4.004100e-02,    3.000000e-02,    3.000000e-02,    3.000000e-02,    3.000000e-02,
      1018,    1.584800e+02,    3.052104e-03,   -3.866145e-02,   -1.077240e-01,    4.423784e-02,   -7.105701e-01,    3.287817e-01,    1.049335e+00,    1.182387e-01,   -1.826500e-02,   -2.879800e-02,   -7.624400e-02,    4.778500e-02,    3.000000e-02,    3.000000e-02,    3.000000e-02,    3.000000e-02,
      1018,    2.511800e+02,    2.142965e-02,   -3.632072e-02,   -1.295530e-01,    2.931818e-02,   -8.396085e-01,    2.921240e-01,    7.671008e-01,    2.655274e-01,   -3.758600e-03,   -2.755700e-02,   -1.065400e-01,    3.728400e-02,    3.000000e-02,    3.000000e-02,    3.000000e-02,    3.000000e-02,
      1018,    3.981000e+02,    3.575681e-02,   -2.716818e-02,   -1.406051e-01,    3.882014e-03,   -1.597602e-01,    4.298059e-01,    9.983779e-02,   -4.841671e-01,    3.096400e-02,   -1.427400e-02,   -1.376100e-01,   -1.064300e-02,    3.000000e-02,    3.000000e-02,    3.000000e-02,    3.000000e-02,
      1018,    6.309500e+02,    4.362054e-02,   -1.515576e-02,   -1.362415e-01,   -2.370693e-02,    2.097315e+00,    7.647485e-01,   -2.666616e+00,   -1.652569e+00,    1.065400e-01,    7.786700e-03,   -2.162400e-01,   -7.328400e-02,    3.000000e-02,    3.000000e-02,    3.000000e-02,    3.000000e-02,
      1018,    1.000000e+03,    4.558555e-02,   -3.352561e-03,   -1.192410e-01,   -4.557845e-02,    3.552148e+00,    5.740854e-01,   -4.405967e+00,   -2.142052e+00,    1.521500e-01,    1.387000e-02,   -2.514200e-01,   -1.098400e-01,    3.000000e-02,    3.000000e-02,    3.000000e-02,    3.000000e-02,
      1019,    3.981000e+02,   -2.657745e-01,   -4.902439e-02,    1.615363e-01,    7.815899e-03,   -3.118446e-02,   -3.385520e+00,   -2.575512e+00,    1.911367e-01,   -2.667100e-01,   -1.505900e-01,    8.427100e-02,    1.355000e-02,    3.000000e-02,    3.000000e-02,    3.000000e-02,    3.000000e-02,
      1019,    6.309500e+02,   -2.402674e-01,   -5.136171e-02,    1.551891e-01,    1.022004e-02,   -9.297532e-01,   -2.609276e+00,    2.208364e+00,   -7.802680e-01,   -2.681600e-01,   -1.296400e-01,    2.214400e-01,   -1.318800e-02,    3.000000e-02,    3.000000e-02,    3.000000e-02,    3.000000e-02,
      1020,    1.000000e+02,   -9.240319e-02,   -8.584169e-03,   -3.659633e-02,    8.305238e-03,    7.581398e-01,    8.870390e-01,    1.764109e-01,   -2.308013e-01,   -6.965900e-02,    1.802700e-02,   -3.130400e-02,    1.381200e-03,    3.000000e-02,    3.000000e-02,    3.000000e-02,    3.000000e-02,
      1020,    1.584800e+02,   -8.028137e-02,   -8.133404e-03,   -3.678242e-02,    3.815048e-03,    2.090122e-01,    9.134135e-01,    2.002472e-01,   -6.905828e-02,   -7.401100e-02,    1.926900e-02,   -3.077500e-02,    1.743300e-03,    3.000000e-02,    3.000000e-02,    3.000000e-02,    3.000000e-02,
      1020,    2.511800e+02,   -7.304134e-02,   -1.042565e-03,   -3.667898e-02,    2.453552e-03,   -7.522208e-02,    6.026855e-01,    1.340994e-01,   -1.440172e-02,   -7.529800e-02,    1.703800e-02,   -3.265600e-02,    2.021500e-03,    3.000000e-02,    3.000000e-02,    3.000000e-02,    3.000000e-02,
      1020,    3.981000e+02,   -7.205296e-02,    9.505202e-03,   -3.813701e-02,    1.145107e-03,   -1.955347e-01,    1.389266e-01,    1.273336e-01,   -5.094324e-02,   -7.791900e-02,    1.367300e-02,   -3.431700e-02,   -3.831900e-04,    3.000000e-02,    3.000000e-02,    3.000000e-02,    3.000000e-02,
      1020,    6.309500e+02,   -7.737758e-02,    1.967368e-02,   -3.991015e-02,   -1.876385e-03,   -5.408475e-01,   -3.954626e-01,    2.119052e-01,   -2.105938e-01,   -9.360300e-02,    7.809800e-03,   -3.355300e-02,   -8.194200e-03,    3.000000e-02,    3.000000e-02,    3.000000e-02,    3.000000e-02,
      1020,    1.000000e+03,   -8.637576e-02,    2.698874e-02,   -4.081782e-02,   -6.828562e-03,   -1.067475e+00,   -9.483779e-01,    2.824607e-01,   -4.572479e-01,   -1.184000e-01,   -1.462600e-03,   -3.234400e-02,   -2.054600e-02,    3.000000e-02,    3.000000e-02,    3.000000e-02,    3.000000e-02,
      1021,    1.000000e+02,    1.018530e-01,    1.624014e-02,   -4.091590e-02,    2.055150e-02,    3.218995e-01,    3.130662e+00,   -9.506986e-02,    2.551500e-01,    1.115100e-01,    1.101600e-01,   -4.376800e-02,    2.820600e-02,    3.000000e-02,    3.000000e-02,    3.000000e-02,    3.000000e-02,
      1021,    1.584800e+02,    9.705579e-02,    1.560147e-02,   -4.437804e-02,    1.547567e-02,    2.144738e-01,    2.149384e+00,    4.000134e-02,    3.850777e-01,    1.034900e-01,    8.008300e-02,   -4.317800e-02,    2.702800e-02,    3.000000e-02,    3.000000e-02,    3.000000e-02,    3.000000e-02,
      1021,    2.511800e+02,    9.213086e-02,    1.553444e-02,   -4.702214e-02,    1.286050e-02,   -4.429526e-02,    5.651852e-01,    1.592380e-01,    4.101499e-01,    9.080200e-02,    3.249000e-02,   -4.224500e-02,    2.516500e-02,    3.000000e-02,    3.000000e-02,    3.000000e-02,    3.000000e-02,
      1021,    3.981000e+02,    8.638233e-02,    1.494986e-02,   -5.029960e-02,    1.117044e-02,   -1.080443e-01,   -1.331595e+00,    2.977201e-01,    3.852187e-01,    8.314100e-02,   -2.499800e-02,   -4.136800e-02,    2.272700e-02,    3.000000e-02,    3.000000e-02,    3.000000e-02,    3.000000e-02,
      1021,    6.309500e+02,    8.007858e-02,    1.269626e-02,   -5.385753e-02,    8.785238e-03,    1.581381e+00,   -1.089542e+00,    3.794510e-01,    4.412254e-01,    1.275200e-01,   -1.999000e-02,   -4.247400e-02,    2.202200e-02,    3.000000e-02,    3.000000e-02,    3.000000e-02,    3.000000e-02,
      1021,    1.000000e+03,    7.450270e-02,    7.676003e-03,   -5.618788e-02,    5.281506e-03,    2.274910e+00,   -2.111934e-01,    5.170959e-01,    6.050831e-01,    1.427500e-01,    1.340200e-03,   -4.067500e-02,    2.343400e-02,    3.000000e-02,    3.000000e-02,    3.000000e-02,    3.000000e-02,
      1022,    1.000000e+02,   -4.387557e-03,    2.204714e-02,    5.381717e-02,    1.391498e-02,   -4.737481e-01,   -3.653714e-01,    7.592780e-02,   -3.741693e-01,   -1.860000e-02,    1.108600e-02,    5.609500e-02,    2.689900e-03,    3.000000e-02,    3.000000e-02,    3.000000e-02,    3.000000e-02,
      1022,    1.584800e+02,    1.825591e-03,   -4.328552e-03,    4.643888e-02,    4.861590e-03,   -3.972864e-01,   -4.037816e-01,    3.229374e-01,   -1.966697e-01,   -1.009300e-02,   -1.644200e-02,    5.612700e-02,   -1.038500e-03,    3.000000e-02,    3.000000e-02,    3.000000e-02,    3.000000e-02,
      1022,    2.511800e+02,    1.424972e-02,   -1.795064e-02,    4.740394e-02,   -4.596649e-03,    1.384427e-01,   -5.332787e-01,    2.210020e-01,    1.124116e-01,    1.840300e-02,   -3.394900e-02,    5.403400e-02,   -1.224300e-03,    3.000000e-02,    3.000000e-02,    3.000000e-02,    3.000000e-02,
      1022,    3.981000e+02,    2.555763e-02,   -2.522780e-02,    5.209184e-02,   -1.082334e-02,    8.236124e-01,   -3.887334e-02,   -1.006281e-01,    4.264447e-01,    5.026600e-02,   -2.639400e-02,    4.907300e-02,    1.970000e-03,    3.000000e-02,    3.000000e-02,    3.000000e-02,    3.000000e-02,
      1022,    6.309500e+02,    3.723375e-02,   -2.999899e-02,    5.854066e-02,   -1.467625e-02,    6.914749e-01,    1.175220e+00,   -4.480888e-01,    6.933784e-01,    5.797800e-02,    5.257600e-03,    4.509800e-02,    6.125100e-03,    3.000000e-02,    3.000000e-02,    3.000000e-02,    3.000000e-02,
      1022,    1.000000e+03,    4.935291e-02,   -3.186755e-02,    6.626843e-02,   -1.569973e-02,   -4.946304e-01,    3.976516e-01,   -5.106811e-01,    8.018608e-01,    3.451400e-02,   -1.993800e-02,    5.094800e-02,    8.356100e-03,    3.000000e-02,    3.000000e-02,    3.000000e-02,    3.000000e-02,
      1023,    1.000000e+02,    6.180805e-02,   -9.720081e-03,   -9.749205e-02,    4.628912e-02,   -4.596349e-01,   -2.533062e-02,    1.175017e-01,   -7.163374e-01,    4.801900e-02,   -1.048000e-02,   -9.396700e-02,    2.479900e-02,    3.000000e-02,    3.000000e-02,    3.000000e-02,    3.000000e-02,
      1023,    1.584800e+02,    7.011413e-02,   -1.869781e-02,   -1.149637e-01,    3.209541e-02,   -4.839377e-01,   -3.440627e-02,   -2.687655e-02,   -5.337804e-01,    5.559600e-02,   -1.973000e-02,   -1.157700e-01,    1.608200e-02,    3.000000e-02,    3.000000e-02,    3.000000e-02,    3.000000e-02,
      1023,    2.511800e+02,    8.287935e-02,   -2.045918e-02,   -1.222133e-01,    1.632175e-02,   -4.752117e-01,   -3.952940e-01,   -8.075558e-01,   -4.683152e-01,    6.862300e-02,   -3.231800e-02,   -1.464400e-01,    2.272300e-03,    3.000000e-02,    3.000000e-02,    3.000000e-02,    3.000000e-02,
      1023,    3.981000e+02,    9.357863e-02,   -1.477192e-02,   -1.222706e-01,    3.496110e-03,    4.587909e-02,   -7.665360e-01,   -1.496981e+00,   -7.358703e-01,    9.495500e-02,   -3.776800e-02,   -1.671800e-01,   -1.858000e-02,    3.000000e-02,    3.000000e-02,    3.000000e-02,    3.000000e-02,
      1023,    6.309500e+02,    9.877446e-02,   -5.134965e-03,   -1.184737e-01,   -5.659785e-03,    1.259518e+00,   -5.000678e-01,   -8.768754e-01,   -1.216307e+00,    1.365600e-01,   -2.013700e-02,   -1.447800e-01,   -4.214900e-02,    3.000000e-02,    3.000000e-02,    3.000000e-02,    3.000000e-02,
      1023,    1.000000e+03,    9.778143e-02,    4.921341e-03,   -1.122486e-01,   -1.152853e-02,    2.154286e+00,   -2.897780e-01,   -2.177119e-01,   -1.386316e+00,    1.624100e-01,   -3.772000e-03,   -1.187800e-01,   -5.311800e-02,    3.000000e-02,    3.000000e-02,    3.000000e-02,    3.000000e-02,
      1024,    1.000000e+02,   -3.760804e-02,    6.878174e-02,    1.354453e-01,   -4.976639e-03,   -7.225987e-01,    1.519753e-01,    1.014823e+00,   -6.470454e-01,   -5.928600e-02,    7.334100e-02,    1.658900e-01,   -2.438800e-02,    3.000000e-02,    3.000000e-02,    3.000000e-02,    3.000000e-02,
      1024,    1.584800e+02,   -5.751870e-02,    5.895028e-02,    1.390633e-01,    5.441700e-03,   -1.927432e-01,    3.230241e-01,    6.415578e-01,   -4.681900e-01,   -6.330100e-02,    6.864100e-02,    1.583100e-01,   -8.604000e-03,    3.000000e-02,    3.000000e-02,    3.000000e-02,    3.000000e-02,
      1024,    2.511800e+02,   -7.401921e-02,    4.802890e-02,    1.370225e-01,    1.889227e-02,   -2.405976e-02,    5.606701e-01,    4.835823e-01,   -9.156389e-01,   -7.474100e-02,    6.484900e-02,    1.515300e-01,   -8.576900e-03,    3.000000e-02,    3.000000e-02,    3.000000e-02,    3.000000e-02,
      1024,    3.981000e+02,   -8.693991e-02,    3.650767e-02,    1.276636e-01,    3.306536e-02,   -2.485363e-01,    7.720109e-01,    7.198787e-01,   -1.798179e+00,   -9.439600e-02,    5.966800e-02,    1.492600e-01,   -2.088000e-02,    3.000000e-02,    3.000000e-02,    3.000000e-02,    3.000000e-02,
      1024,    6.309500e+02,   -9.587200e-02,    2.433142e-02,    1.099692e-01,    4.388264e-02,   -5.336001e-01,    1.092786e+00,    1.808358e+00,   -2.913521e+00,   -1.118800e-01,    5.711500e-02,    1.642200e-01,   -4.352300e-02,    3.000000e-02,    3.000000e-02,    3.000000e-02,    3.000000e-02,
      1025,    3.981000e+02,    2.450383e-02,    3.798663e-02,    6.279721e-02,   -2.591841e-02,    3.286391e-01,   -1.834888e+00,    1.018760e+00,    8.638904e-01,    3.436300e-02,   -1.706000e-02,    9.336000e-02,   -1.695700e-06,    3.000000e-02,    3.000000e-02,    3.000000e-02,    3.000000e-02,
      1025,    6.309500e+02,    1.124154e-02,    3.897799e-02,    5.450212e-02,   -1.617373e-03,    6.508819e-01,   -1.768266e+00,    1.126696e+00,    2.803178e-02,    3.076800e-02,   -1.407000e-02,    8.830300e-02,   -7.764200e-04,    3.000000e-02,    3.000000e-02,    3.000000e-02,    3.000000e-02,
      1025,    1.000000e+03,   -1.063550e-03,    3.842283e-02,    4.224396e-02,    8.354327e-03,    1.185785e+00,   -1.578084e+00,    1.593935e+00,   -9.326776e-01,    3.451000e-02,   -8.919700e-03,    9.006200e-02,   -1.962600e-02,    3.000000e-02,    3.000000e-02,    3.000000e-02,    3.000000e-02,
      1026,    1.000000e+02,    3.365445e-03,   -5.552584e-03,    6.906083e-02,   -2.229634e-02,    9.910185e-01,    3.956961e-01,   -3.738611e-01,    3.937446e-01,    3.309600e-02,    6.318300e-03,    5.784500e-02,   -1.048400e-02,    3.000000e-02,    3.000000e-02,    3.000000e-02,    3.000000e-02,
      1026,    1.584800e+02,    1.289898e-02,   -1.263382e-02,    6.669173e-02,    3.933407e-03,    8.469673e-01,    4.501206e-01,    2.337423e-01,   -4.046356e-02,    3.830800e-02,    8.698000e-04,    7.370400e-02,    2.719500e-03,    3.000000e-02,    3.000000e-02,    3.000000e-02,    3.000000e-02,
      1026,    2.511800e+02,    2.129194e-02,   -1.464665e-02,    5.436320e-02,    1.727508e-02,    5.264352e-01,    5.333882e-01,    1.235602e-01,    1.037305e-01,    3.708500e-02,    1.355000e-03,    5.807000e-02,    2.038700e-02,    3.000000e-02,    3.000000e-02,    3.000000e-02,    3.000000e-02,
      1026,    3.981000e+02,    2.761816e-02,   -1.412591e-02,    4.330453e-02,    2.262680e-02,    6.066144e-02,    3.561237e-01,   -1.750845e-01,   -6.102661e-02,    2.943800e-02,   -3.442200e-03,    3.805200e-02,    2.079600e-02,    3.000000e-02,    3.000000e-02,    3.000000e-02,    3.000000e-02,
      1026,    6.309500e+02,    3.215318e-02,   -1.298496e-02,    3.303334e-02,    2.560346e-02,   -3.457728e-01,    6.266544e-02,    1.722220e-01,   -5.585720e-01,    2.178000e-02,   -1.110500e-02,    3.820000e-02,    8.846300e-03,    3.000000e-02,    3.000000e-02,    3.000000e-02,    3.000000e-02,
      1026,    1.000000e+03,    3.555873e-02,   -1.216503e-02,    2.273807e-02,    2.605686e-02,   -7.592577e-01,   -1.417657e-01,   -1.286356e-01,   -9.931253e-01,    1.278100e-02,   -1.641800e-02,    1.887900e-02,   -3.736900e-03,    3.000000e-02,    3.000000e-02,    3.000000e-02,    3.000000e-02,
      1027,    1.000000e+02,   -5.947027e-02,    8.635053e-02,   -1.103565e-01,    6.257972e-02,    1.069942e+00,    2.878491e-01,   -8.747832e-01,   -1.504575e-01,   -2.737200e-02,    9.498600e-02,   -1.366000e-01,    5.806600e-02,    3.000000e-02,    3.000000e-02,    3.000000e-02,    3.000000e-02,
      1027,    1.584800e+02,   -8.341300e-02,    7.811891e-02,   -1.272232e-01,    3.584723e-02,    6.289334e-01,    4.030029e-01,   -6.318934e-01,   -6.324077e-01,   -6.454500e-02,    9.020900e-02,   -1.461800e-01,    1.687500e-02,    3.000000e-02,    3.000000e-02,    3.000000e-02,    3.000000e-02,
      1027,    2.511800e+02,   -1.069764e-01,    7.098048e-02,   -1.339822e-01,    6.134951e-03,    3.278136e-01,    2.410508e-01,   -6.725906e-02,   -7.719650e-01,   -9.714200e-02,    7.821200e-02,   -1.360000e-01,   -1.702400e-02,    3.000000e-02,    3.000000e-02,    3.000000e-02,    3.000000e-02,
      1027,    3.981000e+02,   -1.302965e-01,    6.049866e-02,   -1.279201e-01,   -2.254812e-02,    2.325489e-01,   -1.770552e-01,    4.526706e-01,   -3.733626e-01,   -1.233200e-01,    5.518700e-02,   -1.143400e-01,   -3.374900e-02,    3.000000e-02,    3.000000e-02,    3.000000e-02,    3.000000e-02,
      1027,    6.309500e+02,   -1.493174e-01,    4.502332e-02,   -1.114483e-01,   -4.545699e-02,    4.989144e-01,   -5.835772e-01,    5.472783e-01,    2.556662e-01,   -1.343500e-01,    2.751600e-02,   -9.503000e-02,   -3.778700e-02,    3.000000e-02,    3.000000e-02,    3.000000e-02,    3.000000e-02,
      1027,    1.000000e+03,   -1.606608e-01,    2.685033e-02,   -8.880864e-02,   -6.149539e-02,    9.410257e-01,   -7.260711e-01,    2.345213e-01,    6.090797e-01,   -1.324300e-01,    5.068200e-03,   -8.177300e-02,   -4.322300e-02,    3.000000e-02,    3.000000e-02,    3.000000e-02,    3.000000e-02,
      1028,    1.000000e+02,   -4.261667e-02,    3.331253e-02,   -1.245941e-01,    4.194120e-02,    7.351222e-01,    2.467157e-01,   -5.248648e-01,    3.749266e-01,   -2.056300e-02,    4.071400e-02,   -1.403400e-01,    5.318900e-02,    3.000000e-02,    3.000000e-02,    3.000000e-02,    3.000000e-02,
      1028,    1.584800e+02,   -4.795606e-02,    2.002676e-02,   -1.327277e-01,    2.570865e-02,    3.876021e-01,    5.210079e-01,   -5.200768e-01,    1.546115e-01,   -3.632800e-02,    3.565700e-02,   -1.483300e-01,    3.034700e-02,    3.000000e-02,    3.000000e-02,    3.000000e-02,    3.000000e-02,
      1028,    2.511800e+02,   -4.889284e-02,    1.048501e-02,   -1.353679e-01,    1.132677e-02,   -1.049719e-01,    5.396998e-01,   -1.854025e-01,    1.592408e-01,   -5.204200e-02,    2.667600e-02,   -1.409300e-01,    1.610400e-02,    3.000000e-02,    3.000000e-02,    3.000000e-02,    3.000000e-02,
      1028,    3.981000e+02,   -4.656863e-02,    3.992896e-03,   -1.343999e-01,    7.354919e-04,   -4.786457e-01,    1.643368e-01,   -6.400344e-02,    2.851936e-01,   -6.092800e-02,    8.923000e-03,   -1.363200e-01,    9.291300e-03,    3.000000e-02,    3.000000e-02,    3.000000e-02,    3.000000e-02,
      1028,    6.309500e+02,   -4.088588e-02,    2.349746e-03,   -1.334633e-01,   -7.784173e-03,   -6.623039e-01,   -6.461582e-01,   -9.722340e-02,    8.896724e-01,   -6.075500e-02,   -1.703500e-02,   -1.363800e-01,    1.890600e-02,    3.000000e-02,    3.000000e-02,    3.000000e-02,    3.000000e-02,
      1028,    1.000000e+03,   -3.519436e-02,    8.822612e-03,   -1.324269e-01,   -1.886585e-02,   -4.686547e-01,   -1.246287e+00,   -4.207712e-01,    1.780528e+00,   -4.925400e-02,   -2.856600e-02,   -1.450500e-01,    3.455000e-02,    3.000000e-02,    3.000000e-02,    3.000000e-02,    3.000000e-02,
      1029,    1.000000e+02,   -3.302084e-02,    2.957861e-02,   -4.841786e-03,   -1.051338e-02,   -1.654388e-01,   -1.312254e+00,   -7.038071e-01,   -9.372874e-01,   -3.798400e-02,   -9.789000e-03,   -2.595600e-02,   -3.863200e-02,    3.000000e-02,    3.000000e-02,    3.000000e-02,    3.000000e-02,
      1029,    1.584800e+02,   -4.207426e-02,    1.753816e-02,   -7.782884e-03,   -2.147019e-02,    4.456752e-01,   -7.904186e-01,   -1.510372e-01,   -5.577603e-01,   -2.870400e-02,   -6.174400e-03,   -1.231400e-02,   -3.820300e-02,    3.000000e-02,    3.000000e-02,    3.000000e-02,    3.000000e-02,
      1029,    2.511800e+02,   -4.389497e-02,    4.772840e-03,   -2.693946e-03,   -4.136927e-02,    6.427658e-01,   -1.767647e-01,    1.453149e-01,    1.315758e-01,   -2.461200e-02,   -5.301000e-04,    1.665500e-03,   -3.742200e-02,    3.000000e-02,    3.000000e-02,    3.000000e-02,    3.000000e-02,
      1029,    3.981000e+02,   -3.981782e-02,   -4.543745e-03,    1.685573e-02,   -6.228217e-02,    5.839275e-01,    2.299748e-01,    2.875574e-03,    8.126055e-01,   -2.230000e-02,    2.355500e-03,    1.694200e-02,   -3.790400e-02,    3.000000e-02,    3.000000e-02,    3.000000e-02,    3.000000e-02,
      1029,    6.309500e+02,   -3.298511e-02,   -9.095869e-03,    4.752495e-02,   -7.318316e-02,    4.094371e-01,    4.494223e-01,   -4.740985e-01,    1.259539e+00,   -2.070200e-02,    4.386800e-03,    3.330200e-02,   -3.539700e-02,    3.000000e-02,    3.000000e-02,    3.000000e-02,    3.000000e-02,
      1029,    1.000000e+03,   -2.556684e-02,   -8.799496e-03,    7.788135e-02,   -7.106170e-02,   -4.748387e-01,    5.909599e-01,   -1.140778e+00,    1.337757e+00,   -3.981200e-02,    8.929300e-03,    4.365800e-02,   -3.092900e-02,    3.000000e-02,    3.000000e-02,    3.000000e-02,    3.000000e-02,
      1030,    1.000000e+02,   -9.672410e-02,   -1.890292e-02,    1.276047e-01,    8.017521e-03,    4.296699e-01,    1.411564e+00,   -1.219357e+00,   -1.503974e-01,   -8.383400e-02,    2.344400e-02,    9.102400e-02,    3.505600e-03,    3.000000e-02,    3.000000e-02,    3.000000e-02,    3.000000e-02,
      1030,    1.584800e+02,   -7.720225e-02,   -1.891070e-02,    1.109052e-01,    1.656895e-02,   -1.380249e-01,    9.651566e-01,   -9.124718e-01,   -5.497144e-01,   -8.134300e-02,    1.004400e-02,    8.353100e-02,    7.752300e-05,    3.000000e-02,    3.000000e-02,    3.000000e-02,    3.000000e-02,
      1030,    2.511800e+02,   -6.689005e-02,   -8.704970e-03,    9.772017e-02,    1.107618e-02,   -2.797316e-01,    4.640090e-01,   -5.192391e-01,   -7.075726e-01,   -7.528200e-02,    5.215300e-03,    8.214300e-02,   -1.015100e-02,    3.000000e-02,    3.000000e-02,    3.000000e-02,    3.000000e-02,
      1030,    3.981000e+02,   -6.549250e-02,    2.092518e-03,    9.330798e-02,    4.467262e-04,   -2.629833e-01,    1.467894e-01,   -1.896325e-01,   -7.439242e-01,   -7.338200e-02,    6.496200e-03,    8.761900e-02,   -2.187100e-02,    3.000000e-02,    3.000000e-02,    3.000000e-02,    3.000000e-02,
      1030,    6.309500e+02,   -6.835320e-02,    1.063916e-02,    9.623294e-02,   -9.324890e-03,   -2.725933e-01,   -4.156533e-02,   -8.564633e-03,   -6.236037e-01,   -7.653100e-02,    9.392200e-03,    9.597600e-02,   -2.803300e-02,    3.000000e-02,    3.000000e-02,    3.000000e-02,    3.000000e-02,
      1030,    1.000000e+03,   -7.309137e-02,    1.746215e-02,    1.036652e-01,   -1.542771e-02,   -1.744210e-01,   -2.037717e-01,    1.114929e-01,   -4.062763e-01,   -7.832400e-02,    1.134900e-02,    1.070100e-01,   -2.761600e-02,    3.000000e-02,    3.000000e-02,    3.000000e-02,    3.000000e-02,
      1031,    1.000000e+02,   -3.667715e-02,    3.058558e-02,    3.371669e-02,   -1.947782e-02,    1.033382e-01,   -9.388604e-02,   -5.167563e-01,    9.046639e-01,   -3.357700e-02,    2.776900e-02,    1.821400e-02,    7.662100e-03,    3.000000e-02,    3.000000e-02,    3.000000e-02,    3.000000e-02,
      1031,    1.584800e+02,   -4.129478e-02,    1.529421e-02,    3.797270e-02,   -1.974533e-02,    6.489926e-01,   -1.094069e-01,   -2.660233e-01,    3.541677e-01,   -2.182500e-02,    1.201200e-02,    2.999200e-02,   -9.120300e-03,    3.000000e-02,    3.000000e-02,    3.000000e-02,    3.000000e-02,
      1031,    2.511800e+02,   -3.858685e-02,    4.694062e-03,    4.289692e-02,   -2.228716e-02,    9.732049e-01,   -3.414287e-01,    9.760266e-02,   -1.452613e-01,   -9.390700e-03,   -5.548800e-03,    4.582500e-02,   -2.664500e-02,    3.000000e-02,    3.000000e-02,    3.000000e-02,    3.000000e-02,
      1031,    3.981000e+02,   -3.323599e-02,    1.014188e-03,    5.023385e-02,   -2.560938e-02,    5.370663e-01,   -5.191492e-02,    2.723718e-01,    3.801460e-01,   -1.712400e-02,   -5.432600e-04,    5.840500e-02,   -1.420500e-02,    3.000000e-02,    3.000000e-02,    3.000000e-02,    3.000000e-02,
      1031,    6.309500e+02,   -2.941172e-02,    2.992420e-03,    5.964422e-02,   -2.773884e-02,    1.890583e-03,    1.460427e-01,    6.218594e-01,    1.106945e+00,   -2.935500e-02,    7.373700e-03,    7.830000e-02,    5.469500e-03,    3.000000e-02,    3.000000e-02,    3.000000e-02,    3.000000e-02,
      1031,    1.000000e+03,   -2.931024e-02,    7.878660e-03,    6.991324e-02,   -2.796626e-02,   -6.462587e-01,    4.005113e-01,    1.328225e+00,    2.151642e+00,   -4.869800e-02,    1.989400e-02,    1.097600e-01,    3.658300e-02,    3.000000e-02,    3.000000e-02,    3.000000e-02,    3.000000e-02,
      1032,    1.000000e+02,    2.375199e-02,    8.963535e-02,    2.233128e-02,   -2.614888e-03,   -1.674733e+00,   -3.971117e-01,    5.532573e-01,   -3.023037e+00,   -2.649000e-02,    7.772200e-02,    3.892900e-02,   -9.330600e-02,    3.000000e-02,    3.000000e-02,    3.000000e-02,    3.000000e-02,
      1032,    1.584800e+02,   -9.050314e-03,    7.301031e-02,    1.950538e-02,    6.965426e-03,    4.148138e-01,    8.607562e-01,   -1.057879e+00,   -1.965948e+00,    3.394100e-03,    9.883300e-02,   -1.223100e-02,   -5.201300e-02,    3.000000e-02,    3.000000e-02,    3.000000e-02,    3.000000e-02,
      1032,    2.511800e+02,   -3.348941e-02,    4.556177e-02,    1.368417e-02,    1.011585e-02,   -1.572486e+00,   -3.204589e-01,   -1.242806e+00,   -1.298795e+00,   -8.066400e-02,    3.594800e-02,   -2.360000e-02,   -2.884800e-02,    3.000000e-02,    3.000000e-02,    3.000000e-02,    3.000000e-02,
      1032,    3.981000e+02,   -3.959575e-02,    1.392459e-02,    1.136337e-02,    1.180347e-02,   -1.098742e+00,   -3.696230e-01,   -1.015479e+00,   -1.952624e-01,   -7.255800e-02,    2.835900e-03,   -1.910100e-02,    5.945600e-03,    3.000000e-02,    3.000000e-02,    3.000000e-02,    3.000000e-02,
      1032,    6.309500e+02,   -3.092810e-02,   -7.348664e-03,    8.030902e-03,    1.707484e-02,   -9.059299e-01,   -1.764779e-01,   -1.144897e+00,    1.147720e-01,   -5.810600e-02,   -1.264300e-02,   -2.631600e-02,    2.051800e-02,    3.000000e-02,    3.000000e-02,    3.000000e-02,    3.000000e-02,
      1032,    1.000000e+03,   -2.095779e-02,   -1.826563e-02,    3.610289e-04,    2.154708e-02,   -1.481474e+00,    1.437542e-01,   -1.265168e+00,    6.125638e-01,   -6.540200e-02,   -1.395300e-02,   -3.759400e-02,    3.992400e-02,    3.000000e-02,    3.000000e-02,    3.000000e-02,    3.000000e-02,
      1033,    1.000000e+02,   -7.647928e-02,   -9.468208e-03,   -7.755191e-02,   -1.246802e-02,    1.005093e-01,   -3.918931e-01,   -4.365031e-01,   -5.043255e-02,   -7.346400e-02,   -2.122500e-02,   -9.064700e-02,   -1.398100e-02,    3.000000e-02,    3.000000e-02,    3.000000e-02,    3.000000e-02,
      1033,    1.584800e+02,   -7.608543e-02,   -3.411253e-03,   -7.238514e-02,   -1.442766e-02,    2.261809e-01,   -5.257155e-02,   -4.248619e-01,   -1.153448e-01,   -6.930000e-02,   -4.988400e-03,   -8.513100e-02,   -1.788800e-02,    3.000000e-02,    3.000000e-02,    3.000000e-02,    3.000000e-02,
      1033,    2.511800e+02,   -7.655681e-02,    1.199976e-03,   -6.787722e-02,   -1.612158e-02,    1.174269e-01,    1.564608e-01,   -1.573926e-01,   -1.979473e-01,   -7.303400e-02,    5.893800e-03,   -7.259900e-02,   -2.206000e-02,    3.000000e-02,    3.000000e-02,    3.000000e-02,    3.000000e-02,
      1033,    3.981000e+02,   -7.710913e-02,    5.367673e-03,   -6.343590e-02,   -1.835732e-02,   -4.982886e-02,    1.815109e-01,    4.879656e-02,   -1.275228e-01,   -7.860400e-02,    1.081300e-02,   -6.197200e-02,   -2.218300e-02,    3.000000e-02,    3.000000e-02,    3.000000e-02,    3.000000e-02,
      1033,    6.309500e+02,   -7.755670e-02,    1.048242e-02,   -5.833309e-02,   -2.163955e-02,    3.201233e-01,    1.530192e-01,    2.243362e-01,    5.910516e-01,   -6.795300e-02,    1.507300e-02,   -5.160300e-02,   -3.908000e-03,    3.000000e-02,    3.000000e-02,    3.000000e-02,    3.000000e-02,
      1034,    1.000000e+02,   -1.049266e-01,   -1.235735e-01,   -1.694714e-01,   -1.339607e-01,   -3.194464e-01,   -1.345217e+00,   -7.226197e-01,   -6.696439e-01,   -1.145100e-01,   -1.639300e-01,   -1.911500e-01,   -1.540500e-01,    3.000000e-02,    3.000000e-02,    3.000000e-02,    3.000000e-02,
      1034,    1.584800e+02,   -5.749463e-02,   -1.159662e-01,   -1.050423e-01,   -1.498244e-01,    4.723876e-01,   -1.093459e+00,   -4.815884e-01,   -9.145185e-01,   -4.332300e-02,   -1.487700e-01,   -1.194900e-01,   -1.772600e-01,    3.000000e-02,    3.000000e-02,    3.000000e-02,    3.000000e-02,
      1034,    2.511800e+02,   -1.955783e-02,   -1.023095e-01,   -4.359519e-02,   -1.454142e-01,    1.039661e+00,   -3.970167e-01,   -2.878270e-01,   -8.461932e-01,    1.163200e-02,   -1.142200e-01,   -5.223000e-02,   -1.708000e-01,    3.000000e-02,    3.000000e-02,    3.000000e-02,    3.000000e-02,
      1034,    3.981000e+02,    1.133286e-02,   -8.664508e-02,    7.903535e-03,   -1.279044e-01,    1.041271e+00,    5.347693e-01,    4.027217e-02,   -4.458528e-01,    4.257100e-02,   -7.060200e-02,    9.111700e-03,   -1.412800e-01,    3.000000e-02,    3.000000e-02,    3.000000e-02,    3.000000e-02,
      1034,    6.309500e+02,    3.675809e-02,   -6.903113e-02,    4.760083e-02,   -1.036779e-01,    2.541636e-01,    7.354708e-01,    1.908390e-01,   -2.164035e-01,    4.438300e-02,   -4.696700e-02,    5.332600e-02,   -1.101700e-01,    3.000000e-02,    3.000000e-02,    3.000000e-02,    3.000000e-02,
      1034,    1.000000e+03,    5.537941e-02,   -4.881251e-02,    7.510668e-02,   -7.716250e-02,   -1.294047e+00,    7.005504e-01,   -5.661227e-01,    1.969166e-01,    1.655800e-02,   -2.779600e-02,    5.812300e-02,   -7.125500e-02,    3.000000e-02,    3.000000e-02,    3.000000e-02,    3.000000e-02,
      1035,    1.000000e+02,   -6.330689e-02,   -1.874675e-02,    1.558256e-01,    5.958897e-02,    6.468962e-01,    5.172513e-02,    5.758138e-01,   -1.428766e+00,   -4.390000e-02,   -1.719500e-02,    1.731000e-01,    1.672600e-02,    3.000000e-02,    3.000000e-02,    3.000000e-02,    3.000000e-02,
      1035,    1.584800e+02,   -5.107384e-02,   -3.503433e-02,    1.246223e-01,    7.711082e-02,    5.898280e-01,   -8.148896e-02,    1.374589e+00,   -5.568273e-01,   -3.337900e-02,   -3.747900e-02,    1.658600e-01,    6.040600e-02,    3.000000e-02,    3.000000e-02,    3.000000e-02,    3.000000e-02,
      1035,    6.309500e+02,    8.370442e-03,   -4.835504e-02,    2.768944e-02,    7.500723e-02,    3.552519e-01,    4.543681e-01,    6.061852e-01,    3.072092e+00,    1.902800e-02,   -3.472400e-02,    4.587500e-02,    1.671700e-01,    3.000000e-02,    3.000000e-02,    3.000000e-02,    3.000000e-02,
      1036,    1.000000e+02,   -8.589812e-02,    1.381579e-01,    1.905464e-01,    2.934073e-02,   -5.969063e+00,    2.205071e+00,    4.184520e-01,    4.395091e-01,   -2.649700e-01,    2.043100e-01,    2.031000e-01,    4.252600e-02,    3.000000e-02,    3.000000e-02,    3.000000e-02,    3.000000e-02,
      1036,    1.584800e+02,   -1.123474e-01,    9.077277e-02,    1.770248e-01,    3.637445e-02,   -2.724754e+00,    4.775743e-01,    1.360507e+00,    4.031849e-01,   -1.940900e-01,    1.051000e-01,    2.178400e-01,    4.847000e-02,    3.000000e-02,    3.000000e-02,    3.000000e-02,    3.000000e-02,
      1036,    2.511800e+02,   -1.186086e-01,    6.171057e-02,    1.616572e-01,    3.945146e-02,    4.316195e-01,   -4.610858e-01,    2.107428e+00,    1.160585e+00,   -1.056600e-01,    4.787800e-02,    2.248800e-01,    7.426900e-02,    3.000000e-02,    3.000000e-02,    3.000000e-02,    3.000000e-02,
      1036,    3.981000e+02,   -1.239442e-01,    4.965221e-02,    1.462144e-01,    3.885066e-02,    1.495172e+00,   -4.998403e-01,    2.389187e+00,    1.751245e+00,   -7.908900e-02,    3.465700e-02,    2.178900e-01,    9.138800e-02,    3.000000e-02,    3.000000e-02,    3.000000e-02,    3.000000e-02,
      1036,    6.309500e+02,   -1.327272e-01,    4.289174e-02,    1.312537e-01,    3.533338e-02,    1.992005e+00,    4.089087e-01,    2.545544e+00,    9.317872e-01,   -7.296700e-02,    5.515900e-02,    2.076200e-01,    6.328700e-02,    3.000000e-02,    3.000000e-02,    3.000000e-02,    3.000000e-02,
      1036,    1.000000e+03,   -1.416110e-01,    3.787484e-02,    1.166377e-01,    2.809513e-02,    2.245699e+00,    5.415052e-01,    2.625411e+00,    1.229096e+00,   -7.424000e-02,    5.412000e-02,    1.954000e-01,    6.496800e-02,    3.000000e-02,    3.000000e-02,    3.000000e-02,    3.000000e-02,
      1037,    1.000000e+02,   -5.473944e-02,    3.346178e-02,   -2.665577e-01,   -8.703224e-02,    7.559147e-01,   -2.223759e+00,    1.289257e+00,   -3.318592e+00,   -3.206200e-02,   -3.325100e-02,   -2.278800e-01,   -1.865900e-01,    3.000000e-02,    3.000000e-02,    3.000000e-02,    3.000000e-02,
      1037,    1.584800e+02,   -4.711942e-02,    8.936992e-03,   -2.086616e-01,   -1.004438e-01,    1.527671e+00,   -1.118166e+00,    1.098054e+00,   -6.098741e-01,   -1.289300e-03,   -2.460800e-02,   -1.757200e-01,   -1.187400e-01,    3.000000e-02,    3.000000e-02,    3.000000e-02,    3.000000e-02,
      1037,    2.511800e+02,   -3.291948e-02,    1.951869e-03,   -1.631558e-01,   -8.119262e-02,    1.787283e+00,    8.406437e-02,    3.478593e-01,    6.574541e-01,    2.069900e-02,    4.473800e-03,   -1.527200e-01,   -6.146900e-02,    3.000000e-02,    3.000000e-02,    3.000000e-02,    3.000000e-02,
      1037,    3.981000e+02,   -2.479538e-02,    1.058199e-02,   -1.475270e-01,   -5.755803e-02,    1.175913e+00,    8.826336e-01,   -6.804350e-01,    5.478010e-01,    1.048200e-02,    3.706100e-02,   -1.679400e-01,   -4.112400e-02,    3.000000e-02,    3.000000e-02,    3.000000e-02,    3.000000e-02,
      1037,    6.309500e+02,   -2.976421e-02,    2.236416e-02,   -1.421273e-01,   -5.184778e-02,   -3.672263e-01,    7.859613e-01,   -1.199090e+00,   -7.443407e-01,   -4.078100e-02,    4.594300e-02,   -1.781000e-01,   -7.417800e-02,    3.000000e-02,    3.000000e-02,    3.000000e-02,    3.000000e-02,
      1037,    1.000000e+03,   -3.984134e-02,    2.824839e-02,   -1.310397e-01,   -5.397029e-02,   -1.622389e+00,    7.742203e-01,   -7.080095e-01,   -6.333903e-01,   -8.851300e-02,    5.147500e-02,   -1.522800e-01,   -7.297200e-02,    3.000000e-02,    3.000000e-02,    3.000000e-02,    3.000000e-02,
      1039,    1.000000e+02,    1.039602e-01,    8.435273e-02,    4.583118e-02,    1.468557e-01,   -5.050052e-01,   -8.945778e-02,    3.554939e-01,   -1.578577e-01,    8.881000e-02,    8.166900e-02,    5.649600e-02,    1.421200e-01,    3.000000e-02,    3.000000e-02,    3.000000e-02,    3.000000e-02,
      1039,    1.584800e+02,    7.330346e-02,    9.060820e-02,    1.270487e-02,    1.107519e-01,   -2.797153e-01,   -2.890399e-01,    1.660043e-01,   -6.064197e-03,    6.491200e-02,    8.193700e-02,    1.768500e-02,    1.105700e-01,    3.000000e-02,    3.000000e-02,    3.000000e-02,    3.000000e-02,
      1039,    2.511800e+02,    3.931128e-02,    9.085241e-02,   -1.040647e-02,    8.338266e-02,   -1.379760e-01,   -1.142470e-01,    1.919123e-01,    3.244469e-02,    3.517200e-02,    8.742500e-02,   -4.649100e-03,    8.435600e-02,    3.000000e-02,    3.000000e-02,    3.000000e-02,    3.000000e-02,
      1039,    3.981000e+02,    6.133272e-03,    8.273377e-02,   -2.811692e-02,    5.973614e-02,   -2.385908e-02,    2.180411e-01,    3.096305e-01,    3.119953e-01,    5.417500e-03,    8.927500e-02,   -1.882800e-02,    6.909600e-02,    3.000000e-02,    3.000000e-02,    3.000000e-02,    3.000000e-02,
      1039,    6.309500e+02,   -2.080162e-02,    6.773900e-02,   -3.862109e-02,    3.793776e-02,   -5.142127e-01,    1.600009e-03,   -1.447969e-01,    7.211748e-01,   -3.622800e-02,    6.778700e-02,   -4.296500e-02,    5.957300e-02,    3.000000e-02,    3.000000e-02,    3.000000e-02,    3.000000e-02,
      1040,    1.000000e+02,   -7.052583e-02,    4.345773e-02,    8.383205e-02,   -1.505274e-01,   -4.392390e-01,    1.095642e+00,    4.638985e-01,    1.157841e-02,   -8.370300e-02,    7.632700e-02,    9.774900e-02,   -1.501800e-01,    3.000000e-02,    3.000000e-02,    3.000000e-02,    3.000000e-02,
      1040,    1.584800e+02,   -8.248210e-02,    4.612134e-02,    1.203430e-01,   -1.048245e-01,   -4.454298e-01,    1.532855e+00,    3.642318e-01,    9.149693e-03,   -9.584500e-02,    9.210700e-02,    1.312700e-01,   -1.045500e-01,    3.000000e-02,    3.000000e-02,    3.000000e-02,    3.000000e-02,
      1040,    2.511800e+02,   -9.780036e-02,    4.673286e-02,    1.308753e-01,   -7.256424e-02,   -4.466547e-01,    2.478238e+00,    3.114901e-01,    7.910786e-02,   -1.112000e-01,    1.210800e-01,    1.402200e-01,   -7.019100e-02,    3.000000e-02,    3.000000e-02,    3.000000e-02,    3.000000e-02,
      1040,    3.981000e+02,   -1.141941e-01,    4.464884e-02,    1.366540e-01,   -6.012068e-02,   -4.455311e-01,    3.547039e+00,    4.320120e-02,   -8.524401e-02,   -1.275600e-01,    1.510600e-01,    1.379500e-01,   -6.267800e-02,    3.000000e-02,    3.000000e-02,    3.000000e-02,    3.000000e-02,
      1040,    6.309500e+02,   -1.290485e-01,    3.818362e-02,    1.453649e-01,   -5.607127e-02,   -6.271645e-02,    4.750213e+00,   -5.618284e-01,   -8.700245e-01,   -1.309300e-01,    1.806900e-01,    1.285100e-01,   -8.217200e-02,    3.000000e-02,    3.000000e-02,    3.000000e-02,    3.000000e-02,
      1040,    1.000000e+03,   -1.383066e-01,    3.040693e-02,    1.545861e-01,   -5.768027e-02,    1.115555e+00,    4.451769e+00,   -1.685871e+00,   -1.681991e+00,   -1.048400e-01,    1.639600e-01,    1.040100e-01,   -1.081400e-01,    3.000000e-02,    3.000000e-02,    3.000000e-02,    3.000000e-02,
      1041,    2.511800e+02,    7.282360e-02,   -1.955739e-02,    1.815419e-01,   -3.430397e-02,    1.740547e+00,    1.807131e-01,    1.932936e+00,    2.749323e-01,    1.250400e-01,   -1.413600e-02,    2.395300e-01,   -2.605600e-02,    3.000000e-02,    3.000000e-02,    3.000000e-02,    3.000000e-02,
      1041,    3.981000e+02,    8.251669e-02,   -6.983511e-03,    1.916187e-01,   -1.425888e-02,    1.535444e+00,    3.206537e-01,    1.216377e+00,    4.406327e-01,    1.285800e-01,    2.636100e-03,    2.281100e-01,   -1.039900e-03,    3.000000e-02,    3.000000e-02,    3.000000e-02,    3.000000e-02,
      1041,    6.309500e+02,    8.291261e-02,    8.031606e-03,    1.921680e-01,    6.824816e-03,    1.870913e+00,    3.922798e-01,    6.330656e-01,    4.651728e-01,    1.390400e-01,    1.980000e-02,    2.111600e-01,    2.078000e-02,    3.000000e-02,    3.000000e-02,    3.000000e-02,    3.000000e-02,
      1042,    1.000000e+02,    2.045792e-02,    2.852151e-02,   -9.730211e-03,   -7.954185e-03,   -9.086974e-01,   -3.527170e-01,    3.960604e-01,    1.299762e-01,   -6.803000e-03,    1.794000e-02,    2.151600e-03,   -4.054900e-03,    3.000000e-02,    3.000000e-02,    3.000000e-02,    3.000000e-02,
      1042,    1.584800e+02,    4.182306e-03,    3.265432e-02,   -2.427863e-03,   -1.860673e-02,   -4.246102e-01,   -6.496773e-01,    3.365388e-01,    7.395756e-02,   -8.556000e-03,    1.316400e-02,    7.668300e-03,   -1.638800e-02,    3.000000e-02,    3.000000e-02,    3.000000e-02,    3.000000e-02,
      1042,    2.511800e+02,   -1.115108e-02,    2.611088e-02,    1.122824e-02,   -2.151940e-02,    3.693608e-02,   -5.755661e-01,    2.291254e-01,   -1.042200e-01,   -1.004300e-02,    8.843900e-03,    1.810200e-02,   -2.464600e-02,    3.000000e-02,    3.000000e-02,    3.000000e-02,    3.000000e-02,
      1042,    3.981000e+02,   -1.928976e-02,    1.494649e-02,    2.297797e-02,   -1.540774e-02,    2.713921e-01,   -3.095395e-01,    2.407011e-01,   -4.067419e-01,   -1.114800e-02,    5.660300e-03,    3.019900e-02,   -2.761000e-02,    3.000000e-02,    3.000000e-02,    3.000000e-02,    3.000000e-02,
      1042,    6.309500e+02,   -2.106407e-02,    4.594385e-03,    2.828652e-02,   -5.211833e-03,    3.571022e-01,   -5.907950e-02,    3.992161e-01,   -7.139722e-01,   -1.035100e-02,    2.822000e-03,    4.026300e-02,   -2.663100e-02,    3.000000e-02,    3.000000e-02,    3.000000e-02,    3.000000e-02,
      1043,    1.000000e+02,    1.533192e-01,   -1.583532e-02,    6.317016e-02,   -4.733628e-02,    2.716928e-01,    7.944412e-02,    3.727278e-01,   -5.693906e-01,    1.614700e-01,   -1.345200e-02,    7.435200e-02,   -6.441800e-02,    3.000000e-02,    3.000000e-02,    3.000000e-02,    3.000000e-02,
      1043,    1.584800e+02,    1.538795e-01,    1.396028e-02,    7.912924e-02,   -3.006159e-02,    1.263509e-01,    2.406573e-01,    6.046919e-01,   -7.241366e-02,    1.576700e-01,    2.118000e-02,    9.727000e-02,   -3.223400e-02,    3.000000e-02,    3.000000e-02,    3.000000e-02,    3.000000e-02,
      1043,    2.511800e+02,    1.404344e-01,    4.103785e-02,    8.455074e-02,   -1.069996e-02,    7.985299e-02,    1.613049e-01,    4.738086e-01,    2.966788e-01,    1.428300e-01,    4.587700e-02,    9.876500e-02,   -1.799600e-03,    3.000000e-02,    3.000000e-02,    3.000000e-02,    3.000000e-02,
      1043,    3.981000e+02,    1.163937e-01,    5.999754e-02,    8.059474e-02,    5.041645e-03,   -5.112191e-02,    1.985154e-01,    1.183087e-01,    5.929785e-01,    1.148600e-01,    6.595300e-02,    8.414400e-02,    2.283100e-02,    3.000000e-02,    3.000000e-02,    3.000000e-02,    3.000000e-02,
      1043,    6.309500e+02,    8.800881e-02,    6.857193e-02,    7.144919e-02,    1.432059e-02,   -2.468937e-01,    1.202025e-01,   -1.057396e-01,    5.768470e-01,    8.060200e-02,    7.217800e-02,    6.827700e-02,    3.162600e-02,    3.000000e-02,    3.000000e-02,    3.000000e-02,    3.000000e-02,
      1043,    1.000000e+03,    6.099006e-02,    6.889344e-02,    6.121943e-02,    1.739261e-02,    5.131647e-01,    6.647522e-01,   -2.969477e-01,    3.761796e-01,    7.638500e-02,    8.883600e-02,    5.231100e-02,    2.867800e-02,    3.000000e-02,    3.000000e-02,    3.000000e-02,    3.000000e-02,
      1044,    1.000000e+02,   -6.648096e-02,    9.350783e-02,    3.343182e-02,    2.944934e-02,   -1.370301e+00,    2.464056e-01,   -8.061874e-01,    1.034122e+00,   -1.075900e-01,    1.009000e-01,    9.246200e-03,    6.047300e-02,    3.000000e-02,    3.000000e-02,    3.000000e-02,    3.000000e-02,
      1044,    1.584800e+02,   -8.518997e-02,    7.257935e-02,    2.435176e-02,    4.207407e-02,   -1.994668e+00,   -3.212449e-01,   -1.096925e+00,    1.354864e+00,   -1.450300e-01,    6.294200e-02,   -8.556000e-03,    8.272000e-02,    3.000000e-02,    3.000000e-02,    3.000000e-02,    3.000000e-02,
      1044,    2.511800e+02,   -9.690604e-02,    6.041411e-02,    6.446257e-03,    5.272145e-02,   -1.654799e+00,   -3.354369e-01,   -6.641752e-01,    1.094652e+00,   -1.465500e-01,    5.035100e-02,   -1.347900e-02,    8.556100e-02,    3.000000e-02,    3.000000e-02,    3.000000e-02,    3.000000e-02,
      1044,    3.981000e+02,   -1.088368e-01,    5.630776e-02,   -1.480824e-02,    5.675449e-02,   -1.065107e+00,   -2.922253e-01,   -4.391982e-03,    7.958170e-01,   -1.407900e-01,    4.754100e-02,   -1.494000e-02,    8.062900e-02,    3.000000e-02,    3.000000e-02,    3.000000e-02,    3.000000e-02,
      1044,    6.309500e+02,   -1.246666e-01,    5.459533e-02,   -3.452041e-02,    5.646334e-02,   -2.334477e-01,   -3.834776e-01,    5.756135e-01,    5.453222e-01,   -1.316700e-01,    4.309100e-02,   -1.725200e-02,    7.282300e-02,    3.000000e-02,    3.000000e-02,    3.000000e-02,    3.000000e-02,
      1044,    1.000000e+03,   -1.421795e-01,    5.048074e-02,   -5.284176e-02,    5.484569e-02,    8.316486e-01,   -4.810247e-01,    1.064325e+00,    1.874769e-01,   -1.172300e-01,    3.605000e-02,   -2.091200e-02,    6.047000e-02,    3.000000e-02,    3.000000e-02,    3.000000e-02,    3.000000e-02,
      1045,    1.000000e+02,   -8.051368e-03,    7.998367e-02,   -3.316711e-01,    5.405140e-02,    2.339546e+00,   -1.173556e-01,   -3.297555e-03,    4.803867e-01,    6.213500e-02,    7.646300e-02,   -3.317700e-01,    6.846300e-02,    3.000000e-02,    3.000000e-02,    3.000000e-02,    3.000000e-02,
      1045,    1.584800e+02,   -3.011475e-02,    7.515484e-02,   -3.397879e-01,    8.698644e-03,    2.081958e+00,    6.353853e-02,   -6.207112e-02,    7.855785e-01,    3.234400e-02,    7.706100e-02,   -3.416500e-01,    3.226600e-02,    3.000000e-02,    3.000000e-02,    3.000000e-02,    3.000000e-02,
      1045,    2.511800e+02,   -5.364734e-02,    7.119450e-02,   -3.287763e-01,   -3.344749e-02,    1.434311e+00,   -1.768165e-01,   -1.611244e-01,    9.909064e-01,   -1.061800e-02,    6.589000e-02,   -3.336100e-01,   -3.720300e-03,    3.000000e-02,    3.000000e-02,    3.000000e-02,    3.000000e-02,
      1045,    3.981000e+02,   -7.709529e-02,    6.259793e-02,   -3.019830e-01,   -6.495539e-02,   -4.009903e-01,   -7.086644e-01,   -6.389958e-02,    1.051846e+00,   -8.912500e-02,    4.133800e-02,   -3.039000e-01,   -3.340000e-02,    3.000000e-02,    3.000000e-02,    3.000000e-02,    3.000000e-02,
      1045,    6.309500e+02,   -9.425762e-02,    4.989422e-02,   -2.672977e-01,   -8.344827e-02,   -3.928079e+00,   -1.224907e+00,    3.382566e-01,    8.734090e-01,   -2.121000e-01,    1.314700e-02,   -2.571500e-01,   -5.724600e-02,    3.000000e-02,    3.000000e-02,    3.000000e-02,    3.000000e-02,
      1045,    1.000000e+03,   -1.034992e-01,    3.942097e-02,   -2.297088e-01,   -9.093671e-02,   -3.111360e+00,   -1.109832e+00,    3.259611e-01,    1.048890e+00,   -1.968400e-01,    6.126000e-03,   -2.199300e-01,   -5.947000e-02,    3.000000e-02,    3.000000e-02,    3.000000e-02,    3.000000e-02,
      1046,    1.000000e+02,   -1.448142e-02,   -5.478751e-02,   -7.866163e-02,    7.500328e-02,   -1.826859e-01,    6.572838e-01,    7.158774e-02,   -1.466428e-01,   -1.996200e-02,   -3.506900e-02,   -7.651400e-02,    7.060400e-02,    3.000000e-02,    3.000000e-02,    3.000000e-02,    3.000000e-02,
      1046,    1.584800e+02,    4.423475e-03,   -3.489338e-02,   -9.798625e-02,    5.339662e-02,   -2.911258e-01,    3.279793e-01,    2.137496e-02,   -1.023873e-01,   -4.310300e-03,   -2.505400e-02,   -9.734500e-02,    5.032500e-02,    3.000000e-02,    3.000000e-02,    3.000000e-02,    3.000000e-02,
      1046,    2.511800e+02,    6.197850e-03,   -1.587144e-02,   -1.046406e-01,    3.340029e-02,   -1.281383e-01,    1.135814e-01,   -4.064636e-02,   -1.132764e-01,    2.353700e-03,   -1.246400e-02,   -1.058600e-01,    3.000200e-02,    3.000000e-02,    3.000000e-02,    3.000000e-02,    3.000000e-02,
      1046,    3.981000e+02,    4.631305e-05,   -9.443167e-03,   -1.034773e-01,    2.467491e-02,    4.118623e-02,    2.170622e-01,   -7.009012e-02,   -2.773635e-01,    1.281900e-03,   -2.931300e-03,   -1.055800e-01,    1.635400e-02,    3.000000e-02,    3.000000e-02,    3.000000e-02,    3.000000e-02,
      1046,    6.309500e+02,   -1.928932e-03,   -1.191243e-02,   -1.064344e-01,    2.461286e-02,   -2.599226e-02,    4.094410e-01,    1.431455e-01,   -4.594621e-01,   -2.708700e-03,    3.708000e-04,   -1.021400e-01,    1.082900e-02,    3.000000e-02,    3.000000e-02,    3.000000e-02,    3.000000e-02,
      1046,    1.000000e+03,    2.450565e-04,   -1.553536e-02,   -1.130159e-01,    2.401069e-02,   -2.252485e-01,    5.000719e-01,    4.459315e-01,   -4.370230e-01,   -6.512400e-03,   -5.332000e-04,   -9.963800e-02,    1.090000e-02,    3.000000e-02,    3.000000e-02,    3.000000e-02,    3.000000e-02,
