MT,
     StaID,        Freq[Hz],     Re(Zxx)_Cal,     Im(Zxx)_Cal,     Re(Zxy)_Cal,     Im(Zxy)_Cal,     Re(Zyx)_Cal,     Im(Zyx)_Cal,     Re(Zyy)_Cal,     Im(Zyy)_Cal,     Re(Zxx)_Res,     Im(Zxx)_Res,     Re(Zxy)_Res,     Im(Zxy)_Res,     Re(Zyx)_Res,     Im(Zyx)_Res,     Re(Zyy)_Res,     Im(Zyy)_Res,     Re(Zxx)_Obs,     Im(Zxx)_Obs,     Re(Zxy)_Obs,     Im(Zxy)_Obs,     Re(Zyx)_Obs,     Im(Zyx)_Obs,     Re(Zyy)_Obs,     Im(Zyy)_Obs,      Re(Zxx)_SD,      Im(Zxx)_SD,      Re(Zxy)_SD,      Im(Zxy)_SD,      Re(Zyx)_SD,      Im(Zyx)_SD,      Re(Zyy)_SD,      Im(Zyy)_SD,
         1,    2.511800e+01,   -1.425990e-02,    1.097499e-03,    5.758469e-02,   -4.440152e-02,   -9.294882e-02,    5.668714e-02,    3.279826e-02,   -1.795183e-02,    9.301926e-01,   -7.998690e-01,   -4.764151e-01,   -5.685730e-02,    7.459335e-01,    1.143803e-01,    1.147015e+00,   -6.577025e-01,   -1.041700e-02,   -2.207000e-03,    5.551100e-02,   -4.464900e-02,   -8.970200e-02,    5.718500e-02,    4.561500e-02,   -2.530100e-02,    4.131300e-03,    4.131300e-03,    4.352700e-03,    4.352700e-03,    4.352700e-03,    4.352700e-03,    1.117400e-02,    1.117400e-02,
         1,    3.981000e+01,   -1.532613e-02,    4.261075e-03,    6.611016e-02,   -5.870813e-02,   -1.072486e-01,    7.552076e-02,    3.778260e-02,   -2.289474e-02,    1.418294e+00,   -6.684536e-01,   -7.432319e-01,    8.342787e-01,    9.614939e-01,   -9.567924e-01,    9.801608e-01,   -3.979074e-01,   -9.366600e-03,    1.452300e-03,    6.233900e-02,   -5.447500e-02,   -1.023700e-01,    7.066600e-02,    5.021300e-02,   -2.794100e-02,    4.201900e-03,    4.201900e-03,    5.074000e-03,    5.074000e-03,    5.074000e-03,    5.074000e-03,    1.268200e-02,    1.268200e-02,
         1,    6.309500e+01,   -1.819134e-02,    6.321799e-03,    7.919468e-02,   -7.894491e-02,   -1.269227e-01,    9.815248e-02,    4.507102e-02,   -2.826538e-02,    1.340726e+00,   -8.885916e-02,   -5.997764e-01,    1.033877e+00,    2.662043e-01,   -1.135406e+00,    1.002529e+00,   -2.065813e-01,   -1.094900e-02,    5.841800e-03,    7.538100e-02,   -7.237100e-02,   -1.252300e-01,    9.093300e-02,    6.052100e-02,   -3.144900e-02,    5.401800e-03,    5.401800e-03,    6.358500e-03,    6.358500e-03,    6.358500e-03,    6.358500e-03,    1.541100e-02,    1.541100e-02,
         2,    2.511800e+01,   -4.988577e-03,   -4.828950e-03,    6.686782e-02,   -6.728590e-02,   -5.316263e-02,    5.750602e-02,   -3.314456e-03,    6.320763e-03,   -8.744111e-01,    3.151560e-02,    2.839789e-01,   -9.656220e-03,   -9.752915e-01,   -6.098530e-01,   -4.599613e-02,    4.727839e-01,   -9.093500e-03,   -4.681000e-03,    6.810600e-02,   -6.732800e-02,   -5.741500e-02,    5.484700e-02,   -3.498100e-03,    8.208400e-03,    4.694500e-03,    4.694500e-03,    4.360100e-03,    4.360100e-03,    4.360100e-03,    4.360100e-03,    3.992600e-03,    3.992600e-03,
         2,    3.981000e+01,   -3.996070e-03,   -3.293665e-03,    8.347963e-02,   -8.819151e-02,   -6.723196e-02,    7.769109e-02,   -5.386218e-03,    8.348476e-03,   -2.233434e-01,    1.572674e-01,    5.645262e-01,    3.417648e-02,   -1.064599e+00,   -2.096128e-01,   -3.449474e-01,    3.345160e-01,   -4.874100e-03,   -2.675400e-03,    8.670900e-02,   -8.799600e-02,   -7.332200e-02,    7.649200e-02,   -7.269700e-03,    1.017500e-02,    3.931300e-03,    3.931300e-03,    5.720500e-03,    5.720500e-03,    5.720500e-03,    5.720500e-03,    5.460200e-03,    5.460200e-03,
         2,    6.309500e+01,   -3.254360e-03,   -2.884041e-03,    1.072280e-01,   -1.136197e-01,   -8.725758e-02,    1.024443e-01,   -8.886709e-03,    1.011680e-02,    3.612996e-01,    8.163445e-01,    1.909630e-01,    3.045099e-01,   -6.652607e-01,   -2.132212e-01,   -4.761714e-01,    1.789774e-01,   -2.229100e-03,   -5.675000e-04,    1.086200e-01,   -1.114000e-01,   -9.210700e-02,    1.008900e-01,   -1.230600e-02,    1.140200e-02,    2.837700e-03,    2.837700e-03,    7.289500e-03,    7.289500e-03,    7.289500e-03,    7.289500e-03,    7.180800e-03,    7.180800e-03,
         3,    3.981000e+01,    6.100783e-03,   -1.213506e-02,    8.754611e-02,   -8.671928e-02,   -6.239200e-02,    7.615636e-02,   -1.928961e-02,    1.725814e-02,   -2.638685e+00,   -1.397482e-01,   -1.960035e+00,   -1.776208e+00,    6.403244e-01,   -5.853701e-01,   -7.091713e-01,    1.691614e+00,   -1.289300e-02,   -1.314100e-02,    6.597200e-02,   -1.062700e-01,   -5.892400e-02,    7.298600e-02,   -2.598000e-02,    3.321700e-02,    7.198200e-03,    7.198200e-03,    1.100700e-02,    1.100700e-02,    5.416000e-03,    5.416000e-03,    9.434100e-03,    9.434100e-03,
         3,    6.309500e+01,    9.613914e-03,   -1.448424e-02,    1.112541e-01,   -1.088351e-01,   -8.196771e-02,    9.881153e-02,   -2.475702e-02,    2.057332e-02,   -1.855232e+00,   -5.779148e-01,   -7.579739e-01,   -2.217685e+00,    2.423925e-01,   -1.084643e-01,   -1.316269e+00,    1.132758e+00,   -6.693200e-03,   -1.956400e-02,    1.042800e-01,   -1.292400e-01,   -8.021000e-02,    9.802500e-02,   -4.103400e-02,    3.458100e-02,    8.789800e-03,    8.789800e-03,    9.201000e-03,    9.201000e-03,    7.251500e-03,    7.251500e-03,    1.236600e-02,    1.236600e-02,
         4,    2.511800e+01,   -7.707075e-03,    9.822657e-03,    7.784345e-02,   -8.109957e-02,   -8.704638e-02,    1.009413e-01,   -1.030700e-02,   -1.346397e-02,   -3.409217e-01,   -8.106063e-01,   -2.775993e-01,    1.983520e-01,    5.108092e-01,   -1.264267e+00,    5.887580e-02,   -3.360855e-01,   -9.490300e-03,    5.582700e-03,    7.620800e-02,   -7.993100e-02,   -8.403700e-02,    9.349300e-02,   -9.878500e-03,   -1.591000e-02,    5.230600e-03,    5.230600e-03,    5.891400e-03,    5.891400e-03,    5.891400e-03,    5.891400e-03,    7.278000e-03,    7.278000e-03,
         4,    3.981000e+01,   -1.105595e-02,    1.124010e-02,    9.400667e-02,   -1.086593e-01,   -1.093895e-01,    1.335689e-01,   -7.158270e-03,   -2.186885e-02,   -3.633310e-01,   -1.262113e+00,   -1.056071e-01,   -2.249854e-01,    1.040739e+00,   -9.569830e-01,    1.192707e-01,   -4.521790e-01,   -1.348700e-02,    2.795300e-03,    9.319900e-02,   -1.103800e-01,   -1.014300e-01,    1.262500e-01,   -5.974700e-03,   -2.635600e-02,    6.691000e-03,    6.691000e-03,    7.647900e-03,    7.647900e-03,    7.647900e-03,    7.647900e-03,    9.923400e-03,    9.923400e-03,
         4,    6.309500e+01,   -1.394279e-02,    1.227374e-02,    1.154905e-01,   -1.474715e-01,   -1.395631e-01,    1.772345e-01,   -6.974609e-04,   -3.200628e-02,   -7.234989e-02,   -5.668972e-01,    1.148761e-01,   -5.425914e-01,    8.076404e-01,    2.786553e-01,    1.610933e-01,   -5.153737e-01,   -1.455200e-02,    7.500300e-03,    1.166800e-01,   -1.530900e-01,   -1.312000e-01,    1.801200e-01,    1.563000e-03,   -3.923800e-02,    8.420300e-03,    8.420300e-03,    1.035500e-02,    1.035500e-02,    1.035500e-02,    1.035500e-02,    1.403200e-02,    1.403200e-02,
         5,    2.511800e+01,    5.490750e-03,   -1.351359e-02,    6.890906e-02,   -5.932158e-02,   -5.431850e-02,    4.055253e-02,   -2.815236e-03,    3.297197e-03,    5.676638e-01,   -6.064766e-01,    3.188176e-01,    6.767951e-01,    5.710174e-01,   -1.534470e-01,    5.395946e-01,    2.626404e-01,    9.067600e-03,   -1.733500e-02,    7.013600e-02,   -5.671700e-02,   -5.212100e-02,    3.996200e-02,   -1.468300e-03,    3.952800e-03,    6.301000e-03,    6.301000e-03,    3.848400e-03,    3.848400e-03,    3.848400e-03,    3.848400e-03,    2.496200e-03,    2.496200e-03,
         5,    3.981000e+01,    1.197174e-02,   -1.225845e-02,    8.220383e-02,   -7.676565e-02,   -6.197635e-02,    5.716626e-02,   -4.305725e-03,    4.348324e-03,    5.368905e-01,   -2.910071e-01,   -5.554356e-01,    1.472204e+00,    5.432655e-01,   -3.693656e-01,    3.359591e-01,    4.050877e-01,    1.580100e-02,   -1.433400e-02,    7.962600e-02,   -6.993300e-02,   -5.945500e-02,    5.545200e-02,   -3.142500e-03,    5.750900e-03,    7.132300e-03,    7.132300e-03,    4.641100e-03,    4.641100e-03,    4.641100e-03,    4.641100e-03,    3.462400e-03,    3.462400e-03,
         5,    6.309500e+01,    1.730767e-02,   -7.758735e-03,    1.011633e-01,   -1.000451e-01,   -7.633722e-02,    7.960764e-02,   -6.997917e-03,    4.383228e-03,    7.712605e-01,    1.568178e-02,   -9.488306e-01,    1.191049e+00,    3.833316e-01,    8.833298e-02,    3.479633e-01,    4.019509e-01,    2.400800e-02,   -7.622500e-03,    9.544500e-02,   -9.286700e-02,   -7.402700e-02,    8.014000e-02,   -5.433300e-03,    6.190600e-03,    8.687500e-03,    8.687500e-03,    6.026700e-03,    6.026700e-03,    6.026700e-03,    6.026700e-03,    4.496500e-03,    4.496500e-03,
         6,    2.511800e+01,    2.017612e-01,   -4.141630e-02,    1.836961e-01,   -1.340327e-01,   -3.032472e-01,    1.323766e-01,   -1.703870e-01,    6.299084e-02,   -5.564611e-01,    2.833580e-01,   -1.583524e+00,    7.101317e-01,    2.816581e+00,   -1.747584e+00,    1.303702e+00,   -4.106429e-01,    1.853000e-01,   -3.303400e-02,    1.642900e-01,   -1.253300e-01,   -2.687300e-01,    1.109600e-01,   -1.308900e-01,    5.055000e-02,    2.958200e-02,    2.958200e-02,    1.225500e-02,    1.225500e-02,    1.225500e-02,    1.225500e-02,    3.029600e-02,    3.029600e-02,
         6,    3.981000e+01,    2.139808e-01,   -2.338595e-02,    2.192281e-01,   -1.534087e-01,   -3.357397e-01,    1.388361e-01,   -1.922880e-01,    4.942499e-02,   -5.386171e-01,    1.846635e-01,   -1.362143e+00,    4.276690e-01,    2.941617e+00,   -1.381219e+00,    1.389274e+00,   -3.286037e-01,    1.961100e-01,   -1.725900e-02,    2.000900e-01,   -1.474000e-01,   -2.944100e-01,    1.194300e-01,   -1.465600e-01,    3.860900e-02,    3.317900e-02,    3.317900e-02,    1.405000e-02,    1.405000e-02,    1.405000e-02,    1.405000e-02,    3.291500e-02,    3.291500e-02,
         6,    6.309500e+01,    2.185431e-01,   -3.476192e-03,    2.566887e-01,   -1.802500e-01,   -3.664566e-01,    1.536972e-01,   -2.069530e-01,    3.169300e-02,   -4.740783e-01,    2.605993e-02,   -1.226453e+00,    1.201481e-01,    3.021062e+00,   -1.387812e+00,    1.450631e+00,   -3.937155e-01,    2.011700e-01,   -2.521200e-03,    2.370900e-01,   -1.783300e-01,   -3.181800e-01,    1.315200e-01,   -1.563100e-01,    1.794800e-02,    3.664600e-02,    3.664600e-02,    1.598000e-02,    1.598000e-02,    1.598000e-02,    1.598000e-02,    3.491100e-02,    3.491100e-02,
         7,    2.511800e+01,    1.024706e-03,    6.860288e-03,    6.663793e-02,   -6.389383e-02,   -7.607109e-02,    6.182515e-02,   -1.178171e-02,    1.022484e-02,   -6.384048e-01,    2.823462e-01,    3.347849e-01,    1.969116e-01,   -6.743564e-02,    3.674252e-01,    2.181635e-01,   -1.393224e-01,   -1.615800e-03,    8.028100e-03,    6.824600e-02,   -6.294800e-02,   -7.639500e-02,    6.359000e-02,   -1.055400e-02,    9.440800e-03,    4.136100e-03,    4.136100e-03,    4.803300e-03,    4.803300e-03,    4.803300e-03,    4.803300e-03,    5.627500e-03,    5.627500e-03,
         7,    3.981000e+01,   -2.114117e-03,    7.771208e-03,    8.364398e-02,   -7.734909e-02,   -9.041107e-02,    7.597924e-02,   -1.353511e-02,    1.254198e-02,   -4.197960e-01,    1.250592e-01,    2.897080e-01,    2.366182e-02,   -2.080383e-01,    2.823495e-01,    2.654142e-01,    1.088510e-01,   -4.182200e-03,    8.387300e-03,    8.534700e-02,   -7.721000e-02,   -9.163400e-02,    7.763900e-02,   -1.169900e-02,    1.329500e-02,    4.926400e-03,    4.926400e-03,    5.878400e-03,    5.878400e-03,    5.878400e-03,    5.878400e-03,    6.917900e-03,    6.917900e-03,
         7,    6.309500e+01,   -4.994543e-03,    7.442852e-03,    1.028467e-01,   -9.419246e-02,   -1.075360e-01,    9.593057e-02,   -1.596390e-02,    1.680958e-02,   -2.794739e-01,    7.904252e-02,   -1.076785e-02,    6.440951e-05,   -1.086423e-01,    2.035772e-01,    1.148134e-01,    3.374257e-01,   -6.581200e-03,    7.891600e-03,    1.027700e-01,   -9.419200e-02,   -1.083100e-01,    9.738100e-02,   -1.492800e-02,    1.985400e-02,    5.677300e-03,    5.677300e-03,    7.124700e-03,    7.124700e-03,    7.124700e-03,    7.124700e-03,    9.022500e-03,    9.022500e-03,
         8,    2.511800e+01,   -3.817357e-01,    2.018767e-01,    1.108790e-01,   -1.587593e-01,   -3.329911e-01,    1.687235e-01,   -2.284171e-02,   -1.839891e-02,   -3.980123e-02,    8.526531e-01,   -1.442203e-02,   -7.562539e-01,    2.003134e+00,   -1.591264e+00,    1.936445e-01,    3.126251e-01,   -3.835400e-01,    2.405300e-01,    1.106900e-01,   -1.686700e-01,   -3.067400e-01,    1.478700e-01,   -2.018200e-02,   -1.410500e-02,    4.533300e-02,    4.533300e-02,    1.310500e-02,    1.310500e-02,    1.310500e-02,    1.310500e-02,    1.373500e-02,    1.373500e-02,
         9,    2.511800e+01,   -4.435454e-03,   -3.830202e-03,    4.773882e-02,   -3.682384e-02,   -4.443698e-02,    3.704632e-02,    3.907329e-03,   -9.293599e-05,    7.775270e-01,   -4.099266e-01,    5.544469e-01,   -6.804289e-01,    5.345141e-01,   -7.732060e-01,    7.632906e-01,   -1.828771e-01,   -2.259700e-03,   -4.977300e-03,    4.992600e-02,   -3.950800e-02,   -4.285300e-02,    3.475500e-02,    5.994700e-03,   -5.930500e-04,    2.798300e-03,    2.798300e-03,    3.944800e-03,    3.944800e-03,    2.963400e-03,    2.963400e-03,    2.734700e-03,    2.734700e-03,
         9,    3.981000e+01,   -2.334172e-03,   -3.296176e-03,    5.255879e-02,   -5.056488e-02,   -5.135568e-02,    5.116704e-02,    3.722763e-03,    1.071701e-03,    1.475274e+00,   -2.040548e-01,    9.472328e-01,   -3.298050e-01,   -4.666075e-01,   -1.117103e+00,    1.757022e+00,   -8.989722e-01,    1.611300e-03,   -3.841900e-03,    5.604300e-02,   -5.177800e-02,   -5.307200e-02,    4.705800e-02,    1.129500e-02,   -2.802600e-03,    2.674400e-03,    2.674400e-03,    3.678300e-03,    3.678300e-03,    3.678300e-03,    3.678300e-03,    4.309700e-03,    4.309700e-03,
         9,    6.309500e+01,   -9.554496e-04,   -1.341817e-03,    6.160919e-02,   -7.306742e-02,   -6.232330e-02,    7.095298e-02,    2.663757e-03,    1.823980e-03,    1.378588e+00,   -6.796497e-01,    1.203970e+00,   -1.407294e-01,    3.175644e-01,    4.868136e-01,    1.340280e+00,   -7.158615e-01,    3.803300e-03,   -3.687900e-03,    6.748300e-02,   -7.375400e-02,   -6.077400e-02,    7.332800e-02,    8.370000e-03,   -1.223800e-03,    3.451900e-03,    3.451900e-03,    4.878700e-03,    4.878700e-03,    4.878700e-03,    4.878700e-03,    4.257500e-03,    4.257500e-03,
        10,    2.511800e+01,   -4.560009e-02,    2.132490e-02,    1.116535e-01,   -1.174691e-01,   -1.372676e-01,    1.070135e-01,    6.517131e-02,   -6.067378e-02,    3.588031e-01,   -3.759825e-01,    9.420306e-01,   -1.464732e+00,   -9.887494e-01,    1.045157e+00,    7.323563e-02,    4.711916e-01,   -4.084200e-02,    1.633900e-02,    1.202400e-01,   -1.308200e-01,   -1.462800e-01,    1.165400e-01,    6.655100e-02,   -5.179700e-02,    1.326100e-02,    1.326100e-02,    9.114900e-03,    9.114900e-03,    9.114900e-03,    9.114900e-03,    1.883900e-02,    1.883900e-02,
        10,    3.981000e+01,   -5.472935e-02,    1.185207e-02,    1.399922e-01,   -1.515826e-01,   -1.617798e-01,    1.311433e-01,    8.547506e-02,   -6.717225e-02,    2.357280e-03,   -7.667862e-02,    9.297462e-01,   -1.080849e+00,   -1.345149e+00,    1.071900e+00,    1.620538e-01,    1.142375e-01,   -5.469000e-02,    1.057200e-02,    1.504500e-01,   -1.637400e-01,   -1.769100e-01,    1.432000e-01,    8.932400e-02,   -6.445900e-02,    1.669400e-02,    1.669400e-02,    1.124800e-02,    1.124800e-02,    1.124800e-02,    1.124800e-02,    2.375100e-02,    2.375100e-02,
        11,    2.511800e+01,   -3.001203e-02,   -1.485117e-02,    7.295459e-02,   -5.838299e-02,   -6.929006e-02,    4.596369e-02,    4.335202e-03,   -1.472206e-03,   -8.513187e-01,    1.558770e-01,    1.206182e-01,   -7.181711e-01,   -9.275264e-03,   -7.944477e-01,   -7.577516e-01,    1.841670e-01,   -3.794300e-02,   -1.339900e-02,    7.348700e-02,   -6.155300e-02,   -6.933100e-02,    4.245700e-02,    2.614500e-03,   -1.054000e-03,    9.316100e-03,    9.316100e-03,    4.414000e-03,    4.414000e-03,    4.414000e-03,    4.414000e-03,    2.270800e-03,    2.270800e-03,
        11,    3.981000e+01,   -2.139135e-02,   -1.681437e-02,    8.580066e-02,   -7.144917e-02,   -7.660676e-02,    6.504334e-02,    5.206046e-03,   -1.302946e-03,   -8.865210e-01,   -1.587043e-01,    1.069916e-01,   -7.957582e-02,    7.296947e-01,   -1.250578e+00,   -5.350637e-01,    2.067096e-01,   -2.971800e-02,   -1.830500e-02,    8.634900e-02,   -7.185700e-02,   -7.286700e-02,    5.863400e-02,    3.699200e-03,   -7.208100e-04,    9.392500e-03,    9.392500e-03,    5.125100e-03,    5.125100e-03,    5.125100e-03,    5.125100e-03,    2.816200e-03,    2.816200e-03,
        11,    6.309500e+01,   -1.265980e-02,   -1.397561e-02,    1.010514e-01,   -9.121070e-02,   -9.184358e-02,    9.256487e-02,    5.884643e-03,   -5.645204e-04,   -9.296384e-01,   -4.740649e-01,    5.920176e-01,   -5.124155e-01,    3.423594e-01,   -7.775658e-02,   -4.043821e-01,   -2.086910e-01,   -2.148700e-02,   -1.847700e-02,    1.050400e-01,   -9.466300e-02,   -8.953700e-02,    9.204100e-02,    4.409700e-03,   -1.325700e-03,    9.495300e-03,    9.495300e-03,    6.737300e-03,    6.737300e-03,    6.737300e-03,    6.737300e-03,    3.647400e-03,    3.647400e-03,
        12,    2.511800e+01,   -2.590618e-03,    6.479436e-03,    4.702594e-02,   -4.699385e-02,   -4.943727e-02,    5.145782e-02,    3.603269e-03,   -1.816399e-02,   -1.599013e+00,   -8.107720e-01,   -9.349215e-01,    3.367534e-01,    5.709240e-01,   -1.365241e+00,    2.944961e+00,   -4.269530e-01,   -8.352500e-03,    3.557900e-03,    4.397800e-02,   -4.589600e-02,   -4.757600e-02,    4.700700e-02,    2.404100e-02,   -2.112700e-02,    3.603400e-03,    3.603400e-03,    3.260100e-03,    3.260100e-03,    3.260100e-03,    3.260100e-03,    6.939900e-03,    6.939900e-03,
        12,    3.981000e+01,   -6.034186e-03,    9.814578e-03,    5.683979e-02,   -6.185497e-02,   -6.149722e-02,    6.847214e-02,    9.870734e-03,   -2.525257e-02,   -1.155650e+00,   -2.194148e-01,   -9.958308e-01,    1.164006e+00,    4.191666e-01,   -1.389445e+00,    2.117667e+00,   -1.648868e-01,   -1.190200e-02,    8.700500e-03,    5.275300e-02,   -5.707800e-02,   -5.977700e-02,    6.277000e-02,    2.831900e-02,   -2.668900e-02,    5.077500e-03,    5.077500e-03,    4.103900e-03,    4.103900e-03,    4.103900e-03,    4.103900e-03,    8.711600e-03,    8.711600e-03,
        12,    6.309500e+01,   -9.666910e-03,    1.189031e-02,    7.005181e-02,   -8.272963e-02,   -7.718065e-02,    9.070703e-02,    1.777399e-02,   -3.178652e-02,   -6.484319e-01,    2.240023e-01,   -3.208625e-01,    7.305649e-01,   -3.193438e-01,   -2.442669e-01,    1.293223e+00,   -4.418762e-01,   -1.404000e-02,    1.340100e-02,    6.826400e-02,   -7.865900e-02,   -7.896000e-02,    8.934600e-02,    3.263700e-02,   -3.686500e-02,    6.744100e-03,    6.744100e-03,    5.571900e-03,    5.571900e-03,    5.571900e-03,    5.571900e-03,    1.149300e-02,    1.149300e-02,
        13,    2.511800e+01,   -5.700871e-03,   -8.397405e-03,    3.993464e-02,   -4.601449e-02,   -4.159396e-02,    3.992980e-02,    5.706546e-03,    1.090804e-03,    2.341332e-01,   -5.211323e-01,    6.152179e-01,    4.764977e-01,   -3.896185e-01,    1.598463e-01,    4.977656e-01,    1.106947e-01,   -4.769700e-03,   -1.047000e-02,    4.177900e-02,   -4.458600e-02,   -4.276200e-02,    4.040900e-02,    7.265100e-03,    1.437400e-03,    3.977100e-03,    3.977100e-03,    2.997900e-03,    2.997900e-03,    2.997900e-03,    2.997900e-03,    3.131100e-03,    3.131100e-03,
        13,    3.981000e+01,   -2.896627e-03,   -8.442956e-03,    5.089885e-02,   -5.852597e-02,   -4.988641e-02,    5.514912e-02,    5.326692e-03,    3.734936e-03,   -6.525640e-02,   -4.740581e-01,   -2.973279e-01,    5.073127e-01,   -4.627940e-02,   -2.555689e-01,    5.242551e-01,    3.354230e-01,   -3.178000e-03,   -1.048700e-02,    4.979000e-02,   -5.663400e-02,   -5.005900e-02,    5.419600e-02,    7.341300e-03,    5.023900e-03,    4.311800e-03,    4.311800e-03,    3.729400e-03,    3.729400e-03,    3.729400e-03,    3.729400e-03,    3.842800e-03,    3.842800e-03,
        13,    6.309500e+01,   -5.038561e-04,   -8.450182e-03,    6.461363e-02,   -7.541094e-02,   -6.304333e-02,    7.564232e-02,    3.517096e-03,    6.277347e-03,    2.840109e-01,   -6.480068e-01,   -2.085963e-01,   -8.575647e-01,    1.956054e-01,    3.327336e-01,    4.566001e-02,    6.069508e-01,    9.783400e-04,   -1.183200e-02,    6.356500e-02,   -7.972200e-02,   -6.206000e-02,    7.731500e-02,    3.731200e-03,    9.123400e-03,    5.218800e-03,    5.218800e-03,    5.027100e-03,    5.027100e-03,    5.027100e-03,    5.027100e-03,    4.689100e-03,    4.689100e-03,
        14,    2.511800e+01,    1.218770e-01,   -6.306372e-02,    8.990976e-02,   -1.482077e-01,   -2.711725e-01,    1.476410e-01,   -3.073921e-02,    3.300454e-02,    2.509034e-01,   -7.494695e-01,    3.211390e-01,   -5.959123e-01,   -1.915092e+00,    2.080146e-01,   -9.442649e-01,    1.470009e-01,    1.281300e-01,   -8.174200e-02,    9.384500e-02,   -1.555100e-01,   -2.946400e-01,    1.501900e-01,   -5.112400e-02,    3.617800e-02,    2.492200e-02,    2.492200e-02,    1.225400e-02,    1.225400e-02,    1.225400e-02,    1.225400e-02,    2.158800e-02,    2.158800e-02,
        14,    3.981000e+01,    1.385020e-01,   -7.725249e-02,    1.228843e-01,   -2.100540e-01,   -3.064232e-01,    1.798022e-01,   -3.345162e-02,    5.533806e-02,   -1.528477e-01,   -6.754285e-01,   -2.602687e-01,    1.846200e-01,   -9.924267e-01,   -1.527599e-01,   -6.415238e-01,   -3.229911e-01,    1.339400e-01,   -9.741200e-02,    1.190300e-01,   -2.073200e-01,   -3.211200e-01,    1.775400e-01,   -4.866600e-02,    4.767800e-02,    2.984700e-02,    2.984700e-02,    1.480900e-02,    1.480900e-02,    1.480900e-02,    1.480900e-02,    2.371600e-02,    2.371600e-02,
        14,    6.309500e+01,    1.595181e-01,   -9.329545e-02,    1.776929e-01,   -2.878792e-01,   -3.526337e-01,    2.227557e-01,   -4.751353e-02,    8.549883e-02,   -1.634725e-01,   -9.110186e-01,   -2.033078e+00,    1.884700e-01,   -6.864958e-01,   -5.029081e-02,    3.883380e-01,   -3.795456e-01,    1.533500e-01,   -1.276700e-01,    1.402700e-01,   -2.844100e-01,   -3.652700e-01,    2.218300e-01,   -3.652900e-02,    7.476300e-02,    3.773200e-02,    3.773200e-02,    1.840700e-02,    1.840700e-02,    1.840700e-02,    1.840700e-02,    2.828600e-02,    2.828600e-02,
        15,    2.511800e+01,   -2.701315e-02,    7.122073e-03,    5.118908e-02,   -5.718279e-02,   -3.790833e-02,    4.235569e-02,   -6.526231e-04,   -4.348911e-04,   -1.199735e+00,   -3.701974e-01,   -3.840268e-01,   -1.158374e+00,   -4.346049e-01,   -6.020142e-01,   -6.419127e-01,    6.520951e-01,   -3.672800e-02,    4.124400e-03,    4.990900e-02,   -6.104400e-02,   -3.935700e-02,    4.034900e-02,   -1.585900e-03,    5.131900e-04,    8.097500e-03,    8.097500e-03,    3.333300e-03,    3.333300e-03,    3.333300e-03,    3.333300e-03,    1.453900e-03,    1.453900e-03,
        15,    3.981000e+01,   -3.047186e-02,    3.974143e-03,    6.434420e-02,   -7.422796e-02,   -4.543639e-02,    5.785384e-02,    5.994578e-06,   -6.552828e-04,   -1.039248e+00,   -7.066331e-01,    2.840635e-01,   -8.866222e-01,    1.482523e-01,   -5.902546e-01,    1.144490e+00,    1.198881e+00,   -4.049800e-02,   -2.843100e-03,    6.555400e-02,   -7.800400e-02,   -4.480500e-02,    5.534000e-02,    2.703100e-03,    2.170000e-03,    9.647500e-03,    9.647500e-03,    4.258900e-03,    4.258900e-03,    4.258900e-03,    4.258900e-03,    2.356600e-03,    2.356600e-03,
        15,    6.309500e+01,   -3.280925e-02,   -1.466026e-03,    8.308592e-02,   -9.743708e-02,   -5.651274e-02,    8.044269e-02,    1.241478e-03,   -1.881178e-04,   -5.714576e-01,   -1.242570e+00,    5.943040e-01,    1.148838e-01,    5.940665e-01,    1.622961e-01,    1.099264e+00,    2.220182e-01,   -3.913700e-02,   -1.522500e-02,    8.642300e-02,   -9.679200e-02,   -5.317700e-02,    8.135400e-02,    4.822000e-03,    5.350400e-04,    1.107300e-02,    1.107300e-02,    5.615100e-03,    5.615100e-03,    5.615100e-03,    5.615100e-03,    3.257200e-03,    3.257200e-03,
        16,    2.511800e+01,    1.876248e-03,   -8.272829e-03,    4.849838e-02,   -5.036434e-02,   -6.277512e-02,    6.220349e-02,   -1.850221e-03,    7.349424e-03,    2.236480e-01,   -6.348503e-01,    1.321909e+00,    1.038285e-01,   -9.951678e-02,    2.100850e-01,   -4.430946e-01,   -5.931100e-01,    2.846500e-03,   -1.102700e-02,    5.385000e-02,   -4.994400e-02,   -6.317800e-02,    6.305400e-02,   -3.421700e-03,    5.245900e-03,    4.338300e-03,    4.338300e-03,    4.048400e-03,    4.048400e-03,    4.048400e-03,    4.048400e-03,    3.546600e-03,    3.546600e-03,
        16,    3.981000e+01,    4.496848e-03,   -8.557441e-03,    6.063998e-02,   -6.502125e-02,   -7.919099e-02,    8.196329e-02,   -4.520768e-03,    7.776196e-03,    2.996790e-01,   -1.128391e+00,    9.798986e-01,    1.274178e-01,   -3.647935e-01,    5.798388e-01,   -2.988524e-01,   -6.394758e-01,    6.240800e-03,   -1.512400e-02,    6.573300e-02,   -6.435900e-02,   -8.108700e-02,    8.497700e-02,   -5.863900e-03,    4.902200e-03,    5.819400e-03,    5.819400e-03,    5.197500e-03,    5.197500e-03,    5.197500e-03,    5.197500e-03,    4.494300e-03,    4.494300e-03,
        16,    6.309500e+01,    6.557921e-03,   -9.094550e-03,    7.729904e-02,   -8.405307e-02,   -1.015593e-01,    1.047881e-01,   -6.477266e-03,    7.974618e-03,    1.274649e+00,   -1.719017e-01,    3.064092e-01,   -1.389664e-01,   -6.132473e-01,    2.924744e-01,    3.780804e-01,   -5.040254e-01,    1.543700e-02,   -1.029200e-02,    7.932300e-02,   -8.497100e-02,   -1.056100e-01,    1.067200e-01,   -4.615900e-03,    5.493200e-03,    6.965900e-03,    6.965900e-03,    6.605400e-03,    6.605400e-03,    6.605400e-03,    6.605400e-03,    4.923200e-03,    4.923200e-03,
        17,    2.511800e+01,   -4.747212e-03,   -2.050149e-05,    4.749055e-02,   -4.444247e-02,   -4.195415e-02,    5.268662e-02,   -1.030808e-03,    1.728339e-03,   -1.721229e-01,   -1.136293e+00,   -6.650478e-01,    1.562462e+00,   -1.615601e-01,    1.711037e-01,   -9.810079e-01,    5.749319e-01,   -5.245800e-03,   -3.312000e-03,    4.536300e-02,   -3.944400e-02,   -4.247100e-02,    5.323400e-02,   -3.748200e-03,    3.320900e-03,    2.896700e-03,    2.896700e-03,    3.199100e-03,    3.199100e-03,    3.199100e-03,    3.199100e-03,    2.770000e-03,    2.770000e-03,
        17,    3.981000e+01,   -4.368618e-03,    2.325053e-03,    5.381610e-02,   -6.205217e-02,   -5.240464e-02,    7.305499e-02,   -1.505745e-03,    2.331708e-03,    8.855649e-01,    2.811331e+00,    1.170677e+00,    1.531619e+00,    8.335796e-01,    7.153123e-01,   -1.306567e+00,    1.183919e+00,    8.074200e-04,    1.875700e-02,    5.882800e-02,   -5.549500e-02,   -4.769900e-02,    7.709300e-02,   -7.720300e-03,    7.962900e-03,    5.844900e-03,    5.844900e-03,    4.281200e-03,    4.281200e-03,    5.645100e-03,    5.645100e-03,    4.756400e-03,    4.756400e-03,
        17,    6.309500e+01,   -4.432039e-03,    5.070213e-03,    6.475708e-02,   -8.880717e-02,   -6.734151e-02,    1.011539e-01,   -2.722219e-03,    3.000741e-03,    4.352338e-01,    2.419209e+00,    9.179212e-01,    1.327787e-01,    1.917471e+00,    1.510256e+00,   -1.101614e+00,    1.219804e-01,   -1.043700e-03,    2.390400e-02,    7.019200e-02,   -8.802100e-02,   -5.214900e-02,    1.131200e-01,   -8.259700e-03,    3.613900e-03,    7.785100e-03,    7.785100e-03,    5.920900e-03,    5.920900e-03,    7.923200e-03,    7.923200e-03,    5.026700e-03,    5.026700e-03,
        18,    2.511800e+01,    3.586600e-01,   -1.521979e-01,    2.488293e-01,   -1.614127e-01,   -1.231471e+00,    6.124193e-01,   -6.224073e-01,    1.785360e-01,    8.384186e-01,    3.127822e-02,    4.960811e-01,   -6.884512e-01,   -4.030619e+00,    4.011781e-02,    1.980901e-01,    1.390246e-02,    4.057800e-01,   -1.504400e-01,    2.661500e-01,   -1.854500e-01,   -1.372200e+00,    6.138200e-01,   -5.937100e-01,    1.805500e-01,    5.620100e-02,    5.620100e-02,    3.491500e-02,    3.491500e-02,    3.491500e-02,    3.491500e-02,    1.448700e-01,    1.448700e-01,
        18,    3.981000e+01,    4.039654e-01,   -1.508331e-01,    2.835744e-01,   -1.848850e-01,   -1.408163e+00,    6.512626e-01,   -6.648400e-01,    1.162324e-01,    6.038463e-01,   -4.575593e-02,    6.079190e-01,   -6.777646e-01,   -2.378292e+00,    8.335875e-02,    1.302706e-01,    1.960630e-01,    4.418000e-01,   -1.537000e-01,    3.073300e-01,   -2.113700e-01,   -1.501100e+00,    6.545200e-01,   -6.445100e-01,    1.468300e-01,    6.265600e-02,    6.265600e-02,    3.907700e-02,    3.907700e-02,    3.907700e-02,    3.907700e-02,    1.560600e-01,    1.560600e-01,
        18,    6.309500e+01,    4.464848e-01,   -1.495120e-01,    3.195310e-01,   -2.278560e-01,   -1.590190e+00,    7.003812e-01,   -6.736779e-01,    6.799943e-02,    5.279804e-01,   -1.842503e-01,    9.170591e-01,   -6.705189e-01,   -2.127973e+00,    7.242070e-01,   -6.191835e-02,    2.869907e-01,    4.841900e-01,   -1.626700e-01,    3.609500e-01,   -2.581400e-01,   -1.686300e+00,    7.330900e-01,   -6.841700e-01,    1.166300e-01,    7.141400e-02,    7.141400e-02,    4.516500e-02,    4.516500e-02,    4.516500e-02,    4.516500e-02,    1.694500e-01,    1.694500e-01,
        19,    2.511800e+01,    8.430999e-04,   -2.436353e-03,    6.326184e-02,   -6.105429e-02,   -6.371468e-02,    6.469570e-02,    1.364995e-02,   -1.325287e-02,    3.222357e-01,   -4.487091e-01,   -1.395483e-01,    4.777956e-01,   -2.448581e-01,   -6.138299e-01,    8.277599e-03,   -1.204073e-01,    1.750000e-03,   -3.699200e-03,    6.264900e-02,   -5.895600e-02,   -6.479000e-02,    6.200000e-02,    1.370200e-02,   -1.401000e-02,    2.814400e-03,    2.814400e-03,    4.391600e-03,    4.391600e-03,    4.391600e-03,    4.391600e-03,    6.288100e-03,    6.288100e-03,
        19,    3.981000e+01,    9.348397e-04,   -1.873261e-03,    7.948928e-02,   -7.612206e-02,   -8.093080e-02,    8.190795e-02,    1.718280e-02,   -1.590699e-02,    4.803157e-01,   -6.306164e-02,   -2.527716e-01,    9.785738e-01,   -3.752836e-01,   -7.313113e-01,   -3.504691e-01,   -5.404195e-01,    2.219300e-03,   -2.041900e-03,    7.810500e-02,   -7.076300e-02,   -8.298600e-02,    7.790300e-02,    1.438900e-02,   -2.021500e-02,    2.674200e-03,    2.674200e-03,    5.476400e-03,    5.476400e-03,    5.476400e-03,    5.476400e-03,    7.971600e-03,    7.971600e-03,
        19,    6.309500e+01,    1.735509e-03,   -1.600533e-03,    9.855958e-02,   -9.398722e-02,   -1.007159e-01,    1.034109e-01,    2.022651e-02,   -1.954122e-02,    1.091962e-01,    2.090966e-01,   -1.703909e-01,    1.051594e+00,   -5.069488e-01,   -1.130148e+00,   -2.728221e-01,   -7.935858e-01,    2.018000e-03,   -1.059600e-03,    9.740200e-02,   -8.684300e-02,   -1.041600e-01,    9.573300e-02,    1.744400e-02,   -2.763500e-02,    2.587000e-03,    2.587000e-03,    6.793700e-03,    6.793700e-03,    6.793700e-03,    6.793700e-03,    1.019900e-02,    1.019900e-02,
        20,    2.511800e+01,   -1.512402e-02,    1.127030e-03,    1.005571e-01,   -9.032956e-02,   -1.060590e-01,    8.848486e-02,   -4.570054e-03,    4.258617e-03,   -1.190899e+00,   -1.162101e+00,    2.002484e-02,   -6.801255e-01,   -1.021712e+00,    7.166578e-01,    4.607138e-01,    2.143164e+00,   -2.625000e-02,   -9.729900e-03,    1.007000e-01,   -9.518300e-02,   -1.133500e-01,    9.359900e-02,   -5.577900e-04,    2.292300e-02,    9.342500e-03,    9.342500e-03,    7.136100e-03,    7.136100e-03,    7.136100e-03,    7.136100e-03,    8.708800e-03,    8.708800e-03,
        21,    2.511800e+01,   -1.520129e-03,   -4.313428e-03,    6.202424e-02,   -6.321543e-02,   -5.871292e-02,    6.042947e-02,    3.808425e-04,    2.391030e-03,   -7.680066e-01,   -8.741268e-01,    5.100195e-01,    1.444889e-01,   -4.553466e-01,    7.045192e-02,   -2.386034e-01,    3.291729e-01,   -4.931000e-03,   -8.195600e-03,    6.791700e-02,   -6.154600e-02,   -6.281400e-02,    6.106400e-02,   -2.211300e-04,    3.221500e-03,    4.441200e-03,    4.441200e-03,    1.155400e-02,    1.155400e-02,    9.006500e-03,    9.006500e-03,    2.522900e-03,    2.522900e-03,
        21,    3.981000e+01,    8.767534e-05,   -1.911979e-03,    7.848332e-02,   -8.138301e-02,   -7.597187e-02,    8.061878e-02,   -4.814728e-04,    2.096487e-03,   -4.637314e-01,   -9.695028e-01,    3.484257e-01,    4.067783e-01,   -3.327872e-01,   -1.657521e-01,   -2.233433e-01,    4.911724e-01,   -1.707800e-03,   -5.665700e-03,    8.350100e-02,   -7.552500e-02,   -7.975000e-02,    7.873700e-02,   -1.173100e-03,    3.617500e-03,    3.871800e-03,    3.871800e-03,    1.440100e-02,    1.440100e-02,    1.135300e-02,    1.135300e-02,    3.096700e-03,    3.096700e-03,
        21,    6.309500e+01,   -3.236940e-04,    4.399175e-04,    1.013023e-01,   -1.029798e-01,   -1.004184e-01,    1.016402e-01,   -1.022261e-03,    1.907285e-03,   -3.116426e-01,   -7.705400e-01,    1.793706e-01,    3.055133e-01,   -2.799015e-01,   -4.037241e-02,   -3.995960e-01,    4.287764e-01,   -1.062100e-03,   -1.385800e-03,    1.045900e-01,   -9.738000e-02,   -1.045100e-01,    1.010500e-01,   -2.526900e-03,    3.521800e-03,    2.369400e-03,    2.369400e-03,    1.832900e-02,    1.832900e-02,    1.461800e-02,    1.461800e-02,    3.765400e-03,    3.765400e-03,
        22,    2.511800e+01,   -2.092277e-03,   -9.714229e-03,    4.345277e-02,   -4.602609e-02,   -3.823296e-02,    4.962234e-02,   -4.241177e-05,    6.065269e-03,    5.260183e-01,   -6.621810e-01,   -4.116440e-01,   -9.373170e-01,   -9.336428e-01,    1.196713e-02,   -6.551525e-02,    2.320469e-01,    1.548200e-04,   -1.254300e-02,    4.212300e-02,   -4.905400e-02,   -4.124900e-02,    4.966100e-02,   -2.483000e-04,    6.794500e-03,    4.271900e-03,    4.271900e-03,    3.230400e-03,    3.230400e-03,    3.230400e-03,    3.230400e-03,    3.142600e-03,    3.142600e-03,
        22,    3.981000e+01,    1.710080e-03,   -1.040572e-02,    5.054591e-02,   -6.391389e-02,   -4.849960e-02,    7.056015e-02,   -2.060887e-03,    8.452643e-03,    1.170762e-01,   -9.516826e-02,   -8.830545e-02,    5.292219e-01,   -3.088446e+00,   -1.560638e+00,    2.403100e-01,   -9.071031e-02,    2.230800e-03,   -1.082900e-02,    5.017500e-02,   -6.169100e-02,   -6.147200e-02,    6.400500e-02,   -1.090900e-03,    8.086500e-03,    4.447700e-03,    4.447700e-03,    4.200300e-03,    4.200300e-03,    4.200300e-03,    4.200300e-03,    4.036400e-03,    4.036400e-03,
        22,    6.309500e+01,    5.053461e-03,   -1.008996e-02,    6.228660e-02,   -9.080306e-02,   -6.479950e-02,    9.794670e-02,   -5.180846e-03,    1.052396e-02,   -2.766519e-01,   -5.181317e-02,   -5.596637e-02,    1.821976e+00,   -2.375619e+00,   -2.503274e+00,    5.306079e-01,   -1.829540e-01,    3.665000e-03,   -1.035000e-02,    6.198400e-02,   -8.095200e-02,   -7.764400e-02,    8.441200e-02,   -2.496500e-03,    9.598400e-03,    5.018800e-03,    5.018800e-03,    5.406800e-03,    5.406800e-03,    5.406800e-03,    5.406800e-03,    5.059000e-03,    5.059000e-03,
        23,    2.511800e+01,   -1.025642e-03,   -4.178376e-03,    5.496503e-02,   -3.849414e-02,   -4.397921e-02,    2.959928e-02,    3.343541e-03,   -4.522048e-03,    9.957013e-01,   -7.743758e-01,    1.323535e+00,   -1.661517e-01,   -7.614556e-01,    6.358322e-01,    7.784532e-01,    9.518122e-01,    2.346300e-03,   -6.800800e-03,    5.913800e-02,   -3.901800e-02,   -4.638000e-02,    3.160400e-02,    5.447700e-03,   -1.949300e-03,    3.386500e-03,    3.386500e-03,    3.152900e-03,    3.152900e-03,    3.152900e-03,    3.152900e-03,    2.703000e-03,    2.703000e-03,
        23,    3.981000e+01,    7.839379e-04,   -3.819585e-03,    6.058247e-02,   -5.132500e-02,   -4.618773e-02,    4.382425e-02,    5.085709e-03,   -4.332278e-03,    1.573833e+00,   -2.827836e-01,    4.274575e-01,    4.413538e-01,   -1.512218e-01,   -1.540253e-01,    4.830285e-01,    7.308797e-01,    6.921100e-03,   -4.922300e-03,    6.210400e-02,   -4.975400e-02,   -4.672600e-02,    4.327600e-02,    6.605800e-03,   -2.032200e-03,    3.899500e-03,    3.899500e-03,    3.559500e-03,    3.559500e-03,    3.559500e-03,    3.559500e-03,    3.147000e-03,    3.147000e-03,
        23,    6.309500e+01,    1.821572e-03,   -2.524365e-03,    6.994893e-02,   -7.209861e-02,   -5.366179e-02,    6.709054e-02,    5.921201e-03,   -3.813344e-03,    1.808135e+00,    9.660214e-01,   -2.866115e-01,   -3.798498e-01,    1.186468e+00,    1.019836e-01,    2.991346e-01,    3.913723e-01,    1.092300e-02,    2.338200e-03,    6.863800e-02,   -7.383600e-02,   -4.823500e-02,    6.755700e-02,    7.034700e-03,   -2.356500e-03,    5.033600e-03,    5.033600e-03,    4.573900e-03,    4.573900e-03,    4.573900e-03,    4.573900e-03,    3.722400e-03,    3.722400e-03,
        24,    2.511800e+01,    1.945394e-03,   -3.473802e-03,    5.480590e-02,   -5.221926e-02,   -5.402572e-02,    5.790901e-02,    2.363668e-04,    1.458393e-03,    1.447543e-01,   -4.586487e-01,   -2.872579e-01,    1.459531e-01,    1.036392e+00,   -8.260436e-01,   -7.142030e-01,    9.028775e-01,    2.378600e-03,   -4.846400e-03,    5.297500e-02,   -5.128900e-02,   -5.018900e-02,    5.485100e-02,   -1.654200e-03,    3.848400e-03,    2.992700e-03,    2.992700e-03,    6.373700e-03,    6.373700e-03,    3.702000e-03,    3.702000e-03,    2.647100e-03,    2.647100e-03,
        24,    3.981000e+01,    1.539715e-03,   -3.193104e-03,    6.573549e-02,   -6.796718e-02,   -6.889205e-02,    7.491153e-02,    7.784003e-04,    3.045784e-03,    7.711452e-01,    9.063745e-02,   -1.029258e+00,    1.312949e+00,    1.828848e+00,   -2.074024e+00,   -9.781984e-01,    4.233192e-01,    3.928800e-03,   -2.912300e-03,    6.118700e-02,   -6.216500e-02,   -6.081000e-02,    6.574600e-02,   -2.313000e-03,    4.383600e-03,    3.098100e-03,    3.098100e-03,    4.419200e-03,    4.419200e-03,    4.419200e-03,    4.419200e-03,    3.160300e-03,    3.160300e-03,
        24,    6.309500e+01,    2.094287e-03,   -4.307527e-03,    7.974737e-02,   -8.972698e-02,   -8.682936e-02,    9.604156e-02,   -1.938115e-04,    5.634740e-03,    9.389646e-01,    9.366091e-01,   -1.380072e+00,    2.006704e+00,    2.437414e+00,   -2.595740e+00,   -8.126212e-01,   -1.486934e-01,    5.544700e-03,   -8.657700e-04,    7.225800e-02,   -7.883700e-02,   -7.360200e-02,    8.195500e-02,   -3.344100e-03,    5.058300e-03,    3.674700e-03,    3.674700e-03,    5.426800e-03,    5.426800e-03,    5.426800e-03,    5.426800e-03,    3.876700e-03,    3.876700e-03,
        25,    2.511800e+01,    1.207300e-01,   -7.326222e-02,    1.068573e-01,   -1.583462e-01,   -2.666935e-01,    2.156525e-01,   -6.871791e-02,    8.082290e-02,    3.885685e-01,   -9.462895e-02,    8.470449e-01,   -1.277888e+00,   -2.433321e+00,    1.564159e+00,   -9.974652e-01,    3.578749e-01,    1.312000e-01,   -7.581200e-02,    1.189700e-01,   -1.766200e-01,   -3.014900e-01,    2.380200e-01,   -1.033100e-01,    9.323400e-02,    2.694500e-02,    2.694500e-02,    1.430000e-02,    1.430000e-02,    1.430000e-02,    1.430000e-02,    3.468000e-02,    3.468000e-02,
        25,    3.981000e+01,    1.482645e-01,   -7.706407e-02,    1.478515e-01,   -2.109400e-01,   -3.352306e-01,    2.569209e-01,   -9.665530e-02,    9.619201e-02,    7.262764e-01,   -1.118911e-01,    9.374882e-01,   -1.040006e+00,   -3.681226e+00,    7.137724e-01,   -9.158731e-01,    1.906320e-01,    1.736500e-01,   -8.097500e-02,    1.652400e-01,   -2.302300e-01,   -4.035100e-01,    2.701600e-01,   -1.363300e-01,    1.044500e-01,    3.495300e-02,    3.495300e-02,    1.854800e-02,    1.854800e-02,    1.854800e-02,    1.854800e-02,    4.331900e-02,    4.331900e-02,
        27,    2.511800e+01,    1.930518e-03,    1.671441e-03,    6.530899e-02,   -4.695454e-02,   -4.726997e-02,    4.056165e-02,    4.284599e-05,   -3.021767e-03,   -1.590890e+00,    1.232307e+00,    2.025860e+00,    4.226084e-02,   -2.008539e+00,   -1.506772e+00,   -9.823498e-01,    2.540815e+00,   -4.241500e-03,    6.452300e-03,    7.290900e-02,   -4.679600e-02,   -5.480500e-02,    3.490900e-02,   -2.158600e-03,    2.672200e-03,    3.879600e-03,    3.879600e-03,    3.751500e-03,    3.751500e-03,    3.751500e-03,    3.751500e-03,    2.241000e-03,    2.241000e-03,
        27,    3.981000e+01,    7.543272e-04,    1.058037e-03,    7.204279e-02,   -6.223693e-02,   -5.203368e-02,    5.868690e-02,    1.588243e-03,   -2.434170e-03,   -1.531339e+00,   -7.895958e-01,    1.603390e+00,    2.242337e-01,   -6.481747e-01,   -2.367722e-01,   -2.355716e+00,    3.029441e-01,   -3.935400e-03,   -1.360100e-03,    7.920000e-02,   -6.123600e-02,   -5.492700e-02,    5.763000e-02,   -6.597400e-03,   -1.381500e-03,    3.062500e-03,    3.062500e-03,    4.463800e-03,    4.463800e-03,    4.463800e-03,    4.463800e-03,    3.474800e-03,    3.474800e-03,
        27,    6.309500e+01,    6.095412e-04,   -2.564038e-04,    8.217218e-02,   -8.747376e-02,   -6.285915e-02,    8.700882e-02,    2.193139e-03,   -1.203095e-03,   -3.174382e-01,   -1.807765e+00,    9.597221e-01,    2.866412e-01,    5.922264e-01,    7.859435e-01,   -1.781587e+00,   -1.480844e+00,   -1.027900e-03,   -9.581400e-03,    8.772600e-02,   -8.581500e-02,   -5.943200e-02,    9.155700e-02,   -7.386100e-03,   -9.165300e-03,    5.158300e-03,    5.158300e-03,    5.786900e-03,    5.786900e-03,    5.786900e-03,    5.786900e-03,    5.376800e-03,    5.376800e-03,
        28,    2.511800e+01,    1.753867e-02,   -2.771043e-02,    5.988904e-02,   -5.332650e-02,   -4.975590e-02,    4.322120e-02,   -9.376145e-03,    1.608898e-02,   -5.064613e-01,   -4.559865e-01,   -3.534459e-01,   -6.586487e-01,   -9.409305e-01,    7.348347e-01,   -4.541678e-01,    4.589027e-01,    1.350400e-02,   -3.134300e-02,    5.578200e-02,   -6.098000e-02,   -5.691600e-02,    4.881300e-02,   -1.217400e-02,    1.891600e-02,    7.966400e-03,    7.966400e-03,    1.162000e-02,    1.162000e-02,    7.609600e-03,    7.609600e-03,    6.160400e-03,    6.160400e-03,
        28,    3.981000e+01,    2.559765e-02,   -3.499611e-02,    7.197024e-02,   -6.378247e-02,   -5.878333e-02,    5.630196e-02,   -1.415727e-02,    2.058958e-02,   -3.257080e-01,   -7.649902e-01,   -3.280949e-02,   -1.041162e+00,   -1.033759e+00,    5.575270e-01,   -4.570291e-01,    4.420293e-01,    2.208000e-02,   -4.325800e-02,    7.148200e-02,   -7.927600e-02,   -6.879600e-02,    6.170200e-02,   -1.776200e-02,    2.407600e-02,    1.080000e-02,    1.080000e-02,    1.488100e-02,    1.488100e-02,    9.685700e-03,    9.685700e-03,    7.887300e-03,    7.887300e-03,
        28,    6.309500e+01,    3.550497e-02,   -4.317533e-02,    8.482064e-02,   -8.000959e-02,   -7.101328e-02,    7.483611e-02,   -2.057360e-02,    2.550999e-02,    3.120034e-02,   -9.670646e-01,    4.302053e-01,   -1.256245e+00,   -1.103251e+00,    3.650206e-01,   -5.182599e-01,    4.747264e-01,    3.596000e-02,   -5.727900e-02,    9.311500e-02,   -1.042300e-01,   -8.476200e-02,    7.938500e-02,   -2.586400e-02,    3.035600e-02,    1.458400e-02,    1.458400e-02,    1.928000e-02,    1.928000e-02,    1.246200e-02,    1.246200e-02,    1.020800e-02,    1.020800e-02,
        29,    2.511800e+01,    2.830713e-01,   -1.150042e-01,    2.270297e-01,   -1.732578e-01,   -5.038627e-01,    2.729232e-01,   -2.425354e-01,    1.129262e-01,    7.663759e-01,    7.031720e-02,   -2.303185e-01,    2.692817e-01,   -3.248371e-01,   -6.796480e-01,   -1.245788e-02,   -2.399016e-01,    3.183200e-01,   -1.117700e-01,    2.224300e-01,   -1.678800e-01,   -5.103500e-01,    2.593500e-01,   -2.432600e-01,    9.897300e-02,    4.599400e-02,    4.599400e-02,    1.997100e-02,    1.997100e-02,    1.997100e-02,    1.997100e-02,    5.816200e-02,    5.816200e-02,
        29,    3.981000e+01,    3.126945e-01,   -1.192949e-01,    2.737768e-01,   -1.950534e-01,   -5.725998e-01,    3.106399e-01,   -2.826560e-01,    9.605898e-02,    6.088466e-01,    1.742937e-01,   -2.211429e-01,   -1.390191e-01,    1.871306e-01,   -5.774019e-01,    1.104635e-01,   -8.489553e-02,    3.444300e-01,   -1.102100e-01,    2.686600e-01,   -1.982700e-01,   -5.682700e-01,    2.972800e-01,   -2.755100e-01,    9.056700e-02,    5.212400e-02,    5.212400e-02,    2.313800e-02,    2.313800e-02,    2.313800e-02,    2.313800e-02,    6.469100e-02,    6.469100e-02,
        29,    6.309500e+01,    3.421108e-01,   -1.288314e-01,    3.194182e-01,   -2.257418e-01,   -6.487601e-01,    3.645471e-01,   -3.113303e-01,    7.262554e-02,    5.481105e-01,    1.413073e-01,    2.600014e-01,   -5.416782e-01,   -3.098541e-02,   -2.197280e-01,   -1.995797e-02,   -4.096940e-02,    3.749700e-01,   -1.203600e-01,    3.265500e-01,   -2.406000e-01,   -6.496100e-01,    3.585200e-01,   -3.127900e-01,    6.962900e-02,    5.995000e-02,    5.995000e-02,    2.743000e-02,    2.743000e-02,    2.743000e-02,    2.743000e-02,    7.314100e-02,    7.314100e-02,
        30,    2.511800e+01,    6.091314e-01,   -1.930213e-01,    4.827913e-01,   -3.144939e-01,   -1.055747e+00,    4.415077e-01,   -6.624125e-01,    3.214348e-01,    4.708559e-01,   -7.862201e-02,    4.246013e-01,   -6.132004e-02,   -6.273422e-01,    8.313960e-01,   -1.839141e-01,   -1.176852e-01,    6.541000e-01,   -2.005300e-01,    5.005600e-01,   -3.170600e-01,   -1.082000e+00,    4.763000e-01,   -6.884400e-01,    3.047800e-01,    9.550400e-02,    9.550400e-02,    4.184800e-02,    4.184800e-02,    4.184800e-02,    4.184800e-02,    1.415200e-01,    1.415200e-01,
        30,    3.981000e+01,    6.617169e-01,   -1.745737e-01,    5.735958e-01,   -3.384171e-01,   -1.168699e+00,    4.599808e-01,   -7.688364e-01,    2.947742e-01,    3.838754e-01,   -1.028151e-01,    2.251765e-01,   -4.942813e-01,   -5.505587e-01,    1.019337e+00,    9.852256e-02,    1.816204e-01,    7.024000e-01,   -1.854700e-01,    5.842300e-01,   -3.617600e-01,   -1.194700e+00,    5.081200e-01,   -7.535900e-01,    3.228800e-01,    1.059800e-01,    1.059800e-01,    4.722600e-02,    4.722600e-02,    4.722600e-02,    4.722600e-02,    1.547500e-01,    1.547500e-01,
        30,    6.309500e+01,    7.049387e-01,   -1.589631e-01,    6.615541e-01,   -3.708182e-01,   -1.279422e+00,    4.998138e-01,   -8.534544e-01,    2.575913e-01,    4.160974e-01,   -1.886852e-01,    7.037760e-01,   -8.308221e-01,   -1.158569e+00,    9.769712e-01,   -2.583639e-01,    2.762660e-01,    7.545500e-01,   -1.814600e-01,    6.998100e-01,   -4.159800e-01,   -1.342400e+00,    5.529200e-01,   -8.989600e-01,    3.062500e-01,    1.192300e-01,    1.192300e-01,    5.435800e-02,    5.435800e-02,    5.435800e-02,    5.435800e-02,    1.761300e-01,    1.761300e-01,
        31,    2.511800e+01,    5.059739e-03,    8.056219e-03,    9.853584e-02,   -1.576376e-01,   -1.613769e-01,    1.157344e-01,    1.210914e-02,   -8.021927e-03,   -8.667417e-02,   -1.446386e+00,    5.761000e-01,   -2.717683e+00,   -2.481250e-01,    1.779784e-01,    3.963388e-01,    6.270469e-02,    4.644700e-03,    1.130200e-03,    1.045100e-01,   -1.858200e-01,   -1.639500e-01,    1.175800e-01,    1.562300e-02,   -7.466000e-03,    4.788500e-03,    4.788500e-03,    1.037000e-02,    1.037000e-02,    1.037000e-02,    1.037000e-02,    8.865800e-03,    8.865800e-03,
        31,    3.981000e+01,    4.126065e-03,    1.339412e-02,    1.406429e-01,   -2.135316e-01,   -1.941671e-01,    1.357661e-01,    1.320775e-02,   -8.634302e-03,    6.911905e-01,   -9.213973e-01,    8.077663e-01,   -2.221840e+00,    1.111482e-01,    2.115157e-01,    2.410559e-02,   -4.023836e-01,    1.005800e-02,    5.486500e-03,    1.511600e-01,   -2.424600e-01,   -1.927200e-01,    1.385200e-01,    1.344700e-02,   -1.262800e-02,    8.582200e-03,    8.582200e-03,    1.302000e-02,    1.302000e-02,    1.302000e-02,    1.302000e-02,    9.925100e-03,    9.925100e-03,
        31,    6.309500e+01,    7.305365e-04,    2.136503e-02,    2.047394e-01,   -2.793596e-01,   -2.317718e-01,    1.588590e-01,    1.436101e-02,   -1.229103e-02,    1.286645e+00,   -4.087026e-02,    2.218533e+00,   -2.900040e+00,   -6.353796e-01,    1.122665e+00,   -7.620502e-01,   -1.055059e+00,    2.229600e-02,    2.068000e-02,    2.437700e-01,   -3.303800e-01,   -2.429500e-01,    1.786100e-01,    4.077900e-03,   -2.652800e-02,    1.676100e-02,    1.676100e-02,    1.759300e-02,    1.759300e-02,    1.759300e-02,    1.759300e-02,    1.349400e-02,    1.349400e-02,
        32,    3.981000e+01,   -6.242457e-03,   -1.838034e-03,    5.174064e-02,   -5.265676e-02,   -6.308584e-02,    6.064035e-02,    9.392158e-03,   -1.350820e-03,    1.021669e-01,   -6.923526e-01,   -1.490321e+00,    3.699817e-02,    7.864719e-01,    4.369195e-01,   -2.358073e-01,   -1.046328e-02,   -5.898400e-03,   -4.169600e-03,    4.595000e-02,   -5.251300e-02,   -6.003000e-02,    6.233800e-02,    8.430300e-03,   -1.393500e-03,    3.367600e-03,    3.367600e-03,    3.885500e-03,    3.885500e-03,    3.885500e-03,    3.885500e-03,    4.079000e-03,    4.079000e-03,
        32,    6.309500e+01,   -5.551869e-03,   -2.118353e-03,    6.394984e-02,   -6.594054e-02,   -7.820611e-02,    7.922148e-02,    8.663136e-03,   -1.408795e-03,    3.233244e-01,   -4.356039e-01,   -9.317010e-01,   -6.125959e-01,   -1.582158e-01,    5.276911e-01,   -2.425201e-01,   -3.927096e-02,   -4.445000e-03,   -3.609600e-03,    5.921000e-02,   -6.905700e-02,   -7.901100e-02,    8.190600e-02,    7.583000e-03,   -1.583700e-03,    3.423400e-03,    3.423400e-03,    5.087300e-03,    5.087300e-03,    5.087300e-03,    5.087300e-03,    4.453800e-03,    4.453800e-03,
        33,    2.511800e+01,    1.004034e-02,    4.015015e-03,    8.040790e-02,   -1.363971e-01,   -1.877589e-01,    1.558088e-01,   -1.606625e-02,   -3.235532e-03,    7.263190e-01,   -9.074237e-01,    1.520965e+00,   -3.257465e+00,   -1.687367e+00,   -1.114887e+00,   -4.379179e-01,   -4.903405e-01,    1.632300e-02,   -3.834200e-03,    9.739100e-02,   -1.727700e-01,   -2.066000e-01,    1.433600e-01,   -2.104100e-02,   -8.805800e-03,    8.650000e-03,    8.650000e-03,    1.116600e-02,    1.116600e-02,    1.116600e-02,    1.116600e-02,    1.136000e-02,    1.136000e-02,
        33,    3.981000e+01,    7.636959e-03,    6.032857e-03,    1.135721e-01,   -1.881428e-01,   -2.311001e-01,    1.918184e-01,   -1.471347e-02,   -1.036393e-02,    1.742790e+00,   -6.077954e-01,    1.249769e+00,   -2.960232e+00,   -1.787978e+00,   -1.330756e+00,   -3.178628e-01,   -7.375496e-02,    3.161600e-02,   -2.329800e-03,    1.314800e-01,   -2.305600e-01,   -2.567200e-01,    1.727500e-01,   -1.862700e-02,   -1.127200e-02,    1.375900e-02,    1.375900e-02,    1.432900e-02,    1.432900e-02,    1.432900e-02,    1.432900e-02,    1.231200e-02,    1.231200e-02,
        33,    6.309500e+01,    4.268750e-03,    7.138233e-03,    1.653325e-01,   -2.526518e-01,   -2.863065e-01,    2.342253e-01,   -8.942784e-03,   -1.778005e-02,    2.360002e+00,   -2.825131e-01,    7.688532e-01,   -3.120193e+00,   -2.094988e+00,   -1.043944e+00,    8.999036e-02,    2.696058e-01,    5.322700e-02,    1.277500e-03,    1.797200e-01,   -3.110400e-01,   -3.255100e-01,    2.146900e-01,   -7.859300e-03,   -1.453400e-02,    2.074500e-02,    2.074500e-02,    1.871300e-02,    1.871300e-02,    1.871300e-02,    1.871300e-02,    1.204000e-02,    1.204000e-02,
        34,    2.511800e+01,   -1.533363e-02,   -4.865047e-03,    5.860149e-02,   -3.243441e-02,   -5.520251e-02,    3.911596e-02,    5.694714e-03,   -1.091465e-03,   -3.806758e-01,   -1.354278e+00,    1.650878e+00,    1.158893e-01,   -9.340776e-01,   -1.766779e+00,    8.854494e-01,   -3.367536e+00,   -1.759500e-02,   -1.291000e-02,    6.433400e-02,   -3.203200e-02,   -5.844600e-02,    3.298100e-02,    1.103300e-02,   -2.139400e-02,    5.940400e-03,    5.940400e-03,    3.472400e-03,    3.472400e-03,    3.472400e-03,    3.472400e-03,    6.028900e-03,    6.028900e-03,
        34,    3.981000e+01,   -1.273936e-02,   -8.031907e-03,    6.532801e-02,   -3.783990e-02,   -6.445898e-02,    4.762561e-02,    5.907596e-03,    4.431319e-04,   -8.867322e-01,   -1.403736e+00,    3.694972e-01,    1.134761e+00,   -1.751816e+00,   -1.686132e+00,    1.307113e+00,   -2.302398e+00,   -1.851500e-02,   -1.717500e-02,    6.677600e-02,   -3.339300e-02,   -7.132400e-02,    4.101800e-02,    1.366100e-02,   -1.321400e-02,    6.513400e-03,    6.513400e-03,    3.918800e-03,    3.918800e-03,    3.918800e-03,    3.918800e-03,    5.931700e-03,    5.931700e-03,
        34,    6.309500e+01,   -8.237989e-03,   -9.673338e-03,    7.204783e-02,   -4.684999e-02,   -7.410851e-02,    5.929816e-02,    5.283046e-03,    1.681801e-03,   -1.872967e+00,    4.941809e-01,    3.337336e-01,    1.870688e+00,   -1.414489e+00,   -7.319478e-01,    9.975900e-01,   -1.405259e+00,   -1.997400e-02,   -6.576800e-03,    7.355300e-02,   -3.841300e-02,   -8.048800e-02,    5.599700e-02,    1.035200e-02,   -5.458600e-03,    6.266000e-03,    6.266000e-03,    4.510100e-03,    4.510100e-03,    4.510100e-03,    4.510100e-03,    5.081200e-03,    5.081200e-03,
        35,    2.511800e+01,   -3.122606e-04,   -4.601471e-03,    4.553501e-02,   -5.167037e-02,   -4.495825e-02,    4.920512e-02,    4.819780e-03,    8.969834e-04,    1.670059e-01,   -8.437884e-01,    4.998324e-01,   -9.478525e-01,   -1.413058e+00,    9.748803e-01,   -2.237327e-01,    7.667169e-01,    2.755000e-04,   -7.571100e-03,    4.735200e-02,   -5.511600e-02,   -5.009500e-02,    5.274900e-02,    4.166100e-03,    3.137100e-03,    3.519400e-03,    3.519400e-03,    3.635200e-03,    3.635200e-03,    3.635200e-03,    3.635200e-03,    2.921700e-03,    2.921700e-03,
        35,    6.309500e+01,    2.652200e-03,   -7.990048e-03,    7.332315e-02,   -9.099701e-02,   -7.005637e-02,    8.224086e-02,    4.170165e-03,   -4.697926e-04,    5.912342e-01,   -5.331234e-01,    1.214114e+00,   -2.653300e+00,   -3.864868e-01,    3.684051e-01,    8.824531e-01,   -4.074002e-01,    6.355100e-03,   -1.132900e-02,    8.074200e-02,   -1.072100e-01,   -7.241800e-02,    8.449200e-02,    8.263600e-03,   -2.359600e-03,    6.263000e-03,    6.263000e-03,    6.110500e-03,    6.110500e-03,    6.110500e-03,    6.110500e-03,    4.638700e-03,    4.638700e-03,
        36,    2.511800e+01,    8.921493e-03,    7.824277e-03,    8.554407e-02,   -1.304667e-01,   -3.273232e-01,    1.896918e-01,   -1.899107e-04,   -5.394772e-02,    1.244571e+00,   -1.472229e+00,   -3.507315e-01,   -8.321834e-01,   -3.623129e+00,    1.205684e-01,   -1.005404e+00,    3.950359e-01,    1.963800e-02,   -4.852500e-03,    8.095300e-02,   -1.413600e-01,   -3.747500e-01,    1.912700e-01,   -2.216100e-02,   -4.531500e-02,    8.610600e-03,    8.610600e-03,    1.309000e-02,    1.309000e-02,    1.309000e-02,    1.309000e-02,    2.185300e-02,    2.185300e-02,
        36,    3.981000e+01,    4.940983e-03,    8.642267e-03,    1.142152e-01,   -1.800394e-01,   -3.695403e-01,    2.363653e-01,    2.252748e-02,   -6.408466e-02,    2.080555e+00,   -1.391169e+00,   -2.926390e-01,   -7.706923e-01,   -2.908949e+00,   -7.796386e-01,   -7.839651e-01,   -8.406143e-02,    3.157000e-02,   -9.163300e-03,    1.094800e-01,   -1.925100e-01,   -4.166100e-01,    2.237500e-01,    1.699100e-03,   -6.631800e-02,    1.279900e-02,    1.279900e-02,    1.618100e-02,    1.618100e-02,    1.618100e-02,    1.618100e-02,    2.656800e-02,    2.656800e-02,
        36,    6.309500e+01,    3.353534e-04,    8.189702e-03,    1.586453e-01,   -2.449698e-01,   -4.283327e-01,    3.011209e-01,    4.546606e-02,   -6.945580e-02,    2.638543e+00,   -8.903572e-01,    1.348493e-01,   -1.268341e+00,   -1.979775e+00,   -8.851801e-01,   -2.916297e-01,   -7.450672e-01,    5.087400e-02,   -8.864200e-03,    1.614500e-01,   -2.713500e-01,   -4.695100e-01,    2.827100e-01,    3.511700e-02,   -9.589600e-02,    1.915400e-02,    1.915400e-02,    2.079900e-02,    2.079900e-02,    2.079900e-02,    2.079900e-02,    3.548700e-02,    3.548700e-02,
        37,    2.511800e+01,    4.155840e-02,   -1.196957e-02,    1.245510e-01,   -1.774932e-01,   -1.830820e-01,    1.779563e-01,   -1.390422e-02,   -1.129803e-02,    4.530347e-02,   -4.915397e-01,    1.239453e+00,   -1.385293e+00,   -1.345423e+00,    1.468045e+00,   -1.830321e-01,   -1.165549e+00,    4.227900e-02,   -1.978800e-02,    1.406800e-01,   -1.955200e-01,   -2.005900e-01,    1.970600e-01,   -1.653000e-02,   -2.801900e-02,    1.590600e-02,    1.590600e-02,    1.301300e-02,    1.301300e-02,    1.301300e-02,    1.301300e-02,    1.434600e-02,    1.434600e-02,
        37,    3.981000e+01,    4.388756e-02,   -1.049432e-02,    1.679395e-01,   -2.359425e-01,   -2.235598e-01,    2.286453e-01,   -1.259800e-02,   -2.226019e-02,    4.096119e-01,   -6.687549e-01,    9.356361e-01,   -7.847692e-01,   -1.385272e+00,    1.478132e+00,   -3.558619e-01,   -1.006387e+00,    5.206300e-02,   -2.384200e-02,    1.834000e-01,   -2.489100e-01,   -2.464500e-01,    2.530700e-01,   -1.938500e-02,   -4.145400e-02,    1.995900e-02,    1.995900e-02,    1.652400e-02,    1.652400e-02,    1.652400e-02,    1.652400e-02,    1.907200e-02,    1.907200e-02,
        38,    2.511800e+01,   -1.834121e-03,   -6.040774e-03,    5.899194e-02,   -3.930669e-02,   -3.692993e-02,    4.558066e-02,    6.018724e-03,    1.012179e-03,   -4.421942e+00,   -6.671343e-01,    5.673621e-01,   -6.171969e-01,    2.623769e-01,   -8.183818e-01,   -1.278796e+00,   -6.927551e-01,   -3.738300e-02,   -1.140400e-02,    6.080500e-02,   -4.127900e-02,   -3.591500e-02,    4.241500e-02,    3.379800e-03,   -4.173900e-04,    8.039200e-03,    8.039200e-03,    3.195600e-03,    3.195600e-03,    3.868200e-03,    3.868200e-03,    2.063600e-03,    2.063600e-03,
        38,    3.981000e+01,    1.540503e-03,   -6.298677e-03,    6.640635e-02,   -4.930689e-02,   -4.585819e-02,    6.143164e-02,    4.643411e-03,    2.348002e-03,   -4.210718e+00,   -1.103384e+00,    1.266810e+00,   -6.229675e-02,    6.805674e-01,    7.001831e-02,   -7.970893e-01,   -1.847193e+00,   -3.497400e-02,   -1.586700e-02,    7.153300e-02,   -4.955900e-02,   -4.310400e-02,    6.171500e-02,    2.718600e-03,   -2.112600e-03,    8.671800e-03,    8.671800e-03,    4.046900e-03,    4.046900e-03,    4.046900e-03,    4.046900e-03,    2.414800e-03,    2.414800e-03,
        38,    6.309500e+01,    4.669212e-03,   -3.873430e-03,    7.500734e-02,   -6.490363e-02,   -5.768041e-02,    8.435218e-02,    2.718660e-03,    2.126926e-03,   -3.551394e+00,   -1.915255e+00,    1.569441e+00,    8.822510e-01,   -1.133494e-02,    1.978825e+00,   -3.868328e-01,   -1.993542e+00,   -2.682100e-02,   -2.085600e-02,    8.339600e-02,   -6.018800e-02,   -5.774100e-02,    9.492900e-02,    1.312600e-03,   -5.119200e-03,    8.867000e-03,    8.867000e-03,    5.345000e-03,    5.345000e-03,    5.345000e-03,    5.345000e-03,    3.634800e-03,    3.634800e-03,
        39,    2.511800e+01,   -1.085494e-02,   -7.666845e-03,    6.138162e-02,   -5.259517e-02,   -5.989606e-02,    4.281578e-02,    1.009456e-03,    5.893265e-03,   -1.046620e+00,    1.074437e-01,    1.442252e-01,   -4.418553e-01,   -1.849376e+00,    8.392898e-01,   -3.209478e-01,   -6.614376e-01,   -1.696500e-02,   -7.039600e-03,    6.197400e-02,   -5.441000e-02,   -6.749200e-02,    4.626300e-02,    1.296100e-04,    4.080000e-03,    5.837900e-03,    5.837900e-03,    4.107300e-03,    4.107300e-03,    4.107300e-03,    4.107300e-03,    2.741400e-03,    2.741400e-03,
        39,    3.981000e+01,   -6.984923e-03,   -1.102733e-02,    7.452792e-02,   -6.239846e-02,   -6.942562e-02,    5.380934e-02,   -1.707887e-03,    7.063949e-03,   -1.213638e+00,    7.530087e-02,   -6.833144e-01,   -1.953813e-01,   -1.162783e+00,    3.885561e-01,    3.663282e-01,   -2.377728e-01,   -1.451700e-02,   -1.056000e-02,    7.130500e-02,   -6.332000e-02,   -7.491000e-02,    5.564200e-02,   -3.843800e-04,    6.204900e-03,    6.206200e-03,    6.206200e-03,    4.716600e-03,    4.716600e-03,    4.716600e-03,    4.716600e-03,    3.612900e-03,    3.612900e-03,
        39,    6.309500e+01,   -1.477740e-03,   -1.272216e-02,    8.912960e-02,   -7.610142e-02,   -8.140933e-02,    6.893950e-02,   -4.652572e-03,    7.180416e-03,   -1.103999e+00,   -4.179817e-01,   -4.390037e-01,   -8.022333e-01,   -1.174749e+00,    7.555501e-01,    3.426180e-01,    5.527060e-01,   -9.144900e-03,   -1.562500e-02,    8.657100e-02,   -8.077700e-02,   -8.825600e-02,    7.334300e-02,   -2.872500e-03,    1.005200e-02,    6.944900e-03,    6.944900e-03,    5.828200e-03,    5.828200e-03,    5.828200e-03,    5.828200e-03,    5.195500e-03,    5.195500e-03,
        40,    2.511800e+01,    1.330724e-03,   -1.486792e-02,    7.303733e-02,   -5.749998e-02,   -4.697099e-02,    4.418623e-02,    1.653846e-03,    6.294578e-03,    6.531288e-01,   -1.029949e+00,   -1.641167e+00,    9.344411e-01,    1.182643e+00,   -7.845853e-01,    3.448496e-01,    5.289483e-02,    5.635300e-03,   -2.165600e-02,    6.715900e-02,   -5.415300e-02,   -4.273500e-02,    4.137600e-02,    2.709500e-03,    6.456500e-03,    6.590700e-03,    6.590700e-03,    3.581800e-03,    3.581800e-03,    3.581800e-03,    3.581800e-03,    3.061200e-03,    3.061200e-03,
        40,    3.981000e+01,    8.715478e-03,   -1.427684e-02,    8.693760e-02,   -6.863562e-02,   -5.805936e-02,    5.707807e-02,   -1.645467e-03,    6.685470e-03,    1.765696e+00,   -2.551996e-01,    6.832165e-01,    8.496251e-01,    8.842810e-01,   -8.946976e-01,    1.824048e+00,   -1.113902e-01,    2.369600e-02,   -1.644200e-02,    9.006700e-02,   -6.474400e-02,   -5.400900e-02,    5.298000e-02,    5.128500e-03,    6.271800e-03,    8.484200e-03,    8.484200e-03,    4.580400e-03,    4.580400e-03,    4.580400e-03,    4.580400e-03,    3.713700e-03,    3.713700e-03,
        41,    2.511800e+01,    3.499478e-02,   -2.991659e-03,    5.761315e-02,   -6.040498e-02,   -7.978037e-02,    5.042095e-02,   -2.701191e-02,    5.353701e-03,   -6.303141e-01,    4.117113e-01,   -3.351835e+00,    3.506959e+00,    2.956566e+00,   -2.239540e+00,    5.213394e-01,    1.902684e-01,    3.074300e-02,   -2.144600e-04,    4.538700e-02,   -4.761300e-02,   -6.899600e-02,    4.225200e-02,   -2.353400e-02,    6.623000e-03,    6.745500e-03,    6.745500e-03,    3.647600e-03,    3.647600e-03,    3.647600e-03,    3.647600e-03,    6.671100e-03,    6.671100e-03,
        41,    3.981000e+01,    3.266338e-02,   -2.899842e-03,    7.008848e-02,   -7.681593e-02,   -8.575824e-02,    6.733140e-02,   -2.684833e-02,    3.597414e-03,   -8.640652e-01,    4.628366e-02,   -3.610248e+00,    2.947874e+00,    3.241762e+00,   -3.315255e+00,    3.496509e-01,    5.607630e-01,    2.652800e-02,   -2.571200e-03,    5.445900e-02,   -6.405400e-02,   -7.172400e-02,    5.297900e-02,   -2.434700e-02,    7.609000e-03,    7.100600e-03,    7.100600e-03,    4.329200e-03,    4.329200e-03,    4.329200e-03,    4.329200e-03,    7.153800e-03,    7.153800e-03,
        41,    6.309500e+01,    3.024490e-02,   -6.481868e-03,    8.396972e-02,   -1.008532e-01,   -9.507827e-02,    9.557052e-02,   -2.529912e-02,    3.696662e-03,   -7.030596e-01,   -4.196644e-01,   -2.884861e+00,    2.463362e+00,    3.119691e+00,   -2.511838e+00,   -1.125944e-01,    6.479150e-01,    2.454400e-02,   -9.884800e-03,    6.788200e-02,   -8.711600e-02,   -7.768100e-02,    8.156300e-02,   -2.624400e-02,    9.133900e-03,    8.108700e-03,    8.108700e-03,    5.576600e-03,    5.576600e-03,    5.576600e-03,    5.576600e-03,    8.391900e-03,    8.391900e-03,
        42,    2.511800e+01,   -1.470859e-02,   -1.113925e-02,    6.184675e-02,   -5.313043e-02,   -6.459405e-02,    5.081127e-02,    1.000444e-02,    2.010453e-03,    3.648900e-01,    1.190273e-01,    3.677687e-02,    1.479601e-01,    3.708876e-01,   -4.106353e-01,    6.269082e-03,    4.131550e-01,   -1.270600e-02,   -1.048600e-02,    6.199500e-02,   -5.253400e-02,   -6.309900e-02,    4.915600e-02,    1.003200e-02,    3.826600e-03,    5.488200e-03,    5.488200e-03,    4.031000e-03,    4.031000e-03,    4.031000e-03,    4.031000e-03,    4.395800e-03,    4.395800e-03,
        42,    3.981000e+01,   -9.739834e-03,   -1.667689e-02,    7.490489e-02,   -6.401035e-02,   -7.602628e-02,    6.333791e-02,    1.024567e-02,    8.762634e-03,    8.966673e-02,    9.265652e-03,   -1.758720e-01,    9.264409e-03,    4.470435e-01,    2.100279e-01,   -1.641527e-01,    3.400859e-01,   -9.160300e-03,   -1.661700e-02,    7.404400e-02,   -6.396500e-02,   -7.383800e-02,    6.436600e-02,    9.328400e-03,    1.066300e-02,    6.463200e-03,    6.463200e-03,    4.895000e-03,    4.895000e-03,    4.895000e-03,    4.895000e-03,    5.587900e-03,    5.587900e-03,
        42,    6.309500e+01,   -3.228733e-03,   -2.086325e-02,    8.971591e-02,   -7.890298e-02,   -9.041913e-02,    8.079502e-02,    6.037708e-03,    1.654638e-02,    8.045347e-03,   -3.635649e-01,   -1.548157e-01,   -3.602390e-01,    2.062448e-01,    9.253793e-01,   -1.283138e-01,    4.621183e-01,   -3.163900e-03,   -2.379300e-02,    8.877000e-02,   -8.110400e-02,   -8.915900e-02,    8.644900e-02,    5.062100e-03,    2.006000e-02,    8.058400e-03,    8.058400e-03,    6.109900e-03,    6.109900e-03,    6.109900e-03,    6.109900e-03,    7.603300e-03,    7.603300e-03,
        43,    2.511800e+01,    2.971853e-03,    8.578952e-04,    7.316907e-02,   -6.133879e-02,   -6.156330e-02,    7.374146e-02,    1.398923e-02,   -1.068887e-02,   -4.804679e-01,    2.156774e+00,    3.444769e-01,    2.514199e-01,    6.080610e-01,    6.390508e-01,    1.157882e+00,    3.982689e-01,    5.540900e-04,    1.171100e-02,    7.482800e-02,   -6.012800e-02,   -5.863500e-02,    7.681900e-02,    2.228800e-02,   -7.834400e-03,    5.032100e-03,    5.032100e-03,    4.815800e-03,    4.815800e-03,    4.815800e-03,    4.815800e-03,    7.167200e-03,    7.167200e-03,
        43,    3.981000e+01,    1.028629e-03,    4.896915e-03,    8.692279e-02,   -7.866179e-02,   -8.064321e-02,    9.880956e-02,    1.725478e-02,   -1.280115e-02,   -3.446011e-01,    1.041966e+00,    9.278564e-01,    5.903384e-01,    1.817875e-03,   -1.031175e-02,    9.775525e-01,    8.411387e-01,   -7.950000e-04,    1.041100e-02,    9.264200e-02,   -7.502300e-02,   -8.063200e-02,    9.874600e-02,    2.575000e-02,   -5.491400e-03,    5.292000e-03,    5.292000e-03,    6.163900e-03,    6.163900e-03,    6.163900e-03,    6.163900e-03,    8.690300e-03,    8.690300e-03,
        43,    6.309500e+01,   -1.576936e-03,    7.210917e-03,    1.051021e-01,   -1.016296e-01,   -1.059070e-01,    1.290160e-01,    2.011126e-02,   -1.505839e-02,    5.626732e-01,    5.513911e-01,    1.075163e+00,    9.322868e-01,   -6.154247e-02,   -5.172891e-02,    1.238508e+00,    1.024099e+00,    1.767200e-03,    1.048800e-02,    1.135400e-01,   -9.431300e-02,   -1.063900e-01,    1.286100e-01,    3.417700e-02,   -3.427700e-03,    5.943300e-03,    5.943300e-03,    7.848000e-03,    7.848000e-03,    7.848000e-03,    7.848000e-03,    1.135700e-02,    1.135700e-02,
        44,    2.511800e+01,   -3.862327e-03,   -1.096463e-02,    7.356714e-02,   -7.287776e-02,   -7.299312e-02,    6.374733e-02,    2.080704e-03,    3.085350e-03,   -2.662808e-01,   -1.534633e-01,    1.895539e-02,   -1.478469e-03,    8.030293e-01,   -4.050390e-01,    3.584440e-01,    2.022100e-01,   -5.325700e-03,   -1.180800e-02,    7.366000e-02,   -7.288500e-02,   -6.905900e-02,    6.176300e-02,    3.230700e-03,    3.734100e-03,    5.495600e-03,    5.495600e-03,    4.899100e-03,    4.899100e-03,    4.899100e-03,    4.899100e-03,    3.208300e-03,    3.208300e-03,
        44,    3.981000e+01,    9.764158e-04,   -8.908327e-03,    9.085577e-02,   -9.546941e-02,   -8.743223e-02,    8.808756e-02,    6.858993e-04,    4.279194e-03,   -4.250885e-01,   -9.314333e-02,   -2.473071e-01,    1.114610e+00,    7.273804e-01,   -1.047432e+00,    2.264798e-01,    2.650086e-01,   -1.225500e-03,   -9.390800e-03,    8.935800e-02,   -8.871900e-02,   -8.302700e-02,    8.174400e-02,    1.546500e-03,    5.286200e-03,    5.179900e-03,    5.179900e-03,    6.056300e-03,    6.056300e-03,    6.056300e-03,    6.056300e-03,    3.799900e-03,    3.799900e-03,
        44,    6.309500e+01,    3.823112e-03,   -5.295018e-03,    1.160720e-01,   -1.242814e-01,   -1.110163e-01,    1.188628e-01,   -1.818716e-03,    4.660123e-03,   -2.589855e-02,   -2.090498e-01,   -1.533810e-01,    4.879679e-01,    6.021944e-01,   -2.769682e-01,   -2.511513e-01,    1.810257e-01,    3.687000e-03,   -6.393700e-03,    1.148300e-01,   -1.203300e-01,   -1.061400e-01,    1.166200e-01,   -3.004200e-03,    5.514600e-03,    5.255600e-03,    5.255600e-03,    8.097600e-03,    8.097600e-03,    8.097600e-03,    8.097600e-03,    4.720200e-03,    4.720200e-03,
        45,    2.511800e+01,   -5.221417e-03,    5.059608e-03,    4.675944e-02,   -6.914468e-02,   -5.878523e-02,    7.351621e-02,    6.380666e-03,   -8.093882e-03,   -4.591246e-01,   -2.684442e-01,   -3.679518e-01,    3.854783e-01,    3.757202e-01,    2.753956e-02,   -6.982860e-01,    6.556146e-01,   -6.983400e-03,    4.029400e-03,    4.515900e-02,   -6.746800e-02,   -5.715100e-02,    7.363600e-02,    3.751200e-03,   -5.625100e-03,    3.837700e-03,    3.837700e-03,    4.349600e-03,    4.349600e-03,    4.349600e-03,    4.349600e-03,    3.765600e-03,    3.765600e-03,
        45,    3.981000e+01,   -7.164051e-03,    5.458226e-03,    6.605912e-02,   -9.168477e-02,   -7.946466e-02,    9.271391e-02,    9.602800e-03,   -9.168878e-03,   -3.448384e-01,   -3.769211e-01,   -4.447518e-01,    1.615393e-01,    7.012575e-02,   -8.724045e-02,   -8.363403e-01,    1.299468e-01,   -8.847000e-03,    3.618700e-03,    6.348000e-02,   -9.074800e-02,   -7.905800e-02,    9.220800e-02,    5.236100e-03,   -8.490400e-03,    4.880400e-03,    4.880400e-03,    5.799000e-03,    5.799000e-03,    5.799000e-03,    5.799000e-03,    5.221200e-03,    5.221200e-03,
        45,    6.309500e+01,   -9.362707e-03,    5.279734e-03,    9.179933e-02,   -1.175103e-01,   -1.053049e-01,    1.147841e-01,    1.317708e-02,   -9.534353e-03,   -1.737921e-01,   -4.043809e-01,    1.172915e-01,   -8.004837e-01,   -3.594182e-01,    1.718433e-01,   -7.944721e-01,   -2.156673e-01,   -1.042800e-02,    2.801000e-03,    9.271800e-02,   -1.237800e-01,   -1.081200e-01,    1.161300e-01,    7.674800e-03,   -1.102800e-02,    6.129700e-03,    6.129700e-03,    7.832400e-03,    7.832400e-03,    7.832400e-03,    7.832400e-03,    6.925700e-03,    6.925700e-03,
        46,    2.511800e+01,   -3.632474e-02,    5.822699e-04,    7.910749e-02,   -5.831195e-02,   -6.837100e-02,    4.708340e-02,    1.880217e-02,   -4.650931e-03,   -9.371484e-01,    1.938747e-01,   -1.642392e+00,   -6.757425e-01,    1.258509e-01,   -1.089499e+00,   -8.536305e-01,   -1.011573e+00,   -4.555500e-02,    2.491800e-03,    7.196900e-02,   -6.124900e-02,   -6.782400e-02,    4.234800e-02,    1.402500e-02,   -1.031200e-02,    9.849300e-03,    9.849300e-03,    4.346400e-03,    4.346400e-03,    4.346400e-03,    4.346400e-03,    5.596300e-03,    5.596300e-03,
        46,    3.981000e+01,   -3.360164e-02,    7.913523e-04,    9.208150e-02,   -6.921240e-02,   -7.729643e-02,    6.185610e-02,    1.961928e-02,   -2.956778e-03,   -1.038456e+00,    2.300092e-01,   -1.846307e+00,   -1.392265e+00,   -5.577997e-02,   -1.299771e+00,   -7.066362e-01,   -1.536714e+00,   -4.465600e-02,    3.239800e-03,    8.253000e-02,   -7.641500e-02,   -7.758500e-02,    5.513200e-02,    1.501300e-02,   -1.297400e-02,    1.064500e-02,    1.064500e-02,    5.173300e-03,    5.173300e-03,    5.173300e-03,    5.173300e-03,    6.518600e-03,    6.518600e-03,
        46,    6.309500e+01,   -3.134696e-02,    4.144901e-03,    1.069046e-01,   -8.702085e-02,   -9.074542e-02,    8.377665e-02,    1.900644e-02,   -1.986480e-03,   -1.026015e+00,    7.164846e-02,   -1.956695e+00,   -1.530408e+00,   -1.840943e-02,   -1.188909e+00,   -3.593722e-01,   -1.794590e+00,   -4.314100e-02,    4.968500e-03,    9.451400e-02,   -9.671200e-02,   -9.086200e-02,    7.624800e-02,    1.620600e-02,   -1.597100e-02,    1.149500e-02,    1.149500e-02,    6.332400e-03,    6.332400e-03,    6.332400e-03,    6.332400e-03,    7.792600e-03,    7.792600e-03,
        47,    2.511800e+01,    1.662248e-02,    1.745096e-02,    1.062452e-01,   -1.019530e-01,   -1.181730e-01,    6.837630e-02,   -2.271757e-02,   -5.386583e-03,   -1.197209e+00,    1.169887e+00,   -9.564409e-03,   -1.535127e-01,    1.309824e+00,   -8.862612e-01,    1.358881e+00,   -1.354337e+00,    4.776100e-03,    2.902700e-02,    1.061800e-01,   -1.030000e-01,   -1.092400e-01,    6.233200e-02,   -1.250300e-02,   -1.556700e-02,    9.895000e-03,    9.895000e-03,    6.820000e-03,    6.820000e-03,    6.820000e-03,    6.820000e-03,    7.516900e-03,    7.516900e-03,
        47,    3.981000e+01,    1.092552e-02,    2.529327e-02,    1.341505e-01,   -1.239329e-01,   -1.357779e-01,    7.749170e-02,   -2.303466e-02,   -1.626305e-02,   -9.304592e-01,    1.158611e+00,   -3.906220e-01,    1.138026e+00,    1.429690e+00,   -4.840055e-01,    1.636741e+00,   -5.679680e-01,   -6.940500e-04,    3.976200e-02,    1.310500e-01,   -1.149000e-01,   -1.244300e-01,    7.365000e-02,   -8.888300e-03,   -2.117200e-02,    1.248800e-02,    1.248800e-02,    7.937300e-03,    7.937300e-03,    7.937300e-03,    7.937300e-03,    8.643000e-03,    8.643000e-03,
        47,    6.309500e+01,    2.244152e-03,    3.358186e-02,    1.692367e-01,   -1.517989e-01,   -1.550064e-01,    9.036936e-02,   -1.767396e-02,   -3.030053e-02,   -4.253984e-01,    1.523243e+00,   -6.384671e-01,    2.593878e+00,    7.724762e-01,    6.488266e-01,    1.146949e+00,    3.132913e-01,   -4.804700e-03,    5.882200e-02,    1.631400e-01,   -1.270300e-01,   -1.476300e-01,    9.656500e-02,   -5.667700e-03,   -2.702100e-02,    1.657000e-02,    1.657000e-02,    9.549000e-03,    9.549000e-03,    9.549000e-03,    9.549000e-03,    1.046800e-02,    1.046800e-02,
        48,    2.511800e+01,    9.616011e-04,    9.595914e-04,    7.390429e-02,   -6.340556e-02,   -7.556529e-02,    6.941729e-02,   -4.307034e-03,    8.309841e-03,   -3.572512e-01,   -2.055967e-01,    3.308552e-01,   -5.973492e-01,   -1.428273e+00,    7.208300e-01,   -1.417716e-01,   -8.898322e-02,    4.725600e-04,    6.781500e-04,    7.565200e-02,   -6.656100e-02,   -8.311000e-02,    7.322500e-02,   -4.990600e-03,    7.880800e-03,    1.368900e-03,    1.368900e-03,    5.282400e-03,    5.282400e-03,    5.282400e-03,    5.282400e-03,    4.821600e-03,    4.821600e-03,
        48,    3.981000e+01,   -6.644246e-05,   -1.064812e-03,    8.888070e-02,   -7.754686e-02,   -9.356195e-02,    8.516519e-02,   -6.931979e-03,    9.836254e-03,    2.449473e-02,   -5.338232e-01,   -5.204112e-01,   -3.737697e-01,   -7.011883e-01,    1.217442e-01,   -1.138808e-01,   -1.234341e-01,   -4.713300e-06,   -2.410100e-03,    8.566700e-02,   -7.985500e-02,   -9.789200e-02,    8.591700e-02,   -7.603500e-03,    9.108400e-03,    2.520100e-03,    2.520100e-03,    6.175300e-03,    6.175300e-03,    6.175300e-03,    6.175300e-03,    5.896700e-03,    5.896700e-03,
        48,    6.309500e+01,    1.123980e-03,   -3.732785e-03,    1.059363e-01,   -9.738451e-02,   -1.147674e-01,    1.053730e-01,   -1.029892e-02,    1.138244e-02,    5.926132e-02,    1.374129e-01,   -1.298948e-01,   -3.359048e-01,   -5.772001e-01,    1.540514e-02,    1.541582e-02,   -3.984380e-03,    1.324900e-03,   -3.266900e-03,    1.049500e-01,   -9.993500e-02,   -1.191500e-01,    1.054900e-01,   -1.018500e-02,    1.135300e-02,    3.390400e-03,    3.390400e-03,    7.592900e-03,    7.592900e-03,    7.592900e-03,    7.592900e-03,    7.389900e-03,    7.389900e-03,
VTF,
     StaID,        Freq[Hz],     Re(Tzx)_Cal,     Im(Tzx)_Cal,     Re(Tzy)_Cal,     Im(Tzy)_Cal,     Re(Tzx)_Res,     Im(Tzx)_Res,     Re(Tzy)_Res,     Im(Tzy)_Res,     Re(Tzx)_Obs,     Im(Tzx)_Obs,     Re(Tzy)_Obs,     Im(Tzy)_Obs,      Re(Tzx)_SD,      Im(Tzx)_SD,      Re(Tzy)_SD,      Im(Tzy)_SD,
      1001,    2.511800e+01,    2.318117e-02,    1.752754e-02,    1.306409e-01,   -5.499055e-03,    8.771610e-01,    1.164879e-02,   -4.876979e-01,   -2.641315e-01,    4.949600e-02,    1.787700e-02,    1.160100e-01,   -1.342300e-02,    3.000000e-02,    3.000000e-02,    3.000000e-02,    3.000000e-02,
      1001,    3.981000e+01,    3.493942e-02,   -5.265078e-03,    1.287958e-01,    2.037983e-02,    6.539859e-01,    5.578359e-01,   -4.038587e-01,   -6.838163e-01,    5.455900e-02,    1.147000e-02,    1.166800e-01,   -1.346600e-04,    3.000000e-02,    3.000000e-02,    3.000000e-02,    3.000000e-02,
      1001,    6.309500e+01,    5.143051e-02,   -7.702036e-03,    1.121495e-01,    4.119964e-02,    2.937829e-01,    6.049679e-01,    7.101613e-02,   -9.914879e-01,    6.024400e-02,    1.044700e-02,    1.142800e-01,    1.145500e-02,    3.000000e-02,    3.000000e-02,    3.000000e-02,    3.000000e-02,
      1002,    2.511800e+01,    7.490196e-02,   -1.222872e-02,   -1.061319e-01,    5.760483e-02,    6.532680e-01,    1.077106e-01,   -4.949369e-01,    4.200573e-02,    9.450000e-02,   -8.997400e-03,   -1.209800e-01,    5.886500e-02,    3.000000e-02,    3.000000e-02,    3.000000e-02,    3.000000e-02,
      1002,    3.981000e+01,    1.029837e-01,   -3.853329e-02,   -1.376553e-01,    6.949507e-02,    4.705443e-01,    5.869432e-01,   -5.841580e-01,   -4.329689e-01,    1.171000e-01,   -2.092500e-02,   -1.551800e-01,    5.650600e-02,    3.000000e-02,    3.000000e-02,    3.000000e-02,    3.000000e-02,
      1002,    6.309500e+01,    1.378385e-01,   -3.491688e-02,   -1.752507e-01,    6.145127e-02,    3.460505e-01,    4.710292e-01,   -7.713101e-01,   -6.156756e-01,    1.482200e-01,   -2.078600e-02,   -1.983900e-01,    4.298100e-02,    3.000000e-02,    3.000000e-02,    3.000000e-02,    3.000000e-02,
      1003,    3.981000e+01,    4.473433e-02,   -3.127437e-02,   -9.754916e-02,    4.380685e-02,    9.576225e-01,    3.879457e-01,    3.888721e-01,    9.087384e-01,    7.346300e-02,   -1.963600e-02,   -8.588300e-02,    7.106900e-02,    3.000000e-02,    3.000000e-02,    3.000000e-02,    3.000000e-02,
      1003,    6.309500e+01,    6.994635e-02,   -3.328584e-02,   -1.224625e-01,    3.205665e-02,    9.995882e-01,    2.943946e-01,   -1.532496e-01,    5.978118e-01,    9.993400e-02,   -2.445400e-02,   -1.270600e-01,    4.999100e-02,    3.000000e-02,    3.000000e-02,    3.000000e-02,    3.000000e-02,
      1004,    2.511800e+01,   -4.464589e-02,    3.231707e-02,    3.492827e-01,    1.612975e-01,   -3.927702e-01,    1.333831e+00,   -5.887558e-01,   -9.002493e-01,   -5.642900e-02,    7.233200e-02,    3.316200e-01,    1.342900e-01,    3.000000e-02,    3.000000e-02,    3.000000e-02,    3.000000e-02,
      1004,    3.981000e+01,   -5.105299e-02,    1.935198e-02,    2.861416e-01,    1.642213e-01,   -3.621336e-01,    1.341601e+00,   -6.538663e-02,   -7.953777e-01,   -6.191700e-02,    5.960000e-02,    2.841800e-01,    1.403600e-01,    3.000000e-02,    3.000000e-02,    3.000000e-02,    3.000000e-02,
      1004,    6.309500e+01,   -4.913164e-02,    1.245514e-02,    2.295369e-01,    1.546073e-01,   -5.675787e-01,    1.061195e+00,    3.714368e-01,   -6.682424e-01,   -6.615900e-02,    4.429100e-02,    2.406800e-01,    1.345600e-01,    3.000000e-02,    3.000000e-02,    3.000000e-02,    3.000000e-02,
      1005,    2.511800e+01,    4.197986e-02,    6.656048e-02,    1.384480e-01,   -1.167379e-02,    6.417714e-01,   -3.461158e-01,   -4.829335e-01,    4.259680e-03,    6.123300e-02,    5.617700e-02,    1.239600e-01,   -1.154600e-02,    3.000000e-02,    3.000000e-02,    3.000000e-02,    3.000000e-02,
      1005,    3.981000e+01,    3.010884e-02,    4.966672e-02,    1.420794e-01,    1.100062e-02,    7.281385e-01,    1.605427e-01,   -7.731488e-02,   -2.633106e-01,    5.195300e-02,    5.448300e-02,    1.397600e-01,    3.101300e-03,    3.000000e-02,    3.000000e-02,    3.000000e-02,    3.000000e-02,
      1005,    6.309500e+01,    2.434261e-02,    4.488905e-02,    1.330069e-01,    3.406418e-02,    5.397796e-01,    6.896649e-01,    1.537703e-01,   -9.197280e-02,    4.053600e-02,    6.557900e-02,    1.376200e-01,    3.130500e-02,    3.000000e-02,    3.000000e-02,    3.000000e-02,    3.000000e-02,
      1006,    2.511800e+01,    3.076172e-02,    4.362544e-02,   -2.442850e-02,    2.268382e-02,   -6.179905e-01,   -6.843814e-01,    1.252583e+00,    4.269726e-01,    1.222200e-02,    2.309400e-02,    1.314900e-02,    3.549300e-02,    3.000000e-02,    3.000000e-02,    3.000000e-02,    3.000000e-02,
      1006,    3.981000e+01,    7.682791e-03,    4.812936e-02,   -2.682964e-02,    2.457096e-03,   -3.548230e-01,   -8.491455e-01,    9.261349e-01,    6.161968e-01,   -2.961900e-03,    2.265500e-02,    9.544100e-04,    2.094300e-02,    3.000000e-02,    3.000000e-02,    3.000000e-02,    3.000000e-02,
      1006,    6.309500e+01,   -1.367297e-02,    4.279368e-02,   -1.938650e-02,   -1.318161e-02,   -4.367755e-03,   -7.561559e-01,    2.594166e-01,    6.071571e-01,   -1.380400e-02,    2.010900e-02,   -1.160400e-02,    5.033100e-03,    3.000000e-02,    3.000000e-02,    3.000000e-02,    3.000000e-02,
      1007,    2.511800e+01,   -8.028401e-02,   -9.602766e-03,    1.147843e-01,    5.821202e-02,    4.385336e-01,    2.749389e-01,   -3.211441e-01,   -1.244008e-01,   -6.712800e-02,   -1.354600e-03,    1.051500e-01,    5.448000e-02,    3.000000e-02,    3.000000e-02,    3.000000e-02,    3.000000e-02,
      1007,    3.981000e+01,   -7.835648e-02,   -1.833219e-02,    9.255501e-02,    7.358071e-02,    1.474922e-02,    3.633131e-01,   -3.352336e-01,   -4.057569e-01,   -7.791400e-02,   -7.432800e-03,    8.249800e-02,    6.140800e-02,    3.000000e-02,    3.000000e-02,    3.000000e-02,    3.000000e-02,
      1007,    6.309500e+01,   -6.987350e-02,   -2.713622e-02,    6.130284e-02,    8.430266e-02,   -9.341660e-02,    2.544741e-01,   -1.307947e-01,   -4.578553e-01,   -7.267600e-02,   -1.950200e-02,    5.737900e-02,    7.056700e-02,    3.000000e-02,    3.000000e-02,    3.000000e-02,    3.000000e-02,
      1008,    2.511800e+01,    3.028963e-02,    4.055529e-02,   -9.716755e-02,   -2.262595e-02,   -4.479543e-01,    4.463570e-01,   -1.082748e+00,   -9.260018e-01,    1.685100e-02,    5.394600e-02,   -1.296500e-01,   -5.040600e-02,    3.000000e-02,    3.000000e-02,    3.000000e-02,    3.000000e-02,
      1009,    2.511800e+01,   -2.798818e-01,   -3.350167e-02,    1.796431e-01,   -7.938231e-03,    1.153393e+00,    1.850555e-01,   -1.964381e-01,    3.613177e-01,   -2.452800e-01,   -2.795000e-02,    1.737500e-01,    2.901300e-03,    3.000000e-02,    3.000000e-02,    3.000000e-02,    3.000000e-02,
      1009,    3.981000e+01,   -2.463109e-01,   -7.973659e-02,    1.954525e-01,   -2.699261e-03,    7.556978e-01,    2.155196e-01,    1.049174e-01,    1.082954e-01,   -2.236400e-01,   -7.327100e-02,    1.986000e-01,    5.496000e-04,    3.000000e-02,    3.000000e-02,    3.000000e-02,    3.000000e-02,
      1010,    2.511800e+01,    4.899454e-04,    1.351547e-01,    5.574974e-02,    3.070669e-02,    2.472515e-02,    4.117692e-02,   -1.449158e+00,    1.122810e+00,    1.231700e-03,    1.363900e-01,    1.227500e-02,    6.439100e-02,    3.000000e-02,    3.000000e-02,    3.000000e-02,    3.000000e-02,
      1010,    3.981000e+01,   -5.558173e-02,    1.063414e-01,    4.362402e-02,    3.486353e-02,    6.303243e-01,    3.262864e-01,   -1.239987e+00,    1.607490e-01,   -3.667200e-02,    1.161300e-01,    6.424400e-03,    3.968600e-02,    3.000000e-02,    3.000000e-02,    3.000000e-02,    3.000000e-02,
      1010,    6.309500e+01,   -8.850608e-02,    6.036486e-02,    3.072263e-02,    3.656115e-02,    5.395028e-01,   -3.129285e-01,   -8.112611e-01,   -4.157383e-01,   -7.232100e-02,    5.097700e-02,    6.384800e-03,    2.408900e-02,    3.000000e-02,    3.000000e-02,    3.000000e-02,    3.000000e-02,
      1011,    2.511800e+01,    1.248754e-01,    6.765248e-02,   -2.309102e-02,   -3.899828e-02,   -2.805141e-01,   -6.019495e-01,    2.401673e-01,    4.699758e-01,    1.164600e-01,    4.959400e-02,   -1.588600e-02,   -2.489900e-02,    3.000000e-02,    3.000000e-02,    3.000000e-02,    3.000000e-02,
      1011,    3.981000e+01,    9.520647e-02,    6.910116e-02,   -1.372142e-02,   -3.088608e-02,   -3.789490e-01,   -1.218172e+00,    1.460847e+00,    3.646026e-01,    8.383800e-02,    3.255600e-02,    3.010400e-02,   -1.994800e-02,    3.000000e-02,    3.000000e-02,    3.000000e-02,    3.000000e-02,
      1011,    6.309500e+01,    6.894890e-02,    5.831360e-02,   -9.165239e-03,   -2.552472e-02,    5.294367e-01,   -3.582201e-01,   -1.182920e-01,   -5.090943e-02,    8.483200e-02,    4.756700e-02,   -1.271400e-02,   -2.705200e-02,    3.000000e-02,    3.000000e-02,    3.000000e-02,    3.000000e-02,
      1012,    2.511800e+01,    7.733414e-02,    6.949370e-02,   -4.456245e-02,   -1.104840e-02,    1.297952e-01,    9.058102e-01,   -2.987850e-01,   -3.841867e-01,    8.122800e-02,    9.666800e-02,   -5.352600e-02,   -2.257400e-02,    3.000000e-02,    3.000000e-02,    3.000000e-02,    3.000000e-02,
      1012,    3.981000e+01,    6.283023e-02,    4.682037e-02,   -2.984627e-02,   -1.781761e-02,    1.244992e+00,    7.414209e-01,   -2.217578e-01,   -4.365796e-01,    1.001800e-01,    6.906300e-02,   -3.649900e-02,   -3.091500e-02,    3.000000e-02,    3.000000e-02,    3.000000e-02,    3.000000e-02,
      1012,    6.309500e+01,    5.696474e-02,    2.724559e-02,   -1.663092e-02,   -1.678376e-02,    2.382421e-01,    5.666471e-01,   -7.916947e-02,    4.081755e-01,    6.411200e-02,    4.424500e-02,   -1.900600e-02,   -4.538500e-03,    3.000000e-02,    3.000000e-02,    3.000000e-02,    3.000000e-02,
      1014,    2.511800e+01,    1.898711e-01,    1.866714e-01,   -6.412671e-02,    9.812948e-02,    2.156311e-01,   -1.169713e+00,   -1.412110e+00,   -1.354783e+00,    1.963400e-01,    1.515800e-01,   -1.064900e-01,    5.748600e-02,    3.000000e-02,    3.000000e-02,    3.000000e-02,    3.000000e-02,
      1014,    3.981000e+01,    1.050712e-01,    2.081860e-01,   -1.000471e-01,    6.759460e-02,    1.150294e+00,   -1.164199e+00,   -1.837641e-01,   -1.563153e+00,    1.395800e-01,    1.732600e-01,   -1.055600e-01,    2.070000e-02,    3.000000e-02,    3.000000e-02,    3.000000e-02,    3.000000e-02,
      1014,    6.309500e+01,    2.110062e-02,    2.022530e-01,   -1.151351e-01,    3.002358e-02,    9.671793e-01,   -2.724329e-01,    8.149043e-01,   -1.946553e+00,    5.011600e-02,    1.940800e-01,   -9.068800e-02,   -2.837300e-02,    3.000000e-02,    3.000000e-02,    3.000000e-02,    3.000000e-02,
      1015,    2.511800e+01,   -6.042564e-02,    6.886686e-02,   -1.869198e-02,    3.396532e-03,    4.707547e-01,   -8.218955e-01,   -9.657005e-01,   -1.870177e-01,   -4.630300e-02,    4.421000e-02,   -4.766300e-02,   -2.214000e-03,    3.000000e-02,    3.000000e-02,    3.000000e-02,    3.000000e-02,
      1015,    3.981000e+01,   -7.639180e-02,    3.019219e-02,   -2.290010e-02,    1.178208e-02,    8.264265e-01,   -3.577286e-02,   -7.896968e-01,   -6.812260e-01,   -5.159900e-02,    2.911900e-02,   -4.659100e-02,   -8.654700e-03,    3.000000e-02,    3.000000e-02,    3.000000e-02,    3.000000e-02,
      1015,    6.309500e+01,   -7.027993e-02,   -3.673849e-04,   -3.288866e-02,    1.434760e-02,   -4.920234e-02,   -5.147538e-01,   -3.028114e-01,   -8.369868e-01,   -7.175600e-02,   -1.581000e-02,   -4.197300e-02,   -1.076200e-02,    3.000000e-02,    3.000000e-02,    3.000000e-02,    3.000000e-02,
      1016,    2.511800e+01,   -2.030217e-02,    1.472290e-01,   -4.318718e-02,    4.120494e-03,   -1.194291e-03,   -6.199652e-01,    2.933060e-01,   -9.120831e-01,   -2.033800e-02,    1.286300e-01,   -3.438800e-02,   -2.324200e-02,    3.000000e-02,    3.000000e-02,    3.000000e-02,    3.000000e-02,
      1016,    3.981000e+01,   -8.207761e-02,    1.303481e-01,   -3.971963e-02,   -1.269661e-02,   -2.167746e+00,   -6.902702e-01,   -7.463124e-01,   -1.663180e+00,   -1.471100e-01,    1.096400e-01,   -6.210900e-02,   -6.259200e-02,    3.000000e-02,    3.000000e-02,    3.000000e-02,    3.000000e-02,
      1016,    6.309500e+01,   -1.256539e-01,    9.406429e-02,   -2.910726e-02,   -2.680318e-02,   -4.978707e-01,   -8.906763e-01,   -2.680579e-01,   -5.845941e-01,   -1.405900e-01,    6.734400e-02,   -3.714900e-02,   -4.434100e-02,    3.000000e-02,    3.000000e-02,    3.000000e-02,    3.000000e-02,
      1017,    2.511800e+01,    1.217424e-01,   -4.943276e-02,    1.789209e-01,   -1.041026e-01,   -9.199814e-01,   -8.707413e-01,   -3.456983e-01,    1.175278e-02,    9.414300e-02,   -7.555500e-02,    1.685500e-01,   -1.037500e-01,    3.000000e-02,    3.000000e-02,    3.000000e-02,    3.000000e-02,
      1017,    3.981000e+01,    1.331733e-01,   -3.931727e-02,    2.207984e-01,   -9.394238e-02,   -6.737769e-01,   -8.866578e-01,   -5.669474e-01,   -7.545387e-02,    1.129600e-01,   -6.591700e-02,    2.037900e-01,   -9.620600e-02,    3.000000e-02,    3.000000e-02,    3.000000e-02,    3.000000e-02,
      1017,    6.309500e+01,    1.422268e-01,   -3.152636e-02,    2.545131e-01,   -7.277421e-02,   -3.948939e-01,   -7.943881e-01,   -4.091019e-01,   -3.337262e-01,    1.303800e-01,   -5.535800e-02,    2.422400e-01,   -8.278600e-02,    3.000000e-02,    3.000000e-02,    3.000000e-02,    3.000000e-02,
      1018,    2.511800e+01,   -4.077275e-02,    8.807028e-06,   -2.767564e-02,    1.578067e-02,   -1.429750e-01,    6.705064e-01,    1.802882e-01,   -2.659491e-01,   -4.506200e-02,    2.012400e-02,   -2.226700e-02,    7.802200e-03,    3.000000e-02,    3.000000e-02,    3.000000e-02,    3.000000e-02,
      1018,    3.981000e+01,   -3.259682e-02,   -1.322019e-02,   -4.336538e-02,    3.549795e-02,   -2.484394e-01,    4.313918e-01,    6.215126e-01,   -5.939317e-01,   -4.005000e-02,   -2.784400e-04,   -2.472000e-02,    1.768000e-02,    3.000000e-02,    3.000000e-02,    3.000000e-02,    3.000000e-02,
      1018,    6.309500e+01,   -2.488021e-02,   -2.260183e-02,   -6.319658e-02,    4.409037e-02,   -1.333930e-01,    2.259611e-01,    8.465860e-01,   -5.253789e-01,   -2.888200e-02,   -1.582300e-02,   -3.779900e-02,    2.832900e-02,    3.000000e-02,    3.000000e-02,    3.000000e-02,    3.000000e-02,
      1019,    2.511800e+01,   -2.251885e-01,    1.567754e-01,    1.082161e-01,   -7.244075e-02,   -8.273846e-01,   -1.243846e+00,    7.587960e-01,   -3.073085e-01,   -2.500100e-01,    1.194600e-01,    1.309800e-01,   -8.166000e-02,    3.000000e-02,    3.000000e-02,    3.000000e-02,    3.000000e-02,
      1020,    2.511800e+01,   -1.043538e-01,    7.066188e-02,   -1.191182e-02,    7.658556e-03,    1.430959e+00,    5.633735e-02,   -6.175393e-01,   -2.942319e-01,   -6.142500e-02,    7.235200e-02,   -3.043800e-02,   -1.168400e-03,    3.000000e-02,    3.000000e-02,    3.000000e-02,    3.000000e-02,
      1020,    3.981000e+01,   -1.179770e-01,    3.105950e-02,   -1.988030e-02,    1.566521e-02,    1.585668e+00,    5.086166e-01,   -4.600568e-01,   -5.618604e-01,   -7.040700e-02,    4.631800e-02,   -3.368200e-02,   -1.190600e-03,    3.000000e-02,    3.000000e-02,    3.000000e-02,    3.000000e-02,
      1020,    6.309500e+01,   -1.101223e-01,    1.569107e-03,   -3.083106e-02,    1.517344e-02,    1.541545e+00,    7.083964e-01,   -2.080313e-01,   -5.159306e-01,   -6.387600e-02,    2.282100e-02,   -3.707200e-02,   -3.044800e-04,    3.000000e-02,    3.000000e-02,    3.000000e-02,    3.000000e-02,
      1021,    2.511800e+01,    1.200317e-01,    1.371557e-02,   -1.880339e-02,    2.595886e-02,   -2.557724e+00,    9.724142e-01,   -3.428202e-01,    4.282381e-01,    4.330000e-02,    4.288800e-02,   -2.908800e-02,    3.880600e-02,    3.000000e-02,    3.000000e-02,    3.000000e-02,    3.000000e-02,
      1021,    3.981000e+01,    1.145708e-01,    1.781152e-02,   -2.434530e-02,    2.454348e-02,    1.739749e-01,    4.112616e+00,   -6.677232e-01,    1.625506e-01,    1.197900e-01,    1.411900e-01,   -4.437700e-02,    2.942000e-02,    3.000000e-02,    3.000000e-02,    3.000000e-02,    3.000000e-02,
      1021,    6.309500e+01,    1.069059e-01,    1.934569e-02,   -3.243855e-02,    2.239508e-02,    3.224715e-01,    3.660810e+00,   -3.900816e-01,    2.184639e-01,    1.165800e-01,    1.291700e-01,   -4.414100e-02,    2.894900e-02,    3.000000e-02,    3.000000e-02,    3.000000e-02,    3.000000e-02,
      1022,    2.511800e+01,    6.985071e-02,    9.965751e-02,    7.149865e-02,   -4.918209e-03,   -1.098057e+00,   -1.119505e-01,    4.014116e-01,    9.810736e-01,    3.690900e-02,    9.629900e-02,    8.354100e-02,    2.451400e-02,    3.000000e-02,    3.000000e-02,    3.000000e-02,    3.000000e-02,
      1022,    3.981000e+01,    3.275862e-02,    8.283902e-02,    7.652340e-02,    4.452200e-03,   -5.670874e-01,   -1.033634e+00,   -7.014800e-01,    7.920933e-01,    1.574600e-02,    5.183000e-02,    5.547900e-02,    2.821500e-02,    3.000000e-02,    3.000000e-02,    3.000000e-02,    3.000000e-02,
      1022,    6.309500e+01,    3.524074e-03,    5.593589e-02,    6.988034e-02,    1.606945e-02,   -8.580414e-02,   -2.376363e+00,   -9.339779e-01,    2.943182e-01,    9.499500e-04,   -1.535500e-02,    4.186100e-02,    2.489900e-02,    3.000000e-02,    3.000000e-02,    3.000000e-02,    3.000000e-02,
      1023,    2.511800e+01,    6.665129e-02,    1.269312e-02,   -2.835478e-02,    1.436245e-02,   -1.387910e+00,   -3.229373e-01,   -8.957074e-01,    6.878518e-01,    2.501400e-02,    3.005000e-03,   -5.522600e-02,    3.499800e-02,    3.000000e-02,    3.000000e-02,    3.000000e-02,    3.000000e-02,
      1023,    3.981000e+01,    6.569362e-02,    8.147224e-03,   -4.399667e-02,    3.843856e-02,   -8.496873e-01,   -3.028611e-01,   -9.160111e-01,   -1.549521e-01,    4.020300e-02,   -9.386100e-04,   -7.147700e-02,    3.379000e-02,    3.000000e-02,    3.000000e-02,    3.000000e-02,    3.000000e-02,
      1023,    6.309500e+01,    6.200979e-02,    2.435793e-03,   -7.020984e-02,    4.866075e-02,   -6.260263e-01,   -2.356231e-01,   -3.325388e-01,   -6.117584e-01,    4.322900e-02,   -4.632900e-03,   -8.018600e-02,    3.030800e-02,    3.000000e-02,    3.000000e-02,    3.000000e-02,    3.000000e-02,
      1024,    2.511800e+01,    2.907163e-02,    9.643190e-02,    1.163157e-01,   -9.036469e-03,   -4.262545e-01,   -1.715965e-01,    6.418102e-01,   -7.698177e-01,    1.628400e-02,    9.128400e-02,    1.355700e-01,   -3.213100e-02,    3.000000e-02,    3.000000e-02,    3.000000e-02,    3.000000e-02,
      1024,    3.981000e+01,    3.606734e-03,    8.230534e-02,    1.217681e-01,   -1.083227e-02,   -4.435578e-01,   -2.776114e-01,    4.463952e-01,   -1.235424e+00,   -9.700000e-03,    7.397700e-02,    1.351600e-01,   -4.789500e-02,    3.000000e-02,    3.000000e-02,    3.000000e-02,    3.000000e-02,
      1026,    2.511800e+01,    7.349548e-03,    6.451339e-02,   -1.838052e-02,   -4.658243e-02,   -3.057616e-01,    3.305362e-02,    7.074941e-01,    1.403474e+00,   -1.823300e-03,    6.550500e-02,    2.844300e-03,   -4.478200e-03,    3.000000e-02,    3.000000e-02,    3.000000e-02,    3.000000e-02,
      1026,    3.981000e+01,   -6.609937e-03,    3.189939e-02,    1.569689e-02,   -6.094342e-02,    2.958512e-01,    4.576203e-01,    2.587022e-02,    1.644047e+00,    2.265600e-03,    4.562800e-02,    1.647300e-02,   -1.162200e-02,    3.000000e-02,    3.000000e-02,    3.000000e-02,    3.000000e-02,
      1026,    6.309500e+01,   -3.608799e-03,    7.198325e-03,    5.259536e-02,   -5.239655e-02,    9.946266e-01,    4.172892e-01,   -6.410787e-01,    1.269418e+00,    2.623000e-02,    1.971700e-02,    3.336300e-02,   -1.431400e-02,    3.000000e-02,    3.000000e-02,    3.000000e-02,    3.000000e-02,
      1027,    2.511800e+01,    5.450882e-02,    9.614697e-02,   -4.472830e-03,    1.320158e-01,    2.252059e-01,   -6.079990e-01,   -3.510390e-01,   -2.205276e-01,    6.126500e-02,    7.790700e-02,   -1.500400e-02,    1.254000e-01,    3.000000e-02,    3.000000e-02,    3.000000e-02,    3.000000e-02,
      1027,    3.981000e+01,    1.267661e-02,    1.038174e-01,   -5.176495e-02,    1.132627e-01,    7.105797e-01,   -4.198139e-01,   -3.349018e-01,   -1.875649e-02,    3.399400e-02,    9.122300e-02,   -6.181200e-02,    1.127000e-01,    3.000000e-02,    3.000000e-02,    3.000000e-02,    3.000000e-02,
      1027,    6.309500e+01,   -2.628268e-02,    9.919104e-02,   -8.561389e-02,    8.839196e-02,    9.032551e-01,   -1.289681e-01,   -8.422035e-01,   -4.986660e-04,    8.149700e-04,    9.532200e-02,   -1.108800e-01,    8.837700e-02,    3.000000e-02,    3.000000e-02,    3.000000e-02,    3.000000e-02,
      1028,    2.511800e+01,    2.610290e-02,    6.112057e-02,   -5.967711e-02,    1.040129e-01,   -1.499657e-02,   -5.531523e-01,    5.170368e-01,    1.239023e-01,    2.565300e-02,    4.452600e-02,   -4.416600e-02,    1.077300e-01,    3.000000e-02,    3.000000e-02,    3.000000e-02,    3.000000e-02,
      1028,    3.981000e+01,   -3.012722e-03,    6.170403e-02,   -9.248035e-02,    8.236706e-02,    4.506574e-01,   -5.795342e-01,    2.787450e-01,    5.204979e-01,    1.050700e-02,    4.431800e-02,   -8.411800e-02,    9.798200e-02,    3.000000e-02,    3.000000e-02,    3.000000e-02,    3.000000e-02,
      1028,    6.309500e+01,   -2.789745e-02,    5.126610e-02,   -1.124650e-01,    6.033106e-02,    7.245584e-01,   -2.562698e-01,   -3.004986e-01,    5.265645e-01,   -6.160700e-03,    4.357800e-02,   -1.214800e-01,    7.612800e-02,    3.000000e-02,    3.000000e-02,    3.000000e-02,    3.000000e-02,
      1029,    2.511800e+01,   -5.091186e-03,    4.478886e-02,   -2.161479e-02,   -1.352375e-03,   -1.422560e+00,    1.837379e-01,   -7.139070e-01,    2.247092e-01,   -4.776800e-02,    5.030100e-02,   -4.303200e-02,    5.388900e-03,    3.000000e-02,    3.000000e-02,    3.000000e-02,    3.000000e-02,
      1030,    3.981000e+01,   -1.193752e-01,    3.419945e-02,    1.174692e-01,   -3.337947e-02,    1.986107e+00,    1.064418e+00,   -1.070642e+00,    1.078946e+00,   -5.979200e-02,    6.613200e-02,    8.535000e-02,   -1.011100e-03,    3.000000e-02,    3.000000e-02,    3.000000e-02,    3.000000e-02,
      1030,    6.309500e+01,   -1.165994e-01,   -1.386853e-04,    1.322565e-01,   -1.306364e-02,    1.291646e+00,    1.381956e+00,   -1.178416e+00,    4.771947e-01,   -7.785000e-02,    4.132000e-02,    9.690400e-02,    1.252200e-03,    3.000000e-02,    3.000000e-02,    3.000000e-02,    3.000000e-02,
      1031,    2.511800e+01,    2.576777e-03,    6.094107e-02,    3.178061e-03,   -1.826588e-02,   -1.708093e+00,   -4.314358e-01,   -2.865379e-03,    1.582496e+00,   -4.866600e-02,    4.799800e-02,    3.092100e-03,    2.920900e-02,    3.000000e-02,    3.000000e-02,    3.000000e-02,    3.000000e-02,
      1031,    3.981000e+01,   -1.573989e-02,    5.091100e-02,    1.782118e-02,   -2.351117e-02,   -9.986702e-01,   -2.296333e-01,   -3.918961e-01,    1.616172e+00,   -4.570000e-02,    4.402200e-02,    6.064300e-03,    2.497400e-02,    3.000000e-02,    3.000000e-02,    3.000000e-02,    3.000000e-02,
      1031,    6.309500e+01,   -3.143123e-02,    3.899440e-02,    2.806643e-02,   -2.227254e-02,   -3.191591e-01,   -4.218006e-02,   -5.765809e-01,    1.351451e+00,   -4.100600e-02,    3.772900e-02,    1.076900e-02,    1.827100e-02,    3.000000e-02,    3.000000e-02,    3.000000e-02,    3.000000e-02,
      1032,    2.511800e+01,    1.308575e-01,    1.102365e-01,   -1.207774e-02,   -2.001556e-03,    6.037084e+00,    1.259449e+00,    1.352225e+00,   -1.504948e+00,    3.119700e-01,    1.480200e-01,    2.848900e-02,   -4.715000e-02,    3.000000e-02,    3.000000e-02,    3.000000e-02,    3.000000e-02,
      1032,    3.981000e+01,    9.120775e-02,    1.071742e-01,   -1.787169e-04,   -1.461729e-02,    2.411408e+00,    6.045257e-01,    1.892057e+00,   -1.092857e+00,    1.635500e-01,    1.253100e-01,    5.658300e-02,   -4.740300e-02,    3.000000e-02,    3.000000e-02,    3.000000e-02,    3.000000e-02,
      1032,    6.309500e+01,    5.505546e-02,    1.001257e-01,    1.461345e-02,   -1.540379e-02,   -2.431482e+00,   -2.572091e+00,    1.954517e-01,   -7.874405e-01,   -1.788900e-02,    2.296300e-02,    2.047700e-02,   -3.902700e-02,    3.000000e-02,    3.000000e-02,    3.000000e-02,    3.000000e-02,
      1033,    2.511800e+01,   -9.717976e-02,   -3.986265e-02,   -8.976332e-02,    7.366420e-03,   -5.303413e-01,   -5.110783e-01,    1.904774e-01,   -3.956940e-01,   -1.130900e-01,   -5.519500e-02,   -8.404900e-02,   -4.504400e-03,    3.000000e-02,    3.000000e-02,    3.000000e-02,    3.000000e-02,
      1033,    6.309500e+01,   -7.961972e-02,   -1.744973e-02,   -8.348537e-02,   -8.948295e-03,   -7.203427e-01,   -5.913089e-01,   -3.245877e-01,   -1.150568e-01,   -1.012300e-01,   -3.518900e-02,   -9.322300e-02,   -1.240000e-02,    3.000000e-02,    3.000000e-02,    3.000000e-02,    3.000000e-02,
      1034,    2.511800e+01,   -2.573309e-01,   -2.761910e-02,   -2.615143e-01,    4.093116e-02,    1.103122e-02,    2.048366e-01,   -7.171903e-01,   -6.961385e-01,   -2.570000e-01,   -2.147400e-02,   -2.830300e-01,    2.004700e-02,    3.000000e-02,    3.000000e-02,    3.000000e-02,    3.000000e-02,
      1034,    3.981000e+01,   -2.227198e-01,   -8.798999e-02,   -2.610201e-01,   -2.933290e-02,   -6.686732e-01,   -3.699002e-01,   -4.966650e-01,   -4.020032e-01,   -2.427800e-01,   -9.908700e-02,   -2.759200e-01,   -4.139300e-02,    3.000000e-02,    3.000000e-02,    3.000000e-02,    3.000000e-02,
      1034,    6.309500e+01,   -1.661777e-01,   -1.218152e-01,   -2.289015e-01,   -8.896220e-02,   -9.530768e-01,   -1.528159e+00,   -3.272827e-01,   -7.975932e-01,   -1.947700e-01,   -1.676600e-01,   -2.387200e-01,   -1.128900e-01,    3.000000e-02,    3.000000e-02,    3.000000e-02,    3.000000e-02,
      1035,    2.511800e+01,   -6.609909e-02,    3.262019e-02,    1.623489e-01,   -3.392901e-02,   -4.196969e-01,    9.006017e-02,   -8.006312e-01,    2.180671e-01,   -7.869000e-02,    3.532200e-02,    1.383300e-01,   -2.738700e-02,    3.000000e-02,    3.000000e-02,    3.000000e-02,    3.000000e-02,
      1035,    3.981000e+01,   -7.223564e-02,    1.220241e-02,    1.822915e-01,   -6.198339e-03,   -9.018786e-01,   -3.244104e-01,   -1.025049e+00,   -5.330554e-01,   -9.929200e-02,    2.470100e-03,    1.515400e-01,   -2.219000e-02,    3.000000e-02,    3.000000e-02,    3.000000e-02,    3.000000e-02,
      1036,    2.511800e+01,    1.632973e-01,    2.114752e-01,    2.007637e-01,   -8.538236e-03,    3.239091e+00,    1.549493e+00,   -1.011219e-01,    3.735275e+00,    2.604700e-01,    2.579600e-01,    1.977300e-01,    1.035200e-01,    3.000000e-02,    3.000000e-02,    3.000000e-02,    3.000000e-02,
      1036,    3.981000e+01,    6.521076e-02,    2.195994e-01,    2.040334e-01,    3.241334e-03,    3.066641e+00,    3.136021e+00,    3.722069e-02,    2.153089e+00,    1.572100e-01,    3.136800e-01,    2.051500e-01,    6.783400e-02,    3.000000e-02,    3.000000e-02,    3.000000e-02,    3.000000e-02,
      1036,    6.309500e+01,   -2.371814e-02,    1.929659e-01,    2.014112e-01,    1.598306e-02,   -6.500286e-01,    4.256136e+00,    3.482917e-01,   -7.743527e-02,   -4.321900e-02,    3.206500e-01,    2.118600e-01,    1.366000e-02,    3.000000e-02,    3.000000e-02,    3.000000e-02,    3.000000e-02,
      1037,    6.309500e+01,   -4.281375e-02,    7.177265e-02,   -3.145538e-01,   -4.363231e-02,   -1.130208e+00,   -2.129378e+00,   -1.241541e+00,   -6.626590e+00,   -7.672000e-02,    7.891300e-03,   -3.518000e-01,   -2.424300e-01,    3.000000e-02,    3.000000e-02,    3.000000e-02,    3.000000e-02,
      1038,    2.511800e+01,   -3.026626e-02,    6.524691e-02,   -6.947851e-02,    8.601855e-03,    1.835754e-01,    2.463436e+00,   -2.070164e-01,   -3.507695e+00,   -2.475900e-02,    1.391500e-01,   -7.568900e-02,   -9.662900e-02,    3.000000e-02,    3.000000e-02,    3.000000e-02,    3.000000e-02,
      1038,    3.981000e+01,   -4.326477e-02,    1.391728e-02,   -7.155815e-02,   -7.700041e-04,   -5.191743e-01,   -5.878243e+00,    3.095716e-01,   -3.713333e+00,   -5.884000e-02,   -1.624300e-01,   -6.227100e-02,   -1.121700e-01,    3.000000e-02,    3.000000e-02,    3.000000e-02,    3.000000e-02,
      1039,    2.511800e+01,    1.681916e-01,    5.588402e-02,    2.761577e-01,    2.022377e-01,    3.139457e-01,    1.129599e+00,   -7.165908e-01,   -1.285901e-01,    1.776100e-01,    8.977200e-02,    2.546600e-01,    1.983800e-01,    3.000000e-02,    3.000000e-02,    3.000000e-02,    3.000000e-02,
      1039,    3.981000e+01,    1.465689e-01,    6.439515e-02,    1.818326e-01,    2.101779e-01,   -1.463105e-02,    8.843950e-01,   -2.075182e-02,   -4.349301e-01,    1.461300e-01,    9.092700e-02,    1.812100e-01,    1.971300e-01,    3.000000e-02,    3.000000e-02,    3.000000e-02,    3.000000e-02,
      1039,    6.309500e+01,    1.257026e-01,    7.153207e-02,    9.937636e-02,    1.833976e-01,   -2.487541e-01,    5.177643e-01,    9.078798e-02,   -3.855881e-01,    1.182400e-01,    8.706500e-02,    1.021000e-01,    1.718300e-01,    3.000000e-02,    3.000000e-02,    3.000000e-02,    3.000000e-02,
      1040,    2.511800e+01,   -4.448120e-02,    8.288383e-02,   -1.347985e-01,   -1.998694e-01,    3.079068e-01,   -9.622769e-02,   -2.047180e-01,   -2.606856e-01,   -3.524400e-02,    7.999700e-02,   -1.409400e-01,   -2.076900e-01,    3.000000e-02,    3.000000e-02,    3.000000e-02,    3.000000e-02,
      1040,    3.981000e+01,   -6.121870e-02,    5.819740e-02,   -5.743128e-02,   -2.027209e-01,    2.157232e-01,    4.413534e-01,    5.499759e-01,   -7.830367e-02,   -5.474700e-02,    7.143800e-02,   -4.093200e-02,   -2.050700e-01,    3.000000e-02,    3.000000e-02,    3.000000e-02,    3.000000e-02,
      1040,    6.309500e+01,   -6.605931e-02,    4.518454e-02,    1.956035e-02,   -1.874196e-01,   -2.225897e-01,    8.650487e-01,    6.903884e-01,   -1.014830e-03,   -7.273700e-02,    7.113600e-02,    4.027200e-02,   -1.874500e-01,    3.000000e-02,    3.000000e-02,    3.000000e-02,    3.000000e-02,
      1041,    2.511800e+01,    4.135255e-02,    1.498248e-02,    9.293440e-02,   -6.293376e-02,   -3.708507e-02,   -5.968270e-02,   -7.664800e-01,    6.092918e-01,    4.024000e-02,    1.319200e-02,    6.994000e-02,   -4.465500e-02,    3.000000e-02,    3.000000e-02,    3.000000e-02,    3.000000e-02,
      1041,    3.981000e+01,    4.153061e-02,    6.445601e-03,    1.054156e-01,   -5.607698e-02,    1.027795e-01,   -4.538834e-01,   -1.977880e-01,   -9.796724e-02,    4.461400e-02,   -7.170900e-03,    9.948200e-02,   -5.901600e-02,    3.000000e-02,    3.000000e-02,    3.000000e-02,    3.000000e-02,
      1041,    6.309500e+01,    4.016135e-02,   -8.296628e-04,    1.191952e-01,   -5.742701e-02,    5.496883e-01,   -5.447779e-01,    1.157161e+00,   -2.840662e-01,    5.665200e-02,   -1.717300e-02,    1.539100e-01,   -6.594900e-02,    3.000000e-02,    3.000000e-02,    3.000000e-02,    3.000000e-02,
      1042,    2.511800e+01,    9.208912e-03,    4.080673e-02,    5.334647e-03,   -2.373797e-03,   -1.611137e-01,    4.247090e-01,    6.397784e-01,    4.116232e-01,    4.375500e-03,    5.354800e-02,    2.452800e-02,    9.974900e-03,    3.000000e-02,    3.000000e-02,    3.000000e-02,    3.000000e-02,
      1042,    3.981000e+01,    1.279889e-02,    1.786909e-02,    4.861904e-04,    4.271680e-03,   -4.727563e-01,    4.722303e-01,    4.367603e-01,    1.814273e-01,   -1.383800e-03,    3.203600e-02,    1.358900e-02,    9.714500e-03,    3.000000e-02,    3.000000e-02,    3.000000e-02,    3.000000e-02,
      1042,    6.309500e+01,    2.268491e-02,    1.585500e-02,   -7.763323e-03,    2.356894e-03,   -9.453038e-01,    1.586001e-01,    3.414108e-01,    5.404686e-02,   -5.674200e-03,    2.061300e-02,    2.479000e-03,    3.978300e-03,    3.000000e-02,    3.000000e-02,    3.000000e-02,    3.000000e-02,
      1043,    2.511800e+01,    8.441052e-02,   -7.230055e-02,   -2.034309e-02,   -5.515772e-02,    2.778277e-02,   -4.267817e-01,   -9.195305e-01,    2.805240e-01,    8.524400e-02,   -8.510400e-02,   -4.792900e-02,   -4.674200e-02,    3.000000e-02,    3.000000e-02,    3.000000e-02,    3.000000e-02,
      1043,    3.981000e+01,    1.142263e-01,   -6.255030e-02,    1.150363e-02,   -6.363854e-02,    1.034571e-01,   -3.858568e-01,   -9.472878e-01,   -5.352819e-01,    1.173300e-01,   -7.412600e-02,   -1.691500e-02,   -7.969700e-02,    3.000000e-02,    3.000000e-02,    3.000000e-02,    3.000000e-02,
      1043,    6.309500e+01,    1.388782e-01,   -4.375941e-02,    4.043932e-02,   -5.981193e-02,    4.310603e-01,   -1.663529e-01,   -2.487440e-01,   -7.891689e-01,    1.518100e-01,   -4.875000e-02,    3.297700e-02,   -8.348700e-02,    3.000000e-02,    3.000000e-02,    3.000000e-02,    3.000000e-02,
      1044,    2.511800e+01,    7.165454e-02,    1.532913e-01,    5.465551e-02,    2.250746e-02,    3.033515e+00,    5.928933e-02,    9.845497e-01,    1.279785e+00,    1.626600e-01,    1.550700e-01,    8.419200e-02,    6.090100e-02,    3.000000e-02,    3.000000e-02,    3.000000e-02,    3.000000e-02,
      1044,    3.981000e+01,    9.971074e-03,    1.433983e-01,    4.724792e-02,    2.596312e-02,    2.875598e+00,    7.139142e-02,    6.452361e-01,    1.055363e+00,    9.623900e-02,    1.455400e-01,    6.660500e-02,    5.762400e-02,    3.000000e-02,    3.000000e-02,    3.000000e-02,    3.000000e-02,
      1044,    6.309500e+01,   -3.783900e-02,    1.193909e-01,    4.062783e-02,    2.899072e-02,    1.118417e+00,    3.553021e-01,   -2.819442e-02,    8.239761e-01,   -4.286500e-03,    1.300500e-01,    3.978200e-02,    5.371000e-02,    3.000000e-02,    3.000000e-02,    3.000000e-02,    3.000000e-02,
      1045,    2.511800e+01,    9.448011e-02,    8.337259e-02,   -2.046698e-01,    1.722542e-01,    2.753296e-01,   -1.320453e+00,   -4.970081e-01,   -5.614726e-01,    1.027400e-01,    4.375900e-02,   -2.195800e-01,    1.554100e-01,    3.000000e-02,    3.000000e-02,    3.000000e-02,    3.000000e-02,
      1045,    3.981000e+01,    5.645904e-02,    9.234938e-02,   -2.654129e-01,    1.398217e-01,    4.242320e-01,   -1.334946e+00,    1.120977e-01,   -1.573900e-01,    6.918600e-02,    5.230100e-02,   -2.620500e-01,    1.351000e-01,    3.000000e-02,    3.000000e-02,    3.000000e-02,    3.000000e-02,
      1045,    6.309500e+01,    2.116298e-02,    8.929696e-02,   -3.072241e-01,    9.819071e-02,   -2.218994e-01,   -7.480986e-01,   -3.419777e-02,   -4.390403e-03,    1.450600e-02,    6.685400e-02,   -3.082500e-01,    9.805900e-02,    3.000000e-02,    3.000000e-02,    3.000000e-02,    3.000000e-02,
      1046,    2.511800e+01,   -9.473949e-02,   -3.154071e-02,    2.314938e-02,    1.193664e-01,    7.989498e-01,    3.388903e-01,   -6.024562e-01,   -5.005479e-01,   -7.077100e-02,   -2.137400e-02,    5.075700e-03,    1.043500e-01,    3.000000e-02,    3.000000e-02,    3.000000e-02,    3.000000e-02,
      1046,    3.981000e+01,   -7.643348e-02,   -5.180173e-02,   -1.711702e-02,    1.081961e-01,    5.323826e-01,    6.480244e-01,   -2.766660e-01,   -5.640687e-01,   -6.046200e-02,   -3.236100e-02,   -2.541700e-02,    9.127400e-02,    3.000000e-02,    3.000000e-02,    3.000000e-02,    3.000000e-02,
      1046,    6.309500e+01,   -4.729369e-02,   -6.181519e-02,   -5.089203e-02,    9.343832e-02,    2.713897e-01,    7.350062e-01,    2.316771e-02,   -2.874439e-01,   -3.915200e-02,   -3.976500e-02,   -5.019700e-02,    8.481500e-02,    3.000000e-02,    3.000000e-02,    3.000000e-02,    3.000000e-02,
