MT,
     StaID,        Freq[Hz],     Re(Zxx)_Cal,     Im(Zxx)_Cal,     Re(Zxy)_Cal,     Im(Zxy)_Cal,     Re(Zyx)_Cal,     Im(Zyx)_Cal,     Re(Zyy)_Cal,     Im(Zyy)_Cal,     Re(Zxx)_Res,     Im(Zxx)_Res,     Re(Zxy)_Res,     Im(Zxy)_Res,     Re(Zyx)_Res,     Im(Zyx)_Res,     Re(Zyy)_Res,     Im(Zyy)_Res,     Re(Zxx)_Obs,     Im(Zxx)_Obs,     Re(Zxy)_Obs,     Im(Zxy)_Obs,     Re(Zyx)_Obs,     Im(Zyx)_Obs,     Re(Zyy)_Obs,     Im(Zyy)_Obs,      Re(Zxx)_SD,      Im(Zxx)_SD,      Re(Zxy)_SD,      Im(Zxy)_SD,      Re(Zyx)_SD,      Im(Zyx)_SD,      Re(Zyy)_SD,      Im(Zyy)_SD,
         1,    1.000000e+02,   -2.103225e-02,    6.548082e-03,    9.544296e-02,   -1.019083e-01,   -1.493101e-01,    1.236124e-01,    5.724653e-02,   -3.716006e-02,    8.145703e-01,    6.211122e-01,    1.748562e-01,    1.121456e-01,   -1.344538e+00,   -5.022528e-01,    9.959217e-01,    8.882362e-02,   -1.479500e-02,    1.130400e-02,    9.690600e-02,   -1.009700e-01,   -1.605600e-01,    1.194100e-01,    7.666700e-02,   -3.542800e-02,    7.657100e-03,    7.657100e-03,    8.367100e-03,    8.367100e-03,    8.367100e-03,    8.367100e-03,    1.950000e-02,    1.950000e-02,
         1,    1.584800e+02,   -2.369320e-02,    5.694811e-03,    1.206402e-01,   -1.339276e-01,   -1.818514e-01,    1.574521e-01,    6.725947e-02,   -4.312958e-02,    4.382958e-01,    1.057181e+00,    4.552417e-01,   -3.194612e-01,   -1.602533e+00,   -4.341682e-01,    9.389341e-01,    3.122083e-01,   -1.917700e-02,    1.658800e-02,    1.255600e-01,   -1.373800e-01,   -1.991700e-01,    1.527600e-01,    8.913100e-02,   -3.585700e-02,    1.030400e-02,    1.030400e-02,    1.080700e-02,    1.080700e-02,    1.080700e-02,    1.080700e-02,    2.329400e-02,    2.329400e-02,
         1,    2.511800e+02,   -2.534174e-02,    4.278593e-03,    1.540701e-01,   -1.743381e-01,   -2.232507e-01,    1.985646e-01,    7.727510e-02,   -5.116189e-02,    2.087882e-01,    1.218907e+00,    3.883906e-01,   -2.618109e-01,   -8.662084e-01,   -7.115383e-01,    7.119075e-01,    8.034428e-01,   -2.268700e-02,    1.977700e-02,    1.592800e-01,   -1.778500e-01,   -2.348700e-01,    1.890200e-01,    9.586300e-02,   -3.018400e-02,    1.271500e-02,    1.271500e-02,    1.341400e-02,    1.341400e-02,    1.341400e-02,    1.341400e-02,    2.611000e-02,    2.611000e-02,
         2,    1.000000e+02,   -1.851207e-03,   -8.062045e-04,    1.329971e-01,   -1.389004e-01,   -1.100407e-01,    1.284345e-01,   -1.298867e-02,    1.015947e-02,   -2.820963e-01,    2.985652e-01,   -3.888247e-02,    3.036162e-01,   -3.068603e-01,   -4.889136e-01,   -5.092793e-01,   -3.385420e-02,   -2.835300e-03,    2.353400e-04,    1.326500e-01,   -1.361900e-01,   -1.127800e-01,    1.240700e-01,   -1.741400e-02,    9.865300e-03,    3.488500e-03,    3.488500e-03,    8.927000e-03,    8.927000e-03,    8.927000e-03,    8.927000e-03,    8.689400e-03,    8.689400e-03,
         2,    1.584800e+02,    8.802054e-04,    3.057334e-03,    1.665615e-01,   -1.750947e-01,   -1.415244e-01,    1.653724e-01,   -1.674786e-02,    8.735055e-03,   -9.148277e-01,   -4.636764e-01,   -4.193430e-01,    1.014706e-02,    2.160370e-03,   -3.592802e-01,   -6.408497e-01,   -2.721418e-01,   -2.827500e-03,    1.178100e-03,    1.618200e-01,   -1.749800e-01,   -1.415000e-01,    1.613100e-01,   -2.370300e-02,    5.781500e-03,    4.052900e-03,    4.052900e-03,    1.130700e-02,    1.130700e-02,    1.130700e-02,    1.130700e-02,    1.085300e-02,    1.085300e-02,
         2,    2.511800e+02,    7.964966e-04,    1.045152e-02,    2.072088e-01,   -2.242764e-01,   -1.816386e-01,    2.132788e-01,   -1.824015e-02,    6.348002e-03,   -6.717018e-01,   -1.272533e+00,   -5.618453e-01,    2.433887e-01,    7.216829e-01,   -2.146883e-01,   -7.095189e-01,   -6.080786e-01,   -2.893900e-03,    3.460100e-03,    1.992300e-01,   -2.208200e-01,   -1.713900e-01,    2.102300e-01,   -2.742700e-02,   -1.525400e-03,    5.494100e-03,    5.494100e-03,    1.420100e-02,    1.420100e-02,    1.420100e-02,    1.420100e-02,    1.294800e-02,    1.294800e-02,
         3,    1.000000e+02,    1.628834e-02,   -1.744238e-02,    1.368776e-01,   -1.321267e-01,   -1.044516e-01,    1.241162e-01,   -3.381846e-02,    2.590752e-02,   -1.806910e+00,   -2.925215e-01,   -4.160684e-01,   -2.016643e+00,    8.327495e-01,   -1.349685e-01,   -1.334197e+00,    4.716428e-01,   -9.925900e-04,   -2.024000e-02,    1.331900e-01,   -1.500000e-01,   -9.707100e-02,    1.229200e-01,   -5.369800e-02,    3.293500e-02,    9.563800e-03,    9.563800e-03,    8.862900e-03,    8.862900e-03,    8.862900e-03,    8.862900e-03,    1.490000e-02,    1.490000e-02,
         3,    1.584800e+02,    2.249778e-02,   -1.786241e-02,    1.689215e-01,   -1.650332e-01,   -1.348942e-01,    1.595863e-01,   -4.047466e-02,    2.967688e-02,   -1.215422e+00,   -1.046629e+00,    2.266600e-01,   -9.423096e-01,    4.884973e-01,    2.483826e-01,   -1.457194e+00,   -1.270017e-01,    6.217200e-03,   -3.188200e-02,    1.714800e-01,   -1.756700e-01,   -1.293800e-01,    1.623900e-01,   -6.732200e-02,    2.733700e-02,    1.339500e-02,    1.339500e-02,    1.128800e-02,    1.128800e-02,    1.128800e-02,    1.128800e-02,    1.842400e-02,    1.842400e-02,
         3,    2.511800e+02,    2.696987e-02,   -1.723490e-02,    2.076054e-01,   -2.094559e-01,   -1.741323e-01,    2.054069e-01,   -4.679085e-02,    3.517967e-02,   -6.093044e-01,   -1.283207e+00,   -1.349815e-01,   -7.079522e-02,    6.161730e-01,    3.847802e-01,   -1.260771e+00,   -7.840510e-01,    1.678900e-02,   -3.867600e-02,    2.057100e-01,   -2.104500e-01,   -1.654800e-01,    2.108100e-01,   -7.378900e-02,    1.839000e-02,    1.670900e-02,    1.670900e-02,    1.404200e-02,    1.404200e-02,    1.404200e-02,    1.404200e-02,    2.141400e-02,    2.141400e-02,
         4,    1.000000e+02,   -1.810537e-02,    1.685936e-02,    1.434967e-01,   -1.985429e-01,   -1.795919e-01,    2.357399e-01,    1.140535e-02,   -4.676106e-02,    2.234470e-01,   -1.659575e-01,    5.294433e-02,   -2.707148e-01,    9.383813e-01,    3.125050e-01,    3.400126e-02,   -2.497285e-01,   -1.564500e-02,    1.503200e-02,    1.442100e-01,   -2.021900e-01,   -1.669500e-01,    2.399500e-01,    1.203900e-02,   -5.141500e-02,    1.101100e-02,    1.101100e-02,    1.347200e-02,    1.347200e-02,    1.347200e-02,    1.347200e-02,    1.863600e-02,    1.863600e-02,
         4,    1.584800e+02,   -2.203196e-02,    2.223425e-02,    1.864656e-01,   -2.726757e-01,   -2.342000e-01,    3.136640e-01,    2.554219e-02,   -5.992521e-02,    1.897806e-01,    2.454909e-01,   -3.339582e-02,   -1.116389e-01,    5.680269e-01,    7.514494e-01,    1.515289e-01,   -2.755054e-01,   -1.908600e-02,    2.604500e-02,    1.858600e-01,   -2.747000e-01,   -2.239000e-01,    3.272900e-01,    2.941300e-02,   -6.696300e-02,    1.552300e-02,    1.552300e-02,    1.813300e-02,    1.813300e-02,    1.813300e-02,    1.813300e-02,    2.554500e-02,    2.554500e-02,
         4,    2.511800e+02,   -2.959617e-02,    2.904175e-02,    2.504786e-01,   -3.708744e-01,   -3.110551e-01,    4.170111e-01,    4.388708e-02,   -7.469184e-02,    4.574685e-02,    6.434479e-01,   -4.800583e-01,    1.534188e-01,    4.378543e-01,    6.408035e-01,    2.759853e-01,   -2.158366e-01,   -2.855900e-02,    4.363000e-02,    2.389500e-01,   -3.671900e-01,   -3.005400e-01,    4.324000e-01,    5.328300e-02,   -8.204000e-02,    2.267200e-02,    2.267200e-02,    2.401500e-02,    2.401500e-02,    2.401500e-02,    2.401500e-02,    3.404500e-02,    3.404500e-02,
         5,    1.000000e+02,    1.842087e-02,   -8.397504e-04,    1.239320e-01,   -1.261801e-01,   -9.345930e-02,    9.967306e-02,   -8.231780e-03,    1.588651e-03,    7.796624e-01,    1.011382e-01,   -7.547131e-01,    4.208960e-01,   -7.910040e-03,    2.641170e-01,   -4.030171e-02,    5.594335e-01,    2.624400e-02,    1.750700e-04,    1.181400e-01,   -1.229500e-01,   -9.352000e-02,    1.017000e-01,   -8.452500e-03,    4.652500e-03,    1.003400e-02,    1.003400e-02,    7.674400e-03,    7.674400e-03,    7.674400e-03,    7.674400e-03,    5.476700e-03,    5.476700e-03,
         5,    1.584800e+02,    1.666342e-02,    4.203503e-03,    1.565792e-01,   -1.616119e-01,   -1.200357e-01,    1.274070e-01,   -8.857565e-03,   -1.324393e-03,    7.155822e-01,    3.899710e-01,   -6.078132e-01,   -1.392429e-01,   -2.903353e-01,    2.952162e-01,   -2.573975e-01,    5.925871e-01,    2.486900e-02,    8.675300e-03,    1.505200e-01,   -1.630000e-01,   -1.229300e-01,    1.303500e-01,   -1.056200e-02,    2.599600e-03,    1.146700e-02,    1.146700e-02,    9.968900e-03,    9.968900e-03,    9.968900e-03,    9.968900e-03,    6.621800e-03,    6.621800e-03,
         5,    2.511800e+02,    1.405233e-02,    7.481388e-03,    1.976620e-01,   -2.049216e-01,   -1.519650e-01,    1.616683e-01,   -8.238511e-03,   -4.332747e-03,    3.585331e-01,    9.085854e-01,   -2.811455e-01,   -3.367520e-01,   -4.144074e-01,    8.120521e-02,   -4.236420e-01,    5.343097e-01,    1.877600e-02,    1.945200e-02,    1.940900e-01,   -2.092000e-01,   -1.572300e-01,    1.627000e-01,   -1.147700e-02,   -2.482700e-04,    1.317500e-02,    1.317500e-02,    1.270500e-02,    1.270500e-02,    1.270500e-02,    1.270500e-02,    7.644400e-03,    7.644400e-03,
         6,    1.000000e+02,    2.023336e-01,    1.337491e-02,    2.775849e-01,   -2.013588e-01,   -3.499990e-01,    1.577743e-01,   -1.966833e-01,    1.651878e-02,   -4.722021e-01,   -1.875124e-01,    3.150773e-01,   -7.016838e-01,    2.514607e-01,   -1.890080e-01,    7.991344e-01,    1.721633e-01,    1.842100e-01,    6.178000e-03,    2.833600e-01,   -2.142200e-01,   -3.453900e-01,    1.543100e-01,   -1.664600e-01,    2.303000e-02,    3.838100e-02,    3.838100e-02,    1.832900e-02,    1.832900e-02,    1.832900e-02,    1.832900e-02,    3.782000e-02,    3.782000e-02,
         6,    1.584800e+02,    1.916210e-01,    2.837240e-02,    3.243259e-01,   -2.501194e-01,   -3.842178e-01,    1.958125e-01,   -1.960713e-01,    1.174803e-03,   -2.207090e-01,   -3.453512e-01,    7.365708e-01,   -3.651939e-01,   -1.782677e-01,   -1.754906e-01,    6.883885e-01,    5.022075e-01,    1.823700e-01,    1.389700e-02,    3.401600e-01,   -2.579700e-01,   -3.880500e-01,    1.920400e-01,   -1.681000e-01,    2.158100e-02,    4.191500e-02,    4.191500e-02,    2.149700e-02,    2.149700e-02,    2.149700e-02,    2.149700e-02,    4.063300e-02,    4.063300e-02,
         6,    2.511800e+02,    1.760810e-01,    3.781417e-02,    3.803280e-01,   -3.166775e-01,   -4.293053e-01,    2.494681e-01,   -1.877731e-01,   -9.646980e-03,    1.034859e-01,   -2.485345e-01,    6.282343e-01,    9.420503e-02,   -7.550006e-01,   -4.264565e-01,    7.510799e-01,    7.455385e-01,    1.808000e-01,    2.648100e-02,    3.962500e-01,   -3.142900e-01,   -4.484400e-01,    2.386600e-01,   -1.559100e-01,    2.198100e-02,    4.560000e-02,    4.560000e-02,    2.534400e-02,    2.534400e-02,    2.534400e-02,    2.534400e-02,    4.242300e-02,    4.242300e-02,
         7,    1.000000e+02,   -7.086408e-03,    7.199300e-03,    1.272799e-01,   -1.196327e-01,   -1.329561e-01,    1.267621e-01,   -2.296637e-02,    2.561272e-02,   -2.622943e-01,    8.441795e-02,   -2.502591e-01,    4.856050e-02,    1.072978e-01,    1.321882e-01,    1.832137e-01,    2.292300e-01,   -8.861800e-03,    7.770700e-03,    1.250500e-01,   -1.192000e-01,   -1.320000e-01,    1.279400e-01,   -2.075700e-02,    2.837700e-02,    6.768700e-03,    6.768700e-03,    8.910400e-03,    8.910400e-03,    8.910400e-03,    8.910400e-03,    1.205900e-02,    1.205900e-02,
         7,    1.584800e+02,   -7.029370e-03,    8.015743e-03,    1.531324e-01,   -1.526876e-01,   -1.620655e-01,    1.650811e-01,   -3.072433e-02,    3.269956e-02,   -3.363091e-01,    5.436661e-02,   -2.897294e-01,   -2.169688e-04,    1.497519e-01,    1.356670e-01,    4.470618e-02,    2.558524e-01,   -9.673600e-03,    8.443200e-03,    1.499100e-01,   -1.526900e-01,   -1.604000e-01,    1.665900e-01,   -3.002200e-02,    3.671900e-02,    7.862500e-03,    7.862500e-03,    1.112200e-02,    1.112200e-02,    1.112200e-02,    1.112200e-02,    1.571000e-02,    1.571000e-02,
         7,    2.511800e+02,   -6.952465e-03,    1.210853e-02,    1.863792e-01,   -1.997466e-01,   -2.001893e-01,    2.157702e-01,   -3.979149e-02,    3.941821e-02,   -1.458146e-01,   -1.300312e-01,   -2.697774e-01,   -1.139682e-01,    1.256842e-01,    1.737497e-01,   -1.396131e-01,    2.552909e-01,   -8.287500e-03,    1.091800e-02,    1.825600e-01,   -2.013600e-01,   -1.984100e-01,    2.182300e-01,   -4.261600e-02,    4.458300e-02,    9.155700e-03,    9.155700e-03,    1.415700e-02,    1.415700e-02,    1.415700e-02,    1.415700e-02,    2.023100e-02,    2.023100e-02,
         8,    1.000000e+02,   -6.441819e-01,    3.550050e-01,    2.645275e-01,   -4.053426e-01,   -4.420322e-01,    2.505662e-01,    2.036231e-02,   -5.471139e-02,   -1.342396e-01,    1.375842e+00,   -1.962286e-01,   -4.145528e-01,    1.391425e+00,   -4.286141e-01,   -4.855544e-01,    6.515314e-02,   -6.569200e-01,    4.855600e-01,    2.598000e-01,   -4.153300e-01,   -4.085100e-01,    2.402400e-01,    8.726000e-03,   -5.315000e-02,    9.489100e-02,    9.489100e-02,    2.409200e-02,    2.409200e-02,    2.409200e-02,    2.409200e-02,    2.396500e-02,    2.396500e-02,
         8,    1.584800e+02,   -7.250358e-01,    4.299857e-01,    3.744348e-01,   -5.370509e-01,   -5.009413e-01,    3.076375e-01,    4.240121e-02,   -5.866886e-02,   -8.042106e-01,    9.280527e-01,   -4.282728e-01,   -2.829394e-02,    3.610918e-01,    2.406729e-01,   -4.356795e-01,   -1.135568e-01,   -8.213400e-01,    5.411200e-01,    3.612800e-01,   -5.379200e-01,   -4.898500e-01,    3.150300e-01,    2.933300e-02,   -6.207500e-02,    1.197500e-01,    1.197500e-01,    3.071600e-02,    3.071600e-02,    3.071600e-02,    3.071600e-02,    2.999500e-02,    2.999500e-02,
         8,    2.511800e+02,   -8.240517e-01,    5.404359e-01,    5.264767e-01,   -6.893445e-01,   -5.744617e-01,    3.884309e-01,    6.348443e-02,   -5.607408e-02,   -1.472129e+00,    2.978179e-01,   -7.477009e-01,   -5.702928e-02,   -3.183756e-01,    2.262437e-01,   -3.867556e-01,   -3.332583e-01,   -1.047300e+00,    5.856000e-01,    4.974300e-01,   -6.915600e-01,   -5.868300e-01,    3.972200e-01,    4.931100e-02,   -6.828700e-02,    1.516500e-01,    1.516500e-01,    3.884800e-02,    3.884800e-02,    3.884800e-02,    3.884800e-02,    3.664700e-02,    3.664700e-02,
         9,    1.000000e+02,   -1.104577e-03,    5.577998e-04,    8.047062e-02,   -1.044325e-01,   -8.055555e-02,    9.786864e-02,    8.800116e-04,    2.303484e-03,    1.505230e+00,   -1.892619e-01,   -5.065156e-02,   -1.981826e-01,    7.694433e-01,    1.069400e+00,    1.078500e+00,    1.126122e-01,    4.271200e-03,   -1.181300e-04,    8.013900e-02,   -1.057300e-01,   -7.551800e-02,    1.048700e-01,    5.417800e-03,    2.777300e-03,    3.571400e-03,    3.571400e-03,    6.547000e-03,    6.547000e-03,    6.547000e-03,    6.547000e-03,    4.207500e-03,    4.207500e-03,
         9,    1.584800e+02,   -2.845271e-03,    9.953649e-04,    1.098951e-01,   -1.399218e-01,   -1.048515e-01,    1.304403e-01,    4.926307e-05,    1.624030e-03,    1.663760e+00,    3.706816e-01,   -8.541982e-03,    2.048545e-01,   -7.788341e-03,    1.145976e+00,    2.567878e-01,    3.072615e-01,    5.222300e-03,    2.792800e-03,    1.098200e-01,   -1.381200e-01,   -1.049200e-01,    1.405200e-01,    9.018500e-04,    2.644200e-03,    4.849000e-03,    4.849000e-03,    8.795700e-03,    8.795700e-03,    8.795700e-03,    8.795700e-03,    3.320200e-03,    3.320200e-03,
         9,    2.511800e+02,   -3.787166e-03,   -9.391870e-05,    1.475818e-01,   -1.796407e-01,   -1.370504e-01,    1.706225e-01,   -7.605282e-04,    1.159361e-03,    1.195477e+00,    1.081334e+00,    2.326944e-02,    1.267492e-01,   -5.752875e-01,    7.174155e-01,    1.436404e-01,    3.186253e-01,    3.840100e-03,    6.805100e-03,    1.478500e-01,   -1.781800e-01,   -1.436800e-01,    1.788900e-01,   -2.693500e-04,    2.248900e-03,    6.380100e-03,    6.380100e-03,    1.152400e-02,    1.152400e-02,    1.152400e-02,    1.152400e-02,    3.419500e-03,    3.419500e-03,
        11,    1.000000e+02,   -7.761787e-03,   -7.225634e-03,    1.190313e-01,   -1.169249e-01,   -1.164157e-01,    1.234216e-01,    5.869319e-03,    6.315126e-04,   -4.819354e-01,   -9.893477e-01,    7.030521e-01,   -1.897066e-01,    4.486065e-01,   -1.313737e-01,   -2.692106e-01,   -6.428795e-01,   -1.199800e-02,   -1.592200e-02,    1.249800e-01,   -1.185300e-01,   -1.126200e-01,    1.223100e-01,    4.684900e-03,   -2.196900e-03,    8.790000e-03,    8.790000e-03,    8.461200e-03,    8.461200e-03,    8.461200e-03,    8.461200e-03,    4.399600e-03,    4.399600e-03,
        11,    1.584800e+02,   -7.057540e-03,   -2.308513e-05,    1.484481e-01,   -1.533301e-01,   -1.505597e-01,    1.580317e-01,    4.599749e-03,    1.441498e-03,    3.611946e-01,   -1.024075e+00,    8.554205e-01,    1.088423e-01,    2.445639e-02,    4.605711e-01,    1.159449e-01,   -7.483179e-01,   -4.781400e-03,   -6.476500e-03,    1.578800e-01,   -1.521300e-01,   -1.502900e-01,    1.631100e-01,    5.225400e-03,   -2.596500e-03,    6.301700e-03,    6.301700e-03,    1.102600e-02,    1.102600e-02,    1.102600e-02,    1.102600e-02,    5.396100e-03,    5.396100e-03,
        11,    2.511800e+02,   -8.976428e-03,    5.113085e-03,    1.878530e-01,   -1.970786e-01,   -1.902594e-01,    1.994188e-01,    2.823477e-03,    7.150502e-04,    6.102205e-01,    9.442920e-02,    6.513494e-01,    5.227306e-01,   -4.099701e-01,    3.186737e-01,    5.465120e-01,   -4.474289e-01,   -4.827600e-03,    5.755100e-03,    1.969100e-01,   -1.898100e-01,   -1.959600e-01,    2.038500e-01,    6.415700e-03,   -2.225900e-03,    6.798900e-03,    6.798900e-03,    1.390500e-02,    1.390500e-02,    1.390500e-02,    1.390500e-02,    6.573000e-03,    6.573000e-03,
        12,    1.000000e+02,   -1.385249e-02,    1.560729e-02,    8.279418e-02,   -1.037580e-01,   -9.379783e-02,    1.144519e-01,    2.880584e-02,   -4.228034e-02,   -2.650652e-01,    2.812864e-01,   -1.227477e-01,    4.203119e-01,   -4.827821e-02,    3.429249e-02,    9.063341e-01,   -3.834633e-01,   -1.607800e-02,    1.796900e-02,    8.194200e-02,   -1.008400e-01,   -9.413300e-02,    1.146900e-01,    4.202200e-02,   -4.787200e-02,    8.396100e-03,    8.396100e-03,    6.942500e-03,    6.942500e-03,    6.942500e-03,    6.942500e-03,    1.458200e-02,    1.458200e-02,
        12,    1.584800e+02,   -1.798983e-02,    1.916082e-02,    1.077616e-01,   -1.385124e-01,   -1.215684e-01,    1.507905e-01,    3.940485e-02,   -5.319281e-02,   -9.612050e-02,    1.849738e-01,   -7.803403e-01,    5.110644e-01,    4.748448e-01,   -4.528253e-03,    6.672662e-01,   -4.483806e-01,   -1.898400e-02,    2.107400e-02,    1.007800e-01,   -1.339400e-01,   -1.173200e-01,    1.507500e-01,    5.181200e-02,   -6.153000e-02,    1.034300e-02,    1.034300e-02,    8.946900e-03,    8.946900e-03,    8.946900e-03,    8.946900e-03,    1.859400e-02,    1.859400e-02,
        12,    2.511800e+02,   -2.300691e-02,    2.358584e-02,    1.421556e-01,   -1.824977e-01,   -1.584139e-01,    1.971240e-01,    5.279246e-02,   -6.723519e-02,   -1.758052e-01,    1.637174e-01,   -1.037471e+00,    3.630059e-01,    3.414731e-01,    1.566490e-01,    5.573301e-01,   -5.617760e-01,   -2.536200e-02,    2.577900e-02,    1.299300e-01,   -1.782200e-01,   -1.543900e-01,    1.989700e-01,    6.636400e-02,   -8.091500e-02,    1.339600e-02,    1.339600e-02,    1.178400e-02,    1.178400e-02,    1.178400e-02,    1.178400e-02,    2.435100e-02,    2.435100e-02,
        13,    1.000000e+02,    2.292191e-03,   -9.732741e-03,    8.441582e-02,   -1.006565e-01,   -8.466992e-02,    1.033554e-01,    6.122754e-04,    8.574960e-03,    5.784748e-01,   -8.520091e-02,   -6.517726e-01,   -6.104998e-01,    6.702071e-01,    4.310016e-01,   -1.824741e-01,    3.860306e-01,    5.702300e-03,   -1.023500e-02,    8.009900e-02,   -1.047000e-01,   -8.023100e-02,    1.062100e-01,   -4.243600e-04,    1.076800e-02,    5.895000e-03,    5.895000e-03,    6.623200e-03,    6.623200e-03,    6.623200e-03,    6.623200e-03,    5.681000e-03,    5.681000e-03,
        13,    1.584800e+02,    4.809442e-03,   -1.079215e-02,    1.092832e-01,   -1.305870e-01,   -1.115264e-01,    1.344618e-01,   -1.884482e-03,    1.003169e-02,    4.207583e-01,    1.819780e-01,    8.955742e-02,   -8.983384e-01,   -4.423956e-02,    5.774925e-01,   -3.705022e-01,    1.081261e-01,    7.751300e-03,   -9.519800e-03,    1.100800e-01,   -1.385800e-01,   -1.119200e-01,    1.396000e-01,   -4.421200e-03,    1.077200e-02,    6.991800e-03,    6.991800e-03,    8.897500e-03,    8.897500e-03,    8.897500e-03,    8.897500e-03,    6.846700e-03,    6.846700e-03,
        13,    2.511800e+02,    7.632274e-03,   -1.236757e-02,    1.413473e-01,   -1.682442e-01,   -1.455282e-01,    1.726275e-01,   -4.253591e-03,    1.205600e-02,    1.605962e-01,    3.500515e-01,    3.924605e-01,   -5.583348e-01,   -2.642513e-01,    4.194641e-01,   -3.579560e-01,   -1.472201e-01,    8.945100e-03,   -9.506000e-03,    1.458500e-01,   -1.746500e-01,   -1.485600e-01,    1.774400e-01,   -7.200500e-03,    1.084400e-02,    8.174700e-03,    8.174700e-03,    1.147300e-02,    1.147300e-02,    1.147300e-02,    1.147300e-02,    8.232600e-03,    8.232600e-03,
        14,    1.000000e+02,    2.081150e-01,   -1.270329e-01,    2.699244e-01,   -4.080219e-01,   -4.266799e-01,    2.854399e-01,   -8.182678e-02,    1.356895e-01,   -4.466253e-01,   -6.993927e-01,   -1.141326e+00,    2.075602e-01,    3.285771e-01,   -6.588077e-01,    8.292549e-01,   -4.096151e-01,    1.853000e-01,   -1.627600e-01,    2.423100e-01,   -4.030000e-01,   -4.187300e-01,    2.695000e-01,   -5.016500e-02,    1.200500e-01,    5.108300e-02,    5.108300e-02,    2.419500e-02,    2.419500e-02,    2.419500e-02,    2.419500e-02,    3.818100e-02,    3.818100e-02,
        14,    1.584800e+02,    2.365803e-01,   -1.572010e-01,    3.755770e-01,   -5.239699e-01,   -4.985023e-01,    3.532203e-01,   -1.186732e-01,    1.763473e-01,    3.038775e-01,   -6.419145e-01,   -7.780357e-01,   -8.716646e-01,    2.838771e-01,   -6.338278e-01,    8.113201e-01,    1.041634e-01,    2.576600e-01,   -2.017300e-01,    3.513700e-01,   -5.510900e-01,   -4.896700e-01,    3.335000e-01,   -7.705900e-02,    1.816900e-01,    6.936900e-02,    6.936900e-02,    3.111300e-02,    3.111300e-02,    3.111300e-02,    3.111300e-02,    5.129200e-02,    5.129200e-02,
        14,    2.511800e+02,    2.706669e-01,   -2.003087e-01,    5.012758e-01,   -6.699764e-01,   -5.814392e-01,    4.408384e-01,   -1.619632e-01,    2.268143e-01,    6.876605e-01,   -4.555652e-01,   -4.330124e-01,   -1.284665e+00,    3.176187e-01,   -4.511789e-01,    6.453232e-01,    5.031976e-01,    3.322400e-01,   -2.411000e-01,    4.842900e-01,   -7.203700e-01,   -5.689800e-01,    4.231400e-01,   -1.183400e-01,    2.608300e-01,    8.954000e-02,    8.954000e-02,    3.922700e-02,    3.922700e-02,    3.922700e-02,    3.922700e-02,    6.759900e-02,    6.759900e-02,
        15,    1.000000e+02,   -3.296550e-02,   -9.600016e-03,    1.120461e-01,   -1.283955e-01,   -7.528365e-02,    1.147069e-01,    1.614616e-03,    2.836036e-03,    2.628095e-01,   -1.669653e+00,   -7.771161e-02,    7.737322e-01,    4.381657e-01,    3.000710e-01,   -5.701984e-01,    5.499542e-01,   -2.965200e-02,   -3.065100e-02,    1.114600e-01,   -1.225600e-01,   -7.197900e-02,    1.169700e-01,   -6.376100e-04,    5.008300e-03,    1.260800e-02,    1.260800e-02,    7.542000e-03,    7.542000e-03,    7.542000e-03,    7.542000e-03,    3.949900e-03,    3.949900e-03,
        15,    1.584800e+02,   -2.655927e-02,   -1.663217e-02,    1.476113e-01,   -1.608784e-01,   -1.030793e-01,    1.575535e-01,    9.437811e-04,    6.484367e-03,    8.345995e-01,   -1.457679e+00,   -6.073288e-01,    7.139523e-01,    5.627486e-01,    3.304795e-01,   -5.497880e-01,   -9.451714e-02,   -1.517700e-02,   -3.651200e-02,    1.415900e-01,   -1.538000e-01,   -9.750000e-02,    1.608300e-01,   -1.892300e-03,    5.996800e-03,    1.363800e-02,    1.363800e-02,    9.914400e-03,    9.914400e-03,    9.914400e-03,    9.914400e-03,    5.158500e-03,    5.158500e-03,
        15,    2.511800e+02,   -1.723810e-02,   -1.915225e-02,    1.891271e-01,   -1.988037e-01,   -1.449440e-01,    2.103921e-01,   -2.089010e-03,    1.017637e-02,    1.345809e+00,   -1.051243e+00,   -6.021692e-01,   -2.923668e-02,    1.531672e-01,    4.599583e-01,   -6.972606e-01,   -3.246266e-01,    2.190000e-03,   -3.432800e-02,    1.811700e-01,   -1.991900e-01,   -1.429200e-01,    2.164700e-01,   -7.614800e-03,    7.603700e-03,    1.443600e-02,    1.443600e-02,    1.321400e-02,    1.321400e-02,    1.321400e-02,    1.321400e-02,    7.925000e-03,    7.925000e-03,
        16,    1.000000e+02,    1.006411e-02,   -1.122741e-02,    9.868550e-02,   -1.060443e-01,   -1.301261e-01,    1.337918e-01,   -8.830299e-03,    9.422192e-03,    2.106138e-01,    7.282729e-02,   -2.242306e-02,    3.718033e-02,    8.017029e-02,   -1.383047e-01,    4.484555e-01,   -2.632177e-01,    1.157200e-02,   -1.070600e-02,    9.850200e-02,   -1.057400e-01,   -1.294700e-01,    1.326600e-01,   -5.967000e-03,    7.741600e-03,    7.159500e-03,    7.159500e-03,    8.183400e-03,    8.183400e-03,    8.183400e-03,    8.183400e-03,    6.384800e-03,    6.384800e-03,
        16,    1.584800e+02,    1.305987e-02,   -1.327834e-02,    1.251230e-01,   -1.342374e-01,   -1.632417e-01,    1.700828e-01,   -1.077547e-02,    1.181624e-02,    9.243566e-02,    1.790966e-01,   -2.734018e-01,   -1.787873e-01,    5.950558e-03,   -1.305523e-01,    3.637183e-01,   -1.212727e-02,    1.385900e-02,   -1.173000e-02,    1.222900e-01,   -1.360900e-01,   -1.631800e-01,    1.687300e-01,   -7.649200e-03,    1.171200e-02,    8.645300e-03,    8.645300e-03,    1.036200e-02,    1.036200e-02,    1.036200e-02,    1.036200e-02,    8.595300e-03,    8.595300e-03,
        16,    2.511800e+02,    1.664141e-02,   -1.554768e-02,    1.573555e-01,   -1.710373e-01,   -2.064263e-01,    2.170382e-01,   -1.386700e-02,    1.501272e-02,    1.509924e-01,    1.916556e-01,   -4.737235e-01,   -3.147185e-01,    3.142275e-01,   -3.074691e-01,    1.471066e-01,    1.373581e-01,    1.828300e-02,   -1.346400e-02,    1.511800e-01,   -1.751400e-01,   -2.023300e-01,    2.130300e-01,   -1.215100e-02,    1.661500e-02,    1.087200e-02,    1.087200e-02,    1.303600e-02,    1.303600e-02,    1.303600e-02,    1.303600e-02,    1.166500e-02,    1.166500e-02,
        17,    1.000000e+02,   -5.688057e-03,    1.133288e-02,    7.955393e-02,   -1.211112e-01,   -8.665446e-02,    1.352884e-01,   -4.464607e-03,    2.361295e-03,    4.977458e-01,    2.090568e-01,    8.319619e-01,   -6.673483e-01,    1.836827e+00,    1.128840e+00,   -1.269684e+00,   -1.420321e-01,   -2.366400e-03,    1.272800e-02,    8.608500e-02,   -1.263500e-01,   -7.223500e-02,    1.441500e-01,   -1.331100e-02,    1.371700e-03,    6.673400e-03,    6.673400e-03,    7.850200e-03,    7.850200e-03,    7.850200e-03,    7.850200e-03,    6.967400e-03,    6.967400e-03,
        17,    1.584800e+02,   -7.388612e-03,    1.806093e-02,    1.077899e-01,   -1.676734e-01,   -1.186016e-01,    1.838582e-01,   -6.441756e-03,    5.665052e-04,    2.020673e-01,    6.434445e-02,    1.353491e-01,   -2.964589e-01,    1.944280e+00,    2.843972e-01,   -9.225371e-01,    2.029364e-01,   -5.485300e-03,    1.866700e-02,    1.091900e-01,   -1.707400e-01,   -9.849000e-02,    1.868000e-01,   -1.401800e-02,    2.233100e-03,    9.419200e-03,    9.419200e-03,    1.034400e-02,    1.034400e-02,    1.034400e-02,    1.034400e-02,    8.212400e-03,    8.212400e-03,
        17,    2.511800e+02,   -1.129352e-02,    2.738076e-02,    1.481456e-01,   -2.269328e-01,   -1.636039e-01,    2.458443e-01,   -7.343376e-03,   -2.739777e-03,   -1.498440e-02,   -5.421322e-01,   -3.481309e-01,   -4.996506e-01,    1.326712e+00,   -6.457743e-01,   -6.963700e-01,   -6.714079e-02,   -1.147500e-02,    2.081500e-02,    1.433400e-01,   -2.338300e-01,   -1.452900e-01,    2.369300e-01,   -1.393800e-02,   -3.375600e-03,    1.211100e-02,    1.211100e-02,    1.380400e-02,    1.380400e-02,    1.380400e-02,    1.380400e-02,    9.470000e-03,    9.470000e-03,
        18,    1.000000e+02,    5.408194e-01,   -1.716508e-01,    3.915572e-01,   -3.006714e-01,   -1.900458e+00,    8.167065e-01,   -7.323721e-01,    6.127874e-02,   -1.648829e-01,   -2.570790e-02,    5.742118e-01,   -3.466858e-01,    6.227882e-02,    2.869554e-01,    1.336374e-01,    1.790149e-01,    5.274200e-01,   -1.737400e-01,    4.216000e-01,   -3.188100e-01,   -1.897200e+00,    8.317200e-01,   -7.079900e-01,    9.394000e-02,    8.126600e-02,    8.126600e-02,    5.232000e-02,    5.232000e-02,    5.232000e-02,    5.232000e-02,    1.824500e-01,    1.824500e-01,
        18,    1.584800e+02,    5.825595e-01,   -1.801647e-01,    4.656919e-01,   -3.918468e-01,   -2.115059e+00,    9.141558e-01,   -7.366609e-01,    5.372159e-02,   -1.406053e-01,   -6.520571e-02,    4.285184e-01,   -1.214987e-02,   -1.559723e-02,    4.267961e-01,    8.687829e-02,    1.163830e-01,    5.696100e-01,   -1.861700e-01,    4.915500e-01,   -3.925800e-01,   -2.116000e+00,    9.399100e-01,   -7.197900e-01,    7.632200e-02,    9.209800e-02,    9.209800e-02,    6.034300e-02,    6.034300e-02,    6.034300e-02,    6.034300e-02,    1.941900e-01,    1.941900e-01,
        18,    2.511800e+02,    6.226433e-01,   -1.988082e-01,    5.663833e-01,   -5.025605e-01,   -2.346511e+00,    1.047298e+00,   -7.454118e-01,    4.820522e-02,   -3.228306e-02,   -7.357384e-02,    2.806117e-01,    1.434582e-01,   -2.353841e-01,    3.618498e-01,   -3.818936e-02,   -4.106574e-03,    6.192200e-01,   -2.066100e-01,    5.861600e-01,   -4.924500e-01,   -2.363100e+00,    1.072800e+00,   -7.534300e-01,    4.734300e-02,    1.060400e-01,    1.060400e-01,    7.047700e-02,    7.047700e-02,    7.047700e-02,    7.047700e-02,    2.099600e-01,    2.099600e-01,
        19,    1.000000e+02,    3.034699e-03,   -1.029944e-03,    1.138302e-01,   -1.122562e-01,   -1.190634e-01,    1.274384e-01,    2.651118e-02,   -2.899897e-02,   -6.212461e-01,    5.724240e-02,    1.006649e-01,    6.404965e-01,   -2.021870e-01,   -1.099994e+00,   -3.887577e-01,   -2.556804e-01,    1.495500e-03,   -8.881200e-04,    1.146500e-01,   -1.070400e-01,   -1.207100e-01,    1.184800e-01,    2.178700e-02,   -3.210600e-02,    2.477600e-03,    2.477600e-03,    8.144000e-03,    8.144000e-03,    8.144000e-03,    8.144000e-03,    1.215200e-02,    1.215200e-02,
        19,    1.584800e+02,    3.060778e-03,    5.245038e-04,    1.376069e-01,   -1.456165e-01,   -1.503789e-01,    1.662810e-01,    3.243195e-02,   -3.967648e-02,   -2.117360e-01,   -3.682198e-01,   -7.528345e-02,    1.023128e+00,    6.235238e-01,   -1.337877e+00,   -3.845812e-01,   -2.417880e-02,    2.369100e-03,   -6.783600e-04,    1.368500e-01,   -1.353300e-01,   -1.441100e-01,    1.528300e-01,    2.663400e-02,   -4.004100e-02,    3.266700e-03,    3.266700e-03,    1.005400e-02,    1.005400e-02,    1.005400e-02,    1.005400e-02,    1.507600e-02,    1.507600e-02,
        19,    2.511800e+02,    1.825347e-03,    1.820777e-03,    1.700862e-01,   -1.929606e-01,   -1.939222e-01,    2.151318e-01,    4.203960e-02,   -5.433918e-02,    4.746677e-01,   -5.938744e-01,   -2.351591e-01,    1.473240e+00,    9.953875e-01,   -1.281048e+00,   -4.343022e-01,    1.881345e-01,    4.099100e-03,   -1.024000e-03,    1.670900e-01,   -1.741900e-01,   -1.812400e-01,    1.988100e-01,    3.370100e-02,   -5.072700e-02,    4.790200e-03,    4.790200e-03,    1.274100e-02,    1.274100e-02,    1.274100e-02,    1.274100e-02,    1.920000e-02,    1.920000e-02,
        21,    1.000000e+02,   -1.994644e-03,    1.452086e-03,    1.313189e-01,   -1.291367e-01,   -1.292553e-01,    1.240888e-01,   -2.039046e-03,    2.214017e-03,   -8.096423e-02,    1.699752e-01,   -1.899493e-01,    3.300116e-01,    3.049453e-02,   -1.637839e-01,   -6.424392e-01,   -2.420686e-02,   -2.276400e-03,    2.043600e-03,    1.270500e-01,   -1.217200e-01,   -1.287100e-01,    1.211600e-01,   -5.030500e-03,    2.101300e-03,    3.480000e-03,    3.480000e-03,    2.247400e-02,    2.247400e-02,    1.788200e-02,    1.788200e-02,    4.656400e-03,    4.656400e-03,
        21,    1.584800e+02,   -3.002266e-03,    1.441331e-03,    1.627059e-01,   -1.586132e-01,   -1.581197e-01,    1.521903e-01,   -3.293453e-03,    1.789614e-03,   -1.086843e-01,    1.651749e-01,   -1.990237e-01,    2.436642e-01,    9.995760e-02,   -1.734826e-01,   -4.521140e-01,   -3.095683e-01,   -3.491400e-03,    2.184700e-03,    1.571900e-01,   -1.518600e-01,   -1.559300e-01,    1.483900e-01,   -5.661400e-03,    1.682500e-04,    4.500500e-03,    4.500500e-03,    2.771500e-02,    2.771500e-02,    2.190600e-02,    2.190600e-02,    5.237500e-03,    5.237500e-03,
        21,    2.511800e+02,   -3.702192e-03,    1.525517e-03,    1.976746e-01,   -1.996930e-01,   -1.906787e-01,    1.928884e-01,   -4.510202e-03,    5.960747e-04,   -2.075782e-01,    1.744017e-01,   -1.836346e-01,    2.623146e-01,    6.480142e-02,   -2.819511e-01,   -1.779010e-01,   -3.061030e-01,   -4.904900e-03,    2.536000e-03,    1.914000e-01,   -1.907300e-01,   -1.889300e-01,    1.852800e-01,   -5.543700e-03,   -1.182200e-03,    5.794000e-03,    5.794000e-03,    3.416900e-02,    3.416900e-02,    2.698500e-02,    2.698500e-02,    5.809400e-03,    5.809400e-03,
        22,    1.000000e+02,    7.311045e-03,   -9.968185e-03,    7.841327e-02,   -1.242992e-01,   -8.507808e-02,    1.286882e-01,   -8.710157e-03,    1.275158e-02,   -3.189420e-01,    3.714748e-02,    2.440710e-01,    1.793986e+00,   -1.885526e+00,   -1.832641e+00,    5.730333e-01,   -1.350692e-01,    5.438600e-03,   -9.750100e-03,    8.017500e-02,   -1.113500e-01,   -9.868800e-02,    1.154600e-01,   -4.914900e-03,    1.185700e-02,    5.870800e-03,    5.870800e-03,    7.218100e-03,    7.218100e-03,    7.218100e-03,    7.218100e-03,    6.623100e-03,    6.623100e-03,
        22,    1.584800e+02,    9.511160e-03,   -1.092749e-02,    1.067208e-01,   -1.712676e-01,   -1.162334e-01,    1.721663e-01,   -1.246335e-02,    1.475871e-02,   -3.029667e-01,    2.500159e-01,    1.002214e-01,    1.286401e+00,   -7.209873e-01,   -1.069468e+00,    3.925286e-01,    3.831125e-02,    7.355400e-03,   -9.148500e-03,    1.077100e-01,   -1.585700e-01,   -1.233500e-01,    1.616100e-01,   -8.946100e-03,    1.510200e-02,    7.115500e-03,    7.115500e-03,    9.870600e-03,    9.870600e-03,    9.870600e-03,    9.870600e-03,    8.960500e-03,    8.960500e-03,
        22,    2.511800e+02,    1.246743e-02,   -1.260838e-02,    1.466014e-01,   -2.323984e-01,   -1.589251e-01,    2.278989e-01,   -1.668223e-02,    1.717549e-02,   -3.255465e-01,    4.153061e-01,    1.185259e-01,    2.708250e-01,    5.312753e-01,   -5.048197e-03,    1.586780e-01,    1.856196e-01,    9.554900e-03,   -8.892800e-03,    1.482200e-01,   -2.287000e-01,   -1.516700e-01,    2.278300e-01,   -1.473700e-02,    1.945100e-02,    8.946600e-03,    8.946600e-03,    1.365600e-02,    1.365600e-02,    1.365600e-02,    1.365600e-02,    1.225900e-02,    1.225900e-02,
        23,    1.000000e+02,    1.708965e-03,   -2.270617e-03,    8.531146e-02,   -9.824143e-02,   -6.986723e-02,    9.494767e-02,    5.809630e-03,   -4.187691e-03,    1.285223e+00,   -1.012055e-01,   -1.142430e+00,    1.535302e-01,    7.259343e-01,   -4.943081e-01,    8.160172e-01,    3.253442e-01,    7.970700e-03,   -2.763700e-03,    7.852200e-02,   -9.732900e-02,   -6.555300e-02,    9.201000e-02,    9.984700e-03,   -2.523100e-03,    4.872100e-03,    4.872100e-03,    5.943000e-03,    5.943000e-03,    5.943000e-03,    5.943000e-03,    5.116400e-03,    5.116400e-03,
        23,    1.584800e+02,    7.422190e-04,   -3.447937e-03,    1.115360e-01,   -1.317718e-01,   -9.634788e-02,    1.276066e-01,    5.981262e-03,   -6.339220e-03,    1.416603e+00,    2.384974e-01,   -1.098198e+00,   -2.947416e-02,    7.163650e-01,   -3.421885e-02,    7.968513e-01,    5.623371e-01,    9.158400e-03,   -2.031000e-03,    1.026600e-01,   -1.320100e-01,   -9.055800e-02,    1.273300e-01,    1.101800e-02,   -2.784800e-03,    5.941100e-03,    5.941100e-03,    8.082300e-03,    8.082300e-03,    8.082300e-03,    8.082300e-03,    6.320800e-03,    6.320800e-03,
        23,    2.511800e+02,    4.970817e-04,   -6.092542e-03,    1.462615e-01,   -1.709348e-01,   -1.300676e-01,    1.653791e-01,    7.217266e-03,   -9.363021e-03,    1.350757e+00,    5.828529e-01,   -9.432508e-01,   -1.370930e-01,    2.823340e-01,   -6.727837e-02,    6.378375e-01,    9.784801e-01,    1.015000e-02,   -1.927300e-03,    1.361800e-01,   -1.724000e-01,   -1.270500e-01,    1.646600e-01,    1.203600e-02,   -1.970800e-03,    7.146300e-03,    7.146300e-03,    1.068800e-02,    1.068800e-02,    1.068800e-02,    1.068800e-02,    7.554800e-03,    7.554800e-03,
        24,    1.000000e+02,    3.401234e-03,   -5.139663e-03,    8.957633e-02,   -1.106297e-01,   -9.757749e-02,    1.118005e-01,   -2.419111e-03,    7.472165e-03,    8.652153e-01,    1.120539e+00,   -1.997101e-01,    8.762768e-01,    8.860628e-01,   -7.782141e-01,   -5.332742e-01,   -3.426509e-01,    7.582300e-03,    2.752300e-04,    8.819300e-02,   -1.045600e-01,   -9.144000e-02,    1.064100e-01,   -5.044100e-03,    5.785500e-03,    4.832400e-03,    4.832400e-03,    6.926700e-03,    6.926700e-03,    6.926700e-03,    6.926700e-03,    4.922400e-03,    4.922400e-03,
        24,    1.584800e+02,    5.489744e-03,   -5.853602e-03,    1.121111e-01,   -1.512692e-01,   -1.226858e-01,    1.467542e-01,   -4.969189e-03,    9.157799e-03,    6.962330e-01,    6.854570e-01,   -2.055538e-01,    8.436330e-01,    8.575481e-01,   -4.618740e-01,   -4.320929e-01,   -4.479760e-01,    9.944800e-03,   -1.467500e-03,    1.102400e-01,   -1.435900e-01,   -1.148800e-01,    1.425500e-01,   -7.738300e-03,    6.286900e-03,    6.398800e-03,    6.398800e-03,    9.102500e-03,    9.102500e-03,    9.102500e-03,    9.102500e-03,    6.408600e-03,    6.408600e-03,
        24,    2.511800e+02,    7.921695e-03,   -6.076091e-03,    1.465469e-01,   -2.072221e-01,   -1.567982e-01,    1.942355e-01,   -7.751862e-03,    1.105798e-02,    5.892583e-01,   -6.048340e-02,   -5.135548e-01,    5.033288e-01,    9.840349e-01,    7.002631e-02,   -4.274177e-01,   -5.745702e-01,    1.324800e-02,   -6.622800e-03,    1.402800e-01,   -2.010800e-01,   -1.447900e-01,    1.950900e-01,   -1.134700e-02,    6.225100e-03,    9.039000e-03,    9.039000e-03,    1.220300e-02,    1.220300e-02,    1.220300e-02,    1.220300e-02,    8.411300e-03,    8.411300e-03,
        25,    1.000000e+02,    2.217782e-01,   -6.448362e-02,    3.073094e-01,   -3.744411e-01,   -5.478350e-01,    3.532204e-01,   -1.821248e-01,    1.330369e-01,    1.383137e-01,   -4.182316e-02,    3.185689e-01,    1.278737e-01,   -9.384432e-01,    3.491036e-01,   -5.376470e-01,   -2.227662e-01,    2.288500e-01,   -6.662200e-02,    3.164800e-01,   -3.707600e-01,   -5.748500e-01,    3.632700e-01,   -2.151100e-01,    1.193700e-01,    5.112900e-02,    5.112900e-02,    2.878700e-02,    2.878700e-02,    2.878700e-02,    2.878700e-02,    6.135100e-02,    6.135100e-02,
        25,    1.584800e+02,    2.352145e-01,   -4.814533e-02,    4.150966e-01,   -4.645851e-01,   -6.328242e-01,    3.971245e-01,   -2.205171e-01,    1.402192e-01,    6.323462e-02,    9.333328e-02,    3.234755e-01,    6.689339e-02,   -6.529666e-01,    1.138002e-01,   -3.797455e-01,   -2.071781e-01,    2.389200e-01,   -4.267600e-02,    4.263400e-01,   -4.622600e-01,   -6.555200e-01,    4.010800e-01,   -2.468000e-01,    1.258800e-01,    5.860000e-02,    5.860000e-02,    3.475800e-02,    3.475800e-02,    3.475800e-02,    3.475800e-02,    6.921200e-02,    6.921200e-02,
        25,    2.511800e+02,    2.363357e-01,   -3.814148e-02,    5.442443e-01,   -5.655864e-01,   -7.123331e-01,    4.693060e-01,   -2.529923e-01,    1.494225e-01,   -8.344874e-02,    1.898641e-01,    2.466942e-01,    1.495462e-01,   -4.687480e-01,   -3.873493e-01,   -1.633518e-01,   -1.852693e-01,    2.309800e-01,   -2.595600e-02,    5.544000e-01,   -5.594300e-01,   -7.316300e-01,    4.533600e-01,   -2.654000e-01,    1.353500e-01,    6.418000e-02,    6.418000e-02,    4.116700e-02,    4.116700e-02,    4.116700e-02,    4.116700e-02,    7.595700e-02,    7.595700e-02,
        27,    1.000000e+02,    1.760811e-03,   -8.428895e-04,    1.007471e-01,   -1.231045e-01,   -8.388263e-02,    1.231687e-01,    1.794581e-03,   -5.208085e-04,   -7.414833e-01,   -9.619483e-01,   -5.219540e-02,    3.685863e-01,    9.286255e-01,    4.102293e-01,   -1.084936e+00,   -1.476536e+00,   -1.389900e-03,   -4.930400e-03,    1.003500e-01,   -1.203000e-01,   -7.681700e-02,    1.262900e-01,   -4.512800e-03,   -9.104800e-03,    4.249200e-03,    4.249200e-03,    7.608700e-03,    7.608700e-03,    7.608700e-03,    7.608700e-03,    5.813600e-03,    5.813600e-03,
        27,    1.584800e+02,    2.955197e-03,    3.254072e-04,    1.328647e-01,   -1.694142e-01,   -1.171601e-01,    1.654767e-01,    9.533939e-04,   -1.480275e-03,   -4.287962e-01,   -9.560666e-01,   -1.069803e+00,    4.112446e-01,    6.808552e-01,    9.045511e-01,   -4.282753e-01,   -1.028416e+00,    1.135000e-03,   -3.733000e-03,    1.218500e-01,   -1.651800e-01,   -1.101500e-01,    1.747900e-01,   -1.637800e-03,   -7.702500e-03,    4.244900e-03,    4.244900e-03,    1.029600e-02,    1.029600e-02,    1.029600e-02,    1.029600e-02,    6.050300e-03,    6.050300e-03,
        27,    2.511800e+02,    2.513812e-03,    2.019083e-03,    1.793679e-01,   -2.225742e-01,   -1.594994e-01,    2.152236e-01,    1.585501e-03,   -3.247425e-03,   -5.967685e-01,   -8.316997e-01,   -1.107269e+00,    1.613934e-01,   -7.155632e-02,    9.439017e-01,   -8.498637e-02,   -4.567967e-01,    1.016400e-03,   -6.781800e-05,    1.640400e-01,   -2.203400e-01,   -1.604900e-01,    2.282900e-01,    1.055900e-03,   -6.094000e-03,    2.509200e-03,    2.509200e-03,    1.384300e-02,    1.384300e-02,    1.384300e-02,    1.384300e-02,    6.231600e-03,    6.231600e-03,
        28,    1.000000e+02,    5.404789e-02,   -6.061954e-02,    1.076863e-01,   -1.102612e-01,   -9.318649e-02,    1.044217e-01,   -3.199436e-02,    3.389539e-02,    1.763326e-02,   -5.150317e-01,    4.600222e-01,   -9.291055e-01,   -7.569898e-01,   -3.286101e-01,   -2.951072e-01,    1.463679e-01,    5.438100e-02,   -7.034900e-02,    1.189200e-01,   -1.329500e-01,   -1.051000e-01,    9.925000e-02,   -3.578000e-02,    3.577300e-02,    1.889100e-02,    1.889100e-02,    2.442000e-02,    2.442000e-02,    1.573800e-02,    1.573800e-02,    1.282800e-02,    1.282800e-02,
        28,    1.584800e+02,    6.967513e-02,   -7.365434e-02,    1.316781e-01,   -1.457855e-01,   -1.190691e-01,    1.370195e-01,   -4.122254e-02,    3.877237e-02,    3.286999e-01,   -3.540340e-01,    6.417812e-01,   -6.757971e-01,   -6.649963e-01,   -6.608826e-01,   -3.531302e-01,    4.409028e-02,    7.753500e-02,   -8.212000e-02,    1.513500e-01,   -1.665000e-01,   -1.322300e-01,    1.239400e-01,   -4.680200e-02,    3.946900e-02,    2.391200e-02,    2.391200e-02,    3.065200e-02,    3.065200e-02,    1.979100e-02,    1.979100e-02,    1.580000e-02,    1.580000e-02,
        28,    2.511800e+02,    8.606486e-02,   -9.066403e-02,    1.627797e-01,   -1.926183e-01,   -1.513099e-01,    1.768071e-01,   -4.850008e-02,    4.603930e-02,    5.268987e-01,   -7.484928e-02,    8.653020e-01,   -2.848079e-01,   -5.439542e-01,   -9.570893e-01,   -5.099879e-01,   -2.109784e-01,    1.016500e-01,   -9.287800e-02,    1.958100e-01,   -2.034900e-01,   -1.646700e-01,    1.533000e-01,   -5.822300e-02,    4.201700e-02,    2.957900e-02,    2.957900e-02,    3.817200e-02,    3.817200e-02,    2.456100e-02,    2.456100e-02,    1.906500e-02,    1.906500e-02,
        29,    1.000000e+02,    3.947208e-01,   -1.600505e-01,    3.715104e-01,   -2.669619e-01,   -7.300467e-01,    4.366889e-01,   -3.202144e-01,    4.700489e-02,    3.161931e-02,    4.238141e-01,    2.373047e-01,   -5.059444e-01,    1.985595e-01,   -1.758154e-01,   -1.892952e-01,   -3.593353e-03,    3.968300e-01,   -1.317800e-01,    3.790000e-01,   -2.829300e-01,   -7.237800e-01,    4.311400e-01,   -3.353800e-01,    4.671700e-02,    6.670500e-02,    6.670500e-02,    3.156100e-02,    3.156100e-02,    3.156100e-02,    3.156100e-02,    8.011600e-02,    8.011600e-02,
        29,    1.584800e+02,    4.342802e-01,   -1.890971e-01,    4.291161e-01,   -3.354631e-01,   -8.322214e-01,    5.392562e-01,   -3.342304e-01,    2.794493e-02,   -7.811180e-02,    3.870852e-01,    3.639988e-01,   -3.007950e-01,    9.630783e-02,    3.094020e-02,   -2.135535e-01,   -1.812413e-01,    4.283400e-01,   -1.596600e-01,    4.426900e-01,   -3.466800e-01,   -8.286300e-01,    5.404100e-01,   -3.531700e-01,    1.187100e-02,    7.604800e-02,    7.604800e-02,    3.729100e-02,    3.729100e-02,    3.729100e-02,    3.729100e-02,    8.868800e-02,    8.868800e-02,
        29,    2.511800e+02,    4.831633e-01,   -2.285534e-01,    5.005653e-01,   -4.304495e-01,   -9.572782e-01,    6.809919e-01,   -3.483011e-01,    2.873313e-03,   -1.277036e-01,    3.728483e-01,    1.040890e-01,    1.227451e-02,    1.351134e-01,   -2.032292e-01,   -1.525056e-01,   -3.017925e-01,    4.720100e-01,   -1.959900e-01,    5.051400e-01,   -4.299100e-01,   -9.513400e-01,    6.720600e-01,   -3.632000e-01,   -2.661000e-02,    8.733700e-02,    8.733700e-02,    4.395000e-02,    4.395000e-02,    4.395000e-02,    4.395000e-02,    9.769400e-02,    9.769400e-02,
        30,    1.000000e+02,    7.949937e-01,   -1.712184e-01,    7.904316e-01,   -4.329170e-01,   -1.489856e+00,    6.057616e-01,   -9.892227e-01,    2.472215e-01,   -6.560717e-03,   -1.004581e-01,    1.423719e-01,   -4.762404e-01,    2.058306e-02,    2.883749e-01,    1.518891e-02,    1.966463e-01,    7.941400e-01,   -1.842900e-01,    7.991200e-01,   -4.619800e-01,   -1.488600e+00,    6.233600e-01,   -9.862900e-01,    2.851900e-01,    1.301200e-01,    1.301200e-01,    6.102600e-02,    6.102600e-02,    6.102600e-02,    6.102600e-02,    1.930800e-01,    1.930800e-01,
        30,    1.584800e+02,    8.299962e-01,   -1.770442e-01,    8.951443e-01,   -5.066417e-01,   -1.631284e+00,    7.203916e-01,   -1.041908e+00,    2.219030e-01,    7.934531e-02,   -1.354264e-01,    2.265214e-01,   -3.773251e-01,   -2.959685e-01,    7.115520e-02,   -1.589860e-01,    1.776003e-01,    8.413600e-01,   -1.964400e-01,    9.107700e-01,   -5.326700e-01,   -1.651700e+00,    7.253000e-01,   -1.075600e+00,    2.595400e-01,    1.432200e-01,    1.432200e-01,    6.898100e-02,    6.898100e-02,    6.898100e-02,    6.898100e-02,    2.119200e-01,    2.119200e-01,
        30,    2.511800e+02,    8.661095e-01,   -1.969911e-01,    1.010017e+00,   -6.081966e-01,   -1.801965e+00,    8.804026e-01,   -1.074461e+00,    2.107282e-01,    2.102250e-01,   -1.265586e-01,   -2.165372e-04,   -2.498317e-01,   -3.865148e-01,   -4.031382e-02,   -2.838785e-01,    1.536876e-01,    8.991800e-01,   -2.169000e-01,    1.010000e+00,   -6.276100e-01,   -1.832000e+00,    8.772700e-01,   -1.140000e+00,    2.462100e-01,    1.573100e-01,    1.573100e-01,    7.770600e-02,    7.770600e-02,    7.770600e-02,    7.770600e-02,    2.308700e-01,    2.308700e-01,
        31,    1.000000e+02,   -8.103861e-03,    3.583802e-02,    3.227419e-01,   -3.788825e-01,   -2.901170e-01,    1.974150e-01,    2.230259e-02,   -1.707573e-02,    8.696816e-01,    4.218159e-01,    8.438896e-01,   -1.272326e+00,    2.858156e-01,    5.068924e-01,   -2.213202e-01,    3.630471e-03,    1.262500e-02,    4.589200e-02,    3.409800e-01,   -4.063800e-01,   -2.839400e-01,    2.083700e-01,    1.914900e-02,   -1.702400e-02,    2.383500e-02,    2.383500e-02,    2.161200e-02,    2.161200e-02,    2.161200e-02,    2.161200e-02,    1.424900e-02,    1.424900e-02,
        31,    1.584800e+02,   -2.116816e-02,    4.459935e-02,    4.397225e-01,   -4.473346e-01,   -3.368737e-01,    2.344785e-01,    2.961952e-02,   -1.859568e-02,    2.957706e-01,    8.822633e-01,    1.257506e+00,   -6.815824e-01,    1.852077e-01,    3.992482e-01,   -3.286491e-01,    1.358722e-01,   -1.127700e-02,    7.410400e-02,    4.726100e-01,   -4.651600e-01,   -3.320300e-01,    2.449200e-01,    2.420700e-02,   -1.635800e-02,    3.344200e-02,    3.344200e-02,    2.615300e-02,    2.615300e-02,    2.615300e-02,    2.615300e-02,    1.646900e-02,    1.646900e-02,
        31,    2.511800e+02,   -3.389155e-02,    5.123889e-02,    5.615999e-01,   -5.169411e-01,   -3.851937e-01,    2.880450e-01,    3.375240e-02,   -1.750247e-02,   -3.769522e-01,    1.003647e+00,    1.397388e+00,    7.151521e-02,   -2.338658e-02,    2.236129e-01,   -2.170959e-01,   -6.802291e-02,   -5.043900e-02,    9.529700e-02,    6.050000e-01,   -5.147200e-01,   -3.859200e-01,    2.949900e-01,    2.950600e-02,   -1.883300e-02,    4.389800e-02,    4.389800e-02,    3.105800e-02,    3.105800e-02,    3.105800e-02,    3.105800e-02,    1.956000e-02,    1.956000e-02,
        32,    1.000000e+02,   -4.820915e-03,   -2.670655e-03,    7.789586e-02,   -8.255863e-02,   -9.770646e-02,    9.987508e-02,    9.636089e-03,   -2.954793e-03,    4.542435e-01,   -5.712573e-02,   -7.505502e-02,   -7.386446e-01,   -6.834811e-01,    2.967492e-01,   -3.033403e-01,   -2.893071e-01,   -3.284300e-03,   -2.863900e-03,    7.740900e-02,   -8.735000e-02,   -1.021400e-01,    1.018000e-01,    7.980700e-03,   -4.533600e-03,    3.382800e-03,    3.382800e-03,    6.486700e-03,    6.486700e-03,    6.486700e-03,    6.486700e-03,    5.457200e-03,    5.457200e-03,
        32,    1.584800e+02,   -3.954484e-03,   -3.458494e-03,    9.802657e-02,   -1.055583e-01,   -1.248061e-01,    1.259285e-01,    1.096522e-02,   -4.300567e-03,    2.976791e-01,    2.382005e-01,    4.285066e-01,   -3.903815e-01,   -5.496491e-01,   -1.368011e-01,   -1.059643e-01,   -4.312044e-01,   -2.881500e-03,   -2.599900e-03,    1.015300e-01,   -1.087500e-01,   -1.293000e-01,    1.248100e-01,    1.020900e-02,   -7.377900e-03,    3.604500e-03,    3.604500e-03,    8.175900e-03,    8.175900e-03,    8.175900e-03,    8.175900e-03,    7.136600e-03,    7.136600e-03,
        32,    2.511800e+02,   -2.654753e-03,   -4.339851e-03,    1.227815e-01,   -1.350635e-01,   -1.574421e-01,    1.569761e-01,    1.256612e-02,   -4.681129e-03,   -3.013311e-02,    2.789550e-01,    7.756274e-01,    1.402185e-02,   -3.505557e-01,   -2.595067e-01,    1.319736e-01,   -3.484758e-01,   -2.781900e-03,   -3.162800e-03,    1.307200e-01,   -1.349200e-01,   -1.610300e-01,    1.543200e-01,    1.374100e-02,   -7.783400e-03,    4.219500e-03,    4.219500e-03,    1.023500e-02,    1.023500e-02,    1.023500e-02,    1.023500e-02,    8.902400e-03,    8.902400e-03,
        33,    1.000000e+02,    2.775183e-03,    5.606625e-03,    2.542484e-01,   -3.462131e-01,   -3.691795e-01,    2.932226e-01,    1.939661e-03,   -2.323300e-02,    2.636263e+00,    1.117799e-01,   -3.877191e-01,   -2.418331e+00,   -1.737186e+00,   -9.056849e-01,    1.071293e+00,    2.886994e-01,    8.103000e-02,    8.924700e-03,    2.433500e-01,   -4.141900e-01,   -4.114400e-01,    2.711900e-01,    2.065300e-02,   -1.819000e-02,    2.968400e-02,    2.968400e-02,    2.810900e-02,    2.810900e-02,    2.432700e-02,    2.432700e-02,    1.746800e-02,    1.746800e-02,
        33,    1.584800e+02,   -9.886350e-04,    2.919527e-03,    3.554146e-01,   -4.275871e-01,   -4.504170e-01,    3.471591e-01,    1.358391e-02,   -2.112242e-02,    2.803673e+00,    4.695397e-01,   -9.142182e-01,   -2.536711e+00,   -1.736849e+00,   -1.583910e-01,    1.805605e+00,    1.543056e-02,    1.094200e-01,    2.141000e-02,    3.186100e-01,   -5.297100e-01,   -5.037000e-01,    3.423000e-01,    7.108700e-02,   -2.063100e-02,    3.938000e-02,    3.938000e-02,    4.025800e-02,    4.025800e-02,    3.067800e-02,    3.067800e-02,    3.184700e-02,    3.184700e-02,
        33,    2.511800e+02,   -2.854723e-03,   -2.293137e-03,    4.684860e-01,   -5.180605e-01,   -5.370376e-01,    4.121265e-01,    2.204902e-02,   -1.451899e-02,    2.664309e+00,    7.510581e-01,   -1.514601e+00,   -2.489679e+00,   -1.310026e+00,    4.217450e-01,    2.084190e+00,   -9.920411e-02,    1.183500e-01,    3.187400e-02,    3.957700e-01,   -6.375900e-01,   -5.853500e-01,    4.276800e-01,    1.115900e-01,   -1.878100e-02,    4.549200e-02,    4.549200e-02,    4.801000e-02,    4.801000e-02,    3.687900e-02,    3.687900e-02,    4.296200e-02,    4.296200e-02,
        34,    1.000000e+02,   -2.617023e-03,   -9.967565e-03,    8.196530e-02,   -6.292916e-02,   -8.796382e-02,    8.131170e-02,    4.432051e-03,    3.123409e-03,   -2.700573e+00,    1.466954e+00,    3.233789e-01,    1.797478e+00,    1.811641e-01,    9.965866e-02,    3.732525e-01,   -1.227540e-01,   -2.118400e-02,    1.180400e-04,    8.372500e-02,   -5.314800e-02,   -8.697800e-02,    8.185400e-02,    5.996800e-03,    2.608800e-03,    6.875200e-03,    6.875200e-03,    5.441600e-03,    5.441600e-03,    5.441600e-03,    5.441600e-03,    4.192200e-03,    4.192200e-03,
        34,    1.584800e+02,    1.083528e-03,   -6.512797e-03,    9.179669e-02,   -8.636901e-02,   -1.028865e-01,    1.106799e-01,    2.880079e-03,    3.354624e-03,   -2.485316e+00,   -5.224615e-01,    2.295360e-01,    7.034714e-02,    9.202001e-01,    9.211505e-01,    3.491002e-02,    7.428177e-01,   -1.816400e-02,   -1.055900e-02,    9.338900e-02,   -8.588100e-02,   -9.650300e-02,    1.170700e-01,    3.060400e-03,    7.191500e-03,    7.744500e-03,    7.744500e-03,    6.937100e-03,    6.937100e-03,    6.937100e-03,    6.937100e-03,    5.165300e-03,    5.165300e-03,
        34,    2.511800e+02,    1.633605e-03,   -2.885524e-03,    1.069163e-01,   -1.216645e-01,   -1.258722e-01,    1.523889e-01,    1.666090e-03,    3.258789e-03,   -1.104357e+00,   -1.533695e+00,   -7.047001e-01,   -5.846589e-01,    5.573852e-01,    2.904578e-01,   -2.440366e-01,    2.169070e-01,   -6.846200e-03,   -1.466200e-02,    1.006300e-01,   -1.268800e-01,   -1.209000e-01,    1.549800e-01,    6.090700e-04,    4.198300e-03,    7.678500e-03,    7.678500e-03,    8.920600e-03,    8.920600e-03,    8.920600e-03,    8.920600e-03,    4.331400e-03,    4.331400e-03,
        35,    1.000000e+02,    5.762526e-03,   -1.181013e-02,    1.024753e-01,   -1.322802e-01,   -9.566549e-02,    1.170728e-01,    4.556046e-03,   -1.761495e-03,    4.529626e-01,   -3.000305e-01,   -9.086078e-01,   -2.817996e-01,    5.527322e-01,   -5.575603e-01,   -5.229154e-01,    1.681709e-02,    9.360000e-03,   -1.419300e-02,    9.544700e-02,   -1.344600e-01,   -9.139000e-02,    1.127600e-01,    2.836700e-03,   -1.706200e-03,    7.942100e-03,    7.942100e-03,    7.735200e-03,    7.735200e-03,    7.735200e-03,    7.735200e-03,    3.288000e-03,    3.288000e-03,
        35,    1.584800e+02,    8.285685e-03,   -1.479900e-02,    1.298784e-01,   -1.750172e-01,   -1.199842e-01,    1.546925e-01,    4.863323e-03,   -3.340687e-03,    4.218924e-01,   -1.754263e-01,   -6.637446e-01,   -1.551563e-01,    6.455711e-01,   -1.087637e-01,   -6.625007e-02,    1.397969e-01,    1.251600e-02,   -1.655800e-02,    1.231500e-01,   -1.765900e-01,   -1.134400e-01,    1.535900e-01,    4.547900e-03,   -2.675100e-03,    1.002700e-02,    1.002700e-02,    1.013700e-02,    1.013700e-02,    1.013700e-02,    1.013700e-02,    4.761100e-03,    4.761100e-03,
        35,    2.511800e+02,    1.092086e-02,   -1.898655e-02,    1.634894e-01,   -2.340797e-01,   -1.502215e-01,    2.063683e-01,    5.530685e-03,   -5.425394e-03,    8.233298e-01,    4.643136e-02,    1.135716e-01,   -3.874852e-01,    5.897249e-01,    5.186954e-01,   -1.748730e-01,   -3.685029e-02,    2.222600e-02,   -1.834900e-02,    1.650400e-01,   -2.393700e-01,   -1.421700e-01,    2.134500e-01,    4.405500e-03,   -5.662500e-03,    1.373100e-02,    1.373100e-02,    1.365300e-02,    1.365300e-02,    1.365300e-02,    1.365300e-02,    6.434300e-03,    6.434300e-03,
        36,    1.000000e+02,   -1.204748e-04,    4.920024e-03,    2.257269e-01,   -3.284177e-01,   -5.172589e-01,    3.958365e-01,    7.218051e-02,   -7.819637e-02,    2.933139e-01,    9.224245e-01,    1.019570e-01,   -2.009749e-01,    2.235113e-01,   -1.429910e+00,   -1.273178e-01,   -4.596554e-01,    3.486700e-03,    1.626400e-02,    2.282900e-01,   -3.334700e-01,   -5.116400e-01,    3.598900e-01,    6.699600e-02,   -9.691400e-02,    1.229800e-02,    1.229800e-02,    2.513900e-02,    2.513900e-02,    2.513900e-02,    2.513900e-02,    4.072100e-02,    4.072100e-02,
        36,    1.584800e+02,   -6.035837e-03,    1.650441e-04,    3.104523e-01,   -4.228757e-01,   -6.177302e-01,    4.998539e-01,    9.867638e-02,   -8.233937e-02,    4.690827e-01,    7.283246e-01,    1.061619e+00,   -6.365339e-01,    5.756982e-01,   -7.573334e-01,    2.734308e-01,   -1.024814e-01,   -1.515100e-03,    7.184200e-03,    3.452500e-01,   -4.437400e-01,   -5.988600e-01,    4.750300e-01,    1.122000e-01,   -8.740800e-02,    9.637400e-03,    9.637400e-03,    3.277800e-02,    3.277800e-02,    3.277800e-02,    3.277800e-02,    4.945900e-02,    4.945900e-02,
        36,    2.511800e+02,   -1.094309e-02,   -1.070525e-02,    4.113913e-01,   -5.404010e-01,   -7.350223e-01,    6.304720e-01,    1.264337e-01,   -8.123589e-02,   -2.061938e-01,    7.960416e-01,    6.259745e-01,    4.351357e-01,    1.033761e+00,   -3.473834e-01,    1.739595e-01,    4.667091e-01,   -1.396300e-02,    9.535800e-04,    4.362800e-01,   -5.231000e-01,   -6.939200e-01,    6.166600e-01,    1.360700e-01,   -5.538300e-02,    1.464600e-02,    1.464600e-02,    3.976000e-02,    3.976000e-02,    3.976000e-02,    3.976000e-02,    5.539400e-02,    5.539400e-02,
        37,    1.584800e+02,    4.864842e-02,   -2.685736e-02,    4.443166e-01,   -5.589855e-01,   -4.816793e-01,    5.521766e-01,    3.730266e-02,   -6.882804e-02,    5.375207e-01,    2.011394e-01,   -7.854950e-01,   -4.305964e-01,   -1.480558e-02,   -1.370634e+00,   -1.008492e+00,    6.610175e-02,    6.655700e-02,   -2.015600e-02,    4.166900e-01,   -5.741300e-01,   -4.822000e-01,    5.039700e-01,    4.637600e-03,   -6.668700e-02,    3.331700e-02,    3.331700e-02,    3.517100e-02,    3.517100e-02,    3.517100e-02,    3.517100e-02,    3.239000e-02,    3.239000e-02,
        38,    1.000000e+02,    5.094971e-03,   -3.799406e-03,    9.124547e-02,   -9.252900e-02,   -7.894051e-02,    1.235727e-01,    1.858594e-03,    1.102444e-03,   -1.452151e+00,   -3.136409e+00,   -1.780056e+00,    1.985040e+00,   -2.835226e-01,    1.946712e+00,   -6.791656e-01,   -1.642228e+00,   -8.321600e-03,   -3.277700e-02,    7.937000e-02,   -7.928600e-02,   -8.083200e-02,    1.365600e-01,   -1.702000e-03,   -7.507100e-03,    9.239100e-03,    9.239100e-03,    6.671400e-03,    6.671400e-03,    6.671400e-03,    6.671400e-03,    5.242600e-03,    5.242600e-03,
        38,    1.584800e+02,    3.833432e-03,   -1.373676e-03,    1.094948e-01,   -1.280228e-01,   -1.086315e-01,    1.679609e-01,    2.364710e-03,   -3.567211e-04,    1.623142e-01,   -2.210378e+00,   -3.035875e+00,   -1.577322e-01,    1.558154e+00,    3.090960e-01,   -2.753194e-01,   -7.570592e-01,    5.210100e-03,   -2.012100e-02,    8.318100e-02,   -1.293900e-01,   -9.512600e-02,    1.706400e-01,    1.269600e-03,   -3.368000e-03,    8.481500e-03,    8.481500e-03,    8.667600e-03,    8.667600e-03,    8.667600e-03,    8.667600e-03,    3.977600e-03,    3.977600e-03,
        38,    2.511800e+02,    2.310122e-03,   -1.751529e-03,    1.361054e-01,   -1.754576e-01,   -1.473202e-01,    2.219539e-01,    4.031327e-03,   -6.229843e-04,    9.985640e-01,   -1.062702e+00,   -3.564370e+00,   -2.627554e+00,    2.441297e+00,    5.777422e-01,    1.436979e-01,   -9.066843e-01,    1.136500e-02,   -1.138800e-02,    9.300500e-02,   -2.072300e-01,   -1.178000e-01,    2.289400e-01,    5.049800e-03,   -7.049200e-03,    9.067900e-03,    9.067900e-03,    1.209200e-02,    1.209200e-02,    1.209200e-02,    1.209200e-02,    7.087600e-03,    7.087600e-03,
        39,    1.000000e+02,    4.380534e-03,   -1.256727e-02,    1.110382e-01,   -9.950269e-02,   -1.012359e-01,    9.408007e-02,   -7.995223e-03,    7.655690e-03,   -6.388455e-01,   -1.063831e+00,   -6.403356e-01,   -9.838763e-01,   -4.445767e-01,   -1.416829e-02,   -2.770919e-02,    5.275251e-01,   -1.101400e-03,   -2.169600e-02,    1.063800e-01,   -1.066600e-01,   -1.044700e-01,    9.397700e-02,   -8.178400e-03,    1.114300e-02,    8.581000e-03,    8.581000e-03,    7.274600e-03,    7.274600e-03,    7.274600e-03,    7.274600e-03,    6.610700e-03,    6.610700e-03,
        39,    1.584800e+02,    8.383691e-03,   -9.361793e-03,    1.319545e-01,   -1.268396e-01,   -1.210000e-01,    1.241091e-01,   -1.073974e-02,    6.958077e-03,    1.325628e-01,   -1.323248e+00,    1.957037e-01,   -1.349405e+00,   -4.229030e-01,   -2.571307e-01,   -3.321035e-01,    3.551195e-01,    9.769900e-03,   -2.319900e-02,    1.337500e-01,   -1.392200e-01,   -1.248800e-01,    1.217500e-01,   -1.342300e-02,    9.827300e-03,    1.045700e-02,    1.045700e-02,    9.174700e-03,    9.174700e-03,    9.174700e-03,    9.174700e-03,    8.079600e-03,    8.079600e-03,
        39,    2.511800e+02,    8.610021e-03,   -6.402048e-03,    1.567456e-01,   -1.672003e-01,   -1.479344e-01,    1.659826e-01,   -1.323507e-02,    5.465541e-03,    8.833130e-01,   -1.059781e+00,    1.415379e+00,   -1.003790e+00,   -6.727938e-01,   -5.224763e-01,   -4.286949e-01,    4.824304e-02,    1.963200e-02,   -1.962600e-02,    1.734400e-01,   -1.790400e-01,   -1.558700e-01,    1.598200e-01,   -1.734900e-02,    5.928500e-03,    1.247800e-02,    1.247800e-02,    1.179500e-02,    1.179500e-02,    1.179500e-02,    1.179500e-02,    9.596400e-03,    9.596400e-03,
        41,    1.000000e+02,    2.788242e-02,   -1.510603e-02,    8.378784e-02,   -1.120167e-01,   -9.164804e-02,    1.128791e-01,   -2.051084e-02,    6.795954e-03,   -1.485484e-01,   -3.169829e-01,   -2.667435e-01,   -4.872655e-01,    2.449483e-01,    1.412060e-02,   -8.199424e-01,    4.142727e-01,    2.638000e-02,   -1.831200e-02,    8.188100e-02,   -1.155000e-01,   -8.989700e-02,    1.129800e-01,   -2.870100e-02,    1.093400e-02,    1.011400e-02,    1.011400e-02,    7.148600e-03,    7.148600e-03,    7.148600e-03,    7.148600e-03,    9.988700e-03,    9.988700e-03,
        41,    1.584800e+02,    3.073300e-02,   -2.554523e-02,    1.045708e-01,   -1.564437e-01,   -1.151868e-01,    1.622250e-01,   -1.998535e-02,    1.367567e-02,    1.862884e-01,   -2.181545e-01,    9.548431e-02,   -4.209189e-01,    4.117238e-01,    6.628117e-02,   -9.642085e-01,   -3.218425e-02,    3.329800e-02,   -2.854900e-02,    1.055000e-01,   -1.605400e-01,   -1.111800e-01,    1.628700e-01,   -3.192900e-02,    1.327700e-02,    1.376900e-02,    1.376900e-02,    9.731800e-03,    9.731800e-03,    9.731800e-03,    9.731800e-03,    1.238700e-02,    1.238700e-02,
        41,    2.511800e+02,    3.822697e-02,   -3.812676e-02,    1.385350e-01,   -2.187434e-01,   -1.551460e-01,    2.263998e-01,   -2.344024e-02,    2.332312e-02,    4.327936e-01,    1.029634e-01,   -4.365022e-02,    1.392259e-02,    6.283050e-01,   -1.206940e-01,   -7.981378e-01,   -4.756223e-01,    4.622500e-02,   -3.622400e-02,    1.379600e-01,   -2.185600e-01,   -1.468700e-01,    2.248100e-01,   -3.571400e-02,    1.600900e-02,    1.848000e-02,    1.848000e-02,    1.317200e-02,    1.317200e-02,    1.317200e-02,    1.317200e-02,    1.537800e-02,    1.537800e-02,
        42,    1.000000e+02,    4.761046e-03,   -2.601825e-02,    1.076454e-01,   -1.014311e-01,   -1.110979e-01,    1.063231e-01,   -2.856063e-03,    2.383050e-02,    2.118092e-02,   -3.585681e-01,   -9.857479e-02,   -1.188849e-01,    4.573121e-01,    6.039882e-01,   -8.576353e-02,    2.685764e-01,    4.972800e-03,   -2.960300e-02,    1.069000e-01,   -1.023300e-01,   -1.076400e-01,    1.108900e-01,   -3.682000e-03,    2.641700e-02,    9.997400e-03,    9.997400e-03,    7.561300e-03,    7.561300e-03,    7.561300e-03,    7.561300e-03,    9.630400e-03,    9.630400e-03,
        42,    1.584800e+02,    1.299604e-02,   -2.956266e-02,    1.321251e-01,   -1.306799e-01,   -1.340962e-01,    1.385342e-01,   -1.308803e-02,    2.561237e-02,    2.908775e-01,   -3.560476e-01,    1.149585e-01,   -1.897425e-01,   -3.025175e-01,    7.636393e-01,   -2.438425e-01,    2.987636e-01,    1.668000e-02,   -3.407200e-02,    1.332400e-01,   -1.325200e-01,   -1.370300e-01,    1.459400e-01,   -1.607900e-02,    2.927700e-02,    1.266500e-02,    1.266500e-02,    9.698100e-03,    9.698100e-03,    9.698100e-03,    9.698100e-03,    1.226600e-02,    1.226600e-02,
        42,    2.511800e+02,    2.110083e-02,   -3.287929e-02,    1.647120e-01,   -1.671204e-01,   -1.644007e-01,    1.832704e-01,   -2.010075e-02,    2.529577e-02,    4.159411e-01,   -1.823219e-01,    2.202797e-01,   -7.796323e-04,   -1.048650e+00,    2.698464e-01,   -4.210132e-01,    1.847368e-01,    2.754500e-02,   -3.570400e-02,    1.674300e-01,   -1.671300e-01,   -1.773400e-01,    1.866000e-01,   -2.638900e-02,    2.805500e-02,    1.549300e-02,    1.549300e-02,    1.233900e-02,    1.233900e-02,    1.233900e-02,    1.233900e-02,    1.493600e-02,    1.493600e-02,
        43,    2.511800e+02,   -1.434529e-02,    1.943904e-02,    1.855971e-01,   -2.236693e-01,   -2.233065e-01,    2.692984e-01,    3.665273e-02,   -4.131416e-02,    1.013719e+00,    4.578605e-01,   -8.755951e-01,    2.311482e-01,    6.430575e-01,   -6.764862e-01,   -5.300457e-01,    9.577896e-02,   -1.570400e-03,    2.520900e-02,    1.721900e-01,   -2.201300e-01,   -2.134600e-01,    2.589400e-01,    2.660200e-02,   -3.949800e-02,    1.260200e-02,    1.260200e-02,    1.531200e-02,    1.531200e-02,    1.531200e-02,    1.531200e-02,    1.896200e-02,    1.896200e-02,
        44,    1.000000e+02,    4.209909e-03,   -1.495675e-03,    1.420417e-01,   -1.493179e-01,   -1.363474e-01,    1.450878e-01,   -4.097119e-03,    3.209763e-03,    6.417438e-02,   -4.240970e-01,    1.589744e-01,   -1.405617e-01,    9.760077e-02,   -2.458988e-01,   -1.168787e-01,   -3.183863e-02,    4.546600e-03,   -3.720700e-03,    1.436500e-01,   -1.507400e-01,   -1.353600e-01,    1.426000e-01,   -4.678100e-03,    3.051500e-03,    5.246500e-03,    5.246500e-03,    1.011700e-02,    1.011700e-02,    1.011700e-02,    1.011700e-02,    4.970800e-03,    4.970800e-03,
        44,    1.584800e+02,    3.472828e-03,    8.092232e-04,    1.815428e-01,   -1.876508e-01,   -1.761178e-01,    1.829684e-01,   -4.914942e-03,    8.351198e-04,    3.133055e-01,   -2.730378e-01,    4.456687e-01,   -2.691670e-01,    1.710890e-01,   -1.348734e-01,    5.628483e-02,    1.820739e-01,    5.241500e-03,   -7.321300e-04,    1.873200e-01,   -1.911400e-01,   -1.739000e-01,    1.812200e-01,   -4.617100e-03,    1.798600e-03,    5.645200e-03,    5.645200e-03,    1.296300e-02,    1.296300e-02,    1.296300e-02,    1.296300e-02,    5.291700e-03,    5.291700e-03,
        44,    2.511800e+02,    2.311787e-03,    2.279520e-03,    2.292704e-01,   -2.348408e-01,   -2.244848e-01,    2.283671e-01,   -3.888829e-03,   -9.351714e-04,    4.548264e-01,    8.628509e-02,    7.749392e-01,   -1.654447e-01,    4.540321e-01,    1.058229e-01,    8.082740e-02,    2.478660e-01,    5.423800e-03,    2.869900e-03,    2.419600e-01,   -2.375500e-01,   -2.170500e-01,    2.301000e-01,   -3.485500e-03,    3.016800e-04,    6.842200e-03,    6.842200e-03,    1.637500e-02,    1.637500e-02,    1.637500e-02,    1.637500e-02,    4.990000e-03,    4.990000e-03,
        45,    1.000000e+02,   -1.102834e-02,    3.688394e-03,    1.239235e-01,   -1.475513e-01,   -1.344138e-01,    1.394156e-01,    1.738647e-02,   -9.723409e-03,    1.864354e-02,   -2.751807e-01,   -1.380784e-01,   -2.504427e-01,    7.080507e-02,   -8.341597e-02,   -7.211981e-01,   -4.415193e-01,   -1.089900e-02,    1.779300e-03,    1.225900e-01,   -1.499700e-01,   -1.337300e-01,    1.386100e-01,    1.110000e-02,   -1.357200e-02,    6.937600e-03,    6.937600e-03,    9.657600e-03,    9.657600e-03,    9.657600e-03,    9.657600e-03,    8.716700e-03,    8.716700e-03,
        45,    1.584800e+02,   -1.154724e-02,    2.339162e-03,    1.637361e-01,   -1.827418e-01,   -1.692436e-01,    1.719819e-01,    1.999020e-02,   -8.603769e-03,    1.230942e-01,   -1.826483e-01,    5.540050e-02,   -2.875652e-01,    2.633459e-01,   -8.728837e-02,   -3.781369e-01,   -6.506929e-01,   -1.059800e-02,    9.306700e-04,    1.644100e-01,   -1.862400e-01,   -1.660400e-01,    1.709200e-01,    1.585300e-02,   -1.572300e-02,    7.711500e-03,    7.711500e-03,    1.216500e-02,    1.216500e-02,    1.216500e-02,    1.216500e-02,    1.094100e-02,    1.094100e-02,
        45,    2.511800e+02,   -1.078483e-02,    1.585099e-03,    2.102303e-01,   -2.256372e-01,   -2.101371e-01,    2.153013e-01,    2.125906e-02,   -8.111435e-03,    7.494268e-02,   -3.155050e-02,   -1.131394e-02,   -2.476982e-02,    5.566552e-01,   -1.329853e-01,   -2.316210e-02,   -7.178479e-01,   -1.015300e-02,    1.319100e-03,    2.100600e-01,   -2.260100e-01,   -2.017600e-01,    2.133000e-01,    2.094700e-02,   -1.778300e-02,    8.430900e-03,    8.430900e-03,    1.504900e-02,    1.504900e-02,    1.504900e-02,    1.504900e-02,    1.347300e-02,    1.347300e-02,
        46,    1.000000e+02,   -3.230246e-02,    1.279471e-02,    1.223507e-01,   -1.078967e-01,   -1.065752e-01,    1.072720e-01,    1.876981e-02,   -4.340704e-03,   -7.949142e-01,   -3.509990e-01,   -1.014051e+00,   -1.441179e+00,   -1.237821e+00,    1.058330e-01,    6.460802e-02,   -1.177064e+00,   -4.237800e-02,    8.345800e-03,    1.141300e-01,   -1.195800e-01,   -1.166100e-01,    1.081300e-01,    1.937800e-02,   -1.542100e-02,    1.267500e-02,    1.267500e-02,    8.106800e-03,    8.106800e-03,    8.106800e-03,    8.106800e-03,    9.413500e-03,    9.413500e-03,
        46,    1.584800e+02,   -3.687200e-02,    2.141064e-02,    1.521873e-01,   -1.388676e-01,   -1.368859e-01,    1.408901e-01,    1.955912e-02,   -7.990203e-03,   -4.506067e-01,   -5.479821e-01,   -5.538082e-01,   -2.509467e-01,   -2.050152e+00,    3.751070e-01,    5.253000e-01,   -6.440685e-02,   -4.337200e-02,    1.350600e-02,    1.464000e-01,   -1.414900e-01,   -1.583100e-01,    1.448100e-01,    2.555700e-02,   -8.725600e-03,    1.442500e-02,    1.442500e-02,    1.045000e-02,    1.045000e-02,    1.045000e-02,    1.045000e-02,    1.141800e-02,    1.141800e-02,
        46,    2.511800e+02,   -4.624937e-02,    2.896588e-02,    1.916086e-01,   -1.735393e-01,   -1.785192e-01,    1.783890e-01,    2.332977e-02,   -1.150915e-02,    1.750310e-01,   -6.778362e-01,   -1.012898e+00,    7.213414e-01,   -8.861541e-01,   -6.401841e-01,    4.792795e-01,    2.594767e-01,   -4.344100e-02,    1.809000e-02,    1.790000e-01,   -1.645600e-01,   -1.895500e-01,    1.704200e-01,    2.969700e-02,   -8.062000e-03,    1.604500e-02,    1.604500e-02,    1.244800e-02,    1.244800e-02,    1.244800e-02,    1.244800e-02,    1.328500e-02,    1.328500e-02,
        47,    1.000000e+02,   -1.333492e-02,    4.105728e-02,    1.998848e-01,   -1.724807e-01,   -1.628631e-01,    1.012372e-01,    9.459005e-04,   -4.571268e-02,   -8.892111e-01,    1.323984e-01,    1.666400e-01,    6.674632e-01,    5.864256e-01,   -3.857599e-01,    3.049927e-01,    7.290901e-01,   -2.888100e-02,    4.337200e-02,    2.017100e-01,   -1.651700e-01,   -1.564400e-01,    9.701200e-02,    4.721100e-03,   -3.668800e-02,    1.748300e-02,    1.748300e-02,    1.095300e-02,    1.095300e-02,    1.095300e-02,    1.095300e-02,    1.237800e-02,    1.237800e-02,
        47,    1.584800e+02,   -2.696267e-02,    4.767581e-02,    2.538130e-01,   -2.031983e-01,   -1.862399e-01,    1.244674e-01,    1.909323e-02,   -5.653952e-02,   -7.198097e-01,   -2.423693e-01,   -2.238897e-01,    1.019518e+00,    6.880370e-01,   -8.330633e-01,    9.668675e-02,    8.018341e-01,   -4.176700e-02,    4.269100e-02,    2.509300e-01,   -1.900700e-01,   -1.773800e-01,    1.137400e-01,    2.056500e-02,   -4.433400e-02,    2.056700e-02,    2.056700e-02,    1.287700e-02,    1.287700e-02,    1.287700e-02,    1.287700e-02,    1.522200e-02,    1.522200e-02,
        47,    2.511800e+02,   -4.161429e-02,    5.362681e-02,    3.138923e-01,   -2.324007e-01,   -2.140879e-01,    1.569459e-01,    3.984166e-02,   -6.360720e-02,   -4.733798e-01,   -4.976527e-01,   -5.576284e-01,    6.331570e-01,    7.001284e-01,   -8.688701e-01,   -4.993781e-02,    5.869225e-01,   -5.294700e-02,    4.171300e-02,    3.053400e-01,   -2.226900e-01,   -2.033500e-01,    1.436200e-01,    3.888700e-02,   -5.238700e-02,    2.394000e-02,    2.394000e-02,    1.533700e-02,    1.533700e-02,    1.533700e-02,    1.533700e-02,    1.911700e-02,    1.911700e-02,
        48,    1.000000e+02,    4.567652e-03,   -4.918380e-03,    1.284151e-01,   -1.276575e-01,   -1.421881e-01,    1.339350e-01,   -1.571406e-02,    1.369175e-02,   -6.944600e-02,    3.198132e-01,   -3.117920e-01,   -2.933283e-01,    5.220274e-02,   -2.786270e-01,    2.347166e-01,   -6.532872e-02,    4.240700e-03,   -3.412700e-03,    1.255000e-01,   -1.304000e-01,   -1.417000e-01,    1.313300e-01,   -1.358800e-02,    1.310000e-02,    4.708000e-03,    4.708000e-03,    9.349500e-03,    9.349500e-03,    9.349500e-03,    9.349500e-03,    9.058000e-03,    9.058000e-03,
        48,    1.584800e+02,    8.524993e-03,   -2.683496e-03,    1.555887e-01,   -1.690009e-01,   -1.738553e-01,    1.699757e-01,   -2.025073e-02,    1.402823e-02,   -6.403218e-02,    8.135158e-02,   -2.366550e-01,   -3.546387e-01,    1.871468e-01,   -1.303169e-01,    2.373108e-01,    6.794273e-02,    8.102400e-03,   -2.146600e-03,    1.528000e-01,   -1.731800e-01,   -1.716500e-01,    1.684400e-01,   -1.760400e-02,    1.478600e-02,    6.599700e-03,    6.599700e-03,    1.178400e-02,    1.178400e-02,    1.178400e-02,    1.178400e-02,    1.115300e-02,    1.115300e-02,
        48,    2.511800e+02,    9.331504e-03,    2.416589e-03,    1.944623e-01,   -2.258561e-01,   -2.131157e-01,    2.178761e-01,   -2.397720e-02,    1.399859e-02,    1.392620e-01,   -5.326167e-02,    5.294820e-02,   -6.895630e-03,    3.887522e-02,   -2.960942e-02,    9.881372e-03,    1.278713e-01,    1.051200e-02,    1.965100e-03,    1.952600e-01,   -2.259600e-01,   -2.125300e-01,    2.174300e-01,   -2.383900e-02,    1.578700e-02,    8.476800e-03,    8.476800e-03,    1.506600e-02,    1.506600e-02,    1.506600e-02,    1.506600e-02,    1.398600e-02,    1.398600e-02,
VTF,
     StaID,        Freq[Hz],     Re(Tzx)_Cal,     Im(Tzx)_Cal,     Re(Tzy)_Cal,     Im(Tzy)_Cal,     Re(Tzx)_Res,     Im(Tzx)_Res,     Re(Tzy)_Res,     Im(Tzy)_Res,     Re(Tzx)_Obs,     Im(Tzx)_Obs,     Re(Tzy)_Obs,     Im(Tzy)_Obs,      Re(Tzx)_SD,      Im(Tzx)_SD,      Re(Tzy)_SD,      Im(Tzy)_SD,
      1001,    1.000000e+02,    5.799367e-02,    3.254283e-03,    8.945475e-02,    5.186182e-02,    3.375777e-01,    2.210839e-01,    6.565082e-01,   -7.815608e-01,    6.812100e-02,    9.886800e-03,    1.091500e-01,    2.841500e-02,    3.000000e-02,    3.000000e-02,    3.000000e-02,    3.000000e-02,
      1001,    1.584800e+02,    5.412687e-02,    1.172030e-02,    6.745648e-02,    5.213343e-02,    6.221378e-01,    1.189900e-01,    8.539840e-01,   -2.263476e-01,    7.279100e-02,    1.529000e-02,    9.307600e-02,    4.534300e-02,    3.000000e-02,    3.000000e-02,    3.000000e-02,    3.000000e-02,
      1001,    2.511800e+02,    4.631435e-02,    1.514026e-02,    4.937738e-02,    4.917959e-02,    6.221883e-01,    5.028582e-01,    3.487207e-01,    7.094688e-02,    6.498000e-02,    3.022600e-02,    5.983900e-02,    5.130800e-02,    3.000000e-02,    3.000000e-02,    3.000000e-02,    3.000000e-02,
      1002,    1.000000e+02,    1.565005e-01,   -1.061410e-02,   -2.005488e-01,    3.444030e-02,    1.783169e-01,    2.883167e-01,   -2.620389e-01,   -7.922100e-01,    1.618500e-01,   -1.964600e-03,   -2.084100e-01,    1.067400e-02,    3.000000e-02,    3.000000e-02,    3.000000e-02,    3.000000e-02,
      1002,    1.584800e+02,    1.558171e-01,    1.853908e-02,   -2.078431e-01,    1.113938e-03,    1.340977e-01,    4.052641e-01,    1.447685e-01,   -9.178313e-01,    1.598400e-01,    3.069700e-02,   -2.035000e-01,   -2.642100e-02,    3.000000e-02,    3.000000e-02,    3.000000e-02,    3.000000e-02,
      1002,    2.511800e+02,    1.391452e-01,    4.151554e-02,   -1.972011e-01,   -2.831147e-02,    5.715868e-02,    3.196155e-01,    4.957044e-01,   -8.411510e-01,    1.408600e-01,    5.110400e-02,   -1.823300e-01,   -5.354600e-02,    3.000000e-02,    3.000000e-02,    3.000000e-02,    3.000000e-02,
      1003,    1.000000e+02,    8.512552e-02,   -2.414549e-02,   -1.329852e-01,    9.520180e-03,    8.074828e-01,    3.982162e-01,   -2.008282e-01,    1.783607e-01,    1.093500e-01,   -1.219900e-02,   -1.390100e-01,    1.487100e-02,    3.000000e-02,    3.000000e-02,    3.000000e-02,    3.000000e-02,
      1003,    1.584800e+02,    9.318691e-02,   -1.319101e-02,   -1.298694e-01,   -1.031616e-02,    8.174362e-01,    4.056969e-01,   -2.013550e-01,   -8.809475e-02,    1.177100e-01,   -1.020100e-03,   -1.359100e-01,   -1.295900e-02,    3.000000e-02,    3.000000e-02,    3.000000e-02,    3.000000e-02,
      1003,    2.511800e+02,    9.674764e-02,   -1.402014e-03,   -1.196980e-01,   -2.384502e-02,    4.370788e-01,    4.341005e-01,   -9.273397e-02,   -2.373327e-01,    1.098600e-01,    1.162100e-02,   -1.224800e-01,   -3.096500e-02,    3.000000e-02,    3.000000e-02,    3.000000e-02,    3.000000e-02,
      1004,    1.000000e+02,   -4.777874e-02,    1.171701e-02,    1.844022e-01,    1.416710e-01,   -6.696419e-01,    2.999663e-01,    6.532601e-01,   -3.716993e-01,   -6.786800e-02,    2.071600e-02,    2.040000e-01,    1.305200e-01,    3.000000e-02,    3.000000e-02,    3.000000e-02,    3.000000e-02,
      1004,    1.584800e+02,   -5.083517e-02,    1.735907e-02,    1.472045e-01,    1.278601e-01,   -4.914612e-01,   -1.950691e-01,    6.988492e-01,   -2.500470e-02,   -6.557900e-02,    1.150700e-02,    1.681700e-01,    1.271100e-01,    3.000000e-02,    3.000000e-02,    3.000000e-02,    3.000000e-02,
      1004,    2.511800e+02,   -5.879203e-02,    2.106541e-02,    1.153533e-01,    1.199098e-01,   -5.173222e-02,   -3.733869e-01,    6.398903e-01,    9.400562e-02,   -6.034400e-02,    9.863800e-03,    1.345500e-01,    1.227300e-01,    3.000000e-02,    3.000000e-02,    3.000000e-02,    3.000000e-02,
      1005,    1.000000e+02,    1.142714e-02,    4.589390e-02,    1.147991e-01,    5.108954e-02,    7.203620e-01,    7.404368e-01,    3.330312e-01,    2.440154e-01,    3.303800e-02,    6.810700e-02,    1.247900e-01,    5.841000e-02,    3.000000e-02,    3.000000e-02,    3.000000e-02,    3.000000e-02,
      1005,    1.584800e+02,   -4.589718e-03,    4.516704e-02,    9.160369e-02,    6.241868e-02,    6.220906e-01,    1.034565e+00,    3.574371e-02,    5.343439e-01,    1.407300e-02,    7.620400e-02,    9.267600e-02,    7.844900e-02,    3.000000e-02,    3.000000e-02,    3.000000e-02,    3.000000e-02,
      1005,    2.511800e+02,   -1.998029e-02,    3.985281e-02,    6.431780e-02,    6.751634e-02,    3.108430e-01,    1.478706e+00,   -1.809265e-01,    7.368888e-01,   -1.065500e-02,    8.421400e-02,    5.889000e-02,    8.962300e-02,    3.000000e-02,    3.000000e-02,    3.000000e-02,    3.000000e-02,
      1006,    1.000000e+02,   -2.664650e-02,    3.202162e-02,   -8.824202e-03,   -2.225681e-02,    4.510833e-01,   -5.213540e-01,    1.234434e-01,    8.687704e-01,   -1.311400e-02,    1.638100e-02,   -5.120900e-03,    3.806300e-03,    3.000000e-02,    3.000000e-02,    3.000000e-02,    3.000000e-02,
      1006,    1.584800e+02,   -3.387634e-02,    1.966141e-02,    4.309989e-03,   -2.372487e-02,    4.852114e-01,   -1.403803e-01,   -1.310300e-01,    7.640441e-01,   -1.932000e-02,    1.545000e-02,    3.790900e-04,   -8.035500e-04,    3.000000e-02,    3.000000e-02,    3.000000e-02,    3.000000e-02,
      1006,    2.511800e+02,   -3.368610e-02,    9.956958e-03,    1.438243e-02,   -1.966874e-02,    1.625035e-01,    1.012681e-01,   -2.131742e-01,    5.393413e-01,   -2.881100e-02,    1.299500e-02,    7.987200e-03,   -3.488500e-03,    3.000000e-02,    3.000000e-02,    3.000000e-02,    3.000000e-02,
      1007,    1.000000e+02,   -5.701538e-02,   -3.320716e-02,    2.633971e-02,    8.449618e-02,   -1.450206e-01,    1.559052e-01,    5.407642e-02,   -3.713059e-01,   -6.136600e-02,   -2.853000e-02,    2.796200e-02,    7.335700e-02,    3.000000e-02,    3.000000e-02,    3.000000e-02,    3.000000e-02,
      1007,    1.584800e+02,   -4.155391e-02,   -3.294776e-02,   -8.290973e-03,    7.238531e-02,   -1.508364e-01,    9.235851e-02,    2.296591e-01,   -1.771769e-01,   -4.607900e-02,   -3.017700e-02,   -1.401200e-03,    6.707000e-02,    3.000000e-02,    3.000000e-02,    3.000000e-02,    3.000000e-02,
      1007,    2.511800e+02,   -2.763251e-02,   -2.606291e-02,   -3.237617e-02,    4.939885e-02,   -1.325497e-01,    1.906352e-02,    2.133390e-01,    8.437179e-02,   -3.160900e-02,   -2.549100e-02,   -2.597600e-02,    5.193000e-02,    3.000000e-02,    3.000000e-02,    3.000000e-02,    3.000000e-02,
      1008,    1.000000e+02,    6.657314e-02,    3.084746e-02,   -5.180040e-02,   -2.402794e-02,   -2.523713e-01,    3.514512e-01,    4.955468e-01,   -6.280354e-01,    5.900200e-02,    4.139100e-02,   -3.693400e-02,   -4.286900e-02,    3.000000e-02,    3.000000e-02,    3.000000e-02,    3.000000e-02,
      1008,    1.584800e+02,    4.951889e-02,    5.511738e-02,   -5.165538e-02,   -3.085920e-02,    2.282035e-01,    6.024539e-01,    4.823794e-01,   -8.896004e-02,    5.636500e-02,    7.319100e-02,   -3.718400e-02,   -3.352800e-02,    3.000000e-02,    3.000000e-02,    3.000000e-02,    3.000000e-02,
      1008,    2.511800e+02,    2.068695e-02,    6.561467e-02,   -4.044487e-02,   -4.283953e-02,    8.933496e-02,    7.056778e-01,   -3.910444e-02,    2.025094e-02,    2.336700e-02,    8.678500e-02,   -4.161800e-02,   -4.223200e-02,    3.000000e-02,    3.000000e-02,    3.000000e-02,    3.000000e-02,
      1010,    1.000000e+02,   -9.437793e-02,    1.768169e-02,    1.827349e-02,    3.532774e-02,    2.889642e-01,   -7.388958e-02,   -4.135262e-01,   -2.659915e-01,   -8.570900e-02,    1.546500e-02,    5.867700e-03,    2.734800e-02,    3.000000e-02,    3.000000e-02,    3.000000e-02,    3.000000e-02,
      1010,    1.584800e+02,   -8.009970e-02,   -1.398138e-02,    6.059744e-03,    3.207677e-02,    3.435565e-01,   -2.082539e-01,   -2.737615e-01,   -1.713256e-01,   -6.979300e-02,   -2.022900e-02,   -2.153100e-03,    2.693700e-02,    3.000000e-02,    3.000000e-02,    3.000000e-02,    3.000000e-02,
      1010,    2.511800e+02,   -5.942301e-02,   -2.815744e-02,   -4.278363e-03,    2.694609e-02,    3.763335e-01,   -1.560188e-01,   -3.353212e-01,   -1.750362e-01,   -4.813300e-02,   -3.283800e-02,   -1.433800e-02,    2.169500e-02,    3.000000e-02,    3.000000e-02,    3.000000e-02,    3.000000e-02,
      1011,    1.000000e+02,    5.684268e-02,    4.469323e-02,   -4.354237e-03,   -2.699497e-02,    5.178773e-01,    2.559244e-02,   -5.123921e-01,   -4.356677e-01,    7.237900e-02,    4.546100e-02,   -1.972600e-02,   -4.006500e-02,    3.000000e-02,    3.000000e-02,    3.000000e-02,    3.000000e-02,
      1011,    1.584800e+02,    4.823220e-02,    3.408076e-02,    3.595958e-03,   -3.003231e-02,    5.420932e-01,    3.427412e-01,    3.011681e-01,   -1.800563e-01,    6.449500e-02,    4.436300e-02,    1.263100e-02,   -3.543400e-02,    3.000000e-02,    3.000000e-02,    3.000000e-02,    3.000000e-02,
      1011,    2.511800e+02,    4.249941e-02,    2.810154e-02,    1.631215e-02,   -3.080537e-02,    3.181531e-01,    5.109154e-01,    2.923616e-01,   -5.145543e-01,    5.204400e-02,    4.342900e-02,    2.508300e-02,   -4.624200e-02,    3.000000e-02,    3.000000e-02,    3.000000e-02,    3.000000e-02,
      1012,    1.000000e+02,    5.786833e-02,    1.406604e-02,   -7.820148e-03,   -8.847445e-03,   -5.000112e-01,   -1.541381e-01,    1.582316e-01,    4.399548e-01,    4.286800e-02,    9.441900e-03,   -3.073200e-03,    4.351200e-03,    3.000000e-02,    3.000000e-02,    3.000000e-02,    3.000000e-02,
      1012,    1.584800e+02,    6.002286e-02,    8.637108e-03,   -6.965498e-03,    2.983124e-05,    3.383712e-01,   -5.430869e-01,   -8.528341e-02,    4.683723e-01,    7.017400e-02,   -7.655500e-03,   -9.524000e-03,    1.408100e-02,    3.000000e-02,    3.000000e-02,    3.000000e-02,    3.000000e-02,
      1012,    2.511800e+02,    6.052413e-02,    7.202834e-03,   -9.558305e-03,    5.951194e-03,    3.885623e-01,    3.353722e-01,   -3.215898e-01,    4.453602e-01,    7.218100e-02,    1.726400e-02,   -1.920600e-02,    1.931200e-02,    3.000000e-02,    3.000000e-02,    3.000000e-02,    3.000000e-02,
      1013,    2.511800e+02,   -4.159472e-02,   -4.888604e-02,   -3.031620e-01,   -2.035889e-01,   -1.184309e+00,   -1.852132e+00,   -2.241600e+00,   -2.435371e+00,   -7.712400e-02,   -1.044500e-01,   -3.704100e-01,   -2.766500e-01,    3.000000e-02,    3.000000e-02,    3.000000e-02,    3.000000e-02,
      1014,    1.000000e+02,   -5.082222e-02,    1.814000e-01,   -1.109737e-01,   -2.350782e-03,    5.964740e-01,    2.889985e-01,    8.254233e-01,   -8.696406e-01,   -3.292800e-02,    1.900700e-01,   -8.621100e-02,   -2.844000e-02,    3.000000e-02,    3.000000e-02,    3.000000e-02,    3.000000e-02,
      1014,    1.584800e+02,   -1.047961e-01,    1.479750e-01,   -9.613678e-02,   -2.050357e-02,    2.303019e-01,    4.141656e-01,    1.152226e+00,   -1.808476e-01,   -9.788700e-02,    1.604000e-01,   -6.157000e-02,   -2.592900e-02,    3.000000e-02,    3.000000e-02,    3.000000e-02,    3.000000e-02,
      1014,    2.511800e+02,   -1.420462e-01,    1.143698e-01,   -7.943675e-02,   -2.857631e-02,   -1.334615e-01,   -4.299494e-02,    1.027225e+00,    7.201205e-01,   -1.460500e-01,    1.130800e-01,   -4.862000e-02,   -6.972700e-03,    3.000000e-02,    3.000000e-02,    3.000000e-02,    3.000000e-02,
      1015,    1.000000e+02,   -5.719635e-02,   -1.621101e-02,   -4.048014e-02,    8.394654e-03,    4.847784e-01,   -3.083665e-01,    1.900046e-01,   -5.782618e-01,   -4.265300e-02,   -2.546200e-02,   -3.478000e-02,   -8.953200e-03,    3.000000e-02,    3.000000e-02,    3.000000e-02,    3.000000e-02,
      1015,    1.584800e+02,   -4.463350e-02,   -2.281774e-02,   -4.168098e-02,    1.691660e-03,    5.262834e-01,   -2.591088e-01,    4.740661e-01,   -2.716420e-01,   -2.884500e-02,   -3.059100e-02,   -2.745900e-02,   -6.457600e-03,    3.000000e-02,    3.000000e-02,    3.000000e-02,    3.000000e-02,
      1015,    2.511800e+02,   -3.313403e-02,   -2.576063e-02,   -3.990488e-02,   -1.983230e-03,    5.345676e-01,   -2.615789e-01,    5.498959e-01,    2.165477e-01,   -1.709700e-02,   -3.360800e-02,   -2.340800e-02,    4.513200e-03,    3.000000e-02,    3.000000e-02,    3.000000e-02,    3.000000e-02,
      1016,    1.000000e+02,   -1.431554e-01,    5.642013e-02,   -1.388765e-02,   -3.259497e-02,    8.285122e-01,    5.954291e-01,    5.054981e-03,    2.239325e-01,   -1.183000e-01,    7.428300e-02,   -1.373600e-02,   -2.587700e-02,    3.000000e-02,    3.000000e-02,    3.000000e-02,    3.000000e-02,
      1016,    1.584800e+02,   -1.483163e-01,    3.018676e-02,    1.456498e-03,   -3.282096e-02,    1.280542e+00,    6.435412e-01,   -2.365166e-01,    4.208655e-01,   -1.099000e-01,    4.949300e-02,   -5.639000e-03,   -2.019500e-02,    3.000000e-02,    3.000000e-02,    3.000000e-02,    3.000000e-02,
      1016,    2.511800e+02,   -1.494950e-01,    1.130746e-02,    1.341179e-02,   -2.874304e-02,    4.224993e-01,   -1.158215e-02,   -5.249316e-02,    4.515346e-01,   -1.368200e-01,    1.096000e-02,    1.183700e-02,   -1.519700e-02,    3.000000e-02,    3.000000e-02,    3.000000e-02,    3.000000e-02,
      1017,    1.000000e+02,    1.504221e-01,   -2.514987e-02,    2.767157e-01,   -4.548282e-02,   -1.944034e-01,   -5.970376e-01,   -5.452493e-02,   -4.877728e-01,    1.445900e-01,   -4.306100e-02,    2.750800e-01,   -6.011600e-02,    3.000000e-02,    3.000000e-02,    3.000000e-02,    3.000000e-02,
      1017,    1.584800e+02,    1.578428e-01,   -1.823327e-02,    2.864816e-01,   -1.715025e-02,   -3.209250e-02,   -3.584245e-01,    3.046120e-01,   -4.240585e-01,    1.568800e-01,   -2.898600e-02,    2.956200e-01,   -2.987200e-02,    3.000000e-02,    3.000000e-02,    3.000000e-02,    3.000000e-02,
      1017,    2.511800e+02,    1.647139e-01,   -9.878071e-03,    2.862988e-01,    9.328583e-03,    1.572023e-01,   -2.456430e-02,    1.967081e-01,   -3.108631e-01,    1.694300e-01,   -1.061500e-02,    2.922000e-01,    2.689400e-06,    3.000000e-02,    3.000000e-02,    3.000000e-02,    3.000000e-02,
      1018,    1.000000e+02,   -1.390338e-02,   -3.151701e-02,   -8.331441e-02,    4.920406e-02,   -5.541872e-01,    2.622336e-01,    1.087547e+00,   -3.054354e-01,   -3.052900e-02,   -2.365000e-02,   -5.068800e-02,    4.004100e-02,    3.000000e-02,    3.000000e-02,    3.000000e-02,    3.000000e-02,
      1018,    1.584800e+02,    2.532200e-03,   -3.788708e-02,   -1.074501e-01,    4.585220e-02,   -6.932400e-01,    3.029695e-01,    1.040203e+00,    6.442650e-02,   -1.826500e-02,   -2.879800e-02,   -7.624400e-02,    4.778500e-02,    3.000000e-02,    3.000000e-02,    3.000000e-02,    3.000000e-02,
      1018,    2.511800e+02,    2.101759e-02,   -3.612540e-02,   -1.299398e-01,    3.018896e-02,   -8.258730e-01,    2.856133e-01,    7.799917e-01,    2.365013e-01,   -3.758600e-03,   -2.755700e-02,   -1.065400e-01,    3.728400e-02,    3.000000e-02,    3.000000e-02,    3.000000e-02,    3.000000e-02,
      1020,    1.000000e+02,   -9.453498e-02,   -1.214205e-02,   -3.577893e-02,    8.764513e-03,    8.291994e-01,    1.005635e+00,    1.491642e-01,   -2.461104e-01,   -6.965900e-02,    1.802700e-02,   -3.130400e-02,    1.381200e-03,    3.000000e-02,    3.000000e-02,    3.000000e-02,    3.000000e-02,
      1020,    1.584800e+02,   -8.010652e-02,   -1.160786e-02,   -3.592864e-02,    4.539062e-03,    2.031839e-01,    1.029229e+00,    1.717882e-01,   -9.319206e-02,   -7.401100e-02,    1.926900e-02,   -3.077500e-02,    1.743300e-03,    3.000000e-02,    3.000000e-02,    3.000000e-02,    3.000000e-02,
      1020,    2.511800e+02,   -7.120025e-02,   -3.467243e-03,   -3.619850e-02,    3.652268e-03,   -1.365915e-01,    6.835081e-01,    1.180833e-01,   -5.435893e-02,   -7.529800e-02,    1.703800e-02,   -3.265600e-02,    2.021500e-03,    3.000000e-02,    3.000000e-02,    3.000000e-02,    3.000000e-02,
      1021,    1.000000e+02,    9.945648e-02,    1.608859e-02,   -3.646972e-02,    1.729073e-02,    4.017841e-01,    3.135714e+00,   -2.432760e-01,    3.638422e-01,    1.115100e-01,    1.101600e-01,   -4.376800e-02,    2.820600e-02,    3.000000e-02,    3.000000e-02,    3.000000e-02,    3.000000e-02,
      1021,    1.584800e+02,    9.490694e-02,    1.507377e-02,   -4.082054e-02,    1.453307e-02,    2.861020e-01,    2.166974e+00,   -7.858215e-02,    4.164977e-01,    1.034900e-01,    8.008300e-02,   -4.317800e-02,    2.702800e-02,    3.000000e-02,    3.000000e-02,    3.000000e-02,    3.000000e-02,
      1021,    2.511800e+02,    9.037662e-02,    1.400424e-02,   -4.436810e-02,    1.259347e-02,    1.417946e-02,    6.161920e-01,    7.077002e-02,    4.190511e-01,    9.080200e-02,    3.249000e-02,   -4.224500e-02,    2.516500e-02,    3.000000e-02,    3.000000e-02,    3.000000e-02,    3.000000e-02,
      1022,    1.000000e+02,   -1.019747e-02,    2.044329e-02,    5.531747e-02,    1.816150e-02,   -2.800844e-01,   -3.119098e-01,    2.591780e-02,   -5.157200e-01,   -1.860000e-02,    1.108600e-02,    5.609500e-02,    2.689900e-03,    3.000000e-02,    3.000000e-02,    3.000000e-02,    3.000000e-02,
      1022,    1.584800e+02,   -1.358125e-03,   -7.410016e-03,    4.579053e-02,    7.793881e-03,   -2.911625e-01,   -3.010661e-01,    3.445491e-01,   -2.944127e-01,   -1.009300e-02,   -1.644200e-02,    5.612700e-02,   -1.038500e-03,    3.000000e-02,    3.000000e-02,    3.000000e-02,    3.000000e-02,
      1022,    2.511800e+02,    1.303840e-02,   -2.036216e-02,    4.623167e-02,   -3.405705e-03,    1.788201e-01,   -4.528946e-01,    2.600778e-01,    7.271351e-02,    1.840300e-02,   -3.394900e-02,    5.403400e-02,   -1.224300e-03,    3.000000e-02,    3.000000e-02,    3.000000e-02,    3.000000e-02,
      1023,    1.000000e+02,    6.278916e-02,   -8.690490e-03,   -9.549723e-02,    4.351301e-02,   -4.923387e-01,   -5.965034e-02,    5.100754e-02,   -6.238002e-01,    4.801900e-02,   -1.048000e-02,   -9.396700e-02,    2.479900e-02,    3.000000e-02,    3.000000e-02,    3.000000e-02,    3.000000e-02,
      1023,    1.584800e+02,    7.123086e-02,   -1.800589e-02,   -1.120685e-01,    3.076475e-02,   -5.211619e-01,   -5.747040e-02,   -1.233839e-01,   -4.894251e-01,    5.559600e-02,   -1.973000e-02,   -1.157700e-01,    1.608200e-02,    3.000000e-02,    3.000000e-02,    3.000000e-02,    3.000000e-02,
      1023,    2.511800e+02,    8.395771e-02,   -1.969182e-02,   -1.195854e-01,    1.613898e-02,   -5.111570e-01,   -4.208726e-01,   -8.951524e-01,   -4.622228e-01,    6.862300e-02,   -3.231800e-02,   -1.464400e-01,    2.272300e-03,    3.000000e-02,    3.000000e-02,    3.000000e-02,    3.000000e-02,
      1024,    1.000000e+02,   -3.599669e-02,    6.310763e-02,    1.330720e-01,   -6.658928e-03,   -7.763102e-01,    3.411122e-01,    1.093934e+00,   -5.909691e-01,   -5.928600e-02,    7.334100e-02,    1.658900e-01,   -2.438800e-02,    3.000000e-02,    3.000000e-02,    3.000000e-02,    3.000000e-02,
      1024,    1.584800e+02,   -5.444930e-02,    5.646777e-02,    1.391306e-01,    9.434486e-04,   -2.950568e-01,    4.057743e-01,    6.393126e-01,   -3.182483e-01,   -6.330100e-02,    6.864100e-02,    1.583100e-01,   -8.604000e-03,    3.000000e-02,    3.000000e-02,    3.000000e-02,    3.000000e-02,
      1024,    2.511800e+02,   -7.125423e-02,    4.814559e-02,    1.406188e-01,    1.405457e-02,   -1.162256e-01,    5.567805e-01,    3.637069e-01,   -7.543824e-01,   -7.474100e-02,    6.484900e-02,    1.515300e-01,   -8.576900e-03,    3.000000e-02,    3.000000e-02,    3.000000e-02,    3.000000e-02,
      1026,    1.000000e+02,    5.226913e-03,   -5.116538e-03,    7.794234e-02,   -2.534875e-02,    9.289696e-01,    3.811613e-01,   -6.699114e-01,    4.954918e-01,    3.309600e-02,    6.318300e-03,    5.784500e-02,   -1.048400e-02,    3.000000e-02,    3.000000e-02,    3.000000e-02,    3.000000e-02,
      1026,    1.584800e+02,    1.214992e-02,   -1.027177e-02,    7.586000e-02,    5.732097e-03,    8.719361e-01,    3.713857e-01,   -7.186681e-02,   -1.004199e-01,    3.830800e-02,    8.698000e-04,    7.370400e-02,    2.719500e-03,    3.000000e-02,    3.000000e-02,    3.000000e-02,    3.000000e-02,
      1026,    2.511800e+02,    1.874296e-02,   -1.343053e-02,    6.026677e-02,    2.221044e-02,    6.114014e-01,    4.928511e-01,   -7.322573e-02,   -6.078133e-02,    3.708500e-02,    1.355000e-03,    5.807000e-02,    2.038700e-02,    3.000000e-02,    3.000000e-02,    3.000000e-02,    3.000000e-02,
      1027,    1.000000e+02,   -5.610388e-02,    9.117450e-02,   -1.071303e-01,    6.379040e-02,    9.577293e-01,    1.270499e-01,   -9.823233e-01,   -1.908135e-01,   -2.737200e-02,    9.498600e-02,   -1.366000e-01,    5.806600e-02,    3.000000e-02,    3.000000e-02,    3.000000e-02,    3.000000e-02,
      1027,    1.584800e+02,   -8.161319e-02,    8.242842e-02,   -1.237924e-01,    3.953452e-02,    5.689397e-01,    2.593528e-01,   -7.462539e-01,   -7.553172e-01,   -6.454500e-02,    9.020900e-02,   -1.461800e-01,    1.687500e-02,    3.000000e-02,    3.000000e-02,    3.000000e-02,    3.000000e-02,
      1027,    2.511800e+02,   -1.058363e-01,    7.522669e-02,   -1.326697e-01,    1.255433e-02,    2.898088e-01,    9.951048e-02,   -1.110106e-01,   -9.859445e-01,   -9.714200e-02,    7.821200e-02,   -1.360000e-01,   -1.702400e-02,    3.000000e-02,    3.000000e-02,    3.000000e-02,    3.000000e-02,
      1028,    1.000000e+02,   -4.231487e-02,    3.641277e-02,   -1.253405e-01,    4.203800e-02,    7.250624e-01,    1.433743e-01,   -4.999843e-01,    3.717001e-01,   -2.056300e-02,    4.071400e-02,   -1.403400e-01,    5.318900e-02,    3.000000e-02,    3.000000e-02,    3.000000e-02,    3.000000e-02,
      1028,    1.584800e+02,   -4.946007e-02,    2.169949e-02,   -1.330010e-01,    2.694790e-02,    4.377358e-01,    4.652505e-01,   -5.109682e-01,    1.133035e-01,   -3.632800e-02,    3.565700e-02,   -1.483300e-01,    3.034700e-02,    3.000000e-02,    3.000000e-02,    3.000000e-02,    3.000000e-02,
      1028,    2.511800e+02,   -5.099558e-02,    1.000642e-02,   -1.365877e-01,    1.365010e-02,   -3.488065e-02,    5.556527e-01,   -1.447429e-01,    8.179658e-02,   -5.204200e-02,    2.667600e-02,   -1.409300e-01,    1.610400e-02,    3.000000e-02,    3.000000e-02,    3.000000e-02,    3.000000e-02,
      1029,    1.000000e+02,   -3.667792e-02,    2.417826e-02,   -1.073771e-02,   -1.344086e-02,   -4.353590e-02,   -1.132242e+00,   -5.072763e-01,   -8.397047e-01,   -3.798400e-02,   -9.789000e-03,   -2.595600e-02,   -3.863200e-02,    3.000000e-02,    3.000000e-02,    3.000000e-02,    3.000000e-02,
      1029,    1.584800e+02,   -4.435760e-02,    1.351352e-02,   -1.117432e-02,   -2.722897e-02,    5.217868e-01,   -6.562640e-01,   -3.798936e-02,   -3.658011e-01,   -2.870400e-02,   -6.174400e-03,   -1.231400e-02,   -3.820300e-02,    3.000000e-02,    3.000000e-02,    3.000000e-02,    3.000000e-02,
      1029,    2.511800e+02,   -4.597837e-02,    9.951081e-04,   -1.510224e-03,   -4.724230e-02,    7.122123e-01,   -5.084027e-02,    1.058575e-01,    3.273433e-01,   -2.461200e-02,   -5.301000e-04,    1.665500e-03,   -3.742200e-02,    3.000000e-02,    3.000000e-02,    3.000000e-02,    3.000000e-02,
      1030,    1.000000e+02,   -9.854113e-02,   -2.270621e-02,    1.225083e-01,    6.901362e-03,    4.902377e-01,    1.538340e+00,   -1.049475e+00,   -1.131921e-01,   -8.383400e-02,    2.344400e-02,    9.102400e-02,    3.505600e-03,    3.000000e-02,    3.000000e-02,    3.000000e-02,    3.000000e-02,
      1030,    1.584800e+02,   -7.660170e-02,   -2.287218e-02,    1.085191e-01,    1.428687e-02,   -1.580432e-01,    1.097206e+00,   -8.329362e-01,   -4.736450e-01,   -8.134300e-02,    1.004400e-02,    8.353100e-02,    7.752300e-05,    3.000000e-02,    3.000000e-02,    3.000000e-02,    3.000000e-02,
      1030,    2.511800e+02,   -6.425099e-02,   -1.138704e-02,    9.722266e-02,    9.236144e-03,   -3.677002e-01,    5.534114e-01,   -5.026555e-01,   -6.462381e-01,   -7.528200e-02,    5.215300e-03,    8.214300e-02,   -1.015100e-02,    3.000000e-02,    3.000000e-02,    3.000000e-02,    3.000000e-02,
      1031,    1.000000e+02,   -4.060971e-02,    2.227779e-02,    3.656651e-02,   -2.226451e-02,    2.344237e-01,    1.830403e-01,   -6.117503e-01,    9.975537e-01,   -3.357700e-02,    2.776900e-02,    1.821400e-02,    7.662100e-03,    3.000000e-02,    3.000000e-02,    3.000000e-02,    3.000000e-02,
      1031,    1.584800e+02,   -4.239170e-02,    9.317452e-03,    4.228752e-02,   -2.113570e-02,    6.855566e-01,    8.981828e-02,   -4.098505e-01,    4.005134e-01,   -2.182500e-02,    1.201200e-02,    2.999200e-02,   -9.120300e-03,    3.000000e-02,    3.000000e-02,    3.000000e-02,    3.000000e-02,
      1031,    2.511800e+02,   -3.821996e-02,    1.272910e-03,    4.767685e-02,   -2.110614e-02,    9.609752e-01,   -2.273903e-01,   -6.172841e-02,   -1.846286e-01,   -9.390700e-03,   -5.548800e-03,    4.582500e-02,   -2.664500e-02,    3.000000e-02,    3.000000e-02,    3.000000e-02,    3.000000e-02,
      1032,    1.000000e+02,    1.655766e-02,    8.888984e-02,    2.240839e-02,   -1.192735e-02,   -1.434922e+00,   -3.722614e-01,    5.506871e-01,   -2.712622e+00,   -2.649000e-02,    7.772200e-02,    3.892900e-02,   -9.330600e-02,    3.000000e-02,    3.000000e-02,    3.000000e-02,    3.000000e-02,
      1032,    1.584800e+02,   -1.241281e-02,    6.842938e-02,    2.603509e-02,   -7.830637e-04,    5.268971e-01,    1.013454e+00,   -1.275536e+00,   -1.707665e+00,    3.394100e-03,    9.883300e-02,   -1.223100e-02,   -5.201300e-02,    3.000000e-02,    3.000000e-02,    3.000000e-02,    3.000000e-02,
      1032,    2.511800e+02,   -3.276610e-02,    4.189189e-02,    2.327244e-02,    7.965378e-03,   -1.596597e+00,   -1.981297e-01,   -1.562415e+00,   -1.227113e+00,   -8.066400e-02,    3.594800e-02,   -2.360000e-02,   -2.884800e-02,    3.000000e-02,    3.000000e-02,    3.000000e-02,    3.000000e-02,
      1033,    1.000000e+02,   -7.715851e-02,   -9.884713e-03,   -7.846533e-02,   -1.236112e-02,    1.231504e-01,   -3.780096e-01,   -4.060558e-01,   -5.399598e-02,   -7.346400e-02,   -2.122500e-02,   -9.064700e-02,   -1.398100e-02,    3.000000e-02,    3.000000e-02,    3.000000e-02,    3.000000e-02,
      1033,    1.584800e+02,   -7.657210e-02,   -3.807479e-03,   -7.302318e-02,   -1.474960e-02,    2.424033e-01,   -3.936402e-02,   -4.035941e-01,   -1.046132e-01,   -6.930000e-02,   -4.988400e-03,   -8.513100e-02,   -1.788800e-02,    3.000000e-02,    3.000000e-02,    3.000000e-02,    3.000000e-02,
      1033,    2.511800e+02,   -7.690738e-02,    8.247986e-04,   -6.818241e-02,   -1.656186e-02,    1.291126e-01,    1.689667e-01,   -1.472195e-01,   -1.832713e-01,   -7.303400e-02,    5.893800e-03,   -7.259900e-02,   -2.206000e-02,    3.000000e-02,    3.000000e-02,    3.000000e-02,    3.000000e-02,
      1034,    1.000000e+02,   -1.094060e-01,   -1.367490e-01,   -1.778154e-01,   -1.284125e-01,   -1.701323e-01,   -9.060340e-01,   -4.444859e-01,   -8.545836e-01,   -1.145100e-01,   -1.639300e-01,   -1.911500e-01,   -1.540500e-01,    3.000000e-02,    3.000000e-02,    3.000000e-02,    3.000000e-02,
      1034,    1.584800e+02,   -5.494608e-02,   -1.266648e-01,   -1.146377e-01,   -1.470607e-01,    3.874359e-01,   -7.368415e-01,   -1.617449e-01,   -1.006644e+00,   -4.332300e-02,   -1.487700e-01,   -1.194900e-01,   -1.772600e-01,    3.000000e-02,    3.000000e-02,    3.000000e-02,    3.000000e-02,
      1034,    2.511800e+02,   -1.314998e-02,   -1.074941e-01,   -5.328364e-02,   -1.448955e-01,    8.260662e-01,   -2.241954e-01,    3.512134e-02,   -8.634840e-01,    1.163200e-02,   -1.142200e-01,   -5.223000e-02,   -1.708000e-01,    3.000000e-02,    3.000000e-02,    3.000000e-02,    3.000000e-02,
      1035,    1.000000e+02,   -6.383885e-02,   -2.224340e-02,    1.578852e-01,    6.303917e-02,    6.646282e-01,    1.682799e-01,    5.071608e-01,   -1.543772e+00,   -4.390000e-02,   -1.719500e-02,    1.731000e-01,    1.672600e-02,    3.000000e-02,    3.000000e-02,    3.000000e-02,    3.000000e-02,
      1035,    1.584800e+02,   -5.197933e-02,   -3.613295e-02,    1.240367e-01,    7.996396e-02,    6.200110e-01,   -4.486821e-02,    1.394109e+00,   -6.519319e-01,   -3.337900e-02,   -3.747900e-02,    1.658600e-01,    6.040600e-02,    3.000000e-02,    3.000000e-02,    3.000000e-02,    3.000000e-02,
      1036,    1.000000e+02,   -8.988522e-02,    1.459226e-01,    1.895760e-01,    2.400258e-02,   -5.836159e+00,    1.946248e+00,    4.508014e-01,    6.174472e-01,   -2.649700e-01,    2.043100e-01,    2.031000e-01,    4.252600e-02,    3.000000e-02,    3.000000e-02,    3.000000e-02,    3.000000e-02,
      1036,    1.584800e+02,   -1.179711e-01,    9.375650e-02,    1.784403e-01,    3.391436e-02,   -2.537297e+00,    3.781166e-01,    1.313322e+00,    4.851881e-01,   -1.940900e-01,    1.051000e-01,    2.178400e-01,    4.847000e-02,    3.000000e-02,    3.000000e-02,    3.000000e-02,    3.000000e-02,
      1036,    2.511800e+02,   -1.231095e-01,    6.147626e-02,    1.625132e-01,    4.018252e-02,    5.816484e-01,   -4.532754e-01,    2.078893e+00,    1.136216e+00,   -1.056600e-01,    4.787800e-02,    2.248800e-01,    7.426900e-02,    3.000000e-02,    3.000000e-02,    3.000000e-02,    3.000000e-02,
      1037,    1.000000e+02,   -5.123567e-02,    3.823035e-02,   -2.709508e-01,   -8.819809e-02,    6.391222e-01,   -2.382712e+00,    1.435695e+00,   -3.279730e+00,   -3.206200e-02,   -3.325100e-02,   -2.278800e-01,   -1.865900e-01,    3.000000e-02,    3.000000e-02,    3.000000e-02,    3.000000e-02,
      1037,    1.584800e+02,   -4.650528e-02,    1.399342e-02,   -2.112667e-01,   -1.045295e-01,    1.507199e+00,   -1.286714e+00,    1.184890e+00,   -4.736839e-01,   -1.289300e-03,   -2.460800e-02,   -1.757200e-01,   -1.187400e-01,    3.000000e-02,    3.000000e-02,    3.000000e-02,    3.000000e-02,
      1037,    2.511800e+02,   -3.503836e-02,    5.074859e-03,   -1.620890e-01,   -8.594326e-02,    1.857912e+00,   -2.003528e-02,    3.122987e-01,    8.158088e-01,    2.069900e-02,    4.473800e-03,   -1.527200e-01,   -6.146900e-02,    3.000000e-02,    3.000000e-02,    3.000000e-02,    3.000000e-02,
      1039,    1.000000e+02,    1.004474e-01,    7.726701e-02,    4.165493e-02,    1.448352e-01,   -3.879119e-01,    1.467330e-01,    4.947023e-01,   -9.050825e-02,    8.881000e-02,    8.166900e-02,    5.649600e-02,    1.421200e-01,    3.000000e-02,    3.000000e-02,    3.000000e-02,    3.000000e-02,
      1039,    1.584800e+02,    7.430810e-02,    8.432820e-02,    1.092636e-02,    1.072878e-01,   -3.132032e-01,   -7.970674e-02,    2.252880e-01,    1.094056e-01,    6.491200e-02,    8.193700e-02,    1.768500e-02,    1.105700e-01,    3.000000e-02,    3.000000e-02,    3.000000e-02,    3.000000e-02,
      1039,    2.511800e+02,    4.366855e-02,    8.796204e-02,   -8.861536e-03,    8.250238e-02,   -2.832182e-01,   -1.790140e-02,    1.404145e-01,    6.178722e-02,    3.517200e-02,    8.742500e-02,   -4.649100e-03,    8.435600e-02,    3.000000e-02,    3.000000e-02,    3.000000e-02,    3.000000e-02,
      1040,    1.000000e+02,   -7.324103e-02,    4.652395e-02,    8.537392e-02,   -1.519310e-01,   -3.487323e-01,    9.934351e-01,    4.125028e-01,    5.836755e-02,   -8.370300e-02,    7.632700e-02,    9.774900e-02,   -1.501800e-01,    3.000000e-02,    3.000000e-02,    3.000000e-02,    3.000000e-02,
      1040,    1.584800e+02,   -8.674349e-02,    4.839393e-02,    1.225027e-01,   -1.050711e-01,   -3.033838e-01,    1.457102e+00,    2.922424e-01,    1.736861e-02,   -9.584500e-02,    9.210700e-02,    1.312700e-01,   -1.045500e-01,    3.000000e-02,    3.000000e-02,    3.000000e-02,    3.000000e-02,
      1040,    2.511800e+02,   -1.032572e-01,    4.688372e-02,    1.324125e-01,   -7.163675e-02,   -2.647607e-01,    2.473209e+00,    2.602508e-01,    4.819160e-02,   -1.112000e-01,    1.210800e-01,    1.402200e-01,   -7.019100e-02,    3.000000e-02,    3.000000e-02,    3.000000e-02,    3.000000e-02,
      1041,    2.511800e+02,    6.990464e-02,   -1.883081e-02,    1.859663e-01,   -3.284015e-02,    1.837845e+00,    1.564937e-01,    1.785458e+00,    2.261384e-01,    1.250400e-01,   -1.413600e-02,    2.395300e-01,   -2.605600e-02,    3.000000e-02,    3.000000e-02,    3.000000e-02,    3.000000e-02,
      1042,    1.000000e+02,    2.044296e-02,    2.477480e-02,   -1.099551e-02,   -7.537353e-03,   -9.081986e-01,   -2.278266e-01,    4.382370e-01,    1.160818e-01,   -6.803000e-03,    1.794000e-02,    2.151600e-03,   -4.054900e-03,    3.000000e-02,    3.000000e-02,    3.000000e-02,    3.000000e-02,
      1042,    1.584800e+02,    6.846392e-03,    3.045398e-02,   -4.776065e-03,   -1.878436e-02,   -5.134131e-01,   -5.763326e-01,    4.148122e-01,    7.987859e-02,   -8.556000e-03,    1.316400e-02,    7.668300e-03,   -1.638800e-02,    3.000000e-02,    3.000000e-02,    3.000000e-02,    3.000000e-02,
      1042,    2.511800e+02,   -8.264346e-03,    2.625183e-02,    8.995751e-03,   -2.334570e-02,   -5.928846e-02,   -5.802643e-01,    3.035416e-01,   -4.334335e-02,   -1.004300e-02,    8.843900e-03,    1.810200e-02,   -2.464600e-02,    3.000000e-02,    3.000000e-02,    3.000000e-02,    3.000000e-02,
      1043,    1.000000e+02,    1.542581e-01,   -1.693655e-02,    6.483443e-02,   -4.930880e-02,    2.403957e-01,    1.161518e-01,    3.172523e-01,   -5.036401e-01,    1.614700e-01,   -1.345200e-02,    7.435200e-02,   -6.441800e-02,    3.000000e-02,    3.000000e-02,    3.000000e-02,    3.000000e-02,
      1043,    1.584800e+02,    1.548027e-01,    1.380940e-02,    8.077090e-02,   -3.026682e-02,    9.557803e-02,    2.456867e-01,    5.499700e-01,   -6.557264e-02,    1.576700e-01,    2.118000e-02,    9.727000e-02,   -3.223400e-02,    3.000000e-02,    3.000000e-02,    3.000000e-02,    3.000000e-02,
      1043,    2.511800e+02,    1.408239e-01,    4.128807e-02,    8.548875e-02,   -9.690171e-03,    6.686841e-02,    1.529643e-01,    4.425415e-01,    2.630190e-01,    1.428300e-01,    4.587700e-02,    9.876500e-02,   -1.799600e-03,    3.000000e-02,    3.000000e-02,    3.000000e-02,    3.000000e-02,
      1044,    1.000000e+02,   -7.032592e-02,    9.317506e-02,    3.407097e-02,    3.842522e-02,   -1.242136e+00,    2.574981e-01,   -8.274922e-01,    7.349261e-01,   -1.075900e-01,    1.009000e-01,    9.246200e-03,    6.047300e-02,    3.000000e-02,    3.000000e-02,    3.000000e-02,    3.000000e-02,
      1044,    1.584800e+02,   -8.761766e-02,    7.064153e-02,    2.149767e-02,    4.733271e-02,   -1.913745e+00,   -2.566510e-01,   -1.001789e+00,    1.179576e+00,   -1.450300e-01,    6.294200e-02,   -8.556000e-03,    8.272000e-02,    3.000000e-02,    3.000000e-02,    3.000000e-02,    3.000000e-02,
      1044,    2.511800e+02,   -9.769325e-02,    5.810399e-02,    3.248831e-03,    5.410992e-02,   -1.628558e+00,   -2.584329e-01,   -5.575944e-01,    1.048369e+00,   -1.465500e-01,    5.035100e-02,   -1.347900e-02,    8.556100e-02,    3.000000e-02,    3.000000e-02,    3.000000e-02,    3.000000e-02,
      1045,    1.000000e+02,   -5.096889e-03,    8.292324e-02,   -3.319440e-01,    5.404230e-02,    2.241063e+00,   -2.153413e-01,    5.799286e-03,    4.806900e-01,    6.213500e-02,    7.646300e-02,   -3.317700e-01,    6.846300e-02,    3.000000e-02,    3.000000e-02,    3.000000e-02,    3.000000e-02,
      1045,    1.584800e+02,   -2.860910e-02,    7.751585e-02,   -3.397023e-01,    1.035445e-02,    2.031770e+00,   -1.516181e-02,   -6.492386e-02,    7.303850e-01,    3.234400e-02,    7.706100e-02,   -3.416500e-01,    3.226600e-02,    3.000000e-02,    3.000000e-02,    3.000000e-02,    3.000000e-02,
      1045,    2.511800e+02,   -5.281084e-02,    7.284486e-02,   -3.302316e-01,   -3.046337e-02,    1.406428e+00,   -2.318286e-01,   -1.126125e-01,    8.914356e-01,   -1.061800e-02,    6.589000e-02,   -3.336100e-01,   -3.720300e-03,    3.000000e-02,    3.000000e-02,    3.000000e-02,    3.000000e-02,
      1046,    1.000000e+02,   -1.617453e-02,   -5.778069e-02,   -7.885997e-02,    7.562348e-02,   -1.262489e-01,    7.570563e-01,    7.819884e-02,   -1.673160e-01,   -1.996200e-02,   -3.506900e-02,   -7.651400e-02,    7.060400e-02,    3.000000e-02,    3.000000e-02,    3.000000e-02,    3.000000e-02,
      1046,    1.584800e+02,    5.347117e-03,   -3.771771e-02,   -9.887474e-02,    5.401423e-02,   -3.219139e-01,    4.221238e-01,    5.099148e-02,   -1.229742e-01,   -4.310300e-03,   -2.505400e-02,   -9.734500e-02,    5.032500e-02,    3.000000e-02,    3.000000e-02,    3.000000e-02,    3.000000e-02,
      1046,    2.511800e+02,    8.196660e-03,   -1.688005e-02,   -1.058038e-01,    3.367656e-02,   -1.947653e-01,    1.472016e-01,   -1.872530e-03,   -1.224853e-01,    2.353700e-03,   -1.246400e-02,   -1.058600e-01,    3.000200e-02,    3.000000e-02,    3.000000e-02,    3.000000e-02,    3.000000e-02,
