MT,
     StaID,        Freq[Hz],     Re(Zxx)_Cal,     Im(Zxx)_Cal,     Re(Zxy)_Cal,     Im(Zxy)_Cal,     Re(Zyx)_Cal,     Im(Zyx)_Cal,     Re(Zyy)_Cal,     Im(Zyy)_Cal,     Re(Zxx)_Res,     Im(Zxx)_Res,     Re(Zxy)_Res,     Im(Zxy)_Res,     Re(Zyx)_Res,     Im(Zyx)_Res,     Re(Zyy)_Res,     Im(Zyy)_Res,     Re(Zxx)_Obs,     Im(Zxx)_Obs,     Re(Zxy)_Obs,     Im(Zxy)_Obs,     Re(Zyx)_Obs,     Im(Zyx)_Obs,     Re(Zyy)_Obs,     Im(Zyy)_Obs,      Re(Zxx)_SD,      Im(Zxx)_SD,      Re(Zxy)_SD,      Im(Zxy)_SD,      Re(Zyx)_SD,      Im(Zyx)_SD,      Re(Zyy)_SD,      Im(Zyy)_SD,
         1,    1.000000e+02,   -2.182684e-02,    5.708784e-03,    9.556685e-02,   -1.031020e-01,   -1.485629e-01,    1.212998e-01,    5.454534e-02,   -3.952382e-02,    9.183422e-01,    7.307226e-01,    1.600496e-01,    2.548105e-01,   -1.433841e+00,   -2.258617e-01,    1.134444e+00,    2.100420e-01,   -1.479500e-02,    1.130400e-02,    9.690600e-02,   -1.009700e-01,   -1.605600e-01,    1.194100e-01,    7.666700e-02,   -3.542800e-02,    7.657100e-03,    7.657100e-03,    8.367100e-03,    8.367100e-03,    8.367100e-03,    8.367100e-03,    1.950000e-02,    1.950000e-02,
         1,    1.584800e+02,   -2.357262e-02,    4.508244e-03,    1.217721e-01,   -1.349307e-01,   -1.787185e-01,    1.560155e-01,    6.498377e-02,   -4.705790e-02,    4.265933e-01,    1.172337e+00,    3.505015e-01,   -2.266359e-01,   -1.892434e+00,   -3.012416e-01,    1.036629e+00,    4.808491e-01,   -1.917700e-02,    1.658800e-02,    1.255600e-01,   -1.373800e-01,   -1.991700e-01,    1.527600e-01,    8.913100e-02,   -3.585700e-02,    1.030400e-02,    1.030400e-02,    1.080700e-02,    1.080700e-02,    1.080700e-02,    1.080700e-02,    2.329400e-02,    2.329400e-02,
         1,    2.511800e+02,   -2.418538e-02,    3.573509e-03,    1.557658e-01,   -1.744661e-01,   -2.178452e-01,    1.999098e-01,    7.600290e-02,   -5.725141e-02,    1.178432e-01,    1.274360e+00,    2.619819e-01,   -2.522694e-01,   -1.269183e+00,   -8.118250e-01,    7.606318e-01,    1.036668e+00,   -2.268700e-02,    1.977700e-02,    1.592800e-01,   -1.778500e-01,   -2.348700e-01,    1.890200e-01,    9.586300e-02,   -3.018400e-02,    1.271500e-02,    1.271500e-02,    1.341400e-02,    1.341400e-02,    1.341400e-02,    1.341400e-02,    2.611000e-02,    2.611000e-02,
         1,    3.981000e+02,   -2.410142e-02,    3.483919e-03,    1.987880e-01,   -2.242676e-01,   -2.667057e-01,    2.550372e-01,    8.875012e-02,   -7.189121e-02,   -2.344875e-01,    1.093629e+00,    2.917678e-01,   -3.030996e-01,   -8.662734e-01,   -1.046792e+00,    5.215023e-01,    1.502133e+00,   -2.771300e-02,    2.032800e-02,    2.036900e-01,   -2.293600e-01,   -2.812600e-01,    2.374500e-01,    1.043300e-01,   -2.701500e-02,    1.540200e-02,    1.540200e-02,    1.680100e-02,    1.680100e-02,    1.680100e-02,    1.680100e-02,    2.987500e-02,    2.987500e-02,
         1,    6.309500e+02,   -2.375091e-02,    4.605245e-03,    2.524085e-01,   -2.881958e-01,   -3.259098e-01,    3.265602e-01,    1.046584e-01,   -9.239589e-02,   -5.219507e-01,    8.850554e-01,    7.015188e-01,   -4.264954e-01,   -9.162455e-01,   -1.294815e+00,   -6.710757e-02,    2.059859e+00,   -3.363300e-02,    2.136200e-02,    2.674000e-01,   -2.973100e-01,   -3.454900e-01,    2.988900e-01,    1.024500e-01,   -2.460800e-02,    1.893300e-02,    1.893300e-02,    2.137000e-02,    2.137000e-02,    2.137000e-02,    2.137000e-02,    3.290900e-02,    3.290900e-02,
         1,    1.000000e+03,   -2.358561e-02,    7.168348e-03,    3.188652e-01,   -3.718610e-01,   -3.981459e-01,    4.227540e-01,    1.249318e-01,   -1.201093e-01,   -6.305137e-01,    8.820922e-01,    1.260626e+00,   -1.146169e-01,   -1.807576e+00,   -1.841532e+00,   -6.235102e-01,    2.362655e+00,   -3.836800e-02,    2.784900e-02,    3.533900e-01,   -3.750000e-01,   -4.476500e-01,    3.723200e-01,    1.016400e-01,   -3.185000e-02,    2.344500e-02,    2.344500e-02,    2.738700e-02,    2.738700e-02,    2.738700e-02,    2.738700e-02,    3.735600e-02,    3.735600e-02,
         2,    1.000000e+02,   -1.809566e-03,    1.809783e-04,    1.322221e-01,   -1.402240e-01,   -1.092845e-01,    1.285318e-01,   -1.269027e-02,    1.103218e-02,   -2.940328e-01,    1.558312e-02,    4.793583e-02,    4.518843e-01,   -3.915596e-01,   -4.998147e-01,   -5.436198e-01,   -1.342874e-01,   -2.835300e-03,    2.353400e-04,    1.326500e-01,   -1.361900e-01,   -1.127800e-01,    1.240700e-01,   -1.741400e-02,    9.865300e-03,    3.488500e-03,    3.488500e-03,    8.927000e-03,    8.927000e-03,    8.927000e-03,    8.927000e-03,    8.689400e-03,    8.689400e-03,
         2,    1.584800e+02,    1.219176e-04,    3.435415e-03,    1.668666e-01,   -1.771466e-01,   -1.412120e-01,    1.654511e-01,   -1.642149e-02,    1.019504e-02,   -7.277302e-01,   -5.569628e-01,   -4.463282e-01,    1.916179e-01,   -2.547163e-02,   -3.662383e-01,   -6.709216e-01,   -4.066658e-01,   -2.827500e-03,    1.178100e-03,    1.618200e-01,   -1.749800e-01,   -1.415000e-01,    1.613100e-01,   -2.370300e-02,    5.781500e-03,    4.052900e-03,    4.052900e-03,    1.130700e-02,    1.130700e-02,    1.130700e-02,    1.130700e-02,    1.085300e-02,    1.085300e-02,
         2,    2.511800e+02,   -2.220658e-04,    9.693769e-03,    2.089312e-01,   -2.262113e-01,   -1.814157e-01,    2.129409e-01,   -1.807373e-02,    8.814754e-03,   -4.863097e-01,   -1.134611e+00,   -6.831332e-01,    3.796406e-01,    7.059855e-01,   -1.908920e-01,   -7.223717e-01,   -7.985908e-01,   -2.893900e-03,    3.460100e-03,    1.992300e-01,   -2.208200e-01,   -1.713900e-01,    2.102300e-01,   -2.742700e-02,   -1.525400e-03,    5.494100e-03,    5.494100e-03,    1.420100e-02,    1.420100e-02,    1.420100e-02,    1.420100e-02,    1.294800e-02,    1.294800e-02,
         2,    3.981000e+02,   -4.609433e-03,    1.624075e-02,    2.629222e-01,   -2.915694e-01,   -2.322607e-01,    2.744979e-01,   -1.698845e-02,    9.472320e-03,    1.480794e-01,   -5.881550e-01,   -9.354290e-01,    4.491115e-01,    1.161301e+00,    1.989995e-01,   -6.408402e-01,   -1.416105e+00,   -3.180200e-03,    1.056400e-02,    2.459900e-01,   -2.834400e-01,   -2.112400e-01,    2.781000e-01,   -2.671000e-02,   -1.201000e-02,    9.651800e-03,    9.651800e-03,    1.810100e-02,    1.810100e-02,    1.810100e-02,    1.810100e-02,    1.517000e-02,    1.517000e-02,
         2,    6.309500e+02,   -1.111583e-02,    2.077143e-02,    3.324263e-01,   -3.761364e-01,   -2.961972e-01,    3.550636e-01,   -1.501373e-02,    1.481131e-02,    1.626790e-01,   -3.923321e-01,   -1.001688e+00,   -1.650998e-01,    9.117120e-01,    9.133543e-01,   -4.658789e-01,   -2.054975e+00,   -8.846300e-03,    1.529800e-02,    3.085000e-01,   -3.800800e-01,   -2.744200e-01,    3.768800e-01,   -2.376200e-02,   -2.377700e-02,    1.395100e-02,    1.395100e-02,    2.388600e-02,    2.388600e-02,    2.388600e-02,    2.388600e-02,    1.877800e-02,    1.877800e-02,
         2,    1.000000e+03,   -1.739913e-02,    2.443989e-02,    4.192514e-01,   -4.860287e-01,   -3.768288e-01,    4.617425e-01,   -1.457445e-02,    2.509486e-02,   -5.499126e-01,    6.996901e-01,   -6.326069e-01,   -7.626806e-01,    2.194677e-01,    1.567102e+00,   -1.987750e-01,   -2.564828e+00,   -3.300400e-02,    4.429500e-02,    3.990200e-01,   -5.104200e-01,   -3.698100e-01,    5.118600e-01,   -1.948300e-02,   -3.824100e-02,    2.837700e-02,    2.837700e-02,    3.198100e-02,    3.198100e-02,    3.198100e-02,    3.198100e-02,    2.469400e-02,    2.469400e-02,
         3,    1.000000e+02,    1.626709e-02,   -1.671604e-02,    1.383648e-01,   -1.318005e-01,   -1.044552e-01,    1.247501e-01,   -3.314594e-02,    2.600637e-02,   -1.804689e+00,   -3.684691e-01,   -5.838709e-01,   -2.053447e+00,    8.331591e-01,   -2.064848e-01,   -1.379333e+00,    4.650085e-01,   -9.925900e-04,   -2.024000e-02,    1.331900e-01,   -1.500000e-01,   -9.707100e-02,    1.229200e-01,   -5.369800e-02,    3.293500e-02,    9.563800e-03,    9.563800e-03,    8.862900e-03,    8.862900e-03,    8.862900e-03,    8.862900e-03,    1.490000e-02,    1.490000e-02,
         3,    1.584800e+02,    2.220634e-02,   -1.760141e-02,    1.703196e-01,   -1.642580e-01,   -1.355411e-01,    1.602877e-01,   -3.985425e-02,    2.997302e-02,   -1.193665e+00,   -1.066114e+00,    1.027997e-01,   -1.010981e+00,    5.458124e-01,    1.862430e-01,   -1.490868e+00,   -1.430754e-01,    6.217200e-03,   -3.188200e-02,    1.714800e-01,   -1.756700e-01,   -1.293800e-01,    1.623900e-01,   -6.732200e-02,    2.733700e-02,    1.339500e-02,    1.339500e-02,    1.128800e-02,    1.128800e-02,    1.128800e-02,    1.128800e-02,    1.842400e-02,    1.842400e-02,
         3,    2.511800e+02,    2.691441e-02,   -1.736924e-02,    2.085220e-01,   -2.082864e-01,   -1.753790e-01,    2.057037e-01,   -4.644561e-02,    3.565773e-02,   -6.059853e-01,   -1.275167e+00,   -2.002582e-01,   -1.540842e-01,    7.049594e-01,    3.636430e-01,   -1.276893e+00,   -8.063756e-01,    1.678900e-02,   -3.867600e-02,    2.057100e-01,   -2.104500e-01,   -1.654800e-01,    2.108100e-01,   -7.378900e-02,    1.839000e-02,    1.670900e-02,    1.670900e-02,    1.404200e-02,    1.404200e-02,    1.404200e-02,    1.404200e-02,    2.141400e-02,    2.141400e-02,
         3,    3.981000e+02,    2.966453e-02,   -1.842042e-02,    2.567201e-01,   -2.682120e-01,   -2.258928e-01,    2.635232e-01,   -5.358464e-02,    4.478459e-02,    8.974078e-02,   -1.102556e+00,   -4.582393e-01,    4.668656e-01,    6.270376e-01,    3.535764e-01,   -8.881203e-01,   -1.440402e+00,    3.150000e-02,   -4.097100e-02,    2.486500e-01,   -2.599900e-01,   -2.148500e-01,    2.697500e-01,   -7.511800e-02,    9.860600e-03,    2.045300e-02,    2.045300e-02,    1.761100e-02,    1.761100e-02,    1.761100e-02,    1.761100e-02,    2.424600e-02,    2.424600e-02,
         3,    6.309500e+02,    3.193337e-02,   -2.274963e-02,    3.192734e-01,   -3.479798e-01,   -2.888948e-01,    3.380080e-01,   -6.302889e-02,    5.866029e-02,    4.393683e-01,   -9.176328e-01,   -8.210574e-01,    6.196750e-01,    1.337687e-01,    3.637964e-01,   -4.204340e-01,   -1.951803e+00,    4.301600e-02,   -4.589600e-02,    3.008300e-01,   -3.340600e-01,   -2.858900e-01,    3.461800e-01,   -7.458200e-02,    5.026700e-03,    2.522400e-02,    2.522400e-02,    2.246300e-02,    2.246300e-02,    2.246300e-02,    2.246300e-02,    2.747900e-02,    2.747900e-02,
         3,    1.000000e+03,    3.562492e-02,   -3.073156e-02,    3.998576e-01,   -4.525637e-01,   -3.671767e-01,    4.358425e-01,   -7.651491e-02,    7.754650e-02,    5.280581e-01,   -1.787617e-01,   -1.143461e+00,    4.605003e-01,   -5.997355e-01,    4.651038e-01,    2.012517e-01,   -2.484665e+00,    5.053200e-02,   -3.577800e-02,    3.666000e-01,   -4.391700e-01,   -3.846200e-01,    4.493700e-01,   -7.035600e-02,    1.508300e-03,    2.823000e-02,    2.823000e-02,    2.908500e-02,    2.908500e-02,    2.908500e-02,    2.908500e-02,    3.060300e-02,    3.060300e-02,
         4,    1.000000e+02,   -1.962599e-02,    1.968982e-02,    1.435023e-01,   -1.986680e-01,   -1.853400e-01,    2.383806e-01,    9.909620e-03,   -4.245017e-02,    3.615464e-01,   -4.230151e-01,    5.252887e-02,   -2.614344e-01,    1.365054e+00,    1.164950e-01,    1.142616e-01,   -4.810489e-01,   -1.564500e-02,    1.503200e-02,    1.442100e-01,   -2.021900e-01,   -1.669500e-01,    2.399500e-01,    1.203900e-02,   -5.141500e-02,    1.101100e-02,    1.101100e-02,    1.347200e-02,    1.347200e-02,    1.347200e-02,    1.347200e-02,    1.863600e-02,    1.863600e-02,
         4,    1.584800e+02,   -2.417510e-02,    2.506944e-02,    1.870448e-01,   -2.728199e-01,   -2.424844e-01,    3.132538e-01,    2.272579e-02,   -5.436012e-02,    3.278428e-01,    6.284608e-02,   -6.534029e-02,   -1.036834e-01,    1.024894e+00,    7.740688e-01,    2.617814e-01,   -4.933598e-01,   -1.908600e-02,    2.604500e-02,    1.858600e-01,   -2.747000e-01,   -2.239000e-01,    3.272900e-01,    2.941300e-02,   -6.696300e-02,    1.552300e-02,    1.552300e-02,    1.813300e-02,    1.813300e-02,    1.813300e-02,    1.813300e-02,    2.554500e-02,    2.554500e-02,
         4,    2.511800e+02,   -3.179485e-02,    3.224753e-02,    2.521932e-01,   -3.703700e-01,   -3.203018e-01,    4.114254e-01,    3.928121e-02,   -6.775066e-02,    1.427243e-01,    5.020495e-01,   -5.514549e-01,    1.324163e-01,    8.228922e-01,    8.733966e-01,    4.112732e-01,   -4.197193e-01,   -2.855900e-02,    4.363000e-02,    2.389500e-01,   -3.671900e-01,   -3.005400e-01,    4.324000e-01,    5.328300e-02,   -8.204000e-02,    2.267200e-02,    2.267200e-02,    2.401500e-02,    2.401500e-02,    2.401500e-02,    2.401500e-02,    3.404500e-02,    3.404500e-02,
         4,    3.981000e+02,   -4.280709e-02,    3.910992e-02,    3.447001e-01,   -4.932927e-01,   -4.275225e-01,    5.346836e-01,    6.052612e-02,   -8.231011e-02,    2.602914e-01,    9.050256e-01,   -9.929626e-01,   -1.444719e-01,    3.695303e-01,    1.154463e+00,    5.847733e-01,   -1.853603e-01,   -3.454700e-02,    6.783000e-02,    3.126900e-01,   -4.979500e-01,   -4.156100e-01,    5.719000e-01,    8.663800e-02,   -9.058700e-02,    3.173400e-02,    3.173400e-02,    3.223700e-02,    3.223700e-02,    3.223700e-02,    3.223700e-02,    4.465300e-02,    4.465300e-02,
         4,    6.309500e+02,   -5.578629e-02,    4.474683e-02,    4.693565e-01,   -6.463242e-01,   -5.682114e-01,    6.836412e-01,    8.709696e-02,   -9.704516e-02,   -9.830254e-02,    9.820767e-01,   -1.448004e+00,   -4.685722e-01,   -2.005649e-02,    8.264706e-01,    5.793544e-01,    8.010891e-02,   -6.002500e-02,    8.709300e-02,    4.080900e-01,   -6.661500e-01,   -5.690600e-01,    7.186100e-01,    1.194400e-01,   -9.257300e-02,    4.311900e-02,    4.311900e-02,    4.231100e-02,    4.231100e-02,    4.231100e-02,    4.231100e-02,    5.582600e-02,    5.582600e-02,
         4,    1.000000e+03,   -6.973649e-02,    4.960130e-02,    6.315737e-01,   -8.368835e-01,   -7.431143e-01,    8.653034e-01,    1.182598e-01,   -1.101890e-01,   -2.189755e-01,   -2.715295e+00,   -1.345601e+00,   -7.109705e-01,    5.266548e-01,    5.041218e-01,    3.742223e-01,    4.765262e-01,   -8.173700e-02,   -9.920500e-02,    5.582600e-01,   -8.756200e-01,   -7.144200e-01,    8.927700e-01,    1.425000e-01,   -7.932200e-02,    5.480300e-02,    5.480300e-02,    5.448400e-02,    5.448400e-02,    5.448400e-02,    5.448400e-02,    6.477500e-02,    6.477500e-02,
         5,    1.000000e+02,    1.714224e-02,   -1.659933e-03,    1.237764e-01,   -1.273263e-01,   -9.338495e-02,    1.004523e-01,   -8.556514e-03,    1.421878e-03,    9.070915e-01,    1.828785e-01,   -7.344480e-01,    5.702469e-01,   -1.759797e-02,    1.625738e-01,    1.899215e-02,    5.898849e-01,    2.624400e-02,    1.750700e-04,    1.181400e-01,   -1.229500e-01,   -9.352000e-02,    1.017000e-01,   -8.452500e-03,    4.652500e-03,    1.003400e-02,    1.003400e-02,    7.674400e-03,    7.674400e-03,    7.674400e-03,    7.674400e-03,    5.476700e-03,    5.476700e-03,
         5,    1.584800e+02,    1.549192e-02,    2.872357e-03,    1.571204e-01,   -1.623954e-01,   -1.204955e-01,    1.282293e-01,   -8.787683e-03,   -1.730672e-03,    8.177444e-01,    5.060559e-01,   -6.621027e-01,   -6.064715e-02,   -2.442075e-01,    2.127279e-01,   -2.679509e-01,    6.539418e-01,    2.486900e-02,    8.675300e-03,    1.505200e-01,   -1.630000e-01,   -1.229300e-01,    1.303500e-01,   -1.056200e-02,    2.599600e-03,    1.146700e-02,    1.146700e-02,    9.968900e-03,    9.968900e-03,    9.968900e-03,    9.968900e-03,    6.621800e-03,    6.621800e-03,
         5,    2.511800e+02,    1.305023e-02,    5.294784e-03,    1.982248e-01,   -2.052366e-01,   -1.526832e-01,    1.623513e-01,   -7.567336e-03,   -4.406569e-03,    4.345937e-01,    1.074552e+00,   -3.254462e-01,   -3.119588e-01,   -3.578719e-01,    2.744403e-02,   -5.114415e-01,    5.439667e-01,    1.877600e-02,    1.945200e-02,    1.940900e-01,   -2.092000e-01,   -1.572300e-01,    1.627000e-01,   -1.147700e-02,   -2.482700e-04,    1.317500e-02,    1.317500e-02,    1.270500e-02,    1.270500e-02,    1.270500e-02,    1.270500e-02,    7.644400e-03,    7.644400e-03,
         5,    3.981000e+02,    1.083065e-02,    7.231635e-03,    2.474133e-01,   -2.604753e-01,   -1.918582e-01,    2.067644e-01,   -5.660468e-03,   -6.720328e-03,   -2.364415e-01,    1.483149e+00,    8.123284e-02,    7.222843e-03,   -4.893714e-01,   -3.824112e-01,   -5.754996e-01,    3.293815e-01,    7.033400e-03,    3.105100e-02,    2.487100e-01,   -2.603600e-01,   -1.996700e-01,    2.006600e-01,   -1.053000e-02,   -3.933300e-03,    1.606000e-02,    1.606000e-02,    1.596300e-02,    1.596300e-02,    1.596300e-02,    1.596300e-02,    8.461400e-03,    8.461400e-03,
         5,    6.309500e+02,    7.786071e-03,    9.310493e-03,    3.084309e-01,   -3.346639e-01,   -2.405326e-01,    2.653249e-01,   -2.936967e-03,   -8.788310e-03,   -6.542109e-01,    1.500807e+00,    7.047016e-01,    3.003230e-01,   -7.139824e-01,   -7.217414e-01,   -3.810499e-01,   -5.191286e-02,   -5.601700e-03,    4.002300e-02,    3.227300e-01,   -3.285700e-01,   -2.550200e-01,    2.506800e-01,   -6.583500e-03,   -9.285100e-03,    2.046400e-02,    2.046400e-02,    2.029100e-02,    2.029100e-02,    2.029100e-02,    2.029100e-02,    9.569700e-03,    9.569700e-03,
         5,    1.000000e+03,    3.488129e-03,    1.068151e-02,    3.870651e-01,   -4.332068e-01,   -3.019428e-01,    3.429926e-01,    4.149599e-04,   -1.029422e-02,   -4.097635e-01,    1.241753e+00,    5.868937e-01,    1.029665e+00,   -6.985462e-01,   -1.221371e+00,    4.034754e-01,   -6.195521e-01,   -5.679100e-03,    3.846200e-02,    4.019000e-01,   -4.071800e-01,   -3.196000e-01,    3.121200e-01,    6.143100e-03,   -1.909000e-02,    2.237200e-02,    2.237200e-02,    2.527700e-02,    2.527700e-02,    2.527700e-02,    2.527700e-02,    1.419700e-02,    1.419700e-02,
         6,    1.000000e+02,    2.032183e-01,    1.545150e-02,    2.798122e-01,   -2.030909e-01,   -3.534772e-01,    1.582765e-01,   -1.997056e-01,    1.823960e-02,   -4.952535e-01,   -2.416171e-01,    1.935615e-01,   -6.071830e-01,    4.412257e-01,   -2.164079e-01,    8.790479e-01,    1.266631e-01,    1.842100e-01,    6.178000e-03,    2.833600e-01,   -2.142200e-01,   -3.453900e-01,    1.543100e-01,   -1.664600e-01,    2.303000e-02,    3.838100e-02,    3.838100e-02,    1.832900e-02,    1.832900e-02,    1.832900e-02,    1.832900e-02,    3.782000e-02,    3.782000e-02,
         6,    1.584800e+02,    1.908506e-01,    3.095672e-02,    3.272745e-01,   -2.515088e-01,   -3.868341e-01,    1.965177e-01,   -1.992124e-01,    2.892357e-03,   -2.023277e-01,   -4.070075e-01,    5.994080e-01,   -3.005615e-01,   -5.656062e-02,   -2.082962e-01,    7.656930e-01,    4.599376e-01,    1.823700e-01,    1.389700e-02,    3.401600e-01,   -2.579700e-01,   -3.880500e-01,    1.920400e-01,   -1.681000e-01,    2.158100e-02,    4.191500e-02,    4.191500e-02,    2.149700e-02,    2.149700e-02,    2.149700e-02,    2.149700e-02,    4.063300e-02,    4.063300e-02,
         6,    2.511800e+02,    1.728359e-01,    3.980871e-02,    3.842290e-01,   -3.175830e-01,   -4.306593e-01,    2.517900e-01,   -1.910462e-01,   -7.587394e-03,    1.746520e-01,   -2.922743e-01,    4.743142e-01,    1.299315e-01,   -7.015738e-01,   -5.180702e-01,    8.282356e-01,    6.969897e-01,    1.808000e-01,    2.648100e-02,    3.962500e-01,   -3.142900e-01,   -4.484400e-01,    2.386600e-01,   -1.559100e-01,    2.198100e-02,    4.560000e-02,    4.560000e-02,    2.534400e-02,    2.534400e-02,    2.534400e-02,    2.534400e-02,    4.242300e-02,    4.242300e-02,
         6,    3.981000e+02,    1.527993e-01,    4.084530e-02,    4.538608e-01,   -4.091743e-01,   -4.887028e-01,    3.263565e-01,   -1.778792e-01,   -9.318514e-03,    6.353031e-01,    1.434950e-01,    2.475523e-01,    3.392824e-01,   -9.436139e-01,   -7.184892e-01,    5.727560e-01,    5.761538e-01,    1.853700e-01,    4.820200e-02,    4.613500e-01,   -3.989100e-01,   -5.172500e-01,    3.046200e-01,   -1.518600e-01,    1.685500e-02,    5.126800e-02,    5.126800e-02,    3.025300e-02,    3.025300e-02,    3.025300e-02,    3.025300e-02,    4.542800e-02,    4.542800e-02,
         6,    6.309500e+02,    1.345033e-01,    3.427388e-02,    5.433317e-01,   -5.369944e-01,   -5.644857e-01,    4.251373e-01,   -1.645676e-01,    1.121543e-04,    1.281182e+00,    5.969105e-01,   -5.321853e-01,    3.312187e-02,    2.807847e-01,   -2.098424e-01,   -2.720081e-01,   -1.073656e-01,    2.134100e-01,    7.103700e-02,    5.241400e-01,   -5.358000e-01,   -5.543600e-01,    4.175700e-01,   -1.789500e-01,   -5.564800e-03,    6.158900e-02,    6.158900e-02,    3.606200e-02,    3.606200e-02,    3.606200e-02,    3.606200e-02,    5.287500e-02,    5.287500e-02,
         6,    1.000000e+03,    1.210917e-01,    2.222224e-02,    6.647498e-01,   -7.123759e-01,   -6.633008e-01,    5.557573e-01,   -1.564873e-01,    2.064446e-02,    1.360989e+00,    1.044226e+00,   -1.410819e+00,   -1.605746e-01,    1.433865e+00,    6.639607e-02,   -9.408152e-01,   -9.797683e-01,    2.175600e-01,    9.623800e-02,    6.028600e-01,   -7.194200e-01,   -6.004000e-01,    5.586700e-01,   -2.165000e-01,   -4.185300e-02,    7.088100e-02,    7.088100e-02,    4.386800e-02,    4.386800e-02,    4.386800e-02,    4.386800e-02,    6.378800e-02,    6.378800e-02,
         7,    1.000000e+02,   -6.863054e-03,    6.888542e-03,    1.269883e-01,   -1.202669e-01,   -1.341270e-01,    1.265981e-01,   -2.226763e-02,    2.598848e-02,   -2.952925e-01,    1.303291e-01,   -2.175323e-01,    1.197354e-01,    2.387122e-01,    1.506020e-01,    1.252697e-01,    1.980693e-01,   -8.861800e-03,    7.770700e-03,    1.250500e-01,   -1.192000e-01,   -1.320000e-01,    1.279400e-01,   -2.075700e-02,    2.837700e-02,    6.768700e-03,    6.768700e-03,    8.910400e-03,    8.910400e-03,    8.910400e-03,    8.910400e-03,    1.205900e-02,    1.205900e-02,
         7,    1.584800e+02,   -6.670449e-03,    7.349318e-03,    1.535064e-01,   -1.531568e-01,   -1.632299e-01,    1.641868e-01,   -3.038279e-02,    3.274959e-02,   -3.819589e-01,    1.391265e-01,   -3.233583e-01,    4.197320e-02,    2.544449e-01,    2.160773e-01,    2.296554e-02,    2.526680e-01,   -9.673600e-03,    8.443200e-03,    1.499100e-01,   -1.526900e-01,   -1.604000e-01,    1.665900e-01,   -3.002200e-02,    3.671900e-02,    7.862500e-03,    7.862500e-03,    1.112200e-02,    1.112200e-02,    1.112200e-02,    1.112200e-02,    1.571000e-02,    1.571000e-02,
         7,    2.511800e+02,   -6.173919e-03,    1.131440e-02,    1.870577e-01,   -1.994934e-01,   -2.009050e-01,    2.139651e-01,   -3.955201e-02,    3.883406e-02,   -2.308487e-01,   -4.329573e-02,   -3.177011e-01,   -1.318491e-01,    1.762348e-01,    3.012600e-01,   -1.514501e-01,    2.841649e-01,   -8.287500e-03,    1.091800e-02,    1.825600e-01,   -2.013600e-01,   -1.984100e-01,    2.182300e-01,   -4.261600e-02,    4.458300e-02,    9.155700e-03,    9.155700e-03,    1.415700e-02,    1.415700e-02,    1.415700e-02,    1.415700e-02,    2.023100e-02,    2.023100e-02,
         7,    3.981000e+02,   -8.967356e-03,    1.848604e-02,    2.320267e-01,   -2.626455e-01,   -2.492312e-01,    2.802824e-01,   -4.709161e-02,    4.634106e-02,    1.482123e-01,    1.191789e-02,   -2.346990e-01,   -3.768145e-01,   -5.388525e-02,    4.331119e-01,   -4.021936e-01,    1.891049e-01,   -7.102400e-03,    1.863600e-02,    2.277200e-01,   -2.695600e-01,   -2.502200e-01,    2.882300e-01,   -5.743000e-02,    5.120200e-02,    1.258300e-02,    1.258300e-02,    1.835000e-02,    1.835000e-02,    1.835000e-02,    1.835000e-02,    2.570500e-02,    2.570500e-02,
         7,    6.309500e+02,   -1.566267e-02,    2.508073e-02,    2.917287e-01,   -3.455776e-01,   -3.122582e-01,    3.689571e-01,   -5.382561e-02,    6.049117e-02,    4.876888e-01,    3.360884e-01,   -1.296435e-01,   -3.963819e-01,   -2.197653e-01,    1.733379e-01,   -6.081972e-01,   -1.032229e-01,   -6.823800e-03,    3.117200e-02,    2.886600e-01,   -3.549600e-01,   -3.174600e-01,    3.730600e-01,   -7.329400e-02,    5.718700e-02,    1.812400e-02,    1.812400e-02,    2.367000e-02,    2.367000e-02,    2.367000e-02,    2.367000e-02,    3.201000e-02,    3.201000e-02,
         7,    1.000000e+03,   -2.289609e-02,    3.072801e-02,    3.676782e-01,   -4.546449e-01,   -3.939382e-01,    4.860915e-01,   -6.421044e-02,    8.302493e-02,    4.850072e-01,    7.035458e-01,    2.143553e-01,    1.858412e-01,   -5.481106e-01,   -7.966705e-01,   -6.887806e-01,   -5.302386e-01,   -1.047700e-02,    4.874300e-02,    3.741200e-01,   -4.490600e-01,   -4.104100e-01,    4.621500e-01,   -9.120100e-02,    6.224700e-02,    2.560600e-02,    2.560600e-02,    3.005200e-02,    3.005200e-02,    3.005200e-02,    3.005200e-02,    3.918600e-02,    3.918600e-02,
         8,    1.000000e+02,   -6.511210e-01,    3.410762e-01,    2.667673e-01,   -4.020262e-01,   -4.469354e-01,    2.500963e-01,    2.351936e-02,   -5.593886e-02,   -6.111197e-02,    1.522629e+00,   -2.891952e-01,   -5.522081e-01,    1.594945e+00,   -4.091126e-01,   -6.172901e-01,    1.163722e-01,   -6.569200e-01,    4.855600e-01,    2.598000e-01,   -4.153300e-01,   -4.085100e-01,    2.402400e-01,    8.726000e-03,   -5.315000e-02,    9.489100e-02,    9.489100e-02,    2.409200e-02,    2.409200e-02,    2.409200e-02,    2.409200e-02,    2.396500e-02,    2.396500e-02,
         8,    1.584800e+02,   -7.281838e-01,    4.067173e-01,    3.763297e-01,   -5.324262e-01,   -5.057276e-01,    3.047427e-01,    4.748707e-02,   -5.828503e-02,   -7.779220e-01,    1.122361e+00,   -4.899623e-01,   -1.788594e-01,    5.169171e-01,    3.349181e-01,   -6.052367e-01,   -1.263535e-01,   -8.213400e-01,    5.411200e-01,    3.612800e-01,   -5.379200e-01,   -4.898500e-01,    3.150300e-01,    2.933300e-02,   -6.207500e-02,    1.197500e-01,    1.197500e-01,    3.071600e-02,    3.071600e-02,    3.071600e-02,    3.071600e-02,    2.999500e-02,    2.999500e-02,
         8,    2.511800e+02,   -8.155741e-01,    5.064239e-01,    5.248537e-01,   -6.812419e-01,   -5.757181e-01,    3.829111e-01,    6.864306e-02,   -5.172728e-02,   -1.528031e+00,    5.220973e-01,   -7.059219e-01,   -2.656020e-01,   -2.860360e-01,    3.683298e-01,   -5.275211e-01,   -4.518711e-01,   -1.047300e+00,    5.856000e-01,    4.974300e-01,   -6.915600e-01,   -5.868300e-01,    3.972200e-01,    4.931100e-02,   -6.828700e-02,    1.516500e-01,    1.516500e-01,    3.884800e-02,    3.884800e-02,    3.884800e-02,    3.884800e-02,    3.664700e-02,    3.664700e-02,
         8,    3.981000e+02,   -9.266510e-01,    6.509802e-01,    7.061226e-01,   -8.539075e-01,   -6.673453e-01,    4.909114e-01,    7.926895e-02,   -4.154266e-02,   -1.696303e+00,   -1.517663e-01,   -4.255633e-01,   -1.770218e-01,   -7.311535e-01,    2.120090e-01,   -3.746264e-01,   -5.027708e-01,   -1.241400e+00,    6.228200e-01,    6.853700e-01,   -8.625400e-01,   -7.030000e-01,    5.012500e-01,    6.367400e-02,   -6.247200e-02,    1.855500e-01,    1.855500e-01,    4.876500e-02,    4.876500e-02,    4.876500e-02,    4.876500e-02,    4.162800e-02,    4.162800e-02,
         8,    6.309500e+02,   -1.072810e+00,    8.476165e-01,    9.214868e-01,   -1.069675e+00,   -7.895594e-01,    6.304305e-01,    7.799427e-02,   -3.858117e-02,   -1.543654e+00,   -8.087022e-01,    6.019132e-01,   -2.736839e-01,   -9.065419e-01,   -3.050056e-01,   -1.601605e-01,   -8.120007e-01,   -1.422000e+00,    6.646800e-01,    9.584900e-01,   -1.086500e+00,   -8.452900e-01,    6.116800e-01,    7.002100e-02,   -7.900500e-02,    2.262100e-01,    2.262100e-01,    6.147600e-02,    6.147600e-02,    6.147600e-02,    6.147600e-02,    4.978300e-02,    4.978300e-02,
         8,    1.000000e+03,   -1.261122e+00,    1.110864e+00,    1.182485e+00,   -1.348457e+00,   -9.460811e-01,    8.060500e-01,    7.093275e-02,   -5.178701e-02,   -1.145532e+00,   -1.698936e+00,    1.977933e+00,    1.342401e+00,   -1.318297e+00,   -1.036997e+00,    1.461987e-02,   -6.402127e-01,   -1.563600e+00,    6.622600e-01,    1.333300e+00,   -1.246100e+00,   -1.046600e+00,    7.269800e-01,    7.176800e-02,   -8.836300e-02,    2.640500e-01,    2.640500e-01,    7.624900e-02,    7.624900e-02,    7.624900e-02,    7.624900e-02,    5.713100e-02,    5.713100e-02,
         9,    1.000000e+02,   -1.716335e-03,    8.394388e-04,    8.103699e-02,   -1.033710e-01,   -8.098191e-02,    9.704990e-02,    1.589548e-03,    1.552697e-03,    1.676523e+00,   -2.681214e-01,   -1.371599e-01,   -3.603109e-01,    8.345670e-01,    1.194456e+00,    9.098638e-01,    2.910525e-01,    4.271200e-03,   -1.181300e-04,    8.013900e-02,   -1.057300e-01,   -7.551800e-02,    1.048700e-01,    5.417800e-03,    2.777300e-03,    3.571400e-03,    3.571400e-03,    6.547000e-03,    6.547000e-03,    6.547000e-03,    6.547000e-03,    4.207500e-03,    4.207500e-03,
         9,    1.584800e+02,   -3.575944e-03,    9.797592e-04,    1.099205e-01,   -1.384027e-01,   -1.052051e-01,    1.291358e-01,    1.009577e-03,    1.307796e-03,    1.814445e+00,    3.738999e-01,   -1.143142e-02,    3.213749e-02,    3.241222e-02,    1.294289e+00,   -3.244582e-02,    4.025070e-01,    5.222300e-03,    2.792800e-03,    1.098200e-01,   -1.381200e-01,   -1.049200e-01,    1.405200e-01,    9.018500e-04,    2.644200e-03,    4.849000e-03,    4.849000e-03,    8.795700e-03,    8.795700e-03,    8.795700e-03,    8.795700e-03,    3.320200e-03,    3.320200e-03,
         9,    2.511800e+02,   -4.373410e-03,   -4.809645e-04,    1.469450e-01,   -1.779257e-01,   -1.371872e-01,    1.686283e-01,    1.512947e-04,    1.172172e-03,    1.287364e+00,    1.141998e+00,    7.853503e-02,   -2.206680e-02,   -5.634129e-01,    8.904603e-01,   -1.230135e-01,    3.148787e-01,    3.840100e-03,    6.805100e-03,    1.478500e-01,   -1.781800e-01,   -1.436800e-01,    1.788900e-01,   -2.693500e-04,    2.248900e-03,    6.380100e-03,    6.380100e-03,    1.152400e-02,    1.152400e-02,    1.152400e-02,    1.152400e-02,    3.419500e-03,    3.419500e-03,
         9,    3.981000e+02,   -4.030721e-03,   -1.765605e-03,    1.915995e-01,   -2.264855e-01,   -1.769576e-01,    2.186642e-01,   -1.123855e-03,    3.283881e-04,    2.041021e-01,    1.457556e+00,   -5.396866e-03,    1.239644e-01,   -7.532543e-01,    4.832125e-01,   -5.173080e-02,    5.251090e-01,   -2.297200e-03,    1.061400e-02,    1.915200e-01,   -2.246600e-01,   -1.880500e-01,    2.257800e-01,   -1.353700e-03,    2.661500e-03,    8.493400e-03,    8.493400e-03,    1.472600e-02,    1.472600e-02,    1.472600e-02,    1.472600e-02,    4.443100e-03,    4.443100e-03,
         9,    6.309500e+02,   -3.546373e-03,   -2.862007e-03,    2.459160e-01,   -2.889386e-01,   -2.261691e-01,    2.848447e-01,   -2.467559e-03,   -1.400887e-03,   -8.664365e-01,    6.858212e-01,   -2.410712e-01,   -4.146748e-01,   -8.308321e-01,    2.088963e-01,   -4.036395e-01,    5.910797e-01,   -1.298100e-02,    4.605900e-03,    2.413400e-01,   -2.968100e-01,   -2.419400e-01,    2.888100e-01,   -5.362300e-03,    2.838100e-03,    1.088900e-02,    1.088900e-02,    1.898200e-02,    1.898200e-02,    1.898200e-02,    1.898200e-02,    7.171600e-03,    7.171600e-03,
         9,    1.000000e+03,   -2.926548e-03,   -4.076974e-03,    3.122280e-01,   -3.712091e-01,   -2.880300e-01,    3.740598e-01,   -4.120123e-03,   -4.552168e-03,   -1.260146e+00,    1.570702e-01,    3.091383e-01,   -2.515275e-01,   -1.178246e+00,   -2.735283e-01,   -1.551504e-01,    5.553606e-01,   -2.319600e-02,   -1.550500e-03,    3.198000e-01,   -3.773700e-01,   -3.168900e-01,    3.673600e-01,   -5.301500e-03,   -3.234300e-04,    1.608500e-02,    1.608500e-02,    2.449400e-02,    2.449400e-02,    2.449400e-02,    2.449400e-02,    7.614400e-03,    7.614400e-03,
        11,    1.000000e+02,   -6.096972e-03,   -5.235936e-03,    1.181807e-01,   -1.154216e-01,   -1.172292e-01,    1.228812e-01,    4.832113e-03,    5.035970e-04,   -6.713343e-01,   -1.215707e+00,    8.035851e-01,   -3.673680e-01,    5.447430e-01,   -6.750986e-02,   -3.346050e-02,   -6.138051e-01,   -1.199800e-02,   -1.592200e-02,    1.249800e-01,   -1.185300e-01,   -1.126200e-01,    1.223100e-01,    4.684900e-03,   -2.196900e-03,    8.790000e-03,    8.790000e-03,    8.461200e-03,    8.461200e-03,    8.461200e-03,    8.461200e-03,    4.399600e-03,    4.399600e-03,
        11,    1.584800e+02,   -6.706011e-03,    2.819392e-03,    1.461107e-01,   -1.523836e-01,   -1.506454e-01,    1.571583e-01,    4.402927e-03,    9.777145e-04,    3.054114e-01,   -1.475140e+00,    1.067416e+00,    2.300000e-02,    3.223089e-02,    5.397896e-01,    1.524199e-01,   -6.623699e-01,   -4.781400e-03,   -6.476500e-03,    1.578800e-01,   -1.521300e-01,   -1.502900e-01,    1.631100e-01,    5.225400e-03,   -2.596500e-03,    6.301700e-03,    6.301700e-03,    1.102600e-02,    1.102600e-02,    1.102600e-02,    1.102600e-02,    5.396100e-03,    5.396100e-03,
        11,    2.511800e+02,   -1.033722e-02,    7.502269e-03,    1.842794e-01,   -1.980334e-01,   -1.893198e-01,    1.989933e-01,    3.261396e-03,    9.165218e-04,    8.103694e-01,   -2.569782e-01,    9.083464e-01,    5.914000e-01,   -4.775405e-01,    3.492788e-01,    4.798880e-01,   -4.780803e-01,   -4.827600e-03,    5.755100e-03,    1.969100e-01,   -1.898100e-01,   -1.959600e-01,    2.038500e-01,    6.415700e-03,   -2.225900e-03,    6.798900e-03,    6.798900e-03,    1.390500e-02,    1.390500e-02,    1.390500e-02,    1.390500e-02,    6.573000e-03,    6.573000e-03,
        11,    3.981000e+02,   -1.307857e-02,    1.038172e-02,    2.314125e-01,   -2.547243e-01,   -2.359853e-01,    2.547414e-01,    2.334323e-03,   -2.832682e-04,    1.613472e-01,    1.353633e-01,    6.461353e-01,    1.078923e+00,   -8.043664e-01,   -2.613660e-01,    6.299597e-01,   -2.363647e-01,   -1.127600e-02,    1.189400e-02,    2.425900e-01,   -2.360600e-01,   -2.499000e-01,    2.502200e-01,    7.202400e-03,   -2.109800e-03,    1.117200e-02,    1.117200e-02,    1.729900e-02,    1.729900e-02,    1.729900e-02,    1.729900e-02,    7.727600e-03,    7.727600e-03,
        11,    6.309500e+02,   -1.549752e-02,    1.450929e-02,    2.881140e-01,   -3.297873e-01,   -2.945255e-01,    3.289402e-01,    2.293764e-03,   -2.026372e-03,   -1.984246e-01,    1.106059e-01,    5.728203e-01,    1.466029e+00,   -8.024166e-01,   -9.288842e-01,    6.706488e-01,   -3.164460e-02,   -1.853600e-02,    1.620300e-02,    3.004600e-01,   -2.981900e-01,   -3.118200e-01,    3.089200e-01,    8.576000e-03,   -2.322800e-03,    1.531300e-02,    1.531300e-02,    2.155300e-02,    2.155300e-02,    2.155300e-02,    2.155300e-02,    9.367400e-03,    9.367400e-03,
        11,    1.000000e+03,   -1.931749e-02,    1.991758e-02,    3.581638e-01,   -4.319672e-01,   -3.678566e-01,    4.277801e-01,    2.962988e-03,   -3.629648e-03,   -2.511628e-01,   -1.615059e-01,    9.131730e-01,    2.411071e+00,   -1.332500e+00,   -1.716794e+00,    7.538496e-01,    3.087361e-01,   -2.401800e-02,    1.689500e-02,    3.829400e-01,   -3.665500e-01,   -4.040100e-01,    3.812000e-01,    1.231600e-02,    2.008400e-04,    1.871500e-02,    1.871500e-02,    2.713200e-02,    2.713200e-02,    2.713200e-02,    2.713200e-02,    1.240700e-02,    1.240700e-02,
        12,    1.000000e+02,   -1.359905e-02,    1.714990e-02,    8.355516e-02,   -1.042449e-01,   -9.592810e-02,    1.143436e-01,    2.537391e-02,   -3.912729e-02,   -2.952502e-01,    9.755691e-02,   -2.323607e-01,    4.904498e-01,    2.585673e-01,    4.988957e-02,    1.141687e+00,   -5.996922e-01,   -1.607800e-02,    1.796900e-02,    8.194200e-02,   -1.008400e-01,   -9.413300e-02,    1.146900e-01,    4.202200e-02,   -4.787200e-02,    8.396100e-03,    8.396100e-03,    6.942500e-03,    6.942500e-03,    6.942500e-03,    6.942500e-03,    1.458200e-02,    1.458200e-02,
        12,    1.584800e+02,   -1.814429e-02,    2.111898e-02,    1.090564e-01,   -1.385853e-01,   -1.235691e-01,    1.498803e-01,    3.541613e-02,   -4.931256e-02,   -8.118610e-02,   -4.348816e-03,   -9.250563e-01,    5.192077e-01,    6.984675e-01,    9.720880e-02,    8.817828e-01,   -6.570634e-01,   -1.898400e-02,    2.107400e-02,    1.007800e-01,   -1.339400e-01,   -1.173200e-01,    1.507500e-01,    5.181200e-02,   -6.153000e-02,    1.034300e-02,    1.034300e-02,    8.946900e-03,    8.946900e-03,    8.946900e-03,    8.946900e-03,    1.859400e-02,    1.859400e-02,
        12,    2.511800e+02,   -2.362706e-02,    2.608527e-02,    1.436089e-01,   -1.817659e-01,   -1.601501e-01,    1.952870e-01,    4.780606e-02,   -6.234161e-02,   -1.295117e-01,   -2.286281e-02,   -1.160803e+00,    3.009085e-01,    4.888027e-01,    3.125430e-01,    7.621018e-01,   -7.627364e-01,   -2.536200e-02,    2.577900e-02,    1.299300e-01,   -1.782200e-01,   -1.543900e-01,    1.989700e-01,    6.636400e-02,   -8.091500e-02,    1.339600e-02,    1.339600e-02,    1.178400e-02,    1.178400e-02,    1.178400e-02,    1.178400e-02,    2.435100e-02,    2.435100e-02,
        12,    3.981000e+02,   -3.013686e-02,    3.245551e-02,    1.887879e-01,   -2.360314e-01,   -2.072462e-01,    2.533230e-01,    6.312847e-02,   -7.901500e-02,   -2.932928e-01,   -1.359247e-01,   -7.417811e-01,   -1.123430e-01,   -3.390522e-02,    5.479873e-01,    9.001947e-01,   -8.273879e-01,   -3.529500e-02,    3.006500e-02,    1.771100e-01,   -2.378000e-01,   -2.077800e-01,    2.619500e-01,    9.240100e-02,   -1.059200e-01,    1.758700e-02,    1.758700e-02,    1.574300e-02,    1.574300e-02,    1.574300e-02,    1.574300e-02,    3.251800e-02,    3.251800e-02,
        12,    6.309500e+02,   -3.814347e-02,    4.095482e-02,    2.464573e-01,   -3.047169e-01,   -2.670100e-01,    3.283247e-01,    8.199524e-02,   -1.007610e-01,   -3.571830e-01,   -5.675302e-01,    2.341812e-01,   -6.356368e-01,   -6.808820e-01,    5.444864e-01,    1.191297e+00,   -8.006941e-01,   -4.607900e-02,    2.834600e-02,    2.514100e-01,   -3.181600e-01,   -2.814100e-01,    3.398400e-01,    1.338000e-01,   -1.355800e-01,    2.221700e-02,    2.221700e-02,    2.114900e-02,    2.114900e-02,    2.114900e-02,    2.114900e-02,    4.348600e-02,    4.348600e-02,
        12,    1.000000e+03,   -4.857353e-02,    5.211434e-02,    3.187023e-01,   -3.929558e-01,   -3.420534e-01,    4.264887e-01,    1.055746e-01,   -1.295842e-01,   -3.946394e-01,   -1.731665e+00,    1.206882e+00,   -4.195238e-01,   -1.605536e+00,   -4.262171e-01,    1.465558e+00,   -5.466894e-01,   -5.914000e-02,    5.749000e-03,    3.519700e-01,   -4.045200e-01,   -3.863100e-01,    4.147400e-01,    1.878100e-01,   -1.602600e-01,    2.677500e-02,    2.677500e-02,    2.756500e-02,    2.756500e-02,    2.756500e-02,    2.756500e-02,    5.611200e-02,    5.611200e-02,
        13,    1.000000e+02,    1.880726e-03,   -9.092248e-03,    8.556252e-02,   -9.935840e-02,   -8.571337e-02,    1.023283e-01,    6.039422e-04,    8.646480e-03,    6.482737e-01,   -1.938510e-01,   -8.249061e-01,   -8.064978e-01,    8.277525e-01,    5.860718e-01,   -1.810072e-01,    3.734413e-01,    5.702300e-03,   -1.023500e-02,    8.009900e-02,   -1.047000e-01,   -8.023100e-02,    1.062100e-01,   -4.243600e-04,    1.076800e-02,    5.895000e-03,    5.895000e-03,    6.623200e-03,    6.623200e-03,    6.623200e-03,    6.623200e-03,    5.681000e-03,    5.681000e-03,
        13,    1.584800e+02,    4.140720e-03,   -1.010343e-02,    1.096491e-01,   -1.286383e-01,   -1.118980e-01,    1.324559e-01,   -1.755939e-03,    1.022472e-02,    5.164020e-01,    8.347310e-02,    4.842609e-02,   -1.117359e+00,   -2.475337e-03,    8.029354e-01,   -3.892767e-01,    7.993370e-02,    7.751300e-03,   -9.519800e-03,    1.100800e-01,   -1.385800e-01,   -1.119200e-01,    1.396000e-01,   -4.421200e-03,    1.077200e-02,    6.991800e-03,    6.991800e-03,    8.897500e-03,    8.897500e-03,    8.897500e-03,    8.897500e-03,    6.846700e-03,    6.846700e-03,
        13,    2.511800e+02,    6.782163e-03,   -1.172436e-02,    1.405631e-01,   -1.659412e-01,   -1.446301e-01,    1.700358e-01,   -4.085400e-03,    1.251847e-02,    2.645892e-01,    2.713694e-01,    4.608095e-01,   -7.590710e-01,   -3.425319e-01,    6.453578e-01,   -3.783860e-01,   -2.033946e-01,    8.945100e-03,   -9.506000e-03,    1.458500e-01,   -1.746500e-01,   -1.485600e-01,    1.774400e-01,   -7.200500e-03,    1.084400e-02,    8.174700e-03,    8.174700e-03,    1.147300e-02,    1.147300e-02,    1.147300e-02,    1.147300e-02,    8.232600e-03,    8.232600e-03,
        13,    3.981000e+02,    1.014912e-02,   -1.383094e-02,    1.788844e-01,   -2.141164e-01,   -1.847644e-01,    2.182163e-01,   -6.656591e-03,    1.576579e-02,    1.640141e-03,    9.776852e-02,    6.671886e-01,   -2.004277e-01,   -4.262832e-01,    1.866282e-01,   -1.178927e-01,   -3.815927e-01,    1.016600e-02,   -1.282500e-02,    1.885500e-01,   -2.170200e-01,   -1.909400e-01,    2.209200e-01,   -7.801800e-03,    1.205900e-02,    1.028900e-02,    1.028900e-02,    1.448700e-02,    1.448700e-02,    1.448700e-02,    1.448700e-02,    9.714000e-03,    9.714000e-03,
        13,    6.309500e+02,    1.438522e-02,   -1.619467e-02,    2.255214e-01,   -2.781913e-01,   -2.336449e-01,    2.822933e-01,   -9.520290e-03,    2.053647e-02,   -6.767870e-02,   -8.867263e-02,    8.744588e-01,    4.474584e-01,   -5.745491e-01,   -2.966147e-01,    2.656956e-01,   -4.107375e-01,    1.347900e-02,   -1.738200e-02,    2.415100e-01,   -2.700100e-01,   -2.441500e-01,    2.768700e-01,   -6.371000e-03,    1.566800e-02,    1.339000e-02,    1.339000e-02,    1.828400e-02,    1.828400e-02,    1.828400e-02,    1.828400e-02,    1.185300e-02,    1.185300e-02,
        13,    1.000000e+03,    1.957562e-02,   -1.865067e-02,    2.824258e-01,   -3.658048e-01,   -2.944045e-01,    3.696335e-01,   -1.295189e-02,    2.756166e-02,   -1.925207e-01,   -2.763954e-01,    9.711606e-01,    9.506738e-01,   -1.525085e+00,   -1.104471e+00,    5.023429e-01,   -3.177506e-01,    1.627100e-02,   -2.339500e-02,    3.051500e-01,   -3.435600e-01,   -3.300900e-01,    3.437900e-01,   -5.043000e-03,    2.255900e-02,    1.716500e-02,    1.716500e-02,    2.339900e-02,    2.339900e-02,    2.339900e-02,    2.339900e-02,    1.574400e-02,    1.574400e-02,
        14,    1.000000e+02,    2.064282e-01,   -1.320212e-01,    2.778518e-01,   -4.029406e-01,   -4.221303e-01,    3.004382e-01,   -8.530613e-02,    1.354469e-01,   -4.136054e-01,   -6.017430e-01,   -1.468973e+00,   -2.453142e-03,    1.405393e-01,   -1.278702e+00,    9.203826e-01,   -4.032610e-01,    1.853000e-01,   -1.627600e-01,    2.423100e-01,   -4.030000e-01,   -4.187300e-01,    2.695000e-01,   -5.016500e-02,    1.200500e-01,    5.108300e-02,    5.108300e-02,    2.419500e-02,    2.419500e-02,    2.419500e-02,    2.419500e-02,    3.818100e-02,    3.818100e-02,
        14,    1.584800e+02,    2.387159e-01,   -1.628072e-01,    3.836209e-01,   -5.137750e-01,   -5.019670e-01,    3.731366e-01,   -1.236899e-01,    1.748423e-01,    2.730919e-01,   -5.610974e-01,   -1.036573e+00,   -1.199338e+00,    3.952351e-01,   -1.273955e+00,    9.091269e-01,    1.335039e-01,    2.576600e-01,   -2.017300e-01,    3.513700e-01,   -5.510900e-01,   -4.896700e-01,    3.335000e-01,   -7.705900e-02,    1.816900e-01,    6.936900e-02,    6.936900e-02,    3.111300e-02,    3.111300e-02,    3.111300e-02,    3.111300e-02,    5.129200e-02,    5.129200e-02,
        14,    2.511800e+02,    2.771451e-01,   -2.041318e-01,    5.083199e-01,   -6.531613e-01,   -5.949890e-01,    4.616335e-01,   -1.686360e-01,    2.223729e-01,    6.153103e-01,   -4.128683e-01,   -6.125847e-01,   -1.713327e+00,    6.630383e-01,   -9.813008e-01,    7.440348e-01,    5.689003e-01,    3.322400e-01,   -2.411000e-01,    4.842900e-01,   -7.203700e-01,   -5.689800e-01,    4.231400e-01,   -1.183400e-01,    2.608300e-01,    8.954000e-02,    8.954000e-02,    3.922700e-02,    3.922700e-02,    3.922700e-02,    3.922700e-02,    6.759900e-02,    6.759900e-02,
        14,    3.981000e+02,    3.233502e-01,   -2.590639e-01,    6.609053e-01,   -8.399552e-01,   -6.997887e-01,    5.785058e-01,   -2.246102e-01,    2.840355e-01,    6.973959e-01,   -2.166337e-01,   -3.905308e-01,   -1.880309e+00,    9.082260e-01,   -1.004441e+00,    5.370317e-01,    8.495345e-01,    4.013400e-01,   -2.832900e-01,    6.418400e-01,   -9.317500e-01,   -6.554500e-01,    5.294700e-01,   -1.778600e-01,    3.579900e-01,    1.118300e-01,    1.118300e-01,    4.881900e-02,    4.881900e-02,    4.881900e-02,    4.881900e-02,    8.705300e-02,    8.705300e-02,
        14,    6.309500e+02,    3.777595e-01,   -3.341656e-01,    8.575191e-01,   -1.091247e+00,   -8.225473e-01,    7.445062e-01,   -2.969356e-01,    3.628527e-01,    4.957598e-01,   -4.076275e-02,   -6.945171e-01,   -1.439596e+00,    1.073651e+00,   -7.063073e-01,    4.149867e-01,    9.668132e-01,    4.443400e-01,   -3.396400e-01,    8.152800e-01,   -1.178800e+00,   -7.572500e-01,    7.015500e-01,   -2.507600e-01,    4.704300e-01,    1.343000e-01,    1.343000e-01,    6.081800e-02,    6.081800e-02,    6.081800e-02,    6.081800e-02,    1.112700e-01,    1.112700e-01,
        14,    1.000000e+03,    4.440566e-01,   -4.411505e-01,    1.117541e+00,   -1.421473e+00,   -9.813602e-01,    9.806423e-01,   -3.895860e-01,    4.613483e-01,    2.663870e-01,    3.790045e-01,   -1.050291e+00,   -1.171487e+00,    1.118071e+00,   -3.299367e-01,    2.694051e-01,    9.395223e-01,    4.865800e-01,   -3.806500e-01,    1.036200e+00,   -1.512200e+00,   -8.947700e-01,    9.550900e-01,   -3.511500e-01,    5.953900e-01,    1.596300e-01,    1.596300e-01,    7.744600e-02,    7.744600e-02,    7.744600e-02,    7.744600e-02,    1.426700e-01,    1.426700e-01,
        15,    1.000000e+02,   -2.919790e-02,   -7.735363e-03,    1.128146e-01,   -1.269575e-01,   -7.561125e-02,    1.136632e-01,    2.073525e-03,    2.481590e-03,   -3.601720e-02,   -1.817547e+00,   -1.796048e-01,    5.830701e-01,    4.816028e-01,    4.384524e-01,   -6.863807e-01,    6.396896e-01,   -2.965200e-02,   -3.065100e-02,    1.114600e-01,   -1.225600e-01,   -7.197900e-02,    1.169700e-01,   -6.376100e-04,    5.008300e-03,    1.260800e-02,    1.260800e-02,    7.542000e-03,    7.542000e-03,    7.542000e-03,    7.542000e-03,    3.949900e-03,    3.949900e-03,
        15,    1.584800e+02,   -2.446070e-02,   -1.278243e-02,    1.480878e-01,   -1.585292e-01,   -1.032229e-01,    1.556600e-01,    1.918400e-03,    6.405598e-03,    6.807232e-01,   -1.739960e+00,   -6.553946e-01,    4.770058e-01,    5.772262e-01,    5.214678e-01,   -7.387224e-01,   -7.924745e-02,   -1.517700e-02,   -3.651200e-02,    1.415900e-01,   -1.538000e-01,   -9.750000e-02,    1.608300e-01,   -1.892300e-03,    5.996800e-03,    1.363800e-02,    1.363800e-02,    9.914400e-03,    9.914400e-03,    9.914400e-03,    9.914400e-03,    5.158500e-03,    5.158500e-03,
        15,    2.511800e+02,   -1.813573e-02,   -1.490472e-02,    1.885844e-01,   -1.952136e-01,   -1.441033e-01,    2.073944e-01,   -6.841028e-04,    1.082279e-02,    1.407989e+00,   -1.345475e+00,   -5.611024e-01,   -3.009236e-01,    8.954613e-02,    6.868204e-01,   -8.745359e-01,   -4.061938e-01,    2.190000e-03,   -3.432800e-02,    1.811700e-01,   -1.991900e-01,   -1.429200e-01,    2.164700e-01,   -7.614800e-03,    7.603700e-03,    1.443600e-02,    1.443600e-02,    1.321400e-02,    1.321400e-02,    1.321400e-02,    1.321400e-02,    7.925000e-03,    7.925000e-03,
        15,    3.981000e+02,   -1.314049e-02,   -1.455467e-02,    2.333119e-01,   -2.433464e-01,   -1.984758e-01,    2.678277e-01,   -4.959878e-03,    1.413421e-02,    1.845558e+00,   -4.421769e-01,    2.051096e-01,   -8.889165e-01,   -4.112532e-01,    5.295631e-01,   -8.383775e-01,   -7.002370e-01,    1.227100e-02,   -2.064300e-02,    2.368800e-01,   -2.588100e-01,   -2.056300e-01,    2.770400e-01,   -1.417700e-02,    6.435800e-03,    1.376900e-02,    1.376900e-02,    1.739600e-02,    1.739600e-02,    1.739600e-02,    1.739600e-02,    1.099400e-02,    1.099400e-02,
        15,    6.309500e+02,   -1.113312e-02,   -1.434196e-02,    2.851277e-01,   -3.114146e-01,   -2.629606e-01,    3.410101e-01,   -8.974661e-03,    1.653969e-02,    1.956069e+00,    8.030205e-01,    1.147319e+00,   -8.515040e-01,   -9.463190e-01,   -8.392387e-02,   -8.112998e-01,   -9.599497e-01,    1.014500e-02,   -5.606700e-03,    3.108300e-01,   -3.304900e-01,   -2.841600e-01,    3.391300e-01,   -2.065900e-02,    2.714500e-03,    1.087800e-02,    1.087800e-02,    2.240200e-02,    2.240200e-02,    2.240200e-02,    2.240200e-02,    1.440200e-02,    1.440200e-02,
        15,    1.000000e+03,   -1.186769e-02,   -1.726962e-02,    3.499251e-01,   -4.078971e-01,   -3.372988e-01,    4.388810e-01,   -1.197040e-02,    2.017183e-02,    1.353226e+00,    2.405817e+00,    1.840234e+00,   -1.839661e-01,   -1.431084e+00,   -1.040056e+00,   -6.117875e-01,   -1.416530e+00,    2.560400e-03,    8.381200e-03,    4.020700e-01,   -4.131100e-01,   -3.778500e-01,    4.094100e-01,   -2.225700e-02,   -3.645700e-03,    1.066200e-02,    1.066200e-02,    2.833600e-02,    2.833600e-02,    2.833600e-02,    2.833600e-02,    1.681400e-02,    1.681400e-02,
        16,    1.000000e+02,    8.991333e-03,   -1.039897e-02,    9.715540e-02,   -1.052223e-01,   -1.286689e-01,    1.337429e-01,   -8.325090e-03,    9.899261e-03,    3.604535e-01,   -4.288447e-02,    1.645531e-01,   -6.325894e-02,   -9.789147e-02,   -1.323327e-01,    3.693287e-01,   -3.379372e-01,    1.157200e-02,   -1.070600e-02,    9.850200e-02,   -1.057400e-01,   -1.294700e-01,    1.326600e-01,   -5.967000e-03,    7.741600e-03,    7.159500e-03,    7.159500e-03,    8.183400e-03,    8.183400e-03,    8.183400e-03,    8.183400e-03,    6.384800e-03,    6.384800e-03,
        16,    1.584800e+02,    1.159393e-02,   -1.287544e-02,    1.234019e-01,   -1.341544e-01,   -1.618655e-01,    1.705134e-01,   -1.031028e-02,    1.246477e-02,    2.620004e-01,    1.324930e-01,   -1.073040e-01,   -1.867948e-01,   -1.268622e-01,   -1.721049e-01,    3.095970e-01,   -8.757902e-02,    1.385900e-02,   -1.173000e-02,    1.222900e-01,   -1.360900e-01,   -1.631800e-01,    1.687300e-01,   -7.649200e-03,    1.171200e-02,    8.645300e-03,    8.645300e-03,    1.036200e-02,    1.036200e-02,    1.036200e-02,    1.036200e-02,    8.595300e-03,    8.595300e-03,
        16,    2.511800e+02,    1.515432e-02,   -1.565306e-02,    1.561656e-01,   -1.715577e-01,   -2.050429e-01,    2.180724e-01,   -1.349387e-02,    1.604324e-02,    2.877741e-01,    2.013485e-01,   -3.824484e-01,   -2.748034e-01,    2.081118e-01,   -3.868078e-01,    1.151195e-01,    4.901495e-02,    1.828300e-02,   -1.346400e-02,    1.511800e-01,   -1.751400e-01,   -2.023300e-01,    2.130300e-01,   -1.215100e-02,    1.661500e-02,    1.087200e-02,    1.087200e-02,    1.303600e-02,    1.303600e-02,    1.303600e-02,    1.303600e-02,    1.166500e-02,    1.166500e-02,
        16,    3.981000e+02,    1.910462e-02,   -1.889828e-02,    1.977793e-01,   -2.202240e-01,   -2.605904e-01,    2.774491e-01,   -1.774778e-02,    2.023456e-02,    3.109248e-01,    2.231444e-01,   -4.886620e-01,   -3.295149e-01,   -7.069313e-01,   -2.626814e-01,   -1.561648e-01,   -1.624008e-04,    2.335900e-02,   -1.584500e-02,    1.895400e-01,   -2.257800e-01,   -2.725100e-01,    2.730200e-01,   -2.020800e-02,    2.023200e-02,    1.368300e-02,    1.368300e-02,    1.686100e-02,    1.686100e-02,    1.686100e-02,    1.686100e-02,    1.575400e-02,    1.575400e-02,
        16,    6.309500e+02,    2.355976e-02,   -2.334192e-02,    2.506880e-01,   -2.831415e-01,   -3.295120e-01,    3.520504e-01,   -2.293322e-02,    2.538837e-02,    1.192323e+00,    2.660628e-01,   -5.891332e-01,    4.500633e-01,   -3.867792e-01,   -8.860260e-01,   -6.887161e-01,   -2.457202e-01,    4.793800e-02,   -1.790200e-02,    2.384600e-01,   -2.738000e-01,   -3.375400e-01,    3.336600e-01,   -3.763800e-02,    2.014200e-02,    2.044600e-02,    2.044600e-02,    2.075600e-02,    2.075600e-02,    2.075600e-02,    2.075600e-02,    2.135100e-02,    2.135100e-02,
        17,    1.000000e+02,   -6.420914e-03,    1.144818e-02,    8.306597e-02,   -1.213412e-01,   -8.810431e-02,    1.357191e-01,   -3.909371e-03,    1.992483e-03,    6.075634e-01,    1.917788e-01,    3.845798e-01,   -6.380470e-01,    2.021516e+00,    1.073967e+00,   -1.349374e+00,   -8.909824e-02,   -2.366400e-03,    1.272800e-02,    8.608500e-02,   -1.263500e-01,   -7.223500e-02,    1.441500e-01,   -1.331100e-02,    1.371700e-03,    6.673400e-03,    6.673400e-03,    7.850200e-03,    7.850200e-03,    7.850200e-03,    7.850200e-03,    6.967400e-03,    6.967400e-03,
        17,    1.584800e+02,   -8.151795e-03,    1.768766e-02,    1.121414e-01,   -1.657871e-01,   -1.207736e-01,    1.836711e-01,   -5.716770e-03,    4.475564e-04,    2.830914e-01,    1.039724e-01,   -2.853278e-01,   -4.788229e-01,    2.154256e+00,    3.024797e-01,   -1.010817e+00,    2.174204e-01,   -5.485300e-03,    1.866700e-02,    1.091900e-01,   -1.707400e-01,   -9.849000e-02,    1.868000e-01,   -1.401800e-02,    2.233100e-03,    9.419200e-03,    9.419200e-03,    1.034400e-02,    1.034400e-02,    1.034400e-02,    1.034400e-02,    8.212400e-03,    8.212400e-03,
        17,    2.511800e+02,   -1.194103e-02,    2.647885e-02,    1.528223e-01,   -2.220439e-01,   -1.664460e-01,    2.443141e-01,   -6.661341e-03,   -2.603096e-03,    3.848021e-02,   -4.676617e-01,   -6.869240e-01,   -8.538191e-01,    1.532599e+00,   -5.349224e-01,   -7.683906e-01,   -8.157384e-02,   -1.147500e-02,    2.081500e-02,    1.433400e-01,   -2.338300e-01,   -1.452900e-01,    2.369300e-01,   -1.393800e-02,   -3.375600e-03,    1.211100e-02,    1.211100e-02,    1.380400e-02,    1.380400e-02,    1.380400e-02,    1.380400e-02,    9.470000e-03,    9.470000e-03,
        17,    3.981000e+02,   -1.878091e-02,    3.745153e-02,    2.084793e-01,   -2.933199e-01,   -2.280149e-01,    3.203867e-01,   -6.022441e-03,   -6.588258e-03,   -6.787264e-02,   -2.379859e-02,   -1.205277e+00,   -1.119573e+00,    6.010434e-01,   -3.535388e-01,   -2.841119e-02,   -6.817260e-01,   -2.004300e-02,    3.700900e-02,    1.859900e-01,   -3.142100e-01,   -2.168000e-01,    3.137900e-01,   -6.354000e-03,   -1.454400e-02,    1.859500e-02,    1.859500e-02,    1.865900e-02,    1.865900e-02,    1.865900e-02,    1.865900e-02,    1.167000e-02,    1.167000e-02,
        17,    6.309500e+02,   -2.884676e-02,    5.035967e-02,    2.830761e-01,   -3.821034e-01,   -3.089903e-01,    4.154979e-01,   -3.674512e-03,   -1.094846e-02,    1.183514e-01,   -3.843074e-01,   -1.039223e+00,   -1.523332e+00,    3.488579e-01,    2.315255e-02,    5.031533e-01,   -2.154259e-01,   -2.609000e-02,    4.140800e-02,    2.569500e-01,   -4.204000e-01,   -3.002200e-01,    4.160800e-01,    2.710000e-03,   -1.368200e-02,    2.329300e-02,    2.329300e-02,    2.514000e-02,    2.514000e-02,    2.514000e-02,    2.514000e-02,    1.268900e-02,    1.268900e-02,
        17,    1.000000e+03,   -4.219461e-02,    6.562682e-02,    3.789137e-01,   -4.920528e-01,   -4.126510e-01,    5.344649e-01,    4.258498e-04,   -1.521256e-02,    3.415246e-01,   -9.731957e-01,   -1.370649e-01,   -2.474095e+00,    8.924806e-04,    9.525291e-01,    8.446622e-01,    2.239385e-01,   -3.264900e-02,    3.842600e-02,    3.741500e-01,   -5.780400e-01,   -4.126200e-01,    5.675700e-01,    1.497600e-02,   -1.135500e-02,    2.795000e-02,    2.795000e-02,    3.475500e-02,    3.475500e-02,    3.475500e-02,    3.475500e-02,    1.722600e-02,    1.722600e-02,
        18,    1.000000e+02,    5.507785e-01,   -1.741127e-01,    3.750867e-01,   -2.907767e-01,   -1.902426e+00,    8.198203e-01,   -7.524499e-01,    5.181063e-02,   -2.874326e-01,    4.585695e-03,    8.890156e-01,   -5.358053e-01,    9.988795e-02,    2.274404e-01,    2.436828e-01,    2.309091e-01,    5.274200e-01,   -1.737400e-01,    4.216000e-01,   -3.188100e-01,   -1.897200e+00,    8.317200e-01,   -7.079900e-01,    9.394000e-02,    8.126600e-02,    8.126600e-02,    5.232000e-02,    5.232000e-02,    5.232000e-02,    5.232000e-02,    1.824500e-01,    1.824500e-01,
        18,    1.584800e+02,    5.938852e-01,   -1.779228e-01,    4.414252e-01,   -3.870887e-01,   -2.116431e+00,    9.105578e-01,   -7.480099e-01,    4.197325e-02,   -2.635799e-01,   -8.954805e-02,    8.306650e-01,   -9.100160e-02,    7.145900e-03,    4.864222e-01,    1.453212e-01,    1.768822e-01,    5.696100e-01,   -1.861700e-01,    4.915500e-01,   -3.925800e-01,   -2.116000e+00,    9.399100e-01,   -7.197900e-01,    7.632200e-02,    9.209800e-02,    9.209800e-02,    6.034300e-02,    6.034300e-02,    6.034300e-02,    6.034300e-02,    1.941900e-01,    1.941900e-01,
        18,    2.511800e+02,    6.321111e-01,   -1.907900e-01,    5.376394e-01,   -5.097787e-01,   -2.339315e+00,    1.039038e+00,   -7.485101e-01,    4.121903e-02,   -1.215685e-01,   -1.491887e-01,    6.884597e-01,    2.458769e-01,   -3.374801e-01,    4.790541e-01,   -2.343264e-02,    2.916731e-02,    6.192200e-01,   -2.066100e-01,    5.861600e-01,   -4.924500e-01,   -2.363100e+00,    1.072800e+00,   -7.534300e-01,    4.734300e-02,    1.060400e-01,    1.060400e-01,    7.047700e-02,    7.047700e-02,    7.047700e-02,    7.047700e-02,    2.099600e-01,    2.099600e-01,
        18,    3.981000e+02,    6.676868e-01,   -2.205750e-01,    6.639897e-01,   -6.609402e-01,   -2.576115e+00,    1.229175e+00,   -7.437954e-01,    4.389277e-02,    3.825753e-02,   -1.375770e-01,    3.114524e-01,    4.484159e-01,   -7.538493e-01,    1.897232e-01,   -1.962399e-01,   -1.355814e-01,    6.723600e-01,   -2.373800e-01,    6.896400e-01,   -6.240100e-01,   -2.638200e+00,    1.244800e+00,   -7.884400e-01,    1.304800e-02,    1.221500e-01,    1.221500e-01,    8.235700e-02,    8.235700e-02,    8.235700e-02,    8.235700e-02,    2.275000e-01,    2.275000e-01,
        18,    6.309500e+02,    7.071370e-01,   -2.757095e-01,    8.212116e-01,   -8.539824e-01,   -2.840846e+00,    1.513716e+00,   -7.227046e-01,    6.302670e-02,    1.639124e-01,   -2.640520e-02,   -3.684577e-01,    5.486613e-01,   -7.158986e-01,   -4.979794e-01,   -2.209494e-01,   -3.542239e-01,    7.301700e-01,   -2.794200e-01,    7.859800e-01,   -8.015200e-01,   -2.909300e+00,    1.466100e+00,   -7.753900e-01,   -2.143800e-02,    1.405200e-01,    1.405200e-01,    9.561900e-02,    9.561900e-02,    9.561900e-02,    9.561900e-02,    2.384500e-01,    2.384500e-01,
        18,    1.000000e+03,    7.602754e-01,   -3.618841e-01,    1.018859e+00,   -1.109930e+00,   -3.160693e+00,    1.931620e+00,   -6.884179e-01,    1.239446e-01,    5.362525e-01,    1.629178e-01,   -1.108144e+00,    6.394022e-01,   -5.377153e-01,   -1.274883e+00,   -3.376425e-01,   -6.317020e-01,    8.502800e-01,   -3.345400e-01,    8.943700e-01,   -1.038100e+00,   -3.221100e+00,    1.788400e+00,   -7.739900e-01,   -3.615400e-02,    1.678400e-01,    1.678400e-01,    1.123400e-01,    1.123400e-01,    1.123400e-01,    1.123400e-01,    2.534400e-01,    2.534400e-01,
        19,    1.000000e+02,    3.182389e-03,   -9.519669e-04,    1.137812e-01,   -1.142455e-01,   -1.219695e-01,    1.272709e-01,    2.643011e-02,   -2.827043e-02,   -6.808562e-01,    2.576966e-02,    1.066842e-01,    8.847641e-01,    1.546593e-01,   -1.079437e+00,   -3.820859e-01,   -3.156326e-01,    1.495500e-03,   -8.881200e-04,    1.146500e-01,   -1.070400e-01,   -1.207100e-01,    1.184800e-01,    2.178700e-02,   -3.210600e-02,    2.477600e-03,    2.477600e-03,    8.144000e-03,    8.144000e-03,    8.144000e-03,    8.144000e-03,    1.215200e-02,    1.215200e-02,
        19,    1.584800e+02,    3.279974e-03,    8.149391e-04,    1.387369e-01,   -1.480781e-01,   -1.528946e-01,    1.640823e-01,    3.235726e-02,   -3.880590e-02,   -2.788360e-01,   -4.571277e-01,   -1.876795e-01,    1.267964e+00,    8.737440e-01,   -1.119184e+00,   -3.796275e-01,   -8.192481e-02,    2.369100e-03,   -6.783600e-04,    1.368500e-01,   -1.353300e-01,   -1.441100e-01,    1.528300e-01,    2.663400e-02,   -4.004100e-02,    3.266700e-03,    3.266700e-03,    1.005400e-02,    1.005400e-02,    1.005400e-02,    1.005400e-02,    1.507600e-02,    1.507600e-02,
        19,    2.511800e+02,    1.866340e-03,    2.342547e-03,    1.727310e-01,   -1.952647e-01,   -1.944014e-01,    2.116133e-01,    4.213562e-02,   -5.287071e-02,    4.661101e-01,   -7.027988e-01,   -4.427427e-01,    1.654083e+00,    1.032999e+00,   -1.004889e+00,   -4.393030e-01,    1.116515e-01,    4.099100e-03,   -1.024000e-03,    1.670900e-01,   -1.741900e-01,   -1.812400e-01,    1.988100e-01,    3.370100e-02,   -5.072700e-02,    4.790200e-03,    4.790200e-03,    1.274100e-02,    1.274100e-02,    1.274100e-02,    1.274100e-02,    1.920000e-02,    1.920000e-02,
        19,    3.981000e+02,   -9.080995e-04,    2.624649e-03,    2.203558e-01,   -2.570652e-01,   -2.486600e-01,    2.705937e-01,    5.696934e-02,   -6.975867e-02,   -1.709139e-01,   -1.165189e+00,    9.668643e-02,    1.228517e+00,   -8.133845e-01,   -9.292166e-01,    2.357233e-01,   -2.124182e-01,   -1.873900e-03,   -3.959600e-03,    2.220200e-01,   -2.359200e-01,   -2.626600e-01,    2.546000e-01,    6.369900e-02,   -7.582300e-02,    5.650800e-03,    5.650800e-03,    1.721200e-02,    1.721200e-02,    1.721200e-02,    1.721200e-02,    2.854900e-02,    2.854900e-02,
        19,    6.309500e+02,   -4.484327e-03,    6.041400e-04,    2.844851e-01,   -3.345516e-01,   -3.166070e-01,    3.439850e-01,    7.694407e-02,   -8.857713e-02,   -1.108036e+00,   -6.769944e-02,    1.907235e+00,   -9.012661e-02,   -4.439994e+00,   -6.307350e-01,    1.427662e+00,   -4.556532e-01,   -2.109600e-02,   -4.108100e-04,    3.327000e-01,   -3.368300e-01,   -4.288500e-01,    3.280400e-01,    1.439100e-01,   -1.099500e-01,    1.499200e-02,    1.499200e-02,    2.528000e-02,    2.528000e-02,    2.528000e-02,    2.528000e-02,    4.690600e-02,    4.690600e-02,
        19,    1.000000e+03,   -7.845155e-03,   -4.503916e-03,    3.661113e-01,   -4.313241e-01,   -4.001913e-01,    4.377357e-01,    1.010747e-01,   -1.096624e-01,   -8.563058e-01,    8.767536e-01,    2.807181e+00,   -1.173185e+00,   -5.527318e+00,   -4.656712e-02,    1.238969e+00,   -7.314775e-01,   -2.568800e-02,    1.376500e-02,    4.641100e-01,   -4.722800e-01,   -5.931500e-01,    4.361100e-01,    1.786800e-01,   -1.554800e-01,    2.083700e-02,    2.083700e-02,    3.491000e-02,    3.491000e-02,    3.491000e-02,    3.491000e-02,    6.263700e-02,    6.263700e-02,
        20,    6.309500e+02,   -1.130171e-01,    1.607718e-01,    4.705981e-01,   -5.418828e-01,   -4.981979e-01,    5.566320e-01,    5.304555e-02,   -6.954370e-02,    1.849937e+00,    5.878454e-01,   -3.954703e-02,    5.472294e-01,   -1.098658e+00,   -2.963928e+00,    1.917620e+00,   -3.577447e-01,   -1.798400e-02,    1.909700e-01,    4.605100e-01,   -4.022900e-01,   -5.582000e-01,    3.947600e-01,    1.529900e-01,   -8.818900e-02,    5.137100e-02,    5.137100e-02,    2.550900e-01,    2.550900e-01,    5.461400e-02,    5.461400e-02,    5.211900e-02,    5.211900e-02,
        21,    1.000000e+02,   -2.100530e-03,    2.238380e-03,    1.281462e-01,   -1.316173e-01,   -1.268403e-01,    1.272469e-01,   -1.254522e-03,    1.114482e-03,   -5.053749e-02,   -5.597128e-02,   -4.877640e-02,    4.403891e-01,   -1.045566e-01,   -3.403903e-01,   -8.109222e-01,    2.119273e-01,   -2.276400e-03,    2.043600e-03,    1.270500e-01,   -1.217200e-01,   -1.287100e-01,    1.211600e-01,   -5.030500e-03,    2.101300e-03,    3.480000e-03,    3.480000e-03,    2.247400e-02,    2.247400e-02,    1.788200e-02,    1.788200e-02,    4.656400e-03,    4.656400e-03,
        21,    1.584800e+02,   -3.666507e-03,    1.797121e-03,    1.612652e-01,   -1.633362e-01,   -1.578239e-01,    1.569978e-01,   -1.840905e-03,    1.394410e-03,    3.890835e-02,    8.611920e-02,   -1.470386e-01,    4.140806e-01,    8.645462e-02,   -3.929419e-01,   -7.294500e-01,   -2.341117e-01,   -3.491400e-03,    2.184700e-03,    1.571900e-01,   -1.518600e-01,   -1.559300e-01,    1.483900e-01,   -5.661400e-03,    1.682500e-04,    4.500500e-03,    4.500500e-03,    2.771500e-02,    2.771500e-02,    2.190600e-02,    2.190600e-02,    5.237500e-03,    5.237500e-03,
        21,    2.511800e+02,   -4.442186e-03,    1.209306e-03,    1.992600e-01,   -2.053825e-01,   -1.930832e-01,    1.980364e-01,   -2.841160e-03,    1.148664e-03,   -7.986082e-02,    2.289772e-01,   -2.300337e-01,    4.288233e-01,    1.539094e-01,   -4.727209e-01,   -4.652012e-01,   -4.012229e-01,   -4.904900e-03,    2.536000e-03,    1.914000e-01,   -1.907300e-01,   -1.889300e-01,    1.852800e-01,   -5.543700e-03,   -1.182200e-03,    5.794000e-03,    5.794000e-03,    3.416900e-02,    3.416900e-02,    2.698500e-02,    2.698500e-02,    5.809400e-03,    5.809400e-03,
        21,    3.981000e+02,   -5.522530e-03,    7.933210e-04,    2.453957e-01,   -2.635216e-01,   -2.364290e-01,    2.559107e-01,   -3.787760e-03,    1.905992e-04,    1.802541e-01,   -1.484922e-02,   -1.681290e-01,    5.583090e-01,    1.837699e-01,   -6.078374e-01,   -1.268886e-01,   -5.830308e-01,   -4.465700e-03,    7.062600e-04,    2.382100e-01,   -2.396600e-01,   -2.302400e-01,    2.354400e-01,   -4.626900e-03,   -3.665100e-03,    5.863000e-03,    5.863000e-03,    4.273900e-02,    4.273900e-02,    3.367800e-02,    3.367800e-02,    6.613200e-03,    6.613200e-03,
        21,    6.309500e+02,   -7.683981e-03,   -3.447787e-04,    3.044618e-01,   -3.430143e-01,   -2.930873e-01,    3.353828e-01,   -4.303598e-03,   -1.442374e-03,    1.996965e-01,   -4.614100e-03,    6.173275e-03,    7.559149e-01,    1.701675e-01,   -7.862806e-01,    3.474749e-01,   -7.613886e-01,   -6.144900e-03,   -3.803400e-04,    3.048000e-01,   -3.016000e-01,   -2.857500e-01,    3.014800e-01,   -1.260100e-03,   -8.111300e-03,    7.707100e-03,    7.707100e-03,    5.478700e-02,    5.478700e-02,    4.311800e-02,    4.311800e-02,    8.758900e-03,    8.758900e-03,
        21,    1.000000e+03,   -1.108492e-02,   -3.757747e-03,    3.811537e-01,   -4.496822e-01,   -3.670783e-01,    4.415440e-01,   -4.251845e-03,   -3.365714e-03,   -1.924738e-02,    2.328642e-01,    3.675808e-01,    8.306831e-01,   -9.233241e-03,   -7.549255e-01,    5.858292e-01,   -9.728664e-01,   -1.131600e-02,   -9.619800e-04,    4.075500e-01,   -3.900300e-01,   -3.676000e-01,    3.988900e-01,    4.572500e-03,   -1.802000e-02,    1.200600e-02,    1.200600e-02,    7.181100e-02,    7.181100e-02,    5.650100e-02,    5.650100e-02,    1.506300e-02,    1.506300e-02,
        22,    1.000000e+02,    6.637786e-03,   -9.722592e-03,    8.041755e-02,   -1.265455e-01,   -8.439624e-02,    1.298773e-01,   -8.213678e-03,    1.235060e-02,   -2.042629e-01,   -4.685597e-03,   -3.360250e-02,    2.105198e+00,   -1.979989e+00,   -1.997387e+00,    4.980716e-01,   -7.452651e-02,    5.438600e-03,   -9.750100e-03,    8.017500e-02,   -1.113500e-01,   -9.868800e-02,    1.154600e-01,   -4.914900e-03,    1.185700e-02,    5.870800e-03,    5.870800e-03,    7.218100e-03,    7.218100e-03,    7.218100e-03,    7.218100e-03,    6.623100e-03,    6.623100e-03,
        22,    1.584800e+02,    9.153310e-03,   -1.126602e-02,    1.103998e-01,   -1.726502e-01,   -1.168276e-01,    1.740798e-01,   -1.216476e-02,    1.449932e-02,   -2.526751e-01,    2.975919e-01,   -2.725078e-01,    1.426476e+00,   -6.607864e-01,   -1.263325e+00,    3.592053e-01,    6.725909e-02,    7.355400e-03,   -9.148500e-03,    1.077100e-01,   -1.585700e-01,   -1.233500e-01,    1.616100e-01,   -8.946100e-03,    1.510200e-02,    7.115500e-03,    7.115500e-03,    9.870600e-03,    9.870600e-03,    9.870600e-03,    9.870600e-03,    8.960500e-03,    8.960500e-03,
        22,    2.511800e+02,    1.239399e-02,   -1.315515e-02,    1.520983e-01,   -2.317819e-01,   -1.612695e-01,    2.294194e-01,   -1.659493e-02,    1.662303e-02,   -3.173379e-01,    4.764210e-01,   -2.840013e-01,    2.256793e-01,    7.029502e-01,   -1.163905e-01,    1.515564e-01,    2.306853e-01,    9.554900e-03,   -8.892800e-03,    1.482200e-01,   -2.287000e-01,   -1.516700e-01,    2.278300e-01,   -1.473700e-02,    1.945100e-02,    8.946600e-03,    8.946600e-03,    1.365600e-02,    1.365600e-02,    1.365600e-02,    1.365600e-02,    1.225900e-02,    1.225900e-02,
        22,    3.981000e+02,    1.615546e-02,   -1.514593e-02,    2.097704e-01,   -3.073728e-01,   -2.208602e-01,    2.981125e-01,   -2.144101e-02,    1.888951e-02,   -4.414609e-02,    3.810409e-01,   -2.573514e-01,   -7.755453e-01,    1.108596e+00,    1.033420e+00,    1.240023e-01,    3.523099e-01,    1.559600e-02,   -1.031700e-02,    2.049000e-01,   -3.220500e-01,   -1.998800e-01,    3.176700e-01,   -1.942300e-02,    2.462300e-02,    1.267300e-02,    1.267300e-02,    1.892500e-02,    1.892500e-02,    1.892500e-02,    1.892500e-02,    1.627400e-02,    1.627400e-02,
        22,    6.309500e+02,    2.013292e-02,   -1.746376e-02,    2.879328e-01,   -4.019450e-01,   -2.986576e-01,    3.823131e-01,   -2.663419e-02,    2.153859e-02,    6.427327e-01,   -6.469480e-02,   -2.736145e-01,   -1.188606e+00,   -1.041007e-01,    1.712197e+00,    4.046266e-01,    3.690124e-01,    3.374600e-02,   -1.883400e-02,    2.808300e-01,   -4.328000e-01,   -3.013600e-01,    4.267600e-01,   -1.850200e-02,    2.895500e-02,    2.118000e-02,    2.118000e-02,    2.595900e-02,    2.595900e-02,    2.595900e-02,    2.595900e-02,    2.009800e-02,    2.009800e-02,
        22,    1.000000e+03,    2.437462e-02,   -2.067386e-02,    3.899281e-01,   -5.190202e-01,   -3.967137e-01,    4.856335e-01,   -3.232490e-02,    2.500702e-02,    5.606263e-01,   -4.394949e-01,    2.295339e-01,   -1.999994e+00,   -1.308329e+00,    1.503449e+00,   -1.613109e-04,    2.139540e-02,    4.064400e-02,   -3.342800e-02,    3.980100e-01,   -5.894400e-01,   -4.427800e-01,    5.385700e-01,   -3.232900e-02,    2.555100e-02,    2.902000e-02,    2.902000e-02,    3.521000e-02,    3.521000e-02,    3.521000e-02,    3.521000e-02,    2.542500e-02,    2.542500e-02,
        23,    1.000000e+02,    6.848789e-04,   -1.946100e-03,    8.614787e-02,   -9.839913e-02,   -7.093422e-02,    9.508925e-02,    6.220203e-03,   -5.993179e-03,    1.495417e+00,   -1.678127e-01,   -1.283168e+00,    1.800656e-01,    9.054712e-01,   -5.181309e-01,    7.357706e-01,    6.782267e-01,    7.970700e-03,   -2.763700e-03,    7.852200e-02,   -9.732900e-02,   -6.555300e-02,    9.201000e-02,    9.984700e-03,   -2.523100e-03,    4.872100e-03,    4.872100e-03,    5.943000e-03,    5.943000e-03,    5.943000e-03,    5.943000e-03,    5.116400e-03,    5.116400e-03,
        23,    1.584800e+02,   -4.322219e-04,   -3.485901e-03,    1.128282e-01,   -1.311598e-01,   -9.725079e-02,    1.271794e-01,    7.042959e-03,   -8.169394e-03,    1.614284e+00,    2.448875e-01,   -1.258081e+00,   -1.051982e-01,    8.280802e-01,    1.863634e-02,    6.288826e-01,    8.518848e-01,    9.158400e-03,   -2.031000e-03,    1.026600e-01,   -1.320100e-01,   -9.055800e-02,    1.273300e-01,    1.101800e-02,   -2.784800e-03,    5.941100e-03,    5.941100e-03,    8.082300e-03,    8.082300e-03,    8.082300e-03,    8.082300e-03,    6.320800e-03,    6.320800e-03,
        23,    2.511800e+02,   -7.012187e-04,   -6.537277e-03,    1.473786e-01,   -1.691644e-01,   -1.305080e-01,    1.648072e-01,    8.804872e-03,   -1.116338e-02,    1.518439e+00,    6.450859e-01,   -1.047774e+00,   -3.027336e-01,    3.235442e-01,   -1.377122e-02,    4.276920e-01,    1.216787e+00,    1.015000e-02,   -1.927300e-03,    1.361800e-01,   -1.724000e-01,   -1.270500e-01,    1.646600e-01,    1.203600e-02,   -1.970800e-03,    7.146300e-03,    7.146300e-03,    1.068800e-02,    1.068800e-02,    1.068800e-02,    1.068800e-02,    7.554800e-03,    7.554800e-03,
        23,    3.981000e+02,   -4.089709e-04,   -1.084290e-02,    1.899291e-01,   -2.164256e-01,   -1.721604e-01,    2.116532e-01,    1.109090e-02,   -1.486468e-02,    1.327643e+00,    1.064702e+00,   -5.136796e-01,   -3.671782e-01,    3.914882e-01,   -3.186102e-01,    2.084038e-01,    1.786924e+00,    1.073500e-02,   -1.906000e-03,    1.828300e-01,   -2.215000e-01,   -1.667500e-01,    2.072500e-01,    1.292600e-02,    8.700800e-04,    8.393800e-03,    8.393800e-03,    1.382000e-02,    1.382000e-02,    1.382000e-02,    1.382000e-02,    8.805500e-03,    8.805500e-03,
        23,    6.309500e+02,    3.437658e-04,   -1.727372e-02,    2.432962e-01,   -2.771248e-01,   -2.241718e-01,    2.709873e-01,    1.368251e-02,   -1.989207e-02,    1.039427e+00,    1.667697e+00,    1.013868e+00,   -6.148720e-02,   -4.119234e-01,   -4.299077e-01,    1.938362e-02,    2.040481e+00,    1.008600e-02,   -1.642900e-03,    2.618500e-01,   -2.782500e-01,   -2.317100e-01,    2.631200e-01,    1.388600e-02,    1.528900e-03,    9.372700e-03,    9.372700e-03,    1.830000e-02,    1.830000e-02,    1.830000e-02,    1.830000e-02,    1.049800e-02,    1.049800e-02,
        23,    1.000000e+03,    2.071010e-03,   -2.685946e-02,    3.107165e-01,   -3.553333e-01,   -2.885231e-01,    3.475469e-01,    1.643609e-02,   -2.709727e-02,    5.037971e-01,    2.910900e+00,    2.985974e+00,    1.197910e-01,   -1.821549e+00,   -2.067750e-01,   -1.607573e-01,    2.087048e+00,    6.514400e-03,   -1.185900e-03,    3.853300e-01,   -3.523400e-01,   -3.340400e-01,    3.423800e-01,    1.443000e-02,   -1.053000e-03,    8.819800e-03,    8.819800e-03,    2.498800e-02,    2.498800e-02,    2.498800e-02,    2.498800e-02,    1.247900e-02,    1.247900e-02,
        24,    1.000000e+02,    1.751593e-03,   -5.377600e-03,    9.000033e-02,   -1.123419e-01,   -9.873043e-02,    1.130865e-01,   -9.725328e-04,    6.792004e-03,    1.206586e+00,    1.169777e+00,   -2.609228e-01,    1.123465e+00,    1.052511e+00,   -9.638837e-01,   -8.271508e-01,   -2.044742e-01,    7.582300e-03,    2.752300e-04,    8.819300e-02,   -1.045600e-01,   -9.144000e-02,    1.064100e-01,   -5.044100e-03,    5.785500e-03,    4.832400e-03,    4.832400e-03,    6.926700e-03,    6.926700e-03,    6.926700e-03,    6.926700e-03,    4.922400e-03,    4.922400e-03,
        24,    1.584800e+02,    3.811958e-03,   -7.250789e-03,    1.140398e-01,   -1.528637e-01,   -1.251910e-01,    1.478510e-01,   -3.141860e-03,    9.325929e-03,    9.584362e-01,    9.038084e-01,   -4.174434e-01,    1.018808e+00,    1.132770e+00,   -5.823726e-01,   -7.172300e-01,   -4.742110e-01,    9.944800e-03,   -1.467500e-03,    1.102400e-01,   -1.435900e-01,   -1.148800e-01,    1.425500e-01,   -7.738300e-03,    6.286900e-03,    6.398800e-03,    6.398800e-03,    9.102500e-03,    9.102500e-03,    9.102500e-03,    9.102500e-03,    6.408600e-03,    6.408600e-03,
        24,    2.511800e+02,    6.510514e-03,   -8.734754e-03,    1.499281e-01,   -2.076394e-01,   -1.607207e-01,    1.938684e-01,   -5.862359e-03,    1.218054e-02,    7.453796e-01,    2.336491e-01,   -7.906359e-01,    5.375213e-01,    1.305471e+00,    1.001078e-01,   -6.520563e-01,   -7.080286e-01,    1.324800e-02,   -6.622800e-03,    1.402800e-01,   -2.010800e-01,   -1.447900e-01,    1.950900e-01,   -1.134700e-02,    6.225100e-03,    9.039000e-03,    9.039000e-03,    1.220300e-02,    1.220300e-02,    1.220300e-02,    1.220300e-02,    8.411300e-03,    8.411300e-03,
        24,    3.981000e+02,    9.606609e-03,   -9.697034e-03,    2.022101e-01,   -2.769140e-01,   -2.088536e-01,    2.532366e-01,   -9.650491e-03,    1.543676e-02,    8.544981e-01,    1.716421e-01,   -1.150563e+00,   -2.757965e-01,    1.404509e+00,    1.033834e+00,   -4.300685e-01,   -9.068630e-01,    2.060400e-02,   -7.488000e-03,    1.831200e-01,   -2.814900e-01,   -1.855500e-01,    2.703900e-01,   -1.422900e-02,    5.782300e-03,    1.287000e-02,    1.287000e-02,    1.659200e-02,    1.659200e-02,    1.659200e-02,    1.659200e-02,    1.064600e-02,    1.064600e-02,
        24,    6.309500e+02,    1.246206e-02,   -1.018053e-02,    2.728226e-01,   -3.619771e-01,   -2.727688e-01,    3.279073e-01,   -1.439359e-02,    1.860980e-02,    1.031222e+00,    4.332640e-01,   -1.265780e+00,   -1.131141e+00,    1.410043e+00,    1.900841e+00,   -1.056569e-01,   -1.077172e+00,    3.089000e-02,   -2.438100e-03,    2.443400e-01,   -3.874300e-01,   -2.410400e-01,    3.706800e-01,   -1.574600e-02,    4.822000e-03,    1.787000e-02,    1.787000e-02,    2.250200e-02,    2.250200e-02,    2.250200e-02,    2.250200e-02,    1.280000e-02,    1.280000e-02,
        24,    1.000000e+03,    1.465510e-02,   -1.100036e-02,    3.636093e-01,   -4.673834e-01,   -3.549260e-01,    4.213420e-01,   -1.951502e-02,    2.191208e-02,    8.824775e-01,    4.854803e-01,   -8.533735e-01,   -1.901303e+00,    9.726534e-01,    2.656940e+00,   -3.299899e-02,   -1.159320e+00,    3.392400e-02,   -3.999000e-04,    3.375200e-01,   -5.255100e-01,   -3.251900e-01,    5.025700e-01,   -2.006000e-02,    2.765900e-03,    2.183500e-02,    2.183500e-02,    3.057200e-02,    3.057200e-02,    3.057200e-02,    3.057200e-02,    1.651500e-02,    1.651500e-02,
        25,    1.000000e+02,    2.136934e-01,   -7.257735e-02,    2.978600e-01,   -3.725980e-01,   -5.338580e-01,    3.566448e-01,   -1.746630e-01,    1.328388e-01,    2.964389e-01,    1.164769e-01,    6.468191e-01,    6.384987e-02,   -1.423976e+00,    2.301470e-01,   -6.592715e-01,   -2.195369e-01,    2.288500e-01,   -6.662200e-02,    3.164800e-01,   -3.707600e-01,   -5.748500e-01,    3.632700e-01,   -2.151100e-01,    1.193700e-01,    5.112900e-02,    5.112900e-02,    2.878700e-02,    2.878700e-02,    2.878700e-02,    2.878700e-02,    6.135100e-02,    6.135100e-02,
        25,    1.584800e+02,    2.294318e-01,   -6.188675e-02,    4.041345e-01,   -4.666837e-01,   -6.197071e-01,    4.082108e-01,   -2.120615e-01,    1.440679e-01,    1.619142e-01,    3.278285e-01,    6.388604e-01,    1.272713e-01,   -1.030350e+00,   -2.051546e-01,   -5.019145e-01,   -2.627854e-01,    2.389200e-01,   -4.267600e-02,    4.263400e-01,   -4.622600e-01,   -6.555200e-01,    4.010800e-01,   -2.468000e-01,    1.258800e-01,    5.860000e-02,    5.860000e-02,    3.475800e-02,    3.475800e-02,    3.475800e-02,    3.475800e-02,    6.921200e-02,    6.921200e-02,
        25,    2.511800e+02,    2.348675e-01,   -5.814683e-02,    5.329499e-01,   -5.728485e-01,   -7.038259e-01,    4.885901e-01,   -2.448165e-01,    1.588930e-01,   -6.057166e-02,    5.015711e-01,    5.210499e-01,    3.259522e-01,   -6.753982e-01,   -8.557849e-01,   -2.709885e-01,   -3.099523e-01,    2.309800e-01,   -2.595600e-02,    5.544000e-01,   -5.594300e-01,   -7.316300e-01,    4.533600e-01,   -2.654000e-01,    1.353500e-01,    6.418000e-02,    6.418000e-02,    4.116700e-02,    4.116700e-02,    4.116700e-02,    4.116700e-02,    7.595700e-02,    7.595700e-02,
        25,    3.981000e+02,    2.340614e-01,   -6.901861e-02,    6.800622e-01,   -6.997978e-01,   -7.942676e-01,    6.183496e-01,   -2.717774e-01,    1.876087e-01,   -2.864750e-01,    7.111993e-01,    3.366927e-01,    6.916679e-01,   -1.105004e-01,   -1.563910e+00,   -1.883149e-02,   -3.350128e-01,    2.144800e-01,   -2.040600e-02,    6.963100e-01,   -6.664200e-01,   -7.996000e-01,    5.428800e-01,   -2.733400e-01,    1.598100e-01,    6.835300e-02,    6.835300e-02,    4.825700e-02,    4.825700e-02,    4.825700e-02,    4.825700e-02,    8.297800e-02,    8.297800e-02,
        25,    6.309500e+02,    2.343734e-01,   -1.004320e-01,    8.456408e-01,   -8.655193e-01,   -9.077210e-01,    8.203776e-01,   -2.991950e-01,    2.430849e-01,   -4.628676e-01,    6.607142e-01,    3.383427e-01,    9.687843e-01,    5.391163e-01,   -1.542430e+00,    3.037162e-01,   -1.180445e-01,    2.000300e-01,   -5.140900e-02,    8.653100e-01,   -8.092000e-01,   -8.763800e-01,    7.307100e-01,   -2.701600e-01,    2.318000e-01,    7.419700e-02,    7.419700e-02,    5.813400e-02,    5.813400e-02,    5.813400e-02,    5.813400e-02,    9.559900e-02,    9.559900e-02,
        26,    3.981000e+02,   -1.244292e-02,    3.149571e-03,    2.466979e-01,   -2.542732e-01,   -2.062782e-01,    2.375089e-01,    6.251867e-03,    1.990336e-03,   -1.288814e+00,   -6.353584e-01,   -1.218694e+00,   -3.471571e-01,    2.720838e+00,    1.331596e+00,    2.173282e-01,    4.167726e-01,   -3.344800e-02,   -7.205500e-03,    2.269100e-01,   -2.599100e-01,   -1.621000e-01,    2.591300e-01,    8.023700e-03,    5.388200e-03,    1.629800e-02,    1.629800e-02,    1.623700e-02,    1.623700e-02,    1.623700e-02,    1.623700e-02,    8.152800e-03,    8.152800e-03,
        26,    6.309500e+02,   -1.525221e-02,    5.165240e-03,    3.052901e-01,   -3.389683e-01,   -2.601631e-01,    3.053398e-01,    6.428861e-03,    4.109402e-04,   -1.212899e+00,   -1.070096e+00,   -4.464595e-01,   -9.572236e-01,    1.233968e+00,    1.349002e+00,    9.938947e-01,    5.895949e-01,   -4.174800e-02,   -1.821100e-02,    2.955600e-01,   -3.598300e-01,   -2.332700e-01,    3.347400e-01,    2.073200e-02,    8.895800e-03,    2.184500e-02,    2.184500e-02,    2.179400e-02,    2.179400e-02,    2.179400e-02,    2.179400e-02,    1.439100e-02,    1.439100e-02,
        26,    1.000000e+03,   -2.057512e-02,    5.119019e-03,    3.832540e-01,   -4.484862e-01,   -3.260860e-01,    3.979842e-01,    8.207667e-03,    3.132922e-04,   -9.551568e-01,   -1.150839e+00,    3.979856e-02,   -4.133242e-01,    9.741329e-02,    9.531253e-01,    8.261282e-01,    6.618846e-01,   -4.603100e-02,   -2.555200e-02,    3.843800e-01,   -4.601800e-01,   -3.233300e-01,    4.249500e-01,    2.271200e-02,    1.193400e-02,    2.665100e-02,    2.665100e-02,    2.829200e-02,    2.829200e-02,    2.829200e-02,    2.829200e-02,    1.755700e-02,    1.755700e-02,
        27,    1.000000e+02,    1.883942e-03,   -8.323938e-04,    9.984388e-02,   -1.216673e-01,   -8.554284e-02,    1.228218e-01,    2.145809e-03,   -1.707485e-03,   -7.704608e-01,   -9.644183e-01,    6.651819e-02,    1.797045e-01,    1.146825e+00,    4.558233e-01,   -1.145350e+00,   -1.272416e+00,   -1.389900e-03,   -4.930400e-03,    1.003500e-01,   -1.203000e-01,   -7.681700e-02,    1.262900e-01,   -4.512800e-03,   -9.104800e-03,    4.249200e-03,    4.249200e-03,    7.608700e-03,    7.608700e-03,    7.608700e-03,    7.608700e-03,    5.813600e-03,    5.813600e-03,
        27,    1.584800e+02,    2.836521e-03,    3.971843e-04,    1.306261e-01,   -1.685635e-01,   -1.188674e-01,    1.643243e-01,    1.765211e-03,   -2.451081e-03,   -4.008390e-01,   -9.729756e-01,   -8.523783e-01,    3.286198e-01,    8.466802e-01,    1.016479e+00,   -5.624533e-01,   -8.679600e-01,    1.135000e-03,   -3.733000e-03,    1.218500e-01,   -1.651800e-01,   -1.101500e-01,    1.747900e-01,   -1.637800e-03,   -7.702500e-03,    4.244900e-03,    4.244900e-03,    1.029600e-02,    1.029600e-02,    1.029600e-02,    1.029600e-02,    6.050300e-03,    6.050300e-03,
        27,    2.511800e+02,    2.214873e-03,    1.854238e-03,    1.764486e-01,   -2.234751e-01,   -1.611263e-01,    2.129789e-01,    2.461705e-03,   -4.077773e-03,   -4.776315e-01,   -7.660034e-01,   -8.963812e-01,    2.264728e-01,    4.596369e-02,    1.106053e+00,   -2.255930e-01,   -3.235489e-01,    1.016400e-03,   -6.781800e-05,    1.640400e-01,   -2.203400e-01,   -1.604900e-01,    2.282900e-01,    1.055900e-03,   -6.094000e-03,    2.509200e-03,    2.509200e-03,    1.384300e-02,    1.384300e-02,    1.384300e-02,    1.384300e-02,    6.231600e-03,    6.231600e-03,
        27,    3.981000e+02,    1.139087e-03,    2.356434e-03,    2.347842e-01,   -2.869322e-01,   -2.133043e-01,    2.745406e-01,    4.259287e-03,   -5.302432e-03,   -5.257550e-01,    2.487763e-01,   -4.448901e-01,   -2.603586e-02,   -7.354197e-01,    8.342558e-01,   -1.401644e-01,    8.819087e-02,   -2.001300e-03,    3.842400e-03,    2.266200e-01,   -2.874100e-01,   -2.268000e-01,    2.898500e-01,    3.293400e-03,   -4.694700e-03,    5.973100e-03,    5.973100e-03,    1.835100e-02,    1.835100e-02,    1.835100e-02,    1.835100e-02,    6.891100e-03,    6.891100e-03,
        27,    6.309500e+02,    4.949257e-04,    2.532629e-03,    3.044351e-01,   -3.659332e-01,   -2.788723e-01,    3.538572e-01,    6.110793e-03,   -5.847187e-03,   -9.322578e-01,    4.358703e-01,    1.441687e-01,    3.344767e-01,   -9.982415e-01,    8.615187e-02,   -1.521393e-01,    9.089272e-02,   -1.043300e-02,    7.641900e-03,    3.078200e-01,   -3.580800e-01,   -3.023100e-01,    3.558800e-01,    4.807400e-03,   -5.068500e-03,    1.172200e-02,    1.172200e-02,    2.347900e-02,    2.347900e-02,    2.347900e-02,    2.347900e-02,    8.567100e-03,    8.567100e-03,
        27,    1.000000e+03,    1.910814e-04,    3.001279e-03,    3.883222e-01,   -4.694883e-01,   -3.598445e-01,    4.571272e-01,    7.698623e-03,   -6.529045e-03,   -1.026074e+00,    3.147734e-01,    1.133399e+00,    1.249322e+00,   -1.491666e+00,   -4.582106e-01,   -9.913536e-01,   -1.047653e-01,   -1.563200e-02,    7.855400e-03,    4.224500e-01,   -4.318700e-01,   -4.047600e-01,    4.433300e-01,   -2.652100e-03,   -7.622900e-03,    1.542100e-02,    1.542100e-02,    3.011100e-02,    3.011100e-02,    3.011100e-02,    3.011100e-02,    1.044100e-02,    1.044100e-02,
        28,    1.000000e+02,    5.411414e-02,   -6.256823e-02,    1.086893e-01,   -1.081464e-01,   -9.276296e-02,    1.027915e-01,   -3.158904e-02,    3.529644e-02,    1.412632e-02,   -4.118769e-01,    4.189462e-01,   -1.015706e+00,   -7.839015e-01,   -2.250276e-01,   -3.267037e-01,    3.714980e-02,    5.438100e-02,   -7.034900e-02,    1.189200e-01,   -1.329500e-01,   -1.051000e-01,    9.925000e-02,   -3.578000e-02,    3.577300e-02,    1.889100e-02,    1.889100e-02,    2.442000e-02,    2.442000e-02,    1.573800e-02,    1.573800e-02,    1.282800e-02,    1.282800e-02,
        28,    1.584800e+02,    7.018263e-02,   -7.648638e-02,    1.317675e-01,   -1.428232e-01,   -1.177873e-01,    1.354317e-01,   -4.131720e-02,    4.104174e-02,    3.074760e-01,   -2.355979e-01,    6.388640e-01,   -7.724401e-01,   -7.297617e-01,   -5.806524e-01,   -3.471393e-01,   -9.954058e-02,    7.753500e-02,   -8.212000e-02,    1.513500e-01,   -1.665000e-01,   -1.322300e-01,    1.239400e-01,   -4.680200e-02,    3.946900e-02,    2.391200e-02,    2.391200e-02,    3.065200e-02,    3.065200e-02,    1.979100e-02,    1.979100e-02,    1.580000e-02,    1.580000e-02,
        28,    2.511800e+02,    8.765991e-02,   -9.440514e-02,    1.630230e-01,   -1.890909e-01,   -1.499929e-01,    1.757430e-01,   -4.992198e-02,    4.869909e-02,    4.729737e-01,    5.162920e-02,    8.589273e-01,   -3.772175e-01,   -5.975761e-01,   -9.137660e-01,   -4.354064e-01,   -3.504898e-01,    1.016500e-01,   -9.287800e-02,    1.958100e-01,   -2.034900e-01,   -1.646700e-01,    1.533000e-01,   -5.822300e-02,    4.201700e-02,    2.957900e-02,    2.957900e-02,    3.817200e-02,    3.817200e-02,    2.456100e-02,    2.456100e-02,    1.906500e-02,    1.906500e-02,
        28,    3.981000e+02,    1.074420e-01,   -1.203528e-01,    2.026220e-01,   -2.503850e-01,   -1.880269e-01,    2.282473e-01,   -5.936884e-02,    6.217438e-02,    5.298112e-01,    3.628617e-01,    9.985885e-01,    1.084539e-02,   -5.448272e-01,   -1.234667e+00,   -5.228283e-01,   -6.937838e-01,    1.266900e-01,   -1.071700e-01,    2.500400e-01,   -2.498700e-01,   -2.046000e-01,    1.906900e-01,   -7.146500e-02,    4.612300e-02,    3.633000e-02,    3.633000e-02,    4.748500e-02,    4.748500e-02,    3.041900e-02,    3.041900e-02,    2.313600e-02,    2.313600e-02,
        28,    6.309500e+02,    1.321430e-01,   -1.567834e-01,    2.513750e-01,   -3.343231e-01,   -2.336407e-01,    3.009020e-01,   -7.250350e-02,    8.124647e-02,    4.618331e-01,    6.294314e-01,    9.962120e-01,    3.651075e-01,   -5.168791e-01,   -1.728902e+00,   -4.975161e-01,   -1.066279e+00,    1.526900e-01,   -1.287800e-01,    3.100200e-01,   -3.128300e-01,   -2.530500e-01,    2.359800e-01,   -8.642400e-02,    5.141200e-02,    4.449000e-02,    4.449000e-02,    5.886800e-02,    5.886800e-02,    3.755100e-02,    3.755100e-02,    2.798000e-02,    2.798000e-02,
        28,    1.000000e+03,    1.619348e-01,   -2.071348e-01,    3.114403e-01,   -4.519158e-01,   -2.895539e-01,    4.027818e-01,   -8.850663e-02,    1.069270e-01,    5.315516e-01,    8.832365e-01,    1.113482e+00,    6.729016e-01,   -5.704343e-01,   -2.307910e+00,   -3.211756e-01,   -1.523527e+00,    1.917400e-01,   -1.576100e-01,    3.942700e-01,   -4.018600e-01,   -3.165200e-01,    2.936800e-01,   -9.919600e-02,    5.622100e-02,    5.607200e-02,    5.607200e-02,    7.438800e-02,    7.438800e-02,    4.727300e-02,    4.727300e-02,    3.328200e-02,    3.328200e-02,
        29,    1.000000e+02,    3.964359e-01,   -1.611664e-01,    3.747546e-01,   -2.661150e-01,   -7.356000e-01,    4.465962e-01,   -3.220340e-01,    5.330827e-02,    5.907888e-03,    4.405427e-01,    1.345150e-01,   -5.327775e-01,    3.745134e-01,   -4.897252e-01,   -1.665837e-01,   -8.227154e-02,    3.968300e-01,   -1.317800e-01,    3.790000e-01,   -2.829300e-01,   -7.237800e-01,    4.311400e-01,   -3.353800e-01,    4.671700e-02,    6.670500e-02,    6.670500e-02,    3.156100e-02,    3.156100e-02,    3.156100e-02,    3.156100e-02,    8.011600e-02,    8.011600e-02,
        29,    1.584800e+02,    4.368245e-01,   -1.871372e-01,    4.317816e-01,   -3.326201e-01,   -8.427399e-01,    5.484221e-01,   -3.332522e-01,    3.573949e-02,   -1.115673e-01,    3.613139e-01,    2.925203e-01,   -3.770328e-01,    3.783721e-01,   -2.148542e-01,   -2.245824e-01,   -2.691287e-01,    4.283400e-01,   -1.596600e-01,    4.426900e-01,   -3.466800e-01,   -8.286300e-01,    5.404100e-01,   -3.531700e-01,    1.187100e-02,    7.604800e-02,    7.604800e-02,    3.729100e-02,    3.729100e-02,    3.729100e-02,    3.729100e-02,    8.868800e-02,    8.868800e-02,
        29,    2.511800e+02,    4.833503e-01,   -2.228081e-01,    5.029617e-01,   -4.267739e-01,   -9.707509e-01,    6.870291e-01,   -3.426877e-01,    1.899360e-02,   -1.298452e-01,    3.070648e-01,    4.956370e-02,   -7.135502e-02,    4.416588e-01,   -3.405945e-01,   -2.099644e-01,   -4.668005e-01,    4.720100e-01,   -1.959900e-01,    5.051400e-01,   -4.299100e-01,   -9.513400e-01,    6.720600e-01,   -3.632000e-01,   -2.661000e-02,    8.733700e-02,    8.733700e-02,    4.395000e-02,    4.395000e-02,    4.395000e-02,    4.395000e-02,    9.769400e-02,    9.769400e-02,
        29,    3.981000e+02,    5.379135e-01,   -2.707505e-01,    5.912724e-01,   -5.579143e-01,   -1.128480e+00,    8.762652e-01,   -3.479313e-01,   -1.192400e-03,    1.226197e-02,    3.058426e-01,   -3.497735e-01,   -1.147263e-01,    6.740638e-01,   -4.398153e-01,   -1.215955e-01,   -6.849632e-01,    5.391800e-01,   -2.391600e-01,    5.728100e-01,   -5.639700e-01,   -1.092900e+00,    8.530500e-01,   -3.609700e-01,   -7.464100e-02,    1.032900e-01,    1.032900e-01,    5.278400e-02,    5.278400e-02,    5.278400e-02,    5.278400e-02,    1.072300e-01,    1.072300e-01,
        29,    6.309500e+02,    6.026860e-01,   -3.349889e-01,    7.043546e-01,   -7.442062e-01,   -1.329035e+00,    1.134075e+00,   -3.455947e-01,   -2.362732e-02,    2.834510e-01,    4.940668e-01,   -7.374519e-01,   -4.104277e-01,    8.188240e-01,   -2.652592e-01,   -1.337555e-01,   -9.406951e-01,    6.383300e-01,   -2.728600e-01,    6.560500e-01,   -7.710900e-01,   -1.275400e+00,    1.116700e+00,   -3.618500e-01,   -1.379500e-01,    1.257500e-01,    1.257500e-01,    6.550200e-02,    6.550200e-02,    6.550200e-02,    6.550200e-02,    1.215300e-01,    1.215300e-01,
        29,    1.000000e+03,    6.807687e-01,   -4.213712e-01,    8.605807e-01,   -1.006938e+00,   -1.593037e+00,    1.482186e+00,   -3.360291e-01,   -4.640088e-02,    5.103988e-01,    9.091628e-01,   -8.419064e-01,   -6.835799e-01,    7.273014e-01,    1.563390e-02,   -5.525600e-02,   -1.467213e+00,    7.601000e-01,   -2.800600e-01,    7.898100e-01,   -1.064400e+00,   -1.531900e+00,    1.483500e+00,   -3.439600e-01,   -2.569900e-01,    1.554300e-01,    1.554300e-01,    8.406000e-02,    8.406000e-02,    8.406000e-02,    8.406000e-02,    1.435300e-01,    1.435300e-01,
        30,    1.000000e+02,    7.893991e-01,   -1.672986e-01,    7.920225e-01,   -4.289558e-01,   -1.483844e+00,    6.010746e-01,   -9.905653e-01,    2.471123e-01,    3.643508e-02,   -1.305823e-01,    1.163035e-01,   -5.411499e-01,   -7.793961e-02,    3.651787e-01,    2.214266e-02,    1.972122e-01,    7.941400e-01,   -1.842900e-01,    7.991200e-01,   -4.619800e-01,   -1.488600e+00,    6.233600e-01,   -9.862900e-01,    2.851900e-01,    1.301200e-01,    1.301200e-01,    6.102600e-02,    6.102600e-02,    6.102600e-02,    6.102600e-02,    1.930800e-01,    1.930800e-01,
        30,    1.584800e+02,    8.217562e-01,   -1.718966e-01,    8.932323e-01,   -5.006426e-01,   -1.622633e+00,    7.143174e-01,   -1.038744e+00,    2.201075e-01,    1.368792e-01,   -1.713683e-01,    2.542402e-01,   -4.642937e-01,   -4.213715e-01,    1.592124e-01,   -1.739134e-01,    1.860726e-01,    8.413600e-01,   -1.964400e-01,    9.107700e-01,   -5.326700e-01,   -1.651700e+00,    7.253000e-01,   -1.075600e+00,    2.595400e-01,    1.432200e-01,    1.432200e-01,    6.898100e-02,    6.898100e-02,    6.898100e-02,    6.898100e-02,    2.119200e-01,    2.119200e-01,
        30,    2.511800e+02,    8.523754e-01,   -1.923032e-01,    1.005228e+00,   -6.038986e-01,   -1.787389e+00,    8.745165e-01,   -1.066143e+00,    2.139866e-01,    2.975309e-01,   -1.563591e-01,    6.141669e-02,   -3.051418e-01,   -5.740992e-01,    3.543524e-02,   -3.199079e-01,    1.395740e-01,    8.991800e-01,   -2.169000e-01,    1.010000e+00,   -6.276100e-01,   -1.832000e+00,    8.772700e-01,   -1.140000e+00,    2.462100e-01,    1.573100e-01,    1.573100e-01,    7.770600e-02,    7.770600e-02,    7.770600e-02,    7.770600e-02,    2.308700e-01,    2.308700e-01,
        30,    3.981000e+02,    8.818505e-01,   -2.315927e-01,    1.130989e+00,   -7.564084e-01,   -1.980079e+00,    1.092904e+00,   -1.075533e+00,    2.475919e-01,    5.101035e-01,   -8.426006e-02,   -2.137741e-01,   -3.111312e-01,   -5.027258e-01,   -1.301924e-01,   -4.958139e-01,    1.326549e-02,    9.711900e-01,   -2.463500e-01,    1.112100e+00,   -7.839000e-01,   -2.024500e+00,    1.081400e+00,   -1.200300e+00,    2.509300e-01,    1.751400e-01,    1.751400e-01,    8.836000e-02,    8.836000e-02,    8.836000e-02,    8.836000e-02,    2.516400e-01,    2.516400e-01,
        30,    6.309500e+02,    9.075937e-01,   -3.014801e-01,    1.286794e+00,   -9.836517e-01,   -2.200638e+00,    1.402249e+00,   -1.085945e+00,    3.435674e-01,    7.737694e-01,    2.470713e-01,   -7.113631e-01,   -5.418575e-01,   -2.703258e-01,   -2.154713e-01,   -6.679302e-01,   -3.962807e-01,    1.060800e+00,   -2.525600e-01,    1.214000e+00,   -1.039100e+00,   -2.228300e+00,    1.380200e+00,   -1.270300e+00,    2.341900e-01,    1.980000e-01,    1.980000e-01,    1.023300e-01,    1.023300e-01,    1.023300e-01,    1.023300e-01,    2.760100e-01,    2.760100e-01,
        30,    1.000000e+03,    9.346559e-01,   -4.266508e-01,    1.500290e+00,   -1.305739e+00,   -2.470384e+00,    1.860357e+00,   -1.124906e+00,    5.112979e-01,    8.571355e-01,    9.321363e-01,   -1.542355e+00,   -1.014293e+00,   -1.983092e-02,   -4.880762e-01,   -7.252723e-01,   -9.776665e-01,    1.126500e+00,   -2.180200e-01,    1.312400e+00,   -1.429300e+00,   -2.472800e+00,    1.800900e+00,   -1.347100e+00,    2.117800e-01,    2.238200e-01,    2.238200e-01,    1.218200e-01,    1.218200e-01,    1.218200e-01,    1.218200e-01,    3.063600e-01,    3.063600e-01,
        31,    1.000000e+02,   -8.037223e-03,    3.424108e-02,    3.043191e-01,   -3.647292e-01,   -2.948179e-01,    2.002796e-01,    1.788774e-02,   -1.723892e-02,    8.668858e-01,    4.888157e-01,    1.696320e+00,   -1.927209e+00,    5.033270e-01,    3.743471e-01,    8.851590e-02,    1.508299e-02,    1.262500e-02,    4.589200e-02,    3.409800e-01,   -4.063800e-01,   -2.839400e-01,    2.083700e-01,    1.914900e-02,   -1.702400e-02,    2.383500e-02,    2.383500e-02,    2.161200e-02,    2.161200e-02,    2.161200e-02,    2.161200e-02,    1.424900e-02,    1.424900e-02,
        31,    1.584800e+02,   -2.149948e-02,    4.244654e-02,    4.120351e-01,   -4.400285e-01,   -3.421525e-01,    2.353568e-01,    2.530154e-02,   -2.202395e-02,    3.056778e-01,    9.466379e-01,    2.316172e+00,   -9.609409e-01,    3.870488e-01,    3.656634e-01,   -6.646077e-02,    3.440375e-01,   -1.127700e-02,    7.410400e-02,    4.726100e-01,   -4.651600e-01,   -3.320300e-01,    2.449200e-01,    2.420700e-02,   -1.635800e-02,    3.344200e-02,    3.344200e-02,    2.615300e-02,    2.615300e-02,    2.615300e-02,    2.615300e-02,    1.646900e-02,    1.646900e-02,
        31,    2.511800e+02,   -3.519793e-02,    4.698988e-02,    5.289438e-01,   -5.230236e-01,   -3.896126e-01,    2.877600e-01,    3.236340e-02,   -2.335748e-02,   -3.471927e-01,    1.100440e+00,    2.448845e+00,    2.673587e-01,    1.188927e-01,    2.327911e-01,   -1.460837e-01,    2.313128e-01,   -5.043900e-02,    9.529700e-02,    6.050000e-01,   -5.147200e-01,   -3.859200e-01,    2.949900e-01,    2.950600e-02,   -1.883300e-02,    4.389800e-02,    4.389800e-02,    3.105800e-02,    3.105800e-02,    3.105800e-02,    3.105800e-02,    1.956000e-02,    1.956000e-02,
        31,    3.981000e+02,   -4.534691e-02,    5.265843e-02,    6.505828e-01,   -6.314181e-01,   -4.417702e-01,    3.709565e-01,    3.530181e-02,   -2.599414e-02,   -9.159761e-01,    9.097635e-01,    1.987748e+00,    1.552858e+00,    7.905515e-02,   -1.626857e-01,    3.880259e-03,    6.702448e-02,   -9.452200e-02,    1.015000e-01,    7.227500e-01,   -5.750400e-01,   -4.389000e-01,    3.650500e-01,    3.539300e-02,   -2.441900e-02,    5.368600e-02,    5.368600e-02,    3.630600e-02,    3.630600e-02,    3.630600e-02,    3.630600e-02,    2.350100e-02,    2.350100e-02,
        31,    6.309500e+02,   -5.544420e-02,    6.639428e-02,    7.819735e-01,   -7.883682e-01,   -5.102236e-01,    4.997072e-01,    3.803144e-02,   -3.638917e-02,   -1.181890e+00,    5.016364e-01,    5.291568e-01,    2.517851e+00,    3.609954e-01,   -6.299376e-01,    1.205003e-01,    2.639731e-01,   -1.285500e-01,    9.742300e-02,    8.044500e-01,   -6.814200e-01,   -4.948900e-01,    4.729500e-01,    4.139400e-02,   -2.902300e-02,    6.185500e-02,    6.185500e-02,    4.247600e-02,    4.247600e-02,    4.247600e-02,    4.247600e-02,    2.790500e-02,    2.790500e-02,
        31,    1.000000e+03,   -7.447733e-02,    8.716625e-02,    9.335154e-01,   -1.019520e+00,   -6.138018e-01,    6.840174e-01,    4.920586e-02,   -5.262649e-02,   -1.919444e-01,    9.157389e-03,   -3.645865e-01,    3.741714e+00,    1.437203e+00,    1.945950e-01,   -9.738631e-02,    6.938694e-01,   -8.566500e-02,    8.770000e-02,    9.145500e-01,   -8.248800e-01,   -5.390400e-01,    6.941400e-01,    4.600000e-02,   -2.978500e-02,    5.828600e-02,    5.828600e-02,    5.201900e-02,    5.201900e-02,    5.201900e-02,    5.201900e-02,    3.291900e-02,    3.291900e-02,
        32,    1.000000e+02,   -3.548285e-03,   -2.597975e-03,    7.588418e-02,   -8.228185e-02,   -9.702549e-02,    9.974364e-02,    8.775582e-03,   -3.005922e-03,    7.803749e-02,   -7.861079e-02,    2.350691e-01,   -7.813145e-01,   -7.884609e-01,    3.170112e-01,   -1.456576e-01,   -2.799380e-01,   -3.284300e-03,   -2.863900e-03,    7.740900e-02,   -8.735000e-02,   -1.021400e-01,    1.018000e-01,    7.980700e-03,   -4.533600e-03,    3.382800e-03,    3.382800e-03,    6.486700e-03,    6.486700e-03,    6.486700e-03,    6.486700e-03,    5.457200e-03,    5.457200e-03,
        32,    1.584800e+02,   -3.137103e-03,   -2.781902e-03,    9.581151e-02,   -1.061562e-01,   -1.236254e-01,    1.262916e-01,    1.048115e-02,   -4.517500e-03,    7.091208e-02,    5.049298e-02,    6.994322e-01,   -3.172446e-01,   -6.940677e-01,   -1.812116e-01,   -3.813492e-02,   -4.008071e-01,   -2.881500e-03,   -2.599900e-03,    1.015300e-01,   -1.087500e-01,   -1.293000e-01,    1.248100e-01,    1.020900e-02,   -7.377900e-03,    3.604500e-03,    3.604500e-03,    8.175900e-03,    8.175900e-03,    8.175900e-03,    8.175900e-03,    7.136600e-03,    7.136600e-03,
        32,    2.511800e+02,   -2.418458e-03,   -3.571808e-03,    1.206964e-01,   -1.365201e-01,   -1.560174e-01,    1.584971e-01,    1.235938e-02,   -4.648229e-03,   -8.613388e-02,    9.693282e-02,    9.793437e-01,    1.563394e-01,   -4.897538e-01,   -4.081144e-01,    1.551961e-01,   -3.521714e-01,   -2.781900e-03,   -3.162800e-03,    1.307200e-01,   -1.349200e-01,   -1.610300e-01,    1.543200e-01,    1.374100e-02,   -7.783400e-03,    4.219500e-03,    4.219500e-03,    1.023500e-02,    1.023500e-02,    1.023500e-02,    1.023500e-02,    8.902400e-03,    8.902400e-03,
        32,    3.981000e+02,   -7.993801e-04,   -4.365553e-03,    1.510877e-01,   -1.770542e-01,   -1.947833e-01,    1.995456e-01,    1.318924e-02,   -4.867211e-03,   -3.950312e-01,   -1.627246e-01,    1.091029e+00,    6.795708e-01,   -3.033646e-01,   -5.012619e-01,    3.878458e-01,   -2.141158e-01,   -3.047700e-03,   -5.291700e-03,    1.650300e-01,   -1.683700e-01,   -1.986600e-01,    1.931400e-01,    1.739000e-02,   -7.186300e-03,    5.691500e-03,    5.691500e-03,    1.277900e-02,    1.277900e-02,    1.277900e-02,    1.277900e-02,    1.083100e-02,    1.083100e-02,
        32,    6.309500e+02,    1.332814e-03,   -4.465757e-03,    1.892238e-01,   -2.321138e-01,   -2.415942e-01,    2.535037e-01,    1.430302e-02,   -6.291840e-03,   -5.461772e-01,   -5.486662e-01,    9.947019e-01,    1.390251e+00,   -1.097247e-01,   -9.167928e-01,    3.800963e-01,   -5.828536e-02,   -2.930700e-03,   -8.748700e-03,    2.049600e-01,   -2.101200e-01,   -2.433300e-01,    2.390000e-01,    1.904700e-02,   -7.019300e-03,    7.806100e-03,    7.806100e-03,    1.582000e-02,    1.582000e-02,    1.582000e-02,    1.582000e-02,    1.248100e-02,    1.248100e-02,
        32,    1.000000e+03,    3.744800e-03,   -4.068106e-03,    2.374424e-01,   -3.071940e-01,   -2.988704e-01,    3.258201e-01,    1.673804e-02,   -7.991278e-03,   -4.548086e-01,   -6.615041e-01,    9.806385e-01,    2.253367e+00,   -4.490955e-01,   -1.675955e+00,    1.655096e-01,   -2.278429e-01,   -4.167900e-04,   -1.012100e-02,    2.568100e-01,   -2.626900e-01,   -3.077400e-01,    2.927200e-01,    1.915100e-02,   -1.131300e-02,    9.150200e-03,    9.150200e-03,    1.975000e-02,    1.975000e-02,    1.975000e-02,    1.975000e-02,    1.457900e-02,    1.457900e-02,
        33,    1.000000e+02,    3.443109e-05,    8.544186e-03,    2.434091e-01,   -3.336063e-01,   -3.693692e-01,    2.923883e-01,    2.936557e-03,   -2.210298e-02,    2.728593e+00,    1.281881e-02,   -2.101176e-03,   -2.866831e+00,   -1.729387e+00,   -8.713900e-01,    1.014223e+00,    2.240087e-01,    8.103000e-02,    8.924700e-03,    2.433500e-01,   -4.141900e-01,   -4.114400e-01,    2.711900e-01,    2.065300e-02,   -1.819000e-02,    2.968400e-02,    2.968400e-02,    2.810900e-02,    2.810900e-02,    2.432700e-02,    2.432700e-02,    1.746800e-02,    1.746800e-02,
        33,    1.584800e+02,   -5.906752e-03,    4.769418e-03,    3.381648e-01,   -4.190838e-01,   -4.489359e-01,    3.486851e-01,    1.436780e-02,   -2.027717e-02,    2.928562e+00,    4.225643e-01,   -4.857375e-01,   -2.747930e+00,   -1.785125e+00,   -2.081341e-01,    1.780990e+00,   -1.111033e-02,    1.094200e-01,    2.141000e-02,    3.186100e-01,   -5.297100e-01,   -5.037000e-01,    3.423000e-01,    7.108700e-02,   -2.063100e-02,    3.938000e-02,    3.938000e-02,    4.025800e-02,    4.025800e-02,    3.067800e-02,    3.067800e-02,    3.184700e-02,    3.184700e-02,
        33,    2.511800e+02,   -8.609939e-03,   -3.134827e-03,    4.495655e-01,   -5.166874e-01,   -5.368346e-01,    4.175145e-01,    2.247462e-02,   -1.362004e-02,    2.790819e+00,    7.695601e-01,   -1.120506e+00,   -2.518280e+00,   -1.315528e+00,    2.756454e-01,    2.074284e+00,   -1.201285e-01,    1.183500e-01,    3.187400e-02,    3.957700e-01,   -6.375900e-01,   -5.853500e-01,    4.276800e-01,    1.115900e-01,   -1.878100e-02,    4.549200e-02,    4.549200e-02,    4.801000e-02,    4.801000e-02,    3.687900e-02,    3.687900e-02,    4.296200e-02,    4.296200e-02,
        33,    3.981000e+02,   -6.203330e-03,   -1.159417e-02,    5.751027e-01,   -6.398843e-01,   -6.315929e-01,    5.101725e-01,    2.581760e-02,   -6.000135e-03,    2.084405e+00,    1.001848e+00,   -2.216253e+00,   -1.867341e+00,   -4.910830e-01,    4.198223e-01,    1.688992e+00,   -1.520203e-01,    7.744800e-02,    2.861200e-02,    4.696800e-01,   -7.287100e-01,   -6.525400e-01,    5.280800e-01,    9.923300e-02,   -1.260800e-02,    4.013200e-02,    4.013200e-02,    4.756800e-02,    4.756800e-02,    4.265500e-02,    4.265500e-02,    4.346700e-02,    4.346700e-02,
        33,    6.309500e+02,   -1.102579e-03,   -1.808546e-02,    7.207707e-01,   -8.083413e-01,   -7.373556e-01,    6.452795e-01,    2.662977e-02,    2.641123e-04,    1.085085e+00,    1.125474e+00,   -2.959765e+00,   -4.758134e-01,    7.005827e-02,    4.272854e-01,    9.343674e-01,   -1.576307e-01,    2.656600e-02,    1.061300e-02,    5.726700e-01,   -8.321500e-01,   -7.338500e-01,    6.666600e-01,    6.123500e-02,   -5.573900e-03,    2.549900e-02,    2.549900e-02,    5.003800e-02,    5.003800e-02,    5.003800e-02,    5.003800e-02,    3.703600e-02,    3.703600e-02,
        33,    1.000000e+03,    4.346150e-03,   -2.365716e-02,    9.012782e-01,   -1.042455e+00,   -8.683962e-01,    8.446073e-01,    2.734468e-02,    6.123031e-03,   -8.846825e-01,   -2.340395e-01,   -3.550754e+00,    1.899916e+00,    9.107341e-01,    1.648855e-01,   -2.076497e+00,   -2.362714e-01,   -2.401500e-02,   -3.116000e-02,    6.934100e-01,   -9.312300e-01,   -8.150800e-01,    8.542600e-01,   -1.762600e-02,    1.006100e-03,    3.205800e-02,    3.205800e-02,    5.854200e-02,    5.854200e-02,    5.854200e-02,    5.854200e-02,    2.165700e-02,    2.165700e-02,
        34,    1.000000e+02,   -2.523880e-03,   -8.267416e-03,    8.147587e-02,   -6.312217e-02,   -8.803666e-02,    8.063668e-02,    2.877031e-03,    4.125670e-03,   -2.714120e+00,    1.219667e+00,    4.133219e-01,    1.832947e+00,    1.945489e-01,    2.237065e-01,    7.441841e-01,   -3.618315e-01,   -2.118400e-02,    1.180400e-04,    8.372500e-02,   -5.314800e-02,   -8.697800e-02,    8.185400e-02,    5.996800e-03,    2.608800e-03,    6.875200e-03,    6.875200e-03,    5.441600e-03,    5.441600e-03,    5.441600e-03,    5.441600e-03,    4.192200e-03,    4.192200e-03,
        34,    1.584800e+02,    6.798755e-04,   -5.209720e-03,    9.285025e-02,   -8.686880e-02,   -1.033670e-01,    1.099608e-01,    1.004880e-03,    3.876300e-03,   -2.433195e+00,   -6.907198e-01,    7.766218e-02,    1.423934e-01,    9.894663e-01,    1.024805e+00,    3.979479e-01,    6.418213e-01,   -1.816400e-02,   -1.055900e-02,    9.338900e-02,   -8.588100e-02,   -9.650300e-02,    1.170700e-01,    3.060400e-03,    7.191500e-03,    7.744500e-03,    7.744500e-03,    6.937100e-03,    6.937100e-03,    6.937100e-03,    6.937100e-03,    5.165300e-03,    5.165300e-03,
        34,    2.511800e+02,    1.144947e-03,   -1.723973e-03,    1.103938e-01,   -1.203279e-01,   -1.274099e-01,    1.505768e-01,   -4.536609e-05,    3.175050e-03,   -1.040717e+00,   -1.684968e+00,   -1.094527e+00,   -7.344938e-01,    7.297548e-01,    4.936019e-01,    1.510911e-01,    2.362399e-01,   -6.846200e-03,   -1.466200e-02,    1.006300e-01,   -1.268800e-01,   -1.209000e-01,    1.549800e-01,    6.090700e-04,    4.198300e-03,    7.678500e-03,    7.678500e-03,    8.920600e-03,    8.920600e-03,    8.920600e-03,    8.920600e-03,    4.331400e-03,    4.331400e-03,
        34,    3.981000e+02,   -1.842190e-04,   -1.506565e-04,    1.361841e-01,   -1.648844e-01,   -1.618096e-01,    2.026137e-01,   -5.549610e-04,    3.099651e-03,   -1.676624e-01,   -1.552472e+00,   -1.891406e+00,   -2.082205e+00,    1.643146e+00,    1.558308e+00,   -4.409083e-01,    3.053044e-01,   -1.505600e-03,   -1.238600e-02,    1.133700e-01,   -1.900000e-01,   -1.419900e-01,    2.214100e-01,   -3.140800e-03,    4.890200e-03,    7.881200e-03,    7.881200e-03,    1.206200e-02,    1.206200e-02,    1.206200e-02,    1.206200e-02,    5.864800e-03,    5.864800e-03,
        34,    6.309500e+02,   -7.173476e-04,   -3.740040e-04,    1.712853e-01,   -2.232329e-01,   -2.063367e-01,    2.695206e-01,   -1.663142e-03,    3.651304e-03,    3.448527e-01,   -1.159215e+00,   -1.570373e+00,   -3.472853e+00,    7.824759e-01,    2.178576e+00,   -1.250983e+00,   -5.892927e-02,    2.308700e-03,   -1.054600e-02,    1.446800e-01,   -2.820700e-01,   -1.930800e-01,    3.064300e-01,   -1.612200e-02,    2.970200e-03,    8.774900e-03,    8.774900e-03,    1.694200e-02,    1.694200e-02,    1.694200e-02,    1.694200e-02,    1.155800e-02,    1.155800e-02,
        34,    1.000000e+03,    1.283879e-05,   -2.735991e-04,    2.163106e-01,   -3.011672e-01,   -2.616049e-01,    3.590087e-01,   -3.869468e-03,    3.855975e-03,   -3.219255e-01,   -7.477698e-01,   -6.459067e-01,   -4.506567e+00,    2.535994e-01,    2.857558e+00,   -7.062353e-01,   -9.958403e-02,   -2.765700e-03,   -6.727600e-03,    2.009400e-01,   -4.084100e-01,   -2.555700e-01,    4.270100e-01,   -1.223200e-02,    2.676800e-03,    8.631000e-03,    8.631000e-03,    2.379700e-02,    2.379700e-02,    2.379700e-02,    2.379700e-02,    1.184100e-02,    1.184100e-02,
        35,    1.000000e+02,    5.318113e-03,   -1.094219e-02,    1.021437e-01,   -1.301988e-01,   -9.498485e-02,    1.171598e-01,    4.633973e-03,   -2.239280e-03,    5.089192e-01,   -4.093134e-01,   -8.657470e-01,   -5.508797e-01,    4.647393e-01,   -5.687969e-01,   -5.466159e-01,    1.621290e-01,    9.360000e-03,   -1.419300e-02,    9.544700e-02,   -1.344600e-01,   -9.139000e-02,    1.127600e-01,    2.836700e-03,   -1.706200e-03,    7.942100e-03,    7.942100e-03,    7.735200e-03,    7.735200e-03,    7.735200e-03,    7.735200e-03,    3.288000e-03,    3.288000e-03,
        35,    1.584800e+02,    7.565449e-03,   -1.391469e-02,    1.285639e-01,   -1.724926e-01,   -1.190707e-01,    1.547920e-01,    5.064727e-03,   -3.678717e-03,    4.937221e-01,   -2.636193e-01,   -5.340761e-01,   -4.042036e-01,    5.554592e-01,   -1.185733e-01,   -1.085520e-01,    2.107952e-01,    1.251600e-02,   -1.655800e-02,    1.231500e-01,   -1.765900e-01,   -1.134400e-01,    1.535900e-01,    4.547900e-03,   -2.675100e-03,    1.002700e-02,    1.002700e-02,    1.013700e-02,    1.013700e-02,    1.013700e-02,    1.013700e-02,    4.761100e-03,    4.761100e-03,
        35,    2.511800e+02,    9.887955e-03,   -1.810024e-02,    1.609948e-01,   -2.313926e-01,   -1.488122e-01,    2.067931e-01,    5.875471e-03,   -5.613948e-03,    8.985540e-01,   -1.811661e-02,    2.962883e-01,   -5.843001e-01,    4.865013e-01,    4.875767e-01,   -2.284586e-01,   -7.545875e-03,    2.222600e-02,   -1.834900e-02,    1.650400e-01,   -2.393700e-01,   -1.421700e-01,    2.134500e-01,    4.405500e-03,   -5.662500e-03,    1.373100e-02,    1.373100e-02,    1.365300e-02,    1.365300e-02,    1.365300e-02,    1.365300e-02,    6.434300e-03,    6.434300e-03,
        35,    3.981000e+02,    1.222397e-02,   -2.446269e-02,    2.012146e-01,   -3.149599e-01,   -1.853893e-01,    2.803120e-01,    7.201570e-03,   -8.007176e-03,    8.298358e-01,    4.745905e-01,    1.093431e+00,   -2.075234e-01,   -1.650687e-01,    6.327901e-01,   -2.559628e-01,   -5.120670e-01,    2.582000e-02,   -1.668700e-02,    2.212900e-01,   -3.187700e-01,   -1.884200e-01,    2.919300e-01,    4.511400e-03,   -1.338900e-02,    1.638400e-02,    1.638400e-02,    1.836000e-02,    1.836000e-02,    1.836000e-02,    1.836000e-02,    1.051000e-02,    1.051000e-02,
        35,    6.309500e+02,    1.459152e-02,   -3.399696e-02,    2.514663e-01,   -4.353571e-01,   -2.312184e-01,    3.867515e-01,    9.001740e-03,   -1.129017e-02,    8.243172e-01,    2.227888e-02,    2.042655e+00,    5.433625e-01,   -1.232624e+00,    8.754409e-02,   -6.311351e-01,   -5.034084e-01,    3.405200e-02,   -3.347100e-02,    3.018300e-01,   -4.219600e-01,   -2.616100e-01,    3.889100e-01,    2.384300e-04,   -1.828000e-02,    2.360800e-02,    2.360800e-02,    2.465600e-02,    2.465600e-02,    2.465600e-02,    2.465600e-02,    1.388500e-02,    1.388500e-02,
        36,    1.000000e+02,   -1.037888e-03,    4.132847e-03,    2.298703e-01,   -3.253632e-01,   -5.111249e-01,    4.091634e-01,    8.477020e-02,   -8.011929e-02,    3.679125e-01,    9.864330e-01,   -6.286378e-02,   -3.224808e-01,   -2.048846e-02,   -1.960037e+00,   -4.364874e-01,   -4.124337e-01,    3.486700e-03,    1.626400e-02,    2.282900e-01,   -3.334700e-01,   -5.116400e-01,    3.598900e-01,    6.699600e-02,   -9.691400e-02,    1.229800e-02,    1.229800e-02,    2.513900e-02,    2.513900e-02,    2.513900e-02,    2.513900e-02,    4.072100e-02,    4.072100e-02,
        36,    1.584800e+02,   -6.942312e-03,   -1.359609e-03,    3.137643e-01,   -4.171992e-01,   -6.210976e-01,    5.190405e-01,    1.108898e-01,   -8.080987e-02,    5.631407e-01,    8.865263e-01,    9.605741e-01,   -8.097152e-01,    6.784303e-01,   -1.342685e+00,    2.648989e-02,   -1.334060e-01,   -1.515100e-03,    7.184200e-03,    3.452500e-01,   -4.437400e-01,   -5.988600e-01,    4.750300e-01,    1.122000e-01,   -8.740800e-02,    9.637400e-03,    9.637400e-03,    3.277800e-02,    3.277800e-02,    3.277800e-02,    3.277800e-02,    4.945900e-02,    4.945900e-02,
        36,    2.511800e+02,   -1.220000e-02,   -1.317488e-02,    4.135654e-01,   -5.323472e-01,   -7.532130e-01,    6.491652e-01,    1.366133e-01,   -7.787885e-02,   -1.203743e-01,    9.646632e-01,    5.712921e-01,    2.325748e-01,    1.491272e+00,   -8.175341e-01,   -9.807833e-03,    4.061062e-01,   -1.396300e-02,    9.535800e-04,    4.362800e-01,   -5.231000e-01,   -6.939200e-01,    6.166600e-01,    1.360700e-01,   -5.538300e-02,    1.464600e-02,    1.464600e-02,    3.976000e-02,    3.976000e-02,    3.976000e-02,    3.976000e-02,    5.539400e-02,    5.539400e-02,
        36,    3.981000e+02,   -1.286751e-02,   -3.311133e-02,    5.337485e-01,   -6.879573e-01,   -9.031401e-01,    8.167895e-01,    1.576504e-01,   -7.178695e-02,   -8.564813e-01,    1.488946e-01,    8.169252e-02,    1.185998e+00,    2.486599e+00,   -4.091237e-01,    1.264858e-02,    9.469097e-01,   -3.849000e-02,   -2.865700e-02,    5.376800e-01,   -6.308800e-01,   -7.834700e-01,    7.971000e-01,    1.584500e-01,   -1.192900e-02,    2.991600e-02,    2.991600e-02,    4.812600e-02,    4.812600e-02,    4.812600e-02,    4.812600e-02,    6.321400e-02,    6.321400e-02,
        36,    6.309500e+02,   -3.336010e-03,   -6.000061e-02,    6.892761e-01,   -9.033102e-01,   -1.078841e+00,    1.053379e+00,    1.693173e-01,   -6.694981e-02,   -2.111778e+00,   -2.344471e-01,   -3.524142e-01,    4.926033e-01,    2.725439e+00,    6.171734e-01,    2.919846e-01,    7.248631e-01,   -1.327500e-01,   -7.436800e-02,    6.663900e-01,   -8.713200e-01,   -9.087300e-01,    1.091900e+00,    1.922200e-01,   -1.009300e-02,    6.128200e-02,    6.128200e-02,    6.494100e-02,    6.494100e-02,    6.241600e-02,    6.241600e-02,    7.843800e-02,    7.843800e-02,
        36,    1.000000e+03,    1.986809e-02,   -8.776290e-02,    9.033486e-01,   -1.192177e+00,   -1.310391e+00,    1.390552e+00,    1.695768e-01,   -7.431492e-02,   -2.336867e+00,    2.051688e+00,   -1.268191e+00,   -2.315357e+00,    3.033081e+00,    2.812869e+00,    8.378687e-01,   -4.596596e-01,   -1.768400e-01,    8.494000e-02,    7.913800e-01,   -1.396600e+00,   -1.042600e+00,    1.638900e+00,    2.643900e-01,   -1.263300e-01,    8.417600e-02,    8.417600e-02,    8.829000e-02,    8.829000e-02,    8.829000e-02,    8.829000e-02,    1.131600e-01,    1.131600e-01,
        37,    1.584800e+02,    4.560322e-02,   -2.409481e-02,    4.395226e-01,   -5.509398e-01,   -4.757948e-01,    5.450234e-01,    3.276569e-02,   -6.096797e-02,    6.289217e-01,    1.182222e-01,   -6.491888e-01,   -6.593563e-01,   -1.821153e-01,   -1.167252e+00,   -8.684191e-01,   -1.765677e-01,    6.655700e-02,   -2.015600e-02,    4.166900e-01,   -5.741300e-01,   -4.822000e-01,    5.039700e-01,    4.637600e-03,   -6.668700e-02,    3.331700e-02,    3.331700e-02,    3.517100e-02,    3.517100e-02,    3.517100e-02,    3.517100e-02,    3.239000e-02,    3.239000e-02,
        38,    1.000000e+02,    4.678317e-03,    2.054783e-03,    9.218488e-02,   -9.468177e-02,   -8.363927e-02,    1.204721e-01,    1.788118e-03,   -9.338354e-05,   -1.407054e+00,   -3.770041e+00,   -1.920868e+00,    2.307726e+00,    4.207917e-01,    2.411472e+00,   -6.657226e-01,   -1.414130e+00,   -8.321600e-03,   -3.277700e-02,    7.937000e-02,   -7.928600e-02,   -8.083200e-02,    1.365600e-01,   -1.702000e-03,   -7.507100e-03,    9.239100e-03,    9.239100e-03,    6.671400e-03,    6.671400e-03,    6.671400e-03,    6.671400e-03,    5.242600e-03,    5.242600e-03,
        38,    1.584800e+02,    1.653896e-03,    1.250809e-03,    1.118582e-01,   -1.282894e-01,   -1.118555e-01,    1.607385e-01,    3.627821e-03,   -1.338220e-03,    4.192895e-01,   -2.519815e+00,   -3.308552e+00,   -1.269817e-01,    1.930118e+00,    1.142354e+00,   -5.928754e-01,   -5.103026e-01,    5.210100e-03,   -2.012100e-02,    8.318100e-02,   -1.293900e-01,   -9.512600e-02,    1.706400e-01,    1.269600e-03,   -3.368000e-03,    8.481500e-03,    8.481500e-03,    8.667600e-03,    8.667600e-03,    8.667600e-03,    8.667600e-03,    3.977600e-03,    3.977600e-03,
        38,    2.511800e+02,    6.501487e-04,   -1.261446e-03,    1.380993e-01,   -1.733770e-01,   -1.475428e-01,    2.119995e-01,    5.831599e-03,   -2.502374e-04,    1.181624e+00,   -1.116747e+00,   -3.729266e+00,   -2.799622e+00,    2.459710e+00,    1.400965e+00,   -1.103052e-01,   -9.592757e-01,    1.136500e-02,   -1.138800e-02,    9.300500e-02,   -2.072300e-01,   -1.178000e-01,    2.289400e-01,    5.049800e-03,   -7.049200e-03,    9.067900e-03,    9.067900e-03,    1.209200e-02,    1.209200e-02,    1.209200e-02,    1.209200e-02,    7.087600e-03,    7.087600e-03,
        38,    3.981000e+02,    5.698005e-04,   -3.511856e-03,    1.720708e-01,   -2.347908e-01,   -1.911249e-01,    2.810625e-01,    7.171904e-03,    2.259169e-03,    6.700551e-01,   -9.481907e-01,   -2.838531e+00,   -4.564658e+00,    1.404853e+00,    2.073046e+00,    4.972115e-02,   -7.460256e-01,    7.978600e-03,   -1.399600e-02,    1.227400e-01,   -3.141200e-01,   -1.667100e-01,    3.170900e-01,    7.584500e-03,   -3.931500e-03,    1.105700e-02,    1.105700e-02,    1.737900e-02,    1.737900e-02,    1.737900e-02,    1.737900e-02,    8.298200e-03,    8.298200e-03,
        38,    6.309500e+02,   -2.550147e-05,   -6.369322e-03,    2.156625e-01,   -3.199544e-01,   -2.453480e-01,    3.768828e-01,    8.254628e-03,    5.966407e-03,   -1.602414e+00,    2.767688e-01,   -1.004907e+00,   -3.780147e+00,    7.329792e-01,    2.785104e+00,   -1.734333e+00,   -7.335406e-01,   -2.624900e-02,   -1.840000e-03,    1.918100e-01,   -4.096800e-01,   -2.279500e-01,    4.429900e-01,   -6.166700e-03,   -1.331300e-04,    1.636500e-02,    1.636500e-02,    2.373600e-02,    2.373600e-02,    2.373600e-02,    2.373600e-02,    8.315200e-03,    8.315200e-03,
        38,    1.000000e+03,   -1.160860e-03,   -1.139327e-02,    2.716480e-01,   -4.397330e-01,   -3.134282e-01,    5.118763e-01,    9.019643e-03,    1.256574e-02,   -1.442375e+00,    4.993080e-01,    6.353109e-01,   -4.197214e+00,   -2.643937e-01,    3.056699e+00,   -1.332438e+00,   -4.708004e-01,   -3.273300e-02,   -4.639200e-04,    2.929900e-01,   -5.807300e-01,   -3.223100e-01,    6.145600e-01,   -7.839700e-03,    6.608700e-03,    2.188900e-02,    2.188900e-02,    3.359300e-02,    3.359300e-02,    3.359300e-02,    3.359300e-02,    1.265300e-02,    1.265300e-02,
        39,    1.000000e+02,    3.712947e-03,   -1.214553e-02,    1.115708e-01,   -9.851307e-02,   -9.895591e-02,    9.437952e-02,   -9.398489e-03,    1.006654e-02,   -5.610473e-01,   -1.112978e+00,   -7.135453e-01,   -1.119915e+00,   -7.579925e-01,   -5.533202e-02,    1.845628e-01,    1.628358e-01,   -1.101400e-03,   -2.169600e-02,    1.063800e-01,   -1.066600e-01,   -1.044700e-01,    9.397700e-02,   -8.178400e-03,    1.114300e-02,    8.581000e-03,    8.581000e-03,    7.274600e-03,    7.274600e-03,    7.274600e-03,    7.274600e-03,    6.610700e-03,    6.610700e-03,
        39,    1.584800e+02,    7.761002e-03,   -9.742479e-03,    1.326662e-01,   -1.255387e-01,   -1.193669e-01,    1.254753e-01,   -1.304113e-02,    8.482495e-03,    1.921104e-01,   -1.286843e+00,    1.181309e-01,   -1.491197e+00,   -6.009045e-01,   -4.060407e-01,   -4.726369e-02,    1.664445e-01,    9.769900e-03,   -2.319900e-02,    1.337500e-01,   -1.392200e-01,   -1.248800e-01,    1.217500e-01,   -1.342300e-02,    9.827300e-03,    1.045700e-02,    1.045700e-02,    9.174700e-03,    9.174700e-03,    9.174700e-03,    9.174700e-03,    8.079600e-03,    8.079600e-03,
        39,    2.511800e+02,    8.917687e-03,   -7.017849e-03,    1.580292e-01,   -1.645109e-01,   -1.475430e-01,    1.675430e-01,   -1.526615e-02,    6.279974e-03,    8.586563e-01,   -1.010430e+00,    1.306551e+00,   -1.231805e+00,   -7.059763e-01,   -6.547675e-01,   -2.170448e-01,   -3.662560e-02,    1.963200e-02,   -1.962600e-02,    1.734400e-01,   -1.790400e-01,   -1.558700e-01,    1.598200e-01,   -1.734900e-02,    5.928500e-03,    1.247800e-02,    1.247800e-02,    1.179500e-02,    1.179500e-02,    1.179500e-02,    1.179500e-02,    9.596400e-03,    9.596400e-03,
        39,    3.981000e+02,    7.170853e-03,   -6.870352e-03,    1.932382e-01,   -2.207271e-01,   -1.855114e-01,    2.222653e-01,   -1.602136e-02,    4.847458e-03,    1.279962e+00,   -4.043574e-01,    1.814397e+00,   -4.112074e-02,   -7.923115e-01,   -1.159106e+00,   -2.238136e-01,   -3.491044e-01,    2.516200e-02,   -1.255400e-02,    2.202800e-01,   -2.213400e-01,   -1.973200e-01,    2.049900e-01,   -1.845600e-02,    1.049900e-03,    1.405600e-02,    1.405600e-02,    1.490400e-02,    1.490400e-02,    1.490400e-02,    1.490400e-02,    1.087800e-02,    1.087800e-02,
        39,    6.309500e+02,    5.241680e-03,   -1.163078e-02,    2.433566e-01,   -2.942229e-01,   -2.338938e-01,    2.944075e-01,   -1.696260e-02,    5.015352e-03,    1.398565e+00,    5.196269e-01,    1.498133e+00,    7.776206e-01,   -1.015292e+00,   -1.893470e+00,   -8.619742e-02,   -1.067707e+00,    2.676700e-02,   -3.633200e-03,    2.714900e-01,   -2.796200e-01,   -2.529600e-01,    2.588500e-01,   -1.806300e-02,   -8.615000e-03,    1.539100e-02,    1.539100e-02,    1.877900e-02,    1.877900e-02,    1.877900e-02,    1.877900e-02,    1.276600e-02,    1.276600e-02,
        39,    1.000000e+03,    6.206856e-03,   -2.049107e-02,    3.068199e-01,   -3.898175e-01,   -2.957207e-01,    3.922860e-01,   -1.980354e-02,    5.438166e-03,    1.318133e+00,    1.329892e+00,    1.634149e+00,    1.433482e+00,   -4.570800e-01,   -1.959052e+00,    4.289745e-01,   -1.522290e+00,    3.073600e-02,    4.256900e-03,    3.459300e-01,   -3.555100e-01,   -3.066600e-01,    3.454000e-01,   -1.330500e-02,   -1.762300e-02,    1.860900e-02,    1.860900e-02,    2.393300e-02,    2.393300e-02,    2.393300e-02,    2.393300e-02,    1.514900e-02,    1.514900e-02,
        41,    1.000000e+02,    2.644902e-02,   -1.640855e-02,    8.501430e-02,   -1.120814e-01,   -9.322156e-02,    1.142757e-01,   -1.894933e-02,    6.638565e-03,   -6.823740e-03,   -1.881996e-01,   -4.383100e-01,   -4.782177e-01,    4.650642e-01,   -1.812544e-01,   -9.762706e-01,    4.300294e-01,    2.638000e-02,   -1.831200e-02,    8.188100e-02,   -1.155000e-01,   -8.989700e-02,    1.129800e-01,   -2.870100e-02,    1.093400e-02,    1.011400e-02,    1.011400e-02,    7.148600e-03,    7.148600e-03,    7.148600e-03,    7.148600e-03,    9.988700e-03,    9.988700e-03,
        41,    1.584800e+02,    2.944383e-02,   -2.768580e-02,    1.054521e-01,   -1.567107e-01,   -1.181599e-01,    1.636205e-01,   -1.799415e-02,    1.396186e-02,    2.799162e-01,   -6.269186e-02,    4.926181e-03,   -3.934788e-01,    7.172233e-01,   -7.712229e-02,   -1.124958e+00,   -5.528888e-02,    3.329800e-02,   -2.854900e-02,    1.055000e-01,   -1.605400e-01,   -1.111800e-01,    1.628700e-01,   -3.192900e-02,    1.327700e-02,    1.376900e-02,    1.376900e-02,    9.731800e-03,    9.731800e-03,    9.731800e-03,    9.731800e-03,    1.238700e-02,    1.238700e-02,
        41,    2.511800e+02,    3.708242e-02,   -4.144182e-02,    1.390769e-01,   -2.197068e-01,   -1.598995e-01,    2.264942e-01,   -2.067364e-02,    2.463853e-02,    4.947285e-01,    2.823495e-01,   -8.479114e-02,    8.706362e-02,    9.891842e-01,   -1.278635e-01,   -9.780439e-01,   -5.611604e-01,    4.622500e-02,   -3.622400e-02,    1.379600e-01,   -2.185600e-01,   -1.468700e-01,    2.248100e-01,   -3.571400e-02,    1.600900e-02,    1.848000e-02,    1.848000e-02,    1.317200e-02,    1.317200e-02,    1.317200e-02,    1.317200e-02,    1.537800e-02,    1.537800e-02,
        41,    3.981000e+02,    4.900973e-02,   -5.627748e-02,    1.922560e-01,   -3.015009e-01,   -2.204376e-01,    3.007167e-01,   -2.736012e-02,    3.676224e-02,    5.131944e-01,    6.123462e-01,   -3.967209e-01,    4.699414e-01,    1.367689e+00,    1.098834e-01,   -6.539250e-01,   -9.431812e-01,    6.135000e-02,   -4.155300e-02,    1.852400e-01,   -2.931900e-01,   -1.962500e-01,    3.026600e-01,   -3.971800e-02,    1.893800e-02,    2.404600e-02,    2.404600e-02,    1.768500e-02,    1.768500e-02,    1.768500e-02,    1.768500e-02,    1.889800e-02,    1.889800e-02,
        41,    6.309500e+02,    6.366198e-02,   -7.322691e-02,    2.682497e-01,   -4.029432e-01,   -2.982035e-01,    3.893791e-01,   -3.644806e-02,    5.053947e-02,    5.525955e-01,    8.727445e-01,   -4.914034e-01,    3.178165e-01,    9.842200e-01,    9.948668e-01,   -3.669178e-01,   -1.162306e+00,    8.101900e-02,   -4.581400e-02,    2.563700e-01,   -3.952600e-01,   -2.744100e-01,    4.134300e-01,   -4.517300e-02,    2.290100e-02,    3.141000e-02,    3.141000e-02,    2.417500e-02,    2.417500e-02,    2.417500e-02,    2.417500e-02,    2.377900e-02,    2.377900e-02,
        42,    1.000000e+02,    7.015594e-03,   -2.570643e-02,    1.069376e-01,   -9.955274e-02,   -1.085749e-01,    1.053534e-01,   -5.652383e-03,    2.248378e-02,   -2.043326e-01,   -3.897586e-01,   -4.973029e-03,   -3.672989e-01,    1.236370e-01,    7.322303e-01,    2.046004e-01,    4.084171e-01,    4.972800e-03,   -2.960300e-02,    1.069000e-01,   -1.023300e-01,   -1.076400e-01,    1.108900e-01,   -3.682000e-03,    2.641700e-02,    9.997400e-03,    9.997400e-03,    7.561300e-03,    7.561300e-03,    7.561300e-03,    7.561300e-03,    9.630400e-03,    9.630400e-03,
        42,    1.584800e+02,    1.526732e-02,   -2.724348e-02,    1.297642e-01,   -1.299762e-01,   -1.306547e-01,    1.390820e-01,   -1.497850e-02,    2.258810e-02,    1.115418e-01,   -5.391649e-01,    3.583953e-01,   -2.622996e-01,   -6.573742e-01,    7.071506e-01,   -8.971949e-02,    5.453204e-01,    1.668000e-02,   -3.407200e-02,    1.332400e-01,   -1.325200e-01,   -1.370300e-01,    1.459400e-01,   -1.607900e-02,    2.927700e-02,    1.266500e-02,    1.266500e-02,    9.698100e-03,    9.698100e-03,    9.698100e-03,    9.698100e-03,    1.226600e-02,    1.226600e-02,
        42,    2.511800e+02,    2.139381e-02,   -2.876997e-02,    1.613968e-01,   -1.686388e-01,   -1.610137e-01,    1.858117e-01,   -2.020023e-02,    2.127496e-02,    3.970305e-01,   -4.475589e-01,    4.889564e-01,    1.222826e-01,   -1.323143e+00,    6.388525e-02,   -4.143523e-01,    4.539395e-01,    2.754500e-02,   -3.570400e-02,    1.674300e-01,   -1.671300e-01,   -1.773400e-01,    1.866000e-01,   -2.638900e-02,    2.805500e-02,    1.549300e-02,    1.549300e-02,    1.233900e-02,    1.233900e-02,    1.233900e-02,    1.233900e-02,    1.493600e-02,    1.493600e-02,
        42,    3.981000e+02,    2.633244e-02,   -3.420430e-02,    1.994142e-01,   -2.168976e-01,   -2.019153e-01,    2.466246e-01,   -2.333719e-02,    2.395898e-02,    5.819099e-01,   -1.731900e-01,    5.171289e-01,    6.938011e-01,   -1.844826e+00,   -9.477842e-01,   -5.576367e-01,    1.265255e-01,    3.717400e-02,   -3.743100e-02,    2.074100e-01,   -2.061700e-01,   -2.304400e-01,    2.319700e-01,   -3.317000e-02,    2.619000e-02,    1.863100e-02,    1.863100e-02,    1.546200e-02,    1.546200e-02,    1.546200e-02,    1.546200e-02,    1.763300e-02,    1.763300e-02,
        42,    6.309500e+02,    3.376290e-02,   -4.369297e-02,    2.436821e-01,   -2.835893e-01,   -2.521258e-01,    3.274792e-01,   -2.888183e-02,    2.987581e-02,    6.036416e-01,    2.163199e-01,    2.591899e-01,    1.547371e+00,   -2.290423e+00,   -2.278112e+00,   -3.684686e-01,   -2.224709e-01,    4.710700e-02,   -3.891100e-02,    2.486300e-01,   -2.540500e-01,   -2.958500e-01,    2.839900e-01,   -3.633300e-02,    2.537700e-02,    2.210600e-02,    2.210600e-02,    1.909000e-02,    1.909000e-02,    1.909000e-02,    1.909000e-02,    2.022200e-02,    2.022200e-02,
        42,    1.000000e+03,    4.354551e-02,   -5.613499e-02,    2.989927e-01,   -3.776868e-01,   -3.138495e-01,    4.404590e-01,   -3.641828e-02,    3.685316e-02,    6.109587e-01,    6.543021e-01,    1.754644e-01,    2.347453e+00,   -2.234525e+00,   -4.258523e+00,    1.080235e-02,   -5.969335e-01,    5.981900e-02,   -3.870700e-02,    3.031200e-01,   -3.224700e-01,   -3.664100e-01,    3.402900e-01,   -3.618000e-02,    2.368600e-02,    2.663600e-02,    2.663600e-02,    2.352200e-02,    2.352200e-02,    2.352200e-02,    2.352200e-02,    2.205800e-02,    2.205800e-02,
        43,    2.511800e+02,   -1.356377e-02,    1.958943e-02,    1.904180e-01,   -2.257419e-01,   -2.221418e-01,    2.717490e-01,    3.892950e-02,   -4.615546e-02,    9.517041e-01,    4.459265e-01,   -1.190436e+00,    3.665039e-01,    5.669946e-01,   -8.365303e-01,   -6.501161e-01,    3.510947e-01,   -1.570400e-03,    2.520900e-02,    1.721900e-01,   -2.201300e-01,   -2.134600e-01,    2.589400e-01,    2.660200e-02,   -3.949800e-02,    1.260200e-02,    1.260200e-02,    1.531200e-02,    1.531200e-02,    1.531200e-02,    1.531200e-02,    1.896200e-02,    1.896200e-02,
        43,    3.981000e+02,   -1.874957e-02,    2.339767e-02,    2.465466e-01,   -2.977542e-01,   -2.925773e-01,    3.493167e-01,    5.042912e-02,   -6.006788e-02,    6.717973e-01,   -1.008893e-01,   -1.516508e+00,   -2.665895e-01,    9.451116e-01,   -6.374672e-01,   -4.005884e-01,   -5.046120e-02,   -9.256400e-03,    2.197200e-02,    2.160800e-01,   -3.031100e-01,   -2.735900e-01,    3.365100e-01,    3.972700e-02,   -6.141600e-02,    1.413100e-02,    1.413100e-02,    2.009000e-02,    2.009000e-02,    2.009000e-02,    2.009000e-02,    2.671600e-02,    2.671600e-02,
        43,    6.309500e+02,   -2.289906e-02,    2.852531e-02,    3.220056e-01,   -3.876189e-01,   -3.821867e-01,    4.448791e-01,    6.415369e-02,   -7.777146e-02,    4.621927e-01,   -5.658963e-01,   -5.304645e-01,   -9.252107e-01,    9.372862e-01,   -2.443294e-01,    1.282912e-01,   -1.279729e-01,   -1.514300e-02,    1.902900e-02,    3.077000e-01,   -4.125700e-01,   -3.569100e-01,    4.382900e-01,    6.889700e-02,   -8.250300e-02,    1.678100e-02,    1.678100e-02,    2.696800e-02,    2.696800e-02,    2.696800e-02,    2.696800e-02,    3.697300e-02,    3.697300e-02,
        44,    1.000000e+02,    4.269502e-03,   -4.865743e-04,    1.400161e-01,   -1.506471e-01,   -1.358986e-01,    1.459663e-01,   -4.367317e-03,    2.560279e-03,    5.281578e-02,   -6.164349e-01,    3.591836e-01,   -9.180849e-03,    5.323575e-02,   -3.327346e-01,   -6.252168e-02,    9.882129e-02,    4.546600e-03,   -3.720700e-03,    1.436500e-01,   -1.507400e-01,   -1.353600e-01,    1.426000e-01,   -4.678100e-03,    3.051500e-03,    5.246500e-03,    5.246500e-03,    1.011700e-02,    1.011700e-02,    1.011700e-02,    1.011700e-02,    4.970800e-03,    4.970800e-03,
        44,    1.584800e+02,    3.144869e-03,    1.653543e-03,    1.801481e-01,   -1.902792e-01,   -1.759916e-01,    1.843539e-01,   -4.692360e-03,    2.416122e-04,    3.714007e-01,   -4.226020e-01,    5.532565e-01,   -6.640499e-02,    1.613479e-01,   -2.417559e-01,    1.422220e-02,    2.942321e-01,    5.241500e-03,   -7.321300e-04,    1.873200e-01,   -1.911400e-01,   -1.739000e-01,    1.812200e-01,   -4.617100e-03,    1.798600e-03,    5.645200e-03,    5.645200e-03,    1.296300e-02,    1.296300e-02,    1.296300e-02,    1.296300e-02,    5.291700e-03,    5.291700e-03,
        44,    2.511800e+02,    1.788850e-03,    2.900686e-03,    2.289012e-01,   -2.387200e-01,   -2.244154e-01,    2.303998e-01,   -3.437291e-03,   -1.156795e-03,    5.312546e-01,   -4.499378e-03,    7.974822e-01,    7.145005e-02,    4.497984e-01,   -1.830828e-02,   -9.661199e-03,    2.922795e-01,    5.423800e-03,    2.869900e-03,    2.419600e-01,   -2.375500e-01,   -2.170500e-01,    2.301000e-01,   -3.485500e-03,    3.016800e-04,    6.842200e-03,    6.842200e-03,    1.637500e-02,    1.637500e-02,    1.637500e-02,    1.637500e-02,    4.990000e-03,    4.990000e-03,
        44,    3.981000e+02,    5.842807e-04,    3.564565e-03,    2.874395e-01,   -3.006150e-01,   -2.822760e-01,    2.878791e-01,   -2.029012e-03,   -1.006368e-03,    6.515890e-01,    3.513133e-01,    1.288333e+00,    4.645379e-01,    5.091263e-01,    1.782063e-01,    3.322604e-01,    2.983807e-01,    6.927500e-03,    6.984600e-03,    3.140500e-01,   -2.910200e-01,   -2.717600e-01,    2.915600e-01,   -1.021100e-03,   -1.012300e-04,    9.735000e-03,    9.735000e-03,    2.065500e-02,    2.065500e-02,    2.065500e-02,    2.065500e-02,    3.033500e-03,    3.033500e-03,
        44,    6.309500e+02,   -1.396043e-04,    4.351053e-03,    3.586334e-01,   -3.822781e-01,   -3.507907e-01,    3.625291e-01,   -1.438711e-03,   -1.366013e-04,    6.862283e-01,    7.296443e-01,    1.537754e+00,    1.560965e+00,    6.247592e-01,    6.949240e-02,    6.958245e-01,    2.381027e-01,    9.840900e-03,    1.496300e-02,    3.978200e-01,   -3.425000e-01,   -3.348700e-01,    3.643000e-01,    2.223900e-03,    1.116700e-03,    1.454400e-02,    1.454400e-02,    2.548300e-02,    2.548300e-02,    2.548300e-02,    2.548300e-02,    5.263700e-03,    5.263700e-03,
        45,    1.000000e+02,   -1.081001e-02,    4.348453e-03,    1.227877e-01,   -1.465585e-01,   -1.332262e-01,    1.409641e-01,    1.711075e-02,   -8.940735e-03,   -1.282655e-02,   -3.703230e-01,   -2.047056e-02,   -3.532404e-01,   -5.216874e-02,   -2.437574e-01,   -6.895666e-01,   -5.313095e-01,   -1.089900e-02,    1.779300e-03,    1.225900e-01,   -1.499700e-01,   -1.337300e-01,    1.386100e-01,    1.110000e-02,   -1.357200e-02,    6.937600e-03,    6.937600e-03,    9.657600e-03,    9.657600e-03,    9.657600e-03,    9.657600e-03,    8.716700e-03,    8.716700e-03,
        45,    1.584800e+02,   -1.165261e-02,    3.139608e-03,    1.615061e-01,   -1.824368e-01,   -1.690819e-01,    1.741443e-01,    1.950542e-02,   -7.840980e-03,    1.367580e-01,   -2.864473e-01,    2.387114e-01,   -3.126385e-01,    2.500539e-01,   -2.650454e-01,   -3.338286e-01,   -7.204113e-01,   -1.059800e-02,    9.306700e-04,    1.644100e-01,   -1.862400e-01,   -1.660400e-01,    1.709200e-01,    1.585300e-02,   -1.572300e-02,    7.711500e-03,    7.711500e-03,    1.216500e-02,    1.216500e-02,    1.216500e-02,    1.216500e-02,    1.094100e-02,    1.094100e-02,
        45,    2.511800e+02,   -1.120285e-02,    2.375432e-03,    2.071804e-01,   -2.270365e-01,   -2.112632e-01,    2.173752e-01,    2.071697e-02,   -7.237374e-03,    1.245246e-01,   -1.252930e-01,    1.913499e-01,    6.821311e-02,    6.314821e-01,   -2.707929e-01,    1.707367e-02,   -7.827229e-01,   -1.015300e-02,    1.319100e-03,    2.100600e-01,   -2.260100e-01,   -2.017600e-01,    2.133000e-01,    2.094700e-02,   -1.778300e-02,    8.430900e-03,    8.430900e-03,    1.504900e-02,    1.504900e-02,    1.504900e-02,    1.504900e-02,    1.347300e-02,    1.347300e-02,
        45,    3.981000e+02,   -9.592018e-03,    3.186254e-03,    2.610203e-01,   -2.854275e-01,   -2.623056e-01,    2.753191e-01,    2.143706e-02,   -8.134780e-03,    6.024092e-02,    1.207410e-01,    2.109081e-01,    3.605513e-01,    6.626026e-01,    1.703714e-01,    2.926294e-01,   -6.574986e-01,   -9.031500e-03,    4.309700e-03,    2.650200e-01,   -2.785900e-01,   -2.497400e-01,    2.785500e-01,    2.627100e-02,   -1.899600e-02,    9.304600e-03,    9.304600e-03,    1.896400e-02,    1.896400e-02,    1.896400e-02,    1.896400e-02,    1.651900e-02,    1.651900e-02,
        45,    6.309500e+02,   -7.649129e-03,    6.436387e-03,    3.257946e-01,   -3.639189e-01,   -3.257947e-01,    3.530812e-01,    2.285541e-02,   -1.066140e-02,   -1.311413e-01,   -5.097614e-01,    2.328441e-01,    9.169852e-01,    2.554892e-01,    4.149805e-03,    3.471215e-01,   -5.806039e-01,   -8.940700e-03,    1.415900e-03,    3.313400e-01,   -3.420800e-01,   -3.197100e-01,    3.531800e-01,    2.978500e-02,   -2.225200e-02,    9.848700e-03,    9.848700e-03,    2.381600e-02,    2.381600e-02,    2.381600e-02,    2.381600e-02,    1.996300e-02,    1.996300e-02,
        45,    1.000000e+03,   -5.775122e-03,    1.237556e-02,    4.052193e-01,   -4.708530e-01,   -4.058181e-01,    4.572488e-01,    2.576504e-02,   -1.430035e-02,   -5.424423e-01,   -7.015441e-01,    3.093551e-01,    1.469753e+00,    4.006594e-01,   -1.619883e-01,    4.901198e-01,    1.441140e-02,   -1.303300e-02,    2.988900e-03,    4.144600e-01,   -4.269500e-01,   -3.938500e-01,    4.524100e-01,    3.710200e-02,   -1.396700e-02,    1.338000e-02,    1.338000e-02,    2.987100e-02,    2.987100e-02,    2.987100e-02,    2.987100e-02,    2.313100e-02,    2.313100e-02,
        46,    1.000000e+02,   -2.865722e-02,    1.284034e-02,    1.210470e-01,   -1.056443e-01,   -1.059099e-01,    1.082280e-01,    1.891178e-02,   -2.458674e-03,   -1.082508e+00,   -3.545989e-01,   -8.532311e-01,   -1.719015e+00,   -1.319895e+00,   -1.208304e-02,    4.952677e-02,   -1.376993e+00,   -4.237800e-02,    8.345800e-03,    1.141300e-01,   -1.195800e-01,   -1.166100e-01,    1.081300e-01,    1.937800e-02,   -1.542100e-02,    1.267500e-02,    1.267500e-02,    8.106800e-03,    8.106800e-03,    8.106800e-03,    8.106800e-03,    9.413500e-03,    9.413500e-03,
        46,    1.584800e+02,   -3.409053e-02,    2.302389e-02,    1.492397e-01,   -1.380723e-01,   -1.365714e-01,    1.422318e-01,    1.852685e-02,   -6.070360e-03,   -6.434297e-01,   -6.598188e-01,   -2.717439e-01,   -3.270496e-01,   -2.080248e+00,    2.467195e-01,    6.157076e-01,   -2.325486e-01,   -4.337200e-02,    1.350600e-02,    1.464000e-01,   -1.414900e-01,   -1.583100e-01,    1.448100e-01,    2.555700e-02,   -8.725600e-03,    1.442500e-02,    1.442500e-02,    1.045000e-02,    1.045000e-02,    1.045000e-02,    1.045000e-02,    1.141800e-02,    1.141800e-02,
        46,    2.511800e+02,   -4.481116e-02,    3.078305e-02,    1.883279e-01,   -1.749017e-01,   -1.778545e-01,    1.800606e-01,    2.177148e-02,   -1.017934e-02,    8.539456e-02,   -7.910909e-01,   -7.493522e-01,    8.307905e-01,   -9.395518e-01,   -7.744681e-01,    5.965769e-01,    1.593785e-01,   -4.344100e-02,    1.809000e-02,    1.790000e-01,   -1.645600e-01,   -1.895500e-01,    1.704200e-01,    2.969700e-02,   -8.062000e-03,    1.604500e-02,    1.604500e-02,    1.244800e-02,    1.244800e-02,    1.244800e-02,    1.244800e-02,    1.328500e-02,    1.328500e-02,
        46,    3.981000e+02,   -5.692316e-02,    3.477597e-02,    2.356395e-01,   -2.168911e-01,   -2.283402e-01,    2.225455e-01,    2.689844e-02,   -1.185812e-02,    6.707462e-01,   -5.937128e-01,   -7.852365e-01,    1.270048e+00,   -2.143882e-01,   -1.098682e+00,    5.707184e-01,    1.656337e-01,   -4.456600e-02,    2.383800e-02,    2.237000e-01,   -1.975800e-01,   -2.316000e-01,    2.058400e-01,    3.609500e-02,   -9.189100e-03,    1.842300e-02,    1.842300e-02,    1.520500e-02,    1.520500e-02,    1.520500e-02,    1.520500e-02,    1.611400e-02,    1.611400e-02,
        46,    6.309500e+02,   -6.868319e-02,    3.769387e-02,    2.915405e-01,   -2.693661e-01,   -2.880745e-01,    2.736828e-01,    3.149331e-02,   -1.189095e-02,    9.286345e-01,   -2.554800e-01,   -1.799207e-01,    1.207949e+00,   -1.660993e-01,   -8.870976e-01,    7.027722e-01,   -3.769392e-02,   -4.807400e-02,    3.202400e-02,    2.880900e-01,   -2.462000e-01,   -2.912600e-01,    2.566700e-01,    4.581300e-02,   -1.265900e-02,    2.219300e-02,    2.219300e-02,    1.917800e-02,    1.917800e-02,    1.917800e-02,    1.917800e-02,    2.037600e-02,    2.037600e-02,
        46,    1.000000e+03,   -8.209581e-02,    4.062575e-02,    3.601828e-01,   -3.372397e-01,   -3.604708e-01,    3.382962e-01,    3.591264e-02,   -1.154651e-02,    8.854399e-01,    8.119664e-02,    6.301519e-01,    9.191387e-01,   -4.068511e-01,   -5.263535e-01,    9.124759e-01,   -3.764072e-01,   -5.723000e-02,    4.290600e-02,    3.756700e-01,   -3.146500e-01,   -3.704700e-01,    3.253600e-01,    6.022100e-02,   -2.157400e-02,    2.808300e-02,    2.808300e-02,    2.457700e-02,    2.457700e-02,    2.457700e-02,    2.457700e-02,    2.664000e-02,    2.664000e-02,
        47,    1.000000e+02,   -9.714078e-03,    4.111798e-02,    1.978697e-01,   -1.706774e-01,   -1.623117e-01,    1.027552e-01,   -7.185041e-04,   -4.419439e-02,   -1.096318e+00,    1.289266e-01,    3.506163e-01,    5.028209e-01,    5.360792e-01,   -5.243475e-01,    4.394574e-01,    6.064297e-01,   -2.888100e-02,    4.337200e-02,    2.017100e-01,   -1.651700e-01,   -1.564400e-01,    9.701200e-02,    4.721100e-03,   -3.668800e-02,    1.748300e-02,    1.748300e-02,    1.095300e-02,    1.095300e-02,    1.095300e-02,    1.095300e-02,    1.237800e-02,    1.237800e-02,
        47,    1.584800e+02,   -2.392464e-02,    4.960350e-02,    2.497706e-01,   -2.032934e-01,   -1.866581e-01,    1.270933e-01,    1.686990e-02,   -5.596482e-02,   -8.675235e-01,   -3.360965e-01,    9.003612e-02,    1.026901e+00,    7.205209e-01,   -1.036989e+00,    2.427476e-01,    7.640794e-01,   -4.176700e-02,    4.269100e-02,    2.509300e-01,   -1.900700e-01,   -1.773800e-01,    1.137400e-01,    2.056500e-02,   -4.433400e-02,    2.056700e-02,    2.056700e-02,    1.287700e-02,    1.287700e-02,    1.287700e-02,    1.287700e-02,    1.522200e-02,    1.522200e-02,
        47,    2.511800e+02,   -4.044535e-02,    5.645125e-02,    3.089680e-01,   -2.360613e-01,   -2.160462e-01,    1.598814e-01,    3.760847e-02,   -6.374440e-02,   -5.222075e-01,   -6.156330e-01,   -2.365524e-01,    8.718330e-01,    8.278165e-01,   -1.060272e+00,    6.687938e-02,    5.940997e-01,   -5.294700e-02,    4.171300e-02,    3.053400e-01,   -2.226900e-01,   -2.033500e-01,    1.436200e-01,    3.888700e-02,   -5.238700e-02,    2.394000e-02,    2.394000e-02,    1.533700e-02,    1.533700e-02,    1.533700e-02,    1.533700e-02,    1.911700e-02,    1.911700e-02,
        47,    3.981000e+02,   -5.743220e-02,    6.218536e-02,    3.706929e-01,   -2.734058e-01,   -2.515746e-01,    2.044216e-01,    5.863724e-02,   -6.838489e-02,   -2.937993e-01,   -6.303187e-01,    2.289229e-01,    7.197342e-01,    4.616222e-01,   -1.112212e+00,    2.572346e-01,    2.573204e-01,   -6.581400e-02,    4.420300e-02,    3.749600e-01,   -2.599900e-01,   -2.429700e-01,    1.836900e-01,    6.502000e-02,   -6.200000e-02,    2.852900e-02,    2.852900e-02,    1.864000e-02,    1.864000e-02,    1.864000e-02,    1.864000e-02,    2.481300e-02,    2.481300e-02,
        47,    6.309500e+02,   -7.380754e-02,    6.886931e-02,    4.338997e-01,   -3.246754e-01,   -2.954551e-01,    2.663186e-01,    7.809862e-02,   -7.196215e-02,   -2.906495e-01,   -5.394149e-01,    1.480446e+00,    1.155146e+00,   -1.074163e+00,   -8.019315e-01,    6.097771e-01,   -3.596600e-02,   -8.396400e-02,    5.002000e-02,    4.690100e-01,   -2.972800e-01,   -3.209300e-01,    2.473000e-01,    9.849200e-02,   -7.316500e-02,    3.494400e-02,    3.494400e-02,    2.371600e-02,    2.371600e-02,    2.371600e-02,    2.371600e-02,    3.344400e-02,    3.344400e-02,
        47,    1.000000e+03,   -9.007679e-02,    7.912275e-02,    5.020121e-01,   -4.010452e-01,   -3.528355e-01,    3.527822e-01,    9.505842e-02,   -7.743389e-02,   -3.628798e-01,   -5.290183e-01,    1.871061e+00,    2.119901e+00,   -1.568372e+00,   -6.884253e-01,    8.271557e-01,    3.231166e-01,   -1.052800e-01,    5.695900e-02,    5.564300e-01,   -3.393900e-01,   -3.984500e-01,    3.327600e-01,    1.289900e-01,   -6.417900e-02,    4.189600e-02,    4.189600e-02,    2.908400e-02,    2.908400e-02,    2.908400e-02,    2.908400e-02,    4.102200e-02,    4.102200e-02,
        48,    1.000000e+02,    3.817424e-03,   -4.409298e-03,    1.293895e-01,   -1.272537e-01,   -1.412700e-01,    1.341337e-01,   -1.608345e-02,    1.362609e-02,    8.990561e-02,    2.116818e-01,   -4.160135e-01,   -3.365173e-01,   -4.598780e-02,   -2.998768e-01,    2.754964e-01,   -5.807989e-02,    4.240700e-03,   -3.412700e-03,    1.255000e-01,   -1.304000e-01,   -1.417000e-01,    1.313300e-01,   -1.358800e-02,    1.310000e-02,    4.708000e-03,    4.708000e-03,    9.349500e-03,    9.349500e-03,    9.349500e-03,    9.349500e-03,    9.058000e-03,    9.058000e-03,
        48,    1.584800e+02,    7.316253e-03,   -2.431284e-03,    1.562997e-01,   -1.678558e-01,   -1.724627e-01,    1.706037e-01,   -2.026089e-02,    1.378276e-02,    1.191186e-01,    4.313584e-02,   -2.969887e-01,   -4.518199e-01,    6.896335e-02,   -1.836149e-01,    2.382222e-01,    8.995219e-02,    8.102400e-03,   -2.146600e-03,    1.528000e-01,   -1.731800e-01,   -1.716500e-01,    1.684400e-01,   -1.760400e-02,    1.478600e-02,    6.599700e-03,    6.599700e-03,    1.178400e-02,    1.178400e-02,    1.178400e-02,    1.178400e-02,    1.115300e-02,    1.115300e-02,
        48,    2.511800e+02,    7.537332e-03,    1.939911e-03,    1.943416e-01,   -2.240537e-01,   -2.113454e-01,    2.196255e-01,   -2.331887e-02,    1.399599e-02,    3.509187e-01,    2.971535e-03,    6.095812e-02,   -1.265302e-01,   -7.862769e-02,   -1.457263e-01,   -3.718915e-02,    1.280574e-01,    1.051200e-02,    1.965100e-03,    1.952600e-01,   -2.259600e-01,   -2.125300e-01,    2.174300e-01,   -2.383900e-02,    1.578700e-02,    8.476800e-03,    8.476800e-03,    1.506600e-02,    1.506600e-02,    1.506600e-02,    1.506600e-02,    1.398600e-02,    1.398600e-02,
        48,    3.981000e+02,    4.147689e-03,    4.137055e-03,    2.474988e-01,   -2.959936e-01,   -2.604303e-01,    2.856266e-01,   -2.550013e-02,    1.585473e-02,    6.144866e-01,    4.649532e-01,    9.482421e-02,    3.073917e-02,   -1.807110e-01,   -2.116213e-01,   -1.307569e-01,    9.829712e-02,    1.104100e-02,    9.352900e-03,    2.493300e-01,   -2.954000e-01,   -2.639200e-01,    2.815400e-01,   -2.770600e-02,    1.751300e-02,    1.121800e-02,    1.121800e-02,    1.931100e-02,    1.931100e-02,    1.931100e-02,    1.931100e-02,    1.687000e-02,    1.687000e-02,
        48,    6.309500e+02,    1.275005e-03,    3.307044e-03,    3.146003e-01,   -3.873536e-01,   -3.229401e-01,    3.743932e-01,   -2.819087e-02,    1.989389e-02,    6.701316e-01,    9.166367e-01,    3.649292e-01,    7.788526e-02,   -2.952497e-01,   -5.096739e-01,   -1.317387e-01,   -8.896612e-04,    1.158900e-02,    1.741500e-02,    3.236600e-01,   -3.854200e-01,   -3.302700e-01,    3.617400e-01,   -3.084000e-02,    1.987600e-02,    1.539100e-02,    1.539100e-02,    2.482600e-02,    2.482600e-02,    2.482600e-02,    2.482600e-02,    2.010900e-02,    2.010900e-02,
        48,    1.000000e+03,   -7.448390e-04,    1.852782e-03,    3.967784e-01,   -5.095011e-01,   -4.019574e-01,    4.941451e-01,   -3.153490e-02,    2.561680e-02,    5.359888e-01,    1.180866e+00,    7.237184e-01,    2.815135e-01,   -5.358909e-01,   -7.962278e-01,   -3.651589e-01,   -1.610313e-01,    1.002800e-02,    2.558700e-02,    4.199700e-01,   -5.004800e-01,   -4.191300e-01,    4.686300e-01,   -4.086800e-02,    2.150100e-02,    2.009900e-02,    2.009900e-02,    3.204500e-02,    3.204500e-02,    3.204500e-02,    3.204500e-02,    2.555900e-02,    2.555900e-02,
VTF,
     StaID,        Freq[Hz],     Re(Tzx)_Cal,     Im(Tzx)_Cal,     Re(Tzy)_Cal,     Im(Tzy)_Cal,     Re(Tzx)_Res,     Im(Tzx)_Res,     Re(Tzy)_Res,     Im(Tzy)_Res,     Re(Tzx)_Obs,     Im(Tzx)_Obs,     Re(Tzy)_Obs,     Im(Tzy)_Obs,      Re(Tzx)_SD,      Im(Tzx)_SD,      Re(Tzy)_SD,      Im(Tzy)_SD,
      1001,    1.000000e+02,    5.390238e-02,    1.569689e-03,    8.813005e-02,    4.985280e-02,    4.739539e-01,    2.772370e-01,    7.006651e-01,   -7.145935e-01,    6.812100e-02,    9.886800e-03,    1.091500e-01,    2.841500e-02,    3.000000e-02,    3.000000e-02,    3.000000e-02,    3.000000e-02,
      1001,    1.584800e+02,    5.127419e-02,    9.519882e-03,    6.659435e-02,    5.019087e-02,    7.172271e-01,    1.923373e-01,    8.827217e-01,   -1.615955e-01,    7.279100e-02,    1.529000e-02,    9.307600e-02,    4.534300e-02,    3.000000e-02,    3.000000e-02,    3.000000e-02,    3.000000e-02,
      1001,    2.511800e+02,    4.466915e-02,    1.297345e-02,    4.883155e-02,    4.664306e-02,    6.770285e-01,    5.750849e-01,    3.669150e-01,    1.554981e-01,    6.498000e-02,    3.022600e-02,    5.983900e-02,    5.130800e-02,    3.000000e-02,    3.000000e-02,    3.000000e-02,    3.000000e-02,
      1001,    3.981000e+02,    3.833347e-02,    1.275228e-02,    3.360317e-02,    4.134365e-02,    5.052176e-01,    7.065241e-01,    4.112771e-02,    4.713115e-01,    5.349000e-02,    3.394800e-02,    3.483700e-02,    5.548300e-02,    3.000000e-02,    3.000000e-02,    3.000000e-02,    3.000000e-02,
      1001,    6.309500e+02,    3.335418e-02,    1.098048e-02,    2.108228e-02,    3.441160e-02,    5.279406e-02,    5.680506e-01,   -2.764759e-01,    3.750799e-01,    3.493800e-02,    2.802200e-02,    1.278800e-02,    4.566400e-02,    3.000000e-02,    3.000000e-02,    3.000000e-02,    3.000000e-02,
      1001,    1.000000e+03,    2.908248e-02,    8.361521e-03,    1.173178e-02,    2.686819e-02,   -4.219493e-01,   -1.188174e-01,   -3.933557e-01,   -3.283397e-01,    1.642400e-02,    4.797000e-03,   -6.888900e-05,    1.701800e-02,    3.000000e-02,    3.000000e-02,    3.000000e-02,    3.000000e-02,
      1002,    1.000000e+02,    1.465583e-01,   -1.434147e-02,   -1.885309e-01,    3.932333e-02,    5.097226e-01,    4.125623e-01,   -6.626380e-01,   -9.549776e-01,    1.618500e-01,   -1.964600e-03,   -2.084100e-01,    1.067400e-02,    3.000000e-02,    3.000000e-02,    3.000000e-02,    3.000000e-02,
      1002,    1.584800e+02,    1.483567e-01,    1.126618e-02,   -1.988197e-01,    8.257084e-03,    3.827758e-01,    6.476940e-01,   -1.560108e-01,   -1.155936e+00,    1.598400e-01,    3.069700e-02,   -2.035000e-01,   -2.642100e-02,    3.000000e-02,    3.000000e-02,    3.000000e-02,    3.000000e-02,
      1002,    2.511800e+02,    1.362862e-01,    3.270714e-02,   -1.919716e-01,   -2.021622e-02,    1.524584e-01,    6.132288e-01,    3.213859e-01,   -1.110993e+00,    1.408600e-01,    5.110400e-02,   -1.823300e-01,   -5.354600e-02,    3.000000e-02,    3.000000e-02,    3.000000e-02,    3.000000e-02,
      1002,    3.981000e+02,    1.156075e-01,    4.508993e-02,   -1.733360e-01,   -3.967387e-02,   -1.924983e-02,    5.307024e-01,    6.135339e-01,   -1.001171e+00,    1.150300e-01,    6.101100e-02,   -1.549300e-01,   -6.970900e-02,    3.000000e-02,    3.000000e-02,    3.000000e-02,    3.000000e-02,
      1002,    6.309500e+02,    9.368740e-02,    4.720149e-02,   -1.502307e-01,   -4.768629e-02,   -3.102468e-01,    5.933169e-01,    7.793559e-01,   -1.050124e+00,    8.438000e-02,    6.500100e-02,   -1.268500e-01,   -7.919000e-02,    3.000000e-02,    3.000000e-02,    3.000000e-02,    3.000000e-02,
      1002,    1.000000e+03,    7.565249e-02,    4.310214e-02,   -1.289511e-01,   -4.702000e-02,   -6.244497e-01,    6.479953e-01,    9.110351e-01,   -1.031367e+00,    5.691900e-02,    6.254200e-02,   -1.016200e-01,   -7.796100e-02,    3.000000e-02,    3.000000e-02,    3.000000e-02,    3.000000e-02,
      1003,    1.000000e+02,    7.535011e-02,   -2.582225e-02,   -1.261392e-01,    8.074752e-03,    1.133330e+00,    4.541082e-01,   -4.290279e-01,    2.265416e-01,    1.093500e-01,   -1.219900e-02,   -1.390100e-01,    1.487100e-02,    3.000000e-02,    3.000000e-02,    3.000000e-02,    3.000000e-02,
      1003,    1.584800e+02,    8.428919e-02,   -1.551595e-02,   -1.226653e-01,   -1.057533e-02,    1.114027e+00,    4.831951e-01,   -4.414893e-01,   -7.945555e-02,    1.177100e-01,   -1.020100e-03,   -1.359100e-01,   -1.295900e-02,    3.000000e-02,    3.000000e-02,    3.000000e-02,    3.000000e-02,
      1003,    2.511800e+02,    8.866582e-02,   -4.254028e-03,   -1.125959e-01,   -2.253423e-02,    7.064727e-01,    5.291676e-01,   -3.294716e-01,   -2.810257e-01,    1.098600e-01,    1.162100e-02,   -1.224800e-01,   -3.096500e-02,    3.000000e-02,    3.000000e-02,    3.000000e-02,    3.000000e-02,
      1003,    3.981000e+02,    8.780951e-02,    7.931799e-03,   -1.009746e-01,   -2.949643e-02,    5.050162e-01,    4.806734e-01,   -1.261792e-01,   -4.387525e-01,    1.029600e-01,    2.235200e-02,   -1.047600e-01,   -4.265900e-02,    3.000000e-02,    3.000000e-02,    3.000000e-02,    3.000000e-02,
      1003,    6.309500e+02,    8.106269e-02,    1.858489e-02,   -8.877750e-02,   -3.374566e-02,    3.807103e-01,    3.857036e-01,    8.216587e-03,   -6.014781e-01,    9.248400e-02,    3.015600e-02,   -8.853100e-02,   -5.179000e-02,    3.000000e-02,    3.000000e-02,    3.000000e-02,    3.000000e-02,
      1003,    1.000000e+03,    7.023456e-02,    2.525019e-02,   -7.596518e-02,   -3.584219e-02,    2.260814e-01,    2.955269e-01,    3.468061e-01,   -7.613935e-01,    7.701700e-02,    3.411600e-02,   -6.556100e-02,   -5.868400e-02,    3.000000e-02,    3.000000e-02,    3.000000e-02,    3.000000e-02,
      1004,    1.000000e+02,   -4.553039e-02,    7.998945e-03,    1.815943e-01,    1.445758e-01,   -7.445869e-01,    4.239018e-01,    7.468568e-01,   -4.685281e-01,   -6.786800e-02,    2.071600e-02,    2.040000e-01,    1.305200e-01,    3.000000e-02,    3.000000e-02,    3.000000e-02,    3.000000e-02,
      1004,    1.584800e+02,   -4.637792e-02,    1.347664e-02,    1.437489e-01,    1.291106e-01,   -6.400361e-01,   -6.565471e-02,    8.140352e-01,   -6.668581e-02,   -6.557900e-02,    1.150700e-02,    1.681700e-01,    1.271100e-01,    3.000000e-02,    3.000000e-02,    3.000000e-02,    3.000000e-02,
      1004,    2.511800e+02,   -5.238407e-02,    1.814135e-02,    1.119685e-01,    1.198966e-01,   -2.653309e-01,   -2.759183e-01,    7.527182e-01,    9.444674e-02,   -6.034400e-02,    9.863800e-03,    1.345500e-01,    1.227300e-01,    3.000000e-02,    3.000000e-02,    3.000000e-02,    3.000000e-02,
      1004,    3.981000e+02,   -6.075109e-02,    1.993663e-02,    8.000934e-02,    1.158179e-01,   -1.173041e-02,   -7.379378e-01,    6.536552e-01,    1.040697e-01,   -6.110300e-02,   -2.201500e-03,    9.961900e-02,    1.189400e-01,    3.000000e-02,    3.000000e-02,    3.000000e-02,    3.000000e-02,
      1004,    6.309500e+02,   -6.936211e-02,    1.858247e-02,    4.574359e-02,    1.127433e-01,   -1.609630e-01,   -5.657157e-01,    4.804804e-01,    3.245563e-01,   -7.419100e-02,    1.611000e-03,    6.015800e-02,    1.224800e-01,    3.000000e-02,    3.000000e-02,    3.000000e-02,    3.000000e-02,
      1004,    1.000000e+03,   -7.674161e-02,    1.460861e-02,    9.897943e-03,    1.073711e-01,   -1.123465e-01,    1.416980e+00,   -1.421631e+00,   -2.050376e-01,   -8.011200e-02,    5.711800e-02,   -3.275100e-02,    1.012200e-01,    3.000000e-02,    3.000000e-02,    3.000000e-02,    3.000000e-02,
      1005,    1.000000e+02,    9.409185e-03,    3.990104e-02,    1.138201e-01,    4.838865e-02,    7.876272e-01,    9.401985e-01,    3.656632e-01,    3.340451e-01,    3.303800e-02,    6.810700e-02,    1.247900e-01,    5.841000e-02,    3.000000e-02,    3.000000e-02,    3.000000e-02,    3.000000e-02,
      1005,    1.584800e+02,   -4.332207e-03,    3.745220e-02,    9.158085e-02,    5.812652e-02,    6.135069e-01,    1.291727e+00,    3.650495e-02,    6.774161e-01,    1.407300e-02,    7.620400e-02,    9.267600e-02,    7.844900e-02,    3.000000e-02,    3.000000e-02,    3.000000e-02,    3.000000e-02,
      1005,    2.511800e+02,   -1.630640e-02,    3.095058e-02,    6.662851e-02,    6.202096e-02,    1.883800e-01,    1.775447e+00,   -2.579502e-01,    9.200679e-01,   -1.065500e-02,    8.421400e-02,    5.889000e-02,    8.962300e-02,    3.000000e-02,    3.000000e-02,    3.000000e-02,    3.000000e-02,
      1005,    3.981000e+02,   -2.447471e-02,    2.355700e-02,    4.146600e-02,    5.818094e-02,   -5.916765e-01,    2.157167e+00,   -5.072001e-01,    1.172735e+00,   -4.222500e-02,    8.827200e-02,    2.625000e-02,    9.336300e-02,    3.000000e-02,    3.000000e-02,    3.000000e-02,    3.000000e-02,
      1005,    6.309500e+02,   -2.981390e-02,    1.665615e-02,    2.114457e-02,    4.752750e-02,   -1.564803e+00,    2.457762e+00,   -8.132025e-01,    1.405983e+00,   -7.675800e-02,    9.038900e-02,   -3.251500e-03,    8.970700e-02,    3.000000e-02,    3.000000e-02,    3.000000e-02,    3.000000e-02,
      1005,    1.000000e+03,   -3.261984e-02,    1.038940e-02,    8.369965e-03,    3.443519e-02,   -2.619339e+00,    2.319787e+00,   -1.684066e+00,    1.419560e+00,   -1.112000e-01,    7.998300e-02,   -4.215200e-02,    7.702200e-02,    3.000000e-02,    3.000000e-02,    3.000000e-02,    3.000000e-02,
      1006,    1.000000e+02,   -2.446083e-02,    3.386705e-02,   -9.590813e-03,   -1.935293e-02,    3.782277e-01,   -5.828682e-01,    1.489971e-01,    7.719743e-01,   -1.311400e-02,    1.638100e-02,   -5.120900e-03,    3.806300e-03,    3.000000e-02,    3.000000e-02,    3.000000e-02,    3.000000e-02,
      1006,    1.584800e+02,   -3.090347e-02,    2.201039e-02,    1.043584e-03,   -2.140243e-02,    3.861158e-01,   -2.186797e-01,   -2.214979e-02,    6.866295e-01,   -1.932000e-02,    1.545000e-02,    3.790900e-04,   -8.035500e-04,    3.000000e-02,    3.000000e-02,    3.000000e-02,    3.000000e-02,
      1006,    2.511800e+02,   -3.064037e-02,    1.498620e-02,    9.205382e-03,   -2.027904e-02,    6.097884e-02,   -6.637318e-02,   -4.060606e-02,    5.596846e-01,   -2.881100e-02,    1.299500e-02,    7.987200e-03,   -3.488500e-03,    3.000000e-02,    3.000000e-02,    3.000000e-02,    3.000000e-02,
      1006,    3.981000e+02,   -2.841149e-02,    1.535912e-02,    1.406152e-02,   -1.868572e-02,   -3.137503e-01,   -3.418106e-01,    1.129825e-01,    5.887041e-01,   -3.782400e-02,    5.104800e-03,    1.745100e-02,   -1.024600e-03,    3.000000e-02,    3.000000e-02,    3.000000e-02,    3.000000e-02,
      1006,    6.309500e+02,   -2.941278e-02,    2.229736e-02,    1.662876e-02,   -1.986380e-02,   -2.703408e-01,   -1.045769e+00,    3.082079e-01,    1.011627e+00,   -3.752300e-02,   -9.075700e-03,    2.587500e-02,    1.048500e-02,    3.000000e-02,    3.000000e-02,    3.000000e-02,    3.000000e-02,
      1006,    1.000000e+03,   -3.675764e-02,    3.173487e-02,    2.029039e-02,   -2.507099e-02,    1.774548e-01,   -1.821896e+00,    3.884871e-01,    1.757200e+00,   -3.143400e-02,   -2.292200e-02,    3.194500e-02,    2.764500e-02,    3.000000e-02,    3.000000e-02,    3.000000e-02,    3.000000e-02,
      1007,    1.000000e+02,   -5.882932e-02,   -3.984671e-02,    2.977910e-02,    8.580162e-02,   -8.455596e-02,    3.772237e-01,   -6.056995e-02,   -4.148208e-01,   -6.136600e-02,   -2.853000e-02,    2.796200e-02,    7.335700e-02,    3.000000e-02,    3.000000e-02,    3.000000e-02,    3.000000e-02,
      1007,    1.584800e+02,   -3.917329e-02,   -3.961693e-02,   -6.893756e-03,    7.532648e-02,   -2.301903e-01,    3.146644e-01,    1.830852e-01,   -2.752160e-01,   -4.607900e-02,   -3.017700e-02,   -1.401200e-03,    6.707000e-02,    3.000000e-02,    3.000000e-02,    3.000000e-02,    3.000000e-02,
      1007,    2.511800e+02,   -2.204577e-02,   -3.009307e-02,   -3.353661e-02,    5.175286e-02,   -3.187744e-01,    1.534024e-01,    2.520202e-01,    5.904544e-03,   -3.160900e-02,   -2.549100e-02,   -2.597600e-02,    5.193000e-02,    3.000000e-02,    3.000000e-02,    3.000000e-02,    3.000000e-02,
      1007,    3.981000e+02,   -1.470479e-02,   -1.544035e-02,   -4.222625e-02,    2.477889e-02,   -2.464403e-01,    6.011769e-03,    5.034169e-02,    2.222037e-01,   -2.209800e-02,   -1.526000e-02,   -4.071600e-02,    3.144500e-02,    3.000000e-02,    3.000000e-02,    3.000000e-02,    3.000000e-02,
      1007,    6.309500e+02,   -1.660848e-02,   -5.320963e-03,   -3.739780e-02,    7.606326e-03,   -1.000506e-01,    2.979212e-02,   -2.425734e-01,    1.601225e-01,   -1.961000e-02,   -4.427200e-03,   -4.467500e-02,    1.241000e-02,    3.000000e-02,    3.000000e-02,    3.000000e-02,    3.000000e-02,
      1007,    1.000000e+03,   -1.963758e-02,   -1.859128e-03,   -3.088800e-02,    1.071264e-03,   -7.701390e-02,    1.976776e-01,   -3.328667e-01,   -1.154021e-01,   -2.194800e-02,    4.071200e-03,   -4.087400e-02,   -2.390800e-03,    3.000000e-02,    3.000000e-02,    3.000000e-02,    3.000000e-02,
      1008,    1.000000e+02,    6.637990e-02,    2.057165e-02,   -3.519545e-02,   -2.206733e-02,   -2.459301e-01,    6.939784e-01,   -5.795150e-02,   -6.933889e-01,    5.900200e-02,    4.139100e-02,   -3.693400e-02,   -4.286900e-02,    3.000000e-02,    3.000000e-02,    3.000000e-02,    3.000000e-02,
      1008,    1.584800e+02,    5.402896e-02,    4.803939e-02,   -3.774082e-02,   -2.517185e-02,    7.786790e-02,    8.383871e-01,    1.856071e-02,   -2.785382e-01,    5.636500e-02,    7.319100e-02,   -3.718400e-02,   -3.352800e-02,    3.000000e-02,    3.000000e-02,    3.000000e-02,    3.000000e-02,
      1008,    2.511800e+02,    2.626275e-02,    6.237818e-02,   -3.026891e-02,   -3.690391e-02,   -9.652486e-02,    8.135606e-01,   -3.783031e-01,   -1.776029e-01,    2.336700e-02,    8.678500e-02,   -4.161800e-02,   -4.223200e-02,    3.000000e-02,    3.000000e-02,    3.000000e-02,    3.000000e-02,
      1008,    3.981000e+02,   -1.269647e-03,    6.348841e-02,   -1.414436e-02,   -4.450203e-02,   -5.828784e-01,    1.023186e+00,   -1.134188e+00,   -5.475989e-01,   -1.875600e-02,    9.418400e-02,   -4.817000e-02,   -6.093000e-02,    3.000000e-02,    3.000000e-02,    3.000000e-02,    3.000000e-02,
      1008,    6.309500e+02,   -2.480713e-02,    5.904074e-02,    3.509662e-03,   -4.660649e-02,   -9.044622e-01,    6.710087e-01,   -9.682887e-01,   -1.637117e+00,   -5.194100e-02,    7.917100e-02,   -2.553900e-02,   -9.572000e-02,    3.000000e-02,    3.000000e-02,    3.000000e-02,    3.000000e-02,
      1008,    1.000000e+03,   -4.546842e-02,    5.078382e-02,    2.077150e-02,   -4.496662e-02,   -7.074861e-01,    4.045060e-01,    1.845834e-01,   -2.154113e+00,   -6.669300e-02,    6.291900e-02,    2.630900e-02,   -1.095900e-01,    3.000000e-02,    3.000000e-02,    3.000000e-02,    3.000000e-02,
      1010,    1.000000e+02,   -9.662176e-02,    1.757034e-02,    2.675704e-02,    3.017048e-02,    3.637588e-01,   -7.017810e-02,   -6.963112e-01,   -9.408253e-02,   -8.570900e-02,    1.546500e-02,    5.867700e-03,    2.734800e-02,    3.000000e-02,    3.000000e-02,    3.000000e-02,    3.000000e-02,
      1010,    1.584800e+02,   -8.085665e-02,   -1.423786e-02,    1.532474e-02,    3.079326e-02,    3.687884e-01,   -1.997048e-01,   -5.825945e-01,   -1.285421e-01,   -6.979300e-02,   -2.022900e-02,   -2.153100e-03,    2.693700e-02,    3.000000e-02,    3.000000e-02,    3.000000e-02,    3.000000e-02,
      1010,    2.511800e+02,   -5.976261e-02,   -2.719582e-02,    3.624624e-03,    2.794656e-02,    3.876536e-01,   -1.880727e-01,   -5.987541e-01,   -2.083853e-01,   -4.813300e-02,   -3.283800e-02,   -1.433800e-02,    2.169500e-02,    3.000000e-02,    3.000000e-02,    3.000000e-02,    3.000000e-02,
      1010,    3.981000e+02,   -4.284958e-02,   -2.839966e-02,   -5.528939e-03,    2.209469e-02,    3.653192e-01,   -1.068447e-01,   -5.208020e-01,   -3.358564e-01,   -3.189000e-02,   -3.160500e-02,   -2.115300e-02,    1.201900e-02,    3.000000e-02,    3.000000e-02,    3.000000e-02,    3.000000e-02,
      1010,    6.309500e+02,   -3.161232e-02,   -2.558313e-02,   -1.085773e-02,    1.560681e-02,    3.590107e-01,    2.477112e-02,   -4.271756e-01,   -4.314235e-01,   -2.084200e-02,   -2.484000e-02,   -2.367300e-02,    2.664100e-03,    3.000000e-02,    3.000000e-02,    3.000000e-02,    3.000000e-02,
      1010,    1.000000e+03,   -2.395849e-02,   -2.241222e-02,   -1.329748e-02,    1.041393e-02,    3.456498e-01,   -3.892562e-03,   -1.379506e-01,   -4.125976e-01,   -1.358900e-02,   -2.252900e-02,   -1.743600e-02,   -1.964000e-03,    3.000000e-02,    3.000000e-02,    3.000000e-02,    3.000000e-02,
      1011,    1.000000e+02,    5.057447e-02,    4.891647e-02,   -5.310851e-04,   -2.620841e-02,    7.268178e-01,   -1.151825e-01,   -6.398305e-01,   -4.618863e-01,    7.237900e-02,    4.546100e-02,   -1.972600e-02,   -4.006500e-02,    3.000000e-02,    3.000000e-02,    3.000000e-02,    3.000000e-02,
      1011,    1.584800e+02,    4.074874e-02,    3.553225e-02,    6.415064e-03,   -2.463122e-02,    7.915421e-01,    2.943585e-01,    2.071979e-01,   -3.600927e-01,    6.449500e-02,    4.436300e-02,    1.263100e-02,   -3.543400e-02,    3.000000e-02,    3.000000e-02,    3.000000e-02,    3.000000e-02,
      1011,    2.511800e+02,    3.547779e-02,    2.664055e-02,    1.534257e-02,   -2.155566e-02,    5.522069e-01,    5.596150e-01,    3.246811e-01,   -8.228779e-01,    5.204400e-02,    4.342900e-02,    2.508300e-02,   -4.624200e-02,    3.000000e-02,    3.000000e-02,    3.000000e-02,    3.000000e-02,
      1011,    3.981000e+02,    3.153336e-02,    2.148360e-02,    2.318952e-02,   -1.532069e-02,    4.578214e-01,    6.898467e-01,    3.029160e-01,   -1.340544e+00,    4.526800e-02,    4.217900e-02,    3.227700e-02,   -5.553700e-02,    3.000000e-02,    3.000000e-02,    3.000000e-02,    3.000000e-02,
      1011,    6.309500e+02,    2.792274e-02,    1.849857e-02,    2.791674e-02,   -6.821955e-03,    9.824203e-02,    7.729811e-01,    9.201419e-01,   -1.930535e+00,    3.087000e-02,    4.168800e-02,    5.552100e-02,   -6.473800e-02,    3.000000e-02,    3.000000e-02,    3.000000e-02,    3.000000e-02,
      1011,    1.000000e+03,    2.470414e-02,    1.712641e-02,    2.850616e-02,    2.493713e-03,   -2.330380e-01,    1.094886e+00,    2.131328e+00,   -2.704390e+00,    1.771300e-02,    4.997300e-02,    9.244600e-02,   -7.863800e-02,    3.000000e-02,    3.000000e-02,    3.000000e-02,    3.000000e-02,
      1012,    1.000000e+02,    5.460603e-02,    1.364449e-02,   -1.148612e-02,   -1.083458e-02,   -3.912675e-01,   -1.400865e-01,    2.804308e-01,    5.061926e-01,    4.286800e-02,    9.441900e-03,   -3.073200e-03,    4.351200e-03,    3.000000e-02,    3.000000e-02,    3.000000e-02,    3.000000e-02,
      1012,    1.584800e+02,    5.669108e-02,    8.645164e-03,   -9.303276e-03,   -2.531028e-03,    4.494306e-01,   -5.433555e-01,   -7.357476e-03,    5.537343e-01,    7.017400e-02,   -7.655500e-03,   -9.524000e-03,    1.408100e-02,    3.000000e-02,    3.000000e-02,    3.000000e-02,    3.000000e-02,
      1012,    2.511800e+02,    5.661087e-02,    6.978705e-03,   -1.039966e-02,    3.447293e-03,    5.190043e-01,    3.428432e-01,   -2.935447e-01,    5.288236e-01,    7.218100e-02,    1.726400e-02,   -1.920600e-02,    1.931200e-02,    3.000000e-02,    3.000000e-02,    3.000000e-02,    3.000000e-02,
      1012,    3.981000e+02,    5.420821e-02,    5.364641e-03,   -1.225390e-02,    8.522369e-03,    3.817930e-01,    2.431120e-01,   -2.905367e-01,    6.320210e-01,    6.566200e-02,    1.265800e-02,   -2.097000e-02,    2.748300e-02,    3.000000e-02,    3.000000e-02,    3.000000e-02,    3.000000e-02,
      1012,    6.309500e+02,    5.160715e-02,    1.582861e-03,   -1.526037e-02,    1.385142e-02,   -6.100515e-02,   -2.213154e-01,   -1.890545e-01,    6.337193e-01,    4.977700e-02,   -5.056600e-03,   -2.093200e-02,    3.286300e-02,    3.000000e-02,    3.000000e-02,    3.000000e-02,    3.000000e-02,
      1012,    1.000000e+03,    5.081369e-02,   -3.742059e-03,   -1.955657e-02,    1.933444e-02,   -1.685896e-01,   -3.442647e-01,    1.579191e-01,    1.242187e-01,    4.575600e-02,   -1.407000e-02,   -1.481900e-02,    2.306100e-02,    3.000000e-02,    3.000000e-02,    3.000000e-02,    3.000000e-02,
      1013,    2.511800e+02,   -4.953098e-02,   -4.505615e-02,   -2.767441e-01,   -2.001422e-01,   -9.197674e-01,   -1.979795e+00,   -3.122196e+00,   -2.550259e+00,   -7.712400e-02,   -1.044500e-01,   -3.704100e-01,   -2.766500e-01,    3.000000e-02,    3.000000e-02,    3.000000e-02,    3.000000e-02,
      1013,    3.981000e+02,   -4.176559e-02,   -2.882813e-02,   -2.027374e-01,   -1.916014e-01,   -1.124804e-01,   -1.781029e+00,   -2.121085e+00,   -1.221619e+00,   -4.514000e-02,   -8.225900e-02,   -2.663700e-01,   -2.282500e-01,    3.000000e-02,    3.000000e-02,    3.000000e-02,    3.000000e-02,
      1013,    6.309500e+02,   -3.717596e-02,   -1.647585e-02,   -1.421017e-01,   -1.734197e-01,    3.646548e-02,   -1.934872e+00,   -2.367611e+00,    5.279906e-01,   -3.608200e-02,   -7.452200e-02,   -2.131300e-01,   -1.575800e-01,    3.000000e-02,    3.000000e-02,    3.000000e-02,    3.000000e-02,
      1013,    1.000000e+03,   -3.438826e-02,   -4.816017e-03,   -9.328950e-02,   -1.545032e-01,    2.293753e-01,   -2.629466e+00,   -3.949350e+00,    2.134642e+00,   -2.750700e-02,   -8.370000e-02,   -2.117700e-01,   -9.046400e-02,    3.000000e-02,    3.000000e-02,    3.000000e-02,    3.000000e-02,
      1014,    1.000000e+02,   -5.043953e-02,    1.855379e-01,   -1.247566e-01,   -1.108942e-03,    5.837178e-01,    1.510716e-01,    1.284853e+00,   -9.110353e-01,   -3.292800e-02,    1.900700e-01,   -8.621100e-02,   -2.844000e-02,    3.000000e-02,    3.000000e-02,    3.000000e-02,    3.000000e-02,
      1014,    1.584800e+02,   -1.057868e-01,    1.518909e-01,   -1.097483e-01,   -2.338750e-02,    2.633277e-01,    2.836359e-01,    1.605945e+00,   -8.471650e-02,   -9.788700e-02,    1.604000e-01,   -6.157000e-02,   -2.592900e-02,    3.000000e-02,    3.000000e-02,    3.000000e-02,    3.000000e-02,
      1014,    2.511800e+02,   -1.437671e-01,    1.184372e-01,   -9.077712e-02,   -3.471682e-02,   -7.609811e-02,   -1.785740e-01,    1.405237e+00,    9.248040e-01,   -1.460500e-01,    1.130800e-01,   -4.862000e-02,   -6.972700e-03,    3.000000e-02,    3.000000e-02,    3.000000e-02,    3.000000e-02,
      1014,    3.981000e+02,   -1.679966e-01,    9.037115e-02,   -7.079835e-02,   -3.683270e-02,    5.155345e-02,   -8.547049e-01,    5.646449e-01,    1.834190e+00,   -1.664500e-01,    6.473000e-02,   -5.385900e-02,    1.819300e-02,    3.000000e-02,    3.000000e-02,    3.000000e-02,    3.000000e-02,
      1014,    6.309500e+02,   -1.836515e-01,    7.075827e-02,   -5.453728e-02,   -3.006929e-02,    6.813817e-01,   -1.221276e+00,   -6.038907e-01,    2.114010e+00,   -1.632100e-01,    3.412000e-02,   -7.265400e-02,    3.335100e-02,    3.000000e-02,    3.000000e-02,    3.000000e-02,    3.000000e-02,
      1014,    1.000000e+03,   -1.961066e-01,    5.862879e-02,   -4.699165e-02,   -1.983268e-02,    1.359888e+00,   -1.122760e+00,   -1.509712e+00,    1.695789e+00,   -1.553100e-01,    2.494600e-02,   -9.228300e-02,    3.104100e-02,    3.000000e-02,    3.000000e-02,    3.000000e-02,    3.000000e-02,
      1015,    1.000000e+02,   -6.080125e-02,   -1.957563e-02,   -3.914444e-02,    1.321272e-02,    6.049415e-01,   -1.962123e-01,    1.454813e-01,   -7.388639e-01,   -4.265300e-02,   -2.546200e-02,   -3.478000e-02,   -8.953200e-03,    3.000000e-02,    3.000000e-02,    3.000000e-02,    3.000000e-02,
      1015,    1.584800e+02,   -4.651730e-02,   -2.555356e-02,   -4.343083e-02,    4.880323e-03,    5.890765e-01,   -1.679147e-01,    5.323943e-01,   -3.779308e-01,   -2.884500e-02,   -3.059100e-02,   -2.745900e-02,   -6.457600e-03,    3.000000e-02,    3.000000e-02,    3.000000e-02,    3.000000e-02,
      1015,    2.511800e+02,   -3.436085e-02,   -2.734546e-02,   -4.222501e-02,   -1.199204e-03,    5.754615e-01,   -2.087513e-01,    6.272338e-01,    1.904135e-01,   -1.709700e-02,   -3.360800e-02,   -2.340800e-02,    4.513200e-03,    3.000000e-02,    3.000000e-02,    3.000000e-02,    3.000000e-02,
      1015,    3.981000e+02,   -2.387780e-02,   -2.646292e-02,   -3.995014e-02,   -4.592355e-03,   -5.135735e-01,   -4.846026e-01,    2.278046e-01,    4.645918e-01,   -3.928500e-02,   -4.100100e-02,   -3.311600e-02,    9.345400e-03,    3.000000e-02,    3.000000e-02,    3.000000e-02,    3.000000e-02,
      1015,    6.309500e+02,   -1.550543e-02,   -2.427497e-02,   -3.768983e-02,   -7.320490e-03,   -1.512286e+00,   -1.020101e+00,   -1.154006e+00,   -1.174837e-01,   -6.087400e-02,   -5.487800e-02,   -7.231000e-02,   -1.084500e-02,    3.000000e-02,    3.000000e-02,    3.000000e-02,    3.000000e-02,
      1016,    1.000000e+02,   -1.400309e-01,    5.830996e-02,   -1.533445e-02,   -2.787295e-02,    7.243637e-01,    5.324347e-01,    5.328180e-02,    6.653178e-02,   -1.183000e-01,    7.428300e-02,   -1.373600e-02,   -2.587700e-02,    3.000000e-02,    3.000000e-02,    3.000000e-02,    3.000000e-02,
      1016,    1.584800e+02,   -1.470465e-01,    2.962045e-02,   -1.587471e-03,   -3.036472e-02,    1.238216e+00,    6.624185e-01,   -1.350510e-01,    3.389906e-01,   -1.099000e-01,    4.949300e-02,   -5.639000e-03,   -2.019500e-02,    3.000000e-02,    3.000000e-02,    3.000000e-02,    3.000000e-02,
      1016,    2.511800e+02,   -1.471595e-01,    7.876266e-03,    1.048424e-02,   -2.814029e-02,    3.446500e-01,    1.027911e-01,    4.509200e-02,    4.314429e-01,   -1.368200e-01,    1.096000e-02,    1.183700e-02,   -1.519700e-02,    3.000000e-02,    3.000000e-02,    3.000000e-02,    3.000000e-02,
      1016,    3.981000e+02,   -1.427607e-01,   -9.897119e-03,    1.985726e-02,   -2.411420e-02,   -1.561977e+00,   -8.805294e-01,    2.114579e-01,    3.041398e-01,   -1.896200e-01,   -3.631300e-02,    2.620100e-02,   -1.499000e-02,    3.000000e-02,    3.000000e-02,    3.000000e-02,    3.000000e-02,
      1016,    6.309500e+02,   -1.335843e-01,   -2.477417e-02,    2.716298e-02,   -1.925265e-02,   -1.340189e+00,   -3.208277e-01,   -2.023278e-02,    2.053885e-01,   -1.737900e-01,   -3.439900e-02,    2.655600e-02,   -1.309100e-02,    3.000000e-02,    3.000000e-02,    3.000000e-02,    3.000000e-02,
      1016,    1.000000e+03,   -1.198883e-01,   -3.587948e-02,    3.232356e-02,   -1.385008e-02,   -9.620578e-01,    1.502828e-01,   -1.735187e-01,    1.254361e-01,   -1.487500e-01,   -3.137100e-02,    2.711800e-02,   -1.008700e-02,    3.000000e-02,    3.000000e-02,    3.000000e-02,    3.000000e-02,
      1017,    1.000000e+02,    1.543137e-01,   -2.090515e-02,    2.783363e-01,   -5.067900e-02,   -3.241217e-01,   -7.385285e-01,   -1.085421e-01,   -3.145666e-01,    1.445900e-01,   -4.306100e-02,    2.750800e-01,   -6.011600e-02,    3.000000e-02,    3.000000e-02,    3.000000e-02,    3.000000e-02,
      1017,    1.584800e+02,    1.597246e-01,   -1.314796e-02,    2.900584e-01,   -1.613932e-02,   -9.481977e-02,   -5.279347e-01,    1.853870e-01,   -4.577562e-01,    1.568800e-01,   -2.898600e-02,    2.956200e-01,   -2.987200e-02,    3.000000e-02,    3.000000e-02,    3.000000e-02,    3.000000e-02,
      1017,    2.511800e+02,    1.644206e-01,   -4.285681e-03,    2.883506e-01,    1.703714e-02,    1.669816e-01,   -2.109773e-01,    1.283148e-01,   -5.678150e-01,    1.694300e-01,   -1.061500e-02,    2.922000e-01,    2.689400e-06,    3.000000e-02,    3.000000e-02,    3.000000e-02,    3.000000e-02,
      1017,    3.981000e+02,    1.676160e-01,    7.569682e-03,    2.762549e-01,    4.742057e-02,    4.674668e-01,    1.348106e-01,   -1.283015e-02,   -8.622525e-01,    1.816400e-01,    1.161400e-02,    2.758700e-01,    2.155300e-02,    3.000000e-02,    3.000000e-02,    3.000000e-02,    3.000000e-02,
      1017,    6.309500e+02,    1.670669e-01,    2.394196e-02,    2.547681e-01,    7.567024e-02,    7.614365e-01,    2.950680e-01,    2.720635e-01,   -1.544608e+00,    1.899100e-01,    3.279400e-02,    2.629300e-01,    2.933200e-02,    3.000000e-02,    3.000000e-02,    3.000000e-02,    3.000000e-02,
      1017,    1.000000e+03,    1.591696e-01,    4.477123e-02,    2.230364e-01,    1.006434e-01,    7.201338e-02,    1.075922e-01,    1.686787e+00,   -2.493380e+00,    1.613300e-01,    4.799900e-02,    2.736400e-01,    2.584200e-02,    3.000000e-02,    3.000000e-02,    3.000000e-02,    3.000000e-02,
      1018,    1.000000e+02,   -1.900963e-02,   -2.836942e-02,   -8.107262e-02,    3.960645e-02,   -3.839789e-01,    1.573139e-01,    1.012821e+00,    1.448511e-02,   -3.052900e-02,   -2.365000e-02,   -5.068800e-02,    4.004100e-02,    3.000000e-02,    3.000000e-02,    3.000000e-02,    3.000000e-02,
      1018,    1.584800e+02,   -4.672014e-03,   -3.370360e-02,   -1.010915e-01,    3.495750e-02,   -4.530995e-01,    1.635200e-01,    8.282504e-01,    4.275832e-01,   -1.826500e-02,   -2.879800e-02,   -7.624400e-02,    4.778500e-02,    3.000000e-02,    3.000000e-02,    3.000000e-02,    3.000000e-02,
      1018,    2.511800e+02,    1.151119e-02,   -3.222740e-02,   -1.187238e-01,    1.979329e-02,   -5.089928e-01,    1.556799e-01,    4.061278e-01,    5.830237e-01,   -3.758600e-03,   -2.755700e-02,   -1.065400e-01,    3.728400e-02,    3.000000e-02,    3.000000e-02,    3.000000e-02,    3.000000e-02,
      1018,    3.981000e+02,    2.449130e-02,   -2.449868e-02,   -1.256686e-01,   -4.142916e-03,    2.157567e-01,    3.408226e-01,   -3.980478e-01,   -2.166695e-01,    3.096400e-02,   -1.427400e-02,   -1.376100e-01,   -1.064300e-02,    3.000000e-02,    3.000000e-02,    3.000000e-02,    3.000000e-02,
      1018,    6.309500e+02,    3.172323e-02,   -1.389500e-02,   -1.184314e-01,   -2.873223e-02,    2.493892e+00,    7.227232e-01,   -3.260287e+00,   -1.485059e+00,    1.065400e-01,    7.786700e-03,   -2.162400e-01,   -7.328400e-02,    3.000000e-02,    3.000000e-02,    3.000000e-02,    3.000000e-02,
      1018,    1.000000e+03,    3.345672e-02,   -3.466134e-03,   -1.006018e-01,   -4.717890e-02,    3.956443e+00,    5.778711e-01,   -5.027274e+00,   -2.088703e+00,    1.521500e-01,    1.387000e-02,   -2.514200e-01,   -1.098400e-01,    3.000000e-02,    3.000000e-02,    3.000000e-02,    3.000000e-02,
      1019,    3.981000e+02,   -2.641574e-01,   -3.502046e-02,    1.700039e-01,    4.732531e-03,   -8.508604e-02,   -3.852318e+00,   -2.857763e+00,    2.939156e-01,   -2.667100e-01,   -1.505900e-01,    8.427100e-02,    1.355000e-02,    3.000000e-02,    3.000000e-02,    3.000000e-02,    3.000000e-02,
      1019,    6.309500e+02,   -2.442280e-01,   -3.801418e-02,    1.634594e-01,    1.021750e-02,   -7.977339e-01,   -3.054194e+00,    1.932685e+00,   -7.801834e-01,   -2.681600e-01,   -1.296400e-01,    2.214400e-01,   -1.318800e-02,    3.000000e-02,    3.000000e-02,    3.000000e-02,    3.000000e-02,
      1020,    1.000000e+02,   -1.056792e-01,   -1.163263e-02,   -3.586388e-02,    1.161937e-02,    1.200674e+00,    9.886543e-01,    1.519960e-01,   -3.412722e-01,   -6.965900e-02,    1.802700e-02,   -3.130400e-02,    1.381200e-03,    3.000000e-02,    3.000000e-02,    3.000000e-02,    3.000000e-02,
      1020,    1.584800e+02,   -9.050791e-02,   -1.473424e-02,   -3.775742e-02,    5.725825e-03,    5.498969e-01,    1.133441e+00,    2.327474e-01,   -1.327508e-01,   -7.401100e-02,    1.926900e-02,   -3.077500e-02,    1.743300e-03,    3.000000e-02,    3.000000e-02,    3.000000e-02,    3.000000e-02,
      1020,    2.511800e+02,   -7.931120e-02,   -9.292239e-03,   -3.749804e-02,    3.248905e-03,    1.337733e-01,    8.776746e-01,    1.614012e-01,   -4.091350e-02,   -7.529800e-02,    1.703800e-02,   -3.265600e-02,    2.021500e-03,    3.000000e-02,    3.000000e-02,    3.000000e-02,    3.000000e-02,
      1020,    3.981000e+02,   -7.427475e-02,    1.362907e-03,   -3.844343e-02,    1.978558e-03,   -1.214750e-01,    4.103364e-01,    1.375478e-01,   -7.872492e-02,   -7.791900e-02,    1.367300e-02,   -3.431700e-02,   -3.831900e-04,    3.000000e-02,    3.000000e-02,    3.000000e-02,    3.000000e-02,
      1020,    6.309500e+02,   -7.643605e-02,    1.308537e-02,   -4.014140e-02,   -3.568712e-04,   -5.722317e-01,   -1.758522e-01,    2.196132e-01,   -2.612443e-01,   -9.360300e-02,    7.809800e-03,   -3.355300e-02,   -8.194200e-03,    3.000000e-02,    3.000000e-02,    3.000000e-02,    3.000000e-02,
      1020,    1.000000e+03,   -8.373530e-02,    2.238556e-02,   -4.146758e-02,   -4.471151e-03,   -1.155490e+00,   -7.949387e-01,    3.041195e-01,   -5.358283e-01,   -1.184000e-01,   -1.462600e-03,   -3.234400e-02,   -2.054600e-02,    3.000000e-02,    3.000000e-02,    3.000000e-02,    3.000000e-02,
      1021,    1.000000e+02,    1.081125e-01,    1.591500e-02,   -3.080476e-02,    2.085484e-02,    1.132500e-01,    3.141500e+00,   -4.321079e-01,    2.450388e-01,    1.115100e-01,    1.101600e-01,   -4.376800e-02,    2.820600e-02,    3.000000e-02,    3.000000e-02,    3.000000e-02,    3.000000e-02,
      1021,    1.584800e+02,    1.024588e-01,    1.794931e-02,   -3.729779e-02,    1.772106e-02,    3.437221e-02,    2.071123e+00,   -1.960069e-01,    3.102314e-01,    1.034900e-01,    8.008300e-02,   -4.317800e-02,    2.702800e-02,    3.000000e-02,    3.000000e-02,    3.000000e-02,    3.000000e-02,
      1021,    2.511800e+02,    9.578867e-02,    1.939436e-02,   -4.234459e-02,    1.413079e-02,   -1.662225e-01,    4.365212e-01,    3.319666e-03,    3.678070e-01,    9.080200e-02,    3.249000e-02,   -4.224500e-02,    2.516500e-02,    3.000000e-02,    3.000000e-02,    3.000000e-02,    3.000000e-02,
      1021,    3.981000e+02,    8.835631e-02,    1.941314e-02,   -4.596840e-02,    1.032479e-02,   -1.738436e-01,   -1.480371e+00,    1.533468e-01,    4.134069e-01,    8.314100e-02,   -2.499800e-02,   -4.136800e-02,    2.272700e-02,    3.000000e-02,    3.000000e-02,    3.000000e-02,    3.000000e-02,
      1021,    6.309500e+02,    8.111484e-02,    1.769762e-02,   -4.817550e-02,    6.743888e-03,    1.546839e+00,   -1.256254e+00,    1.900500e-01,    5.092704e-01,    1.275200e-01,   -1.999000e-02,   -4.247400e-02,    2.202200e-02,    3.000000e-02,    3.000000e-02,    3.000000e-02,    3.000000e-02,
      1021,    1.000000e+03,    7.456370e-02,    1.452955e-02,   -4.934383e-02,    3.473813e-03,    2.272877e+00,   -4.396450e-01,    2.889608e-01,    6.653396e-01,    1.427500e-01,    1.340200e-03,   -4.067500e-02,    2.343400e-02,    3.000000e-02,    3.000000e-02,    3.000000e-02,    3.000000e-02,
      1022,    1.000000e+02,   -4.557330e-03,    2.149089e-02,    5.777761e-02,    1.656970e-02,   -4.680890e-01,   -3.468296e-01,   -5.608684e-02,   -4.626600e-01,   -1.860000e-02,    1.108600e-02,    5.609500e-02,    2.689900e-03,    3.000000e-02,    3.000000e-02,    3.000000e-02,    3.000000e-02,
      1022,    1.584800e+02,    1.254513e-03,   -4.862742e-03,    4.638099e-02,    7.048382e-03,   -3.782504e-01,   -3.859753e-01,    3.248671e-01,   -2.695627e-01,   -1.009300e-02,   -1.644200e-02,    5.612700e-02,   -1.038500e-03,    3.000000e-02,    3.000000e-02,    3.000000e-02,    3.000000e-02,
      1022,    2.511800e+02,    1.369619e-02,   -1.911039e-02,    4.658044e-02,   -5.630722e-03,    1.568938e-01,   -4.946202e-01,    2.484520e-01,    1.468807e-01,    1.840300e-02,   -3.394900e-02,    5.403400e-02,   -1.224300e-03,    3.000000e-02,    3.000000e-02,    3.000000e-02,    3.000000e-02,
      1022,    3.981000e+02,    2.559319e-02,   -2.682981e-02,    5.302325e-02,   -1.354242e-02,    8.224270e-01,    1.452685e-02,   -1.316751e-01,    5.170805e-01,    5.026600e-02,   -2.639400e-02,    4.907300e-02,    1.970000e-03,    3.000000e-02,    3.000000e-02,    3.000000e-02,    3.000000e-02,
      1022,    6.309500e+02,    3.784083e-02,   -3.183908e-02,    6.096059e-02,   -1.756284e-02,    6.712391e-01,    1.236556e+00,   -5.287530e-01,    7.895982e-01,    5.797800e-02,    5.257600e-03,    4.509800e-02,    6.125100e-03,    3.000000e-02,    3.000000e-02,    3.000000e-02,    3.000000e-02,
      1022,    1.000000e+03,    5.072550e-02,   -3.400669e-02,    6.962082e-02,   -1.861906e-02,   -5.403833e-01,    4.689564e-01,   -6.224274e-01,    8.991720e-01,    3.451400e-02,   -1.993800e-02,    5.094800e-02,    8.356100e-03,    3.000000e-02,    3.000000e-02,    3.000000e-02,    3.000000e-02,
      1023,    1.000000e+02,    6.727562e-02,   -4.060016e-03,   -8.299245e-02,    4.395841e-02,   -6.418872e-01,   -2.139995e-01,   -3.658183e-01,   -6.386469e-01,    4.801900e-02,   -1.048000e-02,   -9.396700e-02,    2.479900e-02,    3.000000e-02,    3.000000e-02,    3.000000e-02,    3.000000e-02,
      1023,    1.584800e+02,    7.186045e-02,   -1.000313e-02,   -1.026853e-01,    3.429402e-02,   -5.421483e-01,   -3.242289e-01,   -4.361550e-01,   -6.070672e-01,    5.559600e-02,   -1.973000e-02,   -1.157700e-01,    1.608200e-02,    3.000000e-02,    3.000000e-02,    3.000000e-02,    3.000000e-02,
      1023,    2.511800e+02,    8.015847e-02,   -1.114986e-02,   -1.130909e-01,    1.974233e-02,   -3.845157e-01,   -7.056047e-01,   -1.111635e+00,   -5.823343e-01,    6.862300e-02,   -3.231800e-02,   -1.464400e-01,    2.272300e-03,    3.000000e-02,    3.000000e-02,    3.000000e-02,    3.000000e-02,
      1023,    3.981000e+02,    8.697998e-02,   -6.413487e-03,   -1.149245e-01,    6.373829e-03,    2.658341e-01,   -1.045150e+00,   -1.741850e+00,   -8.317943e-01,    9.495500e-02,   -3.776800e-02,   -1.671800e-01,   -1.858000e-02,    3.000000e-02,    3.000000e-02,    3.000000e-02,    3.000000e-02,
      1023,    6.309500e+02,    8.934354e-02,    1.370466e-03,   -1.117886e-01,   -3.038173e-03,    1.573882e+00,   -7.169155e-01,   -1.099713e+00,   -1.303694e+00,    1.365600e-01,   -2.013700e-02,   -1.447800e-01,   -4.214900e-02,    3.000000e-02,    3.000000e-02,    3.000000e-02,    3.000000e-02,
      1023,    1.000000e+03,    8.665230e-02,    9.388924e-03,   -1.063982e-01,   -8.680950e-03,    2.525257e+00,   -4.386975e-01,   -4.127268e-01,   -1.481235e+00,    1.624100e-01,   -3.772000e-03,   -1.187800e-01,   -5.311800e-02,    3.000000e-02,    3.000000e-02,    3.000000e-02,    3.000000e-02,
      1024,    1.000000e+02,   -3.401658e-02,    5.515273e-02,    1.244925e-01,    6.843344e-03,   -8.423140e-01,    6.062757e-01,    1.379915e+00,   -1.041045e+00,   -5.928600e-02,    7.334100e-02,    1.658900e-01,   -2.438800e-02,    3.000000e-02,    3.000000e-02,    3.000000e-02,    3.000000e-02,
      1024,    1.584800e+02,   -4.974784e-02,    4.857663e-02,    1.251711e-01,    1.633994e-02,   -4.517720e-01,    6.688123e-01,    1.104630e+00,   -8.314646e-01,   -6.330100e-02,    6.864100e-02,    1.583100e-01,   -8.604000e-03,    3.000000e-02,    3.000000e-02,    3.000000e-02,    3.000000e-02,
      1024,    2.511800e+02,   -6.364193e-02,    4.078218e-02,    1.196904e-01,    2.942080e-02,   -3.699690e-01,    8.022274e-01,    1.061321e+00,   -1.266590e+00,   -7.474100e-02,    6.484900e-02,    1.515300e-01,   -8.576900e-03,    3.000000e-02,    3.000000e-02,    3.000000e-02,    3.000000e-02,
      1024,    3.981000e+02,   -7.514914e-02,    3.227619e-02,    1.065253e-01,    4.206878e-02,   -6.415620e-01,    9.130602e-01,    1.424489e+00,   -2.098293e+00,   -9.439600e-02,    5.966800e-02,    1.492600e-01,   -2.088000e-02,    3.000000e-02,    3.000000e-02,    3.000000e-02,    3.000000e-02,
      1024,    6.309500e+02,   -8.404381e-02,    2.273865e-02,    8.665688e-02,    5.036452e-02,   -9.278730e-01,    1.145878e+00,    2.585437e+00,   -3.129584e+00,   -1.118800e-01,    5.711500e-02,    1.642200e-01,   -4.352300e-02,    3.000000e-02,    3.000000e-02,    3.000000e-02,    3.000000e-02,
      1025,    3.981000e+02,    2.390877e-02,    4.666841e-02,    4.132906e-02,   -3.282761e-02,    3.484742e-01,   -2.124280e+00,    1.734365e+00,    1.094197e+00,    3.436300e-02,   -1.706000e-02,    9.336000e-02,   -1.695700e-06,    3.000000e-02,    3.000000e-02,    3.000000e-02,    3.000000e-02,
      1025,    6.309500e+02,    8.563104e-03,    4.494499e-02,    3.675144e-02,   -6.739051e-03,    7.401632e-01,   -1.967166e+00,    1.718385e+00,    1.987544e-01,    3.076800e-02,   -1.407000e-02,    8.830300e-02,   -7.764200e-04,    3.000000e-02,    3.000000e-02,    3.000000e-02,    3.000000e-02,
      1025,    1.000000e+03,   -4.968857e-03,    4.235252e-02,    2.488296e-02,    4.973814e-03,    1.315962e+00,   -1.709074e+00,    2.172635e+00,   -8.199938e-01,    3.451000e-02,   -8.919700e-03,    9.006200e-02,   -1.962600e-02,    3.000000e-02,    3.000000e-02,    3.000000e-02,    3.000000e-02,
      1026,    1.000000e+02,    4.401891e-03,   -3.873864e-03,    7.354979e-02,   -3.663158e-02,    9.564703e-01,    3.397388e-01,   -5.234931e-01,    8.715862e-01,    3.309600e-02,    6.318300e-03,    5.784500e-02,   -1.048400e-02,    3.000000e-02,    3.000000e-02,    3.000000e-02,    3.000000e-02,
      1026,    1.584800e+02,    1.070823e-02,   -9.150003e-03,    7.722183e-02,   -2.680841e-03,    9.199924e-01,    3.339934e-01,   -1.172610e-01,    1.800114e-01,    3.830800e-02,    8.698000e-04,    7.370400e-02,    2.719500e-03,    3.000000e-02,    3.000000e-02,    3.000000e-02,    3.000000e-02,
      1026,    2.511800e+02,    1.675040e-02,   -1.277211e-02,    6.338873e-02,    1.810337e-02,    6.778200e-01,    4.709038e-01,   -1.772912e-01,    7.612114e-02,    3.708500e-02,    1.355000e-03,    5.807000e-02,    2.038700e-02,    3.000000e-02,    3.000000e-02,    3.000000e-02,    3.000000e-02,
      1026,    3.981000e+02,    2.299421e-02,   -1.401644e-02,    4.852389e-02,    2.571020e-02,    2.147930e-01,    3.524747e-01,   -3.490629e-01,   -1.638066e-01,    2.943800e-02,   -3.442200e-03,    3.805200e-02,    2.079600e-02,    3.000000e-02,    3.000000e-02,    3.000000e-02,    3.000000e-02,
      1026,    6.309500e+02,    2.808569e-02,   -1.383720e-02,    3.624959e-02,    2.875345e-02,   -2.101897e-01,    9.107322e-02,    6.501351e-02,   -6.635717e-01,    2.178000e-02,   -1.110500e-02,    3.820000e-02,    8.846300e-03,    3.000000e-02,    3.000000e-02,    3.000000e-02,    3.000000e-02,
      1026,    1.000000e+03,    3.232273e-02,   -1.349173e-02,    2.456394e-02,    2.938862e-02,   -6.513910e-01,   -9.754236e-02,   -1.894981e-01,   -1.104184e+00,    1.278100e-02,   -1.641800e-02,    1.887900e-02,   -3.736900e-03,    3.000000e-02,    3.000000e-02,    3.000000e-02,    3.000000e-02,
      1027,    1.000000e+02,   -6.520593e-02,    9.214838e-02,   -1.063345e-01,    6.640361e-02,    1.261131e+00,    9.458746e-02,   -1.008851e+00,   -2.779204e-01,   -2.737200e-02,    9.498600e-02,   -1.366000e-01,    5.806600e-02,    3.000000e-02,    3.000000e-02,    3.000000e-02,    3.000000e-02,
      1027,    1.584800e+02,   -9.019281e-02,    7.936011e-02,   -1.237045e-01,    4.139102e-02,    8.549271e-01,    3.616298e-01,   -7.491843e-01,   -8.172007e-01,   -6.454500e-02,    9.020900e-02,   -1.461800e-01,    1.687500e-02,    3.000000e-02,    3.000000e-02,    3.000000e-02,    3.000000e-02,
      1027,    2.511800e+02,   -1.110637e-01,    6.950787e-02,   -1.329651e-01,    1.390073e-02,    4.640567e-01,    2.901376e-01,   -1.011631e-01,   -1.030824e+00,   -9.714200e-02,    7.821200e-02,   -1.360000e-01,   -1.702400e-02,    3.000000e-02,    3.000000e-02,    3.000000e-02,    3.000000e-02,
      1027,    3.981000e+02,   -1.310042e-01,    6.028835e-02,   -1.307372e-01,   -1.415737e-02,    2.561415e-01,   -1.700450e-01,    5.465747e-01,   -6.530543e-01,   -1.233200e-01,    5.518700e-02,   -1.143400e-01,   -3.374900e-02,    3.000000e-02,    3.000000e-02,    3.000000e-02,    3.000000e-02,
      1027,    6.309500e+02,   -1.490343e-01,    4.889664e-02,   -1.174787e-01,   -3.798918e-02,    4.894754e-01,   -7.126880e-01,    7.482916e-01,    6.739413e-03,   -1.343500e-01,    2.751600e-02,   -9.503000e-02,   -3.778700e-02,    3.000000e-02,    3.000000e-02,    3.000000e-02,    3.000000e-02,
      1027,    1.000000e+03,   -1.625580e-01,    3.511950e-02,   -9.713586e-02,   -5.518727e-02,    1.004267e+00,   -1.001710e+00,    5.120952e-01,    3.988089e-01,   -1.324300e-01,    5.068200e-03,   -8.177300e-02,   -4.322300e-02,    3.000000e-02,    3.000000e-02,    3.000000e-02,    3.000000e-02,
      1028,    1.000000e+02,   -4.691549e-02,    3.535445e-02,   -1.234703e-01,    4.319292e-02,    8.784164e-01,    1.786518e-01,   -5.623235e-01,    3.332026e-01,   -2.056300e-02,    4.071400e-02,   -1.403400e-01,    5.318900e-02,    3.000000e-02,    3.000000e-02,    3.000000e-02,    3.000000e-02,
      1028,    1.584800e+02,   -5.193120e-02,    1.861854e-02,   -1.326455e-01,    2.725404e-02,    5.201065e-01,    5.679487e-01,   -5.228159e-01,    1.030985e-01,   -3.632800e-02,    3.565700e-02,   -1.483300e-01,    3.034700e-02,    3.000000e-02,    3.000000e-02,    3.000000e-02,    3.000000e-02,
      1028,    2.511800e+02,   -5.011203e-02,    7.638794e-03,   -1.375781e-01,    1.127881e-02,   -6.433247e-02,    6.345735e-01,   -1.117284e-01,    1.608397e-01,   -5.204200e-02,    2.667600e-02,   -1.409300e-01,    1.610400e-02,    3.000000e-02,    3.000000e-02,    3.000000e-02,    3.000000e-02,
      1028,    3.981000e+02,   -4.557071e-02,    2.596023e-03,   -1.370620e-01,   -3.792569e-03,   -5.119097e-01,    2.108992e-01,    2.473396e-02,    4.361290e-01,   -6.092800e-02,    8.923000e-03,   -1.363200e-01,    9.291300e-03,    3.000000e-02,    3.000000e-02,    3.000000e-02,    3.000000e-02,
      1028,    6.309500e+02,   -4.025244e-02,    3.124318e-03,   -1.323707e-01,   -1.680098e-02,   -6.834187e-01,   -6.719773e-01,   -1.336419e-01,    1.190233e+00,   -6.075500e-02,   -1.703500e-02,   -1.363800e-01,    1.890600e-02,    3.000000e-02,    3.000000e-02,    3.000000e-02,    3.000000e-02,
      1028,    1.000000e+03,   -3.642008e-02,    9.754642e-03,   -1.249674e-01,   -2.867881e-02,   -4.277974e-01,   -1.277355e+00,   -6.694192e-01,    2.107627e+00,   -4.925400e-02,   -2.856600e-02,   -1.450500e-01,    3.455000e-02,    3.000000e-02,    3.000000e-02,    3.000000e-02,    3.000000e-02,
      1029,    1.000000e+02,   -2.773635e-02,    3.330657e-02,   -3.978551e-03,   -1.752175e-02,   -3.415882e-01,   -1.436519e+00,   -7.325816e-01,   -7.036750e-01,   -3.798400e-02,   -9.789000e-03,   -2.595600e-02,   -3.863200e-02,    3.000000e-02,    3.000000e-02,    3.000000e-02,    3.000000e-02,
      1029,    1.584800e+02,   -4.006439e-02,    2.483950e-02,   -3.602030e-03,   -2.858975e-02,    3.786796e-01,   -1.033797e+00,   -2.903990e-01,   -3.204418e-01,   -2.870400e-02,   -6.174400e-03,   -1.231400e-02,   -3.820300e-02,    3.000000e-02,    3.000000e-02,    3.000000e-02,    3.000000e-02,
      1029,    2.511800e+02,   -4.744683e-02,    1.271865e-02,    4.721134e-03,   -4.699686e-02,    7.611611e-01,   -4.416250e-01,   -1.018545e-01,    3.191619e-01,   -2.461200e-02,   -5.301000e-04,    1.665500e-03,   -3.742200e-02,    3.000000e-02,    3.000000e-02,    3.000000e-02,    3.000000e-02,
      1029,    3.981000e+02,   -4.819501e-02,   -1.600747e-04,    2.599157e-02,   -6.530657e-02,    8.631669e-01,    8.385249e-02,   -3.016523e-01,    9.134189e-01,   -2.230000e-02,    2.355500e-03,    1.694200e-02,   -3.790400e-02,    3.000000e-02,    3.000000e-02,    3.000000e-02,    3.000000e-02,
      1029,    6.309500e+02,   -4.222582e-02,   -1.065137e-02,    5.673897e-02,   -7.371735e-02,    7.174607e-01,    5.012725e-01,   -7.812324e-01,    1.277345e+00,   -2.070200e-02,    4.386800e-03,    3.330200e-02,   -3.539700e-02,    3.000000e-02,    3.000000e-02,    3.000000e-02,    3.000000e-02,
      1029,    1.000000e+03,   -3.126929e-02,   -1.467019e-02,    8.579488e-02,   -6.999935e-02,   -2.847569e-01,    7.866496e-01,   -1.404563e+00,    1.302345e+00,   -3.981200e-02,    8.929300e-03,    4.365800e-02,   -3.092900e-02,    3.000000e-02,    3.000000e-02,    3.000000e-02,    3.000000e-02,
      1030,    1.000000e+02,   -1.062770e-01,   -2.674230e-02,    1.369952e-01,   -1.656107e-03,    7.480992e-01,    1.672877e+00,   -1.532375e+00,    1.720569e-01,   -8.383400e-02,    2.344400e-02,    9.102400e-02,    3.505600e-03,    3.000000e-02,    3.000000e-02,    3.000000e-02,    3.000000e-02,
      1030,    1.584800e+02,   -8.325503e-02,   -2.726066e-02,    1.212633e-01,    1.331656e-02,    6.373431e-02,    1.243489e+00,   -1.257744e+00,   -4.413012e-01,   -8.134300e-02,    1.004400e-02,    8.353100e-02,    7.752300e-05,    3.000000e-02,    3.000000e-02,    3.000000e-02,    3.000000e-02,
      1030,    2.511800e+02,   -6.958802e-02,   -1.667296e-02,    1.064643e-01,    1.145403e-02,   -1.897993e-01,    7.296088e-01,   -8.107096e-01,   -7.201676e-01,   -7.528200e-02,    5.215300e-03,    8.214300e-02,   -1.015100e-02,    3.000000e-02,    3.000000e-02,    3.000000e-02,    3.000000e-02,
      1030,    3.981000e+02,   -6.531650e-02,   -4.587936e-03,    1.004729e-01,    2.836695e-03,   -2.688500e-01,    3.694712e-01,   -4.284629e-01,   -8.235898e-01,   -7.338200e-02,    6.496200e-03,    8.761900e-02,   -2.187100e-02,    3.000000e-02,    3.000000e-02,    3.000000e-02,    3.000000e-02,
      1030,    6.309500e+02,   -6.634620e-02,    5.721891e-03,    1.013214e-01,   -5.612626e-03,   -3.394933e-01,    1.223436e-01,   -1.781784e-01,   -7.473458e-01,   -7.653100e-02,    9.392200e-03,    9.597600e-02,   -2.803300e-02,    3.000000e-02,    3.000000e-02,    3.000000e-02,    3.000000e-02,
      1030,    1.000000e+03,   -7.025951e-02,    1.407782e-02,    1.064020e-01,   -1.168639e-02,   -2.688163e-01,   -9.096070e-02,    2.026821e-02,   -5.309870e-01,   -7.832400e-02,    1.134900e-02,    1.070100e-01,   -2.761600e-02,    3.000000e-02,    3.000000e-02,    3.000000e-02,    3.000000e-02,
      1031,    1.000000e+02,   -4.771190e-02,    3.230607e-02,    3.844075e-02,   -2.017520e-02,    4.711632e-01,   -1.512358e-01,   -6.742250e-01,    9.279099e-01,   -3.357700e-02,    2.776900e-02,    1.821400e-02,    7.662100e-03,    3.000000e-02,    3.000000e-02,    3.000000e-02,    3.000000e-02,
      1031,    1.584800e+02,   -5.445902e-02,    1.337806e-02,    4.258650e-02,   -1.962332e-02,    1.087801e+00,   -4.553521e-02,   -4.198166e-01,    3.501007e-01,   -2.182500e-02,    1.201200e-02,    2.999200e-02,   -9.120300e-03,    3.000000e-02,    3.000000e-02,    3.000000e-02,    3.000000e-02,
      1031,    2.511800e+02,   -4.982786e-02,   -2.308352e-03,    4.764875e-02,   -2.114421e-02,    1.347905e+00,   -1.080149e-01,   -6.079162e-02,   -1.833595e-01,   -9.390700e-03,   -5.548800e-03,    4.582500e-02,   -2.664500e-02,    3.000000e-02,    3.000000e-02,    3.000000e-02,    3.000000e-02,
      1031,    3.981000e+02,   -3.924256e-02,   -8.423109e-03,    5.416698e-02,   -2.288741e-02,    7.372852e-01,    2.626616e-01,    1.412673e-01,    2.894135e-01,   -1.712400e-02,   -5.432600e-04,    5.840500e-02,   -1.420500e-02,    3.000000e-02,    3.000000e-02,    3.000000e-02,    3.000000e-02,
      1031,    6.309500e+02,   -3.047618e-02,   -5.373898e-03,    6.147744e-02,   -2.425387e-02,    3.737254e-02,    4.249199e-01,    5.607519e-01,    9.907791e-01,   -2.935500e-02,    7.373700e-03,    7.830000e-02,    5.469500e-03,    3.000000e-02,    3.000000e-02,    3.000000e-02,    3.000000e-02,
      1031,    1.000000e+03,   -2.742571e-02,    2.013095e-03,    6.948884e-02,   -2.532034e-02,   -7.090762e-01,    5.960302e-01,    1.342372e+00,    2.063445e+00,   -4.869800e-02,    1.989400e-02,    1.097600e-01,    3.658300e-02,    3.000000e-02,    3.000000e-02,    3.000000e-02,    3.000000e-02,
      1032,    1.000000e+02,    2.939419e-02,    7.560417e-02,    2.872928e-02,   -8.961439e-03,   -1.862806e+00,    7.059417e-02,    3.399907e-01,   -2.811485e+00,   -2.649000e-02,    7.772200e-02,    3.892900e-02,   -9.330600e-02,    3.000000e-02,    3.000000e-02,    3.000000e-02,    3.000000e-02,
      1032,    1.584800e+02,    4.363465e-03,    6.066657e-02,    2.882508e-02,    8.067113e-03,   -3.231217e-02,    1.272214e+00,   -1.368536e+00,   -2.002670e+00,    3.394100e-03,    9.883300e-02,   -1.223100e-02,   -5.201300e-02,    3.000000e-02,    3.000000e-02,    3.000000e-02,    3.000000e-02,
      1032,    2.511800e+02,   -1.419697e-02,    4.043011e-02,    1.816653e-02,    1.879133e-02,   -2.215568e+00,   -1.494038e-01,   -1.392218e+00,   -1.587978e+00,   -8.066400e-02,    3.594800e-02,   -2.360000e-02,   -2.884800e-02,    3.000000e-02,    3.000000e-02,    3.000000e-02,    3.000000e-02,
      1032,    3.981000e+02,   -2.182834e-02,    1.745004e-02,    7.286403e-03,    2.033355e-02,   -1.690989e+00,   -4.871380e-01,   -8.795801e-01,   -4.795984e-01,   -7.255800e-02,    2.835900e-03,   -1.910100e-02,    5.945600e-03,    3.000000e-02,    3.000000e-02,    3.000000e-02,    3.000000e-02,
      1032,    6.309500e+02,   -1.855090e-02,   -6.441236e-04,    7.722212e-04,    1.987159e-02,   -1.318503e+00,   -3.999625e-01,   -9.029407e-01,    2.154717e-02,   -5.810600e-02,   -1.264300e-02,   -2.631600e-02,    2.051800e-02,    3.000000e-02,    3.000000e-02,    3.000000e-02,    3.000000e-02,
      1032,    1.000000e+03,   -1.199183e-02,   -1.154652e-02,   -5.017967e-03,    2.113565e-02,   -1.780339e+00,   -8.021595e-02,   -1.085868e+00,    6.262782e-01,   -6.540200e-02,   -1.395300e-02,   -3.759400e-02,    3.992400e-02,    3.000000e-02,    3.000000e-02,    3.000000e-02,    3.000000e-02,
      1033,    1.000000e+02,   -7.649096e-02,   -7.306972e-03,   -7.644815e-02,   -1.499920e-02,    1.008988e-01,   -4.639343e-01,   -4.732951e-01,    3.394012e-02,   -7.346400e-02,   -2.122500e-02,   -9.064700e-02,   -1.398100e-02,    3.000000e-02,    3.000000e-02,    3.000000e-02,    3.000000e-02,
      1033,    1.584800e+02,   -7.692675e-02,   -1.741551e-03,   -7.069522e-02,   -1.643581e-02,    2.542248e-01,   -1.082283e-01,   -4.811927e-01,   -4.840628e-02,   -6.930000e-02,   -4.988400e-03,   -8.513100e-02,   -1.788800e-02,    3.000000e-02,    3.000000e-02,    3.000000e-02,    3.000000e-02,
      1033,    2.511800e+02,   -7.768348e-02,    2.415506e-03,   -6.574122e-02,   -1.780663e-02,    1.549825e-01,    1.159431e-01,   -2.285926e-01,   -1.417791e-01,   -7.303400e-02,    5.893800e-03,   -7.259900e-02,   -2.206000e-02,    3.000000e-02,    3.000000e-02,    3.000000e-02,    3.000000e-02,
      1033,    3.981000e+02,   -7.821139e-02,    6.442447e-03,   -6.098187e-02,   -1.986549e-02,   -1.308696e-02,    1.456851e-01,   -3.300417e-02,   -7.725020e-02,   -7.860400e-02,    1.081300e-02,   -6.197200e-02,   -2.218300e-02,    3.000000e-02,    3.000000e-02,    3.000000e-02,    3.000000e-02,
      1033,    6.309500e+02,   -7.860865e-02,    1.186353e-02,   -5.544756e-02,   -2.313063e-02,    3.551882e-01,    1.069822e-01,    1.281520e-01,    6.407545e-01,   -6.795300e-02,    1.507300e-02,   -5.160300e-02,   -3.908000e-03,    3.000000e-02,    3.000000e-02,    3.000000e-02,    3.000000e-02,
      1034,    1.000000e+02,   -1.139685e-01,   -1.277858e-01,   -1.688193e-01,   -1.244621e-01,   -1.804887e-02,   -1.204807e+00,   -7.443567e-01,   -9.862645e-01,   -1.145100e-01,   -1.639300e-01,   -1.911500e-01,   -1.540500e-01,    3.000000e-02,    3.000000e-02,    3.000000e-02,    3.000000e-02,
      1034,    1.584800e+02,   -6.058281e-02,   -1.245144e-01,   -1.077524e-01,   -1.409466e-01,    5.753269e-01,   -8.085203e-01,   -3.912531e-01,   -1.210446e+00,   -4.332300e-02,   -1.487700e-01,   -1.194900e-01,   -1.772600e-01,    3.000000e-02,    3.000000e-02,    3.000000e-02,    3.000000e-02,
      1034,    2.511800e+02,   -1.623754e-02,   -1.101600e-01,   -4.961955e-02,   -1.382400e-01,    9.289845e-01,   -1.353343e-01,   -8.701488e-02,   -1.085333e+00,    1.163200e-02,   -1.142200e-01,   -5.223000e-02,   -1.708000e-01,    3.000000e-02,    3.000000e-02,    3.000000e-02,    3.000000e-02,
      1034,    3.981000e+02,    1.808514e-02,   -9.033051e-02,   -4.801585e-04,   -1.233120e-01,    8.161952e-01,    6.576171e-01,    3.197286e-01,   -5.989346e-01,    4.257100e-02,   -7.060200e-02,    9.111700e-03,   -1.412800e-01,    3.000000e-02,    3.000000e-02,    3.000000e-02,    3.000000e-02,
      1034,    6.309500e+02,    4.292034e-02,   -6.876916e-02,    3.825467e-02,   -1.022872e-01,    4.875522e-02,    7.267386e-01,    5.023777e-01,   -2.627602e-01,    4.438300e-02,   -4.696700e-02,    5.332600e-02,   -1.101700e-01,    3.000000e-02,    3.000000e-02,    3.000000e-02,    3.000000e-02,
      1034,    1.000000e+03,    5.946452e-02,   -4.731320e-02,    6.683729e-02,   -7.854147e-02,   -1.430217e+00,    6.505733e-01,   -2.904765e-01,    2.428824e-01,    1.655800e-02,   -2.779600e-02,    5.812300e-02,   -7.125500e-02,    3.000000e-02,    3.000000e-02,    3.000000e-02,    3.000000e-02,
      1035,    1.000000e+02,   -6.325263e-02,   -2.489125e-02,    1.513908e-01,    7.442195e-02,    6.450878e-01,    2.565415e-01,    7.236410e-01,   -1.923198e+00,   -4.390000e-02,   -1.719500e-02,    1.731000e-01,    1.672600e-02,    3.000000e-02,    3.000000e-02,    3.000000e-02,    3.000000e-02,
      1035,    1.584800e+02,   -5.001401e-02,   -3.885316e-02,    1.111639e-01,    8.960631e-02,    5.545002e-01,    4.580542e-02,    1.823204e+00,   -9.733437e-01,   -3.337900e-02,   -3.747900e-02,    1.658600e-01,    6.040600e-02,    3.000000e-02,    3.000000e-02,    3.000000e-02,    3.000000e-02,
      1035,    6.309500e+02,    1.148328e-02,   -5.022310e-02,    1.109464e-02,    7.362708e-02,    2.514908e-01,    5.166365e-01,    1.159345e+00,    3.118097e+00,    1.902800e-02,   -3.472400e-02,    4.587500e-02,    1.671700e-01,    3.000000e-02,    3.000000e-02,    3.000000e-02,    3.000000e-02,
      1036,    1.000000e+02,   -6.624835e-02,    1.323654e-01,    1.845269e-01,    4.459967e-02,   -6.624055e+00,    2.398153e+00,    6.191034e-01,   -6.912236e-02,   -2.649700e-01,    2.043100e-01,    2.031000e-01,    4.252600e-02,    3.000000e-02,    3.000000e-02,    3.000000e-02,    3.000000e-02,
      1036,    1.584800e+02,   -9.518507e-02,    9.610898e-02,    1.607078e-01,    5.241709e-02,   -3.296831e+00,    2.997007e-01,    1.904405e+00,   -1.315696e-01,   -1.940900e-01,    1.051000e-01,    2.178400e-01,    4.847000e-02,    3.000000e-02,    3.000000e-02,    3.000000e-02,    3.000000e-02,
      1036,    2.511800e+02,   -1.094842e-01,    7.109369e-02,    1.377508e-01,    5.030513e-02,    1.274749e-01,   -7.738563e-01,    2.904306e+00,    7.987955e-01,   -1.056600e-01,    4.787800e-02,    2.248800e-01,    7.426900e-02,    3.000000e-02,    3.000000e-02,    3.000000e-02,    3.000000e-02,
      1036,    3.981000e+02,   -1.204623e-01,    5.738562e-02,    1.196854e-01,    4.310969e-02,    1.379110e+00,   -7.576208e-01,    3.273485e+00,    1.609277e+00,   -7.908900e-02,    3.465700e-02,    2.178900e-01,    9.138800e-02,    3.000000e-02,    3.000000e-02,    3.000000e-02,    3.000000e-02,
      1036,    6.309500e+02,   -1.319157e-01,    4.805603e-02,    1.053473e-01,    3.418909e-02,    1.964958e+00,    2.367657e-01,    3.409090e+00,    9.699304e-01,   -7.296700e-02,    5.515900e-02,    2.076200e-01,    6.328700e-02,    3.000000e-02,    3.000000e-02,    3.000000e-02,    3.000000e-02,
      1036,    1.000000e+03,   -1.418506e-01,    4.065825e-02,    9.310949e-02,    2.319761e-02,    2.253687e+00,    4.487250e-01,    3.409684e+00,    1.392346e+00,   -7.424000e-02,    5.412000e-02,    1.954000e-01,    6.496800e-02,    3.000000e-02,    3.000000e-02,    3.000000e-02,    3.000000e-02,
      1037,    1.000000e+02,   -5.111998e-02,    4.394834e-02,   -2.583342e-01,   -6.940805e-02,    6.352660e-01,   -2.573311e+00,    1.015139e+00,   -3.906065e+00,   -3.206200e-02,   -3.325100e-02,   -2.278800e-01,   -1.865900e-01,    3.000000e-02,    3.000000e-02,    3.000000e-02,    3.000000e-02,
      1037,    1.584800e+02,   -5.094834e-02,    2.011271e-02,   -2.095845e-01,   -8.819286e-02,    1.655301e+00,   -1.490690e+00,    1.128815e+00,   -1.018238e+00,   -1.289300e-03,   -2.460800e-02,   -1.757200e-01,   -1.187400e-01,    3.000000e-02,    3.000000e-02,    3.000000e-02,    3.000000e-02,
      1037,    2.511800e+02,   -4.350644e-02,    8.093624e-03,   -1.652671e-01,   -7.755711e-02,    2.140181e+00,   -1.206608e-01,    4.182377e-01,    5.362704e-01,    2.069900e-02,    4.473800e-03,   -1.527200e-01,   -6.146900e-02,    3.000000e-02,    3.000000e-02,    3.000000e-02,    3.000000e-02,
      1037,    3.981000e+02,   -3.551506e-02,    8.189288e-03,   -1.451415e-01,   -5.590203e-02,    1.533235e+00,    9.623904e-01,   -7.599501e-01,    4.926012e-01,    1.048200e-02,    3.706100e-02,   -1.679400e-01,   -4.112400e-02,    3.000000e-02,    3.000000e-02,    3.000000e-02,    3.000000e-02,
      1037,    6.309500e+02,   -3.468210e-02,    1.633425e-02,   -1.393563e-01,   -4.722732e-02,   -2.032965e-01,    9.869582e-01,   -1.291457e+00,   -8.983559e-01,   -4.078100e-02,    4.594300e-02,   -1.781000e-01,   -7.417800e-02,    3.000000e-02,    3.000000e-02,    3.000000e-02,    3.000000e-02,
      1037,    1.000000e+03,   -4.094750e-02,    2.373681e-02,   -1.305877e-01,   -4.807985e-02,   -1.585517e+00,    9.246062e-01,   -7.230765e-01,   -8.297384e-01,   -8.851300e-02,    5.147500e-02,   -1.522800e-01,   -7.297200e-02,    3.000000e-02,    3.000000e-02,    3.000000e-02,    3.000000e-02,
      1039,    1.000000e+02,    1.068313e-01,    7.232458e-02,    4.133782e-02,    1.468227e-01,   -6.007087e-01,    3.114806e-01,    5.052726e-01,   -1.567553e-01,    8.881000e-02,    8.166900e-02,    5.649600e-02,    1.421200e-01,    3.000000e-02,    3.000000e-02,    3.000000e-02,    3.000000e-02,
      1039,    1.584800e+02,    8.100546e-02,    8.123491e-02,    8.687425e-03,    1.092036e-01,   -5.364488e-01,    2.340305e-02,    2.999192e-01,    4.554787e-02,    6.491200e-02,    8.193700e-02,    1.768500e-02,    1.105700e-01,    3.000000e-02,    3.000000e-02,    3.000000e-02,    3.000000e-02,
      1039,    2.511800e+02,    5.063738e-02,    8.532588e-02,   -1.200484e-02,    8.299645e-02,   -5.155126e-01,    6.997066e-02,    2.451914e-01,    4.531817e-02,    3.517200e-02,    8.742500e-02,   -4.649100e-03,    8.435600e-02,    3.000000e-02,    3.000000e-02,    3.000000e-02,    3.000000e-02,
      1039,    3.981000e+02,    1.921850e-02,    8.268172e-02,   -2.980187e-02,    6.316072e-02,   -4.600335e-01,    2.197759e-01,    3.657957e-01,    1.978428e-01,    5.417500e-03,    8.927500e-02,   -1.882800e-02,    6.909600e-02,    3.000000e-02,    3.000000e-02,    3.000000e-02,    3.000000e-02,
      1039,    6.309500e+02,   -9.376467e-03,    7.357999e-02,   -4.393770e-02,    4.371798e-02,   -8.950511e-01,   -1.930997e-01,    3.242332e-02,    5.285007e-01,   -3.622800e-02,    6.778700e-02,   -4.296500e-02,    5.957300e-02,    3.000000e-02,    3.000000e-02,    3.000000e-02,    3.000000e-02,
      1040,    1.000000e+02,   -8.211284e-02,    4.285828e-02,    8.538669e-02,   -1.519591e-01,   -5.300533e-02,    1.115624e+00,    4.120770e-01,    5.930397e-02,   -8.370300e-02,    7.632700e-02,    9.774900e-02,   -1.501800e-01,    3.000000e-02,    3.000000e-02,    3.000000e-02,    3.000000e-02,
      1040,    1.584800e+02,   -9.347964e-02,    3.590018e-02,    1.205431e-01,   -1.059617e-01,   -7.884540e-02,    1.873561e+00,    3.575621e-01,    4.705808e-02,   -9.584500e-02,    9.210700e-02,    1.312700e-01,   -1.045500e-01,    3.000000e-02,    3.000000e-02,    3.000000e-02,    3.000000e-02,
      1040,    2.511800e+02,   -1.009257e-01,    2.777357e-02,    1.305421e-01,   -7.483150e-02,   -3.424750e-01,    3.110214e+00,    3.225961e-01,    1.546832e-01,   -1.112000e-01,    1.210800e-01,    1.402200e-01,   -7.019100e-02,    3.000000e-02,    3.000000e-02,    3.000000e-02,    3.000000e-02,
      1040,    3.981000e+02,   -1.059211e-01,    2.361745e-02,    1.367288e-01,   -6.411586e-02,   -7.212975e-01,    4.248085e+00,    4.070545e-02,    4.792857e-02,   -1.275600e-01,    1.510600e-01,    1.379500e-01,   -6.267800e-02,    3.000000e-02,    3.000000e-02,    3.000000e-02,    3.000000e-02,
      1040,    6.309500e+02,   -1.120431e-01,    2.025594e-02,    1.467586e-01,   -6.195163e-02,   -6.295648e-01,    5.347802e+00,   -6.082879e-01,   -6.740122e-01,   -1.309300e-01,    1.806900e-01,    1.285100e-01,   -8.217200e-02,    3.000000e-02,    3.000000e-02,    3.000000e-02,    3.000000e-02,
      1040,    1.000000e+03,   -1.165942e-01,    1.669521e-02,    1.580163e-01,   -6.524202e-02,    3.918083e-01,    4.908826e+00,   -1.800209e+00,   -1.429933e+00,   -1.048400e-01,    1.639600e-01,    1.040100e-01,   -1.081400e-01,    3.000000e-02,    3.000000e-02,    3.000000e-02,    3.000000e-02,
      1041,    2.511800e+02,    5.143564e-02,   -8.831777e-03,    1.690821e-01,   -2.309168e-02,    2.453479e+00,   -1.768074e-01,    2.348264e+00,   -9.881058e-02,    1.250400e-01,   -1.413600e-02,    2.395300e-01,   -2.605600e-02,    3.000000e-02,    3.000000e-02,    3.000000e-02,    3.000000e-02,
      1041,    3.981000e+02,    5.767575e-02,   -8.220643e-04,    1.742121e-01,   -5.868966e-03,    2.363475e+00,    1.152721e-01,    1.796598e+00,    1.609689e-01,    1.285800e-01,    2.636100e-03,    2.281100e-01,   -1.039900e-03,    3.000000e-02,    3.000000e-02,    3.000000e-02,    3.000000e-02,
      1041,    6.309500e+02,    5.737685e-02,    9.692073e-03,    1.721150e-01,    1.064447e-02,    2.722105e+00,    3.369309e-01,    1.301498e+00,    3.378509e-01,    1.390400e-01,    1.980000e-02,    2.111600e-01,    2.078000e-02,    3.000000e-02,    3.000000e-02,    3.000000e-02,    3.000000e-02,
      1042,    1.000000e+02,    2.424628e-02,    2.165021e-02,   -1.598446e-02,   -2.213106e-03,   -1.034976e+00,   -1.236736e-01,    6.045353e-01,   -6.139315e-02,   -6.803000e-03,    1.794000e-02,    2.151600e-03,   -4.054900e-03,    3.000000e-02,    3.000000e-02,    3.000000e-02,    3.000000e-02,
      1042,    1.584800e+02,    1.216085e-02,    2.886871e-02,   -1.173070e-02,   -1.415057e-02,   -6.905617e-01,   -5.234902e-01,    6.466335e-01,   -7.458106e-02,   -8.556000e-03,    1.316400e-02,    7.668300e-03,   -1.638800e-02,    3.000000e-02,    3.000000e-02,    3.000000e-02,    3.000000e-02,
      1042,    2.511800e+02,   -2.764404e-03,    2.659415e-02,    2.968792e-04,   -1.956310e-02,   -2.426199e-01,   -5.916750e-01,    5.935040e-01,   -1.694299e-01,   -1.004300e-02,    8.843900e-03,    1.810200e-02,   -2.464600e-02,    3.000000e-02,    3.000000e-02,    3.000000e-02,    3.000000e-02,
      1042,    3.981000e+02,   -1.290595e-02,    1.804810e-02,    1.210805e-02,   -1.595907e-02,    5.859844e-02,   -4.129267e-01,    6.030318e-01,   -3.883642e-01,   -1.114800e-02,    5.660300e-03,    3.019900e-02,   -2.761000e-02,    3.000000e-02,    3.000000e-02,    3.000000e-02,    3.000000e-02,
      1042,    6.309500e+02,   -1.701241e-02,    8.423588e-03,    1.845119e-02,   -7.526499e-03,    2.220470e-01,   -1.867196e-01,    7.270603e-01,   -6.368167e-01,   -1.035100e-02,    2.822000e-03,    4.026300e-02,   -2.663100e-02,    3.000000e-02,    3.000000e-02,    3.000000e-02,    3.000000e-02,
      1043,    1.000000e+02,    1.491785e-01,   -1.378210e-02,    6.175054e-02,   -4.750965e-02,    4.097170e-01,    1.100326e-02,    4.200488e-01,   -5.636116e-01,    1.614700e-01,   -1.345200e-02,    7.435200e-02,   -6.441800e-02,    3.000000e-02,    3.000000e-02,    3.000000e-02,    3.000000e-02,
      1043,    1.584800e+02,    1.487258e-01,    1.493806e-02,    7.634858e-02,   -3.029944e-02,    2.981399e-01,    2.080648e-01,    6.973807e-01,   -6.448530e-02,    1.576700e-01,    2.118000e-02,    9.727000e-02,   -3.223400e-02,    3.000000e-02,    3.000000e-02,    3.000000e-02,    3.000000e-02,
      1043,    2.511800e+02,    1.350566e-01,    4.043559e-02,    8.151262e-02,   -1.216532e-02,    2.591117e-01,    1.813802e-01,    5.750794e-01,    3.455239e-01,    1.428300e-01,    4.587700e-02,    9.876500e-02,   -1.799600e-03,    3.000000e-02,    3.000000e-02,    3.000000e-02,    3.000000e-02,
      1043,    3.981000e+02,    1.118289e-01,    5.795646e-02,    7.838554e-02,    2.356371e-03,    1.010373e-01,    2.665515e-01,    1.919487e-01,    6.824876e-01,    1.148600e-01,    6.595300e-02,    8.414400e-02,    2.283100e-02,    3.000000e-02,    3.000000e-02,    3.000000e-02,    3.000000e-02,
      1043,    6.309500e+02,    8.485047e-02,    6.584163e-02,    7.085727e-02,    1.106283e-02,   -1.416157e-01,    2.112124e-01,   -8.600915e-02,    6.854389e-01,    8.060200e-02,    7.217800e-02,    6.827700e-02,    3.162600e-02,    3.000000e-02,    3.000000e-02,    3.000000e-02,    3.000000e-02,
      1043,    1.000000e+03,    5.920731e-02,    6.621750e-02,    6.214697e-02,    1.455606e-02,    5.725898e-01,    7.539501e-01,   -3.278658e-01,    4.707312e-01,    7.638500e-02,    8.883600e-02,    5.231100e-02,    2.867800e-02,    3.000000e-02,    3.000000e-02,    3.000000e-02,    3.000000e-02,
      1044,    1.000000e+02,   -7.844540e-02,    8.378723e-02,    3.611827e-02,    3.075857e-02,   -9.714866e-01,    5.704257e-01,   -8.957356e-01,    9.904809e-01,   -1.075900e-01,    1.009000e-01,    9.246200e-03,    6.047300e-02,    3.000000e-02,    3.000000e-02,    3.000000e-02,    3.000000e-02,
      1044,    1.584800e+02,   -8.943733e-02,    6.181872e-02,    2.521738e-02,    4.503946e-02,   -1.853089e+00,    3.744255e-02,   -1.125779e+00,    1.256018e+00,   -1.450300e-01,    6.294200e-02,   -8.556000e-03,    8.272000e-02,    3.000000e-02,    3.000000e-02,    3.000000e-02,    3.000000e-02,
      1044,    2.511800e+02,   -9.640013e-02,    5.362331e-02,    4.883550e-03,    5.525478e-02,   -1.671662e+00,   -1.090770e-01,   -6.120850e-01,    1.010207e+00,   -1.465500e-01,    5.035100e-02,   -1.347900e-02,    8.556100e-02,    3.000000e-02,    3.000000e-02,    3.000000e-02,    3.000000e-02,
      1044,    3.981000e+02,   -1.078418e-01,    5.294699e-02,   -1.712339e-02,    5.753282e-02,   -1.098275e+00,   -1.801996e-01,    7.277971e-02,    7.698728e-01,   -1.407900e-01,    4.754100e-02,   -1.494000e-02,    8.062900e-02,    3.000000e-02,    3.000000e-02,    3.000000e-02,    3.000000e-02,
      1044,    6.309500e+02,   -1.238956e-01,    5.247988e-02,   -3.633817e-02,    5.635688e-02,   -2.591450e-01,   -3.129627e-01,    6.362057e-01,    5.488708e-01,   -1.316700e-01,    4.309100e-02,   -1.725200e-02,    7.282300e-02,    3.000000e-02,    3.000000e-02,    3.000000e-02,    3.000000e-02,
      1044,    1.000000e+03,   -1.412027e-01,    4.912097e-02,   -5.440749e-02,    5.444838e-02,    7.990890e-01,   -4.356989e-01,    1.116516e+00,    2.007208e-01,   -1.172300e-01,    3.605000e-02,   -2.091200e-02,    6.047000e-02,    3.000000e-02,    3.000000e-02,    3.000000e-02,    3.000000e-02,
      1045,    1.000000e+02,   -1.155822e-02,    7.912210e-02,   -3.248005e-01,    5.649659e-02,    2.456441e+00,   -8.863661e-02,   -2.323159e-01,    3.988802e-01,    6.213500e-02,    7.646300e-02,   -3.317700e-01,    6.846300e-02,    3.000000e-02,    3.000000e-02,    3.000000e-02,    3.000000e-02,
      1045,    1.584800e+02,   -3.199539e-02,    6.998615e-02,   -3.337924e-01,    1.313462e-02,    2.144646e+00,    2.358283e-01,   -2.619192e-01,    6.377127e-01,    3.234400e-02,    7.706100e-02,   -3.416500e-01,    3.226600e-02,    3.000000e-02,    3.000000e-02,    3.000000e-02,    3.000000e-02,
      1045,    2.511800e+02,   -5.084635e-02,    6.432974e-02,   -3.257653e-01,   -2.785250e-02,    1.340945e+00,    5.200866e-02,   -2.614914e-01,    8.044068e-01,   -1.061800e-02,    6.589000e-02,   -3.336100e-01,   -3.720300e-03,    3.000000e-02,    3.000000e-02,    3.000000e-02,    3.000000e-02,
      1045,    3.981000e+02,   -7.026769e-02,    5.802915e-02,   -3.020024e-01,   -6.057499e-02,   -6.285769e-01,   -5.563715e-01,   -6.325402e-02,    9.058331e-01,   -8.912500e-02,    4.133800e-02,   -3.039000e-01,   -3.340000e-02,    3.000000e-02,    3.000000e-02,    3.000000e-02,    3.000000e-02,
      1045,    6.309500e+02,   -8.712044e-02,    4.892007e-02,   -2.686473e-01,   -8.119388e-02,   -4.165985e+00,   -1.192436e+00,    3.832433e-01,    7.982626e-01,   -2.121000e-01,    1.314700e-02,   -2.571500e-01,   -5.724600e-02,    3.000000e-02,    3.000000e-02,    3.000000e-02,    3.000000e-02,
      1045,    1.000000e+03,   -9.865904e-02,    3.940420e-02,   -2.315755e-01,   -9.038755e-02,   -3.272699e+00,   -1.109273e+00,    3.881848e-01,    1.030585e+00,   -1.968400e-01,    6.126000e-03,   -2.199300e-01,   -5.947000e-02,    3.000000e-02,    3.000000e-02,    3.000000e-02,    3.000000e-02,
      1046,    1.000000e+02,   -1.557917e-02,   -6.191340e-02,   -8.133589e-02,    8.039646e-02,   -1.460944e-01,    8.948133e-01,    1.607296e-01,   -3.264152e-01,   -1.996200e-02,   -3.506900e-02,   -7.651400e-02,    7.060400e-02,    3.000000e-02,    3.000000e-02,    3.000000e-02,    3.000000e-02,
      1046,    1.584800e+02,    7.744615e-03,   -4.122622e-02,   -1.022363e-01,    5.757624e-02,   -4.018305e-01,    5.390740e-01,    1.630443e-01,   -2.417080e-01,   -4.310300e-03,   -2.505400e-02,   -9.734500e-02,    5.032500e-02,    3.000000e-02,    3.000000e-02,    3.000000e-02,    3.000000e-02,
      1046,    2.511800e+02,    1.131702e-02,   -2.001802e-02,   -1.096272e-01,    3.682056e-02,   -2.987774e-01,    2.518007e-01,    1.255734e-01,   -2.272853e-01,    2.353700e-03,   -1.246400e-02,   -1.058600e-01,    3.000200e-02,    3.000000e-02,    3.000000e-02,    3.000000e-02,    3.000000e-02,
      1046,    3.981000e+02,    5.714976e-03,   -1.255969e-02,   -1.095919e-01,    2.774874e-02,   -1.477692e-01,    3.209464e-01,    1.337307e-01,   -3.798247e-01,    1.281900e-03,   -2.931300e-03,   -1.055800e-01,    1.635400e-02,    3.000000e-02,    3.000000e-02,    3.000000e-02,    3.000000e-02,
      1046,    6.309500e+02,    4.395370e-03,   -1.422549e-02,   -1.136111e-01,    2.648376e-02,   -2.368023e-01,    4.865431e-01,    3.823715e-01,   -5.218252e-01,   -2.708700e-03,    3.708000e-04,   -1.021400e-01,    1.082900e-02,    3.000000e-02,    3.000000e-02,    3.000000e-02,    3.000000e-02,
      1046,    1.000000e+03,    6.551636e-03,   -1.718768e-02,   -1.199241e-01,    2.465457e-02,   -4.354679e-01,    5.551495e-01,    6.762041e-01,   -4.584857e-01,   -6.512400e-03,   -5.332000e-04,   -9.963800e-02,    1.090000e-02,    3.000000e-02,    3.000000e-02,    3.000000e-02,    3.000000e-02,
