MT,
     StaID,        Freq[Hz],     Re(Zxx)_Cal,     Im(Zxx)_Cal,     Re(Zxy)_Cal,     Im(Zxy)_Cal,     Re(Zyx)_Cal,     Im(Zyx)_Cal,     Re(Zyy)_Cal,     Im(Zyy)_Cal,     Re(Zxx)_Res,     Im(Zxx)_Res,     Re(Zxy)_Res,     Im(Zxy)_Res,     Re(Zyx)_Res,     Im(Zyx)_Res,     Re(Zyy)_Res,     Im(Zyy)_Res,     Re(Zxx)_Obs,     Im(Zxx)_Obs,     Re(Zxy)_Obs,     Im(Zxy)_Obs,     Re(Zyx)_Obs,     Im(Zyx)_Obs,     Re(Zyy)_Obs,     Im(Zyy)_Obs,      Re(Zxx)_SD,      Im(Zxx)_SD,      Re(Zxy)_SD,      Im(Zxy)_SD,      Re(Zyx)_SD,      Im(Zyx)_SD,      Re(Zyy)_SD,      Im(Zyy)_SD,
         1,    6.309500e+00,   -1.977223e-02,   -1.608807e-03,    3.499411e-02,   -2.655109e-02,   -7.196689e-02,    2.816642e-02,    2.469714e-02,   -1.121894e-02,   -2.118922e-01,   -2.530619e-01,   -3.513950e-01,    7.112166e-02,   -7.167646e-01,    4.000900e-01,    4.540333e-01,   -6.891263e-01,   -2.072500e-02,   -2.746700e-03,    3.396600e-02,   -2.634300e-02,   -7.406400e-02,    2.933700e-02,    2.817000e-02,   -1.649000e-02,    4.496500e-03,    4.496500e-03,    2.925800e-03,    2.925800e-03,    2.925800e-03,    2.925800e-03,    7.648900e-03,    7.648900e-03,
         1,    1.000000e+01,   -1.756614e-02,   -2.652305e-03,    4.253712e-02,   -3.014951e-02,   -7.699764e-02,    3.222827e-02,    2.750098e-02,   -1.305201e-02,   -1.516505e-01,   -4.188335e-01,   -8.573384e-01,    1.767072e-01,   -3.355243e-01,   -5.390407e-01,    6.318524e-01,   -7.354271e-01,   -1.826100e-02,   -4.571400e-03,    3.977400e-02,   -2.958000e-02,   -7.807900e-02,    3.049100e-02,    3.285700e-02,   -1.928600e-02,    4.582000e-03,    4.582000e-03,    3.222900e-03,    3.222900e-03,    3.222900e-03,    3.222900e-03,    8.476700e-03,    8.476700e-03,
         1,    1.584800e+01,   -1.515785e-02,   -1.692881e-03,    4.919621e-02,   -3.480636e-02,   -8.226487e-02,    4.086818e-02,    3.053924e-02,   -1.570806e-02,    1.434078e-01,   -6.227257e-01,   -7.419144e-01,    1.336206e-02,    1.389422e-01,   -7.396964e-01,    8.620416e-01,   -6.901303e-01,   -1.451900e-02,   -4.467000e-03,    4.651100e-02,   -3.475800e-02,   -8.176200e-02,    3.819100e-02,    3.875200e-02,   -2.228300e-02,    4.454800e-03,    4.454800e-03,    3.619300e-03,    3.619300e-03,    3.619300e-03,    3.619300e-03,    9.527100e-03,    9.527100e-03,
         2,    6.309500e+00,   -1.391251e-02,   -4.518718e-03,    3.521028e-02,   -3.391098e-02,   -3.205417e-02,    2.386041e-02,   -2.266616e-04,    3.293866e-03,   -6.533655e-01,    8.567899e-02,   -2.023725e-01,   -1.178568e-01,   -1.522707e-02,    4.170264e-01,    2.178763e-02,    4.304500e-01,   -1.675400e-02,   -4.146100e-03,    3.462300e-02,   -3.425300e-02,   -3.208800e-02,    2.478700e-02,   -1.843500e-04,    4.129800e-03,    4.349000e-03,    4.349000e-03,    2.902000e-03,    2.902000e-03,    2.221900e-03,    2.221900e-03,    1.942000e-03,    1.942000e-03,
         2,    1.000000e+01,   -1.091362e-02,   -6.201299e-03,    4.417909e-02,   -4.133431e-02,   -3.667964e-02,    3.063239e-02,   -1.176338e-03,    3.930646e-03,   -8.621429e-01,    4.889851e-02,   -3.744598e-01,   -1.255307e-01,   -4.118310e-01,    2.448755e-03,    2.576257e-01,    5.733109e-01,   -1.493000e-02,   -5.973500e-03,    4.313000e-02,   -4.168600e-02,   -3.779200e-02,    3.063900e-02,   -5.530900e-04,    5.317600e-03,    4.658600e-03,    4.658600e-03,    2.801600e-03,    2.801600e-03,    2.701000e-03,    2.701000e-03,    2.419200e-03,    2.419200e-03,
         2,    1.584800e+01,   -7.479321e-03,   -5.978874e-03,    5.372997e-02,   -5.108211e-02,   -4.260407e-02,    4.098441e-02,   -2.094803e-03,    4.761840e-03,   -1.058999e+00,    6.088612e-02,   -2.879017e-02,   -2.870722e-01,   -9.325521e-01,   -3.148380e-01,    2.097548e-01,    5.861994e-01,   -1.258200e-02,   -5.685500e-03,    5.363300e-02,   -5.204900e-02,   -4.574500e-02,    3.992400e-02,   -1.460400e-03,    6.534800e-03,    4.818400e-03,    4.818400e-03,    3.368100e-03,    3.368100e-03,    3.368100e-03,    3.368100e-03,    3.024500e-03,    3.024500e-03,
         4,    6.309500e+00,   -1.838378e-03,    4.664181e-03,    4.571483e-02,   -3.703907e-02,   -4.537403e-02,    4.726687e-02,   -8.457321e-03,    9.907326e-04,   -7.087643e-02,    1.820064e-01,    4.017472e-01,   -4.591913e-01,   -6.614731e-01,   -4.768721e-01,   -1.636100e-01,    5.504574e-02,   -2.033600e-03,    5.165500e-03,    4.698600e-02,   -3.849200e-02,   -4.746700e-02,    4.575800e-02,   -9.059700e-03,    1.193400e-03,    2.754400e-03,    2.754400e-03,    3.164100e-03,    3.164100e-03,    3.164100e-03,    3.164100e-03,    3.681800e-03,    3.681800e-03,
         4,    1.000000e+01,   -3.481487e-03,    6.530076e-03,    5.404903e-02,   -4.709898e-02,   -5.662111e-02,    5.990886e-02,   -1.009931e-02,   -2.630731e-03,   -3.147626e-01,    5.361808e-02,    2.150793e-01,   -2.540014e-02,   -6.750343e-01,   -7.201169e-01,   -2.028659e-01,   -4.641074e-03,   -4.629300e-03,    6.725600e-03,    5.487900e-02,   -4.719700e-02,   -5.922600e-02,    5.713000e-02,   -1.102900e-02,   -2.652000e-03,    3.646600e-03,    3.646600e-03,    3.858900e-03,    3.858900e-03,    3.858900e-03,    3.858900e-03,    4.582800e-03,    4.582800e-03,
         4,    1.584800e+01,   -5.392662e-03,    8.502942e-03,    6.413266e-02,   -6.100704e-02,   -7.000148e-02,    7.690078e-02,   -1.041202e-02,   -7.794027e-03,   -5.873466e-01,   -5.013585e-01,   -1.609206e-01,    4.275490e-02,   -1.740755e-01,   -1.130938e+00,   -2.223711e-01,   -5.602955e-02,   -8.026500e-03,    6.254700e-03,    6.337600e-02,   -6.080600e-02,   -7.082000e-02,    7.158300e-02,   -1.167400e-02,   -8.112000e-03,    4.484300e-03,    4.484300e-03,    4.702100e-03,    4.702100e-03,    4.702100e-03,    4.702100e-03,    5.675100e-03,    5.675100e-03,
         5,    6.309500e+00,   -8.054767e-03,   -7.434226e-03,    3.834616e-02,   -3.392891e-02,   -3.891307e-02,    2.077290e-02,   -8.586870e-04,    2.554834e-03,   -1.433871e-01,   -4.788253e-01,    3.918918e-01,    1.300553e-01,    7.346814e-02,   -2.304017e-02,    1.279260e+00,    1.176381e-02,   -8.604800e-03,   -9.271000e-03,    3.928000e-02,   -3.361900e-02,   -3.873800e-02,    2.071800e-02,    1.301600e-03,    2.574700e-03,    3.836000e-03,    3.836000e-03,    2.382900e-03,    2.382900e-03,    2.382900e-03,    2.382900e-03,    1.688700e-03,    1.688700e-03,
         5,    1.000000e+01,   -4.800330e-03,   -1.027886e-02,    4.800680e-02,   -3.974939e-02,   -4.342062e-02,    2.359414e-02,   -1.668247e-03,    2.274906e-03,    7.842842e-02,   -5.811535e-01,   -2.546229e-02,    4.025210e-01,    1.118555e-01,   -2.568731e-01,    1.245273e+00,    1.636277e-01,   -4.460500e-03,   -1.279700e-02,    4.793700e-02,   -3.864600e-02,   -4.311400e-02,    2.289000e-02,    4.306600e-04,    2.550700e-03,    4.333000e-03,    4.333000e-03,    2.741200e-03,    2.741200e-03,    2.741200e-03,    2.741200e-03,    1.685500e-03,    1.685500e-03,
         5,    1.584800e+01,   -3.380320e-04,   -1.233967e-02,    5.751997e-02,   -4.694329e-02,   -4.721682e-02,    2.879276e-02,   -2.014200e-03,    2.146686e-03,    4.515733e-01,   -6.354546e-01,    2.322965e-01,    1.283046e-01,    4.257739e-02,   -3.648153e-01,    8.067391e-01,    3.839924e-01,    1.981700e-03,   -1.560400e-02,    5.826100e-02,   -4.653400e-02,   -4.708100e-02,    2.762900e-02,   -4.878500e-04,    2.873200e-03,    5.137000e-03,    5.137000e-03,    3.190000e-03,    3.190000e-03,    3.190000e-03,    3.190000e-03,    1.892000e-03,    1.892000e-03,
         6,    6.309500e+00,    1.230511e-01,   -6.501336e-02,    8.610262e-02,   -7.953317e-02,   -1.643692e-01,    1.046506e-01,   -8.416751e-02,    6.127399e-02,    1.210214e-01,    1.727134e-01,   -2.653104e-01,   -1.970233e-01,   -6.358594e-01,   -3.133547e-01,    3.820146e-01,   -2.215789e-01,    1.253700e-01,   -6.170400e-02,    8.408700e-02,   -8.103000e-02,   -1.692000e-01,    1.022700e-01,   -7.631100e-02,    5.671700e-02,    1.916100e-02,    1.916100e-02,    7.597200e-03,    7.597200e-03,    7.597200e-03,    7.597200e-03,    2.056600e-02,    2.056600e-02,
         6,    1.000000e+01,    1.483085e-01,   -6.221210e-02,    1.108916e-01,   -9.389532e-02,   -2.001835e-01,    1.112269e-01,   -1.066017e-01,    6.482287e-02,    3.086483e-02,    2.281030e-01,   -2.297556e-01,   -2.731733e-02,   -4.467005e-01,   -5.071613e-01,    4.074504e-01,   -2.710312e-01,    1.490100e-01,   -5.702800e-02,    1.088000e-01,   -9.414400e-02,   -2.042500e-01,    1.066100e-01,   -9.674300e-02,    5.826500e-02,    2.272700e-02,    2.272700e-02,    9.103500e-03,    9.103500e-03,    9.103500e-03,    9.103500e-03,    2.419600e-02,    2.419600e-02,
         6,    1.584800e+01,    1.709857e-01,   -5.317401e-02,    1.394286e-01,   -1.085406e-01,   -2.349887e-01,    1.137907e-01,   -1.305107e-01,    6.458388e-02,   -2.082603e-02,    2.536160e-01,   -3.961501e-01,    9.584392e-02,   -4.330296e-01,   -5.926051e-01,    5.286556e-01,   -3.752364e-01,    1.704400e-01,   -4.652800e-02,    1.352100e-01,   -1.075200e-01,   -2.396000e-01,    1.074800e-01,   -1.159700e-01,    5.426300e-02,    2.620500e-02,    2.620500e-02,    1.064900e-02,    1.064900e-02,    1.064900e-02,    1.064900e-02,    2.750500e-02,    2.750500e-02,
         7,    6.309500e+00,    4.022885e-03,    1.305285e-03,    3.099817e-02,   -3.414452e-02,   -4.169498e-02,    3.837388e-02,   -5.744438e-03,    7.227247e-03,    2.126813e-01,    4.081455e-01,    8.947672e-01,   -5.865522e-01,   -3.126154e-01,    1.587980e-01,   -5.912048e-01,   -1.359564e-01,    4.524600e-03,    2.268100e-03,    3.337100e-02,   -3.570000e-02,   -4.252400e-02,    3.879500e-02,   -7.912800e-03,    6.728600e-03,    2.359000e-03,    2.359000e-03,    2.651900e-03,    2.651900e-03,    2.651900e-03,    2.651900e-03,    3.667700e-03,    3.667700e-03,
         7,    1.000000e+01,    3.997622e-03,    3.020538e-03,    4.079356e-02,   -4.326799e-02,   -5.301647e-02,    4.535897e-02,   -7.939689e-03,    8.625229e-03,    3.009299e-02,    5.842147e-01,    9.879999e-01,   -2.215422e-01,   -2.880990e-01,    4.537646e-03,   -4.065785e-01,   -4.441325e-01,    4.086800e-03,    4.751800e-03,    4.406700e-02,   -4.400200e-02,   -5.397100e-02,    4.537400e-02,   -9.698100e-03,    6.704400e-03,    2.963400e-03,    2.963400e-03,    3.313200e-03,    3.313200e-03,    3.313200e-03,    3.313200e-03,    4.324900e-03,    4.324900e-03,
         7,    1.584800e+01,    2.865868e-03,    5.245757e-03,    5.321835e-02,   -5.353020e-02,   -6.523614e-02,    5.326140e-02,   -1.042372e-02,    1.001922e-02,   -3.299299e-01,    4.007429e-01,    8.987770e-01,   -7.544877e-02,   -2.188608e-01,    3.446533e-02,   -1.125587e-01,   -6.325242e-01,    1.718900e-03,    6.638900e-03,    5.688500e-02,   -5.383800e-02,   -6.612900e-02,    5.340200e-02,   -1.098400e-02,    6.870700e-03,    3.476400e-03,    3.476400e-03,    4.079600e-03,    4.079600e-03,    4.079600e-03,    4.079600e-03,    4.977700e-03,    4.977700e-03,
         8,    1.584800e+01,   -3.777483e-01,    2.117922e-01,    7.917677e-02,   -1.225108e-01,   -2.687157e-01,    1.429236e-01,   -2.261240e-02,   -9.537275e-03,    1.470449e+00,   -1.175083e-01,   -1.085738e-01,    3.521503e-01,   -4.042908e-01,   -5.020702e-01,    1.012940e-01,    3.698230e-01,   -3.260400e-01,    2.076600e-01,    7.804500e-02,   -1.188400e-01,   -2.729300e-01,    1.376900e-01,   -2.136800e-02,   -4.994000e-03,    3.516500e-02,    3.516500e-02,    1.042400e-02,    1.042400e-02,    1.042400e-02,    1.042400e-02,    1.228500e-02,    1.228500e-02,
         9,    6.309500e+00,   -8.302358e-03,   -2.179608e-03,    3.299060e-02,   -2.300768e-02,   -3.208610e-02,    1.906177e-02,    1.967670e-03,   -4.451237e-04,   -1.318405e+00,   -4.909987e-01,   -3.215045e-01,    3.720127e-01,    1.346239e-01,   -2.937315e-01,   -1.380479e-01,    3.151189e-01,   -1.284400e-02,   -3.871000e-03,    3.237900e-02,   -2.230000e-02,   -3.183000e-02,    1.850300e-02,    1.799100e-03,   -6.033200e-05,    3.444800e-03,    3.444800e-03,    1.902300e-03,    1.902300e-03,    1.902300e-03,    1.902300e-03,    1.221100e-03,    1.221100e-03,
         9,    1.000000e+01,   -7.216831e-03,   -3.012795e-03,    3.904837e-02,   -2.569173e-02,   -3.614599e-02,    2.248339e-02,    2.435369e-03,   -9.149019e-04,   -1.053004e+00,   -7.023374e-01,   -3.325219e-01,    1.793636e-01,    3.851414e-01,   -4.532622e-01,   -2.704020e-01,    2.725177e-01,   -1.096700e-02,   -5.514100e-03,    3.832400e-02,   -2.530100e-02,   -3.530700e-02,    2.149600e-02,    2.055400e-03,   -5.319600e-04,    3.561400e-03,    3.561400e-03,    2.178400e-03,    2.178400e-03,    2.178400e-03,    2.178400e-03,    1.405200e-03,    1.405200e-03,
         9,    1.584800e+01,   -5.938526e-03,   -3.631447e-03,    4.409868e-02,   -2.970296e-02,   -4.003806e-02,    2.820932e-02,    3.337016e-03,   -8.223460e-04,   -3.261834e-01,   -7.928162e-01,   -8.172900e-02,   -5.343382e-02,    8.035141e-01,   -1.143450e+00,   -2.426146e-01,    4.869511e-02,   -7.033100e-03,   -6.291900e-03,    4.380800e-02,   -2.989300e-02,   -3.805900e-02,    2.539300e-02,    2.910500e-03,   -7.367400e-04,    3.355700e-03,    3.355700e-03,    3.556600e-03,    3.556600e-03,    2.463000e-03,    2.463000e-03,    1.758000e-03,    1.758000e-03,
        10,    6.309500e+00,   -1.457630e-02,    2.128956e-02,    5.910530e-02,   -6.352980e-02,   -8.106158e-02,    6.968484e-02,    2.618743e-02,   -3.518398e-02,   -1.818008e-01,   -2.580296e-01,   -1.334517e-01,    2.415568e-01,    3.532570e-01,    7.581231e-01,    6.670766e-01,    5.935605e-01,   -1.584000e-02,    1.949600e-02,    5.846400e-02,   -6.236900e-02,   -7.936400e-02,    7.332800e-02,    3.308900e-02,   -2.904300e-02,    6.951000e-03,    6.951000e-03,    4.805500e-03,    4.805500e-03,    4.805500e-03,    4.805500e-03,    1.034600e-02,    1.034600e-02,
        10,    1.000000e+01,   -2.466519e-02,    2.532226e-02,    7.616467e-02,   -7.992983e-02,   -1.017999e-01,    8.310279e-02,    3.741700e-02,   -4.516132e-02,    3.980463e-01,   -6.289745e-01,   -3.972711e-01,   -3.277709e-02,    1.837802e-01,    2.548388e-01,    2.809047e-01,    8.408350e-01,   -2.129700e-02,    2.000000e-02,    7.378700e-02,   -8.012600e-02,   -1.007000e-01,    8.462800e-02,    4.095500e-02,   -3.457100e-02,    8.461800e-03,    8.461800e-03,    5.985000e-03,    5.985000e-03,    5.985000e-03,    5.985000e-03,    1.259500e-02,    1.259500e-02,
        10,    1.584800e+01,   -3.732452e-02,    2.516176e-02,    9.615846e-02,   -9.985527e-02,   -1.246581e-01,    9.774849e-02,    5.247194e-02,   -5.503178e-02,    5.227143e-01,   -5.472884e-01,    2.903757e-02,   -5.932871e-01,    1.652671e-01,    1.387550e-01,    2.184913e-01,    6.613436e-01,   -3.164000e-02,    1.921000e-02,    9.637600e-02,   -1.043000e-01,   -1.234200e-01,    9.878800e-02,    5.595600e-02,   -4.448600e-02,    1.087500e-02,    1.087500e-02,    7.491700e-03,    7.491700e-03,    7.491700e-03,    7.491700e-03,    1.594600e-02,    1.594600e-02,
        11,    6.309500e+00,   -3.786179e-02,    2.884691e-03,    3.698262e-02,   -3.458906e-02,   -5.282120e-02,    2.702477e-02,    2.770091e-03,   -3.691254e-04,   -3.553812e-01,    6.249365e-01,   -7.193661e-01,   -1.771408e-01,   -5.238258e-01,    8.851796e-01,   -3.223499e-01,    3.821760e-01,   -4.026100e-02,    7.103700e-03,    3.499300e-02,   -3.507900e-02,   -5.427000e-02,    2.947300e-02,    2.203400e-03,    3.027400e-04,    6.751100e-03,    6.751100e-03,    2.765800e-03,    2.765800e-03,    2.765800e-03,    2.765800e-03,    1.758000e-03,    1.758000e-03,
        11,    1.000000e+01,   -3.862455e-02,   -3.113252e-03,    4.768610e-02,   -4.151635e-02,   -5.896906e-02,    2.946299e-02,    2.926529e-03,   -9.516036e-04,   -4.936156e-01,    4.905363e-01,   -5.100911e-01,   -6.430030e-01,   -7.724991e-01,    3.264052e-01,   -3.741616e-01,    4.311655e-01,   -4.246700e-02,    7.052300e-04,    4.600300e-02,   -4.363800e-02,   -6.151800e-02,    3.054000e-02,    2.231000e-03,   -1.501100e-04,    7.784300e-03,    7.784300e-03,    3.299600e-03,    3.299600e-03,    3.299600e-03,    3.299600e-03,    1.858900e-03,    1.858900e-03,
        11,    1.584800e+01,   -3.617957e-02,   -9.386515e-03,    5.938906e-02,   -4.853367e-02,   -6.360524e-02,    3.456087e-02,    3.455633e-03,   -1.471297e-03,   -6.281905e-01,    2.704750e-01,    1.592912e-01,   -9.673422e-01,   -7.925802e-01,   -2.360714e-01,   -2.220073e-01,    2.438704e-01,   -4.164200e-02,   -7.034600e-03,    6.000300e-02,   -5.226200e-02,   -6.666000e-02,    3.365100e-02,    2.949900e-03,   -9.157600e-04,    8.695500e-03,    8.695500e-03,    3.854200e-03,    3.854200e-03,    3.854200e-03,    3.854200e-03,    2.278000e-03,    2.278000e-03,
        12,    6.309500e+00,   -6.564849e-03,   -3.443682e-03,    2.450183e-02,   -2.205500e-02,   -2.883549e-02,    2.065139e-02,    2.318825e-03,   -2.912562e-03,   -6.295560e-02,   -1.392382e+00,    3.080485e-01,    3.696574e-01,   -8.315948e-01,   -8.583019e-01,    1.260569e-01,    2.039672e+00,   -6.735100e-03,   -7.209100e-03,    2.503100e-02,   -2.142000e-02,   -3.026400e-02,    1.917700e-02,    2.497700e-03,   -1.826800e-05,    2.704300e-03,    2.704300e-03,    1.717800e-03,    1.717800e-03,    1.717800e-03,    1.717800e-03,    1.419000e-03,    1.419000e-03,
        12,    1.000000e+01,   -3.451387e-03,   -1.969918e-03,    3.005639e-02,   -2.725055e-02,   -3.293217e-02,    2.709119e-02,    1.439194e-03,   -6.254303e-03,   -1.357921e+00,   -8.566463e-01,   -2.125470e-02,    2.133240e-02,   -2.477611e-01,   -1.516062e+00,    2.602054e+00,   -4.914101e-01,   -7.213100e-03,   -4.343000e-03,    3.001300e-02,   -2.720700e-02,   -3.343800e-02,    2.399600e-02,    1.054300e-02,   -7.973600e-03,    2.770200e-03,    2.770200e-03,    2.041600e-03,    2.041600e-03,    2.041600e-03,    2.041600e-03,    3.498700e-03,    3.498700e-03,
        12,    1.584800e+01,   -1.798902e-03,    2.010173e-03,    3.620568e-02,   -3.419332e-02,   -3.859917e-02,    3.638062e-02,    2.059573e-03,   -1.193680e-02,   -1.915671e+00,   -8.049520e-01,    1.035084e-01,   -5.202985e-01,   -7.678794e-02,   -9.084474e-01,    3.048048e+00,   -7.641962e-01,   -7.366800e-03,   -3.294200e-04,    3.647100e-02,   -3.552700e-02,   -3.879600e-02,    3.405200e-02,    1.823800e-02,   -1.599300e-02,    2.906500e-03,    2.906500e-03,    2.563300e-03,    2.563300e-03,    2.563300e-03,    2.563300e-03,    5.307800e-03,    5.307800e-03,
        13,    6.309500e+00,   -1.392501e-02,   -3.736017e-03,    1.765932e-02,   -2.215170e-02,   -2.931033e-02,    1.889609e-02,    1.845120e-03,   -1.170342e-03,   -1.397356e-01,   -1.083079e-01,    3.783922e-01,   -1.016644e-02,   -5.037578e-01,    2.806161e-01,   -5.476446e-02,    9.850293e-02,   -1.435900e-02,   -4.072400e-03,    1.826600e-02,   -2.216800e-02,   -3.011800e-02,    1.934600e-02,    1.774600e-03,   -1.043500e-03,    3.105800e-03,    3.105800e-03,    1.603300e-03,    1.603300e-03,    1.603300e-03,    1.603300e-03,    1.287700e-03,    1.287700e-03,
        13,    1.000000e+01,   -1.189355e-02,   -6.520123e-03,    2.360436e-02,   -2.911346e-02,   -3.295704e-02,    2.306726e-02,    3.259201e-03,   -1.722813e-03,   -2.085868e-01,   -1.035966e-01,    8.363017e-01,    2.258438e-01,   -7.367499e-01,   -1.426478e-01,    3.207624e-01,   -8.592536e-02,   -1.262700e-02,   -6.884400e-03,    2.526500e-02,   -2.866500e-02,   -3.442000e-02,    2.278400e-02,    3.903100e-03,   -1.895300e-03,    3.516300e-03,    3.516300e-03,    1.985700e-03,    1.985700e-03,    1.985700e-03,    1.985700e-03,    2.007400e-03,    2.007400e-03,
        14,    6.309500e+00,    9.940815e-02,   -5.194159e-02,    5.305823e-02,   -6.315669e-02,   -1.909029e-01,    1.107174e-01,   -3.168994e-02,    2.398426e-02,   -3.463691e-02,    1.725103e-01,    1.819144e-01,   -1.432425e+00,   -7.384937e-01,    4.378660e-01,   -2.131891e-01,    4.184215e-01,    9.888600e-02,   -4.934100e-02,    5.436800e-02,   -7.347000e-02,   -1.962200e-01,    1.138700e-01,   -3.496900e-02,    3.042000e-02,    1.507500e-02,    1.507500e-02,    7.199900e-03,    7.199900e-03,    7.199900e-03,    7.199900e-03,    1.538100e-02,    1.538100e-02,
        14,    1.000000e+01,    1.138814e-01,   -5.455469e-02,    6.516740e-02,   -8.164186e-02,   -2.235042e-01,    1.196563e-01,   -3.715165e-02,    2.318081e-02,   -2.308457e-01,    1.860922e-01,    1.406045e+00,   -1.096327e+00,   -1.033249e+00,   -4.138498e-02,   -4.946501e-01,    3.754624e-01,    1.097100e-01,   -5.119200e-02,    7.761300e-02,   -9.134600e-02,   -2.326500e-01,    1.192900e-01,   -4.604200e-02,    2.992900e-02,    1.807000e-02,    1.807000e-02,    8.851500e-03,    8.851500e-03,    8.851500e-03,    8.851500e-03,    1.797300e-02,    1.797300e-02,
        14,    1.584800e+01,    1.263500e-01,   -5.964404e-02,    7.791336e-02,   -1.101746e-01,   -2.535704e-01,    1.311680e-01,   -3.731699e-02,    2.525590e-02,   -5.000947e-01,    3.800920e-01,    1.998583e+00,   -1.324546e+00,   -1.127474e+00,   -3.651950e-01,   -8.159338e-01,    3.826276e-01,    1.156900e-01,   -5.154200e-02,    9.957400e-02,   -1.245300e-01,   -2.657900e-01,    1.272100e-01,   -5.404200e-02,    3.309900e-02,    2.131600e-02,    2.131600e-02,    1.083800e-02,    1.083800e-02,    1.083800e-02,    1.083800e-02,    2.049800e-02,    2.049800e-02,
        15,    6.309500e+00,   -1.621515e-02,    9.897602e-03,    2.389463e-02,   -2.889667e-02,   -2.262242e-02,    2.087260e-02,   -9.728191e-04,    7.542088e-04,   -1.210573e+00,    4.751552e-01,   -8.157679e-01,    7.398343e-01,    6.381999e-02,    1.011407e+00,   -2.622481e-01,    6.126121e-02,   -2.159700e-02,    1.201000e-02,    2.243400e-02,   -2.757200e-02,   -2.251500e-02,    2.257500e-02,   -1.243800e-03,    8.175100e-04,    4.445700e-03,    4.445700e-03,    1.790500e-03,    1.790500e-03,    1.683200e-03,    1.683200e-03,    1.033300e-03,    1.033300e-03,
        15,    1.000000e+01,   -2.014751e-02,    1.003077e-02,    3.185807e-02,   -3.684375e-02,   -2.750118e-02,    2.580339e-02,   -1.185412e-03,    4.003352e-04,   -1.204915e+00,    2.277863e-01,   -1.183894e+00,    1.665171e-01,   -1.190083e-01,    4.493564e-01,   -4.065128e-01,    3.015950e-01,   -2.681900e-02,    1.129200e-02,    2.934300e-02,   -3.649000e-02,   -2.775400e-02,    2.675800e-02,   -1.704000e-03,    7.850800e-04,    5.536900e-03,    5.536900e-03,    2.124400e-03,    2.124400e-03,    2.124400e-03,    2.124400e-03,    1.275700e-03,    1.275700e-03,
        15,    1.584800e+01,   -2.411871e-02,    9.223831e-03,    4.126941e-02,   -4.613302e-02,   -3.261597e-02,    3.272225e-02,   -1.144048e-03,    8.371527e-05,   -1.194764e+00,   -1.487375e-01,   -1.035402e+00,   -7.377348e-01,    1.935579e-01,   -3.398588e-02,   -6.064313e-01,    3.063041e-01,   -3.223200e-02,    8.213800e-03,    3.852000e-02,   -4.809200e-02,   -3.210200e-02,    3.263200e-02,   -2.037200e-03,    5.348400e-04,    6.790700e-03,    6.790700e-03,    2.655400e-03,    2.655400e-03,    2.655400e-03,    2.655400e-03,    1.472800e-03,    1.472800e-03,
        16,    6.309500e+00,   -4.852238e-03,   -3.852868e-03,    2.449176e-02,   -2.486622e-02,   -3.831766e-02,    2.913962e-02,    2.884611e-03,    2.464426e-03,   -8.734860e-01,   -7.144907e-02,    1.306089e-01,   -1.441006e+00,   -9.920707e-02,    2.419303e-01,   -1.025702e+00,    1.102808e-01,   -7.146100e-03,   -4.040500e-03,    2.477000e-02,   -2.793600e-02,   -3.852900e-02,    2.965500e-02,    1.068400e-03,    2.659700e-03,    2.626100e-03,    2.626100e-03,    2.130300e-03,    2.130300e-03,    2.130300e-03,    2.130300e-03,    1.770700e-03,    1.770700e-03,
        17,    6.309500e+00,   -9.961713e-03,   -2.222456e-03,    3.052957e-02,   -2.337115e-02,   -2.502100e-02,    2.020598e-02,    3.287973e-04,    1.944632e-03,   -3.264839e+00,   -9.439752e-01,    5.747194e-01,    2.026164e+00,   -1.879967e-01,   -6.955266e-01,    1.001187e+00,    2.371170e-01,   -2.523300e-02,   -6.637900e-03,    3.151700e-02,   -1.989000e-02,   -2.534400e-02,    1.901100e-02,    1.765100e-03,    2.284800e-03,    4.677500e-03,    4.677500e-03,    1.718100e-03,    1.718100e-03,    1.718100e-03,    1.718100e-03,    1.434600e-03,    1.434600e-03,
        17,    1.000000e+01,   -8.139059e-03,   -2.470553e-03,    3.632383e-02,   -2.701587e-02,   -2.865492e-02,    2.681431e-02,   -4.331816e-04,    1.699312e-03,   -2.909010e+00,   -1.479101e+00,   -4.846129e-01,    1.842851e+00,   -4.472633e-01,    2.077503e-02,    2.691562e-01,   -1.180785e+00,   -2.204500e-02,   -9.541100e-03,    3.532800e-02,   -2.322900e-02,   -2.957400e-02,    2.685700e-02,   -2.113000e-04,    7.259200e-04,    4.780300e-03,    4.780300e-03,    2.054900e-03,    2.054900e-03,    2.054900e-03,    2.054900e-03,    8.243600e-04,    8.243600e-04,
        17,    1.584800e+01,   -6.343170e-03,   -1.505045e-03,    4.116798e-02,   -3.249994e-02,   -3.334996e-02,    3.670047e-02,   -7.362956e-04,    1.437926e-03,   -2.063748e+00,   -1.977747e+00,   -1.053561e+00,    1.760513e+00,   -9.292778e-01,   -3.784506e-02,   -7.477459e-01,   -6.226354e-01,   -1.560300e-02,   -1.037900e-02,    3.856600e-02,   -2.815200e-02,   -3.564500e-02,    3.660700e-02,   -1.846100e-03,    5.138100e-04,    4.486900e-03,    4.486900e-03,    2.469700e-03,    2.469700e-03,    2.469700e-03,    2.469700e-03,    1.484200e-03,    1.484200e-03,
        18,    6.309500e+00,    2.356293e-01,   -1.505858e-01,    1.438268e-01,   -1.198930e-01,   -7.668007e-01,    5.187803e-01,   -3.749161e-01,    2.565579e-01,    5.556544e-01,   -2.374039e-01,   -5.157950e-01,   -5.981346e-01,   -3.726813e+00,    2.039047e+00,    3.281903e-01,    6.848164e-02,    2.554400e-01,   -1.590500e-01,    1.325500e-01,   -1.329700e-01,   -8.482800e-01,    5.633600e-01,   -3.422700e-01,    2.633700e-01,    3.565300e-02,    3.565300e-02,    2.186300e-02,    2.186300e-02,    2.186300e-02,    2.186300e-02,    9.947300e-02,    9.947300e-02,
        18,    1.000000e+01,    2.897064e-01,   -1.644979e-01,    1.825769e-01,   -1.376144e-01,   -9.458181e-01,    5.787115e-01,   -4.754937e-01,    2.657846e-01,    3.300880e-01,    3.896878e-02,   -4.458045e-01,   -5.019826e-01,   -2.345259e+00,    5.044198e-01,    3.478390e-01,    1.610324e-02,    3.035800e-01,   -1.628600e-01,    1.710800e-01,   -1.505600e-01,   -1.006300e+00,    5.917200e-01,   -4.352000e-01,    2.676500e-01,    4.203000e-02,    4.203000e-02,    2.578900e-02,    2.578900e-02,    2.578900e-02,    2.578900e-02,    1.158400e-01,    1.158400e-01,
        18,    1.584800e+01,    3.455304e-01,   -1.700393e-01,    2.249298e-01,   -1.528148e-01,   -1.133498e+00,    6.194055e-01,   -5.792177e-01,    2.468367e-01,    3.808900e-02,    1.999977e-01,   -3.141924e-01,   -3.804315e-01,   -1.002690e+00,   -3.643440e-01,    3.892322e-01,   -7.421586e-02,    3.473700e-01,   -1.603800e-01,    2.155600e-01,   -1.641600e-01,   -1.163400e+00,    6.085400e-01,   -5.283100e-01,    2.371300e-01,    4.829700e-02,    4.829700e-02,    2.982200e-02,    2.982200e-02,    2.982200e-02,    2.982200e-02,    1.307900e-01,    1.307900e-01,
        19,    6.309500e+00,   -5.024228e-03,   -5.659530e-03,    3.042922e-02,   -3.041721e-02,   -3.407074e-02,    2.597503e-02,    7.480914e-03,   -6.517787e-03,   -4.777509e-01,    2.231626e-01,   -1.337827e-01,    8.107853e-01,    2.735893e-01,   -1.061926e+00,    2.204490e-01,    5.342710e-01,   -6.337900e-03,   -5.045900e-03,    3.011700e-02,   -2.852500e-02,   -3.350600e-02,    2.378300e-02,    8.134700e-03,   -4.933300e-03,    2.749700e-03,    2.749700e-03,    2.333800e-03,    2.333800e-03,    2.064200e-03,    2.064200e-03,    2.965700e-03,    2.965700e-03,
        19,    1.000000e+01,   -1.859244e-03,   -5.862021e-03,    3.870902e-02,   -3.757970e-02,   -3.929956e-02,    3.477689e-02,    9.031345e-03,   -8.775880e-03,   -5.961112e-01,   -1.375551e-01,   -2.080304e-01,    4.718384e-01,   -3.808497e-01,   -4.388237e-01,    5.677455e-02,    5.325296e-01,   -3.604300e-03,   -6.264700e-03,    3.816200e-02,   -3.633900e-02,   -4.030100e-02,    3.362300e-02,    9.240400e-03,   -6.815000e-03,    2.927400e-03,    2.927400e-03,    2.629500e-03,    2.629500e-03,    2.629500e-03,    2.629500e-03,    3.682200e-03,    3.682200e-03,
        19,    1.584800e+01,    6.137853e-04,   -4.351896e-03,    4.838808e-02,   -4.653696e-02,   -4.778950e-02,    4.714769e-02,    1.144378e-02,   -1.171679e-02,   -3.016375e-01,   -3.486730e-01,    7.307747e-02,   -4.569981e-02,   -8.346362e-01,   -3.907702e-01,   -6.372831e-03,    3.527808e-01,   -2.456100e-04,   -5.345300e-03,    4.863600e-02,   -4.669200e-02,   -5.062100e-02,    4.582200e-02,    1.141300e-02,   -1.001300e-02,    2.849100e-03,    2.849100e-03,    3.392500e-03,    3.392500e-03,    3.392500e-03,    3.392500e-03,    4.829600e-03,    4.829600e-03,
        20,    6.309500e+00,   -2.628578e-02,    5.930571e-03,    4.995074e-02,   -5.221627e-02,   -6.953007e-02,    5.066028e-02,    4.801463e-03,    1.996886e-03,   -7.456876e-01,   -2.776055e-02,   -9.397062e-01,   -3.113830e-01,    3.741222e-01,    1.084723e-01,    1.733490e-01,    1.482379e+00,   -3.161700e-02,    5.732100e-03,    4.630600e-02,   -5.342400e-02,   -6.807900e-02,    5.108100e-02,    5.567700e-03,    8.549300e-03,    7.149400e-03,    7.149400e-03,    3.878600e-03,    3.878600e-03,    3.878600e-03,    3.878600e-03,    4.420200e-03,    4.420200e-03,
        20,    1.000000e+01,   -2.723465e-02,    2.633495e-03,    6.547221e-02,   -6.594430e-02,   -8.244733e-02,    5.934526e-02,    3.920450e-03,    3.347503e-03,   -5.385519e-01,   -4.304107e-01,   -6.734017e-01,    1.634093e-01,    1.884384e+00,   -2.483288e-01,   -8.273669e-02,    1.672975e+00,   -3.154500e-02,   -8.113400e-04,    6.237200e-02,   -6.519200e-02,   -7.377200e-02,    5.820200e-02,    3.496400e-03,    1.192200e-02,    8.003600e-03,    8.003600e-03,    4.603800e-03,    4.603800e-03,    4.603800e-03,    4.603800e-03,    5.125300e-03,    5.125300e-03,
        20,    1.584800e+01,   -2.451149e-02,    1.901142e-04,    8.494323e-02,   -8.001873e-02,   -9.556338e-02,    7.179541e-02,    1.414161e-03,    4.744762e-03,   -7.632060e-01,   -8.755579e-01,   -4.712298e-01,    1.747777e-01,    7.428963e-01,   -1.317130e-01,    8.143158e-01,    1.836496e+00,   -3.147300e-02,   -7.796200e-03,    8.223700e-02,   -7.901500e-02,   -9.129700e-02,    7.103900e-02,    7.152400e-03,    1.768600e-02,    9.121400e-03,    9.121400e-03,    5.742900e-03,    5.742900e-03,    5.742900e-03,    5.742900e-03,    7.046700e-03,    7.046700e-03,
        21,    6.309500e+00,   -9.446226e-03,   -2.745793e-03,    3.170316e-02,   -3.235294e-02,   -3.677437e-02,    2.669076e-02,    2.664884e-03,    1.009485e-03,   -1.642509e+00,    4.523729e-02,    5.487423e-01,    1.142150e-01,   -5.127401e-01,   -1.501234e-01,   -1.515109e-01,    2.071140e-01,   -1.627200e-02,   -2.557800e-03,    3.398500e-02,   -3.187800e-02,   -3.833100e-02,    2.623500e-02,    2.407300e-03,    1.361600e-03,    4.155700e-03,    4.155700e-03,    4.158300e-03,    4.158300e-03,    3.035900e-03,    3.035900e-03,    1.700100e-03,    1.700100e-03,
        21,    1.000000e+01,   -7.732614e-03,   -4.645450e-03,    4.016901e-02,   -4.036716e-02,   -4.208203e-02,    3.374494e-02,    2.298300e-03,    1.694348e-03,   -1.504663e+00,   -2.549681e-01,    6.241700e-01,    1.830688e-01,   -6.548177e-01,    1.128506e-02,    6.154156e-02,    2.599109e-01,   -1.458500e-02,   -5.806600e-03,    4.356200e-02,   -3.937200e-02,   -4.498700e-02,    3.379500e-02,    2.423900e-03,    2.224800e-03,    4.554100e-03,    4.554100e-03,    5.436000e-03,    5.436000e-03,    4.436300e-03,    4.436300e-03,    2.040900e-03,    2.040900e-03,
        21,    1.584800e+01,   -4.865219e-03,   -5.479362e-03,    5.011979e-02,   -5.060171e-02,   -4.874915e-02,    4.483766e-02,    1.476425e-03,    2.290753e-03,   -1.036274e+00,   -5.541440e-01,    6.306537e-01,   -2.038356e-02,   -4.533255e-01,    1.680275e-01,   -2.084839e-01,    1.989710e-01,   -9.658400e-03,   -8.042500e-03,    5.606900e-02,   -5.079400e-02,   -5.208200e-02,    4.607300e-02,    1.032000e-03,    2.714900e-03,    4.625400e-03,    4.625400e-03,    9.433400e-03,    9.433400e-03,    7.352000e-03,    7.352000e-03,    2.131700e-03,    2.131700e-03,
        22,    1.000000e+01,   -7.659373e-03,   -6.312720e-03,    3.138052e-02,   -2.750315e-02,   -2.757108e-02,    2.434268e-02,    9.930394e-04,    2.953457e-03,   -1.323930e+00,   -9.549678e-01,    3.798284e-01,    8.977385e-01,    3.327467e+00,   -6.813754e-01,    2.883646e-01,    3.690858e-01,   -1.279900e-02,   -1.002000e-02,    3.206600e-02,   -2.588300e-02,   -2.156600e-02,    2.311300e-02,    1.470600e-03,    3.564700e-03,    3.882100e-03,    3.882100e-03,    1.804700e-03,    1.804700e-03,    1.804700e-03,    1.804700e-03,    1.656100e-03,    1.656100e-03,
        22,    1.584800e+01,   -5.355556e-03,   -8.075772e-03,    3.673268e-02,   -3.418987e-02,   -3.122443e-02,    3.373662e-02,    5.595620e-04,    4.090287e-03,   -2.852194e-01,   -1.108992e+00,   -6.298043e-03,    8.019220e-02,    1.688381e+00,    6.601966e-03,   -8.742311e-02,    3.586657e-01,   -6.491100e-03,   -1.249100e-02,    3.671800e-02,   -3.400300e-02,   -2.729000e-02,    3.375200e-02,    3.685600e-04,    4.873900e-03,    3.981300e-03,    3.981300e-03,    2.330300e-03,    2.330300e-03,    2.330300e-03,    2.330300e-03,    2.184800e-03,    2.184800e-03,
        23,    6.309500e+00,   -5.009179e-03,   -2.875414e-03,    3.577025e-02,   -2.513731e-02,   -3.486855e-02,    1.759486e-02,   -3.034894e-04,   -1.353765e-03,   -3.434680e-01,   -6.729527e-01,    1.576312e-02,    1.043037e-01,   -1.497173e+00,    1.014215e-01,    1.895511e+00,    2.650692e-01,   -5.946400e-03,   -4.711700e-03,    3.580400e-02,   -2.491400e-02,   -3.807400e-02,    1.781200e-02,    2.918500e-03,   -9.032000e-04,    2.728700e-03,    2.728700e-03,    2.141000e-03,    2.141000e-03,    2.141000e-03,    2.141000e-03,    1.699800e-03,    1.699800e-03,
        23,    1.000000e+01,   -3.752837e-03,   -3.570229e-03,    4.282564e-02,   -2.760607e-02,   -3.882571e-02,    1.900957e-02,    2.978408e-04,   -2.801978e-03,   -2.188112e-01,   -9.486235e-01,   -2.090872e-02,   -7.200975e-01,   -7.062042e-01,    4.283700e-01,    1.497457e+00,    5.393259e-01,   -4.413100e-03,   -6.432700e-03,    4.277500e-02,   -2.935000e-02,   -4.053600e-02,    2.004700e-02,    3.177600e-03,   -1.764800e-03,    3.017500e-03,    3.017500e-03,    2.421800e-03,    2.421800e-03,    2.421800e-03,    2.421800e-03,    1.923100e-03,    1.923100e-03,
        23,    1.584800e+01,   -2.405743e-03,   -4.037741e-03,    4.872709e-02,   -3.103975e-02,   -4.141226e-02,    2.206046e-02,    1.707123e-03,   -3.991574e-03,    4.104978e-01,   -1.005935e+00,    7.123532e-01,   -9.356248e-01,   -9.212400e-01,    3.729531e-01,    9.072686e-01,    8.454688e-01,   -1.108200e-03,   -7.217400e-03,    5.068400e-02,   -3.361000e-02,   -4.394300e-02,    2.308500e-02,    3.687600e-03,   -2.146000e-03,    3.160900e-03,    3.160900e-03,    2.747100e-03,    2.747100e-03,    2.747100e-03,    2.747100e-03,    2.182900e-03,    2.182900e-03,
        24,    6.309500e+00,   -5.219703e-03,   -7.012749e-03,    2.802557e-02,   -2.572676e-02,   -2.729534e-02,    2.207633e-02,    6.884656e-04,    2.327100e-03,   -6.289330e-01,    2.105195e-01,   -1.391776e-01,    1.392806e-01,   -5.681817e-01,    2.699332e-01,    1.672850e-01,   -1.695222e-01,   -7.004300e-03,   -6.415400e-03,    2.776500e-02,   -2.546600e-02,   -2.834500e-02,    2.257500e-02,    9.169100e-04,    2.095600e-03,    2.837500e-03,    2.837500e-03,    1.872200e-03,    1.872200e-03,    1.847400e-03,    1.847400e-03,    1.365600e-03,    1.365600e-03,
        24,    1.000000e+01,   -1.296268e-03,   -7.270986e-03,    3.496972e-02,   -3.121667e-02,   -3.191332e-02,    2.924241e-02,   -4.059382e-04,    2.111700e-03,   -8.545631e-01,   -1.515983e-01,   -6.365720e-01,    9.773417e-02,   -5.559257e-02,   -5.072785e-01,    3.713277e-01,    3.257026e-01,   -3.840900e-03,   -7.722400e-03,    3.356500e-02,   -3.100100e-02,   -3.203600e-02,    2.812300e-02,    1.845100e-04,    2.629600e-03,    2.977700e-03,    2.977700e-03,    2.206700e-03,    2.206700e-03,    2.206700e-03,    2.206700e-03,    1.590100e-03,    1.590100e-03,
        24,    1.584800e+01,    1.723859e-03,   -5.382750e-03,    4.229789e-02,   -3.814726e-02,   -3.866493e-02,    3.924402e-02,   -8.215291e-04,    1.431537e-03,   -7.098431e-01,   -6.654206e-01,   -2.052533e-01,   -2.085107e-01,    1.686598e-01,   -3.380977e-01,    7.638828e-02,    8.458177e-01,   -4.691300e-04,   -7.438500e-03,    4.129900e-02,   -3.916200e-02,   -3.819700e-02,    3.830600e-02,   -6.716400e-04,    3.091200e-03,    3.089400e-03,    3.089400e-03,    4.866600e-03,    4.866600e-03,    2.774400e-03,    2.774400e-03,    1.962200e-03,    1.962200e-03,
        25,    6.309500e+00,    6.688717e-02,   -5.220961e-02,    5.078334e-02,   -6.689907e-02,   -1.494120e-01,    1.220708e-01,   -2.451329e-02,    3.829130e-02,    8.690665e-01,    3.421852e-01,    5.829468e-01,   -3.403136e-01,   -2.936560e+00,    1.065308e+00,   -1.708831e+00,    3.471921e-01,    7.863000e-02,   -4.758600e-02,    5.478300e-02,   -6.923400e-02,   -1.695600e-01,    1.293800e-01,   -5.624800e-02,    4.473900e-02,    1.351200e-02,    1.351200e-02,    6.861100e-03,    6.861100e-03,    6.861100e-03,    6.861100e-03,    1.857100e-02,    1.857100e-02,
        25,    1.000000e+01,    8.567019e-02,   -6.370149e-02,    6.419776e-02,   -9.212258e-02,   -1.864965e-01,    1.567213e-01,   -3.366902e-02,    5.329428e-02,    2.363612e-01,    5.665397e-01,    6.370342e-01,   -1.697075e-01,   -1.721412e+00,   -2.990007e-01,   -1.482712e+00,    3.325448e-01,    8.959000e-02,   -5.430600e-02,    6.967600e-02,   -9.358200e-02,   -2.013000e-01,    1.541500e-01,   -6.742000e-02,    6.086400e-02,    1.658400e-02,    1.658400e-02,    8.599600e-03,    8.599600e-03,    8.599600e-03,    8.599600e-03,    2.276300e-02,    2.276300e-02,
        25,    1.584800e+01,    1.081773e-01,   -7.267948e-02,    8.537381e-02,   -1.266059e-01,   -2.339930e-01,    1.934412e-01,   -4.996669e-02,    7.174017e-02,   -2.826111e-02,    1.953782e-01,    4.560938e-01,   -5.655165e-01,   -1.303817e+00,    1.057372e+00,   -1.162865e+00,    1.092998e-01,    1.075700e-01,   -6.848100e-02,    9.057100e-02,   -1.330500e-01,   -2.488500e-01,    2.054900e-01,   -8.310600e-02,    7.485500e-02,    2.148900e-02,    2.148900e-02,    1.139500e-02,    1.139500e-02,    1.139500e-02,    1.139500e-02,    2.849800e-02,    2.849800e-02,
        27,    6.309500e+00,    3.128085e-03,   -1.434301e-03,    4.284659e-02,   -3.023378e-02,   -3.504669e-02,    2.134122e-02,   -2.755805e-03,    1.171378e-04,    1.465908e+00,    1.301756e+00,   -1.375402e+00,   -4.682594e-02,   -4.728817e-01,   -1.281155e+00,    1.379442e+00,    8.820498e-01,    7.453100e-03,    2.406400e-03,    3.896300e-02,   -3.036600e-02,   -3.610500e-02,    1.847400e-02,   -1.085300e-03,    1.185300e-03,    2.950400e-03,    2.950400e-03,    2.823600e-03,    2.823600e-03,    2.238000e-03,    2.238000e-03,    1.211000e-03,    1.211000e-03,
        27,    1.000000e+01,    3.648517e-03,   -1.602170e-04,    5.109607e-02,   -3.364587e-02,   -3.973885e-02,    2.456638e-02,   -2.656220e-03,   -1.460907e-03,    1.644713e+00,    1.022810e+00,   -7.226405e-01,    1.936455e-01,   -2.194513e-01,   -1.060672e+00,    1.405522e+00,    2.398050e+00,    9.793000e-03,    3.660900e-03,    4.921200e-02,   -3.314100e-02,   -4.031100e-02,    2.180100e-02,   -5.132200e-04,    2.195400e-03,    3.735900e-03,    3.735900e-03,    2.607200e-03,    2.607200e-03,    2.607200e-03,    2.607200e-03,    1.524700e-03,    1.524700e-03,
        27,    1.584800e+01,    3.159242e-03,    1.112485e-03,    5.833939e-02,   -3.845427e-02,   -4.349059e-02,    2.998233e-02,   -1.489411e-03,   -2.797696e-03,   -2.645158e-01,    1.607583e+00,    1.484612e+00,   -2.132156e-01,   -2.100267e+00,   -1.622796e+00,    9.732861e-01,    2.975834e+00,    2.256000e-03,    6.601900e-03,    6.312800e-02,   -3.914200e-02,   -5.026500e-02,    2.474800e-02,    5.446600e-04,    3.421500e-03,    3.414700e-03,    3.414700e-03,    3.225500e-03,    3.225500e-03,    3.225500e-03,    3.225500e-03,    2.089900e-03,    2.089900e-03,
        28,    6.309500e+00,    6.294390e-03,   -1.237446e-02,    2.796471e-02,   -3.269207e-02,   -3.143726e-02,    2.469110e-02,   -3.079492e-03,    7.702050e-03,    5.519441e-01,    5.423836e-01,   -3.102978e-01,    6.962670e-01,    1.699552e-01,    8.361982e-01,    1.044826e-01,    1.684256e-01,    8.179500e-03,   -1.052200e-02,    2.620700e-02,   -2.874800e-02,   -3.078100e-02,    2.792000e-02,   -2.782500e-03,    8.180800e-03,    3.415400e-03,    3.415400e-03,    5.664600e-03,    5.664600e-03,    3.861400e-03,    3.861400e-03,    2.842500e-03,    2.842500e-03,
        28,    1.000000e+01,    9.143514e-03,   -1.733551e-02,    3.814595e-02,   -4.064415e-02,   -3.774605e-02,    2.939435e-02,   -4.855030e-03,    1.014449e-02,    1.996227e-02,    3.899729e-01,   -5.450220e-01,    3.959572e-01,   -1.738107e-01,    8.085619e-01,   -6.794968e-03,    3.160995e-01,    9.234400e-03,   -1.556000e-02,    3.416500e-02,   -3.775200e-02,   -3.859400e-02,    3.333900e-02,   -4.880600e-03,    1.133400e-02,    4.552900e-03,    4.552900e-03,    7.304200e-03,    7.304200e-03,    4.878600e-03,    4.878600e-03,    3.763100e-03,    3.763100e-03,
        28,    1.584800e+01,    1.369643e-02,   -2.365281e-02,    5.039864e-02,   -4.849065e-02,   -4.442878e-02,    3.584108e-02,   -7.342293e-03,    1.352380e-02,   -5.931240e-01,    2.299032e-01,   -7.046914e-01,    5.687387e-02,   -4.657493e-01,    6.638824e-01,   -1.514803e-01,    2.656818e-01,    1.014700e-02,   -2.227700e-02,    4.389800e-02,   -4.796600e-02,   -4.726300e-02,    3.988100e-02,   -8.076200e-03,    1.481100e-02,    5.984300e-03,    5.984300e-03,    9.224800e-03,    9.224800e-03,    6.085300e-03,    6.085300e-03,    4.844900e-03,    4.844900e-03,
        29,    6.309500e+00,    1.873854e-01,   -1.144301e-01,    1.074621e-01,   -1.098609e-01,   -3.026477e-01,    2.044840e-01,   -1.162020e-01,    1.005243e-01,    5.967497e-01,   -3.018798e-01,    6.102216e-01,   -4.375759e-02,   -9.863897e-01,    8.056845e-01,   -3.819284e-01,    1.937641e-01,    2.048600e-01,   -1.232700e-01,    1.149800e-01,   -1.104000e-01,   -3.148000e-01,    2.144100e-01,   -1.307600e-01,    1.079100e-01,    2.928300e-02,    2.928300e-02,    1.232000e-02,    1.232000e-02,    1.232000e-02,    1.232000e-02,    3.811700e-02,    3.811700e-02,
        29,    1.000000e+01,    2.261713e-01,   -1.198330e-01,    1.426523e-01,   -1.316317e-01,   -3.676100e-01,    2.253288e-01,   -1.532698e-01,    1.103992e-01,    6.226565e-01,   -8.490391e-02,    3.910896e-01,    2.291872e-01,   -1.054799e+00,    2.669914e-01,   -3.476038e-01,   -2.202500e-03,    2.479300e-01,   -1.228000e-01,    1.484400e-01,   -1.282400e-01,   -3.832200e-01,    2.292800e-01,   -1.689200e-01,    1.103000e-01,    3.494500e-02,    3.494500e-02,    1.479900e-02,    1.479900e-02,    1.479900e-02,    1.479900e-02,    4.502300e-02,    4.502300e-02,
        29,    1.584800e+01,    2.630300e-01,   -1.214908e-01,    1.843595e-01,   -1.527512e-01,   -4.328704e-01,    2.449879e-01,   -1.945054e-01,    1.141824e-01,    6.250453e-01,    1.864235e-01,    1.505582e-01,    5.240565e-01,   -1.295582e+00,   -3.922927e-01,   -3.615667e-01,   -2.602413e-01,    2.883800e-01,   -1.139300e-01,    1.869800e-01,   -1.436300e-01,   -4.554200e-01,    2.381600e-01,   -2.133900e-01,    1.005900e-01,    4.055700e-02,    4.055700e-02,    1.740500e-02,    1.740500e-02,    1.740500e-02,    1.740500e-02,    5.223000e-02,    5.223000e-02,
        30,    6.309500e+00,    4.186551e-01,   -2.377765e-01,    2.505579e-01,   -2.300328e-01,   -7.081985e-01,    4.342124e-01,   -3.607804e-01,    2.999517e-01,    3.225568e-01,   -6.369974e-02,    6.564572e-01,   -1.992880e-01,   -5.894876e-01,    8.687309e-02,   -2.165721e-01,   -1.157525e-02,    4.391300e-01,   -2.418200e-01,    2.686000e-01,   -2.355100e-01,   -7.244000e-01,    4.366000e-01,   -3.815800e-01,    2.988400e-01,    6.347700e-02,    6.347700e-02,    2.748400e-02,    2.748400e-02,    2.748400e-02,    2.748400e-02,    9.604000e-02,    9.604000e-02,
        30,    1.000000e+01,    5.037099e-01,   -2.394066e-01,    3.265943e-01,   -2.671214e-01,   -8.557270e-01,    4.561671e-01,   -4.677069e-01,    3.321071e-01,    2.760356e-01,    7.301109e-02,    5.125933e-01,    1.306829e-01,   -4.528780e-01,   -2.430566e-01,   -1.586062e-01,   -1.176264e-01,    5.243400e-01,   -2.339500e-01,    3.432700e-01,   -2.628700e-01,   -8.704600e-01,    4.482600e-01,   -4.856500e-01,    3.188000e-01,    7.473700e-02,    7.473700e-02,    3.253200e-02,    3.253200e-02,    3.253200e-02,    3.253200e-02,    1.131300e-01,    1.131300e-01,
        30,    1.584800e+01,    5.823590e-01,   -2.275443e-01,    4.138955e-01,   -3.001393e-01,   -9.972248e-01,    4.631342e-01,   -5.864984e-01,    3.498437e-01,    3.574169e-01,    1.437709e-01,    6.044800e-01,    6.519323e-01,   -2.505018e-01,    1.099253e-02,   -1.840201e-01,   -4.363839e-01,    6.134200e-01,   -2.150500e-01,    4.367600e-01,   -2.754800e-01,   -1.006700e+00,    4.635500e-01,   -6.104100e-01,    2.931400e-01,    8.690400e-02,    8.690400e-02,    3.782500e-02,    3.782500e-02,    3.782500e-02,    3.782500e-02,    1.299400e-01,    1.299400e-01,
        31,    6.309500e+00,    4.549547e-03,    6.683905e-05,    4.378552e-02,   -6.608876e-02,   -9.201204e-02,    7.392696e-02,    7.273226e-03,   -3.623512e-03,   -6.594565e-01,    1.088315e+00,   -1.053962e+00,    1.930924e-01,   -8.219036e-01,   -8.676594e-01,    6.681512e-01,   -1.539531e-01,    2.813000e-03,    2.932700e-03,    3.878700e-02,   -6.517300e-02,   -9.591000e-02,    6.981200e-02,    1.104200e-02,   -4.491900e-03,    2.633300e-03,    2.633300e-03,    4.742600e-03,    4.742600e-03,    4.742600e-03,    4.742600e-03,    5.640600e-03,    5.640600e-03,
        31,    1.000000e+01,    5.422293e-03,    2.175448e-03,    5.723902e-02,   -9.089786e-02,   -1.148870e-01,    8.882866e-02,    7.966707e-03,   -6.079418e-03,   -1.048854e+00,    5.511977e-01,   -1.099861e+00,    5.571518e-01,    3.298168e-01,   -1.271030e+00,    7.032273e-01,    2.029901e-02,    2.084000e-03,    3.929800e-03,    5.071300e-02,   -8.759200e-02,   -1.129300e-01,    8.128700e-02,    1.261300e-02,   -5.945300e-03,    3.182800e-03,    3.182800e-03,    5.933500e-03,    5.933500e-03,    5.933500e-03,    5.933500e-03,    6.607100e-03,    6.607100e-03,
        31,    1.584800e+01,    5.569306e-03,    5.213974e-03,    7.658985e-02,   -1.253842e-01,   -1.411785e-01,    1.042725e-01,    1.073574e-02,   -8.658150e-03,   -1.252094e+00,   -9.183413e-01,   -3.979263e-01,   -1.055043e-01,    9.749508e-01,   -1.249254e+00,    3.701327e-01,    2.359006e-01,    1.694200e-03,    2.371800e-03,    7.351300e-02,   -1.262000e-01,   -1.336400e-01,    9.461300e-02,    1.350200e-02,   -6.895100e-03,    3.094900e-03,    3.094900e-03,    7.732200e-03,    7.732200e-03,    7.732200e-03,    7.732200e-03,    7.473700e-03,    7.473700e-03,
        32,    6.309500e+00,   -6.238214e-03,    1.344650e-03,    1.610493e-02,   -2.051888e-02,   -2.961053e-02,    2.433971e-02,    4.688633e-03,   -2.906185e-03,   -1.091077e+00,   -1.513260e-01,    4.631134e-01,   -5.107148e-03,   -7.516894e-02,   -3.647351e-01,   -1.352610e-01,   -5.791291e-03,   -8.739400e-03,    9.977500e-04,    1.684100e-02,   -2.052700e-02,   -2.973000e-02,    2.376000e-02,    4.401000e-03,   -2.918500e-03,    2.292400e-03,    2.292400e-03,    1.589400e-03,    1.589400e-03,    1.589400e-03,    1.589400e-03,    2.126500e-03,    2.126500e-03,
        34,    6.309500e+00,   -1.604880e-02,    5.121864e-04,    3.712639e-02,   -2.483440e-02,   -3.487564e-02,    2.427533e-02,    1.914932e-03,   -1.149215e-03,    1.090717e+00,    1.398043e+00,    1.883443e-01,   -1.767564e-01,   -7.809503e-01,   -9.044114e-01,   -2.760435e+00,   -2.252655e+00,   -1.203300e-02,    5.659500e-03,    3.759800e-02,   -2.527700e-02,   -3.659600e-02,    2.228300e-02,   -7.113900e-03,   -8.517200e-03,    3.681800e-03,    3.681800e-03,    2.504000e-03,    2.504000e-03,    2.202900e-03,    2.202900e-03,    3.270800e-03,    3.270800e-03,
        34,    1.000000e+01,   -1.639051e-02,   -6.704591e-04,    4.488344e-02,   -2.758574e-02,   -4.169716e-02,    2.831285e-02,    2.734858e-03,   -2.294110e-03,    9.790314e-01,    1.231771e+00,    1.601509e+00,   -5.250156e-01,   -2.541731e-01,   -5.697268e-01,   -2.620982e+00,   -2.684673e+00,   -1.237100e-02,    4.386700e-03,    4.916700e-02,   -2.899000e-02,   -4.237700e-02,    2.678900e-02,   -8.447300e-03,   -1.374800e-02,    4.105600e-03,    4.105600e-03,    2.674700e-03,    2.674700e-03,    2.674700e-03,    2.674700e-03,    4.266400e-03,    4.266400e-03,
        34,    1.584800e+01,   -1.675212e-02,   -2.528611e-03,    5.267661e-02,   -3.021738e-02,   -4.888228e-02,    3.338213e-02,    4.512405e-03,   -2.605873e-03,    4.706550e-01,    1.324469e-01,    1.821299e+00,   -1.949895e-01,   -8.524919e-02,   -1.344017e+00,   -1.006127e+00,   -3.370363e+00,   -1.455600e-02,   -1.910600e-03,    5.826800e-02,   -3.081600e-02,   -4.914400e-02,    2.925600e-02,   -5.266800e-04,   -1.948600e-02,    4.666100e-03,    4.666100e-03,    3.070000e-03,    3.070000e-03,    3.070000e-03,    3.070000e-03,    5.008400e-03,    5.008400e-03,
        35,    6.309500e+00,   -2.514478e-03,   -1.917681e-03,    2.975296e-02,   -2.198839e-02,   -2.355666e-02,    2.700377e-02,    8.573262e-03,    2.945659e-03,   -2.053799e-01,    1.800897e+00,    4.712072e-01,    3.775907e-01,    2.769228e-01,    9.775337e-01,    1.946445e-01,    1.515468e-01,   -2.839800e-03,    9.349400e-04,    3.062700e-02,   -2.128800e-02,   -2.304300e-02,    2.881700e-02,    9.126500e-03,    3.376400e-03,    1.584000e-03,    1.584000e-03,    1.854900e-03,    1.854900e-03,    1.854900e-03,    1.854900e-03,    2.842300e-03,    2.842300e-03,
        35,    1.000000e+01,   -2.091494e-03,   -2.941649e-03,    3.364424e-02,   -2.988277e-02,   -3.062768e-02,    3.392224e-02,    7.104926e-03,    2.787239e-03,   -6.425059e-01,    7.991711e-01,    5.495995e-02,    5.289725e-01,   -4.503614e-01,    7.742642e-02,    3.635530e-01,    1.573871e-01,   -3.309300e-03,   -1.426900e-03,    3.376900e-02,   -2.868200e-02,   -3.165000e-02,    3.409800e-02,    8.210600e-03,    3.265900e-03,    1.895400e-03,    1.895400e-03,    2.270000e-03,    2.270000e-03,    2.270000e-03,    2.270000e-03,    3.041300e-03,    3.041300e-03,
        35,    1.584800e+01,   -1.282242e-03,   -4.090931e-03,    3.980136e-02,   -4.147889e-02,   -3.913900e-02,    4.243171e-02,    6.027831e-03,    2.046753e-03,   -6.183776e-01,   -1.684065e-01,   -9.327630e-02,    3.034345e-03,   -6.142104e-01,    4.720175e-01,    3.128149e-01,    3.129323e-01,   -2.912100e-03,   -4.534800e-03,    3.952800e-02,   -4.147000e-02,   -4.093900e-02,    4.381500e-02,    7.034000e-03,    3.053300e-03,    2.635700e-03,    2.635700e-03,    2.930600e-03,    2.930600e-03,    2.930600e-03,    2.930600e-03,    3.216500e-03,    3.216500e-03,
        36,    6.309500e+00,    1.419868e-02,   -1.296064e-03,    4.266647e-02,   -5.310697e-02,   -2.278336e-01,    1.372303e-01,   -2.343858e-02,   -3.813423e-03,    7.087889e-01,   -5.941566e-01,   -5.634686e-01,   -2.677011e-02,   -1.937756e+00,    9.190970e-01,    3.602604e-01,    1.009714e+00,    1.790600e-02,   -4.403800e-03,    3.883500e-02,   -5.328900e-02,   -2.410100e-01,    1.434800e-01,   -1.931000e-02,    7.757900e-03,    5.230500e-03,    5.230500e-03,    6.799800e-03,    6.799800e-03,    6.799800e-03,    6.799800e-03,    1.146000e-02,    1.146000e-02,
        36,    1.000000e+01,    1.438516e-02,    1.618181e-03,    5.362807e-02,   -7.090387e-02,   -2.680938e-01,    1.493332e-01,   -2.544937e-02,   -1.960098e-02,    1.164203e+00,   -9.083719e-01,   -7.777785e-01,    4.247456e-01,   -1.743720e+00,    8.815079e-01,   -3.668384e-02,    1.420139e+00,    2.186400e-02,   -4.217200e-03,    4.728700e-02,   -6.744100e-02,   -2.823100e-01,    1.565200e-01,   -2.595300e-02,   -1.038900e-04,    6.424000e-03,    6.424000e-03,    8.152800e-03,    8.152800e-03,    8.152800e-03,    8.152800e-03,    1.372900e-02,    1.372900e-02,
        36,    1.584800e+01,    1.283215e-02,    4.274232e-03,    6.748158e-02,   -9.584441e-02,   -3.046123e-01,    1.645543e-01,   -1.778366e-02,   -3.963835e-02,    1.101198e+00,   -1.118963e+00,   -6.025468e-01,   -3.031368e-01,   -2.208908e+00,    4.456566e-01,   -6.451981e-01,    1.112382e+00,    2.109400e-02,   -4.120900e-03,    6.124100e-02,   -9.898400e-02,   -3.274900e-01,    1.691700e-01,   -2.884300e-02,   -2.057100e-02,    7.502600e-03,    7.502600e-03,    1.035700e-02,    1.035700e-02,    1.035700e-02,    1.035700e-02,    1.714100e-02,    1.714100e-02,
        37,    6.309500e+00,    2.981549e-02,   -1.721101e-02,    5.935047e-02,   -8.115501e-02,   -1.053281e-01,    1.006759e-01,   -8.631353e-03,    4.262300e-03,   -1.053489e-01,    6.129902e-01,   -2.199064e-01,   -1.806902e-01,   -4.781270e-01,    3.790060e-01,   -7.178783e-01,    3.617281e-01,    2.892800e-02,   -1.204700e-02,    5.800200e-02,   -8.226300e-02,   -1.082600e-01,    1.030000e-01,   -1.379900e-02,    6.866200e-03,    8.424300e-03,    8.424300e-03,    6.132000e-03,    6.132000e-03,    6.132000e-03,    6.132000e-03,    7.198500e-03,    7.198500e-03,
        37,    1.000000e+01,    3.633044e-02,   -1.701623e-02,    7.766414e-02,   -1.092522e-01,   -1.334198e-01,    1.255888e-01,   -1.260650e-02,    1.038266e-03,   -4.458168e-01,    3.440546e-01,   -9.411682e-03,   -3.412059e-01,   -1.091927e-01,   -3.007044e-01,   -3.239820e-01,   -1.288095e-01,    3.174700e-02,   -1.347900e-02,    7.759000e-02,   -1.119400e-01,   -1.342800e-01,    1.232200e-01,   -1.516100e-02,    2.264100e-05,    1.028100e-02,    1.028100e-02,    7.877400e-03,    7.877400e-03,    7.877400e-03,    7.877400e-03,    7.884700e-03,    7.884700e-03,
        37,    1.584800e+01,    4.172992e-02,   -1.549915e-02,    1.029187e-01,   -1.463417e-01,   -1.650872e-01,    1.550022e-01,   -1.535083e-02,   -5.351679e-03,   -4.656272e-01,   -8.281249e-02,    2.230480e-01,   -4.486176e-01,    4.097209e-02,   -9.743345e-02,    1.243816e-01,   -8.376938e-01,    3.578200e-02,   -1.655700e-02,    1.051900e-01,   -1.509100e-01,   -1.646700e-01,    1.540100e-01,   -1.410800e-02,   -1.372200e-02,    1.277400e-02,    1.277400e-02,    1.018300e-02,    1.018300e-02,    1.018300e-02,    1.018300e-02,    9.992100e-03,    9.992100e-03,
        38,    6.309500e+00,   -9.846798e-03,   -4.074606e-03,    4.050464e-02,   -2.725052e-02,   -2.169765e-02,    2.012181e-02,    3.618894e-03,   -1.633601e-03,   -4.090265e+00,    2.060193e+00,    7.976015e-02,    4.411460e-01,   -1.325974e+00,   -9.137838e-01,   -1.598050e-01,    2.311471e-01,   -3.570300e-02,    8.948700e-03,    4.076400e-02,   -2.581600e-02,   -2.428900e-02,    1.833600e-02,    3.368000e-03,   -1.270700e-03,    6.321400e-03,    6.321400e-03,    3.251800e-03,    3.251800e-03,    1.954300e-03,    1.954300e-03,    1.570000e-03,    1.570000e-03,
        38,    1.000000e+01,   -8.260309e-03,   -4.722854e-03,    4.817345e-02,   -3.043850e-02,   -2.586719e-02,    2.648094e-02,    4.644080e-03,   -1.766854e-03,   -4.326877e+00,    1.183878e+00,   -3.384666e-01,   -2.513372e-02,   -6.968591e-01,   -1.404819e+00,   -3.307424e-01,    5.718503e-01,   -3.847100e-02,    3.543100e-03,    4.704900e-02,   -3.052200e-02,   -2.758300e-02,    2.302200e-02,    4.041500e-03,   -7.250000e-04,    6.982100e-03,    6.982100e-03,    3.322200e-03,    3.322200e-03,    2.462200e-03,    2.462200e-03,    1.821900e-03,    1.821900e-03,
        38,    1.584800e+01,   -7.080590e-03,   -5.517336e-03,    5.555637e-02,   -3.454255e-02,   -3.126342e-02,    3.540299e-02,    5.891348e-03,   -9.799368e-04,   -4.253809e+00,    1.808857e-01,   -1.302019e+00,   -2.774847e-01,   -1.141559e-02,   -1.393606e+00,   -9.815901e-01,    3.212787e-01,   -3.864300e-02,   -4.175200e-03,    5.214300e-02,   -3.527000e-02,   -3.130400e-02,    3.044900e-02,    3.953100e-03,   -3.455400e-04,    7.419800e-03,    7.419800e-03,    2.621600e-03,    2.621600e-03,    3.554800e-03,    3.554800e-03,    1.974600e-03,    1.974600e-03,
        39,    6.309500e+00,   -1.179364e-02,    2.176571e-03,    2.902974e-02,   -3.179840e-02,   -3.907563e-02,    2.754670e-02,    3.295877e-03,    1.398780e-03,   -8.005594e-01,    5.863140e-01,    9.581769e-01,    2.682758e-01,   -6.731748e-01,    1.005634e+00,   -3.956526e-01,    4.619316e-01,   -1.494600e-02,    4.485300e-03,    3.129200e-02,   -3.116500e-02,   -4.066500e-02,    2.992100e-02,    2.516600e-03,    2.308600e-03,    3.937700e-03,    3.937700e-03,    2.361000e-03,    2.361000e-03,    2.361000e-03,    2.361000e-03,    1.969600e-03,    1.969600e-03,
        39,    1.000000e+01,   -1.326063e-02,   -3.301594e-04,    3.902098e-02,   -3.947625e-02,   -4.663097e-02,    3.156726e-02,    3.323047e-03,    2.428605e-03,   -7.354125e-01,    5.624895e-01,    3.940029e-02,    1.303315e+00,   -7.062374e-01,    5.331581e-01,   -6.835932e-01,    1.644326e-01,   -1.654300e-02,    2.180400e-03,    3.913100e-02,   -3.583700e-02,   -4.860300e-02,    3.305600e-02,    1.883400e-03,    2.774900e-03,    4.463300e-03,    4.463300e-03,    2.792300e-03,    2.792300e-03,    2.792300e-03,    2.792300e-03,    2.106000e-03,    2.106000e-03,
        39,    1.584800e+01,   -1.336434e-02,   -3.966893e-03,    5.103995e-02,   -4.702175e-02,   -5.427041e-02,    3.692704e-02,    2.787387e-03,    4.220338e-03,   -7.142319e-01,    4.694530e-01,   -6.531388e-01,    1.205329e+00,   -7.644419e-01,    2.056932e-01,   -8.999223e-01,   -7.145559e-01,   -1.692900e-02,   -1.623900e-03,    4.886500e-02,   -4.300800e-02,   -5.681600e-02,    3.761200e-02,    9.006100e-04,    2.722200e-03,    4.990900e-03,    4.990900e-03,    3.330000e-03,    3.330000e-03,    3.330000e-03,    3.330000e-03,    2.096600e-03,    2.096600e-03,
        40,    6.309500e+00,   -1.094885e-02,   -4.298938e-03,    3.610624e-02,   -3.139750e-02,   -2.553525e-02,    2.107508e-02,    5.340273e-03,    3.217952e-04,   -1.828959e+00,   -5.754938e-01,   -7.370664e-01,   -8.417478e-01,    1.828417e-01,   -3.268966e-01,   -4.737190e-01,    1.241465e+00,   -1.961500e-02,   -7.025800e-03,    3.465400e-02,   -3.305600e-02,   -2.517500e-02,    2.043100e-02,    4.417800e-03,    2.739300e-03,    4.738300e-03,    4.738300e-03,    1.970300e-03,    1.970300e-03,    1.970300e-03,    1.970300e-03,    1.947300e-03,    1.947300e-03,
        40,    1.000000e+01,   -9.361527e-03,   -8.645994e-03,    4.524126e-02,   -3.899528e-02,   -3.073094e-02,    2.563634e-02,    5.386827e-03,    2.114037e-03,   -1.145510e+00,   -7.280806e-01,   -1.666141e+00,    3.923897e-02,    2.521337e-01,   -3.896505e-01,   -7.313649e-01,    7.320770e-01,   -1.506800e-02,   -1.227300e-02,    4.132300e-02,   -3.890300e-02,   -3.013800e-02,    2.472000e-02,    3.809200e-03,    3.693200e-03,    4.981600e-03,    4.981600e-03,    2.351700e-03,    2.351700e-03,    2.351700e-03,    2.351700e-03,    2.157100e-03,    2.157100e-03,
        40,    1.584800e+01,   -5.065982e-03,   -1.276441e-02,    5.691645e-02,   -4.712936e-02,   -3.653623e-02,    3.203521e-02,    4.245657e-03,    4.127008e-03,   -8.933342e-01,   -1.341732e+00,   -1.050506e+00,    5.067284e-01,    2.270693e-01,   -1.056583e-01,    2.783459e-01,    5.018093e-01,   -1.051800e-02,   -2.095300e-02,    5.386200e-02,   -4.565600e-02,   -3.587600e-02,    3.172800e-02,    5.036800e-03,    5.553300e-03,    6.103000e-03,    6.103000e-03,    2.907600e-03,    2.907600e-03,    2.907600e-03,    2.907600e-03,    2.842300e-03,    2.842300e-03,
        41,    6.309500e+00,    2.553184e-02,   -1.060315e-02,    2.275078e-02,   -2.562885e-02,   -4.694939e-02,    2.910284e-02,   -1.479230e-02,    9.846702e-03,    2.011271e-01,    1.702303e-01,    7.987183e-01,    2.572170e-01,   -4.359962e-03,    1.479984e-01,   -2.557995e-01,   -6.209988e-02,    2.648100e-02,   -9.799800e-03,    2.451100e-02,   -2.506200e-02,   -4.695900e-02,    2.942900e-02,   -1.602600e-02,    9.547200e-03,    4.719200e-03,    4.719200e-03,    2.203800e-03,    2.203800e-03,    2.203800e-03,    2.203800e-03,    4.822900e-03,    4.822900e-03,
        41,    1.000000e+01,    2.914035e-02,   -8.815431e-03,    2.978074e-02,   -3.228837e-02,   -5.504954e-02,    3.130438e-02,   -1.873104e-02,    9.249306e-03,    1.826294e-01,    3.716573e-01,    5.148705e-01,    6.611270e-01,   -4.591724e-01,    1.426820e-01,   -1.330624e-01,   -1.171922e-01,    3.014600e-02,   -6.768900e-03,    3.114700e-02,   -3.053400e-02,   -5.626800e-02,    3.168300e-02,   -1.947100e-02,    8.597600e-03,    5.506500e-03,    5.506500e-03,    2.653600e-03,    2.653600e-03,    2.653600e-03,    2.653600e-03,    5.561000e-03,    5.561000e-03,
        41,    1.584800e+01,    3.124559e-02,   -6.461775e-03,    3.812561e-02,   -4.013884e-02,   -6.157821e-02,    3.447942e-02,   -2.182450e-02,    7.556742e-03,    4.050576e-02,    6.219344e-01,   -9.878866e-02,    1.024322e+00,   -9.150456e-01,   -4.704627e-01,   -4.306059e-02,   -1.912901e-01,    3.149400e-02,   -2.647700e-03,    3.782000e-02,   -3.697000e-02,   -6.440900e-02,    3.302400e-02,   -2.208800e-02,    6.386200e-03,    6.132600e-03,    6.132600e-03,    3.093600e-03,    3.093600e-03,    3.093600e-03,    3.093600e-03,    6.119200e-03,    6.119200e-03,
        42,    6.309500e+00,   -1.234845e-02,    4.541395e-03,    2.917257e-02,   -3.208736e-02,   -3.648888e-02,    3.155847e-02,    1.127437e-03,   -9.949073e-04,   -2.244479e-02,   -7.289599e-01,    2.400221e-01,    2.939674e-01,   -9.293620e-01,   -7.410400e-01,    1.597259e+00,    1.458392e-01,   -1.242700e-02,    1.990400e-03,    2.972400e-02,   -3.141200e-02,   -3.862400e-02,    2.985600e-02,    4.819500e-03,   -6.578000e-04,    3.499500e-03,    3.499500e-03,    2.297400e-03,    2.297400e-03,    2.297400e-03,    2.297400e-03,    2.311500e-03,    2.311500e-03,
        42,    1.000000e+01,   -1.547151e-02,    9.119299e-04,    3.914382e-02,   -3.794950e-02,   -4.580834e-02,    3.702166e-02,    3.087290e-03,   -2.729395e-03,    4.211209e-01,   -5.174881e-01,    1.053947e-01,    3.209638e-02,   -4.094961e-01,   -9.545900e-01,    1.036919e+00,    7.617831e-01,   -1.373700e-02,   -1.219500e-03,    3.944100e-02,   -3.785900e-02,   -4.696300e-02,    3.433000e-02,    6.000100e-03,   -5.894700e-04,    4.118800e-03,    4.118800e-03,    2.819700e-03,    2.819700e-03,    2.819700e-03,    2.819700e-03,    2.809100e-03,    2.809100e-03,
        42,    1.584800e+01,   -1.639692e-02,   -4.791199e-03,    4.946546e-02,   -4.441349e-02,   -5.543889e-02,    4.328837e-02,    6.599363e-03,   -2.019037e-03,    4.754968e-01,   -2.279575e-01,    5.339402e-01,   -2.288723e-01,    3.916099e-02,   -8.904267e-01,    4.754748e-01,    6.290783e-01,   -1.409200e-02,   -5.896200e-03,    5.129100e-02,   -4.519600e-02,   -5.530500e-02,    4.024400e-02,    8.298900e-03,    2.295400e-04,    4.847400e-03,    4.847400e-03,    3.419000e-03,    3.419000e-03,    3.419000e-03,    3.419000e-03,    3.574400e-03,    3.574400e-03,
        43,    6.309500e+00,   -8.132073e-03,   -7.470164e-03,    4.005831e-02,   -3.416016e-02,   -3.566284e-02,    2.662526e-02,    9.825534e-03,   -5.237898e-03,    5.032766e+00,    3.866019e+00,   -1.244351e+00,   -3.818551e-01,    2.397978e+00,    2.062693e+00,   -1.128145e-01,   -7.680233e-01,    1.438100e-02,    9.823700e-03,    3.712600e-02,   -3.506000e-02,   -3.001200e-02,    3.148600e-02,    9.434000e-03,   -7.903400e-03,    4.473300e-03,    4.473300e-03,    2.356500e-03,    2.356500e-03,    2.356500e-03,    2.356500e-03,    3.470600e-03,    3.470600e-03,
        43,    1.000000e+01,   -3.014705e-03,   -7.170372e-03,    4.971140e-02,   -4.014967e-02,   -3.990396e-02,    3.611396e-02,    1.084091e-02,   -6.884246e-03,    2.823941e+00,    4.121713e+00,   -5.042908e-01,   -1.714726e-01,    2.255005e+00,    2.273159e+00,    6.287911e-01,   -3.178003e-01,    1.085000e-02,    1.306600e-02,    4.823700e-02,   -4.065100e-02,   -3.331100e-02,    4.276000e-02,    1.361300e-02,   -8.285300e-03,    4.909700e-03,    4.909700e-03,    2.923700e-03,    2.923700e-03,    2.923700e-03,    2.923700e-03,    4.408600e-03,    4.408600e-03,
        43,    1.584800e+01,    1.068984e-03,   -3.372932e-03,    5.936072e-02,   -4.764895e-02,   -4.681041e-02,    5.077485e-02,    1.256127e-02,   -9.341857e-03,    1.074472e+00,    3.323028e+00,    1.062178e-01,   -3.814320e-01,    1.078699e+00,    1.913303e+00,    9.555354e-01,    1.003435e-01,    6.602300e-03,    1.374000e-02,    5.975700e-02,   -4.907200e-02,   -4.278600e-02,    5.791300e-02,    1.800400e-02,   -8.770300e-03,    5.149800e-03,    5.149800e-03,    3.730800e-03,    3.730800e-03,    3.730800e-03,    3.730800e-03,    5.696000e-03,    5.696000e-03,
        44,    6.309500e+00,   -1.581586e-02,   -5.017501e-03,    3.765646e-02,   -3.652985e-02,   -4.866588e-02,    2.864541e-02,    3.065043e-03,    1.499185e-03,   -9.487689e-01,   -1.094372e-02,   -7.723235e-01,   -4.835189e-01,   -5.467264e-01,   -5.715762e-02,   -1.323602e-01,   -6.307997e-02,   -2.053200e-02,   -5.071900e-03,    3.554300e-02,   -3.785300e-02,   -5.016200e-02,    2.848900e-02,    2.798800e-03,    1.372300e-03,    4.970800e-03,    4.970800e-03,    2.736500e-03,    2.736500e-03,    2.736500e-03,    2.736500e-03,    2.011500e-03,    2.011500e-03,
        44,    1.000000e+01,   -1.307669e-02,   -8.344648e-03,    4.754895e-02,   -4.446927e-02,   -5.439846e-02,    3.450666e-02,    2.615353e-03,    1.661918e-03,   -8.469064e-01,   -1.870134e-01,   -7.310803e-01,   -3.537626e-01,   -2.182867e-01,   -6.801862e-01,    2.505904e-02,   -3.187090e-01,   -1.762000e-02,   -9.347900e-03,    4.495800e-02,   -4.572300e-02,   -5.509700e-02,    3.233000e-02,    2.666100e-03,    1.016500e-03,    5.364600e-03,    5.364600e-03,    3.544000e-03,    3.544000e-03,    3.200100e-03,    3.200100e-03,    2.025100e-03,    2.025100e-03,
        44,    1.584800e+01,   -8.698569e-03,   -1.042592e-02,    5.808923e-02,   -5.452027e-02,   -6.038610e-02,    4.433718e-02,    2.358964e-03,    1.979683e-03,   -6.605077e-01,   -2.884423e-01,   -3.576071e-02,   -5.580707e-01,    2.353517e-03,   -5.798686e-01,    2.461943e-01,   -2.762668e-01,   -1.241300e-02,   -1.204800e-02,    5.793200e-02,   -5.697400e-02,   -6.037700e-02,    4.209500e-02,    2.927500e-03,    1.341700e-03,    5.623600e-03,    5.623600e-03,    4.396800e-03,    4.396800e-03,    3.866700e-03,    3.866700e-03,    2.309300e-03,    2.309300e-03,
        45,    6.309500e+00,   -1.129506e-03,    2.719609e-03,    2.159025e-02,   -2.517938e-02,   -2.326195e-02,    3.216298e-02,    1.637315e-03,   -2.083265e-03,   -7.784489e-01,    2.738366e-01,    4.144808e-01,    1.711886e-01,    7.276004e-01,    7.636937e-01,    3.018583e-01,    1.895628e-02,   -2.488600e-03,    3.197700e-03,    2.234900e-02,   -2.486600e-02,   -2.193000e-02,    3.356100e-02,    2.130400e-03,   -2.052300e-03,    1.745900e-03,    1.745900e-03,    1.830600e-03,    1.830600e-03,    1.830600e-03,    1.830600e-03,    1.633500e-03,    1.633500e-03,
        45,    1.000000e+01,   -2.173950e-03,    3.713403e-03,    2.613785e-02,   -3.523290e-02,   -3.118961e-02,    4.312596e-02,    2.033766e-03,   -4.224864e-03,   -7.722222e-01,   -1.378925e-02,    3.439792e-01,    6.799825e-02,    3.891161e-01,    2.490881e-01,    2.774043e-01,    6.361489e-01,   -3.966200e-03,    3.681400e-03,    2.697200e-02,   -3.506800e-02,   -3.024600e-02,    4.373000e-02,    2.631600e-03,   -2.853900e-03,    2.320900e-03,    2.320900e-03,    2.425000e-03,    2.425000e-03,    2.425000e-03,    2.425000e-03,    2.155100e-03,    2.155100e-03,
        45,    1.584800e+01,   -3.623944e-03,    4.502669e-03,    3.363139e-02,   -4.977798e-02,   -4.277431e-02,    5.679116e-02,    3.734467e-03,   -6.626869e-03,   -6.870626e-01,   -2.461958e-01,    1.131719e-01,    1.704840e-02,    1.237378e-01,    2.819581e-01,   -3.294751e-01,    7.716705e-01,   -5.715500e-03,    3.753200e-03,    3.400300e-02,   -4.972200e-02,   -4.236800e-02,    5.771700e-02,    2.780900e-03,   -4.393500e-03,    3.044200e-03,    3.044200e-03,    3.283600e-03,    3.283600e-03,    3.283600e-03,    3.283600e-03,    2.894200e-03,    2.894200e-03,
        46,    6.309500e+00,   -3.336737e-02,    1.026529e-02,    3.849225e-02,   -3.559716e-02,   -4.424882e-02,    2.771831e-02,    1.125773e-02,   -6.672433e-03,   -9.619542e-01,    4.303940e-01,    4.738610e-01,   -1.113490e-01,   -8.574333e-01,   -2.900027e-01,   -2.354228e-01,    1.677956e-01,   -4.024400e-02,    1.334200e-02,    3.976400e-02,   -3.589600e-02,   -4.655000e-02,    2.694000e-02,    1.036100e-02,   -6.033300e-03,    7.148600e-03,    7.148600e-03,    2.683800e-03,    2.683800e-03,    2.683800e-03,    2.683800e-03,    3.809000e-03,    3.809000e-03,
        46,    1.000000e+01,   -3.672541e-02,    7.107719e-03,    4.994420e-02,   -4.255150e-02,   -5.151937e-02,    3.108932e-02,    1.408204e-02,   -7.204097e-03,   -9.232182e-01,    2.089241e-02,    1.751512e-01,   -3.132847e-01,   -3.891761e-01,   -1.160727e-01,   -5.683381e-01,    4.847002e-03,   -4.430300e-02,    7.279200e-03,    5.050300e-02,   -4.355100e-02,   -5.276100e-02,    3.071900e-02,    1.162000e-02,   -7.183100e-03,    8.207800e-03,    8.207800e-03,    3.190400e-03,    3.190400e-03,    3.190400e-03,    3.190400e-03,    4.332000e-03,    4.332000e-03,
        46,    1.584800e+01,   -3.766622e-02,    3.630858e-03,    6.275536e-02,   -4.892632e-02,   -5.822814e-02,    3.612504e-02,    1.699282e-02,   -6.710643e-03,   -8.904733e-01,   -1.196203e-01,   -8.809750e-02,   -5.447707e-01,   -4.552140e-01,   -3.132307e-01,   -8.014896e-01,   -3.654437e-01,   -4.578600e-02,    2.540100e-03,    6.242600e-02,   -5.096300e-02,   -5.993000e-02,    3.495400e-02,    1.304100e-02,   -8.512500e-03,    9.118500e-03,    9.118500e-03,    3.738600e-03,    3.738600e-03,    3.738600e-03,    3.738600e-03,    4.930600e-03,    4.930600e-03,
        47,    6.309500e+00,    1.615540e-02,    2.128840e-04,    4.325863e-02,   -5.027697e-02,   -6.239833e-02,    4.588926e-02,   -1.028594e-02,    4.916471e-03,    9.124690e-02,    9.099523e-01,    4.636870e-01,   -4.695793e-01,   -4.738325e-01,   -1.178702e-01,   -2.089382e-01,   -1.531189e-01,    1.662800e-02,    4.925800e-03,    4.496300e-02,   -5.200300e-02,   -6.414000e-02,    4.545600e-02,   -1.124900e-02,    4.210700e-03,    5.179300e-03,    5.179300e-03,    3.675700e-03,    3.675700e-03,    3.675700e-03,    3.675700e-03,    4.609300e-03,    4.609300e-03,
        47,    1.000000e+01,    1.700713e-02,    5.080934e-03,    5.807624e-02,   -6.365608e-02,   -7.711682e-02,    5.176059e-02,   -1.325354e-02,    2.653171e-03,    1.122006e-01,    9.073724e-01,    2.001038e-01,    6.019949e-02,    1.273128e-01,   -6.021835e-01,   -1.908722e-01,   -2.917722e-01,    1.772100e-02,    1.085400e-02,    5.896400e-02,   -6.338900e-02,   -7.655200e-02,    4.908900e-02,   -1.428700e-02,    1.073400e-03,    6.362400e-03,    6.362400e-03,    4.436500e-03,    4.436500e-03,    4.436500e-03,    4.436500e-03,    5.414400e-03,    5.414400e-03,
        47,    1.584800e+01,    1.573275e-02,    1.114988e-02,    7.665997e-02,   -7.831793e-02,   -9.255359e-02,    5.718629e-02,   -1.591965e-02,   -1.263337e-03,   -3.034556e-01,    9.363316e-01,   -4.268688e-02,   -6.145337e-02,    2.854045e-01,   -5.804814e-01,    1.530664e-01,   -7.488916e-01,    1.346700e-02,    1.814100e-02,    7.643000e-02,   -7.864900e-02,   -9.101600e-02,    5.405900e-02,   -1.497200e-02,   -5.899800e-03,    7.466500e-03,    7.466500e-03,    5.387400e-03,    5.387400e-03,    5.387400e-03,    5.387400e-03,    6.191100e-03,    6.191100e-03,
        48,    6.309500e+00,    2.829217e-03,   -1.523186e-03,    3.801178e-02,   -3.546473e-02,   -3.827652e-02,    3.780221e-02,    5.126789e-04,    5.221755e-03,   -1.296087e-01,    8.947897e-01,    1.820994e-01,    4.790094e-01,   -1.645206e-01,    4.384168e-01,    1.604140e-01,    1.060759e-01,    2.604100e-03,    3.097400e-05,    3.849600e-02,   -3.419100e-02,   -3.871400e-02,    3.896800e-02,    9.339100e-04,    5.500300e-03,    1.736900e-03,    1.736900e-03,    2.659100e-03,    2.659100e-03,    2.659100e-03,    2.659100e-03,    2.625900e-03,    2.625900e-03,
        48,    1.000000e+01,    3.532810e-03,   -2.255445e-04,    4.851987e-02,   -4.418177e-02,   -4.864751e-02,    4.670859e-02,   -9.199073e-04,    6.128178e-03,   -4.208910e-01,    6.072480e-01,   -2.814140e-01,    7.149758e-01,   -2.679120e-01,    4.606888e-02,   -3.088246e-02,    3.657440e-02,    2.682400e-03,    1.001400e-03,    4.759500e-02,   -4.183200e-02,   -4.952800e-02,    4.686000e-02,   -1.016100e-03,    6.242100e-03,    2.020500e-03,    2.020500e-03,    3.286500e-03,    3.286500e-03,    3.286500e-03,    3.286500e-03,    3.114800e-03,    3.114800e-03,
        48,    1.584800e+01,    2.726484e-03,    1.134668e-03,    6.109002e-02,   -5.348864e-02,   -6.137850e-02,    5.745131e-02,   -2.591721e-03,    7.434068e-03,   -5.612184e-01,    2.041705e-01,    5.544495e-02,    1.456167e-01,   -6.002170e-01,   -6.488419e-02,    2.528817e-02,   -3.385070e-01,    1.597200e-03,    1.545500e-03,    6.132100e-02,   -5.288200e-02,   -6.387900e-02,    5.718100e-02,   -2.500800e-03,    6.217000e-03,    2.012200e-03,    2.012200e-03,    4.166000e-03,    4.166000e-03,    4.166000e-03,    4.166000e-03,    3.595400e-03,    3.595400e-03,
VTF,
     StaID,        Freq[Hz],     Re(Tzx)_Cal,     Im(Tzx)_Cal,     Re(Tzy)_Cal,     Im(Tzy)_Cal,     Re(Tzx)_Res,     Im(Tzx)_Res,     Re(Tzy)_Res,     Im(Tzy)_Res,     Re(Tzx)_Obs,     Im(Tzx)_Obs,     Re(Tzy)_Obs,     Im(Tzy)_Obs,      Re(Tzx)_SD,      Im(Tzx)_SD,      Re(Tzy)_SD,      Im(Tzy)_SD,
      1001,    6.309500e+00,    1.076774e-01,    7.382067e-02,    7.491338e-02,   -3.032579e-02,    3.620872e-01,    1.426110e-01,   -3.855128e-01,   -2.647735e-01,    1.185400e-01,    7.809900e-02,    6.334800e-02,   -3.826900e-02,    3.000000e-02,    3.000000e-02,    3.000000e-02,    3.000000e-02,
      1001,    1.000000e+01,    6.782926e-02,    7.195426e-02,    9.585752e-02,   -3.627798e-02,    6.544247e-01,   -1.312422e-01,   -5.031172e-01,    6.736608e-02,    8.746200e-02,    6.801700e-02,    8.076400e-02,   -3.425700e-02,    3.000000e-02,    3.000000e-02,    3.000000e-02,    3.000000e-02,
      1001,    1.584800e+01,    3.558126e-02,    5.020357e-02,    1.182740e-01,   -2.776079e-02,    9.178580e-01,   -1.800190e-01,   -5.754654e-01,   -6.597374e-02,    6.311700e-02,    4.480300e-02,    1.010100e-01,   -2.974000e-02,    3.000000e-02,    3.000000e-02,    3.000000e-02,    3.000000e-02,
      1002,    6.309500e+00,    1.443337e-01,    6.977058e-02,   -9.765258e-02,    3.459562e-02,    4.298753e-01,   -1.773194e-01,    5.305270e-02,   -1.003875e-01,    1.572300e-01,    6.445100e-02,   -9.606100e-02,    3.158400e-02,    3.000000e-02,    3.000000e-02,    3.000000e-02,    3.000000e-02,
      1002,    1.000000e+01,    1.038565e-01,    6.079347e-02,   -9.484877e-02,    2.760177e-02,    7.041167e-01,   -4.001572e-02,   -1.455076e-01,    2.256744e-01,    1.249800e-01,    5.959300e-02,   -9.921400e-02,    3.437200e-02,    3.000000e-02,    3.000000e-02,    3.000000e-02,    3.000000e-02,
      1002,    1.584800e+01,    7.568194e-02,    3.014750e-02,   -9.336227e-02,    3.761179e-02,    8.422685e-01,    2.864988e-02,   -3.452575e-01,    2.038736e-01,    1.009500e-01,    3.100700e-02,   -1.037200e-01,    4.372800e-02,    3.000000e-02,    3.000000e-02,    3.000000e-02,    3.000000e-02,
      1004,    6.309500e+00,    9.087869e-03,    4.032625e-02,    4.872555e-01,    5.240503e-02,    1.408604e+00,   -5.339750e-01,   -3.531850e-01,    1.399799e+00,    5.134600e-02,    2.430700e-02,    4.766600e-01,    9.439900e-02,    3.000000e-02,    3.000000e-02,    3.000000e-02,    3.000000e-02,
      1004,    1.000000e+01,   -1.005309e-02,    4.451091e-02,    4.602808e-01,    1.003848e-01,    1.246303e+00,    7.807364e-01,   -3.933601e-01,    5.075054e-01,    2.733600e-02,    6.793300e-02,    4.484800e-01,    1.156100e-01,    3.000000e-02,    3.000000e-02,    3.000000e-02,    3.000000e-02,
      1004,    1.584800e+01,   -3.007032e-02,    4.247404e-02,    4.117330e-01,    1.381709e-01,   -7.085558e-01,    1.425399e+00,   -3.181005e-01,   -9.790313e-01,   -5.132700e-02,    8.523600e-02,    4.021900e-01,    1.088000e-01,    3.000000e-02,    3.000000e-02,    3.000000e-02,    3.000000e-02,
      1005,    6.309500e+00,    1.517056e-01,    7.820342e-02,    8.261101e-02,   -2.748484e-02,   -1.201859e-01,   -3.208474e-01,    2.167329e-01,    5.892814e-01,    1.481000e-01,    6.857800e-02,    8.911300e-02,   -9.806400e-03,    3.000000e-02,    3.000000e-02,    3.000000e-02,    3.000000e-02,
      1005,    1.000000e+01,    1.115683e-01,    9.063490e-02,    1.025284e-01,   -3.520543e-02,    1.657243e-01,   -4.781635e-01,   -1.529803e-01,    6.847143e-01,    1.165400e-01,    7.629000e-02,    9.793900e-02,   -1.466400e-02,    3.000000e-02,    3.000000e-02,    3.000000e-02,    3.000000e-02,
      1005,    1.584800e+01,    7.095642e-02,    8.603172e-02,    1.239841e-01,   -2.910755e-02,    5.848859e-01,   -5.678573e-01,   -5.594690e-01,    4.542517e-01,    8.850300e-02,    6.899600e-02,    1.072000e-01,   -1.548000e-02,    3.000000e-02,    3.000000e-02,    3.000000e-02,    3.000000e-02,
      1006,    6.309500e+00,    5.410731e-02,   -1.128086e-02,    3.103455e-02,    6.204778e-02,   -6.570102e-01,    2.128621e-01,    1.601648e+00,   -3.242925e-01,    3.439700e-02,   -4.895000e-03,    7.908400e-02,    5.231900e-02,    3.000000e-02,    3.000000e-02,    3.000000e-02,    3.000000e-02,
      1006,    1.000000e+01,    5.752844e-02,    7.651963e-03,    8.020140e-03,    5.487816e-02,   -7.995481e-01,    4.499124e-02,    1.505262e+00,    1.155279e-01,    3.354200e-02,    9.001700e-03,    5.317800e-02,    5.834400e-02,    3.000000e-02,    3.000000e-02,    3.000000e-02,    3.000000e-02,
      1006,    1.584800e+01,    4.984546e-02,    2.766158e-02,   -1.209588e-02,    4.250384e-02,   -8.888820e-01,   -2.615193e-01,    1.300863e+00,    2.155721e-01,    2.317900e-02,    1.981600e-02,    2.693000e-02,    4.897100e-02,    3.000000e-02,    3.000000e-02,    3.000000e-02,    3.000000e-02,
      1007,    6.309500e+00,   -7.979375e-02,   -1.228143e-02,    1.397696e-01,    2.330702e-02,    5.979915e-01,    7.867476e-01,   -3.623188e-01,   -4.451741e-01,   -6.185400e-02,    1.132100e-02,    1.289000e-01,    9.951800e-03,    3.000000e-02,    3.000000e-02,    3.000000e-02,    3.000000e-02,
      1007,    1.000000e+01,   -7.702411e-02,   -8.222505e-03,    1.354546e-01,    3.105956e-02,    5.854703e-01,    8.818835e-01,   -2.094861e-01,   -1.991187e-01,   -5.946000e-02,    1.823400e-02,    1.291700e-01,    2.508600e-02,    3.000000e-02,    3.000000e-02,    3.000000e-02,    3.000000e-02,
      1007,    1.584800e+01,   -7.881737e-02,   -6.227736e-03,    1.275466e-01,    4.295171e-02,    7.943790e-01,    7.617912e-01,   -1.102215e-01,   -8.062362e-02,   -5.498600e-02,    1.662600e-02,    1.242400e-01,    4.053300e-02,    3.000000e-02,    3.000000e-02,    3.000000e-02,    3.000000e-02,
      1008,    6.309500e+00,    1.519025e-01,    9.319460e-02,   -8.399654e-02,    6.509209e-02,    6.445827e-01,    9.525133e-01,   -1.075449e+00,   -1.785031e-01,    1.712400e-01,    1.217700e-01,   -1.162600e-01,    5.973700e-02,    3.000000e-02,    3.000000e-02,    3.000000e-02,    3.000000e-02,
      1008,    1.000000e+01,    9.909278e-02,    9.986824e-02,   -1.089865e-01,    3.582299e-02,    4.069073e-01,    1.062725e+00,   -1.318117e+00,    1.205003e-01,    1.113000e-01,    1.317500e-01,   -1.485300e-01,    3.943800e-02,    3.000000e-02,    3.000000e-02,    3.000000e-02,    3.000000e-02,
      1008,    1.584800e+01,    5.193529e-02,    7.876131e-02,   -1.137299e-01,    9.770058e-04,   -5.577647e-02,    6.258896e-01,   -1.436003e+00,   -1.339335e-01,    5.026200e-02,    9.753800e-02,   -1.568100e-01,   -3.041000e-03,    3.000000e-02,    3.000000e-02,    3.000000e-02,    3.000000e-02,
      1009,    6.309500e+00,   -2.059843e-01,    1.079494e-01,    1.742796e-01,    1.141916e-02,    7.051445e-01,    1.605354e+00,    7.256786e-01,   -1.958354e-01,   -1.848300e-01,    1.561100e-01,    1.960500e-01,    5.544100e-03,    3.000000e-02,    3.000000e-02,    3.000000e-02,    3.000000e-02,
      1009,    1.000000e+01,   -2.548239e-01,    7.328213e-02,    1.679919e-01,    4.521974e-03,    1.294796e+00,    7.190624e-01,    3.312716e-01,    4.493342e-01,   -2.159800e-01,    9.485400e-02,    1.779300e-01,    1.800200e-02,    3.000000e-02,    3.000000e-02,    3.000000e-02,    3.000000e-02,
      1009,    1.584800e+01,   -2.793767e-01,    2.065848e-02,    1.692472e-01,   -5.550950e-03,    1.194557e+00,    2.694508e-01,    7.327602e-01,    4.323317e-01,   -2.435400e-01,    2.874200e-02,    1.912300e-01,    7.419000e-03,    3.000000e-02,    3.000000e-02,    3.000000e-02,    3.000000e-02,
      1010,    6.309500e+00,    1.650340e-01,    8.978165e-02,    6.608112e-02,    1.863330e-02,    3.678671e-01,   -5.822883e-01,    2.770629e+00,    3.492557e+00,    1.760700e-01,    7.231300e-02,    1.492000e-01,    1.234100e-01,    3.000000e-02,    3.000000e-02,    3.000000e-02,    3.000000e-02,
      1010,    1.000000e+01,    1.226106e-01,    1.206137e-01,    6.660687e-02,    1.682245e-02,    5.909814e-01,   -2.347897e-01,    7.535376e-01,    3.592585e+00,    1.403400e-01,    1.135700e-01,    8.921300e-02,    1.246000e-01,    3.000000e-02,    3.000000e-02,    3.000000e-02,    3.000000e-02,
      1010,    1.584800e+01,    6.673040e-02,    1.383876e-01,    6.494619e-02,    2.278221e-02,    2.063532e-01,    1.008140e-02,   -1.017773e+00,    2.548826e+00,    7.292100e-02,    1.386900e-01,    3.441300e-02,    9.924700e-02,    3.000000e-02,    3.000000e-02,    3.000000e-02,    3.000000e-02,
      1011,    6.309500e+00,    1.763365e-01,    5.859485e-02,   -9.759234e-02,   -3.387632e-02,    3.467833e-01,    5.212050e-01,    5.475448e-01,   -7.096559e-01,    1.867400e-01,    7.423100e-02,   -8.116600e-02,   -5.516600e-02,    3.000000e-02,    3.000000e-02,    3.000000e-02,    3.000000e-02,
      1011,    1.000000e+01,    1.564427e-01,    5.520911e-02,   -6.885604e-02,   -5.143897e-02,    1.132428e-01,    6.303964e-01,    3.982347e-01,    1.846560e-02,    1.598400e-01,    7.412100e-02,   -5.690900e-02,   -5.088500e-02,    3.000000e-02,    3.000000e-02,    3.000000e-02,    3.000000e-02,
      1011,    1.584800e+01,    1.437812e-01,    5.684478e-02,   -4.147470e-02,   -4.923030e-02,   -1.540406e-01,    1.766405e-01,   -2.387673e-02,    2.513767e-01,    1.391600e-01,    6.214400e-02,   -4.219100e-02,   -4.168900e-02,    3.000000e-02,    3.000000e-02,    3.000000e-02,    3.000000e-02,
      1012,    6.309500e+00,    2.093610e-01,    1.382619e-01,   -2.528237e-02,    9.832861e-02,    7.632996e-01,   -9.930639e-01,   -1.586545e-01,   -7.045203e-01,    2.322600e-01,    1.084700e-01,   -3.004200e-02,    7.719300e-02,    3.000000e-02,    3.000000e-02,    3.000000e-02,    3.000000e-02,
      1012,    1.000000e+01,    1.412343e-01,    1.260244e-01,   -6.461396e-02,    5.153969e-02,    1.140855e+00,   -3.724785e-01,    1.696549e-02,   -4.951230e-01,    1.754600e-01,    1.148500e-01,   -6.410500e-02,    3.668600e-02,    3.000000e-02,    3.000000e-02,    3.000000e-02,    3.000000e-02,
      1014,    6.309500e+00,    3.085380e-01,    1.603659e-02,    6.756489e-02,    9.864264e-02,   -1.005265e+00,    6.341367e-02,   -1.839063e+00,    1.785786e-01,    2.783800e-01,    1.793900e-02,    1.239300e-02,    1.040000e-01,    3.000000e-02,    3.000000e-02,    3.000000e-02,    3.000000e-02,
      1014,    1.000000e+01,    3.002670e-01,    7.722979e-02,    2.843672e-02,    1.107730e-01,   -8.809004e-01,   -8.002620e-02,   -2.008357e+00,   -2.964344e-01,    2.738400e-01,    7.482900e-02,   -3.181400e-02,    1.018800e-01,    3.000000e-02,    3.000000e-02,    3.000000e-02,    3.000000e-02,
      1014,    1.584800e+01,    2.613481e-01,    1.395230e-01,   -1.811598e-02,    1.130365e-01,   -5.726027e-01,   -4.747670e-01,   -2.253501e+00,   -9.091509e-01,    2.441700e-01,    1.252800e-01,   -8.572100e-02,    8.576200e-02,    3.000000e-02,    3.000000e-02,    3.000000e-02,    3.000000e-02,
      1015,    6.309500e+00,    7.672421e-02,    9.840752e-02,   -4.616421e-02,    4.036720e-03,   -6.301070e-01,   -5.870506e-01,    3.053071e-01,    1.080276e+00,    5.782100e-02,    8.079600e-02,   -3.700500e-02,    3.644500e-02,    3.000000e-02,    3.000000e-02,    3.000000e-02,    3.000000e-02,
      1016,    1.000000e+01,    9.103812e-02,    1.207146e-01,   -2.737126e-02,    4.014930e-02,    2.922729e+00,    3.032848e+00,   -2.133912e-01,   -1.767710e+00,    1.787200e-01,    2.117000e-01,   -3.377300e-02,   -1.288200e-02,    3.000000e-02,    3.000000e-02,    3.000000e-02,    3.000000e-02,
      1016,    1.584800e+01,    3.961525e-02,    1.405281e-01,   -4.141153e-02,    2.081332e-02,    1.795825e+00,    6.250631e-01,    5.324844e-01,   -1.478111e+00,    9.349000e-02,    1.592800e-01,   -2.543700e-02,   -2.353000e-02,    3.000000e-02,    3.000000e-02,    3.000000e-02,    3.000000e-02,
      1017,    6.309500e+00,    5.120117e-02,   -7.679741e-02,    7.354101e-02,   -5.717461e-02,   -1.358539e+00,    1.108033e-02,    3.312663e-01,   -6.016465e-01,    1.044500e-02,   -7.646500e-02,    8.347900e-02,   -7.522400e-02,    3.000000e-02,    3.000000e-02,    3.000000e-02,    3.000000e-02,
      1017,    1.000000e+01,    8.119134e-02,   -7.336233e-02,    9.979534e-02,   -8.202419e-02,   -1.312678e+00,   -1.336222e-01,    2.301554e-01,   -3.589366e-02,    4.181100e-02,   -7.737100e-02,    1.067000e-01,   -8.310100e-02,    3.000000e-02,    3.000000e-02,    3.000000e-02,    3.000000e-02,
      1017,    1.584800e+01,    1.056885e-01,   -6.214819e-02,    1.369907e-01,   -9.809251e-02,   -1.114684e+00,   -5.871602e-01,   -1.290238e-01,   -1.494958e-02,    7.224800e-02,   -7.976300e-02,    1.331200e-01,   -9.854100e-02,    3.000000e-02,    3.000000e-02,    3.000000e-02,    3.000000e-02,
      1018,    1.000000e+01,   -3.211637e-02,    4.873370e-02,   -5.153546e-02,   -2.938568e-02,    3.017458e-01,    7.872765e-01,    3.450820e-01,    1.879227e-01,   -2.306400e-02,    7.235200e-02,   -4.118300e-02,   -2.374800e-02,    3.000000e-02,    3.000000e-02,    3.000000e-02,    3.000000e-02,
      1018,    1.584800e+01,   -4.261226e-02,    2.103582e-02,   -2.768246e-02,   -1.246113e-02,    2.134754e-01,    7.715727e-01,   -3.088461e-02,    2.235977e-01,   -3.620800e-02,    4.418300e-02,   -2.860900e-02,   -5.753200e-03,    3.000000e-02,    3.000000e-02,    3.000000e-02,    3.000000e-02,
      1019,    6.309500e+00,   -3.832598e-03,    1.466039e-01,    3.344997e-02,   -2.042819e-02,    3.761420e+00,    9.392033e-01,    4.092334e+00,    4.697273e+00,    1.090100e-01,    1.747800e-01,    1.562200e-01,    1.204900e-01,    3.000000e-02,    3.000000e-02,    3.000000e-02,    3.000000e-02,
      1019,    1.000000e+01,   -7.081554e-02,    1.753185e-01,    4.567286e-02,   -4.550572e-02,    2.807685e+00,   -1.239506e-01,    1.546771e+00,    4.847091e+00,    1.341500e-02,    1.716000e-01,    9.207600e-02,    9.990700e-02,    3.000000e-02,    3.000000e-02,    3.000000e-02,    3.000000e-02,
      1019,    1.584800e+01,   -1.492892e-01,    1.802049e-01,    7.077856e-02,   -6.478344e-02,   -1.313591e-01,    5.208351e-01,    1.794715e+00,    8.035814e-01,   -1.532300e-01,    1.958300e-01,    1.246200e-01,   -4.067600e-02,    3.000000e-02,    3.000000e-02,    3.000000e-02,    3.000000e-02,
      1020,    6.309500e+00,    3.835015e-02,    1.139151e-01,   -3.908870e-02,    3.319197e-03,    8.011616e-01,   -4.726050e-01,    7.092322e-02,   -6.474656e-02,    6.238500e-02,    9.973700e-02,   -3.696100e-02,    1.376800e-03,    3.000000e-02,    3.000000e-02,    3.000000e-02,    3.000000e-02,
      1020,    1.000000e+01,   -1.460674e-02,    1.189507e-01,   -2.696791e-02,   -8.507625e-03,    1.148525e+00,   -3.636893e-01,   -4.124696e-01,    3.758442e-01,    1.984900e-02,    1.080400e-01,   -3.934200e-02,    2.767700e-03,    3.000000e-02,    3.000000e-02,    3.000000e-02,    3.000000e-02,
      1020,    1.584800e+01,   -6.637042e-02,    1.045204e-01,   -1.445242e-02,   -5.069110e-03,    1.227814e+00,   -4.083475e-01,   -6.144195e-01,    1.442533e-01,   -2.953600e-02,    9.227000e-02,   -3.288500e-02,   -7.415100e-04,    3.000000e-02,    3.000000e-02,    3.000000e-02,    3.000000e-02,
      1021,    1.584800e+01,    1.213441e-01,    1.456056e-02,   -1.869845e-02,    3.167370e-02,   -4.600203e+00,   -9.309854e-01,   -2.610518e-01,    3.717766e-01,   -1.666200e-02,   -1.336900e-02,   -2.653000e-02,    4.282700e-02,    3.000000e-02,    3.000000e-02,    3.000000e-02,    3.000000e-02,
      1022,    6.309500e+00,    2.009151e-01,    7.805090e-02,    5.803100e-02,    1.213072e-02,    1.328285e-01,    2.347367e-01,    1.188800e+00,    3.415761e-01,    2.049000e-01,    8.509300e-02,    9.369500e-02,    2.237800e-02,    3.000000e-02,    3.000000e-02,    3.000000e-02,    3.000000e-02,
      1022,    1.000000e+01,    1.603103e-01,    1.010170e-01,    5.744820e-02,    9.844315e-04,    2.216580e-01,    3.957651e-01,    1.219260e+00,    7.807856e-01,    1.669600e-01,    1.128900e-01,    9.402600e-02,    2.440800e-02,    3.000000e-02,    3.000000e-02,    3.000000e-02,    3.000000e-02,
      1022,    1.584800e+01,    1.140264e-01,    1.080290e-01,    6.384363e-02,   -5.865358e-03,   -3.232121e-01,    2.180346e-01,    1.038312e+00,    9.493786e-01,    1.043300e-01,    1.145700e-01,    9.499300e-02,    2.261600e-02,    3.000000e-02,    3.000000e-02,    3.000000e-02,    3.000000e-02,
      1023,    6.309500e+00,    9.618208e-02,    5.908797e-02,   -8.540391e-02,   -1.774617e-02,   -9.761027e-01,    7.947345e-01,    3.376303e-01,   -1.520609e-01,    6.689900e-02,    8.293000e-02,   -7.527500e-02,   -2.230800e-02,    3.000000e-02,    3.000000e-02,    3.000000e-02,    3.000000e-02,
      1023,    1.000000e+01,    7.285759e-02,    4.126607e-02,   -5.856676e-02,   -2.854611e-02,   -1.181086e+00,    4.898975e-01,   -2.010799e-02,    6.329937e-01,    3.742500e-02,    5.596300e-02,   -5.917000e-02,   -9.556300e-03,    3.000000e-02,    3.000000e-02,    3.000000e-02,    3.000000e-02,
      1023,    1.584800e+01,    6.559677e-02,    2.249892e-02,   -3.454345e-02,   -1.368335e-02,   -1.423792e+00,   -1.409738e-02,   -4.371184e-01,    8.019115e-01,    2.288300e-02,    2.207600e-02,   -4.765700e-02,    1.037400e-02,    3.000000e-02,    3.000000e-02,    3.000000e-02,    3.000000e-02,
      1024,    6.309500e+00,    1.678738e-01,    8.755487e-02,    1.203824e-01,    2.353644e-03,   -8.281278e-01,    4.071043e-01,   -6.387481e-01,   -4.257215e-01,    1.430300e-01,    9.976800e-02,    1.012200e-01,   -1.041800e-02,    3.000000e-02,    3.000000e-02,    3.000000e-02,    3.000000e-02,
      1024,    1.000000e+01,    1.166711e-01,    1.130585e-01,    1.165907e-01,    1.440511e-03,   -2.607038e-01,    5.693845e-01,   -2.046888e-01,   -3.229104e-01,    1.088500e-01,    1.301400e-01,    1.104500e-01,   -8.246800e-03,    3.000000e-02,    3.000000e-02,    3.000000e-02,    3.000000e-02,
      1024,    1.584800e+01,    6.340222e-02,    1.118616e-01,    1.152835e-01,   -2.426133e-03,   -2.724408e-01,    3.822799e-01,    2.421571e-02,   -6.875956e-01,    5.522900e-02,    1.233300e-01,    1.160100e-01,   -2.305400e-02,    3.000000e-02,    3.000000e-02,    3.000000e-02,    3.000000e-02,
      1026,    6.309500e+00,    1.362003e-01,    8.712896e-02,   -2.094801e-02,    4.195726e-02,    1.522988e+00,    4.740346e-01,    1.362567e+00,   -1.158119e+00,    1.818900e-01,    1.013500e-01,    1.992900e-02,    7.213700e-03,    3.000000e-02,    3.000000e-02,    3.000000e-02,    3.000000e-02,
      1026,    1.000000e+01,    8.883683e-02,    1.004980e-01,   -3.840339e-02,    1.443999e-02,    1.710106e+00,    2.813988e-01,    9.199798e-01,   -2.263098e-01,    1.401400e-01,    1.089400e-01,   -1.080400e-02,    7.650700e-03,    3.000000e-02,    3.000000e-02,    3.000000e-02,    3.000000e-02,
      1026,    1.584800e+01,    4.060985e-02,    9.131433e-02,   -3.815174e-02,   -1.896829e-02,   -1.902830e-02,   -4.299444e-01,    3.683580e-01,    1.278510e+00,    4.003900e-02,    7.841600e-02,   -2.710100e-02,    1.938700e-02,    3.000000e-02,    3.000000e-02,    3.000000e-02,    3.000000e-02,
      1027,    6.309500e+00,    1.230086e-01,    1.678182e-02,    1.443798e-01,    1.004741e-01,   -1.196212e-01,    2.278061e-01,   -8.746605e-01,   -6.122698e-01,    1.194200e-01,    2.361600e-02,    1.181400e-01,    8.210600e-02,    3.000000e-02,    3.000000e-02,    3.000000e-02,    3.000000e-02,
      1027,    1.000000e+01,    1.146072e-01,    4.633258e-02,    1.039661e-01,    1.234062e-01,   -2.482389e-01,   -7.141934e-02,   -6.899365e-01,   -6.178740e-01,    1.071600e-01,    4.419000e-02,    8.326800e-02,    1.048700e-01,    3.000000e-02,    3.000000e-02,    3.000000e-02,    3.000000e-02,
      1027,    1.584800e+01,    9.212648e-02,    7.493170e-02,    5.222541e-02,    1.361921e-01,   -3.794494e-01,   -4.472568e-01,   -8.734470e-01,   -6.777374e-01,    8.074300e-02,    6.151400e-02,    2.602200e-02,    1.158600e-01,    3.000000e-02,    3.000000e-02,    3.000000e-02,    3.000000e-02,
      1028,    6.309500e+00,    7.404260e-02,    8.174664e-03,    7.170828e-02,    1.046690e-01,   -2.355867e-01,    4.438779e-01,   -1.770428e-01,   -9.523350e-01,    6.697500e-02,    2.149100e-02,    6.639700e-02,    7.609900e-02,    3.000000e-02,    3.000000e-02,    3.000000e-02,    3.000000e-02,
      1028,    1.000000e+01,    6.862345e-02,    2.891444e-02,    3.064018e-02,    1.161563e-01,   -4.215484e-01,    2.998541e-02,    6.049408e-02,   -6.874115e-01,    5.597700e-02,    2.981400e-02,    3.245500e-02,    9.553400e-02,    3.000000e-02,    3.000000e-02,    3.000000e-02,    3.000000e-02,
      1028,    1.584800e+01,    5.253875e-02,    4.817803e-02,   -1.573382e-02,    1.175068e-01,   -4.458584e-01,   -3.169009e-01,    6.101506e-01,   -2.662252e-01,    3.916300e-02,    3.867100e-02,    2.570700e-03,    1.095200e-01,    3.000000e-02,    3.000000e-02,    3.000000e-02,    3.000000e-02,
      1029,    6.309500e+00,    7.006544e-02,    6.618909e-02,    1.084344e-02,    5.265825e-02,    1.129853e-01,    1.680030e+00,   -9.148146e-01,   -4.309417e-01,    7.345500e-02,    1.165900e-01,   -1.660100e-02,    3.973000e-02,    3.000000e-02,    3.000000e-02,    3.000000e-02,    3.000000e-02,
      1029,    1.000000e+01,    3.496866e-02,    6.970751e-02,   -1.316068e-02,    3.981307e-02,   -1.030219e-01,    1.216083e+00,   -2.105441e-01,   -4.550025e-01,    3.187800e-02,    1.061900e-01,   -1.947700e-02,    2.616300e-02,    3.000000e-02,    3.000000e-02,    3.000000e-02,    3.000000e-02,
      1029,    1.584800e+01,    7.174372e-03,    5.865668e-02,   -2.476800e-02,    1.793845e-02,   -5.003291e-01,    9.443772e-01,   -1.648668e-01,   -2.696548e-01,   -7.835500e-03,    8.698800e-02,   -2.971400e-02,    9.848800e-03,    3.000000e-02,    3.000000e-02,    3.000000e-02,    3.000000e-02,
      1030,    6.309500e+00,    3.337476e-02,    8.422116e-02,    8.053273e-02,    5.746179e-03,    1.764175e+00,   -1.205639e+00,    2.072909e+00,    2.644027e+00,    8.630000e-02,    4.805200e-02,    1.427200e-01,    8.506700e-02,    3.000000e-02,    3.000000e-02,    3.000000e-02,    3.000000e-02,
      1032,    6.309500e+00,    2.539253e-01,    4.901027e-02,    2.982540e-02,    4.944861e-02,    1.061490e+00,    2.294991e+00,    5.669532e-01,   -1.628747e+00,    2.857700e-01,    1.178600e-01,    4.683400e-02,    5.861900e-04,    3.000000e-02,    3.000000e-02,    3.000000e-02,    3.000000e-02,
      1032,    1.000000e+01,    2.242104e-01,    8.723431e-02,    2.326594e-03,    4.343654e-02,    5.444652e+00,    3.366856e+00,   -2.934098e-01,   -2.232985e+00,    3.875500e-01,    1.882400e-01,   -6.475700e-03,   -2.355300e-02,    3.000000e-02,    3.000000e-02,    3.000000e-02,    3.000000e-02,
      1032,    1.584800e+01,    1.794197e-01,    1.098516e-01,   -1.527576e-02,    2.270166e-02,    6.236343e+00,    1.786947e+00,    5.789687e-01,   -1.869722e+00,    3.665100e-01,    1.634600e-01,    2.093300e-03,   -3.339000e-02,    3.000000e-02,    3.000000e-02,    3.000000e-02,    3.000000e-02,
      1033,    6.309500e+00,   -1.771324e-01,    9.888805e-03,   -8.111464e-02,    5.990672e-02,   -6.435869e-01,   -5.240349e-02,    8.698213e-01,   -5.761906e-01,   -1.964400e-01,    8.316700e-03,   -5.502000e-02,    4.262100e-02,    3.000000e-02,    3.000000e-02,    3.000000e-02,    3.000000e-02,
      1033,    1.000000e+01,   -1.595609e-01,   -3.422175e-02,   -8.914284e-02,    3.158898e-02,   -8.736363e-01,   -1.158749e-01,    7.901946e-01,   -3.549660e-01,   -1.857700e-01,   -3.769800e-02,   -6.543700e-02,    2.094000e-02,    3.000000e-02,    3.000000e-02,    3.000000e-02,    3.000000e-02,
      1033,    1.584800e+01,   -1.233947e-01,   -4.856194e-02,   -8.766737e-02,    1.665474e-02,   -7.948429e-01,   -3.153687e-01,    3.274458e-01,   -2.329215e-01,   -1.472400e-01,   -5.802300e-02,   -7.784400e-02,    9.667100e-03,    3.000000e-02,    3.000000e-02,    3.000000e-02,    3.000000e-02,
      1034,    6.309500e+00,   -1.444878e-01,    1.324939e-01,   -8.709453e-02,    1.627708e-01,    8.559284e-02,    4.387035e-02,   -2.224182e+00,   -1.754692e+00,   -1.419200e-01,    1.338100e-01,   -1.538200e-01,    1.101300e-01,    3.000000e-02,    3.000000e-02,    3.000000e-02,    3.000000e-02,
      1034,    1.000000e+01,   -2.121913e-01,    1.061194e-01,   -1.607204e-01,    1.490781e-01,    4.317097e-01,    5.568792e-02,   -1.148652e+00,   -1.318269e+00,   -1.992400e-01,    1.077900e-01,   -1.951800e-01,    1.095300e-01,    3.000000e-02,    3.000000e-02,    3.000000e-02,    3.000000e-02,
      1034,    1.584800e+01,   -2.576139e-01,    4.764434e-02,   -2.231391e-01,    1.066269e-01,    6.257960e-01,    9.895541e-02,   -6.783625e-01,   -1.058331e+00,   -2.388400e-01,    5.061300e-02,   -2.434900e-01,    7.487700e-02,    3.000000e-02,    3.000000e-02,    3.000000e-02,    3.000000e-02,
      1035,    6.309500e+00,    1.491021e-02,    7.562286e-02,    1.002943e-01,   -1.744564e-02,    3.412623e-02,    2.158238e+00,    1.211190e+00,    9.471213e-01,    1.593400e-02,    1.403700e-01,    1.366300e-01,    1.096800e-02,    3.000000e-02,    3.000000e-02,    3.000000e-02,    3.000000e-02,
      1035,    1.000000e+01,   -2.410908e-02,    7.218306e-02,    1.091237e-01,   -3.335456e-02,   -1.863972e-01,    8.906980e-01,    3.535437e-01,    8.285886e-01,   -2.970100e-02,    9.890400e-02,    1.197300e-01,   -8.496900e-03,    3.000000e-02,    3.000000e-02,    3.000000e-02,    3.000000e-02,
      1035,    1.584800e+01,   -5.257280e-02,    5.368120e-02,    1.323868e-01,   -4.336406e-02,   -3.475066e-01,    4.494266e-01,   -2.762277e-01,    7.192020e-01,   -6.299800e-02,    6.716400e-02,    1.241000e-01,   -2.178800e-02,    3.000000e-02,    3.000000e-02,    3.000000e-02,    3.000000e-02,
      1036,    6.309500e+00,    3.154753e-01,    3.543764e-02,    1.836593e-01,   -1.952623e-02,    3.041562e-01,    4.695785e-01,    3.313573e-01,    1.987408e+00,    3.246000e-01,    4.952500e-02,    1.936000e-01,    4.009600e-02,    3.000000e-02,    3.000000e-02,    3.000000e-02,    3.000000e-02,
      1036,    1.000000e+01,    2.999119e-01,    1.019826e-01,    1.831646e-01,   -1.353585e-02,   -3.063979e-01,   -7.540538e-01,    4.361798e-01,    1.819695e+00,    2.907200e-01,    7.936100e-02,    1.962500e-01,    4.105500e-02,    3.000000e-02,    3.000000e-02,    3.000000e-02,    3.000000e-02,
      1036,    1.584800e+01,    2.486665e-01,    1.669061e-01,    1.869992e-01,   -1.320445e-02,    1.361118e+00,   -6.648714e-01,    4.736941e-01,    2.628448e+00,    2.895000e-01,    1.469600e-01,    2.012100e-01,    6.564900e-02,    3.000000e-02,    3.000000e-02,    3.000000e-02,    3.000000e-02,
      1038,    6.309500e+00,    1.283627e-01,    8.399475e-02,   -4.558609e-02,    3.691598e-02,    2.076910e+00,    2.223842e+00,   -1.005564e+00,    2.395134e+00,    1.906700e-01,    1.507100e-01,   -7.575300e-02,    1.087700e-01,    3.000000e-02,    3.000000e-02,    3.000000e-02,    3.000000e-02,
      1038,    1.000000e+01,    7.898520e-02,    1.067306e-01,   -5.581803e-02,    2.948244e-02,    8.054934e-01,    1.949312e+00,   -1.964732e+00,    1.910855e-01,    1.031500e-01,    1.652100e-01,   -1.147600e-01,    3.521500e-02,    3.000000e-02,    3.000000e-02,    3.000000e-02,    3.000000e-02,
      1038,    1.584800e+01,    1.986754e-02,    1.020696e-01,   -6.531857e-02,    2.135102e-02,   -2.065130e-02,    2.566678e+00,   -1.979381e+00,   -2.245534e+00,    1.924800e-02,    1.790700e-01,   -1.247000e-01,   -4.601500e-02,    3.000000e-02,    3.000000e-02,    3.000000e-02,    3.000000e-02,
      1039,    6.309500e+00,    2.060212e-01,   -2.374997e-03,    4.164131e-01,    4.114446e-02,    6.316260e-01,    9.542991e-02,    7.618974e-01,    1.903051e+00,    2.249700e-01,    4.879000e-04,    4.392700e-01,    9.823600e-02,    3.000000e-02,    3.000000e-02,    3.000000e-02,    3.000000e-02,
      1039,    1.000000e+01,    2.010675e-01,    2.159016e-02,    4.019749e-01,    9.893175e-02,    7.414164e-01,    2.615281e-01,   -5.471623e-01,    1.472275e+00,    2.233100e-01,    2.943600e-02,    3.855600e-01,    1.431000e-01,    3.000000e-02,    3.000000e-02,    3.000000e-02,    3.000000e-02,
      1039,    1.584800e+01,    1.870415e-01,    4.241722e-02,    3.558944e-01,    1.586904e-01,    4.859513e-01,    9.024595e-01,   -1.369481e+00,    3.509862e-01,    2.016200e-01,    6.949100e-02,    3.148100e-01,    1.692200e-01,    3.000000e-02,    3.000000e-02,    3.000000e-02,    3.000000e-02,
      1040,    6.309500e+00,    9.971549e-02,    9.511907e-02,   -3.527816e-01,   -8.720724e-02,   -1.476150e+00,    2.590309e-01,    9.300520e-01,   -6.270919e-01,    5.543100e-02,    1.028900e-01,   -3.248800e-01,   -1.060200e-01,    3.000000e-02,    3.000000e-02,    3.000000e-02,    3.000000e-02,
      1040,    1.000000e+01,    4.687207e-02,    1.132869e-01,   -2.850543e-01,   -1.552458e-01,   -8.135692e-01,   -3.465646e-01,    3.848095e-01,   -1.278082e-01,    2.246500e-02,    1.028900e-01,   -2.735100e-01,   -1.590800e-01,    3.000000e-02,    3.000000e-02,    3.000000e-02,    3.000000e-02,
      1040,    1.584800e+01,   -5.286738e-03,    1.066500e-01,   -2.082214e-01,   -1.864511e-01,   -1.587087e-01,   -5.571337e-01,   -2.702876e-01,   -2.916308e-01,   -1.004800e-02,    8.993600e-02,   -2.163300e-01,   -1.952000e-01,    3.000000e-02,    3.000000e-02,    3.000000e-02,    3.000000e-02,
      1041,    6.309500e+00,    8.267862e-02,    6.094478e-02,   -5.790972e-03,   -6.293300e-02,    1.573462e-01,    8.877072e-01,    1.618866e+00,    1.055133e+00,    8.739900e-02,    8.757600e-02,    4.277500e-02,   -3.127900e-02,    3.000000e-02,    3.000000e-02,    3.000000e-02,    3.000000e-02,
      1041,    1.000000e+01,    5.728050e-02,    4.705238e-02,    3.267538e-02,   -8.075207e-02,    6.645501e-01,    8.126205e-01,    7.588207e-01,    1.925069e+00,    7.721700e-02,    7.143100e-02,    5.544000e-02,   -2.300000e-02,    3.000000e-02,    3.000000e-02,    3.000000e-02,    3.000000e-02,
      1041,    1.584800e+01,    4.490579e-02,    2.928048e-02,    7.004182e-02,   -7.696501e-02,    3.044070e-01,    4.297507e-01,   -4.989274e-01,    1.556300e+00,    5.403800e-02,    4.217300e-02,    5.507400e-02,   -3.027600e-02,    3.000000e-02,    3.000000e-02,    3.000000e-02,    3.000000e-02,
      1042,    6.309500e+00,    1.139332e-01,    8.862670e-02,   -2.594174e-02,    5.771563e-04,   -4.845081e-01,   -7.269008e-02,    1.506091e+00,    5.051615e-01,    9.939800e-02,    8.644600e-02,    1.924100e-02,    1.573200e-02,    3.000000e-02,    3.000000e-02,    3.000000e-02,    3.000000e-02,
      1042,    1.000000e+01,    6.875807e-02,    9.025731e-02,   -1.430634e-02,   -1.292593e-02,   -6.206894e-02,   -2.262769e-01,    1.120411e+00,    9.219977e-01,    6.689600e-02,    8.346900e-02,    1.930600e-02,    1.473400e-02,    3.000000e-02,    3.000000e-02,    3.000000e-02,    3.000000e-02,
      1042,    1.584800e+01,    2.970595e-02,    7.230333e-02,   -5.219994e-04,   -1.210881e-02,    2.968684e-01,   -2.579776e-01,    8.728000e-01,    8.241603e-01,    3.861200e-02,    6.456400e-02,    2.566200e-02,    1.261600e-02,    3.000000e-02,    3.000000e-02,    3.000000e-02,    3.000000e-02,
      1043,    6.309500e+00,   -2.124060e-03,   -3.326454e-02,   -4.007495e-02,    3.537157e-02,   -6.796980e-01,    4.151264e-03,    6.852315e-01,    3.430811e-01,   -2.251500e-02,   -3.314000e-02,   -1.951800e-02,    4.566400e-02,    3.000000e-02,    3.000000e-02,    3.000000e-02,    3.000000e-02,
      1043,    1.000000e+01,    1.890159e-02,   -6.048514e-02,   -5.308628e-02,    4.928423e-03,   -3.732629e-01,   -1.168286e-01,    2.301092e-01,    1.029553e+00,    7.703700e-03,   -6.399000e-02,   -4.618300e-02,    3.581500e-02,    3.000000e-02,    3.000000e-02,    3.000000e-02,    3.000000e-02,
      1043,    1.584800e+01,    5.135602e-02,   -7.268076e-02,   -4.758421e-02,   -2.927380e-02,    5.263260e-02,   -5.319747e-01,    1.990070e-01,    8.722898e-01,    5.293500e-02,   -8.864000e-02,   -4.161400e-02,   -3.105100e-03,    3.000000e-02,    3.000000e-02,    3.000000e-02,    3.000000e-02,
      1044,    6.309500e+00,    2.247198e-01,    6.654381e-02,    6.178765e-02,    1.734607e-02,    1.521674e+00,   -6.618271e-01,    2.811745e+00,    8.536449e-02,    2.703700e-01,    4.668900e-02,    1.461400e-01,    1.990700e-02,    3.000000e-02,    3.000000e-02,    3.000000e-02,    3.000000e-02,
      1044,    1.000000e+01,    1.912102e-01,    1.102728e-01,    6.272760e-02,    1.322376e-02,    1.892992e+00,   -5.242822e-02,    2.040747e+00,    9.708412e-01,    2.480000e-01,    1.087000e-01,    1.239500e-01,    4.234900e-02,    3.000000e-02,    3.000000e-02,    3.000000e-02,    3.000000e-02,
      1044,    1.584800e+01,    1.379134e-01,    1.427651e-01,    6.318279e-02,    1.682865e-02,    2.322887e+00,    3.184961e-01,    1.190207e+00,    1.421778e+00,    2.076000e-01,    1.523200e-01,    9.888900e-02,    5.948200e-02,    3.000000e-02,    3.000000e-02,    3.000000e-02,    3.000000e-02,
      1045,    6.309500e+00,    1.472061e-01,    1.574233e-03,    9.829237e-04,    1.589091e-01,   -4.168684e-01,   -2.621278e-01,   -7.671308e-01,    6.136490e-02,    1.347000e-01,   -6.289600e-03,   -2.203100e-02,    1.607500e-01,    3.000000e-02,    3.000000e-02,    3.000000e-02,    3.000000e-02,
      1045,    1.000000e+01,    1.444375e-01,    3.106647e-02,   -6.011391e-02,    1.798472e-01,   -4.055824e-01,   -6.480823e-01,   -6.797695e-01,   -9.857234e-02,    1.322700e-01,    1.162400e-02,   -8.050700e-02,    1.768900e-01,    3.000000e-02,    3.000000e-02,    3.000000e-02,    3.000000e-02,
      1045,    1.584800e+01,    1.269606e-01,    6.053512e-02,   -1.319799e-01,    1.870175e-01,   -3.250210e-01,   -1.081571e+00,   -6.773371e-01,   -3.225830e-01,    1.172100e-01,    2.808800e-02,   -1.523000e-01,    1.773400e-01,    3.000000e-02,    3.000000e-02,    3.000000e-02,    3.000000e-02,
      1046,    6.309500e+00,   -7.804324e-02,    1.113253e-02,    1.529277e-01,    8.941179e-02,    1.997480e-02,    1.538349e+00,    5.507741e-02,   -1.093460e+00,   -7.744400e-02,    5.728300e-02,    1.545800e-01,    5.660800e-02,    3.000000e-02,    3.000000e-02,    3.000000e-02,    3.000000e-02,
      1046,    1.000000e+01,   -9.074426e-02,    7.428240e-03,    1.153711e-01,    1.111957e-01,    4.310086e-01,    2.680920e-01,   -2.857032e-01,    1.754753e-01,   -7.781400e-02,    1.547100e-02,    1.068000e-01,    1.164600e-01,    3.000000e-02,    3.000000e-02,    3.000000e-02,    3.000000e-02,
      1046,    1.584800e+01,   -9.966585e-02,   -8.051198e-03,    6.883665e-02,    1.213216e-01,    6.688282e-01,    3.219918e-03,   -5.323217e-01,   -2.623865e-01,   -7.960100e-02,   -7.954600e-03,    5.286700e-02,    1.134500e-01,    3.000000e-02,    3.000000e-02,    3.000000e-02,    3.000000e-02,
