MT,
     StaID,        Freq[Hz],     Re(Zxx)_Cal,     Im(Zxx)_Cal,     Re(Zxy)_Cal,     Im(Zxy)_Cal,     Re(Zyx)_Cal,     Im(Zyx)_Cal,     Re(Zyy)_Cal,     Im(Zyy)_Cal,     Re(Zxx)_Res,     Im(Zxx)_Res,     Re(Zxy)_Res,     Im(Zxy)_Res,     Re(Zyx)_Res,     Im(Zyx)_Res,     Re(Zyy)_Res,     Im(Zyy)_Res,     Re(Zxx)_Obs,     Im(Zxx)_Obs,     Re(Zxy)_Obs,     Im(Zxy)_Obs,     Re(Zyx)_Obs,     Im(Zyx)_Obs,     Re(Zyy)_Obs,     Im(Zyy)_Obs,      Re(Zxx)_SD,      Im(Zxx)_SD,      Re(Zxy)_SD,      Im(Zxy)_SD,      Re(Zyx)_SD,      Im(Zyx)_SD,      Re(Zyy)_SD,      Im(Zyy)_SD,
         1,    2.511800e+01,   -1.399223e-02,    9.736056e-04,    5.550057e-02,   -4.320090e-02,   -9.061678e-02,    5.506809e-02,    3.427077e-02,   -1.975813e-02,    8.654007e-01,   -7.698801e-01,    2.396631e-03,   -3.326894e-01,    2.101643e-01,    4.863441e-01,    1.015235e+00,   -4.960503e-01,   -1.041700e-02,   -2.207000e-03,    5.551100e-02,   -4.464900e-02,   -8.970200e-02,    5.718500e-02,    4.561500e-02,   -2.530100e-02,    4.131300e-03,    4.131300e-03,    4.352700e-03,    4.352700e-03,    4.352700e-03,    4.352700e-03,    1.117400e-02,    1.117400e-02,
         1,    3.981000e+01,   -1.500542e-02,    4.120925e-03,    6.393071e-02,   -5.713649e-02,   -1.045088e-01,    7.388894e-02,    3.971226e-02,   -2.531363e-02,    1.341969e+00,   -6.350996e-01,   -3.136995e-01,    5.245358e-01,    4.215194e-01,   -6.351875e-01,    8.280037e-01,   -2.071728e-01,   -9.366600e-03,    1.452300e-03,    6.233900e-02,   -5.447500e-02,   -1.023700e-01,    7.066600e-02,    5.021300e-02,   -2.794100e-02,    4.201900e-03,    4.201900e-03,    5.074000e-03,    5.074000e-03,    5.074000e-03,    5.074000e-03,    1.268200e-02,    1.268200e-02,
         1,    6.309500e+01,   -1.779230e-02,    6.170014e-03,    7.688361e-02,   -7.670657e-02,   -1.240867e-01,    9.631130e-02,    4.762325e-02,   -3.143167e-02,    1.266855e+00,   -6.076014e-02,   -2.363153e-01,    6.818542e-01,   -1.798005e-01,   -8.458439e-01,    8.369185e-01,   -1.124409e-03,   -1.094900e-02,    5.841800e-03,    7.538100e-02,   -7.237100e-02,   -1.252300e-01,    9.093300e-02,    6.052100e-02,   -3.144900e-02,    5.401800e-03,    5.401800e-03,    6.358500e-03,    6.358500e-03,    6.358500e-03,    6.358500e-03,    1.541100e-02,    1.541100e-02,
         2,    2.511800e+01,   -5.054029e-03,   -4.224666e-03,    6.514018e-02,   -6.554733e-02,   -5.150539e-02,    5.590485e-02,   -3.219066e-03,    6.183967e-03,   -8.604689e-01,   -9.720618e-02,    6.802180e-01,   -4.084005e-01,   -1.355383e+00,   -2.426199e-01,   -6.988786e-02,    5.070464e-01,   -9.093500e-03,   -4.681000e-03,    6.810600e-02,   -6.732800e-02,   -5.741500e-02,    5.484700e-02,   -3.498100e-03,    8.208400e-03,    4.694500e-03,    4.694500e-03,    4.360100e-03,    4.360100e-03,    4.360100e-03,    4.360100e-03,    3.992600e-03,    3.992600e-03,
         2,    3.981000e+01,   -4.270680e-03,   -2.382989e-03,    8.134471e-02,   -8.566522e-02,   -6.529129e-02,    7.551735e-02,   -5.278009e-03,    8.170248e-03,   -1.534912e-01,   -7.438019e-02,    9.377303e-01,   -4.074430e-01,   -1.403847e+00,    1.703781e-01,   -3.647653e-01,    3.671572e-01,   -4.874100e-03,   -2.675400e-03,    8.670900e-02,   -8.799600e-02,   -7.332200e-02,    7.649200e-02,   -7.269700e-03,    1.017500e-02,    3.931300e-03,    3.931300e-03,    5.720500e-03,    5.720500e-03,    5.720500e-03,    5.720500e-03,    5.460200e-03,    5.460200e-03,
         2,    6.309500e+01,   -3.823550e-03,   -1.649334e-03,    1.042843e-01,   -1.102230e-01,   -8.486369e-02,    9.940739e-02,   -8.725402e-03,    9.837612e-03,    5.618813e-01,    3.812361e-01,    5.947858e-01,   -1.614671e-01,   -9.936634e-01,    2.033892e-01,   -4.986350e-01,    2.178571e-01,   -2.229100e-03,   -5.675000e-04,    1.086200e-01,   -1.114000e-01,   -9.210700e-02,    1.008900e-01,   -1.230600e-02,    1.140200e-02,    2.837700e-03,    2.837700e-03,    7.289500e-03,    7.289500e-03,    7.289500e-03,    7.289500e-03,    7.180800e-03,    7.180800e-03,
         3,    3.981000e+01,    7.143912e-03,   -1.280562e-02,    8.605410e-02,   -8.499570e-02,   -6.110473e-02,    7.473599e-02,   -2.125995e-02,    1.890047e-02,   -2.783600e+00,   -4.659270e-02,   -1.824485e+00,   -1.932798e+00,    4.026456e-01,   -3.231153e-01,   -5.003185e-01,    1.517530e+00,   -1.289300e-02,   -1.314100e-02,    6.597200e-02,   -1.062700e-01,   -5.892400e-02,    7.298600e-02,   -2.598000e-02,    3.321700e-02,    7.198200e-03,    7.198200e-03,    1.100700e-02,    1.100700e-02,    5.416000e-03,    5.416000e-03,    9.434100e-03,    9.434100e-03,
         3,    6.309500e+01,    1.072865e-02,   -1.519906e-02,    1.092728e-01,   -1.066195e-01,   -8.033753e-02,    9.670551e-02,   -2.717722e-02,    2.251123e-02,   -1.982053e+00,   -4.965920e-01,   -5.426353e-01,   -2.458480e+00,    1.758736e-02,    1.819613e-01,   -1.120555e+00,    9.760445e-01,   -6.693200e-03,   -1.956400e-02,    1.042800e-01,   -1.292400e-01,   -8.021000e-02,    9.802500e-02,   -4.103400e-02,    3.458100e-02,    8.789800e-03,    8.789800e-03,    9.201000e-03,    9.201000e-03,    7.251500e-03,    7.251500e-03,    1.236600e-02,    1.236600e-02,
         4,    2.511800e+01,   -8.171224e-03,    1.091803e-02,    7.681110e-02,   -8.035356e-02,   -8.659323e-02,    1.005730e-01,   -9.292471e-03,   -1.458461e-02,   -2.521845e-01,   -1.020022e+00,   -1.023699e-01,    7.172488e-02,    4.338915e-01,   -1.201760e+00,   -8.052063e-02,   -1.821096e-01,   -9.490300e-03,    5.582700e-03,    7.620800e-02,   -7.993100e-02,   -8.403700e-02,    9.349300e-02,   -9.878500e-03,   -1.591000e-02,    5.230600e-03,    5.230600e-03,    5.891400e-03,    5.891400e-03,    5.891400e-03,    5.891400e-03,    7.278000e-03,    7.278000e-03,
         4,    3.981000e+01,   -1.198214e-02,    1.278973e-02,    9.301530e-02,   -1.072673e-01,   -1.086920e-01,    1.334188e-01,   -6.023210e-03,   -2.362517e-02,   -2.249076e-01,   -1.493712e+00,    2.401925e-02,   -4.070060e-01,    9.495435e-01,   -9.373602e-01,    4.888464e-03,   -2.751907e-01,   -1.348700e-02,    2.795300e-03,    9.319900e-02,   -1.103800e-01,   -1.014300e-01,    1.262500e-01,   -5.974700e-03,   -2.635600e-02,    6.691000e-03,    6.691000e-03,    7.647900e-03,    7.647900e-03,    7.647900e-03,    7.647900e-03,    9.923400e-03,    9.923400e-03,
         4,    6.309500e+01,   -1.540466e-02,    1.415420e-02,    1.142405e-01,   -1.450865e-01,   -1.389549e-01,    1.775072e-01,    7.644789e-04,   -3.468796e-02,    1.012628e-01,   -7.902208e-01,    2.355886e-01,   -7.729120e-01,    7.489044e-01,    2.523246e-01,    5.690715e-02,   -3.242614e-01,   -1.455200e-02,    7.500300e-03,    1.166800e-01,   -1.530900e-01,   -1.312000e-01,    1.801200e-01,    1.563000e-03,   -3.923800e-02,    8.420300e-03,    8.420300e-03,    1.035500e-02,    1.035500e-02,    1.035500e-02,    1.035500e-02,    1.403200e-02,    1.403200e-02,
         5,    2.511800e+01,    5.292727e-03,   -1.325404e-02,    6.754155e-02,   -5.815030e-02,   -5.142050e-02,    3.850240e-02,   -2.340145e-03,    2.667400e-03,    5.990911e-01,   -6.476693e-01,    6.741646e-01,    3.724408e-01,   -1.820240e-01,    3.792749e-01,    3.492690e-01,    5.149428e-01,    9.067600e-03,   -1.733500e-02,    7.013600e-02,   -5.671700e-02,   -5.212100e-02,    3.996200e-02,   -1.468300e-03,    3.952800e-03,    6.301000e-03,    6.301000e-03,    3.848400e-03,    3.848400e-03,    3.848400e-03,    3.848400e-03,    2.496200e-03,    2.496200e-03,
         5,    3.981000e+01,    1.170929e-02,   -1.185392e-02,    8.061876e-02,   -7.508016e-02,   -5.880487e-02,    5.425060e-02,   -3.625495e-03,    3.618931e-03,    5.736870e-01,   -3.477248e-01,   -2.139066e-01,    1.109038e+00,   -1.400803e-01,    2.588610e-01,    1.394971e-01,    6.157488e-01,    1.580100e-02,   -1.433400e-02,    7.962600e-02,   -6.993300e-02,   -5.945500e-02,    5.545200e-02,   -3.142500e-03,    5.750900e-03,    7.132300e-03,    7.132300e-03,    4.641100e-03,    4.641100e-03,    4.641100e-03,    4.641100e-03,    3.462400e-03,    3.462400e-03,
         5,    6.309500e+01,    1.691926e-02,   -7.177301e-03,    9.908728e-02,   -9.767900e-02,   -7.254524e-02,    7.533961e-02,   -6.088711e-03,    3.547381e-03,    8.159699e-01,   -5.124592e-02,   -6.043572e-01,    7.984474e-01,   -2.458657e-01,    7.965198e-01,    1.457602e-01,    5.878393e-01,    2.400800e-02,   -7.622500e-03,    9.544500e-02,   -9.286700e-02,   -7.402700e-02,    8.014000e-02,   -5.433300e-03,    6.190600e-03,    8.687500e-03,    8.687500e-03,    6.026700e-03,    6.026700e-03,    6.026700e-03,    6.026700e-03,    4.496500e-03,    4.496500e-03,
         6,    2.511800e+01,    1.886625e-01,   -3.955746e-02,    1.708210e-01,   -1.238118e-01,   -2.662668e-01,    1.155679e-01,   -1.544782e-01,    5.927848e-02,   -1.136687e-01,    2.205212e-01,   -5.329236e-01,   -1.238806e-01,   -2.009937e-01,   -3.760053e-01,    7.785924e-01,   -2.881067e-01,    1.853000e-01,   -3.303400e-02,    1.642900e-01,   -1.253300e-01,   -2.687300e-01,    1.109600e-01,   -1.308900e-01,    5.055000e-02,    2.958200e-02,    2.958200e-02,    1.225500e-02,    1.225500e-02,    1.225500e-02,    1.225500e-02,    3.029600e-02,    3.029600e-02,
         6,    3.981000e+01,    2.004157e-01,   -2.315528e-02,    2.037918e-01,   -1.416357e-01,   -2.946498e-01,    1.211820e-01,   -1.751391e-01,    4.803922e-02,   -1.297729e-01,    1.777111e-01,   -2.634734e-01,   -4.102739e-01,    1.706721e-02,   -1.246946e-01,    8.682694e-01,   -2.865023e-01,    1.961100e-01,   -1.725900e-02,    2.000900e-01,   -1.474000e-01,   -2.944100e-01,    1.194300e-01,   -1.465600e-01,    3.860900e-02,    3.317900e-02,    3.317900e-02,    1.405000e-02,    1.405000e-02,    1.405000e-02,    1.405000e-02,    3.291500e-02,    3.291500e-02,
         6,    6.309500e+01,    2.053799e-01,   -4.887219e-03,    2.384618e-01,   -1.661124e-01,   -3.216549e-01,    1.340168e-01,   -1.895779e-01,    3.290147e-02,   -1.148805e-01,    6.456417e-02,   -8.584254e-02,   -7.645575e-01,    2.174516e-01,   -1.562465e-01,    9.529359e-01,   -4.283313e-01,    2.011700e-01,   -2.521200e-03,    2.370900e-01,   -1.783300e-01,   -3.181800e-01,    1.315200e-01,   -1.563100e-01,    1.794800e-02,    3.664600e-02,    3.664600e-02,    1.598000e-02,    1.598000e-02,    1.598000e-02,    1.598000e-02,    3.491100e-02,    3.491100e-02,
         7,    2.511800e+01,    4.217157e-04,    7.172787e-03,    6.817987e-02,   -6.523025e-02,   -7.840724e-02,    6.361675e-02,   -1.279680e-02,    1.163702e-02,   -4.926176e-01,    2.067922e-01,    1.376770e-02,    4.751420e-01,    4.189291e-01,   -5.569876e-03,    3.985426e-01,   -3.902665e-01,   -1.615800e-03,    8.028100e-03,    6.824600e-02,   -6.294800e-02,   -7.639500e-02,    6.359000e-02,   -1.055400e-02,    9.440800e-03,    4.136100e-03,    4.136100e-03,    4.803300e-03,    4.803300e-03,    4.803300e-03,    4.803300e-03,    5.627500e-03,    5.627500e-03,
         7,    3.981000e+01,   -2.736160e-03,    8.046276e-03,    8.553116e-02,   -7.907729e-02,   -9.317840e-02,    7.803666e-02,   -1.496048e-02,    1.434455e-02,   -2.935287e-01,    6.922380e-02,   -3.132790e-02,    3.176535e-01,    2.627249e-01,   -6.764703e-02,    4.714555e-01,   -1.517145e-01,   -4.182200e-03,    8.387300e-03,    8.534700e-02,   -7.721000e-02,   -9.163400e-02,    7.763900e-02,   -1.169900e-02,    1.329500e-02,    4.926400e-03,    4.926400e-03,    5.878400e-03,    5.878400e-03,    5.878400e-03,    5.878400e-03,    6.917900e-03,    6.917900e-03,
         7,    6.309500e+01,   -5.573300e-03,    7.784524e-03,    1.051983e-01,   -9.638963e-02,   -1.107468e-01,    9.840032e-02,   -1.787652e-02,    1.907632e-02,   -1.775315e-01,    1.886034e-02,   -3.408295e-01,    3.084522e-01,    3.420199e-01,   -1.430685e-01,    3.267964e-01,    8.619391e-02,   -6.581200e-03,    7.891600e-03,    1.027700e-01,   -9.419200e-02,   -1.083100e-01,    9.738100e-02,   -1.492800e-02,    1.985400e-02,    5.677300e-03,    5.677300e-03,    7.124700e-03,    7.124700e-03,    7.124700e-03,    7.124700e-03,    9.022500e-03,    9.022500e-03,
         8,    2.511800e+01,   -4.357675e-01,    2.350691e-01,    1.065886e-01,   -1.643538e-01,   -3.053215e-01,    1.569122e-01,   -1.965052e-02,   -2.112940e-02,    1.152087e+00,    1.204616e-01,    3.129651e-01,   -3.293538e-01,   -1.082420e-01,   -6.899798e-01,   -3.869496e-02,    5.114232e-01,   -3.835400e-01,    2.405300e-01,    1.106900e-01,   -1.686700e-01,   -3.067400e-01,    1.478700e-01,   -2.018200e-02,   -1.410500e-02,    4.533300e-02,    4.533300e-02,    1.310500e-02,    1.310500e-02,    1.310500e-02,    1.310500e-02,    1.373500e-02,    1.373500e-02,
         9,    2.511800e+01,   -4.199132e-03,   -4.033657e-03,    4.841248e-02,   -3.726944e-02,   -4.478173e-02,    3.775798e-02,    4.030464e-03,    1.350925e-04,    6.930750e-01,   -3.372201e-01,    3.836749e-01,   -5.674704e-01,    6.508487e-01,   -1.013355e+00,    7.182638e-01,   -2.662605e-01,   -2.259700e-03,   -4.977300e-03,    4.992600e-02,   -3.950800e-02,   -4.285300e-02,    3.475500e-02,    5.994700e-03,   -5.930500e-04,    2.798300e-03,    2.798300e-03,    3.944800e-03,    3.944800e-03,    2.963400e-03,    2.963400e-03,    2.734700e-03,    2.734700e-03,
         9,    3.981000e+01,   -2.039963e-03,   -3.518243e-03,    5.333848e-02,   -5.097565e-02,   -5.202526e-02,    5.214571e-02,    3.758414e-03,    1.556839e-03,    1.365264e+00,   -1.210202e-01,    7.352649e-01,   -2.181308e-01,   -2.845728e-01,   -1.383169e+00,    1.748750e+00,   -1.011541e+00,    1.611300e-03,   -3.841900e-03,    5.604300e-02,   -5.177800e-02,   -5.307200e-02,    4.705800e-02,    1.129500e-02,   -2.802600e-03,    2.674400e-03,    2.674400e-03,    3.678300e-03,    3.678300e-03,    3.678300e-03,    3.678300e-03,    4.309700e-03,    4.309700e-03,
         9,    6.309500e+01,   -5.731059e-04,   -1.592949e-03,    6.224000e-02,   -7.345806e-02,   -6.344067e-02,    7.199045e-02,    2.425852e-03,    2.503465e-03,    1.267825e+00,   -6.068978e-01,    1.074672e+00,   -6.066055e-02,    5.465946e-01,    2.741607e-01,    1.396159e+00,   -8.754586e-01,    3.803300e-03,   -3.687900e-03,    6.748300e-02,   -7.375400e-02,   -6.077400e-02,    7.332800e-02,    8.370000e-03,   -1.223800e-03,    3.451900e-03,    3.451900e-03,    4.878700e-03,    4.878700e-03,    4.878700e-03,    4.878700e-03,    4.257500e-03,    4.257500e-03,
        10,    2.511800e+01,   -4.978448e-02,    1.869640e-02,    1.193873e-01,   -1.268280e-01,   -1.490730e-01,    1.162415e-01,    7.053992e-02,   -6.387954e-02,    6.743442e-01,   -1.777695e-01,    9.354536e-02,   -4.379602e-01,    3.064254e-01,    3.275405e-02,   -2.117372e-01,    6.413577e-01,   -4.084200e-02,    1.633900e-02,    1.202400e-01,   -1.308200e-01,   -1.462800e-01,    1.165400e-01,    6.655100e-02,   -5.179700e-02,    1.326100e-02,    1.326100e-02,    9.114900e-03,    9.114900e-03,    9.114900e-03,    9.114900e-03,    1.883900e-02,    1.883900e-02,
        10,    3.981000e+01,   -5.756303e-02,    6.312070e-03,    1.494965e-01,   -1.648438e-01,   -1.752807e-01,    1.419835e-01,    9.038302e-02,   -7.211907e-02,    1.720995e-01,    2.551773e-01,    8.477217e-02,    9.813208e-02,   -1.448566e-01,    1.081536e-01,   -4.458851e-02,    3.225158e-01,   -5.469000e-02,    1.057200e-02,    1.504500e-01,   -1.637400e-01,   -1.769100e-01,    1.432000e-01,    8.932400e-02,   -6.445900e-02,    1.669400e-02,    1.669400e-02,    1.124800e-02,    1.124800e-02,    1.124800e-02,    1.124800e-02,    2.375100e-02,    2.375100e-02,
        11,    2.511800e+01,   -3.043683e-02,   -1.450475e-02,    7.135191e-02,   -5.722147e-02,   -6.784797e-02,    4.530615e-02,    4.322806e-03,   -1.743768e-03,   -8.057206e-01,    1.186927e-01,    4.837086e-01,   -9.813171e-01,   -3.359834e-01,   -6.454796e-01,   -7.522926e-01,    3.037554e-01,   -3.794300e-02,   -1.339900e-02,    7.348700e-02,   -6.155300e-02,   -6.933100e-02,    4.245700e-02,    2.614500e-03,   -1.054000e-03,    9.316100e-03,    9.316100e-03,    4.414000e-03,    4.414000e-03,    4.414000e-03,    4.414000e-03,    2.270800e-03,    2.270800e-03,
        11,    3.981000e+01,   -2.201335e-02,   -1.654693e-02,    8.393971e-02,   -6.987015e-02,   -7.518573e-02,    6.434084e-02,    5.315847e-03,   -1.449101e-03,   -8.202986e-01,   -1.871782e-01,    4.700959e-01,   -3.876697e-01,    4.524269e-01,   -1.113508e+00,   -5.740525e-01,    2.586079e-01,   -2.971800e-02,   -1.830500e-02,    8.634900e-02,   -7.185700e-02,   -7.286700e-02,    5.863400e-02,    3.699200e-03,   -7.208100e-04,    9.392500e-03,    9.392500e-03,    5.125100e-03,    5.125100e-03,    5.125100e-03,    5.125100e-03,    2.816200e-03,    2.816200e-03,
        11,    6.309500e+01,   -1.327092e-02,   -1.389741e-02,    9.876202e-02,   -8.908841e-02,   -9.049318e-02,    9.151155e-02,    5.976750e-03,   -5.770434e-04,   -8.652788e-01,   -4.823004e-01,    9.318243e-01,   -8.274226e-01,    1.419233e-01,    7.858556e-02,   -4.296349e-01,   -2.052576e-01,   -2.148700e-02,   -1.847700e-02,    1.050400e-01,   -9.466300e-02,   -8.953700e-02,    9.204100e-02,    4.409700e-03,   -1.325700e-03,    9.495300e-03,    9.495300e-03,    6.737300e-03,    6.737300e-03,    6.737300e-03,    6.737300e-03,    3.647400e-03,    3.647400e-03,
        12,    2.511800e+01,   -3.042866e-03,    6.815689e-03,    4.353187e-02,   -4.406020e-02,   -4.686625e-02,    4.896049e-02,    5.454273e-03,   -1.915683e-02,   -1.473507e+00,   -9.040876e-01,    1.368450e-01,   -5.631107e-01,   -2.177066e-01,   -5.992113e-01,    2.678241e+00,   -2.838902e-01,   -8.352500e-03,    3.557900e-03,    4.397800e-02,   -4.589600e-02,   -4.757600e-02,    4.700700e-02,    2.404100e-02,   -2.112700e-02,    3.603400e-03,    3.603400e-03,    3.260100e-03,    3.260100e-03,    3.260100e-03,    3.260100e-03,    6.939900e-03,    6.939900e-03,
        12,    3.981000e+01,   -6.509093e-03,    1.047138e-02,    5.288000e-02,   -5.790057e-02,   -5.834799e-02,    6.517225e-02,    1.174772e-02,   -2.668699e-02,   -1.062119e+00,   -3.487702e-01,   -3.094640e-02,    2.004362e-01,   -3.482070e-01,   -5.853579e-01,    1.902208e+00,   -2.312568e-04,   -1.190200e-02,    8.700500e-03,    5.275300e-02,   -5.707800e-02,   -5.977700e-02,    6.277000e-02,    2.831900e-02,   -2.668900e-02,    5.077500e-03,    5.077500e-03,    4.103900e-03,    4.103900e-03,    4.103900e-03,    4.103900e-03,    8.711600e-03,    8.711600e-03,
        12,    6.309500e+01,   -1.026555e-02,    1.292402e-02,    6.530732e-02,   -7.724966e-02,   -7.343887e-02,    8.634377e-02,    1.983231e-02,   -3.398542e-02,   -5.596665e-01,    7.072487e-02,    5.306408e-01,   -2.529366e-01,   -9.908888e-01,    5.388164e-01,    1.114129e+00,   -2.505504e-01,   -1.404000e-02,    1.340100e-02,    6.826400e-02,   -7.865900e-02,   -7.896000e-02,    8.934600e-02,    3.263700e-02,   -3.686500e-02,    6.744100e-03,    6.744100e-03,    5.571900e-03,    5.571900e-03,    5.571900e-03,    5.571900e-03,    1.149300e-02,    1.149300e-02,
        13,    2.511800e+01,   -5.280122e-03,   -8.978963e-03,    4.061164e-02,   -4.700107e-02,   -4.254012e-02,    4.094780e-02,    5.619362e-03,    1.392359e-03,    1.283402e-01,   -3.749056e-01,    3.893918e-01,    8.055859e-01,   -7.401180e-02,   -1.797270e-01,    5.256101e-01,    1.438488e-02,   -4.769700e-03,   -1.047000e-02,    4.177900e-02,   -4.458600e-02,   -4.276200e-02,    4.040900e-02,    7.265100e-03,    1.437400e-03,    3.977100e-03,    3.977100e-03,    2.997900e-03,    2.997900e-03,    2.997900e-03,    2.997900e-03,    3.131100e-03,    3.131100e-03,
        13,    3.981000e+01,   -2.377938e-03,   -8.957131e-03,    5.180183e-02,   -5.993224e-02,   -5.109972e-02,    5.655115e-02,    5.162751e-03,    4.077160e-03,   -1.855516e-01,   -3.548099e-01,   -5.394502e-01,    8.843893e-01,    2.790595e-01,   -6.315098e-01,    5.669170e-01,    2.463671e-01,   -3.178000e-03,   -1.048700e-02,    4.979000e-02,   -5.663400e-02,   -5.005900e-02,    5.419600e-02,    7.341300e-03,    5.023900e-03,    4.311800e-03,    4.311800e-03,    3.729400e-03,    3.729400e-03,    3.729400e-03,    3.729400e-03,    3.842800e-03,    3.842800e-03,
        13,    6.309500e+01,   -1.482465e-05,   -9.093559e-03,    6.584826e-02,   -7.735506e-02,   -6.462243e-02,    7.745977e-02,    3.304040e-03,    6.722181e-03,    1.903052e-01,   -5.247261e-01,   -4.541900e-01,   -4.708365e-01,    5.097240e-01,   -2.879843e-02,    9.109643e-02,    5.120853e-01,    9.783400e-04,   -1.183200e-02,    6.356500e-02,   -7.972200e-02,   -6.206000e-02,    7.731500e-02,    3.731200e-03,    9.123400e-03,    5.218800e-03,    5.218800e-03,    5.027100e-03,    5.027100e-03,    5.027100e-03,    5.027100e-03,    4.689100e-03,    4.689100e-03,
        14,    2.511800e+01,    1.396682e-01,   -7.053147e-02,    9.600643e-02,   -1.558940e-01,   -2.832840e-01,    1.517699e-01,   -3.473942e-02,    3.712926e-02,   -4.629734e-01,   -4.498248e-01,   -1.763855e-01,    3.134035e-02,   -9.267191e-01,   -1.289264e-01,   -7.589672e-01,   -4.406430e-02,    1.281300e-01,   -8.174200e-02,    9.384500e-02,   -1.555100e-01,   -2.946400e-01,    1.501900e-01,   -5.112400e-02,    3.617800e-02,    2.492200e-02,    2.492200e-02,    1.225400e-02,    1.225400e-02,    1.225400e-02,    1.225400e-02,    2.158800e-02,    2.158800e-02,
        14,    3.981000e+01,    1.579055e-01,   -8.688778e-02,    1.291240e-01,   -2.227466e-01,   -3.190146e-01,    1.852997e-01,   -3.720066e-02,    6.262112e-02,   -8.029437e-01,   -3.526057e-01,   -6.816094e-01,    1.041707e+00,   -1.421734e-01,   -5.239883e-01,   -4.834433e-01,   -6.300860e-01,    1.339400e-01,   -9.741200e-02,    1.190300e-01,   -2.073200e-01,   -3.211200e-01,    1.775400e-01,   -4.866600e-02,    4.767800e-02,    2.984700e-02,    2.984700e-02,    1.480900e-02,    1.480900e-02,    1.480900e-02,    1.480900e-02,    2.371600e-02,    2.371600e-02,
        14,    6.309500e+01,    1.818627e-01,   -1.054542e-01,    1.863139e-01,   -3.082938e-01,   -3.665062e-01,    2.303563e-01,   -5.284950e-02,    9.773453e-02,   -7.556638e-01,   -5.887796e-01,   -2.501436e+00,    1.297537e+00,    6.715862e-02,   -4.632093e-01,    5.769814e-01,   -8.121166e-01,    1.533500e-01,   -1.276700e-01,    1.402700e-01,   -2.844100e-01,   -3.652700e-01,    2.218300e-01,   -3.652900e-02,    7.476300e-02,    3.773200e-02,    3.773200e-02,    1.840700e-02,    1.840700e-02,    1.840700e-02,    1.840700e-02,    2.828600e-02,    2.828600e-02,
        15,    2.511800e+01,   -2.798935e-02,    7.422670e-03,    5.200710e-02,   -5.838768e-02,   -3.840981e-02,    4.325841e-02,   -8.865271e-04,   -1.300834e-04,   -1.079178e+00,   -4.073195e-01,   -6.294371e-01,   -7.969054e-01,   -2.841587e-01,   -8.728302e-01,   -4.810323e-01,    4.424468e-01,   -3.672800e-02,    4.124400e-03,    4.990900e-02,   -6.104400e-02,   -3.935700e-02,    4.034900e-02,   -1.585900e-03,    5.131900e-04,    8.097500e-03,    8.097500e-03,    3.333300e-03,    3.333300e-03,    3.333300e-03,    3.333300e-03,    1.453900e-03,    1.453900e-03,
        15,    3.981000e+01,   -3.164148e-02,    4.146386e-03,    6.541235e-02,   -7.577787e-02,   -4.610180e-02,    5.922320e-02,   -2.873236e-04,   -1.171635e-04,   -9.180120e-01,   -7.244868e-01,    3.326017e-02,   -5.227009e-01,    3.044920e-01,   -9.117840e-01,    1.268957e+00,    9.705353e-01,   -4.049800e-02,   -2.843100e-03,    6.555400e-02,   -7.800400e-02,   -4.480500e-02,    5.534000e-02,    2.703100e-03,    2.170000e-03,    9.647500e-03,    9.647500e-03,    4.258900e-03,    4.258900e-03,    4.258900e-03,    4.258900e-03,    2.356600e-03,    2.356600e-03,
        15,    6.309500e+01,   -3.413596e-02,   -1.602231e-03,    8.451405e-02,   -9.951844e-02,   -5.753621e-02,    8.240832e-02,    7.443547e-04,    6.156062e-04,   -4.516424e-01,   -1.230269e+00,    3.399672e-01,    4.855552e-01,    7.763368e-01,   -1.877655e-01,    1.251887e+00,   -2.473479e-02,   -3.913700e-02,   -1.522500e-02,    8.642300e-02,   -9.679200e-02,   -5.317700e-02,    8.135400e-02,    4.822000e-03,    5.350400e-04,    1.107300e-02,    1.107300e-02,    5.615100e-03,    5.615100e-03,    5.615100e-03,    5.615100e-03,    3.257200e-03,    3.257200e-03,
        16,    2.511800e+01,    2.514509e-03,   -9.122407e-03,    4.839669e-02,   -5.026089e-02,   -6.364289e-02,    6.327188e-02,   -2.266820e-03,    7.819344e-03,    7.652559e-02,   -4.390182e-01,    1.347029e+00,    7.827463e-02,    1.148330e-01,   -5.381789e-02,   -3.256303e-01,   -7.256088e-01,    2.846500e-03,   -1.102700e-02,    5.385000e-02,   -4.994400e-02,   -6.317800e-02,    6.305400e-02,   -3.421700e-03,    5.245900e-03,    4.338300e-03,    4.338300e-03,    4.048400e-03,    4.048400e-03,    4.048400e-03,    4.048400e-03,    3.546600e-03,    3.546600e-03,
        16,    3.981000e+01,    5.459185e-03,   -9.400939e-03,    6.059607e-02,   -6.463432e-02,   -8.043743e-02,    8.319170e-02,   -5.160881e-03,    8.312594e-03,    1.343119e-01,   -9.834452e-01,    9.883467e-01,    5.297112e-02,   -1.249771e-01,    3.434914e-01,   -1.564246e-01,   -7.588265e-01,    6.240800e-03,   -1.512400e-02,    6.573300e-02,   -6.435900e-02,   -8.108700e-02,    8.497700e-02,   -5.863900e-03,    4.902200e-03,    5.819400e-03,    5.819400e-03,    5.197500e-03,    5.197500e-03,    5.197500e-03,    5.197500e-03,    4.494300e-03,    4.494300e-03,
        16,    6.309500e+01,    7.773774e-03,   -9.868897e-03,    7.709734e-02,   -8.327808e-02,   -1.030304e-01,    1.061796e-01,   -7.333972e-03,    8.435080e-03,    1.100106e+00,   -6.073916e-02,    3.369452e-01,   -2.562933e-01,   -3.905231e-01,    8.180929e-02,    5.520945e-01,   -5.975545e-01,    1.543700e-02,   -1.029200e-02,    7.932300e-02,   -8.497100e-02,   -1.056100e-01,    1.067200e-01,   -4.615900e-03,    5.493200e-03,    6.965900e-03,    6.965900e-03,    6.605400e-03,    6.605400e-03,    6.605400e-03,    6.605400e-03,    4.923200e-03,    4.923200e-03,
        17,    2.511800e+01,   -5.105272e-03,    4.814431e-04,    4.556701e-02,   -4.239116e-02,   -4.020794e-02,    5.102133e-02,   -8.882187e-04,    1.591214e-03,   -4.851300e-02,   -1.309574e+00,   -6.377121e-02,    9.212477e-01,   -7.074062e-01,    6.916540e-01,   -1.032484e+00,    6.244355e-01,   -5.245800e-03,   -3.312000e-03,    4.536300e-02,   -3.944400e-02,   -4.247100e-02,    5.323400e-02,   -3.748200e-03,    3.320900e-03,    2.896700e-03,    2.896700e-03,    3.199100e-03,    3.199100e-03,    3.199100e-03,    3.199100e-03,    2.770000e-03,    2.770000e-03,
        17,    3.981000e+01,   -4.674945e-03,    3.267526e-03,    5.141200e-02,   -5.927595e-02,   -5.033860e-02,    7.085829e-02,   -1.374010e-03,    2.125105e-03,    9.379741e-01,    2.650084e+00,    1.732224e+00,    8.831527e-01,    4.675910e-01,    1.104446e+00,   -1.334263e+00,    1.227356e+00,    8.074200e-04,    1.875700e-02,    5.882800e-02,   -5.549500e-02,   -4.769900e-02,    7.709300e-02,   -7.720300e-03,    7.962900e-03,    5.844900e-03,    5.844900e-03,    4.281200e-03,    4.281200e-03,    5.645100e-03,    5.645100e-03,    4.756400e-03,    4.756400e-03,
        17,    6.309500e+01,   -4.935664e-03,    6.723929e-03,    6.161563e-02,   -8.515475e-02,   -6.495107e-02,    9.816154e-02,   -2.556399e-03,    2.623425e-03,    4.999247e-01,    2.206789e+00,    1.448491e+00,   -4.840905e-01,    1.615770e+00,    1.887932e+00,   -1.134601e+00,    1.970428e-01,   -1.043700e-03,    2.390400e-02,    7.019200e-02,   -8.802100e-02,   -5.214900e-02,    1.131200e-01,   -8.259700e-03,    3.613900e-03,    7.785100e-03,    7.785100e-03,    5.920900e-03,    5.920900e-03,    7.923200e-03,    7.923200e-03,    5.026700e-03,    5.026700e-03,
        18,    2.511800e+01,    3.995034e-01,   -1.703491e-01,    2.657688e-01,   -1.681663e-01,   -1.321021e+00,    6.532006e-01,   -6.646427e-01,    1.990349e-01,    1.116811e-01,    3.542486e-01,    1.091897e-02,   -4.950233e-01,   -1.465822e+00,   -1.127899e+00,    4.896299e-01,   -1.275963e-01,    4.057800e-01,   -1.504400e-01,    2.661500e-01,   -1.854500e-01,   -1.372200e+00,    6.138200e-01,   -5.937100e-01,    1.805500e-01,    5.620100e-02,    5.620100e-02,    3.491500e-02,    3.491500e-02,    3.491500e-02,    3.491500e-02,    1.448700e-01,    1.448700e-01,
        18,    3.981000e+01,    4.495434e-01,   -1.690931e-01,    3.030002e-01,   -1.911373e-01,   -1.507811e+00,    6.924742e-01,   -7.153543e-01,    1.367626e-01,   -1.235854e-01,    2.456771e-01,    1.108020e-01,   -5.177648e-01,    1.717475e-01,   -9.712682e-01,    4.539554e-01,    6.450965e-02,    4.418000e-01,   -1.537000e-01,    3.073300e-01,   -2.113700e-01,   -1.501100e+00,    6.545200e-01,   -6.445100e-01,    1.468300e-01,    6.265600e-02,    6.265600e-02,    3.907700e-02,    3.907700e-02,    3.907700e-02,    3.907700e-02,    1.560600e-01,    1.560600e-01,
        18,    6.309500e+01,    4.965136e-01,   -1.688575e-01,    3.410000e-01,   -2.332190e-01,   -1.699361e+00,    7.449881e-01,   -7.313349e-01,    8.649433e-02,   -1.725652e-01,    8.664238e-02,    4.417135e-01,   -5.517769e-01,    2.891867e-01,   -2.634352e-01,    2.783413e-01,    1.778440e-01,    4.841900e-01,   -1.626700e-01,    3.609500e-01,   -2.581400e-01,   -1.686300e+00,    7.330900e-01,   -6.841700e-01,    1.166300e-01,    7.141400e-02,    7.141400e-02,    4.516500e-02,    4.516500e-02,    4.516500e-02,    4.516500e-02,    1.694500e-01,    1.694500e-01,
        19,    2.511800e+01,    1.329799e-03,   -2.557840e-03,    6.046568e-02,   -5.823669e-02,   -6.078438e-02,    6.188806e-02,    1.500065e-02,   -1.489526e-02,    1.493040e-01,   -4.055430e-01,    4.971588e-01,   -1.637931e-01,   -9.121100e-01,    2.548864e-02,   -2.065251e-01,    1.407834e-01,    1.750000e-03,   -3.699200e-03,    6.264900e-02,   -5.895600e-02,   -6.479000e-02,    6.200000e-02,    1.370200e-02,   -1.401000e-02,    2.814400e-03,    2.814400e-03,    4.391600e-03,    4.391600e-03,    4.391600e-03,    4.391600e-03,    6.288100e-03,    6.288100e-03,
        19,    3.981000e+01,    1.274599e-03,   -2.019422e-03,    7.592506e-02,   -7.249332e-02,   -7.732874e-02,    7.831656e-02,    1.899715e-02,   -1.795934e-02,    3.532649e-01,   -8.405520e-03,    3.980614e-01,    3.159602e-01,   -1.033026e+00,   -7.551586e-02,   -5.780715e-01,   -2.829626e-01,    2.219300e-03,   -2.041900e-03,    7.810500e-02,   -7.076300e-02,   -8.298600e-02,    7.790300e-02,    1.438900e-02,   -2.021500e-02,    2.674200e-03,    2.674200e-03,    5.476400e-03,    5.476400e-03,    5.476400e-03,    5.476400e-03,    7.971600e-03,    7.971600e-03,
        19,    6.309500e+01,    2.037348e-03,   -1.968086e-03,    9.400965e-02,   -8.946861e-02,   -9.614143e-02,    9.885164e-02,    2.260113e-02,   -2.205297e-02,   -7.479045e-03,    3.511736e-01,    4.993382e-01,    3.864766e-01,   -1.180295e+00,   -4.590484e-01,   -5.056508e-01,   -5.473119e-01,    2.018000e-03,   -1.059600e-03,    9.740200e-02,   -8.684300e-02,   -1.041600e-01,    9.573300e-02,    1.744400e-02,   -2.763500e-02,    2.587000e-03,    2.587000e-03,    6.793700e-03,    6.793700e-03,    6.793700e-03,    6.793700e-03,    1.019900e-02,    1.019900e-02,
        20,    2.511800e+01,   -1.834128e-02,    1.988208e-03,    1.057496e-01,   -9.515848e-02,   -1.107343e-01,    9.106205e-02,   -3.456040e-03,    4.250619e-03,   -8.465317e-01,   -1.254280e+00,   -7.076174e-01,   -3.436165e-03,   -3.665491e-01,    3.555097e-01,    3.327955e-01,    2.144082e+00,   -2.625000e-02,   -9.729900e-03,    1.007000e-01,   -9.518300e-02,   -1.133500e-01,    9.359900e-02,   -5.577900e-04,    2.292300e-02,    9.342500e-03,    9.342500e-03,    7.136100e-03,    7.136100e-03,    7.136100e-03,    7.136100e-03,    8.708800e-03,    8.708800e-03,
        21,    2.511800e+01,   -1.843684e-03,   -4.518593e-03,    6.246253e-02,   -6.460346e-02,   -5.931769e-02,    6.112540e-02,    4.221169e-04,    2.468854e-03,   -6.951536e-01,   -8.279311e-01,    4.720852e-01,    2.646233e-01,   -3.881984e-01,   -6.817021e-03,   -2.549633e-01,    2.983258e-01,   -4.931000e-03,   -8.195600e-03,    6.791700e-02,   -6.154600e-02,   -6.281400e-02,    6.106400e-02,   -2.211300e-04,    3.221500e-03,    4.441200e-03,    4.441200e-03,    1.155400e-02,    1.155400e-02,    9.006500e-03,    9.006500e-03,    2.522900e-03,    2.522900e-03,
        21,    3.981000e+01,   -1.671845e-04,   -2.004765e-03,    7.941888e-02,   -8.309730e-02,   -7.693114e-02,    8.141597e-02,   -4.750960e-04,    2.309910e-03,   -3.979068e-01,   -9.455383e-01,    2.834612e-01,    5.258178e-01,   -2.482918e-01,   -2.359700e-01,   -2.254025e-01,    4.222528e-01,   -1.707800e-03,   -5.665700e-03,    8.350100e-02,   -7.552500e-02,   -7.975000e-02,    7.873700e-02,   -1.173100e-03,    3.617500e-03,    3.871800e-03,    3.871800e-03,    1.440100e-02,    1.440100e-02,    1.135300e-02,    1.135300e-02,    3.096700e-03,    3.096700e-03,
        21,    6.309500e+01,   -5.735055e-04,    4.434701e-04,    1.027746e-01,   -1.049560e-01,   -1.015891e-01,    1.023521e-01,   -1.140564e-03,    2.201935e-03,   -2.062102e-01,   -7.720394e-01,    9.904310e-02,    4.133315e-01,   -1.998163e-01,   -8.907767e-02,   -3.681777e-01,    3.505246e-01,   -1.062100e-03,   -1.385800e-03,    1.045900e-01,   -9.738000e-02,   -1.045100e-01,    1.010500e-01,   -2.526900e-03,    3.521800e-03,    2.369400e-03,    2.369400e-03,    1.832900e-02,    1.832900e-02,    1.461800e-02,    1.461800e-02,    3.765400e-03,    3.765400e-03,
        22,    2.511800e+01,   -2.262618e-03,   -9.651816e-03,    4.215233e-02,   -4.472892e-02,   -3.700087e-02,    4.811087e-02,   -2.775426e-04,    6.007826e-03,    5.658928e-01,   -6.767912e-01,   -9.078777e-03,   -1.338867e+00,   -1.315048e+00,    4.798560e-01,    9.305235e-03,    2.503258e-01,    1.548200e-04,   -1.254300e-02,    4.212300e-02,   -4.905400e-02,   -4.124900e-02,    4.966100e-02,   -2.483000e-04,    6.794500e-03,    4.271900e-03,    4.271900e-03,    3.230400e-03,    3.230400e-03,    3.230400e-03,    3.230400e-03,    3.142600e-03,    3.142600e-03,
        22,    3.981000e+01,    1.531555e-03,   -1.041184e-02,    4.882457e-02,   -6.184406e-02,   -4.692369e-02,    6.832824e-02,   -2.159822e-03,    8.497813e-03,    1.572149e-01,   -9.379121e-02,    3.215088e-01,    3.643949e-02,   -3.463635e+00,   -1.029269e+00,    2.648207e-01,   -1.019009e-01,    2.230800e-03,   -1.082900e-02,    5.017500e-02,   -6.169100e-02,   -6.147200e-02,    6.400500e-02,   -1.090900e-03,    8.086500e-03,    4.447700e-03,    4.447700e-03,    4.200300e-03,    4.200300e-03,    4.200300e-03,    4.200300e-03,    4.036400e-03,    4.036400e-03,
        22,    6.309500e+01,    4.953031e-03,   -1.011651e-02,    5.973631e-02,   -8.807631e-02,   -6.256245e-02,    9.479469e-02,   -5.180937e-03,    1.082180e-02,   -2.566412e-01,   -4.652370e-02,    4.157151e-01,    1.317657e+00,   -2.789367e+00,   -1.920303e+00,    5.306261e-01,   -2.418269e-01,    3.665000e-03,   -1.035000e-02,    6.198400e-02,   -8.095200e-02,   -7.764400e-02,    8.441200e-02,   -2.496500e-03,    9.598400e-03,    5.018800e-03,    5.018800e-03,    5.406800e-03,    5.406800e-03,    5.406800e-03,    5.406800e-03,    5.059000e-03,    5.059000e-03,
        23,    2.511800e+01,   -8.191879e-04,   -4.375368e-03,    5.369822e-02,   -3.779716e-02,   -4.289087e-02,    2.908656e-02,    3.595067e-03,   -4.528891e-03,    9.347373e-01,   -7.162060e-01,    1.725326e+00,   -3.872118e-01,   -1.106641e+00,    7.984518e-01,    6.853989e-01,    9.543437e-01,    2.346300e-03,   -6.800800e-03,    5.913800e-02,   -3.901800e-02,   -4.638000e-02,    3.160400e-02,    5.447700e-03,   -1.949300e-03,    3.386500e-03,    3.386500e-03,    3.152900e-03,    3.152900e-03,    3.152900e-03,    3.152900e-03,    2.703000e-03,    2.703000e-03,
        23,    3.981000e+01,    1.008085e-03,   -4.123440e-03,    5.932412e-02,   -5.028176e-02,   -4.517821e-02,    4.302835e-02,    5.308837e-03,   -4.243757e-03,    1.516352e+00,   -2.048622e-01,    7.809736e-01,    1.482681e-01,   -4.348331e-01,    6.957305e-02,    4.121269e-01,    7.027510e-01,    6.921100e-03,   -4.922300e-03,    6.210400e-02,   -4.975400e-02,   -4.672600e-02,    4.327600e-02,    6.605800e-03,   -2.032200e-03,    3.899500e-03,    3.899500e-03,    3.559500e-03,    3.559500e-03,    3.559500e-03,    3.559500e-03,    3.147000e-03,    3.147000e-03,
        23,    6.309500e+01,    2.169029e-03,   -2.995209e-03,    6.856651e-02,   -7.041641e-02,   -5.267313e-02,    6.570744e-02,    6.034345e-03,   -3.677387e-03,    1.739107e+00,    1.059561e+00,    1.562995e-02,   -7.476320e-01,    9.703174e-01,    4.043724e-01,    2.687393e-01,    3.548483e-01,    1.092300e-02,    2.338200e-03,    6.863800e-02,   -7.383600e-02,   -4.823500e-02,    6.755700e-02,    7.034700e-03,   -2.356500e-03,    5.033600e-03,    5.033600e-03,    4.573900e-03,    4.573900e-03,    4.573900e-03,    4.573900e-03,    3.722400e-03,    3.722400e-03,
        24,    2.511800e+01,    2.414496e-03,   -3.120963e-03,    5.042921e-02,   -4.815236e-02,   -4.858928e-02,    5.192921e-02,   -2.607567e-04,    1.305076e-03,   -1.199449e-02,   -5.765487e-01,    3.994206e-01,   -4.921216e-01,   -4.321240e-01,    7.892454e-01,   -5.264037e-01,    9.607962e-01,    2.378600e-03,   -4.846400e-03,    5.297500e-02,   -5.128900e-02,   -5.018900e-02,    5.485100e-02,   -1.654200e-03,    3.848400e-03,    2.992700e-03,    2.992700e-03,    6.373700e-03,    6.373700e-03,    3.702000e-03,    3.702000e-03,    2.647100e-03,    2.647100e-03,
        24,    3.981000e+01,    1.719702e-03,   -2.658778e-03,    6.052448e-02,   -6.249350e-02,   -6.181995e-02,    6.722326e-02,    4.077167e-04,    2.686848e-03,    7.130493e-01,   -8.183139e-02,    1.499179e-01,    7.433526e-02,    2.285379e-01,   -3.342816e-01,   -8.609046e-01,    5.368959e-01,    3.928800e-03,   -2.912300e-03,    6.118700e-02,   -6.216500e-02,   -6.081000e-02,    6.574600e-02,   -2.313000e-03,    4.383600e-03,    3.098100e-03,    3.098100e-03,    4.419200e-03,    4.419200e-03,    4.419200e-03,    4.419200e-03,    3.160300e-03,    3.160300e-03,
        24,    6.309500e+01,    1.889225e-03,   -3.869802e-03,    7.332540e-02,   -8.243233e-02,   -7.794557e-02,    8.632589e-02,   -2.643967e-04,    5.211734e-03,    9.947682e-01,    8.174905e-01,   -1.966905e-01,    6.625135e-01,    8.003923e-01,   -8.054272e-01,   -7.944136e-01,   -3.957845e-02,    5.544700e-03,   -8.657700e-04,    7.225800e-02,   -7.883700e-02,   -7.360200e-02,    8.195500e-02,   -3.344100e-03,    5.058300e-03,    3.674700e-03,    3.674700e-03,    5.426800e-03,    5.426800e-03,    5.426800e-03,    5.426800e-03,    3.876700e-03,    3.876700e-03,
        25,    2.511800e+01,    1.339472e-01,   -7.986583e-02,    1.170179e-01,   -1.707674e-01,   -2.928915e-01,    2.348155e-01,   -7.388113e-02,    9.069782e-02,   -1.019542e-01,    1.504485e-01,    1.365124e-01,   -4.092739e-01,   -6.012903e-01,    2.240938e-01,   -8.485832e-01,    7.313092e-02,    1.312000e-01,   -7.581200e-02,    1.189700e-01,   -1.766200e-01,   -3.014900e-01,    2.380200e-01,   -1.033100e-01,    9.323400e-02,    2.694500e-02,    2.694500e-02,    1.430000e-02,    1.430000e-02,    1.430000e-02,    1.430000e-02,    3.468000e-02,    3.468000e-02,
        25,    3.981000e+01,    1.641176e-01,   -8.345934e-02,    1.614294e-01,   -2.261220e-01,   -3.676407e-01,    2.789532e-01,   -1.050106e-01,    1.083480e-01,    2.727214e-01,    7.107650e-02,    2.054430e-01,   -2.214795e-01,   -1.933862e+00,   -4.740796e-01,   -7.229935e-01,   -8.998450e-02,    1.736500e-01,   -8.097500e-02,    1.652400e-01,   -2.302300e-01,   -4.035100e-01,    2.701600e-01,   -1.363300e-01,    1.044500e-01,    3.495300e-02,    3.495300e-02,    1.854800e-02,    1.854800e-02,    1.854800e-02,    1.854800e-02,    4.331900e-02,    4.331900e-02,
        27,    2.511800e+01,    1.954648e-03,    1.653870e-03,    6.483540e-02,   -4.707915e-02,   -4.665542e-02,    4.010639e-02,    3.233446e-04,   -3.246752e-03,   -1.597110e+00,    1.236836e+00,    2.152099e+00,    7.547639e-02,   -2.172353e+00,   -1.385415e+00,   -1.107517e+00,    2.641210e+00,   -4.241500e-03,    6.452300e-03,    7.290900e-02,   -4.679600e-02,   -5.480500e-02,    3.490900e-02,   -2.158600e-03,    2.672200e-03,    3.879600e-03,    3.879600e-03,    3.751500e-03,    3.751500e-03,    3.751500e-03,    3.751500e-03,    2.241000e-03,    2.241000e-03,
        27,    3.981000e+01,    7.551238e-04,    1.139488e-03,    7.188165e-02,   -6.217957e-02,   -5.131013e-02,    5.817507e-02,    1.957105e-03,   -2.575108e-03,   -1.531600e+00,   -8.161919e-01,    1.639489e+00,    2.113819e-01,   -8.102668e-01,   -1.221098e-01,   -2.461870e+00,    3.435041e-01,   -3.935400e-03,   -1.360100e-03,    7.920000e-02,   -6.123600e-02,   -5.492700e-02,    5.763000e-02,   -6.597400e-03,   -1.381500e-03,    3.062500e-03,    3.062500e-03,    4.463800e-03,    4.463800e-03,    4.463800e-03,    4.463800e-03,    3.474800e-03,    3.474800e-03,
        27,    6.309500e+01,    5.255827e-04,   -1.509525e-04,    8.217370e-02,   -8.684524e-02,   -6.205997e-02,    8.639020e-02,    2.546914e-03,   -1.247603e-03,   -3.011618e-01,   -1.828208e+00,    9.594596e-01,    1.780302e-01,    4.541234e-01,    8.928443e-01,   -1.847384e+00,   -1.472567e+00,   -1.027900e-03,   -9.581400e-03,    8.772600e-02,   -8.581500e-02,   -5.943200e-02,    9.155700e-02,   -7.386100e-03,   -9.165300e-03,    5.158300e-03,    5.158300e-03,    5.786900e-03,    5.786900e-03,    5.786900e-03,    5.786900e-03,    5.376800e-03,    5.376800e-03,
        28,    2.511800e+01,    2.038105e-02,   -3.112598e-02,    6.353365e-02,   -5.684339e-02,   -5.206527e-02,    4.530057e-02,   -1.106987e-02,    1.778842e-02,   -8.632566e-01,   -2.724221e-02,   -6.670953e-01,   -3.559901e-01,   -6.374487e-01,    4.615782e-01,   -1.792310e-01,    1.830366e-01,    1.350400e-02,   -3.134300e-02,    5.578200e-02,   -6.098000e-02,   -5.691600e-02,    4.881300e-02,   -1.217400e-02,    1.891600e-02,    7.966400e-03,    7.966400e-03,    1.162000e-02,    1.162000e-02,    7.609600e-03,    7.609600e-03,    6.160400e-03,    6.160400e-03,
        28,    3.981000e+01,    2.927501e-02,   -3.963647e-02,    7.660685e-02,   -6.776136e-02,   -6.163012e-02,    5.907284e-02,   -1.627120e-02,    2.276688e-02,   -6.662046e-01,   -3.353271e-01,   -3.443885e-01,   -7.737817e-01,   -7.398414e-01,    2.714481e-01,   -1.890125e-01,    1.659783e-01,    2.208000e-02,   -4.325800e-02,    7.148200e-02,   -7.927600e-02,   -6.879600e-02,    6.170200e-02,   -1.776200e-02,    2.407600e-02,    1.080000e-02,    1.080000e-02,    1.488100e-02,    1.488100e-02,    9.685700e-03,    9.685700e-03,    7.887300e-03,    7.887300e-03,
        28,    6.309500e+01,    4.044667e-02,   -4.937241e-02,    9.037465e-02,   -8.457319e-02,   -7.464952e-02,    7.843358e-02,   -2.318320e-02,    2.831019e-02,   -3.076433e-01,   -5.421417e-01,    1.421345e-01,   -1.019544e+00,   -8.114654e-01,    7.634553e-02,   -2.626180e-01,    2.004126e-01,    3.596000e-02,   -5.727900e-02,    9.311500e-02,   -1.042300e-01,   -8.476200e-02,    7.938500e-02,   -2.586400e-02,    3.035600e-02,    1.458400e-02,    1.458400e-02,    1.928000e-02,    1.928000e-02,    1.246200e-02,    1.246200e-02,    1.020800e-02,    1.020800e-02,
        29,    2.511800e+01,    2.967091e-01,   -1.234240e-01,    2.308681e-01,   -1.725708e-01,   -4.976767e-01,    2.705754e-01,   -2.377589e-01,    1.086415e-01,    4.698627e-01,    2.533807e-01,   -4.225199e-01,    2.348814e-01,   -6.345841e-01,   -5.620840e-01,   -9.458277e-02,   -1.662336e-01,    3.183200e-01,   -1.117700e-01,    2.224300e-01,   -1.678800e-01,   -5.103500e-01,    2.593500e-01,   -2.432600e-01,    9.897300e-02,    4.599400e-02,    4.599400e-02,    1.997100e-02,    1.997100e-02,    1.997100e-02,    1.997100e-02,    5.816200e-02,    5.816200e-02,
        29,    3.981000e+01,    3.284543e-01,   -1.292881e-01,    2.780702e-01,   -1.930223e-01,   -5.659902e-01,    3.087770e-01,   -2.763836e-01,    9.193768e-02,    3.064936e-01,    3.660134e-01,   -4.067004e-01,   -2.267986e-01,   -9.853076e-02,   -4.968868e-01,    1.350455e-02,   -2.118816e-02,    3.444300e-01,   -1.102100e-01,    2.686600e-01,   -1.982700e-01,   -5.682700e-01,    2.972800e-01,   -2.755100e-01,    9.056700e-02,    5.212400e-02,    5.212400e-02,    2.313800e-02,    2.313800e-02,    2.313800e-02,    2.313800e-02,    6.469100e-02,    6.469100e-02,
        29,    6.309500e+01,    3.605131e-01,   -1.408441e-01,    3.237054e-01,   -2.213499e-01,   -6.425984e-01,    3.627246e-01,   -3.035858e-01,    6.864341e-02,    2.411499e-01,    3.416862e-01,    1.037031e-01,   -7.017883e-01,   -2.556172e-01,   -1.532838e-01,   -1.258418e-01,    1.347519e-02,    3.749700e-01,   -1.203600e-01,    3.265500e-01,   -2.406000e-01,   -6.496100e-01,    3.585200e-01,   -3.127900e-01,    6.962900e-02,    5.995000e-02,    5.995000e-02,    2.743000e-02,    2.743000e-02,    2.743000e-02,    2.743000e-02,    7.314100e-02,    7.314100e-02,
        30,    2.511800e+01,    6.502407e-01,   -2.095216e-01,    5.093913e-01,   -3.275095e-01,   -1.126715e+00,    4.692529e-01,   -7.117220e-01,    3.471072e-01,    4.040934e-02,    9.414932e-02,   -2.110321e-01,    2.497002e-01,    1.068513e+00,    1.683987e-01,    1.645137e-01,   -2.990896e-01,    6.541000e-01,   -2.005300e-01,    5.005600e-01,   -3.170600e-01,   -1.082000e+00,    4.763000e-01,   -6.884400e-01,    3.047800e-01,    9.550400e-02,    9.550400e-02,    4.184800e-02,    4.184800e-02,    4.184800e-02,    4.184800e-02,    1.415200e-01,    1.415200e-01,
        30,    3.981000e+01,    7.071071e-01,   -1.920442e-01,    6.047671e-01,   -3.512394e-01,   -1.246661e+00,    4.893328e-01,   -8.270555e-01,    3.207463e-01,   -4.441541e-02,    6.203229e-02,   -4.348686e-01,   -2.227716e-01,    1.100256e+00,    3.978141e-01,    4.747368e-01,    1.378781e-02,    7.024000e-01,   -1.854700e-01,    5.842300e-01,   -3.617600e-01,   -1.194700e+00,    5.081200e-01,   -7.535900e-01,    3.228800e-01,    1.059800e-01,    1.059800e-01,    4.722600e-02,    4.722600e-02,    4.722600e-02,    4.722600e-02,    1.547500e-01,    1.547500e-01,
        30,    6.309500e+01,    7.551918e-01,   -1.780280e-01,    6.964849e-01,   -3.824236e-01,   -1.365330e+00,    5.320014e-01,   -9.196698e-01,    2.822166e-01,   -5.382826e-03,   -2.878432e-02,    6.116958e-02,   -6.173219e-01,    4.218309e-01,    3.848299e-01,    1.175825e-01,    1.364526e-01,    7.545500e-01,   -1.814600e-01,    6.998100e-01,   -4.159800e-01,   -1.342400e+00,    5.529200e-01,   -8.989600e-01,    3.062500e-01,    1.192300e-01,    1.192300e-01,    5.435800e-02,    5.435800e-02,    5.435800e-02,    5.435800e-02,    1.761300e-01,    1.761300e-01,
        31,    2.511800e+01,    5.245840e-03,    9.238671e-03,    1.061904e-01,   -1.728349e-01,   -1.708168e-01,    1.222502e-01,    1.447502e-02,   -9.447021e-03,   -1.255383e-01,   -1.693322e+00,   -1.620426e-01,   -1.252175e+00,    6.621747e-01,   -4.503537e-01,    1.294837e-01,    2.234452e-01,    4.644700e-03,    1.130200e-03,    1.045100e-01,   -1.858200e-01,   -1.639500e-01,    1.175800e-01,    1.562300e-02,   -7.466000e-03,    4.788500e-03,    4.788500e-03,    1.037000e-02,    1.037000e-02,    1.037000e-02,    1.037000e-02,    8.865800e-03,    8.865800e-03,
        31,    3.981000e+01,    4.301947e-03,    1.548403e-02,    1.529683e-01,   -2.342267e-01,   -2.053806e-01,    1.437713e-01,    1.633160e-02,   -9.538611e-03,    6.706967e-01,   -1.164914e+00,   -1.388888e-01,   -6.323601e-01,    9.723939e-01,   -4.033257e-01,   -2.906369e-01,   -3.112703e-01,    1.005800e-02,    5.486500e-03,    1.511600e-01,   -2.424600e-01,   -1.927200e-01,    1.385200e-01,    1.344700e-02,   -1.262800e-02,    8.582200e-03,    8.582200e-03,    1.302000e-02,    1.302000e-02,    1.302000e-02,    1.302000e-02,    9.925100e-03,    9.925100e-03,
        31,    6.309500e+01,    6.975310e-04,    2.494172e-02,    2.245275e-01,   -3.057625e-01,   -2.456046e-01,    1.685464e-01,    1.754702e-02,   -1.244784e-02,    1.288615e+00,   -2.542640e-01,    1.093758e+00,   -1.399275e+00,    1.508904e-01,    5.720218e-01,   -9.981561e-01,   -1.043439e+00,    2.229600e-02,    2.068000e-02,    2.437700e-01,   -3.303800e-01,   -2.429500e-01,    1.786100e-01,    4.077900e-03,   -2.652800e-02,    1.676100e-02,    1.676100e-02,    1.759300e-02,    1.759300e-02,    1.759300e-02,    1.759300e-02,    1.349400e-02,    1.349400e-02,
        32,    3.981000e+01,   -5.791479e-03,   -1.548419e-03,    5.028336e-02,   -5.168204e-02,   -6.170146e-02,    5.960495e-02,    1.021289e-02,   -1.970567e-03,   -3.174981e-02,   -7.783528e-01,   -1.115266e+00,   -2.138616e-01,    4.301782e-01,    7.033983e-01,   -4.370162e-01,    1.414726e-01,   -5.898400e-03,   -4.169600e-03,    4.595000e-02,   -5.251300e-02,   -6.003000e-02,    6.233800e-02,    8.430300e-03,   -1.393500e-03,    3.367600e-03,    3.367600e-03,    3.885500e-03,    3.885500e-03,    3.885500e-03,    3.885500e-03,    4.079000e-03,    4.079000e-03,
        32,    6.309500e+01,   -5.375394e-03,   -1.993431e-03,    6.241283e-02,   -6.466705e-02,   -7.681407e-02,    7.765551e-02,    9.702299e-03,   -1.758963e-03,    2.717747e-01,   -4.720948e-01,   -6.295728e-01,   -8.629231e-01,   -4.318459e-01,    8.355095e-01,   -4.758407e-01,    3.935133e-02,   -4.445000e-03,   -3.609600e-03,    5.921000e-02,   -6.905700e-02,   -7.901100e-02,    8.190600e-02,    7.583000e-03,   -1.583700e-03,    3.423400e-03,    3.423400e-03,    5.087300e-03,    5.087300e-03,    5.087300e-03,    5.087300e-03,    4.453800e-03,    4.453800e-03,
        33,    2.511800e+01,    1.126665e-02,    3.131363e-03,    8.373213e-02,   -1.447046e-01,   -1.961555e-01,    1.623647e-01,   -1.802952e-02,   -3.323906e-03,    5.845496e-01,   -8.052674e-01,    1.223255e+00,   -2.513471e+00,   -9.353847e-01,   -1.702017e+00,   -2.650950e-01,   -4.825611e-01,    1.632300e-02,   -3.834200e-03,    9.739100e-02,   -1.727700e-01,   -2.066000e-01,    1.433600e-01,   -2.104100e-02,   -8.805800e-03,    8.650000e-03,    8.650000e-03,    1.116600e-02,    1.116600e-02,    1.116600e-02,    1.116600e-02,    1.136000e-02,    1.136000e-02,
        33,    3.981000e+01,    9.190229e-03,    4.909389e-03,    1.189231e-01,   -1.998598e-01,   -2.411013e-01,    1.996895e-01,   -1.622504e-02,   -1.162912e-02,    1.629898e+00,   -5.261421e-01,    8.763261e-01,   -2.142520e+00,   -1.090009e+00,   -1.880071e+00,   -1.950907e-01,    2.900612e-02,    3.161600e-02,   -2.329800e-03,    1.314800e-01,   -2.305600e-01,   -2.567200e-01,    1.727500e-01,   -1.862700e-02,   -1.127200e-02,    1.375900e-02,    1.375900e-02,    1.432900e-02,    1.432900e-02,    1.432900e-02,    1.432900e-02,    1.231200e-02,    1.231200e-02,
        33,    6.309500e+01,    6.392287e-03,    5.879444e-03,    1.742816e-01,   -2.686962e-01,   -2.984102e-01,    2.439797e-01,   -9.259368e-03,   -1.948477e-02,    2.257639e+00,   -2.218339e-01,    2.906210e-01,   -2.262801e+00,   -1.448179e+00,   -1.565205e+00,    1.162848e-01,    4.111936e-01,    5.322700e-02,    1.277500e-03,    1.797200e-01,   -3.110400e-01,   -3.255100e-01,    2.146900e-01,   -7.859300e-03,   -1.453400e-02,    2.074500e-02,    2.074500e-02,    1.871300e-02,    1.871300e-02,    1.871300e-02,    1.871300e-02,    1.204000e-02,    1.204000e-02,
        34,    2.511800e+01,   -1.619715e-02,   -5.699463e-03,    6.012012e-02,   -3.367355e-02,   -5.697841e-02,    4.039208e-02,    6.181207e-03,   -1.512579e-03,   -2.353121e-01,   -1.213813e+00,    1.213535e+00,    4.727427e-01,   -4.226456e-01,   -2.134281e+00,    8.047560e-01,   -3.297686e+00,   -1.759500e-02,   -1.291000e-02,    6.433400e-02,   -3.203200e-02,   -5.844600e-02,    3.298100e-02,    1.103300e-02,   -2.139400e-02,    5.940400e-03,    5.940400e-03,    3.472400e-03,    3.472400e-03,    3.472400e-03,    3.472400e-03,    6.028900e-03,    6.028900e-03,
        34,    3.981000e+01,   -1.327086e-02,   -9.177159e-03,    6.722803e-02,   -3.914880e-02,   -6.644134e-02,    4.969520e-02,    6.631590e-03,    4.075932e-04,   -8.051315e-01,   -1.227906e+00,   -1.153491e-01,    1.468767e+00,   -1.245957e+00,   -2.214248e+00,    1.185058e+00,   -2.296406e+00,   -1.851500e-02,   -1.717500e-02,    6.677600e-02,   -3.339300e-02,   -7.132400e-02,    4.101800e-02,    1.366100e-02,   -1.321400e-02,    6.513400e-03,    6.513400e-03,    3.918800e-03,    3.918800e-03,    3.918800e-03,    3.918800e-03,    5.931700e-03,    5.931700e-03,
        34,    6.309500e+01,   -8.142350e-03,   -1.099806e-02,    7.430059e-02,   -4.817868e-02,   -7.673910e-02,    6.226919e-02,    5.876854e-03,    2.108490e-03,   -1.888230e+00,    7.055954e-01,   -1.657601e-01,    2.165292e+00,   -8.312232e-01,   -1.390699e+00,    8.807263e-01,   -1.489233e+00,   -1.997400e-02,   -6.576800e-03,    7.355300e-02,   -3.841300e-02,   -8.048800e-02,    5.599700e-02,    1.035200e-02,   -5.458600e-03,    6.266000e-03,    6.266000e-03,    4.510100e-03,    4.510100e-03,    4.510100e-03,    4.510100e-03,    5.081200e-03,    5.081200e-03,
        35,    2.511800e+01,   -3.679546e-04,   -5.499658e-03,    4.954318e-02,   -5.669247e-02,   -4.916331e-02,    5.352394e-02,    5.534707e-03,    1.292596e-03,    1.828308e-01,   -5.885782e-01,   -6.027677e-01,    4.336676e-01,   -2.562958e-01,   -2.131773e-01,   -4.684282e-01,    6.313119e-01,    2.755000e-04,   -7.571100e-03,    4.735200e-02,   -5.511600e-02,   -5.009500e-02,    5.274900e-02,    4.166100e-03,    3.137100e-03,    3.519400e-03,    3.519400e-03,    3.635200e-03,    3.635200e-03,    3.635200e-03,    3.635200e-03,    2.921700e-03,    2.921700e-03,
        35,    6.309500e+01,    3.372784e-03,   -9.606209e-03,    8.025603e-02,   -1.002601e-01,   -7.632576e-02,    8.926292e-02,    4.551899e-03,   -3.604519e-04,    4.761801e-01,   -2.750745e-01,    7.952987e-02,   -1.137377e+00,    6.395152e-01,   -7.807736e-01,    8.001597e-01,   -4.309716e-01,    6.355100e-03,   -1.132900e-02,    8.074200e-02,   -1.072100e-01,   -7.241800e-02,    8.449200e-02,    8.263600e-03,   -2.359600e-03,    6.263000e-03,    6.263000e-03,    6.110500e-03,    6.110500e-03,    6.110500e-03,    6.110500e-03,    4.638700e-03,    4.638700e-03,
        36,    2.511800e+01,    1.021170e-02,    5.649269e-03,    8.646476e-02,   -1.317306e-01,   -3.390005e-01,    1.921572e-01,    6.674322e-04,   -5.745641e-02,    1.094732e+00,   -1.219633e+00,   -4.210662e-01,   -7.356337e-01,   -2.731055e+00,   -6.777343e-02,   -1.044636e+00,    5.555946e-01,    1.963800e-02,   -4.852500e-03,    8.095300e-02,   -1.413600e-01,   -3.747500e-01,    1.912700e-01,   -2.216100e-02,   -4.531500e-02,    8.610600e-03,    8.610600e-03,    1.309000e-02,    1.309000e-02,    1.309000e-02,    1.309000e-02,    2.185300e-02,    2.185300e-02,
        36,    3.981000e+01,    7.443003e-03,    6.042562e-03,    1.152871e-01,   -1.821031e-01,   -3.797634e-01,    2.403470e-01,    2.501650e-02,   -6.792870e-02,    1.885069e+00,   -1.188051e+00,   -3.588856e-01,   -6.431526e-01,   -2.277151e+00,   -1.025707e+00,   -8.776497e-01,    6.062542e-02,    3.157000e-02,   -9.163300e-03,    1.094800e-01,   -1.925100e-01,   -4.166100e-01,    2.237500e-01,    1.699100e-03,   -6.631800e-02,    1.279900e-02,    1.279900e-02,    1.618100e-02,    1.618100e-02,    1.618100e-02,    1.618100e-02,    2.656800e-02,    2.656800e-02,
        36,    6.309500e+01,    4.390091e-03,    6.032064e-03,    1.602860e-01,   -2.482157e-01,   -4.374794e-01,    3.093816e-01,    4.881879e-02,   -7.316459e-02,    2.426851e+00,   -7.777103e-01,    5.596398e-02,   -1.112281e+00,   -1.540006e+00,   -1.282351e+00,   -3.861073e-01,   -6.405560e-01,    5.087400e-02,   -8.864200e-03,    1.614500e-01,   -2.713500e-01,   -4.695100e-01,    2.827100e-01,    3.511700e-02,   -9.589600e-02,    1.915400e-02,    1.915400e-02,    2.079900e-02,    2.079900e-02,    2.079900e-02,    2.079900e-02,    3.548700e-02,    3.548700e-02,
        37,    2.511800e+01,    4.566108e-02,   -1.393334e-02,    1.377145e-01,   -1.951858e-01,   -2.011194e-01,    1.949184e-01,   -1.602260e-02,   -1.480514e-02,   -2.126294e-01,   -3.680790e-01,    2.278862e-01,   -2.568318e-02,    4.068473e-02,    1.645774e-01,   -3.536864e-02,   -9.210835e-01,    4.227900e-02,   -1.978800e-02,    1.406800e-01,   -1.955200e-01,   -2.005900e-01,    1.970600e-01,   -1.653000e-02,   -2.801900e-02,    1.590600e-02,    1.590600e-02,    1.301300e-02,    1.301300e-02,    1.301300e-02,    1.301300e-02,    1.434600e-02,    1.434600e-02,
        37,    3.981000e+01,    4.834573e-02,   -1.287884e-02,    1.856444e-01,   -2.585296e-01,   -2.458110e-01,    2.504560e-01,   -1.331933e-02,   -2.813033e-02,    1.862453e-01,   -5.492839e-01,   -1.358271e-01,    5.821614e-01,   -3.866926e-02,    1.581943e-01,   -3.180405e-01,   -6.985986e-01,    5.206300e-02,   -2.384200e-02,    1.834000e-01,   -2.489100e-01,   -2.464500e-01,    2.530700e-01,   -1.938500e-02,   -4.145400e-02,    1.995900e-02,    1.995900e-02,    1.652400e-02,    1.652400e-02,    1.652400e-02,    1.652400e-02,    1.907200e-02,    1.907200e-02,
        38,    2.511800e+01,   -5.608932e-03,   -7.260428e-03,    6.282802e-02,   -4.096502e-02,   -3.846046e-02,    4.765625e-02,    6.237181e-03,    7.834780e-04,   -3.952392e+00,   -5.154210e-01,   -6.330644e-01,   -9.825245e-02,    6.580465e-01,   -1.354959e+00,   -1.384658e+00,   -5.819287e-01,   -3.738300e-02,   -1.140400e-02,    6.080500e-02,   -4.127900e-02,   -3.591500e-02,    4.241500e-02,    3.379800e-03,   -4.173900e-04,    8.039200e-03,    8.039200e-03,    3.195600e-03,    3.195600e-03,    3.868200e-03,    3.868200e-03,    2.063600e-03,    2.063600e-03,
        38,    3.981000e+01,   -1.874979e-03,   -8.817173e-03,    7.037865e-02,   -5.132460e-02,   -4.771900e-02,    6.451471e-02,    5.001894e-03,    2.357779e-03,   -3.816857e+00,   -8.129601e-01,    2.852421e-01,    4.362842e-01,    1.140378e+00,   -6.918156e-01,   -9.455415e-01,   -1.851242e+00,   -3.497400e-02,   -1.586700e-02,    7.153300e-02,   -4.955900e-02,   -4.310400e-02,    6.171500e-02,    2.718600e-03,   -2.112600e-03,    8.671800e-03,    8.671800e-03,    4.046900e-03,    4.046900e-03,    4.046900e-03,    4.046900e-03,    2.414800e-03,    2.414800e-03,
        38,    6.309500e+01,    2.903551e-03,   -7.597671e-03,    7.921647e-02,   -6.763996e-02,   -5.995930e-02,    8.884230e-02,    3.021797e-03,    2.448804e-03,   -3.352267e+00,   -1.495244e+00,    7.819509e-01,    1.394192e+00,    4.150230e-01,    1.138766e+00,   -4.702315e-01,   -2.082096e+00,   -2.682100e-02,   -2.085600e-02,    8.339600e-02,   -6.018800e-02,   -5.774100e-02,    9.492900e-02,    1.312600e-03,   -5.119200e-03,    8.867000e-03,    8.867000e-03,    5.345000e-03,    5.345000e-03,    5.345000e-03,    5.345000e-03,    3.634800e-03,    3.634800e-03,
        39,    2.511800e+01,   -1.146357e-02,   -8.066981e-03,    6.411636e-02,   -5.506799e-02,   -6.258100e-02,    4.494451e-02,    1.057567e-03,    6.282054e-03,   -9.423646e-01,    1.759847e-01,   -5.215989e-01,    1.602006e-01,   -1.195675e+00,    3.210119e-01,   -3.384975e-01,   -8.032591e-01,   -1.696500e-02,   -7.039600e-03,    6.197400e-02,   -5.441000e-02,   -6.749200e-02,    4.626300e-02,    1.296100e-04,    4.080000e-03,    5.837900e-03,    5.837900e-03,    4.107300e-03,    4.107300e-03,    4.107300e-03,    4.107300e-03,    2.741400e-03,    2.741400e-03,
        39,    3.981000e+01,   -7.409346e-03,   -1.158354e-02,    7.785843e-02,   -6.524868e-02,   -7.264184e-02,    5.662626e-02,   -1.840456e-03,    7.734799e-03,   -1.145251e+00,    1.649217e-01,   -1.389440e+00,    4.089128e-01,   -4.808893e-01,   -2.086798e-01,    4.030214e-01,   -4.234544e-01,   -1.451700e-02,   -1.056000e-02,    7.130500e-02,   -6.332000e-02,   -7.491000e-02,    5.564200e-02,   -3.843800e-04,    6.204900e-03,    6.206200e-03,    6.206200e-03,    4.716600e-03,    4.716600e-03,    4.716600e-03,    4.716600e-03,    3.612900e-03,    3.612900e-03,
        39,    6.309500e+01,   -1.675615e-03,   -1.340264e-02,    9.306213e-02,   -7.958481e-02,   -8.541531e-02,    7.258893e-02,   -5.102407e-03,    8.050209e-03,   -1.075507e+00,   -3.199989e-01,   -1.113745e+00,   -2.045551e-01,   -4.874036e-01,    1.293822e-01,    4.291997e-01,    3.852932e-01,   -9.144900e-03,   -1.562500e-02,    8.657100e-02,   -8.077700e-02,   -8.825600e-02,    7.334300e-02,   -2.872500e-03,    1.005200e-02,    6.944900e-03,    6.944900e-03,    5.828200e-03,    5.828200e-03,    5.828200e-03,    5.828200e-03,    5.195500e-03,    5.195500e-03,
        40,    2.511800e+01,    1.522836e-03,   -1.510526e-02,    7.010440e-02,   -5.555841e-02,   -4.385919e-02,    4.124533e-02,    1.908067e-03,    5.571557e-03,    6.239799e-01,   -9.939366e-01,   -8.223232e-01,    3.923749e-01,    3.138617e-01,    3.648036e-02,    2.618034e-01,    2.890837e-01,    5.635300e-03,   -2.165600e-02,    6.715900e-02,   -5.415300e-02,   -4.273500e-02,    4.137600e-02,    2.709500e-03,    6.456500e-03,    6.590700e-03,    6.590700e-03,    3.581800e-03,    3.581800e-03,    3.581800e-03,    3.581800e-03,    3.061200e-03,    3.061200e-03,
        40,    3.981000e+01,    9.023288e-03,   -1.439409e-02,    8.374192e-02,   -6.607151e-02,   -5.407783e-02,    5.356127e-02,   -1.125556e-03,    5.862161e-03,    1.729416e+00,   -2.413790e-01,    1.380902e+00,    2.898240e-01,    1.502752e-02,   -1.269031e-01,    1.684050e+00,    1.103047e-01,    2.369600e-02,   -1.644200e-02,    9.006700e-02,   -6.474400e-02,   -5.400900e-02,    5.298000e-02,    5.128500e-03,    6.271800e-03,    8.484200e-03,    8.484200e-03,    4.580400e-03,    4.580400e-03,    4.580400e-03,    4.580400e-03,    3.713700e-03,    3.713700e-03,
        41,    2.511800e+01,    3.143440e-02,   -4.657556e-03,    4.760903e-02,   -4.996273e-02,   -6.640815e-02,    4.131999e-02,   -2.353415e-02,    5.532953e-03,   -1.024977e-01,    6.586755e-01,   -6.091762e-01,    6.441854e-01,   -7.094678e-01,    2.555137e-01,    2.221269e-05,    1.633984e-01,    3.074300e-02,   -2.144600e-04,    4.538700e-02,   -4.761300e-02,   -6.899600e-02,    4.225200e-02,   -2.353400e-02,    6.623000e-03,    6.745500e-03,    6.745500e-03,    3.647600e-03,    3.647600e-03,    3.647600e-03,    3.647600e-03,    6.671100e-03,    6.671100e-03,
        41,    3.981000e+01,    3.004209e-02,   -4.753257e-03,    5.813827e-02,   -6.319897e-02,   -7.124439e-02,    5.495231e-02,   -2.375305e-02,    3.983777e-03,   -4.949008e-01,    3.073061e-01,   -8.498720e-01,   -1.975040e-01,   -1.107849e-01,   -4.558141e-01,   -8.302536e-02,    5.067549e-01,    2.652800e-02,   -2.571200e-03,    5.445900e-02,   -6.405400e-02,   -7.172400e-02,    5.297900e-02,   -2.434700e-02,    7.609000e-03,    7.100600e-03,    7.100600e-03,    4.329200e-03,    4.329200e-03,    4.329200e-03,    4.329200e-03,    7.153800e-03,    7.153800e-03,
        41,    6.309500e+01,    2.825441e-02,   -8.065761e-03,    6.969724e-02,   -8.247599e-02,   -7.856400e-02,    7.794720e-02,   -2.250676e-02,    3.897479e-03,   -4.575832e-01,   -2.243318e-01,   -3.255099e-01,   -8.320505e-01,    1.583404e-01,    6.483883e-01,   -4.453392e-01,    6.239852e-01,    2.454400e-02,   -9.884800e-03,    6.788200e-02,   -8.711600e-02,   -7.768100e-02,    8.156300e-02,   -2.624400e-02,    9.133900e-03,    8.108700e-03,    8.108700e-03,    5.576600e-03,    5.576600e-03,    5.576600e-03,    5.576600e-03,    8.391900e-03,    8.391900e-03,
        42,    2.511800e+01,   -1.427134e-02,   -1.130758e-02,    6.073758e-02,   -5.294557e-02,   -6.556116e-02,    5.209661e-02,    9.598651e-03,    1.989479e-03,    2.852199e-01,    1.497000e-01,    3.119371e-01,    1.021009e-01,    6.108075e-01,   -7.294993e-01,    9.858254e-02,    4.179264e-01,   -1.270600e-02,   -1.048600e-02,    6.199500e-02,   -5.253400e-02,   -6.309900e-02,    4.915600e-02,    1.003200e-02,    3.826600e-03,    5.488200e-03,    5.488200e-03,    4.031000e-03,    4.031000e-03,    4.031000e-03,    4.031000e-03,    4.395800e-03,    4.395800e-03,
        42,    3.981000e+01,   -9.372702e-03,   -1.724387e-02,    7.378700e-02,   -6.449032e-02,   -7.737573e-02,    6.495583e-02,    1.006808e-02,    8.967921e-03,    3.286329e-02,    9.698993e-02,    5.250225e-02,    1.073186e-01,    7.227224e-01,   -1.204969e-01,   -1.323710e-01,    3.033481e-01,   -9.160300e-03,   -1.661700e-02,    7.404400e-02,   -6.396500e-02,   -7.383800e-02,    6.436600e-02,    9.328400e-03,    1.066300e-02,    6.463200e-03,    6.463200e-03,    4.895000e-03,    4.895000e-03,    4.895000e-03,    4.895000e-03,    5.587900e-03,    5.587900e-03,
        42,    6.309500e+01,   -2.761499e-03,   -2.201602e-02,    8.908911e-02,   -7.998836e-02,   -9.233490e-02,    8.274699e-02,    6.036435e-03,    1.737454e-02,   -4.993558e-02,   -2.205131e-01,   -5.222769e-02,   -1.825960e-01,    5.197950e-01,    6.059040e-01,   -1.281464e-01,    3.531969e-01,   -3.163900e-03,   -2.379300e-02,    8.877000e-02,   -8.110400e-02,   -8.915900e-02,    8.644900e-02,    5.062100e-03,    2.006000e-02,    8.058400e-03,    8.058400e-03,    6.109900e-03,    6.109900e-03,    6.109900e-03,    6.109900e-03,    7.603300e-03,    7.603300e-03,
        43,    2.511800e+01,    1.756794e-03,    2.179711e-03,    6.983892e-02,   -5.902780e-02,   -5.882347e-02,    7.064282e-02,    1.544334e-02,   -1.216118e-02,   -2.390063e-01,    1.894098e+00,    1.035981e+00,   -2.284562e-01,    3.913640e-02,    1.282482e+00,    9.549972e-01,    6.036911e-01,    5.540900e-04,    1.171100e-02,    7.482800e-02,   -6.012800e-02,   -5.863500e-02,    7.681900e-02,    2.228800e-02,   -7.834400e-03,    5.032100e-03,    5.032100e-03,    4.815800e-03,    4.815800e-03,    4.815800e-03,    4.815800e-03,    7.167200e-03,    7.167200e-03,
        43,    3.981000e+01,   -6.791183e-04,    6.622006e-03,    8.323099e-02,   -7.541907e-02,   -7.715488e-02,    9.491141e-02,    1.909188e-02,   -1.470539e-02,   -2.189752e-02,    7.159853e-01,    1.526794e+00,    6.425681e-02,   -5.641109e-01,    6.221039e-01,    7.661551e-01,    1.060261e+00,   -7.950000e-04,    1.041100e-02,    9.264200e-02,   -7.502300e-02,   -8.063200e-02,    9.874600e-02,    2.575000e-02,   -5.491400e-03,    5.292000e-03,    5.292000e-03,    6.163900e-03,    6.163900e-03,    6.163900e-03,    6.163900e-03,    8.690300e-03,    8.690300e-03,
        43,    6.309500e+01,   -3.774699e-03,    9.230183e-03,    1.006200e-01,   -9.712456e-02,   -1.015364e-01,    1.240002e-01,    2.240010e-02,   -1.745043e-02,    9.324616e-01,    2.116361e-01,    1.646276e+00,    3.582516e-01,   -6.184460e-01,    5.873829e-01,    1.036972e+00,    1.234721e+00,    1.767200e-03,    1.048800e-02,    1.135400e-01,   -9.431300e-02,   -1.063900e-01,    1.286100e-01,    3.417700e-02,   -3.427700e-03,    5.943300e-03,    5.943300e-03,    7.848000e-03,    7.848000e-03,    7.848000e-03,    7.848000e-03,    1.135700e-02,    1.135700e-02,
        44,    2.511800e+01,   -3.521236e-03,   -1.057429e-02,    7.017154e-02,   -6.926409e-02,   -6.855317e-02,    6.023317e-02,    1.985722e-03,    2.832048e-03,   -3.283470e-01,   -2.244914e-01,    7.120617e-01,   -7.390963e-01,   -1.032493e-01,    3.122683e-01,    3.880491e-01,    2.811619e-01,   -5.325700e-03,   -1.180800e-02,    7.366000e-02,   -7.288500e-02,   -6.905900e-02,    6.176300e-02,    3.230700e-03,    3.734100e-03,    5.495600e-03,    5.495600e-03,    4.899100e-03,    4.899100e-03,    4.899100e-03,    4.899100e-03,    3.208300e-03,    3.208300e-03,
        44,    3.981000e+01,    1.115864e-03,   -8.469220e-03,    8.669958e-02,   -9.035961e-02,   -8.233581e-02,    8.324485e-02,    7.058095e-04,    4.060944e-03,   -4.520096e-01,   -1.779146e-01,    4.389507e-01,    2.708930e-01,   -1.141272e-01,   -2.478157e-01,    2.212402e-01,    3.224444e-01,   -1.225500e-03,   -9.390800e-03,    8.935800e-02,   -8.871900e-02,   -8.302700e-02,    8.174400e-02,    1.546500e-03,    5.286200e-03,    5.179900e-03,    5.179900e-03,    6.056300e-03,    6.056300e-03,    6.056300e-03,    6.056300e-03,    3.799900e-03,    3.799900e-03,
        44,    6.309500e+01,    3.792215e-03,   -4.877652e-03,    1.104489e-01,   -1.172752e-01,   -1.047883e-01,    1.121161e-01,   -1.716276e-03,    4.488775e-03,   -2.001954e-02,   -2.884634e-01,    5.410320e-01,   -3.772505e-01,   -1.669250e-01,    5.562030e-01,   -2.728536e-01,    2.173267e-01,    3.687000e-03,   -6.393700e-03,    1.148300e-01,   -1.203300e-01,   -1.061400e-01,    1.166200e-01,   -3.004200e-03,    5.514600e-03,    5.255600e-03,    5.255600e-03,    8.097600e-03,    8.097600e-03,    8.097600e-03,    8.097600e-03,    4.720200e-03,    4.720200e-03,
        45,    2.511800e+01,   -5.342204e-03,    5.042859e-03,    4.631488e-02,   -6.885366e-02,   -5.859694e-02,    7.295161e-02,    6.526332e-03,   -8.555349e-03,   -4.276510e-01,   -2.640798e-01,   -2.657436e-01,    3.185729e-01,    3.324316e-01,    1.573453e-01,   -7.369693e-01,    7.781626e-01,   -6.983400e-03,    4.029400e-03,    4.515900e-02,   -6.746800e-02,   -5.715100e-02,    7.363600e-02,    3.751200e-03,   -5.625100e-03,    3.837700e-03,    3.837700e-03,    4.349600e-03,    4.349600e-03,    4.349600e-03,    4.349600e-03,    3.765600e-03,    3.765600e-03,
        45,    3.981000e+01,   -7.343861e-03,    5.263345e-03,    6.549254e-02,   -9.149155e-02,   -7.906356e-02,    9.173803e-02,    9.956221e-03,   -9.807899e-03,   -3.079951e-01,   -3.369898e-01,   -3.470499e-01,    1.282197e-01,    9.594130e-04,    8.104333e-02,   -9.040299e-01,    2.523364e-01,   -8.847000e-03,    3.618700e-03,    6.348000e-02,   -9.074800e-02,   -7.905800e-02,    9.220800e-02,    5.236100e-03,   -8.490400e-03,    4.880400e-03,    4.880400e-03,    5.799000e-03,    5.799000e-03,    5.799000e-03,    5.799000e-03,    5.221200e-03,    5.221200e-03,
        45,    6.309500e+01,   -9.450391e-03,    4.829842e-03,    9.125365e-02,   -1.174684e-01,   -1.043778e-01,    1.135049e-01,    1.376383e-02,   -1.025873e-02,   -1.594873e-01,   -3.309855e-01,    1.869605e-01,   -8.058259e-01,   -4.777793e-01,    3.351634e-01,   -8.791932e-01,   -1.110749e-01,   -1.042800e-02,    2.801000e-03,    9.271800e-02,   -1.237800e-01,   -1.081200e-01,    1.161300e-01,    7.674800e-03,   -1.102800e-02,    6.129700e-03,    6.129700e-03,    7.832400e-03,    7.832400e-03,    7.832400e-03,    7.832400e-03,    6.925700e-03,    6.925700e-03,
        46,    2.511800e+01,   -3.632018e-02,    1.499646e-03,    7.552043e-02,   -5.590675e-02,   -6.498716e-02,    4.474998e-02,    1.924132e-02,   -5.366547e-03,   -9.376116e-01,    1.007335e-01,   -8.170977e-01,   -1.229122e+00,   -6.526873e-01,   -5.526363e-01,   -9.321023e-01,   -8.837004e-01,   -4.555500e-02,    2.491800e-03,    7.196900e-02,   -6.124900e-02,   -6.782400e-02,    4.234800e-02,    1.402500e-02,   -1.031200e-02,    9.849300e-03,    9.849300e-03,    4.346400e-03,    4.346400e-03,    4.346400e-03,    4.346400e-03,    5.596300e-03,    5.596300e-03,
        46,    3.981000e+01,   -3.382116e-02,    2.104725e-03,    8.800778e-02,   -6.621001e-02,   -7.354897e-02,    5.883504e-02,    2.021668e-02,   -3.724203e-03,   -1.017834e+00,    1.066299e-01,   -1.058857e+00,   -1.972626e+00,   -7.801657e-01,   -7.157989e-01,   -7.982822e-01,   -1.418985e+00,   -4.465600e-02,    3.239800e-03,    8.253000e-02,   -7.641500e-02,   -7.758500e-02,    5.513200e-02,    1.501300e-02,   -1.297400e-02,    1.064500e-02,    1.064500e-02,    5.173300e-03,    5.173300e-03,    5.173300e-03,    5.173300e-03,    6.518600e-03,    6.518600e-03,
        46,    6.309500e+01,   -3.187813e-02,    5.948813e-03,    1.021898e-01,   -8.305833e-02,   -8.639817e-02,    7.956832e-02,    1.974479e-02,   -2.934180e-03,   -9.798057e-01,   -8.528167e-02,   -1.212149e+00,   -2.156160e+00,   -7.049191e-01,   -5.243382e-01,   -4.541224e-01,   -1.672974e+00,   -4.314100e-02,    4.968500e-03,    9.451400e-02,   -9.671200e-02,   -9.086200e-02,    7.624800e-02,    1.620600e-02,   -1.597100e-02,    1.149500e-02,    1.149500e-02,    6.332400e-03,    6.332400e-03,    6.332400e-03,    6.332400e-03,    7.792600e-03,    7.792600e-03,
        47,    2.511800e+01,    1.224478e-02,    1.789916e-02,    9.859103e-02,   -9.493995e-02,   -1.081278e-01,    6.342114e-02,   -1.790415e-02,   -7.892532e-03,   -7.547936e-01,    1.124592e+00,    1.112752e+00,   -1.181826e+00,   -1.630734e-01,   -1.596972e-01,    7.185348e-01,   -1.020962e+00,    4.776100e-03,    2.902700e-02,    1.061800e-01,   -1.030000e-01,   -1.092400e-01,    6.233200e-02,   -1.250300e-02,   -1.556700e-02,    9.895000e-03,    9.895000e-03,    6.820000e-03,    6.820000e-03,    6.820000e-03,    6.820000e-03,    7.516900e-03,    7.516900e-03,
        47,    3.981000e+01,    6.582128e-03,    2.534257e-02,    1.244339e-01,   -1.155584e-01,   -1.244404e-01,    7.217907e-02,   -1.743942e-02,   -1.830734e-02,   -5.826536e-01,    1.154663e+00,    8.335460e-01,    8.295016e-02,    1.313758e-03,    1.853190e-01,    9.893695e-01,   -3.314430e-01,   -6.940500e-04,    3.976200e-02,    1.310500e-01,   -1.149000e-01,   -1.244300e-01,    7.365000e-02,   -8.888300e-03,   -2.117200e-02,    1.248800e-02,    1.248800e-02,    7.937300e-03,    7.937300e-03,    7.937300e-03,    7.937300e-03,    8.643000e-03,    8.643000e-03,
        47,    6.309500e+01,   -1.860504e-03,    3.337242e-02,    1.569031e-01,   -1.418373e-01,   -1.424645e-01,    8.446088e-02,   -1.170785e-02,   -3.190629e-02,   -1.776823e-01,    1.535883e+00,    6.531452e-01,    1.550661e+00,   -5.409497e-01,    1.267580e+00,    5.770106e-01,    4.666877e-01,   -4.804700e-03,    5.882200e-02,    1.631400e-01,   -1.270300e-01,   -1.476300e-01,    9.656500e-02,   -5.667700e-03,   -2.702100e-02,    1.657000e-02,    1.657000e-02,    9.549000e-03,    9.549000e-03,    9.549000e-03,    9.549000e-03,    1.046800e-02,    1.046800e-02,
        48,    2.511800e+01,    9.113109e-04,    1.017770e-03,    7.500645e-02,   -6.439401e-02,   -7.679847e-02,    7.040486e-02,   -4.839784e-03,    9.012390e-03,   -3.205135e-01,   -2.480973e-01,    1.222071e-01,   -4.102278e-01,   -1.194822e+00,    5.338739e-01,   -3.127930e-02,   -2.346918e-01,    4.725600e-04,    6.781500e-04,    7.565200e-02,   -6.656100e-02,   -8.311000e-02,    7.322500e-02,   -4.990600e-03,    7.880800e-03,    1.368900e-03,    1.368900e-03,    5.282400e-03,    5.282400e-03,    5.282400e-03,    5.282400e-03,    4.821600e-03,    4.821600e-03,
        48,    3.981000e+01,   -1.437444e-04,   -1.022011e-03,    9.026008e-02,   -7.876005e-02,   -9.503480e-02,    8.634799e-02,   -7.676282e-03,    1.070602e-02,    5.516888e-02,   -5.508069e-01,   -7.437822e-01,   -1.773115e-01,   -4.626823e-01,   -6.979309e-02,    1.234290e-02,   -2.709340e-01,   -4.713300e-06,   -2.410100e-03,    8.566700e-02,   -7.985500e-02,   -9.789200e-02,    8.591700e-02,   -7.603500e-03,    9.108400e-03,    2.520100e-03,    2.520100e-03,    6.175300e-03,    6.175300e-03,    6.175300e-03,    6.175300e-03,    5.896700e-03,    5.896700e-03,
        48,    6.309500e+01,    1.050582e-03,   -3.718929e-03,    1.076035e-01,   -9.885633e-02,   -1.164692e-01,    1.068177e-01,   -1.127760e-02,    1.244030e-02,    8.091027e-02,    1.333262e-01,   -3.494680e-01,   -1.420628e-01,   -3.530615e-01,   -1.748617e-01,    1.478500e-01,   -1.471332e-01,    1.324900e-03,   -3.266900e-03,    1.049500e-01,   -9.993500e-02,   -1.191500e-01,    1.054900e-01,   -1.018500e-02,    1.135300e-02,    3.390400e-03,    3.390400e-03,    7.592900e-03,    7.592900e-03,    7.592900e-03,    7.592900e-03,    7.389900e-03,    7.389900e-03,
VTF,
     StaID,        Freq[Hz],     Re(Tzx)_Cal,     Im(Tzx)_Cal,     Re(Tzy)_Cal,     Im(Tzy)_Cal,     Re(Tzx)_Res,     Im(Tzx)_Res,     Re(Tzy)_Res,     Im(Tzy)_Res,     Re(Tzx)_Obs,     Im(Tzx)_Obs,     Re(Tzy)_Obs,     Im(Tzy)_Obs,      Re(Tzx)_SD,      Im(Tzx)_SD,      Re(Tzy)_SD,      Im(Tzy)_SD,
      1001,    2.511800e+01,    2.501584e-02,    1.798230e-02,    1.322206e-01,   -6.554982e-03,    8.160053e-01,   -3.510018e-03,   -5.403524e-01,   -2.289339e-01,    4.949600e-02,    1.787700e-02,    1.160100e-01,   -1.342300e-02,    3.000000e-02,    3.000000e-02,    3.000000e-02,    3.000000e-02,
      1001,    3.981000e+01,    3.650005e-02,   -4.008873e-03,    1.307461e-01,    2.047598e-02,    6.019651e-01,    5.159624e-01,   -4.688713e-01,   -6.870212e-01,    5.455900e-02,    1.147000e-02,    1.166800e-01,   -1.346600e-04,    3.000000e-02,    3.000000e-02,    3.000000e-02,    3.000000e-02,
      1001,    6.309500e+01,    5.219334e-02,   -5.820937e-03,    1.135365e-01,    4.223691e-02,    2.683552e-01,    5.422646e-01,    2.478181e-02,   -1.026064e+00,    6.024400e-02,    1.044700e-02,    1.142800e-01,    1.145500e-02,    3.000000e-02,    3.000000e-02,    3.000000e-02,    3.000000e-02,
      1002,    2.511800e+01,    7.453417e-02,   -1.057491e-02,   -1.070278e-01,    5.623556e-02,    6.655278e-01,    5.258371e-02,   -4.650724e-01,    8.764806e-02,    9.450000e-02,   -8.997400e-03,   -1.209800e-01,    5.886500e-02,    3.000000e-02,    3.000000e-02,    3.000000e-02,    3.000000e-02,
      1002,    3.981000e+01,    1.018452e-01,   -3.753701e-02,   -1.375599e-01,    6.796243e-02,    5.084946e-01,    5.537335e-01,   -5.873381e-01,   -3.818811e-01,    1.171000e-01,   -2.092500e-02,   -1.551800e-01,    5.650600e-02,    3.000000e-02,    3.000000e-02,    3.000000e-02,    3.000000e-02,
      1002,    6.309500e+01,    1.366228e-01,   -3.490840e-02,   -1.742146e-01,    6.045591e-02,    3.865718e-01,    4.707467e-01,   -8.058473e-01,   -5.824971e-01,    1.482200e-01,   -2.078600e-02,   -1.983900e-01,    4.298100e-02,    3.000000e-02,    3.000000e-02,    3.000000e-02,    3.000000e-02,
      1003,    3.981000e+01,    4.392376e-02,   -3.080152e-02,   -9.825176e-02,    4.218607e-02,    9.846412e-01,    3.721839e-01,    4.122920e-01,    9.627643e-01,    7.346300e-02,   -1.963600e-02,   -8.588300e-02,    7.106900e-02,    3.000000e-02,    3.000000e-02,    3.000000e-02,    3.000000e-02,
      1003,    6.309500e+01,    6.917480e-02,   -3.322286e-02,   -1.224763e-01,    3.105028e-02,    1.025307e+00,    2.922952e-01,   -1.527907e-01,    6.313574e-01,    9.993400e-02,   -2.445400e-02,   -1.270600e-01,    4.999100e-02,    3.000000e-02,    3.000000e-02,    3.000000e-02,    3.000000e-02,
      1004,    2.511800e+01,   -4.697760e-02,    3.222816e-02,    3.515498e-01,    1.588564e-01,   -3.150468e-01,    1.336795e+00,   -6.643274e-01,   -8.188811e-01,   -5.642900e-02,    7.233200e-02,    3.316200e-01,    1.342900e-01,    3.000000e-02,    3.000000e-02,    3.000000e-02,    3.000000e-02,
      1004,    3.981000e+01,   -5.356485e-02,    1.829310e-02,    2.894909e-01,    1.637953e-01,   -2.784051e-01,    1.376897e+00,   -1.770298e-01,   -7.811780e-01,   -6.191700e-02,    5.960000e-02,    2.841800e-01,    1.403600e-01,    3.000000e-02,    3.000000e-02,    3.000000e-02,    3.000000e-02,
      1004,    6.309500e+01,   -5.083917e-02,    1.019225e-02,    2.320818e-01,    1.562694e-01,   -5.106609e-01,    1.136625e+00,    2.866082e-01,   -7.236456e-01,   -6.615900e-02,    4.429100e-02,    2.406800e-01,    1.345600e-01,    3.000000e-02,    3.000000e-02,    3.000000e-02,    3.000000e-02,
      1005,    2.511800e+01,    4.147894e-02,    6.843623e-02,    1.384973e-01,   -1.227901e-02,    6.584686e-01,   -4.086411e-01,   -4.845759e-01,    2.443374e-02,    6.123300e-02,    5.617700e-02,    1.239600e-01,   -1.154600e-02,    3.000000e-02,    3.000000e-02,    3.000000e-02,    3.000000e-02,
      1005,    3.981000e+01,    2.819683e-02,    5.099469e-02,    1.422772e-01,    1.066875e-02,    7.918724e-01,    1.162769e-01,   -8.390506e-02,   -2.522484e-01,    5.195300e-02,    5.448300e-02,    1.397600e-01,    3.101300e-03,    3.000000e-02,    3.000000e-02,    3.000000e-02,    3.000000e-02,
      1005,    6.309500e+01,    2.214100e-02,    4.462371e-02,    1.332369e-01,    3.379645e-02,    6.131668e-01,    6.985098e-01,    1.461027e-01,   -8.304835e-02,    4.053600e-02,    6.557900e-02,    1.376200e-01,    3.130500e-02,    3.000000e-02,    3.000000e-02,    3.000000e-02,    3.000000e-02,
      1006,    2.511800e+01,    3.213023e-02,    4.234896e-02,   -2.586549e-02,    2.386653e-02,   -6.636077e-01,   -6.418320e-01,    1.300483e+00,    3.875491e-01,    1.222200e-02,    2.309400e-02,    1.314900e-02,    3.549300e-02,    3.000000e-02,    3.000000e-02,    3.000000e-02,    3.000000e-02,
      1006,    3.981000e+01,    9.435827e-03,    4.733647e-02,   -2.884123e-02,    3.050251e-03,   -4.132576e-01,   -8.227155e-01,    9.931881e-01,    5.964250e-01,   -2.961900e-03,    2.265500e-02,    9.544100e-04,    2.094300e-02,    3.000000e-02,    3.000000e-02,    3.000000e-02,    3.000000e-02,
      1006,    6.309500e+01,   -1.167276e-02,    4.270444e-02,   -2.144477e-02,   -1.348023e-02,   -7.104145e-02,   -7.531815e-01,    3.280256e-01,    6.171108e-01,   -1.380400e-02,    2.010900e-02,   -1.160400e-02,    5.033100e-03,    3.000000e-02,    3.000000e-02,    3.000000e-02,    3.000000e-02,
      1007,    2.511800e+01,   -8.143140e-02,   -1.021981e-02,    1.140294e-01,    5.724124e-02,    4.767800e-01,    2.955069e-01,   -2.959812e-01,   -9.204126e-02,   -6.712800e-02,   -1.354600e-03,    1.051500e-01,    5.448000e-02,    3.000000e-02,    3.000000e-02,    3.000000e-02,    3.000000e-02,
      1007,    3.981000e+01,   -7.935121e-02,   -1.913484e-02,    9.272827e-02,    7.220288e-02,    4.790715e-02,    3.900680e-01,   -3.410089e-01,   -3.598293e-01,   -7.791400e-02,   -7.432800e-03,    8.249800e-02,    6.140800e-02,    3.000000e-02,    3.000000e-02,    3.000000e-02,    3.000000e-02,
      1007,    6.309500e+01,   -7.052108e-02,   -2.808752e-02,    6.255093e-02,    8.334712e-02,   -7.183056e-02,    2.861841e-01,   -1.723978e-01,   -4.260040e-01,   -7.267600e-02,   -1.950200e-02,    5.737900e-02,    7.056700e-02,    3.000000e-02,    3.000000e-02,    3.000000e-02,    3.000000e-02,
      1008,    2.511800e+01,    2.973321e-02,    4.054696e-02,   -9.906114e-02,   -2.713598e-02,   -4.294071e-01,    4.466347e-01,   -1.019629e+00,   -7.756673e-01,    1.685100e-02,    5.394600e-02,   -1.296500e-01,   -5.040600e-02,    3.000000e-02,    3.000000e-02,    3.000000e-02,    3.000000e-02,
      1009,    2.511800e+01,   -2.732148e-01,   -3.571318e-02,    1.803422e-01,   -1.192273e-02,    9.311612e-01,    2.587728e-01,   -2.197388e-01,    4.941344e-01,   -2.452800e-01,   -2.795000e-02,    1.737500e-01,    2.901300e-03,    3.000000e-02,    3.000000e-02,    3.000000e-02,    3.000000e-02,
      1009,    3.981000e+01,   -2.402308e-01,   -7.975521e-02,    1.974043e-01,   -4.917505e-03,    5.530256e-01,    2.161404e-01,    3.985698e-02,    1.822368e-01,   -2.236400e-01,   -7.327100e-02,    1.986000e-01,    5.496000e-04,    3.000000e-02,    3.000000e-02,    3.000000e-02,    3.000000e-02,
      1010,    2.511800e+01,    3.721540e-03,    1.358157e-01,    5.653631e-02,    3.026269e-02,   -8.299467e-02,    1.914199e-02,   -1.475377e+00,    1.137610e+00,    1.231700e-03,    1.363900e-01,    1.227500e-02,    6.439100e-02,    3.000000e-02,    3.000000e-02,    3.000000e-02,    3.000000e-02,
      1010,    3.981000e+01,   -5.313249e-02,    1.088077e-01,    4.432382e-02,    3.464692e-02,    5.486830e-01,    2.440755e-01,   -1.263314e+00,    1.679694e-01,   -3.667200e-02,    1.161300e-01,    6.424400e-03,    3.968600e-02,    3.000000e-02,    3.000000e-02,    3.000000e-02,    3.000000e-02,
      1010,    6.309500e+01,   -8.816426e-02,    6.373154e-02,    3.134016e-02,    3.612449e-02,    5.281087e-01,   -4.251514e-01,   -8.318454e-01,   -4.011832e-01,   -7.232100e-02,    5.097700e-02,    6.384800e-03,    2.408900e-02,    3.000000e-02,    3.000000e-02,    3.000000e-02,    3.000000e-02,
      1011,    2.511800e+01,    1.253946e-01,    6.430328e-02,   -2.509134e-02,   -4.047047e-02,   -2.978186e-01,   -4.903092e-01,    3.068448e-01,    5.190491e-01,    1.164600e-01,    4.959400e-02,   -1.588600e-02,   -2.489900e-02,    3.000000e-02,    3.000000e-02,    3.000000e-02,    3.000000e-02,
      1011,    3.981000e+01,    9.830042e-02,    6.660090e-02,   -1.488487e-02,   -3.304481e-02,   -4.820808e-01,   -1.134830e+00,    1.499629e+00,    4.365603e-01,    8.383800e-02,    3.255600e-02,    3.010400e-02,   -1.994800e-02,    3.000000e-02,    3.000000e-02,    3.000000e-02,    3.000000e-02,
      1011,    6.309500e+01,    7.303568e-02,    5.784085e-02,   -8.669336e-03,   -2.763704e-02,    3.932108e-01,   -3.424616e-01,   -1.348221e-01,    1.950143e-02,    8.483200e-02,    4.756700e-02,   -1.271400e-02,   -2.705200e-02,    3.000000e-02,    3.000000e-02,    3.000000e-02,    3.000000e-02,
      1012,    2.511800e+01,    7.529248e-02,    6.919702e-02,   -4.614056e-02,   -1.337812e-02,    1.978505e-01,    9.156994e-01,   -2.461813e-01,   -3.065295e-01,    8.122800e-02,    9.666800e-02,   -5.352600e-02,   -2.257400e-02,    3.000000e-02,    3.000000e-02,    3.000000e-02,    3.000000e-02,
      1012,    3.981000e+01,    6.162670e-02,    4.571449e-02,   -2.934777e-02,   -1.966775e-02,    1.285110e+00,    7.782837e-01,   -2.383744e-01,   -3.749082e-01,    1.001800e-01,    6.906300e-02,   -3.649900e-02,   -3.091500e-02,    3.000000e-02,    3.000000e-02,    3.000000e-02,    3.000000e-02,
      1012,    6.309500e+01,    5.669117e-02,    2.629954e-02,   -1.570486e-02,   -1.720539e-02,    2.473611e-01,    5.981818e-01,   -1.100379e-01,    4.222295e-01,    6.411200e-02,    4.424500e-02,   -1.900600e-02,   -4.538500e-03,    3.000000e-02,    3.000000e-02,    3.000000e-02,    3.000000e-02,
      1014,    2.511800e+01,    1.932562e-01,    1.882410e-01,   -6.577341e-02,    9.878360e-02,    1.027929e-01,   -1.222034e+00,   -1.357220e+00,   -1.376587e+00,    1.963400e-01,    1.515800e-01,   -1.064900e-01,    5.748600e-02,    3.000000e-02,    3.000000e-02,    3.000000e-02,    3.000000e-02,
      1014,    3.981000e+01,    1.076734e-01,    2.112181e-01,   -1.018807e-01,    6.737979e-02,    1.063552e+00,   -1.265271e+00,   -1.226442e-01,   -1.555993e+00,    1.395800e-01,    1.732600e-01,   -1.055600e-01,    2.070000e-02,    3.000000e-02,    3.000000e-02,    3.000000e-02,    3.000000e-02,
      1014,    6.309500e+01,    2.171250e-02,    2.064032e-01,   -1.164338e-01,    2.899042e-02,    9.467832e-01,   -4.107745e-01,    8.581937e-01,   -1.912114e+00,    5.011600e-02,    1.940800e-01,   -9.068800e-02,   -2.837300e-02,    3.000000e-02,    3.000000e-02,    3.000000e-02,    3.000000e-02,
      1015,    2.511800e+01,   -6.083399e-02,    7.010648e-02,   -1.934784e-02,    1.512829e-03,    4.843665e-01,   -8.632161e-01,   -9.438387e-01,   -1.242276e-01,   -4.630300e-02,    4.421000e-02,   -4.766300e-02,   -2.214000e-03,    3.000000e-02,    3.000000e-02,    3.000000e-02,    3.000000e-02,
      1015,    3.981000e+01,   -7.747346e-02,    3.082956e-02,   -2.307408e-02,    1.035286e-02,    8.624820e-01,   -5.701855e-02,   -7.838973e-01,   -6.335853e-01,   -5.159900e-02,    2.911900e-02,   -4.659100e-02,   -8.654700e-03,    3.000000e-02,    3.000000e-02,    3.000000e-02,    3.000000e-02,
      1015,    6.309500e+01,   -7.140315e-02,   -5.846366e-04,   -3.268813e-02,    1.337981e-02,   -1.176169e-02,   -5.075121e-01,   -3.094956e-01,   -8.047271e-01,   -7.175600e-02,   -1.581000e-02,   -4.197300e-02,   -1.076200e-02,    3.000000e-02,    3.000000e-02,    3.000000e-02,    3.000000e-02,
      1016,    2.511800e+01,   -2.119487e-02,    1.455258e-01,   -4.337909e-02,    1.780739e-03,    2.856222e-02,   -5.631944e-01,    2.997031e-01,   -8.340913e-01,   -2.033800e-02,    1.286300e-01,   -3.438800e-02,   -2.324200e-02,    3.000000e-02,    3.000000e-02,    3.000000e-02,    3.000000e-02,
      1016,    3.981000e+01,   -8.164215e-02,    1.287199e-01,   -3.858418e-02,   -1.338175e-02,   -2.182262e+00,   -6.359956e-01,   -7.841606e-01,   -1.640342e+00,   -1.471100e-01,    1.096400e-01,   -6.210900e-02,   -6.259200e-02,    3.000000e-02,    3.000000e-02,    3.000000e-02,    3.000000e-02,
      1016,    6.309500e+01,   -1.245158e-01,    9.300687e-02,   -2.855478e-02,   -2.555109e-02,   -5.358074e-01,   -8.554288e-01,   -2.864740e-01,   -6.263302e-01,   -1.405900e-01,    6.734400e-02,   -3.714900e-02,   -4.434100e-02,    3.000000e-02,    3.000000e-02,    3.000000e-02,    3.000000e-02,
      1017,    2.511800e+01,    1.222004e-01,   -4.916020e-02,    1.793024e-01,   -1.025757e-01,   -9.352474e-01,   -8.798266e-01,   -3.584131e-01,   -3.914331e-02,    9.414300e-02,   -7.555500e-02,    1.685500e-01,   -1.037500e-01,    3.000000e-02,    3.000000e-02,    3.000000e-02,    3.000000e-02,
      1017,    3.981000e+01,    1.330716e-01,   -3.919026e-02,    2.208717e-01,   -9.317749e-02,   -6.703861e-01,   -8.908914e-01,   -5.693902e-01,   -1.009505e-01,    1.129600e-01,   -6.591700e-02,    2.037900e-01,   -9.620600e-02,    3.000000e-02,    3.000000e-02,    3.000000e-02,    3.000000e-02,
      1017,    6.309500e+01,    1.421397e-01,   -3.181935e-02,    2.547167e-01,   -7.253423e-02,   -3.919905e-01,   -7.846215e-01,   -4.158902e-01,   -3.417255e-01,    1.303800e-01,   -5.535800e-02,    2.422400e-01,   -8.278600e-02,    3.000000e-02,    3.000000e-02,    3.000000e-02,    3.000000e-02,
      1018,    2.511800e+01,   -3.895069e-02,   -5.397406e-04,   -2.546778e-02,    1.565477e-02,   -2.037103e-01,    6.887914e-01,    1.066928e-01,   -2.617524e-01,   -4.506200e-02,    2.012400e-02,   -2.226700e-02,    7.802200e-03,    3.000000e-02,    3.000000e-02,    3.000000e-02,    3.000000e-02,
      1018,    3.981000e+01,   -3.100106e-02,   -1.255196e-02,   -4.117406e-02,    3.655885e-02,   -3.016313e-01,    4.091173e-01,    5.484687e-01,   -6.292949e-01,   -4.005000e-02,   -2.784400e-04,   -2.472000e-02,    1.768000e-02,    3.000000e-02,    3.000000e-02,    3.000000e-02,    3.000000e-02,
      1018,    6.309500e+01,   -2.409219e-02,   -2.154527e-02,   -6.204091e-02,    4.589723e-02,   -1.596602e-01,    1.907424e-01,    8.080637e-01,   -5.856075e-01,   -2.888200e-02,   -1.582300e-02,   -3.779900e-02,    2.832900e-02,    3.000000e-02,    3.000000e-02,    3.000000e-02,    3.000000e-02,
      1019,    2.511800e+01,   -2.228489e-01,    1.570130e-01,    1.042775e-01,   -7.195875e-02,   -9.053710e-01,   -1.251768e+00,    8.900833e-01,   -3.233750e-01,   -2.500100e-01,    1.194600e-01,    1.309800e-01,   -8.166000e-02,    3.000000e-02,    3.000000e-02,    3.000000e-02,    3.000000e-02,
      1020,    2.511800e+01,   -1.049477e-01,    7.168930e-02,   -1.181401e-02,    5.992145e-03,    1.450758e+00,    2.209011e-02,   -6.207997e-01,   -2.386848e-01,   -6.142500e-02,    7.235200e-02,   -3.043800e-02,   -1.168400e-03,    3.000000e-02,    3.000000e-02,    3.000000e-02,    3.000000e-02,
      1020,    3.981000e+01,   -1.194476e-01,    3.141131e-02,   -1.927311e-02,    1.466359e-02,    1.634688e+00,    4.968898e-01,   -4.802965e-01,   -5.284731e-01,   -7.040700e-02,    4.631800e-02,   -3.368200e-02,   -1.190600e-03,    3.000000e-02,    3.000000e-02,    3.000000e-02,    3.000000e-02,
      1020,    6.309500e+01,   -1.113959e-01,    6.923932e-04,   -3.009155e-02,    1.473696e-02,    1.583998e+00,    7.376202e-01,   -2.326818e-01,   -5.013814e-01,   -6.387600e-02,    2.282100e-02,   -3.707200e-02,   -3.044800e-04,    3.000000e-02,    3.000000e-02,    3.000000e-02,    3.000000e-02,
      1021,    2.511800e+01,    1.177418e-01,    1.595205e-02,   -2.199279e-02,    2.198071e-02,   -2.481392e+00,    8.978651e-01,   -2.365071e-01,    5.608428e-01,    4.330000e-02,    4.288800e-02,   -2.908800e-02,    3.880600e-02,    3.000000e-02,    3.000000e-02,    3.000000e-02,    3.000000e-02,
      1021,    3.981000e+01,    1.116535e-01,    1.813995e-02,   -2.435914e-02,    2.020988e-02,    2.712180e-01,    4.101668e+00,   -6.672621e-01,    3.070041e-01,    1.197900e-01,    1.411900e-01,   -4.437700e-02,    2.942000e-02,    3.000000e-02,    3.000000e-02,    3.000000e-02,    3.000000e-02,
      1021,    6.309500e+01,    1.046752e-01,    1.760831e-02,   -3.032324e-02,    1.976323e-02,    3.968280e-01,    3.718723e+00,   -4.605921e-01,    3.061923e-01,    1.165800e-01,    1.291700e-01,   -4.414100e-02,    2.894900e-02,    3.000000e-02,    3.000000e-02,    3.000000e-02,    3.000000e-02,
      1022,    2.511800e+01,    7.017873e-02,    1.014213e-01,    7.289803e-02,   -4.900827e-03,   -1.108991e+00,   -1.707420e-01,    3.547657e-01,    9.804942e-01,    3.690900e-02,    9.629900e-02,    8.354100e-02,    2.451400e-02,    3.000000e-02,    3.000000e-02,    3.000000e-02,    3.000000e-02,
      1022,    3.981000e+01,    3.167840e-02,    8.472285e-02,    7.785015e-02,    5.016649e-03,   -5.310800e-01,   -1.096428e+00,   -7.457050e-01,    7.732784e-01,    1.574600e-02,    5.183000e-02,    5.547900e-02,    2.821500e-02,    3.000000e-02,    3.000000e-02,    3.000000e-02,    3.000000e-02,
      1022,    6.309500e+01,    1.289031e-03,    5.662786e-02,    7.066934e-02,    1.707679e-02,   -1.130271e-02,   -2.399429e+00,   -9.602781e-01,    2.607404e-01,    9.499500e-04,   -1.535500e-02,    4.186100e-02,    2.489900e-02,    3.000000e-02,    3.000000e-02,    3.000000e-02,    3.000000e-02,
      1023,    2.511800e+01,    6.640077e-02,    1.155986e-02,   -3.019547e-02,    1.388288e-02,   -1.379559e+00,   -2.851622e-01,   -8.343509e-01,    7.038374e-01,    2.501400e-02,    3.005000e-03,   -5.522600e-02,    3.499800e-02,    3.000000e-02,    3.000000e-02,    3.000000e-02,    3.000000e-02,
      1023,    3.981000e+01,    6.610497e-02,    7.292679e-03,   -4.516687e-02,    3.752186e-02,   -8.633991e-01,   -2.743763e-01,   -8.770044e-01,   -1.243953e-01,    4.020300e-02,   -9.386100e-04,   -7.147700e-02,    3.379000e-02,    3.000000e-02,    3.000000e-02,    3.000000e-02,    3.000000e-02,
      1023,    6.309500e+01,    6.271150e-02,    1.715755e-03,   -7.072812e-02,    4.778644e-02,   -6.494166e-01,   -2.116218e-01,   -3.152626e-01,   -5.826147e-01,    4.322900e-02,   -4.632900e-03,   -8.018600e-02,    3.030800e-02,    3.000000e-02,    3.000000e-02,    3.000000e-02,    3.000000e-02,
      1024,    2.511800e+01,    2.413810e-02,    9.534470e-02,    1.174212e-01,   -6.099889e-03,   -2.618035e-01,   -1.353568e-01,    6.049609e-01,   -8.677037e-01,    1.628400e-02,    9.128400e-02,    1.355700e-01,   -3.213100e-02,    3.000000e-02,    3.000000e-02,    3.000000e-02,    3.000000e-02,
      1024,    3.981000e+01,    4.639274e-05,    7.900578e-02,    1.212502e-01,   -8.397178e-03,   -3.248798e-01,   -1.676260e-01,    4.636584e-01,   -1.316594e+00,   -9.700000e-03,    7.397700e-02,    1.351600e-01,   -4.789500e-02,    3.000000e-02,    3.000000e-02,    3.000000e-02,    3.000000e-02,
      1026,    2.511800e+01,    5.654946e-03,    6.380637e-02,   -1.861454e-02,   -4.866853e-02,   -2.492749e-01,    5.662112e-02,    7.152946e-01,    1.473011e+00,   -1.823300e-03,    6.550500e-02,    2.844300e-03,   -4.478200e-03,    3.000000e-02,    3.000000e-02,    3.000000e-02,    3.000000e-02,
      1026,    3.981000e+01,   -7.845288e-03,    3.085072e-02,    1.655893e-02,   -6.345220e-02,    3.370296e-01,    4.925759e-01,   -2.864497e-03,    1.727673e+00,    2.265600e-03,    4.562800e-02,    1.647300e-02,   -1.162200e-02,    3.000000e-02,    3.000000e-02,    3.000000e-02,    3.000000e-02,
      1026,    6.309500e+01,   -3.882318e-03,    6.359395e-03,    5.494200e-02,   -5.466254e-02,    1.003744e+00,    4.452535e-01,   -7.192999e-01,    1.344951e+00,    2.623000e-02,    1.971700e-02,    3.336300e-02,   -1.431400e-02,    3.000000e-02,    3.000000e-02,    3.000000e-02,    3.000000e-02,
      1027,    2.511800e+01,    5.688944e-02,    9.603531e-02,   -3.058717e-03,    1.324517e-01,    1.458520e-01,   -6.042771e-01,   -3.981761e-01,   -2.350562e-01,    6.126500e-02,    7.790700e-02,   -1.500400e-02,    1.254000e-01,    3.000000e-02,    3.000000e-02,    3.000000e-02,    3.000000e-02,
      1027,    3.981000e+01,    1.510754e-02,    1.044910e-01,   -5.062530e-02,    1.134629e-01,    6.295487e-01,   -4.422682e-01,   -3.728901e-01,   -2.542950e-02,    3.399400e-02,    9.122300e-02,   -6.181200e-02,    1.127000e-01,    3.000000e-02,    3.000000e-02,    3.000000e-02,    3.000000e-02,
      1027,    6.309500e+01,   -2.439636e-02,    1.007429e-01,   -8.421919e-02,    8.816587e-02,    8.403775e-01,   -1.806973e-01,   -8.886937e-01,    7.037718e-03,    8.149700e-04,    9.532200e-02,   -1.108800e-01,    8.837700e-02,    3.000000e-02,    3.000000e-02,    3.000000e-02,    3.000000e-02,
      1028,    2.511800e+01,    2.732432e-02,    6.041038e-02,   -6.009606e-02,    1.051911e-01,   -5.571074e-02,   -5.294794e-01,    5.310019e-01,    8.463053e-02,    2.565300e-02,    4.452600e-02,   -4.416600e-02,    1.077300e-01,    3.000000e-02,    3.000000e-02,    3.000000e-02,    3.000000e-02,
      1028,    3.981000e+01,   -1.486133e-03,    6.144055e-02,   -9.353060e-02,    8.313163e-02,    3.997711e-01,   -5.707516e-01,    3.137533e-01,    4.950125e-01,    1.050700e-02,    4.431800e-02,   -8.411800e-02,    9.798200e-02,    3.000000e-02,    3.000000e-02,    3.000000e-02,    3.000000e-02,
      1028,    6.309500e+01,   -2.641207e-02,    5.168784e-02,   -1.135747e-01,    6.033201e-02,    6.750458e-01,   -2.703281e-01,   -2.635115e-01,    5.265329e-01,   -6.160700e-03,    4.357800e-02,   -1.214800e-01,    7.612800e-02,    3.000000e-02,    3.000000e-02,    3.000000e-02,    3.000000e-02,
      1029,    2.511800e+01,   -8.045980e-03,    4.466402e-02,   -2.099898e-02,   -8.218255e-04,   -1.324067e+00,    1.878993e-01,   -7.344341e-01,    2.070242e-01,   -4.776800e-02,    5.030100e-02,   -4.303200e-02,    5.388900e-03,    3.000000e-02,    3.000000e-02,    3.000000e-02,    3.000000e-02,
      1030,    3.981000e+01,   -1.237457e-01,    3.276090e-02,    1.105932e-01,   -2.755935e-02,    2.131789e+00,    1.112370e+00,   -8.414404e-01,    8.849417e-01,   -5.979200e-02,    6.613200e-02,    8.535000e-02,   -1.011100e-03,    3.000000e-02,    3.000000e-02,    3.000000e-02,    3.000000e-02,
      1030,    6.309500e+01,   -1.192062e-01,   -3.225228e-03,    1.251614e-01,   -1.217308e-02,    1.378541e+00,    1.484841e+00,   -9.419135e-01,    4.475092e-01,   -7.785000e-02,    4.132000e-02,    9.690400e-02,    1.252200e-03,    3.000000e-02,    3.000000e-02,    3.000000e-02,    3.000000e-02,
      1031,    2.511800e+01,   -2.665089e-03,    5.806814e-02,    9.788393e-04,   -2.048525e-02,   -1.533364e+00,   -3.356715e-01,    7.044202e-02,    1.656475e+00,   -4.866600e-02,    4.799800e-02,    3.092100e-03,    2.920900e-02,    3.000000e-02,    3.000000e-02,    3.000000e-02,    3.000000e-02,
      1031,    3.981000e+01,   -1.847900e-02,    4.676169e-02,    1.738281e-02,   -2.642943e-02,   -9.073666e-01,   -9.132299e-02,   -3.772837e-01,    1.713448e+00,   -4.570000e-02,    4.402200e-02,    6.064300e-03,    2.497400e-02,    3.000000e-02,    3.000000e-02,    3.000000e-02,    3.000000e-02,
      1031,    6.309500e+01,   -3.167089e-02,    3.556422e-02,    2.926228e-02,   -2.465155e-02,   -3.111704e-01,    7.215928e-02,   -6.164426e-01,    1.430752e+00,   -4.100600e-02,    3.772900e-02,    1.076900e-02,    1.827100e-02,    3.000000e-02,    3.000000e-02,    3.000000e-02,    3.000000e-02,
      1032,    2.511800e+01,    1.326317e-01,    1.163020e-01,   -1.621463e-02,   -2.005515e-04,    5.977943e+00,    1.057267e+00,    1.490121e+00,   -1.564982e+00,    3.119700e-01,    1.480200e-01,    2.848900e-02,   -4.715000e-02,    3.000000e-02,    3.000000e-02,    3.000000e-02,    3.000000e-02,
      1032,    3.981000e+01,    9.012494e-02,    1.126608e-01,   -4.949788e-03,   -1.511506e-02,    2.447502e+00,    4.216407e-01,    2.051093e+00,   -1.076265e+00,    1.635500e-01,    1.253100e-01,    5.658300e-02,   -4.740300e-02,    3.000000e-02,    3.000000e-02,    3.000000e-02,    3.000000e-02,
      1032,    6.309500e+01,    5.138060e-02,    1.036152e-01,    1.038773e-02,   -1.863966e-02,   -2.308987e+00,   -2.688405e+00,    3.363090e-01,   -6.795781e-01,   -1.788900e-02,    2.296300e-02,    2.047700e-02,   -3.902700e-02,    3.000000e-02,    3.000000e-02,    3.000000e-02,    3.000000e-02,
      1033,    2.511800e+01,   -9.732768e-02,   -3.957016e-02,   -8.806171e-02,    8.135963e-03,   -5.254107e-01,   -5.208280e-01,    1.337570e-01,   -4.213454e-01,   -1.130900e-01,   -5.519500e-02,   -8.404900e-02,   -4.504400e-03,    3.000000e-02,    3.000000e-02,    3.000000e-02,    3.000000e-02,
      1033,    6.309500e+01,   -7.988754e-02,   -1.766015e-02,   -8.388032e-02,   -7.802640e-03,   -7.114155e-01,   -5.842949e-01,   -3.114226e-01,   -1.532453e-01,   -1.012300e-01,   -3.518900e-02,   -9.322300e-02,   -1.240000e-02,    3.000000e-02,    3.000000e-02,    3.000000e-02,    3.000000e-02,
      1034,    2.511800e+01,   -2.645132e-01,   -2.530610e-02,   -2.588313e-01,    4.354445e-02,    2.504391e-01,    1.277366e-01,   -8.066245e-01,   -7.832484e-01,   -2.570000e-01,   -2.147400e-02,   -2.830300e-01,    2.004700e-02,    3.000000e-02,    3.000000e-02,    3.000000e-02,    3.000000e-02,
      1034,    3.981000e+01,   -2.310192e-01,   -8.951755e-02,   -2.607136e-01,   -2.576778e-02,   -3.920252e-01,   -3.189816e-01,   -5.068815e-01,   -5.208405e-01,   -2.427800e-01,   -9.908700e-02,   -2.759200e-01,   -4.139300e-02,    3.000000e-02,    3.000000e-02,    3.000000e-02,    3.000000e-02,
      1034,    6.309500e+01,   -1.725475e-01,   -1.273499e-01,   -2.306724e-01,   -8.656919e-02,   -7.407502e-01,   -1.343669e+00,   -2.682530e-01,   -8.773604e-01,   -1.947700e-01,   -1.676600e-01,   -2.387200e-01,   -1.128900e-01,    3.000000e-02,    3.000000e-02,    3.000000e-02,    3.000000e-02,
      1035,    2.511800e+01,   -6.721226e-02,    3.117673e-02,    1.621312e-01,   -3.537623e-02,   -3.825912e-01,    1.381758e-01,   -7.933745e-01,    2.663077e-01,   -7.869000e-02,    3.532200e-02,    1.383300e-01,   -2.738700e-02,    3.000000e-02,    3.000000e-02,    3.000000e-02,    3.000000e-02,
      1035,    3.981000e+01,   -7.189560e-02,    1.092075e-02,    1.826286e-01,   -7.132973e-03,   -9.132133e-01,   -2.816882e-01,   -1.036287e+00,   -5.019009e-01,   -9.929200e-02,    2.470100e-03,    1.515400e-01,   -2.219000e-02,    3.000000e-02,    3.000000e-02,    3.000000e-02,    3.000000e-02,
      1036,    2.511800e+01,    1.657099e-01,    2.118589e-01,    1.942865e-01,   -8.020164e-03,    3.158671e+00,    1.536703e+00,    1.147847e-01,    3.718005e+00,    2.604700e-01,    2.579600e-01,    1.977300e-01,    1.035200e-01,    3.000000e-02,    3.000000e-02,    3.000000e-02,    3.000000e-02,
      1036,    3.981000e+01,    6.666951e-02,    2.227728e-01,    1.975409e-01,    2.204113e-03,    3.018016e+00,    3.030240e+00,    2.536355e-01,    2.187663e+00,    1.572100e-01,    3.136800e-01,    2.051500e-01,    6.783400e-02,    3.000000e-02,    3.000000e-02,    3.000000e-02,    3.000000e-02,
      1036,    6.309500e+01,   -2.556970e-02,    1.968605e-01,    1.956979e-01,    1.307781e-02,   -5.883100e-01,    4.126316e+00,    5.387380e-01,    1.940636e-02,   -4.321900e-02,    3.206500e-01,    2.118600e-01,    1.366000e-02,    3.000000e-02,    3.000000e-02,    3.000000e-02,    3.000000e-02,
      1037,    6.309500e+01,   -3.921142e-02,    7.353614e-02,   -3.120462e-01,   -3.997762e-02,   -1.250286e+00,   -2.188161e+00,   -1.325127e+00,   -6.748413e+00,   -7.672000e-02,    7.891300e-03,   -3.518000e-01,   -2.424300e-01,    3.000000e-02,    3.000000e-02,    3.000000e-02,    3.000000e-02,
      1038,    2.511800e+01,   -2.665714e-02,    6.572029e-02,   -7.195403e-02,    1.089004e-02,    6.327134e-02,    2.447657e+00,   -1.244988e-01,   -3.583968e+00,   -2.475900e-02,    1.391500e-01,   -7.568900e-02,   -9.662900e-02,    3.000000e-02,    3.000000e-02,    3.000000e-02,    3.000000e-02,
      1038,    3.981000e+01,   -3.894682e-02,    1.405053e-02,   -7.476300e-02,   -1.128553e-03,   -6.631060e-01,   -5.882684e+00,    4.163999e-01,   -3.701382e+00,   -5.884000e-02,   -1.624300e-01,   -6.227100e-02,   -1.121700e-01,    3.000000e-02,    3.000000e-02,    3.000000e-02,    3.000000e-02,
      1039,    2.511800e+01,    1.657743e-01,    5.714912e-02,    2.781414e-01,    2.025814e-01,    3.945235e-01,    1.087429e+00,   -7.827149e-01,   -1.400457e-01,    1.776100e-01,    8.977200e-02,    2.546600e-01,    1.983800e-01,    3.000000e-02,    3.000000e-02,    3.000000e-02,    3.000000e-02,
      1039,    3.981000e+01,    1.431191e-01,    6.475759e-02,    1.833725e-01,    2.127429e-01,    1.003641e-01,    8.723136e-01,   -7.208359e-02,   -5.204300e-01,    1.461300e-01,    9.092700e-02,    1.812100e-01,    1.971300e-01,    3.000000e-02,    3.000000e-02,    3.000000e-02,    3.000000e-02,
      1039,    6.309500e+01,    1.222842e-01,    7.021836e-02,    9.831701e-02,    1.873527e-01,   -1.348076e-01,    5.615545e-01,    1.260997e-01,   -5.174227e-01,    1.182400e-01,    8.706500e-02,    1.021000e-01,    1.718300e-01,    3.000000e-02,    3.000000e-02,    3.000000e-02,    3.000000e-02,
      1040,    2.511800e+01,   -4.215830e-02,    8.380000e-02,   -1.334673e-01,   -2.009276e-01,    2.304768e-01,   -1.267666e-01,   -2.490914e-01,   -2.254141e-01,   -3.524400e-02,    7.999700e-02,   -1.409400e-01,   -2.076900e-01,    3.000000e-02,    3.000000e-02,    3.000000e-02,    3.000000e-02,
      1040,    3.981000e+01,   -5.970196e-02,    6.038489e-02,   -5.671744e-02,   -2.032875e-01,    1.651654e-01,    3.684371e-01,    5.261814e-01,   -5.941602e-02,   -5.474700e-02,    7.143800e-02,   -4.093200e-02,   -2.050700e-01,    3.000000e-02,    3.000000e-02,    3.000000e-02,    3.000000e-02,
      1040,    6.309500e+01,   -6.611079e-02,    4.788808e-02,    2.027101e-02,   -1.880237e-01,   -2.208738e-01,    7.749305e-01,    6.666995e-01,    1.912489e-02,   -7.273700e-02,    7.113600e-02,    4.027200e-02,   -1.874500e-01,    3.000000e-02,    3.000000e-02,    3.000000e-02,    3.000000e-02,
      1041,    2.511800e+01,    4.195505e-02,    1.512023e-02,    9.368414e-02,   -6.475587e-02,   -5.716820e-02,   -6.427448e-02,   -7.914713e-01,    6.700289e-01,    4.024000e-02,    1.319200e-02,    6.994000e-02,   -4.465500e-02,    3.000000e-02,    3.000000e-02,    3.000000e-02,    3.000000e-02,
      1041,    3.981000e+01,    4.168215e-02,    6.948265e-03,    1.072972e-01,   -5.751083e-02,    9.772849e-02,   -4.706388e-01,   -2.605069e-01,   -5.017246e-02,    4.461400e-02,   -7.170900e-03,    9.948200e-02,   -5.901600e-02,    3.000000e-02,    3.000000e-02,    3.000000e-02,    3.000000e-02,
      1041,    6.309500e+01,    4.001027e-02,   -7.228642e-04,    1.216670e-01,   -5.810131e-02,    5.547244e-01,   -5.483379e-01,    1.074765e+00,   -2.615897e-01,    5.665200e-02,   -1.717300e-02,    1.539100e-01,   -6.594900e-02,    3.000000e-02,    3.000000e-02,    3.000000e-02,    3.000000e-02,
      1042,    2.511800e+01,    9.632302e-03,    4.243732e-02,    4.639327e-03,   -3.323040e-03,   -1.752267e-01,    3.703559e-01,    6.629558e-01,    4.432647e-01,    4.375500e-03,    5.354800e-02,    2.452800e-02,    9.974900e-03,    3.000000e-02,    3.000000e-02,    3.000000e-02,    3.000000e-02,
      1042,    3.981000e+01,    1.207814e-02,    1.883997e-02,    3.627908e-04,    3.522257e-03,   -4.487312e-01,    4.398675e-01,    4.408736e-01,    2.064081e-01,   -1.383800e-03,    3.203600e-02,    1.358900e-02,    9.714500e-03,    3.000000e-02,    3.000000e-02,    3.000000e-02,    3.000000e-02,
      1042,    6.309500e+01,    2.184043e-02,    1.534826e-02,   -7.584771e-03,    2.043778e-03,   -9.171543e-01,    1.754912e-01,    3.354590e-01,    6.448407e-02,   -5.674200e-03,    2.061300e-02,    2.479000e-03,    3.978300e-03,    3.000000e-02,    3.000000e-02,    3.000000e-02,    3.000000e-02,
      1043,    2.511800e+01,    8.386558e-02,   -7.244463e-02,   -2.367669e-02,   -5.565919e-02,    4.594719e-02,   -4.219791e-01,   -8.084104e-01,    2.972395e-01,    8.524400e-02,   -8.510400e-02,   -4.792900e-02,   -4.674200e-02,    3.000000e-02,    3.000000e-02,    3.000000e-02,    3.000000e-02,
      1043,    3.981000e+01,    1.140553e-01,   -6.312335e-02,    9.172728e-03,   -6.600460e-02,    1.091560e-01,   -3.667550e-01,   -8.695909e-01,   -4.564133e-01,    1.173300e-01,   -7.412600e-02,   -1.691500e-02,   -7.969700e-02,    3.000000e-02,    3.000000e-02,    3.000000e-02,    3.000000e-02,
      1043,    6.309500e+01,    1.392864e-01,   -4.426382e-02,    4.013200e-02,   -6.225934e-02,    4.174526e-01,   -1.495395e-01,   -2.384999e-01,   -7.075888e-01,    1.518100e-01,   -4.875000e-02,    3.297700e-02,   -8.348700e-02,    3.000000e-02,    3.000000e-02,    3.000000e-02,    3.000000e-02,
      1044,    2.511800e+01,    7.292068e-02,    1.553710e-01,    5.853024e-02,    2.324184e-02,    2.991311e+00,   -1.003379e-02,    8.553920e-01,    1.255305e+00,    1.626600e-01,    1.550700e-01,    8.419200e-02,    6.090100e-02,    3.000000e-02,    3.000000e-02,    3.000000e-02,    3.000000e-02,
      1044,    3.981000e+01,    1.011007e-02,    1.455918e-01,    5.042650e-02,    2.809788e-02,    2.870964e+00,   -1.728229e-03,    5.392834e-01,    9.842039e-01,    9.623900e-02,    1.455400e-01,    6.660500e-02,    5.762400e-02,    3.000000e-02,    3.000000e-02,    3.000000e-02,    3.000000e-02,
      1044,    6.309500e+01,   -3.880509e-02,    1.211675e-01,    4.236849e-02,    3.209970e-02,    1.150620e+00,    2.960828e-01,   -8.621624e-02,    7.203432e-01,   -4.286500e-03,    1.300500e-01,    3.978200e-02,    5.371000e-02,    3.000000e-02,    3.000000e-02,    3.000000e-02,    3.000000e-02,
      1045,    2.511800e+01,    9.601286e-02,    8.269970e-02,   -2.053023e-01,    1.733531e-01,    2.242381e-01,   -1.298023e+00,   -4.759218e-01,   -5.981037e-01,    1.027400e-01,    4.375900e-02,   -2.195800e-01,    1.554100e-01,    3.000000e-02,    3.000000e-02,    3.000000e-02,    3.000000e-02,
      1045,    3.981000e+01,    5.835341e-02,    9.216685e-02,   -2.666284e-01,    1.404134e-01,    3.610863e-01,   -1.328862e+00,    1.526137e-01,   -1.771125e-01,    6.918600e-02,    5.230100e-02,   -2.620500e-01,    1.351000e-01,    3.000000e-02,    3.000000e-02,    3.000000e-02,    3.000000e-02,
      1045,    6.309500e+01,    2.299745e-02,    8.993398e-02,   -3.082914e-01,    9.796770e-02,   -2.830483e-01,   -7.693327e-01,    1.378945e-03,    3.043471e-03,    1.450600e-02,    6.685400e-02,   -3.082500e-01,    9.805900e-02,    3.000000e-02,    3.000000e-02,    3.000000e-02,    3.000000e-02,
      1046,    2.511800e+01,   -9.656117e-02,   -3.085523e-02,    2.283412e-02,    1.182077e-01,    8.596722e-01,    3.160410e-01,   -5.919473e-01,   -4.619224e-01,   -7.077100e-02,   -2.137400e-02,    5.075700e-03,    1.043500e-01,    3.000000e-02,    3.000000e-02,    3.000000e-02,    3.000000e-02,
      1046,    3.981000e+01,   -7.836674e-02,   -5.231165e-02,   -1.691045e-02,    1.074513e-01,    5.968247e-01,    6.650217e-01,   -2.835517e-01,   -5.392438e-01,   -6.046200e-02,   -3.236100e-02,   -2.541700e-02,    9.127400e-02,    3.000000e-02,    3.000000e-02,    3.000000e-02,    3.000000e-02,
      1046,    6.309500e+01,   -4.850551e-02,   -6.330830e-02,   -5.054321e-02,    9.321746e-02,    3.117836e-01,    7.847768e-01,    1.154048e-02,   -2.800819e-01,   -3.915200e-02,   -3.976500e-02,   -5.019700e-02,    8.481500e-02,    3.000000e-02,    3.000000e-02,    3.000000e-02,    3.000000e-02,
