MT,
     StaID,        Freq[Hz],     Re(Zxx)_Cal,     Im(Zxx)_Cal,     Re(Zxy)_Cal,     Im(Zxy)_Cal,     Re(Zyx)_Cal,     Im(Zyx)_Cal,     Re(Zyy)_Cal,     Im(Zyy)_Cal,     Re(Zxx)_Res,     Im(Zxx)_Res,     Re(Zxy)_Res,     Im(Zxy)_Res,     Re(Zyx)_Res,     Im(Zyx)_Res,     Re(Zyy)_Res,     Im(Zyy)_Res,     Re(Zxx)_Obs,     Im(Zxx)_Obs,     Re(Zxy)_Obs,     Im(Zxy)_Obs,     Re(Zyx)_Obs,     Im(Zyx)_Obs,     Re(Zyy)_Obs,     Im(Zyy)_Obs,      Re(Zxx)_SD,      Im(Zxx)_SD,      Re(Zxy)_SD,      Im(Zxy)_SD,      Re(Zyx)_SD,      Im(Zyx)_SD,      Re(Zyy)_SD,      Im(Zyy)_SD,
         1,    6.309500e+00,   -2.361794e-02,   -3.101810e-03,    4.690433e-02,   -3.526443e-02,   -8.422860e-02,    3.584555e-02,    1.689545e-02,   -3.365534e-03,    6.433755e-01,    7.897466e-02,   -4.422151e+00,    3.049228e+00,    3.474128e+00,   -2.224537e+00,    1.474010e+00,   -1.715863e+00,   -2.072500e-02,   -2.746700e-03,    3.396600e-02,   -2.634300e-02,   -7.406400e-02,    2.933700e-02,    2.817000e-02,   -1.649000e-02,    4.496500e-03,    4.496500e-03,    2.925800e-03,    2.925800e-03,    2.925800e-03,    2.925800e-03,    7.648900e-03,    7.648900e-03,
         1,    1.000000e+01,   -2.069006e-02,   -4.005609e-03,    5.696455e-02,   -3.959789e-02,   -9.148768e-02,    4.168298e-02,    1.752666e-02,   -4.008532e-03,    5.301319e-01,   -1.234812e-01,   -5.333876e+00,    3.108346e+00,    4.160439e+00,   -3.472641e+00,    1.808527e+00,   -1.802290e+00,   -1.826100e-02,   -4.571400e-03,    3.977400e-02,   -2.958000e-02,   -7.807900e-02,    3.049100e-02,    3.285700e-02,   -1.928600e-02,    4.582000e-03,    4.582000e-03,    3.222900e-03,    3.222900e-03,    3.222900e-03,    3.222900e-03,    8.476700e-03,    8.476700e-03,
         1,    1.584800e+01,   -1.781712e-02,   -2.715285e-03,    6.563741e-02,   -4.536331e-02,   -9.945659e-02,    5.226359e-02,    1.860968e-02,   -5.066419e-03,    7.403527e-01,   -3.932196e-01,   -5.284560e+00,    2.930211e+00,    4.888954e+00,   -3.888209e+00,    2.114214e+00,   -1.807117e+00,   -1.451900e-02,   -4.467000e-03,    4.651100e-02,   -3.475800e-02,   -8.176200e-02,    3.819100e-02,    3.875200e-02,   -2.228300e-02,    4.454800e-03,    4.454800e-03,    3.619300e-03,    3.619300e-03,    3.619300e-03,    3.619300e-03,    9.527100e-03,    9.527100e-03,
         1,    2.511800e+01,   -1.652545e-02,    3.864603e-04,    7.380618e-02,   -5.607393e-02,   -1.109937e-01,    6.862815e-02,    2.045261e-02,   -6.392147e-03,    1.478578e+00,   -6.277589e-01,   -4.203180e+00,    2.624791e+00,    4.891605e+00,   -2.628976e+00,    2.251870e+00,   -1.692219e+00,   -1.041700e-02,   -2.207000e-03,    5.551100e-02,   -4.464900e-02,   -8.970200e-02,    5.718500e-02,    4.561500e-02,   -2.530100e-02,    4.131300e-03,    4.131300e-03,    4.352700e-03,    4.352700e-03,    4.352700e-03,    4.352700e-03,    1.117400e-02,    1.117400e-02,
         1,    3.981000e+01,   -1.785430e-02,    3.701840e-03,    8.462081e-02,   -7.401292e-02,   -1.279924e-01,    8.982990e-02,    2.351327e-02,   -7.409889e-03,    2.019967e+00,   -5.353626e-01,   -4.391370e+00,    3.850596e+00,    5.049739e+00,   -3.776882e+00,    2.105325e+00,   -1.618917e+00,   -9.366600e-03,    1.452300e-03,    6.233900e-02,   -5.447500e-02,   -1.023700e-01,    7.066600e-02,    5.021300e-02,   -2.794100e-02,    4.201900e-03,    4.201900e-03,    5.074000e-03,    5.074000e-03,    5.074000e-03,    5.074000e-03,    1.268200e-02,    1.268200e-02,
         1,    6.309500e+01,   -2.113360e-02,    5.279985e-03,    1.010988e-01,   -9.934689e-02,   -1.501506e-01,    1.161704e-01,    2.766428e-02,   -6.916994e-03,    1.885408e+00,    1.040052e-01,   -4.044627e+00,    4.242492e+00,    3.919258e+00,   -3.969080e+00,    2.132031e+00,   -1.591850e+00,   -1.094900e-02,    5.841800e-03,    7.538100e-02,   -7.237100e-02,   -1.252300e-01,    9.093300e-02,    6.052100e-02,   -3.144900e-02,    5.401800e-03,    5.401800e-03,    6.358500e-03,    6.358500e-03,    6.358500e-03,    6.358500e-03,    1.541100e-02,    1.541100e-02,
         2,    6.309500e+00,   -1.339226e-02,   -7.557211e-03,    4.460083e-02,   -4.266729e-02,   -4.096359e-02,    3.002573e-02,   -2.164916e-04,    4.225143e-03,   -7.729913e-01,    7.843437e-01,   -3.438261e+00,    2.899480e+00,    3.994595e+00,   -2.357770e+00,    1.655078e-02,   -4.909526e-02,   -1.675400e-02,   -4.146100e-03,    3.462300e-02,   -3.425300e-02,   -3.208800e-02,    2.478700e-02,   -1.843500e-04,    4.129800e-03,    4.349000e-03,    4.349000e-03,    2.902000e-03,    2.902000e-03,    2.221900e-03,    2.221900e-03,    1.942000e-03,    1.942000e-03,
         2,    1.000000e+01,   -9.674911e-03,   -9.684523e-03,    5.585449e-02,   -5.140991e-02,   -4.687181e-02,    3.866455e-02,   -1.446536e-03,    5.081378e-03,   -1.128040e+00,    7.965962e-01,   -4.541867e+00,    3.470842e+00,    3.361648e+00,   -2.971325e+00,    3.693146e-01,    9.764480e-02,   -1.493000e-02,   -5.973500e-03,    4.313000e-02,   -4.168600e-02,   -3.779200e-02,    3.063900e-02,   -5.530900e-04,    5.317600e-03,    4.658600e-03,    4.658600e-03,    2.801600e-03,    2.801600e-03,    2.701000e-03,    2.701000e-03,    2.419200e-03,    2.419200e-03,
         2,    1.584800e+01,   -5.517582e-03,   -1.034683e-02,    6.744401e-02,   -6.321550e-02,   -5.444275e-02,    5.163416e-02,   -2.700643e-03,    6.167713e-03,   -1.466134e+00,    9.674029e-01,   -4.100534e+00,    3.315372e+00,    2.582391e+00,   -3.476786e+00,    4.100656e-01,    1.213711e-01,   -1.258200e-02,   -5.685500e-03,    5.363300e-02,   -5.204900e-02,   -4.574500e-02,    3.992400e-02,   -1.460400e-03,    6.534800e-03,    4.818400e-03,    4.818400e-03,    3.368100e-03,    3.368100e-03,    3.368100e-03,    3.368100e-03,    3.024500e-03,    3.024500e-03,
         2,    2.511800e+01,   -2.047595e-03,   -9.848178e-03,    8.116285e-02,   -8.122869e-02,   -6.559443e-02,    7.024765e-02,   -4.195689e-03,    7.868130e-03,   -1.500885e+00,    1.100688e+00,   -2.994621e+00,    3.188158e+00,    1.875972e+00,   -3.532178e+00,    1.747205e-01,    8.522527e-02,   -9.093500e-03,   -4.681000e-03,    6.810600e-02,   -6.732800e-02,   -5.741500e-02,    5.484700e-02,   -3.498100e-03,    8.208400e-03,    4.694500e-03,    4.694500e-03,    4.360100e-03,    4.360100e-03,    4.360100e-03,    4.360100e-03,    3.992600e-03,    3.992600e-03,
         2,    3.981000e+01,    1.454219e-04,   -9.623589e-03,    1.009389e-01,   -1.067763e-01,   -8.252992e-02,    9.493599e-02,   -6.679159e-03,    1.030734e-02,   -1.276810e+00,    1.767402e+00,   -2.487531e+00,    3.282988e+00,    1.609635e+00,   -3.224192e+00,   -1.081538e-01,   -2.423794e-02,   -4.874100e-03,   -2.675400e-03,    8.670900e-02,   -8.799600e-02,   -7.332200e-02,    7.649200e-02,   -7.269700e-03,    1.017500e-02,    3.931300e-03,    3.931300e-03,    5.720500e-03,    5.720500e-03,    5.720500e-03,    5.720500e-03,    5.460200e-03,    5.460200e-03,
         2,    6.309500e+01,    2.559679e-03,   -1.106968e-02,    1.296034e-01,   -1.381362e-01,   -1.067325e-01,    1.256455e-01,   -1.089933e-02,    1.258264e-02,   -1.687556e+00,    3.700949e+00,   -2.878581e+00,    3.667765e+00,    2.006380e+00,   -3.396055e+00,   -1.958938e-01,   -1.644155e-01,   -2.229100e-03,   -5.675000e-04,    1.086200e-01,   -1.114000e-01,   -9.210700e-02,    1.008900e-01,   -1.230600e-02,    1.140200e-02,    2.837700e-03,    2.837700e-03,    7.289500e-03,    7.289500e-03,    7.289500e-03,    7.289500e-03,    7.180800e-03,    7.180800e-03,
         3,    3.981000e+01,    9.508337e-04,   -6.877800e-03,    1.012958e-01,   -9.920887e-02,   -7.236640e-02,    8.753139e-02,   -7.511589e-03,    5.399462e-03,   -1.923235e+00,   -8.701064e-01,   -3.209208e+00,   -6.415122e-01,    2.481979e+00,   -2.685634e+00,   -1.957623e+00,    2.948616e+00,   -1.289300e-02,   -1.314100e-02,    6.597200e-02,   -1.062700e-01,   -5.892400e-02,    7.298600e-02,   -2.598000e-02,    3.321700e-02,    7.198200e-03,    7.198200e-03,    1.100700e-02,    1.100700e-02,    5.416000e-03,    5.416000e-03,    9.434100e-03,    9.434100e-03,
         3,    6.309500e+01,    3.214542e-03,   -7.581980e-03,    1.282270e-01,   -1.248707e-01,   -9.461817e-02,    1.142511e-01,   -9.731726e-03,    5.668730e-03,   -1.127186e+00,   -1.363173e+00,   -2.602650e+00,   -4.748696e-01,    1.986922e+00,   -2.237620e+00,   -2.531318e+00,    2.338045e+00,   -6.693200e-03,   -1.956400e-02,    1.042800e-01,   -1.292400e-01,   -8.021000e-02,    9.802500e-02,   -4.103400e-02,    3.458100e-02,    8.789800e-03,    8.789800e-03,    9.201000e-03,    9.201000e-03,    7.251500e-03,    7.251500e-03,    1.236600e-02,    1.236600e-02,
         4,    6.309500e+00,    2.792204e-03,    1.069116e-03,    5.399075e-02,   -4.243747e-02,   -4.538045e-02,    4.808942e-02,   -1.493982e-02,    5.900227e-03,   -1.752034e+00,    1.487214e+00,   -2.213822e+00,    1.246947e+00,   -6.594465e-01,   -7.368353e-01,    1.597079e+00,   -1.278404e+00,   -2.033600e-03,    5.165500e-03,    4.698600e-02,   -3.849200e-02,   -4.746700e-02,    4.575800e-02,   -9.059700e-03,    1.193400e-03,    2.754400e-03,    2.754400e-03,    3.164100e-03,    3.164100e-03,    3.164100e-03,    3.164100e-03,    3.681800e-03,    3.681800e-03,
         4,    1.000000e+01,    1.707236e-03,    1.968664e-03,    6.355241e-02,   -5.306866e-02,   -5.678780e-02,    6.122249e-02,   -1.762618e-02,    3.437605e-03,   -1.737656e+00,    1.304485e+00,   -2.247639e+00,    1.521590e+00,   -6.318375e-01,   -1.060532e+00,    1.439552e+00,   -1.328796e+00,   -4.629300e-03,    6.725600e-03,    5.487900e-02,   -4.719700e-02,   -5.922600e-02,    5.713000e-02,   -1.102900e-02,   -2.652000e-03,    3.646600e-03,    3.646600e-03,    3.858900e-03,    3.858900e-03,    3.858900e-03,    3.858900e-03,    4.582800e-03,    4.582800e-03,
         4,    1.584800e+01,    6.993438e-04,    2.303408e-03,    7.459628e-02,   -6.819739e-02,   -7.065440e-02,    7.875721e-02,   -1.907963e-02,    5.044752e-05,   -1.945865e+00,    8.811390e-01,   -2.386227e+00,    1.571934e+00,   -3.521869e-02,   -1.525746e+00,    1.304934e+00,   -1.438291e+00,   -8.026500e-03,    6.254700e-03,    6.337600e-02,   -6.080600e-02,   -7.082000e-02,    7.158300e-02,   -1.167400e-02,   -8.112000e-03,    4.484300e-03,    4.484300e-03,    4.702100e-03,    4.702100e-03,    4.702100e-03,    4.702100e-03,    5.675100e-03,    5.675100e-03,
         4,    2.511800e+01,   -6.157761e-04,    2.527233e-03,    8.835954e-02,   -8.982034e-02,   -8.797027e-02,    1.028161e-01,   -1.940812e-02,   -4.095474e-03,   -1.696655e+00,    5.841522e-01,   -2.062590e+00,    1.678607e+00,    6.676283e-01,   -1.582487e+00,    1.309374e+00,   -1.623320e+00,   -9.490300e-03,    5.582700e-03,    7.620800e-02,   -7.993100e-02,   -8.403700e-02,    9.349300e-02,   -9.878500e-03,   -1.591000e-02,    5.230600e-03,    5.230600e-03,    5.891400e-03,    5.891400e-03,    5.891400e-03,    5.891400e-03,    7.278000e-03,    7.278000e-03,
         4,    3.981000e+01,   -2.302829e-03,    1.725661e-03,    1.061855e-01,   -1.202744e-01,   -1.107136e-01,    1.358338e-01,   -1.803040e-02,   -9.344053e-03,   -1.671525e+00,    1.598623e-01,   -1.698052e+00,    1.293739e+00,    1.213875e+00,   -1.253133e+00,    1.214876e+00,   -1.714326e+00,   -1.348700e-02,    2.795300e-03,    9.319900e-02,   -1.103800e-01,   -1.014300e-01,    1.262500e-01,   -5.974700e-03,   -2.635600e-02,    6.691000e-03,    6.691000e-03,    7.647900e-03,    7.647900e-03,    7.647900e-03,    7.647900e-03,    9.923400e-03,    9.923400e-03,
         4,    6.309500e+01,   -2.982611e-03,   -1.723596e-04,    1.298064e-01,   -1.632535e-01,   -1.412130e-01,    1.801613e-01,   -1.383754e-02,   -1.487424e-02,   -1.373988e+00,    9.112098e-01,   -1.267636e+00,    9.815024e-01,    9.669713e-01,   -3.990668e-03,    1.097530e+00,   -1.736300e+00,   -1.455200e-02,    7.500300e-03,    1.166800e-01,   -1.530900e-01,   -1.312000e-01,    1.801200e-01,    1.563000e-03,   -3.923800e-02,    8.420300e-03,    8.420300e-03,    1.035500e-02,    1.035500e-02,    1.035500e-02,    1.035500e-02,    1.403200e-02,    1.403200e-02,
         5,    6.309500e+00,   -6.911609e-03,   -9.688767e-03,    4.595637e-02,   -4.048657e-02,   -5.820033e-02,    3.080659e-02,   -2.768523e-03,    5.309795e-03,   -4.413949e-01,    1.089071e-01,   -2.801785e+00,    2.882021e+00,    8.167497e+00,   -4.233745e+00,    2.410211e+00,   -1.619645e+00,   -8.604800e-03,   -9.271000e-03,    3.928000e-02,   -3.361900e-02,   -3.873800e-02,    2.071800e-02,    1.301600e-03,    2.574700e-03,    3.836000e-03,    3.836000e-03,    2.382900e-03,    2.382900e-03,    2.382900e-03,    2.382900e-03,    1.688700e-03,    1.688700e-03,
         5,    1.000000e+01,   -3.049042e-03,   -1.271294e-02,    5.742036e-02,   -4.706286e-02,   -6.503101e-02,    3.524417e-02,   -4.384919e-03,    5.404436e-03,   -3.257461e-01,   -1.939944e-02,   -3.459566e+00,    3.070502e+00,    7.995408e+00,   -4.506847e+00,    2.857063e+00,   -1.693109e+00,   -4.460500e-03,   -1.279700e-02,    4.793700e-02,   -3.864600e-02,   -4.311400e-02,    2.289000e-02,    4.306600e-04,    2.550700e-03,    4.333000e-03,    4.333000e-03,    2.741200e-03,    2.741200e-03,    2.741200e-03,    2.741200e-03,    1.685500e-03,    1.685500e-03,
         5,    1.584800e+01,    2.006974e-03,   -1.519045e-02,    6.850051e-02,   -5.542105e-02,   -7.094271e-02,    4.293396e-02,   -5.513431e-03,    5.795904e-03,   -4.919959e-03,   -8.050458e-02,   -3.209878e+00,    2.785910e+00,    7.480161e+00,   -4.797794e+00,    2.656226e+00,   -1.544770e+00,    1.981700e-03,   -1.560400e-02,    5.826100e-02,   -4.653400e-02,   -4.708100e-02,    2.762900e-02,   -4.878500e-04,    2.873200e-03,    5.137000e-03,    5.137000e-03,    3.190000e-03,    3.190000e-03,    3.190000e-03,    3.190000e-03,    1.892000e-03,    1.892000e-03,
         5,    2.511800e+01,    8.449129e-03,   -1.665200e-02,    8.011141e-02,   -6.871745e-02,   -7.730453e-02,    5.706109e-02,   -6.788010e-03,    7.157061e-03,    9.815446e-02,   -1.083959e-01,   -2.592092e+00,    3.118297e+00,    6.543897e+00,   -4.443168e+00,    2.131123e+00,   -1.283655e+00,    9.067600e-03,   -1.733500e-02,    7.013600e-02,   -5.671700e-02,   -5.212100e-02,    3.996200e-02,   -1.468300e-03,    3.952800e-03,    6.301000e-03,    6.301000e-03,    3.848400e-03,    3.848400e-03,    3.848400e-03,    3.848400e-03,    2.496200e-03,    2.496200e-03,
         5,    3.981000e+01,    1.587420e-02,   -1.582576e-02,    9.535251e-02,   -8.911360e-02,   -8.789569e-02,    8.017795e-02,   -9.483869e-03,    9.191380e-03,   -1.026283e-02,    2.091560e-01,   -3.388531e+00,    4.132770e+00,    6.128005e+00,   -5.327605e+00,    1.831495e+00,   -9.936693e-01,    1.580100e-02,   -1.433400e-02,    7.962600e-02,   -6.993300e-02,   -5.945500e-02,    5.545200e-02,   -3.142500e-03,    5.750900e-03,    7.132300e-03,    7.132300e-03,    4.641100e-03,    4.641100e-03,    4.641100e-03,    4.641100e-03,    3.462400e-03,    3.462400e-03,
         5,    6.309500e+01,    2.222146e-02,   -1.179304e-02,    1.174066e-01,   -1.165190e-01,   -1.077337e-01,    1.118572e-01,   -1.395847e-02,    1.006999e-02,    2.056443e-01,    4.800623e-01,   -3.644058e+00,    3.924541e+00,    5.592892e+00,   -5.262781e+00,    1.895957e+00,   -8.627586e-01,    2.400800e-02,   -7.622500e-03,    9.544500e-02,   -9.286700e-02,   -7.402700e-02,    8.014000e-02,   -5.433300e-03,    6.190600e-03,    8.687500e-03,    8.687500e-03,    6.026700e-03,    6.026700e-03,    6.026700e-03,    6.026700e-03,    4.496500e-03,    4.496500e-03,
         6,    6.309500e+00,    1.955821e-01,   -1.035937e-01,    1.403244e-01,   -1.319078e-01,   -3.530025e-01,    2.308167e-01,   -1.724680e-01,    1.221702e-01,   -3.664325e+00,    2.186196e+00,   -7.402385e+00,    6.696918e+00,    2.419346e+01,   -1.692028e+01,    4.675530e+00,   -3.182592e+00,    1.253700e-01,   -6.170400e-02,    8.408700e-02,   -8.103000e-02,   -1.692000e-01,    1.022700e-01,   -7.631100e-02,    5.671700e-02,    1.916100e-02,    1.916100e-02,    7.597200e-03,    7.597200e-03,    7.597200e-03,    7.597200e-03,    2.056600e-02,    2.056600e-02,
         6,    1.000000e+01,    2.369312e-01,   -9.878123e-02,    1.817528e-01,   -1.568404e-01,   -4.326331e-01,    2.476605e-01,   -2.189434e-01,    1.273624e-01,   -3.868581e+00,    1.837164e+00,   -8.013709e+00,    6.887062e+00,    2.508739e+01,   -1.549410e+01,    5.050436e+00,   -2.855737e+00,    1.490100e-01,   -5.702800e-02,    1.088000e-01,   -9.414400e-02,   -2.042500e-01,    1.066100e-01,   -9.674300e-02,    5.826500e-02,    2.272700e-02,    2.272700e-02,    9.103500e-03,    9.103500e-03,    9.103500e-03,    9.103500e-03,    2.419600e-02,    2.419600e-02,
         6,    1.584800e+01,    2.738113e-01,   -8.252818e-02,    2.293752e-01,   -1.819306e-01,   -5.105368e-01,    2.546954e-01,   -2.673671e-01,    1.229703e-01,   -3.944717e+00,    1.373790e+00,   -8.842630e+00,    6.987566e+00,    2.544247e+01,   -1.382434e+01,    5.504347e+00,   -2.497993e+00,    1.704400e-01,   -4.652800e-02,    1.352100e-01,   -1.075200e-01,   -2.396000e-01,    1.074800e-01,   -1.159700e-01,    5.426300e-02,    2.620500e-02,    2.620500e-02,    1.064900e-02,    1.064900e-02,    1.064900e-02,    1.064900e-02,    2.750500e-02,    2.750500e-02,
         6,    2.511800e+01,    3.015879e-01,   -5.828874e-02,    2.815742e-01,   -2.084445e-01,   -5.808904e-01,    2.604852e-01,   -3.141366e-01,    1.067715e-01,   -3.931036e+00,    8.537197e-01,   -9.570317e+00,    6.782092e+00,    2.547209e+01,   -1.220116e+01,    6.048541e+00,   -1.855741e+00,    1.853000e-01,   -3.303400e-02,    1.642900e-01,   -1.253300e-01,   -2.687300e-01,    1.109600e-01,   -1.308900e-01,    5.055000e-02,    2.958200e-02,    2.958200e-02,    1.225500e-02,    1.225500e-02,    1.225500e-02,    1.225500e-02,    3.029600e-02,    3.029600e-02,
         6,    3.981000e+01,    3.187135e-01,   -2.912845e-02,    3.365632e-01,   -2.401222e-01,   -6.441611e-01,    2.748525e-01,   -3.529717e-01,    7.788684e-02,   -3.695214e+00,    3.577398e-01,   -9.713393e+00,    6.599444e+00,    2.489332e+01,   -1.106210e+01,    6.271054e+00,   -1.193311e+00,    1.961100e-01,   -1.725900e-02,    2.000900e-01,   -1.474000e-01,   -2.944100e-01,    1.194300e-01,   -1.465600e-01,    3.860900e-02,    3.317900e-02,    3.317900e-02,    1.405000e-02,    1.405000e-02,    1.405000e-02,    1.405000e-02,    3.291500e-02,    3.291500e-02,
         6,    6.309500e+01,    3.237234e-01,    2.878421e-03,    3.951540e-01,   -2.836888e-01,   -7.043231e-01,    3.068245e-01,   -3.778501e-01,    3.935299e-02,   -3.344249e+00,   -1.473454e-01,   -9.891364e+00,    6.593168e+00,    2.416415e+01,   -1.097025e+01,    6.345854e+00,   -6.131301e-01,    2.011700e-01,   -2.521200e-03,    2.370900e-01,   -1.783300e-01,   -3.181800e-01,    1.315200e-01,   -1.563100e-01,    1.794800e-02,    3.664600e-02,    3.664600e-02,    1.598000e-02,    1.598000e-02,    1.598000e-02,    1.598000e-02,    3.491100e-02,    3.491100e-02,
         7,    6.309500e+00,    4.885009e-03,   -7.022528e-04,    2.469018e-02,   -2.751294e-02,   -3.154773e-02,    2.937119e-02,   -5.911174e-04,    1.278750e-03,   -1.527805e-01,    1.259158e+00,    3.273433e+00,   -3.087245e+00,   -4.139021e+00,    3.553609e+00,   -1.996260e+00,    1.485904e+00,    4.524600e-03,    2.268100e-03,    3.337100e-02,   -3.570000e-02,   -4.252400e-02,    3.879500e-02,   -7.912800e-03,    6.728600e-03,    2.359000e-03,    2.359000e-03,    2.651900e-03,    2.651900e-03,    2.651900e-03,    2.651900e-03,    3.667700e-03,    3.667700e-03,
         7,    1.000000e+01,    5.502812e-03,    4.195322e-04,    3.263053e-02,   -3.489820e-02,   -4.013396e-02,    3.469968e-02,   -1.183775e-03,    1.013107e-03,   -4.778336e-01,    1.461925e+00,    3.451788e+00,   -2.747737e+00,   -4.176336e+00,    3.221754e+00,   -1.968676e+00,    1.315936e+00,    4.086800e-03,    4.751800e-03,    4.406700e-02,   -4.400200e-02,   -5.397100e-02,    4.537400e-02,   -9.698100e-03,    6.704400e-03,    2.963400e-03,    2.963400e-03,    3.313200e-03,    3.313200e-03,    3.313200e-03,    3.313200e-03,    4.324900e-03,    4.324900e-03,
         7,    1.584800e+01,    5.200583e-03,    2.073040e-03,    4.268770e-02,   -4.316053e-02,   -4.936164e-02,    4.084373e-02,   -1.545476e-03,    4.378200e-04,   -1.001520e+00,    1.313387e+00,    3.480071e+00,   -2.617284e+00,   -4.110049e+00,    3.078308e+00,   -1.896162e+00,    1.292340e+00,    1.718900e-03,    6.638900e-03,    5.688500e-02,   -5.383800e-02,   -6.612900e-02,    5.340200e-02,   -1.098400e-02,    6.870700e-03,    3.476400e-03,    3.476400e-03,    4.079600e-03,    4.079600e-03,    4.079600e-03,    4.079600e-03,    4.977700e-03,    4.977700e-03,
         7,    2.511800e+01,    3.721548e-03,    3.429720e-03,    5.474312e-02,   -5.254061e-02,   -5.935807e-02,    4.900535e-02,   -1.321435e-03,   -2.388018e-04,   -1.290430e+00,    1.111767e+00,    2.811167e+00,   -2.166716e+00,   -3.546922e+00,    3.036381e+00,   -1.640616e+00,    1.720054e+00,   -1.615800e-03,    8.028100e-03,    6.824600e-02,   -6.294800e-02,   -7.639500e-02,    6.359000e-02,   -1.055400e-02,    9.440800e-03,    4.136100e-03,    4.136100e-03,    4.803300e-03,    4.803300e-03,    4.803300e-03,    4.803300e-03,    5.627500e-03,    5.627500e-03,
         7,    3.981000e+01,    1.570676e-03,    3.684831e-03,    6.871329e-02,   -6.363786e-02,   -7.076658e-02,    6.038422e-02,   -4.595969e-04,   -3.423976e-04,   -1.167765e+00,    9.545448e-01,    2.829632e+00,   -2.308815e+00,   -3.549847e+00,    2.935285e+00,   -1.624684e+00,    1.971320e+00,   -4.182200e-03,    8.387300e-03,    8.534700e-02,   -7.721000e-02,   -9.163400e-02,    7.763900e-02,   -1.169900e-02,    1.329500e-02,    4.926400e-03,    4.926400e-03,    5.878400e-03,    5.878400e-03,    5.878400e-03,    5.878400e-03,    6.917900e-03,    6.917900e-03,
         7,    6.309500e+01,   -2.182795e-04,    2.617664e-03,    8.447856e-02,   -7.753016e-02,   -8.449191e-02,    7.628703e-02,    2.797404e-04,    6.811330e-04,   -1.120765e+00,    9.289514e-01,    2.567328e+00,   -2.338603e+00,   -3.343031e+00,    2.960682e+00,   -1.685535e+00,    2.125006e+00,   -6.581200e-03,    7.891600e-03,    1.027700e-01,   -9.419200e-02,   -1.083100e-01,    9.738100e-02,   -1.492800e-02,    1.985400e-02,    5.677300e-03,    5.677300e-03,    7.124700e-03,    7.124700e-03,    7.124700e-03,    7.124700e-03,    9.022500e-03,    9.022500e-03,
         8,    1.584800e+01,    2.686803e-02,   -5.700358e-03,    1.168908e-01,   -1.116673e-01,   -4.575051e-01,    2.382128e-01,   -5.165176e-02,    2.197868e-03,   -1.003578e+01,    6.067407e+00,   -3.726577e+00,   -6.880925e-01,    1.770675e+01,   -9.643404e+00,    2.465101e+00,   -5.854187e-01,   -3.260400e-01,    2.076600e-01,    7.804500e-02,   -1.188400e-01,   -2.729300e-01,    1.376900e-01,   -2.136800e-02,   -4.994000e-03,    3.516500e-02,    3.516500e-02,    1.042400e-02,    1.042400e-02,    1.042400e-02,    1.042400e-02,    1.228500e-02,    1.228500e-02,
         8,    2.511800e+01,    2.513526e-02,   -5.529926e-03,    1.405766e-01,   -1.367894e-01,   -5.196119e-01,    2.584970e-01,   -5.071594e-02,   -1.159472e-02,   -9.014962e+00,    5.427832e+00,   -2.280550e+00,   -2.432706e+00,    1.624357e+01,   -8.441584e+00,    2.223075e+00,   -1.827650e-01,   -3.835400e-01,    2.405300e-01,    1.106900e-01,   -1.686700e-01,   -3.067400e-01,    1.478700e-01,   -2.018200e-02,   -1.410500e-02,    4.533300e-02,    4.533300e-02,    1.310500e-02,    1.310500e-02,    1.310500e-02,    1.310500e-02,    1.373500e-02,    1.373500e-02,
         9,    6.309500e+00,   -8.218764e-03,   -1.487745e-03,    2.962258e-02,   -2.077731e-02,   -2.991224e-02,    1.713761e-02,    2.579406e-03,   -1.058637e-03,   -1.342672e+00,   -6.918413e-01,    1.448995e+00,   -8.004481e-01,   -1.008128e+00,    7.177585e-01,   -6.390191e-01,    8.175454e-01,   -1.284400e-02,   -3.871000e-03,    3.237900e-02,   -2.230000e-02,   -3.183000e-02,    1.850300e-02,    1.799100e-03,   -6.033200e-05,    3.444800e-03,    3.444800e-03,    1.902300e-03,    1.902300e-03,    1.902300e-03,    1.902300e-03,    1.221100e-03,    1.221100e-03,
         9,    1.000000e+01,   -7.430854e-03,   -1.971875e-03,    3.507823e-02,   -2.317921e-02,   -3.360907e-02,    2.018993e-02,    3.101077e-03,   -1.595195e-03,   -9.929089e-01,   -9.946158e-01,    1.489977e+00,   -9.740124e-01,   -7.794403e-01,    5.995550e-01,   -7.441483e-01,    7.566429e-01,   -1.096700e-02,   -5.514100e-03,    3.832400e-02,   -2.530100e-02,   -3.530700e-02,    2.149600e-02,    2.055400e-03,   -5.319600e-04,    3.561400e-03,    3.561400e-03,    2.178400e-03,    2.178400e-03,    2.178400e-03,    2.178400e-03,    1.405200e-03,    1.405200e-03,
         9,    1.584800e+01,   -6.541069e-03,   -2.345472e-03,    3.960756e-02,   -2.680690e-02,   -3.711961e-02,    2.518853e-02,    3.965993e-03,   -1.771953e-03,   -1.466256e-01,   -1.176037e+00,    1.181026e+00,   -8.677119e-01,   -3.814013e-01,    8.301849e-02,   -6.003941e-01,    5.888583e-01,   -7.033100e-03,   -6.291900e-03,    4.380800e-02,   -2.989300e-02,   -3.805900e-02,    2.539300e-02,    2.910500e-03,   -7.367400e-04,    3.355700e-03,    3.355700e-03,    3.556600e-03,    3.556600e-03,    2.463000e-03,    2.463000e-03,    1.758000e-03,    1.758000e-03,
         9,    2.511800e+01,   -5.234451e-03,   -2.515872e-03,    4.344421e-02,   -3.370055e-02,   -4.117460e-02,    3.355009e-02,    4.689925e-03,   -1.432258e-03,    1.063056e+00,   -8.796155e-01,    1.643122e+00,   -1.472178e+00,   -5.663748e-01,    4.065975e-01,    4.771182e-01,    3.068739e-01,   -2.259700e-03,   -4.977300e-03,    4.992600e-02,   -3.950800e-02,   -4.285300e-02,    3.475500e-02,    5.994700e-03,   -5.930500e-04,    2.798300e-03,    2.798300e-03,    3.944800e-03,    3.944800e-03,    2.963400e-03,    2.963400e-03,    2.734700e-03,    2.734700e-03,
         9,    3.981000e+01,   -3.551973e-03,   -1.783484e-03,    4.797081e-02,   -4.632482e-02,   -4.711881e-02,    4.653229e-02,    4.814825e-03,   -9.544366e-04,    1.930628e+00,   -7.696740e-01,    2.194544e+00,   -1.482527e+00,   -1.618463e+00,    1.429211e-01,    1.503626e+00,   -4.288381e-01,    1.611300e-03,   -3.841900e-03,    5.604300e-02,   -5.177800e-02,   -5.307200e-02,    4.705800e-02,    1.129500e-02,   -2.802600e-03,    2.674400e-03,    2.674400e-03,    3.678300e-03,    3.678300e-03,    3.678300e-03,    3.678300e-03,    4.309700e-03,    4.309700e-03,
         9,    6.309500e+01,   -2.574672e-03,    3.249553e-04,    5.666544e-02,   -6.680224e-02,   -5.684041e-02,    6.513393e-02,    4.396332e-03,   -9.916127e-04,    1.847670e+00,   -1.162506e+00,    2.217304e+00,   -1.424920e+00,   -8.062789e-01,    1.679560e+00,    9.333337e-01,   -5.453607e-02,    3.803300e-03,   -3.687900e-03,    6.748300e-02,   -7.375400e-02,   -6.077400e-02,    7.332800e-02,    8.370000e-03,   -1.223800e-03,    3.451900e-03,    3.451900e-03,    4.878700e-03,    4.878700e-03,    4.878700e-03,    4.878700e-03,    4.257500e-03,    4.257500e-03,
        10,    6.309500e+00,   -4.094575e-03,    6.962224e-03,    2.089539e-02,   -2.205756e-02,   -2.888248e-02,    2.375125e-02,    1.922115e-03,   -5.427107e-03,   -1.689746e+00,    1.803162e+00,    7.817836e+00,   -8.388606e+00,   -1.050495e+01,    1.031667e+01,    3.012457e+00,   -2.282611e+00,   -1.584000e-02,    1.949600e-02,    5.846400e-02,   -6.236900e-02,   -7.936400e-02,    7.332800e-02,    3.308900e-02,   -2.904300e-02,    6.951000e-03,    6.951000e-03,    4.805500e-03,    4.805500e-03,    4.805500e-03,    4.805500e-03,    1.034600e-02,    1.034600e-02,
        10,    1.000000e+01,   -7.214691e-03,    8.612988e-03,    2.653832e-02,   -2.790710e-02,   -3.555131e-02,    2.829094e-02,    3.874420e-03,   -7.476748e-03,   -1.664221e+00,    1.345696e+00,    7.894517e+00,   -8.724963e+00,   -1.088533e+01,    9.413042e+00,    2.944071e+00,   -2.151191e+00,   -2.129700e-02,    2.000000e-02,    7.378700e-02,   -8.012600e-02,   -1.007000e-01,    8.462800e-02,    4.095500e-02,   -3.457100e-02,    8.461800e-03,    8.461800e-03,    5.985000e-03,    5.985000e-03,    5.985000e-03,    5.985000e-03,    1.259500e-02,    1.259500e-02,
        10,    1.584800e+01,   -1.129598e-02,    9.160058e-03,    3.325948e-02,   -3.542431e-02,   -4.268653e-02,    3.376582e-02,    7.190961e-03,   -9.362905e-03,   -1.870714e+00,    9.241326e-01,    8.424860e+00,   -9.193600e+00,   -1.077639e+01,    8.679228e+00,    3.058136e+00,   -2.202627e+00,   -3.164000e-02,    1.921000e-02,    9.637600e-02,   -1.043000e-01,   -1.234200e-01,    9.878800e-02,    5.595600e-02,   -4.448600e-02,    1.087500e-02,    1.087500e-02,    7.491700e-03,    7.491700e-03,    7.491700e-03,    7.491700e-03,    1.594600e-02,    1.594600e-02,
        10,    2.511800e+01,   -1.560821e-02,    7.924979e-03,    4.157110e-02,   -4.559677e-02,   -5.041597e-02,    4.135468e-02,    1.186460e-02,   -9.925776e-03,   -1.902858e+00,    6.344937e-01,    8.630803e+00,   -9.349881e+00,   -1.051729e+01,    8.248617e+00,    2.902829e+00,   -2.222582e+00,   -4.084200e-02,    1.633900e-02,    1.202400e-01,   -1.308200e-01,   -1.462800e-01,    1.165400e-01,    6.655100e-02,   -5.179700e-02,    1.326100e-02,    1.326100e-02,    9.114900e-03,    9.114900e-03,    9.114900e-03,    9.114900e-03,    1.883900e-02,    1.883900e-02,
        10,    3.981000e+01,   -1.887476e-02,    4.841983e-03,    5.264872e-02,   -5.938192e-02,   -5.948551e-02,    5.229948e-02,    1.665834e-02,   -8.170897e-03,   -2.145396e+00,    3.432381e-01,    8.694993e+00,   -9.277924e+00,   -1.043959e+01,    8.081483e+00,    3.059478e+00,   -2.369926e+00,   -5.469000e-02,    1.057200e-02,    1.504500e-01,   -1.637400e-01,   -1.769100e-01,    1.432000e-01,    8.932400e-02,   -6.445900e-02,    1.669400e-02,    1.669400e-02,    1.124800e-02,    1.124800e-02,    1.124800e-02,    1.124800e-02,    2.375100e-02,    2.375100e-02,
        11,    6.309500e+00,   -3.858735e-02,    1.371887e-03,    4.479973e-02,   -4.118914e-02,   -6.029510e-02,    3.086621e-02,    4.569269e-03,   -7.962212e-04,   -2.479081e-01,    8.490191e-01,   -3.545713e+00,    2.209175e+00,    2.178430e+00,   -5.037289e-01,   -1.345773e+00,    6.251201e-01,   -4.026100e-02,    7.103700e-03,    3.499300e-02,   -3.507900e-02,   -5.427000e-02,    2.947300e-02,    2.203400e-03,    3.027400e-04,    6.751100e-03,    6.751100e-03,    2.765800e-03,    2.765800e-03,    2.765800e-03,    2.765800e-03,    1.758000e-03,    1.758000e-03,
        11,    1.000000e+01,   -3.911111e-02,   -5.068258e-03,    5.738859e-02,   -4.884049e-02,   -6.769087e-02,    3.389143e-02,    4.933376e-03,   -8.227630e-04,   -4.311105e-01,    7.416836e-01,   -3.450597e+00,    1.576702e+00,    1.870794e+00,   -1.015707e+00,   -1.453750e+00,    3.618554e-01,   -4.246700e-02,    7.052300e-04,    4.600300e-02,   -4.363800e-02,   -6.151800e-02,    3.054000e-02,    2.231000e-03,   -1.501100e-04,    7.784300e-03,    7.784300e-03,    3.299600e-03,    3.299600e-03,    3.299600e-03,    3.299600e-03,    1.858900e-03,    1.858900e-03,
        11,    1.584800e+01,   -3.614995e-02,   -1.222743e-02,    7.086730e-02,   -5.687234e-02,   -7.354366e-02,    3.937856e-02,    5.311748e-03,   -7.070092e-04,   -6.315964e-01,    5.971855e-01,   -2.818822e+00,    1.196186e+00,    1.786015e+00,   -1.486057e+00,   -1.036808e+00,   -9.163774e-02,   -4.164200e-02,   -7.034600e-03,    6.000300e-02,   -5.226200e-02,   -6.666000e-02,    3.365100e-02,    2.949900e-03,   -9.157600e-04,    8.695500e-03,    8.695500e-03,    3.854200e-03,    3.854200e-03,    3.854200e-03,    3.854200e-03,    2.278000e-03,    2.278000e-03,
        11,    2.511800e+01,   -2.921142e-02,   -1.820439e-02,    8.461804e-02,   -6.713806e-02,   -7.869659e-02,    5.073294e-02,    5.683749e-03,   -4.529546e-04,   -9.372567e-01,    5.158157e-01,   -2.521757e+00,    1.265306e+00,    2.121792e+00,   -1.874930e+00,   -1.351616e+00,   -2.646844e-01,   -3.794300e-02,   -1.339900e-02,    7.348700e-02,   -6.155300e-02,   -6.933100e-02,    4.245700e-02,    2.614500e-03,   -1.054000e-03,    9.316100e-03,    9.316100e-03,    4.414000e-03,    4.414000e-03,    4.414000e-03,    4.414000e-03,    2.270800e-03,    2.270800e-03,
        11,    3.981000e+01,   -1.930898e-02,   -2.062046e-02,    9.911138e-02,   -8.236744e-02,   -8.660206e-02,    7.111873e-02,    6.005672e-03,    4.926647e-05,   -1.108226e+00,    2.465224e-01,   -2.490173e+00,    2.050777e+00,    2.679960e+00,   -2.435997e+00,   -8.190014e-01,   -2.734452e-01,   -2.971800e-02,   -1.830500e-02,    8.634900e-02,   -7.185700e-02,   -7.286700e-02,    5.863400e-02,    3.699200e-03,   -7.208100e-04,    9.392500e-03,    9.392500e-03,    5.125100e-03,    5.125100e-03,    5.125100e-03,    5.125100e-03,    2.816200e-03,    2.816200e-03,
        11,    6.309500e+01,   -9.404891e-03,   -1.796095e-02,    1.164721e-01,   -1.056860e-01,   -1.025674e-01,    1.011113e-01,    6.066567e-03,    8.582041e-04,   -1.272431e+00,   -5.434835e-02,   -1.696835e+00,    1.636122e+00,    1.934063e+00,   -1.346281e+00,   -4.542597e-01,   -5.987564e-01,   -2.148700e-02,   -1.847700e-02,    1.050400e-01,   -9.466300e-02,   -8.953700e-02,    9.204100e-02,    4.409700e-03,   -1.325700e-03,    9.495300e-03,    9.495300e-03,    6.737300e-03,    6.737300e-03,    6.737300e-03,    6.737300e-03,    3.647400e-03,    3.647400e-03,
        12,    6.309500e+00,   -2.753851e-03,   -8.370347e-03,    4.164890e-02,   -3.726809e-02,   -4.242680e-02,    3.173048e-02,   -7.779091e-03,    6.304849e-03,   -1.472192e+00,    4.294075e-01,   -9.673946e+00,    9.225809e+00,    7.080454e+00,   -7.307880e+00,    7.242277e+00,   -4.456038e+00,   -6.735100e-03,   -7.209100e-03,    2.503100e-02,   -2.142000e-02,   -3.026400e-02,    1.917700e-02,    2.497700e-03,   -1.826800e-05,    2.704300e-03,    2.704300e-03,    1.717800e-03,    1.717800e-03,    1.717800e-03,    1.717800e-03,    1.419000e-03,    1.419000e-03,
        12,    1.000000e+01,    2.243665e-03,   -6.412866e-03,    5.154713e-02,   -4.501708e-02,   -4.910326e-02,    4.033605e-02,   -1.163948e-02,    3.603099e-03,   -3.413748e+00,    7.471903e-01,   -1.054767e+01,    8.723588e+00,    7.673033e+00,   -8.003551e+00,    6.340206e+00,   -3.308857e+00,   -7.213100e-03,   -4.343000e-03,    3.001300e-02,   -2.720700e-02,   -3.343800e-02,    2.399600e-02,    1.054300e-02,   -7.973600e-03,    2.770200e-03,    2.770200e-03,    2.041600e-03,    2.041600e-03,    2.041600e-03,    2.041600e-03,    3.498700e-03,    3.498700e-03,
        12,    1.584800e+01,    4.862846e-03,   -1.615171e-03,    6.173566e-02,   -5.516691e-02,   -5.732469e-02,    5.300768e-02,   -1.340748e-02,   -1.437967e-03,   -4.207688e+00,    4.423709e-01,   -9.856302e+00,    7.661963e+00,    7.228450e+00,   -7.395030e+00,    5.962071e+00,   -2.742197e+00,   -7.366800e-03,   -3.294200e-04,    3.647100e-02,   -3.552700e-02,   -3.879600e-02,    3.405200e-02,    1.823800e-02,   -1.599300e-02,    2.906500e-03,    2.906500e-03,    2.563300e-03,    2.563300e-03,    2.563300e-03,    2.563300e-03,    5.307800e-03,    5.307800e-03,
        12,    2.511800e+01,    3.575130e-03,    3.404648e-03,    7.308373e-02,   -7.018916e-02,   -6.886730e-02,    7.095915e-02,   -1.177962e-02,   -7.259386e-03,   -3.310104e+00,    4.252996e-02,   -8.927864e+00,    7.451661e+00,    6.530874e+00,   -7.347060e+00,    5.161547e+00,   -1.998244e+00,   -8.352500e-03,    3.557900e-03,    4.397800e-02,   -4.589600e-02,   -4.757600e-02,    4.700700e-02,    2.404100e-02,   -2.112700e-02,    3.603400e-03,    3.603400e-03,    3.260100e-03,    3.260100e-03,    3.260100e-03,    3.260100e-03,    6.939900e-03,    6.939900e-03,
        12,    3.981000e+01,   -1.911589e-04,    5.832569e-03,    8.725542e-02,   -9.229792e-02,   -8.508886e-02,    9.466245e-02,   -6.867074e-03,   -1.150629e-02,   -2.306419e+00,    5.648313e-01,   -8.407228e+00,    8.582061e+00,    6.167757e+00,   -7.771254e+00,    4.038991e+00,   -1.742816e+00,   -1.190200e-02,    8.700500e-03,    5.275300e-02,   -5.707800e-02,   -5.977700e-02,    6.277000e-02,    2.831900e-02,   -2.668900e-02,    5.077500e-03,    5.077500e-03,    4.103900e-03,    4.103900e-03,    4.103900e-03,    4.103900e-03,    8.711600e-03,    8.711600e-03,
        12,    6.309500e+01,   -3.637126e-03,    5.650147e-03,    1.066356e-01,   -1.239285e-01,   -1.066130e-01,    1.257739e-01,   -8.621418e-04,   -1.265845e-02,   -1.542515e+00,    1.149279e+00,   -6.886627e+00,    8.124610e+00,    4.962940e+00,   -6.537783e+00,    2.914743e+00,   -2.106199e+00,   -1.404000e-02,    1.340100e-02,    6.826400e-02,   -7.865900e-02,   -7.896000e-02,    8.934600e-02,    3.263700e-02,   -3.686500e-02,    6.744100e-03,    6.744100e-03,    5.571900e-03,    5.571900e-03,    5.571900e-03,    5.571900e-03,    1.149300e-02,    1.149300e-02,
        13,    6.309500e+00,   -1.350571e-02,   -1.569548e-03,    1.418997e-02,   -1.768879e-02,   -2.474622e-02,    1.499879e-02,    2.409478e-03,   -1.561178e-03,   -2.747418e-01,   -8.058640e-01,    2.542275e+00,   -2.793742e+00,   -3.350450e+00,    2.711417e+00,   -4.930322e-01,    4.020173e-01,   -1.435900e-02,   -4.072400e-03,    1.826600e-02,   -2.216800e-02,   -3.011800e-02,    1.934600e-02,    1.774600e-03,   -1.043500e-03,    3.105800e-03,    3.105800e-03,    1.603300e-03,    1.603300e-03,    1.603300e-03,    1.603300e-03,    1.287700e-03,    1.287700e-03,
        13,    1.000000e+01,   -1.217962e-02,   -3.655040e-03,    1.901054e-02,   -2.367885e-02,   -2.757487e-02,    1.832922e-02,    3.534079e-03,   -2.367771e-03,   -1.272306e-01,   -9.183973e-01,    3.149753e+00,   -2.511031e+00,   -3.447214e+00,    2.243429e+00,    1.838302e-01,    2.353646e-01,   -1.262700e-02,   -6.884400e-03,    2.526500e-02,   -2.866500e-02,   -3.442000e-02,    2.278400e-02,    3.903100e-03,   -1.895300e-03,    3.516300e-03,    3.516300e-03,    1.985700e-03,    1.985700e-03,    1.985700e-03,    1.985700e-03,    2.007400e-03,    2.007400e-03,
        13,    2.511800e+01,   -7.585961e-03,   -4.922336e-03,    3.341059e-02,   -3.807064e-02,   -3.502791e-02,    3.265102e-02,    6.307148e-03,   -7.514052e-04,    7.081192e-01,   -1.394902e+00,    2.791423e+00,   -2.173308e+00,   -2.579836e+00,    2.587804e+00,    3.059475e-01,    6.990531e-01,   -4.769700e-03,   -1.047000e-02,    4.177900e-02,   -4.458600e-02,   -4.276200e-02,    4.040900e-02,    7.265100e-03,    1.437400e-03,    3.977100e-03,    3.977100e-03,    2.997900e-03,    2.997900e-03,    2.997900e-03,    2.997900e-03,    3.131100e-03,    3.131100e-03,
        13,    3.981000e+01,   -5.495771e-03,   -4.221038e-03,    4.250332e-02,   -4.812790e-02,   -4.167125e-02,    4.529347e-02,    6.354208e-03,    1.068601e-03,    5.375415e-01,   -1.453212e+00,    1.953848e+00,   -2.280823e+00,   -2.249089e+00,    2.387121e+00,    2.568678e-01,    1.029275e+00,   -3.178000e-03,   -1.048700e-02,    4.979000e-02,   -5.663400e-02,   -5.005900e-02,    5.419600e-02,    7.341300e-03,    5.023900e-03,    4.311800e-03,    4.311800e-03,    3.729400e-03,    3.729400e-03,    3.729400e-03,    3.729400e-03,    3.842800e-03,    3.842800e-03,
        13,    6.309500e+01,   -3.985876e-03,   -2.938644e-03,    5.366531e-02,   -6.184244e-02,   -5.236170e-02,    6.242562e-02,    5.255456e-03,    2.535092e-03,    9.512179e-01,   -1.704100e+00,    1.969264e+00,   -3.556635e+00,   -1.929203e+00,    2.961823e+00,   -3.250637e-01,    1.405026e+00,    9.783400e-04,   -1.183200e-02,    6.356500e-02,   -7.972200e-02,   -6.206000e-02,    7.731500e-02,    3.731200e-03,    9.123400e-03,    5.218800e-03,    5.218800e-03,    5.027100e-03,    5.027100e-03,    5.027100e-03,    5.027100e-03,    4.689100e-03,    4.689100e-03,
        14,    6.309500e+00,    2.250718e-03,    2.238272e-03,    1.944872e-02,   -2.676372e-02,   -1.247681e-01,    7.548522e-02,   -1.446018e-02,    2.726833e-03,    6.410301e+00,   -3.421511e+00,    4.849967e+00,   -6.487073e+00,   -9.924009e+00,    5.331293e+00,   -1.333387e+00,    1.800479e+00,    9.888600e-02,   -4.934100e-02,    5.436800e-02,   -7.347000e-02,   -1.962200e-01,    1.138700e-01,   -3.496900e-02,    3.042000e-02,    1.507500e-02,    1.507500e-02,    7.199900e-03,    7.199900e-03,    7.199900e-03,    7.199900e-03,    1.538100e-02,    1.538100e-02,
        14,    1.000000e+01,    1.226230e-03,    3.617938e-03,    2.439943e-02,   -3.655683e-02,   -1.470634e-01,    8.346323e-02,   -1.569429e-02,   -2.612382e-03,    6.003529e+00,   -3.033201e+00,    6.011814e+00,   -6.189818e+00,   -9.669167e+00,    4.047537e+00,   -1.688517e+00,    1.810570e+00,    1.097100e-01,   -5.119200e-02,    7.761300e-02,   -9.134600e-02,   -2.326500e-01,    1.192900e-01,   -4.604200e-02,    2.992900e-02,    1.807000e-02,    1.807000e-02,    8.851500e-03,    8.851500e-03,    8.851500e-03,    8.851500e-03,    1.797300e-02,    1.797300e-02,
        14,    1.584800e+01,   -4.194707e-04,    4.502132e-03,    3.104428e-02,   -5.084340e-02,   -1.685699e-01,    9.303890e-02,   -1.286813e-02,   -8.346752e-03,    5.447057e+00,   -2.629205e+00,    6.323097e+00,   -6.798911e+00,   -8.970302e+00,    3.152897e+00,   -2.008677e+00,    2.021941e+00,    1.156900e-01,   -5.154200e-02,    9.957400e-02,   -1.245300e-01,   -2.657900e-01,    1.272100e-01,   -5.404200e-02,    3.309900e-02,    2.131600e-02,    2.131600e-02,    1.083800e-02,    1.083800e-02,    1.083800e-02,    1.083800e-02,    2.049800e-02,    2.049800e-02,
        14,    2.511800e+01,   -1.966028e-03,    4.761199e-03,    4.132686e-02,   -7.150235e-02,   -1.903945e-01,    1.085093e-01,   -6.578818e-03,   -1.120906e-02,    5.220128e+00,   -3.470957e+00,    4.285796e+00,   -6.855529e+00,   -8.507057e+00,    3.401396e+00,   -2.063423e+00,    2.195065e+00,    1.281300e-01,   -8.174200e-02,    9.384500e-02,   -1.555100e-01,   -2.946400e-01,    1.501900e-01,   -5.112400e-02,    3.617800e-02,    2.492200e-02,    2.492200e-02,    1.225400e-02,    1.225400e-02,    1.225400e-02,    1.225400e-02,    2.158800e-02,    2.158800e-02,
        14,    3.981000e+01,   -2.884436e-03,    5.178029e-03,    5.815849e-02,   -9.940829e-02,   -2.167212e-01,    1.324151e-01,   -2.766295e-04,   -9.633481e-03,    4.584194e+00,   -3.437197e+00,    4.110440e+00,   -7.286901e+00,   -7.049687e+00,    3.047125e+00,   -2.040368e+00,    2.416575e+00,    1.339400e-01,   -9.741200e-02,    1.190300e-01,   -2.073200e-01,   -3.211200e-01,    1.775400e-01,   -4.866600e-02,    4.767800e-02,    2.984700e-02,    2.984700e-02,    1.480900e-02,    1.480900e-02,    1.480900e-02,    1.480900e-02,    2.371600e-02,    2.371600e-02,
        14,    6.309500e+01,   -3.936198e-03,    6.685265e-03,    8.398268e-02,   -1.341699e-01,   -2.514840e-01,    1.639109e-01,    3.026063e-03,   -5.739946e-03,    4.168509e+00,   -3.560778e+00,    3.057930e+00,   -8.162116e+00,   -6.181669e+00,    3.146583e+00,   -1.398397e+00,    2.846035e+00,    1.533500e-01,   -1.276700e-01,    1.402700e-01,   -2.844100e-01,   -3.652700e-01,    2.218300e-01,   -3.652900e-02,    7.476300e-02,    3.773200e-02,    3.773200e-02,    1.840700e-02,    1.840700e-02,    1.840700e-02,    1.840700e-02,    2.828600e-02,    2.828600e-02,
        15,    6.309500e+00,   -1.402936e-02,    8.170390e-03,    2.107922e-02,   -2.478479e-02,   -1.958048e-02,    1.772585e-02,    5.914083e-04,   -8.808600e-04,   -1.702238e+00,    8.636682e-01,    7.566494e-01,   -1.556664e+00,   -1.743415e+00,    2.880912e+00,   -1.776065e+00,    1.643637e+00,   -2.159700e-02,    1.201000e-02,    2.243400e-02,   -2.757200e-02,   -2.251500e-02,    2.257500e-02,   -1.243800e-03,    8.175100e-04,    4.445700e-03,    4.445700e-03,    1.790500e-03,    1.790500e-03,    1.683200e-03,    1.683200e-03,    1.033300e-03,    1.033300e-03,
        15,    1.000000e+01,   -1.736116e-02,    8.237109e-03,    2.791589e-02,   -3.138985e-02,   -2.387472e-02,    2.187389e-02,    7.886859e-04,   -1.487344e-03,   -1.708148e+00,    5.517331e-01,    6.717709e-01,   -2.400747e+00,   -1.826060e+00,    2.299052e+00,   -1.953975e+00,    1.781315e+00,   -2.681900e-02,    1.129200e-02,    2.934300e-02,   -3.649000e-02,   -2.775400e-02,    2.675800e-02,   -1.704000e-03,    7.850800e-04,    5.536900e-03,    5.536900e-03,    2.124400e-03,    2.124400e-03,    2.124400e-03,    2.124400e-03,    1.275700e-03,    1.275700e-03,
        15,    1.584800e+01,   -2.067676e-02,    7.351804e-03,    3.597433e-02,   -3.917690e-02,   -2.839834e-02,    2.748731e-02,    1.214841e-03,   -2.199777e-03,   -1.701628e+00,    1.269377e-01,    9.586781e-01,   -3.357348e+00,   -1.394766e+00,    1.937445e+00,   -2.208067e+00,    1.856747e+00,   -3.223200e-02,    8.213800e-03,    3.852000e-02,   -4.809200e-02,   -3.210200e-02,    3.263200e-02,   -2.037200e-03,    5.348400e-04,    6.790700e-03,    6.790700e-03,    2.655400e-03,    2.655400e-03,    2.655400e-03,    2.655400e-03,    1.472800e-03,    1.472800e-03,
        15,    2.511800e+01,   -2.364863e-02,    5.609428e-03,    4.522317e-02,   -4.937370e-02,   -3.338140e-02,    3.594853e-02,    1.898157e-03,   -3.053693e-03,   -1.615236e+00,   -1.833934e-01,    1.405764e+00,   -3.501125e+00,   -1.792696e+00,    1.320155e+00,   -2.396352e+00,    2.453321e+00,   -3.672800e-02,    4.124400e-03,    4.990900e-02,   -6.104400e-02,   -3.935700e-02,    4.034900e-02,   -1.585900e-03,    5.131900e-04,    8.097500e-03,    8.097500e-03,    3.333300e-03,    3.333300e-03,    3.333300e-03,    3.333300e-03,    1.453900e-03,    1.453900e-03,
        15,    3.981000e+01,   -2.625072e-02,    2.848903e-03,    5.666838e-02,   -6.369875e-02,   -3.976924e-02,    4.881915e-02,    3.063496e-03,   -4.044577e-03,   -1.476784e+00,   -5.899977e-01,    2.086366e+00,   -3.358908e+00,   -1.182409e+00,    1.531111e+00,   -1.529306e-01,    2.637095e+00,   -4.049800e-02,   -2.843100e-03,    6.555400e-02,   -7.800400e-02,   -4.480500e-02,    5.534000e-02,    2.703100e-03,    2.170000e-03,    9.647500e-03,    9.647500e-03,    4.258900e-03,    4.258900e-03,    4.258900e-03,    4.258900e-03,    2.356600e-03,    2.356600e-03,
        15,    6.309500e+01,   -2.790977e-02,   -1.623851e-03,    7.264519e-02,   -8.321170e-02,   -4.904744e-02,    6.768688e-02,    4.980854e-03,   -4.748892e-03,   -1.013928e+00,   -1.228317e+00,    2.453706e+00,   -2.418532e+00,   -7.354390e-01,    2.433994e+00,   -4.877024e-02,    1.622231e+00,   -3.913700e-02,   -1.522500e-02,    8.642300e-02,   -9.679200e-02,   -5.317700e-02,    8.135400e-02,    4.822000e-03,    5.350400e-04,    1.107300e-02,    1.107300e-02,    5.615100e-03,    5.615100e-03,    5.615100e-03,    5.615100e-03,    3.257200e-03,    3.257200e-03,
        16,    6.309500e+00,   -5.991054e-03,   -2.333279e-03,    2.617241e-02,   -2.596135e-02,   -3.418433e-02,    2.570409e-02,    3.994544e-03,    7.480808e-04,   -4.398331e-01,   -6.500976e-01,   -6.583169e-01,   -9.269336e-01,   -2.039465e+00,    1.854624e+00,   -1.652535e+00,    1.079584e+00,   -7.146100e-03,   -4.040500e-03,    2.477000e-02,   -2.793600e-02,   -3.852900e-02,    2.965500e-02,    1.068400e-03,    2.659700e-03,    2.626100e-03,    2.626100e-03,    2.130300e-03,    2.130300e-03,    2.130300e-03,    2.130300e-03,    1.770700e-03,    1.770700e-03,
        16,    2.511800e+01,   -7.815235e-04,   -5.664182e-03,    5.023224e-02,   -5.204512e-02,   -5.631661e-02,    5.550084e-02,    7.802904e-04,    4.591353e-03,    8.362777e-01,   -1.236157e+00,    8.936279e-01,    5.189990e-01,   -1.694840e+00,    1.865714e+00,   -1.184794e+00,    1.845562e-01,    2.846500e-03,   -1.102700e-02,    5.385000e-02,   -4.994400e-02,   -6.317800e-02,    6.305400e-02,   -3.421700e-03,    5.245900e-03,    4.338300e-03,    4.338300e-03,    4.048400e-03,    4.048400e-03,    4.048400e-03,    4.048400e-03,    3.546600e-03,    3.546600e-03,
        16,    3.981000e+01,    1.130372e-03,   -5.352713e-03,    6.262328e-02,   -6.757106e-02,   -7.089866e-02,    7.342776e-02,   -1.099551e-03,    4.546232e-03,    8.781710e-01,   -1.679088e+00,    5.983107e-01,    6.180006e-01,   -1.960239e+00,    2.222076e+00,   -1.060087e+00,    7.920440e-02,    6.240800e-03,   -1.512400e-02,    6.573300e-02,   -6.435900e-02,   -8.108700e-02,    8.497700e-02,   -5.863900e-03,    4.902200e-03,    5.819400e-03,    5.819400e-03,    5.197500e-03,    5.197500e-03,    5.197500e-03,    5.197500e-03,    4.494300e-03,    4.494300e-03,
        16,    6.309500e+01,    2.320003e-03,   -5.174254e-03,    7.998915e-02,   -8.780054e-02,   -9.114484e-02,    9.410109e-02,   -2.232254e-03,    4.194534e-03,    1.883030e+00,   -7.346856e-01,   -1.008490e-01,    4.283674e-01,   -2.189899e+00,    1.910393e+00,   -4.841660e-01,    2.637849e-01,    1.543700e-02,   -1.029200e-02,    7.932300e-02,   -8.497100e-02,   -1.056100e-01,    1.067200e-01,   -4.615900e-03,    5.493200e-03,    6.965900e-03,    6.965900e-03,    6.605400e-03,    6.605400e-03,    6.605400e-03,    6.605400e-03,    4.923200e-03,    4.923200e-03,
        17,    6.309500e+00,   -6.568099e-03,   -6.381104e-03,    4.172022e-02,   -3.310193e-02,   -3.596564e-02,    2.703655e-02,   -2.410069e-04,    3.377800e-03,   -3.990358e+00,   -5.490025e-02,   -5.938666e+00,    7.689850e+00,    6.182204e+00,   -4.671175e+00,    1.398374e+00,   -7.618847e-01,   -2.523300e-02,   -6.637900e-03,    3.151700e-02,   -1.989000e-02,   -2.534400e-02,    1.901100e-02,    1.765100e-03,    2.284800e-03,    4.677500e-03,    4.677500e-03,    1.718100e-03,    1.718100e-03,    1.718100e-03,    1.718100e-03,    1.434600e-03,    1.434600e-03,
        17,    1.000000e+01,   -3.507628e-03,   -6.921900e-03,    4.996440e-02,   -3.832062e-02,   -4.087030e-02,    3.520453e-02,   -1.565390e-03,    3.103126e-03,   -3.877868e+00,   -5.479155e-01,   -7.122681e+00,    7.344213e+00,    5.497251e+00,   -4.062257e+00,    1.642596e+00,   -2.883699e+00,   -2.204500e-02,   -9.541100e-03,    3.532800e-02,   -2.322900e-02,   -2.957400e-02,    2.685700e-02,   -2.113000e-04,    7.259200e-04,    4.780300e-03,    4.780300e-03,    2.054900e-03,    2.054900e-03,    2.054900e-03,    2.054900e-03,    8.243600e-04,    8.243600e-04,
        17,    1.584800e+01,   -8.962048e-04,   -6.389294e-03,    5.700772e-02,   -4.620223e-02,   -4.681152e-02,    4.771693e-02,   -2.254174e-03,    2.733827e-03,   -3.277719e+00,   -8.891900e-01,   -7.467190e+00,    7.308672e+00,    4.521407e+00,   -4.498493e+00,    2.749456e-01,   -1.495767e+00,   -1.560300e-02,   -1.037900e-02,    3.856600e-02,   -2.815200e-02,   -3.564500e-02,    3.660700e-02,   -1.846100e-03,    5.138100e-04,    4.486900e-03,    4.486900e-03,    2.469700e-03,    2.469700e-03,    2.469700e-03,    2.469700e-03,    1.484200e-03,    1.484200e-03,
        17,    2.511800e+01,    7.495046e-04,   -5.554818e-03,    6.379390e-02,   -6.025353e-02,   -5.539194e-02,    6.632859e-02,   -2.592010e-03,    2.853938e-03,   -2.069702e+00,    7.742666e-01,   -5.761278e+00,    6.504807e+00,    4.038929e+00,   -4.093211e+00,   -4.173971e-01,    1.685784e-01,   -5.245800e-03,   -3.312000e-03,    4.536300e-02,   -3.944400e-02,   -4.247100e-02,    5.323400e-02,   -3.748200e-03,    3.320900e-03,    2.896700e-03,    2.896700e-03,    3.199100e-03,    3.199100e-03,    3.199100e-03,    3.199100e-03,    2.770000e-03,    2.770000e-03,
        17,    3.981000e+01,    1.621028e-03,   -5.434643e-03,    7.320898e-02,   -8.360822e-02,   -6.823551e-02,    9.244731e-02,   -3.124392e-03,    3.682073e-03,   -1.391997e-01,    4.138932e+00,   -3.359100e+00,    6.566668e+00,    3.637936e+00,   -2.719936e+00,   -9.662577e-01,    9.000141e-01,    8.074200e-04,    1.875700e-02,    5.882800e-02,   -5.549500e-02,   -4.769900e-02,    7.709300e-02,   -7.720300e-03,    7.962900e-03,    5.844900e-03,    5.844900e-03,    4.281200e-03,    4.281200e-03,    5.645100e-03,    5.645100e-03,    4.756400e-03,    4.756400e-03,
        17,    6.309500e+01,    2.978354e-03,   -6.526947e-03,    8.908386e-02,   -1.181723e-01,   -8.695822e-02,    1.285623e-01,   -4.672755e-03,    4.990409e-03,   -5.166349e-01,    3.908870e+00,   -3.190708e+00,    5.092356e+00,    4.393328e+00,   -1.948999e+00,   -7.135786e-01,   -2.738395e-01,   -1.043700e-03,    2.390400e-02,    7.019200e-02,   -8.802100e-02,   -5.214900e-02,    1.131200e-01,   -8.259700e-03,    3.613900e-03,    7.785100e-03,    7.785100e-03,    5.920900e-03,    5.920900e-03,    7.923200e-03,    7.923200e-03,    5.026700e-03,    5.026700e-03,
        18,    6.309500e+00,    5.217743e-02,   -2.709520e-02,    5.696801e-02,   -6.039203e-02,   -3.534950e-01,    2.408781e-01,   -1.649286e-01,    1.135846e-01,    5.701135e+00,   -3.701086e+00,    3.457073e+00,   -3.319671e+00,   -2.263116e+01,    1.475012e+01,   -1.782809e+00,    1.505790e+00,    2.554400e-01,   -1.590500e-01,    1.325500e-01,   -1.329700e-01,   -8.482800e-01,    5.633600e-01,   -3.422700e-01,    2.633700e-01,    3.565300e-02,    3.565300e-02,    2.186300e-02,    2.186300e-02,    2.186300e-02,    2.186300e-02,    9.947300e-02,    9.947300e-02,
        18,    1.000000e+01,    6.377207e-02,   -2.717855e-02,    7.259636e-02,   -7.575931e-02,   -4.366218e-01,    2.699122e-01,   -2.120377e-01,    1.145042e-01,    5.705637e+00,   -3.228205e+00,    3.818824e+00,   -2.900488e+00,   -2.208997e+01,    1.247849e+01,   -1.926470e+00,    1.322046e+00,    3.035800e-01,   -1.628600e-01,    1.710800e-01,   -1.505600e-01,   -1.006300e+00,    5.917200e-01,   -4.352000e-01,    2.676500e-01,    4.203000e-02,    4.203000e-02,    2.578900e-02,    2.578900e-02,    2.578900e-02,    2.578900e-02,    1.158400e-01,    1.158400e-01,
        18,    1.584800e+01,    7.527020e-02,   -2.328807e-02,    9.080807e-02,   -9.494313e-02,   -5.240621e-01,    2.898961e-01,   -2.589417e-01,    9.989369e-02,    5.633886e+00,   -2.838519e+00,    4.183218e+00,   -2.321000e+00,   -2.143846e+01,    1.068486e+01,   -2.059548e+00,    1.049288e+00,    3.473700e-01,   -1.603800e-01,    2.155600e-01,   -1.641600e-01,   -1.163400e+00,    6.085400e-01,   -5.283100e-01,    2.371300e-01,    4.829700e-02,    4.829700e-02,    2.982200e-02,    2.982200e-02,    2.982200e-02,    2.982200e-02,    1.307900e-01,    1.307900e-01,
        18,    2.511800e+01,    8.468507e-02,   -1.561852e-02,    1.115307e-01,   -1.208041e-01,   -6.110244e-01,    3.069983e-01,   -2.953647e-01,    6.999287e-02,    5.713331e+00,   -2.398916e+00,    4.428450e+00,   -1.851521e+00,   -2.180082e+01,    8.787676e+00,   -2.059400e+00,    7.631472e-01,    4.057800e-01,   -1.504400e-01,    2.661500e-01,   -1.854500e-01,   -1.372200e+00,    6.138200e-01,   -5.937100e-01,    1.805500e-01,    5.620100e-02,    5.620100e-02,    3.491500e-02,    3.491500e-02,    3.491500e-02,    3.491500e-02,    1.448700e-01,    1.448700e-01,
        18,    3.981000e+01,    9.066606e-02,   -4.925421e-03,    1.363065e-01,   -1.580084e-01,   -6.983033e-01,    3.274667e-01,   -3.131238e-01,    3.272944e-02,    5.604155e+00,   -2.374467e+00,    4.376577e+00,   -1.365549e+00,   -2.054397e+01,    8.369458e+00,   -2.123454e+00,    7.311326e-01,    4.418000e-01,   -1.537000e-01,    3.073300e-01,   -2.113700e-01,   -1.501100e+00,    6.545200e-01,   -6.445100e-01,    1.468300e-01,    6.265600e-02,    6.265600e-02,    3.907700e-02,    3.907700e-02,    3.907700e-02,    3.907700e-02,    1.560600e-01,    1.560600e-01,
        18,    6.309500e+01,    9.242151e-02,    8.056893e-03,    1.695679e-01,   -2.117470e-01,   -7.887565e-01,    3.548289e-01,   -3.131476e-01,   -6.808654e-04,    5.485878e+00,   -2.390664e+00,    4.237399e+00,   -1.027189e+00,   -1.987254e+01,    8.375094e+00,   -2.189569e+00,    6.923037e-01,    4.841900e-01,   -1.626700e-01,    3.609500e-01,   -2.581400e-01,   -1.686300e+00,    7.330900e-01,   -6.841700e-01,    1.166300e-01,    7.141400e-02,    7.141400e-02,    4.516500e-02,    4.516500e-02,    4.516500e-02,    4.516500e-02,    1.694500e-01,    1.694500e-01,
        19,    6.309500e+00,   -7.192801e-03,   -5.755820e-03,    4.273008e-02,   -4.286899e-02,   -4.548472e-02,    3.762503e-02,    1.745674e-03,    3.779283e-04,    3.109068e-01,    2.581810e-01,   -5.404527e+00,    6.146196e+00,    5.803083e+00,   -6.705758e+00,    2.154306e+00,   -1.790885e+00,   -6.337900e-03,   -5.045900e-03,    3.011700e-02,   -2.852500e-02,   -3.350600e-02,    2.378300e-02,    8.134700e-03,   -4.933300e-03,    2.749700e-03,    2.749700e-03,    2.333800e-03,    2.333800e-03,    2.064200e-03,    2.064200e-03,    2.965700e-03,    2.965700e-03,
        19,    1.000000e+01,   -3.900777e-03,   -5.364310e-03,    5.438552e-02,   -5.249446e-02,   -5.385137e-02,    4.973241e-02,    1.325412e-03,   -4.451325e-04,    1.012764e-01,   -3.075733e-01,   -6.169810e+00,    6.143929e+00,    5.153210e+00,   -6.126415e+00,    2.149527e+00,   -1.729908e+00,   -3.604300e-03,   -6.264700e-03,    3.816200e-02,   -3.633900e-02,   -4.030100e-02,    3.362300e-02,    9.240400e-03,   -6.815000e-03,    2.927400e-03,    2.927400e-03,    2.629500e-03,    2.629500e-03,    2.629500e-03,    2.629500e-03,    3.682200e-03,    3.682200e-03,
        19,    1.584800e+01,   -1.643598e-03,   -3.263815e-03,    6.764858e-02,   -6.482932e-02,   -6.634236e-02,    6.601858e-02,    1.597294e-03,   -1.609777e-03,    4.906772e-01,   -7.305763e-01,   -5.604299e+00,    5.346299e+00,    4.634153e+00,   -5.953301e+00,    2.032406e+00,   -1.739942e+00,   -2.456100e-04,   -5.345300e-03,    4.863600e-02,   -4.669200e-02,   -5.062100e-02,    4.582200e-02,    1.141300e-02,   -1.001300e-02,    2.849100e-03,    2.849100e-03,    3.392500e-03,    3.392500e-03,    3.392500e-03,    3.392500e-03,    4.829600e-03,    4.829600e-03,
        19,    2.511800e+01,   -1.295508e-03,   -9.760156e-04,    8.424709e-02,   -8.131642e-02,   -8.429118e-02,    8.555723e-02,    2.627225e-03,   -2.341953e-03,    1.082116e+00,   -9.675897e-01,   -4.918047e+00,    5.091634e+00,    4.440563e+00,   -5.364157e+00,    1.761227e+00,   -1.855576e+00,    1.750000e-03,   -3.699200e-03,    6.264900e-02,   -5.895600e-02,   -6.479000e-02,    6.200000e-02,    1.370200e-02,   -1.401000e-02,    2.814400e-03,    2.814400e-03,    4.391600e-03,    4.391600e-03,    4.391600e-03,    4.391600e-03,    6.288100e-03,    6.288100e-03,
        19,    3.981000e+01,   -1.604788e-03,    1.067356e-04,    1.057543e-01,   -1.016140e-01,   -1.067996e-01,    1.080198e-01,    3.317556e-03,   -2.207764e-03,    1.429993e+00,   -8.034685e-01,   -5.048817e+00,    5.633445e+00,    4.348399e+00,   -5.499384e+00,    1.388861e+00,   -2.258924e+00,    2.219300e-03,   -2.041900e-03,    7.810500e-02,   -7.076300e-02,   -8.298600e-02,    7.790300e-02,    1.438900e-02,   -2.021500e-02,    2.674200e-03,    2.674200e-03,    5.476400e-03,    5.476400e-03,    5.476400e-03,    5.476400e-03,    7.971600e-03,    7.971600e-03,
        19,    6.309500e+01,   -1.033126e-03,    1.124144e-03,    1.312218e-01,   -1.257535e-01,   -1.329189e-01,    1.363420e-01,    2.690293e-03,   -2.572005e-03,    1.179407e+00,   -8.441223e-01,   -4.978109e+00,    5.727444e+00,    4.233167e+00,   -5.977454e+00,    1.446584e+00,   -2.457397e+00,    2.018000e-03,   -1.059600e-03,    9.740200e-02,   -8.684300e-02,   -1.041600e-01,    9.573300e-02,    1.744400e-02,   -2.763500e-02,    2.587000e-03,    2.587000e-03,    6.793700e-03,    6.793700e-03,    6.793700e-03,    6.793700e-03,    1.019900e-02,    1.019900e-02,
        20,    6.309500e+00,   -5.777756e-03,   -3.696343e-03,    3.154648e-02,   -3.309357e-02,   -4.375977e-02,    3.339251e-02,   -2.723631e-04,    4.973940e-03,   -3.614184e+00,    1.318774e+00,    3.805374e+00,   -5.241692e+00,   -6.270105e+00,    4.560534e+00,    1.321221e+00,    8.088683e-01,   -3.161700e-02,    5.732100e-03,    4.630600e-02,   -5.342400e-02,   -6.807900e-02,    5.108100e-02,    5.567700e-03,    8.549300e-03,    7.149400e-03,    7.149400e-03,    3.878600e-03,    3.878600e-03,    3.878600e-03,    3.878600e-03,    4.420200e-03,    4.420200e-03,
        20,    1.000000e+01,   -4.591869e-03,   -6.794001e-03,    4.134280e-02,   -4.147918e-02,   -5.248931e-02,    3.984607e-02,   -2.096750e-03,    6.893987e-03,   -3.367626e+00,    7.474963e-01,    4.567791e+00,   -5.150707e+00,   -4.622854e+00,    3.987125e+00,    1.091282e+00,    9.810183e-01,   -3.154500e-02,   -8.113400e-04,    6.237200e-02,   -6.519200e-02,   -7.377200e-02,    5.820200e-02,    3.496400e-03,    1.192200e-02,    8.003600e-03,    8.003600e-03,    4.603800e-03,    4.603800e-03,    4.603800e-03,    4.603800e-03,    5.125300e-03,    5.125300e-03,
        20,    1.584800e+01,   -1.308167e-03,   -1.010982e-02,    5.347672e-02,   -5.023283e-02,   -6.176932e-02,    4.844493e-02,   -5.246118e-03,    8.627102e-03,   -3.307040e+00,    2.536480e-01,    5.007971e+00,   -5.011784e+00,   -5.141598e+00,    3.934262e+00,    1.759479e+00,    1.285552e+00,   -3.147300e-02,   -7.796200e-03,    8.223700e-02,   -7.901500e-02,   -9.129700e-02,    7.103900e-02,    7.152400e-03,    1.768600e-02,    9.121400e-03,    9.121400e-03,    5.742900e-03,    5.742900e-03,    5.742900e-03,    5.742900e-03,    7.046700e-03,    7.046700e-03,
        20,    2.511800e+01,    4.448558e-03,   -1.208975e-02,    6.650769e-02,   -5.974292e-02,   -7.248156e-02,    6.121904e-02,   -9.796944e-03,    9.111586e-03,   -3.285904e+00,    2.525930e-01,    4.791456e+00,   -4.966310e+00,   -5.727000e+00,    4.537487e+00,    1.060899e+00,    1.585915e+00,   -2.625000e-02,   -9.729900e-03,    1.007000e-01,   -9.518300e-02,   -1.133500e-01,    9.359900e-02,   -5.577900e-04,    2.292300e-02,    9.342500e-03,    9.342500e-03,    7.136100e-03,    7.136100e-03,    7.136100e-03,    7.136100e-03,    8.708800e-03,    8.708800e-03,
        21,    6.309500e+00,   -7.245879e-03,   -2.781431e-03,    3.014599e-02,   -2.943807e-02,   -3.424865e-02,    2.457042e-02,    2.930975e-03,    4.856524e-04,   -2.171986e+00,    5.381313e-02,    9.232159e-01,   -5.867619e-01,   -1.344692e+00,    5.482981e-01,   -3.080258e-01,    5.152330e-01,   -1.627200e-02,   -2.557800e-03,    3.398500e-02,   -3.187800e-02,   -3.833100e-02,    2.623500e-02,    2.407300e-03,    1.361600e-03,    4.155700e-03,    4.155700e-03,    4.158300e-03,    4.158300e-03,    3.035900e-03,    3.035900e-03,    1.700100e-03,    1.700100e-03,
        21,    1.000000e+01,   -5.787504e-03,   -4.287334e-03,    3.797072e-02,   -3.603909e-02,   -3.931405e-02,    3.106782e-02,    2.696581e-03,    1.204629e-03,   -1.931775e+00,   -3.336041e-01,    1.028565e+00,   -6.131185e-01,   -1.278756e+00,    6.147424e-01,   -1.336084e-01,    4.998634e-01,   -1.458500e-02,   -5.806600e-03,    4.356200e-02,   -3.937200e-02,   -4.498700e-02,    3.379500e-02,    2.423900e-03,    2.224800e-03,    4.554100e-03,    4.554100e-03,    5.436000e-03,    5.436000e-03,    4.436300e-03,    4.436300e-03,    2.040900e-03,    2.040900e-03,
        21,    1.584800e+01,   -3.407758e-03,   -5.128923e-03,    4.681124e-02,   -4.452533e-02,   -4.553096e-02,    4.098278e-02,    1.898064e-03,    1.782805e-03,   -1.351373e+00,   -6.299080e-01,    9.813813e-01,   -6.645184e-01,   -8.910549e-01,    6.923584e-01,   -4.062787e-01,    4.372543e-01,   -9.658400e-03,   -8.042500e-03,    5.606900e-02,   -5.079400e-02,   -5.208200e-02,    4.607300e-02,    1.032000e-03,    2.714900e-03,    4.625400e-03,    4.625400e-03,    9.433400e-03,    9.433400e-03,    7.352000e-03,    7.352000e-03,    2.131700e-03,    2.131700e-03,
        21,    2.511800e+01,   -6.858889e-04,   -4.574605e-03,    5.742329e-02,   -5.632163e-02,   -5.494721e-02,    5.564705e-02,    8.034040e-04,    1.758624e-03,   -9.558478e-01,   -8.153191e-01,    9.082315e-01,   -4.521700e-01,   -8.734568e-01,    6.014489e-01,   -4.060938e-01,    5.798393e-01,   -4.931000e-03,   -8.195600e-03,    6.791700e-02,   -6.154600e-02,   -6.281400e-02,    6.106400e-02,   -2.211300e-04,    3.221500e-03,    4.441200e-03,    4.441200e-03,    1.155400e-02,    1.155400e-02,    9.006500e-03,    9.006500e-03,    2.522900e-03,    2.522900e-03,
        21,    3.981000e+01,    1.043369e-03,   -2.626385e-03,    7.175344e-02,   -7.241347e-02,   -7.057669e-02,    7.442328e-02,    3.479959e-05,    1.122526e-03,   -7.105660e-01,   -7.849875e-01,    8.157459e-01,   -2.160634e-01,   -8.080079e-01,    3.799632e-01,   -3.900603e-01,    8.056879e-01,   -1.707800e-03,   -5.665700e-03,    8.350100e-02,   -7.552500e-02,   -7.975000e-02,    7.873700e-02,   -1.173100e-03,    3.617500e-03,    3.871800e-03,    3.871800e-03,    1.440100e-02,    1.440100e-02,    1.135300e-02,    1.135300e-02,    3.096700e-03,    3.096700e-03,
        21,    6.309500e+01,    9.652900e-04,   -6.247477e-04,    9.172125e-02,   -9.197264e-02,   -9.305005e-02,    9.430211e-02,   -1.772491e-04,    4.864575e-04,   -8.556554e-01,   -3.212004e-01,    7.020977e-01,   -2.950167e-01,   -7.839619e-01,    4.616151e-01,   -6.240110e-01,    8.061142e-01,   -1.062100e-03,   -1.385800e-03,    1.045900e-01,   -9.738000e-02,   -1.045100e-01,    1.010500e-01,   -2.526900e-03,    3.521800e-03,    2.369400e-03,    2.369400e-03,    1.832900e-02,    1.832900e-02,    1.461800e-02,    1.461800e-02,    3.765400e-03,    3.765400e-03,
        22,    1.000000e+01,   -9.942767e-03,   -8.456252e-03,    4.475099e-02,   -3.471749e-02,   -4.099957e-02,    3.199879e-02,    4.150303e-03,    3.051581e-03,   -7.357442e-01,   -4.028099e-01,   -7.028862e+00,    4.895269e+00,    1.076831e+01,   -4.923692e+00,   -1.618080e+00,    3.098359e-01,   -1.279900e-02,   -1.002000e-02,    3.206600e-02,   -2.588300e-02,   -2.156600e-02,    2.311300e-02,    1.470600e-03,    3.564700e-03,    3.882100e-03,    3.882100e-03,    1.804700e-03,    1.804700e-03,    1.804700e-03,    1.804700e-03,    1.656100e-03,    1.656100e-03,
        22,    1.584800e+01,   -6.804908e-03,   -1.047956e-02,    5.094665e-02,   -4.324423e-02,   -4.545893e-02,    4.391757e-02,    3.434054e-03,    4.071408e-03,    7.882060e-02,   -5.052216e-01,   -6.105930e+00,    3.965681e+00,    7.796822e+00,   -4.362345e+00,   -1.403101e+00,    3.673068e-01,   -6.491100e-03,   -1.249100e-02,    3.671800e-02,   -3.400300e-02,   -2.729000e-02,    3.375200e-02,    3.685600e-04,    4.873900e-03,    3.981300e-03,    3.981300e-03,    2.330300e-03,    2.330300e-03,    2.330300e-03,    2.330300e-03,    2.184800e-03,    2.184800e-03,
        22,    2.511800e+01,   -2.761193e-03,   -1.215170e-02,    5.744972e-02,   -5.734510e-02,   -5.232326e-02,    6.285786e-02,    2.274906e-03,    5.687612e-03,    6.826033e-01,   -9.159824e-02,   -4.744528e+00,    2.566588e+00,    3.428138e+00,   -4.085208e+00,   -8.029041e-01,    3.522204e-01,    1.548200e-04,   -1.254300e-02,    4.212300e-02,   -4.905400e-02,   -4.124900e-02,    4.966100e-02,   -2.483000e-04,    6.794500e-03,    4.271900e-03,    4.271900e-03,    3.230400e-03,    3.230400e-03,    3.230400e-03,    3.230400e-03,    3.142600e-03,    3.142600e-03,
        22,    3.981000e+01,    1.924760e-03,   -1.270296e-02,    6.628984e-02,   -8.007747e-02,   -6.480343e-02,    9.035137e-02,   -9.072293e-05,    7.465976e-03,    6.880864e-02,    4.213319e-01,   -3.836592e+00,    4.377417e+00,    7.931409e-01,   -6.272497e+00,   -2.477894e-01,    1.537320e-01,    2.230800e-03,   -1.082900e-02,    5.017500e-02,   -6.169100e-02,   -6.147200e-02,    6.400500e-02,   -1.090900e-03,    8.086500e-03,    4.447700e-03,    4.447700e-03,    4.200300e-03,    4.200300e-03,    4.200300e-03,    4.200300e-03,    4.036400e-03,    4.036400e-03,
        22,    6.309500e+01,    5.873382e-03,   -1.208769e-02,    8.113888e-02,   -1.139343e-01,   -8.583015e-02,    1.265049e-01,   -3.474321e-03,    8.215476e-03,   -4.400220e-01,    3.462358e-01,   -3.542740e+00,    6.100160e+00,    1.514048e+00,   -7.785173e+00,    1.932834e-01,    2.733591e-01,    3.665000e-03,   -1.035000e-02,    6.198400e-02,   -8.095200e-02,   -7.764400e-02,    8.441200e-02,   -2.496500e-03,    9.598400e-03,    5.018800e-03,    5.018800e-03,    5.406800e-03,    5.406800e-03,    5.406800e-03,    5.406800e-03,    5.059000e-03,    5.059000e-03,
        23,    6.309500e+00,   -7.391126e-03,   -3.014345e-03,    4.457982e-02,   -3.085831e-02,   -4.306688e-02,    2.154380e-02,   -1.693053e-03,   -8.100148e-04,    5.294559e-01,   -6.220381e-01,   -4.098937e+00,    2.776417e+00,    2.332033e+00,   -1.743017e+00,    2.712997e+00,   -5.482127e-02,   -5.946400e-03,   -4.711700e-03,    3.580400e-02,   -2.491400e-02,   -3.807400e-02,    1.781200e-02,    2.918500e-03,   -9.032000e-04,    2.728700e-03,    2.728700e-03,    2.141000e-03,    2.141000e-03,    2.141000e-03,    2.141000e-03,    1.699800e-03,    1.699800e-03,
        23,    1.000000e+01,   -6.052302e-03,   -3.576971e-03,    5.320518e-02,   -3.363053e-02,   -4.799936e-02,    2.341644e-02,   -1.266873e-03,   -2.449506e-03,    5.432317e-01,   -9.463892e-01,   -4.306790e+00,    1.767499e+00,    3.081743e+00,   -1.391294e+00,    2.311098e+00,    3.560431e-01,   -4.413100e-03,   -6.432700e-03,    4.277500e-02,   -2.935000e-02,   -4.053600e-02,    2.004700e-02,    3.177600e-03,   -1.764800e-03,    3.017500e-03,    3.017500e-03,    2.421800e-03,    2.421800e-03,    2.421800e-03,    2.421800e-03,    1.923100e-03,    1.923100e-03,
        23,    1.584800e+01,   -4.612695e-03,   -3.977186e-03,    6.029787e-02,   -3.763163e-02,   -5.130463e-02,    2.713948e-02,    1.219258e-04,   -3.839611e-03,    1.108702e+00,   -1.025092e+00,   -3.499645e+00,    1.463953e+00,    2.679781e+00,   -1.475914e+00,    1.633457e+00,    7.758538e-01,   -1.108200e-03,   -7.217400e-03,    5.068400e-02,   -3.361000e-02,   -4.394300e-02,    2.308500e-02,    3.687600e-03,   -2.146000e-03,    3.160900e-03,    3.160900e-03,    2.747100e-03,    2.747100e-03,    2.747100e-03,    2.747100e-03,    2.182900e-03,    2.182900e-03,
        23,    2.511800e+01,   -2.728256e-03,   -4.075784e-03,    6.613568e-02,   -4.574903e-02,   -5.318358e-02,    3.563977e-02,    2.121980e-03,   -4.476300e-03,    1.498466e+00,   -8.046703e-01,   -2.219441e+00,    2.134868e+00,    2.157880e+00,   -1.280018e+00,    1.230381e+00,    9.348870e-01,    2.346300e-03,   -6.800800e-03,    5.913800e-02,   -3.901800e-02,   -4.638000e-02,    3.160400e-02,    5.447700e-03,   -1.949300e-03,    3.386500e-03,    3.386500e-03,    3.152900e-03,    3.152900e-03,    3.152900e-03,    3.152900e-03,    2.703000e-03,    2.703000e-03,
        23,    3.981000e+01,   -5.767478e-04,   -3.046381e-03,    7.264014e-02,   -6.110717e-02,   -5.591745e-02,    5.260243e-02,    4.021439e-03,   -4.105812e-03,    1.922772e+00,   -4.810664e-01,   -2.960007e+00,    3.189542e+00,    2.582230e+00,   -2.620152e+00,    8.212140e-01,    6.589169e-01,    6.921100e-03,   -4.922300e-03,    6.210400e-02,   -4.975400e-02,   -4.672600e-02,    4.327600e-02,    6.605800e-03,   -2.032200e-03,    3.899500e-03,    3.899500e-03,    3.559500e-03,    3.559500e-03,    3.559500e-03,    3.559500e-03,    3.147000e-03,    3.147000e-03,
        23,    6.309500e+01,    2.939855e-04,   -5.303706e-04,    8.375299e-02,   -8.617673e-02,   -6.490947e-02,    8.031693e-02,    4.868074e-03,   -3.233010e-03,    2.111613e+00,    5.698845e-01,   -3.304618e+00,    2.698076e+00,    3.645569e+00,   -2.789726e+00,    5.820507e-01,    2.354692e-01,    1.092300e-02,    2.338200e-03,    6.863800e-02,   -7.383600e-02,   -4.823500e-02,    6.755700e-02,    7.034700e-03,   -2.356500e-03,    5.033600e-03,    5.033600e-03,    4.573900e-03,    4.573900e-03,    4.573900e-03,    4.573900e-03,    3.722400e-03,    3.722400e-03,
        24,    6.309500e+00,   -8.230536e-03,   -1.056797e-02,    4.951313e-02,   -4.522321e-02,   -5.381093e-02,    4.211741e-02,    3.400920e-03,    3.446510e-03,    4.321537e-01,    1.463459e+00,   -1.161635e+01,    1.055294e+01,    1.378474e+01,   -1.057833e+01,   -1.818988e+00,   -9.892427e-01,   -7.004300e-03,   -6.415400e-03,    2.776500e-02,   -2.546600e-02,   -2.834500e-02,    2.257500e-02,    9.169100e-04,    2.095600e-03,    2.837500e-03,    2.837500e-03,    1.872200e-03,    1.872200e-03,    1.847400e-03,    1.847400e-03,    1.365600e-03,    1.365600e-03,
        24,    1.000000e+01,   -2.570102e-03,   -1.019719e-02,    6.173682e-02,   -5.432659e-02,   -6.209673e-02,    5.609832e-02,    1.742195e-03,    2.842489e-03,   -4.267716e-01,    8.311078e-01,   -1.276649e+01,    1.057035e+01,    1.362248e+01,   -1.267744e+01,   -9.796148e-01,   -1.338840e-01,   -3.840900e-03,   -7.722400e-03,    3.356500e-02,   -3.100100e-02,   -3.203600e-02,    2.812300e-02,    1.845100e-04,    2.629600e-03,    2.977700e-03,    2.977700e-03,    2.206700e-03,    2.206700e-03,    2.206700e-03,    2.206700e-03,    1.590100e-03,    1.590100e-03,
        24,    1.584800e+01,    1.256469e-03,   -7.107401e-03,    7.411310e-02,   -6.611397e-02,   -7.467718e-02,    7.623983e-02,    1.339319e-03,    1.639347e-03,   -5.585547e-01,   -1.071727e-01,   -6.742715e+00,    5.538151e+00,    1.314885e+01,   -1.367281e+01,   -1.024849e+00,    7.399108e-01,   -4.691300e-04,   -7.438500e-03,    4.129900e-02,   -3.916200e-02,   -3.819700e-02,    3.830600e-02,   -6.716400e-04,    3.091200e-03,    3.089400e-03,    3.089400e-03,    4.866600e-03,    4.866600e-03,    2.774400e-03,    2.774400e-03,    1.962200e-03,    1.962200e-03,
        24,    2.511800e+01,    1.730741e-03,   -4.016780e-03,    8.777697e-02,   -8.378970e-02,   -9.420207e-02,    1.019789e-01,    2.472790e-03,    1.416498e-03,    2.164798e-01,   -2.772145e-01,   -5.460247e+00,    5.099189e+00,    1.188900e+01,   -1.273038e+01,   -1.559061e+00,    9.187044e-01,    2.378600e-03,   -4.846400e-03,    5.297500e-02,   -5.128900e-02,   -5.018900e-02,    5.485100e-02,   -1.654200e-03,    3.848400e-03,    2.992700e-03,    2.992700e-03,    6.373700e-03,    6.373700e-03,    3.702000e-03,    3.702000e-03,    2.647100e-03,    2.647100e-03,
        24,    3.981000e+01,    7.021830e-04,   -3.718093e-03,    1.050522e-01,   -1.095510e-01,   -1.206193e-01,    1.323233e-01,    3.626518e-03,    3.666205e-03,    1.041483e+00,    2.600925e-01,   -9.926049e+00,    1.072276e+01,    1.353396e+01,   -1.506546e+01,   -1.879416e+00,    2.270022e-01,    3.928800e-03,   -2.912300e-03,    6.118700e-02,   -6.216500e-02,   -6.081000e-02,    6.574600e-02,   -2.313000e-03,    4.383600e-03,    3.098100e-03,    3.098100e-03,    4.419200e-03,    4.419200e-03,    4.419200e-03,    4.419200e-03,    3.160300e-03,    3.160300e-03,
        24,    6.309500e+01,    1.224829e-03,   -5.547594e-03,    1.276086e-01,   -1.453394e-01,   -1.527044e-01,    1.697821e-01,    2.412325e-03,    7.537021e-03,    1.175571e+00,    1.274070e+00,   -1.019948e+01,    1.225445e+01,    1.457624e+01,   -1.618396e+01,   -1.484878e+00,   -6.393895e-01,    5.544700e-03,   -8.657700e-04,    7.225800e-02,   -7.883700e-02,   -7.360200e-02,    8.195500e-02,   -3.344100e-03,    5.058300e-03,    3.674700e-03,    3.674700e-03,    5.426800e-03,    5.426800e-03,    5.426800e-03,    5.426800e-03,    3.876700e-03,    3.876700e-03,
        25,    6.309500e+00,    2.156845e-02,   -1.642654e-02,    2.013129e-02,   -2.588062e-02,   -4.860941e-02,    3.973613e-02,   -6.131811e-03,    8.120537e-03,    4.223028e+00,   -2.306058e+00,    5.050460e+00,   -6.318722e+00,   -1.762845e+01,    1.306553e+01,   -2.698626e+00,    1.971809e+00,    7.863000e-02,   -4.758600e-02,    5.478300e-02,   -6.923400e-02,   -1.695600e-01,    1.293800e-01,   -5.624800e-02,    4.473900e-02,    1.351200e-02,    1.351200e-02,    6.861100e-03,    6.861100e-03,    6.861100e-03,    6.861100e-03,    1.857100e-02,    1.857100e-02,
        25,    1.000000e+01,    2.770030e-02,   -1.994088e-02,    2.507110e-02,   -3.591300e-02,   -6.026310e-02,    5.123481e-02,   -8.398380e-03,    1.124897e-02,    3.731892e+00,   -2.072185e+00,    5.186858e+00,   -6.706009e+00,   -1.640040e+01,    1.196744e+01,   -2.592875e+00,    2.179635e+00,    8.959000e-02,   -5.430600e-02,    6.967600e-02,   -9.358200e-02,   -2.013000e-01,    1.541500e-01,   -6.742000e-02,    6.086400e-02,    1.658400e-02,    1.658400e-02,    8.599600e-03,    8.599600e-03,    8.599600e-03,    8.599600e-03,    2.276300e-02,    2.276300e-02,
        25,    1.584800e+01,    3.514611e-02,   -2.244820e-02,    3.286728e-02,   -4.988644e-02,   -7.542418e-02,    6.401547e-02,   -1.264048e-02,    1.471845e-02,    3.370277e+00,   -2.142156e+00,    5.063951e+00,   -7.298250e+00,   -1.521947e+01,    1.241549e+01,   -2.472648e+00,    2.110202e+00,    1.075700e-01,   -6.848100e-02,    9.057100e-02,   -1.330500e-01,   -2.488500e-01,    2.054900e-01,   -8.310600e-02,    7.485500e-02,    2.148900e-02,    2.148900e-02,    1.139500e-02,    1.139500e-02,    1.139500e-02,    1.139500e-02,    2.849800e-02,    2.849800e-02,
        25,    2.511800e+01,    4.373469e-02,   -2.387255e-02,    4.474597e-02,   -6.827797e-02,   -9.480998e-02,    7.859226e-02,   -1.886867e-02,    1.721834e-02,    3.246068e+00,   -1.927610e+00,    5.190491e+00,   -7.576366e+00,   -1.445315e+01,    1.114879e+01,   -2.434871e+00,    2.191917e+00,    1.312000e-01,   -7.581200e-02,    1.189700e-01,   -1.766200e-01,   -3.014900e-01,    2.380200e-01,   -1.033100e-01,    9.323400e-02,    2.694500e-02,    2.694500e-02,    1.430000e-02,    1.430000e-02,    1.430000e-02,    1.430000e-02,    3.468000e-02,    3.468000e-02,
        25,    3.981000e+01,    5.351023e-02,   -2.326704e-02,    6.219799e-02,   -9.185381e-02,   -1.197020e-01,    9.393062e-02,   -2.626458e-02,    1.780126e-02,    3.437181e+00,   -1.651016e+00,    5.555425e+00,   -7.460437e+00,   -1.530127e+01,    9.501260e+00,   -2.540812e+00,    2.000248e+00,    1.736500e-01,   -8.097500e-02,    1.652400e-01,   -2.302300e-01,   -4.035100e-01,    2.701600e-01,   -1.363300e-01,    1.044500e-01,    3.495300e-02,    3.495300e-02,    1.854800e-02,    1.854800e-02,    1.854800e-02,    1.854800e-02,    4.331900e-02,    4.331900e-02,
        27,    6.309500e+00,    3.772942e-03,   -1.874101e-03,    4.692400e-02,   -3.238191e-02,   -3.777728e-02,    2.299052e-02,   -3.750607e-03,    7.614486e-04,    1.247342e+00,    1.450820e+00,   -2.819451e+00,    7.139520e-01,    7.472191e-01,   -2.018107e+00,    2.200914e+00,    3.500012e-01,    7.453100e-03,    2.406400e-03,    3.896300e-02,   -3.036600e-02,   -3.610500e-02,    1.847400e-02,   -1.085300e-03,    1.185300e-03,    2.950400e-03,    2.950400e-03,    2.823600e-03,    2.823600e-03,    2.238000e-03,    2.238000e-03,    1.211000e-03,    1.211000e-03,
        27,    1.000000e+01,    4.332539e-03,   -4.261612e-04,    5.576163e-02,   -3.563814e-02,   -4.290256e-02,    2.657259e-02,   -3.853491e-03,   -7.235710e-04,    1.461619e+00,    1.093996e+00,   -2.512133e+00,    9.577861e-01,    9.940019e-01,   -1.830160e+00,    2.190773e+00,    1.914456e+00,    9.793000e-03,    3.660900e-03,    4.921200e-02,   -3.314100e-02,   -4.031100e-02,    2.180100e-02,   -5.132200e-04,    2.195400e-03,    3.735900e-03,    3.735900e-03,    2.607200e-03,    2.607200e-03,    2.607200e-03,    2.607200e-03,    1.524700e-03,    1.524700e-03,
        27,    1.584800e+01,    3.769298e-03,    8.411382e-04,    6.325947e-02,   -4.036696e-02,   -4.707271e-02,    3.241237e-02,   -2.915949e-03,   -1.971362e-03,   -4.431716e-01,    1.687048e+00,   -4.075810e-02,    3.797729e-01,   -9.897052e-01,   -2.376180e+00,    1.655873e+00,    2.580440e+00,    2.256000e-03,    6.601900e-03,    6.312800e-02,   -3.914200e-02,   -5.026500e-02,    2.474800e-02,    5.446600e-04,    3.421500e-03,    3.414700e-03,    3.414700e-03,    3.225500e-03,    3.225500e-03,    3.225500e-03,    3.225500e-03,    2.089900e-03,    2.089900e-03,
        27,    2.511800e+01,    2.572192e-03,    1.218135e-03,    6.962240e-02,   -4.930553e-02,   -5.063509e-02,    4.327064e-02,   -1.356389e-03,   -2.331704e-03,   -1.756287e+00,    1.349151e+00,    8.760766e-01,    6.689409e-01,   -1.111530e+00,   -2.228880e+00,   -3.579700e-01,    2.232889e+00,   -4.241500e-03,    6.452300e-03,    7.290900e-02,   -4.679600e-02,   -5.480500e-02,    3.490900e-02,   -2.158600e-03,    2.672200e-03,    3.879600e-03,    3.879600e-03,    3.751500e-03,    3.751500e-03,    3.751500e-03,    3.751500e-03,    2.241000e-03,    2.241000e-03,
        27,    3.981000e+01,    1.538015e-03,    5.154901e-04,    7.632174e-02,   -6.572666e-02,   -5.584259e-02,    6.259254e-02,    4.767846e-05,   -1.599716e-03,   -1.787238e+00,   -6.124376e-01,    6.448014e-01,    1.006018e+00,    2.051137e-01,   -1.111730e+00,   -1.912363e+00,    6.279953e-02,   -3.935400e-03,   -1.360100e-03,    7.920000e-02,   -6.123600e-02,   -5.492700e-02,    5.763000e-02,   -6.597400e-03,   -1.381500e-03,    3.062500e-03,    3.062500e-03,    4.463800e-03,    4.463800e-03,    4.463800e-03,    4.463800e-03,    3.474800e-03,    3.474800e-03,
        27,    6.309500e+01,    1.525586e-03,   -8.522949e-04,    8.692233e-02,   -9.316411e-02,   -6.773780e-02,    9.258212e-02,    5.160238e-04,   -1.640323e-04,   -4.950247e-01,   -1.692245e+00,    1.388768e-01,    1.269956e+00,    1.435276e+00,   -1.771451e-01,   -1.469670e+00,   -1.674094e+00,   -1.027900e-03,   -9.581400e-03,    8.772600e-02,   -8.581500e-02,   -5.943200e-02,    9.155700e-02,   -7.386100e-03,   -9.165300e-03,    5.158300e-03,    5.158300e-03,    5.786900e-03,    5.786900e-03,    5.786900e-03,    5.786900e-03,    5.376800e-03,    5.376800e-03,
        28,    6.309500e+00,   -6.346957e-03,    2.242957e-04,    1.727543e-02,   -1.852573e-02,   -2.219166e-02,    1.631890e-02,    2.952565e-03,    4.126511e-05,    4.253223e+00,   -3.146424e+00,    1.576735e+00,   -1.804588e+00,   -2.224410e+00,    3.004377e+00,   -2.017613e+00,    2.863513e+00,    8.179500e-03,   -1.052200e-02,    2.620700e-02,   -2.874800e-02,   -3.078100e-02,    2.792000e-02,   -2.782500e-03,    8.180800e-03,    3.415400e-03,    3.415400e-03,    5.664600e-03,    5.664600e-03,    3.861400e-03,    3.861400e-03,    2.842500e-03,    2.842500e-03,
        28,    1.000000e+01,   -6.610041e-03,   -1.348266e-03,    2.312585e-02,   -2.278268e-02,   -2.653053e-02,    1.907126e-02,    3.275603e-03,    6.029535e-04,    3.480077e+00,   -3.121468e+00,    1.511343e+00,   -2.049412e+00,   -2.472731e+00,    2.924556e+00,   -2.167416e+00,    2.851651e+00,    9.234400e-03,   -1.556000e-02,    3.416500e-02,   -3.775200e-02,   -3.859400e-02,    3.333900e-02,   -4.880600e-03,    1.133400e-02,    4.552900e-03,    4.552900e-03,    7.304200e-03,    7.304200e-03,    4.878600e-03,    4.878600e-03,    3.763100e-03,    3.763100e-03,
        28,    1.584800e+01,   -5.899368e-03,   -3.238004e-03,    2.999930e-02,   -2.683898e-02,   -3.085001e-02,    2.271703e-02,    3.390901e-03,    1.701970e-03,    2.681411e+00,   -3.181491e+00,    1.506666e+00,   -2.290242e+00,   -2.697154e+00,    2.820562e+00,   -2.366840e+00,    2.705738e+00,    1.014700e-02,   -2.227700e-02,    4.389800e-02,   -4.796600e-02,   -4.726300e-02,    3.988100e-02,   -8.076200e-03,    1.481100e-02,    5.984300e-03,    5.984300e-03,    9.224800e-03,    9.224800e-03,    6.085300e-03,    6.085300e-03,    4.844900e-03,    4.844900e-03,
        28,    2.511800e+01,   -4.090631e-03,   -4.827365e-03,    3.704001e-02,   -3.112715e-02,   -3.535350e-02,    2.837316e-02,    2.828914e-03,    3.277188e-03,    2.208605e+00,   -3.328434e+00,    1.612908e+00,   -2.569092e+00,   -2.833591e+00,    2.686060e+00,   -2.435380e+00,    2.538603e+00,    1.350400e-02,   -3.134300e-02,    5.578200e-02,   -6.098000e-02,   -5.691600e-02,    4.881300e-02,   -1.217400e-02,    1.891600e-02,    7.966400e-03,    7.966400e-03,    1.162000e-02,    1.162000e-02,    7.609600e-03,    7.609600e-03,    6.160400e-03,    6.160400e-03,
        28,    3.981000e+01,   -1.506011e-03,   -5.537878e-03,    4.375232e-02,   -3.709199e-02,   -4.085151e-02,    3.714606e-02,    1.231970e-03,    4.882877e-03,    2.183890e+00,   -3.492604e+00,    1.863428e+00,   -2.834756e+00,   -2.885129e+00,    2.535278e+00,   -2.408171e+00,    2.433421e+00,    2.208000e-02,   -4.325800e-02,    7.148200e-02,   -7.927600e-02,   -6.879600e-02,    6.170200e-02,   -1.776200e-02,    2.407600e-02,    1.080000e-02,    1.080000e-02,    1.488100e-02,    1.488100e-02,    9.685700e-03,    9.685700e-03,    7.887300e-03,    7.887300e-03,
        28,    6.309500e+01,    1.273926e-03,   -5.044083e-03,    5.066733e-02,   -4.682635e-02,   -4.855085e-02,    4.998816e-02,   -1.444395e-03,    5.831271e-03,    2.378365e+00,   -3.581659e+00,    2.201643e+00,   -2.977368e+00,   -2.905725e+00,    2.358918e+00,   -2.392203e+00,    2.402501e+00,    3.596000e-02,   -5.727900e-02,    9.311500e-02,   -1.042300e-01,   -8.476200e-02,    7.938500e-02,   -2.586400e-02,    3.035600e-02,    1.458400e-02,    1.458400e-02,    1.928000e-02,    1.928000e-02,    1.246200e-02,    1.246200e-02,    1.020800e-02,    1.020800e-02,
        29,    6.309500e+00,    1.142912e-01,   -6.299896e-02,    8.881564e-02,   -9.876351e-02,   -3.354300e-01,    2.280046e-01,   -1.295385e-01,    1.143827e-01,    3.092881e+00,   -2.058226e+00,    2.123731e+00,   -9.445200e-01,    1.674516e+00,   -1.103460e+00,   -3.204510e-02,   -1.698109e-01,    2.048600e-01,   -1.232700e-01,    1.149800e-01,   -1.104000e-01,   -3.148000e-01,    2.144100e-01,   -1.307600e-01,    1.079100e-01,    2.928300e-02,    2.928300e-02,    1.232000e-02,    1.232000e-02,    1.232000e-02,    1.232000e-02,    3.811700e-02,    3.811700e-02,
        29,    1.000000e+01,    1.375703e-01,   -6.219047e-02,    1.185989e-01,   -1.227659e-01,   -4.089385e-01,    2.524009e-01,   -1.719312e-01,    1.276726e-01,    3.158098e+00,   -1.734426e+00,    2.016427e+00,   -3.698965e-01,    1.737856e+00,   -1.562326e+00,    6.688165e-02,   -3.858609e-01,    2.479300e-01,   -1.228000e-01,    1.484400e-01,   -1.282400e-01,   -3.832200e-01,    2.292800e-01,   -1.689200e-01,    1.103000e-01,    3.494500e-02,    3.494500e-02,    1.479900e-02,    1.479900e-02,    1.479900e-02,    1.479900e-02,    4.502300e-02,    4.502300e-02,
        29,    1.584800e+01,    1.584675e-01,   -5.681915e-02,    1.549526e-01,   -1.483024e-01,   -4.832491e-01,    2.737492e-01,   -2.197906e-01,    1.337101e-01,    3.203209e+00,   -1.408163e+00,    1.840127e+00,    2.684532e-01,    1.598913e+00,   -2.044768e+00,    1.225458e-01,   -6.341212e-01,    2.883800e-01,   -1.139300e-01,    1.869800e-01,   -1.436300e-01,   -4.554200e-01,    2.381600e-01,   -2.133900e-01,    1.005900e-01,    4.055700e-02,    4.055700e-02,    1.740500e-02,    1.740500e-02,    1.740500e-02,    1.740500e-02,    5.223000e-02,    5.223000e-02,
        29,    2.511800e+01,    1.753746e-01,   -4.949390e-02,    1.963365e-01,   -1.760230e-01,   -5.561572e-01,    3.007426e-01,   -2.700663e-01,    1.291823e-01,    3.107915e+00,   -1.354005e+00,    1.306571e+00,    4.077428e-01,    2.293687e+00,   -2.072636e+00,    4.608906e-01,   -5.193988e-01,    3.183200e-01,   -1.117700e-01,    2.224300e-01,   -1.678800e-01,   -5.103500e-01,    2.593500e-01,   -2.432600e-01,    9.897300e-02,    4.599400e-02,    4.599400e-02,    1.997100e-02,    1.997100e-02,    1.997100e-02,    1.997100e-02,    5.816200e-02,    5.816200e-02,
        29,    3.981000e+01,    1.888537e-01,   -4.218237e-02,    2.405061e-01,   -2.095350e-01,   -6.318266e-01,    3.411885e-01,   -3.155821e-01,    1.124004e-01,    2.984735e+00,   -1.305111e+00,    1.216783e+00,    4.868614e-01,    2.746850e+00,   -1.897681e+00,    6.194390e-01,   -3.375025e-01,    3.444300e-01,   -1.102100e-01,    2.686600e-01,   -1.982700e-01,   -5.682700e-01,    2.972800e-01,   -2.755100e-01,    9.056700e-02,    5.212400e-02,    5.212400e-02,    2.313800e-02,    2.313800e-02,    2.313800e-02,    2.313800e-02,    6.469100e-02,    6.469100e-02,
        29,    6.309500e+01,    1.998510e-01,   -3.567823e-02,    2.876915e-01,   -2.563654e-01,   -7.154486e-01,    3.997119e-01,   -3.492038e-01,    8.859252e-02,    2.921084e+00,   -1.412540e+00,    1.416642e+00,    5.747496e-01,    2.400239e+00,   -1.501711e+00,    4.978579e-01,   -2.592734e-01,    3.749700e-01,   -1.203600e-01,    3.265500e-01,   -2.406000e-01,   -6.496100e-01,    3.585200e-01,   -3.127900e-01,    6.962900e-02,    5.995000e-02,    5.995000e-02,    2.743000e-02,    2.743000e-02,    2.743000e-02,    2.743000e-02,    7.314100e-02,    7.314100e-02,
        30,    6.309500e+00,    1.855367e-01,   -9.814775e-02,    1.284450e-01,   -1.273651e-01,   -2.974271e-01,    1.899296e-01,   -1.393111e-01,    1.105096e-01,    3.995042e+00,   -2.263375e+00,    5.099511e+00,   -3.934830e+00,   -1.553533e+01,    8.975054e+00,   -2.522584e+00,    1.960958e+00,    4.391300e-01,   -2.418200e-01,    2.686000e-01,   -2.355100e-01,   -7.244000e-01,    4.366000e-01,   -3.815800e-01,    2.988400e-01,    6.347700e-02,    6.347700e-02,    2.748400e-02,    2.748400e-02,    2.748400e-02,    2.748400e-02,    9.604000e-02,    9.604000e-02,
        30,    1.000000e+01,    2.232316e-01,   -9.442563e-02,    1.689139e-01,   -1.528066e-01,   -3.615862e-01,    2.036525e-01,   -1.811831e-01,    1.194606e-01,    4.028907e+00,   -1.866871e+00,    5.359525e+00,   -3.383235e+00,   -1.564225e+01,    7.518980e+00,   -2.691302e+00,    1.762038e+00,    5.243400e-01,   -2.339500e-01,    3.432700e-01,   -2.628700e-01,   -8.704600e-01,    4.482600e-01,   -4.856500e-01,    3.188000e-01,    7.473700e-02,    7.473700e-02,    3.253200e-02,    3.253200e-02,    3.253200e-02,    3.253200e-02,    1.131300e-01,    1.131300e-01,
        30,    1.584800e+01,    2.568242e-01,   -8.181213e-02,    2.163681e-01,   -1.779521e-01,   -4.243068e-01,    2.110736e-01,   -2.267786e-01,    1.201464e-01,    4.103330e+00,   -1.533161e+00,    5.826620e+00,   -2.578399e+00,   -1.539704e+01,    6.674856e+00,   -2.952373e+00,    1.331334e+00,    6.134200e-01,   -2.150500e-01,    4.367600e-01,   -2.754800e-01,   -1.006700e+00,    4.635500e-01,   -6.104100e-01,    2.931400e-01,    8.690400e-02,    8.690400e-02,    3.782500e-02,    3.782500e-02,    3.782500e-02,    3.782500e-02,    1.299400e-01,    1.299400e-01,
        30,    2.511800e+01,    2.832383e-01,   -6.376321e-02,    2.689878e-01,   -2.032998e-01,   -4.822562e-01,    2.192814e-01,   -2.727981e-01,    1.098392e-01,    3.883206e+00,   -1.432053e+00,    5.533650e+00,   -2.718414e+00,   -1.433148e+01,    6.141717e+00,   -2.936984e+00,    1.377479e+00,    6.541000e-01,   -2.005300e-01,    5.005600e-01,   -3.170600e-01,   -1.082000e+00,    4.763000e-01,   -6.884400e-01,    3.047800e-01,    9.550400e-02,    9.550400e-02,    4.184800e-02,    4.184800e-02,    4.184800e-02,    4.184800e-02,    1.415200e-01,    1.415200e-01,
        30,    3.981000e+01,    3.023803e-01,   -4.253873e-02,    3.243435e-01,   -2.320907e-01,   -5.374281e-01,    2.351815e-01,   -3.128382e-01,    8.720714e-02,    3.774483e+00,   -1.348663e+00,    5.503039e+00,   -2.745717e+00,   -1.391759e+01,    5.779412e+00,   -2.848154e+00,    1.522926e+00,    7.024000e-01,   -1.854700e-01,    5.842300e-01,   -3.617600e-01,   -1.194700e+00,    5.081200e-01,   -7.535900e-01,    3.228800e-01,    1.059800e-01,    1.059800e-01,    4.722600e-02,    4.722600e-02,    4.722600e-02,    4.722600e-02,    1.547500e-01,    1.547500e-01,
        30,    6.309500e+01,    3.137686e-01,   -1.862486e-02,    3.830531e-01,   -2.710467e-01,   -5.936891e-01,    2.635871e-01,   -3.406030e-01,    5.571084e-02,    3.696901e+00,   -1.365723e+00,    5.827236e+00,   -2.666273e+00,   -1.377370e+01,    5.322730e+00,   -3.170141e+00,    1.422467e+00,    7.545500e-01,   -1.814600e-01,    6.998100e-01,   -4.159800e-01,   -1.342400e+00,    5.529200e-01,   -8.989600e-01,    3.062500e-01,    1.192300e-01,    1.192300e-01,    5.435800e-02,    5.435800e-02,    5.435800e-02,    5.435800e-02,    1.761300e-01,    1.761300e-01,
        31,    6.309500e+00,    3.224258e-03,   -1.244410e-03,    1.937688e-02,   -2.791482e-02,   -5.025089e-02,    4.089304e-02,    2.642956e-03,   -1.072481e-03,   -1.561759e-01,    1.586264e+00,    4.092718e+00,   -7.856067e+00,   -9.627443e+00,    6.097701e+00,    1.489034e+00,   -6.062155e-01,    2.813000e-03,    2.932700e-03,    3.878700e-02,   -6.517300e-02,   -9.591000e-02,    6.981200e-02,    1.104200e-02,   -4.491900e-03,    2.633300e-03,    2.633300e-03,    4.742600e-03,    4.742600e-03,    4.742600e-03,    4.742600e-03,    5.640600e-03,    5.640600e-03,
        31,    1.000000e+01,    3.798400e-03,   -7.480264e-04,    2.511378e-02,   -3.809141e-02,   -6.258521e-02,    4.949118e-02,    2.786958e-03,   -2.238125e-03,   -5.386453e-01,    1.469721e+00,    4.314354e+00,   -8.342563e+00,   -8.484839e+00,    5.358696e+00,    1.487194e+00,   -5.610896e-01,    2.084000e-03,    3.929800e-03,    5.071300e-02,   -8.759200e-02,   -1.129300e-01,    8.128700e-02,    1.261300e-02,   -5.945300e-03,    3.182800e-03,    3.182800e-03,    5.933500e-03,    5.933500e-03,    5.933500e-03,    5.933500e-03,    6.607100e-03,    6.607100e-03,
        31,    1.584800e+01,    4.122131e-03,   -1.286723e-04,    3.315032e-02,   -5.231051e-02,   -7.700949e-02,    5.886099e-02,    3.961095e-03,   -3.393937e-03,   -7.844940e-01,    8.079332e-01,    5.220077e+00,   -9.556076e+00,   -7.323984e+00,    4.623783e+00,    1.276597e+00,   -4.684645e-01,    1.694200e-03,    2.371800e-03,    7.351300e-02,   -1.262000e-01,   -1.336400e-01,    9.461300e-02,    1.350200e-02,   -6.895100e-03,    3.094900e-03,    3.094900e-03,    7.732200e-03,    7.732200e-03,    7.732200e-03,    7.732200e-03,    7.473700e-03,    7.473700e-03,
        31,    2.511800e+01,    4.465724e-03,    5.884284e-04,    4.534194e-02,   -7.200715e-02,   -9.388203e-02,    6.983137e-02,    5.412475e-03,   -3.609739e-03,    3.737624e-02,    1.131402e-01,    5.705695e+00,   -1.097520e+01,   -6.756795e+00,    4.604496e+00,    1.151676e+00,   -4.349592e-01,    4.644700e-03,    1.130200e-03,    1.045100e-01,   -1.858200e-01,   -1.639500e-01,    1.175800e-01,    1.562300e-02,   -7.466000e-03,    4.788500e-03,    4.788500e-03,    1.037000e-02,    1.037000e-02,    1.037000e-02,    1.037000e-02,    8.865800e-03,    8.865800e-03,
        31,    3.981000e+01,    4.862648e-03,    1.969489e-03,    6.477500e-02,   -9.765652e-02,   -1.140175e-01,    8.247941e-02,    5.894571e-03,   -3.755513e-03,    6.053636e-01,    4.098029e-01,    6.634793e+00,   -1.112162e+01,   -6.044738e+00,    4.304193e+00,    7.609424e-01,   -8.939444e-01,    1.005800e-02,    5.486500e-03,    1.511600e-01,   -2.424600e-01,   -1.927200e-01,    1.385200e-01,    1.344700e-02,   -1.262800e-02,    8.582200e-03,    8.582200e-03,    1.302000e-02,    1.302000e-02,    1.302000e-02,    1.302000e-02,    9.925100e-03,    9.925100e-03,
        31,    6.309500e+01,    4.433039e-03,    4.351638e-03,    9.454931e-02,   -1.275643e-01,   -1.372388e-01,    9.655690e-02,    6.453539e-03,   -5.425362e-03,    1.065746e+00,    9.741878e-01,    8.481822e+00,   -1.152821e+01,   -6.008706e+00,    4.663963e+00,   -1.760515e-01,   -1.563853e+00,    2.229600e-02,    2.068000e-02,    2.437700e-01,   -3.303800e-01,   -2.429500e-01,    1.786100e-01,    4.077900e-03,   -2.652800e-02,    1.676100e-02,    1.676100e-02,    1.759300e-02,    1.759300e-02,    1.759300e-02,    1.759300e-02,    1.349400e-02,    1.349400e-02,
        32,    6.309500e+00,   -9.493382e-03,    2.692850e-03,    2.142837e-02,   -2.581440e-02,   -3.530804e-02,    2.950884e-02,    5.408318e-03,   -2.047866e-03,    3.289053e-01,   -7.394432e-01,   -2.886230e+00,    3.326665e+00,    3.509528e+00,   -3.616990e+00,   -4.736977e-01,   -4.094210e-01,   -8.739400e-03,    9.977500e-04,    1.684100e-02,   -2.052700e-02,   -2.973000e-02,    2.376000e-02,    4.401000e-03,   -2.918500e-03,    2.292400e-03,    2.292400e-03,    1.589400e-03,    1.589400e-03,    1.589400e-03,    1.589400e-03,    2.126500e-03,    2.126500e-03,
        32,    3.981000e+01,   -9.426504e-03,   -6.603909e-04,    6.293600e-02,   -6.371001e-02,   -7.394756e-02,    7.152393e-02,    8.273941e-03,    1.345042e-03,    1.047661e+00,   -1.042050e+00,   -4.371639e+00,    2.881743e+00,    3.581923e+00,   -2.364156e+00,    3.833268e-02,   -6.713758e-01,   -5.898400e-03,   -4.169600e-03,    4.595000e-02,   -5.251300e-02,   -6.003000e-02,    6.233800e-02,    8.430300e-03,   -1.393500e-03,    3.367600e-03,    3.367600e-03,    3.885500e-03,    3.885500e-03,    3.885500e-03,    3.885500e-03,    4.079000e-03,    4.079000e-03,
        32,    6.309500e+01,   -8.859452e-03,   -2.708808e-04,    7.758147e-02,   -8.036618e-02,   -9.182043e-02,    9.362211e-02,    6.705414e-03,    1.708230e-03,    1.289493e+00,   -9.752641e-01,   -3.611242e+00,    2.223022e+00,    2.517924e+00,   -2.303012e+00,    1.970422e-01,   -7.391284e-01,   -4.445000e-03,   -3.609600e-03,    5.921000e-02,   -6.905700e-02,   -7.901100e-02,    8.190600e-02,    7.583000e-03,   -1.583700e-03,    3.423400e-03,    3.423400e-03,    5.087300e-03,    5.087300e-03,    5.087300e-03,    5.087300e-03,    4.453800e-03,    4.453800e-03,
        33,    2.511800e+01,    7.297670e-04,    6.227818e-03,    4.802265e-02,   -8.257280e-02,   -1.249520e-01,    1.033033e-01,   -1.059613e-02,   -2.905737e-03,    1.802686e+00,   -1.163239e+00,    4.421310e+00,   -8.077844e+00,   -7.312198e+00,    3.587379e+00,   -9.194423e-01,   -5.193717e-01,    1.632300e-02,   -3.834200e-03,    9.739100e-02,   -1.727700e-01,   -2.066000e-01,    1.433600e-01,   -2.104100e-02,   -8.805800e-03,    8.650000e-03,    8.650000e-03,    1.116600e-02,    1.116600e-02,    1.116600e-02,    1.116600e-02,    1.136000e-02,    1.136000e-02,
        33,    3.981000e+01,   -1.639443e-03,    8.354751e-03,    6.823646e-02,   -1.142687e-01,   -1.540055e-01,    1.272444e-01,   -9.742246e-03,   -7.780575e-03,    2.416996e+00,   -7.765499e-01,    4.413674e+00,   -8.115799e+00,   -7.168298e+00,    3.175772e+00,   -7.216337e-01,   -2.835790e-01,    3.161600e-02,   -2.329800e-03,    1.314800e-01,   -2.305600e-01,   -2.567200e-01,    1.727500e-01,   -1.862700e-02,   -1.127200e-02,    1.375900e-02,    1.375900e-02,    1.432900e-02,    1.432900e-02,    1.432900e-02,    1.432900e-02,    1.231200e-02,    1.231200e-02,
        33,    6.309500e+01,   -4.895967e-03,    1.024829e-02,    1.000468e-01,   -1.535023e-01,   -1.909293e-01,    1.549469e-01,   -6.003315e-03,   -1.335388e-02,    2.801782e+00,   -4.324313e-01,    4.257640e+00,   -8.418624e+00,   -7.191831e+00,    3.192600e+00,   -1.541516e-01,   -9.801633e-02,    5.322700e-02,    1.277500e-03,    1.797200e-01,   -3.110400e-01,   -3.255100e-01,    2.146900e-01,   -7.859300e-03,   -1.453400e-02,    2.074500e-02,    2.074500e-02,    1.871300e-02,    1.871300e-02,    1.871300e-02,    1.871300e-02,    1.204000e-02,    1.204000e-02,
        34,    6.309500e+00,   -1.184934e-02,    4.250984e-04,    3.098455e-02,   -1.933010e-02,   -2.436931e-02,    1.659391e-02,    2.018449e-03,   -1.256951e-03,   -4.988410e-02,    1.421696e+00,    2.641155e+00,   -2.374959e+00,   -5.550270e+00,    2.582544e+00,   -2.792084e+00,   -2.219717e+00,   -1.203300e-02,    5.659500e-03,    3.759800e-02,   -2.527700e-02,   -3.659600e-02,    2.228300e-02,   -7.113900e-03,   -8.517200e-03,    3.681800e-03,    3.681800e-03,    2.504000e-03,    2.504000e-03,    2.202900e-03,    2.202900e-03,    3.270800e-03,    3.270800e-03,
        34,    1.000000e+01,   -1.212555e-02,   -1.330110e-04,    3.691480e-02,   -2.105059e-02,   -2.909592e-02,    1.935702e-02,    2.726656e-03,   -1.844264e-03,   -5.978407e-02,    1.100865e+00,    4.580777e+00,   -2.968337e+00,   -4.965448e+00,    2.778621e+00,   -2.619060e+00,   -2.790112e+00,   -1.237100e-02,    4.386700e-03,    4.916700e-02,   -2.899000e-02,   -4.237700e-02,    2.678900e-02,   -8.447300e-03,   -1.374800e-02,    4.105600e-03,    4.105600e-03,    2.674700e-03,    2.674700e-03,    2.674700e-03,    2.674700e-03,    4.266400e-03,    4.266400e-03,
        34,    1.584800e+01,   -1.258839e-02,   -1.280017e-03,    4.264491e-02,   -2.280910e-02,   -3.415752e-02,    2.272074e-02,    3.858145e-03,   -1.896258e-03,   -4.216828e-01,   -1.351413e-01,    5.088956e+00,   -2.608109e+00,   -4.881591e+00,    2.128748e+00,   -8.754941e-01,   -3.512048e+00,   -1.455600e-02,   -1.910600e-03,    5.826800e-02,   -3.081600e-02,   -4.914400e-02,    2.925600e-02,   -5.266800e-04,   -1.948600e-02,    4.666100e-03,    4.666100e-03,    3.070000e-03,    3.070000e-03,    3.070000e-03,    3.070000e-03,    5.008400e-03,    5.008400e-03,
        34,    2.511800e+01,   -1.232351e-02,   -3.399086e-03,    4.797223e-02,   -2.538720e-02,   -3.983356e-02,    2.716981e-02,    4.772511e-03,   -1.230374e-03,   -8.873960e-01,   -1.601056e+00,    4.711947e+00,   -1.913604e+00,   -5.360109e+00,    1.673538e+00,    1.038413e+00,   -3.344495e+00,   -1.759500e-02,   -1.291000e-02,    6.433400e-02,   -3.203200e-02,   -5.844600e-02,    3.298100e-02,    1.103300e-02,   -2.139400e-02,    5.940400e-03,    5.940400e-03,    3.472400e-03,    3.472400e-03,    3.472400e-03,    3.472400e-03,    6.028900e-03,    6.028900e-03,
        34,    3.981000e+01,   -1.042198e-02,   -5.654318e-03,    5.297423e-02,   -2.979972e-02,   -4.612707e-02,    3.290672e-02,    5.030695e-03,   -3.216783e-04,   -1.242518e+00,   -1.768766e+00,    3.521938e+00,   -9.169348e-01,   -6.429756e+00,    2.069838e+00,    1.454946e+00,   -2.173462e+00,   -1.851500e-02,   -1.717500e-02,    6.677600e-02,   -3.339300e-02,   -7.132400e-02,    4.101800e-02,    1.366100e-02,   -1.321400e-02,    6.513400e-03,    6.513400e-03,    3.918800e-03,    3.918800e-03,    3.918800e-03,    3.918800e-03,    5.931700e-03,    5.931700e-03,
        34,    6.309500e+01,   -7.183019e-03,   -6.728179e-03,    5.802799e-02,   -3.735163e-02,   -5.250729e-02,    4.103814e-02,    4.812133e-03,    3.679764e-04,   -2.041331e+00,    2.415874e-02,    3.442277e+00,   -2.353326e-01,   -6.204010e+00,    3.316747e+00,    1.090267e+00,   -1.146693e+00,   -1.997400e-02,   -6.576800e-03,    7.355300e-02,   -3.841300e-02,   -8.048800e-02,    5.599700e-02,    1.035200e-02,   -5.458600e-03,    6.266000e-03,    6.266000e-03,    4.510100e-03,    4.510100e-03,    4.510100e-03,    4.510100e-03,    5.081200e-03,    5.081200e-03,
        35,    6.309500e+00,   -1.542338e-03,    1.741926e-04,    9.165553e-03,   -6.516082e-03,   -8.362378e-03,    9.640347e-03,    2.753730e-03,    1.374808e-03,   -8.191046e-01,    4.802699e-01,    1.157014e+01,   -7.963727e+00,   -7.914508e+00,    1.033838e+01,    2.242117e+00,    7.042154e-01,   -2.839800e-03,    9.349400e-04,    3.062700e-02,   -2.128800e-02,   -2.304300e-02,    2.881700e-02,    9.126500e-03,    3.376400e-03,    1.584000e-03,    1.584000e-03,    1.854900e-03,    1.854900e-03,    1.854900e-03,    1.854900e-03,    2.842300e-03,    2.842300e-03,
        35,    1.000000e+01,   -1.596492e-03,    6.325385e-05,    1.028161e-02,   -8.947379e-03,   -1.093459e-02,    1.206732e-02,    2.105996e-03,    1.370139e-03,   -9.036659e-01,   -7.861949e-01,    1.034687e+01,   -8.693666e+00,   -9.125733e+00,    9.705147e+00,    2.007235e+00,    6.233391e-01,   -3.309300e-03,   -1.426900e-03,    3.376900e-02,   -2.868200e-02,   -3.165000e-02,    3.409800e-02,    8.210600e-03,    3.265900e-03,    1.895400e-03,    1.895400e-03,    2.270000e-03,    2.270000e-03,    2.270000e-03,    2.270000e-03,    3.041300e-03,    3.041300e-03,
        35,    1.584800e+01,   -1.550818e-03,   -1.651351e-05,    1.213478e-02,   -1.251693e-02,   -1.392902e-02,    1.500802e-02,    1.625092e-03,    1.120147e-03,   -5.164783e-01,   -1.714264e+00,    9.347308e+00,   -9.879570e+00,   -9.216535e+00,    9.829719e+00,    1.681613e+00,    6.010112e-01,   -2.912100e-03,   -4.534800e-03,    3.952800e-02,   -4.147000e-02,   -4.093900e-02,    4.381500e-02,    7.034000e-03,    3.053300e-03,    2.635700e-03,    2.635700e-03,    2.930600e-03,    2.930600e-03,    2.930600e-03,    2.930600e-03,    3.216500e-03,    3.216500e-03,
        35,    2.511800e+01,   -1.532912e-03,   -2.920397e-05,    1.509995e-02,   -1.712847e-02,   -1.737664e-02,    1.895718e-02,    1.411136e-03,    9.076186e-04,    5.138410e-01,   -2.142949e+00,    8.872152e+00,   -1.044992e+01,   -9.000430e+00,    9.295726e+00,    9.429318e-01,    7.630768e-01,    2.755000e-04,   -7.571100e-03,    4.735200e-02,   -5.511600e-02,   -5.009500e-02,    5.274900e-02,    4.166100e-03,    3.137100e-03,    3.519400e-03,    3.519400e-03,    3.635200e-03,    3.635200e-03,    3.635200e-03,    3.635200e-03,    2.921700e-03,    2.921700e-03,
        35,    6.309500e+01,   -1.328357e-03,   -9.947061e-05,    2.436217e-02,   -3.029259e-02,   -2.707066e-02,    3.177718e-02,    8.809484e-04,    7.846773e-04,    1.226801e+00,   -1.792995e+00,    9.226713e+00,   -1.258774e+01,   -7.421216e+00,    8.626924e+00,    1.591535e+00,   -6.778359e-01,    6.355100e-03,   -1.132900e-02,    8.074200e-02,   -1.072100e-01,   -7.241800e-02,    8.449200e-02,    8.263600e-03,   -2.359600e-03,    6.263000e-03,    6.263000e-03,    6.110500e-03,    6.110500e-03,    6.110500e-03,    6.110500e-03,    4.638700e-03,    4.638700e-03,
        36,    6.309500e+00,    9.101577e-03,    2.316698e-03,    3.664199e-02,   -4.718326e-02,   -1.526845e-01,    9.391327e-02,   -2.448186e-02,    2.948364e-03,    1.683285e+00,   -1.284867e+00,    3.225103e-01,   -8.979292e-01,   -1.298942e+01,    7.289439e+00,    4.512963e-01,    4.196802e-01,    1.790600e-02,   -4.403800e-03,    3.883500e-02,   -5.328900e-02,   -2.410100e-01,    1.434800e-01,   -1.931000e-02,    7.757900e-03,    5.230500e-03,    5.230500e-03,    6.799800e-03,    6.799800e-03,    6.799800e-03,    6.799800e-03,    1.146000e-02,    1.146000e-02,
        36,    1.000000e+01,    8.444297e-03,    6.018106e-03,    4.631324e-02,   -6.317951e-02,   -1.800360e-01,    1.039530e-01,   -2.703935e-02,   -6.012006e-03,    2.088995e+00,   -1.593292e+00,    1.194385e-01,   -5.227029e-01,   -1.254464e+01,    6.447724e+00,    7.912791e-02,    4.303384e-01,    2.186400e-02,   -4.217200e-03,    4.728700e-02,   -6.744100e-02,   -2.823100e-01,    1.565200e-01,   -2.595300e-02,   -1.038900e-04,    6.424000e-03,    6.424000e-03,    8.152800e-03,    8.152800e-03,    8.152800e-03,    8.152800e-03,    1.372900e-02,    1.372900e-02,
        36,    1.584800e+01,    5.815274e-03,    9.913388e-03,    5.853863e-02,   -8.567993e-02,   -2.058400e-01,    1.164644e-01,   -2.355015e-02,   -1.725278e-02,    2.036457e+00,   -1.870590e+00,    2.609218e-01,   -1.284549e+00,   -1.174568e+01,    5.088882e+00,   -3.087832e-01,   -1.935837e-01,    2.109400e-02,   -4.120900e-03,    6.124100e-02,   -9.898400e-02,   -3.274900e-01,    1.691700e-01,   -2.884300e-02,   -2.057100e-02,    7.502600e-03,    7.502600e-03,    1.035700e-02,    1.035700e-02,    1.035700e-02,    1.035700e-02,    1.714100e-02,    1.714100e-02,
        36,    2.511800e+01,    1.377256e-03,    1.309603e-02,    7.547484e-02,   -1.180734e-01,   -2.316669e-01,    1.376467e-01,   -1.330865e-02,   -2.631185e-02,    2.120728e+00,   -2.084469e+00,    4.184993e-01,   -1.778962e+00,   -1.093072e+01,    4.096509e+00,   -4.050861e-01,   -8.695898e-01,    1.963800e-02,   -4.852500e-03,    8.095300e-02,   -1.413600e-01,   -3.747500e-01,    1.912700e-01,   -2.216100e-02,   -4.531500e-02,    8.610600e-03,    8.610600e-03,    1.309000e-02,    1.309000e-02,    1.309000e-02,    1.309000e-02,    2.185300e-02,    2.185300e-02,
        36,    3.981000e+01,   -4.315705e-03,    1.503663e-02,    1.013735e-01,   -1.633757e-01,   -2.635826e-01,    1.712918e-01,    3.191052e-04,   -2.969456e-02,    2.803790e+00,   -1.890768e+00,    5.009880e-01,   -1.800524e+00,   -9.457225e+00,    3.241963e+00,    5.194199e-02,   -1.378479e+00,    3.157000e-02,   -9.163300e-03,    1.094800e-01,   -1.925100e-01,   -4.166100e-01,    2.237500e-01,    1.699100e-03,   -6.631800e-02,    1.279900e-02,    1.279900e-02,    1.618100e-02,    1.618100e-02,    1.618100e-02,    1.618100e-02,    2.656800e-02,    2.656800e-02,
        36,    6.309500e+01,   -1.085505e-02,    1.536436e-02,    1.415921e-01,   -2.225324e-01,   -3.074402e-01,    2.161943e-01,    1.328111e-02,   -2.799945e-02,    3.222776e+00,   -1.264935e+00,    9.547514e-01,   -2.347115e+00,   -7.792194e+00,    3.198025e+00,    6.153208e-01,   -1.913280e+00,    5.087400e-02,   -8.864200e-03,    1.614500e-01,   -2.713500e-01,   -4.695100e-01,    2.827100e-01,    3.511700e-02,   -9.589600e-02,    1.915400e-02,    1.915400e-02,    2.079900e-02,    2.079900e-02,    2.079900e-02,    2.079900e-02,    3.548700e-02,    3.548700e-02,
        37,    6.309500e+00,    7.603924e-03,   -3.989766e-03,    1.592154e-02,   -2.042232e-02,   -2.881632e-02,    2.696575e-02,   -4.953633e-03,    3.804671e-03,    2.531258e+00,   -9.564277e-01,    6.862437e+00,   -1.008491e+01,   -1.295559e+01,    1.239958e+01,   -1.228779e+00,    4.253010e-01,    2.892800e-02,   -1.204700e-02,    5.800200e-02,   -8.226300e-02,   -1.082600e-01,    1.030000e-01,   -1.379900e-02,    6.866200e-03,    8.424300e-03,    8.424300e-03,    6.132000e-03,    6.132000e-03,    6.132000e-03,    6.132000e-03,    7.198500e-03,    7.198500e-03,
        37,    1.000000e+01,    9.168898e-03,   -3.759187e-03,    2.047752e-02,   -2.734529e-02,   -3.640254e-02,    3.333932e-02,   -6.459531e-03,    3.828142e-03,    2.196100e+00,   -9.454152e-01,    7.250169e+00,   -1.073891e+01,   -1.242510e+01,    1.140994e+01,   -1.103589e+00,   -4.826437e-01,    3.174700e-02,   -1.347900e-02,    7.759000e-02,   -1.119400e-01,   -1.342800e-01,    1.232200e-01,   -1.516100e-02,    2.264100e-05,    1.028100e-02,    1.028100e-02,    7.877400e-03,    7.877400e-03,    7.877400e-03,    7.877400e-03,    7.884700e-03,    7.884700e-03,
        37,    1.584800e+01,    1.042500e-02,   -3.166555e-03,    2.664154e-02,   -3.661158e-02,   -4.485959e-02,    4.087356e-02,   -7.828847e-03,    3.524400e-03,    1.985048e+00,   -1.048258e+00,    7.713686e+00,   -1.122443e+01,   -1.176573e+01,    1.111033e+01,   -6.284118e-01,   -1.726004e+00,    3.578200e-02,   -1.655700e-02,    1.051900e-01,   -1.509100e-01,   -1.646700e-01,    1.540100e-01,   -1.410800e-02,   -1.372200e-02,    1.277400e-02,    1.277400e-02,    1.018300e-02,    1.018300e-02,    1.018300e-02,    1.018300e-02,    9.992100e-03,    9.992100e-03,
        37,    2.511800e+01,    1.131640e-02,   -2.459195e-03,    3.512772e-02,   -4.899040e-02,   -5.443840e-02,    5.104767e-02,   -9.096045e-03,    3.029170e-03,    1.946599e+00,   -1.089451e+00,    8.111295e+00,   -1.126025e+01,   -1.123120e+01,    1.122050e+01,   -5.181901e-01,   -2.164239e+00,    4.227900e-02,   -1.978800e-02,    1.406800e-01,   -1.955200e-01,   -2.005900e-01,    1.970600e-01,   -1.653000e-02,   -2.801900e-02,    1.590600e-02,    1.590600e-02,    1.301300e-02,    1.301300e-02,    1.301300e-02,    1.301300e-02,    1.434600e-02,    1.434600e-02,
        37,    3.981000e+01,    1.184338e-02,   -1.682626e-03,    4.703317e-02,   -6.520687e-02,   -6.617295e-02,    6.513108e-02,   -1.022474e-02,    2.050523e-03,    2.015112e+00,   -1.110245e+00,    8.252652e+00,   -1.111735e+01,   -1.091001e+01,    1.137369e+01,   -4.802989e-01,   -2.281068e+00,    5.206300e-02,   -2.384200e-02,    1.834000e-01,   -2.489100e-01,   -2.464500e-01,    2.530700e-01,   -1.938500e-02,   -4.145400e-02,    1.995900e-02,    1.995900e-02,    1.652400e-02,    1.652400e-02,    1.652400e-02,    1.652400e-02,    1.907200e-02,    1.907200e-02,
        38,    6.309500e+00,   -4.023873e-03,   -2.242336e-03,    2.551400e-02,   -1.603638e-02,   -1.313458e-02,    1.190878e-02,    3.283461e-03,   -1.208016e-03,   -5.011410e+00,    1.770341e+00,    4.689709e+00,   -3.007448e+00,   -5.707630e+00,    3.288760e+00,    5.384641e-02,   -3.992584e-02,   -3.570300e-02,    8.948700e-03,    4.076400e-02,   -2.581600e-02,   -2.428900e-02,    1.833600e-02,    3.368000e-03,   -1.270700e-03,    6.321400e-03,    6.321400e-03,    3.251800e-03,    3.251800e-03,    1.954300e-03,    1.954300e-03,    1.570000e-03,    1.570000e-03,
        38,    1.000000e+01,   -3.063318e-03,   -2.196393e-03,    2.987275e-02,   -1.777338e-02,   -1.560744e-02,    1.565765e-02,    3.891691e-03,   -1.181438e-03,   -5.071208e+00,    8.220296e-01,    5.170142e+00,   -3.837402e+00,   -4.863763e+00,    2.990963e+00,    8.222662e-02,    2.505284e-01,   -3.847100e-02,    3.543100e-03,    4.704900e-02,   -3.052200e-02,   -2.758300e-02,    2.302200e-02,    4.041500e-03,   -7.250000e-04,    6.982100e-03,    6.982100e-03,    3.322200e-03,    3.322200e-03,    2.462200e-03,    2.462200e-03,    1.821900e-03,    1.821900e-03,
        38,    1.584800e+01,   -2.422281e-03,   -2.177631e-03,    3.403607e-02,   -2.022606e-02,   -1.879178e-02,    2.088402e-02,    4.531446e-03,   -6.949497e-04,   -4.881630e+00,   -2.692214e-01,    6.906825e+00,   -5.738456e+00,   -3.519810e+00,    2.690723e+00,   -2.928929e-01,    1.769521e-01,   -3.864300e-02,   -4.175200e-03,    5.214300e-02,   -3.527000e-02,   -3.130400e-02,    3.044900e-02,    3.953100e-03,   -3.455400e-04,    7.419800e-03,    7.419800e-03,    2.621600e-03,    2.621600e-03,    3.554800e-03,    3.554800e-03,    1.974600e-03,    1.974600e-03,
        38,    2.511800e+01,   -1.444997e-03,   -2.410815e-03,    3.814187e-02,   -2.413351e-02,   -2.294753e-02,    2.809643e-02,    4.591852e-03,    2.150024e-04,   -4.470346e+00,   -1.118667e+00,    7.091981e+00,   -5.365342e+00,   -3.352328e+00,    3.701610e+00,   -5.873481e-01,   -3.064511e-01,   -3.738300e-02,   -1.140400e-02,    6.080500e-02,   -4.127900e-02,   -3.591500e-02,    4.241500e-02,    3.379800e-03,   -4.173900e-04,    8.039200e-03,    8.039200e-03,    3.195600e-03,    3.195600e-03,    3.868200e-03,    3.868200e-03,    2.063600e-03,    2.063600e-03,
        38,    3.981000e+01,    2.747728e-04,   -1.917556e-03,    4.239512e-02,   -3.041808e-02,   -2.830472e-02,    3.822227e-02,    3.780498e-03,    7.794684e-04,   -4.064759e+00,   -1.608598e+00,    7.200049e+00,   -4.729773e+00,   -3.656943e+00,    5.805117e+00,   -4.397455e-01,   -1.197643e+00,   -3.497400e-02,   -1.586700e-02,    7.153300e-02,   -4.955900e-02,   -4.310400e-02,    6.171500e-02,    2.718600e-03,   -2.112600e-03,    8.671800e-03,    8.671800e-03,    4.046900e-03,    4.046900e-03,    4.046900e-03,    4.046900e-03,    2.414800e-03,    2.414800e-03,
        38,    6.309500e+01,    1.455305e-03,    2.250948e-04,    4.734610e-02,   -4.057469e-02,   -3.573052e-02,    5.284957e-02,    2.732331e-03,    2.751789e-04,   -3.188937e+00,   -2.377478e+00,    6.744602e+00,   -3.669468e+00,   -4.117956e+00,    7.872672e+00,   -3.905939e-01,   -1.484092e+00,   -2.682100e-02,   -2.085600e-02,    8.339600e-02,   -6.018800e-02,   -5.774100e-02,    9.492900e-02,    1.312600e-03,   -5.119200e-03,    8.867000e-03,    8.867000e-03,    5.345000e-03,    5.345000e-03,    5.345000e-03,    5.345000e-03,    3.634800e-03,    3.634800e-03,
        39,    6.309500e+00,   -7.473189e-03,    1.213937e-03,    1.972653e-02,   -2.136314e-02,   -2.598698e-02,    1.824505e-02,    2.924279e-03,    2.159223e-04,   -1.897760e+00,    8.307801e-01,    4.898549e+00,   -4.151572e+00,   -6.216868e+00,    4.945340e+00,   -2.069856e-01,    1.062489e+00,   -1.494600e-02,    4.485300e-03,    3.129200e-02,   -3.116500e-02,   -4.066500e-02,    2.992100e-02,    2.516600e-03,    2.308600e-03,    3.937700e-03,    3.937700e-03,    2.361000e-03,    2.361000e-03,    2.361000e-03,    2.361000e-03,    1.969600e-03,    1.969600e-03,
        39,    1.000000e+01,   -8.438194e-03,   -4.452619e-04,    2.633608e-02,   -2.646933e-02,   -3.116317e-02,    2.090977e-02,    3.038561e-03,    7.945684e-04,   -1.815877e+00,    5.882781e-01,    4.582216e+00,   -3.354821e+00,   -6.245688e+00,    4.349902e+00,   -5.485094e-01,    9.403284e-01,   -1.654300e-02,    2.180400e-03,    3.913100e-02,   -3.583700e-02,   -4.860300e-02,    3.305600e-02,    1.883400e-03,    2.774900e-03,    4.463300e-03,    4.463300e-03,    2.792300e-03,    2.792300e-03,    2.792300e-03,    2.792300e-03,    2.106000e-03,    2.106000e-03,
        39,    1.584800e+01,   -8.497402e-03,   -2.957484e-03,    3.428681e-02,   -3.164480e-02,   -3.636182e-02,    2.420404e-02,    2.831203e-03,    1.690965e-03,   -1.689394e+00,    2.672031e-01,    4.377835e+00,   -3.412374e+00,   -6.142396e+00,    4.026414e+00,   -9.208209e-01,    4.918608e-01,   -1.692900e-02,   -1.623900e-03,    4.886500e-02,   -4.300800e-02,   -5.681600e-02,    3.761200e-02,    9.006100e-04,    2.722200e-03,    4.990900e-03,    4.990900e-03,    3.330000e-03,    3.330000e-03,    3.330000e-03,    3.330000e-03,    2.096600e-03,    2.096600e-03,
        39,    2.511800e+01,   -7.135967e-03,   -5.825147e-03,    4.302863e-02,   -3.725072e-02,   -4.177615e-02,    2.914293e-02,    2.009493e-03,    2.673450e-03,   -1.683659e+00,   -2.080292e-01,    4.612610e+00,   -4.177751e+00,   -6.261010e+00,    4.168204e+00,   -6.857384e-01,    5.130771e-01,   -1.696500e-02,   -7.039600e-03,    6.197400e-02,   -5.441000e-02,   -6.749200e-02,    4.626300e-02,    1.296100e-04,    4.080000e-03,    5.837900e-03,    5.837900e-03,    4.107300e-03,    4.107300e-03,    4.107300e-03,    4.107300e-03,    2.741400e-03,    2.741400e-03,
        39,    3.981000e+01,   -4.250523e-03,   -8.296240e-03,    5.234794e-02,   -4.434931e-02,   -4.816835e-02,    3.653918e-02,    5.775788e-04,    3.260451e-03,   -1.654229e+00,   -3.647577e-01,    4.019220e+00,   -4.022111e+00,   -5.669688e+00,    4.050126e+00,   -2.662567e-01,    8.149821e-01,   -1.451700e-02,   -1.056000e-02,    7.130500e-02,   -6.332000e-02,   -7.491000e-02,    5.564200e-02,   -3.843800e-04,    6.204900e-03,    6.206200e-03,    6.206200e-03,    4.716600e-03,    4.716600e-03,    4.716600e-03,    4.716600e-03,    3.612900e-03,    3.612900e-03,
        39,    6.309500e+01,   -1.813473e-04,   -9.564594e-03,    6.277679e-02,   -5.421760e-02,   -5.627993e-02,    4.686263e-02,   -1.025169e-03,    3.135902e-03,   -1.290667e+00,   -8.726412e-01,    4.082601e+00,   -4.557050e+00,   -5.486441e+00,    4.543490e+00,   -3.555637e-01,    1.331171e+00,   -9.144900e-03,   -1.562500e-02,    8.657100e-02,   -8.077700e-02,   -8.825600e-02,    7.334300e-02,   -2.872500e-03,    1.005200e-02,    6.944900e-03,    6.944900e-03,    5.828200e-03,    5.828200e-03,    5.828200e-03,    5.828200e-03,    5.195500e-03,    5.195500e-03,
        40,    6.309500e+00,   -1.360524e-02,   -4.782862e-03,    5.095759e-02,   -4.283174e-02,   -3.771997e-02,    3.288930e-02,    6.231437e-03,    1.533706e-03,   -1.268337e+00,   -4.733635e-01,   -8.274674e+00,    4.961549e+00,    6.367038e+00,   -6.323048e+00,   -9.313596e-01,    6.191104e-01,   -1.961500e-02,   -7.025800e-03,    3.465400e-02,   -3.305600e-02,   -2.517500e-02,    2.043100e-02,    4.417800e-03,    2.739300e-03,    4.738300e-03,    4.738300e-03,    1.970300e-03,    1.970300e-03,    1.970300e-03,    1.970300e-03,    1.947300e-03,    1.947300e-03,
        40,    1.000000e+01,   -1.186285e-02,   -9.469285e-03,    6.343630e-02,   -5.241054e-02,   -4.614159e-02,    4.060845e-02,    5.954032e-03,    4.393247e-03,   -6.433973e-01,   -5.628142e-01,   -9.403111e+00,    5.743732e+00,    6.805115e+00,   -6.756153e+00,   -9.943129e-01,   -3.245314e-01,   -1.506800e-02,   -1.227300e-02,    4.132300e-02,   -3.890300e-02,   -3.013800e-02,    2.472000e-02,    3.809200e-03,    3.693200e-03,    4.981600e-03,    4.981600e-03,    2.351700e-03,    2.351700e-03,    2.351700e-03,    2.351700e-03,    2.157100e-03,    2.157100e-03,
        40,    1.584800e+01,   -7.248652e-03,   -1.409610e-02,    7.880141e-02,   -6.273573e-02,   -5.588408e-02,    5.074108e-02,    3.859395e-03,    7.549436e-03,   -5.356952e-01,   -1.123529e+00,   -8.577319e+00,    5.874167e+00,    6.881305e+00,   -6.539099e+00,    4.142438e-01,   -7.022959e-01,   -1.051800e-02,   -2.095300e-02,    5.386200e-02,   -4.565600e-02,   -3.587600e-02,    3.172800e-02,    5.036800e-03,    5.553300e-03,    6.103000e-03,    6.103000e-03,    2.907600e-03,    2.907600e-03,    2.907600e-03,    2.907600e-03,    2.842300e-03,    2.842300e-03,
        40,    2.511800e+01,    1.861937e-04,   -1.685314e-02,    9.574279e-02,   -7.388601e-02,   -6.802926e-02,    6.479613e-02,   -2.329659e-05,    9.877725e-03,    8.267872e-01,   -7.287324e-01,   -7.980285e+00,    5.509245e+00,    7.061886e+00,   -6.538647e+00,    8.927207e-01,   -1.117609e+00,    5.635300e-03,   -2.165600e-02,    6.715900e-02,   -5.415300e-02,   -4.273500e-02,    4.137600e-02,    2.709500e-03,    6.456500e-03,    6.590700e-03,    6.590700e-03,    3.581800e-03,    3.581800e-03,    3.581800e-03,    3.581800e-03,    3.061200e-03,    3.061200e-03,
        40,    3.981000e+01,    9.097559e-03,   -1.598145e-02,    1.131713e-01,   -8.856426e-02,   -8.451274e-02,    8.322473e-02,   -4.979614e-03,    1.044148e-02,    1.720662e+00,   -5.428305e-02,   -5.044171e+00,    5.200475e+00,    6.659623e+00,   -6.603077e+00,    2.721845e+00,   -1.122782e+00,    2.369600e-02,   -1.644200e-02,    9.006700e-02,   -6.474400e-02,   -5.400900e-02,    5.298000e-02,    5.128500e-03,    6.271800e-03,    8.484200e-03,    8.484200e-03,    4.580400e-03,    4.580400e-03,    4.580400e-03,    4.580400e-03,    3.713700e-03,    3.713700e-03,
        41,    6.309500e+00,    6.187234e-02,   -2.022663e-02,    6.880241e-02,   -7.767337e-02,   -1.349193e-01,    8.551214e-02,   -4.000681e-02,    2.244069e-02,   -7.499436e+00,    2.209449e+00,   -2.009775e+01,    2.387302e+01,    3.991302e+01,   -2.544838e+01,    4.972280e+00,   -2.673389e+00,    2.648100e-02,   -9.799800e-03,    2.451100e-02,   -2.506200e-02,   -4.695900e-02,    2.942900e-02,   -1.602600e-02,    9.547200e-03,    4.719200e-03,    4.719200e-03,    2.203800e-03,    2.203800e-03,    2.203800e-03,    2.203800e-03,    4.822900e-03,    4.822900e-03,
        41,    1.000000e+01,    6.950469e-02,   -1.296061e-02,    8.989769e-02,   -9.813066e-02,   -1.586579e-01,    9.286992e-02,   -4.956804e-02,    1.857040e-02,   -7.147679e+00,    1.124437e+00,   -2.213999e+01,    2.547357e+01,    3.858529e+01,   -2.305808e+01,    5.412164e+00,   -1.793346e+00,    3.014600e-02,   -6.768900e-03,    3.114700e-02,   -3.053400e-02,   -5.626800e-02,    3.168300e-02,   -1.947100e-02,    8.597600e-03,    5.506500e-03,    5.506500e-03,    2.653600e-03,    2.653600e-03,    2.653600e-03,    2.653600e-03,    5.561000e-03,    5.561000e-03,
        41,    1.584800e+01,    7.235717e-02,   -3.472885e-03,    1.150419e-01,   -1.225646e-01,   -1.778679e-01,    1.031668e-01,   -5.583733e-02,    1.151049e-02,   -6.663270e+00,    1.345571e-01,   -2.496183e+01,    2.766828e+01,    3.667535e+01,   -2.267353e+01,    5.515317e+00,   -8.374109e-01,    3.149400e-02,   -2.647700e-03,    3.782000e-02,   -3.697000e-02,   -6.440900e-02,    3.302400e-02,   -2.208800e-02,    6.386200e-03,    6.132600e-03,    6.132600e-03,    3.093600e-03,    3.093600e-03,    3.093600e-03,    3.093600e-03,    6.119200e-03,    6.119200e-03,
        41,    2.511800e+01,    6.922164e-02,    5.127538e-03,    1.440882e-01,   -1.533477e-01,   -1.925622e-01,    1.251147e-01,   -5.751829e-02,    3.704591e-03,   -5.704342e+00,   -7.919351e-01,   -2.705921e+01,    2.898748e+01,    3.387603e+01,   -2.271704e+01,    5.094256e+00,    4.374704e-01,    3.074300e-02,   -2.144600e-04,    4.538700e-02,   -4.761300e-02,   -6.899600e-02,    4.225200e-02,   -2.353400e-02,    6.623000e-03,    6.745500e-03,    6.745500e-03,    3.647600e-03,    3.647600e-03,    3.647600e-03,    3.647600e-03,    6.671100e-03,    6.671100e-03,
        41,    3.981000e+01,    6.144642e-02,    9.045123e-03,    1.763390e-01,   -1.944640e-01,   -2.080342e-01,    1.675774e-01,   -5.486313e-02,   -2.515419e-03,   -4.917672e+00,   -1.635964e+00,   -2.815301e+01,    3.012335e+01,    3.148623e+01,   -2.647104e+01,    4.265723e+00,    1.415251e+00,    2.652800e-02,   -2.571200e-03,    5.445900e-02,   -6.405400e-02,   -7.172400e-02,    5.297900e-02,   -2.434700e-02,    7.609000e-03,    7.100600e-03,    7.100600e-03,    4.329200e-03,    4.329200e-03,    4.329200e-03,    4.329200e-03,    7.153800e-03,    7.153800e-03,
        41,    6.309500e+01,    5.301150e-02,    6.093464e-03,    2.116524e-01,   -2.543872e-01,   -2.324979e-01,    2.376261e-01,   -4.882328e-02,   -4.974992e-03,   -3.510735e+00,   -1.970509e+00,   -2.578100e+01,    2.999520e+01,    2.776188e+01,   -2.798534e+01,    2.690604e+00,    1.681251e+00,    2.454400e-02,   -9.884800e-03,    6.788200e-02,   -8.711600e-02,   -7.768100e-02,    8.156300e-02,   -2.624400e-02,    9.133900e-03,    8.108700e-03,    8.108700e-03,    5.576600e-03,    5.576600e-03,    5.576600e-03,    5.576600e-03,    8.391900e-03,    8.391900e-03,
        42,    6.309500e+00,   -1.722857e-02,    7.917370e-03,    2.901576e-02,   -3.287385e-02,   -3.270075e-02,    2.769214e-02,    4.542285e-03,   -3.372199e-03,    1.372074e+00,   -1.693662e+00,    3.082807e-01,    6.363053e-01,   -2.578242e+00,    9.418748e-01,    1.199286e-01,    1.174302e+00,   -1.242700e-02,    1.990400e-03,    2.972400e-02,   -3.141200e-02,   -3.862400e-02,    2.985600e-02,    4.819500e-03,   -6.578000e-04,    3.499500e-03,    3.499500e-03,    2.297400e-03,    2.297400e-03,    2.297400e-03,    2.297400e-03,    2.311500e-03,    2.311500e-03,
        42,    1.000000e+01,   -2.112793e-02,    4.748417e-03,    3.994438e-02,   -3.987966e-02,   -4.119558e-02,    3.203741e-02,    6.843239e-03,   -5.126122e-03,    1.794438e+00,   -1.448946e+00,   -1.785221e-01,    7.166219e-01,   -2.045400e+00,    8.130632e-01,   -3.001456e-01,    1.614984e+00,   -1.373700e-02,   -1.219500e-03,    3.944100e-02,   -3.785900e-02,   -4.696300e-02,    3.433000e-02,    6.000100e-03,   -5.894700e-04,    4.118800e-03,    4.118800e-03,    2.819700e-03,    2.819700e-03,    2.819700e-03,    2.819700e-03,    2.809100e-03,    2.809100e-03,
        42,    1.584800e+01,   -2.280135e-02,   -5.993240e-05,    5.198841e-02,   -4.629596e-02,   -4.959120e-02,    3.665935e-02,    1.059428e-02,   -4.887945e-03,    1.796706e+00,   -1.204000e+00,   -2.039821e-01,    3.217193e-01,   -1.671191e+00,    1.048449e+00,   -6.421712e-01,    1.431705e+00,   -1.409200e-02,   -5.896200e-03,    5.129100e-02,   -4.519600e-02,   -5.530500e-02,    4.024400e-02,    8.298900e-03,    2.295400e-04,    4.847400e-03,    4.847400e-03,    3.419000e-03,    3.419000e-03,    3.419000e-03,    3.419000e-03,    3.574400e-03,    3.574400e-03,
        42,    2.511800e+01,   -2.174667e-02,   -5.205919e-03,    6.445845e-02,   -5.354589e-02,   -5.786711e-02,    4.349571e-02,    1.380697e-02,   -1.893166e-03,    1.647293e+00,   -9.620787e-01,   -6.111275e-01,    2.510278e-01,   -1.297914e+00,    1.404190e+00,   -8.587685e-01,    1.301189e+00,   -1.270600e-02,   -1.048600e-02,    6.199500e-02,   -5.253400e-02,   -6.309900e-02,    4.915600e-02,    1.003200e-02,    3.826600e-03,    5.488200e-03,    5.488200e-03,    4.031000e-03,    4.031000e-03,    4.031000e-03,    4.031000e-03,    4.395800e-03,    4.395800e-03,
        42,    3.981000e+01,   -1.823736e-02,   -9.355597e-03,    7.749259e-02,   -6.318443e-02,   -6.727975e-02,    5.412915e-02,    1.467346e-02,    3.159035e-03,    1.404422e+00,   -1.123500e+00,   -7.045133e-01,   -1.594625e-01,   -1.339786e+00,    2.091287e+00,   -9.565411e-01,    1.342895e+00,   -9.160300e-03,   -1.661700e-02,    7.404400e-02,   -6.396500e-02,   -7.383800e-02,    6.436600e-02,    9.328400e-03,    1.066300e-02,    6.463200e-03,    6.463200e-03,    4.895000e-03,    4.895000e-03,    4.895000e-03,    4.895000e-03,    5.587900e-03,    5.587900e-03,
        42,    6.309500e+01,   -1.334152e-02,   -1.172446e-02,    9.154178e-02,   -7.709887e-02,   -7.930802e-02,    6.936368e-02,    1.190734e-02,    8.557052e-03,    1.262983e+00,   -1.497635e+00,   -4.536536e-01,   -6.555152e-01,   -1.612298e+00,    2.796333e+00,   -9.002992e-01,    1.512889e+00,   -3.163900e-03,   -2.379300e-02,    8.877000e-02,   -8.110400e-02,   -8.915900e-02,    8.644900e-02,    5.062100e-03,    2.006000e-02,    8.058400e-03,    8.058400e-03,    6.109900e-03,    6.109900e-03,    6.109900e-03,    6.109900e-03,    7.603300e-03,    7.603300e-03,
        43,    6.309500e+00,   -2.888251e-03,   -1.451066e-02,    5.674676e-02,   -4.829280e-02,   -4.716409e-02,    3.808157e-02,    1.991100e-03,    2.617736e-03,    3.860517e+00,    5.439913e+00,   -8.326229e+00,    5.615447e+00,    7.278629e+00,   -2.798886e+00,    2.144557e+00,   -3.031504e+00,    1.438100e-02,    9.823700e-03,    3.712600e-02,   -3.506000e-02,   -3.001200e-02,    3.148600e-02,    9.434000e-03,   -7.903400e-03,    4.473300e-03,    4.473300e-03,    2.356500e-03,    2.356500e-03,    2.356500e-03,    2.356500e-03,    3.470600e-03,    3.470600e-03,
        43,    1.000000e+01,    4.319874e-03,   -1.484574e-02,    7.053410e-02,   -5.578691e-02,   -5.419122e-02,    5.092716e-02,    6.307754e-04,    1.889020e-03,    1.330046e+00,    5.685020e+00,   -7.626328e+00,    5.176970e+00,    7.141710e+00,   -2.793434e+00,    2.944750e+00,   -2.307835e+00,    1.085000e-02,    1.306600e-02,    4.823700e-02,   -4.065100e-02,   -3.331100e-02,    4.276000e-02,    1.361300e-02,   -8.285300e-03,    4.909700e-03,    4.909700e-03,    2.923700e-03,    2.923700e-03,    2.923700e-03,    2.923700e-03,    4.408600e-03,    4.408600e-03,
        43,    1.584800e+01,    1.028831e-02,   -1.201010e-02,    8.355935e-02,   -6.539171e-02,   -6.464471e-02,    6.996165e-02,    2.661585e-04,    5.582518e-04,   -7.157571e-01,    5.000213e+00,   -6.379959e+00,    4.374319e+00,    5.858988e+00,   -3.229508e+00,    3.114087e+00,   -1.637737e+00,    6.602300e-03,    1.374000e-02,    5.975700e-02,   -4.907200e-02,   -4.278600e-02,    5.791300e-02,    1.800400e-02,   -8.770300e-03,    5.149800e-03,    5.149800e-03,    3.730800e-03,    3.730800e-03,    3.730800e-03,    3.730800e-03,    5.696000e-03,    5.696000e-03,
        43,    2.511800e+01,    1.298184e-02,   -7.974950e-03,    9.721204e-02,   -8.087668e-02,   -8.131053e-02,    9.554798e-02,    1.222717e-03,   -2.795385e-04,   -2.469694e+00,    3.912075e+00,   -4.648041e+00,    4.308459e+00,    4.708569e+00,   -3.889069e+00,    2.939123e+00,   -1.054088e+00,    5.540900e-04,    1.171100e-02,    7.482800e-02,   -6.012800e-02,   -5.863500e-02,    7.681900e-02,    2.228800e-02,   -7.834400e-03,    5.032100e-03,    5.032100e-03,    4.815800e-03,    4.815800e-03,    4.815800e-03,    4.815800e-03,    7.167200e-03,    7.167200e-03,
        43,    3.981000e+01,    1.278616e-02,   -5.747593e-03,    1.147957e-01,   -1.042684e-01,   -1.054784e-01,    1.271891e-01,    2.582312e-03,    5.625866e-04,   -2.566356e+00,    3.053400e+00,   -3.594097e+00,    4.744624e+00,    4.030948e+00,   -4.614462e+00,    2.665925e+00,   -6.966372e-01,   -7.950000e-04,    1.041100e-02,    9.264200e-02,   -7.502300e-02,   -8.063200e-02,    9.874600e-02,    2.575000e-02,   -5.491400e-03,    5.292000e-03,    5.292000e-03,    6.163900e-03,    6.163900e-03,    6.163900e-03,    6.163900e-03,    8.690300e-03,    8.690300e-03,
        43,    6.309500e+01,    1.223711e-02,   -6.440600e-03,    1.386957e-01,   -1.358081e-01,   -1.373644e-01,    1.662447e-01,    2.643661e-03,    2.704926e-03,   -1.761632e+00,    2.848350e+00,   -3.205360e+00,    5.287341e+00,    3.946783e+00,   -4.795447e+00,    2.776555e+00,   -5.399865e-01,    1.767200e-03,    1.048800e-02,    1.135400e-01,   -9.431300e-02,   -1.063900e-01,    1.286100e-01,    3.417700e-02,   -3.427700e-03,    5.943300e-03,    5.943300e-03,    7.848000e-03,    7.848000e-03,    7.848000e-03,    7.848000e-03,    1.135700e-02,    1.135700e-02,
        44,    6.309500e+00,   -2.098309e-02,   -7.507105e-03,    5.545174e-02,   -5.323956e-02,   -7.505823e-02,    4.312119e-02,    5.223676e-03,    2.051116e-03,    9.074753e-02,    4.899021e-01,   -7.275256e+00,    5.622715e+00,    9.097836e+00,   -5.347046e+00,   -1.205506e+00,   -3.374678e-01,   -2.053200e-02,   -5.071900e-03,    3.554300e-02,   -3.785300e-02,   -5.016200e-02,    2.848900e-02,    2.798800e-03,    1.372300e-03,    4.970800e-03,    4.970800e-03,    2.736500e-03,    2.736500e-03,    2.736500e-03,    2.736500e-03,    2.011500e-03,    2.011500e-03,
        44,    1.000000e+01,   -1.728029e-02,   -1.157741e-02,    6.983048e-02,   -6.406912e-02,   -8.383502e-02,    5.218239e-02,    4.583822e-03,    2.517099e-03,   -6.332347e-02,    4.155961e-01,   -7.018193e+00,    5.176672e+00,    8.980352e+00,   -6.203679e+00,   -9.469763e-01,   -7.410000e-01,   -1.762000e-02,   -9.347900e-03,    4.495800e-02,   -4.572300e-02,   -5.509700e-02,    3.233000e-02,    2.666100e-03,    1.016500e-03,    5.364600e-03,    5.364600e-03,    3.544000e-03,    3.544000e-03,    3.200100e-03,    3.200100e-03,    2.025100e-03,    2.025100e-03,
        44,    1.584800e+01,   -1.157703e-02,   -1.440968e-02,    8.464630e-02,   -7.812345e-02,   -9.308566e-02,    6.688927e-02,    3.968781e-03,    3.168272e-03,   -1.486543e-01,    4.199589e-01,   -6.075850e+00,    4.810192e+00,    8.459064e+00,   -6.412256e+00,   -4.509075e-01,   -7.909633e-01,   -1.241300e-02,   -1.204800e-02,    5.793200e-02,   -5.697400e-02,   -6.037700e-02,    4.209500e-02,    2.927500e-03,    1.341700e-03,    5.623600e-03,    5.623600e-03,    4.396800e-03,    4.396800e-03,    3.866700e-03,    3.866700e-03,    2.309300e-03,    2.309300e-03,
        44,    2.511800e+01,   -4.563495e-03,   -1.483171e-02,    1.013613e-01,   -9.936778e-02,   -1.053623e-01,    9.052995e-02,    3.036165e-03,    4.259795e-03,   -1.386936e-01,    5.502063e-01,   -5.654370e+00,    5.405643e+00,    7.410197e+00,   -5.871886e+00,    6.063501e-02,   -1.638548e-01,   -5.325700e-03,   -1.180800e-02,    7.366000e-02,   -7.288500e-02,   -6.905900e-02,    6.176300e-02,    3.230700e-03,    3.734100e-03,    5.495600e-03,    5.495600e-03,    4.899100e-03,    4.899100e-03,    4.899100e-03,    4.899100e-03,    3.208300e-03,    3.208300e-03,
        44,    3.981000e+01,    1.860254e-03,   -1.217011e-02,    1.244104e-01,   -1.305465e-01,   -1.254128e-01,    1.251074e-01,    1.061070e-03,    5.539882e-03,   -5.957169e-01,    5.365561e-01,   -5.787762e+00,    6.906440e+00,    6.998630e+00,   -7.160056e+00,    1.277480e-01,   -6.676015e-02,   -1.225500e-03,   -9.390800e-03,    8.935800e-02,   -8.871900e-02,   -8.302700e-02,    8.174400e-02,    1.546500e-03,    5.286200e-03,    5.179900e-03,    5.179900e-03,    6.056300e-03,    6.056300e-03,    6.056300e-03,    6.056300e-03,    3.799900e-03,    3.799900e-03,
        44,    6.309500e+01,    5.629526e-03,   -7.604127e-03,    1.585400e-01,   -1.708870e-01,   -1.583412e-01,    1.695876e-01,   -2.185436e-03,    5.706854e-03,   -3.696107e-01,    2.303118e-01,   -5.397891e+00,    6.243460e+00,    6.446505e+00,   -6.541154e+00,   -1.734595e-01,   -4.073014e-02,    3.687000e-03,   -6.393700e-03,    1.148300e-01,   -1.203300e-01,   -1.061400e-01,    1.166200e-01,   -3.004200e-03,    5.514600e-03,    5.255600e-03,    5.255600e-03,    8.097600e-03,    8.097600e-03,    8.097600e-03,    8.097600e-03,    4.720200e-03,    4.720200e-03,
        45,    6.309500e+00,   -1.164670e-03,    2.920197e-03,    2.234929e-02,   -2.617242e-02,   -2.516464e-02,    3.407908e-02,    7.741829e-04,   -9.190820e-04,   -7.583078e-01,    1.589453e-01,   -1.593015e-04,    7.136550e-01,    1.766983e+00,   -2.830102e-01,    8.302523e-01,   -6.937361e-01,   -2.488600e-03,    3.197700e-03,    2.234900e-02,   -2.486600e-02,   -2.193000e-02,    3.356100e-02,    2.130400e-03,   -2.052300e-03,    1.745900e-03,    1.745900e-03,    1.830600e-03,    1.830600e-03,    1.830600e-03,    1.830600e-03,    1.633500e-03,    1.633500e-03,
        45,    1.000000e+01,   -2.349404e-03,    3.964094e-03,    2.715139e-02,   -3.661987e-02,   -3.343647e-02,    4.559397e-02,    1.016503e-03,   -2.787231e-03,   -6.966248e-01,   -1.218034e-01,   -7.397587e-02,    6.399480e-01,    1.315659e+00,   -7.686466e-01,    7.494304e-01,   -3.093566e-02,   -3.966200e-03,    3.681400e-03,    2.697200e-02,   -3.506800e-02,   -3.024600e-02,    4.373000e-02,    2.631600e-03,   -2.853900e-03,    2.320900e-03,    2.320900e-03,    2.425000e-03,    2.425000e-03,    2.425000e-03,    2.425000e-03,    2.155100e-03,    2.155100e-03,
        45,    1.584800e+01,   -3.828168e-03,    4.709845e-03,    3.508924e-02,   -5.166768e-02,   -4.548888e-02,    6.015555e-02,    2.571907e-03,   -4.538690e-03,   -6.199763e-01,   -3.142516e-01,   -3.308062e-01,    5.925451e-01,    9.504448e-01,   -7.426446e-01,    7.221106e-02,    5.016578e-02,   -5.715500e-03,    3.753200e-03,    3.400300e-02,   -4.972200e-02,   -4.236800e-02,    5.771700e-02,    2.780900e-03,   -4.393500e-03,    3.044200e-03,    3.044200e-03,    3.283600e-03,    3.283600e-03,    3.283600e-03,    3.283600e-03,    2.894200e-03,    2.894200e-03,
        45,    2.511800e+01,   -5.441379e-03,    5.354708e-03,    4.849949e-02,   -7.117654e-02,   -6.208994e-02,    7.760957e-02,    4.814226e-03,   -5.441565e-03,   -4.018086e-01,   -3.453391e-01,   -7.679999e-01,    8.526153e-01,    1.135492e+00,   -9.135474e-01,   -2.822992e-01,   -4.873992e-02,   -6.983400e-03,    4.029400e-03,    4.515900e-02,   -6.746800e-02,   -5.715100e-02,    7.363600e-02,    3.751200e-03,   -5.625100e-03,    3.837700e-03,    3.837700e-03,    4.349600e-03,    4.349600e-03,    4.349600e-03,    4.349600e-03,    3.765600e-03,    3.765600e-03,
        45,    3.981000e+01,   -7.405314e-03,    5.928198e-03,    6.839503e-02,   -9.402477e-02,   -8.391713e-02,    9.806185e-02,    7.221838e-03,   -5.678632e-03,   -2.954033e-01,   -4.732190e-01,   -8.475646e-01,    5.650571e-01,    8.379251e-01,   -1.009459e+00,   -3.803221e-01,   -5.385290e-01,   -8.847000e-03,    3.618700e-03,    6.348000e-02,   -9.074800e-02,   -7.905800e-02,    9.220800e-02,    5.236100e-03,   -8.490400e-03,    4.880400e-03,    4.880400e-03,    5.799000e-03,    5.799000e-03,    5.799000e-03,    5.799000e-03,    5.221200e-03,    5.221200e-03,
        45,    6.309500e+01,   -9.747465e-03,    6.026834e-03,    9.459913e-02,   -1.202739e-01,   -1.113415e-01,    1.215055e-01,    9.830599e-03,   -5.163733e-03,   -1.110226e-01,   -5.262630e-01,   -2.401725e-01,   -4.476401e-01,    4.113022e-01,   -6.863177e-01,   -3.112753e-01,   -8.467400e-01,   -1.042800e-02,    2.801000e-03,    9.271800e-02,   -1.237800e-01,   -1.081200e-01,    1.161300e-01,    7.674800e-03,   -1.102800e-02,    6.129700e-03,    6.129700e-03,    7.832400e-03,    7.832400e-03,    7.832400e-03,    7.832400e-03,    6.925700e-03,    6.925700e-03,
        46,    6.309500e+00,   -3.655263e-02,    7.945075e-03,    5.492691e-02,   -4.984107e-02,   -6.182061e-02,    3.922576e-02,    1.250854e-02,   -5.359462e-03,   -5.163762e-01,    7.549625e-01,   -5.649791e+00,    5.196015e+00,    5.689922e+00,   -4.577750e+00,   -5.638061e-01,   -1.769069e-01,   -4.024400e-02,    1.334200e-02,    3.976400e-02,   -3.589600e-02,   -4.655000e-02,    2.694000e-02,    1.036100e-02,   -6.033300e-03,    7.148600e-03,    7.148600e-03,    2.683800e-03,    2.683800e-03,    2.683800e-03,    2.683800e-03,    3.809000e-03,    3.809000e-03,
        46,    1.000000e+01,   -3.985804e-02,    3.048457e-03,    7.077180e-02,   -5.899398e-02,   -7.236284e-02,    4.457806e-02,    1.508859e-02,   -4.853573e-03,   -5.415536e-01,    5.154539e-01,   -6.353061e+00,    4.840453e+00,    6.144007e+00,   -4.343989e+00,   -8.006912e-01,   -5.377487e-01,   -4.430300e-02,    7.279200e-03,    5.050300e-02,   -4.355100e-02,   -5.276100e-02,    3.071900e-02,    1.162000e-02,   -7.183100e-03,    8.207800e-03,    8.207800e-03,    3.190400e-03,    3.190400e-03,    3.190400e-03,    3.190400e-03,    4.332000e-03,    4.332000e-03,
        46,    1.584800e+01,   -4.005921e-02,   -3.185298e-03,    8.832124e-02,   -6.767434e-02,   -8.234586e-02,    5.181650e-02,    1.741181e-02,   -3.159437e-03,   -6.280404e-01,    6.278881e-01,   -6.926454e+00,    4.469946e+00,    5.995789e+00,   -4.510379e+00,   -8.864664e-01,   -1.085682e+00,   -4.578600e-02,    2.540100e-03,    6.242600e-02,   -5.096300e-02,   -5.993000e-02,    3.495400e-02,    1.304100e-02,   -8.512500e-03,    9.118500e-03,    9.118500e-03,    3.738600e-03,    3.738600e-03,    3.738600e-03,    3.738600e-03,    4.930600e-03,    4.930600e-03,
        46,    2.511800e+01,   -3.666691e-02,   -8.656779e-03,    1.059739e-01,   -7.731576e-02,   -9.214551e-02,    6.388913e-02,    1.880948e-02,   -3.539309e-04,   -9.024080e-01,    1.131916e+00,   -7.823686e+00,    3.696567e+00,    5.595782e+00,   -4.956085e+00,   -8.549370e-01,   -1.779402e+00,   -4.555500e-02,    2.491800e-03,    7.196900e-02,   -6.124900e-02,   -6.782400e-02,    4.234800e-02,    1.402500e-02,   -1.031200e-02,    9.849300e-03,    9.849300e-03,    4.346400e-03,    4.346400e-03,    4.346400e-03,    4.346400e-03,    5.596300e-03,    5.596300e-03,
        46,    3.981000e+01,   -3.095642e-02,   -1.153943e-02,    1.231831e-01,   -9.145652e-02,   -1.040651e-01,    8.382154e-02,    1.863182e-02,    3.205227e-03,   -1.286950e+00,    1.388373e+00,   -7.858262e+00,    2.907528e+00,    5.118613e+00,   -5.545694e+00,   -5.551524e-01,   -2.482010e+00,   -4.465600e-02,    3.239800e-03,    8.253000e-02,   -7.641500e-02,   -7.758500e-02,    5.513200e-02,    1.501300e-02,   -1.297400e-02,    1.064500e-02,    1.064500e-02,    5.173300e-03,    5.173300e-03,    5.173300e-03,    5.173300e-03,    6.518600e-03,    6.518600e-03,
        46,    6.309500e+01,   -2.490858e-02,   -1.131404e-02,    1.424705e-01,   -1.147063e-01,   -1.219779e-01,    1.137975e-01,    1.631413e-02,    6.617875e-03,   -1.586118e+00,    1.416489e+00,   -7.573201e+00,    2.841619e+00,    4.913755e+00,   -5.929744e+00,   -1.387628e-02,   -2.898760e+00,   -4.314100e-02,    4.968500e-03,    9.451400e-02,   -9.671200e-02,   -9.086200e-02,    7.624800e-02,    1.620600e-02,   -1.597100e-02,    1.149500e-02,    1.149500e-02,    6.332400e-03,    6.332400e-03,    6.332400e-03,    6.332400e-03,    7.792600e-03,    7.792600e-03,
        47,    6.309500e+00,    4.193615e-02,   -1.248581e-02,    7.237960e-02,   -8.289236e-02,   -1.124494e-01,    7.999346e-02,   -2.869263e-02,    2.207193e-02,   -4.886404e+00,    3.361769e+00,   -7.458879e+00,    8.403667e+00,    1.314290e+01,   -9.396158e+00,    3.784443e+00,   -3.875043e+00,    1.662800e-02,    4.925800e-03,    4.496300e-02,   -5.200300e-02,   -6.414000e-02,    4.545600e-02,   -1.124900e-02,    4.210700e-03,    5.179300e-03,    5.179300e-03,    3.675700e-03,    3.675700e-03,    3.675700e-03,    3.675700e-03,    4.609300e-03,    4.609300e-03,
        47,    1.000000e+01,    4.757110e-02,   -6.572394e-03,    9.718185e-02,   -1.042779e-01,   -1.387029e-01,    8.940143e-02,   -3.812580e-02,    2.222724e-02,   -4.691642e+00,    2.738966e+00,   -8.614415e+00,    9.216476e+00,    1.400898e+01,   -9.086539e+00,    4.402852e+00,   -3.906960e+00,    1.772100e-02,    1.085400e-02,    5.896400e-02,   -6.338900e-02,   -7.655200e-02,    4.908900e-02,   -1.428700e-02,    1.073400e-03,    6.362400e-03,    6.362400e-03,    4.436500e-03,    4.436500e-03,    4.436500e-03,    4.436500e-03,    5.414400e-03,    5.414400e-03,
        47,    1.584800e+01,    5.003188e-02,    1.580457e-03,    1.281117e-01,   -1.274818e-01,   -1.658222e-01,    9.713890e-02,   -4.821035e-02,    1.943255e-02,   -4.897191e+00,    2.217979e+00,   -9.593068e+00,    9.064252e+00,    1.388539e+01,   -7.996418e+00,    5.368731e+00,   -4.091736e+00,    1.346700e-02,    1.814100e-02,    7.643000e-02,   -7.864900e-02,   -9.101600e-02,    5.405900e-02,   -1.497200e-02,   -5.899800e-03,    7.466500e-03,    7.466500e-03,    5.387400e-03,    5.387400e-03,    5.387400e-03,    5.387400e-03,    6.191100e-03,    6.191100e-03,
        47,    2.511800e+01,    4.902894e-02,    1.061187e-02,    1.646872e-01,   -1.533710e-01,   -1.924451e-01,    1.058946e-01,   -5.781785e-02,    1.222775e-02,   -4.472242e+00,    1.861054e+00,   -8.578762e+00,    7.385782e+00,    1.220016e+01,   -6.387471e+00,    6.028396e+00,   -3.697634e+00,    4.776100e-03,    2.902700e-02,    1.061800e-01,   -1.030000e-01,   -1.092400e-01,    6.233200e-02,   -1.250300e-02,   -1.556700e-02,    9.895000e-03,    9.895000e-03,    6.820000e-03,    6.820000e-03,    6.820000e-03,    6.820000e-03,    7.516900e-03,    7.516900e-03,
        47,    3.981000e+01,    4.472870e-02,    2.012261e-02,    2.074273e-01,   -1.844834e-01,   -2.193575e-01,    1.186152e-01,   -6.391890e-02,   -4.455290e-04,   -3.637312e+00,    1.572661e+00,   -9.622586e+00,    8.766636e+00,    1.195967e+01,   -5.665044e+00,    6.367072e+00,   -2.398064e+00,   -6.940500e-04,    3.976200e-02,    1.310500e-01,   -1.149000e-01,   -1.244300e-01,    7.365000e-02,   -8.888300e-03,   -2.117200e-02,    1.248800e-02,    1.248800e-02,    7.937300e-03,    7.937300e-03,    7.937300e-03,    7.937300e-03,    8.643000e-03,    8.643000e-03,
        47,    6.309500e+01,    3.653642e-02,    2.967962e-02,    2.600654e-01,   -2.232742e-01,   -2.481333e-01,    1.374037e-01,   -6.256515e-02,   -1.678223e-02,   -2.494938e+00,    1.758744e+00,   -1.015032e+01,    1.007898e+01,    1.052500e+01,   -4.276749e+00,    5.435370e+00,   -9.781018e-01,   -4.804700e-03,    5.882200e-02,    1.631400e-01,   -1.270300e-01,   -1.476300e-01,    9.656500e-02,   -5.667700e-03,   -2.702100e-02,    1.657000e-02,    1.657000e-02,    9.549000e-03,    9.549000e-03,    9.549000e-03,    9.549000e-03,    1.046800e-02,    1.046800e-02,
        48,    6.309500e+00,    2.551909e-03,   -1.748259e-03,    3.332569e-02,   -3.112269e-02,   -3.364701e-02,    3.314531e-02,    3.060028e-03,    2.463351e-03,    3.004863e-02,    1.024373e+00,    1.944384e+00,   -1.153892e+00,   -1.905530e+00,    2.189721e+00,   -8.096723e-01,    1.156536e+00,    2.604100e-03,    3.097400e-05,    3.849600e-02,   -3.419100e-02,   -3.871400e-02,    3.896800e-02,    9.339100e-04,    5.500300e-03,    1.736900e-03,    1.736900e-03,    2.659100e-03,    2.659100e-03,    2.659100e-03,    2.659100e-03,    2.625900e-03,    2.625900e-03,
        48,    1.000000e+01,    3.394690e-03,   -7.264771e-04,    4.256777e-02,   -3.876491e-02,   -4.274323e-02,    4.095085e-02,    2.378932e-03,    2.745982e-03,   -3.525314e-01,    8.551730e-01,    1.529662e+00,   -9.332399e-01,   -2.064437e+00,    1.798007e+00,   -1.089968e+00,    1.122421e+00,    2.682400e-03,    1.001400e-03,    4.759500e-02,   -4.183200e-02,   -4.952800e-02,    4.686000e-02,   -1.016100e-03,    6.242100e-03,    2.020500e-03,    2.020500e-03,    3.286500e-03,    3.286500e-03,    3.286500e-03,    3.286500e-03,    3.114800e-03,    3.114800e-03,
        48,    1.584800e+01,    2.890189e-03,    4.734402e-04,    5.356553e-02,   -4.691430e-02,   -5.393422e-02,    5.035315e-02,    1.633783e-03,    3.287748e-03,   -6.425747e-01,    5.327800e-01,    1.861612e+00,   -1.432478e+00,   -2.387130e+00,    1.638946e+00,   -1.149965e+00,    8.147221e-01,    1.597200e-03,    1.545500e-03,    6.132100e-02,   -5.288200e-02,   -6.387900e-02,    5.718100e-02,   -2.500800e-03,    6.217000e-03,    2.012200e-03,    2.012200e-03,    4.166000e-03,    4.166000e-03,    4.166000e-03,    4.166000e-03,    3.595400e-03,    3.595400e-03,
        48,    2.511800e+01,    1.411758e-03,    3.564099e-04,    6.566455e-02,   -5.651878e-02,   -6.748695e-02,    6.162828e-02,    4.972178e-04,    3.970506e-03,   -6.860966e-01,    2.350355e-01,    1.890703e+00,   -1.901072e+00,   -2.957568e+00,    2.195350e+00,   -1.138174e+00,    8.109951e-01,    4.725600e-04,    6.781500e-04,    7.565200e-02,   -6.656100e-02,   -8.311000e-02,    7.322500e-02,   -4.990600e-03,    7.880800e-03,    1.368900e-03,    1.368900e-03,    5.282400e-03,    5.282400e-03,    5.282400e-03,    5.282400e-03,    4.821600e-03,    4.821600e-03,
        48,    3.981000e+01,    6.233833e-04,   -1.519480e-03,    7.896588e-02,   -6.929790e-02,   -8.343781e-02,    7.545904e-02,   -1.103418e-03,    4.535534e-03,   -2.492348e-01,   -3.534065e-01,    1.085149e+00,   -1.709568e+00,   -2.340646e+00,    1.693515e+00,   -1.102325e+00,    7.754957e-01,   -4.713300e-06,   -2.410100e-03,    8.566700e-02,   -7.985500e-02,   -9.789200e-02,    8.591700e-02,   -7.603500e-03,    9.108400e-03,    2.520100e-03,    2.520100e-03,    6.175300e-03,    6.175300e-03,    6.175300e-03,    6.175300e-03,    5.896700e-03,    5.896700e-03,
        48,    6.309500e+01,    1.872262e-03,   -3.962557e-03,    9.423144e-02,   -8.722529e-02,   -1.020961e-01,    9.330155e-02,   -3.262625e-03,    4.706109e-03,   -1.614446e-01,    2.051842e-01,    1.411656e+00,   -1.673894e+00,   -2.246033e+00,    1.605244e+00,   -9.367345e-01,    8.994561e-01,    1.324900e-03,   -3.266900e-03,    1.049500e-01,   -9.993500e-02,   -1.191500e-01,    1.054900e-01,   -1.018500e-02,    1.135300e-02,    3.390400e-03,    3.390400e-03,    7.592900e-03,    7.592900e-03,    7.592900e-03,    7.592900e-03,    7.389900e-03,    7.389900e-03,
VTF,
     StaID,        Freq[Hz],     Re(Tzx)_Cal,     Im(Tzx)_Cal,     Re(Tzy)_Cal,     Im(Tzy)_Cal,     Re(Tzx)_Res,     Im(Tzx)_Res,     Re(Tzy)_Res,     Im(Tzy)_Res,     Re(Tzx)_Obs,     Im(Tzx)_Obs,     Re(Tzy)_Obs,     Im(Tzy)_Obs,      Re(Tzx)_SD,      Im(Tzx)_SD,      Re(Tzy)_SD,      Im(Tzy)_SD,
      1001,    6.309500e+00,    9.758671e-02,    6.538249e-02,    7.349100e-02,   -2.837812e-02,    6.984430e-01,    4.238837e-01,   -3.381001e-01,   -3.296961e-01,    1.185400e-01,    7.809900e-02,    6.334800e-02,   -3.826900e-02,    3.000000e-02,    3.000000e-02,    3.000000e-02,    3.000000e-02,
      1001,    1.000000e+01,    6.213400e-02,    6.497420e-02,    9.377019e-02,   -3.321787e-02,    8.442666e-01,    1.014267e-01,   -4.335398e-01,   -3.463780e-02,    8.746200e-02,    6.801700e-02,    8.076400e-02,   -3.425700e-02,    3.000000e-02,    3.000000e-02,    3.000000e-02,    3.000000e-02,
      1001,    1.584800e+01,    3.130360e-02,    4.521280e-02,    1.140220e-01,   -2.486321e-02,    1.060447e+00,   -1.366007e-02,   -4.337348e-01,   -1.625597e-01,    6.311700e-02,    4.480300e-02,    1.010100e-01,   -2.974000e-02,    3.000000e-02,    3.000000e-02,    3.000000e-02,    3.000000e-02,
      1001,    2.511800e+01,    2.079649e-02,    1.356428e-02,    1.261484e-01,   -5.503900e-03,    9.566503e-01,    1.437575e-01,   -3.379472e-01,   -2.639700e-01,    4.949600e-02,    1.787700e-02,    1.160100e-01,   -1.342300e-02,    3.000000e-02,    3.000000e-02,    3.000000e-02,    3.000000e-02,
      1001,    3.981000e+01,    3.295492e-02,   -9.605641e-03,    1.245880e-01,    1.839831e-02,    7.201360e-01,    7.025214e-01,   -2.635992e-01,   -6.177657e-01,    5.455900e-02,    1.147000e-02,    1.166800e-01,   -1.346600e-04,    3.000000e-02,    3.000000e-02,    3.000000e-02,    3.000000e-02,
      1001,    6.309500e+01,    5.111513e-02,   -1.302853e-02,    1.097721e-01,    3.773128e-02,    3.042957e-01,    7.825176e-01,    1.502634e-01,   -8.758759e-01,    6.024400e-02,    1.044700e-02,    1.142800e-01,    1.145500e-02,    3.000000e-02,    3.000000e-02,    3.000000e-02,    3.000000e-02,
      1002,    6.309500e+00,    1.398919e-01,    5.878431e-02,   -9.670020e-02,    3.297917e-02,    5.779362e-01,    1.888896e-01,    2.130670e-02,   -4.650578e-02,    1.572300e-01,    6.445100e-02,   -9.606100e-02,    3.158400e-02,    3.000000e-02,    3.000000e-02,    3.000000e-02,    3.000000e-02,
      1002,    1.000000e+01,    1.043968e-01,    5.258363e-02,   -9.293339e-02,    2.733759e-02,    6.861073e-01,    2.336455e-01,   -2.093535e-01,    2.344803e-01,    1.249800e-01,    5.959300e-02,   -9.921400e-02,    3.437200e-02,    3.000000e-02,    3.000000e-02,    3.000000e-02,    3.000000e-02,
      1002,    1.584800e+01,    7.797821e-02,    2.472026e-02,   -9.176837e-02,    3.825470e-02,    7.657265e-01,    2.095580e-01,   -3.983878e-01,    1.824434e-01,    1.009500e-01,    3.100700e-02,   -1.037200e-01,    4.372800e-02,    3.000000e-02,    3.000000e-02,    3.000000e-02,    3.000000e-02,
      1002,    2.511800e+01,    7.825941e-02,   -1.426641e-02,   -1.057294e-01,    5.759183e-02,    5.413529e-01,    1.756336e-01,   -5.083538e-01,    4.243913e-02,    9.450000e-02,   -8.997400e-03,   -1.209800e-01,    5.886500e-02,    3.000000e-02,    3.000000e-02,    3.000000e-02,    3.000000e-02,
      1002,    3.981000e+01,    1.066400e-01,   -3.859864e-02,   -1.373782e-01,    6.990621e-02,    3.486670e-01,    5.891214e-01,   -5.933940e-01,   -4.466735e-01,    1.171000e-01,   -2.092500e-02,   -1.551800e-01,    5.650600e-02,    3.000000e-02,    3.000000e-02,    3.000000e-02,    3.000000e-02,
      1002,    6.309500e+01,    1.405012e-01,   -3.315504e-02,   -1.755605e-01,    6.182424e-02,    2.572934e-01,    4.123013e-01,   -7.609818e-01,   -6.281080e-01,    1.482200e-01,   -2.078600e-02,   -1.983900e-01,    4.298100e-02,    3.000000e-02,    3.000000e-02,    3.000000e-02,    3.000000e-02,
      1003,    3.981000e+01,    4.660182e-02,   -3.064357e-02,   -9.627555e-02,    4.474161e-02,    8.953727e-01,    3.669189e-01,    3.464184e-01,    8.775798e-01,    7.346300e-02,   -1.963600e-02,   -8.588300e-02,    7.106900e-02,    3.000000e-02,    3.000000e-02,    3.000000e-02,    3.000000e-02,
      1003,    6.309500e+01,    7.070046e-02,   -3.180864e-02,   -1.220106e-01,    3.341374e-02,    9.744512e-01,    2.451548e-01,   -1.683149e-01,    5.525753e-01,    9.993400e-02,   -2.445400e-02,   -1.270600e-01,    4.999100e-02,    3.000000e-02,    3.000000e-02,    3.000000e-02,    3.000000e-02,
      1004,    6.309500e+00,    1.646560e-02,    3.907056e-02,    4.974062e-01,    5.530480e-02,    1.162680e+00,   -4.921187e-01,   -6.915395e-01,    1.303140e+00,    5.134600e-02,    2.430700e-02,    4.766600e-01,    9.439900e-02,    3.000000e-02,    3.000000e-02,    3.000000e-02,    3.000000e-02,
      1004,    1.000000e+01,   -3.431266e-03,    4.580746e-02,    4.679113e-01,    1.071543e-01,    1.025576e+00,    7.375180e-01,   -6.477108e-01,    2.818554e-01,    2.733600e-02,    6.793300e-02,    4.484800e-01,    1.156100e-01,    3.000000e-02,    3.000000e-02,    3.000000e-02,    3.000000e-02,
      1004,    1.584800e+01,   -2.487407e-02,    4.458515e-02,    4.146034e-01,    1.467819e-01,   -8.817644e-01,    1.355028e+00,   -4.137801e-01,   -1.266062e+00,   -5.132700e-02,    8.523600e-02,    4.021900e-01,    1.088000e-01,    3.000000e-02,    3.000000e-02,    3.000000e-02,    3.000000e-02,
      1004,    2.511800e+01,   -4.197479e-02,    3.490360e-02,    3.492411e-01,    1.662876e-01,   -4.818070e-01,    1.247613e+00,   -5.873688e-01,   -1.066588e+00,   -5.642900e-02,    7.233200e-02,    3.316200e-01,    1.342900e-01,    3.000000e-02,    3.000000e-02,    3.000000e-02,    3.000000e-02,
      1004,    3.981000e+01,   -4.927306e-02,    2.262689e-02,    2.840817e-01,    1.671145e-01,   -4.214645e-01,    1.232437e+00,    3.275324e-03,   -8.918152e-01,   -6.191700e-02,    5.960000e-02,    2.841800e-01,    1.403600e-01,    3.000000e-02,    3.000000e-02,    3.000000e-02,    3.000000e-02,
      1004,    6.309500e+01,   -4.912815e-02,    1.624143e-02,    2.270008e-01,    1.550149e-01,   -5.676951e-01,    9.349856e-01,    4.559734e-01,   -6.818312e-01,   -6.615900e-02,    4.429100e-02,    2.406800e-01,    1.345600e-01,    3.000000e-02,    3.000000e-02,    3.000000e-02,    3.000000e-02,
      1005,    6.309500e+00,    1.483068e-01,    7.172604e-02,    8.467780e-02,   -2.833365e-02,   -6.892712e-03,   -1.049346e-01,    1.478400e-01,    6.175750e-01,    1.481000e-01,    6.857800e-02,    8.911300e-02,   -9.806400e-03,    3.000000e-02,    3.000000e-02,    3.000000e-02,    3.000000e-02,
      1005,    1.000000e+01,    1.107056e-01,    8.536189e-02,    1.051154e-01,   -3.439855e-02,    1.944803e-01,   -3.023964e-01,   -2.392127e-01,    6.578185e-01,    1.165400e-01,    7.629000e-02,    9.793900e-02,   -1.466400e-02,    3.000000e-02,    3.000000e-02,    3.000000e-02,    3.000000e-02,
      1005,    1.584800e+01,    7.116412e-02,    8.113520e-02,    1.257910e-01,   -2.718613e-02,    5.779627e-01,   -4.046400e-01,   -6.196998e-01,    3.902044e-01,    8.850300e-02,    6.899600e-02,    1.072000e-01,   -1.548000e-02,    3.000000e-02,    3.000000e-02,    3.000000e-02,    3.000000e-02,
      1005,    2.511800e+01,    4.389872e-02,    6.326530e-02,    1.392589e-01,   -9.679471e-03,    5.778094e-01,   -2.362765e-01,   -5.099633e-01,   -6.221762e-02,    6.123300e-02,    5.617700e-02,    1.239600e-01,   -1.154600e-02,    3.000000e-02,    3.000000e-02,    3.000000e-02,    3.000000e-02,
      1005,    3.981000e+01,    3.358700e-02,    4.761178e-02,    1.416198e-01,    1.347157e-02,    6.122000e-01,    2.290407e-01,   -6.199308e-02,   -3.456757e-01,    5.195300e-02,    5.448300e-02,    1.397600e-01,    3.101300e-03,    3.000000e-02,    3.000000e-02,    3.000000e-02,    3.000000e-02,
      1005,    6.309500e+01,    2.814084e-02,    4.505336e-02,    1.311540e-01,    3.609639e-02,    4.131721e-01,    6.841880e-01,    2.155329e-01,   -1.597131e-01,    4.053600e-02,    6.557900e-02,    1.376200e-01,    3.130500e-02,    3.000000e-02,    3.000000e-02,    3.000000e-02,    3.000000e-02,
      1006,    6.309500e+00,    5.348768e-02,   -8.435434e-03,    3.092716e-02,    6.038103e-02,   -6.363561e-01,    1.180145e-01,    1.605228e+00,   -2.687344e-01,    3.439700e-02,   -4.895000e-03,    7.908400e-02,    5.231900e-02,    3.000000e-02,    3.000000e-02,    3.000000e-02,    3.000000e-02,
      1006,    1.000000e+01,    5.500295e-02,    1.019635e-02,    7.938235e-03,    5.319972e-02,   -7.153652e-01,   -3.982168e-02,    1.507992e+00,    1.714761e-01,    3.354200e-02,    9.001700e-03,    5.317800e-02,    5.834400e-02,    3.000000e-02,    3.000000e-02,    3.000000e-02,    3.000000e-02,
      1006,    1.584800e+01,    4.636219e-02,    2.913542e-02,   -1.159282e-02,    4.020914e-02,   -7.727731e-01,   -3.106472e-01,    1.284094e+00,    2.920621e-01,    2.317900e-02,    1.981600e-02,    2.693000e-02,    4.897100e-02,    3.000000e-02,    3.000000e-02,    3.000000e-02,    3.000000e-02,
      1006,    2.511800e+01,    2.824673e-02,    4.280123e-02,   -2.394862e-02,    2.155018e-02,   -5.341576e-01,   -6.569077e-01,    1.236587e+00,    4.647608e-01,    1.222200e-02,    2.309400e-02,    1.314900e-02,    3.549300e-02,    3.000000e-02,    3.000000e-02,    3.000000e-02,    3.000000e-02,
      1006,    3.981000e+01,    5.376123e-03,    4.665566e-02,   -2.547822e-02,    1.776638e-03,   -2.779341e-01,   -8.000220e-01,    8.810876e-01,    6.388787e-01,   -2.961900e-03,    2.265500e-02,    9.544100e-04,    2.094300e-02,    3.000000e-02,    3.000000e-02,    3.000000e-02,    3.000000e-02,
      1006,    6.309500e+01,   -1.511349e-02,    4.057327e-02,   -1.798845e-02,   -1.298129e-02,    4.364969e-02,   -6.821423e-01,    2.128151e-01,    6.004798e-01,   -1.380400e-02,    2.010900e-02,   -1.160400e-02,    5.033100e-03,    3.000000e-02,    3.000000e-02,    3.000000e-02,    3.000000e-02,
      1007,    6.309500e+00,   -7.805770e-02,   -1.200027e-02,    1.391034e-01,    2.189132e-02,    5.401233e-01,    7.773757e-01,   -3.401144e-01,   -3.979840e-01,   -6.185400e-02,    1.132100e-02,    1.289000e-01,    9.951800e-03,    3.000000e-02,    3.000000e-02,    3.000000e-02,    3.000000e-02,
      1007,    1.000000e+01,   -7.562389e-02,   -8.177107e-03,    1.350161e-01,    3.011413e-02,    5.387963e-01,    8.803702e-01,   -1.948697e-01,   -1.676045e-01,   -5.946000e-02,    1.823400e-02,    1.291700e-01,    2.508600e-02,    3.000000e-02,    3.000000e-02,    3.000000e-02,    3.000000e-02,
      1007,    1.584800e+01,   -7.729144e-02,   -6.483826e-03,    1.274988e-01,    4.233162e-02,    7.435148e-01,    7.703275e-01,   -1.086273e-01,   -5.995400e-02,   -5.498600e-02,    1.662600e-02,    1.242400e-01,    4.053300e-02,    3.000000e-02,    3.000000e-02,    3.000000e-02,    3.000000e-02,
      1007,    2.511800e+01,   -7.949481e-02,   -1.052708e-02,    1.140378e-01,    5.750574e-02,    4.122269e-01,    3.057495e-01,   -2.962602e-01,   -1.008579e-01,   -6.712800e-02,   -1.354600e-03,    1.051500e-01,    5.448000e-02,    3.000000e-02,    3.000000e-02,    3.000000e-02,    3.000000e-02,
      1007,    3.981000e+01,   -7.699232e-02,   -1.910856e-02,    9.210782e-02,    7.331197e-02,   -3.072263e-02,    3.891920e-01,   -3.203272e-01,   -3.967991e-01,   -7.791400e-02,   -7.432800e-03,    8.249800e-02,    6.140800e-02,    3.000000e-02,    3.000000e-02,    3.000000e-02,    3.000000e-02,
      1007,    6.309500e+01,   -6.802791e-02,   -2.723512e-02,    6.060032e-02,    8.425634e-02,   -1.549364e-01,    2.577708e-01,   -1.073773e-01,   -4.563112e-01,   -7.267600e-02,   -1.950200e-02,    5.737900e-02,    7.056700e-02,    3.000000e-02,    3.000000e-02,    3.000000e-02,    3.000000e-02,
      1008,    6.309500e+00,    1.507980e-01,    8.803759e-02,   -7.664289e-02,    6.618433e-02,    6.814014e-01,    1.124414e+00,   -1.320570e+00,   -2.149110e-01,    1.712400e-01,    1.217700e-01,   -1.162600e-01,    5.973700e-02,    3.000000e-02,    3.000000e-02,    3.000000e-02,    3.000000e-02,
      1008,    1.000000e+01,    1.014178e-01,    9.531869e-02,   -1.011535e-01,    3.955774e-02,    3.294055e-01,    1.214377e+00,   -1.579217e+00,   -3.991363e-03,    1.113000e-01,    1.317500e-01,   -1.485300e-01,    3.943800e-02,    3.000000e-02,    3.000000e-02,    3.000000e-02,    3.000000e-02,
      1008,    1.584800e+01,    5.585644e-02,    7.625384e-02,   -1.075770e-01,    8.011995e-03,   -1.864813e-01,    7.094719e-01,   -1.641100e+00,   -3.684332e-01,    5.026200e-02,    9.753800e-02,   -1.568100e-01,   -3.041000e-03,    3.000000e-02,    3.000000e-02,    3.000000e-02,    3.000000e-02,
      1008,    2.511800e+01,    3.388886e-02,    3.975621e-02,   -9.674126e-02,   -1.695496e-02,   -5.679286e-01,    4.729931e-01,   -1.096958e+00,   -1.115035e+00,    1.685100e-02,    5.394600e-02,   -1.296500e-01,   -5.040600e-02,    3.000000e-02,    3.000000e-02,    3.000000e-02,    3.000000e-02,
      1009,    6.309500e+00,   -2.171056e-01,    1.190246e-01,    1.936246e-01,    1.481364e-02,    1.075854e+00,    1.236180e+00,    8.084755e-02,   -3.089848e-01,   -1.848300e-01,    1.561100e-01,    1.960500e-01,    5.544100e-03,    3.000000e-02,    3.000000e-02,    3.000000e-02,    3.000000e-02,
      1009,    1.000000e+01,   -2.724375e-01,    8.350823e-02,    1.849022e-01,    1.088937e-02,    1.881918e+00,    3.781922e-01,   -2.324076e-01,    2.370878e-01,   -2.159800e-01,    9.485400e-02,    1.779300e-01,    1.800200e-02,    3.000000e-02,    3.000000e-02,    3.000000e-02,    3.000000e-02,
      1009,    1.584800e+01,   -3.016362e-01,    2.582780e-02,    1.835597e-01,    2.726741e-03,    1.936541e+00,    9.714016e-02,    2.556757e-01,    1.564086e-01,   -2.435400e-01,    2.874200e-02,    1.912300e-01,    7.419000e-03,    3.000000e-02,    3.000000e-02,    3.000000e-02,    3.000000e-02,
      1009,    2.511800e+01,   -2.954927e-01,   -3.644837e-02,    1.916037e-01,   -1.203787e-03,    1.673756e+00,    2.832790e-01,   -5.951232e-01,    1.368362e-01,   -2.452800e-01,   -2.795000e-02,    1.737500e-01,    2.901300e-03,    3.000000e-02,    3.000000e-02,    3.000000e-02,    3.000000e-02,
      1009,    3.981000e+01,   -2.582773e-01,   -8.396883e-02,    2.037718e-01,    7.804747e-03,    1.154575e+00,    3.565945e-01,   -1.723942e-01,   -2.418382e-01,   -2.236400e-01,   -7.327100e-02,    1.986000e-01,    5.496000e-04,    3.000000e-02,    3.000000e-02,    3.000000e-02,    3.000000e-02,
      1010,    6.309500e+00,    1.597276e-01,    8.953119e-02,    6.694182e-02,    1.876372e-02,    5.447471e-01,   -5.739398e-01,    2.741939e+00,    3.488209e+00,    1.760700e-01,    7.231300e-02,    1.492000e-01,    1.234100e-01,    3.000000e-02,    3.000000e-02,    3.000000e-02,    3.000000e-02,
      1010,    1.000000e+01,    1.161482e-01,    1.217990e-01,    6.702273e-02,    1.820191e-02,    8.063917e-01,   -2.743015e-01,    7.396757e-01,    3.546603e+00,    1.403400e-01,    1.135700e-01,    8.921300e-02,    1.246000e-01,    3.000000e-02,    3.000000e-02,    3.000000e-02,    3.000000e-02,
      1010,    1.584800e+01,    5.794489e-02,    1.384123e-01,    6.429839e-02,    2.427880e-02,    4.992037e-01,    9.257467e-03,   -9.961795e-01,    2.498940e+00,    7.292100e-02,    1.386900e-01,    3.441300e-02,    9.924700e-02,    3.000000e-02,    3.000000e-02,    3.000000e-02,    3.000000e-02,
      1010,    2.511800e+01,   -5.444104e-03,    1.323612e-01,    5.556591e-02,    3.138997e-02,    2.225268e-01,    1.342948e-01,   -1.443030e+00,    1.100034e+00,    1.231700e-03,    1.363900e-01,    1.227500e-02,    6.439100e-02,    3.000000e-02,    3.000000e-02,    3.000000e-02,    3.000000e-02,
      1010,    3.981000e+01,   -5.989355e-02,    1.018863e-01,    4.348338e-02,    3.599661e-02,    7.740518e-01,    4.747897e-01,   -1.235299e+00,    1.229797e-01,   -3.667200e-02,    1.161300e-01,    6.424400e-03,    3.968600e-02,    3.000000e-02,    3.000000e-02,    3.000000e-02,    3.000000e-02,
      1010,    6.309500e+01,   -9.017712e-02,    5.520626e-02,    2.999668e-02,    3.848174e-02,    5.952039e-01,   -1.409754e-01,   -7.870627e-01,   -4.797579e-01,   -7.232100e-02,    5.097700e-02,    6.384800e-03,    2.408900e-02,    3.000000e-02,    3.000000e-02,    3.000000e-02,    3.000000e-02,
      1011,    6.309500e+00,    1.592922e-01,    3.190638e-02,   -8.388056e-02,   -3.518020e-02,    9.149281e-01,    1.410821e+00,    9.048540e-02,   -6.661933e-01,    1.867400e-01,    7.423100e-02,   -8.116600e-02,   -5.516600e-02,    3.000000e-02,    3.000000e-02,    3.000000e-02,    3.000000e-02,
      1011,    1.000000e+01,    1.528779e-01,    3.408686e-02,   -5.513554e-02,   -4.788853e-02,    2.320707e-01,    1.334471e+00,   -5.911547e-02,   -9.988234e-02,    1.598400e-01,    7.412100e-02,   -5.690900e-02,   -5.088500e-02,    3.000000e-02,    3.000000e-02,    3.000000e-02,    3.000000e-02,
      1011,    1.584800e+01,    1.459742e-01,    4.456828e-02,   -3.121102e-02,   -4.350157e-02,   -2.271415e-01,    5.858575e-01,   -3.659993e-01,    6.041888e-02,    1.391600e-01,    6.214400e-02,   -4.219100e-02,   -4.168900e-02,    3.000000e-02,    3.000000e-02,    3.000000e-02,    3.000000e-02,
      1011,    2.511800e+01,    1.277240e-01,    5.925553e-02,   -1.713875e-02,   -3.475401e-02,   -3.754666e-01,   -3.220510e-01,    4.175839e-02,    3.285005e-01,    1.164600e-01,    4.959400e-02,   -1.588600e-02,   -2.489900e-02,    3.000000e-02,    3.000000e-02,    3.000000e-02,    3.000000e-02,
      1011,    3.981000e+01,    9.859444e-02,    6.419714e-02,   -8.871681e-03,   -2.670165e-02,   -4.918813e-01,   -1.054705e+00,    1.299189e+00,    2.251218e-01,    8.383800e-02,    3.255600e-02,    3.010400e-02,   -1.994800e-02,    3.000000e-02,    3.000000e-02,    3.000000e-02,    3.000000e-02,
      1011,    6.309500e+01,    7.258045e-02,    5.528579e-02,   -5.874738e-03,   -2.121713e-02,    4.083850e-01,   -2.572930e-01,   -2.279754e-01,   -1.944955e-01,    8.483200e-02,    4.756700e-02,   -1.271400e-02,   -2.705200e-02,    3.000000e-02,    3.000000e-02,    3.000000e-02,    3.000000e-02,
      1012,    6.309500e+00,    2.117957e-01,    1.388361e-01,   -2.950995e-02,    9.513808e-02,    6.821420e-01,   -1.012203e+00,   -1.773516e-02,   -5.981693e-01,    2.322600e-01,    1.084700e-01,   -3.004200e-02,    7.719300e-02,    3.000000e-02,    3.000000e-02,    3.000000e-02,    3.000000e-02,
      1012,    1.000000e+01,    1.458962e-01,    1.254514e-01,   -6.205576e-02,    4.617956e-02,    9.854603e-01,   -3.533795e-01,   -6.830786e-02,   -3.164521e-01,    1.754600e-01,    1.148500e-01,   -6.410500e-02,    3.668600e-02,    3.000000e-02,    3.000000e-02,    3.000000e-02,    3.000000e-02,
      1012,    2.511800e+01,    8.104204e-02,    7.209738e-02,   -4.244443e-02,   -9.146915e-03,    6.198653e-03,    8.190207e-01,   -3.693857e-01,   -4.475695e-01,    8.122800e-02,    9.666800e-02,   -5.352600e-02,   -2.257400e-02,    3.000000e-02,    3.000000e-02,    3.000000e-02,    3.000000e-02,
      1012,    3.981000e+01,    6.524674e-02,    5.009254e-02,   -2.977976e-02,   -1.595635e-02,    1.164442e+00,    6.323488e-01,   -2.239745e-01,   -4.986218e-01,    1.001800e-01,    6.906300e-02,   -3.649900e-02,   -3.091500e-02,    3.000000e-02,    3.000000e-02,    3.000000e-02,    3.000000e-02,
      1012,    6.309500e+01,    5.744253e-02,    3.022867e-02,   -1.738783e-02,   -1.614731e-02,    2.223156e-01,    4.672109e-01,   -5.393903e-02,    3.869605e-01,    6.411200e-02,    4.424500e-02,   -1.900600e-02,   -4.538500e-03,    3.000000e-02,    3.000000e-02,    3.000000e-02,    3.000000e-02,
      1014,    6.309500e+00,    2.989860e-01,    1.700480e-02,    6.590733e-02,    9.748402e-02,   -6.868653e-01,    3.114000e-02,   -1.783811e+00,    2.171993e-01,    2.783800e-01,    1.793900e-02,    1.239300e-02,    1.040000e-01,    3.000000e-02,    3.000000e-02,    3.000000e-02,    3.000000e-02,
      1014,    1.000000e+01,    2.900834e-01,    7.612592e-02,    2.694826e-02,    1.091255e-01,   -5.414477e-01,   -4.323068e-02,   -1.958742e+00,   -2.415174e-01,    2.738400e-01,    7.482900e-02,   -3.181400e-02,    1.018800e-01,    3.000000e-02,    3.000000e-02,    3.000000e-02,    3.000000e-02,
      1014,    1.584800e+01,    2.515782e-01,    1.358665e-01,   -1.884050e-02,    1.105260e-01,   -2.469397e-01,   -3.528834e-01,   -2.229350e+00,   -8.254652e-01,    2.441700e-01,    1.252800e-01,   -8.572100e-02,    8.576200e-02,    3.000000e-02,    3.000000e-02,    3.000000e-02,    3.000000e-02,
      1014,    2.511800e+01,    1.851994e-01,    1.817710e-01,   -6.477978e-02,    9.592865e-02,    3.713547e-01,   -1.006368e+00,   -1.390341e+00,   -1.281422e+00,    1.963400e-01,    1.515800e-01,   -1.064900e-01,    5.748600e-02,    3.000000e-02,    3.000000e-02,    3.000000e-02,    3.000000e-02,
      1014,    3.981000e+01,    1.030026e-01,    2.026093e-01,   -9.935692e-02,    6.564735e-02,    1.219245e+00,   -9.783086e-01,   -2.067692e-01,   -1.498245e+00,    1.395800e-01,    1.732600e-01,   -1.055600e-01,    2.070000e-02,    3.000000e-02,    3.000000e-02,    3.000000e-02,    3.000000e-02,
      1014,    6.309500e+01,    2.169577e-02,    1.973076e-01,   -1.138880e-01,    2.885168e-02,    9.473409e-01,   -1.075866e-01,    7.733343e-01,   -1.907489e+00,    5.011600e-02,    1.940800e-01,   -9.068800e-02,   -2.837300e-02,    3.000000e-02,    3.000000e-02,    3.000000e-02,    3.000000e-02,
      1015,    6.309500e+00,    7.585377e-02,    9.315143e-02,   -4.308540e-02,    7.281771e-03,   -6.010924e-01,   -4.118477e-01,    2.026798e-01,    9.721076e-01,    5.782100e-02,    8.079600e-02,   -3.700500e-02,    3.644500e-02,    3.000000e-02,    3.000000e-02,    3.000000e-02,    3.000000e-02,
      1015,    2.511800e+01,   -6.053696e-02,    6.711129e-02,   -2.161991e-02,    2.258566e-03,    4.744654e-01,   -7.633765e-01,   -8.681031e-01,   -1.490855e-01,   -4.630300e-02,    4.421000e-02,   -4.766300e-02,   -2.214000e-03,    3.000000e-02,    3.000000e-02,    3.000000e-02,    3.000000e-02,
      1015,    3.981000e+01,   -7.528071e-02,    2.891983e-02,   -2.422935e-02,    1.009264e-02,    7.893905e-01,    6.638906e-03,   -7.453882e-01,   -6.249113e-01,   -5.159900e-02,    2.911900e-02,   -4.659100e-02,   -8.654700e-03,    3.000000e-02,    3.000000e-02,    3.000000e-02,    3.000000e-02,
      1015,    6.309500e+01,   -6.869682e-02,   -2.546803e-04,   -3.320965e-02,    1.345084e-02,   -1.019726e-01,   -5.185107e-01,   -2.921117e-01,   -8.070945e-01,   -7.175600e-02,   -1.581000e-02,   -4.197300e-02,   -1.076200e-02,    3.000000e-02,    3.000000e-02,    3.000000e-02,    3.000000e-02,
      1016,    1.000000e+01,    8.540989e-02,    1.113417e-01,   -2.092449e-02,    4.005002e-02,    3.110337e+00,    3.345276e+00,   -4.282838e-01,   -1.764401e+00,    1.787200e-01,    2.117000e-01,   -3.377300e-02,   -1.288200e-02,    3.000000e-02,    3.000000e-02,    3.000000e-02,    3.000000e-02,
      1016,    1.584800e+01,    3.964218e-02,    1.317522e-01,   -3.505815e-02,    2.324871e-02,    1.794927e+00,    9.175947e-01,    3.207049e-01,   -1.559290e+00,    9.349000e-02,    1.592800e-01,   -2.543700e-02,   -2.353000e-02,    3.000000e-02,    3.000000e-02,    3.000000e-02,    3.000000e-02,
      1016,    2.511800e+01,   -1.734076e-02,    1.402260e-01,   -3.959489e-02,    5.374710e-03,   -9.990793e-02,   -3.865345e-01,    1.735629e-01,   -9.538903e-01,   -2.033800e-02,    1.286300e-01,   -3.438800e-02,   -2.324200e-02,    3.000000e-02,    3.000000e-02,    3.000000e-02,    3.000000e-02,
      1016,    3.981000e+01,   -7.697409e-02,    1.268681e-01,   -3.682094e-02,   -1.153704e-02,   -2.337864e+00,   -5.742713e-01,   -8.429355e-01,   -1.701832e+00,   -1.471100e-01,    1.096400e-01,   -6.210900e-02,   -6.259200e-02,    3.000000e-02,    3.000000e-02,    3.000000e-02,    3.000000e-02,
      1016,    6.309500e+01,   -1.205385e-01,    9.389962e-02,   -2.623077e-02,   -2.566941e-02,   -6.683827e-01,   -8.851874e-01,   -3.639409e-01,   -6.223864e-01,   -1.405900e-01,    6.734400e-02,   -3.714900e-02,   -4.434100e-02,    3.000000e-02,    3.000000e-02,    3.000000e-02,    3.000000e-02,
      1017,    6.309500e+00,    4.957504e-02,   -7.468917e-02,    6.729286e-02,   -5.821744e-02,   -1.304335e+00,   -5.919429e-02,    5.395380e-01,   -5.668852e-01,    1.044500e-02,   -7.646500e-02,    8.347900e-02,   -7.522400e-02,    3.000000e-02,    3.000000e-02,    3.000000e-02,    3.000000e-02,
      1017,    1.000000e+01,    7.899277e-02,   -7.274141e-02,    9.447016e-02,   -8.446714e-02,   -1.239392e+00,   -1.543196e-01,    4.076614e-01,    4.553798e-02,    4.181100e-02,   -7.737100e-02,    1.067000e-01,   -8.310100e-02,    3.000000e-02,    3.000000e-02,    3.000000e-02,    3.000000e-02,
      1017,    1.584800e+01,    1.042668e-01,   -6.234699e-02,    1.332375e-01,   -1.013160e-01,   -1.067293e+00,   -5.805335e-01,   -3.915876e-03,    9.249907e-02,    7.224800e-02,   -7.976300e-02,    1.331200e-01,   -9.854100e-02,    3.000000e-02,    3.000000e-02,    3.000000e-02,    3.000000e-02,
      1017,    2.511800e+01,    1.212769e-01,   -4.907147e-02,    1.774508e-01,   -1.052138e-01,   -9.044648e-01,   -8.827843e-01,   -2.966949e-01,    4.879420e-02,    9.414300e-02,   -7.555500e-02,    1.685500e-01,   -1.037500e-01,    3.000000e-02,    3.000000e-02,    3.000000e-02,    3.000000e-02,
      1017,    3.981000e+01,    1.318357e-01,   -3.821768e-02,    2.201522e-01,   -9.522843e-02,   -6.291884e-01,   -9.233107e-01,   -5.454071e-01,   -3.258568e-02,    1.129600e-01,   -6.591700e-02,    2.037900e-01,   -9.620600e-02,    3.000000e-02,    3.000000e-02,    3.000000e-02,    3.000000e-02,
      1017,    6.309500e+01,    1.398845e-01,   -3.065846e-02,    2.545443e-01,   -7.380965e-02,   -3.168152e-01,   -8.233181e-01,   -4.101432e-01,   -2.992117e-01,    1.303800e-01,   -5.535800e-02,    2.422400e-01,   -8.278600e-02,    3.000000e-02,    3.000000e-02,    3.000000e-02,    3.000000e-02,
      1018,    1.000000e+01,   -2.803295e-02,    4.463535e-02,   -5.095310e-02,   -2.795776e-02,    1.656317e-01,    9.238883e-01,    3.256699e-01,    1.403254e-01,   -2.306400e-02,    7.235200e-02,   -4.118300e-02,   -2.374800e-02,    3.000000e-02,    3.000000e-02,    3.000000e-02,    3.000000e-02,
      1018,    1.584800e+01,   -4.154261e-02,    2.165682e-02,   -2.904436e-02,   -1.011045e-02,    1.778203e-01,    7.508726e-01,    1.451207e-02,    1.452417e-01,   -3.620800e-02,    4.418300e-02,   -2.860900e-02,   -5.753200e-03,    3.000000e-02,    3.000000e-02,    3.000000e-02,    3.000000e-02,
      1018,    2.511800e+01,   -4.082978e-02,   -1.343735e-04,   -2.831388e-02,    1.698495e-02,   -1.410739e-01,    6.752791e-01,    2.015625e-01,   -3.060917e-01,   -4.506200e-02,    2.012400e-02,   -2.226700e-02,    7.802200e-03,    3.000000e-02,    3.000000e-02,    3.000000e-02,    3.000000e-02,
      1018,    3.981000e+01,   -3.307646e-02,   -1.370329e-02,   -4.432447e-02,    3.644078e-02,   -2.324514e-01,    4.474951e-01,    6.534824e-01,   -6.253594e-01,   -4.005000e-02,   -2.784400e-04,   -2.472000e-02,    1.768000e-02,    3.000000e-02,    3.000000e-02,    3.000000e-02,    3.000000e-02,
      1018,    6.309500e+01,   -2.512904e-02,   -2.333610e-02,   -6.461416e-02,    4.458751e-02,   -1.250987e-01,    2.504366e-01,    8.938387e-01,   -5.419502e-01,   -2.888200e-02,   -1.582300e-02,   -3.779900e-02,    2.832900e-02,    3.000000e-02,    3.000000e-02,    3.000000e-02,    3.000000e-02,
      1019,    6.309500e+00,   -9.437345e-03,    1.461910e-01,    3.062498e-02,   -2.110558e-02,    3.948245e+00,    9.529657e-01,    4.186501e+00,    4.719853e+00,    1.090100e-01,    1.747800e-01,    1.562200e-01,    1.204900e-01,    3.000000e-02,    3.000000e-02,    3.000000e-02,    3.000000e-02,
      1019,    1.000000e+01,   -7.779956e-02,    1.768508e-01,    4.303732e-02,   -4.676902e-02,    3.040485e+00,   -1.750256e-01,    1.634623e+00,    4.889201e+00,    1.341500e-02,    1.716000e-01,    9.207600e-02,    9.990700e-02,    3.000000e-02,    3.000000e-02,    3.000000e-02,    3.000000e-02,
      1019,    1.584800e+01,   -1.584664e-01,    1.809103e-01,    6.882449e-02,   -6.712061e-02,    1.745455e-01,    4.973223e-01,    1.859850e+00,    8.814870e-01,   -1.532300e-01,    1.958300e-01,    1.246200e-01,   -4.067600e-02,    3.000000e-02,    3.000000e-02,    3.000000e-02,    3.000000e-02,
      1019,    2.511800e+01,   -2.323323e-01,    1.555409e-01,    1.043349e-01,   -7.498550e-02,   -5.892568e-01,   -1.202696e+00,    8.881715e-01,   -2.224834e-01,   -2.500100e-01,    1.194600e-01,    1.309800e-01,   -8.166000e-02,    3.000000e-02,    3.000000e-02,    3.000000e-02,    3.000000e-02,
      1020,    6.309500e+00,    3.962622e-02,    1.078891e-01,   -3.776453e-02,    4.592704e-03,    7.586261e-01,   -2.717351e-01,    2.678430e-02,   -1.071968e-01,    6.238500e-02,    9.973700e-02,   -3.696100e-02,    1.376800e-03,    3.000000e-02,    3.000000e-02,    3.000000e-02,    3.000000e-02,
      1020,    1.000000e+01,   -1.252306e-02,    1.162588e-01,   -2.695259e-02,   -5.829250e-03,    1.079069e+00,   -2.739614e-01,   -4.129802e-01,    2.865650e-01,    1.984900e-02,    1.080400e-01,   -3.934200e-02,    2.767700e-03,    3.000000e-02,    3.000000e-02,    3.000000e-02,    3.000000e-02,
      1020,    1.584800e+01,   -6.523081e-02,    1.023885e-01,   -1.652527e-02,   -3.076271e-03,    1.189827e+00,   -3.372821e-01,   -5.453242e-01,    7.782537e-02,   -2.953600e-02,    9.227000e-02,   -3.288500e-02,   -7.415100e-04,    3.000000e-02,    3.000000e-02,    3.000000e-02,    3.000000e-02,
      1020,    2.511800e+01,   -1.025805e-01,    6.876993e-02,   -1.432730e-02,    6.220087e-03,    1.371851e+00,    1.194024e-01,   -5.370232e-01,   -2.462829e-01,   -6.142500e-02,    7.235200e-02,   -3.043800e-02,   -1.168400e-03,    3.000000e-02,    3.000000e-02,    3.000000e-02,    3.000000e-02,
      1020,    3.981000e+01,   -1.148633e-01,    3.012229e-02,   -2.087087e-02,    1.388161e-02,    1.481876e+00,    5.398569e-01,   -4.270378e-01,   -5.024071e-01,   -7.040700e-02,    4.631800e-02,   -3.368200e-02,   -1.190600e-03,    3.000000e-02,    3.000000e-02,    3.000000e-02,    3.000000e-02,
      1020,    6.309500e+01,   -1.069775e-01,    2.549998e-03,   -3.094648e-02,    1.407915e-02,    1.436718e+00,    6.757001e-01,   -2.041839e-01,   -4.794542e-01,   -6.387600e-02,    2.282100e-02,   -3.707200e-02,   -3.044800e-04,    3.000000e-02,    3.000000e-02,    3.000000e-02,    3.000000e-02,
      1021,    1.584800e+01,    1.176423e-01,    6.618992e-03,   -3.698638e-03,    3.735472e-02,   -4.476810e+00,   -6.662664e-01,   -7.610454e-01,    1.824092e-01,   -1.666200e-02,   -1.336900e-02,   -2.653000e-02,    4.282700e-02,    3.000000e-02,    3.000000e-02,    3.000000e-02,    3.000000e-02,
      1021,    2.511800e+01,    1.183097e-01,    8.724169e-03,   -1.242105e-02,    3.372278e-02,   -2.500322e+00,    1.138794e+00,   -5.555651e-01,    1.694408e-01,    4.330000e-02,    4.288800e-02,   -2.908800e-02,    3.880600e-02,    3.000000e-02,    3.000000e-02,    3.000000e-02,    3.000000e-02,
      1021,    3.981000e+01,    1.151736e-01,    1.383003e-02,   -2.291643e-02,    3.207730e-02,    1.538816e-01,    4.245332e+00,   -7.153523e-01,   -8.857656e-02,    1.197900e-01,    1.411900e-01,   -4.437700e-02,    2.942000e-02,    3.000000e-02,    3.000000e-02,    3.000000e-02,    3.000000e-02,
      1021,    6.309500e+01,    1.082758e-01,    1.660780e-02,   -3.384168e-02,    2.731951e-02,    2.768054e-01,    3.752073e+00,   -3.433107e-01,    5.431629e-02,    1.165800e-01,    1.291700e-01,   -4.414100e-02,    2.894900e-02,    3.000000e-02,    3.000000e-02,    3.000000e-02,    3.000000e-02,
      1022,    6.309500e+00,    1.972723e-01,    7.447651e-02,    5.489698e-02,    1.383048e-02,    2.542582e-01,    3.538830e-01,    1.293267e+00,    2.849174e-01,    2.049000e-01,    8.509300e-02,    9.369500e-02,    2.237800e-02,    3.000000e-02,    3.000000e-02,    3.000000e-02,    3.000000e-02,
      1022,    1.000000e+01,    1.584145e-01,    9.725575e-02,    5.383224e-02,    2.752490e-03,    2.848507e-01,    5.211416e-01,    1.339792e+00,    7.218503e-01,    1.669600e-01,    1.128900e-01,    9.402600e-02,    2.440800e-02,    3.000000e-02,    3.000000e-02,    3.000000e-02,    3.000000e-02,
      1022,    1.584800e+01,    1.132242e-01,    1.040057e-01,    5.927449e-02,   -4.464469e-03,   -2.964718e-01,    3.521438e-01,    1.190617e+00,    9.026823e-01,    1.043300e-01,    1.145700e-01,    9.499300e-02,    2.261600e-02,    3.000000e-02,    3.000000e-02,    3.000000e-02,    3.000000e-02,
      1022,    2.511800e+01,    7.108152e-02,    9.660921e-02,    6.742840e-02,   -4.549797e-03,   -1.139084e+00,   -1.034033e-02,    5.370866e-01,    9.687932e-01,    3.690900e-02,    9.629900e-02,    8.354100e-02,    2.451400e-02,    3.000000e-02,    3.000000e-02,    3.000000e-02,    3.000000e-02,
      1022,    3.981000e+01,    3.540825e-02,    8.013809e-02,    7.213475e-02,    3.443562e-03,   -6.554083e-01,   -9.436028e-01,   -5.551918e-01,    8.257146e-01,    1.574600e-02,    5.183000e-02,    5.547900e-02,    2.821500e-02,    3.000000e-02,    3.000000e-02,    3.000000e-02,    3.000000e-02,
      1022,    6.309500e+01,    7.529102e-03,    5.458803e-02,    6.641090e-02,    1.337539e-02,   -2.193051e-01,   -2.331434e+00,   -8.183299e-01,    3.841205e-01,    9.499500e-04,   -1.535500e-02,    4.186100e-02,    2.489900e-02,    3.000000e-02,    3.000000e-02,    3.000000e-02,    3.000000e-02,
      1023,    6.309500e+00,    8.759791e-02,    4.050976e-02,   -8.311244e-02,   -2.091142e-02,   -6.899637e-01,    1.414008e+00,    2.612481e-01,   -4.655269e-02,    6.689900e-02,    8.293000e-02,   -7.527500e-02,   -2.230800e-02,    3.000000e-02,    3.000000e-02,    3.000000e-02,    3.000000e-02,
      1023,    1.000000e+01,    7.283132e-02,    2.955967e-02,   -5.447550e-02,   -2.896487e-02,   -1.180211e+00,    8.801109e-01,   -1.564834e-01,    6.469524e-01,    3.742500e-02,    5.596300e-02,   -5.917000e-02,   -9.556300e-03,    3.000000e-02,    3.000000e-02,    3.000000e-02,    3.000000e-02,
      1023,    1.584800e+01,    6.632459e-02,    1.781526e-02,   -3.143858e-02,   -1.225262e-02,   -1.448053e+00,    1.420247e-01,   -5.406141e-01,    7.542206e-01,    2.288300e-02,    2.207600e-02,   -4.765700e-02,    1.037400e-02,    3.000000e-02,    3.000000e-02,    3.000000e-02,    3.000000e-02,
      1023,    2.511800e+01,    6.523560e-02,    9.743718e-03,   -2.783838e-02,    1.590559e-02,   -1.340720e+00,   -2.246239e-01,   -9.129207e-01,    6.364136e-01,    2.501400e-02,    3.005000e-03,   -5.522600e-02,    3.499800e-02,    3.000000e-02,    3.000000e-02,    3.000000e-02,    3.000000e-02,
      1023,    3.981000e+01,    6.418232e-02,    5.516009e-03,   -4.371578e-02,    4.035925e-02,   -7.993107e-01,   -2.151540e-01,   -9.253741e-01,   -2.189750e-01,    4.020300e-02,   -9.386100e-04,   -7.147700e-02,    3.379000e-02,    3.000000e-02,    3.000000e-02,    3.000000e-02,    3.000000e-02,
      1023,    6.309500e+01,    6.135842e-02,    9.446607e-06,   -7.091397e-02,    5.114832e-02,   -6.043141e-01,   -1.547449e-01,   -3.090676e-01,   -6.946773e-01,    4.322900e-02,   -4.632900e-03,   -8.018600e-02,    3.030800e-02,    3.000000e-02,    3.000000e-02,    3.000000e-02,    3.000000e-02,
      1024,    6.309500e+00,    1.708096e-01,    8.332898e-02,    1.156577e-01,    8.340805e-03,   -9.259852e-01,    5.479673e-01,   -4.812559e-01,   -6.252935e-01,    1.430300e-01,    9.976800e-02,    1.012200e-01,   -1.041800e-02,    3.000000e-02,    3.000000e-02,    3.000000e-02,    3.000000e-02,
      1024,    1.000000e+01,    1.230155e-01,    1.082856e-01,    1.097073e-01,    3.602067e-03,   -4.721839e-01,    7.284785e-01,    2.475512e-02,   -3.949622e-01,    1.088500e-01,    1.301400e-01,    1.104500e-01,   -8.246800e-03,    3.000000e-02,    3.000000e-02,    3.000000e-02,    3.000000e-02,
      1024,    1.584800e+01,    7.331461e-02,    1.094421e-01,    1.089958e-01,   -3.842356e-03,   -6.028538e-01,    4.629295e-01,    2.338070e-01,   -6.403881e-01,    5.522900e-02,    1.233300e-01,    1.160100e-01,   -2.305400e-02,    3.000000e-02,    3.000000e-02,    3.000000e-02,    3.000000e-02,
      1024,    2.511800e+01,    3.528359e-02,    9.797172e-02,    1.133325e-01,   -9.942372e-03,   -6.333195e-01,   -2.229240e-01,    7.412492e-01,   -7.396209e-01,    1.628400e-02,    9.128400e-02,    1.355700e-01,   -3.213100e-02,    3.000000e-02,    3.000000e-02,    3.000000e-02,    3.000000e-02,
      1024,    3.981000e+01,    7.851338e-03,    8.615140e-02,    1.205215e-01,   -1.256604e-02,   -5.850446e-01,   -4.058134e-01,    4.879502e-01,   -1.177632e+00,   -9.700000e-03,    7.397700e-02,    1.351600e-01,   -4.789500e-02,    3.000000e-02,    3.000000e-02,    3.000000e-02,    3.000000e-02,
      1026,    6.309500e+00,    1.391053e-01,    8.360603e-02,   -1.806825e-02,    4.228285e-02,    1.426158e+00,    5.914657e-01,    1.266575e+00,   -1.168972e+00,    1.818900e-01,    1.013500e-01,    1.992900e-02,    7.213700e-03,    3.000000e-02,    3.000000e-02,    3.000000e-02,    3.000000e-02,
      1026,    1.000000e+01,    9.403120e-02,    9.836594e-02,   -3.486894e-02,    1.603158e-02,    1.536960e+00,    3.524688e-01,    8.021645e-01,   -2.793627e-01,    1.401400e-01,    1.089400e-01,   -1.080400e-02,    7.650700e-03,    3.000000e-02,    3.000000e-02,    3.000000e-02,    3.000000e-02,
      1026,    1.584800e+01,    4.647851e-02,    9.158430e-02,   -3.513101e-02,   -1.550403e-02,   -2.146505e-01,   -4.389432e-01,    2.676671e-01,    1.163034e+00,    4.003900e-02,    7.841600e-02,   -2.710100e-02,    1.938700e-02,    3.000000e-02,    3.000000e-02,    3.000000e-02,    3.000000e-02,
      1026,    2.511800e+01,    1.076214e-02,    6.645869e-02,   -1.732566e-02,   -4.323180e-02,   -4.195146e-01,   -3.178977e-02,    6.723320e-01,    1.291787e+00,   -1.823300e-03,    6.550500e-02,    2.844300e-03,   -4.478200e-03,    3.000000e-02,    3.000000e-02,    3.000000e-02,    3.000000e-02,
      1026,    3.981000e+01,   -5.237106e-03,    3.510223e-02,    1.485990e-02,   -5.682085e-02,    2.500902e-01,    3.508591e-01,    5.376987e-02,    1.506628e+00,    2.265600e-03,    4.562800e-02,    1.647300e-02,   -1.162200e-02,    3.000000e-02,    3.000000e-02,    3.000000e-02,    3.000000e-02,
      1026,    6.309500e+01,   -4.784318e-03,    9.653101e-03,    4.936129e-02,   -4.854175e-02,    1.033811e+00,    3.354633e-01,   -5.332762e-01,    1.140925e+00,    2.623000e-02,    1.971700e-02,    3.336300e-02,   -1.431400e-02,    3.000000e-02,    3.000000e-02,    3.000000e-02,    3.000000e-02,
      1027,    6.309500e+00,    1.176087e-01,    1.922927e-02,    1.413649e-01,    9.988477e-02,    6.037689e-02,    1.462245e-01,   -7.741629e-01,   -5.926256e-01,    1.194200e-01,    2.361600e-02,    1.181400e-01,    8.210600e-02,    3.000000e-02,    3.000000e-02,    3.000000e-02,    3.000000e-02,
      1027,    1.000000e+01,    1.075518e-01,    4.824910e-02,    1.004682e-01,    1.230819e-01,   -1.305885e-02,   -1.353033e-01,   -5.733395e-01,   -6.070639e-01,    1.071600e-01,    4.419000e-02,    8.326800e-02,    1.048700e-01,    3.000000e-02,    3.000000e-02,    3.000000e-02,    3.000000e-02,
      1027,    1.584800e+01,    8.414549e-02,    7.539894e-02,    4.851586e-02,    1.351425e-01,   -1.134162e-01,   -4.628312e-01,   -7.497953e-01,   -6.427499e-01,    8.074300e-02,    6.151400e-02,    2.602200e-02,    1.158600e-01,    3.000000e-02,    3.000000e-02,    3.000000e-02,    3.000000e-02,
      1027,    2.511800e+01,    4.884928e-02,    9.482674e-02,   -6.072879e-03,    1.306909e-01,    4.138574e-01,   -5.639914e-01,   -2.977040e-01,   -1.763646e-01,    6.126500e-02,    7.790700e-02,   -1.500400e-02,    1.254000e-01,    3.000000e-02,    3.000000e-02,    3.000000e-02,    3.000000e-02,
      1027,    3.981000e+01,    7.736496e-03,    1.015275e-01,   -5.252520e-02,    1.120249e-01,    8.752501e-01,   -3.434842e-01,   -3.095598e-01,    2.250440e-02,    3.399400e-02,    9.122300e-02,   -6.181200e-02,    1.127000e-01,    3.000000e-02,    3.000000e-02,    3.000000e-02,    3.000000e-02,
      1027,    6.309500e+01,   -3.003654e-02,    9.628778e-02,   -8.627207e-02,    8.753407e-02,    1.028384e+00,   -3.219253e-02,   -8.202644e-01,    2.809757e-02,    8.149700e-04,    9.532200e-02,   -1.108800e-01,    8.837700e-02,    3.000000e-02,    3.000000e-02,    3.000000e-02,    3.000000e-02,
      1028,    6.309500e+00,    7.184105e-02,    9.925542e-03,    7.001203e-02,    1.031676e-01,   -1.622018e-01,    3.855153e-01,   -1.205009e-01,   -9.022879e-01,    6.697500e-02,    2.149100e-02,    6.639700e-02,    7.609900e-02,    3.000000e-02,    3.000000e-02,    3.000000e-02,    3.000000e-02,
      1028,    1.000000e+01,    6.502540e-02,    3.028415e-02,    2.880618e-02,    1.146336e-01,   -3.016133e-01,   -1.567158e-02,    1.216272e-01,   -6.366544e-01,    5.597700e-02,    2.981400e-02,    3.245500e-02,    9.553400e-02,    3.000000e-02,    3.000000e-02,    3.000000e-02,    3.000000e-02,
      1028,    1.584800e+01,    4.836921e-02,    4.845834e-02,   -1.715623e-02,    1.151464e-01,   -3.068735e-01,   -3.262446e-01,    6.575644e-01,   -1.875463e-01,    3.916300e-02,    3.867100e-02,    2.570700e-03,    1.095200e-01,    3.000000e-02,    3.000000e-02,    3.000000e-02,    3.000000e-02,
      1028,    2.511800e+01,    2.323137e-02,    5.964882e-02,   -6.008443e-02,    1.023654e-01,    8.072114e-02,   -5.040939e-01,    5.306144e-01,    1.788200e-01,    2.565300e-02,    4.452600e-02,   -4.416600e-02,    1.077300e-01,    3.000000e-02,    3.000000e-02,    3.000000e-02,    3.000000e-02,
      1028,    3.981000e+01,   -5.220637e-03,    5.955758e-02,   -9.187078e-02,    8.112469e-02,    5.242546e-01,   -5.079860e-01,    2.584260e-01,    5.619104e-01,    1.050700e-02,    4.431800e-02,   -8.411800e-02,    9.798200e-02,    3.000000e-02,    3.000000e-02,    3.000000e-02,    3.000000e-02,
      1028,    6.309500e+01,   -2.886011e-02,    4.867357e-02,   -1.117491e-01,    5.985619e-02,    7.566470e-01,   -1.698524e-01,   -3.243638e-01,    5.423937e-01,   -6.160700e-03,    4.357800e-02,   -1.214800e-01,    7.612800e-02,    3.000000e-02,    3.000000e-02,    3.000000e-02,    3.000000e-02,
      1029,    6.309500e+00,    7.567289e-02,    6.002018e-02,    1.378868e-02,    5.236050e-02,   -7.392952e-02,    1.885661e+00,   -1.012989e+00,   -4.210166e-01,    7.345500e-02,    1.165900e-01,   -1.660100e-02,    3.973000e-02,    3.000000e-02,    3.000000e-02,    3.000000e-02,    3.000000e-02,
      1029,    1.000000e+01,    4.425494e-02,    6.436520e-02,   -9.452510e-03,    3.880167e-02,   -4.125646e-01,    1.394160e+00,   -3.341497e-01,   -4.212890e-01,    3.187800e-02,    1.061900e-01,   -1.947700e-02,    2.616300e-02,    3.000000e-02,    3.000000e-02,    3.000000e-02,    3.000000e-02,
      1029,    1.584800e+01,    1.912048e-02,    5.621476e-02,   -2.021773e-02,    1.731366e-02,   -8.985326e-01,    1.025775e+00,   -3.165423e-01,   -2.488288e-01,   -7.835500e-03,    8.698800e-02,   -2.971400e-02,    9.848800e-03,    3.000000e-02,    3.000000e-02,    3.000000e-02,    3.000000e-02,
      1029,    2.511800e+01,    4.215473e-03,    4.631811e-02,   -1.670512e-02,   -9.148976e-04,   -1.732782e+00,    1.327629e-01,   -8.775626e-01,    2.101266e-01,   -4.776800e-02,    5.030100e-02,   -4.303200e-02,    5.388900e-03,    3.000000e-02,    3.000000e-02,    3.000000e-02,    3.000000e-02,
      1030,    6.309500e+00,    3.248433e-02,    8.031411e-02,    5.354802e-02,   -7.912952e-03,    1.793856e+00,   -1.075404e+00,    2.972399e+00,    3.099332e+00,    8.630000e-02,    4.805200e-02,    1.427200e-01,    8.506700e-02,    3.000000e-02,    3.000000e-02,    3.000000e-02,    3.000000e-02,
      1030,    3.981000e+01,   -1.190602e-01,    3.248295e-02,    1.173660e-01,   -3.734879e-02,    1.975607e+00,    1.121635e+00,   -1.067199e+00,    1.211256e+00,   -5.979200e-02,    6.613200e-02,    8.535000e-02,   -1.011100e-03,    3.000000e-02,    3.000000e-02,    3.000000e-02,    3.000000e-02,
      1030,    6.309500e+01,   -1.153207e-01,   -8.606377e-04,    1.326192e-01,   -1.516395e-02,    1.249024e+00,    1.406021e+00,   -1.190505e+00,    5.472051e-01,   -7.785000e-02,    4.132000e-02,    9.690400e-02,    1.252200e-03,    3.000000e-02,    3.000000e-02,    3.000000e-02,    3.000000e-02,
      1031,    2.511800e+01,    1.539238e-02,    6.163941e-02,    3.847403e-03,   -1.648989e-02,   -2.135279e+00,   -4.547136e-01,   -2.517678e-02,    1.523296e+00,   -4.866600e-02,    4.799800e-02,    3.092100e-03,    2.920900e-02,    3.000000e-02,    3.000000e-02,    3.000000e-02,    3.000000e-02,
      1031,    3.981000e+01,   -4.458560e-03,    5.520486e-02,    1.765497e-02,   -2.200110e-02,   -1.374715e+00,   -3.727621e-01,   -3.863557e-01,    1.565837e+00,   -4.570000e-02,    4.402200e-02,    6.064300e-03,    2.497400e-02,    3.000000e-02,    3.000000e-02,    3.000000e-02,    3.000000e-02,
      1031,    6.309500e+01,   -2.326390e-02,    4.525617e-02,    2.770948e-02,   -2.107121e-02,   -5.914033e-01,   -2.509057e-01,   -5.646826e-01,    1.311407e+00,   -4.100600e-02,    3.772900e-02,    1.076900e-02,    1.827100e-02,    3.000000e-02,    3.000000e-02,    3.000000e-02,    3.000000e-02,
      1032,    6.309500e+00,    2.366416e-01,    4.586572e-02,    2.244057e-02,    4.463628e-02,    1.637612e+00,    2.399809e+00,    8.131142e-01,   -1.468336e+00,    2.857700e-01,    1.178600e-01,    4.683400e-02,    5.861900e-04,    3.000000e-02,    3.000000e-02,    3.000000e-02,    3.000000e-02,
      1032,    1.000000e+01,    2.103406e-01,    7.851481e-02,    6.655922e-04,    3.508941e-02,    5.906979e+00,    3.657506e+00,   -2.380431e-01,   -1.954747e+00,    3.875500e-01,    1.882400e-01,   -6.475700e-03,   -2.355300e-02,    3.000000e-02,    3.000000e-02,    3.000000e-02,    3.000000e-02,
      1032,    1.584800e+01,    1.713052e-01,    9.857862e-02,   -1.100921e-02,    1.609843e-02,    6.506827e+00,    2.162713e+00,    4.367502e-01,   -1.649614e+00,    3.665100e-01,    1.634600e-01,    2.093300e-03,   -3.339000e-02,    3.000000e-02,    3.000000e-02,    3.000000e-02,    3.000000e-02,
      1032,    2.511800e+01,    1.300793e-01,    1.047016e-01,   -9.009307e-03,   -2.497962e-03,    6.063022e+00,    1.443947e+00,    1.249944e+00,   -1.488401e+00,    3.119700e-01,    1.480200e-01,    2.848900e-02,   -4.715000e-02,    3.000000e-02,    3.000000e-02,    3.000000e-02,    3.000000e-02,
      1032,    3.981000e+01,    9.285110e-02,    1.030073e-01,    2.226811e-03,   -1.292342e-02,    2.356630e+00,    7.434223e-01,    1.811873e+00,   -1.149319e+00,    1.635500e-01,    1.253100e-01,    5.658300e-02,   -4.740300e-02,    3.000000e-02,    3.000000e-02,    3.000000e-02,    3.000000e-02,
      1032,    6.309500e+01,    5.818453e-02,    9.837170e-02,    1.541768e-02,   -1.219980e-02,   -2.535784e+00,   -2.513623e+00,    1.686440e-01,   -8.942400e-01,   -1.788900e-02,    2.296300e-02,    2.047700e-02,   -3.902700e-02,    3.000000e-02,    3.000000e-02,    3.000000e-02,    3.000000e-02,
      1033,    6.309500e+00,   -1.751166e-01,    1.444242e-02,   -7.848042e-02,    6.565830e-02,   -7.107787e-01,   -2.041908e-01,    7.820140e-01,   -7.679100e-01,   -1.964400e-01,    8.316700e-03,   -5.502000e-02,    4.262100e-02,    3.000000e-02,    3.000000e-02,    3.000000e-02,    3.000000e-02,
      1033,    1.000000e+01,   -1.610181e-01,   -3.165140e-02,   -9.016291e-02,    3.623405e-02,   -8.250625e-01,   -2.015535e-01,    8.241969e-01,   -5.098016e-01,   -1.857700e-01,   -3.769800e-02,   -6.543700e-02,    2.094000e-02,    3.000000e-02,    3.000000e-02,    3.000000e-02,    3.000000e-02,
      1033,    1.584800e+01,   -1.247366e-01,   -4.882038e-02,   -9.059160e-02,    1.864378e-02,   -7.501135e-01,   -3.067541e-01,    4.249199e-01,   -2.992225e-01,   -1.472400e-01,   -5.802300e-02,   -7.784400e-02,    9.667100e-03,    3.000000e-02,    3.000000e-02,    3.000000e-02,    3.000000e-02,
      1033,    2.511800e+01,   -9.697467e-02,   -4.063227e-02,   -9.050155e-02,    7.183406e-03,   -5.371776e-01,   -4.854245e-01,    2.150851e-01,   -3.895935e-01,   -1.130900e-01,   -5.519500e-02,   -8.404900e-02,   -4.504400e-03,    3.000000e-02,    3.000000e-02,    3.000000e-02,    3.000000e-02,
      1033,    6.309500e+01,   -7.888089e-02,   -1.733362e-02,   -8.304153e-02,   -8.706653e-03,   -7.449703e-01,   -5.951792e-01,   -3.393823e-01,   -1.231116e-01,   -1.012300e-01,   -3.518900e-02,   -9.322300e-02,   -1.240000e-02,    3.000000e-02,    3.000000e-02,    3.000000e-02,    3.000000e-02,
      1034,    6.309500e+00,   -1.378707e-01,    1.254052e-01,   -9.113897e-02,    1.636732e-01,   -1.349757e-01,    2.801606e-01,   -2.089368e+00,   -1.784775e+00,   -1.419200e-01,    1.338100e-01,   -1.538200e-01,    1.101300e-01,    3.000000e-02,    3.000000e-02,    3.000000e-02,    3.000000e-02,
      1034,    1.000000e+01,   -2.019131e-01,    9.928877e-02,   -1.657970e-01,    1.484607e-01,    8.910308e-02,    2.833744e-01,   -9.794349e-01,   -1.297690e+00,   -1.992400e-01,    1.077900e-01,   -1.951800e-01,    1.095300e-01,    3.000000e-02,    3.000000e-02,    3.000000e-02,    3.000000e-02,
      1034,    1.584800e+01,   -2.434787e-01,    4.287631e-02,   -2.283928e-01,    1.034861e-01,    1.546233e-01,    2.578898e-01,   -5.032384e-01,   -9.536380e-01,   -2.388400e-01,    5.061300e-02,   -2.434900e-01,    7.487700e-02,    3.000000e-02,    3.000000e-02,    3.000000e-02,    3.000000e-02,
      1034,    2.511800e+01,   -2.473176e-01,   -2.565959e-02,   -2.625866e-01,    3.706504e-02,   -3.227456e-01,    1.395196e-01,   -6.814461e-01,   -5.672679e-01,   -2.570000e-01,   -2.147400e-02,   -2.830300e-01,    2.004700e-02,    3.000000e-02,    3.000000e-02,    3.000000e-02,    3.000000e-02,
      1034,    3.981000e+01,   -2.144873e-01,   -8.357410e-02,   -2.603058e-01,   -3.453660e-02,   -9.430907e-01,   -5.170966e-01,   -5.204743e-01,   -2.285468e-01,   -2.427800e-01,   -9.908700e-02,   -2.759200e-01,   -4.139300e-02,    3.000000e-02,    3.000000e-02,    3.000000e-02,    3.000000e-02,
      1034,    6.309500e+01,   -1.607272e-01,   -1.160690e-01,   -2.254458e-01,   -9.471167e-02,   -1.134760e+00,   -1.719701e+00,   -4.424721e-01,   -6.059444e-01,   -1.947700e-01,   -1.676600e-01,   -2.387200e-01,   -1.128900e-01,    3.000000e-02,    3.000000e-02,    3.000000e-02,    3.000000e-02,
      1035,    6.309500e+00,    2.059975e-02,    6.918694e-02,    1.078373e-01,   -1.344627e-02,   -1.555251e-01,    2.372769e+00,    9.597557e-01,    8.138089e-01,    1.593400e-02,    1.403700e-01,    1.366300e-01,    1.096800e-02,    3.000000e-02,    3.000000e-02,    3.000000e-02,    3.000000e-02,
      1035,    1.000000e+01,   -1.413800e-02,    6.712619e-02,    1.148662e-01,   -2.742497e-02,   -5.187668e-01,    1.059260e+00,    1.621250e-01,    6.309356e-01,   -2.970100e-02,    9.890400e-02,    1.197300e-01,   -8.496900e-03,    3.000000e-02,    3.000000e-02,    3.000000e-02,    3.000000e-02,
      1035,    1.584800e+01,   -4.014864e-02,    5.263677e-02,    1.347403e-01,   -3.598868e-02,   -7.616454e-01,    4.842408e-01,   -3.546780e-01,    4.733562e-01,   -6.299800e-02,    6.716400e-02,    1.241000e-01,   -2.178800e-02,    3.000000e-02,    3.000000e-02,    3.000000e-02,    3.000000e-02,
      1035,    2.511800e+01,   -5.559821e-02,    3.503543e-02,    1.601539e-01,   -2.873189e-02,   -7.697265e-01,    9.552227e-03,   -7.274643e-01,    4.482979e-02,   -7.869000e-02,    3.532200e-02,    1.383300e-01,   -2.738700e-02,    3.000000e-02,    3.000000e-02,    3.000000e-02,    3.000000e-02,
      1035,    3.981000e+01,   -6.421682e-02,    1.773326e-02,    1.776167e-01,   -3.880689e-03,   -1.169173e+00,   -5.087721e-01,   -8.692221e-01,   -6.103104e-01,   -9.929200e-02,    2.470100e-03,    1.515400e-01,   -2.219000e-02,    3.000000e-02,    3.000000e-02,    3.000000e-02,    3.000000e-02,
      1036,    6.309500e+00,    3.058840e-01,    3.950090e-02,    1.833785e-01,   -2.300263e-02,    6.238667e-01,    3.341367e-01,    3.407179e-01,    2.103288e+00,    3.246000e-01,    4.952500e-02,    1.936000e-01,    4.009600e-02,    3.000000e-02,    3.000000e-02,    3.000000e-02,    3.000000e-02,
      1036,    1.000000e+01,    2.897556e-01,    1.040068e-01,    1.880698e-01,   -1.924261e-02,    3.214559e-02,   -8.215253e-01,    2.726723e-01,    2.009920e+00,    2.907200e-01,    7.936100e-02,    1.962500e-01,    4.105500e-02,    3.000000e-02,    3.000000e-02,    3.000000e-02,    3.000000e-02,
      1036,    1.584800e+01,    2.372829e-01,    1.671155e-01,    1.961704e-01,   -1.612687e-02,    1.740569e+00,   -6.718486e-01,    1.679877e-01,    2.725862e+00,    2.895000e-01,    1.469600e-01,    2.012100e-01,    6.564900e-02,    3.000000e-02,    3.000000e-02,    3.000000e-02,    3.000000e-02,
      1036,    2.511800e+01,    1.533539e-01,    2.078808e-01,    2.041273e-01,   -6.726366e-03,    3.570537e+00,    1.669307e+00,   -2.132428e-01,    3.674879e+00,    2.604700e-01,    2.579600e-01,    1.977300e-01,    1.035200e-01,    3.000000e-02,    3.000000e-02,    3.000000e-02,    3.000000e-02,
      1036,    3.981000e+01,    5.765197e-02,    2.132275e-01,    2.054601e-01,    6.468179e-03,    3.318601e+00,    3.348417e+00,   -1.033568e-02,    2.045527e+00,    1.572100e-01,    3.136800e-01,    2.051500e-01,    6.783400e-02,    3.000000e-02,    3.000000e-02,    3.000000e-02,    3.000000e-02,
      1036,    6.309500e+01,   -2.735644e-02,    1.856457e-01,    2.004509e-01,    1.897560e-02,   -5.287519e-01,    4.500144e+00,    3.803032e-01,   -1.771867e-01,   -4.321900e-02,    3.206500e-01,    2.118600e-01,    1.366000e-02,    3.000000e-02,    3.000000e-02,    3.000000e-02,    3.000000e-02,
      1037,    6.309500e+01,   -4.437133e-02,    7.009509e-02,   -3.081520e-01,   -4.170494e-02,   -1.078289e+00,   -2.073460e+00,   -1.454934e+00,   -6.690835e+00,   -7.672000e-02,    7.891300e-03,   -3.518000e-01,   -2.424300e-01,    3.000000e-02,    3.000000e-02,    3.000000e-02,    3.000000e-02,
      1038,    6.309500e+00,    1.166844e-01,    8.264567e-02,   -5.247389e-02,    3.497734e-02,    2.466185e+00,    2.268811e+00,   -7.759705e-01,    2.459755e+00,    1.906700e-01,    1.507100e-01,   -7.575300e-02,    1.087700e-01,    3.000000e-02,    3.000000e-02,    3.000000e-02,    3.000000e-02,
      1038,    1.000000e+01,    6.759317e-02,    1.073123e-01,   -6.112166e-02,    2.385942e-02,    1.185228e+00,    1.929924e+00,   -1.787945e+00,    3.785195e-01,    1.031500e-01,    1.652100e-01,   -1.147600e-01,    3.521500e-02,    3.000000e-02,    3.000000e-02,    3.000000e-02,    3.000000e-02,
      1038,    1.584800e+01,    7.208205e-03,    1.038320e-01,   -6.660128e-02,    1.308549e-02,    4.013265e-01,    2.507933e+00,   -1.936624e+00,   -1.970016e+00,    1.924800e-02,    1.790700e-01,   -1.247000e-01,   -4.601500e-02,    3.000000e-02,    3.000000e-02,    3.000000e-02,    3.000000e-02,
      1038,    2.511800e+01,   -4.099857e-02,    6.748831e-02,   -6.799227e-02,    2.498490e-03,    5.413192e-01,    2.388723e+00,   -2.565575e-01,   -3.304250e+00,   -2.475900e-02,    1.391500e-01,   -7.568900e-02,   -9.662900e-02,    3.000000e-02,    3.000000e-02,    3.000000e-02,    3.000000e-02,
      1038,    3.981000e+01,   -5.482846e-02,    1.516484e-02,   -6.718317e-02,   -5.493061e-03,   -1.337181e-01,   -5.919828e+00,    1.637391e-01,   -3.555898e+00,   -5.884000e-02,   -1.624300e-01,   -6.227100e-02,   -1.121700e-01,    3.000000e-02,    3.000000e-02,    3.000000e-02,    3.000000e-02,
      1039,    6.309500e+00,    2.110027e-01,   -3.860545e-03,    4.308410e-01,    4.082994e-02,    4.655770e-01,    1.449482e-01,    2.809665e-01,    1.913535e+00,    2.249700e-01,    4.879000e-04,    4.392700e-01,    9.823600e-02,    3.000000e-02,    3.000000e-02,    3.000000e-02,    3.000000e-02,
      1039,    1.000000e+01,    2.060917e-01,    2.036383e-02,    4.152332e-01,    1.032712e-01,    5.739433e-01,    3.024058e-01,   -9.891053e-01,    1.327627e+00,    2.233100e-01,    2.943600e-02,    3.855600e-01,    1.431000e-01,    3.000000e-02,    3.000000e-02,    3.000000e-02,    3.000000e-02,
      1039,    1.584800e+01,    1.925981e-01,    4.086138e-02,    3.651568e-01,    1.658334e-01,    3.007313e-01,    9.543208e-01,   -1.678227e+00,    1.128868e-01,    2.016200e-01,    6.949100e-02,    3.148100e-01,    1.692200e-01,    3.000000e-02,    3.000000e-02,    3.000000e-02,    3.000000e-02,
      1039,    2.511800e+01,    1.731550e-01,    5.583518e-02,    2.826423e-01,    2.090950e-01,    1.484999e-01,    1.131227e+00,   -9.327436e-01,   -3.571679e-01,    1.776100e-01,    8.977200e-02,    2.546600e-01,    1.983800e-01,    3.000000e-02,    3.000000e-02,    3.000000e-02,    3.000000e-02,
      1039,    3.981000e+01,    1.519109e-01,    6.602385e-02,    1.853854e-01,    2.161054e-01,   -1.926970e-01,    8.301052e-01,   -1.391793e-01,   -6.325117e-01,    1.461300e-01,    9.092700e-02,    1.812100e-01,    1.971300e-01,    3.000000e-02,    3.000000e-02,    3.000000e-02,    3.000000e-02,
      1039,    6.309500e+01,    1.297919e-01,    7.523531e-02,    1.013515e-01,    1.882892e-01,   -3.850639e-01,    3.943229e-01,    2.495123e-02,   -5.486415e-01,    1.182400e-01,    8.706500e-02,    1.021000e-01,    1.718300e-01,    3.000000e-02,    3.000000e-02,    3.000000e-02,    3.000000e-02,
      1040,    6.309500e+00,    9.714941e-02,    9.616301e-02,   -3.415267e-01,   -6.882085e-02,   -1.390614e+00,    2.242329e-01,    5.548909e-01,   -1.239972e+00,    5.543100e-02,    1.028900e-01,   -3.248800e-01,   -1.060200e-01,    3.000000e-02,    3.000000e-02,    3.000000e-02,    3.000000e-02,
      1040,    1.000000e+01,    4.288267e-02,    1.121443e-01,   -2.854367e-01,   -1.412970e-01,   -6.805889e-01,   -3.084768e-01,    3.975566e-01,   -5.927651e-01,    2.246500e-02,    1.028900e-01,   -2.735100e-01,   -1.590800e-01,    3.000000e-02,    3.000000e-02,    3.000000e-02,    3.000000e-02,
      1040,    1.584800e+01,   -7.591651e-03,    1.036435e-01,   -2.118747e-01,   -1.802001e-01,   -8.187829e-02,   -4.569169e-01,   -1.485099e-01,   -4.999970e-01,   -1.004800e-02,    8.993600e-02,   -2.163300e-01,   -1.952000e-01,    3.000000e-02,    3.000000e-02,    3.000000e-02,    3.000000e-02,
      1040,    2.511800e+01,   -4.303863e-02,    8.097305e-02,   -1.360555e-01,   -1.988695e-01,    2.598209e-01,   -3.253489e-02,   -1.628168e-01,   -2.940183e-01,   -3.524400e-02,    7.999700e-02,   -1.409400e-01,   -2.076900e-01,    3.000000e-02,    3.000000e-02,    3.000000e-02,    3.000000e-02,
      1040,    3.981000e+01,   -5.984474e-02,    5.738447e-02,   -5.755370e-02,   -2.022207e-01,    1.699246e-01,    4.684509e-01,    5.540567e-01,   -9.497587e-02,   -5.474700e-02,    7.143800e-02,   -4.093200e-02,   -2.050700e-01,    3.000000e-02,    3.000000e-02,    3.000000e-02,    3.000000e-02,
      1040,    6.309500e+01,   -6.494633e-02,    4.451975e-02,    1.965075e-02,   -1.865409e-01,   -2.596891e-01,    8.872085e-01,    6.873751e-01,   -3.030371e-02,   -7.273700e-02,    7.113600e-02,    4.027200e-02,   -1.874500e-01,    3.000000e-02,    3.000000e-02,    3.000000e-02,    3.000000e-02,
      1041,    6.309500e+00,    7.453380e-02,    4.577773e-02,   -2.793774e-03,   -6.527277e-02,    4.288401e-01,    1.393276e+00,    1.518959e+00,    1.133126e+00,    8.739900e-02,    8.757600e-02,    4.277500e-02,   -3.127900e-02,    3.000000e-02,    3.000000e-02,    3.000000e-02,    3.000000e-02,
      1041,    1.000000e+01,    5.544881e-02,    3.771478e-02,    3.696978e-02,   -7.983717e-02,    7.256064e-01,    1.123874e+00,    6.156739e-01,    1.894572e+00,    7.721700e-02,    7.143100e-02,    5.544000e-02,   -2.300000e-02,    3.000000e-02,    3.000000e-02,    3.000000e-02,    3.000000e-02,
      1041,    1.584800e+01,    4.302112e-02,    2.456593e-02,    7.264631e-02,   -7.389132e-02,    3.672293e-01,    5.869023e-01,   -5.857436e-01,    1.453844e+00,    5.403800e-02,    4.217300e-02,    5.507400e-02,   -3.027600e-02,    3.000000e-02,    3.000000e-02,    3.000000e-02,    3.000000e-02,
      1041,    2.511800e+01,    3.917144e-02,    1.114744e-02,    9.432267e-02,   -6.108678e-02,    3.561879e-02,    6.815189e-02,   -8.127558e-01,    5.477260e-01,    4.024000e-02,    1.319200e-02,    6.994000e-02,   -4.465500e-02,    3.000000e-02,    3.000000e-02,    3.000000e-02,    3.000000e-02,
      1041,    3.981000e+01,    3.993795e-02,    2.228410e-03,    1.063154e-01,   -5.396412e-02,    1.558682e-01,   -3.133103e-01,   -2.277796e-01,   -1.683959e-01,    4.461400e-02,   -7.170900e-03,    9.948200e-02,   -5.901600e-02,    3.000000e-02,    3.000000e-02,    3.000000e-02,    3.000000e-02,
      1041,    6.309500e+01,    4.038055e-02,   -5.273853e-03,    1.192986e-01,   -5.486601e-02,    5.423815e-01,   -3.966382e-01,    1.153712e+00,   -3.694329e-01,    5.665200e-02,   -1.717300e-02,    1.539100e-01,   -6.594900e-02,    3.000000e-02,    3.000000e-02,    3.000000e-02,    3.000000e-02,
      1042,    6.309500e+00,    1.098589e-01,    8.010212e-02,   -2.394078e-02,   -1.325854e-03,   -3.486954e-01,    2.114628e-01,    1.439393e+00,    5.685951e-01,    9.939800e-02,    8.644600e-02,    1.924100e-02,    1.573200e-02,    3.000000e-02,    3.000000e-02,    3.000000e-02,    3.000000e-02,
      1042,    1.000000e+01,    6.815528e-02,    8.422338e-02,   -1.139607e-02,   -1.329800e-02,   -4.197610e-02,   -2.514615e-02,    1.023402e+00,    9.344001e-01,    6.689600e-02,    8.346900e-02,    1.930600e-02,    1.473400e-02,    3.000000e-02,    3.000000e-02,    3.000000e-02,    3.000000e-02,
      1042,    1.584800e+01,    3.001948e-02,    6.796092e-02,    1.900485e-03,   -1.158075e-02,    2.864173e-01,   -1.132305e-01,    7.920505e-01,    8.065583e-01,    3.861200e-02,    6.456400e-02,    2.566200e-02,    1.261600e-02,    3.000000e-02,    3.000000e-02,    3.000000e-02,    3.000000e-02,
      1042,    2.511800e+01,    1.150078e-02,    3.870310e-02,    6.598843e-03,   -2.403629e-03,   -2.375093e-01,    4.948299e-01,    5.976386e-01,    4.126176e-01,    4.375500e-03,    5.354800e-02,    2.452800e-02,    9.974900e-03,    3.000000e-02,    3.000000e-02,    3.000000e-02,    3.000000e-02,
      1042,    3.981000e+01,    1.587151e-02,    1.743336e-02,    1.588962e-03,    4.495982e-03,   -5.751771e-01,    4.867545e-01,    4.000013e-01,    1.739506e-01,   -1.383800e-03,    3.203600e-02,    1.358900e-02,    9.714500e-03,    3.000000e-02,    3.000000e-02,    3.000000e-02,    3.000000e-02,
      1042,    6.309500e+01,    2.506755e-02,    1.751480e-02,   -6.882925e-03,    2.363263e-03,   -1.024725e+00,    1.032733e-01,    3.120642e-01,    5.383458e-02,   -5.674200e-03,    2.061300e-02,    2.479000e-03,    3.978300e-03,    3.000000e-02,    3.000000e-02,    3.000000e-02,    3.000000e-02,
      1043,    6.309500e+00,   -2.240001e-03,   -3.620649e-02,   -3.720372e-02,    3.618531e-02,   -6.758333e-01,    1.022165e-01,    5.895240e-01,    3.159565e-01,   -2.251500e-02,   -3.314000e-02,   -1.951800e-02,    4.566400e-02,    3.000000e-02,    3.000000e-02,    3.000000e-02,    3.000000e-02,
      1043,    1.000000e+01,    2.148410e-02,   -6.292098e-02,   -5.065250e-02,    4.206820e-03,   -4.593466e-01,   -3.563409e-02,    1.489834e-01,    1.053606e+00,    7.703700e-03,   -6.399000e-02,   -4.618300e-02,    3.581500e-02,    3.000000e-02,    3.000000e-02,    3.000000e-02,    3.000000e-02,
      1043,    1.584800e+01,    5.486210e-02,   -7.288293e-02,   -4.306620e-02,   -3.038810e-02,   -6.423672e-02,   -5.252358e-01,    4.840653e-02,    9.094335e-01,    5.293500e-02,   -8.864000e-02,   -4.161400e-02,   -3.105100e-03,    3.000000e-02,    3.000000e-02,    3.000000e-02,    3.000000e-02,
      1043,    2.511800e+01,    8.659716e-02,   -7.092249e-02,   -1.760073e-02,   -5.383149e-02,   -4.510518e-02,   -4.727170e-01,   -1.010942e+00,    2.363165e-01,    8.524400e-02,   -8.510400e-02,   -4.792900e-02,   -4.674200e-02,    3.000000e-02,    3.000000e-02,    3.000000e-02,    3.000000e-02,
      1043,    3.981000e+01,    1.153676e-01,   -6.089177e-02,    1.261123e-02,   -6.121201e-02,    6.541428e-02,   -4.411409e-01,   -9.842077e-01,   -6.161664e-01,    1.173300e-01,   -7.412600e-02,   -1.691500e-02,   -7.969700e-02,    3.000000e-02,    3.000000e-02,    3.000000e-02,    3.000000e-02,
      1043,    6.309500e+01,    1.391817e-01,   -4.224526e-02,    3.993602e-02,   -5.804904e-02,    4.209450e-01,   -2.168246e-01,   -2.319672e-01,   -8.479320e-01,    1.518100e-01,   -4.875000e-02,    3.297700e-02,   -8.348700e-02,    3.000000e-02,    3.000000e-02,    3.000000e-02,    3.000000e-02,
      1044,    6.309500e+00,    2.196880e-01,    6.417941e-02,    5.335418e-02,    2.233022e-02,    1.689399e+00,   -5.830137e-01,    3.092861e+00,   -8.077401e-02,    2.703700e-01,    4.668900e-02,    1.461400e-01,    1.990700e-02,    3.000000e-02,    3.000000e-02,    3.000000e-02,    3.000000e-02,
      1044,    1.000000e+01,    1.865468e-01,    1.075147e-01,    5.083219e-02,    1.768459e-02,    2.048440e+00,    3.950846e-02,    2.437260e+00,    8.221469e-01,    2.480000e-01,    1.087000e-01,    1.239500e-01,    4.234900e-02,    3.000000e-02,    3.000000e-02,    3.000000e-02,    3.000000e-02,
      1044,    1.584800e+01,    1.339544e-01,    1.385154e-01,    4.850792e-02,    1.777426e-02,    2.454855e+00,    4.601519e-01,    1.679369e+00,    1.390258e+00,    2.076000e-01,    1.523200e-01,    9.888900e-02,    5.948200e-02,    3.000000e-02,    3.000000e-02,    3.000000e-02,    3.000000e-02,
      1044,    2.511800e+01,    7.151566e-02,    1.495927e-01,    4.394747e-02,    1.916825e-02,    3.038145e+00,    1.825775e-01,    1.341484e+00,    1.391092e+00,    1.626600e-01,    1.550700e-01,    8.419200e-02,    6.090100e-02,    3.000000e-02,    3.000000e-02,    3.000000e-02,    3.000000e-02,
      1044,    3.981000e+01,    1.205274e-02,    1.406150e-01,    3.916932e-02,    1.998781e-02,    2.806209e+00,    1.641670e-01,    9.145225e-01,    1.254540e+00,    9.623900e-02,    1.455400e-01,    6.660500e-02,    5.762400e-02,    3.000000e-02,    3.000000e-02,    3.000000e-02,    3.000000e-02,
      1044,    6.309500e+01,   -3.487048e-02,    1.187509e-01,    3.621184e-02,    2.207149e-02,    1.019466e+00,    3.766380e-01,    1.190055e-01,    1.054617e+00,   -4.286500e-03,    1.300500e-01,    3.978200e-02,    5.371000e-02,    3.000000e-02,    3.000000e-02,    3.000000e-02,    3.000000e-02,
      1045,    6.309500e+00,    1.443474e-01,    3.542449e-03,   -1.009824e-03,    1.575382e-01,   -3.215805e-01,   -3.277350e-01,   -7.007059e-01,    1.070592e-01,    1.347000e-01,   -6.289600e-03,   -2.203100e-02,    1.607500e-01,    3.000000e-02,    3.000000e-02,    3.000000e-02,    3.000000e-02,
      1045,    1.000000e+01,    1.402588e-01,    3.279465e-02,   -6.219557e-02,    1.782101e-01,   -2.662929e-01,   -7.056882e-01,   -6.103810e-01,   -4.400389e-02,    1.322700e-01,    1.162400e-02,   -8.050700e-02,    1.768900e-01,    3.000000e-02,    3.000000e-02,    3.000000e-02,    3.000000e-02,
      1045,    1.584800e+01,    1.220981e-01,    6.149142e-02,   -1.334631e-01,    1.844556e-01,   -1.629376e-01,   -1.113447e+00,   -6.278968e-01,   -2.371852e-01,    1.172100e-01,    2.808800e-02,   -1.523000e-01,    1.773400e-01,    3.000000e-02,    3.000000e-02,    3.000000e-02,    3.000000e-02,
      1045,    2.511800e+01,    9.080033e-02,    8.289364e-02,   -2.051277e-01,    1.703802e-01,    3.979890e-01,   -1.304488e+00,   -4.817446e-01,   -4.990063e-01,    1.027400e-01,    4.375900e-02,   -2.195800e-01,    1.554100e-01,    3.000000e-02,    3.000000e-02,    3.000000e-02,    3.000000e-02,
      1045,    3.981000e+01,    5.291703e-02,    9.124940e-02,   -2.647476e-01,    1.385623e-01,    5.422991e-01,   -1.298280e+00,    8.992115e-02,   -1.154086e-01,    6.918600e-02,    5.230100e-02,   -2.620500e-01,    1.351000e-01,    3.000000e-02,    3.000000e-02,    3.000000e-02,    3.000000e-02,
      1045,    6.309500e+01,    1.831586e-02,    8.758398e-02,   -3.065628e-01,    9.786403e-02,   -1.269953e-01,   -6.909992e-01,   -5.624150e-02,    6.498976e-03,    1.450600e-02,    6.685400e-02,   -3.082500e-01,    9.805900e-02,    3.000000e-02,    3.000000e-02,    3.000000e-02,    3.000000e-02,
      1046,    6.309500e+00,   -8.111147e-02,    9.766779e-03,    1.589606e-01,    9.028522e-02,    1.222490e-01,    1.583874e+00,   -1.460204e-01,   -1.122574e+00,   -7.744400e-02,    5.728300e-02,    1.545800e-01,    5.660800e-02,    3.000000e-02,    3.000000e-02,    3.000000e-02,    3.000000e-02,
      1046,    1.000000e+01,   -9.369322e-02,    4.912987e-03,    1.196163e-01,    1.141080e-01,    5.293073e-01,    3.519338e-01,   -4.272091e-01,    7.840055e-02,   -7.781400e-02,    1.547100e-02,    1.068000e-01,    1.164600e-01,    3.000000e-02,    3.000000e-02,    3.000000e-02,    3.000000e-02,
      1046,    1.584800e+01,   -1.010686e-01,   -1.195055e-02,    7.089256e-02,    1.245386e-01,    7.155860e-01,    1.331983e-01,   -6.008521e-01,   -3.696184e-01,   -7.960100e-02,   -7.954600e-03,    5.286700e-02,    1.134500e-01,    3.000000e-02,    3.000000e-02,    3.000000e-02,    3.000000e-02,
      1046,    2.511800e+01,   -9.512268e-02,   -3.478835e-02,    2.325607e-02,    1.208172e-01,    8.117226e-01,    4.471449e-01,   -6.060123e-01,   -5.489070e-01,   -7.077100e-02,   -2.137400e-02,    5.075700e-03,    1.043500e-01,    3.000000e-02,    3.000000e-02,    3.000000e-02,    3.000000e-02,
      1046,    3.981000e+01,   -7.485557e-02,   -5.418813e-02,   -1.733500e-02,    1.088427e-01,    4.797858e-01,    7.275709e-01,   -2.693999e-01,   -5.856226e-01,   -6.046200e-02,   -3.236100e-02,   -2.541700e-02,    9.127400e-02,    3.000000e-02,    3.000000e-02,    3.000000e-02,    3.000000e-02,
      1046,    6.309500e+01,   -4.489886e-02,   -6.233042e-02,   -5.100779e-02,    9.334051e-02,    1.915620e-01,    7.521805e-01,    2.702626e-02,   -2.841835e-01,   -3.915200e-02,   -3.976500e-02,   -5.019700e-02,    8.481500e-02,    3.000000e-02,    3.000000e-02,    3.000000e-02,    3.000000e-02,
