MT,
     StaID,        Freq[Hz],     Re(Zxx)_Cal,     Im(Zxx)_Cal,     Re(Zxy)_Cal,     Im(Zxy)_Cal,     Re(Zyx)_Cal,     Im(Zyx)_Cal,     Re(Zyy)_Cal,     Im(Zyy)_Cal,     Re(Zxx)_Res,     Im(Zxx)_Res,     Re(Zxy)_Res,     Im(Zxy)_Res,     Re(Zyx)_Res,     Im(Zyx)_Res,     Re(Zyy)_Res,     Im(Zyy)_Res,     Re(Zxx)_Obs,     Im(Zxx)_Obs,     Re(Zxy)_Obs,     Im(Zxy)_Obs,     Re(Zyx)_Obs,     Im(Zyx)_Obs,     Re(Zyy)_Obs,     Im(Zyy)_Obs,      Re(Zxx)_SD,      Im(Zxx)_SD,      Re(Zxy)_SD,      Im(Zxy)_SD,      Re(Zyx)_SD,      Im(Zyx)_SD,      Re(Zyy)_SD,      Im(Zyy)_SD,
         1,    3.981000e+02,   -2.611143e-02,    1.884855e-04,    2.255802e-01,   -2.612137e-01,   -3.001218e-01,    2.803355e-01,    5.807240e-02,   -2.691098e-02,   -1.039848e-01,    1.307591e+00,   -1.302908e+00,    1.895942e+00,    1.122658e+00,   -2.552559e+00,    1.548372e+00,   -3.481952e-03,   -2.771300e-02,    2.032800e-02,    2.036900e-01,   -2.293600e-01,   -2.812600e-01,    2.374500e-01,    1.043300e-01,   -2.701500e-02,    1.540200e-02,    1.540200e-02,    1.680100e-02,    1.680100e-02,    1.680100e-02,    1.680100e-02,    2.987500e-02,    2.987500e-02,
         1,    6.309500e+02,   -2.446899e-02,   -5.289473e-04,    2.887914e-01,   -3.365586e-01,   -3.660744e-01,    3.535976e-01,    6.212331e-02,   -3.549828e-02,   -4.840231e-01,    1.156232e+00,   -1.001002e+00,    1.836623e+00,    9.632399e-01,   -2.560017e+00,    1.225400e+00,    3.309210e-01,   -3.363300e-02,    2.136200e-02,    2.674000e-01,   -2.973100e-01,   -3.454900e-01,    2.988900e-01,    1.024500e-01,   -2.460800e-02,    1.893300e-02,    1.893300e-02,    2.137000e-02,    2.137000e-02,    2.137000e-02,    2.137000e-02,    3.290900e-02,    3.290900e-02,
         1,    1.000000e+03,   -2.253373e-02,    4.290631e-04,    3.671912e-01,   -4.342535e-01,   -4.436368e-01,    4.531806e-01,    6.884234e-02,   -4.843777e-02,   -6.753793e-01,    1.169543e+00,   -5.039323e-01,    2.163563e+00,   -1.465349e-01,   -2.952516e+00,    8.779756e-01,    4.440457e-01,   -3.836800e-02,    2.784900e-02,    3.533900e-01,   -3.750000e-01,   -4.476500e-01,    3.723200e-01,    1.016400e-01,   -3.185000e-02,    2.344500e-02,    2.344500e-02,    2.738700e-02,    2.738700e-02,    2.738700e-02,    2.738700e-02,    3.735600e-02,    3.735600e-02,
         2,    3.981000e+02,    5.339177e-03,    8.608948e-03,    2.920725e-01,   -3.254163e-01,   -2.627179e-01,    3.120414e-01,   -1.853382e-02,    6.798040e-03,   -8.826724e-01,    2.025583e-01,   -2.545854e+00,    2.319004e+00,    2.843927e+00,   -1.875113e+00,   -5.389701e-01,   -1.239818e+00,   -3.180200e-03,    1.056400e-02,    2.459900e-01,   -2.834400e-01,   -2.112400e-01,    2.781000e-01,   -2.671000e-02,   -1.201000e-02,    9.651800e-03,    9.651800e-03,    1.810100e-02,    1.810100e-02,    1.810100e-02,    1.810100e-02,    1.517000e-02,    1.517000e-02,
         2,    6.309500e+02,   -5.063682e-05,    1.089650e-02,    3.692064e-01,   -4.213562e-01,   -3.349522e-01,    4.040399e-01,   -1.516904e-02,    1.151835e-02,   -6.304683e-01,    3.154968e-01,   -2.541506e+00,    1.728048e+00,    2.534211e+00,   -1.137065e+00,   -4.576076e-01,   -1.879612e+00,   -8.846300e-03,    1.529800e-02,    3.085000e-01,   -3.800800e-01,   -2.744200e-01,    3.768800e-01,   -2.376200e-02,   -2.377700e-02,    1.395100e-02,    1.395100e-02,    2.388600e-02,    2.388600e-02,    2.388600e-02,    2.388600e-02,    1.877800e-02,    1.877800e-02,
         2,    1.000000e+03,   -4.130408e-03,    1.128203e-02,    4.659602e-01,   -5.459779e-01,   -4.261524e-01,    5.264150e-01,   -1.342641e-02,    2.157449e-02,   -1.017500e+00,    1.163371e+00,   -2.093124e+00,    1.111844e+00,    1.761747e+00,   -4.551128e-01,   -2.452656e-01,   -2.422268e+00,   -3.300400e-02,    4.429500e-02,    3.990200e-01,   -5.104200e-01,   -3.698100e-01,    5.118600e-01,   -1.948300e-02,   -3.824100e-02,    2.837700e-02,    2.837700e-02,    3.198100e-02,    3.198100e-02,    3.198100e-02,    3.198100e-02,    2.469400e-02,    2.469400e-02,
         3,    3.981000e+02,    1.961888e-02,   -5.598884e-03,    2.782966e-01,   -2.948631e-01,   -2.453088e-01,    2.904280e-01,   -3.355036e-02,    2.300997e-02,    5.808987e-01,   -1.729434e+00,   -1.683412e+00,    1.980188e+00,    1.729530e+00,   -1.174153e+00,   -1.714412e+00,   -5.423314e-01,    3.150000e-02,   -4.097100e-02,    2.486500e-01,   -2.599900e-01,   -2.148500e-01,    2.697500e-01,   -7.511800e-02,    9.860600e-03,    2.045300e-02,    2.045300e-02,    1.761100e-02,    1.761100e-02,    1.761100e-02,    1.761100e-02,    2.424600e-02,    2.424600e-02,
         3,    6.309500e+02,    1.848542e-02,   -6.896286e-03,    3.475443e-01,   -3.818468e-01,   -3.143410e-01,    3.735619e-01,   -3.784723e-02,    3.089571e-02,    9.725097e-01,   -1.546135e+00,   -2.079613e+00,    2.127354e+00,    1.266573e+00,   -1.218977e+00,   -1.336831e+00,   -9.414102e-01,    4.301600e-02,   -4.589600e-02,    3.008300e-01,   -3.340600e-01,   -2.858900e-01,    3.461800e-01,   -7.458200e-02,    5.026700e-03,    2.522400e-02,    2.522400e-02,    2.246300e-02,    2.246300e-02,    2.246300e-02,    2.246300e-02,    2.747900e-02,    2.747900e-02,
         3,    1.000000e+03,    1.867581e-02,   -1.078249e-02,    4.358695e-01,   -4.955458e-01,   -4.002312e-01,    4.830144e-01,   -4.525331e-02,    4.163378e-02,    1.128452e+00,   -8.854238e-01,   -2.381622e+00,    1.938314e+00,    5.367433e-01,   -1.156762e+00,   -8.202689e-01,   -1.311162e+00,    5.053200e-02,   -3.577800e-02,    3.666000e-01,   -4.391700e-01,   -3.846200e-01,    4.493700e-01,   -7.035600e-02,    1.508300e-03,    2.823000e-02,    2.823000e-02,    2.908500e-02,    2.908500e-02,    2.908500e-02,    2.908500e-02,    3.060300e-02,    3.060300e-02,
         4,    3.981000e+02,   -2.396074e-02,    1.357373e-02,    3.640017e-01,   -5.245511e-01,   -4.217318e-01,    5.521811e-01,    4.439121e-02,   -5.513407e-02,   -3.335935e-01,    1.709720e+00,   -1.591702e+00,    8.251741e-01,    1.899005e-01,    6.116860e-01,    9.461131e-01,   -7.939652e-01,   -3.454700e-02,    6.783000e-02,    3.126900e-01,   -4.979500e-01,   -4.156100e-01,    5.719000e-01,    8.663800e-02,   -9.058700e-02,    3.173400e-02,    3.173400e-02,    3.223700e-02,    3.223700e-02,    3.223700e-02,    3.223700e-02,    4.465300e-02,    4.465300e-02,
         4,    6.309500e+02,   -3.127886e-02,    1.089251e-02,    4.944348e-01,   -6.896178e-01,   -5.658962e-01,    7.101846e-01,    6.499887e-02,   -6.000411e-02,   -6.666699e-01,    1.767214e+00,   -2.040718e+00,    5.546502e-01,   -7.477383e-02,    1.991309e-01,    9.751930e-01,   -5.834000e-01,   -6.002500e-02,    8.709300e-02,    4.080900e-01,   -6.661500e-01,   -5.690600e-01,    7.186100e-01,    1.194400e-01,   -9.257300e-02,    4.311900e-02,    4.311900e-02,    4.231100e-02,    4.231100e-02,    4.231100e-02,    4.231100e-02,    5.582600e-02,    5.582600e-02,
         4,    1.000000e+03,   -3.785823e-02,    4.507888e-03,    6.645411e-01,   -8.971524e-01,   -7.456142e-01,    9.043069e-01,    8.789167e-02,   -5.976051e-02,   -8.006637e-01,   -1.892467e+00,   -1.950684e+00,    3.952063e-01,    5.725381e-01,   -2.117478e-01,    8.430464e-01,   -3.019914e-01,   -8.173700e-02,   -9.920500e-02,    5.582600e-01,   -8.756200e-01,   -7.144200e-01,    8.927700e-01,    1.425000e-01,   -7.932200e-02,    5.480300e-02,    5.480300e-02,    5.448400e-02,    5.448400e-02,    5.448400e-02,    5.448400e-02,    6.477500e-02,    6.477500e-02,
         5,    3.981000e+02,    1.696950e-02,    5.820873e-03,    2.693707e-01,   -2.828172e-01,   -2.368047e-01,    2.553734e-01,   -1.395683e-02,   -3.065789e-03,   -6.186864e-01,    1.570992e+00,   -1.294287e+00,    1.406829e+00,    2.326298e+00,   -3.427514e+00,    4.049951e-01,   -1.025257e-01,    7.033400e-03,    3.105100e-02,    2.487100e-01,   -2.603600e-01,   -1.996700e-01,    2.006600e-01,   -1.053000e-02,   -3.933300e-03,    1.606000e-02,    1.606000e-02,    1.596300e-02,    1.596300e-02,    1.596300e-02,    1.596300e-02,    8.461400e-03,    8.461400e-03,
         5,    6.309500e+02,    1.392654e-02,    8.287437e-03,    3.353972e-01,   -3.637879e-01,   -2.966170e-01,    3.277811e-01,   -1.163280e-02,   -4.914992e-03,   -9.542729e-01,    1.550800e+00,   -6.242744e-01,    1.735643e+00,    2.050021e+00,   -3.799769e+00,    5.276345e-01,   -4.566609e-01,   -5.601700e-03,    4.002300e-02,    3.227300e-01,   -3.285700e-01,   -2.550200e-01,    2.506800e-01,   -6.583500e-03,   -9.285100e-03,    2.046400e-02,    2.046400e-02,    2.029100e-02,    2.029100e-02,    2.029100e-02,    2.029100e-02,    9.569700e-03,    9.569700e-03,
         5,    1.000000e+03,    9.200375e-03,    9.460490e-03,    4.207777e-01,   -4.713040e-01,   -3.720267e-01,    4.241492e-01,   -8.631791e-03,   -5.377280e-03,   -6.650937e-01,    1.296331e+00,   -7.468349e-01,    2.536850e+00,    2.074088e+00,   -4.432059e+00,    1.040705e+00,   -9.658885e-01,   -5.679100e-03,    3.846200e-02,    4.019000e-01,   -4.071800e-01,   -3.196000e-01,    3.121200e-01,    6.143100e-03,   -1.909000e-02,    2.237200e-02,    2.237200e-02,    2.527700e-02,    2.527700e-02,    2.527700e-02,    2.527700e-02,    1.419700e-02,    1.419700e-02,
         6,    3.981000e+02,    1.967134e-01,    6.497411e-02,    5.994700e-01,   -5.549317e-01,   -7.769886e-01,    5.266801e-01,   -2.321455e-01,   -5.804530e-02,   -2.212572e-01,   -3.271458e-01,   -4.565496e+00,    5.157231e+00,    8.585550e+00,   -7.340101e+00,    1.767314e+00,    1.648770e+00,    1.853700e-01,    4.820200e-02,    4.613500e-01,   -3.989100e-01,   -5.172500e-01,    3.046200e-01,   -1.518600e-01,    1.685500e-02,    5.126800e-02,    5.126800e-02,    3.025300e-02,    3.025300e-02,    3.025300e-02,    3.025300e-02,    4.542800e-02,    4.542800e-02,
         6,    6.309500e+02,    1.747162e-01,    7.027687e-02,    7.219456e-01,   -7.304099e-01,   -8.955258e-01,    6.824483e-01,   -2.096925e-01,   -6.264684e-02,    6.282577e-01,    1.234199e-02,   -5.485153e+00,    5.396537e+00,    9.460536e+00,   -7.345082e+00,    5.814179e-01,    1.079566e+00,    2.134100e-01,    7.103700e-02,    5.241400e-01,   -5.358000e-01,   -5.543600e-01,    4.175700e-01,   -1.789500e-01,   -5.564800e-03,    6.158900e-02,    6.158900e-02,    3.606200e-02,    3.606200e-02,    3.606200e-02,    3.606200e-02,    5.287500e-02,    5.287500e-02,
         6,    1.000000e+03,    1.530427e-01,    7.509900e-02,    8.888843e-01,   -9.682432e-01,   -1.047166e+00,    8.956775e-01,   -1.903637e-01,   -6.585980e-02,    9.102199e-01,    2.982322e-01,   -6.520113e+00,    5.672090e+00,    1.018434e+01,   -7.682308e+00,   -4.097371e-01,    3.763528e-01,    2.175600e-01,    9.623800e-02,    6.028600e-01,   -7.194200e-01,   -6.004000e-01,    5.586700e-01,   -2.165000e-01,   -4.185300e-02,    7.088100e-02,    7.088100e-02,    4.386800e-02,    4.386800e-02,    4.386800e-02,    4.386800e-02,    6.378800e-02,    6.378800e-02,
         7,    3.981000e+02,   -4.783488e-03,    1.153554e-02,    2.091338e-01,   -2.389645e-01,   -2.214375e-01,    2.518274e-01,   -2.607435e-02,    2.569260e-02,   -1.842893e-01,    5.642899e-01,    1.012871e+00,   -1.667328e+00,   -1.568529e+00,    1.983790e+00,   -1.219827e+00,    9.923905e-01,   -7.102400e-03,    1.863600e-02,    2.277200e-01,   -2.695600e-01,   -2.502200e-01,    2.882300e-01,   -5.743000e-02,    5.120200e-02,    1.258300e-02,    1.258300e-02,    1.835000e-02,    1.835000e-02,    1.835000e-02,    1.835000e-02,    2.570500e-02,    2.570500e-02,
         7,    6.309500e+02,   -9.048298e-03,    1.554878e-02,    2.628479e-01,   -3.151791e-01,   -2.780156e-01,    3.311342e-01,   -2.927853e-02,    3.412213e-02,    1.227377e-01,    8.620180e-01,    1.090500e+00,   -1.680647e+00,   -1.666429e+00,    1.771265e+00,   -1.375054e+00,    7.205520e-01,   -6.823800e-03,    3.117200e-02,    2.886600e-01,   -3.549600e-01,   -3.174600e-01,    3.730600e-01,   -7.329400e-02,    5.718700e-02,    1.812400e-02,    1.812400e-02,    2.367000e-02,    2.367000e-02,    2.367000e-02,    2.367000e-02,    3.201000e-02,    3.201000e-02,
         7,    1.000000e+03,   -1.366170e-02,    1.908940e-02,    3.312404e-01,   -4.158872e-01,   -3.503400e-01,    4.361155e-01,   -3.450487e-02,    4.727794e-02,    1.243733e-01,    1.158072e+00,    1.426848e+00,   -1.103845e+00,   -1.998869e+00,    8.663145e-01,   -1.446847e+00,    3.820002e-01,   -1.047700e-02,    4.874300e-02,    3.741200e-01,   -4.490600e-01,   -4.104100e-01,    4.621500e-01,   -9.120100e-02,    6.224700e-02,    2.560600e-02,    2.560600e-02,    3.005200e-02,    3.005200e-02,    3.005200e-02,    3.005200e-02,    3.918600e-02,    3.918600e-02,
         8,    3.981000e+02,   -4.315080e-01,    3.194135e-01,    6.597247e-01,   -8.247741e-01,   -8.948147e-01,    6.437420e-01,    4.625512e-02,    7.240121e-03,   -4.364818e+00,    1.635174e+00,    5.258956e-01,   -7.744474e-01,    3.933450e+00,   -2.922013e+00,    4.184415e-01,   -1.674645e+00,   -1.241400e+00,    6.228200e-01,    6.853700e-01,   -8.625400e-01,   -7.030000e-01,    5.012500e-01,    6.367400e-02,   -6.247200e-02,    1.855500e-01,    1.855500e-01,    4.876500e-02,    4.876500e-02,    4.876500e-02,    4.876500e-02,    4.162800e-02,    4.162800e-02,
         8,    6.309500e+02,   -5.045700e-01,    4.160396e-01,    8.804231e-01,   -1.034564e+00,   -1.065894e+00,    8.058477e-01,    2.670321e-02,    2.084029e-02,   -4.055656e+00,    1.099158e+00,    1.269876e+00,   -8.448140e-01,    3.588458e+00,   -3.158431e+00,    8.701322e-01,   -2.005610e+00,   -1.422000e+00,    6.646800e-01,    9.584900e-01,   -1.086500e+00,   -8.452900e-01,    6.116800e-01,    7.002100e-02,   -7.900500e-02,    2.262100e-01,    2.262100e-01,    6.147600e-02,    6.147600e-02,    6.147600e-02,    6.147600e-02,    4.978300e-02,    4.978300e-02,
         8,    1.000000e+03,   -5.929219e-01,    5.435548e-01,    1.146299e+00,   -1.290172e+00,   -1.268251e+00,    1.002090e+00,   -6.861180e-04,    1.600683e-02,   -3.676115e+00,    4.495557e-01,    2.452510e+00,    5.780063e-01,    2.906931e+00,   -3.608047e+00,    1.268210e+00,   -1.826851e+00,   -1.563600e+00,    6.622600e-01,    1.333300e+00,   -1.246100e+00,   -1.046600e+00,    7.269800e-01,    7.176800e-02,   -8.836300e-02,    2.640500e-01,    2.640500e-01,    7.624900e-02,    7.624900e-02,    7.624900e-02,    7.624900e-02,    5.713100e-02,    5.713100e-02,
         9,    3.981000e+02,   -5.841123e-03,    7.197809e-04,    1.821028e-01,   -2.143103e-01,   -1.687540e-01,    2.127868e-01,    1.837693e-03,   -3.686457e-03,    4.172561e-01,    1.164930e+00,    6.394958e-01,   -7.028171e-01,   -1.310336e+00,    8.823322e-01,   -7.182808e-01,    1.428723e+00,   -2.297200e-03,    1.061400e-02,    1.915200e-01,   -2.246600e-01,   -1.880500e-01,    2.257800e-01,   -1.353700e-03,    2.661500e-03,    8.493400e-03,    8.493400e-03,    1.472600e-02,    1.472600e-02,    1.472600e-02,    1.472600e-02,    4.443100e-03,    4.443100e-03,
         9,    6.309500e+02,   -5.920390e-03,    2.538252e-04,    2.329695e-01,   -2.739259e-01,   -2.162742e-01,    2.781315e-01,    1.385838e-03,   -6.408741e-03,   -6.484168e-01,    3.996763e-01,    4.409706e-01,   -1.205566e+00,   -1.352112e+00,    5.625568e-01,   -9.409529e-01,    1.289369e+00,   -1.298100e-02,    4.605900e-03,    2.413400e-01,   -2.968100e-01,   -2.419400e-01,    2.888100e-01,   -5.362300e-03,    2.838100e-03,    1.088900e-02,    1.088900e-02,    1.898200e-02,    1.898200e-02,    1.898200e-02,    1.898200e-02,    7.171600e-03,    7.171600e-03,
         9,    1.000000e+03,   -5.971155e-03,   -1.207482e-06,    2.950415e-01,   -3.527603e-01,   -2.764734e-01,    3.661815e-01,    8.354700e-04,   -1.105360e-02,   -1.070864e+00,   -9.631909e-02,    1.010799e+00,   -1.004725e+00,   -1.650062e+00,    4.811505e-02,   -8.059690e-01,    1.409195e+00,   -2.319600e-02,   -1.550500e-03,    3.198000e-01,   -3.773700e-01,   -3.168900e-01,    3.673600e-01,   -5.301500e-03,   -3.234300e-04,    1.608500e-02,    1.608500e-02,    2.449400e-02,    2.449400e-02,    2.449400e-02,    2.449400e-02,    7.614400e-03,    7.614400e-03,
        11,    3.981000e+02,   -7.065394e-03,    3.816147e-03,    2.573253e-01,   -2.717130e-01,   -2.526501e-01,    2.712892e-01,    1.329840e-03,   -6.347530e-04,   -3.768892e-01,    7.230444e-01,   -8.518018e-01,    2.060984e+00,    1.589746e-01,   -1.217942e+00,    7.599461e-01,   -1.908804e-01,   -1.127600e-02,    1.189400e-02,    2.425900e-01,   -2.360600e-01,   -2.499000e-01,    2.502200e-01,    7.202400e-03,   -2.109800e-03,    1.117200e-02,    1.117200e-02,    1.729900e-02,    1.729900e-02,    1.729900e-02,    1.729900e-02,    7.727600e-03,    7.727600e-03,
        11,    6.309500e+02,   -8.282171e-03,    7.399450e-03,    3.176160e-01,   -3.489961e-01,   -3.158006e-01,    3.481491e-01,    1.585095e-03,   -3.219540e-03,   -6.696160e-01,    5.749070e-01,   -7.959919e-01,    2.357263e+00,    1.846896e-01,   -1.820123e+00,    7.463015e-01,    9.572991e-02,   -1.853600e-02,    1.620300e-02,    3.004600e-01,   -2.981900e-01,   -3.118200e-01,    3.089200e-01,    8.576000e-03,   -2.322800e-03,    1.531300e-02,    1.531300e-02,    2.155300e-02,    2.155300e-02,    2.155300e-02,    2.155300e-02,    9.367400e-03,    9.367400e-03,
        11,    1.000000e+03,   -1.102153e-02,    1.118885e-02,    3.916568e-01,   -4.552960e-01,   -3.939225e-01,    4.504994e-01,    2.923129e-03,   -5.483695e-03,   -6.944414e-01,    3.048974e-01,   -3.212729e-01,    3.270897e+00,   -3.717922e-01,   -2.554157e+00,    7.570622e-01,    4.581716e-01,   -2.401800e-02,    1.689500e-02,    3.829400e-01,   -3.665500e-01,   -4.040100e-01,    3.812000e-01,    1.231600e-02,    2.008400e-04,    1.871500e-02,    1.871500e-02,    2.713200e-02,    2.713200e-02,    2.713200e-02,    2.713200e-02,    1.240700e-02,    1.240700e-02,
        12,    3.981000e+02,   -1.935713e-02,    1.324343e-02,    2.445757e-01,   -3.099673e-01,   -2.519885e-01,    3.185157e-01,    4.231514e-02,   -4.809353e-02,   -9.062300e-01,    9.564777e-01,   -4.285442e+00,    4.584091e+00,    2.808138e+00,   -3.593070e+00,    1.540250e+00,   -1.778291e+00,   -3.529500e-02,    3.006500e-02,    1.771100e-01,   -2.378000e-01,   -2.077800e-01,    2.619500e-01,    9.240100e-02,   -1.059200e-01,    1.758700e-02,    1.758700e-02,    1.574300e-02,    1.574300e-02,    1.574300e-02,    1.574300e-02,    3.251800e-02,    3.251800e-02,
        12,    6.309500e+02,   -2.276747e-02,    1.529054e-02,    3.205877e-01,   -4.008114e-01,   -3.280855e-01,    4.132969e-01,    5.317169e-02,   -5.993319e-02,   -1.049265e+00,    5.876339e-01,   -3.270969e+00,    3.908054e+00,    2.206986e+00,   -3.473305e+00,    1.854121e+00,   -1.739567e+00,   -4.607900e-02,    2.834600e-02,    2.514100e-01,   -3.181600e-01,   -2.814100e-01,    3.398400e-01,    1.338000e-01,   -1.355800e-01,    2.221700e-02,    2.221700e-02,    2.114900e-02,    2.114900e-02,    2.114900e-02,    2.114900e-02,    4.348600e-02,    4.348600e-02,
        12,    1.000000e+03,   -2.741595e-02,    1.842801e-02,    4.161853e-01,   -5.172480e-01,   -4.234769e-01,    5.363292e-01,    6.657058e-02,   -7.692382e-02,   -1.184838e+00,   -4.735389e-01,   -2.329596e+00,    4.089532e+00,    1.348337e+00,   -4.410998e+00,    2.160668e+00,   -1.485176e+00,   -5.914000e-02,    5.749000e-03,    3.519700e-01,   -4.045200e-01,   -3.863100e-01,    4.147400e-01,    1.878100e-01,   -1.602600e-01,    2.677500e-02,    2.677500e-02,    2.756500e-02,    2.756500e-02,    2.756500e-02,    2.756500e-02,    5.611200e-02,    5.611200e-02,
        13,    3.981000e+02,    4.066508e-03,   -5.928559e-03,    1.632242e-01,   -1.945222e-01,   -1.695423e-01,    1.997821e-01,   -2.622166e-03,    9.185876e-03,    5.928168e-01,   -6.702732e-01,    1.748176e+00,   -1.552964e+00,   -1.477031e+00,    1.459094e+00,   -5.332133e-01,    2.957714e-01,    1.016600e-02,   -1.282500e-02,    1.885500e-01,   -2.170200e-01,   -1.909400e-01,    2.209200e-01,   -7.801800e-03,    1.205900e-02,    1.028900e-02,    1.028900e-02,    1.448700e-02,    1.448700e-02,    1.448700e-02,    1.448700e-02,    9.714000e-03,    9.714000e-03,
        13,    6.309500e+02,    6.300922e-03,   -6.128730e-03,    2.066381e-01,   -2.514821e-01,   -2.150691e-01,    2.568798e-01,   -4.128902e-03,    1.175184e-02,    5.360775e-01,   -8.404234e-01,    1.907234e+00,   -1.013342e+00,   -1.590512e+00,    1.093316e+00,   -1.891587e-01,    3.303943e-01,    1.347900e-02,   -1.738200e-02,    2.415100e-01,   -2.700100e-01,   -2.441500e-01,    2.768700e-01,   -6.371000e-03,    1.566800e-02,    1.339000e-02,    1.339000e-02,    1.828400e-02,    1.828400e-02,    1.828400e-02,    1.828400e-02,    1.185300e-02,    1.185300e-02,
        13,    1.000000e+03,    9.031052e-03,   -5.839393e-03,    2.593404e-01,   -3.287755e-01,   -2.709314e-01,    3.344853e-01,   -5.798935e-03,    1.581549e-02,    4.217855e-01,   -1.022756e+00,    1.957760e+00,   -6.318444e-01,   -2.528254e+00,    3.976544e-01,    4.801416e-02,    4.283227e-01,    1.627100e-02,   -2.339500e-02,    3.051500e-01,   -3.435600e-01,   -3.300900e-01,    3.437900e-01,   -5.043000e-03,    2.255900e-02,    1.716500e-02,    1.716500e-02,    2.339900e-02,    2.339900e-02,    2.339900e-02,    2.339900e-02,    1.574400e-02,    1.574400e-02,
        14,    3.981000e+02,    1.433506e-01,   -1.163400e-01,    4.709369e-01,   -6.011630e-01,   -5.662662e-01,    4.748652e-01,   -1.113074e-01,    1.413624e-01,    2.306979e+00,   -1.492891e+00,    3.500750e+00,   -6.771687e+00,   -1.826825e+00,    1.118515e+00,   -7.645070e-01,    2.488457e+00,    4.013400e-01,   -2.832900e-01,    6.418400e-01,   -9.317500e-01,   -6.554500e-01,    5.294700e-01,   -1.778600e-01,    3.579900e-01,    1.118300e-01,    1.118300e-01,    4.881900e-02,    4.881900e-02,    4.881900e-02,    4.881900e-02,    8.705300e-02,    8.705300e-02,
        14,    6.309500e+02,    1.636946e-01,   -1.551701e-01,    6.076977e-01,   -7.829444e-01,   -6.667213e-01,    6.217054e-01,   -1.464923e-01,    1.794628e-01,    2.089690e+00,   -1.373566e+00,    3.413172e+00,   -6.508857e+00,   -1.488518e+00,    1.312845e+00,   -9.370690e-01,    2.614965e+00,    4.443400e-01,   -3.396400e-01,    8.152800e-01,   -1.178800e+00,   -7.572500e-01,    7.015500e-01,   -2.507600e-01,    4.704300e-01,    1.343000e-01,    1.343000e-01,    6.081800e-02,    6.081800e-02,    6.081800e-02,    6.081800e-02,    1.112700e-01,    1.112700e-01,
        14,    1.000000e+03,    1.905214e-01,   -2.131640e-01,    7.891246e-01,   -1.025866e+00,   -8.017755e-01,    8.250782e-01,   -1.905668e-01,    2.292284e-01,    1.854655e+00,   -1.049214e+00,    3.190293e+00,   -6.279648e+00,   -1.200766e+00,    1.678741e+00,   -1.125557e+00,    2.566493e+00,    4.865800e-01,   -3.806500e-01,    1.036200e+00,   -1.512200e+00,   -8.947700e-01,    9.550900e-01,   -3.511500e-01,    5.953900e-01,    1.596300e-01,    1.596300e-01,    7.744600e-02,    7.744600e-02,    7.744600e-02,    7.744600e-02,    1.426700e-01,    1.426700e-01,
        15,    3.981000e+02,   -9.539396e-03,   -1.423870e-02,    2.161999e-01,   -2.283529e-01,   -1.842481e-01,    2.470241e-01,    1.601350e-04,    4.990688e-03,    1.584022e+00,   -4.651248e-01,    1.188786e+00,   -1.750808e+00,   -1.229126e+00,    1.725450e+00,   -1.304087e+00,    1.314455e-01,    1.227100e-02,   -2.064300e-02,    2.368800e-01,   -2.588100e-01,   -2.056300e-01,    2.770400e-01,   -1.417700e-02,    6.435800e-03,    1.376900e-02,    1.376900e-02,    1.739600e-02,    1.739600e-02,    1.739600e-02,    1.739600e-02,    1.099400e-02,    1.099400e-02,
        15,    6.309500e+02,   -7.383148e-03,   -1.157550e-02,    2.653434e-01,   -2.916459e-01,   -2.442002e-01,    3.128026e-01,   -2.036521e-03,    3.833127e-03,    1.611339e+00,    5.487035e-01,    2.030468e+00,   -1.733958e+00,   -1.783758e+00,    1.175224e+00,   -1.293048e+00,   -7.767161e-02,    1.014500e-02,   -5.606700e-03,    3.108300e-01,   -3.304900e-01,   -2.841600e-01,    3.391300e-01,   -2.065900e-02,    2.714500e-03,    1.087800e-02,    1.087800e-02,    2.240200e-02,    2.240200e-02,    2.240200e-02,    2.240200e-02,    1.440200e-02,    1.440200e-02,
        15,    1.000000e+03,   -9.004069e-03,   -1.196878e-02,    3.258503e-01,   -3.812295e-01,   -3.120658e-01,    4.011390e-01,   -2.468752e-03,    2.582954e-03,    1.084643e+00,    1.908646e+00,    2.689854e+00,   -1.125087e+00,   -2.321578e+00,    2.918907e-01,   -1.176891e+00,   -3.704445e-01,    2.560400e-03,    8.381200e-03,    4.020700e-01,   -4.131100e-01,   -3.778500e-01,    4.094100e-01,   -2.225700e-02,   -3.645700e-03,    1.066200e-02,    1.066200e-02,    2.833600e-02,    2.833600e-02,    2.833600e-02,    2.833600e-02,    1.681400e-02,    1.681400e-02,
        16,    3.981000e+02,    1.451574e-02,   -1.306790e-02,    2.039457e-01,   -2.247653e-01,   -2.458428e-01,    2.596098e-01,   -1.314328e-02,    1.409225e-02,    6.462952e-01,   -2.029595e-01,   -8.543817e-01,   -6.018148e-02,   -1.581593e+00,    7.953413e-01,   -4.484395e-01,    3.897262e-01,    2.335900e-02,   -1.584500e-02,    1.895400e-01,   -2.257800e-01,   -2.725100e-01,    2.730200e-01,   -2.020800e-02,    2.023200e-02,    1.368300e-02,    1.368300e-02,    1.686100e-02,    1.686100e-02,    1.686100e-02,    1.686100e-02,    1.575400e-02,    1.575400e-02,
        16,    6.309500e+02,    1.739892e-02,   -1.560506e-02,    2.569998e-01,   -2.892412e-01,   -3.095496e-01,    3.296447e-01,   -1.681429e-02,    1.717135e-02,    1.493646e+00,   -1.123417e-01,   -8.932238e-01,    7.439391e-01,   -1.348547e+00,    1.934542e-01,   -9.753037e-01,    1.391338e-01,    4.793800e-02,   -1.790200e-02,    2.384600e-01,   -2.738000e-01,   -3.375400e-01,    3.336600e-01,   -3.763800e-02,    2.014200e-02,    2.044600e-02,    2.044600e-02,    2.075600e-02,    2.075600e-02,    2.075600e-02,    2.075600e-02,    2.135100e-02,    2.135100e-02,
        17,    3.981000e+02,   -3.731039e-03,    2.051426e-02,    2.406139e-01,   -3.489171e-01,   -2.582334e-01,    3.737064e-01,   -9.093419e-03,   -5.112256e-03,   -8.772230e-01,    8.870525e-01,   -2.927482e+00,    1.860071e+00,    2.220561e+00,   -3.211128e+00,    2.347402e-01,   -8.082042e-01,   -2.004300e-02,    3.700900e-02,    1.859900e-01,   -3.142100e-01,   -2.168000e-01,    3.137900e-01,   -6.354000e-03,   -1.454400e-02,    1.859500e-02,    1.859500e-02,    1.865900e-02,    1.865900e-02,    1.865900e-02,    1.865900e-02,    1.167000e-02,    1.167000e-02,
        17,    6.309500e+02,   -9.492541e-03,    2.888945e-02,    3.282727e-01,   -4.571472e-01,   -3.522004e-01,    4.872223e-01,   -6.866947e-03,   -8.797678e-03,   -7.125513e-01,    5.374381e-01,   -2.837020e+00,    1.461701e+00,    2.067638e+00,   -2.829845e+00,    7.547441e-01,   -3.849257e-01,   -2.609000e-02,    4.140800e-02,    2.569500e-01,   -4.204000e-01,   -3.002200e-01,    4.160800e-01,    2.710000e-03,   -1.368200e-02,    2.329300e-02,    2.329300e-02,    2.514000e-02,    2.514000e-02,    2.514000e-02,    2.514000e-02,    1.268900e-02,    1.268900e-02,
        17,    1.000000e+03,   -1.751142e-02,    3.870383e-02,    4.415353e-01,   -5.923158e-01,   -4.734199e-01,    6.294525e-01,   -3.138344e-03,   -1.213425e-02,   -5.415952e-01,   -9.940294e-03,   -1.938867e+00,    4.107559e-01,    1.749386e+00,   -1.780534e+00,    1.051570e+00,    4.523666e-02,   -3.264900e-02,    3.842600e-02,    3.741500e-01,   -5.780400e-01,   -4.126200e-01,    5.675700e-01,    1.497600e-02,   -1.135500e-02,    2.795000e-02,    2.795000e-02,    3.475500e-02,    3.475500e-02,    3.475500e-02,    3.475500e-02,    1.722600e-02,    1.722600e-02,
        18,    3.981000e+02,    3.396582e-01,   -8.958961e-02,    5.854051e-01,   -6.413526e-01,   -1.864487e+00,    9.052762e-01,   -4.606442e-01,   -1.247794e-02,    2.723715e+00,   -1.209909e+00,    1.265647e+00,    2.105782e-01,   -9.394618e+00,    4.122586e+00,   -1.440861e+00,    1.122020e-01,    6.723600e-01,   -2.373800e-01,    6.896400e-01,   -6.240100e-01,   -2.638200e+00,    1.244800e+00,   -7.884400e-01,    1.304800e-02,    1.221500e-01,    1.221500e-01,    8.235700e-02,    8.235700e-02,    8.235700e-02,    8.235700e-02,    2.275000e-01,    2.275000e-01,
        18,    6.309500e+02,    3.548164e-01,   -1.188742e-01,    7.322700e-01,   -8.289888e-01,   -2.061855e+00,    1.114662e+00,   -4.309946e-01,   -4.495436e-03,    2.671176e+00,   -1.142512e+00,    5.617082e-01,    2.872738e-01,   -8.862725e+00,    3.675403e+00,   -1.444309e+00,   -7.105290e-02,    7.301700e-01,   -2.794200e-01,    7.859800e-01,   -8.015200e-01,   -2.909300e+00,    1.466100e+00,   -7.753900e-01,   -2.143800e-02,    1.405200e-01,    1.405200e-01,    9.561900e-02,    9.561900e-02,    9.561900e-02,    9.561900e-02,    2.384500e-01,    2.384500e-01,
        18,    1.000000e+03,    3.819439e-01,   -1.605590e-01,    9.196877e-01,   -1.086159e+00,   -2.300898e+00,    1.420250e+00,   -3.952992e-01,    3.696977e-02,    2.790373e+00,   -1.036589e+00,   -2.253664e-01,    4.277975e-01,   -8.191222e+00,    3.277109e+00,   -1.494203e+00,   -2.885250e-01,    8.502800e-01,   -3.345400e-01,    8.943700e-01,   -1.038100e+00,   -3.221100e+00,    1.788400e+00,   -7.739900e-01,   -3.615400e-02,    1.678400e-01,    1.678400e-01,    1.123400e-01,    1.123400e-01,    1.123400e-01,    1.123400e-01,    2.534400e-01,    2.534400e-01,
        19,    3.981000e+02,   -5.785509e-03,    7.928491e-03,    2.593725e-01,   -3.057712e-01,   -2.960734e-01,    3.231771e-01,    3.466818e-02,   -4.663618e-02,    6.922222e-01,   -2.103789e+00,   -2.170142e+00,    4.058284e+00,    1.941288e+00,   -3.984259e+00,    1.016877e+00,   -1.022341e+00,   -1.873900e-03,   -3.959600e-03,    2.220200e-01,   -2.359200e-01,   -2.626600e-01,    2.546000e-01,    6.369900e-02,   -7.582300e-02,    5.650800e-03,    5.650800e-03,    1.721200e-02,    1.721200e-02,    1.721200e-02,    1.721200e-02,    2.854900e-02,    2.854900e-02,
        19,    6.309500e+02,   -1.142749e-02,    7.191316e-03,    3.357286e-01,   -4.006883e-01,   -3.783943e-01,    4.082354e-01,    4.992823e-02,   -5.871852e-02,   -6.449113e-01,   -5.070788e-01,   -1.198021e-01,    2.526039e+00,   -1.995873e+00,   -3.172286e+00,    2.003619e+00,   -1.092216e+00,   -2.109600e-02,   -4.108100e-04,    3.327000e-01,   -3.368300e-01,   -4.288500e-01,    3.280400e-01,    1.439100e-01,   -1.099500e-01,    1.499200e-02,    1.499200e-02,    2.528000e-02,    2.528000e-02,    2.528000e-02,    2.528000e-02,    4.690600e-02,    4.690600e-02,
        19,    1.000000e+03,   -1.766801e-02,    2.757051e-03,    4.350586e-01,   -5.181676e-01,   -4.781043e-01,    5.164556e-01,    6.836747e-02,   -6.990229e-02,   -3.848917e-01,    5.282886e-01,    8.321790e-01,    1.314456e+00,   -3.295495e+00,   -2.301505e+00,    1.761140e+00,   -1.366248e+00,   -2.568800e-02,    1.376500e-02,    4.641100e-01,   -4.722800e-01,   -5.931500e-01,    4.361100e-01,    1.786800e-01,   -1.554800e-01,    2.083700e-02,    2.083700e-02,    3.491000e-02,    3.491000e-02,    3.491000e-02,    3.491000e-02,    6.263700e-02,    6.263700e-02,
        20,    6.309500e+02,   -6.565681e-02,    1.022816e-01,    3.964579e-01,   -4.573491e-01,   -4.085354e-01,    4.422577e-01,    3.090111e-02,   -4.468322e-02,    9.280102e-01,    1.726428e+00,    2.510959e-01,    2.158417e-01,   -2.740407e+00,   -8.696992e-01,    2.342503e+00,   -8.347394e-01,   -1.798400e-02,    1.909700e-01,    4.605100e-01,   -4.022900e-01,   -5.582000e-01,    3.947600e-01,    1.529900e-01,   -8.818900e-02,    5.137100e-02,    5.137100e-02,    2.550900e-01,    2.550900e-01,    5.461400e-02,    5.461400e-02,    5.211900e-02,    5.211900e-02,
        21,    3.981000e+02,   -3.344498e-03,   -1.293628e-05,    2.275124e-01,   -2.439485e-01,   -2.237941e-01,    2.414003e-01,   -3.412156e-03,   -2.773455e-03,   -1.912336e-01,    1.226669e-01,    2.503006e-01,    1.003425e-01,   -1.913969e-01,   -1.769785e-01,   -1.836848e-01,   -1.348280e-01,   -4.465700e-03,    7.062600e-04,    2.382100e-01,   -2.396600e-01,   -2.302400e-01,    2.354400e-01,   -4.626900e-03,   -3.665100e-03,    5.863000e-03,    5.863000e-03,    4.273900e-02,    4.273900e-02,    3.367800e-02,    3.367800e-02,    6.613200e-03,    6.613200e-03,
        21,    6.309500e+02,   -5.559319e-03,   -1.199572e-03,    2.816217e-01,   -3.203179e-01,   -2.766538e-01,    3.182202e-01,   -3.002610e-03,   -5.753629e-03,   -7.597947e-02,    1.062958e-01,    4.230615e-01,    3.416480e-01,   -2.109608e-01,   -3.882424e-01,    1.989416e-01,   -2.691743e-01,   -6.144900e-03,   -3.803400e-04,    3.048000e-01,   -3.016000e-01,   -2.857500e-01,    3.014800e-01,   -1.260100e-03,   -8.111300e-03,    7.707100e-03,    7.707100e-03,    5.478700e-02,    5.478700e-02,    4.311800e-02,    4.311800e-02,    8.758900e-03,    8.758900e-03,
        21,    1.000000e+03,   -8.903872e-03,   -5.052363e-03,    3.529587e-01,   -4.222346e-01,   -3.461041e-01,    4.207466e-01,   -1.781548e-03,   -8.968233e-03,   -2.009102e-01,    3.406949e-01,    7.602086e-01,    4.484639e-01,   -3.804518e-01,   -3.868355e-01,    4.218315e-01,   -6.009272e-01,   -1.131600e-02,   -9.619800e-04,    4.075500e-01,   -3.900300e-01,   -3.676000e-01,    3.988900e-01,    4.572500e-03,   -1.802000e-02,    1.200600e-02,    1.200600e-02,    7.181100e-02,    7.181100e-02,    5.650100e-02,    5.650100e-02,    1.506300e-02,    1.506300e-02,
        22,    3.981000e+02,    1.616264e-02,   -1.587670e-02,    2.291480e-01,   -3.430656e-01,   -2.479611e-01,    3.321714e-01,   -1.711019e-02,    1.285541e-02,   -4.471260e-02,    4.387042e-01,   -1.281270e+00,    1.110465e+00,    2.540615e+00,   -7.662552e-01,   -1.421168e-01,    7.230913e-01,    1.559600e-02,   -1.031700e-02,    2.049000e-01,   -3.220500e-01,   -1.998800e-01,    3.176700e-01,   -1.942300e-02,    2.462300e-02,    1.267300e-02,    1.267300e-02,    1.892500e-02,    1.892500e-02,    1.892500e-02,    1.892500e-02,    1.627400e-02,    1.627400e-02,
        22,    6.309500e+02,    1.986564e-02,   -1.917418e-02,    3.146567e-01,   -4.524064e-01,   -3.322949e-01,    4.280031e-01,   -2.049693e-02,    1.446289e-02,    6.553524e-01,    1.606159e-02,   -1.303082e+00,    7.552832e-01,    1.191683e+00,   -4.788616e-02,    9.926001e-02,    7.210723e-01,    3.374600e-02,   -1.883400e-02,    2.808300e-01,   -4.328000e-01,   -3.013600e-01,    4.267600e-01,   -1.850200e-02,    2.895500e-02,    2.118000e-02,    2.118000e-02,    2.595900e-02,    2.595900e-02,    2.595900e-02,    2.595900e-02,    2.009800e-02,    2.009800e-02,
        22,    1.000000e+03,    2.426067e-02,   -2.384852e-02,    4.278216e-01,   -5.891587e-01,   -4.394375e-01,    5.479562e-01,   -2.419146e-02,    1.654530e-02,    5.645531e-01,   -3.300992e-01,   -8.466792e-01,   -7.989424e-03,   -9.492961e-02,   -2.665791e-01,   -3.200604e-01,    3.542066e-01,    4.064400e-02,   -3.342800e-02,    3.980100e-01,   -5.894400e-01,   -4.427800e-01,    5.385700e-01,   -3.232900e-02,    2.555100e-02,    2.902000e-02,    2.902000e-02,    3.521000e-02,    3.521000e-02,    3.521000e-02,    3.521000e-02,    2.542500e-02,    2.542500e-02,
        23,    3.981000e+02,   -3.060738e-03,   -7.587319e-03,    2.089149e-01,   -2.425177e-01,   -1.893353e-01,    2.373218e-01,    7.907960e-03,   -1.124567e-02,    1.643563e+00,    6.768471e-01,   -1.887474e+00,    1.520815e+00,    1.634247e+00,   -2.175962e+00,    5.698757e-01,    1.375930e+00,    1.073500e-02,   -1.906000e-03,    1.828300e-01,   -2.215000e-01,   -1.667500e-01,    2.072500e-01,    1.292600e-02,    8.700800e-04,    8.393800e-03,    8.393800e-03,    1.382000e-02,    1.382000e-02,    1.382000e-02,    1.382000e-02,    8.805500e-03,    8.805500e-03,
        23,    6.309500e+02,   -3.178396e-03,   -1.333052e-02,    2.689203e-01,   -3.112781e-01,   -2.478588e-01,    3.041733e-01,    9.223006e-03,   -1.565772e-02,    1.415216e+00,    1.246986e+00,   -3.863534e-01,    1.804815e+00,    8.824460e-01,   -2.243347e+00,    4.441792e-01,    1.637133e+00,    1.008600e-02,   -1.642900e-03,    2.618500e-01,   -2.782500e-01,   -2.317100e-01,    2.631200e-01,    1.388600e-02,    1.528900e-03,    9.372700e-03,    9.372700e-03,    1.830000e-02,    1.830000e-02,    1.830000e-02,    1.830000e-02,    1.049800e-02,    1.049800e-02,
        23,    1.000000e+03,   -2.446144e-03,   -2.198383e-02,    3.449323e-01,   -3.993579e-01,   -3.201734e-01,    3.901140e-01,    1.035470e-02,   -2.240321e-02,    1.015958e+00,    2.358095e+00,    1.616682e+00,    1.881620e+00,   -5.549320e-01,   -1.910275e+00,    3.265728e-01,    1.710891e+00,    6.514400e-03,   -1.185900e-03,    3.853300e-01,   -3.523400e-01,   -3.340400e-01,    3.423800e-01,    1.443000e-02,   -1.053000e-03,    8.819800e-03,    8.819800e-03,    2.498800e-02,    2.498800e-02,    2.498800e-02,    2.498800e-02,    1.247900e-02,    1.247900e-02,
        24,    3.981000e+02,    1.191634e-02,   -3.416348e-03,    2.694242e-01,   -3.818777e-01,   -2.980246e-01,    3.776718e-01,   -1.263565e-02,    1.257809e-02,    6.750316e-01,   -3.163677e-01,   -5.201555e+00,    6.050368e+00,    6.778844e+00,   -6.465877e+00,   -1.496665e-01,   -6.383424e-01,    2.060400e-02,   -7.488000e-03,    1.831200e-01,   -2.814900e-01,   -1.855500e-01,    2.703900e-01,   -1.422900e-02,    5.782300e-03,    1.287000e-02,    1.287000e-02,    1.659200e-02,    1.659200e-02,    1.659200e-02,    1.659200e-02,    1.064600e-02,    1.064600e-02,
        24,    6.309500e+02,    1.325204e-02,    7.690743e-05,    3.659231e-01,   -5.039370e-01,   -3.922390e-01,    4.947719e-01,   -1.700325e-02,    1.274262e-02,    9.870152e-01,   -1.407391e-01,   -5.403213e+00,    5.177628e+00,    6.719359e+00,   -5.514704e+00,    9.822276e-02,   -6.187981e-01,    3.089000e-02,   -2.438100e-03,    2.443400e-01,   -3.874300e-01,   -2.410400e-01,    3.706800e-01,   -1.574600e-02,    4.822000e-03,    1.787000e-02,    1.787000e-02,    2.250200e-02,    2.250200e-02,    2.250200e-02,    2.250200e-02,    1.280000e-02,    1.280000e-02,
        24,    1.000000e+03,    1.252891e-02,    3.745158e-03,    4.924202e-01,   -6.551875e-01,   -5.162327e-01,    6.415135e-01,   -2.074298e-02,    1.240372e-02,    9.798530e-01,   -1.898355e-01,   -5.066734e+00,    4.241707e+00,    6.248943e+00,   -4.544796e+00,    4.135526e-02,   -5.835795e-01,    3.392400e-02,   -3.999000e-04,    3.375200e-01,   -5.255100e-01,   -3.251900e-01,    5.025700e-01,   -2.006000e-02,    2.765900e-03,    2.183500e-02,    2.183500e-02,    3.057200e-02,    3.057200e-02,    3.057200e-02,    3.057200e-02,    1.651500e-02,    1.651500e-02,
        25,    3.981000e+02,    1.415039e-01,   -4.435217e-02,    4.798662e-01,   -5.021695e-01,   -5.207074e-01,    4.397567e-01,   -1.452481e-01,    1.003593e-01,    1.067636e+00,    3.503310e-01,    4.485231e+00,   -3.403661e+00,   -5.779319e+00,    2.136960e+00,   -1.543685e+00,    7.164638e-01,    2.144800e-01,   -2.040600e-02,    6.963100e-01,   -6.664200e-01,   -7.996000e-01,    5.428800e-01,   -2.733400e-01,    1.598100e-01,    6.835300e-02,    6.835300e-02,    4.825700e-02,    4.825700e-02,    4.825700e-02,    4.825700e-02,    8.297800e-02,    8.297800e-02,
        25,    6.309500e+02,    1.430611e-01,   -6.407455e-02,    5.998932e-01,   -6.233471e-01,   -6.050807e-01,    5.847368e-01,   -1.592032e-01,    1.354091e-01,    7.678063e-01,    1.707016e-01,    4.565604e+00,   -3.196975e+00,   -4.666793e+00,    2.510977e+00,   -1.160648e+00,    1.008283e+00,    2.000300e-01,   -5.140900e-02,    8.653100e-01,   -8.092000e-01,   -8.763800e-01,    7.307100e-01,   -2.701600e-01,    2.318000e-01,    7.419700e-02,    7.419700e-02,    5.813400e-02,    5.813400e-02,    5.813400e-02,    5.813400e-02,    9.559900e-02,    9.559900e-02,
        26,    3.981000e+02,   -8.968426e-03,    3.090359e-03,    1.993654e-01,   -2.150522e-01,   -1.753354e-01,    2.099314e-01,    7.417738e-03,   -1.742327e-03,   -1.501999e+00,   -6.317253e-01,    1.696407e+00,   -2.762688e+00,    8.151379e-01,    3.030030e+00,    7.432561e-02,    8.746108e-01,   -3.344800e-02,   -7.205500e-03,    2.269100e-01,   -2.599100e-01,   -1.621000e-01,    2.591300e-01,    8.023700e-03,    5.388200e-03,    1.629800e-02,    1.629800e-02,    1.623700e-02,    1.623700e-02,    1.623700e-02,    1.623700e-02,    8.152800e-03,    8.152800e-03,
        26,    6.309500e+02,   -1.151307e-02,    3.398906e-03,    2.493291e-01,   -2.853775e-01,   -2.221698e-01,    2.717460e-01,    8.657120e-03,   -2.985232e-03,   -1.384066e+00,   -9.892381e-01,    2.121269e+00,   -3.416193e+00,   -5.093241e-01,    2.890429e+00,    8.390578e-01,    8.255877e-01,   -4.174800e-02,   -1.821100e-02,    2.955600e-01,   -3.598300e-01,   -2.332700e-01,    3.347400e-01,    2.073200e-02,    8.895800e-03,    2.184500e-02,    2.184500e-02,    2.179400e-02,    2.179400e-02,    2.179400e-02,    2.179400e-02,    1.439100e-02,    1.439100e-02,
        26,    1.000000e+03,   -1.539587e-02,    1.975184e-03,    3.150306e-01,   -3.762066e-01,   -2.811006e-01,    3.560620e-01,    1.074147e-02,   -2.973802e-03,   -1.149493e+00,   -1.032876e+00,    2.451203e+00,   -2.968098e+00,   -1.492628e+00,    2.434892e+00,    6.818095e-01,    8.491087e-01,   -4.603100e-02,   -2.555200e-02,    3.843800e-01,   -4.601800e-01,   -3.233300e-01,    4.249500e-01,    2.271200e-02,    1.193400e-02,    2.665100e-02,    2.665100e-02,    2.829200e-02,    2.829200e-02,    2.829200e-02,    2.829200e-02,    1.755700e-02,    1.755700e-02,
        27,    3.981000e+02,    2.209847e-03,    1.342990e-03,    2.445098e-01,   -2.934172e-01,   -2.184970e-01,    2.867423e-01,    1.520366e-03,   -1.976948e-03,   -7.050187e-01,    4.184443e-01,   -9.748676e-01,    3.273511e-01,   -4.524570e-01,    1.693477e-01,    2.572933e-01,   -3.943859e-01,   -2.001300e-03,    3.842400e-03,    2.266200e-01,   -2.874100e-01,   -2.268000e-01,    2.898500e-01,    3.293400e-03,   -4.694700e-03,    5.973100e-03,    5.973100e-03,    1.835100e-02,    1.835100e-02,    1.835100e-02,    1.835100e-02,    6.891100e-03,    6.891100e-03,
        27,    6.309500e+02,    1.937380e-03,    1.499587e-03,    3.150947e-01,   -3.737878e-01,   -2.867831e-01,    3.709005e-01,    2.368803e-03,   -1.677148e-03,   -1.055313e+00,    5.239987e-01,   -3.098374e-01,    6.690157e-01,   -6.613101e-01,   -6.397425e-01,    2.846467e-01,   -3.958577e-01,   -1.043300e-02,    7.641900e-03,    3.078200e-01,   -3.580800e-01,   -3.023100e-01,    3.558800e-01,    4.807400e-03,   -5.068500e-03,    1.172200e-02,    1.172200e-02,    2.347900e-02,    2.347900e-02,    2.347900e-02,    2.347900e-02,    8.567100e-03,    8.567100e-03,
        27,    1.000000e+03,    1.851942e-03,    1.975575e-03,    3.999516e-01,   -4.794257e-01,   -3.713481e-01,    4.803687e-01,    3.031755e-03,   -1.446344e-03,   -1.133775e+00,    3.812869e-01,    7.471834e-01,    1.579347e+00,   -1.109623e+00,   -1.230071e+00,   -5.443785e-01,   -5.915675e-01,   -1.563200e-02,    7.855400e-03,    4.224500e-01,   -4.318700e-01,   -4.047600e-01,    4.433300e-01,   -2.652100e-03,   -7.622900e-03,    1.542100e-02,    1.542100e-02,    3.011100e-02,    3.011100e-02,    3.011100e-02,    3.011100e-02,    1.044100e-02,    1.044100e-02,
        28,    3.981000e+02,    4.974583e-02,   -5.327133e-02,    1.538243e-01,   -2.016311e-01,   -1.517840e-01,    1.903404e-01,   -3.024248e-02,    2.847914e-02,    2.117924e+00,   -1.483586e+00,    2.026234e+00,   -1.015877e+00,   -1.736282e+00,    1.149195e-02,   -1.781748e+00,    7.626150e-01,    1.266900e-01,   -1.071700e-01,    2.500400e-01,   -2.498700e-01,   -2.046000e-01,    1.906900e-01,   -7.146500e-02,    4.612300e-02,    3.633000e-02,    3.633000e-02,    4.748500e-02,    4.748500e-02,    3.041900e-02,    3.041900e-02,    2.313600e-02,    2.313600e-02,
        28,    6.309500e+02,    6.031479e-02,   -6.929287e-02,    1.904644e-01,   -2.728175e-01,   -1.877137e-01,    2.534081e-01,   -3.656249e-02,    3.685507e-02,    2.076314e+00,   -1.337090e+00,    2.030909e+00,   -6.796981e-01,   -1.739934e+00,   -4.641186e-01,   -1.782041e+00,    5.202620e-01,    1.526900e-01,   -1.287800e-01,    3.100200e-01,   -3.128300e-01,   -2.530500e-01,    2.359800e-01,   -8.642400e-02,    5.141200e-02,    4.449000e-02,    4.449000e-02,    5.886800e-02,    5.886800e-02,    3.755100e-02,    3.755100e-02,    2.798000e-02,    2.798000e-02,
        28,    1.000000e+03,    7.262796e-02,   -9.171948e-02,    2.358633e-01,   -3.738260e-01,   -2.318551e-01,    3.431424e-01,   -4.401991e-02,    4.799374e-02,    2.124269e+00,   -1.175105e+00,    2.129466e+00,   -3.768621e-01,   -1.790978e+00,   -1.046313e+00,   -1.657836e+00,    2.471983e-01,    1.917400e-01,   -1.576100e-01,    3.942700e-01,   -4.018600e-01,   -3.165200e-01,    2.936800e-01,   -9.919600e-02,    5.622100e-02,    5.607200e-02,    5.607200e-02,    7.438800e-02,    7.438800e-02,    4.727300e-02,    4.727300e-02,    3.328200e-02,    3.328200e-02,
        29,    3.981000e+02,    4.018134e-01,   -1.418073e-01,    5.955258e-01,   -6.479636e-01,   -1.171133e+00,    9.164335e-01,   -3.863175e-01,   -3.516693e-02,    1.329912e+00,   -9.425184e-01,   -4.303532e-01,    1.591270e+00,    1.482142e+00,   -1.200808e+00,    2.363844e-01,   -3.681252e-01,    5.391800e-01,   -2.391600e-01,    5.728100e-01,   -5.639700e-01,   -1.092900e+00,    8.530500e-01,   -3.609700e-01,   -7.464100e-02,    1.032900e-01,    1.032900e-01,    5.278400e-02,    5.278400e-02,    5.278400e-02,    5.278400e-02,    1.072300e-01,    1.072300e-01,
        29,    6.309500e+02,    4.432263e-01,   -1.568759e-01,    7.196730e-01,   -8.792903e-01,   -1.385525e+00,    1.185117e+00,   -3.743008e-01,   -8.056792e-02,    1.551521e+00,   -9.223387e-01,   -9.713144e-01,    1.651862e+00,    1.681241e+00,   -1.044497e+00,    1.024500e-01,   -4.721639e-01,    6.383300e-01,   -2.728600e-01,    6.560500e-01,   -7.710900e-01,   -1.275400e+00,    1.116700e+00,   -3.618500e-01,   -1.379500e-01,    1.257500e-01,    1.257500e-01,    6.550200e-02,    6.550200e-02,    6.550200e-02,    6.550200e-02,    1.215300e-01,    1.215300e-01,
        29,    1.000000e+03,    4.835346e-01,   -1.726708e-01,    9.000983e-01,   -1.209255e+00,   -1.665779e+00,    1.543108e+00,   -3.488394e-01,   -1.280775e-01,    1.779356e+00,   -6.909171e-01,   -1.312018e+00,    1.723237e+00,    1.592665e+00,   -7.091095e-01,    3.399554e-02,   -8.981573e-01,    7.601000e-01,   -2.800600e-01,    7.898100e-01,   -1.064400e+00,   -1.531900e+00,    1.483500e+00,   -3.439600e-01,   -2.569900e-01,    1.554300e-01,    1.554300e-01,    8.406000e-02,    8.406000e-02,    8.406000e-02,    8.406000e-02,    1.435300e-01,    1.435300e-01,
        30,    3.981000e+02,    5.978848e-01,   -8.185039e-02,    9.428850e-01,   -6.874795e-01,   -1.482371e+00,    8.462552e-01,   -7.183821e-01,    9.245630e-02,    2.131467e+00,   -9.392464e-01,    1.915063e+00,   -1.091223e+00,   -6.135453e+00,    2.661213e+00,   -1.915108e+00,    6.297635e-01,    9.711900e-01,   -2.463500e-01,    1.112100e+00,   -7.839000e-01,   -2.024500e+00,    1.081400e+00,   -1.200300e+00,    2.509300e-01,    1.751400e-01,    1.751400e-01,    8.836000e-02,    8.836000e-02,    8.836000e-02,    8.836000e-02,    2.516400e-01,    2.516400e-01,
        30,    6.309500e+02,    5.967854e-01,   -1.007241e-01,    1.083425e+00,   -8.954371e-01,   -1.653224e+00,    1.080771e+00,   -7.053126e-01,    1.346730e-01,    2.343508e+00,   -7.668477e-01,    1.276017e+00,   -1.403917e+00,   -5.619819e+00,    2.926114e+00,   -2.046982e+00,    3.605559e-01,    1.060800e+00,   -2.525600e-01,    1.214000e+00,   -1.039100e+00,   -2.228300e+00,    1.380200e+00,   -1.270300e+00,    2.341900e-01,    1.980000e-01,    1.980000e-01,    1.023300e-01,    1.023300e-01,    1.023300e-01,    1.023300e-01,    2.760100e-01,    2.760100e-01,
        30,    1.000000e+03,    5.854422e-01,   -1.509349e-01,    1.277878e+00,   -1.192259e+00,   -1.858963e+00,    1.431993e+00,   -7.067340e-01,    2.196784e-01,    2.417379e+00,   -2.997279e-01,    2.833830e-01,   -1.945828e+00,   -5.038886e+00,    3.028298e+00,   -2.090240e+00,   -2.578130e-02,    1.126500e+00,   -2.180200e-01,    1.312400e+00,   -1.429300e+00,   -2.472800e+00,    1.800900e+00,   -1.347100e+00,    2.117800e-01,    2.238200e-01,    2.238200e-01,    1.218200e-01,    1.218200e-01,    1.218200e-01,    1.218200e-01,    3.063600e-01,    3.063600e-01,
        31,    3.981000e+02,   -2.278342e-02,    3.093184e-02,    4.630517e-01,   -4.437990e-01,   -3.460615e-01,    2.969596e-01,    2.422221e-02,   -1.553693e-02,   -1.336262e+00,    1.314461e+00,    7.153042e+00,   -3.614858e+00,   -2.557113e+00,    1.875459e+00,    4.753324e-01,   -3.779445e-01,   -9.452200e-02,    1.015000e-01,    7.227500e-01,   -5.750400e-01,   -4.389000e-01,    3.650500e-01,    3.539300e-02,   -2.441900e-02,    5.368600e-02,    5.368600e-02,    3.630600e-02,    3.630600e-02,    3.630600e-02,    3.630600e-02,    2.350100e-02,    2.350100e-02,
        31,    6.309500e+02,   -2.948308e-02,    4.100734e-02,    5.534703e-01,   -5.522648e-01,   -4.020382e-01,    3.966757e-01,    2.543569e-02,   -2.270957e-02,   -1.601599e+00,    9.120631e-01,    5.908741e+00,   -3.040663e+00,   -2.185984e+00,    1.795705e+00,    5.718798e-01,   -2.262474e-01,   -1.285500e-01,    9.742300e-02,    8.044500e-01,   -6.814200e-01,   -4.948900e-01,    4.729500e-01,    4.139400e-02,   -2.902300e-02,    6.185500e-02,    6.185500e-02,    4.247600e-02,    4.247600e-02,    4.247600e-02,    4.247600e-02,    2.790500e-02,    2.790500e-02,
        31,    1.000000e+03,   -4.276207e-02,    5.363102e-02,    6.565418e-01,   -7.156508e-01,   -4.829221e-01,    5.401222e-01,    3.306811e-02,   -3.344796e-02,   -7.360761e-01,    5.845139e-01,    4.959885e+00,   -2.099794e+00,   -1.078797e+00,    2.960799e+00,    3.928398e-01,    1.112720e-01,   -8.566500e-02,    8.770000e-02,    9.145500e-01,   -8.248800e-01,   -5.390400e-01,    6.941400e-01,    4.600000e-02,   -2.978500e-02,    5.828600e-02,    5.828600e-02,    5.201900e-02,    5.201900e-02,    5.201900e-02,    5.201900e-02,    3.291900e-02,    3.291900e-02,
        32,    3.981000e+02,   -4.520182e-03,   -1.755617e-03,    1.711332e-01,   -1.965638e-01,   -2.155237e-01,    2.158767e-01,    1.076467e-02,   -1.295055e-03,    2.587160e-01,   -6.212919e-01,   -4.775973e-01,    2.206261e+00,    1.319642e+00,   -1.779226e+00,    6.117005e-01,   -5.439244e-01,   -3.047700e-03,   -5.291700e-03,    1.650300e-01,   -1.683700e-01,   -1.986600e-01,    1.931400e-01,    1.739000e-02,   -7.186300e-03,    5.691500e-03,    5.691500e-03,    1.277900e-02,    1.277900e-02,    1.277900e-02,    1.277900e-02,    1.083100e-02,    1.083100e-02,
        32,    6.309500e+02,   -2.938794e-03,   -1.133531e-03,    2.136542e-01,   -2.563875e-01,   -2.659542e-01,    2.725571e-01,    1.123231e-02,   -1.353250e-03,    1.036890e-03,   -9.755407e-01,   -5.495700e-01,    2.924623e+00,    1.430103e+00,   -2.121180e+00,    6.261265e-01,   -4.539741e-01,   -2.930700e-03,   -8.748700e-03,    2.049600e-01,   -2.101200e-01,   -2.433300e-01,    2.390000e-01,    1.904700e-02,   -7.019300e-03,    7.806100e-03,    7.806100e-03,    1.582000e-02,    1.582000e-02,    1.582000e-02,    1.582000e-02,    1.248100e-02,    1.248100e-02,
        32,    1.000000e+03,   -1.149619e-03,    2.937460e-04,    2.666312e-01,   -3.382999e-01,   -3.270680e-01,    3.492992e-01,    1.277867e-02,   -1.102301e-03,    8.008880e-02,   -1.138199e+00,   -4.972771e-01,    3.828347e+00,    9.786349e-01,   -2.864770e+00,    4.370897e-01,   -7.003703e-01,   -4.167900e-04,   -1.012100e-02,    2.568100e-01,   -2.626900e-01,   -3.077400e-01,    2.927200e-01,    1.915100e-02,   -1.131300e-02,    9.150200e-03,    9.150200e-03,    1.975000e-02,    1.975000e-02,    1.975000e-02,    1.975000e-02,    1.457900e-02,    1.457900e-02,
        33,    3.981000e+02,   -1.189209e-02,   -5.953563e-04,    4.654472e-01,   -5.114770e-01,   -5.193162e-01,    4.171324e-01,    2.371437e-02,   -7.818722e-03,    2.226156e+00,    7.277822e-01,    8.898405e-02,   -4.566788e+00,   -3.123288e+00,    2.601045e+00,    1.737378e+00,   -1.101819e-01,    7.744800e-02,    2.861200e-02,    4.696800e-01,   -7.287100e-01,   -6.525400e-01,    5.280800e-01,    9.923300e-02,   -1.260800e-02,    4.013200e-02,    4.013200e-02,    4.756800e-02,    4.756800e-02,    4.265500e-02,    4.265500e-02,    4.346700e-02,    4.346700e-02,
        33,    6.309500e+02,   -9.930449e-03,   -3.180007e-03,    5.789254e-01,   -6.474504e-01,   -6.029883e-01,    5.306453e-01,    2.476755e-02,   -2.715541e-03,    1.431289e+00,    5.409234e-01,   -1.250122e-01,   -3.691187e+00,   -2.615247e+00,    2.718229e+00,    9.846486e-01,   -7.717785e-02,    2.656600e-02,    1.061300e-02,    5.726700e-01,   -8.321500e-01,   -7.338500e-01,    6.666600e-01,    6.123500e-02,   -5.573900e-03,    2.549900e-02,    2.549900e-02,    5.003800e-02,    5.003800e-02,    5.003800e-02,    5.003800e-02,    3.703600e-02,    3.703600e-02,
        33,    1.000000e+03,   -7.346226e-03,   -3.802659e-03,    7.208982e-01,   -8.392520e-01,   -7.095992e-01,    6.994184e-01,    2.487329e-02,    1.221542e-03,   -5.199568e-01,   -8.533702e-01,   -4.695474e-01,   -1.571146e+00,   -1.801797e+00,    2.644966e+00,   -1.962381e+00,   -9.947911e-03,   -2.401500e-02,   -3.116000e-02,    6.934100e-01,   -9.312300e-01,   -8.150800e-01,    8.542600e-01,   -1.762600e-02,    1.006100e-03,    3.205800e-02,    3.205800e-02,    5.854200e-02,    5.854200e-02,    5.854200e-02,    5.854200e-02,    2.165700e-02,    2.165700e-02,
        34,    3.981000e+02,   -3.440580e-04,   -6.776339e-04,    1.193722e-01,   -1.523172e-01,   -1.348123e-01,    1.733967e-01,    1.148092e-03,    2.606023e-03,   -1.473814e-01,   -1.485607e+00,   -4.976151e-01,   -3.124092e+00,   -5.950664e-01,    3.980541e+00,   -7.312938e-01,    3.894722e-01,   -1.505600e-03,   -1.238600e-02,    1.133700e-01,   -1.900000e-01,   -1.419900e-01,    2.214100e-01,   -3.140800e-03,    4.890200e-03,    7.881200e-03,    7.881200e-03,    1.206200e-02,    1.206200e-02,    1.206200e-02,    1.206200e-02,    5.864800e-03,    5.864800e-03,
        34,    6.309500e+02,   -6.316720e-04,   -3.556242e-04,    1.515466e-01,   -2.085176e-01,   -1.724243e-01,    2.319698e-01,   -3.694103e-04,    2.070763e-03,    3.350890e-01,   -1.161310e+00,   -4.053025e-01,   -4.341423e+00,   -1.219200e+00,    4.395006e+00,   -1.362917e+00,    7.781939e-02,    2.308700e-03,   -1.054600e-02,    1.446800e-01,   -2.820700e-01,   -1.930800e-01,    3.064300e-01,   -1.612200e-02,    2.970200e-03,    8.774900e-03,    8.774900e-03,    1.694200e-02,    1.694200e-02,    1.694200e-02,    1.694200e-02,    1.155800e-02,    1.155800e-02,
        34,    1.000000e+03,   -1.729611e-05,    4.634020e-05,    1.925249e-01,   -2.829585e-01,   -2.185792e-01,    3.104796e-01,   -1.891507e-03,    1.191948e-03,   -3.184340e-01,   -7.848384e-01,    3.536184e-01,   -5.271734e+00,   -1.554431e+00,    4.896850e+00,   -8.732787e-01,    1.253992e-01,   -2.765700e-03,   -6.727600e-03,    2.009400e-01,   -4.084100e-01,   -2.555700e-01,    4.270100e-01,   -1.223200e-02,    2.676800e-03,    8.631000e-03,    8.631000e-03,    2.379700e-02,    2.379700e-02,    2.379700e-02,    2.379700e-02,    1.184100e-02,    1.184100e-02,
        35,    3.981000e+02,    4.709919e-03,   -1.066647e-02,    1.275059e-01,   -2.014439e-01,   -1.220865e-01,    1.866035e-01,    3.733432e-03,   -4.073739e-03,    1.288457e+00,   -3.674640e-01,    5.108069e+00,   -6.390311e+00,   -3.612937e+00,    5.736736e+00,    7.402170e-02,   -8.863236e-01,    2.582000e-02,   -1.668700e-02,    2.212900e-01,   -3.187700e-01,   -1.884200e-01,    2.919300e-01,    4.511400e-03,   -1.338900e-02,    1.638400e-02,    1.638400e-02,    1.836000e-02,    1.836000e-02,    1.836000e-02,    1.836000e-02,    1.051000e-02,    1.051000e-02,
        35,    6.309500e+02,    5.340687e-03,   -1.487989e-02,    1.594040e-01,   -2.788590e-01,   -1.524514e-01,    2.578872e-01,    4.721906e-03,   -5.830561e-03,    1.216169e+00,   -7.874920e-01,    5.776523e+00,   -5.803904e+00,   -4.427264e+00,    5.314034e+00,   -3.229007e-01,   -8.966107e-01,    3.405200e-02,   -3.347100e-02,    3.018300e-01,   -4.219600e-01,   -2.616100e-01,    3.889100e-01,    2.384300e-04,   -1.828000e-02,    2.360800e-02,    2.360800e-02,    2.465600e-02,    2.465600e-02,    2.465600e-02,    2.465600e-02,    1.388500e-02,    1.388500e-02,
        36,    3.981000e+02,   -1.395311e-02,   -1.271528e-02,    5.023318e-01,   -6.706245e-01,   -7.273045e-01,    6.741056e-01,    9.053989e-02,   -3.607718e-02,   -8.201930e-01,   -5.328828e-01,    7.344926e-01,    8.258425e-01,   -1.167050e+00,    2.555676e+00,    1.074289e+00,    3.820068e-01,   -3.849000e-02,   -2.865700e-02,    5.376800e-01,   -6.308800e-01,   -7.834700e-01,    7.971000e-01,    1.584500e-01,   -1.192900e-02,    2.991600e-02,    2.991600e-02,    4.812600e-02,    4.812600e-02,    4.812600e-02,    4.812600e-02,    6.321400e-02,    6.321400e-02,
        36,    6.309500e+02,   -8.858342e-03,   -2.198071e-02,    6.543026e-01,   -8.849758e-01,   -8.652551e-01,    8.998567e-01,    9.112513e-02,   -3.552578e-02,   -2.021665e+00,   -8.548560e-01,    1.861287e-01,    2.102796e-01,   -6.965344e-01,    3.076828e+00,    1.288851e+00,    3.242406e-01,   -1.327500e-01,   -7.436800e-02,    6.663900e-01,   -8.713200e-01,   -9.087300e-01,    1.091900e+00,    1.922200e-01,   -1.009300e-02,    6.128200e-02,    6.128200e-02,    6.494100e-02,    6.494100e-02,    6.241600e-02,    6.241600e-02,    7.843800e-02,    7.843800e-02,
        36,    1.000000e+03,    1.615399e-03,   -3.120436e-02,    8.642805e-01,   -1.170462e+00,   -1.064650e+00,    1.214569e+00,    8.729285e-02,   -4.719011e-02,   -2.120027e+00,    1.379780e+00,   -8.256936e-01,   -2.561315e+00,    2.497468e-01,    4.806099e+00,    1.565016e+00,   -6.993628e-01,   -1.768400e-01,    8.494000e-02,    7.913800e-01,   -1.396600e+00,   -1.042600e+00,    1.638900e+00,    2.643900e-01,   -1.263300e-01,    8.417600e-02,    8.417600e-02,    8.829000e-02,    8.829000e-02,    8.829000e-02,    8.829000e-02,    1.131600e-01,    1.131600e-01,
        38,    3.981000e+02,   -1.063517e-03,    2.466320e-04,    1.402436e-01,   -1.914556e-01,   -1.561307e-01,    2.335506e-01,    6.249858e-03,   -9.283229e-04,    8.177731e-01,   -1.288110e+00,   -1.007169e+00,   -7.058195e+00,   -6.087419e-01,    4.806916e+00,    1.608352e-01,   -3.619071e-01,    7.978600e-03,   -1.399600e-02,    1.227400e-01,   -3.141200e-01,   -1.667100e-01,    3.170900e-01,    7.584500e-03,   -3.931500e-03,    1.105700e-02,    1.105700e-02,    1.737900e-02,    1.737900e-02,    1.737900e-02,    1.737900e-02,    8.298200e-03,    8.298200e-03,
        38,    6.309500e+02,   -2.088058e-03,   -5.651699e-04,    1.765173e-01,   -2.599875e-01,   -2.024559e-01,    3.123519e-01,    8.122559e-03,    8.399832e-04,   -1.476379e+00,   -7.789979e-02,    6.442812e-01,   -6.306558e+00,   -1.074067e+00,    5.503796e+00,   -1.718450e+00,   -1.170282e-01,   -2.624900e-02,   -1.840000e-03,    1.918100e-01,   -4.096800e-01,   -2.279500e-01,    4.429900e-01,   -6.166700e-03,   -1.331300e-04,    1.636500e-02,    1.636500e-02,    2.373600e-02,    2.373600e-02,    2.373600e-02,    2.373600e-02,    8.315200e-03,    8.315200e-03,
        38,    1.000000e+03,   -3.864333e-03,   -2.576845e-03,    2.228308e-01,   -3.561937e-01,   -2.610267e-01,    4.222366e-01,    1.018400e-02,    4.941534e-03,   -1.318866e+00,    9.652907e-02,    2.088507e+00,   -6.684019e+00,   -1.824289e+00,    5.725104e+00,   -1.424461e+00,    1.317605e-01,   -3.273300e-02,   -4.639200e-04,    2.929900e-01,   -5.807300e-01,   -3.223100e-01,    6.145600e-01,   -7.839700e-03,    6.608700e-03,    2.188900e-02,    2.188900e-02,    3.359300e-02,    3.359300e-02,    3.359300e-02,    3.359300e-02,    1.265300e-02,    1.265300e-02,
        39,    3.981000e+02,    4.418468e-03,   -7.342226e-03,    1.588166e-01,   -1.878025e-01,   -1.493101e-01,    1.817126e-01,   -8.662059e-03,    5.935844e-04,    1.475778e+00,   -3.707864e-01,    4.123951e+00,   -2.250237e+00,   -3.221274e+00,    1.561824e+00,   -9.003439e-01,    4.194848e-02,    2.516200e-02,   -1.255400e-02,    2.202800e-01,   -2.213400e-01,   -1.973200e-01,    2.049900e-01,   -1.845600e-02,    1.049900e-03,    1.405600e-02,    1.405600e-02,    1.490400e-02,    1.490400e-02,    1.490400e-02,    1.490400e-02,    1.087800e-02,    1.087800e-02,
        39,    6.309500e+02,    4.282472e-03,   -1.347191e-02,    2.010522e-01,   -2.506632e-01,   -1.881700e-01,    2.419163e-01,   -9.524325e-03,   -5.886253e-04,    1.460888e+00,    6.392511e-01,    3.750883e+00,   -1.541977e+00,   -3.450132e+00,    9.017378e-01,   -6.688606e-01,   -6.287306e-01,    2.676700e-02,   -3.633200e-03,    2.714900e-01,   -2.796200e-01,   -2.529600e-01,    2.588500e-01,   -1.806300e-02,   -8.615000e-03,    1.539100e-02,    1.539100e-02,    1.877900e-02,    1.877900e-02,    1.877900e-02,    1.877900e-02,    1.276600e-02,    1.276600e-02,
        39,    1.000000e+03,    7.210862e-03,   -2.165225e-02,    2.536083e-01,   -3.336071e-01,   -2.374989e-01,    3.241451e-01,   -1.161755e-02,   -2.881758e-03,    1.264181e+00,    1.392292e+00,    3.857506e+00,   -9.151761e-01,   -2.889780e+00,    8.880988e-01,   -1.113905e-01,   -9.730835e-01,    3.073600e-02,    4.256900e-03,    3.459300e-01,   -3.555100e-01,   -3.066600e-01,    3.454000e-01,   -1.330500e-02,   -1.762300e-02,    1.860900e-02,    1.860900e-02,    2.393300e-02,    2.393300e-02,    2.393300e-02,    2.393300e-02,    1.514900e-02,    1.514900e-02,
        41,    3.981000e+02,    5.942897e-02,   -3.456396e-02,    3.757004e-01,   -5.882446e-01,   -4.100926e-01,    5.712560e-01,   -4.284072e-02,    2.598481e-02,    7.988965e-02,   -2.906528e-01,   -1.076960e+01,    1.668389e+01,    1.209175e+01,   -1.518779e+01,    1.652407e-01,   -3.728868e-01,    6.135000e-02,   -4.155300e-02,    1.852400e-01,   -2.931900e-01,   -1.962500e-01,    3.026600e-01,   -3.971800e-02,    1.893800e-02,    2.404600e-02,    2.404600e-02,    1.768500e-02,    1.768500e-02,    1.768500e-02,    1.768500e-02,    1.889800e-02,    1.889800e-02,
        41,    6.309500e+02,    7.041134e-02,   -4.001459e-02,    5.189049e-01,   -7.868539e-01,   -5.469103e-01,    7.520654e-01,   -5.047051e-02,    3.155195e-02,    3.377160e-01,   -1.846357e-01,   -1.085977e+01,    1.619830e+01,    1.127199e+01,   -1.400767e+01,    2.227810e-01,   -3.638062e-01,    8.101900e-02,   -4.581400e-02,    2.563700e-01,   -3.952600e-01,   -2.744100e-01,    4.134300e-01,   -4.517300e-02,    2.290100e-02,    3.141000e-02,    3.141000e-02,    2.417500e-02,    2.417500e-02,    2.417500e-02,    2.417500e-02,    2.377900e-02,    2.377900e-02,
        42,    3.981000e+02,    1.528005e-02,   -2.206136e-02,    2.022933e-01,   -2.116755e-01,   -1.897289e-01,    2.226630e-01,   -1.449771e-02,    1.687181e-02,    1.175136e+00,   -8.249496e-01,    3.309217e-01,    3.560661e-01,   -2.632976e+00,    6.019269e-01,   -1.058940e+00,    5.284516e-01,    3.717400e-02,   -3.743100e-02,    2.074100e-01,   -2.061700e-01,   -2.304400e-01,    2.319700e-01,   -3.317000e-02,    2.619000e-02,    1.863100e-02,    1.863100e-02,    1.546200e-02,    1.546200e-02,    1.546200e-02,    1.546200e-02,    1.763300e-02,    1.763300e-02,
        42,    6.309500e+02,    2.052481e-02,   -2.553192e-02,    2.454342e-01,   -2.742154e-01,   -2.352190e-01,    2.947078e-01,   -1.882461e-02,    1.905860e-02,    1.202488e+00,   -6.052237e-01,    1.674071e-01,    1.056332e+00,   -3.176058e+00,   -5.614349e-01,   -8.658089e-01,    3.124518e-01,    4.710700e-02,   -3.891100e-02,    2.486300e-01,   -2.540500e-01,   -2.958500e-01,    2.839900e-01,   -3.633300e-02,    2.537700e-02,    2.210600e-02,    2.210600e-02,    1.909000e-02,    1.909000e-02,    1.909000e-02,    1.909000e-02,    2.022200e-02,    2.022200e-02,
        42,    1.000000e+03,    2.633809e-02,   -3.051997e-02,    2.988813e-01,   -3.639070e-01,   -2.914545e-01,    3.951734e-01,   -2.386728e-02,    2.182216e-02,    1.256980e+00,   -3.073672e-01,    1.802008e-01,    1.761626e+00,   -3.186615e+00,   -2.333281e+00,   -5.581974e-01,    8.449732e-02,    5.981900e-02,   -3.870700e-02,    3.031200e-01,   -3.224700e-01,   -3.664100e-01,    3.402900e-01,   -3.618000e-02,    2.368600e-02,    2.663600e-02,    2.663600e-02,    2.352200e-02,    2.352200e-02,    2.352200e-02,    2.352200e-02,    2.205800e-02,    2.205800e-02,
        43,    3.981000e+02,    1.052469e-04,   -9.622441e-04,    2.855227e-01,   -3.578492e-01,   -3.422775e-01,    4.066918e-01,    2.256328e-02,   -2.153348e-02,   -6.624900e-01,    1.622974e+00,   -3.456578e+00,    2.724697e+00,    3.418990e+00,   -3.493370e+00,    6.424510e-01,   -1.492833e+00,   -9.256400e-03,    2.197200e-02,    2.160800e-01,   -3.031100e-01,   -2.735900e-01,    3.365100e-01,    3.972700e-02,   -6.141600e-02,    1.413100e-02,    1.413100e-02,    2.009000e-02,    2.009000e-02,    2.009000e-02,    2.009000e-02,    2.671600e-02,    2.671600e-02,
        43,    6.309500e+02,    3.464730e-03,   -3.609022e-03,    3.751110e-01,   -4.728665e-01,   -4.460206e-01,    5.198995e-01,    2.518058e-02,   -2.819091e-02,   -1.108857e+00,    1.349027e+00,   -2.499668e+00,    2.235854e+00,    3.304310e+00,   -3.026161e+00,    1.182388e+00,   -1.468966e+00,   -1.514300e-02,    1.902900e-02,    3.077000e-01,   -4.125700e-01,   -3.569100e-01,    4.382900e-01,    6.889700e-02,   -8.250300e-02,    1.678100e-02,    1.678100e-02,    2.696800e-02,    2.696800e-02,    2.696800e-02,    2.696800e-02,    3.697300e-02,    3.697300e-02,
        44,    3.981000e+02,    2.358158e-03,    2.664041e-03,    3.519054e-01,   -3.629251e-01,   -3.543204e-01,    3.590923e-01,   -1.899161e-03,   -2.092968e-03,    4.693726e-01,    4.438171e-01,   -1.832748e+00,    3.481245e+00,    3.997116e+00,   -3.269540e+00,    2.894548e-01,    6.565809e-01,    6.927500e-03,    6.984600e-03,    3.140500e-01,   -2.910200e-01,   -2.717600e-01,    2.915600e-01,   -1.021100e-03,   -1.012300e-04,    9.735000e-03,    9.735000e-03,    2.065500e-02,    2.065500e-02,    2.065500e-02,    2.065500e-02,    3.033500e-03,    3.033500e-03,
        44,    6.309500e+02,    1.542075e-03,    3.231891e-03,    4.366671e-01,   -4.615630e-01,   -4.385320e-01,    4.517786e-01,   -5.646389e-04,   -1.009486e-03,    5.706013e-01,    8.065944e-01,   -1.524433e+00,    4.672253e+00,    4.067887e+00,   -3.432822e+00,    5.297678e-01,    4.039338e-01,    9.840900e-03,    1.496300e-02,    3.978200e-01,   -3.425000e-01,   -3.348700e-01,    3.643000e-01,    2.223900e-03,    1.116700e-03,    1.454400e-02,    1.454400e-02,    2.548300e-02,    2.548300e-02,    2.548300e-02,    2.548300e-02,    5.263700e-03,    5.263700e-03,
        45,    3.981000e+02,   -1.075114e-02,    3.079327e-03,    2.674193e-01,   -2.869293e-01,   -2.685657e-01,    2.825447e-01,    1.694314e-02,   -2.678901e-03,    1.848162e-01,    1.322328e-01,   -1.265203e-01,    4.397423e-01,    9.927095e-01,   -2.106461e-01,    5.646748e-01,   -9.877776e-01,   -9.031500e-03,    4.309700e-03,    2.650200e-01,   -2.785900e-01,   -2.497400e-01,    2.785500e-01,    2.627100e-02,   -1.899600e-02,    9.304600e-03,    9.304600e-03,    1.896400e-02,    1.896400e-02,    1.896400e-02,    1.896400e-02,    1.651900e-02,    1.651900e-02,
        45,    6.309500e+02,   -8.671467e-03,    6.129998e-03,    3.326887e-01,   -3.639731e-01,   -3.335535e-01,    3.640664e-01,    1.714776e-02,   -3.434947e-03,   -2.733690e-02,   -4.786518e-01,   -5.662812e-02,    9.192610e-01,    5.812673e-01,   -4.571053e-01,    6.330331e-01,   -9.425965e-01,   -8.940700e-03,    1.415900e-03,    3.313400e-01,   -3.420800e-01,   -3.197100e-01,    3.531800e-01,    2.978500e-02,   -2.225200e-02,    9.848700e-03,    9.848700e-03,    2.381600e-02,    2.381600e-02,    2.381600e-02,    2.381600e-02,    1.996300e-02,    1.996300e-02,
        45,    1.000000e+03,   -6.569738e-03,    1.197737e-02,    4.118204e-01,   -4.693456e-01,   -4.163172e-01,    4.728016e-01,    1.860930e-02,   -4.693004e-03,   -4.830540e-01,   -6.717842e-01,    8.836505e-02,    1.419291e+00,    7.521411e-01,   -6.826561e-01,    7.994770e-01,   -4.009336e-01,   -1.303300e-02,    2.988900e-03,    4.144600e-01,   -4.269500e-01,   -3.938500e-01,    4.524100e-01,    3.710200e-02,   -1.396700e-02,    1.338000e-02,    1.338000e-02,    2.987100e-02,    2.987100e-02,    2.987100e-02,    2.987100e-02,    2.313100e-02,    2.313100e-02,
        46,    3.981000e+02,   -4.199210e-02,    1.299543e-02,    2.845177e-01,   -2.539162e-01,   -2.787855e-01,    2.658186e-01,    1.938003e-02,   -3.541136e-03,   -1.397114e-01,    5.885344e-01,   -3.999849e+00,    3.705112e+00,    3.103285e+00,   -3.944666e+00,    1.037295e+00,   -3.505005e-01,   -4.456600e-02,    2.383800e-02,    2.237000e-01,   -1.975800e-01,   -2.316000e-01,    2.058400e-01,    3.609500e-02,   -9.189100e-03,    1.842300e-02,    1.842300e-02,    1.520500e-02,    1.520500e-02,    1.520500e-02,    1.520500e-02,    1.611400e-02,    1.611400e-02,
        46,    6.309500e+02,   -4.848690e-02,    1.068195e-02,    3.485879e-01,   -3.137599e-01,   -3.507190e-01,    3.232652e-01,    2.220717e-02,   -1.484353e-03,    1.860506e-02,    9.616568e-01,   -3.154549e+00,    3.522779e+00,    3.100373e+00,   -3.472480e+00,    1.158511e+00,   -5.484220e-01,   -4.807400e-02,    3.202400e-02,    2.880900e-01,   -2.462000e-01,   -2.912600e-01,    2.566700e-01,    4.581300e-02,   -1.265900e-02,    2.219300e-02,    2.219300e-02,    1.917800e-02,    1.917800e-02,    1.917800e-02,    1.917800e-02,    2.037600e-02,    2.037600e-02,
        46,    1.000000e+03,   -5.539003e-02,    6.674500e-03,    4.266418e-01,   -3.934309e-01,   -4.353229e-01,    3.965433e-01,    2.451629e-02,    2.069660e-03,   -6.551886e-02,    1.290158e+00,   -2.073962e+00,    3.205471e+00,    2.638763e+00,   -2.896337e+00,    1.340267e+00,   -8.875248e-01,   -5.723000e-02,    4.290600e-02,    3.756700e-01,   -3.146500e-01,   -3.704700e-01,    3.253600e-01,    6.022100e-02,   -2.157400e-02,    2.808300e-02,    2.808300e-02,    2.457700e-02,    2.457700e-02,    2.457700e-02,    2.457700e-02,    2.664000e-02,    2.664000e-02,
        47,    3.981000e+02,   -4.204570e-02,    5.244178e-02,    4.784164e-01,   -3.336232e-01,   -3.296868e-01,    2.666760e-01,    3.285090e-02,   -5.749594e-02,   -8.331278e-01,   -2.887863e-01,   -5.550237e+00,    3.950282e+00,    4.652190e+00,   -4.452041e+00,    1.296462e+00,   -1.815201e-01,   -6.581400e-02,    4.420300e-02,    3.749600e-01,   -2.599900e-01,   -2.429700e-01,    1.836900e-01,    6.502000e-02,   -6.200000e-02,    2.852900e-02,    2.852900e-02,    1.864000e-02,    1.864000e-02,    1.864000e-02,    1.864000e-02,    2.481300e-02,    2.481300e-02,
        47,    6.309500e+02,   -5.798274e-02,    5.497925e-02,    5.521583e-01,   -3.953465e-01,   -3.864275e-01,    3.512847e-01,    5.243808e-02,   -5.514403e-02,   -7.435115e-01,   -1.419200e-01,   -3.506000e+00,    4.135037e+00,    2.761745e+00,   -4.384580e+00,    1.377046e+00,   -5.388403e-01,   -8.396400e-02,    5.002000e-02,    4.690100e-01,   -2.972800e-01,   -3.209300e-01,    2.473000e-01,    9.849200e-02,   -7.316500e-02,    3.494400e-02,    3.494400e-02,    2.371600e-02,    2.371600e-02,    2.371600e-02,    2.371600e-02,    3.344400e-02,    3.344400e-02,
        47,    1.000000e+03,   -7.405768e-02,    5.695240e-02,    6.307917e-01,   -4.907422e-01,   -4.620455e-01,    4.680640e-01,    6.772605e-02,   -4.996760e-02,   -7.452339e-01,    1.574744e-04,   -2.556792e+00,    5.203967e+00,    2.186616e+00,   -4.652180e+00,    1.493441e+00,   -3.464336e-01,   -1.052800e-01,    5.695900e-02,    5.564300e-01,   -3.393900e-01,   -3.984500e-01,    3.327600e-01,    1.289900e-01,   -6.417900e-02,    4.189600e-02,    4.189600e-02,    2.908400e-02,    2.908400e-02,    2.908400e-02,    2.908400e-02,    4.102200e-02,    4.102200e-02,
        48,    3.981000e+02,    6.474676e-03,    4.736958e-03,    2.341665e-01,   -2.795559e-01,   -2.455274e-01,    2.643561e-01,   -1.686751e-02,    4.042414e-03,    4.070533e-01,    4.114763e-01,    7.852257e-01,   -8.204712e-01,   -9.524423e-01,    8.898505e-01,   -6.424712e-01,    7.984935e-01,    1.104100e-02,    9.352900e-03,    2.493300e-01,   -2.954000e-01,   -2.639200e-01,    2.815400e-01,   -2.770600e-02,    1.751300e-02,    1.121800e-02,    1.121800e-02,    1.931100e-02,    1.931100e-02,    1.931100e-02,    1.931100e-02,    1.687000e-02,    1.687000e-02,
        48,    6.309500e+02,    3.381741e-03,    5.175249e-03,    2.989762e-01,   -3.644409e-01,   -3.040875e-01,    3.455286e-01,   -1.699734e-02,    3.466835e-03,    5.332506e-01,    7.952538e-01,    9.942725e-01,   -8.450452e-01,   -1.054639e+00,    6.530018e-01,   -6.883814e-01,    8.160110e-01,    1.158900e-02,    1.741500e-02,    3.236600e-01,   -3.854200e-01,   -3.302700e-01,    3.617400e-01,   -3.084000e-02,    1.987600e-02,    1.539100e-02,    1.539100e-02,    2.482600e-02,    2.482600e-02,    2.482600e-02,    2.482600e-02,    2.010900e-02,    2.010900e-02,
        48,    1.000000e+03,    7.283510e-04,    4.866890e-03,    3.782260e-01,   -4.768491e-01,   -3.782648e-01,    4.545321e-01,   -1.686137e-02,    3.463729e-03,    4.626921e-01,    1.030903e+00,    1.302669e+00,   -7.374300e-01,   -1.275243e+00,    4.399406e-01,   -9.392632e-01,    7.057111e-01,    1.002800e-02,    2.558700e-02,    4.199700e-01,   -5.004800e-01,   -4.191300e-01,    4.686300e-01,   -4.086800e-02,    2.150100e-02,    2.009900e-02,    2.009900e-02,    3.204500e-02,    3.204500e-02,    3.204500e-02,    3.204500e-02,    2.555900e-02,    2.555900e-02,
VTF,
     StaID,        Freq[Hz],     Re(Tzx)_Cal,     Im(Tzx)_Cal,     Re(Tzy)_Cal,     Im(Tzy)_Cal,     Re(Tzx)_Res,     Im(Tzx)_Res,     Re(Tzy)_Res,     Im(Tzy)_Res,     Re(Tzx)_Obs,     Im(Tzx)_Obs,     Re(Tzy)_Obs,     Im(Tzy)_Obs,      Re(Tzx)_SD,      Im(Tzx)_SD,      Re(Tzy)_SD,      Im(Tzy)_SD,
      1001,    3.981000e+02,    4.273369e-02,    1.458548e-02,    3.386726e-02,    4.382443e-02,    3.585438e-01,    6.454175e-01,    3.232480e-02,    3.886188e-01,    5.349000e-02,    3.394800e-02,    3.483700e-02,    5.548300e-02,    3.000000e-02,    3.000000e-02,    3.000000e-02,    3.000000e-02,
      1001,    6.309500e+02,    3.677437e-02,    1.269650e-02,    1.967212e-02,    3.697076e-02,   -6.121230e-02,    5.108499e-01,   -2.294706e-01,    2.897748e-01,    3.493800e-02,    2.802200e-02,    1.278800e-02,    4.566400e-02,    3.000000e-02,    3.000000e-02,    3.000000e-02,    3.000000e-02,
      1001,    1.000000e+03,    3.194878e-02,    9.807688e-03,    9.273947e-03,    2.864156e-02,   -5.174925e-01,   -1.670229e-01,   -3.114279e-01,   -3.874519e-01,    1.642400e-02,    4.797000e-03,   -6.888900e-05,    1.701800e-02,    3.000000e-02,    3.000000e-02,    3.000000e-02,    3.000000e-02,
      1002,    3.981000e+02,    1.134872e-01,    5.256382e-02,   -1.738501e-01,   -4.754896e-02,    5.142705e-02,    2.815726e-01,    6.306715e-01,   -7.386679e-01,    1.150300e-01,    6.101100e-02,   -1.549300e-01,   -6.970900e-02,    3.000000e-02,    3.000000e-02,    3.000000e-02,    3.000000e-02,
      1002,    6.309500e+02,    8.964712e-02,    5.192208e-02,   -1.483490e-01,   -5.283185e-02,   -1.755705e-01,    4.359639e-01,    7.166332e-01,   -8.786051e-01,    8.438000e-02,    6.500100e-02,   -1.268500e-01,   -7.919000e-02,    3.000000e-02,    3.000000e-02,    3.000000e-02,    3.000000e-02,
      1002,    1.000000e+03,    7.099930e-02,    4.591470e-02,   -1.264070e-01,   -4.997956e-02,   -4.693432e-01,    5.542435e-01,    8.262324e-01,   -9.327146e-01,    5.691900e-02,    6.254200e-02,   -1.016200e-01,   -7.796100e-02,    3.000000e-02,    3.000000e-02,    3.000000e-02,    3.000000e-02,
      1003,    3.981000e+02,    9.537510e-02,    1.258581e-02,   -1.069173e-01,   -3.237607e-02,    2.528300e-01,    3.255397e-01,    7.190916e-02,   -3.427642e-01,    1.029600e-01,    2.235200e-02,   -1.047600e-01,   -4.265900e-02,    3.000000e-02,    3.000000e-02,    3.000000e-02,    3.000000e-02,
      1003,    6.309500e+02,    8.633294e-02,    2.360140e-02,   -9.299060e-02,   -3.769281e-02,    2.050354e-01,    2.184867e-01,    1.486535e-01,   -4.699062e-01,    9.248400e-02,    3.015600e-02,   -8.853100e-02,   -5.179000e-02,    3.000000e-02,    3.000000e-02,    3.000000e-02,    3.000000e-02,
      1003,    1.000000e+03,    7.339413e-02,    2.968860e-02,   -7.816607e-02,   -4.006264e-02,    1.207622e-01,    1.475799e-01,    4.201691e-01,   -6.207118e-01,    7.701700e-02,    3.411600e-02,   -6.556100e-02,   -5.868400e-02,    3.000000e-02,    3.000000e-02,    3.000000e-02,    3.000000e-02,
      1004,    3.981000e+02,   -7.055717e-02,    2.102508e-02,    8.418712e-02,    1.155785e-01,    3.151390e-01,   -7.742192e-01,    5.143961e-01,    1.120495e-01,   -6.110300e-02,   -2.201500e-03,    9.961900e-02,    1.189400e-01,    3.000000e-02,    3.000000e-02,    3.000000e-02,    3.000000e-02,
      1004,    6.309500e+02,   -7.851689e-02,    1.749989e-02,    4.898366e-02,    1.134599e-01,    1.441963e-01,   -5.296296e-01,    3.724779e-01,    3.006715e-01,   -7.419100e-02,    1.611000e-03,    6.015800e-02,    1.224800e-01,    3.000000e-02,    3.000000e-02,    3.000000e-02,    3.000000e-02,
      1004,    1.000000e+03,   -8.466208e-02,    1.225507e-02,    1.183415e-02,    1.079144e-01,    1.516693e-01,    1.495431e+00,   -1.486172e+00,   -2.231474e-01,   -8.011200e-02,    5.711800e-02,   -3.275100e-02,    1.012200e-01,    3.000000e-02,    3.000000e-02,    3.000000e-02,    3.000000e-02,
      1005,    3.981000e+02,   -3.057020e-02,    3.168740e-02,    3.576160e-02,    6.089032e-02,   -3.884935e-01,    1.886153e+00,   -3.170533e-01,    1.082423e+00,   -4.222500e-02,    8.827200e-02,    2.625000e-02,    9.336300e-02,    3.000000e-02,    3.000000e-02,    3.000000e-02,    3.000000e-02,
      1005,    6.309500e+02,   -3.907825e-02,    2.344182e-02,    1.473669e-02,    4.840387e-02,   -1.255992e+00,    2.231573e+00,   -5.996064e-01,    1.376771e+00,   -7.675800e-02,    9.038900e-02,   -3.251500e-03,    8.970700e-02,    3.000000e-02,    3.000000e-02,    3.000000e-02,    3.000000e-02,
      1005,    1.000000e+03,   -4.422474e-02,    1.472001e-02,    2.327687e-03,    3.380186e-02,   -2.232509e+00,    2.175433e+00,   -1.482656e+00,    1.440671e+00,   -1.112000e-01,    7.998300e-02,   -4.215200e-02,    7.702200e-02,    3.000000e-02,    3.000000e-02,    3.000000e-02,    3.000000e-02,
      1006,    3.981000e+02,   -2.821944e-02,    7.981282e-03,    1.909323e-02,   -1.372024e-02,   -3.201520e-01,   -9.588274e-02,   -5.474112e-02,    4.231879e-01,   -3.782400e-02,    5.104800e-03,    1.745100e-02,   -1.024600e-03,    3.000000e-02,    3.000000e-02,    3.000000e-02,    3.000000e-02,
      1006,    6.309500e+02,   -2.585716e-02,    1.449886e-02,    1.882173e-02,   -1.173347e-02,   -3.888613e-01,   -7.858187e-01,    2.351091e-01,    7.406155e-01,   -3.752300e-02,   -9.075700e-03,    2.587500e-02,    1.048500e-02,    3.000000e-02,    3.000000e-02,    3.000000e-02,    3.000000e-02,
      1006,    1.000000e+03,   -3.009512e-02,    2.466740e-02,    1.825979e-02,   -1.520162e-02,   -4.462932e-02,   -1.586313e+00,    4.561737e-01,    1.428221e+00,   -3.143400e-02,   -2.292200e-02,    3.194500e-02,    2.764500e-02,    3.000000e-02,    3.000000e-02,    3.000000e-02,    3.000000e-02,
      1007,    3.981000e+02,   -2.173855e-02,   -1.498812e-02,   -3.857541e-02,    2.426421e-02,   -1.198151e-02,   -9.062703e-03,   -7.135301e-02,    2.393597e-01,   -2.209800e-02,   -1.526000e-02,   -4.071600e-02,    3.144500e-02,    3.000000e-02,    3.000000e-02,    3.000000e-02,    3.000000e-02,
      1007,    6.309500e+02,   -2.128826e-02,   -7.335009e-03,   -3.573416e-02,    9.697551e-03,    5.594197e-02,    9.692697e-02,   -2.980281e-01,    9.041498e-02,   -1.961000e-02,   -4.427200e-03,   -4.467500e-02,    1.241000e-02,    3.000000e-02,    3.000000e-02,    3.000000e-02,    3.000000e-02,
      1007,    1.000000e+03,   -2.244780e-02,   -3.866671e-03,   -3.075608e-02,    3.059875e-03,    1.666009e-02,    2.645957e-01,   -3.372641e-01,   -1.816892e-01,   -2.194800e-02,    4.071200e-03,   -4.087400e-02,   -2.390800e-03,    3.000000e-02,    3.000000e-02,    3.000000e-02,    3.000000e-02,
      1008,    3.981000e+02,   -3.949982e-03,    6.430508e-02,   -2.136408e-02,   -5.219750e-02,   -4.935339e-01,    9.959638e-01,   -8.935308e-01,   -2.910834e-01,   -1.875600e-02,    9.418400e-02,   -4.817000e-02,   -6.093000e-02,    3.000000e-02,    3.000000e-02,    3.000000e-02,    3.000000e-02,
      1008,    6.309500e+02,   -2.735777e-02,    5.928590e-02,   -1.818280e-03,   -5.278174e-02,   -8.194409e-01,    6.628366e-01,   -7.906907e-01,   -1.431275e+00,   -5.194100e-02,    7.917100e-02,   -2.553900e-02,   -9.572000e-02,    3.000000e-02,    3.000000e-02,    3.000000e-02,    3.000000e-02,
      1008,    1.000000e+03,   -4.802241e-02,    5.000393e-02,    1.714019e-02,   -4.944900e-02,   -6.223530e-01,    4.305022e-01,    3.056269e-01,   -2.004700e+00,   -6.669300e-02,    6.291900e-02,    2.630900e-02,   -1.095900e-01,    3.000000e-02,    3.000000e-02,    3.000000e-02,    3.000000e-02,
      1010,    3.981000e+02,   -4.075631e-02,   -2.890163e-02,   -1.350090e-02,    1.805253e-02,    2.955435e-01,   -9.011225e-02,   -2.550699e-01,   -2.011175e-01,   -3.189000e-02,   -3.160500e-02,   -2.115300e-02,    1.201900e-02,    3.000000e-02,    3.000000e-02,    3.000000e-02,    3.000000e-02,
      1010,    6.309500e+02,   -2.881166e-02,   -2.682844e-02,   -1.678090e-02,    1.217835e-02,    2.656555e-01,    6.628142e-02,   -2.297368e-01,   -3.171416e-01,   -2.084200e-02,   -2.484000e-02,   -2.367300e-02,    2.664100e-03,    3.000000e-02,    3.000000e-02,    3.000000e-02,    3.000000e-02,
      1010,    1.000000e+03,   -2.025675e-02,   -2.345878e-02,   -1.823282e-02,    7.556081e-03,    2.222583e-01,    3.099268e-02,    2.656076e-02,   -3.173360e-01,   -1.358900e-02,   -2.252900e-02,   -1.743600e-02,   -1.964000e-03,    3.000000e-02,    3.000000e-02,    3.000000e-02,    3.000000e-02,
      1011,    3.981000e+02,    3.830555e-02,    2.254107e-02,    3.011198e-02,   -2.660036e-02,    2.320816e-01,    6.545975e-01,    7.216741e-02,   -9.645548e-01,    4.526800e-02,    4.217900e-02,    3.227700e-02,   -5.553700e-02,    3.000000e-02,    3.000000e-02,    3.000000e-02,    3.000000e-02,
      1011,    6.309500e+02,    3.313222e-02,    2.106890e-02,    4.002052e-02,   -1.657630e-02,   -7.540746e-02,    6.873033e-01,    5.166827e-01,   -1.605390e+00,    3.087000e-02,    4.168800e-02,    5.552100e-02,   -6.473800e-02,    3.000000e-02,    3.000000e-02,    3.000000e-02,    3.000000e-02,
      1011,    1.000000e+03,    2.821541e-02,    2.008914e-02,    4.414557e-02,   -4.447977e-03,   -3.500803e-01,    9.961287e-01,    1.610014e+00,   -2.473001e+00,    1.771300e-02,    4.997300e-02,    9.244600e-02,   -7.863800e-02,    3.000000e-02,    3.000000e-02,    3.000000e-02,    3.000000e-02,
      1012,    3.981000e+02,    5.847366e-02,    6.897386e-03,   -1.261179e-02,    1.045220e-02,    2.396115e-01,    1.920205e-01,   -2.786072e-01,    5.676935e-01,    6.566200e-02,    1.265800e-02,   -2.097000e-02,    2.748300e-02,    3.000000e-02,    3.000000e-02,    3.000000e-02,    3.000000e-02,
      1012,    6.309500e+02,    5.510467e-02,    4.299778e-03,   -1.616614e-02,    1.479028e-02,   -1.775891e-01,   -3.118793e-01,   -1.588620e-01,    6.024239e-01,    4.977700e-02,   -5.056600e-03,   -2.093200e-02,    3.286300e-02,    3.000000e-02,    3.000000e-02,    3.000000e-02,    3.000000e-02,
      1012,    1.000000e+03,    5.305093e-02,   -3.896814e-04,   -2.071368e-02,    1.933649e-02,   -2.431644e-01,   -4.560106e-01,    1.964893e-01,    1.241502e-01,    4.575600e-02,   -1.407000e-02,   -1.481900e-02,    2.306100e-02,    3.000000e-02,    3.000000e-02,    3.000000e-02,    3.000000e-02,
      1013,    3.981000e+02,   -3.980058e-02,   -3.603738e-02,   -2.209195e-01,   -1.940204e-01,   -1.779808e-01,   -1.540721e+00,   -1.515017e+00,   -1.140987e+00,   -4.514000e-02,   -8.225900e-02,   -2.663700e-01,   -2.282500e-01,    3.000000e-02,    3.000000e-02,    3.000000e-02,    3.000000e-02,
      1013,    6.309500e+02,   -3.169544e-02,   -2.098447e-02,   -1.603817e-01,   -1.755671e-01,   -1.462185e-01,   -1.784584e+00,   -1.758278e+00,    5.995704e-01,   -3.608200e-02,   -7.452200e-02,   -2.131300e-01,   -1.575800e-01,    3.000000e-02,    3.000000e-02,    3.000000e-02,    3.000000e-02,
      1013,    1.000000e+03,   -2.818901e-02,   -5.795510e-03,   -1.106868e-01,   -1.562735e-01,    2.273356e-02,   -2.596816e+00,   -3.369441e+00,    2.193652e+00,   -2.750700e-02,   -8.370000e-02,   -2.117700e-01,   -9.046400e-02,    3.000000e-02,    3.000000e-02,    3.000000e-02,    3.000000e-02,
      1014,    3.981000e+02,   -1.615903e-01,    8.853407e-02,   -6.116762e-02,   -2.849896e-02,   -1.619884e-01,   -7.934691e-01,    2.436208e-01,    1.556399e+00,   -1.664500e-01,    6.473000e-02,   -5.385900e-02,    1.819300e-02,    3.000000e-02,    3.000000e-02,    3.000000e-02,    3.000000e-02,
      1014,    6.309500e+02,   -1.773977e-01,    6.794782e-02,   -4.916003e-02,   -1.983461e-02,    4.729249e-01,   -1.127594e+00,   -7.831323e-01,    1.772854e+00,   -1.632100e-01,    3.412000e-02,   -7.265400e-02,    3.335100e-02,    3.000000e-02,    3.000000e-02,    3.000000e-02,    3.000000e-02,
      1014,    1.000000e+03,   -1.880528e-01,    5.512156e-02,   -4.674886e-02,   -9.851380e-03,    1.091426e+00,   -1.005852e+00,   -1.517805e+00,    1.363079e+00,   -1.553100e-01,    2.494600e-02,   -9.228300e-02,    3.104100e-02,    3.000000e-02,    3.000000e-02,    3.000000e-02,    3.000000e-02,
      1015,    3.981000e+02,   -2.485973e-02,   -2.508147e-02,   -3.904160e-02,   -3.885964e-03,   -4.808424e-01,   -5.306511e-01,    1.975200e-01,    4.410455e-01,   -3.928500e-02,   -4.100100e-02,   -3.311600e-02,    9.345400e-03,    3.000000e-02,    3.000000e-02,    3.000000e-02,    3.000000e-02,
      1015,    6.309500e+02,   -1.641332e-02,   -2.401641e-02,   -3.776479e-02,   -6.525354e-03,   -1.482023e+00,   -1.028720e+00,   -1.151507e+00,   -1.439882e-01,   -6.087400e-02,   -5.487800e-02,   -7.231000e-02,   -1.084500e-02,    3.000000e-02,    3.000000e-02,    3.000000e-02,    3.000000e-02,
      1016,    3.981000e+02,   -1.476920e-01,   -7.230776e-03,    2.402891e-02,   -2.153512e-02,   -1.397599e+00,   -9.694075e-01,    7.240304e-02,    2.181708e-01,   -1.896200e-01,   -3.631300e-02,    2.620100e-02,   -1.499000e-02,    3.000000e-02,    3.000000e-02,    3.000000e-02,    3.000000e-02,
      1016,    6.309500e+02,   -1.396715e-01,   -2.151021e-02,    2.965110e-02,   -1.620653e-02,   -1.137284e+00,   -4.296262e-01,   -1.031700e-01,    1.038510e-01,   -1.737900e-01,   -3.439900e-02,    2.655600e-02,   -1.309100e-02,    3.000000e-02,    3.000000e-02,    3.000000e-02,    3.000000e-02,
      1016,    1.000000e+03,   -1.273751e-01,   -3.250161e-02,    3.327300e-02,   -1.079771e-02,   -7.124958e-01,    3.768708e-02,   -2.051667e-01,    2.369044e-02,   -1.487500e-01,   -3.137100e-02,    2.711800e-02,   -1.008700e-02,    3.000000e-02,    3.000000e-02,    3.000000e-02,    3.000000e-02,
      1017,    3.981000e+02,    1.700500e-01,    1.137502e-03,    2.791944e-01,    3.376966e-02,    3.863318e-01,    3.492166e-01,   -1.108119e-01,   -4.072219e-01,    1.816400e-01,    1.161400e-02,    2.758700e-01,    2.155300e-02,    3.000000e-02,    3.000000e-02,    3.000000e-02,    3.000000e-02,
      1017,    6.309500e+02,    1.722710e-01,    1.860443e-02,    2.656954e-01,    5.921433e-02,    5.879658e-01,    4.729857e-01,   -9.218048e-02,   -9.960777e-01,    1.899100e-01,    3.279400e-02,    2.629300e-01,    2.933200e-02,    3.000000e-02,    3.000000e-02,    3.000000e-02,    3.000000e-02,
      1017,    1.000000e+03,    1.663403e-01,    4.160655e-02,    2.427095e-01,    8.580293e-02,   -1.670098e-01,    2.130818e-01,    1.031017e+00,   -1.998698e+00,    1.613300e-01,    4.799900e-02,    2.736400e-01,    2.584200e-02,    3.000000e-02,    3.000000e-02,    3.000000e-02,    3.000000e-02,
      1018,    3.981000e+02,    3.544486e-02,   -2.714945e-02,   -1.407057e-01,    4.978310e-03,   -1.493619e-01,    4.291816e-01,    1.031905e-01,   -5.207103e-01,    3.096400e-02,   -1.427400e-02,   -1.376100e-01,   -1.064300e-02,    3.000000e-02,    3.000000e-02,    3.000000e-02,    3.000000e-02,
      1018,    6.309500e+02,    4.332176e-02,   -1.525893e-02,   -1.368498e-01,   -2.284251e-02,    2.107275e+00,    7.681876e-01,   -2.646341e+00,   -1.681383e+00,    1.065400e-01,    7.786700e-03,   -2.162400e-01,   -7.328400e-02,    3.000000e-02,    3.000000e-02,    3.000000e-02,    3.000000e-02,
      1018,    1.000000e+03,    4.537321e-02,   -3.575930e-03,   -1.201176e-01,   -4.506978e-02,    3.559226e+00,    5.815310e-01,   -4.376746e+00,   -2.159007e+00,    1.521500e-01,    1.387000e-02,   -2.514200e-01,   -1.098400e-01,    3.000000e-02,    3.000000e-02,    3.000000e-02,    3.000000e-02,
      1019,    3.981000e+02,   -2.659328e-01,   -4.821747e-02,    1.617643e-01,    8.751482e-03,   -2.590655e-02,   -3.412418e+00,   -2.583111e+00,    1.599506e-01,   -2.667100e-01,   -1.505900e-01,    8.427100e-02,    1.355000e-02,    3.000000e-02,    3.000000e-02,    3.000000e-02,    3.000000e-02,
      1019,    6.309500e+02,   -2.405836e-01,   -5.089128e-02,    1.551077e-01,    1.104322e-02,   -9.192138e-01,   -2.624957e+00,    2.211077e+00,   -8.077074e-01,   -2.681600e-01,   -1.296400e-01,    2.214400e-01,   -1.318800e-02,    3.000000e-02,    3.000000e-02,    3.000000e-02,    3.000000e-02,
      1020,    3.981000e+02,   -7.147817e-02,    8.801357e-03,   -3.851425e-02,    1.625769e-03,   -2.146945e-01,    1.623881e-01,    1.399083e-01,   -6.696531e-02,   -7.791900e-02,    1.367300e-02,   -3.431700e-02,   -3.831900e-04,    3.000000e-02,    3.000000e-02,    3.000000e-02,    3.000000e-02,
      1020,    6.309500e+02,   -7.663011e-02,    1.935953e-02,   -4.048761e-02,   -1.552191e-03,   -5.657630e-01,   -3.849910e-01,    2.311538e-01,   -2.214003e-01,   -9.360300e-02,    7.809800e-03,   -3.355300e-02,   -8.194200e-03,    3.000000e-02,    3.000000e-02,    3.000000e-02,    3.000000e-02,
      1020,    1.000000e+03,   -8.570290e-02,    2.697338e-02,   -4.145182e-02,   -6.700056e-03,   -1.089903e+00,   -9.478659e-01,    3.035941e-01,   -4.615315e-01,   -1.184000e-01,   -1.462600e-03,   -3.234400e-02,   -2.054600e-02,    3.000000e-02,    3.000000e-02,    3.000000e-02,    3.000000e-02,
      1021,    3.981000e+02,    8.363169e-02,    1.468202e-02,   -4.919071e-02,    1.024218e-02,   -1.635650e-02,   -1.322667e+00,    2.607570e-01,    4.161606e-01,    8.314100e-02,   -2.499800e-02,   -4.136800e-02,    2.272700e-02,    3.000000e-02,    3.000000e-02,    3.000000e-02,    3.000000e-02,
      1021,    6.309500e+02,    7.859660e-02,    1.225822e-02,   -5.234823e-02,    8.874318e-03,    1.630780e+00,   -1.074941e+00,    3.291409e-01,    4.382561e-01,    1.275200e-01,   -1.999000e-02,   -4.247400e-02,    2.202200e-02,    3.000000e-02,    3.000000e-02,    3.000000e-02,    3.000000e-02,
      1021,    1.000000e+03,    7.371186e-02,    8.450569e-03,   -5.537204e-02,    6.345418e-03,    2.301271e+00,   -2.370123e-01,    4.899015e-01,    5.696194e-01,    1.427500e-01,    1.340200e-03,   -4.067500e-02,    2.343400e-02,    3.000000e-02,    3.000000e-02,    3.000000e-02,    3.000000e-02,
      1022,    3.981000e+02,    2.477541e-02,   -2.544127e-02,    5.146810e-02,   -1.080921e-02,    8.496863e-01,   -3.175763e-02,   -7.983658e-02,    4.259738e-01,    5.026600e-02,   -2.639400e-02,    4.907300e-02,    1.970000e-03,    3.000000e-02,    3.000000e-02,    3.000000e-02,    3.000000e-02,
      1022,    6.309500e+02,    3.633971e-02,   -3.010650e-02,    5.791771e-02,   -1.492131e-02,    7.212763e-01,    1.178803e+00,   -4.273238e-01,    7.015471e-01,    5.797800e-02,    5.257600e-03,    4.509800e-02,    6.125100e-03,    3.000000e-02,    3.000000e-02,    3.000000e-02,    3.000000e-02,
      1022,    1.000000e+03,    4.846716e-02,   -3.202724e-02,    6.569854e-02,   -1.637429e-02,   -4.651055e-01,    4.029745e-01,   -4.916848e-01,    8.243464e-01,    3.451400e-02,   -1.993800e-02,    5.094800e-02,    8.356100e-03,    3.000000e-02,    3.000000e-02,    3.000000e-02,    3.000000e-02,
      1023,    3.981000e+02,    9.297113e-02,   -1.480634e-02,   -1.208316e-01,    3.856875e-03,    6.612897e-02,   -7.653887e-01,   -1.544947e+00,   -7.478958e-01,    9.495500e-02,   -3.776800e-02,   -1.671800e-01,   -1.858000e-02,    3.000000e-02,    3.000000e-02,    3.000000e-02,    3.000000e-02,
      1023,    6.309500e+02,    9.837381e-02,   -5.442757e-03,   -1.172749e-01,   -5.219361e-03,    1.272873e+00,   -4.898081e-01,   -9.168356e-01,   -1.230988e+00,    1.365600e-01,   -2.013700e-02,   -1.447800e-01,   -4.214900e-02,    3.000000e-02,    3.000000e-02,    3.000000e-02,    3.000000e-02,
      1023,    1.000000e+03,    9.770644e-02,    4.516876e-03,   -1.112762e-01,   -1.104026e-02,    2.156785e+00,   -2.762959e-01,   -2.501279e-01,   -1.402591e+00,    1.624100e-01,   -3.772000e-03,   -1.187800e-01,   -5.311800e-02,    3.000000e-02,    3.000000e-02,    3.000000e-02,    3.000000e-02,
      1024,    3.981000e+02,   -8.797728e-02,    3.742728e-02,    1.301464e-01,    3.155802e-02,   -2.139572e-01,    7.413572e-01,    6.371194e-01,   -1.747934e+00,   -9.439600e-02,    5.966800e-02,    1.492600e-01,   -2.088000e-02,    3.000000e-02,    3.000000e-02,    3.000000e-02,    3.000000e-02,
      1024,    6.309500e+02,   -9.744176e-02,    2.479267e-02,    1.134639e-01,    4.275276e-02,   -4.812746e-01,    1.077411e+00,    1.691869e+00,   -2.875859e+00,   -1.118800e-01,    5.711500e-02,    1.642200e-01,   -4.352300e-02,    3.000000e-02,    3.000000e-02,    3.000000e-02,    3.000000e-02,
      1025,    3.981000e+02,    2.505167e-02,    3.745375e-02,    6.346543e-02,   -2.573011e-02,    3.103776e-01,   -1.817125e+00,    9.964855e-01,    8.576137e-01,    3.436300e-02,   -1.706000e-02,    9.336000e-02,   -1.695700e-06,    3.000000e-02,    3.000000e-02,    3.000000e-02,    3.000000e-02,
      1025,    6.309500e+02,    1.220333e-02,    3.894863e-02,    5.575324e-02,   -8.899211e-04,    6.188223e-01,   -1.767288e+00,    1.084992e+00,    3.783370e-03,    3.076800e-02,   -1.407000e-02,    8.830300e-02,   -7.764200e-04,    3.000000e-02,    3.000000e-02,    3.000000e-02,    3.000000e-02,
      1025,    1.000000e+03,   -3.333407e-04,    3.881098e-02,    4.292416e-02,    9.520692e-03,    1.161445e+00,   -1.591023e+00,    1.571261e+00,   -9.715564e-01,    3.451000e-02,   -8.919700e-03,    9.006200e-02,   -1.962600e-02,    3.000000e-02,    3.000000e-02,    3.000000e-02,    3.000000e-02,
      1026,    3.981000e+02,    2.811767e-02,   -1.356332e-02,    4.325191e-02,    2.379696e-02,    4.401115e-02,    3.373707e-01,   -1.733304e-01,   -1.000319e-01,    2.943800e-02,   -3.442200e-03,    3.805200e-02,    2.079600e-02,    3.000000e-02,    3.000000e-02,    3.000000e-02,    3.000000e-02,
      1026,    6.309500e+02,    3.238750e-02,   -1.228679e-02,    3.272879e-02,    2.635158e-02,   -3.535834e-01,    3.939291e-02,    1.823737e-01,   -5.835092e-01,    2.178000e-02,   -1.110500e-02,    3.820000e-02,    8.846300e-03,    3.000000e-02,    3.000000e-02,    3.000000e-02,    3.000000e-02,
      1026,    1.000000e+03,    3.550273e-02,   -1.141295e-02,    2.229012e-02,    2.668893e-02,   -7.573910e-01,   -1.668350e-01,   -1.137041e-01,   -1.014194e+00,    1.278100e-02,   -1.641800e-02,    1.887900e-02,   -3.736900e-03,    3.000000e-02,    3.000000e-02,    3.000000e-02,    3.000000e-02,
      1027,    3.981000e+02,   -1.294327e-01,    6.265706e-02,   -1.295329e-01,   -2.142333e-02,    2.037561e-01,   -2.490019e-01,    5.064299e-01,   -4.108557e-01,   -1.233200e-01,    5.518700e-02,   -1.143400e-01,   -3.374900e-02,    3.000000e-02,    3.000000e-02,    3.000000e-02,    3.000000e-02,
      1027,    6.309500e+02,   -1.494026e-01,    4.783761e-02,   -1.133480e-01,   -4.448813e-02,    5.017528e-01,   -6.773869e-01,    6.106008e-01,    2.233711e-01,   -1.343500e-01,    2.751600e-02,   -9.503000e-02,   -3.778700e-02,    3.000000e-02,    3.000000e-02,    3.000000e-02,    3.000000e-02,
      1027,    1.000000e+03,   -1.620542e-01,    2.990561e-02,   -9.103558e-02,   -6.055528e-02,    9.874726e-01,   -8.279138e-01,    3.087525e-01,    5.777426e-01,   -1.324300e-01,    5.068200e-03,   -8.177300e-02,   -4.322300e-02,    3.000000e-02,    3.000000e-02,    3.000000e-02,    3.000000e-02,
      1028,    3.981000e+02,   -4.734347e-02,    2.522431e-03,   -1.353058e-01,    1.901551e-03,   -4.528177e-01,    2.133523e-01,   -3.380502e-02,    2.463250e-01,   -6.092800e-02,    8.923000e-03,   -1.363200e-01,    9.291300e-03,    3.000000e-02,    3.000000e-02,    3.000000e-02,    3.000000e-02,
      1028,    6.309500e+02,   -4.095283e-02,    6.194153e-05,   -1.347391e-01,   -6.699772e-03,   -6.600724e-01,   -5.698981e-01,   -5.469606e-02,    8.535257e-01,   -6.075500e-02,   -1.703500e-02,   -1.363800e-01,    1.890600e-02,    3.000000e-02,    3.000000e-02,    3.000000e-02,    3.000000e-02,
      1028,    1.000000e+03,   -3.404853e-02,    5.892231e-03,   -1.339532e-01,   -1.778489e-02,   -5.068492e-01,   -1.148608e+00,   -3.698935e-01,    1.744496e+00,   -4.925400e-02,   -2.856600e-02,   -1.450500e-01,    3.455000e-02,    3.000000e-02,    3.000000e-02,    3.000000e-02,    3.000000e-02,
      1029,    3.981000e+02,   -3.993105e-02,   -4.594290e-03,    1.835753e-02,   -6.138837e-02,    5.877017e-01,    2.316597e-01,   -4.718428e-02,    7.828124e-01,   -2.230000e-02,    2.355500e-03,    1.694200e-02,   -3.790400e-02,    3.000000e-02,    3.000000e-02,    3.000000e-02,    3.000000e-02,
      1029,    6.309500e+02,   -3.341417e-02,   -8.931329e-03,    4.799901e-02,   -7.059010e-02,    4.237392e-01,    4.439376e-01,   -4.899004e-01,    1.173103e+00,   -2.070200e-02,    4.386800e-03,    3.330200e-02,   -3.539700e-02,    3.000000e-02,    3.000000e-02,    3.000000e-02,    3.000000e-02,
      1029,    1.000000e+03,   -2.631931e-02,   -8.635496e-03,    7.649745e-02,   -6.773803e-02,   -4.497565e-01,    5.854932e-01,   -1.094648e+00,    1.226968e+00,   -3.981200e-02,    8.929300e-03,    4.365800e-02,   -3.092900e-02,    3.000000e-02,    3.000000e-02,    3.000000e-02,    3.000000e-02,
      1030,    3.981000e+02,   -6.436575e-02,    1.043904e-03,    9.288578e-02,    1.900048e-03,   -3.005415e-01,    1.817432e-01,   -1.755593e-01,   -7.923683e-01,   -7.338200e-02,    6.496200e-03,    8.761900e-02,   -2.187100e-02,    3.000000e-02,    3.000000e-02,    3.000000e-02,    3.000000e-02,
      1030,    6.309500e+02,   -6.713975e-02,    1.004035e-02,    9.534313e-02,   -8.263826e-03,   -3.130418e-01,   -2.160499e-02,    2.109557e-02,   -6.589725e-01,   -7.653100e-02,    9.392200e-03,    9.597600e-02,   -2.803300e-02,    3.000000e-02,    3.000000e-02,    3.000000e-02,    3.000000e-02,
      1030,    1.000000e+03,   -7.213156e-02,    1.692614e-02,    1.023772e-01,   -1.496938e-02,   -2.064148e-01,   -1.859048e-01,    1.544266e-01,   -4.215539e-01,   -7.832400e-02,    1.134900e-02,    1.070100e-01,   -2.761600e-02,    3.000000e-02,    3.000000e-02,    3.000000e-02,    3.000000e-02,
      1031,    3.981000e+02,   -3.269901e-02,   -1.602149e-03,    5.214835e-02,   -2.619270e-02,    5.191671e-01,    3.529630e-02,    2.085550e-01,    3.995901e-01,   -1.712400e-02,   -5.432600e-04,    5.840500e-02,   -1.420500e-02,    3.000000e-02,    3.000000e-02,    3.000000e-02,    3.000000e-02,
      1031,    6.309500e+02,   -2.811007e-02,    1.340166e-03,    6.148504e-02,   -2.700832e-02,   -4.149777e-02,    2.011178e-01,    5.604986e-01,    1.082594e+00,   -2.935500e-02,    7.373700e-03,    7.830000e-02,    5.469500e-03,    3.000000e-02,    3.000000e-02,    3.000000e-02,    3.000000e-02,
      1031,    1.000000e+03,   -2.778483e-02,    7.101407e-03,    7.069758e-02,   -2.639992e-02,   -6.971055e-01,    4.264198e-01,    1.302081e+00,    2.099431e+00,   -4.869800e-02,    1.989400e-02,    1.097600e-01,    3.658300e-02,    3.000000e-02,    3.000000e-02,    3.000000e-02,    3.000000e-02,
      1032,    3.981000e+02,   -3.991103e-02,    1.522369e-02,    1.021291e-02,    1.354583e-02,   -1.088232e+00,   -4.129264e-01,   -9.771303e-01,   -2.533411e-01,   -7.255800e-02,    2.835900e-03,   -1.910100e-02,    5.945600e-03,    3.000000e-02,    3.000000e-02,    3.000000e-02,    3.000000e-02,
      1032,    6.309500e+02,   -3.185568e-02,   -6.678136e-03,    6.694161e-03,    1.733735e-02,   -8.750106e-01,   -1.988288e-01,   -1.100339e+00,    1.060217e-01,   -5.810600e-02,   -1.264300e-02,   -2.631600e-02,    2.051800e-02,    3.000000e-02,    3.000000e-02,    3.000000e-02,    3.000000e-02,
      1032,    1.000000e+03,   -2.173860e-02,   -1.786242e-02,   -3.657482e-04,    2.140698e-02,   -1.455447e+00,    1.303139e-01,   -1.240942e+00,    6.172342e-01,   -6.540200e-02,   -1.395300e-02,   -3.759400e-02,    3.992400e-02,    3.000000e-02,    3.000000e-02,    3.000000e-02,    3.000000e-02,
      1033,    3.981000e+02,   -7.672341e-02,    5.870603e-03,   -6.219617e-02,   -1.989029e-02,   -6.268644e-02,    1.647466e-01,    7.472443e-03,   -7.642360e-02,   -7.860400e-02,    1.081300e-02,   -6.197200e-02,   -2.218300e-02,    3.000000e-02,    3.000000e-02,    3.000000e-02,    3.000000e-02,
      1033,    6.309500e+02,   -7.705926e-02,    1.171498e-02,   -5.643148e-02,   -2.350707e-02,    3.035420e-01,    1.119340e-01,    1.609495e-01,    6.533023e-01,   -6.795300e-02,    1.507300e-02,   -5.160300e-02,   -3.908000e-03,    3.000000e-02,    3.000000e-02,    3.000000e-02,    3.000000e-02,
      1034,    3.981000e+02,    1.076109e-02,   -8.671283e-02,    1.677901e-03,   -1.286954e-01,    1.060330e+00,    5.370278e-01,    2.477933e-01,   -4.194878e-01,    4.257100e-02,   -7.060200e-02,    9.111700e-03,   -1.412800e-01,    3.000000e-02,    3.000000e-02,    3.000000e-02,    3.000000e-02,
      1034,    6.309500e+02,    3.555568e-02,   -6.848005e-02,    4.241274e-02,   -1.057535e-01,    2.942440e-01,    7.171015e-01,    3.637753e-01,   -1.472165e-01,    4.438300e-02,   -4.696700e-02,    5.332600e-02,   -1.101700e-01,    3.000000e-02,    3.000000e-02,    3.000000e-02,    3.000000e-02,
      1034,    1.000000e+03,    5.353645e-02,   -4.830817e-02,    7.132559e-02,   -7.961852e-02,   -1.232615e+00,    6.837390e-01,   -4.400863e-01,    2.787841e-01,    1.655800e-02,   -2.779600e-02,    5.812300e-02,   -7.125500e-02,    3.000000e-02,    3.000000e-02,    3.000000e-02,    3.000000e-02,
      1035,    6.309500e+02,    7.628840e-03,   -4.950164e-02,    2.923740e-02,    7.741244e-02,    3.799720e-01,    4.925880e-01,    5.545867e-01,    2.991919e+00,    1.902800e-02,   -3.472400e-02,    4.587500e-02,    1.671700e-01,    3.000000e-02,    3.000000e-02,    3.000000e-02,    3.000000e-02,
      1036,    3.981000e+02,   -1.266513e-01,    5.024416e-02,    1.460755e-01,    4.035813e-02,    1.585409e+00,   -5.195720e-01,    2.393817e+00,    1.700996e+00,   -7.908900e-02,    3.465700e-02,    2.178900e-01,    9.138800e-02,    3.000000e-02,    3.000000e-02,    3.000000e-02,    3.000000e-02,
      1036,    6.309500e+02,   -1.347700e-01,    4.290405e-02,    1.310437e-01,    3.651505e-02,    2.060100e+00,    4.084982e-01,    2.552544e+00,    8.923983e-01,   -7.296700e-02,    5.515900e-02,    2.076200e-01,    6.328700e-02,    3.000000e-02,    3.000000e-02,    3.000000e-02,    3.000000e-02,
      1036,    1.000000e+03,   -1.433510e-01,    3.752126e-02,    1.164868e-01,    2.940979e-02,    2.303699e+00,    5.532913e-01,    2.630439e+00,    1.185274e+00,   -7.424000e-02,    5.412000e-02,    1.954000e-01,    6.496800e-02,    3.000000e-02,    3.000000e-02,    3.000000e-02,    3.000000e-02,
      1037,    3.981000e+02,   -2.510558e-02,    1.237795e-02,   -1.458910e-01,   -5.873145e-02,    1.186253e+00,    8.227685e-01,   -7.349674e-01,    5.869152e-01,    1.048200e-02,    3.706100e-02,   -1.679400e-01,   -4.112400e-02,    3.000000e-02,    3.000000e-02,    3.000000e-02,    3.000000e-02,
      1037,    6.309500e+02,   -3.073007e-02,    2.342178e-02,   -1.405864e-01,   -5.285008e-02,   -3.350310e-01,    7.507074e-01,   -1.250452e+00,   -7.109305e-01,   -4.078100e-02,    4.594300e-02,   -1.781000e-01,   -7.417800e-02,    3.000000e-02,    3.000000e-02,    3.000000e-02,    3.000000e-02,
      1037,    1.000000e+03,   -4.051048e-02,    2.905684e-02,   -1.296893e-01,   -5.488604e-02,   -1.600084e+00,    7.472719e-01,   -7.530240e-01,   -6.028653e-01,   -8.851300e-02,    5.147500e-02,   -1.522800e-01,   -7.297200e-02,    3.000000e-02,    3.000000e-02,    3.000000e-02,    3.000000e-02,
      1039,    3.981000e+02,    7.554833e-03,    8.368504e-02,   -2.666647e-02,    6.182964e-02,   -7.124443e-02,    1.863321e-01,    2.612823e-01,    2.422119e-01,    5.417500e-03,    8.927500e-02,   -1.882800e-02,    6.909600e-02,    3.000000e-02,    3.000000e-02,    3.000000e-02,    3.000000e-02,
      1039,    6.309500e+02,   -2.028168e-02,    6.978312e-02,   -3.921088e-02,    3.990822e-02,   -5.315439e-01,   -6.653728e-02,   -1.251373e-01,    6.554926e-01,   -3.622800e-02,    6.778700e-02,   -4.296500e-02,    5.957300e-02,    3.000000e-02,    3.000000e-02,    3.000000e-02,    3.000000e-02,
      1040,    3.981000e+02,   -1.151830e-01,    4.445792e-02,    1.363016e-01,   -6.038711e-02,   -4.125658e-01,    3.553403e+00,    5.494703e-02,   -7.636305e-02,   -1.275600e-01,    1.510600e-01,    1.379500e-01,   -6.267800e-02,    3.000000e-02,    3.000000e-02,    3.000000e-02,    3.000000e-02,
      1040,    6.309500e+02,   -1.296562e-01,    3.752870e-02,    1.450632e-01,   -5.687187e-02,   -4.246148e-02,    4.772043e+00,   -5.517717e-01,   -8.433377e-01,   -1.309300e-01,    1.806900e-01,    1.285100e-01,   -8.217200e-02,    3.000000e-02,    3.000000e-02,    3.000000e-02,    3.000000e-02,
      1040,    1.000000e+03,   -1.384239e-01,    2.984581e-02,    1.545452e-01,   -5.900654e-02,    1.119464e+00,    4.470473e+00,   -1.684506e+00,   -1.637782e+00,   -1.048400e-01,    1.639600e-01,    1.040100e-01,   -1.081400e-01,    3.000000e-02,    3.000000e-02,    3.000000e-02,    3.000000e-02,
      1041,    3.981000e+02,    8.098073e-02,   -7.288858e-03,    1.935811e-01,   -1.529683e-02,    1.586642e+00,    3.308319e-01,    1.150962e+00,    4.752310e-01,    1.285800e-01,    2.636100e-03,    2.281100e-01,   -1.039900e-03,    3.000000e-02,    3.000000e-02,    3.000000e-02,    3.000000e-02,
      1041,    6.309500e+02,    8.169358e-02,    7.512806e-03,    1.944645e-01,    6.092092e-03,    1.911547e+00,    4.095731e-01,    5.565170e-01,    4.895969e-01,    1.390400e-01,    1.980000e-02,    2.111600e-01,    2.078000e-02,    3.000000e-02,    3.000000e-02,    3.000000e-02,    3.000000e-02,
      1042,    3.981000e+02,   -1.967289e-02,    1.521234e-02,    2.312117e-02,   -1.675606e-02,    2.841630e-01,   -3.184012e-01,    2.359276e-01,   -3.617979e-01,   -1.114800e-02,    5.660300e-03,    3.019900e-02,   -2.761000e-02,    3.000000e-02,    3.000000e-02,    3.000000e-02,    3.000000e-02,
      1042,    6.309500e+02,   -2.158620e-02,    4.734001e-03,    2.912919e-02,   -6.255704e-03,    3.745065e-01,   -6.373336e-02,    3.711268e-01,   -6.791765e-01,   -1.035100e-02,    2.822000e-03,    4.026300e-02,   -2.663100e-02,    3.000000e-02,    3.000000e-02,    3.000000e-02,    3.000000e-02,
      1043,    3.981000e+02,    1.166642e-01,    6.007081e-02,    8.028363e-02,    5.336688e-03,   -6.014155e-02,    1.960731e-01,    1.286792e-01,    5.831437e-01,    1.148600e-01,    6.595300e-02,    8.414400e-02,    2.283100e-02,    3.000000e-02,    3.000000e-02,    3.000000e-02,    3.000000e-02,
      1043,    6.309500e+02,    8.809862e-02,    6.871922e-02,    7.105262e-02,    1.443220e-02,   -2.498875e-01,    1.152926e-01,   -9.252076e-02,    5.731266e-01,    8.060200e-02,    7.217800e-02,    6.827700e-02,    3.162600e-02,    3.000000e-02,    3.000000e-02,    3.000000e-02,    3.000000e-02,
      1043,    1.000000e+03,    6.098017e-02,    6.895733e-02,    6.083742e-02,    1.736382e-02,    5.134943e-01,    6.626223e-01,   -2.842140e-01,    3.771394e-01,    7.638500e-02,    8.883600e-02,    5.231100e-02,    2.867800e-02,    3.000000e-02,    3.000000e-02,    3.000000e-02,    3.000000e-02,
      1044,    3.981000e+02,   -1.084833e-01,    5.617086e-02,   -1.450747e-02,    5.724643e-02,   -1.076889e+00,   -2.876620e-01,   -1.441761e-02,    7.794192e-01,   -1.407900e-01,    4.754100e-02,   -1.494000e-02,    8.062900e-02,    3.000000e-02,    3.000000e-02,    3.000000e-02,    3.000000e-02,
      1044,    6.309500e+02,   -1.243467e-01,    5.471857e-02,   -3.420987e-02,    5.695709e-02,   -2.441094e-01,   -3.875858e-01,    5.652624e-01,    5.288636e-01,   -1.316700e-01,    4.309100e-02,   -1.725200e-02,    7.282300e-02,    3.000000e-02,    3.000000e-02,    3.000000e-02,    3.000000e-02,
      1044,    1.000000e+03,   -1.420364e-01,    5.078967e-02,   -5.268863e-02,    5.538344e-02,    8.268799e-01,   -4.913225e-01,    1.059221e+00,    1.695520e-01,   -1.172300e-01,    3.605000e-02,   -2.091200e-02,    6.047000e-02,    3.000000e-02,    3.000000e-02,    3.000000e-02,    3.000000e-02,
      1045,    3.981000e+02,   -7.645334e-02,    6.253501e-02,   -3.024448e-01,   -6.472164e-02,   -4.223887e-01,   -7.065671e-01,   -4.850688e-02,    1.044055e+00,   -8.912500e-02,    4.133800e-02,   -3.039000e-01,   -3.340000e-02,    3.000000e-02,    3.000000e-02,    3.000000e-02,    3.000000e-02,
      1045,    6.309500e+02,   -9.378502e-02,    4.971392e-02,   -2.680328e-01,   -8.346274e-02,   -3.943833e+00,   -1.218897e+00,    3.627592e-01,    8.738915e-01,   -2.121000e-01,    1.314700e-02,   -2.571500e-01,   -5.724600e-02,    3.000000e-02,    3.000000e-02,    3.000000e-02,    3.000000e-02,
      1045,    1.000000e+03,   -1.030807e-01,    3.868347e-02,   -2.306311e-01,   -9.150729e-02,   -3.125308e+00,   -1.085249e+00,    3.567045e-01,    1.067910e+00,   -1.968400e-01,    6.126000e-03,   -2.199300e-01,   -5.947000e-02,    3.000000e-02,    3.000000e-02,    3.000000e-02,    3.000000e-02,
      1046,    3.981000e+02,    3.965922e-04,   -1.000025e-02,   -1.038143e-01,    2.478218e-02,    2.951026e-02,    2.356317e-01,   -5.885807e-02,   -2.809393e-01,    1.281900e-03,   -2.931300e-03,   -1.055800e-01,    1.635400e-02,    3.000000e-02,    3.000000e-02,    3.000000e-02,    3.000000e-02,
      1046,    6.309500e+02,   -1.419645e-03,   -1.234098e-02,   -1.069046e-01,    2.476679e-02,   -4.296850e-02,    4.237259e-01,    1.588208e-01,   -4.645931e-01,   -2.708700e-03,    3.708000e-04,   -1.021400e-01,    1.082900e-02,    3.000000e-02,    3.000000e-02,    3.000000e-02,    3.000000e-02,
      1046,    1.000000e+03,    7.599591e-04,   -1.584817e-02,   -1.134798e-01,    2.405967e-02,   -2.424120e-01,    5.104988e-01,    4.613918e-01,   -4.386556e-01,   -6.512400e-03,   -5.332000e-04,   -9.963800e-02,    1.090000e-02,    3.000000e-02,    3.000000e-02,    3.000000e-02,    3.000000e-02,
