MT,
     StaID,        Freq[Hz],     Re(Zxx)_Cal,     Im(Zxx)_Cal,     Re(Zxy)_Cal,     Im(Zxy)_Cal,     Re(Zyx)_Cal,     Im(Zyx)_Cal,     Re(Zyy)_Cal,     Im(Zyy)_Cal,     Re(Zxx)_Res,     Im(Zxx)_Res,     Re(Zxy)_Res,     Im(Zxy)_Res,     Re(Zyx)_Res,     Im(Zyx)_Res,     Re(Zyy)_Res,     Im(Zyy)_Res,     Re(Zxx)_Obs,     Im(Zxx)_Obs,     Re(Zxy)_Obs,     Im(Zxy)_Obs,     Re(Zyx)_Obs,     Im(Zyx)_Obs,     Re(Zyy)_Obs,     Im(Zyy)_Obs,      Re(Zxx)_SD,      Im(Zxx)_SD,      Re(Zxy)_SD,      Im(Zxy)_SD,      Re(Zyx)_SD,      Im(Zyx)_SD,      Re(Zyy)_SD,      Im(Zyy)_SD,
         1,    1.000000e+02,   -2.192849e-02,    6.476279e-03,    1.012880e-01,   -1.088630e-01,   -1.553598e-01,    1.292736e-01,    5.072147e-02,   -2.904433e-02,    9.316172e-01,    6.304895e-01,   -5.237163e-01,    9.433348e-01,   -6.215113e-01,   -1.178851e+00,    1.330540e+00,   -3.273676e-01,   -1.479500e-02,    1.130400e-02,    9.690600e-02,   -1.009700e-01,   -1.605600e-01,    1.194100e-01,    7.666700e-02,   -3.542800e-02,    7.657100e-03,    7.657100e-03,    8.367100e-03,    8.367100e-03,    8.367100e-03,    8.367100e-03,    1.950000e-02,    1.950000e-02,
         1,    1.584800e+02,   -2.465833e-02,    5.337179e-03,    1.278633e-01,   -1.439744e-01,   -1.890053e-01,    1.658566e-01,    5.873996e-02,   -3.246886e-02,    5.319614e-01,    1.091889e+00,   -2.131322e-01,    6.101974e-01,   -9.405633e-01,   -1.211860e+00,    1.304672e+00,   -1.454510e-01,   -1.917700e-02,    1.658800e-02,    1.255600e-01,   -1.373800e-01,   -1.991700e-01,    1.527600e-01,    8.913100e-02,   -3.585700e-02,    1.030400e-02,    1.030400e-02,    1.080700e-02,    1.080700e-02,    1.080700e-02,    1.080700e-02,    2.329400e-02,    2.329400e-02,
         1,    2.511800e+02,   -2.616779e-02,    3.512045e-03,    1.638092e-01,   -1.884433e-01,   -2.327416e-01,    2.103513e-01,    6.599435e-02,   -3.724827e-02,    2.737545e-01,    1.279194e+00,   -3.376437e-01,    7.897219e-01,   -1.586691e-01,   -1.590230e+00,    1.143954e+00,    2.705579e-01,   -2.268700e-02,    1.977700e-02,    1.592800e-01,   -1.778500e-01,   -2.348700e-01,    1.890200e-01,    9.586300e-02,   -3.018400e-02,    1.271500e-02,    1.271500e-02,    1.341400e-02,    1.341400e-02,    1.341400e-02,    1.341400e-02,    2.611000e-02,    2.611000e-02,
         2,    1.000000e+02,    3.084604e-04,   -3.827191e-03,    1.409974e-01,   -1.473767e-01,   -1.166362e-01,    1.368478e-01,   -1.368921e-02,    1.086572e-02,   -9.011783e-01,    1.164550e+00,   -9.350784e-01,    1.253129e+00,    4.319757e-01,   -1.431363e+00,   -4.286591e-01,   -1.151315e-01,   -2.835300e-03,    2.353400e-04,    1.326500e-01,   -1.361900e-01,   -1.127800e-01,    1.240700e-01,   -1.741400e-02,    9.865300e-03,    3.488500e-03,    3.488500e-03,    8.927000e-03,    8.927000e-03,    8.927000e-03,    8.927000e-03,    8.689400e-03,    8.689400e-03,
         2,    1.584800e+02,    4.079049e-03,   -4.004887e-04,    1.767073e-01,   -1.855482e-01,   -1.502679e-01,    1.763595e-01,   -1.775553e-02,    9.376767e-03,   -1.704100e+00,    3.894961e-01,   -1.316647e+00,    9.346617e-01,    7.754438e-01,   -1.330990e+00,   -5.480025e-01,   -3.312694e-01,   -2.827500e-03,    1.178100e-03,    1.618200e-01,   -1.749800e-01,   -1.415000e-01,    1.613100e-01,   -2.370300e-02,    5.781500e-03,    4.052900e-03,    4.052900e-03,    1.130700e-02,    1.130700e-02,    1.130700e-02,    1.130700e-02,    1.085300e-02,    1.085300e-02,
         2,    2.511800e+02,    4.836308e-03,    6.677373e-03,    2.197827e-01,   -2.373779e-01,   -1.929874e-01,    2.274843e-01,   -1.936405e-02,    6.812277e-03,   -1.407002e+00,   -5.855869e-01,   -1.447269e+00,    1.165968e+00,    1.520836e+00,   -1.215006e+00,   -6.227181e-01,   -6.439355e-01,   -2.893900e-03,    3.460100e-03,    1.992300e-01,   -2.208200e-01,   -1.713900e-01,    2.102300e-01,   -2.742700e-02,   -1.525400e-03,    5.494100e-03,    5.494100e-03,    1.420100e-02,    1.420100e-02,    1.420100e-02,    1.420100e-02,    1.294800e-02,    1.294800e-02,
         3,    1.000000e+02,    1.411058e-02,   -1.527018e-02,    1.420957e-01,   -1.377849e-01,   -1.089549e-01,    1.299209e-01,   -2.826990e-02,    2.102605e-02,   -1.579202e+00,   -5.196488e-01,   -1.004826e+00,   -1.378230e+00,    1.340854e+00,   -7.899053e-01,   -1.706584e+00,    7.992585e-01,   -9.925900e-04,   -2.024000e-02,    1.331900e-01,   -1.500000e-01,   -9.707100e-02,    1.229200e-01,   -5.369800e-02,    3.293500e-02,    9.563800e-03,    9.563800e-03,    8.862900e-03,    8.862900e-03,    8.862900e-03,    8.862900e-03,    1.490000e-02,    1.490000e-02,
         3,    1.584800e+02,    2.001651e-02,   -1.460969e-02,    1.753386e-01,   -1.724309e-01,   -1.408455e-01,    1.672743e-01,   -3.385164e-02,    2.352651e-02,   -1.030184e+00,   -1.289459e+00,   -3.418304e-01,   -2.869544e-01,    1.015729e+00,   -4.326956e-01,   -1.816672e+00,    2.068219e-01,    6.217200e-03,   -3.188200e-02,    1.714800e-01,   -1.756700e-01,   -1.293800e-01,    1.623900e-01,   -6.732200e-02,    2.733700e-02,    1.339500e-02,    1.339500e-02,    1.128800e-02,    1.128800e-02,    1.128800e-02,    1.128800e-02,    1.842400e-02,    1.842400e-02,
         3,    2.511800e+02,    2.365732e-02,   -1.250816e-02,    2.157356e-01,   -2.192764e-01,   -1.820278e-01,    2.154696e-01,   -3.881532e-02,    2.721473e-02,   -4.110550e-01,   -1.566093e+00,   -7.139693e-01,    6.285732e-01,    1.178453e+00,   -3.318297e-01,   -1.633216e+00,   -4.121010e-01,    1.678900e-02,   -3.867600e-02,    2.057100e-01,   -2.104500e-01,   -1.654800e-01,    2.108100e-01,   -7.378900e-02,    1.839000e-02,    1.670900e-02,    1.670900e-02,    1.404200e-02,    1.404200e-02,    1.404200e-02,    1.404200e-02,    2.141400e-02,    2.141400e-02,
         4,    1.000000e+02,   -1.427556e-02,    1.241604e-02,    1.478055e-01,   -2.051364e-01,   -1.799302e-01,    2.357409e-01,    7.103683e-03,   -3.962729e-02,   -1.243700e-01,    2.375768e-01,   -2.668834e-01,    2.187040e-01,    9.634963e-01,    3.124298e-01,    2.648271e-01,   -6.325235e-01,   -1.564500e-02,    1.503200e-02,    1.442100e-01,   -2.021900e-01,   -1.669500e-01,    2.399500e-01,    1.203900e-02,   -5.141500e-02,    1.101100e-02,    1.101100e-02,    1.347200e-02,    1.347200e-02,    1.347200e-02,    1.347200e-02,    1.863600e-02,    1.863600e-02,
         4,    1.584800e+02,   -1.734690e-02,    1.648645e-02,    1.928439e-01,   -2.815322e-01,   -2.340078e-01,    3.145384e-01,    1.974127e-02,   -5.001768e-02,   -1.120339e-01,    6.157669e-01,   -3.851485e-01,    3.767835e-01,    5.574271e-01,    7.032261e-01,    3.786155e-01,   -6.633517e-01,   -1.908600e-02,    2.604500e-02,    1.858600e-01,   -2.747000e-01,   -2.239000e-01,    3.272900e-01,    2.941300e-02,   -6.696300e-02,    1.552300e-02,    1.552300e-02,    1.813300e-02,    1.813300e-02,    1.813300e-02,    1.813300e-02,    2.554500e-02,    2.554500e-02,
         4,    2.511800e+02,   -2.350926e-02,    2.122085e-02,    2.593572e-01,   -3.819286e-01,   -3.111551e-01,    4.190936e-01,    3.582094e-02,   -6.093619e-02,   -2.227304e-01,    9.884066e-01,   -8.497678e-01,    6.137247e-01,    4.420209e-01,    5.540865e-01,    5.129111e-01,   -6.198800e-01,   -2.855900e-02,    4.363000e-02,    2.389500e-01,   -3.671900e-01,   -3.005400e-01,    4.324000e-01,    5.328300e-02,   -8.204000e-02,    2.267200e-02,    2.267200e-02,    2.401500e-02,    2.401500e-02,    2.401500e-02,    2.401500e-02,    3.404500e-02,    3.404500e-02,
         5,    1.000000e+02,    1.982892e-02,   -2.291824e-03,    1.297262e-01,   -1.322138e-01,   -1.039608e-01,    1.116050e-01,   -1.063844e-02,    3.411224e-03,    6.393343e-01,    2.458535e-01,   -1.509725e+00,    1.207103e+00,    1.360465e+00,   -1.290659e+00,    3.991348e-01,    2.266467e-01,    2.624400e-02,    1.750700e-04,    1.181400e-01,   -1.229500e-01,   -9.352000e-02,    1.017000e-01,   -8.452500e-03,    4.652500e-03,    1.003400e-02,    1.003400e-02,    7.674400e-03,    7.674400e-03,    7.674400e-03,    7.674400e-03,    5.476700e-03,    5.476700e-03,
         5,    1.584800e+02,    1.845452e-02,    2.491581e-03,    1.641709e-01,   -1.688642e-01,   -1.339722e-01,    1.427379e-01,   -1.183945e-02,    5.747813e-04,    5.593861e-01,    5.392622e-01,   -1.369351e+00,    5.882454e-01,    1.107667e+00,   -1.242653e+00,    1.929163e-01,    3.057807e-01,    2.486900e-02,    8.675300e-03,    1.505200e-01,   -1.630000e-01,   -1.229300e-01,    1.303500e-01,   -1.056200e-02,    2.599600e-03,    1.146700e-02,    1.146700e-02,    9.968900e-03,    9.968900e-03,    9.968900e-03,    9.968900e-03,    6.621800e-03,    6.621800e-03,
         5,    2.511800e+02,    1.632040e-02,    5.387426e-03,    2.069429e-01,   -2.135626e-01,   -1.698830e-01,    1.808881e-01,   -1.167849e-02,   -2.371370e-03,    1.863833e-01,    1.067520e+00,   -1.011643e+00,    3.433754e-01,    9.959076e-01,   -1.431572e+00,    2.635832e-02,    2.777327e-01,    1.877600e-02,    1.945200e-02,    1.940900e-01,   -2.092000e-01,   -1.572300e-01,    1.627000e-01,   -1.147700e-02,   -2.482700e-04,    1.317500e-02,    1.317500e-02,    1.270500e-02,    1.270500e-02,    1.270500e-02,    1.270500e-02,    7.644400e-03,    7.644400e-03,
         6,    1.000000e+02,    2.274550e-01,    1.858901e-02,    3.212479e-01,   -2.365212e-01,   -4.485708e-01,    2.065020e-01,   -2.342606e-01,    9.845902e-03,   -1.126730e+00,   -3.233634e-01,   -2.067102e+00,    1.216716e+00,    5.629374e+00,   -2.847507e+00,    1.792718e+00,    3.486012e-01,    1.842100e-01,    6.178000e-03,    2.833600e-01,   -2.142200e-01,   -3.453900e-01,    1.543100e-01,   -1.664600e-01,    2.303000e-02,    3.838100e-02,    3.838100e-02,    1.832900e-02,    1.832900e-02,    1.832900e-02,    1.832900e-02,    3.782000e-02,    3.782000e-02,
         6,    1.584800e+02,    2.144656e-01,    3.527486e-02,    3.764411e-01,   -2.938143e-01,   -4.937462e-01,    2.570218e-01,   -2.305798e-01,   -1.111157e-02,   -7.657316e-01,   -5.100289e-01,   -1.687728e+00,    1.667408e+00,    4.916787e+00,   -3.022831e+00,    1.537662e+00,    8.045817e-01,    1.823700e-01,    1.389700e-02,    3.401600e-01,   -2.579700e-01,   -3.880500e-01,    1.920400e-01,   -1.681000e-01,    2.158100e-02,    4.191500e-02,    4.191500e-02,    2.149700e-02,    2.149700e-02,    2.149700e-02,    2.149700e-02,    4.063300e-02,    4.063300e-02,
         6,    2.511800e+02,    1.970591e-01,    4.604243e-02,    4.423419e-01,   -3.718982e-01,   -5.530801e-01,    3.273334e-01,   -2.177571e-01,   -2.659979e-02,   -3.565586e-01,   -4.289787e-01,   -1.818650e+00,    2.273052e+00,    4.128791e+00,   -3.498794e+00,    1.457867e+00,    1.145152e+00,    1.808000e-01,    2.648100e-02,    3.962500e-01,   -3.142900e-01,   -4.484400e-01,    2.386600e-01,   -1.559100e-01,    2.198100e-02,    4.560000e-02,    4.560000e-02,    2.534400e-02,    2.534400e-02,    2.534400e-02,    2.534400e-02,    4.242300e-02,    4.242300e-02,
         7,    1.000000e+02,   -5.766374e-03,    5.833087e-03,    1.213563e-01,   -1.140725e-01,   -1.255899e-01,    1.201340e-01,   -1.776142e-02,    2.011600e-02,   -4.573147e-01,    2.862607e-01,    4.145331e-01,   -5.754470e-01,   -7.193950e-01,    8.760528e-01,   -2.484102e-01,    6.850482e-01,   -8.861800e-03,    7.770700e-03,    1.250500e-01,   -1.192000e-01,   -1.320000e-01,    1.279400e-01,   -2.075700e-02,    2.837700e-02,    6.768700e-03,    6.768700e-03,    8.910400e-03,    8.910400e-03,    8.910400e-03,    8.910400e-03,    1.205900e-02,    1.205900e-02,
         7,    1.584800e+02,   -5.449875e-03,    6.140183e-03,    1.459201e-01,   -1.456298e-01,   -1.532272e-01,    1.563518e-01,   -2.406180e-02,    2.568757e-02,   -5.371987e-01,    2.929116e-01,    3.587355e-01,   -6.347922e-01,   -6.449158e-01,    9.205394e-01,   -3.793888e-01,    7.021917e-01,   -9.673600e-03,    8.443200e-03,    1.499100e-01,   -1.526900e-01,   -1.604000e-01,    1.665900e-01,   -3.002200e-02,    3.671900e-02,    7.862500e-03,    7.862500e-03,    1.112200e-02,    1.112200e-02,    1.112200e-02,    1.112200e-02,    1.571000e-02,    1.571000e-02,
         7,    2.511800e+02,   -5.086355e-03,    9.520653e-03,    1.774971e-01,   -1.905754e-01,   -1.892159e-01,    2.041843e-01,   -3.111794e-02,    3.064467e-02,   -3.496341e-01,    1.526204e-01,    3.576225e-01,   -7.617852e-01,   -6.494411e-01,    9.921347e-01,   -5.683388e-01,    6.889590e-01,   -8.287500e-03,    1.091800e-02,    1.825600e-01,   -2.013600e-01,   -1.984100e-01,    2.182300e-01,   -4.261600e-02,    4.458300e-02,    9.155700e-03,    9.155700e-03,    1.415700e-02,    1.415700e-02,    1.415700e-02,    1.415700e-02,    2.023100e-02,    2.023100e-02,
         8,    1.000000e+02,   -4.701778e-01,    2.511055e-01,    2.566375e-01,   -3.863227e-01,   -5.127671e-01,    2.856437e-01,    1.433458e-02,   -4.997473e-02,   -1.967965e+00,    2.470777e+00,    1.312688e-01,   -1.204024e+00,    4.327457e+00,   -1.884598e+00,   -2.340322e-01,   -1.324960e-01,   -6.569200e-01,    4.855600e-01,    2.598000e-01,   -4.153300e-01,   -4.085100e-01,    2.402400e-01,    8.726000e-03,   -5.315000e-02,    9.489100e-02,    9.489100e-02,    2.409200e-02,    2.409200e-02,    2.409200e-02,    2.409200e-02,    2.396500e-02,    2.396500e-02,
         8,    1.584800e+02,   -5.241219e-01,    3.072592e-01,    3.600746e-01,   -5.165246e-01,   -5.794754e-01,    3.534324e-01,    3.763270e-02,   -4.842155e-02,   -2.481988e+00,    1.952909e+00,    3.924436e-02,   -6.965560e-01,    2.917873e+00,   -1.250241e+00,   -2.767027e-01,   -4.551910e-01,   -8.213400e-01,    5.411200e-01,    3.612800e-01,   -5.379200e-01,   -4.898500e-01,    3.150300e-01,    2.933300e-02,   -6.207500e-02,    1.197500e-01,    1.197500e-01,    3.071600e-02,    3.071600e-02,    3.071600e-02,    3.071600e-02,    2.999500e-02,    2.999500e-02,
         8,    2.511800e+02,   -5.924540e-01,    3.918969e-01,    5.044056e-01,   -6.678891e-01,   -6.656140e-01,    4.483282e-01,    5.561669e-02,   -3.668542e-02,   -2.999314e+00,    1.277303e+00,   -1.795604e-01,   -6.093209e-01,    2.028007e+00,   -1.315594e+00,   -1.720656e-01,   -8.623238e-01,   -1.047300e+00,    5.856000e-01,    4.974300e-01,   -6.915600e-01,   -5.868300e-01,    3.972200e-01,    4.931100e-02,   -6.828700e-02,    1.516500e-01,    1.516500e-01,    3.884800e-02,    3.884800e-02,    3.884800e-02,    3.884800e-02,    3.664700e-02,    3.664700e-02,
         9,    1.000000e+02,   -1.945954e-03,    1.057285e-03,    7.960228e-02,   -1.022535e-01,   -7.816407e-02,    9.593817e-02,    1.809993e-03,    1.070162e-03,    1.740817e+00,   -3.291187e-01,    8.197878e-02,   -5.310071e-01,    4.041648e-01,    1.364263e+00,    8.574704e-01,    4.057370e-01,    4.271200e-03,   -1.181300e-04,    8.013900e-02,   -1.057300e-01,   -7.551800e-02,    1.048700e-01,    5.417800e-03,    2.777300e-03,    3.571400e-03,    3.571400e-03,    6.547000e-03,    6.547000e-03,    6.547000e-03,    6.547000e-03,    4.207500e-03,    4.207500e-03,
         9,    1.584800e+02,   -3.770371e-03,    1.430018e-03,    1.085482e-01,   -1.356285e-01,   -1.022331e-01,    1.280372e-01,    1.245973e-03,    2.830929e-04,    1.854541e+00,    2.810439e-01,    1.445919e-01,   -2.832680e-01,   -3.054783e-01,    1.419198e+00,   -1.036452e-01,    7.111340e-01,    5.222300e-03,    2.792800e-03,    1.098200e-01,   -1.381200e-01,   -1.049200e-01,    1.405200e-01,    9.018500e-04,    2.644200e-03,    4.849000e-03,    4.849000e-03,    8.795700e-03,    8.795700e-03,    8.795700e-03,    8.795700e-03,    3.320200e-03,    3.320200e-03,
         9,    2.511800e+02,   -4.739888e-03,    4.287795e-04,    1.443609e-01,   -1.734118e-01,   -1.338074e-01,    1.673082e-01,    7.835060e-04,   -4.858093e-04,    1.344805e+00,    9.994076e-01,    3.027669e-01,   -4.137627e-01,   -8.567031e-01,    1.005018e+00,   -3.078976e-01,    7.997395e-01,    3.840100e-03,    6.805100e-03,    1.478500e-01,   -1.781800e-01,   -1.436800e-01,    1.788900e-01,   -2.693500e-04,    2.248900e-03,    6.380100e-03,    6.380100e-03,    1.152400e-02,    1.152400e-02,    1.152400e-02,    1.152400e-02,    3.419500e-03,    3.419500e-03,
        11,    1.000000e+02,   -6.825991e-03,   -7.852700e-03,    1.246964e-01,   -1.224624e-01,   -1.194879e-01,    1.269140e-01,    5.839101e-03,    7.609917e-04,   -5.883970e-01,   -9.180092e-01,    3.351662e-02,    4.647515e-01,    8.116984e-01,   -5.441257e-01,   -2.623424e-01,   -6.723092e-01,   -1.199800e-02,   -1.592200e-02,    1.249800e-01,   -1.185300e-01,   -1.126200e-01,    1.223100e-01,    4.684900e-03,   -2.196900e-03,    8.790000e-03,    8.790000e-03,    8.461200e-03,    8.461200e-03,    8.461200e-03,    8.461200e-03,    4.399600e-03,    4.399600e-03,
        11,    1.584800e+02,   -6.263920e-03,   -1.196464e-03,    1.559327e-01,   -1.602733e-01,   -1.545847e-01,    1.632451e-01,    4.608374e-03,    1.699508e-03,    2.352571e-01,   -8.378749e-01,    1.766056e-01,    7.385558e-01,    3.895060e-01,   -1.225065e-02,    1.143467e-01,   -7.961320e-01,   -4.781400e-03,   -6.476500e-03,    1.578800e-01,   -1.521300e-01,   -1.502900e-01,    1.631100e-01,    5.225400e-03,   -2.596500e-03,    6.301700e-03,    6.301700e-03,    1.102600e-02,    1.102600e-02,    1.102600e-02,    1.102600e-02,    5.396100e-03,    5.396100e-03,
        11,    2.511800e+02,   -7.862734e-03,    3.059034e-03,    1.974027e-01,   -2.051876e-01,   -1.959342e-01,    2.064913e-01,    2.701203e-03,    1.094318e-03,    4.464154e-01,    3.965444e-01,   -3.543395e-02,    1.105906e+00,   -1.853263e-03,   -1.899551e-01,    5.651143e-01,   -5.051298e-01,   -4.827600e-03,    5.755100e-03,    1.969100e-01,   -1.898100e-01,   -1.959600e-01,    2.038500e-01,    6.415700e-03,   -2.225900e-03,    6.798900e-03,    6.798900e-03,    1.390500e-02,    1.390500e-02,    1.390500e-02,    1.390500e-02,    6.573000e-03,    6.573000e-03,
        12,    1.000000e+02,   -1.201162e-02,    1.261471e-02,    9.521558e-02,   -1.190942e-01,   -1.033564e-01,    1.270485e-01,    2.323512e-02,   -3.526339e-02,   -4.843180e-01,    6.377115e-01,   -1.911930e+00,    2.629348e+00,    1.328540e+00,   -1.780122e+00,    1.288361e+00,   -8.646693e-01,   -1.607800e-02,    1.796900e-02,    8.194200e-02,   -1.008400e-01,   -9.413300e-02,    1.146900e-01,    4.202200e-02,   -4.787200e-02,    8.396100e-03,    8.396100e-03,    6.942500e-03,    6.942500e-03,    6.942500e-03,    6.942500e-03,    1.458200e-02,    1.458200e-02,
        12,    1.584800e+02,   -1.557633e-02,    1.485045e-02,    1.238026e-01,   -1.592665e-01,   -1.338559e-01,    1.682249e-01,    3.225180e-02,   -4.340684e-02,   -3.294662e-01,    6.017161e-01,   -2.573250e+00,    2.830760e+00,    1.848226e+00,   -1.953178e+00,    1.051963e+00,   -9.746781e-01,   -1.898400e-02,    2.107400e-02,    1.007800e-01,   -1.339400e-01,   -1.173200e-01,    1.507500e-01,    5.181200e-02,   -6.153000e-02,    1.034300e-02,    1.034300e-02,    8.946900e-03,    8.946900e-03,    8.946900e-03,    8.946900e-03,    1.859400e-02,    1.859400e-02,
        12,    2.511800e+02,   -1.972711e-02,    1.748164e-02,    1.634068e-01,   -2.101276e-01,   -1.749288e-01,    2.208360e-01,    4.341789e-02,   -5.382307e-02,   -4.206396e-01,    6.193909e-01,   -2.840872e+00,    2.707708e+00,    1.742939e+00,   -1.855570e+00,    9.423066e-01,   -1.112559e+00,   -2.536200e-02,    2.577900e-02,    1.299300e-01,   -1.782200e-01,   -1.543900e-01,    1.989700e-01,    6.636400e-02,   -8.091500e-02,    1.339600e-02,    1.339600e-02,    1.178400e-02,    1.178400e-02,    1.178400e-02,    1.178400e-02,    2.435100e-02,    2.435100e-02,
        13,    1.000000e+02,    9.519428e-04,   -7.699171e-03,    8.070566e-02,   -9.544328e-02,   -8.066067e-02,    9.847983e-02,    1.314830e-03,    7.253426e-03,    8.058282e-01,   -4.301660e-01,   -9.159587e-02,   -1.397621e+00,    6.487347e-02,    1.167136e+00,   -3.061416e-01,    6.186541e-01,    5.702300e-03,   -1.023500e-02,    8.009900e-02,   -1.047000e-01,   -8.023100e-02,    1.062100e-01,   -4.243600e-04,    1.076800e-02,    5.895000e-03,    5.895000e-03,    6.623200e-03,    6.623200e-03,    6.623200e-03,    6.623200e-03,    5.681000e-03,    5.681000e-03,
        13,    1.584800e+02,    2.883920e-03,   -8.113887e-03,    1.041784e-01,   -1.238047e-01,   -1.062790e-01,    1.281121e-01,   -8.435481e-04,    8.288567e-03,    6.961555e-01,   -2.010803e-01,    6.632910e-01,   -1.660616e+00,   -6.340033e-01,    1.291133e+00,   -5.225367e-01,    3.627196e-01,    7.751300e-03,   -9.519800e-03,    1.100800e-01,   -1.385800e-01,   -1.119200e-01,    1.396000e-01,   -4.421200e-03,    1.077200e-02,    6.991800e-03,    6.991800e-03,    8.897500e-03,    8.897500e-03,    8.897500e-03,    8.897500e-03,    6.846700e-03,    6.846700e-03,
        13,    2.511800e+02,    4.997180e-03,   -8.963174e-03,    1.344576e-01,   -1.595941e-01,   -1.386525e-01,    1.644347e-01,   -2.749238e-03,    9.805112e-03,    4.829437e-01,   -6.640319e-02,    9.929759e-01,   -1.312291e+00,   -8.635452e-01,    1.133558e+00,   -5.406873e-01,    1.261919e-01,    8.945100e-03,   -9.506000e-03,    1.458500e-01,   -1.746500e-01,   -1.485600e-01,    1.774400e-01,   -7.200500e-03,    1.084400e-02,    8.174700e-03,    8.174700e-03,    1.147300e-02,    1.147300e-02,    1.147300e-02,    1.147300e-02,    8.232600e-03,    8.232600e-03,
        14,    1.000000e+02,    1.555162e-01,   -9.584310e-02,    2.385269e-01,   -3.490967e-01,   -3.934037e-01,    2.648284e-01,   -6.250748e-02,    1.009912e-01,    5.830465e-01,   -1.309964e+00,    1.563571e-01,   -2.227871e+00,   -1.046759e+00,    1.930809e-01,    3.232625e-01,    4.991707e-01,    1.853000e-01,   -1.627600e-01,    2.423100e-01,   -4.030000e-01,   -4.187300e-01,    2.695000e-01,   -5.016500e-02,    1.200500e-01,    5.108300e-02,    5.108300e-02,    2.419500e-02,    2.419500e-02,    2.419500e-02,    2.419500e-02,    3.818100e-02,    3.818100e-02,
        14,    1.584800e+02,    1.772254e-01,   -1.186959e-01,    3.287812e-01,   -4.459470e-01,   -4.598476e-01,    3.266875e-01,   -9.007762e-02,    1.317541e-01,    1.159517e+00,   -1.196991e+00,    7.260254e-01,   -3.379390e+00,   -9.585188e-01,    2.189609e-01,    2.538138e-01,    9.735607e-01,    2.576600e-01,   -2.017300e-01,    3.513700e-01,   -5.510900e-01,   -4.896700e-01,    3.335000e-01,   -7.705900e-02,    1.816900e-01,    6.936900e-02,    6.936900e-02,    3.111300e-02,    3.111300e-02,    3.111300e-02,    3.111300e-02,    5.129200e-02,    5.129200e-02,
        14,    2.511800e+02,    2.031051e-01,   -1.505726e-01,    4.365922e-01,   -5.680090e-01,   -5.356366e-01,    4.074056e-01,   -1.237256e-01,    1.692543e-01,    1.442203e+00,   -1.011027e+00,    1.215944e+00,   -3.884085e+00,   -8.500116e-01,    4.011124e-01,    7.967017e-02,    1.354690e+00,    3.322400e-01,   -2.411000e-01,    4.842900e-01,   -7.203700e-01,   -5.689800e-01,    4.231400e-01,   -1.183400e-01,    2.608300e-01,    8.954000e-02,    8.954000e-02,    3.922700e-02,    3.922700e-02,    3.922700e-02,    3.922700e-02,    6.759900e-02,    6.759900e-02,
        15,    1.000000e+02,   -3.084292e-02,   -8.660127e-03,    1.078967e-01,   -1.229329e-01,   -7.225534e-02,    1.095101e-01,    3.178716e-03,    9.025503e-04,    9.445752e-02,   -1.744200e+00,    4.724622e-01,    4.943732e-02,    3.663977e-02,    9.891092e-01,   -9.661829e-01,    1.039457e+00,   -2.965200e-02,   -3.065100e-02,    1.114600e-01,   -1.225600e-01,   -7.197900e-02,    1.169700e-01,   -6.376100e-04,    5.008300e-03,    1.260800e-02,    1.260800e-02,    7.542000e-03,    7.542000e-03,    7.542000e-03,    7.542000e-03,    3.949900e-03,    3.949900e-03,
        15,    1.584800e+02,   -2.505398e-02,   -1.503521e-02,    1.417234e-01,   -1.540793e-01,   -9.880300e-02,    1.506451e-01,    3.082926e-03,    4.178149e-03,    7.242247e-01,   -1.574776e+00,   -1.345029e-02,    2.816882e-02,    1.314253e-01,    1.027284e+00,   -9.644714e-01,    3.525543e-01,   -1.517700e-02,   -3.651200e-02,    1.415900e-01,   -1.538000e-01,   -9.750000e-02,    1.608300e-01,   -1.892300e-03,    5.996800e-03,    1.363800e-02,    1.363800e-02,    9.914400e-03,    9.914400e-03,    9.914400e-03,    9.914400e-03,    5.158500e-03,    5.158500e-03,
        15,    2.511800e+02,   -1.666236e-02,   -1.728688e-02,    1.811883e-01,   -1.907383e-01,   -1.389914e-01,    2.011813e-01,    6.239119e-04,    7.383047e-03,    1.305927e+00,   -1.180460e+00,   -1.386772e-03,   -6.395991e-01,   -2.973047e-01,    1.157008e+00,   -1.039585e+00,    2.784261e-02,    2.190000e-03,   -3.432800e-02,    1.811700e-01,   -1.991900e-01,   -1.429200e-01,    2.164700e-01,   -7.614800e-03,    7.603700e-03,    1.443600e-02,    1.443600e-02,    1.321400e-02,    1.321400e-02,    1.321400e-02,    1.321400e-02,    7.925000e-03,    7.925000e-03,
        16,    1.000000e+02,    7.864247e-03,   -9.813436e-03,    9.985897e-02,   -1.079282e-01,   -1.266319e-01,    1.300190e-01,   -7.195281e-03,    8.508709e-03,    5.178788e-01,   -1.246685e-01,   -1.658204e-01,    2.673926e-01,   -3.468158e-01,    3.227280e-01,    1.923757e-01,   -1.201461e-01,    1.157200e-02,   -1.070600e-02,    9.850200e-02,   -1.057400e-01,   -1.294700e-01,    1.326600e-01,   -5.967000e-03,    7.741600e-03,    7.159500e-03,    7.159500e-03,    8.183400e-03,    8.183400e-03,    8.183400e-03,    8.183400e-03,    6.384800e-03,    6.384800e-03,
        16,    1.584800e+02,    1.059963e-02,   -1.165391e-02,    1.270502e-01,   -1.363944e-01,   -1.586915e-01,    1.649438e-01,   -9.039115e-03,    1.071305e-02,    3.770101e-01,   -8.801460e-03,   -4.593859e-01,    2.938105e-02,   -4.331702e-01,    3.653929e-01,    1.617065e-01,    1.162201e-01,    1.385900e-02,   -1.173000e-02,    1.222900e-01,   -1.360900e-01,   -1.631800e-01,    1.687300e-01,   -7.649200e-03,    1.171200e-02,    8.645300e-03,    8.645300e-03,    1.036200e-02,    1.036200e-02,    1.036200e-02,    1.036200e-02,    8.595300e-03,    8.595300e-03,
        16,    2.511800e+02,    1.391616e-02,   -1.352650e-02,    1.600058e-01,   -1.733368e-01,   -2.002220e-01,    2.105970e-01,   -1.196219e-02,    1.355454e-02,    4.016591e-01,    5.749092e-03,   -6.770318e-01,   -1.383263e-01,   -1.617022e-01,    1.866382e-01,   -1.618610e-02,    2.623627e-01,    1.828300e-02,   -1.346400e-02,    1.511800e-01,   -1.751400e-01,   -2.023300e-01,    2.130300e-01,   -1.215100e-02,    1.661500e-02,    1.087200e-02,    1.087200e-02,    1.303600e-02,    1.303600e-02,    1.303600e-02,    1.303600e-02,    1.166500e-02,    1.166500e-02,
        17,    1.000000e+02,   -3.267084e-03,    6.610150e-03,    8.778041e-02,   -1.308194e-01,   -9.268574e-02,    1.444448e-01,   -5.167382e-03,    3.300558e-03,    1.349662e-01,    9.167516e-01,   -2.159702e-01,    5.693371e-01,    2.605123e+00,   -3.754933e-02,   -1.168817e+00,   -2.768405e-01,   -2.366400e-03,    1.272800e-02,    8.608500e-02,   -1.263500e-01,   -7.223500e-02,    1.441500e-01,   -1.331100e-02,    1.371700e-03,    6.673400e-03,    6.673400e-03,    7.850200e-03,    7.850200e-03,    7.850200e-03,    7.850200e-03,    6.967400e-03,    6.967400e-03,
        17,    1.584800e+02,   -3.356012e-03,    1.206310e-02,    1.181736e-01,   -1.803347e-01,   -1.264829e-01,    1.969064e-01,   -7.603469e-03,    1.521787e-03,   -2.260582e-01,    7.011108e-01,   -8.684866e-01,    9.275600e-01,    2.706194e+00,   -9.770269e-01,   -7.810788e-01,    8.661446e-02,   -5.485300e-03,    1.866700e-02,    1.091900e-01,   -1.707400e-01,   -9.849000e-02,    1.868000e-01,   -1.401800e-02,    2.233100e-03,    9.419200e-03,    9.419200e-03,    1.034400e-02,    1.034400e-02,    1.034400e-02,    1.034400e-02,    8.212400e-03,    8.212400e-03,
        17,    2.511800e+02,   -5.666972e-03,    2.020464e-02,    1.614722e-01,   -2.437970e-01,   -1.746234e-01,    2.640041e-01,   -8.663733e-03,   -1.949688e-03,   -4.795663e-01,    5.039692e-02,   -1.313549e+00,    7.220406e-01,    2.124989e+00,   -1.961321e+00,   -5.569447e-01,   -1.505715e-01,   -1.147500e-02,    2.081500e-02,    1.433400e-01,   -2.338300e-01,   -1.452900e-01,    2.369300e-01,   -1.393800e-02,   -3.375600e-03,    1.211100e-02,    1.211100e-02,    1.380400e-02,    1.380400e-02,    1.380400e-02,    1.380400e-02,    9.470000e-03,    9.470000e-03,
        18,    1.000000e+02,    4.267914e-01,   -1.262950e-01,    3.448344e-01,   -2.937783e-01,   -1.648459e+00,    7.115415e-01,   -6.127670e-01,    3.121699e-02,    1.238262e+00,   -5.838235e-01,    1.467232e+00,   -4.784354e-01,   -4.754225e+00,    2.296989e+00,   -5.219131e-01,    3.437819e-01,    5.274200e-01,   -1.737400e-01,    4.216000e-01,   -3.188100e-01,   -1.897200e+00,    8.317200e-01,   -7.079900e-01,    9.394000e-02,    8.126600e-02,    8.126600e-02,    5.232000e-02,    5.232000e-02,    5.232000e-02,    5.232000e-02,    1.824500e-01,    1.824500e-01,
        18,    1.584800e+02,    4.563176e-01,   -1.295498e-01,    4.163409e-01,   -3.869070e-01,   -1.834332e+00,    7.939720e-01,   -6.078403e-01,    2.542077e-02,    1.230129e+00,   -6.147821e-01,    1.246360e+00,   -9.401190e-02,   -4.667781e+00,    2.418475e+00,   -5.764956e-01,    2.621207e-01,    5.696100e-01,   -1.861700e-01,    4.915500e-01,   -3.925800e-01,   -2.116000e+00,    9.399100e-01,   -7.197900e-01,    7.632200e-02,    9.209800e-02,    9.209800e-02,    6.034300e-02,    6.034300e-02,    6.034300e-02,    6.034300e-02,    1.941900e-01,    1.941900e-01,
        18,    2.511800e+02,    4.827565e-01,   -1.414583e-01,    5.146490e-01,   -5.013208e-01,   -2.031614e+00,    9.089153e-01,   -6.077300e-01,    2.379832e-02,    1.286906e+00,   -6.144070e-01,    1.014672e+00,    1.258683e-01,   -4.703465e+00,    2.325365e+00,   -6.939415e-01,    1.121389e-01,    6.192200e-01,   -2.066100e-01,    5.861600e-01,   -4.924500e-01,   -2.363100e+00,    1.072800e+00,   -7.534300e-01,    4.734300e-02,    1.060400e-01,    1.060400e-01,    7.047700e-02,    7.047700e-02,    7.047700e-02,    7.047700e-02,    2.099600e-01,    2.099600e-01,
        19,    1.000000e+02,    2.164726e-03,    2.109856e-04,    1.252467e-01,   -1.234949e-01,   -1.304693e-01,    1.389374e-01,    2.047085e-02,   -2.297670e-02,   -2.701107e-01,   -4.436170e-01,   -1.301170e+00,    2.020489e+00,    1.198339e+00,   -2.511958e+00,    1.083072e-01,   -7.512592e-01,    1.495500e-03,   -8.881200e-04,    1.146500e-01,   -1.070400e-01,   -1.207100e-01,    1.184800e-01,    2.178700e-02,   -3.210600e-02,    2.477600e-03,    2.477600e-03,    8.144000e-03,    8.144000e-03,    8.144000e-03,    8.144000e-03,    1.215200e-02,    1.215200e-02,
        19,    1.584800e+02,    1.801898e-03,    2.275416e-03,    1.515270e-01,   -1.599171e-01,   -1.644976e-01,    1.809476e-01,    2.512160e-02,   -3.205006e-02,    1.736316e-01,   -9.042081e-01,   -1.459816e+00,    2.445503e+00,    2.027810e+00,   -2.796655e+00,    1.003184e-01,   -5.300436e-01,    2.369100e-03,   -6.783600e-04,    1.368500e-01,   -1.353300e-01,   -1.441100e-01,    1.528300e-01,    2.663400e-02,   -4.004100e-02,    3.266700e-03,    3.266700e-03,    1.005400e-02,    1.005400e-02,    1.005400e-02,    1.005400e-02,    1.507600e-02,    1.507600e-02,
        19,    2.511800e+02,    2.126093e-05,    4.103320e-03,    1.872167e-01,   -2.115841e-01,   -2.116421e-01,    2.341100e-01,    3.304298e-02,   -4.435361e-02,    8.512879e-01,   -1.070377e+00,   -1.579677e+00,    2.934945e+00,    2.386163e+00,   -2.770583e+00,    3.427182e-02,   -3.319472e-01,    4.099100e-03,   -1.024000e-03,    1.670900e-01,   -1.741900e-01,   -1.812400e-01,    1.988100e-01,    3.370100e-02,   -5.072700e-02,    4.790200e-03,    4.790200e-03,    1.274100e-02,    1.274100e-02,    1.274100e-02,    1.274100e-02,    1.920000e-02,    1.920000e-02,
        21,    1.000000e+02,   -1.499430e-03,    1.228223e-03,    1.274421e-01,   -1.249636e-01,   -1.268526e-01,    1.222182e-01,   -1.570578e-03,    1.618364e-03,   -2.232673e-01,    2.343037e-01,   -1.744513e-02,    1.443275e-01,   -1.038696e-01,   -5.917664e-02,   -7.430465e-01,    1.037145e-01,   -2.276400e-03,    2.043600e-03,    1.270500e-01,   -1.217200e-01,   -1.287100e-01,    1.211600e-01,   -5.030500e-03,    2.101300e-03,    3.480000e-03,    3.480000e-03,    2.247400e-02,    2.247400e-02,    1.788200e-02,    1.788200e-02,    4.656400e-03,    4.656400e-03,
        21,    1.584800e+02,   -2.492479e-03,    1.047572e-03,    1.578731e-01,   -1.537269e-01,   -1.555698e-01,    1.496211e-01,   -2.596242e-03,    1.178120e-03,   -2.219578e-01,    2.526670e-01,   -2.464721e-02,    6.736201e-02,   -1.644429e-02,   -5.619849e-02,   -5.852331e-01,   -1.928153e-01,   -3.491400e-03,    2.184700e-03,    1.571900e-01,   -1.518600e-01,   -1.559300e-01,    1.483900e-01,   -5.661400e-03,    1.682500e-04,    4.500500e-03,    4.500500e-03,    2.771500e-02,    2.771500e-02,    2.190600e-02,    2.190600e-02,    5.237500e-03,    5.237500e-03,
        21,    2.511800e+02,   -3.059015e-03,    8.724975e-04,    1.919323e-01,   -1.936799e-01,   -1.877758e-01,    1.891906e-01,   -3.623028e-03,    1.503813e-05,   -3.185856e-01,    2.871078e-01,   -1.557840e-02,    8.633349e-02,   -4.277057e-02,   -1.449183e-01,   -3.306145e-01,   -2.060864e-01,   -4.904900e-03,    2.536000e-03,    1.914000e-01,   -1.907300e-01,   -1.889300e-01,    1.852800e-01,   -5.543700e-03,   -1.182200e-03,    5.794000e-03,    5.794000e-03,    3.416900e-02,    3.416900e-02,    2.698500e-02,    2.698500e-02,    5.809400e-03,    5.809400e-03,
        22,    1.000000e+02,    7.451897e-03,   -1.015710e-02,    8.478851e-02,   -1.310705e-01,   -9.170136e-02,    1.371407e-01,   -8.435353e-03,    1.144518e-02,   -3.429340e-01,    6.932536e-02,   -6.391588e-01,    2.732095e+00,   -9.679337e-01,   -3.003657e+00,    5.315415e-01,    6.217860e-02,    5.438600e-03,   -9.750100e-03,    8.017500e-02,   -1.113500e-01,   -9.868800e-02,    1.154600e-01,   -4.914900e-03,    1.185700e-02,    5.870800e-03,    5.870800e-03,    7.218100e-03,    7.218100e-03,    7.218100e-03,    7.218100e-03,    6.623100e-03,    6.623100e-03,
        22,    1.584800e+02,    9.644836e-03,   -1.117044e-02,    1.146675e-01,   -1.797703e-01,   -1.254591e-01,    1.826580e-01,   -1.177133e-02,    1.264099e-02,   -3.217533e-01,    2.841599e-01,   -7.048720e-01,    2.147823e+00,    2.136724e-01,   -2.132397e+00,    3.152983e-01,    2.746512e-01,    7.355400e-03,   -9.148500e-03,    1.077100e-01,   -1.585700e-01,   -1.233500e-01,    1.616100e-01,   -8.946100e-03,    1.510200e-02,    7.115500e-03,    7.115500e-03,    9.870600e-03,    9.870600e-03,    9.870600e-03,    9.870600e-03,    8.960500e-03,    8.960500e-03,
        22,    2.511800e+02,    1.245494e-02,   -1.296474e-02,    1.566579e-01,   -2.433658e-01,   -1.711250e-01,    2.404845e-01,   -1.523985e-02,    1.421260e-02,   -3.241503e-01,    4.551378e-01,   -6.178888e-01,    1.073945e+00,    1.424647e+00,   -9.266593e-01,    4.101872e-02,    4.273108e-01,    9.554900e-03,   -8.892800e-03,    1.482200e-01,   -2.287000e-01,   -1.516700e-01,    2.278300e-01,   -1.473700e-02,    1.945100e-02,    8.946600e-03,    8.946600e-03,    1.365600e-02,    1.365600e-02,    1.365600e-02,    1.365600e-02,    1.225900e-02,    1.225900e-02,
        23,    1.000000e+02,    7.702120e-04,   -1.281047e-03,    8.931470e-02,   -1.034013e-01,   -7.271163e-02,    9.968122e-02,    5.687916e-03,   -4.163513e-03,    1.477902e+00,   -3.043150e-01,   -1.816036e+00,    1.021756e+00,    1.204548e+00,   -1.290799e+00,    8.398060e-01,    3.206185e-01,    7.970700e-03,   -2.763700e-03,    7.852200e-02,   -9.732900e-02,   -6.555300e-02,    9.201000e-02,    9.984700e-03,   -2.523100e-03,    4.872100e-03,    4.872100e-03,    5.943000e-03,    5.943000e-03,    5.943000e-03,    5.943000e-03,    5.116400e-03,    5.116400e-03,
        23,    1.584800e+02,   -5.957243e-04,   -2.394133e-03,    1.170442e-01,   -1.386406e-01,   -1.003308e-01,    1.345085e-01,    5.932310e-03,   -6.084620e-03,    1.641804e+00,    6.112214e-02,   -1.779714e+00,    8.203828e-01,    1.209156e+00,   -8.881708e-01,    8.045959e-01,    5.220574e-01,    9.158400e-03,   -2.031000e-03,    1.026600e-01,   -1.320100e-01,   -9.055800e-02,    1.273300e-01,    1.101800e-02,   -2.784800e-03,    5.941100e-03,    5.941100e-03,    8.082300e-03,    8.082300e-03,    8.082300e-03,    8.082300e-03,    6.320800e-03,    6.320800e-03,
        23,    2.511800e+02,   -1.195220e-03,   -5.001085e-03,    1.534436e-01,   -1.797459e-01,   -1.357816e-01,    1.749419e-01,    7.104101e-03,   -8.776162e-03,    1.587566e+00,    4.301226e-01,   -1.615232e+00,    6.873022e-01,    8.169506e-01,   -9.620069e-01,    6.528166e-01,    9.007998e-01,    1.015000e-02,   -1.927300e-03,    1.361800e-01,   -1.724000e-01,   -1.270500e-01,    1.646600e-01,    1.203600e-02,   -1.970800e-03,    7.146300e-03,    7.146300e-03,    1.068800e-02,    1.068800e-02,    1.068800e-02,    1.068800e-02,    7.554800e-03,    7.554800e-03,
        24,    1.000000e+02,    3.900364e-03,   -5.411219e-03,    1.056569e-01,   -1.304638e-01,   -1.198519e-01,    1.373183e-01,   -2.528119e-03,    7.983900e-03,    7.619269e-01,    1.176734e+00,   -2.521241e+00,    3.739697e+00,    4.101796e+00,   -4.462204e+00,   -5.111290e-01,   -4.466115e-01,    7.582300e-03,    2.752300e-04,    8.819300e-02,   -1.045600e-01,   -9.144000e-02,    1.064100e-01,   -5.044100e-03,    5.785500e-03,    4.832400e-03,    4.832400e-03,    6.926700e-03,    6.926700e-03,    6.926700e-03,    6.926700e-03,    4.922400e-03,    4.922400e-03,
        24,    1.584800e+02,    6.178584e-03,   -5.626583e-03,    1.319523e-01,   -1.782909e-01,   -1.501777e-01,    1.805153e-01,   -5.363694e-03,    9.256675e-03,    5.885816e-01,    6.499785e-01,   -2.385317e+00,    3.812242e+00,    3.877800e+00,   -4.170860e+00,   -3.705342e-01,   -4.634047e-01,    9.944800e-03,   -1.467500e-03,    1.102400e-01,   -1.435900e-01,   -1.148800e-01,    1.425500e-01,   -7.738300e-03,    6.286900e-03,    6.398800e-03,    6.398800e-03,    9.102500e-03,    9.102500e-03,    9.102500e-03,    9.102500e-03,    6.408600e-03,    6.408600e-03,
        24,    2.511800e+02,    8.692499e-03,   -5.233665e-03,    1.720118e-01,   -2.446070e-01,   -1.914565e-01,    2.397698e-01,   -8.314012e-03,    1.068589e-02,    5.039828e-01,   -1.536824e-01,   -2.600330e+00,    3.566909e+00,    3.824181e+00,   -3.661379e+00,   -3.605849e-01,   -5.303328e-01,    1.324800e-02,   -6.622800e-03,    1.402800e-01,   -2.010800e-01,   -1.447900e-01,    1.950900e-01,   -1.134700e-02,    6.225100e-03,    9.039000e-03,    9.039000e-03,    1.220300e-02,    1.220300e-02,    1.220300e-02,    1.220300e-02,    8.411300e-03,    8.411300e-03,
        25,    1.000000e+02,    1.785835e-01,   -5.681716e-02,    2.601844e-01,   -3.236669e-01,   -4.493397e-01,    3.006012e-01,   -1.443923e-01,    1.017526e-01,    9.831303e-01,   -1.917667e-01,    1.955589e+00,   -1.635914e+00,   -4.359964e+00,    2.176984e+00,   -1.152673e+00,    2.871577e-01,    2.288500e-01,   -6.662200e-02,    3.164800e-01,   -3.707600e-01,   -5.748500e-01,    3.632700e-01,   -2.151100e-01,    1.193700e-01,    5.112900e-02,    5.112900e-02,    2.878700e-02,    2.878700e-02,    2.878700e-02,    2.878700e-02,    6.135100e-02,    6.135100e-02,
        25,    1.584800e+02,    1.905634e-01,   -4.611138e-02,    3.529348e-01,   -4.019737e-01,   -5.208735e-01,    3.429410e-01,   -1.728475e-01,    1.067543e-01,    8.251979e-01,    5.862417e-02,    2.111895e+00,   -1.734457e+00,   -3.873828e+00,    1.672681e+00,   -1.068492e+00,    2.763351e-01,    2.389200e-01,   -4.267600e-02,    4.263400e-01,   -4.622600e-01,   -6.555200e-01,    4.010800e-01,   -2.468000e-01,    1.258800e-01,    5.860000e-02,    5.860000e-02,    3.475800e-02,    3.475800e-02,    3.475800e-02,    3.475800e-02,    6.921200e-02,    6.921200e-02,
        25,    2.511800e+02,    1.933186e-01,   -4.116406e-02,    4.630217e-01,   -4.905610e-01,   -5.899395e-01,    4.106031e-01,   -1.950845e-01,    1.146315e-01,    5.868094e-01,    2.369594e-01,    2.219698e+00,   -1.672918e+00,   -3.441846e+00,    1.038621e+00,   -9.257284e-01,    2.727661e-01,    2.309800e-01,   -2.595600e-02,    5.544000e-01,   -5.594300e-01,   -7.316300e-01,    4.533600e-01,   -2.654000e-01,    1.353500e-01,    6.418000e-02,    6.418000e-02,    4.116700e-02,    4.116700e-02,    4.116700e-02,    4.116700e-02,    7.595700e-02,    7.595700e-02,
        27,    1.000000e+02,    1.950212e-03,   -1.016357e-03,    1.018480e-01,   -1.256894e-01,   -8.563007e-02,    1.249255e-01,    1.269066e-03,   -2.971370e-04,   -7.860567e-01,   -9.211248e-01,   -1.968752e-01,    7.083209e-01,    1.158288e+00,    1.793278e-01,   -9.945414e-01,   -1.515010e+00,   -1.389900e-03,   -4.930400e-03,    1.003500e-01,   -1.203000e-01,   -7.681700e-02,    1.262900e-01,   -4.512800e-03,   -9.104800e-03,    4.249200e-03,    4.249200e-03,    7.608700e-03,    7.608700e-03,    7.608700e-03,    7.608700e-03,    5.813600e-03,    5.813600e-03,
        27,    1.584800e+02,    3.083061e-03,    4.224645e-05,    1.351502e-01,   -1.726513e-01,   -1.193154e-01,    1.677350e-01,    4.507460e-04,   -1.045308e-03,   -4.589179e-01,   -8.893605e-01,   -1.291784e+00,    7.256532e-01,    8.901862e-01,    6.852210e-01,   -3.451971e-01,   -1.100308e+00,    1.135000e-03,   -3.733000e-03,    1.218500e-01,   -1.651800e-01,   -1.101500e-01,    1.747900e-01,   -1.637800e-03,   -7.702500e-03,    4.244900e-03,    4.244900e-03,    1.029600e-02,    1.029600e-02,    1.029600e-02,    1.029600e-02,    6.050300e-03,    6.050300e-03,
        27,    2.511800e+02,    2.692509e-03,    1.496119e-03,    1.824103e-01,   -2.261511e-01,   -1.619965e-01,    2.182373e-01,    9.950893e-04,   -2.524461e-03,   -6.679854e-01,   -6.232810e-01,   -1.327049e+00,    4.197826e-01,    1.088295e-01,    7.261949e-01,    9.758449e-03,   -5.728126e-01,    1.016400e-03,   -6.781800e-05,    1.640400e-01,   -2.203400e-01,   -1.604900e-01,    2.282900e-01,    1.055900e-03,   -6.094000e-03,    2.509200e-03,    2.509200e-03,    1.384300e-02,    1.384300e-02,    1.384300e-02,    1.384300e-02,    6.231600e-03,    6.231600e-03,
        28,    1.000000e+02,    4.040807e-02,   -4.489470e-02,    9.487632e-02,   -9.837673e-02,   -8.398275e-02,    9.504869e-02,   -2.512635e-02,    2.637715e-02,    7.396605e-01,   -1.347430e+00,    9.845896e-01,   -1.415777e+00,   -1.341800e+00,    2.669532e-01,   -8.305000e-01,    7.324489e-01,    5.438100e-02,   -7.034900e-02,    1.189200e-01,   -1.329500e-01,   -1.051000e-01,    9.925000e-02,   -3.578000e-02,    3.577300e-02,    1.889100e-02,    1.889100e-02,    2.442000e-02,    2.442000e-02,    1.573800e-02,    1.573800e-02,    1.282800e-02,    1.282800e-02,
        28,    1.584800e+02,    5.162629e-02,   -5.406669e-02,    1.162265e-01,   -1.302326e-01,   -1.072907e-01,    1.251907e-01,   -3.220675e-02,    2.912765e-02,    1.083503e+00,   -1.173189e+00,    1.145879e+00,   -1.183198e+00,   -1.260133e+00,   -6.319420e-02,   -9.237503e-01,    6.545156e-01,    7.753500e-02,   -8.212000e-02,    1.513500e-01,   -1.665000e-01,   -1.322300e-01,    1.239400e-01,   -4.680200e-02,    3.946900e-02,    2.391200e-02,    2.391200e-02,    3.065200e-02,    3.065200e-02,    1.979100e-02,    1.979100e-02,    1.580000e-02,    1.580000e-02,
        28,    2.511800e+02,    6.324585e-02,   -6.665760e-02,    1.435366e-01,   -1.723030e-01,   -1.362662e-01,    1.621266e-01,   -3.717350e-02,    3.427579e-02,    1.298358e+00,   -8.864534e-01,    1.369416e+00,   -8.170138e-01,   -1.156461e+00,   -3.593754e-01,   -1.104091e+00,    4.060431e-01,    1.016500e-01,   -9.287800e-02,    1.958100e-01,   -2.034900e-01,   -1.646700e-01,    1.533000e-01,   -5.822300e-02,    4.201700e-02,    2.957900e-02,    2.957900e-02,    3.817200e-02,    3.817200e-02,    2.456100e-02,    2.456100e-02,    1.906500e-02,    1.906500e-02,
        29,    1.000000e+02,    3.509658e-01,   -1.298282e-01,    3.653329e-01,   -2.815574e-01,   -7.440924e-01,    4.449014e-01,   -3.369088e-01,    5.291007e-02,    6.875678e-01,   -2.926058e-02,    4.330372e-01,   -4.348948e-02,    6.435923e-01,   -4.360244e-01,    1.908218e-02,   -7.730134e-02,    3.968300e-01,   -1.317800e-01,    3.790000e-01,   -2.829300e-01,   -7.237800e-01,    4.311400e-01,   -3.353800e-01,    4.671700e-02,    6.670500e-02,    6.670500e-02,    3.156100e-02,    3.156100e-02,    3.156100e-02,    3.156100e-02,    8.011600e-02,    8.011600e-02,
        29,    1.584800e+02,    3.841524e-01,   -1.513982e-01,    4.264366e-01,   -3.561962e-01,   -8.479284e-01,    5.519010e-01,   -3.538665e-01,    3.116148e-02,    5.810491e-01,   -1.086393e-01,    4.358534e-01,    2.551871e-01,    5.175096e-01,   -3.081432e-01,    7.852893e-03,   -2.175095e-01,    4.283400e-01,   -1.596600e-01,    4.426900e-01,   -3.466800e-01,   -8.286300e-01,    5.404100e-01,   -3.531700e-01,    1.187100e-02,    7.604800e-02,    7.604800e-02,    3.729100e-02,    3.729100e-02,    3.729100e-02,    3.729100e-02,    8.868800e-02,    8.868800e-02,
        29,    2.511800e+02,    4.254710e-01,   -1.795834e-01,    5.013735e-01,   -4.589298e-01,   -9.768546e-01,    6.987422e-01,   -3.685892e-01,    1.652975e-03,    5.328667e-01,   -1.878542e-01,    8.570005e-02,    6.602905e-01,    5.805369e-01,   -6.071029e-01,    5.516457e-02,   -2.893010e-01,    4.720100e-01,   -1.959900e-01,    5.051400e-01,   -4.299100e-01,   -9.513400e-01,    6.720600e-01,   -3.632000e-01,   -2.661000e-02,    8.733700e-02,    8.733700e-02,    4.395000e-02,    4.395000e-02,    4.395000e-02,    4.395000e-02,    9.769400e-02,    9.769400e-02,
        30,    1.000000e+02,    6.810613e-01,   -1.284330e-01,    7.136070e-01,   -4.097648e-01,   -1.295321e+00,    5.346592e-01,   -8.430919e-01,    1.979939e-01,    8.690339e-01,   -4.292732e-01,    1.401254e+00,   -8.556217e-01,   -3.167157e+00,    1.453493e+00,   -7.416516e-01,    4.516061e-01,    7.941400e-01,   -1.842900e-01,    7.991200e-01,   -4.619800e-01,   -1.488600e+00,    6.233600e-01,   -9.862900e-01,    2.851900e-01,    1.301200e-01,    1.301200e-01,    6.102600e-02,    6.102600e-02,    6.102600e-02,    6.102600e-02,    1.930800e-01,    1.930800e-01,
        30,    1.584800e+02,    7.057546e-01,   -1.285466e-01,    8.143724e-01,   -4.814682e-01,   -1.419978e+00,    6.391464e-01,   -8.850345e-01,    1.700751e-01,    9.468328e-01,   -4.740499e-01,    1.397452e+00,   -7.422590e-01,   -3.359221e+00,    1.248947e+00,   -8.992333e-01,    4.221636e-01,    8.413600e-01,   -1.964400e-01,    9.107700e-01,   -5.326700e-01,   -1.651700e+00,    7.253000e-01,   -1.075600e+00,    2.595400e-01,    1.432200e-01,    1.432200e-01,    6.898100e-02,    6.898100e-02,    6.898100e-02,    6.898100e-02,    2.119200e-01,    2.119200e-01,
        30,    2.511800e+02,    7.305343e-01,   -1.396779e-01,    9.241792e-01,   -5.784613e-01,   -1.571497e+00,    7.834264e-01,   -9.065381e-01,    1.532624e-01,    1.072059e+00,   -4.908910e-01,    1.104429e+00,   -6.324957e-01,   -3.352415e+00,    1.207675e+00,   -1.011227e+00,    4.025970e-01,    8.991800e-01,   -2.169000e-01,    1.010000e+00,   -6.276100e-01,   -1.832000e+00,    8.772700e-01,   -1.140000e+00,    2.462100e-01,    1.573100e-01,    1.573100e-01,    7.770600e-02,    7.770600e-02,    7.770600e-02,    7.770600e-02,    2.308700e-01,    2.308700e-01,
        31,    1.000000e+02,   -5.565495e-03,    2.630338e-02,    2.661057e-01,   -3.174527e-01,   -2.565891e-01,    1.757108e-01,    1.700007e-02,   -1.618883e-02,    7.631842e-01,    8.218426e-01,    3.464480e+00,   -4.114719e+00,   -1.265541e+00,    1.511161e+00,    1.508125e-01,   -5.861243e-02,    1.262500e-02,    4.589200e-02,    3.409800e-01,   -4.063800e-01,   -2.839400e-01,    2.083700e-01,    1.914900e-02,   -1.702400e-02,    2.383500e-02,    2.383500e-02,    2.161200e-02,    2.161200e-02,    2.161200e-02,    2.161200e-02,    1.424900e-02,    1.424900e-02,
        31,    1.584800e+02,   -1.523324e-02,    3.176773e-02,    3.622737e-01,   -3.794014e-01,   -2.975029e-01,    2.101271e-01,    2.418049e-02,   -1.795628e-02,    1.183014e-01,    1.265961e+00,    4.218876e+00,   -3.279110e+00,   -1.320197e+00,    1.330360e+00,    1.609751e-03,    9.704792e-02,   -1.127700e-02,    7.410400e-02,    4.726100e-01,   -4.651600e-01,   -3.320300e-01,    2.449200e-01,    2.420700e-02,   -1.635800e-02,    3.344200e-02,    3.344200e-02,    2.615300e-02,    2.615300e-02,    2.615300e-02,    2.615300e-02,    1.646900e-02,    1.646900e-02,
        31,    2.511800e+02,   -2.381747e-02,    3.581018e-02,    4.646151e-01,   -4.445490e-01,   -3.409349e-01,    2.601056e-01,    2.881866e-02,   -1.707657e-02,   -6.064405e-01,    1.355114e+00,    4.520087e+00,   -2.259354e+00,   -1.448422e+00,    1.123203e+00,    3.514024e-02,   -8.979682e-02,   -5.043900e-02,    9.529700e-02,    6.050000e-01,   -5.147200e-01,   -3.859200e-01,    2.949900e-01,    2.950600e-02,   -1.883300e-02,    4.389800e-02,    4.389800e-02,    3.105800e-02,    3.105800e-02,    3.105800e-02,    3.105800e-02,    1.956000e-02,    1.956000e-02,
        32,    1.000000e+02,   -5.370386e-03,   -2.087049e-03,    8.159413e-02,   -8.715007e-02,   -1.016727e-01,    1.049024e-01,    8.125350e-03,   -2.525185e-03,    6.166742e-01,   -2.296473e-01,   -6.451867e-01,   -3.082176e-02,   -7.203777e-02,   -4.782676e-01,   -2.650619e-02,   -3.680303e-01,   -3.284300e-03,   -2.863900e-03,    7.740900e-02,   -8.735000e-02,   -1.021400e-01,    1.018000e-01,    7.980700e-03,   -4.533600e-03,    3.382800e-03,    3.382800e-03,    6.486700e-03,    6.486700e-03,    6.486700e-03,    6.486700e-03,    5.457200e-03,    5.457200e-03,
        32,    1.584800e+02,   -4.827153e-03,   -2.282955e-03,    1.029032e-01,   -1.121149e-01,   -1.304520e-01,    1.327084e-01,    9.766511e-03,   -3.853503e-03,    5.397844e-01,   -8.793023e-02,   -1.679607e-01,    4.115627e-01,    1.409016e-01,   -9.660582e-01,    6.200282e-02,   -4.938482e-01,   -2.881500e-03,   -2.599900e-03,    1.015300e-01,   -1.087500e-01,   -1.293000e-01,    1.248100e-01,    1.020900e-02,   -7.377900e-03,    3.604500e-03,    3.604500e-03,    8.175900e-03,    8.175900e-03,    8.175900e-03,    8.175900e-03,    7.136600e-03,    7.136600e-03,
        32,    2.511800e+02,   -4.123175e-03,   -2.807239e-03,    1.295835e-01,   -1.437114e-01,   -1.653422e-01,    1.652684e-01,    1.157171e-02,   -3.698844e-03,    3.178754e-01,   -8.426606e-02,    1.110370e-01,    8.589526e-01,    4.213183e-01,   -1.069700e+00,    2.436747e-01,   -4.588152e-01,   -2.781900e-03,   -3.162800e-03,    1.307200e-01,   -1.349200e-01,   -1.610300e-01,    1.543200e-01,    1.374100e-02,   -7.783400e-03,    4.219500e-03,    4.219500e-03,    1.023500e-02,    1.023500e-02,    1.023500e-02,    1.023500e-02,    8.902400e-03,    8.902400e-03,
        33,    1.000000e+02,   -1.651702e-03,    7.660107e-03,    2.259191e-01,   -3.074640e-01,   -3.381981e-01,    2.685669e-01,    1.269327e-03,   -2.142170e-02,    2.785396e+00,    4.260185e-02,    6.201189e-01,   -3.796863e+00,   -3.010726e+00,    1.078258e-01,    1.109668e+00,    1.850069e-01,    8.103000e-02,    8.924700e-03,    2.433500e-01,   -4.141900e-01,   -4.114400e-01,    2.711900e-01,    2.065300e-02,   -1.819000e-02,    2.968400e-02,    2.968400e-02,    2.810900e-02,    2.810900e-02,    2.432700e-02,    2.432700e-02,    1.746800e-02,    1.746800e-02,
        33,    1.584800e+02,   -5.768083e-03,    4.663531e-03,    3.144957e-01,   -3.820257e-01,   -4.125964e-01,    3.178502e-01,    1.231265e-02,   -2.022737e-02,    2.925040e+00,    4.252532e-01,    1.021981e-01,   -3.668447e+00,   -2.969671e+00,    7.969830e-01,    1.845522e+00,   -1.267414e-02,    1.094200e-01,    2.141000e-02,    3.186100e-01,   -5.297100e-01,   -5.037000e-01,    3.423000e-01,    7.108700e-02,   -2.063100e-02,    3.938000e-02,    3.938000e-02,    4.025800e-02,    4.025800e-02,    3.067800e-02,    3.067800e-02,    3.184700e-02,    3.184700e-02,
        33,    2.511800e+02,   -7.457688e-03,   -2.878968e-04,    4.153174e-01,   -4.661147e-01,   -4.917396e-01,    3.770254e-01,    2.044538e-02,   -1.449528e-02,    2.765490e+00,    7.069792e-01,   -4.071520e-01,   -3.571658e+00,   -2.538312e+00,    1.373536e+00,    2.121517e+00,   -9.975601e-02,    1.183500e-01,    3.187400e-02,    3.957700e-01,   -6.375900e-01,   -5.853500e-01,    4.276800e-01,    1.115900e-01,   -1.878100e-02,    4.549200e-02,    4.549200e-02,    4.801000e-02,    4.801000e-02,    3.687900e-02,    3.687900e-02,    4.296200e-02,    4.296200e-02,
        34,    1.000000e+02,   -3.527444e-03,   -8.425624e-03,    7.741752e-02,   -6.003639e-02,   -8.124905e-02,    7.421557e-02,    4.187975e-03,    2.193604e-03,   -2.568152e+00,    1.242679e+00,    1.159123e+00,    1.265875e+00,   -1.052806e+00,    1.403711e+00,    4.314740e-01,    9.904006e-02,   -2.118400e-02,    1.180400e-04,    8.372500e-02,   -5.314800e-02,   -8.697800e-02,    8.185400e-02,    5.996800e-03,    2.608800e-03,    6.875200e-03,    6.875200e-03,    5.441600e-03,    5.441600e-03,    5.441600e-03,    5.441600e-03,    4.192200e-03,    4.192200e-03,
        34,    1.584800e+02,   -3.248183e-04,   -5.711173e-03,    8.727777e-02,   -8.245871e-02,   -9.481436e-02,    1.012786e-01,    3.320217e-03,    2.596290e-03,   -2.303465e+00,   -6.259703e-01,    8.809494e-01,   -4.933319e-01,   -2.434217e-01,    2.276376e+00,   -5.030039e-02,    8.896308e-01,   -1.816400e-02,   -1.055900e-02,    9.338900e-02,   -8.588100e-02,   -9.650300e-02,    1.170700e-01,    3.060400e-03,    7.191500e-03,    7.744500e-03,    7.744500e-03,    6.937100e-03,    6.937100e-03,    6.937100e-03,    6.937100e-03,    5.165300e-03,    5.165300e-03,
        34,    2.511800e+02,    4.829264e-04,   -2.740942e-03,    1.022466e-01,   -1.155868e-01,   -1.159182e-01,    1.395893e-01,    2.351807e-03,    3.117452e-03,   -9.544998e-01,   -1.552524e+00,   -1.812206e-01,   -1.265963e+00,   -5.584610e-01,    1.725302e+00,   -4.023496e-01,    2.495379e-01,   -6.846200e-03,   -1.466200e-02,    1.006300e-01,   -1.268800e-01,   -1.209000e-01,    1.549800e-01,    6.090700e-04,    4.198300e-03,    7.678500e-03,    7.678500e-03,    8.920600e-03,    8.920600e-03,    8.920600e-03,    8.920600e-03,    4.331400e-03,    4.331400e-03,
        35,    1.000000e+02,    3.658529e-03,   -8.144335e-03,    8.389623e-02,   -1.077173e-01,   -7.958209e-02,    9.800533e-02,    3.692584e-03,   -1.458649e-03,    7.178795e-01,   -7.615952e-01,    1.493274e+00,   -3.457276e+00,   -1.526516e+00,    1.907471e+00,   -2.603055e-01,   -7.528909e-02,    9.360000e-03,   -1.419300e-02,    9.544700e-02,   -1.344600e-01,   -9.139000e-02,    1.127600e-01,    2.836700e-03,   -1.706200e-03,    7.942100e-03,    7.942100e-03,    7.735200e-03,    7.735200e-03,    7.735200e-03,    7.735200e-03,    3.288000e-03,    3.288000e-03,
        35,    1.584800e+02,    5.328053e-03,   -1.025975e-02,    1.058406e-01,   -1.427858e-01,   -9.971488e-02,    1.295751e-01,    3.969890e-03,   -2.623042e-03,    7.168591e-01,   -6.281293e-01,    1.707544e+00,   -3.334736e+00,   -1.353963e+00,    2.369039e+00,    1.214027e-01,   -1.093407e-02,    1.251600e-02,   -1.655800e-02,    1.231500e-01,   -1.765900e-01,   -1.134400e-01,    1.535900e-01,    4.547900e-03,   -2.675100e-03,    1.002700e-02,    1.002700e-02,    1.013700e-02,    1.013700e-02,    1.013700e-02,    1.013700e-02,    4.761100e-03,    4.761100e-03,
        35,    2.511800e+02,    7.025035e-03,   -1.326496e-02,    1.327537e-01,   -1.915377e-01,   -1.246386e-01,    1.731659e-01,    4.541160e-03,   -4.160174e-03,    1.107054e+00,   -3.702601e-01,    2.364778e+00,   -3.503427e+00,   -1.284072e+00,    2.950564e+00,   -2.108383e-02,   -2.334871e-01,    2.222600e-02,   -1.834900e-02,    1.650400e-01,   -2.393700e-01,   -1.421700e-01,    2.134500e-01,    4.405500e-03,   -5.662500e-03,    1.373100e-02,    1.373100e-02,    1.365300e-02,    1.365300e-02,    1.365300e-02,    1.365300e-02,    6.434300e-03,    6.434300e-03,
        36,    1.000000e+02,   -6.946308e-03,    6.509134e-03,    2.199179e-01,   -3.194847e-01,   -4.885808e-01,    3.649579e-01,    6.351359e-02,   -6.685894e-02,    8.483500e-01,    7.932075e-01,    3.330334e-01,   -5.563199e-01,   -9.172676e-01,   -2.015939e-01,    8.551883e-02,   -7.380728e-01,    3.486700e-03,    1.626400e-02,    2.282900e-01,   -3.334700e-01,   -5.116400e-01,    3.598900e-01,    6.699600e-02,   -9.691400e-02,    1.229800e-02,    1.229800e-02,    2.513900e-02,    2.513900e-02,    2.513900e-02,    2.513900e-02,    4.072100e-02,    4.072100e-02,
        36,    1.584800e+02,   -1.146096e-02,    5.491876e-05,    3.011664e-01,   -4.119931e-01,   -5.798145e-01,    4.549497e-01,    8.586717e-02,   -6.676674e-02,    1.032007e+00,    7.397515e-01,    1.344913e+00,   -9.685419e-01,   -5.810447e-01,    6.126161e-01,    5.324173e-01,   -4.173408e-01,   -1.515100e-03,    7.184200e-03,    3.452500e-01,   -4.437400e-01,   -5.988600e-01,    4.750300e-01,    1.122000e-01,   -8.740800e-02,    9.637400e-03,    9.637400e-03,    3.277800e-02,    3.277800e-02,    3.277800e-02,    3.277800e-02,    4.945900e-02,    4.945900e-02,
        36,    2.511800e+02,   -1.283260e-02,   -9.630582e-03,    3.984766e-01,   -5.286697e-01,   -6.822344e-01,    5.718864e-01,    1.057932e-01,   -6.315770e-02,   -7.718116e-02,    7.226657e-01,    9.507891e-01,    1.400830e-01,   -2.939035e-01,    1.126097e+00,    5.465719e-01,    1.403528e-01,   -1.396300e-02,    9.535800e-04,    4.362800e-01,   -5.231000e-01,   -6.939200e-01,    6.166600e-01,    1.360700e-01,   -5.538300e-02,    1.464600e-02,    1.464600e-02,    3.976000e-02,    3.976000e-02,    3.976000e-02,    3.976000e-02,    5.539400e-02,    5.539400e-02,
        37,    1.584800e+02,    3.803669e-02,   -1.867757e-02,    3.639377e-01,   -4.633330e-01,   -3.959179e-01,    4.588032e-01,    2.258127e-02,   -5.018799e-02,    8.560286e-01,   -4.437452e-02,    1.499879e+00,   -3.150237e+00,   -2.453217e+00,    1.284206e+00,   -5.539881e-01,   -5.093859e-01,    6.655700e-02,   -2.015600e-02,    4.166900e-01,   -5.741300e-01,   -4.822000e-01,    5.039700e-01,    4.637600e-03,   -6.668700e-02,    3.331700e-02,    3.331700e-02,    3.517100e-02,    3.517100e-02,    3.517100e-02,    3.517100e-02,    3.239000e-02,    3.239000e-02,
        38,    1.000000e+02,    4.050900e-03,    6.509161e-04,    8.246807e-02,   -8.438107e-02,   -7.228802e-02,    1.104124e-01,    1.930574e-03,    2.615880e-04,   -1.339146e+00,   -3.618092e+00,   -4.643808e-01,    7.637176e-01,   -1.280688e+00,    3.919353e+00,   -6.928955e-01,   -1.481839e+00,   -8.321600e-03,   -3.277700e-02,    7.937000e-02,   -7.928600e-02,   -8.083200e-02,    1.365600e-01,   -1.702000e-03,   -7.507100e-03,    9.239100e-03,    9.239100e-03,    6.671400e-03,    6.671400e-03,    6.671400e-03,    6.671400e-03,    5.242600e-03,    5.242600e-03,
        38,    1.584800e+02,    1.461463e-03,    1.223722e-03,    9.953166e-02,   -1.161591e-01,   -9.854840e-02,    1.494532e-01,    2.873023e-03,   -1.092096e-03,    4.419781e-01,   -2.516621e+00,   -1.886411e+00,   -1.526476e+00,    3.948495e-01,    2.444369e+00,   -4.031131e-01,   -5.721803e-01,    5.210100e-03,   -2.012100e-02,    8.318100e-02,   -1.293900e-01,   -9.512600e-02,    1.706400e-01,    1.269600e-03,   -3.368000e-03,    8.481500e-03,    8.481500e-03,    8.667600e-03,    8.667600e-03,    8.667600e-03,    8.667600e-03,    3.977600e-03,    3.977600e-03,
        38,    2.511800e+02,    2.765066e-04,   -3.156266e-04,    1.238893e-01,   -1.583785e-01,   -1.327251e-01,    1.977133e-01,    4.573735e-03,   -1.091608e-03,    1.222829e+00,   -1.221052e+00,   -2.554112e+00,   -4.039982e+00,    1.234299e+00,    2.582425e+00,    6.716872e-02,   -8.405655e-01,    1.136500e-02,   -1.138800e-02,    9.300500e-02,   -2.072300e-01,   -1.178000e-01,    2.289400e-01,    5.049800e-03,   -7.049200e-03,    9.067900e-03,    9.067900e-03,    1.209200e-02,    1.209200e-02,    1.209200e-02,    1.209200e-02,    7.087600e-03,    7.087600e-03,
        39,    1.000000e+02,    4.232203e-03,   -1.124166e-02,    1.014857e-01,   -9.061693e-02,   -9.115461e-02,    8.501267e-02,   -6.488508e-03,    6.005516e-03,   -6.215596e-01,   -1.218312e+00,    6.727877e-01,   -2.205354e+00,   -1.830395e+00,    1.232278e+00,   -2.556298e-01,    7.771468e-01,   -1.101400e-03,   -2.169600e-02,    1.063800e-01,   -1.066600e-01,   -1.044700e-01,    9.397700e-02,   -8.178400e-03,    1.114300e-02,    8.581000e-03,    8.581000e-03,    7.274600e-03,    7.274600e-03,    7.274600e-03,    7.274600e-03,    6.610700e-03,    6.610700e-03,
        39,    1.584800e+02,    7.570798e-03,   -8.125420e-03,    1.200679e-01,   -1.155909e-01,   -1.086779e-01,    1.127624e-01,   -8.592569e-03,    5.188428e-03,    2.102995e-01,   -1.441482e+00,    1.491291e+00,   -2.575467e+00,   -1.765956e+00,    9.796094e-01,   -5.978552e-01,    5.741462e-01,    9.769900e-03,   -2.319900e-02,    1.337500e-01,   -1.392200e-01,   -1.248800e-01,    1.217500e-01,   -1.342300e-02,    9.827300e-03,    1.045700e-02,    1.045700e-02,    9.174700e-03,    9.174700e-03,    9.174700e-03,    9.174700e-03,    8.079600e-03,    8.079600e-03,
        39,    2.511800e+02,    7.152142e-03,   -5.669046e-03,    1.423549e-01,   -1.531632e-01,   -1.330080e-01,    1.515723e-01,   -1.036911e-02,    3.812053e-03,    1.000149e+00,   -1.118525e+00,    2.635445e+00,   -2.193883e+00,   -1.938276e+00,    6.992514e-01,   -7.273451e-01,    2.205459e-01,    1.963200e-02,   -1.962600e-02,    1.734400e-01,   -1.790400e-01,   -1.558700e-01,    1.598200e-01,   -1.734900e-02,    5.928500e-03,    1.247800e-02,    1.247800e-02,    1.179500e-02,    1.179500e-02,    1.179500e-02,    1.179500e-02,    9.596400e-03,    9.596400e-03,
        41,    1.000000e+02,    3.184899e-02,   -1.217073e-02,    1.209009e-01,   -1.645874e-01,   -1.330092e-01,    1.642967e-01,   -2.586483e-02,    5.894884e-03,   -5.407347e-01,   -6.072050e-01,   -5.458392e+00,    6.866710e+00,    6.030862e+00,   -7.178571e+00,   -2.839378e-01,    5.044816e-01,    2.638000e-02,   -1.831200e-02,    8.188100e-02,   -1.155000e-01,   -8.989700e-02,    1.129800e-01,   -2.870100e-02,    1.093400e-02,    1.011400e-02,    1.011400e-02,    7.148600e-03,    7.148600e-03,    7.148600e-03,    7.148600e-03,    9.988700e-03,    9.988700e-03,
        41,    1.584800e+02,    3.535244e-02,   -2.209004e-02,    1.520396e-01,   -2.300544e-01,   -1.684461e-01,    2.340622e-01,   -2.603756e-02,    1.292905e-02,   -1.492076e-01,   -4.690946e-01,   -4.782216e+00,    7.143016e+00,    5.884426e+00,   -7.315421e+00,   -4.756147e-01,    2.808984e-02,    3.329800e-02,   -2.854900e-02,    1.055000e-01,   -1.605400e-01,   -1.111800e-01,    1.628700e-01,   -3.192900e-02,    1.327700e-02,    1.376900e-02,    1.376900e-02,    9.731800e-03,    9.731800e-03,    9.731800e-03,    9.731800e-03,    1.238700e-02,    1.238700e-02,
        41,    2.511800e+02,    4.368373e-02,   -3.200323e-02,    2.025746e-01,   -3.206601e-01,   -2.259533e-01,    3.232135e-01,   -3.080415e-02,    2.118665e-02,    1.375149e-01,   -2.283967e-01,   -4.905452e+00,    7.751296e+00,    6.003898e+00,   -7.470657e+00,   -3.192774e-01,   -3.366917e-01,    4.622500e-02,   -3.622400e-02,    1.379600e-01,   -2.185600e-01,   -1.468700e-01,    2.248100e-01,   -3.571400e-02,    1.600900e-02,    1.848000e-02,    1.848000e-02,    1.317200e-02,    1.317200e-02,    1.317200e-02,    1.317200e-02,    1.537800e-02,    1.537800e-02,
        42,    1.000000e+02,    2.228423e-03,   -2.244470e-02,    1.074257e-01,   -9.977015e-02,   -1.065198e-01,    1.020900e-01,   -1.372724e-03,    2.046351e-02,    2.745091e-01,   -7.160162e-01,   -6.952666e-02,   -3.385461e-01,   -1.481443e-01,    1.163817e+00,   -2.397902e-01,    6.181975e-01,    4.972800e-03,   -2.960300e-02,    1.069000e-01,   -1.023300e-01,   -1.076400e-01,    1.108900e-01,   -3.682000e-03,    2.641700e-02,    9.997400e-03,    9.997400e-03,    7.561300e-03,    7.561300e-03,    7.561300e-03,    7.561300e-03,    9.630400e-03,    9.630400e-03,
        42,    1.584800e+02,    9.524774e-03,   -2.468613e-02,    1.310717e-01,   -1.298764e-01,   -1.288856e-01,    1.335225e-01,   -1.004138e-02,    2.136740e-02,    5.649606e-01,   -7.410874e-01,    2.235800e-01,   -2.725856e-01,   -8.397972e-01,    1.280402e+00,   -4.922242e-01,    6.448397e-01,    1.668000e-02,   -3.407200e-02,    1.332400e-01,   -1.325200e-01,   -1.370300e-01,    1.459400e-01,   -1.607900e-02,    2.927700e-02,    1.266500e-02,    1.266500e-02,    9.698100e-03,    9.698100e-03,    9.698100e-03,    9.698100e-03,    1.226600e-02,    1.226600e-02,
        42,    2.511800e+02,    1.622031e-02,   -2.653550e-02,    1.640118e-01,   -1.671247e-01,   -1.586006e-01,    1.763514e-01,   -1.579422e-02,    2.078715e-02,    7.309551e-01,   -5.917832e-01,    2.770246e-01,   -4.260350e-04,   -1.518710e+00,    8.305861e-01,   -7.093451e-01,    4.865994e-01,    2.754500e-02,   -3.570400e-02,    1.674300e-01,   -1.671300e-01,   -1.773400e-01,    1.866000e-01,   -2.638900e-02,    2.805500e-02,    1.549300e-02,    1.549300e-02,    1.233900e-02,    1.233900e-02,    1.233900e-02,    1.233900e-02,    1.493600e-02,    1.493600e-02,
        43,    2.511800e+02,   -6.783761e-03,    1.081441e-02,    2.030804e-01,   -2.450773e-01,   -2.420713e-01,    2.921086e-01,    2.813790e-02,   -2.939358e-02,    4.136931e-01,    1.142246e+00,   -2.017395e+00,    1.629263e+00,    1.868555e+00,   -2.166187e+00,   -8.099880e-02,   -5.328775e-01,   -1.570400e-03,    2.520900e-02,    1.721900e-01,   -2.201300e-01,   -2.134600e-01,    2.589400e-01,    2.660200e-02,   -3.949800e-02,    1.260200e-02,    1.260200e-02,    1.531200e-02,    1.531200e-02,    1.531200e-02,    1.531200e-02,    1.896200e-02,    1.896200e-02,
        44,    1.000000e+02,    4.720764e-03,   -2.133281e-03,    1.576787e-01,   -1.669618e-01,   -1.530591e-01,    1.635885e-01,   -4.451893e-03,    3.369910e-03,   -3.319625e-02,   -3.025673e-01,   -1.386642e+00,    1.603416e+00,    1.749446e+00,   -2.074576e+00,   -4.550720e-02,   -6.405606e-02,    4.546600e-03,   -3.720700e-03,    1.436500e-01,   -1.507400e-01,   -1.353600e-01,    1.426000e-01,   -4.678100e-03,    3.051500e-03,    5.246500e-03,    5.246500e-03,    1.011700e-02,    1.011700e-02,    1.011700e-02,    1.011700e-02,    4.970800e-03,    4.970800e-03,
        44,    1.584800e+02,    4.141950e-03,    3.858502e-04,    2.021673e-01,   -2.095432e-01,   -1.980853e-01,    2.065982e-01,   -5.312165e-03,    6.649250e-04,    1.947761e-01,   -1.980408e-01,   -1.145357e+00,    1.419672e+00,    1.865720e+00,   -1.957743e+00,    1.313501e-01,    2.142364e-01,    5.241500e-03,   -7.321300e-04,    1.873200e-01,   -1.911400e-01,   -1.739000e-01,    1.812200e-01,   -4.617100e-03,    1.798600e-03,    5.645200e-03,    5.645200e-03,    1.296300e-02,    1.296300e-02,    1.296300e-02,    1.296300e-02,    5.291700e-03,    5.291700e-03,
        44,    2.511800e+02,    2.964055e-03,    2.050113e-03,    2.556709e-01,   -2.617164e-01,   -2.526930e-01,    2.578256e-01,   -4.028271e-03,   -1.412041e-03,    3.594962e-01,    1.198134e-01,   -8.373067e-01,    1.475813e+00,    2.176672e+00,   -1.693164e+00,    1.087718e-01,    3.434312e-01,    5.423800e-03,    2.869900e-03,    2.419600e-01,   -2.375500e-01,   -2.170500e-01,    2.301000e-01,   -3.485500e-03,    3.016800e-04,    6.842200e-03,    6.842200e-03,    1.637500e-02,    1.637500e-02,    1.637500e-02,    1.637500e-02,    4.990000e-03,    4.990000e-03,
        45,    1.000000e+02,   -1.135580e-02,    4.541096e-03,    1.247148e-01,   -1.480008e-01,   -1.370673e-01,    1.417860e-01,    1.594264e-02,   -8.136685e-03,    6.584392e-02,   -3.980909e-01,   -2.200155e-01,   -2.039014e-01,    3.455579e-01,   -3.288582e-01,   -5.555590e-01,   -6.235519e-01,   -1.089900e-02,    1.779300e-03,    1.225900e-01,   -1.499700e-01,   -1.337300e-01,    1.386100e-01,    1.110000e-02,   -1.357200e-02,    6.937600e-03,    6.937600e-03,    9.657600e-03,    9.657600e-03,    9.657600e-03,    9.657600e-03,    8.716700e-03,    8.716700e-03,
        45,    1.584800e+02,   -1.234949e-02,    3.186402e-03,    1.642918e-01,   -1.836918e-01,   -1.723716e-01,    1.744756e-01,    1.823215e-02,   -6.722788e-03,    2.271267e-01,   -2.925153e-01,    9.719699e-03,   -2.094708e-01,    5.204784e-01,   -2.922785e-01,   -2.174528e-01,   -8.226133e-01,   -1.059800e-02,    9.306700e-04,    1.644100e-01,   -1.862400e-01,   -1.660400e-01,    1.709200e-01,    1.585300e-02,   -1.572300e-02,    7.711500e-03,    7.711500e-03,    1.216500e-02,    1.216500e-02,    1.216500e-02,    1.216500e-02,    1.094100e-02,    1.094100e-02,
        45,    2.511800e+02,   -1.193937e-02,    2.183271e-03,    2.109532e-01,   -2.275455e-01,   -2.136700e-01,    2.182868e-01,    1.923205e-02,   -5.681396e-03,    2.118831e-01,   -1.025004e-01,   -5.935420e-02,    1.020361e-01,    7.914143e-01,   -3.313711e-01,    1.272877e-01,   -8.982116e-01,   -1.015300e-02,    1.319100e-03,    2.100600e-01,   -2.260100e-01,   -2.017600e-01,    2.133000e-01,    2.094700e-02,   -1.778300e-02,    8.430900e-03,    8.430900e-03,    1.504900e-02,    1.504900e-02,    1.504900e-02,    1.504900e-02,    1.347300e-02,    1.347300e-02,
        46,    1.000000e+02,   -2.989171e-02,    7.610957e-03,    1.340563e-01,   -1.183952e-01,   -1.176573e-01,    1.188698e-01,    1.693083e-02,   -1.630090e-03,   -9.851120e-01,    5.797579e-02,   -2.457973e+00,   -1.461518e-01,    1.291895e-01,   -1.324788e+00,    2.599644e-01,   -1.465014e+00,   -4.237800e-02,    8.345800e-03,    1.141300e-01,   -1.195800e-01,   -1.166100e-01,    1.081300e-01,    1.937800e-02,   -1.542100e-02,    1.267500e-02,    1.267500e-02,    8.106800e-03,    8.106800e-03,    8.106800e-03,    8.106800e-03,    9.413500e-03,    9.413500e-03,
        46,    1.584800e+02,   -3.299723e-02,    1.481264e-02,    1.670726e-01,   -1.523622e-01,   -1.514331e-01,    1.559693e-01,    1.677116e-02,   -4.751628e-03,   -7.192212e-01,   -9.058154e-02,   -1.978238e+00,    1.040402e+00,   -6.580796e-01,   -1.067875e+00,    7.694730e-01,   -3.480445e-01,   -4.337200e-02,    1.350600e-02,    1.464000e-01,   -1.414900e-01,   -1.583100e-01,    1.448100e-01,    2.555700e-02,   -8.725600e-03,    1.442500e-02,    1.442500e-02,    1.045000e-02,    1.045000e-02,    1.045000e-02,    1.045000e-02,    1.141800e-02,    1.141800e-02,
        46,    2.511800e+02,   -4.053246e-02,    2.078124e-02,    2.105109e-01,   -1.899745e-01,   -1.975443e-01,    1.972429e-01,    1.960163e-02,   -7.912569e-03,   -1.812739e-01,   -1.677306e-01,   -2.531400e+00,    2.041655e+00,    6.422178e-01,   -2.154798e+00,    7.599077e-01,   -1.124808e-02,   -4.344100e-02,    1.809000e-02,    1.790000e-01,   -1.645600e-01,   -1.895500e-01,    1.704200e-01,    2.969700e-02,   -8.062000e-03,    1.604500e-02,    1.604500e-02,    1.244800e-02,    1.244800e-02,    1.244800e-02,    1.244800e-02,    1.328500e-02,    1.328500e-02,
        47,    1.000000e+02,   -5.581674e-03,    4.115180e-02,    2.312911e-01,   -1.955681e-01,   -1.909316e-01,    1.158996e-01,   -1.165680e-02,   -4.250980e-02,   -1.332685e+00,    1.269921e-01,   -2.700729e+00,    2.775319e+00,    3.149057e+00,   -1.724422e+00,    1.323146e+00,    4.703343e-01,   -2.888100e-02,    4.337200e-02,    2.017100e-01,   -1.651700e-01,   -1.564400e-01,    9.701200e-02,    4.721100e-03,   -3.668800e-02,    1.748300e-02,    1.748300e-02,    1.095300e-02,    1.095300e-02,    1.095300e-02,    1.095300e-02,    1.237800e-02,    1.237800e-02,
        47,    1.584800e+02,   -1.982538e-02,    4.713133e-02,    2.922328e-01,   -2.287629e-01,   -2.173214e-01,    1.427775e-01,    5.977640e-03,   -5.311289e-02,   -1.066836e+00,   -2.158958e-01,   -3.207486e+00,    3.004803e+00,    3.101765e+00,   -2.254992e+00,    9.583077e-01,    5.767236e-01,   -4.176700e-02,    4.269100e-02,    2.509300e-01,   -1.900700e-01,   -1.773800e-01,    1.137400e-01,    2.056500e-02,   -4.433400e-02,    2.056700e-02,    2.056700e-02,    1.287700e-02,    1.287700e-02,    1.287700e-02,    1.287700e-02,    1.522200e-02,    1.522200e-02,
        47,    2.511800e+02,   -3.485285e-02,    5.190940e-02,    3.587899e-01,   -2.605778e-01,   -2.489161e-01,    1.806029e-01,    2.619025e-02,   -5.972703e-02,   -7.558126e-01,   -4.259148e-01,   -3.485031e+00,    2.470350e+00,    2.970993e+00,   -2.411351e+00,    6.641600e-01,    3.839531e-01,   -5.294700e-02,    4.171300e-02,    3.053400e-01,   -2.226900e-01,   -2.033500e-01,    1.436200e-01,    3.888700e-02,   -5.238700e-02,    2.394000e-02,    2.394000e-02,    1.533700e-02,    1.533700e-02,    1.533700e-02,    1.533700e-02,    1.911700e-02,    1.911700e-02,
        48,    1.000000e+02,    4.677574e-03,   -4.951254e-03,    1.245557e-01,   -1.239061e-01,   -1.379336e-01,    1.298800e-01,   -1.324884e-02,    1.107708e-02,   -9.279391e-02,    3.267956e-01,    1.009992e-01,   -6.945743e-01,   -4.028477e-01,    1.550938e-01,   -3.744300e-02,    2.233296e-01,    4.240700e-03,   -3.412700e-03,    1.255000e-01,   -1.304000e-01,   -1.417000e-01,    1.313300e-01,   -1.358800e-02,    1.310000e-02,    4.708000e-03,    4.708000e-03,    9.349500e-03,    9.349500e-03,    9.349500e-03,    9.349500e-03,    9.058000e-03,    9.058000e-03,
        48,    1.584800e+02,    8.507304e-03,   -2.818656e-03,    1.509990e-01,   -1.639687e-01,   -1.686977e-01,    1.645863e-01,   -1.711560e-02,    1.070895e-02,   -6.135189e-02,    1.018313e-01,    1.528319e-01,   -7.816772e-01,   -2.505319e-01,    3.270296e-01,   -4.379099e-02,    3.655560e-01,    8.102400e-03,   -2.146600e-03,    1.528000e-01,   -1.731800e-01,   -1.716500e-01,    1.684400e-01,   -1.760400e-02,    1.478600e-02,    6.599700e-03,    6.599700e-03,    1.178400e-02,    1.178400e-02,    1.178400e-02,    1.178400e-02,    1.115300e-02,    1.115300e-02,
        48,    2.511800e+02,    9.277758e-03,    1.990015e-03,    1.887627e-01,   -2.190017e-01,   -2.065788e-01,    2.107992e-01,   -2.000887e-02,    9.804390e-03,    1.456023e-01,   -2.939212e-03,    4.312587e-01,   -4.618566e-01,   -3.950096e-01,    4.401170e-01,   -2.738547e-01,    4.277571e-01,    1.051200e-02,    1.965100e-03,    1.952600e-01,   -2.259600e-01,   -2.125300e-01,    2.174300e-01,   -2.383900e-02,    1.578700e-02,    8.476800e-03,    8.476800e-03,    1.506600e-02,    1.506600e-02,    1.506600e-02,    1.506600e-02,    1.398600e-02,    1.398600e-02,
VTF,
     StaID,        Freq[Hz],     Re(Tzx)_Cal,     Im(Tzx)_Cal,     Re(Tzy)_Cal,     Im(Tzy)_Cal,     Re(Tzx)_Res,     Im(Tzx)_Res,     Re(Tzy)_Res,     Im(Tzy)_Res,     Re(Tzx)_Obs,     Im(Tzx)_Obs,     Re(Tzy)_Obs,     Im(Tzy)_Obs,      Re(Tzx)_SD,      Im(Tzx)_SD,      Re(Tzy)_SD,      Im(Tzy)_SD,
      1001,    1.000000e+02,    5.905210e-02,    3.398801e-04,    8.875273e-02,    5.004340e-02,    3.022967e-01,    3.182307e-01,    6.799091e-01,   -7.209467e-01,    6.812100e-02,    9.886800e-03,    1.091500e-01,    2.841500e-02,    3.000000e-02,    3.000000e-02,    3.000000e-02,    3.000000e-02,
      1001,    1.584800e+02,    5.643146e-02,    9.900387e-03,    6.763181e-02,    5.063942e-02,    5.453180e-01,    1.796538e-01,    8.481396e-01,   -1.765472e-01,    7.279100e-02,    1.529000e-02,    9.307600e-02,    4.534300e-02,    3.000000e-02,    3.000000e-02,    3.000000e-02,    3.000000e-02,
      1001,    2.511800e+02,    4.882376e-02,    1.454623e-02,    4.996938e-02,    4.816860e-02,    5.385412e-01,    5.226589e-01,    3.289873e-01,    1.046466e-01,    6.498000e-02,    3.022600e-02,    5.983900e-02,    5.130800e-02,    3.000000e-02,    3.000000e-02,    3.000000e-02,    3.000000e-02,
      1002,    1.000000e+02,    1.574991e-01,   -9.692371e-03,   -2.021885e-01,    3.441394e-02,    1.450313e-01,    2.575924e-01,   -2.073834e-01,   -7.913314e-01,    1.618500e-01,   -1.964600e-03,   -2.084100e-01,    1.067400e-02,    3.000000e-02,    3.000000e-02,    3.000000e-02,    3.000000e-02,
      1002,    1.584800e+02,    1.559624e-01,    1.949686e-02,   -2.087481e-01,    1.361870e-04,    1.292534e-01,    3.733380e-01,    1.749353e-01,   -8.852396e-01,    1.598400e-01,    3.069700e-02,   -2.035000e-01,   -2.642100e-02,    3.000000e-02,    3.000000e-02,    3.000000e-02,    3.000000e-02,
      1002,    2.511800e+02,    1.387895e-01,    4.206593e-02,   -1.971234e-01,   -2.934025e-02,    6.901543e-02,    3.012689e-01,    4.931131e-01,   -8.068584e-01,    1.408600e-01,    5.110400e-02,   -1.823300e-01,   -5.354600e-02,    3.000000e-02,    3.000000e-02,    3.000000e-02,    3.000000e-02,
      1003,    1.000000e+02,    8.596584e-02,   -2.393231e-02,   -1.331729e-01,    1.013760e-02,    7.794720e-01,    3.911102e-01,   -1.945701e-01,    1.577800e-01,    1.093500e-01,   -1.219900e-02,   -1.390100e-01,    1.487100e-02,    3.000000e-02,    3.000000e-02,    3.000000e-02,    3.000000e-02,
      1003,    1.584800e+02,    9.401005e-02,   -1.300464e-02,   -1.298691e-01,   -1.017698e-02,    7.899984e-01,    3.994846e-01,   -2.013638e-01,   -9.273413e-02,    1.177100e-01,   -1.020100e-03,   -1.359100e-01,   -1.295900e-02,    3.000000e-02,    3.000000e-02,    3.000000e-02,    3.000000e-02,
      1003,    2.511800e+02,    9.761332e-02,   -9.019016e-04,   -1.195167e-01,   -2.384710e-02,    4.082227e-01,    4.174301e-01,   -9.877816e-02,   -2.372632e-01,    1.098600e-01,    1.162100e-02,   -1.224800e-01,   -3.096500e-02,    3.000000e-02,    3.000000e-02,    3.000000e-02,    3.000000e-02,
      1004,    1.000000e+02,   -4.777723e-02,    1.521704e-02,    1.833049e-01,    1.389384e-01,   -6.696925e-01,    1.832985e-01,    6.898361e-01,   -2.806136e-01,   -6.786800e-02,    2.071600e-02,    2.040000e-01,    1.305200e-01,    3.000000e-02,    3.000000e-02,    3.000000e-02,    3.000000e-02,
      1004,    1.584800e+02,   -5.250501e-02,    1.965698e-02,    1.476563e-01,    1.258796e-01,   -4.357996e-01,   -2.716660e-01,    6.837914e-01,    4.101170e-02,   -6.557900e-02,    1.150700e-02,    1.681700e-01,    1.271100e-01,    3.000000e-02,    3.000000e-02,    3.000000e-02,    3.000000e-02,
      1004,    2.511800e+02,   -6.078946e-02,    2.195063e-02,    1.161210e-01,    1.188365e-01,    1.484871e-02,   -4.028943e-01,    6.142988e-01,    1.297847e-01,   -6.034400e-02,    9.863800e-03,    1.345500e-01,    1.227300e-01,    3.000000e-02,    3.000000e-02,    3.000000e-02,    3.000000e-02,
      1005,    1.000000e+02,    1.313319e-02,    4.738629e-02,    1.139948e-01,    5.141344e-02,    6.634938e-01,    6.906905e-01,    3.598388e-01,    2.332186e-01,    3.303800e-02,    6.810700e-02,    1.247900e-01,    5.841000e-02,    3.000000e-02,    3.000000e-02,    3.000000e-02,    3.000000e-02,
      1005,    1.584800e+02,   -4.234499e-03,    4.592202e-02,    9.058256e-02,    6.217485e-02,    6.102500e-01,    1.009399e+00,    6.978145e-02,    5.424715e-01,    1.407300e-02,    7.620400e-02,    9.267600e-02,    7.844900e-02,    3.000000e-02,    3.000000e-02,    3.000000e-02,    3.000000e-02,
      1005,    2.511800e+02,   -1.952784e-02,    3.951118e-02,    6.348910e-02,    6.653873e-02,    2.957614e-01,    1.490094e+00,   -1.533034e-01,    7.694756e-01,   -1.065500e-02,    8.421400e-02,    5.889000e-02,    8.962300e-02,    3.000000e-02,    3.000000e-02,    3.000000e-02,    3.000000e-02,
      1006,    1.000000e+02,   -2.850817e-02,    3.103242e-02,   -6.965148e-03,   -2.125508e-02,    5.131389e-01,   -4.883808e-01,    6.147495e-02,    8.353792e-01,   -1.311400e-02,    1.638100e-02,   -5.120900e-03,    3.806300e-03,    3.000000e-02,    3.000000e-02,    3.000000e-02,    3.000000e-02,
      1006,    1.584800e+02,   -3.464100e-02,    1.833553e-02,    5.324634e-03,   -2.258252e-02,    5.107000e-01,   -9.618429e-02,   -1.648515e-01,    7.259657e-01,   -1.932000e-02,    1.545000e-02,    3.790900e-04,   -8.035500e-04,    3.000000e-02,    3.000000e-02,    3.000000e-02,    3.000000e-02,
      1006,    2.511800e+02,   -3.345519e-02,    9.252881e-03,    1.481552e-02,   -1.887641e-02,    1.548062e-01,    1.247373e-01,   -2.276108e-01,    5.129304e-01,   -2.881100e-02,    1.299500e-02,    7.987200e-03,   -3.488500e-03,    3.000000e-02,    3.000000e-02,    3.000000e-02,    3.000000e-02,
      1007,    1.000000e+02,   -5.619768e-02,   -3.213522e-02,    2.424877e-02,    8.395390e-02,   -1.722775e-01,    1.201739e-01,    1.237743e-01,   -3.532299e-01,   -6.136600e-02,   -2.853000e-02,    2.796200e-02,    7.335700e-02,    3.000000e-02,    3.000000e-02,    3.000000e-02,    3.000000e-02,
      1007,    1.584800e+02,   -4.139914e-02,   -3.175635e-02,   -9.350465e-03,    7.062385e-02,   -1.559953e-01,    5.264504e-02,    2.649755e-01,   -1.184618e-01,   -4.607900e-02,   -3.017700e-02,   -1.401200e-03,    6.707000e-02,    3.000000e-02,    3.000000e-02,    3.000000e-02,    3.000000e-02,
      1007,    2.511800e+02,   -2.819980e-02,   -2.529006e-02,   -3.183034e-02,    4.766435e-02,   -1.136400e-01,   -6.698069e-03,    1.951448e-01,    1.421882e-01,   -3.160900e-02,   -2.549100e-02,   -2.597600e-02,    5.193000e-02,    3.000000e-02,    3.000000e-02,    3.000000e-02,    3.000000e-02,
      1008,    1.000000e+02,    6.826670e-02,    3.063915e-02,   -5.903205e-02,   -2.489446e-02,   -3.088232e-01,    3.583949e-01,    7.366016e-01,   -5.991512e-01,    5.900200e-02,    4.139100e-02,   -3.693400e-02,   -4.286900e-02,    3.000000e-02,    3.000000e-02,    3.000000e-02,    3.000000e-02,
      1008,    1.584800e+02,    5.083068e-02,    5.515151e-02,   -5.529927e-02,   -3.517409e-02,    1.844773e-01,    6.013162e-01,    6.038425e-01,    5.486971e-02,    5.636500e-02,    7.319100e-02,   -3.718400e-02,   -3.352800e-02,    3.000000e-02,    3.000000e-02,    3.000000e-02,    3.000000e-02,
      1008,    2.511800e+02,    2.201838e-02,    6.523322e-02,   -4.064627e-02,   -4.639917e-02,    4.495411e-02,    7.183928e-01,   -3.239098e-02,    1.389056e-01,    2.336700e-02,    8.678500e-02,   -4.161800e-02,   -4.223200e-02,    3.000000e-02,    3.000000e-02,    3.000000e-02,    3.000000e-02,
      1010,    1.000000e+02,   -9.191432e-02,    1.445230e-02,    1.654692e-02,    3.640844e-02,    2.068439e-01,    3.375660e-02,   -3.559739e-01,   -3.020147e-01,   -8.570900e-02,    1.546500e-02,    5.867700e-03,    2.734800e-02,    3.000000e-02,    3.000000e-02,    3.000000e-02,    3.000000e-02,
      1010,    1.584800e+02,   -7.677598e-02,   -1.455418e-02,    3.370512e-03,    3.232272e-02,    2.327662e-01,   -1.891608e-01,   -1.841204e-01,   -1.795240e-01,   -6.979300e-02,   -2.022900e-02,   -2.153100e-03,    2.693700e-02,    3.000000e-02,    3.000000e-02,    3.000000e-02,    3.000000e-02,
      1010,    2.511800e+02,   -5.729515e-02,   -2.692600e-02,   -6.665314e-03,    2.573784e-02,    3.054052e-01,   -1.970666e-01,   -2.557562e-01,   -1.347613e-01,   -4.813300e-02,   -3.283800e-02,   -1.433800e-02,    2.169500e-02,    3.000000e-02,    3.000000e-02,    3.000000e-02,    3.000000e-02,
      1011,    1.000000e+02,    5.326904e-02,    4.289835e-02,   -6.193432e-03,   -2.579344e-02,    6.369988e-01,    8.542150e-02,   -4.510856e-01,   -4.757187e-01,    7.237900e-02,    4.546100e-02,   -1.972600e-02,   -4.006500e-02,    3.000000e-02,    3.000000e-02,    3.000000e-02,    3.000000e-02,
      1011,    1.584800e+02,    4.612838e-02,    3.124954e-02,    2.215885e-03,   -3.083929e-02,    6.122205e-01,    4.371155e-01,    3.471705e-01,   -1.531570e-01,    6.449500e-02,    4.436300e-02,    1.263100e-02,   -3.543400e-02,    3.000000e-02,    3.000000e-02,    3.000000e-02,    3.000000e-02,
      1011,    2.511800e+02,    4.205987e-02,    2.506460e-02,    1.628482e-02,   -3.221518e-02,    3.328044e-01,    6.121466e-01,    2.932726e-01,   -4.675608e-01,    5.204400e-02,    4.342900e-02,    2.508300e-02,   -4.624200e-02,    3.000000e-02,    3.000000e-02,    3.000000e-02,    3.000000e-02,
      1012,    1.000000e+02,    5.785949e-02,    1.476885e-02,   -8.256001e-03,   -9.146483e-03,   -4.997165e-01,   -1.775649e-01,    1.727600e-01,    4.499228e-01,    4.286800e-02,    9.441900e-03,   -3.073200e-03,    4.351200e-03,    3.000000e-02,    3.000000e-02,    3.000000e-02,    3.000000e-02,
      1012,    1.584800e+02,    6.013279e-02,    8.954298e-03,   -6.864927e-03,   -1.611463e-05,    3.347071e-01,   -5.536599e-01,   -8.863578e-02,    4.699038e-01,    7.017400e-02,   -7.655500e-03,   -9.524000e-03,    1.408100e-02,    3.000000e-02,    3.000000e-02,    3.000000e-02,    3.000000e-02,
      1012,    2.511800e+02,    6.064615e-02,    7.457924e-03,   -9.544580e-03,    6.150603e-03,    3.844951e-01,    3.268692e-01,   -3.220473e-01,    4.387132e-01,    7.218100e-02,    1.726400e-02,   -1.920600e-02,    1.931200e-02,    3.000000e-02,    3.000000e-02,    3.000000e-02,    3.000000e-02,
      1013,    2.511800e+02,   -4.882556e-02,   -4.932500e-02,   -2.972276e-01,   -2.041076e-01,   -9.432812e-01,   -1.837500e+00,   -2.439413e+00,   -2.418079e+00,   -7.712400e-02,   -1.044500e-01,   -3.704100e-01,   -2.766500e-01,    3.000000e-02,    3.000000e-02,    3.000000e-02,    3.000000e-02,
      1014,    1.000000e+02,   -4.789897e-02,    1.766689e-01,   -1.105403e-01,   -1.178672e-03,    4.990324e-01,    4.467036e-01,    8.109758e-01,   -9.087109e-01,   -3.292800e-02,    1.900700e-01,   -8.621100e-02,   -2.844000e-02,    3.000000e-02,    3.000000e-02,    3.000000e-02,    3.000000e-02,
      1014,    1.584800e+02,   -9.982552e-02,    1.458936e-01,   -9.632200e-02,   -2.012715e-02,    6.461742e-02,    4.835455e-01,    1.158400e+00,   -1.933950e-01,   -9.788700e-02,    1.604000e-01,   -6.157000e-02,   -2.592900e-02,    3.000000e-02,    3.000000e-02,    3.000000e-02,    3.000000e-02,
      1014,    2.511800e+02,   -1.372393e-01,    1.153358e-01,   -7.917769e-02,   -2.885029e-02,   -2.936916e-01,   -7.519336e-02,    1.018590e+00,    7.292530e-01,   -1.460500e-01,    1.130800e-01,   -4.862000e-02,   -6.972700e-03,    3.000000e-02,    3.000000e-02,    3.000000e-02,    3.000000e-02,
      1015,    1.000000e+02,   -5.637918e-02,   -1.516418e-02,   -4.088987e-02,    9.006448e-03,    4.575393e-01,   -3.432605e-01,    2.036623e-01,   -5.986549e-01,   -4.265300e-02,   -2.546200e-02,   -3.478000e-02,   -8.953200e-03,    3.000000e-02,    3.000000e-02,    3.000000e-02,    3.000000e-02,
      1015,    1.584800e+02,   -4.474552e-02,   -2.134083e-02,   -4.211672e-02,    2.046618e-03,    5.300173e-01,   -3.083388e-01,    4.885907e-01,   -2.834739e-01,   -2.884500e-02,   -3.059100e-02,   -2.745900e-02,   -6.457600e-03,    3.000000e-02,    3.000000e-02,    3.000000e-02,    3.000000e-02,
      1015,    2.511800e+02,   -3.424484e-02,   -2.460502e-02,   -4.028471e-02,   -1.780757e-03,    5.715947e-01,   -3.000994e-01,    5.625570e-01,    2.097986e-01,   -1.709700e-02,   -3.360800e-02,   -2.340800e-02,    4.513200e-03,    3.000000e-02,    3.000000e-02,    3.000000e-02,    3.000000e-02,
      1016,    1.000000e+02,   -1.446828e-01,    5.710162e-02,   -1.202671e-02,   -3.456821e-02,    8.794267e-01,    5.727125e-01,   -5.697633e-02,    2.897071e-01,   -1.183000e-01,    7.428300e-02,   -1.373600e-02,   -2.587700e-02,    3.000000e-02,    3.000000e-02,    3.000000e-02,    3.000000e-02,
      1016,    1.584800e+02,   -1.501757e-01,    2.981157e-02,    4.676429e-03,   -3.326028e-02,    1.342523e+00,    6.560475e-01,   -3.438476e-01,    4.355095e-01,   -1.099000e-01,    4.949300e-02,   -5.639000e-03,   -2.019500e-02,    3.000000e-02,    3.000000e-02,    3.000000e-02,    3.000000e-02,
      1016,    2.511800e+02,   -1.507032e-01,    9.824896e-03,    1.622542e-02,   -2.754713e-02,    4.627730e-01,    3.783682e-02,   -1.462807e-01,    4.116709e-01,   -1.368200e-01,    1.096000e-02,    1.183700e-02,   -1.519700e-02,    3.000000e-02,    3.000000e-02,    3.000000e-02,    3.000000e-02,
      1017,    1.000000e+02,    1.495483e-01,   -2.523725e-02,    2.762399e-01,   -4.538380e-02,   -1.652772e-01,   -5.941251e-01,   -3.866234e-02,   -4.910734e-01,    1.445900e-01,   -4.306100e-02,    2.750800e-01,   -6.011600e-02,    3.000000e-02,    3.000000e-02,    3.000000e-02,    3.000000e-02,
      1017,    1.584800e+02,    1.570009e-01,   -1.861818e-02,    2.857601e-01,   -1.704108e-02,   -4.030209e-03,   -3.455941e-01,    3.286625e-01,   -4.276972e-01,    1.568800e-01,   -2.898600e-02,    2.956200e-01,   -2.987200e-02,    3.000000e-02,    3.000000e-02,    3.000000e-02,    3.000000e-02,
      1017,    2.511800e+02,    1.640892e-01,   -1.053371e-02,    2.854997e-01,    9.313451e-03,    1.780254e-01,   -2.709663e-03,    2.233438e-01,   -3.103587e-01,    1.694300e-01,   -1.061500e-02,    2.922000e-01,    2.689400e-06,    3.000000e-02,    3.000000e-02,    3.000000e-02,    3.000000e-02,
      1018,    1.000000e+02,   -1.389206e-02,   -3.248113e-02,   -8.314391e-02,    4.715140e-02,   -5.545647e-01,    2.943710e-01,    1.081864e+00,   -2.370132e-01,   -3.052900e-02,   -2.365000e-02,   -5.068800e-02,    4.004100e-02,    3.000000e-02,    3.000000e-02,    3.000000e-02,    3.000000e-02,
      1018,    1.584800e+02,    2.744671e-03,   -3.824656e-02,   -1.064777e-01,    4.498803e-02,   -7.003224e-01,    3.149519e-01,    1.007789e+00,    9.323244e-02,   -1.826500e-02,   -2.879800e-02,   -7.624400e-02,    4.778500e-02,    3.000000e-02,    3.000000e-02,    3.000000e-02,    3.000000e-02,
      1018,    2.511800e+02,    2.104212e-02,   -3.611887e-02,   -1.291138e-01,    3.043739e-02,   -8.266907e-01,    2.853955e-01,    7.524601e-01,    2.282205e-01,   -3.758600e-03,   -2.755700e-02,   -1.065400e-01,    3.728400e-02,    3.000000e-02,    3.000000e-02,    3.000000e-02,    3.000000e-02,
      1020,    1.000000e+02,   -9.400671e-02,   -1.020670e-02,   -3.662729e-02,    8.868004e-03,    8.115903e-01,    9.411235e-01,    1.774429e-01,   -2.495601e-01,   -6.965900e-02,    1.802700e-02,   -3.130400e-02,    1.381200e-03,    3.000000e-02,    3.000000e-02,    3.000000e-02,    3.000000e-02,
      1020,    1.584800e+02,   -8.077868e-02,   -1.001863e-02,   -3.666507e-02,    4.257959e-03,    2.255892e-01,    9.762544e-01,    1.963355e-01,   -8.382197e-02,   -7.401100e-02,    1.926900e-02,   -3.077500e-02,    1.743300e-03,    3.000000e-02,    3.000000e-02,    3.000000e-02,    3.000000e-02,
      1020,    2.511800e+02,   -7.255325e-02,   -2.644402e-03,   -3.660227e-02,    3.082467e-03,   -9.149163e-02,    6.560801e-01,    1.315424e-01,   -3.536558e-02,   -7.529800e-02,    1.703800e-02,   -3.265600e-02,    2.021500e-03,    3.000000e-02,    3.000000e-02,    3.000000e-02,    3.000000e-02,
      1021,    1.000000e+02,    1.003437e-01,    1.913639e-02,   -4.007493e-02,    1.859114e-02,    3.722116e-01,    3.034120e+00,   -1.231022e-01,    3.204952e-01,    1.115100e-01,    1.101600e-01,   -4.376800e-02,    2.820600e-02,    3.000000e-02,    3.000000e-02,    3.000000e-02,    3.000000e-02,
      1021,    1.584800e+02,    9.414613e-02,    1.749733e-02,   -4.346096e-02,    1.410233e-02,    3.114623e-01,    2.086189e+00,    9.431953e-03,    4.308556e-01,    1.034900e-01,    8.008300e-02,   -4.317800e-02,    2.702800e-02,    3.000000e-02,    3.000000e-02,    3.000000e-02,    3.000000e-02,
      1021,    2.511800e+02,    8.894249e-02,    1.580100e-02,   -4.585937e-02,    1.169876e-02,    6.198353e-02,    5.563000e-01,    1.204789e-01,    4.488745e-01,    9.080200e-02,    3.249000e-02,   -4.224500e-02,    2.516500e-02,    3.000000e-02,    3.000000e-02,    3.000000e-02,    3.000000e-02,
      1022,    1.000000e+02,   -7.703234e-03,    2.154525e-02,    5.506076e-02,    1.663027e-02,   -3.632255e-01,   -3.486416e-01,    3.447467e-02,   -4.646790e-01,   -1.860000e-02,    1.108600e-02,    5.609500e-02,    2.689900e-03,    3.000000e-02,    3.000000e-02,    3.000000e-02,    3.000000e-02,
      1022,    1.584800e+02,   -2.760257e-04,   -5.736343e-03,    4.616697e-02,    7.024891e-03,   -3.272325e-01,   -3.568552e-01,    3.320011e-01,   -2.687797e-01,   -1.009300e-02,   -1.644200e-02,    5.612700e-02,   -1.038500e-03,    3.000000e-02,    3.000000e-02,    3.000000e-02,    3.000000e-02,
      1022,    2.511800e+02,    1.321214e-02,   -1.898578e-02,    4.654000e-02,   -3.475921e-03,    1.730288e-01,   -4.987741e-01,    2.497999e-01,    7.505405e-02,    1.840300e-02,   -3.394900e-02,    5.403400e-02,   -1.224300e-03,    3.000000e-02,    3.000000e-02,    3.000000e-02,    3.000000e-02,
      1023,    1.000000e+02,    6.168143e-02,   -8.080741e-03,   -9.555890e-02,    4.439955e-02,   -4.554145e-01,   -7.997530e-02,    5.306334e-02,   -6.533517e-01,    4.801900e-02,   -1.048000e-02,   -9.396700e-02,    2.479900e-02,    3.000000e-02,    3.000000e-02,    3.000000e-02,    3.000000e-02,
      1023,    1.584800e+02,    6.975856e-02,   -1.766016e-02,   -1.122710e-01,    3.120902e-02,   -4.720855e-01,   -6.899460e-02,   -1.166320e-01,   -5.042342e-01,    5.559600e-02,   -1.973000e-02,   -1.157700e-01,    1.608200e-02,    3.000000e-02,    3.000000e-02,    3.000000e-02,    3.000000e-02,
      1023,    2.511800e+02,    8.235768e-02,   -1.985079e-02,   -1.196788e-01,    1.637123e-02,   -4.578226e-01,   -4.155738e-01,   -8.920396e-01,   -4.699644e-01,    6.862300e-02,   -3.231800e-02,   -1.464400e-01,    2.272300e-03,    3.000000e-02,    3.000000e-02,    3.000000e-02,    3.000000e-02,
      1024,    1.000000e+02,   -3.735084e-02,    6.699560e-02,    1.354036e-01,   -5.801622e-03,   -7.311720e-01,    2.115133e-01,    1.016212e+00,   -6.195459e-01,   -5.928600e-02,    7.334100e-02,    1.658900e-01,   -2.438800e-02,    3.000000e-02,    3.000000e-02,    3.000000e-02,    3.000000e-02,
      1024,    1.584800e+02,   -5.694691e-02,    5.847894e-02,    1.399362e-01,    3.766204e-03,   -2.118029e-01,    3.387355e-01,    6.124607e-01,   -4.123401e-01,   -6.330100e-02,    6.864100e-02,    1.583100e-01,   -8.604000e-03,    3.000000e-02,    3.000000e-02,    3.000000e-02,    3.000000e-02,
      1024,    2.511800e+02,   -7.387073e-02,    4.842362e-02,    1.390302e-01,    1.723218e-02,   -2.900887e-02,    5.475128e-01,    4.166608e-01,   -8.603028e-01,   -7.474100e-02,    6.484900e-02,    1.515300e-01,   -8.576900e-03,    3.000000e-02,    3.000000e-02,    3.000000e-02,    3.000000e-02,
      1026,    1.000000e+02,    5.108197e-03,   -5.658168e-03,    7.289673e-02,   -2.379144e-02,    9.329268e-01,    3.992156e-01,   -5.017243e-01,    4.435815e-01,    3.309600e-02,    6.318300e-03,    5.784500e-02,   -1.048400e-02,    3.000000e-02,    3.000000e-02,    3.000000e-02,    3.000000e-02,
      1026,    1.584800e+02,    1.368424e-02,   -1.173596e-02,    7.077899e-02,    4.740909e-03,    8.207921e-01,    4.201921e-01,    9.750019e-02,   -6.738029e-02,    3.830800e-02,    8.698000e-04,    7.370400e-02,    2.719500e-03,    3.000000e-02,    3.000000e-02,    3.000000e-02,    3.000000e-02,
      1026,    2.511800e+02,    2.136134e-02,   -1.389190e-02,    5.687746e-02,    1.962975e-02,    5.241219e-01,    5.082301e-01,    3.975120e-02,    2.524179e-02,    3.708500e-02,    1.355000e-03,    5.807000e-02,    2.038700e-02,    3.000000e-02,    3.000000e-02,    3.000000e-02,    3.000000e-02,
      1027,    1.000000e+02,   -5.706631e-02,    8.855461e-02,   -1.100524e-01,    6.366832e-02,    9.898103e-01,    2.143797e-01,   -8.849202e-01,   -1.867439e-01,   -2.737200e-02,    9.498600e-02,   -1.366000e-01,    5.806600e-02,    3.000000e-02,    3.000000e-02,    3.000000e-02,    3.000000e-02,
      1027,    1.584800e+02,   -8.148645e-02,    8.034241e-02,   -1.271941e-01,    3.771600e-02,    5.647150e-01,    3.288863e-01,   -6.328623e-01,   -6.947001e-01,   -6.454500e-02,    9.020900e-02,   -1.461800e-01,    1.687500e-02,    3.000000e-02,    3.000000e-02,    3.000000e-02,    3.000000e-02,
      1027,    2.511800e+02,   -1.053854e-01,    7.368982e-02,   -1.349145e-01,    8.650938e-03,    2.747800e-01,    1.507393e-01,   -3.618364e-02,   -8.558313e-01,   -9.714200e-02,    7.821200e-02,   -1.360000e-01,   -1.702400e-02,    3.000000e-02,    3.000000e-02,    3.000000e-02,    3.000000e-02,
      1028,    1.000000e+02,   -4.327448e-02,    3.513556e-02,   -1.246836e-01,    4.230494e-02,    7.570494e-01,    1.859480e-01,   -5.218814e-01,    3.628021e-01,   -2.056300e-02,    4.071400e-02,   -1.403400e-01,    5.318900e-02,    3.000000e-02,    3.000000e-02,    3.000000e-02,    3.000000e-02,
      1028,    1.584800e+02,   -4.951144e-02,    2.075621e-02,   -1.327740e-01,    2.671910e-02,    4.394479e-01,    4.966930e-01,   -5.185319e-01,    1.209302e-01,   -3.632800e-02,    3.565700e-02,   -1.483300e-01,    3.034700e-02,    3.000000e-02,    3.000000e-02,    3.000000e-02,    3.000000e-02,
      1028,    2.511800e+02,   -5.063451e-02,    9.807165e-03,   -1.360213e-01,    1.289417e-02,   -4.691648e-02,    5.622945e-01,   -1.636243e-01,    1.069943e-01,   -5.204200e-02,    2.667600e-02,   -1.409300e-01,    1.610400e-02,    3.000000e-02,    3.000000e-02,    3.000000e-02,    3.000000e-02,
      1029,    1.000000e+02,   -3.457771e-02,    2.635593e-02,   -8.336678e-03,   -1.340083e-02,   -1.135428e-01,   -1.204831e+00,   -5.873107e-01,   -8.410389e-01,   -3.798400e-02,   -9.789000e-03,   -2.595600e-02,   -3.863200e-02,    3.000000e-02,    3.000000e-02,    3.000000e-02,    3.000000e-02,
      1029,    1.584800e+02,   -4.273000e-02,    1.563113e-02,   -9.207676e-03,   -2.528170e-02,    4.675334e-01,   -7.268511e-01,   -1.035441e-01,   -4.307100e-01,   -2.870400e-02,   -6.174400e-03,   -1.231400e-02,   -3.820300e-02,    3.000000e-02,    3.000000e-02,    3.000000e-02,    3.000000e-02,
      1029,    2.511800e+02,   -4.462689e-02,    3.669850e-03,   -1.548990e-03,   -4.435113e-02,    6.671629e-01,   -1.399983e-01,    1.071497e-01,    2.309708e-01,   -2.461200e-02,   -5.301000e-04,    1.665500e-03,   -3.742200e-02,    3.000000e-02,    3.000000e-02,    3.000000e-02,    3.000000e-02,
      1030,    1.000000e+02,   -9.812291e-02,   -1.917780e-02,    1.283974e-01,    8.522856e-03,    4.762970e-01,    1.420727e+00,   -1.245781e+00,   -1.672419e-01,   -8.383400e-02,    2.344400e-02,    9.102400e-02,    3.505600e-03,    3.000000e-02,    3.000000e-02,    3.000000e-02,    3.000000e-02,
      1030,    1.584800e+02,   -7.795908e-02,   -2.029342e-02,    1.120509e-01,    1.746145e-02,   -1.127973e-01,    1.011247e+00,   -9.506638e-01,   -5.794644e-01,   -8.134300e-02,    1.004400e-02,    8.353100e-02,    7.752300e-05,    3.000000e-02,    3.000000e-02,    3.000000e-02,    3.000000e-02,
      1030,    2.511800e+02,   -6.640193e-02,   -1.039214e-02,    9.842450e-02,    1.240710e-02,   -2.960024e-01,    5.202479e-01,   -5.427166e-01,   -7.519368e-01,   -7.528200e-02,    5.215300e-03,    8.214300e-02,   -1.015100e-02,    3.000000e-02,    3.000000e-02,    3.000000e-02,    3.000000e-02,
      1031,    1.000000e+02,   -4.115501e-02,    2.529483e-02,    3.326379e-02,   -2.063503e-02,    2.526004e-01,    8.247245e-02,   -5.016597e-01,    9.432377e-01,   -3.357700e-02,    2.776900e-02,    1.821400e-02,    7.662100e-03,    3.000000e-02,    3.000000e-02,    3.000000e-02,    3.000000e-02,
      1031,    1.584800e+02,   -4.335614e-02,    1.042479e-02,    3.864807e-02,   -2.139744e-02,    7.177047e-01,    5.290708e-02,   -2.885356e-01,    4.092379e-01,   -2.182500e-02,    1.201200e-02,    2.999200e-02,   -9.120300e-03,    3.000000e-02,    3.000000e-02,    3.000000e-02,    3.000000e-02,
      1031,    2.511800e+02,   -3.882241e-02,    1.003092e-03,    4.476408e-02,   -2.324736e-02,    9.810570e-01,   -2.183964e-01,    3.536387e-02,   -1.132546e-01,   -9.390700e-03,   -5.548800e-03,    4.582500e-02,   -2.664500e-02,    3.000000e-02,    3.000000e-02,    3.000000e-02,    3.000000e-02,
      1032,    1.000000e+02,    2.228252e-02,    8.893751e-02,    2.439377e-02,   -4.438942e-03,   -1.625751e+00,   -3.738503e-01,    4.845077e-01,   -2.962235e+00,   -2.649000e-02,    7.772200e-02,    3.892900e-02,   -9.330600e-02,    3.000000e-02,    3.000000e-02,    3.000000e-02,    3.000000e-02,
      1032,    1.584800e+02,   -8.922016e-03,    7.185730e-02,    2.270743e-02,    6.842878e-03,    4.105372e-01,    8.991899e-01,   -1.164614e+00,   -1.961863e+00,    3.394100e-03,    9.883300e-02,   -1.223100e-02,   -5.201300e-02,    3.000000e-02,    3.000000e-02,    3.000000e-02,    3.000000e-02,
      1032,    2.511800e+02,   -3.258791e-02,    4.568210e-02,    1.601303e-02,    1.203173e-02,   -1.602536e+00,   -3.244700e-01,   -1.320434e+00,   -1.362658e+00,   -8.066400e-02,    3.594800e-02,   -2.360000e-02,   -2.884800e-02,    3.000000e-02,    3.000000e-02,    3.000000e-02,    3.000000e-02,
      1033,    1.000000e+02,   -7.679854e-02,   -9.587340e-03,   -7.742317e-02,   -1.330124e-02,    1.111513e-01,   -3.879220e-01,   -4.407943e-01,   -2.265867e-02,   -7.346400e-02,   -2.122500e-02,   -9.064700e-02,   -1.398100e-02,    3.000000e-02,    3.000000e-02,    3.000000e-02,    3.000000e-02,
      1033,    1.584800e+02,   -7.631289e-02,   -3.612159e-03,   -7.202347e-02,   -1.532697e-02,    2.337630e-01,   -4.587469e-02,   -4.369176e-01,   -8.536774e-02,   -6.930000e-02,   -4.988400e-03,   -8.513100e-02,   -1.788800e-02,    3.000000e-02,    3.000000e-02,    3.000000e-02,    3.000000e-02,
      1033,    2.511800e+02,   -7.657626e-02,    9.891174e-04,   -6.726988e-02,   -1.714973e-02,    1.180752e-01,    1.634894e-01,   -1.776375e-01,   -1.636755e-01,   -7.303400e-02,    5.893800e-03,   -7.259900e-02,   -2.206000e-02,    3.000000e-02,    3.000000e-02,    3.000000e-02,    3.000000e-02,
      1034,    1.000000e+02,   -1.072199e-01,   -1.273708e-01,   -1.743636e-01,   -1.299157e-01,   -2.430019e-01,   -1.218641e+00,   -5.595482e-01,   -8.044783e-01,   -1.145100e-01,   -1.639300e-01,   -1.911500e-01,   -1.540500e-01,    3.000000e-02,    3.000000e-02,    3.000000e-02,    3.000000e-02,
      1034,    1.584800e+02,   -5.793083e-02,   -1.185147e-01,   -1.117545e-01,   -1.473415e-01,    4.869277e-01,   -1.008509e+00,   -2.578516e-01,   -9.972818e-01,   -4.332300e-02,   -1.487700e-01,   -1.194900e-01,   -1.772600e-01,    3.000000e-02,    3.000000e-02,    3.000000e-02,    3.000000e-02,
      1034,    2.511800e+02,   -1.937425e-02,   -1.027781e-01,   -5.086573e-02,   -1.449762e-01,    1.033542e+00,   -3.813963e-01,   -4.547577e-02,   -8.607936e-01,    1.163200e-02,   -1.142200e-01,   -5.223000e-02,   -1.708000e-01,    3.000000e-02,    3.000000e-02,    3.000000e-02,    3.000000e-02,
      1035,    1.000000e+02,   -6.449417e-02,   -2.367131e-02,    1.578570e-01,    6.219411e-02,    6.864723e-01,    2.158769e-01,    5.081013e-01,   -1.515604e+00,   -4.390000e-02,   -1.719500e-02,    1.731000e-01,    1.672600e-02,    3.000000e-02,    3.000000e-02,    3.000000e-02,    3.000000e-02,
      1035,    1.584800e+02,   -5.078307e-02,   -3.827780e-02,    1.250394e-01,    7.944478e-02,    5.801358e-01,    2.662673e-02,    1.360685e+00,   -6.346259e-01,   -3.337900e-02,   -3.747900e-02,    1.658600e-01,    6.040600e-02,    3.000000e-02,    3.000000e-02,    3.000000e-02,    3.000000e-02,
      1036,    1.000000e+02,   -8.480275e-02,    1.445747e-01,    1.940357e-01,    2.985785e-02,   -6.005575e+00,    1.991176e+00,    3.021440e-01,    4.222715e-01,   -2.649700e-01,    2.043100e-01,    2.031000e-01,    4.252600e-02,    3.000000e-02,    3.000000e-02,    3.000000e-02,    3.000000e-02,
      1036,    1.584800e+02,   -1.139482e-01,    9.533982e-02,    1.792739e-01,    3.857525e-02,   -2.671394e+00,    3.253393e-01,    1.285535e+00,    3.298251e-01,   -1.940900e-01,    1.051000e-01,    2.178400e-01,    4.847000e-02,    3.000000e-02,    3.000000e-02,    3.000000e-02,    3.000000e-02,
      1036,    2.511800e+02,   -1.210405e-01,    6.372076e-02,    1.621702e-01,    4.191508e-02,    5.126842e-01,   -5.280919e-01,    2.090328e+00,    1.078464e+00,   -1.056600e-01,    4.787800e-02,    2.248800e-01,    7.426900e-02,    3.000000e-02,    3.000000e-02,    3.000000e-02,    3.000000e-02,
      1037,    1.000000e+02,   -5.365151e-02,    3.423591e-02,   -2.704634e-01,   -9.268165e-02,    7.196504e-01,   -2.249564e+00,    1.419446e+00,   -3.130278e+00,   -3.206200e-02,   -3.325100e-02,   -2.278800e-01,   -1.865900e-01,    3.000000e-02,    3.000000e-02,    3.000000e-02,    3.000000e-02,
      1037,    1.584800e+02,   -4.620522e-02,    1.020172e-02,   -2.089794e-01,   -1.059487e-01,    1.497197e+00,   -1.160324e+00,    1.108647e+00,   -4.263783e-01,   -1.289300e-03,   -2.460800e-02,   -1.757200e-01,   -1.187400e-01,    3.000000e-02,    3.000000e-02,    3.000000e-02,    3.000000e-02,
      1037,    2.511800e+02,   -3.278338e-02,    3.401927e-03,   -1.613282e-01,   -8.468184e-02,    1.782746e+00,    3.572911e-02,    2.869399e-01,    7.737612e-01,    2.069900e-02,    4.473800e-03,   -1.527200e-01,   -6.146900e-02,    3.000000e-02,    3.000000e-02,    3.000000e-02,    3.000000e-02,
      1039,    1.000000e+02,    1.032485e-01,    8.123193e-02,    4.627260e-02,    1.420816e-01,   -4.812838e-01,    1.456915e-02,    3.407799e-01,    1.279605e-03,    8.881000e-02,    8.166900e-02,    5.649600e-02,    1.421200e-01,    3.000000e-02,    3.000000e-02,    3.000000e-02,    3.000000e-02,
      1039,    1.584800e+02,    7.439763e-02,    8.814000e-02,    1.554428e-02,    1.080290e-01,   -3.161877e-01,   -2.067666e-01,    7.135718e-02,    8.470005e-02,    6.491200e-02,    8.193700e-02,    1.768500e-02,    1.105700e-01,    3.000000e-02,    3.000000e-02,    3.000000e-02,    3.000000e-02,
      1039,    2.511800e+02,    4.163331e-02,    8.997052e-02,   -7.151815e-03,    8.423271e-02,   -2.153770e-01,   -8.485082e-02,    8.342384e-02,    4.109548e-03,    3.517200e-02,    8.742500e-02,   -4.649100e-03,    8.435600e-02,    3.000000e-02,    3.000000e-02,    3.000000e-02,    3.000000e-02,
      1040,    1.000000e+02,   -7.143875e-02,    4.344906e-02,    8.425728e-02,   -1.515385e-01,   -4.088085e-01,    1.095931e+00,    4.497241e-01,    4.528491e-02,   -8.370300e-02,    7.632700e-02,    9.774900e-02,   -1.501800e-01,    3.000000e-02,    3.000000e-02,    3.000000e-02,    3.000000e-02,
      1040,    1.584800e+02,   -8.338022e-02,    4.637242e-02,    1.213041e-01,   -1.051348e-01,   -4.154927e-01,    1.524486e+00,    3.321959e-01,    1.949327e-02,   -9.584500e-02,    9.210700e-02,    1.312700e-01,   -1.045500e-01,    3.000000e-02,    3.000000e-02,    3.000000e-02,    3.000000e-02,
      1040,    2.511800e+02,   -9.920350e-02,    4.690775e-02,    1.313902e-01,   -7.219202e-02,   -3.998834e-01,    2.472408e+00,    2.943270e-01,    6.670056e-02,   -1.112000e-01,    1.210800e-01,    1.402200e-01,   -7.019100e-02,    3.000000e-02,    3.000000e-02,    3.000000e-02,    3.000000e-02,
      1041,    2.511800e+02,    6.998392e-02,   -1.893242e-02,    1.838721e-01,   -3.564324e-02,    1.835203e+00,    1.598807e-01,    1.855265e+00,    3.195746e-01,    1.250400e-01,   -1.413600e-02,    2.395300e-01,   -2.605600e-02,    3.000000e-02,    3.000000e-02,    3.000000e-02,    3.000000e-02,
      1042,    1.000000e+02,    2.008747e-02,    2.674670e-02,   -1.096604e-02,   -7.774557e-03,   -8.963491e-01,   -2.935568e-01,    4.372547e-01,    1.239886e-01,   -6.803000e-03,    1.794000e-02,    2.151600e-03,   -4.054900e-03,    3.000000e-02,    3.000000e-02,    3.000000e-02,    3.000000e-02,
      1042,    1.584800e+02,    4.888484e-03,    3.183677e-02,   -4.113860e-03,   -1.908685e-02,   -4.481495e-01,   -6.224256e-01,    3.927387e-01,    8.996166e-02,   -8.556000e-03,    1.316400e-02,    7.668300e-03,   -1.638800e-02,    3.000000e-02,    3.000000e-02,    3.000000e-02,    3.000000e-02,
      1042,    2.511800e+02,   -1.060598e-02,    2.633407e-02,    9.941560e-03,   -2.305523e-02,    1.876612e-02,   -5.830056e-01,    2.720147e-01,   -5.302555e-02,   -1.004300e-02,    8.843900e-03,    1.810200e-02,   -2.464600e-02,    3.000000e-02,    3.000000e-02,    3.000000e-02,    3.000000e-02,
      1043,    1.000000e+02,    1.535123e-01,   -1.678006e-02,    6.392556e-02,   -4.771444e-02,    2.652553e-01,    1.109352e-01,    3.475482e-01,   -5.567854e-01,    1.614700e-01,   -1.345200e-02,    7.435200e-02,   -6.441800e-02,    3.000000e-02,    3.000000e-02,    3.000000e-02,    3.000000e-02,
      1043,    1.584800e+02,    1.543177e-01,    1.339362e-02,    7.970798e-02,   -2.985257e-02,    1.117442e-01,    2.595460e-01,    5.854007e-01,   -7.938109e-02,    1.576700e-01,    2.118000e-02,    9.727000e-02,   -3.223400e-02,    3.000000e-02,    3.000000e-02,    3.000000e-02,    3.000000e-02,
      1043,    2.511800e+02,    1.409364e-01,    4.079504e-02,    8.474436e-02,   -1.014615e-02,    6.311902e-02,    1.693986e-01,    4.673546e-01,    2.782184e-01,    1.428300e-01,    4.587700e-02,    9.876500e-02,   -1.799600e-03,    3.000000e-02,    3.000000e-02,    3.000000e-02,    3.000000e-02,
      1044,    1.000000e+02,   -6.794767e-02,    9.252940e-02,    3.427433e-02,    3.395120e-02,   -1.321411e+00,    2.790199e-01,   -8.342711e-01,    8.840601e-01,   -1.075900e-01,    1.009000e-01,    9.246200e-03,    6.047300e-02,    3.000000e-02,    3.000000e-02,    3.000000e-02,    3.000000e-02,
      1044,    1.584800e+02,   -8.564298e-02,    7.131823e-02,    2.379067e-02,    4.457972e-02,   -1.979567e+00,   -2.792078e-01,   -1.078222e+00,    1.271343e+00,   -1.450300e-01,    6.294200e-02,   -8.556000e-03,    8.272000e-02,    3.000000e-02,    3.000000e-02,    3.000000e-02,    3.000000e-02,
      1044,    2.511800e+02,   -9.661746e-02,    5.938790e-02,    5.962151e-03,    5.364544e-02,   -1.664418e+00,   -3.012302e-01,   -6.480384e-01,    1.063852e+00,   -1.465500e-01,    5.035100e-02,   -1.347900e-02,    8.556100e-02,    3.000000e-02,    3.000000e-02,    3.000000e-02,    3.000000e-02,
      1045,    1.000000e+02,   -6.504142e-03,    8.132107e-02,   -3.316073e-01,    5.416908e-02,    2.287971e+00,   -1.619357e-01,   -5.423664e-03,    4.764641e-01,    6.213500e-02,    7.646300e-02,   -3.317700e-01,    6.846300e-02,    3.000000e-02,    3.000000e-02,    3.000000e-02,    3.000000e-02,
      1045,    1.584800e+02,   -2.911866e-02,    7.605918e-02,   -3.396940e-01,    9.364534e-03,    2.048755e+00,    3.339403e-02,   -6.520124e-02,    7.633822e-01,    3.234400e-02,    7.706100e-02,   -3.416500e-01,    3.226600e-02,    3.000000e-02,    3.000000e-02,    3.000000e-02,    3.000000e-02,
      1045,    2.511800e+02,   -5.280624e-02,    7.169367e-02,   -3.292421e-01,   -3.242492e-02,    1.406275e+00,   -1.934556e-01,   -1.455979e-01,    9.568206e-01,   -1.061800e-02,    6.589000e-02,   -3.336100e-01,   -3.720300e-03,    3.000000e-02,    3.000000e-02,    3.000000e-02,    3.000000e-02,
      1046,    1.000000e+02,   -1.596757e-02,   -5.556258e-02,   -7.896102e-02,    7.564760e-02,   -1.331476e-01,    6.831192e-01,    8.156738e-02,   -1.681200e-01,   -1.996200e-02,   -3.506900e-02,   -7.651400e-02,    7.060400e-02,    3.000000e-02,    3.000000e-02,    3.000000e-02,    3.000000e-02,
      1046,    1.584800e+02,    4.115875e-03,   -3.616457e-02,   -9.879573e-02,    5.382240e-02,   -2.808725e-01,    3.703523e-01,    4.835764e-02,   -1.165801e-01,   -4.310300e-03,   -2.505400e-02,   -9.734500e-02,    5.032500e-02,    3.000000e-02,    3.000000e-02,    3.000000e-02,    3.000000e-02,
      1046,    2.511800e+02,    6.612235e-03,   -1.674902e-02,   -1.054672e-01,    3.343501e-02,   -1.419512e-01,    1.428340e-01,   -1.309388e-02,   -1.144336e-01,    2.353700e-03,   -1.246400e-02,   -1.058600e-01,    3.000200e-02,    3.000000e-02,    3.000000e-02,    3.000000e-02,    3.000000e-02,
