MT,
     StaID,        Freq[Hz],     Re(Zxx)_Cal,     Im(Zxx)_Cal,     Re(Zxy)_Cal,     Im(Zxy)_Cal,     Re(Zyx)_Cal,     Im(Zyx)_Cal,     Re(Zyy)_Cal,     Im(Zyy)_Cal,     Re(Zxx)_Res,     Im(Zxx)_Res,     Re(Zxy)_Res,     Im(Zxy)_Res,     Re(Zyx)_Res,     Im(Zyx)_Res,     Re(Zyy)_Res,     Im(Zyy)_Res,     Re(Zxx)_Obs,     Im(Zxx)_Obs,     Re(Zxy)_Obs,     Im(Zxy)_Obs,     Re(Zyx)_Obs,     Im(Zyx)_Obs,     Re(Zyy)_Obs,     Im(Zyy)_Obs,      Re(Zxx)_SD,      Im(Zxx)_SD,      Re(Zxy)_SD,      Im(Zxy)_SD,      Re(Zyx)_SD,      Im(Zyx)_SD,      Re(Zyy)_SD,      Im(Zyy)_SD,
         1,    1.000000e+02,   -2.339959e-02,    5.351975e-03,    1.094838e-01,   -1.173538e-01,   -1.629916e-01,    1.356054e-01,    4.339200e-02,   -2.109227e-02,    1.123740e+00,    7.773211e-01,   -1.503240e+00,    1.958125e+00,    2.906122e-01,   -1.935600e+00,    1.706410e+00,   -7.351658e-01,   -1.479500e-02,    1.130400e-02,    9.690600e-02,   -1.009700e-01,   -1.605600e-01,    1.194100e-01,    7.666700e-02,   -3.542800e-02,    7.657100e-03,    7.657100e-03,    8.367100e-03,    8.367100e-03,    8.367100e-03,    8.367100e-03,    1.950000e-02,    1.950000e-02,
         1,    1.584800e+02,   -2.544732e-02,    3.463861e-03,    1.383256e-01,   -1.548425e-01,   -1.972448e-01,    1.754936e-01,    4.924195e-02,   -2.210094e-02,    6.085329e-01,    1.273694e+00,   -1.181234e+00,    1.615849e+00,   -1.781420e-01,   -2.103598e+00,    1.712417e+00,   -5.905410e-01,   -1.917700e-02,    1.658800e-02,    1.255600e-01,   -1.373800e-01,   -1.991700e-01,    1.527600e-01,    8.913100e-02,   -3.585700e-02,    1.030400e-02,    1.030400e-02,    1.080700e-02,    1.080700e-02,    1.080700e-02,    1.080700e-02,    2.329400e-02,    2.329400e-02,
         1,    2.511800e+02,   -2.595578e-02,    1.329992e-03,    1.769884e-01,   -2.022095e-01,   -2.426068e-01,    2.247297e-01,    5.363999e-02,   -2.417360e-02,    2.570807e-01,    1.450807e+00,   -1.320144e+00,    1.815978e+00,    5.767728e-01,   -2.662121e+00,    1.617120e+00,   -2.301954e-01,   -2.268700e-02,    1.977700e-02,    1.592800e-01,   -1.778500e-01,   -2.348700e-01,    1.890200e-01,    9.586300e-02,   -3.018400e-02,    1.271500e-02,    1.271500e-02,    1.341400e-02,    1.341400e-02,    1.341400e-02,    1.341400e-02,    2.611000e-02,    2.611000e-02,
         1,    3.981000e+02,   -2.510273e-02,   -1.719708e-04,    2.271494e-01,   -2.615173e-01,   -2.988192e-01,    2.847764e-01,    5.743911e-02,   -2.933343e-02,   -1.694759e-01,    1.330994e+00,   -1.396307e+00,    1.914008e+00,    1.045127e+00,   -2.816878e+00,    1.569570e+00,    7.760424e-02,   -2.771300e-02,    2.032800e-02,    2.036900e-01,   -2.293600e-01,   -2.812600e-01,    2.374500e-01,    1.043300e-01,   -2.701500e-02,    1.540200e-02,    1.540200e-02,    1.680100e-02,    1.680100e-02,    1.680100e-02,    1.680100e-02,    2.987500e-02,    2.987500e-02,
         1,    6.309500e+02,   -2.343710e-02,   -3.433662e-04,    2.901093e-01,   -3.368278e-01,   -3.652418e-01,    3.618928e-01,    6.249651e-02,   -3.863481e-02,   -5.385251e-01,    1.146430e+00,   -1.062671e+00,    1.849217e+00,    9.242767e-01,   -2.948190e+00,    1.214060e+00,    4.262302e-01,   -3.363300e-02,    2.136200e-02,    2.674000e-01,   -2.973100e-01,   -3.454900e-01,    2.988900e-01,    1.024500e-01,   -2.460800e-02,    1.893300e-02,    1.893300e-02,    2.137000e-02,    2.137000e-02,    2.137000e-02,    2.137000e-02,    3.290900e-02,    3.290900e-02,
         1,    1.000000e+03,   -2.168023e-02,    1.059942e-03,    3.680595e-01,   -4.347947e-01,   -4.446331e-01,    4.664150e-01,    7.007437e-02,   -5.199451e-02,   -7.117838e-01,    1.142634e+00,   -5.356360e-01,    2.183323e+00,   -1.101566e-01,   -3.435752e+00,    8.449950e-01,    5.392577e-01,   -3.836800e-02,    2.784900e-02,    3.533900e-01,   -3.750000e-01,   -4.476500e-01,    3.723200e-01,    1.016400e-01,   -3.185000e-02,    2.344500e-02,    2.344500e-02,    2.738700e-02,    2.738700e-02,    2.738700e-02,    2.738700e-02,    3.735600e-02,    3.735600e-02,
         2,    1.000000e+02,    2.698823e-03,   -6.419594e-03,    1.489267e-01,   -1.567607e-01,   -1.237901e-01,    1.458200e-01,   -1.456608e-02,    1.212038e-02,   -1.586390e+00,    1.907678e+00,   -1.823316e+00,    2.304329e+00,    1.233353e+00,   -2.436429e+00,   -3.277463e-01,   -2.595209e-01,   -2.835300e-03,    2.353400e-04,    1.326500e-01,   -1.361900e-01,   -1.127800e-01,    1.240700e-01,   -1.741400e-02,    9.865300e-03,    3.488500e-03,    3.488500e-03,    8.927000e-03,    8.927000e-03,    8.927000e-03,    8.927000e-03,    8.689400e-03,    8.689400e-03,
         2,    1.584800e+02,    7.098530e-03,   -3.771227e-03,    1.873073e-01,   -1.975725e-01,   -1.599463e-01,    1.878596e-01,   -1.891334e-02,    1.079590e-02,   -2.449118e+00,    1.221182e+00,   -2.254116e+00,    1.998101e+00,    1.631408e+00,   -2.348071e+00,   -4.413215e-01,   -4.620292e-01,   -2.827500e-03,    1.178100e-03,    1.618200e-01,   -1.749800e-01,   -1.415000e-01,    1.613100e-01,   -2.370300e-02,    5.781500e-03,    4.052900e-03,    4.052900e-03,    1.130700e-02,    1.130700e-02,    1.130700e-02,    1.130700e-02,    1.085300e-02,    1.085300e-02,
         2,    2.511800e+02,    8.573562e-03,    2.297114e-03,    2.336976e-01,   -2.523951e-01,   -2.055457e-01,    2.419130e-01,   -2.063393e-02,    8.547358e-03,   -2.087232e+00,    2.116791e-01,   -2.427127e+00,    2.223445e+00,    2.405164e+00,   -2.231043e+00,   -5.246428e-01,   -7.779393e-01,   -2.893900e-03,    3.460100e-03,    1.992300e-01,   -2.208200e-01,   -1.713900e-01,    2.102300e-01,   -2.742700e-02,   -1.525400e-03,    5.494100e-03,    5.494100e-03,    1.420100e-02,    1.420100e-02,    1.420100e-02,    1.420100e-02,    1.294800e-02,    1.294800e-02,
         2,    3.981000e+02,    5.269957e-03,    7.780490e-03,    2.934291e-01,   -3.259051e-01,   -2.631465e-01,    3.119348e-01,   -1.885428e-02,    8.610171e-03,   -8.755007e-01,    2.883928e-01,   -2.620801e+00,    2.346008e+00,    2.867604e+00,   -1.869223e+00,   -5.178458e-01,   -1.359273e+00,   -3.180200e-03,    1.056400e-02,    2.459900e-01,   -2.834400e-01,   -2.112400e-01,    2.781000e-01,   -2.671000e-02,   -1.201000e-02,    9.651800e-03,    9.651800e-03,    1.810100e-02,    1.810100e-02,    1.810100e-02,    1.810100e-02,    1.517000e-02,    1.517000e-02,
         2,    6.309500e+02,    1.958166e-04,    9.734598e-03,    3.705353e-01,   -4.212811e-01,   -3.353492e-01,    4.037422e-01,   -1.596492e-02,    1.412645e-02,   -6.481339e-01,    3.987816e-01,   -2.597139e+00,    1.724908e+00,    2.550834e+00,   -1.124601e+00,   -4.152242e-01,   -2.018503e+00,   -8.846300e-03,    1.529800e-02,    3.085000e-01,   -3.800800e-01,   -2.744200e-01,    3.768800e-01,   -2.376200e-02,   -2.377700e-02,    1.395100e-02,    1.395100e-02,    2.388600e-02,    2.388600e-02,    2.388600e-02,    2.388600e-02,    1.877800e-02,    1.877800e-02,
         2,    1.000000e+03,   -3.649056e-03,    9.785322e-03,    4.669204e-01,   -5.455851e-01,   -4.263218e-01,    5.257940e-01,   -1.485335e-02,    2.506824e-02,   -1.034463e+00,    1.216114e+00,   -2.123148e+00,    1.099561e+00,    1.767044e+00,   -4.356962e-01,   -1.874807e-01,   -2.563750e+00,   -3.300400e-02,    4.429500e-02,    3.990200e-01,   -5.104200e-01,   -3.698100e-01,    5.118600e-01,   -1.948300e-02,   -3.824100e-02,    2.837700e-02,    2.837700e-02,    3.198100e-02,    3.198100e-02,    3.198100e-02,    3.198100e-02,    2.469400e-02,    2.469400e-02,
         3,    1.000000e+02,    1.183980e-02,   -1.238108e-02,    1.483670e-01,   -1.434075e-01,   -1.135179e-01,    1.358587e-01,   -2.249373e-02,    1.583603e-02,   -1.341767e+00,   -8.217358e-01,   -1.712422e+00,   -7.438256e-01,    1.855707e+00,   -1.459872e+00,   -2.094246e+00,    1.147582e+00,   -9.925900e-04,   -2.024000e-02,    1.331900e-01,   -1.500000e-01,   -9.707100e-02,    1.229200e-01,   -5.369800e-02,    3.293500e-02,    9.563800e-03,    9.563800e-03,    8.862900e-03,    8.862900e-03,    8.862900e-03,    8.862900e-03,    1.490000e-02,    1.490000e-02,
         3,    1.584800e+02,    1.705075e-02,   -1.105134e-02,    1.829341e-01,   -1.794616e-01,   -1.471010e-01,    1.751047e-01,   -2.681042e-02,    1.718661e-02,   -8.087758e-01,   -1.555107e+00,   -1.014716e+00,    3.358997e-01,    1.569895e+00,   -1.126388e+00,   -2.198848e+00,    5.509331e-01,    6.217200e-03,   -3.188200e-02,    1.714800e-01,   -1.756700e-01,   -1.293800e-01,    1.623900e-01,   -6.732200e-02,    2.733700e-02,    1.339500e-02,    1.339500e-02,    1.128800e-02,    1.128800e-02,    1.128800e-02,    1.128800e-02,    1.842400e-02,    1.842400e-02,
         3,    2.511800e+02,    1.986045e-02,   -8.016381e-03,    2.248173e-01,   -2.283094e-01,   -1.904635e-01,    2.254283e-01,   -3.035544e-02,    1.928955e-02,   -1.838202e-01,   -1.834916e+00,   -1.360724e+00,    1.271856e+00,    1.779200e+00,   -1.041038e+00,   -2.028279e+00,   -4.200752e-02,    1.678900e-02,   -3.867600e-02,    2.057100e-01,   -2.104500e-01,   -1.654800e-01,    2.108100e-01,   -7.378900e-02,    1.839000e-02,    1.670900e-02,    1.670900e-02,    1.404200e-02,    1.404200e-02,    1.404200e-02,    1.404200e-02,    2.141400e-02,    2.141400e-02,
         3,    3.981000e+02,    1.975906e-02,   -6.288985e-03,    2.780375e-01,   -2.942684e-01,   -2.456972e-01,    2.894117e-01,   -3.352728e-02,    2.378604e-02,    5.740451e-01,   -1.695693e+00,   -1.668699e+00,    1.946423e+00,    1.751589e+00,   -1.116444e+00,   -1.715364e+00,   -5.743397e-01,    3.150000e-02,   -4.097100e-02,    2.486500e-01,   -2.599900e-01,   -2.148500e-01,    2.697500e-01,   -7.511800e-02,    9.860600e-03,    2.045300e-02,    2.045300e-02,    1.761100e-02,    1.761100e-02,    1.761100e-02,    1.761100e-02,    2.424600e-02,    2.424600e-02,
         3,    6.309500e+02,    1.885979e-02,   -7.686797e-03,    3.469526e-01,   -3.814605e-01,   -3.145695e-01,    3.718222e-01,   -3.807972e-02,    3.171888e-02,    9.576676e-01,   -1.514796e+00,   -2.053270e+00,    2.110158e+00,    1.276743e+00,   -1.141533e+00,   -1.328370e+00,   -9.713664e-01,    4.301600e-02,   -4.589600e-02,    3.008300e-01,   -3.340600e-01,   -2.858900e-01,    3.461800e-01,   -7.458200e-02,    5.026700e-03,    2.522400e-02,    2.522400e-02,    2.246300e-02,    2.246300e-02,    2.246300e-02,    2.246300e-02,    2.747900e-02,    2.747900e-02,
         3,    1.000000e+03,    1.916803e-02,   -1.175986e-02,    4.351023e-01,   -4.955489e-01,   -4.001428e-01,    4.803315e-01,   -4.559207e-02,    4.257629e-02,    1.111016e+00,   -8.508019e-01,   -2.355244e+00,    1.938420e+00,    5.337048e-01,   -1.064516e+00,   -8.091995e-01,   -1.341960e+00,    5.053200e-02,   -3.577800e-02,    3.666000e-01,   -4.391700e-01,   -3.846200e-01,    4.493700e-01,   -7.035600e-02,    1.508300e-03,    2.823000e-02,    2.823000e-02,    2.908500e-02,    2.908500e-02,    2.908500e-02,    2.908500e-02,    3.060300e-02,    3.060300e-02,
         4,    1.000000e+02,   -1.194487e-02,    9.401070e-03,    1.518314e-01,   -2.097732e-01,   -1.836941e-01,    2.367025e-01,    2.424544e-03,   -3.076567e-02,   -3.360395e-01,    5.113914e-01,   -5.657183e-01,    5.628857e-01,    1.242885e+00,    2.410587e-01,    5.159077e-01,   -1.108034e+00,   -1.564500e-02,    1.503200e-02,    1.442100e-01,   -2.021900e-01,   -1.669500e-01,    2.399500e-01,    1.203900e-02,   -5.141500e-02,    1.101100e-02,    1.101100e-02,    1.347200e-02,    1.347200e-02,    1.347200e-02,    1.347200e-02,    1.863600e-02,    1.863600e-02,
         4,    1.584800e+02,   -1.413956e-02,    1.197296e-02,    1.978069e-01,   -2.882260e-01,   -2.382497e-01,    3.136522e-01,    1.272026e-02,   -3.807574e-02,   -3.186526e-01,    9.065281e-01,   -6.588484e-01,    7.459315e-01,    7.913586e-01,    7.520981e-01,    6.534640e-01,   -1.130838e+00,   -1.908600e-02,    2.604500e-02,    1.858600e-01,   -2.747000e-01,   -2.239000e-01,    3.272900e-01,    2.941300e-02,   -6.696300e-02,    1.552300e-02,    1.552300e-02,    1.813300e-02,    1.813300e-02,    1.813300e-02,    1.813300e-02,    2.554500e-02,    2.554500e-02,
         4,    2.511800e+02,   -1.869870e-02,    1.514270e-02,    2.661434e-01,   -3.912916e-01,   -3.147801e-01,    4.162428e-01,    2.551458e-02,   -4.533791e-02,   -4.349107e-01,    1.256497e+00,   -1.132352e+00,    1.003605e+00,    5.929655e-01,    6.727965e-01,    8.156387e-01,   -1.078046e+00,   -2.855900e-02,    4.363000e-02,    2.389500e-01,   -3.671900e-01,   -3.005400e-01,    4.324000e-01,    5.328300e-02,   -8.204000e-02,    2.267200e-02,    2.267200e-02,    2.401500e-02,    2.401500e-02,    2.401500e-02,    2.401500e-02,    3.404500e-02,    3.404500e-02,
         4,    3.981000e+02,   -2.546379e-02,    1.688018e-02,    3.627487e-01,   -5.219251e-01,   -4.225800e-01,    5.451907e-01,    4.129707e-02,   -5.216061e-02,   -2.862296e-01,    1.605528e+00,   -1.552833e+00,    7.437153e-01,    2.162109e-01,    8.285295e-01,    1.015406e+00,   -8.605556e-01,   -3.454700e-02,    6.783000e-02,    3.126900e-01,   -4.979500e-01,   -4.156100e-01,    5.719000e-01,    8.663800e-02,   -9.058700e-02,    3.173400e-02,    3.173400e-02,    3.223700e-02,    3.223700e-02,    3.223700e-02,    3.223700e-02,    4.465300e-02,    4.465300e-02,
         4,    6.309500e+02,   -3.311837e-02,    1.611041e-02,    4.931794e-01,   -6.856490e-01,   -5.651976e-01,    7.010988e-01,    6.065897e-02,   -5.714031e-02,   -6.240086e-01,    1.646202e+00,   -2.011046e+00,    4.608483e-01,   -9.128513e-02,    4.138698e-01,    1.052933e+00,   -6.346987e-01,   -6.002500e-02,    8.709300e-02,    4.080900e-01,   -6.661500e-01,   -5.690600e-01,    7.186100e-01,    1.194400e-01,   -9.257300e-02,    4.311900e-02,    4.311900e-02,    4.231100e-02,    4.231100e-02,    4.231100e-02,    4.231100e-02,    5.582600e-02,    5.582600e-02,
         4,    1.000000e+03,   -4.046824e-02,    1.249207e-02,    6.633220e-01,   -8.908998e-01,   -7.436241e-01,    8.919729e-01,    8.230068e-02,   -5.752722e-02,   -7.530384e-01,   -2.038156e+00,   -1.928309e+00,    2.804464e-01,    5.360128e-01,    1.462995e-02,    9.293604e-01,   -3.364690e-01,   -8.173700e-02,   -9.920500e-02,    5.582600e-01,   -8.756200e-01,   -7.144200e-01,    8.927700e-01,    1.425000e-01,   -7.932200e-02,    5.480300e-02,    5.480300e-02,    5.448400e-02,    5.448400e-02,    5.448400e-02,    5.448400e-02,    6.477500e-02,    6.477500e-02,
         5,    1.000000e+02,    2.081011e-02,   -3.614729e-03,    1.355059e-01,   -1.387494e-01,   -1.153398e-01,    1.239122e-01,   -1.339393e-02,    5.015086e-03,    5.415477e-01,    3.776957e-01,   -2.262832e+00,    2.058711e+00,    2.843199e+00,   -2.894329e+00,    9.022636e-01,   -6.620525e-02,    2.624400e-02,    1.750700e-04,    1.181400e-01,   -1.229500e-01,   -9.352000e-02,    1.017000e-01,   -8.452500e-03,    4.652500e-03,    1.003400e-02,    1.003400e-02,    7.674400e-03,    7.674400e-03,    7.674400e-03,    7.674400e-03,    5.476700e-03,    5.476700e-03,
         5,    1.584800e+02,    1.965283e-02,    6.222726e-04,    1.718774e-01,   -1.767518e-01,   -1.487485e-01,    1.584603e-01,   -1.479578e-02,    2.187459e-03,    4.548852e-01,    7.022785e-01,   -2.142406e+00,    1.379469e+00,    2.589906e+00,   -2.819796e+00,    6.393697e-01,    6.223998e-02,    2.486900e-02,    8.675300e-03,    1.505200e-01,   -1.630000e-01,   -1.229300e-01,    1.303500e-01,   -1.056200e-02,    2.599600e-03,    1.146700e-02,    1.146700e-02,    9.968900e-03,    9.968900e-03,    9.968900e-03,    9.968900e-03,    6.621800e-03,    6.621800e-03,
         5,    2.511800e+02,    1.791442e-02,    2.712156e-03,    2.164183e-01,   -2.231132e-01,   -1.885976e-01,    2.007278e-01,   -1.471199e-02,   -3.173091e-04,    6.539530e-02,    1.270576e+00,   -1.757444e+00,    1.095099e+00,    2.468915e+00,   -2.993134e+00,    4.231842e-01,    9.031328e-03,    1.877600e-02,    1.945200e-02,    1.940900e-01,   -2.092000e-01,   -1.572300e-01,    1.627000e-01,   -1.147700e-02,   -2.482700e-04,    1.317500e-02,    1.317500e-02,    1.270500e-02,    1.270500e-02,    1.270500e-02,    1.270500e-02,    7.644400e-03,    7.644400e-03,
         5,    3.981000e+02,    1.640499e-02,    4.470266e-03,    2.694813e-01,   -2.833330e-01,   -2.369318e-01,    2.556232e-01,   -1.365120e-02,   -2.368269e-03,   -5.835364e-01,    1.655089e+00,   -1.301217e+00,    1.439139e+00,    2.334257e+00,   -3.443160e+00,    3.688752e-01,   -1.849613e-01,    7.033400e-03,    3.105100e-02,    2.487100e-01,   -2.603600e-01,   -1.996700e-01,    2.006600e-01,   -1.053000e-02,   -3.933300e-03,    1.606000e-02,    1.606000e-02,    1.596300e-02,    1.596300e-02,    1.596300e-02,    1.596300e-02,    8.461400e-03,    8.461400e-03,
         5,    6.309500e+02,    1.375726e-02,    6.247235e-03,    3.355955e-01,   -3.645925e-01,   -2.968379e-01,    3.281746e-01,   -1.156282e-02,   -3.636794e-03,   -9.460005e-01,    1.650497e+00,   -6.340511e-01,    1.775293e+00,    2.060908e+00,   -3.819159e+00,    5.203212e-01,   -5.902281e-01,   -5.601700e-03,    4.002300e-02,    3.227300e-01,   -3.285700e-01,   -2.550200e-01,    2.506800e-01,   -6.583500e-03,   -9.285100e-03,    2.046400e-02,    2.046400e-02,    2.029100e-02,    2.029100e-02,    2.029100e-02,    2.029100e-02,    9.569700e-03,    9.569700e-03,
         5,    1.000000e+03,    9.661689e-03,    6.723122e-03,    4.210826e-01,   -4.724233e-01,   -3.723896e-01,    4.245850e-01,   -8.960732e-03,   -3.541486e-03,   -6.857138e-01,    1.418688e+00,   -7.588943e-01,    2.581134e+00,    2.088443e+00,   -4.449300e+00,    1.063875e+00,   -1.095197e+00,   -5.679100e-03,    3.846200e-02,    4.019000e-01,   -4.071800e-01,   -3.196000e-01,    3.121200e-01,    6.143100e-03,   -1.909000e-02,    2.237200e-02,    2.237200e-02,    2.527700e-02,    2.527700e-02,    2.527700e-02,    2.527700e-02,    1.419700e-02,    1.419700e-02,
         6,    1.000000e+02,    2.575390e-01,    2.340490e-02,    3.674281e-01,   -2.720224e-01,   -5.531104e-01,    2.574875e-01,   -2.854969e-01,    6.414338e-03,   -1.910555e+00,   -4.488394e-01,   -4.586617e+00,    3.153602e+00,    1.133288e+01,   -5.629196e+00,    3.147459e+00,    4.393353e-01,    1.842100e-01,    6.178000e-03,    2.833600e-01,   -2.142200e-01,   -3.453900e-01,    1.543100e-01,   -1.664600e-01,    2.303000e-02,    3.838100e-02,    3.838100e-02,    1.832900e-02,    1.832900e-02,    1.832900e-02,    1.832900e-02,    3.782000e-02,    3.782000e-02,
         6,    1.584800e+02,    2.416102e-01,    4.324498e-02,    4.308225e-01,   -3.378292e-01,   -6.089263e-01,    3.205432e-01,   -2.795172e-01,   -2.197053e-02,   -1.413341e+00,   -7.001784e-01,   -4.217448e+00,    3.714902e+00,    1.027475e+01,   -5.977725e+00,    2.742038e+00,    1.071827e+00,    1.823700e-01,    1.389700e-02,    3.401600e-01,   -2.579700e-01,   -3.880500e-01,    1.920400e-01,   -1.681000e-01,    2.158100e-02,    4.191500e-02,    4.191500e-02,    2.149700e-02,    2.149700e-02,    2.149700e-02,    2.149700e-02,    4.063300e-02,    4.063300e-02,
         6,    2.511800e+02,    2.200068e-01,    5.590250e-02,    5.067582e-01,   -4.277828e-01,   -6.822167e-01,    4.092334e-01,   -2.613823e-01,   -4.429808e-02,   -8.597975e-01,   -6.452083e-01,   -4.360330e+00,    4.478094e+00,    9.224144e+00,   -6.730327e+00,    2.486205e+00,    1.562338e+00,    1.808000e-01,    2.648100e-02,    3.962500e-01,   -3.142900e-01,   -4.484400e-01,    2.386600e-01,   -1.559100e-01,    2.198100e-02,    4.560000e-02,    4.560000e-02,    2.534400e-02,    2.534400e-02,    2.534400e-02,    2.534400e-02,    4.242300e-02,    4.242300e-02,
         6,    3.981000e+02,    1.966124e-01,    6.198650e-02,    6.003362e-01,   -5.532116e-01,   -7.770010e-01,    5.270301e-01,   -2.362027e-01,   -5.607387e-02,   -2.192866e-01,   -2.688714e-01,   -4.594129e+00,    5.100374e+00,    8.585958e+00,   -7.351670e+00,    1.856624e+00,    1.605373e+00,    1.853700e-01,    4.820200e-02,    4.613500e-01,   -3.989100e-01,   -5.172500e-01,    3.046200e-01,   -1.518600e-01,    1.685500e-02,    5.126800e-02,    5.126800e-02,    3.025300e-02,    3.025300e-02,    3.025300e-02,    3.025300e-02,    4.542800e-02,    4.542800e-02,
         6,    6.309500e+02,    1.740068e-01,    6.322523e-02,    7.225369e-01,   -7.276748e-01,   -8.970267e-01,    6.839330e-01,   -2.111623e-01,   -5.766416e-02,    6.397765e-01,    1.268371e-01,   -5.501551e+00,    5.320692e+00,    9.502154e+00,   -7.386252e+00,    6.092160e-01,    9.853306e-01,    2.134100e-01,    7.103700e-02,    5.241400e-01,   -5.358000e-01,   -5.543600e-01,    4.175700e-01,   -1.789500e-01,   -5.564800e-03,    6.158900e-02,    6.158900e-02,    3.606200e-02,    3.606200e-02,    3.606200e-02,    3.606200e-02,    5.287500e-02,    5.287500e-02,
         6,    1.000000e+03,    1.534351e-01,    6.218100e-02,    8.892808e-01,   -9.643408e-01,   -1.051431e+00,    8.959570e-01,   -1.903696e-01,   -5.345879e-02,    9.046834e-01,    4.804813e-01,   -6.529150e+00,    5.583130e+00,    1.028154e+01,   -7.688679e+00,   -4.096450e-01,    1.819432e-01,    2.175600e-01,    9.623800e-02,    6.028600e-01,   -7.194200e-01,   -6.004000e-01,    5.586700e-01,   -2.165000e-01,   -4.185300e-02,    7.088100e-02,    7.088100e-02,    4.386800e-02,    4.386800e-02,    4.386800e-02,    4.386800e-02,    6.378800e-02,    6.378800e-02,
         7,    1.000000e+02,   -3.872598e-03,    4.126187e-03,    1.153379e-01,   -1.086868e-01,   -1.187959e-01,    1.131639e-01,   -1.207431e-02,    1.450572e-02,   -7.370991e-01,    5.384362e-01,    1.089972e+00,   -1.179877e+00,   -1.481880e+00,    1.658301e+00,   -7.200175e-01,    1.150285e+00,   -8.861800e-03,    7.770700e-03,    1.250500e-01,   -1.192000e-01,   -1.320000e-01,    1.279400e-01,   -2.075700e-02,    2.837700e-02,    6.768700e-03,    6.768700e-03,    8.910400e-03,    8.910400e-03,    8.910400e-03,    8.910400e-03,    1.205900e-02,    1.205900e-02,
         7,    1.584800e+02,   -3.252453e-03,    3.955500e-03,    1.389038e-01,   -1.386178e-01,   -1.447870e-01,    1.468471e-01,   -1.702308e-02,    1.845576e-02,   -8.166800e-01,    5.707726e-01,    9.895870e-01,   -1.265259e+00,   -1.403795e+00,    1.775124e+00,   -8.274296e-01,    1.162523e+00,   -9.673600e-03,    8.443200e-03,    1.499100e-01,   -1.526900e-01,   -1.604000e-01,    1.665900e-01,   -3.002200e-02,    3.671900e-02,    7.862500e-03,    7.862500e-03,    1.112200e-02,    1.112200e-02,    1.112200e-02,    1.112200e-02,    1.571000e-02,    1.571000e-02,
         7,    2.511800e+02,   -2.473698e-03,    6.615285e-03,    1.690397e-01,   -1.811055e-01,   -1.783739e-01,    1.915203e-01,   -2.235518e-02,    2.134202e-02,   -6.349926e-01,    4.699493e-01,    9.550268e-01,   -1.430702e+00,   -1.415279e+00,    1.886680e+00,   -1.001474e+00,    1.148781e+00,   -8.287500e-03,    1.091800e-02,    1.825600e-01,   -2.013600e-01,   -1.984100e-01,    2.182300e-01,   -4.261600e-02,    4.458300e-02,    9.155700e-03,    9.155700e-03,    1.415700e-02,    1.415700e-02,    1.415700e-02,    1.415700e-02,    2.023100e-02,    2.023100e-02,
         7,    3.981000e+02,   -4.377684e-03,    1.133368e-02,    2.097035e-01,   -2.388585e-01,   -2.215875e-01,    2.510950e-01,   -2.587574e-02,    2.507610e-02,   -2.165395e-01,    5.803318e-01,    9.818263e-01,   -1.673107e+00,   -1.560355e+00,    2.023705e+00,   -1.227554e+00,    1.016374e+00,   -7.102400e-03,    1.863600e-02,    2.277200e-01,   -2.695600e-01,   -2.502200e-01,    2.882300e-01,   -5.743000e-02,    5.120200e-02,    1.258300e-02,    1.258300e-02,    1.835000e-02,    1.835000e-02,    1.835000e-02,    1.835000e-02,    2.570500e-02,    2.570500e-02,
         7,    6.309500e+02,   -8.798669e-03,    1.514027e-02,    2.634565e-01,   -3.147388e-01,   -2.778759e-01,    3.304964e-01,   -2.871636e-02,    3.337730e-02,    1.089643e-01,    8.845580e-01,    1.064786e+00,   -1.699248e+00,   -1.672331e+00,    1.798207e+00,   -1.392616e+00,    7.438205e-01,   -6.823800e-03,    3.117200e-02,    2.886600e-01,   -3.549600e-01,   -3.174600e-01,    3.730600e-01,   -7.329400e-02,    5.718700e-02,    1.812400e-02,    1.812400e-02,    2.367000e-02,    2.367000e-02,    2.367000e-02,    2.367000e-02,    3.201000e-02,    3.201000e-02,
         7,    1.000000e+03,   -1.335227e-02,    1.824571e-02,    3.317404e-01,   -4.150491e-01,   -3.501550e-01,    4.355629e-01,   -3.372643e-02,    4.660422e-02,    1.122891e-01,    1.191021e+00,    1.410210e+00,   -1.131736e+00,   -2.005025e+00,    8.847032e-01,   -1.466712e+00,    3.991930e-01,   -1.047700e-02,    4.874300e-02,    3.741200e-01,   -4.490600e-01,   -4.104100e-01,    4.621500e-01,   -9.120100e-02,    6.224700e-02,    2.560600e-02,    2.560600e-02,    3.005200e-02,    3.005200e-02,    3.005200e-02,    3.005200e-02,    3.918600e-02,    3.918600e-02,
         8,    1.000000e+02,   -2.933911e-01,    1.421411e-01,    2.526432e-01,   -3.643987e-01,   -5.935983e-01,    3.271664e-01,    1.392371e-02,   -4.275399e-02,   -3.831016e+00,    3.619089e+00,    2.970601e-01,   -2.114032e+00,    7.682562e+00,   -3.608103e+00,   -2.168874e-01,   -4.337997e-01,   -6.569200e-01,    4.855600e-01,    2.598000e-01,   -4.153300e-01,   -4.085100e-01,    2.402400e-01,    8.726000e-03,   -5.315000e-02,    9.489100e-02,    9.489100e-02,    2.409200e-02,    2.409200e-02,    2.409200e-02,    2.409200e-02,    2.396500e-02,    2.396500e-02,
         8,    1.584800e+02,   -3.211844e-01,    1.707751e-01,    3.471632e-01,   -4.921718e-01,   -6.702259e-01,    4.034064e-01,    3.703905e-02,   -3.306881e-02,   -4.176665e+00,    3.092651e+00,    4.595918e-01,   -1.489392e+00,    5.872377e+00,   -2.877209e+00,   -2.569110e-01,   -9.670342e-01,   -8.213400e-01,    5.411200e-01,    3.612800e-01,   -5.379200e-01,   -4.898500e-01,    3.150300e-01,    2.933300e-02,   -6.207500e-02,    1.197500e-01,    1.197500e-01,    3.071600e-02,    3.071600e-02,    3.071600e-02,    3.071600e-02,    2.999500e-02,    2.999500e-02,
         8,    2.511800e+02,   -3.539907e-01,    2.181136e-01,    4.818423e-01,   -6.432329e-01,   -7.676580e-01,    5.102451e-01,    4.987768e-02,   -1.043198e-02,   -4.571773e+00,    2.423254e+00,    4.012496e-01,   -1.244006e+00,    4.654757e+00,   -2.909418e+00,   -1.546326e-02,   -1.578711e+00,   -1.047300e+00,    5.856000e-01,    4.974300e-01,   -6.915600e-01,   -5.868300e-01,    3.972200e-01,    4.931100e-02,   -6.828700e-02,    1.516500e-01,    1.516500e-01,    3.884800e-02,    3.884800e-02,    3.884800e-02,    3.884800e-02,    3.664700e-02,    3.664700e-02,
         8,    3.981000e+02,   -3.989197e-01,    2.877242e-01,    6.555963e-01,   -8.198836e-01,   -8.985001e-01,    6.492451e-01,    4.347891e-02,    1.450117e-02,   -4.540449e+00,    1.805960e+00,    6.105542e-01,   -8.747331e-01,    4.009026e+00,   -3.034862e+00,    4.851325e-01,   -1.849072e+00,   -1.241400e+00,    6.228200e-01,    6.853700e-01,   -8.625400e-01,   -7.030000e-01,    5.012500e-01,    6.367400e-02,   -6.247200e-02,    1.855500e-01,    1.855500e-01,    4.876500e-02,    4.876500e-02,    4.876500e-02,    4.876500e-02,    4.162800e-02,    4.162800e-02,
         8,    6.309500e+02,   -4.595553e-01,    3.820613e-01,    8.706226e-01,   -1.033521e+00,   -1.067462e+00,    8.185716e-01,    2.044711e-02,    2.722532e-02,   -4.254651e+00,    1.249364e+00,    1.429296e+00,   -8.617832e-01,    3.613968e+00,   -3.365405e+00,    9.957996e-01,   -2.133867e+00,   -1.422000e+00,    6.646800e-01,    9.584900e-01,   -1.086500e+00,   -8.452900e-01,    6.116800e-01,    7.002100e-02,   -7.900500e-02,    2.262100e-01,    2.262100e-01,    6.147600e-02,    6.147600e-02,    6.147600e-02,    6.147600e-02,    4.978300e-02,    4.978300e-02,
         8,    1.000000e+03,   -5.366710e-01,    5.107637e-01,    1.132657e+00,   -1.297876e+00,   -1.271209e+00,    1.027037e+00,   -9.080514e-03,    2.008827e-02,   -3.889146e+00,    5.737409e-01,    2.631414e+00,    6.790427e-01,    2.945731e+00,   -3.935231e+00,    1.415143e+00,   -1.898291e+00,   -1.563600e+00,    6.622600e-01,    1.333300e+00,   -1.246100e+00,   -1.046600e+00,    7.269800e-01,    7.176800e-02,   -8.836300e-02,    2.640500e-01,    2.640500e-01,    7.624900e-02,    7.624900e-02,    7.624900e-02,    7.624900e-02,    5.713100e-02,    5.713100e-02,
         9,    1.000000e+02,   -2.906261e-03,    1.656587e-03,    7.803379e-02,   -9.922686e-02,   -7.669803e-02,    9.324859e-02,    2.867759e-03,   -1.932092e-04,    2.009705e+00,   -4.969248e-01,    3.215538e-01,   -9.933001e-01,    1.802401e-01,    1.775074e+00,    6.060704e-01,    7.060034e-01,    4.271200e-03,   -1.181300e-04,    8.013900e-02,   -1.057300e-01,   -7.551800e-02,    1.048700e-01,    5.417800e-03,    2.777300e-03,    3.571400e-03,    3.571400e-03,    6.547000e-03,    6.547000e-03,    6.547000e-03,    6.547000e-03,    4.207500e-03,    4.207500e-03,
         9,    1.584800e+02,   -4.655137e-03,    1.978233e-03,    1.059938e-01,   -1.311991e-01,   -1.000871e-01,    1.243131e-01,    2.571705e-03,   -1.003147e-03,    2.037005e+00,    1.679867e-01,    4.350032e-01,   -7.868470e-01,   -5.494592e-01,    1.842591e+00,   -5.029381e-01,    1.098532e+00,    5.222300e-03,    2.792800e-03,    1.098200e-01,   -1.381200e-01,   -1.049200e-01,    1.405200e-01,    9.018500e-04,    2.644200e-03,    4.849000e-03,    4.849000e-03,    8.795700e-03,    8.795700e-03,    8.795700e-03,    8.795700e-03,    3.320200e-03,    3.320200e-03,
         9,    2.511800e+02,   -5.594984e-03,    1.252836e-03,    1.402579e-01,   -1.677785e-01,   -1.306505e-01,    1.624213e-01,    2.361090e-03,   -2.041000e-03,    1.478830e+00,    8.702471e-01,    6.588040e-01,   -9.025958e-01,   -1.130643e+00,    1.429077e+00,   -7.692470e-01,    1.254540e+00,    3.840100e-03,    6.805100e-03,    1.478500e-01,   -1.781800e-01,   -1.436800e-01,    1.788900e-01,   -2.693500e-04,    2.248900e-03,    6.380100e-03,    6.380100e-03,    1.152400e-02,    1.152400e-02,    1.152400e-02,    1.152400e-02,    3.419500e-03,    3.419500e-03,
         9,    3.981000e+02,   -5.845075e-03,    6.278293e-04,    1.816593e-01,   -2.139719e-01,   -1.685074e-01,    2.111171e-01,    2.053679e-03,   -3.684086e-03,    4.177214e-01,    1.175757e+00,    6.696113e-01,   -7.257995e-01,   -1.327080e+00,    9.957158e-01,   -7.668922e-01,    1.428189e+00,   -2.297200e-03,    1.061400e-02,    1.915200e-01,   -2.246600e-01,   -1.880500e-01,    2.257800e-01,   -1.353700e-03,    2.661500e-03,    8.493400e-03,    8.493400e-03,    1.472600e-02,    1.472600e-02,    1.472600e-02,    1.472600e-02,    4.443100e-03,    4.443100e-03,
         9,    6.309500e+02,   -5.898236e-03,    1.980538e-04,    2.324218e-01,   -2.736878e-01,   -2.156194e-01,    2.758963e-01,    1.602999e-03,   -6.367324e-03,   -6.504512e-01,    4.047981e-01,    4.698217e-01,   -1.218114e+00,   -1.386610e+00,    6.803154e-01,   -9.712336e-01,    1.283594e+00,   -1.298100e-02,    4.605900e-03,    2.413400e-01,   -2.968100e-01,   -2.419400e-01,    2.888100e-01,   -5.362300e-03,    2.838100e-03,    1.088900e-02,    1.088900e-02,    1.898200e-02,    1.898200e-02,    1.898200e-02,    1.898200e-02,    7.171600e-03,    7.171600e-03,
         9,    1.000000e+03,   -5.936553e-03,   -3.876550e-06,    2.944885e-01,   -3.526484e-01,   -2.752612e-01,    3.632637e-01,    1.034835e-03,   -1.098338e-02,   -1.073015e+00,   -9.615315e-02,    1.033375e+00,   -1.009294e+00,   -1.699552e+00,    1.672378e-01,   -8.321515e-01,    1.399973e+00,   -2.319600e-02,   -1.550500e-03,    3.198000e-01,   -3.773700e-01,   -3.168900e-01,    3.673600e-01,   -5.301500e-03,   -3.234300e-04,    1.608500e-02,    1.608500e-02,    2.449400e-02,    2.449400e-02,    2.449400e-02,    2.449400e-02,    7.614400e-03,    7.614400e-03,
        11,    1.000000e+02,   -5.008901e-03,   -8.078476e-03,    1.297651e-01,   -1.277150e-01,   -1.233006e-01,    1.303317e-01,    5.375254e-03,    1.081859e-03,   -7.951193e-01,   -8.923236e-01,   -5.655392e-01,    1.085544e+00,    1.262298e+00,   -9.480604e-01,   -1.569129e-01,   -7.452403e-01,   -1.199800e-02,   -1.592200e-02,    1.249800e-01,   -1.185300e-01,   -1.126200e-01,    1.223100e-01,    4.684900e-03,   -2.196900e-03,    8.790000e-03,    8.790000e-03,    8.461200e-03,    8.461200e-03,    8.461200e-03,    8.461200e-03,    4.399600e-03,    4.399600e-03,
        11,    1.584800e+02,   -4.928875e-03,   -1.477216e-03,    1.620095e-01,   -1.675832e-01,   -1.589487e-01,    1.680873e-01,    4.403751e-03,    1.929309e-03,    2.340240e-02,   -7.933231e-01,   -3.745210e-01,    1.401521e+00,    7.852963e-01,   -4.514182e-01,    1.522671e-01,   -8.387186e-01,   -4.781400e-03,   -6.476500e-03,    1.578800e-01,   -1.521300e-01,   -1.502900e-01,    1.631100e-01,    5.225400e-03,   -2.596500e-03,    6.301700e-03,    6.301700e-03,    1.102600e-02,    1.102600e-02,    1.102600e-02,    1.102600e-02,    5.396100e-03,    5.396100e-03,
        11,    2.511800e+02,   -6.861742e-03,    1.883352e-03,    2.048372e-01,   -2.152879e-01,   -2.011774e-01,    2.134213e-01,    2.622267e-03,    1.668045e-03,    2.991869e-01,    5.694669e-01,   -5.700994e-01,    1.832285e+00,    3.752167e-01,   -6.883378e-01,    5.771236e-01,   -5.924152e-01,   -4.827600e-03,    5.755100e-03,    1.969100e-01,   -1.898100e-01,   -1.959600e-01,    2.038500e-01,    6.415700e-03,   -2.225900e-03,    6.798900e-03,    6.798900e-03,    1.390500e-02,    1.390500e-02,    1.390500e-02,    1.390500e-02,    6.573000e-03,    6.573000e-03,
        11,    3.981000e+02,   -7.777630e-03,    4.052191e-03,    2.559106e-01,   -2.745643e-01,   -2.521718e-01,    2.725842e-01,    1.450247e-03,   -1.001805e-05,   -3.131373e-01,    7.019163e-01,   -7.700202e-01,    2.225808e+00,    1.313258e-01,   -1.292801e+00,    7.443648e-01,   -2.717250e-01,   -1.127600e-02,    1.189400e-02,    2.425900e-01,   -2.360600e-01,   -2.499000e-01,    2.502200e-01,    7.202400e-03,   -2.109800e-03,    1.117200e-02,    1.117200e-02,    1.729900e-02,    1.729900e-02,    1.729900e-02,    1.729900e-02,    7.727600e-03,    7.727600e-03,
        11,    6.309500e+02,   -8.850231e-03,    7.307976e-03,    3.167002e-01,   -3.541841e-01,   -3.154521e-01,    3.505973e-01,    1.473559e-03,   -2.158762e-03,   -6.325193e-01,    5.808806e-01,   -7.535023e-01,    2.597973e+00,    1.685198e-01,   -1.933714e+00,    7.582084e-01,   -1.751160e-02,   -1.853600e-02,    1.620300e-02,    3.004600e-01,   -2.981900e-01,   -3.118200e-01,    3.089200e-01,    8.576000e-03,   -2.322800e-03,    1.531300e-02,    1.531300e-02,    2.155300e-02,    2.155300e-02,    2.155300e-02,    2.155300e-02,    9.367400e-03,    9.367400e-03,
        11,    1.000000e+03,   -1.138056e-02,    1.093595e-02,    3.918882e-01,   -4.631895e-01,   -3.939392e-01,    4.544377e-01,    2.385358e-03,   -4.012477e-03,   -6.752571e-01,    3.184106e-01,   -3.298037e-01,    3.561829e+00,   -3.711766e-01,   -2.699311e+00,    8.004064e-01,    3.395920e-01,   -2.401800e-02,    1.689500e-02,    3.829400e-01,   -3.665500e-01,   -4.040100e-01,    3.812000e-01,    1.231600e-02,    2.008400e-04,    1.871500e-02,    1.871500e-02,    2.713200e-02,    2.713200e-02,    2.713200e-02,    2.713200e-02,    1.240700e-02,    1.240700e-02,
        12,    1.000000e+02,   -1.000138e-02,    1.058963e-02,    1.084839e-01,   -1.351387e-01,   -1.143486e-01,    1.402646e-01,    1.575032e-02,   -2.657724e-02,   -7.237434e-01,    8.789047e-01,   -3.823103e+00,    4.940391e+00,    2.911856e+00,   -3.683778e+00,    1.801651e+00,   -1.460346e+00,   -1.607800e-02,    1.796900e-02,    8.194200e-02,   -1.008400e-01,   -9.413300e-02,    1.146900e-01,    4.202200e-02,   -4.787200e-02,    8.396100e-03,    8.396100e-03,    6.942500e-03,    6.942500e-03,    6.942500e-03,    6.942500e-03,    1.458200e-02,    1.458200e-02,
        12,    1.584800e+02,   -1.313264e-02,    1.178763e-02,    1.410987e-01,   -1.804045e-01,   -1.479606e-01,    1.856770e-01,    2.271571e-02,   -3.144115e-02,   -5.657316e-01,    8.978410e-01,   -4.506440e+00,    5.193363e+00,    3.424712e+00,   -3.903811e+00,    1.564821e+00,   -1.618202e+00,   -1.898400e-02,    2.107400e-02,    1.007800e-01,   -1.339400e-01,   -1.173200e-01,    1.507500e-01,    5.181200e-02,   -6.153000e-02,    1.034300e-02,    1.034300e-02,    8.946900e-03,    8.946900e-03,    8.946900e-03,    8.946900e-03,    1.859400e-02,    1.859400e-02,
        12,    2.511800e+02,   -1.653046e-02,    1.312831e-02,    1.859900e-01,   -2.376835e-01,   -1.932271e-01,    2.436851e-01,    3.082168e-02,   -3.786363e-02,   -6.592668e-01,    9.443632e-01,   -4.757302e+00,    5.046122e+00,    3.295745e+00,   -3.794561e+00,    1.459584e+00,   -1.767951e+00,   -2.536200e-02,    2.577900e-02,    1.299300e-01,   -1.782200e-01,   -1.543900e-01,    1.989700e-01,    6.636400e-02,   -8.091500e-02,    1.339600e-02,    1.339600e-02,    1.178400e-02,    1.178400e-02,    1.178400e-02,    1.178400e-02,    2.435100e-02,    2.435100e-02,
        12,    3.981000e+02,   -2.002799e-02,    1.477417e-02,    2.452849e-01,   -3.093728e-01,   -2.523837e-01,    3.174926e-01,    4.004472e-02,   -4.608093e-02,   -8.680852e-01,    8.694395e-01,   -4.330487e+00,    4.546326e+00,    2.833243e+00,   -3.528083e+00,    1.610071e+00,   -1.840183e+00,   -3.529500e-02,    3.006500e-02,    1.771100e-01,   -2.378000e-01,   -2.077800e-01,    2.619500e-01,    9.240100e-02,   -1.059200e-01,    1.758700e-02,    1.758700e-02,    1.574300e-02,    1.574300e-02,    1.574300e-02,    1.574300e-02,    3.251800e-02,    3.251800e-02,
        12,    6.309500e+02,   -2.383315e-02,    1.733124e-02,    3.211148e-01,   -3.997550e-01,   -3.278844e-01,    4.120411e-01,    5.051989e-02,   -5.745423e-02,   -1.001299e+00,    4.957806e-01,   -3.295890e+00,    3.858104e+00,    2.197476e+00,   -3.413923e+00,    1.915102e+00,   -1.796573e+00,   -4.607900e-02,    2.834600e-02,    2.514100e-01,   -3.181600e-01,   -2.814100e-01,    3.398400e-01,    1.338000e-01,   -1.355800e-01,    2.221700e-02,    2.221700e-02,    2.114900e-02,    2.114900e-02,    2.114900e-02,    2.114900e-02,    4.348600e-02,    4.348600e-02,
        12,    1.000000e+03,   -2.901770e-02,    2.103754e-02,    4.162868e-01,   -5.156308e-01,   -4.226158e-01,    5.350875e-01,    6.345430e-02,   -7.363512e-02,   -1.125016e+00,   -5.710005e-01,   -2.333277e+00,    4.030865e+00,    1.317098e+00,   -4.365954e+00,    2.216205e+00,   -1.543785e+00,   -5.914000e-02,    5.749000e-03,    3.519700e-01,   -4.045200e-01,   -3.863100e-01,    4.147400e-01,    1.878100e-01,   -1.602600e-01,    2.677500e-02,    2.677500e-02,    2.756500e-02,    2.756500e-02,    2.756500e-02,    2.756500e-02,    5.611200e-02,    5.611200e-02,
        13,    1.000000e+02,   -7.970254e-04,   -5.399222e-03,    7.731871e-02,   -8.993554e-02,   -7.711472e-02,    9.300980e-02,    2.220688e-03,    5.819364e-03,    1.102515e+00,   -8.203186e-01,    4.197812e-01,   -2.229204e+00,   -4.705102e-01,    1.993025e+00,   -4.655955e-01,    8.710853e-01,    5.702300e-03,   -1.023500e-02,    8.009900e-02,   -1.047000e-01,   -8.023100e-02,    1.062100e-01,   -4.243600e-04,    1.076800e-02,    5.895000e-03,    5.895000e-03,    6.623200e-03,    6.623200e-03,    6.623200e-03,    6.623200e-03,    5.681000e-03,    5.681000e-03,
        13,    1.584800e+02,    5.477894e-04,   -5.240457e-03,    9.928112e-02,   -1.165368e-01,   -1.011405e-01,    1.209206e-01,    4.598339e-04,    6.614537e-03,    1.030280e+00,   -6.120518e-01,    1.213699e+00,   -2.477463e+00,   -1.211524e+00,    2.099394e+00,   -7.129031e-01,    6.072214e-01,    7.751300e-03,   -9.519800e-03,    1.100800e-01,   -1.385800e-01,   -1.119200e-01,    1.396000e-01,   -4.421200e-03,    1.077200e-02,    6.991800e-03,    6.991800e-03,    8.897500e-03,    8.897500e-03,    8.897500e-03,    8.897500e-03,    6.846700e-03,    6.846700e-03,
        13,    2.511800e+02,    1.929613e-03,   -5.344233e-03,    1.275956e-01,   -1.502897e-01,   -1.315448e-01,    1.553169e-01,   -1.063090e-03,    7.767844e-03,    8.581950e-01,   -5.091033e-01,    1.591074e+00,   -2.123272e+00,   -1.483066e+00,    1.928275e+00,   -7.455008e-01,    3.736555e-01,    8.945100e-03,   -9.506000e-03,    1.458500e-01,   -1.746500e-01,   -1.485600e-01,    1.774400e-01,   -7.200500e-03,    1.084400e-02,    8.174700e-03,    8.174700e-03,    1.147300e-02,    1.147300e-02,    1.147300e-02,    1.147300e-02,    8.232600e-03,    8.232600e-03,
        13,    3.981000e+02,    3.597432e-03,   -5.660878e-03,    1.629297e-01,   -1.935922e-01,   -1.689360e-01,    1.987904e-01,   -2.613159e-03,    9.533738e-03,    6.384068e-01,   -6.962895e-01,    1.768500e+00,   -1.617164e+00,   -1.518877e+00,    1.527551e+00,   -5.341405e-01,    2.599611e-01,    1.016600e-02,   -1.282500e-02,    1.885500e-01,   -2.170200e-01,   -1.909400e-01,    2.209200e-01,   -7.801800e-03,    1.205900e-02,    1.028900e-02,    1.028900e-02,    1.448700e-02,    1.448700e-02,    1.448700e-02,    1.448700e-02,    9.714000e-03,    9.714000e-03,
        13,    6.309500e+02,    5.775815e-03,   -5.844856e-03,    2.060573e-01,   -2.505486e-01,   -2.141849e-01,    2.559211e-01,   -4.204229e-03,    1.225362e-02,    5.752939e-01,   -8.616239e-01,    1.939004e+00,   -1.064397e+00,   -1.638872e+00,    1.145751e+00,   -1.828036e-01,    2.880605e-01,    1.347900e-02,   -1.738200e-02,    2.415100e-01,   -2.700100e-01,   -2.441500e-01,    2.768700e-01,   -6.371000e-03,    1.566800e-02,    1.339000e-02,    1.339000e-02,    1.828400e-02,    1.828400e-02,    1.828400e-02,    1.828400e-02,    1.185300e-02,    1.185300e-02,
        13,    1.000000e+03,    8.466957e-03,   -5.501348e-03,    2.584957e-01,   -3.278106e-01,   -2.698475e-01,    3.335001e-01,   -6.001674e-03,    1.650139e-02,    4.546486e-01,   -1.042450e+00,    1.993857e+00,   -6.730806e-01,   -2.574576e+00,    4.397573e-01,    6.089141e-02,    3.847568e-01,    1.627100e-02,   -2.339500e-02,    3.051500e-01,   -3.435600e-01,   -3.300900e-01,    3.437900e-01,   -5.043000e-03,    2.255900e-02,    1.716500e-02,    1.716500e-02,    2.339900e-02,    2.339900e-02,    2.339900e-02,    2.339900e-02,    1.574400e-02,    1.574400e-02,
        14,    1.000000e+02,    9.249560e-02,   -5.570652e-02,    2.058217e-01,   -2.867876e-01,   -3.492253e-01,    2.500389e-01,   -4.402858e-02,    6.710769e-02,    1.816737e+00,   -2.095677e+00,    1.508093e+00,   -4.803156e+00,   -2.872690e+00,    8.043438e-01,   -1.607191e-01,    1.386614e+00,    1.853000e-01,   -1.627600e-01,    2.423100e-01,   -4.030000e-01,   -4.187300e-01,    2.695000e-01,   -5.016500e-02,    1.200500e-01,    5.108300e-02,    5.108300e-02,    2.419500e-02,    2.419500e-02,    2.419500e-02,    2.419500e-02,    3.818100e-02,    3.818100e-02,
        14,    1.584800e+02,    1.053012e-01,   -6.861828e-02,    2.799590e-01,   -3.643783e-01,   -4.130667e-01,    3.096703e-01,   -6.346308e-02,    8.753081e-02,    2.196353e+00,   -1.918893e+00,    2.295214e+00,   -6.001082e+00,   -2.462100e+00,    7.659074e-01,   -2.650690e-01,    1.835748e+00,    2.576600e-01,   -2.017300e-01,    3.513700e-01,   -5.510900e-01,   -4.896700e-01,    3.335000e-01,   -7.705900e-02,    1.816900e-01,    6.936900e-02,    6.936900e-02,    3.111300e-02,    3.111300e-02,    3.111300e-02,    3.111300e-02,    5.129200e-02,    5.129200e-02,
        14,    2.511800e+02,    1.205939e-01,   -8.642844e-02,    3.688531e-01,   -4.627782e-01,   -4.864815e-01,    3.861511e-01,   -8.779892e-02,    1.113267e-01,    2.363704e+00,   -1.727402e+00,    2.942793e+00,   -6.566696e+00,   -2.103104e+00,    9.429457e-01,   -4.517978e-01,    2.211619e+00,    3.322400e-01,   -2.411000e-01,    4.842900e-01,   -7.203700e-01,   -5.689800e-01,    4.231400e-01,   -1.183400e-01,    2.608300e-01,    8.954000e-02,    8.954000e-02,    3.922700e-02,    3.922700e-02,    3.922700e-02,    3.922700e-02,    6.759900e-02,    6.759900e-02,
        14,    3.981000e+02,    1.381861e-01,   -1.106456e-01,    4.774949e-01,   -5.928474e-01,   -5.718912e-01,    4.911206e-01,   -1.179173e-01,    1.393132e-01,    2.353160e+00,   -1.543811e+00,    3.366417e+00,   -6.942023e+00,   -1.711604e+00,    7.855422e-01,   -6.885774e-01,    2.511996e+00,    4.013400e-01,   -2.832900e-01,    6.418400e-01,   -9.317500e-01,   -6.554500e-01,    5.294700e-01,   -1.778600e-01,    3.579900e-01,    1.118300e-01,    1.118300e-01,    4.881900e-02,    4.881900e-02,    4.881900e-02,    4.881900e-02,    8.705300e-02,    8.705300e-02,
        14,    6.309500e+02,    1.579751e-01,   -1.459703e-01,    6.145351e-01,   -7.675113e-01,   -6.776163e-01,    6.389064e-01,   -1.537134e-01,    1.734739e-01,    2.132278e+00,   -1.442068e+00,    3.300748e+00,   -6.762614e+00,   -1.309378e+00,    1.030018e+00,   -8.721721e-01,    2.668788e+00,    4.443400e-01,   -3.396400e-01,    8.152800e-01,   -1.178800e+00,   -7.572500e-01,    7.015500e-01,   -2.507600e-01,    4.704300e-01,    1.343000e-01,    1.343000e-01,    6.081800e-02,    6.081800e-02,    6.081800e-02,    6.081800e-02,    1.112700e-01,    1.112700e-01,
        14,    1.000000e+03,    1.830059e-01,   -1.990615e-01,    7.923539e-01,   -9.999437e-01,   -8.166507e-01,    8.429168e-01,   -1.963375e-01,    2.179390e-01,    1.901736e+00,   -1.137559e+00,    3.148595e+00,   -6.614368e+00,   -1.008694e+00,    1.448405e+00,   -1.085109e+00,    2.645623e+00,    4.865800e-01,   -3.806500e-01,    1.036200e+00,   -1.512200e+00,   -8.947700e-01,    9.550900e-01,   -3.511500e-01,    5.953900e-01,    1.596300e-01,    1.596300e-01,    7.744600e-02,    7.744600e-02,    7.744600e-02,    7.744600e-02,    1.426700e-01,    1.426700e-01,
        15,    1.000000e+02,   -2.785262e-02,   -7.179942e-03,    1.042300e-01,   -1.172729e-01,   -6.968514e-02,    1.037518e-01,    4.544135e-03,   -1.049513e-03,   -1.427171e-01,   -1.861600e+00,    9.586349e-01,   -7.010151e-01,   -3.041453e-01,    1.752611e+00,   -1.311867e+00,    1.533662e+00,   -2.965200e-02,   -3.065100e-02,    1.114600e-01,   -1.225600e-01,   -7.197900e-02,    1.169700e-01,   -6.376100e-04,    5.008300e-03,    1.260800e-02,    1.260800e-02,    7.542000e-03,    7.542000e-03,    7.542000e-03,    7.542000e-03,    3.949900e-03,    3.949900e-03,
        15,    1.584800e+02,   -2.315534e-02,   -1.241467e-02,    1.364977e-01,   -1.468173e-01,   -9.468073e-02,    1.425584e-01,    5.166831e-03,    1.642012e-03,    5.850077e-01,   -1.766926e+00,    5.136278e-01,   -7.042983e-01,   -2.843612e-01,    1.842936e+00,   -1.368446e+00,    8.441966e-01,   -1.517700e-02,   -3.651200e-02,    1.415900e-01,   -1.538000e-01,   -9.750000e-02,    1.608300e-01,   -1.892300e-03,    5.996800e-03,    1.363800e-02,    1.363800e-02,    9.914400e-03,    9.914400e-03,    9.914400e-03,    9.914400e-03,    5.158500e-03,    5.158500e-03,
        15,    2.511800e+02,   -1.645508e-02,   -1.437684e-02,    1.740169e-01,   -1.815717e-01,   -1.323374e-01,    1.905075e-01,    3.648688e-03,    4.405202e-03,    1.291568e+00,   -1.382042e+00,    5.413281e-01,   -1.333305e+00,   -8.008619e-01,    1.964774e+00,   -1.421260e+00,    4.035959e-01,    2.190000e-03,   -3.432800e-02,    1.811700e-01,   -1.991900e-01,   -1.429200e-01,    2.164700e-01,   -7.614800e-03,    7.603700e-03,    1.443600e-02,    1.443600e-02,    1.321400e-02,    1.321400e-02,    1.321400e-02,    1.321400e-02,    7.925000e-03,    7.925000e-03,
        15,    3.981000e+02,   -1.116059e-02,   -1.321562e-02,    2.161657e-01,   -2.266895e-01,   -1.829459e-01,    2.459744e-01,    8.510711e-04,    5.604256e-03,    1.701764e+00,   -5.394277e-01,    1.190749e+00,   -1.846431e+00,   -1.303986e+00,    1.785791e+00,   -1.366934e+00,    7.563621e-02,    1.227100e-02,   -2.064300e-02,    2.368800e-01,   -2.588100e-01,   -2.056300e-01,    2.770400e-01,   -1.417700e-02,    6.435800e-03,    1.376900e-02,    1.376900e-02,    1.739600e-02,    1.739600e-02,    1.739600e-02,    1.739600e-02,    1.099400e-02,    1.099400e-02,
        15,    6.309500e+02,   -9.282756e-03,   -1.174174e-02,    2.649078e-01,   -2.895690e-01,   -2.427300e-01,    3.122672e-01,   -1.330933e-03,    5.253583e-03,    1.785968e+00,    5.639858e-01,    2.049915e+00,   -1.826668e+00,   -1.849389e+00,    1.199125e+00,   -1.342040e+00,   -1.763007e-01,    1.014500e-02,   -5.606700e-03,    3.108300e-01,   -3.304900e-01,   -2.841600e-01,    3.391300e-01,   -2.065900e-02,    2.714500e-03,    1.087800e-02,    1.087800e-02,    2.240200e-02,    2.240200e-02,    2.240200e-02,    2.240200e-02,    1.440200e-02,    1.440200e-02,
        15,    1.000000e+03,   -1.053308e-02,   -1.316388e-02,    3.251635e-01,   -3.785582e-01,   -3.109239e-01,    4.007749e-01,   -2.013717e-03,    5.060821e-03,    1.228051e+00,    2.020735e+00,    2.714091e+00,   -1.219359e+00,   -2.361874e+00,    3.047413e-01,   -1.203954e+00,   -5.178138e-01,    2.560400e-03,    8.381200e-03,    4.020700e-01,   -4.131100e-01,   -3.778500e-01,    4.094100e-01,   -2.225700e-02,   -3.645700e-03,    1.066200e-02,    1.066200e-02,    2.833600e-02,    2.833600e-02,    2.833600e-02,    2.833600e-02,    1.681400e-02,    1.681400e-02,
        16,    1.000000e+02,    6.011450e-03,   -8.119475e-03,    9.993776e-02,   -1.089247e-01,   -1.225061e-01,    1.265791e-01,   -5.518462e-03,    7.396356e-03,    7.766674e-01,   -3.612717e-01,   -1.754484e-01,    3.891634e-01,   -8.509746e-01,    7.430778e-01,   -7.025091e-02,    5.407274e-02,    1.157200e-02,   -1.070600e-02,    9.850200e-02,   -1.057400e-01,   -1.294700e-01,    1.326600e-01,   -5.967000e-03,    7.741600e-03,    7.159500e-03,    7.159500e-03,    8.183400e-03,    8.183400e-03,    8.183400e-03,    8.183400e-03,    6.384800e-03,    6.384800e-03,
        16,    1.584800e+02,    8.263697e-03,   -9.893020e-03,    1.274163e-01,   -1.382688e-01,   -1.539153e-01,    1.606617e-01,   -7.098709e-03,    9.439602e-03,    6.472075e-01,   -2.124831e-01,   -4.947242e-01,    2.102638e-01,   -8.941015e-01,    7.786450e-01,   -6.404553e-02,    2.643768e-01,    1.385900e-02,   -1.173000e-02,    1.222900e-01,   -1.360900e-01,   -1.631800e-01,    1.687300e-01,   -7.649200e-03,    1.171200e-02,    8.645300e-03,    8.645300e-03,    1.036200e-02,    1.036200e-02,    1.036200e-02,    1.036200e-02,    8.595300e-03,    8.595300e-03,
        16,    2.511800e+02,    1.116001e-02,   -1.162327e-02,    1.611229e-01,   -1.761044e-01,   -1.943364e-01,    2.050069e-01,   -9.728091e-03,    1.203854e-02,    6.551679e-01,   -1.693097e-01,   -7.627296e-01,    7.398062e-02,   -6.131941e-01,    6.154555e-01,   -2.077076e-01,    3.923237e-01,    1.828300e-02,   -1.346400e-02,    1.511800e-01,   -1.751400e-01,   -2.023300e-01,    2.130300e-01,   -1.215100e-02,    1.661500e-02,    1.087200e-02,    1.087200e-02,    1.303600e-02,    1.303600e-02,    1.303600e-02,    1.303600e-02,    1.166500e-02,    1.166500e-02,
        16,    3.981000e+02,    1.410913e-02,   -1.354502e-02,    2.034926e-01,   -2.256427e-01,   -2.460884e-01,    2.607098e-01,   -1.309008e-02,    1.484014e-02,    6.760121e-01,   -1.680902e-01,   -8.275097e-01,   -8.141508e-03,   -1.567026e+00,    7.300976e-01,   -4.518165e-01,    3.422536e-01,    2.335900e-02,   -1.584500e-02,    1.895400e-01,   -2.257800e-01,   -2.725100e-01,    2.730200e-01,   -2.020800e-02,    2.023200e-02,    1.368300e-02,    1.368300e-02,    1.686100e-02,    1.686100e-02,    1.686100e-02,    1.686100e-02,    1.575400e-02,    1.575400e-02,
        16,    6.309500e+02,    1.720652e-02,   -1.635808e-02,    2.570845e-01,   -2.900629e-01,   -3.101409e-01,    3.311884e-01,   -1.699214e-02,    1.821061e-02,    1.503056e+00,   -7.551224e-02,   -8.973058e-01,    7.835262e-01,   -1.320059e+00,    1.190798e-01,   -9.669739e-01,    9.045921e-02,    4.793800e-02,   -1.790200e-02,    2.384600e-01,   -2.738000e-01,   -3.375400e-01,    3.336600e-01,   -3.763800e-02,    2.014200e-02,    2.044600e-02,    2.044600e-02,    2.075600e-02,    2.075600e-02,    2.075600e-02,    2.075600e-02,    2.135100e-02,    2.135100e-02,
        17,    1.000000e+02,   -6.420993e-04,    2.281485e-03,    9.745633e-02,   -1.412229e-01,   -1.004746e-01,    1.554995e-01,   -5.702586e-03,    3.804210e-03,   -2.583841e-01,    1.565396e+00,   -1.448541e+00,    1.894594e+00,    3.597316e+00,   -1.445753e+00,   -1.092002e+00,   -3.491274e-01,   -2.366400e-03,    1.272800e-02,    8.608500e-02,   -1.263500e-01,   -7.223500e-02,    1.441500e-01,   -1.331100e-02,    1.371700e-03,    6.673400e-03,    6.673400e-03,    7.850200e-03,    7.850200e-03,    7.850200e-03,    7.850200e-03,    6.967400e-03,    6.967400e-03,
        17,    1.584800e+02,    5.047440e-04,    6.019445e-03,    1.304823e-01,   -1.932802e-01,   -1.371794e-01,    2.113932e-01,   -8.320316e-03,    2.208427e-03,   -6.359398e-01,    1.342742e+00,   -2.058418e+00,    2.179062e+00,    3.740270e+00,   -2.377532e+00,   -6.937904e-01,    3.004305e-03,   -5.485300e-03,    1.866700e-02,    1.091900e-01,   -1.707400e-01,   -9.849000e-02,    1.868000e-01,   -1.401800e-02,    2.233100e-03,    9.419200e-03,    9.419200e-03,    1.034400e-02,    1.034400e-02,    1.034400e-02,    1.034400e-02,    8.212400e-03,    8.212400e-03,
        17,    2.511800e+02,   -2.201062e-04,    1.223093e-02,    1.771182e-01,   -2.601544e-01,   -1.891500e-01,    2.827060e-01,   -9.606881e-03,   -1.144071e-03,   -9.293117e-01,    7.087828e-01,   -2.446984e+00,    1.907013e+00,    3.177336e+00,   -3.316137e+00,   -4.573516e-01,   -2.356419e-01,   -1.147500e-02,    2.081500e-02,    1.433400e-01,   -2.338300e-01,   -1.452900e-01,    2.369300e-01,   -1.393800e-02,   -3.375600e-03,    1.211100e-02,    1.211100e-02,    1.380400e-02,    1.380400e-02,    1.380400e-02,    1.380400e-02,    9.470000e-03,    9.470000e-03,
        17,    3.981000e+02,   -3.668729e-03,    1.954454e-02,    2.418666e-01,   -3.451925e-01,   -2.599690e-01,    3.724133e-01,   -8.944681e-03,   -4.972147e-03,   -8.805739e-01,    9.392018e-01,   -2.994617e+00,    1.660458e+00,    2.313577e+00,   -3.141824e+00,    2.219950e-01,   -8.202102e-01,   -2.004300e-02,    3.700900e-02,    1.859900e-01,   -3.142100e-01,   -2.168000e-01,    3.137900e-01,   -6.354000e-03,   -1.454400e-02,    1.859500e-02,    1.859500e-02,    1.865900e-02,    1.865900e-02,    1.865900e-02,    1.865900e-02,    1.167000e-02,    1.167000e-02,
        17,    6.309500e+02,   -9.204134e-03,    2.756995e-02,    3.288586e-01,   -4.511419e-01,   -3.536909e-01,    4.846792e-01,   -6.749899e-03,   -8.686616e-03,   -7.249331e-01,    5.940861e-01,   -2.860325e+00,    1.222828e+00,    2.126924e+00,   -2.728689e+00,    7.455197e-01,   -3.936783e-01,   -2.609000e-02,    4.140800e-02,    2.569500e-01,   -4.204000e-01,   -3.002200e-01,    4.160800e-01,    2.710000e-03,   -1.368200e-02,    2.329300e-02,    2.329300e-02,    2.514000e-02,    2.514000e-02,    2.514000e-02,    2.514000e-02,    1.268900e-02,    1.268900e-02,
        17,    1.000000e+03,   -1.689122e-02,    3.686966e-02,    4.406853e-01,   -5.832818e-01,   -4.741186e-01,    6.253469e-01,   -3.053967e-03,   -1.200040e-02,   -5.637845e-01,    5.568302e-02,   -1.914410e+00,    1.508219e-01,    1.769489e+00,   -1.662407e+00,    1.046672e+00,    3.746670e-02,   -3.264900e-02,    3.842600e-02,    3.741500e-01,   -5.780400e-01,   -4.126200e-01,    5.675700e-01,    1.497600e-02,   -1.135500e-02,    2.795000e-02,    2.795000e-02,    3.475500e-02,    3.475500e-02,    3.475500e-02,    3.475500e-02,    1.722600e-02,    1.722600e-02,
        18,    1.000000e+02,    2.910976e-01,   -7.058922e-02,    2.866873e-01,   -2.889701e-01,   -1.332221e+00,    5.883863e-01,   -4.779155e-01,    7.896422e-03,    2.908011e+00,   -1.269298e+00,    2.578607e+00,   -5.703351e-01,   -1.079853e+01,    4.650873e+00,   -1.261028e+00,    4.716009e-01,    5.274200e-01,   -1.737400e-01,    4.216000e-01,   -3.188100e-01,   -1.897200e+00,    8.317200e-01,   -7.079900e-01,    9.394000e-02,    8.126600e-02,    8.126600e-02,    5.232000e-02,    5.232000e-02,    5.232000e-02,    5.232000e-02,    1.824500e-01,    1.824500e-01,
        18,    1.584800e+02,    3.054239e-01,   -6.753364e-02,    3.565597e-01,   -3.844363e-01,   -1.483594e+00,    6.573396e-01,   -4.667044e-01,    2.634312e-04,    2.868533e+00,   -1.288154e+00,    2.237049e+00,   -1.349571e-01,   -1.048019e+01,    4.682738e+00,   -1.303289e+00,    3.916709e-01,    5.696100e-01,   -1.861700e-01,    4.915500e-01,   -3.925800e-01,   -2.116000e+00,    9.399100e-01,   -7.197900e-01,    7.632200e-02,    9.209800e-02,    9.209800e-02,    6.034300e-02,    6.034300e-02,    6.034300e-02,    6.034300e-02,    1.941900e-01,    1.941900e-01,
        18,    2.511800e+02,    3.152679e-01,   -7.140647e-02,    4.536761e-01,   -5.030068e-01,   -1.641691e+00,    7.562780e-01,   -4.579724e-01,   -1.257473e-03,    2.866391e+00,   -1.275024e+00,    1.879817e+00,    1.497903e-01,   -1.023609e+01,    4.491139e+00,   -1.407209e+00,    2.314749e-01,    6.192200e-01,   -2.066100e-01,    5.861600e-01,   -4.924500e-01,   -2.363100e+00,    1.072800e+00,   -7.534300e-01,    4.734300e-02,    1.060400e-01,    1.060400e-01,    7.047700e-02,    7.047700e-02,    7.047700e-02,    7.047700e-02,    2.099600e-01,    2.099600e-01,
        18,    3.981000e+02,    3.238816e-01,   -8.709328e-02,    5.777265e-01,   -6.493932e-01,   -1.810994e+00,    9.037044e-01,   -4.446280e-01,    6.467193e-04,    2.852873e+00,   -1.230346e+00,    1.358882e+00,    3.082091e-01,   -1.004414e+01,    4.141671e+00,   -1.511261e+00,    5.451112e-02,    6.723600e-01,   -2.373800e-01,    6.896400e-01,   -6.240100e-01,   -2.638200e+00,    1.244800e+00,   -7.884400e-01,    1.304800e-02,    1.221500e-01,    1.221500e-01,    8.235700e-02,    8.235700e-02,    8.235700e-02,    8.235700e-02,    2.275000e-01,    2.275000e-01,
        18,    6.309500e+02,    3.378420e-01,   -1.176360e-01,    7.309785e-01,   -8.390423e-01,   -2.003912e+00,    1.124804e+00,   -4.206020e-01,    1.674341e-02,    2.791973e+00,   -1.151324e+00,    5.752155e-01,    3.924147e-01,   -9.468707e+00,    3.569331e+00,   -1.487893e+00,   -1.601233e-01,    7.301700e-01,   -2.794200e-01,    7.859800e-01,   -8.015200e-01,   -2.909300e+00,    1.466100e+00,   -7.753900e-01,   -2.143800e-02,    1.405200e-01,    1.405200e-01,    9.561900e-02,    9.561900e-02,    9.561900e-02,    9.561900e-02,    2.384500e-01,    2.384500e-01,
        18,    1.000000e+03,    3.638856e-01,   -1.609161e-01,    9.264605e-01,   -1.092634e+00,   -2.244101e+00,    1.447070e+00,   -3.930449e-01,    6.355943e-02,    2.897965e+00,   -1.034461e+00,   -2.856555e-01,    4.854377e-01,   -8.696808e+00,    3.038367e+00,   -1.503098e+00,   -3.934400e-01,    8.502800e-01,   -3.345400e-01,    8.943700e-01,   -1.038100e+00,   -3.221100e+00,    1.788400e+00,   -7.739900e-01,   -3.615400e-02,    1.678400e-01,    1.678400e-01,    1.123400e-01,    1.123400e-01,    1.123400e-01,    1.123400e-01,    2.534400e-01,    2.534400e-01,
        19,    1.000000e+02,    1.235143e-03,    1.527492e-03,    1.367390e-01,   -1.359530e-01,   -1.430892e-01,    1.513036e-01,    1.423916e-02,   -1.642002e-02,    1.050843e-01,   -9.749805e-01,   -2.712309e+00,    3.550220e+00,    2.747934e+00,   -4.030399e+00,    6.211188e-01,   -1.290815e+00,    1.495500e-03,   -8.881200e-04,    1.146500e-01,   -1.070400e-01,   -1.207100e-01,    1.184800e-01,    2.178700e-02,   -3.210600e-02,    2.477600e-03,    2.477600e-03,    8.144000e-03,    8.144000e-03,    8.144000e-03,    8.144000e-03,    1.215200e-02,    1.215200e-02,
        19,    1.584800e+02,    5.522319e-04,    4.346006e-03,    1.661130e-01,   -1.760616e-01,   -1.800763e-01,    1.961238e-01,    1.751822e-02,   -2.376274e-02,    5.561784e-01,   -1.538056e+00,   -2.910579e+00,    4.051279e+00,    3.577316e+00,   -4.306130e+00,    6.046548e-01,   -1.079747e+00,    2.369100e-03,   -6.783600e-04,    1.368500e-01,   -1.353300e-01,   -1.441100e-01,    1.528300e-01,    2.663400e-02,   -4.004100e-02,    3.266700e-03,    3.266700e-03,    1.005400e-02,    1.005400e-02,    1.005400e-02,    1.005400e-02,    1.507600e-02,    1.507600e-02,
        19,    2.511800e+02,   -1.971010e-03,    6.980732e-03,    2.060544e-01,   -2.323975e-01,   -2.304429e-01,    2.532869e-01,    2.380075e-02,   -3.341156e-02,    1.267194e+00,   -1.671064e+00,   -3.058190e+00,    4.568515e+00,    3.861774e+00,   -4.275718e+00,    5.156379e-01,   -9.018458e-01,    4.099100e-03,   -1.024000e-03,    1.670900e-01,   -1.741900e-01,   -1.812400e-01,    1.988100e-01,    3.370100e-02,   -5.072700e-02,    4.790200e-03,    4.790200e-03,    1.274100e-02,    1.274100e-02,    1.274100e-02,    1.274100e-02,    1.920000e-02,    1.920000e-02,
        19,    3.981000e+02,   -6.247680e-03,    8.496867e-03,    2.622463e-01,   -3.067672e-01,   -2.961504e-01,    3.231822e-01,    3.413808e-02,   -4.456872e-02,    7.740107e-01,   -2.204372e+00,   -2.337107e+00,    4.116153e+00,    1.945758e+00,   -3.984559e+00,    1.035445e+00,   -1.094759e+00,   -1.873900e-03,   -3.959600e-03,    2.220200e-01,   -2.359200e-01,   -2.626600e-01,    2.546000e-01,    6.369900e-02,   -7.582300e-02,    5.650800e-03,    5.650800e-03,    1.721200e-02,    1.721200e-02,    1.721200e-02,    1.721200e-02,    2.854900e-02,    2.854900e-02,
        19,    6.309500e+02,   -1.190985e-02,    7.720449e-03,    3.387116e-01,   -4.004569e-01,   -3.776714e-01,    4.095264e-01,    4.854864e-02,   -5.575684e-02,   -6.127369e-01,   -5.423732e-01,   -2.377998e-01,    2.516886e+00,   -2.024470e+00,   -3.223353e+00,    2.033031e+00,   -1.155357e+00,   -2.109600e-02,   -4.108100e-04,    3.327000e-01,   -3.368300e-01,   -4.288500e-01,    3.280400e-01,    1.439100e-01,   -1.099500e-01,    1.499200e-02,    1.499200e-02,    2.528000e-02,    2.528000e-02,    2.528000e-02,    2.528000e-02,    4.690600e-02,    4.690600e-02,
        19,    1.000000e+03,   -1.792481e-02,    3.518407e-03,    4.370334e-01,   -5.170931e-01,   -4.770636e-01,    5.198704e-01,    6.566672e-02,   -6.636683e-02,   -3.725675e-01,    4.917499e-01,    7.756124e-01,    1.283674e+00,   -3.325305e+00,   -2.399323e+00,    1.804258e+00,   -1.422692e+00,   -2.568800e-02,    1.376500e-02,    4.641100e-01,   -4.722800e-01,   -5.931500e-01,    4.361100e-01,    1.786800e-01,   -1.554800e-01,    2.083700e-02,    2.083700e-02,    3.491000e-02,    3.491000e-02,    3.491000e-02,    3.491000e-02,    6.263700e-02,    6.263700e-02,
        20,    6.309500e+02,   -6.368501e-02,    1.025202e-01,    3.944492e-01,   -4.562313e-01,   -4.099520e-01,    4.505584e-01,    3.392210e-02,   -4.980156e-02,    8.896265e-01,    1.721785e+00,    2.589704e-01,    2.114598e-01,   -2.714468e+00,   -1.021686e+00,    2.284539e+00,   -7.365345e-01,   -1.798400e-02,    1.909700e-01,    4.605100e-01,   -4.022900e-01,   -5.582000e-01,    3.947600e-01,    1.529900e-01,   -8.818900e-02,    5.137100e-02,    5.137100e-02,    2.550900e-01,    2.550900e-01,    5.461400e-02,    5.461400e-02,    5.211900e-02,    5.211900e-02,
        21,    1.000000e+02,   -1.296724e-03,    1.119083e-03,    1.226600e-01,   -1.227389e-01,   -1.228319e-01,    1.218012e-01,   -8.157290e-04,    7.676032e-04,   -2.815161e-01,    2.656658e-01,    1.953349e-01,    4.533663e-02,   -3.287168e-01,   -3.585942e-02,   -9.051566e-01,    2.864223e-01,   -2.276400e-03,    2.043600e-03,    1.270500e-01,   -1.217200e-01,   -1.287100e-01,    1.211600e-01,   -5.030500e-03,    2.101300e-03,    3.480000e-03,    3.480000e-03,    2.247400e-02,    2.247400e-02,    1.788200e-02,    1.788200e-02,    4.656400e-03,    4.656400e-03,
        21,    1.584800e+02,   -2.330736e-03,    6.217706e-04,    1.528752e-01,   -1.519752e-01,   -1.519985e-01,    1.499426e-01,   -1.475008e-03,    5.186230e-04,   -2.578968e-01,    3.472790e-01,    1.556832e-01,    4.156848e-03,   -1.794705e-01,   -7.087482e-02,   -7.993112e-01,   -6.689699e-02,   -3.491400e-03,    2.184700e-03,    1.571900e-01,   -1.518600e-01,   -1.559300e-01,    1.483900e-01,   -5.661400e-03,    1.682500e-04,    4.500500e-03,    4.500500e-03,    2.771500e-02,    2.771500e-02,    2.190600e-02,    2.190600e-02,    5.237500e-03,    5.237500e-03,
        21,    2.511800e+02,   -2.793635e-03,    4.503423e-05,    1.873392e-01,   -1.917559e-01,   -1.850868e-01,    1.895768e-01,   -2.269255e-03,   -3.661317e-04,   -3.643882e-01,    4.299216e-01,    1.188439e-01,    3.002457e-02,   -1.424206e-01,   -1.592295e-01,   -5.636460e-01,   -1.404738e-01,   -4.904900e-03,    2.536000e-03,    1.914000e-01,   -1.907300e-01,   -1.889300e-01,    1.852800e-01,   -5.543700e-03,   -1.182200e-03,    5.794000e-03,    5.794000e-03,    3.416900e-02,    3.416900e-02,    2.698500e-02,    2.698500e-02,    5.809400e-03,    5.809400e-03,
        21,    3.981000e+02,   -3.663528e-03,   -4.796437e-04,    2.297795e-01,   -2.475005e-01,   -2.262789e-01,    2.458361e-01,   -2.834221e-03,   -2.079552e-03,   -1.368194e-01,    2.022691e-01,    1.972556e-01,    1.834508e-01,   -1.176170e-01,   -3.086920e-01,   -2.710758e-01,   -2.397550e-01,   -4.465700e-03,    7.062600e-04,    2.382100e-01,   -2.396600e-01,   -2.302400e-01,    2.354400e-01,   -4.626900e-03,   -3.665100e-03,    5.863000e-03,    5.863000e-03,    4.273900e-02,    4.273900e-02,    3.367800e-02,    3.367800e-02,    6.613200e-03,    6.613200e-03,
        21,    6.309500e+02,   -5.631336e-03,   -1.933611e-03,    2.850059e-01,   -3.237616e-01,   -2.804818e-01,    3.229093e-01,   -2.710968e-03,   -4.585421e-03,   -6.663519e-02,    2.015376e-01,    3.612916e-01,    4.045047e-01,   -1.221819e-01,   -4.969922e-01,    1.656450e-01,   -4.025482e-01,   -6.144900e-03,   -3.803400e-04,    3.048000e-01,   -3.016000e-01,   -2.857500e-01,    3.014800e-01,   -1.260100e-03,   -8.111300e-03,    7.707100e-03,    7.707100e-03,    5.478700e-02,    5.478700e-02,    4.311800e-02,    4.311800e-02,    8.758900e-03,    8.758900e-03,
        21,    1.000000e+03,   -8.657452e-03,   -5.915132e-03,    3.572346e-01,   -4.257303e-01,   -3.512120e-01,    4.258825e-01,   -1.880994e-03,   -7.433502e-03,   -2.214350e-01,    4.125564e-01,    7.006640e-01,    4.971418e-01,   -2.900479e-01,   -4.777354e-01,    4.284335e-01,   -7.028147e-01,   -1.131600e-02,   -9.619800e-04,    4.075500e-01,   -3.900300e-01,   -3.676000e-01,    3.988900e-01,    4.572500e-03,   -1.802000e-02,    1.200600e-02,    1.200600e-02,    7.181100e-02,    7.181100e-02,    5.650100e-02,    5.650100e-02,    1.506300e-02,    1.506300e-02,
        22,    1.000000e+02,    7.348059e-03,   -1.051412e-02,    9.086870e-02,   -1.386893e-01,   -9.728944e-02,    1.458888e-01,   -7.753138e-03,    1.012879e-02,   -3.252468e-01,    1.301398e-01,   -1.481511e+00,    3.787604e+00,   -1.937574e-01,   -4.215630e+00,    4.285362e-01,    2.609361e-01,    5.438600e-03,   -9.750100e-03,    8.017500e-02,   -1.113500e-01,   -9.868800e-02,    1.154600e-01,   -4.914900e-03,    1.185700e-02,    5.870800e-03,    5.870800e-03,    7.218100e-03,    7.218100e-03,    7.218100e-03,    7.218100e-03,    6.623100e-03,    6.623100e-03,
        22,    1.584800e+02,    9.759469e-03,   -1.167805e-02,    1.230041e-01,   -1.894043e-01,   -1.337290e-01,    1.941924e-01,   -1.087394e-02,    1.077643e-02,   -3.378637e-01,    3.554983e-01,   -1.549463e+00,    3.123853e+00,    1.051503e+00,   -3.300954e+00,    2.151484e-01,    4.827378e-01,    7.355400e-03,   -9.148500e-03,    1.077100e-01,   -1.585700e-01,   -1.233500e-01,    1.616100e-01,   -8.946100e-03,    1.510200e-02,    7.115500e-03,    7.115500e-03,    9.870600e-03,    9.870600e-03,    9.870600e-03,    9.870600e-03,    8.960500e-03,    8.960500e-03,
        22,    2.511800e+02,    1.280106e-02,   -1.350560e-02,    1.680030e-01,   -2.551897e-01,   -1.829247e-01,    2.549915e-01,   -1.406664e-02,    1.148940e-02,   -3.628370e-01,    5.155926e-01,   -1.448670e+00,    1.939787e+00,    2.288714e+00,   -1.988979e+00,   -5.468298e-02,    6.494495e-01,    9.554900e-03,   -8.892800e-03,    1.482200e-01,   -2.287000e-01,   -1.516700e-01,    2.278300e-01,   -1.473700e-02,    1.945100e-02,    8.946600e-03,    8.946600e-03,    1.365600e-02,    1.365600e-02,    1.365600e-02,    1.365600e-02,    1.225900e-02,    1.225900e-02,
        22,    3.981000e+02,    1.628235e-02,   -1.569522e-02,    2.306006e-01,   -3.396991e-01,   -2.482424e-01,    3.308267e-01,   -1.731833e-02,    1.228087e-02,   -5.415836e-02,    4.243840e-01,   -1.358022e+00,    9.325836e-01,    2.555475e+00,   -6.952036e-01,   -1.293273e-01,    7.583956e-01,    1.559600e-02,   -1.031700e-02,    2.049000e-01,   -3.220500e-01,   -1.998800e-01,    3.176700e-01,   -1.942300e-02,    2.462300e-02,    1.267300e-02,    1.267300e-02,    1.892500e-02,    1.892500e-02,    1.892500e-02,    1.892500e-02,    1.627400e-02,    1.627400e-02,
        22,    6.309500e+02,    2.002440e-02,   -1.869472e-02,    3.156077e-01,   -4.461855e-01,   -3.327169e-01,    4.249395e-01,   -2.061660e-02,    1.335945e-02,    6.478565e-01,   -6.576064e-03,   -1.339718e+00,    5.156407e-01,    1.207939e+00,    7.012966e-02,    1.052143e-01,    7.759753e-01,    3.374600e-02,   -1.883400e-02,    2.808300e-01,   -4.328000e-01,   -3.013600e-01,    4.267600e-01,   -1.850200e-02,    2.895500e-02,    2.118000e-02,    2.118000e-02,    2.595900e-02,    2.595900e-02,    2.595900e-02,    2.595900e-02,    2.009800e-02,    2.009800e-02,
        22,    1.000000e+03,    2.437743e-02,   -2.296022e-02,    4.271110e-01,   -5.793705e-01,   -4.392316e-01,    5.425121e-01,   -2.408017e-02,    1.483496e-02,    5.605298e-01,   -3.607093e-01,   -8.264976e-01,   -2.859848e-01,   -1.007790e-01,   -1.119593e-01,   -3.244378e-01,    4.214764e-01,    4.064400e-02,   -3.342800e-02,    3.980100e-01,   -5.894400e-01,   -4.427800e-01,    5.385700e-01,   -3.232900e-02,    2.555100e-02,    2.902000e-02,    2.902000e-02,    3.521000e-02,    3.521000e-02,    3.521000e-02,    3.521000e-02,    2.542500e-02,    2.542500e-02,
        23,    1.000000e+02,   -4.706213e-04,   -3.396631e-04,    9.474829e-02,   -1.092570e-01,   -7.764055e-02,    1.050080e-01,    5.455611e-03,   -4.531790e-03,    1.732584e+00,   -4.975343e-01,   -2.730319e+00,    2.007065e+00,    2.033913e+00,   -2.187104e+00,    8.852101e-01,    3.925983e-01,    7.970700e-03,   -2.763700e-03,    7.852200e-02,   -9.732900e-02,   -6.555300e-02,    9.201000e-02,    9.984700e-03,   -2.523100e-03,    4.872100e-03,    4.872100e-03,    5.943000e-03,    5.943000e-03,    5.943000e-03,    5.943000e-03,    5.116400e-03,    5.116400e-03,
        23,    1.584800e+02,   -2.216123e-03,   -1.573437e-03,    1.243067e-01,   -1.458625e-01,   -1.063964e-01,    1.413233e-01,    5.828069e-03,   -6.356474e-03,    1.914548e+00,   -7.701655e-02,   -2.678288e+00,    1.713936e+00,    1.959641e+00,   -1.731346e+00,    8.210876e-01,    5.650667e-01,    9.158400e-03,   -2.031000e-03,    1.026600e-01,   -1.320100e-01,   -9.055800e-02,    1.273300e-01,    1.101800e-02,   -2.784800e-03,    5.941100e-03,    5.941100e-03,    8.082300e-03,    8.082300e-03,    8.082300e-03,    8.082300e-03,    6.320800e-03,    6.320800e-03,
        23,    2.511800e+02,   -3.032890e-03,   -4.265434e-03,    1.624733e-01,   -1.884934e-01,   -1.432494e-01,    1.840812e-01,    7.027562e-03,   -8.936488e-03,    1.844715e+00,    3.271811e-01,   -2.460074e+00,    1.505747e+00,    1.515665e+00,   -1.817106e+00,    6.629477e-01,    9.220214e-01,    1.015000e-02,   -1.927300e-03,    1.361800e-01,   -1.724000e-01,   -1.270500e-01,    1.646600e-01,    1.203600e-02,   -1.970800e-03,    7.146300e-03,    7.146300e-03,    1.068800e-02,    1.068800e-02,    1.068800e-02,    1.068800e-02,    7.554800e-03,    7.554800e-03,
        23,    3.981000e+02,   -3.470710e-03,   -8.137132e-03,    2.097453e-01,   -2.418306e-01,   -1.897951e-01,    2.371947e-01,    8.559979e-03,   -1.217168e-02,    1.692405e+00,    7.423494e-01,   -1.947561e+00,    1.471103e+00,    1.667518e+00,   -2.166764e+00,    4.958288e-01,    1.481093e+00,    1.073500e-02,   -1.906000e-03,    1.828300e-01,   -2.215000e-01,   -1.667500e-01,    2.072500e-01,    1.292600e-02,    8.700800e-04,    8.393800e-03,    8.393800e-03,    1.382000e-02,    1.382000e-02,    1.382000e-02,    1.382000e-02,    8.805500e-03,    8.805500e-03,
        23,    6.309500e+02,   -3.536987e-03,   -1.417834e-02,    2.695097e-01,   -3.101868e-01,   -2.481227e-01,    3.042043e-01,    1.012137e-02,   -1.676524e-02,    1.453475e+00,    1.337441e+00,   -4.185640e-01,    1.745180e+00,    8.968680e-01,   -2.245044e+00,    3.586044e-01,    1.742631e+00,    1.008600e-02,   -1.642900e-03,    2.618500e-01,   -2.782500e-01,   -2.317100e-01,    2.631200e-01,    1.388600e-02,    1.528900e-03,    9.372700e-03,    9.372700e-03,    1.830000e-02,    1.830000e-02,    1.830000e-02,    1.830000e-02,    1.049800e-02,    1.049800e-02,
        23,    1.000000e+03,   -2.694934e-03,   -2.328142e-02,    3.450093e-01,   -3.977959e-01,   -3.201553e-01,    3.904721e-01,    1.150170e-02,   -2.371465e-02,    1.044166e+00,    2.505217e+00,    1.613604e+00,    1.819110e+00,   -5.556567e-01,   -1.924609e+00,    2.346581e-01,    1.815983e+00,    6.514400e-03,   -1.185900e-03,    3.853300e-01,   -3.523400e-01,   -3.340400e-01,    3.423800e-01,    1.443000e-02,   -1.053000e-03,    8.819800e-03,    8.819800e-03,    2.498800e-02,    2.498800e-02,    2.498800e-02,    2.498800e-02,    1.247900e-02,    1.247900e-02,
        24,    1.000000e+02,    3.404133e-03,   -6.225483e-03,    1.222543e-01,   -1.523080e-01,   -1.430809e-01,    1.643538e-01,   -1.807492e-03,    8.727799e-03,    8.646154e-01,    1.345235e+00,   -4.917389e+00,    6.893331e+00,    7.455336e+00,   -8.365288e+00,   -6.575264e-01,   -5.977367e-01,    7.582300e-03,    2.752300e-04,    8.819300e-02,   -1.045600e-01,   -9.144000e-02,    1.064100e-01,   -5.044100e-03,    5.785500e-03,    4.832400e-03,    4.832400e-03,    6.926700e-03,    6.926700e-03,    6.926700e-03,    6.926700e-03,    4.922400e-03,    4.922400e-03,
        24,    1.584800e+02,    6.123318e-03,   -6.791841e-03,    1.538371e-01,   -2.076786e-01,   -1.803365e-01,    2.153999e-01,   -4.956497e-03,    1.027520e-02,    5.972185e-01,    8.320843e-01,   -4.789570e+00,    7.040772e+00,    7.191043e+00,   -8.003289e+00,   -4.340734e-01,   -6.223352e-01,    9.944800e-03,   -1.467500e-03,    1.102400e-01,   -1.435900e-01,   -1.148800e-01,    1.425500e-01,   -7.738300e-03,    6.286900e-03,    6.398800e-03,    6.398800e-03,    9.102500e-03,    9.102500e-03,    9.102500e-03,    9.102500e-03,    6.408600e-03,    6.408600e-03,
        24,    2.511800e+02,    9.083442e-03,   -6.573427e-03,    2.014685e-01,   -2.835887e-01,   -2.305568e-01,    2.844779e-01,   -8.226335e-03,    1.198184e-02,    4.607321e-01,   -5.462262e-03,   -5.014220e+00,    6.761348e+00,    7.028340e+00,   -7.325072e+00,   -3.710086e-01,   -6.844054e-01,    1.324800e-02,   -6.622800e-03,    1.402800e-01,   -2.010800e-01,   -1.447900e-01,    1.950900e-01,   -1.134700e-02,    6.225100e-03,    9.039000e-03,    9.039000e-03,    1.220300e-02,    1.220300e-02,    1.220300e-02,    1.220300e-02,    8.411300e-03,    8.411300e-03,
        24,    3.981000e+02,    1.202076e-02,   -5.122377e-03,    2.718245e-01,   -3.805646e-01,   -2.999739e-01,    3.748280e-01,   -1.246749e-02,    1.361178e-02,    6.669181e-01,   -1.838091e-01,   -5.346221e+00,    5.971230e+00,    6.896330e+00,   -6.294481e+00,   -1.654622e-01,   -7.354388e-01,    2.060400e-02,   -7.488000e-03,    1.831200e-01,   -2.814900e-01,   -1.855500e-01,    2.703900e-01,   -1.422900e-02,    5.782300e-03,    1.287000e-02,    1.287000e-02,    1.659200e-02,    1.659200e-02,    1.659200e-02,    1.659200e-02,    1.064600e-02,    1.064600e-02,
        24,    6.309500e+02,    1.378078e-02,   -2.424398e-03,    3.682285e-01,   -5.004359e-01,   -3.938435e-01,    4.891250e-01,   -1.713402e-02,    1.435269e-02,    9.574268e-01,   -7.667589e-04,   -5.505666e+00,    5.022039e+00,    6.790664e+00,   -5.263755e+00,    1.084389e-01,   -7.445855e-01,    3.089000e-02,   -2.438100e-03,    2.443400e-01,   -3.874300e-01,   -2.410400e-01,    3.706800e-01,   -1.574600e-02,    4.822000e-03,    1.787000e-02,    1.787000e-02,    2.250200e-02,    2.250200e-02,    2.250200e-02,    2.250200e-02,    1.280000e-02,    1.280000e-02,
        24,    1.000000e+03,    1.374944e-02,    3.732053e-04,    4.937338e-01,   -6.490756e-01,   -5.164031e-01,    6.322778e-01,   -2.130561e-02,    1.456069e-02,    9.239553e-01,   -3.540670e-02,   -5.109701e+00,    4.041790e+00,    6.254517e+00,   -4.242699e+00,    7.542298e-02,   -7.141866e-01,    3.392400e-02,   -3.999000e-04,    3.375200e-01,   -5.255100e-01,   -3.251900e-01,    5.025700e-01,   -2.006000e-02,    2.765900e-03,    2.183500e-02,    2.183500e-02,    3.057200e-02,    3.057200e-02,    3.057200e-02,    3.057200e-02,    1.651500e-02,    1.651500e-02,
        25,    1.000000e+02,    1.141707e-01,   -4.559187e-02,    2.038834e-01,   -2.631348e-01,   -3.204079e-01,    2.453868e-01,   -9.128450e-02,    6.973505e-02,    2.242941e+00,   -4.113151e-01,    3.911370e+00,   -3.738672e+00,   -8.838784e+00,    4.095014e+00,   -2.018313e+00,    8.090324e-01,    2.288500e-01,   -6.662200e-02,    3.164800e-01,   -3.707600e-01,   -5.748500e-01,    3.632700e-01,   -2.151100e-01,    1.193700e-01,    5.112900e-02,    5.112900e-02,    2.878700e-02,    2.878700e-02,    2.878700e-02,    2.878700e-02,    6.135100e-02,    6.135100e-02,
        25,    1.584800e+02,    1.239053e-01,   -4.484366e-02,    2.777321e-01,   -3.307648e-01,   -3.785361e-01,    2.932778e-01,   -1.092941e-01,    7.795759e-02,    1.962709e+00,    3.699086e-02,    4.275503e+00,   -3.783163e+00,   -7.968926e+00,    3.101507e+00,   -1.986736e+00,    6.924003e-01,    2.389200e-01,   -4.267600e-02,    4.263400e-01,   -4.622600e-01,   -6.555200e-01,    4.010800e-01,   -2.468000e-01,    1.258800e-01,    5.860000e-02,    5.860000e-02,    3.475800e-02,    3.475800e-02,    3.475800e-02,    3.475800e-02,    6.921200e-02,    6.921200e-02,
        25,    2.511800e+02,    1.300054e-01,   -4.904366e-02,    3.670419e-01,   -4.092031e-01,   -4.413595e-01,    3.629621e-01,   -1.247658e-01,    9.055833e-02,    1.573303e+00,    3.597330e-01,    4.551171e+00,   -3.649206e+00,   -7.051048e+00,    2.195882e+00,   -1.851498e+00,    5.896977e-01,    2.309800e-01,   -2.595600e-02,    5.544000e-01,   -5.594300e-01,   -7.316300e-01,    4.533600e-01,   -2.654000e-01,    1.353500e-01,    6.418000e-02,    6.418000e-02,    4.116700e-02,    4.116700e-02,    4.116700e-02,    4.116700e-02,    7.595700e-02,    7.595700e-02,
        25,    3.981000e+02,    1.352422e-01,   -6.179708e-02,    4.714602e-01,   -5.053173e-01,   -5.152138e-01,    4.661809e-01,   -1.394650e-01,    1.141046e-01,    1.159245e+00,    6.055489e-01,    4.659423e+00,   -3.338431e+00,   -5.893160e+00,    1.589388e+00,   -1.613379e+00,    5.508137e-01,    2.144800e-01,   -2.040600e-02,    6.963100e-01,   -6.664200e-01,   -7.996000e-01,    5.428800e-01,   -2.733400e-01,    1.598100e-01,    6.835300e-02,    6.835300e-02,    4.825700e-02,    4.825700e-02,    4.825700e-02,    4.825700e-02,    8.297800e-02,    8.297800e-02,
        25,    6.309500e+02,    1.432109e-01,   -8.551107e-02,    5.928250e-01,   -6.294006e-01,   -6.103660e-01,    6.154862e-01,   -1.590005e-01,    1.531616e-01,    7.657873e-01,    4.596153e-01,    4.687188e+00,   -3.092844e+00,   -4.575876e+00,    1.982037e+00,   -1.162768e+00,    8.225855e-01,    2.000300e-01,   -5.140900e-02,    8.653100e-01,   -8.092000e-01,   -8.763800e-01,    7.307100e-01,   -2.701600e-01,    2.318000e-01,    7.419700e-02,    7.419700e-02,    5.813400e-02,    5.813400e-02,    5.813400e-02,    5.813400e-02,    9.559900e-02,    9.559900e-02,
        26,    3.981000e+02,   -8.794185e-03,    2.969529e-03,    2.023450e-01,   -2.140985e-01,   -1.785869e-01,    2.095574e-01,    7.079388e-03,   -1.688736e-03,   -1.512690e+00,   -6.243115e-01,    1.512900e+00,   -2.821426e+00,    1.015389e+00,    3.053066e+00,    1.158267e-01,    8.680375e-01,   -3.344800e-02,   -7.205500e-03,    2.269100e-01,   -2.599100e-01,   -1.621000e-01,    2.591300e-01,    8.023700e-03,    5.388200e-03,    1.629800e-02,    1.629800e-02,    1.623700e-02,    1.623700e-02,    1.623700e-02,    1.623700e-02,    8.152800e-03,    8.152800e-03,
        26,    6.309500e+02,   -1.133022e-02,    3.433588e-03,    2.516998e-01,   -2.844251e-01,   -2.254268e-01,    2.703192e-01,    8.195447e-03,   -2.957220e-03,   -1.392437e+00,   -9.908257e-01,    2.012488e+00,   -3.459893e+00,   -3.598811e-01,    2.955898e+00,    8.711384e-01,    8.236412e-01,   -4.174800e-02,   -1.821100e-02,    2.955600e-01,   -3.598300e-01,   -2.332700e-01,    3.347400e-01,    2.073200e-02,    8.895800e-03,    2.184500e-02,    2.184500e-02,    2.179400e-02,    2.179400e-02,    2.179400e-02,    2.179400e-02,    1.439100e-02,    1.439100e-02,
        26,    1.000000e+03,   -1.527571e-02,    2.123009e-03,    3.171223e-01,   -3.754749e-01,   -2.838989e-01,    3.534197e-01,    1.026212e-02,   -3.114444e-03,   -1.154001e+00,   -1.038423e+00,    2.377268e+00,   -2.993959e+00,   -1.393719e+00,    2.528287e+00,    7.091121e-01,    8.571193e-01,   -4.603100e-02,   -2.555200e-02,    3.843800e-01,   -4.601800e-01,   -3.233300e-01,    4.249500e-01,    2.271200e-02,    1.193400e-02,    2.665100e-02,    2.665100e-02,    2.829200e-02,    2.829200e-02,    2.829200e-02,    2.829200e-02,    1.755700e-02,    1.755700e-02,
        27,    1.000000e+02,    2.086702e-03,   -6.510704e-04,    1.031901e-01,   -1.275633e-01,   -8.848113e-02,    1.269064e-01,    1.061185e-03,   -4.579403e-04,   -8.181781e-01,   -1.007091e+00,   -3.732678e-01,    9.546068e-01,    1.532998e+00,   -8.100647e-02,   -9.587837e-01,   -1.487350e+00,   -1.389900e-03,   -4.930400e-03,    1.003500e-01,   -1.203000e-01,   -7.681700e-02,    1.262900e-01,   -4.512800e-03,   -9.104800e-03,    4.249200e-03,    4.249200e-03,    7.608700e-03,    7.608700e-03,    7.608700e-03,    7.608700e-03,    5.813600e-03,    5.813600e-03,
        27,    1.584800e+02,    2.866908e-03,   -4.309246e-05,    1.368929e-01,   -1.753853e-01,   -1.226997e-01,    1.693692e-01,    4.099469e-04,   -8.373188e-04,   -4.079973e-01,   -8.692566e-01,   -1.461040e+00,    9.911954e-01,    1.218888e+00,    5.264959e-01,   -3.384538e-01,   -1.134684e+00,    1.135000e-03,   -3.733000e-03,    1.218500e-01,   -1.651800e-01,   -1.101500e-01,    1.747900e-01,   -1.637800e-03,   -7.702500e-03,    4.244900e-03,    4.244900e-03,    1.029600e-02,    1.029600e-02,    1.029600e-02,    1.029600e-02,    6.050300e-03,    6.050300e-03,
        27,    2.511800e+02,    2.623026e-03,    8.098253e-04,    1.845908e-01,   -2.300288e-01,   -1.654434e-01,    2.198407e-01,    7.900502e-04,   -1.898756e-03,   -6.402939e-01,   -3.497702e-01,   -1.484562e+00,    6.999071e-01,    3.578297e-01,    6.103682e-01,    4.266156e-02,   -6.732211e-01,    1.016400e-03,   -6.781800e-05,    1.640400e-01,   -2.203400e-01,   -1.604900e-01,    2.282900e-01,    1.055900e-03,   -6.094000e-03,    2.509200e-03,    2.509200e-03,    1.384300e-02,    1.384300e-02,    1.384300e-02,    1.384300e-02,    6.231600e-03,    6.231600e-03,
        27,    3.981000e+02,    2.082371e-03,    1.025487e-03,    2.435953e-01,   -2.942769e-01,   -2.187967e-01,    2.846220e-01,    1.960699e-03,   -2.289446e-03,   -6.836771e-01,    4.715999e-01,   -9.250365e-01,    3.741968e-01,   -4.361259e-01,    2.848904e-01,    1.933945e-01,   -3.490377e-01,   -2.001300e-03,    3.842400e-03,    2.266200e-01,   -2.874100e-01,   -2.268000e-01,    2.898500e-01,    3.293400e-03,   -4.694700e-03,    5.973100e-03,    5.973100e-03,    1.835100e-02,    1.835100e-02,    1.835100e-02,    1.835100e-02,    6.891100e-03,    6.891100e-03,
        27,    6.309500e+02,    1.939416e-03,    1.082902e-03,    3.142245e-01,   -3.755650e-01,   -2.864930e-01,    3.679852e-01,    2.840300e-03,   -2.108012e-03,   -1.055487e+00,    5.595460e-01,   -2.727743e-01,    7.447061e-01,   -6.736676e-01,   -5.155759e-01,    2.296110e-01,   -3.455647e-01,   -1.043300e-02,    7.641900e-03,    3.078200e-01,   -3.580800e-01,   -3.023100e-01,    3.558800e-01,    4.807400e-03,   -5.068500e-03,    1.172200e-02,    1.172200e-02,    2.347900e-02,    2.347900e-02,    2.347900e-02,    2.347900e-02,    8.567100e-03,    8.567100e-03,
        27,    1.000000e+03,    2.016112e-03,    1.460063e-03,    3.994547e-01,   -4.824137e-01,   -3.701902e-01,    4.765637e-01,    3.537237e-03,   -2.057154e-03,   -1.144421e+00,    4.147161e-01,    7.636860e-01,    1.678580e+00,   -1.148078e+00,   -1.103706e+00,   -5.927916e-01,   -5.330664e-01,   -1.563200e-02,    7.855400e-03,    4.224500e-01,   -4.318700e-01,   -4.047600e-01,    4.433300e-01,   -2.652100e-03,   -7.622900e-03,    1.542100e-02,    1.542100e-02,    3.011100e-02,    3.011100e-02,    3.011100e-02,    3.011100e-02,    1.044100e-02,    1.044100e-02,
        28,    1.000000e+02,    2.770632e-02,   -3.134531e-02,    8.338947e-02,   -8.556112e-02,   -7.590558e-02,    8.568513e-02,   -1.810033e-02,    1.977835e-02,    1.412031e+00,   -2.064670e+00,    1.454977e+00,   -1.940577e+00,   -1.855027e+00,    8.619180e-01,   -1.378209e+00,    1.246854e+00,    5.438100e-02,   -7.034900e-02,    1.189200e-01,   -1.329500e-01,   -1.051000e-01,    9.925000e-02,   -3.578000e-02,    3.577300e-02,    1.889100e-02,    1.889100e-02,    2.442000e-02,    2.442000e-02,    1.573800e-02,    1.573800e-02,    1.282800e-02,    1.282800e-02,
        28,    1.584800e+02,    3.555231e-02,   -3.677095e-02,    1.017234e-01,   -1.137758e-01,   -9.673407e-02,    1.130939e-01,   -2.370728e-02,    2.101589e-02,    1.755717e+00,   -1.896498e+00,    1.619034e+00,   -1.720089e+00,   -1.793539e+00,    5.480305e-01,   -1.461691e+00,    1.167919e+00,    7.753500e-02,   -8.212000e-02,    1.513500e-01,   -1.665000e-01,   -1.322300e-01,    1.239400e-01,   -4.680200e-02,    3.946900e-02,    2.391200e-02,    2.391200e-02,    3.065200e-02,    3.065200e-02,    1.979100e-02,    1.979100e-02,    1.580000e-02,    1.580000e-02,
        28,    2.511800e+02,    4.336960e-02,   -4.462209e-02,    1.259580e-01,   -1.509871e-01,   -1.230074e-01,    1.468750e-01,   -2.731542e-02,    2.379085e-02,    1.970330e+00,   -1.631425e+00,    1.829928e+00,   -1.375430e+00,   -1.696292e+00,    2.615923e-01,   -1.621169e+00,    9.560005e-01,    1.016500e-01,   -9.287800e-02,    1.958100e-01,   -2.034900e-01,   -1.646700e-01,    1.533000e-01,   -5.822300e-02,    4.201700e-02,    2.957900e-02,    2.957900e-02,    3.817200e-02,    3.817200e-02,    2.456100e-02,    2.456100e-02,    1.906500e-02,    1.906500e-02,
        28,    3.981000e+02,    5.250597e-02,   -5.682722e-02,    1.559683e-01,   -2.013107e-01,   -1.535988e-01,    1.917608e-01,   -3.184255e-02,    3.043240e-02,    2.041950e+00,   -1.385708e+00,    1.981083e+00,   -1.022624e+00,   -1.676623e+00,   -3.520120e-02,   -1.712589e+00,    6.781897e-01,    1.266900e-01,   -1.071700e-01,    2.500400e-01,   -2.498700e-01,   -2.046000e-01,    1.906900e-01,   -7.146500e-02,    4.612300e-02,    3.633000e-02,    3.633000e-02,    4.748500e-02,    4.748500e-02,    3.041900e-02,    3.041900e-02,    2.313600e-02,    2.313600e-02,
        28,    6.309500e+02,    6.400927e-02,   -7.375559e-02,    1.932079e-01,   -2.714865e-01,   -1.903982e-01,    2.546853e-01,   -3.862300e-02,    3.926691e-02,    1.993273e+00,   -1.236782e+00,    1.984305e+00,   -7.023084e-01,   -1.668446e+00,   -4.981305e-01,   -1.708399e+00,    4.340634e-01,    1.526900e-01,   -1.287800e-01,    3.100200e-01,   -3.128300e-01,   -2.530500e-01,    2.359800e-01,   -8.642400e-02,    5.141200e-02,    4.449000e-02,    4.449000e-02,    5.886800e-02,    5.886800e-02,    3.755100e-02,    3.755100e-02,    2.798000e-02,    2.798000e-02,
        28,    1.000000e+03,    7.743932e-02,   -9.730936e-02,    2.393013e-01,   -3.707390e-01,   -2.355480e-01,    3.438278e-01,   -4.660345e-02,    5.100975e-02,    2.038463e+00,   -1.075414e+00,    2.083248e+00,   -4.183604e-01,   -1.712860e+00,   -1.060814e+00,   -1.580210e+00,    1.565788e-01,    1.917400e-01,   -1.576100e-01,    3.942700e-01,   -4.018600e-01,   -3.165200e-01,    2.936800e-01,   -9.919600e-02,    5.622100e-02,    5.607200e-02,    5.607200e-02,    7.438800e-02,    7.438800e-02,    4.727300e-02,    4.727300e-02,    3.328200e-02,    3.328200e-02,
        29,    1.000000e+02,    3.034366e-01,   -9.742027e-02,    3.551194e-01,   -2.918613e-01,   -7.695390e-01,    4.617840e-01,   -3.491605e-01,    5.992028e-02,    1.400096e+00,   -5.150998e-01,    7.566493e-01,    2.829842e-01,    1.449858e+00,   -9.709450e-01,    1.720068e-01,   -1.648020e-01,    3.968300e-01,   -1.317800e-01,    3.790000e-01,   -2.829300e-01,   -7.237800e-01,    4.311400e-01,   -3.353800e-01,    4.671700e-02,    6.670500e-02,    6.670500e-02,    3.156100e-02,    3.156100e-02,    3.156100e-02,    3.156100e-02,    8.011600e-02,    8.011600e-02,
        29,    1.584800e+02,    3.294288e-01,   -1.087832e-01,    4.176482e-01,   -3.723459e-01,   -8.784489e-01,    5.702794e-01,   -3.654735e-01,    3.944197e-02,    1.300641e+00,   -6.690093e-01,    6.715244e-01,    6.882600e-01,    1.335950e+00,   -8.009804e-01,    1.387276e-01,   -3.108760e-01,    4.283400e-01,   -1.596600e-01,    4.426900e-01,   -3.466800e-01,   -8.286300e-01,    5.404100e-01,   -3.531700e-01,    1.187100e-02,    7.604800e-02,    7.604800e-02,    3.729100e-02,    3.729100e-02,    3.729100e-02,    3.729100e-02,    8.868800e-02,    8.868800e-02,
        29,    2.511800e+02,    3.599926e-01,   -1.231770e-01,    4.956125e-01,   -4.839431e-01,   -1.011465e+00,    7.187132e-01,   -3.788159e-01,    1.481368e-02,    1.282588e+00,   -8.337022e-01,    2.167804e-01,    1.229422e+00,    1.368026e+00,   -1.061506e+00,    1.598450e-01,   -4.240145e-01,    4.720100e-01,   -1.959900e-01,    5.051400e-01,   -4.299100e-01,   -9.513400e-01,    6.720600e-01,   -3.632000e-01,   -2.661000e-02,    8.733700e-02,    8.733700e-02,    4.395000e-02,    4.395000e-02,    4.395000e-02,    4.395000e-02,    9.769400e-02,    9.769400e-02,
        29,    3.981000e+02,    3.947398e-01,   -1.394234e-01,    5.921102e-01,   -6.408396e-01,   -1.178075e+00,    9.196203e-01,   -3.827672e-01,   -1.651326e-02,    1.398395e+00,   -9.655980e-01,   -3.656446e-01,    1.456305e+00,    1.613657e+00,   -1.261184e+00,    2.032748e-01,   -5.420846e-01,    5.391800e-01,   -2.391600e-01,    5.728100e-01,   -5.639700e-01,   -1.092900e+00,    8.530500e-01,   -3.609700e-01,   -7.464100e-02,    1.032900e-01,    1.032900e-01,    5.278400e-02,    5.278400e-02,    5.278400e-02,    5.278400e-02,    1.072300e-01,    1.072300e-01,
        29,    6.309500e+02,    4.320091e-01,   -1.579843e-01,    7.190171e-01,   -8.663116e-01,   -1.391179e+00,    1.190461e+00,   -3.737990e-01,   -4.955096e-02,    1.640723e+00,   -9.135247e-01,   -9.612997e-01,    1.453721e+00,    1.767566e+00,   -1.126090e+00,    9.832117e-02,   -7.273845e-01,    6.383300e-01,   -2.728600e-01,    6.560500e-01,   -7.710900e-01,   -1.275400e+00,    1.116700e+00,   -3.618500e-01,   -1.379500e-01,    1.257500e-01,    1.257500e-01,    6.550200e-02,    6.550200e-02,    6.550200e-02,    6.550200e-02,    1.215300e-01,    1.215300e-01,
        29,    1.000000e+03,    4.695055e-01,   -1.816607e-01,    9.012552e-01,   -1.183926e+00,   -1.671118e+00,    1.553120e+00,   -3.550809e-01,   -8.111804e-02,    1.869617e+00,   -6.330778e-01,   -1.325781e+00,    1.421916e+00,    1.656177e+00,   -8.282130e-01,    7.748162e-02,   -1.225332e+00,    7.601000e-01,   -2.800600e-01,    7.898100e-01,   -1.064400e+00,   -1.531900e+00,    1.483500e+00,   -3.439600e-01,   -2.569900e-01,    1.554300e-01,    1.554300e-01,    8.406000e-02,    8.406000e-02,    8.406000e-02,    8.406000e-02,    1.435300e-01,    1.435300e-01,
        30,    1.000000e+02,    5.529677e-01,   -8.094444e-02,    6.245466e-01,   -3.796371e-01,   -1.075116e+00,    4.570510e-01,   -6.800076e-01,    1.408441e-01,    1.853461e+00,   -7.942327e-01,    2.860640e+00,   -1.349309e+00,   -6.775531e+00,    2.725216e+00,   -1.586298e+00,    7.475963e-01,    7.941400e-01,   -1.842900e-01,    7.991200e-01,   -4.619800e-01,   -1.488600e+00,    6.233600e-01,   -9.862900e-01,    2.851900e-01,    1.301200e-01,    1.301200e-01,    6.102600e-02,    6.102600e-02,    6.102600e-02,    6.102600e-02,    1.930800e-01,    1.930800e-01,
        30,    1.584800e+02,    5.658319e-01,   -7.224055e-02,    7.173995e-01,   -4.510900e-01,   -1.181148e+00,    5.477869e-01,   -7.066548e-01,    1.113248e-01,    1.923810e+00,   -8.671935e-01,    2.803243e+00,   -1.182644e+00,   -6.821470e+00,    2.573362e+00,   -1.740965e+00,    6.993921e-01,    8.413600e-01,   -1.964400e-01,    9.107700e-01,   -5.326700e-01,   -1.651700e+00,    7.253000e-01,   -1.075600e+00,    2.595400e-01,    1.432200e-01,    1.432200e-01,    6.898100e-02,    6.898100e-02,    6.898100e-02,    6.898100e-02,    2.119200e-01,    2.119200e-01,
        30,    2.511800e+02,    5.750622e-01,   -7.194920e-02,    8.215410e-01,   -5.476932e-01,   -1.308769e+00,    6.736236e-01,   -7.150145e-01,    9.243006e-02,    2.060376e+00,   -9.214341e-01,    2.425282e+00,   -1.028450e+00,   -6.733468e+00,    2.620729e+00,   -1.840800e+00,    6.660889e-01,    8.991800e-01,   -2.169000e-01,    1.010000e+00,   -6.276100e-01,   -1.832000e+00,    8.772700e-01,   -1.140000e+00,    2.462100e-01,    1.573100e-01,    1.573100e-01,    7.770600e-02,    7.770600e-02,    7.770600e-02,    7.770600e-02,    2.308700e-01,    2.308700e-01,
        30,    3.981000e+02,    5.797401e-01,   -8.056825e-02,    9.383440e-01,   -6.866012e-01,   -1.457696e+00,    8.428896e-01,   -7.063693e-01,    9.892973e-02,    2.235069e+00,   -9.465671e-01,    1.966456e+00,   -1.101164e+00,   -6.414718e+00,    2.699303e+00,   -1.962847e+00,    6.040386e-01,    9.711900e-01,   -2.463500e-01,    1.112100e+00,   -7.839000e-01,   -2.024500e+00,    1.081400e+00,   -1.200300e+00,    2.509300e-01,    1.751400e-01,    1.751400e-01,    8.836000e-02,    8.836000e-02,    8.836000e-02,    8.836000e-02,    2.516400e-01,    2.516400e-01,
        30,    6.309500e+02,    5.760364e-01,   -1.057699e-01,    1.082261e+00,   -8.910012e-01,   -1.627062e+00,    1.082940e+00,   -6.953795e-01,    1.451969e-01,    2.448301e+00,   -7.413640e-01,    1.287397e+00,   -1.447267e+00,   -5.875484e+00,    2.904915e+00,   -2.082970e+00,    3.224272e-01,    1.060800e+00,   -2.525600e-01,    1.214000e+00,   -1.039100e+00,   -2.228300e+00,    1.380200e+00,   -1.270300e+00,    2.341900e-01,    1.980000e-01,    1.980000e-01,    1.023300e-01,    1.023300e-01,    1.023300e-01,    1.023300e-01,    2.760100e-01,    2.760100e-01,
        30,    1.000000e+03,    5.661550e-01,   -1.651097e-01,    1.277598e+00,   -1.179527e+00,   -1.835698e+00,    1.439672e+00,   -6.993037e-01,    2.346469e-01,    2.503552e+00,   -2.363966e-01,    2.856836e-01,   -2.050346e+00,   -5.229863e+00,    2.965264e+00,   -2.114494e+00,   -7.464052e-02,    1.126500e+00,   -2.180200e-01,    1.312400e+00,   -1.429300e+00,   -2.472800e+00,    1.800900e+00,   -1.347100e+00,    2.117800e-01,    2.238200e-01,    2.238200e-01,    1.218200e-01,    1.218200e-01,    1.218200e-01,    1.218200e-01,    3.063600e-01,    3.063600e-01,
        31,    1.000000e+02,   -4.399835e-03,    2.086002e-02,    2.118582e-01,   -2.575190e-01,   -2.304579e-01,    1.620699e-01,    1.097676e-02,   -1.423518e-02,    7.142788e-01,    1.050220e+00,    5.974544e+00,   -6.887887e+00,   -2.474647e+00,    2.142331e+00,    5.735308e-01,   -1.957202e-01,    1.262500e-02,    4.589200e-02,    3.409800e-01,   -4.063800e-01,   -2.839400e-01,    2.083700e-01,    1.914900e-02,   -1.702400e-02,    2.383500e-02,    2.383500e-02,    2.161200e-02,    2.161200e-02,    2.161200e-02,    2.161200e-02,    1.424900e-02,    1.424900e-02,
        31,    1.584800e+02,   -1.257468e-02,    2.481115e-02,    2.869637e-01,   -3.143655e-01,   -2.691400e-01,    1.935249e-01,    1.729768e-02,   -1.701966e-02,    3.880378e-02,    1.473980e+00,    7.098471e+00,   -5.765860e+00,   -2.404694e+00,    1.965171e+00,    4.195347e-01,    4.017633e-02,   -1.127700e-02,    7.410400e-02,    4.726100e-01,   -4.651600e-01,   -3.320300e-01,    2.449200e-01,    2.420700e-02,   -1.635800e-02,    3.344200e-02,    3.344200e-02,    2.615300e-02,    2.615300e-02,    2.615300e-02,    2.615300e-02,    1.646900e-02,    1.646900e-02,
        31,    2.511800e+02,   -1.990934e-02,    2.682489e-02,    3.708283e-01,   -3.776668e-01,   -3.106373e-01,    2.383125e-01,    2.261676e-02,   -1.722685e-02,   -6.954682e-01,    1.559800e+00,    7.539818e+00,   -4.412815e+00,   -2.423940e+00,    1.824894e+00,    3.522109e-01,   -8.211396e-02,   -5.043900e-02,    9.529700e-02,    6.050000e-01,   -5.147200e-01,   -3.859200e-01,    2.949900e-01,    2.950600e-02,   -1.883300e-02,    4.389800e-02,    4.389800e-02,    3.105800e-02,    3.105800e-02,    3.105800e-02,    3.105800e-02,    1.956000e-02,    1.956000e-02,
        31,    3.981000e+02,   -2.495652e-02,    3.064616e-02,    4.602712e-01,   -4.585926e-01,   -3.574680e-01,    3.049957e-01,    2.480094e-02,   -1.866862e-02,   -1.295784e+00,    1.319782e+00,    7.229627e+00,   -3.207386e+00,   -2.242935e+00,    1.654114e+00,    4.507069e-01,   -2.446866e-01,   -9.452200e-02,    1.015000e-01,    7.227500e-01,   -5.750400e-01,   -4.389000e-01,    3.650500e-01,    3.539300e-02,   -2.441900e-02,    5.368600e-02,    5.368600e-02,    3.630600e-02,    3.630600e-02,    3.630600e-02,    3.630600e-02,    2.350100e-02,    2.350100e-02,
        31,    6.309500e+02,   -3.107830e-02,    3.984253e-02,    5.578459e-01,   -5.728542e-01,   -4.160971e-01,    4.048855e-01,    2.697497e-02,   -2.551247e-02,   -1.575810e+00,    9.308943e-01,    5.805728e+00,   -2.555932e+00,   -1.854999e+00,    1.602422e+00,    5.167185e-01,   -1.258029e-01,   -1.285500e-01,    9.742300e-02,    8.044500e-01,   -6.814200e-01,   -4.948900e-01,    4.729500e-01,    4.139400e-02,   -2.902300e-02,    6.185500e-02,    6.185500e-02,    4.247600e-02,    4.247600e-02,    4.247600e-02,    4.247600e-02,    2.790500e-02,    2.790500e-02,
        31,    1.000000e+03,   -4.340940e-02,    5.244536e-02,    6.701727e-01,   -7.391098e-01,   -4.991031e-01,    5.482735e-01,    3.487721e-02,   -3.623731e-02,   -7.249700e-01,    6.048561e-01,    4.697847e+00,   -1.648824e+00,   -7.677374e-01,    2.804100e+00,    3.378836e-01,    1.960055e-01,   -8.566500e-02,    8.770000e-02,    9.145500e-01,   -8.248800e-01,   -5.390400e-01,    6.941400e-01,    4.600000e-02,   -2.978500e-02,    5.828600e-02,    5.828600e-02,    5.201900e-02,    5.201900e-02,    5.201900e-02,    5.201900e-02,    3.291900e-02,    3.291900e-02,
        32,    1.000000e+02,   -5.810130e-03,   -1.293077e-03,    8.570357e-02,   -9.209641e-02,   -1.058338e-01,    1.092020e-01,    7.165047e-03,   -1.614684e-03,    7.466685e-01,   -4.643558e-01,   -1.278704e+00,    7.317140e-01,    5.694386e-01,   -1.141110e+00,    1.494637e-01,   -5.348743e-01,   -3.284300e-03,   -2.863900e-03,    7.740900e-02,   -8.735000e-02,   -1.021400e-01,    1.018000e-01,    7.980700e-03,   -4.533600e-03,    3.382800e-03,    3.382800e-03,    6.486700e-03,    6.486700e-03,    6.486700e-03,    6.486700e-03,    5.457200e-03,    5.457200e-03,
        32,    1.584800e+02,   -5.689550e-03,   -1.033714e-03,    1.081564e-01,   -1.185074e-01,   -1.353818e-01,    1.384284e-01,    8.799111e-03,   -2.661867e-03,    7.790401e-01,   -4.345084e-01,   -8.104756e-01,    1.193432e+00,    7.438691e-01,   -1.665678e+00,    1.975576e-01,   -6.608236e-01,   -2.881500e-03,   -2.599900e-03,    1.015300e-01,   -1.087500e-01,   -1.293000e-01,    1.248100e-01,    1.020900e-02,   -7.377900e-03,    3.604500e-03,    3.604500e-03,    8.175900e-03,    8.175900e-03,    8.175900e-03,    8.175900e-03,    7.136600e-03,    7.136600e-03,
        32,    2.511800e+02,   -5.454241e-03,   -1.295514e-03,    1.361118e-01,   -1.520658e-01,   -1.714991e-01,    1.731661e-01,    1.037929e-02,   -1.929073e-03,    6.333313e-01,   -4.425372e-01,   -5.268028e-01,    1.675208e+00,    1.022873e+00,   -1.841343e+00,    3.776187e-01,   -6.576123e-01,   -2.781900e-03,   -3.162800e-03,    1.307200e-01,   -1.349200e-01,   -1.610300e-01,    1.543200e-01,    1.374100e-02,   -7.783400e-03,    4.219500e-03,    4.219500e-03,    1.023500e-02,    1.023500e-02,    1.023500e-02,    1.023500e-02,    8.902400e-03,    8.902400e-03,
        32,    3.981000e+02,   -4.428135e-03,   -1.515404e-03,    1.701647e-01,   -1.967037e-01,   -2.142201e-01,    2.169090e-01,    1.061102e-02,   -1.061498e-03,    2.425432e-01,   -6.634975e-01,   -4.018039e-01,    2.217211e+00,    1.217633e+00,   -1.860002e+00,    6.258864e-01,   -5.654881e-01,   -3.047700e-03,   -5.291700e-03,    1.650300e-01,   -1.683700e-01,   -1.986600e-01,    1.931400e-01,    1.739000e-02,   -7.186300e-03,    5.691500e-03,    5.691500e-03,    1.277900e-02,    1.277900e-02,    1.277900e-02,    1.277900e-02,    1.083100e-02,    1.083100e-02,
        32,    6.309500e+02,   -2.924620e-03,   -8.922937e-04,    2.126493e-01,   -2.572942e-01,   -2.651918e-01,    2.744305e-01,    1.097713e-02,   -1.114556e-03,   -7.788508e-04,   -1.006444e+00,   -4.860523e-01,    2.981935e+00,    1.381907e+00,   -2.239600e+00,    6.465724e-01,   -4.730986e-01,   -2.930700e-03,   -8.748700e-03,    2.049600e-01,   -2.101200e-01,   -2.433300e-01,    2.390000e-01,    1.904700e-02,   -7.019300e-03,    7.806100e-03,    7.806100e-03,    1.582000e-02,    1.582000e-02,    1.582000e-02,    1.582000e-02,    1.248100e-02,    1.248100e-02,
        32,    1.000000e+03,   -1.214098e-03,    5.380688e-04,    2.661576e-01,   -3.399760e-01,   -3.271402e-01,    3.518107e-01,    1.246084e-02,   -8.565417e-04,    8.713560e-02,   -1.164900e+00,   -4.732966e-01,    3.913214e+00,    9.822881e-01,   -2.991935e+00,    4.588903e-01,   -7.172274e-01,   -4.167900e-04,   -1.012100e-02,    2.568100e-01,   -2.626900e-01,   -3.077400e-01,    2.927200e-01,    1.915100e-02,   -1.131300e-02,    9.150200e-03,    9.150200e-03,    1.975000e-02,    1.975000e-02,    1.975000e-02,    1.975000e-02,    1.457900e-02,    1.457900e-02,
        33,    1.000000e+02,   -5.607384e-03,    1.144931e-02,    1.969297e-01,   -2.695368e-01,   -3.053206e-01,    2.443244e-01,    3.266730e-03,   -2.043600e-02,    2.918656e+00,   -8.504963e-02,    1.651440e+00,   -5.146151e+00,   -4.362208e+00,    1.104354e+00,    9.953211e-01,    1.285782e-01,    8.103000e-02,    8.924700e-03,    2.433500e-01,   -4.141900e-01,   -4.114400e-01,    2.711900e-01,    2.065300e-02,   -1.819000e-02,    2.968400e-02,    2.968400e-02,    2.810900e-02,    2.810900e-02,    2.432700e-02,    2.432700e-02,    1.746800e-02,    1.746800e-02,
        33,    1.584800e+02,   -1.137041e-02,    9.073398e-03,    2.729775e-01,   -3.389274e-01,   -3.723746e-01,    2.925398e-01,    1.378940e-02,   -1.966550e-02,    3.067303e+00,    3.132707e-01,    1.133501e+00,   -4.738999e+00,   -4.280767e+00,    1.622014e+00,    1.799152e+00,   -3.031674e-02,    1.094200e-01,    2.141000e-02,    3.186100e-01,   -5.297100e-01,   -5.037000e-01,    3.423000e-01,    7.108700e-02,   -2.063100e-02,    3.938000e-02,    3.938000e-02,    4.025800e-02,    4.025800e-02,    3.067800e-02,    3.067800e-02,    3.184700e-02,    3.184700e-02,
        33,    2.511800e+02,   -1.463047e-02,    4.102665e-03,    3.625472e-01,   -4.188452e-01,   -4.466988e-01,    3.503517e-01,    2.168962e-02,   -1.446119e-02,    2.923162e+00,    6.104663e-01,    6.919985e-01,   -4.556234e+00,   -3.759624e+00,    2.096811e+00,    2.092556e+00,   -1.005496e-01,    1.183500e-01,    3.187400e-02,    3.957700e-01,   -6.375900e-01,   -5.853500e-01,    4.276800e-01,    1.115900e-01,   -1.878100e-02,    4.549200e-02,    4.549200e-02,    4.801000e-02,    4.801000e-02,    3.687900e-02,    3.687900e-02,    4.296200e-02,    4.296200e-02,
        33,    3.981000e+02,   -1.453501e-02,   -8.889826e-04,    4.641724e-01,   -5.201225e-01,   -5.262350e-01,    4.279166e-01,    2.553951e-02,   -8.175431e-03,    2.292012e+00,    7.350987e-01,    1.157835e-01,   -4.385039e+00,   -2.961083e+00,    2.348222e+00,    1.695389e+00,   -1.019755e-01,    7.744800e-02,    2.861200e-02,    4.696800e-01,   -7.287100e-01,   -6.525400e-01,    5.280800e-01,    9.923300e-02,   -1.260800e-02,    4.013200e-02,    4.013200e-02,    4.756800e-02,    4.756800e-02,    4.265500e-02,    4.265500e-02,    4.346700e-02,    4.346700e-02,
        33,    6.309500e+02,   -1.246960e-02,   -4.392816e-03,    5.829954e-01,   -6.581170e-01,   -6.151825e-01,    5.414059e-01,    2.692514e-02,   -2.818759e-03,    1.530868e+00,    5.884864e-01,   -2.063514e-01,   -3.478016e+00,   -2.371548e+00,    2.503180e+00,    9.263922e-01,   -7.439088e-02,    2.656600e-02,    1.061300e-02,    5.726700e-01,   -8.321500e-01,   -7.338500e-01,    6.666600e-01,    6.123500e-02,   -5.573900e-03,    2.549900e-02,    2.549900e-02,    5.003800e-02,    5.003800e-02,    5.003800e-02,    5.003800e-02,    3.703600e-02,    3.703600e-02,
        33,    1.000000e+03,   -9.617916e-03,   -6.158113e-03,    7.304948e-01,   -8.488839e-01,   -7.259153e-01,    7.081728e-01,    2.741772e-02,    1.794379e-03,   -4.490949e-01,   -7.798954e-01,   -6.334729e-01,   -1.406616e+00,   -1.523089e+00,    2.495426e+00,   -2.079869e+00,   -3.639834e-02,   -2.401500e-02,   -3.116000e-02,    6.934100e-01,   -9.312300e-01,   -8.150800e-01,    8.542600e-01,   -1.762600e-02,    1.006100e-03,    3.205800e-02,    3.205800e-02,    5.854200e-02,    5.854200e-02,    5.854200e-02,    5.854200e-02,    2.165700e-02,    2.165700e-02,
        34,    1.000000e+02,   -2.937370e-03,   -7.666534e-03,    7.442609e-02,   -5.795829e-02,   -7.583604e-02,    6.886466e-02,    2.704268e-03,    2.698366e-03,   -2.653978e+00,    1.132269e+00,    1.708855e+00,    8.839846e-01,   -2.047553e+00,    2.387044e+00,    7.853948e-01,   -2.136484e-02,   -2.118400e-02,    1.180400e-04,    8.372500e-02,   -5.314800e-02,   -8.697800e-02,    8.185400e-02,    5.996800e-03,    2.608800e-03,    6.875200e-03,    6.875200e-03,    5.441600e-03,    5.441600e-03,    5.441600e-03,    5.441600e-03,    4.192200e-03,    4.192200e-03,
        34,    1.584800e+02,    1.628003e-04,   -4.927135e-03,    8.467990e-02,   -7.868098e-02,   -8.877292e-02,    9.342546e-02,    1.681473e-03,    2.403758e-03,   -2.366428e+00,   -7.272083e-01,    1.255437e+00,   -1.037900e+00,   -1.114310e+00,    3.408418e+00,    2.669597e-01,    9.269049e-01,   -1.816400e-02,   -1.055900e-02,    9.338900e-02,   -8.588100e-02,   -9.650300e-02,    1.170700e-01,    3.060400e-03,    7.191500e-03,    7.744500e-03,    7.744500e-03,    6.937100e-03,    6.937100e-03,    6.937100e-03,    6.937100e-03,    5.165300e-03,    5.165300e-03,
        34,    2.511800e+02,    7.818638e-04,   -1.682202e-03,    9.949828e-02,   -1.088625e-01,   -1.085353e-01,    1.279451e-01,    1.109193e-03,    2.198103e-03,   -9.934315e-01,   -1.690408e+00,    1.268658e-01,   -2.019760e+00,   -1.386083e+00,    3.030615e+00,   -1.154645e-01,    4.617899e-01,   -6.846200e-03,   -1.466200e-02,    1.006300e-01,   -1.268800e-01,   -1.209000e-01,    1.549800e-01,    6.090700e-04,    4.198300e-03,    7.678500e-03,    7.678500e-03,    8.920600e-03,    8.920600e-03,    8.920600e-03,    8.920600e-03,    4.331400e-03,    4.331400e-03,
        34,    3.981000e+02,   -2.592529e-04,    2.027681e-06,    1.219085e-01,   -1.505678e-01,   -1.371862e-01,    1.730707e-01,    3.580944e-04,    2.330309e-03,   -1.581418e-01,   -1.571845e+00,   -7.078817e-01,   -3.269128e+00,   -3.982589e-01,    4.007566e+00,   -5.965923e-01,    4.364839e-01,   -1.505600e-03,   -1.238600e-02,    1.133700e-01,   -1.900000e-01,   -1.419900e-01,    2.214100e-01,   -3.140800e-03,    4.890200e-03,    7.881200e-03,    7.881200e-03,    1.206200e-02,    1.206200e-02,    1.206200e-02,    1.206200e-02,    5.864800e-03,    5.864800e-03,
        34,    6.309500e+02,   -7.685680e-04,    1.815986e-04,    1.537367e-01,   -2.053172e-01,   -1.749471e-01,    2.311188e-01,   -8.610422e-04,    2.273439e-03,    3.506898e-01,   -1.222532e+00,   -5.345694e-01,   -4.530325e+00,   -1.070290e+00,    4.445237e+00,   -1.320380e+00,    6.028391e-02,    2.308700e-03,   -1.054600e-02,    1.446800e-01,   -2.820700e-01,   -1.930800e-01,    3.064300e-01,   -1.612200e-02,    2.970200e-03,    8.774900e-03,    8.774900e-03,    1.694200e-02,    1.694200e-02,    1.694200e-02,    1.694200e-02,    1.155800e-02,    1.155800e-02,
        34,    1.000000e+03,   -2.374169e-04,    5.989900e-04,    1.946157e-01,   -2.779576e-01,   -2.216121e-01,    3.086607e-01,   -2.529997e-03,    1.774586e-03,   -2.929305e-01,   -8.488692e-01,    2.657623e-01,   -5.481885e+00,   -1.426982e+00,    4.973287e+00,   -8.193567e-01,    7.619410e-02,   -2.765700e-03,   -6.727600e-03,    2.009400e-01,   -4.084100e-01,   -2.555700e-01,    4.270100e-01,   -1.223200e-02,    2.676800e-03,    8.631000e-03,    8.631000e-03,    2.379700e-02,    2.379700e-02,    2.379700e-02,    2.379700e-02,    1.184100e-02,    1.184100e-02,
        35,    1.000000e+02,    1.929316e-03,   -4.422013e-03,    6.353933e-02,   -8.140455e-02,   -6.099912e-02,    7.652052e-02,    2.231974e-03,   -1.117335e-03,    9.356069e-01,   -1.230278e+00,    4.124996e+00,   -6.858962e+00,   -3.928906e+00,    4.685009e+00,    1.839191e-01,   -1.790951e-01,    9.360000e-03,   -1.419300e-02,    9.544700e-02,   -1.344600e-01,   -9.139000e-02,    1.127600e-01,    2.836700e-03,   -1.706200e-03,    7.942100e-03,    7.942100e-03,    7.735200e-03,    7.735200e-03,    7.735200e-03,    7.735200e-03,    3.288000e-03,    3.288000e-03,
        35,    1.584800e+02,    2.769273e-03,   -5.541981e-03,    7.973568e-02,   -1.082051e-01,   -7.646888e-02,    1.014260e-01,    2.447227e-03,   -1.926125e-03,    9.720481e-01,   -1.098636e+00,    4.282759e+00,   -6.746072e+00,   -3.647146e+00,    5.145901e+00,    4.412159e-01,   -1.573113e-01,    1.251600e-02,   -1.655800e-02,    1.231500e-01,   -1.765900e-01,   -1.134400e-01,    1.535900e-01,    4.547900e-03,   -2.675100e-03,    1.002700e-02,    1.002700e-02,    1.013700e-02,    1.013700e-02,    1.013700e-02,    1.013700e-02,    4.761100e-03,    4.761100e-03,
        35,    2.511800e+02,    3.526580e-03,   -7.194284e-03,    9.965805e-02,   -1.457402e-01,   -9.555387e-02,    1.360211e-01,    2.916748e-03,   -2.987251e-03,    1.361840e+00,   -8.123747e-01,    4.788834e+00,   -6.857816e+00,   -3.414351e+00,    5.671199e+00,    2.313775e-01,   -4.157793e-01,    2.222600e-02,   -1.834900e-02,    1.650400e-01,   -2.393700e-01,   -1.421700e-01,    2.134500e-01,    4.405500e-03,   -5.662500e-03,    1.373100e-02,    1.373100e-02,    1.365300e-02,    1.365300e-02,    1.365300e-02,    1.365300e-02,    6.434300e-03,    6.434300e-03,
        35,    3.981000e+02,    4.164900e-03,   -9.830890e-03,    1.244374e-01,   -1.992099e-01,   -1.190919e-01,    1.852336e-01,    3.663714e-03,   -4.256138e-03,    1.321722e+00,   -4.184637e-01,    5.275198e+00,   -6.511990e+00,   -3.776042e+00,    5.811353e+00,    8.065514e-02,   -8.689687e-01,    2.582000e-02,   -1.668700e-02,    2.212900e-01,   -3.187700e-01,   -1.884200e-01,    2.919300e-01,    4.511400e-03,   -1.338900e-02,    1.638400e-02,    1.638400e-02,    1.836000e-02,    1.836000e-02,    1.836000e-02,    1.836000e-02,    1.051000e-02,    1.051000e-02,
        35,    6.309500e+02,    4.523677e-03,   -1.380796e-02,    1.554737e-01,   -2.766189e-01,   -1.488805e-01,    2.568165e-01,    4.725874e-03,   -6.076594e-03,    1.250776e+00,   -8.328972e-01,    5.935930e+00,   -5.894757e+00,   -4.572094e+00,    5.357458e+00,   -3.231865e-01,   -8.788913e-01,    3.405200e-02,   -3.347100e-02,    3.018300e-01,   -4.219600e-01,   -2.616100e-01,    3.889100e-01,    2.384300e-04,   -1.828000e-02,    2.360800e-02,    2.360800e-02,    2.465600e-02,    2.465600e-02,    2.465600e-02,    2.465600e-02,    1.388500e-02,    1.388500e-02,
        36,    1.000000e+02,   -1.066774e-02,    7.883291e-03,    2.143401e-01,   -3.084341e-01,   -4.466380e-01,    3.389210e-01,    5.735261e-02,   -5.150587e-02,    1.150955e+00,    6.814692e-01,    5.549108e-01,   -9.958970e-01,   -2.585703e+00,    8.341234e-01,    2.368161e-01,   -1.115104e+00,    3.486700e-03,    1.626400e-02,    2.282900e-01,   -3.334700e-01,   -5.116400e-01,    3.598900e-01,    6.699600e-02,   -9.691400e-02,    1.229800e-02,    1.229800e-02,    2.513900e-02,    2.513900e-02,    2.513900e-02,    2.513900e-02,    4.072100e-02,    4.072100e-02,
        36,    1.584800e+02,   -1.496914e-02,    1.861240e-03,    2.913986e-01,   -3.983553e-01,   -5.332699e-01,    4.211001e-01,    7.362987e-02,   -4.746104e-02,    1.396024e+00,    5.523232e-01,    1.642912e+00,   -1.384609e+00,   -2.001041e+00,    1.645309e+00,    7.798405e-01,   -8.076783e-01,   -1.515100e-03,    7.184200e-03,    3.452500e-01,   -4.437400e-01,   -5.988600e-01,    4.750300e-01,    1.122000e-01,   -8.740800e-02,    9.637400e-03,    9.637400e-03,    3.277800e-02,    3.277800e-02,    3.277800e-02,    3.277800e-02,    4.945900e-02,    4.945900e-02,
        36,    2.511800e+02,   -1.612826e-02,   -6.544367e-03,    3.853629e-01,   -5.137935e-01,   -6.308322e-01,    5.264609e-01,    8.615298e-02,   -4.184968e-02,    1.478397e-01,    5.119450e-01,    1.280611e+00,   -2.340663e-01,   -1.586715e+00,    2.268589e+00,    9.011268e-01,   -2.443101e-01,   -1.396300e-02,    9.535800e-04,    4.362800e-01,   -5.231000e-01,   -6.939200e-01,    6.166600e-01,    1.360700e-01,   -5.538300e-02,    1.464600e-02,    1.464600e-02,    3.976000e-02,    3.976000e-02,    3.976000e-02,    3.976000e-02,    5.539400e-02,    5.539400e-02,
        36,    3.981000e+02,   -1.358875e-02,   -1.600720e-02,    5.030133e-01,   -6.694107e-01,   -7.427480e-01,    6.747831e-01,    9.335004e-02,   -3.747094e-02,   -8.323723e-01,   -4.228438e-01,    7.203314e-01,    8.006209e-01,   -8.461545e-01,    2.541597e+00,    1.029835e+00,    4.040551e-01,   -3.849000e-02,   -2.865700e-02,    5.376800e-01,   -6.308800e-01,   -7.834700e-01,    7.971000e-01,    1.584500e-01,   -1.192900e-02,    2.991600e-02,    2.991600e-02,    4.812600e-02,    4.812600e-02,    4.812600e-02,    4.812600e-02,    6.321400e-02,    6.321400e-02,
        36,    6.309500e+02,   -7.346657e-03,   -2.592281e-02,    6.588850e-01,   -8.797905e-01,   -8.848285e-01,    8.893008e-01,    9.482622e-02,   -3.867348e-02,   -2.046332e+00,   -7.905289e-01,    1.155659e-01,    1.304337e-01,   -3.829389e-01,    3.245950e+00,    1.241666e+00,    3.643704e-01,   -1.327500e-01,   -7.436800e-02,    6.663900e-01,   -8.713200e-01,   -9.087300e-01,    1.091900e+00,    1.922200e-01,   -1.009300e-02,    6.128200e-02,    6.128200e-02,    6.494100e-02,    6.494100e-02,    6.241600e-02,    6.241600e-02,    7.843800e-02,    7.843800e-02,
        36,    1.000000e+03,    3.502424e-03,   -3.549278e-02,    8.708958e-01,   -1.155739e+00,   -1.083307e+00,    1.187466e+00,    9.327949e-02,   -5.138481e-02,   -2.142445e+00,    1.430726e+00,   -9.006206e-01,   -2.728069e+00,    4.610627e-01,    5.113080e+00,    1.512111e+00,   -6.622940e-01,   -1.768400e-01,    8.494000e-02,    7.913800e-01,   -1.396600e+00,   -1.042600e+00,    1.638900e+00,    2.643900e-01,   -1.263300e-01,    8.417600e-02,    8.417600e-02,    8.829000e-02,    8.829000e-02,    8.829000e-02,    8.829000e-02,    1.131600e-01,    1.131600e-01,
        37,    1.584800e+02,    2.752284e-02,   -1.276399e-02,    2.840725e-01,   -3.564267e-01,   -3.084408e-01,    3.534985e-01,    1.374421e-02,   -3.184490e-02,    1.171599e+00,   -2.218689e-01,    3.770648e+00,   -6.189853e+00,   -4.940412e+00,    4.278284e+00,   -2.811549e-01,   -1.075705e+00,    6.655700e-02,   -2.015600e-02,    4.166900e-01,   -5.741300e-01,   -4.822000e-01,    5.039700e-01,    4.637600e-03,   -6.668700e-02,    3.331700e-02,    3.331700e-02,    3.517100e-02,    3.517100e-02,    3.517100e-02,    3.517100e-02,    3.239000e-02,    3.239000e-02,
        38,    1.000000e+02,    3.166789e-03,    2.543595e-03,    7.634259e-02,   -7.687857e-02,   -6.727359e-02,    9.869231e-02,    2.206810e-03,   -4.452128e-04,   -1.243453e+00,   -3.822948e+00,    4.537890e-01,   -3.608581e-01,   -2.032319e+00,    5.676123e+00,   -7.455862e-01,   -1.347020e+00,   -8.321600e-03,   -3.277700e-02,    7.937000e-02,   -7.928600e-02,   -8.083200e-02,    1.365600e-01,   -1.702000e-03,   -7.507100e-03,    9.239100e-03,    9.239100e-03,    6.671400e-03,    6.671400e-03,    6.671400e-03,    6.671400e-03,    5.242600e-03,    5.242600e-03,
        38,    1.584800e+02,    5.645450e-04,    2.586449e-03,    9.218151e-02,   -1.041891e-01,   -9.058727e-02,    1.326611e-01,    3.389142e-03,   -1.608827e-03,    5.477280e-01,   -2.677292e+00,   -1.038408e+00,   -2.907483e+00,   -5.236438e-01,    4.381708e+00,   -5.328696e-01,   -4.422701e-01,    5.210100e-03,   -2.012100e-02,    8.318100e-02,   -1.293900e-01,   -9.512600e-02,    1.706400e-01,    1.269600e-03,   -3.368000e-03,    8.481500e-03,    8.481500e-03,    8.667600e-03,    8.667600e-03,    8.667600e-03,    8.667600e-03,    3.977600e-03,    3.977600e-03,
        38,    2.511800e+02,   -5.987243e-04,    1.239665e-03,    1.138789e-01,   -1.409748e-01,   -1.209571e-01,    1.752720e-01,    5.008703e-03,   -1.471634e-03,    1.319349e+00,   -1.392568e+00,   -1.726254e+00,   -5.479263e+00,    2.610919e-01,    4.438308e+00,    5.798371e-03,   -7.869470e-01,    1.136500e-02,   -1.138800e-02,    9.300500e-02,   -2.072300e-01,   -1.178000e-01,    2.289400e-01,    5.049800e-03,   -7.049200e-03,    9.067900e-03,    9.067900e-03,    1.209200e-02,    1.209200e-02,    1.209200e-02,    1.209200e-02,    7.087600e-03,    7.087600e-03,
        38,    3.981000e+02,   -9.940841e-04,    3.200628e-04,    1.423867e-01,   -1.903898e-01,   -1.581793e-01,    2.315812e-01,    6.435452e-03,   -4.371390e-04,    8.114935e-01,   -1.294751e+00,   -1.130487e+00,   -7.119521e+00,   -4.908647e-01,    4.920238e+00,    1.384695e-01,   -4.210987e-01,    7.978600e-03,   -1.399600e-02,    1.227400e-01,   -3.141200e-01,   -1.667100e-01,    3.170900e-01,    7.584500e-03,   -3.931500e-03,    1.105700e-02,    1.105700e-02,    1.737900e-02,    1.737900e-02,    1.737900e-02,    1.737900e-02,    8.298200e-03,    8.298200e-03,
        38,    6.309500e+02,   -1.868687e-03,   -5.693205e-04,    1.787640e-01,   -2.581577e-01,   -2.044201e-01,    3.089402e-01,    7.962702e-03,    1.483039e-03,   -1.489784e+00,   -7.764616e-02,    5.496304e-01,   -6.383648e+00,   -9.913186e-01,    5.647530e+00,   -1.699226e+00,   -1.943632e-01,   -2.624900e-02,   -1.840000e-03,    1.918100e-01,   -4.096800e-01,   -2.279500e-01,    4.429900e-01,   -6.166700e-03,   -1.331300e-04,    1.636500e-02,    1.636500e-02,    2.373600e-02,    2.373600e-02,    2.373600e-02,    2.373600e-02,    8.315200e-03,    8.315200e-03,
        38,    1.000000e+03,   -3.495080e-03,   -2.492992e-03,    2.252762e-01,   -3.530181e-01,   -2.624987e-01,    4.167902e-01,    9.719182e-03,    5.407579e-03,   -1.335736e+00,    9.269826e-02,    2.015711e+00,   -6.778553e+00,   -1.780470e+00,    5.887234e+00,   -1.387725e+00,    9.492779e-02,   -3.273300e-02,   -4.639200e-04,    2.929900e-01,   -5.807300e-01,   -3.223100e-01,    6.145600e-01,   -7.839700e-03,    6.608700e-03,    2.188900e-02,    2.188900e-02,    3.359300e-02,    3.359300e-02,    3.359300e-02,    3.359300e-02,    1.265300e-02,    1.265300e-02,
        39,    1.000000e+02,    3.888645e-03,   -1.037815e-02,    9.285297e-02,   -8.268353e-02,   -8.192646e-02,    7.728799e-02,   -5.351572e-03,    5.465543e-03,   -5.815226e-01,   -1.318943e+00,    1.859488e+00,   -3.295917e+00,   -3.098939e+00,    2.294149e+00,   -4.276140e-01,    8.588284e-01,   -1.101400e-03,   -2.169600e-02,    1.063800e-01,   -1.066600e-01,   -1.044700e-01,    9.397700e-02,   -8.178400e-03,    1.114300e-02,    8.581000e-03,    8.581000e-03,    7.274600e-03,    7.274600e-03,    7.274600e-03,    7.274600e-03,    6.610700e-03,    6.610700e-03,
        39,    1.584800e+02,    6.963928e-03,   -7.817084e-03,    1.099723e-01,   -1.055161e-01,   -9.805409e-02,    1.027219e-01,   -7.358046e-03,    4.332303e-03,    2.683343e-01,   -1.470968e+00,    2.591655e+00,   -3.673566e+00,   -2.923900e+00,    2.073979e+00,   -7.506503e-01,    6.801075e-01,    9.769900e-03,   -2.319900e-02,    1.337500e-01,   -1.392200e-01,   -1.248800e-01,    1.217500e-01,   -1.342300e-02,    9.827300e-03,    1.045700e-02,    1.045700e-02,    9.174700e-03,    9.174700e-03,    9.174700e-03,    9.174700e-03,    8.079600e-03,    8.079600e-03,
        39,    2.511800e+02,    6.843894e-03,   -5.775102e-03,    1.306701e-01,   -1.394958e-01,   -1.204811e-01,    1.379357e-01,   -8.725063e-03,    2.675956e-03,    1.024852e+00,   -1.110025e+00,    3.626103e+00,   -3.352622e+00,   -3.000330e+00,    1.855389e+00,   -8.986638e-01,    3.389338e-01,    1.963200e-02,   -1.962600e-02,    1.734400e-01,   -1.790400e-01,   -1.558700e-01,    1.598200e-01,   -1.734900e-02,    5.928500e-03,    1.247800e-02,    1.247800e-02,    1.179500e-02,    1.179500e-02,    1.179500e-02,    1.179500e-02,    9.596400e-03,    9.596400e-03,
        39,    3.981000e+02,    4.822520e-03,   -7.385518e-03,    1.608114e-01,   -1.882602e-01,   -1.513635e-01,    1.840713e-01,   -9.182051e-03,    1.209393e-03,    1.447032e+00,   -3.677064e-01,    3.990108e+00,   -2.219523e+00,   -3.083502e+00,    1.403561e+00,   -8.525417e-01,   -1.466196e-02,    2.516200e-02,   -1.255400e-02,    2.202800e-01,   -2.213400e-01,   -1.973200e-01,    2.049900e-01,   -1.845600e-02,    1.049900e-03,    1.405600e-02,    1.405600e-02,    1.490400e-02,    1.490400e-02,    1.490400e-02,    1.490400e-02,    1.087800e-02,    1.087800e-02,
        39,    6.309500e+02,    4.358600e-03,   -1.326069e-02,    2.032517e-01,   -2.509882e-01,   -1.909885e-01,    2.447932e-01,   -9.955088e-03,    3.968749e-04,    1.455942e+00,    6.255275e-01,    3.633754e+00,   -1.524669e+00,   -3.300044e+00,    7.485396e-01,   -6.351176e-01,   -7.059279e-01,    2.676700e-02,   -3.633200e-03,    2.714900e-01,   -2.796200e-01,   -2.529600e-01,    2.588500e-01,   -1.806300e-02,   -8.615000e-03,    1.539100e-02,    1.539100e-02,    1.877900e-02,    1.877900e-02,    1.877900e-02,    1.877900e-02,    1.276600e-02,    1.276600e-02,
        39,    1.000000e+03,    6.896924e-03,   -2.159636e-02,    2.562206e-01,   -3.336015e-01,   -2.414492e-01,    3.274063e-01,   -1.209715e-02,   -1.225951e-03,    1.281051e+00,    1.389288e+00,    3.748356e+00,   -9.154085e-01,   -2.724724e+00,    7.518372e-01,   -7.973113e-02,   -1.082385e+00,    3.073600e-02,    4.256900e-03,    3.459300e-01,   -3.555100e-01,   -3.066600e-01,    3.454000e-01,   -1.330500e-02,   -1.762300e-02,    1.860900e-02,    1.860900e-02,    2.393300e-02,    2.393300e-02,    2.393300e-02,    2.393300e-02,    1.514900e-02,    1.514900e-02,
        41,    1.000000e+02,    3.734371e-02,   -1.004890e-02,    1.647746e-01,   -2.235487e-01,   -1.793042e-01,    2.217942e-01,   -3.153425e-02,    4.034969e-03,   -1.084013e+00,   -8.169966e-01,   -1.159578e+01,    1.511466e+01,    1.250696e+01,   -1.522175e+01,    2.836460e-01,    6.906836e-01,    2.638000e-02,   -1.831200e-02,    8.188100e-02,   -1.155000e-01,   -8.989700e-02,    1.129800e-01,   -2.870100e-02,    1.093400e-02,    1.011400e-02,    1.011400e-02,    7.148600e-03,    7.148600e-03,    7.148600e-03,    7.148600e-03,    9.988700e-03,    9.988700e-03,
        41,    1.584800e+02,    4.056330e-02,   -2.070651e-02,    2.067860e-01,   -3.124302e-01,   -2.282568e-01,    3.145435e-01,   -3.062109e-02,    1.195813e-02,   -5.276560e-01,   -5.695755e-01,   -1.040774e+01,    1.560762e+01,    1.203033e+01,   -1.558535e+01,   -1.055870e-01,    1.064719e-01,    3.329800e-02,   -2.854900e-02,    1.055000e-01,   -1.605400e-01,   -1.111800e-01,    1.628700e-01,   -3.192900e-02,    1.327700e-02,    1.376900e-02,    1.376900e-02,    9.731800e-03,    9.731800e-03,    9.731800e-03,    9.731800e-03,    1.238700e-02,    1.238700e-02,
        41,    2.511800e+02,    4.910674e-02,   -3.087949e-02,    2.750077e-01,   -4.358190e-01,   -3.063766e-01,    4.319381e-01,   -3.491334e-02,    2.166644e-02,   -1.559384e-01,   -2.892050e-01,   -1.040447e+01,    1.649401e+01,    1.210952e+01,   -1.572488e+01,   -5.206534e-02,   -3.678917e-01,    4.622500e-02,   -3.622400e-02,    1.379600e-01,   -2.185600e-01,   -1.468700e-01,    2.248100e-01,   -3.571400e-02,    1.600900e-02,    1.848000e-02,    1.848000e-02,    1.317200e-02,    1.317200e-02,    1.317200e-02,    1.317200e-02,    1.537800e-02,    1.537800e-02,
        41,    3.981000e+02,    6.047376e-02,   -3.863928e-02,    3.791298e-01,   -5.949631e-01,   -4.146178e-01,    5.741166e-01,   -4.291395e-02,    2.987672e-02,    3.644026e-02,   -1.211727e-01,   -1.096352e+01,    1.706379e+01,    1.234763e+01,   -1.534954e+01,    1.691158e-01,   -5.788294e-01,    6.135000e-02,   -4.155300e-02,    1.852400e-01,   -2.931900e-01,   -1.962500e-01,    3.026600e-01,   -3.971800e-02,    1.893800e-02,    2.404600e-02,    2.404600e-02,    1.768500e-02,    1.768500e-02,    1.768500e-02,    1.768500e-02,    1.889800e-02,    1.889800e-02,
        41,    6.309500e+02,    7.233125e-02,   -4.610333e-02,    5.246536e-01,   -7.962937e-01,   -5.532939e-01,    7.542730e-01,   -5.150823e-02,    3.789104e-02,    2.765919e-01,    9.211241e-03,   -1.109757e+01,    1.658878e+01,    1.153604e+01,   -1.409899e+01,    2.664213e-01,   -6.303900e-01,    8.101900e-02,   -4.581400e-02,    2.563700e-01,   -3.952600e-01,   -2.744100e-01,    4.134300e-01,   -4.517300e-02,    2.290100e-02,    3.141000e-02,    3.141000e-02,    2.417500e-02,    2.417500e-02,    2.417500e-02,    2.417500e-02,    2.377900e-02,    2.377900e-02,
        42,    1.000000e+02,   -5.370729e-04,   -1.817944e-02,    1.074769e-01,   -9.834338e-02,   -1.008447e-01,    9.685810e-02,    8.306341e-05,    1.610501e-02,    5.511306e-01,   -1.142653e+00,   -7.629226e-02,   -5.272403e-01,   -8.986986e-01,    1.855752e+00,   -3.909561e-01,    1.070775e+00,    4.972800e-03,   -2.960300e-02,    1.069000e-01,   -1.023300e-01,   -1.076400e-01,    1.108900e-01,   -3.682000e-03,    2.641700e-02,    9.997400e-03,    9.997400e-03,    7.561300e-03,    7.561300e-03,    7.561300e-03,    7.561300e-03,    9.630400e-03,    9.630400e-03,
        42,    1.584800e+02,    5.660927e-03,   -1.829750e-02,    1.301526e-01,   -1.284730e-01,   -1.216938e-01,    1.275698e-01,   -6.933470e-03,    1.552370e-02,    8.700413e-01,   -1.245519e+00,    3.183496e-01,   -4.172935e-01,   -1.581362e+00,    1.894210e+00,   -7.456000e-01,    1.121254e+00,    1.668000e-02,   -3.407200e-02,    1.332400e-01,   -1.325200e-01,   -1.370300e-01,    1.459400e-01,   -1.607900e-02,    2.927700e-02,    1.266500e-02,    1.266500e-02,    9.698100e-03,    9.698100e-03,    9.698100e-03,    9.698100e-03,    1.226600e-02,    1.226600e-02,
        42,    2.511800e+02,    1.018999e-02,   -1.796927e-02,    1.619795e-01,   -1.662701e-01,   -1.499863e-01,    1.693561e-01,   -1.074465e-02,    1.384392e-02,    1.120184e+00,   -1.144693e+00,    4.417326e-01,   -6.968615e-02,   -2.216846e+00,    1.397508e+00,   -1.047426e+00,    9.514649e-01,    2.754500e-02,   -3.570400e-02,    1.674300e-01,   -1.671300e-01,   -1.773400e-01,    1.866000e-01,   -2.638900e-02,    2.805500e-02,    1.549300e-02,    1.549300e-02,    1.233900e-02,    1.233900e-02,    1.233900e-02,    1.233900e-02,    1.493600e-02,    1.493600e-02,
        42,    3.981000e+02,    1.368497e-02,   -1.974300e-02,    1.996700e-01,   -2.127842e-01,   -1.870165e-01,    2.237808e-01,   -1.324805e-02,    1.456923e-02,    1.260750e+00,   -9.493855e-01,    5.005803e-01,    4.277731e-01,   -2.808404e+00,    5.296321e-01,   -1.129811e+00,    6.590351e-01,    3.717400e-02,   -3.743100e-02,    2.074100e-01,   -2.061700e-01,   -2.304400e-01,    2.319700e-01,   -3.317000e-02,    2.619000e-02,    1.863100e-02,    1.863100e-02,    1.546200e-02,    1.546200e-02,    1.546200e-02,    1.546200e-02,    1.763300e-02,    1.763300e-02,
        42,    6.309500e+02,    1.842165e-02,   -2.336127e-02,    2.428208e-01,   -2.774997e-01,   -2.323561e-01,    2.970006e-01,   -1.704763e-02,    1.665590e-02,    1.297627e+00,   -7.034167e-01,    3.043063e-01,    1.228377e+00,   -3.326029e+00,   -6.815421e-01,   -9.536825e-01,    4.312678e-01,    4.710700e-02,   -3.891100e-02,    2.486300e-01,   -2.540500e-01,   -2.958500e-01,    2.839900e-01,   -3.633300e-02,    2.537700e-02,    2.210600e-02,    2.210600e-02,    1.909000e-02,    1.909000e-02,    1.909000e-02,    1.909000e-02,    2.022200e-02,    2.022200e-02,
        42,    1.000000e+03,    2.401980e-02,   -2.820014e-02,    2.967798e-01,   -3.695291e-01,   -2.884854e-01,    3.993203e-01,   -2.165884e-02,    1.900790e-02,    1.344016e+00,   -3.944608e-01,    2.695448e-01,    2.000641e+00,   -3.312839e+00,   -2.509579e+00,   -6.583171e-01,    2.120817e-01,    5.981900e-02,   -3.870700e-02,    3.031200e-01,   -3.224700e-01,   -3.664100e-01,    3.402900e-01,   -3.618000e-02,    2.368600e-02,    2.663600e-02,    2.663600e-02,    2.352200e-02,    2.352200e-02,    2.352200e-02,    2.352200e-02,    2.205800e-02,    2.205800e-02,
        43,    2.511800e+02,    9.208246e-04,    1.570581e-03,    2.227060e-01,   -2.666412e-01,   -2.606682e-01,    3.156557e-01,    2.008561e-02,   -1.977481e-02,   -1.976849e-01,    1.875767e+00,   -3.299110e+00,    3.037569e+00,    3.083086e+00,   -3.704002e+00,    3.436552e-01,   -1.040143e+00,   -1.570400e-03,    2.520900e-02,    1.721900e-01,   -2.201300e-01,   -2.134600e-01,    2.589400e-01,    2.660200e-02,   -3.949800e-02,    1.260200e-02,    1.260200e-02,    1.531200e-02,    1.531200e-02,    1.531200e-02,    1.531200e-02,    1.896200e-02,    1.896200e-02,
        43,    3.981000e+02,    3.151657e-04,   -7.540401e-04,    2.873584e-01,   -3.541862e-01,   -3.418110e-01,    4.062335e-01,    2.472995e-02,   -2.483598e-02,   -6.773452e-01,    1.608240e+00,   -3.547955e+00,    2.542371e+00,    3.395769e+00,   -3.470558e+00,    5.613509e-01,   -1.369218e+00,   -9.256400e-03,    2.197200e-02,    2.160800e-01,   -3.031100e-01,   -2.735900e-01,    3.365100e-01,    3.972700e-02,   -6.141600e-02,    1.413100e-02,    1.413100e-02,    2.009000e-02,    2.009000e-02,    2.009000e-02,    2.009000e-02,    2.671600e-02,    2.671600e-02,
        43,    6.309500e+02,    3.197066e-03,   -3.011396e-03,    3.762833e-01,   -4.649297e-01,   -4.456395e-01,    5.183600e-01,    2.861315e-02,   -3.212628e-02,   -1.092907e+00,    1.313414e+00,   -2.543138e+00,    1.941548e+00,    3.290179e+00,   -2.969076e+00,    1.089548e+00,   -1.362527e+00,   -1.514300e-02,    1.902900e-02,    3.077000e-01,   -4.125700e-01,   -3.569100e-01,    4.382900e-01,    6.889700e-02,   -8.250300e-02,    1.678100e-02,    1.678100e-02,    2.696800e-02,    2.696800e-02,    2.696800e-02,    2.696800e-02,    3.697300e-02,    3.697300e-02,
        44,    1.000000e+02,    5.114824e-03,   -2.054600e-03,    1.718757e-01,   -1.839013e-01,   -1.698936e-01,    1.826575e-01,   -4.725513e-03,    3.194981e-03,   -1.083053e-01,   -3.175641e-01,   -2.789925e+00,    3.277776e+00,    3.413420e+00,   -3.959427e+00,    9.538401e-03,   -2.886470e-02,    4.546600e-03,   -3.720700e-03,    1.436500e-01,   -1.507400e-01,   -1.353600e-01,    1.426000e-01,   -4.678100e-03,    3.051500e-03,    5.246500e-03,    5.246500e-03,    1.011700e-02,    1.011700e-02,    1.011700e-02,    1.011700e-02,    4.970800e-03,    4.970800e-03,
        44,    1.584800e+02,    4.489095e-03,    3.960058e-04,    2.209262e-01,   -2.314970e-01,   -2.203853e-01,    2.309410e-01,   -5.377932e-03,    2.565154e-04,    1.332822e-01,   -1.998398e-01,   -2.592469e+00,    3.113242e+00,    3.585996e+00,   -3.835608e+00,    1.437783e-01,    2.914157e-01,    5.241500e-03,   -7.321300e-04,    1.873200e-01,   -1.911400e-01,   -1.739000e-01,    1.812200e-01,   -4.617100e-03,    1.798600e-03,    5.645200e-03,    5.645200e-03,    1.296300e-02,    1.296300e-02,    1.296300e-02,    1.296300e-02,    5.291700e-03,    5.291700e-03,
        44,    2.511800e+02,    3.383579e-03,    2.039682e-03,    2.801459e-01,   -2.897250e-01,   -2.814604e-01,    2.881670e-01,   -3.894776e-03,   -1.866342e-03,    2.981820e-01,    1.213378e-01,   -2.331965e+00,    3.186262e+00,    3.933459e+00,   -3.546074e+00,    8.201914e-02,    4.344733e-01,    5.423800e-03,    2.869900e-03,    2.419600e-01,   -2.375500e-01,   -2.170500e-01,    2.301000e-01,   -3.485500e-03,    3.016800e-04,    6.842200e-03,    6.842200e-03,    1.637500e-02,    1.637500e-02,    1.637500e-02,    1.637500e-02,    4.990000e-03,    4.990000e-03,
        44,    3.981000e+02,    2.186933e-03,    2.919451e-03,    3.508111e-01,   -3.643106e-01,   -3.536432e-01,    3.591747e-01,   -1.873947e-03,   -2.064047e-03,    4.869612e-01,    4.175808e-01,   -1.779766e+00,    3.548324e+00,    3.964328e+00,   -3.273526e+00,    2.811428e-01,    6.470469e-01,    6.927500e-03,    6.984600e-03,    3.140500e-01,   -2.910200e-01,   -2.717600e-01,    2.915600e-01,   -1.021100e-03,   -1.012300e-04,    9.735000e-03,    9.735000e-03,    2.065500e-02,    2.065500e-02,    2.065500e-02,    2.065500e-02,    3.033500e-03,    3.033500e-03,
        44,    6.309500e+02,    1.424685e-03,    3.726670e-03,    4.362957e-01,   -4.633218e-01,   -4.381264e-01,    4.520386e-01,   -6.998258e-04,   -1.190770e-03,    5.786726e-01,    7.725750e-01,   -1.509859e+00,    4.741272e+00,    4.051972e+00,   -3.443025e+00,    5.554507e-01,    4.383742e-01,    9.840900e-03,    1.496300e-02,    3.978200e-01,   -3.425000e-01,   -3.348700e-01,    3.643000e-01,    2.223900e-03,    1.116700e-03,    1.454400e-02,    1.454400e-02,    2.548300e-02,    2.548300e-02,    2.548300e-02,    2.548300e-02,    5.263700e-03,    5.263700e-03,
        45,    1.000000e+02,   -1.159411e-02,    5.005071e-03,    1.250812e-01,   -1.487137e-01,   -1.386818e-01,    1.446885e-01,    1.473579e-02,   -6.290905e-03,    1.001939e-01,   -4.649693e-01,   -2.579493e-01,   -1.300871e-01,    5.127333e-01,   -6.294019e-01,   -4.171062e-01,   -8.353040e-01,   -1.089900e-02,    1.779300e-03,    1.225900e-01,   -1.499700e-01,   -1.337300e-01,    1.386100e-01,    1.110000e-02,   -1.357200e-02,    6.937600e-03,    6.937600e-03,    9.657600e-03,    9.657600e-03,    9.657600e-03,    9.657600e-03,    8.716700e-03,    8.716700e-03,
        45,    1.584800e+02,   -1.275279e-02,    3.687482e-03,    1.644042e-01,   -1.850523e-01,   -1.749751e-01,    1.782645e-01,    1.657801e-02,   -4.323492e-03,    2.794252e-01,   -3.574937e-01,    4.778836e-04,   -9.762882e-02,    7.344929e-01,   -6.037375e-01,   -6.626529e-02,   -1.041907e+00,   -1.059800e-02,    9.306700e-04,    1.644100e-01,   -1.862400e-01,   -1.660400e-01,    1.709200e-01,    1.585300e-02,   -1.572300e-02,    7.711500e-03,    7.711500e-03,    1.216500e-02,    1.216500e-02,    1.216500e-02,    1.216500e-02,    1.094100e-02,    1.094100e-02,
        45,    2.511800e+02,   -1.246108e-02,    2.691766e-03,    2.109888e-01,   -2.301980e-01,   -2.175719e-01,    2.228559e-01,    1.698343e-02,   -2.548251e-03,    2.737638e-01,   -1.628137e-01,   -6.171558e-02,    2.782901e-01,    1.050697e+00,   -6.349847e-01,    2.941861e-01,   -1.130761e+00,   -1.015300e-02,    1.319100e-03,    2.100600e-01,   -2.260100e-01,   -2.017600e-01,    2.133000e-01,    2.094700e-02,   -1.778300e-02,    8.430900e-03,    8.430900e-03,    1.504900e-02,    1.504900e-02,    1.504900e-02,    1.504900e-02,    1.347300e-02,    1.347300e-02,
        45,    3.981000e+02,   -1.080210e-02,    3.293886e-03,    2.659819e-01,   -2.888588e-01,   -2.695588e-01,    2.830545e-01,    1.656160e-02,   -1.916979e-03,    1.902929e-01,    1.091733e-01,   -5.071990e-02,    5.414905e-01,    1.045073e+00,   -2.375283e-01,    5.877718e-01,   -1.033902e+00,   -9.031500e-03,    4.309700e-03,    2.650200e-01,   -2.785900e-01,   -2.497400e-01,    2.785500e-01,    2.627100e-02,   -1.899600e-02,    9.304600e-03,    9.304600e-03,    1.896400e-02,    1.896400e-02,    1.896400e-02,    1.896400e-02,    1.651900e-02,    1.651900e-02,
        45,    6.309500e+02,   -8.636149e-03,    6.510139e-03,    3.317070e-01,   -3.673977e-01,   -3.346952e-01,    3.638925e-01,    1.645750e-02,   -2.597803e-03,   -3.092296e-02,   -5.172499e-01,   -1.540895e-02,    1.063055e+00,    6.292080e-01,   -4.498013e-01,    6.676101e-01,   -9.845312e-01,   -8.940700e-03,    1.415900e-03,    3.313400e-01,   -3.420800e-01,   -3.197100e-01,    3.531800e-01,    2.978500e-02,   -2.225200e-02,    9.848700e-03,    9.848700e-03,    2.381600e-02,    2.381600e-02,    2.381600e-02,    2.381600e-02,    1.996300e-02,    1.996300e-02,
        45,    1.000000e+03,   -6.501134e-03,    1.271361e-02,    4.117304e-01,   -4.744711e-01,   -4.171822e-01,    4.719913e-01,    1.761742e-02,   -3.876409e-03,   -4.881813e-01,   -7.268094e-01,    9.137857e-02,    1.590877e+00,    7.810992e-01,   -6.555298e-01,    8.423578e-01,   -4.362367e-01,   -1.303300e-02,    2.988900e-03,    4.144600e-01,   -4.269500e-01,   -3.938500e-01,    4.524100e-01,    3.710200e-02,   -1.396700e-02,    1.338000e-02,    1.338000e-02,    2.987100e-02,    2.987100e-02,    2.987100e-02,    2.987100e-02,    2.313100e-02,    2.313100e-02,
        46,    1.000000e+02,   -2.434013e-02,    2.403006e-03,    1.463803e-01,   -1.286471e-01,   -1.289861e-01,    1.316213e-01,    1.505372e-02,    2.227102e-03,   -1.423106e+00,    4.688595e-01,   -3.978178e+00,    1.118457e+00,    1.526634e+00,   -2.897725e+00,    4.593696e-01,   -1.874765e+00,   -4.237800e-02,    8.345800e-03,    1.141300e-01,   -1.195800e-01,   -1.166100e-01,    1.081300e-01,    1.937800e-02,   -1.542100e-02,    1.267500e-02,    1.267500e-02,    8.106800e-03,    8.106800e-03,    8.106800e-03,    8.106800e-03,    9.413500e-03,    9.413500e-03,
        46,    1.584800e+02,   -2.668112e-02,    9.318299e-03,    1.817982e-01,   -1.662743e-01,   -1.664754e-01,    1.728917e-01,    1.355084e-02,   -2.802374e-04,   -1.157080e+00,    2.903086e-01,   -3.387388e+00,    2.371701e+00,    7.813773e-01,   -2.687243e+00,    1.051512e+00,   -7.396534e-01,   -4.337200e-02,    1.350600e-02,    1.464000e-01,   -1.414900e-01,   -1.583100e-01,    1.448100e-01,    2.555700e-02,   -8.725600e-03,    1.442500e-02,    1.442500e-02,    1.045000e-02,    1.045000e-02,    1.045000e-02,    1.045000e-02,    1.141800e-02,    1.141800e-02,
        46,    2.511800e+02,   -3.351051e-02,    1.375484e-02,    2.289074e-01,   -2.082122e-01,   -2.172298e-01,    2.186165e-01,    1.532455e-02,   -2.897220e-03,   -6.189146e-01,    2.701878e-01,   -4.009268e+00,    3.506762e+00,    2.223634e+00,   -3.871827e+00,    1.081856e+00,   -3.887678e-01,   -4.344100e-02,    1.809000e-02,    1.790000e-01,   -1.645600e-01,   -1.895500e-01,    1.704200e-01,    2.969700e-02,   -8.062000e-03,    1.604500e-02,    1.604500e-02,    1.244800e-02,    1.244800e-02,    1.244800e-02,    1.244800e-02,    1.328500e-02,    1.328500e-02,
        46,    3.981000e+02,   -4.136076e-02,    1.370689e-02,    2.845539e-01,   -2.565240e-01,   -2.793965e-01,    2.689786e-01,    1.867958e-02,   -2.801435e-03,   -1.739804e-01,    5.499162e-01,   -4.002228e+00,    3.876616e+00,    3.143474e+00,   -4.152492e+00,    1.080763e+00,   -3.964046e-01,   -4.456600e-02,    2.383800e-02,    2.237000e-01,   -1.975800e-01,   -2.316000e-01,    2.058400e-01,    3.609500e-02,   -9.189100e-03,    1.842300e-02,    1.842300e-02,    1.520500e-02,    1.520500e-02,    1.520500e-02,    1.520500e-02,    1.611400e-02,    1.611400e-02,
        46,    6.309500e+02,   -4.804515e-02,    1.119178e-02,    3.495143e-01,   -3.179905e-01,   -3.518138e-01,    3.286836e-01,    2.134279e-02,   -3.986046e-04,   -1.300175e-03,    9.386842e-01,   -3.202850e+00,    3.743376e+00,    3.157460e+00,   -3.755013e+00,    1.200933e+00,   -6.017077e-01,   -4.807400e-02,    3.202400e-02,    2.880900e-01,   -2.462000e-01,   -2.912600e-01,    2.566700e-01,    4.581300e-02,   -1.265900e-02,    2.219300e-02,    2.219300e-02,    1.917800e-02,    1.917800e-02,    1.917800e-02,    1.917800e-02,    2.037600e-02,    2.037600e-02,
        46,    1.000000e+03,   -5.524347e-02,    6.939693e-03,    4.292204e-01,   -3.990759e-01,   -4.381352e-01,    4.046691e-01,    2.337396e-02,    3.523215e-03,   -7.073792e-02,    1.280715e+00,   -2.178882e+00,    3.435161e+00,    2.753193e+00,   -3.226962e+00,    1.383147e+00,   -9.420876e-01,   -5.723000e-02,    4.290600e-02,    3.756700e-01,   -3.146500e-01,   -3.704700e-01,    3.253600e-01,    6.022100e-02,   -2.157400e-02,    2.808300e-02,    2.808300e-02,    2.457700e-02,    2.457700e-02,    2.457700e-02,    2.457700e-02,    2.664000e-02,    2.664000e-02,
        47,    1.000000e+02,    4.318871e-03,    4.077620e-02,    2.588864e-01,   -2.165527e-01,   -2.168143e-01,    1.310359e-01,   -2.429696e-02,   -3.909820e-02,   -1.898980e+00,    1.484754e-01,   -5.220162e+00,    4.691198e+00,    5.512127e+00,   -3.106353e+00,    2.344325e+00,    1.947167e-01,   -2.888100e-02,    4.337200e-02,    2.017100e-01,   -1.651700e-01,   -1.564400e-01,    9.701200e-02,    4.721100e-03,   -3.668800e-02,    1.748300e-02,    1.748300e-02,    1.095300e-02,    1.095300e-02,    1.095300e-02,    1.095300e-02,    1.237800e-02,    1.237800e-02,
        47,    1.584800e+02,   -1.065390e-02,    4.732034e-02,    3.254814e-01,   -2.539078e-01,   -2.466753e-01,    1.616726e-01,   -7.028291e-03,   -4.995249e-02,   -1.512768e+00,   -2.250856e-01,   -5.789499e+00,    4.957503e+00,    5.381322e+00,   -3.722341e+00,    1.812724e+00,    3.691036e-01,   -4.176700e-02,    4.269100e-02,    2.509300e-01,   -1.900700e-01,   -1.773800e-01,    1.137400e-01,    2.056500e-02,   -4.433400e-02,    2.056700e-02,    2.056700e-02,    1.287700e-02,    1.287700e-02,    1.287700e-02,    1.287700e-02,    1.522200e-02,    1.522200e-02,
        47,    2.511800e+02,   -2.702393e-02,    5.167066e-02,    3.986217e-01,   -2.906966e-01,   -2.824293e-01,    2.045696e-01,    1.298884e-02,   -5.607939e-02,   -1.082835e+00,   -4.159425e-01,   -6.082132e+00,    4.434154e+00,    5.156111e+00,   -3.974023e+00,    1.354719e+00,    1.931468e-01,   -5.294700e-02,    4.171300e-02,    3.053400e-01,   -2.226900e-01,   -2.033500e-01,    1.436200e-01,    3.888700e-02,   -5.238700e-02,    2.394000e-02,    2.394000e-02,    1.533700e-02,    1.533700e-02,    1.533700e-02,    1.533700e-02,    1.911700e-02,    1.911700e-02,
        47,    3.981000e+02,   -4.367831e-02,    5.443269e-02,    4.725394e-01,   -3.341581e-01,   -3.265015e-01,    2.643355e-01,    3.356517e-02,   -5.797885e-02,   -7.759015e-01,   -3.585718e-01,   -5.234946e+00,    3.978973e+00,    4.481301e+00,   -4.326475e+00,    1.267675e+00,   -1.620583e-01,   -6.581400e-02,    4.420300e-02,    3.749600e-01,   -2.599900e-01,   -2.429700e-01,    1.836900e-01,    6.502000e-02,   -6.200000e-02,    2.852900e-02,    2.852900e-02,    1.864000e-02,    1.864000e-02,    1.864000e-02,    1.864000e-02,    2.481300e-02,    2.481300e-02,
        47,    6.309500e+02,   -5.999474e-02,    5.644000e-02,    5.468503e-01,   -3.968175e-01,   -3.826715e-01,    3.477914e-01,    5.260012e-02,   -5.628737e-02,   -6.859334e-01,   -1.837224e-01,   -3.282186e+00,    4.197060e+00,    2.603368e+00,   -4.237284e+00,    1.372201e+00,   -5.046535e-01,   -8.396400e-02,    5.002000e-02,    4.690100e-01,   -2.972800e-01,   -3.209300e-01,    2.473000e-01,    9.849200e-02,   -7.316500e-02,    3.494400e-02,    3.494400e-02,    2.371600e-02,    2.371600e-02,    2.371600e-02,    2.371600e-02,    3.344400e-02,    3.344400e-02,
        47,    1.000000e+03,   -7.544891e-02,    5.844477e-02,    6.264204e-01,   -4.930232e-01,   -4.576578e-01,    4.633506e-01,    6.760399e-02,   -5.278185e-02,   -7.120271e-01,   -3.546333e-02,   -2.406491e+00,    5.282397e+00,    2.035752e+00,   -4.490119e+00,    1.496417e+00,   -2.778302e-01,   -1.052800e-01,    5.695900e-02,    5.564300e-01,   -3.393900e-01,   -3.984500e-01,    3.327600e-01,    1.289900e-01,   -6.417900e-02,    4.189600e-02,    4.189600e-02,    2.908400e-02,    2.908400e-02,    2.908400e-02,    2.908400e-02,    4.102200e-02,    4.102200e-02,
        48,    1.000000e+02,    4.459532e-03,   -4.664693e-03,    1.205114e-01,   -1.195697e-01,   -1.319394e-01,    1.250913e-01,   -1.056002e-02,    8.353690e-03,   -4.648093e-02,    2.659289e-01,    5.335665e-01,   -1.158385e+00,   -1.043969e+00,    6.672717e-01,   -3.342881e-01,    5.239910e-01,    4.240700e-03,   -3.412700e-03,    1.255000e-01,   -1.304000e-01,   -1.417000e-01,    1.313300e-01,   -1.358800e-02,    1.310000e-02,    4.708000e-03,    4.708000e-03,    9.349500e-03,    9.349500e-03,    9.349500e-03,    9.349500e-03,    9.058000e-03,    9.058000e-03,
        48,    1.584800e+02,    7.884795e-03,   -2.736433e-03,    1.461822e-01,   -1.579192e-01,   -1.613009e-01,    1.589899e-01,   -1.362304e-02,    7.146284e-03,    3.297203e-02,    8.937267e-02,    5.615933e-01,   -1.295041e+00,   -8.782336e-01,    8.019405e-01,   -3.569408e-01,    6.849921e-01,    8.102400e-03,   -2.146600e-03,    1.528000e-01,   -1.731800e-01,   -1.716500e-01,    1.684400e-01,   -1.760400e-02,    1.478600e-02,    6.599700e-03,    6.599700e-03,    1.178400e-02,    1.178400e-02,    1.178400e-02,    1.178400e-02,    1.115300e-02,    1.115300e-02,
        48,    2.511800e+02,    8.312877e-03,    1.406623e-03,    1.824769e-01,   -2.104481e-01,   -1.977771e-01,    2.042892e-01,   -1.538546e-02,    5.355702e-03,    2.594284e-01,    6.588301e-02,    8.484701e-01,   -1.029597e+00,   -9.792193e-01,    8.722171e-01,   -6.044291e-01,    7.458385e-01,    1.051200e-02,    1.965100e-03,    1.952600e-01,   -2.259600e-01,   -2.125300e-01,    2.174300e-01,   -2.383900e-02,    1.578700e-02,    8.476800e-03,    8.476800e-03,    1.506600e-02,    1.506600e-02,    1.506600e-02,    1.506600e-02,    1.398600e-02,    1.398600e-02,
        48,    3.981000e+02,    5.394085e-03,    3.736477e-03,    2.328411e-01,   -2.773244e-01,   -2.436990e-01,    2.652304e-01,   -1.581803e-02,    4.248545e-03,    5.033799e-01,    5.006617e-01,    8.538621e-01,   -9.360276e-01,   -1.047122e+00,    8.445781e-01,   -7.046812e-01,    7.862747e-01,    1.104100e-02,    9.352900e-03,    2.493300e-01,   -2.954000e-01,   -2.639200e-01,    2.815400e-01,   -2.770600e-02,    1.751300e-02,    1.121800e-02,    1.121800e-02,    1.931100e-02,    1.931100e-02,    1.931100e-02,    1.931100e-02,    1.687000e-02,    1.687000e-02,
        48,    6.309500e+02,    2.665726e-03,    3.368582e-03,    2.962964e-01,   -3.620883e-01,   -3.021914e-01,    3.470628e-01,   -1.597224e-02,    4.299385e-03,    5.797722e-01,    9.126384e-01,    1.102215e+00,   -9.398089e-01,   -1.131016e+00,    5.912034e-01,   -7.393583e-01,    7.746091e-01,    1.158900e-02,    1.741500e-02,    3.236600e-01,   -3.854200e-01,   -3.302700e-01,    3.617400e-01,   -3.084000e-02,    1.987600e-02,    1.539100e-02,    1.539100e-02,    2.482600e-02,    2.482600e-02,    2.482600e-02,    2.482600e-02,    2.010900e-02,    2.010900e-02,
        48,    1.000000e+03,    5.477249e-04,    2.260612e-03,    3.740404e-01,   -4.750245e-01,   -3.761424e-01,    4.571668e-01,   -1.604652e-02,    4.905368e-03,    4.716789e-01,    1.160575e+00,    1.433285e+00,   -7.943670e-01,   -1.341477e+00,    3.577231e-01,   -9.711443e-01,    6.493068e-01,    1.002800e-02,    2.558700e-02,    4.199700e-01,   -5.004800e-01,   -4.191300e-01,    4.686300e-01,   -4.086800e-02,    2.150100e-02,    2.009900e-02,    2.009900e-02,    3.204500e-02,    3.204500e-02,    3.204500e-02,    3.204500e-02,    2.555900e-02,    2.555900e-02,
VTF,
     StaID,        Freq[Hz],     Re(Tzx)_Cal,     Im(Tzx)_Cal,     Re(Tzy)_Cal,     Im(Tzy)_Cal,     Re(Tzx)_Res,     Im(Tzx)_Res,     Re(Tzy)_Res,     Im(Tzy)_Res,     Re(Tzx)_Obs,     Im(Tzx)_Obs,     Re(Tzy)_Obs,     Im(Tzy)_Obs,      Re(Tzx)_SD,      Im(Tzx)_SD,      Re(Tzy)_SD,      Im(Tzy)_SD,
      1001,    1.000000e+02,    5.662463e-02,   -1.485383e-03,    8.734776e-02,    4.842678e-02,    3.832125e-01,    3.790728e-01,    7.267414e-01,   -6.670593e-01,    6.812100e-02,    9.886800e-03,    1.091500e-01,    2.841500e-02,    3.000000e-02,    3.000000e-02,    3.000000e-02,    3.000000e-02,
      1001,    1.584800e+02,    5.501822e-02,    7.863548e-03,    6.689204e-02,    4.922367e-02,    5.924261e-01,    2.475484e-01,    8.727986e-01,   -1.293556e-01,    7.279100e-02,    1.529000e-02,    9.307600e-02,    4.534300e-02,    3.000000e-02,    3.000000e-02,    3.000000e-02,    3.000000e-02,
      1001,    2.511800e+02,    4.828551e-02,    1.275798e-02,    4.944284e-02,    4.680451e-02,    5.564831e-01,    5.822673e-01,    3.465387e-01,    1.501165e-01,    6.498000e-02,    3.022600e-02,    5.983900e-02,    5.130800e-02,    3.000000e-02,    3.000000e-02,    3.000000e-02,    3.000000e-02,
      1001,    3.981000e+02,    4.129449e-02,    1.312382e-02,    3.355888e-02,    4.232461e-02,    4.065169e-01,    6.941394e-01,    4.260401e-02,    4.386131e-01,    5.349000e-02,    3.394800e-02,    3.483700e-02,    5.548300e-02,    3.000000e-02,    3.000000e-02,    3.000000e-02,    3.000000e-02,
      1001,    6.309500e+02,    3.589510e-02,    1.141924e-02,    2.019289e-02,    3.539910e-02,   -3.190334e-02,    5.534253e-01,   -2.468297e-01,    3.421632e-01,    3.493800e-02,    2.802200e-02,    1.278800e-02,    4.566400e-02,    3.000000e-02,    3.000000e-02,    3.000000e-02,    3.000000e-02,
      1001,    1.000000e+03,    3.140367e-02,    8.800672e-03,    1.040919e-02,    2.743628e-02,   -4.993225e-01,   -1.334557e-01,   -3.492693e-01,   -3.472761e-01,    1.642400e-02,    4.797000e-03,   -6.888900e-05,    1.701800e-02,    3.000000e-02,    3.000000e-02,    3.000000e-02,    3.000000e-02,
      1002,    1.000000e+02,    1.533057e-01,   -1.022509e-02,   -1.969263e-01,    3.611283e-02,    2.848103e-01,    2.753498e-01,   -3.827908e-01,   -8.479610e-01,    1.618500e-01,   -1.964600e-03,   -2.084100e-01,    1.067400e-02,    3.000000e-02,    3.000000e-02,    3.000000e-02,    3.000000e-02,
      1002,    1.584800e+02,    1.522197e-01,    1.718104e-02,   -2.047233e-01,    2.881706e-03,    2.540093e-01,    4.505320e-01,    4.077822e-02,   -9.767569e-01,    1.598400e-01,    3.069700e-02,   -2.035000e-01,   -2.642100e-02,    3.000000e-02,    3.000000e-02,    3.000000e-02,    3.000000e-02,
      1002,    2.511800e+02,    1.367423e-01,    3.872145e-02,   -1.946288e-01,   -2.628010e-02,    1.372555e-01,    4.127517e-01,    4.099600e-01,   -9.088632e-01,    1.408600e-01,    5.110400e-02,   -1.823300e-01,   -5.354600e-02,    3.000000e-02,    3.000000e-02,    3.000000e-02,    3.000000e-02,
      1002,    3.981000e+02,    1.134325e-01,    4.951416e-02,   -1.730043e-01,   -4.469811e-02,    5.325076e-02,    3.832279e-01,    6.024779e-01,   -8.336962e-01,    1.150300e-01,    6.101100e-02,   -1.549300e-01,   -6.970900e-02,    3.000000e-02,    3.000000e-02,    3.000000e-02,    3.000000e-02,
      1002,    6.309500e+02,    9.053925e-02,    4.959317e-02,   -1.483287e-01,   -5.068843e-02,   -2.053084e-01,    5.135943e-01,    7.159561e-01,   -9.500522e-01,    8.438000e-02,    6.500100e-02,   -1.268500e-01,   -7.919000e-02,    3.000000e-02,    3.000000e-02,    3.000000e-02,    3.000000e-02,
      1002,    1.000000e+03,    7.248307e-02,    4.419884e-02,   -1.267799e-01,   -4.836136e-02,   -5.188022e-01,    6.114386e-01,    8.386643e-01,   -9.866547e-01,    5.691900e-02,    6.254200e-02,   -1.016200e-01,   -7.796100e-02,    3.000000e-02,    3.000000e-02,    3.000000e-02,    3.000000e-02,
      1003,    1.000000e+02,    8.198635e-02,   -2.457365e-02,   -1.289099e-01,    9.925693e-03,    9.121216e-01,    4.124885e-01,   -3.366694e-01,    1.648436e-01,    1.093500e-01,   -1.219900e-02,   -1.390100e-01,    1.487100e-02,    3.000000e-02,    3.000000e-02,    3.000000e-02,    3.000000e-02,
      1003,    1.584800e+02,    9.055443e-02,   -1.408094e-02,   -1.257786e-01,   -9.555636e-03,    9.051856e-01,    4.353614e-01,   -3.377150e-01,   -1.134455e-01,    1.177100e-01,   -1.020100e-03,   -1.359100e-01,   -1.295900e-02,    3.000000e-02,    3.000000e-02,    3.000000e-02,    3.000000e-02,
      1003,    2.511800e+02,    9.468050e-02,   -1.986201e-03,   -1.159447e-01,   -2.254905e-02,    5.059832e-01,    4.535734e-01,   -2.178418e-01,   -2.805316e-01,    1.098600e-01,    1.162100e-02,   -1.224800e-01,   -3.096500e-02,    3.000000e-02,    3.000000e-02,    3.000000e-02,    3.000000e-02,
      1003,    3.981000e+02,    9.267690e-02,    1.126287e-02,   -1.039810e-01,   -3.065267e-02,    3.427700e-01,    3.696376e-01,   -2.596510e-02,   -4.002112e-01,    1.029600e-01,    2.235200e-02,   -1.047600e-01,   -4.265900e-02,    3.000000e-02,    3.000000e-02,    3.000000e-02,    3.000000e-02,
      1003,    6.309500e+02,    8.414158e-02,    2.220836e-02,   -9.087996e-02,   -3.569941e-02,    2.780805e-01,    2.649213e-01,    7.829852e-02,   -5.363529e-01,    9.248400e-02,    3.015600e-02,   -8.853100e-02,   -5.179000e-02,    3.000000e-02,    3.000000e-02,    3.000000e-02,    3.000000e-02,
      1003,    1.000000e+03,    7.171053e-02,    2.834008e-02,   -7.691345e-02,   -3.804680e-02,    1.768822e-01,    1.925306e-01,    3.784149e-01,   -6.879066e-01,    7.701700e-02,    3.411600e-02,   -6.556100e-02,   -5.868400e-02,    3.000000e-02,    3.000000e-02,    3.000000e-02,    3.000000e-02,
      1004,    1.000000e+02,   -4.693366e-02,    1.345533e-02,    1.798125e-01,    1.399355e-01,   -6.978113e-01,    2.420223e-01,    8.062490e-01,   -3.138487e-01,   -6.786800e-02,    2.071600e-02,    2.040000e-01,    1.305200e-01,    3.000000e-02,    3.000000e-02,    3.000000e-02,    3.000000e-02,
      1004,    1.584800e+02,   -5.059579e-02,    1.779910e-02,    1.442978e-01,    1.255052e-01,   -4.994405e-01,   -2.097367e-01,    7.957410e-01,    5.349469e-02,   -6.557900e-02,    1.150700e-02,    1.681700e-01,    1.271100e-01,    3.000000e-02,    3.000000e-02,    3.000000e-02,    3.000000e-02,
      1004,    2.511800e+02,   -5.791965e-02,    2.063763e-02,    1.133955e-01,    1.176398e-01,   -8.081162e-02,   -3.591278e-01,    7.051485e-01,    1.696719e-01,   -6.034400e-02,    9.863800e-03,    1.345500e-01,    1.227300e-01,    3.000000e-02,    3.000000e-02,    3.000000e-02,    3.000000e-02,
      1004,    3.981000e+02,   -6.661491e-02,    2.079918e-02,    8.160327e-02,    1.144009e-01,    1.837304e-01,   -7.666893e-01,    6.005244e-01,    1.513022e-01,   -6.110300e-02,   -2.201500e-03,    9.961900e-02,    1.189400e-01,    3.000000e-02,    3.000000e-02,    3.000000e-02,    3.000000e-02,
      1004,    6.309500e+02,   -7.488097e-02,    1.818104e-02,    4.725746e-02,    1.117168e-01,    2.299915e-02,   -5.523348e-01,    4.300179e-01,    3.587747e-01,   -7.419100e-02,    1.611000e-03,    6.015800e-02,    1.224800e-01,    3.000000e-02,    3.000000e-02,    3.000000e-02,    3.000000e-02,
      1004,    1.000000e+03,   -8.156951e-02,    1.350661e-02,    1.126977e-02,    1.062243e-01,    4.858355e-02,    1.453713e+00,   -1.467359e+00,   -1.668097e-01,   -8.011200e-02,    5.711800e-02,   -3.275100e-02,    1.012200e-01,    3.000000e-02,    3.000000e-02,    3.000000e-02,    3.000000e-02,
      1005,    1.000000e+02,    1.406565e-02,    4.425249e-02,    1.129320e-01,    5.093694e-02,    6.324118e-01,    7.951502e-01,    3.952652e-01,    2.491020e-01,    3.303800e-02,    6.810700e-02,    1.247900e-01,    5.841000e-02,    3.000000e-02,    3.000000e-02,    3.000000e-02,    3.000000e-02,
      1005,    1.584800e+02,   -2.554259e-03,    4.222858e-02,    8.965916e-02,    6.047254e-02,    5.542420e-01,    1.132514e+00,    1.005612e-01,    5.992152e-01,    1.407300e-02,    7.620400e-02,    9.267600e-02,    7.844900e-02,    3.000000e-02,    3.000000e-02,    3.000000e-02,    3.000000e-02,
      1005,    2.511800e+02,   -1.628298e-02,    3.528840e-02,    6.365382e-02,    6.367326e-02,    1.875995e-01,    1.630853e+00,   -1.587939e-01,    8.649912e-01,   -1.065500e-02,    8.421400e-02,    5.889000e-02,    8.962300e-02,    3.000000e-02,    3.000000e-02,    3.000000e-02,    3.000000e-02,
      1005,    3.981000e+02,   -2.588229e-02,    2.766298e-02,    3.798881e-02,    5.860149e-02,   -5.447570e-01,    2.020301e+00,   -3.912938e-01,    1.158717e+00,   -4.222500e-02,    8.827200e-02,    2.625000e-02,    9.336300e-02,    3.000000e-02,    3.000000e-02,    3.000000e-02,    3.000000e-02,
      1005,    6.309500e+02,   -3.277539e-02,    2.027267e-02,    1.804872e-02,    4.679840e-02,   -1.466087e+00,    2.337211e+00,   -7.100073e-01,    1.430287e+00,   -7.675800e-02,    9.038900e-02,   -3.251500e-03,    8.970700e-02,    3.000000e-02,    3.000000e-02,    3.000000e-02,    3.000000e-02,
      1005,    1.000000e+03,   -3.684495e-02,    1.296863e-02,    6.105452e-03,    3.319196e-02,   -2.478502e+00,    2.233812e+00,   -1.608582e+00,    1.461001e+00,   -1.112000e-01,    7.998300e-02,   -4.215200e-02,    7.702200e-02,    3.000000e-02,    3.000000e-02,    3.000000e-02,    3.000000e-02,
      1006,    1.000000e+02,   -2.766112e-02,    3.191051e-02,   -5.895873e-03,   -1.924143e-02,    4.849040e-01,   -5.176504e-01,    2.583243e-02,    7.682576e-01,   -1.311400e-02,    1.638100e-02,   -5.120900e-03,    3.806300e-03,    3.000000e-02,    3.000000e-02,    3.000000e-02,    3.000000e-02,
      1006,    1.584800e+02,   -3.334801e-02,    1.967181e-02,    4.653021e-03,   -2.063472e-02,    4.676003e-01,   -1.407270e-01,   -1.424644e-01,    6.610389e-01,   -1.932000e-02,    1.545000e-02,    3.790900e-04,   -8.035500e-04,    3.000000e-02,    3.000000e-02,    3.000000e-02,    3.000000e-02,
      1006,    2.511800e+02,   -3.221446e-02,    1.213123e-02,    1.271011e-02,   -1.846522e-02,    1.134487e-01,    2.879222e-02,   -1.574303e-01,    4.992239e-01,   -2.881100e-02,    1.299500e-02,    7.987200e-03,   -3.488500e-03,    3.000000e-02,    3.000000e-02,    3.000000e-02,    3.000000e-02,
      1006,    3.981000e+02,   -2.874889e-02,    1.220641e-02,    1.680580e-02,   -1.553890e-02,   -3.025037e-01,   -2.367203e-01,    2.150663e-02,    4.838100e-01,   -3.782400e-02,    5.104800e-03,    1.745100e-02,   -1.024600e-03,    3.000000e-02,    3.000000e-02,    3.000000e-02,    3.000000e-02,
      1006,    6.309500e+02,   -2.853364e-02,    1.930142e-02,    1.794030e-02,   -1.561521e-02,   -2.996453e-01,   -9.459040e-01,    2.644900e-01,    8.700070e-01,   -3.752300e-02,   -9.075700e-03,    2.587500e-02,    1.048500e-02,    3.000000e-02,    3.000000e-02,    3.000000e-02,    3.000000e-02,
      1006,    1.000000e+03,   -3.493137e-02,    2.905832e-02,    1.972114e-02,   -2.011624e-02,    1.165791e-01,   -1.732677e+00,    4.074618e-01,    1.592041e+00,   -3.143400e-02,   -2.292200e-02,    3.194500e-02,    2.764500e-02,    3.000000e-02,    3.000000e-02,    3.000000e-02,    3.000000e-02,
      1007,    1.000000e+02,   -5.610366e-02,   -3.518765e-02,    2.446874e-02,    8.524282e-02,   -1.754115e-01,    2.219215e-01,    1.164421e-01,   -3.961941e-01,   -6.136600e-02,   -2.853000e-02,    2.796200e-02,    7.335700e-02,    3.000000e-02,    3.000000e-02,    3.000000e-02,    3.000000e-02,
      1007,    1.584800e+02,   -3.957719e-02,   -3.431500e-02,   -1.004735e-02,    7.165446e-02,   -2.167270e-01,    1.379335e-01,    2.882050e-01,   -1.528153e-01,   -4.607900e-02,   -3.017700e-02,   -1.401200e-03,    6.707000e-02,    3.000000e-02,    3.000000e-02,    3.000000e-02,    3.000000e-02,
      1007,    2.511800e+02,   -2.543435e-02,   -2.640264e-02,   -3.300716e-02,    4.784950e-02,   -2.058218e-01,    3.038810e-02,    2.343719e-01,    1.360168e-01,   -3.160900e-02,   -2.549100e-02,   -2.597600e-02,    5.193000e-02,    3.000000e-02,    3.000000e-02,    3.000000e-02,    3.000000e-02,
      1007,    3.981000e+02,   -1.897131e-02,   -1.478451e-02,   -3.963447e-02,    2.356186e-02,   -1.042230e-01,   -1.584977e-02,   -3.605107e-02,    2.627713e-01,   -2.209800e-02,   -1.526000e-02,   -4.071600e-02,    3.144500e-02,    3.000000e-02,    3.000000e-02,    3.000000e-02,    3.000000e-02,
      1007,    6.309500e+02,   -1.946465e-02,   -6.613736e-03,   -3.580764e-02,    8.673443e-03,   -4.845039e-03,    7.288452e-02,   -2.955788e-01,    1.245519e-01,   -1.961000e-02,   -4.427200e-03,   -4.467500e-02,    1.241000e-02,    3.000000e-02,    3.000000e-02,    3.000000e-02,    3.000000e-02,
      1007,    1.000000e+03,   -2.111783e-02,   -3.260087e-03,   -3.036858e-02,    2.389925e-03,   -2.767240e-02,    2.443762e-01,   -3.501808e-01,   -1.593575e-01,   -2.194800e-02,    4.071200e-03,   -4.087400e-02,   -2.390800e-03,    3.000000e-02,    3.000000e-02,    3.000000e-02,    3.000000e-02,
      1008,    1.000000e+02,    6.897914e-02,    2.869722e-02,   -5.442759e-02,   -2.339692e-02,   -3.325714e-01,    4.231258e-01,    5.831197e-01,   -6.490692e-01,    5.900200e-02,    4.139100e-02,   -3.693400e-02,   -4.286900e-02,    3.000000e-02,    3.000000e-02,    3.000000e-02,    3.000000e-02,
      1008,    1.584800e+02,    5.183177e-02,    5.370030e-02,   -5.069204e-02,   -3.404518e-02,    1.511077e-01,    6.496901e-01,    4.502679e-01,    1.723937e-02,    5.636500e-02,    7.319100e-02,   -3.718400e-02,   -3.352800e-02,    3.000000e-02,    3.000000e-02,    3.000000e-02,    3.000000e-02,
      1008,    2.511800e+02,    2.336489e-02,    6.394524e-02,   -3.604873e-02,   -4.505024e-02,    7.034121e-05,    7.613254e-01,   -1.856422e-01,    9.394125e-02,    2.336700e-02,    8.678500e-02,   -4.161800e-02,   -4.223200e-02,    3.000000e-02,    3.000000e-02,    3.000000e-02,    3.000000e-02,
      1008,    3.981000e+02,   -2.833092e-03,    6.358686e-02,   -1.741368e-02,   -4.978993e-02,   -5.307636e-01,    1.019905e+00,   -1.025211e+00,   -3.713355e-01,   -1.875600e-02,    9.418400e-02,   -4.817000e-02,   -6.093000e-02,    3.000000e-02,    3.000000e-02,    3.000000e-02,    3.000000e-02,
      1008,    6.309500e+02,   -2.606633e-02,    5.883845e-02,    1.327215e-03,   -5.042103e-02,   -8.624889e-01,    6.777517e-01,   -8.955405e-01,   -1.509966e+00,   -5.194100e-02,    7.917100e-02,   -2.553900e-02,   -9.572000e-02,    3.000000e-02,    3.000000e-02,    3.000000e-02,    3.000000e-02,
      1008,    1.000000e+03,   -4.665188e-02,    4.986656e-02,    1.947137e-02,   -4.734796e-02,   -6.680372e-01,    4.350812e-01,    2.279210e-01,   -2.074735e+00,   -6.669300e-02,    6.291900e-02,    2.630900e-02,   -1.095900e-01,    3.000000e-02,    3.000000e-02,    3.000000e-02,    3.000000e-02,
      1010,    1.000000e+02,   -9.260552e-02,    1.237592e-02,    1.891273e-02,    3.453224e-02,    2.298839e-01,    1.029693e-01,   -4.348343e-01,   -2.394748e-01,   -8.570900e-02,    1.546500e-02,    5.867700e-03,    2.734800e-02,    3.000000e-02,    3.000000e-02,    3.000000e-02,    3.000000e-02,
      1010,    1.584800e+02,   -7.612561e-02,   -1.558942e-02,    5.879667e-03,    3.151883e-02,    2.110869e-01,   -1.546526e-01,   -2.677589e-01,   -1.527276e-01,   -6.979300e-02,   -2.022900e-02,   -2.153100e-03,    2.693700e-02,    3.000000e-02,    3.000000e-02,    3.000000e-02,    3.000000e-02,
      1010,    2.511800e+02,   -5.672297e-02,   -2.652745e-02,   -4.323529e-03,    2.537773e-02,    2.863323e-01,   -2.103515e-01,   -3.338157e-01,   -1.227576e-01,   -4.813300e-02,   -3.283800e-02,   -1.433800e-02,    2.169500e-02,    3.000000e-02,    3.000000e-02,    3.000000e-02,    3.000000e-02,
      1010,    3.981000e+02,   -4.118487e-02,   -2.804212e-02,   -1.076436e-02,    1.865215e-02,    3.098289e-01,   -1.187627e-01,   -3.462881e-01,   -2.211051e-01,   -3.189000e-02,   -3.160500e-02,   -2.115300e-02,    1.201900e-02,    3.000000e-02,    3.000000e-02,    3.000000e-02,    3.000000e-02,
      1010,    6.309500e+02,   -2.991792e-02,   -2.588068e-02,   -1.441074e-02,    1.289261e-02,    3.025307e-01,    3.468925e-02,   -3.087419e-01,   -3.409504e-01,   -2.084200e-02,   -2.484000e-02,   -2.367300e-02,    2.664100e-03,    3.000000e-02,    3.000000e-02,    3.000000e-02,    3.000000e-02,
      1010,    1.000000e+03,   -2.183217e-02,   -2.275955e-02,   -1.617617e-02,    8.361271e-03,    2.747722e-01,    7.684848e-03,   -4.199439e-02,   -3.441757e-01,   -1.358900e-02,   -2.252900e-02,   -1.743600e-02,   -1.964000e-03,    3.000000e-02,    3.000000e-02,    3.000000e-02,    3.000000e-02,
      1011,    1.000000e+02,    5.211719e-02,    4.486331e-02,   -2.978499e-03,   -2.247852e-02,    6.753936e-01,    1.992289e-02,   -5.582500e-01,   -5.862159e-01,    7.237900e-02,    4.546100e-02,   -1.972600e-02,   -4.006500e-02,    3.000000e-02,    3.000000e-02,    3.000000e-02,    3.000000e-02,
      1011,    1.584800e+02,    4.394402e-02,    3.260965e-02,    3.452271e-03,   -2.547042e-02,    6.850325e-01,    3.917785e-01,    3.059576e-01,   -3.321194e-01,    6.449500e-02,    4.436300e-02,    1.263100e-02,   -3.543400e-02,    3.000000e-02,    3.000000e-02,    3.000000e-02,    3.000000e-02,
      1011,    2.511800e+02,    3.938861e-02,    2.533465e-02,    1.461663e-02,   -2.584752e-02,    4.218464e-01,    6.031450e-01,    3.488790e-01,   -6.798159e-01,    5.204400e-02,    4.342900e-02,    2.508300e-02,   -4.624200e-02,    3.000000e-02,    3.000000e-02,    3.000000e-02,    3.000000e-02,
      1011,    3.981000e+02,    3.530863e-02,    2.161053e-02,    2.574226e-02,   -2.092759e-02,    3.319791e-01,    6.856156e-01,    2.178248e-01,   -1.153647e+00,    4.526800e-02,    4.217900e-02,    3.227700e-02,   -5.553700e-02,    3.000000e-02,    3.000000e-02,    3.000000e-02,    3.000000e-02,
      1011,    6.309500e+02,    3.094850e-02,    1.953923e-02,    3.340985e-02,   -1.207036e-02,   -2.616588e-03,    7.382922e-01,    7.370384e-01,   -1.755588e+00,    3.087000e-02,    4.168800e-02,    5.552100e-02,   -6.473800e-02,    3.000000e-02,    3.000000e-02,    3.000000e-02,    3.000000e-02,
      1011,    1.000000e+03,    2.686713e-02,    1.841745e-02,    3.612766e-02,   -1.487877e-03,   -3.051378e-01,    1.051852e+00,    1.877278e+00,   -2.571671e+00,    1.771300e-02,    4.997300e-02,    9.244600e-02,   -7.863800e-02,    3.000000e-02,    3.000000e-02,    3.000000e-02,    3.000000e-02,
      1012,    1.000000e+02,    5.616733e-02,    1.548145e-02,   -1.028311e-02,   -1.020638e-02,   -4.433110e-01,   -2.013183e-01,    2.403304e-01,    4.852528e-01,    4.286800e-02,    9.441900e-03,   -3.073200e-03,    4.351200e-03,    3.000000e-02,    3.000000e-02,    3.000000e-02,    3.000000e-02,
      1012,    1.584800e+02,    5.823022e-02,    9.233334e-03,   -7.706178e-03,   -1.550540e-03,    3.981261e-01,   -5.629611e-01,   -6.059406e-02,    5.210513e-01,    7.017400e-02,   -7.655500e-03,   -9.524000e-03,    1.408100e-02,    3.000000e-02,    3.000000e-02,    3.000000e-02,    3.000000e-02,
      1012,    2.511800e+02,    5.877841e-02,    7.353538e-03,   -9.622538e-03,    4.813082e-03,    4.467531e-01,    3.303487e-01,   -3.194487e-01,    4.832973e-01,    7.218100e-02,    1.726400e-02,   -1.920600e-02,    1.931200e-02,    3.000000e-02,    3.000000e-02,    3.000000e-02,    3.000000e-02,
      1012,    3.981000e+02,    5.675953e-02,    6.482008e-03,   -1.229247e-02,    9.284187e-03,    2.967489e-01,    2.058664e-01,   -2.892510e-01,    6.066271e-01,    6.566200e-02,    1.265800e-02,   -2.097000e-02,    2.748300e-02,    3.000000e-02,    3.000000e-02,    3.000000e-02,    3.000000e-02,
      1012,    6.309500e+02,    5.360405e-02,    3.754858e-03,   -1.544810e-02,    1.383623e-02,   -1.275683e-01,   -2.937153e-01,   -1.827967e-01,    6.342256e-01,    4.977700e-02,   -5.056600e-03,   -2.093200e-02,    3.286300e-02,    3.000000e-02,    3.000000e-02,    3.000000e-02,    3.000000e-02,
      1012,    1.000000e+03,    5.176378e-02,   -1.036129e-03,   -1.972766e-02,    1.868012e-02,   -2.002592e-01,   -4.344624e-01,    1.636221e-01,    1.460295e-01,    4.575600e-02,   -1.407000e-02,   -1.481900e-02,    2.306100e-02,    3.000000e-02,    3.000000e-02,    3.000000e-02,    3.000000e-02,
      1013,    2.511800e+02,   -5.412979e-02,   -4.949364e-02,   -2.748808e-01,   -1.986601e-01,   -7.664735e-01,   -1.831879e+00,   -3.184306e+00,   -2.599664e+00,   -7.712400e-02,   -1.044500e-01,   -3.704100e-01,   -2.766500e-01,    3.000000e-02,    3.000000e-02,    3.000000e-02,    3.000000e-02,
      1013,    3.981000e+02,   -4.235892e-02,   -3.434140e-02,   -2.036625e-01,   -1.900150e-01,   -9.270257e-02,   -1.597253e+00,   -2.090249e+00,   -1.274500e+00,   -4.514000e-02,   -8.225900e-02,   -2.663700e-01,   -2.282500e-01,    3.000000e-02,    3.000000e-02,    3.000000e-02,    3.000000e-02,
      1013,    6.309500e+02,   -3.446857e-02,   -1.966512e-02,   -1.437415e-01,   -1.736559e-01,   -5.378086e-02,   -1.828563e+00,   -2.312949e+00,    5.358632e-01,   -3.608200e-02,   -7.452200e-02,   -2.131300e-01,   -1.575800e-01,    3.000000e-02,    3.000000e-02,    3.000000e-02,    3.000000e-02,
      1013,    1.000000e+03,   -3.126816e-02,   -4.678840e-03,   -9.348442e-02,   -1.554552e-01,    1.253719e-01,   -2.634039e+00,   -3.942853e+00,    2.166372e+00,   -2.750700e-02,   -8.370000e-02,   -2.117700e-01,   -9.046400e-02,    3.000000e-02,    3.000000e-02,    3.000000e-02,    3.000000e-02,
      1014,    1.000000e+02,   -4.683199e-02,    1.771644e-01,   -1.161178e-01,   -1.214930e-03,    4.634662e-01,    4.301865e-01,    9.968935e-01,   -9.075023e-01,   -3.292800e-02,    1.900700e-01,   -8.621100e-02,   -2.844000e-02,    3.000000e-02,    3.000000e-02,    3.000000e-02,    3.000000e-02,
      1014,    1.584800e+02,   -9.912892e-02,    1.470984e-01,   -1.017764e-01,   -2.168412e-02,    4.139740e-02,    4.433879e-01,    1.340213e+00,   -1.414959e-01,   -9.788700e-02,    1.604000e-01,   -6.157000e-02,   -2.592900e-02,    3.000000e-02,    3.000000e-02,    3.000000e-02,    3.000000e-02,
      1014,    2.511800e+02,   -1.370390e-01,    1.172311e-01,   -8.364565e-02,   -3.164582e-02,   -3.003683e-01,   -1.383692e-01,    1.167522e+00,    8.224372e-01,   -1.460500e-01,    1.130800e-01,   -4.862000e-02,   -6.972700e-03,    3.000000e-02,    3.000000e-02,    3.000000e-02,    3.000000e-02,
      1014,    3.981000e+02,   -1.629728e-01,    9.074334e-02,   -6.501900e-02,   -3.217656e-02,   -1.159060e-01,   -8.671115e-01,    3.720000e-01,    1.678985e+00,   -1.664500e-01,    6.473000e-02,   -5.385900e-02,    1.819300e-02,    3.000000e-02,    3.000000e-02,    3.000000e-02,    3.000000e-02,
      1014,    6.309500e+02,   -1.798324e-01,    7.057393e-02,   -5.114859e-02,   -2.425508e-02,    5.540786e-01,   -1.215131e+00,   -7.168472e-01,    1.920203e+00,   -1.632100e-01,    3.412000e-02,   -7.265400e-02,    3.335100e-02,    3.000000e-02,    3.000000e-02,    3.000000e-02,    3.000000e-02,
      1014,    1.000000e+03,   -1.918925e-01,    5.751409e-02,   -4.646188e-02,   -1.406245e-02,    1.219416e+00,   -1.085603e+00,   -1.527371e+00,    1.503448e+00,   -1.553100e-01,    2.494600e-02,   -9.228300e-02,    3.104100e-02,    3.000000e-02,    3.000000e-02,    3.000000e-02,    3.000000e-02,
      1015,    1.000000e+02,   -5.744876e-02,   -1.522993e-02,   -4.054771e-02,    1.108958e-02,    4.931920e-01,   -3.410691e-01,    1.922569e-01,   -6.680927e-01,   -4.265300e-02,   -2.546200e-02,   -3.478000e-02,   -8.953200e-03,    3.000000e-02,    3.000000e-02,    3.000000e-02,    3.000000e-02,
      1015,    1.584800e+02,   -4.585675e-02,   -2.136438e-02,   -4.290622e-02,    3.318486e-03,    5.670584e-01,   -3.075539e-01,    5.149072e-01,   -3.258695e-01,   -2.884500e-02,   -3.059100e-02,   -2.745900e-02,   -6.457600e-03,    3.000000e-02,    3.000000e-02,    3.000000e-02,    3.000000e-02,
      1015,    2.511800e+02,   -3.548741e-02,   -2.460372e-02,   -4.127677e-02,   -1.454826e-03,    6.130137e-01,   -3.001428e-01,    5.956257e-01,    1.989342e-01,   -1.709700e-02,   -3.360800e-02,   -2.340800e-02,    4.513200e-03,    3.000000e-02,    3.000000e-02,    3.000000e-02,    3.000000e-02,
      1015,    3.981000e+02,   -2.552085e-02,   -2.535299e-02,   -3.956776e-02,   -4.131440e-03,   -4.588051e-01,   -5.216002e-01,    2.150586e-01,    4.492280e-01,   -3.928500e-02,   -4.100100e-02,   -3.311600e-02,    9.345400e-03,    3.000000e-02,    3.000000e-02,    3.000000e-02,    3.000000e-02,
      1015,    6.309500e+02,   -1.698851e-02,   -2.428453e-02,   -3.785284e-02,   -6.975101e-03,   -1.462850e+00,   -1.019782e+00,   -1.148572e+00,   -1.289966e-01,   -6.087400e-02,   -5.487800e-02,   -7.231000e-02,   -1.084500e-02,    3.000000e-02,    3.000000e-02,    3.000000e-02,    3.000000e-02,
      1016,    1.000000e+02,   -1.427246e-01,    5.809784e-02,   -1.452049e-02,   -3.214821e-02,    8.141534e-01,    5.395052e-01,    2.614978e-02,    2.090403e-01,   -1.183000e-01,    7.428300e-02,   -1.373600e-02,   -2.587700e-02,    3.000000e-02,    3.000000e-02,    3.000000e-02,    3.000000e-02,
      1016,    1.584800e+02,   -1.496170e-01,    3.021280e-02,    1.759356e-03,   -3.264656e-02,    1.323901e+00,    6.426734e-01,   -2.466119e-01,    4.150520e-01,   -1.099000e-01,    4.949300e-02,   -5.639000e-03,   -2.019500e-02,    3.000000e-02,    3.000000e-02,    3.000000e-02,    3.000000e-02,
      1016,    2.511800e+02,   -1.502211e-01,    8.934099e-03,    1.403535e-02,   -2.817327e-02,    4.467034e-01,    6.753003e-02,   -7.327833e-02,    4.325424e-01,   -1.368200e-01,    1.096000e-02,    1.183700e-02,   -1.519700e-02,    3.000000e-02,    3.000000e-02,    3.000000e-02,    3.000000e-02,
      1016,    3.981000e+02,   -1.461694e-01,   -8.663748e-03,    2.255400e-02,   -2.278640e-02,   -1.448354e+00,   -9.216417e-01,    1.215667e-01,    2.598800e-01,   -1.896200e-01,   -3.631300e-02,    2.620100e-02,   -1.499000e-02,    3.000000e-02,    3.000000e-02,    3.000000e-02,    3.000000e-02,
      1016,    6.309500e+02,   -1.373693e-01,   -2.313231e-02,    2.878055e-02,   -1.734056e-02,   -1.214022e+00,   -3.755564e-01,   -7.415166e-02,    1.416520e-01,   -1.737900e-01,   -3.439900e-02,    2.655600e-02,   -1.309100e-02,    3.000000e-02,    3.000000e-02,    3.000000e-02,    3.000000e-02,
      1016,    1.000000e+03,   -1.243491e-01,   -3.395510e-02,    3.283332e-02,   -1.177525e-02,   -8.133626e-01,    8.613682e-02,   -1.905108e-01,    5.627495e-02,   -1.487500e-01,   -3.137100e-02,    2.711800e-02,   -1.008700e-02,    3.000000e-02,    3.000000e-02,    3.000000e-02,    3.000000e-02,
      1017,    1.000000e+02,    1.510709e-01,   -2.420929e-02,    2.773781e-01,   -4.845062e-02,   -2.160284e-01,   -6.283904e-01,   -7.660355e-02,   -3.888461e-01,    1.445900e-01,   -4.306100e-02,    2.750800e-01,   -6.011600e-02,    3.000000e-02,    3.000000e-02,    3.000000e-02,    3.000000e-02,
      1017,    1.584800e+02,    1.579551e-01,   -1.683313e-02,    2.884179e-01,   -1.740153e-02,   -3.583603e-02,   -4.050956e-01,    2.400685e-01,   -4.156822e-01,    1.568800e-01,   -2.898600e-02,    2.956200e-01,   -2.987200e-02,    3.000000e-02,    3.000000e-02,    3.000000e-02,    3.000000e-02,
      1017,    2.511800e+02,    1.642486e-01,   -8.046146e-03,    2.883259e-01,    1.256468e-02,    1.727142e-01,   -8.562848e-02,    1.291371e-01,   -4.187329e-01,    1.694300e-01,   -1.061500e-02,    2.922000e-01,    2.689400e-06,    3.000000e-02,    3.000000e-02,    3.000000e-02,    3.000000e-02,
      1017,    3.981000e+02,    1.691333e-01,    4.261795e-03,    2.792920e-01,    4.111915e-02,    4.168914e-01,    2.450735e-01,   -1.140654e-01,   -6.522051e-01,    1.816400e-01,    1.161400e-02,    2.758700e-01,    2.155300e-02,    3.000000e-02,    3.000000e-02,    3.000000e-02,    3.000000e-02,
      1017,    6.309500e+02,    1.700022e-01,    2.186477e-02,    2.613056e-01,    6.921075e-02,    6.635941e-01,    3.643076e-01,    5.414692e-02,   -1.329292e+00,    1.899100e-01,    3.279400e-02,    2.629300e-01,    2.933200e-02,    3.000000e-02,    3.000000e-02,    3.000000e-02,    3.000000e-02,
      1017,    1.000000e+03,    1.625266e-01,    4.452245e-02,    2.325927e-01,    9.563379e-02,   -3.988633e-02,    1.158851e-01,    1.368243e+00,   -2.326393e+00,    1.613300e-01,    4.799900e-02,    2.736400e-01,    2.584200e-02,    3.000000e-02,    3.000000e-02,    3.000000e-02,    3.000000e-02,
      1018,    1.000000e+02,   -1.700370e-02,   -3.137087e-02,   -8.293670e-02,    4.160325e-02,   -4.508435e-01,    2.573624e-01,    1.074957e+00,   -5.207494e-02,   -3.052900e-02,   -2.365000e-02,   -5.068800e-02,    4.004100e-02,    3.000000e-02,    3.000000e-02,    3.000000e-02,    3.000000e-02,
      1018,    1.584800e+02,   -9.223422e-04,   -3.657941e-02,   -1.036593e-01,    3.844465e-02,   -5.780886e-01,    2.593803e-01,    9.138441e-01,    3.113449e-01,   -1.826500e-02,   -2.879800e-02,   -7.624400e-02,    4.778500e-02,    3.000000e-02,    3.000000e-02,    3.000000e-02,    3.000000e-02,
      1018,    2.511800e+02,    1.638771e-02,   -3.424248e-02,   -1.232608e-01,    2.416213e-02,   -6.715438e-01,    2.228494e-01,    5.573594e-01,    4.373958e-01,   -3.758600e-03,   -2.755700e-02,   -1.065400e-01,    3.728400e-02,    3.000000e-02,    3.000000e-02,    3.000000e-02,    3.000000e-02,
      1018,    3.981000e+02,    2.980373e-02,   -2.558861e-02,   -1.324851e-01,   -9.576542e-05,    3.867560e-02,    3.771537e-01,   -1.708305e-01,   -3.515745e-01,    3.096400e-02,   -1.427400e-02,   -1.376100e-01,   -1.064300e-02,    3.000000e-02,    3.000000e-02,    3.000000e-02,    3.000000e-02,
      1018,    6.309500e+02,    3.711459e-02,   -1.430884e-02,   -1.269311e-01,   -2.607258e-02,    2.314180e+00,    7.365180e-01,   -2.976965e+00,   -1.573714e+00,    1.065400e-01,    7.786700e-03,   -2.162400e-01,   -7.328400e-02,    3.000000e-02,    3.000000e-02,    3.000000e-02,    3.000000e-02,
      1018,    1.000000e+03,    3.884692e-02,   -3.351894e-03,   -1.096334e-01,   -4.626936e-02,    3.776769e+00,    5.740631e-01,   -4.726221e+00,   -2.119021e+00,    1.521500e-01,    1.387000e-02,   -2.514200e-01,   -1.098400e-01,    3.000000e-02,    3.000000e-02,    3.000000e-02,    3.000000e-02,
      1019,    3.981000e+02,   -2.659898e-01,   -4.248309e-02,    1.658853e-01,    6.844982e-03,   -2.400604e-02,   -3.603564e+00,   -2.720478e+00,    2.235006e-01,   -2.667100e-01,   -1.505900e-01,    8.427100e-02,    1.355000e-02,    3.000000e-02,    3.000000e-02,    3.000000e-02,    3.000000e-02,
      1019,    6.309500e+02,   -2.429506e-01,   -4.522061e-02,    1.594952e-01,    1.048594e-02,   -8.403140e-01,   -2.813980e+00,    2.064827e+00,   -7.891314e-01,   -2.681600e-01,   -1.296400e-01,    2.214400e-01,   -1.318800e-02,    3.000000e-02,    3.000000e-02,    3.000000e-02,    3.000000e-02,
      1020,    1.000000e+02,   -9.861370e-02,   -1.057064e-02,   -3.705504e-02,    9.710874e-03,    9.651567e-01,    9.532546e-01,    1.917014e-01,   -2.776558e-01,   -6.965900e-02,    1.802700e-02,   -3.130400e-02,    1.381200e-03,    3.000000e-02,    3.000000e-02,    3.000000e-02,    3.000000e-02,
      1020,    1.584800e+02,   -8.490582e-02,   -1.160087e-02,   -3.766744e-02,    4.657295e-03,    3.631606e-01,    1.028996e+00,    2.297479e-01,   -9.713315e-02,   -7.401100e-02,    1.926900e-02,   -3.077500e-02,    1.743300e-03,    3.000000e-02,    3.000000e-02,    3.000000e-02,    3.000000e-02,
      1020,    2.511800e+02,   -7.574280e-02,   -5.094658e-03,   -3.757214e-02,    2.938037e-03,    1.482678e-02,    7.377553e-01,    1.638714e-01,   -3.055123e-02,   -7.529800e-02,    1.703800e-02,   -3.265600e-02,    2.021500e-03,    3.000000e-02,    3.000000e-02,    3.000000e-02,    3.000000e-02,
      1020,    3.981000e+02,   -7.287461e-02,    5.659949e-03,   -3.895207e-02,    1.547051e-03,   -1.681463e-01,    2.671017e-01,    1.545024e-01,   -6.434137e-02,   -7.791900e-02,    1.367300e-02,   -3.431700e-02,   -3.831900e-04,    3.000000e-02,    3.000000e-02,    3.000000e-02,    3.000000e-02,
      1020,    6.309500e+02,   -7.677732e-02,    1.663921e-02,   -4.070123e-02,   -1.377772e-03,   -5.608561e-01,   -2.943137e-01,    2.382743e-01,   -2.272143e-01,   -9.360300e-02,    7.809800e-03,   -3.355300e-02,   -8.194200e-03,    3.000000e-02,    3.000000e-02,    3.000000e-02,    3.000000e-02,
      1020,    1.000000e+03,   -8.502132e-02,    2.492559e-02,   -4.166325e-02,   -6.127543e-03,   -1.112623e+00,   -8.796062e-01,    3.106415e-01,   -4.806152e-01,   -1.184000e-01,   -1.462600e-03,   -3.234400e-02,   -2.054600e-02,    3.000000e-02,    3.000000e-02,    3.000000e-02,    3.000000e-02,
      1021,    1.000000e+02,    1.060487e-01,    1.983698e-02,   -3.959328e-02,    2.147270e-02,    1.820450e-01,    3.010767e+00,   -1.391575e-01,    2.244434e-01,    1.115100e-01,    1.101600e-01,   -4.376800e-02,    2.820600e-02,    3.000000e-02,    3.000000e-02,    3.000000e-02,    3.000000e-02,
      1021,    1.584800e+02,    9.883859e-02,    2.001371e-02,   -4.360991e-02,    1.585186e-02,    1.550469e-01,    2.002310e+00,    1.439707e-02,    3.725380e-01,    1.034900e-01,    8.008300e-02,   -4.317800e-02,    2.702800e-02,    3.000000e-02,    3.000000e-02,    3.000000e-02,    3.000000e-02,
      1021,    2.511800e+02,    9.192480e-02,    1.945168e-02,   -4.630098e-02,    1.218441e-02,   -3.742663e-02,    4.346106e-01,    1.351994e-01,    4.326862e-01,    9.080200e-02,    3.249000e-02,   -4.224500e-02,    2.516500e-02,    3.000000e-02,    3.000000e-02,    3.000000e-02,    3.000000e-02,
      1021,    3.981000e+02,    8.519887e-02,    1.796689e-02,   -4.867259e-02,    9.678596e-03,   -6.859583e-02,   -1.432163e+00,    2.434864e-01,    4.349468e-01,    8.314100e-02,   -2.499800e-02,   -4.136800e-02,    2.272700e-02,    3.000000e-02,    3.000000e-02,    3.000000e-02,    3.000000e-02,
      1021,    6.309500e+02,    7.878188e-02,    1.548854e-02,   -5.110177e-02,    7.566463e-03,    1.624604e+00,   -1.182618e+00,    2.875923e-01,    4.818512e-01,    1.275200e-01,   -1.999000e-02,   -4.247400e-02,    2.202200e-02,    3.000000e-02,    3.000000e-02,    3.000000e-02,    3.000000e-02,
      1021,    1.000000e+03,    7.272257e-02,    1.135193e-02,   -5.323101e-02,    4.865642e-03,    2.334248e+00,   -3.337243e-01,    4.185336e-01,    6.189453e-01,    1.427500e-01,    1.340200e-03,   -4.067500e-02,    2.343400e-02,    3.000000e-02,    3.000000e-02,    3.000000e-02,    3.000000e-02,
      1022,    1.000000e+02,   -4.010789e-03,    2.268552e-02,    5.414759e-02,    1.345681e-02,   -4.863070e-01,   -3.866507e-01,    6.491359e-02,   -3.588971e-01,   -1.860000e-02,    1.108600e-02,    5.609500e-02,    2.689900e-03,    3.000000e-02,    3.000000e-02,    3.000000e-02,    3.000000e-02,
      1022,    1.584800e+02,    1.380408e-03,   -3.693711e-03,    4.613399e-02,    4.170386e-03,   -3.824469e-01,   -4.249430e-01,    3.331002e-01,   -1.736295e-01,   -1.009300e-02,   -1.644200e-02,    5.612700e-02,   -1.038500e-03,    3.000000e-02,    3.000000e-02,    3.000000e-02,    3.000000e-02,
      1022,    2.511800e+02,    1.347119e-02,   -1.781289e-02,    4.740736e-02,   -6.113649e-03,    1.643937e-01,   -5.378703e-01,    2.208879e-01,    1.629783e-01,    1.840300e-02,   -3.394900e-02,    5.403400e-02,   -1.224300e-03,    3.000000e-02,    3.000000e-02,    3.000000e-02,    3.000000e-02,
      1022,    3.981000e+02,    2.485357e-02,   -2.551404e-02,    5.298382e-02,   -1.261167e-02,    8.470811e-01,   -2.933212e-02,   -1.303606e-01,    4.860555e-01,    5.026600e-02,   -2.639400e-02,    4.907300e-02,    1.970000e-03,    3.000000e-02,    3.000000e-02,    3.000000e-02,    3.000000e-02,
      1022,    6.309500e+02,    3.672927e-02,   -3.059942e-02,    6.011738e-02,   -1.630536e-02,    7.082911e-01,    1.195234e+00,   -5.006459e-01,    7.476819e-01,    5.797800e-02,    5.257600e-03,    4.509800e-02,    6.125100e-03,    3.000000e-02,    3.000000e-02,    3.000000e-02,    3.000000e-02,
      1022,    1.000000e+03,    4.921573e-02,   -3.272415e-02,    6.829678e-02,   -1.716779e-02,   -4.900578e-01,    4.262049e-01,   -5.782928e-01,    8.507964e-01,    3.451400e-02,   -1.993800e-02,    5.094800e-02,    8.356100e-03,    3.000000e-02,    3.000000e-02,    3.000000e-02,    3.000000e-02,
      1023,    1.000000e+02,    6.325982e-02,   -5.768737e-03,   -9.143417e-02,    4.532728e-02,   -5.080272e-01,   -1.570421e-01,   -8.442757e-02,   -6.842760e-01,    4.801900e-02,   -1.048000e-02,   -9.396700e-02,    2.479900e-02,    3.000000e-02,    3.000000e-02,    3.000000e-02,    3.000000e-02,
      1023,    1.584800e+02,    6.963733e-02,   -1.409359e-02,   -1.096075e-01,    3.265649e-02,   -4.680444e-01,   -1.878804e-01,   -2.054153e-01,   -5.524831e-01,    5.559600e-02,   -1.973000e-02,   -1.157700e-01,    1.608200e-02,    3.000000e-02,    3.000000e-02,    3.000000e-02,    3.000000e-02,
      1023,    2.511800e+02,    8.036819e-02,   -1.600733e-02,   -1.178112e-01,    1.735879e-02,   -3.915064e-01,   -5.436891e-01,   -9.542944e-01,   -5.028829e-01,    6.862300e-02,   -3.231800e-02,   -1.464400e-01,    2.272300e-03,    3.000000e-02,    3.000000e-02,    3.000000e-02,    3.000000e-02,
      1023,    3.981000e+02,    8.937582e-02,   -1.114373e-02,   -1.183837e-01,    4.521930e-03,    1.859726e-01,   -8.874756e-01,   -1.626544e+00,   -7.700643e-01,    9.495500e-02,   -3.776800e-02,   -1.671800e-01,   -1.858000e-02,    3.000000e-02,    3.000000e-02,    3.000000e-02,    3.000000e-02,
      1023,    6.309500e+02,    9.354366e-02,   -2.637568e-03,   -1.148645e-01,   -4.468146e-03,    1.433878e+00,   -5.833144e-01,   -9.971817e-01,   -1.256028e+00,    1.365600e-01,   -2.013700e-02,   -1.447800e-01,   -4.214900e-02,    3.000000e-02,    3.000000e-02,    3.000000e-02,    3.000000e-02,
      1023,    1.000000e+03,    9.211494e-02,    6.393816e-03,   -1.091652e-01,   -1.007914e-02,    2.343169e+00,   -3.388605e-01,   -3.204943e-01,   -1.434629e+00,    1.624100e-01,   -3.772000e-03,   -1.187800e-01,   -5.311800e-02,    3.000000e-02,    3.000000e-02,    3.000000e-02,    3.000000e-02,
      1024,    1.000000e+02,   -3.543536e-02,    6.584492e-02,    1.339910e-01,    1.945288e-04,   -7.950214e-01,    2.498695e-01,    1.063301e+00,   -8.194176e-01,   -5.928600e-02,    7.334100e-02,    1.658900e-01,   -2.438800e-02,    3.000000e-02,    3.000000e-02,    3.000000e-02,    3.000000e-02,
      1024,    1.584800e+02,   -5.477871e-02,    5.724008e-02,    1.354073e-01,    1.136181e-02,   -2.840764e-01,    3.800307e-01,    7.634247e-01,   -6.655270e-01,   -6.330100e-02,    6.864100e-02,    1.583100e-01,   -8.604000e-03,    3.000000e-02,    3.000000e-02,    3.000000e-02,    3.000000e-02,
      1024,    2.511800e+02,   -7.135682e-02,    4.704780e-02,    1.306383e-01,    2.471288e-02,   -1.128059e-01,    5.933733e-01,    6.963914e-01,   -1.109659e+00,   -7.474100e-02,    6.484900e-02,    1.515300e-01,   -8.576900e-03,    3.000000e-02,    3.000000e-02,    3.000000e-02,    3.000000e-02,
      1024,    3.981000e+02,   -8.448980e-02,    3.571063e-02,    1.189224e-01,    3.748405e-02,   -3.302066e-01,    7.985790e-01,    1.011254e+00,   -1.945468e+00,   -9.439600e-02,    5.966800e-02,    1.492600e-01,   -2.088000e-02,    3.000000e-02,    3.000000e-02,    3.000000e-02,    3.000000e-02,
      1024,    6.309500e+02,   -9.357094e-02,    2.326748e-02,    1.004525e-01,    4.629513e-02,   -6.103020e-01,    1.128251e+00,    2.125583e+00,   -2.993938e+00,   -1.118800e-01,    5.711500e-02,    1.642200e-01,   -4.352300e-02,    3.000000e-02,    3.000000e-02,    3.000000e-02,    3.000000e-02,
      1025,    3.981000e+02,    2.164603e-02,    3.799221e-02,    4.992286e-02,   -2.950085e-02,    4.238990e-01,   -1.835074e+00,    1.447905e+00,    9.833051e-01,    3.436300e-02,   -1.706000e-02,    9.336000e-02,   -1.695700e-06,    3.000000e-02,    3.000000e-02,    3.000000e-02,    3.000000e-02,
      1025,    6.309500e+02,    8.743926e-03,    3.906776e-02,    4.446336e-02,   -4.633092e-03,    7.341358e-01,   -1.771259e+00,    1.461321e+00,    1.285557e-01,    3.076800e-02,   -1.407000e-02,    8.830300e-02,   -7.764200e-04,    3.000000e-02,    3.000000e-02,    3.000000e-02,    3.000000e-02,
      1025,    1.000000e+03,   -3.783224e-03,    3.863757e-02,    3.271114e-02,    6.390202e-03,    1.276441e+00,   -1.585242e+00,    1.911695e+00,   -8.672067e-01,    3.451000e-02,   -8.919700e-03,    9.006200e-02,   -1.962600e-02,    3.000000e-02,    3.000000e-02,    3.000000e-02,    3.000000e-02,
      1026,    1.000000e+02,    4.071024e-03,   -5.068101e-03,    6.988527e-02,   -2.551508e-02,    9.674992e-01,    3.795467e-01,   -4.013425e-01,    5.010359e-01,    3.309600e-02,    6.318300e-03,    5.784500e-02,   -1.048400e-02,    3.000000e-02,    3.000000e-02,    3.000000e-02,    3.000000e-02,
      1026,    1.584800e+02,    1.283567e-02,   -1.181791e-02,    6.862039e-02,    2.761126e-03,    8.490778e-01,    4.229238e-01,    1.694536e-01,   -1.387519e-03,    3.830800e-02,    8.698000e-04,    7.370400e-02,    2.719500e-03,    3.000000e-02,    3.000000e-02,    3.000000e-02,    3.000000e-02,
      1026,    2.511800e+02,    2.070893e-02,   -1.410881e-02,    5.563492e-02,    1.772822e-02,    5.458690e-01,    5.154605e-01,    8.116932e-02,    8.862613e-02,    3.708500e-02,    1.355000e-03,    5.807000e-02,    2.038700e-02,    3.000000e-02,    3.000000e-02,    3.000000e-02,    3.000000e-02,
      1026,    3.981000e+02,    2.693177e-02,   -1.394062e-02,    4.364771e-02,    2.337588e-02,    8.354098e-02,    3.499474e-01,   -1.865236e-01,   -8.599594e-02,    2.943800e-02,   -3.442200e-03,    3.805200e-02,    2.079600e-02,    3.000000e-02,    3.000000e-02,    3.000000e-02,    3.000000e-02,
      1026,    6.309500e+02,    3.155248e-02,   -1.300333e-02,    3.304407e-02,    2.629354e-02,   -3.257494e-01,    6.327776e-02,    1.718644e-01,   -5.815746e-01,    2.178000e-02,   -1.110500e-02,    3.820000e-02,    8.846300e-03,    3.000000e-02,    3.000000e-02,    3.000000e-02,    3.000000e-02,
      1026,    1.000000e+03,    3.510711e-02,   -1.222669e-02,    2.246546e-02,    2.687485e-02,   -7.442038e-01,   -1.397105e-01,   -1.195487e-01,   -1.020392e+00,    1.278100e-02,   -1.641800e-02,    1.887900e-02,   -3.736900e-03,    3.000000e-02,    3.000000e-02,    3.000000e-02,    3.000000e-02,
      1027,    1.000000e+02,   -6.276788e-02,    8.769778e-02,   -1.079819e-01,    6.430318e-02,    1.179863e+00,    2.429406e-01,   -9.539378e-01,   -2.079059e-01,   -2.737200e-02,    9.498600e-02,   -1.366000e-01,    5.806600e-02,    3.000000e-02,    3.000000e-02,    3.000000e-02,    3.000000e-02,
      1027,    1.584800e+02,   -8.644905e-02,    7.736899e-02,   -1.255996e-01,    3.854173e-02,    7.301349e-01,    4.280002e-01,   -6.860118e-01,   -7.222243e-01,   -6.454500e-02,    9.020900e-02,   -1.461800e-01,    1.687500e-02,    3.000000e-02,    3.000000e-02,    3.000000e-02,    3.000000e-02,
      1027,    2.511800e+02,   -1.082261e-01,    6.922751e-02,   -1.337781e-01,    9.432666e-03,    3.694686e-01,    2.994830e-01,   -7.406178e-02,   -8.818889e-01,   -9.714200e-02,    7.821200e-02,   -1.360000e-01,   -1.702400e-02,    3.000000e-02,    3.000000e-02,    3.000000e-02,    3.000000e-02,
      1027,    3.981000e+02,   -1.295806e-01,    5.967060e-02,   -1.292229e-01,   -1.940489e-02,    2.086868e-01,   -1.494532e-01,    4.960973e-01,   -4.781371e-01,   -1.233200e-01,    5.518700e-02,   -1.143400e-01,   -3.374900e-02,    3.000000e-02,    3.000000e-02,    3.000000e-02,    3.000000e-02,
      1027,    6.309500e+02,   -1.478840e-01,    4.657313e-02,   -1.138056e-01,   -4.286556e-02,    4.511342e-01,   -6.352375e-01,    6.258531e-01,    1.692855e-01,   -1.343500e-01,    2.751600e-02,   -9.503000e-02,   -3.778700e-02,    3.000000e-02,    3.000000e-02,    3.000000e-02,    3.000000e-02,
      1027,    1.000000e+03,   -1.602815e-01,    3.102123e-02,   -9.189996e-02,   -5.942262e-02,    9.283839e-01,   -8.651011e-01,    3.375654e-01,    5.399874e-01,   -1.324300e-01,    5.068200e-03,   -8.177300e-02,   -4.322300e-02,    3.000000e-02,    3.000000e-02,    3.000000e-02,    3.000000e-02,
      1028,    1.000000e+02,   -4.486971e-02,    3.418278e-02,   -1.225227e-01,    4.318928e-02,    8.102236e-01,    2.177072e-01,   -5.939105e-01,    3.333242e-01,   -2.056300e-02,    4.071400e-02,   -1.403400e-01,    5.318900e-02,    3.000000e-02,    3.000000e-02,    3.000000e-02,    3.000000e-02,
      1028,    1.584800e+02,   -4.978156e-02,    1.919724e-02,   -1.318511e-01,    2.754231e-02,    4.484520e-01,    5.486588e-01,   -5.492951e-01,    9.348961e-02,   -3.632800e-02,    3.565700e-02,   -1.483300e-01,    3.034700e-02,    3.000000e-02,    3.000000e-02,    3.000000e-02,    3.000000e-02,
      1028,    2.511800e+02,   -4.924554e-02,    9.121714e-03,   -1.362152e-01,    1.237765e-02,   -9.321522e-02,    5.851429e-01,   -1.571616e-01,    1.242116e-01,   -5.204200e-02,    2.667600e-02,   -1.409300e-01,    1.610400e-02,    3.000000e-02,    3.000000e-02,    3.000000e-02,    3.000000e-02,
      1028,    3.981000e+02,   -4.585618e-02,    3.525101e-03,   -1.359074e-01,   -5.166071e-04,   -5.023940e-01,    1.799300e-01,   -1.375238e-02,    3.269302e-01,   -6.092800e-02,    8.923000e-03,   -1.363200e-01,    9.291300e-03,    3.000000e-02,    3.000000e-02,    3.000000e-02,    3.000000e-02,
      1028,    6.309500e+02,   -4.043957e-02,    3.115178e-03,   -1.335727e-01,   -1.144770e-02,   -6.771810e-01,   -6.716726e-01,   -9.357774e-02,    1.011790e+00,   -6.075500e-02,   -1.703500e-02,   -1.363800e-01,    1.890600e-02,    3.000000e-02,    3.000000e-02,    3.000000e-02,    3.000000e-02,
      1028,    1.000000e+03,   -3.582646e-02,    9.868387e-03,   -1.297242e-01,   -2.338384e-02,   -4.475847e-01,   -1.281146e+00,   -5.108604e-01,    1.931128e+00,   -4.925400e-02,   -2.856600e-02,   -1.450500e-01,    3.455000e-02,    3.000000e-02,    3.000000e-02,    3.000000e-02,    3.000000e-02,
      1029,    1.000000e+02,   -3.056865e-02,    2.973907e-02,   -3.148422e-03,   -1.524275e-02,   -2.471783e-01,   -1.317602e+00,   -7.602526e-01,   -7.796415e-01,   -3.798400e-02,   -9.789000e-03,   -2.595600e-02,   -3.863200e-02,    3.000000e-02,    3.000000e-02,    3.000000e-02,    3.000000e-02,
      1029,    1.584800e+02,   -4.059975e-02,    1.992416e-02,   -3.798768e-03,   -2.470722e-02,    3.965249e-01,   -8.699519e-01,   -2.838411e-01,   -4.498593e-01,   -2.870400e-02,   -6.174400e-03,   -1.231400e-02,   -3.820300e-02,    3.000000e-02,    3.000000e-02,    3.000000e-02,    3.000000e-02,
      1029,    2.511800e+02,   -4.459918e-02,    8.277874e-03,    2.218480e-03,   -4.215427e-02,    6.662392e-01,   -2.935991e-01,   -1.843268e-02,    1.577424e-01,   -2.461200e-02,   -5.301000e-04,    1.665500e-03,   -3.742200e-02,    3.000000e-02,    3.000000e-02,    3.000000e-02,    3.000000e-02,
      1029,    3.981000e+02,   -4.287710e-02,   -1.493327e-03,    2.097732e-02,   -6.098997e-02,    6.859034e-01,    1.282942e-01,   -1.345106e-01,    7.695324e-01,   -2.230000e-02,    2.355500e-03,    1.694200e-02,   -3.790400e-02,    3.000000e-02,    3.000000e-02,    3.000000e-02,    3.000000e-02,
      1029,    6.309500e+02,   -3.762924e-02,   -7.807508e-03,    5.026085e-02,   -7.102685e-02,    5.642414e-01,    4.064769e-01,   -5.652952e-01,    1.187662e+00,   -2.070200e-02,    4.386800e-03,    3.330200e-02,   -3.539700e-02,    3.000000e-02,    3.000000e-02,    3.000000e-02,    3.000000e-02,
      1029,    1.000000e+03,   -3.034622e-02,   -9.891875e-03,    7.935017e-02,   -6.866966e-02,   -3.155261e-01,    6.273725e-01,   -1.189739e+00,    1.258022e+00,   -3.981200e-02,    8.929300e-03,    4.365800e-02,   -3.092900e-02,    3.000000e-02,    3.000000e-02,    3.000000e-02,    3.000000e-02,
      1030,    1.000000e+02,   -1.013581e-01,   -2.237274e-02,    1.343909e-01,    4.323258e-03,    5.841374e-01,    1.527225e+00,   -1.445564e+00,   -2.725526e-02,   -8.383400e-02,    2.344400e-02,    9.102400e-02,    3.505600e-03,    3.000000e-02,    3.000000e-02,    3.000000e-02,    3.000000e-02,
      1030,    1.584800e+02,   -8.054886e-02,   -2.315399e-02,    1.173963e-01,    1.700179e-02,   -2.647147e-02,    1.106600e+00,   -1.128843e+00,   -5.641423e-01,   -8.134300e-02,    1.004400e-02,    8.353100e-02,    7.752300e-05,    3.000000e-02,    3.000000e-02,    3.000000e-02,    3.000000e-02,
      1030,    2.511800e+02,   -6.830956e-02,   -1.334610e-02,    1.020625e-01,    1.372160e-02,   -2.324146e-01,    6.187132e-01,   -6.639820e-01,   -7.957533e-01,   -7.528200e-02,    5.215300e-03,    8.214300e-02,   -1.015100e-02,    3.000000e-02,    3.000000e-02,    3.000000e-02,    3.000000e-02,
      1030,    3.981000e+02,   -6.502187e-02,   -2.046901e-03,    9.560606e-02,    3.618232e-03,   -2.786711e-01,    2.847700e-01,   -2.662354e-01,   -8.496411e-01,   -7.338200e-02,    6.496200e-03,    8.761900e-02,   -2.187100e-02,    3.000000e-02,    3.000000e-02,    3.000000e-02,    3.000000e-02,
      1030,    6.309500e+02,   -6.669470e-02,    7.418643e-03,    9.686181e-02,   -6.318546e-03,   -3.278766e-01,    6.578524e-02,   -2.952699e-02,   -7.238151e-01,   -7.653100e-02,    9.392200e-03,    9.597600e-02,   -2.803300e-02,    3.000000e-02,    3.000000e-02,    3.000000e-02,    3.000000e-02,
      1030,    1.000000e+03,   -7.093464e-02,    1.501532e-02,    1.029151e-01,   -1.319915e-02,   -2.463119e-01,   -1.222106e-01,    1.364951e-01,   -4.805618e-01,   -7.832400e-02,    1.134900e-02,    1.070100e-01,   -2.761600e-02,    3.000000e-02,    3.000000e-02,    3.000000e-02,    3.000000e-02,
      1031,    1.000000e+02,   -4.172690e-02,    3.335978e-02,    3.114366e-02,   -2.009115e-02,    2.716633e-01,   -1.863593e-01,   -4.309887e-01,    9.251083e-01,   -3.357700e-02,    2.776900e-02,    1.821400e-02,    7.662100e-03,    3.000000e-02,    3.000000e-02,    3.000000e-02,    3.000000e-02,
      1031,    1.584800e+02,   -4.769320e-02,    1.530578e-02,    3.625811e-02,   -2.202346e-02,    8.622732e-01,   -1.097927e-01,   -2.088705e-01,    4.301055e-01,   -2.182500e-02,    1.201200e-02,    2.999200e-02,   -9.120300e-03,    3.000000e-02,    3.000000e-02,    3.000000e-02,    3.000000e-02,
      1031,    2.511800e+02,   -4.399319e-02,    1.704567e-03,    4.310473e-02,   -2.526750e-02,    1.153416e+00,   -2.417789e-01,    9.067567e-02,   -4.591683e-02,   -9.390700e-03,   -5.548800e-03,    4.582500e-02,   -2.664500e-02,    3.000000e-02,    3.000000e-02,    3.000000e-02,    3.000000e-02,
      1031,    3.981000e+02,   -3.610172e-02,   -3.512062e-03,    5.223632e-02,   -2.782268e-02,    6.325905e-01,    9.896005e-02,    2.056227e-01,    4.539227e-01,   -1.712400e-02,   -5.432600e-04,    5.840500e-02,   -1.420500e-02,    3.000000e-02,    3.000000e-02,    3.000000e-02,    3.000000e-02,
      1031,    6.309500e+02,   -2.974329e-02,   -1.442914e-03,    6.228114e-02,   -2.836599e-02,    1.294286e-02,    2.938871e-01,    5.339621e-01,    1.127850e+00,   -2.935500e-02,    7.373700e-03,    7.830000e-02,    5.469500e-03,    3.000000e-02,    3.000000e-02,    3.000000e-02,    3.000000e-02,
      1031,    1.000000e+03,   -2.778289e-02,    4.412422e-03,    7.180032e-02,   -2.734567e-02,   -6.971702e-01,    5.160526e-01,    1.265323e+00,    2.130956e+00,   -4.869800e-02,    1.989400e-02,    1.097600e-01,    3.658300e-02,    3.000000e-02,    3.000000e-02,    3.000000e-02,    3.000000e-02,
      1032,    1.000000e+02,    2.795440e-02,    8.349843e-02,    2.568704e-02,    1.439083e-04,   -1.814813e+00,   -1.925476e-01,    4.413987e-01,   -3.114997e+00,   -2.649000e-02,    7.772200e-02,    3.892900e-02,   -9.330600e-02,    3.000000e-02,    3.000000e-02,    3.000000e-02,    3.000000e-02,
      1032,    1.584800e+02,   -1.584696e-03,    6.834217e-02,    2.165654e-02,    1.145656e-02,    1.659599e-01,    1.016361e+00,   -1.129585e+00,   -2.115652e+00,    3.394100e-03,    9.883300e-02,   -1.223100e-02,   -5.201300e-02,    3.000000e-02,    3.000000e-02,    3.000000e-02,    3.000000e-02,
      1032,    2.511800e+02,   -2.404115e-02,    4.460543e-02,    1.275804e-02,    1.581793e-02,   -1.887428e+00,   -2.885809e-01,   -1.211935e+00,   -1.488864e+00,   -8.066400e-02,    3.594800e-02,   -2.360000e-02,   -2.884800e-02,    3.000000e-02,    3.000000e-02,    3.000000e-02,    3.000000e-02,
      1032,    3.981000e+02,   -3.166775e-02,    1.683611e-02,    6.839780e-03,    1.577393e-02,   -1.363008e+00,   -4.666736e-01,   -8.646927e-01,   -3.276109e-01,   -7.255800e-02,    2.835900e-03,   -1.910100e-02,    5.945600e-03,    3.000000e-02,    3.000000e-02,    3.000000e-02,    3.000000e-02,
      1032,    6.309500e+02,   -2.592112e-02,   -3.494935e-03,    2.965913e-03,    1.757598e-02,   -1.072829e+00,   -3.049355e-01,   -9.760638e-01,    9.806719e-02,   -5.810600e-02,   -1.264300e-02,   -2.631600e-02,    2.051800e-02,    3.000000e-02,    3.000000e-02,    3.000000e-02,    3.000000e-02,
      1032,    1.000000e+03,   -1.750894e-02,   -1.477587e-02,   -3.082529e-03,    2.065140e-02,   -1.596435e+00,    2.742901e-02,   -1.150382e+00,    6.424200e-01,   -6.540200e-02,   -1.395300e-02,   -3.759400e-02,    3.992400e-02,    3.000000e-02,    3.000000e-02,    3.000000e-02,    3.000000e-02,
      1033,    1.000000e+02,   -7.678147e-02,   -7.819704e-03,   -7.533164e-02,   -1.456736e-02,    1.105822e-01,   -4.468432e-01,   -5.105121e-01,    1.954539e-02,   -7.346400e-02,   -2.122500e-02,   -9.064700e-02,   -1.398100e-02,    3.000000e-02,    3.000000e-02,    3.000000e-02,    3.000000e-02,
      1033,    1.584800e+02,   -7.678766e-02,   -2.084272e-03,   -7.006846e-02,   -1.615031e-02,    2.495886e-01,   -9.680428e-02,   -5.020848e-01,   -5.792309e-02,   -6.930000e-02,   -4.988400e-03,   -8.513100e-02,   -1.788800e-02,    3.000000e-02,    3.000000e-02,    3.000000e-02,    3.000000e-02,
      1033,    2.511800e+02,   -7.725863e-02,    2.471824e-03,   -6.533262e-02,   -1.797712e-02,    1.408210e-01,    1.140659e-01,   -2.422128e-01,   -1.360962e-01,   -7.303400e-02,    5.893800e-03,   -7.259900e-02,   -2.206000e-02,    3.000000e-02,    3.000000e-02,    3.000000e-02,    3.000000e-02,
      1033,    3.981000e+02,   -7.762683e-02,    7.083767e-03,   -6.043792e-02,   -2.060472e-02,   -3.257246e-02,    1.243078e-01,   -5.113589e-02,   -5.260926e-02,   -7.860400e-02,    1.081300e-02,   -6.197200e-02,   -2.218300e-02,    3.000000e-02,    3.000000e-02,    3.000000e-02,    3.000000e-02,
      1033,    6.309500e+02,   -7.810787e-02,    1.331925e-02,   -5.436753e-02,   -2.424024e-02,    3.384957e-01,    5.845844e-02,    9.215101e-02,    6.777412e-01,   -6.795300e-02,    1.507300e-02,   -5.160300e-02,   -3.908000e-03,    3.000000e-02,    3.000000e-02,    3.000000e-02,    3.000000e-02,
      1034,    1.000000e+02,   -1.094201e-01,   -1.215240e-01,   -1.653015e-01,   -1.256013e-01,   -1.696629e-01,   -1.413533e+00,   -8.616150e-01,   -9.482914e-01,   -1.145100e-01,   -1.639300e-01,   -1.911500e-01,   -1.540500e-01,    3.000000e-02,    3.000000e-02,    3.000000e-02,    3.000000e-02,
      1034,    1.584800e+02,   -6.145908e-02,   -1.157911e-01,   -1.059275e-01,   -1.394446e-01,    6.045359e-01,   -1.099296e+00,   -4.520833e-01,   -1.260513e+00,   -4.332300e-02,   -1.487700e-01,   -1.194900e-01,   -1.772600e-01,    3.000000e-02,    3.000000e-02,    3.000000e-02,    3.000000e-02,
      1034,    2.511800e+02,   -2.245769e-02,   -1.025302e-01,   -4.979924e-02,   -1.361270e-01,    1.136323e+00,   -3.896604e-01,   -8.102532e-02,   -1.155768e+00,    1.163200e-02,   -1.142200e-01,   -5.223000e-02,   -1.708000e-01,    3.000000e-02,    3.000000e-02,    3.000000e-02,    3.000000e-02,
      1034,    3.981000e+02,    8.864138e-03,   -8.632911e-02,   -1.732060e-03,   -1.217792e-01,    1.123562e+00,    5.242370e-01,    3.614587e-01,   -6.500263e-01,    4.257100e-02,   -7.060200e-02,    9.111700e-03,   -1.412800e-01,    3.000000e-02,    3.000000e-02,    3.000000e-02,    3.000000e-02,
      1034,    6.309500e+02,    3.392515e-02,   -6.820836e-02,    3.696152e-02,   -1.009577e-01,    3.485950e-01,    7.080454e-01,    5.454826e-01,   -3.070751e-01,    4.438300e-02,   -4.696700e-02,    5.332600e-02,   -1.101700e-01,    3.000000e-02,    3.000000e-02,    3.000000e-02,    3.000000e-02,
      1034,    1.000000e+03,    5.188651e-02,   -4.798511e-02,    6.510892e-02,   -7.668663e-02,   -1.177617e+00,    6.729703e-01,   -2.328638e-01,    1.810542e-01,    1.655800e-02,   -2.779600e-02,    5.812300e-02,   -7.125500e-02,    3.000000e-02,    3.000000e-02,    3.000000e-02,    3.000000e-02,
      1035,    1.000000e+02,   -6.453625e-02,   -2.144457e-02,    1.535802e-01,    6.486818e-02,    6.878749e-01,    1.416524e-01,    6.506601e-01,   -1.604739e+00,   -4.390000e-02,   -1.719500e-02,    1.731000e-01,    1.672600e-02,    3.000000e-02,    3.000000e-02,    3.000000e-02,    3.000000e-02,
      1035,    1.584800e+02,   -5.139384e-02,   -3.708057e-02,    1.197876e-01,    8.149383e-02,    6.004946e-01,   -1.328100e-02,    1.535747e+00,   -7.029277e-01,   -3.337900e-02,   -3.747900e-02,    1.658600e-01,    6.040600e-02,    3.000000e-02,    3.000000e-02,    3.000000e-02,    3.000000e-02,
      1035,    6.309500e+02,    9.010047e-03,   -4.954083e-02,    2.126883e-02,    7.560294e-02,    3.339318e-01,    4.938944e-01,    8.202056e-01,    3.052235e+00,    1.902800e-02,   -3.472400e-02,    4.587500e-02,    1.671700e-01,    3.000000e-02,    3.000000e-02,    3.000000e-02,    3.000000e-02,
      1036,    1.000000e+02,   -7.188617e-02,    1.423407e-01,    1.909667e-01,    3.840447e-02,   -6.436128e+00,    2.065644e+00,    4.044433e-01,    1.373843e-01,   -2.649700e-01,    2.043100e-01,    2.031000e-01,    4.252600e-02,    3.000000e-02,    3.000000e-02,    3.000000e-02,    3.000000e-02,
      1036,    1.584800e+02,   -1.044399e-01,    1.002606e-01,    1.717314e-01,    4.568660e-02,   -2.988337e+00,    1.613128e-01,    1.536953e+00,    9.278013e-02,   -1.940900e-01,    1.051000e-01,    2.178400e-01,    4.847000e-02,    3.000000e-02,    3.000000e-02,    3.000000e-02,    3.000000e-02,
      1036,    2.511800e+02,   -1.174463e-01,    6.986090e-02,    1.524118e-01,    4.602934e-02,    3.928754e-01,   -7.327635e-01,    2.415605e+00,    9.413220e-01,   -1.056600e-01,    4.787800e-02,    2.248800e-01,    7.426900e-02,    3.000000e-02,    3.000000e-02,    3.000000e-02,    3.000000e-02,
      1036,    3.981000e+02,   -1.250519e-01,    5.427974e-02,    1.357000e-01,    4.238952e-02,    1.532098e+00,   -6.540913e-01,    2.739666e+00,    1.633283e+00,   -7.908900e-02,    3.465700e-02,    2.178900e-01,    9.138800e-02,    3.000000e-02,    3.000000e-02,    3.000000e-02,    3.000000e-02,
      1036,    6.309500e+02,   -1.343053e-01,    4.566676e-02,    1.210101e-01,    3.683335e-02,    2.044609e+00,    3.164079e-01,    2.886995e+00,    8.817885e-01,   -7.296700e-02,    5.515900e-02,    2.076200e-01,    6.328700e-02,    3.000000e-02,    3.000000e-02,    3.000000e-02,    3.000000e-02,
      1036,    1.000000e+03,   -1.435939e-01,    3.924982e-02,    1.073871e-01,    2.888622e-02,    2.311796e+00,    4.956727e-01,    2.933762e+00,    1.202726e+00,   -7.424000e-02,    5.412000e-02,    1.954000e-01,    6.496800e-02,    3.000000e-02,    3.000000e-02,    3.000000e-02,    3.000000e-02,
      1037,    1.000000e+02,   -5.599509e-02,    3.564634e-02,   -2.636953e-01,   -8.451804e-02,    7.977697e-01,   -2.296578e+00,    1.193843e+00,   -3.402399e+00,   -3.206200e-02,   -3.325100e-02,   -2.278800e-01,   -1.865900e-01,    3.000000e-02,    3.000000e-02,    3.000000e-02,    3.000000e-02,
      1037,    1.584800e+02,   -4.971619e-02,    1.150647e-02,   -2.070378e-01,   -9.857430e-02,    1.614230e+00,   -1.203816e+00,    1.043926e+00,   -6.721898e-01,   -1.289300e-03,   -2.460800e-02,   -1.757200e-01,   -1.187400e-01,    3.000000e-02,    3.000000e-02,    3.000000e-02,    3.000000e-02,
      1037,    2.511800e+02,   -3.722463e-02,    3.689777e-03,   -1.618114e-01,   -8.037301e-02,    1.930788e+00,    2.613412e-02,    3.030474e-01,    6.301336e-01,    2.069900e-02,    4.473800e-03,   -1.527200e-01,   -6.146900e-02,    3.000000e-02,    3.000000e-02,    3.000000e-02,    3.000000e-02,
      1037,    3.981000e+02,   -2.942176e-02,    1.028079e-02,   -1.456843e-01,   -5.700836e-02,    1.330125e+00,    8.926736e-01,   -7.418553e-01,    5.294787e-01,    1.048200e-02,    3.706100e-02,   -1.679400e-01,   -4.112400e-02,    3.000000e-02,    3.000000e-02,    3.000000e-02,    3.000000e-02,
      1037,    6.309500e+02,   -3.297019e-02,    2.098046e-02,   -1.402537e-01,   -5.072107e-02,   -2.603604e-01,    8.320846e-01,   -1.261545e+00,   -7.818976e-01,   -4.078100e-02,    4.594300e-02,   -1.781000e-01,   -7.417800e-02,    3.000000e-02,    3.000000e-02,    3.000000e-02,    3.000000e-02,
      1037,    1.000000e+03,   -4.179337e-02,    2.739134e-02,   -1.299485e-01,   -5.242402e-02,   -1.557321e+00,    8.027887e-01,   -7.443849e-01,   -6.849326e-01,   -8.851300e-02,    5.147500e-02,   -1.522800e-01,   -7.297200e-02,    3.000000e-02,    3.000000e-02,    3.000000e-02,    3.000000e-02,
      1039,    1.000000e+02,    1.082972e-01,    8.109999e-02,    4.594817e-02,    1.420430e-01,   -6.495725e-01,    1.896707e-02,    3.515943e-01,    2.565104e-03,    8.881000e-02,    8.166900e-02,    5.649600e-02,    1.421200e-01,    3.000000e-02,    3.000000e-02,    3.000000e-02,    3.000000e-02,
      1039,    1.584800e+02,    7.803185e-02,    8.845154e-02,    1.478993e-02,    1.070202e-01,   -4.373282e-01,   -2.171513e-01,    9.650247e-02,    1.183270e-01,    6.491200e-02,    8.193700e-02,    1.768500e-02,    1.105700e-01,    3.000000e-02,    3.000000e-02,    3.000000e-02,    3.000000e-02,
      1039,    2.511800e+02,    4.492610e-02,    8.951160e-02,   -7.044496e-03,    8.188207e-02,   -3.251368e-01,   -6.955339e-02,    7.984652e-02,    8.246450e-02,    3.517200e-02,    8.742500e-02,   -4.649100e-03,    8.435600e-02,    3.000000e-02,    3.000000e-02,    3.000000e-02,    3.000000e-02,
      1039,    3.981000e+02,    1.248650e-02,    8.332343e-02,   -2.526873e-02,    6.058511e-02,   -2.356333e-01,    1.983856e-01,    2.146910e-01,    2.836963e-01,    5.417500e-03,    8.927500e-02,   -1.882800e-02,    6.909600e-02,    3.000000e-02,    3.000000e-02,    3.000000e-02,    3.000000e-02,
      1039,    6.309500e+02,   -1.535450e-02,    7.071258e-02,   -3.749069e-02,    3.977334e-02,   -6.957832e-01,   -9.751943e-02,   -1.824768e-01,    6.599887e-01,   -3.622800e-02,    6.778700e-02,   -4.296500e-02,    5.957300e-02,    3.000000e-02,    3.000000e-02,    3.000000e-02,    3.000000e-02,
      1040,    1.000000e+02,   -7.441336e-02,    4.160864e-02,    8.361361e-02,   -1.508256e-01,   -3.096547e-01,    1.157279e+00,    4.711797e-01,    2.152157e-02,   -8.370300e-02,    7.632700e-02,    9.774900e-02,   -1.501800e-01,    3.000000e-02,    3.000000e-02,    3.000000e-02,    3.000000e-02,
      1040,    1.584800e+02,   -8.586065e-02,    4.079715e-02,    1.194180e-01,   -1.052965e-01,   -3.328116e-01,    1.710328e+00,    3.950678e-01,    2.488234e-02,   -9.584500e-02,    9.210700e-02,    1.312700e-01,   -1.045500e-01,    3.000000e-02,    3.000000e-02,    3.000000e-02,    3.000000e-02,
      1040,    2.511800e+02,   -9.801107e-02,    3.803039e-02,    1.296270e-01,   -7.402867e-02,   -4.396308e-01,    2.768320e+00,    3.531015e-01,    1.279222e-01,   -1.112000e-01,    1.210800e-01,    1.402200e-01,   -7.019100e-02,    3.000000e-02,    3.000000e-02,    3.000000e-02,    3.000000e-02,
      1040,    3.981000e+02,   -1.097787e-01,    3.467472e-02,    1.358099e-01,   -6.294547e-02,   -5.927091e-01,    3.879509e+00,    7.133742e-02,    8.915797e-03,   -1.275600e-01,    1.510600e-01,    1.379500e-01,   -6.267800e-02,    3.000000e-02,    3.000000e-02,    3.000000e-02,    3.000000e-02,
      1040,    6.309500e+02,   -1.203150e-01,    2.887928e-02,    1.454948e-01,   -6.024836e-02,   -3.538348e-01,    5.060357e+00,   -5.661614e-01,   -7.307881e-01,   -1.309300e-01,    1.806900e-01,    1.285100e-01,   -8.217200e-02,    3.000000e-02,    3.000000e-02,    3.000000e-02,    3.000000e-02,
      1040,    1.000000e+03,   -1.266545e-01,    2.298592e-02,    1.561656e-01,   -6.312070e-02,    7.271499e-01,    4.699136e+00,   -1.738520e+00,   -1.500643e+00,   -1.048400e-01,    1.639600e-01,    1.040100e-01,   -1.081400e-01,    3.000000e-02,    3.000000e-02,    3.000000e-02,    3.000000e-02,
      1041,    2.511800e+02,    6.085539e-02,   -1.404004e-02,    1.744475e-01,   -3.099583e-02,    2.139487e+00,   -3.198700e-03,    2.169416e+00,    1.646611e-01,    1.250400e-01,   -1.413600e-02,    2.395300e-01,   -2.605600e-02,    3.000000e-02,    3.000000e-02,    3.000000e-02,    3.000000e-02,
      1041,    3.981000e+02,    6.900600e-02,   -4.102781e-03,    1.833038e-01,   -1.265338e-02,    1.985800e+00,    2.246294e-01,    1.493539e+00,    3.871160e-01,    1.285800e-01,    2.636100e-03,    2.281100e-01,   -1.039900e-03,    3.000000e-02,    3.000000e-02,    3.000000e-02,    3.000000e-02,
      1041,    6.309500e+02,    6.929970e-02,    8.484033e-03,    1.838006e-01,    6.513714e-03,    2.324677e+00,    3.771989e-01,    9.119787e-01,    4.755429e-01,    1.390400e-01,    1.980000e-02,    2.111600e-01,    2.078000e-02,    3.000000e-02,    3.000000e-02,    3.000000e-02,    3.000000e-02,
      1042,    1.000000e+02,    2.182055e-02,    2.586627e-02,   -1.289449e-02,   -5.850014e-03,   -9.541183e-01,   -2.642088e-01,    5.015364e-01,    5.983713e-02,   -6.803000e-03,    1.794000e-02,    2.151600e-03,   -4.054900e-03,    3.000000e-02,    3.000000e-02,    3.000000e-02,    3.000000e-02,
      1042,    1.584800e+02,    6.756086e-03,    3.134074e-02,   -6.622170e-03,   -1.706802e-02,   -5.104029e-01,   -6.058914e-01,    4.763490e-01,    2.266734e-02,   -8.556000e-03,    1.316400e-02,    7.668300e-03,   -1.638800e-02,    3.000000e-02,    3.000000e-02,    3.000000e-02,    3.000000e-02,
      1042,    2.511800e+02,   -8.641264e-03,    2.618333e-02,    6.556655e-03,   -2.087883e-02,   -4.672452e-02,   -5.779809e-01,    3.848448e-01,   -1.255723e-01,   -1.004300e-02,    8.843900e-03,    1.810200e-02,   -2.464600e-02,    3.000000e-02,    3.000000e-02,    3.000000e-02,    3.000000e-02,
      1042,    3.981000e+02,   -1.743428e-02,    1.570723e-02,    1.835650e-02,   -1.558854e-02,    2.095428e-01,   -3.348976e-01,    3.947501e-01,   -4.007152e-01,   -1.114800e-02,    5.660300e-03,    3.019900e-02,   -2.761000e-02,    3.000000e-02,    3.000000e-02,    3.000000e-02,    3.000000e-02,
      1042,    6.309500e+02,   -1.979399e-02,    5.500151e-03,    2.399027e-02,   -5.984206e-03,    3.147663e-01,   -8.927169e-02,    5.424243e-01,   -6.882265e-01,   -1.035100e-02,    2.822000e-03,    4.026300e-02,   -2.663100e-02,    3.000000e-02,    3.000000e-02,    3.000000e-02,    3.000000e-02,
      1043,    1.000000e+02,    1.511103e-01,   -1.533884e-02,    6.227306e-02,   -4.690426e-02,    3.453237e-01,    6.289457e-02,    4.026313e-01,   -5.837913e-01,    1.614700e-01,   -1.345200e-02,    7.435200e-02,   -6.441800e-02,    3.000000e-02,    3.000000e-02,    3.000000e-02,    3.000000e-02,
      1043,    1.584800e+02,    1.516162e-01,    1.389053e-02,    7.771794e-02,   -3.002697e-02,    2.017941e-01,    2.429824e-01,    6.517352e-01,   -7.356765e-02,    1.576700e-01,    2.118000e-02,    9.727000e-02,   -3.223400e-02,    3.000000e-02,    3.000000e-02,    3.000000e-02,    3.000000e-02,
      1043,    2.511800e+02,    1.384095e-01,    4.049876e-02,    8.313589e-02,   -1.132449e-02,    1.473496e-01,    1.792745e-01,    5.209704e-01,    3.174963e-01,    1.428300e-01,    4.587700e-02,    9.876500e-02,   -1.799600e-03,    3.000000e-02,    3.000000e-02,    3.000000e-02,    3.000000e-02,
      1043,    3.981000e+02,    1.147789e-01,    5.922449e-02,    7.959293e-02,    3.817518e-03,    2.704821e-03,    2.242836e-01,    1.517025e-01,    6.337827e-01,    1.148600e-01,    6.595300e-02,    8.414400e-02,    2.283100e-02,    3.000000e-02,    3.000000e-02,    3.000000e-02,    3.000000e-02,
      1043,    6.309500e+02,    8.676283e-02,    6.776825e-02,    7.119597e-02,    1.279233e-02,   -2.053609e-01,    1.469917e-01,   -9.729907e-02,    6.277890e-01,    8.060200e-02,    7.217800e-02,    6.827700e-02,    3.162600e-02,    3.000000e-02,    3.000000e-02,    3.000000e-02,    3.000000e-02,
      1043,    1.000000e+03,    6.004443e-02,    6.812764e-02,    6.168114e-02,    1.599189e-02,    5.446856e-01,    6.902787e-01,   -3.123381e-01,    4.228704e-01,    7.638500e-02,    8.883600e-02,    5.231100e-02,    2.867800e-02,    3.000000e-02,    3.000000e-02,    3.000000e-02,    3.000000e-02,
      1044,    1.000000e+02,   -6.984989e-02,    8.786937e-02,    3.381597e-02,    2.991870e-02,   -1.258004e+00,    4.343543e-01,   -8.189922e-01,    1.018477e+00,   -1.075900e-01,    1.009000e-01,    9.246200e-03,    6.047300e-02,    3.000000e-02,    3.000000e-02,    3.000000e-02,    3.000000e-02,
      1044,    1.584800e+02,   -8.500729e-02,    6.751643e-02,    2.428190e-02,    4.299506e-02,   -2.000757e+00,   -1.524810e-01,   -1.094597e+00,    1.324165e+00,   -1.450300e-01,    6.294200e-02,   -8.556000e-03,    8.272000e-02,    3.000000e-02,    3.000000e-02,    3.000000e-02,    3.000000e-02,
      1044,    2.511800e+02,   -9.489198e-02,    5.772015e-02,    5.721823e-03,    5.364289e-02,   -1.721934e+00,   -2.456384e-01,   -6.400274e-01,    1.063937e+00,   -1.465500e-01,    5.035100e-02,   -1.347900e-02,    8.556100e-02,    3.000000e-02,    3.000000e-02,    3.000000e-02,    3.000000e-02,
      1044,    3.981000e+02,   -1.069447e-01,    5.556773e-02,   -1.587032e-02,    5.734583e-02,   -1.128177e+00,   -2.675578e-01,    3.101079e-02,    7.761055e-01,   -1.407900e-01,    4.754100e-02,   -1.494000e-02,    8.062900e-02,    3.000000e-02,    3.000000e-02,    3.000000e-02,    3.000000e-02,
      1044,    6.309500e+02,   -1.234301e-01,    5.465008e-02,   -3.568796e-02,    5.686227e-02,   -2.746641e-01,   -3.853027e-01,    6.145318e-01,    5.320244e-01,   -1.316700e-01,    4.309100e-02,   -1.725200e-02,    7.282300e-02,    3.000000e-02,    3.000000e-02,    3.000000e-02,    3.000000e-02,
      1044,    1.000000e+03,   -1.413919e-01,    5.074215e-02,   -5.420404e-02,    5.505356e-02,    8.053953e-01,   -4.897384e-01,    1.109735e+00,    1.805480e-01,   -1.172300e-01,    3.605000e-02,   -2.091200e-02,    6.047000e-02,    3.000000e-02,    3.000000e-02,    3.000000e-02,    3.000000e-02,
      1045,    1.000000e+02,   -8.604938e-03,    7.917248e-02,   -3.277012e-01,    5.482425e-02,    2.357998e+00,   -9.031589e-02,   -1.356277e-01,    4.546250e-01,    6.213500e-02,    7.646300e-02,   -3.317700e-01,    6.846300e-02,    3.000000e-02,    3.000000e-02,    3.000000e-02,    3.000000e-02,
      1045,    1.584800e+02,   -2.954665e-02,    7.234607e-02,   -3.364731e-01,    1.019980e-02,    2.063022e+00,    1.571644e-01,   -1.725621e-01,    7.355400e-01,    3.234400e-02,    7.706100e-02,   -3.416500e-01,    3.226600e-02,    3.000000e-02,    3.000000e-02,    3.000000e-02,    3.000000e-02,
      1045,    2.511800e+02,   -5.062540e-02,    6.780134e-02,   -3.266114e-01,   -3.191318e-02,    1.333580e+00,   -6.371137e-02,   -2.332863e-01,    9.397628e-01,   -1.061800e-02,    6.589000e-02,   -3.336100e-01,   -3.720300e-03,    3.000000e-02,    3.000000e-02,    3.000000e-02,    3.000000e-02,
      1045,    3.981000e+02,   -7.204500e-02,    6.065817e-02,   -3.005865e-01,   -6.420917e-02,   -5.693332e-01,   -6.440058e-01,   -1.104506e-01,    1.026972e+00,   -8.912500e-02,    4.133800e-02,   -3.039000e-01,   -3.340000e-02,    3.000000e-02,    3.000000e-02,    3.000000e-02,    3.000000e-02,
      1045,    6.309500e+02,   -8.920879e-02,    5.014649e-02,   -2.658745e-01,   -8.357457e-02,   -4.096374e+00,   -1.233316e+00,    2.908164e-01,    8.776190e-01,   -2.121000e-01,    1.314700e-02,   -2.571500e-01,   -5.724600e-02,    3.000000e-02,    3.000000e-02,    3.000000e-02,    3.000000e-02,
      1045,    1.000000e+03,   -1.000114e-01,    4.047647e-02,   -2.279266e-01,   -9.149829e-02,   -3.227619e+00,   -1.145016e+00,    2.665549e-01,    1.067610e+00,   -1.968400e-01,    6.126000e-03,   -2.199300e-01,   -5.947000e-02,    3.000000e-02,    3.000000e-02,    3.000000e-02,    3.000000e-02,
      1046,    1.000000e+02,   -1.495659e-02,   -5.710262e-02,   -8.002958e-02,    7.803224e-02,   -1.668470e-01,    7.344540e-01,    1.171861e-01,   -2.476081e-01,   -1.996200e-02,   -3.506900e-02,   -7.651400e-02,    7.060400e-02,    3.000000e-02,    3.000000e-02,    3.000000e-02,    3.000000e-02,
      1046,    1.584800e+02,    5.552240e-03,   -3.720592e-02,   -1.002754e-01,    5.547955e-02,   -3.287513e-01,    4.050639e-01,    9.768067e-02,   -1.718183e-01,   -4.310300e-03,   -2.505400e-02,   -9.734500e-02,    5.032500e-02,    3.000000e-02,    3.000000e-02,    3.000000e-02,    3.000000e-02,
      1046,    2.511800e+02,    7.991138e-03,   -1.772423e-02,   -1.069824e-01,    3.496366e-02,   -1.879146e-01,    1.753410e-01,    3.741205e-02,   -1.653888e-01,    2.353700e-03,   -1.246400e-02,   -1.058600e-01,    3.000200e-02,    3.000000e-02,    3.000000e-02,    3.000000e-02,    3.000000e-02,
      1046,    3.981000e+02,    2.369601e-03,   -1.127215e-02,   -1.062788e-01,    2.636431e-02,   -3.625669e-02,    2.780282e-01,    2.329235e-02,   -3.336771e-01,    1.281900e-03,   -2.931300e-03,   -1.055800e-01,    1.635400e-02,    3.000000e-02,    3.000000e-02,    3.000000e-02,    3.000000e-02,
      1046,    6.309500e+02,    1.056727e-03,   -1.341926e-02,   -1.099947e-01,    2.581911e-02,   -1.255142e-01,    4.596687e-01,    2.618246e-01,   -4.996702e-01,   -2.708700e-03,    3.708000e-04,   -1.021400e-01,    1.082900e-02,    3.000000e-02,    3.000000e-02,    3.000000e-02,    3.000000e-02,
      1046,    1.000000e+03,    3.369027e-03,   -1.665648e-02,   -1.165618e-01,    2.452259e-02,   -3.293809e-01,    5.374427e-01,    5.641267e-01,   -4.540862e-01,   -6.512400e-03,   -5.332000e-04,   -9.963800e-02,    1.090000e-02,    3.000000e-02,    3.000000e-02,    3.000000e-02,    3.000000e-02,
