MT,
     StaID,        Freq[Hz],     Re(Zxx)_Cal,     Im(Zxx)_Cal,     Re(Zxy)_Cal,     Im(Zxy)_Cal,     Re(Zyx)_Cal,     Im(Zyx)_Cal,     Re(Zyy)_Cal,     Im(Zyy)_Cal,     Re(Zxx)_Res,     Im(Zxx)_Res,     Re(Zxy)_Res,     Im(Zxy)_Res,     Re(Zyx)_Res,     Im(Zyx)_Res,     Re(Zyy)_Res,     Im(Zyy)_Res,     Re(Zxx)_Obs,     Im(Zxx)_Obs,     Re(Zxy)_Obs,     Im(Zxy)_Obs,     Re(Zyx)_Obs,     Im(Zyx)_Obs,     Re(Zyy)_Obs,     Im(Zyy)_Obs,      Re(Zxx)_SD,      Im(Zxx)_SD,      Re(Zxy)_SD,      Im(Zxy)_SD,      Re(Zyx)_SD,      Im(Zyx)_SD,      Re(Zyy)_SD,      Im(Zyy)_SD,
         1,    1.000000e+02,   -2.104523e-02,    6.564439e-03,    9.542167e-02,   -1.019046e-01,   -1.493023e-01,    1.236020e-01,    5.720926e-02,   -3.712907e-02,    8.162654e-01,    6.189759e-01,    1.774002e-01,    1.116942e-01,   -1.345476e+00,   -5.010048e-01,    9.978327e-01,    8.723437e-02,   -1.479500e-02,    1.130400e-02,    9.690600e-02,   -1.009700e-01,   -1.605600e-01,    1.194100e-01,    7.666700e-02,   -3.542800e-02,    7.657100e-03,    7.657100e-03,    8.367100e-03,    8.367100e-03,    8.367100e-03,    8.367100e-03,    1.950000e-02,    1.950000e-02,
         1,    1.584800e+02,   -2.372093e-02,    5.710659e-03,    1.206042e-01,   -1.339647e-01,   -1.818316e-01,    1.574847e-01,    6.722495e-02,   -4.309191e-02,    4.409873e-01,    1.055643e+00,    4.585750e-01,   -3.160261e-01,   -1.604367e+00,   -4.371874e-01,    9.404158e-01,    3.105911e-01,   -1.917700e-02,    1.658800e-02,    1.255600e-01,   -1.373800e-01,   -1.991700e-01,    1.527600e-01,    8.913100e-02,   -3.585700e-02,    1.030400e-02,    1.030400e-02,    1.080700e-02,    1.080700e-02,    1.080700e-02,    1.080700e-02,    2.329400e-02,    2.329400e-02,
         1,    2.511800e+02,   -2.538164e-02,    4.279881e-03,    1.540470e-01,   -1.744310e-01,   -2.232574e-01,    1.986441e-01,    7.724243e-02,   -5.109709e-02,    2.119265e-01,    1.218806e+00,    3.901154e-01,   -2.548844e-01,   -8.657056e-01,   -7.174682e-01,    7.131585e-01,    8.009611e-01,   -2.268700e-02,    1.977700e-02,    1.592800e-01,   -1.778500e-01,   -2.348700e-01,    1.890200e-01,    9.586300e-02,   -3.018400e-02,    1.271500e-02,    1.271500e-02,    1.341400e-02,    1.341400e-02,    1.341400e-02,    1.341400e-02,    2.611000e-02,    2.611000e-02,
         2,    1.000000e+02,   -1.852406e-03,   -8.326411e-04,    1.330360e-01,   -1.389480e-01,   -1.100499e-01,    1.284699e-01,   -1.298111e-02,    1.016814e-02,   -2.817527e-01,    3.061434e-01,   -4.324452e-02,    3.089452e-01,   -3.058269e-01,   -4.928709e-01,   -5.101493e-01,   -3.485156e-02,   -2.835300e-03,    2.353400e-04,    1.326500e-01,   -1.361900e-01,   -1.127800e-01,    1.240700e-01,   -1.741400e-02,    9.865300e-03,    3.488500e-03,    3.488500e-03,    8.927000e-03,    8.927000e-03,    8.927000e-03,    8.927000e-03,    8.689400e-03,    8.689400e-03,
         2,    1.584800e+02,    8.970624e-04,    3.031781e-03,    1.666172e-01,   -1.751382e-01,   -1.415458e-01,    1.654184e-01,   -1.674945e-02,    8.746428e-03,   -9.189870e-01,   -4.573714e-01,   -4.242713e-01,    1.399457e-02,    4.048488e-03,   -3.633474e-01,   -6.407029e-01,   -2.731897e-01,   -2.827500e-03,    1.178100e-03,    1.618200e-01,   -1.749800e-01,   -1.415000e-01,    1.613100e-01,   -2.370300e-02,    5.781500e-03,    4.052900e-03,    4.052900e-03,    1.130700e-02,    1.130700e-02,    1.130700e-02,    1.130700e-02,    1.085300e-02,    1.085300e-02,
         2,    2.511800e+02,    8.243579e-04,    1.044154e-02,    2.072740e-01,   -2.243134e-01,   -1.816675e-01,    2.133384e-01,   -1.824930e-02,    6.353617e-03,   -6.767729e-01,   -1.270716e+00,   -5.664367e-01,    2.459995e-01,    7.237157e-01,   -2.188848e-01,   -7.088121e-01,   -6.085123e-01,   -2.893900e-03,    3.460100e-03,    1.992300e-01,   -2.208200e-01,   -1.713900e-01,    2.102300e-01,   -2.742700e-02,   -1.525400e-03,    5.494100e-03,    5.494100e-03,    1.420100e-02,    1.420100e-02,    1.420100e-02,    1.420100e-02,    1.294800e-02,    1.294800e-02,
         3,    1.000000e+02,    1.626923e-02,   -1.745584e-02,    1.369007e-01,   -1.321523e-01,   -1.044587e-01,    1.241554e-01,   -3.378081e-02,    2.590183e-02,   -1.804913e+00,   -2.911143e-01,   -4.186798e-01,   -2.013751e+00,    8.335510e-01,   -1.393912e-01,   -1.336724e+00,    4.720247e-01,   -9.925900e-04,   -2.024000e-02,    1.331900e-01,   -1.500000e-01,   -9.707100e-02,    1.229200e-01,   -5.369800e-02,    3.293500e-02,    9.563800e-03,    9.563800e-03,    8.862900e-03,    8.862900e-03,    8.862900e-03,    8.862900e-03,    1.490000e-02,    1.490000e-02,
         3,    1.584800e+02,    2.249189e-02,   -1.786890e-02,    1.689482e-01,   -1.650616e-01,   -1.349167e-01,    1.596293e-01,   -4.044144e-02,    2.966955e-02,   -1.214983e+00,   -1.046144e+00,    2.242880e-01,   -9.397944e-01,    4.904900e-01,    2.445702e-01,   -1.458997e+00,   -1.266040e-01,    6.217200e-03,   -3.188200e-02,    1.714800e-01,   -1.756700e-01,   -1.293800e-01,    1.623900e-01,   -6.732200e-02,    2.733700e-02,    1.339500e-02,    1.339500e-02,    1.128800e-02,    1.128800e-02,    1.128800e-02,    1.128800e-02,    1.842400e-02,    1.842400e-02,
         3,    2.511800e+02,    2.696788e-02,   -1.722532e-02,    2.076384e-01,   -2.094915e-01,   -1.741662e-01,    2.054546e-01,   -4.676138e-02,    3.516361e-02,   -6.091854e-01,   -1.283780e+00,   -1.373324e-01,   -6.825700e-02,    6.185900e-01,    3.813811e-01,   -1.262147e+00,   -7.833011e-01,    1.678900e-02,   -3.867600e-02,    2.057100e-01,   -2.104500e-01,   -1.654800e-01,    2.108100e-01,   -7.378900e-02,    1.839000e-02,    1.670900e-02,    1.670900e-02,    1.404200e-02,    1.404200e-02,    1.404200e-02,    1.404200e-02,    2.141400e-02,    2.141400e-02,
         4,    1.000000e+02,   -1.809616e-02,    1.682761e-02,    1.434956e-01,   -1.986015e-01,   -1.795600e-01,    2.356546e-01,    1.138170e-02,   -4.668501e-02,    2.226102e-01,   -1.630738e-01,    5.303156e-02,   -2.663659e-01,    9.360159e-01,    3.188369e-01,    3.527030e-02,   -2.538095e-01,   -1.564500e-02,    1.503200e-02,    1.442100e-01,   -2.021900e-01,   -1.669500e-01,    2.399500e-01,    1.203900e-02,   -5.141500e-02,    1.101100e-02,    1.101100e-02,    1.347200e-02,    1.347200e-02,    1.347200e-02,    1.347200e-02,    1.863600e-02,    1.863600e-02,
         4,    1.584800e+02,   -2.201737e-02,    2.220455e-02,    1.865075e-01,   -2.727466e-01,   -2.341112e-01,    3.136060e-01,    2.549359e-02,   -5.983536e-02,    1.888406e-01,    2.474037e-01,   -3.570903e-02,   -1.077274e-01,    5.631282e-01,    7.546463e-01,    1.534315e-01,   -2.790230e-01,   -1.908600e-02,    2.604500e-02,    1.858600e-01,   -2.747000e-01,   -2.239000e-01,    3.272900e-01,    2.941300e-02,   -6.696300e-02,    1.552300e-02,    1.552300e-02,    1.813300e-02,    1.813300e-02,    1.813300e-02,    1.813300e-02,    2.554500e-02,    2.554500e-02,
         4,    2.511800e+02,   -2.957367e-02,    2.900218e-02,    2.505654e-01,   -3.709187e-01,   -3.109523e-01,    4.170046e-01,    4.381371e-02,   -7.458212e-02,    4.475442e-02,    6.451930e-01,   -4.836718e-01,    1.552642e-01,    4.335755e-01,    6.410746e-01,    2.781403e-01,   -2.190595e-01,   -2.855900e-02,    4.363000e-02,    2.389500e-01,   -3.671900e-01,   -3.005400e-01,    4.324000e-01,    5.328300e-02,   -8.204000e-02,    2.267200e-02,    2.267200e-02,    2.401500e-02,    2.401500e-02,    2.401500e-02,    2.401500e-02,    3.404500e-02,    3.404500e-02,
         5,    1.000000e+02,    1.841461e-02,   -8.565247e-04,    1.239538e-01,   -1.262103e-01,   -9.346825e-02,    9.972673e-02,   -8.241149e-03,    1.598264e-03,    7.802856e-01,    1.028099e-01,   -7.575560e-01,    4.248236e-01,   -6.743297e-03,    2.571232e-01,   -3.859099e-02,    5.576782e-01,    2.624400e-02,    1.750700e-04,    1.181400e-01,   -1.229500e-01,   -9.352000e-02,    1.017000e-01,   -8.452500e-03,    4.652500e-03,    1.003400e-02,    1.003400e-02,    7.674400e-03,    7.674400e-03,    7.674400e-03,    7.674400e-03,    5.476700e-03,    5.476700e-03,
         5,    1.584800e+02,    1.666256e-02,    4.189504e-03,    1.566119e-01,   -1.616410e-01,   -1.200692e-01,    1.274823e-01,   -8.872981e-03,   -1.310724e-03,    7.156573e-01,    3.911918e-01,   -6.110923e-01,   -1.363275e-01,   -2.869680e-01,    2.876610e-01,   -2.550695e-01,    5.905228e-01,    2.486900e-02,    8.675300e-03,    1.505200e-01,   -1.630000e-01,   -1.229300e-01,    1.303500e-01,   -1.056200e-02,    2.599600e-03,    1.146700e-02,    1.146700e-02,    9.968900e-03,    9.968900e-03,    9.968900e-03,    9.968900e-03,    6.621800e-03,    6.621800e-03,
         5,    2.511800e+02,    1.405613e-02,    7.465927e-03,    1.976994e-01,   -2.049509e-01,   -1.520219e-01,    1.617579e-01,   -8.260446e-03,   -4.319904e-03,    3.582448e-01,    9.097589e-01,   -2.840893e-01,   -3.344448e-01,   -4.099264e-01,    7.415049e-02,   -4.207726e-01,    5.326297e-01,    1.877600e-02,    1.945200e-02,    1.940900e-01,   -2.092000e-01,   -1.572300e-01,    1.627000e-01,   -1.147700e-02,   -2.482700e-04,    1.317500e-02,    1.317500e-02,    1.270500e-02,    1.270500e-02,    1.270500e-02,    1.270500e-02,    7.644400e-03,    7.644400e-03,
         6,    1.000000e+02,    2.023487e-01,    1.333107e-02,    2.777058e-01,   -2.015278e-01,   -3.504158e-01,    1.579532e-01,   -1.964843e-01,    1.649257e-02,   -4.725951e-01,   -1.863701e-01,    3.084820e-01,   -6.924655e-01,    2.741985e-01,   -1.987692e-01,    7.938723e-01,    1.728565e-01,    1.842100e-01,    6.178000e-03,    2.833600e-01,   -2.142200e-01,   -3.453900e-01,    1.543100e-01,   -1.664600e-01,    2.303000e-02,    3.838100e-02,    3.838100e-02,    1.832900e-02,    1.832900e-02,    1.832900e-02,    1.832900e-02,    3.782000e-02,    3.782000e-02,
         6,    1.584800e+02,    1.916554e-01,    2.829103e-02,    3.245061e-01,   -2.503226e-01,   -3.846844e-01,    1.959949e-01,   -1.958710e-01,    1.192372e-03,   -2.215290e-01,   -3.434100e-01,    7.281921e-01,   -3.557433e-01,   -1.565593e-01,   -1.839744e-01,    6.834582e-01,    5.017751e-01,    1.823700e-01,    1.389700e-02,    3.401600e-01,   -2.579700e-01,   -3.880500e-01,    1.920400e-01,   -1.681000e-01,    2.158100e-02,    4.191500e-02,    4.191500e-02,    2.149700e-02,    2.149700e-02,    2.149700e-02,    2.149700e-02,    4.063300e-02,    4.063300e-02,
         6,    2.511800e+02,    1.761643e-01,    3.771202e-02,    3.805676e-01,   -3.169172e-01,   -4.297994e-01,    2.496442e-01,   -1.876024e-01,   -9.575391e-03,    1.016592e-01,   -2.462942e-01,    6.187824e-01,    1.036602e-01,   -7.355046e-01,   -4.334047e-01,    7.470563e-01,    7.438510e-01,    1.808000e-01,    2.648100e-02,    3.962500e-01,   -3.142900e-01,   -4.484400e-01,    2.386600e-01,   -1.559100e-01,    2.198100e-02,    4.560000e-02,    4.560000e-02,    2.534400e-02,    2.534400e-02,    2.534400e-02,    2.534400e-02,    4.242300e-02,    4.242300e-02,
         7,    1.000000e+02,   -7.084035e-03,    7.190511e-03,    1.272783e-01,   -1.196229e-01,   -1.328937e-01,    1.267611e-01,   -2.295474e-02,    2.553973e-02,   -2.626450e-01,    8.571651e-02,   -2.500800e-01,    4.746361e-02,    1.003003e-01,    1.323062e-01,    1.822488e-01,    2.352825e-01,   -8.861800e-03,    7.770700e-03,    1.250500e-01,   -1.192000e-01,   -1.320000e-01,    1.279400e-01,   -2.075700e-02,    2.837700e-02,    6.768700e-03,    6.768700e-03,    8.910400e-03,    8.910400e-03,    8.910400e-03,    8.910400e-03,    1.205900e-02,    1.205900e-02,
         7,    1.584800e+02,   -7.022771e-03,    8.006178e-03,    1.531187e-01,   -1.526480e-01,   -1.620090e-01,    1.650834e-01,   -3.068279e-02,    3.258573e-02,   -3.371484e-01,    5.558307e-02,   -2.884973e-01,   -3.773038e-03,    1.446720e-01,    1.354572e-01,    4.206200e-02,    2.630983e-01,   -9.673600e-03,    8.443200e-03,    1.499100e-01,   -1.526900e-01,   -1.604000e-01,    1.665900e-01,   -3.002200e-02,    3.671900e-02,    7.862500e-03,    7.862500e-03,    1.112200e-02,    1.112200e-02,    1.112200e-02,    1.112200e-02,    1.571000e-02,    1.571000e-02,
         7,    2.511800e+02,   -6.959323e-03,    1.209855e-02,    1.863224e-01,   -1.996895e-01,   -2.001288e-01,    2.157657e-01,   -3.967700e-02,    3.927599e-02,   -1.450655e-01,   -1.289411e-01,   -2.657661e-01,   -1.179992e-01,    1.214092e-01,    1.740718e-01,   -1.452722e-01,    2.623206e-01,   -8.287500e-03,    1.091800e-02,    1.825600e-01,   -2.013600e-01,   -1.984100e-01,    2.182300e-01,   -4.261600e-02,    4.458300e-02,    9.155700e-03,    9.155700e-03,    1.415700e-02,    1.415700e-02,    1.415700e-02,    1.415700e-02,    2.023100e-02,    2.023100e-02,
         8,    1.000000e+02,   -6.430273e-01,    3.541227e-01,    2.643649e-01,   -4.053516e-01,   -4.422294e-01,    2.506304e-01,    2.029463e-02,   -5.462271e-02,   -1.464069e-01,    1.385140e+00,   -1.894794e-01,   -4.141783e-01,    1.399611e+00,   -4.312787e-01,   -4.827301e-01,    6.145257e-02,   -6.569200e-01,    4.855600e-01,    2.598000e-01,   -4.153300e-01,   -4.085100e-01,    2.402400e-01,    8.726000e-03,   -5.315000e-02,    9.489100e-02,    9.489100e-02,    2.409200e-02,    2.409200e-02,    2.409200e-02,    2.409200e-02,    2.396500e-02,    2.396500e-02,
         8,    1.584800e+02,   -7.235354e-01,    4.292438e-01,    3.743753e-01,   -5.371011e-01,   -5.011136e-01,    3.078254e-01,    4.235175e-02,   -5.858889e-02,   -8.167402e-01,    9.342478e-01,   -4.263355e-01,   -2.666122e-02,    3.667010e-01,    2.345566e-01,   -4.340306e-01,   -1.162231e-01,   -8.213400e-01,    5.411200e-01,    3.612800e-01,   -5.379200e-01,   -4.898500e-01,    3.150300e-01,    2.933300e-02,   -6.207500e-02,    1.197500e-01,    1.197500e-01,    3.071600e-02,    3.071600e-02,    3.071600e-02,    3.071600e-02,    2.999500e-02,    2.999500e-02,
         8,    2.511800e+02,   -8.223381e-01,    5.399179e-01,    5.264773e-01,   -6.892848e-01,   -5.747189e-01,    3.887843e-01,    6.340662e-02,   -5.592952e-02,   -1.483428e+00,    3.012335e-01,   -7.477172e-01,   -5.856547e-02,   -3.117572e-01,    2.171454e-01,   -3.846324e-01,   -3.372030e-01,   -1.047300e+00,    5.856000e-01,    4.974300e-01,   -6.915600e-01,   -5.868300e-01,    3.972200e-01,    4.931100e-02,   -6.828700e-02,    1.516500e-01,    1.516500e-01,    3.884800e-02,    3.884800e-02,    3.884800e-02,    3.884800e-02,    3.664700e-02,    3.664700e-02,
         9,    1.000000e+02,   -1.118224e-03,    5.562530e-04,    8.047999e-02,   -1.044438e-01,   -8.051189e-02,    9.786008e-02,    8.943727e-04,    2.282835e-03,    1.509051e+00,   -1.888287e-01,   -5.208399e-02,   -1.964559e-01,    7.627758e-01,    1.070707e+00,    1.075087e+00,    1.175198e-01,    4.271200e-03,   -1.181300e-04,    8.013900e-02,   -1.057300e-01,   -7.551800e-02,    1.048700e-01,    5.417800e-03,    2.777300e-03,    3.571400e-03,    3.571400e-03,    6.547000e-03,    6.547000e-03,    6.547000e-03,    6.547000e-03,    4.207500e-03,    4.207500e-03,
         9,    1.584800e+02,   -2.863864e-03,    9.863336e-04,    1.099225e-01,   -1.399012e-01,   -1.048179e-01,    1.304448e-01,    6.847740e-05,    1.611104e-03,    1.667594e+00,    3.725441e-01,   -1.165092e-02,    2.025136e-01,   -1.161006e-02,    1.145472e+00,    2.510007e-01,    3.111547e-01,    5.222300e-03,    2.792800e-03,    1.098200e-01,   -1.381200e-01,   -1.049200e-01,    1.405200e-01,    9.018500e-04,    2.644200e-03,    4.849000e-03,    4.849000e-03,    8.795700e-03,    8.795700e-03,    8.795700e-03,    8.795700e-03,    3.320200e-03,    3.320200e-03,
         9,    2.511800e+02,   -3.801077e-03,   -1.144553e-04,    1.475901e-01,   -1.795803e-01,   -1.370251e-01,    1.706215e-01,   -7.404244e-04,    1.149540e-03,    1.197658e+00,    1.084553e+00,    2.255626e-02,    1.215152e-01,   -5.774845e-01,    7.175002e-01,    1.377612e-01,    3.214973e-01,    3.840100e-03,    6.805100e-03,    1.478500e-01,   -1.781800e-01,   -1.436800e-01,    1.788900e-01,   -2.693500e-04,    2.248900e-03,    6.380100e-03,    6.380100e-03,    1.152400e-02,    1.152400e-02,    1.152400e-02,    1.152400e-02,    3.419500e-03,    3.419500e-03,
        11,    1.000000e+02,   -7.781049e-03,   -7.191263e-03,    1.190744e-01,   -1.169565e-01,   -1.164120e-01,    1.234307e-01,    5.878055e-03,    6.177459e-04,   -4.797442e-01,   -9.932579e-01,    6.979586e-01,   -1.859685e-01,    4.481609e-01,   -1.324513e-01,   -2.711962e-01,   -6.397504e-01,   -1.199800e-02,   -1.592200e-02,    1.249800e-01,   -1.185300e-01,   -1.126200e-01,    1.223100e-01,    4.684900e-03,   -2.196900e-03,    8.790000e-03,    8.790000e-03,    8.461200e-03,    8.461200e-03,    8.461200e-03,    8.461200e-03,    4.399600e-03,    4.399600e-03,
        11,    1.584800e+02,   -7.094971e-03,   -1.423981e-05,    1.485150e-01,   -1.533458e-01,   -1.505612e-01,    1.580693e-01,    4.616121e-03,    1.439654e-03,    3.671344e-01,   -1.025479e+00,    8.493597e-01,    1.102635e-01,    2.459847e-02,    4.571642e-01,    1.129111e-01,   -7.479762e-01,   -4.781400e-03,   -6.476500e-03,    1.578800e-01,   -1.521300e-01,   -1.502900e-01,    1.631100e-01,    5.225400e-03,   -2.596500e-03,    6.301700e-03,    6.301700e-03,    1.102600e-02,    1.102600e-02,    1.102600e-02,    1.102600e-02,    5.396100e-03,    5.396100e-03,
        11,    2.511800e+02,   -9.006901e-03,    5.093022e-03,    1.879272e-01,   -1.970621e-01,   -1.902864e-01,    1.994784e-01,    2.834662e-03,    7.221691e-04,    6.147025e-01,    9.738013e-02,    6.460140e-01,    5.215486e-01,   -4.080275e-01,    3.143893e-01,    5.448103e-01,   -4.485120e-01,   -4.827600e-03,    5.755100e-03,    1.969100e-01,   -1.898100e-01,   -1.959600e-01,    2.038500e-01,    6.415700e-03,   -2.225900e-03,    6.798900e-03,    6.798900e-03,    1.390500e-02,    1.390500e-02,    1.390500e-02,    1.390500e-02,    6.573000e-03,    6.573000e-03,
        12,    1.000000e+02,   -1.387894e-02,    1.558870e-02,    8.280615e-02,   -1.038298e-01,   -9.380995e-02,    1.144578e-01,    2.883488e-02,   -4.229220e-02,   -2.619147e-01,    2.835006e-01,   -1.244725e-01,    4.306516e-01,   -4.653252e-02,    3.344907e-02,    9.043423e-01,   -3.826496e-01,   -1.607800e-02,    1.796900e-02,    8.194200e-02,   -1.008400e-01,   -9.413300e-02,    1.146900e-01,    4.202200e-02,   -4.787200e-02,    8.396100e-03,    8.396100e-03,    6.942500e-03,    6.942500e-03,    6.942500e-03,    6.942500e-03,    1.458200e-02,    1.458200e-02,
        12,    1.584800e+02,   -1.801635e-02,    1.912881e-02,    1.078018e-01,   -1.386170e-01,   -1.215659e-01,    1.508327e-01,    3.944448e-02,   -5.320455e-02,   -9.355558e-02,    1.880684e-01,   -7.848278e-01,    5.227534e-01,    4.745683e-01,   -9.240103e-03,    6.651349e-01,   -4.477493e-01,   -1.898400e-02,    2.107400e-02,    1.007800e-01,   -1.339400e-01,   -1.173200e-01,    1.507500e-01,    5.181200e-02,   -6.153000e-02,    1.034300e-02,    1.034300e-02,    8.946900e-03,    8.946900e-03,    8.946900e-03,    8.946900e-03,    1.859400e-02,    1.859400e-02,
        12,    2.511800e+02,   -2.303242e-02,    2.353105e-02,    1.422381e-01,   -1.826275e-01,   -1.584243e-01,    1.972137e-01,    5.285017e-02,   -6.722972e-02,   -1.739014e-01,    1.678073e-01,   -1.044473e+00,    3.740235e-01,    3.423582e-01,    1.490372e-01,    5.549601e-01,   -5.620008e-01,   -2.536200e-02,    2.577900e-02,    1.299300e-01,   -1.782200e-01,   -1.543900e-01,    1.989700e-01,    6.636400e-02,   -8.091500e-02,    1.339600e-02,    1.339600e-02,    1.178400e-02,    1.178400e-02,    1.178400e-02,    1.178400e-02,    2.435100e-02,    2.435100e-02,
        13,    1.000000e+02,    2.293334e-03,   -9.734537e-03,    8.440910e-02,   -1.006231e-01,   -8.464371e-02,    1.033398e-01,    6.088349e-04,    8.577753e-03,    5.782809e-01,   -8.489616e-02,   -6.507572e-01,   -6.155537e-01,    6.662499e-01,    4.333517e-01,   -1.818685e-01,    3.855389e-01,    5.702300e-03,   -1.023500e-02,    8.009900e-02,   -1.047000e-01,   -8.023100e-02,    1.062100e-01,   -4.243600e-04,    1.076800e-02,    5.895000e-03,    5.895000e-03,    6.623200e-03,    6.623200e-03,    6.623200e-03,    6.623200e-03,    5.681000e-03,    5.681000e-03,
        13,    1.584800e+02,    4.809853e-03,   -1.078663e-02,    1.092656e-01,   -1.305495e-01,   -1.115004e-01,    1.344441e-01,   -1.890241e-03,    1.002700e-02,    4.206995e-01,    1.811885e-01,    9.153315e-02,   -9.025534e-01,   -4.715390e-02,    5.794741e-01,   -3.696611e-01,    1.088117e-01,    7.751300e-03,   -9.519800e-03,    1.100800e-01,   -1.385800e-01,   -1.119200e-01,    1.396000e-01,   -4.421200e-03,    1.077200e-02,    6.991800e-03,    6.991800e-03,    8.897500e-03,    8.897500e-03,    8.897500e-03,    8.897500e-03,    6.846700e-03,    6.846700e-03,
        13,    2.511800e+02,    7.630207e-03,   -1.235630e-02,    1.413188e-01,   -1.682028e-01,   -1.455005e-01,    1.726025e-01,   -4.256141e-03,    1.204505e-02,    1.608491e-01,    3.486731e-01,    3.949455e-01,   -5.619429e-01,   -2.666713e-01,    4.216439e-01,   -3.576464e-01,   -1.458894e-01,    8.945100e-03,   -9.506000e-03,    1.458500e-01,   -1.746500e-01,   -1.485600e-01,    1.774400e-01,   -7.200500e-03,    1.084400e-02,    8.174700e-03,    8.174700e-03,    1.147300e-02,    1.147300e-02,    1.147300e-02,    1.147300e-02,    8.232600e-03,    8.232600e-03,
        14,    1.000000e+02,    2.078644e-01,   -1.270206e-01,    2.699100e-01,   -4.076482e-01,   -4.266660e-01,    2.852406e-01,   -8.166116e-02,    1.355098e-01,   -4.417194e-01,   -6.996345e-01,   -1.140733e+00,    1.921135e-01,    3.280035e-01,   -6.505706e-01,    8.249172e-01,   -4.049077e-01,    1.853000e-01,   -1.627600e-01,    2.423100e-01,   -4.030000e-01,   -4.187300e-01,    2.695000e-01,   -5.016500e-02,    1.200500e-01,    5.108300e-02,    5.108300e-02,    2.419500e-02,    2.419500e-02,    2.419500e-02,    2.419500e-02,    3.818100e-02,    3.818100e-02,
        14,    1.584800e+02,    2.363518e-01,   -1.572355e-01,    3.754277e-01,   -5.234931e-01,   -4.983710e-01,    3.529170e-01,   -1.184104e-01,    1.761754e-01,    3.071724e-01,   -6.414182e-01,   -7.732372e-01,   -8.869900e-01,    2.796566e-01,   -6.240811e-01,    8.061967e-01,    1.075140e-01,    2.576600e-01,   -2.017300e-01,    3.513700e-01,   -5.510900e-01,   -4.896700e-01,    3.335000e-01,   -7.705900e-02,    1.816900e-01,    6.936900e-02,    6.936900e-02,    3.111300e-02,    3.111300e-02,    3.111300e-02,    3.111300e-02,    5.129200e-02,    5.129200e-02,
        14,    2.511800e+02,    2.704611e-01,   -2.003390e-01,    5.010145e-01,   -6.693909e-01,   -5.811030e-01,    4.405138e-01,   -1.616697e-01,    2.266740e-01,    6.899587e-01,   -4.552265e-01,   -4.263513e-01,   -1.299591e+00,    3.090467e-01,   -4.429041e-01,    6.409820e-01,    5.052738e-01,    3.322400e-01,   -2.411000e-01,    4.842900e-01,   -7.203700e-01,   -5.689800e-01,    4.231400e-01,   -1.183400e-01,    2.608300e-01,    8.954000e-02,    8.954000e-02,    3.922700e-02,    3.922700e-02,    3.922700e-02,    3.922700e-02,    6.759900e-02,    6.759900e-02,
        15,    1.000000e+02,   -3.295502e-02,   -9.573943e-03,    1.120258e-01,   -1.283658e-01,   -7.527033e-02,    1.146711e-01,    1.619797e-03,    2.820303e-03,    2.619780e-01,   -1.671721e+00,   -7.501485e-02,    7.697963e-01,    4.364006e-01,    3.048108e-01,   -5.715100e-01,    5.539373e-01,   -2.965200e-02,   -3.065100e-02,    1.114600e-01,   -1.225600e-01,   -7.197900e-02,    1.169700e-01,   -6.376100e-04,    5.008300e-03,    1.260800e-02,    1.260800e-02,    7.542000e-03,    7.542000e-03,    7.542000e-03,    7.542000e-03,    3.949900e-03,    3.949900e-03,
        15,    1.584800e+02,   -2.656404e-02,   -1.660163e-02,    1.475732e-01,   -1.608422e-01,   -1.030534e-01,    1.575165e-01,    9.566727e-04,    6.473854e-03,    8.349498e-01,   -1.459919e+00,   -6.034889e-01,    7.102986e-01,    5.601328e-01,    3.342152e-01,   -5.522870e-01,   -9.247926e-02,   -1.517700e-02,   -3.651200e-02,    1.415900e-01,   -1.538000e-01,   -9.750000e-02,    1.608300e-01,   -1.892300e-03,    5.996800e-03,    1.363800e-02,    1.363800e-02,    9.914400e-03,    9.914400e-03,    9.914400e-03,    9.914400e-03,    5.158500e-03,    5.158500e-03,
        15,    2.511800e+02,   -1.725958e-02,   -1.912655e-02,    1.890686e-01,   -1.987745e-01,   -1.449142e-01,    2.103504e-01,   -2.078227e-03,    1.017001e-02,    1.347297e+00,   -1.053024e+00,   -5.977457e-01,   -3.144450e-02,    1.509160e-01,    4.631126e-01,   -6.986213e-01,   -3.238244e-01,    2.190000e-03,   -3.432800e-02,    1.811700e-01,   -1.991900e-01,   -1.429200e-01,    2.164700e-01,   -7.614800e-03,    7.603700e-03,    1.443600e-02,    1.443600e-02,    1.321400e-02,    1.321400e-02,    1.321400e-02,    1.321400e-02,    7.925000e-03,    7.925000e-03,
        16,    1.000000e+02,    1.002264e-02,   -1.122169e-02,    9.867982e-02,   -1.060810e-01,   -1.301341e-01,    1.337694e-01,   -8.815578e-03,    9.431360e-03,    2.164063e-01,    7.202919e-02,   -2.172943e-02,    4.167220e-02,    8.115796e-02,   -1.355624e-01,    4.461499e-01,   -2.646536e-01,    1.157200e-02,   -1.070600e-02,    9.850200e-02,   -1.057400e-01,   -1.294700e-01,    1.326600e-01,   -5.967000e-03,    7.741600e-03,    7.159500e-03,    7.159500e-03,    8.183400e-03,    8.183400e-03,    8.183400e-03,    8.183400e-03,    6.384800e-03,    6.384800e-03,
        16,    1.584800e+02,    1.302253e-02,   -1.327769e-02,    1.251419e-01,   -1.342697e-01,   -1.632304e-01,    1.700370e-01,   -1.076870e-02,    1.183006e-02,    9.675398e-02,    1.790205e-01,   -2.752281e-01,   -1.756693e-01,    4.860091e-03,   -1.261359e-01,    3.629310e-01,   -1.373549e-02,    1.385900e-02,   -1.173000e-02,    1.222900e-01,   -1.360900e-01,   -1.631800e-01,    1.687300e-01,   -7.649200e-03,    1.171200e-02,    8.645300e-03,    8.645300e-03,    1.036200e-02,    1.036200e-02,    1.036200e-02,    1.036200e-02,    8.595300e-03,    8.595300e-03,
        16,    2.511800e+02,    1.661297e-02,   -1.554648e-02,    1.573932e-01,   -1.710525e-01,   -2.063838e-01,    2.169973e-01,   -1.386869e-02,    1.502674e-02,    1.536082e-01,    1.915457e-01,   -4.766213e-01,   -3.135532e-01,    3.109719e-01,   -3.043335e-01,    1.472519e-01,    1.361562e-01,    1.828300e-02,   -1.346400e-02,    1.511800e-01,   -1.751400e-01,   -2.023300e-01,    2.130300e-01,   -1.215100e-02,    1.661500e-02,    1.087200e-02,    1.087200e-02,    1.303600e-02,    1.303600e-02,    1.303600e-02,    1.303600e-02,    1.166500e-02,    1.166500e-02,
        17,    1.000000e+02,   -5.685341e-03,    1.127725e-02,    7.957918e-02,   -1.211312e-01,   -8.666478e-02,    1.352947e-01,   -4.478638e-03,    2.393949e-03,    4.973388e-01,    2.173926e-01,    8.287457e-01,   -6.647954e-01,    1.838141e+00,    1.128032e+00,   -1.267670e+00,   -1.467189e-01,   -2.366400e-03,    1.272800e-02,    8.608500e-02,   -1.263500e-01,   -7.223500e-02,    1.441500e-01,   -1.331100e-02,    1.371700e-03,    6.673400e-03,    6.673400e-03,    7.850200e-03,    7.850200e-03,    7.850200e-03,    7.850200e-03,    6.967400e-03,    6.967400e-03,
        17,    1.584800e+02,   -7.352459e-03,    1.800343e-02,    1.078217e-01,   -1.677007e-01,   -1.186061e-01,    1.838861e-01,   -6.473646e-03,    5.969292e-04,    1.982291e-01,    7.044834e-02,    1.322756e-01,   -2.938266e-01,    1.944709e+00,    2.817005e-01,   -9.186540e-01,    1.992317e-01,   -5.485300e-03,    1.866700e-02,    1.091900e-01,   -1.707400e-01,   -9.849000e-02,    1.868000e-01,   -1.401800e-02,    2.233100e-03,    9.419200e-03,    9.419200e-03,    1.034400e-02,    1.034400e-02,    1.034400e-02,    1.034400e-02,    8.212400e-03,    8.212400e-03,
        17,    2.511800e+02,   -1.123374e-02,    2.733849e-02,    1.481919e-01,   -2.269674e-01,   -1.636169e-01,    2.459004e-01,   -7.384552e-03,   -2.721354e-03,   -1.992076e-02,   -5.386419e-01,   -3.514821e-01,   -4.971464e-01,    1.327652e+00,   -6.498391e-01,   -6.920220e-01,   -6.908620e-02,   -1.147500e-02,    2.081500e-02,    1.433400e-01,   -2.338300e-01,   -1.452900e-01,    2.369300e-01,   -1.393800e-02,   -3.375600e-03,    1.211100e-02,    1.211100e-02,    1.380400e-02,    1.380400e-02,    1.380400e-02,    1.380400e-02,    9.470000e-03,    9.470000e-03,
        18,    1.000000e+02,    5.402561e-01,   -1.717189e-01,    3.912794e-01,   -3.002211e-01,   -1.899393e+00,    8.166582e-01,   -7.323382e-01,    6.036291e-02,   -1.579517e-01,   -2.487003e-02,    5.795213e-01,   -3.552929e-01,    4.191539e-02,    2.878792e-01,    1.334516e-01,    1.840345e-01,    5.274200e-01,   -1.737400e-01,    4.216000e-01,   -3.188100e-01,   -1.897200e+00,    8.317200e-01,   -7.079900e-01,    9.394000e-02,    8.126600e-02,    8.126600e-02,    5.232000e-02,    5.232000e-02,    5.232000e-02,    5.232000e-02,    1.824500e-01,    1.824500e-01,
        18,    1.584800e+02,    5.820631e-01,   -1.802434e-01,    4.652201e-01,   -3.915494e-01,   -2.114131e+00,    9.140256e-01,   -7.363118e-01,    5.299805e-02,   -1.352160e-01,   -6.435074e-02,    4.363372e-01,   -1.707827e-02,   -3.097686e-02,    4.289547e-01,    8.508041e-02,    1.201089e-01,    5.696100e-01,   -1.861700e-01,    4.915500e-01,   -3.925800e-01,   -2.116000e+00,    9.399100e-01,   -7.197900e-01,    7.632200e-02,    9.209800e-02,    9.209800e-02,    6.034300e-02,    6.034300e-02,    6.034300e-02,    6.034300e-02,    1.941900e-01,    1.941900e-01,
        18,    2.511800e+02,    6.221847e-01,   -1.988477e-01,    5.657996e-01,   -5.024911e-01,   -2.345573e+00,    1.046904e+00,   -7.448442e-01,    4.769077e-02,   -2.795841e-02,   -7.320140e-02,    2.888946e-01,    1.424734e-01,   -2.486896e-01,    3.674434e-01,   -4.089243e-02,   -1.656362e-03,    6.192200e-01,   -2.066100e-01,    5.861600e-01,   -4.924500e-01,   -2.363100e+00,    1.072800e+00,   -7.534300e-01,    4.734300e-02,    1.060400e-01,    1.060400e-01,    7.047700e-02,    7.047700e-02,    7.047700e-02,    7.047700e-02,    2.099600e-01,    2.099600e-01,
        19,    1.000000e+02,    3.037866e-03,   -1.025595e-03,    1.138711e-01,   -1.123191e-01,   -1.191310e-01,    1.274720e-01,    2.648719e-02,   -2.897159e-02,   -6.225244e-01,    5.548727e-02,    9.563921e-02,    6.482138e-01,   -1.938884e-01,   -1.104127e+00,   -3.867829e-01,   -2.579337e-01,    1.495500e-03,   -8.881200e-04,    1.146500e-01,   -1.070400e-01,   -1.207100e-01,    1.184800e-01,    2.178700e-02,   -3.210600e-02,    2.477600e-03,    2.477600e-03,    8.144000e-03,    8.144000e-03,    8.144000e-03,    8.144000e-03,    1.215200e-02,    1.215200e-02,
        19,    1.584800e+02,    3.061052e-03,    5.347070e-04,    1.376681e-01,   -1.456876e-01,   -1.504465e-01,    1.663076e-01,    3.240422e-02,   -3.964461e-02,   -2.118200e-01,   -3.713432e-01,   -8.136811e-02,    1.030196e+00,    6.302472e-01,   -1.340517e+00,   -3.827423e-01,   -2.629310e-02,    2.369100e-03,   -6.783600e-04,    1.368500e-01,   -1.353300e-01,   -1.441100e-01,    1.528300e-01,    2.663400e-02,   -4.004100e-02,    3.266700e-03,    3.266700e-03,    1.005400e-02,    1.005400e-02,    1.005400e-02,    1.005400e-02,    1.507600e-02,    1.507600e-02,
        19,    2.511800e+02,    1.821318e-03,    1.836817e-03,    1.701699e-01,   -1.930394e-01,   -1.939816e-01,    2.151722e-01,    4.200748e-02,   -5.429584e-02,    4.755087e-01,   -5.972229e-01,   -2.417286e-01,    1.479427e+00,    1.000044e+00,   -1.284219e+00,   -4.326293e-01,    1.858770e-01,    4.099100e-03,   -1.024000e-03,    1.670900e-01,   -1.741900e-01,   -1.812400e-01,    1.988100e-01,    3.370100e-02,   -5.072700e-02,    4.790200e-03,    4.790200e-03,    1.274100e-02,    1.274100e-02,    1.274100e-02,    1.274100e-02,    1.920000e-02,    1.920000e-02,
        21,    1.000000e+02,   -1.985425e-03,    1.463359e-03,    1.313015e-01,   -1.291029e-01,   -1.292754e-01,    1.241156e-01,   -2.035754e-03,    2.199563e-03,   -8.361343e-02,    1.667360e-01,   -1.891747e-01,    3.285079e-01,    3.162109e-02,   -1.652828e-01,   -6.431462e-01,   -2.110276e-02,   -2.276400e-03,    2.043600e-03,    1.270500e-01,   -1.217200e-01,   -1.287100e-01,    1.211600e-01,   -5.030500e-03,    2.101300e-03,    3.480000e-03,    3.480000e-03,    2.247400e-02,    2.247400e-02,    1.788200e-02,    1.788200e-02,    4.656400e-03,    4.656400e-03,
        21,    1.584800e+02,   -3.000926e-03,    1.450700e-03,    1.626906e-01,   -1.585596e-01,   -1.581661e-01,    1.521921e-01,   -3.280729e-03,    1.778277e-03,   -1.089821e-01,    1.630929e-01,   -1.984717e-01,    2.417315e-01,    1.020780e-01,   -1.735658e-01,   -4.545434e-01,   -3.074037e-01,   -3.491400e-03,    2.184700e-03,    1.571900e-01,   -1.518600e-01,   -1.559300e-01,    1.483900e-01,   -5.661400e-03,    1.682500e-04,    4.500500e-03,    4.500500e-03,    2.771500e-02,    2.771500e-02,    2.190600e-02,    2.190600e-02,    5.237500e-03,    5.237500e-03,
        21,    2.511800e+02,   -3.703399e-03,    1.526735e-03,    1.976538e-01,   -1.996065e-01,   -1.907340e-01,    1.928493e-01,   -4.490750e-03,    5.940266e-04,   -2.073699e-01,    1.741914e-01,   -1.830265e-01,    2.597827e-01,    6.685355e-02,   -2.805015e-01,   -1.812493e-01,   -3.057504e-01,   -4.904900e-03,    2.536000e-03,    1.914000e-01,   -1.907300e-01,   -1.889300e-01,    1.852800e-01,   -5.543700e-03,   -1.182200e-03,    5.794000e-03,    5.794000e-03,    3.416900e-02,    3.416900e-02,    2.698500e-02,    2.698500e-02,    5.809400e-03,    5.809400e-03,
        22,    1.000000e+02,    7.309323e-03,   -9.969998e-03,    7.849491e-02,   -1.243056e-01,   -8.512269e-02,    1.287289e-01,   -8.726762e-03,    1.274638e-02,   -3.186487e-01,    3.745628e-02,    2.327604e-01,    1.794873e+00,   -1.879346e+00,   -1.838278e+00,    5.755404e-01,   -1.342841e-01,    5.438600e-03,   -9.750100e-03,    8.017500e-02,   -1.113500e-01,   -9.868800e-02,    1.154600e-01,   -4.914900e-03,    1.185700e-02,    5.870800e-03,    5.870800e-03,    7.218100e-03,    7.218100e-03,    7.218100e-03,    7.218100e-03,    6.623100e-03,    6.623100e-03,
        22,    1.584800e+02,    9.515525e-03,   -1.092674e-02,    1.067985e-01,   -1.712316e-01,   -1.163154e-01,    1.721917e-01,   -1.247770e-02,    1.473641e-02,   -3.035802e-01,    2.499113e-01,    9.234612e-02,    1.282760e+00,   -7.126867e-01,   -1.072042e+00,    3.941298e-01,    4.080006e-02,    7.355400e-03,   -9.148500e-03,    1.077100e-01,   -1.585700e-01,   -1.233500e-01,    1.616100e-01,   -8.946100e-03,    1.510200e-02,    7.115500e-03,    7.115500e-03,    9.870600e-03,    9.870600e-03,    9.870600e-03,    9.870600e-03,    8.960500e-03,    8.960500e-03,
        22,    2.511800e+02,    1.246608e-02,   -1.259935e-02,    1.466634e-01,   -2.323312e-01,   -1.590341e-01,    2.278726e-01,   -1.668103e-02,    1.713656e-02,   -3.253946e-01,    4.142970e-01,    1.139878e-01,    2.659064e-01,    5.392557e-01,   -3.118323e-03,    1.585796e-01,    1.887955e-01,    9.554900e-03,   -8.892800e-03,    1.482200e-01,   -2.287000e-01,   -1.516700e-01,    2.278300e-01,   -1.473700e-02,    1.945100e-02,    8.946600e-03,    8.946600e-03,    1.365600e-02,    1.365600e-02,    1.365600e-02,    1.365600e-02,    1.225900e-02,    1.225900e-02,
        23,    1.000000e+02,    1.689310e-03,   -2.254932e-03,    8.530565e-02,   -9.825792e-02,   -6.985064e-02,    9.496710e-02,    5.824548e-03,   -4.204630e-03,    1.289257e+00,   -1.044249e-01,   -1.141452e+00,    1.563055e-01,    7.231429e-01,   -4.975776e-01,    8.131014e-01,    3.286548e-01,    7.970700e-03,   -2.763700e-03,    7.852200e-02,   -9.732900e-02,   -6.555300e-02,    9.201000e-02,    9.984700e-03,   -2.523100e-03,    4.872100e-03,    4.872100e-03,    5.943000e-03,    5.943000e-03,    5.943000e-03,    5.943000e-03,    5.116400e-03,    5.116400e-03,
        23,    1.584800e+02,    7.158541e-04,   -3.437858e-03,    1.115399e-01,   -1.317980e-01,   -9.633696e-02,    1.276532e-01,    6.003158e-03,   -6.344714e-03,    1.421041e+00,    2.368009e-01,   -1.098684e+00,   -2.623102e-02,    7.150145e-01,   -3.999279e-02,    7.933873e-01,    5.632062e-01,    9.158400e-03,   -2.031000e-03,    1.026600e-01,   -1.320100e-01,   -9.055800e-02,    1.273300e-01,    1.101800e-02,   -2.784800e-03,    5.941100e-03,    5.941100e-03,    8.082300e-03,    8.082300e-03,    8.082300e-03,    8.082300e-03,    6.320800e-03,    6.320800e-03,
        23,    2.511800e+02,    4.684228e-04,   -6.088071e-03,    1.462721e-01,   -1.709668e-01,   -1.300728e-01,    1.654536e-01,    7.238811e-03,   -9.357793e-03,    1.354768e+00,    5.822273e-01,   -9.442498e-01,   -1.340903e-01,    2.828228e-01,   -7.424793e-02,    6.349855e-01,    9.777881e-01,    1.015000e-02,   -1.927300e-03,    1.361800e-01,   -1.724000e-01,   -1.270500e-01,    1.646600e-01,    1.203600e-02,   -1.970800e-03,    7.146300e-03,    7.146300e-03,    1.068800e-02,    1.068800e-02,    1.068800e-02,    1.068800e-02,    7.554800e-03,    7.554800e-03,
        24,    1.000000e+02,    3.419216e-03,   -5.137684e-03,    8.964172e-02,   -1.107117e-01,   -9.767710e-02,    1.119078e-01,   -2.425376e-03,    7.474545e-03,    8.614940e-01,    1.120130e+00,   -2.091507e-01,    8.881179e-01,    9.004439e-01,   -7.937051e-01,   -5.320014e-01,   -3.431345e-01,    7.582300e-03,    2.752300e-04,    8.819300e-02,   -1.045600e-01,   -9.144000e-02,    1.064100e-01,   -5.044100e-03,    5.785500e-03,    4.832400e-03,    4.832400e-03,    6.926700e-03,    6.926700e-03,    6.926700e-03,    6.926700e-03,    4.922400e-03,    4.922400e-03,
        24,    1.584800e+02,    5.502147e-03,   -5.837645e-03,    1.121833e-01,   -1.513687e-01,   -1.227966e-01,    1.468881e-01,   -4.973379e-03,    9.152318e-03,    6.942947e-01,    6.829632e-01,   -2.134881e-01,    8.545706e-01,    8.697176e-01,   -4.765789e-01,   -4.314392e-01,   -4.471207e-01,    9.944800e-03,   -1.467500e-03,    1.102400e-01,   -1.435900e-01,   -1.148800e-01,    1.425500e-01,   -7.738300e-03,    6.286900e-03,    6.398800e-03,    6.398800e-03,    9.102500e-03,    9.102500e-03,    9.102500e-03,    9.102500e-03,    6.408600e-03,    6.408600e-03,
        24,    2.511800e+02,    7.926110e-03,   -6.052315e-03,    1.466228e-01,   -2.073689e-01,   -1.569156e-01,    1.944252e-01,   -7.752580e-03,    1.105019e-02,    5.887697e-01,   -6.311377e-02,   -5.197729e-01,    5.153605e-01,    9.936592e-01,    5.447724e-02,   -4.273322e-01,   -5.736439e-01,    1.324800e-02,   -6.622800e-03,    1.402800e-01,   -2.010800e-01,   -1.447900e-01,    1.950900e-01,   -1.134700e-02,    6.225100e-03,    9.039000e-03,    9.039000e-03,    1.220300e-02,    1.220300e-02,    1.220300e-02,    1.220300e-02,    8.411300e-03,    8.411300e-03,
        25,    1.000000e+02,    2.216714e-01,   -6.455867e-02,    3.072390e-01,   -3.744757e-01,   -5.474702e-01,    3.530011e-01,   -1.822146e-01,    1.326592e-01,    1.404015e-01,   -4.035544e-02,    3.210130e-01,    1.290753e-01,   -9.511184e-01,    3.567205e-01,   -5.361841e-01,   -2.166090e-01,    2.288500e-01,   -6.662200e-02,    3.164800e-01,   -3.707600e-01,   -5.748500e-01,    3.632700e-01,   -2.151100e-01,    1.193700e-01,    5.112900e-02,    5.112900e-02,    2.878700e-02,    2.878700e-02,    2.878700e-02,    2.878700e-02,    6.135100e-02,    6.135100e-02,
        25,    1.584800e+02,    2.351251e-01,   -4.827317e-02,    4.150756e-01,   -4.645360e-01,   -6.323591e-01,    3.969251e-01,   -2.204714e-01,    1.397078e-01,    6.475989e-02,    9.551488e-02,    3.240796e-01,    6.548168e-02,   -6.663469e-01,    1.195366e-01,   -3.804058e-01,   -1.997890e-01,    2.389200e-01,   -4.267600e-02,    4.263400e-01,   -4.622600e-01,   -6.555200e-01,    4.010800e-01,   -2.468000e-01,    1.258800e-01,    5.860000e-02,    5.860000e-02,    3.475800e-02,    3.475800e-02,    3.475800e-02,    3.475800e-02,    6.921200e-02,    6.921200e-02,
        25,    2.511800e+02,    2.362750e-01,   -3.833126e-02,    5.441642e-01,   -5.653968e-01,   -7.117788e-01,    4.691621e-01,   -2.527191e-01,    1.487770e-01,   -8.250230e-02,    1.928212e-01,    2.486402e-01,    1.449401e-01,   -4.822121e-01,   -3.838527e-01,   -1.669488e-01,   -1.767710e-01,    2.309800e-01,   -2.595600e-02,    5.544000e-01,   -5.594300e-01,   -7.316300e-01,    4.533600e-01,   -2.654000e-01,    1.353500e-01,    6.418000e-02,    6.418000e-02,    4.116700e-02,    4.116700e-02,    4.116700e-02,    4.116700e-02,    7.595700e-02,    7.595700e-02,
        27,    1.000000e+02,    1.763207e-03,   -8.389013e-04,    1.007232e-01,   -1.231196e-01,   -8.388672e-02,    1.231646e-01,    1.798370e-03,   -5.381979e-04,   -7.420471e-01,   -9.628868e-01,   -4.904284e-02,    3.705778e-01,    9.291630e-01,    4.107715e-01,   -1.085587e+00,   -1.473545e+00,   -1.389900e-03,   -4.930400e-03,    1.003500e-01,   -1.203000e-01,   -7.681700e-02,    1.262900e-01,   -4.512800e-03,   -9.104800e-03,    4.249200e-03,    4.249200e-03,    7.608700e-03,    7.608700e-03,    7.608700e-03,    7.608700e-03,    5.813600e-03,    5.813600e-03,
        27,    1.584800e+02,    2.948098e-03,    3.281228e-04,    1.328573e-01,   -1.694383e-01,   -1.171643e-01,    1.654887e-01,    9.650192e-04,   -1.489051e-03,   -4.271237e-01,   -9.567063e-01,   -1.069083e+00,    4.135837e-01,    6.812666e-01,    9.033880e-01,   -4.301967e-01,   -1.026966e+00,    1.135000e-03,   -3.733000e-03,    1.218500e-01,   -1.651800e-01,   -1.101500e-01,    1.747900e-01,   -1.637800e-03,   -7.702500e-03,    4.244900e-03,    4.244900e-03,    1.029600e-02,    1.029600e-02,    1.029600e-02,    1.029600e-02,    6.050300e-03,    6.050300e-03,
        27,    2.511800e+02,    2.505874e-03,    2.011856e-03,    1.793680e-01,   -2.225970e-01,   -1.595121e-01,    2.152438e-01,    1.594789e-03,   -3.250411e-03,   -5.936051e-01,   -8.288194e-01,   -1.107271e+00,    1.630421e-01,   -7.064389e-02,    9.424386e-01,   -8.647680e-02,   -4.563176e-01,    1.016400e-03,   -6.781800e-05,    1.640400e-01,   -2.203400e-01,   -1.604900e-01,    2.282900e-01,    1.055900e-03,   -6.094000e-03,    2.509200e-03,    2.509200e-03,    1.384300e-02,    1.384300e-02,    1.384300e-02,    1.384300e-02,    6.231600e-03,    6.231600e-03,
        28,    1.000000e+02,    5.401309e-02,   -6.053740e-02,    1.076066e-01,   -1.102689e-01,   -9.314281e-02,    1.043957e-01,   -3.199522e-02,    3.387723e-02,    1.947562e-02,   -5.193798e-01,    4.632860e-01,   -9.287929e-01,   -7.597657e-01,   -3.269573e-01,   -2.950406e-01,    1.477839e-01,    5.438100e-02,   -7.034900e-02,    1.189200e-01,   -1.329500e-01,   -1.051000e-01,    9.925000e-02,   -3.578000e-02,    3.577300e-02,    1.889100e-02,    1.889100e-02,    2.442000e-02,    2.442000e-02,    1.573800e-02,    1.573800e-02,    1.282800e-02,    1.282800e-02,
        28,    1.584800e+02,    6.959937e-02,   -7.356517e-02,    1.316254e-01,   -1.457880e-01,   -1.190130e-01,    1.369962e-01,   -4.120860e-02,    3.873995e-02,    3.318681e-01,   -3.577631e-01,    6.435012e-01,   -6.757132e-01,   -6.678293e-01,   -6.597055e-01,   -3.540127e-01,    4.614236e-02,    7.753500e-02,   -8.212000e-02,    1.513500e-01,   -1.665000e-01,   -1.322300e-01,    1.239400e-01,   -4.680200e-02,    3.946900e-02,    2.391200e-02,    2.391200e-02,    3.065200e-02,    3.065200e-02,    1.979100e-02,    1.979100e-02,    1.580000e-02,    1.580000e-02,
        28,    2.511800e+02,    8.596331e-02,   -9.058107e-02,    1.627370e-01,   -1.925847e-01,   -1.512420e-01,    1.767857e-01,   -4.847392e-02,    4.601044e-02,    5.303320e-01,   -7.765416e-02,    8.664205e-01,   -2.856884e-01,   -5.467186e-01,   -9.562205e-01,   -5.113603e-01,   -2.094647e-01,    1.016500e-01,   -9.287800e-02,    1.958100e-01,   -2.034900e-01,   -1.646700e-01,    1.533000e-01,   -5.822300e-02,    4.201700e-02,    2.957900e-02,    2.957900e-02,    3.817200e-02,    3.817200e-02,    2.456100e-02,    2.456100e-02,    1.906500e-02,    1.906500e-02,
        29,    1.000000e+02,    3.946317e-01,   -1.600153e-01,    3.715358e-01,   -2.671346e-01,   -7.299741e-01,    4.366140e-01,   -3.205253e-01,    4.719648e-02,    3.295538e-02,    4.232860e-01,    2.364997e-01,   -5.004723e-01,    1.962577e-01,   -1.734423e-01,   -1.854153e-01,   -5.984795e-03,    3.968300e-01,   -1.317800e-01,    3.790000e-01,   -2.829300e-01,   -7.237800e-01,    4.311400e-01,   -3.353800e-01,    4.671700e-02,    6.670500e-02,    6.670500e-02,    3.156100e-02,    3.156100e-02,    3.156100e-02,    3.156100e-02,    8.011600e-02,    8.011600e-02,
        29,    1.584800e+02,    4.341883e-01,   -1.890453e-01,    4.292317e-01,   -3.356286e-01,   -8.320881e-01,    5.392455e-01,   -3.346666e-01,    2.798121e-02,   -7.690273e-02,    3.864051e-01,    3.609000e-01,   -2.963546e-01,    9.273178e-02,    3.122639e-02,   -2.086346e-01,   -1.816504e-01,    4.283400e-01,   -1.596600e-01,    4.426900e-01,   -3.466800e-01,   -8.286300e-01,    5.404100e-01,   -3.531700e-01,    1.187100e-02,    7.604800e-02,    7.604800e-02,    3.729100e-02,    3.729100e-02,    3.729100e-02,    3.729100e-02,    8.868800e-02,    8.868800e-02,
        29,    2.511800e+02,    4.830726e-01,   -2.284671e-01,    5.007322e-01,   -4.305605e-01,   -9.571496e-01,    6.810746e-01,   -3.487372e-01,    2.664861e-03,   -1.266653e-01,    3.718598e-01,    1.002908e-01,    1.480043e-02,    1.321873e-01,   -2.051111e-01,   -1.480420e-01,   -2.996587e-01,    4.720100e-01,   -1.959900e-01,    5.051400e-01,   -4.299100e-01,   -9.513400e-01,    6.720600e-01,   -3.632000e-01,   -2.661000e-02,    8.733700e-02,    8.733700e-02,    4.395000e-02,    4.395000e-02,    4.395000e-02,    4.395000e-02,    9.769400e-02,    9.769400e-02,
        30,    1.000000e+02,    7.945258e-01,   -1.711551e-01,    7.899876e-01,   -4.330045e-01,   -1.489396e+00,    6.055452e-01,   -9.883228e-01,    2.472716e-01,   -2.964771e-03,   -1.009445e-01,    1.496474e-01,   -4.748052e-01,    1.304186e-02,    2.919216e-01,    1.052830e-02,    1.963868e-01,    7.941400e-01,   -1.842900e-01,    7.991200e-01,   -4.619800e-01,   -1.488600e+00,    6.233600e-01,   -9.862900e-01,    2.851900e-01,    1.301200e-01,    1.301200e-01,    6.102600e-02,    6.102600e-02,    6.102600e-02,    6.102600e-02,    1.930800e-01,    1.930800e-01,
        30,    1.584800e+02,    8.294799e-01,   -1.769779e-01,    8.948137e-01,   -5.066766e-01,   -1.630748e+00,    7.200561e-01,   -1.041081e+00,    2.219580e-01,    8.295025e-02,   -1.358896e-01,    2.313145e-01,   -3.768203e-01,   -3.037315e-01,    7.601902e-02,   -1.628856e-01,    1.773406e-01,    8.413600e-01,   -1.964400e-01,    9.107700e-01,   -5.326700e-01,   -1.651700e+00,    7.253000e-01,   -1.075600e+00,    2.595400e-01,    1.432200e-01,    1.432200e-01,    6.898100e-02,    6.898100e-02,    6.898100e-02,    6.898100e-02,    2.119200e-01,    2.119200e-01,
        30,    2.511800e+02,    8.655369e-01,   -1.969446e-01,    1.009718e+00,   -6.080879e-01,   -1.801307e+00,    8.799221e-01,   -1.073620e+00,    2.107560e-01,    2.138651e-01,   -1.268537e-01,    3.633528e-03,   -2.512300e-01,   -3.949948e-01,   -3.412956e-02,   -2.875227e-01,    1.535668e-01,    8.991800e-01,   -2.169000e-01,    1.010000e+00,   -6.276100e-01,   -1.832000e+00,    8.772700e-01,   -1.140000e+00,    2.462100e-01,    1.573100e-01,    1.573100e-01,    7.770600e-02,    7.770600e-02,    7.770600e-02,    7.770600e-02,    2.308700e-01,    2.308700e-01,
        31,    1.000000e+02,   -8.153012e-03,    3.557979e-02,    3.223554e-01,   -3.787164e-01,   -2.897922e-01,    1.972159e-01,    2.232306e-02,   -1.718310e-02,    8.717437e-01,    4.326499e-01,    8.617703e-01,   -1.280010e+00,    2.707833e-01,    5.161078e-01,   -2.227565e-01,    1.116561e-02,    1.262500e-02,    4.589200e-02,    3.409800e-01,   -4.063800e-01,   -2.839400e-01,    2.083700e-01,    1.914900e-02,   -1.702400e-02,    2.383500e-02,    2.383500e-02,    2.161200e-02,    2.161200e-02,    2.161200e-02,    2.161200e-02,    1.424900e-02,    1.424900e-02,
        31,    1.584800e+02,   -2.105170e-02,    4.420380e-02,    4.393147e-01,   -4.472489e-01,   -3.364394e-01,    2.344024e-01,    2.967483e-02,   -1.862975e-02,    2.922882e-01,    8.940911e-01,    1.273095e+00,   -6.848575e-01,    1.686010e-01,    4.021554e-01,   -3.320072e-01,    1.379411e-01,   -1.127700e-02,    7.410400e-02,    4.726100e-01,   -4.651600e-01,   -3.320300e-01,    2.449200e-01,    2.420700e-02,   -1.635800e-02,    3.344200e-02,    3.344200e-02,    2.615300e-02,    2.615300e-02,    2.615300e-02,    2.615300e-02,    1.646900e-02,    1.646900e-02,
        31,    2.511800e+02,   -3.353505e-02,    5.085173e-02,    5.612131e-01,   -5.168813e-01,   -3.847552e-01,    2.881481e-01,    3.377603e-02,   -1.750077e-02,   -3.850733e-01,    1.012467e+00,    1.409842e+00,    6.959072e-02,   -3.750286e-02,    2.202940e-01,   -2.183043e-01,   -6.810977e-02,   -5.043900e-02,    9.529700e-02,    6.050000e-01,   -5.147200e-01,   -3.859200e-01,    2.949900e-01,    2.950600e-02,   -1.883300e-02,    4.389800e-02,    4.389800e-02,    3.105800e-02,    3.105800e-02,    3.105800e-02,    3.105800e-02,    1.956000e-02,    1.956000e-02,
        32,    1.000000e+02,   -4.792781e-03,   -2.682781e-03,    7.784898e-02,   -8.255498e-02,   -9.766584e-02,    9.989682e-02,    9.575846e-03,   -2.983788e-03,    4.459268e-01,   -5.354124e-02,   -6.782836e-02,   -7.392082e-01,   -6.897435e-01,    2.933977e-01,   -2.923011e-01,   -2.839941e-01,   -3.284300e-03,   -2.863900e-03,    7.740900e-02,   -8.735000e-02,   -1.021400e-01,    1.018000e-01,    7.980700e-03,   -4.533600e-03,    3.382800e-03,    3.382800e-03,    6.486700e-03,    6.486700e-03,    6.486700e-03,    6.486700e-03,    5.457200e-03,    5.457200e-03,
        32,    1.584800e+02,   -3.928933e-03,   -3.438974e-03,    9.798474e-02,   -1.055790e-01,   -1.247800e-01,    1.259898e-01,    1.094102e-02,   -4.343056e-03,    2.905904e-01,    2.327851e-01,    4.336232e-01,   -3.878435e-01,   -5.528387e-01,   -1.443044e-01,   -1.025728e-01,   -4.252506e-01,   -2.881500e-03,   -2.599900e-03,    1.015300e-01,   -1.087500e-01,   -1.293000e-01,    1.248100e-01,    1.020900e-02,   -7.377900e-03,    3.604500e-03,    3.604500e-03,    8.175900e-03,    8.175900e-03,    8.175900e-03,    8.175900e-03,    7.136600e-03,    7.136600e-03,
        32,    2.511800e+02,   -2.656276e-03,   -4.304769e-03,    1.227571e-01,   -1.350909e-01,   -1.574646e-01,    1.570578e-01,    1.256847e-02,   -4.707307e-03,   -2.977234e-02,    2.706409e-01,    7.780073e-01,    1.669795e-02,   -3.483507e-01,   -2.674959e-01,    1.317091e-01,   -3.455352e-01,   -2.781900e-03,   -3.162800e-03,    1.307200e-01,   -1.349200e-01,   -1.610300e-01,    1.543200e-01,    1.374100e-02,   -7.783400e-03,    4.219500e-03,    4.219500e-03,    1.023500e-02,    1.023500e-02,    1.023500e-02,    1.023500e-02,    8.902400e-03,    8.902400e-03,
        33,    1.000000e+02,    2.542101e-03,    5.539668e-03,    2.540257e-01,   -3.459223e-01,   -3.689928e-01,    2.932290e-01,    1.929962e-03,   -2.315301e-02,    2.644115e+00,    1.140356e-01,   -3.797963e-01,   -2.428679e+00,   -1.744859e+00,   -9.059486e-01,    1.071848e+00,    2.841203e-01,    8.103000e-02,    8.924700e-03,    2.433500e-01,   -4.141900e-01,   -4.114400e-01,    2.711900e-01,    2.065300e-02,   -1.819000e-02,    2.968400e-02,    2.968400e-02,    2.810900e-02,    2.810900e-02,    2.432700e-02,    2.432700e-02,    1.746800e-02,    1.746800e-02,
        33,    1.584800e+02,   -1.146860e-03,    2.736513e-03,    3.550680e-01,   -4.273108e-01,   -4.503079e-01,    3.471648e-01,    1.354070e-02,   -2.105365e-02,    2.807691e+00,    4.741871e-01,   -9.056100e-01,   -2.543574e+00,   -1.740404e+00,   -1.585777e-01,    1.806961e+00,    1.327123e-02,    1.094200e-01,    2.141000e-02,    3.186100e-01,   -5.297100e-01,   -5.037000e-01,    3.423000e-01,    7.108700e-02,   -2.063100e-02,    3.938000e-02,    3.938000e-02,    4.025800e-02,    4.025800e-02,    3.067800e-02,    3.067800e-02,    3.184700e-02,    3.184700e-02,
        33,    2.511800e+02,   -2.868658e-03,   -2.501439e-03,    4.680529e-01,   -5.178133e-01,   -5.369709e-01,    4.120102e-01,    2.196787e-02,   -1.447167e-02,    2.664615e+00,    7.556370e-01,   -1.505580e+00,   -2.494828e+00,   -1.311834e+00,    4.248971e-01,    2.086079e+00,   -1.003055e-01,    1.183500e-01,    3.187400e-02,    3.957700e-01,   -6.375900e-01,   -5.853500e-01,    4.276800e-01,    1.115900e-01,   -1.878100e-02,    4.549200e-02,    4.549200e-02,    4.801000e-02,    4.801000e-02,    3.687900e-02,    3.687900e-02,    4.296200e-02,    4.296200e-02,
        34,    1.000000e+02,   -2.706760e-03,   -9.895384e-03,    8.193222e-02,   -6.294273e-02,   -8.792748e-02,    8.122805e-02,    4.436629e-03,    3.062232e-03,   -2.687520e+00,    1.456456e+00,    3.294585e-01,    1.799973e+00,    1.744856e-01,    1.150309e-01,    3.721604e-01,   -1.081608e-01,   -2.118400e-02,    1.180400e-04,    8.372500e-02,   -5.314800e-02,   -8.697800e-02,    8.185400e-02,    5.996800e-03,    2.608800e-03,    6.875200e-03,    6.875200e-03,    5.441600e-03,    5.441600e-03,    5.441600e-03,    5.441600e-03,    4.192200e-03,    4.192200e-03,
        34,    1.584800e+02,    9.663806e-04,   -6.497892e-03,    9.178800e-02,   -8.639628e-02,   -1.028133e-01,    1.105990e-01,    2.938868e-03,    3.323580e-03,   -2.470189e+00,   -5.243861e-01,    2.307880e-01,    7.427871e-02,    9.096452e-01,    9.328076e-01,    2.352855e-02,    7.488277e-01,   -1.816400e-02,   -1.055900e-02,    9.338900e-02,   -8.588100e-02,   -9.650300e-02,    1.170700e-01,    3.060400e-03,    7.191500e-03,    7.744500e-03,    7.744500e-03,    6.937100e-03,    6.937100e-03,    6.937100e-03,    6.937100e-03,    5.165300e-03,    5.165300e-03,
        34,    2.511800e+02,    1.548398e-03,   -2.929250e-03,    1.069406e-01,   -1.216771e-01,   -1.257759e-01,    1.523174e-01,    1.731552e-03,    3.300534e-03,   -1.093260e+00,   -1.528000e+00,   -7.074134e-01,   -5.832477e-01,    5.465835e-01,    2.984758e-01,   -2.591500e-01,    2.072691e-01,   -6.846200e-03,   -1.466200e-02,    1.006300e-01,   -1.268800e-01,   -1.209000e-01,    1.549800e-01,    6.090700e-04,    4.198300e-03,    7.678500e-03,    7.678500e-03,    8.920600e-03,    8.920600e-03,    8.920600e-03,    8.920600e-03,    4.331400e-03,    4.331400e-03,
        35,    1.000000e+02,    5.744477e-03,   -1.178711e-02,    1.023927e-01,   -1.321759e-01,   -9.559927e-02,    1.170111e-01,    4.561984e-03,   -1.763146e-03,    4.552352e-01,   -3.029292e-01,   -8.979336e-01,   -2.952863e-01,    5.441706e-01,   -5.495755e-01,   -5.247214e-01,    1.731922e-02,    9.360000e-03,   -1.419300e-02,    9.544700e-02,   -1.344600e-01,   -9.139000e-02,    1.127600e-01,    2.836700e-03,   -1.706200e-03,    7.942100e-03,    7.942100e-03,    7.735200e-03,    7.735200e-03,    7.735200e-03,    7.735200e-03,    3.288000e-03,    3.288000e-03,
        35,    1.584800e+02,    8.260534e-03,   -1.477321e-02,    1.297608e-01,   -1.748920e-01,   -1.198971e-01,    1.546114e-01,    4.869757e-03,   -3.338574e-03,    4.244008e-01,   -1.779985e-01,   -6.521460e-01,   -1.675037e-01,    6.369789e-01,   -1.007643e-01,   -6.760140e-02,    1.393530e-01,    1.251600e-02,   -1.655800e-02,    1.231500e-01,   -1.765900e-01,   -1.134400e-01,    1.535900e-01,    4.547900e-03,   -2.675100e-03,    1.002700e-02,    1.002700e-02,    1.013700e-02,    1.013700e-02,    1.013700e-02,    1.013700e-02,    4.761100e-03,    4.761100e-03,
        35,    2.511800e+02,    1.088758e-02,   -1.895854e-02,    1.633299e-01,   -2.339348e-01,   -1.501039e-01,    2.062694e-01,    5.537640e-03,   -5.418191e-03,    8.257531e-01,    4.439184e-02,    1.252556e-01,   -3.980942e-01,    5.811074e-01,    5.259345e-01,   -1.759539e-01,   -3.796975e-02,    2.222600e-02,   -1.834900e-02,    1.650400e-01,   -2.393700e-01,   -1.421700e-01,    2.134500e-01,    4.405500e-03,   -5.662500e-03,    1.373100e-02,    1.373100e-02,    1.365300e-02,    1.365300e-02,    1.365300e-02,    1.365300e-02,    6.434300e-03,    6.434300e-03,
        36,    1.000000e+02,   -4.244055e-04,    4.871757e-03,    2.255654e-01,   -3.283461e-01,   -5.180093e-01,    3.956076e-01,    7.217302e-02,   -7.838275e-02,    3.180278e-01,    9.263493e-01,    1.083827e-01,   -2.038230e-01,    2.533627e-01,   -1.420803e+00,   -1.271340e-01,   -4.550784e-01,    3.486700e-03,    1.626400e-02,    2.282900e-01,   -3.334700e-01,   -5.116400e-01,    3.598900e-01,    6.699600e-02,   -9.691400e-02,    1.229800e-02,    1.229800e-02,    2.513900e-02,    2.513900e-02,    2.513900e-02,    2.513900e-02,    4.072100e-02,    4.072100e-02,
        36,    1.584800e+02,   -6.248297e-03,   -7.833630e-05,    3.102268e-01,   -4.228929e-01,   -6.183463e-01,    4.990645e-01,    9.874956e-02,   -8.253428e-02,    4.911280e-01,    7.535784e-01,    1.068497e+00,   -6.360094e-01,    5.944945e-01,   -7.332525e-01,    2.719514e-01,   -9.854064e-02,   -1.515100e-03,    7.184200e-03,    3.452500e-01,   -4.437400e-01,   -5.988600e-01,    4.750300e-01,    1.122000e-01,   -8.740800e-02,    9.637400e-03,    9.637400e-03,    3.277800e-02,    3.277800e-02,    3.277800e-02,    3.277800e-02,    4.945900e-02,    4.945900e-02,
        36,    2.511800e+02,   -1.086278e-02,   -1.103683e-02,    4.111537e-01,   -5.405522e-01,   -7.350988e-01,    6.292189e-01,    1.264730e-01,   -8.142178e-02,   -2.116766e-01,    8.186815e-01,    6.319493e-01,    4.389395e-01,    1.035684e+00,   -3.158670e-01,    1.732495e-01,    4.700649e-01,   -1.396300e-02,    9.535800e-04,    4.362800e-01,   -5.231000e-01,   -6.939200e-01,    6.166600e-01,    1.360700e-01,   -5.538300e-02,    1.464600e-02,    1.464600e-02,    3.976000e-02,    3.976000e-02,    3.976000e-02,    3.976000e-02,    5.539400e-02,    5.539400e-02,
        37,    1.584800e+02,    4.849516e-02,   -2.663249e-02,    4.439763e-01,   -5.589762e-01,   -4.813301e-01,    5.518563e-01,    3.705310e-02,   -6.866853e-02,    5.421207e-01,    1.943900e-01,   -7.758180e-01,   -4.308611e-01,   -2.473230e-02,   -1.361529e+00,   -1.000787e+00,    6.117717e-02,    6.655700e-02,   -2.015600e-02,    4.166900e-01,   -5.741300e-01,   -4.822000e-01,    5.039700e-01,    4.637600e-03,   -6.668700e-02,    3.331700e-02,    3.331700e-02,    3.517100e-02,    3.517100e-02,    3.517100e-02,    3.517100e-02,    3.239000e-02,    3.239000e-02,
        38,    1.000000e+02,    5.105356e-03,   -3.553622e-03,    9.117049e-02,   -9.251396e-02,   -7.895502e-02,    1.234901e-01,    1.848178e-03,    1.065115e-03,   -1.453275e+00,   -3.163011e+00,   -1.768818e+00,    1.982786e+00,   -2.813478e-01,    1.959088e+00,   -6.771789e-01,   -1.635108e+00,   -8.321600e-03,   -3.277700e-02,    7.937000e-02,   -7.928600e-02,   -8.083200e-02,    1.365600e-01,   -1.702000e-03,   -7.507100e-03,    9.239100e-03,    9.239100e-03,    6.671400e-03,    6.671400e-03,    6.671400e-03,    6.671400e-03,    5.242600e-03,    5.242600e-03,
        38,    1.584800e+02,    3.724268e-03,   -1.250399e-03,    1.094083e-01,   -1.280155e-01,   -1.086119e-01,    1.678038e-01,    2.390360e-03,   -3.958233e-04,    1.751850e-01,   -2.224913e+00,   -3.025896e+00,   -1.585736e-01,    1.555897e+00,    3.272162e-01,   -2.817679e-01,   -7.472287e-01,    5.210100e-03,   -2.012100e-02,    8.318100e-02,   -1.293900e-01,   -9.512600e-02,    1.706400e-01,    1.269600e-03,   -3.368000e-03,    8.481500e-03,    8.481500e-03,    8.667600e-03,    8.667600e-03,    8.667600e-03,    8.667600e-03,    3.977600e-03,    3.977600e-03,
        38,    2.511800e+02,    2.216153e-03,   -1.752595e-03,    1.360153e-01,   -1.754559e-01,   -1.472122e-01,    2.217596e-01,    4.077781e-03,   -6.310322e-04,    1.008927e+00,   -1.062584e+00,   -3.556926e+00,   -2.627698e+00,    2.432371e+00,    5.938163e-01,    1.371437e-01,   -9.055488e-01,    1.136500e-02,   -1.138800e-02,    9.300500e-02,   -2.072300e-01,   -1.178000e-01,    2.289400e-01,    5.049800e-03,   -7.049200e-03,    9.067900e-03,    9.067900e-03,    1.209200e-02,    1.209200e-02,    1.209200e-02,    1.209200e-02,    7.087600e-03,    7.087600e-03,
        39,    1.000000e+02,    4.369792e-03,   -1.253238e-02,    1.109952e-01,   -9.945437e-02,   -1.012122e-01,    9.402183e-02,   -7.978621e-03,    7.616644e-03,   -6.375937e-01,   -1.067897e+00,   -6.344322e-01,   -9.905197e-01,   -4.478264e-01,   -6.162575e-03,   -3.022056e-02,    5.334316e-01,   -1.101400e-03,   -2.169600e-02,    1.063800e-01,   -1.066600e-01,   -1.044700e-01,    9.397700e-02,   -8.178400e-03,    1.114300e-02,    8.581000e-03,    8.581000e-03,    7.274600e-03,    7.274600e-03,    7.274600e-03,    7.274600e-03,    6.610700e-03,    6.610700e-03,
        39,    1.584800e+02,    8.353323e-03,   -9.320266e-03,    1.318852e-01,   -1.267779e-01,   -1.209446e-01,    1.240355e-01,   -1.069803e-02,    6.928776e-03,    1.354669e-01,   -1.327219e+00,    2.032532e-01,   -1.356135e+00,   -4.289384e-01,   -2.491086e-01,   -3.372651e-01,    3.587460e-01,    9.769900e-03,   -2.319900e-02,    1.337500e-01,   -1.392200e-01,   -1.248800e-01,    1.217500e-01,   -1.342300e-02,    9.827300e-03,    1.045700e-02,    1.045700e-02,    9.174700e-03,    9.174700e-03,    9.174700e-03,    9.174700e-03,    8.079600e-03,    8.079600e-03,
        39,    2.511800e+02,    8.553380e-03,   -6.366402e-03,    1.566468e-01,   -1.671484e-01,   -1.478423e-01,    1.659114e-01,   -1.318130e-02,    5.459708e-03,    8.878523e-01,   -1.062638e+00,    1.423756e+00,   -1.008187e+00,   -6.805987e-01,   -5.164361e-01,   -4.342982e-01,    4.885087e-02,    1.963200e-02,   -1.962600e-02,    1.734400e-01,   -1.790400e-01,   -1.558700e-01,    1.598200e-01,   -1.734900e-02,    5.928500e-03,    1.247800e-02,    1.247800e-02,    1.179500e-02,    1.179500e-02,    1.179500e-02,    1.179500e-02,    9.596400e-03,    9.596400e-03,
        41,    1.000000e+02,    2.788479e-02,   -1.511450e-02,    8.386595e-02,   -1.122209e-01,   -9.182042e-02,    1.131038e-01,   -2.054688e-02,    6.858905e-03,   -1.487827e-01,   -3.161460e-01,   -2.776702e-01,   -4.587042e-01,    2.690619e-01,   -1.731839e-02,   -8.163347e-01,    4.079705e-01,    2.638000e-02,   -1.831200e-02,    8.188100e-02,   -1.155000e-01,   -8.989700e-02,    1.129800e-01,   -2.870100e-02,    1.093400e-02,    1.011400e-02,    1.011400e-02,    7.148600e-03,    7.148600e-03,    7.148600e-03,    7.148600e-03,    9.988700e-03,    9.988700e-03,
        41,    1.584800e+02,    3.076934e-02,   -2.553597e-02,    1.047005e-01,   -1.567432e-01,   -1.154367e-01,    1.625107e-01,   -2.006983e-02,    1.372431e-02,    1.836486e-01,   -2.188274e-01,    8.215252e-02,   -3.901389e-01,    4.374061e-01,    3.692117e-02,   -9.573887e-01,   -3.611130e-02,    3.329800e-02,   -2.854900e-02,    1.055000e-01,   -1.605400e-01,   -1.111800e-01,    1.628700e-01,   -3.192900e-02,    1.327700e-02,    1.376900e-02,    1.376900e-02,    9.731800e-03,    9.731800e-03,    9.731800e-03,    9.731800e-03,    1.238700e-02,    1.238700e-02,
        41,    2.511800e+02,    3.828099e-02,   -3.805581e-02,    1.387507e-01,   -2.191449e-01,   -1.554765e-01,    2.267170e-01,   -2.355321e-02,    2.331812e-02,    4.298706e-01,    9.912390e-02,   -6.002650e-02,    4.440640e-02,    6.533917e-01,   -1.447803e-01,   -7.907915e-01,   -4.752974e-01,    4.622500e-02,   -3.622400e-02,    1.379600e-01,   -2.185600e-01,   -1.468700e-01,    2.248100e-01,   -3.571400e-02,    1.600900e-02,    1.848000e-02,    1.848000e-02,    1.317200e-02,    1.317200e-02,    1.317200e-02,    1.317200e-02,    1.537800e-02,    1.537800e-02,
        42,    1.000000e+02,    4.800434e-03,   -2.603084e-02,    1.076825e-01,   -1.013564e-01,   -1.110654e-01,    1.063005e-01,   -2.900364e-03,    2.383485e-02,    1.724104e-02,   -3.573091e-01,   -1.034941e-01,   -1.287592e-01,    4.530222e-01,    6.069772e-01,   -8.116344e-02,    2.681254e-01,    4.972800e-03,   -2.960300e-02,    1.069000e-01,   -1.023300e-01,   -1.076400e-01,    1.108900e-01,   -3.682000e-03,    2.641700e-02,    9.997400e-03,    9.997400e-03,    7.561300e-03,    7.561300e-03,    7.561300e-03,    7.561300e-03,    9.630400e-03,    9.630400e-03,
        42,    1.584800e+02,    1.304307e-02,   -2.955328e-02,    1.320984e-01,   -1.306330e-01,   -1.340700e-01,    1.385208e-01,   -1.311797e-02,    2.559545e-02,    2.871639e-01,   -3.567879e-01,    1.177173e-01,   -1.945723e-01,   -3.052160e-01,    7.650154e-01,   -2.414014e-01,    3.001429e-01,    1.668000e-02,   -3.407200e-02,    1.332400e-01,   -1.325200e-01,   -1.370300e-01,    1.459400e-01,   -1.607900e-02,    2.927700e-02,    1.266500e-02,    1.266500e-02,    9.698100e-03,    9.698100e-03,    9.698100e-03,    9.698100e-03,    1.226600e-02,    1.226600e-02,
        42,    2.511800e+02,    2.113712e-02,   -3.284223e-02,    1.646975e-01,   -1.671215e-01,   -1.644031e-01,    1.832395e-01,   -2.012063e-02,    2.527963e-02,    4.135982e-01,   -1.847135e-01,    2.214529e-01,   -6.850917e-04,   -1.048457e+00,    2.723450e-01,   -4.196817e-01,    1.858173e-01,    2.754500e-02,   -3.570400e-02,    1.674300e-01,   -1.671300e-01,   -1.773400e-01,    1.866000e-01,   -2.638900e-02,    2.805500e-02,    1.549300e-02,    1.549300e-02,    1.233900e-02,    1.233900e-02,    1.233900e-02,    1.233900e-02,    1.493600e-02,    1.493600e-02,
        43,    2.511800e+02,   -1.430116e-02,    1.940350e-02,    1.856323e-01,   -2.237200e-01,   -2.233873e-01,    2.693736e-01,    3.664727e-02,   -4.126917e-02,    1.010217e+00,    4.606807e-01,   -8.778963e-01,    2.344586e-01,    6.483320e-01,   -6.814001e-01,   -5.297581e-01,    9.340617e-02,   -1.570400e-03,    2.520900e-02,    1.721900e-01,   -2.201300e-01,   -2.134600e-01,    2.589400e-01,    2.660200e-02,   -3.949800e-02,    1.260200e-02,    1.260200e-02,    1.531200e-02,    1.531200e-02,    1.531200e-02,    1.531200e-02,    1.896200e-02,    1.896200e-02,
        44,    1.000000e+02,    4.203687e-03,   -1.508769e-03,    1.421133e-01,   -1.494299e-01,   -1.363819e-01,    1.451522e-01,   -4.099584e-03,    3.214258e-03,    6.536042e-02,   -4.216013e-01,    1.518965e-01,   -1.294990e-01,    1.010073e-01,   -2.522723e-01,   -1.163829e-01,   -3.274282e-02,    4.546600e-03,   -3.720700e-03,    1.436500e-01,   -1.507400e-01,   -1.353600e-01,    1.426000e-01,   -4.678100e-03,    3.051500e-03,    5.246500e-03,    5.246500e-03,    1.011700e-02,    1.011700e-02,    1.011700e-02,    1.011700e-02,    4.970800e-03,    4.970800e-03,
        44,    1.584800e+02,    3.474540e-03,    8.017159e-04,    1.816560e-01,   -1.877678e-01,   -1.761772e-01,    1.830600e-01,   -4.923859e-03,    8.390441e-04,    3.130021e-01,   -2.717080e-01,    4.369343e-01,   -2.601405e-01,    1.756673e-01,   -1.419426e-01,    5.796981e-02,    1.813323e-01,    5.241500e-03,   -7.321300e-04,    1.873200e-01,   -1.911400e-01,   -1.739000e-01,    1.812200e-01,   -4.617100e-03,    1.798600e-03,    5.645200e-03,    5.645200e-03,    1.296300e-02,    1.296300e-02,    1.296300e-02,    1.296300e-02,    5.291700e-03,    5.291700e-03,
        44,    2.511800e+02,    2.313895e-03,    2.281337e-03,    2.294186e-01,   -2.349588e-01,   -2.245676e-01,    2.284816e-01,   -3.897331e-03,   -9.398753e-04,    4.545183e-01,    8.601958e-02,    7.658899e-01,   -1.582407e-01,    4.590906e-01,    9.883192e-02,    8.253119e-02,    2.488087e-01,    5.423800e-03,    2.869900e-03,    2.419600e-01,   -2.375500e-01,   -2.170500e-01,    2.301000e-01,   -3.485500e-03,    3.016800e-04,    6.842200e-03,    6.842200e-03,    1.637500e-02,    1.637500e-02,    1.637500e-02,    1.637500e-02,    4.990000e-03,    4.990000e-03,
        45,    1.000000e+02,   -1.104765e-02,    3.728432e-03,    1.239112e-01,   -1.475218e-01,   -1.344569e-01,    1.394442e-01,    1.737349e-02,   -9.712789e-03,    2.142618e-02,   -2.809520e-01,   -1.368087e-01,   -2.535042e-01,    7.526885e-02,   -8.637939e-02,   -7.197088e-01,   -4.427376e-01,   -1.089900e-02,    1.779300e-03,    1.225900e-01,   -1.499700e-01,   -1.337300e-01,    1.386100e-01,    1.110000e-02,   -1.357200e-02,    6.937600e-03,    6.937600e-03,    9.657600e-03,    9.657600e-03,    9.657600e-03,    9.657600e-03,    8.716700e-03,    8.716700e-03,
        45,    1.584800e+02,   -1.159195e-02,    2.375839e-03,    1.637005e-01,   -1.827298e-01,   -1.692973e-01,    1.719789e-01,    1.998139e-02,   -8.593836e-03,    1.288922e-01,   -1.874044e-01,    5.832529e-02,   -2.885492e-01,    2.677582e-01,   -8.704292e-02,   -3.773323e-01,   -6.516008e-01,   -1.059800e-02,    9.306700e-04,    1.644100e-01,   -1.862400e-01,   -1.660400e-01,    1.709200e-01,    1.585300e-02,   -1.572300e-02,    7.711500e-03,    7.711500e-03,    1.216500e-02,    1.216500e-02,    1.216500e-02,    1.216500e-02,    1.094100e-02,    1.094100e-02,
        45,    2.511800e+02,   -1.084802e-02,    1.602846e-03,    2.101979e-01,   -2.256589e-01,   -2.101818e-01,    2.152688e-01,    2.125633e-02,   -8.090745e-03,    8.243672e-02,   -3.365543e-02,   -9.165905e-03,   -2.333017e-02,    5.596257e-01,   -1.308260e-01,   -2.295898e-02,   -7.193836e-01,   -1.015300e-02,    1.319100e-03,    2.100600e-01,   -2.260100e-01,   -2.017600e-01,    2.133000e-01,    2.094700e-02,   -1.778300e-02,    8.430900e-03,    8.430900e-03,    1.504900e-02,    1.504900e-02,    1.504900e-02,    1.504900e-02,    1.347300e-02,    1.347300e-02,
        46,    1.000000e+02,   -3.232210e-02,    1.279821e-02,    1.223735e-01,   -1.079510e-01,   -1.066289e-01,    1.073263e-01,    1.873719e-02,   -4.341138e-03,   -7.933650e-01,   -3.512747e-01,   -1.016864e+00,   -1.434471e+00,   -1.231203e+00,    9.914003e-02,    6.807380e-02,   -1.177018e+00,   -4.237800e-02,    8.345800e-03,    1.141300e-01,   -1.195800e-01,   -1.166100e-01,    1.081300e-01,    1.937800e-02,   -1.542100e-02,    1.267500e-02,    1.267500e-02,    8.106800e-03,    8.106800e-03,    8.106800e-03,    8.106800e-03,    9.413500e-03,    9.413500e-03,
        46,    1.584800e+02,   -3.688765e-02,    2.139047e-02,    1.522410e-01,   -1.389429e-01,   -1.369563e-01,    1.409513e-01,    1.952540e-02,   -7.992923e-03,   -4.495214e-01,   -5.465839e-01,   -5.589473e-01,   -2.437457e-01,   -2.043417e+00,    3.692511e-01,    5.282533e-01,   -6.416859e-02,   -4.337200e-02,    1.350600e-02,    1.464000e-01,   -1.414900e-01,   -1.583100e-01,    1.448100e-01,    2.555700e-02,   -8.725600e-03,    1.442500e-02,    1.442500e-02,    1.045000e-02,    1.045000e-02,    1.045000e-02,    1.045000e-02,    1.141800e-02,    1.141800e-02,
        46,    2.511800e+02,   -4.624549e-02,    2.893253e-02,    1.916987e-01,   -1.736148e-01,   -1.786057e-01,    1.784625e-01,    2.329000e-02,   -1.152200e-02,    1.747893e-01,   -6.757575e-01,   -1.020138e+00,    7.274060e-01,   -8.792013e-01,   -6.460904e-01,    4.822732e-01,    2.604442e-01,   -4.344100e-02,    1.809000e-02,    1.790000e-01,   -1.645600e-01,   -1.895500e-01,    1.704200e-01,    2.969700e-02,   -8.062000e-03,    1.604500e-02,    1.604500e-02,    1.244800e-02,    1.244800e-02,    1.244800e-02,    1.244800e-02,    1.328500e-02,    1.328500e-02,
        47,    1.000000e+02,   -1.330764e-02,    4.106474e-02,    2.000449e-01,   -1.725928e-01,   -1.629758e-01,    1.012704e-01,    8.927719e-04,   -4.567378e-02,   -8.907718e-01,    1.319715e-01,    1.520221e-01,    6.776915e-01,    5.967159e-01,   -3.887895e-01,    3.092849e-01,    7.259477e-01,   -2.888100e-02,    4.337200e-02,    2.017100e-01,   -1.651700e-01,   -1.564400e-01,    9.701200e-02,    4.721100e-03,   -3.668800e-02,    1.748300e-02,    1.748300e-02,    1.095300e-02,    1.095300e-02,    1.095300e-02,    1.095300e-02,    1.237800e-02,    1.237800e-02,
        47,    1.584800e+02,   -2.693579e-02,    4.768064e-02,    2.540111e-01,   -2.032789e-01,   -1.863494e-01,    1.245018e-01,    1.901804e-02,   -5.650002e-02,   -7.211168e-01,   -2.426040e-01,   -2.392737e-01,    1.025777e+00,    6.965432e-01,   -8.357405e-01,    1.016264e-01,    7.992395e-01,   -4.176700e-02,    4.269100e-02,    2.509300e-01,   -1.900700e-01,   -1.773800e-01,    1.137400e-01,    2.056500e-02,   -4.433400e-02,    2.056700e-02,    2.056700e-02,    1.287700e-02,    1.287700e-02,    1.287700e-02,    1.287700e-02,    1.522200e-02,    1.522200e-02,
        47,    2.511800e+02,   -4.158180e-02,    5.363512e-02,    3.140868e-01,   -2.324475e-01,   -2.141899e-01,    1.569962e-01,    3.974341e-02,   -6.358322e-02,   -4.747368e-01,   -4.980001e-01,   -5.703062e-01,    6.362075e-01,    7.067786e-01,   -8.721494e-01,   -4.479859e-02,    5.856681e-01,   -5.294700e-02,    4.171300e-02,    3.053400e-01,   -2.226900e-01,   -2.033500e-01,    1.436200e-01,    3.888700e-02,   -5.238700e-02,    2.394000e-02,    2.394000e-02,    1.533700e-02,    1.533700e-02,    1.533700e-02,    1.533700e-02,    1.911700e-02,    1.911700e-02,
        48,    1.000000e+02,    4.574478e-03,   -4.917588e-03,    1.283954e-01,   -1.276501e-01,   -1.421853e-01,    1.339304e-01,   -1.571849e-02,    1.367673e-02,   -7.089597e-02,    3.196449e-01,   -3.096807e-01,   -2.941267e-01,    5.191138e-02,   -2.781312e-01,    2.352058e-01,   -6.367125e-02,    4.240700e-03,   -3.412700e-03,    1.255000e-01,   -1.304000e-01,   -1.417000e-01,    1.313300e-01,   -1.358800e-02,    1.310000e-02,    4.708000e-03,    4.708000e-03,    9.349500e-03,    9.349500e-03,    9.349500e-03,    9.349500e-03,    9.058000e-03,    9.058000e-03,
        48,    1.584800e+02,    8.529318e-03,   -2.683307e-03,    1.555700e-01,   -1.689825e-01,   -1.738606e-01,    1.699480e-01,   -2.024728e-02,    1.400238e-02,   -6.468742e-02,    8.132290e-02,   -2.350656e-01,   -3.562063e-01,    1.875969e-01,   -1.279710e-01,    2.370013e-01,    7.026074e-02,    8.102400e-03,   -2.146600e-03,    1.528000e-01,   -1.731800e-01,   -1.716500e-01,    1.684400e-01,   -1.760400e-02,    1.478600e-02,    6.599700e-03,    6.599700e-03,    1.178400e-02,    1.178400e-02,    1.178400e-02,    1.178400e-02,    1.115300e-02,    1.115300e-02,
        48,    2.511800e+02,    9.339728e-03,    2.416156e-03,    1.944367e-01,   -2.258271e-01,   -2.131094e-01,    2.178190e-01,   -2.396321e-02,    1.396758e-02,    1.382918e-01,   -5.321069e-02,    5.464697e-02,   -8.824122e-03,    3.845963e-02,   -2.582257e-02,    8.880818e-03,    1.300886e-01,    1.051200e-02,    1.965100e-03,    1.952600e-01,   -2.259600e-01,   -2.125300e-01,    2.174300e-01,   -2.383900e-02,    1.578700e-02,    8.476800e-03,    8.476800e-03,    1.506600e-02,    1.506600e-02,    1.506600e-02,    1.506600e-02,    1.398600e-02,    1.398600e-02,
VTF,
     StaID,        Freq[Hz],     Re(Tzx)_Cal,     Im(Tzx)_Cal,     Re(Tzy)_Cal,     Im(Tzy)_Cal,     Re(Tzx)_Res,     Im(Tzx)_Res,     Re(Tzy)_Res,     Im(Tzy)_Res,     Re(Tzx)_Obs,     Im(Tzx)_Obs,     Re(Tzy)_Obs,     Im(Tzy)_Obs,      Re(Tzx)_SD,      Im(Tzx)_SD,      Re(Tzy)_SD,      Im(Tzy)_SD,
      1001,    1.000000e+02,    5.799095e-02,    3.132761e-03,    8.942602e-02,    5.180978e-02,    3.376682e-01,    2.251346e-01,    6.574660e-01,   -7.798258e-01,    6.812100e-02,    9.886800e-03,    1.091500e-01,    2.841500e-02,    3.000000e-02,    3.000000e-02,    3.000000e-02,    3.000000e-02,
      1001,    1.584800e+02,    5.417442e-02,    1.165235e-02,    6.746362e-02,    5.207941e-02,    6.205525e-01,    1.212550e-01,    8.537459e-01,   -2.245471e-01,    7.279100e-02,    1.529000e-02,    9.307600e-02,    4.534300e-02,    3.000000e-02,    3.000000e-02,    3.000000e-02,    3.000000e-02,
      1001,    2.511800e+02,    4.636289e-02,    1.511751e-02,    4.941071e-02,    4.914159e-02,    6.205705e-01,    5.036163e-01,    3.476096e-01,    7.221362e-02,    6.498000e-02,    3.022600e-02,    5.983900e-02,    5.130800e-02,    3.000000e-02,    3.000000e-02,    3.000000e-02,    3.000000e-02,
      1002,    1.000000e+02,    1.565815e-01,   -1.061676e-02,   -2.006267e-01,    3.447546e-02,    1.756162e-01,    2.884052e-01,   -2.594420e-01,   -7.933820e-01,    1.618500e-01,   -1.964600e-03,   -2.084100e-01,    1.067400e-02,    3.000000e-02,    3.000000e-02,    3.000000e-02,    3.000000e-02,
      1002,    1.584800e+02,    1.558811e-01,    1.855719e-02,   -2.078998e-01,    1.098901e-03,    1.319634e-01,    4.046603e-01,    1.466601e-01,   -9.173300e-01,    1.598400e-01,    3.069700e-02,   -2.035000e-01,   -2.642100e-02,    3.000000e-02,    3.000000e-02,    3.000000e-02,    3.000000e-02,
      1002,    2.511800e+02,    1.391941e-01,    4.153749e-02,   -1.972243e-01,   -2.834051e-02,    5.552931e-02,    3.188838e-01,    4.964777e-01,   -8.401830e-01,    1.408600e-01,    5.110400e-02,   -1.823300e-01,   -5.354600e-02,    3.000000e-02,    3.000000e-02,    3.000000e-02,    3.000000e-02,
      1003,    1.000000e+02,    8.514427e-02,   -2.417029e-02,   -1.329766e-01,    9.557500e-03,    8.068575e-01,    3.990431e-01,   -2.011131e-01,    1.771167e-01,    1.093500e-01,   -1.219900e-02,   -1.390100e-01,    1.487100e-02,    3.000000e-02,    3.000000e-02,    3.000000e-02,    3.000000e-02,
      1003,    1.584800e+02,    9.321169e-02,   -1.320602e-02,   -1.298424e-01,   -1.030671e-02,    8.166102e-01,    4.061975e-01,   -2.022533e-01,   -8.840953e-02,    1.177100e-01,   -1.020100e-03,   -1.359100e-01,   -1.295900e-02,    3.000000e-02,    3.000000e-02,    3.000000e-02,    3.000000e-02,
      1003,    2.511800e+02,    9.677550e-02,   -1.406246e-03,   -1.196567e-01,   -2.383489e-02,    4.361501e-01,    4.342415e-01,   -9.410971e-02,   -2.376705e-01,    1.098600e-01,    1.162100e-02,   -1.224800e-01,   -3.096500e-02,    3.000000e-02,    3.000000e-02,    3.000000e-02,    3.000000e-02,
      1004,    1.000000e+02,   -4.775478e-02,    1.191382e-02,    1.842829e-01,    1.415489e-01,   -6.704405e-01,    2.934059e-01,    6.572367e-01,   -3.676309e-01,   -6.786800e-02,    2.071600e-02,    2.040000e-01,    1.305200e-01,    3.000000e-02,    3.000000e-02,    3.000000e-02,    3.000000e-02,
      1004,    1.584800e+02,   -5.090354e-02,    1.749515e-02,    1.471815e-01,    1.277445e-01,   -4.891820e-01,   -1.996049e-01,    6.996160e-01,   -2.114851e-02,   -6.557900e-02,    1.150700e-02,    1.681700e-01,    1.271100e-01,    3.000000e-02,    3.000000e-02,    3.000000e-02,    3.000000e-02,
      1004,    2.511800e+02,   -5.888753e-02,    2.111840e-02,    1.153660e-01,    1.198326e-01,   -4.854908e-02,   -3.751535e-01,    6.394679e-01,    9.658134e-02,   -6.034400e-02,    9.863800e-03,    1.345500e-01,    1.227300e-01,    3.000000e-02,    3.000000e-02,    3.000000e-02,    3.000000e-02,
      1005,    1.000000e+02,    1.146951e-02,    4.596413e-02,    1.147546e-01,    5.110173e-02,    7.189495e-01,    7.380958e-01,    3.345119e-01,    2.436088e-01,    3.303800e-02,    6.810700e-02,    1.247900e-01,    5.841000e-02,    3.000000e-02,    3.000000e-02,    3.000000e-02,    3.000000e-02,
      1005,    1.584800e+02,   -4.608563e-03,    4.519858e-02,    9.156632e-02,    6.239564e-02,    6.227188e-01,    1.033514e+00,    3.698944e-02,    5.351119e-01,    1.407300e-02,    7.620400e-02,    9.267600e-02,    7.844900e-02,    3.000000e-02,    3.000000e-02,    3.000000e-02,    3.000000e-02,
      1005,    2.511800e+02,   -1.999090e-02,    3.982823e-02,    6.430638e-02,    6.747605e-02,    3.111968e-01,    1.479526e+00,   -1.805459e-01,    7.382318e-01,   -1.065500e-02,    8.421400e-02,    5.889000e-02,    8.962300e-02,    3.000000e-02,    3.000000e-02,    3.000000e-02,    3.000000e-02,
      1006,    1.000000e+02,   -2.663429e-02,    3.196672e-02,   -8.778363e-03,   -2.222846e-02,    4.506764e-01,   -5.195240e-01,    1.219154e-01,    8.678254e-01,   -1.311400e-02,    1.638100e-02,   -5.120900e-03,    3.806300e-03,    3.000000e-02,    3.000000e-02,    3.000000e-02,    3.000000e-02,
      1006,    1.584800e+02,   -3.381616e-02,    1.963627e-02,    4.331779e-03,   -2.368996e-02,    4.832054e-01,   -1.395422e-01,   -1.317563e-01,    7.628805e-01,   -1.932000e-02,    1.545000e-02,    3.790900e-04,   -8.035500e-04,    3.000000e-02,    3.000000e-02,    3.000000e-02,    3.000000e-02,
      1006,    2.511800e+02,   -3.361974e-02,    9.998495e-03,    1.438997e-02,   -1.965263e-02,    1.602913e-01,    9.988349e-02,   -2.134258e-01,    5.388043e-01,   -2.881100e-02,    1.299500e-02,    7.987200e-03,   -3.488500e-03,    3.000000e-02,    3.000000e-02,    3.000000e-02,    3.000000e-02,
      1007,    1.000000e+02,   -5.690263e-02,   -3.319019e-02,    2.624528e-02,    8.439944e-02,   -1.487790e-01,    1.553398e-01,    5.722404e-02,   -3.680814e-01,   -6.136600e-02,   -2.853000e-02,    2.796200e-02,    7.335700e-02,    3.000000e-02,    3.000000e-02,    3.000000e-02,    3.000000e-02,
      1007,    1.584800e+02,   -4.147010e-02,   -3.287651e-02,   -8.316235e-03,    7.224816e-02,   -1.536300e-01,    8.998379e-02,    2.305012e-01,   -1.726054e-01,   -4.607900e-02,   -3.017700e-02,   -1.401200e-03,    6.707000e-02,    3.000000e-02,    3.000000e-02,    3.000000e-02,    3.000000e-02,
      1007,    2.511800e+02,   -2.761823e-02,   -2.598556e-02,   -3.230599e-02,    4.928136e-02,   -1.330256e-01,    1.648538e-02,    2.109997e-01,    8.828815e-02,   -3.160900e-02,   -2.549100e-02,   -2.597600e-02,    5.193000e-02,    3.000000e-02,    3.000000e-02,    3.000000e-02,    3.000000e-02,
      1008,    1.000000e+02,    6.669623e-02,    3.075798e-02,   -5.201633e-02,   -2.404057e-02,   -2.564743e-01,    3.544340e-01,    5.027445e-01,   -6.276142e-01,    5.900200e-02,    4.139100e-02,   -3.693400e-02,   -4.286900e-02,    3.000000e-02,    3.000000e-02,    3.000000e-02,    3.000000e-02,
      1008,    1.584800e+02,    4.968496e-02,    5.509303e-02,   -5.177467e-02,   -3.096624e-02,    2.226679e-01,    6.032656e-01,    4.863556e-01,   -8.539216e-02,    5.636500e-02,    7.319100e-02,   -3.718400e-02,   -3.352800e-02,    3.000000e-02,    3.000000e-02,    3.000000e-02,    3.000000e-02,
      1008,    2.511800e+02,    2.083351e-02,    6.563244e-02,   -4.047281e-02,   -4.293536e-02,    8.444978e-02,    7.050852e-01,   -3.817312e-02,    2.344517e-02,    2.336700e-02,    8.678500e-02,   -4.161800e-02,   -4.223200e-02,    3.000000e-02,    3.000000e-02,    3.000000e-02,    3.000000e-02,
      1010,    1.000000e+02,   -9.421603e-02,    1.765356e-02,    1.821160e-02,    3.540788e-02,    2.835676e-01,   -7.295206e-02,   -4.114634e-01,   -2.686626e-01,   -8.570900e-02,    1.546500e-02,    5.867700e-03,    2.734800e-02,    3.000000e-02,    3.000000e-02,    3.000000e-02,    3.000000e-02,
      1010,    1.584800e+02,   -7.994030e-02,   -1.393583e-02,    5.960015e-03,    3.209869e-02,    3.382434e-01,   -2.097725e-01,   -2.704372e-01,   -1.720564e-01,   -6.979300e-02,   -2.022900e-02,   -2.153100e-03,    2.693700e-02,    3.000000e-02,    3.000000e-02,    3.000000e-02,    3.000000e-02,
      1010,    2.511800e+02,   -5.932133e-02,   -2.806591e-02,   -4.357325e-03,    2.690473e-02,    3.729442e-01,   -1.590697e-01,   -3.326892e-01,   -1.736576e-01,   -4.813300e-02,   -3.283800e-02,   -1.433800e-02,    2.169500e-02,    3.000000e-02,    3.000000e-02,    3.000000e-02,    3.000000e-02,
      1011,    1.000000e+02,    5.654141e-02,    4.458410e-02,   -4.441866e-03,   -2.698781e-02,    5.279196e-01,    2.923007e-02,   -5.094711e-01,   -4.359065e-01,    7.237900e-02,    4.546100e-02,   -1.972600e-02,   -4.006500e-02,    3.000000e-02,    3.000000e-02,    3.000000e-02,    3.000000e-02,
      1011,    1.584800e+02,    4.803481e-02,    3.388365e-02,    3.561555e-03,   -3.014053e-02,    5.486731e-01,    3.493115e-01,    3.023148e-01,   -1.764489e-01,    6.449500e-02,    4.436300e-02,    1.263100e-02,   -3.543400e-02,    3.000000e-02,    3.000000e-02,    3.000000e-02,    3.000000e-02,
      1011,    2.511800e+02,    4.243248e-02,    2.788185e-02,    1.637429e-02,   -3.093207e-02,    3.203841e-01,    5.182384e-01,    2.902904e-01,   -5.103309e-01,    5.204400e-02,    4.342900e-02,    2.508300e-02,   -4.624200e-02,    3.000000e-02,    3.000000e-02,    3.000000e-02,    3.000000e-02,
      1012,    1.000000e+02,    5.787897e-02,    1.409658e-02,   -7.810054e-03,   -8.859424e-03,   -5.003656e-01,   -1.551559e-01,    1.578951e-01,    4.403541e-01,    4.286800e-02,    9.441900e-03,   -3.073200e-03,    4.351200e-03,    3.000000e-02,    3.000000e-02,    3.000000e-02,    3.000000e-02,
      1012,    1.584800e+02,    6.004246e-02,    8.646230e-03,   -6.930574e-03,    3.567606e-05,    3.377181e-01,   -5.433910e-01,   -8.644753e-02,    4.681775e-01,    7.017400e-02,   -7.655500e-03,   -9.524000e-03,    1.408100e-02,    3.000000e-02,    3.000000e-02,    3.000000e-02,    3.000000e-02,
      1012,    2.511800e+02,    6.055064e-02,    7.208302e-03,   -9.532892e-03,    5.970632e-03,    3.876785e-01,    3.351899e-01,   -3.224369e-01,    4.447123e-01,    7.218100e-02,    1.726400e-02,   -1.920600e-02,    1.931200e-02,    3.000000e-02,    3.000000e-02,    3.000000e-02,    3.000000e-02,
      1013,    2.511800e+02,   -4.183640e-02,   -4.887011e-02,   -3.028871e-01,   -2.035253e-01,   -1.176253e+00,   -1.852663e+00,   -2.250764e+00,   -2.437488e+00,   -7.712400e-02,   -1.044500e-01,   -3.704100e-01,   -2.766500e-01,    3.000000e-02,    3.000000e-02,    3.000000e-02,    3.000000e-02,
      1014,    1.000000e+02,   -5.068724e-02,    1.812113e-01,   -1.109040e-01,   -2.257888e-03,    5.919746e-01,    2.952907e-01,    8.231012e-01,   -8.727371e-01,   -3.292800e-02,    1.900700e-01,   -8.621100e-02,   -2.844000e-02,    3.000000e-02,    3.000000e-02,    3.000000e-02,    3.000000e-02,
      1014,    1.584800e+02,   -1.045641e-01,    1.478955e-01,   -9.612240e-02,   -2.044191e-02,    2.225692e-01,    4.168159e-01,    1.151747e+00,   -1.829030e-01,   -9.788700e-02,    1.604000e-01,   -6.157000e-02,   -2.592900e-02,    3.000000e-02,    3.000000e-02,    3.000000e-02,    3.000000e-02,
      1014,    2.511800e+02,   -1.418190e-01,    1.144342e-01,   -7.942305e-02,   -2.855668e-02,   -1.410339e-01,   -4.513877e-02,    1.026768e+00,    7.194660e-01,   -1.460500e-01,    1.130800e-01,   -4.862000e-02,   -6.972700e-03,    3.000000e-02,    3.000000e-02,    3.000000e-02,    3.000000e-02,
      1015,    1.000000e+02,   -5.708481e-02,   -1.614246e-02,   -4.046253e-02,    8.421941e-03,    4.810604e-01,   -3.106513e-01,    1.894177e-01,   -5.791714e-01,   -4.265300e-02,   -2.546200e-02,   -3.478000e-02,   -8.953200e-03,    3.000000e-02,    3.000000e-02,    3.000000e-02,    3.000000e-02,
      1015,    1.584800e+02,   -4.457777e-02,   -2.272212e-02,   -4.166979e-02,    1.722978e-03,    5.244256e-01,   -2.622959e-01,    4.736928e-01,   -2.726859e-01,   -2.884500e-02,   -3.059100e-02,   -2.745900e-02,   -6.457600e-03,    3.000000e-02,    3.000000e-02,    3.000000e-02,    3.000000e-02,
      1015,    2.511800e+02,   -3.313725e-02,   -2.567754e-02,   -3.990408e-02,   -1.946780e-03,    5.346750e-01,   -2.643488e-01,    5.498694e-01,    2.153327e-01,   -1.709700e-02,   -3.360800e-02,   -2.340800e-02,    4.513200e-03,    3.000000e-02,    3.000000e-02,    3.000000e-02,    3.000000e-02,
      1016,    1.000000e+02,   -1.433215e-01,    5.650312e-02,   -1.385645e-02,   -3.269836e-02,    8.340503e-01,    5.926625e-01,    4.015111e-03,    2.273786e-01,   -1.183000e-01,    7.428300e-02,   -1.373600e-02,   -2.587700e-02,    3.000000e-02,    3.000000e-02,    3.000000e-02,    3.000000e-02,
      1016,    1.584800e+02,   -1.484666e-01,    3.015332e-02,    1.589067e-03,   -3.287687e-02,    1.285554e+00,    6.446562e-01,   -2.409356e-01,    4.227289e-01,   -1.099000e-01,    4.949300e-02,   -5.639000e-03,   -2.019500e-02,    3.000000e-02,    3.000000e-02,    3.000000e-02,    3.000000e-02,
      1016,    2.511800e+02,   -1.495774e-01,    1.120789e-02,    1.355003e-02,   -2.870570e-02,    4.252454e-01,   -8.262881e-03,   -5.710105e-02,    4.502901e-01,   -1.368200e-01,    1.096000e-02,    1.183700e-02,   -1.519700e-02,    3.000000e-02,    3.000000e-02,    3.000000e-02,    3.000000e-02,
      1017,    1.000000e+02,    1.502241e-01,   -2.530608e-02,    2.766974e-01,   -4.529516e-02,   -1.878019e-01,   -5.918306e-01,   -5.391206e-02,   -4.940280e-01,    1.445900e-01,   -4.306100e-02,    2.750800e-01,   -6.011600e-02,    3.000000e-02,    3.000000e-02,    3.000000e-02,    3.000000e-02,
      1017,    1.584800e+02,    1.577318e-01,   -1.842444e-02,    2.864287e-01,   -1.703151e-02,   -2.839387e-02,   -3.520519e-01,    3.063780e-01,   -4.280165e-01,    1.568800e-01,   -2.898600e-02,    2.956200e-01,   -2.987200e-02,    3.000000e-02,    3.000000e-02,    3.000000e-02,    3.000000e-02,
      1017,    2.511800e+02,    1.646920e-01,   -1.005901e-02,    2.862452e-01,    9.387513e-03,    1.579323e-01,   -1.853288e-02,    1.984933e-01,   -3.128275e-01,    1.694300e-01,   -1.061500e-02,    2.922000e-01,    2.689400e-06,    3.000000e-02,    3.000000e-02,    3.000000e-02,    3.000000e-02,
      1018,    1.000000e+02,   -1.392081e-02,   -3.155105e-02,   -8.327291e-02,    4.915945e-02,   -5.536064e-01,    2.633684e-01,    1.086164e+00,   -3.039485e-01,   -3.052900e-02,   -2.365000e-02,   -5.068800e-02,    4.004100e-02,    3.000000e-02,    3.000000e-02,    3.000000e-02,    3.000000e-02,
      1018,    1.584800e+02,    2.515690e-03,   -3.790767e-02,   -1.073908e-01,    4.586892e-02,   -6.926897e-01,    3.036555e-01,    1.038227e+00,    6.386943e-02,   -1.826500e-02,   -2.879800e-02,   -7.624400e-02,    4.778500e-02,    3.000000e-02,    3.000000e-02,    3.000000e-02,    3.000000e-02,
      1018,    2.511800e+02,    2.099819e-02,   -3.614922e-02,   -1.299127e-01,    3.025512e-02,   -8.252265e-01,    2.864074e-01,    7.790900e-01,    2.342959e-01,   -3.758600e-03,   -2.755700e-02,   -1.065400e-01,    3.728400e-02,    3.000000e-02,    3.000000e-02,    3.000000e-02,    3.000000e-02,
      1020,    1.000000e+02,   -9.453013e-02,   -1.208097e-02,   -3.580553e-02,    8.752848e-03,    8.290376e-01,    1.003599e+00,    1.500510e-01,   -2.457216e-01,   -6.965900e-02,    1.802700e-02,   -3.130400e-02,    1.381200e-03,    3.000000e-02,    3.000000e-02,    3.000000e-02,    3.000000e-02,
      1020,    1.584800e+02,   -8.013759e-02,   -1.157216e-02,   -3.593276e-02,    4.510024e-03,    2.042196e-01,    1.028039e+00,    1.719253e-01,   -9.222412e-02,   -7.401100e-02,    1.926900e-02,   -3.077500e-02,    1.743300e-03,    3.000000e-02,    3.000000e-02,    3.000000e-02,    3.000000e-02,
      1020,    2.511800e+02,   -7.124121e-02,   -3.459349e-03,   -3.617474e-02,    3.624941e-03,   -1.352262e-01,    6.832450e-01,    1.172914e-01,   -5.344802e-02,   -7.529800e-02,    1.703800e-02,   -3.265600e-02,    2.021500e-03,    3.000000e-02,    3.000000e-02,    3.000000e-02,    3.000000e-02,
      1021,    1.000000e+02,    9.938596e-02,    1.621603e-02,   -3.656553e-02,    1.731497e-02,    4.041347e-01,    3.131466e+00,   -2.400825e-01,    3.630342e-01,    1.115100e-01,    1.101600e-01,   -4.376800e-02,    2.820600e-02,    3.000000e-02,    3.000000e-02,    3.000000e-02,    3.000000e-02,
      1021,    1.584800e+02,    9.476043e-02,    1.516322e-02,   -4.089708e-02,    1.451830e-02,    2.909858e-01,    2.163993e+00,   -7.603053e-02,    4.169899e-01,    1.034900e-01,    8.008300e-02,   -4.317800e-02,    2.702800e-02,    3.000000e-02,    3.000000e-02,    3.000000e-02,    3.000000e-02,
      1021,    2.511800e+02,    9.020787e-02,    1.403577e-02,   -4.441751e-02,    1.256915e-02,    1.980418e-02,    6.151411e-01,    7.241709e-02,    4.198618e-01,    9.080200e-02,    3.249000e-02,   -4.224500e-02,    2.516500e-02,    3.000000e-02,    3.000000e-02,    3.000000e-02,    3.000000e-02,
      1022,    1.000000e+02,   -1.004797e-02,    2.054959e-02,    5.536958e-02,    1.819232e-02,   -2.850675e-01,   -3.154529e-01,    2.418078e-02,   -5.167474e-01,   -1.860000e-02,    1.108600e-02,    5.609500e-02,    2.689900e-03,    3.000000e-02,    3.000000e-02,    3.000000e-02,    3.000000e-02,
      1022,    1.584800e+02,   -1.311228e-03,   -7.293232e-03,    4.580904e-02,    7.843161e-03,   -2.927257e-01,   -3.049589e-01,    3.439319e-01,   -2.960554e-01,   -1.009300e-02,   -1.644200e-02,    5.612700e-02,   -1.038500e-03,    3.000000e-02,    3.000000e-02,    3.000000e-02,    3.000000e-02,
      1022,    2.511800e+02,    1.303754e-02,   -2.028335e-02,    4.622273e-02,   -3.365220e-03,    1.788488e-01,   -4.555217e-01,    2.603757e-01,    7.136399e-02,    1.840300e-02,   -3.394900e-02,    5.403400e-02,   -1.224300e-03,    3.000000e-02,    3.000000e-02,    3.000000e-02,    3.000000e-02,
      1023,    1.000000e+02,    6.269423e-02,   -8.649292e-03,   -9.543932e-02,    4.356631e-02,   -4.891743e-01,   -6.102359e-02,    4.907737e-02,   -6.255770e-01,    4.801900e-02,   -1.048000e-02,   -9.396700e-02,    2.479900e-02,    3.000000e-02,    3.000000e-02,    3.000000e-02,    3.000000e-02,
      1023,    1.584800e+02,    7.111352e-02,   -1.800555e-02,   -1.120346e-01,    3.081678e-02,   -5.172507e-01,   -5.748175e-02,   -1.245136e-01,   -4.911592e-01,    5.559600e-02,   -1.973000e-02,   -1.157700e-01,    1.608200e-02,    3.000000e-02,    3.000000e-02,    3.000000e-02,    3.000000e-02,
      1023,    2.511800e+02,    8.385331e-02,   -1.974452e-02,   -1.195727e-01,    1.618052e-02,   -5.076771e-01,   -4.191159e-01,   -8.955774e-01,   -4.636073e-01,    6.862300e-02,   -3.231800e-02,   -1.464400e-01,    2.272300e-03,    3.000000e-02,    3.000000e-02,    3.000000e-02,    3.000000e-02,
      1024,    1.000000e+02,   -3.602155e-02,    6.332629e-02,    1.331760e-01,   -6.594086e-03,   -7.754815e-01,    3.338236e-01,    1.090465e+00,   -5.931305e-01,   -5.928600e-02,    7.334100e-02,    1.658900e-01,   -2.438800e-02,    3.000000e-02,    3.000000e-02,    3.000000e-02,    3.000000e-02,
      1024,    1.584800e+02,   -5.453598e-02,    5.658749e-02,    1.391587e-01,    1.123881e-03,   -2.921675e-01,    4.017838e-01,    6.383773e-01,   -3.242627e-01,   -6.330100e-02,    6.864100e-02,    1.583100e-01,   -8.604000e-03,    3.000000e-02,    3.000000e-02,    3.000000e-02,    3.000000e-02,
      1024,    2.511800e+02,   -7.135920e-02,    4.817701e-02,    1.405066e-01,    1.427748e-02,   -1.127265e-01,    5.557329e-01,    3.674467e-01,   -7.618126e-01,   -7.474100e-02,    6.484900e-02,    1.515300e-01,   -8.576900e-03,    3.000000e-02,    3.000000e-02,    3.000000e-02,    3.000000e-02,
      1026,    1.000000e+02,    5.222372e-03,   -5.129214e-03,    7.776273e-02,   -2.537114e-02,    9.291209e-01,    3.815838e-01,   -6.639242e-01,    4.962381e-01,    3.309600e-02,    6.318300e-03,    5.784500e-02,   -1.048400e-02,    3.000000e-02,    3.000000e-02,    3.000000e-02,    3.000000e-02,
      1026,    1.584800e+02,    1.220573e-02,   -1.031406e-02,    7.573076e-02,    5.651000e-03,    8.700756e-01,    3.727952e-01,   -6.755871e-02,   -9.771666e-02,    3.830800e-02,    8.698000e-04,    7.370400e-02,    2.719500e-03,    3.000000e-02,    3.000000e-02,    3.000000e-02,    3.000000e-02,
      1026,    2.511800e+02,    1.882861e-02,   -1.343247e-02,    6.019813e-02,    2.211869e-02,    6.085464e-01,    4.929155e-01,   -7.093759e-02,   -5.772298e-02,    3.708500e-02,    1.355000e-03,    5.807000e-02,    2.038700e-02,    3.000000e-02,    3.000000e-02,    3.000000e-02,    3.000000e-02,
      1027,    1.000000e+02,   -5.608825e-02,    9.109447e-02,   -1.072050e-01,    6.379936e-02,    9.572083e-01,    1.297178e-01,   -9.798319e-01,   -1.911119e-01,   -2.737200e-02,    9.498600e-02,   -1.366000e-01,    5.806600e-02,    3.000000e-02,    3.000000e-02,    3.000000e-02,    3.000000e-02,
      1027,    1.584800e+02,   -8.155592e-02,    8.237229e-02,   -1.239046e-01,    3.948575e-02,    5.670306e-01,    2.612236e-01,   -7.425117e-01,   -7.536916e-01,   -6.454500e-02,    9.020900e-02,   -1.461800e-01,    1.687500e-02,    3.000000e-02,    3.000000e-02,    3.000000e-02,    3.000000e-02,
      1027,    2.511800e+02,   -1.057752e-01,    7.520200e-02,   -1.327505e-01,    1.241149e-02,    2.877721e-01,    1.003335e-01,   -1.083182e-01,   -9.811830e-01,   -9.714200e-02,    7.821200e-02,   -1.360000e-01,   -1.702400e-02,    3.000000e-02,    3.000000e-02,    3.000000e-02,    3.000000e-02,
      1028,    1.000000e+02,   -4.226978e-02,    3.638089e-02,   -1.252898e-01,    4.206121e-02,    7.235592e-01,    1.444369e-01,   -5.016740e-01,    3.709264e-01,   -2.056300e-02,    4.071400e-02,   -1.403400e-01,    5.318900e-02,    3.000000e-02,    3.000000e-02,    3.000000e-02,    3.000000e-02,
      1028,    1.584800e+02,   -4.938583e-02,    2.170102e-02,   -1.329797e-01,    2.696741e-02,    4.352610e-01,    4.651992e-01,   -5.116776e-01,    1.126530e-01,   -3.632800e-02,    3.565700e-02,   -1.483300e-01,    3.034700e-02,    3.000000e-02,    3.000000e-02,    3.000000e-02,    3.000000e-02,
      1028,    2.511800e+02,   -5.092853e-02,    1.005452e-02,   -1.365681e-01,    1.364717e-02,   -3.711554e-02,    5.540492e-01,   -1.453951e-01,    8.189425e-02,   -5.204200e-02,    2.667600e-02,   -1.409300e-01,    1.610400e-02,    3.000000e-02,    3.000000e-02,    3.000000e-02,    3.000000e-02,
      1029,    1.000000e+02,   -3.672077e-02,    2.411219e-02,   -1.079903e-02,   -1.368604e-02,   -4.210769e-02,   -1.130040e+00,   -5.052322e-01,   -8.315320e-01,   -3.798400e-02,   -9.789000e-03,   -2.595600e-02,   -3.863200e-02,    3.000000e-02,    3.000000e-02,    3.000000e-02,    3.000000e-02,
      1029,    1.584800e+02,   -4.433030e-02,    1.344092e-02,   -1.111453e-02,   -2.742039e-02,    5.208765e-01,   -6.538441e-01,   -3.998222e-02,   -3.594205e-01,   -2.870400e-02,   -6.174400e-03,   -1.231400e-02,   -3.820300e-02,    3.000000e-02,    3.000000e-02,    3.000000e-02,    3.000000e-02,
      1029,    2.511800e+02,   -4.587926e-02,    9.840605e-04,   -1.381066e-03,   -4.733870e-02,    7.089086e-01,   -5.047202e-02,    1.015522e-01,    3.305566e-01,   -2.461200e-02,   -5.301000e-04,    1.665500e-03,   -3.742200e-02,    3.000000e-02,    3.000000e-02,    3.000000e-02,    3.000000e-02,
      1030,    1.000000e+02,   -9.853072e-02,   -2.253298e-02,    1.230243e-01,    6.713558e-03,    4.898908e-01,    1.532566e+00,   -1.066677e+00,   -1.069319e-01,   -8.383400e-02,    2.344400e-02,    9.102400e-02,    3.505600e-03,    3.000000e-02,    3.000000e-02,    3.000000e-02,    3.000000e-02,
      1030,    1.584800e+02,   -7.669379e-02,   -2.272112e-02,    1.089211e-01,    1.438468e-02,   -1.549737e-01,    1.092171e+00,   -8.463357e-01,   -4.769053e-01,   -8.134300e-02,    1.004400e-02,    8.353100e-02,    7.752300e-05,    3.000000e-02,    3.000000e-02,    3.000000e-02,    3.000000e-02,
      1030,    2.511800e+02,   -6.440009e-02,   -1.132662e-02,    9.742353e-02,    9.452934e-03,   -3.627303e-01,    5.513973e-01,   -5.093508e-01,   -6.534645e-01,   -7.528200e-02,    5.215300e-03,    8.214300e-02,   -1.015100e-02,    3.000000e-02,    3.000000e-02,    3.000000e-02,    3.000000e-02,
      1031,    1.000000e+02,   -4.073245e-02,    2.228944e-02,    3.653968e-02,   -2.218494e-02,    2.385151e-01,    1.826522e-01,   -6.108558e-01,    9.949013e-01,   -3.357700e-02,    2.776900e-02,    1.821400e-02,    7.662100e-03,    3.000000e-02,    3.000000e-02,    3.000000e-02,    3.000000e-02,
      1031,    1.584800e+02,   -4.242325e-02,    9.246864e-03,    4.223136e-02,   -2.105999e-02,    6.866082e-01,    9.217119e-02,   -4.079788e-01,    3.979895e-01,   -2.182500e-02,    1.201200e-02,    2.999200e-02,   -9.120300e-03,    3.000000e-02,    3.000000e-02,    3.000000e-02,    3.000000e-02,
      1031,    2.511800e+02,   -3.819451e-02,    1.201905e-03,    4.755602e-02,   -2.106521e-02,    9.601268e-01,   -2.250235e-01,   -5.770081e-02,   -1.859932e-01,   -9.390700e-03,   -5.548800e-03,    4.582500e-02,   -2.664500e-02,    3.000000e-02,    3.000000e-02,    3.000000e-02,    3.000000e-02,
      1032,    1.000000e+02,    1.698730e-02,    8.890562e-02,    2.251209e-02,   -1.150133e-02,   -1.449243e+00,   -3.727873e-01,    5.472302e-01,   -2.726822e+00,   -2.649000e-02,    7.772200e-02,    3.892900e-02,   -9.330600e-02,    3.000000e-02,    3.000000e-02,    3.000000e-02,    3.000000e-02,
      1032,    1.584800e+02,   -1.212193e-02,    6.866652e-02,    2.583655e-02,   -3.307098e-04,    5.172009e-01,    1.005549e+00,   -1.268918e+00,   -1.722743e+00,    3.394100e-03,    9.883300e-02,   -1.223100e-02,   -5.201300e-02,    3.000000e-02,    3.000000e-02,    3.000000e-02,    3.000000e-02,
      1032,    2.511800e+02,   -3.270879e-02,    4.216513e-02,    2.282907e-02,    8.224583e-03,   -1.598507e+00,   -2.072375e-01,   -1.547636e+00,   -1.235753e+00,   -8.066400e-02,    3.594800e-02,   -2.360000e-02,   -2.884800e-02,    3.000000e-02,    3.000000e-02,    3.000000e-02,    3.000000e-02,
      1033,    1.000000e+02,   -7.711588e-02,   -9.828808e-03,   -7.843523e-02,   -1.239145e-02,    1.217294e-01,   -3.798731e-01,   -4.070589e-01,   -5.298515e-02,   -7.346400e-02,   -2.122500e-02,   -9.064700e-02,   -1.398100e-02,    3.000000e-02,    3.000000e-02,    3.000000e-02,    3.000000e-02,
      1033,    1.584800e+02,   -7.654586e-02,   -3.769678e-03,   -7.299277e-02,   -1.476565e-02,    2.415285e-01,   -4.062408e-02,   -4.046077e-01,   -1.040784e-01,   -6.930000e-02,   -4.988400e-03,   -8.513100e-02,   -1.788800e-02,    3.000000e-02,    3.000000e-02,    3.000000e-02,    3.000000e-02,
      1033,    2.511800e+02,   -7.688383e-02,    8.483219e-04,   -6.815697e-02,   -1.657539e-02,    1.283278e-01,    1.681826e-01,   -1.480676e-01,   -1.828203e-01,   -7.303400e-02,    5.893800e-03,   -7.259900e-02,   -2.206000e-02,    3.000000e-02,    3.000000e-02,    3.000000e-02,    3.000000e-02,
      1034,    1.000000e+02,   -1.090189e-01,   -1.361988e-01,   -1.777532e-01,   -1.283400e-01,   -1.830383e-01,   -9.243718e-01,   -4.465585e-01,   -8.569994e-01,   -1.145100e-01,   -1.639300e-01,   -1.911500e-01,   -1.540500e-01,    3.000000e-02,    3.000000e-02,    3.000000e-02,    3.000000e-02,
      1034,    1.584800e+02,   -5.489669e-02,   -1.260472e-01,   -1.146925e-01,   -1.470232e-01,    3.857896e-01,   -7.574275e-01,   -1.599172e-01,   -1.007894e+00,   -4.332300e-02,   -1.487700e-01,   -1.194900e-01,   -1.772600e-01,    3.000000e-02,    3.000000e-02,    3.000000e-02,    3.000000e-02,
      1034,    2.511800e+02,   -1.341231e-02,   -1.069824e-01,   -5.336004e-02,   -1.449917e-01,    8.348104e-01,   -2.412534e-01,    3.766796e-02,   -8.602778e-01,    1.163200e-02,   -1.142200e-01,   -5.223000e-02,   -1.708000e-01,    3.000000e-02,    3.000000e-02,    3.000000e-02,    3.000000e-02,
      1035,    1.000000e+02,   -6.385297e-02,   -2.239792e-02,    1.577312e-01,    6.303437e-02,    6.650989e-01,    1.734305e-01,    5.122945e-01,   -1.543612e+00,   -4.390000e-02,   -1.719500e-02,    1.731000e-01,    1.672600e-02,    3.000000e-02,    3.000000e-02,    3.000000e-02,    3.000000e-02,
      1035,    1.584800e+02,   -5.184737e-02,   -3.632222e-02,    1.239292e-01,    7.992705e-02,    6.156123e-01,   -3.855941e-02,    1.397693e+00,   -6.507016e-01,   -3.337900e-02,   -3.747900e-02,    1.658600e-01,    6.040600e-02,    3.000000e-02,    3.000000e-02,    3.000000e-02,    3.000000e-02,
      1036,    1.000000e+02,   -8.962582e-02,    1.457060e-01,    1.897134e-01,    2.427160e-02,   -5.844806e+00,    1.953467e+00,    4.462185e-01,    6.084800e-01,   -2.649700e-01,    2.043100e-01,    2.031000e-01,    4.252600e-02,    3.000000e-02,    3.000000e-02,    3.000000e-02,    3.000000e-02,
      1036,    1.584800e+02,   -1.176549e-01,    9.373452e-02,    1.783827e-01,    3.415248e-02,   -2.547838e+00,    3.788495e-01,    1.315245e+00,    4.772505e-01,   -1.940900e-01,    1.051000e-01,    2.178400e-01,    4.847000e-02,    3.000000e-02,    3.000000e-02,    3.000000e-02,    3.000000e-02,
      1036,    2.511800e+02,   -1.228709e-01,    6.158506e-02,    1.623560e-01,    4.024882e-02,    5.736962e-01,   -4.569020e-01,    2.084134e+00,    1.134006e+00,   -1.056600e-01,    4.787800e-02,    2.248800e-01,    7.426900e-02,    3.000000e-02,    3.000000e-02,    3.000000e-02,    3.000000e-02,
      1037,    1.000000e+02,   -5.139262e-02,    3.812430e-02,   -2.710419e-01,   -8.838252e-02,    6.443541e-01,   -2.379177e+00,    1.438730e+00,   -3.273583e+00,   -3.206200e-02,   -3.325100e-02,   -2.278800e-01,   -1.865900e-01,    3.000000e-02,    3.000000e-02,    3.000000e-02,    3.000000e-02,
      1037,    1.584800e+02,   -4.657660e-02,    1.383023e-02,   -2.112803e-01,   -1.046340e-01,    1.509577e+00,   -1.281274e+00,    1.185344e+00,   -4.701993e-01,   -1.289300e-03,   -2.460800e-02,   -1.757200e-01,   -1.187400e-01,    3.000000e-02,    3.000000e-02,    3.000000e-02,    3.000000e-02,
      1037,    2.511800e+02,   -3.499270e-02,    4.938119e-03,   -1.621073e-01,   -8.596556e-02,    1.856390e+00,   -1.547731e-02,    3.129114e-01,    8.165519e-01,    2.069900e-02,    4.473800e-03,   -1.527200e-01,   -6.146900e-02,    3.000000e-02,    3.000000e-02,    3.000000e-02,    3.000000e-02,
      1039,    1.000000e+02,    1.006098e-01,    7.735322e-02,    4.195655e-02,    1.447415e-01,   -3.933267e-01,    1.438594e-01,    4.846482e-01,   -8.738248e-02,    8.881000e-02,    8.166900e-02,    5.649600e-02,    1.421200e-01,    3.000000e-02,    3.000000e-02,    3.000000e-02,    3.000000e-02,
      1039,    1.584800e+02,    7.440441e-02,    8.445179e-02,    1.120077e-02,    1.073684e-01,   -3.164136e-01,   -8.382647e-02,    2.161410e-01,    1.067214e-01,    6.491200e-02,    8.193700e-02,    1.768500e-02,    1.105700e-01,    3.000000e-02,    3.000000e-02,    3.000000e-02,    3.000000e-02,
      1039,    2.511800e+02,    4.367181e-02,    8.807818e-02,   -8.762371e-03,    8.263833e-02,   -2.833270e-01,   -2.177281e-02,    1.371090e-01,    5.725581e-02,    3.517200e-02,    8.742500e-02,   -4.649100e-03,    8.435600e-02,    3.000000e-02,    3.000000e-02,    3.000000e-02,    3.000000e-02,
      1040,    1.000000e+02,   -7.304753e-02,    4.631248e-02,    8.549006e-02,   -1.519328e-01,   -3.551822e-01,    1.000484e+00,    4.086314e-01,    5.842687e-02,   -8.370300e-02,    7.632700e-02,    9.774900e-02,   -1.501800e-01,    3.000000e-02,    3.000000e-02,    3.000000e-02,    3.000000e-02,
      1040,    1.584800e+02,   -8.647316e-02,    4.830542e-02,    1.225205e-01,   -1.050002e-01,   -3.123945e-01,    1.460053e+00,    2.916490e-01,    1.500530e-02,   -9.584500e-02,    9.210700e-02,    1.312700e-01,   -1.045500e-01,    3.000000e-02,    3.000000e-02,    3.000000e-02,    3.000000e-02,
      1040,    2.511800e+02,   -1.029925e-01,    4.691870e-02,    1.323611e-01,   -7.162152e-02,   -2.735844e-01,    2.472043e+00,    2.619618e-01,    4.768416e-02,   -1.112000e-01,    1.210800e-01,    1.402200e-01,   -7.019100e-02,    3.000000e-02,    3.000000e-02,    3.000000e-02,    3.000000e-02,
      1041,    2.511800e+02,    6.989165e-02,   -1.887949e-02,    1.858794e-01,   -3.294644e-02,    1.838278e+00,    1.581162e-01,    1.788353e+00,    2.296813e-01,    1.250400e-01,   -1.413600e-02,    2.395300e-01,   -2.605600e-02,    3.000000e-02,    3.000000e-02,    3.000000e-02,    3.000000e-02,
      1042,    1.000000e+02,    2.050813e-02,    2.484212e-02,   -1.105713e-02,   -7.515433e-03,   -9.103709e-01,   -2.300705e-01,    4.402908e-01,    1.153511e-01,   -6.803000e-03,    1.794000e-02,    2.151600e-03,   -4.054900e-03,    3.000000e-02,    3.000000e-02,    3.000000e-02,    3.000000e-02,
      1042,    1.584800e+02,    6.840299e-03,    3.052927e-02,   -4.822174e-03,   -1.879352e-02,   -5.132100e-01,   -5.788424e-01,    4.163491e-01,    8.018403e-02,   -8.556000e-03,    1.316400e-02,    7.668300e-03,   -1.638800e-02,    3.000000e-02,    3.000000e-02,    3.000000e-02,    3.000000e-02,
      1042,    2.511800e+02,   -8.308837e-03,    2.628674e-02,    8.968696e-03,   -2.336234e-02,   -5.780543e-02,   -5.814279e-01,    3.044435e-01,   -4.278857e-02,   -1.004300e-02,    8.843900e-03,    1.810200e-02,   -2.464600e-02,    3.000000e-02,    3.000000e-02,    3.000000e-02,    3.000000e-02,
      1043,    1.000000e+02,    1.542029e-01,   -1.694875e-02,    6.474269e-02,   -4.918268e-02,    2.422351e-01,    1.165585e-01,    3.203102e-01,   -5.078439e-01,    1.614700e-01,   -1.345200e-02,    7.435200e-02,   -6.441800e-02,    3.000000e-02,    3.000000e-02,    3.000000e-02,    3.000000e-02,
      1043,    1.584800e+02,    1.547857e-01,    1.374823e-02,    8.068031e-02,   -3.025402e-02,    9.614193e-02,    2.477258e-01,    5.529896e-01,   -6.599917e-02,    1.576700e-01,    2.118000e-02,    9.727000e-02,   -3.223400e-02,    3.000000e-02,    3.000000e-02,    3.000000e-02,    3.000000e-02,
      1043,    2.511800e+02,    1.408723e-01,    4.123152e-02,    8.544726e-02,   -9.733040e-03,    6.525783e-02,    1.548492e-01,    4.439246e-01,    2.644480e-01,    1.428300e-01,    4.587700e-02,    9.876500e-02,   -1.799600e-03,    3.000000e-02,    3.000000e-02,    3.000000e-02,    3.000000e-02,
      1044,    1.000000e+02,   -7.018273e-02,    9.314741e-02,    3.408351e-02,    3.825767e-02,   -1.246909e+00,    2.584195e-01,   -8.279103e-01,    7.405110e-01,   -1.075900e-01,    1.009000e-01,    9.246200e-03,    6.047300e-02,    3.000000e-02,    3.000000e-02,    3.000000e-02,    3.000000e-02,
      1044,    1.584800e+02,   -8.749521e-02,    7.067410e-02,    2.161040e-02,    4.721328e-02,   -1.917826e+00,   -2.577365e-01,   -1.005547e+00,    1.183557e+00,   -1.450300e-01,    6.294200e-02,   -8.556000e-03,    8.272000e-02,    3.000000e-02,    3.000000e-02,    3.000000e-02,    3.000000e-02,
      1044,    2.511800e+02,   -9.761055e-02,    5.816359e-02,    3.394934e-03,    5.409316e-02,   -1.631315e+00,   -2.604195e-01,   -5.624645e-01,    1.048928e+00,   -1.465500e-01,    5.035100e-02,   -1.347900e-02,    8.556100e-02,    3.000000e-02,    3.000000e-02,    3.000000e-02,    3.000000e-02,
      1045,    1.000000e+02,   -5.111859e-03,    8.288086e-02,   -3.318825e-01,    5.407300e-02,    2.241562e+00,   -2.139286e-01,    3.748990e-03,    4.796665e-01,    6.213500e-02,    7.646300e-02,   -3.317700e-01,    6.846300e-02,    3.000000e-02,    3.000000e-02,    3.000000e-02,    3.000000e-02,
      1045,    1.584800e+02,   -2.859692e-02,    7.749206e-02,   -3.396806e-01,    1.035268e-02,    2.031364e+00,   -1.436873e-02,   -6.564715e-02,    7.304441e-01,    3.234400e-02,    7.706100e-02,   -3.416500e-01,    3.226600e-02,    3.000000e-02,    3.000000e-02,    3.000000e-02,    3.000000e-02,
      1045,    2.511800e+02,   -5.280006e-02,    7.284190e-02,   -3.301882e-01,   -3.051939e-02,    1.406069e+00,   -2.317300e-01,   -1.140600e-01,    8.933030e-01,   -1.061800e-02,    6.589000e-02,   -3.336100e-01,   -3.720300e-03,    3.000000e-02,    3.000000e-02,    3.000000e-02,    3.000000e-02,
      1046,    1.000000e+02,   -1.613440e-02,   -5.764042e-02,   -7.882233e-02,    7.562209e-02,   -1.275868e-01,    7.523808e-01,    7.694442e-02,   -1.672697e-01,   -1.996200e-02,   -3.506900e-02,   -7.651400e-02,    7.060400e-02,    3.000000e-02,    3.000000e-02,    3.000000e-02,    3.000000e-02,
      1046,    1.584800e+02,    5.300024e-03,   -3.761771e-02,   -9.884133e-02,    5.403540e-02,   -3.203441e-01,    4.187905e-01,    4.987779e-02,   -1.236800e-01,   -4.310300e-03,   -2.505400e-02,   -9.734500e-02,    5.032500e-02,    3.000000e-02,    3.000000e-02,    3.000000e-02,    3.000000e-02,
      1046,    2.511800e+02,    8.136649e-03,   -1.685517e-02,   -1.057987e-01,    3.369099e-02,   -1.927650e-01,    1.463722e-01,   -2.043518e-03,   -1.229664e-01,    2.353700e-03,   -1.246400e-02,   -1.058600e-01,    3.000200e-02,    3.000000e-02,    3.000000e-02,    3.000000e-02,    3.000000e-02,
