MT,
     StaID,        Freq[Hz],     Re(Zxx)_Cal,     Im(Zxx)_Cal,     Re(Zxy)_Cal,     Im(Zxy)_Cal,     Re(Zyx)_Cal,     Im(Zyx)_Cal,     Re(Zyy)_Cal,     Im(Zyy)_Cal,     Re(Zxx)_Res,     Im(Zxx)_Res,     Re(Zxy)_Res,     Im(Zxy)_Res,     Re(Zyx)_Res,     Im(Zyx)_Res,     Re(Zyy)_Res,     Im(Zyy)_Res,     Re(Zxx)_Obs,     Im(Zxx)_Obs,     Re(Zxy)_Obs,     Im(Zxy)_Obs,     Re(Zyx)_Obs,     Im(Zyx)_Obs,     Re(Zyy)_Obs,     Im(Zyy)_Obs,      Re(Zxx)_SD,      Im(Zxx)_SD,      Re(Zxy)_SD,      Im(Zxy)_SD,      Re(Zyx)_SD,      Im(Zyx)_SD,      Re(Zyy)_SD,      Im(Zyy)_SD,
         1,    1.000000e+00,   -1.703127e-02,    5.149227e-03,    1.649305e-02,   -1.121142e-02,   -4.712914e-02,    2.268858e-02,    1.417202e-02,   -5.355968e-03,   -5.232369e-01,    3.325444e-01,   -1.529686e+00,    1.159081e+00,    7.460711e-01,   -2.870469e+00,    5.222960e-01,    2.701858e-02,   -1.846400e-02,    6.059800e-03,    1.426200e-02,   -9.520900e-03,   -4.604100e-02,    1.850200e-02,    1.646600e-02,   -5.237300e-03,    2.738200e-03,    2.738200e-03,    1.458500e-03,    1.458500e-03,    1.458500e-03,    1.458500e-03,    4.392100e-03,    4.392100e-03,
         1,    1.584800e+00,   -1.898042e-02,    4.159704e-03,    1.937055e-02,   -1.492446e-02,   -5.383283e-02,    2.434697e-02,    1.574871e-02,   -6.277683e-03,   -4.449063e-01,    1.326224e-01,   -7.648875e-01,    6.494735e-01,    1.791457e+00,   -1.457316e+00,    4.889649e-01,   -3.252757e-01,   -2.043500e-02,    4.593300e-03,    1.801800e-02,   -1.377600e-02,   -5.066500e-02,    2.177000e-02,    1.817300e-02,   -7.890400e-03,    3.269400e-03,    3.269400e-03,    1.768300e-03,    1.768300e-03,    1.768300e-03,    1.768300e-03,    4.958000e-03,    4.958000e-03,
         1,    2.511800e+00,   -2.051552e-02,    2.451156e-03,    2.378050e-02,   -1.947822e-02,   -6.099059e-02,    2.599270e-02,    1.766337e-02,   -7.201144e-03,   -1.531263e-01,    6.286221e-02,   -1.011180e+00,    4.297765e-01,    1.722295e+00,   -5.550714e-01,    4.174721e-01,   -5.917974e-01,   -2.108100e-02,    2.683300e-03,    2.164600e-02,   -1.857100e-02,   -5.735500e-02,    2.482100e-02,    2.001800e-02,   -1.053900e-02,    3.692900e-03,    3.692900e-03,    2.110900e-03,    2.110900e-03,    2.110900e-03,    2.110900e-03,    5.640200e-03,    5.640200e-03,
         1,    3.981000e+00,   -2.095538e-02,    1.539857e-04,    3.009918e-02,   -2.432834e-02,   -6.807689e-02,    2.761687e-02,    1.972925e-02,   -8.140782e-03,   -1.196900e-01,   -6.200016e-02,   -1.163509e+00,    6.624019e-01,    8.531425e-01,   -2.898345e-02,    4.731416e-01,   -8.654693e-01,   -2.145000e-02,   -1.022300e-04,    2.717400e-02,   -2.266300e-02,   -6.593200e-02,    2.754400e-02,    2.282800e-02,   -1.380900e-02,    4.132500e-03,    4.132500e-03,    2.514100e-03,    2.514100e-03,    2.514100e-03,    2.514100e-03,    6.549300e-03,    6.549300e-03,
         2,    1.000000e+00,   -1.272391e-02,    2.865712e-03,    1.541994e-02,   -1.223999e-02,   -1.909976e-02,    1.208953e-02,    1.845811e-03,    7.191936e-04,    1.470519e-01,    1.583504e-01,   -1.105566e-01,    1.494432e-02,    1.121600e+00,   -2.537652e+00,    1.010431e+00,    5.844010e-01,   -1.237800e-02,    3.238200e-03,    1.488000e-02,   -1.216700e-02,   -1.798400e-02,    9.565100e-03,    3.113700e-03,    1.452500e-03,    2.352300e-03,    2.352300e-03,    4.883800e-03,    4.883800e-03,    9.947900e-04,    9.947900e-04,    1.254800e-03,    1.254800e-03,
         2,    1.584800e+00,   -1.400068e-02,    1.688225e-03,    1.829067e-02,   -1.673264e-02,   -2.224367e-02,    1.416865e-02,    1.699835e-03,    1.254395e-03,    8.355773e-01,    5.760593e-01,   -6.784956e-01,    3.563643e-01,    2.190908e+00,   -1.996061e+00,    1.067347e+00,    6.277696e-01,   -1.197900e-02,    3.082000e-03,    1.483000e-02,   -1.491500e-02,   -1.982600e-02,    1.196600e-02,    3.214400e-03,    2.145200e-03,    2.419500e-03,    2.419500e-03,    5.100500e-03,    5.100500e-03,    1.103500e-03,    1.103500e-03,    1.419000e-03,    1.419000e-03,
         2,    2.511800e+00,   -1.485932e-02,   -2.137130e-04,    2.281599e-02,   -2.246489e-02,   -2.585090e-02,    1.684274e-02,    1.339741e-03,    1.926641e-03,    2.332670e-02,    3.577949e-01,   -8.653947e-01,    2.100246e-01,    2.257741e+00,   -9.160059e-01,    6.577894e-01,    7.766397e-01,   -1.478700e-02,    8.956300e-04,    1.914100e-02,   -2.157300e-02,   -2.267200e-02,    1.555300e-02,    2.365300e-03,    3.137500e-03,    3.100500e-03,    3.100500e-03,    4.246600e-03,    4.246600e-03,    1.408000e-03,    1.408000e-03,    1.559100e-03,    1.559100e-03,
         2,    3.981000e+00,   -1.467697e-02,   -2.795149e-03,    2.942887e-02,   -2.905014e-02,   -2.985508e-02,    2.030397e-02,    7.118879e-04,    2.637122e-03,   -4.979056e-01,    6.156155e-01,   -7.379560e-01,    2.333812e-01,    1.652249e+00,   -3.149521e-01,    1.609811e-01,    5.628916e-01,   -1.658400e-02,   -4.372800e-04,    2.721500e-02,   -2.835000e-02,   -2.686500e-02,    1.973400e-02,    9.803400e-04,    3.575800e-03,    3.830100e-03,    3.830100e-03,    3.000000e-03,    3.000000e-03,    1.809700e-03,    1.809700e-03,    1.667600e-03,    1.667600e-03,
         4,    3.981000e-01,   -7.316256e-04,    3.122283e-04,    2.014986e-02,   -8.712830e-03,   -1.209784e-02,    1.105798e-02,   -1.241560e-03,    1.230815e-03,   -1.834538e+00,   -2.251357e-01,   -8.555910e-01,    9.051743e-01,   -1.631735e+00,    7.694040e-01,    1.627119e+00,    5.277308e-01,   -2.798600e-03,    5.856800e-05,    1.879400e-02,   -7.278400e-03,   -1.441800e-02,    1.215200e-02,    1.329000e-04,    1.676600e-03,    1.126700e-03,    1.126700e-03,    1.584700e-03,    1.584700e-03,    1.421900e-03,    1.421900e-03,    8.447200e-04,    8.447200e-04,
         4,    6.309500e-01,   -9.249297e-04,    3.812617e-04,    2.210856e-02,   -1.107839e-02,   -1.471720e-02,    1.365545e-02,   -1.556111e-03,    1.791192e-03,   -1.941250e+00,   -2.427456e-01,   -8.796888e-01,    1.367091e+00,   -1.172107e+00,    7.275436e-01,    2.271810e+00,   -2.188905e-01,   -3.542900e-03,    5.389500e-05,    2.088500e-02,   -9.176900e-03,   -1.695100e-02,    1.504200e-02,    5.465400e-04,    1.588600e-03,    1.348600e-03,    1.348600e-03,    1.390900e-03,    1.390900e-03,    1.905800e-03,    1.905800e-03,    9.255400e-04,    9.255400e-04,
         4,    1.000000e+00,   -1.061347e-03,    2.450519e-04,    2.466726e-02,   -1.440854e-02,   -1.779813e-02,    1.731925e-02,   -2.134348e-03,    2.491287e-03,   -1.249535e+00,   -2.189996e-01,   -3.852560e-01,    1.000099e+00,   -1.372208e+00,    9.672506e-01,    1.649500e+00,   -2.407514e-01,   -2.664000e-03,   -3.583700e-05,    2.414200e-02,   -1.304500e-02,   -1.966900e-02,    1.863800e-02,   -2.146600e-04,    2.211100e-03,    1.282600e-03,    1.282600e-03,    1.363400e-03,    1.363400e-03,    1.363400e-03,    1.363400e-03,    1.163800e-03,    1.163800e-03,
         4,    2.511800e+00,   -6.920856e-05,    3.547534e-04,    3.332730e-02,   -2.431156e-02,   -2.747269e-02,    2.924975e-02,   -4.770970e-03,    3.826630e-03,   -7.183975e-01,    1.010246e+00,   -1.550717e-01,   -3.308815e-01,   -5.438460e-01,    2.097556e-01,    4.712586e-01,   -4.760669e-02,   -1.061100e-03,    1.749600e-03,    3.300700e-02,   -2.499500e-02,   -2.859600e-02,    2.968300e-02,   -3.729300e-03,    3.721400e-03,    1.380700e-03,    1.380700e-03,    2.065500e-03,    2.065500e-03,    2.065500e-03,    2.065500e-03,    2.210400e-03,    2.210400e-03,
         4,    3.981000e+00,    5.940849e-04,    1.848742e-03,    3.979919e-02,   -3.069920e-02,   -3.497683e-02,    3.756677e-02,   -7.039054e-03,    3.650381e-03,   -9.267627e-01,    7.273429e-01,   -2.541295e-01,   -3.918763e-02,   -5.179913e-01,   -8.708051e-02,    1.807873e-01,   -3.654774e-02,   -1.247300e-03,    3.293900e-03,    3.915200e-02,   -3.079900e-02,   -3.629600e-02,    3.734500e-02,   -6.506400e-03,    3.542700e-03,    1.986900e-03,    1.986900e-03,    2.546700e-03,    2.546700e-03,    2.546700e-03,    2.546700e-03,    2.946300e-03,    2.946300e-03,
         5,    6.309500e-01,   -7.861822e-03,    1.891374e-03,    1.387331e-02,   -9.369502e-03,   -2.069362e-02,    1.228470e-02,    1.912295e-03,    4.757239e-04,    1.027023e+00,   -1.419464e-01,   -1.297256e+00,    8.172682e-01,    1.922742e+00,   -2.545538e+00,    8.499017e-01,   -4.560329e-01,   -6.318000e-03,    1.678000e-03,    1.270600e-02,   -8.634100e-03,   -1.872800e-02,    9.682400e-03,    2.911100e-03,   -6.020600e-05,    1.503200e-03,    1.503200e-03,    8.998300e-04,    8.998300e-04,    1.022300e-03,    1.022300e-03,    1.175200e-03,    1.175200e-03,
         5,    1.000000e+00,   -8.769882e-03,    1.157670e-03,    1.586201e-02,   -1.268051e-02,   -2.410697e-02,    1.380325e-02,    1.815609e-03,    9.829054e-04,    8.951359e-01,   -6.461421e-02,    2.960029e-01,   -2.458440e-02,    2.208603e+00,   -1.831130e+00,    8.662525e-01,    6.686612e-02,   -7.134200e-03,    1.039600e-03,    1.619300e-02,   -1.270800e-02,   -2.138200e-02,    1.154400e-02,    2.950400e-03,    1.070500e-03,    1.827300e-03,    1.827300e-03,    1.118200e-03,    1.118200e-03,    1.233800e-03,    1.233800e-03,    1.310000e-03,    1.310000e-03,
         5,    1.584800e+00,   -9.576205e-03,   -7.779038e-05,    1.898081e-02,   -1.726755e-02,   -2.800527e-02,    1.577786e-02,    1.520225e-03,    1.617597e-03,    3.791993e-01,   -9.987825e-03,    3.552632e-01,    2.868905e-01,    2.638963e+00,   -1.770266e+00,    8.633847e-01,    5.010838e-01,   -8.723500e-03,   -1.002500e-04,    1.945700e-02,   -1.688300e-02,   -2.446800e-02,    1.340500e-02,    2.836800e-03,    2.381700e-03,    2.248700e-03,    2.248700e-03,    1.340400e-03,    1.340400e-03,    1.340400e-03,    1.340400e-03,    1.524900e-03,    1.524900e-03,
         5,    2.511800e+00,   -9.984774e-03,   -2.055817e-03,    2.392761e-02,   -2.299135e-02,   -3.263397e-02,    1.807360e-02,    8.927259e-04,    2.326774e-03,   -3.859534e-02,    1.175443e-01,    2.913574e-02,    2.983988e-01,    2.829983e+00,   -1.394771e+00,    9.893819e-01,    3.361842e-01,   -1.009100e-02,   -1.732300e-03,    2.397500e-02,   -2.250600e-02,   -2.803100e-02,    1.580500e-02,    2.544400e-03,    2.888000e-03,    2.752300e-03,    2.752300e-03,    1.626500e-03,    1.626500e-03,    1.626500e-03,    1.626500e-03,    1.669400e-03,    1.669400e-03,
         5,    3.981000e+00,   -9.448732e-03,   -4.764654e-03,    3.115906e-02,   -2.926122e-02,   -3.790975e-02,    2.043871e-02,   -1.185463e-04,    2.868566e-03,   -2.200182e-01,   -1.037634e-01,    1.437310e-01,    3.929611e-01,    2.389931e+00,   -1.068093e+00,    1.078184e+00,   -7.480884e-02,   -1.017400e-02,   -5.106700e-03,    3.144700e-02,   -2.847400e-02,   -3.312200e-02,    1.829900e-02,    1.663800e-03,    2.744900e-03,    3.296400e-03,    3.296400e-03,    2.003300e-03,    2.003300e-03,    2.003300e-03,    2.003300e-03,    1.653100e-03,    1.653100e-03,
         6,    1.584800e+00,    7.397721e-02,   -5.025015e-02,    4.357676e-02,   -4.422979e-02,   -1.094494e-01,    8.027989e-02,   -4.412164e-02,    4.314240e-02,   -2.427366e-01,    8.491125e-01,   -2.574898e+00,    1.207141e+00,    5.024360e+00,   -6.576435e+00,    1.079127e+00,   -8.490833e-01,    7.157900e-02,   -4.186100e-02,    3.401900e-02,   -3.974900e-02,   -8.997300e-02,    5.478700e-02,   -3.269800e-02,    3.415400e-02,    9.879900e-03,    9.879900e-03,    3.711900e-03,    3.711900e-03,    3.876400e-03,    3.876400e-03,    1.058600e-02,    1.058600e-02,
         6,    2.511800e+00,    9.058107e-02,   -6.051596e-02,    5.619440e-02,   -5.879568e-02,   -1.340584e-01,    9.905780e-02,   -5.849471e-02,    5.566416e-02,   -4.025008e-01,    6.522300e-01,   -2.499344e+00,    1.432458e+00,    5.257252e+00,   -5.628419e+00,    1.246086e+00,   -9.631559e-01,    8.558000e-02,   -5.241200e-02,    4.436700e-02,   -5.201700e-02,   -1.091800e-01,    7.242300e-02,   -4.192800e-02,    4.285900e-02,    1.242500e-02,    1.242500e-02,    4.732200e-03,    4.732200e-03,    4.732200e-03,    4.732200e-03,    1.329500e-02,    1.329500e-02,
         6,    3.981000e+00,    1.129636e-01,   -6.942010e-02,    7.439497e-02,   -7.503310e-02,   -1.675004e-01,    1.180065e-01,   -7.887629e-02,    6.727283e-02,   -6.362451e-01,    6.269519e-01,   -2.083684e+00,    1.517432e+00,    5.045505e+00,   -4.672496e+00,    1.267919e+00,   -1.002849e+00,    1.030700e-01,   -5.967100e-02,    6.173700e-02,   -6.581500e-02,   -1.368500e-01,    8.962200e-02,   -5.759300e-02,    5.043900e-02,    1.555000e-02,    1.555000e-02,    6.074800e-03,    6.074800e-03,    6.074800e-03,    6.074800e-03,    1.678600e-02,    1.678600e-02,
         7,    3.981000e-01,    2.538071e-03,   -8.468032e-04,    9.120199e-03,   -5.739728e-03,   -1.070775e-02,    8.696779e-03,   -7.348718e-05,    7.845036e-04,    1.466938e+00,   -1.011647e-02,   -2.729815e-01,    8.139721e-02,   -1.013357e+00,    8.526123e-01,   -1.208381e+00,    6.161700e-01,    3.974600e-03,   -8.567100e-04,    8.828000e-03,   -5.652600e-03,   -1.189500e-02,    9.695700e-03,   -9.626500e-04,    1.237900e-03,    9.792700e-04,    9.792700e-04,    1.070400e-03,    1.070400e-03,    1.171600e-03,    1.171600e-03,    7.358300e-04,    7.358300e-04,
         7,    6.309500e-01,    2.771894e-03,   -6.641148e-04,    1.029161e-02,   -7.657082e-03,   -1.269652e-02,    1.064634e-02,   -1.994902e-04,    1.234556e-03,    2.390715e-01,   -3.866385e-01,    1.355144e-01,   -3.991560e-02,   -1.066548e+00,    1.220027e+00,   -1.196897e+00,    7.727298e-01,    3.002400e-03,   -1.036900e-03,    1.047500e-02,   -7.711100e-03,   -1.376100e-02,    1.186400e-02,   -1.396100e-03,    2.007100e-03,    9.641700e-04,    9.641700e-04,    1.353300e-03,    1.353300e-03,    9.980600e-04,    9.980600e-04,    9.997600e-04,    9.997600e-04,
         7,    1.000000e+00,    2.935624e-03,   -5.168741e-04,    1.190315e-02,   -1.036184e-02,   -1.503917e-02,    1.353452e-02,   -4.517818e-04,    1.847381e-03,    3.736181e-01,   -2.927681e-01,    7.096549e-02,   -2.674139e-01,   -1.456178e+00,    6.436251e-01,   -1.085245e+00,    8.300917e-01,    3.354300e-03,   -8.449500e-04,    1.201200e-02,   -1.077200e-02,   -1.640000e-02,    1.413600e-02,   -1.862600e-03,    2.926500e-03,    1.120600e-03,    1.120600e-03,    1.533800e-03,    1.533800e-03,    9.345200e-04,    9.345200e-04,    1.300000e-03,    1.300000e-03,
         7,    1.584800e+00,    3.097179e-03,   -4.011309e-04,    1.426089e-02,   -1.407070e-02,   -1.825442e-02,    1.770960e-02,   -9.228216e-04,    2.669585e-03,    4.303254e-01,   -1.806917e-01,    3.708522e-02,   -9.729208e-01,   -1.230935e+00,    2.871309e-01,   -9.668517e-01,    8.255771e-01,    3.670200e-03,   -6.417400e-04,    1.431800e-02,   -1.556900e-02,   -1.971800e-02,    1.805100e-02,   -2.568500e-03,    4.074800e-03,    1.331600e-03,    1.331600e-03,    1.540000e-03,    1.540000e-03,    1.189000e-03,    1.189000e-03,    1.702100e-03,    1.702100e-03,
         7,    2.511800e+00,    3.313168e-03,   -2.716985e-04,    1.773032e-02,   -1.892157e-02,   -2.306456e-02,    2.316578e-02,   -1.749585e-03,    3.648443e-03,    4.170351e-01,   -1.472951e-01,    4.758046e-01,   -1.699667e+00,   -1.029199e+00,    9.083072e-01,   -8.291085e-01,    6.646895e-01,    3.981300e-03,   -5.076800e-04,    1.847900e-02,   -2.159600e-02,   -2.468400e-02,    2.459500e-02,   -3.584900e-03,    5.119800e-03,    1.602100e-03,    1.602100e-03,    1.573500e-03,    1.573500e-03,    1.573500e-03,    1.573500e-03,    2.213600e-03,    2.213600e-03,
         7,    3.981000e+00,    3.667564e-03,   -1.816176e-05,    2.269270e-02,   -2.502960e-02,   -2.997220e-02,    2.946404e-02,   -2.957440e-03,    4.629546e-03,    3.120022e-01,    2.536168e-01,    1.087101e+00,   -1.654781e+00,   -1.173817e+00,    1.056019e+00,   -9.133388e-01,    5.227186e-01,    4.263800e-03,    4.665000e-04,    2.494300e-02,   -2.845500e-02,   -3.240200e-02,    3.165000e-02,   -5.619000e-03,    6.152800e-03,    1.911000e-03,    1.911000e-03,    2.070000e-03,    2.070000e-03,    2.070000e-03,    2.070000e-03,    2.914100e-03,    2.914100e-03,
         9,    6.309500e-01,   -6.490080e-03,    2.083917e-03,    1.199962e-02,   -7.400117e-03,   -1.515907e-02,    8.978475e-03,    2.096387e-03,   -3.401302e-04,   -6.040766e-01,    1.851280e-01,    2.567952e-01,    1.895386e+00,   -6.805748e-01,   -5.583657e-01,    2.009320e+00,    2.388869e-01,   -7.417700e-03,    2.368200e-03,    1.224500e-02,   -5.589000e-03,   -1.680000e-02,    7.632200e-03,    4.988000e-03,    3.651900e-06,    1.535600e-03,    1.535600e-03,    9.555400e-04,    9.555400e-04,    2.411100e-03,    2.411100e-03,    1.439100e-03,    1.439100e-03,
         9,    1.000000e+00,   -7.296215e-03,    1.742919e-03,    1.378546e-02,   -9.792008e-03,   -1.757421e-02,    1.017573e-02,    2.175609e-03,   -2.113113e-04,   -7.109714e-01,   -8.628032e-02,    4.016429e-01,    9.275010e-01,   -6.523881e-01,   -1.567282e-01,    1.482271e+00,    5.023708e-01,   -8.583500e-03,    1.586700e-03,    1.428900e-02,   -8.629200e-03,   -1.900000e-02,    9.833200e-03,    4.320900e-03,    5.157700e-04,    1.810600e-03,    1.810600e-03,    1.253700e-03,    1.253700e-03,    2.185500e-03,    2.185500e-03,    1.447300e-03,    1.447300e-03,
         9,    1.584800e+00,   -8.022522e-03,    1.117537e-03,    1.651785e-02,   -1.291179e-02,   -2.033643e-02,    1.179798e-02,    2.185036e-03,   -7.809090e-05,   -9.401980e-01,   -1.287877e-01,    8.356792e-01,    6.676533e-01,   -3.730473e-01,    1.744492e-01,    9.942601e-01,    7.067802e-01,   -1.009500e-02,    8.336500e-04,    1.757900e-02,   -1.206400e-02,   -2.083900e-02,    1.203300e-02,    3.594400e-03,    9.237700e-04,    2.204300e-03,    2.204300e-03,    1.269800e-03,    1.269800e-03,    1.347200e-03,    1.347200e-03,    1.417500e-03,    1.417500e-03,
         9,    2.511800e+00,   -8.441704e-03,    1.433077e-04,    2.060415e-02,   -1.645538e-02,   -2.364991e-02,    1.379709e-02,    2.070329e-03,    1.590010e-05,   -1.347260e+00,    5.267913e-02,    3.361167e-01,    2.969812e-01,    4.787381e-01,    7.615721e-01,    3.837819e-01,   -4.268856e-02,   -1.205600e-02,    2.846300e-04,    2.121800e-02,   -1.591300e-02,   -2.300500e-02,    1.482300e-02,    2.551400e-03,   -3.761000e-05,    2.682700e-03,    2.682700e-03,    1.826300e-03,    1.826300e-03,    1.347100e-03,    1.347100e-03,    1.253500e-03,    1.253500e-03,
         9,    3.981000e+00,   -8.278149e-03,   -9.877979e-04,    2.608839e-02,   -1.985074e-02,   -2.750784e-02,    1.604299e-02,    1.845570e-03,   -1.002581e-04,   -1.466520e+00,   -1.537330e-01,    1.326219e-01,   -1.825461e-01,   -1.796447e-01,    4.479689e-01,   -2.731501e-03,    5.572482e-02,   -1.283800e-02,   -1.465800e-03,    2.637700e-02,   -2.024800e-02,   -2.780300e-02,    1.677900e-02,    1.842400e-03,   -3.559500e-05,    3.109300e-03,    3.109300e-03,    2.176200e-03,    2.176200e-03,    1.643000e-03,    1.643000e-03,    1.160400e-03,    1.160400e-03,
        10,    2.511800e+00,   -3.456701e-03,    7.924624e-03,    3.048995e-02,   -3.164408e-02,   -4.434282e-02,    3.731503e-02,    8.015208e-03,   -1.418936e-02,   -1.317081e+00,    1.642886e+00,    2.167872e+00,   -1.901119e+00,   -2.008116e+00,    2.903772e+00,    2.230895e+00,   -7.968727e-01,   -9.583500e-03,    1.556700e-02,    3.702500e-02,   -3.737500e-02,   -5.086900e-02,    4.675200e-02,    2.339500e-02,   -1.968300e-02,    4.651800e-03,    4.651800e-03,    3.014500e-03,    3.014500e-03,    3.249900e-03,    3.249900e-03,    6.894000e-03,    6.894000e-03,
        10,    3.981000e+00,   -5.264496e-03,    1.236818e-02,    3.886241e-02,   -4.185840e-02,   -5.501481e-02,    4.710003e-02,    1.104221e-02,   -2.067231e-02,   -9.690691e-01,    9.373732e-01,    1.802023e+00,   -2.110336e+00,   -1.576552e+00,    3.798572e+00,    1.951921e+00,   -3.689138e-01,   -1.069700e-02,    1.762300e-02,    4.577100e-02,   -4.994900e-02,   -6.105900e-02,    6.166300e-02,    2.748500e-02,   -2.378000e-02,    5.605900e-03,    5.605900e-03,    3.833800e-03,    3.833800e-03,    3.833800e-03,    3.833800e-03,    8.423900e-03,    8.423900e-03,
        11,    3.981000e-01,   -1.645874e-02,    8.516947e-03,    1.302537e-02,   -6.963027e-03,   -2.091201e-02,    1.343325e-02,    3.353430e-03,   -6.273279e-04,   -1.262075e-01,   -1.037942e-01,   -3.819115e-01,    8.155667e-01,   -8.061746e-04,   -7.401050e-01,    4.691587e-01,    1.795582e-01,   -1.676400e-02,    8.265900e-03,    1.256200e-02,   -5.973500e-03,   -2.091300e-02,    1.252100e-02,    4.054400e-03,   -3.590500e-04,    2.418700e-03,    2.418700e-03,    1.213300e-03,    1.213300e-03,    1.232600e-03,    1.232600e-03,    1.494100e-03,    1.494100e-03,
        11,    6.309500e-01,   -1.917246e-02,    8.883284e-03,    1.438930e-02,   -9.052612e-03,   -2.473568e-02,    1.503021e-02,    3.514154e-03,   -4.434342e-04,    1.584106e-01,   -1.885458e-01,   -7.924890e-01,    1.125516e+00,   -2.166500e-01,   -2.545019e+00,    3.112345e-01,    2.585578e-01,   -1.874600e-02,    8.375700e-03,    1.356400e-02,   -7.880500e-03,   -2.501100e-02,    1.179600e-02,    4.005500e-03,   -3.524900e-05,    2.692100e-03,    2.692100e-03,    1.041400e-03,    1.041400e-03,    1.270800e-03,    1.270800e-03,    1.578700e-03,    1.578700e-03,
        11,    1.000000e+00,   -2.210277e-02,    9.180616e-03,    1.620598e-02,   -1.220745e-02,   -2.891086e-02,    1.708812e-02,    3.576724e-03,   -2.992707e-04,    1.207328e-01,    4.462503e-01,   -8.286219e-01,    1.643767e+00,    3.239900e-01,   -7.038323e-01,    2.476923e-01,    5.782078e-01,   -2.172200e-02,    1.058800e-02,    1.519100e-02,   -1.019400e-02,   -2.851400e-02,    1.622600e-02,    4.005900e-03,    7.025900e-04,    3.153800e-03,    3.153800e-03,    1.224900e-03,    1.224900e-03,    1.224900e-03,    1.224900e-03,    1.732700e-03,    1.732700e-03,
        11,    1.584800e+00,   -2.547522e-02,    9.229954e-03,    1.902901e-02,   -1.670146e-02,   -3.383430e-02,    1.973903e-02,    3.572112e-03,   -2.087940e-04,    3.170594e-02,    6.276218e-01,   -1.014069e+00,    1.754001e+00,    1.010838e+00,   -2.772095e-01,    7.764493e-02,    5.693538e-01,   -2.535600e-02,    1.159000e-02,    1.755100e-02,   -1.414500e-02,   -3.236100e-02,    1.933500e-02,    3.711500e-03,    8.133100e-04,    3.760300e-03,    3.760300e-03,    1.457500e-03,    1.457500e-03,    1.457500e-03,    1.457500e-03,    1.795200e-03,    1.795200e-03,
        11,    2.511800e+00,   -2.934338e-02,    8.451502e-03,    2.354512e-02,   -2.251939e-02,   -3.987764e-02,    2.269162e-02,    3.497762e-03,   -2.130642e-04,   -1.103884e-01,    8.175487e-01,   -1.293866e+00,    1.428711e+00,    1.384141e+00,    2.159378e-01,   -9.947349e-02,    7.098387e-01,   -2.985100e-02,    1.221100e-02,    2.123000e-02,   -1.996300e-02,   -3.740100e-02,    2.307800e-02,    3.312900e-03,    1.106100e-03,    4.598500e-03,    4.598500e-03,    1.789300e-03,    1.789300e-03,    1.789300e-03,    1.789300e-03,    1.858400e-03,    1.858400e-03,
        11,    3.981000e+00,   -3.319233e-02,    6.124984e-03,    3.034808e-02,   -2.929439e-02,   -4.689851e-02,    2.542462e-02,    3.437885e-03,   -4.172040e-04,   -3.292120e-01,    8.104776e-01,   -1.815891e+00,    1.219273e+00,    6.557698e-01,    9.540902e-01,   -4.225653e-01,    7.222650e-01,   -3.501900e-02,    1.062200e-02,    2.630100e-02,   -2.657700e-02,   -4.543700e-02,    2.755100e-02,    2.662900e-03,    9.074300e-04,    5.548600e-03,    5.548600e-03,    2.228700e-03,    2.228700e-03,    2.228700e-03,    2.228700e-03,    1.834000e-03,    1.834000e-03,
        12,    3.981000e-01,   -7.119793e-03,    2.566224e-03,    1.052207e-02,   -5.333879e-03,   -1.336199e-02,    9.008500e-03,    2.239703e-03,   -5.962643e-04,    1.292327e-01,   -3.477466e-01,   -1.688475e+00,    1.817335e+00,    1.662356e+00,   -1.174666e+00,    8.301829e-01,   -4.359853e-01,   -6.954000e-03,    2.120100e-03,    9.248300e-03,   -3.962900e-03,   -1.117300e-02,    7.461700e-03,    3.059700e-03,   -1.026900e-03,    1.282900e-03,    1.282900e-03,    7.543900e-04,    7.543900e-04,    1.316800e-03,    1.316800e-03,    9.877300e-04,    9.877300e-04,
        12,    6.309500e-01,   -8.125979e-03,    2.119115e-03,    1.165904e-02,   -6.846675e-03,   -1.595266e-02,    1.007442e-02,    2.444412e-03,   -5.081432e-04,    1.693184e-01,   -1.885970e-01,   -1.642605e+00,    1.925075e+00,    1.027599e+00,   -1.732183e+00,    9.111631e-01,    2.357462e-01,   -7.881500e-03,    1.846800e-03,    1.021900e-02,   -5.159000e-03,   -1.510200e-02,    8.640500e-03,    3.514300e-03,   -2.313300e-04,    1.443900e-03,    1.443900e-03,    8.766800e-04,    8.766800e-04,    8.278100e-04,    8.278100e-04,    1.174200e-03,    1.174200e-03,
        12,    1.000000e+00,   -9.035236e-03,    1.339283e-03,    1.313904e-02,   -9.039605e-03,   -1.868243e-02,    1.136792e-02,    2.618887e-03,   -3.806239e-04,    4.188934e-02,   -5.263552e-01,   -2.032616e+00,    1.828402e+00,    1.643929e+00,   -2.648397e+00,    8.111784e-01,    4.563539e-01,   -8.966600e-03,    4.768500e-04,    1.114200e-02,   -7.243200e-03,   -1.735400e-02,    9.227800e-03,    3.650300e-03,    1.996300e-04,    1.638500e-03,    1.638500e-03,    9.825000e-04,    9.825000e-04,    8.080800e-04,    8.080800e-04,    1.271500e-03,    1.271500e-03,
        12,    1.584800e+00,   -9.681726e-03,    8.565419e-05,    1.528532e-02,   -1.207781e-02,   -2.162190e-02,    1.307422e-02,    2.718904e-03,   -1.522794e-04,    6.416911e-02,   -4.599948e-01,   -1.908734e+00,    1.595919e+00,    1.855586e+00,   -2.568447e+00,    4.464081e-01,    7.835848e-01,   -9.561800e-03,   -7.740300e-04,    1.275300e-02,   -9.960500e-03,   -1.985100e-02,    1.062300e-02,    3.306600e-03,    8.793100e-04,    1.868900e-03,    1.868900e-03,    1.326700e-03,    1.326700e-03,    9.543600e-04,    9.543600e-04,    1.316500e-03,    1.316500e-03,
        12,    2.511800e+00,   -9.638092e-03,   -1.720192e-03,    1.846325e-02,   -1.597517e-02,   -2.482642e-02,    1.536128e-02,    2.528133e-03,    1.924707e-04,   -2.803916e-02,   -4.248630e-01,   -2.452694e+00,    2.136469e+00,    1.453582e+00,   -1.877490e+00,    8.615567e-02,    9.694919e-01,   -9.698300e-03,   -2.632500e-03,    1.543000e-02,   -1.333300e-02,   -2.313300e-02,    1.317400e-02,    2.644400e-03,    1.500800e-03,    2.147300e-03,    2.147300e-03,    1.236700e-03,    1.236700e-03,    1.165000e-03,    1.165000e-03,    1.349500e-03,    1.349500e-03,
        12,    3.981000e+00,   -8.243857e-03,   -3.670634e-03,    2.296127e-02,   -2.060213e-02,   -2.829354e-02,    1.854389e-02,    1.689761e-03,    3.416733e-04,   -1.198826e-01,   -6.635898e-01,   -2.544555e+00,    2.210063e+00,    1.445413e+00,   -1.872669e+00,    2.331507e-02,    8.872153e-01,   -8.534800e-03,   -5.281100e-03,    1.936200e-02,   -1.747600e-02,   -2.624900e-02,    1.589500e-02,    1.718800e-03,    1.446700e-03,    2.426900e-03,    2.426900e-03,    1.414500e-03,    1.414500e-03,    1.414500e-03,    1.414500e-03,    1.245500e-03,    1.245500e-03,
        13,    1.000000e+00,   -9.396238e-03,    3.353221e-03,    6.877906e-03,   -6.687819e-03,   -1.592772e-02,    9.052297e-03,    2.025442e-03,   -8.085238e-04,   -1.818530e+00,   -8.633571e-01,    1.181141e+00,    1.267956e+00,   -1.004500e+00,   -2.086673e-01,    5.520987e-01,    4.930362e-01,   -1.242500e-02,    1.915300e-03,    8.410200e-03,   -5.042900e-03,   -1.708400e-02,    8.812100e-03,    2.614200e-03,   -2.827500e-04,    1.665500e-03,    1.665500e-03,    1.297300e-03,    1.297300e-03,    1.151100e-03,    1.151100e-03,    1.066400e-03,    1.066400e-03,
        13,    1.584800e+00,   -1.084243e-02,    2.797163e-03,    8.447490e-03,   -8.956733e-03,   -1.824244e-02,    1.048799e-02,    2.340658e-03,   -6.634389e-04,   -1.592492e+00,   -4.489558e-01,    8.993924e-01,    1.084096e+00,   -2.311169e-01,    8.053714e-01,   -1.995073e-02,    6.197794e-01,   -1.397900e-02,    1.912900e-03,    9.469200e-03,   -7.725200e-03,   -1.843500e-02,    1.115900e-02,    2.319500e-03,   -6.162800e-06,    1.969600e-03,    1.969600e-03,    1.136000e-03,    1.136000e-03,    8.331700e-04,    8.331700e-04,    1.060500e-03,    1.060500e-03,
        13,    2.511800e+00,   -1.216292e-02,    1.613012e-03,    1.056332e-02,   -1.181852e-02,   -2.095026e-02,    1.246468e-02,    2.470316e-03,   -3.688305e-04,   -1.182062e+00,   -5.666866e-01,    3.746403e-03,    2.930544e-01,    2.469230e-01,    8.646381e-01,   -7.712656e-01,    3.451859e-01,   -1.486700e-02,    3.166600e-04,    1.056700e-02,   -1.153100e-02,   -2.070800e-02,    1.331300e-02,    1.717900e-03,   -3.208100e-05,    2.287600e-03,    2.287600e-03,    9.811300e-04,    9.811300e-04,    9.811300e-04,    9.811300e-04,    9.755600e-04,    9.755600e-04,
        13,    3.981000e+00,   -1.292292e-02,   -2.956829e-04,    1.319259e-02,   -1.559189e-02,   -2.421965e-02,    1.493177e-02,    2.216846e-03,   -2.675621e-04,   -8.468390e-01,   -3.798807e-01,   -1.201976e-01,   -7.691988e-01,   -6.694783e-01,    1.491619e+00,   -8.858298e-01,   -1.822374e-01,   -1.520100e-02,   -1.317600e-03,    1.304100e-02,   -1.656200e-02,   -2.506400e-02,    1.681300e-02,    1.347200e-03,   -4.464700e-04,    2.690100e-03,    2.690100e-03,    1.261200e-03,    1.261200e-03,    1.261200e-03,    1.261200e-03,    9.817300e-04,    9.817300e-04,
        15,    1.000000e+00,   -6.543249e-03,    4.256936e-03,    9.201034e-03,   -8.114128e-03,   -1.002110e-02,    7.917925e-03,    5.339830e-04,    3.586525e-04,   -1.043969e+00,    1.123410e+00,    1.479092e+00,    7.831492e-01,    1.308522e+00,    2.971389e-01,    2.304905e+00,   -1.411943e+00,   -8.372700e-03,    6.225600e-03,    1.091900e-02,   -7.204500e-03,   -8.454800e-03,    8.273600e-03,    2.440900e-03,   -8.094900e-04,    1.752400e-03,    1.752400e-03,    1.161500e-03,    1.161500e-03,    1.197000e-03,    1.197000e-03,    8.273300e-04,    8.273300e-04,
        15,    1.584800e+00,   -7.692780e-03,    5.266219e-03,    1.083157e-02,   -1.134939e-02,   -1.190433e-02,    1.001395e-02,    3.743177e-04,    5.231005e-04,   -1.570153e+00,    9.492978e-01,    7.648761e-01,    3.751604e-01,   -6.540955e-01,    1.156352e+00,    8.320640e-01,    8.622595e-01,   -1.116800e-02,    7.367300e-03,    1.233700e-02,   -1.061100e-02,   -1.268100e-02,    1.138700e-02,    1.019600e-03,    1.191800e-03,    2.213300e-03,    2.213300e-03,    1.968200e-03,    1.968200e-03,    1.187400e-03,    1.187400e-03,    7.755200e-04,    7.755200e-04,
        15,    2.511800e+00,   -9.337141e-03,    6.522902e-03,    1.346732e-02,   -1.575501e-02,   -1.447767e-02,    1.279735e-02,    9.974199e-05,    6.466520e-04,   -1.491621e+00,    1.089843e+00,    3.976109e-01,    2.341073e-01,   -1.292736e-01,    5.442292e-01,    2.443766e-01,    1.509840e+00,   -1.350100e-02,    9.565200e-03,    1.435900e-02,   -1.523000e-02,   -1.470800e-02,    1.376700e-02,    3.422100e-04,    2.144700e-03,    2.791500e-03,    2.791500e-03,    2.242600e-03,    2.242600e-03,    1.781700e-03,    1.781700e-03,    9.921900e-04,    9.921900e-04,
        15,    3.981000e+00,   -1.166922e-02,    7.795572e-03,    1.755629e-02,   -2.134837e-02,   -1.792689e-02,    1.616052e-02,   -2.721933e-04,    6.195708e-04,   -1.490750e+00,    1.118869e+00,   -5.037436e-01,    2.764919e-01,    1.559620e-01,    9.916678e-02,   -1.648607e-01,   -5.278618e-01,   -1.691800e-02,    1.173500e-02,    1.672300e-02,   -2.089100e-02,   -1.758800e-02,    1.637600e-02,   -3.577000e-04,    3.457900e-04,    3.520900e-03,    3.520900e-03,    1.654200e-03,    1.654200e-03,    2.172900e-03,    2.172900e-03,    5.186600e-04,    5.186600e-04,
        16,    6.309500e-01,   -4.218443e-03,    7.243652e-04,    8.991742e-03,   -6.392918e-03,   -1.640867e-02,    1.109513e-02,    2.297278e-03,   -9.150169e-05,   -1.695777e-01,   -1.423839e-01,   -2.642126e+00,    6.111937e-01,   -9.298790e-01,    3.151362e-01,   -4.106406e-01,    7.971120e-01,   -4.380900e-03,    5.879600e-04,    7.057600e-03,   -5.945500e-03,   -1.786300e-02,    1.158800e-02,    1.893700e-03,    6.919000e-04,    9.580100e-04,    9.580100e-04,    7.320400e-04,    7.320400e-04,    1.564000e-03,    1.564000e-03,    9.828000e-04,    9.828000e-04,
        16,    2.511800e+00,   -4.949120e-03,   -7.059847e-04,    1.575296e-02,   -1.559073e-02,   -2.684023e-02,    1.904647e-02,    2.425158e-03,    3.212086e-04,   -7.271269e-01,    1.274151e+00,   -2.036832e+00,    2.897829e-01,    2.978754e-01,    1.135684e+00,    1.538906e-02,    8.049965e-01,   -6.180800e-03,    1.452300e-03,    1.311200e-02,   -1.521500e-02,   -2.645400e-02,    2.051900e-02,    2.447800e-03,    1.505600e-03,    1.693900e-03,    1.693900e-03,    1.296600e-03,    1.296600e-03,    1.296600e-03,    1.296600e-03,    1.471300e-03,    1.471300e-03,
        16,    3.981000e+00,   -5.040708e-03,   -1.763812e-03,    2.010136e-02,   -1.990204e-02,   -3.175815e-02,    2.309974e-02,    2.693441e-03,    6.765335e-04,   -1.098403e+00,    7.677043e-01,   -8.317885e-01,   -1.249687e+00,   -1.601436e-01,    9.714970e-01,   -6.666717e-01,    9.911867e-01,   -7.459500e-03,   -7.325000e-05,    1.867900e-02,   -2.203900e-02,   -3.203200e-02,    2.476100e-02,    1.631900e-03,    2.254800e-03,    2.202100e-03,    2.202100e-03,    1.710000e-03,    1.710000e-03,    1.710000e-03,    1.710000e-03,    1.592300e-03,    1.592300e-03,
        18,    3.981000e-01,    7.055129e-02,   -4.095449e-02,    3.082939e-02,   -2.218827e-02,   -2.435197e-01,    1.440276e-01,   -7.756935e-02,    5.607381e-02,    3.805920e+00,    7.525653e-01,    3.890545e+00,   -1.048929e+00,   -1.092693e+01,   -9.234714e+00,   -1.490983e+00,    1.561653e-01,    1.232100e-01,   -3.054200e-02,    5.992600e-02,   -3.003300e-02,   -3.252400e-01,    7.496300e-02,   -1.259100e-01,    6.113700e-02,    1.383600e-02,    1.383600e-02,    7.478800e-03,    7.478800e-03,    7.478800e-03,    7.478800e-03,    3.242200e-02,    3.242200e-02,
        18,    6.309500e-01,    8.073569e-02,   -4.596764e-02,    3.587768e-02,   -3.017073e-02,   -2.788399e-01,    1.629420e-01,   -9.119310e-02,    7.642022e-02,    2.877992e+00,    1.662016e-01,    3.060331e+00,   -4.689309e-01,   -1.395295e+01,   -5.021990e+00,   -1.035254e+00,    3.048744e-01,    1.221500e-01,   -4.357600e-02,    6.218000e-02,   -3.420100e-02,   -3.987600e-01,    1.197800e-01,   -1.310100e-01,    8.814600e-02,    1.439000e-02,    1.439000e-02,    8.594600e-03,    8.594600e-03,    8.594600e-03,    8.594600e-03,    3.846100e-02,    3.846100e-02,
        18,    1.000000e+00,    9.160303e-02,   -5.418336e-02,    4.334855e-02,   -4.068344e-02,   -3.166449e-01,    1.936975e-01,   -1.118090e-01,    1.023111e-01,    2.316604e+00,   -4.194580e-02,    7.735485e-01,   -2.213781e-01,   -8.857807e+00,   -5.509300e+00,   -3.591160e-01,    6.852836e-02,    1.246100e-01,   -5.478100e-02,    5.063600e-02,   -4.276900e-02,   -3.903100e-01,    1.478800e-01,   -1.259000e-01,    1.050000e-01,    1.424800e-02,    1.424800e-02,    9.420800e-03,    9.420800e-03,    8.316400e-03,    8.316400e-03,    3.923800e-02,    3.923800e-02,
        18,    1.584800e+00,    1.053621e-01,   -6.667397e-02,    5.451735e-02,   -5.401076e-02,   -3.647265e-01,    2.405554e-01,   -1.428238e-01,    1.336817e-01,    1.618577e+00,   -5.634185e-01,   -4.248868e-01,   -5.213342e-01,   -5.832146e+00,    1.857704e-01,    3.873098e-01,    6.656553e-03,    1.317400e-01,   -7.585600e-02,    5.039000e-02,   -5.907500e-02,   -4.213800e-01,    2.423600e-01,   -1.254700e-01,    1.339800e-01,    1.629700e-02,    1.629700e-02,    9.714000e-03,    9.714000e-03,    9.714000e-03,    9.714000e-03,    4.480600e-02,    4.480600e-02,
        18,    2.511800e+00,    1.247458e-01,   -8.294906e-02,    7.073794e-02,   -6.956204e-02,   -4.330663e-01,    3.023264e-01,   -1.878839e-01,    1.676060e-01,    1.559204e+00,   -1.266289e+00,   -5.957133e-01,   -8.513824e-01,   -5.955108e+00,    5.654409e+00,    4.857586e-01,    1.995855e-01,    1.575000e-01,   -1.095500e-01,    6.317000e-02,   -8.037800e-02,   -5.087200e-01,    3.741600e-01,   -1.595200e-01,    1.792600e-01,    2.100700e-02,    2.100700e-02,    1.270400e-02,    1.270400e-02,    1.270400e-02,    1.270400e-02,    5.839100e-02,    5.839100e-02,
        18,    3.981000e+00,    1.518656e-01,   -1.008627e-01,    9.260138e-02,   -8.625388e-02,   -5.293677e-01,    3.717576e-01,   -2.485405e-01,    1.990234e-01,    1.602294e+00,   -1.437135e+00,   -2.911623e-02,   -1.239200e+00,   -6.788026e+00,    6.990266e+00,    1.243641e-01,    4.558938e-01,    1.962700e-01,   -1.406900e-01,    9.210900e-02,   -1.072100e-01,   -6.441600e-01,    4.899700e-01,   -2.388300e-01,    2.346200e-01,    2.771300e-02,    2.771300e-02,    1.691100e-02,    1.691100e-02,    1.691100e-02,    1.691100e-02,    7.808100e-02,    7.808100e-02,
        19,    3.981000e+00,   -7.301782e-03,   -4.029637e-03,    2.606280e-02,   -2.651262e-02,   -3.223175e-02,    2.275087e-02,    5.459509e-03,   -3.710923e-03,    3.299550e-01,    1.650607e-01,   -1.110425e+00,    1.368028e+00,    2.676862e+00,   -3.321939e+00,    8.301061e-01,   -1.409095e-01,   -6.521900e-03,   -3.639500e-03,    2.357200e-02,   -2.344400e-02,   -2.781600e-02,    1.727100e-02,    7.545400e-03,   -4.065000e-03,    2.363600e-03,    2.363600e-03,    2.243100e-03,    2.243100e-03,    1.649600e-03,    1.649600e-03,    2.512800e-03,    2.512800e-03,
        20,    1.584800e+00,   -1.332024e-02,    5.059728e-03,    2.270017e-02,   -2.107770e-02,   -3.425665e-02,    2.562730e-02,    3.744191e-03,    4.885385e-04,    1.793276e+00,    2.162731e+00,    3.455487e+00,   -1.789198e+00,   -2.161358e+00,   -1.182052e+00,    3.571014e+00,   -9.150069e-01,   -6.753800e-03,    1.297900e-02,    3.160600e-02,   -2.568900e-02,   -4.311800e-02,    2.078100e-02,    2.078400e-02,   -3.877600e-03,    3.661700e-03,    3.661700e-03,    2.577300e-03,    2.577300e-03,    4.099900e-03,    4.099900e-03,    4.771700e-03,    4.771700e-03,
        20,    2.511800e+00,   -1.527059e-02,    5.418310e-03,    2.819532e-02,   -2.819789e-02,   -4.134188e-02,    3.178831e-02,    3.679239e-03,    8.996814e-04,   -7.924122e-01,    2.021368e+00,    1.243105e+00,   -1.587464e+00,   -3.922050e+00,    1.819016e-01,    2.585184e+00,   -3.032154e-01,   -1.924200e-02,    1.554900e-02,    3.145300e-02,   -3.235800e-02,   -5.162000e-02,    3.226500e-02,    1.565200e-02,   -5.046000e-04,    5.011800e-03,    5.011800e-03,    2.620600e-03,    2.620600e-03,    2.620600e-03,    2.620600e-03,    4.631300e-03,    4.631300e-03,
        20,    3.981000e+00,   -1.769967e-02,    5.070068e-03,    3.586389e-02,   -3.678120e-02,   -5.049020e-02,    3.880621e-02,    3.524581e-03,    1.484878e-03,   -1.689120e+00,    1.097778e+00,   -2.504368e-02,   -1.907454e+00,   -3.396273e+00,    1.968007e+00,    1.534188e+00,    5.261415e-01,   -2.818100e-02,    1.188200e-02,    3.578200e-02,   -4.301800e-02,   -6.159500e-02,    4.524100e-02,    1.014000e-02,    3.753600e-03,    6.205200e-03,    6.205200e-03,    3.269700e-03,    3.269700e-03,    3.269700e-03,    3.269700e-03,    4.312000e-03,    4.312000e-03,
        23,    2.511800e+00,   -6.711756e-03,   -7.545892e-04,    2.366575e-02,   -1.936669e-02,   -2.697212e-02,    1.504429e-02,   -1.888437e-04,    6.020834e-04,    3.975566e-01,   -6.163292e-01,   -1.286690e+00,    4.298055e+00,    2.413335e+00,   -3.987524e+00,    2.039455e+00,    2.298070e-01,   -5.962600e-03,   -1.916000e-03,    2.170200e-02,   -1.280700e-02,   -2.323700e-02,    8.872800e-03,    2.118800e-03,    8.621100e-04,    1.884400e-03,    1.884400e-03,    1.526200e-03,    1.526200e-03,    1.547700e-03,    1.547700e-03,    1.131500e-03,    1.131500e-03,
        23,    3.981000e+00,   -6.248683e-03,   -1.912724e-03,    3.029647e-02,   -2.334926e-02,   -3.165232e-02,    1.687628e-02,   -8.452931e-04,    2.576391e-05,    2.328581e-01,   -3.415718e-01,   -1.373311e+00,    2.612007e+00,   -9.801220e-02,   -1.122766e+00,    2.394972e+00,   -4.047699e-02,   -5.738700e-03,   -2.660800e-03,    2.793300e-02,   -1.885400e-02,   -3.182100e-02,    1.494400e-02,    2.568500e-03,   -3.193200e-05,    2.190100e-03,    2.190100e-03,    1.721000e-03,    1.721000e-03,    1.721000e-03,    1.721000e-03,    1.425400e-03,    1.425400e-03,
        24,    6.309500e-01,   -8.765853e-03,    1.954083e-03,    1.282761e-02,   -7.819229e-03,   -1.647863e-02,    1.073282e-02,    2.874286e-03,   -2.248670e-04,   -5.849791e-01,   -2.130030e-01,   -5.116432e-01,    2.477379e+00,    8.947689e-01,   -1.395900e+00,    9.796407e-02,    9.085060e-01,   -9.783600e-03,    1.583500e-03,    1.236800e-02,   -5.593800e-03,   -1.493900e-02,    8.330900e-03,    2.980900e-03,    7.638600e-04,    1.739800e-03,    1.739800e-03,    8.983000e-04,    8.983000e-04,    1.720700e-03,    1.720700e-03,    1.088300e-03,    1.088300e-03,
        24,    1.000000e+00,   -9.706064e-03,    9.670590e-04,    1.447753e-02,   -1.042804e-02,   -1.933080e-02,    1.227287e-02,    3.035519e-03,    6.693604e-05,   -5.852805e-01,   -2.373868e-01,   -7.734281e-01,    2.514022e+00,    1.416121e+00,   -1.748727e+00,   -2.764634e-01,    5.702635e-01,   -1.084900e-02,    5.034900e-04,    1.361500e-02,   -7.624400e-03,   -1.659500e-02,    8.894500e-03,    2.733400e-03,    6.901200e-04,    1.952800e-03,    1.952800e-03,    1.115200e-03,    1.115200e-03,    1.931900e-03,    1.931900e-03,    1.092800e-03,    1.092800e-03,
        24,    1.584800e+00,   -1.036964e-02,   -5.941931e-04,    1.693462e-02,   -1.407066e-02,   -2.244566e-02,    1.431887e-02,    3.131100e-03,    5.277039e-04,   -4.090024e-01,    1.714011e-01,   -1.771936e+00,    3.132519e+00,    3.526157e+00,   -2.553211e+00,   -6.484896e-01,    4.758942e-01,   -1.126000e-02,   -2.210700e-04,    1.516600e-02,   -1.094400e-02,   -1.813000e-02,    1.119400e-02,    2.403300e-03,    1.061800e-03,    2.176900e-03,    2.176900e-03,    9.981300e-04,    9.981300e-04,    1.223900e-03,    1.223900e-03,    1.122300e-03,    1.122300e-03,
        24,    2.511800e+00,   -1.032316e-02,   -2.876489e-03,    2.068216e-02,   -1.875111e-02,   -2.587660e-02,    1.706038e-02,    2.998352e-03,    1.220962e-03,   -2.788048e-01,    5.506024e-01,   -1.399716e+00,    1.939221e+00,    4.126282e+00,   -2.134087e+00,   -8.533492e-01,    5.574098e-02,   -1.100300e-02,   -1.533900e-03,    1.820200e-02,   -1.531500e-02,   -2.081200e-02,    1.444100e-02,    2.004200e-03,    1.285900e-03,    2.438400e-03,    2.438400e-03,    1.771900e-03,    1.771900e-03,    1.227400e-03,    1.227400e-03,    1.165000e-03,    1.165000e-03,
        24,    3.981000e+00,   -8.866068e-03,   -5.581276e-03,    2.611243e-02,   -2.424474e-02,   -2.959199e-02,    2.089987e-02,    2.394541e-03,    1.995166e-03,   -1.651156e-01,    6.385938e-01,   -1.454721e+00,    1.488017e+00,    3.402494e+00,   -2.061633e+00,   -6.777980e-01,   -2.828650e-01,   -9.299100e-03,   -3.906500e-03,    2.238500e-02,   -2.043200e-02,   -2.444300e-02,    1.778000e-02,    1.553800e-03,    1.644300e-03,    2.622600e-03,    2.622600e-03,    2.562300e-03,    2.562300e-03,    1.513300e-03,    1.513300e-03,    1.240400e-03,    1.240400e-03,
        25,    2.511800e+00,    3.530847e-02,   -2.297282e-02,    2.998490e-02,   -3.207021e-02,   -8.708882e-02,    5.775888e-02,   -1.615524e-02,    1.793877e-02,    3.285257e+00,    1.917857e+00,    7.199534e-01,   -2.756212e-01,   -8.795431e-01,   -4.608006e+00,    2.539089e+00,   -1.958347e+00,    6.174000e-02,   -7.542700e-03,    3.241100e-02,   -3.299900e-02,   -9.112900e-02,    3.659200e-02,   -4.327400e-03,    8.816200e-03,    8.045500e-03,    8.045500e-03,    3.369800e-03,    3.369800e-03,    4.593500e-03,    4.593500e-03,    4.658300e-03,    4.658300e-03,
        25,    3.981000e+00,    4.105091e-02,   -3.052735e-02,    3.695630e-02,   -4.136881e-02,   -1.002524e-01,    7.600925e-02,   -2.038819e-02,    2.175951e-02,    2.305342e+00,   -2.610713e-01,    8.500019e-01,   -1.201041e+00,   -6.043957e+00,    2.052227e+00,   -1.179712e+00,    9.208421e-01,    6.435100e-02,   -3.316600e-02,    4.116100e-02,   -4.731000e-02,   -1.301500e-01,    8.616100e-02,   -3.592500e-02,    3.388700e-02,    1.010700e-02,    1.010700e-02,    4.946700e-03,    4.946700e-03,    4.946700e-03,    4.946700e-03,    1.317000e-02,    1.317000e-02,
        27,    2.511800e+00,    8.502298e-04,   -2.097168e-03,    2.781534e-02,   -2.264691e-02,   -2.566615e-02,    1.612395e-02,   -1.325815e-03,    1.576108e-03,    2.302074e+00,    9.211227e-01,    1.130087e-01,    8.450026e-01,    1.078674e+00,   -2.151303e+00,    6.506072e-01,   -7.357080e-01,    5.712900e-03,   -1.514800e-04,    2.812600e-02,   -2.032400e-02,   -2.382000e-02,    1.244200e-02,   -7.676200e-04,    9.449000e-04,    2.112300e-03,    2.112300e-03,    2.749000e-03,    2.749000e-03,    1.711500e-03,    1.711500e-03,    8.579600e-04,    8.579600e-04,
        27,    3.981000e+00,    2.064218e-03,   -2.235840e-03,    3.547668e-02,   -2.716151e-02,   -3.034024e-02,    1.886859e-02,   -2.341640e-03,    1.280017e-03,    2.120480e+00,    1.303201e+00,   -8.404546e-01,    1.030982e+00,    5.701401e-01,   -2.320795e+00,    1.897643e+00,   -1.218398e+00,    7.773400e-03,    1.272900e-03,    3.301600e-02,   -2.414300e-02,   -2.929700e-02,    1.462200e-02,   -8.193700e-04,    3.026300e-04,    2.692400e-03,    2.692400e-03,    2.927800e-03,    2.927800e-03,    1.829800e-03,    1.829800e-03,    8.021900e-04,    8.021900e-04,
        28,    3.981000e+00,    1.337087e-03,   -6.216496e-03,    1.873203e-02,   -2.239357e-02,   -2.329210e-02,    1.871651e-02,   -2.291683e-04,    4.147930e-03,    2.166880e+00,   -2.384695e-01,    2.512407e-01,    4.268769e-01,   -3.172350e-01,    1.287647e+00,   -5.877546e-01,    6.110203e-01,    6.706400e-03,   -6.807400e-03,    1.980000e-02,   -2.057900e-02,   -2.424000e-02,    2.256400e-02,   -1.427600e-03,    5.393800e-03,    2.477900e-03,    2.477900e-03,    4.250800e-03,    4.250800e-03,    2.988000e-03,    2.988000e-03,    2.039000e-03,    2.039000e-03,
        29,    3.981000e-01,    5.289842e-02,   -3.823780e-02,    2.666506e-02,   -1.805721e-02,   -9.777715e-02,    7.144611e-02,   -2.507563e-02,    1.941377e-02,    8.765283e-01,   -6.052196e-01,   -3.197806e-01,    1.995596e+00,    2.622848e+00,   -3.974633e-01,   -4.095416e-01,   -7.849979e-01,    5.888300e-02,   -4.237000e-02,    2.575100e-02,   -1.235300e-02,   -9.028000e-02,    7.031000e-02,   -2.875200e-02,    1.236700e-02,    6.827600e-03,    6.827600e-03,    2.858400e-03,    2.858400e-03,    2.858400e-03,    2.858400e-03,    8.976800e-03,    8.976800e-03,
        29,    6.309500e-01,    6.309005e-02,   -4.412393e-02,    3.012076e-02,   -2.481221e-02,   -1.165170e-01,    8.304883e-02,   -2.896635e-02,    2.726528e-02,    1.248355e+00,   -8.127834e-01,   -9.036953e-01,    1.814886e-01,    1.300706e+00,   -8.123229e-03,    3.959820e-01,   -4.035356e-01,    7.375700e-02,   -5.106900e-02,    2.691300e-02,   -2.416800e-02,   -1.119000e-01,    8.302000e-02,   -2.488100e-02,    2.310200e-02,    8.544800e-03,    8.544800e-03,    3.549600e-03,    3.549600e-03,    3.549600e-03,    3.549600e-03,    1.031700e-02,    1.031700e-02,
        29,    1.000000e+00,    7.445665e-02,   -5.243447e-02,    3.518407e-02,   -3.438918e-02,   -1.374054e-01,    9.942204e-02,   -3.508979e-02,    3.805198e-02,    1.270003e+00,   -8.528867e-01,   -1.016855e+00,   -4.211413e-01,    8.363673e-01,   -4.970285e-01,    4.343531e-01,   -9.332610e-02,    8.806600e-02,   -6.157400e-02,    3.067900e-02,   -3.625500e-02,   -1.337000e-01,    9.722000e-02,   -2.934200e-02,    3.681700e-02,    1.071600e-02,    1.071600e-02,    4.430400e-03,    4.430400e-03,    4.430400e-03,    4.430400e-03,    1.323300e-02,    1.323300e-02,
        29,    1.584800e+00,    8.895279e-02,   -6.402398e-02,    4.315474e-02,   -4.767866e-02,   -1.638375e-01,    1.224628e-01,   -4.506377e-02,    5.247944e-02,    1.151954e+00,   -7.888819e-01,   -5.475719e-01,   -5.188565e-01,    9.844645e-01,   -5.574801e-01,    1.682903e-01,    1.665752e-01,    1.047000e-01,   -7.480800e-02,    4.005800e-02,   -5.061300e-02,   -1.582700e-01,    1.193100e-01,   -4.209900e-02,    5.541400e-02,    1.367000e-02,    1.367000e-02,    5.655400e-03,    5.655400e-03,    5.655400e-03,    5.655400e-03,    1.761700e-02,    1.761700e-02,
        29,    2.511800e+00,    1.091156e-01,   -7.790277e-02,    5.598732e-02,   -6.483931e-02,   -2.003538e-01,    1.510821e-01,   -6.134694e-02,    7.000936e-02,    9.848692e-01,   -8.083995e-01,   -1.164562e-01,   -9.608754e-01,    1.094665e+00,   -1.954316e-01,    7.276478e-02,    2.502560e-01,    1.267300e-01,   -9.236100e-02,    5.512200e-02,   -7.197900e-02,   -1.922200e-01,    1.496300e-01,   -5.967400e-02,    7.576300e-02,    1.788500e-02,    1.788500e-02,    7.430400e-03,    7.430400e-03,    7.430400e-03,    7.430400e-03,    2.299100e-02,    2.299100e-02,
        29,    3.981000e+00,    1.360615e-01,   -9.109432e-02,    7.540303e-02,   -8.489568e-02,   -2.492964e-01,    1.809930e-01,   -8.575570e-02,    8.813130e-02,    1.077125e+00,   -8.761754e-01,    8.324623e-01,   -8.874091e-01,    4.817443e-02,    6.458899e-01,   -2.534977e-01,    1.855595e-01,    1.614300e-01,   -1.117300e-01,    8.363500e-02,   -9.367100e-02,   -2.488200e-01,    1.873800e-01,   -9.347800e-02,    9.378400e-02,    2.355200e-02,    2.355200e-02,    9.888700e-03,    9.888700e-03,    9.888700e-03,    9.888700e-03,    3.046300e-02,    3.046300e-02,
        30,    3.981000e-01,    1.143173e-01,   -8.061692e-02,    5.694244e-02,   -3.845273e-02,   -1.932309e-01,    1.376479e-01,   -7.335755e-02,    5.141397e-02,    5.349995e-01,   -7.162881e-01,    1.097456e+00,    4.387390e-01,   -1.827638e+00,    3.823817e+00,   -2.426842e-01,    6.549791e-02,    1.228500e-01,   -9.204100e-02,    6.458600e-02,   -3.539700e-02,   -2.059600e-01,    1.642800e-01,   -7.912300e-02,    5.297000e-02,    1.594900e-02,    1.594900e-02,    6.964800e-03,    6.964800e-03,    6.964800e-03,    6.964800e-03,    2.375700e-02,    2.375700e-02,
        30,    6.309500e-01,    1.358496e-01,   -9.271351e-02,    6.471945e-02,   -5.250106e-02,   -2.295111e-01,    1.591659e-01,   -8.409837e-02,    7.060147e-02,    1.537048e+00,   -8.738785e-01,    6.958043e-01,    5.332854e-02,   -5.467979e+00,    3.999037e+00,   -2.253169e-01,    2.352362e-02,    1.663600e-01,   -1.100600e-01,    7.070900e-02,   -5.204200e-02,   -2.765800e-01,    1.935900e-01,   -9.077000e-02,    7.129800e-02,    1.985000e-02,    1.985000e-02,    8.608100e-03,    8.608100e-03,    8.608100e-03,    8.608100e-03,    2.961000e-02,    2.961000e-02,
        30,    1.000000e+00,    1.599837e-01,   -1.098993e-01,    7.614138e-02,   -7.214182e-02,   -2.701552e-01,    1.898221e-01,   -1.002921e-01,    9.700749e-02,    1.344251e+00,   -8.821101e-01,    4.598944e-02,   -6.209806e-01,   -4.711352e+00,    3.334742e+00,   -1.755403e-02,    5.685238e-01,    1.922000e-01,   -1.310400e-01,    7.661700e-02,   -7.856400e-02,   -3.188800e-01,    2.243100e-01,   -1.009400e-01,    1.179900e-01,    2.396600e-02,    2.396600e-02,    1.034200e-02,    1.034200e-02,    1.034200e-02,    1.034200e-02,    3.690700e-02,    3.690700e-02,
        30,    1.584800e+00,    1.910326e-01,   -1.336877e-01,    9.407173e-02,   -9.886676e-02,   -3.222908e-01,    2.326356e-01,   -1.260562e-01,    1.322228e-01,    1.287839e+00,   -7.130044e-01,   -5.882109e-02,   -1.310355e+00,   -4.732993e+00,    2.578903e+00,   -2.813199e-02,    6.643509e-01,    2.303400e-01,   -1.554500e-01,    9.329500e-02,   -1.161700e-01,   -3.847900e-01,    2.666900e-01,   -1.273700e-01,    1.632500e-01,    3.052200e-02,    3.052200e-02,    1.320500e-02,    1.320500e-02,    1.320500e-02,    1.320500e-02,    4.670300e-02,    4.670300e-02,
        30,    2.511800e+00,    2.343638e-01,   -1.614740e-01,    1.225938e-01,   -1.322252e-01,   -3.949362e-01,    2.840946e-01,   -1.672465e-01,    1.745998e-01,    1.131280e+00,   -6.828066e-01,    2.786681e-01,   -1.527699e+00,   -4.130016e+00,    2.566802e+00,   -2.611366e-01,    6.680891e-01,    2.787100e-01,   -1.882400e-01,    1.273300e-01,   -1.581900e-01,   -4.651300e-01,    3.277200e-01,   -1.829400e-01,    2.147500e-01,    3.920000e-02,    3.920000e-02,    1.699600e-02,    1.699600e-02,    1.699600e-02,    1.699600e-02,    6.009700e-02,    6.009700e-02,
        30,    3.981000e+00,    2.921279e-01,   -1.863909e-01,    1.647113e-01,   -1.691265e-01,   -4.920572e-01,    3.339835e-01,   -2.276824e-01,    2.180286e-01,    1.122535e+00,   -7.677851e-01,    1.180679e+00,   -1.320459e+00,   -3.498727e+00,    2.725359e+00,   -6.044046e-01,    6.473134e-01,    3.490000e-01,   -2.252900e-01,    1.904300e-01,   -1.978900e-01,   -5.682700e-01,    3.933500e-01,   -2.743600e-01,    2.680200e-01,    5.066400e-02,    5.066400e-02,    2.178300e-02,    2.178300e-02,    2.178300e-02,    2.178300e-02,    7.722900e-02,    7.722900e-02,
        31,    1.000000e+00,    1.840171e-03,   -8.313576e-04,    1.755870e-02,   -1.615754e-02,   -3.848413e-02,    2.706203e-02,    3.825669e-03,   -1.177002e-03,    1.751456e+00,   -5.661622e-01,   -1.093771e+00,   -1.692496e+00,   -3.853288e+00,    2.469389e+00,    2.472076e+00,    5.774524e-01,    4.852500e-03,   -1.805100e-03,    1.455400e-02,   -2.080700e-02,   -4.572600e-02,    3.170300e-02,    1.430900e-02,    1.271800e-03,    1.719900e-03,    1.719900e-03,    2.747100e-03,    2.747100e-03,    1.879400e-03,    1.879400e-03,    4.240700e-03,    4.240700e-03,
        31,    1.584800e+00,    2.101834e-03,   -9.085117e-04,    2.090182e-02,   -2.231051e-02,   -4.487543e-02,    3.321286e-02,    4.092371e-03,   -1.213997e-03,    1.299594e+00,    9.084609e-01,   -1.782708e+00,   -2.568116e+00,   -4.238285e+00,    2.438315e+00,    2.212762e+00,    7.767051e-01,    4.487500e-03,    7.591500e-04,    1.670800e-02,   -2.835200e-02,   -5.484600e-02,    3.894900e-02,    1.454900e-02,    2.456400e-03,    1.835700e-03,    1.835700e-03,    2.352500e-03,    2.352500e-03,    2.352500e-03,    2.352500e-03,    4.725600e-03,    4.725600e-03,
        31,    2.511800e+00,    2.605408e-03,   -1.000060e-03,    2.579827e-02,   -3.051035e-02,   -5.315581e-02,    4.196108e-02,    4.276483e-03,   -1.284899e-03,    5.565647e-01,    1.043047e+00,   -1.344522e+00,   -2.351711e+00,   -4.107997e+00,    1.938780e+00,    1.871852e+00,    1.063702e-01,    3.679300e-03,    1.012500e-03,    2.181700e-02,   -3.747400e-02,   -6.532000e-02,    4.770200e-02,    1.359400e-02,   -7.554200e-04,    1.929500e-03,    1.929500e-03,    2.961100e-03,    2.961100e-03,    2.961100e-03,    2.961100e-03,    4.977700e-03,    4.977700e-03,
        31,    3.981000e+00,    3.451245e-03,   -7.624453e-04,    3.255256e-02,   -4.122757e-02,   -6.477628e-02,    5.326747e-02,    4.227405e-03,   -1.573244e-03,   -1.137259e-01,    1.111185e+00,   -5.114744e-01,   -1.510816e+00,   -3.568088e+00,    1.499482e+00,    1.620211e+00,   -2.259912e-01,    3.209600e-03,    1.598600e-03,    3.066200e-02,   -4.681200e-02,   -7.796500e-02,    5.881000e-02,    1.297800e-02,   -2.793800e-03,    2.124800e-03,    2.124800e-03,    3.696300e-03,    3.696300e-03,    3.696300e-03,    3.696300e-03,    5.400900e-03,    5.400900e-03,
        32,    2.511800e+00,   -5.606925e-03,    2.168605e-03,    1.112246e-02,   -1.172352e-02,   -2.023766e-02,    1.670522e-02,    4.521941e-03,   -1.419017e-03,   -9.353212e-02,    3.339736e-01,   -1.709986e+00,    4.245547e-01,    9.466454e-01,   -9.441040e-01,   -1.401388e-01,   -1.006939e-01,   -5.742500e-03,    2.652700e-03,    9.481100e-03,   -1.131600e-02,   -1.932900e-02,    1.579900e-02,    4.297200e-03,   -1.580500e-03,    1.449500e-03,    1.449500e-03,    9.598700e-04,    9.598700e-04,    9.598700e-04,    9.598700e-04,    1.603700e-03,    1.603700e-03,
        32,    3.981000e+00,   -6.647807e-03,    2.187724e-03,    1.382993e-02,   -1.572711e-02,   -2.499409e-02,    2.082607e-02,    4.818234e-03,   -1.777378e-03,   -3.239986e-01,    1.521878e-01,   -1.146475e+00,    2.254011e-01,    5.377862e-01,   -4.666586e-01,   -4.483390e-01,   -1.912117e-01,   -7.246200e-03,    2.468800e-03,    1.239500e-02,   -1.544500e-02,   -2.432100e-02,    2.024200e-02,    4.012300e-03,   -2.121100e-03,    1.846900e-03,    1.846900e-03,    1.251600e-03,    1.251600e-03,    1.251600e-03,    1.251600e-03,    1.797600e-03,    1.797600e-03,
        33,    1.000000e+00,    2.798242e-03,   -1.635145e-03,    1.557725e-02,   -1.473474e-02,   -4.937029e-02,    3.322773e-02,    3.001244e-04,    1.841668e-03,    6.574314e-01,    1.279836e+00,    4.166756e-02,    1.034417e+00,   -3.203296e+00,   -9.268307e-01,   -2.530624e-01,    1.954839e+00,    3.646000e-03,    1.520300e-05,    1.565200e-02,   -1.287900e-02,   -5.511700e-02,    3.156500e-02,   -5.968300e-04,    8.770400e-03,    1.289500e-03,    1.289500e-03,    1.794000e-03,    1.794000e-03,    1.794000e-03,    1.794000e-03,    3.544400e-03,    3.544400e-03,
        33,    1.584800e+00,    3.164306e-03,   -2.045303e-03,    1.874464e-02,   -2.023706e-02,   -5.713113e-02,    4.028610e-02,   -2.233844e-04,    2.925767e-03,    6.179879e-01,    6.081031e-01,   -2.339173e-01,    6.809054e-01,   -2.787089e+00,   -8.081893e-01,   -9.784259e-01,    1.551826e+00,    4.145300e-03,   -1.080000e-03,    1.823000e-02,   -1.873900e-02,   -6.326300e-02,    3.850800e-02,   -4.272600e-03,    9.348000e-03,    1.587400e-03,    1.587400e-03,    2.200100e-03,    2.200100e-03,    2.200100e-03,    2.200100e-03,    4.138500e-03,    4.138500e-03,
        33,    2.511800e+00,    3.893093e-03,   -2.694012e-03,    2.330900e-02,   -2.742564e-02,   -6.681567e-02,    5.055228e-02,   -1.311334e-03,    4.260461e-03,    2.392883e-01,    1.407964e+00,   -9.904621e-02,    1.387502e-01,   -3.958901e+00,    4.941034e-01,   -1.219874e+00,    1.438961e+00,    4.338600e-03,   -7.266600e-05,    2.302300e-02,   -2.702500e-02,   -7.824700e-02,    5.197900e-02,   -8.117500e-03,    1.228900e-02,    1.861800e-03,    1.861800e-03,    2.887500e-03,    2.887500e-03,    2.887500e-03,    2.887500e-03,    5.579400e-03,    5.579400e-03,
        34,    1.000000e+00,   -9.998482e-03,    3.638761e-03,    1.584789e-02,   -1.079277e-02,   -1.636599e-02,    1.021142e-02,    2.708966e-03,   -5.451150e-04,   -1.090353e+00,    1.096729e-01,   -1.239502e+00,    8.379008e-01,    3.991752e-01,    8.382166e-01,   -1.076095e+00,   -1.626203e+00,   -1.237000e-02,    3.877300e-03,    1.340000e-02,   -9.138000e-03,   -1.556900e-02,    1.188500e-02,    1.514500e-03,   -2.350200e-03,    2.175000e-03,    2.175000e-03,    1.974900e-03,    1.974900e-03,    1.996600e-03,    1.996600e-03,    1.110000e-03,    1.110000e-03,
        34,    1.584800e+00,   -1.137951e-02,    3.239293e-03,    1.899493e-02,   -1.398105e-02,   -1.892047e-02,    1.224468e-02,    2.837732e-03,   -5.152276e-04,   -5.421732e-01,    2.844022e-01,   -1.949901e+00,    1.307822e+00,   -3.192905e-01,    9.540503e-01,   -2.059312e+00,   -1.802087e+00,   -1.268100e-02,    3.922000e-03,    1.542700e-02,   -1.158800e-02,   -1.961100e-02,    1.430800e-02,    3.194000e-04,   -2.719000e-03,    2.400500e-03,    2.400500e-03,    1.829800e-03,    1.829800e-03,    2.162700e-03,    2.162700e-03,    1.222900e-03,    1.222900e-03,
        34,    2.511800e+00,   -1.255424e-02,    2.411203e-03,    2.351638e-02,   -1.746884e-02,   -2.214771e-02,    1.501269e-02,    2.894654e-03,   -5.072385e-04,    6.992177e-03,    8.688310e-01,   -1.481965e+00,    7.782317e-01,   -1.188881e+00,    7.858526e-01,   -2.561901e+00,   -1.856988e+00,   -1.253500e-02,    4.802400e-03,    1.973100e-02,   -1.548100e-02,   -2.471700e-02,    1.671100e-02,   -1.043500e-03,   -3.361800e-03,    2.752200e-03,    2.752200e-03,    2.554300e-03,    2.554300e-03,    2.161100e-03,    2.161100e-03,    1.537200e-03,    1.537200e-03,
        34,    3.981000e+00,   -1.320617e-02,    1.334848e-03,    2.940079e-02,   -2.076679e-02,   -2.637401e-02,    1.842434e-02,    2.872985e-03,   -6.785192e-04,    2.843740e-01,    1.352232e+00,   -7.526346e-01,    1.091838e-01,   -1.979980e+00,    3.079342e-01,   -2.816913e+00,   -1.942835e+00,   -1.229100e-02,    5.686600e-03,    2.715500e-02,   -2.044100e-02,   -3.066700e-02,    1.909200e-02,   -3.336900e-03,   -4.961500e-03,    3.218200e-03,    3.218200e-03,    2.983900e-03,    2.983900e-03,    2.168200e-03,    2.168200e-03,    2.204500e-03,    2.204500e-03,
        35,    1.584800e+00,   -2.895350e-03,    3.113334e-05,    1.729499e-02,   -8.615157e-03,   -7.995163e-03,    1.063957e-02,    8.520601e-03,    5.175335e-04,    4.728184e-02,   -1.741646e+00,    1.347872e+00,   -1.984642e+00,   -3.459949e+00,   -2.785498e-01,    1.135923e+00,   -3.111002e-01,   -2.829600e-03,   -2.390800e-03,    1.973100e-02,   -1.220200e-02,   -1.253600e-02,    1.027400e-02,    1.077200e-02,   -9.906700e-05,    1.390600e-03,    1.390600e-03,    1.807300e-03,    1.807300e-03,    1.312400e-03,    1.312400e-03,    1.982000e-03,    1.982000e-03,
        35,    2.511800e+00,   -2.886435e-03,   -6.358121e-04,    1.937965e-02,   -1.090194e-02,   -1.079909e-02,    1.388127e-02,    8.326559e-03,    1.427025e-03,    1.822198e-01,   -7.244847e-01,    1.801042e+00,   -2.025997e+00,   -2.588696e+00,    1.443573e+00,    9.757753e-01,   -3.267821e-01,   -2.635500e-03,   -1.633500e-03,    2.282000e-02,   -1.477200e-02,   -1.388300e-02,    1.560100e-02,    1.049600e-02,    7.004900e-04,    1.377100e-03,    1.377100e-03,    1.910200e-03,    1.910200e-03,    1.191300e-03,    1.191300e-03,    2.223300e-03,    2.223300e-03,
        35,    3.981000e+00,   -2.604016e-03,   -1.274341e-03,    2.172338e-02,   -1.385951e-02,   -1.453648e-02,    1.780455e-02,    7.554183e-03,    2.360263e-03,   -7.393018e-02,    1.149159e+00,    2.316706e+00,   -1.044629e+00,   -2.443444e+00,    2.696961e+00,    9.284366e-01,    1.973566e-01,   -2.707200e-03,    3.295400e-04,    2.722000e-02,   -1.633800e-02,   -1.820800e-02,    2.185700e-02,    9.943700e-03,    2.868200e-03,    1.395700e-03,    1.395700e-03,    2.372600e-03,    2.372600e-03,    1.502600e-03,    1.502600e-03,    2.573700e-03,    2.573700e-03,
        36,    3.981000e-01,    4.562030e-03,   -3.005291e-03,    1.418588e-02,   -8.357176e-03,   -7.243451e-02,    4.959802e-02,   -2.469331e-03,    1.838302e-03,    1.337600e-01,    9.057023e-01,    2.463443e-01,   -3.073903e-01,    2.663922e+00,   -4.652187e-01,    2.276246e-01,   -7.790146e-01,    4.749000e-03,   -1.739300e-03,    1.465600e-02,   -8.943800e-03,   -6.232200e-02,    4.783200e-02,   -2.034500e-03,    3.501500e-04,    1.397800e-03,    1.397800e-03,    1.908400e-03,    1.908400e-03,    3.796100e-03,    3.796100e-03,    1.910300e-03,    1.910300e-03,
        36,    6.309500e-01,    5.499039e-03,   -3.158908e-03,    1.574516e-02,   -1.123893e-02,   -8.610165e-02,    5.633095e-02,   -3.075956e-03,    3.409494e-03,    4.969224e-01,    6.996933e-01,    8.608243e-01,   -4.296279e-01,    8.720639e-01,    1.231007e+00,    4.836933e-01,   -1.117388e+00,    6.393400e-03,   -1.899600e-03,    1.777300e-02,   -1.225100e-02,   -8.288400e-02,    6.087300e-02,   -1.989000e-03,    8.985000e-04,    1.799800e-03,    1.799800e-03,    2.355700e-03,    2.355700e-03,    3.689700e-03,    3.689700e-03,    2.247200e-03,    2.247200e-03,
        36,    1.000000e+00,    6.493948e-03,   -3.374944e-03,    1.788068e-02,   -1.541673e-02,   -1.009174e-01,    6.542073e-02,   -4.654814e-03,    5.085366e-03,    8.208630e-01,    4.828028e-01,    1.220929e+00,   -4.914689e-01,   -2.075738e+00,    3.228017e+00,    9.498572e-01,   -1.016910e+00,    8.394000e-03,   -2.257400e-03,    2.156300e-02,   -1.689900e-02,   -1.082900e-01,    7.688600e-02,   -1.887500e-03,    2.122700e-03,    2.314700e-03,    2.314700e-03,    3.016000e-03,    3.016000e-03,    3.551800e-03,    3.551800e-03,    2.913400e-03,    2.913400e-03,
        36,    1.584800e+00,    7.761401e-03,   -3.618572e-03,    2.104808e-02,   -2.129688e-02,   -1.186254e-01,    7.802405e-02,   -7.562383e-03,    6.425480e-03,    9.152738e-01,    2.296736e-01,    1.157442e+00,   -4.790009e-01,   -4.388660e+00,    4.087202e+00,    1.392404e+00,   -4.545212e-01,    1.040700e-02,   -2.954700e-03,    2.539300e-02,   -2.309500e-02,   -1.351000e-01,    9.336700e-02,   -1.689500e-03,    4.508400e-03,    2.890500e-03,    2.890500e-03,    3.753900e-03,    3.753900e-03,    3.753900e-03,    3.753900e-03,    4.217800e-03,    4.217800e-03,
        36,    2.511800e+00,    9.502196e-03,   -3.531407e-03,    2.575939e-02,   -2.917425e-02,   -1.416231e-01,    9.370788e-02,   -1.215717e-02,    6.390693e-03,    7.555797e-01,   -9.641472e-02,    6.769083e-01,   -4.528131e-01,   -4.477455e+00,    3.208553e+00,    1.838275e+00,    2.129771e-01,    1.214000e-02,   -3.868000e-03,    2.884000e-02,   -3.123500e-02,   -1.620000e-01,    1.083100e-01,   -1.430100e-03,    7.633500e-03,    3.491100e-03,    3.491100e-03,    4.551000e-03,    4.551000e-03,    4.551000e-03,    4.551000e-03,    5.835400e-03,    5.835400e-03,
        36,    3.981000e+00,    1.148291e-02,   -2.483927e-03,    3.239192e-02,   -3.937929e-02,   -1.712144e-01,    1.102672e-01,   -1.813237e-02,    3.042221e-03,    5.973945e-01,   -4.552321e-01,    8.926374e-02,   -4.777341e-01,   -4.631915e+00,    2.618833e+00,    1.404713e+00,    7.995128e-01,    1.399000e-02,   -4.394400e-03,    3.289000e-02,   -4.204500e-02,   -1.970600e-01,    1.248800e-01,   -7.114500e-03,    9.313200e-03,    4.196700e-03,    4.196700e-03,    5.579900e-03,    5.579900e-03,    5.579900e-03,    5.579900e-03,    7.843500e-03,    7.843500e-03,
        37,    2.511800e+00,    1.431048e-02,   -1.041610e-02,    3.129656e-02,   -3.649472e-02,   -5.385205e-02,    4.930195e-02,   -1.705969e-03,    2.959170e-03,    1.797941e+00,   -6.886294e-02,    1.542853e+00,   -2.515953e+00,   -3.522816e+00,    3.137435e+00,    1.015767e+00,    8.455824e-01,    2.511700e-02,   -1.083000e-02,    3.690900e-02,   -4.564700e-02,   -6.666700e-02,    6.071500e-02,    1.919000e-03,    5.976800e-03,    6.010500e-03,    6.010500e-03,    3.637700e-03,    3.637700e-03,    3.637700e-03,    3.637700e-03,    3.568700e-03,    3.568700e-03,
        37,    3.981000e+00,    1.809283e-02,   -1.269987e-02,    3.947296e-02,   -4.903929e-02,   -6.657631e-02,    6.511693e-02,   -3.242452e-03,    3.369138e-03,    1.313336e+00,    1.790693e-01,    1.285176e+00,   -2.453190e+00,   -3.545833e+00,    3.598400e+00,   -6.388428e-01,    8.924427e-01,    2.744300e-02,   -1.142500e-02,    4.552100e-02,   -6.058400e-02,   -8.326300e-02,    8.205100e-02,   -6.581300e-03,    8.033400e-03,    7.119400e-03,    7.119400e-03,    4.706000e-03,    4.706000e-03,    4.706000e-03,    4.706000e-03,    5.226400e-03,    5.226400e-03,
        39,    6.309500e-01,   -4.752291e-03,    2.143842e-03,    9.240047e-03,   -6.510305e-03,   -1.412114e-02,    9.578987e-03,    2.978849e-03,   -3.422884e-04,   -6.298664e-01,    1.062156e+00,    3.803102e-01,    2.744942e-01,    3.200207e-01,    5.069974e-02,   -9.139571e-01,   -5.388764e-01,   -5.573700e-03,    3.529000e-03,    9.604300e-03,   -6.247400e-03,   -1.359400e-02,    9.662500e-03,    2.131300e-03,   -8.420100e-04,    1.304100e-03,    1.304100e-03,    9.577800e-04,    9.577800e-04,    1.647200e-03,    1.647200e-03,    9.273400e-04,    9.273400e-04,
        39,    1.000000e+00,   -5.364306e-03,    2.391771e-03,    1.048709e-02,   -8.944118e-03,   -1.648714e-02,    1.152999e-02,    3.095210e-03,   -2.602481e-04,    6.616491e-01,    8.451307e-01,   -1.135469e-01,   -5.989839e-01,    6.856005e-01,   -2.512764e-01,   -1.358047e+00,    2.567678e-01,   -4.472800e-03,    3.530500e-03,    1.035100e-02,   -9.662000e-03,   -1.508200e-02,    1.101500e-02,    1.886100e-03,   -3.164000e-05,    1.347400e-03,    1.347400e-03,    1.198500e-03,    1.198500e-03,    2.049500e-03,    2.049500e-03,    8.903300e-04,    8.903300e-04,
        39,    1.584800e+00,   -6.169534e-03,    2.730776e-03,    1.243946e-02,   -1.240476e-02,   -1.951130e-02,    1.427112e-02,    3.240577e-03,   -1.475025e-04,    1.274591e+00,    4.338890e-01,    3.645418e-02,   -1.559685e+00,   -4.486834e-01,    8.912235e-01,    1.325141e-01,    6.803284e-02,   -4.218900e-03,    3.394800e-03,    1.249100e-02,   -1.461000e-02,   -2.020600e-02,    1.565100e-02,    3.426600e-03,   -5.199800e-05,    1.530400e-03,    1.530400e-03,    1.413900e-03,    1.413900e-03,    1.548300e-03,    1.548300e-03,    1.403800e-03,    1.403800e-03,
        39,    2.511800e+00,   -7.333767e-03,    3.002419e-03,    1.554813e-02,   -1.697616e-02,   -2.366403e-02,    1.766753e-02,    3.399132e-03,    6.340638e-05,   -3.947082e-01,    9.169311e-01,    9.114712e-01,   -1.859213e+00,   -6.615141e-01,    1.888761e+00,   -4.614502e-02,   -1.030287e-01,   -8.287500e-03,    5.218000e-03,    1.713400e-02,   -2.021100e-02,   -2.462700e-02,    2.041700e-02,    3.327700e-03,   -9.608200e-05,    2.416300e-03,    2.416300e-03,    1.739900e-03,    1.739900e-03,    1.455700e-03,    1.455700e-03,    1.548000e-03,    1.548000e-03,
        39,    3.981000e+00,   -8.904713e-03,    2.848433e-03,    2.024680e-02,   -2.261938e-02,   -2.911567e-02,    2.129461e-02,    3.545014e-03,    3.981713e-04,   -1.041053e+00,    7.791521e-01,    1.897407e+00,   -1.780429e+00,   -1.693559e+00,    2.081985e+00,   -3.517079e-01,    3.258343e-01,   -1.230500e-02,    5.393300e-03,    2.385700e-02,   -2.600700e-02,   -3.233800e-02,    2.525600e-02,    2.950100e-03,    9.493200e-04,    3.266200e-03,    3.266200e-03,    1.902700e-03,    1.902700e-03,    1.902700e-03,    1.902700e-03,    1.691500e-03,    1.691500e-03,
        40,    1.584800e+00,   -8.633403e-03,    8.547155e-04,    2.132172e-02,   -1.712215e-02,   -1.550406e-02,    1.244778e-02,    2.997271e-03,   -8.864507e-04,    2.284334e+00,    2.761262e+00,   -3.563774e-01,    4.547157e-01,    8.487170e-01,   -1.392796e+00,    2.031555e+00,   -8.482269e-02,   -3.839500e-03,    6.649500e-03,    2.014600e-02,   -1.562200e-02,   -1.433300e-02,    1.052600e-02,    6.224600e-03,   -1.021200e-03,    2.098600e-03,    2.098600e-03,    3.299100e-03,    3.299100e-03,    1.379800e-03,    1.379800e-03,    1.588600e-03,    1.588600e-03,
        40,    2.511800e+00,   -9.380799e-03,    1.640594e-04,    2.620627e-02,   -2.202650e-02,   -1.876517e-02,    1.567938e-02,    3.515782e-03,   -9.413837e-04,   -1.136370e+00,    9.596379e-01,   -8.378686e-01,    2.405651e-01,    7.336226e-01,   -1.111143e+00,    1.360780e+00,    7.558555e-01,   -1.294400e-02,    3.173100e-03,    2.467900e-02,   -2.158800e-02,   -1.776400e-02,    1.416300e-02,    5.876600e-03,    3.699500e-04,    3.135600e-03,    3.135600e-03,    1.822800e-03,    1.822800e-03,    1.364700e-03,    1.364700e-03,    1.734900e-03,    1.734900e-03,
        40,    3.981000e+00,   -1.023479e-02,   -1.350679e-03,    3.245323e-02,   -2.753552e-02,   -2.300749e-02,    1.958436e-02,    4.273341e-03,   -6.604882e-04,   -2.413722e+00,   -3.021116e-01,   -2.306627e+00,   -3.011080e-01,    1.180064e+00,   -1.166123e+00,    4.408890e-01,    1.463627e+00,   -2.070600e-02,   -2.661300e-03,    2.862700e-02,   -2.803500e-02,   -2.105000e-02,    1.765000e-02,    5.084400e-03,    2.032000e-03,    4.338200e-03,    4.338200e-03,    1.658800e-03,    1.658800e-03,    1.658800e-03,    1.658800e-03,    1.839600e-03,    1.839600e-03,
        41,    3.981000e-01,    1.078081e-02,   -7.646058e-03,    1.053503e-02,   -6.135371e-03,   -2.089393e-02,    1.574267e-02,   -4.759045e-03,    3.013280e-03,   -1.908750e+00,    2.648733e+00,   -3.692081e+00,    1.725849e+00,    3.870829e+00,   -3.376966e+00,    1.328765e+00,   -6.460900e-01,    8.346200e-03,   -4.267600e-03,    6.452700e-03,   -4.227100e-03,   -1.518600e-02,    1.076300e-02,   -3.085200e-03,    2.199400e-03,    1.275500e-03,    1.275500e-03,    1.105700e-03,    1.105700e-03,    1.474600e-03,    1.474600e-03,    1.259700e-03,    1.259700e-03,
        41,    1.000000e+00,    1.541315e-02,   -1.001268e-02,    1.330711e-02,   -1.156969e-02,   -2.999001e-02,    2.175785e-02,   -6.508074e-03,    6.051071e-03,   -1.232999e+00,    1.772931e+00,   -4.528389e+00,    2.794394e+00,    7.468432e+00,   -6.126663e+00,    1.417886e+00,   -3.168898e-01,    1.297600e-02,   -6.508300e-03,    8.384300e-03,   -8.531900e-03,   -2.088300e-02,    1.428700e-02,   -3.757800e-03,    5.436400e-03,    1.976600e-03,    1.976600e-03,    1.087100e-03,    1.087100e-03,    1.219400e-03,    1.219400e-03,    1.939700e-03,    1.939700e-03,
        41,    1.584800e+00,    1.861295e-02,   -1.175999e-02,    1.584381e-02,   -1.605793e-02,   -3.603176e-02,    2.640790e-02,   -8.382763e-03,    8.210458e-03,   -1.410599e+00,    1.143757e+00,   -4.984023e+00,    3.929835e+00,    9.925707e+00,   -6.754814e+00,    1.201425e+00,   -4.743433e-01,    1.511100e-02,   -8.920500e-03,    1.032700e-02,   -1.170800e-02,   -2.504500e-02,    1.893100e-02,   -5.379200e-03,    7.024600e-03,    2.482600e-03,    2.482600e-03,    1.106900e-03,    1.106900e-03,    1.106900e-03,    1.106900e-03,    2.500000e-03,    2.500000e-03,
        41,    2.511800e+00,    2.303683e-02,   -1.335623e-02,    1.982505e-02,   -2.196499e-02,   -4.414885e-02,    3.190687e-02,   -1.138790e-02,    1.053044e-02,   -1.237490e+00,    7.584449e-01,   -4.386891e+00,    4.163685e+00,    1.030504e+01,   -6.745235e+00,    1.079839e+00,   -6.879684e-01,    1.903900e-02,   -1.090600e-02,    1.367200e-02,   -1.612500e-02,   -2.969500e-02,    2.244600e-02,   -8.021500e-03,    8.385700e-03,    3.230600e-03,    3.230600e-03,    1.402600e-03,    1.402600e-03,    1.402600e-03,    1.402600e-03,    3.117500e-03,    3.117500e-03,
        41,    3.981000e+00,    2.853162e-02,   -1.377804e-02,    2.576945e-02,   -2.922839e-02,   -5.456558e-02,    3.724286e-02,   -1.573557e-02,    1.237113e-02,   -1.475053e+00,    4.918091e-01,   -3.856729e+00,    4.894227e+00,    9.938238e+00,   -5.474502e+00,    1.218109e+00,   -7.611439e-01,    2.263200e-02,   -1.181100e-02,    1.887400e-02,   -2.047800e-02,   -3.679700e-02,    2.745500e-02,   -1.102100e-02,    9.425200e-03,    3.999600e-03,    3.999600e-03,    1.787900e-03,    1.787900e-03,    1.787900e-03,    1.787900e-03,    3.870400e-03,    3.870400e-03,
        42,    3.981000e-01,   -3.881418e-03,    1.866830e-03,    8.563914e-03,   -4.831191e-03,   -1.120186e-02,    7.668169e-03,    3.767996e-03,   -4.209345e-04,    3.214901e-01,   -2.013399e-01,    4.075749e-01,    9.537427e-01,   -1.058584e+00,    1.224867e+00,   -6.425773e-01,    3.770499e-01,   -3.581500e-03,    1.679000e-03,    8.860400e-03,   -4.137400e-03,   -1.185500e-02,    8.423900e-03,    3.118800e-03,   -4.000100e-05,    9.329000e-04,    9.329000e-04,    7.274400e-04,    7.274400e-04,    6.169900e-04,    6.169900e-04,    1.010300e-03,    1.010300e-03,
        42,    6.309500e-01,   -4.234767e-03,    2.198700e-03,    9.387810e-03,   -6.482793e-03,   -1.293881e-02,    9.175161e-03,    3.903509e-03,   -3.367747e-04,    4.709544e-01,   -4.267613e-02,   -1.822445e-01,    7.092875e-01,   -1.767748e+00,    1.392103e+00,   -7.034136e-01,    2.292589e-01,   -3.747000e-03,    2.154500e-03,    9.261500e-03,   -5.991200e-03,   -1.416400e-02,    1.014000e-02,    3.124900e-03,   -8.300800e-05,    1.035700e-03,    1.035700e-03,    6.930800e-04,    6.930800e-04,    6.930800e-04,    6.930800e-04,    1.106900e-03,    1.106900e-03,
        42,    1.000000e+00,   -4.664647e-03,    2.838106e-03,    1.048914e-02,   -8.998859e-03,   -1.493008e-02,    1.150315e-02,    4.053940e-03,   -2.302768e-04,    4.248735e-01,   -7.886479e-02,   -3.235003e-01,    9.501307e-02,   -1.742523e+00,    2.044805e-01,   -4.150442e-01,   -2.176774e-01,   -4.141500e-03,    2.741000e-03,    1.022200e-02,   -8.920400e-03,   -1.636900e-02,    1.167200e-02,    3.527000e-03,   -5.066400e-04,    1.231300e-03,    1.231300e-03,    8.257700e-04,    8.257700e-04,    8.257700e-04,    8.257700e-04,    1.269600e-03,    1.269600e-03,
        42,    1.584800e+00,   -5.441352e-03,    3.885011e-03,    1.222030e-02,   -1.272748e-02,   -1.764100e-02,    1.494586e-02,    4.182443e-03,    2.412561e-05,    1.155678e-01,   -2.649784e-01,    7.289845e-02,   -6.410543e-01,   -1.762024e+00,   -3.429549e-01,   -1.061073e-01,   -6.286084e-01,   -5.255900e-03,    3.459800e-03,    1.229700e-02,   -1.340200e-02,   -1.949500e-02,    1.458500e-02,    4.022900e-03,   -9.210500e-04,    1.604700e-03,    1.604700e-03,    1.052200e-03,    1.052200e-03,    1.052200e-03,    1.052200e-03,    1.503600e-03,    1.503600e-03,
        42,    2.511800e+00,   -7.039871e-03,    5.197342e-03,    1.516394e-02,   -1.794558e-02,   -2.169553e-02,    1.948416e-02,    3.993200e-03,    4.405189e-04,   -8.243036e-02,   -5.427361e-01,    6.262492e-01,   -8.543560e-01,   -1.694824e+00,    2.750164e-01,    2.236567e-01,   -7.550707e-01,   -7.217500e-03,    4.027800e-03,    1.603800e-02,   -1.913800e-02,   -2.406100e-02,    1.986800e-02,    4.389900e-03,   -8.987500e-04,    2.154900e-03,    2.154900e-03,    1.395700e-03,    1.395700e-03,    1.395700e-03,    1.395700e-03,    1.773700e-03,    1.773700e-03,
        42,    3.981000e+00,   -9.933653e-03,    6.054857e-03,    2.016354e-02,   -2.465345e-02,   -2.755299e-02,    2.475269e-02,    3.243545e-03,    4.444524e-04,   -6.890361e-04,   -8.421722e-01,    9.883338e-01,   -3.479688e-01,   -1.662003e+00,    2.149206e-01,    6.919145e-01,   -5.696046e-01,   -9.935600e-03,    3.675300e-03,    2.196300e-02,   -2.528700e-02,   -3.057900e-02,    2.514400e-02,    4.661900e-03,   -7.231800e-04,    2.825500e-03,    2.825500e-03,    1.820700e-03,    1.820700e-03,    1.820700e-03,    1.820700e-03,    2.049900e-03,    2.049900e-03,
        44,    6.309500e-01,   -1.224886e-02,    4.054020e-03,    1.494243e-02,   -1.004385e-02,   -2.659510e-02,    1.613161e-02,    4.148385e-03,   -4.188682e-04,   -6.570980e-02,   -1.166854e-02,   -2.651002e+00,    1.220548e+00,    1.461706e+00,   -1.452907e+00,    8.931074e-01,   -1.780331e-02,   -1.238300e-02,    4.030200e-03,    1.145000e-02,   -8.435900e-03,   -2.286000e-02,    1.241900e-02,    5.795900e-03,   -4.517100e-04,    2.041400e-03,    2.041400e-03,    1.317400e-03,    1.317400e-03,    2.555300e-03,    2.555300e-03,    1.844700e-03,    1.844700e-03,
        44,    1.000000e+00,   -1.379731e-02,    3.439682e-03,    1.698013e-02,   -1.361969e-02,   -3.107775e-02,    1.814784e-02,    4.289265e-03,   -1.201668e-04,   -3.883026e-01,    5.502968e-01,   -3.553110e+00,    1.759228e+00,    1.664758e+00,   -1.438516e+00,   -2.508703e-02,    5.583453e-01,   -1.473700e-02,    4.771400e-03,    1.239200e-02,   -1.134800e-02,   -2.751700e-02,    1.507100e-02,    4.245400e-03,    8.561000e-04,    2.420000e-03,    2.420000e-03,    1.291300e-03,    1.291300e-03,    2.138900e-03,    2.138900e-03,    1.748500e-03,    1.748500e-03,
        44,    1.584800e+00,   -1.532147e-02,    2.359241e-03,    2.015466e-02,   -1.865312e-02,   -3.611821e-02,    2.072987e-02,    4.344910e-03,    2.446742e-04,   -4.982653e-01,    5.999790e-01,   -3.655743e+00,    1.635577e+00,    2.374277e+00,   -1.679272e+00,   -9.014835e-01,    6.589566e-01,   -1.677800e-02,    4.113100e-03,    1.479900e-02,   -1.625700e-02,   -3.206200e-02,    1.786100e-02,    2.886400e-03,    1.310800e-03,    2.923200e-03,    2.923200e-03,    1.465000e-03,    1.465000e-03,    1.708400e-03,    1.708400e-03,    1.617900e-03,    1.617900e-03,
        44,    2.511800e+00,   -1.659645e-02,    4.868236e-04,    2.519094e-02,   -2.509798e-02,   -4.190956e-02,    2.380505e-02,    4.239930e-03,    6.894244e-04,   -6.111423e-01,    5.164646e-01,   -3.236724e+00,    1.255655e+00,    2.685029e+00,   -1.556605e+00,   -1.332745e+00,    2.773859e-01,   -1.878000e-02,    2.332100e-03,    1.940400e-02,   -2.285300e-02,   -3.710900e-02,    2.102200e-02,    2.192300e-03,    1.115600e-03,    3.572900e-03,    3.572900e-03,    1.787900e-03,    1.787900e-03,    1.787900e-03,    1.787900e-03,    1.536400e-03,    1.536400e-03,
        44,    3.981000e+00,   -1.702491e-02,   -2.343544e-03,    3.260004e-02,   -3.251642e-02,   -4.826368e-02,    2.734279e-02,    3.930242e-03,    1.097538e-03,   -7.443945e-01,    3.648780e-01,   -2.779137e+00,    1.040682e+00,    2.212692e+00,   -1.104760e+00,   -8.914159e-01,    1.937594e-01,   -2.020400e-02,   -7.852600e-04,    2.638200e-02,   -3.018800e-02,   -4.331300e-02,    2.487100e-02,    2.359300e-03,    1.439000e-03,    4.270700e-03,    4.270700e-03,    2.237400e-03,    2.237400e-03,    2.237400e-03,    2.237400e-03,    1.762300e-03,    1.762300e-03,
        45,    1.000000e+00,   -4.566252e-04,    5.302639e-04,    1.191778e-02,   -7.644417e-03,   -8.662082e-03,    1.047636e-02,    2.808874e-03,   -1.343156e-04,   -4.087312e-02,   -8.600605e-01,    1.752002e-01,    3.905703e-01,    1.380043e-01,   -5.250880e-01,    5.115080e-02,    6.093737e-01,   -4.730300e-04,    1.850700e-04,    1.211700e-02,   -7.200300e-03,   -8.482400e-03,    9.792700e-03,    2.855800e-03,    4.247300e-04,    4.013600e-04,    4.013600e-04,    1.137100e-03,    1.137100e-03,    1.302000e-03,    1.302000e-03,    9.174100e-04,    9.174100e-04,
        45,    1.584800e+00,   -5.191498e-04,    6.952061e-04,    1.348498e-02,   -1.028827e-02,   -1.099872e-02,    1.391164e-02,    2.714255e-03,   -8.353578e-05,   -1.481023e-01,   -2.509345e-01,    2.353231e-01,    2.202128e-01,    6.251531e-01,   -4.978037e-01,    1.254260e-01,   -1.714600e-01,   -6.021300e-04,    5.546100e-04,    1.381900e-02,   -9.975700e-03,   -1.037000e-02,    1.341100e-02,    2.845200e-03,   -2.625400e-04,    5.602900e-04,    5.602900e-04,    1.419400e-03,    1.419400e-03,    1.005700e-03,    1.005700e-03,    1.044000e-03,    1.044000e-03,
        45,    2.511800e+00,   -5.252822e-04,    1.024304e-03,    1.559431e-02,   -1.386753e-02,   -1.422402e-02,    1.846028e-02,    2.442484e-03,   -1.587042e-04,   -9.086692e-02,    3.520632e-01,    3.621334e-01,    1.369259e-01,    2.002559e-01,    1.314292e-01,    5.658498e-02,   -1.134164e+00,   -6.006200e-04,    1.316200e-03,    1.608500e-02,   -1.368200e-02,   -1.400200e-02,    1.860600e-02,    2.513000e-03,   -1.572100e-03,    8.291000e-04,    8.291000e-04,    1.355000e-03,    1.355000e-03,    1.108700e-03,    1.108700e-03,    1.246200e-03,    1.246200e-03,
        45,    3.981000e+00,   -6.237383e-04,    1.679319e-03,    1.830328e-02,   -1.875162e-02,   -1.847768e-02,    2.437242e-02,    1.977567e-03,   -6.230739e-04,   -3.738960e-01,    5.064826e-01,    2.078633e-01,    2.192705e-01,    1.034765e+00,    9.290886e-01,    2.746345e-01,   -6.636849e-01,   -1.081200e-03,    2.299000e-03,    1.868400e-02,   -1.835000e-02,   -1.700800e-02,    2.569200e-02,    2.362000e-03,   -1.552100e-03,    1.223500e-03,    1.223500e-03,    1.831600e-03,    1.831600e-03,    1.420300e-03,    1.420300e-03,    1.399800e-03,    1.399800e-03,
        46,    3.981000e-01,   -1.361078e-02,    7.474034e-03,    1.392412e-02,   -7.517007e-03,   -1.729990e-02,    1.162350e-02,    5.390626e-03,   -1.823315e-03,   -2.186252e-01,    6.334416e-01,    1.552013e-01,    7.719554e-01,    1.195802e+00,   -9.004087e-01,    1.011814e+00,    5.317483e-01,   -1.413500e-02,    8.992900e-03,    1.446000e-02,   -4.851600e-03,   -1.308900e-02,    8.452800e-03,    6.981400e-03,   -9.873000e-04,    2.397800e-03,    2.397800e-03,    3.452800e-03,    3.452800e-03,    3.521400e-03,    3.521400e-03,    1.572200e-03,    1.572200e-03,
        46,    6.309500e-01,   -1.577327e-02,    8.130152e-03,    1.540345e-02,   -9.827969e-03,   -2.043465e-02,    1.331498e-02,    5.794862e-03,   -2.087188e-03,    1.220984e-01,    6.625930e-01,   -7.567828e-03,    8.429765e-01,    1.941615e+00,   -1.155198e+00,   -2.005878e-01,    1.092868e-01,   -1.545600e-02,    9.851900e-03,    1.536600e-02,   -5.656500e-03,   -1.637900e-02,    1.090200e-02,    5.473500e-03,   -1.912100e-03,    2.598500e-03,    2.598500e-03,    4.948500e-03,    4.948500e-03,    2.088800e-03,    2.088800e-03,    1.602100e-03,    1.602100e-03,
        46,    1.000000e+00,   -1.814370e-02,    9.009812e-03,    1.740694e-02,   -1.328413e-02,   -2.391246e-02,    1.563067e-02,    6.236878e-03,   -2.573771e-03,   -4.519209e-01,    6.669188e-01,   -9.601743e-02,    1.179226e+00,    2.245083e+00,   -1.044622e+00,   -6.686886e-01,    8.556941e-02,   -1.955600e-02,    1.109400e-02,    1.706100e-02,   -9.035500e-03,   -1.909900e-02,    1.339100e-02,    5.086800e-03,   -2.426600e-03,    3.125100e-03,    3.125100e-03,    3.602900e-03,    3.602900e-03,    2.144000e-03,    2.144000e-03,    1.719900e-03,    1.719900e-03,
        46,    1.584800e+00,   -2.105176e-02,    1.010918e-02,    2.053696e-02,   -1.816004e-02,   -2.817326e-02,    1.878716e-02,    6.866567e-03,   -3.322838e-03,   -8.312046e-01,    8.194936e-01,   -8.761991e-01,    1.939136e+00,    2.004816e+00,   -9.112988e-01,    8.171433e-02,    9.787719e-02,   -2.427600e-02,    1.328800e-02,    1.904900e-02,   -1.486700e-02,   -2.348700e-02,    1.665700e-02,    7.049100e-03,   -3.104200e-03,    3.879000e-03,    3.879000e-03,    1.698200e-03,    1.698200e-03,    2.337500e-03,    2.337500e-03,    2.233800e-03,    2.233800e-03,
        46,    2.511800e+00,   -2.483699e-02,    1.101003e-02,    2.551509e-02,   -2.439750e-02,   -3.373056e-02,    2.259794e-02,    7.838293e-03,   -4.307283e-03,   -7.837347e-01,    9.464885e-01,   -7.441154e-01,    1.860719e+00,    1.805992e+00,   -1.177334e+00,    5.119081e-01,    2.071594e-02,   -2.864100e-02,    1.560400e-02,    2.419600e-02,   -2.109900e-02,   -2.990800e-02,    2.010600e-02,    9.313100e-03,   -4.247600e-03,    4.853700e-03,    4.853700e-03,    1.772700e-03,    1.772700e-03,    2.116600e-03,    2.116600e-03,    2.881000e-03,    2.881000e-03,
        46,    3.981000e+00,   -2.941892e-02,    1.091529e-02,    3.289963e-02,   -3.161106e-02,   -4.070491e-02,    2.654730e-02,    9.339573e-03,   -5.436281e-03,   -7.809296e-01,    9.454648e-01,   -8.433872e-01,    1.482543e+00,    8.686895e-01,   -1.376465e+00,    1.044762e-01,    7.404728e-02,   -3.409700e-02,    1.657900e-02,    3.105700e-02,   -2.837200e-02,   -3.880700e-02,    2.354000e-02,    9.689600e-03,   -5.188200e-03,    5.990400e-03,    5.990400e-03,    2.184800e-03,    2.184800e-03,    2.184800e-03,    2.184800e-03,    3.350300e-03,    3.350300e-03,
        47,    6.309500e-01,    8.252691e-03,   -5.227318e-03,    1.684621e-02,   -1.242246e-02,   -2.734968e-02,    1.960612e-02,   -1.775864e-03,    3.044182e-03,    2.491402e+00,    1.094741e+00,   -5.521775e+00,   -1.163118e-01,    1.234293e+00,   -2.898342e+00,   -5.484330e-01,    8.068468e-01,    1.388600e-02,   -2.752000e-03,    9.984300e-03,   -1.256700e-02,   -2.473100e-02,    1.345700e-02,   -2.781800e-03,    4.524100e-03,    2.261100e-03,    2.261100e-03,    1.242700e-03,    1.242700e-03,    2.121600e-03,    2.121600e-03,    1.834200e-03,    1.834200e-03,
        47,    1.000000e+00,    9.904421e-03,   -5.795977e-03,    1.918530e-02,   -1.706965e-02,   -3.213670e-02,    2.368985e-02,   -2.595257e-03,    4.331392e-03,    5.825393e-01,    1.584840e+00,   -3.150894e+00,    4.503175e-01,    1.478453e+00,   -2.536004e+00,    4.871327e-01,   -1.622365e-01,    1.127100e-02,   -2.078100e-03,    1.377900e-02,   -1.629700e-02,   -2.925800e-02,    1.875200e-02,   -1.694500e-03,    4.031400e-03,    2.345900e-03,    2.345900e-03,    1.715800e-03,    1.715800e-03,    1.947100e-03,    1.947100e-03,    1.849100e-03,    1.849100e-03,
        47,    1.584800e+00,    1.202414e-02,   -6.408865e-03,    2.275383e-02,   -2.373337e-02,   -3.824784e-02,    2.952465e-02,   -3.994309e-03,    5.920957e-03,   -3.246649e-01,    9.287246e-01,   -2.697066e+00,    2.453018e+00,    2.841691e+00,   -2.694529e+00,    6.498745e-01,   -7.740869e-01,    1.117400e-02,   -3.977000e-03,    1.742200e-02,   -1.888400e-02,   -3.343600e-02,    2.496200e-02,   -2.589800e-03,    4.248000e-03,    2.618500e-03,    2.618500e-03,    1.976900e-03,    1.976900e-03,    1.693300e-03,    1.693300e-03,    2.161200e-03,    2.161200e-03,
        47,    2.511800e+00,    1.489142e-02,   -6.615027e-03,    2.844860e-02,   -3.272661e-02,   -4.681807e-02,    3.695015e-02,   -6.321132e-03,    7.593545e-03,   -4.045435e-01,    1.503660e+00,   -1.637181e+00,    2.391738e+00,    3.199812e+00,   -2.596544e+00,    7.615526e-01,   -7.243412e-01,    1.352900e-02,   -1.551000e-03,    2.483600e-02,   -2.744900e-02,   -3.988600e-02,    3.132500e-02,   -4.176600e-03,    5.553800e-03,    3.367800e-03,    3.367800e-03,    2.206600e-03,    2.206600e-03,    2.166400e-03,    2.166400e-03,    2.816000e-03,    2.816000e-03,
        47,    3.981000e+00,    1.836189e-02,   -5.592110e-03,    3.720723e-02,   -4.403006e-02,   -5.856604e-02,    4.504603e-02,   -9.747509e-03,    8.727502e-03,   -4.083840e-01,    9.428112e-01,   -1.513299e+00,    1.582988e+00,    2.721293e+00,   -2.110284e+00,    5.749563e-01,   -8.576585e-01,    1.657100e-02,   -1.457600e-03,    3.286800e-02,   -3.949100e-02,   -5.076300e-02,    3.899500e-02,   -7.627300e-03,    5.564800e-03,    4.385300e-03,    4.385300e-03,    2.867400e-03,    2.867400e-03,    2.867400e-03,    2.867400e-03,    3.687600e-03,    3.687600e-03,
        48,    3.981000e-01,    1.000309e-03,   -1.705383e-04,    1.392540e-02,   -6.807720e-03,   -9.683955e-03,    8.678832e-03,    4.264767e-03,   -1.675445e-04,   -9.987676e-02,   -1.691001e+00,    1.521914e+00,    7.033503e-01,   -6.335173e-01,   -8.829456e-01,    3.223940e-01,    7.985424e-01,    9.144800e-04,   -1.623700e-03,    1.672800e-02,   -5.512500e-03,   -1.072400e-02,    7.229300e-03,    4.642000e-03,    7.668300e-04,    8.593500e-04,    8.593500e-04,    1.841500e-03,    1.841500e-03,    1.641700e-03,    1.641700e-03,    1.170100e-03,    1.170100e-03,
        48,    6.309500e-01,    9.120817e-04,   -8.148926e-06,    1.540316e-02,   -8.745533e-03,   -1.174235e-02,    1.079067e-02,    4.445983e-03,    2.383180e-04,    1.840260e-01,   -2.052650e+00,    1.728146e+00,    7.178612e-01,   -7.802216e-01,   -5.052028e-01,    1.328877e-01,    5.093987e-01,    1.103800e-03,   -2.146600e-03,    1.854700e-02,   -7.439600e-03,   -1.335000e-02,    9.749700e-03,    4.621900e-03,    9.126600e-04,    1.041800e-03,    1.041800e-03,    1.819200e-03,    1.819200e-03,    2.060500e-03,    2.060500e-03,    1.323800e-03,    1.323800e-03,
        48,    1.000000e+00,    7.000058e-04,   -3.201970e-05,    1.730348e-02,   -1.149140e-02,   -1.424563e-02,    1.375084e-02,    4.527044e-03,    8.366595e-04,    5.819325e-01,   -1.984558e+00,    1.495818e+00,    2.222007e-01,   -6.514589e-01,   -4.305997e-01,    8.496802e-02,    4.059851e-01,    1.401700e-03,   -2.425000e-03,    2.024800e-02,   -1.105400e-02,   -1.548900e-02,    1.292900e-02,    4.653400e-03,    1.440400e-03,    1.205800e-03,    1.205800e-03,    1.968500e-03,    1.968500e-03,    1.908600e-03,    1.908600e-03,    1.487100e-03,    1.487100e-03,
        48,    1.584800e+00,    5.103164e-04,   -3.349540e-04,    1.994454e-02,   -1.528654e-02,   -1.763355e-02,    1.783747e-02,    4.391669e-03,    1.704257e-03,    1.136691e+00,   -1.027217e+00,    7.513705e-01,   -6.156554e-01,   -3.700671e-01,   -3.273032e-01,   -4.321102e-02,    3.397815e-01,    1.919700e-03,   -1.608600e-03,    2.161100e-02,   -1.665200e-02,   -1.811800e-02,    1.740900e-02,    4.319900e-03,    2.268600e-03,    1.239900e-03,    1.239900e-03,    2.217900e-03,    2.217900e-03,    1.309100e-03,    1.309100e-03,    1.660900e-03,    1.660900e-03,
        48,    2.511800e+00,    5.894037e-04,   -9.245175e-04,    2.371469e-02,   -2.030868e-02,   -2.243907e-02,    2.301975e-02,    3.822563e-03,    2.782565e-03,    1.177918e+00,   -2.581906e-01,    5.586368e-01,   -5.713031e-01,   -1.931571e-01,    3.987407e-01,   -1.725127e-01,    2.923179e-01,    2.204800e-03,   -1.278600e-03,    2.481800e-02,   -2.143700e-02,   -2.275600e-02,    2.367400e-02,    3.496600e-03,    3.334900e-03,    1.371400e-03,    1.371400e-03,    1.975000e-03,    1.975000e-03,    1.640800e-03,    1.640800e-03,    1.889500e-03,    1.889500e-03,
        48,    3.981000e+00,    1.238177e-03,   -1.532011e-03,    2.910254e-02,   -2.671008e-02,   -2.887625e-02,    2.907824e-02,    2.753558e-03,    3.790093e-03,    6.913807e-01,    4.893065e-01,    9.066109e-01,    7.473186e-02,   -3.010551e-01,    8.866440e-01,   -4.371795e-02,    3.453723e-01,    2.265500e-03,   -8.049500e-04,    3.099600e-02,   -2.655400e-02,   -2.950500e-02,    3.093000e-02,    2.655000e-03,    4.568700e-03,    1.485900e-03,    1.485900e-03,    2.088500e-03,    2.088500e-03,    2.088500e-03,    2.088500e-03,    2.254400e-03,    2.254400e-03,
VTF,
     StaID,        Freq[Hz],     Re(Tzx)_Cal,     Im(Tzx)_Cal,     Re(Tzy)_Cal,     Im(Tzy)_Cal,     Re(Tzx)_Res,     Im(Tzx)_Res,     Re(Tzy)_Res,     Im(Tzy)_Res,     Re(Tzx)_Obs,     Im(Tzx)_Obs,     Re(Tzy)_Obs,     Im(Tzy)_Obs,      Re(Tzx)_SD,      Im(Tzx)_SD,      Re(Tzy)_SD,      Im(Tzy)_SD,
      1001,    1.000000e+00,    1.587040e-01,   -2.248580e-02,    7.480470e-02,    1.488404e-02,    3.905332e-01,    1.752193e+00,    3.181765e-01,    2.487632e+00,    1.704200e-01,    3.008000e-02,    8.435000e-02,    8.951300e-02,    3.000000e-02,    3.000000e-02,    3.000000e-02,    3.000000e-02,
      1001,    1.584800e+00,    1.633362e-01,    4.045721e-03,    6.734034e-02,    1.077227e-02,   -8.225414e-01,    1.678243e+00,   -2.337478e+00,    7.513576e-01,    1.386600e-01,    5.439300e-02,   -2.784000e-03,    3.331300e-02,    3.000000e-02,    3.000000e-02,    3.000000e-02,    3.000000e-02,
      1001,    2.511800e+00,    1.563033e-01,    3.197203e-02,    6.048688e-02,    1.731378e-03,    6.425551e-01,    1.261432e+00,   -1.293296e+00,   -8.281628e-02,    1.755800e-01,    6.981500e-02,    2.168800e-02,   -7.531100e-04,    3.000000e-02,    3.000000e-02,    3.000000e-02,    3.000000e-02,
      1001,    3.981000e+00,    1.359416e-01,    5.668227e-02,    5.948973e-02,   -1.387840e-02,    6.119475e-01,    7.468908e-01,   -4.855576e-01,   -3.191200e-01,    1.543000e-01,    7.908900e-02,    4.492300e-02,   -2.345200e-02,    3.000000e-02,    3.000000e-02,    3.000000e-02,    3.000000e-02,
      1002,    6.309500e-01,    1.726891e-01,   -6.412542e-02,    4.876562e-03,    5.477474e-02,    7.783629e-01,   -6.437526e-01,   -1.613185e+00,    1.882086e-01,    1.960400e-01,   -8.343800e-02,   -4.351900e-02,    6.042100e-02,    3.000000e-02,    3.000000e-02,    3.000000e-02,    3.000000e-02,
      1002,    1.000000e+00,    1.926241e-01,   -3.730105e-02,   -1.368152e-02,    6.159317e-02,    6.171977e-01,   -1.110983e-01,   -1.151183e+00,    1.572944e-01,    2.111400e-01,   -4.063400e-02,   -4.821700e-02,    6.631200e-02,    3.000000e-02,    3.000000e-02,    3.000000e-02,    3.000000e-02,
      1002,    1.584800e+00,    2.011189e-01,   -5.903084e-03,   -3.731601e-02,    6.634925e-02,    5.163683e-01,    6.810613e-02,   -1.000266e+00,   -3.237084e-01,    2.166100e-01,   -3.859900e-03,   -6.732400e-02,    5.663800e-02,    3.000000e-02,    3.000000e-02,    3.000000e-02,    3.000000e-02,
      1002,    2.511800e+00,    1.946058e-01,    2.658215e-02,   -6.502326e-02,    6.370212e-02,    5.814740e-01,    2.459491e-02,   -5.141579e-01,   -6.540040e-01,    2.120500e-01,    2.732000e-02,   -8.044800e-02,    4.408200e-02,    3.000000e-02,    3.000000e-02,    3.000000e-02,    3.000000e-02,
      1002,    3.981000e+00,    1.717428e-01,    5.295085e-02,   -8.863501e-02,    4.949914e-02,    5.342404e-01,   -2.032839e-02,   -8.366452e-03,   -4.691381e-01,    1.877700e-01,    5.234100e-02,   -8.888600e-02,    3.542500e-02,    3.000000e-02,    3.000000e-02,    3.000000e-02,    3.000000e-02,
      1004,    3.981000e-01,   -3.562302e-03,   -7.474593e-02,    3.662426e-01,   -6.211196e-02,    1.643977e+00,    9.182645e-01,    2.123579e+00,    1.714899e+00,    4.575700e-02,   -4.719800e-02,    4.299500e-01,   -1.066500e-02,    3.000000e-02,    3.000000e-02,    3.000000e-02,    3.000000e-02,
      1004,    6.309500e-01,    2.269649e-02,   -5.869187e-02,    3.885908e-01,   -6.606468e-02,    1.191450e+00,   -2.385604e+00,   -4.690256e-01,    1.577623e+00,    5.844000e-02,   -1.302600e-01,    3.745200e-01,   -1.873600e-02,    3.000000e-02,    3.000000e-02,    3.000000e-02,    3.000000e-02,
      1004,    1.000000e+00,    4.170841e-02,   -3.691817e-02,    4.151579e-01,   -6.626899e-02,   -3.834180e+00,   -2.722277e-01,    2.350692e-01,    1.349100e+00,   -7.331700e-02,   -4.508500e-02,    4.222100e-01,   -2.579600e-02,    3.000000e-02,    3.000000e-02,    3.000000e-02,    3.000000e-02,
      1004,    2.511800e+00,    4.653009e-02,    1.458337e-02,    4.737364e-01,   -3.552725e-02,   -1.044736e+00,   -1.559246e+00,    1.195787e+00,    2.186842e+00,    1.518800e-02,   -3.219400e-02,    5.096100e-01,    3.007800e-02,    3.000000e-02,    3.000000e-02,    3.000000e-02,    3.000000e-02,
      1004,    3.981000e+00,    3.144849e-02,    3.374641e-02,    4.912561e-01,    1.771576e-03,    2.018504e-01,   -1.524747e+00,    5.404636e-01,    1.551014e+00,    3.750400e-02,   -1.199600e-02,    5.074700e-01,    4.830200e-02,    3.000000e-02,    3.000000e-02,    3.000000e-02,    3.000000e-02,
      1005,    6.309500e-01,    1.583646e-01,   -6.570175e-02,    9.440303e-02,    1.523560e-02,   -6.153524e-03,    1.284992e+00,   -9.593676e-01,    4.716134e-01,    1.581800e-01,   -2.715200e-02,    6.562200e-02,    2.938400e-02,    3.000000e-02,    3.000000e-02,    3.000000e-02,    3.000000e-02,
      1005,    1.000000e+00,    1.795252e-01,   -4.133540e-02,    8.815609e-02,    1.447236e-02,   -3.245079e-01,    1.286283e+00,   -4.103031e-01,    9.872142e-02,    1.697900e-01,   -2.746900e-03,    7.584700e-02,    1.743400e-02,    3.000000e-02,    3.000000e-02,    3.000000e-02,    3.000000e-02,
      1005,    1.584800e+00,    1.913257e-01,   -1.197995e-02,    8.068895e-02,    1.160055e-02,   -6.581885e-01,    7.700317e-01,   -1.423174e-02,   -5.477169e-02,    1.715800e-01,    1.112100e-02,    8.026200e-02,    9.957400e-03,    3.000000e-02,    3.000000e-02,    3.000000e-02,    3.000000e-02,
      1005,    2.511800e+00,    1.906648e-01,    2.074001e-02,    7.288267e-02,    3.675698e-03,   -4.934942e-01,    1.194997e-01,    3.889109e-01,   -1.941299e-01,    1.758600e-01,    2.432500e-02,    8.455000e-02,   -2.148200e-03,    3.000000e-02,    3.000000e-02,    3.000000e-02,    3.000000e-02,
      1005,    3.981000e+00,    1.750696e-01,    5.250828e-02,    7.021042e-02,   -1.169398e-02,    3.534752e-02,   -3.142427e-01,    5.292195e-01,   -6.083410e-02,    1.761300e-01,    4.308100e-02,    8.608700e-02,   -1.351900e-02,    3.000000e-02,    3.000000e-02,    3.000000e-02,    3.000000e-02,
      1006,    1.584800e+00,    3.347938e-02,   -4.158225e-02,    9.691048e-02,    4.276671e-02,   -2.731513e+00,   -5.059250e-01,   -1.499161e-01,    1.620431e-01,   -4.846600e-02,   -5.676000e-02,    9.241300e-02,    4.762800e-02,    3.000000e-02,    3.000000e-02,    3.000000e-02,    3.000000e-02,
      1006,    2.511800e+00,    4.135758e-02,   -2.967856e-02,    8.022992e-02,    5.458010e-02,   -1.447793e+00,    2.358187e-01,    4.505692e-01,   -6.601033e-01,   -2.076200e-03,   -2.260400e-02,    9.374700e-02,    3.477700e-02,    3.000000e-02,    3.000000e-02,    3.000000e-02,    3.000000e-02,
      1006,    3.981000e+00,    4.892111e-02,   -2.046229e-02,    5.658761e-02,    6.140955e-02,   -9.264038e-01,    1.955097e-01,    1.132446e+00,   -6.767849e-01,    2.112900e-02,   -1.459700e-02,    9.056100e-02,    4.110600e-02,    3.000000e-02,    3.000000e-02,    3.000000e-02,    3.000000e-02,
      1007,    6.309500e-01,   -9.665115e-02,   -4.811729e-02,    1.514734e-01,    2.009485e-03,    3.860716e-01,    8.352764e-01,   -1.670779e+00,   -3.072562e-01,   -8.506900e-02,   -2.305900e-02,    1.013500e-01,   -7.208200e-03,    3.000000e-02,    3.000000e-02,    3.000000e-02,    3.000000e-02,
      1007,    1.000000e+00,   -8.459737e-02,   -3.098710e-02,    1.520063e-01,    4.044817e-03,    1.588458e-01,    4.513367e-01,   -1.840210e+00,   -9.305606e-01,   -7.983200e-02,   -1.744700e-02,    9.680000e-02,   -2.387200e-02,    3.000000e-02,    3.000000e-02,    3.000000e-02,    3.000000e-02,
      1007,    1.584800e+00,   -8.227199e-02,   -1.616812e-02,    1.519869e-01,    7.963070e-03,    8.353998e-01,    3.957054e-02,   -1.676231e+00,   -1.100569e+00,   -5.721000e-02,   -1.498100e-02,    1.017000e-01,   -2.505400e-02,    3.000000e-02,    3.000000e-02,    3.000000e-02,    3.000000e-02,
      1007,    2.511800e+00,   -8.559390e-02,   -9.104060e-03,    1.496666e-01,    1.339453e-02,    1.386197e+00,    1.900820e-01,   -1.120552e+00,   -9.777510e-01,   -4.400800e-02,   -3.401600e-03,    1.160500e-01,   -1.593800e-02,    3.000000e-02,    3.000000e-02,    3.000000e-02,    3.000000e-02,
      1007,    3.981000e+00,   -8.697550e-02,   -9.223951e-03,    1.451141e-01,    1.839710e-02,    1.022383e+00,    6.485317e-01,   -5.748042e-01,   -7.664832e-01,   -5.630400e-02,    1.023200e-02,    1.278700e-01,   -4.597400e-03,    3.000000e-02,    3.000000e-02,    3.000000e-02,    3.000000e-02,
      1008,    1.000000e+00,    1.938718e-01,   -3.620167e-02,    4.046377e-02,    5.188740e-02,    5.862732e-01,    1.525226e+00,   -7.292591e-01,    7.215200e-01,    2.114600e-01,    9.555100e-03,    1.858600e-02,    7.353300e-02,    3.000000e-02,    3.000000e-02,    3.000000e-02,    3.000000e-02,
      1008,    1.584800e+00,    2.058211e-01,   -6.242991e-03,    2.278239e-02,    6.434777e-02,    1.023962e+00,    1.619266e+00,   -3.976798e-01,    2.649409e-01,    2.365400e-01,    4.233500e-02,    1.085200e-02,    7.229600e-02,    3.000000e-02,    3.000000e-02,    3.000000e-02,    3.000000e-02,
      1008,    2.511800e+00,    2.046272e-01,    2.991778e-02,   -4.030145e-03,    7.492399e-02,    1.135426e+00,    1.493641e+00,   -7.557285e-01,   -7.864663e-01,    2.386900e-01,    7.472700e-02,   -2.670200e-02,    5.133000e-02,    3.000000e-02,    3.000000e-02,    3.000000e-02,    3.000000e-02,
      1008,    3.981000e+00,    1.843798e-01,    6.689874e-02,   -3.857410e-02,    7.582654e-02,    7.856731e-01,    1.040775e+00,   -1.217763e+00,   -2.810178e-01,    2.079500e-01,    9.812200e-02,   -7.510700e-02,    6.739600e-02,    3.000000e-02,    3.000000e-02,    3.000000e-02,    3.000000e-02,
      1009,    2.511800e+00,   -8.598974e-02,    1.051665e-01,    1.976028e-01,    5.857516e-03,   -2.536675e+00,    2.467784e+00,    1.479068e-01,   -5.211439e-01,   -1.620900e-01,    1.792000e-01,    2.020400e-01,   -9.776800e-03,    3.000000e-02,    3.000000e-02,    3.000000e-02,    3.000000e-02,
      1009,    3.981000e+00,   -1.392791e-01,    1.242651e-01,    1.919687e-01,    1.350598e-02,    1.596864e-02,    2.237496e+00,    3.423764e-01,   -5.266059e-01,   -1.388000e-01,    1.913900e-01,    2.022400e-01,   -2.292200e-03,    3.000000e-02,    3.000000e-02,    3.000000e-02,    3.000000e-02,
      1010,    3.981000e-01,    1.177171e-01,   -9.799474e-02,    1.109498e-01,    1.648931e-02,   -1.455302e+00,    1.268958e+00,    3.814008e+00,    1.629897e-01,    7.405800e-02,   -5.992600e-02,    2.253700e-01,    2.137900e-02,    3.000000e-02,    3.000000e-02,    3.000000e-02,    3.000000e-02,
      1010,    6.309500e-01,    1.513940e-01,   -7.944910e-02,    1.065049e-01,    1.932323e-02,   -1.354134e+00,    1.316870e+00,    3.819837e+00,    1.167256e-01,    1.107700e-01,   -3.994300e-02,    2.211000e-01,    2.282500e-02,    3.000000e-02,    3.000000e-02,    3.000000e-02,    3.000000e-02,
      1010,    1.000000e+00,    1.781530e-01,   -5.432970e-02,    1.007074e-01,    2.333476e-02,   -8.450997e-01,    6.986232e-01,    3.664420e+00,   -2.959587e-01,    1.528000e-01,   -3.337100e-02,    2.106400e-01,    1.445600e-02,    3.000000e-02,    3.000000e-02,    3.000000e-02,    3.000000e-02,
      1010,    1.584800e+00,    1.957434e-01,   -2.278962e-02,    9.209990e-02,    2.787176e-02,   -4.691131e-01,    3.044208e-01,    4.119670e+00,   -5.810588e-01,    1.816700e-01,   -1.365700e-02,    2.156900e-01,    1.044000e-02,    3.000000e-02,    3.000000e-02,    3.000000e-02,    3.000000e-02,
      1010,    2.511800e+00,    2.009476e-01,    1.442984e-02,    7.969840e-02,    3.001020e-02,   -5.295875e-01,   -4.615448e-01,    4.754387e+00,    4.429265e-01,    1.850600e-01,    5.834900e-04,    2.223300e-01,    4.329800e-02,    3.000000e-02,    3.000000e-02,    3.000000e-02,    3.000000e-02,
      1010,    3.981000e+00,    1.904262e-01,    5.432007e-02,    6.706790e-02,    2.587973e-02,    1.276900e-04,   -8.259690e-01,    4.553403e+00,    2.186309e+00,    1.904300e-01,    2.954100e-02,    2.036700e-01,    9.146900e-02,    3.000000e-02,    3.000000e-02,    3.000000e-02,    3.000000e-02,
      1011,    3.981000e-01,    1.745944e-01,   -7.762900e-02,   -7.344196e-03,    5.163524e-02,    1.034854e+00,   -2.440001e-02,   -1.582060e+00,   -6.935747e-01,    2.056400e-01,   -7.836100e-02,   -5.480600e-02,    3.082800e-02,    3.000000e-02,    3.000000e-02,    3.000000e-02,    3.000000e-02,
      1011,    6.309500e-01,    1.990301e-01,   -5.668234e-02,   -2.531635e-02,    5.482752e-02,   -8.206709e-01,   -3.175221e-01,   -2.118488e+00,   -3.308172e-01,    1.744100e-01,   -6.620800e-02,   -8.887100e-02,    4.490300e-02,    3.000000e-02,    3.000000e-02,    3.000000e-02,    3.000000e-02,
      1011,    1.000000e+00,    2.150482e-01,   -3.161526e-02,   -4.653961e-02,    5.573526e-02,   -8.502744e-01,    1.744753e-01,   -1.941013e+00,   -3.570085e-01,    1.895400e-01,   -2.638100e-02,   -1.047700e-01,    4.502500e-02,    3.000000e-02,    3.000000e-02,    3.000000e-02,    3.000000e-02,
      1011,    1.584800e+00,    2.201458e-01,   -4.145453e-03,   -7.114282e-02,    5.070626e-02,   -3.258607e-01,    1.519176e-02,   -1.278906e+00,   -7.210753e-01,    2.103700e-01,   -3.689700e-03,   -1.095100e-01,    2.907400e-02,    3.000000e-02,    3.000000e-02,    3.000000e-02,    3.000000e-02,
      1011,    2.511800e+00,    2.123525e-01,    2.131997e-02,   -9.569873e-02,    3.397747e-02,    1.107249e+00,    3.996009e-01,   -7.127089e-01,   -1.037216e+00,    2.455700e-01,    3.330800e-02,   -1.170800e-01,    2.861000e-03,    3.000000e-02,    3.000000e-02,    3.000000e-02,    3.000000e-02,
      1011,    3.981000e+00,    1.942875e-01,    3.795602e-02,   -1.091245e-01,    2.655819e-03,    1.470085e+00,    5.418992e-01,    2.558158e-01,   -1.297594e+00,    2.383900e-01,    5.421300e-02,   -1.014500e-01,   -3.627200e-02,    3.000000e-02,    3.000000e-02,    3.000000e-02,    3.000000e-02,
      1012,    1.000000e+00,    2.810313e-01,   -4.540163e-02,    9.207448e-02,    1.462848e-02,   -4.697089e-01,    3.773321e+00,    1.319517e+00,    4.079841e-01,    2.669400e-01,    6.779800e-02,    1.316600e-01,    2.686800e-02,    3.000000e-02,    3.000000e-02,    3.000000e-02,    3.000000e-02,
      1012,    1.584800e+00,    3.059450e-01,   -1.408652e-02,    9.556266e-02,    3.432633e-02,   -3.088320e-01,    3.518017e+00,    7.112446e-01,    6.555890e-01,    2.966800e-01,    9.145400e-02,    1.169000e-01,    5.399400e-02,    3.000000e-02,    3.000000e-02,    3.000000e-02,    3.000000e-02,
      1012,    2.511800e+00,    3.153761e-01,    3.923593e-02,    8.398580e-02,    6.727388e-02,   -9.542035e-01,    2.740469e+00,    1.917344e-02,    6.424039e-01,    2.867500e-01,    1.214500e-01,    8.456100e-02,    8.654600e-02,    3.000000e-02,    3.000000e-02,    3.000000e-02,    3.000000e-02,
      1012,    3.981000e+00,    2.854935e-01,    1.024605e-01,    4.243375e-02,    9.772345e-02,    1.278838e-01,   -3.697503e-01,   -4.196915e-01,    1.905516e-01,    2.893300e-01,    9.136800e-02,    2.984300e-02,    1.034400e-01,    3.000000e-02,    3.000000e-02,    3.000000e-02,    3.000000e-02,
      1014,    6.309500e-01,    1.628247e-01,   -1.226709e-01,    1.374850e-01,    1.762621e-02,    2.731512e+00,   -5.323029e-01,   -1.336633e+00,    9.940930e-01,    2.447700e-01,   -1.386400e-01,    9.738600e-02,    4.744900e-02,    3.000000e-02,    3.000000e-02,    3.000000e-02,    3.000000e-02,
      1014,    1.000000e+00,    2.023470e-01,   -1.070240e-01,    1.357940e-01,    2.709178e-02,    1.651435e+00,   -9.328654e-01,   -1.140133e+00,    1.197874e+00,    2.518900e-01,   -1.350100e-01,    1.015900e-01,    6.302800e-02,    3.000000e-02,    3.000000e-02,    3.000000e-02,    3.000000e-02,
      1014,    1.584800e+00,    2.370553e-01,   -8.713682e-02,    1.306802e-01,    4.217225e-02,    5.788235e-01,   -6.747727e-01,   -1.175642e+00,    8.544582e-01,    2.544200e-01,   -1.073800e-01,    9.541100e-02,    6.780600e-02,    3.000000e-02,    3.000000e-02,    3.000000e-02,    3.000000e-02,
      1014,    2.511800e+00,    2.672275e-01,   -6.166216e-02,    1.178325e-01,    6.211950e-02,   -4.622492e-01,   -1.027061e+00,   -1.286085e+00,    8.782166e-01,    2.533600e-01,   -9.247400e-02,    7.925000e-02,    8.846600e-02,    3.000000e-02,    3.000000e-02,    3.000000e-02,    3.000000e-02,
      1014,    3.981000e+00,    2.911538e-01,   -2.707000e-02,    9.472188e-02,    8.260115e-02,   -6.137937e-01,   -1.644666e-01,   -1.420896e+00,    7.529615e-01,    2.727400e-01,   -3.200400e-02,    5.209500e-02,    1.051900e-01,    3.000000e-02,    3.000000e-02,    3.000000e-02,    3.000000e-02,
      1015,    6.309500e-01,    1.116499e-01,   -5.729046e-02,    2.925019e-02,    4.339362e-02,    6.283381e-01,   -2.312651e+00,    7.486936e-01,    1.079813e+00,    1.305000e-01,   -1.266700e-01,    5.171100e-02,    7.578800e-02,    3.000000e-02,    3.000000e-02,    3.000000e-02,    3.000000e-02,
      1015,    2.511800e+00,    1.311091e-01,    3.896040e-02,   -2.766871e-02,    4.121139e-02,   -3.736371e-01,    6.824532e-01,    9.111366e-01,   -2.103795e-01,    1.199000e-01,    5.943400e-02,   -3.346100e-04,    3.490000e-02,    3.000000e-02,    3.000000e-02,    3.000000e-02,    3.000000e-02,
      1015,    3.981000e+00,    1.082517e-01,    7.173690e-02,   -4.330745e-02,    2.408121e-02,   -5.311233e-01,    1.483034e-01,    9.123483e-01,    3.202265e-01,    9.231800e-02,    7.618600e-02,   -1.593700e-02,    3.368800e-02,    3.000000e-02,    3.000000e-02,    3.000000e-02,    3.000000e-02,
      1017,    3.981000e-01,   -6.834260e-02,   -9.697253e-02,    7.942742e-02,    2.213074e-02,    4.900553e+00,   -1.098249e+00,    3.164086e+00,   -8.652459e-02,    7.867400e-02,   -1.299200e-01,    1.743500e-01,    1.953500e-02,    3.000000e-02,    3.000000e-02,    3.000000e-02,    3.000000e-02,
      1017,    6.309500e-01,   -3.851698e-02,   -8.413674e-02,    7.009608e-02,    1.983373e-02,    4.364299e+00,   -2.238775e+00,    3.736131e+00,   -9.417911e-01,    9.241200e-02,   -1.513000e-01,    1.821800e-01,   -8.420000e-03,    3.000000e-02,    3.000000e-02,    3.000000e-02,    3.000000e-02,
      1017,    1.000000e+00,   -1.773601e-02,   -7.059322e-02,    6.101524e-02,    1.448051e-02,    9.313003e-01,   -2.864226e+00,    2.859159e+00,   -7.267871e-01,    1.020300e-02,   -1.565200e-01,    1.467900e-01,   -7.323100e-03,    3.000000e-02,    3.000000e-02,    3.000000e-02,    3.000000e-02,
      1017,    1.584800e+00,   -4.799808e-03,   -6.207435e-02,    5.287252e-02,    5.290418e-03,   -6.953397e-01,   -2.056522e+00,    8.048160e-01,   -8.987139e-01,   -2.566000e-02,   -1.237700e-01,    7.701700e-02,   -2.167100e-02,    3.000000e-02,    3.000000e-02,    3.000000e-02,    3.000000e-02,
      1017,    2.511800e+00,    6.042838e-03,   -6.283797e-02,    4.679435e-02,   -9.653676e-03,   -5.837946e-01,    3.439655e-01,    8.595551e-01,   -1.728777e+00,   -1.147100e-02,   -5.251900e-02,    7.258100e-02,   -6.151700e-02,    3.000000e-02,    3.000000e-02,    3.000000e-02,    3.000000e-02,
      1017,    3.981000e+00,    2.306711e-02,   -7.077087e-02,    4.688539e-02,   -3.234049e-02,   -1.287404e+00,    5.278289e-01,    7.667537e-01,   -9.996505e-01,   -1.555500e-02,   -5.493600e-02,    6.988800e-02,   -6.233000e-02,    3.000000e-02,    3.000000e-02,    3.000000e-02,    3.000000e-02,
      1019,    3.981000e+00,    3.915378e-02,    1.037019e-01,    2.174949e-02,    2.583668e-03,    4.126541e+00,    2.710935e+00,    8.086684e+00,    3.236478e+00,    1.629500e-01,    1.850300e-01,    2.643500e-01,    9.967800e-02,    3.000000e-02,    3.000000e-02,    3.000000e-02,    3.000000e-02,
      1022,    1.584800e+00,    2.264456e-01,   -2.456781e-02,    8.609735e-02,    2.755571e-02,   -8.665206e-01,    2.612271e-01,   -7.177115e-01,   -3.126571e-01,    2.004500e-01,   -1.673100e-02,    6.456600e-02,    1.817600e-02,    3.000000e-02,    3.000000e-02,    3.000000e-02,    3.000000e-02,
      1022,    2.511800e+00,    2.320651e-01,    9.844741e-03,    7.330485e-02,    2.953491e-02,    1.782943e-02,   -4.178747e-01,    5.553717e-01,   -2.615971e-01,    2.326000e-01,   -2.691500e-03,    8.996600e-02,    2.168700e-02,    3.000000e-02,    3.000000e-02,    3.000000e-02,    3.000000e-02,
      1022,    3.981000e+00,    2.218873e-01,    4.658643e-02,    5.897959e-02,    2.481385e-02,    2.064221e-01,    2.811911e-02,    1.375680e+00,   -2.358285e-01,    2.280800e-01,    4.743000e-02,    1.002500e-01,    1.773900e-02,    3.000000e-02,    3.000000e-02,    3.000000e-02,    3.000000e-02,
      1023,    6.309500e-01,    1.523208e-01,   -4.290882e-02,   -1.377557e-02,    5.412266e-02,    8.029720e-01,   -1.706392e-01,   -2.464756e-02,    1.388178e+00,    1.764100e-01,   -4.802800e-02,   -1.451500e-02,    9.576800e-02,    3.000000e-02,    3.000000e-02,    3.000000e-02,    3.000000e-02,
      1023,    1.000000e+00,    1.639499e-01,   -1.691615e-02,   -3.434722e-02,    5.655280e-02,    8.940018e-01,    7.960285e-01,   -5.770593e-01,   -1.149935e-01,    1.907700e-01,    6.964700e-03,   -5.165900e-02,    5.310300e-02,    3.000000e-02,    3.000000e-02,    3.000000e-02,    3.000000e-02,
      1023,    1.584800e+00,    1.636215e-01,    1.129834e-02,   -5.872265e-02,    5.372982e-02,    5.179485e-01,    1.372155e+00,   -7.398782e-01,   -1.458901e+00,    1.791600e-01,    5.246300e-02,   -8.091900e-02,    9.962800e-03,    3.000000e-02,    3.000000e-02,    3.000000e-02,    3.000000e-02,
      1023,    2.511800e+00,    1.490400e-01,    3.640940e-02,   -8.384391e-02,    3.990277e-02,   -3.500002e-01,    1.514820e+00,   -4.677696e-01,   -2.051726e+00,    1.385400e-01,    8.185400e-02,   -9.787700e-02,   -2.164900e-02,    3.000000e-02,    3.000000e-02,    3.000000e-02,    3.000000e-02,
      1023,    3.981000e+00,    1.228338e-01,    5.018227e-02,   -9.876360e-02,    1.185493e-02,   -4.214596e-01,    1.429024e+00,    2.153534e-01,   -1.811631e+00,    1.101900e-01,    9.305300e-02,   -9.230300e-02,   -4.249400e-02,    3.000000e-02,    3.000000e-02,    3.000000e-02,    3.000000e-02,
      1024,    2.511800e+00,    1.809967e-01,   -3.440070e-03,    1.256064e-01,   -4.301386e-03,    2.846110e+00,   -3.783998e+00,   -2.224912e+00,   -1.322154e+00,    2.663800e-01,   -1.169600e-01,    5.885900e-02,   -4.396600e-02,    3.000000e-02,    3.000000e-02,    3.000000e-02,    3.000000e-02,
      1024,    3.981000e+00,    1.825971e-01,    3.551677e-02,    1.239790e-01,    2.321133e-03,    1.408763e+00,   -4.233258e-01,   -5.286338e-01,   -6.307044e-01,    2.248600e-01,    2.281700e-02,    1.081200e-01,   -1.660000e-02,    3.000000e-02,    3.000000e-02,    3.000000e-02,    3.000000e-02,
      1027,    3.981000e-01,    2.479979e-02,   -9.624990e-02,    1.810730e-01,   -2.704039e-03,   -7.959288e-02,    2.538635e-01,   -2.614324e-01,    1.084501e+00,    2.241200e-02,   -8.863400e-02,    1.732300e-01,    2.983100e-02,    3.000000e-02,    3.000000e-02,    3.000000e-02,    3.000000e-02,
      1027,    6.309500e-01,    5.745378e-02,   -8.361499e-02,    1.849420e-01,    1.360462e-03,    5.713405e-01,    4.834665e-01,   -8.080652e-01,    7.942846e-01,    7.459400e-02,   -6.911100e-02,    1.607000e-01,    2.518900e-02,    3.000000e-02,    3.000000e-02,    3.000000e-02,    3.000000e-02,
      1027,    1.000000e+00,    8.389334e-02,   -6.604770e-02,    1.889281e-01,    9.494260e-03,   -1.310113e-01,    4.711232e-01,   -1.261269e+00,    4.691913e-01,    7.996300e-02,   -5.191400e-02,    1.510900e-01,    2.357000e-02,    3.000000e-02,    3.000000e-02,    3.000000e-02,    3.000000e-02,
      1027,    1.584800e+00,    1.027462e-01,   -4.562245e-02,    1.909961e-01,    2.410461e-02,    9.246021e-02,    5.308149e-01,   -1.334204e+00,    2.157130e-01,    1.055200e-01,   -2.969800e-02,    1.509700e-01,    3.057600e-02,    3.000000e-02,    3.000000e-02,    3.000000e-02,    3.000000e-02,
      1027,    2.511800e+00,    1.142745e-01,   -2.442395e-02,    1.864692e-01,    4.615248e-02,    1.531845e-01,    2.662983e-01,   -1.425308e+00,   -3.628826e-01,    1.188700e-01,   -1.643500e-02,    1.437100e-01,    3.526600e-02,    3.000000e-02,    3.000000e-02,    3.000000e-02,    3.000000e-02,
      1027,    3.981000e+00,    1.200108e-01,   -2.611160e-03,    1.708684e-01,    7.261632e-02,    1.353067e-01,    1.634868e-02,   -1.045946e+00,   -6.631107e-01,    1.240700e-01,   -2.120700e-03,    1.394900e-01,    5.272300e-02,    3.000000e-02,    3.000000e-02,    3.000000e-02,    3.000000e-02,
      1028,    3.981000e-01,   -4.226738e-03,   -8.781459e-02,    1.479726e-01,    9.934823e-03,    7.235913e-01,    5.290530e-01,    2.275800e-01,   -4.415408e-01,    1.748100e-02,   -7.194300e-02,    1.548000e-01,   -3.311400e-03,    3.000000e-02,    3.000000e-02,    3.000000e-02,    3.000000e-02,
      1028,    6.309500e-01,    2.541714e-02,   -7.466527e-02,    1.477885e-01,    1.605797e-02,    9.901952e-01,    1.692089e-01,   -1.012285e+00,    2.008344e-01,    5.512300e-02,   -6.958900e-02,    1.174200e-01,    2.208300e-02,    3.000000e-02,    3.000000e-02,    3.000000e-02,    3.000000e-02,
      1028,    1.000000e+00,    4.815108e-02,   -5.707647e-02,    1.465796e-01,    2.625366e-02,    6.065305e-01,    2.821489e-01,   -1.609020e+00,    1.571447e-01,    6.634700e-02,   -4.861200e-02,    9.830900e-02,    3.096800e-02,    3.000000e-02,    3.000000e-02,    3.000000e-02,    3.000000e-02,
      1028,    1.584800e+00,    6.261848e-02,   -3.793756e-02,    1.418173e-01,    4.226476e-02,    4.153173e-01,    5.986854e-01,   -1.811111e+00,   -5.673588e-01,    7.507800e-02,   -1.997700e-02,    8.748400e-02,    2.524400e-02,    3.000000e-02,    3.000000e-02,    3.000000e-02,    3.000000e-02,
      1028,    2.511800e+00,    6.991156e-02,   -2.037184e-02,    1.288634e-01,    6.348236e-02,    8.881469e-02,    6.687751e-01,   -1.197212e+00,   -1.000279e+00,    7.257600e-02,   -3.085900e-04,    9.294700e-02,    3.347400e-02,    3.000000e-02,    3.000000e-02,    3.000000e-02,    3.000000e-02,
      1028,    3.981000e+00,    7.321796e-02,   -4.717995e-03,    1.048452e-01,    8.515554e-02,    8.180146e-02,    4.475932e-01,   -7.525388e-01,   -1.122618e+00,    7.567200e-02,    8.709800e-03,    8.226900e-02,    5.147700e-02,    3.000000e-02,    3.000000e-02,    3.000000e-02,    3.000000e-02,
      1029,    1.584800e+00,    1.140238e-01,   -7.831305e-03,    7.573098e-02,    3.303286e-02,   -3.979408e-02,    1.912477e+00,   -2.707836e+00,    3.842905e+00,    1.128300e-01,    4.954300e-02,   -5.504100e-03,    1.483200e-01,    3.000000e-02,    3.000000e-02,    3.000000e-02,    3.000000e-02,
      1029,    2.511800e+00,    1.153810e-01,    1.759689e-02,    6.341788e-02,    4.576053e-02,    5.896324e-01,    1.957337e+00,   -2.557163e+00,    6.227824e-01,    1.330700e-01,    7.631700e-02,   -1.329700e-02,    6.444400e-02,    3.000000e-02,    3.000000e-02,    3.000000e-02,    3.000000e-02,
      1029,    3.981000e+00,    1.022199e-01,    4.444607e-02,    4.212974e-02,    5.593063e-02,    4.580031e-01,    1.997798e+00,   -1.985191e+00,   -2.696878e-01,    1.159600e-01,    1.043800e-01,   -1.742600e-02,    4.784000e-02,    3.000000e-02,    3.000000e-02,    3.000000e-02,    3.000000e-02,
      1030,    3.981000e-01,    1.310138e-02,   -7.606940e-02,    7.268979e-02,    1.755038e-02,    1.070540e-01,   -6.850200e-01,    4.922007e+00,   -6.748346e+00,    1.631300e-02,   -9.662000e-02,    2.203500e-01,   -1.849000e-01,    3.000000e-02,    3.000000e-02,    3.000000e-02,    3.000000e-02,
      1030,    6.309500e-01,    4.023811e-02,   -5.916370e-02,    6.659136e-02,    1.823053e-02,   -1.276370e-01,   -1.147210e+00,    5.206288e+00,   -6.303018e+00,    3.640900e-02,   -9.358000e-02,    2.227800e-01,   -1.708600e-01,    3.000000e-02,    3.000000e-02,    3.000000e-02,    3.000000e-02,
      1030,    1.000000e+00,    6.056681e-02,   -3.588322e-02,    5.965758e-02,    1.798851e-02,   -3.577603e-01,   -1.929259e+00,    5.581081e+00,   -3.679617e+00,    4.983400e-02,   -9.376100e-02,    2.270900e-01,   -9.240000e-02,    3.000000e-02,    3.000000e-02,    3.000000e-02,    3.000000e-02,
      1030,    1.584800e+00,    7.147159e-02,   -7.002189e-03,    5.209089e-02,    1.606769e-02,    3.424687e-02,   -2.068594e+00,    5.909970e+00,   -2.248456e+00,    7.249900e-02,   -6.906000e-02,    2.293900e-01,   -5.138600e-02,    3.000000e-02,    3.000000e-02,    3.000000e-02,    3.000000e-02,
      1030,    2.511800e+00,    7.007891e-02,    2.556399e-02,    4.433873e-02,    1.131471e-02,    5.545030e-01,   -1.693300e+00,    6.183376e+00,   -9.752366e-02,    8.671400e-02,   -2.523500e-02,    2.298400e-01,    8.389000e-03,    3.000000e-02,    3.000000e-02,    3.000000e-02,    3.000000e-02,
      1030,    3.981000e+00,    5.415954e-02,    5.817359e-02,    3.790415e-02,    2.434959e-03,    1.518282e+00,   -1.739183e+00,    5.582195e+00,    2.040135e+00,    9.970800e-02,    5.998100e-03,    2.053700e-01,    6.363900e-02,    3.000000e-02,    3.000000e-02,    3.000000e-02,    3.000000e-02,
      1031,    6.309500e-01,    9.803194e-02,   -4.073397e-02,    7.460922e-02,    1.252703e-02,    5.492686e-01,   -1.795534e+00,    1.063693e+00,    7.335989e-01,    1.145100e-01,   -9.460000e-02,    1.065200e-01,    3.453500e-02,    3.000000e-02,    3.000000e-02,    3.000000e-02,    3.000000e-02,
      1031,    1.000000e+00,    1.121010e-01,   -2.931723e-02,    7.351987e-02,    1.674276e-02,    8.046347e-01,   -2.314292e+00,    6.404044e-01,    8.693412e-01,    1.362400e-01,   -9.874600e-02,    9.273200e-02,    4.282300e-02,    3.000000e-02,    3.000000e-02,    3.000000e-02,    3.000000e-02,
      1031,    1.584800e+00,    1.244256e-01,   -1.269490e-02,    6.996133e-02,    2.485337e-02,   -8.829202e-01,   -1.786837e+00,    5.631891e-01,    6.109544e-01,    9.793800e-02,   -6.630000e-02,    8.685700e-02,    4.318200e-02,    3.000000e-02,    3.000000e-02,    3.000000e-02,    3.000000e-02,
      1031,    2.511800e+00,    1.300806e-01,    1.193366e-02,    6.038484e-02,    3.534333e-02,   -1.185486e+00,   -4.293193e-01,    1.073105e+00,    1.923891e-01,    9.451600e-02,   -9.459200e-04,    9.257800e-02,    4.111500e-02,    3.000000e-02,    3.000000e-02,    3.000000e-02,    3.000000e-02,
      1032,    6.309500e-01,    1.833712e-01,   -7.237923e-02,    7.420099e-02,    1.621436e-02,   -5.729874e+00,    2.298718e+00,   -1.733600e+00,   -1.275787e-01,    1.147500e-02,   -3.417700e-03,    2.219300e-02,    1.238700e-02,    3.000000e-02,    3.000000e-02,    3.000000e-02,    3.000000e-02,
      1032,    1.000000e+00,    2.068733e-01,   -5.926749e-02,    7.151439e-02,    1.975432e-02,   -5.993209e+00,    1.878046e+00,   -1.128413e+00,   -1.483774e-01,    2.707700e-02,   -2.926100e-03,    3.766200e-02,    1.530300e-02,    3.000000e-02,    3.000000e-02,    3.000000e-02,    3.000000e-02,
      1032,    1.584800e+00,    2.282605e-01,   -4.131617e-02,    6.707808e-02,    2.639662e-02,   -5.882251e+00,    1.305639e+00,   -1.637027e-01,   -2.158539e-01,    5.179300e-02,   -2.147000e-03,    6.216700e-02,    1.992100e-02,    3.000000e-02,    3.000000e-02,    3.000000e-02,    3.000000e-02,
      1032,    2.511800e+00,    2.442330e-01,   -1.522522e-02,    5.823472e-02,    3.545789e-02,   -5.109299e+00,    4.770966e-01,    1.425176e+00,   -2.740297e-01,    9.095400e-02,   -9.123200e-04,    1.009900e-01,    2.723700e-02,    3.000000e-02,    3.000000e-02,    3.000000e-02,    3.000000e-02,
      1032,    3.981000e+00,    2.480238e-01,    1.905127e-02,    4.258447e-02,    4.387565e-02,   -2.890793e+00,    3.120577e-01,    2.287518e+00,   -6.223551e-01,    1.613000e-01,    2.841300e-02,    1.112100e-01,    2.520500e-02,    3.000000e-02,    3.000000e-02,    3.000000e-02,    3.000000e-02,
      1033,    1.584800e+00,   -4.986332e-02,    5.266457e-02,    4.887123e-02,    7.648430e-02,    6.171440e-01,   -8.375523e-01,   -2.550641e+00,   -2.616768e-01,   -3.134900e-02,    2.753800e-02,   -2.764800e-02,    6.863400e-02,    3.000000e-02,    3.000000e-02,    3.000000e-02,    3.000000e-02,
      1033,    2.511800e+00,   -9.481142e-02,    7.845594e-02,    9.640703e-03,    9.737161e-02,    5.513475e-01,   -9.407979e-01,   -1.390690e+00,   -1.308720e+00,   -7.827100e-02,    5.023200e-02,   -3.208000e-02,    5.811000e-02,    3.000000e-02,    3.000000e-02,    3.000000e-02,    3.000000e-02,
      1033,    3.981000e+00,   -1.511025e-01,    6.560764e-02,   -4.090962e-02,    9.573051e-02,   -6.885830e-01,   -1.339221e+00,   -8.688793e-01,   -1.424050e+00,   -1.717600e-01,    2.543100e-02,   -6.697600e-02,    5.300900e-02,    3.000000e-02,    3.000000e-02,    3.000000e-02,    3.000000e-02,
      1034,    3.981000e-01,    1.654863e-03,   -2.376271e-02,    1.001755e-01,    3.149542e-02,   -3.473829e+00,    1.229457e+00,   -2.454749e+00,    5.898860e-01,   -1.025600e-01,    1.312100e-02,    2.653300e-02,    4.919200e-02,    3.000000e-02,    3.000000e-02,    3.000000e-02,    3.000000e-02,
      1034,    6.309500e-01,    1.141340e-02,   -3.705046e-03,    9.506135e-02,    4.375706e-02,   -3.664813e+00,    8.331015e-01,   -2.684112e+00,    3.439313e-01,   -9.853100e-02,    2.128800e-02,    1.453800e-02,    5.407500e-02,    3.000000e-02,    3.000000e-02,    3.000000e-02,    3.000000e-02,
      1034,    1.000000e+00,    1.472209e-02,    2.239229e-02,    8.649694e-02,    6.267955e-02,   -3.562236e+00,    3.947235e-01,   -3.032365e+00,   -2.885167e-02,   -9.214500e-02,    3.423400e-02,   -4.474000e-03,    6.181400e-02,    3.000000e-02,    3.000000e-02,    3.000000e-02,    3.000000e-02,
      1034,    1.584800e+00,    7.104468e-03,    5.542654e-02,    6.982500e-02,    8.962211e-02,   -2.971016e+00,   -2.268469e-02,   -3.480833e+00,   -5.182037e-01,   -8.202600e-02,    5.474600e-02,   -3.460000e-02,    7.407600e-02,    3.000000e-02,    3.000000e-02,    3.000000e-02,    3.000000e-02,
      1034,    2.511800e+00,   -1.827463e-02,    9.187986e-02,    3.820275e-02,    1.219805e-01,   -1.590446e+00,   -1.540619e-01,   -4.018425e+00,   -9.489492e-01,   -6.598800e-02,    8.725800e-02,   -8.235000e-02,    9.351200e-02,    3.000000e-02,    3.000000e-02,    3.000000e-02,    3.000000e-02,
      1034,    3.981000e+00,   -6.548593e-02,    1.210075e-01,   -1.322180e-02,    1.508574e-01,   -5.091025e-01,    5.674837e-02,   -3.711273e+00,   -1.497912e+00,   -8.075900e-02,    1.227100e-01,   -1.245600e-01,    1.059200e-01,    3.000000e-02,    3.000000e-02,    3.000000e-02,    3.000000e-02,
      1035,    2.511800e+00,    6.624693e-02,    3.150532e-02,    1.135726e-01,   -5.452372e-03,    2.463769e+00,    1.281189e+00,    2.513246e+00,    1.474846e+00,    1.401600e-01,    6.994100e-02,    1.889700e-01,    3.879300e-02,    3.000000e-02,    3.000000e-02,    3.000000e-02,    3.000000e-02,
      1035,    3.981000e+00,    4.752829e-02,    5.707344e-02,    1.108318e-01,   -5.882498e-03,    1.329790e+00,    3.018552e+00,    1.812607e+00,    9.677166e-01,    8.742200e-02,    1.476300e-01,    1.652100e-01,    2.314900e-02,    3.000000e-02,    3.000000e-02,    3.000000e-02,    3.000000e-02,
      1037,    6.309500e-01,    1.196330e-01,   -9.377024e-02,    3.454909e-02,    5.637403e-02,    3.336233e+00,    2.620608e+00,   -5.011636e+00,    3.159199e+00,    2.197200e-01,   -1.515200e-02,   -1.158000e-01,    1.511500e-01,    3.000000e-02,    3.000000e-02,    3.000000e-02,    3.000000e-02,
      1037,    1.000000e+00,    1.499187e-01,   -7.303932e-02,    1.989747e-02,    7.295856e-02,    1.986043e+00,    2.217631e+00,   -4.522582e+00,    2.661381e+00,    2.095000e-01,   -6.510400e-03,   -1.157800e-01,    1.528000e-01,    3.000000e-02,    3.000000e-02,    3.000000e-02,    3.000000e-02,
      1037,    1.584800e+00,    1.727211e-01,   -4.788701e-02,   -2.750067e-03,    9.414029e-02,   -1.428037e+00,    3.509667e+00,   -5.911331e+00,    3.449990e+00,    1.298800e-01,    5.740300e-02,   -1.800900e-01,    1.976400e-01,    3.000000e-02,    3.000000e-02,    3.000000e-02,    3.000000e-02,
      1037,    2.511800e+00,    1.873476e-01,   -1.845048e-02,   -3.721989e-02,    1.155646e-01,   -3.105420e+00,    2.917783e+00,   -8.282670e+00,    5.213180e+00,    9.418500e-02,    6.908300e-02,   -2.857000e-01,    2.719600e-01,    3.000000e-02,    3.000000e-02,    3.000000e-02,    3.000000e-02,
      1038,    1.584800e+00,    1.417680e-01,   -2.171375e-02,   -5.198473e-03,    5.145659e-02,    6.839400e+00,   -3.008542e+00,    5.922949e+00,   -1.175820e+00,    3.469500e-01,   -1.119700e-01,    1.724900e-01,    1.618200e-02,    3.000000e-02,    3.000000e-02,    3.000000e-02,    3.000000e-02,
      1038,    2.511800e+00,    1.456706e-01,    1.400458e-02,   -2.550639e-02,    4.858050e-02,    4.081647e+00,    7.319808e-01,    4.362880e+00,    1.244317e+00,    2.681200e-01,    3.596400e-02,    1.053800e-01,    8.591000e-02,    3.000000e-02,    3.000000e-02,    3.000000e-02,    3.000000e-02,
      1038,    3.981000e+00,    1.336768e-01,    5.156504e-02,   -4.302274e-02,    3.936055e-02,    5.057772e+00,    2.414832e+00,    1.769425e+00,    2.533648e+00,    2.854100e-01,    1.240100e-01,    1.006000e-02,    1.153700e-01,    3.000000e-02,    3.000000e-02,    3.000000e-02,    3.000000e-02,
      1039,    3.981000e-01,    7.831224e-02,   -1.104538e-01,    2.972404e-01,   -4.469274e-02,   -3.306079e-01,   -5.715389e-01,    2.477985e+00,   -1.476421e-01,    6.839400e-02,   -1.276000e-01,    3.715800e-01,   -4.912200e-02,    3.000000e-02,    3.000000e-02,    3.000000e-02,    3.000000e-02,
      1039,    1.000000e+00,    1.458171e-01,   -8.355574e-02,    3.333704e-01,   -5.232808e-02,   -3.229037e-01,   -1.044142e+00,    2.289653e+00,    3.868694e-01,    1.361300e-01,   -1.148800e-01,    4.020600e-01,   -4.072200e-02,    3.000000e-02,    3.000000e-02,    3.000000e-02,    3.000000e-02,
      1039,    1.584800e+00,    1.707955e-01,   -6.463251e-02,    3.580049e-01,   -4.885188e-02,   -4.661839e-01,   -6.724163e-01,    2.164169e+00,    5.316962e-01,    1.568100e-01,   -8.480500e-02,    4.229300e-01,   -3.290100e-02,    3.000000e-02,    3.000000e-02,    3.000000e-02,    3.000000e-02,
      1039,    2.511800e+00,    1.884554e-01,   -4.324417e-02,    3.840291e-01,   -3.402712e-02,   -5.598457e-01,   -1.058094e+00,    2.073362e+00,    9.976072e-01,    1.716600e-01,   -7.498700e-02,    4.462300e-01,   -4.098900e-03,    3.000000e-02,    3.000000e-02,    3.000000e-02,    3.000000e-02,
      1039,    3.981000e+00,    1.978479e-01,   -2.098268e-02,    4.050783e-01,   -4.347228e-03,   -1.612650e-01,   -8.729440e-01,    1.671723e+00,    1.556308e+00,    1.930100e-01,   -4.717100e-02,    4.552300e-01,    4.234200e-02,    3.000000e-02,    3.000000e-02,    3.000000e-02,    3.000000e-02,
      1040,    3.981000e-01,    6.815113e-02,   -9.781202e-02,   -1.039729e-01,    8.339252e-02,    1.484296e+00,    5.802006e-01,   -1.530238e+00,   -3.188408e-02,    1.126800e-01,   -8.040600e-02,   -1.498800e-01,    8.243600e-02,    3.000000e-02,    3.000000e-02,    3.000000e-02,    3.000000e-02,
      1040,    6.309500e-01,    1.011797e-01,   -7.809221e-02,   -1.306177e-01,    9.768297e-02,    1.500676e+00,    1.421807e+00,   -1.976409e+00,    2.682342e-01,    1.462000e-01,   -3.543800e-02,   -1.899100e-01,    1.057300e-01,    3.000000e-02,    3.000000e-02,    3.000000e-02,    3.000000e-02,
      1040,    1.000000e+00,    1.264298e-01,   -5.290548e-02,   -1.675807e-01,    1.129436e-01,   -2.899433e-02,    2.241449e+00,   -2.504645e+00,    6.788050e-02,    1.255600e-01,    1.433800e-02,   -2.427200e-01,    1.149800e-01,    3.000000e-02,    3.000000e-02,    3.000000e-02,    3.000000e-02,
      1040,    1.584800e+00,    1.434646e-01,   -2.297495e-02,   -2.210045e-01,    1.206418e-01,   -8.174869e-01,    2.523165e+00,   -2.676850e+00,   -7.399937e-01,    1.189400e-01,    5.272000e-02,   -3.013100e-01,    9.844200e-02,    3.000000e-02,    3.000000e-02,    3.000000e-02,    3.000000e-02,
      1040,    2.511800e+00,    1.510754e-01,    1.365206e-02,   -2.887728e-01,    1.007169e-01,   -8.201800e-01,    1.973065e+00,   -1.824572e+00,   -2.068995e+00,    1.264700e-01,    7.284400e-02,   -3.435100e-01,    3.864700e-02,    3.000000e-02,    3.000000e-02,    3.000000e-02,    3.000000e-02,
      1040,    3.981000e+00,    1.415950e-01,    5.870018e-02,   -3.436414e-01,    3.488840e-02,   -1.841701e+00,    1.010961e+00,   -3.132854e-01,   -2.462313e+00,    8.634400e-02,    8.902900e-02,   -3.530400e-01,   -3.898100e-02,    3.000000e-02,    3.000000e-02,    3.000000e-02,    3.000000e-02,
      1041,    3.981000e-01,    1.155063e-01,   -6.085232e-02,    3.754163e-02,    3.517579e-02,    7.644580e-01,    9.684774e-01,   -3.561254e+00,   -1.393040e+00,    1.384400e-01,   -3.179800e-02,   -6.929600e-02,   -6.615400e-03,    3.000000e-02,    3.000000e-02,    3.000000e-02,    3.000000e-02,
      1041,    6.309500e-01,    1.350437e-01,   -4.007010e-02,    2.427280e-02,    3.608661e-02,    1.714210e+00,   -1.029530e+00,   -2.376627e+00,   -2.169220e+00,    1.864700e-01,   -7.095600e-02,   -4.702600e-02,   -2.899000e-02,    3.000000e-02,    3.000000e-02,    3.000000e-02,    3.000000e-02,
      1041,    1.000000e+00,    1.460883e-01,   -1.506984e-02,    8.577539e-03,    3.414681e-02,    2.015724e+00,   -1.419005e+00,    1.529820e-01,   -2.506860e+00,    2.065600e-01,   -5.764000e-02,    1.316700e-02,   -4.105900e-02,    3.000000e-02,    3.000000e-02,    3.000000e-02,    3.000000e-02,
      1041,    3.981000e+00,    1.069966e-01,    5.239424e-02,   -2.946356e-02,   -2.730320e-02,   -1.749554e+00,    5.635585e-01,    6.553420e-01,   -1.179893e+00,    5.451000e-02,    6.930100e-02,   -9.803300e-03,   -6.270000e-02,    3.000000e-02,    3.000000e-02,    3.000000e-02,    3.000000e-02,
      1042,    6.309500e-01,    1.496927e-01,   -5.844153e-02,    4.138151e-02,    3.919855e-02,   -6.375566e-02,    1.002918e+00,    7.351496e-01,   -6.287517e-01,    1.477800e-01,   -2.835400e-02,    6.343600e-02,    2.033600e-02,    3.000000e-02,    3.000000e-02,    3.000000e-02,    3.000000e-02,
      1042,    1.000000e+00,    1.685939e-01,   -3.166037e-02,    2.735435e-02,    4.288630e-02,   -1.087974e-01,    1.776546e+00,    6.910884e-01,   -3.196433e-01,    1.653300e-01,    2.163600e-02,    4.808700e-02,    3.329700e-02,    3.000000e-02,    3.000000e-02,    3.000000e-02,    3.000000e-02,
      1042,    1.584800e+00,    1.765604e-01,    3.303891e-04,    9.578075e-03,    4.418662e-02,    8.265255e-02,    8.382537e-01,    1.013031e+00,   -2.665208e-01,    1.790400e-01,    2.547800e-02,    3.996900e-02,    3.619100e-02,    3.000000e-02,    3.000000e-02,    3.000000e-02,    3.000000e-02,
      1042,    2.511800e+00,    1.699953e-01,    3.476508e-02,   -1.105558e-02,    3.835796e-02,    1.549124e-02,    4.098306e-01,    1.607786e+00,   -6.736654e-01,    1.704600e-01,    4.706000e-02,    3.717800e-02,    1.814800e-02,    3.000000e-02,    3.000000e-02,    3.000000e-02,    3.000000e-02,
      1042,    3.981000e+00,    1.468966e-01,    6.551183e-02,   -2.720802e-02,    2.130454e-02,   -3.365537e-01,    2.496391e-01,    1.790567e+00,   -1.561515e-01,    1.368000e-01,    7.300100e-02,    2.650900e-02,    1.662000e-02,    3.000000e-02,    3.000000e-02,    3.000000e-02,    3.000000e-02,
      1044,    6.309500e-01,    1.525293e-01,   -9.983469e-02,    1.021161e-01,    2.046033e-02,   -3.747744e+00,   -9.358437e-01,    5.847797e+00,   -1.968544e+00,    4.009700e-02,   -1.279100e-01,    2.775500e-01,   -3.859600e-02,    3.000000e-02,    3.000000e-02,    3.000000e-02,    3.000000e-02,
      1044,    1.000000e+00,    1.859341e-01,   -7.762900e-02,    9.612439e-02,    2.503546e-02,   -2.912835e+00,   -2.722367e+00,    3.631520e+00,   -4.219849e+00,    9.854900e-02,   -1.593000e-01,    2.050700e-01,   -1.015600e-01,    3.000000e-02,    3.000000e-02,    3.000000e-02,    3.000000e-02,
      1044,    1.584800e+00,    2.115502e-01,   -4.913170e-02,    8.703206e-02,    3.042247e-02,   -5.856720e-01,   -2.379277e+00,    1.611931e+00,   -3.767216e+00,    1.939800e-01,   -1.205100e-01,    1.353900e-01,   -8.259400e-02,    3.000000e-02,    3.000000e-02,    3.000000e-02,    3.000000e-02,
      1044,    2.511800e+00,    2.271624e-01,   -1.416385e-02,    7.355483e-02,    3.359346e-02,    8.539209e-01,   -7.243384e-01,    2.207172e+00,   -1.848615e+00,    2.527800e-01,   -3.589400e-02,    1.397700e-01,   -2.186500e-02,    3.000000e-02,    3.000000e-02,    3.000000e-02,    3.000000e-02,
      1044,    3.981000e+00,    2.293092e-01,    2.672826e-02,    5.885162e-02,    3.028860e-02,    7.550268e-01,   -8.869556e-01,    3.169279e+00,   -9.268898e-01,    2.519600e-01,    1.195900e-04,    1.539300e-01,    2.481900e-03,    3.000000e-02,    3.000000e-02,    3.000000e-02,    3.000000e-02,
      1045,    3.981000e+00,    1.409903e-01,   -1.717137e-02,    4.879462e-02,    1.283939e-01,   -2.893843e+00,   -7.324542e-01,   -2.946206e-01,    1.096870e+00,    5.417500e-02,   -3.914500e-02,    3.995600e-02,    1.613000e-01,    3.000000e-02,    3.000000e-02,    3.000000e-02,    3.000000e-02,
      1046,    3.981000e+00,   -7.020543e-02,    8.052206e-03,    1.906728e-01,    6.579577e-02,   -5.582856e-01,    1.466193e+00,   -1.132425e+00,   -3.460059e+00,   -8.695400e-02,    5.203800e-02,    1.567000e-01,   -3.800600e-02,    3.000000e-02,    3.000000e-02,    3.000000e-02,    3.000000e-02,
