MT,
     StaID,        Freq[Hz],     Re(Zxx)_Cal,     Im(Zxx)_Cal,     Re(Zxy)_Cal,     Im(Zxy)_Cal,     Re(Zyx)_Cal,     Im(Zyx)_Cal,     Re(Zyy)_Cal,     Im(Zyy)_Cal,     Re(Zxx)_Res,     Im(Zxx)_Res,     Re(Zxy)_Res,     Im(Zxy)_Res,     Re(Zyx)_Res,     Im(Zyx)_Res,     Re(Zyy)_Res,     Im(Zyy)_Res,     Re(Zxx)_Obs,     Im(Zxx)_Obs,     Re(Zxy)_Obs,     Im(Zxy)_Obs,     Re(Zyx)_Obs,     Im(Zyx)_Obs,     Re(Zyy)_Obs,     Im(Zyy)_Obs,      Re(Zxx)_SD,      Im(Zxx)_SD,      Re(Zxy)_SD,      Im(Zxy)_SD,      Re(Zyx)_SD,      Im(Zyx)_SD,      Re(Zyy)_SD,      Im(Zyy)_SD,
         1,    2.511800e+01,   -1.522478e-02,    7.938328e-04,    6.423693e-02,   -4.911983e-02,   -1.001105e-01,    6.142073e-02,    2.771675e-02,   -1.301576e-02,    1.163745e+00,   -7.263653e-01,   -2.004716e+00,    1.027140e+00,    2.391276e+00,   -9.731265e-01,    1.601776e+00,   -1.099449e+00,   -1.041700e-02,   -2.207000e-03,    5.551100e-02,   -4.464900e-02,   -8.970200e-02,    5.718500e-02,    4.561500e-02,   -2.530100e-02,    4.131300e-03,    4.131300e-03,    4.352700e-03,    4.352700e-03,    4.352700e-03,    4.352700e-03,    1.117400e-02,    1.117400e-02,
         1,    3.981000e+01,   -1.636005e-02,    4.041781e-03,    7.364153e-02,   -6.487338e-02,   -1.154675e-01,    8.109275e-02,    3.182379e-02,   -1.628143e-02,    1.664355e+00,   -6.162642e-01,   -2.227539e+00,    2.049346e+00,    2.581306e+00,   -2.054938e+00,    1.450025e+00,   -9.193792e-01,   -9.366600e-03,    1.452300e-03,    6.233900e-02,   -5.447500e-02,   -1.023700e-01,    7.066600e-02,    5.021300e-02,   -2.794100e-02,    4.201900e-03,    4.201900e-03,    5.074000e-03,    5.074000e-03,    5.074000e-03,    5.074000e-03,    1.268200e-02,    1.268200e-02,
         1,    6.309500e+01,   -1.935770e-02,    5.967670e-03,    8.800370e-02,   -8.720033e-02,   -1.360044e-01,    1.051283e-01,    3.768891e-02,   -1.921834e-02,    1.556647e+00,   -2.330157e-02,   -1.985169e+00,    2.332205e+00,    1.694486e+00,   -2.232489e+00,    1.481545e+00,   -7.936318e-01,   -1.094900e-02,    5.841800e-03,    7.538100e-02,   -7.237100e-02,   -1.252300e-01,    9.093300e-02,    6.052100e-02,   -3.144900e-02,    5.401800e-03,    5.401800e-03,    6.358500e-03,    6.358500e-03,    6.358500e-03,    6.358500e-03,    1.541100e-02,    1.541100e-02,
         2,    2.511800e+01,   -3.851178e-03,   -6.941891e-03,    7.285307e-02,   -7.311513e-02,   -5.838090e-02,    6.281711e-02,   -3.654557e-03,    6.946572e-03,   -1.116694e+00,    4.816041e-01,   -1.088753e+00,    1.327294e+00,    2.215306e-01,   -1.827965e+00,    3.918668e-02,    3.160418e-01,   -9.093500e-03,   -4.681000e-03,    6.810600e-02,   -6.732800e-02,   -5.741500e-02,    5.484700e-02,   -3.498100e-03,    8.208400e-03,    4.694500e-03,    4.694500e-03,    4.360100e-03,    4.360100e-03,    4.360100e-03,    4.360100e-03,    3.992600e-03,    3.992600e-03,
         2,    3.981000e+01,   -2.339613e-03,   -5.973441e-03,    9.078341e-02,   -9.597291e-02,   -7.361221e-02,    8.488663e-02,   -5.882871e-03,    9.141640e-03,   -6.446943e-01,    8.389188e-01,   -7.122467e-01,    1.394443e+00,    5.073205e-02,   -1.467465e+00,   -2.539887e-01,    1.892532e-01,   -4.874100e-03,   -2.675400e-03,    8.670900e-02,   -8.799600e-02,   -7.332200e-02,    7.649200e-02,   -7.269700e-03,    1.017500e-02,    3.931300e-03,    3.931300e-03,    5.720500e-03,    5.720500e-03,    5.720500e-03,    5.720500e-03,    5.460200e-03,    5.460200e-03,
         2,    6.309500e+01,   -8.813807e-04,   -6.351432e-03,    1.166183e-01,   -1.238844e-01,   -9.534777e-02,    1.121744e-01,   -9.680914e-03,    1.112752e-02,   -4.749337e-01,    2.038246e+00,   -1.097234e+00,    1.712657e+00,    4.445807e-01,   -1.548034e+00,   -3.655702e-01,    3.822451e-02,   -2.229100e-03,   -5.675000e-04,    1.086200e-01,   -1.114000e-01,   -9.210700e-02,    1.008900e-01,   -1.230600e-02,    1.140200e-02,    2.837700e-03,    2.837700e-03,    7.289500e-03,    7.289500e-03,    7.289500e-03,    7.289500e-03,    7.180800e-03,    7.180800e-03,
         3,    3.981000e+01,    3.750371e-03,   -9.943185e-03,    9.315970e-02,   -9.203696e-02,   -6.662844e-02,    8.096492e-02,   -1.415008e-02,    1.223765e-02,   -2.312157e+00,   -4.442521e-01,   -2.470037e+00,   -1.293090e+00,    1.422533e+00,   -1.473212e+00,   -1.253953e+00,    2.223779e+00,   -1.289300e-02,   -1.314100e-02,    6.597200e-02,   -1.062700e-01,   -5.892400e-02,    7.298600e-02,   -2.598000e-02,    3.321700e-02,    7.198200e-03,    7.198200e-03,    1.100700e-02,    1.100700e-02,    5.416000e-03,    5.416000e-03,    9.434100e-03,    9.434100e-03,
         3,    6.309500e+01,    6.776071e-03,   -1.166128e-02,    1.182336e-01,   -1.156668e-01,   -8.734544e-02,    1.053923e-01,   -1.825577e-02,    1.431023e-02,   -1.532375e+00,   -8.990784e-01,   -1.516533e+00,   -1.475183e+00,    9.839948e-01,   -1.015965e+00,   -1.842005e+00,    1.639234e+00,   -6.693200e-03,   -1.956400e-02,    1.042800e-01,   -1.292400e-01,   -8.021000e-02,    9.802500e-02,   -4.103400e-02,    3.458100e-02,    8.789800e-03,    8.789800e-03,    9.201000e-03,    9.201000e-03,    7.251500e-03,    7.251500e-03,    1.236600e-02,    1.236600e-02,
         4,    2.511800e+01,   -4.814441e-03,    6.770216e-03,    8.229956e-02,   -8.450134e-02,   -8.752335e-02,    1.018086e-01,   -1.406502e-02,   -9.572933e-03,   -8.939431e-01,   -2.270324e-01,   -1.033974e+00,    7.757651e-01,    5.917691e-01,   -1.411478e+00,    5.752295e-01,   -8.707155e-01,   -9.490300e-03,    5.582700e-03,    7.620800e-02,   -7.993100e-02,   -8.403700e-02,    9.349300e-02,   -9.878500e-03,   -1.591000e-02,    5.230600e-03,    5.230600e-03,    5.891400e-03,    5.891400e-03,    5.891400e-03,    5.891400e-03,    7.278000e-03,    7.278000e-03,
         4,    3.981000e+01,   -7.433646e-03,    7.241894e-03,    9.900928e-02,   -1.131845e-01,   -1.101270e-01,    1.345045e-01,   -1.164492e-02,   -1.665978e-02,   -9.047010e-01,   -6.645634e-01,   -7.597220e-01,    3.666974e-01,    1.137176e+00,   -1.079319e+00,    5.713986e-01,   -9.771065e-01,   -1.348700e-02,    2.795300e-03,    9.319900e-02,   -1.103800e-01,   -1.014300e-01,    1.262500e-01,   -5.974700e-03,   -2.635600e-02,    6.691000e-03,    6.691000e-03,    7.647900e-03,    7.647900e-03,    7.647900e-03,    7.647900e-03,    9.923400e-03,    9.923400e-03,
         4,    6.309500e+01,   -9.386395e-03,    7.064049e-03,    1.212331e-01,   -1.537352e-01,   -1.404421e-01,    1.782450e-01,   -6.112841e-03,   -2.485349e-02,   -6.134704e-01,    5.180948e-02,   -4.397029e-01,    6.230742e-02,    8.925295e-01,    1.810710e-01,    5.470240e-01,   -1.025122e+00,   -1.455200e-02,    7.500300e-03,    1.166800e-01,   -1.530900e-01,   -1.312000e-01,    1.801200e-01,    1.563000e-03,   -3.923800e-02,    8.420300e-03,    8.420300e-03,    1.035500e-02,    1.035500e-02,    1.035500e-02,    1.035500e-02,    1.403200e-02,    1.403200e-02,
         5,    2.511800e+01,    6.686640e-03,   -1.481747e-02,    7.357479e-02,   -6.325407e-02,   -6.387819e-02,    4.741360e-02,   -4.403287e-03,    4.945851e-03,    3.778702e-01,   -3.995446e-01,   -8.935634e-01,    1.698647e+00,    3.055086e+00,   -1.936285e+00,    1.175782e+00,   -3.978252e-01,    9.067600e-03,   -1.733500e-02,    7.013600e-02,   -5.671700e-02,   -5.212100e-02,    3.996200e-02,   -1.468300e-03,    3.952800e-03,    6.301000e-03,    6.301000e-03,    3.848400e-03,    3.848400e-03,    3.848400e-03,    3.848400e-03,    2.496200e-03,    2.496200e-03,
         5,    3.981000e+01,    1.354390e-02,   -1.376064e-02,    8.767022e-02,   -8.193253e-02,   -7.272636e-02,    6.675037e-02,   -6.410332e-03,    6.410070e-03,    3.164619e-01,   -8.038929e-02,   -1.733258e+00,    2.585493e+00,    2.859529e+00,   -2.434416e+00,    9.438053e-01,   -1.903794e-01,    1.580100e-02,   -1.433400e-02,    7.962600e-02,   -6.993300e-02,   -5.945500e-02,    5.545200e-02,   -3.142500e-03,    5.750900e-03,    7.132300e-03,    7.132300e-03,    4.641100e-03,    4.641100e-03,    4.641100e-03,    4.641100e-03,    3.462400e-03,    3.462400e-03,
         5,    6.309500e+01,    1.930876e-02,   -9.500239e-03,    1.079212e-01,   -1.069673e-01,   -8.935116e-02,    9.309945e-02,   -9.860801e-03,    6.799852e-03,    5.409199e-01,    2.161426e-01,   -2.070152e+00,    2.339642e+00,    2.542711e+00,   -2.150339e+00,    9.846550e-01,   -1.354946e-01,    2.400800e-02,   -7.622500e-03,    9.544500e-02,   -9.286700e-02,   -7.402700e-02,    8.014000e-02,   -5.433300e-03,    6.190600e-03,    8.687500e-03,    8.687500e-03,    6.026700e-03,    6.026700e-03,    6.026700e-03,    6.026700e-03,    4.496500e-03,    4.496500e-03,
         6,    2.511800e+01,    2.421815e-01,   -4.809759e-02,    2.235792e-01,   -1.651027e-01,   -4.168874e-01,    1.854599e-01,   -2.275297e-01,    7.968336e-02,   -1.922842e+00,    5.092147e-01,   -4.837957e+00,    3.245430e+00,    1.208954e+01,   -6.079142e+00,    3.189849e+00,   -9.616240e-01,    1.853000e-01,   -3.303400e-02,    1.642900e-01,   -1.253300e-01,   -2.687300e-01,    1.109600e-01,   -1.308900e-01,    5.055000e-02,    2.958200e-02,    2.958200e-02,    1.225500e-02,    1.225500e-02,    1.225500e-02,    1.225500e-02,    3.029600e-02,    3.029600e-02,
         6,    3.981000e+01,    2.564413e-01,   -2.536329e-02,    2.672385e-01,   -1.896762e-01,   -4.622792e-01,    1.953223e-01,   -2.558908e-01,    5.951354e-02,   -1.818359e+00,    2.442596e-01,   -4.779249e+00,    3.008982e+00,    1.194799e+01,   -5.401588e+00,    3.321611e+00,   -6.351068e-01,    1.961100e-01,   -1.725900e-02,    2.000900e-01,   -1.474000e-01,   -2.944100e-01,    1.194300e-01,   -1.465600e-01,    3.860900e-02,    3.317900e-02,    3.317900e-02,    1.405000e-02,    1.405000e-02,    1.405000e-02,    1.405000e-02,    3.291500e-02,    3.291500e-02,
         6,    6.309500e+01,    2.610368e-01,   -2.758842e-04,    3.135751e-01,   -2.235982e-01,   -5.052963e-01,    2.173048e-01,   -2.740550e-01,    3.308955e-02,   -1.633651e+00,   -6.127042e-02,   -4.786304e+00,    2.832801e+00,    1.170941e+01,   -5.368262e+00,    3.372719e+00,   -4.337187e-01,    2.011700e-01,   -2.521200e-03,    2.370900e-01,   -1.783300e-01,   -3.181800e-01,    1.315200e-01,   -1.563100e-01,    1.794800e-02,    3.664600e-02,    3.664600e-02,    1.598000e-02,    1.598000e-02,    1.598000e-02,    1.598000e-02,    3.491100e-02,    3.491100e-02,
         7,    2.511800e+01,    2.188259e-03,    5.502046e-03,    6.178385e-02,   -5.927924e-02,   -6.921978e-02,    5.664368e-02,   -7.475861e-03,    5.946821e-03,   -9.197212e-01,    6.107334e-01,    1.345356e+00,   -7.638000e-01,   -1.493810e+00,    1.446156e+00,   -5.469816e-01,    6.208758e-01,   -1.615800e-03,    8.028100e-03,    6.824600e-02,   -6.294800e-02,   -7.639500e-02,    6.359000e-02,   -1.055400e-02,    9.440800e-03,    4.136100e-03,    4.136100e-03,    4.803300e-03,    4.803300e-03,    4.803300e-03,    4.803300e-03,    5.627500e-03,    5.627500e-03,
         7,    3.981000e+01,   -5.704774e-04,    6.167826e-03,    7.758245e-02,   -7.173271e-02,   -8.241169e-02,    6.961181e-02,   -8.172849e-03,    7.319501e-03,   -7.331363e-01,    4.505265e-01,    1.320860e+00,   -9.317655e-01,   -1.568847e+00,    1.365540e+00,   -5.097140e-01,    8.637736e-01,   -4.182200e-03,    8.387300e-03,    8.534700e-02,   -7.721000e-02,   -9.163400e-02,    7.763900e-02,   -1.169900e-02,    1.329500e-02,    4.926400e-03,    4.926400e-03,    5.878400e-03,    5.878400e-03,    5.878400e-03,    5.878400e-03,    6.917900e-03,    6.917900e-03,
         7,    6.309500e+01,   -3.055819e-03,    5.541693e-03,    9.538659e-02,   -8.730978e-02,   -9.815283e-02,    8.782754e-02,   -9.360643e-03,    1.027364e-02,   -6.209608e-01,    4.139129e-01,    1.036312e+00,   -9.659665e-01,   -1.425628e+00,    1.340893e+00,   -6.170526e-01,    1.061829e+00,   -6.581200e-03,    7.891600e-03,    1.027700e-01,   -9.419200e-02,   -1.083100e-01,    9.738100e-02,   -1.492800e-02,    1.985400e-02,    5.677300e-03,    5.677300e-03,    7.124700e-03,    7.124700e-03,    7.124700e-03,    7.124700e-03,    9.022500e-03,    9.022500e-03,
         8,    2.511800e+01,   -2.091798e-01,    1.135047e-01,    1.235844e-01,   -1.474259e-01,   -4.134549e-01,    2.063483e-01,   -3.405368e-02,   -1.521361e-02,   -3.846210e+00,    2.802050e+00,   -9.839297e-01,   -1.621067e+00,    8.143067e+00,   -4.462287e+00,    1.009951e+00,    8.071393e-02,   -3.835400e-01,    2.405300e-01,    1.106900e-01,   -1.686700e-01,   -3.067400e-01,    1.478700e-01,   -2.018200e-02,   -1.410500e-02,    4.533300e-02,    4.533300e-02,    1.310500e-02,    1.310500e-02,    1.310500e-02,    1.310500e-02,    1.373500e-02,    1.373500e-02,
         9,    2.511800e+01,   -4.746489e-03,   -3.260792e-03,    4.591103e-02,   -3.549632e-02,   -4.310925e-02,    3.555023e-02,    4.139792e-03,   -7.339886e-04,    8.886784e-01,   -6.134110e-01,    1.017788e+00,   -1.016953e+00,    8.647320e-02,   -2.683492e-01,    6.782859e-01,    5.153712e-02,   -2.259700e-03,   -4.977300e-03,    4.992600e-02,   -3.950800e-02,   -4.285300e-02,    3.475500e-02,    5.994700e-03,   -5.930500e-04,    2.798300e-03,    2.798300e-03,    3.944800e-03,    3.944800e-03,    2.963400e-03,    2.963400e-03,    2.734700e-03,    2.734700e-03,
         9,    3.981000e+01,   -2.831210e-03,   -2.609609e-03,    5.058402e-02,   -4.883096e-02,   -4.959345e-02,    4.912177e-02,    4.140261e-03,    9.636938e-05,    1.661124e+00,   -4.607729e-01,    1.484104e+00,   -8.011968e-01,   -9.456945e-01,   -5.610659e-01,    1.660148e+00,   -6.726615e-01,    1.611300e-03,   -3.841900e-03,    5.604300e-02,   -5.177800e-02,   -5.307200e-02,    4.705800e-02,    1.129500e-02,   -2.802600e-03,    2.674400e-03,    2.674400e-03,    3.678300e-03,    3.678300e-03,    3.678300e-03,    3.678300e-03,    4.309700e-03,    4.309700e-03,
         9,    6.309500e+01,   -1.671454e-03,   -5.622832e-04,    5.956126e-02,   -7.058187e-02,   -5.995389e-02,    6.837787e-02,    3.429765e-03,    5.125829e-04,    1.586012e+00,   -9.054772e-01,    1.623739e+00,   -6.501993e-01,   -1.681011e-01,    1.014640e+00,    1.160361e+00,   -4.078410e-01,    3.803300e-03,   -3.687900e-03,    6.748300e-02,   -7.375400e-02,   -6.077400e-02,    7.332800e-02,    8.370000e-03,   -1.223800e-03,    3.451900e-03,    3.451900e-03,    4.878700e-03,    4.878700e-03,    4.878700e-03,    4.878700e-03,    4.257500e-03,    4.257500e-03,
        10,    2.511800e+01,   -3.334160e-02,    1.808918e-02,    8.552502e-02,   -9.030588e-02,   -1.037046e-01,    8.008825e-02,    4.422882e-02,   -4.432035e-02,   -5.655986e-01,   -1.319798e-01,    3.808596e+00,   -4.444823e+00,   -4.670964e+00,    3.999138e+00,    1.184892e+00,   -3.968711e-01,   -4.084200e-02,    1.633900e-02,    1.202400e-01,   -1.308200e-01,   -1.462800e-01,    1.165400e-01,    6.655100e-02,   -5.179700e-02,    1.326100e-02,    1.326100e-02,    9.114900e-03,    9.114900e-03,    9.114900e-03,    9.114900e-03,    1.883900e-02,    1.883900e-02,
        10,    3.981000e+01,   -4.091615e-02,    1.241574e-02,    1.078631e-01,   -1.158778e-01,   -1.221112e-01,    9.865578e-02,    6.008795e-02,   -4.817400e-02,   -8.250782e-01,   -1.104433e-01,    3.786177e+00,   -4.255175e+00,   -4.871867e+00,    3.960191e+00,    1.230940e+00,   -6.856554e-01,   -5.469000e-02,    1.057200e-02,    1.504500e-01,   -1.637400e-01,   -1.769100e-01,    1.432000e-01,    8.932400e-02,   -6.445900e-02,    1.669400e-02,    1.669400e-02,    1.124800e-02,    1.124800e-02,    1.124800e-02,    1.124800e-02,    2.375100e-02,    2.375100e-02,
        11,    2.511800e+01,   -2.966226e-02,   -1.625648e-02,    7.786239e-02,   -6.203606e-02,   -7.324112e-02,    4.792689e-02,    4.825974e-03,   -9.766947e-04,   -8.888635e-01,    3.067251e-01,   -9.912520e-01,    1.094377e-01,    8.858458e-01,   -1.239214e+00,   -9.738742e-01,   -3.404320e-02,   -3.794300e-02,   -1.339900e-02,    7.348700e-02,   -6.155300e-02,   -6.933100e-02,    4.245700e-02,    2.614500e-03,   -1.054000e-03,    9.316100e-03,    9.316100e-03,    4.414000e-03,    4.414000e-03,    4.414000e-03,    4.414000e-03,    2.270800e-03,    2.270800e-03,
        11,    3.981000e+01,   -2.049446e-02,   -1.839125e-02,    9.139876e-02,   -7.599473e-02,   -8.075634e-02,    6.747429e-02,    5.435302e-03,   -7.283098e-04,   -9.820108e-01,    9.182996e-03,   -9.852992e-01,    8.073471e-01,    1.539353e+00,   -1.724901e+00,   -6.164696e-01,    2.663099e-03,   -2.971800e-02,   -1.830500e-02,    8.634900e-02,   -7.185700e-02,   -7.286700e-02,    5.863400e-02,    3.699200e-03,   -7.208100e-04,    9.392500e-03,    9.392500e-03,    5.125100e-03,    5.125100e-03,    5.125100e-03,    5.125100e-03,    2.816200e-03,    2.816200e-03,
        11,    6.309500e+01,   -1.128731e-02,   -1.560502e-02,    1.075312e-01,   -9.723223e-02,   -9.619936e-02,    9.600823e-02,    5.876927e-03,   -2.561572e-05,   -1.074183e+00,   -3.024630e-01,   -3.697579e-01,    3.813445e-01,    9.888765e-01,   -5.888462e-01,   -4.022667e-01,   -3.564414e-01,   -2.148700e-02,   -1.847700e-02,    1.050400e-01,   -9.466300e-02,   -8.953700e-02,    9.204100e-02,    4.409700e-03,   -1.325700e-03,    9.495300e-03,    9.495300e-03,    6.737300e-03,    6.737300e-03,    6.737300e-03,    6.737300e-03,    3.647400e-03,    3.647400e-03,
        12,    2.511800e+01,   -5.359607e-05,    5.108841e-03,    5.801771e-02,   -5.679426e-02,   -5.753846e-02,    5.955252e-02,   -2.850453e-03,   -1.364170e-02,   -2.303076e+00,   -4.304105e-01,   -4.306527e+00,    3.342922e+00,    3.055876e+00,   -3.848202e+00,    3.874905e+00,   -1.078590e+00,   -8.352500e-03,    3.557900e-03,    4.397800e-02,   -4.589600e-02,   -4.757600e-02,    4.700700e-02,    2.404100e-02,   -2.112700e-02,    3.603400e-03,    3.603400e-03,    3.260100e-03,    3.260100e-03,    3.260100e-03,    3.260100e-03,    6.939900e-03,    6.939900e-03,
        12,    3.981000e+01,   -3.572790e-03,    7.971498e-03,    6.970760e-02,   -7.469796e-02,   -7.130926e-02,    7.939203e-02,    2.882298e-03,   -1.954574e-02,   -1.640415e+00,    1.435749e-01,   -4.131340e+00,    4.293467e+00,    2.810074e+00,   -4.050301e+00,    2.919866e+00,   -8.199716e-01,   -1.190200e-02,    8.700500e-03,    5.275300e-02,   -5.707800e-02,   -5.977700e-02,    6.277000e-02,    2.831900e-02,   -2.668900e-02,    5.077500e-03,    5.077500e-03,    4.103900e-03,    4.103900e-03,    4.103900e-03,    4.103900e-03,    8.711600e-03,    8.711600e-03,
        12,    6.309500e+01,   -7.040399e-03,    9.063850e-03,    8.555411e-02,   -1.000370e-01,   -8.941254e-02,    1.053673e-01,    1.001132e-02,   -2.380651e-02,   -1.037885e+00,    6.431028e-01,   -3.103091e+00,    3.836748e+00,    1.875938e+00,   -2.875378e+00,    1.968648e+00,   -1.136212e+00,   -1.404000e-02,    1.340100e-02,    6.826400e-02,   -7.865900e-02,   -7.896000e-02,    8.934600e-02,    3.263700e-02,   -3.686500e-02,    6.744100e-03,    6.744100e-03,    5.571900e-03,    5.571900e-03,    5.571900e-03,    5.571900e-03,    1.149300e-02,    1.149300e-02,
        13,    2.511800e+01,   -6.616608e-03,   -6.799574e-03,    3.722382e-02,   -4.271195e-02,   -3.872751e-02,    3.685103e-02,    5.949775e-03,    2.521189e-04,    4.643857e-01,   -9.228901e-01,    1.519458e+00,   -6.251205e-01,   -1.345773e+00,    1.186822e+00,    4.200841e-01,    3.785510e-01,   -4.769700e-03,   -1.047000e-02,    4.177900e-02,   -4.458600e-02,   -4.276200e-02,    4.040900e-02,    7.265100e-03,    1.437400e-03,    3.977100e-03,    3.977100e-03,    2.997900e-03,    2.997900e-03,    2.997900e-03,    2.997900e-03,    3.131100e-03,    3.131100e-03,
        13,    3.981000e+01,   -4.118534e-03,   -6.612646e-03,    4.746041e-02,   -5.412878e-02,   -4.635291e-02,    5.097428e-02,    5.774382e-03,    2.559911e-03,    2.181303e-01,   -8.985467e-01,    6.246568e-01,   -6.717490e-01,   -9.937506e-01,    8.638707e-01,    4.077542e-01,    6.411963e-01,   -3.178000e-03,   -1.048700e-02,    4.979000e-02,   -5.663400e-02,   -5.005900e-02,    5.419600e-02,    7.341300e-03,    5.023900e-03,    4.311800e-03,    4.311800e-03,    3.729400e-03,    3.729400e-03,    3.729400e-03,    3.729400e-03,    3.842800e-03,    3.842800e-03,
        13,    6.309500e+01,   -2.064203e-03,   -6.086500e-03,    6.010454e-02,   -6.955849e-02,   -5.850060e-02,    6.999357e-02,    4.278408e-03,    4.650973e-03,    5.829967e-01,   -1.100924e+00,    6.883606e-01,   -2.021744e+00,   -7.080421e-01,    1.456392e+00,   -1.166978e-01,    9.537921e-01,    9.783400e-04,   -1.183200e-02,    6.356500e-02,   -7.972200e-02,   -6.206000e-02,    7.731500e-02,    3.731200e-03,    9.123400e-03,    5.218800e-03,    5.218800e-03,    5.027100e-03,    5.027100e-03,    5.027100e-03,    5.027100e-03,    4.689100e-03,    4.689100e-03,
        14,    2.511800e+01,    6.381355e-02,   -3.445219e-02,    6.766204e-02,   -1.172204e-01,   -2.323232e-01,    1.300311e-01,   -1.951360e-02,    1.510089e-02,    2.580710e+00,   -1.897513e+00,    2.136687e+00,   -3.124660e+00,   -5.085426e+00,    1.645084e+00,   -1.464258e+00,    9.763344e-01,    1.281300e-01,   -8.174200e-02,    9.384500e-02,   -1.555100e-01,   -2.946400e-01,    1.501900e-01,   -5.112400e-02,    3.617800e-02,    2.492200e-02,    2.492200e-02,    1.225400e-02,    1.225400e-02,    1.225400e-02,    1.225400e-02,    2.158800e-02,    2.158800e-02,
        14,    3.981000e+01,    7.379011e-02,   -4.182945e-02,    9.546107e-02,   -1.642469e-01,   -2.636408e-01,    1.584812e-01,   -1.926052e-02,    2.842657e-02,    2.015274e+00,   -1.862249e+00,    1.591527e+00,   -2.908573e+00,   -3.881366e+00,    1.286972e+00,   -1.239900e+00,    8.117484e-01,    1.339400e-01,   -9.741200e-02,    1.190300e-01,   -2.073200e-01,   -3.211200e-01,    1.775400e-01,   -4.866600e-02,    4.767800e-02,    2.984700e-02,    2.984700e-02,    1.480900e-02,    1.480900e-02,    1.480900e-02,    1.480900e-02,    2.371600e-02,    2.371600e-02,
        14,    6.309500e+01,    8.553347e-02,   -4.922361e-02,    1.391967e-01,   -2.219696e-01,   -3.046119e-01,    1.963314e-01,   -2.645610e-02,    4.654661e-02,    1.797321e+00,   -2.079041e+00,    5.830737e-02,   -3.392211e+00,   -3.295380e+00,    1.385264e+00,   -3.561089e-01,    9.975390e-01,    1.533500e-01,   -1.276700e-01,    1.402700e-01,   -2.844100e-01,   -3.652700e-01,    2.218300e-01,   -3.652900e-02,    7.476300e-02,    3.773200e-02,    3.773200e-02,    1.840700e-02,    1.840700e-02,    1.840700e-02,    1.840700e-02,    2.828600e-02,    2.828600e-02,
        15,    2.511800e+01,   -2.530502e-02,    6.403755e-03,    4.868685e-02,   -5.380294e-02,   -3.604054e-02,    3.964077e-02,    4.344399e-04,   -1.570427e-03,   -1.410680e+00,   -2.814888e-01,    3.666495e-01,   -2.172341e+00,   -9.949481e-01,    2.124716e-01,   -1.389600e+00,    1.433122e+00,   -3.672800e-02,    4.124400e-03,    4.990900e-02,   -6.104400e-02,   -3.935700e-02,    4.034900e-02,   -1.585900e-03,    5.131900e-04,    8.097500e-03,    8.097500e-03,    3.333300e-03,    3.333300e-03,    3.333300e-03,    3.333300e-03,    1.453900e-03,    1.453900e-03,
        15,    3.981000e+01,   -2.835221e-02,    3.478641e-03,    6.110327e-02,   -6.966177e-02,   -4.309457e-02,    5.398827e-02,    1.314471e-03,   -2.162421e-03,   -1.258958e+00,   -6.552724e-01,    1.045042e+00,   -1.958776e+00,   -4.016120e-01,    3.173895e-01,    5.892509e-01,    1.838420e+00,   -4.049800e-02,   -2.843100e-03,    6.555400e-02,   -7.800400e-02,   -4.480500e-02,    5.534000e-02,    2.703100e-03,    2.170000e-03,    9.647500e-03,    9.647500e-03,    4.258900e-03,    4.258900e-03,    4.258900e-03,    4.258900e-03,    2.356600e-03,    2.356600e-03,
        15,    6.309500e+01,   -3.038409e-02,   -1.452990e-03,    7.864287e-02,   -9.125445e-02,   -5.339760e-02,    7.495957e-02,    2.886454e-03,   -2.233244e-03,   -7.904734e-01,   -1.243747e+00,    1.385573e+00,   -9.861888e-01,    3.928671e-02,    1.138793e+00,    5.942361e-01,    8.498969e-01,   -3.913700e-02,   -1.522500e-02,    8.642300e-02,   -9.679200e-02,   -5.317700e-02,    8.135400e-02,    4.822000e-03,    5.350400e-04,    1.107300e-02,    1.107300e-02,    5.615100e-03,    5.615100e-03,    5.615100e-03,    5.615100e-03,    3.257200e-03,    3.257200e-03,
        16,    2.511800e+01,    6.353342e-04,   -7.042938e-03,    4.923015e-02,   -5.105683e-02,   -6.000758e-02,    5.928406e-02,   -6.611216e-04,    6.174465e-03,    5.096849e-01,   -9.183463e-01,    1.141155e+00,    2.748816e-01,   -7.831283e-01,    9.312179e-01,   -7.783732e-01,   -2.618183e-01,    2.846500e-03,   -1.102700e-02,    5.385000e-02,   -4.994400e-02,   -6.317800e-02,    6.305400e-02,   -3.421700e-03,    5.245900e-03,    4.338300e-03,    4.338300e-03,    4.048400e-03,    4.048400e-03,    4.048400e-03,    4.048400e-03,    3.546600e-03,    3.546600e-03,
        16,    3.981000e+01,    2.896519e-03,   -7.107587e-03,    6.143404e-02,   -6.611681e-02,   -7.557751e-02,    7.830362e-02,   -2.975543e-03,    6.449708e-03,    5.746779e-01,   -1.377533e+00,    8.271200e-01,    3.382026e-01,   -1.060028e+00,    1.283960e+00,   -6.426712e-01,   -3.443268e-01,    6.240800e-03,   -1.512400e-02,    6.573300e-02,   -6.435900e-02,   -8.108700e-02,    8.497700e-02,   -5.863900e-03,    4.902200e-03,    5.819400e-03,    5.819400e-03,    5.197500e-03,    5.197500e-03,    5.197500e-03,    5.197500e-03,    4.494300e-03,    4.494300e-03,
        16,    6.309500e+01,    4.563560e-03,   -7.396761e-03,    7.839816e-02,   -8.573812e-02,   -9.704428e-02,    1.002979e-01,   -4.598912e-03,    6.489179e-03,    1.560953e+00,   -4.156303e-01,    1.400134e-01,    1.161351e-01,   -1.296775e+00,    9.722504e-01,   -3.450678e-03,   -2.023032e-01,    1.543700e-02,   -1.029200e-02,    7.932300e-02,   -8.497100e-02,   -1.056100e-01,    1.067200e-01,   -4.615900e-03,    5.493200e-03,    6.965900e-03,    6.965900e-03,    6.605400e-03,    6.605400e-03,    6.605400e-03,    6.605400e-03,    4.923200e-03,    4.923200e-03,
        17,    2.511800e+01,   -2.713845e-03,   -2.360342e-03,    5.407596e-02,   -5.078284e-02,   -4.717722e-02,    5.812080e-02,   -1.673927e-03,    2.168170e-03,   -8.740825e-01,   -3.285319e-01,   -2.723566e+00,    3.544386e+00,    1.471109e+00,   -1.527554e+00,   -7.488350e-01,    4.161479e-01,   -5.245800e-03,   -3.312000e-03,    4.536300e-02,   -3.944400e-02,   -4.247100e-02,    5.323400e-02,   -3.748200e-03,    3.320900e-03,    2.896700e-03,    2.896700e-03,    3.199100e-03,    3.199100e-03,    3.199100e-03,    3.199100e-03,    2.770000e-03,    2.770000e-03,
        17,    3.981000e+01,   -2.071372e-03,   -9.112652e-04,    6.166097e-02,   -7.066345e-02,   -5.857156e-02,    8.078325e-02,   -2.143849e-03,    2.865180e-03,    4.925305e-01,    3.365030e+00,   -6.617238e-01,    3.543036e+00,    1.926018e+00,   -6.537089e-01,   -1.172410e+00,    1.071760e+00,    8.074200e-04,    1.875700e-02,    5.882800e-02,   -5.549500e-02,   -4.769900e-02,    7.709300e-02,   -7.720300e-03,    7.962900e-03,    5.844900e-03,    5.844900e-03,    4.281200e-03,    4.281200e-03,    5.645100e-03,    5.645100e-03,    4.756400e-03,    4.756400e-03,
        17,    6.309500e+01,   -1.530440e-03,    3.210909e-04,    7.459459e-02,   -1.004816e-01,   -7.502461e-02,    1.121052e-01,   -3.481662e-03,    3.826079e-03,    6.252200e-02,    3.029237e+00,   -7.435676e-01,    2.104516e+00,    2.887168e+00,    1.280798e-01,   -9.505317e-01,   -4.221031e-02,   -1.043700e-03,    2.390400e-02,    7.019200e-02,   -8.802100e-02,   -5.214900e-02,    1.131200e-01,   -8.259700e-03,    3.613900e-03,    7.785100e-03,    7.785100e-03,    5.920900e-03,    5.920900e-03,    7.923200e-03,    7.923200e-03,    5.026700e-03,    5.026700e-03,
        18,    2.511800e+01,    2.308997e-01,   -9.002877e-02,    1.843759e-01,   -1.414649e-01,   -9.421912e-01,    4.739797e-01,   -4.700611e-01,    1.239486e-01,    3.111693e+00,   -1.074914e+00,    2.342092e+00,   -1.259775e+00,   -1.231588e+01,    4.005164e+00,   -8.535159e-01,    3.907045e-01,    4.057800e-01,   -1.504400e-01,    2.661500e-01,   -1.854500e-01,   -1.372200e+00,    6.138200e-01,   -5.937100e-01,    1.805500e-01,    5.620100e-02,    5.620100e-02,    3.491500e-02,    3.491500e-02,    3.491500e-02,    3.491500e-02,    1.448700e-01,    1.448700e-01,
        18,    3.981000e+01,    2.582441e-01,   -8.518306e-02,    2.141914e-01,   -1.709766e-01,   -1.079183e+00,    5.059593e-01,   -4.990840e-01,    7.220745e-02,    2.929582e+00,   -1.093542e+00,    2.383463e+00,   -1.033687e+00,   -1.079707e+01,    3.801744e+00,   -9.318593e-01,    4.781658e-01,    4.418000e-01,   -1.537000e-01,    3.073300e-01,   -2.113700e-01,   -1.501100e+00,    6.545200e-01,   -6.445100e-01,    1.468300e-01,    6.265600e-02,    6.265600e-02,    3.907700e-02,    3.907700e-02,    3.907700e-02,    3.907700e-02,    1.560600e-01,    1.560600e-01,
        18,    6.309500e+01,    2.824208e-01,   -7.937878e-02,    2.483175e-01,   -2.185521e-01,   -1.221189e+00,    5.456047e-01,   -5.008354e-01,    3.044598e-02,    2.825346e+00,   -1.166315e+00,    2.493800e+00,   -8.765172e-01,   -1.029804e+01,    4.151119e+00,   -1.081939e+00,    5.086104e-01,    4.841900e-01,   -1.626700e-01,    3.609500e-01,   -2.581400e-01,   -1.686300e+00,    7.330900e-01,   -6.841700e-01,    1.166300e-01,    7.141400e-02,    7.141400e-02,    4.516500e-02,    4.516500e-02,    4.516500e-02,    4.516500e-02,    1.694500e-01,    1.694500e-01,
        19,    2.511800e+01,   -6.552280e-05,   -1.844564e-03,    7.211884e-02,   -6.965936e-02,   -7.238951e-02,    7.346218e-02,    9.045118e-03,   -8.567593e-03,    6.450834e-01,   -6.589808e-01,   -2.156353e+00,    2.437236e+00,    1.730465e+00,   -2.610024e+00,    7.405864e-01,   -8.655089e-01,    1.750000e-03,   -3.699200e-03,    6.264900e-02,   -5.895600e-02,   -6.479000e-02,    6.200000e-02,    1.370200e-02,   -1.401000e-02,    2.814400e-03,    2.814400e-03,    4.391600e-03,    4.391600e-03,    4.391600e-03,    4.391600e-03,    6.288100e-03,    6.288100e-03,
        19,    3.981000e+01,   -1.053141e-04,   -1.048679e-03,    9.061319e-02,   -8.695950e-02,   -9.184707e-02,    9.287452e-02,    1.134900e-02,   -1.004680e-02,    8.692746e-01,   -3.714088e-01,   -2.284016e+00,    2.957509e+00,    1.618046e+00,   -2.733825e+00,    3.813535e-01,   -1.275553e+00,    2.219300e-03,   -2.041900e-03,    7.810500e-02,   -7.076300e-02,   -8.298600e-02,    7.790300e-02,    1.438900e-02,   -2.021500e-02,    2.674200e-03,    2.674200e-03,    5.476400e-03,    5.476400e-03,    5.476400e-03,    5.476400e-03,    7.971600e-03,    7.971600e-03,
        19,    6.309500e+01,    5.923692e-04,   -4.240873e-04,    1.124665e-01,   -1.074578e-01,   -1.143244e-01,    1.171964e-01,    1.281743e-02,   -1.230608e-02,    5.510749e-01,   -2.456562e-01,   -2.217428e+00,    3.034400e+00,    1.496154e+00,   -3.159312e+00,    4.536296e-01,   -1.502983e+00,    2.018000e-03,   -1.059600e-03,    9.740200e-02,   -8.684300e-02,   -1.041600e-01,    9.573300e-02,    1.744400e-02,   -2.763500e-02,    2.587000e-03,    2.587000e-03,    6.793700e-03,    6.793700e-03,    6.793700e-03,    6.793700e-03,    1.019900e-02,    1.019900e-02,
        20,    2.511800e+01,   -5.884388e-03,   -4.384105e-03,    8.592929e-02,   -7.720764e-02,   -9.109293e-02,    7.753286e-02,   -7.469675e-03,    5.705080e-03,   -2.179889e+00,   -5.722018e-01,    2.069857e+00,   -2.518934e+00,   -3.118940e+00,    2.251390e+00,    7.936667e-01,    1.977072e+00,   -2.625000e-02,   -9.729900e-03,    1.007000e-01,   -9.518300e-02,   -1.133500e-01,    9.359900e-02,   -5.577900e-04,    2.292300e-02,    9.342500e-03,    9.342500e-03,    7.136100e-03,    7.136100e-03,    7.136100e-03,    7.136100e-03,    8.708800e-03,    8.708800e-03,
        21,    2.511800e+01,   -1.127022e-03,   -4.361960e-03,    6.015755e-02,   -6.017230e-02,   -5.707936e-02,    5.835038e-02,    5.418525e-04,    2.089327e-03,   -8.565204e-01,   -8.631991e-01,    6.715815e-01,   -1.188936e-01,   -6.367228e-01,    3.012960e-01,   -3.024228e-01,    4.487585e-01,   -4.931000e-03,   -8.195600e-03,    6.791700e-02,   -6.154600e-02,   -6.281400e-02,    6.106400e-02,   -2.211300e-04,    3.221500e-03,    4.441200e-03,    4.441200e-03,    1.155400e-02,    1.155400e-02,    9.006500e-03,    9.006500e-03,    2.522900e-03,    2.522900e-03,
        21,    3.981000e+01,    5.095176e-04,   -2.168592e-03,    7.562322e-02,   -7.741725e-02,   -7.357287e-02,    7.797926e-02,   -2.548826e-04,    1.633828e-03,   -5.726839e-01,   -9.032255e-01,    5.470302e-01,    1.313973e-01,   -5.440965e-01,    6.674360e-02,   -2.965148e-01,    6.405762e-01,   -1.707800e-03,   -5.665700e-03,    8.350100e-02,   -7.552500e-02,   -7.975000e-02,    7.873700e-02,   -1.173100e-03,    3.617500e-03,    3.871800e-03,    3.871800e-03,    1.440100e-02,    1.440100e-02,    1.135300e-02,    1.135300e-02,    3.096700e-03,    3.096700e-03,
        21,    6.309500e+01,    2.288628e-04,    2.102245e-05,    9.715410e-02,   -9.817521e-02,   -9.718467e-02,    9.863406e-02,   -6.212760e-04,    1.262204e-03,   -5.448480e-01,   -5.937463e-01,    4.056902e-01,    4.338531e-02,   -5.011171e-01,    1.652716e-01,   -5.060881e-01,    6.000945e-01,   -1.062100e-03,   -1.385800e-03,    1.045900e-01,   -9.738000e-02,   -1.045100e-01,    1.010500e-01,   -2.526900e-03,    3.521800e-03,    2.369400e-03,    2.369400e-03,    1.832900e-02,    1.832900e-02,    1.461800e-02,    1.461800e-02,    3.765400e-03,    3.765400e-03,
        22,    2.511800e+01,   -2.254210e-03,   -1.043762e-02,    4.797779e-02,   -4.990099e-02,   -4.271170e-02,    5.420176e-02,    7.912034e-04,    5.893045e-03,    5.639246e-01,   -4.928438e-01,   -1.812405e+00,    2.621924e-01,    4.527910e-01,   -1.405635e+00,   -3.307781e-01,    2.868500e-01,    1.548200e-04,   -1.254300e-02,    4.212300e-02,   -4.905400e-02,   -4.124900e-02,    4.966100e-02,   -2.483000e-04,    6.794500e-03,    4.271900e-03,    4.271900e-03,    3.230400e-03,    3.230400e-03,    3.230400e-03,    3.230400e-03,    3.142600e-03,    3.142600e-03,
        22,    3.981000e+01,    1.809172e-03,   -1.109156e-02,    5.578883e-02,   -6.973226e-02,   -5.379806e-02,    7.741940e-02,   -1.374835e-03,    8.060768e-03,    9.479694e-02,    5.903328e-02,   -1.336531e+00,    1.914449e+00,   -1.826998e+00,   -3.193677e+00,    7.034369e-02,    6.374951e-03,    2.230800e-03,   -1.082900e-02,    5.017500e-02,   -6.169100e-02,   -6.147200e-02,    6.400500e-02,   -1.090900e-03,    8.086500e-03,    4.447700e-03,    4.447700e-03,    4.200300e-03,    4.200300e-03,    4.200300e-03,    4.200300e-03,    4.036400e-03,    4.036400e-03,
        22,    6.309500e+01,    5.340842e-03,   -1.066703e-02,    6.896632e-02,   -9.906965e-02,   -7.183515e-02,    1.078227e-01,   -4.637328e-03,    9.591221e-03,   -3.339128e-01,    6.316939e-02,   -1.291396e+00,    3.350900e+00,   -1.074361e+00,   -4.329867e+00,    4.231722e-01,    1.419034e-03,    3.665000e-03,   -1.035000e-02,    6.198400e-02,   -8.095200e-02,   -7.764400e-02,    8.441200e-02,   -2.496500e-03,    9.598400e-03,    5.018800e-03,    5.018800e-03,    5.406800e-03,    5.406800e-03,    5.406800e-03,    5.406800e-03,    5.059000e-03,    5.059000e-03,
        23,    2.511800e+01,   -1.712516e-03,   -4.080952e-03,    5.936252e-02,   -4.139818e-02,   -4.759280e-02,    3.193178e-02,    2.899916e-03,   -4.481575e-03,    1.198528e+00,   -8.031444e-01,   -7.121092e-02,    7.549169e-01,    3.846609e-01,   -1.039626e-01,    9.425763e-01,    9.368385e-01,    2.346300e-03,   -6.800800e-03,    5.913800e-02,   -3.901800e-02,   -4.638000e-02,    3.160400e-02,    5.447700e-03,   -1.949300e-03,    3.386500e-03,    3.386500e-03,    3.152900e-03,    3.152900e-03,    3.152900e-03,    3.152900e-03,    2.703000e-03,    2.703000e-03,
        23,    3.981000e+01,    2.008212e-04,   -3.455329e-03,    6.533304e-02,   -5.524824e-02,   -4.996479e-02,    4.721433e-02,    4.703528e-03,   -4.214644e-03,    1.723369e+00,   -3.761945e-01,   -9.071615e-01,    1.543542e+00,    9.099003e-01,   -1.106427e+00,    6.044717e-01,    6.934998e-01,    6.921100e-03,   -4.922300e-03,    6.210400e-02,   -4.975400e-02,   -4.672600e-02,    4.327600e-02,    6.605800e-03,   -2.032200e-03,    3.899500e-03,    3.899500e-03,    3.559500e-03,    3.559500e-03,    3.559500e-03,    3.559500e-03,    3.147000e-03,    3.147000e-03,
        23,    6.309500e+01,    1.145915e-03,   -1.701841e-03,    7.537786e-02,   -7.775274e-02,   -5.793810e-02,    7.224851e-02,    5.529714e-03,   -3.548244e-03,    1.942364e+00,    8.026147e-01,   -1.473548e+00,    8.563240e-01,    2.121406e+00,   -1.025714e+00,    4.043053e-01,    3.201548e-01,    1.092300e-02,    2.338200e-03,    6.863800e-02,   -7.383600e-02,   -4.823500e-02,    6.755700e-02,    7.034700e-03,   -2.356500e-03,    5.033600e-03,    5.033600e-03,    4.573900e-03,    4.573900e-03,    4.573900e-03,    4.573900e-03,    3.722400e-03,    3.722400e-03,
        24,    2.511800e+01,    1.637637e-03,   -3.753327e-03,    6.856217e-02,   -6.541707e-02,   -7.104429e-02,    7.637807e-02,    1.332449e-03,    1.466666e-03,    2.475900e-01,   -3.652463e-01,   -2.445545e+00,    2.216619e+00,    5.633520e+00,   -5.814984e+00,   -1.128272e+00,    8.997523e-01,    2.378600e-03,   -4.846400e-03,    5.297500e-02,   -5.128900e-02,   -5.018900e-02,    5.485100e-02,   -1.654200e-03,    3.848400e-03,    2.992700e-03,    2.992700e-03,    6.373700e-03,    6.373700e-03,    3.702000e-03,    3.702000e-03,    2.647100e-03,    2.647100e-03,
        24,    3.981000e+01,    1.080501e-03,   -3.490266e-03,    8.219281e-02,   -8.535218e-02,   -9.077057e-02,    9.887106e-02,    2.057930e-03,    3.335809e-03,    9.193696e-01,    1.865548e-01,   -4.753307e+00,    5.246918e+00,    6.779637e+00,   -7.495714e+00,   -1.383074e+00,    3.315479e-01,    3.928800e-03,   -2.912300e-03,    6.118700e-02,   -6.216500e-02,   -6.081000e-02,    6.574600e-02,   -2.313000e-03,    4.383600e-03,    3.098100e-03,    3.098100e-03,    4.419200e-03,    4.419200e-03,    4.419200e-03,    4.419200e-03,    3.160300e-03,    3.160300e-03,
        24,    6.309500e+01,    1.736749e-03,   -4.804473e-03,    9.984466e-02,   -1.128901e-01,   -1.145434e-01,    1.267073e-01,    8.904803e-04,    6.374686e-03,    1.036262e+00,    1.071843e+00,   -5.083413e+00,    6.274994e+00,    7.544300e+00,   -8.246537e+00,   -1.092316e+00,   -3.395635e-01,    5.544700e-03,   -8.657700e-04,    7.225800e-02,   -7.883700e-02,   -7.360200e-02,    8.195500e-02,   -3.344100e-03,    5.058300e-03,    3.674700e-03,    3.674700e-03,    5.426800e-03,    5.426800e-03,    5.426800e-03,    5.426800e-03,    3.876700e-03,    3.876700e-03,
        25,    2.511800e+01,    7.889080e-02,   -4.699889e-02,    7.834593e-02,   -1.175531e-01,   -1.820430e-01,    1.497625e-01,   -4.490582e-02,    4.853509e-02,    1.941333e+00,   -1.069331e+00,    2.840844e+00,   -4.130555e+00,   -8.352935e+00,    6.171853e+00,   -1.684088e+00,    1.288896e+00,    1.312000e-01,   -7.581200e-02,    1.189700e-01,   -1.766200e-01,   -3.014900e-01,    2.380200e-01,   -1.033100e-01,    9.323400e-02,    2.694500e-02,    2.694500e-02,    1.430000e-02,    1.430000e-02,    1.430000e-02,    1.430000e-02,    3.468000e-02,    3.468000e-02,
        25,    3.981000e+01,    9.592882e-02,   -4.977174e-02,    1.081748e-01,   -1.578152e-01,   -2.280085e-01,    1.805454e-01,   -6.145844e-02,    5.735460e-02,    2.223591e+00,   -8.927205e-01,    3.076621e+00,   -3.904186e+00,   -9.462019e+00,    4.831499e+00,   -1.728377e+00,    1.087176e+00,    1.736500e-01,   -8.097500e-02,    1.652400e-01,   -2.302300e-01,   -4.035100e-01,    2.701600e-01,   -1.363300e-01,    1.044500e-01,    3.495300e-02,    3.495300e-02,    1.854800e-02,    1.854800e-02,    1.854800e-02,    1.854800e-02,    4.331900e-02,    4.331900e-02,
        27,    2.511800e+01,    2.258892e-03,    1.585360e-03,    6.693944e-02,   -4.771526e-02,   -4.864570e-02,    4.166177e-02,   -5.749040e-04,   -2.745277e-03,   -1.675532e+00,    1.254495e+00,    1.591246e+00,    2.450382e-01,   -1.641822e+00,   -1.800020e+00,   -7.066917e-01,    2.417437e+00,   -4.241500e-03,    6.452300e-03,    7.290900e-02,   -4.679600e-02,   -5.480500e-02,    3.490900e-02,   -2.158600e-03,    2.672200e-03,    3.879600e-03,    3.879600e-03,    3.751500e-03,    3.751500e-03,    3.751500e-03,    3.751500e-03,    2.241000e-03,    2.241000e-03,
        27,    3.981000e+01,    1.111239e-03,    9.379816e-04,    7.355014e-02,   -6.346426e-02,   -5.357560e-02,    6.023424e-02,    9.341263e-04,   -2.119296e-03,   -1.647882e+00,   -7.503940e-01,    1.265706e+00,    4.991855e-01,   -3.027456e-01,   -5.834134e-01,   -2.167470e+00,    2.123277e-01,   -3.935400e-03,   -1.360100e-03,    7.920000e-02,   -6.123600e-02,   -5.492700e-02,    5.763000e-02,   -6.597400e-03,   -1.381500e-03,    3.062500e-03,    3.062500e-03,    4.463800e-03,    4.463800e-03,    4.463800e-03,    4.463800e-03,    3.474800e-03,    3.474800e-03,
        27,    6.309500e+01,    9.829192e-04,   -3.740071e-04,    8.378472e-02,   -8.965877e-02,   -6.478234e-02,    8.923317e-02,    1.509760e-03,   -7.999410e-04,   -3.898221e-01,   -1.784967e+00,    6.810697e-01,    6.642186e-01,    9.245615e-01,    4.015673e-01,   -1.654490e+00,   -1.555825e+00,   -1.027900e-03,   -9.581400e-03,    8.772600e-02,   -8.581500e-02,   -5.943200e-02,    9.155700e-02,   -7.386100e-03,   -9.165300e-03,    5.158300e-03,    5.158300e-03,    5.786900e-03,    5.786900e-03,    5.786900e-03,    5.786900e-03,    5.376800e-03,    5.376800e-03,
        28,    2.511800e+01,    7.515999e-03,   -1.705478e-02,    4.897501e-02,   -4.312540e-02,   -4.276190e-02,    3.645229e-02,   -3.622969e-03,    1.027322e-02,    7.516571e-01,   -1.793560e+00,    5.857993e-01,   -1.536540e+00,   -1.860032e+00,    1.624357e+00,   -1.388064e+00,    1.402958e+00,    1.350400e-02,   -3.134300e-02,    5.578200e-02,   -6.098000e-02,   -5.691600e-02,    4.881300e-02,   -1.217400e-02,    1.891600e-02,    7.966400e-03,    7.966400e-03,    1.162000e-02,    1.162000e-02,    7.609600e-03,    7.609600e-03,    6.160400e-03,    6.160400e-03,
        28,    3.981000e+01,    1.300722e-02,   -2.121308e-02,    5.854862e-02,   -5.172090e-02,   -5.019536e-02,    4.760429e-02,   -6.972176e-03,    1.350963e-02,    8.400723e-01,   -2.041196e+00,    8.691207e-01,   -1.851697e+00,   -1.920423e+00,    1.455518e+00,   -1.368000e+00,    1.339668e+00,    2.208000e-02,   -4.325800e-02,    7.148200e-02,   -7.927600e-02,   -6.879600e-02,    6.170200e-02,   -1.776200e-02,    2.407600e-02,    1.080000e-02,    1.080000e-02,    1.488100e-02,    1.488100e-02,    9.685700e-03,    9.685700e-03,    7.887300e-03,    7.887300e-03,
        28,    6.309500e+01,    1.953425e-02,   -2.530237e-02,    6.877402e-02,   -6.520691e-02,   -6.039096e-02,    6.355814e-02,   -1.176056e-02,    1.665178e-02,    1.126286e+00,   -2.192583e+00,    1.262499e+00,   -2.024019e+00,   -1.955629e+00,    1.270010e+00,   -1.381607e+00,    1.342498e+00,    3.596000e-02,   -5.727900e-02,    9.311500e-02,   -1.042300e-01,   -8.476200e-02,    7.938500e-02,   -2.586400e-02,    3.035600e-02,    1.458400e-02,    1.458400e-02,    1.928000e-02,    1.928000e-02,    1.246200e-02,    1.246200e-02,    1.020800e-02,    1.020800e-02,
        29,    2.511800e+01,    2.385258e-01,   -8.773557e-02,    2.147323e-01,   -1.746573e-01,   -5.246412e-01,    2.837592e-01,   -2.546745e-01,    1.203844e-01,    1.734882e+00,   -5.225557e-01,    3.854445e-01,    3.393557e-01,    7.155964e-01,   -1.222233e+00,    1.962542e-01,   -3.681337e-01,    3.183200e-01,   -1.117700e-01,    2.224300e-01,   -1.678800e-01,   -5.103500e-01,    2.593500e-01,   -2.432600e-01,    9.897300e-02,    4.599400e-02,    4.599400e-02,    1.997100e-02,    1.997100e-02,    1.997100e-02,    1.997100e-02,    5.816200e-02,    5.816200e-02,
        29,    3.981000e+01,    2.614144e-01,   -8.703469e-02,    2.604836e-01,   -2.012553e-01,   -5.959873e-01,    3.222480e-01,   -2.974057e-01,    1.034388e-01,    1.592657e+00,   -4.446188e-01,    3.533765e-01,    1.290214e-01,    1.197911e+00,   -1.079093e+00,    3.384654e-01,   -1.989731e-01,    3.444300e-01,   -1.102100e-01,    2.686600e-01,   -1.982700e-01,   -5.682700e-01,    2.972800e-01,   -2.755100e-01,    9.056700e-02,    5.212400e-02,    5.212400e-02,    2.313800e-02,    2.313800e-02,    2.313800e-02,    2.313800e-02,    6.469100e-02,    6.469100e-02,
        29,    6.309500e+01,    2.830275e-01,   -8.981133e-02,    3.068090e-01,   -2.386045e-01,   -6.746489e-01,    3.778464e-01,   -3.284896e-01,    7.963401e-02,    1.533653e+00,   -5.095691e-01,    7.196852e-01,   -7.274937e-02,    9.128290e-01,   -7.045703e-01,    2.146478e-01,   -1.367907e-01,    3.749700e-01,   -1.203600e-01,    3.265500e-01,   -2.406000e-01,   -6.496100e-01,    3.585200e-01,   -3.127900e-01,    6.962900e-02,    5.995000e-02,    5.995000e-02,    2.743000e-02,    2.743000e-02,    2.743000e-02,    2.743000e-02,    7.314100e-02,    7.314100e-02,
        30,    2.511800e+01,    4.739865e-01,   -1.390288e-01,    3.949578e-01,   -2.688548e-01,   -8.204434e-01,    3.500542e-01,   -5.040446e-01,    2.357886e-01,    1.885927e+00,   -6.439642e-01,    2.523471e+00,   -1.151912e+00,   -6.250158e+00,    3.016770e+00,   -1.302963e+00,    4.875029e-01,    6.541000e-01,   -2.005300e-01,    5.005600e-01,   -3.170600e-01,   -1.082000e+00,    4.763000e-01,   -6.884400e-01,    3.047800e-01,    9.550400e-02,    9.550400e-02,    4.184800e-02,    4.184800e-02,    4.184800e-02,    4.184800e-02,    1.415200e-01,    1.415200e-01,
        30,    3.981000e+01,    5.125390e-01,   -1.189716e-01,    4.712161e-01,   -2.947339e-01,   -9.095607e-01,    3.668349e-01,   -5.834722e-01,    2.109167e-01,    1.791480e+00,   -6.274616e-01,    2.393045e+00,   -1.419262e+00,   -6.037761e+00,    2.991680e+00,   -1.099307e+00,    7.235108e-01,    7.024000e-01,   -1.854700e-01,    5.842300e-01,   -3.617600e-01,   -1.194700e+00,    5.081200e-01,   -7.535900e-01,    3.228800e-01,    1.059800e-01,    1.059800e-01,    4.722600e-02,    4.722600e-02,    4.722600e-02,    4.722600e-02,    1.547500e-01,    1.547500e-01,
        30,    6.309500e+01,    5.420349e-01,   -9.958633e-02,    5.472706e-01,   -3.298008e-01,   -9.973237e-01,    4.014833e-01,   -6.450901e-01,    1.764189e-01,    1.782396e+00,   -6.866868e-01,    2.806200e+00,   -1.585400e+00,   -6.348215e+00,    2.785914e+00,   -1.441378e+00,    7.371322e-01,    7.545500e-01,   -1.814600e-01,    6.998100e-01,   -4.159800e-01,   -1.342400e+00,    5.529200e-01,   -8.989600e-01,    3.062500e-01,    1.192300e-01,    1.192300e-01,    5.435800e-02,    5.435800e-02,    5.435800e-02,    5.435800e-02,    1.761300e-01,    1.761300e-01,
        31,    2.511800e+01,    4.968345e-03,    5.097687e-03,    7.490720e-02,   -1.164979e-01,   -1.326202e-01,    9.628969e-02,    8.075914e-03,   -5.387417e-03,   -6.758801e-02,   -8.285449e-01,    2.854657e+00,   -6.684873e+00,   -3.021200e+00,    2.053067e+00,    8.512584e-01,   -2.344495e-01,    4.644700e-03,    1.130200e-03,    1.045100e-01,   -1.858200e-01,   -1.639500e-01,    1.175800e-01,    1.562300e-02,   -7.466000e-03,    4.788500e-03,    4.788500e-03,    1.037000e-02,    1.037000e-02,    1.037000e-02,    1.037000e-02,    8.865800e-03,    8.865800e-03,
        31,    3.981000e+01,    4.480381e-03,    8.825608e-03,    1.054730e-01,   -1.577299e-01,   -1.599988e-01,    1.132135e-01,    8.506004e-03,   -6.044412e-03,    6.499055e-01,   -3.890737e-01,    3.508983e+00,   -6.507687e+00,   -2.513146e+00,    1.943662e+00,    4.978283e-01,   -6.633271e-01,    1.005800e-02,    5.486500e-03,    1.511600e-01,   -2.424600e-01,   -1.927200e-01,    1.385200e-01,    1.344700e-02,   -1.262800e-02,    8.582200e-03,    8.582200e-03,    1.302000e-02,    1.302000e-02,    1.302000e-02,    1.302000e-02,    9.925100e-03,    9.925100e-03,
        31,    6.309500e+01,    2.096382e-03,    1.443008e-02,    1.517475e-01,   -2.069126e-01,   -1.913385e-01,    1.326249e-01,    9.166300e-03,   -9.240738e-03,    1.205156e+00,    3.728847e-01,    5.230632e+00,   -7.017985e+00,   -2.933639e+00,    2.613829e+00,   -3.770861e-01,   -1.281107e+00,    2.229600e-02,    2.068000e-02,    2.437700e-01,   -3.303800e-01,   -2.429500e-01,    1.786100e-01,    4.077900e-03,   -2.652800e-02,    1.676100e-02,    1.676100e-02,    1.759300e-02,    1.759300e-02,    1.759300e-02,    1.759300e-02,    1.349400e-02,    1.349400e-02,
        32,    3.981000e+01,   -7.524943e-03,   -1.506786e-03,    5.608347e-02,   -5.697665e-02,   -6.733289e-02,    6.481013e-02,    8.725290e-03,   -2.133621e-04,    4.829978e-01,   -7.907156e-01,   -2.608022e+00,    1.148796e+00,    1.879524e+00,   -6.362458e-01,   -7.231918e-02,   -2.893204e-01,   -5.898400e-03,   -4.169600e-03,    4.595000e-02,   -5.251300e-02,   -6.003000e-02,    6.233800e-02,    8.430300e-03,   -1.393500e-03,    3.367600e-03,    3.367600e-03,    3.885500e-03,    3.885500e-03,    3.885500e-03,    3.885500e-03,    4.079000e-03,    4.079000e-03,
        32,    6.309500e+01,   -6.804237e-03,   -1.506085e-03,    6.921598e-02,   -7.160502e-02,   -8.342999e-02,    8.477632e-02,    7.626511e-03,   -1.673776e-04,    6.891503e-01,   -6.144519e-01,   -1.966855e+00,    5.008585e-01,    8.686315e-01,   -5.642129e-01,   -9.769512e-03,   -3.180032e-01,   -4.445000e-03,   -3.609600e-03,    5.921000e-02,   -6.905700e-02,   -7.901100e-02,    8.190600e-02,    7.583000e-03,   -1.583700e-03,    3.423400e-03,    3.423400e-03,    5.087300e-03,    5.087300e-03,    5.087300e-03,    5.087300e-03,    4.453800e-03,    4.453800e-03,
        33,    2.511800e+01,    6.411744e-03,    5.365915e-03,    6.786649e-02,   -1.135142e-01,   -1.617791e-01,    1.342410e-01,   -1.284895e-02,   -3.295362e-03,    1.145810e+00,   -1.063597e+00,    2.644144e+00,   -5.306805e+00,   -4.014053e+00,    8.166776e-01,   -7.211316e-01,   -4.850738e-01,    1.632300e-02,   -3.834200e-03,    9.739100e-02,   -1.727700e-01,   -2.066000e-01,    1.433600e-01,   -2.104100e-02,   -8.805800e-03,    8.650000e-03,    8.650000e-03,    1.116600e-02,    1.116600e-02,    1.116600e-02,    1.116600e-02,    1.136000e-02,    1.136000e-02,
        33,    3.981000e+01,    3.908942e-03,    7.856514e-03,    9.530226e-02,   -1.566029e-01,   -1.992029e-01,    1.654113e-01,   -1.178374e-02,   -9.376984e-03,    2.013741e+00,   -7.403382e-01,    2.524791e+00,   -5.161358e+00,   -4.014037e+00,    5.121555e-01,   -5.558206e-01,   -1.539162e-01,    3.161600e-02,   -2.329800e-03,    1.314800e-01,   -2.305600e-01,   -2.567200e-01,    1.727500e-01,   -1.862700e-02,   -1.127200e-02,    1.375900e-02,    1.375900e-02,    1.432900e-02,    1.432900e-02,    1.432900e-02,    1.432900e-02,    1.231200e-02,    1.231200e-02,
        33,    6.309500e+01,    1.365679e-04,    9.757677e-03,    1.380522e-01,   -2.104790e-01,   -2.467153e-01,    2.019895e-01,   -6.897392e-03,   -1.609699e-02,    2.559192e+00,   -4.087817e-01,    2.226674e+00,   -5.373857e+00,   -4.210693e+00,    6.787008e-01,   -7.989272e-02,    1.298162e-01,    5.322700e-02,    1.277500e-03,    1.797200e-01,   -3.110400e-01,   -3.255100e-01,    2.146900e-01,   -7.859300e-03,   -1.453400e-02,    2.074500e-02,    2.074500e-02,    1.871300e-02,    1.871300e-02,    1.871300e-02,    1.871300e-02,    1.204000e-02,    1.204000e-02,
        34,    2.511800e+01,   -1.410673e-02,   -4.084767e-03,    5.404629e-02,   -2.967344e-02,   -4.897265e-02,    3.448315e-02,    5.093151e-03,   -8.106051e-04,   -5.872108e-01,   -1.485629e+00,    2.962710e+00,   -6.792310e-01,   -2.728184e+00,   -4.325966e-01,    9.852293e-01,   -3.414121e+00,   -1.759500e-02,   -1.291000e-02,    6.433400e-02,   -3.203200e-02,   -5.844600e-02,    3.298100e-02,    1.103300e-02,   -2.139400e-02,    5.940400e-03,    5.940400e-03,    3.472400e-03,    3.472400e-03,    3.472400e-03,    3.472400e-03,    6.028900e-03,    6.028900e-03,
        34,    3.981000e+01,   -1.188129e-02,   -6.964883e-03,    6.016035e-02,   -3.476796e-02,   -5.715244e-02,    4.175178e-02,    5.153797e-03,    4.207398e-04,   -1.018471e+00,   -1.567556e+00,    1.688183e+00,    3.508616e-01,   -3.616302e+00,   -1.872472e-01,    1.434193e+00,   -2.298623e+00,   -1.851500e-02,   -1.717500e-02,    6.677600e-02,   -3.339300e-02,   -7.132400e-02,    4.101800e-02,    1.366100e-02,   -1.321400e-02,    6.513400e-03,    6.513400e-03,    3.918800e-03,    3.918800e-03,    3.918800e-03,    3.918800e-03,    5.931700e-03,    5.931700e-03,
        34,    6.309500e+01,   -7.919141e-03,   -8.516438e-03,    6.637003e-02,   -4.322287e-02,   -6.553455e-02,    5.182997e-02,    4.567219e-03,    1.306926e-03,   -1.923852e+00,    3.095497e-01,    1.592641e+00,    1.066466e+00,   -3.315548e+00,    9.239327e-01,    1.138467e+00,   -1.331482e+00,   -1.997400e-02,   -6.576800e-03,    7.355300e-02,   -3.841300e-02,   -8.048800e-02,    5.599700e-02,    1.035200e-02,   -5.458600e-03,    6.266000e-03,    6.266000e-03,    4.510100e-03,    4.510100e-03,    4.510100e-03,    4.510100e-03,    5.081200e-03,    5.081200e-03,
        35,    2.511800e+01,   -4.982152e-04,   -2.430082e-03,    3.193225e-02,   -3.576418e-02,   -3.186160e-02,    3.523007e-02,    2.809645e-03,    7.205074e-04,    2.198429e-01,   -1.460765e+00,    4.241788e+00,   -5.323453e+00,   -5.015791e+00,    4.819248e+00,    4.642692e-01,    8.271187e-01,    2.755000e-04,   -7.571100e-03,    4.735200e-02,   -5.511600e-02,   -5.009500e-02,    5.274900e-02,    4.166100e-03,    3.137100e-03,    3.519400e-03,    3.519400e-03,    3.635200e-03,    3.635200e-03,    3.635200e-03,    3.635200e-03,    2.921700e-03,    2.921700e-03,
        35,    6.309500e+01,    1.029717e-03,   -4.031630e-03,    5.105084e-02,   -6.280149e-02,   -4.980227e-02,    5.912092e-02,    2.414268e-03,   -2.033393e-04,    8.502927e-01,   -1.165156e+00,    4.859039e+00,   -7.267574e+00,   -3.701125e+00,    4.152046e+00,    1.260985e+00,   -4.648416e-01,    6.355100e-03,   -1.132900e-02,    8.074200e-02,   -1.072100e-01,   -7.241800e-02,    8.449200e-02,    8.263600e-03,   -2.359600e-03,    6.263000e-03,    6.263000e-03,    6.110500e-03,    6.110500e-03,    6.110500e-03,    6.110500e-03,    4.638700e-03,    4.638700e-03,
        36,    2.511800e+01,    6.281004e-03,    1.002108e-02,    8.205864e-02,   -1.260692e-01,   -2.874615e-01,    1.680381e-01,   -4.179347e-03,   -4.291815e-02,    1.551227e+00,   -1.727357e+00,   -8.446459e-02,   -1.168127e+00,   -6.668334e+00,    1.774785e+00,   -8.228460e-01,   -1.096804e-01,    1.963800e-02,   -4.852500e-03,    8.095300e-02,   -1.413600e-01,   -3.747500e-01,    1.912700e-01,   -2.216100e-02,   -4.531500e-02,    8.610600e-03,    8.610600e-03,    1.309000e-02,    1.309000e-02,    1.309000e-02,    1.309000e-02,    2.185300e-02,    2.185300e-02,
        36,    3.981000e+01,    1.576248e-03,    1.155054e-02,    1.101372e-01,   -1.736395e-01,   -3.257251e-01,    2.089814e-01,    1.495193e-02,   -5.010054e-02,    2.343445e+00,   -1.618395e+00,   -4.061396e-02,   -1.166214e+00,   -5.616764e+00,    9.127109e-01,   -4.988268e-01,   -6.104133e-01,    3.157000e-02,   -9.163300e-03,    1.094800e-01,   -1.925100e-01,   -4.166100e-01,    2.237500e-01,    1.699100e-03,   -6.631800e-02,    1.279900e-02,    1.279900e-02,    1.618100e-02,    1.618100e-02,    1.618100e-02,    1.618100e-02,    2.656800e-02,    2.656800e-02,
        36,    6.309500e+01,   -4.076952e-03,    1.154443e-02,    1.531576e-01,   -2.354896e-01,   -3.786143e-01,    2.647704e-01,    3.407124e-02,   -5.222925e-02,    2.868902e+00,   -1.065502e+00,    3.986923e-01,   -1.724142e+00,   -4.370194e+00,    8.625208e-01,    2.946885e-02,   -1.230500e+00,    5.087400e-02,   -8.864200e-03,    1.614500e-01,   -2.713500e-01,   -4.695100e-01,    2.827100e-01,    3.511700e-02,   -9.589600e-02,    1.915400e-02,    1.915400e-02,    2.079900e-02,    2.079900e-02,    2.079900e-02,    2.079900e-02,    3.548700e-02,    3.548700e-02,
        37,    2.511800e+01,    2.781668e-02,   -8.207042e-03,    8.769638e-02,   -1.253726e-01,   -1.284580e-01,    1.264802e-01,   -9.662617e-03,   -4.710889e-03,    9.092365e-01,   -7.280874e-01,    4.071591e+00,   -5.390566e+00,   -5.543074e+00,    5.423792e+00,   -4.786967e-01,   -1.624712e+00,    4.227900e-02,   -1.978800e-02,    1.406800e-01,   -1.955200e-01,   -2.005900e-01,    1.970600e-01,   -1.653000e-02,   -2.801900e-02,    1.590600e-02,    1.590600e-02,    1.301300e-02,    1.301300e-02,    1.301300e-02,    1.301300e-02,    1.434600e-02,    1.434600e-02,
        37,    3.981000e+01,    2.960264e-02,   -7.037035e-03,    1.181972e-01,   -1.671796e-01,   -1.571118e-01,    1.626856e-01,   -9.902933e-03,   -1.101066e-02,    1.125325e+00,   -8.419743e-01,    3.945943e+00,   -4.946165e+00,   -5.406572e+00,    5.469883e+00,   -4.971721e-01,   -1.596232e+00,    5.206300e-02,   -2.384200e-02,    1.834000e-01,   -2.489100e-01,   -2.464500e-01,    2.530700e-01,   -1.938500e-02,   -4.145400e-02,    1.995900e-02,    1.995900e-02,    1.652400e-02,    1.652400e-02,    1.652400e-02,    1.652400e-02,    1.907200e-02,    1.907200e-02,
        38,    2.511800e+01,   -1.603795e-04,   -3.855783e-03,    5.035218e-02,   -3.350926e-02,   -3.166925e-02,    3.873794e-02,    5.522394e-03,    6.473179e-04,   -4.630140e+00,   -9.389264e-01,    3.271003e+00,   -2.431386e+00,   -1.097604e+00,    9.505880e-01,   -1.038280e+00,   -5.159468e-01,   -3.738300e-02,   -1.140400e-02,    6.080500e-02,   -4.127900e-02,   -3.591500e-02,    4.241500e-02,    3.379800e-03,   -4.173900e-04,    8.039200e-03,    8.039200e-03,    3.195600e-03,    3.195600e-03,    3.868200e-03,    3.868200e-03,    2.063600e-03,    2.063600e-03,
        38,    3.981000e+01,    2.218027e-03,   -3.551455e-03,    5.674645e-02,   -4.212715e-02,   -3.931678e-02,    5.215220e-02,    4.377174e-03,    1.716683e-03,   -4.288847e+00,   -1.420183e+00,    3.653797e+00,   -1.836430e+00,   -9.358324e-01,    2.362994e+00,   -6.868369e-01,   -1.585756e+00,   -3.497400e-02,   -1.586700e-02,    7.153300e-02,   -4.955900e-02,   -4.310400e-02,    6.171500e-02,    2.718600e-03,   -2.112600e-03,    8.671800e-03,    8.671800e-03,    4.046900e-03,    4.046900e-03,    4.046900e-03,    4.046900e-03,    2.414800e-03,    2.414800e-03,
        38,    6.309500e+01,    4.021397e-03,   -1.107945e-03,    6.424812e-02,   -5.545294e-02,   -4.951422e-02,    7.144949e-02,    2.776019e-03,    1.381939e-03,   -3.478335e+00,   -2.227141e+00,    3.582390e+00,   -8.858854e-01,   -1.539155e+00,    4.392798e+00,   -4.026132e-01,   -1.788582e+00,   -2.682100e-02,   -2.085600e-02,    8.339600e-02,   -6.018800e-02,   -5.774100e-02,    9.492900e-02,    1.312600e-03,   -5.119200e-03,    8.867000e-03,    8.867000e-03,    5.345000e-03,    5.345000e-03,    5.345000e-03,    5.345000e-03,    3.634800e-03,    3.634800e-03,
        39,    2.511800e+01,   -9.112032e-03,   -6.813820e-03,    5.286796e-02,   -4.550952e-02,   -5.111870e-02,    3.626884e-02,    1.504194e-03,    4.465066e-03,   -1.345170e+00,   -3.867481e-02,    2.217038e+00,   -2.166990e+00,   -3.986389e+00,    2.433267e+00,   -5.014170e-01,   -1.404632e-01,   -1.696500e-02,   -7.039600e-03,    6.197400e-02,   -5.441000e-02,   -6.749200e-02,    4.626300e-02,    1.296100e-04,    4.080000e-03,    5.837900e-03,    5.837900e-03,    4.107300e-03,    4.107300e-03,    4.107300e-03,    4.107300e-03,    2.741400e-03,    2.741400e-03,
        39,    3.981000e+01,   -5.681057e-03,   -9.744003e-03,    6.429779e-02,   -5.407757e-02,   -5.910332e-02,    4.555902e-02,   -6.609058e-04,    5.362791e-03,   -1.423728e+00,   -1.314809e-01,    1.485648e+00,   -1.959553e+00,   -3.351288e+00,    2.137764e+00,    7.653847e-02,    2.330839e-01,   -1.451700e-02,   -1.056000e-02,    7.130500e-02,   -6.332000e-02,   -7.491000e-02,    5.564200e-02,   -3.843800e-04,    6.204900e-03,    6.206200e-03,    6.206200e-03,    4.716600e-03,    4.716600e-03,    4.716600e-03,    4.716600e-03,    3.612900e-03,    3.612900e-03,
        39,    6.309500e+01,   -8.137711e-04,   -1.118197e-02,    7.705445e-02,   -6.592103e-02,   -6.913616e-02,    5.844771e-02,   -3.033736e-03,    5.334189e-03,   -1.199604e+00,   -6.397543e-01,    1.632845e+00,   -2.548980e+00,   -3.280573e+00,    2.555727e+00,    3.103373e-02,    9.080571e-01,   -9.144900e-03,   -1.562500e-02,    8.657100e-02,   -8.077700e-02,   -8.825600e-02,    7.334300e-02,   -2.872500e-03,    1.005200e-02,    6.944900e-03,    6.944900e-03,    5.828200e-03,    5.828200e-03,    5.828200e-03,    5.828200e-03,    5.195500e-03,    5.195500e-03,
        40,    2.511800e+01,    9.262582e-04,   -1.581567e-02,    8.258399e-02,   -6.433198e-02,   -5.591088e-02,    5.296147e-02,    7.871145e-04,    8.037633e-03,    7.144980e-01,   -8.861477e-01,   -4.306493e+00,    2.841863e+00,    3.678563e+00,   -3.234538e+00,    6.279843e-01,   -5.165074e-01,    5.635300e-03,   -2.165600e-02,    6.715900e-02,   -5.415300e-02,   -4.273500e-02,    4.137600e-02,    2.709500e-03,    6.456500e-03,    6.590700e-03,    6.590700e-03,    3.581800e-03,    3.581800e-03,    3.581800e-03,    3.581800e-03,    3.061200e-03,    3.061200e-03,
        40,    3.981000e+01,    8.911173e-03,   -1.520577e-02,    9.789316e-02,   -7.694057e-02,   -6.932672e-02,    6.814985e-02,   -3.249359e-03,    8.559719e-03,    1.742631e+00,   -1.457097e-01,   -1.708620e+00,    2.662774e+00,    3.344188e+00,   -3.311904e+00,    2.255933e+00,   -6.160754e-01,    2.369600e-02,   -1.644200e-02,    9.006700e-02,   -6.474400e-02,   -5.400900e-02,    5.298000e-02,    5.128500e-03,    6.271800e-03,    8.484200e-03,    8.484200e-03,    4.580400e-03,    4.580400e-03,    4.580400e-03,    4.580400e-03,    3.713700e-03,    3.713700e-03,
        41,    2.511800e+01,    4.802468e-02,    8.190854e-04,    9.195829e-02,   -9.745646e-02,   -1.247651e-01,    8.059283e-02,   -3.897075e-02,    4.439715e-03,   -2.561957e+00,   -1.532200e-01,   -1.276765e+01,    1.366473e+01,    1.528925e+01,   -1.051125e+01,    2.313973e+00,    3.272751e-01,    3.074300e-02,   -2.144600e-04,    4.538700e-02,   -4.761300e-02,   -6.899600e-02,    4.225200e-02,   -2.353400e-02,    6.623000e-03,    6.745500e-03,    6.745500e-03,    3.647600e-03,    3.647600e-03,    3.647600e-03,    3.647600e-03,    6.671100e-03,    6.671100e-03,
        41,    3.981000e+01,    4.328402e-02,    2.391505e-03,    1.122455e-01,   -1.239687e-01,   -1.346571e-01,    1.078663e-01,   -3.775674e-02,    9.455821e-04,   -2.359803e+00,   -6.989134e-01,   -1.334808e+01,    1.383967e+01,    1.453690e+01,   -1.267840e+01,    1.874492e+00,    9.314515e-01,    2.652800e-02,   -2.571200e-03,    5.445900e-02,   -6.405400e-02,   -7.172400e-02,    5.297900e-02,   -2.434700e-02,    7.609000e-03,    7.100600e-03,    7.100600e-03,    4.329200e-03,    4.329200e-03,    4.329200e-03,    4.329200e-03,    7.153800e-03,    7.153800e-03,
        41,    6.309500e+01,    3.835624e-02,   -1.067122e-03,    1.348062e-01,   -1.626148e-01,   -1.502538e-01,    1.528984e-01,   -3.446403e-02,    4.803117e-05,   -1.703385e+00,   -1.087434e+00,   -1.200089e+01,    1.353851e+01,    1.301381e+01,   -1.279191e+01,    9.795195e-01,    1.082695e+00,    2.454400e-02,   -9.884800e-03,    6.788200e-02,   -8.711600e-02,   -7.768100e-02,    8.156300e-02,   -2.624400e-02,    9.133900e-03,    8.108700e-03,    8.108700e-03,    5.576600e-03,    5.576600e-03,    5.576600e-03,    5.576600e-03,    8.391900e-03,    8.391900e-03,
        42,    2.511800e+01,   -1.759382e-02,   -8.650576e-03,    6.318792e-02,   -5.334121e-02,   -6.152130e-02,    4.756028e-02,    1.157365e-02,    4.659479e-04,    8.906044e-01,   -3.344309e-01,   -2.959371e-01,    2.002517e-01,   -3.913913e-01,    3.958616e-01,   -3.507088e-01,    7.645143e-01,   -1.270600e-02,   -1.048600e-02,    6.199500e-02,   -5.253400e-02,   -6.309900e-02,    4.915600e-02,    1.003200e-02,    3.826600e-03,    5.488200e-03,    5.488200e-03,    4.031000e-03,    4.031000e-03,    4.031000e-03,    4.031000e-03,    4.395800e-03,    4.395800e-03,
        42,    3.981000e+01,   -1.323072e-02,   -1.346639e-02,    7.621587e-02,   -6.348723e-02,   -7.209334e-02,    5.927032e-02,    1.199365e-02,    6.401639e-03,    6.297846e-01,   -4.874692e-01,   -4.436915e-01,   -9.760273e-02,   -3.564165e-01,    1.040997e+00,   -4.769689e-01,    7.626050e-01,   -9.160300e-03,   -1.661700e-02,    7.404400e-02,   -6.396500e-02,   -7.383800e-02,    6.436600e-02,    9.328400e-03,    1.066300e-02,    6.463200e-03,    6.463200e-03,    4.895000e-03,    4.895000e-03,    4.895000e-03,    4.895000e-03,    5.587900e-03,    5.587900e-03,
        42,    6.309500e+01,   -7.456211e-03,   -1.672903e-02,    9.052651e-02,   -7.783011e-02,   -8.546214e-02,    7.569755e-02,    8.376754e-03,    1.301829e-02,    5.326505e-01,   -8.765976e-01,   -2.874855e-01,   -5.358331e-01,   -6.050598e-01,    1.759678e+00,   -4.359494e-01,    9.261388e-01,   -3.163900e-03,   -2.379300e-02,    8.877000e-02,   -8.110400e-02,   -8.915900e-02,    8.644900e-02,    5.062100e-03,    2.006000e-02,    8.058400e-03,    8.058400e-03,    6.109900e-03,    6.109900e-03,    6.109900e-03,    6.109900e-03,    7.603300e-03,    7.603300e-03,
        43,    2.511800e+01,    7.313056e-03,   -2.976191e-03,    8.341011e-02,   -6.960913e-02,   -6.995267e-02,    8.307509e-02,    8.537897e-03,   -6.221259e-03,   -1.343170e+00,    2.918700e+00,   -1.782074e+00,    1.968755e+00,    2.350113e+00,   -1.299077e+00,    1.918476e+00,   -2.250727e-01,    5.540900e-04,    1.171100e-02,    7.482800e-02,   -6.012800e-02,   -5.863500e-02,    7.681900e-02,    2.228800e-02,   -7.834400e-03,    5.032100e-03,    5.032100e-03,    4.815800e-03,    4.815800e-03,    4.815800e-03,    4.815800e-03,    7.167200e-03,    7.167200e-03,
        43,    3.981000e+01,    6.200565e-03,    2.942801e-04,    9.876670e-02,   -8.955603e-02,   -9.121867e-02,    1.108936e-01,    1.093642e-02,   -7.119218e-03,   -1.321913e+00,    1.911701e+00,   -9.936408e-01,    2.357766e+00,    1.717527e+00,   -1.970759e+00,    1.704611e+00,    1.873144e-01,   -7.950000e-04,    1.041100e-02,    9.264200e-02,   -7.502300e-02,   -8.063200e-02,    9.874600e-02,    2.575000e-02,   -5.491400e-03,    5.292000e-03,    5.292000e-03,    6.163900e-03,    6.163900e-03,    6.163900e-03,    6.163900e-03,    8.690300e-03,    8.690300e-03,
        43,    6.309500e+01,    4.523482e-03,    1.412679e-03,    1.194249e-01,   -1.162109e-01,   -1.192964e-01,    1.448190e-01,    1.258778e-02,   -7.619600e-03,   -4.637630e-01,    1.526984e+00,   -7.498655e-01,    2.790246e+00,    1.644543e+00,   -2.065370e+00,    1.900961e+00,    3.691027e-01,    1.767200e-03,    1.048800e-02,    1.135400e-01,   -9.431300e-02,   -1.063900e-01,    1.286100e-01,    3.417700e-02,   -3.427700e-03,    5.943300e-03,    5.943300e-03,    7.848000e-03,    7.848000e-03,    7.848000e-03,    7.848000e-03,    1.135700e-02,    1.135700e-02,
        44,    2.511800e+01,   -4.239557e-03,   -1.265185e-02,    8.528326e-02,   -8.424297e-02,   -8.681903e-02,    7.512043e-02,    2.485359e-03,    3.631897e-03,   -1.976387e-01,    1.535494e-01,   -2.372530e+00,    2.318379e+00,    3.625161e+00,   -2.726506e+00,    2.323164e-01,    3.185589e-02,   -5.325700e-03,   -1.180800e-02,    7.366000e-02,   -7.288500e-02,   -6.905900e-02,    6.176300e-02,    3.230700e-03,    3.734100e-03,    5.495600e-03,    5.495600e-03,    4.899100e-03,    4.899100e-03,    4.899100e-03,    4.899100e-03,    3.208300e-03,    3.208300e-03,
        44,    3.981000e+01,    1.300746e-03,   -1.037074e-02,    1.050473e-01,   -1.105459e-01,   -1.036168e-01,    1.038078e-01,    8.323998e-04,    4.868244e-03,   -4.877016e-01,    1.891809e-01,   -2.590578e+00,    3.604000e+00,    3.399728e+00,   -3.643119e+00,    1.879260e-01,    1.099912e-01,   -1.225500e-03,   -9.390800e-03,    8.935800e-02,   -8.871900e-02,   -8.302700e-02,    8.174400e-02,    1.546500e-03,    5.286200e-03,    5.179900e-03,    5.179900e-03,    6.056300e-03,    6.056300e-03,    6.056300e-03,    6.056300e-03,    3.799900e-03,    3.799900e-03,
        44,    6.309500e+01,    4.587412e-03,   -6.368289e-03,    1.341464e-01,   -1.443304e-01,   -1.311456e-01,    1.404328e-01,   -2.011761e-03,    5.162346e-03,   -1.713242e-01,   -4.834953e-03,   -2.385446e+00,    2.963893e+00,    3.088022e+00,   -2.940728e+00,   -2.102537e-01,    7.462697e-02,    3.687000e-03,   -6.393700e-03,    1.148300e-01,   -1.203300e-01,   -1.061400e-01,    1.166200e-01,   -3.004200e-03,    5.514600e-03,    5.255600e-03,    5.255600e-03,    8.097600e-03,    8.097600e-03,    8.097600e-03,    8.097600e-03,    4.720200e-03,    4.720200e-03,
        45,    2.511800e+01,   -5.323378e-03,    5.195887e-03,    4.752502e-02,   -6.999183e-02,   -6.019942e-02,    7.533233e-02,    5.763389e-03,   -6.926519e-03,   -4.325564e-01,   -3.039547e-01,   -5.439635e-01,    5.802439e-01,    7.008502e-01,   -3.899973e-01,   -5.343607e-01,    3.456074e-01,   -6.983400e-03,    4.029400e-03,    4.515900e-02,   -6.746800e-02,   -5.715100e-02,    7.363600e-02,    3.751200e-03,   -5.625100e-03,    3.837700e-03,    3.837700e-03,    4.349600e-03,    4.349600e-03,    4.349600e-03,    4.349600e-03,    3.765600e-03,    3.765600e-03,
        45,    3.981000e+01,   -7.269029e-03,    5.679122e-03,    6.707933e-02,   -9.267694e-02,   -8.142861e-02,    9.507734e-02,    8.601719e-03,   -7.602237e-03,   -3.233283e-01,   -4.221831e-01,   -6.206811e-01,    3.326328e-01,    4.087965e-01,   -4.947998e-01,   -6.446064e-01,   -1.701071e-01,   -8.847000e-03,    3.618700e-03,    6.348000e-02,   -9.074800e-02,   -7.905800e-02,    9.220800e-02,    5.236100e-03,   -8.490400e-03,    4.880400e-03,    4.880400e-03,    5.799000e-03,    5.799000e-03,    5.799000e-03,    5.799000e-03,    5.221200e-03,    5.221200e-03,
        45,    6.309500e+01,   -9.526876e-03,    5.644683e-03,    9.302959e-02,   -1.186686e-01,   -1.080057e-01,    1.176910e-01,    1.170952e-02,   -7.586299e-03,   -1.470094e-01,   -4.639188e-01,   -3.978206e-02,   -6.526030e-01,   -1.458846e-02,   -1.993031e-01,   -5.825720e-01,   -4.969463e-01,   -1.042800e-02,    2.801000e-03,    9.271800e-02,   -1.237800e-01,   -1.081200e-01,    1.161300e-01,    7.674800e-03,   -1.102800e-02,    6.129700e-03,    6.129700e-03,    7.832400e-03,    7.832400e-03,    7.832400e-03,    7.832400e-03,    6.925700e-03,    6.925700e-03,
        46,    2.511800e+01,   -3.661379e-02,   -3.280034e-03,    9.052040e-02,   -6.635051e-02,   -7.856451e-02,    5.426421e-02,    1.864875e-02,   -2.854455e-03,   -9.078018e-01,    5.860147e-01,   -4.268222e+00,    1.173732e+00,    2.471128e+00,   -2.741627e+00,   -8.262153e-01,   -1.332585e+00,   -4.555500e-02,    2.491800e-03,    7.196900e-02,   -6.124900e-02,   -6.782400e-02,    4.234800e-02,    1.402500e-02,   -1.031200e-02,    9.849300e-03,    9.849300e-03,    4.346400e-03,    4.346400e-03,    4.346400e-03,    4.346400e-03,    5.596300e-03,    5.596300e-03,
        46,    3.981000e+01,   -3.267864e-02,   -4.414041e-03,    1.052552e-01,   -7.867372e-02,   -8.877051e-02,    7.120003e-02,    1.905986e-02,   -4.533751e-04,   -1.125163e+00,    7.190081e-01,   -4.392782e+00,    4.366102e-01,    2.162162e+00,   -3.105954e+00,   -6.208167e-01,   -1.920754e+00,   -4.465600e-02,    3.239800e-03,    8.253000e-02,   -7.641500e-02,   -7.758500e-02,    5.513200e-02,    1.501300e-02,   -1.297400e-02,    1.064500e-02,    1.064500e-02,    5.173300e-03,    5.173300e-03,    5.173300e-03,    5.173300e-03,    6.518600e-03,    6.518600e-03,
        46,    6.309500e+01,   -2.885062e-02,   -2.467372e-03,    1.220096e-01,   -9.887924e-02,   -1.041200e-01,    9.652617e-02,    1.778273e-02,    1.490731e-03,   -1.243182e+00,    6.468788e-01,   -4.342053e+00,    3.422456e-01,    2.093683e+00,   -3.202289e+00,   -2.023363e-01,   -2.240809e+00,   -4.314100e-02,    4.968500e-03,    9.451400e-02,   -9.671200e-02,   -9.086200e-02,    7.624800e-02,    1.620600e-02,   -1.597100e-02,    1.149500e-02,    1.149500e-02,    6.332400e-03,    6.332400e-03,    6.332400e-03,    6.332400e-03,    7.792600e-03,    7.792600e-03,
        47,    2.511800e+01,    3.014837e-02,    1.507809e-02,    1.308189e-01,   -1.236591e-01,   -1.495058e-01,    8.415518e-02,   -3.755622e-02,    2.069390e-03,   -2.564150e+00,    1.409693e+00,   -3.612747e+00,    3.029199e+00,    5.904083e+00,   -3.199880e+00,    3.332919e+00,   -2.346232e+00,    4.776100e-03,    2.902700e-02,    1.061800e-01,   -1.030000e-01,   -1.092400e-01,    6.233200e-02,   -1.250300e-02,   -1.556700e-02,    9.895000e-03,    9.895000e-03,    6.820000e-03,    6.820000e-03,    6.820000e-03,    6.820000e-03,    7.516900e-03,    7.516900e-03,
        47,    3.981000e+01,    2.480663e-02,    2.380135e-02,    1.650096e-01,   -1.495038e-01,   -1.710573e-01,    9.474558e-02,   -4.031486e-02,   -9.646953e-03,   -2.042015e+00,    1.278079e+00,   -4.278483e+00,    4.359646e+00,    5.874451e+00,   -2.657778e+00,    3.636070e+00,   -1.333455e+00,   -6.940500e-04,    3.976200e-02,    1.310500e-01,   -1.149000e-01,   -1.244300e-01,    7.365000e-02,   -8.888300e-03,   -2.117200e-02,    1.248800e-02,    1.248800e-02,    7.937300e-03,    7.937300e-03,    7.937300e-03,    7.937300e-03,    8.643000e-03,    8.643000e-03,
        47,    6.309500e+01,    1.596608e-02,    3.269149e-02,    2.075710e-01,   -1.819556e-01,   -1.942917e-01,    1.100348e-01,   -3.656896e-02,   -2.470664e-02,   -1.253517e+00,    1.576977e+00,   -4.652947e+00,    5.751975e+00,    4.886557e+00,   -1.410599e+00,    2.951973e+00,   -2.210891e-01,   -4.804700e-03,    5.882200e-02,    1.631400e-01,   -1.270300e-01,   -1.476300e-01,    9.656500e-02,   -5.667700e-03,   -2.702100e-02,    1.657000e-02,    1.657000e-02,    9.549000e-03,    9.549000e-03,    9.549000e-03,    9.549000e-03,    1.046800e-02,    1.046800e-02,
        48,    2.511800e+01,    1.131387e-03,    6.796839e-04,    7.034197e-02,   -6.036711e-02,   -7.200418e-02,    6.594840e-02,   -2.230233e-03,    6.389511e-03,   -4.812820e-01,   -1.120513e-03,    1.005231e+00,   -1.172551e+00,   -2.102419e+00,    1.377517e+00,   -5.725001e-01,    3.092934e-01,    4.725600e-04,    6.781500e-04,    7.565200e-02,   -6.656100e-02,   -8.311000e-02,    7.322500e-02,   -4.990600e-03,    7.880800e-03,    1.368900e-03,    1.368900e-03,    5.282400e-03,    5.282400e-03,    5.282400e-03,    5.282400e-03,    4.821600e-03,    4.821600e-03,
        48,    3.981000e+01,    2.389173e-04,   -1.280877e-03,    8.456921e-02,   -7.392578e-02,   -8.904474e-02,    8.083447e-02,   -4.391667e-03,    7.478134e-03,   -9.667498e-02,   -4.480864e-01,    1.777711e-01,   -9.601511e-01,   -1.432686e+00,    8.230410e-01,   -5.446832e-01,    2.764709e-01,   -4.713300e-06,   -2.410100e-03,    8.566700e-02,   -7.985500e-02,   -9.789200e-02,    8.591700e-02,   -7.603500e-03,    9.108400e-03,    2.520100e-03,    2.520100e-03,    6.175300e-03,    6.175300e-03,    6.175300e-03,    6.175300e-03,    5.896700e-03,    5.896700e-03,
        48,    6.309500e+01,    1.455351e-03,   -3.838975e-03,    1.008529e-01,   -9.294258e-02,   -1.090757e-01,    1.000432e-01,   -7.209739e-03,    8.423596e-03,   -3.847652e-02,    1.687337e-01,    5.395927e-01,   -9.209156e-01,   -1.326808e+00,    7.173570e-01,   -4.026118e-01,    3.964065e-01,    1.324900e-03,   -3.266900e-03,    1.049500e-01,   -9.993500e-02,   -1.191500e-01,    1.054900e-01,   -1.018500e-02,    1.135300e-02,    3.390400e-03,    3.390400e-03,    7.592900e-03,    7.592900e-03,    7.592900e-03,    7.592900e-03,    7.389900e-03,    7.389900e-03,
VTF,
     StaID,        Freq[Hz],     Re(Tzx)_Cal,     Im(Tzx)_Cal,     Re(Tzy)_Cal,     Im(Tzy)_Cal,     Re(Tzx)_Res,     Im(Tzx)_Res,     Re(Tzy)_Res,     Im(Tzy)_Res,     Re(Tzx)_Obs,     Im(Tzx)_Obs,     Re(Tzy)_Obs,     Im(Tzy)_Obs,      Re(Tzx)_SD,      Im(Tzx)_SD,      Re(Tzy)_SD,      Im(Tzy)_SD,
      1001,    2.511800e+01,    2.199610e-02,    1.582920e-02,    1.286787e-01,   -5.107755e-03,    9.166634e-01,    6.826009e-02,   -4.222889e-01,   -2.771748e-01,    4.949600e-02,    1.787700e-02,    1.160100e-01,   -1.342300e-02,    3.000000e-02,    3.000000e-02,    3.000000e-02,    3.000000e-02,
      1001,    3.981000e+01,    3.401627e-02,   -7.348559e-03,    1.268024e-01,    1.979876e-02,    6.847576e-01,    6.272853e-01,   -3.374145e-01,   -6.644474e-01,    5.455900e-02,    1.147000e-02,    1.166800e-01,   -1.346600e-04,    3.000000e-02,    3.000000e-02,    3.000000e-02,    3.000000e-02,
      1001,    6.309500e+01,    5.143494e-02,   -1.033498e-02,    1.108647e-01,    3.986655e-02,    2.936354e-01,    6.927325e-01,    1.138434e-01,   -9.470517e-01,    6.024400e-02,    1.044700e-02,    1.142800e-01,    1.145500e-02,    3.000000e-02,    3.000000e-02,    3.000000e-02,    3.000000e-02,
      1002,    2.511800e+01,    7.610042e-02,   -1.360681e-02,   -1.057358e-01,    5.775609e-02,    6.133194e-01,    1.536470e-01,   -5.081410e-01,    3.696364e-02,    9.450000e-02,   -8.997400e-03,   -1.209800e-01,    5.886500e-02,    3.000000e-02,    3.000000e-02,    3.000000e-02,    3.000000e-02,
      1002,    3.981000e+01,    1.046135e-01,   -3.896531e-02,   -1.373961e-01,    6.993799e-02,    4.162179e-01,    6.013436e-01,   -5.927982e-01,   -4.477331e-01,    1.171000e-01,   -2.092500e-02,   -1.551800e-01,    5.650600e-02,    3.000000e-02,    3.000000e-02,    3.000000e-02,    3.000000e-02,
      1002,    6.309500e+01,    1.391650e-01,   -3.431851e-02,   -1.754597e-01,    6.191743e-02,    3.018328e-01,    4.510836e-01,   -7.643420e-01,   -6.312145e-01,    1.482200e-01,   -2.078600e-02,   -1.983900e-01,    4.298100e-02,    3.000000e-02,    3.000000e-02,    3.000000e-02,    3.000000e-02,
      1003,    3.981000e+01,    4.579669e-02,   -3.146629e-02,   -9.656952e-02,    4.435656e-02,    9.222104e-01,    3.943431e-01,    3.562172e-01,    8.904148e-01,    7.346300e-02,   -1.963600e-02,   -8.588300e-02,    7.106900e-02,    3.000000e-02,    3.000000e-02,    3.000000e-02,    3.000000e-02,
      1003,    6.309500e+01,    7.070038e-02,   -3.291824e-02,   -1.219513e-01,    3.285223e-02,    9.744540e-01,    2.821412e-01,   -1.702913e-01,    5.712922e-01,    9.993400e-02,   -2.445400e-02,   -1.270600e-01,    4.999100e-02,    3.000000e-02,    3.000000e-02,    3.000000e-02,    3.000000e-02,
      1004,    2.511800e+01,   -4.231195e-02,    3.366166e-02,    3.484260e-01,    1.639904e-01,   -4.705683e-01,    1.289011e+00,   -5.602005e-01,   -9.900117e-01,   -5.642900e-02,    7.233200e-02,    3.316200e-01,    1.342900e-01,    3.000000e-02,    3.000000e-02,    3.000000e-02,    3.000000e-02,
      1004,    3.981000e+01,   -4.940087e-02,    2.131201e-02,    2.842322e-01,    1.655916e-01,   -4.172042e-01,    1.276266e+00,   -1.738453e-03,   -8.410520e-01,   -6.191700e-02,    5.960000e-02,    2.841800e-01,    1.403600e-01,    3.000000e-02,    3.000000e-02,    3.000000e-02,    3.000000e-02,
      1004,    6.309500e+01,   -4.858708e-02,    1.476487e-02,    2.275688e-01,    1.544998e-01,   -5.857306e-01,    9.842043e-01,    4.370405e-01,   -6.646602e-01,   -6.615900e-02,    4.429100e-02,    2.406800e-01,    1.345600e-01,    3.000000e-02,    3.000000e-02,    3.000000e-02,    3.000000e-02,
      1005,    2.511800e+01,    4.304040e-02,    6.462442e-02,    1.385379e-01,   -1.074647e-02,    6.064201e-01,   -2.815807e-01,   -4.859308e-01,   -2.665114e-02,    6.123300e-02,    5.617700e-02,    1.239600e-01,   -1.154600e-02,    3.000000e-02,    3.000000e-02,    3.000000e-02,    3.000000e-02,
      1005,    3.981000e+01,    3.223280e-02,    4.837199e-02,    1.416611e-01,    1.191432e-02,    6.573400e-01,    2.037005e-01,   -6.337050e-02,   -2.937673e-01,    5.195300e-02,    5.448300e-02,    1.397600e-01,    3.101300e-03,    3.000000e-02,    3.000000e-02,    3.000000e-02,    3.000000e-02,
      1005,    6.309500e+01,    2.672074e-02,    4.493596e-02,    1.321631e-01,    3.475392e-02,    4.605087e-01,    6.881013e-01,    1.818955e-01,   -1.149641e-01,    4.053600e-02,    6.557900e-02,    1.376200e-01,    3.130500e-02,    3.000000e-02,    3.000000e-02,    3.000000e-02,    3.000000e-02,
      1006,    2.511800e+01,    2.989595e-02,    4.370610e-02,   -2.414983e-02,    2.213644e-02,   -5.891316e-01,   -6.870701e-01,    1.243294e+00,    4.452185e-01,    1.222200e-02,    2.309400e-02,    1.314900e-02,    3.549300e-02,    3.000000e-02,    3.000000e-02,    3.000000e-02,    3.000000e-02,
      1006,    3.981000e+01,    6.777632e-03,    4.798790e-02,   -2.603844e-02,    2.030093e-03,   -3.246511e-01,   -8.444301e-01,    8.997615e-01,    6.304302e-01,   -2.961900e-03,    2.265500e-02,    9.544100e-04,    2.094300e-02,    3.000000e-02,    3.000000e-02,    3.000000e-02,    3.000000e-02,
      1006,    6.309500e+01,   -1.447315e-02,    4.230750e-02,   -1.844362e-02,   -1.318029e-02,    2.230485e-02,   -7.399501e-01,    2.279872e-01,    6.071131e-01,   -1.380400e-02,    2.010900e-02,   -1.160400e-02,    5.033100e-03,    3.000000e-02,    3.000000e-02,    3.000000e-02,    3.000000e-02,
      1007,    2.511800e+01,   -7.939106e-02,   -1.014269e-02,    1.141579e-01,    5.888475e-02,    4.087687e-01,    2.929363e-01,   -3.002629e-01,   -1.468249e-01,   -6.712800e-02,   -1.354600e-03,    1.051500e-01,    5.448000e-02,    3.000000e-02,    3.000000e-02,    3.000000e-02,    3.000000e-02,
      1007,    3.981000e+01,   -7.709198e-02,   -1.851536e-02,    9.158222e-02,    7.406623e-02,   -2.740066e-02,    3.694187e-01,   -3.028072e-01,   -4.219409e-01,   -7.791400e-02,   -7.432800e-03,    8.249800e-02,    6.140800e-02,    3.000000e-02,    3.000000e-02,    3.000000e-02,    3.000000e-02,
      1007,    6.309500e+01,   -6.857532e-02,   -2.678715e-02,    6.006779e-02,    8.427874e-02,   -1.366894e-01,    2.428385e-01,   -8.962643e-02,   -4.570579e-01,   -7.267600e-02,   -1.950200e-02,    5.737900e-02,    7.056700e-02,    3.000000e-02,    3.000000e-02,    3.000000e-02,    3.000000e-02,
      1008,    2.511800e+01,    3.111479e-02,    4.037752e-02,   -9.602189e-02,   -1.868374e-02,   -4.754598e-01,    4.522826e-01,   -1.120937e+00,   -1.057409e+00,    1.685100e-02,    5.394600e-02,   -1.296500e-01,   -5.040600e-02,    3.000000e-02,    3.000000e-02,    3.000000e-02,    3.000000e-02,
      1009,    2.511800e+01,   -2.881712e-01,   -3.448920e-02,    1.850950e-01,   -2.500455e-03,    1.429707e+00,    2.179734e-01,   -3.781664e-01,    1.800585e-01,   -2.452800e-01,   -2.795000e-02,    1.737500e-01,    2.901300e-03,    3.000000e-02,    3.000000e-02,    3.000000e-02,    3.000000e-02,
      1009,    3.981000e+01,   -2.529052e-01,   -8.280200e-02,    1.979395e-01,    3.907255e-03,    9.755058e-01,    3.176998e-01,    2.201582e-02,   -1.119218e-01,   -2.236400e-01,   -7.327100e-02,    1.986000e-01,    5.496000e-04,    3.000000e-02,    3.000000e-02,    3.000000e-02,    3.000000e-02,
      1010,    2.511800e+01,   -2.109935e-03,    1.341986e-01,    5.476750e-02,    3.119906e-02,    1.113878e-01,    7.304827e-02,   -1.416417e+00,    1.106398e+00,    1.231700e-03,    1.363900e-01,    1.227500e-02,    6.439100e-02,    3.000000e-02,    3.000000e-02,    3.000000e-02,    3.000000e-02,
      1010,    3.981000e+01,   -5.744932e-02,    1.042591e-01,    4.270884e-02,    3.514992e-02,    6.925774e-01,    3.956964e-01,   -1.209481e+00,    1.512028e-01,   -3.667200e-02,    1.161300e-01,    6.424400e-03,    3.968600e-02,    3.000000e-02,    3.000000e-02,    3.000000e-02,    3.000000e-02,
      1010,    6.309500e+01,   -8.889419e-02,    5.780701e-02,    2.984908e-02,    3.705343e-02,    5.524396e-01,   -2.276671e-01,   -7.821425e-01,   -4.321476e-01,   -7.232100e-02,    5.097700e-02,    6.384800e-03,    2.408900e-02,    3.000000e-02,    3.000000e-02,    3.000000e-02,    3.000000e-02,
      1011,    2.511800e+01,    1.264498e-01,    6.522155e-02,   -2.029389e-02,   -3.705945e-02,   -3.329947e-01,   -5.209184e-01,    1.469297e-01,    4.053485e-01,    1.164600e-01,    4.959400e-02,   -1.588600e-02,   -2.489900e-02,    3.000000e-02,    3.000000e-02,    3.000000e-02,    3.000000e-02,
      1011,    3.981000e+01,    9.630851e-02,    6.799530e-02,   -1.156657e-02,   -2.863800e-02,   -4.156835e-01,   -1.181310e+00,    1.389019e+00,    2.896667e-01,    8.383800e-02,    3.255600e-02,    3.010400e-02,   -1.994800e-02,    3.000000e-02,    3.000000e-02,    3.000000e-02,    3.000000e-02,
      1011,    6.309500e+01,    6.972462e-02,    5.747295e-02,   -8.131629e-03,   -2.315262e-02,    5.035795e-01,   -3.301982e-01,   -1.527457e-01,   -1.299794e-01,    8.483200e-02,    4.756700e-02,   -1.271400e-02,   -2.705200e-02,    3.000000e-02,    3.000000e-02,    3.000000e-02,    3.000000e-02,
      1012,    2.511800e+01,    7.896439e-02,    6.994368e-02,   -4.336785e-02,   -9.403220e-03,    7.545378e-02,    8.908108e-01,   -3.386051e-01,   -4.390260e-01,    8.122800e-02,    9.666800e-02,   -5.352600e-02,   -2.257400e-02,    3.000000e-02,    3.000000e-02,    3.000000e-02,    3.000000e-02,
      1012,    3.981000e+01,    6.422997e-02,    4.792852e-02,   -3.004186e-02,   -1.643365e-02,    1.198334e+00,    7.044825e-01,   -2.152380e-01,   -4.827116e-01,    1.001800e-01,    6.906300e-02,   -3.649900e-02,   -3.091500e-02,    3.000000e-02,    3.000000e-02,    3.000000e-02,    3.000000e-02,
      1012,    6.309500e+01,    5.744147e-02,    2.859142e-02,   -1.735725e-02,   -1.633529e-02,    2.223509e-01,    5.217860e-01,   -5.495846e-02,    3.932262e-01,    6.411200e-02,    4.424500e-02,   -1.900600e-02,   -4.538500e-03,    3.000000e-02,    3.000000e-02,    3.000000e-02,    3.000000e-02,
      1014,    2.511800e+01,    1.873217e-01,    1.838544e-01,   -6.448486e-02,    9.699135e-02,    3.006113e-01,   -1.075814e+00,   -1.400171e+00,   -1.316845e+00,    1.963400e-01,    1.515800e-01,   -1.064900e-01,    5.748600e-02,    3.000000e-02,    3.000000e-02,    3.000000e-02,    3.000000e-02,
      1014,    3.981000e+01,    1.040377e-01,    2.048550e-01,   -9.966250e-02,    6.662281e-02,    1.184743e+00,   -1.053166e+00,   -1.965834e-01,   -1.530760e+00,    1.395800e-01,    1.732600e-01,   -1.055600e-01,    2.070000e-02,    3.000000e-02,    3.000000e-02,    3.000000e-02,    3.000000e-02,
      1014,    6.309500e+01,    2.174901e-02,    1.991854e-01,   -1.144600e-01,    2.956562e-02,    9.455665e-01,   -1.701815e-01,    7.923996e-01,   -1.931287e+00,    5.011600e-02,    1.940800e-01,   -9.068800e-02,   -2.837300e-02,    3.000000e-02,    3.000000e-02,    3.000000e-02,    3.000000e-02,
      1015,    2.511800e+01,   -6.057195e-02,    6.796352e-02,   -1.974386e-02,    3.347697e-03,    4.756315e-01,   -7.917839e-01,   -9.306381e-01,   -1.853899e-01,   -4.630300e-02,    4.421000e-02,   -4.766300e-02,   -2.214000e-03,    3.000000e-02,    3.000000e-02,    3.000000e-02,    3.000000e-02,
      1015,    3.981000e+01,   -7.596204e-02,    2.965361e-02,   -2.346145e-02,    1.145825e-02,    8.121013e-01,   -1.782025e-02,   -7.709849e-01,   -6.704316e-01,   -5.159900e-02,    2.911900e-02,   -4.659100e-02,   -8.654700e-03,    3.000000e-02,    3.000000e-02,    3.000000e-02,    3.000000e-02,
      1015,    6.309500e+01,   -6.975957e-02,   -2.567979e-04,   -3.319339e-02,    1.420895e-02,   -6.654757e-02,   -5.184401e-01,   -2.926536e-01,   -8.323651e-01,   -7.175600e-02,   -1.581000e-02,   -4.197300e-02,   -1.076200e-02,    3.000000e-02,    3.000000e-02,    3.000000e-02,    3.000000e-02,
      1016,    2.511800e+01,   -1.944311e-02,    1.452954e-01,   -4.219858e-02,    5.998707e-03,   -2.982955e-02,   -5.555126e-01,    2.603528e-01,   -9.746902e-01,   -2.033800e-02,    1.286300e-01,   -3.438800e-02,   -2.324200e-02,    3.000000e-02,    3.000000e-02,    3.000000e-02,    3.000000e-02,
      1016,    3.981000e+01,   -8.066101e-02,    1.296245e-01,   -3.957363e-02,   -1.180734e-02,   -2.214966e+00,   -6.661501e-01,   -7.511789e-01,   -1.692822e+00,   -1.471100e-01,    1.096400e-01,   -6.210900e-02,   -6.259200e-02,    3.000000e-02,    3.000000e-02,    3.000000e-02,    3.000000e-02,
      1016,    6.309500e+01,   -1.244684e-01,    9.450201e-02,   -2.869424e-02,   -2.680221e-02,   -5.373856e-01,   -9.052670e-01,   -2.818254e-01,   -5.846263e-01,   -1.405900e-01,    6.734400e-02,   -3.714900e-02,   -4.434100e-02,    3.000000e-02,    3.000000e-02,    3.000000e-02,    3.000000e-02,
      1017,    2.511800e+01,    1.199920e-01,   -5.020899e-02,    1.779609e-01,   -1.040015e-01,   -8.616317e-01,   -8.448670e-01,   -3.136972e-01,    8.383223e-03,    9.414300e-02,   -7.555500e-02,    1.685500e-01,   -1.037500e-01,    3.000000e-02,    3.000000e-02,    3.000000e-02,    3.000000e-02,
      1017,    3.981000e+01,    1.317630e-01,   -4.011481e-02,    2.201619e-01,   -9.423851e-02,   -6.267671e-01,   -8.600730e-01,   -5.457302e-01,   -6.558299e-02,    1.129600e-01,   -6.591700e-02,    2.037900e-01,   -9.620600e-02,    3.000000e-02,    3.000000e-02,    3.000000e-02,    3.000000e-02,
      1017,    6.309500e+01,    1.410687e-01,   -3.235840e-02,    2.541905e-01,   -7.314128e-02,   -3.562887e-01,   -7.666532e-01,   -3.983506e-01,   -3.214907e-01,    1.303800e-01,   -5.535800e-02,    2.422400e-01,   -8.278600e-02,    3.000000e-02,    3.000000e-02,    3.000000e-02,    3.000000e-02,
      1018,    2.511800e+01,   -4.156556e-02,   -2.457161e-04,   -2.867745e-02,    1.577435e-02,   -1.165481e-01,    6.789905e-01,    2.136818e-01,   -2.657383e-01,   -4.506200e-02,    2.012400e-02,   -2.226700e-02,    7.802200e-03,    3.000000e-02,    3.000000e-02,    3.000000e-02,    3.000000e-02,
      1018,    3.981000e+01,   -3.321257e-02,   -1.392107e-02,   -4.417402e-02,    3.518696e-02,   -2.279143e-01,    4.547545e-01,    6.484674e-01,   -5.835652e-01,   -4.005000e-02,   -2.784400e-04,   -2.472000e-02,    1.768000e-02,    3.000000e-02,    3.000000e-02,    3.000000e-02,    3.000000e-02,
      1018,    6.309500e+01,   -2.502557e-02,   -2.334496e-02,   -6.377168e-02,    4.358240e-02,   -1.285477e-01,    2.507319e-01,    8.657561e-01,   -5.084466e-01,   -2.888200e-02,   -1.582300e-02,   -3.779900e-02,    2.832900e-02,    3.000000e-02,    3.000000e-02,    3.000000e-02,    3.000000e-02,
      1019,    2.511800e+01,   -2.283331e-01,    1.569100e-01,    1.082086e-01,   -7.398655e-02,   -7.225636e-01,   -1.248333e+00,    7.590467e-01,   -2.557816e-01,   -2.500100e-01,    1.194600e-01,    1.309800e-01,   -8.166000e-02,    3.000000e-02,    3.000000e-02,    3.000000e-02,    3.000000e-02,
      1020,    2.511800e+01,   -1.031570e-01,    6.971825e-02,   -1.273936e-02,    7.327309e-03,    1.391065e+00,    8.779154e-02,   -5.899548e-01,   -2.831903e-01,   -6.142500e-02,    7.235200e-02,   -3.043800e-02,   -1.168400e-03,    3.000000e-02,    3.000000e-02,    3.000000e-02,    3.000000e-02,
      1020,    3.981000e+01,   -1.160639e-01,    3.078093e-02,   -2.017691e-02,    1.520581e-02,    1.521896e+00,    5.179022e-01,   -4.501697e-01,   -5.465469e-01,   -7.040700e-02,    4.631800e-02,   -3.368200e-02,   -1.190600e-03,    3.000000e-02,    3.000000e-02,    3.000000e-02,    3.000000e-02,
      1020,    6.309500e+01,   -1.083746e-01,    2.406905e-03,   -3.088266e-02,    1.504518e-02,    1.483286e+00,    6.804698e-01,   -2.063114e-01,   -5.116553e-01,   -6.387600e-02,    2.282100e-02,   -3.707200e-02,   -3.044800e-04,    3.000000e-02,    3.000000e-02,    3.000000e-02,    3.000000e-02,
      1021,    2.511800e+01,    1.207428e-01,    1.229634e-02,   -1.453223e-02,    3.247133e-02,   -2.581427e+00,    1.019722e+00,   -4.851924e-01,    2.111556e-01,    4.330000e-02,    4.288800e-02,   -2.908800e-02,    3.880600e-02,    3.000000e-02,    3.000000e-02,    3.000000e-02,    3.000000e-02,
      1021,    3.981000e+01,    1.162854e-01,    1.683363e-02,   -2.416415e-02,    3.062371e-02,    1.168185e-01,    4.145212e+00,   -6.737618e-01,   -4.012364e-02,    1.197900e-01,    1.411900e-01,   -4.437700e-02,    2.942000e-02,    3.000000e-02,    3.000000e-02,    3.000000e-02,    3.000000e-02,
      1021,    6.309500e+01,    1.088533e-01,    1.961278e-02,   -3.460222e-02,    2.614391e-02,    2.575579e-01,    3.651907e+00,   -3.179592e-01,    9.350292e-02,    1.165800e-01,    1.291700e-01,   -4.414100e-02,    2.894900e-02,    3.000000e-02,    3.000000e-02,    3.000000e-02,    3.000000e-02,
      1022,    2.511800e+01,    7.005892e-02,    9.806760e-02,    6.858601e-02,   -4.557446e-03,   -1.104997e+00,   -5.895346e-02,    4.984997e-01,    9.690482e-01,    3.690900e-02,    9.629900e-02,    8.354100e-02,    2.451400e-02,    3.000000e-02,    3.000000e-02,    3.000000e-02,    3.000000e-02,
      1022,    3.981000e+01,    3.396523e-02,    8.128329e-02,    7.329827e-02,    3.776910e-03,   -6.073078e-01,   -9.817764e-01,   -5.939756e-01,    8.146030e-01,    1.574600e-02,    5.183000e-02,    5.547900e-02,    2.821500e-02,    3.000000e-02,    3.000000e-02,    3.000000e-02,    3.000000e-02,
      1022,    6.309500e+01,    5.614906e-03,    5.534128e-02,    6.738761e-02,    1.416811e-02,   -1.554985e-01,   -2.356543e+00,   -8.508870e-01,    3.576965e-01,    9.499500e-04,   -1.535500e-02,    4.186100e-02,    2.489900e-02,    3.000000e-02,    3.000000e-02,    3.000000e-02,    3.000000e-02,
      1023,    2.511800e+01,    6.612452e-02,    1.197937e-02,   -2.759431e-02,    1.493351e-02,   -1.370351e+00,   -2.991458e-01,   -9.210565e-01,    6.688163e-01,    2.501400e-02,    3.005000e-03,   -5.522600e-02,    3.499800e-02,    3.000000e-02,    3.000000e-02,    3.000000e-02,    3.000000e-02,
      1023,    3.981000e+01,    6.493333e-02,    7.451519e-03,   -4.344807e-02,    3.945089e-02,   -8.243443e-01,   -2.796710e-01,   -9.342977e-01,   -1.886962e-01,    4.020300e-02,   -9.386100e-04,   -7.147700e-02,    3.379000e-02,    3.000000e-02,    3.000000e-02,    3.000000e-02,    3.000000e-02,
      1023,    6.309500e+01,    6.149720e-02,    1.735266e-03,   -7.033492e-02,    4.996865e-02,   -6.089402e-01,   -2.122722e-01,   -3.283692e-01,   -6.553549e-01,    4.322900e-02,   -4.632900e-03,   -8.018600e-02,    3.030800e-02,    3.000000e-02,    3.000000e-02,    3.000000e-02,    3.000000e-02,
      1024,    2.511800e+01,    3.279678e-02,    9.714357e-02,    1.164787e-01,   -1.089624e-02,   -5.504261e-01,   -1.953191e-01,    6.363760e-01,   -7.078254e-01,    1.628400e-02,    9.128400e-02,    1.355700e-01,   -3.213100e-02,    3.000000e-02,    3.000000e-02,    3.000000e-02,    3.000000e-02,
      1024,    3.981000e+01,    6.252103e-03,    8.435855e-02,    1.226371e-01,   -1.218568e-02,   -5.317368e-01,   -3.460515e-01,    4.174283e-01,   -1.190311e+00,   -9.700000e-03,    7.397700e-02,    1.351600e-01,   -4.789500e-02,    3.000000e-02,    3.000000e-02,    3.000000e-02,    3.000000e-02,
      1026,    2.511800e+01,    9.249166e-03,    6.589171e-02,   -1.764848e-02,   -4.429732e-02,   -3.690822e-01,   -1.289049e-02,    6.830927e-01,    1.327304e+00,   -1.823300e-03,    6.550500e-02,    2.844300e-03,   -4.478200e-03,    3.000000e-02,    3.000000e-02,    3.000000e-02,    3.000000e-02,
      1026,    3.981000e+01,   -5.844428e-03,    3.363713e-02,    1.505809e-02,   -5.807021e-02,    2.703343e-01,    3.996957e-01,    4.716363e-02,    1.548274e+00,    2.265600e-03,    4.562800e-02,    1.647300e-02,   -1.162200e-02,    3.000000e-02,    3.000000e-02,    3.000000e-02,    3.000000e-02,
      1026,    6.309500e+01,   -4.125174e-03,    8.253627e-03,    5.027376e-02,   -4.975789e-02,    1.011839e+00,    3.821124e-01,   -5.636921e-01,    1.181463e+00,    2.623000e-02,    1.971700e-02,    3.336300e-02,   -1.431400e-02,    3.000000e-02,    3.000000e-02,    3.000000e-02,    3.000000e-02,
      1027,    2.511800e+01,    5.182327e-02,    9.537316e-02,   -5.973275e-03,    1.315836e-01,    3.147245e-01,   -5.822052e-01,   -3.010242e-01,   -2.061199e-01,    6.126500e-02,    7.790700e-02,   -1.500400e-02,    1.254000e-01,    3.000000e-02,    3.000000e-02,    3.000000e-02,    3.000000e-02,
      1027,    3.981000e+01,    1.036412e-02,    1.025592e-01,   -5.283667e-02,    1.127628e-01,    7.876625e-01,   -3.778717e-01,   -2.991777e-01,   -2.092731e-03,    3.399400e-02,    9.122300e-02,   -6.181200e-02,    1.127000e-01,    3.000000e-02,    3.000000e-02,    3.000000e-02,    3.000000e-02,
      1027,    6.309500e+01,   -2.797198e-02,    9.758330e-02,   -8.662408e-02,    8.805696e-02,    9.595648e-01,   -7.537654e-02,   -8.085307e-01,    1.066807e-02,    8.149700e-04,    9.532200e-02,   -1.108800e-01,    8.837700e-02,    3.000000e-02,    3.000000e-02,    3.000000e-02,    3.000000e-02,
      1028,    2.511800e+01,    2.469924e-02,    6.057696e-02,   -6.006112e-02,    1.031550e-01,    3.179214e-02,   -5.350320e-01,    5.298373e-01,    1.524998e-01,    2.565300e-02,    4.452600e-02,   -4.416600e-02,    1.077300e-01,    3.000000e-02,    3.000000e-02,    3.000000e-02,    3.000000e-02,
      1028,    3.981000e+01,   -4.172038e-03,    6.089504e-02,   -9.221672e-02,    8.158807e-02,    4.893013e-01,   -5.525681e-01,    2.699575e-01,    5.464644e-01,    1.050700e-02,    4.431800e-02,   -8.411800e-02,    9.798200e-02,    3.000000e-02,    3.000000e-02,    3.000000e-02,    3.000000e-02,
      1028,    6.309500e+01,   -2.861325e-02,    5.021961e-02,   -1.119778e-01,    5.995982e-02,    7.484184e-01,   -2.213869e-01,   -3.167401e-01,    5.389392e-01,   -6.160700e-03,    4.357800e-02,   -1.214800e-01,    7.612800e-02,    3.000000e-02,    3.000000e-02,    3.000000e-02,    3.000000e-02,
      1029,    2.511800e+01,   -1.442481e-03,    4.469538e-02,   -2.028509e-02,   -1.186435e-03,   -1.544184e+00,    1.868541e-01,   -7.582303e-01,    2.191778e-01,   -4.776800e-02,    5.030100e-02,   -4.303200e-02,    5.388900e-03,    3.000000e-02,    3.000000e-02,    3.000000e-02,    3.000000e-02,
      1030,    3.981000e+01,   -1.181490e-01,    3.398841e-02,    1.198909e-01,   -3.561902e-02,    1.945233e+00,    1.071453e+00,   -1.151365e+00,    1.153597e+00,   -5.979200e-02,    6.613200e-02,    8.535000e-02,   -1.011100e-03,    3.000000e-02,    3.000000e-02,    3.000000e-02,    3.000000e-02,
      1030,    6.309500e+01,   -1.156162e-01,    4.520966e-04,    1.347648e-01,   -1.349786e-02,    1.258873e+00,    1.362263e+00,   -1.262026e+00,    4.916687e-01,   -7.785000e-02,    4.132000e-02,    9.690400e-02,    1.252200e-03,    3.000000e-02,    3.000000e-02,    3.000000e-02,    3.000000e-02,
      1031,    2.511800e+01,    1.004560e-02,    6.289395e-02,    4.901435e-03,   -1.523283e-02,   -1.957053e+00,   -4.965316e-01,   -6.031118e-02,    1.481394e+00,   -4.866600e-02,    4.799800e-02,    3.092100e-03,    2.920900e-02,    3.000000e-02,    3.000000e-02,    3.000000e-02,    3.000000e-02,
      1031,    3.981000e+01,   -9.856665e-03,    5.483299e-02,    1.778950e-02,   -2.059225e-02,   -1.194778e+00,   -3.603662e-01,   -3.908400e-01,    1.518875e+00,   -4.570000e-02,    4.402200e-02,    6.064300e-03,    2.497400e-02,    3.000000e-02,    3.000000e-02,    3.000000e-02,    3.000000e-02,
      1031,    6.309500e+01,   -2.807749e-02,    4.360460e-02,    2.687112e-02,   -2.018633e-02,   -4.309505e-01,   -1.958532e-01,   -5.367373e-01,    1.281911e+00,   -4.100600e-02,    3.772900e-02,    1.076900e-02,    1.827100e-02,    3.000000e-02,    3.000000e-02,    3.000000e-02,    3.000000e-02,
      1032,    2.511800e+01,    1.298818e-01,    1.067961e-01,   -8.651594e-03,   -2.508752e-03,    6.069607e+00,    1.374131e+00,    1.238020e+00,   -1.488042e+00,    3.119700e-01,    1.480200e-01,    2.848900e-02,   -4.715000e-02,    3.000000e-02,    3.000000e-02,    3.000000e-02,    3.000000e-02,
      1032,    3.981000e+01,    9.211695e-02,    1.041242e-01,    2.951229e-03,   -1.335441e-02,    2.381102e+00,    7.061922e-01,    1.787726e+00,   -1.134953e+00,    1.635500e-01,    1.253100e-01,    5.658300e-02,   -4.740300e-02,    3.000000e-02,    3.000000e-02,    3.000000e-02,    3.000000e-02,
      1032,    6.309500e+01,    5.744825e-02,    9.856123e-02,    1.663993e-02,   -1.269653e-02,   -2.511242e+00,   -2.519941e+00,    1.279022e-01,   -8.776823e-01,   -1.788900e-02,    2.296300e-02,    2.047700e-02,   -3.902700e-02,    3.000000e-02,    3.000000e-02,    3.000000e-02,    3.000000e-02,
      1033,    2.511800e+01,   -9.693923e-02,   -4.076338e-02,   -9.069837e-02,    6.493885e-03,   -5.383590e-01,   -4.810538e-01,    2.216455e-01,   -3.666095e-01,   -1.130900e-01,   -5.519500e-02,   -8.404900e-02,   -4.504400e-03,    3.000000e-02,    3.000000e-02,    3.000000e-02,    3.000000e-02,
      1033,    6.309500e+01,   -7.887690e-02,   -1.744248e-02,   -8.269310e-02,   -9.704376e-03,   -7.451034e-01,   -5.915506e-01,   -3.509965e-01,   -8.985414e-02,   -1.012300e-01,   -3.518900e-02,   -9.322300e-02,   -1.240000e-02,    3.000000e-02,    3.000000e-02,    3.000000e-02,    3.000000e-02,
      1034,    2.511800e+01,   -2.520704e-01,   -2.710446e-02,   -2.639276e-01,    3.806570e-02,   -1.643205e-01,    1.876820e-01,   -6.367469e-01,   -6.006234e-01,   -2.570000e-01,   -2.147400e-02,   -2.830300e-01,    2.004700e-02,    3.000000e-02,    3.000000e-02,    3.000000e-02,    3.000000e-02,
      1034,    3.981000e+01,   -2.185204e-01,   -8.497758e-02,   -2.615099e-01,   -3.301358e-02,   -8.086531e-01,   -4.703139e-01,   -4.803351e-01,   -2.793139e-01,   -2.427800e-01,   -9.908700e-02,   -2.759200e-01,   -4.139300e-02,    3.000000e-02,    3.000000e-02,    3.000000e-02,    3.000000e-02,
      1034,    6.309500e+01,   -1.645666e-01,   -1.177009e-01,   -2.273021e-01,   -9.211659e-02,   -1.006779e+00,   -1.665302e+00,   -3.805951e-01,   -6.924471e-01,   -1.947700e-01,   -1.676600e-01,   -2.387200e-01,   -1.128900e-01,    3.000000e-02,    3.000000e-02,    3.000000e-02,    3.000000e-02,
      1035,    2.511800e+01,   -6.203197e-02,    3.478355e-02,    1.607446e-01,   -3.055430e-02,   -5.552677e-01,    1.794850e-02,   -7.471540e-01,    1.055765e-01,   -7.869000e-02,    3.532200e-02,    1.383300e-01,   -2.738700e-02,    3.000000e-02,    3.000000e-02,    3.000000e-02,    3.000000e-02,
      1035,    3.981000e+01,   -6.987417e-02,    1.542551e-02,    1.793462e-01,   -5.393587e-03,   -9.805945e-01,   -4.318471e-01,   -9.268741e-01,   -5.598804e-01,   -9.929200e-02,    2.470100e-03,    1.515400e-01,   -2.219000e-02,    3.000000e-02,    3.000000e-02,    3.000000e-02,    3.000000e-02,
      1036,    2.511800e+01,    1.617827e-01,    2.095927e-01,    2.047708e-01,   -9.474887e-03,    3.289576e+00,    1.612243e+00,   -2.346928e-01,    3.766496e+00,    2.604700e-01,    2.579600e-01,    1.977300e-01,    1.035200e-01,    3.000000e-02,    3.000000e-02,    3.000000e-02,    3.000000e-02,
      1036,    3.981000e+01,    6.588544e-02,    2.169700e-01,    2.080449e-01,    4.017235e-03,    3.044152e+00,    3.223666e+00,   -9.649562e-02,    2.127226e+00,    1.572100e-01,    3.136800e-01,    2.051500e-01,    6.783400e-02,    3.000000e-02,    3.000000e-02,    3.000000e-02,    3.000000e-02,
      1036,    6.309500e+01,   -2.106935e-02,    1.917897e-01,    2.042938e-01,    1.817656e-02,   -7.383218e-01,    4.295344e+00,    2.522067e-01,   -1.505521e-01,   -4.321900e-02,    3.206500e-01,    2.118600e-01,    1.366000e-02,    3.000000e-02,    3.000000e-02,    3.000000e-02,    3.000000e-02,
      1037,    6.309500e+01,   -4.428571e-02,    6.983248e-02,   -3.136383e-01,   -4.608317e-02,   -1.081143e+00,   -2.064706e+00,   -1.272058e+00,   -6.544894e+00,   -7.672000e-02,    7.891300e-03,   -3.518000e-01,   -2.424300e-01,    3.000000e-02,    3.000000e-02,    3.000000e-02,    3.000000e-02,
      1038,    2.511800e+01,   -3.499353e-02,    6.584263e-02,   -6.780686e-02,    6.065106e-03,    3.411511e-01,    2.443579e+00,   -2.627381e-01,   -3.423137e+00,   -2.475900e-02,    1.391500e-01,   -7.568900e-02,   -9.662900e-02,    3.000000e-02,    3.000000e-02,    3.000000e-02,    3.000000e-02,
      1038,    3.981000e+01,   -4.837889e-02,    1.438063e-02,   -6.881154e-02,   -2.004526e-03,   -3.487036e-01,   -5.893688e+00,    2.180181e-01,   -3.672182e+00,   -5.884000e-02,   -1.624300e-01,   -6.227100e-02,   -1.121700e-01,    3.000000e-02,    3.000000e-02,    3.000000e-02,    3.000000e-02,
      1039,    2.511800e+01,    1.725446e-01,    5.555441e-02,    2.770193e-01,    2.049465e-01,    1.688464e-01,    1.140586e+00,   -7.453104e-01,   -2.188820e-01,    1.776100e-01,    8.977200e-02,    2.546600e-01,    1.983800e-01,    3.000000e-02,    3.000000e-02,    3.000000e-02,    3.000000e-02,
      1039,    3.981000e+01,    1.512102e-01,    6.556785e-02,    1.817824e-01,    2.113932e-01,   -1.693397e-01,    8.453050e-01,   -1.908064e-02,   -4.754409e-01,    1.461300e-01,    9.092700e-02,    1.812100e-01,    1.971300e-01,    3.000000e-02,    3.000000e-02,    3.000000e-02,    3.000000e-02,
      1039,    6.309500e+01,    1.293099e-01,    7.442900e-02,    9.975616e-02,    1.834643e-01,   -3.689978e-01,    4.212000e-01,    7.812803e-02,   -3.878106e-01,    1.182400e-01,    8.706500e-02,    1.021000e-01,    1.718300e-01,    3.000000e-02,    3.000000e-02,    3.000000e-02,    3.000000e-02,
      1040,    2.511800e+01,   -4.438077e-02,    8.143994e-02,   -1.356745e-01,   -1.996034e-01,    3.045591e-01,   -4.809790e-02,   -1.755172e-01,   -2.695544e-01,   -3.524400e-02,    7.999700e-02,   -1.409400e-01,   -2.076900e-01,    3.000000e-02,    3.000000e-02,    3.000000e-02,    3.000000e-02,
      1040,    3.981000e+01,   -6.091039e-02,    5.730112e-02,   -5.745350e-02,   -2.024939e-01,    2.054463e-01,    4.712294e-01,    5.507167e-01,   -8.586940e-02,   -5.474700e-02,    7.143800e-02,   -4.093200e-02,   -2.050700e-01,    3.000000e-02,    3.000000e-02,    3.000000e-02,    3.000000e-02,
      1040,    6.309500e+01,   -6.566391e-02,    4.426801e-02,    1.949956e-02,   -1.868500e-01,   -2.357695e-01,    8.955995e-01,    6.924148e-01,   -2.000093e-02,   -7.273700e-02,    7.113600e-02,    4.027200e-02,   -1.874500e-01,    3.000000e-02,    3.000000e-02,    3.000000e-02,    3.000000e-02,
      1041,    2.511800e+01,    4.014333e-02,    1.339902e-02,    9.356594e-02,   -6.200399e-02,    3.222169e-03,   -6.900593e-03,   -7.875314e-01,    5.782997e-01,    4.024000e-02,    1.319200e-02,    6.994000e-02,   -4.465500e-02,    3.000000e-02,    3.000000e-02,    3.000000e-02,    3.000000e-02,
      1041,    3.981000e+01,    4.068531e-02,    4.562519e-03,    1.056739e-01,   -5.497610e-02,    1.309564e-01,   -3.911140e-01,   -2.063959e-01,   -1.346634e-01,    4.461400e-02,   -7.170900e-03,    9.948200e-02,   -5.901600e-02,    3.000000e-02,    3.000000e-02,    3.000000e-02,    3.000000e-02,
      1041,    6.309500e+01,    4.016033e-02,   -2.789217e-03,    1.189211e-01,   -5.623482e-02,    5.497224e-01,   -4.794594e-01,    1.166296e+00,   -3.238059e-01,    5.665200e-02,   -1.717300e-02,    1.539100e-01,   -6.594900e-02,    3.000000e-02,    3.000000e-02,    3.000000e-02,    3.000000e-02,
      1042,    2.511800e+01,    9.889699e-03,    3.948359e-02,    5.882097e-03,   -2.287916e-03,   -1.838066e-01,    4.688137e-01,    6.215301e-01,    4.087605e-01,    4.375500e-03,    5.354800e-02,    2.452800e-02,    9.974900e-03,    3.000000e-02,    3.000000e-02,    3.000000e-02,    3.000000e-02,
      1042,    3.981000e+01,    1.415894e-02,    1.742116e-02,    9.337118e-04,    4.398648e-03,   -5.180914e-01,    4.871614e-01,    4.218429e-01,    1.771951e-01,   -1.383800e-03,    3.203600e-02,    1.358900e-02,    9.714500e-03,    3.000000e-02,    3.000000e-02,    3.000000e-02,    3.000000e-02,
      1042,    6.309500e+01,    2.381147e-02,    1.671007e-02,   -7.434218e-03,    2.341967e-03,   -9.828557e-01,    1.300977e-01,    3.304406e-01,    5.454443e-02,   -5.674200e-03,    2.061300e-02,    2.479000e-03,    3.978300e-03,    3.000000e-02,    3.000000e-02,    3.000000e-02,    3.000000e-02,
      1043,    2.511800e+01,    8.507635e-02,   -7.189751e-02,   -1.891690e-02,   -5.433129e-02,    5.588184e-03,   -4.402165e-01,   -9.670699e-01,    2.529763e-01,    8.524400e-02,   -8.510400e-02,   -4.792900e-02,   -4.674200e-02,    3.000000e-02,    3.000000e-02,    3.000000e-02,    3.000000e-02,
      1043,    3.981000e+01,    1.146306e-01,   -6.198222e-02,    1.218840e-02,   -6.225744e-02,    8.998159e-02,   -4.047926e-01,   -9.701132e-01,   -5.813188e-01,    1.173300e-01,   -7.412600e-02,   -1.691500e-02,   -7.969700e-02,    3.000000e-02,    3.000000e-02,    3.000000e-02,    3.000000e-02,
      1043,    6.309500e+01,    1.389602e-01,   -4.317613e-02,    4.025312e-02,   -5.870942e-02,    4.283250e-01,   -1.857958e-01,   -2.425375e-01,   -8.259194e-01,    1.518100e-01,   -4.875000e-02,    3.297700e-02,   -8.348700e-02,    3.000000e-02,    3.000000e-02,    3.000000e-02,    3.000000e-02,
      1044,    2.511800e+01,    7.129961e-02,    1.509629e-01,    4.924671e-02,    2.077541e-02,    3.045346e+00,    1.369019e-01,    1.164843e+00,    1.337520e+00,    1.626600e-01,    1.550700e-01,    8.419200e-02,    6.090100e-02,    3.000000e-02,    3.000000e-02,    3.000000e-02,    3.000000e-02,
      1044,    3.981000e+01,    1.098912e-02,    1.414933e-01,    4.321482e-02,    2.273929e-02,    2.841663e+00,    1.348894e-01,    7.796725e-01,    1.162824e+00,    9.623900e-02,    1.455400e-01,    6.660500e-02,    5.762400e-02,    3.000000e-02,    3.000000e-02,    3.000000e-02,    3.000000e-02,
      1044,    6.309500e+01,   -3.608676e-02,    1.186454e-01,    3.859727e-02,    2.517917e-02,    1.060009e+00,    3.801528e-01,    3.949094e-02,    9.510276e-01,   -4.286500e-03,    1.300500e-01,    3.978200e-02,    5.371000e-02,    3.000000e-02,    3.000000e-02,    3.000000e-02,    3.000000e-02,
      1045,    2.511800e+01,    9.271319e-02,    8.322557e-02,   -2.053124e-01,    1.713468e-01,    3.342270e-01,   -1.315552e+00,   -4.755879e-01,   -5.312262e-01,    1.027400e-01,    4.375900e-02,   -2.195800e-01,    1.554100e-01,    3.000000e-02,    3.000000e-02,    3.000000e-02,    3.000000e-02,
      1045,    3.981000e+01,    5.470598e-02,    9.193741e-02,   -2.654090e-01,    1.389975e-01,    4.826674e-01,   -1.321214e+00,    1.119667e-01,   -1.299170e-01,    6.918600e-02,    5.230100e-02,   -2.620500e-01,    1.351000e-01,    3.000000e-02,    3.000000e-02,    3.000000e-02,    3.000000e-02,
      1045,    6.309500e+01,    1.963484e-02,    8.854542e-02,   -3.070552e-01,    9.772001e-02,   -1.709615e-01,   -7.230473e-01,   -3.982808e-02,    1.129957e-02,    1.450600e-02,    6.685400e-02,   -3.082500e-01,    9.805900e-02,    3.000000e-02,    3.000000e-02,    3.000000e-02,    3.000000e-02,
      1046,    2.511800e+01,   -9.421434e-02,   -3.281953e-02,    2.321196e-02,    1.199842e-01,    7.814446e-01,    3.815176e-01,   -6.045420e-01,   -5.211395e-01,   -7.077100e-02,   -2.137400e-02,    5.075700e-03,    1.043500e-01,    3.000000e-02,    3.000000e-02,    3.000000e-02,    3.000000e-02,
      1046,    3.981000e+01,   -7.541355e-02,   -5.234272e-02,   -1.709807e-02,    1.084985e-01,    4.983849e-01,    6.660573e-01,   -2.772976e-01,   -5.741508e-01,   -6.046200e-02,   -3.236100e-02,   -2.541700e-02,    9.127400e-02,    3.000000e-02,    3.000000e-02,    3.000000e-02,    3.000000e-02,
      1046,    6.309500e+01,   -4.632203e-02,   -6.162959e-02,   -5.083939e-02,    9.349107e-02,    2.390011e-01,    7.288195e-01,    2.141315e-02,   -2.892023e-01,   -3.915200e-02,   -3.976500e-02,   -5.019700e-02,    8.481500e-02,    3.000000e-02,    3.000000e-02,    3.000000e-02,    3.000000e-02,
