MT,
     StaID,        Freq[Hz],     Re(Zxx)_Cal,     Im(Zxx)_Cal,     Re(Zxy)_Cal,     Im(Zxy)_Cal,     Re(Zyx)_Cal,     Im(Zyx)_Cal,     Re(Zyy)_Cal,     Im(Zyy)_Cal,     Re(Zxx)_Res,     Im(Zxx)_Res,     Re(Zxy)_Res,     Im(Zxy)_Res,     Re(Zyx)_Res,     Im(Zyx)_Res,     Re(Zyy)_Res,     Im(Zyy)_Res,     Re(Zxx)_Obs,     Im(Zxx)_Obs,     Re(Zxy)_Obs,     Im(Zxy)_Obs,     Re(Zyx)_Obs,     Im(Zyx)_Obs,     Re(Zyy)_Obs,     Im(Zyy)_Obs,      Re(Zxx)_SD,      Im(Zxx)_SD,      Re(Zxy)_SD,      Im(Zxy)_SD,      Re(Zyx)_SD,      Im(Zyx)_SD,      Re(Zyy)_SD,      Im(Zyy)_SD,
         1,    6.309500e+00,   -1.902760e-02,   -1.524794e-03,    3.532777e-02,   -2.647363e-02,   -7.171485e-02,    2.833985e-02,    2.319524e-02,   -1.098585e-02,   -3.774934e-01,   -2.717460e-01,   -4.654350e-01,    4.464812e-02,   -8.029098e-01,    3.408123e-01,    6.503892e-01,   -7.196008e-01,   -2.072500e-02,   -2.746700e-03,    3.396600e-02,   -2.634300e-02,   -7.406400e-02,    2.933700e-02,    2.817000e-02,   -1.649000e-02,    4.496500e-03,    4.496500e-03,    2.925800e-03,    2.925800e-03,    2.925800e-03,    2.925800e-03,    7.648900e-03,    7.648900e-03,
         1,    1.000000e+01,   -1.687735e-02,   -2.228137e-03,    4.285222e-02,   -2.997990e-02,   -7.680988e-02,    3.277368e-02,    2.601664e-02,   -1.275402e-02,   -3.019741e-01,   -5.114061e-01,   -9.551076e-01,    1.240806e-01,   -3.937813e-01,   -7.082701e-01,    8.069604e-01,   -7.705801e-01,   -1.826100e-02,   -4.571400e-03,    3.977400e-02,   -2.958000e-02,   -7.807900e-02,    3.049100e-02,    3.285700e-02,   -1.928600e-02,    4.582000e-03,    4.582000e-03,    3.222900e-03,    3.222900e-03,    3.222900e-03,    3.222900e-03,    8.476700e-03,    8.476700e-03,
         1,    1.584800e+01,   -1.474188e-02,   -9.094809e-04,    4.941915e-02,   -3.447347e-02,   -8.257573e-02,    4.179402e-02,    2.882272e-02,   -1.525625e-02,    5.003234e-02,   -7.985811e-01,   -8.035125e-01,   -7.861329e-02,    2.248309e-01,   -9.955033e-01,    1.042215e+00,   -7.375537e-01,   -1.451900e-02,   -4.467000e-03,    4.651100e-02,   -3.475800e-02,   -8.176200e-02,    3.819100e-02,    3.875200e-02,   -2.228300e-02,    4.454800e-03,    4.454800e-03,    3.619300e-03,    3.619300e-03,    3.619300e-03,    3.619300e-03,    9.527100e-03,    9.527100e-03,
         1,    2.511800e+01,   -1.415818e-02,    1.961618e-03,    5.543111e-02,   -4.276145e-02,   -9.186043e-02,    5.582287e-02,    3.205511e-02,   -1.941362e-02,    9.055687e-01,   -1.009033e+00,    1.835397e-02,   -4.336512e-01,    4.958839e-01,    3.129383e-01,    1.213522e+00,   -5.268822e-01,   -1.041700e-02,   -2.207000e-03,    5.551100e-02,   -4.464900e-02,   -8.970200e-02,    5.718500e-02,    4.561500e-02,   -2.530100e-02,    4.131300e-03,    4.131300e-03,    4.352700e-03,    4.352700e-03,    4.352700e-03,    4.352700e-03,    1.117400e-02,    1.117400e-02,
         1,    3.981000e+01,   -1.583492e-02,    4.822621e-03,    6.341411e-02,   -5.697756e-02,   -1.062469e-01,    7.353402e-02,    3.704116e-02,   -2.552747e-02,    1.539380e+00,   -8.020946e-01,   -2.118854e-01,    4.932123e-01,    7.640744e-01,   -5.652394e-01,    1.038625e+00,   -1.903111e-01,   -9.366600e-03,    1.452300e-03,    6.233900e-02,   -5.447500e-02,   -1.023700e-01,    7.066600e-02,    5.021300e-02,   -2.794100e-02,    4.201900e-03,    4.201900e-03,    5.074000e-03,    5.074000e-03,    5.074000e-03,    5.074000e-03,    1.268200e-02,    1.268200e-02,
         1,    6.309500e+01,   -1.893109e-02,    6.131351e-03,    7.630327e-02,   -7.728773e-02,   -1.251584e-01,    9.460009e-02,    4.477023e-02,   -3.258973e-02,    1.477672e+00,   -5.360277e-02,   -1.450453e-01,    7.732533e-01,   -1.125362e-02,   -5.767227e-01,    1.022047e+00,    7.402049e-02,   -1.094900e-02,    5.841800e-03,    7.538100e-02,   -7.237100e-02,   -1.252300e-01,    9.093300e-02,    6.052100e-02,   -3.144900e-02,    5.401800e-03,    5.401800e-03,    6.358500e-03,    6.358500e-03,    6.358500e-03,    6.358500e-03,    1.541100e-02,    1.541100e-02,
         2,    6.309500e+00,   -1.294023e-02,   -4.700754e-03,    3.579122e-02,   -3.373049e-02,   -3.237550e-02,    2.354365e-02,   -3.806179e-05,    2.996450e-03,   -8.769314e-01,    1.275360e-01,   -4.025583e-01,   -1.800519e-01,    1.293951e-01,    5.595874e-01,   -7.532864e-02,    5.835993e-01,   -1.675400e-02,   -4.146100e-03,    3.462300e-02,   -3.425300e-02,   -3.208800e-02,    2.478700e-02,   -1.843500e-04,    4.129800e-03,    4.349000e-03,    4.349000e-03,    2.902000e-03,    2.902000e-03,    2.221900e-03,    2.221900e-03,    1.942000e-03,    1.942000e-03,
         2,    1.000000e+01,   -1.000600e-02,   -6.266528e-03,    4.471426e-02,   -4.108545e-02,   -3.681228e-02,    3.023944e-02,   -7.163564e-04,    3.741568e-03,   -1.056971e+00,    6.290051e-02,   -5.654832e-01,   -2.143587e-01,   -3.627250e-01,    1.479315e-01,    6.748777e-02,    6.514683e-01,   -1.493000e-02,   -5.973500e-03,    4.313000e-02,   -4.168600e-02,   -3.779200e-02,    3.063900e-02,   -5.530900e-04,    5.317600e-03,    4.658600e-03,    4.658600e-03,    2.801600e-03,    2.801600e-03,    2.701000e-03,    2.701000e-03,    2.419200e-03,    2.419200e-03,
         2,    1.584800e+01,   -6.561597e-03,   -6.067730e-03,    5.424123e-02,   -5.063904e-02,   -4.263521e-02,    4.060478e-02,   -1.559249e-03,    4.887566e-03,   -1.249461e+00,    7.932714e-02,   -1.805857e-01,   -4.186204e-01,   -9.233056e-01,   -2.021270e-01,    3.268264e-02,    5.446303e-01,   -1.258200e-02,   -5.685500e-03,    5.363300e-02,   -5.204900e-02,   -4.574500e-02,    3.992400e-02,   -1.460400e-03,    6.534800e-03,    4.818400e-03,    4.818400e-03,    3.368100e-03,    3.368100e-03,    3.368100e-03,    3.368100e-03,    3.024500e-03,    3.024500e-03,
         2,    2.511800e+01,   -3.989500e-03,   -4.244273e-03,    6.531940e-02,   -6.478964e-02,   -5.150039e-02,    5.538192e-02,   -2.841160e-03,    6.527477e-03,   -1.087230e+00,   -9.302948e-02,    6.391143e-01,   -5.821802e-01,   -1.356531e+00,   -1.226843e-01,   -1.645394e-01,    4.210097e-01,   -9.093500e-03,   -4.681000e-03,    6.810600e-02,   -6.732800e-02,   -5.741500e-02,    5.484700e-02,   -3.498100e-03,    8.208400e-03,    4.694500e-03,    4.694500e-03,    4.360100e-03,    4.360100e-03,    4.360100e-03,    4.360100e-03,    3.992600e-03,    3.992600e-03,
         2,    3.981000e+01,   -3.074986e-03,   -2.035777e-03,    8.079172e-02,   -8.499198e-02,   -6.490612e-02,    7.479660e-02,   -5.015507e-03,    8.583671e-03,   -4.576384e-01,   -1.627001e-01,    1.034399e+00,   -5.251324e-01,   -1.471179e+00,    2.963726e-01,   -4.128407e-01,    2.914414e-01,   -4.874100e-03,   -2.675400e-03,    8.670900e-02,   -8.799600e-02,   -7.332200e-02,    7.649200e-02,   -7.269700e-03,    1.017500e-02,    3.931300e-03,    3.931300e-03,    5.720500e-03,    5.720500e-03,    5.720500e-03,    5.720500e-03,    5.460200e-03,    5.460200e-03,
         2,    6.309500e+01,   -2.962262e-03,   -7.796819e-04,    1.031881e-01,   -1.104014e-01,   -8.399752e-02,    9.899074e-02,   -8.456252e-03,    1.039674e-02,    2.583647e-01,    7.477249e-02,    7.451609e-01,   -1.369934e-01,   -1.112487e+00,    2.605479e-01,   -5.361168e-01,    1.399923e-01,   -2.229100e-03,   -5.675000e-04,    1.086200e-01,   -1.114000e-01,   -9.210700e-02,    1.008900e-01,   -1.230600e-02,    1.140200e-02,    2.837700e-03,    2.837700e-03,    7.289500e-03,    7.289500e-03,    7.289500e-03,    7.289500e-03,    7.180800e-03,    7.180800e-03,
         3,    3.981000e+01,    8.202878e-03,   -1.246859e-02,    8.742696e-02,   -8.472918e-02,   -6.101641e-02,    7.448671e-02,   -2.067687e-02,    1.877726e-02,   -2.930716e+00,   -9.341401e-02,   -1.949211e+00,   -1.957011e+00,    3.863378e-01,   -2.770884e-01,   -5.621234e-01,    1.530590e+00,   -1.289300e-02,   -1.314100e-02,    6.597200e-02,   -1.062700e-01,   -5.892400e-02,    7.298600e-02,   -2.598000e-02,    3.321700e-02,    7.198200e-03,    7.198200e-03,    1.100700e-02,    1.100700e-02,    5.416000e-03,    5.416000e-03,    9.434100e-03,    9.434100e-03,
         3,    6.309500e+01,    1.133481e-02,   -1.438665e-02,    1.105966e-01,   -1.064412e-01,   -8.003482e-02,    9.684705e-02,   -2.652380e-02,    2.247702e-02,   -2.051015e+00,   -5.890179e-01,   -6.865103e-01,   -2.477863e+00,   -2.415763e-02,    1.624417e-01,   -1.173395e+00,    9.788116e-01,   -6.693200e-03,   -1.956400e-02,    1.042800e-01,   -1.292400e-01,   -8.021000e-02,    9.802500e-02,   -4.103400e-02,    3.458100e-02,    8.789800e-03,    8.789800e-03,    9.201000e-03,    9.201000e-03,    7.251500e-03,    7.251500e-03,    1.236600e-02,    1.236600e-02,
         4,    6.309500e+00,   -7.555220e-04,    4.699321e-03,    4.547758e-02,   -3.708196e-02,   -4.447696e-02,    4.754040e-02,   -7.952910e-03,    1.261406e-03,   -4.640132e-01,    1.692487e-01,    4.767310e-01,   -4.456371e-01,   -9.449896e-01,   -5.633190e-01,   -3.006111e-01,   -1.847082e-02,   -2.033600e-03,    5.165500e-03,    4.698600e-02,   -3.849200e-02,   -4.746700e-02,    4.575800e-02,   -9.059700e-03,    1.193400e-03,    2.754400e-03,    2.754400e-03,    3.164100e-03,    3.164100e-03,    3.164100e-03,    3.164100e-03,    3.681800e-03,    3.681800e-03,
         4,    1.000000e+01,   -2.427659e-03,    7.065870e-03,    5.392868e-02,   -4.720526e-02,   -5.564041e-02,    6.065344e-02,   -9.634083e-03,   -2.115825e-03,   -6.037517e-01,   -9.331158e-02,    2.462671e-01,    2.139664e-03,   -9.291730e-01,   -9.130679e-01,   -3.043810e-01,   -1.169973e-01,   -4.629300e-03,    6.725600e-03,    5.487900e-02,   -4.719700e-02,   -5.922600e-02,    5.713000e-02,   -1.102900e-02,   -2.652000e-03,    3.646600e-03,    3.646600e-03,    3.858900e-03,    3.858900e-03,    3.858900e-03,    3.858900e-03,    4.582800e-03,    4.582800e-03,
         4,    1.584800e+01,   -4.601897e-03,    9.337746e-03,    6.412078e-02,   -6.105286e-02,   -6.917694e-02,    7.836346e-02,   -9.981913e-03,   -6.968874e-03,   -7.636873e-01,   -6.875200e-01,   -1.583941e-01,    5.250052e-02,   -3.494311e-01,   -1.442007e+00,   -2.981598e-01,   -2.014284e-01,   -8.026500e-03,    6.254700e-03,    6.337600e-02,   -6.080600e-02,   -7.082000e-02,    7.158300e-02,   -1.167400e-02,   -8.112000e-03,    4.484300e-03,    4.484300e-03,    4.702100e-03,    4.702100e-03,    4.702100e-03,    4.702100e-03,    5.675100e-03,    5.675100e-03,
         4,    2.511800e+01,   -7.474167e-03,    1.207793e-02,    7.677003e-02,   -8.028496e-02,   -8.637017e-02,    1.029299e-01,   -8.904437e-03,   -1.321286e-02,   -3.854496e-01,   -1.241776e+00,   -9.539808e-02,    6.008106e-02,    3.960290e-01,   -1.601805e+00,   -1.338367e-01,   -3.705880e-01,   -9.490300e-03,    5.582700e-03,    7.620800e-02,   -7.993100e-02,   -8.403700e-02,    9.349300e-02,   -9.878500e-03,   -1.591000e-02,    5.230600e-03,    5.230600e-03,    5.891400e-03,    5.891400e-03,    5.891400e-03,    5.891400e-03,    7.278000e-03,    7.278000e-03,
         4,    3.981000e+01,   -1.157670e-02,    1.473666e-02,    9.289518e-02,   -1.071726e-01,   -1.096880e-01,    1.366320e-01,   -5.920523e-03,   -2.141299e-02,   -2.855033e-01,   -1.784690e+00,    3.972594e-02,   -4.193885e-01,    1.079772e+00,   -1.357500e+00,   -5.459562e-03,   -4.981166e-01,   -1.348700e-02,    2.795300e-03,    9.319900e-02,   -1.103800e-01,   -1.014300e-01,    1.262500e-01,   -5.974700e-03,   -2.635600e-02,    6.691000e-03,    6.691000e-03,    7.647900e-03,    7.647900e-03,    7.647900e-03,    7.647900e-03,    9.923400e-03,    9.923400e-03,
         4,    6.309500e+01,   -1.591052e-02,    1.678518e-02,    1.140867e-01,   -1.450686e-01,   -1.419852e-01,    1.810821e-01,    2.253666e-04,   -3.147888e-02,    1.613392e-01,   -1.102678e+00,    2.504423e-01,   -7.746432e-01,    1.041544e+00,   -9.290912e-02,    9.532735e-02,   -5.529593e-01,   -1.455200e-02,    7.500300e-03,    1.166800e-01,   -1.530900e-01,   -1.312000e-01,    1.801200e-01,    1.563000e-03,   -3.923800e-02,    8.420300e-03,    8.420300e-03,    1.035500e-02,    1.035500e-02,    1.035500e-02,    1.035500e-02,    1.403200e-02,    1.403200e-02,
         5,    6.309500e+00,   -7.968981e-03,   -7.071270e-03,    3.865059e-02,   -3.355617e-02,   -3.900819e-02,    2.064811e-02,   -9.152616e-04,    2.310419e-03,   -1.657504e-01,   -5.734436e-01,    2.641353e-01,   -2.636540e-02,    1.133889e-01,    2.933185e-02,    1.312762e+00,    1.564996e-01,   -8.604800e-03,   -9.271000e-03,    3.928000e-02,   -3.361900e-02,   -3.873800e-02,    2.071800e-02,    1.301600e-03,    2.574700e-03,    3.836000e-03,    3.836000e-03,    2.382900e-03,    2.382900e-03,    2.382900e-03,    2.382900e-03,    1.688700e-03,    1.688700e-03,
         5,    1.000000e+01,   -4.970042e-03,   -9.688293e-03,    4.811778e-02,   -3.927997e-02,   -4.343668e-02,    2.353019e-02,   -1.516473e-03,    2.105367e-03,    1.175956e-01,   -7.174491e-01,   -6.594893e-02,    2.312764e-01,    1.177162e-01,   -2.335433e-01,    1.155226e+00,    2.642143e-01,   -4.460500e-03,   -1.279700e-02,    4.793700e-02,   -3.864600e-02,   -4.311400e-02,    2.289000e-02,    4.306600e-04,    2.550700e-03,    4.333000e-03,    4.333000e-03,    2.741200e-03,    2.741200e-03,    2.741200e-03,    2.741200e-03,    1.685500e-03,    1.685500e-03,
         5,    1.584800e+01,   -8.546818e-04,   -1.167571e-02,    5.743522e-02,   -4.639380e-02,   -4.727406e-02,    2.880137e-02,   -1.807897e-03,    2.203679e-03,    5.521475e-01,   -7.647047e-01,    2.588642e-01,   -4.395140e-02,    6.052006e-02,   -3.675143e-01,    6.976992e-01,    3.538693e-01,    1.981700e-03,   -1.560400e-02,    5.826100e-02,   -4.653400e-02,   -4.708100e-02,    2.762900e-02,   -4.878500e-04,    2.873200e-03,    5.137000e-03,    5.137000e-03,    3.190000e-03,    3.190000e-03,    3.190000e-03,    3.190000e-03,    1.892000e-03,    1.892000e-03,
         5,    2.511800e+01,    4.367420e-03,   -1.265439e-02,    6.709018e-02,   -5.754093e-02,   -5.154378e-02,    3.842326e-02,   -2.288031e-03,    2.896932e-03,    7.459419e-01,   -7.428354e-01,    7.914511e-01,    2.140959e-01,   -1.499886e-01,    3.998391e-01,    3.283914e-01,    4.229900e-01,    9.067600e-03,   -1.733500e-02,    7.013600e-02,   -5.671700e-02,   -5.212100e-02,    3.996200e-02,   -1.468300e-03,    3.952800e-03,    6.301000e-03,    6.301000e-03,    3.848400e-03,    3.848400e-03,    3.848400e-03,    3.848400e-03,    2.496200e-03,    2.496200e-03,
         5,    3.981000e+01,    1.040210e-02,   -1.158225e-02,    7.962999e-02,   -7.484026e-02,   -5.867069e-02,    5.408719e-02,   -3.756129e-03,    3.846016e-03,    7.569643e-01,   -3.858157e-01,   -8.602339e-04,    1.057350e+00,   -1.689912e-01,    2.940698e-01,    1.772266e-01,    5.501630e-01,    1.580100e-02,   -1.433400e-02,    7.962600e-02,   -6.993300e-02,   -5.945500e-02,    5.545200e-02,   -3.142500e-03,    5.750900e-03,    7.132300e-03,    7.132300e-03,    4.641100e-03,    4.641100e-03,    4.641100e-03,    4.641100e-03,    3.462400e-03,    3.462400e-03,
         5,    6.309500e+01,    1.548593e-02,   -7.484368e-03,    9.810014e-02,   -9.833617e-02,   -7.214381e-02,    7.558964e-02,   -6.379422e-03,    3.673323e-03,    9.809574e-01,   -1.590008e-02,   -4.405631e-01,    9.074899e-01,   -3.124748e-01,    7.550335e-01,    2.104130e-01,    5.598303e-01,    2.400800e-02,   -7.622500e-03,    9.544500e-02,   -9.286700e-02,   -7.402700e-02,    8.014000e-02,   -5.433300e-03,    6.190600e-03,    8.687500e-03,    8.687500e-03,    6.026700e-03,    6.026700e-03,    6.026700e-03,    6.026700e-03,    4.496500e-03,    4.496500e-03,
         6,    6.309500e+00,    1.225077e-01,   -6.527322e-02,    8.661566e-02,   -7.993441e-02,   -1.647229e-01,    1.052504e-01,   -8.535508e-02,    6.266621e-02,    1.493807e-01,    1.862751e-01,   -3.328416e-01,   -1.442099e-01,   -5.893041e-01,   -3.923053e-01,    4.397590e-01,   -2.892740e-01,    1.253700e-01,   -6.170400e-02,    8.408700e-02,   -8.103000e-02,   -1.692000e-01,    1.022700e-01,   -7.631100e-02,    5.671700e-02,    1.916100e-02,    1.916100e-02,    7.597200e-03,    7.597200e-03,    7.597200e-03,    7.597200e-03,    2.056600e-02,    2.056600e-02,
         6,    1.000000e+01,    1.478510e-01,   -6.307049e-02,    1.113444e-01,   -9.393657e-02,   -2.006419e-01,    1.125554e-01,   -1.082223e-01,    6.567862e-02,    5.099574e-02,    2.658726e-01,   -2.794976e-01,   -2.278554e-02,   -3.963394e-01,   -6.530870e-01,    4.744306e-01,   -3.063988e-01,    1.490100e-01,   -5.702800e-02,    1.088000e-01,   -9.414400e-02,   -2.042500e-01,    1.066100e-01,   -9.674300e-02,    5.826500e-02,    2.272700e-02,    2.272700e-02,    9.103500e-03,    9.103500e-03,    9.103500e-03,    9.103500e-03,    2.419600e-02,    2.419600e-02,
         6,    1.584800e+01,    1.712667e-01,   -5.455505e-02,    1.394802e-01,   -1.085986e-01,   -2.362826e-01,    1.158537e-01,   -1.319203e-01,    6.511904e-02,   -3.154822e-02,    3.063174e-01,   -4.009927e-01,    1.012879e-01,   -3.115182e-01,   -7.863343e-01,    5.799037e-01,   -3.946934e-01,    1.704400e-01,   -4.652800e-02,    1.352100e-01,   -1.075200e-01,   -2.396000e-01,    1.074800e-01,   -1.159700e-01,    5.426300e-02,    2.620500e-02,    2.620500e-02,    1.064900e-02,    1.064900e-02,    1.064900e-02,    1.064900e-02,    2.750500e-02,    2.750500e-02,
         6,    2.511800e+01,    1.900503e-01,   -4.076376e-02,    1.706767e-01,   -1.244572e-01,   -2.690686e-01,    1.178703e-01,   -1.555085e-01,    6.006351e-02,   -1.605802e-01,    2.612993e-01,   -5.211540e-01,   -7.122395e-02,    2.762573e-02,   -5.638753e-01,    8.125976e-01,   -3.140188e-01,    1.853000e-01,   -3.303400e-02,    1.642900e-01,   -1.253300e-01,   -2.687300e-01,    1.109600e-01,   -1.308900e-01,    5.055000e-02,    2.958200e-02,    2.958200e-02,    1.225500e-02,    1.225500e-02,    1.225500e-02,    1.225500e-02,    3.029600e-02,    3.029600e-02,
         6,    3.981000e+01,    2.024447e-01,   -2.332184e-02,    2.040656e-01,   -1.431263e-01,   -2.983261e-01,    1.227863e-01,   -1.765533e-01,    4.966787e-02,   -1.909255e-01,    1.827314e-01,   -2.829634e-01,   -3.041798e-01,    2.787267e-01,   -2.388858e-01,    9.112365e-01,   -3.359825e-01,    1.961100e-01,   -1.725900e-02,    2.000900e-01,   -1.474000e-01,   -2.944100e-01,    1.194300e-01,   -1.465600e-01,    3.860900e-02,    3.317900e-02,    3.317900e-02,    1.405000e-02,    1.405000e-02,    1.405000e-02,    1.405000e-02,    3.291500e-02,    3.291500e-02,
         6,    6.309500e+01,    2.072119e-01,   -3.809748e-03,    2.397216e-01,   -1.680236e-01,   -3.254895e-01,    1.348919e-01,   -1.919570e-01,    3.486207e-02,   -1.648722e-01,    3.516204e-02,   -1.646801e-01,   -6.449561e-01,    4.574186e-01,   -2.110068e-01,    1.021083e+00,   -4.844912e-01,    2.011700e-01,   -2.521200e-03,    2.370900e-01,   -1.783300e-01,   -3.181800e-01,    1.315200e-01,   -1.563100e-01,    1.794800e-02,    3.664600e-02,    3.664600e-02,    1.598000e-02,    1.598000e-02,    1.598000e-02,    1.598000e-02,    3.491100e-02,    3.491100e-02,
         7,    6.309500e+00,    3.774776e-03,    1.074308e-03,    3.145682e-02,   -3.388602e-02,   -4.110092e-02,    3.818898e-02,   -5.383156e-03,    6.604109e-03,    3.178567e-01,    5.060586e-01,    7.218149e-01,   -6.840313e-01,   -5.366251e-01,    2.285241e-01,   -6.897086e-01,    3.394242e-02,    4.524600e-03,    2.268100e-03,    3.337100e-02,   -3.570000e-02,   -4.252400e-02,    3.879500e-02,   -7.912800e-03,    6.728600e-03,    2.359000e-03,    2.359000e-03,    2.651900e-03,    2.651900e-03,    2.651900e-03,    2.651900e-03,    3.667700e-03,    3.667700e-03,
         7,    1.000000e+01,    3.851398e-03,    2.622664e-03,    4.105442e-02,   -4.275914e-02,   -5.234881e-02,    4.562698e-02,   -7.197107e-03,    7.837035e-03,    7.943632e-02,    7.184776e-01,    9.092669e-01,   -3.751224e-01,   -4.896132e-01,   -7.635564e-02,   -5.782775e-01,   -2.618870e-01,    4.086800e-03,    4.751800e-03,    4.406700e-02,   -4.400200e-02,   -5.397100e-02,    4.537400e-02,   -9.698100e-03,    6.704400e-03,    2.963400e-03,    2.963400e-03,    3.313200e-03,    3.313200e-03,    3.313200e-03,    3.313200e-03,    4.324900e-03,    4.324900e-03,
         7,    1.584800e+01,    2.959010e-03,    4.742365e-03,    5.315178e-02,   -5.291727e-02,   -6.486005e-02,    5.395674e-02,   -9.198975e-03,    9.372097e-03,   -3.567225e-01,    5.455458e-01,    9.150935e-01,   -2.256903e-01,   -3.110488e-01,   -1.359802e-01,   -3.586044e-01,   -5.025206e-01,    1.718900e-03,    6.638900e-03,    5.688500e-02,   -5.383800e-02,   -6.612900e-02,    5.340200e-02,   -1.098400e-02,    6.870700e-03,    3.476400e-03,    3.476400e-03,    4.079600e-03,    4.079600e-03,    4.079600e-03,    4.079600e-03,    4.977700e-03,    4.977700e-03,
         7,    2.511800e+01,    8.014402e-04,    6.736284e-03,    6.771304e-02,   -6.468860e-02,   -7.849693e-02,    6.443390e-02,   -1.131442e-02,    1.138682e-02,   -5.844250e-01,    3.123270e-01,    1.109571e-01,    3.623753e-01,    4.376013e-01,   -1.756911e-01,    1.351253e-01,   -3.458058e-01,   -1.615800e-03,    8.028100e-03,    6.824600e-02,   -6.294800e-02,   -7.639500e-02,    6.359000e-02,   -1.055400e-02,    9.440800e-03,    4.136100e-03,    4.136100e-03,    4.803300e-03,    4.803300e-03,    4.803300e-03,    4.803300e-03,    5.627500e-03,    5.627500e-03,
         7,    3.981000e+01,   -2.255432e-03,    7.817291e-03,    8.477798e-02,   -7.885920e-02,   -9.373593e-02,    7.873106e-02,   -1.356905e-02,    1.451879e-02,   -3.911107e-01,    1.157050e-01,    9.679917e-02,    2.805531e-01,    3.575685e-01,   -1.857745e-01,    2.703201e-01,   -1.769017e-01,   -4.182200e-03,    8.387300e-03,    8.534700e-02,   -7.721000e-02,   -9.163400e-02,    7.763900e-02,   -1.169900e-02,    1.329500e-02,    4.926400e-03,    4.926400e-03,    5.878400e-03,    5.878400e-03,    5.878400e-03,    5.878400e-03,    6.917900e-03,    6.917900e-03,
         7,    6.309500e+01,   -5.213515e-03,    7.656522e-03,    1.044600e-01,   -9.666448e-02,   -1.116861e-01,    9.876795e-02,   -1.678996e-02,    1.947302e-02,   -2.409042e-01,    4.140659e-02,   -2.372007e-01,    3.470299e-01,    4.738629e-01,   -1.946684e-01,    2.063689e-01,    4.222581e-02,   -6.581200e-03,    7.891600e-03,    1.027700e-01,   -9.419200e-02,   -1.083100e-01,    9.738100e-02,   -1.492800e-02,    1.985400e-02,    5.677300e-03,    5.677300e-03,    7.124700e-03,    7.124700e-03,    7.124700e-03,    7.124700e-03,    9.022500e-03,    9.022500e-03,
         8,    1.584800e+01,   -3.861580e-01,    2.106461e-01,    8.347087e-02,   -1.252221e-01,   -2.722859e-01,    1.422864e-01,   -2.207387e-02,   -1.176157e-02,    1.709597e+00,   -8.491775e-02,   -5.205168e-01,    6.122476e-01,   -6.178734e-02,   -4.409478e-01,    5.745752e-02,    5.508810e-01,   -3.260400e-01,    2.076600e-01,    7.804500e-02,   -1.188400e-01,   -2.729300e-01,    1.376900e-01,   -2.136800e-02,   -4.994000e-03,    3.516500e-02,    3.516500e-02,    1.042400e-02,    1.042400e-02,    1.042400e-02,    1.042400e-02,    1.228500e-02,    1.228500e-02,
         8,    2.511800e+01,   -4.442524e-01,    2.318819e-01,    1.124179e-01,   -1.648662e-01,   -3.089240e-01,    1.565605e-01,   -1.793006e-02,   -2.273865e-02,    1.339255e+00,    1.907684e-01,   -1.318475e-01,   -2.902532e-01,    1.666534e-01,   -6.631462e-01,   -1.639561e-01,    6.285875e-01,   -3.835400e-01,    2.405300e-01,    1.106900e-01,   -1.686700e-01,   -3.067400e-01,    1.478700e-01,   -2.018200e-02,   -1.410500e-02,    4.533300e-02,    4.533300e-02,    1.310500e-02,    1.310500e-02,    1.310500e-02,    1.310500e-02,    1.373500e-02,    1.373500e-02,
         9,    6.309500e+00,   -7.321538e-03,   -1.920421e-03,    3.311033e-02,   -2.325475e-02,   -3.209435e-02,    1.907418e-02,    1.602943e-03,   -4.457873e-04,   -1.603130e+00,   -5.662386e-01,   -3.844431e-01,    5.018924e-01,    1.389633e-01,   -3.002597e-01,    1.606397e-01,    3.156623e-01,   -1.284400e-02,   -3.871000e-03,    3.237900e-02,   -2.230000e-02,   -3.183000e-02,    1.850300e-02,    1.799100e-03,   -6.033200e-05,    3.444800e-03,    3.444800e-03,    1.902300e-03,    1.902300e-03,    1.902300e-03,    1.902300e-03,    1.221100e-03,    1.221100e-03,
         9,    1.000000e+01,   -6.353636e-03,   -2.507639e-03,    3.931267e-02,   -2.598055e-02,   -3.619518e-02,    2.268636e-02,    2.026974e-03,   -9.682691e-04,   -1.295379e+00,   -8.441797e-01,   -4.538513e-01,    3.119493e-01,    4.077226e-01,   -5.464392e-01,    2.022943e-02,    3.104961e-01,   -1.096700e-02,   -5.514100e-03,    3.832400e-02,   -2.530100e-02,   -3.530700e-02,    2.149600e-02,    2.055400e-03,   -5.319600e-04,    3.561400e-03,    3.561400e-03,    2.178400e-03,    2.178400e-03,    2.178400e-03,    2.178400e-03,    1.405200e-03,    1.405200e-03,
         9,    1.584800e+01,   -5.330264e-03,   -2.886023e-03,    4.453675e-02,   -2.993233e-02,   -4.033611e-02,    2.851827e-02,    2.894502e-03,   -1.004243e-03,   -5.074459e-01,   -1.014953e+00,   -2.048994e-01,    1.105876e-02,    9.245272e-01,   -1.268889e+00,    9.100103e-03,    1.521634e-01,   -7.033100e-03,   -6.291900e-03,    4.380800e-02,   -2.989300e-02,   -3.805900e-02,    2.539300e-02,    2.910500e-03,   -7.367400e-04,    3.355700e-03,    3.355700e-03,    3.556600e-03,    3.556600e-03,    2.463000e-03,    2.463000e-03,    1.758000e-03,    1.758000e-03,
         9,    2.511800e+01,   -4.021504e-03,   -3.167582e-03,    4.896837e-02,   -3.735756e-02,   -4.538394e-02,    3.786971e-02,    3.611700e-03,   -2.497272e-04,    6.295978e-01,   -6.467203e-01,    2.427579e-01,   -5.451332e-01,    8.540677e-01,   -1.051061e+00,    8.713936e-01,   -1.255431e-01,   -2.259700e-03,   -4.977300e-03,    4.992600e-02,   -3.950800e-02,   -4.285300e-02,    3.475500e-02,    5.994700e-03,   -5.930500e-04,    2.798300e-03,    2.798300e-03,    3.944800e-03,    3.944800e-03,    2.963400e-03,    2.963400e-03,    2.734700e-03,    2.734700e-03,
         9,    3.981000e+01,   -2.280143e-03,   -2.777599e-03,    5.402185e-02,   -5.087800e-02,   -5.267892e-02,    5.186625e-02,    3.498018e-03,    9.043438e-04,    1.455072e+00,   -3.979589e-01,    5.494782e-01,   -2.446774e-01,   -1.068645e-01,   -1.307193e+00,    1.809170e+00,   -8.601396e-01,    1.611300e-03,   -3.841900e-03,    5.604300e-02,   -5.177800e-02,   -5.307200e-02,    4.705800e-02,    1.129500e-02,   -2.802600e-03,    2.674400e-03,    2.674400e-03,    3.678300e-03,    3.678300e-03,    3.678300e-03,    3.678300e-03,    4.309700e-03,    4.309700e-03,
         9,    6.309500e+01,   -1.050579e-03,   -1.104481e-03,    6.301499e-02,   -7.296220e-02,   -6.393678e-02,    7.142037e-02,    2.575342e-03,    1.618530e-03,    1.406147e+00,   -7.484050e-01,    9.158190e-01,   -1.622966e-01,    6.482831e-01,    3.910116e-01,    1.361047e+00,   -6.676054e-01,    3.803300e-03,   -3.687900e-03,    6.748300e-02,   -7.375400e-02,   -6.077400e-02,    7.332800e-02,    8.370000e-03,   -1.223800e-03,    3.451900e-03,    3.451900e-03,    4.878700e-03,    4.878700e-03,    4.878700e-03,    4.878700e-03,    4.257500e-03,    4.257500e-03,
        10,    6.309500e+00,   -1.335265e-02,    2.095719e-02,    5.776100e-02,   -6.313865e-02,   -7.994657e-02,    6.797422e-02,    2.347486e-02,   -3.585056e-02,   -3.578405e-01,   -2.102125e-01,    1.462913e-01,    1.601607e-01,    1.212289e-01,    1.114094e+00,    9.292619e-01,    6.579896e-01,   -1.584000e-02,    1.949600e-02,    5.846400e-02,   -6.236900e-02,   -7.936400e-02,    7.332800e-02,    3.308900e-02,   -2.904300e-02,    6.951000e-03,    6.951000e-03,    4.805500e-03,    4.805500e-03,    4.805500e-03,    4.805500e-03,    1.034600e-02,    1.034600e-02,
        10,    1.000000e+01,   -2.265293e-02,    2.558054e-02,    7.474103e-02,   -7.949851e-02,   -1.001235e-01,    8.101075e-02,    3.478150e-02,   -4.677960e-02,    1.602414e-01,   -6.594978e-01,   -1.594032e-01,   -1.048430e-01,   -9.632422e-02,    6.043854e-01,    4.901550e-01,    9.693214e-01,   -2.129700e-02,    2.000000e-02,    7.378700e-02,   -8.012600e-02,   -1.007000e-01,    8.462800e-02,    4.095500e-02,   -3.457100e-02,    8.461800e-03,    8.461800e-03,    5.985000e-03,    5.985000e-03,    5.985000e-03,    5.985000e-03,    1.259500e-02,    1.259500e-02,
        10,    1.584800e+01,   -3.451606e-02,    2.694108e-02,    9.473268e-02,   -9.952811e-02,   -1.223242e-01,    9.539878e-02,    5.019722e-02,   -5.792626e-02,    2.644654e-01,   -7.109035e-01,    2.193522e-01,   -6.369570e-01,   -1.462704e-01,    4.523960e-01,    3.611425e-01,    8.428608e-01,   -3.164000e-02,    1.921000e-02,    9.637600e-02,   -1.043000e-01,   -1.234200e-01,    9.878800e-02,    5.595600e-02,   -4.448600e-02,    1.087500e-02,    1.087500e-02,    7.491700e-03,    7.491700e-03,    7.491700e-03,    7.491700e-03,    1.594600e-02,    1.594600e-02,
        10,    2.511800e+01,   -4.675947e-02,    2.328608e-02,    1.185312e-01,   -1.262382e-01,   -1.461806e-01,    1.135698e-01,    6.938078e-02,   -6.826418e-02,    4.462309e-01,   -5.238727e-01,    1.874688e-01,   -5.026704e-01,   -1.091024e-02,    3.258612e-01,   -1.502084e-01,    8.741006e-01,   -4.084200e-02,    1.633900e-02,    1.202400e-01,   -1.308200e-01,   -1.462800e-01,    1.165400e-01,    6.655100e-02,   -5.179700e-02,    1.326100e-02,    1.326100e-02,    9.114900e-03,    9.114900e-03,    9.114900e-03,    9.114900e-03,    1.883900e-02,    1.883900e-02,
        10,    3.981000e+01,   -5.561056e-02,    1.462223e-02,    1.494876e-01,   -1.627059e-01,   -1.724526e-01,    1.387153e-01,    9.090321e-02,   -7.721512e-02,    5.514313e-02,   -2.426159e-01,    8.556572e-02,   -9.193584e-02,   -3.962818e-01,    3.987073e-01,   -6.649010e-02,    5.370770e-01,   -5.469000e-02,    1.057200e-02,    1.504500e-01,   -1.637400e-01,   -1.769100e-01,    1.432000e-01,    8.932400e-02,   -6.445900e-02,    1.669400e-02,    1.669400e-02,    1.124800e-02,    1.124800e-02,    1.124800e-02,    1.124800e-02,    2.375100e-02,    2.375100e-02,
        11,    6.309500e+00,   -3.540440e-02,    2.401446e-03,    3.765983e-02,   -3.463231e-02,   -5.237177e-02,    2.695478e-02,    3.185011e-03,   -7.343909e-04,   -7.193793e-01,    6.965167e-01,   -9.642155e-01,   -1.615051e-01,   -6.863238e-01,    9.104868e-01,   -5.583680e-01,    5.899493e-01,   -4.026100e-02,    7.103700e-03,    3.499300e-02,   -3.507900e-02,   -5.427000e-02,    2.947300e-02,    2.203400e-03,    3.027400e-04,    6.751100e-03,    6.751100e-03,    2.765800e-03,    2.765800e-03,    2.765800e-03,    2.765800e-03,    1.758000e-03,    1.758000e-03,
        11,    1.000000e+01,   -3.612430e-02,   -3.068616e-03,    4.836642e-02,   -4.144792e-02,   -5.841975e-02,    2.968239e-02,    3.746451e-03,   -1.161128e-03,   -8.148071e-01,    4.848023e-01,   -7.162757e-01,   -6.637424e-01,   -9.389774e-01,    2.599122e-01,   -8.152405e-01,    5.438797e-01,   -4.246700e-02,    7.052300e-04,    4.600300e-02,   -4.363800e-02,   -6.151800e-02,    3.054000e-02,    2.231000e-03,   -1.501100e-04,    7.784300e-03,    7.784300e-03,    3.299600e-03,    3.299600e-03,    3.299600e-03,    3.299600e-03,    1.858900e-03,    1.858900e-03,
        11,    1.584800e+01,   -3.387850e-02,   -8.978303e-03,    6.010806e-02,   -4.834066e-02,   -6.321538e-02,    3.520182e-02,    4.455730e-03,   -1.103250e-03,   -8.928183e-01,    2.235298e-01,   -2.725750e-02,   -1.017420e+00,   -8.937327e-01,   -4.023726e-01,   -6.610317e-01,    8.230448e-02,   -4.164200e-02,   -7.034600e-03,    6.000300e-02,   -5.226200e-02,   -6.666000e-02,    3.365100e-02,    2.949900e-03,   -9.157600e-04,    8.695500e-03,    8.695500e-03,    3.854200e-03,    3.854200e-03,    3.854200e-03,    3.854200e-03,    2.278000e-03,    2.278000e-03,
        11,    2.511800e+01,   -2.832840e-02,   -1.387828e-02,    7.209146e-02,   -5.676422e-02,   -6.801611e-02,    4.621679e-02,    4.941294e-03,   -7.117796e-04,   -1.032042e+00,    5.144693e-02,    3.161623e-01,   -1.084906e+00,   -2.978916e-01,   -8.517865e-01,   -1.024658e+00,   -1.507048e-01,   -3.794300e-02,   -1.339900e-02,    7.348700e-02,   -6.155300e-02,   -6.933100e-02,    4.245700e-02,    2.614500e-03,   -1.054000e-03,    9.316100e-03,    9.316100e-03,    4.414000e-03,    4.414000e-03,    4.414000e-03,    4.414000e-03,    2.270800e-03,    2.270800e-03,
        11,    3.981000e+01,   -2.005583e-02,   -1.574637e-02,    8.450552e-02,   -6.904010e-02,   -7.596656e-02,    6.502728e-02,    5.117101e-03,   -1.971383e-04,   -1.028711e+00,   -2.724123e-01,    3.596955e-01,   -5.496287e-01,    6.047806e-01,   -1.247445e+00,   -5.034801e-01,   -1.859498e-01,   -2.971800e-02,   -1.830500e-02,    8.634900e-02,   -7.185700e-02,   -7.286700e-02,    5.863400e-02,    3.699200e-03,   -7.208100e-04,    9.392500e-03,    9.392500e-03,    5.125100e-03,    5.125100e-03,    5.125100e-03,    5.125100e-03,    2.816200e-03,    2.816200e-03,
        11,    6.309500e+01,   -1.134949e-02,   -1.276630e-02,    9.887185e-02,   -8.784363e-02,   -9.154987e-02,    9.159549e-02,    4.989591e-03,    2.203069e-04,   -1.067635e+00,   -6.014241e-01,    9.155219e-01,   -1.012181e+00,    2.987644e-01,    6.612594e-02,   -1.589874e-01,   -4.238655e-01,   -2.148700e-02,   -1.847700e-02,    1.050400e-01,   -9.466300e-02,   -8.953700e-02,    9.204100e-02,    4.409700e-03,   -1.325700e-03,    9.495300e-03,    9.495300e-03,    6.737300e-03,    6.737300e-03,    6.737300e-03,    6.737300e-03,    3.647400e-03,    3.647400e-03,
        12,    6.309500e+00,   -6.326470e-03,   -3.714491e-03,    2.478247e-02,   -2.219240e-02,   -2.883461e-02,    2.056040e-02,    3.006925e-03,   -2.686987e-03,   -1.511038e-01,   -1.292242e+00,    1.446812e-01,    4.496441e-01,   -8.321076e-01,   -8.053336e-01,   -3.588616e-01,    1.880704e+00,   -6.735100e-03,   -7.209100e-03,    2.503100e-02,   -2.142000e-02,   -3.026400e-02,    1.917700e-02,    2.497700e-03,   -1.826800e-05,    2.704300e-03,    2.704300e-03,    1.717800e-03,    1.717800e-03,    1.717800e-03,    1.717800e-03,    1.419000e-03,    1.419000e-03,
        12,    1.000000e+01,   -3.001698e-03,   -2.390130e-03,    3.040453e-02,   -2.736397e-02,   -3.265314e-02,    2.714511e-02,    2.279879e-03,   -5.201626e-03,   -1.520252e+00,   -7.049565e-01,   -1.917777e-01,    7.688577e-02,   -3.844318e-01,   -1.542470e+00,    2.361769e+00,   -7.922868e-01,   -7.213100e-03,   -4.343000e-03,    3.001300e-02,   -2.720700e-02,   -3.343800e-02,    2.399600e-02,    1.054300e-02,   -7.973600e-03,    2.770200e-03,    2.770200e-03,    2.041600e-03,    2.041600e-03,    2.041600e-03,    2.041600e-03,    3.498700e-03,    3.498700e-03,
        12,    1.584800e+01,   -9.525567e-04,    1.695395e-03,    3.658282e-02,   -3.421934e-02,   -3.823866e-02,    3.694632e-02,    2.402075e-03,   -9.837179e-03,   -2.206862e+00,   -6.966507e-01,   -4.362495e-02,   -5.101483e-01,   -2.174324e-01,   -1.129138e+00,    2.983520e+00,   -1.159769e+00,   -7.366800e-03,   -3.294200e-04,    3.647100e-02,   -3.552700e-02,   -3.879600e-02,    3.405200e-02,    1.823800e-02,   -1.599300e-02,    2.906500e-03,    2.906500e-03,    2.563300e-03,    2.563300e-03,    2.563300e-03,    2.563300e-03,    5.307800e-03,    5.307800e-03,
        12,    2.511800e+01,   -1.985791e-03,    6.977095e-03,    4.383605e-02,   -4.403609e-02,   -4.695681e-02,    5.014839e-02,    4.743651e-03,   -1.635610e-02,   -1.766862e+00,   -9.488802e-01,    4.354286e-02,   -5.705071e-01,   -1.899293e-01,   -9.635883e-01,    2.780638e+00,   -6.874588e-01,   -8.352500e-03,    3.557900e-03,    4.397800e-02,   -4.589600e-02,   -4.757600e-02,    4.700700e-02,    2.404100e-02,   -2.112700e-02,    3.603400e-03,    3.603400e-03,    3.260100e-03,    3.260100e-03,    3.260100e-03,    3.260100e-03,    6.939900e-03,    6.939900e-03,
        12,    3.981000e+01,   -5.541985e-03,    1.117278e-02,    5.308439e-02,   -5.800306e-02,   -5.935304e-02,    6.652402e-02,    9.841972e-03,   -2.358565e-02,   -1.252588e+00,   -4.869090e-01,   -8.075111e-02,    2.254090e-01,   -1.033060e-01,   -9.147434e-01,    2.120968e+00,   -3.562323e-01,   -1.190200e-02,    8.700500e-03,    5.275300e-02,   -5.707800e-02,   -5.977700e-02,    6.277000e-02,    2.831900e-02,   -2.668900e-02,    5.077500e-03,    5.077500e-03,    4.103900e-03,    4.103900e-03,    4.103900e-03,    4.103900e-03,    8.711600e-03,    8.711600e-03,
        12,    6.309500e+01,   -9.617418e-03,    1.408791e-02,    6.560965e-02,   -7.761697e-02,   -7.529158e-02,    8.715261e-02,    1.693681e-02,   -3.093048e-02,   -6.557705e-01,   -1.018535e-01,    4.763816e-01,   -1.870157e-01,   -6.583794e-01,    3.936529e-01,    1.366066e+00,   -5.163594e-01,   -1.404000e-02,    1.340100e-02,    6.826400e-02,   -7.865900e-02,   -7.896000e-02,    8.934600e-02,    3.263700e-02,   -3.686500e-02,    6.744100e-03,    6.744100e-03,    5.571900e-03,    5.571900e-03,    5.571900e-03,    5.571900e-03,    1.149300e-02,    1.149300e-02,
        13,    6.309500e+00,   -1.268572e-02,   -3.210990e-03,    1.764157e-02,   -2.206546e-02,   -2.899151e-02,    1.894519e-02,    2.094921e-03,   -7.061037e-04,   -5.387606e-01,   -2.773552e-01,    3.894684e-01,   -6.395608e-02,   -7.026100e-01,    2.499905e-01,   -2.487545e-01,   -2.620146e-01,   -1.435900e-02,   -4.072400e-03,    1.826600e-02,   -2.216800e-02,   -3.011800e-02,    1.934600e-02,    1.774600e-03,   -1.043500e-03,    3.105800e-03,    3.105800e-03,    1.603300e-03,    1.603300e-03,    1.603300e-03,    1.603300e-03,    1.287700e-03,    1.287700e-03,
        13,    1.000000e+01,   -1.092739e-02,   -5.649589e-03,    2.332890e-02,   -2.929294e-02,   -3.283548e-02,    2.334646e-02,    2.951916e-03,   -1.305083e-03,   -4.833522e-01,   -3.511678e-01,    9.750222e-01,    3.162333e-01,   -7.979650e-01,   -2.832531e-01,    4.738387e-01,   -2.940206e-01,   -1.262700e-02,   -6.884400e-03,    2.526500e-02,   -2.866500e-02,   -3.442000e-02,    2.278400e-02,    3.903100e-03,   -1.895300e-03,    3.516300e-03,    3.516300e-03,    1.985700e-03,    1.985700e-03,    1.985700e-03,    1.985700e-03,    2.007400e-03,    2.007400e-03,
        13,    2.511800e+01,   -5.358543e-03,   -8.011548e-03,    4.122969e-02,   -4.792053e-02,   -4.271283e-02,    4.128188e-02,    5.577518e-03,    1.143795e-03,    1.480584e-01,   -6.181519e-01,    1.832301e-01,    1.112287e+00,   -1.640017e-02,   -2.911625e-01,    5.389741e-01,    9.377065e-02,   -4.769700e-03,   -1.047000e-02,    4.177900e-02,   -4.458600e-02,   -4.276200e-02,    4.040900e-02,    7.265100e-03,    1.437400e-03,    3.977100e-03,    3.977100e-03,    2.997900e-03,    2.997900e-03,    2.997900e-03,    2.997900e-03,    3.131100e-03,    3.131100e-03,
        13,    3.981000e+01,   -2.714283e-03,   -8.301481e-03,    5.313844e-02,   -6.039956e-02,   -5.162431e-02,    5.688961e-02,    5.298111e-03,    4.075523e-03,   -1.075459e-01,   -5.068694e-01,   -8.978486e-01,    1.009695e+00,    4.197205e-01,   -7.222629e-01,    5.316929e-01,    2.467932e-01,   -3.178000e-03,   -1.048700e-02,    4.979000e-02,   -5.663400e-02,   -5.005900e-02,    5.419600e-02,    7.341300e-03,    5.023900e-03,    4.311800e-03,    4.311800e-03,    3.729400e-03,    3.729400e-03,    3.729400e-03,    3.729400e-03,    3.842800e-03,    3.842800e-03,
        13,    6.309500e+01,   -3.399281e-04,   -8.571005e-03,    6.738280e-02,   -7.692070e-02,   -6.560549e-02,    7.736783e-02,    3.300692e-03,    6.856764e-03,    2.525999e-01,   -6.248553e-01,   -7.594447e-01,   -5.572396e-01,    7.052760e-01,   -1.050814e-02,    9.181040e-02,    4.833839e-01,    9.783400e-04,   -1.183200e-02,    6.356500e-02,   -7.972200e-02,   -6.206000e-02,    7.731500e-02,    3.731200e-03,    9.123400e-03,    5.218800e-03,    5.218800e-03,    5.027100e-03,    5.027100e-03,    5.027100e-03,    5.027100e-03,    4.689100e-03,    4.689100e-03,
        14,    6.309500e+00,    9.863782e-02,   -5.071158e-02,    5.609959e-02,   -6.456712e-02,   -1.881531e-01,    1.078884e-01,   -3.516851e-02,    2.416733e-02,    1.646331e-02,    9.091726e-02,   -2.405014e-01,   -1.236528e+00,   -1.120418e+00,    8.307868e-01,    1.297150e-02,    4.065190e-01,    9.888600e-02,   -4.934100e-02,    5.436800e-02,   -7.347000e-02,   -1.962200e-01,    1.138700e-01,   -3.496900e-02,    3.042000e-02,    1.507500e-02,    1.507500e-02,    7.199900e-03,    7.199900e-03,    7.199900e-03,    7.199900e-03,    1.538100e-02,    1.538100e-02,
        14,    1.000000e+01,    1.126687e-01,   -5.343376e-02,    6.869713e-02,   -8.294779e-02,   -2.194683e-01,    1.173566e-01,   -4.040863e-02,    2.291466e-02,   -1.637363e-01,    1.240600e-01,    1.007272e+00,   -9.487893e-01,   -1.489202e+00,    2.184240e-01,   -3.134350e-01,    3.902710e-01,    1.097100e-01,   -5.119200e-02,    7.761300e-02,   -9.134600e-02,   -2.326500e-01,    1.192900e-01,   -4.604200e-02,    2.992900e-02,    1.807000e-02,    1.807000e-02,    8.851500e-03,    8.851500e-03,    8.851500e-03,    8.851500e-03,    1.797300e-02,    1.797300e-02,
        14,    1.584800e+01,    1.247112e-01,   -5.854269e-02,    8.203859e-02,   -1.113457e-01,   -2.484310e-01,    1.296350e-01,   -4.030246e-02,    2.486566e-02,   -4.232131e-01,    3.284244e-01,    1.617956e+00,   -1.216491e+00,   -1.601678e+00,   -2.237460e-01,   -6.702870e-01,    4.016655e-01,    1.156900e-01,   -5.154200e-02,    9.957400e-02,   -1.245300e-01,   -2.657900e-01,    1.272100e-01,   -5.404200e-02,    3.309900e-02,    2.131600e-02,    2.131600e-02,    1.083800e-02,    1.083800e-02,    1.083800e-02,    1.083800e-02,    2.049800e-02,    2.049800e-02,
        14,    2.511800e+01,    1.370686e-01,   -6.951482e-02,    1.009368e-01,   -1.566936e-01,   -2.766816e-01,    1.514948e-01,   -3.740757e-02,    3.672746e-02,   -3.586621e-01,   -4.906179e-01,   -5.787346e-01,    9.658502e-02,   -1.465513e+00,   -1.064822e-01,   -6.353728e-01,   -2.545213e-02,    1.281300e-01,   -8.174200e-02,    9.384500e-02,   -1.555100e-01,   -2.946400e-01,    1.501900e-01,   -5.112400e-02,    3.617800e-02,    2.492200e-02,    2.492200e-02,    1.225400e-02,    1.225400e-02,    1.225400e-02,    1.225400e-02,    2.158800e-02,    2.158800e-02,
        14,    3.981000e+01,    1.541305e-01,   -8.692255e-02,    1.350082e-01,   -2.226333e-01,   -3.106785e-01,    1.878738e-01,   -3.972314e-02,    6.218627e-02,   -6.764678e-01,   -3.514408e-01,   -1.078955e+00,    1.034055e+00,   -7.050773e-01,   -6.978087e-01,   -3.770812e-01,   -6.117504e-01,    1.339400e-01,   -9.741200e-02,    1.190300e-01,   -2.073200e-01,   -3.211200e-01,    1.775400e-01,   -4.866600e-02,    4.767800e-02,    2.984700e-02,    2.984700e-02,    1.480900e-02,    1.480900e-02,    1.480900e-02,    1.480900e-02,    2.371600e-02,    2.371600e-02,
        14,    6.309500e+01,    1.779607e-01,   -1.079912e-01,    1.932779e-01,   -3.064215e-01,   -3.580331e-01,    2.385445e-01,   -5.544153e-02,    9.751122e-02,   -6.522504e-01,   -5.215414e-01,   -2.879770e+00,    1.195824e+00,   -3.931586e-01,   -9.080505e-01,    6.686179e-01,   -8.042218e-01,    1.533500e-01,   -1.276700e-01,    1.402700e-01,   -2.844100e-01,   -3.652700e-01,    2.218300e-01,   -3.652900e-02,    7.476300e-02,    3.773200e-02,    3.773200e-02,    1.840700e-02,    1.840700e-02,    1.840700e-02,    1.840700e-02,    2.828600e-02,    2.828600e-02,
        15,    6.309500e+00,   -1.532284e-02,    9.217144e-03,    2.395232e-02,   -2.892521e-02,   -2.287411e-02,    2.084795e-02,   -1.107411e-03,    7.697609e-04,   -1.411287e+00,    6.282151e-01,   -8.479869e-01,    7.557710e-01,    2.133510e-01,    1.026052e+00,   -1.319941e-01,    4.621025e-02,   -2.159700e-02,    1.201000e-02,    2.243400e-02,   -2.757200e-02,   -2.251500e-02,    2.257500e-02,   -1.243800e-03,    8.175100e-04,    4.445700e-03,    4.445700e-03,    1.790500e-03,    1.790500e-03,    1.683200e-03,    1.683200e-03,    1.033300e-03,    1.033300e-03,
        15,    1.000000e+01,   -1.913588e-02,    9.345642e-03,    3.187123e-02,   -3.704644e-02,   -2.777617e-02,    2.577038e-02,   -1.310919e-03,    3.096739e-04,   -1.387621e+00,    3.515248e-01,   -1.190093e+00,    2.619258e-01,    1.043412e-02,    4.648934e-01,   -3.081294e-01,    3.726629e-01,   -2.681900e-02,    1.129200e-02,    2.934300e-02,   -3.649000e-02,   -2.775400e-02,    2.675800e-02,   -1.704000e-03,    7.850800e-04,    5.536900e-03,    5.536900e-03,    2.124400e-03,    2.124400e-03,    2.124400e-03,    2.124400e-03,    1.275700e-03,    1.275700e-03,
        15,    1.584800e+01,   -2.295703e-02,    8.326423e-03,    4.151351e-02,   -4.655927e-02,   -3.293733e-02,    3.262846e-02,   -1.186710e-03,   -7.405979e-05,   -1.365834e+00,   -1.658491e-02,   -1.127328e+00,   -5.772116e-01,    3.145773e-01,    1.334901e-03,   -5.774645e-01,    4.134301e-01,   -3.223200e-02,    8.213800e-03,    3.852000e-02,   -4.809200e-02,   -3.210200e-02,    3.263200e-02,   -2.037200e-03,    5.348400e-04,    6.790700e-03,    6.790700e-03,    2.655400e-03,    2.655400e-03,    2.655400e-03,    2.655400e-03,    1.472800e-03,    1.472800e-03,
        15,    2.511800e+01,   -2.630651e-02,    6.232795e-03,    5.270266e-02,   -5.872634e-02,   -3.875504e-02,    4.303521e-02,   -8.512037e-04,   -2.836416e-04,   -1.287001e+00,   -2.603760e-01,   -8.381075e-01,   -6.953044e-01,   -1.805893e-01,   -8.058720e-01,   -5.053279e-01,    5.480649e-01,   -3.672800e-02,    4.124400e-03,    4.990900e-02,   -6.104400e-02,   -3.935700e-02,    4.034900e-02,   -1.585900e-03,    5.131900e-04,    8.097500e-03,    8.097500e-03,    3.333300e-03,    3.333300e-03,    3.333300e-03,    3.333300e-03,    1.453900e-03,    1.453900e-03,
        15,    3.981000e+01,   -2.901553e-02,    3.032862e-03,    6.642857e-02,   -7.562491e-02,   -4.642523e-02,    5.882376e-02,   -2.282567e-04,   -2.847207e-04,   -1.190201e+00,   -6.090658e-01,   -2.053515e-01,   -5.586169e-01,    3.804332e-01,   -8.179956e-01,    1.243892e+00,    1.041637e+00,   -4.049800e-02,   -2.843100e-03,    6.555400e-02,   -7.800400e-02,   -4.480500e-02,    5.534000e-02,    2.703100e-03,    2.170000e-03,    9.647500e-03,    9.647500e-03,    4.258900e-03,    4.258900e-03,    4.258900e-03,    4.258900e-03,    2.356600e-03,    2.356600e-03,
        15,    6.309500e+01,   -3.049061e-02,   -1.740393e-03,    8.549787e-02,   -9.870730e-02,   -5.784326e-02,    8.178486e-02,    8.817156e-04,    3.394744e-04,   -7.808532e-01,   -1.217792e+00,    1.647583e-01,    3.410975e-01,    8.310201e-01,   -7.673294e-02,    1.209715e+00,    6.004102e-02,   -3.913700e-02,   -1.522500e-02,    8.642300e-02,   -9.679200e-02,   -5.317700e-02,    8.135400e-02,    4.822000e-03,    5.350400e-04,    1.107300e-02,    1.107300e-02,    5.615100e-03,    5.615100e-03,    5.615100e-03,    5.615100e-03,    3.257200e-03,    3.257200e-03,
        16,    6.309500e+00,   -4.389523e-03,   -3.504570e-03,    2.515018e-02,   -2.448673e-02,   -3.852179e-02,    2.900089e-02,    2.444385e-03,    1.802107e-03,   -1.049685e+00,   -2.040782e-01,   -1.784623e-01,   -1.619148e+00,   -3.386353e-03,    3.070488e-01,   -7.770856e-01,    4.843241e-01,   -7.146100e-03,   -4.040500e-03,    2.477000e-02,   -2.793600e-02,   -3.852900e-02,    2.965500e-02,    1.068400e-03,    2.659700e-03,    2.626100e-03,    2.626100e-03,    2.130300e-03,    2.130300e-03,    2.130300e-03,    2.130300e-03,    1.770700e-03,    1.770700e-03,
        16,    2.511800e+01,    2.271404e-03,   -8.770227e-03,    4.840229e-02,   -4.957816e-02,   -6.365834e-02,    6.252435e-02,   -1.377568e-03,    7.640364e-03,    1.325624e-01,   -5.201977e-01,    1.345645e+00,   -9.036627e-02,    1.186490e-01,    1.308300e-01,   -5.763638e-01,   -6.751436e-01,    2.846500e-03,   -1.102700e-02,    5.385000e-02,   -4.994400e-02,   -6.317800e-02,    6.305400e-02,   -3.421700e-03,    5.245900e-03,    4.338300e-03,    4.338300e-03,    4.048400e-03,    4.048400e-03,    4.048400e-03,    4.048400e-03,    3.546600e-03,    3.546600e-03,
        16,    3.981000e+01,    5.288326e-03,   -8.877711e-03,    6.038003e-02,   -6.362234e-02,   -7.989583e-02,    8.219582e-02,   -4.364784e-03,    8.468276e-03,    1.636723e-01,   -1.073356e+00,    1.029912e+00,   -1.417335e-01,   -2.291822e-01,    5.350997e-01,   -3.335594e-01,   -7.934664e-01,    6.240800e-03,   -1.512400e-02,    6.573300e-02,   -6.435900e-02,   -8.108700e-02,    8.497700e-02,   -5.863900e-03,    4.902200e-03,    5.819400e-03,    5.819400e-03,    5.197500e-03,    5.197500e-03,    5.197500e-03,    5.197500e-03,    4.494300e-03,    4.494300e-03,
        16,    6.309500e+01,    7.291719e-03,   -9.011570e-03,    7.623495e-02,   -8.209292e-02,   -1.018046e-01,    1.054767e-01,   -6.692904e-03,    8.794897e-03,    1.169308e+00,   -1.838140e-01,    4.675045e-01,   -4.357156e-01,   -5.761058e-01,    1.882283e-01,    4.218808e-01,   -6.706403e-01,    1.543700e-02,   -1.029200e-02,    7.932300e-02,   -8.497100e-02,   -1.056100e-01,    1.067200e-01,   -4.615900e-03,    5.493200e-03,    6.965900e-03,    6.965900e-03,    6.605400e-03,    6.605400e-03,    6.605400e-03,    6.605400e-03,    4.923200e-03,    4.923200e-03,
        17,    6.309500e+00,   -8.584819e-03,   -1.860939e-03,    2.988059e-02,   -2.382869e-02,   -2.635378e-02,    1.966076e-02,    3.436095e-04,    2.035239e-03,   -3.559205e+00,   -1.021264e+00,    9.524542e-01,    2.292466e+00,    5.877279e-01,   -3.781869e-01,    9.908619e-01,    1.739588e-01,   -2.523300e-02,   -6.637900e-03,    3.151700e-02,   -1.989000e-02,   -2.534400e-02,    1.901100e-02,    1.765100e-03,    2.284800e-03,    4.677500e-03,    4.677500e-03,    1.718100e-03,    1.718100e-03,    1.718100e-03,    1.718100e-03,    1.434600e-03,    1.434600e-03,
        17,    1.000000e+01,   -6.906275e-03,   -1.864874e-03,    3.587273e-02,   -2.774409e-02,   -2.964738e-02,    2.614094e-02,   -5.728389e-04,    1.835328e-03,   -3.166898e+00,   -1.605804e+00,   -2.650862e-01,    2.197232e+00,    3.570930e-02,    3.484662e-01,    4.385692e-01,   -1.345781e+00,   -2.204500e-02,   -9.541100e-03,    3.532800e-02,   -2.322900e-02,   -2.957400e-02,    2.685700e-02,   -2.113000e-04,    7.259200e-04,    4.780300e-03,    4.780300e-03,    2.054900e-03,    2.054900e-03,    2.054900e-03,    2.054900e-03,    8.243600e-04,    8.243600e-04,
        17,    1.584800e+01,   -5.367370e-03,   -6.296554e-04,    4.098569e-02,   -3.344187e-02,   -3.394677e-02,    3.608987e-02,   -1.051468e-03,    1.403564e-03,   -2.281225e+00,   -2.172846e+00,   -9.797492e-01,    2.141910e+00,   -6.876254e-01,    2.093904e-01,   -5.353942e-01,   -5.994838e-01,   -1.560300e-02,   -1.037900e-02,    3.856600e-02,   -2.815200e-02,   -3.564500e-02,    3.660700e-02,   -1.846100e-03,    5.138100e-04,    4.486900e-03,    4.486900e-03,    2.469700e-03,    2.469700e-03,    2.469700e-03,    2.469700e-03,    1.484200e-03,    1.484200e-03,
        17,    2.511800e+01,   -4.608637e-03,    1.583032e-03,    4.573304e-02,   -4.365045e-02,   -4.050626e-02,    5.074422e-02,   -1.141697e-03,    1.236080e-03,   -2.199618e-01,   -1.689865e+00,   -1.156705e-01,    1.314884e+00,   -6.141525e-01,    7.782736e-01,   -9.409757e-01,    7.526426e-01,   -5.245800e-03,   -3.312000e-03,    4.536300e-02,   -3.944400e-02,   -4.247100e-02,    5.323400e-02,   -3.748200e-03,    3.320900e-03,    2.896700e-03,    2.896700e-03,    3.199100e-03,    3.199100e-03,    3.199100e-03,    3.199100e-03,    2.770000e-03,    2.770000e-03,
        17,    3.981000e+01,   -4.792386e-03,    4.285690e-03,    5.232185e-02,   -6.088439e-02,   -5.066409e-02,    7.107998e-02,   -1.320194e-03,    1.597766e-03,    9.580670e-01,    2.475887e+00,    1.519702e+00,    1.258850e+00,    5.252507e-01,    1.065175e+00,   -1.345578e+00,    1.338225e+00,    8.074200e-04,    1.875700e-02,    5.882800e-02,   -5.549500e-02,   -4.769900e-02,    7.709300e-02,   -7.720300e-03,    7.962900e-03,    5.844900e-03,    5.844900e-03,    4.281200e-03,    4.281200e-03,    5.645100e-03,    5.645100e-03,    4.756400e-03,    4.756400e-03,
        17,    6.309500e+01,   -5.505946e-03,    7.323551e-03,    6.381645e-02,   -8.657981e-02,   -6.573025e-02,    9.870331e-02,   -2.223134e-03,    2.149884e-03,    5.731777e-01,    2.129767e+00,    1.076788e+00,   -2.434066e-01,    1.714112e+00,    1.819554e+00,   -1.200900e+00,    2.912480e-01,   -1.043700e-03,    2.390400e-02,    7.019200e-02,   -8.802100e-02,   -5.214900e-02,    1.131200e-01,   -8.259700e-03,    3.613900e-03,    7.785100e-03,    7.785100e-03,    5.920900e-03,    5.920900e-03,    7.923200e-03,    7.923200e-03,    5.026700e-03,    5.026700e-03,
        18,    6.309500e+00,    2.362170e-01,   -1.500226e-01,    1.420648e-01,   -1.180510e-01,   -7.642556e-01,    5.107043e-01,   -3.817761e-01,    2.631765e-01,    5.391703e-01,   -2.532030e-01,   -4.351997e-01,   -6.823839e-01,   -3.843223e+00,    2.408438e+00,    3.971536e-01,    1.945425e-03,    2.554400e-01,   -1.590500e-01,    1.325500e-01,   -1.329700e-01,   -8.482800e-01,    5.633600e-01,   -3.422700e-01,    2.633700e-01,    3.565300e-02,    3.565300e-02,    2.186300e-02,    2.186300e-02,    2.186300e-02,    2.186300e-02,    9.947300e-02,    9.947300e-02,
        18,    1.000000e+01,    2.892129e-01,   -1.649730e-01,    1.799740e-01,   -1.344534e-01,   -9.380136e-01,    5.723949e-01,   -4.833817e-01,    2.721928e-01,    3.418299e-01,    5.027277e-02,   -3.448776e-01,   -6.245548e-01,   -2.647889e+00,    7.493530e-01,    4.159333e-01,   -3.921610e-02,    3.035800e-01,   -1.628600e-01,    1.710800e-01,   -1.505600e-01,   -1.006300e+00,    5.917200e-01,   -4.352000e-01,    2.676500e-01,    4.203000e-02,    4.203000e-02,    2.578900e-02,    2.578900e-02,    2.578900e-02,    2.578900e-02,    1.158400e-01,    1.158400e-01,
        18,    1.584800e+01,    3.450903e-01,   -1.725556e-01,    2.211108e-01,   -1.488799e-01,   -1.123159e+00,    6.176149e-01,   -5.887609e-01,    2.551995e-01,    4.720168e-02,    2.520993e-01,   -1.861322e-01,   -5.123763e-01,   -1.349371e+00,   -3.043008e-01,    4.621981e-01,   -1.381566e-01,    3.473700e-01,   -1.603800e-01,    2.155600e-01,   -1.641600e-01,   -1.163400e+00,    6.085400e-01,   -5.283100e-01,    2.371300e-01,    4.829700e-02,    4.829700e-02,    2.982200e-02,    2.982200e-02,    2.982200e-02,    2.982200e-02,    1.307900e-01,    1.307900e-01,
        18,    2.511800e+01,    4.001216e-01,   -1.748516e-01,    2.613589e-01,   -1.628936e-01,   -1.310681e+00,    6.559593e-01,   -6.801009e-01,    2.081198e-01,    1.006808e-01,    4.343622e-01,    1.372225e-01,   -6.460382e-01,   -1.761968e+00,   -1.206911e+00,    5.963343e-01,   -1.903072e-01,    4.057800e-01,   -1.504400e-01,    2.661500e-01,   -1.854500e-01,   -1.372200e+00,    6.138200e-01,   -5.937100e-01,    1.805500e-01,    5.620100e-02,    5.620100e-02,    3.491500e-02,    3.491500e-02,    3.491500e-02,    3.491500e-02,    1.448700e-01,    1.448700e-01,
        18,    3.981000e+01,    4.529235e-01,   -1.746805e-01,    2.970871e-01,   -1.838851e-01,   -1.500511e+00,    6.984157e-01,   -7.372906e-01,    1.429580e-01,   -1.775324e-01,    3.348529e-01,    2.621199e-01,   -7.033534e-01,   -1.507889e-02,   -1.123312e+00,    5.945191e-01,    2.481082e-02,    4.418000e-01,   -1.537000e-01,    3.073300e-01,   -2.113700e-01,   -1.501100e+00,    6.545200e-01,   -6.445100e-01,    1.468300e-01,    6.265600e-02,    6.265600e-02,    3.907700e-02,    3.907700e-02,    3.907700e-02,    3.907700e-02,    1.560600e-01,    1.560600e-01,
        18,    6.309500e+01,    5.033459e-01,   -1.739554e-01,    3.313132e-01,   -2.235203e-01,   -1.696951e+00,    7.516561e-01,   -7.559041e-01,    8.471659e-02,   -2.682372e-01,    1.580285e-01,    6.561897e-01,   -7.665157e-01,    2.358257e-01,   -4.110734e-01,    4.233346e-01,    1.883352e-01,    4.841900e-01,   -1.626700e-01,    3.609500e-01,   -2.581400e-01,   -1.686300e+00,    7.330900e-01,   -6.841700e-01,    1.166300e-01,    7.141400e-02,    7.141400e-02,    4.516500e-02,    4.516500e-02,    4.516500e-02,    4.516500e-02,    1.694500e-01,    1.694500e-01,
        19,    6.309500e+00,   -4.362146e-03,   -5.493211e-03,    3.105354e-02,   -2.983820e-02,   -3.404387e-02,    2.610105e-02,    7.627476e-03,   -6.794528e-03,   -7.185343e-01,    1.626763e-01,   -4.012923e-01,    5.626885e-01,    2.605722e-01,   -1.122977e+00,    1.710300e-01,    6.275846e-01,   -6.337900e-03,   -5.045900e-03,    3.011700e-02,   -2.852500e-02,   -3.350600e-02,    2.378300e-02,    8.134700e-03,   -4.933300e-03,    2.749700e-03,    2.749700e-03,    2.333800e-03,    2.333800e-03,    2.064200e-03,    2.064200e-03,    2.965700e-03,    2.965700e-03,
        19,    1.000000e+01,   -1.401682e-03,   -5.564048e-03,    3.899423e-02,   -3.693785e-02,   -3.914937e-02,    3.502083e-02,    9.470244e-03,   -8.978702e-03,   -7.524145e-01,   -2.393429e-01,   -3.164987e-01,    2.277421e-01,   -4.379664e-01,   -5.315955e-01,   -6.242034e-02,    5.876112e-01,   -3.604300e-03,   -6.264700e-03,    3.816200e-02,   -3.633900e-02,   -4.030100e-02,    3.362300e-02,    9.240400e-03,   -6.815000e-03,    2.927400e-03,    2.927400e-03,    2.629500e-03,    2.629500e-03,    2.629500e-03,    2.629500e-03,    3.682200e-03,    3.682200e-03,
        19,    1.584800e+01,    9.187410e-04,   -4.069478e-03,    4.837142e-02,   -4.593654e-02,   -4.764914e-02,    4.777464e-02,    1.198235e-02,   -1.158737e-02,   -4.086733e-01,   -4.477982e-01,    7.798991e-02,   -2.226853e-01,   -8.760087e-01,   -5.755765e-01,   -1.178879e-01,    3.259837e-01,   -2.456100e-04,   -5.345300e-03,    4.863600e-02,   -4.669200e-02,   -5.062100e-02,    4.582200e-02,    1.141300e-02,   -1.001300e-02,    2.849100e-03,    2.849100e-03,    3.392500e-03,    3.392500e-03,    3.392500e-03,    3.392500e-03,    4.829600e-03,    4.829600e-03,
        19,    2.511800e+01,    1.511710e-03,   -2.286662e-03,    6.002658e-02,   -5.777664e-02,   -6.106446e-02,    6.295711e-02,    1.536089e-02,   -1.449774e-02,    8.466809e-02,   -5.018966e-01,    5.971448e-01,   -2.685480e-01,   -8.483333e-01,   -2.179402e-01,   -2.638147e-01,    7.756480e-02,    1.750000e-03,   -3.699200e-03,    6.264900e-02,   -5.895600e-02,   -6.479000e-02,    6.200000e-02,    1.370200e-02,   -1.401000e-02,    2.814400e-03,    2.814400e-03,    4.391600e-03,    4.391600e-03,    4.391600e-03,    4.391600e-03,    6.288100e-03,    6.288100e-03,
        19,    3.981000e+01,    1.340911e-03,   -1.779759e-03,    7.505050e-02,   -7.262033e-02,   -7.829217e-02,    7.961113e-02,    1.917984e-02,   -1.747476e-02,    3.284681e-01,   -9.802613e-02,    5.577575e-01,    3.391522e-01,   -8.571008e-01,   -3.119070e-01,   -6.009887e-01,   -3.437497e-01,    2.219300e-03,   -2.041900e-03,    7.810500e-02,   -7.076300e-02,   -8.298600e-02,    7.790300e-02,    1.438900e-02,   -2.021500e-02,    2.674200e-03,    2.674200e-03,    5.476400e-03,    5.476400e-03,    5.476400e-03,    5.476400e-03,    7.971600e-03,    7.971600e-03,
        19,    6.309500e+01,    2.053676e-03,   -1.857180e-03,    9.321113e-02,   -9.058741e-02,   -9.812692e-02,    9.993183e-02,    2.266983e-02,   -2.145257e-02,   -1.379054e-02,    3.083029e-01,    6.168755e-01,    5.511589e-01,   -8.880405e-01,   -6.180471e-01,   -5.123864e-01,   -6.061799e-01,    2.018000e-03,   -1.059600e-03,    9.740200e-02,   -8.684300e-02,   -1.041600e-01,    9.573300e-02,    1.744400e-02,   -2.763500e-02,    2.587000e-03,    2.587000e-03,    6.793700e-03,    6.793700e-03,    6.793700e-03,    6.793700e-03,    1.019900e-02,    1.019900e-02,
        20,    6.309500e+00,   -2.530042e-02,    6.399467e-03,    5.102729e-02,   -5.089417e-02,   -6.787665e-02,    5.118108e-02,    4.476048e-03,    1.576184e-03,   -8.835118e-01,   -9.334590e-02,   -1.217267e+00,   -6.522531e-01,   -5.217106e-02,   -2.580273e-02,    2.469690e-01,    1.577557e+00,   -3.161700e-02,    5.732100e-03,    4.630600e-02,   -5.342400e-02,   -6.807900e-02,    5.108100e-02,    5.567700e-03,    8.549300e-03,    7.149400e-03,    7.149400e-03,    3.878600e-03,    3.878600e-03,    3.878600e-03,    3.878600e-03,    4.420200e-03,    4.420200e-03,
        20,    1.000000e+01,   -2.701101e-02,    3.558553e-03,    6.563607e-02,   -6.410945e-02,   -8.090713e-02,    6.090075e-02,    3.813540e-03,    2.526517e-03,   -5.664933e-01,   -5.459909e-01,   -7.089949e-01,   -2.351426e-01,    1.549834e+00,   -5.862004e-01,   -6.187744e-02,    1.833158e+00,   -3.154500e-02,   -8.113400e-04,    6.237200e-02,   -6.519200e-02,   -7.377200e-02,    5.820200e-02,    3.496400e-03,    1.192200e-02,    8.003600e-03,    8.003600e-03,    4.603800e-03,    4.603800e-03,    4.603800e-03,    4.603800e-03,    5.125300e-03,    5.125300e-03,
        20,    1.584800e+01,   -2.525879e-02,    6.791534e-04,    8.457712e-02,   -7.842921e-02,   -9.469830e-02,    7.436710e-02,    1.771976e-03,    3.625666e-03,   -6.812783e-01,   -9.291724e-01,   -4.074808e-01,   -1.020025e-01,    5.922613e-01,   -5.795153e-01,    7.635381e-01,    1.995308e+00,   -3.147300e-02,   -7.796200e-03,    8.223700e-02,   -7.901500e-02,   -9.129700e-02,    7.103900e-02,    7.152400e-03,    1.768600e-02,    9.121400e-03,    9.121400e-03,    5.742900e-03,    5.742900e-03,    5.742900e-03,    5.742900e-03,    7.046700e-03,    7.046700e-03,
        20,    2.511800e+01,   -1.948720e-02,    1.377458e-03,    1.058183e-01,   -9.323576e-02,   -1.107397e-01,    9.446046e-02,   -2.451550e-03,    3.158673e-03,   -7.238753e-01,   -1.188906e+00,   -7.172336e-01,   -2.728721e-01,   -3.657863e-01,   -1.207182e-01,    2.174536e-01,    2.269466e+00,   -2.625000e-02,   -9.729900e-03,    1.007000e-01,   -9.518300e-02,   -1.133500e-01,    9.359900e-02,   -5.577900e-04,    2.292300e-02,    9.342500e-03,    9.342500e-03,    7.136100e-03,    7.136100e-03,    7.136100e-03,    7.136100e-03,    8.708800e-03,    8.708800e-03,
        21,    6.309500e+00,   -8.726071e-03,   -2.558773e-03,    3.173353e-02,   -3.168879e-02,   -3.647401e-02,    2.639459e-02,    1.745493e-03,    7.708365e-04,   -1.815802e+00,    2.342065e-04,    5.414389e-01,   -4.550152e-02,   -6.116760e-01,   -5.256795e-02,    3.892751e-01,    3.474875e-01,   -1.627200e-02,   -2.557800e-03,    3.398500e-02,   -3.187800e-02,   -3.833100e-02,    2.623500e-02,    2.407300e-03,    1.361600e-03,    4.155700e-03,    4.155700e-03,    4.158300e-03,    4.158300e-03,    3.035900e-03,    3.035900e-03,    1.700100e-03,    1.700100e-03,
        21,    1.000000e+01,   -7.337082e-03,   -4.283647e-03,    3.984237e-02,   -3.951797e-02,   -4.169650e-02,    3.336349e-02,    1.668705e-03,    1.290481e-03,   -1.591515e+00,   -3.344136e-01,    6.842585e-01,    2.685182e-02,   -7.417212e-01,    9.726823e-02,    3.700302e-01,    4.577977e-01,   -1.458500e-02,   -5.806600e-03,    4.356200e-02,   -3.937200e-02,   -4.498700e-02,    3.379500e-02,    2.423900e-03,    2.224800e-03,    4.554100e-03,    4.554100e-03,    5.436000e-03,    5.436000e-03,    4.436300e-03,    4.436300e-03,    2.040900e-03,    2.040900e-03,
        21,    1.584800e+01,   -4.738716e-03,   -5.328021e-03,    4.944991e-02,   -4.970246e-02,   -4.826353e-02,    4.428072e-02,    1.028202e-03,    2.008695e-03,   -1.063623e+00,   -5.868637e-01,    7.016649e-01,   -1.157098e-01,   -5.193788e-01,    2.437818e-01,    1.781496e-03,    3.312870e-01,   -9.658400e-03,   -8.042500e-03,    5.606900e-02,   -5.079400e-02,   -5.208200e-02,    4.607300e-02,    1.032000e-03,    2.714900e-03,    4.625400e-03,    4.625400e-03,    9.433400e-03,    9.433400e-03,    7.352000e-03,    7.352000e-03,    2.131700e-03,    2.131700e-03,
        21,    2.511800e+01,   -1.552201e-03,   -4.634490e-03,    6.135997e-02,   -6.353874e-02,   -5.841032e-02,    6.023208e-02,   -1.654026e-04,    2.216933e-03,   -7.607852e-01,   -8.018350e-01,    5.675117e-01,    1.724716e-01,   -4.889442e-01,    9.236891e-02,   -2.208862e-02,    3.981794e-01,   -4.931000e-03,   -8.195600e-03,    6.791700e-02,   -6.154600e-02,   -6.281400e-02,    6.106400e-02,   -2.211300e-04,    3.221500e-03,    4.441200e-03,    4.441200e-03,    1.155400e-02,    1.155400e-02,    9.006500e-03,    9.006500e-03,    2.522900e-03,    2.522900e-03,
        21,    3.981000e+01,    4.747027e-04,   -1.946807e-03,    7.738250e-02,   -8.212349e-02,   -7.489781e-02,    8.066281e-02,   -1.113053e-03,    1.647702e-03,   -5.636920e-01,   -9.605076e-01,    4.248666e-01,    4.581968e-01,   -4.273930e-01,   -1.696301e-01,   -1.939079e-02,    6.360957e-01,   -1.707800e-03,   -5.665700e-03,    8.350100e-02,   -7.552500e-02,   -7.975000e-02,    7.873700e-02,   -1.173100e-03,    3.617500e-03,    3.871800e-03,    3.871800e-03,    1.440100e-02,    1.440100e-02,    1.135300e-02,    1.135300e-02,    3.096700e-03,    3.096700e-03,
        21,    6.309500e+01,   -3.992099e-05,    1.036530e-03,    9.962863e-02,   -1.051483e-01,   -9.857352e-02,    1.031658e-01,   -1.269430e-03,    1.043927e-03,   -4.314084e-01,   -1.022339e+00,    2.706842e-01,    4.238261e-01,   -4.061076e-01,   -1.447410e-01,   -3.339539e-01,    6.580637e-01,   -1.062100e-03,   -1.385800e-03,    1.045900e-01,   -9.738000e-02,   -1.045100e-01,    1.010500e-01,   -2.526900e-03,    3.521800e-03,    2.369400e-03,    2.369400e-03,    1.832900e-02,    1.832900e-02,    1.461800e-02,    1.461800e-02,    3.765400e-03,    3.765400e-03,
        22,    1.000000e+01,   -4.843788e-03,   -5.575076e-03,    3.086566e-02,   -2.726370e-02,   -2.868237e-02,    2.358147e-02,    5.307840e-04,    3.257682e-03,   -2.049203e+00,   -1.144979e+00,    6.651199e-01,    7.650559e-01,    3.943240e+00,   -2.595806e-01,    5.674875e-01,    1.853862e-01,   -1.279900e-02,   -1.002000e-02,    3.206600e-02,   -2.588300e-02,   -2.156600e-02,    2.311300e-02,    1.470600e-03,    3.564700e-03,    3.882100e-03,    3.882100e-03,    1.804700e-03,    1.804700e-03,    1.804700e-03,    1.804700e-03,    1.656100e-03,    1.656100e-03,
        22,    1.584800e+01,   -2.955363e-03,   -6.615230e-03,    3.584049e-02,   -3.415777e-02,   -3.203933e-02,    3.275949e-02,   -1.755333e-04,    4.111478e-03,   -8.880861e-01,   -1.475842e+00,    3.765667e-01,    6.641605e-02,    2.038079e+00,    4.259142e-01,    2.490357e-01,    3.489666e-01,   -6.491100e-03,   -1.249100e-02,    3.671800e-02,   -3.400300e-02,   -2.729000e-02,    3.375200e-02,    3.685600e-04,    4.873900e-03,    3.981300e-03,    3.981300e-03,    2.330300e-03,    2.330300e-03,    2.330300e-03,    2.330300e-03,    2.184800e-03,    2.184800e-03,
        22,    2.511800e+01,   -7.481594e-04,   -7.694569e-03,    4.104685e-02,   -4.539351e-02,   -3.725417e-02,    4.696555e-02,   -9.728380e-04,    5.519984e-03,    2.113765e-01,   -1.134959e+00,    3.331321e-01,   -1.133138e+00,   -1.236636e+00,    8.344022e-01,    2.305537e-01,    4.055611e-01,    1.548200e-04,   -1.254300e-02,    4.212300e-02,   -4.905400e-02,   -4.124900e-02,    4.966100e-02,   -2.483000e-04,    6.794500e-03,    4.271900e-03,    4.271900e-03,    3.230400e-03,    3.230400e-03,    3.230400e-03,    3.230400e-03,    3.142600e-03,    3.142600e-03,
        22,    3.981000e+01,    1.906765e-03,   -8.521252e-03,    4.812151e-02,   -6.346588e-02,   -4.638671e-02,    6.745234e-02,   -2.385350e-03,    7.641959e-03,    7.285455e-02,   -5.188632e-01,    4.888906e-01,    4.225592e-01,   -3.591479e+00,   -8.207371e-01,    3.206942e-01,    1.101329e-01,    2.230800e-03,   -1.082900e-02,    5.017500e-02,   -6.169100e-02,   -6.147200e-02,    6.400500e-02,   -1.090900e-03,    8.086500e-03,    4.447700e-03,    4.447700e-03,    4.200300e-03,    4.200300e-03,    4.200300e-03,    4.200300e-03,    4.036400e-03,    4.036400e-03,
        22,    6.309500e+01,    4.461986e-03,   -8.943186e-03,    6.017422e-02,   -9.037594e-02,   -6.154558e-02,    9.482524e-02,   -4.862316e-03,    1.007117e-02,   -1.588001e-01,   -2.803088e-01,    3.347229e-01,    1.742978e+00,   -2.977439e+00,   -1.925952e+00,    4.676450e-01,   -9.345037e-02,    3.665000e-03,   -1.035000e-02,    6.198400e-02,   -8.095200e-02,   -7.764400e-02,    8.441200e-02,   -2.496500e-03,    9.598400e-03,    5.018800e-03,    5.018800e-03,    5.406800e-03,    5.406800e-03,    5.406800e-03,    5.406800e-03,    5.059000e-03,    5.059000e-03,
        23,    6.309500e+00,   -4.664111e-03,   -2.680101e-03,    3.591422e-02,   -2.513527e-02,   -3.433517e-02,    1.758454e-02,   -1.123134e-03,   -1.279337e-03,   -4.699267e-01,   -7.445299e-01,   -5.147863e-02,    1.033492e-01,   -1.746301e+00,    1.062399e-01,    2.377712e+00,    2.212832e-01,   -5.946400e-03,   -4.711700e-03,    3.580400e-02,   -2.491400e-02,   -3.807400e-02,    1.781200e-02,    2.918500e-03,   -9.032000e-04,    2.728700e-03,    2.728700e-03,    2.141000e-03,    2.141000e-03,    2.141000e-03,    2.141000e-03,    1.699800e-03,    1.699800e-03,
        23,    1.000000e+01,   -3.506979e-03,   -3.220894e-03,    4.296240e-02,   -2.763900e-02,   -3.826820e-02,    1.928587e-02,   -5.848229e-04,   -2.843242e-03,   -3.002887e-01,   -1.064393e+00,   -7.737999e-02,   -7.064997e-01,   -9.364126e-01,    3.142817e-01,    1.956436e+00,    5.607833e-01,   -4.413100e-03,   -6.432700e-03,    4.277500e-02,   -2.935000e-02,   -4.053600e-02,    2.004700e-02,    3.177600e-03,   -1.764800e-03,    3.017500e-03,    3.017500e-03,    2.421800e-03,    2.421800e-03,    2.421800e-03,    2.421800e-03,    1.923100e-03,    1.923100e-03,
        23,    1.584800e+01,   -2.311757e-03,   -3.555852e-03,    4.889939e-02,   -3.107822e-02,   -4.103958e-02,    2.263941e-02,    7.543254e-04,   -4.212947e-03,    3.807639e-01,   -1.158388e+00,    6.496353e-01,   -9.216174e-01,   -1.056904e+00,    1.622024e-01,    1.343751e+00,    9.468814e-01,   -1.108200e-03,   -7.217400e-03,    5.068400e-02,   -3.361000e-02,   -4.394300e-02,    2.308500e-02,    3.687600e-03,   -2.146000e-03,    3.160900e-03,    3.160900e-03,    2.747100e-03,    2.747100e-03,    2.747100e-03,    2.747100e-03,    2.182900e-03,    2.182900e-03,
        23,    2.511800e+01,   -9.447539e-04,   -3.769969e-03,    5.386856e-02,   -3.780842e-02,   -4.288483e-02,    2.983827e-02,    2.594079e-03,   -5.080853e-03,    9.718157e-01,   -8.949746e-01,    1.671299e+00,   -3.836406e-01,   -1.108558e+00,    5.600338e-01,    1.055724e+00,    1.158547e+00,    2.346300e-03,   -6.800800e-03,    5.913800e-02,   -3.901800e-02,   -4.638000e-02,    3.160400e-02,    5.447700e-03,   -1.949300e-03,    3.386500e-03,    3.386500e-03,    3.152900e-03,    3.152900e-03,    3.152900e-03,    3.152900e-03,    2.703000e-03,    2.703000e-03,
        23,    3.981000e+01,    5.910678e-04,   -3.473702e-03,    5.946333e-02,   -5.038018e-02,   -4.556524e-02,    4.377115e-02,    4.473035e-03,   -5.323721e-03,    1.623293e+00,   -3.714831e-01,    7.418653e-01,    1.759175e-01,   -3.261018e-01,   -1.391078e-01,    6.777137e-01,    1.045923e+00,    6.921100e-03,   -4.922300e-03,    6.210400e-02,   -4.975400e-02,   -4.672600e-02,    4.327600e-02,    6.605800e-03,   -2.032200e-03,    3.899500e-03,    3.899500e-03,    3.559500e-03,    3.559500e-03,    3.559500e-03,    3.559500e-03,    3.147000e-03,    3.147000e-03,
        23,    6.309500e+01,    1.425113e-03,   -2.431831e-03,    6.888928e-02,   -7.068186e-02,   -5.344756e-02,    6.628248e-02,    5.730973e-03,   -5.259040e-03,    1.886897e+00,    9.476381e-01,   -5.493763e-02,   -6.895963e-01,    1.139632e+00,    2.786510e-01,    3.502384e-01,    7.797495e-01,    1.092300e-02,    2.338200e-03,    6.863800e-02,   -7.383600e-02,   -4.823500e-02,    6.755700e-02,    7.034700e-03,   -2.356500e-03,    5.033600e-03,    5.033600e-03,    4.573900e-03,    4.573900e-03,    4.573900e-03,    4.573900e-03,    3.722400e-03,    3.722400e-03,
        24,    6.309500e+00,   -4.823508e-03,   -6.844454e-03,    2.832472e-02,   -2.544507e-02,   -2.768755e-02,    2.196957e-02,    4.787925e-04,    1.981084e-03,   -7.685610e-01,    1.512084e-01,   -2.989624e-01,   -1.117806e-02,   -3.558770e-01,    3.277220e-01,    3.208242e-01,    8.385741e-02,   -7.004300e-03,   -6.415400e-03,    2.776500e-02,   -2.546600e-02,   -2.834500e-02,    2.257500e-02,    9.169100e-04,    2.095600e-03,    2.837500e-03,    2.837500e-03,    1.872200e-03,    1.872200e-03,    1.847400e-03,    1.847400e-03,    1.365600e-03,    1.365600e-03,
        24,    1.000000e+01,   -9.774247e-04,   -7.061002e-03,    3.510575e-02,   -3.092798e-02,   -3.206667e-02,    2.908325e-02,   -4.270350e-04,    1.875699e-03,   -9.616400e-01,   -2.221171e-01,   -6.982161e-01,   -3.308933e-02,    1.389726e-02,   -4.351522e-01,    3.845953e-01,    4.741216e-01,   -3.840900e-03,   -7.722400e-03,    3.356500e-02,   -3.100100e-02,   -3.203600e-02,    2.812300e-02,    1.845100e-04,    2.629600e-03,    2.977700e-03,    2.977700e-03,    2.206700e-03,    2.206700e-03,    2.206700e-03,    2.206700e-03,    1.590100e-03,    1.590100e-03,
        24,    1.584800e+01,    2.068732e-03,   -5.055581e-03,    4.231235e-02,   -3.786752e-02,   -3.864674e-02,    3.931612e-02,   -9.446240e-04,    1.324656e-03,   -8.214740e-01,   -7.713211e-01,   -2.082263e-01,   -2.659930e-01,    1.621017e-01,   -3.640867e-01,    1.391214e-01,    9.002876e-01,   -4.691300e-04,   -7.438500e-03,    4.129900e-02,   -3.916200e-02,   -3.819700e-02,    3.830600e-02,   -6.716400e-04,    3.091200e-03,    3.089400e-03,    3.089400e-03,    4.866600e-03,    4.866600e-03,    2.774400e-03,    2.774400e-03,    1.962200e-03,    1.962200e-03,
        24,    2.511800e+01,    2.588835e-03,   -2.472720e-03,    5.022771e-02,   -4.791587e-02,   -4.869561e-02,    5.234964e-02,   -5.528720e-04,    9.483600e-04,   -7.024918e-02,   -7.931566e-01,    4.310356e-01,   -5.292261e-01,   -4.034017e-01,    6.756771e-01,   -4.160508e-01,    1.095554e+00,    2.378600e-03,   -4.846400e-03,    5.297500e-02,   -5.128900e-02,   -5.018900e-02,    5.485100e-02,   -1.654200e-03,    3.848400e-03,    2.992700e-03,    2.992700e-03,    6.373700e-03,    6.373700e-03,    3.702000e-03,    3.702000e-03,    2.647100e-03,    2.647100e-03,
        24,    3.981000e+01,    1.378947e-03,   -1.787273e-03,    5.999148e-02,   -6.261900e-02,   -6.211711e-02,    6.781942e-02,    3.229948e-04,    1.840337e-03,    8.230376e-01,   -3.631344e-01,    2.705292e-01,    1.027338e-01,    2.957794e-01,   -4.691845e-01,   -8.340964e-01,    8.047538e-01,    3.928800e-03,   -2.912300e-03,    6.118700e-02,   -6.216500e-02,   -6.081000e-02,    6.574600e-02,   -2.313000e-03,    4.383600e-03,    3.098100e-03,    3.098100e-03,    4.419200e-03,    4.419200e-03,    4.419200e-03,    4.419200e-03,    3.160300e-03,    3.160300e-03,
        24,    6.309500e+01,    7.894432e-04,   -3.245381e-03,    7.283023e-02,   -8.337883e-02,   -7.844134e-02,    8.720502e-02,    3.695783e-04,    4.118158e-03,    1.294053e+00,    6.475661e-01,   -1.054449e-01,    8.369254e-01,    8.917481e-01,   -9.674255e-01,   -9.579483e-01,    2.425108e-01,    5.544700e-03,   -8.657700e-04,    7.225800e-02,   -7.883700e-02,   -7.360200e-02,    8.195500e-02,   -3.344100e-03,    5.058300e-03,    3.674700e-03,    3.674700e-03,    5.426800e-03,    5.426800e-03,    5.426800e-03,    5.426800e-03,    3.876700e-03,    3.876700e-03,
        25,    6.309500e+00,    6.417927e-02,   -5.037906e-02,    5.229527e-02,   -6.690496e-02,   -1.479435e-01,    1.214869e-01,   -2.728296e-02,    3.831156e-02,    1.069474e+00,    2.067093e-01,    3.625847e-01,   -3.394556e-01,   -3.150590e+00,    1.150418e+00,   -1.559692e+00,    3.461006e-01,    7.863000e-02,   -4.758600e-02,    5.478300e-02,   -6.923400e-02,   -1.695600e-01,    1.293800e-01,   -5.624800e-02,    4.473900e-02,    1.351200e-02,    1.351200e-02,    6.861100e-03,    6.861100e-03,    6.861100e-03,    6.861100e-03,    1.857100e-02,    1.857100e-02,
        25,    1.000000e+01,    8.190799e-02,   -6.196272e-02,    6.589838e-02,   -9.059531e-02,   -1.845814e-01,    1.552774e-01,   -3.629658e-02,    5.150521e-02,    4.632182e-01,    4.616930e-01,    4.392787e-01,   -3.473056e-01,   -1.944119e+00,   -1.311023e-01,   -1.367281e+00,    4.111405e-01,    8.959000e-02,   -5.430600e-02,    6.967600e-02,   -9.358200e-02,   -2.013000e-01,    1.541500e-01,   -6.742000e-02,    6.086400e-02,    1.658400e-02,    1.658400e-02,    8.599600e-03,    8.599600e-03,    8.599600e-03,    8.599600e-03,    2.276300e-02,    2.276300e-02,
        25,    1.584800e+01,    1.036718e-01,   -7.132338e-02,    8.625055e-02,   -1.234296e-01,   -2.316712e-01,    1.909632e-01,   -5.133459e-02,    6.849018e-02,    1.814062e-01,    1.322712e-01,    3.791529e-01,   -8.442676e-01,   -1.507571e+00,    1.274837e+00,   -1.114864e+00,    2.233427e-01,    1.075700e-01,   -6.848100e-02,    9.057100e-02,   -1.330500e-01,   -2.488500e-01,    2.054900e-01,   -8.310600e-02,    7.485500e-02,    2.148900e-02,    2.148900e-02,    1.139500e-02,    1.139500e-02,    1.139500e-02,    1.139500e-02,    2.849800e-02,    2.849800e-02,
        25,    2.511800e+01,    1.284069e-01,   -7.891271e-02,    1.160597e-01,   -1.661704e-01,   -2.889040e-01,    2.306369e-01,   -7.360553e-02,    8.659247e-02,    1.036580e-01,    1.150757e-01,    2.035181e-01,   -7.307425e-01,   -8.801424e-01,    5.163013e-01,   -8.565304e-01,    1.915089e-01,    1.312000e-01,   -7.581200e-02,    1.189700e-01,   -1.766200e-01,   -3.014900e-01,    2.380200e-01,   -1.033100e-01,    9.323400e-02,    2.694500e-02,    2.694500e-02,    1.430000e-02,    1.430000e-02,    1.430000e-02,    1.430000e-02,    3.468000e-02,    3.468000e-02,
        25,    3.981000e+01,    1.570406e-01,   -8.370485e-02,    1.578529e-01,   -2.208451e-01,   -3.601871e-01,    2.742008e-01,   -1.023432e-01,    1.040510e-01,    4.751922e-01,    7.810070e-02,    3.982697e-01,   -5.059810e-01,   -2.335716e+00,   -2.178551e-01,   -7.845714e-01,    9.209693e-03,    1.736500e-01,   -8.097500e-02,    1.652400e-01,   -2.302300e-01,   -4.035100e-01,    2.701600e-01,   -1.363300e-01,    1.044500e-01,    3.495300e-02,    3.495300e-02,    1.854800e-02,    1.854800e-02,    1.854800e-02,    1.854800e-02,    4.331900e-02,    4.331900e-02,
        27,    6.309500e+00,    2.659934e-03,   -1.401071e-03,    4.309046e-02,   -3.031894e-02,   -3.466280e-02,    2.137946e-02,   -3.066453e-03,    9.674737e-05,    1.624582e+00,    1.290493e+00,   -1.461773e+00,   -1.666646e-02,   -6.444149e-01,   -1.298240e+00,    1.635965e+00,    8.988874e-01,    7.453100e-03,    2.406400e-03,    3.896300e-02,   -3.036600e-02,   -3.610500e-02,    1.847400e-02,   -1.085300e-03,    1.185300e-03,    2.950400e-03,    2.950400e-03,    2.823600e-03,    2.823600e-03,    2.238000e-03,    2.238000e-03,    1.211000e-03,    1.211000e-03,
        27,    1.000000e+01,    3.159372e-03,   -2.522379e-04,    5.143428e-02,   -3.370484e-02,   -3.933448e-02,    2.493897e-02,   -2.980541e-03,   -1.463615e-03,    1.775644e+00,    1.047442e+00,   -8.523626e-01,    2.162640e-01,   -3.745471e-01,   -1.203578e+00,    1.618234e+00,    2.399826e+00,    9.793000e-03,    3.660900e-03,    4.921200e-02,   -3.314100e-02,   -4.031100e-02,    2.180100e-02,   -5.132200e-04,    2.195400e-03,    3.735900e-03,    3.735900e-03,    2.607200e-03,    2.607200e-03,    2.607200e-03,    2.607200e-03,    1.524700e-03,    1.524700e-03,
        27,    1.584800e+01,    2.726174e-03,    8.885256e-04,    5.878923e-02,   -3.837081e-02,   -4.333451e-02,    3.072700e-02,   -1.896814e-03,   -2.823031e-03,   -1.376911e-01,    1.673170e+00,    1.345146e+00,   -2.390916e-01,   -2.148656e+00,   -1.853665e+00,    1.168225e+00,    2.987957e+00,    2.256000e-03,    6.601900e-03,    6.312800e-02,   -3.914200e-02,   -5.026500e-02,    2.474800e-02,    5.446600e-04,    3.421500e-03,    3.414700e-03,    3.414700e-03,    3.225500e-03,    3.225500e-03,    3.225500e-03,    3.225500e-03,    2.089900e-03,    2.089900e-03,
        27,    2.511800e+01,    1.642087e-03,    1.317496e-03,    6.530721e-02,   -4.671451e-02,   -4.702964e-02,    4.106046e-02,   -2.102991e-04,   -3.412796e-03,   -1.516545e+00,    1.323539e+00,    2.026333e+00,   -2.172152e-02,   -2.072601e+00,   -1.639734e+00,   -8.693891e-01,    2.715304e+00,   -4.241500e-03,    6.452300e-03,    7.290900e-02,   -4.679600e-02,   -5.480500e-02,    3.490900e-02,   -2.158600e-03,    2.672200e-03,    3.879600e-03,    3.879600e-03,    3.751500e-03,    3.751500e-03,    3.751500e-03,    3.751500e-03,    2.241000e-03,    2.241000e-03,
        27,    3.981000e+01,    6.611743e-04,    7.541066e-04,    7.222822e-02,   -6.148750e-02,   -5.228709e-02,    5.898227e-02,    1.389946e-03,   -3.102346e-03,   -1.500922e+00,   -6.903532e-01,    1.561849e+00,    5.634213e-02,   -5.914052e-01,   -3.029420e-01,   -2.298649e+00,    4.952361e-01,   -3.935400e-03,   -1.360100e-03,    7.920000e-02,   -6.123600e-02,   -5.492700e-02,    5.763000e-02,   -6.597400e-03,   -1.381500e-03,    3.062500e-03,    3.062500e-03,    4.463800e-03,    4.463800e-03,    4.463800e-03,    4.463800e-03,    3.474800e-03,    3.474800e-03,
        27,    6.309500e+01,    6.571322e-04,   -3.982730e-04,    8.217089e-02,   -8.571917e-02,   -6.350179e-02,    8.671579e-02,    2.275903e-03,   -2.247011e-03,   -3.266643e-01,   -1.780262e+00,    9.599461e-01,   -1.655924e-02,    7.032772e-01,    8.365805e-01,   -1.796980e+00,   -1.286693e+00,   -1.027900e-03,   -9.581400e-03,    8.772600e-02,   -8.581500e-02,   -5.943200e-02,    9.155700e-02,   -7.386100e-03,   -9.165300e-03,    5.158300e-03,    5.158300e-03,    5.786900e-03,    5.786900e-03,    5.786900e-03,    5.786900e-03,    5.376800e-03,    5.376800e-03,
        28,    6.309500e+00,    5.525886e-03,   -1.213654e-02,    2.776443e-02,   -3.210349e-02,   -3.137398e-02,    2.476112e-02,   -2.517748e-03,    7.532574e-03,    7.769555e-01,    4.727226e-01,   -2.749409e-01,    5.923621e-01,    1.535666e-01,    8.180663e-01,   -9.314067e-02,    2.280478e-01,    8.179500e-03,   -1.052200e-02,    2.620700e-02,   -2.874800e-02,   -3.078100e-02,    2.792000e-02,   -2.782500e-03,    8.180800e-03,    3.415400e-03,    3.415400e-03,    5.664600e-03,    5.664600e-03,    3.861400e-03,    3.861400e-03,    2.842500e-03,    2.842500e-03,
        28,    1.000000e+01,    8.065373e-03,   -1.726453e-02,    3.744906e-02,   -4.033613e-02,   -3.780774e-02,    2.952177e-02,   -4.189377e-03,    1.001635e-02,    2.567655e-01,    3.743823e-01,   -4.496122e-01,    3.537873e-01,   -1.611657e-01,    7.824438e-01,   -1.836846e-01,    3.501494e-01,    9.234400e-03,   -1.556000e-02,    3.416500e-02,   -3.775200e-02,   -3.859400e-02,    3.333900e-02,   -4.880600e-03,    1.133400e-02,    4.552900e-03,    4.552900e-03,    7.304200e-03,    7.304200e-03,    4.878600e-03,    4.878600e-03,    3.763100e-03,    3.763100e-03,
        28,    1.584800e+01,    1.248458e-02,   -2.406840e-02,    4.970619e-02,   -4.884191e-02,   -4.467129e-02,    3.588337e-02,   -6.531168e-03,    1.352077e-02,   -3.906194e-01,    2.993495e-01,   -6.296272e-01,    9.495219e-02,   -4.258968e-01,    6.569320e-01,   -3.188986e-01,    2.663061e-01,    1.014700e-02,   -2.227700e-02,    4.389800e-02,   -4.796600e-02,   -4.726300e-02,    3.988100e-02,   -8.076200e-03,    1.481100e-02,    5.984300e-03,    5.984300e-03,    9.224800e-03,    9.224800e-03,    6.085300e-03,    6.085300e-03,    4.844900e-03,    4.844900e-03,
        28,    2.511800e+01,    1.937969e-02,   -3.208484e-02,    6.341194e-02,   -5.754034e-02,   -5.239458e-02,    4.510011e-02,   -1.013976e-02,    1.809460e-02,   -7.375593e-01,    9.312172e-02,   -6.566216e-01,   -2.960123e-01,   -5.941736e-01,    4.879217e-01,   -3.302130e-01,    1.333359e-01,    1.350400e-02,   -3.134300e-02,    5.578200e-02,   -6.098000e-02,   -5.691600e-02,    4.881300e-02,   -1.217400e-02,    1.891600e-02,    7.966400e-03,    7.966400e-03,    1.162000e-02,    1.162000e-02,    7.609600e-03,    7.609600e-03,    6.160400e-03,    6.160400e-03,
        28,    3.981000e+01,    2.871771e-02,   -4.096792e-02,    7.732444e-02,   -6.817354e-02,   -6.196985e-02,    5.850278e-02,   -1.545914e-02,    2.347864e-02,   -6.146028e-01,   -2.120447e-01,   -3.926106e-01,   -7.460826e-01,   -7.047660e-01,    3.303031e-01,   -2.919701e-01,    7.573659e-02,    2.208000e-02,   -4.325800e-02,    7.148200e-02,   -7.927600e-02,   -6.879600e-02,    6.170200e-02,   -1.776200e-02,    2.407600e-02,    1.080000e-02,    1.080000e-02,    1.488100e-02,    1.488100e-02,    9.685700e-03,    9.685700e-03,    7.887300e-03,    7.887300e-03,
        28,    6.309500e+01,    4.028787e-02,   -5.092767e-02,    9.167049e-02,   -8.393530e-02,   -7.481752e-02,    7.733876e-02,   -2.263680e-02,    2.932810e-02,   -2.967548e-01,   -4.354999e-01,    7.492284e-02,   -1.052630e+00,   -7.979840e-01,    1.641980e-01,   -3.161443e-01,    1.006954e-01,    3.596000e-02,   -5.727900e-02,    9.311500e-02,   -1.042300e-01,   -8.476200e-02,    7.938500e-02,   -2.586400e-02,    3.035600e-02,    1.458400e-02,    1.458400e-02,    1.928000e-02,    1.928000e-02,    1.246200e-02,    1.246200e-02,    1.020800e-02,    1.020800e-02,
        29,    6.309500e+00,    1.854935e-01,   -1.132731e-01,    1.078929e-01,   -1.100765e-01,   -3.012705e-01,    2.035116e-01,   -1.155249e-01,    1.009765e-01,    6.613554e-01,   -3.413886e-01,    5.752526e-01,   -2.625965e-02,   -1.098175e+00,    8.846111e-01,   -3.996935e-01,    1.819003e-01,    2.048600e-01,   -1.232700e-01,    1.149800e-01,   -1.104000e-01,   -3.148000e-01,    2.144100e-01,   -1.307600e-01,    1.079100e-01,    2.928300e-02,    2.928300e-02,    1.232000e-02,    1.232000e-02,    1.232000e-02,    1.232000e-02,    3.811700e-02,    3.811700e-02,
        29,    1.000000e+01,    2.235135e-01,   -1.191744e-01,    1.427967e-01,   -1.313175e-01,   -3.652665e-01,    2.253436e-01,   -1.522248e-01,    1.101569e-01,    6.987134e-01,   -1.037516e-01,    3.813284e-01,    2.079560e-01,   -1.213155e+00,    2.659888e-01,   -3.708158e-01,    3.178493e-03,    2.479300e-01,   -1.228000e-01,    1.484400e-01,   -1.282400e-01,   -3.832200e-01,    2.292800e-01,   -1.689200e-01,    1.103000e-01,    3.494500e-02,    3.494500e-02,    1.479900e-02,    1.479900e-02,    1.479900e-02,    1.479900e-02,    4.502300e-02,    4.502300e-02,
        29,    1.584800e+01,    2.601272e-01,   -1.218356e-01,    1.838158e-01,   -1.526374e-01,   -4.303203e-01,    2.467388e-01,   -1.921489e-01,    1.142733e-01,    6.966199e-01,    1.949263e-01,    1.817986e-01,    5.175158e-01,   -1.442098e+00,   -4.928923e-01,   -4.066831e-01,   -2.619823e-01,    2.883800e-01,   -1.139300e-01,    1.869800e-01,   -1.436300e-01,   -4.554200e-01,    2.381600e-01,   -2.133900e-01,    1.005900e-01,    4.055700e-02,    4.055700e-02,    1.740500e-02,    1.740500e-02,    1.740500e-02,    1.740500e-02,    5.223000e-02,    5.223000e-02,
        29,    2.511800e+01,    2.941733e-01,   -1.247606e-01,    2.301175e-01,   -1.734752e-01,   -4.957928e-01,    2.742663e-01,   -2.344682e-01,    1.109482e-01,    5.249970e-01,    2.824415e-01,   -3.849320e-01,    2.801685e-01,   -7.289153e-01,   -7.468986e-01,   -1.511599e-01,   -2.058935e-01,    3.183200e-01,   -1.117700e-01,    2.224300e-01,   -1.678800e-01,   -5.103500e-01,    2.593500e-01,   -2.432600e-01,    9.897300e-02,    4.599400e-02,    4.599400e-02,    1.997100e-02,    1.997100e-02,    1.997100e-02,    1.997100e-02,    5.816200e-02,    5.816200e-02,
        29,    3.981000e+01,    3.268210e-01,   -1.312288e-01,    2.785103e-01,   -1.948222e-01,   -5.652415e-01,    3.143750e-01,   -2.743162e-01,    9.719426e-02,    3.378285e-01,    4.032462e-01,   -4.257208e-01,   -1.490124e-01,   -1.308882e-01,   -7.388300e-01,   -1.845408e-02,   -1.024448e-01,    3.444300e-01,   -1.102100e-01,    2.686600e-01,   -1.982700e-01,   -5.682700e-01,    2.972800e-01,   -2.755100e-01,    9.056700e-02,    5.212400e-02,    5.212400e-02,    2.313800e-02,    2.313800e-02,    2.313800e-02,    2.313800e-02,    6.469100e-02,    6.469100e-02,
        29,    6.309500e+01,    3.603111e-01,   -1.430115e-01,    3.260113e-01,   -2.225889e-01,   -6.440099e-01,    3.707772e-01,   -3.042622e-01,    7.534560e-02,    2.445186e-01,    3.778397e-01,    1.963923e-02,   -6.566209e-01,   -2.041613e-01,   -4.468544e-01,   -1.165935e-01,   -7.815863e-02,    3.749700e-01,   -1.203600e-01,    3.265500e-01,   -2.406000e-01,   -6.496100e-01,    3.585200e-01,   -3.127900e-01,    6.962900e-02,    5.995000e-02,    5.995000e-02,    2.743000e-02,    2.743000e-02,    2.743000e-02,    2.743000e-02,    7.314100e-02,    7.314100e-02,
        30,    6.309500e+00,    4.157988e-01,   -2.352613e-01,    2.518250e-01,   -2.305013e-01,   -7.057094e-01,    4.306789e-01,   -3.613453e-01,    3.008543e-01,    3.675532e-01,   -1.033237e-01,    6.103537e-01,   -1.822391e-01,   -6.800545e-01,    2.154387e-01,   -2.106902e-01,   -2.097355e-02,    4.391300e-01,   -2.418200e-01,    2.686000e-01,   -2.355100e-01,   -7.244000e-01,    4.366000e-01,   -3.815800e-01,    2.988400e-01,    6.347700e-02,    6.347700e-02,    2.748400e-02,    2.748400e-02,    2.748400e-02,    2.748400e-02,    9.604000e-02,    9.604000e-02,
        30,    1.000000e+01,    4.995988e-01,   -2.376946e-01,    3.275393e-01,   -2.662737e-01,   -8.513512e-01,    4.538396e-01,   -4.679149e-01,    3.307796e-01,    3.310429e-01,    5.010383e-02,    4.835458e-01,    1.046247e-01,   -5.873836e-01,   -1.715119e-01,   -1.567672e-01,   -1.058924e-01,    5.243400e-01,   -2.339500e-01,    3.432700e-01,   -2.628700e-01,   -8.704600e-01,    4.482600e-01,   -4.856500e-01,    3.188000e-01,    7.473700e-02,    7.473700e-02,    3.253200e-02,    3.253200e-02,    3.253200e-02,    3.253200e-02,    1.131300e-01,    1.131300e-01,
        30,    1.584800e+01,    5.782851e-01,   -2.270340e-01,    4.135623e-01,   -2.990398e-01,   -9.929785e-01,    4.626608e-01,   -5.842499e-01,    3.478814e-01,    4.042960e-01,    1.378991e-01,    6.132910e-01,    6.228643e-01,   -3.627638e-01,    2.350872e-02,   -2.013242e-01,   -4.212822e-01,    6.134200e-01,   -2.150500e-01,    4.367600e-01,   -2.754800e-01,   -1.006700e+00,    4.635500e-01,   -6.104100e-01,    2.931400e-01,    8.690400e-02,    8.690400e-02,    3.782500e-02,    3.782500e-02,    3.782500e-02,    3.782500e-02,    1.299400e-01,    1.299400e-01,
        30,    2.511800e+01,    6.466309e-01,   -2.091110e-01,    5.079013e-01,   -3.273226e-01,   -1.123430e+00,    4.690047e-01,   -7.066565e-01,    3.470773e-01,    7.820711e-02,    8.985014e-02,   -1.754283e-01,    2.452346e-01,    9.900210e-01,    1.743291e-01,    1.287206e-01,   -2.988784e-01,    6.541000e-01,   -2.005300e-01,    5.005600e-01,   -3.170600e-01,   -1.082000e+00,    4.763000e-01,   -6.884400e-01,    3.047800e-01,    9.550400e-02,    9.550400e-02,    4.184800e-02,    4.184800e-02,    4.184800e-02,    4.184800e-02,    1.415200e-01,    1.415200e-01,
        30,    3.981000e+01,    7.037091e-01,   -1.903876e-01,    6.045356e-01,   -3.521490e-01,   -1.243690e+00,    4.871642e-01,   -8.234550e-01,    3.242096e-01,   -1.235213e-02,    4.640129e-02,   -4.299674e-01,   -2.035109e-01,    1.037352e+00,    4.437353e-01,    4.514698e-01,   -8.591879e-03,    7.024000e-01,   -1.854700e-01,    5.842300e-01,   -3.617600e-01,   -1.194700e+00,    5.081200e-01,   -7.535900e-01,    3.228800e-01,    1.059800e-01,    1.059800e-01,    4.722600e-02,    4.722600e-02,    4.722600e-02,    4.722600e-02,    1.547500e-01,    1.547500e-01,
        30,    6.309500e+01,    7.509456e-01,   -1.751606e-01,    6.983267e-01,   -3.819988e-01,   -1.360996e+00,    5.282495e-01,   -9.199922e-01,    2.858155e-01,    3.023030e-02,   -5.283389e-02,    2.728848e-02,   -6.251375e-01,    3.421024e-01,    4.538530e-01,    1.194129e-01,    1.160195e-01,    7.545500e-01,   -1.814600e-01,    6.998100e-01,   -4.159800e-01,   -1.342400e+00,    5.529200e-01,   -8.989600e-01,    3.062500e-01,    1.192300e-01,    1.192300e-01,    5.435800e-02,    5.435800e-02,    5.435800e-02,    5.435800e-02,    1.761300e-01,    1.761300e-01,
        31,    6.309500e+00,    4.648413e-03,    3.522708e-04,    4.760387e-02,   -6.489013e-02,   -9.103462e-02,    7.392201e-02,    6.011697e-03,   -3.791481e-03,   -6.970012e-01,    9.799222e-01,   -1.859080e+00,   -5.964539e-02,   -1.027997e+00,   -8.666159e-01,    8.918029e-01,   -1.241746e-01,    2.813000e-03,    2.932700e-03,    3.878700e-02,   -6.517300e-02,   -9.591000e-02,    6.981200e-02,    1.104200e-02,   -4.491900e-03,    2.633300e-03,    2.633300e-03,    4.742600e-03,    4.742600e-03,    4.742600e-03,    4.742600e-03,    5.640600e-03,    5.640600e-03,
        31,    1.000000e+01,    5.317435e-03,    2.432689e-03,    6.117120e-02,   -8.789186e-02,   -1.133284e-01,    8.912399e-02,    7.097648e-03,   -6.243601e-03,   -1.015909e+00,    4.703756e-01,   -1.762569e+00,    5.053654e-02,    6.714375e-02,   -1.320803e+00,    8.347614e-01,    4.514851e-02,    2.084000e-03,    3.929800e-03,    5.071300e-02,   -8.759200e-02,   -1.129300e-01,    8.128700e-02,    1.261300e-02,   -5.945300e-03,    3.182800e-03,    3.182800e-03,    5.933500e-03,    5.933500e-03,    5.933500e-03,    5.933500e-03,    6.607100e-03,    6.607100e-03,
        31,    1.584800e+01,    5.232487e-03,    5.298304e-03,    7.992677e-02,   -1.198240e-01,   -1.393412e-01,    1.056781e-01,    1.006673e-02,   -8.440570e-03,   -1.143264e+00,   -9.455891e-01,   -8.294886e-01,   -8.245992e-01,    7.373371e-01,   -1.431043e+00,    4.596475e-01,    2.067878e-01,    1.694200e-03,    2.371800e-03,    7.351300e-02,   -1.262000e-01,   -1.336400e-01,    9.461300e-02,    1.350200e-02,   -6.895100e-03,    3.094900e-03,    3.094900e-03,    7.732200e-03,    7.732200e-03,    7.732200e-03,    7.732200e-03,    7.473700e-03,    7.473700e-03,
        31,    2.511800e+01,    4.750981e-03,    8.947182e-03,    1.075860e-01,   -1.638010e-01,   -1.695994e-01,    1.250608e-01,    1.355699e-02,   -8.720528e-03,   -2.219498e-02,   -1.632449e+00,   -2.966218e-01,   -2.123338e+00,    5.447795e-01,   -7.213926e-01,    2.330317e-01,    1.415020e-01,    4.644700e-03,    1.130200e-03,    1.045100e-01,   -1.858200e-01,   -1.639500e-01,    1.175800e-01,    1.562300e-02,   -7.466000e-03,    4.788500e-03,    4.788500e-03,    1.037000e-02,    1.037000e-02,    1.037000e-02,    1.037000e-02,    8.865800e-03,    8.865800e-03,
        31,    3.981000e+01,    3.885331e-03,    1.467684e-02,    1.503530e-01,   -2.215630e-01,   -2.057806e-01,    1.477098e-01,    1.488059e-02,   -8.351032e-03,    7.192408e-01,   -1.070860e+00,    6.198367e-02,   -1.604994e+00,    1.003121e+00,   -7.058220e-01,   -1.444412e-01,   -4.309244e-01,    1.005800e-02,    5.486500e-03,    1.511600e-01,   -2.424600e-01,   -1.927200e-01,    1.385200e-01,    1.344700e-02,   -1.262800e-02,    8.582200e-03,    8.582200e-03,    1.302000e-02,    1.302000e-02,    1.302000e-02,    1.302000e-02,    9.925100e-03,    9.925100e-03,
        31,    6.309500e+01,    5.570699e-04,    2.366747e-02,    2.151833e-01,   -2.906704e-01,   -2.482879e-01,    1.726494e-01,    1.481631e-02,   -1.112589e-02,    1.296995e+00,   -1.782395e-01,    1.624892e+00,   -2.257127e+00,    3.034088e-01,    3.388074e-01,   -7.957916e-01,   -1.141404e+00,    2.229600e-02,    2.068000e-02,    2.437700e-01,   -3.303800e-01,   -2.429500e-01,    1.786100e-01,    4.077900e-03,   -2.652800e-02,    1.676100e-02,    1.676100e-02,    1.759300e-02,    1.759300e-02,    1.759300e-02,    1.759300e-02,    1.349400e-02,    1.349400e-02,
        32,    6.309500e+00,   -6.989741e-03,    1.406831e-03,    1.673269e-02,   -1.946513e-02,   -2.956387e-02,    2.431254e-02,    5.400930e-03,   -2.348063e-03,   -7.632433e-01,   -1.784508e-01,    6.814495e-02,   -6.680924e-01,   -1.045233e-01,   -3.476432e-01,   -4.702231e-01,   -2.682518e-01,   -8.739400e-03,    9.977500e-04,    1.684100e-02,   -2.052700e-02,   -2.973000e-02,    2.376000e-02,    4.401000e-03,   -2.918500e-03,    2.292400e-03,    2.292400e-03,    1.589400e-03,    1.589400e-03,    1.589400e-03,    1.589400e-03,    2.126500e-03,    2.126500e-03,
        32,    3.981000e+01,   -5.457452e-03,   -2.849356e-03,    4.927750e-02,   -5.097023e-02,   -6.153694e-02,    5.931771e-02,    9.733696e-03,   -1.289402e-03,   -1.309385e-01,   -3.920429e-01,   -8.563898e-01,   -3.970589e-01,    3.878365e-01,    7.773227e-01,   -3.195381e-01,   -2.552052e-02,   -5.898400e-03,   -4.169600e-03,    4.595000e-02,   -5.251300e-02,   -6.003000e-02,    6.233800e-02,    8.430300e-03,   -1.393500e-03,    3.367600e-03,    3.367600e-03,    3.885500e-03,    3.885500e-03,    3.885500e-03,    3.885500e-03,    4.079000e-03,    4.079000e-03,
        32,    6.309500e+01,   -4.267295e-03,   -2.798850e-03,    6.098874e-02,   -6.395629e-02,   -7.645002e-02,    7.741119e-02,    8.841363e-03,   -1.332707e-03,   -5.190878e-02,   -2.368260e-01,   -3.496442e-01,   -1.002636e+00,   -5.034071e-01,    8.835348e-01,   -2.825369e-01,   -5.635491e-02,   -4.445000e-03,   -3.609600e-03,    5.921000e-02,   -6.905700e-02,   -7.901100e-02,    8.190600e-02,    7.583000e-03,   -1.583700e-03,    3.423400e-03,    3.423400e-03,    5.087300e-03,    5.087300e-03,    5.087300e-03,    5.087300e-03,    4.453800e-03,    4.453800e-03,
        33,    2.511800e+01,    1.112529e-02,    3.297252e-03,    8.699912e-02,   -1.387928e-01,   -1.977115e-01,    1.634752e-01,   -1.474399e-02,   -4.579874e-03,    6.008912e-01,   -8.244454e-01,    9.306719e-01,   -3.042912e+00,   -7.960327e-01,   -1.801471e+00,   -5.543147e-01,   -3.720005e-01,    1.632300e-02,   -3.834200e-03,    9.739100e-02,   -1.727700e-01,   -2.066000e-01,    1.433600e-01,   -2.104100e-02,   -8.805800e-03,    8.650000e-03,    8.650000e-03,    1.116600e-02,    1.116600e-02,    1.116600e-02,    1.116600e-02,    1.136000e-02,    1.136000e-02,
        33,    3.981000e+01,    9.173173e-03,    6.097731e-03,    1.197830e-01,   -1.905039e-01,   -2.433224e-01,    2.002181e-01,   -1.308868e-02,   -1.108182e-02,    1.631138e+00,   -6.125104e-01,    8.163157e-01,   -2.795458e+00,   -9.349975e-01,   -1.916957e+00,   -4.498312e-01,   -1.544689e-02,    3.161600e-02,   -2.329800e-03,    1.314800e-01,   -2.305600e-01,   -2.567200e-01,    1.727500e-01,   -1.862700e-02,   -1.127200e-02,    1.375900e-02,    1.375900e-02,    1.432900e-02,    1.432900e-02,    1.432900e-02,    1.432900e-02,    1.231200e-02,    1.231200e-02,
        33,    6.309500e+01,    5.536039e-03,    8.293296e-03,    1.703328e-01,   -2.564435e-01,   -3.003628e-01,    2.433807e-01,   -7.331685e-03,   -1.808664e-02,    2.298914e+00,   -3.381922e-01,    5.016380e-01,   -2.917570e+00,   -1.343838e+00,   -1.533196e+00,   -4.382183e-02,    2.950698e-01,    5.322700e-02,    1.277500e-03,    1.797200e-01,   -3.110400e-01,   -3.255100e-01,    2.146900e-01,   -7.859300e-03,   -1.453400e-02,    2.074500e-02,    2.074500e-02,    1.871300e-02,    1.871300e-02,    1.871300e-02,    1.871300e-02,    1.204000e-02,    1.204000e-02,
        34,    6.309500e+00,   -1.447813e-02,    3.146893e-04,    3.807654e-02,   -2.494327e-02,   -3.454980e-02,    2.364767e-02,    3.005067e-03,   -1.064765e-03,    6.641121e-01,    1.451684e+00,   -1.911086e-01,   -1.332795e-01,   -9.288665e-01,   -6.194867e-01,   -3.093729e+00,   -2.278475e+00,   -1.203300e-02,    5.659500e-03,    3.759800e-02,   -2.527700e-02,   -3.659600e-02,    2.228300e-02,   -7.113900e-03,   -8.517200e-03,    3.681800e-03,    3.681800e-03,    2.504000e-03,    2.504000e-03,    2.202900e-03,    2.202900e-03,    3.270800e-03,    3.270800e-03,
        34,    1.000000e+01,   -1.464267e-02,   -8.002015e-04,    4.589246e-02,   -2.734508e-02,   -4.108529e-02,    2.813409e-02,    3.789171e-03,   -1.735310e-03,    5.533104e-01,    1.263372e+00,    1.224264e+00,   -6.149907e-01,   -4.829354e-01,   -5.028940e-01,   -2.868102e+00,   -2.815650e+00,   -1.237100e-02,    4.386700e-03,    4.916700e-02,   -2.899000e-02,   -4.237700e-02,    2.678900e-02,   -8.447300e-03,   -1.374800e-02,    4.105600e-03,    4.105600e-03,    2.674700e-03,    2.674700e-03,    2.674700e-03,    2.674700e-03,    4.266400e-03,    4.266400e-03,
        34,    1.584800e+01,   -1.482940e-02,   -2.418843e-03,    5.353252e-02,   -2.958773e-02,   -4.846479e-02,    3.369105e-02,    5.261917e-03,   -1.598591e-03,    5.859314e-02,    1.089224e-01,    1.542500e+00,   -4.000873e-01,   -2.212414e-01,   -1.444641e+00,   -1.155778e+00,   -3.571482e+00,   -1.455600e-02,   -1.910600e-03,    5.826800e-02,   -3.081600e-02,   -4.914400e-02,    2.925600e-02,   -5.266800e-04,   -1.948600e-02,    4.666100e-03,    4.666100e-03,    3.070000e-03,    3.070000e-03,    3.070000e-03,    3.070000e-03,    5.008400e-03,    5.008400e-03,
        34,    2.511800e+01,   -1.416854e-02,   -5.083197e-03,    6.058410e-02,   -3.270006e-02,   -5.708067e-02,    4.079300e-02,    6.391365e-03,   -1.501470e-04,   -5.768061e-01,   -1.317555e+00,    1.079917e+00,    1.923913e-01,   -3.931956e-01,   -2.249740e+00,    7.698975e-01,   -3.523670e+00,   -1.759500e-02,   -1.291000e-02,    6.433400e-02,   -3.203200e-02,   -5.844600e-02,    3.298100e-02,    1.103300e-02,   -2.139400e-02,    5.940400e-03,    5.940400e-03,    3.472400e-03,    3.472400e-03,    3.472400e-03,    3.472400e-03,    6.028900e-03,    6.028900e-03,
        34,    3.981000e+01,   -1.150661e-02,   -7.912084e-03,    6.709338e-02,   -3.809321e-02,   -6.689364e-02,    4.964929e-02,    6.182334e-03,    1.876425e-03,   -1.075996e+00,   -1.422132e+00,   -8.098896e-02,    1.199400e+00,   -1.130540e+00,   -2.202533e+00,    1.260796e+00,   -2.544030e+00,   -1.851500e-02,   -1.717500e-02,    6.677600e-02,   -3.339300e-02,   -7.132400e-02,    4.101800e-02,    1.366100e-02,   -1.321400e-02,    6.513400e-03,    6.513400e-03,    3.918800e-03,    3.918800e-03,    3.918800e-03,    3.918800e-03,    5.931700e-03,    5.931700e-03,
        34,    6.309500e+01,   -7.145584e-03,   -9.240662e-03,    7.361981e-02,   -4.753842e-02,   -7.705144e-02,    6.171102e-02,    4.802609e-03,    3.422068e-03,   -2.047305e+00,    4.251295e-01,   -1.481373e-02,    2.023330e+00,   -7.619691e-01,   -1.266939e+00,    1.092142e+00,   -1.747750e+00,   -1.997400e-02,   -6.576800e-03,    7.355300e-02,   -3.841300e-02,   -8.048800e-02,    5.599700e-02,    1.035200e-02,   -5.458600e-03,    6.266000e-03,    6.266000e-03,    4.510100e-03,    4.510100e-03,    4.510100e-03,    4.510100e-03,    5.081200e-03,    5.081200e-03,
        35,    6.309500e+00,   -2.427156e-03,   -2.163144e-03,    2.967357e-02,   -2.197215e-02,   -2.349722e-02,    2.694712e-02,    8.307281e-03,    3.384516e-03,   -2.605075e-01,    1.955861e+00,    5.140084e-01,    3.688336e-01,    2.448762e-01,    1.008075e+00,    2.882238e-01,   -2.855283e-03,   -2.839800e-03,    9.349400e-04,    3.062700e-02,   -2.128800e-02,   -2.304300e-02,    2.881700e-02,    9.126500e-03,    3.376400e-03,    1.584000e-03,    1.584000e-03,    1.854900e-03,    1.854900e-03,    1.854900e-03,    1.854900e-03,    2.842300e-03,    2.842300e-03,
        35,    1.000000e+01,   -1.782696e-03,   -3.139435e-03,    3.366394e-02,   -2.998122e-02,   -3.055272e-02,    3.359568e-02,    6.379830e-03,    3.315672e-03,   -8.054257e-01,    9.035217e-01,    4.628168e-02,    5.723438e-01,   -4.833829e-01,    2.212877e-01,    6.019695e-01,   -1.636535e-02,   -3.309300e-03,   -1.426900e-03,    3.376900e-02,   -2.868200e-02,   -3.165000e-02,    3.409800e-02,    8.210600e-03,    3.265900e-03,    1.895400e-03,    1.895400e-03,    2.270000e-03,    2.270000e-03,    2.270000e-03,    2.270000e-03,    3.041300e-03,    3.041300e-03,
        35,    1.584800e+01,   -8.256190e-04,   -4.091211e-03,    4.002513e-02,   -4.156605e-02,   -3.872241e-02,    4.189920e-02,    4.909222e-03,    2.184814e-03,   -7.916231e-01,   -1.683004e-01,   -1.696355e-01,    3.277557e-02,   -7.563619e-01,    6.537232e-01,    6.605871e-01,    2.700096e-01,   -2.912100e-03,   -4.534800e-03,    3.952800e-02,   -4.147000e-02,   -4.093900e-02,    4.381500e-02,    7.034000e-03,    3.053300e-03,    2.635700e-03,    2.635700e-03,    2.930600e-03,    2.930600e-03,    2.930600e-03,    2.930600e-03,    3.216500e-03,    3.216500e-03,
        35,    2.511800e+01,    1.319974e-04,   -5.186188e-03,    4.995631e-02,   -5.652635e-02,   -4.829971e-02,    5.317274e-02,    4.496549e-03,    8.508301e-04,    4.077474e-02,   -6.776474e-01,   -7.164134e-01,    3.879692e-01,   -4.938635e-01,   -1.165648e-01,   -1.131016e-01,    7.825136e-01,    2.755000e-04,   -7.571100e-03,    4.735200e-02,   -5.511600e-02,   -5.009500e-02,    5.274900e-02,    4.166100e-03,    3.137100e-03,    3.519400e-03,    3.519400e-03,    3.635200e-03,    3.635200e-03,    3.635200e-03,    3.635200e-03,    2.921700e-03,    2.921700e-03,
        35,    6.309500e+01,    3.264138e-03,   -8.736666e-03,    8.059547e-02,   -9.889103e-02,   -7.562619e-02,    8.939952e-02,    4.392923e-03,   -1.041730e-03,    4.935274e-01,   -4.139125e-01,    2.398011e-02,   -1.361422e+00,    5.250287e-01,   -8.031290e-01,    8.344315e-01,   -2.841032e-01,    6.355100e-03,   -1.132900e-02,    8.074200e-02,   -1.072100e-01,   -7.241800e-02,    8.449200e-02,    8.263600e-03,   -2.359600e-03,    6.263000e-03,    6.263000e-03,    6.110500e-03,    6.110500e-03,    6.110500e-03,    6.110500e-03,    4.638700e-03,    4.638700e-03,
        36,    6.309500e+00,    1.420905e-02,   -1.435906e-03,    4.327165e-02,   -5.395387e-02,   -2.254134e-01,    1.341424e-01,   -2.415143e-02,   -6.520595e-03,    7.068059e-01,   -5.674206e-01,   -6.524675e-01,    9.777860e-02,   -2.293689e+00,    1.373224e+00,    4.224635e-01,    1.245942e+00,    1.790600e-02,   -4.403800e-03,    3.883500e-02,   -5.328900e-02,   -2.410100e-01,    1.434800e-01,   -1.931000e-02,    7.757900e-03,    5.230500e-03,    5.230500e-03,    6.799800e-03,    6.799800e-03,    6.799800e-03,    6.799800e-03,    1.146000e-02,    1.146000e-02,
        36,    1.000000e+01,    1.450092e-02,    1.456441e-03,    5.454723e-02,   -7.187034e-02,   -2.644557e-01,    1.467145e-01,   -2.496734e-02,   -2.368452e-02,    1.146182e+00,   -8.831944e-01,   -8.905199e-01,    5.432906e-01,   -2.189958e+00,    1.202716e+00,   -7.179365e-02,    1.717578e+00,    2.186400e-02,   -4.217200e-03,    4.728700e-02,   -6.744100e-02,   -2.823100e-01,    1.565200e-01,   -2.595300e-02,   -1.038900e-04,    6.424000e-03,    6.424000e-03,    8.152800e-03,    8.152800e-03,    8.152800e-03,    8.152800e-03,    1.372900e-02,    1.372900e-02,
        36,    1.584800e+01,    1.305133e-02,    4.212868e-03,    6.882445e-02,   -9.694182e-02,   -3.000240e-01,    1.624057e-01,   -1.564341e-02,   -4.474851e-02,    1.071984e+00,   -1.110784e+00,   -7.322048e-01,   -1.971790e-01,   -2.651923e+00,    6.531097e-01,   -7.700593e-01,    1.410507e+00,    2.109400e-02,   -4.120900e-03,    6.124100e-02,   -9.898400e-02,   -3.274900e-01,    1.691700e-01,   -2.884300e-02,   -2.057100e-02,    7.502600e-03,    7.502600e-03,    1.035700e-02,    1.035700e-02,    1.035700e-02,    1.035700e-02,    1.714100e-02,    1.714100e-02,
        36,    2.511800e+01,    1.031758e-02,    5.902741e-03,    8.849282e-02,   -1.328163e-01,   -3.330355e-01,    1.908926e-01,    4.944767e-03,   -6.340446e-02,    1.082436e+00,   -1.249070e+00,   -5.759986e-01,   -6.526878e-01,   -3.186749e+00,    2.883082e-02,   -1.240368e+00,    8.277793e-01,    1.963800e-02,   -4.852500e-03,    8.095300e-02,   -1.413600e-01,   -3.747500e-01,    1.912700e-01,   -2.216100e-02,   -4.531500e-02,    8.610600e-03,    8.610600e-03,    1.309000e-02,    1.309000e-02,    1.309000e-02,    1.309000e-02,    2.185300e-02,    2.185300e-02,
        36,    3.981000e+01,    7.154366e-03,    6.355076e-03,    1.182965e-01,   -1.827101e-01,   -3.716361e-01,    2.410405e-01,    3.220707e-02,   -7.427560e-02,    1.907620e+00,   -1.212468e+00,   -5.448675e-01,   -6.056398e-01,   -2.779427e+00,   -1.068568e+00,   -1.148298e+00,    2.995182e-01,    3.157000e-02,   -9.163300e-03,    1.094800e-01,   -1.925100e-01,   -4.166100e-01,    2.237500e-01,    1.699100e-03,   -6.631800e-02,    1.279900e-02,    1.279900e-02,    1.618100e-02,    1.618100e-02,    1.618100e-02,    1.618100e-02,    2.656800e-02,    2.656800e-02,
        36,    6.309500e+01,    3.644348e-03,    5.964857e-03,    1.642155e-01,   -2.474443e-01,   -4.281276e-01,    3.152345e-01,    5.935728e-02,   -7.822665e-02,    2.465785e+00,   -7.742016e-01,   -1.329621e-01,   -1.149368e+00,   -1.989632e+00,   -1.563751e+00,   -6.830750e-01,   -4.979105e-01,    5.087400e-02,   -8.864200e-03,    1.614500e-01,   -2.713500e-01,   -4.695100e-01,    2.827100e-01,    3.511700e-02,   -9.589600e-02,    1.915400e-02,    1.915400e-02,    2.079900e-02,    2.079900e-02,    2.079900e-02,    2.079900e-02,    3.548700e-02,    3.548700e-02,
        37,    6.309500e+00,    2.964597e-02,   -1.760696e-02,    5.971835e-02,   -8.061519e-02,   -1.042621e-01,    1.014879e-01,   -7.360849e-03,    4.104623e-03,   -8.522613e-02,    6.599909e-01,   -2.799012e-01,   -2.687230e-01,   -6.519757e-01,    2.465959e-01,   -8.943739e-01,    3.836323e-01,    2.892800e-02,   -1.204700e-02,    5.800200e-02,   -8.226300e-02,   -1.082600e-01,    1.030000e-01,   -1.379900e-02,    6.866200e-03,    8.424300e-03,    8.424300e-03,    6.132000e-03,    6.132000e-03,    6.132000e-03,    6.132000e-03,    7.198500e-03,    7.198500e-03,
        37,    1.000000e+01,    3.673984e-02,   -1.735531e-02,    7.786358e-02,   -1.084343e-01,   -1.329419e-01,    1.263264e-01,   -1.101768e-02,    1.427248e-03,   -4.856373e-01,    3.770361e-01,   -3.472918e-02,   -4.450321e-01,   -1.698647e-01,   -3.943453e-01,   -5.254889e-01,   -1.781434e-01,    3.174700e-02,   -1.347900e-02,    7.759000e-02,   -1.119400e-01,   -1.342800e-01,    1.232200e-01,   -1.516100e-02,    2.264100e-05,    1.028100e-02,    1.028100e-02,    7.877400e-03,    7.877400e-03,    7.877400e-03,    7.877400e-03,    7.884700e-03,    7.884700e-03,
        37,    1.584800e+01,    4.277544e-02,   -1.504709e-02,    1.029823e-01,   -1.452909e-01,   -1.655606e-01,    1.550104e-01,   -1.390585e-02,   -4.229573e-03,   -5.474744e-01,   -1.182019e-01,    2.168058e-01,   -5.518110e-01,    8.745610e-02,   -9.824542e-02,   -2.023060e-02,   -9.499932e-01,    3.578200e-02,   -1.655700e-02,    1.051900e-01,   -1.509100e-01,   -1.646700e-01,    1.540100e-01,   -1.410800e-02,   -1.372200e-02,    1.277400e-02,    1.277400e-02,    1.018300e-02,    1.018300e-02,    1.018300e-02,    1.018300e-02,    9.992100e-03,    9.992100e-03,
        37,    2.511800e+01,    4.660983e-02,   -1.186384e-02,    1.376296e-01,   -1.935414e-01,   -2.018964e-01,    1.928719e-01,   -1.480941e-02,   -1.305427e-02,   -2.722767e-01,   -4.981871e-01,    2.344139e-01,   -1.520490e-01,    1.003940e-01,    3.218429e-01,   -1.199349e-01,   -1.043129e+00,    4.227900e-02,   -1.978800e-02,    1.406800e-01,   -1.955200e-01,   -2.005900e-01,    1.970600e-01,   -1.653000e-02,   -2.801900e-02,    1.590600e-02,    1.590600e-02,    1.301300e-02,    1.301300e-02,    1.301300e-02,    1.301300e-02,    1.434600e-02,    1.434600e-02,
        37,    3.981000e+01,    4.780000e-02,   -9.363972e-03,    1.854501e-01,   -2.559454e-01,   -2.453068e-01,    2.461085e-01,   -1.221171e-02,   -2.547704e-02,    2.135879e-01,   -7.253885e-01,   -1.240671e-01,    4.257706e-01,   -6.918358e-02,    4.212946e-01,   -3.761164e-01,   -8.377183e-01,    5.206300e-02,   -2.384200e-02,    1.834000e-01,   -2.489100e-01,   -2.464500e-01,    2.530700e-01,   -1.938500e-02,   -4.145400e-02,    1.995900e-02,    1.995900e-02,    1.652400e-02,    1.652400e-02,    1.652400e-02,    1.652400e-02,    1.907200e-02,    1.907200e-02,
        38,    6.309500e+00,   -3.144368e-03,   -4.613441e-03,    3.848470e-02,   -2.693768e-02,   -2.050849e-02,    2.078034e-02,    4.383414e-03,   -1.637636e-03,   -5.150541e+00,    2.145433e+00,    7.009360e-01,    3.449425e-01,   -1.934458e+00,   -1.250750e+00,   -6.467604e-01,    2.337169e-01,   -3.570300e-02,    8.948700e-03,    4.076400e-02,   -2.581600e-02,   -2.428900e-02,    1.833600e-02,    3.368000e-03,   -1.270700e-03,    6.321400e-03,    6.321400e-03,    3.251800e-03,    3.251800e-03,    1.954300e-03,    1.954300e-03,    1.570000e-03,    1.570000e-03,
        38,    1.000000e+01,   -1.189262e-03,   -4.911014e-03,    4.590725e-02,   -3.029248e-02,   -2.500066e-02,    2.777778e-02,    5.386950e-03,   -1.501694e-03,   -5.339617e+00,    1.210827e+00,    3.436742e-01,   -6.908788e-02,   -1.048794e+00,   -1.931516e+00,   -7.384876e-01,    4.263100e-01,   -3.847100e-02,    3.543100e-03,    4.704900e-02,   -3.052200e-02,   -2.758300e-02,    2.302200e-02,    4.041500e-03,   -7.250000e-04,    6.982100e-03,    6.982100e-03,    3.322200e-03,    3.322200e-03,    2.462200e-03,    2.462200e-03,    1.821900e-03,    1.821900e-03,
        38,    1.584800e+01,    4.716902e-04,   -5.021423e-03,    5.307993e-02,   -3.483131e-02,   -3.119529e-02,    3.717986e-02,    6.452500e-03,   -4.432886e-04,   -5.271664e+00,    1.140493e-01,   -3.573894e-01,   -1.673381e-01,   -3.058081e-02,   -1.893458e+00,   -1.265775e+00,    4.950300e-02,   -3.864300e-02,   -4.175200e-03,    5.214300e-02,   -3.527000e-02,   -3.130400e-02,    3.044900e-02,    3.953100e-03,   -3.455400e-04,    7.419800e-03,    7.419800e-03,    2.621600e-03,    2.621600e-03,    3.554800e-03,    3.554800e-03,    1.974600e-03,    1.974600e-03,
        38,    2.511800e+01,    2.609843e-03,   -5.248440e-03,    6.036873e-02,   -4.193196e-02,   -3.949205e-02,    4.946947e-02,    6.371927e-03,    1.530542e-03,   -4.974729e+00,   -7.656931e-01,    1.365212e-01,    2.043302e-01,    9.247312e-01,   -1.823709e+00,   -1.449955e+00,   -9.439484e-01,   -3.738300e-02,   -1.140400e-02,    6.080500e-02,   -4.127900e-02,   -3.591500e-02,    4.241500e-02,    3.379800e-03,   -4.173900e-04,    8.039200e-03,    8.039200e-03,    3.195600e-03,    3.195600e-03,    3.868200e-03,    3.868200e-03,    2.063600e-03,    2.063600e-03,
        38,    3.981000e+01,    5.569349e-03,   -4.102730e-03,    6.841143e-02,   -5.298565e-02,   -4.999470e-02,    6.585020e-02,    4.511656e-03,    2.877348e-03,   -4.675310e+00,   -1.356612e+00,    7.713475e-01,    8.467338e-01,    1.702710e+00,   -1.021819e+00,   -7.425276e-01,   -2.066402e+00,   -3.497400e-02,   -1.586700e-02,    7.153300e-02,   -4.955900e-02,   -4.310400e-02,    6.171500e-02,    2.718600e-03,   -2.112600e-03,    8.671800e-03,    8.671800e-03,    4.046900e-03,    4.046900e-03,    4.046900e-03,    4.046900e-03,    2.414800e-03,    2.414800e-03,
        38,    6.309500e+01,    6.899740e-03,   -6.636209e-04,    7.828693e-02,   -6.996127e-02,   -6.369569e-02,    8.884337e-02,    2.249409e-03,    2.133406e-03,   -3.802948e+00,   -2.277250e+00,    9.558591e-01,    1.828489e+00,    1.114067e+00,    1.138565e+00,   -2.577332e-01,   -1.995325e+00,   -2.682100e-02,   -2.085600e-02,    8.339600e-02,   -6.018800e-02,   -5.774100e-02,    9.492900e-02,    1.312600e-03,   -5.119200e-03,    8.867000e-03,    8.867000e-03,    5.345000e-03,    5.345000e-03,    5.345000e-03,    5.345000e-03,    3.634800e-03,    3.634800e-03,
        39,    6.309500e+00,   -1.130206e-02,    2.110855e-03,    2.915617e-02,   -3.147555e-02,   -3.895135e-02,    2.729257e-02,    3.746188e-03,    1.283248e-03,   -9.253981e-01,    6.030030e-01,    9.046293e-01,    1.315317e-01,   -7.258165e-01,    1.113270e+00,   -6.242829e-01,    5.205888e-01,   -1.494600e-02,    4.485300e-03,    3.129200e-02,   -3.116500e-02,   -4.066500e-02,    2.992100e-02,    2.516600e-03,    2.308600e-03,    3.937700e-03,    3.937700e-03,    2.361000e-03,    2.361000e-03,    2.361000e-03,    2.361000e-03,    1.969600e-03,    1.969600e-03,
        39,    1.000000e+01,   -1.285759e-02,   -2.398273e-04,    3.881416e-02,   -3.935566e-02,   -4.655255e-02,    3.124338e-02,    3.895827e-03,    2.261798e-03,   -8.257145e-01,    5.422506e-01,    1.134689e-01,    1.260131e+00,   -7.343221e-01,    6.491501e-01,   -9.555683e-01,    2.436383e-01,   -1.654300e-02,    2.180400e-03,    3.913100e-02,   -3.583700e-02,   -4.860300e-02,    3.305600e-02,    1.883400e-03,    2.774900e-03,    4.463300e-03,    4.463300e-03,    2.792300e-03,    2.792300e-03,    2.792300e-03,    2.792300e-03,    2.106000e-03,    2.106000e-03,
        39,    1.584800e+01,   -1.302774e-02,   -3.878429e-03,    5.092838e-02,   -4.735834e-02,   -5.417177e-02,    3.632153e-02,    3.682700e-03,    4.159873e-03,   -7.816755e-01,    4.517280e-01,   -6.196335e-01,    1.306409e+00,   -7.940632e-01,    3.875278e-01,   -1.326953e+00,   -6.857166e-01,   -1.692900e-02,   -1.623900e-03,    4.886500e-02,   -4.300800e-02,   -5.681600e-02,    3.761200e-02,    9.006100e-04,    2.722200e-03,    4.990900e-03,    4.990900e-03,    3.330000e-03,    3.330000e-03,    3.330000e-03,    3.330000e-03,    2.096600e-03,    2.096600e-03,
        39,    2.511800e+01,   -1.104670e-02,   -7.901565e-03,    6.450831e-02,   -5.548493e-02,   -6.214111e-02,    4.396262e-02,    2.265111e-03,    6.776954e-03,   -1.013773e+00,    1.476499e-01,   -6.170246e-01,    2.617123e-01,   -1.302776e+00,    5.600719e-01,   -7.789820e-01,   -9.837870e-01,   -1.696500e-02,   -7.039600e-03,    6.197400e-02,   -5.441000e-02,   -6.749200e-02,    4.626300e-02,    1.296100e-04,    4.080000e-03,    5.837900e-03,    5.837900e-03,    4.107300e-03,    4.107300e-03,    4.107300e-03,    4.107300e-03,    2.741400e-03,    2.741400e-03,
        39,    3.981000e+01,   -7.027859e-03,   -1.111002e-02,    7.864203e-02,   -6.523700e-02,   -7.151285e-02,    5.548346e-02,   -7.973486e-04,    9.204797e-03,   -1.206719e+00,    8.862446e-02,   -1.555576e+00,    4.064362e-01,   -7.202539e-01,    3.361334e-02,    1.143039e-01,   -8.303294e-01,   -1.451700e-02,   -1.056000e-02,    7.130500e-02,   -6.332000e-02,   -7.491000e-02,    5.564200e-02,   -3.843800e-04,    6.204900e-03,    6.206200e-03,    6.206200e-03,    4.716600e-03,    4.716600e-03,    4.716600e-03,    4.716600e-03,    3.612900e-03,    3.612900e-03,
        39,    6.309500e+01,   -1.736360e-03,   -1.267093e-02,    9.382594e-02,   -7.898426e-02,   -8.348076e-02,    7.184780e-02,   -5.036442e-03,    1.040938e-02,   -1.066760e+00,   -4.253587e-01,   -1.244800e+00,   -3.075973e-01,   -8.193341e-01,    2.565457e-01,    4.165031e-01,   -6.878646e-02,   -9.144900e-03,   -1.562500e-02,    8.657100e-02,   -8.077700e-02,   -8.825600e-02,    7.334300e-02,   -2.872500e-03,    1.005200e-02,    6.944900e-03,    6.944900e-03,    5.828200e-03,    5.828200e-03,    5.828200e-03,    5.828200e-03,    5.195500e-03,    5.195500e-03,
        40,    6.309500e+00,   -9.070357e-03,   -3.450028e-03,    3.666549e-02,   -3.087315e-02,   -2.500306e-02,    2.145528e-02,    4.117327e-03,   -2.654337e-04,   -2.225406e+00,   -7.546530e-01,   -1.020904e+00,   -1.107877e+00,   -8.726659e-02,   -5.198611e-01,    1.543024e-01,    1.543026e+00,   -1.961500e-02,   -7.025800e-03,    3.465400e-02,   -3.305600e-02,   -2.517500e-02,    2.043100e-02,    4.417800e-03,    2.739300e-03,    4.738300e-03,    4.738300e-03,    1.970300e-03,    1.970300e-03,    1.970300e-03,    1.970300e-03,    1.947300e-03,    1.947300e-03,
        40,    1.000000e+01,   -8.067567e-03,   -6.857071e-03,    4.509944e-02,   -3.839099e-02,   -3.033643e-02,    2.654256e-02,    4.431479e-03,    8.760240e-04,   -1.405258e+00,   -1.087187e+00,   -1.605835e+00,   -2.177181e-01,    8.437802e-02,   -7.749973e-01,   -2.884795e-01,    1.306002e+00,   -1.506800e-02,   -1.227300e-02,    4.132300e-02,   -3.890300e-02,   -3.013800e-02,    2.472000e-02,    3.809200e-03,    3.693200e-03,    4.981600e-03,    4.981600e-03,    2.351700e-03,    2.351700e-03,    2.351700e-03,    2.351700e-03,    2.157100e-03,    2.157100e-03,
        40,    1.584800e+01,   -4.705858e-03,   -1.045349e-02,    5.626643e-02,   -4.723294e-02,   -3.663493e-02,    3.340254e-02,    3.776378e-03,    2.370179e-03,   -9.523419e-01,   -1.720386e+00,   -8.269478e-01,    5.423516e-01,    2.610148e-01,   -5.759186e-01,    4.434514e-01,    1.119910e+00,   -1.051800e-02,   -2.095300e-02,    5.386200e-02,   -4.565600e-02,   -3.587600e-02,    3.172800e-02,    5.036800e-03,    5.553300e-03,    6.103000e-03,    6.103000e-03,    2.907600e-03,    2.907600e-03,    2.907600e-03,    2.907600e-03,    2.842300e-03,    2.842300e-03,
        40,    2.511800e+01,    9.422753e-04,   -1.245398e-02,    6.979665e-02,   -5.654054e-02,   -4.463519e-02,    4.282388e-02,    1.960031e-03,    3.305991e-03,    7.120677e-01,   -1.396212e+00,   -7.364031e-01,    6.665745e-01,    5.305123e-01,   -4.042339e-01,    2.448284e-01,    1.029174e+00,    5.635300e-03,   -2.165600e-02,    6.715900e-02,   -5.415300e-02,   -4.273500e-02,    4.137600e-02,    2.709500e-03,    6.456500e-03,    6.590700e-03,    6.590700e-03,    3.581800e-03,    3.581800e-03,    3.581800e-03,    3.581800e-03,    3.061200e-03,    3.061200e-03,
        40,    3.981000e+01,    7.363553e-03,   -1.143744e-02,    8.415191e-02,   -6.728541e-02,   -5.547937e-02,    5.516194e-02,   -3.765299e-04,    2.849214e-03,    1.925043e+00,   -5.898685e-01,    1.291392e+00,    5.548449e-01,    3.210140e-01,   -4.763656e-01,    1.482357e+00,    9.216108e-01,    2.369600e-02,   -1.644200e-02,    9.006700e-02,   -6.474400e-02,   -5.400900e-02,    5.298000e-02,    5.128500e-03,    6.271800e-03,    8.484200e-03,    8.484200e-03,    4.580400e-03,    4.580400e-03,    4.580400e-03,    4.580400e-03,    3.713700e-03,    3.713700e-03,
        41,    6.309500e+00,    2.526803e-02,   -9.954627e-03,    2.361728e-02,   -2.609861e-02,   -4.747654e-02,    2.916424e-02,   -1.535791e-02,    9.684146e-03,    2.570282e-01,    3.280794e-02,    4.055345e-01,    4.703754e-01,    2.348387e-01,    1.201401e-01,   -1.385249e-01,   -2.839500e-02,    2.648100e-02,   -9.799800e-03,    2.451100e-02,   -2.506200e-02,   -4.695900e-02,    2.942900e-02,   -1.602600e-02,    9.547200e-03,    4.719200e-03,    4.719200e-03,    2.203800e-03,    2.203800e-03,    2.203800e-03,    2.203800e-03,    4.822900e-03,    4.822900e-03,
        41,    1.000000e+01,    2.853421e-02,   -8.124307e-03,    3.081320e-02,   -3.269345e-02,   -5.558225e-02,    3.146742e-02,   -1.921577e-02,    8.715930e-03,    2.927069e-01,    2.461467e-01,    1.257929e-01,    8.137803e-01,   -2.584223e-01,    8.123931e-02,   -4.589692e-02,   -2.127849e-02,    3.014600e-02,   -6.768900e-03,    3.114700e-02,   -3.053400e-02,   -5.626800e-02,    3.168300e-02,   -1.947100e-02,    8.597600e-03,    5.506500e-03,    5.506500e-03,    2.653600e-03,    2.653600e-03,    2.653600e-03,    2.653600e-03,    5.561000e-03,    5.561000e-03,
        41,    1.584800e+01,    3.027468e-02,   -5.900744e-03,    3.927902e-02,   -4.046359e-02,   -6.218916e-02,    3.470886e-02,   -2.199656e-02,    6.694575e-03,    1.988260e-01,    5.304510e-01,   -4.716250e-01,    1.129295e+00,   -7.175599e-01,   -5.446289e-01,   -1.494324e-02,   -5.039467e-02,    3.149400e-02,   -2.647700e-03,    3.782000e-02,   -3.697000e-02,   -6.440900e-02,    3.302400e-02,   -2.208800e-02,    6.386200e-03,    6.132600e-03,    6.132600e-03,    3.093600e-03,    3.093600e-03,    3.093600e-03,    3.093600e-03,    6.119200e-03,    6.119200e-03,
        41,    2.511800e+01,    3.019229e-02,   -4.344656e-03,    4.888679e-02,   -5.026281e-02,   -6.715074e-02,    4.165705e-02,   -2.319977e-02,    4.504828e-03,    8.164143e-02,    6.122891e-01,   -9.594777e-01,    7.264540e-01,   -5.058831e-01,    1.631080e-01,   -5.010182e-02,    3.175147e-01,    3.074300e-02,   -2.144600e-04,    4.538700e-02,   -4.761300e-02,   -6.899600e-02,    4.225200e-02,   -2.353400e-02,    6.623000e-03,    6.745500e-03,    6.745500e-03,    3.647600e-03,    3.647600e-03,    3.647600e-03,    3.647600e-03,    6.671100e-03,    6.671100e-03,
        41,    3.981000e+01,    2.860952e-02,   -4.859400e-03,    5.950413e-02,   -6.344594e-02,   -7.198229e-02,    5.547044e-02,   -2.285746e-02,    3.082066e-03,   -2.931471e-01,    3.222545e-01,   -1.165372e+00,   -1.404557e-01,    5.966142e-02,   -5.754967e-01,   -2.082170e-01,    6.328013e-01,    2.652800e-02,   -2.571200e-03,    5.445900e-02,   -6.405400e-02,   -7.172400e-02,    5.297900e-02,   -2.434700e-02,    7.609000e-03,    7.100600e-03,    7.100600e-03,    4.329200e-03,    4.329200e-03,    4.329200e-03,    4.329200e-03,    7.153800e-03,    7.153800e-03,
        41,    6.309500e+01,    2.676238e-02,   -8.707842e-03,    7.109038e-02,   -8.260966e-02,   -7.947257e-02,    7.886893e-02,   -2.120815e-02,    3.357478e-03,   -2.735802e-01,   -1.451475e-01,   -5.753284e-01,   -8.080794e-01,    3.212648e-01,    4.831026e-01,   -6.000842e-01,    6.883331e-01,    2.454400e-02,   -9.884800e-03,    6.788200e-02,   -8.711600e-02,   -7.768100e-02,    8.156300e-02,   -2.624400e-02,    9.133900e-03,    8.108700e-03,    8.108700e-03,    5.576600e-03,    5.576600e-03,    5.576600e-03,    5.576600e-03,    8.391900e-03,    8.391900e-03,
        42,    6.309500e+00,   -1.190831e-02,    4.260415e-03,    2.786634e-02,   -3.194589e-02,   -3.620523e-02,    3.133745e-02,    2.045829e-03,    6.549920e-04,   -1.482174e-01,   -6.486685e-01,    8.085912e-01,    2.323906e-01,   -1.052828e+00,   -6.448385e-01,    1.199944e+00,   -5.679395e-01,   -1.242700e-02,    1.990400e-03,    2.972400e-02,   -3.141200e-02,   -3.862400e-02,    2.985600e-02,    4.819500e-03,   -6.578000e-04,    3.499500e-03,    3.499500e-03,    2.297400e-03,    2.297400e-03,    2.297400e-03,    2.297400e-03,    2.311500e-03,    2.311500e-03,
        42,    1.000000e+01,   -1.522440e-02,    8.244790e-04,    3.818923e-02,   -3.926415e-02,   -4.565044e-02,    3.696333e-02,    2.728310e-03,   -9.764163e-04,    3.611252e-01,   -4.962560e-01,    4.439381e-01,    4.983338e-01,   -4.654967e-01,   -9.339050e-01,    1.164711e+00,    1.377474e-01,   -1.373700e-02,   -1.219500e-03,    3.944100e-02,   -3.785900e-02,   -4.696300e-02,    3.433000e-02,    6.000100e-03,   -5.894700e-04,    4.118800e-03,    4.118800e-03,    2.819700e-03,    2.819700e-03,    2.819700e-03,    2.819700e-03,    2.809100e-03,    2.809100e-03,
        42,    1.584800e+01,   -1.625076e-02,   -5.059507e-03,    5.003940e-02,   -4.620000e-02,   -5.549036e-02,    4.301708e-02,    5.623902e-03,   -8.823336e-04,    4.453449e-01,   -1.726066e-01,    3.660724e-01,    2.936526e-01,    5.421532e-02,   -8.110794e-01,    7.483768e-01,    3.110658e-01,   -1.409200e-02,   -5.896200e-03,    5.129100e-02,   -4.519600e-02,   -5.530500e-02,    4.024400e-02,    8.298900e-03,    2.295400e-04,    4.847400e-03,    4.847400e-03,    3.419000e-03,    3.419000e-03,    3.419000e-03,    3.419000e-03,    3.574400e-03,    3.574400e-03,
        42,    2.511800e+01,   -1.401082e-02,   -1.181558e-02,    6.254162e-02,   -5.392194e-02,   -6.552020e-02,    5.139725e-02,    8.532541e-03,    2.896827e-03,    2.377507e-01,    2.422624e-01,   -1.356029e-01,    3.443171e-01,    6.006439e-01,   -5.560036e-01,    3.411117e-01,    2.115140e-01,   -1.270600e-02,   -1.048600e-02,    6.199500e-02,   -5.253400e-02,   -6.309900e-02,    4.915600e-02,    1.003200e-02,    3.826600e-03,    5.488200e-03,    5.488200e-03,    4.031000e-03,    4.031000e-03,    4.031000e-03,    4.031000e-03,    4.395800e-03,    4.395800e-03,
        42,    3.981000e+01,   -8.713415e-03,   -1.796904e-02,    7.577579e-02,   -6.400188e-02,   -7.694884e-02,    6.384552e-02,    8.442911e-03,    9.910969e-03,   -6.914302e-02,    2.091910e-01,   -3.537870e-01,    7.534180e-03,    6.355128e-01,    1.063294e-01,    1.584655e-01,    1.345820e-01,   -9.160300e-03,   -1.661700e-02,    7.404400e-02,   -6.396500e-02,   -7.383800e-02,    6.436600e-02,    9.328400e-03,    1.066300e-02,    6.463200e-03,    6.463200e-03,    4.895000e-03,    4.895000e-03,    4.895000e-03,    4.895000e-03,    5.587900e-03,    5.587900e-03,
        42,    6.309500e+01,   -1.351272e-03,   -2.262241e-02,    9.011924e-02,   -7.828905e-02,   -9.107956e-02,    8.134046e-02,    3.496035e-03,    1.762069e-02,   -2.249364e-01,   -1.452639e-01,   -2.208288e-01,   -4.607201e-01,    3.143360e-01,    8.361079e-01,    2.059718e-01,    3.208228e-01,   -3.163900e-03,   -2.379300e-02,    8.877000e-02,   -8.110400e-02,   -8.915900e-02,    8.644900e-02,    5.062100e-03,    2.006000e-02,    8.058400e-03,    8.058400e-03,    6.109900e-03,    6.109900e-03,    6.109900e-03,    6.109900e-03,    7.603300e-03,    7.603300e-03,
        43,    6.309500e+00,   -7.941453e-03,   -7.574449e-03,    4.043251e-02,   -3.381525e-02,   -3.701157e-02,    2.650423e-02,    8.638358e-03,   -4.891206e-03,    4.990153e+00,    3.889332e+00,   -1.403144e+00,   -5.282185e-01,    2.970324e+00,    2.114055e+00,    2.292521e-01,   -8.679174e-01,    1.438100e-02,    9.823700e-03,    3.712600e-02,   -3.506000e-02,   -3.001200e-02,    3.148600e-02,    9.434000e-03,   -7.903400e-03,    4.473300e-03,    4.473300e-03,    2.356500e-03,    2.356500e-03,    2.356500e-03,    2.356500e-03,    3.470600e-03,    3.470600e-03,
        43,    1.000000e+01,   -2.875916e-03,   -7.444855e-03,    4.994241e-02,   -3.981268e-02,   -4.121123e-02,    3.558129e-02,    9.488864e-03,   -6.528112e-03,    2.795673e+00,    4.177619e+00,   -5.833063e-01,   -2.867340e-01,    2.702133e+00,    2.455349e+00,    9.354752e-01,   -3.985819e-01,    1.085000e-02,    1.306600e-02,    4.823700e-02,   -4.065100e-02,   -3.331100e-02,    4.276000e-02,    1.361300e-02,   -8.285300e-03,    4.909700e-03,    4.909700e-03,    2.923700e-03,    2.923700e-03,    2.923700e-03,    2.923700e-03,    4.408600e-03,    4.408600e-03,
        43,    1.584800e+01,    1.425568e-03,   -3.842369e-03,    5.950073e-02,   -4.722970e-02,   -4.797901e-02,    4.981236e-02,    1.079799e-02,   -9.095322e-03,    1.005230e+00,    3.414185e+00,    6.869126e-02,   -4.938080e-01,    1.391930e+00,    2.171287e+00,    1.265101e+00,    5.706153e-02,    6.602300e-03,    1.374000e-02,    5.975700e-02,   -4.907200e-02,   -4.278600e-02,    5.791300e-02,    1.800400e-02,   -8.770300e-03,    5.149800e-03,    5.149800e-03,    3.730800e-03,    3.730800e-03,    3.730800e-03,    3.730800e-03,    5.696000e-03,    5.696000e-03,
        43,    2.511800e+01,    2.424829e-03,    1.758906e-03,    6.962313e-02,   -5.847011e-02,   -5.973115e-02,    6.905229e-02,    1.322482e-02,   -1.253947e-02,   -3.717611e-01,    1.977722e+00,    1.080789e+00,   -3.442599e-01,    2.276163e-01,    1.612755e+00,    1.264536e+00,    6.564719e-01,    5.540900e-04,    1.171100e-02,    7.482800e-02,   -6.012800e-02,   -5.863500e-02,    7.681900e-02,    2.228800e-02,   -7.834400e-03,    5.032100e-03,    5.032100e-03,    4.815800e-03,    4.815800e-03,    4.815800e-03,    4.815800e-03,    7.167200e-03,    7.167200e-03,
        43,    3.981000e+01,    1.909875e-04,    6.436334e-03,    8.233081e-02,   -7.523711e-02,   -7.706972e-02,    9.253767e-02,    1.685670e-02,   -1.620804e-02,   -1.863166e-01,    7.510706e-01,    1.672835e+00,    3.473676e-02,   -5.779264e-01,    1.007207e+00,    1.023360e+00,    1.233173e+00,   -7.950000e-04,    1.041100e-02,    9.264200e-02,   -7.502300e-02,   -8.063200e-02,    9.874600e-02,    2.575000e-02,   -5.491400e-03,    5.292000e-03,    5.292000e-03,    6.163900e-03,    6.163900e-03,    6.163900e-03,    6.163900e-03,    8.690300e-03,    8.690300e-03,
        43,    6.309500e+01,   -2.935169e-03,    9.319581e-03,    9.942823e-02,   -9.816963e-02,   -9.966053e-02,    1.217395e-01,    2.086267e-02,   -2.018643e-02,    7.912051e-01,    1.965943e-01,    1.798136e+00,    4.914157e-01,   -8.574752e-01,    8.754468e-01,    1.172346e+00,    1.475630e+00,    1.767200e-03,    1.048800e-02,    1.135400e-01,   -9.431300e-02,   -1.063900e-01,    1.286100e-01,    3.417700e-02,   -3.427700e-03,    5.943300e-03,    5.943300e-03,    7.848000e-03,    7.848000e-03,    7.848000e-03,    7.848000e-03,    1.135700e-02,    1.135700e-02,
        44,    6.309500e+00,   -1.442445e-02,   -5.164044e-03,    3.821100e-02,   -3.620161e-02,   -4.887206e-02,    2.854120e-02,    2.791238e-03,    1.270315e-03,   -1.228685e+00,    1.853700e-02,   -9.749668e-01,   -6.034662e-01,   -4.713849e-01,   -1.907604e-02,    3.759186e-03,    5.070078e-02,   -2.053200e-02,   -5.071900e-03,    3.554300e-02,   -3.785300e-02,   -5.016200e-02,    2.848900e-02,    2.798800e-03,    1.372300e-03,    4.970800e-03,    4.970800e-03,    2.736500e-03,    2.736500e-03,    2.736500e-03,    2.736500e-03,    2.011500e-03,    2.011500e-03,
        44,    1.000000e+01,   -1.176918e-02,   -8.165451e-03,    4.798377e-02,   -4.395181e-02,   -5.448963e-02,    3.445048e-02,    2.614202e-03,    1.511416e-03,   -1.090636e+00,   -2.204170e-01,   -8.537733e-01,   -4.997713e-01,   -1.897982e-01,   -6.626280e-01,    2.562737e-02,   -2.443907e-01,   -1.762000e-02,   -9.347900e-03,    4.495800e-02,   -4.572300e-02,   -5.509700e-02,    3.233000e-02,    2.666100e-03,    1.016500e-03,    5.364600e-03,    5.364600e-03,    3.544000e-03,    3.544000e-03,    3.200100e-03,    3.200100e-03,    2.025100e-03,    2.025100e-03,
        44,    1.584800e+01,   -7.549939e-03,   -1.008885e-02,    5.837411e-02,   -5.373448e-02,   -6.052553e-02,    4.440658e-02,    2.383130e-03,    2.156350e-03,   -8.647595e-01,   -3.483805e-01,   -1.005533e-01,   -7.367908e-01,    3.841382e-02,   -5.978165e-01,    2.357295e-01,   -3.527694e-01,   -1.241300e-02,   -1.204800e-02,    5.793200e-02,   -5.697400e-02,   -6.037700e-02,    4.209500e-02,    2.927500e-03,    1.341700e-03,    5.623600e-03,    5.623600e-03,    4.396800e-03,    4.396800e-03,    3.866700e-03,    3.866700e-03,    2.309300e-03,    2.309300e-03,
        44,    2.511800e+01,   -2.483796e-03,   -1.009189e-02,    6.998661e-02,   -6.811281e-02,   -6.887735e-02,    6.020439e-02,    1.675562e-03,    3.176619e-03,   -5.171236e-01,   -3.122696e-01,    7.498089e-01,   -9.740947e-01,   -3.707808e-02,    3.181429e-01,    4.847234e-01,    1.737621e-01,   -5.325700e-03,   -1.180800e-02,    7.366000e-02,   -7.288500e-02,   -6.905900e-02,    6.176300e-02,    3.230700e-03,    3.734100e-03,    5.495600e-03,    5.495600e-03,    4.899100e-03,    4.899100e-03,    4.899100e-03,    4.899100e-03,    3.208300e-03,    3.208300e-03,
        44,    3.981000e+01,    2.018668e-03,   -7.737210e-03,    8.553885e-02,   -8.925805e-02,   -8.237753e-02,    8.297460e-02,    7.528112e-05,    4.161027e-03,   -6.262994e-01,   -3.192320e-01,    6.306073e-01,    8.900577e-02,   -1.072385e-01,   -2.031940e-01,    3.871731e-01,    2.961060e-01,   -1.225500e-03,   -9.390800e-03,    8.935800e-02,   -8.871900e-02,   -8.302700e-02,    8.174400e-02,    1.546500e-03,    5.286200e-03,    5.179900e-03,    5.179900e-03,    6.056300e-03,    6.056300e-03,    6.056300e-03,    6.056300e-03,    3.799900e-03,    3.799900e-03,
        44,    6.309500e+01,    4.330105e-03,   -3.899932e-03,    1.084188e-01,   -1.171565e-01,   -1.043036e-01,    1.122170e-01,   -2.340089e-03,    4.158246e-03,   -1.223656e-01,   -4.744974e-01,    7.917416e-01,   -3.919002e-01,   -2.267780e-01,    5.437474e-01,   -1.406954e-01,    2.873510e-01,    3.687000e-03,   -6.393700e-03,    1.148300e-01,   -1.203300e-01,   -1.061400e-01,    1.166200e-01,   -3.004200e-03,    5.514600e-03,    5.255600e-03,    5.255600e-03,    8.097600e-03,    8.097600e-03,    8.097600e-03,    8.097600e-03,    4.720200e-03,    4.720200e-03,
        45,    6.309500e+00,   -1.188588e-03,    2.577696e-03,    2.151303e-02,   -2.549657e-02,   -2.374589e-02,    3.173822e-02,    1.956258e-03,   -2.260273e-03,   -7.446083e-01,    3.551198e-01,    4.566647e-01,    3.444595e-01,    9.919648e-01,    9.957267e-01,    1.066066e-01,    1.273176e-01,   -2.488600e-03,    3.197700e-03,    2.234900e-02,   -2.486600e-02,   -2.193000e-02,    3.356100e-02,    2.130400e-03,   -2.052300e-03,    1.745900e-03,    1.745900e-03,    1.830600e-03,    1.830600e-03,    1.830600e-03,    1.830600e-03,    1.633500e-03,    1.633500e-03,
        45,    1.000000e+01,   -2.069333e-03,    3.445411e-03,    2.635497e-02,   -3.555226e-02,   -3.136041e-02,    4.224855e-02,    2.428652e-03,   -4.246155e-03,   -8.172980e-01,    1.016797e-01,    2.544441e-01,    1.996946e-01,    4.595517e-01,    6.109092e-01,    9.417122e-02,    6.460282e-01,   -3.966200e-03,    3.681400e-03,    2.697200e-02,   -3.506800e-02,   -3.024600e-02,    4.373000e-02,    2.631600e-03,   -2.853900e-03,    2.320900e-03,    2.320900e-03,    2.425000e-03,    2.425000e-03,    2.425000e-03,    2.425000e-03,    2.155100e-03,    2.155100e-03,
        45,    1.584800e+01,   -3.307311e-03,    4.272151e-03,    3.409417e-02,   -4.983149e-02,   -4.231651e-02,    5.573738e-02,    4.110559e-03,   -6.496040e-03,   -7.910744e-01,   -1.704721e-01,   -2.776531e-02,    3.334421e-02,   -1.568234e-02,    6.028815e-01,   -4.594221e-01,    7.264668e-01,   -5.715500e-03,    3.753200e-03,    3.400300e-02,   -4.972200e-02,   -4.236800e-02,    5.771700e-02,    2.780900e-03,   -4.393500e-03,    3.044200e-03,    3.044200e-03,    3.283600e-03,    3.283600e-03,    3.283600e-03,    3.283600e-03,    2.894200e-03,    2.894200e-03,
        45,    2.511800e+01,   -4.899065e-03,    4.973935e-03,    4.677870e-02,   -6.849217e-02,   -5.748198e-02,    7.212365e-02,    6.878531e-03,   -8.275846e-03,   -5.431209e-01,   -2.461201e-01,   -3.723790e-01,    2.354627e-01,    7.609375e-02,    3.476992e-01,   -8.305001e-01,    7.039373e-01,   -6.983400e-03,    4.029400e-03,    4.515900e-02,   -6.746800e-02,   -5.715100e-02,    7.363600e-02,    3.751200e-03,   -5.625100e-03,    3.837700e-03,    3.837700e-03,    4.349600e-03,    4.349600e-03,    4.349600e-03,    4.349600e-03,    3.765600e-03,    3.765600e-03,
        45,    3.981000e+01,   -6.854946e-03,    5.400893e-03,    6.567955e-02,   -9.076787e-02,   -7.747930e-02,    9.150646e-02,    1.021790e-02,   -9.312573e-03,   -4.081742e-01,   -3.651735e-01,   -3.792974e-01,    3.427144e-03,   -2.722365e-01,    1.209767e-01,   -9.541488e-01,    1.574682e-01,   -8.847000e-03,    3.618700e-03,    6.348000e-02,   -9.074800e-02,   -7.905800e-02,    9.220800e-02,    5.236100e-03,   -8.490400e-03,    4.880400e-03,    4.880400e-03,    5.799000e-03,    5.799000e-03,    5.799000e-03,    5.799000e-03,    5.221200e-03,    5.221200e-03,
        45,    6.309500e+01,   -9.015620e-03,    5.235085e-03,    9.094799e-02,   -1.164860e-01,   -1.027213e-01,    1.141463e-01,    1.379306e-02,   -9.559618e-03,   -2.304158e-01,   -3.970969e-01,    2.259859e-01,   -9.312555e-01,   -6.892806e-01,    2.532707e-01,   -8.834137e-01,   -2.120192e-01,   -1.042800e-02,    2.801000e-03,    9.271800e-02,   -1.237800e-01,   -1.081200e-01,    1.161300e-01,    7.674800e-03,   -1.102800e-02,    6.129700e-03,    6.129700e-03,    7.832400e-03,    7.832400e-03,    7.832400e-03,    7.832400e-03,    6.925700e-03,    6.925700e-03,
        46,    6.309500e+00,   -3.332131e-02,    9.956647e-03,    3.877819e-02,   -3.557687e-02,   -4.410752e-02,    2.748751e-02,    1.129347e-02,   -6.844517e-03,   -9.683984e-01,    4.735687e-01,    3.673180e-01,   -1.189102e-01,   -9.100825e-01,   -2.040061e-01,   -2.448068e-01,    2.129739e-01,   -4.024400e-02,    1.334200e-02,    3.976400e-02,   -3.589600e-02,   -4.655000e-02,    2.694000e-02,    1.036100e-02,   -6.033300e-03,    7.148600e-03,    7.148600e-03,    2.683800e-03,    2.683800e-03,    2.683800e-03,    2.683800e-03,    3.809000e-03,    3.809000e-03,
        46,    1.000000e+01,   -3.691279e-02,    6.760928e-03,    5.012415e-02,   -4.270084e-02,   -5.133181e-02,    3.093509e-02,    1.426900e-02,   -7.543747e-03,   -9.003891e-01,    6.314378e-02,    1.187461e-01,   -2.664753e-01,   -4.479672e-01,   -6.773267e-02,   -6.114954e-01,    8.325189e-02,   -4.430300e-02,    7.279200e-03,    5.050300e-02,   -4.355100e-02,   -5.276100e-02,    3.071900e-02,    1.162000e-02,   -7.183100e-03,    8.207800e-03,    8.207800e-03,    3.190400e-03,    3.190400e-03,    3.190400e-03,    3.190400e-03,    4.332000e-03,    4.332000e-03,
        46,    1.584800e+01,   -3.799732e-02,    2.689177e-03,    6.322493e-02,   -4.935884e-02,   -5.801852e-02,    3.598730e-02,    1.748812e-02,   -7.063081e-03,   -8.541624e-01,   -1.634881e-02,   -2.136982e-01,   -4.290792e-01,   -5.112835e-01,   -2.763873e-01,   -9.019433e-01,   -2.939641e-01,   -4.578600e-02,    2.540100e-03,    6.242600e-02,   -5.096300e-02,   -5.993000e-02,    3.495400e-02,    1.304100e-02,   -8.512500e-03,    9.118500e-03,    9.118500e-03,    3.738600e-03,    3.738600e-03,    3.738600e-03,    3.738600e-03,    4.930600e-03,    4.930600e-03,
        46,    2.511800e+01,   -3.608330e-02,   -2.773323e-04,    7.667190e-02,   -5.611312e-02,   -6.470579e-02,    4.463068e-02,    2.002926e-02,   -5.461636e-03,   -9.616624e-01,    2.811502e-01,   -1.082022e+00,   -1.181641e+00,   -7.174226e-01,   -5.251886e-01,   -1.072898e+00,   -8.667091e-01,   -4.555500e-02,    2.491800e-03,    7.196900e-02,   -6.124900e-02,   -6.782400e-02,    4.234800e-02,    1.402500e-02,   -1.031200e-02,    9.849300e-03,    9.849300e-03,    4.346400e-03,    4.346400e-03,    4.346400e-03,    4.346400e-03,    5.596300e-03,    5.596300e-03,
        46,    3.981000e+01,   -3.232267e-02,   -5.858913e-05,    8.943482e-02,   -6.539972e-02,   -7.306320e-02,    5.880209e-02,    2.118281e-02,   -3.354411e-03,   -1.158603e+00,    3.098534e-01,   -1.334704e+00,   -2.129256e+00,   -8.740645e-01,   -7.094293e-01,   -9.464931e-01,   -1.475714e+00,   -4.465600e-02,    3.239800e-03,    8.253000e-02,   -7.641500e-02,   -7.758500e-02,    5.513200e-02,    1.501300e-02,   -1.297400e-02,    1.064500e-02,    1.064500e-02,    5.173300e-03,    5.173300e-03,    5.173300e-03,    5.173300e-03,    6.518600e-03,    6.518600e-03,
        46,    6.309500e+01,   -2.894048e-02,    4.367100e-03,    1.027803e-01,   -8.103334e-02,   -8.567804e-02,    7.988621e-02,    2.061824e-02,   -1.828292e-03,   -1.235365e+00,    5.231838e-02,   -1.305393e+00,   -2.475943e+00,   -8.186404e-01,   -5.745383e-01,   -5.662091e-01,   -1.814890e+00,   -4.314100e-02,    4.968500e-03,    9.451400e-02,   -9.671200e-02,   -9.086200e-02,    7.624800e-02,    1.620600e-02,   -1.597100e-02,    1.149500e-02,    1.149500e-02,    6.332400e-03,    6.332400e-03,    6.332400e-03,    6.332400e-03,    7.792600e-03,    7.792600e-03,
        47,    6.309500e+00,    1.594720e-02,   -2.394550e-04,    4.382849e-02,   -5.015721e-02,   -6.250904e-02,    4.567773e-02,   -1.010839e-02,    5.082993e-03,    1.314466e-01,    9.972882e-01,    3.086505e-01,   -5.021596e-01,   -4.437140e-01,   -6.032370e-02,   -2.474582e-01,   -1.892462e-01,    1.662800e-02,    4.925800e-03,    4.496300e-02,   -5.200300e-02,   -6.414000e-02,    4.545600e-02,   -1.124900e-02,    4.210700e-03,    5.179300e-03,    5.179300e-03,    3.675700e-03,    3.675700e-03,    3.675700e-03,    3.675700e-03,    4.609300e-03,    4.609300e-03,
        47,    1.000000e+01,    1.683661e-02,    4.388942e-03,    5.846205e-02,   -6.348259e-02,   -7.712396e-02,    5.166001e-02,   -1.309698e-02,    2.628315e-03,    1.390031e-01,    1.016135e+00,    1.131407e-01,    2.109438e-02,    1.289207e-01,   -5.795131e-01,   -2.197881e-01,   -2.871814e-01,    1.772100e-02,    1.085400e-02,    5.896400e-02,   -6.338900e-02,   -7.655200e-02,    4.908900e-02,   -1.428700e-02,    1.073400e-03,    6.362400e-03,    6.362400e-03,    4.436500e-03,    4.436500e-03,    4.436500e-03,    4.436500e-03,    5.414400e-03,    5.414400e-03,
        47,    1.584800e+01,    1.575192e-02,    1.003007e-02,    7.707675e-02,   -7.829199e-02,   -9.259236e-02,    5.718479e-02,   -1.545744e-02,   -1.358686e-03,   -3.060224e-01,    1.086310e+00,   -1.200491e-01,   -6.626742e-02,    2.926008e-01,   -5.802031e-01,    7.840991e-02,   -7.334907e-01,    1.346700e-02,    1.814100e-02,    7.643000e-02,   -7.864900e-02,   -9.101600e-02,    5.405900e-02,   -1.497200e-02,   -5.899800e-03,    7.466500e-03,    7.466500e-03,    5.387400e-03,    5.387400e-03,    5.387400e-03,    5.387400e-03,    6.191100e-03,    6.191100e-03,
        47,    2.511800e+01,    1.284462e-02,    1.629796e-02,    9.938999e-02,   -9.482648e-02,   -1.082476e-01,    6.343274e-02,   -1.708952e-02,   -7.523066e-03,   -8.154141e-01,    1.286411e+00,    9.956020e-01,   -1.198464e+00,   -1.455151e-01,   -1.613994e-01,    6.101609e-01,   -1.070113e+00,    4.776100e-03,    2.902700e-02,    1.061800e-01,   -1.030000e-01,   -1.092400e-01,    6.233200e-02,   -1.250300e-02,   -1.556700e-02,    9.895000e-03,    9.895000e-03,    6.820000e-03,    6.820000e-03,    6.820000e-03,    6.820000e-03,    7.516900e-03,    7.516900e-03,
        47,    3.981000e+01,    8.146863e-03,    2.351378e-02,    1.253275e-01,   -1.146515e-01,   -1.243078e-01,    7.216428e-02,   -1.684051e-02,   -1.704057e-02,   -7.079526e-01,    1.301106e+00,    7.209584e-01,   -3.130853e-02,   -1.539097e-02,    1.871814e-01,    9.200757e-01,   -4.780090e-01,   -6.940500e-04,    3.976200e-02,    1.310500e-01,   -1.149000e-01,   -1.244300e-01,    7.365000e-02,   -8.888300e-03,   -2.117200e-02,    1.248800e-02,    1.248800e-02,    7.937300e-03,    7.937300e-03,    7.937300e-03,    7.937300e-03,    8.643000e-03,    8.643000e-03,
        47,    6.309500e+01,    9.406703e-04,    3.197786e-02,    1.568727e-01,   -1.399876e-01,   -1.419064e-01,    8.489341e-02,   -1.214239e-02,   -3.004444e-02,   -3.467333e-01,    1.620045e+00,    6.563332e-01,    1.356956e+00,   -5.993879e-01,    1.222284e+00,    6.185220e-01,    2.888268e-01,   -4.804700e-03,    5.882200e-02,    1.631400e-01,   -1.270300e-01,   -1.476300e-01,    9.656500e-02,   -5.667700e-03,   -2.702100e-02,    1.657000e-02,    1.657000e-02,    9.549000e-03,    9.549000e-03,    9.549000e-03,    9.549000e-03,    1.046800e-02,    1.046800e-02,
        48,    6.309500e+00,    2.151406e-03,   -1.697511e-03,    3.801050e-02,   -3.532674e-02,   -3.835065e-02,    3.731783e-02,    9.829885e-04,    5.435646e-03,    2.606331e-01,    9.951554e-01,    1.825812e-01,    4.271144e-01,   -1.366440e-01,    6.205739e-01,   -1.869018e-02,    2.462169e-02,    2.604100e-03,    3.097400e-05,    3.849600e-02,   -3.419100e-02,   -3.871400e-02,    3.896800e-02,    9.339100e-04,    5.500300e-03,    1.736900e-03,    1.736900e-03,    2.659100e-03,    2.659100e-03,    2.659100e-03,    2.659100e-03,    2.625900e-03,    2.625900e-03,
        48,    1.000000e+01,    3.128777e-03,   -7.309430e-04,    4.833310e-02,   -4.416917e-02,   -4.841040e-02,    4.608666e-02,   -5.721384e-04,    6.429098e-03,   -2.209241e-01,    8.573833e-01,   -2.245851e-01,    7.111417e-01,   -3.400567e-01,    2.353080e-01,   -1.425330e-01,   -6.003534e-02,    2.682400e-03,    1.001400e-03,    4.759500e-02,   -4.183200e-02,   -4.952800e-02,    4.686000e-02,   -1.016100e-03,    6.242100e-03,    2.020500e-03,    2.020500e-03,    3.286500e-03,    3.286500e-03,    3.286500e-03,    3.286500e-03,    3.114800e-03,    3.114800e-03,
        48,    1.584800e+01,    2.825923e-03,    6.649359e-04,    6.091467e-02,   -5.377551e-02,   -6.077194e-02,    5.692241e-02,   -2.351740e-03,    7.800266e-03,   -6.106367e-01,    4.376126e-01,    9.753383e-02,    2.144758e-01,   -7.458127e-01,    6.207244e-02,   -4.145845e-02,   -4.403588e-01,    1.597200e-03,    1.545500e-03,    6.132100e-02,   -5.288200e-02,   -6.387900e-02,    5.718100e-02,   -2.500800e-03,    6.217000e-03,    2.012200e-03,    2.012200e-03,    4.166000e-03,    4.166000e-03,    4.166000e-03,    4.166000e-03,    3.595400e-03,    3.595400e-03,
        48,    2.511800e+01,    1.282457e-03,    1.016599e-03,    7.508574e-02,   -6.489164e-02,   -7.596165e-02,    7.015785e-02,   -4.751606e-03,    9.473234e-03,   -5.916405e-01,   -2.472417e-01,    1.071973e-01,   -3.160223e-01,   -1.353240e+00,    5.806361e-01,   -4.956735e-02,   -3.302709e-01,    4.725600e-04,    6.781500e-04,    7.565200e-02,   -6.656100e-02,   -8.311000e-02,    7.322500e-02,   -4.990600e-03,    7.880800e-03,    1.368900e-03,    1.368900e-03,    5.282400e-03,    5.282400e-03,    5.282400e-03,    5.282400e-03,    4.821600e-03,    4.821600e-03,
        48,    3.981000e+01,   -4.028557e-06,   -5.297033e-04,    9.073393e-02,   -7.923205e-02,   -9.420445e-02,    8.639066e-02,   -7.866709e-03,    1.116943e-02,   -2.717127e-04,   -7.461596e-01,   -8.205157e-01,   -1.008773e-01,   -5.971449e-01,   -7.670284e-02,    4.463661e-02,   -3.495235e-01,   -4.713300e-06,   -2.410100e-03,    8.566700e-02,   -7.985500e-02,   -9.789200e-02,    8.591700e-02,   -7.603500e-03,    9.108400e-03,    2.520100e-03,    2.520100e-03,    6.175300e-03,    6.175300e-03,    6.175300e-03,    6.175300e-03,    5.896700e-03,    5.896700e-03,
        48,    6.309500e+01,    7.165594e-04,   -3.087843e-03,    1.084312e-01,   -9.902657e-02,   -1.157173e-01,    1.069725e-01,   -1.169122e-02,    1.268480e-02,    1.794303e-01,   -5.281297e-02,   -4.584801e-01,   -1.196422e-01,   -4.520980e-01,   -1.952546e-01,    2.038217e-01,   -1.802184e-01,    1.324900e-03,   -3.266900e-03,    1.049500e-01,   -9.993500e-02,   -1.191500e-01,    1.054900e-01,   -1.018500e-02,    1.135300e-02,    3.390400e-03,    3.390400e-03,    7.592900e-03,    7.592900e-03,    7.592900e-03,    7.592900e-03,    7.389900e-03,    7.389900e-03,
VTF,
     StaID,        Freq[Hz],     Re(Tzx)_Cal,     Im(Tzx)_Cal,     Re(Tzy)_Cal,     Im(Tzy)_Cal,     Re(Tzx)_Res,     Im(Tzx)_Res,     Re(Tzy)_Res,     Im(Tzy)_Res,     Re(Tzx)_Obs,     Im(Tzx)_Obs,     Re(Tzy)_Obs,     Im(Tzy)_Obs,      Re(Tzx)_SD,      Im(Tzx)_SD,      Re(Tzy)_SD,      Im(Tzy)_SD,
      1001,    6.309500e+00,    1.090266e-01,    7.417386e-02,    6.958378e-02,   -2.872439e-02,    3.171124e-01,    1.308379e-01,   -2.078593e-01,   -3.181536e-01,    1.185400e-01,    7.809900e-02,    6.334800e-02,   -3.826900e-02,    3.000000e-02,    3.000000e-02,    3.000000e-02,    3.000000e-02,
      1001,    1.000000e+01,    6.956238e-02,    7.347575e-02,    9.116124e-02,   -3.762651e-02,    5.966538e-01,   -1.819583e-01,   -3.465745e-01,    1.123169e-01,    8.746200e-02,    6.801700e-02,    8.076400e-02,   -3.425700e-02,    3.000000e-02,    3.000000e-02,    3.000000e-02,    3.000000e-02,
      1001,    1.584800e+01,    3.626063e-02,    5.395424e-02,    1.158702e-01,   -2.966389e-02,    8.952124e-01,   -3.050414e-01,   -4.953399e-01,   -2.536908e-03,    6.311700e-02,    4.480300e-02,    1.010100e-01,   -2.974000e-02,    3.000000e-02,    3.000000e-02,    3.000000e-02,    3.000000e-02,
      1001,    2.511800e+01,    2.229292e-02,    2.264466e-02,    1.304843e-01,   -7.168871e-03,    9.067695e-01,   -1.589220e-01,   -4.824753e-01,   -2.084710e-01,    4.949600e-02,    1.787700e-02,    1.160100e-01,   -1.342300e-02,    3.000000e-02,    3.000000e-02,    3.000000e-02,    3.000000e-02,
      1001,    3.981000e+01,    3.112731e-02,   -1.563416e-03,    1.281954e-01,    1.992181e-02,    7.810564e-01,    4.344472e-01,   -3.838456e-01,   -6.685491e-01,    5.455900e-02,    1.147000e-02,    1.166800e-01,   -1.346600e-04,    3.000000e-02,    3.000000e-02,    3.000000e-02,    3.000000e-02,
      1001,    6.309500e+01,    4.685905e-02,   -6.137788e-03,    1.111824e-01,    4.057436e-02,    4.461650e-01,    5.528263e-01,    1.032526e-01,   -9.706453e-01,    6.024400e-02,    1.044700e-02,    1.142800e-01,    1.145500e-02,    3.000000e-02,    3.000000e-02,    3.000000e-02,    3.000000e-02,
      1002,    6.309500e+00,    1.398068e-01,    6.868368e-02,   -9.653799e-02,    3.371728e-02,    5.807743e-01,   -1.410892e-01,    1.589957e-02,   -7.110918e-02,    1.572300e-01,    6.445100e-02,   -9.606100e-02,    3.158400e-02,    3.000000e-02,    3.000000e-02,    3.000000e-02,    3.000000e-02,
      1002,    1.000000e+01,    9.962963e-02,    6.103691e-02,   -9.370685e-02,    2.296623e-02,    8.450124e-01,   -4.813043e-02,   -1.835717e-01,    3.801922e-01,    1.249800e-01,    5.959300e-02,   -9.921400e-02,    3.437200e-02,    3.000000e-02,    3.000000e-02,    3.000000e-02,    3.000000e-02,
      1002,    1.584800e+01,    7.075026e-02,    3.180663e-02,   -8.833927e-02,    2.995417e-02,    1.006658e+00,   -2.665443e-02,   -5.126910e-01,    4.591277e-01,    1.009500e-01,    3.100700e-02,   -1.037200e-01,    4.372800e-02,    3.000000e-02,    3.000000e-02,    3.000000e-02,    3.000000e-02,
      1002,    2.511800e+01,    6.799261e-02,   -8.340119e-03,   -9.663386e-02,    4.928349e-02,    8.835797e-01,   -2.190937e-02,   -8.115379e-01,    3.193835e-01,    9.450000e-02,   -8.997400e-03,   -1.209800e-01,    5.886500e-02,    3.000000e-02,    3.000000e-02,    3.000000e-02,    3.000000e-02,
      1002,    3.981000e+01,    9.340595e-02,   -3.590156e-02,   -1.237973e-01,    6.477218e-02,    7.898018e-01,    4.992188e-01,   -1.046090e+00,   -2.755395e-01,    1.171000e-01,   -2.092500e-02,   -1.551800e-01,    5.650600e-02,    3.000000e-02,    3.000000e-02,    3.000000e-02,    3.000000e-02,
      1002,    6.309500e+01,    1.267256e-01,   -3.530261e-02,   -1.601853e-01,    6.186966e-02,    7.164802e-01,    4.838870e-01,   -1.273489e+00,   -6.296220e-01,    1.482200e-01,   -2.078600e-02,   -1.983900e-01,    4.298100e-02,    3.000000e-02,    3.000000e-02,    3.000000e-02,    3.000000e-02,
      1003,    3.981000e+01,    3.326963e-02,   -2.993835e-02,   -9.272730e-02,    3.687797e-02,    1.339779e+00,    3.434118e-01,    2.281434e-01,    1.139701e+00,    7.346300e-02,   -1.963600e-02,   -8.588300e-02,    7.106900e-02,    3.000000e-02,    3.000000e-02,    3.000000e-02,    3.000000e-02,
      1003,    6.309500e+01,    5.871385e-02,   -3.383985e-02,   -1.157992e-01,    2.822387e-02,    1.374005e+00,    3.128618e-01,   -3.753608e-01,    7.255709e-01,    9.993400e-02,   -2.445400e-02,   -1.270600e-01,    4.999100e-02,    3.000000e-02,    3.000000e-02,    3.000000e-02,    3.000000e-02,
      1004,    6.309500e+00,    1.283687e-02,    4.540982e-02,    4.868780e-01,    4.350105e-02,    1.283638e+00,   -7.034274e-01,   -3.405985e-01,    1.696598e+00,    5.134600e-02,    2.430700e-02,    4.766600e-01,    9.439900e-02,    3.000000e-02,    3.000000e-02,    3.000000e-02,    3.000000e-02,
      1004,    1.000000e+01,   -9.131009e-03,    4.793846e-02,    4.646519e-01,    9.358949e-02,    1.215567e+00,    6.664848e-01,   -5.390628e-01,    7.340170e-01,    2.733600e-02,    6.793300e-02,    4.484800e-01,    1.156100e-01,    3.000000e-02,    3.000000e-02,    3.000000e-02,    3.000000e-02,
      1004,    1.584800e+01,   -2.975172e-02,    4.399759e-02,    4.185798e-01,    1.360981e-01,   -7.191759e-01,    1.374614e+00,   -5.463250e-01,   -9.099375e-01,   -5.132700e-02,    8.523600e-02,    4.021900e-01,    1.088000e-01,    3.000000e-02,    3.000000e-02,    3.000000e-02,    3.000000e-02,
      1004,    2.511800e+01,   -4.655690e-02,    3.288691e-02,    3.570512e-01,    1.616271e-01,   -3.290699e-01,    1.314836e+00,   -8.477081e-01,   -9.112371e-01,   -5.642900e-02,    7.233200e-02,    3.316200e-01,    1.342900e-01,    3.000000e-02,    3.000000e-02,    3.000000e-02,    3.000000e-02,
      1004,    3.981000e+01,   -5.357181e-02,    1.772861e-02,    2.915641e-01,    1.685655e-01,   -2.781730e-01,    1.395713e+00,   -2.461368e-01,   -9.401818e-01,   -6.191700e-02,    5.960000e-02,    2.841800e-01,    1.403600e-01,    3.000000e-02,    3.000000e-02,    3.000000e-02,    3.000000e-02,
      1004,    6.309500e+01,   -5.034200e-02,    7.785879e-03,    2.311134e-01,    1.606508e-01,   -5.272335e-01,    1.216837e+00,    3.188860e-01,   -8.696923e-01,   -6.615900e-02,    4.429100e-02,    2.406800e-01,    1.345600e-01,    3.000000e-02,    3.000000e-02,    3.000000e-02,    3.000000e-02,
      1005,    6.309500e+00,    1.471615e-01,    7.968961e-02,    7.688479e-02,   -2.592323e-02,    3.128455e-02,   -3.703871e-01,    4.076070e-01,    5.372277e-01,    1.481000e-01,    6.857800e-02,    8.911300e-02,   -9.806400e-03,    3.000000e-02,    3.000000e-02,    3.000000e-02,    3.000000e-02,
      1005,    1.000000e+01,    1.061553e-01,    9.091058e-02,    9.677214e-02,   -3.707227e-02,    3.461554e-01,   -4.873525e-01,    3.889520e-02,    7.469423e-01,    1.165400e-01,    7.629000e-02,    9.793900e-02,   -1.466400e-02,    3.000000e-02,    3.000000e-02,    3.000000e-02,    3.000000e-02,
      1005,    1.584800e+01,    6.562041e-02,    8.509825e-02,    1.209052e-01,   -3.269336e-02,    7.627529e-01,   -5.367418e-01,   -4.568384e-01,    5.737785e-01,    8.850300e-02,    6.899600e-02,    1.072000e-01,   -1.548000e-02,    3.000000e-02,    3.000000e-02,    3.000000e-02,    3.000000e-02,
      1005,    2.511800e+01,    3.652986e-02,    6.643921e-02,    1.375562e-01,   -1.495600e-02,    8.234378e-01,   -3.420738e-01,   -4.532081e-01,    1.136665e-01,    6.123300e-02,    5.617700e-02,    1.239600e-01,   -1.154600e-02,    3.000000e-02,    3.000000e-02,    3.000000e-02,    3.000000e-02,
      1005,    3.981000e+01,    2.380682e-02,    4.789701e-02,    1.415623e-01,    9.004354e-03,    9.382059e-01,    2.195331e-01,   -6.007573e-02,   -1.967685e-01,    5.195300e-02,    5.448300e-02,    1.397600e-01,    3.101300e-03,    3.000000e-02,    3.000000e-02,    3.000000e-02,    3.000000e-02,
      1005,    6.309500e+01,    1.868933e-02,    4.017588e-02,    1.322500e-01,    3.204444e-02,    7.282222e-01,    8.467706e-01,    1.789993e-01,   -2.464798e-02,    4.053600e-02,    6.557900e-02,    1.376200e-01,    3.130500e-02,    3.000000e-02,    3.000000e-02,    3.000000e-02,    3.000000e-02,
      1006,    6.309500e+00,    5.527028e-02,   -1.181344e-02,    3.324685e-02,    6.258205e-02,   -6.957760e-01,    2.306148e-01,    1.527905e+00,   -3.421018e-01,    3.439700e-02,   -4.895000e-03,    7.908400e-02,    5.231900e-02,    3.000000e-02,    3.000000e-02,    3.000000e-02,    3.000000e-02,
      1006,    1.000000e+01,    5.949836e-02,    5.583780e-03,    9.600537e-03,    5.527601e-02,   -8.652120e-01,    1.139307e-01,    1.452582e+00,    1.022665e-01,    3.354200e-02,    9.001700e-03,    5.317800e-02,    5.834400e-02,    3.000000e-02,    3.000000e-02,    3.000000e-02,    3.000000e-02,
      1006,    1.584800e+01,    5.381412e-02,    2.567989e-02,   -1.031875e-02,    4.296414e-02,   -1.021171e+00,   -1.954631e-01,    1.241625e+00,    2.002288e-01,    2.317900e-02,    1.981600e-02,    2.693000e-02,    4.897100e-02,    3.000000e-02,    3.000000e-02,    3.000000e-02,    3.000000e-02,
      1006,    2.511800e+01,    3.727250e-02,    4.208817e-02,   -2.424646e-02,    2.509012e-02,   -8.350168e-01,   -6.331389e-01,    1.246515e+00,    3.467625e-01,    1.222200e-02,    2.309400e-02,    1.314900e-02,    3.549300e-02,    3.000000e-02,    3.000000e-02,    3.000000e-02,    3.000000e-02,
      1006,    3.981000e+01,    1.390875e-02,    4.912514e-02,   -2.765963e-02,    4.680347e-03,   -5.623551e-01,   -8.823379e-01,    9.538013e-01,    5.420884e-01,   -2.961900e-03,    2.265500e-02,    9.544100e-04,    2.094300e-02,    3.000000e-02,    3.000000e-02,    3.000000e-02,    3.000000e-02,
      1006,    6.309500e+01,   -8.861982e-03,    4.510603e-02,   -2.080872e-02,   -1.128413e-02,   -1.647339e-01,   -8.332344e-01,    3.068239e-01,    5.439078e-01,   -1.380400e-02,    2.010900e-02,   -1.160400e-02,    5.033100e-03,    3.000000e-02,    3.000000e-02,    3.000000e-02,    3.000000e-02,
      1007,    6.309500e+00,   -8.656408e-02,   -1.264789e-02,    1.377871e-01,    2.547679e-02,    8.236694e-01,    7.989630e-01,   -2.962363e-01,   -5.174996e-01,   -6.185400e-02,    1.132100e-02,    1.289000e-01,    9.951800e-03,    3.000000e-02,    3.000000e-02,    3.000000e-02,    3.000000e-02,
      1007,    1.000000e+01,   -8.297947e-02,   -1.029666e-02,    1.323420e-01,    3.113769e-02,    7.839824e-01,    9.510219e-01,   -1.057329e-01,   -2.017229e-01,   -5.946000e-02,    1.823400e-02,    1.291700e-01,    2.508600e-02,    3.000000e-02,    3.000000e-02,    3.000000e-02,    3.000000e-02,
      1007,    1.584800e+01,   -8.319830e-02,   -8.431747e-03,    1.252063e-01,    4.082071e-02,    9.404099e-01,    8.352582e-01,   -3.221101e-02,   -9.590236e-03,   -5.498600e-02,    1.662600e-02,    1.242400e-01,    4.053300e-02,    3.000000e-02,    3.000000e-02,    3.000000e-02,    3.000000e-02,
      1007,    2.511800e+01,   -8.538290e-02,   -1.170284e-02,    1.134196e-01,    5.401897e-02,    6.084967e-01,    3.449412e-01,   -2.756546e-01,    1.536764e-02,   -6.712800e-02,   -1.354600e-03,    1.051500e-01,    5.448000e-02,    3.000000e-02,    3.000000e-02,    3.000000e-02,    3.000000e-02,
      1007,    3.981000e+01,   -8.409197e-02,   -2.105805e-02,    9.449372e-02,    6.913907e-02,    2.059324e-01,    4.541749e-01,   -3.998573e-01,   -2.577025e-01,   -7.791400e-02,   -7.432800e-03,    8.249800e-02,    6.140800e-02,    3.000000e-02,    3.000000e-02,    3.000000e-02,    3.000000e-02,
      1007,    6.309500e+01,   -7.508008e-02,   -3.237579e-02,    6.607634e-02,    8.206501e-02,    8.013606e-02,    4.291262e-01,   -2.899115e-01,   -3.832670e-01,   -7.267600e-02,   -1.950200e-02,    5.737900e-02,    7.056700e-02,    3.000000e-02,    3.000000e-02,    3.000000e-02,    3.000000e-02,
      1008,    6.309500e+00,    1.418226e-01,    9.662257e-02,   -7.578236e-02,    6.184481e-02,    9.805815e-01,    8.382477e-01,   -1.349255e+00,   -7.026025e-02,    1.712400e-01,    1.217700e-01,   -1.162600e-01,    5.973700e-02,    3.000000e-02,    3.000000e-02,    3.000000e-02,    3.000000e-02,
      1008,    1.000000e+01,    8.815985e-02,    1.007629e-01,   -9.854933e-02,    3.190972e-02,    7.713383e-01,    1.032904e+00,   -1.666022e+00,    2.509426e-01,    1.113000e-01,    1.317500e-01,   -1.485300e-01,    3.943800e-02,    3.000000e-02,    3.000000e-02,    3.000000e-02,    3.000000e-02,
      1008,    1.584800e+01,    4.112926e-02,    7.773703e-02,   -1.014851e-01,   -1.954872e-03,    3.044246e-01,    6.600325e-01,   -1.844162e+00,   -3.620425e-02,    5.026200e-02,    9.753800e-02,   -1.568100e-01,   -3.041000e-03,    3.000000e-02,    3.000000e-02,    3.000000e-02,    3.000000e-02,
      1008,    2.511800e+01,    1.912698e-02,    3.759772e-02,   -8.637646e-02,   -2.876880e-02,   -7.586600e-02,    5.449426e-01,   -1.442451e+00,   -7.212399e-01,    1.685100e-02,    5.394600e-02,   -1.296500e-01,   -5.040600e-02,    3.000000e-02,    3.000000e-02,    3.000000e-02,    3.000000e-02,
      1009,    6.309500e+00,   -1.980069e-01,    1.163091e-01,    1.742388e-01,    1.564994e-02,    4.392297e-01,    1.326698e+00,    7.270405e-01,   -3.368613e-01,   -1.848300e-01,    1.561100e-01,    1.960500e-01,    5.544100e-03,    3.000000e-02,    3.000000e-02,    3.000000e-02,    3.000000e-02,
      1009,    1.000000e+01,   -2.508339e-01,    8.273917e-02,    1.667036e-01,    9.648439e-03,    1.161797e+00,    4.038278e-01,    3.742148e-01,    2.784520e-01,   -2.159800e-01,    9.485400e-02,    1.779300e-01,    1.800200e-02,    3.000000e-02,    3.000000e-02,    3.000000e-02,    3.000000e-02,
      1009,    1.584800e+01,   -2.801244e-01,    2.954015e-02,    1.668690e-01,    1.085791e-03,    1.219482e+00,   -2.660497e-02,    8.120342e-01,    2.111070e-01,   -2.435400e-01,    2.874200e-02,    1.912300e-01,    7.419000e-03,    3.000000e-02,    3.000000e-02,    3.000000e-02,    3.000000e-02,
      1009,    2.511800e+01,   -2.782028e-01,   -2.936113e-02,    1.758669e-01,   -2.556023e-03,    1.097427e+00,    4.703754e-02,   -7.056358e-02,    1.819108e-01,   -2.452800e-01,   -2.795000e-02,    1.737500e-01,    2.901300e-03,    3.000000e-02,    3.000000e-02,    3.000000e-02,    3.000000e-02,
      1009,    3.981000e+01,   -2.472029e-01,   -7.756713e-02,    1.885097e-01,    7.175722e-03,    7.854311e-01,    1.432044e-01,    3.363429e-01,   -2.208707e-01,   -2.236400e-01,   -7.327100e-02,    1.986000e-01,    5.496000e-04,    3.000000e-02,    3.000000e-02,    3.000000e-02,    3.000000e-02,
      1010,    6.309500e+00,    1.670822e-01,    9.156686e-02,    5.915254e-02,    1.978902e-02,    2.995933e-01,   -6.417952e-01,    3.001582e+00,    3.454033e+00,    1.760700e-01,    7.231300e-02,    1.492000e-01,    1.234100e-01,    3.000000e-02,    3.000000e-02,    3.000000e-02,    3.000000e-02,
      1010,    1.000000e+01,    1.240278e-01,    1.214743e-01,    5.884765e-02,    1.416156e-02,    5.437395e-01,   -2.634770e-01,    1.012178e+00,    3.681281e+00,    1.403400e-01,    1.135700e-01,    8.921300e-02,    1.246000e-01,    3.000000e-02,    3.000000e-02,    3.000000e-02,    3.000000e-02,
      1010,    1.584800e+01,    6.895187e-02,    1.392494e-01,    5.959186e-02,    1.686622e-02,    1.323044e-01,   -1.864830e-02,   -8.392953e-01,    2.746026e+00,    7.292100e-02,    1.386900e-01,    3.441300e-02,    9.924700e-02,    3.000000e-02,    3.000000e-02,    3.000000e-02,    3.000000e-02,
      1010,    2.511800e+01,    5.922980e-03,    1.384142e-01,    5.437751e-02,    2.310731e-02,   -1.563760e-01,   -6.747240e-02,   -1.403417e+00,    1.376123e+00,    1.231700e-03,    1.363900e-01,    1.227500e-02,    6.439100e-02,    3.000000e-02,    3.000000e-02,    3.000000e-02,    3.000000e-02,
      1010,    3.981000e+01,   -5.340895e-02,    1.126284e-01,    4.514042e-02,    2.682657e-02,    5.578983e-01,    1.167202e-01,   -1.290534e+00,    4.286477e-01,   -3.667200e-02,    1.161300e-01,    6.424400e-03,    3.968600e-02,    3.000000e-02,    3.000000e-02,    3.000000e-02,    3.000000e-02,
      1010,    6.309500e+01,   -9.083683e-02,    6.584826e-02,    3.607764e-02,    2.833121e-02,    6.171944e-01,   -4.957087e-01,   -9.897614e-01,   -1.414069e-01,   -7.232100e-02,    5.097700e-02,    6.384800e-03,    2.408900e-02,    3.000000e-02,    3.000000e-02,    3.000000e-02,    3.000000e-02,
      1011,    6.309500e+00,    1.820857e-01,    5.080412e-02,   -1.047468e-01,   -2.614387e-02,    1.551418e-01,    7.808961e-01,    7.860279e-01,   -9.674045e-01,    1.867400e-01,    7.423100e-02,   -8.116600e-02,   -5.516600e-02,    3.000000e-02,    3.000000e-02,    3.000000e-02,    3.000000e-02,
      1011,    1.000000e+01,    1.654677e-01,    5.174083e-02,   -7.914435e-02,   -4.920932e-02,   -1.875910e-01,    7.460055e-01,    7.411783e-01,   -5.585590e-02,    1.598400e-01,    7.412100e-02,   -5.690900e-02,   -5.088500e-02,    3.000000e-02,    3.000000e-02,    3.000000e-02,    3.000000e-02,
      1011,    1.584800e+01,    1.531117e-01,    5.936249e-02,   -5.034455e-02,   -5.206698e-02,   -4.650571e-01,    9.271699e-02,    2.717849e-01,    3.459328e-01,    1.391600e-01,    6.214400e-02,   -4.219100e-02,   -4.168900e-02,    3.000000e-02,    3.000000e-02,    3.000000e-02,    3.000000e-02,
      1011,    2.511800e+01,    1.306502e-01,    7.210202e-02,   -3.037354e-02,   -4.603016e-02,   -4.730071e-01,   -7.502672e-01,    4.829180e-01,    7.043719e-01,    1.164600e-01,    4.959400e-02,   -1.588600e-02,   -2.489900e-02,    3.000000e-02,    3.000000e-02,    3.000000e-02,    3.000000e-02,
      1011,    3.981000e+01,    9.797121e-02,    7.501128e-02,   -1.589898e-02,   -3.874063e-02,   -4.711071e-01,   -1.415176e+00,    1.533433e+00,    6.264210e-01,    8.383800e-02,    3.255600e-02,    3.010400e-02,   -1.994800e-02,    3.000000e-02,    3.000000e-02,    3.000000e-02,    3.000000e-02,
      1011,    6.309500e+01,    6.897244e-02,    6.434715e-02,   -6.278918e-03,   -3.086259e-02,    5.286521e-01,   -5.593382e-01,   -2.145027e-01,    1.270196e-01,    8.483200e-02,    4.756700e-02,   -1.271400e-02,   -2.705200e-02,    3.000000e-02,    3.000000e-02,    3.000000e-02,    3.000000e-02,
      1012,    6.309500e+00,    2.222300e-01,    1.390408e-01,   -1.479876e-02,    9.432121e-02,    3.343332e-01,   -1.019027e+00,   -5.081080e-01,   -5.709403e-01,    2.322600e-01,    1.084700e-01,   -3.004200e-02,    7.719300e-02,    3.000000e-02,    3.000000e-02,    3.000000e-02,    3.000000e-02,
      1012,    1.000000e+01,    1.482649e-01,    1.355547e-01,   -5.768513e-02,    5.779068e-02,    9.065046e-01,   -6.901575e-01,   -2.139958e-01,   -7.034894e-01,    1.754600e-01,    1.148500e-01,   -6.410500e-02,    3.668600e-02,    3.000000e-02,    3.000000e-02,    3.000000e-02,    3.000000e-02,
      1012,    2.511800e+01,    6.868454e-02,    7.451718e-02,   -5.082586e-02,   -8.583980e-03,    4.181152e-01,    7.383608e-01,   -9.000464e-02,   -4.663340e-01,    8.122800e-02,    9.666800e-02,   -5.352600e-02,   -2.257400e-02,    3.000000e-02,    3.000000e-02,    3.000000e-02,    3.000000e-02,
      1012,    3.981000e+01,    5.529776e-02,    4.645143e-02,   -3.500432e-02,   -1.821256e-02,    1.496075e+00,    7.537189e-01,   -4.982262e-02,   -4.234146e-01,    1.001800e-01,    6.906300e-02,   -3.649900e-02,   -3.091500e-02,    3.000000e-02,    3.000000e-02,    3.000000e-02,    3.000000e-02,
      1012,    6.309500e+01,    5.238441e-02,    2.555452e-02,   -2.060547e-02,   -1.802389e-02,    3.909197e-01,    6.230159e-01,    5.331566e-02,    4.495130e-01,    6.411200e-02,    4.424500e-02,   -1.900600e-02,   -4.538500e-03,    3.000000e-02,    3.000000e-02,    3.000000e-02,    3.000000e-02,
      1014,    6.309500e+00,    3.087350e-01,    1.759133e-02,    6.365477e-02,    1.010801e-01,   -1.011833e+00,    1.158912e-02,   -1.708726e+00,    9.733028e-02,    2.783800e-01,    1.793900e-02,    1.239300e-02,    1.040000e-01,    3.000000e-02,    3.000000e-02,    3.000000e-02,    3.000000e-02,
      1014,    1.000000e+01,    3.002659e-01,    7.629573e-02,    2.338558e-02,    1.129226e-01,   -8.808617e-01,   -4.889107e-02,   -1.839986e+00,   -3.680850e-01,    2.738400e-01,    7.482900e-02,   -3.181400e-02,    1.018800e-01,    3.000000e-02,    3.000000e-02,    3.000000e-02,    3.000000e-02,
      1014,    1.584800e+01,    2.635052e-01,    1.374679e-01,   -2.316682e-02,    1.152990e-01,   -6.445056e-01,   -4.062644e-01,   -2.085139e+00,   -9.845660e-01,    2.441700e-01,    1.252800e-01,   -8.572100e-02,    8.576200e-02,    3.000000e-02,    3.000000e-02,    3.000000e-02,    3.000000e-02,
      1014,    2.511800e+01,    1.973793e-01,    1.875832e-01,   -7.126757e-02,    1.024000e-01,   -3.464289e-02,   -1.200107e+00,   -1.174081e+00,   -1.497132e+00,    1.963400e-01,    1.515800e-01,   -1.064900e-01,    5.748600e-02,    3.000000e-02,    3.000000e-02,    3.000000e-02,    3.000000e-02,
      1014,    3.981000e+01,    1.117596e-01,    2.131568e-01,   -1.096485e-01,    7.240278e-02,    9.273461e-01,   -1.329894e+00,    1.362839e-01,   -1.723426e+00,    1.395800e-01,    1.732600e-01,   -1.055600e-01,    2.070000e-02,    3.000000e-02,    3.000000e-02,    3.000000e-02,    3.000000e-02,
      1014,    6.309500e+01,    2.410018e-02,    2.100828e-01,   -1.277145e-01,    3.342004e-02,    8.671939e-01,   -5.334276e-01,    1.234217e+00,   -2.059768e+00,    5.011600e-02,    1.940800e-01,   -9.068800e-02,   -2.837300e-02,    3.000000e-02,    3.000000e-02,    3.000000e-02,    3.000000e-02,
      1015,    6.309500e+00,    7.039742e-02,    9.825103e-02,   -4.927975e-02,    5.017841e-03,   -4.192139e-01,   -5.818344e-01,    4.091584e-01,    1.047572e+00,    5.782100e-02,    8.079600e-02,   -3.700500e-02,    3.644500e-02,    3.000000e-02,    3.000000e-02,    3.000000e-02,    3.000000e-02,
      1015,    2.511800e+01,   -6.701462e-02,    6.821837e-02,   -1.599231e-02,   -3.888943e-03,    6.903874e-01,   -8.002789e-01,   -1.055690e+00,    5.583144e-02,   -4.630300e-02,    4.421000e-02,   -4.766300e-02,   -2.214000e-03,    3.000000e-02,    3.000000e-02,    3.000000e-02,    3.000000e-02,
      1015,    3.981000e+01,   -8.309053e-02,    2.880824e-02,   -1.673720e-02,    8.801406e-03,    1.049718e+00,    1.035873e-02,   -9.951267e-01,   -5.818702e-01,   -5.159900e-02,    2.911900e-02,   -4.659100e-02,   -8.654700e-03,    3.000000e-02,    3.000000e-02,    3.000000e-02,    3.000000e-02,
      1015,    6.309500e+01,   -7.654840e-02,   -3.286689e-03,   -2.741168e-02,    1.642246e-02,    1.597468e-01,   -4.174437e-01,   -4.853772e-01,   -9.061486e-01,   -7.175600e-02,   -1.581000e-02,   -4.197300e-02,   -1.076200e-02,    3.000000e-02,    3.000000e-02,    3.000000e-02,    3.000000e-02,
      1016,    1.000000e+01,    8.697404e-02,    1.174683e-01,   -2.354948e-02,    4.047498e-02,    3.058199e+00,    3.141057e+00,   -3.407839e-01,   -1.778566e+00,    1.787200e-01,    2.117000e-01,   -3.377300e-02,   -1.288200e-02,    3.000000e-02,    3.000000e-02,    3.000000e-02,    3.000000e-02,
      1016,    1.584800e+01,    3.912719e-02,    1.341215e-01,   -3.709577e-02,    2.163279e-02,    1.812094e+00,    8.386163e-01,    3.886255e-01,   -1.505426e+00,    9.349000e-02,    1.592800e-01,   -2.543700e-02,   -2.353000e-02,    3.000000e-02,    3.000000e-02,    3.000000e-02,    3.000000e-02,
      1016,    2.511800e+01,   -1.665376e-02,    1.396659e-01,   -3.868490e-02,    3.415950e-03,   -1.228079e-01,   -3.678635e-01,    1.432300e-01,   -8.885983e-01,   -2.033800e-02,    1.286300e-01,   -3.438800e-02,   -2.324200e-02,    3.000000e-02,    3.000000e-02,    3.000000e-02,    3.000000e-02,
      1016,    3.981000e+01,   -7.444510e-02,    1.262736e-01,   -3.408693e-02,   -9.822439e-03,   -2.422163e+00,   -5.544545e-01,   -9.340689e-01,   -1.758985e+00,   -1.471100e-01,    1.096400e-01,   -6.210900e-02,   -6.259200e-02,    3.000000e-02,    3.000000e-02,    3.000000e-02,    3.000000e-02,
      1016,    6.309500e+01,   -1.182676e-01,    9.415488e-02,   -2.664225e-02,   -2.012026e-02,   -7.440801e-01,   -8.936961e-01,   -3.502250e-01,   -8.073580e-01,   -1.405900e-01,    6.734400e-02,   -3.714900e-02,   -4.434100e-02,    3.000000e-02,    3.000000e-02,    3.000000e-02,    3.000000e-02,
      1017,    6.309500e+00,    4.833305e-02,   -8.234786e-02,    5.786930e-02,   -5.737600e-02,   -1.262935e+00,    1.960952e-01,    8.536567e-01,   -5.949334e-01,    1.044500e-02,   -7.646500e-02,    8.347900e-02,   -7.522400e-02,    3.000000e-02,    3.000000e-02,    3.000000e-02,    3.000000e-02,
      1017,    1.000000e+01,    8.067496e-02,   -8.012181e-02,    8.330532e-02,   -8.382171e-02,   -1.295465e+00,    9.169370e-02,    7.798227e-01,    2.402353e-02,    4.181100e-02,   -7.737100e-02,    1.067000e-01,   -8.310100e-02,    3.000000e-02,    3.000000e-02,    3.000000e-02,    3.000000e-02,
      1017,    1.584800e+01,    1.088139e-01,   -6.877412e-02,    1.208740e-01,   -1.027085e-01,   -1.218864e+00,   -3.662961e-01,    4.082016e-01,    1.389157e-01,    7.224800e-02,   -7.976300e-02,    1.331200e-01,   -9.854100e-02,    3.000000e-02,    3.000000e-02,    3.000000e-02,    3.000000e-02,
      1017,    2.511800e+01,    1.284508e-01,   -5.355216e-02,    1.656667e-01,   -1.098382e-01,   -1.143593e+00,   -7.334280e-01,    9.611006e-02,    2.029412e-01,    9.414300e-02,   -7.555500e-02,    1.685500e-01,   -1.037500e-01,    3.000000e-02,    3.000000e-02,    3.000000e-02,    3.000000e-02,
      1017,    3.981000e+01,    1.403926e-01,   -3.968311e-02,    2.116459e-01,   -1.028377e-01,   -9.144195e-01,   -8.744629e-01,   -2.618618e-01,    2.210579e-01,    1.129600e-01,   -6.591700e-02,    2.037900e-01,   -9.620600e-02,    3.000000e-02,    3.000000e-02,    3.000000e-02,    3.000000e-02,
      1017,    6.309500e+01,    1.481343e-01,   -2.916973e-02,    2.514113e-01,   -8.172999e-02,   -5.918086e-01,   -8.729424e-01,   -3.057107e-01,   -3.520027e-02,    1.303800e-01,   -5.535800e-02,    2.422400e-01,   -8.278600e-02,    3.000000e-02,    3.000000e-02,    3.000000e-02,    3.000000e-02,
      1018,    1.000000e+01,   -3.459111e-02,    5.096602e-02,   -6.124894e-02,   -2.525381e-02,    3.842371e-01,    7.128661e-01,    6.688646e-01,    5.019357e-02,   -2.306400e-02,    7.235200e-02,   -4.118300e-02,   -2.374800e-02,    3.000000e-02,    3.000000e-02,    3.000000e-02,    3.000000e-02,
      1018,    1.584800e+01,   -4.817427e-02,    2.369303e-02,   -3.795195e-02,   -1.495445e-02,    3.988755e-01,    6.829990e-01,    3.114318e-01,    3.067082e-01,   -3.620800e-02,    4.418300e-02,   -2.860900e-02,   -5.753200e-03,    3.000000e-02,    3.000000e-02,    3.000000e-02,    3.000000e-02,
      1018,    2.511800e+01,   -4.582848e-02,    1.817502e-04,   -3.205057e-02,    8.863464e-03,    2.554947e-02,    6.647417e-01,    3.261191e-01,   -3.537546e-02,   -4.506200e-02,    2.012400e-02,   -2.226700e-02,    7.802200e-03,    3.000000e-02,    3.000000e-02,    3.000000e-02,    3.000000e-02,
      1018,    3.981000e+01,   -3.643436e-02,   -1.290588e-02,   -4.376367e-02,    2.866141e-02,   -1.205212e-01,    4.209146e-01,    6.347891e-01,   -3.660470e-01,   -4.005000e-02,   -2.784400e-04,   -2.472000e-02,    1.768000e-02,    3.000000e-02,    3.000000e-02,    3.000000e-02,    3.000000e-02,
      1018,    6.309500e+01,   -2.835298e-02,   -2.043516e-02,   -6.219461e-02,    3.775101e-02,   -1.763416e-02,    1.537387e-01,    8.131871e-01,   -3.140671e-01,   -2.888200e-02,   -1.582300e-02,   -3.779900e-02,    2.832900e-02,    3.000000e-02,    3.000000e-02,    3.000000e-02,    3.000000e-02,
      1019,    6.309500e+00,   -3.971159e-03,    1.436706e-01,    1.366178e-02,   -2.198719e-02,    3.766039e+00,    1.036980e+00,    4.751941e+00,    4.749240e+00,    1.090100e-01,    1.747800e-01,    1.562200e-01,    1.204900e-01,    3.000000e-02,    3.000000e-02,    3.000000e-02,    3.000000e-02,
      1019,    1.000000e+01,   -6.999928e-02,    1.712033e-01,    2.623686e-02,   -5.202030e-02,    2.780476e+00,    1.322403e-02,    2.194638e+00,    5.064243e+00,    1.341500e-02,    1.716000e-01,    9.207600e-02,    9.990700e-02,    3.000000e-02,    3.000000e-02,    3.000000e-02,    3.000000e-02,
      1019,    1.584800e+01,   -1.465065e-01,    1.750818e-01,    5.558667e-02,   -7.601447e-02,   -2.241171e-01,    6.916073e-01,    2.301111e+00,    1.177949e+00,   -1.532300e-01,    1.958300e-01,    1.246200e-01,   -4.067600e-02,    3.000000e-02,    3.000000e-02,    3.000000e-02,    3.000000e-02,
      1019,    2.511800e+01,   -2.174512e-01,    1.518437e-01,    9.584439e-02,   -8.493467e-02,   -1.085292e+00,   -1.079458e+00,    1.171187e+00,    1.091556e-01,   -2.500100e-01,    1.194600e-01,    1.309800e-01,   -8.166000e-02,    3.000000e-02,    3.000000e-02,    3.000000e-02,    3.000000e-02,
      1020,    6.309500e+00,    3.700478e-02,    1.139230e-01,   -4.410053e-02,    5.301197e-03,    8.460072e-01,   -4.728664e-01,    2.379844e-01,   -1.308132e-01,    6.238500e-02,    9.973700e-02,   -3.696100e-02,    1.376800e-03,    3.000000e-02,    3.000000e-02,    3.000000e-02,    3.000000e-02,
      1020,    1.000000e+01,   -1.626047e-02,    1.200522e-01,   -3.326643e-02,   -1.031767e-02,    1.203649e+00,   -4.004064e-01,   -2.025190e-01,    4.361790e-01,    1.984900e-02,    1.080400e-01,   -3.934200e-02,    2.767700e-03,    3.000000e-02,    3.000000e-02,    3.000000e-02,    3.000000e-02,
      1020,    1.584800e+01,   -6.843376e-02,    1.067116e-01,   -1.791130e-02,   -1.042811e-02,    1.296592e+00,   -4.813878e-01,   -4.991232e-01,    3.228866e-01,   -2.953600e-02,    9.227000e-02,   -3.288500e-02,   -7.415100e-04,    3.000000e-02,    3.000000e-02,    3.000000e-02,    3.000000e-02,
      1020,    2.511800e+01,   -1.079185e-01,    7.532323e-02,   -1.070707e-02,    8.095499e-04,    1.549785e+00,   -9.904086e-02,   -6.576977e-01,   -6.593166e-02,   -6.142500e-02,    7.235200e-02,   -3.043800e-02,   -1.168400e-03,    3.000000e-02,    3.000000e-02,    3.000000e-02,    3.000000e-02,
      1020,    3.981000e+01,   -1.249445e-01,    3.649647e-02,   -1.546776e-02,    1.273340e-02,    1.817918e+00,    3.273845e-01,   -6.071412e-01,   -4.641332e-01,   -7.040700e-02,    4.631800e-02,   -3.368200e-02,   -1.190600e-03,    3.000000e-02,    3.000000e-02,    3.000000e-02,    3.000000e-02,
      1020,    6.309500e+01,   -1.206435e-01,    4.779632e-03,   -2.711379e-02,    1.654058e-02,    1.892251e+00,    6.013789e-01,   -3.319404e-01,   -5.615021e-01,   -6.387600e-02,    2.282100e-02,   -3.707200e-02,   -3.044800e-04,    3.000000e-02,    3.000000e-02,    3.000000e-02,    3.000000e-02,
      1021,    1.584800e+01,    1.132659e-01,    4.700143e-03,   -8.674915e-03,    3.516919e-02,   -4.330928e+00,   -6.023048e-01,   -5.951695e-01,    2.552603e-01,   -1.666200e-02,   -1.336900e-02,   -2.653000e-02,    4.282700e-02,    3.000000e-02,    3.000000e-02,    3.000000e-02,    3.000000e-02,
      1021,    2.511800e+01,    1.172824e-01,    3.677509e-03,   -1.463866e-02,    2.535028e-02,   -2.466079e+00,    1.307016e+00,   -4.816446e-01,    4.485241e-01,    4.330000e-02,    4.288800e-02,   -2.908800e-02,    3.880600e-02,    3.000000e-02,    3.000000e-02,    3.000000e-02,    3.000000e-02,
      1021,    3.981000e+01,    1.178199e-01,    9.016883e-03,   -1.749175e-02,    2.223790e-02,    6.566888e-02,    4.405771e+00,   -8.961748e-01,    2.394033e-01,    1.197900e-01,    1.411900e-01,   -4.437700e-02,    2.942000e-02,    3.000000e-02,    3.000000e-02,    3.000000e-02,    3.000000e-02,
      1021,    6.309500e+01,    1.133753e-01,    1.348397e-02,   -2.321776e-02,    2.233294e-02,    1.068237e-01,    3.856201e+00,   -6.974412e-01,    2.205354e-01,    1.165800e-01,    1.291700e-01,   -4.414100e-02,    2.894900e-02,    3.000000e-02,    3.000000e-02,    3.000000e-02,    3.000000e-02,
      1022,    6.309500e+00,    1.957663e-01,    8.028475e-02,    4.810941e-02,    1.424422e-02,    3.044568e-01,    1.602749e-01,    1.519520e+00,    2.711259e-01,    2.049000e-01,    8.509300e-02,    9.369500e-02,    2.237800e-02,    3.000000e-02,    3.000000e-02,    3.000000e-02,    3.000000e-02,
      1022,    1.000000e+01,    1.541903e-01,    1.001125e-01,    4.735694e-02,   -7.331509e-04,    4.256579e-01,    4.259180e-01,    1.555635e+00,    8.380384e-01,    1.669600e-01,    1.128900e-01,    9.402600e-02,    2.440800e-02,    3.000000e-02,    3.000000e-02,    3.000000e-02,    3.000000e-02,
      1022,    1.584800e+01,    1.090951e-01,    1.039586e-01,    5.571510e-02,   -1.035404e-02,   -1.588372e-01,    3.537138e-01,    1.309263e+00,    1.099001e+00,    1.043300e-01,    1.145700e-01,    9.499300e-02,    2.261600e-02,    3.000000e-02,    3.000000e-02,    3.000000e-02,    3.000000e-02,
      1022,    2.511800e+01,    6.828562e-02,    9.499048e-02,    6.732444e-02,   -1.102760e-02,   -1.045887e+00,    4.361746e-02,    5.405519e-01,    1.184720e+00,    3.690900e-02,    9.629900e-02,    8.354100e-02,    2.451400e-02,    3.000000e-02,    3.000000e-02,    3.000000e-02,    3.000000e-02,
      1022,    3.981000e+01,    3.418324e-02,    7.818226e-02,    7.580241e-02,   -1.979407e-03,   -6.145746e-01,   -8.784086e-01,   -6.774471e-01,    1.006480e+00,    1.574600e-02,    5.183000e-02,    5.547900e-02,    2.821500e-02,    3.000000e-02,    3.000000e-02,    3.000000e-02,    3.000000e-02,
      1022,    6.309500e+01,    7.336523e-03,    5.330789e-02,    7.252994e-02,    1.190525e-02,   -2.128858e-01,   -2.288763e+00,   -1.022298e+00,    4.331250e-01,    9.499500e-04,   -1.535500e-02,    4.186100e-02,    2.489900e-02,    3.000000e-02,    3.000000e-02,    3.000000e-02,    3.000000e-02,
      1023,    6.309500e+00,    9.754085e-02,    5.431169e-02,   -9.091926e-02,   -1.283242e-02,   -1.021395e+00,    9.539435e-01,    5.214753e-01,   -3.158528e-01,    6.689900e-02,    8.293000e-02,   -7.527500e-02,   -2.230800e-02,    3.000000e-02,    3.000000e-02,    3.000000e-02,    3.000000e-02,
      1023,    1.000000e+01,    7.468073e-02,    3.934904e-02,   -6.716067e-02,   -2.976269e-02,   -1.241858e+00,    5.537986e-01,    2.663557e-01,    6.735464e-01,    3.742500e-02,    5.596300e-02,   -5.917000e-02,   -9.556300e-03,    3.000000e-02,    3.000000e-02,    3.000000e-02,    3.000000e-02,
      1023,    1.584800e+01,    6.627160e-02,    2.197686e-02,   -4.034883e-02,   -2.176280e-02,   -1.446287e+00,    3.304805e-03,   -2.436058e-01,    1.071227e+00,    2.288300e-02,    2.207600e-02,   -4.765700e-02,    1.037400e-02,    3.000000e-02,    3.000000e-02,    3.000000e-02,    3.000000e-02,
      1023,    2.511800e+01,    6.623461e-02,    1.045388e-02,   -2.933554e-02,    2.486869e-03,   -1.374020e+00,   -2.482961e-01,   -8.630154e-01,    1.083704e+00,    2.501400e-02,    3.005000e-03,   -5.522600e-02,    3.499800e-02,    3.000000e-02,    3.000000e-02,    3.000000e-02,    3.000000e-02,
      1023,    3.981000e+01,    6.768597e-02,    4.972557e-03,   -3.732061e-02,    2.724573e-02,   -9.160991e-01,   -1.970389e-01,   -1.138546e+00,    2.181422e-01,    4.020300e-02,   -9.386100e-04,   -7.147700e-02,    3.379000e-02,    3.000000e-02,    3.000000e-02,    3.000000e-02,    3.000000e-02,
      1023,    6.309500e+01,    6.732267e-02,    1.466729e-03,   -5.826387e-02,    4.241706e-02,   -8.031224e-01,   -2.033210e-01,   -7.307377e-01,   -4.036352e-01,    4.322900e-02,   -4.632900e-03,   -8.018600e-02,    3.030800e-02,    3.000000e-02,    3.000000e-02,    3.000000e-02,    3.000000e-02,
      1024,    6.309500e+00,    1.501126e-01,    7.392681e-02,    1.278282e-01,    5.302877e-03,   -2.360878e-01,    8.613729e-01,   -8.869411e-01,   -5.240292e-01,    1.430300e-01,    9.976800e-02,    1.012200e-01,   -1.041800e-02,    3.000000e-02,    3.000000e-02,    3.000000e-02,    3.000000e-02,
      1024,    1.000000e+01,    1.064523e-01,    9.913747e-02,    1.227075e-01,    6.755927e-03,    7.992271e-02,    1.033418e+00,   -4.085824e-01,   -5.000909e-01,    1.088500e-01,    1.301400e-01,    1.104500e-01,   -8.246800e-03,    3.000000e-02,    3.000000e-02,    3.000000e-02,    3.000000e-02,
      1024,    1.584800e+01,    5.841911e-02,    1.010583e-01,    1.191498e-01,    5.022717e-03,   -1.063370e-01,    7.423915e-01,   -1.046584e-01,   -9.358906e-01,    5.522900e-02,    1.233300e-01,    1.160100e-01,   -2.305400e-02,    3.000000e-02,    3.000000e-02,    3.000000e-02,    3.000000e-02,
      1024,    2.511800e+01,    2.133312e-02,    8.759922e-02,    1.183438e-01,    2.776321e-03,   -1.683040e-01,    1.228259e-01,    5.742077e-01,   -1.163577e+00,    1.628400e-02,    9.128400e-02,    1.355700e-01,   -3.213100e-02,    3.000000e-02,    3.000000e-02,    3.000000e-02,    3.000000e-02,
      1024,    3.981000e+01,   -2.164134e-03,    7.202299e-02,    1.192841e-01,    1.690692e-03,   -2.511955e-01,    6.513355e-02,    5.291981e-01,   -1.652856e+00,   -9.700000e-03,    7.397700e-02,    1.351600e-01,   -4.789500e-02,    3.000000e-02,    3.000000e-02,    3.000000e-02,    3.000000e-02,
      1026,    6.309500e+00,    1.363124e-01,    9.092606e-02,   -3.231192e-02,    4.748247e-02,    1.519252e+00,    3.474648e-01,    1.741364e+00,   -1.342292e+00,    1.818900e-01,    1.013500e-01,    1.992900e-02,    7.213700e-03,    3.000000e-02,    3.000000e-02,    3.000000e-02,    3.000000e-02,
      1026,    1.000000e+01,    8.758704e-02,    1.025065e-01,   -5.132281e-02,    1.739249e-02,    1.751765e+00,    2.144485e-01,    1.350627e+00,   -3.247263e-01,    1.401400e-01,    1.089400e-01,   -1.080400e-02,    7.650700e-03,    3.000000e-02,    3.000000e-02,    3.000000e-02,    3.000000e-02,
      1026,    1.584800e+01,    3.948665e-02,    9.181321e-02,   -5.165024e-02,   -1.802709e-02,    1.841160e-02,   -4.465736e-01,    8.183079e-01,    1.247136e+00,    4.003900e-02,    7.841600e-02,   -2.710100e-02,    1.938700e-02,    3.000000e-02,    3.000000e-02,    3.000000e-02,    3.000000e-02,
      1026,    2.511800e+01,    5.414553e-03,    6.384760e-02,   -3.290972e-02,   -4.983483e-02,   -2.412618e-01,    5.524658e-02,    1.191801e+00,    1.511888e+00,   -1.823300e-03,    6.550500e-02,    2.844300e-03,   -4.478200e-03,    3.000000e-02,    3.000000e-02,    3.000000e-02,    3.000000e-02,
      1026,    3.981000e+01,   -7.642773e-03,    3.135446e-02,    2.384976e-03,   -6.852631e-02,    3.302791e-01,    4.757847e-01,    4.696008e-01,    1.896810e+00,    2.265600e-03,    4.562800e-02,    1.647300e-02,   -1.162200e-02,    3.000000e-02,    3.000000e-02,    3.000000e-02,    3.000000e-02,
      1026,    6.309500e+01,   -4.046062e-03,    7.474103e-03,    4.409057e-02,   -6.422427e-02,    1.009202e+00,    4.080966e-01,   -3.575857e-01,    1.663676e+00,    2.623000e-02,    1.971700e-02,    3.336300e-02,   -1.431400e-02,    3.000000e-02,    3.000000e-02,    3.000000e-02,    3.000000e-02,
      1027,    6.309500e+00,    1.220058e-01,    2.009161e-02,    1.466027e-01,    9.814418e-02,   -8.619326e-02,    1.174797e-01,   -9.487557e-01,   -5.346061e-01,    1.194200e-01,    2.361600e-02,    1.181400e-01,    8.210600e-02,    3.000000e-02,    3.000000e-02,    3.000000e-02,    3.000000e-02,
      1027,    1.000000e+01,    1.125859e-01,    4.832321e-02,    1.072838e-01,    1.207932e-01,   -1.808646e-01,   -1.377738e-01,   -8.005265e-01,   -5.307736e-01,    1.071600e-01,    4.419000e-02,    8.326800e-02,    1.048700e-01,    3.000000e-02,    3.000000e-02,    3.000000e-02,    3.000000e-02,
      1027,    1.584800e+01,    9.056472e-02,    7.661469e-02,    5.732053e-02,    1.345350e-01,   -3.273906e-01,   -5.033562e-01,   -1.043284e+00,   -6.224994e-01,    8.074300e-02,    6.151400e-02,    2.602200e-02,    1.158600e-01,    3.000000e-02,    3.000000e-02,    3.000000e-02,    3.000000e-02,
      1027,    2.511800e+01,    5.525562e-02,    9.901022e-02,    2.449441e-03,    1.331207e-01,    2.003126e-01,   -7.034407e-01,   -5.817814e-01,   -2.573581e-01,    6.126500e-02,    7.790700e-02,   -1.500400e-02,    1.254000e-01,    3.000000e-02,    3.000000e-02,    3.000000e-02,    3.000000e-02,
      1027,    3.981000e+01,    1.148720e-02,    1.088920e-01,   -4.632808e-02,    1.160653e-01,    7.502267e-01,   -5.889674e-01,   -5.161308e-01,   -1.121783e-01,    3.399400e-02,    9.122300e-02,   -6.181200e-02,    1.127000e-01,    3.000000e-02,    3.000000e-02,    3.000000e-02,    3.000000e-02,
      1027,    6.309500e+01,   -3.121295e-02,    1.046784e-01,   -8.190354e-02,    9.133943e-02,    1.067597e+00,   -3.118788e-01,   -9.658820e-01,   -9.874778e-02,    8.149700e-04,    9.532200e-02,   -1.108800e-01,    8.837700e-02,    3.000000e-02,    3.000000e-02,    3.000000e-02,    3.000000e-02,
      1028,    6.309500e+00,    7.282158e-02,    1.044100e-02,    7.402741e-02,    1.031839e-01,   -1.948860e-01,    3.683333e-01,   -2.543470e-01,   -9.028295e-01,    6.697500e-02,    2.149100e-02,    6.639700e-02,    7.609900e-02,    3.000000e-02,    3.000000e-02,    3.000000e-02,    3.000000e-02,
      1028,    1.000000e+01,    6.686876e-02,    2.973395e-02,    3.355591e-02,    1.142691e-01,   -3.630588e-01,    2.668466e-03,   -3.669694e-02,   -6.245029e-01,    5.597700e-02,    2.981400e-02,    3.245500e-02,    9.553400e-02,    3.000000e-02,    3.000000e-02,    3.000000e-02,    3.000000e-02,
      1028,    1.584800e+01,    5.151327e-02,    4.864247e-02,   -1.156025e-02,    1.161692e-01,   -4.116758e-01,   -3.323823e-01,    4.710317e-01,   -2.216398e-01,    3.916300e-02,    3.867100e-02,    2.570700e-03,    1.095200e-01,    3.000000e-02,    3.000000e-02,    3.000000e-02,    3.000000e-02,
      1028,    2.511800e+01,    2.651796e-02,    6.179917e-02,   -5.570286e-02,    1.052982e-01,   -2.883189e-02,   -5.757724e-01,    3.845619e-01,    8.105939e-02,    2.565300e-02,    4.452600e-02,   -4.416600e-02,    1.077300e-01,    3.000000e-02,    3.000000e-02,    3.000000e-02,    3.000000e-02,
      1028,    3.981000e+01,   -3.649456e-03,    6.372321e-02,   -8.978943e-02,    8.409490e-02,    4.718819e-01,   -6.468405e-01,    1.890476e-01,    4.629032e-01,    1.050700e-02,    4.431800e-02,   -8.411800e-02,    9.798200e-02,    3.000000e-02,    3.000000e-02,    3.000000e-02,    3.000000e-02,
      1028,    6.309500e+01,   -3.054511e-02,    5.313262e-02,   -1.106794e-01,    6.154685e-02,    8.128138e-01,   -3.184874e-01,   -3.600196e-01,    4.860383e-01,   -6.160700e-03,    4.357800e-02,   -1.214800e-01,    7.612800e-02,    3.000000e-02,    3.000000e-02,    3.000000e-02,    3.000000e-02,
      1029,    6.309500e+00,    7.899960e-02,    6.578766e-02,    1.787049e-02,    5.917884e-02,   -1.848198e-01,    1.693411e+00,   -1.149050e+00,   -6.482947e-01,    7.345500e-02,    1.165900e-01,   -1.660100e-02,    3.973000e-02,    3.000000e-02,    3.000000e-02,    3.000000e-02,    3.000000e-02,
      1029,    1.000000e+01,    4.397972e-02,    6.892523e-02,   -1.000980e-02,    4.667536e-02,   -4.033907e-01,    1.242159e+00,   -3.155732e-01,   -6.837454e-01,    3.187800e-02,    1.061900e-01,   -1.947700e-02,    2.616300e-02,    3.000000e-02,    3.000000e-02,    3.000000e-02,    3.000000e-02,
      1029,    1.584800e+01,    1.697477e-02,    5.752402e-02,   -2.558437e-02,    2.283756e-02,   -8.270091e-01,    9.821327e-01,   -1.376545e-01,   -4.329585e-01,   -7.835500e-03,    8.698800e-02,   -2.971400e-02,    9.848800e-03,    3.000000e-02,    3.000000e-02,    3.000000e-02,    3.000000e-02,
      1029,    2.511800e+01,    3.319317e-03,    4.415879e-02,   -2.410089e-02,   -4.763183e-04,   -1.702911e+00,    2.047403e-01,   -6.310369e-01,    1.955073e-01,   -4.776800e-02,    5.030100e-02,   -4.303200e-02,    5.388900e-03,    3.000000e-02,    3.000000e-02,    3.000000e-02,    3.000000e-02,
      1030,    6.309500e+00,    2.268973e-02,    8.664541e-02,    2.982998e-02,   -1.283226e-02,    2.120342e+00,   -1.286447e+00,    3.763001e+00,    3.263309e+00,    8.630000e-02,    4.805200e-02,    1.427200e-01,    8.506700e-02,    3.000000e-02,    3.000000e-02,    3.000000e-02,    3.000000e-02,
      1030,    3.981000e+01,   -1.340148e-01,    2.955456e-02,    1.130257e-01,   -5.558591e-02,    2.474095e+00,    1.219248e+00,   -9.225231e-01,    1.819160e+00,   -5.979200e-02,    6.613200e-02,    8.535000e-02,   -1.011100e-03,    3.000000e-02,    3.000000e-02,    3.000000e-02,    3.000000e-02,
      1030,    6.309500e+01,   -1.282069e-01,   -6.896538e-03,    1.363774e-01,   -3.070460e-02,    1.678564e+00,    1.607218e+00,   -1.315781e+00,    1.065227e+00,   -7.785000e-02,    4.132000e-02,    9.690400e-02,    1.252200e-03,    3.000000e-02,    3.000000e-02,    3.000000e-02,    3.000000e-02,
      1031,    2.511800e+01,    5.202568e-03,    6.338538e-02,    2.529024e-03,   -1.727774e-02,   -1.795619e+00,   -5.129128e-01,    1.876921e-02,    1.549558e+00,   -4.866600e-02,    4.799800e-02,    3.092100e-03,    2.920900e-02,    3.000000e-02,    3.000000e-02,    3.000000e-02,    3.000000e-02,
      1031,    3.981000e+01,   -1.311140e-02,    5.563695e-02,    1.909507e-02,   -2.521317e-02,   -1.086287e+00,   -3.871651e-01,   -4.343592e-01,    1.672906e+00,   -4.570000e-02,    4.402200e-02,    6.064300e-03,    2.497400e-02,    3.000000e-02,    3.000000e-02,    3.000000e-02,    3.000000e-02,
      1031,    6.309500e+01,   -3.170500e-02,    4.690263e-02,    3.184985e-02,   -2.344698e-02,   -3.100333e-01,   -3.057876e-01,   -7.026951e-01,    1.390599e+00,   -4.100600e-02,    3.772900e-02,    1.076900e-02,    1.827100e-02,    3.000000e-02,    3.000000e-02,    3.000000e-02,    3.000000e-02,
      1032,    6.309500e+00,    2.350588e-01,    6.131852e-02,    1.469966e-02,    4.962212e-02,    1.690373e+00,    1.884716e+00,    1.071145e+00,   -1.634531e+00,    2.857700e-01,    1.178600e-01,    4.683400e-02,    5.861900e-04,    3.000000e-02,    3.000000e-02,    3.000000e-02,    3.000000e-02,
      1032,    1.000000e+01,    1.997400e-01,    8.904570e-02,   -1.017274e-02,    3.734784e-02,    6.260333e+00,    3.306477e+00,    1.232348e-01,   -2.030028e+00,    3.875500e-01,    1.882400e-01,   -6.475700e-03,   -2.355300e-02,    3.000000e-02,    3.000000e-02,    3.000000e-02,    3.000000e-02,
      1032,    1.584800e+01,    1.572564e-01,    1.001850e-01,   -2.262167e-02,    1.363746e-02,    6.975119e+00,    2.109166e+00,    8.238322e-01,   -1.567582e+00,    3.665100e-01,    1.634600e-01,    2.093300e-03,   -3.339000e-02,    3.000000e-02,    3.000000e-02,    3.000000e-02,    3.000000e-02,
      1032,    2.511800e+01,    1.185774e-01,    9.823078e-02,   -1.792014e-02,   -9.415590e-03,    6.446420e+00,    1.659641e+00,    1.546971e+00,   -1.257814e+00,    3.119700e-01,    1.480200e-01,    2.848900e-02,   -4.715000e-02,    3.000000e-02,    3.000000e-02,    3.000000e-02,    3.000000e-02,
      1032,    3.981000e+01,    8.682741e-02,    9.204966e-02,   -2.061942e-03,   -2.190576e-02,    2.557420e+00,    1.108678e+00,    1.954831e+00,   -8.499079e-01,    1.635500e-01,    1.253100e-01,    5.658300e-02,   -4.740300e-02,    3.000000e-02,    3.000000e-02,    3.000000e-02,    3.000000e-02,
      1032,    6.309500e+01,    5.769552e-02,    8.542107e-02,    1.616510e-02,   -2.124942e-02,   -2.519484e+00,   -2.081936e+00,    1.437302e-01,   -5.925859e-01,   -1.788900e-02,    2.296300e-02,    2.047700e-02,   -3.902700e-02,    3.000000e-02,    3.000000e-02,    3.000000e-02,    3.000000e-02,
      1033,    6.309500e+00,   -1.800707e-01,    1.651239e-02,   -7.767086e-02,    7.247315e-02,   -5.456434e-01,   -2.731896e-01,    7.550286e-01,   -9.950717e-01,   -1.964400e-01,    8.316700e-03,   -5.502000e-02,    4.262100e-02,    3.000000e-02,    3.000000e-02,    3.000000e-02,    3.000000e-02,
      1033,    1.000000e+01,   -1.652128e-01,   -3.537011e-02,   -9.408471e-02,    4.083970e-02,   -6.852415e-01,   -7.759618e-02,    9.549237e-01,   -6.633233e-01,   -1.857700e-01,   -3.769800e-02,   -6.543700e-02,    2.094000e-02,    3.000000e-02,    3.000000e-02,    3.000000e-02,    3.000000e-02,
      1033,    1.584800e+01,   -1.235420e-01,   -5.393104e-02,   -9.537521e-02,    1.934692e-02,   -7.899346e-01,   -1.363987e-01,    5.843736e-01,   -3.226605e-01,   -1.472400e-01,   -5.802300e-02,   -7.784400e-02,    9.667100e-03,    3.000000e-02,    3.000000e-02,    3.000000e-02,    3.000000e-02,
      1033,    2.511800e+01,   -9.290154e-02,   -4.213575e-02,   -9.412939e-02,    5.591650e-03,   -6.729486e-01,   -4.353085e-01,    3.360132e-01,   -3.365350e-01,   -1.130900e-01,   -5.519500e-02,   -8.404900e-02,   -4.504400e-03,    3.000000e-02,    3.000000e-02,    3.000000e-02,    3.000000e-02,
      1033,    6.309500e+01,   -7.758187e-02,   -1.517828e-02,   -8.320333e-02,   -1.186116e-02,   -7.882711e-01,   -6.670241e-01,   -3.339889e-01,   -1.796125e-02,   -1.012300e-01,   -3.518900e-02,   -9.322300e-02,   -1.240000e-02,    3.000000e-02,    3.000000e-02,    3.000000e-02,    3.000000e-02,
      1034,    6.309500e+00,   -1.190201e-01,    1.318416e-01,   -7.478196e-02,    1.636910e-01,   -7.633288e-01,    6.561408e-02,   -2.634601e+00,   -1.785367e+00,   -1.419200e-01,    1.338100e-01,   -1.538200e-01,    1.101300e-01,    3.000000e-02,    3.000000e-02,    3.000000e-02,    3.000000e-02,
      1034,    1.000000e+01,   -1.859167e-01,    1.102797e-01,   -1.488673e-01,    1.507314e-01,   -4.441096e-01,   -8.298907e-02,   -1.543758e+00,   -1.373379e+00,   -1.992400e-01,    1.077900e-01,   -1.951800e-01,    1.095300e-01,    3.000000e-02,    3.000000e-02,    3.000000e-02,    3.000000e-02,
      1034,    1.584800e+01,   -2.334581e-01,    5.793293e-02,   -2.121457e-01,    1.094050e-01,   -1.793963e-01,   -2.439976e-01,   -1.044810e+00,   -1.150935e+00,   -2.388400e-01,    5.061300e-02,   -2.434900e-01,    7.487700e-02,    3.000000e-02,    3.000000e-02,    3.000000e-02,    3.000000e-02,
      1034,    2.511800e+01,   -2.457865e-01,   -9.911159e-03,   -2.497182e-01,    4.656146e-02,   -3.737844e-01,   -3.854280e-01,   -1.110394e+00,   -8.838154e-01,   -2.570000e-01,   -2.147400e-02,   -2.830300e-01,    2.004700e-02,    3.000000e-02,    3.000000e-02,    3.000000e-02,    3.000000e-02,
      1034,    3.981000e+01,   -2.209919e-01,   -7.184830e-02,   -2.524186e-01,   -2.371823e-02,   -7.262689e-01,   -9.079567e-01,   -7.833809e-01,   -5.891590e-01,   -2.427800e-01,   -9.908700e-02,   -2.759200e-01,   -4.139300e-02,    3.000000e-02,    3.000000e-02,    3.000000e-02,    3.000000e-02,
      1034,    6.309500e+01,   -1.714507e-01,   -1.121724e-01,   -2.217145e-01,   -8.454567e-02,   -7.773116e-01,   -1.849588e+00,   -5.668511e-01,   -9.448111e-01,   -1.947700e-01,   -1.676600e-01,   -2.387200e-01,   -1.128900e-01,    3.000000e-02,    3.000000e-02,    3.000000e-02,    3.000000e-02,
      1035,    6.309500e+00,    1.391259e-02,    7.339227e-02,    1.049602e-01,   -1.311833e-02,    6.738030e-02,    2.232591e+00,    1.055660e+00,    8.028776e-01,    1.593400e-02,    1.403700e-01,    1.366300e-01,    1.096800e-02,    3.000000e-02,    3.000000e-02,    3.000000e-02,    3.000000e-02,
      1035,    1.000000e+01,   -2.342789e-02,    7.024038e-02,    1.107097e-01,   -2.790288e-02,   -2.091038e-01,    9.554541e-01,    3.006782e-01,    6.468661e-01,   -2.970100e-02,    9.890400e-02,    1.197300e-01,   -8.496900e-03,    3.000000e-02,    3.000000e-02,    3.000000e-02,    3.000000e-02,
      1035,    1.584800e+01,   -5.115454e-02,    5.304887e-02,    1.313579e-01,   -3.906312e-02,   -3.947821e-01,    4.705044e-01,   -2.419290e-01,    5.758374e-01,   -6.299800e-02,    6.716400e-02,    1.241000e-01,   -2.178800e-02,    3.000000e-02,    3.000000e-02,    3.000000e-02,    3.000000e-02,
      1035,    2.511800e+01,   -6.641673e-02,    3.182574e-02,    1.610273e-01,   -3.264639e-02,   -4.091090e-01,    1.165419e-01,   -7.565763e-01,    1.753131e-01,   -7.869000e-02,    3.532200e-02,    1.383300e-01,   -2.738700e-02,    3.000000e-02,    3.000000e-02,    3.000000e-02,    3.000000e-02,
      1035,    3.981000e+01,   -7.254471e-02,    1.118036e-02,    1.831156e-01,   -3.223191e-03,   -8.915762e-01,   -2.903419e-01,   -1.052521e+00,   -6.322270e-01,   -9.929200e-02,    2.470100e-03,    1.515400e-01,   -2.219000e-02,    3.000000e-02,    3.000000e-02,    3.000000e-02,    3.000000e-02,
      1036,    6.309500e+00,    2.928532e-01,    5.430488e-02,    1.693816e-01,   -2.517952e-02,    1.058228e+00,   -1.593293e-01,    8.072815e-01,    2.175851e+00,    3.246000e-01,    4.952500e-02,    1.936000e-01,    4.009600e-02,    3.000000e-02,    3.000000e-02,    3.000000e-02,    3.000000e-02,
      1036,    1.000000e+01,    2.684315e-01,    1.079206e-01,    1.756259e-01,   -2.450901e-02,    7.429498e-01,   -9.519858e-01,    6.874712e-01,    2.185467e+00,    2.907200e-01,    7.936100e-02,    1.962500e-01,    4.105500e-02,    3.000000e-02,    3.000000e-02,    3.000000e-02,    3.000000e-02,
      1036,    1.584800e+01,    2.177622e-01,    1.573240e-01,    1.876722e-01,   -2.379568e-02,    2.391262e+00,   -3.454657e-01,    4.512598e-01,    2.981489e+00,    2.895000e-01,    1.469600e-01,    2.012100e-01,    6.564900e-02,    3.000000e-02,    3.000000e-02,    3.000000e-02,    3.000000e-02,
      1036,    2.511800e+01,    1.437872e-01,    1.893622e-01,    2.018893e-01,   -1.339212e-02,    3.889427e+00,    2.286594e+00,   -1.386439e-01,    3.897071e+00,    2.604700e-01,    2.579600e-01,    1.977300e-01,    1.035200e-01,    3.000000e-02,    3.000000e-02,    3.000000e-02,    3.000000e-02,
      1036,    3.981000e+01,    6.003164e-02,    1.933143e-01,    2.077337e-01,    6.136063e-03,    3.239279e+00,    4.012189e+00,   -8.612494e-02,    2.056598e+00,    1.572100e-01,    3.136800e-01,    2.051500e-01,    6.783400e-02,    3.000000e-02,    3.000000e-02,    3.000000e-02,    3.000000e-02,
      1036,    6.309500e+01,   -1.433995e-02,    1.699556e-01,    2.015992e-01,    2.741679e-02,   -9.626350e-01,    5.023147e+00,    3.420266e-01,   -4.585596e-01,   -4.321900e-02,    3.206500e-01,    2.118600e-01,    1.366000e-02,    3.000000e-02,    3.000000e-02,    3.000000e-02,    3.000000e-02,
      1037,    6.309500e+01,   -3.603405e-02,    7.625693e-02,   -2.894957e-01,   -2.569355e-02,   -1.356198e+00,   -2.278854e+00,   -2.076811e+00,   -7.224548e+00,   -7.672000e-02,    7.891300e-03,   -3.518000e-01,   -2.424300e-01,    3.000000e-02,    3.000000e-02,    3.000000e-02,    3.000000e-02,
      1038,    6.309500e+00,    1.012082e-01,    8.559483e-02,   -5.331906e-02,    2.127768e-02,    2.982061e+00,    2.170506e+00,   -7.477979e-01,    2.916411e+00,    1.906700e-01,    1.507100e-01,   -7.575300e-02,    1.087700e-01,    3.000000e-02,    3.000000e-02,    3.000000e-02,    3.000000e-02,
      1038,    1.000000e+01,    5.311291e-02,    1.057391e-01,   -5.576666e-02,    9.747037e-03,    1.667903e+00,    1.982363e+00,   -1.966445e+00,    8.489321e-01,    1.031500e-01,    1.652100e-01,   -1.147600e-01,    3.521500e-02,    3.000000e-02,    3.000000e-02,    3.000000e-02,    3.000000e-02,
      1038,    1.584800e+01,   -3.209283e-03,    1.012210e-01,   -5.393408e-02,    1.647083e-03,    7.485761e-01,    2.594966e+00,   -2.358864e+00,   -1.588736e+00,    1.924800e-02,    1.790700e-01,   -1.247000e-01,   -4.601500e-02,    3.000000e-02,    3.000000e-02,    3.000000e-02,    3.000000e-02,
      1038,    2.511800e+01,   -4.882475e-02,    6.777791e-02,   -4.983055e-02,   -2.303600e-03,    8.021915e-01,    2.379070e+00,   -8.619483e-01,   -3.144180e+00,   -2.475900e-02,    1.391500e-01,   -7.568900e-02,   -9.662900e-02,    3.000000e-02,    3.000000e-02,    3.000000e-02,    3.000000e-02,
      1038,    3.981000e+01,   -6.297744e-02,    1.928689e-02,   -4.729917e-02,   -1.053280e-03,    1.379147e-01,   -6.057230e+00,   -4.990611e-01,   -3.703891e+00,   -5.884000e-02,   -1.624300e-01,   -6.227100e-02,   -1.121700e-01,    3.000000e-02,    3.000000e-02,    3.000000e-02,    3.000000e-02,
      1039,    6.309500e+00,    1.971823e-01,    2.605793e-03,    4.095224e-01,    3.805301e-02,    9.262567e-01,   -7.059642e-02,    9.915866e-01,    2.006100e+00,    2.249700e-01,    4.879000e-04,    4.392700e-01,    9.823600e-02,    3.000000e-02,    3.000000e-02,    3.000000e-02,    3.000000e-02,
      1039,    1.000000e+01,    1.899325e-01,    2.156387e-02,    3.965996e-01,    9.443495e-02,    1.112585e+00,    2.624043e-01,   -3.679867e-01,    1.622168e+00,    2.233100e-01,    2.943600e-02,    3.855600e-01,    1.431000e-01,    3.000000e-02,    3.000000e-02,    3.000000e-02,    3.000000e-02,
      1039,    1.584800e+01,    1.772885e-01,    3.693575e-02,    3.530538e-01,    1.537157e-01,    8.110499e-01,    1.085175e+00,   -1.274793e+00,    5.168100e-01,    2.016200e-01,    6.949100e-02,    3.148100e-01,    1.692200e-01,    3.000000e-02,    3.000000e-02,    3.000000e-02,    3.000000e-02,
      1039,    2.511800e+01,    1.606350e-01,    4.794869e-02,    2.778573e-01,    1.983854e-01,    5.658332e-01,    1.394110e+00,   -7.732449e-01,   -1.815974e-04,    1.776100e-01,    8.977200e-02,    2.546600e-01,    1.983800e-01,    3.000000e-02,    3.000000e-02,    3.000000e-02,    3.000000e-02,
      1039,    3.981000e+01,    1.433707e-01,    5.511975e-02,    1.846976e-01,    2.108174e-01,    9.197605e-02,    1.193575e+00,   -1.162548e-01,   -4.562458e-01,    1.461300e-01,    9.092700e-02,    1.812100e-01,    1.971300e-01,    3.000000e-02,    3.000000e-02,    3.000000e-02,    3.000000e-02,
      1039,    6.309500e+01,    1.266740e-01,    6.254922e-02,    9.948329e-02,    1.878423e-01,   -2.811318e-01,    8.171927e-01,    8.722370e-02,   -5.337428e-01,    1.182400e-01,    8.706500e-02,    1.021000e-01,    1.718300e-01,    3.000000e-02,    3.000000e-02,    3.000000e-02,    3.000000e-02,
      1040,    6.309500e+00,    1.108159e-01,    9.584059e-02,   -3.538538e-01,   -4.845858e-02,   -1.846163e+00,    2.349802e-01,    9.657937e-01,   -1.918714e+00,    5.543100e-02,    1.028900e-01,   -3.248800e-01,   -1.060200e-01,    3.000000e-02,    3.000000e-02,    3.000000e-02,    3.000000e-02,
      1040,    1.000000e+01,    5.586987e-02,    1.188180e-01,   -3.062544e-01,   -1.363694e-01,   -1.113496e+00,   -5.309333e-01,    1.091482e+00,   -7.570186e-01,    2.246500e-02,    1.028900e-01,   -2.735100e-01,   -1.590800e-01,    3.000000e-02,    3.000000e-02,    3.000000e-02,    3.000000e-02,
      1040,    1.584800e+01,   -1.735224e-04,    1.139063e-01,   -2.266545e-01,   -1.877726e-01,   -3.291493e-01,   -7.990104e-01,    3.441503e-01,   -2.475802e-01,   -1.004800e-02,    8.993600e-02,   -2.163300e-01,   -1.952000e-01,    3.000000e-02,    3.000000e-02,    3.000000e-02,    3.000000e-02,
      1040,    2.511800e+01,   -4.114048e-02,    9.168016e-02,   -1.417680e-01,   -2.088211e-01,    1.965493e-01,   -3.894386e-01,    2.760070e-02,    3.770466e-02,   -3.524400e-02,    7.999700e-02,   -1.409400e-01,   -2.076900e-01,    3.000000e-02,    3.000000e-02,    3.000000e-02,    3.000000e-02,
      1040,    3.981000e+01,   -6.325139e-02,    6.662736e-02,   -5.777762e-02,   -2.097768e-01,    2.834796e-01,    1.603547e-01,    5.615207e-01,    1.568922e-01,   -5.474700e-02,    7.143800e-02,   -4.093200e-02,   -2.050700e-01,    3.000000e-02,    3.000000e-02,    3.000000e-02,    3.000000e-02,
      1040,    6.309500e+01,   -7.303794e-02,    5.023214e-02,    2.171872e-02,   -1.906136e-01,    1.003121e-02,    6.967954e-01,    6.184428e-01,    1.054543e-01,   -7.273700e-02,    7.113600e-02,    4.027200e-02,   -1.874500e-01,    3.000000e-02,    3.000000e-02,    3.000000e-02,    3.000000e-02,
      1041,    6.309500e+00,    7.960577e-02,    5.893133e-02,   -9.026691e-03,   -5.778945e-02,    2.597744e-01,    9.548224e-01,    1.726723e+00,    8.836817e-01,    8.739900e-02,    8.757600e-02,    4.277500e-02,   -3.127900e-02,    3.000000e-02,    3.000000e-02,    3.000000e-02,    3.000000e-02,
      1041,    1.000000e+01,    5.414695e-02,    4.767367e-02,    2.773967e-02,   -8.006974e-02,    7.690018e-01,    7.919109e-01,    9.233442e-01,    1.902325e+00,    7.721700e-02,    7.143100e-02,    5.544000e-02,   -2.300000e-02,    3.000000e-02,    3.000000e-02,    3.000000e-02,    3.000000e-02,
      1041,    1.584800e+01,    4.021433e-02,    3.167625e-02,    6.819973e-02,   -7.921936e-02,    4.607891e-01,    3.498915e-01,   -4.375243e-01,    1.631445e+00,    5.403800e-02,    4.217300e-02,    5.507400e-02,   -3.027600e-02,    3.000000e-02,    3.000000e-02,    3.000000e-02,    3.000000e-02,
      1041,    2.511800e+01,    3.543376e-02,    1.751527e-02,    9.559508e-02,   -6.523998e-02,    1.602081e-01,   -1.441091e-01,   -8.551692e-01,    6.861659e-01,    4.024000e-02,    1.319200e-02,    6.994000e-02,   -4.465500e-02,    3.000000e-02,    3.000000e-02,    3.000000e-02,    3.000000e-02,
      1041,    3.981000e+01,    3.565468e-02,    8.540559e-03,    1.102096e-01,   -5.337460e-02,    2.986440e-01,   -5.237153e-01,   -3.575875e-01,   -1.880465e-01,    4.461400e-02,   -7.170900e-03,    9.948200e-02,   -5.901600e-02,    3.000000e-02,    3.000000e-02,    3.000000e-02,    3.000000e-02,
      1041,    6.309500e+01,    3.559289e-02,    3.241036e-03,    1.220266e-01,   -4.888630e-02,    7.019705e-01,   -6.804679e-01,    1.062781e+00,   -5.687566e-01,    5.665200e-02,   -1.717300e-02,    1.539100e-01,   -6.594900e-02,    3.000000e-02,    3.000000e-02,    3.000000e-02,    3.000000e-02,
      1042,    6.309500e+00,    1.145656e-01,    8.713917e-02,   -2.977462e-02,    2.679173e-03,   -5.055870e-01,   -2.310558e-02,    1.633854e+00,    4.350942e-01,    9.939800e-02,    8.644600e-02,    1.924100e-02,    1.573200e-02,    3.000000e-02,    3.000000e-02,    3.000000e-02,    3.000000e-02,
      1042,    1.000000e+01,    6.947261e-02,    8.930734e-02,   -1.865267e-02,   -1.385053e-02,   -8.588714e-02,   -1.946114e-01,    1.265289e+00,    9.528178e-01,    6.689600e-02,    8.346900e-02,    1.930600e-02,    1.473400e-02,    3.000000e-02,    3.000000e-02,    3.000000e-02,    3.000000e-02,
      1042,    1.584800e+01,    3.019742e-02,    7.166768e-02,   -2.073500e-03,   -1.461667e-02,    2.804860e-01,   -2.367894e-01,    9.245167e-01,    9.077558e-01,    3.861200e-02,    6.456400e-02,    2.566200e-02,    1.261600e-02,    3.000000e-02,    3.000000e-02,    3.000000e-02,    3.000000e-02,
      1042,    2.511800e+01,    9.713371e-03,    4.137056e-02,    5.862611e-03,   -3.656307e-03,   -1.779290e-01,    4.059145e-01,    6.221796e-01,    4.543736e-01,    4.375500e-03,    5.354800e-02,    2.452800e-02,    9.974900e-03,    3.000000e-02,    3.000000e-02,    3.000000e-02,    3.000000e-02,
      1042,    3.981000e+01,    1.233263e-02,    1.668571e-02,    1.164153e-03,    6.829799e-03,   -4.572143e-01,    5.116764e-01,    4.141616e-01,    9.615671e-02,   -1.383800e-03,    3.203600e-02,    1.358900e-02,    9.714500e-03,    3.000000e-02,    3.000000e-02,    3.000000e-02,    3.000000e-02,
      1042,    6.309500e+01,    2.347111e-02,    1.207965e-02,   -9.675771e-03,    7.433959e-03,   -9.715105e-01,    2.844451e-01,    4.051590e-01,   -1.151886e-01,   -5.674200e-03,    2.061300e-02,    2.479000e-03,    3.978300e-03,    3.000000e-02,    3.000000e-02,    3.000000e-02,    3.000000e-02,
      1043,    6.309500e+00,    2.676342e-03,   -2.925475e-02,   -4.379245e-02,    2.724914e-02,   -8.397114e-01,   -1.295084e-01,    8.091482e-01,    6.138286e-01,   -2.251500e-02,   -3.314000e-02,   -1.951800e-02,    4.566400e-02,    3.000000e-02,    3.000000e-02,    3.000000e-02,    3.000000e-02,
      1043,    1.000000e+01,    2.023812e-02,   -5.661076e-02,   -5.427373e-02,   -1.204874e-03,   -4.178141e-01,   -2.459747e-01,    2.696912e-01,    1.233996e+00,    7.703700e-03,   -6.399000e-02,   -4.618300e-02,    3.581500e-02,    3.000000e-02,    3.000000e-02,    3.000000e-02,    3.000000e-02,
      1043,    1.584800e+01,    5.191646e-02,   -7.013578e-02,   -4.711898e-02,   -3.295198e-02,    3.395130e-02,   -6.168073e-01,    1.834993e-01,    9.948961e-01,    5.293500e-02,   -8.864000e-02,   -4.161400e-02,   -3.105100e-03,    3.000000e-02,    3.000000e-02,    3.000000e-02,    3.000000e-02,
      1043,    2.511800e+01,    8.456891e-02,   -6.945672e-02,   -2.250708e-02,   -5.689503e-02,    2.250296e-02,   -5.215758e-01,   -8.473974e-01,    3.384343e-01,    8.524400e-02,   -8.510400e-02,   -4.792900e-02,   -4.674200e-02,    3.000000e-02,    3.000000e-02,    3.000000e-02,    3.000000e-02,
      1043,    3.981000e+01,    1.134700e-01,   -5.894236e-02,    9.690500e-03,   -6.517194e-02,    1.286674e-01,   -5.061212e-01,   -8.868500e-01,   -4.841686e-01,    1.173300e-01,   -7.412600e-02,   -1.691500e-02,   -7.969700e-02,    3.000000e-02,    3.000000e-02,    3.000000e-02,    3.000000e-02,
      1043,    6.309500e+01,    1.363364e-01,   -3.987900e-02,    3.906443e-02,   -6.024784e-02,    5.157865e-01,   -2.957000e-01,   -2.029143e-01,   -7.746387e-01,    1.518100e-01,   -4.875000e-02,    3.297700e-02,   -8.348700e-02,    3.000000e-02,    3.000000e-02,    3.000000e-02,    3.000000e-02,
      1044,    6.309500e+00,    2.163597e-01,    7.231133e-02,    4.808721e-02,    2.364166e-02,    1.800343e+00,   -8.540776e-01,    3.268426e+00,   -1.244886e-01,    2.703700e-01,    4.668900e-02,    1.461400e-01,    1.990700e-02,    3.000000e-02,    3.000000e-02,    3.000000e-02,    3.000000e-02,
      1044,    1.000000e+01,    1.800549e-01,    1.143667e-01,    4.486194e-02,    1.531688e-02,    2.264838e+00,   -1.888888e-01,    2.636269e+00,    9.010705e-01,    2.480000e-01,    1.087000e-01,    1.239500e-01,    4.234900e-02,    3.000000e-02,    3.000000e-02,    3.000000e-02,    3.000000e-02,
      1044,    1.584800e+01,    1.256266e-01,    1.446020e-01,    4.541478e-02,    1.284991e-02,    2.732446e+00,    2.572682e-01,    1.782474e+00,    1.554403e+00,    2.076000e-01,    1.523200e-01,    9.888900e-02,    5.948200e-02,    3.000000e-02,    3.000000e-02,    3.000000e-02,    3.000000e-02,
      1044,    2.511800e+01,    6.032213e-02,    1.552675e-01,    4.417945e-02,    1.463199e-02,    3.411262e+00,   -6.582662e-03,    1.333752e+00,    1.542300e+00,    1.626600e-01,    1.550700e-01,    8.419200e-02,    6.090100e-02,    3.000000e-02,    3.000000e-02,    3.000000e-02,    3.000000e-02,
      1044,    3.981000e+01,   -2.945121e-03,    1.434700e-01,    4.128120e-02,    1.718614e-02,    3.306137e+00,    6.899944e-02,    8.441267e-01,    1.347929e+00,    9.623900e-02,    1.455400e-01,    6.660500e-02,    5.762400e-02,    3.000000e-02,    3.000000e-02,    3.000000e-02,    3.000000e-02,
      1044,    6.309500e+01,   -5.116427e-02,    1.153279e-01,    3.912159e-02,    2.121173e-02,    1.562592e+00,    4.907366e-01,    2.201368e-02,    1.083276e+00,   -4.286500e-03,    1.300500e-01,    3.978200e-02,    5.371000e-02,    3.000000e-02,    3.000000e-02,    3.000000e-02,    3.000000e-02,
      1045,    6.309500e+00,    1.453781e-01,    5.002484e-03,    3.855701e-03,    1.547059e-01,   -3.559364e-01,   -3.764028e-01,   -8.628900e-01,    2.014710e-01,    1.347000e-01,   -6.289600e-03,   -2.203100e-02,    1.607500e-01,    3.000000e-02,    3.000000e-02,    3.000000e-02,    3.000000e-02,
      1045,    1.000000e+01,    1.415566e-01,    3.278103e-02,   -5.525541e-02,    1.746124e-01,   -3.095540e-01,   -7.052344e-01,   -8.417198e-01,    7.592036e-02,    1.322700e-01,    1.162400e-02,   -8.050700e-02,    1.768900e-01,    3.000000e-02,    3.000000e-02,    3.000000e-02,    3.000000e-02,
      1045,    1.584800e+01,    1.245079e-01,    6.153713e-02,   -1.240873e-01,    1.825270e-01,   -2.432630e-01,   -1.114971e+00,   -9.404227e-01,   -1.729014e-01,    1.172100e-01,    2.808800e-02,   -1.523000e-01,    1.773400e-01,    3.000000e-02,    3.000000e-02,    3.000000e-02,    3.000000e-02,
      1045,    2.511800e+01,    9.347490e-02,    8.428347e-02,   -1.957840e-01,    1.713578e-01,    3.088367e-01,   -1.350816e+00,   -7.932016e-01,   -5.315929e-01,    1.027400e-01,    4.375900e-02,   -2.195800e-01,    1.554100e-01,    3.000000e-02,    3.000000e-02,    3.000000e-02,    3.000000e-02,
      1045,    3.981000e+01,    5.414726e-02,    9.404093e-02,   -2.572148e-01,    1.407440e-01,    5.012912e-01,   -1.391331e+00,   -1.611724e-01,   -1.881341e-01,    6.918600e-02,    5.230100e-02,   -2.620500e-01,    1.351000e-01,    3.000000e-02,    3.000000e-02,    3.000000e-02,    3.000000e-02,
      1045,    6.309500e+01,    1.671872e-02,    8.998772e-02,   -2.999260e-01,    9.974400e-02,   -7.375737e-02,   -7.711241e-01,   -2.774673e-01,   -5.616664e-02,    1.450600e-02,    6.685400e-02,   -3.082500e-01,    9.805900e-02,    3.000000e-02,    3.000000e-02,    3.000000e-02,    3.000000e-02,
      1046,    6.309500e+00,   -7.762575e-02,    9.939392e-03,    1.649385e-01,    9.482916e-02,    6.058351e-03,    1.578120e+00,   -3.452846e-01,   -1.274039e+00,   -7.744400e-02,    5.728300e-02,    1.545800e-01,    5.660800e-02,    3.000000e-02,    3.000000e-02,    3.000000e-02,    3.000000e-02,
      1046,    1.000000e+01,   -8.949835e-02,    7.073650e-03,    1.253959e-01,    1.175342e-01,    3.894784e-01,    2.799117e-01,   -6.198633e-01,   -3.580524e-02,   -7.781400e-02,    1.547100e-02,    1.068000e-01,    1.164600e-01,    3.000000e-02,    3.000000e-02,    3.000000e-02,    3.000000e-02,
      1046,    1.584800e+01,   -9.893006e-02,   -6.639277e-03,    7.652994e-02,    1.288015e-01,    6.443020e-01,   -4.384409e-02,   -7.887645e-01,   -5.117159e-01,   -7.960100e-02,   -7.954600e-03,    5.286700e-02,    1.134500e-01,    3.000000e-02,    3.000000e-02,    3.000000e-02,    3.000000e-02,
      1046,    2.511800e+01,   -9.792838e-02,   -2.918923e-02,    2.724429e-02,    1.263165e-01,    9.052460e-01,    2.605077e-01,   -7.389531e-01,   -7.322170e-01,   -7.077100e-02,   -2.137400e-02,    5.075700e-03,    1.043500e-01,    3.000000e-02,    3.000000e-02,    3.000000e-02,    3.000000e-02,
      1046,    3.981000e+01,   -8.128155e-02,   -5.277488e-02,   -1.555411e-02,    1.147509e-01,    6.939850e-01,    6.804627e-01,   -3.287631e-01,   -7.825621e-01,   -6.046200e-02,   -3.236100e-02,   -2.541700e-02,    9.127400e-02,    3.000000e-02,    3.000000e-02,    3.000000e-02,    3.000000e-02,
      1046,    6.309500e+01,   -5.041795e-02,   -6.646434e-02,   -5.140027e-02,    9.927506e-02,    3.755317e-01,    8.899781e-01,    4.010901e-02,   -4.820020e-01,   -3.915200e-02,   -3.976500e-02,   -5.019700e-02,    8.481500e-02,    3.000000e-02,    3.000000e-02,    3.000000e-02,    3.000000e-02,
