MT,
     StaID,        Freq[Hz],     Re(Zxx)_Cal,     Im(Zxx)_Cal,     Re(Zxy)_Cal,     Im(Zxy)_Cal,     Re(Zyx)_Cal,     Im(Zyx)_Cal,     Re(Zyy)_Cal,     Im(Zyy)_Cal,     Re(Zxx)_Res,     Im(Zxx)_Res,     Re(Zxy)_Res,     Im(Zxy)_Res,     Re(Zyx)_Res,     Im(Zyx)_Res,     Re(Zyy)_Res,     Im(Zyy)_Res,     Re(Zxx)_Obs,     Im(Zxx)_Obs,     Re(Zxy)_Obs,     Im(Zxy)_Obs,     Re(Zyx)_Obs,     Im(Zyx)_Obs,     Re(Zyy)_Obs,     Im(Zyy)_Obs,      Re(Zxx)_SD,      Im(Zxx)_SD,      Re(Zxy)_SD,      Im(Zxy)_SD,      Re(Zyx)_SD,      Im(Zyx)_SD,      Re(Zyy)_SD,      Im(Zyy)_SD,
         1,    2.511800e+01,   -1.652545e-02,    3.864603e-04,    7.380618e-02,   -5.607393e-02,   -1.109937e-01,    6.862815e-02,    2.045261e-02,   -6.392147e-03,    1.478578e+00,   -6.277589e-01,   -4.203180e+00,    2.624791e+00,    4.891605e+00,   -2.628976e+00,    2.251870e+00,   -1.692219e+00,   -1.041700e-02,   -2.207000e-03,    5.551100e-02,   -4.464900e-02,   -8.970200e-02,    5.718500e-02,    4.561500e-02,   -2.530100e-02,    4.131300e-03,    4.131300e-03,    4.352700e-03,    4.352700e-03,    4.352700e-03,    4.352700e-03,    1.117400e-02,    1.117400e-02,
         1,    3.981000e+01,   -1.785430e-02,    3.701840e-03,    8.462081e-02,   -7.401292e-02,   -1.279924e-01,    8.982990e-02,    2.351327e-02,   -7.409889e-03,    2.019967e+00,   -5.353626e-01,   -4.391370e+00,    3.850596e+00,    5.049739e+00,   -3.776882e+00,    2.105325e+00,   -1.618917e+00,   -9.366600e-03,    1.452300e-03,    6.233900e-02,   -5.447500e-02,   -1.023700e-01,    7.066600e-02,    5.021300e-02,   -2.794100e-02,    4.201900e-03,    4.201900e-03,    5.074000e-03,    5.074000e-03,    5.074000e-03,    5.074000e-03,    1.268200e-02,    1.268200e-02,
         1,    6.309500e+01,   -2.113360e-02,    5.279985e-03,    1.010988e-01,   -9.934689e-02,   -1.501506e-01,    1.161704e-01,    2.766428e-02,   -6.916994e-03,    1.885408e+00,    1.040052e-01,   -4.044627e+00,    4.242492e+00,    3.919258e+00,   -3.969080e+00,    2.132031e+00,   -1.591850e+00,   -1.094900e-02,    5.841800e-03,    7.538100e-02,   -7.237100e-02,   -1.252300e-01,    9.093300e-02,    6.052100e-02,   -3.144900e-02,    5.401800e-03,    5.401800e-03,    6.358500e-03,    6.358500e-03,    6.358500e-03,    6.358500e-03,    1.541100e-02,    1.541100e-02,
         2,    2.511800e+01,   -2.047595e-03,   -9.848178e-03,    8.116285e-02,   -8.122869e-02,   -6.559443e-02,    7.024765e-02,   -4.195689e-03,    7.868130e-03,   -1.500885e+00,    1.100688e+00,   -2.994621e+00,    3.188158e+00,    1.875972e+00,   -3.532178e+00,    1.747205e-01,    8.522527e-02,   -9.093500e-03,   -4.681000e-03,    6.810600e-02,   -6.732800e-02,   -5.741500e-02,    5.484700e-02,   -3.498100e-03,    8.208400e-03,    4.694500e-03,    4.694500e-03,    4.360100e-03,    4.360100e-03,    4.360100e-03,    4.360100e-03,    3.992600e-03,    3.992600e-03,
         2,    3.981000e+01,    1.454219e-04,   -9.623589e-03,    1.009389e-01,   -1.067763e-01,   -8.252992e-02,    9.493599e-02,   -6.679159e-03,    1.030734e-02,   -1.276810e+00,    1.767402e+00,   -2.487531e+00,    3.282988e+00,    1.609635e+00,   -3.224192e+00,   -1.081538e-01,   -2.423794e-02,   -4.874100e-03,   -2.675400e-03,    8.670900e-02,   -8.799600e-02,   -7.332200e-02,    7.649200e-02,   -7.269700e-03,    1.017500e-02,    3.931300e-03,    3.931300e-03,    5.720500e-03,    5.720500e-03,    5.720500e-03,    5.720500e-03,    5.460200e-03,    5.460200e-03,
         2,    6.309500e+01,    2.559679e-03,   -1.106968e-02,    1.296034e-01,   -1.381362e-01,   -1.067325e-01,    1.256455e-01,   -1.089933e-02,    1.258264e-02,   -1.687556e+00,    3.700949e+00,   -2.878581e+00,    3.667765e+00,    2.006380e+00,   -3.396055e+00,   -1.958938e-01,   -1.644155e-01,   -2.229100e-03,   -5.675000e-04,    1.086200e-01,   -1.114000e-01,   -9.210700e-02,    1.008900e-01,   -1.230600e-02,    1.140200e-02,    2.837700e-03,    2.837700e-03,    7.289500e-03,    7.289500e-03,    7.289500e-03,    7.289500e-03,    7.180800e-03,    7.180800e-03,
         3,    3.981000e+01,    9.508337e-04,   -6.877800e-03,    1.012958e-01,   -9.920887e-02,   -7.236640e-02,    8.753139e-02,   -7.511589e-03,    5.399462e-03,   -1.923235e+00,   -8.701064e-01,   -3.209208e+00,   -6.415122e-01,    2.481979e+00,   -2.685634e+00,   -1.957623e+00,    2.948616e+00,   -1.289300e-02,   -1.314100e-02,    6.597200e-02,   -1.062700e-01,   -5.892400e-02,    7.298600e-02,   -2.598000e-02,    3.321700e-02,    7.198200e-03,    7.198200e-03,    1.100700e-02,    1.100700e-02,    5.416000e-03,    5.416000e-03,    9.434100e-03,    9.434100e-03,
         3,    6.309500e+01,    3.214542e-03,   -7.581980e-03,    1.282270e-01,   -1.248707e-01,   -9.461817e-02,    1.142511e-01,   -9.731726e-03,    5.668730e-03,   -1.127186e+00,   -1.363173e+00,   -2.602650e+00,   -4.748696e-01,    1.986922e+00,   -2.237620e+00,   -2.531318e+00,    2.338045e+00,   -6.693200e-03,   -1.956400e-02,    1.042800e-01,   -1.292400e-01,   -8.021000e-02,    9.802500e-02,   -4.103400e-02,    3.458100e-02,    8.789800e-03,    8.789800e-03,    9.201000e-03,    9.201000e-03,    7.251500e-03,    7.251500e-03,    1.236600e-02,    1.236600e-02,
         4,    2.511800e+01,   -6.157761e-04,    2.527233e-03,    8.835954e-02,   -8.982034e-02,   -8.797027e-02,    1.028161e-01,   -1.940812e-02,   -4.095474e-03,   -1.696655e+00,    5.841522e-01,   -2.062590e+00,    1.678607e+00,    6.676283e-01,   -1.582487e+00,    1.309374e+00,   -1.623320e+00,   -9.490300e-03,    5.582700e-03,    7.620800e-02,   -7.993100e-02,   -8.403700e-02,    9.349300e-02,   -9.878500e-03,   -1.591000e-02,    5.230600e-03,    5.230600e-03,    5.891400e-03,    5.891400e-03,    5.891400e-03,    5.891400e-03,    7.278000e-03,    7.278000e-03,
         4,    3.981000e+01,   -2.302829e-03,    1.725661e-03,    1.061855e-01,   -1.202744e-01,   -1.107136e-01,    1.358338e-01,   -1.803040e-02,   -9.344053e-03,   -1.671525e+00,    1.598623e-01,   -1.698052e+00,    1.293739e+00,    1.213875e+00,   -1.253133e+00,    1.214876e+00,   -1.714326e+00,   -1.348700e-02,    2.795300e-03,    9.319900e-02,   -1.103800e-01,   -1.014300e-01,    1.262500e-01,   -5.974700e-03,   -2.635600e-02,    6.691000e-03,    6.691000e-03,    7.647900e-03,    7.647900e-03,    7.647900e-03,    7.647900e-03,    9.923400e-03,    9.923400e-03,
         4,    6.309500e+01,   -2.982611e-03,   -1.723596e-04,    1.298064e-01,   -1.632535e-01,   -1.412130e-01,    1.801613e-01,   -1.383754e-02,   -1.487424e-02,   -1.373988e+00,    9.112098e-01,   -1.267636e+00,    9.815024e-01,    9.669713e-01,   -3.990668e-03,    1.097530e+00,   -1.736300e+00,   -1.455200e-02,    7.500300e-03,    1.166800e-01,   -1.530900e-01,   -1.312000e-01,    1.801200e-01,    1.563000e-03,   -3.923800e-02,    8.420300e-03,    8.420300e-03,    1.035500e-02,    1.035500e-02,    1.035500e-02,    1.035500e-02,    1.403200e-02,    1.403200e-02,
         5,    2.511800e+01,    8.449129e-03,   -1.665200e-02,    8.011141e-02,   -6.871745e-02,   -7.730453e-02,    5.706109e-02,   -6.788010e-03,    7.157061e-03,    9.815446e-02,   -1.083959e-01,   -2.592092e+00,    3.118297e+00,    6.543897e+00,   -4.443168e+00,    2.131123e+00,   -1.283655e+00,    9.067600e-03,   -1.733500e-02,    7.013600e-02,   -5.671700e-02,   -5.212100e-02,    3.996200e-02,   -1.468300e-03,    3.952800e-03,    6.301000e-03,    6.301000e-03,    3.848400e-03,    3.848400e-03,    3.848400e-03,    3.848400e-03,    2.496200e-03,    2.496200e-03,
         5,    3.981000e+01,    1.587420e-02,   -1.582576e-02,    9.535251e-02,   -8.911360e-02,   -8.789569e-02,    8.017795e-02,   -9.483869e-03,    9.191380e-03,   -1.026283e-02,    2.091560e-01,   -3.388531e+00,    4.132770e+00,    6.128005e+00,   -5.327605e+00,    1.831495e+00,   -9.936693e-01,    1.580100e-02,   -1.433400e-02,    7.962600e-02,   -6.993300e-02,   -5.945500e-02,    5.545200e-02,   -3.142500e-03,    5.750900e-03,    7.132300e-03,    7.132300e-03,    4.641100e-03,    4.641100e-03,    4.641100e-03,    4.641100e-03,    3.462400e-03,    3.462400e-03,
         5,    6.309500e+01,    2.222146e-02,   -1.179304e-02,    1.174066e-01,   -1.165190e-01,   -1.077337e-01,    1.118572e-01,   -1.395847e-02,    1.006999e-02,    2.056443e-01,    4.800623e-01,   -3.644058e+00,    3.924541e+00,    5.592892e+00,   -5.262781e+00,    1.895957e+00,   -8.627586e-01,    2.400800e-02,   -7.622500e-03,    9.544500e-02,   -9.286700e-02,   -7.402700e-02,    8.014000e-02,   -5.433300e-03,    6.190600e-03,    8.687500e-03,    8.687500e-03,    6.026700e-03,    6.026700e-03,    6.026700e-03,    6.026700e-03,    4.496500e-03,    4.496500e-03,
         6,    2.511800e+01,    3.015879e-01,   -5.828874e-02,    2.815742e-01,   -2.084445e-01,   -5.808904e-01,    2.604852e-01,   -3.141366e-01,    1.067715e-01,   -3.931036e+00,    8.537197e-01,   -9.570317e+00,    6.782092e+00,    2.547209e+01,   -1.220116e+01,    6.048541e+00,   -1.855741e+00,    1.853000e-01,   -3.303400e-02,    1.642900e-01,   -1.253300e-01,   -2.687300e-01,    1.109600e-01,   -1.308900e-01,    5.055000e-02,    2.958200e-02,    2.958200e-02,    1.225500e-02,    1.225500e-02,    1.225500e-02,    1.225500e-02,    3.029600e-02,    3.029600e-02,
         6,    3.981000e+01,    3.187135e-01,   -2.912845e-02,    3.365632e-01,   -2.401222e-01,   -6.441611e-01,    2.748525e-01,   -3.529717e-01,    7.788684e-02,   -3.695214e+00,    3.577398e-01,   -9.713393e+00,    6.599444e+00,    2.489332e+01,   -1.106210e+01,    6.271054e+00,   -1.193311e+00,    1.961100e-01,   -1.725900e-02,    2.000900e-01,   -1.474000e-01,   -2.944100e-01,    1.194300e-01,   -1.465600e-01,    3.860900e-02,    3.317900e-02,    3.317900e-02,    1.405000e-02,    1.405000e-02,    1.405000e-02,    1.405000e-02,    3.291500e-02,    3.291500e-02,
         6,    6.309500e+01,    3.237234e-01,    2.878421e-03,    3.951540e-01,   -2.836888e-01,   -7.043231e-01,    3.068245e-01,   -3.778501e-01,    3.935299e-02,   -3.344249e+00,   -1.473454e-01,   -9.891364e+00,    6.593168e+00,    2.416415e+01,   -1.097025e+01,    6.345854e+00,   -6.131301e-01,    2.011700e-01,   -2.521200e-03,    2.370900e-01,   -1.783300e-01,   -3.181800e-01,    1.315200e-01,   -1.563100e-01,    1.794800e-02,    3.664600e-02,    3.664600e-02,    1.598000e-02,    1.598000e-02,    1.598000e-02,    1.598000e-02,    3.491100e-02,    3.491100e-02,
         7,    2.511800e+01,    3.721548e-03,    3.429720e-03,    5.474312e-02,   -5.254061e-02,   -5.935807e-02,    4.900535e-02,   -1.321435e-03,   -2.388018e-04,   -1.290430e+00,    1.111767e+00,    2.811167e+00,   -2.166716e+00,   -3.546922e+00,    3.036381e+00,   -1.640616e+00,    1.720054e+00,   -1.615800e-03,    8.028100e-03,    6.824600e-02,   -6.294800e-02,   -7.639500e-02,    6.359000e-02,   -1.055400e-02,    9.440800e-03,    4.136100e-03,    4.136100e-03,    4.803300e-03,    4.803300e-03,    4.803300e-03,    4.803300e-03,    5.627500e-03,    5.627500e-03,
         7,    3.981000e+01,    1.570676e-03,    3.684831e-03,    6.871329e-02,   -6.363786e-02,   -7.076658e-02,    6.038422e-02,   -4.595969e-04,   -3.423976e-04,   -1.167765e+00,    9.545448e-01,    2.829632e+00,   -2.308815e+00,   -3.549847e+00,    2.935285e+00,   -1.624684e+00,    1.971320e+00,   -4.182200e-03,    8.387300e-03,    8.534700e-02,   -7.721000e-02,   -9.163400e-02,    7.763900e-02,   -1.169900e-02,    1.329500e-02,    4.926400e-03,    4.926400e-03,    5.878400e-03,    5.878400e-03,    5.878400e-03,    5.878400e-03,    6.917900e-03,    6.917900e-03,
         7,    6.309500e+01,   -2.182795e-04,    2.617664e-03,    8.447856e-02,   -7.753016e-02,   -8.449191e-02,    7.628703e-02,    2.797404e-04,    6.811330e-04,   -1.120765e+00,    9.289514e-01,    2.567328e+00,   -2.338603e+00,   -3.343031e+00,    2.960682e+00,   -1.685535e+00,    2.125006e+00,   -6.581200e-03,    7.891600e-03,    1.027700e-01,   -9.419200e-02,   -1.083100e-01,    9.738100e-02,   -1.492800e-02,    1.985400e-02,    5.677300e-03,    5.677300e-03,    7.124700e-03,    7.124700e-03,    7.124700e-03,    7.124700e-03,    9.022500e-03,    9.022500e-03,
         8,    2.511800e+01,    2.513526e-02,   -5.529926e-03,    1.405766e-01,   -1.367894e-01,   -5.196119e-01,    2.584970e-01,   -5.071594e-02,   -1.159472e-02,   -9.014962e+00,    5.427832e+00,   -2.280550e+00,   -2.432706e+00,    1.624357e+01,   -8.441584e+00,    2.223075e+00,   -1.827650e-01,   -3.835400e-01,    2.405300e-01,    1.106900e-01,   -1.686700e-01,   -3.067400e-01,    1.478700e-01,   -2.018200e-02,   -1.410500e-02,    4.533300e-02,    4.533300e-02,    1.310500e-02,    1.310500e-02,    1.310500e-02,    1.310500e-02,    1.373500e-02,    1.373500e-02,
         9,    2.511800e+01,   -5.234451e-03,   -2.515872e-03,    4.344421e-02,   -3.370055e-02,   -4.117460e-02,    3.355009e-02,    4.689925e-03,   -1.432258e-03,    1.063056e+00,   -8.796155e-01,    1.643122e+00,   -1.472178e+00,   -5.663748e-01,    4.065975e-01,    4.771182e-01,    3.068739e-01,   -2.259700e-03,   -4.977300e-03,    4.992600e-02,   -3.950800e-02,   -4.285300e-02,    3.475500e-02,    5.994700e-03,   -5.930500e-04,    2.798300e-03,    2.798300e-03,    3.944800e-03,    3.944800e-03,    2.963400e-03,    2.963400e-03,    2.734700e-03,    2.734700e-03,
         9,    3.981000e+01,   -3.551973e-03,   -1.783484e-03,    4.797081e-02,   -4.632482e-02,   -4.711881e-02,    4.653229e-02,    4.814825e-03,   -9.544366e-04,    1.930628e+00,   -7.696740e-01,    2.194544e+00,   -1.482527e+00,   -1.618463e+00,    1.429211e-01,    1.503626e+00,   -4.288381e-01,    1.611300e-03,   -3.841900e-03,    5.604300e-02,   -5.177800e-02,   -5.307200e-02,    4.705800e-02,    1.129500e-02,   -2.802600e-03,    2.674400e-03,    2.674400e-03,    3.678300e-03,    3.678300e-03,    3.678300e-03,    3.678300e-03,    4.309700e-03,    4.309700e-03,
         9,    6.309500e+01,   -2.574672e-03,    3.249553e-04,    5.666544e-02,   -6.680224e-02,   -5.684041e-02,    6.513393e-02,    4.396332e-03,   -9.916127e-04,    1.847670e+00,   -1.162506e+00,    2.217304e+00,   -1.424920e+00,   -8.062789e-01,    1.679560e+00,    9.333337e-01,   -5.453607e-02,    3.803300e-03,   -3.687900e-03,    6.748300e-02,   -7.375400e-02,   -6.077400e-02,    7.332800e-02,    8.370000e-03,   -1.223800e-03,    3.451900e-03,    3.451900e-03,    4.878700e-03,    4.878700e-03,    4.878700e-03,    4.878700e-03,    4.257500e-03,    4.257500e-03,
        10,    2.511800e+01,   -1.560821e-02,    7.924979e-03,    4.157110e-02,   -4.559677e-02,   -5.041597e-02,    4.135468e-02,    1.186460e-02,   -9.925776e-03,   -1.902858e+00,    6.344937e-01,    8.630803e+00,   -9.349881e+00,   -1.051729e+01,    8.248617e+00,    2.902829e+00,   -2.222582e+00,   -4.084200e-02,    1.633900e-02,    1.202400e-01,   -1.308200e-01,   -1.462800e-01,    1.165400e-01,    6.655100e-02,   -5.179700e-02,    1.326100e-02,    1.326100e-02,    9.114900e-03,    9.114900e-03,    9.114900e-03,    9.114900e-03,    1.883900e-02,    1.883900e-02,
        10,    3.981000e+01,   -1.887476e-02,    4.841983e-03,    5.264872e-02,   -5.938192e-02,   -5.948551e-02,    5.229948e-02,    1.665834e-02,   -8.170897e-03,   -2.145396e+00,    3.432381e-01,    8.694993e+00,   -9.277924e+00,   -1.043959e+01,    8.081483e+00,    3.059478e+00,   -2.369926e+00,   -5.469000e-02,    1.057200e-02,    1.504500e-01,   -1.637400e-01,   -1.769100e-01,    1.432000e-01,    8.932400e-02,   -6.445900e-02,    1.669400e-02,    1.669400e-02,    1.124800e-02,    1.124800e-02,    1.124800e-02,    1.124800e-02,    2.375100e-02,    2.375100e-02,
        11,    2.511800e+01,   -2.921142e-02,   -1.820439e-02,    8.461804e-02,   -6.713806e-02,   -7.869659e-02,    5.073294e-02,    5.683749e-03,   -4.529546e-04,   -9.372567e-01,    5.158157e-01,   -2.521757e+00,    1.265306e+00,    2.121792e+00,   -1.874930e+00,   -1.351616e+00,   -2.646844e-01,   -3.794300e-02,   -1.339900e-02,    7.348700e-02,   -6.155300e-02,   -6.933100e-02,    4.245700e-02,    2.614500e-03,   -1.054000e-03,    9.316100e-03,    9.316100e-03,    4.414000e-03,    4.414000e-03,    4.414000e-03,    4.414000e-03,    2.270800e-03,    2.270800e-03,
        11,    3.981000e+01,   -1.930898e-02,   -2.062046e-02,    9.911138e-02,   -8.236744e-02,   -8.660206e-02,    7.111873e-02,    6.005672e-03,    4.926647e-05,   -1.108226e+00,    2.465224e-01,   -2.490173e+00,    2.050777e+00,    2.679960e+00,   -2.435997e+00,   -8.190014e-01,   -2.734452e-01,   -2.971800e-02,   -1.830500e-02,    8.634900e-02,   -7.185700e-02,   -7.286700e-02,    5.863400e-02,    3.699200e-03,   -7.208100e-04,    9.392500e-03,    9.392500e-03,    5.125100e-03,    5.125100e-03,    5.125100e-03,    5.125100e-03,    2.816200e-03,    2.816200e-03,
        11,    6.309500e+01,   -9.404891e-03,   -1.796095e-02,    1.164721e-01,   -1.056860e-01,   -1.025674e-01,    1.011113e-01,    6.066567e-03,    8.582041e-04,   -1.272431e+00,   -5.434835e-02,   -1.696835e+00,    1.636122e+00,    1.934063e+00,   -1.346281e+00,   -4.542597e-01,   -5.987564e-01,   -2.148700e-02,   -1.847700e-02,    1.050400e-01,   -9.466300e-02,   -8.953700e-02,    9.204100e-02,    4.409700e-03,   -1.325700e-03,    9.495300e-03,    9.495300e-03,    6.737300e-03,    6.737300e-03,    6.737300e-03,    6.737300e-03,    3.647400e-03,    3.647400e-03,
        12,    2.511800e+01,    3.575130e-03,    3.404648e-03,    7.308373e-02,   -7.018916e-02,   -6.886730e-02,    7.095915e-02,   -1.177962e-02,   -7.259386e-03,   -3.310104e+00,    4.252996e-02,   -8.927864e+00,    7.451661e+00,    6.530874e+00,   -7.347060e+00,    5.161547e+00,   -1.998244e+00,   -8.352500e-03,    3.557900e-03,    4.397800e-02,   -4.589600e-02,   -4.757600e-02,    4.700700e-02,    2.404100e-02,   -2.112700e-02,    3.603400e-03,    3.603400e-03,    3.260100e-03,    3.260100e-03,    3.260100e-03,    3.260100e-03,    6.939900e-03,    6.939900e-03,
        12,    3.981000e+01,   -1.911589e-04,    5.832569e-03,    8.725542e-02,   -9.229792e-02,   -8.508886e-02,    9.466245e-02,   -6.867074e-03,   -1.150629e-02,   -2.306419e+00,    5.648313e-01,   -8.407228e+00,    8.582061e+00,    6.167757e+00,   -7.771254e+00,    4.038991e+00,   -1.742816e+00,   -1.190200e-02,    8.700500e-03,    5.275300e-02,   -5.707800e-02,   -5.977700e-02,    6.277000e-02,    2.831900e-02,   -2.668900e-02,    5.077500e-03,    5.077500e-03,    4.103900e-03,    4.103900e-03,    4.103900e-03,    4.103900e-03,    8.711600e-03,    8.711600e-03,
        12,    6.309500e+01,   -3.637126e-03,    5.650147e-03,    1.066356e-01,   -1.239285e-01,   -1.066130e-01,    1.257739e-01,   -8.621418e-04,   -1.265845e-02,   -1.542515e+00,    1.149279e+00,   -6.886627e+00,    8.124610e+00,    4.962940e+00,   -6.537783e+00,    2.914743e+00,   -2.106199e+00,   -1.404000e-02,    1.340100e-02,    6.826400e-02,   -7.865900e-02,   -7.896000e-02,    8.934600e-02,    3.263700e-02,   -3.686500e-02,    6.744100e-03,    6.744100e-03,    5.571900e-03,    5.571900e-03,    5.571900e-03,    5.571900e-03,    1.149300e-02,    1.149300e-02,
        13,    2.511800e+01,   -7.585961e-03,   -4.922336e-03,    3.341059e-02,   -3.807064e-02,   -3.502791e-02,    3.265102e-02,    6.307148e-03,   -7.514052e-04,    7.081192e-01,   -1.394902e+00,    2.791423e+00,   -2.173308e+00,   -2.579836e+00,    2.587804e+00,    3.059475e-01,    6.990531e-01,   -4.769700e-03,   -1.047000e-02,    4.177900e-02,   -4.458600e-02,   -4.276200e-02,    4.040900e-02,    7.265100e-03,    1.437400e-03,    3.977100e-03,    3.977100e-03,    2.997900e-03,    2.997900e-03,    2.997900e-03,    2.997900e-03,    3.131100e-03,    3.131100e-03,
        13,    3.981000e+01,   -5.495771e-03,   -4.221038e-03,    4.250332e-02,   -4.812790e-02,   -4.167125e-02,    4.529347e-02,    6.354208e-03,    1.068601e-03,    5.375415e-01,   -1.453212e+00,    1.953848e+00,   -2.280823e+00,   -2.249089e+00,    2.387121e+00,    2.568678e-01,    1.029275e+00,   -3.178000e-03,   -1.048700e-02,    4.979000e-02,   -5.663400e-02,   -5.005900e-02,    5.419600e-02,    7.341300e-03,    5.023900e-03,    4.311800e-03,    4.311800e-03,    3.729400e-03,    3.729400e-03,    3.729400e-03,    3.729400e-03,    3.842800e-03,    3.842800e-03,
        13,    6.309500e+01,   -3.985876e-03,   -2.938644e-03,    5.366531e-02,   -6.184244e-02,   -5.236170e-02,    6.242562e-02,    5.255456e-03,    2.535092e-03,    9.512179e-01,   -1.704100e+00,    1.969264e+00,   -3.556635e+00,   -1.929203e+00,    2.961823e+00,   -3.250637e-01,    1.405026e+00,    9.783400e-04,   -1.183200e-02,    6.356500e-02,   -7.972200e-02,   -6.206000e-02,    7.731500e-02,    3.731200e-03,    9.123400e-03,    5.218800e-03,    5.218800e-03,    5.027100e-03,    5.027100e-03,    5.027100e-03,    5.027100e-03,    4.689100e-03,    4.689100e-03,
        14,    2.511800e+01,   -1.966028e-03,    4.761199e-03,    4.132686e-02,   -7.150235e-02,   -1.903945e-01,    1.085093e-01,   -6.578818e-03,   -1.120906e-02,    5.220128e+00,   -3.470957e+00,    4.285796e+00,   -6.855529e+00,   -8.507057e+00,    3.401396e+00,   -2.063423e+00,    2.195065e+00,    1.281300e-01,   -8.174200e-02,    9.384500e-02,   -1.555100e-01,   -2.946400e-01,    1.501900e-01,   -5.112400e-02,    3.617800e-02,    2.492200e-02,    2.492200e-02,    1.225400e-02,    1.225400e-02,    1.225400e-02,    1.225400e-02,    2.158800e-02,    2.158800e-02,
        14,    3.981000e+01,   -2.884436e-03,    5.178029e-03,    5.815849e-02,   -9.940829e-02,   -2.167212e-01,    1.324151e-01,   -2.766295e-04,   -9.633481e-03,    4.584194e+00,   -3.437197e+00,    4.110440e+00,   -7.286901e+00,   -7.049687e+00,    3.047125e+00,   -2.040368e+00,    2.416575e+00,    1.339400e-01,   -9.741200e-02,    1.190300e-01,   -2.073200e-01,   -3.211200e-01,    1.775400e-01,   -4.866600e-02,    4.767800e-02,    2.984700e-02,    2.984700e-02,    1.480900e-02,    1.480900e-02,    1.480900e-02,    1.480900e-02,    2.371600e-02,    2.371600e-02,
        14,    6.309500e+01,   -3.936198e-03,    6.685265e-03,    8.398268e-02,   -1.341699e-01,   -2.514840e-01,    1.639109e-01,    3.026063e-03,   -5.739946e-03,    4.168509e+00,   -3.560778e+00,    3.057930e+00,   -8.162116e+00,   -6.181669e+00,    3.146583e+00,   -1.398397e+00,    2.846035e+00,    1.533500e-01,   -1.276700e-01,    1.402700e-01,   -2.844100e-01,   -3.652700e-01,    2.218300e-01,   -3.652900e-02,    7.476300e-02,    3.773200e-02,    3.773200e-02,    1.840700e-02,    1.840700e-02,    1.840700e-02,    1.840700e-02,    2.828600e-02,    2.828600e-02,
        15,    2.511800e+01,   -2.364863e-02,    5.609428e-03,    4.522317e-02,   -4.937370e-02,   -3.338140e-02,    3.594853e-02,    1.898157e-03,   -3.053693e-03,   -1.615236e+00,   -1.833934e-01,    1.405764e+00,   -3.501125e+00,   -1.792696e+00,    1.320155e+00,   -2.396352e+00,    2.453321e+00,   -3.672800e-02,    4.124400e-03,    4.990900e-02,   -6.104400e-02,   -3.935700e-02,    4.034900e-02,   -1.585900e-03,    5.131900e-04,    8.097500e-03,    8.097500e-03,    3.333300e-03,    3.333300e-03,    3.333300e-03,    3.333300e-03,    1.453900e-03,    1.453900e-03,
        15,    3.981000e+01,   -2.625072e-02,    2.848903e-03,    5.666838e-02,   -6.369875e-02,   -3.976924e-02,    4.881915e-02,    3.063496e-03,   -4.044577e-03,   -1.476784e+00,   -5.899977e-01,    2.086366e+00,   -3.358908e+00,   -1.182409e+00,    1.531111e+00,   -1.529306e-01,    2.637095e+00,   -4.049800e-02,   -2.843100e-03,    6.555400e-02,   -7.800400e-02,   -4.480500e-02,    5.534000e-02,    2.703100e-03,    2.170000e-03,    9.647500e-03,    9.647500e-03,    4.258900e-03,    4.258900e-03,    4.258900e-03,    4.258900e-03,    2.356600e-03,    2.356600e-03,
        15,    6.309500e+01,   -2.790977e-02,   -1.623851e-03,    7.264519e-02,   -8.321170e-02,   -4.904744e-02,    6.768688e-02,    4.980854e-03,   -4.748892e-03,   -1.013928e+00,   -1.228317e+00,    2.453706e+00,   -2.418532e+00,   -7.354390e-01,    2.433994e+00,   -4.877024e-02,    1.622231e+00,   -3.913700e-02,   -1.522500e-02,    8.642300e-02,   -9.679200e-02,   -5.317700e-02,    8.135400e-02,    4.822000e-03,    5.350400e-04,    1.107300e-02,    1.107300e-02,    5.615100e-03,    5.615100e-03,    5.615100e-03,    5.615100e-03,    3.257200e-03,    3.257200e-03,
        16,    2.511800e+01,   -7.815235e-04,   -5.664182e-03,    5.023224e-02,   -5.204512e-02,   -5.631661e-02,    5.550084e-02,    7.802904e-04,    4.591353e-03,    8.362777e-01,   -1.236157e+00,    8.936279e-01,    5.189990e-01,   -1.694840e+00,    1.865714e+00,   -1.184794e+00,    1.845562e-01,    2.846500e-03,   -1.102700e-02,    5.385000e-02,   -4.994400e-02,   -6.317800e-02,    6.305400e-02,   -3.421700e-03,    5.245900e-03,    4.338300e-03,    4.338300e-03,    4.048400e-03,    4.048400e-03,    4.048400e-03,    4.048400e-03,    3.546600e-03,    3.546600e-03,
        16,    3.981000e+01,    1.130372e-03,   -5.352713e-03,    6.262328e-02,   -6.757106e-02,   -7.089866e-02,    7.342776e-02,   -1.099551e-03,    4.546232e-03,    8.781710e-01,   -1.679088e+00,    5.983107e-01,    6.180006e-01,   -1.960239e+00,    2.222076e+00,   -1.060087e+00,    7.920440e-02,    6.240800e-03,   -1.512400e-02,    6.573300e-02,   -6.435900e-02,   -8.108700e-02,    8.497700e-02,   -5.863900e-03,    4.902200e-03,    5.819400e-03,    5.819400e-03,    5.197500e-03,    5.197500e-03,    5.197500e-03,    5.197500e-03,    4.494300e-03,    4.494300e-03,
        16,    6.309500e+01,    2.320003e-03,   -5.174254e-03,    7.998915e-02,   -8.780054e-02,   -9.114484e-02,    9.410109e-02,   -2.232254e-03,    4.194534e-03,    1.883030e+00,   -7.346856e-01,   -1.008490e-01,    4.283674e-01,   -2.189899e+00,    1.910393e+00,   -4.841660e-01,    2.637849e-01,    1.543700e-02,   -1.029200e-02,    7.932300e-02,   -8.497100e-02,   -1.056100e-01,    1.067200e-01,   -4.615900e-03,    5.493200e-03,    6.965900e-03,    6.965900e-03,    6.605400e-03,    6.605400e-03,    6.605400e-03,    6.605400e-03,    4.923200e-03,    4.923200e-03,
        17,    2.511800e+01,    7.495046e-04,   -5.554818e-03,    6.379390e-02,   -6.025353e-02,   -5.539194e-02,    6.632859e-02,   -2.592010e-03,    2.853938e-03,   -2.069702e+00,    7.742666e-01,   -5.761278e+00,    6.504807e+00,    4.038929e+00,   -4.093211e+00,   -4.173971e-01,    1.685784e-01,   -5.245800e-03,   -3.312000e-03,    4.536300e-02,   -3.944400e-02,   -4.247100e-02,    5.323400e-02,   -3.748200e-03,    3.320900e-03,    2.896700e-03,    2.896700e-03,    3.199100e-03,    3.199100e-03,    3.199100e-03,    3.199100e-03,    2.770000e-03,    2.770000e-03,
        17,    3.981000e+01,    1.621028e-03,   -5.434643e-03,    7.320898e-02,   -8.360822e-02,   -6.823551e-02,    9.244731e-02,   -3.124392e-03,    3.682073e-03,   -1.391997e-01,    4.138932e+00,   -3.359100e+00,    6.566668e+00,    3.637936e+00,   -2.719936e+00,   -9.662577e-01,    9.000141e-01,    8.074200e-04,    1.875700e-02,    5.882800e-02,   -5.549500e-02,   -4.769900e-02,    7.709300e-02,   -7.720300e-03,    7.962900e-03,    5.844900e-03,    5.844900e-03,    4.281200e-03,    4.281200e-03,    5.645100e-03,    5.645100e-03,    4.756400e-03,    4.756400e-03,
        17,    6.309500e+01,    2.978354e-03,   -6.526947e-03,    8.908386e-02,   -1.181723e-01,   -8.695822e-02,    1.285623e-01,   -4.672755e-03,    4.990409e-03,   -5.166349e-01,    3.908870e+00,   -3.190708e+00,    5.092356e+00,    4.393328e+00,   -1.948999e+00,   -7.135786e-01,   -2.738395e-01,   -1.043700e-03,    2.390400e-02,    7.019200e-02,   -8.802100e-02,   -5.214900e-02,    1.131200e-01,   -8.259700e-03,    3.613900e-03,    7.785100e-03,    7.785100e-03,    5.920900e-03,    5.920900e-03,    7.923200e-03,    7.923200e-03,    5.026700e-03,    5.026700e-03,
        18,    2.511800e+01,    8.468507e-02,   -1.561852e-02,    1.115307e-01,   -1.208041e-01,   -6.110244e-01,    3.069983e-01,   -2.953647e-01,    6.999287e-02,    5.713331e+00,   -2.398916e+00,    4.428450e+00,   -1.851521e+00,   -2.180082e+01,    8.787676e+00,   -2.059400e+00,    7.631472e-01,    4.057800e-01,   -1.504400e-01,    2.661500e-01,   -1.854500e-01,   -1.372200e+00,    6.138200e-01,   -5.937100e-01,    1.805500e-01,    5.620100e-02,    5.620100e-02,    3.491500e-02,    3.491500e-02,    3.491500e-02,    3.491500e-02,    1.448700e-01,    1.448700e-01,
        18,    3.981000e+01,    9.066606e-02,   -4.925421e-03,    1.363065e-01,   -1.580084e-01,   -6.983033e-01,    3.274667e-01,   -3.131238e-01,    3.272944e-02,    5.604155e+00,   -2.374467e+00,    4.376577e+00,   -1.365549e+00,   -2.054397e+01,    8.369458e+00,   -2.123454e+00,    7.311326e-01,    4.418000e-01,   -1.537000e-01,    3.073300e-01,   -2.113700e-01,   -1.501100e+00,    6.545200e-01,   -6.445100e-01,    1.468300e-01,    6.265600e-02,    6.265600e-02,    3.907700e-02,    3.907700e-02,    3.907700e-02,    3.907700e-02,    1.560600e-01,    1.560600e-01,
        18,    6.309500e+01,    9.242151e-02,    8.056893e-03,    1.695679e-01,   -2.117470e-01,   -7.887565e-01,    3.548289e-01,   -3.131476e-01,   -6.808654e-04,    5.485878e+00,   -2.390664e+00,    4.237399e+00,   -1.027189e+00,   -1.987254e+01,    8.375094e+00,   -2.189569e+00,    6.923037e-01,    4.841900e-01,   -1.626700e-01,    3.609500e-01,   -2.581400e-01,   -1.686300e+00,    7.330900e-01,   -6.841700e-01,    1.166300e-01,    7.141400e-02,    7.141400e-02,    4.516500e-02,    4.516500e-02,    4.516500e-02,    4.516500e-02,    1.694500e-01,    1.694500e-01,
        19,    2.511800e+01,   -1.295508e-03,   -9.760156e-04,    8.424709e-02,   -8.131642e-02,   -8.429118e-02,    8.555723e-02,    2.627225e-03,   -2.341953e-03,    1.082116e+00,   -9.675897e-01,   -4.918047e+00,    5.091634e+00,    4.440563e+00,   -5.364157e+00,    1.761227e+00,   -1.855576e+00,    1.750000e-03,   -3.699200e-03,    6.264900e-02,   -5.895600e-02,   -6.479000e-02,    6.200000e-02,    1.370200e-02,   -1.401000e-02,    2.814400e-03,    2.814400e-03,    4.391600e-03,    4.391600e-03,    4.391600e-03,    4.391600e-03,    6.288100e-03,    6.288100e-03,
        19,    3.981000e+01,   -1.604788e-03,    1.067356e-04,    1.057543e-01,   -1.016140e-01,   -1.067996e-01,    1.080198e-01,    3.317556e-03,   -2.207764e-03,    1.429993e+00,   -8.034685e-01,   -5.048817e+00,    5.633445e+00,    4.348399e+00,   -5.499384e+00,    1.388861e+00,   -2.258924e+00,    2.219300e-03,   -2.041900e-03,    7.810500e-02,   -7.076300e-02,   -8.298600e-02,    7.790300e-02,    1.438900e-02,   -2.021500e-02,    2.674200e-03,    2.674200e-03,    5.476400e-03,    5.476400e-03,    5.476400e-03,    5.476400e-03,    7.971600e-03,    7.971600e-03,
        19,    6.309500e+01,   -1.033126e-03,    1.124144e-03,    1.312218e-01,   -1.257535e-01,   -1.329189e-01,    1.363420e-01,    2.690293e-03,   -2.572005e-03,    1.179407e+00,   -8.441223e-01,   -4.978109e+00,    5.727444e+00,    4.233167e+00,   -5.977454e+00,    1.446584e+00,   -2.457397e+00,    2.018000e-03,   -1.059600e-03,    9.740200e-02,   -8.684300e-02,   -1.041600e-01,    9.573300e-02,    1.744400e-02,   -2.763500e-02,    2.587000e-03,    2.587000e-03,    6.793700e-03,    6.793700e-03,    6.793700e-03,    6.793700e-03,    1.019900e-02,    1.019900e-02,
        20,    2.511800e+01,    4.448558e-03,   -1.208975e-02,    6.650769e-02,   -5.974292e-02,   -7.248156e-02,    6.121904e-02,   -9.796944e-03,    9.111586e-03,   -3.285904e+00,    2.525930e-01,    4.791456e+00,   -4.966310e+00,   -5.727000e+00,    4.537487e+00,    1.060899e+00,    1.585915e+00,   -2.625000e-02,   -9.729900e-03,    1.007000e-01,   -9.518300e-02,   -1.133500e-01,    9.359900e-02,   -5.577900e-04,    2.292300e-02,    9.342500e-03,    9.342500e-03,    7.136100e-03,    7.136100e-03,    7.136100e-03,    7.136100e-03,    8.708800e-03,    8.708800e-03,
        21,    2.511800e+01,   -6.858889e-04,   -4.574605e-03,    5.742329e-02,   -5.632163e-02,   -5.494721e-02,    5.564705e-02,    8.034040e-04,    1.758624e-03,   -9.558478e-01,   -8.153191e-01,    9.082315e-01,   -4.521700e-01,   -8.734568e-01,    6.014489e-01,   -4.060938e-01,    5.798393e-01,   -4.931000e-03,   -8.195600e-03,    6.791700e-02,   -6.154600e-02,   -6.281400e-02,    6.106400e-02,   -2.211300e-04,    3.221500e-03,    4.441200e-03,    4.441200e-03,    1.155400e-02,    1.155400e-02,    9.006500e-03,    9.006500e-03,    2.522900e-03,    2.522900e-03,
        21,    3.981000e+01,    1.043369e-03,   -2.626385e-03,    7.175344e-02,   -7.241347e-02,   -7.057669e-02,    7.442328e-02,    3.479959e-05,    1.122526e-03,   -7.105660e-01,   -7.849875e-01,    8.157459e-01,   -2.160634e-01,   -8.080079e-01,    3.799632e-01,   -3.900603e-01,    8.056879e-01,   -1.707800e-03,   -5.665700e-03,    8.350100e-02,   -7.552500e-02,   -7.975000e-02,    7.873700e-02,   -1.173100e-03,    3.617500e-03,    3.871800e-03,    3.871800e-03,    1.440100e-02,    1.440100e-02,    1.135300e-02,    1.135300e-02,    3.096700e-03,    3.096700e-03,
        21,    6.309500e+01,    9.652900e-04,   -6.247477e-04,    9.172125e-02,   -9.197264e-02,   -9.305005e-02,    9.430211e-02,   -1.772491e-04,    4.864575e-04,   -8.556554e-01,   -3.212004e-01,    7.020977e-01,   -2.950167e-01,   -7.839619e-01,    4.616151e-01,   -6.240110e-01,    8.061142e-01,   -1.062100e-03,   -1.385800e-03,    1.045900e-01,   -9.738000e-02,   -1.045100e-01,    1.010500e-01,   -2.526900e-03,    3.521800e-03,    2.369400e-03,    2.369400e-03,    1.832900e-02,    1.832900e-02,    1.461800e-02,    1.461800e-02,    3.765400e-03,    3.765400e-03,
        22,    2.511800e+01,   -2.761193e-03,   -1.215170e-02,    5.744972e-02,   -5.734510e-02,   -5.232326e-02,    6.285786e-02,    2.274906e-03,    5.687612e-03,    6.826033e-01,   -9.159824e-02,   -4.744528e+00,    2.566588e+00,    3.428138e+00,   -4.085208e+00,   -8.029041e-01,    3.522204e-01,    1.548200e-04,   -1.254300e-02,    4.212300e-02,   -4.905400e-02,   -4.124900e-02,    4.966100e-02,   -2.483000e-04,    6.794500e-03,    4.271900e-03,    4.271900e-03,    3.230400e-03,    3.230400e-03,    3.230400e-03,    3.230400e-03,    3.142600e-03,    3.142600e-03,
        22,    3.981000e+01,    1.924760e-03,   -1.270296e-02,    6.628984e-02,   -8.007747e-02,   -6.480343e-02,    9.035137e-02,   -9.072293e-05,    7.465976e-03,    6.880864e-02,    4.213319e-01,   -3.836592e+00,    4.377417e+00,    7.931409e-01,   -6.272497e+00,   -2.477894e-01,    1.537320e-01,    2.230800e-03,   -1.082900e-02,    5.017500e-02,   -6.169100e-02,   -6.147200e-02,    6.400500e-02,   -1.090900e-03,    8.086500e-03,    4.447700e-03,    4.447700e-03,    4.200300e-03,    4.200300e-03,    4.200300e-03,    4.200300e-03,    4.036400e-03,    4.036400e-03,
        22,    6.309500e+01,    5.873382e-03,   -1.208769e-02,    8.113888e-02,   -1.139343e-01,   -8.583015e-02,    1.265049e-01,   -3.474321e-03,    8.215476e-03,   -4.400220e-01,    3.462358e-01,   -3.542740e+00,    6.100160e+00,    1.514048e+00,   -7.785173e+00,    1.932834e-01,    2.733591e-01,    3.665000e-03,   -1.035000e-02,    6.198400e-02,   -8.095200e-02,   -7.764400e-02,    8.441200e-02,   -2.496500e-03,    9.598400e-03,    5.018800e-03,    5.018800e-03,    5.406800e-03,    5.406800e-03,    5.406800e-03,    5.406800e-03,    5.059000e-03,    5.059000e-03,
        23,    2.511800e+01,   -2.728256e-03,   -4.075784e-03,    6.613568e-02,   -4.574903e-02,   -5.318358e-02,    3.563977e-02,    2.121980e-03,   -4.476300e-03,    1.498466e+00,   -8.046703e-01,   -2.219441e+00,    2.134868e+00,    2.157880e+00,   -1.280018e+00,    1.230381e+00,    9.348870e-01,    2.346300e-03,   -6.800800e-03,    5.913800e-02,   -3.901800e-02,   -4.638000e-02,    3.160400e-02,    5.447700e-03,   -1.949300e-03,    3.386500e-03,    3.386500e-03,    3.152900e-03,    3.152900e-03,    3.152900e-03,    3.152900e-03,    2.703000e-03,    2.703000e-03,
        23,    3.981000e+01,   -5.767478e-04,   -3.046381e-03,    7.264014e-02,   -6.110717e-02,   -5.591745e-02,    5.260243e-02,    4.021439e-03,   -4.105812e-03,    1.922772e+00,   -4.810664e-01,   -2.960007e+00,    3.189542e+00,    2.582230e+00,   -2.620152e+00,    8.212140e-01,    6.589169e-01,    6.921100e-03,   -4.922300e-03,    6.210400e-02,   -4.975400e-02,   -4.672600e-02,    4.327600e-02,    6.605800e-03,   -2.032200e-03,    3.899500e-03,    3.899500e-03,    3.559500e-03,    3.559500e-03,    3.559500e-03,    3.559500e-03,    3.147000e-03,    3.147000e-03,
        23,    6.309500e+01,    2.939855e-04,   -5.303706e-04,    8.375299e-02,   -8.617673e-02,   -6.490947e-02,    8.031693e-02,    4.868074e-03,   -3.233010e-03,    2.111613e+00,    5.698845e-01,   -3.304618e+00,    2.698076e+00,    3.645569e+00,   -2.789726e+00,    5.820507e-01,    2.354692e-01,    1.092300e-02,    2.338200e-03,    6.863800e-02,   -7.383600e-02,   -4.823500e-02,    6.755700e-02,    7.034700e-03,   -2.356500e-03,    5.033600e-03,    5.033600e-03,    4.573900e-03,    4.573900e-03,    4.573900e-03,    4.573900e-03,    3.722400e-03,    3.722400e-03,
        24,    2.511800e+01,    1.730741e-03,   -4.016780e-03,    8.777697e-02,   -8.378970e-02,   -9.420207e-02,    1.019789e-01,    2.472790e-03,    1.416498e-03,    2.164798e-01,   -2.772145e-01,   -5.460247e+00,    5.099189e+00,    1.188900e+01,   -1.273038e+01,   -1.559061e+00,    9.187044e-01,    2.378600e-03,   -4.846400e-03,    5.297500e-02,   -5.128900e-02,   -5.018900e-02,    5.485100e-02,   -1.654200e-03,    3.848400e-03,    2.992700e-03,    2.992700e-03,    6.373700e-03,    6.373700e-03,    3.702000e-03,    3.702000e-03,    2.647100e-03,    2.647100e-03,
        24,    3.981000e+01,    7.021830e-04,   -3.718093e-03,    1.050522e-01,   -1.095510e-01,   -1.206193e-01,    1.323233e-01,    3.626518e-03,    3.666205e-03,    1.041483e+00,    2.600925e-01,   -9.926049e+00,    1.072276e+01,    1.353396e+01,   -1.506546e+01,   -1.879416e+00,    2.270022e-01,    3.928800e-03,   -2.912300e-03,    6.118700e-02,   -6.216500e-02,   -6.081000e-02,    6.574600e-02,   -2.313000e-03,    4.383600e-03,    3.098100e-03,    3.098100e-03,    4.419200e-03,    4.419200e-03,    4.419200e-03,    4.419200e-03,    3.160300e-03,    3.160300e-03,
        24,    6.309500e+01,    1.224829e-03,   -5.547594e-03,    1.276086e-01,   -1.453394e-01,   -1.527044e-01,    1.697821e-01,    2.412325e-03,    7.537021e-03,    1.175571e+00,    1.274070e+00,   -1.019948e+01,    1.225445e+01,    1.457624e+01,   -1.618396e+01,   -1.484878e+00,   -6.393895e-01,    5.544700e-03,   -8.657700e-04,    7.225800e-02,   -7.883700e-02,   -7.360200e-02,    8.195500e-02,   -3.344100e-03,    5.058300e-03,    3.674700e-03,    3.674700e-03,    5.426800e-03,    5.426800e-03,    5.426800e-03,    5.426800e-03,    3.876700e-03,    3.876700e-03,
        25,    2.511800e+01,    4.373469e-02,   -2.387255e-02,    4.474597e-02,   -6.827797e-02,   -9.480998e-02,    7.859226e-02,   -1.886867e-02,    1.721834e-02,    3.246068e+00,   -1.927610e+00,    5.190491e+00,   -7.576366e+00,   -1.445315e+01,    1.114879e+01,   -2.434871e+00,    2.191917e+00,    1.312000e-01,   -7.581200e-02,    1.189700e-01,   -1.766200e-01,   -3.014900e-01,    2.380200e-01,   -1.033100e-01,    9.323400e-02,    2.694500e-02,    2.694500e-02,    1.430000e-02,    1.430000e-02,    1.430000e-02,    1.430000e-02,    3.468000e-02,    3.468000e-02,
        25,    3.981000e+01,    5.351023e-02,   -2.326704e-02,    6.219799e-02,   -9.185381e-02,   -1.197020e-01,    9.393062e-02,   -2.626458e-02,    1.780126e-02,    3.437181e+00,   -1.651016e+00,    5.555425e+00,   -7.460437e+00,   -1.530127e+01,    9.501260e+00,   -2.540812e+00,    2.000248e+00,    1.736500e-01,   -8.097500e-02,    1.652400e-01,   -2.302300e-01,   -4.035100e-01,    2.701600e-01,   -1.363300e-01,    1.044500e-01,    3.495300e-02,    3.495300e-02,    1.854800e-02,    1.854800e-02,    1.854800e-02,    1.854800e-02,    4.331900e-02,    4.331900e-02,
        27,    2.511800e+01,    2.572192e-03,    1.218135e-03,    6.962240e-02,   -4.930553e-02,   -5.063509e-02,    4.327064e-02,   -1.356389e-03,   -2.331704e-03,   -1.756287e+00,    1.349151e+00,    8.760766e-01,    6.689409e-01,   -1.111530e+00,   -2.228880e+00,   -3.579700e-01,    2.232889e+00,   -4.241500e-03,    6.452300e-03,    7.290900e-02,   -4.679600e-02,   -5.480500e-02,    3.490900e-02,   -2.158600e-03,    2.672200e-03,    3.879600e-03,    3.879600e-03,    3.751500e-03,    3.751500e-03,    3.751500e-03,    3.751500e-03,    2.241000e-03,    2.241000e-03,
        27,    3.981000e+01,    1.538015e-03,    5.154901e-04,    7.632174e-02,   -6.572666e-02,   -5.584259e-02,    6.259254e-02,    4.767846e-05,   -1.599716e-03,   -1.787238e+00,   -6.124376e-01,    6.448014e-01,    1.006018e+00,    2.051137e-01,   -1.111730e+00,   -1.912363e+00,    6.279953e-02,   -3.935400e-03,   -1.360100e-03,    7.920000e-02,   -6.123600e-02,   -5.492700e-02,    5.763000e-02,   -6.597400e-03,   -1.381500e-03,    3.062500e-03,    3.062500e-03,    4.463800e-03,    4.463800e-03,    4.463800e-03,    4.463800e-03,    3.474800e-03,    3.474800e-03,
        27,    6.309500e+01,    1.525586e-03,   -8.522949e-04,    8.692233e-02,   -9.316411e-02,   -6.773780e-02,    9.258212e-02,    5.160238e-04,   -1.640323e-04,   -4.950247e-01,   -1.692245e+00,    1.388768e-01,    1.269956e+00,    1.435276e+00,   -1.771451e-01,   -1.469670e+00,   -1.674094e+00,   -1.027900e-03,   -9.581400e-03,    8.772600e-02,   -8.581500e-02,   -5.943200e-02,    9.155700e-02,   -7.386100e-03,   -9.165300e-03,    5.158300e-03,    5.158300e-03,    5.786900e-03,    5.786900e-03,    5.786900e-03,    5.786900e-03,    5.376800e-03,    5.376800e-03,
        28,    2.511800e+01,   -4.090631e-03,   -4.827365e-03,    3.704001e-02,   -3.112715e-02,   -3.535350e-02,    2.837316e-02,    2.828914e-03,    3.277188e-03,    2.208605e+00,   -3.328434e+00,    1.612908e+00,   -2.569092e+00,   -2.833591e+00,    2.686060e+00,   -2.435380e+00,    2.538603e+00,    1.350400e-02,   -3.134300e-02,    5.578200e-02,   -6.098000e-02,   -5.691600e-02,    4.881300e-02,   -1.217400e-02,    1.891600e-02,    7.966400e-03,    7.966400e-03,    1.162000e-02,    1.162000e-02,    7.609600e-03,    7.609600e-03,    6.160400e-03,    6.160400e-03,
        28,    3.981000e+01,   -1.506011e-03,   -5.537878e-03,    4.375232e-02,   -3.709199e-02,   -4.085151e-02,    3.714606e-02,    1.231970e-03,    4.882877e-03,    2.183890e+00,   -3.492604e+00,    1.863428e+00,   -2.834756e+00,   -2.885129e+00,    2.535278e+00,   -2.408171e+00,    2.433421e+00,    2.208000e-02,   -4.325800e-02,    7.148200e-02,   -7.927600e-02,   -6.879600e-02,    6.170200e-02,   -1.776200e-02,    2.407600e-02,    1.080000e-02,    1.080000e-02,    1.488100e-02,    1.488100e-02,    9.685700e-03,    9.685700e-03,    7.887300e-03,    7.887300e-03,
        28,    6.309500e+01,    1.273926e-03,   -5.044083e-03,    5.066733e-02,   -4.682635e-02,   -4.855085e-02,    4.998816e-02,   -1.444395e-03,    5.831271e-03,    2.378365e+00,   -3.581659e+00,    2.201643e+00,   -2.977368e+00,   -2.905725e+00,    2.358918e+00,   -2.392203e+00,    2.402501e+00,    3.596000e-02,   -5.727900e-02,    9.311500e-02,   -1.042300e-01,   -8.476200e-02,    7.938500e-02,   -2.586400e-02,    3.035600e-02,    1.458400e-02,    1.458400e-02,    1.928000e-02,    1.928000e-02,    1.246200e-02,    1.246200e-02,    1.020800e-02,    1.020800e-02,
        29,    2.511800e+01,    1.753746e-01,   -4.949390e-02,    1.963365e-01,   -1.760230e-01,   -5.561572e-01,    3.007426e-01,   -2.700663e-01,    1.291823e-01,    3.107915e+00,   -1.354005e+00,    1.306571e+00,    4.077428e-01,    2.293687e+00,   -2.072636e+00,    4.608906e-01,   -5.193988e-01,    3.183200e-01,   -1.117700e-01,    2.224300e-01,   -1.678800e-01,   -5.103500e-01,    2.593500e-01,   -2.432600e-01,    9.897300e-02,    4.599400e-02,    4.599400e-02,    1.997100e-02,    1.997100e-02,    1.997100e-02,    1.997100e-02,    5.816200e-02,    5.816200e-02,
        29,    3.981000e+01,    1.888537e-01,   -4.218237e-02,    2.405061e-01,   -2.095350e-01,   -6.318266e-01,    3.411885e-01,   -3.155821e-01,    1.124004e-01,    2.984735e+00,   -1.305111e+00,    1.216783e+00,    4.868614e-01,    2.746850e+00,   -1.897681e+00,    6.194390e-01,   -3.375025e-01,    3.444300e-01,   -1.102100e-01,    2.686600e-01,   -1.982700e-01,   -5.682700e-01,    2.972800e-01,   -2.755100e-01,    9.056700e-02,    5.212400e-02,    5.212400e-02,    2.313800e-02,    2.313800e-02,    2.313800e-02,    2.313800e-02,    6.469100e-02,    6.469100e-02,
        29,    6.309500e+01,    1.998510e-01,   -3.567823e-02,    2.876915e-01,   -2.563654e-01,   -7.154486e-01,    3.997119e-01,   -3.492038e-01,    8.859252e-02,    2.921084e+00,   -1.412540e+00,    1.416642e+00,    5.747496e-01,    2.400239e+00,   -1.501711e+00,    4.978579e-01,   -2.592734e-01,    3.749700e-01,   -1.203600e-01,    3.265500e-01,   -2.406000e-01,   -6.496100e-01,    3.585200e-01,   -3.127900e-01,    6.962900e-02,    5.995000e-02,    5.995000e-02,    2.743000e-02,    2.743000e-02,    2.743000e-02,    2.743000e-02,    7.314100e-02,    7.314100e-02,
        30,    2.511800e+01,    2.832383e-01,   -6.376321e-02,    2.689878e-01,   -2.032998e-01,   -4.822562e-01,    2.192814e-01,   -2.727981e-01,    1.098392e-01,    3.883206e+00,   -1.432053e+00,    5.533650e+00,   -2.718414e+00,   -1.433148e+01,    6.141717e+00,   -2.936984e+00,    1.377479e+00,    6.541000e-01,   -2.005300e-01,    5.005600e-01,   -3.170600e-01,   -1.082000e+00,    4.763000e-01,   -6.884400e-01,    3.047800e-01,    9.550400e-02,    9.550400e-02,    4.184800e-02,    4.184800e-02,    4.184800e-02,    4.184800e-02,    1.415200e-01,    1.415200e-01,
        30,    3.981000e+01,    3.023803e-01,   -4.253873e-02,    3.243435e-01,   -2.320907e-01,   -5.374281e-01,    2.351815e-01,   -3.128382e-01,    8.720714e-02,    3.774483e+00,   -1.348663e+00,    5.503039e+00,   -2.745717e+00,   -1.391759e+01,    5.779412e+00,   -2.848154e+00,    1.522926e+00,    7.024000e-01,   -1.854700e-01,    5.842300e-01,   -3.617600e-01,   -1.194700e+00,    5.081200e-01,   -7.535900e-01,    3.228800e-01,    1.059800e-01,    1.059800e-01,    4.722600e-02,    4.722600e-02,    4.722600e-02,    4.722600e-02,    1.547500e-01,    1.547500e-01,
        30,    6.309500e+01,    3.137686e-01,   -1.862486e-02,    3.830531e-01,   -2.710467e-01,   -5.936891e-01,    2.635871e-01,   -3.406030e-01,    5.571084e-02,    3.696901e+00,   -1.365723e+00,    5.827236e+00,   -2.666273e+00,   -1.377370e+01,    5.322730e+00,   -3.170141e+00,    1.422467e+00,    7.545500e-01,   -1.814600e-01,    6.998100e-01,   -4.159800e-01,   -1.342400e+00,    5.529200e-01,   -8.989600e-01,    3.062500e-01,    1.192300e-01,    1.192300e-01,    5.435800e-02,    5.435800e-02,    5.435800e-02,    5.435800e-02,    1.761300e-01,    1.761300e-01,
        31,    2.511800e+01,    4.465724e-03,    5.884284e-04,    4.534194e-02,   -7.200715e-02,   -9.388203e-02,    6.983137e-02,    5.412475e-03,   -3.609739e-03,    3.737624e-02,    1.131402e-01,    5.705695e+00,   -1.097520e+01,   -6.756795e+00,    4.604496e+00,    1.151676e+00,   -4.349592e-01,    4.644700e-03,    1.130200e-03,    1.045100e-01,   -1.858200e-01,   -1.639500e-01,    1.175800e-01,    1.562300e-02,   -7.466000e-03,    4.788500e-03,    4.788500e-03,    1.037000e-02,    1.037000e-02,    1.037000e-02,    1.037000e-02,    8.865800e-03,    8.865800e-03,
        31,    3.981000e+01,    4.862648e-03,    1.969489e-03,    6.477500e-02,   -9.765652e-02,   -1.140175e-01,    8.247941e-02,    5.894571e-03,   -3.755513e-03,    6.053636e-01,    4.098029e-01,    6.634793e+00,   -1.112162e+01,   -6.044738e+00,    4.304193e+00,    7.609424e-01,   -8.939444e-01,    1.005800e-02,    5.486500e-03,    1.511600e-01,   -2.424600e-01,   -1.927200e-01,    1.385200e-01,    1.344700e-02,   -1.262800e-02,    8.582200e-03,    8.582200e-03,    1.302000e-02,    1.302000e-02,    1.302000e-02,    1.302000e-02,    9.925100e-03,    9.925100e-03,
        31,    6.309500e+01,    4.433039e-03,    4.351638e-03,    9.454931e-02,   -1.275643e-01,   -1.372388e-01,    9.655690e-02,    6.453539e-03,   -5.425362e-03,    1.065746e+00,    9.741878e-01,    8.481822e+00,   -1.152821e+01,   -6.008706e+00,    4.663963e+00,   -1.760515e-01,   -1.563853e+00,    2.229600e-02,    2.068000e-02,    2.437700e-01,   -3.303800e-01,   -2.429500e-01,    1.786100e-01,    4.077900e-03,   -2.652800e-02,    1.676100e-02,    1.676100e-02,    1.759300e-02,    1.759300e-02,    1.759300e-02,    1.759300e-02,    1.349400e-02,    1.349400e-02,
        32,    3.981000e+01,   -9.426504e-03,   -6.603909e-04,    6.293600e-02,   -6.371001e-02,   -7.394756e-02,    7.152393e-02,    8.273941e-03,    1.345042e-03,    1.047661e+00,   -1.042050e+00,   -4.371639e+00,    2.881743e+00,    3.581923e+00,   -2.364156e+00,    3.833268e-02,   -6.713758e-01,   -5.898400e-03,   -4.169600e-03,    4.595000e-02,   -5.251300e-02,   -6.003000e-02,    6.233800e-02,    8.430300e-03,   -1.393500e-03,    3.367600e-03,    3.367600e-03,    3.885500e-03,    3.885500e-03,    3.885500e-03,    3.885500e-03,    4.079000e-03,    4.079000e-03,
        32,    6.309500e+01,   -8.859452e-03,   -2.708808e-04,    7.758147e-02,   -8.036618e-02,   -9.182043e-02,    9.362211e-02,    6.705414e-03,    1.708230e-03,    1.289493e+00,   -9.752641e-01,   -3.611242e+00,    2.223022e+00,    2.517924e+00,   -2.303012e+00,    1.970422e-01,   -7.391284e-01,   -4.445000e-03,   -3.609600e-03,    5.921000e-02,   -6.905700e-02,   -7.901100e-02,    8.190600e-02,    7.583000e-03,   -1.583700e-03,    3.423400e-03,    3.423400e-03,    5.087300e-03,    5.087300e-03,    5.087300e-03,    5.087300e-03,    4.453800e-03,    4.453800e-03,
        33,    2.511800e+01,    7.297670e-04,    6.227818e-03,    4.802265e-02,   -8.257280e-02,   -1.249520e-01,    1.033033e-01,   -1.059613e-02,   -2.905737e-03,    1.802686e+00,   -1.163239e+00,    4.421310e+00,   -8.077844e+00,   -7.312198e+00,    3.587379e+00,   -9.194423e-01,   -5.193717e-01,    1.632300e-02,   -3.834200e-03,    9.739100e-02,   -1.727700e-01,   -2.066000e-01,    1.433600e-01,   -2.104100e-02,   -8.805800e-03,    8.650000e-03,    8.650000e-03,    1.116600e-02,    1.116600e-02,    1.116600e-02,    1.116600e-02,    1.136000e-02,    1.136000e-02,
        33,    3.981000e+01,   -1.639443e-03,    8.354751e-03,    6.823646e-02,   -1.142687e-01,   -1.540055e-01,    1.272444e-01,   -9.742246e-03,   -7.780575e-03,    2.416996e+00,   -7.765499e-01,    4.413674e+00,   -8.115799e+00,   -7.168298e+00,    3.175772e+00,   -7.216337e-01,   -2.835790e-01,    3.161600e-02,   -2.329800e-03,    1.314800e-01,   -2.305600e-01,   -2.567200e-01,    1.727500e-01,   -1.862700e-02,   -1.127200e-02,    1.375900e-02,    1.375900e-02,    1.432900e-02,    1.432900e-02,    1.432900e-02,    1.432900e-02,    1.231200e-02,    1.231200e-02,
        33,    6.309500e+01,   -4.895967e-03,    1.024829e-02,    1.000468e-01,   -1.535023e-01,   -1.909293e-01,    1.549469e-01,   -6.003315e-03,   -1.335388e-02,    2.801782e+00,   -4.324313e-01,    4.257640e+00,   -8.418624e+00,   -7.191831e+00,    3.192600e+00,   -1.541516e-01,   -9.801633e-02,    5.322700e-02,    1.277500e-03,    1.797200e-01,   -3.110400e-01,   -3.255100e-01,    2.146900e-01,   -7.859300e-03,   -1.453400e-02,    2.074500e-02,    2.074500e-02,    1.871300e-02,    1.871300e-02,    1.871300e-02,    1.871300e-02,    1.204000e-02,    1.204000e-02,
        34,    2.511800e+01,   -1.232351e-02,   -3.399086e-03,    4.797223e-02,   -2.538720e-02,   -3.983356e-02,    2.716981e-02,    4.772511e-03,   -1.230374e-03,   -8.873960e-01,   -1.601056e+00,    4.711947e+00,   -1.913604e+00,   -5.360109e+00,    1.673538e+00,    1.038413e+00,   -3.344495e+00,   -1.759500e-02,   -1.291000e-02,    6.433400e-02,   -3.203200e-02,   -5.844600e-02,    3.298100e-02,    1.103300e-02,   -2.139400e-02,    5.940400e-03,    5.940400e-03,    3.472400e-03,    3.472400e-03,    3.472400e-03,    3.472400e-03,    6.028900e-03,    6.028900e-03,
        34,    3.981000e+01,   -1.042198e-02,   -5.654318e-03,    5.297423e-02,   -2.979972e-02,   -4.612707e-02,    3.290672e-02,    5.030695e-03,   -3.216783e-04,   -1.242518e+00,   -1.768766e+00,    3.521938e+00,   -9.169348e-01,   -6.429756e+00,    2.069838e+00,    1.454946e+00,   -2.173462e+00,   -1.851500e-02,   -1.717500e-02,    6.677600e-02,   -3.339300e-02,   -7.132400e-02,    4.101800e-02,    1.366100e-02,   -1.321400e-02,    6.513400e-03,    6.513400e-03,    3.918800e-03,    3.918800e-03,    3.918800e-03,    3.918800e-03,    5.931700e-03,    5.931700e-03,
        34,    6.309500e+01,   -7.183019e-03,   -6.728179e-03,    5.802799e-02,   -3.735163e-02,   -5.250729e-02,    4.103814e-02,    4.812133e-03,    3.679764e-04,   -2.041331e+00,    2.415874e-02,    3.442277e+00,   -2.353326e-01,   -6.204010e+00,    3.316747e+00,    1.090267e+00,   -1.146693e+00,   -1.997400e-02,   -6.576800e-03,    7.355300e-02,   -3.841300e-02,   -8.048800e-02,    5.599700e-02,    1.035200e-02,   -5.458600e-03,    6.266000e-03,    6.266000e-03,    4.510100e-03,    4.510100e-03,    4.510100e-03,    4.510100e-03,    5.081200e-03,    5.081200e-03,
        35,    2.511800e+01,   -1.532912e-03,   -2.920397e-05,    1.509995e-02,   -1.712847e-02,   -1.737664e-02,    1.895718e-02,    1.411136e-03,    9.076186e-04,    5.138410e-01,   -2.142949e+00,    8.872152e+00,   -1.044992e+01,   -9.000430e+00,    9.295726e+00,    9.429318e-01,    7.630768e-01,    2.755000e-04,   -7.571100e-03,    4.735200e-02,   -5.511600e-02,   -5.009500e-02,    5.274900e-02,    4.166100e-03,    3.137100e-03,    3.519400e-03,    3.519400e-03,    3.635200e-03,    3.635200e-03,    3.635200e-03,    3.635200e-03,    2.921700e-03,    2.921700e-03,
        35,    6.309500e+01,   -1.328357e-03,   -9.947061e-05,    2.436217e-02,   -3.029259e-02,   -2.707066e-02,    3.177718e-02,    8.809484e-04,    7.846773e-04,    1.226801e+00,   -1.792995e+00,    9.226713e+00,   -1.258774e+01,   -7.421216e+00,    8.626924e+00,    1.591535e+00,   -6.778359e-01,    6.355100e-03,   -1.132900e-02,    8.074200e-02,   -1.072100e-01,   -7.241800e-02,    8.449200e-02,    8.263600e-03,   -2.359600e-03,    6.263000e-03,    6.263000e-03,    6.110500e-03,    6.110500e-03,    6.110500e-03,    6.110500e-03,    4.638700e-03,    4.638700e-03,
        36,    2.511800e+01,    1.377256e-03,    1.309603e-02,    7.547484e-02,   -1.180734e-01,   -2.316669e-01,    1.376467e-01,   -1.330865e-02,   -2.631185e-02,    2.120728e+00,   -2.084469e+00,    4.184993e-01,   -1.778962e+00,   -1.093072e+01,    4.096509e+00,   -4.050861e-01,   -8.695898e-01,    1.963800e-02,   -4.852500e-03,    8.095300e-02,   -1.413600e-01,   -3.747500e-01,    1.912700e-01,   -2.216100e-02,   -4.531500e-02,    8.610600e-03,    8.610600e-03,    1.309000e-02,    1.309000e-02,    1.309000e-02,    1.309000e-02,    2.185300e-02,    2.185300e-02,
        36,    3.981000e+01,   -4.315705e-03,    1.503663e-02,    1.013735e-01,   -1.633757e-01,   -2.635826e-01,    1.712918e-01,    3.191052e-04,   -2.969456e-02,    2.803790e+00,   -1.890768e+00,    5.009880e-01,   -1.800524e+00,   -9.457225e+00,    3.241963e+00,    5.194199e-02,   -1.378479e+00,    3.157000e-02,   -9.163300e-03,    1.094800e-01,   -1.925100e-01,   -4.166100e-01,    2.237500e-01,    1.699100e-03,   -6.631800e-02,    1.279900e-02,    1.279900e-02,    1.618100e-02,    1.618100e-02,    1.618100e-02,    1.618100e-02,    2.656800e-02,    2.656800e-02,
        36,    6.309500e+01,   -1.085505e-02,    1.536436e-02,    1.415921e-01,   -2.225324e-01,   -3.074402e-01,    2.161943e-01,    1.328111e-02,   -2.799945e-02,    3.222776e+00,   -1.264935e+00,    9.547514e-01,   -2.347115e+00,   -7.792194e+00,    3.198025e+00,    6.153208e-01,   -1.913280e+00,    5.087400e-02,   -8.864200e-03,    1.614500e-01,   -2.713500e-01,   -4.695100e-01,    2.827100e-01,    3.511700e-02,   -9.589600e-02,    1.915400e-02,    1.915400e-02,    2.079900e-02,    2.079900e-02,    2.079900e-02,    2.079900e-02,    3.548700e-02,    3.548700e-02,
        37,    2.511800e+01,    1.131640e-02,   -2.459195e-03,    3.512772e-02,   -4.899040e-02,   -5.443840e-02,    5.104767e-02,   -9.096045e-03,    3.029170e-03,    1.946599e+00,   -1.089451e+00,    8.111295e+00,   -1.126025e+01,   -1.123120e+01,    1.122050e+01,   -5.181901e-01,   -2.164239e+00,    4.227900e-02,   -1.978800e-02,    1.406800e-01,   -1.955200e-01,   -2.005900e-01,    1.970600e-01,   -1.653000e-02,   -2.801900e-02,    1.590600e-02,    1.590600e-02,    1.301300e-02,    1.301300e-02,    1.301300e-02,    1.301300e-02,    1.434600e-02,    1.434600e-02,
        37,    3.981000e+01,    1.184338e-02,   -1.682626e-03,    4.703317e-02,   -6.520687e-02,   -6.617295e-02,    6.513108e-02,   -1.022474e-02,    2.050523e-03,    2.015112e+00,   -1.110245e+00,    8.252652e+00,   -1.111735e+01,   -1.091001e+01,    1.137369e+01,   -4.802989e-01,   -2.281068e+00,    5.206300e-02,   -2.384200e-02,    1.834000e-01,   -2.489100e-01,   -2.464500e-01,    2.530700e-01,   -1.938500e-02,   -4.145400e-02,    1.995900e-02,    1.995900e-02,    1.652400e-02,    1.652400e-02,    1.652400e-02,    1.652400e-02,    1.907200e-02,    1.907200e-02,
        38,    2.511800e+01,   -1.444997e-03,   -2.410815e-03,    3.814187e-02,   -2.413351e-02,   -2.294753e-02,    2.809643e-02,    4.591852e-03,    2.150024e-04,   -4.470346e+00,   -1.118667e+00,    7.091981e+00,   -5.365342e+00,   -3.352328e+00,    3.701610e+00,   -5.873481e-01,   -3.064511e-01,   -3.738300e-02,   -1.140400e-02,    6.080500e-02,   -4.127900e-02,   -3.591500e-02,    4.241500e-02,    3.379800e-03,   -4.173900e-04,    8.039200e-03,    8.039200e-03,    3.195600e-03,    3.195600e-03,    3.868200e-03,    3.868200e-03,    2.063600e-03,    2.063600e-03,
        38,    3.981000e+01,    2.747728e-04,   -1.917556e-03,    4.239512e-02,   -3.041808e-02,   -2.830472e-02,    3.822227e-02,    3.780498e-03,    7.794684e-04,   -4.064759e+00,   -1.608598e+00,    7.200049e+00,   -4.729773e+00,   -3.656943e+00,    5.805117e+00,   -4.397455e-01,   -1.197643e+00,   -3.497400e-02,   -1.586700e-02,    7.153300e-02,   -4.955900e-02,   -4.310400e-02,    6.171500e-02,    2.718600e-03,   -2.112600e-03,    8.671800e-03,    8.671800e-03,    4.046900e-03,    4.046900e-03,    4.046900e-03,    4.046900e-03,    2.414800e-03,    2.414800e-03,
        38,    6.309500e+01,    1.455305e-03,    2.250948e-04,    4.734610e-02,   -4.057469e-02,   -3.573052e-02,    5.284957e-02,    2.732331e-03,    2.751789e-04,   -3.188937e+00,   -2.377478e+00,    6.744602e+00,   -3.669468e+00,   -4.117956e+00,    7.872672e+00,   -3.905939e-01,   -1.484092e+00,   -2.682100e-02,   -2.085600e-02,    8.339600e-02,   -6.018800e-02,   -5.774100e-02,    9.492900e-02,    1.312600e-03,   -5.119200e-03,    8.867000e-03,    8.867000e-03,    5.345000e-03,    5.345000e-03,    5.345000e-03,    5.345000e-03,    3.634800e-03,    3.634800e-03,
        39,    2.511800e+01,   -7.135967e-03,   -5.825147e-03,    4.302863e-02,   -3.725072e-02,   -4.177615e-02,    2.914293e-02,    2.009493e-03,    2.673450e-03,   -1.683659e+00,   -2.080292e-01,    4.612610e+00,   -4.177751e+00,   -6.261010e+00,    4.168204e+00,   -6.857384e-01,    5.130771e-01,   -1.696500e-02,   -7.039600e-03,    6.197400e-02,   -5.441000e-02,   -6.749200e-02,    4.626300e-02,    1.296100e-04,    4.080000e-03,    5.837900e-03,    5.837900e-03,    4.107300e-03,    4.107300e-03,    4.107300e-03,    4.107300e-03,    2.741400e-03,    2.741400e-03,
        39,    3.981000e+01,   -4.250523e-03,   -8.296240e-03,    5.234794e-02,   -4.434931e-02,   -4.816835e-02,    3.653918e-02,    5.775788e-04,    3.260451e-03,   -1.654229e+00,   -3.647577e-01,    4.019220e+00,   -4.022111e+00,   -5.669688e+00,    4.050126e+00,   -2.662567e-01,    8.149821e-01,   -1.451700e-02,   -1.056000e-02,    7.130500e-02,   -6.332000e-02,   -7.491000e-02,    5.564200e-02,   -3.843800e-04,    6.204900e-03,    6.206200e-03,    6.206200e-03,    4.716600e-03,    4.716600e-03,    4.716600e-03,    4.716600e-03,    3.612900e-03,    3.612900e-03,
        39,    6.309500e+01,   -1.813473e-04,   -9.564594e-03,    6.277679e-02,   -5.421760e-02,   -5.627993e-02,    4.686263e-02,   -1.025169e-03,    3.135902e-03,   -1.290667e+00,   -8.726412e-01,    4.082601e+00,   -4.557050e+00,   -5.486441e+00,    4.543490e+00,   -3.555637e-01,    1.331171e+00,   -9.144900e-03,   -1.562500e-02,    8.657100e-02,   -8.077700e-02,   -8.825600e-02,    7.334300e-02,   -2.872500e-03,    1.005200e-02,    6.944900e-03,    6.944900e-03,    5.828200e-03,    5.828200e-03,    5.828200e-03,    5.828200e-03,    5.195500e-03,    5.195500e-03,
        40,    2.511800e+01,    1.861937e-04,   -1.685314e-02,    9.574279e-02,   -7.388601e-02,   -6.802926e-02,    6.479613e-02,   -2.329659e-05,    9.877725e-03,    8.267872e-01,   -7.287324e-01,   -7.980285e+00,    5.509245e+00,    7.061886e+00,   -6.538647e+00,    8.927207e-01,   -1.117609e+00,    5.635300e-03,   -2.165600e-02,    6.715900e-02,   -5.415300e-02,   -4.273500e-02,    4.137600e-02,    2.709500e-03,    6.456500e-03,    6.590700e-03,    6.590700e-03,    3.581800e-03,    3.581800e-03,    3.581800e-03,    3.581800e-03,    3.061200e-03,    3.061200e-03,
        40,    3.981000e+01,    9.097559e-03,   -1.598145e-02,    1.131713e-01,   -8.856426e-02,   -8.451274e-02,    8.322473e-02,   -4.979614e-03,    1.044148e-02,    1.720662e+00,   -5.428305e-02,   -5.044171e+00,    5.200475e+00,    6.659623e+00,   -6.603077e+00,    2.721845e+00,   -1.122782e+00,    2.369600e-02,   -1.644200e-02,    9.006700e-02,   -6.474400e-02,   -5.400900e-02,    5.298000e-02,    5.128500e-03,    6.271800e-03,    8.484200e-03,    8.484200e-03,    4.580400e-03,    4.580400e-03,    4.580400e-03,    4.580400e-03,    3.713700e-03,    3.713700e-03,
        41,    2.511800e+01,    6.922164e-02,    5.127538e-03,    1.440882e-01,   -1.533477e-01,   -1.925622e-01,    1.251147e-01,   -5.751829e-02,    3.704591e-03,   -5.704342e+00,   -7.919351e-01,   -2.705921e+01,    2.898748e+01,    3.387603e+01,   -2.271704e+01,    5.094256e+00,    4.374704e-01,    3.074300e-02,   -2.144600e-04,    4.538700e-02,   -4.761300e-02,   -6.899600e-02,    4.225200e-02,   -2.353400e-02,    6.623000e-03,    6.745500e-03,    6.745500e-03,    3.647600e-03,    3.647600e-03,    3.647600e-03,    3.647600e-03,    6.671100e-03,    6.671100e-03,
        41,    3.981000e+01,    6.144642e-02,    9.045123e-03,    1.763390e-01,   -1.944640e-01,   -2.080342e-01,    1.675774e-01,   -5.486313e-02,   -2.515419e-03,   -4.917672e+00,   -1.635964e+00,   -2.815301e+01,    3.012335e+01,    3.148623e+01,   -2.647104e+01,    4.265723e+00,    1.415251e+00,    2.652800e-02,   -2.571200e-03,    5.445900e-02,   -6.405400e-02,   -7.172400e-02,    5.297900e-02,   -2.434700e-02,    7.609000e-03,    7.100600e-03,    7.100600e-03,    4.329200e-03,    4.329200e-03,    4.329200e-03,    4.329200e-03,    7.153800e-03,    7.153800e-03,
        41,    6.309500e+01,    5.301150e-02,    6.093464e-03,    2.116524e-01,   -2.543872e-01,   -2.324979e-01,    2.376261e-01,   -4.882328e-02,   -4.974992e-03,   -3.510735e+00,   -1.970509e+00,   -2.578100e+01,    2.999520e+01,    2.776188e+01,   -2.798534e+01,    2.690604e+00,    1.681251e+00,    2.454400e-02,   -9.884800e-03,    6.788200e-02,   -8.711600e-02,   -7.768100e-02,    8.156300e-02,   -2.624400e-02,    9.133900e-03,    8.108700e-03,    8.108700e-03,    5.576600e-03,    5.576600e-03,    5.576600e-03,    5.576600e-03,    8.391900e-03,    8.391900e-03,
        42,    2.511800e+01,   -2.174667e-02,   -5.205919e-03,    6.445845e-02,   -5.354589e-02,   -5.786711e-02,    4.349571e-02,    1.380697e-02,   -1.893166e-03,    1.647293e+00,   -9.620787e-01,   -6.111275e-01,    2.510278e-01,   -1.297914e+00,    1.404190e+00,   -8.587685e-01,    1.301189e+00,   -1.270600e-02,   -1.048600e-02,    6.199500e-02,   -5.253400e-02,   -6.309900e-02,    4.915600e-02,    1.003200e-02,    3.826600e-03,    5.488200e-03,    5.488200e-03,    4.031000e-03,    4.031000e-03,    4.031000e-03,    4.031000e-03,    4.395800e-03,    4.395800e-03,
        42,    3.981000e+01,   -1.823736e-02,   -9.355597e-03,    7.749259e-02,   -6.318443e-02,   -6.727975e-02,    5.412915e-02,    1.467346e-02,    3.159035e-03,    1.404422e+00,   -1.123500e+00,   -7.045133e-01,   -1.594625e-01,   -1.339786e+00,    2.091287e+00,   -9.565411e-01,    1.342895e+00,   -9.160300e-03,   -1.661700e-02,    7.404400e-02,   -6.396500e-02,   -7.383800e-02,    6.436600e-02,    9.328400e-03,    1.066300e-02,    6.463200e-03,    6.463200e-03,    4.895000e-03,    4.895000e-03,    4.895000e-03,    4.895000e-03,    5.587900e-03,    5.587900e-03,
        42,    6.309500e+01,   -1.334152e-02,   -1.172446e-02,    9.154178e-02,   -7.709887e-02,   -7.930802e-02,    6.936368e-02,    1.190734e-02,    8.557052e-03,    1.262983e+00,   -1.497635e+00,   -4.536536e-01,   -6.555152e-01,   -1.612298e+00,    2.796333e+00,   -9.002992e-01,    1.512889e+00,   -3.163900e-03,   -2.379300e-02,    8.877000e-02,   -8.110400e-02,   -8.915900e-02,    8.644900e-02,    5.062100e-03,    2.006000e-02,    8.058400e-03,    8.058400e-03,    6.109900e-03,    6.109900e-03,    6.109900e-03,    6.109900e-03,    7.603300e-03,    7.603300e-03,
        43,    2.511800e+01,    1.298184e-02,   -7.974950e-03,    9.721204e-02,   -8.087668e-02,   -8.131053e-02,    9.554798e-02,    1.222717e-03,   -2.795385e-04,   -2.469694e+00,    3.912075e+00,   -4.648041e+00,    4.308459e+00,    4.708569e+00,   -3.889069e+00,    2.939123e+00,   -1.054088e+00,    5.540900e-04,    1.171100e-02,    7.482800e-02,   -6.012800e-02,   -5.863500e-02,    7.681900e-02,    2.228800e-02,   -7.834400e-03,    5.032100e-03,    5.032100e-03,    4.815800e-03,    4.815800e-03,    4.815800e-03,    4.815800e-03,    7.167200e-03,    7.167200e-03,
        43,    3.981000e+01,    1.278616e-02,   -5.747593e-03,    1.147957e-01,   -1.042684e-01,   -1.054784e-01,    1.271891e-01,    2.582312e-03,    5.625866e-04,   -2.566356e+00,    3.053400e+00,   -3.594097e+00,    4.744624e+00,    4.030948e+00,   -4.614462e+00,    2.665925e+00,   -6.966372e-01,   -7.950000e-04,    1.041100e-02,    9.264200e-02,   -7.502300e-02,   -8.063200e-02,    9.874600e-02,    2.575000e-02,   -5.491400e-03,    5.292000e-03,    5.292000e-03,    6.163900e-03,    6.163900e-03,    6.163900e-03,    6.163900e-03,    8.690300e-03,    8.690300e-03,
        43,    6.309500e+01,    1.223711e-02,   -6.440600e-03,    1.386957e-01,   -1.358081e-01,   -1.373644e-01,    1.662447e-01,    2.643661e-03,    2.704926e-03,   -1.761632e+00,    2.848350e+00,   -3.205360e+00,    5.287341e+00,    3.946783e+00,   -4.795447e+00,    2.776555e+00,   -5.399865e-01,    1.767200e-03,    1.048800e-02,    1.135400e-01,   -9.431300e-02,   -1.063900e-01,    1.286100e-01,    3.417700e-02,   -3.427700e-03,    5.943300e-03,    5.943300e-03,    7.848000e-03,    7.848000e-03,    7.848000e-03,    7.848000e-03,    1.135700e-02,    1.135700e-02,
        44,    2.511800e+01,   -4.563495e-03,   -1.483171e-02,    1.013613e-01,   -9.936778e-02,   -1.053623e-01,    9.052995e-02,    3.036165e-03,    4.259795e-03,   -1.386936e-01,    5.502063e-01,   -5.654370e+00,    5.405643e+00,    7.410197e+00,   -5.871886e+00,    6.063501e-02,   -1.638548e-01,   -5.325700e-03,   -1.180800e-02,    7.366000e-02,   -7.288500e-02,   -6.905900e-02,    6.176300e-02,    3.230700e-03,    3.734100e-03,    5.495600e-03,    5.495600e-03,    4.899100e-03,    4.899100e-03,    4.899100e-03,    4.899100e-03,    3.208300e-03,    3.208300e-03,
        44,    3.981000e+01,    1.860254e-03,   -1.217011e-02,    1.244104e-01,   -1.305465e-01,   -1.254128e-01,    1.251074e-01,    1.061070e-03,    5.539882e-03,   -5.957169e-01,    5.365561e-01,   -5.787762e+00,    6.906440e+00,    6.998630e+00,   -7.160056e+00,    1.277480e-01,   -6.676015e-02,   -1.225500e-03,   -9.390800e-03,    8.935800e-02,   -8.871900e-02,   -8.302700e-02,    8.174400e-02,    1.546500e-03,    5.286200e-03,    5.179900e-03,    5.179900e-03,    6.056300e-03,    6.056300e-03,    6.056300e-03,    6.056300e-03,    3.799900e-03,    3.799900e-03,
        44,    6.309500e+01,    5.629526e-03,   -7.604127e-03,    1.585400e-01,   -1.708870e-01,   -1.583412e-01,    1.695876e-01,   -2.185436e-03,    5.706854e-03,   -3.696107e-01,    2.303118e-01,   -5.397891e+00,    6.243460e+00,    6.446505e+00,   -6.541154e+00,   -1.734595e-01,   -4.073014e-02,    3.687000e-03,   -6.393700e-03,    1.148300e-01,   -1.203300e-01,   -1.061400e-01,    1.166200e-01,   -3.004200e-03,    5.514600e-03,    5.255600e-03,    5.255600e-03,    8.097600e-03,    8.097600e-03,    8.097600e-03,    8.097600e-03,    4.720200e-03,    4.720200e-03,
        45,    2.511800e+01,   -5.441379e-03,    5.354708e-03,    4.849949e-02,   -7.117654e-02,   -6.208994e-02,    7.760957e-02,    4.814226e-03,   -5.441565e-03,   -4.018086e-01,   -3.453391e-01,   -7.679999e-01,    8.526153e-01,    1.135492e+00,   -9.135474e-01,   -2.822992e-01,   -4.873992e-02,   -6.983400e-03,    4.029400e-03,    4.515900e-02,   -6.746800e-02,   -5.715100e-02,    7.363600e-02,    3.751200e-03,   -5.625100e-03,    3.837700e-03,    3.837700e-03,    4.349600e-03,    4.349600e-03,    4.349600e-03,    4.349600e-03,    3.765600e-03,    3.765600e-03,
        45,    3.981000e+01,   -7.405314e-03,    5.928198e-03,    6.839503e-02,   -9.402477e-02,   -8.391713e-02,    9.806185e-02,    7.221838e-03,   -5.678632e-03,   -2.954033e-01,   -4.732190e-01,   -8.475646e-01,    5.650571e-01,    8.379251e-01,   -1.009459e+00,   -3.803221e-01,   -5.385290e-01,   -8.847000e-03,    3.618700e-03,    6.348000e-02,   -9.074800e-02,   -7.905800e-02,    9.220800e-02,    5.236100e-03,   -8.490400e-03,    4.880400e-03,    4.880400e-03,    5.799000e-03,    5.799000e-03,    5.799000e-03,    5.799000e-03,    5.221200e-03,    5.221200e-03,
        45,    6.309500e+01,   -9.747465e-03,    6.026834e-03,    9.459913e-02,   -1.202739e-01,   -1.113415e-01,    1.215055e-01,    9.830599e-03,   -5.163733e-03,   -1.110226e-01,   -5.262630e-01,   -2.401725e-01,   -4.476401e-01,    4.113022e-01,   -6.863177e-01,   -3.112753e-01,   -8.467400e-01,   -1.042800e-02,    2.801000e-03,    9.271800e-02,   -1.237800e-01,   -1.081200e-01,    1.161300e-01,    7.674800e-03,   -1.102800e-02,    6.129700e-03,    6.129700e-03,    7.832400e-03,    7.832400e-03,    7.832400e-03,    7.832400e-03,    6.925700e-03,    6.925700e-03,
        46,    2.511800e+01,   -3.666691e-02,   -8.656779e-03,    1.059739e-01,   -7.731576e-02,   -9.214551e-02,    6.388913e-02,    1.880948e-02,   -3.539309e-04,   -9.024080e-01,    1.131916e+00,   -7.823686e+00,    3.696567e+00,    5.595782e+00,   -4.956085e+00,   -8.549370e-01,   -1.779402e+00,   -4.555500e-02,    2.491800e-03,    7.196900e-02,   -6.124900e-02,   -6.782400e-02,    4.234800e-02,    1.402500e-02,   -1.031200e-02,    9.849300e-03,    9.849300e-03,    4.346400e-03,    4.346400e-03,    4.346400e-03,    4.346400e-03,    5.596300e-03,    5.596300e-03,
        46,    3.981000e+01,   -3.095642e-02,   -1.153943e-02,    1.231831e-01,   -9.145652e-02,   -1.040651e-01,    8.382154e-02,    1.863182e-02,    3.205227e-03,   -1.286950e+00,    1.388373e+00,   -7.858262e+00,    2.907528e+00,    5.118613e+00,   -5.545694e+00,   -5.551524e-01,   -2.482010e+00,   -4.465600e-02,    3.239800e-03,    8.253000e-02,   -7.641500e-02,   -7.758500e-02,    5.513200e-02,    1.501300e-02,   -1.297400e-02,    1.064500e-02,    1.064500e-02,    5.173300e-03,    5.173300e-03,    5.173300e-03,    5.173300e-03,    6.518600e-03,    6.518600e-03,
        46,    6.309500e+01,   -2.490858e-02,   -1.131404e-02,    1.424705e-01,   -1.147063e-01,   -1.219779e-01,    1.137975e-01,    1.631413e-02,    6.617875e-03,   -1.586118e+00,    1.416489e+00,   -7.573201e+00,    2.841619e+00,    4.913755e+00,   -5.929744e+00,   -1.387628e-02,   -2.898760e+00,   -4.314100e-02,    4.968500e-03,    9.451400e-02,   -9.671200e-02,   -9.086200e-02,    7.624800e-02,    1.620600e-02,   -1.597100e-02,    1.149500e-02,    1.149500e-02,    6.332400e-03,    6.332400e-03,    6.332400e-03,    6.332400e-03,    7.792600e-03,    7.792600e-03,
        47,    2.511800e+01,    4.902894e-02,    1.061187e-02,    1.646872e-01,   -1.533710e-01,   -1.924451e-01,    1.058946e-01,   -5.781785e-02,    1.222775e-02,   -4.472242e+00,    1.861054e+00,   -8.578762e+00,    7.385782e+00,    1.220016e+01,   -6.387471e+00,    6.028396e+00,   -3.697634e+00,    4.776100e-03,    2.902700e-02,    1.061800e-01,   -1.030000e-01,   -1.092400e-01,    6.233200e-02,   -1.250300e-02,   -1.556700e-02,    9.895000e-03,    9.895000e-03,    6.820000e-03,    6.820000e-03,    6.820000e-03,    6.820000e-03,    7.516900e-03,    7.516900e-03,
        47,    3.981000e+01,    4.472870e-02,    2.012261e-02,    2.074273e-01,   -1.844834e-01,   -2.193575e-01,    1.186152e-01,   -6.391890e-02,   -4.455290e-04,   -3.637312e+00,    1.572661e+00,   -9.622586e+00,    8.766636e+00,    1.195967e+01,   -5.665044e+00,    6.367072e+00,   -2.398064e+00,   -6.940500e-04,    3.976200e-02,    1.310500e-01,   -1.149000e-01,   -1.244300e-01,    7.365000e-02,   -8.888300e-03,   -2.117200e-02,    1.248800e-02,    1.248800e-02,    7.937300e-03,    7.937300e-03,    7.937300e-03,    7.937300e-03,    8.643000e-03,    8.643000e-03,
        47,    6.309500e+01,    3.653642e-02,    2.967962e-02,    2.600654e-01,   -2.232742e-01,   -2.481333e-01,    1.374037e-01,   -6.256515e-02,   -1.678223e-02,   -2.494938e+00,    1.758744e+00,   -1.015032e+01,    1.007898e+01,    1.052500e+01,   -4.276749e+00,    5.435370e+00,   -9.781018e-01,   -4.804700e-03,    5.882200e-02,    1.631400e-01,   -1.270300e-01,   -1.476300e-01,    9.656500e-02,   -5.667700e-03,   -2.702100e-02,    1.657000e-02,    1.657000e-02,    9.549000e-03,    9.549000e-03,    9.549000e-03,    9.549000e-03,    1.046800e-02,    1.046800e-02,
        48,    2.511800e+01,    1.411758e-03,    3.564099e-04,    6.566455e-02,   -5.651878e-02,   -6.748695e-02,    6.162828e-02,    4.972178e-04,    3.970506e-03,   -6.860966e-01,    2.350355e-01,    1.890703e+00,   -1.901072e+00,   -2.957568e+00,    2.195350e+00,   -1.138174e+00,    8.109951e-01,    4.725600e-04,    6.781500e-04,    7.565200e-02,   -6.656100e-02,   -8.311000e-02,    7.322500e-02,   -4.990600e-03,    7.880800e-03,    1.368900e-03,    1.368900e-03,    5.282400e-03,    5.282400e-03,    5.282400e-03,    5.282400e-03,    4.821600e-03,    4.821600e-03,
        48,    3.981000e+01,    6.233833e-04,   -1.519480e-03,    7.896588e-02,   -6.929790e-02,   -8.343781e-02,    7.545904e-02,   -1.103418e-03,    4.535534e-03,   -2.492348e-01,   -3.534065e-01,    1.085149e+00,   -1.709568e+00,   -2.340646e+00,    1.693515e+00,   -1.102325e+00,    7.754957e-01,   -4.713300e-06,   -2.410100e-03,    8.566700e-02,   -7.985500e-02,   -9.789200e-02,    8.591700e-02,   -7.603500e-03,    9.108400e-03,    2.520100e-03,    2.520100e-03,    6.175300e-03,    6.175300e-03,    6.175300e-03,    6.175300e-03,    5.896700e-03,    5.896700e-03,
        48,    6.309500e+01,    1.872262e-03,   -3.962557e-03,    9.423144e-02,   -8.722529e-02,   -1.020961e-01,    9.330155e-02,   -3.262625e-03,    4.706109e-03,   -1.614446e-01,    2.051842e-01,    1.411656e+00,   -1.673894e+00,   -2.246033e+00,    1.605244e+00,   -9.367345e-01,    8.994561e-01,    1.324900e-03,   -3.266900e-03,    1.049500e-01,   -9.993500e-02,   -1.191500e-01,    1.054900e-01,   -1.018500e-02,    1.135300e-02,    3.390400e-03,    3.390400e-03,    7.592900e-03,    7.592900e-03,    7.592900e-03,    7.592900e-03,    7.389900e-03,    7.389900e-03,
VTF,
     StaID,        Freq[Hz],     Re(Tzx)_Cal,     Im(Tzx)_Cal,     Re(Tzy)_Cal,     Im(Tzy)_Cal,     Re(Tzx)_Res,     Im(Tzx)_Res,     Re(Tzy)_Res,     Im(Tzy)_Res,     Re(Tzx)_Obs,     Im(Tzx)_Obs,     Re(Tzy)_Obs,     Im(Tzy)_Obs,      Re(Tzx)_SD,      Im(Tzx)_SD,      Re(Tzy)_SD,      Im(Tzy)_SD,
      1001,    2.511800e+01,    2.079649e-02,    1.356428e-02,    1.261484e-01,   -5.503900e-03,    9.566503e-01,    1.437575e-01,   -3.379472e-01,   -2.639700e-01,    4.949600e-02,    1.787700e-02,    1.160100e-01,   -1.342300e-02,    3.000000e-02,    3.000000e-02,    3.000000e-02,    3.000000e-02,
      1001,    3.981000e+01,    3.295492e-02,   -9.605641e-03,    1.245880e-01,    1.839831e-02,    7.201360e-01,    7.025214e-01,   -2.635992e-01,   -6.177657e-01,    5.455900e-02,    1.147000e-02,    1.166800e-01,   -1.346600e-04,    3.000000e-02,    3.000000e-02,    3.000000e-02,    3.000000e-02,
      1001,    6.309500e+01,    5.111513e-02,   -1.302853e-02,    1.097721e-01,    3.773128e-02,    3.042957e-01,    7.825176e-01,    1.502634e-01,   -8.758759e-01,    6.024400e-02,    1.044700e-02,    1.142800e-01,    1.145500e-02,    3.000000e-02,    3.000000e-02,    3.000000e-02,    3.000000e-02,
      1002,    2.511800e+01,    7.825941e-02,   -1.426641e-02,   -1.057294e-01,    5.759183e-02,    5.413529e-01,    1.756336e-01,   -5.083538e-01,    4.243913e-02,    9.450000e-02,   -8.997400e-03,   -1.209800e-01,    5.886500e-02,    3.000000e-02,    3.000000e-02,    3.000000e-02,    3.000000e-02,
      1002,    3.981000e+01,    1.066400e-01,   -3.859864e-02,   -1.373782e-01,    6.990621e-02,    3.486670e-01,    5.891214e-01,   -5.933940e-01,   -4.466735e-01,    1.171000e-01,   -2.092500e-02,   -1.551800e-01,    5.650600e-02,    3.000000e-02,    3.000000e-02,    3.000000e-02,    3.000000e-02,
      1002,    6.309500e+01,    1.405012e-01,   -3.315504e-02,   -1.755605e-01,    6.182424e-02,    2.572934e-01,    4.123013e-01,   -7.609818e-01,   -6.281080e-01,    1.482200e-01,   -2.078600e-02,   -1.983900e-01,    4.298100e-02,    3.000000e-02,    3.000000e-02,    3.000000e-02,    3.000000e-02,
      1003,    3.981000e+01,    4.660182e-02,   -3.064357e-02,   -9.627555e-02,    4.474161e-02,    8.953727e-01,    3.669189e-01,    3.464184e-01,    8.775798e-01,    7.346300e-02,   -1.963600e-02,   -8.588300e-02,    7.106900e-02,    3.000000e-02,    3.000000e-02,    3.000000e-02,    3.000000e-02,
      1003,    6.309500e+01,    7.070046e-02,   -3.180864e-02,   -1.220106e-01,    3.341374e-02,    9.744512e-01,    2.451548e-01,   -1.683149e-01,    5.525753e-01,    9.993400e-02,   -2.445400e-02,   -1.270600e-01,    4.999100e-02,    3.000000e-02,    3.000000e-02,    3.000000e-02,    3.000000e-02,
      1004,    2.511800e+01,   -4.197479e-02,    3.490360e-02,    3.492411e-01,    1.662876e-01,   -4.818070e-01,    1.247613e+00,   -5.873688e-01,   -1.066588e+00,   -5.642900e-02,    7.233200e-02,    3.316200e-01,    1.342900e-01,    3.000000e-02,    3.000000e-02,    3.000000e-02,    3.000000e-02,
      1004,    3.981000e+01,   -4.927306e-02,    2.262689e-02,    2.840817e-01,    1.671145e-01,   -4.214645e-01,    1.232437e+00,    3.275324e-03,   -8.918152e-01,   -6.191700e-02,    5.960000e-02,    2.841800e-01,    1.403600e-01,    3.000000e-02,    3.000000e-02,    3.000000e-02,    3.000000e-02,
      1004,    6.309500e+01,   -4.912815e-02,    1.624143e-02,    2.270008e-01,    1.550149e-01,   -5.676951e-01,    9.349856e-01,    4.559734e-01,   -6.818312e-01,   -6.615900e-02,    4.429100e-02,    2.406800e-01,    1.345600e-01,    3.000000e-02,    3.000000e-02,    3.000000e-02,    3.000000e-02,
      1005,    2.511800e+01,    4.389872e-02,    6.326530e-02,    1.392589e-01,   -9.679471e-03,    5.778094e-01,   -2.362765e-01,   -5.099633e-01,   -6.221762e-02,    6.123300e-02,    5.617700e-02,    1.239600e-01,   -1.154600e-02,    3.000000e-02,    3.000000e-02,    3.000000e-02,    3.000000e-02,
      1005,    3.981000e+01,    3.358700e-02,    4.761178e-02,    1.416198e-01,    1.347157e-02,    6.122000e-01,    2.290407e-01,   -6.199308e-02,   -3.456757e-01,    5.195300e-02,    5.448300e-02,    1.397600e-01,    3.101300e-03,    3.000000e-02,    3.000000e-02,    3.000000e-02,    3.000000e-02,
      1005,    6.309500e+01,    2.814084e-02,    4.505336e-02,    1.311540e-01,    3.609639e-02,    4.131721e-01,    6.841880e-01,    2.155329e-01,   -1.597131e-01,    4.053600e-02,    6.557900e-02,    1.376200e-01,    3.130500e-02,    3.000000e-02,    3.000000e-02,    3.000000e-02,    3.000000e-02,
      1006,    2.511800e+01,    2.824673e-02,    4.280123e-02,   -2.394862e-02,    2.155018e-02,   -5.341576e-01,   -6.569077e-01,    1.236587e+00,    4.647608e-01,    1.222200e-02,    2.309400e-02,    1.314900e-02,    3.549300e-02,    3.000000e-02,    3.000000e-02,    3.000000e-02,    3.000000e-02,
      1006,    3.981000e+01,    5.376123e-03,    4.665566e-02,   -2.547822e-02,    1.776638e-03,   -2.779341e-01,   -8.000220e-01,    8.810876e-01,    6.388787e-01,   -2.961900e-03,    2.265500e-02,    9.544100e-04,    2.094300e-02,    3.000000e-02,    3.000000e-02,    3.000000e-02,    3.000000e-02,
      1006,    6.309500e+01,   -1.511349e-02,    4.057327e-02,   -1.798845e-02,   -1.298129e-02,    4.364969e-02,   -6.821423e-01,    2.128151e-01,    6.004798e-01,   -1.380400e-02,    2.010900e-02,   -1.160400e-02,    5.033100e-03,    3.000000e-02,    3.000000e-02,    3.000000e-02,    3.000000e-02,
      1007,    2.511800e+01,   -7.949481e-02,   -1.052708e-02,    1.140378e-01,    5.750574e-02,    4.122269e-01,    3.057495e-01,   -2.962602e-01,   -1.008579e-01,   -6.712800e-02,   -1.354600e-03,    1.051500e-01,    5.448000e-02,    3.000000e-02,    3.000000e-02,    3.000000e-02,    3.000000e-02,
      1007,    3.981000e+01,   -7.699232e-02,   -1.910856e-02,    9.210782e-02,    7.331197e-02,   -3.072263e-02,    3.891920e-01,   -3.203272e-01,   -3.967991e-01,   -7.791400e-02,   -7.432800e-03,    8.249800e-02,    6.140800e-02,    3.000000e-02,    3.000000e-02,    3.000000e-02,    3.000000e-02,
      1007,    6.309500e+01,   -6.802791e-02,   -2.723512e-02,    6.060032e-02,    8.425634e-02,   -1.549364e-01,    2.577708e-01,   -1.073773e-01,   -4.563112e-01,   -7.267600e-02,   -1.950200e-02,    5.737900e-02,    7.056700e-02,    3.000000e-02,    3.000000e-02,    3.000000e-02,    3.000000e-02,
      1008,    2.511800e+01,    3.388886e-02,    3.975621e-02,   -9.674126e-02,   -1.695496e-02,   -5.679286e-01,    4.729931e-01,   -1.096958e+00,   -1.115035e+00,    1.685100e-02,    5.394600e-02,   -1.296500e-01,   -5.040600e-02,    3.000000e-02,    3.000000e-02,    3.000000e-02,    3.000000e-02,
      1009,    2.511800e+01,   -2.954927e-01,   -3.644837e-02,    1.916037e-01,   -1.203787e-03,    1.673756e+00,    2.832790e-01,   -5.951232e-01,    1.368362e-01,   -2.452800e-01,   -2.795000e-02,    1.737500e-01,    2.901300e-03,    3.000000e-02,    3.000000e-02,    3.000000e-02,    3.000000e-02,
      1009,    3.981000e+01,   -2.582773e-01,   -8.396883e-02,    2.037718e-01,    7.804747e-03,    1.154575e+00,    3.565945e-01,   -1.723942e-01,   -2.418382e-01,   -2.236400e-01,   -7.327100e-02,    1.986000e-01,    5.496000e-04,    3.000000e-02,    3.000000e-02,    3.000000e-02,    3.000000e-02,
      1010,    2.511800e+01,   -5.444104e-03,    1.323612e-01,    5.556591e-02,    3.138997e-02,    2.225268e-01,    1.342948e-01,   -1.443030e+00,    1.100034e+00,    1.231700e-03,    1.363900e-01,    1.227500e-02,    6.439100e-02,    3.000000e-02,    3.000000e-02,    3.000000e-02,    3.000000e-02,
      1010,    3.981000e+01,   -5.989355e-02,    1.018863e-01,    4.348338e-02,    3.599661e-02,    7.740518e-01,    4.747897e-01,   -1.235299e+00,    1.229797e-01,   -3.667200e-02,    1.161300e-01,    6.424400e-03,    3.968600e-02,    3.000000e-02,    3.000000e-02,    3.000000e-02,    3.000000e-02,
      1010,    6.309500e+01,   -9.017712e-02,    5.520626e-02,    2.999668e-02,    3.848174e-02,    5.952039e-01,   -1.409754e-01,   -7.870627e-01,   -4.797579e-01,   -7.232100e-02,    5.097700e-02,    6.384800e-03,    2.408900e-02,    3.000000e-02,    3.000000e-02,    3.000000e-02,    3.000000e-02,
      1011,    2.511800e+01,    1.277240e-01,    5.925553e-02,   -1.713875e-02,   -3.475401e-02,   -3.754666e-01,   -3.220510e-01,    4.175839e-02,    3.285005e-01,    1.164600e-01,    4.959400e-02,   -1.588600e-02,   -2.489900e-02,    3.000000e-02,    3.000000e-02,    3.000000e-02,    3.000000e-02,
      1011,    3.981000e+01,    9.859444e-02,    6.419714e-02,   -8.871681e-03,   -2.670165e-02,   -4.918813e-01,   -1.054705e+00,    1.299189e+00,    2.251218e-01,    8.383800e-02,    3.255600e-02,    3.010400e-02,   -1.994800e-02,    3.000000e-02,    3.000000e-02,    3.000000e-02,    3.000000e-02,
      1011,    6.309500e+01,    7.258045e-02,    5.528579e-02,   -5.874738e-03,   -2.121713e-02,    4.083850e-01,   -2.572930e-01,   -2.279754e-01,   -1.944955e-01,    8.483200e-02,    4.756700e-02,   -1.271400e-02,   -2.705200e-02,    3.000000e-02,    3.000000e-02,    3.000000e-02,    3.000000e-02,
      1012,    2.511800e+01,    8.104204e-02,    7.209738e-02,   -4.244443e-02,   -9.146915e-03,    6.198653e-03,    8.190207e-01,   -3.693857e-01,   -4.475695e-01,    8.122800e-02,    9.666800e-02,   -5.352600e-02,   -2.257400e-02,    3.000000e-02,    3.000000e-02,    3.000000e-02,    3.000000e-02,
      1012,    3.981000e+01,    6.524674e-02,    5.009254e-02,   -2.977976e-02,   -1.595635e-02,    1.164442e+00,    6.323488e-01,   -2.239745e-01,   -4.986218e-01,    1.001800e-01,    6.906300e-02,   -3.649900e-02,   -3.091500e-02,    3.000000e-02,    3.000000e-02,    3.000000e-02,    3.000000e-02,
      1012,    6.309500e+01,    5.744253e-02,    3.022867e-02,   -1.738783e-02,   -1.614731e-02,    2.223156e-01,    4.672109e-01,   -5.393903e-02,    3.869605e-01,    6.411200e-02,    4.424500e-02,   -1.900600e-02,   -4.538500e-03,    3.000000e-02,    3.000000e-02,    3.000000e-02,    3.000000e-02,
      1014,    2.511800e+01,    1.851994e-01,    1.817710e-01,   -6.477978e-02,    9.592865e-02,    3.713547e-01,   -1.006368e+00,   -1.390341e+00,   -1.281422e+00,    1.963400e-01,    1.515800e-01,   -1.064900e-01,    5.748600e-02,    3.000000e-02,    3.000000e-02,    3.000000e-02,    3.000000e-02,
      1014,    3.981000e+01,    1.030026e-01,    2.026093e-01,   -9.935692e-02,    6.564735e-02,    1.219245e+00,   -9.783086e-01,   -2.067692e-01,   -1.498245e+00,    1.395800e-01,    1.732600e-01,   -1.055600e-01,    2.070000e-02,    3.000000e-02,    3.000000e-02,    3.000000e-02,    3.000000e-02,
      1014,    6.309500e+01,    2.169577e-02,    1.973076e-01,   -1.138880e-01,    2.885168e-02,    9.473409e-01,   -1.075866e-01,    7.733343e-01,   -1.907489e+00,    5.011600e-02,    1.940800e-01,   -9.068800e-02,   -2.837300e-02,    3.000000e-02,    3.000000e-02,    3.000000e-02,    3.000000e-02,
      1015,    2.511800e+01,   -6.053696e-02,    6.711129e-02,   -2.161991e-02,    2.258566e-03,    4.744654e-01,   -7.633765e-01,   -8.681031e-01,   -1.490855e-01,   -4.630300e-02,    4.421000e-02,   -4.766300e-02,   -2.214000e-03,    3.000000e-02,    3.000000e-02,    3.000000e-02,    3.000000e-02,
      1015,    3.981000e+01,   -7.528071e-02,    2.891983e-02,   -2.422935e-02,    1.009264e-02,    7.893905e-01,    6.638906e-03,   -7.453882e-01,   -6.249113e-01,   -5.159900e-02,    2.911900e-02,   -4.659100e-02,   -8.654700e-03,    3.000000e-02,    3.000000e-02,    3.000000e-02,    3.000000e-02,
      1015,    6.309500e+01,   -6.869682e-02,   -2.546803e-04,   -3.320965e-02,    1.345084e-02,   -1.019726e-01,   -5.185107e-01,   -2.921117e-01,   -8.070945e-01,   -7.175600e-02,   -1.581000e-02,   -4.197300e-02,   -1.076200e-02,    3.000000e-02,    3.000000e-02,    3.000000e-02,    3.000000e-02,
      1016,    2.511800e+01,   -1.734076e-02,    1.402260e-01,   -3.959489e-02,    5.374710e-03,   -9.990793e-02,   -3.865345e-01,    1.735629e-01,   -9.538903e-01,   -2.033800e-02,    1.286300e-01,   -3.438800e-02,   -2.324200e-02,    3.000000e-02,    3.000000e-02,    3.000000e-02,    3.000000e-02,
      1016,    3.981000e+01,   -7.697409e-02,    1.268681e-01,   -3.682094e-02,   -1.153704e-02,   -2.337864e+00,   -5.742713e-01,   -8.429355e-01,   -1.701832e+00,   -1.471100e-01,    1.096400e-01,   -6.210900e-02,   -6.259200e-02,    3.000000e-02,    3.000000e-02,    3.000000e-02,    3.000000e-02,
      1016,    6.309500e+01,   -1.205385e-01,    9.389962e-02,   -2.623077e-02,   -2.566941e-02,   -6.683827e-01,   -8.851874e-01,   -3.639409e-01,   -6.223864e-01,   -1.405900e-01,    6.734400e-02,   -3.714900e-02,   -4.434100e-02,    3.000000e-02,    3.000000e-02,    3.000000e-02,    3.000000e-02,
      1017,    2.511800e+01,    1.212769e-01,   -4.907147e-02,    1.774508e-01,   -1.052138e-01,   -9.044648e-01,   -8.827843e-01,   -2.966949e-01,    4.879420e-02,    9.414300e-02,   -7.555500e-02,    1.685500e-01,   -1.037500e-01,    3.000000e-02,    3.000000e-02,    3.000000e-02,    3.000000e-02,
      1017,    3.981000e+01,    1.318357e-01,   -3.821768e-02,    2.201522e-01,   -9.522843e-02,   -6.291884e-01,   -9.233107e-01,   -5.454071e-01,   -3.258568e-02,    1.129600e-01,   -6.591700e-02,    2.037900e-01,   -9.620600e-02,    3.000000e-02,    3.000000e-02,    3.000000e-02,    3.000000e-02,
      1017,    6.309500e+01,    1.398845e-01,   -3.065846e-02,    2.545443e-01,   -7.380965e-02,   -3.168152e-01,   -8.233181e-01,   -4.101432e-01,   -2.992117e-01,    1.303800e-01,   -5.535800e-02,    2.422400e-01,   -8.278600e-02,    3.000000e-02,    3.000000e-02,    3.000000e-02,    3.000000e-02,
      1018,    2.511800e+01,   -4.082978e-02,   -1.343735e-04,   -2.831388e-02,    1.698495e-02,   -1.410739e-01,    6.752791e-01,    2.015625e-01,   -3.060917e-01,   -4.506200e-02,    2.012400e-02,   -2.226700e-02,    7.802200e-03,    3.000000e-02,    3.000000e-02,    3.000000e-02,    3.000000e-02,
      1018,    3.981000e+01,   -3.307646e-02,   -1.370329e-02,   -4.432447e-02,    3.644078e-02,   -2.324514e-01,    4.474951e-01,    6.534824e-01,   -6.253594e-01,   -4.005000e-02,   -2.784400e-04,   -2.472000e-02,    1.768000e-02,    3.000000e-02,    3.000000e-02,    3.000000e-02,    3.000000e-02,
      1018,    6.309500e+01,   -2.512904e-02,   -2.333610e-02,   -6.461416e-02,    4.458751e-02,   -1.250987e-01,    2.504366e-01,    8.938387e-01,   -5.419502e-01,   -2.888200e-02,   -1.582300e-02,   -3.779900e-02,    2.832900e-02,    3.000000e-02,    3.000000e-02,    3.000000e-02,    3.000000e-02,
      1019,    2.511800e+01,   -2.323323e-01,    1.555409e-01,    1.043349e-01,   -7.498550e-02,   -5.892568e-01,   -1.202696e+00,    8.881715e-01,   -2.224834e-01,   -2.500100e-01,    1.194600e-01,    1.309800e-01,   -8.166000e-02,    3.000000e-02,    3.000000e-02,    3.000000e-02,    3.000000e-02,
      1020,    2.511800e+01,   -1.025805e-01,    6.876993e-02,   -1.432730e-02,    6.220087e-03,    1.371851e+00,    1.194024e-01,   -5.370232e-01,   -2.462829e-01,   -6.142500e-02,    7.235200e-02,   -3.043800e-02,   -1.168400e-03,    3.000000e-02,    3.000000e-02,    3.000000e-02,    3.000000e-02,
      1020,    3.981000e+01,   -1.148633e-01,    3.012229e-02,   -2.087087e-02,    1.388161e-02,    1.481876e+00,    5.398569e-01,   -4.270378e-01,   -5.024071e-01,   -7.040700e-02,    4.631800e-02,   -3.368200e-02,   -1.190600e-03,    3.000000e-02,    3.000000e-02,    3.000000e-02,    3.000000e-02,
      1020,    6.309500e+01,   -1.069775e-01,    2.549998e-03,   -3.094648e-02,    1.407915e-02,    1.436718e+00,    6.757001e-01,   -2.041839e-01,   -4.794542e-01,   -6.387600e-02,    2.282100e-02,   -3.707200e-02,   -3.044800e-04,    3.000000e-02,    3.000000e-02,    3.000000e-02,    3.000000e-02,
      1021,    2.511800e+01,    1.183097e-01,    8.724169e-03,   -1.242105e-02,    3.372278e-02,   -2.500322e+00,    1.138794e+00,   -5.555651e-01,    1.694408e-01,    4.330000e-02,    4.288800e-02,   -2.908800e-02,    3.880600e-02,    3.000000e-02,    3.000000e-02,    3.000000e-02,    3.000000e-02,
      1021,    3.981000e+01,    1.151736e-01,    1.383003e-02,   -2.291643e-02,    3.207730e-02,    1.538816e-01,    4.245332e+00,   -7.153523e-01,   -8.857656e-02,    1.197900e-01,    1.411900e-01,   -4.437700e-02,    2.942000e-02,    3.000000e-02,    3.000000e-02,    3.000000e-02,    3.000000e-02,
      1021,    6.309500e+01,    1.082758e-01,    1.660780e-02,   -3.384168e-02,    2.731951e-02,    2.768054e-01,    3.752073e+00,   -3.433107e-01,    5.431629e-02,    1.165800e-01,    1.291700e-01,   -4.414100e-02,    2.894900e-02,    3.000000e-02,    3.000000e-02,    3.000000e-02,    3.000000e-02,
      1022,    2.511800e+01,    7.108152e-02,    9.660921e-02,    6.742840e-02,   -4.549797e-03,   -1.139084e+00,   -1.034033e-02,    5.370866e-01,    9.687932e-01,    3.690900e-02,    9.629900e-02,    8.354100e-02,    2.451400e-02,    3.000000e-02,    3.000000e-02,    3.000000e-02,    3.000000e-02,
      1022,    3.981000e+01,    3.540825e-02,    8.013809e-02,    7.213475e-02,    3.443562e-03,   -6.554083e-01,   -9.436028e-01,   -5.551918e-01,    8.257146e-01,    1.574600e-02,    5.183000e-02,    5.547900e-02,    2.821500e-02,    3.000000e-02,    3.000000e-02,    3.000000e-02,    3.000000e-02,
      1022,    6.309500e+01,    7.529102e-03,    5.458803e-02,    6.641090e-02,    1.337539e-02,   -2.193051e-01,   -2.331434e+00,   -8.183299e-01,    3.841205e-01,    9.499500e-04,   -1.535500e-02,    4.186100e-02,    2.489900e-02,    3.000000e-02,    3.000000e-02,    3.000000e-02,    3.000000e-02,
      1023,    2.511800e+01,    6.523560e-02,    9.743718e-03,   -2.783838e-02,    1.590559e-02,   -1.340720e+00,   -2.246239e-01,   -9.129207e-01,    6.364136e-01,    2.501400e-02,    3.005000e-03,   -5.522600e-02,    3.499800e-02,    3.000000e-02,    3.000000e-02,    3.000000e-02,    3.000000e-02,
      1023,    3.981000e+01,    6.418232e-02,    5.516009e-03,   -4.371578e-02,    4.035925e-02,   -7.993107e-01,   -2.151540e-01,   -9.253741e-01,   -2.189750e-01,    4.020300e-02,   -9.386100e-04,   -7.147700e-02,    3.379000e-02,    3.000000e-02,    3.000000e-02,    3.000000e-02,    3.000000e-02,
      1023,    6.309500e+01,    6.135842e-02,    9.446607e-06,   -7.091397e-02,    5.114832e-02,   -6.043141e-01,   -1.547449e-01,   -3.090676e-01,   -6.946773e-01,    4.322900e-02,   -4.632900e-03,   -8.018600e-02,    3.030800e-02,    3.000000e-02,    3.000000e-02,    3.000000e-02,    3.000000e-02,
      1024,    2.511800e+01,    3.528359e-02,    9.797172e-02,    1.133325e-01,   -9.942372e-03,   -6.333195e-01,   -2.229240e-01,    7.412492e-01,   -7.396209e-01,    1.628400e-02,    9.128400e-02,    1.355700e-01,   -3.213100e-02,    3.000000e-02,    3.000000e-02,    3.000000e-02,    3.000000e-02,
      1024,    3.981000e+01,    7.851338e-03,    8.615140e-02,    1.205215e-01,   -1.256604e-02,   -5.850446e-01,   -4.058134e-01,    4.879502e-01,   -1.177632e+00,   -9.700000e-03,    7.397700e-02,    1.351600e-01,   -4.789500e-02,    3.000000e-02,    3.000000e-02,    3.000000e-02,    3.000000e-02,
      1026,    2.511800e+01,    1.076214e-02,    6.645869e-02,   -1.732566e-02,   -4.323180e-02,   -4.195146e-01,   -3.178977e-02,    6.723320e-01,    1.291787e+00,   -1.823300e-03,    6.550500e-02,    2.844300e-03,   -4.478200e-03,    3.000000e-02,    3.000000e-02,    3.000000e-02,    3.000000e-02,
      1026,    3.981000e+01,   -5.237106e-03,    3.510223e-02,    1.485990e-02,   -5.682085e-02,    2.500902e-01,    3.508591e-01,    5.376987e-02,    1.506628e+00,    2.265600e-03,    4.562800e-02,    1.647300e-02,   -1.162200e-02,    3.000000e-02,    3.000000e-02,    3.000000e-02,    3.000000e-02,
      1026,    6.309500e+01,   -4.784318e-03,    9.653101e-03,    4.936129e-02,   -4.854175e-02,    1.033811e+00,    3.354633e-01,   -5.332762e-01,    1.140925e+00,    2.623000e-02,    1.971700e-02,    3.336300e-02,   -1.431400e-02,    3.000000e-02,    3.000000e-02,    3.000000e-02,    3.000000e-02,
      1027,    2.511800e+01,    4.884928e-02,    9.482674e-02,   -6.072879e-03,    1.306909e-01,    4.138574e-01,   -5.639914e-01,   -2.977040e-01,   -1.763646e-01,    6.126500e-02,    7.790700e-02,   -1.500400e-02,    1.254000e-01,    3.000000e-02,    3.000000e-02,    3.000000e-02,    3.000000e-02,
      1027,    3.981000e+01,    7.736496e-03,    1.015275e-01,   -5.252520e-02,    1.120249e-01,    8.752501e-01,   -3.434842e-01,   -3.095598e-01,    2.250440e-02,    3.399400e-02,    9.122300e-02,   -6.181200e-02,    1.127000e-01,    3.000000e-02,    3.000000e-02,    3.000000e-02,    3.000000e-02,
      1027,    6.309500e+01,   -3.003654e-02,    9.628778e-02,   -8.627207e-02,    8.753407e-02,    1.028384e+00,   -3.219253e-02,   -8.202644e-01,    2.809757e-02,    8.149700e-04,    9.532200e-02,   -1.108800e-01,    8.837700e-02,    3.000000e-02,    3.000000e-02,    3.000000e-02,    3.000000e-02,
      1028,    2.511800e+01,    2.323137e-02,    5.964882e-02,   -6.008443e-02,    1.023654e-01,    8.072114e-02,   -5.040939e-01,    5.306144e-01,    1.788200e-01,    2.565300e-02,    4.452600e-02,   -4.416600e-02,    1.077300e-01,    3.000000e-02,    3.000000e-02,    3.000000e-02,    3.000000e-02,
      1028,    3.981000e+01,   -5.220637e-03,    5.955758e-02,   -9.187078e-02,    8.112469e-02,    5.242546e-01,   -5.079860e-01,    2.584260e-01,    5.619104e-01,    1.050700e-02,    4.431800e-02,   -8.411800e-02,    9.798200e-02,    3.000000e-02,    3.000000e-02,    3.000000e-02,    3.000000e-02,
      1028,    6.309500e+01,   -2.886011e-02,    4.867357e-02,   -1.117491e-01,    5.985619e-02,    7.566470e-01,   -1.698524e-01,   -3.243638e-01,    5.423937e-01,   -6.160700e-03,    4.357800e-02,   -1.214800e-01,    7.612800e-02,    3.000000e-02,    3.000000e-02,    3.000000e-02,    3.000000e-02,
      1029,    2.511800e+01,    4.215473e-03,    4.631811e-02,   -1.670512e-02,   -9.148976e-04,   -1.732782e+00,    1.327629e-01,   -8.775626e-01,    2.101266e-01,   -4.776800e-02,    5.030100e-02,   -4.303200e-02,    5.388900e-03,    3.000000e-02,    3.000000e-02,    3.000000e-02,    3.000000e-02,
      1030,    3.981000e+01,   -1.190602e-01,    3.248295e-02,    1.173660e-01,   -3.734879e-02,    1.975607e+00,    1.121635e+00,   -1.067199e+00,    1.211256e+00,   -5.979200e-02,    6.613200e-02,    8.535000e-02,   -1.011100e-03,    3.000000e-02,    3.000000e-02,    3.000000e-02,    3.000000e-02,
      1030,    6.309500e+01,   -1.153207e-01,   -8.606377e-04,    1.326192e-01,   -1.516395e-02,    1.249024e+00,    1.406021e+00,   -1.190505e+00,    5.472051e-01,   -7.785000e-02,    4.132000e-02,    9.690400e-02,    1.252200e-03,    3.000000e-02,    3.000000e-02,    3.000000e-02,    3.000000e-02,
      1031,    2.511800e+01,    1.539238e-02,    6.163941e-02,    3.847403e-03,   -1.648989e-02,   -2.135279e+00,   -4.547136e-01,   -2.517678e-02,    1.523296e+00,   -4.866600e-02,    4.799800e-02,    3.092100e-03,    2.920900e-02,    3.000000e-02,    3.000000e-02,    3.000000e-02,    3.000000e-02,
      1031,    3.981000e+01,   -4.458560e-03,    5.520486e-02,    1.765497e-02,   -2.200110e-02,   -1.374715e+00,   -3.727621e-01,   -3.863557e-01,    1.565837e+00,   -4.570000e-02,    4.402200e-02,    6.064300e-03,    2.497400e-02,    3.000000e-02,    3.000000e-02,    3.000000e-02,    3.000000e-02,
      1031,    6.309500e+01,   -2.326390e-02,    4.525617e-02,    2.770948e-02,   -2.107121e-02,   -5.914033e-01,   -2.509057e-01,   -5.646826e-01,    1.311407e+00,   -4.100600e-02,    3.772900e-02,    1.076900e-02,    1.827100e-02,    3.000000e-02,    3.000000e-02,    3.000000e-02,    3.000000e-02,
      1032,    2.511800e+01,    1.300793e-01,    1.047016e-01,   -9.009307e-03,   -2.497962e-03,    6.063022e+00,    1.443947e+00,    1.249944e+00,   -1.488401e+00,    3.119700e-01,    1.480200e-01,    2.848900e-02,   -4.715000e-02,    3.000000e-02,    3.000000e-02,    3.000000e-02,    3.000000e-02,
      1032,    3.981000e+01,    9.285110e-02,    1.030073e-01,    2.226811e-03,   -1.292342e-02,    2.356630e+00,    7.434223e-01,    1.811873e+00,   -1.149319e+00,    1.635500e-01,    1.253100e-01,    5.658300e-02,   -4.740300e-02,    3.000000e-02,    3.000000e-02,    3.000000e-02,    3.000000e-02,
      1032,    6.309500e+01,    5.818453e-02,    9.837170e-02,    1.541768e-02,   -1.219980e-02,   -2.535784e+00,   -2.513623e+00,    1.686440e-01,   -8.942400e-01,   -1.788900e-02,    2.296300e-02,    2.047700e-02,   -3.902700e-02,    3.000000e-02,    3.000000e-02,    3.000000e-02,    3.000000e-02,
      1033,    2.511800e+01,   -9.697467e-02,   -4.063227e-02,   -9.050155e-02,    7.183406e-03,   -5.371776e-01,   -4.854245e-01,    2.150851e-01,   -3.895935e-01,   -1.130900e-01,   -5.519500e-02,   -8.404900e-02,   -4.504400e-03,    3.000000e-02,    3.000000e-02,    3.000000e-02,    3.000000e-02,
      1033,    6.309500e+01,   -7.888089e-02,   -1.733362e-02,   -8.304153e-02,   -8.706653e-03,   -7.449703e-01,   -5.951792e-01,   -3.393823e-01,   -1.231116e-01,   -1.012300e-01,   -3.518900e-02,   -9.322300e-02,   -1.240000e-02,    3.000000e-02,    3.000000e-02,    3.000000e-02,    3.000000e-02,
      1034,    2.511800e+01,   -2.473176e-01,   -2.565959e-02,   -2.625866e-01,    3.706504e-02,   -3.227456e-01,    1.395196e-01,   -6.814461e-01,   -5.672679e-01,   -2.570000e-01,   -2.147400e-02,   -2.830300e-01,    2.004700e-02,    3.000000e-02,    3.000000e-02,    3.000000e-02,    3.000000e-02,
      1034,    3.981000e+01,   -2.144873e-01,   -8.357410e-02,   -2.603058e-01,   -3.453660e-02,   -9.430907e-01,   -5.170966e-01,   -5.204743e-01,   -2.285468e-01,   -2.427800e-01,   -9.908700e-02,   -2.759200e-01,   -4.139300e-02,    3.000000e-02,    3.000000e-02,    3.000000e-02,    3.000000e-02,
      1034,    6.309500e+01,   -1.607272e-01,   -1.160690e-01,   -2.254458e-01,   -9.471167e-02,   -1.134760e+00,   -1.719701e+00,   -4.424721e-01,   -6.059444e-01,   -1.947700e-01,   -1.676600e-01,   -2.387200e-01,   -1.128900e-01,    3.000000e-02,    3.000000e-02,    3.000000e-02,    3.000000e-02,
      1035,    2.511800e+01,   -5.559821e-02,    3.503543e-02,    1.601539e-01,   -2.873189e-02,   -7.697265e-01,    9.552227e-03,   -7.274643e-01,    4.482979e-02,   -7.869000e-02,    3.532200e-02,    1.383300e-01,   -2.738700e-02,    3.000000e-02,    3.000000e-02,    3.000000e-02,    3.000000e-02,
      1035,    3.981000e+01,   -6.421682e-02,    1.773326e-02,    1.776167e-01,   -3.880689e-03,   -1.169173e+00,   -5.087721e-01,   -8.692221e-01,   -6.103104e-01,   -9.929200e-02,    2.470100e-03,    1.515400e-01,   -2.219000e-02,    3.000000e-02,    3.000000e-02,    3.000000e-02,    3.000000e-02,
      1036,    2.511800e+01,    1.533539e-01,    2.078808e-01,    2.041273e-01,   -6.726366e-03,    3.570537e+00,    1.669307e+00,   -2.132428e-01,    3.674879e+00,    2.604700e-01,    2.579600e-01,    1.977300e-01,    1.035200e-01,    3.000000e-02,    3.000000e-02,    3.000000e-02,    3.000000e-02,
      1036,    3.981000e+01,    5.765197e-02,    2.132275e-01,    2.054601e-01,    6.468179e-03,    3.318601e+00,    3.348417e+00,   -1.033568e-02,    2.045527e+00,    1.572100e-01,    3.136800e-01,    2.051500e-01,    6.783400e-02,    3.000000e-02,    3.000000e-02,    3.000000e-02,    3.000000e-02,
      1036,    6.309500e+01,   -2.735644e-02,    1.856457e-01,    2.004509e-01,    1.897560e-02,   -5.287519e-01,    4.500144e+00,    3.803032e-01,   -1.771867e-01,   -4.321900e-02,    3.206500e-01,    2.118600e-01,    1.366000e-02,    3.000000e-02,    3.000000e-02,    3.000000e-02,    3.000000e-02,
      1037,    6.309500e+01,   -4.437133e-02,    7.009509e-02,   -3.081520e-01,   -4.170494e-02,   -1.078289e+00,   -2.073460e+00,   -1.454934e+00,   -6.690835e+00,   -7.672000e-02,    7.891300e-03,   -3.518000e-01,   -2.424300e-01,    3.000000e-02,    3.000000e-02,    3.000000e-02,    3.000000e-02,
      1038,    2.511800e+01,   -4.099857e-02,    6.748831e-02,   -6.799227e-02,    2.498490e-03,    5.413192e-01,    2.388723e+00,   -2.565575e-01,   -3.304250e+00,   -2.475900e-02,    1.391500e-01,   -7.568900e-02,   -9.662900e-02,    3.000000e-02,    3.000000e-02,    3.000000e-02,    3.000000e-02,
      1038,    3.981000e+01,   -5.482846e-02,    1.516484e-02,   -6.718317e-02,   -5.493061e-03,   -1.337181e-01,   -5.919828e+00,    1.637391e-01,   -3.555898e+00,   -5.884000e-02,   -1.624300e-01,   -6.227100e-02,   -1.121700e-01,    3.000000e-02,    3.000000e-02,    3.000000e-02,    3.000000e-02,
      1039,    2.511800e+01,    1.731550e-01,    5.583518e-02,    2.826423e-01,    2.090950e-01,    1.484999e-01,    1.131227e+00,   -9.327436e-01,   -3.571679e-01,    1.776100e-01,    8.977200e-02,    2.546600e-01,    1.983800e-01,    3.000000e-02,    3.000000e-02,    3.000000e-02,    3.000000e-02,
      1039,    3.981000e+01,    1.519109e-01,    6.602385e-02,    1.853854e-01,    2.161054e-01,   -1.926970e-01,    8.301052e-01,   -1.391793e-01,   -6.325117e-01,    1.461300e-01,    9.092700e-02,    1.812100e-01,    1.971300e-01,    3.000000e-02,    3.000000e-02,    3.000000e-02,    3.000000e-02,
      1039,    6.309500e+01,    1.297919e-01,    7.523531e-02,    1.013515e-01,    1.882892e-01,   -3.850639e-01,    3.943229e-01,    2.495123e-02,   -5.486415e-01,    1.182400e-01,    8.706500e-02,    1.021000e-01,    1.718300e-01,    3.000000e-02,    3.000000e-02,    3.000000e-02,    3.000000e-02,
      1040,    2.511800e+01,   -4.303863e-02,    8.097305e-02,   -1.360555e-01,   -1.988695e-01,    2.598209e-01,   -3.253489e-02,   -1.628168e-01,   -2.940183e-01,   -3.524400e-02,    7.999700e-02,   -1.409400e-01,   -2.076900e-01,    3.000000e-02,    3.000000e-02,    3.000000e-02,    3.000000e-02,
      1040,    3.981000e+01,   -5.984474e-02,    5.738447e-02,   -5.755370e-02,   -2.022207e-01,    1.699246e-01,    4.684509e-01,    5.540567e-01,   -9.497587e-02,   -5.474700e-02,    7.143800e-02,   -4.093200e-02,   -2.050700e-01,    3.000000e-02,    3.000000e-02,    3.000000e-02,    3.000000e-02,
      1040,    6.309500e+01,   -6.494633e-02,    4.451975e-02,    1.965075e-02,   -1.865409e-01,   -2.596891e-01,    8.872085e-01,    6.873751e-01,   -3.030371e-02,   -7.273700e-02,    7.113600e-02,    4.027200e-02,   -1.874500e-01,    3.000000e-02,    3.000000e-02,    3.000000e-02,    3.000000e-02,
      1041,    2.511800e+01,    3.917144e-02,    1.114744e-02,    9.432267e-02,   -6.108678e-02,    3.561879e-02,    6.815189e-02,   -8.127558e-01,    5.477260e-01,    4.024000e-02,    1.319200e-02,    6.994000e-02,   -4.465500e-02,    3.000000e-02,    3.000000e-02,    3.000000e-02,    3.000000e-02,
      1041,    3.981000e+01,    3.993795e-02,    2.228410e-03,    1.063154e-01,   -5.396412e-02,    1.558682e-01,   -3.133103e-01,   -2.277796e-01,   -1.683959e-01,    4.461400e-02,   -7.170900e-03,    9.948200e-02,   -5.901600e-02,    3.000000e-02,    3.000000e-02,    3.000000e-02,    3.000000e-02,
      1041,    6.309500e+01,    4.038055e-02,   -5.273853e-03,    1.192986e-01,   -5.486601e-02,    5.423815e-01,   -3.966382e-01,    1.153712e+00,   -3.694329e-01,    5.665200e-02,   -1.717300e-02,    1.539100e-01,   -6.594900e-02,    3.000000e-02,    3.000000e-02,    3.000000e-02,    3.000000e-02,
      1042,    2.511800e+01,    1.150078e-02,    3.870310e-02,    6.598843e-03,   -2.403629e-03,   -2.375093e-01,    4.948299e-01,    5.976386e-01,    4.126176e-01,    4.375500e-03,    5.354800e-02,    2.452800e-02,    9.974900e-03,    3.000000e-02,    3.000000e-02,    3.000000e-02,    3.000000e-02,
      1042,    3.981000e+01,    1.587151e-02,    1.743336e-02,    1.588962e-03,    4.495982e-03,   -5.751771e-01,    4.867545e-01,    4.000013e-01,    1.739506e-01,   -1.383800e-03,    3.203600e-02,    1.358900e-02,    9.714500e-03,    3.000000e-02,    3.000000e-02,    3.000000e-02,    3.000000e-02,
      1042,    6.309500e+01,    2.506755e-02,    1.751480e-02,   -6.882925e-03,    2.363263e-03,   -1.024725e+00,    1.032733e-01,    3.120642e-01,    5.383458e-02,   -5.674200e-03,    2.061300e-02,    2.479000e-03,    3.978300e-03,    3.000000e-02,    3.000000e-02,    3.000000e-02,    3.000000e-02,
      1043,    2.511800e+01,    8.659716e-02,   -7.092249e-02,   -1.760073e-02,   -5.383149e-02,   -4.510518e-02,   -4.727170e-01,   -1.010942e+00,    2.363165e-01,    8.524400e-02,   -8.510400e-02,   -4.792900e-02,   -4.674200e-02,    3.000000e-02,    3.000000e-02,    3.000000e-02,    3.000000e-02,
      1043,    3.981000e+01,    1.153676e-01,   -6.089177e-02,    1.261123e-02,   -6.121201e-02,    6.541428e-02,   -4.411409e-01,   -9.842077e-01,   -6.161664e-01,    1.173300e-01,   -7.412600e-02,   -1.691500e-02,   -7.969700e-02,    3.000000e-02,    3.000000e-02,    3.000000e-02,    3.000000e-02,
      1043,    6.309500e+01,    1.391817e-01,   -4.224526e-02,    3.993602e-02,   -5.804904e-02,    4.209450e-01,   -2.168246e-01,   -2.319672e-01,   -8.479320e-01,    1.518100e-01,   -4.875000e-02,    3.297700e-02,   -8.348700e-02,    3.000000e-02,    3.000000e-02,    3.000000e-02,    3.000000e-02,
      1044,    2.511800e+01,    7.151566e-02,    1.495927e-01,    4.394747e-02,    1.916825e-02,    3.038145e+00,    1.825775e-01,    1.341484e+00,    1.391092e+00,    1.626600e-01,    1.550700e-01,    8.419200e-02,    6.090100e-02,    3.000000e-02,    3.000000e-02,    3.000000e-02,    3.000000e-02,
      1044,    3.981000e+01,    1.205274e-02,    1.406150e-01,    3.916932e-02,    1.998781e-02,    2.806209e+00,    1.641670e-01,    9.145225e-01,    1.254540e+00,    9.623900e-02,    1.455400e-01,    6.660500e-02,    5.762400e-02,    3.000000e-02,    3.000000e-02,    3.000000e-02,    3.000000e-02,
      1044,    6.309500e+01,   -3.487048e-02,    1.187509e-01,    3.621184e-02,    2.207149e-02,    1.019466e+00,    3.766380e-01,    1.190055e-01,    1.054617e+00,   -4.286500e-03,    1.300500e-01,    3.978200e-02,    5.371000e-02,    3.000000e-02,    3.000000e-02,    3.000000e-02,    3.000000e-02,
      1045,    2.511800e+01,    9.080033e-02,    8.289364e-02,   -2.051277e-01,    1.703802e-01,    3.979890e-01,   -1.304488e+00,   -4.817446e-01,   -4.990063e-01,    1.027400e-01,    4.375900e-02,   -2.195800e-01,    1.554100e-01,    3.000000e-02,    3.000000e-02,    3.000000e-02,    3.000000e-02,
      1045,    3.981000e+01,    5.291703e-02,    9.124940e-02,   -2.647476e-01,    1.385623e-01,    5.422991e-01,   -1.298280e+00,    8.992115e-02,   -1.154086e-01,    6.918600e-02,    5.230100e-02,   -2.620500e-01,    1.351000e-01,    3.000000e-02,    3.000000e-02,    3.000000e-02,    3.000000e-02,
      1045,    6.309500e+01,    1.831586e-02,    8.758398e-02,   -3.065628e-01,    9.786403e-02,   -1.269953e-01,   -6.909992e-01,   -5.624150e-02,    6.498976e-03,    1.450600e-02,    6.685400e-02,   -3.082500e-01,    9.805900e-02,    3.000000e-02,    3.000000e-02,    3.000000e-02,    3.000000e-02,
      1046,    2.511800e+01,   -9.512268e-02,   -3.478835e-02,    2.325607e-02,    1.208172e-01,    8.117226e-01,    4.471449e-01,   -6.060123e-01,   -5.489070e-01,   -7.077100e-02,   -2.137400e-02,    5.075700e-03,    1.043500e-01,    3.000000e-02,    3.000000e-02,    3.000000e-02,    3.000000e-02,
      1046,    3.981000e+01,   -7.485557e-02,   -5.418813e-02,   -1.733500e-02,    1.088427e-01,    4.797858e-01,    7.275709e-01,   -2.693999e-01,   -5.856226e-01,   -6.046200e-02,   -3.236100e-02,   -2.541700e-02,    9.127400e-02,    3.000000e-02,    3.000000e-02,    3.000000e-02,    3.000000e-02,
      1046,    6.309500e+01,   -4.489886e-02,   -6.233042e-02,   -5.100779e-02,    9.334051e-02,    1.915620e-01,    7.521805e-01,    2.702626e-02,   -2.841835e-01,   -3.915200e-02,   -3.976500e-02,   -5.019700e-02,    8.481500e-02,    3.000000e-02,    3.000000e-02,    3.000000e-02,    3.000000e-02,
