MT,
     StaID,        Freq[Hz],     Re(Zxx)_Cal,     Im(Zxx)_Cal,     Re(Zxy)_Cal,     Im(Zxy)_Cal,     Re(Zyx)_Cal,     Im(Zyx)_Cal,     Re(Zyy)_Cal,     Im(Zyy)_Cal,     Re(Zxx)_Res,     Im(Zxx)_Res,     Re(Zxy)_Res,     Im(Zxy)_Res,     Re(Zyx)_Res,     Im(Zyx)_Res,     Re(Zyy)_Res,     Im(Zyy)_Res,     Re(Zxx)_Obs,     Im(Zxx)_Obs,     Re(Zxy)_Obs,     Im(Zxy)_Obs,     Re(Zyx)_Obs,     Im(Zyx)_Obs,     Re(Zyy)_Obs,     Im(Zyy)_Obs,      Re(Zxx)_SD,      Im(Zxx)_SD,      Re(Zxy)_SD,      Im(Zxy)_SD,      Re(Zyx)_SD,      Im(Zyx)_SD,      Re(Zyy)_SD,      Im(Zyy)_SD,
         1,    1.000000e+02,   -2.197192e-02,    5.749860e-03,    9.640657e-02,   -1.040412e-01,   -1.495291e-01,    1.223832e-01,    5.375780e-02,   -3.793886e-02,    9.372890e-01,    7.253582e-01,    5.968922e-02,    3.670571e-01,   -1.318370e+00,   -3.553436e-01,    1.174831e+00,    1.287621e-01,   -1.479500e-02,    1.130400e-02,    9.690600e-02,   -1.009700e-01,   -1.605600e-01,    1.194100e-01,    7.666700e-02,   -3.542800e-02,    7.657100e-03,    7.657100e-03,    8.367100e-03,    8.367100e-03,    8.367100e-03,    8.367100e-03,    1.950000e-02,    1.950000e-02,
         1,    1.584800e+02,   -2.379328e-02,    4.497358e-03,    1.226679e-01,   -1.364440e-01,   -1.800629e-01,    1.576351e-01,    6.377760e-02,   -4.492536e-02,    4.480083e-01,    1.173393e+00,    2.676138e-01,   -8.661054e-02,   -1.768029e+00,   -4.511058e-01,    1.088409e+00,    3.893002e-01,   -1.917700e-02,    1.658800e-02,    1.255600e-01,   -1.373800e-01,   -1.991700e-01,    1.527600e-01,    8.913100e-02,   -3.585700e-02,    1.030400e-02,    1.030400e-02,    1.080700e-02,    1.080700e-02,    1.080700e-02,    1.080700e-02,    2.329400e-02,    2.329400e-02,
         1,    2.511800e+02,   -2.444445e-02,    3.422148e-03,    1.569903e-01,   -1.768263e-01,   -2.198617e-01,    2.019452e-01,    7.420429e-02,   -5.444841e-02,    1.382188e-01,    1.286264e+00,    1.706956e-01,   -7.631288e-02,   -1.118850e+00,   -9.635582e-01,    8.295180e-01,    9.293148e-01,   -2.268700e-02,    1.977700e-02,    1.592800e-01,   -1.778500e-01,   -2.348700e-01,    1.890200e-01,    9.586300e-02,   -3.018400e-02,    1.271500e-02,    1.271500e-02,    1.341400e-02,    1.341400e-02,    1.341400e-02,    1.341400e-02,    2.611000e-02,    2.611000e-02,
         1,    3.981000e+02,   -2.429606e-02,    3.148929e-03,    2.006567e-01,   -2.276097e-01,   -2.694363e-01,    2.572521e-01,    8.614578e-02,   -6.833581e-02,   -2.218507e-01,    1.115379e+00,    1.805423e-01,   -1.041761e-01,   -7.037484e-01,   -1.178626e+00,    6.086768e-01,    1.383123e+00,   -2.771300e-02,    2.032800e-02,    2.036900e-01,   -2.293600e-01,   -2.812600e-01,    2.374500e-01,    1.043300e-01,   -2.701500e-02,    1.540200e-02,    1.540200e-02,    1.680100e-02,    1.680100e-02,    1.680100e-02,    1.680100e-02,    2.987500e-02,    2.987500e-02,
         1,    6.309500e+02,   -2.378569e-02,    4.122263e-03,    2.551653e-01,   -2.926494e-01,   -3.291647e-01,    3.289171e-01,    1.011003e-01,   -8.800993e-02,   -5.201136e-01,    9.105655e-01,    5.725178e-01,   -2.180910e-01,   -7.639345e-01,   -1.405107e+00,    4.101247e-02,    1.926583e+00,   -3.363300e-02,    2.136200e-02,    2.674000e-01,   -2.973100e-01,   -3.454900e-01,    2.988900e-01,    1.024500e-01,   -2.460800e-02,    1.893300e-02,    1.893300e-02,    2.137000e-02,    2.137000e-02,    2.137000e-02,    2.137000e-02,    3.290900e-02,    3.290900e-02,
         1,    1.000000e+03,   -2.342922e-02,    6.599530e-03,    3.227334e-01,   -3.776467e-01,   -4.017819e-01,    4.255066e-01,    1.203242e-01,   -1.146863e-01,   -6.371841e-01,    9.063540e-01,    1.119385e+00,    9.664036e-02,   -1.674814e+00,   -1.942037e+00,   -5.001666e-01,    2.217483e+00,   -3.836800e-02,    2.784900e-02,    3.533900e-01,   -3.750000e-01,   -4.476500e-01,    3.723200e-01,    1.016400e-01,   -3.185000e-02,    2.344500e-02,    2.344500e-02,    2.738700e-02,    2.738700e-02,    2.738700e-02,    2.738700e-02,    3.735600e-02,    3.735600e-02,
         2,    1.000000e+02,   -1.506182e-03,   -4.017222e-04,    1.334827e-01,   -1.414209e-01,   -1.103608e-01,    1.298956e-01,   -1.282872e-02,    1.111837e-02,   -3.809999e-01,    1.826178e-01,   -9.328404e-02,    5.859668e-01,   -2.709939e-01,   -6.525802e-01,   -5.276871e-01,   -1.442064e-01,   -2.835300e-03,    2.353400e-04,    1.326500e-01,   -1.361900e-01,   -1.127800e-01,    1.240700e-01,   -1.741400e-02,    9.865300e-03,    3.488500e-03,    3.488500e-03,    8.927000e-03,    8.927000e-03,    8.927000e-03,    8.927000e-03,    8.689400e-03,    8.689400e-03,
         2,    1.584800e+02,    6.944229e-04,    2.847916e-03,    1.683929e-01,   -1.785605e-01,   -1.426207e-01,    1.672142e-01,   -1.663127e-02,    1.022857e-02,   -8.689883e-01,   -4.120051e-01,   -5.813125e-01,    3.166596e-01,    9.911237e-02,   -5.221679e-01,   -6.515924e-01,   -4.097547e-01,   -2.827500e-03,    1.178100e-03,    1.618200e-01,   -1.749800e-01,   -1.415000e-01,    1.613100e-01,   -2.370300e-02,    5.781500e-03,    4.052900e-03,    4.052900e-03,    1.130700e-02,    1.130700e-02,    1.130700e-02,    1.130700e-02,    1.085300e-02,    1.085300e-02,
         2,    2.511800e+02,    5.057767e-04,    9.185629e-03,    2.107239e-01,   -2.279906e-01,   -1.832372e-01,    2.152242e-01,   -1.829008e-02,    8.738308e-03,   -6.187868e-01,   -1.042123e+00,   -8.093718e-01,    5.049389e-01,    8.342483e-01,   -3.516823e-01,   -7.056624e-01,   -7.926868e-01,   -2.893900e-03,    3.460100e-03,    1.992300e-01,   -2.208200e-01,   -1.713900e-01,    2.102300e-01,   -2.742700e-02,   -1.525400e-03,    5.494100e-03,    5.494100e-03,    1.420100e-02,    1.420100e-02,    1.420100e-02,    1.420100e-02,    1.294800e-02,    1.294800e-02,
         2,    3.981000e+02,   -3.842457e-03,    1.572463e-02,    2.650572e-01,   -2.939100e-01,   -2.346031e-01,    2.774596e-01,   -1.711846e-02,    9.312959e-03,    6.861486e-02,   -5.346807e-01,   -1.053377e+00,    5.784193e-01,    1.290710e+00,    3.538141e-02,   -6.322702e-01,   -1.405600e+00,   -3.180200e-03,    1.056400e-02,    2.459900e-01,   -2.834400e-01,   -2.112400e-01,    2.781000e-01,   -2.671000e-02,   -1.201000e-02,    9.651800e-03,    9.651800e-03,    1.810100e-02,    1.810100e-02,    1.810100e-02,    1.810100e-02,    1.517000e-02,    1.517000e-02,
         2,    6.309500e+02,   -1.028267e-02,    2.010125e-02,    3.350070e-01,   -3.792609e-01,   -2.991601e-01,    3.589219e-01,   -1.503664e-02,    1.465133e-02,    1.029582e-01,   -3.442943e-01,   -1.109729e+00,   -3.429407e-02,    1.035759e+00,    7.518235e-01,   -4.646587e-01,   -2.046455e+00,   -8.846300e-03,    1.529800e-02,    3.085000e-01,   -3.800800e-01,   -2.744200e-01,    3.768800e-01,   -2.376200e-02,   -2.377700e-02,    1.395100e-02,    1.395100e-02,    2.388600e-02,    2.388600e-02,    2.388600e-02,    2.388600e-02,    1.877800e-02,    1.877800e-02,
         2,    1.000000e+03,   -1.640680e-02,    2.355630e-02,    4.223841e-01,   -4.902591e-01,   -3.805295e-01,    4.668637e-01,   -1.452187e-02,    2.496465e-02,   -5.848822e-01,    7.308278e-01,   -7.305626e-01,   -6.304038e-01,    3.351838e-01,    1.406969e+00,   -2.009044e-01,   -2.559555e+00,   -3.300400e-02,    4.429500e-02,    3.990200e-01,   -5.104200e-01,   -3.698100e-01,    5.118600e-01,   -1.948300e-02,   -3.824100e-02,    2.837700e-02,    2.837700e-02,    3.198100e-02,    3.198100e-02,    3.198100e-02,    3.198100e-02,    2.469400e-02,    2.469400e-02,
         3,    1.000000e+02,    1.590327e-02,   -1.647266e-02,    1.388848e-01,   -1.327209e-01,   -1.051265e-01,    1.255806e-01,   -3.224629e-02,    2.526621e-02,   -1.766647e+00,   -3.939170e-01,   -6.425409e-01,   -1.949597e+00,    9.088991e-01,   -3.001961e-01,   -1.439712e+00,    5.146839e-01,   -9.925900e-04,   -2.024000e-02,    1.331900e-01,   -1.500000e-01,   -9.707100e-02,    1.229200e-01,   -5.369800e-02,    3.293500e-02,    9.563800e-03,    9.563800e-03,    8.862900e-03,    8.862900e-03,    8.862900e-03,    8.862900e-03,    1.490000e-02,    1.490000e-02,
         3,    1.584800e+02,    2.182837e-02,   -1.717778e-02,    1.710319e-01,   -1.654978e-01,   -1.364309e-01,    1.613671e-01,   -3.878081e-02,    2.907493e-02,   -1.165448e+00,   -1.097739e+00,    3.970037e-02,   -9.011492e-01,    6.246332e-01,    9.061897e-02,   -1.549131e+00,   -9.432984e-02,    6.217200e-03,   -3.188200e-02,    1.714800e-01,   -1.756700e-01,   -1.293800e-01,    1.623900e-01,   -6.732200e-02,    2.733700e-02,    1.339500e-02,    1.339500e-02,    1.128800e-02,    1.128800e-02,    1.128800e-02,    1.128800e-02,    1.842400e-02,    1.842400e-02,
         3,    2.511800e+02,    2.638051e-02,   -1.673016e-02,    2.095249e-01,   -2.099671e-01,   -1.765324e-01,    2.070840e-01,   -4.515448e-02,    3.453686e-02,   -5.740325e-01,   -1.313414e+00,   -2.716764e-01,   -3.438639e-02,    7.870925e-01,    2.653492e-01,   -1.337187e+00,   -7.540327e-01,    1.678900e-02,   -3.867600e-02,    2.057100e-01,   -2.104500e-01,   -1.654800e-01,    2.108100e-01,   -7.378900e-02,    1.839000e-02,    1.670900e-02,    1.670900e-02,    1.404200e-02,    1.404200e-02,    1.404200e-02,    1.404200e-02,    2.141400e-02,    2.141400e-02,
         3,    3.981000e+02,    2.889366e-02,   -1.762724e-02,    2.581463e-01,   -2.704426e-01,   -2.273422e-01,    2.652899e-01,   -5.201913e-02,    4.338069e-02,    1.274305e-01,   -1.141337e+00,   -5.392271e-01,    5.935289e-01,    7.093383e-01,    2.532544e-01,   -9.526879e-01,   -1.382500e+00,    3.150000e-02,   -4.097100e-02,    2.486500e-01,   -2.599900e-01,   -2.148500e-01,    2.697500e-01,   -7.511800e-02,    9.860600e-03,    2.045300e-02,    2.045300e-02,    1.761100e-02,    1.761100e-02,    1.761100e-02,    1.761100e-02,    2.424600e-02,    2.424600e-02,
         3,    6.309500e+02,    3.094238e-02,   -2.183682e-02,    3.212465e-01,   -3.508680e-01,   -2.906705e-01,    3.403299e-01,   -6.114805e-02,    5.688899e-02,    4.786558e-01,   -9.538209e-01,   -9.088962e-01,    7.482539e-01,    2.128169e-01,    2.604325e-01,   -4.888806e-01,   -1.887343e+00,    4.301600e-02,   -4.589600e-02,    3.008300e-01,   -3.340600e-01,   -2.858900e-01,    3.461800e-01,   -7.458200e-02,    5.026700e-03,    2.522400e-02,    2.522400e-02,    2.246300e-02,    2.246300e-02,    2.246300e-02,    2.246300e-02,    2.747900e-02,    2.747900e-02,
         3,    1.000000e+03,    3.444751e-02,   -2.963726e-02,    4.024607e-01,   -4.562802e-01,   -3.693616e-01,    4.389918e-01,   -7.426271e-02,    7.524738e-02,    5.697659e-01,   -2.175253e-01,   -1.232962e+00,    5.882817e-01,   -5.246131e-01,    3.568246e-01,    1.276577e-01,   -2.409538e+00,    5.053200e-02,   -3.577800e-02,    3.666000e-01,   -4.391700e-01,   -3.846200e-01,    4.493700e-01,   -7.035600e-02,    1.508300e-03,    2.823000e-02,    2.823000e-02,    2.908500e-02,    2.908500e-02,    2.908500e-02,    2.908500e-02,    3.060300e-02,    3.060300e-02,
         4,    1.000000e+02,   -1.896781e-02,    1.878087e-02,    1.441035e-01,   -1.996791e-01,   -1.852635e-01,    2.378778e-01,    9.459007e-03,   -4.123181e-02,    3.017719e-01,   -3.404655e-01,    7.904096e-03,   -1.863773e-01,    1.359373e+00,    1.538171e-01,    1.384414e-01,   -5.464260e-01,   -1.564500e-02,    1.503200e-02,    1.442100e-01,   -2.021900e-01,   -1.669500e-01,    2.399500e-01,    1.203900e-02,   -5.141500e-02,    1.101100e-02,    1.101100e-02,    1.347200e-02,    1.347200e-02,    1.347200e-02,    1.347200e-02,    1.863600e-02,    1.863600e-02,
         4,    1.584800e+02,   -2.329122e-02,    2.402228e-02,    1.880586e-01,   -2.741286e-01,   -2.419173e-01,    3.129480e-01,    2.193201e-02,   -5.269579e-02,    2.709024e-01,    1.303047e-01,   -1.212467e-01,   -3.151321e-02,    9.936193e-01,    7.909349e-01,    2.928552e-01,   -5.585129e-01,   -1.908600e-02,    2.604500e-02,    1.858600e-01,   -2.747000e-01,   -2.239000e-01,    3.272900e-01,    2.941300e-02,   -6.696300e-02,    1.552300e-02,    1.552300e-02,    1.813300e-02,    1.813300e-02,    1.813300e-02,    1.813300e-02,    2.554500e-02,    2.554500e-02,
         4,    2.511800e+02,   -3.064614e-02,    3.094636e-02,    2.536126e-01,   -3.718302e-01,   -3.194802e-01,    4.116594e-01,    3.806185e-02,   -6.555746e-02,    9.205795e-02,    5.594407e-01,   -6.105603e-01,    1.932189e-01,    7.886836e-01,    8.636517e-01,    4.470893e-01,   -4.841398e-01,   -2.855900e-02,    4.363000e-02,    2.389500e-01,   -3.671900e-01,   -3.005400e-01,    4.324000e-01,    5.328300e-02,   -8.204000e-02,    2.267200e-02,    2.267200e-02,    2.401500e-02,    2.401500e-02,    2.401500e-02,    2.401500e-02,    3.404500e-02,    3.404500e-02,
         4,    3.981000e+02,   -4.125019e-02,    3.751560e-02,    3.463831e-01,   -4.949815e-01,   -4.266969e-01,    5.355186e-01,    5.875993e-02,   -7.944606e-02,    2.112306e-01,    9.552657e-01,   -1.045169e+00,   -9.208307e-02,    3.439198e-01,    1.128560e+00,    6.243268e-01,   -2.495004e-01,   -3.454700e-02,    6.783000e-02,    3.126900e-01,   -4.979500e-01,   -4.156100e-01,    5.719000e-01,    8.663800e-02,   -9.058700e-02,    3.173400e-02,    3.173400e-02,    3.223700e-02,    3.223700e-02,    3.223700e-02,    3.223700e-02,    4.465300e-02,    4.465300e-02,
         4,    6.309500e+02,   -5.376632e-02,    4.289236e-02,    4.712862e-01,   -6.484623e-01,   -5.674029e-01,    6.851811e-01,    8.461719e-02,   -9.330471e-02,   -1.451489e-01,    1.025085e+00,   -1.493612e+00,   -4.180408e-01,   -3.916391e-02,    7.900752e-01,    6.237741e-01,    1.310689e-02,   -6.002500e-02,    8.709300e-02,    4.080900e-01,   -6.661500e-01,   -5.690600e-01,    7.186100e-01,    1.194400e-01,   -9.257300e-02,    4.311900e-02,    4.311900e-02,    4.231100e-02,    4.231100e-02,    4.231100e-02,    4.231100e-02,    5.582600e-02,    5.582600e-02,
         4,    1.000000e+03,   -6.724200e-02,    4.741282e-02,    6.337018e-01,   -8.397621e-01,   -7.423486e-01,    8.679439e-01,    1.147802e-01,   -1.053207e-01,   -2.644929e-01,   -2.675361e+00,   -1.384659e+00,   -6.581367e-01,    5.126027e-01,    4.556585e-01,    4.279397e-01,    4.013696e-01,   -8.173700e-02,   -9.920500e-02,    5.582600e-01,   -8.756200e-01,   -7.144200e-01,    8.927700e-01,    1.425000e-01,   -7.932200e-02,    5.480300e-02,    5.480300e-02,    5.448400e-02,    5.448400e-02,    5.448400e-02,    5.448400e-02,    6.477500e-02,    6.477500e-02,
         5,    1.000000e+02,    1.733255e-02,   -1.749767e-03,    1.246235e-01,   -1.282418e-01,   -9.489313e-02,    1.021772e-01,   -8.879690e-03,    1.729029e-03,    8.881255e-01,    1.918315e-01,   -8.448261e-01,    6.895352e-01,    1.789239e-01,   -6.218024e-02,    7.800135e-02,    5.338016e-01,    2.624400e-02,    1.750700e-04,    1.181400e-01,   -1.229500e-01,   -9.352000e-02,    1.017000e-01,   -8.452500e-03,    4.652500e-03,    1.003400e-02,    1.003400e-02,    7.674400e-03,    7.674400e-03,    7.674400e-03,    7.674400e-03,    5.476700e-03,    5.476700e-03,
         5,    1.584800e+02,    1.571265e-02,    2.747618e-03,    1.582424e-01,   -1.635245e-01,   -1.224773e-01,    1.304736e-01,   -9.228555e-03,   -1.356030e-03,    7.984961e-01,    5.169339e-01,   -7.746455e-01,    5.261514e-02,   -4.541152e-02,   -1.239396e-02,   -2.013720e-01,    5.973648e-01,    2.486900e-02,    8.675300e-03,    1.505200e-01,   -1.630000e-01,   -1.229300e-01,    1.303500e-01,   -1.056200e-02,    2.599600e-03,    1.146700e-02,    1.146700e-02,    9.968900e-03,    9.968900e-03,    9.968900e-03,    9.968900e-03,    6.621800e-03,    6.621800e-03,
         5,    2.511800e+02,    1.332509e-02,    5.142571e-03,    1.996165e-01,   -2.065848e-01,   -1.552410e-01,    1.651964e-01,   -8.142821e-03,   -4.010618e-03,    4.137316e-01,    1.086105e+00,   -4.349842e-01,   -2.058429e-01,   -1.565513e-01,   -1.964882e-01,   -4.361597e-01,    4.921705e-01,    1.877600e-02,    1.945200e-02,    1.940900e-01,   -2.092000e-01,   -1.572300e-01,    1.627000e-01,   -1.147700e-02,   -2.482700e-04,    1.317500e-02,    1.317500e-02,    1.270500e-02,    1.270500e-02,    1.270500e-02,    1.270500e-02,    7.644400e-03,    7.644400e-03,
         5,    3.981000e+02,    1.116196e-02,    7.082818e-03,    2.490566e-01,   -2.621792e-01,   -1.950808e-01,    2.103829e-01,   -6.329181e-03,   -6.317520e-03,   -2.570709e-01,    1.492415e+00,   -2.171454e-02,    1.139638e-01,   -2.874889e-01,   -6.090920e-01,   -4.964685e-01,    2.817761e-01,    7.033400e-03,    3.105100e-02,    2.487100e-01,   -2.603600e-01,   -1.996700e-01,    2.006600e-01,   -1.053000e-02,   -3.933300e-03,    1.606000e-02,    1.606000e-02,    1.596300e-02,    1.596300e-02,    1.596300e-02,    1.596300e-02,    8.461400e-03,    8.461400e-03,
         5,    6.309500e+02,    8.134792e-03,    9.173033e-03,    3.104208e-01,   -3.369276e-01,   -2.445663e-01,    2.699982e-01,   -3.665976e-03,   -8.331524e-03,   -6.712515e-01,    1.507524e+00,    6.066355e-01,    4.118846e-01,   -5.151908e-01,   -9.520574e-01,   -3.048710e-01,   -9.964530e-02,   -5.601700e-03,    4.002300e-02,    3.227300e-01,   -3.285700e-01,   -2.550200e-01,    2.506800e-01,   -6.583500e-03,   -9.285100e-03,    2.046400e-02,    2.046400e-02,    2.029100e-02,    2.029100e-02,    2.029100e-02,    2.029100e-02,    9.569700e-03,    9.569700e-03,
         5,    1.000000e+03,    3.816698e-03,    1.051574e-02,    3.895432e-01,   -4.362071e-01,   -3.070031e-01,    3.490841e-01,   -3.771277e-04,   -9.711954e-03,   -4.244501e-01,    1.249163e+00,    4.888547e-01,    1.148362e+00,   -4.983544e-01,   -1.462361e+00,    4.592680e-01,   -6.605654e-01,   -5.679100e-03,    3.846200e-02,    4.019000e-01,   -4.071800e-01,   -3.196000e-01,    3.121200e-01,    6.143100e-03,   -1.909000e-02,    2.237200e-02,    2.237200e-02,    2.527700e-02,    2.527700e-02,    2.527700e-02,    2.527700e-02,    1.419700e-02,    1.419700e-02,
         6,    1.000000e+02,    2.070868e-01,    1.572407e-02,    2.862800e-01,   -2.081784e-01,   -3.681913e-01,    1.652255e-01,   -2.051179e-01,    1.704430e-02,   -5.960455e-01,   -2.487186e-01,   -1.593101e-01,   -3.296195e-01,    1.244003e+00,   -5.955321e-01,    1.022155e+00,    1.582680e-01,    1.842100e-01,    6.178000e-03,    2.833600e-01,   -2.142200e-01,   -3.453900e-01,    1.543100e-01,   -1.664600e-01,    2.303000e-02,    3.838100e-02,    3.838100e-02,    1.832900e-02,    1.832900e-02,    1.832900e-02,    1.832900e-02,    3.782000e-02,    3.782000e-02,
         6,    1.584800e+02,    1.945455e-01,    3.123375e-02,    3.349102e-01,   -2.578054e-01,   -4.031913e-01,    2.050994e-01,   -2.040967e-01,    8.004825e-04,   -2.904798e-01,   -4.136168e-01,    2.442114e-01,   -7.656071e-03,    7.043465e-01,   -6.074971e-01,    8.858981e-01,    5.114197e-01,    1.823700e-01,    1.389700e-02,    3.401600e-01,   -2.579700e-01,   -3.880500e-01,    1.920400e-01,   -1.681000e-01,    2.158100e-02,    4.191500e-02,    4.191500e-02,    2.149700e-02,    2.149700e-02,    2.149700e-02,    2.149700e-02,    4.063300e-02,    4.063300e-02,
         6,    2.511800e+02,    1.765635e-01,    4.004890e-02,    3.931487e-01,   -3.255745e-01,   -4.491201e-01,    2.624714e-01,   -1.950888e-01,   -1.044900e-02,    9.290657e-02,   -2.975418e-01,    1.223696e-01,    4.452515e-01,    2.683445e-02,   -9.395280e-01,    9.235267e-01,    7.644439e-01,    1.808000e-01,    2.648100e-02,    3.962500e-01,   -3.142900e-01,   -4.484400e-01,    2.386600e-01,   -1.559100e-01,    2.198100e-02,    4.560000e-02,    4.560000e-02,    2.534400e-02,    2.534400e-02,    2.534400e-02,    2.534400e-02,    4.242300e-02,    4.242300e-02,
         6,    3.981000e+02,    1.567441e-01,    4.126609e-02,    4.643414e-01,   -4.197472e-01,   -5.095959e-01,    3.397061e-01,   -1.809890e-01,   -1.274819e-02,    5.583578e-01,    1.352872e-01,   -9.887837e-02,    6.887641e-01,   -2.530039e-01,   -1.159756e+00,    6.412119e-01,    6.516508e-01,    1.853700e-01,    4.820200e-02,    4.613500e-01,   -3.989100e-01,   -5.172500e-01,    3.046200e-01,   -1.518600e-01,    1.685500e-02,    5.126800e-02,    5.126800e-02,    3.025300e-02,    3.025300e-02,    3.025300e-02,    3.025300e-02,    4.542800e-02,    4.542800e-02,
         6,    6.309500e+02,    1.386526e-01,    3.528493e-02,    5.561046e-01,   -5.513265e-01,   -5.880567e-01,    4.422404e-01,   -1.669215e-01,   -3.926953e-03,    1.213810e+00,    5.804944e-01,   -8.863786e-01,    4.305503e-01,    9.344112e-01,   -6.841095e-01,   -2.274898e-01,   -3.097583e-02,    2.134100e-01,    7.103700e-02,    5.241400e-01,   -5.358000e-01,   -5.543600e-01,    4.175700e-01,   -1.789500e-01,   -5.564800e-03,    6.158900e-02,    6.158900e-02,    3.606200e-02,    3.606200e-02,    3.606200e-02,    3.606200e-02,    5.287500e-02,    5.287500e-02,
         6,    1.000000e+03,    1.251327e-01,    2.425484e-02,    6.810372e-01,   -7.316522e-01,   -6.901295e-01,    5.785117e-01,   -1.582254e-01,    1.547539e-02,    1.303978e+00,    1.015549e+00,   -1.782102e+00,    2.788407e-01,    2.045443e+00,   -4.523056e-01,   -9.135671e-01,   -8.987332e-01,    2.175600e-01,    9.623800e-02,    6.028600e-01,   -7.194200e-01,   -6.004000e-01,    5.586700e-01,   -2.165000e-01,   -4.185300e-02,    7.088100e-02,    7.088100e-02,    4.386800e-02,    4.386800e-02,    4.386800e-02,    4.386800e-02,    6.378800e-02,    6.378800e-02,
         7,    1.000000e+02,   -6.621483e-03,    6.689382e-03,    1.261588e-01,   -1.193721e-01,   -1.329557e-01,    1.256272e-01,   -2.162120e-02,    2.503758e-02,   -3.309818e-01,    1.597527e-01,   -1.244421e-01,    1.931662e-02,    1.072526e-01,    2.595570e-01,    7.166448e-02,    2.769232e-01,   -8.861800e-03,    7.770700e-03,    1.250500e-01,   -1.192000e-01,   -1.320000e-01,    1.279400e-01,   -2.075700e-02,    2.837700e-02,    6.768700e-03,    6.768700e-03,    8.910400e-03,    8.910400e-03,    8.910400e-03,    8.910400e-03,    1.205900e-02,    1.205900e-02,
         7,    1.584800e+02,   -6.388958e-03,    7.134197e-03,    1.523727e-01,   -1.520700e-01,   -1.618119e-01,    1.629611e-01,   -2.943094e-02,    3.155441e-02,   -4.177605e-01,    1.664869e-01,   -2.214257e-01,   -5.574405e-02,    1.269461e-01,    3.262819e-01,   -3.762334e-02,    3.287456e-01,   -9.673600e-03,    8.443200e-03,    1.499100e-01,   -1.526900e-01,   -1.604000e-01,    1.665900e-01,   -3.002200e-02,    3.671900e-02,    7.862500e-03,    7.862500e-03,    1.112200e-02,    1.112200e-02,    1.112200e-02,    1.112200e-02,    1.571000e-02,    1.571000e-02,
         7,    2.511800e+02,   -5.929550e-03,    1.104523e-02,    1.856213e-01,   -1.982335e-01,   -1.991522e-01,    2.124276e-01,   -3.818166e-02,    3.741084e-02,   -2.575390e-01,   -1.389646e-02,   -2.162423e-01,   -2.208422e-01,    5.242738e-02,    4.098601e-01,   -2.191856e-01,    3.545132e-01,   -8.287500e-03,    1.091800e-02,    1.825600e-01,   -2.013600e-01,   -1.984100e-01,    2.182300e-01,   -4.261600e-02,    4.458300e-02,    9.155700e-03,    9.155700e-03,    1.415700e-02,    1.415700e-02,    1.415700e-02,    1.415700e-02,    2.023100e-02,    2.023100e-02,
         7,    3.981000e+02,   -8.768261e-03,    1.797097e-02,    2.302853e-01,   -2.611076e-01,   -2.470748e-01,    2.783732e-01,   -4.526857e-02,    4.479986e-02,    1.323898e-01,    5.285169e-02,   -1.397957e-01,   -4.606234e-01,   -1.714015e-01,    5.371559e-01,   -4.731154e-01,    2.490620e-01,   -7.102400e-03,    1.863600e-02,    2.277200e-01,   -2.695600e-01,   -2.502200e-01,    2.882300e-01,   -5.743000e-02,    5.120200e-02,    1.258300e-02,    1.258300e-02,    1.835000e-02,    1.835000e-02,    1.835000e-02,    1.835000e-02,    2.570500e-02,    2.570500e-02,
         7,    6.309500e+02,   -1.528218e-02,    2.419414e-02,    2.895148e-01,   -3.436307e-01,   -3.095900e-01,    3.665250e-01,   -5.172704e-02,    5.879730e-02,    4.666949e-01,    3.850065e-01,   -3.611487e-02,   -4.786374e-01,   -3.324866e-01,    2.760858e-01,   -6.737570e-01,   -5.030605e-02,   -6.823800e-03,    3.117200e-02,    2.886600e-01,   -3.549600e-01,   -3.174600e-01,    3.730600e-01,   -7.329400e-02,    5.718700e-02,    1.812400e-02,    1.812400e-02,    2.367000e-02,    2.367000e-02,    2.367000e-02,    2.367000e-02,    3.201000e-02,    3.201000e-02,
         7,    1.000000e+03,   -2.220638e-02,    2.958110e-02,    3.647649e-01,   -4.523068e-01,   -3.904720e-01,    4.830107e-01,   -6.182500e-02,    8.081647e-02,    4.580716e-01,    7.483365e-01,    3.112955e-01,    1.080395e-01,   -6.634488e-01,   -6.941532e-01,   -7.496554e-01,   -4.738801e-01,   -1.047700e-02,    4.874300e-02,    3.741200e-01,   -4.490600e-01,   -4.104100e-01,    4.621500e-01,   -9.120100e-02,    6.224700e-02,    2.560600e-02,    2.560600e-02,    3.005200e-02,    3.005200e-02,    3.005200e-02,    3.005200e-02,    3.918600e-02,    3.918600e-02,
         8,    1.000000e+02,   -6.204698e-01,    3.228890e-01,    2.658238e-01,   -4.001163e-01,   -4.576308e-01,    2.548478e-01,    2.298605e-02,   -5.445342e-02,   -3.841268e-01,    1.714293e+00,   -2.500345e-01,   -6.314815e-01,    2.038883e+00,   -6.063323e-01,   -5.950365e-01,    5.438843e-02,   -6.569200e-01,    4.855600e-01,    2.598000e-01,   -4.153300e-01,   -4.085100e-01,    2.402400e-01,    8.726000e-03,   -5.315000e-02,    9.489100e-02,    9.489100e-02,    2.409200e-02,    2.409200e-02,    2.409200e-02,    2.409200e-02,    2.396500e-02,    2.396500e-02,
         8,    1.584800e+02,   -6.919502e-01,    3.874588e-01,    3.748535e-01,   -5.301538e-01,   -5.169912e-01,    3.116105e-01,    4.667123e-02,   -5.577228e-02,   -1.080500e+00,    1.283183e+00,   -4.419042e-01,   -2.528388e-01,    8.836183e-01,    1.113262e-01,   -5.780374e-01,   -2.101258e-01,   -8.213400e-01,    5.411200e-01,    3.612800e-01,   -5.379200e-01,   -4.898500e-01,    3.150300e-01,    2.933300e-02,   -6.207500e-02,    1.197500e-01,    1.197500e-01,    3.071600e-02,    3.071600e-02,    3.071600e-02,    3.071600e-02,    2.999500e-02,    2.999500e-02,
         8,    2.511800e+02,   -7.747464e-01,    4.859619e-01,    5.224441e-01,   -6.785780e-01,   -5.888355e-01,    3.929338e-01,    6.672936e-02,   -4.792734e-02,   -1.797254e+00,    6.570266e-01,   -6.438978e-01,   -3.341741e-01,    5.162344e-02,    1.103338e-01,   -4.753012e-01,   -5.555615e-01,   -1.047300e+00,    5.856000e-01,    4.974300e-01,   -6.915600e-01,   -5.868300e-01,    3.972200e-01,    4.931100e-02,   -6.828700e-02,    1.516500e-01,    1.516500e-01,    3.884800e-02,    3.884800e-02,    3.884800e-02,    3.884800e-02,    3.664700e-02,    3.664700e-02,
         8,    3.981000e+02,   -8.821674e-01,    6.275088e-01,    7.024968e-01,   -8.513368e-01,   -6.839851e-01,    5.041754e-01,    7.530762e-02,   -3.698182e-02,   -1.936042e+00,   -2.526953e-02,   -3.512109e-01,   -2.297383e-01,   -3.899296e-01,   -5.998887e-02,   -2.794662e-01,   -6.123326e-01,   -1.241400e+00,    6.228200e-01,    6.853700e-01,   -8.625400e-01,   -7.030000e-01,    5.012500e-01,    6.367400e-02,   -6.247200e-02,    1.855500e-01,    1.855500e-01,    4.876500e-02,    4.876500e-02,    4.876500e-02,    4.876500e-02,    4.162800e-02,    4.162800e-02,
         8,    6.309500e+02,   -1.024383e+00,    8.178595e-01,    9.170550e-01,   -1.067715e+00,   -8.106977e-01,    6.462129e-01,    7.175020e-02,   -3.440701e-02,   -1.757734e+00,   -6.771561e-01,    6.740022e-01,   -3.055725e-01,   -5.626968e-01,   -5.617303e-01,   -3.473478e-02,   -8.958477e-01,   -1.422000e+00,    6.646800e-01,    9.584900e-01,   -1.086500e+00,   -8.452900e-01,    6.116800e-01,    7.002100e-02,   -7.900500e-02,    2.262100e-01,    2.262100e-01,    6.147600e-02,    6.147600e-02,    6.147600e-02,    6.147600e-02,    4.978300e-02,    4.978300e-02,
         8,    1.000000e+03,   -1.206651e+00,    1.070961e+00,    1.177817e+00,   -1.346909e+00,   -9.714509e-01,    8.239203e-01,    6.299784e-02,   -4.890518e-02,   -1.351824e+00,   -1.547816e+00,    2.039155e+00,    1.322098e+00,   -9.855754e-01,   -1.271365e+00,    1.535097e-01,   -6.906551e-01,   -1.563600e+00,    6.622600e-01,    1.333300e+00,   -1.246100e+00,   -1.046600e+00,    7.269800e-01,    7.176800e-02,   -8.836300e-02,    2.640500e-01,    2.640500e-01,    7.624900e-02,    7.624900e-02,    7.624900e-02,    7.624900e-02,    5.713100e-02,    5.713100e-02,
         9,    1.000000e+02,   -1.919689e-03,    8.261932e-04,    8.090938e-02,   -1.032423e-01,   -8.052564e-02,    9.676654e-02,    1.747583e-03,    1.384055e-03,    1.733463e+00,   -2.644126e-01,   -1.176689e-01,   -3.799775e-01,    7.648750e-01,    1.237736e+00,    8.723035e-01,    3.311337e-01,    4.271200e-03,   -1.181300e-04,    8.013900e-02,   -1.057300e-01,   -7.551800e-02,    1.048700e-01,    5.417800e-03,    2.777300e-03,    3.571400e-03,    3.571400e-03,    6.547000e-03,    6.547000e-03,    6.547000e-03,    6.547000e-03,    4.207500e-03,    4.207500e-03,
         9,    1.584800e+02,   -3.710358e-03,    8.920966e-04,    1.098702e-01,   -1.378688e-01,   -1.047487e-01,    1.287956e-01,    1.152733e-03,    1.142952e-03,    1.842165e+00,    3.919784e-01,   -5.705227e-03,   -2.856082e-02,   -1.947183e-02,    1.332966e+00,   -7.556249e-02,    4.521560e-01,    5.222300e-03,    2.792800e-03,    1.098200e-01,   -1.381200e-01,   -1.049200e-01,    1.405200e-01,    9.018500e-04,    2.644200e-03,    4.849000e-03,    4.849000e-03,    8.795700e-03,    8.795700e-03,    8.795700e-03,    8.795700e-03,    3.320200e-03,    3.320200e-03,
         9,    2.511800e+02,   -4.425895e-03,   -5.114288e-04,    1.465865e-01,   -1.769561e-01,   -1.366027e-01,    1.681332e-01,    3.103573e-04,    9.039492e-04,    1.295590e+00,    1.146773e+00,    1.096448e-01,   -1.062057e-01,   -6.141371e-01,    9.334217e-01,   -1.695298e-01,    3.933180e-01,    3.840100e-03,    6.805100e-03,    1.478500e-01,   -1.781800e-01,   -1.436800e-01,    1.788900e-01,   -2.693500e-04,    2.248900e-03,    6.380100e-03,    6.380100e-03,    1.152400e-02,    1.152400e-02,    1.152400e-02,    1.152400e-02,    3.419500e-03,    3.419500e-03,
         9,    3.981000e+02,   -4.110421e-03,   -1.737819e-03,    1.907958e-01,   -2.252940e-01,   -1.761192e-01,    2.181007e-01,   -8.638228e-04,   -2.788068e-05,    2.134859e-01,    1.454284e+00,    4.917649e-02,    4.305311e-02,   -8.101890e-01,    5.214817e-01,   -1.102557e-01,    6.052938e-01,   -2.297200e-03,    1.061400e-02,    1.915200e-01,   -2.246600e-01,   -1.880500e-01,    2.257800e-01,   -1.353700e-03,    2.661500e-03,    8.493400e-03,    8.493400e-03,    1.472600e-02,    1.472600e-02,    1.472600e-02,    1.472600e-02,    4.443100e-03,    4.443100e-03,
         9,    6.309500e+02,   -3.635870e-03,   -2.829157e-03,    2.446574e-01,   -2.875967e-01,   -2.250693e-01,    2.843228e-01,   -2.137363e-03,   -1.825339e-03,   -8.582175e-01,    6.828044e-01,   -1.747645e-01,   -4.853727e-01,   -8.887758e-01,    2.363947e-01,   -4.496817e-01,    6.502648e-01,   -1.298100e-02,    4.605900e-03,    2.413400e-01,   -2.968100e-01,   -2.419400e-01,    2.888100e-01,   -5.362300e-03,    2.838100e-03,    1.088900e-02,    1.088900e-02,    1.898200e-02,    1.898200e-02,    1.898200e-02,    1.898200e-02,    7.171600e-03,    7.171600e-03,
         9,    1.000000e+03,   -3.018209e-03,   -4.006417e-03,    3.104515e-01,   -3.697748e-01,   -2.867004e-01,    3.736496e-01,   -3.724725e-03,   -5.124457e-03,   -1.254448e+00,    1.526837e-01,    3.816669e-01,   -3.100854e-01,   -1.232529e+00,   -2.567817e-01,   -2.070780e-01,    6.305194e-01,   -2.319600e-02,   -1.550500e-03,    3.198000e-01,   -3.773700e-01,   -3.168900e-01,    3.673600e-01,   -5.301500e-03,   -3.234300e-04,    1.608500e-02,    1.608500e-02,    2.449400e-02,    2.449400e-02,    2.449400e-02,    2.449400e-02,    7.614400e-03,    7.614400e-03,
        11,    1.000000e+02,   -6.161418e-03,   -5.266857e-03,    1.190798e-01,   -1.165262e-01,   -1.175112e-01,    1.234868e-01,    4.968289e-03,    5.540535e-04,   -6.640025e-01,   -1.212189e+00,    6.973232e-01,   -2.368254e-01,    5.780682e-01,   -1.390770e-01,   -6.441242e-02,   -6.252736e-01,   -1.199800e-02,   -1.592200e-02,    1.249800e-01,   -1.185300e-01,   -1.126200e-01,    1.223100e-01,    4.684900e-03,   -2.196900e-03,    8.790000e-03,    8.790000e-03,    8.461200e-03,    8.461200e-03,    8.461200e-03,    8.461200e-03,    4.399600e-03,    4.399600e-03,
        11,    1.584800e+02,   -6.792694e-03,    2.479573e-03,    1.475139e-01,   -1.536745e-01,   -1.511098e-01,    1.581438e-01,    4.447097e-03,    1.129118e-03,    3.191668e-01,   -1.421215e+00,    9.401493e-01,    1.400789e-01,    7.434879e-02,    4.504052e-01,    1.442344e-01,   -6.904278e-01,   -4.781400e-03,   -6.476500e-03,    1.578800e-01,   -1.521300e-01,   -1.502900e-01,    1.631100e-01,    5.225400e-03,   -2.596500e-03,    6.301700e-03,    6.301700e-03,    1.102600e-02,    1.102600e-02,    1.102600e-02,    1.102600e-02,    5.396100e-03,    5.396100e-03,
        11,    2.511800e+02,   -1.017372e-02,    6.914863e-03,    1.861402e-01,   -1.992796e-01,   -1.901486e-01,    2.003593e-01,    3.181172e-03,    1.042269e-03,    7.863210e-01,   -1.705810e-01,    7.745300e-01,    6.810225e-01,   -4.179359e-01,    2.510422e-01,    4.920931e-01,   -4.972111e-01,   -4.827600e-03,    5.755100e-03,    1.969100e-01,   -1.898100e-01,   -1.959600e-01,    2.038500e-01,    6.415700e-03,   -2.225900e-03,    6.798900e-03,    6.798900e-03,    1.390500e-02,    1.390500e-02,    1.390500e-02,    1.390500e-02,    6.573000e-03,    6.573000e-03,
        11,    3.981000e+02,   -1.264178e-02,    9.759961e-03,    2.335022e-01,   -2.559509e-01,   -2.372920e-01,    2.564169e-01,    2.211079e-03,   -2.410719e-04,    1.222507e-01,    1.910167e-01,    5.253365e-01,    1.149831e+00,   -7.288303e-01,   -3.582221e-01,    6.459083e-01,   -2.418252e-01,   -1.127600e-02,    1.189400e-02,    2.425900e-01,   -2.360600e-01,   -2.499000e-01,    2.502200e-01,    7.202400e-03,   -2.109800e-03,    1.117200e-02,    1.117200e-02,    1.729900e-02,    1.729900e-02,    1.729900e-02,    1.729900e-02,    7.727600e-03,    7.727600e-03,
        11,    6.309500e+02,   -1.492815e-02,    1.388101e-02,    2.903912e-01,   -3.312281e-01,   -2.963332e-01,    3.308885e-01,    2.180941e-03,   -2.049160e-03,   -2.356070e-01,    1.516353e-01,    4.671635e-01,    1.532875e+00,   -7.185440e-01,   -1.019280e+00,    6.826931e-01,   -2.921200e-02,   -1.853600e-02,    1.620300e-02,    3.004600e-01,   -2.981900e-01,   -3.118200e-01,    3.089200e-01,    8.576000e-03,   -2.322800e-03,    1.531300e-02,    1.531300e-02,    2.155300e-02,    2.155300e-02,    2.155300e-02,    2.155300e-02,    9.367400e-03,    9.367400e-03,
        11,    1.000000e+03,   -1.865432e-02,    1.916228e-02,    3.607371e-01,   -4.338041e-01,   -3.701593e-01,    4.300647e-01,    2.884049e-03,   -3.694267e-03,   -2.865979e-01,   -1.211476e-01,    8.183303e-01,    2.478775e+00,   -1.247629e+00,   -1.800999e+00,    7.602120e-01,    3.139443e-01,   -2.401800e-02,    1.689500e-02,    3.829400e-01,   -3.665500e-01,   -4.040100e-01,    3.812000e-01,    1.231600e-02,    2.008400e-04,    1.871500e-02,    1.871500e-02,    2.713200e-02,    2.713200e-02,    2.713200e-02,    2.713200e-02,    1.240700e-02,    1.240700e-02,
        12,    1.000000e+02,   -1.349538e-02,    1.656333e-02,    8.532103e-02,   -1.066107e-01,   -9.703805e-02,    1.162553e-01,    2.508010e-02,   -3.858628e-02,   -3.075976e-01,    1.674197e-01,   -4.867173e-01,    8.312154e-01,    4.184438e-01,   -2.254708e-01,    1.161836e+00,   -6.367933e-01,   -1.607800e-02,    1.796900e-02,    8.194200e-02,   -1.008400e-01,   -9.413300e-02,    1.146900e-01,    4.202200e-02,   -4.787200e-02,    8.396100e-03,    8.396100e-03,    6.942500e-03,    6.942500e-03,    6.942500e-03,    6.942500e-03,    1.458200e-02,    1.458200e-02,
        12,    1.584800e+02,   -1.792567e-02,    2.025621e-02,    1.113674e-01,   -1.417798e-01,   -1.251435e-01,    1.526698e-01,    3.498672e-02,   -4.839135e-02,   -1.023231e-01,    7.906744e-02,   -1.183360e+00,    8.762638e-01,    8.744374e-01,   -2.145780e-01,    9.048768e-01,   -7.066069e-01,   -1.898400e-02,    2.107400e-02,    1.007800e-01,   -1.339400e-01,   -1.173200e-01,    1.507500e-01,    5.181200e-02,   -6.153000e-02,    1.034300e-02,    1.034300e-02,    8.946900e-03,    8.946900e-03,    8.946900e-03,    8.946900e-03,    1.859400e-02,    1.859400e-02,
        12,    2.511800e+02,   -2.323715e-02,    2.485203e-02,    1.467241e-01,   -1.860532e-01,   -1.624406e-01,    1.991159e-01,    4.719436e-02,   -6.096597e-02,   -1.586183e-01,    6.919763e-02,   -1.425165e+00,    6.647311e-01,    6.831832e-01,   -1.237806e-02,    7.872217e-01,   -8.192283e-01,   -2.536200e-02,    2.577900e-02,    1.299300e-01,   -1.782200e-01,   -1.543900e-01,    1.989700e-01,    6.636400e-02,   -8.091500e-02,    1.339600e-02,    1.339600e-02,    1.178400e-02,    1.178400e-02,    1.178400e-02,    1.178400e-02,    2.435100e-02,    2.435100e-02,
        12,    3.981000e+02,   -2.947853e-02,    3.071105e-02,    1.930132e-01,   -2.416270e-01,   -2.105172e-01,    2.584129e-01,    6.220024e-02,   -7.700163e-02,   -3.307258e-01,   -3.673444e-02,   -1.010178e+00,    2.430922e-01,    1.738707e-01,    2.246772e-01,    9.287398e-01,   -8.893034e-01,   -3.529500e-02,    3.006500e-02,    1.771100e-01,   -2.378000e-01,   -2.077800e-01,    2.619500e-01,    9.240100e-02,   -1.059200e-01,    1.758700e-02,    1.758700e-02,    1.574300e-02,    1.574300e-02,    1.574300e-02,    1.574300e-02,    3.251800e-02,    3.251800e-02,
        12,    6.309500e+02,   -3.706065e-02,    3.856411e-02,    2.520693e-01,   -3.119242e-01,   -2.715442e-01,    3.349560e-01,    8.052809e-02,   -9.797636e-02,   -4.059212e-01,   -4.599231e-01,   -3.117383e-02,   -2.948489e-01,   -4.664922e-01,    2.309332e-01,    1.225036e+00,   -8.647299e-01,   -4.607900e-02,    2.834600e-02,    2.514100e-01,   -3.181600e-01,   -2.814100e-01,    3.398400e-01,    1.338000e-01,   -1.355800e-01,    2.221700e-02,    2.221700e-02,    2.114900e-02,    2.114900e-02,    2.114900e-02,    2.114900e-02,    4.348600e-02,    4.348600e-02,
        12,    1.000000e+03,   -4.693519e-02,    4.894240e-02,    3.260461e-01,   -4.022341e-01,   -3.481610e-01,    4.350784e-01,    1.033797e-01,   -1.259249e-01,   -4.558284e-01,   -1.613199e+00,    9.404644e-01,   -8.292888e-02,   -1.383966e+00,   -7.378333e-01,    1.504675e+00,   -6.119029e-01,   -5.914000e-02,    5.749000e-03,    3.519700e-01,   -4.045200e-01,   -3.863100e-01,    4.147400e-01,    1.878100e-01,   -1.602600e-01,    2.677500e-02,    2.677500e-02,    2.756500e-02,    2.756500e-02,    2.756500e-02,    2.756500e-02,    5.611200e-02,    5.611200e-02,
        13,    1.000000e+02,    1.682115e-03,   -8.844156e-03,    8.497191e-02,   -9.863730e-02,   -8.500038e-02,    1.015958e-01,    7.154950e-04,    8.427475e-03,    6.819652e-01,   -2.359362e-01,   -7.357336e-01,   -9.153736e-01,    7.201014e-01,    6.966742e-01,   -2.006434e-01,    4.119917e-01,    5.702300e-03,   -1.023500e-02,    8.009900e-02,   -1.047000e-01,   -8.023100e-02,    1.062100e-01,   -4.243600e-04,    1.076800e-02,    5.895000e-03,    5.895000e-03,    6.623200e-03,    6.623200e-03,    6.623200e-03,    6.623200e-03,    5.681000e-03,    5.681000e-03,
        13,    1.584800e+02,    3.887781e-03,   -9.742751e-03,    1.089099e-01,   -1.276600e-01,   -1.110326e-01,    1.315582e-01,   -1.609155e-03,    9.942583e-03,    5.525786e-01,    3.188750e-02,    1.315047e-01,   -1.227307e+00,   -9.973287e-02,    9.038279e-01,   -4.107153e-01,    1.211412e-01,    7.751300e-03,   -9.519800e-03,    1.100800e-01,   -1.385800e-01,   -1.119200e-01,    1.396000e-01,   -4.421200e-03,    1.077200e-02,    6.991800e-03,    6.991800e-03,    8.897500e-03,    8.897500e-03,    8.897500e-03,    8.897500e-03,    6.846700e-03,    6.846700e-03,
        13,    2.511800e+02,    6.428425e-03,   -1.121701e-02,    1.396202e-01,   -1.646452e-01,   -1.436254e-01,    1.688744e-01,   -3.882118e-03,    1.213300e-02,    3.078615e-01,    2.093061e-01,    5.429982e-01,   -8.720258e-01,   -4.301050e-01,    7.465854e-01,   -4.030782e-01,   -1.565727e-01,    8.945100e-03,   -9.506000e-03,    1.458500e-01,   -1.746500e-01,   -1.485600e-01,    1.774400e-01,   -7.200500e-03,    1.084400e-02,    8.174700e-03,    8.174700e-03,    1.147300e-02,    1.147300e-02,    1.147300e-02,    1.147300e-02,    8.232600e-03,    8.232600e-03,
        13,    3.981000e+02,    9.644730e-03,   -1.317186e-02,    1.777417e-01,   -2.123889e-01,   -1.836038e-01,    2.166193e-01,   -6.377456e-03,    1.524439e-02,    5.066284e-02,    3.371202e-02,    7.460666e-01,   -3.196720e-01,   -5.063978e-01,    2.968691e-01,   -1.466280e-01,   -3.279179e-01,    1.016600e-02,   -1.282500e-02,    1.885500e-01,   -2.170200e-01,   -1.909400e-01,    2.209200e-01,   -7.801800e-03,    1.205900e-02,    1.028900e-02,    1.028900e-02,    1.448700e-02,    1.448700e-02,    1.448700e-02,    1.448700e-02,    9.714000e-03,    9.714000e-03,
        13,    6.309500e+02,    1.370442e-02,   -1.536539e-02,    2.241658e-01,   -2.757798e-01,   -2.322399e-01,    2.800122e-01,   -9.137340e-03,    1.982382e-02,   -1.683521e-02,   -1.506054e-01,    9.485990e-01,    3.155649e-01,   -6.513966e-01,   -1.718536e-01,    2.333873e-01,   -3.506138e-01,    1.347900e-02,   -1.738200e-02,    2.415100e-01,   -2.700100e-01,   -2.441500e-01,    2.768700e-01,   -6.371000e-03,    1.566800e-02,    1.339000e-02,    1.339000e-02,    1.828400e-02,    1.828400e-02,    1.828400e-02,    1.828400e-02,    1.185300e-02,    1.185300e-02,
        13,    1.000000e+03,    1.868795e-02,   -1.761184e-02,    2.807857e-01,   -3.623570e-01,   -2.926089e-01,    3.663801e-01,   -1.243090e-02,    2.660132e-02,   -1.408069e-01,   -3.369160e-01,    1.041256e+00,    8.033266e-01,   -1.601824e+00,   -9.654318e-01,    4.692517e-01,   -2.567529e-01,    1.627100e-02,   -2.339500e-02,    3.051500e-01,   -3.435600e-01,   -3.300900e-01,    3.437900e-01,   -5.043000e-03,    2.255900e-02,    1.716500e-02,    1.716500e-02,    2.339900e-02,    2.339900e-02,    2.339900e-02,    2.339900e-02,    1.574400e-02,    1.574400e-02,
        14,    1.000000e+02,    1.984639e-01,   -1.270677e-01,    2.745403e-01,   -3.935059e-01,   -4.179102e-01,    2.969196e-01,   -8.362448e-02,    1.299963e-01,   -2.576963e-01,   -6.987112e-01,   -1.332106e+00,   -3.923975e-01,   -3.388476e-02,   -1.133274e+00,    8.763384e-01,   -2.605046e-01,    1.853000e-01,   -1.627600e-01,    2.423100e-01,   -4.030000e-01,   -4.187300e-01,    2.695000e-01,   -5.016500e-02,    1.200500e-01,    5.108300e-02,    5.108300e-02,    2.419500e-02,    2.419500e-02,    2.419500e-02,    2.419500e-02,    3.818100e-02,    3.818100e-02,
        14,    1.584800e+02,    2.293212e-01,   -1.568446e-01,    3.775076e-01,   -5.011837e-01,   -4.961064e-01,    3.680201e-01,   -1.202046e-01,    1.675195e-01,    4.085219e-01,   -6.470523e-01,   -8.400877e-01,   -1.604033e+00,    2.068711e-01,   -1.109506e+00,    8.411761e-01,    2.762708e-01,    2.576600e-01,   -2.017300e-01,    3.513700e-01,   -5.510900e-01,   -4.896700e-01,    3.335000e-01,   -7.705900e-02,    1.816900e-01,    6.936900e-02,    6.936900e-02,    3.111300e-02,    3.111300e-02,    3.111300e-02,    3.111300e-02,    5.129200e-02,    5.129200e-02,
        14,    2.511800e+02,    2.660594e-01,   -1.969059e-01,    4.993003e-01,   -6.370148e-01,   -5.863882e-01,    4.557439e-01,   -1.633918e-01,    2.130873e-01,    7.391175e-01,   -4.935680e-01,   -3.826530e-01,   -2.124945e+00,    4.437798e-01,   -8.311603e-01,    6.664563e-01,    7.062640e-01,    3.322400e-01,   -2.411000e-01,    4.842900e-01,   -7.203700e-01,   -5.689800e-01,    4.231400e-01,   -1.183400e-01,    2.608300e-01,    8.954000e-02,    8.954000e-02,    3.922700e-02,    3.922700e-02,    3.922700e-02,    3.922700e-02,    6.759900e-02,    6.759900e-02,
        14,    3.981000e+02,    3.100534e-01,   -2.503698e-01,    6.485559e-01,   -8.184407e-01,   -6.884219e-01,    5.735028e-01,   -2.174178e-01,    2.717339e-01,    8.162977e-01,   -2.943773e-01,   -1.375677e-01,   -2.321008e+00,    6.753908e-01,   -9.019604e-01,    4.544100e-01,    9.908459e-01,    4.013400e-01,   -2.832900e-01,    6.418400e-01,   -9.317500e-01,   -6.554500e-01,    5.294700e-01,   -1.778600e-01,    3.579900e-01,    1.118300e-01,    1.118300e-01,    4.881900e-02,    4.881900e-02,    4.881900e-02,    4.881900e-02,    8.705300e-02,    8.705300e-02,
        14,    6.309500e+02,    3.617709e-01,   -3.241421e-01,    8.400172e-01,   -1.061986e+00,   -8.100210e-01,    7.413531e-01,   -2.866510e-01,    3.461750e-01,    6.148111e-01,   -1.153974e-01,   -4.067414e-01,   -1.920713e+00,    8.676869e-01,   -6.544618e-01,    3.225579e-01,    1.116698e+00,    4.443400e-01,   -3.396400e-01,    8.152800e-01,   -1.178800e+00,   -7.572500e-01,    7.015500e-01,   -2.507600e-01,    4.704300e-01,    1.343000e-01,    1.343000e-01,    6.081800e-02,    6.081800e-02,    6.081800e-02,    6.081800e-02,    1.112700e-01,    1.112700e-01,
        14,    1.000000e+03,    4.255415e-01,   -4.298524e-01,    1.091756e+00,   -1.382562e+00,   -9.693235e-01,    9.781862e-01,   -3.742697e-01,    4.395387e-01,    3.823751e-01,    3.082276e-01,   -7.173485e-01,   -1.673916e+00,    9.626520e-01,   -2.982233e-01,    1.620499e-01,    1.092390e+00,    4.865800e-01,   -3.806500e-01,    1.036200e+00,   -1.512200e+00,   -8.947700e-01,    9.550900e-01,   -3.511500e-01,    5.953900e-01,    1.596300e-01,    1.596300e-01,    7.744600e-02,    7.744600e-02,    7.744600e-02,    7.744600e-02,    1.426700e-01,    1.426700e-01,
        15,    1.000000e+02,   -2.912137e-02,   -7.451883e-03,    1.121574e-01,   -1.262760e-01,   -7.510441e-02,    1.127208e-01,    2.223731e-03,    2.177902e-03,   -4.208660e-02,   -1.840031e+00,   -9.247245e-02,    4.927047e-01,    4.144003e-01,    5.634112e-01,   -7.244085e-01,    7.165745e-01,   -2.965200e-02,   -3.065100e-02,    1.114600e-01,   -1.225600e-01,   -7.197900e-02,    1.169700e-01,   -6.376100e-04,    5.008300e-03,    1.260800e-02,    1.260800e-02,    7.542000e-03,    7.542000e-03,    7.542000e-03,    7.542000e-03,    3.949900e-03,    3.949900e-03,
        15,    1.584800e+02,   -2.450845e-02,   -1.256866e-02,    1.472095e-01,   -1.576955e-01,   -1.023755e-01,    1.545129e-01,    2.141793e-03,    5.998145e-03,    6.842243e-01,   -1.755634e+00,   -5.668047e-01,    3.929083e-01,    4.917563e-01,    6.371591e-01,   -7.820283e-01,   -2.606518e-04,   -1.517700e-02,   -3.651200e-02,    1.415900e-01,   -1.538000e-01,   -9.750000e-02,    1.608300e-01,   -1.892300e-03,    5.996800e-03,    1.363800e-02,    1.363800e-02,    9.914400e-03,    9.914400e-03,    9.914400e-03,    9.914400e-03,    5.158500e-03,    5.158500e-03,
        15,    2.511800e+02,   -1.820522e-02,   -1.477545e-02,    1.875195e-01,   -1.942867e-01,   -1.429329e-01,    2.061157e-01,   -3.560652e-04,    1.027532e-02,    1.412803e+00,   -1.354430e+00,   -4.805151e-01,   -3.710712e-01,    9.739780e-04,    7.835883e-01,   -9.159287e-01,   -3.371129e-01,    2.190000e-03,   -3.432800e-02,    1.811700e-01,   -1.991900e-01,   -1.429200e-01,    2.164700e-01,   -7.614800e-03,    7.603700e-03,    1.443600e-02,    1.443600e-02,    1.321400e-02,    1.321400e-02,    1.321400e-02,    1.321400e-02,    7.925000e-03,    7.925000e-03,
        15,    3.981000e+02,   -1.316954e-02,   -1.443876e-02,    2.322005e-01,   -2.421820e-01,   -1.971121e-01,    2.663492e-01,   -4.486952e-03,    1.342980e-02,    1.847668e+00,   -4.505949e-01,    2.689970e-01,   -9.558546e-01,   -4.896443e-01,    6.145561e-01,   -8.813942e-01,   -6.361654e-01,    1.227100e-02,   -2.064300e-02,    2.368800e-01,   -2.588100e-01,   -2.056300e-01,    2.770400e-01,   -1.417700e-02,    6.435800e-03,    1.376900e-02,    1.376900e-02,    1.739600e-02,    1.739600e-02,    1.739600e-02,    1.739600e-02,    1.099400e-02,    1.099400e-02,
        15,    6.309500e+02,   -1.112615e-02,   -1.415339e-02,    2.839145e-01,   -3.096783e-01,   -2.614632e-01,    3.390406e-01,   -8.349181e-03,    1.564322e-02,    1.955428e+00,    7.856858e-01,    1.201476e+00,   -9.290086e-01,   -1.013161e+00,    3.989838e-03,   -8.547298e-01,   -8.977030e-01,    1.014500e-02,   -5.606700e-03,    3.108300e-01,   -3.304900e-01,   -2.841600e-01,    3.391300e-01,   -2.065900e-02,    2.714500e-03,    1.087800e-02,    1.087800e-02,    2.240200e-02,    2.240200e-02,    2.240200e-02,    2.240200e-02,    1.440200e-02,    1.440200e-02,
        15,    1.000000e+03,   -1.185889e-02,   -1.694499e-02,    3.483736e-01,   -4.053354e-01,   -3.355362e-01,    4.360466e-01,   -1.116861e-02,    1.898470e-02,    1.352400e+00,    2.375370e+00,    1.894988e+00,   -2.743711e-01,   -1.493286e+00,   -9.400252e-01,   -6.594735e-01,   -1.345926e+00,    2.560400e-03,    8.381200e-03,    4.020700e-01,   -4.131100e-01,   -3.778500e-01,    4.094100e-01,   -2.225700e-02,   -3.645700e-03,    1.066200e-02,    1.066200e-02,    2.833600e-02,    2.833600e-02,    2.833600e-02,    2.833600e-02,    1.681400e-02,    1.681400e-02,
        16,    1.000000e+02,    8.687776e-03,   -1.021950e-02,    9.724727e-02,   -1.056582e-01,   -1.282734e-01,    1.333317e-01,   -8.110782e-03,    9.767023e-03,    4.028527e-01,   -6.795163e-02,    1.533260e-01,   -9.994227e-03,   -1.462176e-01,   -8.208315e-02,    3.357634e-01,   -3.172258e-01,    1.157200e-02,   -1.070600e-02,    9.850200e-02,   -1.057400e-01,   -1.294700e-01,    1.326600e-01,   -5.967000e-03,    7.741600e-03,    7.159500e-03,    7.159500e-03,    8.183400e-03,    8.183400e-03,    8.183400e-03,    8.183400e-03,    6.384800e-03,    6.384800e-03,
        16,    1.584800e+02,    1.129241e-02,   -1.265172e-02,    1.236728e-01,   -1.346895e-01,   -1.613915e-01,    1.698956e-01,   -1.010050e-02,    1.233863e-02,    2.968773e-01,    1.066152e-01,   -1.334490e-01,   -1.351555e-01,   -1.725977e-01,   -1.124844e-01,    2.851906e-01,   -7.290418e-02,    1.385900e-02,   -1.173000e-02,    1.222900e-01,   -1.360900e-01,   -1.631800e-01,    1.687300e-01,   -7.649200e-03,    1.171200e-02,    8.645300e-03,    8.645300e-03,    1.036200e-02,    1.036200e-02,    1.036200e-02,    1.036200e-02,    8.595300e-03,    8.595300e-03,
        16,    2.511800e+02,    1.480813e-02,   -1.533892e-02,    1.565993e-01,   -1.721519e-01,   -2.043811e-01,    2.171898e-01,   -1.328780e-02,    1.586358e-02,    3.196167e-01,    1.724543e-01,   -4.157162e-01,   -2.292186e-01,    1.573423e-01,   -3.191026e-01,    9.745349e-02,    6.441639e-02,    1.828300e-02,   -1.346400e-02,    1.511800e-01,   -1.751400e-01,   -2.023300e-01,    2.130300e-01,   -1.215100e-02,    1.661500e-02,    1.087200e-02,    1.087200e-02,    1.303600e-02,    1.303600e-02,    1.303600e-02,    1.303600e-02,    1.166500e-02,    1.166500e-02,
        16,    3.981000e+02,    1.867613e-02,   -1.847907e-02,    1.983337e-01,   -2.208885e-01,   -2.596081e-01,    2.762892e-01,   -1.751139e-02,    1.996247e-02,    3.422403e-01,    1.925069e-01,   -5.215419e-01,   -2.901050e-01,   -7.651947e-01,   -1.938929e-01,   -1.711701e-01,    1.710847e-02,    2.335900e-02,   -1.584500e-02,    1.895400e-01,   -2.257800e-01,   -2.725100e-01,    2.730200e-01,   -2.020800e-02,    2.023200e-02,    1.368300e-02,    1.368300e-02,    1.686100e-02,    1.686100e-02,    1.686100e-02,    1.686100e-02,    1.575400e-02,    1.575400e-02,
        16,    6.309500e+02,    2.302023e-02,   -2.279820e-02,    2.513015e-01,   -2.839319e-01,   -3.280815e-01,    3.506562e-01,   -2.263290e-02,    2.499983e-02,    1.218711e+00,    2.394699e-01,   -6.186873e-01,    4.881415e-01,   -4.556978e-01,   -8.188593e-01,   -7.027821e-01,   -2.275225e-01,    4.793800e-02,   -1.790200e-02,    2.384600e-01,   -2.738000e-01,   -3.375400e-01,    3.336600e-01,   -3.763800e-02,    2.014200e-02,    2.044600e-02,    2.044600e-02,    2.075600e-02,    2.075600e-02,    2.075600e-02,    2.075600e-02,    2.135100e-02,    2.135100e-02,
        17,    1.000000e+02,   -6.083495e-03,    1.068129e-02,    8.407343e-02,   -1.226470e-01,   -8.902645e-02,    1.370465e-01,   -4.029783e-03,    2.221821e-03,    5.570017e-01,    3.066971e-01,    2.562439e-01,   -4.717044e-01,    2.138984e+00,    9.048764e-01,   -1.332092e+00,   -1.220140e-01,   -2.366400e-03,    1.272800e-02,    8.608500e-02,   -1.263500e-01,   -7.223500e-02,    1.441500e-01,   -1.331100e-02,    1.371700e-03,    6.673400e-03,    6.673400e-03,    7.850200e-03,    7.850200e-03,    7.850200e-03,    7.850200e-03,    6.967400e-03,    6.967400e-03,
        17,    1.584800e+02,   -7.524534e-03,    1.669316e-02,    1.133382e-01,   -1.676131e-01,   -1.218660e-01,    1.855376e-01,   -5.950739e-03,    7.029441e-04,    2.164976e-01,    2.095545e-01,   -4.010279e-01,   -3.022924e-01,    2.259857e+00,    1.220394e-01,   -9.823269e-01,    1.863226e-01,   -5.485300e-03,    1.866700e-02,    1.091900e-01,   -1.707400e-01,   -9.849000e-02,    1.868000e-01,   -1.401800e-02,    2.233100e-03,    9.419200e-03,    9.419200e-03,    1.034400e-02,    1.034400e-02,    1.034400e-02,    1.034400e-02,    8.212400e-03,    8.212400e-03,
        17,    2.511800e+02,   -1.101024e-02,    2.532027e-02,    1.543391e-01,   -2.246845e-01,   -1.678585e-01,    2.470371e-01,   -6.966171e-03,   -2.381552e-03,   -3.837525e-02,   -3.719979e-01,   -7.968032e-01,   -6.625264e-01,    1.634926e+00,   -7.321830e-01,   -7.362016e-01,   -1.049681e-01,   -1.147500e-02,    2.081500e-02,    1.433400e-01,   -2.338300e-01,   -1.452900e-01,    2.369300e-01,   -1.393800e-02,   -3.375600e-03,    1.211100e-02,    1.211100e-02,    1.380400e-02,    1.380400e-02,    1.380400e-02,    1.380400e-02,    9.470000e-03,    9.470000e-03,
        17,    3.981000e+02,   -1.757482e-02,    3.606317e-02,    2.106043e-01,   -2.970580e-01,   -2.300293e-01,    3.242655e-01,   -6.324382e-03,   -6.354119e-03,   -1.327333e-01,    5.086477e-02,   -1.319165e+00,   -9.192346e-01,    7.090035e-01,   -5.614181e-01,   -2.537956e-03,   -7.017893e-01,   -2.004300e-02,    3.700900e-02,    1.859900e-01,   -3.142100e-01,   -2.168000e-01,    3.137900e-01,   -6.354000e-03,   -1.454400e-02,    1.859500e-02,    1.859500e-02,    1.865900e-02,    1.865900e-02,    1.865900e-02,    1.865900e-02,    1.167000e-02,    1.167000e-02,
        17,    6.309500e+02,   -2.728393e-02,    4.862658e-02,    2.860751e-01,   -3.871639e-01,   -3.119144e-01,    4.208291e-01,   -3.987466e-03,   -1.060769e-02,    5.125688e-02,   -3.099036e-01,   -1.158517e+00,   -1.322039e+00,    4.651694e-01,   -1.889066e-01,    5.278167e-01,   -2.422819e-01,   -2.609000e-02,    4.140800e-02,    2.569500e-01,   -4.204000e-01,   -3.002200e-01,    4.160800e-01,    2.710000e-03,   -1.368200e-02,    2.329300e-02,    2.329300e-02,    2.514000e-02,    2.514000e-02,    2.514000e-02,    2.514000e-02,    1.268900e-02,    1.268900e-02,
        17,    1.000000e+03,   -4.017302e-02,    6.349433e-02,    3.830057e-01,   -4.988470e-01,   -4.168154e-01,    5.416478e-01,    4.061268e-05,   -1.470981e-02,    2.691958e-01,   -8.968992e-01,   -2.548035e-01,   -2.278608e+00,    1.207146e-01,    7.458560e-01,    8.670259e-01,    1.947526e-01,   -3.264900e-02,    3.842600e-02,    3.741500e-01,   -5.780400e-01,   -4.126200e-01,    5.675700e-01,    1.497600e-02,   -1.135500e-02,    2.795000e-02,    2.795000e-02,    3.475500e-02,    3.475500e-02,    3.475500e-02,    3.475500e-02,    1.722600e-02,    1.722600e-02,
        18,    1.000000e+02,    5.320637e-01,   -1.670564e-01,    3.690786e-01,   -2.911240e-01,   -1.864132e+00,    8.031594e-01,   -7.288166e-01,    4.753624e-02,   -5.714234e-02,   -8.224352e-02,    1.003850e+00,   -5.291672e-01,   -6.320367e-01,    5.458828e-01,    1.141496e-01,    2.543369e-01,    5.274200e-01,   -1.737400e-01,    4.216000e-01,   -3.188100e-01,   -1.897200e+00,    8.317200e-01,   -7.079900e-01,    9.394000e-02,    8.126600e-02,    8.126600e-02,    5.232000e-02,    5.232000e-02,    5.232000e-02,    5.232000e-02,    1.824500e-01,    1.824500e-01,
        18,    1.584800e+02,    5.729417e-01,   -1.706576e-01,    4.359727e-01,   -3.876077e-01,   -2.073093e+00,    8.916842e-01,   -7.232769e-01,    3.939088e-02,   -3.617591e-02,   -1.684336e-01,    9.210235e-01,   -8.240078e-02,   -7.110462e-01,    7.991950e-01,    1.795589e-02,    1.901804e-01,    5.696100e-01,   -1.861700e-01,    4.915500e-01,   -3.925800e-01,   -2.116000e+00,    9.399100e-01,   -7.197900e-01,    7.632200e-02,    9.209800e-02,    9.209800e-02,    6.034300e-02,    6.034300e-02,    6.034300e-02,    6.034300e-02,    1.941900e-01,    1.941900e-01,
        18,    2.511800e+02,    6.089824e-01,   -1.835345e-01,    5.325928e-01,   -5.100414e-01,   -2.290253e+00,    1.018012e+00,   -7.228218e-01,    4.054668e-02,    9.654493e-02,   -2.176117e-01,    7.600662e-01,    2.496052e-01,   -1.033626e+00,    7.773886e-01,   -1.457811e-01,    3.236960e-02,    6.192200e-01,   -2.066100e-01,    5.861600e-01,   -4.924500e-01,   -2.363100e+00,    1.072800e+00,   -7.534300e-01,    4.734300e-02,    1.060400e-01,    1.060400e-01,    7.047700e-02,    7.047700e-02,    7.047700e-02,    7.047700e-02,    2.099600e-01,    2.099600e-01,
        18,    3.981000e+02,    6.427225e-01,   -2.134437e-01,    6.589963e-01,   -6.607834e-01,   -2.520939e+00,    1.206033e+00,   -7.177416e-01,    4.592829e-02,    2.426318e-01,   -1.959580e-01,    3.720842e-01,    4.465118e-01,   -1.423817e+00,    4.707243e-01,   -3.107622e-01,   -1.445288e-01,    6.723600e-01,   -2.373800e-01,    6.896400e-01,   -6.240100e-01,   -2.638200e+00,    1.244800e+00,   -7.884400e-01,    1.304800e-02,    1.221500e-01,    1.221500e-01,    8.235700e-02,    8.235700e-02,    8.235700e-02,    8.235700e-02,    2.275000e-01,    2.275000e-01,
        18,    6.309500e+02,    6.810161e-01,   -2.683658e-01,    8.159747e-01,   -8.535537e-01,   -2.779583e+00,    1.488279e+00,   -6.978042e-01,    6.844949e-02,    3.498002e-01,   -7.866643e-02,   -3.136901e-01,    5.441774e-01,   -1.356598e+00,   -2.319474e-01,   -3.253756e-01,   -3.769658e-01,    7.301700e-01,   -2.794200e-01,    7.859800e-01,   -8.015200e-01,   -2.909300e+00,    1.466100e+00,   -7.753900e-01,   -2.143800e-02,    1.405200e-01,    1.405200e-01,    9.561900e-02,    9.561900e-02,    9.561900e-02,    9.561900e-02,    2.384500e-01,    2.384500e-01,
        18,    1.000000e+03,    7.336408e-01,   -3.530656e-01,    1.013372e+00,   -1.109533e+00,   -3.093998e+00,    1.902813e+00,   -6.669143e-01,    1.324589e-01,    6.949428e-01,    1.103763e-01,   -1.059304e+00,    6.358646e-01,   -1.131402e+00,   -1.018456e+00,   -4.224892e-01,   -6.652972e-01,    8.502800e-01,   -3.345400e-01,    8.943700e-01,   -1.038100e+00,   -3.221100e+00,    1.788400e+00,   -7.739900e-01,   -3.615400e-02,    1.678400e-01,    1.678400e-01,    1.123400e-01,    1.123400e-01,    1.123400e-01,    1.123400e-01,    2.534400e-01,    2.534400e-01,
        19,    1.000000e+02,    3.040381e-03,   -7.539033e-04,    1.155748e-01,   -1.158815e-01,   -1.234527e-01,    1.291021e-01,    2.553099e-02,   -2.731915e-02,   -6.235395e-01,   -5.417206e-02,   -1.135553e-01,    1.085644e+00,    3.367767e-01,   -1.304286e+00,   -3.080963e-01,   -3.939142e-01,    1.495500e-03,   -8.881200e-04,    1.146500e-01,   -1.070400e-01,   -1.207100e-01,    1.184800e-01,    2.178700e-02,   -3.210600e-02,    2.477600e-03,    2.477600e-03,    8.144000e-03,    8.144000e-03,    8.144000e-03,    8.144000e-03,    1.215200e-02,    1.215200e-02,
        19,    1.584800e+02,    3.055677e-03,    1.092832e-03,    1.408813e-01,   -1.501455e-01,   -1.548709e-01,    1.665770e-01,    3.124820e-02,   -3.757523e-02,   -2.101744e-01,   -5.421960e-01,   -4.009655e-01,    1.473595e+00,    1.070307e+00,   -1.367321e+00,   -3.060627e-01,   -1.635557e-01,    2.369100e-03,   -6.783600e-04,    1.368500e-01,   -1.353300e-01,   -1.441100e-01,    1.528300e-01,    2.663400e-02,   -4.004100e-02,    3.266700e-03,    3.266700e-03,    1.005400e-02,    1.005400e-02,    1.005400e-02,    1.005400e-02,    1.507600e-02,    1.507600e-02,
        19,    2.511800e+02,    1.555891e-03,    2.685134e-03,    1.753243e-01,   -1.979464e-01,   -1.971032e-01,    2.148582e-01,    4.071768e-02,   -5.126023e-02,    5.309191e-01,   -7.743171e-01,   -6.462815e-01,    1.864563e+00,    1.245048e+00,   -1.259568e+00,   -3.654523e-01,    2.777248e-02,    4.099100e-03,   -1.024000e-03,    1.670900e-01,   -1.741900e-01,   -1.812400e-01,    1.988100e-01,    3.370100e-02,   -5.072700e-02,    4.790200e-03,    4.790200e-03,    1.274100e-02,    1.274100e-02,    1.274100e-02,    1.274100e-02,    1.920000e-02,    1.920000e-02,
        19,    3.981000e+02,   -1.309171e-03,    3.053560e-03,    2.235509e-01,   -2.606053e-01,   -2.522756e-01,    2.746605e-01,    5.514624e-02,   -6.769829e-02,   -9.993789e-02,   -1.241092e+00,   -8.894532e-02,    1.434189e+00,   -6.033211e-01,   -1.165493e+00,    2.995819e-01,   -2.845882e-01,   -1.873900e-03,   -3.959600e-03,    2.220200e-01,   -2.359200e-01,   -2.626600e-01,    2.546000e-01,    6.369900e-02,   -7.582300e-02,    5.650800e-03,    5.650800e-03,    1.721200e-02,    1.721200e-02,    1.721200e-02,    1.721200e-02,    2.854900e-02,    2.854900e-02,
        19,    6.309500e+02,   -5.017692e-03,    1.149954e-03,    2.885332e-01,   -3.392339e-01,   -3.212937e-01,    3.490082e-01,    7.464917e-02,   -8.594459e-02,   -1.072459e+00,   -1.041064e-01,    1.747104e+00,    9.509249e-02,   -4.254602e+00,   -8.294364e-01,    1.476588e+00,   -5.117769e-01,   -2.109600e-02,   -4.108100e-04,    3.327000e-01,   -3.368300e-01,   -4.288500e-01,    3.280400e-01,    1.439100e-01,   -1.099500e-01,    1.499200e-02,    1.499200e-02,    2.528000e-02,    2.528000e-02,    2.528000e-02,    2.528000e-02,    4.690600e-02,    4.690600e-02,
        19,    1.000000e+03,   -8.573821e-03,   -3.845740e-03,    3.713243e-01,   -4.374336e-01,   -4.060909e-01,    4.439692e-01,    9.821820e-02,   -1.062375e-01,   -8.213360e-01,    8.451668e-01,    2.657856e+00,   -9.981796e-01,   -5.358325e+00,   -2.251278e-01,    1.284573e+00,   -7.861575e-01,   -2.568800e-02,    1.376500e-02,    4.641100e-01,   -4.722800e-01,   -5.931500e-01,    4.361100e-01,    1.786800e-01,   -1.554800e-01,    2.083700e-02,    2.083700e-02,    3.491000e-02,    3.491000e-02,    3.491000e-02,    3.491000e-02,    6.263700e-02,    6.263700e-02,
        20,    6.309500e+02,   -1.122936e-01,    1.603434e-01,    4.676277e-01,   -5.387562e-01,   -4.922635e-01,    5.498488e-01,    5.360131e-02,   -7.068400e-02,    1.835852e+00,    5.961844e-01,   -2.790270e-02,    5.349728e-01,   -1.207319e+00,   -2.839726e+00,    1.906957e+00,   -3.358660e-01,   -1.798400e-02,    1.909700e-01,    4.605100e-01,   -4.022900e-01,   -5.582000e-01,    3.947600e-01,    1.529900e-01,   -8.818900e-02,    5.137100e-02,    5.137100e-02,    2.550900e-01,    2.550900e-01,    5.461400e-02,    5.461400e-02,    5.211900e-02,    5.211900e-02,
        21,    1.000000e+02,   -2.066367e-03,    2.122049e-03,    1.277483e-01,   -1.308237e-01,   -1.265349e-01,    1.270375e-01,   -1.242995e-03,    1.163767e-03,   -6.035421e-02,   -2.254288e-02,   -3.107336e-02,    4.050773e-01,   -1.216342e-01,   -3.286798e-01,   -8.133977e-01,    2.013429e-01,   -2.276400e-03,    2.043600e-03,    1.270500e-01,   -1.217200e-01,   -1.287100e-01,    1.211600e-01,   -5.030500e-03,    2.101300e-03,    3.480000e-03,    3.480000e-03,    2.247400e-02,    2.247400e-02,    1.788200e-02,    1.788200e-02,    4.656400e-03,    4.656400e-03,
        21,    1.584800e+02,   -3.541751e-03,    1.674100e-03,    1.605485e-01,   -1.623111e-01,   -1.574049e-01,    1.567243e-01,   -1.882990e-03,    1.365193e-03,    1.118777e-02,    1.134541e-01,   -1.211805e-01,    3.770928e-01,    6.732685e-02,   -3.804568e-01,   -7.214148e-01,   -2.285332e-01,   -3.491400e-03,    2.184700e-03,    1.571900e-01,   -1.518600e-01,   -1.559300e-01,    1.483900e-01,   -5.661400e-03,    1.682500e-04,    4.500500e-03,    4.500500e-03,    2.771500e-02,    2.771500e-02,    2.190600e-02,    2.190600e-02,    5.237500e-03,    5.237500e-03,
        21,    2.511800e+02,   -4.287758e-03,    1.110425e-03,    1.981484e-01,   -2.042296e-01,   -1.925209e-01,    1.977810e-01,   -2.868380e-03,    1.026522e-03,   -1.065139e-01,    2.460434e-01,   -1.975007e-01,    3.950843e-01,    1.330690e-01,   -4.632567e-01,   -4.605157e-01,   -3.801980e-01,   -4.904900e-03,    2.536000e-03,    1.914000e-01,   -1.907300e-01,   -1.889300e-01,    1.852800e-01,   -5.543700e-03,   -1.182200e-03,    5.794000e-03,    5.794000e-03,    3.416900e-02,    3.416900e-02,    2.698500e-02,    2.698500e-02,    5.809400e-03,    5.809400e-03,
        21,    3.981000e+02,   -5.372585e-03,    6.864978e-04,    2.439100e-01,   -2.623134e-01,   -2.357807e-01,    2.557200e-01,   -3.775102e-03,   -1.591352e-05,    1.546793e-01,    3.370657e-03,   -1.333674e-01,    5.300409e-01,    1.645189e-01,   -6.021745e-01,   -1.288027e-01,   -5.518034e-01,   -4.465700e-03,    7.062600e-04,    2.382100e-01,   -2.396600e-01,   -2.302400e-01,    2.354400e-01,   -4.626900e-03,   -3.665100e-03,    5.863000e-03,    5.863000e-03,    4.273900e-02,    4.273900e-02,    3.367800e-02,    3.367800e-02,    6.613200e-03,    6.613200e-03,
        21,    6.309500e+02,   -7.542797e-03,   -5.045633e-04,    3.026464e-01,   -3.417392e-01,   -2.923636e-01,    3.352197e-01,   -4.228962e-03,   -1.737715e-03,    1.813779e-01,    1.611803e-02,    3.930897e-02,    7.326415e-01,    1.533837e-01,   -7.824970e-01,    3.389537e-01,   -7.276696e-01,   -6.144900e-03,   -3.803400e-04,    3.048000e-01,   -3.016000e-01,   -2.857500e-01,    3.014800e-01,   -1.260100e-03,   -8.111300e-03,    7.707100e-03,    7.707100e-03,    5.478700e-02,    5.478700e-02,    4.311800e-02,    4.311800e-02,    8.758900e-03,    8.758900e-03,
        21,    1.000000e+03,   -1.092311e-02,   -4.021129e-03,    3.789995e-01,   -4.482665e-01,   -3.661954e-01,    4.414323e-01,   -4.111020e-03,   -3.746861e-03,   -3.272475e-02,    2.548017e-01,    3.975779e-01,    8.109686e-01,   -2.485981e-02,   -7.529480e-01,    5.764801e-01,   -9.475628e-01,   -1.131600e-02,   -9.619800e-04,    4.075500e-01,   -3.900300e-01,   -3.676000e-01,    3.988900e-01,    4.572500e-03,   -1.802000e-02,    1.200600e-02,    1.200600e-02,    7.181100e-02,    7.181100e-02,    5.650100e-02,    5.650100e-02,    1.506300e-02,    1.506300e-02,
        22,    1.000000e+02,    6.676401e-03,   -9.811117e-03,    8.137623e-02,   -1.271567e-01,   -8.549741e-02,    1.310001e-01,   -8.282924e-03,    1.222048e-02,   -2.108403e-01,    1.039335e-02,   -1.664196e-01,    2.189875e+00,   -1.827432e+00,   -2.152928e+00,    5.085269e-01,   -5.488063e-02,    5.438600e-03,   -9.750100e-03,    8.017500e-02,   -1.113500e-01,   -9.868800e-02,    1.154600e-01,   -4.914900e-03,    1.185700e-02,    5.870800e-03,    5.870800e-03,    7.218100e-03,    7.218100e-03,    7.218100e-03,    7.218100e-03,    6.623100e-03,    6.623100e-03,
        22,    1.584800e+02,    9.209839e-03,   -1.129678e-02,    1.114274e-01,   -1.733618e-01,   -1.182949e-01,    1.752354e-01,   -1.217178e-02,    1.420290e-02,   -2.606197e-01,    3.019157e-01,   -3.766155e-01,    1.498571e+00,   -5.121414e-01,   -1.380404e+00,    3.599892e-01,    1.003403e-01,    7.355400e-03,   -9.148500e-03,    1.077100e-01,   -1.585700e-01,   -1.233500e-01,    1.616100e-01,   -8.946100e-03,    1.510200e-02,    7.115500e-03,    7.115500e-03,    9.870600e-03,    9.870600e-03,    9.870600e-03,    9.870600e-03,    8.960500e-03,    8.960500e-03,
        22,    2.511800e+02,    1.242418e-02,   -1.314032e-02,    1.531819e-01,   -2.327409e-01,   -1.630266e-01,    2.306169e-01,   -1.647254e-02,    1.618522e-02,   -3.207113e-01,    4.747639e-01,   -3.633504e-01,    2.959081e-01,    8.316168e-01,   -2.040780e-01,    1.415729e-01,    2.663985e-01,    9.554900e-03,   -8.892800e-03,    1.482200e-01,   -2.287000e-01,   -1.516700e-01,    2.278300e-01,   -1.473700e-02,    1.945100e-02,    8.946600e-03,    8.946600e-03,    1.365600e-02,    1.365600e-02,    1.365600e-02,    1.365600e-02,    1.225900e-02,    1.225900e-02,
        22,    3.981000e+02,    1.612457e-02,   -1.511999e-02,    2.109378e-01,   -3.087427e-01,   -2.228372e-01,    2.993890e-01,   -2.113957e-02,    1.833685e-02,   -4.170798e-02,    3.789941e-01,   -3.190369e-01,   -7.031610e-01,    1.213061e+00,    9.659733e-01,    1.054793e-01,    3.862692e-01,    1.559600e-02,   -1.031700e-02,    2.049000e-01,   -3.220500e-01,   -1.998800e-01,    3.176700e-01,   -1.942300e-02,    2.462300e-02,    1.267300e-02,    1.267300e-02,    1.892500e-02,    1.892500e-02,    1.892500e-02,    1.892500e-02,    1.627400e-02,    1.627400e-02,
        22,    6.309500e+02,    2.002723e-02,   -1.750095e-02,    2.892019e-01,   -4.039690e-01,   -3.006882e-01,    3.838231e-01,   -2.612805e-02,    2.092175e-02,    6.477229e-01,   -6.293923e-02,   -3.225044e-01,   -1.110635e+00,   -2.587839e-02,    1.654028e+00,    3.794433e-01,    3.997037e-01,    3.374600e-02,   -1.883400e-02,    2.808300e-01,   -4.328000e-01,   -3.013600e-01,    4.267600e-01,   -1.850200e-02,    2.895500e-02,    2.118000e-02,    2.118000e-02,    2.595900e-02,    2.595900e-02,    2.595900e-02,    2.595900e-02,    2.009800e-02,    2.009800e-02,
        22,    1.000000e+03,    2.424327e-02,   -2.083962e-02,    3.913726e-01,   -5.221034e-01,   -3.986861e-01,    4.877913e-01,   -3.163859e-02,    2.433134e-02,    5.651525e-01,   -4.337831e-01,    1.885087e-01,   -1.912429e+00,   -1.252310e+00,    1.442167e+00,   -2.715481e-02,    4.797094e-02,    4.064400e-02,   -3.342800e-02,    3.980100e-01,   -5.894400e-01,   -4.427800e-01,    5.385700e-01,   -3.232900e-02,    2.555100e-02,    2.902000e-02,    2.902000e-02,    3.521000e-02,    3.521000e-02,    3.521000e-02,    3.521000e-02,    2.542500e-02,    2.542500e-02,
        23,    1.000000e+02,    5.399270e-04,   -1.789418e-03,    8.660577e-02,   -9.922514e-02,   -7.133183e-02,    9.579749e-02,    6.200419e-03,   -5.910872e-03,    1.525168e+00,   -1.999717e-01,   -1.360217e+00,    3.190540e-01,    9.723765e-01,   -6.373019e-01,    7.396375e-01,    6.621399e-01,    7.970700e-03,   -2.763700e-03,    7.852200e-02,   -9.732900e-02,   -6.555300e-02,    9.201000e-02,    9.984700e-03,   -2.523100e-03,    4.872100e-03,    4.872100e-03,    5.943000e-03,    5.943000e-03,    5.943000e-03,    5.943000e-03,    5.116400e-03,    5.116400e-03,
        23,    1.584800e+02,   -6.347216e-04,   -3.347309e-03,    1.135364e-01,   -1.323153e-01,   -9.781127e-02,    1.282234e-01,    6.993878e-03,   -8.035254e-03,    1.648368e+00,    2.215599e-01,   -1.345709e+00,    3.777109e-02,    8.974269e-01,   -1.105334e-01,    6.366476e-01,    8.306628e-01,    9.158400e-03,   -2.031000e-03,    1.026600e-01,   -1.320100e-01,   -9.055800e-02,    1.273300e-01,    1.101800e-02,   -2.784800e-03,    5.941100e-03,    5.941100e-03,    8.082300e-03,    8.082300e-03,    8.082300e-03,    8.082300e-03,    6.320800e-03,    6.320800e-03,
        23,    2.511800e+02,   -9.345515e-04,   -6.392049e-03,    1.483634e-01,   -1.706796e-01,   -1.313063e-01,    1.662758e-01,    8.703421e-03,   -1.098690e-02,    1.551090e+00,    6.247638e-01,   -1.139918e+00,   -1.609688e-01,    3.982325e-01,   -1.511792e-01,    4.411208e-01,    1.193427e+00,    1.015000e-02,   -1.927300e-03,    1.361800e-01,   -1.724000e-01,   -1.270500e-01,    1.646600e-01,    1.203600e-02,   -1.970800e-03,    7.146300e-03,    7.146300e-03,    1.068800e-02,    1.068800e-02,    1.068800e-02,    1.068800e-02,    7.554800e-03,    7.554800e-03,
        23,    3.981000e+02,   -7.005830e-04,   -1.069013e-02,    1.912589e-01,   -2.184548e-01,   -1.733081e-01,    2.136702e-01,    1.092134e-02,   -1.464281e-02,    1.362384e+00,    1.046502e+00,   -6.099031e-01,   -2.203470e-01,    4.745350e-01,   -4.645556e-01,    2.276603e-01,    1.761728e+00,    1.073500e-02,   -1.906000e-03,    1.828300e-01,   -2.215000e-01,   -1.667500e-01,    2.072500e-01,    1.292600e-02,    8.700800e-04,    8.393800e-03,    8.393800e-03,    1.382000e-02,    1.382000e-02,    1.382000e-02,    1.382000e-02,    8.805500e-03,    8.805500e-03,
        23,    6.309500e+02,    4.307200e-06,   -1.713543e-02,    2.451408e-01,   -2.798124e-01,   -2.258043e-01,    2.736753e-01,    1.340372e-02,   -1.963421e-02,    1.075644e+00,    1.652942e+00,    9.130733e-01,    8.537566e-02,   -3.227179e-01,   -5.767910e-01,    4.594018e-02,    2.015918e+00,    1.008600e-02,   -1.642900e-03,    2.618500e-01,   -2.782500e-01,   -2.317100e-01,    2.631200e-01,    1.388600e-02,    1.528900e-03,    9.372700e-03,    9.372700e-03,    1.830000e-02,    1.830000e-02,    1.830000e-02,    1.830000e-02,    1.049800e-02,    1.049800e-02,
        23,    1.000000e+03,    1.695340e-03,   -2.672501e-02,    3.132165e-01,   -3.587882e-01,   -2.907389e-01,    3.510732e-01,    1.600278e-02,   -2.684409e-02,    5.463911e-01,    2.895656e+00,    2.885925e+00,    2.580511e-01,   -1.732877e+00,   -3.478965e-01,   -1.260341e-01,    2.066759e+00,    6.514400e-03,   -1.185900e-03,    3.853300e-01,   -3.523400e-01,   -3.340400e-01,    3.423800e-01,    1.443000e-02,   -1.053000e-03,    8.819800e-03,    8.819800e-03,    2.498800e-02,    2.498800e-02,    2.498800e-02,    2.498800e-02,    1.247900e-02,    1.247900e-02,
        24,    1.000000e+02,    2.158335e-03,   -5.517362e-03,    9.235265e-02,   -1.153129e-01,   -1.018251e-01,    1.169213e-01,   -1.350495e-03,    7.056057e-03,    1.122416e+00,    1.198699e+00,   -6.005248e-01,    1.552387e+00,    1.499287e+00,   -1.517510e+00,   -7.503668e-01,   -2.581174e-01,    7.582300e-03,    2.752300e-04,    8.819300e-02,   -1.045600e-01,   -9.144000e-02,    1.064100e-01,   -5.044100e-03,    5.785500e-03,    4.832400e-03,    4.832400e-03,    6.926700e-03,    6.926700e-03,    6.926700e-03,    6.926700e-03,    4.922400e-03,    4.922400e-03,
        24,    1.584800e+02,    4.325594e-03,   -7.095999e-03,    1.169212e-01,   -1.569060e-01,   -1.290361e-01,    1.529727e-01,   -3.665353e-03,    9.340460e-03,    8.781655e-01,    8.796179e-01,   -7.339939e-01,    1.462898e+00,    1.555185e+00,   -1.145033e+00,   -6.355439e-01,   -4.764785e-01,    9.944800e-03,   -1.467500e-03,    1.102400e-01,   -1.435900e-01,   -1.148800e-01,    1.425500e-01,   -7.738300e-03,    6.286900e-03,    6.398800e-03,    6.398800e-03,    9.102500e-03,    9.102500e-03,    9.102500e-03,    9.102500e-03,    6.408600e-03,    6.408600e-03,
        24,    2.511800e+02,    7.009880e-03,   -8.233908e-03,    1.535937e-01,   -2.132691e-01,   -1.655770e-01,    2.008808e-01,   -6.410673e-03,    1.191927e-02,    6.901339e-01,    1.782396e-01,   -1.091021e+00,    9.988646e-01,    1.703437e+00,   -4.745430e-01,   -5.868685e-01,   -6.769671e-01,    1.324800e-02,   -6.622800e-03,    1.402800e-01,   -2.010800e-01,   -1.447900e-01,    1.950900e-01,   -1.134700e-02,    6.225100e-03,    9.039000e-03,    9.039000e-03,    1.220300e-02,    1.220300e-02,    1.220300e-02,    1.220300e-02,    8.411300e-03,    8.411300e-03,
        24,    3.981000e+02,    1.000935e-02,   -8.778768e-03,    2.071004e-01,   -2.847283e-01,   -2.152733e-01,    2.628803e-01,   -1.017935e-02,    1.484750e-02,    8.232049e-01,    1.002928e-01,   -1.445302e+00,    1.951716e-01,    1.791424e+00,    4.526072e-01,   -3.803920e-01,   -8.515120e-01,    2.060400e-02,   -7.488000e-03,    1.831200e-01,   -2.814900e-01,   -1.855500e-01,    2.703900e-01,   -1.422900e-02,    5.782300e-03,    1.287000e-02,    1.287000e-02,    1.659200e-02,    1.659200e-02,    1.659200e-02,    1.659200e-02,    1.064600e-02,    1.064600e-02,
        24,    6.309500e+02,    1.264389e-02,   -8.737166e-03,    2.795755e-01,   -3.726562e-01,   -2.815275e-01,    3.409564e-01,   -1.481593e-02,    1.757922e-02,    1.021047e+00,    3.524939e-01,   -1.565884e+00,   -6.565571e-01,    1.799284e+00,    1.320931e+00,   -7.266200e-02,   -9.966577e-01,    3.089000e-02,   -2.438100e-03,    2.443400e-01,   -3.874300e-01,   -2.410400e-01,    3.706800e-01,   -1.574600e-02,    4.822000e-03,    1.787000e-02,    1.787000e-02,    2.250200e-02,    2.250200e-02,    2.250200e-02,    2.250200e-02,    1.280000e-02,    1.280000e-02,
        24,    1.000000e+03,    1.445959e-02,   -8.928682e-03,    3.730388e-01,   -4.816508e-01,   -3.669810e-01,    4.386558e-01,   -1.969487e-02,    2.032138e-02,    8.914318e-01,    3.906014e-01,   -1.161807e+00,   -1.434621e+00,    1.366971e+00,    2.090612e+00,   -2.210922e-02,   -1.063002e+00,    3.392400e-02,   -3.999000e-04,    3.375200e-01,   -5.255100e-01,   -3.251900e-01,    5.025700e-01,   -2.006000e-02,    2.765900e-03,    2.183500e-02,    2.183500e-02,    3.057200e-02,    3.057200e-02,    3.057200e-02,    3.057200e-02,    1.651500e-02,    1.651500e-02,
        25,    1.000000e+02,    2.059137e-01,   -7.128777e-02,    2.910756e-01,   -3.655657e-01,   -5.187701e-01,    3.497930e-01,   -1.679269e-01,    1.276980e-01,    4.485964e-01,    9.125491e-02,    8.824947e-01,   -1.804381e-01,   -1.948098e+00,    4.681632e-01,   -7.690678e-01,   -1.357432e-01,    2.288500e-01,   -6.662200e-02,    3.164800e-01,   -3.707600e-01,   -5.748500e-01,    3.632700e-01,   -2.151100e-01,    1.193700e-01,    5.112900e-02,    5.112900e-02,    2.878700e-02,    2.878700e-02,    2.878700e-02,    2.878700e-02,    6.135100e-02,    6.135100e-02,
        25,    1.584800e+02,    2.212086e-01,   -6.207200e-02,    3.953015e-01,   -4.576046e-01,   -6.027500e-01,    4.016419e-01,   -2.035003e-01,    1.389873e-01,    3.022426e-01,    3.309898e-01,    8.929899e-01,   -1.339387e-01,   -1.518211e+00,   -1.616504e-02,   -6.256090e-01,   -1.893794e-01,    2.389200e-01,   -4.267600e-02,    4.263400e-01,   -4.622600e-01,   -6.555200e-01,    4.010800e-01,   -2.468000e-01,    1.258800e-01,    5.860000e-02,    5.860000e-02,    3.475800e-02,    3.475800e-02,    3.475800e-02,    3.475800e-02,    6.921200e-02,    6.921200e-02,
        25,    2.511800e+02,    2.269686e-01,   -5.989038e-02,    5.210598e-01,   -5.616745e-01,   -6.854697e-01,    4.820917e-01,   -2.344711e-01,    1.542124e-01,    6.250311e-02,    5.287377e-01,    8.098780e-01,    5.452176e-02,   -1.121293e+00,   -6.979311e-01,   -4.071902e-01,   -2.483302e-01,    2.309800e-01,   -2.595600e-02,    5.544000e-01,   -5.594300e-01,   -7.316300e-01,    4.533600e-01,   -2.654000e-01,    1.353500e-01,    6.418000e-02,    6.418000e-02,    4.116700e-02,    4.116700e-02,    4.116700e-02,    4.116700e-02,    7.595700e-02,    7.595700e-02,
        25,    3.981000e+02,    2.272199e-01,   -7.214537e-02,    6.645242e-01,   -6.870064e-01,   -7.750372e-01,    6.113349e-01,   -2.600953e-01,    1.838927e-01,   -1.863833e-01,    7.569436e-01,    6.586771e-01,    4.265983e-01,   -5.089996e-01,   -1.418549e+00,   -1.596164e-01,   -2.902298e-01,    2.144800e-01,   -2.040600e-02,    6.963100e-01,   -6.664200e-01,   -7.996000e-01,    5.428800e-01,   -2.733400e-01,    1.598100e-01,    6.835300e-02,    6.835300e-02,    4.825700e-02,    4.825700e-02,    4.825700e-02,    4.825700e-02,    8.297800e-02,    8.297800e-02,
        25,    6.309500e+02,    2.291371e-01,   -1.043998e-01,    8.266601e-01,   -8.512207e-01,   -8.879661e-01,    8.114918e-01,   -2.874375e-01,    2.401712e-01,   -3.922955e-01,    7.141908e-01,    6.648424e-01,    7.228246e-01,    1.993007e-01,   -1.389578e+00,    1.807289e-01,   -8.756533e-02,    2.000300e-01,   -5.140900e-02,    8.653100e-01,   -8.092000e-01,   -8.763800e-01,    7.307100e-01,   -2.701600e-01,    2.318000e-01,    7.419700e-02,    7.419700e-02,    5.813400e-02,    5.813400e-02,    5.813400e-02,    5.813400e-02,    9.559900e-02,    9.559900e-02,
        26,    3.981000e+02,   -1.191705e-02,    3.390725e-03,    2.431176e-01,   -2.516656e-01,   -2.042628e-01,    2.354963e-01,    6.089275e-03,    1.482408e-03,   -1.321079e+00,   -6.501549e-01,   -9.981872e-01,   -5.077531e-01,    2.596709e+00,    1.455548e+00,    2.372713e-01,    4.790737e-01,   -3.344800e-02,   -7.205500e-03,    2.269100e-01,   -2.599100e-01,   -1.621000e-01,    2.591300e-01,    8.023700e-03,    5.388200e-03,    1.629800e-02,    1.629800e-02,    1.623700e-02,    1.623700e-02,    1.623700e-02,    1.623700e-02,    8.152800e-03,    8.152800e-03,
        26,    6.309500e+02,   -1.479970e-02,    5.087122e-03,    3.009964e-01,   -3.351645e-01,   -2.574995e-01,    3.028773e-01,    6.406090e-03,    7.443656e-05,   -1.233614e+00,   -1.066520e+00,   -2.494464e-01,   -1.131755e+00,    1.111752e+00,    1.461996e+00,    9.954770e-01,    6.129778e-01,   -4.174800e-02,   -1.821100e-02,    2.955600e-01,   -3.598300e-01,   -2.332700e-01,    3.347400e-01,    2.073200e-02,    8.895800e-03,    2.184500e-02,    2.184500e-02,    2.179400e-02,    2.179400e-02,    2.179400e-02,    2.179400e-02,    1.439100e-02,    1.439100e-02,
        26,    1.000000e+03,   -1.999047e-02,    4.758507e-03,    3.779917e-01,   -4.432899e-01,   -3.228278e-01,    3.950117e-01,    8.181826e-03,    1.100771e-04,   -9.770940e-01,   -1.137312e+00,    2.257997e-01,   -5.969909e-01,   -1.775095e-02,    1.058190e+00,    8.276000e-01,    6.734592e-01,   -4.603100e-02,   -2.555200e-02,    3.843800e-01,   -4.601800e-01,   -3.233300e-01,    4.249500e-01,    2.271200e-02,    1.193400e-02,    2.665100e-02,    2.665100e-02,    2.829200e-02,    2.829200e-02,    2.829200e-02,    2.829200e-02,    1.755700e-02,    1.755700e-02,
        27,    1.000000e+02,    1.853697e-03,   -7.514058e-04,    9.991107e-02,   -1.222441e-01,   -8.580937e-02,    1.231277e-01,    2.110184e-03,   -1.639987e-03,   -7.633431e-01,   -9.834779e-01,    5.768854e-02,    2.555105e-01,    1.181854e+00,    4.156142e-01,   -1.139222e+00,   -1.284026e+00,   -1.389900e-03,   -4.930400e-03,    1.003500e-01,   -1.203000e-01,   -7.681700e-02,    1.262900e-01,   -4.512800e-03,   -9.104800e-03,    4.249200e-03,    4.249200e-03,    7.608700e-03,    7.608700e-03,    7.608700e-03,    7.608700e-03,    5.813600e-03,    5.813600e-03,
        27,    1.584800e+02,    2.748387e-03,    3.817040e-04,    1.311146e-01,   -1.692338e-01,   -1.192336e-01,    1.646379e-01,    1.717154e-03,   -2.319310e-03,   -3.800765e-01,   -9.693288e-01,   -8.998210e-01,    3.937244e-01,    8.822431e-01,    9.860260e-01,   -5.545104e-01,   -8.897393e-01,    1.135000e-03,   -3.733000e-03,    1.218500e-01,   -1.651800e-01,   -1.101500e-01,    1.747900e-01,   -1.637800e-03,   -7.702500e-03,    4.244900e-03,    4.244900e-03,    1.029600e-02,    1.029600e-02,    1.029600e-02,    1.029600e-02,    6.050300e-03,    6.050300e-03,
        27,    2.511800e+02,    2.173698e-03,    1.726407e-03,    1.771554e-01,   -2.239363e-01,   -1.614549e-01,    2.133413e-01,    2.371561e-03,   -3.884060e-03,   -4.612219e-01,   -7.150584e-01,   -9.474389e-01,    2.597938e-01,    6.970396e-02,    1.079873e+00,   -2.111273e-01,   -3.546345e-01,    1.016400e-03,   -6.781800e-05,    1.640400e-01,   -2.203400e-01,   -1.604900e-01,    2.282900e-01,    1.055900e-03,   -6.094000e-03,    2.509200e-03,    2.509200e-03,    1.384300e-02,    1.384300e-02,    1.384300e-02,    1.384300e-02,    6.231600e-03,    6.231600e-03,
        27,    3.981000e+02,    1.191115e-03,    2.181418e-03,    2.353948e-01,   -2.873335e-01,   -2.136063e-01,    2.751580e-01,    4.102357e-03,   -5.029679e-03,   -5.344653e-01,    2.780770e-01,   -4.781641e-01,   -4.167531e-03,   -7.189619e-01,    8.006093e-01,   -1.173916e-01,    4.861035e-02,   -2.001300e-03,    3.842400e-03,    2.266200e-01,   -2.874100e-01,   -2.268000e-01,    2.898500e-01,    3.293400e-03,   -4.694700e-03,    5.973100e-03,    5.973100e-03,    1.835100e-02,    1.835100e-02,    1.835100e-02,    1.835100e-02,    6.891100e-03,    6.891100e-03,
        27,    6.309500e+02,    6.381630e-04,    2.359920e-03,    3.049570e-01,   -3.665557e-01,   -2.792521e-01,    3.548208e-01,    5.834094e-03,   -5.523883e-03,   -9.444773e-01,    4.506040e-01,    1.219368e-01,    3.609907e-01,   -9.820668e-01,    4.511246e-02,   -1.198415e-01,    5.315482e-02,   -1.043300e-02,    7.641900e-03,    3.078200e-01,   -3.580800e-01,   -3.023100e-01,    3.558800e-01,    4.807400e-03,   -5.068500e-03,    1.172200e-02,    1.172200e-02,    2.347900e-02,    2.347900e-02,    2.347900e-02,    2.347900e-02,    8.567100e-03,    8.567100e-03,
        27,    1.000000e+03,    3.964743e-04,    2.861001e-03,    3.888075e-01,   -4.704692e-01,   -3.603032e-01,    4.585687e-01,    7.329733e-03,   -6.196853e-03,   -1.039393e+00,    3.238700e-01,    1.117282e+00,    1.281897e+00,   -1.476431e+00,   -5.060830e-01,   -9.560227e-01,   -1.365815e-01,   -1.563200e-02,    7.855400e-03,    4.224500e-01,   -4.318700e-01,   -4.047600e-01,    4.433300e-01,   -2.652100e-03,   -7.622900e-03,    1.542100e-02,    1.542100e-02,    3.011100e-02,    3.011100e-02,    3.011100e-02,    3.011100e-02,    1.044100e-02,    1.044100e-02,
        28,    1.000000e+02,    5.218867e-02,   -6.007530e-02,    1.066690e-01,   -1.065587e-01,   -9.147438e-02,    1.017311e-01,   -3.073317e-02,    3.404647e-02,    1.160517e-01,   -5.438408e-01,    5.016806e-01,   -1.080724e+00,   -8.657786e-01,   -1.576526e-01,   -3.934226e-01,    1.345910e-01,    5.438100e-02,   -7.034900e-02,    1.189200e-01,   -1.329500e-01,   -1.051000e-01,    9.925000e-02,   -3.578000e-02,    3.577300e-02,    1.889100e-02,    1.889100e-02,    2.442000e-02,    2.442000e-02,    1.573800e-02,    1.573800e-02,    1.282800e-02,    1.282800e-02,
        28,    1.584800e+02,    6.748330e-02,   -7.340790e-02,    1.294267e-01,   -1.408268e-01,   -1.161746e-01,    1.341083e-01,   -4.006481e-02,    3.936310e-02,    4.203620e-01,   -3.643399e-01,    7.152324e-01,   -8.375710e-01,   -8.112465e-01,   -5.137852e-01,   -4.264047e-01,    6.702555e-03,    7.753500e-02,   -8.212000e-02,    1.513500e-01,   -1.665000e-01,   -1.322300e-01,    1.239400e-01,   -4.680200e-02,    3.946900e-02,    2.391200e-02,    2.391200e-02,    3.065200e-02,    3.065200e-02,    1.979100e-02,    1.979100e-02,    1.580000e-02,    1.580000e-02,
        28,    2.511800e+02,    8.407698e-02,   -9.076307e-02,    1.600564e-01,   -1.864719e-01,   -1.478977e-01,    1.741226e-01,   -4.808966e-02,    4.670031e-02,    5.941046e-01,   -7.150114e-02,    9.366444e-01,   -4.458257e-01,   -6.828845e-01,   -8.477899e-01,   -5.315155e-01,   -2.456496e-01,    1.016500e-01,   -9.287800e-02,    1.958100e-01,   -2.034900e-01,   -1.646700e-01,    1.533000e-01,   -5.822300e-02,    4.201700e-02,    2.957900e-02,    2.957900e-02,    3.817200e-02,    3.817200e-02,    2.456100e-02,    2.456100e-02,    1.906500e-02,    1.906500e-02,
        28,    3.981000e+02,    1.029990e-01,   -1.159941e-01,    1.986797e-01,   -2.472509e-01,   -1.852837e-01,    2.264399e-01,   -5.708765e-02,    5.987267e-02,    6.521069e-01,    2.428885e-01,    1.081611e+00,   -5.515676e-02,   -6.350080e-01,   -1.175251e+00,   -6.214276e-01,   -5.942974e-01,    1.266900e-01,   -1.071700e-01,    2.500400e-01,   -2.498700e-01,   -2.046000e-01,    1.906900e-01,   -7.146500e-02,    4.612300e-02,    3.633000e-02,    3.633000e-02,    4.748500e-02,    4.748500e-02,    3.041900e-02,    3.041900e-02,    2.313600e-02,    2.313600e-02,
        28,    6.309500e+02,    1.266753e-01,   -1.513292e-01,    2.463436e-01,   -3.308178e-01,   -2.301738e-01,    2.990216e-01,   -6.973551e-02,    7.834598e-02,    5.847314e-01,    5.068384e-01,    1.081682e+00,    3.055619e-01,   -6.092034e-01,   -1.678826e+00,   -5.964435e-01,   -9.626155e-01,    1.526900e-01,   -1.287800e-01,    3.100200e-01,   -3.128300e-01,   -2.530500e-01,    2.359800e-01,   -8.642400e-02,    5.141200e-02,    4.449000e-02,    4.449000e-02,    5.886800e-02,    5.886800e-02,    3.755100e-02,    3.755100e-02,    2.798000e-02,    2.798000e-02,
        28,    1.000000e+03,    1.551503e-01,   -2.002403e-01,    3.051341e-01,   -4.480856e-01,   -2.852104e-01,    4.009735e-01,   -8.508430e-02,    1.032305e-01,    6.525485e-01,    7.602784e-01,    1.198257e+00,    6.214123e-01,   -6.623155e-01,   -2.269657e+00,   -4.240040e-01,   -1.412459e+00,    1.917400e-01,   -1.576100e-01,    3.942700e-01,   -4.018600e-01,   -3.165200e-01,    2.936800e-01,   -9.919600e-02,    5.622100e-02,    5.607200e-02,    5.607200e-02,    7.438800e-02,    7.438800e-02,    4.727300e-02,    4.727300e-02,    3.328200e-02,    3.328200e-02,
        29,    1.000000e+02,    3.893991e-01,   -1.565911e-01,    3.725758e-01,   -2.678425e-01,   -7.372703e-01,    4.466443e-01,   -3.242453e-01,    5.392032e-02,    1.113989e-01,    3.719531e-01,    2.035484e-01,   -4.780418e-01,    4.274369e-01,   -4.912493e-01,   -1.389825e-01,   -8.991111e-02,    3.968300e-01,   -1.317800e-01,    3.790000e-01,   -2.829300e-01,   -7.237800e-01,    4.311400e-01,   -3.353800e-01,    4.671700e-02,    6.670500e-02,    6.670500e-02,    3.156100e-02,    3.156100e-02,    3.156100e-02,    3.156100e-02,    8.011600e-02,    8.011600e-02,
        29,    1.584800e+02,    4.285744e-01,   -1.819360e-01,    4.300896e-01,   -3.354832e-01,   -8.437687e-01,    5.493323e-01,   -3.362337e-01,    3.592418e-02,   -3.082640e-03,    2.929203e-01,    3.378939e-01,   -3.002535e-01,    4.059599e-01,   -2.392617e-01,   -1.909655e-01,   -2.712112e-01,    4.283400e-01,   -1.596600e-01,    4.426900e-01,   -3.466800e-01,   -8.286300e-01,    5.404100e-01,   -3.531700e-01,    1.187100e-02,    7.604800e-02,    7.604800e-02,    3.729100e-02,    3.729100e-02,    3.729100e-02,    3.729100e-02,    8.868800e-02,    8.868800e-02,
        29,    2.511800e+02,    4.741294e-01,   -2.167040e-01,    5.018269e-01,   -4.307963e-01,   -9.718486e-01,    6.895661e-01,   -3.462293e-01,    1.779642e-02,   -2.426701e-02,    2.371728e-01,    7.538381e-02,    2.016710e-02,    4.666350e-01,   -3.983190e-01,   -1.737130e-01,   -4.545461e-01,    4.720100e-01,   -1.959900e-01,    5.051400e-01,   -4.299100e-01,   -9.513400e-01,    6.720600e-01,   -3.632000e-01,   -2.661000e-02,    8.733700e-02,    8.733700e-02,    4.395000e-02,    4.395000e-02,    4.395000e-02,    4.395000e-02,    9.769400e-02,    9.769400e-02,
        29,    3.981000e+02,    5.278469e-01,   -2.628912e-01,    5.905469e-01,   -5.637221e-01,   -1.130704e+00,    8.805969e-01,   -3.509961e-01,   -4.331167e-03,    1.097208e-01,    2.297534e-01,   -3.360278e-01,   -4.696077e-03,    7.162073e-01,   -5.218789e-01,   -9.301452e-02,   -6.556918e-01,    5.391800e-01,   -2.391600e-01,    5.728100e-01,   -5.639700e-01,   -1.092900e+00,    8.530500e-01,   -3.609700e-01,   -7.464100e-02,    1.032900e-01,    1.032900e-01,    5.278400e-02,    5.278400e-02,    5.278400e-02,    5.278400e-02,    1.072300e-01,    1.072300e-01,
        29,    6.309500e+02,    5.914245e-01,   -3.240491e-01,    7.044541e-01,   -7.530974e-01,   -1.333308e+00,    1.139775e+00,   -3.471624e-01,   -2.843012e-02,    3.730058e-01,    4.070706e-01,   -7.389715e-01,   -2.746871e-01,    8.840693e-01,   -3.522814e-01,   -1.208560e-01,   -9.011757e-01,    6.383300e-01,   -2.728600e-01,    6.560500e-01,   -7.710900e-01,   -1.275400e+00,    1.116700e+00,   -3.618500e-01,   -1.379500e-01,    1.257500e-01,    1.257500e-01,    6.550200e-02,    6.550200e-02,    6.550200e-02,    6.550200e-02,    1.215300e-01,    1.215300e-01,
        29,    1.000000e+03,    6.672845e-01,   -4.057943e-01,    8.628257e-01,   -1.020175e+00,   -1.599819e+00,    1.488426e+00,   -3.357191e-01,   -5.228269e-02,    5.971530e-01,    8.089449e-01,   -8.686136e-01,   -5.261172e-01,    8.079844e-01,   -5.859675e-02,   -5.741585e-02,   -1.426234e+00,    7.601000e-01,   -2.800600e-01,    7.898100e-01,   -1.064400e+00,   -1.531900e+00,    1.483500e+00,   -3.439600e-01,   -2.569900e-01,    1.554300e-01,    1.554300e-01,    8.406000e-02,    8.406000e-02,    8.406000e-02,    8.406000e-02,    1.435300e-01,    1.435300e-01,
        30,    1.000000e+02,    7.718929e-01,   -1.609842e-01,    7.805482e-01,   -4.259690e-01,   -1.454574e+00,    5.904833e-01,   -9.683770e-01,    2.404703e-01,    1.709736e-01,   -1.791097e-01,    3.043262e-01,   -5.900932e-01,   -5.575686e-01,    5.387328e-01,   -9.277520e-02,    2.316122e-01,    7.941400e-01,   -1.842900e-01,    7.991200e-01,   -4.619800e-01,   -1.488600e+00,    6.233600e-01,   -9.862900e-01,    2.851900e-01,    1.301200e-01,    1.301200e-01,    6.102600e-02,    6.102600e-02,    6.102600e-02,    6.102600e-02,    1.930800e-01,    1.930800e-01,
        30,    1.584800e+02,    8.025652e-01,   -1.651609e-01,    8.816446e-01,   -4.975333e-01,   -1.590619e+00,    7.024572e-01,   -1.015417e+00,    2.137704e-01,    2.708755e-01,   -2.183988e-01,    4.222233e-01,   -5.093671e-01,   -8.854706e-01,    3.311468e-01,   -2.839893e-01,    2.159757e-01,    8.413600e-01,   -1.964400e-01,    9.107700e-01,   -5.326700e-01,   -1.651700e+00,    7.253000e-01,   -1.075600e+00,    2.595400e-01,    1.432200e-01,    1.432200e-01,    6.898100e-02,    6.898100e-02,    6.898100e-02,    6.898100e-02,    2.119200e-01,    2.119200e-01,
        30,    2.511800e+02,    8.317700e-01,   -1.848347e-01,    9.933609e-01,   -5.997729e-01,   -1.752675e+00,    8.607791e-01,   -1.041793e+00,    2.070265e-01,    4.285170e-01,   -2.038349e-01,    2.141293e-01,   -3.582366e-01,   -1.020832e+00,    2.122212e-01,   -4.253789e-01,    1.697209e-01,    8.991800e-01,   -2.169000e-01,    1.010000e+00,   -6.276100e-01,   -1.832000e+00,    8.772700e-01,   -1.140000e+00,    2.462100e-01,    1.573100e-01,    1.573100e-01,    7.770600e-02,    7.770600e-02,    7.770600e-02,    7.770600e-02,    2.308700e-01,    2.308700e-01,
        30,    3.981000e+02,    8.598827e-01,   -2.225798e-01,    1.118403e+00,   -7.507489e-01,   -1.942365e+00,    1.076124e+00,   -1.050140e+00,    2.393986e-01,    6.355333e-01,   -1.357213e-01,   -7.133624e-02,   -3.751819e-01,   -9.295485e-01,    5.970818e-02,   -5.967239e-01,    4.582481e-02,    9.711900e-01,   -2.463500e-01,    1.112100e+00,   -7.839000e-01,   -2.024500e+00,    1.081400e+00,   -1.200300e+00,    2.509300e-01,    1.751400e-01,    1.751400e-01,    8.836000e-02,    8.836000e-02,    8.836000e-02,    8.836000e-02,    2.516400e-01,    2.516400e-01,
        30,    6.309500e+02,    8.838889e-01,   -2.898857e-01,    1.273246e+00,   -9.758009e-01,   -2.159125e+00,    1.381095e+00,   -1.059872e+00,    3.328433e-01,    8.934907e-01,    1.885135e-01,   -5.789653e-01,   -6.185780e-01,   -6.759967e-01,   -8.742268e-03,   -7.623944e-01,   -3.574264e-01,    1.060800e+00,   -2.525600e-01,    1.214000e+00,   -1.039100e+00,   -2.228300e+00,    1.380200e+00,   -1.270300e+00,    2.341900e-01,    1.980000e-01,    1.980000e-01,    1.023300e-01,    1.023300e-01,    1.023300e-01,    1.023300e-01,    2.760100e-01,    2.760100e-01,
        30,    1.000000e+03,    9.085855e-01,   -4.113742e-01,    1.485138e+00,   -1.294607e+00,   -2.424174e+00,    1.833306e+00,   -1.097555e+00,    4.956305e-01,    9.736149e-01,    8.638827e-01,   -1.417979e+00,   -1.105675e+00,   -3.991656e-01,   -2.660182e-01,   -8.145485e-01,   -9.265261e-01,    1.126500e+00,   -2.180200e-01,    1.312400e+00,   -1.429300e+00,   -2.472800e+00,    1.800900e+00,   -1.347100e+00,    2.117800e-01,    2.238200e-01,    2.238200e-01,    1.218200e-01,    1.218200e-01,    1.218200e-01,    1.218200e-01,    3.063600e-01,    3.063600e-01,
        31,    1.000000e+02,   -8.175235e-03,    3.163327e-02,    2.952467e-01,   -3.557831e-01,   -2.894765e-01,    1.974962e-01,    1.731053e-02,   -1.793965e-02,    8.726761e-01,    5.982266e-01,    2.116106e+00,   -2.341150e+00,    2.561754e-01,    5.031373e-01,    1.290243e-01,    6.426033e-02,    1.262500e-02,    4.589200e-02,    3.409800e-01,   -4.063800e-01,   -2.839400e-01,    2.083700e-01,    1.914900e-02,   -1.702400e-02,    2.383500e-02,    2.383500e-02,    2.161200e-02,    2.161200e-02,    2.161200e-02,    2.161200e-02,    1.424900e-02,    1.424900e-02,
        31,    1.584800e+02,   -2.054391e-02,    3.856541e-02,    3.999125e-01,   -4.308508e-01,   -3.359791e-01,    2.327554e-01,    2.507924e-02,   -2.221831e-02,    2.771041e-01,    1.062693e+00,    2.779698e+00,   -1.311865e+00,    1.509987e-01,    4.651338e-01,   -5.296282e-02,    3.558386e-01,   -1.127700e-02,    7.410400e-02,    4.726100e-01,   -4.651600e-01,   -3.320300e-01,    2.449200e-01,    2.420700e-02,   -1.635800e-02,    3.344200e-02,    3.344200e-02,    2.615300e-02,    2.615300e-02,    2.615300e-02,    2.615300e-02,    1.646900e-02,    1.646900e-02,
        31,    2.511800e+02,   -3.246221e-02,    4.229400e-02,    5.144844e-01,   -5.137364e-01,   -3.830866e-01,    2.853088e-01,    3.197190e-02,   -2.311849e-02,   -4.095128e-01,    1.207413e+00,    2.914407e+00,   -3.166958e-02,   -9.122958e-02,    3.117147e-01,   -1.260683e-01,    2.190947e-01,   -5.043900e-02,    9.529700e-02,    6.050000e-01,   -5.147200e-01,   -3.859200e-01,    2.949900e-01,    2.950600e-02,   -1.883300e-02,    4.389800e-02,    4.389800e-02,    3.105800e-02,    3.105800e-02,    3.105800e-02,    3.105800e-02,    1.956000e-02,    1.956000e-02,
        31,    3.981000e+02,   -4.084370e-02,    4.792463e-02,    6.342330e-01,   -6.212292e-01,   -4.353543e-01,    3.680168e-01,    3.467108e-02,   -2.567992e-02,   -9.998566e-01,    9.979393e-01,    2.438081e+00,    1.272220e+00,   -9.766286e-02,   -8.171605e-02,    3.071849e-02,    5.365393e-02,   -9.452200e-02,    1.015000e-01,    7.227500e-01,   -5.750400e-01,   -4.389000e-01,    3.650500e-01,    3.539300e-02,   -2.441900e-02,    5.368600e-02,    5.368600e-02,    3.630600e-02,    3.630600e-02,    3.630600e-02,    3.630600e-02,    2.350100e-02,    2.350100e-02,
        31,    6.309500e+02,   -4.992510e-02,    6.178253e-02,    7.634066e-01,   -7.762209e-01,   -5.037800e-01,    4.950955e-01,    3.737114e-02,   -3.599803e-02,   -1.271116e+00,    5.761939e-01,    9.662726e-01,    2.231871e+00,    2.092947e-01,   -5.213645e-01,    1.441625e-01,    2.499562e-01,   -1.285500e-01,    9.742300e-02,    8.044500e-01,   -6.814200e-01,   -4.948900e-01,    4.729500e-01,    4.139400e-02,   -2.902300e-02,    6.185500e-02,    6.185500e-02,    4.247600e-02,    4.247600e-02,    4.247600e-02,    4.247600e-02,    2.790500e-02,    2.790500e-02,
        31,    1.000000e+03,   -6.831222e-02,    8.183016e-02,    9.121923e-01,   -1.004736e+00,   -6.061767e-01,    6.767121e-01,    4.834391e-02,   -5.197793e-02,   -2.977177e-01,    1.007075e-01,    4.532343e-02,    3.457497e+00,    1.290618e+00,    3.350304e-01,   -7.120221e-02,    6.741679e-01,   -8.566500e-02,    8.770000e-02,    9.145500e-01,   -8.248800e-01,   -5.390400e-01,    6.941400e-01,    4.600000e-02,   -2.978500e-02,    5.828600e-02,    5.828600e-02,    5.201900e-02,    5.201900e-02,    5.201900e-02,    5.201900e-02,    3.291900e-02,    3.291900e-02,
        32,    1.000000e+02,   -3.716107e-03,   -2.539820e-03,    7.670119e-02,   -8.303300e-02,   -9.760397e-02,    1.003703e-01,    8.570027e-03,   -2.965795e-03,    1.276479e-01,   -9.580230e-02,    1.091165e-01,   -6.655154e-01,   -6.992812e-01,    2.204057e-01,   -1.079907e-01,   -2.872911e-01,   -3.284300e-03,   -2.863900e-03,    7.740900e-02,   -8.735000e-02,   -1.021400e-01,    1.018000e-01,    7.980700e-03,   -4.533600e-03,    3.382800e-03,    3.382800e-03,    6.486700e-03,    6.486700e-03,    6.486700e-03,    6.486700e-03,    5.457200e-03,    5.457200e-03,
        32,    1.584800e+02,   -3.308587e-03,   -2.664393e-03,    9.685892e-02,   -1.070749e-01,   -1.244098e-01,    1.271941e-01,    1.032192e-02,   -4.462774e-03,    1.184871e-01,    1.789230e-02,    5.713233e-01,   -2.048795e-01,   -5.981269e-01,   -2.916069e-01,   -1.582213e-02,   -4.084754e-01,   -2.881500e-03,   -2.599900e-03,    1.015300e-01,   -1.087500e-01,   -1.293000e-01,    1.248100e-01,    1.020900e-02,   -7.377900e-03,    3.604500e-03,    3.604500e-03,    8.175900e-03,    8.175900e-03,    8.175900e-03,    8.175900e-03,    7.136600e-03,    7.136600e-03,
        32,    2.511800e+02,   -2.639244e-03,   -3.393696e-03,    1.220096e-01,   -1.376107e-01,   -1.571374e-01,    1.596256e-01,    1.222253e-02,   -4.518139e-03,   -3.380869e-02,    5.472109e-02,    8.510407e-01,    2.628925e-01,   -3.803206e-01,   -5.183760e-01,    1.705686e-01,   -3.667843e-01,   -2.781900e-03,   -3.162800e-03,    1.307200e-01,   -1.349200e-01,   -1.610300e-01,    1.543200e-01,    1.374100e-02,   -7.783400e-03,    4.219500e-03,    4.219500e-03,    1.023500e-02,    1.023500e-02,    1.023500e-02,    1.023500e-02,    8.902400e-03,    8.902400e-03,
        32,    3.981000e+02,   -1.085185e-03,   -4.147756e-03,    1.526734e-01,   -1.783422e-01,   -1.962600e-01,    2.008437e-01,    1.303045e-02,   -4.631890e-03,   -3.448151e-01,   -2.009917e-01,    9.669484e-01,    7.803584e-01,   -1.878074e-01,   -6.028437e-01,    4.025065e-01,   -2.358425e-01,   -3.047700e-03,   -5.291700e-03,    1.650300e-01,   -1.683700e-01,   -1.986600e-01,    1.931400e-01,    1.739000e-02,   -7.186300e-03,    5.691500e-03,    5.691500e-03,    1.277900e-02,    1.277900e-02,    1.277900e-02,    1.277900e-02,    1.083100e-02,    1.083100e-02,
        32,    6.309500e+02,    9.894923e-04,   -4.211142e-03,    1.910930e-01,   -2.336950e-01,   -2.434229e-01,    2.549981e-01,    1.409256e-02,   -5.934097e-03,   -5.021960e-01,   -5.812837e-01,    8.765508e-01,    1.490205e+00,    5.870651e-03,   -1.011261e+00,    3.969584e-01,   -8.694837e-02,   -2.930700e-03,   -8.748700e-03,    2.049600e-01,   -2.101200e-01,   -2.433300e-01,    2.390000e-01,    1.904700e-02,   -7.019300e-03,    7.806100e-03,    7.806100e-03,    1.582000e-02,    1.582000e-02,    1.582000e-02,    1.582000e-02,    1.248100e-02,    1.248100e-02,
        32,    1.000000e+03,    3.341773e-03,   -3.755781e-03,    2.396572e-01,   -3.092089e-01,   -3.010758e-01,    3.275833e-01,    1.644600e-02,   -7.479121e-03,   -4.107629e-01,   -6.956372e-01,    8.684969e-01,    2.355386e+00,   -3.374301e-01,   -1.765228e+00,    1.855411e-01,   -2.629727e-01,   -4.167900e-04,   -1.012100e-02,    2.568100e-01,   -2.626900e-01,   -3.077400e-01,    2.927200e-01,    1.915100e-02,   -1.131300e-02,    9.150200e-03,    9.150200e-03,    1.975000e-02,    1.975000e-02,    1.975000e-02,    1.975000e-02,    1.457900e-02,    1.457900e-02,
        33,    1.000000e+02,   -6.702554e-04,    8.577115e-03,    2.392924e-01,   -3.283694e-01,   -3.643023e-01,    2.890032e-01,    2.696215e-03,   -2.181262e-02,    2.752333e+00,    1.170952e-02,    1.443539e-01,   -3.053135e+00,   -1.937669e+00,   -7.322408e-01,    1.027982e+00,    2.073860e-01,    8.103000e-02,    8.924700e-03,    2.433500e-01,   -4.141900e-01,   -4.114400e-01,    2.711900e-01,    2.065300e-02,   -1.819000e-02,    2.968400e-02,    2.968400e-02,    2.810900e-02,    2.810900e-02,    2.432700e-02,    2.432700e-02,    1.746800e-02,    1.746800e-02,
        33,    1.584800e+02,   -6.333305e-03,    4.775627e-03,    3.323542e-01,   -4.129137e-01,   -4.431054e-01,    3.448295e-01,    1.397612e-02,   -2.021805e-02,    2.939393e+00,    4.224066e-01,   -3.414024e-01,   -2.901196e+00,   -1.975182e+00,   -8.245276e-02,    1.793289e+00,   -1.296676e-02,    1.094200e-01,    2.141000e-02,    3.186100e-01,   -5.297100e-01,   -5.037000e-01,    3.423000e-01,    7.108700e-02,   -2.063100e-02,    3.938000e-02,    3.938000e-02,    4.025800e-02,    4.025800e-02,    3.067800e-02,    3.067800e-02,    3.184700e-02,    3.184700e-02,
        33,    2.511800e+02,   -8.789321e-03,   -2.667423e-03,    4.420636e-01,   -5.096645e-01,   -5.301012e-01,    4.128149e-01,    2.213852e-02,   -1.387889e-02,    2.794762e+00,    7.592857e-01,   -9.642483e-01,   -2.664559e+00,   -1.498109e+00,    4.030774e-01,    2.082107e+00,   -1.141035e-01,    1.183500e-01,    3.187400e-02,    3.957700e-01,   -6.375900e-01,   -5.853500e-01,    4.276800e-01,    1.115900e-01,   -1.878100e-02,    4.549200e-02,    4.549200e-02,    4.801000e-02,    4.801000e-02,    3.687900e-02,    3.687900e-02,    4.296200e-02,    4.296200e-02,
        33,    3.981000e+02,   -6.722850e-03,   -1.046148e-02,    5.660835e-01,   -6.316983e-01,   -6.236264e-01,    5.044303e-01,    2.578824e-02,   -6.440113e-03,    2.097350e+00,    9.736241e-01,   -2.026646e+00,   -2.039432e+00,   -6.778482e-01,    5.544423e-01,    1.689667e+00,   -1.418982e-01,    7.744800e-02,    2.861200e-02,    4.696800e-01,   -7.287100e-01,   -6.525400e-01,    5.280800e-01,    9.923300e-02,   -1.260800e-02,    4.013200e-02,    4.013200e-02,    4.756800e-02,    4.756800e-02,    4.265500e-02,    4.265500e-02,    4.346700e-02,    4.346700e-02,
        33,    6.309500e+02,   -2.324545e-03,   -1.677269e-02,    7.103447e-01,   -7.981478e-01,   -7.281285e-01,    6.383634e-01,    2.692797e-02,   -3.543502e-05,    1.133007e+00,    1.073991e+00,   -2.751403e+00,   -6.795276e-01,   -1.143425e-01,    5.655017e-01,    9.263158e-01,   -1.495427e-01,    2.656600e-02,    1.061300e-02,    5.726700e-01,   -8.321500e-01,   -7.338500e-01,    6.666600e-01,    6.123500e-02,   -5.573900e-03,    2.549900e-02,    2.549900e-02,    5.003800e-02,    5.003800e-02,    5.003800e-02,    5.003800e-02,    3.703600e-02,    3.703600e-02,
        33,    1.000000e+03,    2.774125e-03,   -2.249719e-02,    8.891200e-01,   -1.028831e+00,   -8.580956e-01,    8.358025e-01,    2.766767e-02,    6.155336e-03,   -8.356455e-01,   -2.702229e-01,   -3.343070e+00,    1.667192e+00,    7.347819e-01,    3.152873e-01,   -2.091410e+00,   -2.377631e-01,   -2.401500e-02,   -3.116000e-02,    6.934100e-01,   -9.312300e-01,   -8.150800e-01,    8.542600e-01,   -1.762600e-02,    1.006100e-03,    3.205800e-02,    3.205800e-02,    5.854200e-02,    5.854200e-02,    5.854200e-02,    5.854200e-02,    2.165700e-02,    2.165700e-02,
        34,    1.000000e+02,   -2.695114e-03,   -8.246031e-03,    8.119390e-02,   -6.304218e-02,   -8.732402e-02,    7.982669e-02,    2.879129e-03,    3.885431e-03,   -2.689214e+00,    1.216557e+00,    4.651387e-01,    1.818248e+00,    6.358741e-02,    3.725585e-01,    7.436836e-01,   -3.045253e-01,   -2.118400e-02,    1.180400e-04,    8.372500e-02,   -5.314800e-02,   -8.697800e-02,    8.185400e-02,    5.996800e-03,    2.608800e-03,    6.875200e-03,    6.875200e-03,    5.441600e-03,    5.441600e-03,    5.441600e-03,    5.441600e-03,    4.192200e-03,    4.192200e-03,
        34,    1.584800e+02,    5.361392e-04,   -5.245305e-03,    9.262773e-02,   -8.638276e-02,   -1.025324e-01,    1.086969e-01,    1.179829e-03,    3.654699e-03,   -2.414635e+00,   -6.861250e-01,    1.097385e-01,    7.232997e-02,    8.691499e-01,    1.206996e+00,    3.640777e-01,    6.847233e-01,   -1.816400e-02,   -1.055900e-02,    9.338900e-02,   -8.588100e-02,   -9.650300e-02,    1.170700e-01,    3.060400e-03,    7.191500e-03,    7.744500e-03,    7.744500e-03,    6.937100e-03,    6.937100e-03,    6.937100e-03,    6.937100e-03,    5.165300e-03,    5.165300e-03,
        34,    2.511800e+02,    1.060764e-03,   -1.794599e-03,    1.098658e-01,   -1.194050e-01,   -1.261666e-01,    1.487211e-01,    1.917988e-04,    3.109137e-03,   -1.029754e+00,   -1.675770e+00,   -1.035330e+00,   -8.379510e-01,    5.903882e-01,    7.016224e-01,    9.633632e-02,    2.514574e-01,   -6.846200e-03,   -1.466200e-02,    1.006300e-01,   -1.268800e-01,   -1.209000e-01,    1.549800e-01,    6.090700e-04,    4.198300e-03,    7.678500e-03,    7.678500e-03,    8.920600e-03,    8.920600e-03,    8.920600e-03,    8.920600e-03,    4.331400e-03,    4.331400e-03,
        34,    3.981000e+02,   -1.779821e-04,   -1.871809e-04,    1.351941e-01,   -1.638027e-01,   -1.599614e-01,    2.002663e-01,   -4.487660e-04,    3.093854e-03,   -1.684538e-01,   -1.547838e+00,   -1.809328e+00,   -2.171890e+00,    1.489915e+00,    1.752916e+00,   -4.590155e-01,    3.062929e-01,   -1.505600e-03,   -1.238600e-02,    1.133700e-01,   -1.900000e-01,   -1.419900e-01,    2.214100e-01,   -3.140800e-03,    4.890200e-03,    7.881200e-03,    7.881200e-03,    1.206200e-02,    1.206200e-02,    1.206200e-02,    1.206200e-02,    5.864800e-03,    5.864800e-03,
        34,    6.309500e+02,   -6.833039e-04,   -2.950059e-04,    1.699776e-01,   -2.220803e-01,   -2.039070e-01,    2.666147e-01,   -1.637765e-03,    3.495844e-03,    3.409730e-01,   -1.168218e+00,   -1.493189e+00,   -3.540889e+00,    6.390652e-01,    2.350093e+00,   -1.253178e+00,   -4.547876e-02,    2.308700e-03,   -1.054600e-02,    1.446800e-01,   -2.820700e-01,   -1.930800e-01,    3.064300e-01,   -1.612200e-02,    2.970200e-03,    8.774900e-03,    8.774900e-03,    1.694200e-02,    1.694200e-02,    1.694200e-02,    1.694200e-02,    1.155800e-02,    1.155800e-02,
        34,    1.000000e+03,   -7.510073e-07,   -1.035939e-04,    2.146484e-01,   -2.998211e-01,   -2.584147e-01,    3.552809e-01,   -3.773083e-03,    3.544931e-03,   -3.203509e-01,   -7.674668e-01,   -5.760569e-01,   -4.563132e+00,    1.195384e-01,    3.014207e+00,   -7.143752e-01,   -7.331572e-02,   -2.765700e-03,   -6.727600e-03,    2.009400e-01,   -4.084100e-01,   -2.555700e-01,    4.270100e-01,   -1.223200e-02,    2.676800e-03,    8.631000e-03,    8.631000e-03,    2.379700e-02,    2.379700e-02,    2.379700e-02,    2.379700e-02,    1.184100e-02,    1.184100e-02,
        35,    1.000000e+02,    4.992556e-03,   -1.032805e-02,    9.929693e-02,   -1.265234e-01,   -9.251517e-02,    1.143391e-01,    4.499435e-03,   -2.225009e-03,    5.499104e-01,   -4.866407e-01,   -4.977160e-01,   -1.026034e+00,    1.454611e-01,   -2.041457e-01,   -5.056980e-01,    1.577886e-01,    9.360000e-03,   -1.419300e-02,    9.544700e-02,   -1.344600e-01,   -9.139000e-02,    1.127600e-01,    2.836700e-03,   -1.706200e-03,    7.942100e-03,    7.942100e-03,    7.735200e-03,    7.735200e-03,    7.735200e-03,    7.735200e-03,    3.288000e-03,    3.288000e-03,
        35,    1.584800e+02,    7.091035e-03,   -1.314380e-02,    1.248665e-01,   -1.677156e-01,   -1.159476e-01,    1.511231e-01,    4.929691e-03,   -3.621002e-03,    5.410357e-01,   -3.405008e-01,   -1.693319e-01,   -8.754475e-01,    2.473725e-01,    2.433607e-01,   -8.018962e-02,    1.986731e-01,    1.251600e-02,   -1.655800e-02,    1.231500e-01,   -1.765900e-01,   -1.134400e-01,    1.535900e-01,    4.547900e-03,   -2.675100e-03,    1.002700e-02,    1.002700e-02,    1.013700e-02,    1.013700e-02,    1.013700e-02,    1.013700e-02,    4.761100e-03,    4.761100e-03,
        35,    2.511800e+02,    9.246271e-03,   -1.712673e-02,    1.562600e-01,   -2.251568e-01,   -1.448665e-01,    2.020139e-01,    5.736834e-03,   -5.496728e-03,    9.452865e-01,   -8.901548e-02,    6.430794e-01,   -1.041030e+00,    1.975024e-01,    8.376267e-01,   -2.069120e-01,   -2.576387e-02,    2.222600e-02,   -1.834900e-02,    1.650400e-01,   -2.393700e-01,   -1.421700e-01,    2.134500e-01,    4.405500e-03,   -5.662500e-03,    1.373100e-02,    1.373100e-02,    1.365300e-02,    1.365300e-02,    1.365300e-02,    1.365300e-02,    6.434300e-03,    6.434300e-03,
        35,    3.981000e+02,    1.140434e-02,   -2.319685e-02,    1.952170e-01,   -3.067357e-01,   -1.804431e-01,    2.740622e-01,    7.038855e-03,   -7.812692e-03,    8.798620e-01,    3.973295e-01,    1.420100e+00,   -6.554651e-01,   -4.344727e-01,    9.731916e-01,   -2.404810e-01,   -5.305716e-01,    2.582000e-02,   -1.668700e-02,    2.212900e-01,   -3.187700e-01,   -1.884200e-01,    2.919300e-01,    4.511400e-03,   -1.338900e-02,    1.638400e-02,    1.638400e-02,    1.836000e-02,    1.836000e-02,    1.836000e-02,    1.836000e-02,    1.051000e-02,    1.051000e-02,
        35,    6.309500e+02,    1.354723e-02,   -3.228513e-02,    2.439264e-01,   -4.243811e-01,   -2.251043e-01,    3.784801e-01,    8.811926e-03,   -1.101530e-02,    8.685517e-01,   -5.023181e-02,    2.348460e+00,    9.819363e-02,   -1.480600e+00,    4.230173e-01,   -6.174646e-01,   -5.232047e-01,    3.405200e-02,   -3.347100e-02,    3.018300e-01,   -4.219600e-01,   -2.616100e-01,    3.889100e-01,    2.384300e-04,   -1.828000e-02,    2.360800e-02,    2.360800e-02,    2.465600e-02,    2.465600e-02,    2.465600e-02,    2.465600e-02,    1.388500e-02,    1.388500e-02,
        36,    1.000000e+02,   -3.115474e-03,    4.180260e-03,    2.278070e-01,   -3.236788e-01,   -5.120014e-01,    4.047881e-01,    8.202755e-02,   -7.878930e-02,    5.368494e-01,    9.825777e-01,    1.921343e-02,   -3.894805e-01,    1.437723e-02,   -1.785995e+00,   -3.691352e-01,   -4.450948e-01,    3.486700e-03,    1.626400e-02,    2.282900e-01,   -3.334700e-01,   -5.116400e-01,    3.598900e-01,    6.699600e-02,   -9.691400e-02,    1.229800e-02,    1.229800e-02,    2.513900e-02,    2.513900e-02,    2.513900e-02,    2.513900e-02,    4.072100e-02,    4.072100e-02,
        36,    1.584800e+02,   -8.833155e-03,   -2.361635e-03,    3.105747e-01,   -4.160279e-01,   -6.206225e-01,    5.094257e-01,    1.076122e-01,   -7.983390e-02,    7.593391e-01,    9.904990e-01,    1.057883e+00,   -8.454476e-01,    6.639364e-01,   -1.049352e+00,    9.275956e-02,   -1.531391e-01,   -1.515100e-03,    7.184200e-03,    3.452500e-01,   -4.437400e-01,   -5.988600e-01,    4.750300e-01,    1.122000e-01,   -8.740800e-02,    9.637400e-03,    9.637400e-03,    3.277800e-02,    3.277800e-02,    3.277800e-02,    3.277800e-02,    4.945900e-02,    4.945900e-02,
        36,    2.511800e+02,   -1.278618e-02,   -1.502510e-02,    4.097362e-01,   -5.325039e-01,   -7.480872e-01,    6.344153e-01,    1.323901e-01,   -7.748415e-02,   -8.035092e-02,    1.090993e+00,    6.676013e-01,    2.365173e-01,    1.362353e+00,   -4.465631e-01,    6.643175e-02,    3.989809e-01,   -1.396300e-02,    9.535800e-04,    4.362800e-01,   -5.231000e-01,   -6.939200e-01,    6.166600e-01,    1.360700e-01,   -5.538300e-02,    1.464600e-02,    1.464600e-02,    3.976000e-02,    3.976000e-02,    3.976000e-02,    3.976000e-02,    5.539400e-02,    5.539400e-02,
        36,    3.981000e+02,   -1.110779e-02,   -3.439704e-02,    5.303868e-01,   -6.897878e-01,   -8.910826e-01,    7.993270e-01,    1.521149e-01,   -7.286066e-02,   -9.153033e-01,    1.918718e-01,    1.515429e-01,    1.224032e+00,    2.236060e+00,   -4.627341e-02,    1.002160e-01,    9.638950e-01,   -3.849000e-02,   -2.865700e-02,    5.376800e-01,   -6.308800e-01,   -7.834700e-01,    7.971000e-01,    1.584500e-01,   -1.192900e-02,    2.991600e-02,    2.991600e-02,    4.812600e-02,    4.812600e-02,    4.812600e-02,    4.812600e-02,    6.321400e-02,    6.321400e-02,
        36,    6.309500e+02,    3.424677e-04,   -5.820960e-02,    6.876524e-01,   -9.061449e-01,   -1.060645e+00,    1.035904e+00,    1.624763e-01,   -7.130028e-02,   -2.171804e+00,   -2.636729e-01,   -3.274116e-01,    5.362543e-01,    2.433914e+00,    8.971402e-01,    3.792007e-01,    7.803268e-01,   -1.327500e-01,   -7.436800e-02,    6.663900e-01,   -8.713200e-01,   -9.087300e-01,    1.091900e+00,    1.922200e-01,   -1.009300e-02,    6.128200e-02,    6.128200e-02,    6.494100e-02,    6.494100e-02,    6.241600e-02,    6.241600e-02,    7.843800e-02,    7.843800e-02,
        36,    1.000000e+03,    2.288286e-02,   -8.129957e-02,    9.036197e-01,   -1.194354e+00,   -1.288627e+00,    1.372781e+00,    1.631578e-01,   -8.440415e-02,   -2.372682e+00,    1.974905e+00,   -1.271261e+00,   -2.290704e+00,    2.786576e+00,    3.014143e+00,    8.945933e-01,   -3.705006e-01,   -1.768400e-01,    8.494000e-02,    7.913800e-01,   -1.396600e+00,   -1.042600e+00,    1.638900e+00,    2.643900e-01,   -1.263300e-01,    8.417600e-02,    8.417600e-02,    8.829000e-02,    8.829000e-02,    8.829000e-02,    8.829000e-02,    1.131600e-01,    1.131600e-01,
        37,    1.584800e+02,    4.437276e-02,   -2.310506e-02,    4.267177e-01,   -5.370913e-01,   -4.637564e-01,    5.312210e-01,    2.984236e-02,   -5.729439e-02,    6.658534e-01,    8.851515e-02,   -2.851141e-01,   -1.053102e+00,   -5.243978e-01,   -7.748154e-01,   -7.781650e-01,   -2.899849e-01,    6.655700e-02,   -2.015600e-02,    4.166900e-01,   -5.741300e-01,   -4.822000e-01,    5.039700e-01,    4.637600e-03,   -6.668700e-02,    3.331700e-02,    3.331700e-02,    3.517100e-02,    3.517100e-02,    3.517100e-02,    3.517100e-02,    3.239000e-02,    3.239000e-02,
        38,    1.000000e+02,    4.603869e-03,    2.052498e-03,    9.116573e-02,   -9.332296e-02,   -8.233406e-02,    1.187381e-01,    1.848691e-03,   -4.449804e-05,   -1.398997e+00,   -3.769793e+00,   -1.768104e+00,    2.104050e+00,    2.251492e-01,    2.671386e+00,   -6.772767e-01,   -1.423454e+00,   -8.321600e-03,   -3.277700e-02,    7.937000e-02,   -7.928600e-02,   -8.083200e-02,    1.365600e-01,   -1.702000e-03,   -7.507100e-03,    9.239100e-03,    9.239100e-03,    6.671400e-03,    6.671400e-03,    6.671400e-03,    6.671400e-03,    5.242600e-03,    5.242600e-03,
        38,    1.584800e+02,    1.635555e-03,    1.389540e-03,    1.106299e-01,   -1.262856e-01,   -1.102400e-01,    1.585861e-01,    3.556148e-03,   -1.250162e-03,    4.214520e-01,   -2.536172e+00,   -3.166836e+00,   -3.581577e-01,    1.743732e+00,    1.390690e+00,   -5.748561e-01,   -5.324412e-01,    5.210100e-03,   -2.012100e-02,    8.318100e-02,   -1.293900e-01,   -9.512600e-02,    1.706400e-01,    1.269600e-03,   -3.368000e-03,    8.481500e-03,    8.481500e-03,    8.667600e-03,    8.667600e-03,    8.667600e-03,    8.667600e-03,    3.977600e-03,    3.977600e-03,
        38,    2.511800e+02,    6.022652e-04,   -9.857855e-04,    1.366411e-01,   -1.704866e-01,   -1.457519e-01,    2.091140e-01,    5.646457e-03,   -2.909582e-04,    1.186905e+00,   -1.147147e+00,   -3.608672e+00,   -3.038654e+00,    2.311603e+00,    1.639594e+00,   -8.418324e-02,   -9.535304e-01,    1.136500e-02,   -1.138800e-02,    9.300500e-02,   -2.072300e-01,   -1.178000e-01,    2.289400e-01,    5.049800e-03,   -7.049200e-03,    9.067900e-03,    9.067900e-03,    1.209200e-02,    1.209200e-02,    1.209200e-02,    1.209200e-02,    7.087600e-03,    7.087600e-03,
        38,    3.981000e+02,    5.162337e-04,   -3.087549e-03,    1.703241e-01,   -2.305116e-01,   -1.891247e-01,    2.768657e-01,    6.995393e-03,    2.039474e-03,    6.748997e-01,   -9.865652e-01,   -2.738023e+00,   -4.810888e+00,    1.289756e+00,    2.314536e+00,    7.099216e-02,   -7.195505e-01,    7.978600e-03,   -1.399600e-02,    1.227400e-01,   -3.141200e-01,   -1.667100e-01,    3.170900e-01,    7.584500e-03,   -3.931500e-03,    1.105700e-02,    1.105700e-02,    1.737900e-02,    1.737900e-02,    1.737900e-02,    1.737900e-02,    8.298200e-03,    8.298200e-03,
        38,    6.309500e+02,   -5.960824e-05,   -5.670415e-03,    2.134313e-01,   -3.135959e-01,   -2.430202e-01,    3.706291e-01,    8.130180e-03,    5.548587e-03,   -1.600329e+00,    2.340614e-01,   -9.109066e-01,   -4.048033e+00,    6.349093e-01,    3.048571e+00,   -1.719367e+00,   -6.832929e-01,   -2.624900e-02,   -1.840000e-03,    1.918100e-01,   -4.096800e-01,   -2.279500e-01,    4.429900e-01,   -6.166700e-03,   -1.331300e-04,    1.636500e-02,    1.636500e-02,    2.373600e-02,    2.373600e-02,    2.373600e-02,    2.373600e-02,    8.315200e-03,    8.315200e-03,
        38,    1.000000e+03,   -1.228199e-03,   -1.023954e-02,    2.687474e-01,   -4.303540e-01,   -3.106097e-01,    5.024136e-01,    9.084682e-03,    1.182744e-02,   -1.439298e+00,    4.465996e-01,    7.216565e-01,   -4.476409e+00,   -3.482959e-01,    3.338385e+00,   -1.337579e+00,   -4.124511e-01,   -3.273300e-02,   -4.639200e-04,    2.929900e-01,   -5.807300e-01,   -3.223100e-01,    6.145600e-01,   -7.839700e-03,    6.608700e-03,    2.188900e-02,    2.188900e-02,    3.359300e-02,    3.359300e-02,    3.359300e-02,    3.359300e-02,    1.265300e-02,    1.265300e-02,
        39,    1.000000e+02,    3.715915e-03,   -1.193863e-02,    1.100459e-01,   -9.729377e-02,   -9.777476e-02,    9.314278e-02,   -8.988821e-03,    9.416010e-03,   -5.613932e-01,   -1.137090e+00,   -5.039372e-01,   -1.287526e+00,   -9.203581e-01,    1.146755e-01,    1.225923e-01,    2.612417e-01,   -1.101400e-03,   -2.169600e-02,    1.063800e-01,   -1.066600e-01,   -1.044700e-01,    9.397700e-02,   -8.178400e-03,    1.114300e-02,    8.581000e-03,    8.581000e-03,    7.274600e-03,    7.274600e-03,    7.274600e-03,    7.274600e-03,    6.610700e-03,    6.610700e-03,
        39,    1.584800e+02,    7.642181e-03,   -9.461605e-03,    1.306912e-01,   -1.241130e-01,   -1.177516e-01,    1.238387e-01,   -1.231403e-02,    7.952288e-03,    2.034732e-01,   -1.313703e+00,    3.333904e-01,   -1.646594e+00,   -7.769655e-01,   -2.276626e-01,   -1.372555e-01,    2.320674e-01,    9.769900e-03,   -2.319900e-02,    1.337500e-01,   -1.392200e-01,   -1.248800e-01,    1.217500e-01,   -1.342300e-02,    9.827300e-03,    1.045700e-02,    1.045700e-02,    9.174700e-03,    9.174700e-03,    9.174700e-03,    9.174700e-03,    8.079600e-03,    8.079600e-03,
        39,    2.511800e+02,    8.528604e-03,   -6.777013e-03,    1.555968e-01,   -1.630588e-01,   -1.453561e-01,    1.655835e-01,   -1.440048e-02,    5.971497e-03,    8.898378e-01,   -1.029731e+00,    1.512774e+00,   -1.354917e+00,   -8.913849e-01,   -4.886419e-01,   -3.072524e-01,   -4.480519e-03,    1.963200e-02,   -1.962600e-02,    1.734400e-01,   -1.790400e-01,   -1.558700e-01,    1.598200e-01,   -1.734900e-02,    5.928500e-03,    1.247800e-02,    1.247800e-02,    1.179500e-02,    1.179500e-02,    1.179500e-02,    1.179500e-02,    9.596400e-03,    9.596400e-03,
        39,    3.981000e+02,    6.570172e-03,   -6.992489e-03,    1.905900e-01,   -2.191371e-01,   -1.827198e-01,    2.200283e-01,   -1.517667e-02,    4.702547e-03,    1.322697e+00,   -3.956681e-01,    1.992082e+00,   -1.478057e-01,   -9.796194e-01,   -1.009013e+00,   -3.014645e-01,   -3.357830e-01,    2.516200e-02,   -1.255400e-02,    2.202800e-01,   -2.213400e-01,   -1.973200e-01,    2.049900e-01,   -1.845600e-02,    1.049900e-03,    1.405600e-02,    1.405600e-02,    1.490400e-02,    1.490400e-02,    1.490400e-02,    1.490400e-02,    1.087800e-02,    1.087800e-02,
        39,    6.309500e+02,    4.837583e-03,   -1.221713e-02,    2.402832e-01,   -2.921243e-01,   -2.304769e-01,    2.918387e-01,   -1.624298e-02,    4.917441e-03,    1.424821e+00,    5.577239e-01,    1.661790e+00,    6.658638e-01,   -1.197247e+00,   -1.756681e+00,   -1.425679e-01,   -1.060038e+00,    2.676700e-02,   -3.633200e-03,    2.714900e-01,   -2.796200e-01,   -2.529600e-01,    2.588500e-01,   -1.806300e-02,   -8.615000e-03,    1.539100e-02,    1.539100e-02,    1.877900e-02,    1.877900e-02,    1.877900e-02,    1.877900e-02,    1.276600e-02,    1.276600e-02,
        39,    1.000000e+03,    6.218914e-03,   -2.126792e-02,    3.029590e-01,   -3.873336e-01,   -2.915472e-01,    3.892653e-01,   -1.923245e-02,    5.187532e-03,    1.317485e+00,    1.371638e+00,    1.795469e+00,    1.329696e+00,   -6.314625e-01,   -1.832837e+00,    3.912769e-01,   -1.505745e+00,    3.073600e-02,    4.256900e-03,    3.459300e-01,   -3.555100e-01,   -3.066600e-01,    3.454000e-01,   -1.330500e-02,   -1.762300e-02,    1.860900e-02,    1.860900e-02,    2.393300e-02,    2.393300e-02,    2.393300e-02,    2.393300e-02,    1.514900e-02,    1.514900e-02,
        41,    1.000000e+02,    2.762628e-02,   -1.590126e-02,    9.051301e-02,   -1.203588e-01,   -9.915976e-02,    1.221521e-01,   -2.066526e-02,    6.910320e-03,   -1.232233e-01,   -2.383569e-01,   -1.207510e+00,    6.796920e-01,    1.295745e+00,   -1.283064e+00,   -8.044834e-01,    4.028232e-01,    2.638000e-02,   -1.831200e-02,    8.188100e-02,   -1.155000e-01,   -8.989700e-02,    1.129800e-01,   -2.870100e-02,    1.093400e-02,    1.011400e-02,    1.011400e-02,    7.148600e-03,    7.148600e-03,    7.148600e-03,    7.148600e-03,    9.988700e-03,    9.988700e-03,
        41,    1.584800e+02,    3.082066e-02,   -2.693105e-02,    1.126222e-01,   -1.683521e-01,   -1.258502e-01,    1.746492e-01,   -2.000500e-02,    1.411827e-02,    1.799216e-01,   -1.175066e-01,   -7.318515e-01,    8.027344e-01,    1.507453e+00,   -1.210378e+00,   -9.626218e-01,   -6.791561e-02,    3.329800e-02,   -2.854900e-02,    1.055000e-01,   -1.605400e-01,   -1.111800e-01,    1.628700e-01,   -3.192900e-02,    1.327700e-02,    1.376900e-02,    1.376900e-02,    9.731800e-03,    9.731800e-03,    9.731800e-03,    9.731800e-03,    1.238700e-02,    1.238700e-02,
        41,    2.511800e+02,    3.862963e-02,   -3.996703e-02,    1.489077e-01,   -2.358005e-01,   -1.701564e-01,    2.414645e-01,   -2.301779e-02,    2.436939e-02,    4.110050e-01,    2.025452e-01,   -8.311377e-01,    1.308874e+00,    1.767870e+00,   -1.264384e+00,   -8.256089e-01,   -5.436589e-01,    4.622500e-02,   -3.622400e-02,    1.379600e-01,   -2.185600e-01,   -1.468700e-01,    2.248100e-01,   -3.571400e-02,    1.600900e-02,    1.848000e-02,    1.848000e-02,    1.317200e-02,    1.317200e-02,    1.317200e-02,    1.317200e-02,    1.537800e-02,    1.537800e-02,
        41,    3.981000e+02,    5.036610e-02,   -5.361900e-02,    2.058193e-01,   -3.231980e-01,   -2.338779e-01,    3.207222e-01,   -2.982206e-02,    3.570888e-02,    4.567871e-01,    5.017884e-01,   -1.163656e+00,    1.696808e+00,    2.127672e+00,   -1.021329e+00,   -5.236501e-01,   -8.874418e-01,    6.135000e-02,   -4.155300e-02,    1.852400e-01,   -2.931900e-01,   -1.962500e-01,    3.026600e-01,   -3.971800e-02,    1.893800e-02,    2.404600e-02,    2.404600e-02,    1.768500e-02,    1.768500e-02,    1.768500e-02,    1.768500e-02,    1.889800e-02,    1.889800e-02,
        41,    6.309500e+02,    6.439523e-02,   -6.918187e-02,    2.866431e-01,   -4.320656e-01,   -3.156590e-01,    4.165808e-01,   -3.869808e-02,    4.854382e-02,    5.292509e-01,    7.439629e-01,   -1.252249e+00,    1.522466e+00,    1.706265e+00,   -1.303346e-01,   -2.722956e-01,   -1.078381e+00,    8.101900e-02,   -4.581400e-02,    2.563700e-01,   -3.952600e-01,   -2.744100e-01,    4.134300e-01,   -4.517300e-02,    2.290100e-02,    3.141000e-02,    3.141000e-02,    2.417500e-02,    2.417500e-02,    2.417500e-02,    2.417500e-02,    2.377900e-02,    2.377900e-02,
        42,    1.000000e+02,    6.419301e-03,   -2.509343e-02,    1.071430e-01,   -9.942650e-02,   -1.079478e-01,    1.046696e-01,   -5.210043e-03,    2.188835e-02,   -1.446877e-01,   -4.510738e-01,   -3.213603e-02,   -3.839953e-01,    4.070281e-02,    8.226576e-01,    1.586687e-01,    4.702455e-01,    4.972800e-03,   -2.960300e-02,    1.069000e-01,   -1.023300e-01,   -1.076400e-01,    1.108900e-01,   -3.682000e-03,    2.641700e-02,    9.997400e-03,    9.997400e-03,    7.561300e-03,    7.561300e-03,    7.561300e-03,    7.561300e-03,    9.630400e-03,    9.630400e-03,
        42,    1.584800e+02,    1.446620e-02,   -2.659746e-02,    1.298992e-01,   -1.298080e-01,   -1.299386e-01,    1.382020e-01,   -1.423186e-02,    2.203135e-02,    1.747969e-01,   -5.901729e-01,    3.444757e-01,   -2.796419e-01,   -7.312109e-01,    7.978920e-01,   -1.505900e-01,    5.907101e-01,    1.668000e-02,   -3.407200e-02,    1.332400e-01,   -1.325200e-01,   -1.370300e-01,    1.459400e-01,   -1.607900e-02,    2.927700e-02,    1.266500e-02,    1.266500e-02,    9.698100e-03,    9.698100e-03,    9.698100e-03,    9.698100e-03,    1.226600e-02,    1.226600e-02,
        42,    2.511800e+02,    2.048684e-02,   -2.809305e-02,    1.615526e-01,   -1.684137e-01,   -1.601862e-01,    1.845369e-01,   -1.937126e-02,    2.086641e-02,    4.555707e-01,   -4.912506e-01,    4.763238e-01,    1.040390e-01,   -1.390208e+00,    1.671999e-01,   -4.698537e-01,    4.812928e-01,    2.754500e-02,   -3.570400e-02,    1.674300e-01,   -1.671300e-01,   -1.773400e-01,    1.866000e-01,   -2.638900e-02,    2.805500e-02,    1.549300e-02,    1.549300e-02,    1.233900e-02,    1.233900e-02,    1.233900e-02,    1.233900e-02,    1.493600e-02,    1.493600e-02,
        42,    3.981000e+02,    2.541049e-02,   -3.332843e-02,    1.995588e-01,   -2.164895e-01,   -2.007864e-01,    2.448013e-01,   -2.259941e-02,    2.346727e-02,    6.313946e-01,   -2.202011e-01,    5.077715e-01,    6.674097e-01,   -1.917836e+00,   -8.298611e-01,   -5.994777e-01,    1.544110e-01,    3.717400e-02,   -3.743100e-02,    2.074100e-01,   -2.061700e-01,   -2.304400e-01,    2.319700e-01,   -3.317000e-02,    2.619000e-02,    1.863100e-02,    1.863100e-02,    1.546200e-02,    1.546200e-02,    1.546200e-02,    1.546200e-02,    1.763300e-02,    1.763300e-02,
        42,    6.309500e+02,    3.271490e-02,   -4.238324e-02,    2.437238e-01,   -2.829695e-01,   -2.506162e-01,    3.250536e-01,   -2.808038e-02,    2.907187e-02,    6.510495e-01,    1.570724e-01,    2.570020e-01,    1.514902e+00,   -2.369504e+00,   -2.151053e+00,   -4.081013e-01,   -1.827156e-01,    4.710700e-02,   -3.891100e-02,    2.486300e-01,   -2.540500e-01,   -2.958500e-01,    2.839900e-01,   -3.633300e-02,    2.537700e-02,    2.210600e-02,    2.210600e-02,    1.909000e-02,    1.909000e-02,    1.909000e-02,    1.909000e-02,    2.022200e-02,    2.022200e-02,
        42,    1.000000e+03,    4.221576e-02,   -5.428760e-02,    2.989232e-01,   -3.768382e-01,   -3.119605e-01,    4.371473e-01,   -3.541545e-02,    3.573428e-02,    6.608815e-01,    5.849450e-01,    1.784184e-01,    2.311376e+00,   -2.314832e+00,   -4.117733e+00,   -3.466067e-02,   -5.462092e-01,    5.981900e-02,   -3.870700e-02,    3.031200e-01,   -3.224700e-01,   -3.664100e-01,    3.402900e-01,   -3.618000e-02,    2.368600e-02,    2.663600e-02,    2.663600e-02,    2.352200e-02,    2.352200e-02,    2.352200e-02,    2.352200e-02,    2.205800e-02,    2.205800e-02,
        43,    2.511800e+02,   -1.255512e-02,    1.820742e-02,    1.925208e-01,   -2.285627e-01,   -2.252748e-01,    2.749325e-01,    3.764410e-02,   -4.398826e-02,    8.716646e-01,    5.555930e-01,   -1.327768e+00,    5.507257e-01,    7.716062e-01,   -1.044441e+00,   -5.823276e-01,    2.368033e-01,   -1.570400e-03,    2.520900e-02,    1.721900e-01,   -2.201300e-01,   -2.134600e-01,    2.589400e-01,    2.660200e-02,   -3.949800e-02,    1.260200e-02,    1.260200e-02,    1.531200e-02,    1.531200e-02,    1.531200e-02,    1.531200e-02,    1.896200e-02,    1.896200e-02,
        43,    3.981000e+02,   -1.744537e-02,    2.150585e-02,    2.491309e-01,   -3.017254e-01,   -2.964366e-01,    3.533940e-01,    4.860442e-02,   -5.712358e-02,    5.795040e-01,    3.298803e-02,   -1.645141e+00,   -6.891919e-02,    1.137212e+00,   -8.404181e-01,   -3.322885e-01,   -1.606687e-01,   -9.256400e-03,    2.197200e-02,    2.160800e-01,   -3.031100e-01,   -2.735900e-01,    3.365100e-01,    3.972700e-02,   -6.141600e-02,    1.413100e-02,    1.413100e-02,    2.009000e-02,    2.009000e-02,    2.009000e-02,    2.009000e-02,    2.671600e-02,    2.671600e-02,
        43,    6.309500e+02,   -2.107352e-02,    2.595858e-02,    3.254479e-01,   -3.932657e-01,   -3.870079e-01,    4.501359e-01,    6.149856e-02,   -7.391427e-02,    3.534066e-01,   -4.129421e-01,   -6.581078e-01,   -7.158219e-01,    1.116059e+00,   -4.392581e-01,    2.001039e-01,   -2.322972e-01,   -1.514300e-02,    1.902900e-02,    3.077000e-01,   -4.125700e-01,   -3.569100e-01,    4.382900e-01,    6.889700e-02,   -8.250300e-02,    1.678100e-02,    1.678100e-02,    2.696800e-02,    2.696800e-02,    2.696800e-02,    2.696800e-02,    3.697300e-02,    3.697300e-02,
        44,    1.000000e+02,    4.234275e-03,   -6.711654e-04,    1.423478e-01,   -1.531436e-01,   -1.382530e-01,    1.486668e-01,   -4.342986e-03,    2.663294e-03,    5.953012e-02,   -5.812512e-01,    1.287093e-01,    2.375845e-01,    2.859589e-01,   -5.996629e-01,   -6.741642e-02,    7.809731e-02,    4.546600e-03,   -3.720700e-03,    1.436500e-01,   -1.507400e-01,   -1.353600e-01,    1.426000e-01,   -4.678100e-03,    3.051500e-03,    5.246500e-03,    5.246500e-03,    1.011700e-02,    1.011700e-02,    1.011700e-02,    1.011700e-02,    4.970800e-03,    4.970800e-03,
        44,    1.584800e+02,    3.209460e-03,    1.476710e-03,    1.831635e-01,   -1.933204e-01,   -1.791501e-01,    1.877993e-01,   -4.739644e-03,    3.110086e-04,    3.599588e-01,   -3.912775e-01,    3.206467e-01,    1.681990e-01,    4.050036e-01,   -5.075432e-01,    2.315774e-02,    2.811179e-01,    5.241500e-03,   -7.321300e-04,    1.873200e-01,   -1.911400e-01,   -1.739000e-01,    1.812200e-01,   -4.617100e-03,    1.798600e-03,    5.645200e-03,    5.645200e-03,    1.296300e-02,    1.296300e-02,    1.296300e-02,    1.296300e-02,    5.291700e-03,    5.291700e-03,
        44,    2.511800e+02,    1.912827e-03,    2.776477e-03,    2.326864e-01,   -2.424349e-01,   -2.285431e-01,    2.346240e-01,   -3.500970e-03,   -1.167762e-03,    5.131351e-01,    1.365388e-02,    5.663243e-01,    2.983160e-01,    7.018710e-01,   -2.762735e-01,    3.100170e-03,    2.944773e-01,    5.423800e-03,    2.869900e-03,    2.419600e-01,   -2.375500e-01,   -2.170500e-01,    2.301000e-01,   -3.485500e-03,    3.016800e-04,    6.842200e-03,    6.842200e-03,    1.637500e-02,    1.637500e-02,    1.637500e-02,    1.637500e-02,    4.990000e-03,    4.990000e-03,
        44,    3.981000e+02,    7.213304e-04,    3.482937e-03,    2.920919e-01,   -3.052154e-01,   -2.874333e-01,    2.930212e-01,   -2.044142e-03,   -1.069999e-03,    6.375110e-01,    3.596984e-01,    1.063088e+00,    6.872620e-01,    7.588120e-01,   -7.074489e-02,    3.372479e-01,    3.193569e-01,    6.927500e-03,    6.984600e-03,    3.140500e-01,   -2.910200e-01,   -2.717600e-01,    2.915600e-01,   -1.021100e-03,   -1.012300e-04,    9.735000e-03,    9.735000e-03,    2.065500e-02,    2.065500e-02,    2.065500e-02,    2.065500e-02,    3.033500e-03,    3.033500e-03,
        44,    6.309500e+02,   -9.777535e-06,    4.289628e-03,    3.642783e-01,   -3.881174e-01,   -3.570279e-01,    3.689661e-01,   -1.392672e-03,   -2.040118e-04,    6.773018e-01,    7.338677e-01,    1.316238e+00,    1.790109e+00,    8.695173e-01,   -1.831050e-01,    6.870780e-01,    2.509094e-01,    9.840900e-03,    1.496300e-02,    3.978200e-01,   -3.425000e-01,   -3.348700e-01,    3.643000e-01,    2.223900e-03,    1.116700e-03,    1.454400e-02,    1.454400e-02,    2.548300e-02,    2.548300e-02,    2.548300e-02,    2.548300e-02,    5.263700e-03,    5.263700e-03,
        45,    1.000000e+02,   -1.094601e-02,    4.488050e-03,    1.228811e-01,   -1.466410e-01,   -1.337501e-01,    1.412441e-01,    1.697040e-02,   -8.817100e-03,    6.775772e-03,   -3.904448e-01,   -3.014426e-02,   -3.446986e-01,    2.079093e-03,   -2.727490e-01,   -6.734663e-01,   -5.454931e-01,   -1.089900e-02,    1.779300e-03,    1.225900e-01,   -1.499700e-01,   -1.337300e-01,    1.386100e-01,    1.110000e-02,   -1.357200e-02,    6.937600e-03,    6.937600e-03,    9.657600e-03,    9.657600e-03,    9.657600e-03,    9.657600e-03,    8.716700e-03,    8.716700e-03,
        45,    1.584800e+02,   -1.186369e-02,    3.240562e-03,    1.615939e-01,   -1.825953e-01,   -1.696297e-01,    1.743539e-01,    1.936657e-02,   -7.630234e-03,    1.641298e-01,   -2.995386e-01,    2.314882e-01,   -2.996059e-01,    2.950815e-01,   -2.822755e-01,   -3.211381e-01,   -7.396733e-01,   -1.059800e-02,    9.306700e-04,    1.644100e-01,   -1.862400e-01,   -1.660400e-01,    1.709200e-01,    1.585300e-02,   -1.572300e-02,    7.711500e-03,    7.711500e-03,    1.216500e-02,    1.216500e-02,    1.216500e-02,    1.216500e-02,    1.094100e-02,    1.094100e-02,
        45,    2.511800e+02,   -1.145178e-02,    2.401821e-03,    2.073267e-01,   -2.273149e-01,   -2.117850e-01,    2.176180e-01,    2.053984e-02,   -6.898867e-03,    1.540499e-01,   -1.284230e-01,    1.816292e-01,    8.670957e-02,    6.661589e-01,   -2.869311e-01,    3.022071e-02,   -8.078478e-01,   -1.015300e-02,    1.319100e-03,    2.100600e-01,   -2.260100e-01,   -2.017600e-01,    2.133000e-01,    2.094700e-02,   -1.778300e-02,    8.430900e-03,    8.430900e-03,    1.504900e-02,    1.504900e-02,    1.504900e-02,    1.504900e-02,    1.347300e-02,    1.347300e-02,
        45,    3.981000e+02,   -9.823285e-03,    3.127315e-03,    2.613037e-01,   -2.857901e-01,   -2.628320e-01,    2.756756e-01,    2.117172e-02,   -7.631898e-03,    8.509606e-02,    1.270753e-01,    1.959650e-01,    3.796736e-01,    6.903595e-01,    1.515729e-01,    3.086918e-01,   -6.879413e-01,   -9.031500e-03,    4.309700e-03,    2.650200e-01,   -2.785900e-01,   -2.497400e-01,    2.785500e-01,    2.627100e-02,   -1.899600e-02,    9.304600e-03,    9.304600e-03,    1.896400e-02,    1.896400e-02,    1.896400e-02,    1.896400e-02,    1.651900e-02,    1.651900e-02,
        45,    6.309500e+02,   -7.800448e-03,    6.325928e-03,    3.262245e-01,   -3.643013e-01,   -3.263603e-01,    3.536211e-01,    2.243893e-02,   -9.980490e-03,   -1.157769e-01,   -4.985458e-01,    2.147940e-01,    9.330395e-01,    2.792387e-01,   -1.852022e-02,    3.679841e-01,   -6.147127e-01,   -8.940700e-03,    1.415900e-03,    3.313400e-01,   -3.420800e-01,   -3.197100e-01,    3.531800e-01,    2.978500e-02,   -2.225200e-02,    9.848700e-03,    9.848700e-03,    2.381600e-02,    2.381600e-02,    2.381600e-02,    2.381600e-02,    1.996300e-02,    1.996300e-02,
        45,    1.000000e+03,   -5.826471e-03,    1.228939e-02,    4.057496e-01,   -4.712051e-01,   -4.064720e-01,    4.580435e-01,    2.516831e-02,   -1.343531e-02,   -5.386045e-01,   -6.951042e-01,    2.915993e-01,    1.481540e+00,    4.225511e-01,   -1.885945e-01,    5.159176e-01,   -2.298603e-02,   -1.303300e-02,    2.988900e-03,    4.144600e-01,   -4.269500e-01,   -3.938500e-01,    4.524100e-01,    3.710200e-02,   -1.396700e-02,    1.338000e-02,    1.338000e-02,    2.987100e-02,    2.987100e-02,    2.987100e-02,    2.987100e-02,    2.313100e-02,    2.313100e-02,
        46,    1.000000e+02,   -2.843775e-02,    1.231144e-02,    1.231091e-01,   -1.076906e-01,   -1.077309e-01,    1.100490e-01,    1.842628e-02,   -2.333153e-03,   -1.099822e+00,   -3.128712e-01,   -1.107597e+00,   -1.466595e+00,   -1.095260e+00,   -2.367186e-01,    1.011019e-01,   -1.390327e+00,   -4.237800e-02,    8.345800e-03,    1.141300e-01,   -1.195800e-01,   -1.166100e-01,    1.081300e-01,    1.937800e-02,   -1.542100e-02,    1.267500e-02,    1.267500e-02,    8.106800e-03,    8.106800e-03,    8.106800e-03,    8.106800e-03,    9.413500e-03,    9.413500e-03,
        46,    1.584800e+02,   -3.373627e-02,    2.212571e-02,    1.520724e-01,   -1.403629e-01,   -1.389487e-01,    1.445817e-01,    1.810065e-02,   -5.924641e-03,   -6.679880e-01,   -5.975534e-01,   -5.428157e-01,   -1.078601e-01,   -1.852753e+00,    2.184966e-02,    6.530346e-01,   -2.453108e-01,   -4.337200e-02,    1.350600e-02,    1.464000e-01,   -1.414900e-01,   -1.583100e-01,    1.448100e-01,    2.555700e-02,   -8.725600e-03,    1.442500e-02,    1.442500e-02,    1.045000e-02,    1.045000e-02,    1.045000e-02,    1.045000e-02,    1.141800e-02,    1.141800e-02,
        46,    2.511800e+02,   -4.413435e-02,    2.953701e-02,    1.917920e-01,   -1.773241e-01,   -1.809844e-01,    1.829701e-01,    2.133306e-02,   -9.901063e-03,    4.321260e-02,   -7.134318e-01,   -1.027635e+00,    1.025392e+00,   -6.881091e-01,   -1.008206e+00,    6.295775e-01,    1.384315e-01,   -4.344100e-02,    1.809000e-02,    1.790000e-01,   -1.645600e-01,   -1.895500e-01,    1.704200e-01,    2.969700e-02,   -8.062000e-03,    1.604500e-02,    1.604500e-02,    1.244800e-02,    1.244800e-02,    1.244800e-02,    1.244800e-02,    1.328500e-02,    1.328500e-02,
        46,    3.981000e+02,   -5.587533e-02,    3.322761e-02,    2.396243e-01,   -2.196173e-01,   -2.323930e-01,    2.259638e-01,    2.635520e-02,   -1.147186e-02,    6.138700e-01,   -5.096678e-01,   -1.047305e+00,    1.449348e+00,    5.215253e-02,   -1.323499e+00,    6.044308e-01,    1.416634e-01,   -4.456600e-02,    2.383800e-02,    2.237000e-01,   -1.975800e-01,   -2.316000e-01,    2.058400e-01,    3.609500e-02,   -9.189100e-03,    1.842300e-02,    1.842300e-02,    1.520500e-02,    1.520500e-02,    1.520500e-02,    1.520500e-02,    1.611400e-02,    1.611400e-02,
        46,    6.309500e+02,   -6.725562e-02,    3.578308e-02,    2.960702e-01,   -2.726586e-01,   -2.930639e-01,    2.776114e-01,    3.086711e-02,   -1.142062e-02,    8.643095e-01,   -1.693815e-01,   -4.161096e-01,    1.379634e+00,    9.406072e-02,   -1.091949e+00,    7.335047e-01,   -6.077637e-02,   -4.807400e-02,    3.202400e-02,    2.880900e-01,   -2.462000e-01,   -2.912600e-01,    2.566700e-01,    4.581300e-02,   -1.265900e-02,    2.219300e-02,    2.219300e-02,    1.917800e-02,    1.917800e-02,    1.917800e-02,    1.917800e-02,    2.037600e-02,    2.037600e-02,
        46,    1.000000e+03,   -8.025252e-02,    3.821284e-02,    3.653895e-01,   -3.414604e-01,   -3.664381e-01,    3.429597e-01,    3.523175e-02,   -1.091944e-02,    8.198027e-01,    1.671175e-01,    4.182986e-01,    1.090874e+00,   -1.640526e-01,   -7.161030e-01,    9.380350e-01,   -3.999458e-01,   -5.723000e-02,    4.290600e-02,    3.756700e-01,   -3.146500e-01,   -3.704700e-01,    3.253600e-01,    6.022100e-02,   -2.157400e-02,    2.808300e-02,    2.808300e-02,    2.457700e-02,    2.457700e-02,    2.457700e-02,    2.457700e-02,    2.664000e-02,    2.664000e-02,
        47,    1.000000e+02,   -9.150224e-03,    4.129560e-02,    2.023122e-01,   -1.740903e-01,   -1.661073e-01,    1.045425e-01,   -2.251457e-03,   -4.398908e-02,   -1.128569e+00,    1.187671e-01,   -5.497928e-02,    8.144152e-01,    8.826170e-01,   -6.875302e-01,    5.633024e-01,    5.898430e-01,   -2.888100e-02,    4.337200e-02,    2.017100e-01,   -1.651700e-01,   -1.564400e-01,    9.701200e-02,    4.721100e-03,   -3.668800e-02,    1.748300e-02,    1.748300e-02,    1.095300e-02,    1.095300e-02,    1.095300e-02,    1.095300e-02,    1.237800e-02,    1.237800e-02,
        47,    1.584800e+02,   -2.346991e-02,    4.943434e-02,    2.554394e-01,   -2.068232e-01,   -1.907439e-01,    1.291710e-01,    1.538262e-02,   -5.561949e-02,   -8.896332e-01,   -3.278720e-01,   -3.501894e-01,    1.301018e+00,    1.037809e+00,   -1.198341e+00,    3.404531e-01,    7.413936e-01,   -4.176700e-02,    4.269100e-02,    2.509300e-01,   -1.900700e-01,   -1.773800e-01,    1.137400e-01,    2.056500e-02,   -4.433400e-02,    2.056700e-02,    2.056700e-02,    1.287700e-02,    1.287700e-02,    1.287700e-02,    1.287700e-02,    1.522200e-02,    1.522200e-02,
        47,    2.511800e+02,   -3.983073e-02,    5.594710e-02,    3.156100e-01,   -2.395128e-01,   -2.203977e-01,    1.625837e-01,    3.604883e-02,   -6.322101e-02,   -5.478811e-01,   -5.945740e-01,   -6.696251e-01,    1.096877e+00,    1.111541e+00,   -1.236469e+00,    1.484634e-01,    5.667210e-01,   -5.294700e-02,    4.171300e-02,    3.053400e-01,   -2.226900e-01,   -2.033500e-01,    1.436200e-01,    3.888700e-02,   -5.238700e-02,    2.394000e-02,    2.394000e-02,    1.533700e-02,    1.533700e-02,    1.533700e-02,    1.533700e-02,    1.911700e-02,    1.911700e-02,
        47,    3.981000e+02,   -5.656890e-02,    6.152468e-02,    3.779582e-01,   -2.769478e-01,   -2.563651e-01,    2.082010e-01,    5.699943e-02,   -6.766936e-02,   -3.240597e-01,   -6.071604e-01,   -1.608468e-01,    9.097547e-01,    7.186222e-01,   -1.314967e+00,    3.232406e-01,    2.284835e-01,   -6.581400e-02,    4.420300e-02,    3.749600e-01,   -2.599900e-01,   -2.429700e-01,    1.836900e-01,    6.502000e-02,   -6.200000e-02,    2.852900e-02,    2.852900e-02,    1.864000e-02,    1.864000e-02,    1.864000e-02,    1.864000e-02,    2.481300e-02,    2.481300e-02,
        47,    6.309500e+02,   -7.284114e-02,    6.812147e-02,    4.415531e-01,   -3.287893e-01,   -3.010478e-01,    2.716153e-01,    7.639883e-02,   -7.092239e-02,   -3.183053e-01,   -5.180136e-01,    1.157738e+00,    1.328609e+00,   -8.383456e-01,   -1.025270e+00,    6.606018e-01,   -6.705561e-02,   -8.396400e-02,    5.002000e-02,    4.690100e-01,   -2.972800e-01,   -3.209300e-01,    2.473000e-01,    9.849200e-02,   -7.316500e-02,    3.494400e-02,    3.494400e-02,    2.371600e-02,    2.371600e-02,    2.371600e-02,    2.371600e-02,    3.344400e-02,    3.344400e-02,
        47,    1.000000e+03,   -8.915999e-02,    7.804363e-02,    5.099594e-01,   -4.064686e-01,   -3.596348e-01,    3.599797e-01,    9.320881e-02,   -7.583383e-02,   -3.847624e-01,   -5.032612e-01,    1.597805e+00,    2.306376e+00,   -1.334590e+00,   -9.358993e-01,    8.722439e-01,    2.841116e-01,   -1.052800e-01,    5.695900e-02,    5.564300e-01,   -3.393900e-01,   -3.984500e-01,    3.327600e-01,    1.289900e-01,   -6.417900e-02,    4.189600e-02,    4.189600e-02,    2.908400e-02,    2.908400e-02,    2.908400e-02,    2.908400e-02,    4.102200e-02,    4.102200e-02,
        48,    1.000000e+02,    3.892156e-03,   -4.397678e-03,    1.286283e-01,   -1.266800e-01,   -1.405905e-01,    1.334909e-01,   -1.562843e-02,    1.316546e-02,    7.403233e-02,    2.092137e-01,   -3.345917e-01,   -3.978782e-01,   -1.186740e-01,   -2.311213e-01,    2.252629e-01,   -7.227229e-03,    4.240700e-03,   -3.412700e-03,    1.255000e-01,   -1.304000e-01,   -1.417000e-01,    1.313300e-01,   -1.358800e-02,    1.310000e-02,    4.708000e-03,    4.708000e-03,    9.349500e-03,    9.349500e-03,    9.349500e-03,    9.349500e-03,    9.058000e-03,    9.058000e-03,
        48,    1.584800e+02,    7.334856e-03,   -2.403956e-03,    1.554868e-01,   -1.671590e-01,   -1.716917e-01,    1.697178e-01,   -1.968009e-02,    1.324454e-02,    1.162998e-01,    3.899511e-02,   -2.280076e-01,   -5.109464e-01,    3.539610e-03,   -1.084361e-01,    1.861461e-01,    1.382107e-01,    8.102400e-03,   -2.146600e-03,    1.528000e-01,   -1.731800e-01,   -1.716500e-01,    1.684400e-01,   -1.760400e-02,    1.478600e-02,    6.599700e-03,    6.599700e-03,    1.178400e-02,    1.178400e-02,    1.178400e-02,    1.178400e-02,    1.115300e-02,    1.115300e-02,
        48,    2.511800e+02,    7.524892e-03,    1.901932e-03,    1.934804e-01,   -2.230635e-01,   -2.103753e-01,    2.183792e-01,   -2.262861e-02,    1.336355e-02,    3.523863e-01,    7.451901e-03,    1.181173e-01,   -1.922546e-01,   -1.430166e-01,   -6.300255e-02,   -8.654309e-02,    1.732767e-01,    1.051200e-02,    1.965100e-03,    1.952600e-01,   -2.259600e-01,   -2.125300e-01,    2.174300e-01,   -2.383900e-02,    1.578700e-02,    8.476800e-03,    8.476800e-03,    1.506600e-02,    1.506600e-02,    1.506600e-02,    1.506600e-02,    1.398600e-02,    1.398600e-02,
        48,    3.981000e+02,    4.196627e-03,    4.047689e-03,    2.464633e-01,   -2.945227e-01,   -2.591687e-01,    2.839640e-01,   -2.471564e-02,    1.504066e-02,    6.101242e-01,    4.729195e-01,    1.484499e-01,   -4.543182e-02,   -2.460394e-01,   -1.255233e-01,   -1.772587e-01,    1.465524e-01,    1.104100e-02,    9.352900e-03,    2.493300e-01,   -2.954000e-01,   -2.639200e-01,    2.815400e-01,   -2.770600e-02,    1.751300e-02,    1.121800e-02,    1.121800e-02,    1.931100e-02,    1.931100e-02,    1.931100e-02,    1.931100e-02,    1.687000e-02,    1.687000e-02,
        48,    6.309500e+02,    1.372062e-03,    3.245103e-03,    3.132602e-01,   -3.852988e-01,   -3.213541e-01,    3.721881e-01,   -2.725205e-02,    1.877880e-02,    6.638255e-01,    9.206612e-01,    4.189081e-01,   -4.881869e-03,   -3.591336e-01,   -4.208541e-01,   -1.784252e-01,    5.456267e-02,    1.158900e-02,    1.741500e-02,    3.236600e-01,   -3.854200e-01,   -3.302700e-01,    3.617400e-01,   -3.084000e-02,    1.987600e-02,    1.539100e-02,    1.539100e-02,    2.482600e-02,    2.482600e-02,    2.482600e-02,    2.482600e-02,    2.010900e-02,    2.010900e-02,
        48,    1.000000e+03,   -6.462591e-04,    1.805125e-03,    3.950832e-01,   -5.066722e-01,   -3.999848e-01,    4.911597e-01,   -3.036632e-02,    2.411876e-02,    5.310841e-01,    1.183237e+00,    7.766196e-01,    1.932352e-01,   -5.974485e-01,   -7.030634e-01,   -4.108798e-01,   -1.024201e-01,    1.002800e-02,    2.558700e-02,    4.199700e-01,   -5.004800e-01,   -4.191300e-01,    4.686300e-01,   -4.086800e-02,    2.150100e-02,    2.009900e-02,    2.009900e-02,    3.204500e-02,    3.204500e-02,    3.204500e-02,    3.204500e-02,    2.555900e-02,    2.555900e-02,
VTF,
     StaID,        Freq[Hz],     Re(Tzx)_Cal,     Im(Tzx)_Cal,     Re(Tzy)_Cal,     Im(Tzy)_Cal,     Re(Tzx)_Res,     Im(Tzx)_Res,     Re(Tzy)_Res,     Im(Tzy)_Res,     Re(Tzx)_Obs,     Im(Tzx)_Obs,     Re(Tzy)_Obs,     Im(Tzy)_Obs,      Re(Tzx)_SD,      Im(Tzx)_SD,      Re(Tzy)_SD,      Im(Tzy)_SD,
      1001,    1.000000e+02,    5.407597e-02,    1.111301e-03,    8.780922e-02,    4.960636e-02,    4.681676e-01,    2.925166e-01,    7.113593e-01,   -7.063788e-01,    6.812100e-02,    9.886800e-03,    1.091500e-01,    2.841500e-02,    3.000000e-02,    3.000000e-02,    3.000000e-02,    3.000000e-02,
      1001,    1.584800e+02,    5.152092e-02,    9.339480e-03,    6.646169e-02,    4.999195e-02,    7.090028e-01,    1.983507e-01,    8.871435e-01,   -1.549650e-01,    7.279100e-02,    1.529000e-02,    9.307600e-02,    4.534300e-02,    3.000000e-02,    3.000000e-02,    3.000000e-02,    3.000000e-02,
      1001,    2.511800e+02,    4.479718e-02,    1.296712e-02,    4.877641e-02,    4.659616e-02,    6.727607e-01,    5.752959e-01,    3.687529e-01,    1.570614e-01,    6.498000e-02,    3.022600e-02,    5.983900e-02,    5.130800e-02,    3.000000e-02,    3.000000e-02,    3.000000e-02,    3.000000e-02,
      1001,    3.981000e+02,    3.835224e-02,    1.271024e-02,    3.348534e-02,    4.141534e-02,    5.045918e-01,    7.079252e-01,    4.505519e-02,    4.689219e-01,    5.349000e-02,    3.394800e-02,    3.483700e-02,    5.548300e-02,    3.000000e-02,    3.000000e-02,    3.000000e-02,    3.000000e-02,
      1001,    6.309500e+02,    3.340610e-02,    1.086384e-02,    2.086577e-02,    3.449202e-02,    5.106322e-02,    5.719388e-01,   -2.692589e-01,    3.723992e-01,    3.493800e-02,    2.802200e-02,    1.278800e-02,    4.566400e-02,    3.000000e-02,    3.000000e-02,    3.000000e-02,    3.000000e-02,
      1001,    1.000000e+03,    2.920838e-02,    8.246907e-03,    1.147364e-02,    2.689327e-02,   -4.261460e-01,   -1.149969e-01,   -3.847510e-01,   -3.291756e-01,    1.642400e-02,    4.797000e-03,   -6.888900e-05,    1.701800e-02,    3.000000e-02,    3.000000e-02,    3.000000e-02,    3.000000e-02,
      1002,    1.000000e+02,    1.475529e-01,   -1.374766e-02,   -1.898857e-01,    3.898118e-02,    4.765690e-01,    3.927686e-01,   -6.174759e-01,   -9.435727e-01,    1.618500e-01,   -1.964600e-03,   -2.084100e-01,    1.067400e-02,    3.000000e-02,    3.000000e-02,    3.000000e-02,    3.000000e-02,
      1002,    1.584800e+02,    1.489137e-01,    1.215271e-02,   -1.998341e-01,    7.508256e-03,    3.642089e-01,    6.181429e-01,   -1.221964e-01,   -1.130975e+00,    1.598400e-01,    3.069700e-02,   -2.035000e-01,   -2.642100e-02,    3.000000e-02,    3.000000e-02,    3.000000e-02,    3.000000e-02,
      1002,    2.511800e+02,    1.363063e-01,    3.363501e-02,   -1.924759e-01,   -2.114913e-02,    1.517883e-01,    5.822997e-01,    3.381979e-01,   -1.079896e+00,    1.408600e-01,    5.110400e-02,   -1.823300e-01,   -5.354600e-02,    3.000000e-02,    3.000000e-02,    3.000000e-02,    3.000000e-02,
      1002,    3.981000e+02,    1.151899e-01,    4.576261e-02,   -1.733241e-01,   -4.047598e-02,   -5.331318e-03,    5.082798e-01,    6.131374e-01,   -9.744340e-01,    1.150300e-01,    6.101100e-02,   -1.549300e-01,   -6.970900e-02,    3.000000e-02,    3.000000e-02,    3.000000e-02,    3.000000e-02,
      1002,    6.309500e+02,    9.312325e-02,    4.751495e-02,   -1.499348e-01,   -4.814453e-02,   -2.914416e-01,    5.828683e-01,    7.694919e-01,   -1.034849e+00,    8.438000e-02,    6.500100e-02,   -1.268500e-01,   -7.919000e-02,    3.000000e-02,    3.000000e-02,    3.000000e-02,    3.000000e-02,
      1002,    1.000000e+03,    7.513023e-02,    4.319441e-02,   -1.286173e-01,   -4.717142e-02,   -6.070409e-01,    6.449197e-01,    8.999116e-01,   -1.026319e+00,    5.691900e-02,    6.254200e-02,   -1.016200e-01,   -7.796100e-02,    3.000000e-02,    3.000000e-02,    3.000000e-02,    3.000000e-02,
      1003,    1.000000e+02,    7.638034e-02,   -2.571597e-02,   -1.261600e-01,    8.564244e-03,    1.098989e+00,    4.505656e-01,   -4.283333e-01,    2.102252e-01,    1.093500e-01,   -1.219900e-02,   -1.390100e-01,    1.487100e-02,    3.000000e-02,    3.000000e-02,    3.000000e-02,    3.000000e-02,
      1003,    1.584800e+02,    8.533711e-02,   -1.534820e-02,   -1.227780e-01,   -1.018217e-02,    1.079096e+00,    4.776033e-01,   -4.377334e-01,   -9.256101e-02,    1.177100e-01,   -1.020100e-03,   -1.359100e-01,   -1.295900e-02,    3.000000e-02,    3.000000e-02,    3.000000e-02,    3.000000e-02,
      1003,    2.511800e+02,    8.968683e-02,   -3.870659e-03,   -1.128406e-01,   -2.227543e-02,    6.724389e-01,    5.163886e-01,   -3.213143e-01,   -2.896523e-01,    1.098600e-01,    1.162100e-02,   -1.224800e-01,   -3.096500e-02,    3.000000e-02,    3.000000e-02,    3.000000e-02,    3.000000e-02,
      1003,    3.981000e+02,    8.859946e-02,    8.540454e-03,   -1.012725e-01,   -2.943471e-02,    4.786846e-01,    4.603849e-01,   -1.162497e-01,   -4.408098e-01,    1.029600e-01,    2.235200e-02,   -1.047600e-01,   -4.265900e-02,    3.000000e-02,    3.000000e-02,    3.000000e-02,    3.000000e-02,
      1003,    6.309500e+02,    8.150372e-02,    1.924820e-02,   -8.901149e-02,   -3.385568e-02,    3.660094e-01,    3.635933e-01,    1.601634e-02,   -5.978106e-01,    9.248400e-02,    3.015600e-02,   -8.853100e-02,   -5.179000e-02,    3.000000e-02,    3.000000e-02,    3.000000e-02,    3.000000e-02,
      1003,    1.000000e+03,    7.037227e-02,    2.579740e-02,   -7.606554e-02,   -3.603763e-02,    2.214910e-01,    2.772867e-01,    3.501515e-01,   -7.548790e-01,    7.701700e-02,    3.411600e-02,   -6.556100e-02,   -5.868400e-02,    3.000000e-02,    3.000000e-02,    3.000000e-02,    3.000000e-02,
      1004,    1.000000e+02,   -4.511429e-02,    8.996983e-03,    1.813322e-01,    1.435533e-01,   -7.584569e-01,    3.906339e-01,    7.555946e-01,   -4.344425e-01,   -6.786800e-02,    2.071600e-02,    2.040000e-01,    1.305200e-01,    3.000000e-02,    3.000000e-02,    3.000000e-02,    3.000000e-02,
      1004,    1.584800e+02,   -4.663219e-02,    1.441403e-02,    1.440422e-01,    1.285005e-01,   -6.315603e-01,   -9.690097e-02,    8.042593e-01,   -4.635133e-02,   -6.557900e-02,    1.150700e-02,    1.681700e-01,    1.271100e-01,    3.000000e-02,    3.000000e-02,    3.000000e-02,    3.000000e-02,
      1004,    2.511800e+02,   -5.301559e-02,    1.874373e-02,    1.122703e-01,    1.197520e-01,   -2.442805e-01,   -2.959978e-01,    7.426568e-01,    9.926543e-02,   -6.034400e-02,    9.863800e-03,    1.345500e-01,    1.227300e-01,    3.000000e-02,    3.000000e-02,    3.000000e-02,    3.000000e-02,
      1004,    3.981000e+02,   -6.150604e-02,    2.018880e-02,    8.010615e-02,    1.158233e-01,    1.343453e-02,   -7.463433e-01,    6.504284e-01,    1.038893e-01,   -6.110300e-02,   -2.201500e-03,    9.961900e-02,    1.189400e-01,    3.000000e-02,    3.000000e-02,    3.000000e-02,    3.000000e-02,
      1004,    6.309500e+02,   -7.006755e-02,    1.856233e-02,    4.569161e-02,    1.126890e-01,   -1.374482e-01,   -5.650444e-01,    4.822130e-01,    3.263663e-01,   -7.419100e-02,    1.611000e-03,    6.015800e-02,    1.224800e-01,    3.000000e-02,    3.000000e-02,    3.000000e-02,    3.000000e-02,
      1004,    1.000000e+03,   -7.731575e-02,    1.444279e-02,    9.773122e-03,    1.071429e-01,   -9.320824e-02,    1.422507e+00,   -1.417471e+00,   -1.974316e-01,   -8.011200e-02,    5.711800e-02,   -3.275100e-02,    1.012200e-01,    3.000000e-02,    3.000000e-02,    3.000000e-02,    3.000000e-02,
      1005,    1.000000e+02,    1.053577e-02,    4.034869e-02,    1.139133e-01,    4.904200e-02,    7.500744e-01,    9.252770e-01,    3.625570e-01,    3.122667e-01,    3.303800e-02,    6.810700e-02,    1.247900e-01,    5.841000e-02,    3.000000e-02,    3.000000e-02,    3.000000e-02,    3.000000e-02,
      1005,    1.584800e+02,   -3.704861e-03,    3.795221e-02,    9.139517e-02,    5.864722e-02,    5.925954e-01,    1.275060e+00,    4.269442e-02,    6.600594e-01,    1.407300e-02,    7.620400e-02,    9.267600e-02,    7.844900e-02,    3.000000e-02,    3.000000e-02,    3.000000e-02,    3.000000e-02,
      1005,    2.511800e+02,   -1.585797e-02,    3.129229e-02,    6.625889e-02,    6.231651e-02,    1.734324e-01,    1.764057e+00,   -2.456297e-01,    9.102164e-01,   -1.065500e-02,    8.421400e-02,    5.889000e-02,    8.962300e-02,    3.000000e-02,    3.000000e-02,    3.000000e-02,    3.000000e-02,
      1005,    3.981000e+02,   -2.406850e-02,    2.386244e-02,    4.105628e-02,    5.820480e-02,   -6.052167e-01,    2.146985e+00,   -4.935425e-01,    1.171940e+00,   -4.222500e-02,    8.827200e-02,    2.625000e-02,    9.336300e-02,    3.000000e-02,    3.000000e-02,    3.000000e-02,    3.000000e-02,
      1005,    6.309500e+02,   -2.949646e-02,    1.698929e-02,    2.086090e-02,    4.734058e-02,   -1.575385e+00,    2.446657e+00,   -8.037466e-01,    1.412214e+00,   -7.675800e-02,    9.038900e-02,   -3.251500e-03,    8.970700e-02,    3.000000e-02,    3.000000e-02,    3.000000e-02,    3.000000e-02,
      1005,    1.000000e+03,   -3.243367e-02,    1.071773e-02,    8.278318e-03,    3.419118e-02,   -2.625544e+00,    2.308842e+00,   -1.681011e+00,    1.427694e+00,   -1.112000e-01,    7.998300e-02,   -4.215200e-02,    7.702200e-02,    3.000000e-02,    3.000000e-02,    3.000000e-02,    3.000000e-02,
      1006,    1.000000e+02,   -2.510398e-02,    3.362005e-02,   -8.638525e-03,   -1.920853e-02,    3.996658e-01,   -5.746351e-01,    1.172542e-01,    7.671611e-01,   -1.311400e-02,    1.638100e-02,   -5.120900e-03,    3.806300e-03,    3.000000e-02,    3.000000e-02,    3.000000e-02,    3.000000e-02,
      1006,    1.584800e+02,   -3.141285e-02,    2.178799e-02,    1.793306e-03,   -2.110455e-02,    4.030950e-01,   -2.112663e-01,   -4.714054e-02,    6.767001e-01,   -1.932000e-02,    1.545000e-02,    3.790900e-04,   -8.035500e-04,    3.000000e-02,    3.000000e-02,    3.000000e-02,    3.000000e-02,
      1006,    2.511800e+02,   -3.107264e-02,    1.477552e-02,    9.779678e-03,   -1.990658e-02,    7.538785e-02,   -5.935083e-02,   -5.974925e-02,    5.472694e-01,   -2.881100e-02,    1.299500e-02,    7.987200e-03,   -3.488500e-03,    3.000000e-02,    3.000000e-02,    3.000000e-02,    3.000000e-02,
      1006,    3.981000e+02,   -2.874773e-02,    1.517290e-02,    1.444254e-02,   -1.830108e-02,   -3.025422e-01,   -3.356032e-01,    1.002820e-01,    5.758828e-01,   -3.782400e-02,    5.104800e-03,    1.745100e-02,   -1.024600e-03,    3.000000e-02,    3.000000e-02,    3.000000e-02,    3.000000e-02,
      1006,    6.309500e+02,   -2.969121e-02,    2.219208e-02,    1.687230e-02,   -1.955485e-02,   -2.610596e-01,   -1.042259e+00,    3.000899e-01,    1.001328e+00,   -3.752300e-02,   -9.075700e-03,    2.587500e-02,    1.048500e-02,    3.000000e-02,    3.000000e-02,    3.000000e-02,    3.000000e-02,
      1006,    1.000000e+03,   -3.706043e-02,    3.168752e-02,    2.049357e-02,   -2.480799e-02,    1.875475e-01,   -1.820317e+00,    3.817144e-01,    1.748433e+00,   -3.143400e-02,   -2.292200e-02,    3.194500e-02,    2.764500e-02,    3.000000e-02,    3.000000e-02,    3.000000e-02,    3.000000e-02,
      1007,    1.000000e+02,   -5.820581e-02,   -3.961449e-02,    2.854651e-02,    8.606078e-02,   -1.053397e-01,    3.694830e-01,   -1.948374e-02,   -4.234594e-01,   -6.136600e-02,   -2.853000e-02,    2.796200e-02,    7.335700e-02,    3.000000e-02,    3.000000e-02,    3.000000e-02,    3.000000e-02,
      1007,    1.584800e+02,   -3.882864e-02,   -3.901626e-02,   -7.862637e-03,    7.464137e-02,   -2.416786e-01,    2.946420e-01,    2.153812e-01,   -2.523791e-01,   -4.607900e-02,   -3.017700e-02,   -1.401200e-03,    6.707000e-02,    3.000000e-02,    3.000000e-02,    3.000000e-02,    3.000000e-02,
      1007,    2.511800e+02,   -2.220786e-02,   -2.942687e-02,   -3.363420e-02,    5.067322e-02,   -3.133714e-01,    1.311956e-01,    2.552733e-01,    4.189253e-02,   -3.160900e-02,   -2.549100e-02,   -2.597600e-02,    5.193000e-02,    3.000000e-02,    3.000000e-02,    3.000000e-02,    3.000000e-02,
      1007,    3.981000e+02,   -1.525027e-02,   -1.514195e-02,   -4.155149e-02,    2.414570e-02,   -2.282578e-01,   -3.935035e-03,    2.784966e-02,    2.433098e-01,   -2.209800e-02,   -1.526000e-02,   -4.071600e-02,    3.144500e-02,    3.000000e-02,    3.000000e-02,    3.000000e-02,    3.000000e-02,
      1007,    6.309500e+02,   -1.705614e-02,   -5.456239e-03,   -3.670747e-02,    7.653333e-03,   -8.512867e-02,    3.430131e-02,   -2.655842e-01,    1.585556e-01,   -1.961000e-02,   -4.427200e-03,   -4.467500e-02,    1.241000e-02,    3.000000e-02,    3.000000e-02,    3.000000e-02,    3.000000e-02,
      1007,    1.000000e+03,   -1.983113e-02,   -2.088374e-03,   -3.044799e-02,    1.350399e-03,   -7.056243e-02,    2.053191e-01,   -3.475338e-01,   -1.247066e-01,   -2.194800e-02,    4.071200e-03,   -4.087400e-02,   -2.390800e-03,    3.000000e-02,    3.000000e-02,    3.000000e-02,    3.000000e-02,
      1008,    1.000000e+02,    6.714052e-02,    2.231526e-02,   -3.820329e-02,   -2.157409e-02,   -2.712840e-01,    6.358582e-01,    4.230979e-02,   -7.098305e-01,    5.900200e-02,    4.139100e-02,   -3.693400e-02,   -4.286900e-02,    3.000000e-02,    3.000000e-02,    3.000000e-02,    3.000000e-02,
      1008,    1.584800e+02,    5.367115e-02,    4.939283e-02,   -3.990374e-02,   -2.641501e-02,    8.979486e-02,    7.932722e-01,    9.065789e-02,   -2.370997e-01,    5.636500e-02,    7.319100e-02,   -3.718400e-02,   -3.352800e-02,    3.000000e-02,    3.000000e-02,    3.000000e-02,    3.000000e-02,
      1008,    2.511800e+02,    2.560696e-02,    6.280034e-02,   -3.102378e-02,   -3.830527e-02,   -7.466548e-02,    7.994887e-01,   -3.531407e-01,   -1.308911e-01,    2.336700e-02,    8.678500e-02,   -4.161800e-02,   -4.223200e-02,    3.000000e-02,    3.000000e-02,    3.000000e-02,    3.000000e-02,
      1008,    3.981000e+02,   -1.629338e-03,    6.349719e-02,   -1.432425e-02,   -4.536782e-02,   -5.708887e-01,    1.022894e+00,   -1.128192e+00,   -5.187393e-01,   -1.875600e-02,    9.418400e-02,   -4.817000e-02,   -6.093000e-02,    3.000000e-02,    3.000000e-02,    3.000000e-02,    3.000000e-02,
      1008,    6.309500e+02,   -2.507464e-02,    5.896676e-02,    3.499559e-03,   -4.715804e-02,   -8.955454e-01,    6.734747e-01,   -9.679520e-01,   -1.618732e+00,   -5.194100e-02,    7.917100e-02,   -2.553900e-02,   -9.572000e-02,    3.000000e-02,    3.000000e-02,    3.000000e-02,    3.000000e-02,
      1008,    1.000000e+03,   -4.571003e-02,    5.053179e-02,    2.088954e-02,   -4.523563e-02,   -6.994323e-01,    4.129070e-01,    1.806487e-01,   -2.145146e+00,   -6.669300e-02,    6.291900e-02,    2.630900e-02,   -1.095900e-01,    3.000000e-02,    3.000000e-02,    3.000000e-02,    3.000000e-02,
      1010,    1.000000e+02,   -9.571348e-02,    1.633558e-02,    2.534787e-02,    3.083838e-02,    3.334825e-01,   -2.901945e-02,   -6.493391e-01,   -1.163461e-01,   -8.570900e-02,    1.546500e-02,    5.867700e-03,    2.734800e-02,    3.000000e-02,    3.000000e-02,    3.000000e-02,    3.000000e-02,
      1010,    1.584800e+02,   -7.970362e-02,   -1.454249e-02,    1.371033e-02,    3.080324e-02,    3.303541e-01,   -1.895504e-01,   -5.287810e-01,   -1.288746e-01,   -6.979300e-02,   -2.022900e-02,   -2.153100e-03,    2.693700e-02,    3.000000e-02,    3.000000e-02,    3.000000e-02,    3.000000e-02,
      1010,    2.511800e+02,   -5.898833e-02,   -2.692740e-02,    2.324045e-03,    2.741071e-02,    3.618442e-01,   -1.970202e-01,   -5.554015e-01,   -1.905238e-01,   -4.813300e-02,   -3.283800e-02,   -1.433800e-02,    2.169500e-02,    3.000000e-02,    3.000000e-02,    3.000000e-02,    3.000000e-02,
      1010,    3.981000e+02,   -4.248373e-02,   -2.809701e-02,   -6.329766e-03,    2.143271e-02,    3.531245e-01,   -1.169331e-01,   -4.941078e-01,   -3.137902e-01,   -3.189000e-02,   -3.160500e-02,   -2.115300e-02,    1.201900e-02,    3.000000e-02,    3.000000e-02,    3.000000e-02,    3.000000e-02,
      1010,    6.309500e+02,   -3.138683e-02,   -2.542045e-02,   -1.134600e-02,    1.510652e-02,    3.514943e-01,    1.934820e-02,   -4.109001e-01,   -4.147473e-01,   -2.084200e-02,   -2.484000e-02,   -2.367300e-02,    2.664100e-03,    3.000000e-02,    3.000000e-02,    3.000000e-02,    3.000000e-02,
      1010,    1.000000e+03,   -2.373675e-02,   -2.232930e-02,   -1.367450e-02,    1.006382e-02,    3.382585e-01,   -6.656605e-03,   -1.253832e-01,   -4.009275e-01,   -1.358900e-02,   -2.252900e-02,   -1.743600e-02,   -1.964000e-03,    3.000000e-02,    3.000000e-02,    3.000000e-02,    3.000000e-02,
      1011,    1.000000e+02,    4.980780e-02,    4.800205e-02,   -9.057250e-04,   -2.531624e-02,    7.523732e-01,   -8.470177e-02,   -6.273425e-01,   -4.916253e-01,    7.237900e-02,    4.546100e-02,   -1.972600e-02,   -4.006500e-02,    3.000000e-02,    3.000000e-02,    3.000000e-02,    3.000000e-02,
      1011,    1.584800e+02,    4.046758e-02,    3.467304e-02,    5.854637e-03,   -2.453067e-02,    8.009141e-01,    3.229988e-01,    2.258788e-01,   -3.634442e-01,    6.449500e-02,    4.436300e-02,    1.263100e-02,   -3.543400e-02,    3.000000e-02,    3.000000e-02,    3.000000e-02,    3.000000e-02,
      1011,    2.511800e+02,    3.549851e-02,    2.598203e-02,    1.510881e-02,   -2.198836e-02,    5.515163e-01,    5.815658e-01,    3.324730e-01,   -8.084547e-01,    5.204400e-02,    4.342900e-02,    2.508300e-02,   -4.624200e-02,    3.000000e-02,    3.000000e-02,    3.000000e-02,    3.000000e-02,
      1011,    3.981000e+02,    3.173069e-02,    2.102993e-02,    2.336735e-02,   -1.590633e-02,    4.512436e-01,    7.049691e-01,    2.969882e-01,   -1.321022e+00,    4.526800e-02,    4.217900e-02,    3.227700e-02,   -5.553700e-02,    3.000000e-02,    3.000000e-02,    3.000000e-02,    3.000000e-02,
      1011,    6.309500e+02,    2.818303e-02,    1.823454e-02,    2.841336e-02,   -7.373527e-03,    8.956557e-02,    7.817820e-01,    9.035879e-01,   -1.912149e+00,    3.087000e-02,    4.168800e-02,    5.552100e-02,   -6.473800e-02,    3.000000e-02,    3.000000e-02,    3.000000e-02,    3.000000e-02,
      1011,    1.000000e+03,    2.495980e-02,    1.696918e-02,    2.923267e-02,    2.062015e-03,   -2.415599e-01,    1.100127e+00,    2.107111e+00,   -2.690001e+00,    1.771300e-02,    4.997300e-02,    9.244600e-02,   -7.863800e-02,    3.000000e-02,    3.000000e-02,    3.000000e-02,    3.000000e-02,
      1012,    1.000000e+02,    5.479594e-02,    1.392508e-02,   -1.142051e-02,   -1.091168e-02,   -3.975980e-01,   -1.494392e-01,    2.782438e-01,    5.087627e-01,    4.286800e-02,    9.441900e-03,   -3.073200e-03,    4.351200e-03,    3.000000e-02,    3.000000e-02,    3.000000e-02,    3.000000e-02,
      1012,    1.584800e+02,    5.688105e-02,    8.735948e-03,   -9.084443e-03,   -2.490173e-03,    4.430982e-01,   -5.463816e-01,   -1.465190e-02,    5.523724e-01,    7.017400e-02,   -7.655500e-03,   -9.524000e-03,    1.408100e-02,    3.000000e-02,    3.000000e-02,    3.000000e-02,    3.000000e-02,
      1012,    2.511800e+02,    5.690767e-02,    7.034721e-03,   -1.029935e-02,    3.566819e-03,    5.091109e-01,    3.409760e-01,   -2.968882e-01,    5.248394e-01,    7.218100e-02,    1.726400e-02,   -1.920600e-02,    1.931200e-02,    3.000000e-02,    3.000000e-02,    3.000000e-02,    3.000000e-02,
      1012,    3.981000e+02,    5.457489e-02,    5.569234e-03,   -1.224939e-02,    8.538436e-03,    3.695704e-01,    2.362922e-01,   -2.906870e-01,    6.314855e-01,    6.566200e-02,    1.265800e-02,   -2.097000e-02,    2.748300e-02,    3.000000e-02,    3.000000e-02,    3.000000e-02,    3.000000e-02,
      1012,    6.309500e+02,    5.184927e-02,    1.976198e-03,   -1.524136e-02,    1.375652e-02,   -6.907581e-02,   -2.344266e-01,   -1.896881e-01,    6.368826e-01,    4.977700e-02,   -5.056600e-03,   -2.093200e-02,    3.286300e-02,    3.000000e-02,    3.000000e-02,    3.000000e-02,    3.000000e-02,
      1012,    1.000000e+03,    5.086367e-02,   -3.281773e-03,   -1.951298e-02,    1.915072e-02,   -1.702557e-01,   -3.596076e-01,    1.564659e-01,    1.303427e-01,    4.575600e-02,   -1.407000e-02,   -1.481900e-02,    2.306100e-02,    3.000000e-02,    3.000000e-02,    3.000000e-02,    3.000000e-02,
      1013,    2.511800e+02,   -5.075589e-02,   -4.493417e-02,   -2.745866e-01,   -1.991501e-01,   -8.789371e-01,   -1.983861e+00,   -3.194113e+00,   -2.583329e+00,   -7.712400e-02,   -1.044500e-01,   -3.704100e-01,   -2.766500e-01,    3.000000e-02,    3.000000e-02,    3.000000e-02,    3.000000e-02,
      1013,    3.981000e+02,   -4.251459e-02,   -2.944364e-02,   -2.013843e-01,   -1.906033e-01,   -8.751355e-02,   -1.760512e+00,   -2.166192e+00,   -1.254892e+00,   -4.514000e-02,   -8.225900e-02,   -2.663700e-01,   -2.282500e-01,    3.000000e-02,    3.000000e-02,    3.000000e-02,    3.000000e-02,
      1013,    6.309500e+02,   -3.713485e-02,   -1.702373e-02,   -1.411596e-01,   -1.728224e-01,    3.509514e-02,   -1.916609e+00,   -2.399013e+00,    5.080809e-01,   -3.608200e-02,   -7.452200e-02,   -2.131300e-01,   -1.575800e-01,    3.000000e-02,    3.000000e-02,    3.000000e-02,    3.000000e-02,
      1013,    1.000000e+03,   -3.409071e-02,   -4.723061e-03,   -9.227544e-02,   -1.541890e-01,    2.194568e-01,   -2.632565e+00,   -3.983152e+00,    2.124166e+00,   -2.750700e-02,   -8.370000e-02,   -2.117700e-01,   -9.046400e-02,    3.000000e-02,    3.000000e-02,    3.000000e-02,    3.000000e-02,
      1014,    1.000000e+02,   -4.947613e-02,    1.832670e-01,   -1.233807e-01,   -8.307924e-04,    5.516045e-01,    2.267675e-01,    1.238990e+00,   -9.203069e-01,   -3.292800e-02,    1.900700e-01,   -8.621100e-02,   -2.844000e-02,    3.000000e-02,    3.000000e-02,    3.000000e-02,    3.000000e-02,
      1014,    1.584800e+02,   -1.038237e-01,    1.506870e-01,   -1.087058e-01,   -2.276908e-02,    1.978889e-01,    3.237663e-01,    1.571194e+00,   -1.053305e-01,   -9.788700e-02,    1.604000e-01,   -6.157000e-02,   -2.592900e-02,    3.000000e-02,    3.000000e-02,    3.000000e-02,    3.000000e-02,
      1014,    2.511800e+02,   -1.417861e-01,    1.184915e-01,   -9.008733e-02,   -3.397427e-02,   -1.421313e-01,   -1.803835e-01,    1.382244e+00,    9.000525e-01,   -1.460500e-01,    1.130800e-01,   -4.862000e-02,   -6.972700e-03,    3.000000e-02,    3.000000e-02,    3.000000e-02,    3.000000e-02,
      1014,    3.981000e+02,   -1.667236e-01,    9.110692e-02,   -7.045931e-02,   -3.606620e-02,    9.118829e-03,   -8.792307e-01,    5.533435e-01,    1.808640e+00,   -1.664500e-01,    6.473000e-02,   -5.385900e-02,    1.819300e-02,    3.000000e-02,    3.000000e-02,    3.000000e-02,    3.000000e-02,
      1014,    6.309500e+02,   -1.830650e-01,    7.142201e-02,   -5.450493e-02,   -2.942126e-02,    6.618350e-01,   -1.243400e+00,   -6.049689e-01,    2.092409e+00,   -1.632100e-01,    3.412000e-02,   -7.265400e-02,    3.335100e-02,    3.000000e-02,    3.000000e-02,    3.000000e-02,    3.000000e-02,
      1014,    1.000000e+03,   -1.957610e-01,    5.894725e-02,   -4.711918e-02,   -1.934109e-02,    1.348368e+00,   -1.133375e+00,   -1.505461e+00,    1.679403e+00,   -1.553100e-01,    2.494600e-02,   -9.228300e-02,    3.104100e-02,    3.000000e-02,    3.000000e-02,    3.000000e-02,    3.000000e-02,
      1015,    1.000000e+02,   -6.006328e-02,   -1.845190e-02,   -3.938192e-02,    1.299628e-02,    5.803425e-01,   -2.336701e-01,    1.533973e-01,   -7.316493e-01,   -4.265300e-02,   -2.546200e-02,   -3.478000e-02,   -8.953200e-03,    3.000000e-02,    3.000000e-02,    3.000000e-02,    3.000000e-02,
      1015,    1.584800e+02,   -4.641443e-02,   -2.453894e-02,   -4.328112e-02,    4.675775e-03,    5.856478e-01,   -2.017353e-01,    5.274039e-01,   -3.711125e-01,   -2.884500e-02,   -3.059100e-02,   -2.745900e-02,   -6.457600e-03,    3.000000e-02,    3.000000e-02,    3.000000e-02,    3.000000e-02,
      1015,    2.511800e+02,   -3.464820e-02,   -2.668138e-02,   -4.199448e-02,   -1.185635e-03,    5.850401e-01,   -2.308873e-01,    6.195494e-01,    1.899612e-01,   -1.709700e-02,   -3.360800e-02,   -2.340800e-02,    4.513200e-03,    3.000000e-02,    3.000000e-02,    3.000000e-02,    3.000000e-02,
      1015,    3.981000e+02,   -2.428721e-02,   -2.616582e-02,   -3.984191e-02,   -4.484731e-03,   -4.999262e-01,   -4.945061e-01,    2.241969e-01,    4.610044e-01,   -3.928500e-02,   -4.100100e-02,   -3.311600e-02,    9.345400e-03,    3.000000e-02,    3.000000e-02,    3.000000e-02,    3.000000e-02,
      1015,    6.309500e+02,   -1.589203e-02,   -2.423354e-02,   -3.766697e-02,   -7.285353e-03,   -1.499399e+00,   -1.021482e+00,   -1.154768e+00,   -1.186549e-01,   -6.087400e-02,   -5.487800e-02,   -7.231000e-02,   -1.084500e-02,    3.000000e-02,    3.000000e-02,    3.000000e-02,    3.000000e-02,
      1016,    1.000000e+02,   -1.407725e-01,    5.824499e-02,   -1.565770e-02,   -2.875174e-02,    7.490831e-01,    5.346003e-01,    6.405675e-02,    9.582456e-02,   -1.183000e-01,    7.428300e-02,   -1.373600e-02,   -2.587700e-02,    3.000000e-02,    3.000000e-02,    3.000000e-02,    3.000000e-02,
      1016,    1.584800e+02,   -1.476809e-01,    2.946039e-02,   -1.240666e-03,   -3.105509e-02,    1.259363e+00,    6.677535e-01,   -1.466111e-01,    3.620030e-01,   -1.099000e-01,    4.949300e-02,   -5.639000e-03,   -2.019500e-02,    3.000000e-02,    3.000000e-02,    3.000000e-02,    3.000000e-02,
      1016,    2.511800e+02,   -1.476732e-01,    7.701372e-03,    1.106457e-02,   -2.841215e-02,    3.617746e-01,    1.086209e-01,    2.574774e-02,    4.405049e-01,   -1.368200e-01,    1.096000e-02,    1.183700e-02,   -1.519700e-02,    3.000000e-02,    3.000000e-02,    3.000000e-02,    3.000000e-02,
      1016,    3.981000e+02,   -1.431662e-01,   -1.003126e-02,    2.039255e-02,   -2.406046e-02,   -1.548460e+00,   -8.760580e-01,    1.936149e-01,    3.023485e-01,   -1.896200e-01,   -3.631300e-02,    2.620100e-02,   -1.499000e-02,    3.000000e-02,    3.000000e-02,    3.000000e-02,    3.000000e-02,
      1016,    6.309500e+02,   -1.339093e-01,   -2.479184e-02,    2.754463e-02,   -1.901594e-02,   -1.329356e+00,   -3.202386e-01,   -3.295442e-02,    1.974980e-01,   -1.737900e-01,   -3.439900e-02,    2.655600e-02,   -1.309100e-02,    3.000000e-02,    3.000000e-02,    3.000000e-02,    3.000000e-02,
      1016,    1.000000e+03,   -1.202427e-01,   -3.575403e-02,    3.252721e-02,   -1.352391e-02,   -9.502426e-01,    1.461008e-01,   -1.803069e-01,    1.145636e-01,   -1.487500e-01,   -3.137100e-02,    2.711800e-02,   -1.008700e-02,    3.000000e-02,    3.000000e-02,    3.000000e-02,    3.000000e-02,
      1017,    1.000000e+02,    1.537653e-01,   -2.125854e-02,    2.783512e-01,   -4.991390e-02,   -3.058422e-01,   -7.267485e-01,   -1.090414e-01,   -3.400698e-01,    1.445900e-01,   -4.306100e-02,    2.750800e-01,   -6.011600e-02,    3.000000e-02,    3.000000e-02,    3.000000e-02,    3.000000e-02,
      1017,    1.584800e+02,    1.593412e-01,   -1.351093e-02,    2.897476e-01,   -1.574022e-02,   -8.204070e-02,   -5.158355e-01,    1.957457e-01,   -4.710595e-01,    1.568800e-01,   -2.898600e-02,    2.956200e-01,   -2.987200e-02,    3.000000e-02,    3.000000e-02,    3.000000e-02,    3.000000e-02,
      1017,    2.511800e+02,    1.641962e-01,   -4.651801e-03,    2.880226e-01,    1.709467e-02,    1.744614e-01,   -1.987733e-01,    1.392480e-01,   -5.697325e-01,    1.694300e-01,   -1.061500e-02,    2.922000e-01,    2.689400e-06,    3.000000e-02,    3.000000e-02,    3.000000e-02,    3.000000e-02,
      1017,    3.981000e+02,    1.675861e-01,    7.260870e-03,    2.760405e-01,    4.727528e-02,    4.684646e-01,    1.451043e-01,   -5.683467e-03,   -8.574094e-01,    1.816400e-01,    1.161400e-02,    2.758700e-01,    2.155300e-02,    3.000000e-02,    3.000000e-02,    3.000000e-02,    3.000000e-02,
      1017,    6.309500e+02,    1.672039e-01,    2.382242e-02,    2.546935e-01,    7.541951e-02,    7.568687e-01,    2.990525e-01,    2.745499e-01,   -1.536250e+00,    1.899100e-01,    3.279400e-02,    2.629300e-01,    2.933200e-02,    3.000000e-02,    3.000000e-02,    3.000000e-02,    3.000000e-02,
      1017,    1.000000e+03,    1.593017e-01,    4.495145e-02,    2.231224e-01,    1.003493e-01,    6.760835e-02,    1.015851e-01,    1.683919e+00,   -2.483578e+00,    1.613300e-01,    4.799900e-02,    2.736400e-01,    2.584200e-02,    3.000000e-02,    3.000000e-02,    3.000000e-02,    3.000000e-02,
      1018,    1.000000e+02,   -1.913103e-02,   -2.869375e-02,   -8.133673e-02,    3.934368e-02,   -3.799323e-01,    1.681251e-01,    1.021624e+00,    2.324397e-02,   -3.052900e-02,   -2.365000e-02,   -5.068800e-02,    4.004100e-02,    3.000000e-02,    3.000000e-02,    3.000000e-02,    3.000000e-02,
      1018,    1.584800e+02,   -4.518273e-03,   -3.401383e-02,   -1.011610e-01,    3.493090e-02,   -4.582242e-01,    1.738610e-01,    8.305674e-01,    4.284701e-01,   -1.826500e-02,   -2.879800e-02,   -7.624400e-02,    4.778500e-02,    3.000000e-02,    3.000000e-02,    3.000000e-02,    3.000000e-02,
      1018,    2.511800e+02,    1.177557e-02,   -3.239463e-02,   -1.188751e-01,    2.002037e-02,   -5.178057e-01,    1.612543e-01,    4.111687e-01,    5.754543e-01,   -3.758600e-03,   -2.755700e-02,   -1.065400e-01,    3.728400e-02,    3.000000e-02,    3.000000e-02,    3.000000e-02,    3.000000e-02,
      1018,    3.981000e+02,    2.474868e-02,   -2.457524e-02,   -1.260349e-01,   -3.817546e-03,    2.071775e-01,    3.433745e-01,   -3.858361e-01,   -2.275151e-01,    3.096400e-02,   -1.427400e-02,   -1.376100e-01,   -1.064300e-02,    3.000000e-02,    3.000000e-02,    3.000000e-02,    3.000000e-02,
      1018,    6.309500e+02,    3.196588e-02,   -1.395087e-02,   -1.189932e-01,   -2.846337e-02,    2.485804e+00,    7.245856e-01,   -3.241561e+00,   -1.494021e+00,    1.065400e-01,    7.786700e-03,   -2.162400e-01,   -7.328400e-02,    3.000000e-02,    3.000000e-02,    3.000000e-02,    3.000000e-02,
      1018,    1.000000e+03,    3.371381e-02,   -3.521185e-03,   -1.012560e-01,   -4.704301e-02,    3.947873e+00,    5.797062e-01,   -5.005468e+00,   -2.093233e+00,    1.521500e-01,    1.387000e-02,   -2.514200e-01,   -1.098400e-01,    3.000000e-02,    3.000000e-02,    3.000000e-02,    3.000000e-02,
      1019,    3.981000e+02,   -2.641943e-01,   -3.587987e-02,    1.695084e-01,    5.270728e-03,   -8.385657e-02,   -3.823671e+00,   -2.841248e+00,    2.759757e-01,   -2.667100e-01,   -1.505900e-01,    8.427100e-02,    1.355000e-02,    3.000000e-02,    3.000000e-02,    3.000000e-02,    3.000000e-02,
      1019,    6.309500e+02,   -2.439241e-01,   -3.873361e-02,    1.629383e-01,    1.043973e-02,   -8.078620e-01,   -3.030213e+00,    1.950057e+00,   -7.875910e-01,   -2.681600e-01,   -1.296400e-01,    2.214400e-01,   -1.318800e-02,    3.000000e-02,    3.000000e-02,    3.000000e-02,    3.000000e-02,
      1020,    1.000000e+02,   -1.050066e-01,   -1.183980e-02,   -3.638147e-02,    1.139723e-02,    1.178253e+00,    9.955599e-01,    1.692490e-01,   -3.338678e-01,   -6.965900e-02,    1.802700e-02,   -3.130400e-02,    1.381200e-03,    3.000000e-02,    3.000000e-02,    3.000000e-02,    3.000000e-02,
      1020,    1.584800e+02,   -8.982688e-02,   -1.465247e-02,   -3.798564e-02,    5.562590e-03,    5.271961e-01,    1.130716e+00,    2.403547e-01,   -1.273097e-01,   -7.401100e-02,    1.926900e-02,   -3.077500e-02,    1.743300e-03,    3.000000e-02,    3.000000e-02,    3.000000e-02,    3.000000e-02,
      1020,    2.511800e+02,   -7.875854e-02,   -8.932344e-03,   -3.773107e-02,    3.195953e-03,    1.153512e-01,    8.656781e-01,    1.691691e-01,   -3.914843e-02,   -7.529800e-02,    1.703800e-02,   -3.265600e-02,    2.021500e-03,    3.000000e-02,    3.000000e-02,    3.000000e-02,    3.000000e-02,
      1020,    3.981000e+02,   -7.399351e-02,    1.888195e-03,   -3.874552e-02,    1.875076e-03,   -1.308498e-01,    3.928268e-01,    1.476172e-01,   -7.527555e-02,   -7.791900e-02,    1.367300e-02,   -3.431700e-02,   -3.831900e-04,    3.000000e-02,    3.000000e-02,    3.000000e-02,    3.000000e-02,
      1020,    6.309500e+02,   -7.643965e-02,    1.359779e-02,   -4.043725e-02,   -5.951524e-04,   -5.721117e-01,   -1.929329e-01,    2.294750e-01,   -2.533016e-01,   -9.360300e-02,    7.809800e-03,   -3.355300e-02,   -8.194200e-03,    3.000000e-02,    3.000000e-02,    3.000000e-02,    3.000000e-02,
      1020,    1.000000e+03,   -8.391419e-02,    2.278947e-02,   -4.167533e-02,   -4.851971e-03,   -1.149527e+00,   -8.084023e-01,    3.110443e-01,   -5.231343e-01,   -1.184000e-01,   -1.462600e-03,   -3.234400e-02,   -2.054600e-02,    3.000000e-02,    3.000000e-02,    3.000000e-02,    3.000000e-02,
      1021,    1.000000e+02,    1.082887e-01,    1.721094e-02,   -3.240110e-02,    2.101972e-02,    1.073756e-01,    3.098302e+00,   -3.788967e-01,    2.395426e-01,    1.115100e-01,    1.101600e-01,   -4.376800e-02,    2.820600e-02,    3.000000e-02,    3.000000e-02,    3.000000e-02,    3.000000e-02,
      1021,    1.584800e+02,    1.019657e-01,    1.896745e-02,   -3.850005e-02,    1.733004e-02,    5.081003e-02,    2.037185e+00,   -1.559318e-01,    3.232652e-01,    1.034900e-01,    8.008300e-02,   -4.317800e-02,    2.702800e-02,    3.000000e-02,    3.000000e-02,    3.000000e-02,    3.000000e-02,
      1021,    2.511800e+02,    9.496658e-02,    1.998916e-02,   -4.308512e-02,    1.359486e-02,   -1.388194e-01,    4.166947e-01,    2.800399e-02,    3.856715e-01,    9.080200e-02,    3.249000e-02,   -4.224500e-02,    2.516500e-02,    3.000000e-02,    3.000000e-02,    3.000000e-02,    3.000000e-02,
      1021,    3.981000e+02,    8.743737e-02,    1.960551e-02,   -4.634971e-02,    9.927794e-03,   -1.432122e-01,   -1.486784e+00,    1.660571e-01,    4.266402e-01,    8.314100e-02,   -2.499800e-02,   -4.136800e-02,    2.272700e-02,    3.000000e-02,    3.000000e-02,    3.000000e-02,    3.000000e-02,
      1021,    6.309500e+02,    8.024851e-02,    1.758103e-02,   -4.842012e-02,    6.624565e-03,    1.575716e+00,   -1.252368e+00,    1.982041e-01,    5.132478e-01,    1.275200e-01,   -1.999000e-02,   -4.247400e-02,    2.202200e-02,    3.000000e-02,    3.000000e-02,    3.000000e-02,    3.000000e-02,
      1021,    1.000000e+03,    7.376540e-02,    1.415983e-02,   -4.965712e-02,    3.570872e-03,    2.299487e+00,   -4.273210e-01,    2.994041e-01,    6.621043e-01,    1.427500e-01,    1.340200e-03,   -4.067500e-02,    2.343400e-02,    3.000000e-02,    3.000000e-02,    3.000000e-02,    3.000000e-02,
      1022,    1.000000e+02,   -4.076143e-03,    2.159216e-02,    5.719298e-02,    1.595056e-02,   -4.841286e-01,   -3.502053e-01,   -3.659917e-02,   -4.420219e-01,   -1.860000e-02,    1.108600e-02,    5.609500e-02,    2.689900e-03,    3.000000e-02,    3.000000e-02,    3.000000e-02,    3.000000e-02,
      1022,    1.584800e+02,    1.630425e-03,   -4.627956e-03,    4.640594e-02,    6.417167e-03,   -3.907808e-01,   -3.938015e-01,    3.240355e-01,   -2.485222e-01,   -1.009300e-02,   -1.644200e-02,    5.612700e-02,   -1.038500e-03,    3.000000e-02,    3.000000e-02,    3.000000e-02,    3.000000e-02,
      1022,    2.511800e+02,    1.393354e-02,   -1.876043e-02,    4.687661e-02,   -5.846722e-03,    1.489821e-01,   -5.062857e-01,    2.385798e-01,    1.540807e-01,    1.840300e-02,   -3.394900e-02,    5.403400e-02,   -1.224300e-03,    3.000000e-02,    3.000000e-02,    3.000000e-02,    3.000000e-02,
      1022,    3.981000e+02,    2.563113e-02,   -2.646044e-02,    5.321047e-02,   -1.346922e-02,    8.211624e-01,    2.214779e-03,   -1.379155e-01,    5.146406e-01,    5.026600e-02,   -2.639400e-02,    4.907300e-02,    1.970000e-03,    3.000000e-02,    3.000000e-02,    3.000000e-02,    3.000000e-02,
      1022,    6.309500e+02,    3.775172e-02,   -3.152925e-02,    6.102995e-02,   -1.740566e-02,    6.742092e-01,    1.226228e+00,   -5.310649e-01,    7.843587e-01,    5.797800e-02,    5.257600e-03,    4.509800e-02,    6.125100e-03,    3.000000e-02,    3.000000e-02,    3.000000e-02,    3.000000e-02,
      1022,    1.000000e+03,    5.055467e-02,   -3.372920e-02,    6.962725e-02,   -1.839365e-02,   -5.346888e-01,    4.597067e-01,   -6.226416e-01,    8.916585e-01,    3.451400e-02,   -1.993800e-02,    5.094800e-02,    8.356100e-03,    3.000000e-02,    3.000000e-02,    3.000000e-02,    3.000000e-02,
      1023,    1.000000e+02,    6.631955e-02,   -3.658744e-03,   -8.405900e-02,    4.415496e-02,   -6.100182e-01,   -2.273752e-01,   -3.302667e-01,   -6.451988e-01,    4.801900e-02,   -1.048000e-02,   -9.396700e-02,    2.479900e-02,    3.000000e-02,    3.000000e-02,    3.000000e-02,    3.000000e-02,
      1023,    1.584800e+02,    7.099399e-02,   -1.020568e-02,   -1.034447e-01,    3.390435e-02,   -5.132662e-01,   -3.174773e-01,   -4.108423e-01,   -5.940785e-01,    5.559600e-02,   -1.973000e-02,   -1.157700e-01,    1.608200e-02,    3.000000e-02,    3.000000e-02,    3.000000e-02,    3.000000e-02,
      1023,    2.511800e+02,    7.962602e-02,   -1.161480e-02,   -1.133852e-01,    1.924261e-02,   -3.667675e-01,   -6.901066e-01,   -1.101828e+00,   -5.656771e-01,    6.862300e-02,   -3.231800e-02,   -1.464400e-01,    2.272300e-03,    3.000000e-02,    3.000000e-02,    3.000000e-02,    3.000000e-02,
      1023,    3.981000e+02,    8.673286e-02,   -6.942651e-03,   -1.149607e-01,    6.033376e-03,    2.740713e-01,   -1.027512e+00,   -1.740644e+00,   -8.204459e-01,    9.495500e-02,   -3.776800e-02,   -1.671800e-01,   -1.858000e-02,    3.000000e-02,    3.000000e-02,    3.000000e-02,    3.000000e-02,
      1023,    6.309500e+02,    8.934204e-02,    8.622517e-04,   -1.117592e-01,   -3.230011e-03,    1.573932e+00,   -6.999751e-01,   -1.100695e+00,   -1.297300e+00,    1.365600e-01,   -2.013700e-02,   -1.447800e-01,   -4.214900e-02,    3.000000e-02,    3.000000e-02,    3.000000e-02,    3.000000e-02,
      1023,    1.000000e+03,    8.684804e-02,    8.963555e-03,   -1.063595e-01,   -8.793613e-03,    2.518732e+00,   -4.245185e-01,   -4.140163e-01,   -1.477480e+00,    1.624100e-01,   -3.772000e-03,   -1.187800e-01,   -5.311800e-02,    3.000000e-02,    3.000000e-02,    3.000000e-02,    3.000000e-02,
      1024,    1.000000e+02,   -3.405643e-02,    5.767138e-02,    1.251829e-01,    6.105963e-03,   -8.409856e-01,    5.223207e-01,    1.356902e+00,   -1.016465e+00,   -5.928600e-02,    7.334100e-02,    1.658900e-01,   -2.438800e-02,    3.000000e-02,    3.000000e-02,    3.000000e-02,    3.000000e-02,
      1024,    1.584800e+02,   -5.065073e-02,    5.033633e-02,    1.257306e-01,    1.625097e-02,   -4.216755e-01,    6.101557e-01,    1.085981e+00,   -8.284990e-01,   -6.330100e-02,    6.864100e-02,    1.583100e-01,   -8.604000e-03,    3.000000e-02,    3.000000e-02,    3.000000e-02,    3.000000e-02,
      1024,    2.511800e+02,   -6.494022e-02,    4.187633e-02,    1.198814e-01,    2.947387e-02,   -3.266925e-01,    7.657557e-01,    1.054954e+00,   -1.268359e+00,   -7.474100e-02,    6.484900e-02,    1.515300e-01,   -8.576900e-03,    3.000000e-02,    3.000000e-02,    3.000000e-02,    3.000000e-02,
      1024,    3.981000e+02,   -7.663731e-02,    3.276329e-02,    1.065118e-01,    4.196320e-02,   -5.919563e-01,    8.968237e-01,    1.424942e+00,   -2.094773e+00,   -9.439600e-02,    5.966800e-02,    1.492600e-01,   -2.088000e-02,    3.000000e-02,    3.000000e-02,    3.000000e-02,    3.000000e-02,
      1024,    6.309500e+02,   -8.546299e-02,    2.267372e-02,    8.656996e-02,    4.998071e-02,   -8.805671e-01,    1.148043e+00,    2.588335e+00,   -3.116790e+00,   -1.118800e-01,    5.711500e-02,    1.642200e-01,   -4.352300e-02,    3.000000e-02,    3.000000e-02,    3.000000e-02,    3.000000e-02,
      1025,    3.981000e+02,    2.296719e-02,    4.479157e-02,    4.162478e-02,   -3.207694e-02,    3.798602e-01,   -2.061719e+00,    1.724507e+00,    1.069175e+00,    3.436300e-02,   -1.706000e-02,    9.336000e-02,   -1.695700e-06,    3.000000e-02,    3.000000e-02,    3.000000e-02,    3.000000e-02,
      1025,    6.309500e+02,    8.117844e-03,    4.379578e-02,    3.687236e-02,   -6.384930e-03,    7.550052e-01,   -1.928859e+00,    1.714355e+00,    1.869503e-01,    3.076800e-02,   -1.407000e-02,    8.830300e-02,   -7.764200e-04,    3.000000e-02,    3.000000e-02,    3.000000e-02,    3.000000e-02,
      1025,    1.000000e+03,   -5.285242e-03,    4.162305e-02,    2.507883e-02,    5.015236e-03,    1.326508e+00,   -1.684758e+00,    2.166106e+00,   -8.213745e-01,    3.451000e-02,   -8.919700e-03,    9.006200e-02,   -1.962600e-02,    3.000000e-02,    3.000000e-02,    3.000000e-02,    3.000000e-02,
      1026,    1.000000e+02,    4.393615e-03,   -3.774808e-03,    7.302928e-02,   -3.435302e-02,    9.567462e-01,    3.364369e-01,   -5.061428e-01,    7.956340e-01,    3.309600e-02,    6.318300e-03,    5.784500e-02,   -1.048400e-02,    3.000000e-02,    3.000000e-02,    3.000000e-02,    3.000000e-02,
      1026,    1.584800e+02,    1.103961e-02,   -9.511192e-03,    7.560357e-02,   -1.386811e-03,    9.089463e-01,    3.460331e-01,   -6.331907e-02,    1.368770e-01,    3.830800e-02,    8.698000e-04,    7.370400e-02,    2.719500e-03,    3.000000e-02,    3.000000e-02,    3.000000e-02,    3.000000e-02,
      1026,    2.511800e+02,    1.747134e-02,   -1.296453e-02,    6.177474e-02,    1.821114e-02,    6.537887e-01,    4.773178e-01,   -1.234912e-01,    7.252867e-02,    3.708500e-02,    1.355000e-03,    5.807000e-02,    2.038700e-02,    3.000000e-02,    3.000000e-02,    3.000000e-02,    3.000000e-02,
      1026,    3.981000e+02,    2.370655e-02,   -1.394546e-02,    4.744634e-02,    2.534781e-02,    1.910483e-01,    3.501086e-01,   -3.131448e-01,   -1.517269e-01,    2.943800e-02,   -3.442200e-03,    3.805200e-02,    2.079600e-02,    3.000000e-02,    3.000000e-02,    3.000000e-02,    3.000000e-02,
      1026,    6.309500e+02,    2.869267e-02,   -1.365677e-02,    3.549663e-02,    2.834624e-02,   -2.304224e-01,    8.505900e-02,    9.011228e-02,   -6.499980e-01,    2.178000e-02,   -1.110500e-02,    3.820000e-02,    8.846300e-03,    3.000000e-02,    3.000000e-02,    3.000000e-02,    3.000000e-02,
      1026,    1.000000e+03,    3.281188e-02,   -1.325775e-02,    2.400793e-02,    2.895448e-02,   -6.676960e-01,   -1.053417e-01,   -1.709644e-01,   -1.089713e+00,    1.278100e-02,   -1.641800e-02,    1.887900e-02,   -3.736900e-03,    3.000000e-02,    3.000000e-02,    3.000000e-02,    3.000000e-02,
      1027,    1.000000e+02,   -6.505103e-02,    9.119316e-02,   -1.063711e-01,    6.605051e-02,    1.255968e+00,    1.264279e-01,   -1.007631e+00,   -2.661504e-01,   -2.737200e-02,    9.498600e-02,   -1.366000e-01,    5.806600e-02,    3.000000e-02,    3.000000e-02,    3.000000e-02,    3.000000e-02,
      1027,    1.584800e+02,   -8.961493e-02,    7.895776e-02,   -1.239049e-01,    4.090939e-02,    8.356644e-01,    3.750414e-01,   -7.425038e-01,   -8.011462e-01,   -6.454500e-02,    9.020900e-02,   -1.461800e-01,    1.687500e-02,    3.000000e-02,    3.000000e-02,    3.000000e-02,    3.000000e-02,
      1027,    2.511800e+02,   -1.106194e-01,    6.966003e-02,   -1.329999e-01,    1.301653e-02,    4.492453e-01,    2.850655e-01,   -1.000033e-01,   -1.001351e+00,   -9.714200e-02,    7.821200e-02,   -1.360000e-01,   -1.702400e-02,    3.000000e-02,    3.000000e-02,    3.000000e-02,    3.000000e-02,
      1027,    3.981000e+02,   -1.309800e-01,    6.060269e-02,   -1.302493e-01,   -1.525472e-02,    2.553348e-01,   -1.805228e-01,    5.303117e-01,   -6.164761e-01,   -1.233200e-01,    5.518700e-02,   -1.143400e-01,   -3.374900e-02,    3.000000e-02,    3.000000e-02,    3.000000e-02,    3.000000e-02,
      1027,    6.309500e+02,   -1.493309e-01,    4.898435e-02,   -1.164884e-01,   -3.896673e-02,    4.993625e-01,   -7.156117e-01,    7.152794e-01,    3.932427e-02,   -1.343500e-01,    2.751600e-02,   -9.503000e-02,   -3.778700e-02,    3.000000e-02,    3.000000e-02,    3.000000e-02,    3.000000e-02,
      1027,    1.000000e+03,   -1.628978e-01,    3.481891e-02,   -9.584542e-02,   -5.594720e-02,    1.015594e+00,   -9.916902e-01,    4.690806e-01,    4.241399e-01,   -1.324300e-01,    5.068200e-03,   -8.177300e-02,   -4.322300e-02,    3.000000e-02,    3.000000e-02,    3.000000e-02,    3.000000e-02,
      1028,    1.000000e+02,   -4.654543e-02,    3.502880e-02,   -1.232296e-01,    4.329108e-02,    8.660809e-01,    1.895066e-01,   -5.703480e-01,    3.299308e-01,   -2.056300e-02,    4.071400e-02,   -1.403400e-01,    5.318900e-02,    3.000000e-02,    3.000000e-02,    3.000000e-02,    3.000000e-02,
      1028,    1.584800e+02,   -5.143225e-02,    1.868336e-02,   -1.326187e-01,    2.732365e-02,    5.034750e-01,    5.657879e-01,   -5.237113e-01,    1.007783e-01,   -3.632800e-02,    3.565700e-02,   -1.483300e-01,    3.034700e-02,    3.000000e-02,    3.000000e-02,    3.000000e-02,    3.000000e-02,
      1028,    2.511800e+02,   -4.983684e-02,    7.993646e-03,   -1.375050e-01,    1.124439e-02,   -7.350527e-02,    6.227451e-01,   -1.141651e-01,    1.619870e-01,   -5.204200e-02,    2.667600e-02,   -1.409300e-01,    1.610400e-02,    3.000000e-02,    3.000000e-02,    3.000000e-02,    3.000000e-02,
      1028,    3.981000e+02,   -4.557242e-02,    2.948788e-03,   -1.368805e-01,   -3.709109e-03,   -5.118528e-01,    1.991404e-01,    1.868339e-02,    4.333470e-01,   -6.092800e-02,    8.923000e-03,   -1.363200e-01,    9.291300e-03,    3.000000e-02,    3.000000e-02,    3.000000e-02,    3.000000e-02,
      1028,    6.309500e+02,   -4.033489e-02,    3.361497e-03,   -1.323085e-01,   -1.651211e-02,   -6.806704e-01,   -6.798832e-01,   -1.357168e-01,    1.180604e+00,   -6.075500e-02,   -1.703500e-02,   -1.363800e-01,    1.890600e-02,    3.000000e-02,    3.000000e-02,    3.000000e-02,    3.000000e-02,
      1028,    1.000000e+03,   -3.646367e-02,    1.003801e-02,   -1.251898e-01,   -2.839706e-02,   -4.263445e-01,   -1.286800e+00,   -6.620078e-01,    2.098235e+00,   -4.925400e-02,   -2.856600e-02,   -1.450500e-01,    3.455000e-02,    3.000000e-02,    3.000000e-02,    3.000000e-02,    3.000000e-02,
      1029,    1.000000e+02,   -2.738194e-02,    3.311304e-02,   -3.985175e-03,   -1.748417e-02,   -3.534021e-01,   -1.430068e+00,   -7.323608e-01,   -7.049277e-01,   -3.798400e-02,   -9.789000e-03,   -2.595600e-02,   -3.863200e-02,    3.000000e-02,    3.000000e-02,    3.000000e-02,    3.000000e-02,
      1029,    1.584800e+02,   -3.952579e-02,    2.456407e-02,   -3.535373e-03,   -2.866906e-02,    3.607262e-01,   -1.024616e+00,   -2.926209e-01,   -3.177978e-01,   -2.870400e-02,   -6.174400e-03,   -1.231400e-02,   -3.820300e-02,    3.000000e-02,    3.000000e-02,    3.000000e-02,    3.000000e-02,
      1029,    2.511800e+02,   -4.659923e-02,    1.254998e-02,    4.889646e-03,   -4.707607e-02,    7.329076e-01,   -4.360027e-01,   -1.074715e-01,    3.218024e-01,   -2.461200e-02,   -5.301000e-04,    1.665500e-03,   -3.742200e-02,    3.000000e-02,    3.000000e-02,    3.000000e-02,    3.000000e-02,
      1029,    3.981000e+02,   -4.708367e-02,    1.507725e-04,    2.624282e-02,   -6.530302e-02,    8.261224e-01,    7.349092e-02,   -3.100272e-01,    9.133006e-01,   -2.230000e-02,    2.355500e-03,    1.694200e-02,   -3.790400e-02,    3.000000e-02,    3.000000e-02,    3.000000e-02,    3.000000e-02,
      1029,    6.309500e+02,   -4.135031e-02,   -9.552622e-03,    5.699381e-02,   -7.357034e-02,    6.882771e-01,    4.646474e-01,   -7.897270e-01,    1.272445e+00,   -2.070200e-02,    4.386800e-03,    3.330200e-02,   -3.539700e-02,    3.000000e-02,    3.000000e-02,    3.000000e-02,    3.000000e-02,
      1029,    1.000000e+03,   -3.132221e-02,   -1.314683e-02,    8.598256e-02,   -6.971621e-02,   -2.829930e-01,    7.358709e-01,   -1.410819e+00,    1.292907e+00,   -3.981200e-02,    8.929300e-03,    4.365800e-02,   -3.092900e-02,    3.000000e-02,    3.000000e-02,    3.000000e-02,    3.000000e-02,
      1030,    1.000000e+02,   -1.055314e-01,   -2.591195e-02,    1.367859e-01,   -1.061942e-03,    7.232472e-01,    1.645198e+00,   -1.525395e+00,    1.522514e-01,   -8.383400e-02,    2.344400e-02,    9.102400e-02,    3.505600e-03,    3.000000e-02,    3.000000e-02,    3.000000e-02,    3.000000e-02,
      1030,    1.584800e+02,   -8.301219e-02,   -2.653634e-02,    1.209509e-01,    1.374541e-02,    5.563971e-02,    1.219345e+00,   -1.247330e+00,   -4.555962e-01,   -8.134300e-02,    1.004400e-02,    8.353100e-02,    7.752300e-05,    3.000000e-02,    3.000000e-02,    3.000000e-02,    3.000000e-02,
      1030,    2.511800e+02,   -6.958822e-02,   -1.623174e-02,    1.060420e-01,    1.183887e-02,   -1.897927e-01,    7.149012e-01,   -7.966333e-01,   -7.329955e-01,   -7.528200e-02,    5.215300e-03,    8.214300e-02,   -1.015100e-02,    3.000000e-02,    3.000000e-02,    3.000000e-02,    3.000000e-02,
      1030,    3.981000e+02,   -6.537884e-02,   -4.368207e-03,    9.988890e-02,    3.089901e-03,   -2.667719e-01,    3.621469e-01,   -4.089968e-01,   -8.320300e-01,   -7.338200e-02,    6.496200e-03,    8.761900e-02,   -2.187100e-02,    3.000000e-02,    3.000000e-02,    3.000000e-02,    3.000000e-02,
      1030,    6.309500e+02,   -6.640616e-02,    5.779396e-03,    1.006929e-01,   -5.548616e-03,   -3.374947e-01,    1.204268e-01,   -1.572287e-01,   -7.494795e-01,   -7.653100e-02,    9.392200e-03,    9.597600e-02,   -2.803300e-02,    3.000000e-02,    3.000000e-02,    3.000000e-02,    3.000000e-02,
      1030,    1.000000e+03,   -7.028705e-02,    1.402924e-02,    1.058167e-01,   -1.177570e-02,   -2.678984e-01,   -8.934124e-02,    3.977724e-02,   -5.280099e-01,   -7.832400e-02,    1.134900e-02,    1.070100e-01,   -2.761600e-02,    3.000000e-02,    3.000000e-02,    3.000000e-02,    3.000000e-02,
      1031,    1.000000e+02,   -4.745292e-02,    3.149179e-02,    3.629233e-02,   -2.051537e-02,    4.625306e-01,   -1.240930e-01,   -6.026109e-01,    9.392492e-01,   -3.357700e-02,    2.776900e-02,    1.821400e-02,    7.662100e-03,    3.000000e-02,    3.000000e-02,    3.000000e-02,    3.000000e-02,
      1031,    1.584800e+02,   -5.350804e-02,    1.272563e-02,    4.090678e-02,   -2.061496e-02,    1.056101e+00,   -2.378754e-02,   -3.638260e-01,    3.831553e-01,   -2.182500e-02,    1.201200e-02,    2.999200e-02,   -9.120300e-03,    3.000000e-02,    3.000000e-02,    3.000000e-02,    3.000000e-02,
      1031,    2.511800e+02,   -4.861677e-02,   -2.267817e-03,    4.657384e-02,   -2.240558e-02,    1.307536e+00,   -1.093661e-01,   -2.496131e-02,   -1.413141e-01,   -9.390700e-03,   -5.548800e-03,    4.582500e-02,   -2.664500e-02,    3.000000e-02,    3.000000e-02,    3.000000e-02,    3.000000e-02,
      1031,    3.981000e+02,   -3.840034e-02,   -7.838427e-03,    5.371768e-02,   -2.422172e-02,    7.092113e-01,    2.431722e-01,    1.562441e-01,    3.338906e-01,   -1.712400e-02,   -5.432600e-04,    5.840500e-02,   -1.420500e-02,    3.000000e-02,    3.000000e-02,    3.000000e-02,    3.000000e-02,
      1031,    6.309500e+02,   -3.011588e-02,   -4.727855e-03,    6.166826e-02,   -2.538447e-02,    2.536256e-02,    4.033852e-01,    5.543912e-01,    1.028466e+00,   -2.935500e-02,    7.373700e-03,    7.830000e-02,    5.469500e-03,    3.000000e-02,    3.000000e-02,    3.000000e-02,    3.000000e-02,
      1031,    1.000000e+03,   -2.734372e-02,    2.537779e-03,    7.006716e-02,   -2.597643e-02,   -7.118094e-01,    5.785407e-01,    1.323095e+00,    2.085314e+00,   -4.869800e-02,    1.989400e-02,    1.097600e-01,    3.658300e-02,    3.000000e-02,    3.000000e-02,    3.000000e-02,    3.000000e-02,
      1032,    1.000000e+02,    2.980320e-02,    7.717702e-02,    2.711560e-02,   -6.234337e-03,   -1.876440e+00,    1.816612e-02,    3.937800e-01,   -2.902389e+00,   -2.649000e-02,    7.772200e-02,    3.892900e-02,   -9.330600e-02,    3.000000e-02,    3.000000e-02,    3.000000e-02,    3.000000e-02,
      1032,    1.584800e+02,    3.876487e-03,    6.220192e-02,    2.585826e-02,    9.209652e-03,   -1.607956e-02,    1.221036e+00,   -1.269642e+00,   -2.040755e+00,    3.394100e-03,    9.883300e-02,   -1.223100e-02,   -5.201300e-02,    3.000000e-02,    3.000000e-02,    3.000000e-02,    3.000000e-02,
      1032,    2.511800e+02,   -1.547821e-02,    4.133313e-02,    1.557635e-02,    1.795275e-02,   -2.172860e+00,   -1.795042e-01,   -1.305878e+00,   -1.560025e+00,   -8.066400e-02,    3.594800e-02,   -2.360000e-02,   -2.884800e-02,    3.000000e-02,    3.000000e-02,    3.000000e-02,    3.000000e-02,
      1032,    3.981000e+02,   -2.318866e-02,    1.739504e-02,    6.175215e-03,    1.887891e-02,   -1.645645e+00,   -4.853046e-01,   -8.425405e-01,   -4.311104e-01,   -7.255800e-02,    2.835900e-03,   -1.910100e-02,    5.945600e-03,    3.000000e-02,    3.000000e-02,    3.000000e-02,    3.000000e-02,
      1032,    6.309500e+02,   -1.941287e-02,   -1.194454e-03,    5.210746e-04,    1.897994e-02,   -1.289771e+00,   -3.816182e-01,   -8.945692e-01,    5.126864e-02,   -5.810600e-02,   -1.264300e-02,   -2.631600e-02,    2.051800e-02,    3.000000e-02,    3.000000e-02,    3.000000e-02,    3.000000e-02,
      1032,    1.000000e+03,   -1.245591e-02,   -1.214280e-02,   -5.210586e-03,    2.073113e-02,   -1.764870e+00,   -6.034013e-02,   -1.079447e+00,    6.397623e-01,   -6.540200e-02,   -1.395300e-02,   -3.759400e-02,    3.992400e-02,    3.000000e-02,    3.000000e-02,    3.000000e-02,    3.000000e-02,
      1033,    1.000000e+02,   -7.662563e-02,   -7.281888e-03,   -7.618021e-02,   -1.519381e-02,    1.053877e-01,   -4.647704e-01,   -4.822264e-01,    4.042697e-02,   -7.346400e-02,   -2.122500e-02,   -9.064700e-02,   -1.398100e-02,    3.000000e-02,    3.000000e-02,    3.000000e-02,    3.000000e-02,
      1033,    1.584800e+02,   -7.699543e-02,   -1.767327e-03,   -7.045964e-02,   -1.655610e-02,    2.565142e-01,   -1.073691e-01,   -4.890453e-01,   -4.439659e-02,   -6.930000e-02,   -4.988400e-03,   -8.513100e-02,   -1.788800e-02,    3.000000e-02,    3.000000e-02,    3.000000e-02,    3.000000e-02,
      1033,    2.511800e+02,   -7.768143e-02,    2.404651e-03,   -6.552691e-02,   -1.794308e-02,    1.549144e-01,    1.163050e-01,   -2.357364e-01,   -1.372308e-01,   -7.303400e-02,    5.893800e-03,   -7.259900e-02,   -2.206000e-02,    3.000000e-02,    3.000000e-02,    3.000000e-02,    3.000000e-02,
      1033,    3.981000e+02,   -7.815172e-02,    6.501525e-03,   -6.074000e-02,   -2.006128e-02,   -1.507616e-02,    1.437158e-01,   -4.106675e-02,   -7.072390e-02,   -7.860400e-02,    1.081300e-02,   -6.197200e-02,   -2.218300e-02,    3.000000e-02,    3.000000e-02,    3.000000e-02,    3.000000e-02,
      1033,    6.309500e+02,   -7.853096e-02,    1.204902e-02,   -5.511426e-02,   -2.337468e-02,    3.525988e-01,    1.007995e-01,    1.170422e-01,    6.488895e-01,   -6.795300e-02,    1.507300e-02,   -5.160300e-02,   -3.908000e-03,    3.000000e-02,    3.000000e-02,    3.000000e-02,    3.000000e-02,
      1034,    1.000000e+02,   -1.115235e-01,   -1.261478e-01,   -1.657383e-01,   -1.240494e-01,   -9.955151e-02,   -1.259407e+00,   -8.470573e-01,   -1.000019e+00,   -1.145100e-01,   -1.639300e-01,   -1.911500e-01,   -1.540500e-01,    3.000000e-02,    3.000000e-02,    3.000000e-02,    3.000000e-02,
      1034,    1.584800e+02,   -5.929810e-02,   -1.216747e-01,   -1.056238e-01,   -1.396871e-01,    5.325033e-01,   -9.031750e-01,   -4.622065e-01,   -1.252431e+00,   -4.332300e-02,   -1.487700e-01,   -1.194900e-01,   -1.772600e-01,    3.000000e-02,    3.000000e-02,    3.000000e-02,    3.000000e-02,
      1034,    2.511800e+02,   -1.667711e-02,   -1.067825e-01,   -4.840849e-02,   -1.369339e-01,    9.436370e-01,   -2.479181e-01,   -1.273837e-01,   -1.128871e+00,    1.163200e-02,   -1.142200e-01,   -5.223000e-02,   -1.708000e-01,    3.000000e-02,    3.000000e-02,    3.000000e-02,    3.000000e-02,
      1034,    3.981000e+02,    1.588132e-02,   -8.740888e-02,    2.235222e-04,   -1.223310e-01,    8.896560e-01,    5.602293e-01,    2.962726e-01,   -6.316317e-01,    4.257100e-02,   -7.060200e-02,    9.111700e-03,   -1.412800e-01,    3.000000e-02,    3.000000e-02,    3.000000e-02,    3.000000e-02,
      1034,    6.309500e+02,    3.967133e-02,   -6.701174e-02,    3.885955e-02,   -1.015064e-01,    1.570557e-01,    6.681580e-01,    4.822149e-01,   -2.887870e-01,    4.438300e-02,   -4.696700e-02,    5.332600e-02,   -1.101700e-01,    3.000000e-02,    3.000000e-02,    3.000000e-02,    3.000000e-02,
      1034,    1.000000e+03,    5.599925e-02,   -4.667090e-02,    6.731129e-02,   -7.764119e-02,   -1.314708e+00,    6.291635e-01,   -3.062763e-01,    2.128730e-01,    1.655800e-02,   -2.779600e-02,    5.812300e-02,   -7.125500e-02,    3.000000e-02,    3.000000e-02,    3.000000e-02,    3.000000e-02,
      1035,    1.000000e+02,   -6.303794e-02,   -2.553016e-02,    1.500321e-01,    7.429484e-02,    6.379314e-01,    2.778388e-01,    7.689297e-01,   -1.918961e+00,   -4.390000e-02,   -1.719500e-02,    1.731000e-01,    1.672600e-02,    3.000000e-02,    3.000000e-02,    3.000000e-02,    3.000000e-02,
      1035,    1.584800e+02,   -4.928732e-02,   -3.953778e-02,    1.105833e-01,    8.881878e-02,    5.302775e-01,    6.862610e-02,    1.842555e+00,   -9.470926e-01,   -3.337900e-02,   -3.747900e-02,    1.658600e-01,    6.040600e-02,    3.000000e-02,    3.000000e-02,    3.000000e-02,    3.000000e-02,
      1035,    6.309500e+02,    1.233500e-02,   -4.971882e-02,    1.122617e-02,    7.295410e-02,    2.230999e-01,    4.998272e-01,    1.154961e+00,    3.140530e+00,    1.902800e-02,   -3.472400e-02,    4.587500e-02,    1.671700e-01,    3.000000e-02,    3.000000e-02,    3.000000e-02,    3.000000e-02,
      1036,    1.000000e+02,   -6.682439e-02,    1.341669e-01,    1.856977e-01,    4.387780e-02,   -6.604854e+00,    2.338102e+00,    5.800753e-01,   -4.505986e-02,   -2.649700e-01,    2.043100e-01,    2.031000e-01,    4.252600e-02,    3.000000e-02,    3.000000e-02,    3.000000e-02,    3.000000e-02,
      1036,    1.584800e+02,   -9.656214e-02,    9.701724e-02,    1.626355e-01,    5.163748e-02,   -3.250929e+00,    2.694252e-01,    1.840151e+00,   -1.055827e-01,   -1.940900e-01,    1.051000e-01,    2.178400e-01,    4.847000e-02,    3.000000e-02,    3.000000e-02,    3.000000e-02,    3.000000e-02,
      1036,    2.511800e+02,   -1.107648e-01,    7.104375e-02,    1.401977e-01,    5.005142e-02,    1.701608e-01,   -7.721916e-01,    2.822744e+00,    8.072526e-01,   -1.056600e-01,    4.787800e-02,    2.248800e-01,    7.426900e-02,    3.000000e-02,    3.000000e-02,    3.000000e-02,    3.000000e-02,
      1036,    3.981000e+02,   -1.211985e-01,    5.699167e-02,    1.221652e-01,    4.353846e-02,    1.403649e+00,   -7.444891e-01,    3.190828e+00,    1.594985e+00,   -7.908900e-02,    3.465700e-02,    2.178900e-01,    9.138800e-02,    3.000000e-02,    3.000000e-02,    3.000000e-02,    3.000000e-02,
      1036,    6.309500e+02,   -1.323490e-01,    4.779207e-02,    1.075776e-01,    3.517361e-02,    1.979402e+00,    2.455643e-01,    3.334747e+00,    9.371129e-01,   -7.296700e-02,    5.515900e-02,    2.076200e-01,    6.328700e-02,    3.000000e-02,    3.000000e-02,    3.000000e-02,    3.000000e-02,
      1036,    1.000000e+03,   -1.422540e-01,    4.050612e-02,    9.500975e-02,    2.469789e-02,    2.267132e+00,    4.537960e-01,    3.346342e+00,    1.342337e+00,   -7.424000e-02,    5.412000e-02,    1.954000e-01,    6.496800e-02,    3.000000e-02,    3.000000e-02,    3.000000e-02,    3.000000e-02,
      1037,    1.000000e+02,   -5.333681e-02,    4.237836e-02,   -2.590615e-01,   -7.206569e-02,    7.091602e-01,   -2.520979e+00,    1.039383e+00,   -3.817477e+00,   -3.206200e-02,   -3.325100e-02,   -2.278800e-01,   -1.865900e-01,    3.000000e-02,    3.000000e-02,    3.000000e-02,    3.000000e-02,
      1037,    1.584800e+02,   -5.198270e-02,    1.803748e-02,   -2.088827e-01,   -8.997094e-02,    1.689780e+00,   -1.421516e+00,    1.105423e+00,   -9.589686e-01,   -1.289300e-03,   -2.460800e-02,   -1.757200e-01,   -1.187400e-01,    3.000000e-02,    3.000000e-02,    3.000000e-02,    3.000000e-02,
      1037,    2.511800e+02,   -4.316965e-02,    6.448267e-03,   -1.644316e-01,   -7.784920e-02,    2.128955e+00,   -6.581556e-02,    3.903872e-01,    5.460065e-01,    2.069900e-02,    4.473800e-03,   -1.527200e-01,   -6.146900e-02,    3.000000e-02,    3.000000e-02,    3.000000e-02,    3.000000e-02,
      1037,    3.981000e+02,   -3.462900e-02,    7.848608e-03,   -1.452398e-01,   -5.584073e-02,    1.503700e+00,    9.737464e-01,   -7.566743e-01,    4.905576e-01,    1.048200e-02,    3.706100e-02,   -1.679400e-01,   -4.112400e-02,    3.000000e-02,    3.000000e-02,    3.000000e-02,    3.000000e-02,
      1037,    6.309500e+02,   -3.438465e-02,    1.687169e-02,   -1.396213e-01,   -4.775759e-02,   -2.132117e-01,    9.690437e-01,   -1.282623e+00,   -8.806805e-01,   -4.078100e-02,    4.594300e-02,   -1.781000e-01,   -7.417800e-02,    3.000000e-02,    3.000000e-02,    3.000000e-02,    3.000000e-02,
      1037,    1.000000e+03,   -4.118104e-02,    2.432665e-02,   -1.305502e-01,   -4.883354e-02,   -1.577732e+00,    9.049450e-01,   -7.243255e-01,   -8.046154e-01,   -8.851300e-02,    5.147500e-02,   -1.522800e-01,   -7.297200e-02,    3.000000e-02,    3.000000e-02,    3.000000e-02,    3.000000e-02,
      1039,    1.000000e+02,    1.073556e-01,    7.353108e-02,    4.274007e-02,    1.451365e-01,   -6.181872e-01,    2.712640e-01,    4.585310e-01,   -1.005514e-01,    8.881000e-02,    8.166900e-02,    5.649600e-02,    1.421200e-01,    3.000000e-02,    3.000000e-02,    3.000000e-02,    3.000000e-02,
      1039,    1.584800e+02,    8.073639e-02,    8.230511e-02,    1.066315e-02,    1.083841e-01,   -5.274797e-01,   -1.227038e-02,    2.340615e-01,    7.286486e-02,    6.491200e-02,    8.193700e-02,    1.768500e-02,    1.105700e-01,    3.000000e-02,    3.000000e-02,    3.000000e-02,    3.000000e-02,
      1039,    2.511800e+02,    4.987886e-02,    8.588925e-02,   -1.034354e-02,    8.280560e-02,   -4.902286e-01,    5.119151e-02,    1.898146e-01,    5.167986e-02,    3.517200e-02,    8.742500e-02,   -4.649100e-03,    8.435600e-02,    3.000000e-02,    3.000000e-02,    3.000000e-02,    3.000000e-02,
      1039,    3.981000e+02,    1.831407e-02,    8.262486e-02,   -2.854496e-02,    6.273783e-02,   -4.298856e-01,    2.216714e-01,    3.238988e-01,    2.119391e-01,    5.417500e-03,    8.927500e-02,   -1.882800e-02,    6.909600e-02,    3.000000e-02,    3.000000e-02,    3.000000e-02,    3.000000e-02,
      1039,    6.309500e+02,   -1.010605e-02,    7.290374e-02,   -4.239254e-02,    4.276158e-02,   -8.707318e-01,   -1.705580e-01,   -1.908209e-02,    5.603806e-01,   -3.622800e-02,    6.778700e-02,   -4.296500e-02,    5.957300e-02,    3.000000e-02,    3.000000e-02,    3.000000e-02,    3.000000e-02,
      1040,    1.000000e+02,   -8.108840e-02,    4.229592e-02,    8.505558e-02,   -1.520376e-01,   -8.715323e-02,    1.134369e+00,    4.231139e-01,    6.191988e-02,   -8.370300e-02,    7.632700e-02,    9.774900e-02,   -1.501800e-01,    3.000000e-02,    3.000000e-02,    3.000000e-02,    3.000000e-02,
      1040,    1.584800e+02,   -9.239255e-02,    3.607282e-02,    1.204812e-01,   -1.059775e-01,   -1.150816e-01,    1.867806e+00,    3.596259e-01,    4.758284e-02,   -9.584500e-02,    9.210700e-02,    1.312700e-01,   -1.045500e-01,    3.000000e-02,    3.000000e-02,    3.000000e-02,    3.000000e-02,
      1040,    2.511800e+02,   -1.002311e-01,    2.858639e-02,    1.304425e-01,   -7.465896e-02,   -3.656316e-01,    3.083120e+00,    3.259171e-01,    1.489321e-01,   -1.112000e-01,    1.210800e-01,    1.402200e-01,   -7.019100e-02,    3.000000e-02,    3.000000e-02,    3.000000e-02,    3.000000e-02,
      1040,    3.981000e+02,   -1.059070e-01,    2.462546e-02,    1.365219e-01,   -6.392629e-02,   -7.217669e-01,    4.214485e+00,    4.760207e-02,    4.160959e-02,   -1.275600e-01,    1.510600e-01,    1.379500e-01,   -6.267800e-02,    3.000000e-02,    3.000000e-02,    3.000000e-02,    3.000000e-02,
      1040,    6.309500e+02,   -1.125065e-01,    2.103019e-02,    1.465125e-01,   -6.174745e-02,   -6.141154e-01,    5.321994e+00,   -6.000846e-01,   -6.808185e-01,   -1.309300e-01,    1.806900e-01,    1.285100e-01,   -8.217200e-02,    3.000000e-02,    3.000000e-02,    3.000000e-02,    3.000000e-02,
      1040,    1.000000e+03,   -1.172072e-01,    1.722671e-02,    1.577143e-01,   -6.499813e-02,    4.122405e-01,    4.891110e+00,   -1.790142e+00,   -1.438062e+00,   -1.048400e-01,    1.639600e-01,    1.040100e-01,   -1.081400e-01,    3.000000e-02,    3.000000e-02,    3.000000e-02,    3.000000e-02,
      1041,    2.511800e+02,    5.160846e-02,   -9.200513e-03,    1.689013e-01,   -2.437078e-02,    2.447718e+00,   -1.645162e-01,    2.354290e+00,   -5.617416e-02,    1.250400e-01,   -1.413600e-02,    2.395300e-01,   -2.605600e-02,    3.000000e-02,    3.000000e-02,    3.000000e-02,    3.000000e-02,
      1041,    3.981000e+02,    5.810066e-02,   -1.143358e-03,    1.746906e-01,   -7.154105e-03,    2.349311e+00,    1.259819e-01,    1.780647e+00,    2.038068e-01,    1.285800e-01,    2.636100e-03,    2.281100e-01,   -1.039900e-03,    3.000000e-02,    3.000000e-02,    3.000000e-02,    3.000000e-02,
      1041,    6.309500e+02,    5.792321e-02,    9.489478e-03,    1.731684e-01,    9.662006e-03,    2.703893e+00,    3.436841e-01,    1.266387e+00,    3.705998e-01,    1.390400e-01,    1.980000e-02,    2.111600e-01,    2.078000e-02,    3.000000e-02,    3.000000e-02,    3.000000e-02,    3.000000e-02,
      1042,    1.000000e+02,    2.386550e-02,    2.225710e-02,   -1.578029e-02,   -2.599327e-03,   -1.022283e+00,   -1.439035e-01,    5.977298e-01,   -4.851910e-02,   -6.803000e-03,    1.794000e-02,    2.151600e-03,   -4.054900e-03,    3.000000e-02,    3.000000e-02,    3.000000e-02,    3.000000e-02,
      1042,    1.584800e+02,    1.125225e-02,    2.923740e-02,   -1.125670e-02,   -1.448280e-02,   -6.602749e-01,   -5.357799e-01,    6.308334e-01,   -6.350650e-02,   -8.556000e-03,    1.316400e-02,    7.668300e-03,   -1.638800e-02,    3.000000e-02,    3.000000e-02,    3.000000e-02,    3.000000e-02,
      1042,    2.511800e+02,   -3.773067e-03,    2.647464e-02,    9.362710e-04,   -1.969069e-02,   -2.089978e-01,   -5.876914e-01,    5.721910e-01,   -1.651769e-01,   -1.004300e-02,    8.843900e-03,    1.810200e-02,   -2.464600e-02,    3.000000e-02,    3.000000e-02,    3.000000e-02,    3.000000e-02,
      1042,    3.981000e+02,   -1.367580e-02,    1.757941e-02,    1.272911e-02,   -1.585007e-02,    8.425988e-02,   -3.973038e-01,    5.823295e-01,   -3.919976e-01,   -1.114800e-02,    5.660300e-03,    3.019900e-02,   -2.761000e-02,    3.000000e-02,    3.000000e-02,    3.000000e-02,    3.000000e-02,
      1042,    6.309500e+02,   -1.744573e-02,    7.845370e-03,    1.894428e-02,   -7.274902e-03,    2.364909e-01,   -1.674457e-01,    7.106242e-01,   -6.452033e-01,   -1.035100e-02,    2.822000e-03,    4.026300e-02,   -2.663100e-02,    3.000000e-02,    3.000000e-02,    3.000000e-02,    3.000000e-02,
      1043,    1.000000e+02,    1.491242e-01,   -1.399926e-02,    6.158365e-02,   -4.711420e-02,    4.115279e-01,    1.824196e-02,    4.256117e-01,   -5.767932e-01,    1.614700e-01,   -1.345200e-02,    7.435200e-02,   -6.441800e-02,    3.000000e-02,    3.000000e-02,    3.000000e-02,    3.000000e-02,
      1043,    1.584800e+02,    1.488864e-01,    1.462583e-02,    7.629607e-02,   -3.021777e-02,    2.927869e-01,    2.184724e-01,    6.991309e-01,   -6.720768e-02,    1.576700e-01,    2.118000e-02,    9.727000e-02,   -3.223400e-02,    3.000000e-02,    3.000000e-02,    3.000000e-02,    3.000000e-02,
      1043,    2.511800e+02,    1.354455e-01,    4.024323e-02,    8.159965e-02,   -1.214675e-02,    2.461516e-01,    1.877923e-01,    5.721782e-01,    3.449050e-01,    1.428300e-01,    4.587700e-02,    9.876500e-02,   -1.799600e-03,    3.000000e-02,    3.000000e-02,    3.000000e-02,    3.000000e-02,
      1043,    3.981000e+02,    1.122701e-01,    5.801957e-02,    7.852415e-02,    2.416287e-03,    8.632919e-02,    2.644476e-01,    1.873282e-01,    6.804904e-01,    1.148600e-01,    6.595300e-02,    8.414400e-02,    2.283100e-02,    3.000000e-02,    3.000000e-02,    3.000000e-02,    3.000000e-02,
      1043,    6.309500e+02,    8.514935e-02,    6.609172e-02,    7.095908e-02,    1.116659e-02,   -1.515783e-01,    2.028759e-01,   -8.940280e-02,    6.819802e-01,    8.060200e-02,    7.217800e-02,    6.827700e-02,    3.162600e-02,    3.000000e-02,    3.000000e-02,    3.000000e-02,    3.000000e-02,
      1043,    1.000000e+03,    5.931736e-02,    6.650709e-02,    6.219671e-02,    1.464998e-02,    5.689213e-01,    7.442970e-01,   -3.295236e-01,    4.676006e-01,    7.638500e-02,    8.883600e-02,    5.231100e-02,    2.867800e-02,    3.000000e-02,    3.000000e-02,    3.000000e-02,    3.000000e-02,
      1044,    1.000000e+02,   -7.647106e-02,    8.381883e-02,    3.538745e-02,    3.087766e-02,   -1.037298e+00,    5.693723e-01,   -8.713750e-01,    9.865112e-01,   -1.075900e-01,    1.009000e-01,    9.246200e-03,    6.047300e-02,    3.000000e-02,    3.000000e-02,    3.000000e-02,    3.000000e-02,
      1044,    1.584800e+02,   -8.795928e-02,    6.252048e-02,    2.466715e-02,    4.468866e-02,   -1.902357e+00,    1.405061e-02,   -1.107438e+00,    1.267711e+00,   -1.450300e-01,    6.294200e-02,   -8.556000e-03,    8.272000e-02,    3.000000e-02,    3.000000e-02,    3.000000e-02,    3.000000e-02,
      1044,    2.511800e+02,   -9.547547e-02,    5.437729e-02,    4.784440e-03,    5.479597e-02,   -1.702484e+00,   -1.342098e-01,   -6.087813e-01,    1.025501e+00,   -1.465500e-01,    5.035100e-02,   -1.347900e-02,    8.556100e-02,    3.000000e-02,    3.000000e-02,    3.000000e-02,    3.000000e-02,
      1044,    3.981000e+02,   -1.071732e-01,    5.364694e-02,   -1.697566e-02,    5.732282e-02,   -1.120560e+00,   -2.035315e-01,    6.785526e-02,    7.768727e-01,   -1.407900e-01,    4.754100e-02,   -1.494000e-02,    8.062900e-02,    3.000000e-02,    3.000000e-02,    3.000000e-02,    3.000000e-02,
      1044,    6.309500e+02,   -1.235109e-01,    5.318914e-02,   -3.621807e-02,    5.635469e-02,   -2.719715e-01,   -3.366046e-01,    6.322024e-01,    5.489438e-01,   -1.316700e-01,    4.309100e-02,   -1.725200e-02,    7.282300e-02,    3.000000e-02,    3.000000e-02,    3.000000e-02,    3.000000e-02,
      1044,    1.000000e+03,   -1.411176e-01,    4.969351e-02,   -5.437088e-02,    5.453613e-02,    7.962523e-01,   -4.547838e-01,    1.115296e+00,    1.977958e-01,   -1.172300e-01,    3.605000e-02,   -2.091200e-02,    6.047000e-02,    3.000000e-02,    3.000000e-02,    3.000000e-02,    3.000000e-02,
      1045,    1.000000e+02,   -1.048836e-02,    7.879290e-02,   -3.251756e-01,    5.620125e-02,    2.420779e+00,   -7.766336e-02,   -2.198134e-01,    4.087251e-01,    6.213500e-02,    7.646300e-02,   -3.317700e-01,    6.846300e-02,    3.000000e-02,    3.000000e-02,    3.000000e-02,    3.000000e-02,
      1045,    1.584800e+02,   -3.082980e-02,    7.019650e-02,   -3.342558e-01,    1.253391e-02,    2.105793e+00,    2.288165e-01,   -2.464726e-01,    6.577364e-01,    3.234400e-02,    7.706100e-02,   -3.416500e-01,    3.226600e-02,    3.000000e-02,    3.000000e-02,    3.000000e-02,    3.000000e-02,
      1045,    2.511800e+02,   -5.003025e-02,    6.492338e-02,   -3.258731e-01,   -2.885478e-02,    1.313742e+00,    3.222055e-02,   -2.578982e-01,    8.378159e-01,   -1.061800e-02,    6.589000e-02,   -3.336100e-01,   -3.720300e-03,    3.000000e-02,    3.000000e-02,    3.000000e-02,    3.000000e-02,
      1045,    3.981000e+02,   -6.987041e-02,    5.862051e-02,   -3.015116e-01,   -6.163511e-02,   -6.418197e-01,   -5.760837e-01,   -7.961274e-02,    9.411703e-01,   -8.912500e-02,    4.133800e-02,   -3.039000e-01,   -3.340000e-02,    3.000000e-02,    3.000000e-02,    3.000000e-02,    3.000000e-02,
      1045,    6.309500e+02,   -8.689820e-02,    4.933007e-02,   -2.676849e-01,   -8.202516e-02,   -4.173393e+00,   -1.206102e+00,    3.511626e-01,    8.259719e-01,   -2.121000e-01,    1.314700e-02,   -2.571500e-01,   -5.724600e-02,    3.000000e-02,    3.000000e-02,    3.000000e-02,    3.000000e-02,
      1045,    1.000000e+03,   -9.840952e-02,    3.977452e-02,   -2.302716e-01,   -9.089538e-02,   -3.281016e+00,   -1.121617e+00,    3.447202e-01,    1.047513e+00,   -1.968400e-01,    6.126000e-03,   -2.199300e-01,   -5.947000e-02,    3.000000e-02,    3.000000e-02,    3.000000e-02,    3.000000e-02,
      1046,    1.000000e+02,   -1.530233e-02,   -6.095970e-02,   -8.119866e-02,    8.027400e-02,   -1.553223e-01,    8.630232e-01,    1.561552e-01,   -3.223335e-01,   -1.996200e-02,   -3.506900e-02,   -7.651400e-02,    7.060400e-02,    3.000000e-02,    3.000000e-02,    3.000000e-02,    3.000000e-02,
      1046,    1.584800e+02,    7.354492e-03,   -4.044983e-02,   -1.020601e-01,    5.740537e-02,   -3.888264e-01,    5.131944e-01,    1.571700e-01,   -2.360123e-01,   -4.310300e-03,   -2.505400e-02,   -9.734500e-02,    5.032500e-02,    3.000000e-02,    3.000000e-02,    3.000000e-02,    3.000000e-02,
      1046,    2.511800e+02,    1.070906e-02,   -1.972283e-02,   -1.093372e-01,    3.665735e-02,   -2.785121e-01,    2.419609e-01,    1.159069e-01,   -2.218450e-01,    2.353700e-03,   -1.246400e-02,   -1.058600e-01,    3.000200e-02,    3.000000e-02,    3.000000e-02,    3.000000e-02,    3.000000e-02,
      1046,    3.981000e+02,    5.247995e-03,   -1.252327e-02,   -1.092513e-01,    2.767833e-02,   -1.322032e-01,    3.197323e-01,    1.223779e-01,   -3.774776e-01,    1.281900e-03,   -2.931300e-03,   -1.055800e-01,    1.635400e-02,    3.000000e-02,    3.000000e-02,    3.000000e-02,    3.000000e-02,
      1046,    6.309500e+02,    4.031429e-03,   -1.421841e-02,   -1.132917e-01,    2.646777e-02,   -2.246710e-01,    4.863070e-01,    3.717224e-01,   -5.212922e-01,   -2.708700e-03,    3.708000e-04,   -1.021400e-01,    1.082900e-02,    3.000000e-02,    3.000000e-02,    3.000000e-02,    3.000000e-02,
      1046,    1.000000e+03,    6.229207e-03,   -1.717790e-02,   -1.196341e-01,    2.466022e-02,   -4.247202e-01,    5.548234e-01,    6.665361e-01,   -4.586742e-01,   -6.512400e-03,   -5.332000e-04,   -9.963800e-02,    1.090000e-02,    3.000000e-02,    3.000000e-02,    3.000000e-02,    3.000000e-02,
