MT,
     StaID,        Freq[Hz],     Re(Zxx)_Cal,     Im(Zxx)_Cal,     Re(Zxy)_Cal,     Im(Zxy)_Cal,     Re(Zyx)_Cal,     Im(Zyx)_Cal,     Re(Zyy)_Cal,     Im(Zyy)_Cal,     Re(Zxx)_Res,     Im(Zxx)_Res,     Re(Zxy)_Res,     Im(Zxy)_Res,     Re(Zyx)_Res,     Im(Zyx)_Res,     Re(Zyy)_Res,     Im(Zyy)_Res,     Re(Zxx)_Obs,     Im(Zxx)_Obs,     Re(Zxy)_Obs,     Im(Zxy)_Obs,     Re(Zyx)_Obs,     Im(Zyx)_Obs,     Re(Zyy)_Obs,     Im(Zyy)_Obs,      Re(Zxx)_SD,      Im(Zxx)_SD,      Re(Zxy)_SD,      Im(Zxy)_SD,      Re(Zyx)_SD,      Im(Zyx)_SD,      Re(Zyy)_SD,      Im(Zyy)_SD,
         1,    1.000000e+02,   -2.176139e-02,    5.667999e-03,    9.547687e-02,   -1.030234e-01,   -1.484439e-01,    1.210293e-01,    5.464954e-02,   -4.007310e-02,    9.097952e-01,    7.360491e-01,    1.708038e-01,    2.454185e-01,   -1.448067e+00,   -1.935358e-01,    1.129101e+00,    2.382104e-01,   -1.479500e-02,    1.130400e-02,    9.690600e-02,   -1.009700e-01,   -1.605600e-01,    1.194100e-01,    7.666700e-02,   -3.542800e-02,    7.657100e-03,    7.657100e-03,    8.367100e-03,    8.367100e-03,    8.367100e-03,    8.367100e-03,    1.950000e-02,    1.950000e-02,
         1,    1.584800e+02,   -2.344720e-02,    4.484394e-03,    1.217916e-01,   -1.345964e-01,   -1.784607e-01,    1.554100e-01,    6.523525e-02,   -4.780035e-02,    4.144213e-01,    1.174651e+00,    3.487001e-01,   -2.575725e-01,   -1.916287e+00,   -2.452086e-01,    1.025833e+00,    5.127223e-01,   -1.917700e-02,    1.658800e-02,    1.255600e-01,   -1.373800e-01,   -1.991700e-01,    1.527600e-01,    8.913100e-02,   -3.585700e-02,    1.030400e-02,    1.030400e-02,    1.080700e-02,    1.080700e-02,    1.080700e-02,    1.080700e-02,    2.329400e-02,    2.329400e-02,
         1,    2.511800e+02,   -2.400984e-02,    3.640683e-03,    1.557298e-01,   -1.737342e-01,   -2.172145e-01,    1.991112e-01,    7.646461e-02,   -5.824597e-02,    1.040381e-01,    1.269077e+00,    2.646631e-01,   -3.068289e-01,   -1.316197e+00,   -7.522862e-01,    7.429486e-01,    1.074760e+00,   -2.268700e-02,    1.977700e-02,    1.592800e-01,   -1.778500e-01,   -2.348700e-01,    1.890200e-01,    9.586300e-02,   -3.018400e-02,    1.271500e-02,    1.271500e-02,    1.341400e-02,    1.341400e-02,    1.341400e-02,    1.341400e-02,    2.611000e-02,    2.611000e-02,
         1,    3.981000e+02,   -2.395064e-02,    3.691170e-03,    1.985272e-01,   -2.231082e-01,   -2.657088e-01,    2.542945e-01,    8.952737e-02,   -7.316001e-02,   -2.442775e-01,    1.080173e+00,    3.072885e-01,   -3.721110e-01,   -9.256108e-01,   -1.002588e+00,    4.954856e-01,    1.544603e+00,   -2.771300e-02,    2.032800e-02,    2.036900e-01,   -2.293600e-01,   -2.812600e-01,    2.374500e-01,    1.043300e-01,   -2.701500e-02,    1.540200e-02,    1.540200e-02,    1.680100e-02,    1.680100e-02,    1.680100e-02,    1.680100e-02,    2.987500e-02,    2.987500e-02,
         1,    6.309500e+02,   -2.370939e-02,    4.933854e-03,    2.518166e-01,   -2.865885e-01,   -3.247514e-01,    3.259560e-01,    1.058191e-01,   -9.392484e-02,   -5.241437e-01,    8.676991e-01,    7.292189e-01,   -5.017066e-01,   -9.704547e-01,   -1.266540e+00,   -1.023771e-01,    2.106319e+00,   -3.363300e-02,    2.136200e-02,    2.674000e-01,   -2.973100e-01,   -3.454900e-01,    2.988900e-01,    1.024500e-01,   -2.460800e-02,    1.893300e-02,    1.893300e-02,    2.137000e-02,    2.137000e-02,    2.137000e-02,    2.137000e-02,    3.290900e-02,    3.290900e-02,
         1,    1.000000e+03,   -2.368828e-02,    7.562646e-03,    3.178578e-01,   -3.697450e-01,   -3.969829e-01,    4.221537e-01,    1.264935e-01,   -1.219211e-01,   -6.261345e-01,    8.652742e-01,    1.297411e+00,   -1.918805e-01,   -1.850042e+00,   -1.819612e+00,   -6.653141e-01,    2.411154e+00,   -3.836800e-02,    2.784900e-02,    3.533900e-01,   -3.750000e-01,   -4.476500e-01,    3.723200e-01,    1.016400e-01,   -3.185000e-02,    2.344500e-02,    2.344500e-02,    2.738700e-02,    2.738700e-02,    2.738700e-02,    2.738700e-02,    3.735600e-02,    3.735600e-02,
         2,    1.000000e+02,   -1.865393e-03,    4.090918e-04,    1.319081e-01,   -1.398570e-01,   -1.089999e-01,    1.280943e-01,   -1.268323e-02,    1.099674e-02,   -2.780298e-01,   -4.980702e-02,    8.310832e-02,    4.107753e-01,   -4.234444e-01,   -4.508022e-01,   -5.444299e-01,   -1.302090e-01,   -2.835300e-03,    2.353400e-04,    1.326500e-01,   -1.361900e-01,   -1.127800e-01,    1.240700e-01,   -1.741400e-02,    9.865300e-03,    3.488500e-03,    3.488500e-03,    8.927000e-03,    8.927000e-03,    8.927000e-03,    8.927000e-03,    8.689400e-03,    8.689400e-03,
         2,    1.584800e+02,   -6.766269e-05,    3.638087e-03,    1.664508e-01,   -1.767436e-01,   -1.408048e-01,    1.648919e-01,   -1.637439e-02,    1.018101e-02,   -6.809537e-01,   -6.069696e-01,   -4.095538e-01,    1.559770e-01,   -6.148022e-02,   -3.167874e-01,   -6.752614e-01,   -4.053729e-01,   -2.827500e-03,    1.178100e-03,    1.618200e-01,   -1.749800e-01,   -1.415000e-01,    1.613100e-01,   -2.370300e-02,    5.781500e-03,    4.052900e-03,    4.052900e-03,    1.130700e-02,    1.130700e-02,    1.130700e-02,    1.130700e-02,    1.085300e-02,    1.085300e-02,
         2,    2.511800e+02,   -4.595888e-04,    9.815060e-03,    2.084377e-01,   -2.257435e-01,   -1.808858e-01,    2.122311e-01,   -1.802612e-02,    8.854184e-03,   -4.430773e-01,   -1.156688e+00,   -6.483817e-01,    3.467024e-01,    6.686742e-01,   -1.409145e-01,   -7.260485e-01,   -8.016361e-01,   -2.893900e-03,    3.460100e-03,    1.992300e-01,   -2.208200e-01,   -1.713900e-01,    2.102300e-01,   -2.742700e-02,   -1.525400e-03,    5.494100e-03,    5.494100e-03,    1.420100e-02,    1.420100e-02,    1.420100e-02,    1.420100e-02,    1.294800e-02,    1.294800e-02,
         2,    3.981000e+02,   -4.822697e-03,    1.633790e-02,    2.623583e-01,   -2.909883e-01,   -2.315857e-01,    2.735732e-01,   -1.698890e-02,    9.542737e-03,    1.701752e-01,   -5.982204e-01,   -9.042758e-01,    4.170094e-01,    1.124012e+00,    2.500838e-01,   -6.408108e-01,   -1.420747e+00,   -3.180200e-03,    1.056400e-02,    2.459900e-01,   -2.834400e-01,   -2.112400e-01,    2.781000e-01,   -2.671000e-02,   -1.201000e-02,    9.651800e-03,    9.651800e-03,    1.810100e-02,    1.810100e-02,    1.810100e-02,    1.810100e-02,    1.517000e-02,    1.517000e-02,
         2,    6.309500e+02,   -1.132907e-02,    2.091573e-02,    3.318100e-01,   -3.753679e-01,   -2.953578e-01,    3.538496e-01,   -1.506263e-02,    1.486584e-02,    1.779633e-01,   -4.026760e-01,   -9.758837e-01,   -1.972746e-01,    8.765733e-01,    9.641787e-01,   -4.632748e-01,   -2.057879e+00,   -8.846300e-03,    1.529800e-02,    3.085000e-01,   -3.800800e-01,   -2.744200e-01,    3.768800e-01,   -2.376200e-02,   -2.377700e-02,    1.395100e-02,    1.395100e-02,    2.388600e-02,    2.388600e-02,    2.388600e-02,    2.388600e-02,    1.877800e-02,    1.877800e-02,
         2,    1.000000e+03,   -1.766061e-02,    2.463417e-02,    4.186029e-01,   -4.849293e-01,   -3.758269e-01,    4.600961e-01,   -1.464614e-02,    2.512406e-02,   -5.406980e-01,    6.928438e-01,   -6.123281e-01,   -7.970582e-01,    1.881386e-01,    1.618583e+00,   -1.958719e-01,   -2.566010e+00,   -3.300400e-02,    4.429500e-02,    3.990200e-01,   -5.104200e-01,   -3.698100e-01,    5.118600e-01,   -1.948300e-02,   -3.824100e-02,    2.837700e-02,    2.837700e-02,    3.198100e-02,    3.198100e-02,    3.198100e-02,    3.198100e-02,    2.469400e-02,    2.469400e-02,
         3,    1.000000e+02,    1.639534e-02,   -1.673633e-02,    1.383247e-01,   -1.314960e-01,   -1.043026e-01,    1.244771e-01,   -3.344581e-02,    2.622115e-02,   -1.818098e+00,   -3.663466e-01,   -5.793422e-01,   -2.087802e+00,    8.159385e-01,   -1.756859e-01,   -1.359207e+00,    4.505937e-01,   -9.925900e-04,   -2.024000e-02,    1.331900e-01,   -1.500000e-01,   -9.707100e-02,    1.229200e-01,   -5.369800e-02,    3.293500e-02,    9.563800e-03,    9.563800e-03,    8.862900e-03,    8.862900e-03,    8.862900e-03,    8.862900e-03,    1.490000e-02,    1.490000e-02,
         3,    1.584800e+02,    2.230973e-02,   -1.768575e-02,    1.702143e-01,   -1.638448e-01,   -1.352765e-01,    1.599471e-01,   -4.020730e-02,    3.021700e-02,   -1.201384e+00,   -1.059817e+00,    1.121285e-01,   -1.047587e+00,    5.223723e-01,    2.164182e-01,   -1.471706e+00,   -1.563181e-01,    6.217200e-03,   -3.188200e-02,    1.714800e-01,   -1.756700e-01,   -1.293800e-01,    1.623900e-01,   -6.732200e-02,    2.733700e-02,    1.339500e-02,    1.339500e-02,    1.128800e-02,    1.128800e-02,    1.128800e-02,    1.128800e-02,    1.842400e-02,    1.842400e-02,
         3,    2.511800e+02,    2.707967e-02,   -1.752025e-02,    2.083270e-01,   -2.077175e-01,   -1.750140e-01,    2.053227e-01,   -4.686811e-02,    3.594039e-02,   -6.158758e-01,   -1.266129e+00,   -1.863698e-01,   -1.945968e-01,    6.789662e-01,    3.907762e-01,   -1.257163e+00,   -8.195757e-01,    1.678900e-02,   -3.867600e-02,    2.057100e-01,   -2.104500e-01,   -1.654800e-01,    2.108100e-01,   -7.378900e-02,    1.839000e-02,    1.670900e-02,    1.670900e-02,    1.404200e-02,    1.404200e-02,    1.404200e-02,    1.404200e-02,    2.141400e-02,    2.141400e-02,
         3,    3.981000e+02,    2.992039e-02,   -1.857108e-02,    2.563902e-01,   -2.674424e-01,   -2.254680e-01,    2.630904e-01,   -5.408638e-02,    4.510307e-02,    7.723100e-02,   -1.095190e+00,   -4.395108e-01,    4.231670e-01,    6.029212e-01,    3.781513e-01,   -8.674266e-01,   -1.453538e+00,    3.150000e-02,   -4.097100e-02,    2.486500e-01,   -2.599900e-01,   -2.148500e-01,    2.697500e-01,   -7.511800e-02,    9.860600e-03,    2.045300e-02,    2.045300e-02,    1.761100e-02,    1.761100e-02,    1.761100e-02,    1.761100e-02,    2.424600e-02,    2.424600e-02,
         3,    6.309500e+02,    3.224160e-02,   -2.285668e-02,    3.187702e-01,   -3.469686e-01,   -2.884548e-01,    3.374451e-01,   -6.359802e-02,    5.902309e-02,    4.271489e-01,   -9.133887e-01,   -7.986549e-01,    5.746623e-01,    1.141770e-01,    3.888559e-01,   -3.997226e-01,   -1.965006e+00,    4.301600e-02,   -4.589600e-02,    3.008300e-01,   -3.340600e-01,   -2.858900e-01,    3.461800e-01,   -7.458200e-02,    5.026700e-03,    2.522400e-02,    2.522400e-02,    2.246300e-02,    2.246300e-02,    2.246300e-02,    2.246300e-02,    2.747900e-02,    2.747900e-02,
         3,    1.000000e+03,    3.593950e-02,   -3.080394e-02,    3.991698e-01,   -4.512385e-01,   -3.667222e-01,    4.350071e-01,   -7.714499e-02,    7.800138e-02,    5.169148e-01,   -1.761977e-01,   -1.119815e+00,    4.149380e-01,   -6.153636e-01,    4.938253e-01,    2.218407e-01,   -2.499529e+00,    5.053200e-02,   -3.577800e-02,    3.666000e-01,   -4.391700e-01,   -3.846200e-01,    4.493700e-01,   -7.035600e-02,    1.508300e-03,    2.823000e-02,    2.823000e-02,    2.908500e-02,    2.908500e-02,    2.908500e-02,    2.908500e-02,    3.060300e-02,    3.060300e-02,
         4,    1.000000e+02,   -1.990321e-02,    2.004746e-02,    1.433582e-01,   -1.981842e-01,   -1.853528e-01,    2.388254e-01,    9.917200e-03,   -4.312753e-02,    3.867233e-01,   -4.554952e-01,    6.323002e-02,   -2.973391e-01,    1.366000e+00,    8.347525e-02,    1.138549e-01,   -4.447020e-01,   -1.564500e-02,    1.503200e-02,    1.442100e-01,   -2.021900e-01,   -1.669500e-01,    2.399500e-01,    1.203900e-02,   -5.141500e-02,    1.101100e-02,    1.101100e-02,    1.347200e-02,    1.347200e-02,    1.347200e-02,    1.347200e-02,    1.863600e-02,    1.863600e-02,
         4,    1.584800e+02,   -2.455091e-02,    2.540295e-02,    1.865571e-01,   -2.722215e-01,   -2.428677e-01,    3.135624e-01,    2.298154e-02,   -5.528760e-02,    3.520522e-01,    4.136102e-02,   -3.844606e-02,   -1.366827e-01,    1.046030e+00,    7.570506e-01,    2.517699e-01,   -4.570523e-01,   -1.908600e-02,    2.604500e-02,    1.858600e-01,   -2.747000e-01,   -2.239000e-01,    3.272900e-01,    2.941300e-02,   -6.696300e-02,    1.552300e-02,    1.552300e-02,    1.813300e-02,    1.813300e-02,    1.813300e-02,    1.813300e-02,    2.554500e-02,    2.554500e-02,
         4,    2.511800e+02,   -3.226914e-02,    3.262371e-02,    2.513479e-01,   -3.699416e-01,   -3.208117e-01,    4.113844e-01,    3.983918e-02,   -6.890872e-02,    1.636441e-01,    4.854575e-01,   -5.162552e-01,    1.145801e-01,    8.441265e-01,    8.751018e-01,    3.948839e-01,   -3.857037e-01,   -2.855900e-02,    4.363000e-02,    2.389500e-01,   -3.671900e-01,   -3.005400e-01,    4.324000e-01,    5.328300e-02,   -8.204000e-02,    2.267200e-02,    2.267200e-02,    2.401500e-02,    2.401500e-02,    2.401500e-02,    2.401500e-02,    3.404500e-02,    3.404500e-02,
         4,    3.981000e+02,   -4.350148e-02,    3.950811e-02,    3.437181e-01,   -4.931864e-01,   -4.279819e-01,    5.344081e-01,    6.142614e-02,   -8.370688e-02,    2.821731e-01,    8.924777e-01,   -9.624992e-01,   -1.477675e-01,    3.837784e-01,    1.163009e+00,    5.646173e-01,   -1.540798e-01,   -3.454700e-02,    6.783000e-02,    3.126900e-01,   -4.979500e-01,   -4.156100e-01,    5.719000e-01,    8.663800e-02,   -9.058700e-02,    3.173400e-02,    3.173400e-02,    3.223700e-02,    3.223700e-02,    3.223700e-02,    3.223700e-02,    4.465300e-02,    4.465300e-02,
         4,    6.309500e+02,   -5.673335e-02,    4.499277e-02,    4.684246e-01,   -6.465477e-01,   -5.687906e-01,    6.831779e-01,    8.838780e-02,   -9.874991e-02,   -7.633876e-02,    9.763731e-01,   -1.425980e+00,   -4.632912e-01,   -6.367325e-03,    8.374201e-01,    5.562318e-01,    1.106457e-01,   -6.002500e-02,    8.709300e-02,    4.080900e-01,   -6.661500e-01,   -5.690600e-01,    7.186100e-01,    1.194400e-01,   -9.257300e-02,    4.311900e-02,    4.311900e-02,    4.231100e-02,    4.231100e-02,    4.231100e-02,    4.231100e-02,    5.582600e-02,    5.582600e-02,
         4,    1.000000e+03,   -7.084024e-02,    4.956991e-02,    6.309671e-01,   -8.374139e-01,   -7.440370e-01,    8.643153e-01,    1.201029e-01,   -1.122839e-01,   -1.988351e-01,   -2.714722e+00,   -1.334468e+00,   -7.012352e-01,    5.435904e-01,    5.222586e-01,    3.457679e-01,    5.088671e-01,   -8.173700e-02,   -9.920500e-02,    5.582600e-01,   -8.756200e-01,   -7.144200e-01,    8.927700e-01,    1.425000e-01,   -7.932200e-02,    5.480300e-02,    5.480300e-02,    5.448400e-02,    5.448400e-02,    5.448400e-02,    5.448400e-02,    6.477500e-02,    6.477500e-02,
         5,    1.000000e+02,    1.717364e-02,   -1.702582e-03,    1.235690e-01,   -1.270046e-01,   -9.309856e-02,    9.999698e-02,   -8.523471e-03,    1.318418e-03,    9.039627e-01,    1.871290e-01,   -7.074146e-01,    5.283291e-01,   -5.491519e-02,    2.219097e-01,    1.295881e-02,    6.087757e-01,    2.624400e-02,    1.750700e-04,    1.181400e-01,   -1.229500e-01,   -9.352000e-02,    1.017000e-01,   -8.452500e-03,    4.652500e-03,    1.003400e-02,    1.003400e-02,    7.674400e-03,    7.674400e-03,    7.674400e-03,    7.674400e-03,    5.476700e-03,    5.476700e-03,
         5,    1.584800e+02,    1.553300e-02,    2.870876e-03,    1.567857e-01,   -1.620246e-01,   -1.200783e-01,    1.275887e-01,   -8.699112e-03,   -1.892059e-03,    8.141626e-01,    5.061851e-01,   -6.285260e-01,   -9.784180e-02,   -2.860615e-01,    2.769914e-01,   -2.813265e-01,    6.783139e-01,    2.486900e-02,    8.675300e-03,    1.505200e-01,   -1.630000e-01,   -1.229300e-01,    1.303500e-01,   -1.056200e-02,    2.599600e-03,    1.146700e-02,    1.146700e-02,    9.968900e-03,    9.968900e-03,    9.968900e-03,    9.968900e-03,    6.621800e-03,    6.621800e-03,
         5,    2.511800e+02,    1.307092e-02,    5.327793e-03,    1.978060e-01,   -2.048470e-01,   -1.520971e-01,    1.615144e-01,   -7.403832e-03,   -4.583311e-03,    4.330229e-01,    1.072046e+00,   -2.924871e-01,   -3.426181e-01,   -4.040098e-01,    9.331941e-02,   -5.328303e-01,    5.670871e-01,    1.877600e-02,    1.945200e-02,    1.940900e-01,   -2.092000e-01,   -1.572300e-01,    1.627000e-01,   -1.147700e-02,   -2.482700e-04,    1.317500e-02,    1.317500e-02,    1.270500e-02,    1.270500e-02,    1.270500e-02,    1.270500e-02,    7.644400e-03,    7.644400e-03,
         5,    3.981000e+02,    1.082227e-02,    7.266838e-03,    2.469588e-01,   -2.599970e-01,   -1.910841e-01,    2.056794e-01,   -5.450340e-03,   -6.893369e-03,   -2.359198e-01,    1.480957e+00,    1.097012e-01,   -2.274013e-02,   -5.378637e-01,   -3.144393e-01,   -6.003333e-01,    3.498320e-01,    7.033400e-03,    3.105100e-02,    2.487100e-01,   -2.603600e-01,   -1.996700e-01,    2.006600e-01,   -1.053000e-02,   -3.933300e-03,    1.606000e-02,    1.606000e-02,    1.596300e-02,    1.596300e-02,    1.596300e-02,    1.596300e-02,    8.461400e-03,    8.461400e-03,
         5,    6.309500e+02,    7.773879e-03,    9.335045e-03,    3.079048e-01,   -3.339988e-01,   -2.395263e-01,    2.638947e-01,   -2.700995e-03,   -8.979915e-03,   -6.536151e-01,    1.499607e+00,    7.306285e-01,    2.675473e-01,   -7.635747e-01,   -6.512613e-01,   -4.057082e-01,   -3.189079e-02,   -5.601700e-03,    4.002300e-02,    3.227300e-01,   -3.285700e-01,   -2.550200e-01,    2.506800e-01,   -6.583500e-03,   -9.285100e-03,    2.046400e-02,    2.046400e-02,    2.029100e-02,    2.029100e-02,    2.029100e-02,    2.029100e-02,    9.569700e-03,    9.569700e-03,
         5,    1.000000e+03,    3.492247e-03,    1.070964e-02,    3.864192e-01,   -4.323003e-01,   -3.006364e-01,    3.411038e-01,    6.786625e-04,   -1.053454e-02,   -4.099476e-01,    1.240495e+00,    6.124454e-01,    9.938022e-01,   -7.502304e-01,   -1.146646e+00,    3.849009e-01,   -6.026244e-01,   -5.679100e-03,    3.846200e-02,    4.019000e-01,   -4.071800e-01,   -3.196000e-01,    3.121200e-01,    6.143100e-03,   -1.909000e-02,    2.237200e-02,    2.237200e-02,    2.527700e-02,    2.527700e-02,    2.527700e-02,    2.527700e-02,    1.419700e-02,    1.419700e-02,
         6,    1.000000e+02,    2.025530e-01,    1.558607e-02,    2.778224e-01,   -2.017988e-01,   -3.494802e-01,    1.565568e-01,   -1.988030e-01,    1.880779e-02,   -4.779178e-01,   -2.451230e-01,    3.021234e-01,   -6.776822e-01,    2.231551e-01,   -1.225813e-01,    8.551816e-01,    1.116395e-01,    1.842100e-01,    6.178000e-03,    2.833600e-01,   -2.142200e-01,   -3.453900e-01,    1.543100e-01,   -1.664600e-01,    2.303000e-02,    3.838100e-02,    3.838100e-02,    1.832900e-02,    1.832900e-02,    1.832900e-02,    1.832900e-02,    3.782000e-02,    3.782000e-02,
         6,    1.584800e+02,    1.902009e-01,    3.138725e-02,    3.250472e-01,   -2.500068e-01,   -3.824104e-01,    1.944313e-01,   -1.985487e-01,    3.673287e-03,   -1.868277e-01,   -4.172791e-01,    7.030170e-01,   -3.704323e-01,   -2.623428e-01,   -1.112382e-01,    7.493599e-01,    4.407185e-01,    1.823700e-01,    1.389700e-02,    3.401600e-01,   -2.579700e-01,   -3.880500e-01,    1.920400e-01,   -1.681000e-01,    2.158100e-02,    4.191500e-02,    4.191500e-02,    2.149700e-02,    2.149700e-02,    2.149700e-02,    2.149700e-02,    4.063300e-02,    4.063300e-02,
         6,    2.511800e+02,    1.719267e-01,    4.057907e-02,    3.818550e-01,   -3.156798e-01,   -4.256625e-01,    2.492821e-01,   -1.907146e-01,   -6.655797e-03,    1.945897e-01,   -3.091681e-01,    5.679856e-01,    5.483665e-02,   -8.987353e-01,   -4.191174e-01,    8.204178e-01,    6.750300e-01,    1.808000e-01,    2.648100e-02,    3.962500e-01,   -3.142900e-01,   -4.484400e-01,    2.386600e-01,   -1.559100e-01,    2.198100e-02,    4.560000e-02,    4.560000e-02,    2.534400e-02,    2.534400e-02,    2.534400e-02,    2.534400e-02,    4.242300e-02,    4.242300e-02,
         6,    3.981000e+02,    1.513959e-01,    4.176309e-02,    4.513121e-01,   -4.064294e-01,   -4.831256e-01,    3.234101e-01,   -1.778574e-01,   -8.375773e-03,    6.626774e-01,    1.255931e-01,    3.317982e-01,    2.485511e-01,   -1.127968e+00,   -6.210977e-01,    5.722764e-01,    5.554014e-01,    1.853700e-01,    4.820200e-02,    4.613500e-01,   -3.989100e-01,   -5.172500e-01,    3.046200e-01,   -1.518600e-01,    1.685500e-02,    5.126800e-02,    5.126800e-02,    3.025300e-02,    3.025300e-02,    3.025300e-02,    3.025300e-02,    4.542800e-02,    4.542800e-02,
         6,    6.309500e+02,    1.325694e-01,    3.501493e-02,    5.402654e-01,   -5.328783e-01,   -5.584814e-01,    4.215157e-01,   -1.646494e-01,    1.058513e-03,    1.312581e+00,    5.848783e-01,   -4.471579e-01,   -8.101862e-02,    1.142878e-01,   -1.094155e-01,   -2.704601e-01,   -1.252636e-01,    2.134100e-01,    7.103700e-02,    5.241400e-01,   -5.358000e-01,   -5.543600e-01,    4.175700e-01,   -1.789500e-01,   -5.564800e-03,    6.158900e-02,    6.158900e-02,    3.606200e-02,    3.606200e-02,    3.606200e-02,    3.606200e-02,    5.287500e-02,    5.287500e-02,
         6,    1.000000e+03,    1.188349e-01,    2.250378e-02,    6.605501e-01,   -7.065220e-01,   -6.569456e-01,    5.508101e-01,   -1.564702e-01,    2.188345e-02,    1.392829e+00,    1.040254e+00,   -1.315084e+00,   -2.940190e-01,    1.288994e+00,    1.791714e-01,   -9.410837e-01,   -9.991918e-01,    2.175600e-01,    9.623800e-02,    6.028600e-01,   -7.194200e-01,   -6.004000e-01,    5.586700e-01,   -2.165000e-01,   -4.185300e-02,    7.088100e-02,    7.088100e-02,    4.386800e-02,    4.386800e-02,    4.386800e-02,    4.386800e-02,    6.378800e-02,    6.378800e-02,
         7,    1.000000e+02,   -6.979567e-03,    6.906242e-03,    1.271552e-01,   -1.205643e-01,   -1.345627e-01,    1.268749e-01,   -2.235676e-02,    2.645427e-02,   -2.780790e-01,    1.277141e-01,   -2.362616e-01,    1.531168e-01,    2.876062e-01,    1.195365e-01,    1.326608e-01,    1.594438e-01,   -8.861800e-03,    7.770700e-03,    1.250500e-01,   -1.192000e-01,   -1.320000e-01,    1.279400e-01,   -2.075700e-02,    2.837700e-02,    6.768700e-03,    6.768700e-03,    8.910400e-03,    8.910400e-03,    8.910400e-03,    8.910400e-03,    1.205900e-02,    1.205900e-02,
         7,    1.584800e+02,   -6.774367e-03,    7.348934e-03,    1.538464e-01,   -1.535198e-01,   -1.637546e-01,    1.644891e-01,   -3.067467e-02,    3.333763e-02,   -3.687419e-01,    1.391753e-01,   -3.539331e-01,    7.460729e-02,    3.016146e-01,    1.888915e-01,    4.154487e-02,    2.152368e-01,   -9.673600e-03,    8.443200e-03,    1.499100e-01,   -1.526900e-01,   -1.604000e-01,    1.665900e-01,   -3.002200e-02,    3.671900e-02,    7.862500e-03,    7.862500e-03,    1.112200e-02,    1.112200e-02,    1.112200e-02,    1.112200e-02,    1.571000e-02,    1.571000e-02,
         7,    2.511800e+02,   -6.206054e-03,    1.131571e-02,    1.875605e-01,   -1.998239e-01,   -2.015488e-01,    2.142762e-01,   -4.012169e-02,    3.947860e-02,   -2.273388e-01,   -4.343886e-02,   -3.532160e-01,   -1.085017e-01,    2.217104e-01,    2.792815e-01,   -1.232915e-01,    2.523061e-01,   -8.287500e-03,    1.091800e-02,    1.825600e-01,   -2.013600e-01,   -1.984100e-01,    2.182300e-01,   -4.261600e-02,    4.458300e-02,    9.155700e-03,    9.155700e-03,    1.415700e-02,    1.415700e-02,    1.415700e-02,    1.415700e-02,    2.023100e-02,    2.023100e-02,
         7,    3.981000e+02,   -8.898814e-03,    1.862486e-02,    2.326275e-01,   -2.629415e-01,   -2.499886e-01,    2.805717e-01,   -4.794675e-02,    4.688915e-02,    1.427651e-01,    8.850039e-04,   -2.674393e-01,   -3.606815e-01,   -1.261186e-02,    4.173461e-01,   -3.689262e-01,    1.677826e-01,   -7.102400e-03,    1.863600e-02,    2.277200e-01,   -2.695600e-01,   -2.502200e-01,    2.882300e-01,   -5.743000e-02,    5.120200e-02,    1.258300e-02,    1.258300e-02,    1.835000e-02,    1.835000e-02,    1.835000e-02,    1.835000e-02,    2.570500e-02,    2.570500e-02,
         7,    6.309500e+02,   -1.565694e-02,    2.547112e-02,    2.924906e-01,   -3.458867e-01,   -3.131397e-01,    3.692553e-01,   -5.477374e-02,    6.086829e-02,    4.873726e-01,    3.145486e-01,   -1.618338e-01,   -3.833231e-01,   -1.825231e-01,    1.607392e-01,   -5.785775e-01,   -1.150044e-01,   -6.823800e-03,    3.117200e-02,    2.886600e-01,   -3.549600e-01,   -3.174600e-01,    3.730600e-01,   -7.329400e-02,    5.718700e-02,    1.812400e-02,    1.812400e-02,    2.367000e-02,    2.367000e-02,    2.367000e-02,    2.367000e-02,    3.201000e-02,    3.201000e-02,
         7,    1.000000e+03,   -2.307650e-02,    3.126702e-02,    3.687396e-01,   -4.548608e-01,   -3.950999e-01,    4.863825e-01,   -6.516614e-02,    8.343785e-02,    4.920527e-01,    6.824956e-01,    1.790358e-01,    1.930267e-01,   -5.094544e-01,   -8.063538e-01,   -6.643919e-01,   -5.407760e-01,   -1.047700e-02,    4.874300e-02,    3.741200e-01,   -4.490600e-01,   -4.104100e-01,    4.621500e-01,   -9.120100e-02,    6.224700e-02,    2.560600e-02,    2.560600e-02,    3.005200e-02,    3.005200e-02,    3.005200e-02,    3.005200e-02,    3.918600e-02,    3.918600e-02,
         8,    1.000000e+02,   -6.627375e-01,    3.487259e-01,    2.669397e-01,   -4.018009e-01,   -4.444100e-01,    2.496090e-01,    2.315380e-02,   -5.694563e-02,    6.130765e-02,    1.442013e+00,   -2.963502e-01,   -5.615600e-01,    1.490120e+00,   -3.888842e-01,   -6.020365e-01,    1.583821e-01,   -6.569200e-01,    4.855600e-01,    2.598000e-01,   -4.153300e-01,   -4.085100e-01,    2.402400e-01,    8.726000e-03,   -5.315000e-02,    9.489100e-02,    9.489100e-02,    2.409200e-02,    2.409200e-02,    2.409200e-02,    2.409200e-02,    2.396500e-02,    2.396500e-02,
         8,    1.584800e+02,   -7.428718e-01,    4.132251e-01,    3.762500e-01,   -5.325448e-01,   -5.036745e-01,    3.032438e-01,    4.751596e-02,   -5.977289e-02,   -6.552669e-01,    1.068016e+00,   -4.873680e-01,   -1.749964e-01,    4.500752e-01,    3.837163e-01,   -6.061999e-01,   -7.674985e-02,   -8.213400e-01,    5.411200e-01,    3.612800e-01,   -5.379200e-01,   -4.898500e-01,    3.150300e-01,    2.933300e-02,   -6.207500e-02,    1.197500e-01,    1.197500e-01,    3.071600e-02,    3.071600e-02,    3.071600e-02,    3.071600e-02,    2.999500e-02,    2.999500e-02,
         8,    2.511800e+02,   -8.319451e-01,    5.109876e-01,    5.250543e-01,   -6.818668e-01,   -5.732603e-01,    3.796945e-01,    6.953390e-02,   -5.361082e-02,   -1.420079e+00,    4.920040e-01,   -7.110867e-01,   -2.495152e-01,   -3.493025e-01,    4.511313e-01,   -5.518297e-01,   -4.004743e-01,   -1.047300e+00,    5.856000e-01,    4.974300e-01,   -6.915600e-01,   -5.868300e-01,    3.972200e-01,    4.931100e-02,   -6.828700e-02,    1.516500e-01,    1.516500e-01,    3.884800e-02,    3.884800e-02,    3.884800e-02,    3.884800e-02,    3.664700e-02,    3.664700e-02,
         8,    3.981000e+02,   -9.429637e-01,    6.540881e-01,    7.070913e-01,   -8.545495e-01,   -6.633076e-01,    4.861044e-01,    8.141475e-02,   -4.323254e-02,   -1.608388e+00,   -1.685156e-01,   -4.454277e-01,   -1.638564e-01,   -8.139533e-01,    3.105843e-01,   -4.261735e-01,   -4.621759e-01,   -1.241400e+00,    6.228200e-01,    6.853700e-01,   -8.625400e-01,   -7.030000e-01,    5.012500e-01,    6.367400e-02,   -6.247200e-02,    1.855500e-01,    1.855500e-01,    4.876500e-02,    4.876500e-02,    4.876500e-02,    4.876500e-02,    4.162800e-02,    4.162800e-02,
         8,    6.309500e+02,   -1.087998e+00,    8.510956e-01,    9.230387e-01,   -1.069590e+00,   -7.833561e-01,    6.249196e-01,    8.120425e-02,   -3.919759e-02,   -1.476512e+00,   -8.240820e-01,    5.766697e-01,   -2.750612e-01,   -1.007448e+00,   -2.153626e-01,   -2.246399e-01,   -7.996186e-01,   -1.422000e+00,    6.646800e-01,    9.584900e-01,   -1.086500e+00,   -8.452900e-01,    6.116800e-01,    7.002100e-02,   -7.900500e-02,    2.262100e-01,    2.262100e-01,    6.147600e-02,    6.147600e-02,    6.147600e-02,    6.147600e-02,    4.978300e-02,    4.978300e-02,
         8,    1.000000e+03,   -1.275662e+00,    1.117128e+00,    1.184044e+00,   -1.347375e+00,   -9.381981e-01,    8.006137e-01,    7.447516e-02,   -5.075557e-02,   -1.090468e+00,   -1.722658e+00,    1.957481e+00,    1.328209e+00,   -1.421683e+00,   -9.657001e-01,   -4.738520e-02,   -6.582665e-01,   -1.563600e+00,    6.622600e-01,    1.333300e+00,   -1.246100e+00,   -1.046600e+00,    7.269800e-01,    7.176800e-02,   -8.836300e-02,    2.640500e-01,    2.640500e-01,    7.624900e-02,    7.624900e-02,    7.624900e-02,    7.624900e-02,    5.713100e-02,    5.713100e-02,
         9,    1.000000e+02,   -1.550666e-03,    9.260010e-04,    8.104854e-02,   -1.032963e-01,   -8.125333e-02,    9.717996e-02,    1.456446e-03,    1.643453e-03,    1.630136e+00,   -2.923590e-01,   -1.389246e-01,   -3.717254e-01,    8.760239e-01,    1.174590e+00,    9.414982e-01,    2.694823e-01,    4.271200e-03,   -1.181300e-04,    8.013900e-02,   -1.057300e-01,   -7.551800e-02,    1.048700e-01,    5.417800e-03,    2.777300e-03,    3.571400e-03,    3.571400e-03,    6.547000e-03,    6.547000e-03,    6.547000e-03,    6.547000e-03,    4.207500e-03,    4.207500e-03,
         9,    1.584800e+02,   -3.482554e-03,    1.166299e-03,    1.098021e-01,   -1.385501e-01,   -1.054406e-01,    1.292537e-01,    9.119966e-04,    1.342289e-03,    1.795185e+00,    3.354301e-01,    2.034018e-03,    4.889609e-02,    5.918967e-02,    1.280888e+00,   -3.056017e-03,    3.921181e-01,    5.222300e-03,    2.792800e-03,    1.098200e-01,   -1.381200e-01,   -1.049200e-01,    1.405200e-01,    9.018500e-04,    2.644200e-03,    4.849000e-03,    4.849000e-03,    8.795700e-03,    8.795700e-03,    8.795700e-03,    8.795700e-03,    3.320200e-03,    3.320200e-03,
         9,    2.511800e+02,   -4.394892e-03,   -2.984465e-04,    1.469729e-01,   -1.783518e-01,   -1.374763e-01,    1.688276e-01,    9.179673e-05,    1.258089e-03,    1.290731e+00,    1.113391e+00,    7.611280e-02,    1.490762e-02,   -5.383322e-01,    8.731673e-01,   -1.056139e-01,    2.897532e-01,    3.840100e-03,    6.805100e-03,    1.478500e-01,   -1.781800e-01,   -1.436800e-01,    1.788900e-01,   -2.693500e-04,    2.248900e-03,    6.380100e-03,    6.380100e-03,    1.152400e-02,    1.152400e-02,    1.152400e-02,    1.152400e-02,    3.419500e-03,    3.419500e-03,
         9,    3.981000e+02,   -4.081544e-03,   -1.611596e-03,    1.919021e-01,   -2.270206e-01,   -1.774108e-01,    2.188681e-01,   -1.221940e-03,    4.745982e-04,    2.100860e-01,    1.439423e+00,   -2.594547e-02,    1.603027e-01,   -7.224755e-01,    4.693653e-01,   -2.965493e-02,    4.922018e-01,   -2.297200e-03,    1.061400e-02,    1.915200e-01,   -2.246600e-01,   -1.880500e-01,    2.257800e-01,   -1.353700e-03,    2.661500e-03,    8.493400e-03,    8.493400e-03,    1.472600e-02,    1.472600e-02,    1.472600e-02,    1.472600e-02,    4.443100e-03,    4.443100e-03,
         9,    6.309500e+02,   -3.626885e-03,   -2.681236e-03,    2.465023e-01,   -2.894798e-01,   -2.267908e-01,    2.849340e-01,   -2.590050e-03,   -1.223339e-03,   -8.590426e-01,    6.692199e-01,   -2.719553e-01,   -3.861675e-01,   -7.980831e-01,    2.041919e-01,   -3.865595e-01,    5.663226e-01,   -1.298100e-02,    4.605900e-03,    2.413400e-01,   -2.968100e-01,   -2.419400e-01,    2.888100e-01,   -5.362300e-03,    2.838100e-03,    1.088900e-02,    1.088900e-02,    1.898200e-02,    1.898200e-02,    1.898200e-02,    1.898200e-02,    7.171600e-03,    7.171600e-03,
         9,    1.000000e+03,   -3.051801e-03,   -3.878055e-03,    3.131290e-01,   -3.716527e-01,   -2.887858e-01,    3.739352e-01,   -4.250690e-03,   -4.289735e-03,   -1.252359e+00,    1.447034e-01,    2.723530e-01,   -2.334173e-01,   -1.147393e+00,   -2.684417e-01,   -1.380030e-01,    5.208953e-01,   -2.319600e-02,   -1.550500e-03,    3.198000e-01,   -3.773700e-01,   -3.168900e-01,    3.673600e-01,   -5.301500e-03,   -3.234300e-04,    1.608500e-02,    1.608500e-02,    2.449400e-02,    2.449400e-02,    2.449400e-02,    2.449400e-02,    7.614400e-03,    7.614400e-03,
        11,    1.000000e+02,   -5.945436e-03,   -5.395246e-03,    1.179700e-01,   -1.149907e-01,   -1.172461e-01,    1.227058e-01,    4.700605e-03,    5.036706e-04,   -6.885739e-01,   -1.197583e+00,    8.284874e-01,   -4.182991e-01,    5.467380e-01,   -4.678389e-02,   -3.569653e-03,   -6.138219e-01,   -1.199800e-02,   -1.592200e-02,    1.249800e-01,   -1.185300e-01,   -1.126200e-01,    1.223100e-01,    4.684900e-03,   -2.196900e-03,    8.790000e-03,    8.790000e-03,    8.461200e-03,    8.461200e-03,    8.461200e-03,    8.461200e-03,    4.399600e-03,    4.399600e-03,
        11,    1.584800e+02,   -6.482366e-03,    2.923905e-03,    1.456293e-01,   -1.519103e-01,   -1.506221e-01,    1.568154e-01,    4.330572e-03,    8.730340e-04,    2.699218e-01,   -1.491725e+00,    1.111071e+00,   -1.992956e-02,    3.012119e-02,    5.708870e-01,    1.658286e-01,   -6.429707e-01,   -4.781400e-03,   -6.476500e-03,    1.578800e-01,   -1.521300e-01,   -1.502900e-01,    1.631100e-01,    5.225400e-03,   -2.596500e-03,    6.301700e-03,    6.301700e-03,    1.102600e-02,    1.102600e-02,    1.102600e-02,    1.102600e-02,    5.396100e-03,    5.396100e-03,
        11,    2.511800e+02,   -1.029084e-02,    7.804531e-03,    1.835829e-01,   -1.977024e-01,   -1.891444e-01,    1.984611e-01,    3.294586e-03,    8.142176e-04,    8.035475e-01,   -3.014357e-01,    9.584406e-01,    5.675957e-01,   -4.901527e-01,    3.875546e-01,    4.748387e-01,   -4.625160e-01,   -4.827600e-03,    5.755100e-03,    1.969100e-01,   -1.898100e-01,   -1.959600e-01,    2.038500e-01,    6.415700e-03,   -2.225900e-03,    6.798900e-03,    6.798900e-03,    1.390500e-02,    1.390500e-02,    1.390500e-02,    1.390500e-02,    6.573000e-03,    6.573000e-03,
        11,    3.981000e+02,   -1.322591e-02,    1.067625e-02,    2.306728e-01,   -2.545452e-01,   -2.355652e-01,    2.540914e-01,    2.411110e-03,   -3.239505e-04,    1.745354e-01,    1.090006e-01,    6.888928e-01,    1.068572e+00,   -8.286495e-01,   -2.237938e-01,    6.200230e-01,   -2.311001e-01,   -1.127600e-02,    1.189400e-02,    2.425900e-01,   -2.360600e-01,   -2.499000e-01,    2.502200e-01,    7.202400e-03,   -2.109800e-03,    1.117200e-02,    1.117200e-02,    1.729900e-02,    1.729900e-02,    1.729900e-02,    1.729900e-02,    7.727600e-03,    7.727600e-03,
        11,    6.309500e+02,   -1.571017e-02,    1.475180e-02,    2.873629e-01,   -3.296595e-01,   -2.938532e-01,    3.282522e-01,    2.368335e-03,   -2.014015e-03,   -1.845380e-01,    9.476896e-02,    6.076709e-01,    1.460097e+00,   -8.336085e-01,   -8.969623e-01,    6.626882e-01,   -3.296376e-02,   -1.853600e-02,    1.620300e-02,    3.004600e-01,   -2.981900e-01,   -3.118200e-01,    3.089200e-01,    8.576000e-03,   -2.322800e-03,    1.531300e-02,    1.531300e-02,    2.155300e-02,    2.155300e-02,    2.155300e-02,    2.155300e-02,    9.367400e-03,    9.367400e-03,
        11,    1.000000e+03,   -1.955120e-02,    2.018294e-02,    3.573455e-01,   -4.318710e-01,   -3.669560e-01,    4.270823e-01,    3.011215e-03,   -3.580598e-03,   -2.386751e-01,   -1.756848e-01,    9.433321e-01,    2.407525e+00,   -1.365692e+00,   -1.691079e+00,    7.499625e-01,    3.047827e-01,   -2.401800e-02,    1.689500e-02,    3.829400e-01,   -3.665500e-01,   -4.040100e-01,    3.812000e-01,    1.231600e-02,    2.008400e-04,    1.871500e-02,    1.871500e-02,    2.713200e-02,    2.713200e-02,    2.713200e-02,    2.713200e-02,    1.240700e-02,    1.240700e-02,
        12,    1.000000e+02,   -1.345984e-02,    1.736616e-02,    8.318242e-02,   -1.035396e-01,   -9.577498e-02,    1.138964e-01,    2.510096e-02,   -3.891645e-02,   -3.118309e-01,    7.180040e-02,   -1.786700e-01,    3.888449e-01,    2.365110e-01,    1.143123e-01,    1.160406e+00,   -6.141512e-01,   -1.607800e-02,    1.796900e-02,    8.194200e-02,   -1.008400e-01,   -9.413300e-02,    1.146900e-01,    4.202200e-02,   -4.787200e-02,    8.396100e-03,    8.396100e-03,    6.942500e-03,    6.942500e-03,    6.942500e-03,    6.942500e-03,    1.458200e-02,    1.458200e-02,
        12,    1.584800e+02,   -1.803823e-02,    2.146496e-02,    1.084957e-01,   -1.376406e-01,   -1.232985e-01,    1.491167e-01,    3.508199e-02,   -4.917734e-02,   -9.144090e-02,   -3.779982e-02,   -8.623834e-01,    4.136201e-01,    6.682159e-01,    1.825587e-01,    8.997531e-01,   -6.643358e-01,   -1.898400e-02,    2.107400e-02,    1.007800e-01,   -1.339400e-01,   -1.173200e-01,    1.507500e-01,    5.181200e-02,   -6.153000e-02,    1.034300e-02,    1.034300e-02,    8.946900e-03,    8.946900e-03,    8.946900e-03,    8.946900e-03,    1.859400e-02,    1.859400e-02,
        12,    2.511800e+02,   -2.357727e-02,    2.661293e-02,    1.427810e-01,   -1.805138e-01,   -1.596597e-01,    1.941963e-01,    4.739034e-02,   -6.230050e-02,   -1.332284e-01,   -6.225201e-02,   -1.090544e+00,    1.946556e-01,    4.471915e-01,    4.050978e-01,    7.791737e-01,   -7.644244e-01,   -2.536200e-02,    2.577900e-02,    1.299300e-01,   -1.782200e-01,   -1.543900e-01,    1.989700e-01,    6.636400e-02,   -8.091500e-02,    1.339600e-02,    1.339600e-02,    1.178400e-02,    1.178400e-02,    1.178400e-02,    1.178400e-02,    2.435100e-02,    2.435100e-02,
        12,    3.981000e+02,   -3.020117e-02,    3.324573e-02,    1.876063e-01,   -2.344567e-01,   -2.064709e-01,    2.518547e-01,    6.267941e-02,   -7.915574e-02,   -2.896359e-01,   -1.808569e-01,   -6.667282e-01,   -2.123695e-01,   -8.315384e-02,    6.412578e-01,    9.140042e-01,   -8.230598e-01,   -3.529500e-02,    3.006500e-02,    1.771100e-01,   -2.378000e-01,   -2.077800e-01,    2.619500e-01,    9.240100e-02,   -1.059200e-01,    1.758700e-02,    1.758700e-02,    1.574300e-02,    1.574300e-02,    1.574300e-02,    1.574300e-02,    3.251800e-02,    3.251800e-02,
        12,    6.309500e+02,   -3.842093e-02,    4.206111e-02,    2.448875e-01,   -3.027504e-01,   -2.658599e-01,    3.263888e-01,    8.162357e-02,   -1.010974e-01,   -3.446940e-01,   -6.173251e-01,    3.084077e-01,   -7.286226e-01,   -7.352629e-01,    6.360190e-01,    1.199844e+00,   -7.929597e-01,   -4.607900e-02,    2.834600e-02,    2.514100e-01,   -3.181600e-01,   -2.814100e-01,    3.398400e-01,    1.338000e-01,   -1.355800e-01,    2.221700e-02,    2.221700e-02,    2.114900e-02,    2.114900e-02,    2.114900e-02,    2.114900e-02,    4.348600e-02,    4.348600e-02,
        12,    1.000000e+03,   -4.913418e-02,    5.357437e-02,    3.166597e-01,   -3.904554e-01,   -3.404114e-01,    4.239725e-01,    1.053444e-01,   -1.300726e-01,   -3.737002e-01,   -1.786195e+00,    1.280983e+00,   -5.102352e-01,   -1.665105e+00,   -3.349347e-01,    1.469660e+00,   -5.379847e-01,   -5.914000e-02,    5.749000e-03,    3.519700e-01,   -4.045200e-01,   -3.863100e-01,    4.147400e-01,    1.878100e-01,   -1.602600e-01,    2.677500e-02,    2.677500e-02,    2.756500e-02,    2.756500e-02,    2.756500e-02,    2.756500e-02,    5.611200e-02,    5.611200e-02,
        13,    1.000000e+02,    1.928796e-03,   -9.091025e-03,    8.568960e-02,   -9.955218e-02,   -8.595467e-02,    1.024946e-01,    5.647634e-04,    8.689149e-03,    6.401194e-01,   -1.940585e-01,   -8.440933e-01,   -7.772407e-01,    8.641854e-01,    5.609608e-01,   -1.741108e-01,    3.659305e-01,    5.702300e-03,   -1.023500e-02,    8.009900e-02,   -1.047000e-01,   -8.023100e-02,    1.062100e-01,   -4.243600e-04,    1.076800e-02,    5.895000e-03,    5.895000e-03,    6.623200e-03,    6.623200e-03,    6.623200e-03,    6.623200e-03,    5.681000e-03,    5.681000e-03,
        13,    1.584800e+02,    4.177075e-03,   -1.015308e-02,    1.097977e-01,   -1.289234e-01,   -1.121475e-01,    1.326360e-01,   -1.786026e-03,    1.028989e-02,    5.112024e-01,    9.057452e-02,    3.172880e-02,   -1.085313e+00,    2.557435e-02,    7.826924e-01,   -3.848823e-01,    7.041503e-02,    7.751300e-03,   -9.519800e-03,    1.100800e-01,   -1.385800e-01,   -1.119200e-01,    1.396000e-01,   -4.421200e-03,    1.077200e-02,    6.991800e-03,    6.991800e-03,    8.897500e-03,    8.897500e-03,    8.897500e-03,    8.897500e-03,    6.846700e-03,    6.846700e-03,
        13,    2.511800e+02,    6.841842e-03,   -1.184023e-02,    1.407446e-01,   -1.663354e-01,   -1.448431e-01,    1.702825e-01,   -4.117975e-03,    1.262781e-02,    2.572887e-01,    2.855437e-01,    4.449948e-01,   -7.247062e-01,   -3.239673e-01,    6.238598e-01,   -3.744291e-01,   -2.166769e-01,    8.945100e-03,   -9.506000e-03,    1.458500e-01,   -1.746500e-01,   -1.485600e-01,    1.774400e-01,   -7.200500e-03,    1.084400e-02,    8.174700e-03,    8.174700e-03,    1.147300e-02,    1.147300e-02,    1.147300e-02,    1.147300e-02,    8.232600e-03,    8.232600e-03,
        13,    3.981000e+02,    1.026164e-02,   -1.399538e-02,    1.790482e-01,   -2.146802e-01,   -1.849114e-01,    2.186458e-01,   -6.698696e-03,    1.593972e-02,   -9.295349e-03,    1.137502e-01,    6.558876e-01,   -1.615137e-01,   -4.161408e-01,    1.569832e-01,   -1.135582e-01,   -3.994974e-01,    1.016600e-02,   -1.282500e-02,    1.885500e-01,   -2.170200e-01,   -1.909400e-01,    2.209200e-01,   -7.801800e-03,    1.205900e-02,    1.028900e-02,    1.028900e-02,    1.448700e-02,    1.448700e-02,    1.448700e-02,    1.448700e-02,    9.714000e-03,    9.714000e-03,
        13,    6.309500e+02,    1.455511e-02,   -1.639666e-02,    2.256339e-01,   -2.791002e-01,   -2.337664e-01,    2.830770e-01,   -9.592551e-03,    2.080438e-02,   -8.036686e-02,   -7.358798e-02,    8.683037e-01,    4.971644e-01,   -5.679081e-01,   -3.394797e-01,    2.717920e-01,   -4.333399e-01,    1.347900e-02,   -1.738200e-02,    2.415100e-01,   -2.700100e-01,   -2.441500e-01,    2.768700e-01,   -6.371000e-03,    1.566800e-02,    1.339000e-02,    1.339000e-02,    1.828400e-02,    1.828400e-02,    1.828400e-02,    1.828400e-02,    1.185300e-02,    1.185300e-02,
        13,    1.000000e+03,    1.980473e-02,   -1.888668e-02,    2.824999e-01,   -3.672909e-01,   -2.945821e-01,    3.709461e-01,   -1.307112e-02,    2.793935e-02,   -2.058683e-01,   -2.626461e-01,    9.679955e-01,    1.014184e+00,   -1.517497e+00,   -1.160566e+00,    5.099160e-01,   -3.417397e-01,    1.627100e-02,   -2.339500e-02,    3.051500e-01,   -3.435600e-01,   -3.300900e-01,    3.437900e-01,   -5.043000e-03,    2.255900e-02,    1.716500e-02,    1.716500e-02,    2.339900e-02,    2.339900e-02,    2.339900e-02,    2.339900e-02,    1.574400e-02,    1.574400e-02,
        14,    1.000000e+02,    2.085200e-01,   -1.331402e-01,    2.775059e-01,   -4.061710e-01,   -4.222564e-01,    3.015463e-01,   -8.443893e-02,    1.371850e-01,   -4.545546e-01,   -5.798367e-01,   -1.454675e+00,    1.310612e-01,    1.457484e-01,   -1.324501e+00,    8.976697e-01,   -4.487830e-01,    1.853000e-01,   -1.627600e-01,    2.423100e-01,   -4.030000e-01,   -4.187300e-01,    2.695000e-01,   -5.016500e-02,    1.200500e-01,    5.108300e-02,    5.108300e-02,    2.419500e-02,    2.419500e-02,    2.419500e-02,    2.419500e-02,    3.818100e-02,    3.818100e-02,
        14,    1.584800e+02,    2.412036e-01,   -1.640799e-01,    3.844244e-01,   -5.183244e-01,   -5.030410e-01,    3.753704e-01,   -1.233898e-01,    1.778179e-01,    2.372297e-01,   -5.427517e-01,   -1.062397e+00,   -1.053115e+00,    4.297548e-01,   -1.345752e+00,    9.032758e-01,    7.549157e-02,    2.576600e-01,   -2.017300e-01,    3.513700e-01,   -5.510900e-01,   -4.896700e-01,    3.335000e-01,   -7.705900e-02,    1.816900e-01,    6.936900e-02,    6.936900e-02,    3.111300e-02,    3.111300e-02,    3.111300e-02,    3.111300e-02,    5.129200e-02,    5.129200e-02,
        14,    2.511800e+02,    2.801851e-01,   -2.056238e-01,    5.100849e-01,   -6.589664e-01,   -5.982160e-01,    4.641419e-01,   -1.689928e-01,    2.266938e-01,    5.813596e-01,   -3.962055e-01,   -6.575794e-01,   -1.565340e+00,    7.453034e-01,   -1.045248e+00,    7.493134e-01,    5.049815e-01,    3.322400e-01,   -2.411000e-01,    4.842900e-01,   -7.203700e-01,   -5.689800e-01,    4.231400e-01,   -1.183400e-01,    2.608300e-01,    8.954000e-02,    8.954000e-02,    3.922700e-02,    3.922700e-02,    3.922700e-02,    3.922700e-02,    6.759900e-02,    6.759900e-02,
        14,    3.981000e+02,    3.273446e-01,   -2.605685e-01,    6.635997e-01,   -8.480696e-01,   -7.054464e-01,    5.791695e-01,   -2.259291e-01,    2.903182e-01,    6.616771e-01,   -2.031791e-01,   -4.457222e-01,   -1.714094e+00,    1.024117e+00,   -1.018036e+00,    5.521822e-01,    7.773633e-01,    4.013400e-01,   -2.832900e-01,    6.418400e-01,   -9.317500e-01,   -6.554500e-01,    5.294700e-01,   -1.778600e-01,    3.579900e-01,    1.118300e-01,    1.118300e-01,    4.881900e-02,    4.881900e-02,    4.881900e-02,    4.881900e-02,    8.705300e-02,    8.705300e-02,
        14,    6.309500e+02,    3.829473e-01,   -3.349412e-01,    8.622468e-01,   -1.102955e+00,   -8.288905e-01,    7.413309e-01,   -3.000580e-01,    3.717192e-01,    4.571311e-01,   -3.498716e-02,   -7.722515e-01,   -1.247087e+00,    1.177948e+00,   -6.540973e-01,    4.430480e-01,    8.871287e-01,    4.443400e-01,   -3.396400e-01,    8.152800e-01,   -1.178800e+00,   -7.572500e-01,    7.015500e-01,   -2.507600e-01,    4.704300e-01,    1.343000e-01,    1.343000e-01,    6.081800e-02,    6.081800e-02,    6.081800e-02,    6.081800e-02,    1.112700e-01,    1.112700e-01,
        14,    1.000000e+03,    4.499464e-01,   -4.402683e-01,    1.126299e+00,   -1.437490e+00,   -9.857843e-01,    9.737580e-01,   -3.958048e-01,    4.730532e-01,    2.294907e-01,    3.734779e-01,   -1.163372e+00,   -9.646763e-01,    1.175196e+00,   -2.410458e-01,    3.129936e-01,    8.574806e-01,    4.865800e-01,   -3.806500e-01,    1.036200e+00,   -1.512200e+00,   -8.947700e-01,    9.550900e-01,   -3.511500e-01,    5.953900e-01,    1.596300e-01,    1.596300e-01,    7.744600e-02,    7.744600e-02,    7.744600e-02,    7.744600e-02,    1.426700e-01,    1.426700e-01,
        15,    1.000000e+02,   -2.918667e-02,   -8.049414e-03,    1.130339e-01,   -1.271173e-01,   -7.581928e-02,    1.141139e-01,    2.073798e-03,    2.599256e-03,   -3.690769e-02,   -1.792638e+00,   -2.086903e-01,    6.042589e-01,    5.091858e-01,    3.786867e-01,   -6.864498e-01,    6.099000e-01,   -2.965200e-02,   -3.065100e-02,    1.114600e-01,   -1.225600e-01,   -7.197900e-02,    1.169700e-01,   -6.376100e-04,    5.008300e-03,    1.260800e-02,    1.260800e-02,    7.542000e-03,    7.542000e-03,    7.542000e-03,    7.542000e-03,    3.949900e-03,    3.949900e-03,
        15,    1.584800e+02,   -2.429499e-02,   -1.301572e-02,    1.483689e-01,   -1.587001e-01,   -1.036808e-01,    1.561289e-01,    1.887470e-03,    6.568682e-03,    6.685721e-01,   -1.722854e+00,   -6.837406e-01,    4.942428e-01,    6.234172e-01,    4.741642e-01,   -7.327265e-01,   -1.108620e-01,   -1.517700e-02,   -3.651200e-02,    1.415900e-01,   -1.538000e-01,   -9.750000e-02,    1.608300e-01,   -1.892300e-03,    5.996800e-03,    1.363800e-02,    1.363800e-02,    9.914400e-03,    9.914400e-03,    9.914400e-03,    9.914400e-03,    5.158500e-03,    5.158500e-03,
        15,    2.511800e+02,   -1.792256e-02,   -1.501178e-02,    1.888492e-01,   -1.953361e-01,   -1.447453e-01,    2.077171e-01,   -7.650929e-04,    1.104767e-02,    1.393223e+00,   -1.338059e+00,   -5.811410e-01,   -2.916547e-01,    1.381372e-01,    6.623987e-01,   -8.643164e-01,   -4.345699e-01,    2.190000e-03,   -3.432800e-02,    1.811700e-01,   -1.991900e-01,   -1.429200e-01,    2.164700e-01,   -7.614800e-03,    7.603700e-03,    1.443600e-02,    1.443600e-02,    1.321400e-02,    1.321400e-02,    1.321400e-02,    1.321400e-02,    7.925000e-03,    7.925000e-03,
        15,    3.981000e+02,   -1.297088e-02,   -1.458350e-02,    2.333920e-01,   -2.435586e-01,   -1.990615e-01,    2.679765e-01,   -5.113961e-03,    1.441128e-02,    1.833240e+00,   -4.400828e-01,    2.005082e-01,   -8.767180e-01,   -3.775887e-01,    5.210082e-01,   -8.243623e-01,   -7.254391e-01,    1.227100e-02,   -2.064300e-02,    2.368800e-01,   -2.588100e-01,   -2.056300e-01,    2.770400e-01,   -1.417700e-02,    6.435800e-03,    1.376900e-02,    1.376900e-02,    1.739600e-02,    1.739600e-02,    1.739600e-02,    1.739600e-02,    1.099400e-02,    1.099400e-02,
        15,    6.309500e+02,   -1.103812e-02,   -1.437850e-02,    2.850620e-01,   -3.120246e-01,   -2.632911e-01,    3.412313e-01,   -9.187594e-03,    1.687068e-02,    1.947336e+00,    8.063802e-01,    1.150255e+00,   -8.242764e-01,   -9.315657e-01,   -9.380022e-02,   -7.965148e-01,   -9.829317e-01,    1.014500e-02,   -5.606700e-03,    3.108300e-01,   -3.304900e-01,   -2.841600e-01,    3.391300e-01,   -2.065900e-02,    2.714500e-03,    1.087800e-02,    1.087800e-02,    2.240200e-02,    2.240200e-02,    2.240200e-02,    2.240200e-02,    1.440200e-02,    1.440200e-02,
        15,    1.000000e+03,   -1.183064e-02,   -1.739651e-02,    3.499292e-01,   -4.090928e-01,   -3.374180e-01,    4.395234e-01,   -1.224247e-02,    2.060902e-02,    1.349751e+00,    2.417718e+00,    1.840091e+00,   -1.417696e-01,   -1.426878e+00,   -1.062727e+00,   -5.956067e-01,   -1.442531e+00,    2.560400e-03,    8.381200e-03,    4.020700e-01,   -4.131100e-01,   -3.778500e-01,    4.094100e-01,   -2.225700e-02,   -3.645700e-03,    1.066200e-02,    1.066200e-02,    2.833600e-02,    2.833600e-02,    2.833600e-02,    2.833600e-02,    1.681400e-02,    1.681400e-02,
        16,    1.000000e+02,    9.167823e-03,   -1.045172e-02,    9.724019e-02,   -1.049781e-01,   -1.287444e-01,    1.338006e-01,   -8.415288e-03,    9.882983e-03,    3.358023e-01,   -3.551620e-02,    1.541911e-01,   -9.310013e-02,   -8.866278e-02,   -1.393789e-01,    3.834556e-01,   -3.353876e-01,    1.157200e-02,   -1.070600e-02,    9.850200e-02,   -1.057400e-01,   -1.294700e-01,    1.326600e-01,   -5.967000e-03,    7.741600e-03,    7.159500e-03,    7.159500e-03,    8.183400e-03,    8.183400e-03,    8.183400e-03,    8.183400e-03,    6.384800e-03,    6.384800e-03,
        16,    1.584800e+02,    1.172924e-02,   -1.292755e-02,    1.233650e-01,   -1.338023e-01,   -1.619352e-01,    1.706271e-01,   -1.035477e-02,    1.241630e-02,    2.463492e-01,    1.385204e-01,   -1.037465e-01,   -2.207793e-01,   -1.201291e-01,   -1.830841e-01,    3.147733e-01,   -8.194039e-02,    1.385900e-02,   -1.173000e-02,    1.222900e-01,   -1.360900e-01,   -1.631800e-01,    1.687300e-01,   -7.649200e-03,    1.171200e-02,    8.645300e-03,    8.645300e-03,    1.036200e-02,    1.036200e-02,    1.036200e-02,    1.036200e-02,    8.595300e-03,    8.595300e-03,
        16,    2.511800e+02,    1.528877e-02,   -1.574995e-02,    1.559894e-01,   -1.711539e-01,   -2.051584e-01,    2.182753e-01,   -1.349673e-02,    1.601207e-02,    2.754071e-01,    2.102599e-01,   -3.689340e-01,   -3.057747e-01,    2.169672e-01,   -4.023689e-01,    1.153651e-01,    5.168669e-02,    1.828300e-02,   -1.346400e-02,    1.511800e-01,   -1.751400e-01,   -2.023300e-01,    2.130300e-01,   -1.215100e-02,    1.661500e-02,    1.087200e-02,    1.087200e-02,    1.303600e-02,    1.303600e-02,    1.303600e-02,    1.303600e-02,    1.166500e-02,    1.166500e-02,
        16,    3.981000e+02,    1.926919e-02,   -1.903933e-02,    1.975013e-01,   -2.197992e-01,   -2.608287e-01,    2.777310e-01,   -1.773638e-02,    2.023753e-02,    2.988971e-01,    2.334524e-01,   -4.721731e-01,   -3.547105e-01,   -6.927996e-01,   -2.794015e-01,   -1.568883e-01,   -3.510434e-04,    2.335900e-02,   -1.584500e-02,    1.895400e-01,   -2.257800e-01,   -2.725100e-01,    2.730200e-01,   -2.020800e-02,    2.023200e-02,    1.368300e-02,    1.368300e-02,    1.686100e-02,    1.686100e-02,    1.686100e-02,    1.686100e-02,    1.575400e-02,    1.575400e-02,
        16,    6.309500e+02,    2.376736e-02,   -2.352698e-02,    2.503813e-01,   -2.826752e-01,   -3.299463e-01,    3.523463e-01,   -2.292507e-02,    2.542589e-02,    1.182170e+00,    2.751138e-01,   -5.743532e-01,    4.275982e-01,   -3.658573e-01,   -9.002864e-01,   -6.890977e-01,   -2.474775e-01,    4.793800e-02,   -1.790200e-02,    2.384600e-01,   -2.738000e-01,   -3.375400e-01,    3.336600e-01,   -3.763800e-02,    2.014200e-02,    2.044600e-02,    2.044600e-02,    2.075600e-02,    2.075600e-02,    2.075600e-02,    2.075600e-02,    2.135100e-02,    2.135100e-02,
        17,    1.000000e+02,   -6.463375e-03,    1.173701e-02,    8.280465e-02,   -1.211363e-01,   -8.776606e-02,    1.354276e-01,   -3.869334e-03,    1.823246e-03,    6.139262e-01,    1.484992e-01,    4.178689e-01,   -6.641460e-01,    1.978428e+00,    1.111112e+00,   -1.355120e+00,   -6.480846e-02,   -2.366400e-03,    1.272800e-02,    8.608500e-02,   -1.263500e-01,   -7.223500e-02,    1.441500e-01,   -1.331100e-02,    1.371700e-03,    6.673400e-03,    6.673400e-03,    7.850200e-03,    7.850200e-03,    7.850200e-03,    7.850200e-03,    6.967400e-03,    6.967400e-03,
        17,    1.584800e+02,   -8.332915e-03,    1.807917e-02,    1.119077e-01,   -1.654599e-01,   -1.204575e-01,    1.833011e-01,   -5.595311e-03,    2.486589e-04,    3.023202e-01,    6.240766e-02,   -2.627314e-01,   -5.104546e-01,    2.123692e+00,    3.382510e-01,   -1.025606e+00,    2.416396e-01,   -5.485300e-03,    1.866700e-02,    1.091900e-01,   -1.707400e-01,   -9.849000e-02,    1.868000e-01,   -1.401800e-02,    2.233100e-03,    9.419200e-03,    9.419200e-03,    1.034400e-02,    1.034400e-02,    1.034400e-02,    1.034400e-02,    8.212400e-03,    8.212400e-03,
        17,    2.511800e+02,   -1.227119e-02,    2.690848e-02,    1.525749e-01,   -2.214816e-01,   -1.661388e-01,    2.437134e-01,   -6.472867e-03,   -2.785405e-03,    6.574084e-02,   -5.031363e-01,   -6.690041e-01,   -8.945553e-01,    1.510345e+00,   -4.914049e-01,   -7.882928e-01,   -6.232259e-02,   -1.147500e-02,    2.081500e-02,    1.433400e-01,   -2.338300e-01,   -1.452900e-01,    2.369300e-01,   -1.393800e-02,   -3.375600e-03,    1.211100e-02,    1.211100e-02,    1.380400e-02,    1.380400e-02,    1.380400e-02,    1.380400e-02,    9.470000e-03,    9.470000e-03,
        17,    3.981000e+02,   -1.921820e-02,    3.792236e-02,    2.081099e-01,   -2.924335e-01,   -2.276114e-01,    3.194288e-01,   -5.819737e-03,   -6.770777e-03,   -4.435583e-02,   -4.911851e-02,   -1.185484e+00,   -1.167076e+00,    5.794201e-01,   -3.022036e-01,   -4.578087e-02,   -6.660860e-01,   -2.004300e-02,    3.700900e-02,    1.859900e-01,   -3.142100e-01,   -2.168000e-01,    3.137900e-01,   -6.354000e-03,   -1.454400e-02,    1.859500e-02,    1.859500e-02,    1.865900e-02,    1.865900e-02,    1.865900e-02,    1.865900e-02,    1.167000e-02,    1.167000e-02,
        17,    6.309500e+02,   -2.940953e-02,    5.091931e-02,    2.825132e-01,   -3.808609e-01,   -3.083893e-01,    4.140958e-01,   -3.456594e-03,   -1.119380e-02,    1.425119e-01,   -4.083332e-01,   -1.016834e+00,   -1.572758e+00,    3.249526e-01,    7.892485e-02,    4.859795e-01,   -1.960909e-01,   -2.609000e-02,    4.140800e-02,    2.569500e-01,   -4.204000e-01,   -3.002200e-01,    4.160800e-01,    2.710000e-03,   -1.368200e-02,    2.329300e-02,    2.329300e-02,    2.514000e-02,    2.514000e-02,    2.514000e-02,    2.514000e-02,    1.268900e-02,    1.268900e-02,
        17,    1.000000e+03,   -4.292269e-02,    6.627716e-02,    3.781530e-01,   -4.903226e-01,   -4.117750e-01,    5.324830e-01,    7.016598e-04,   -1.555824e-02,    3.675740e-01,   -9.964636e-01,   -1.151775e-01,   -2.523878e+00,   -2.431166e-02,    1.009554e+00,    8.286509e-01,    2.440058e-01,   -3.264900e-02,    3.842600e-02,    3.741500e-01,   -5.780400e-01,   -4.126200e-01,    5.675700e-01,    1.497600e-02,   -1.135500e-02,    2.795000e-02,    2.795000e-02,    3.475500e-02,    3.475500e-02,    3.475500e-02,    3.475500e-02,    1.722600e-02,    1.722600e-02,
        18,    1.000000e+02,    5.558842e-01,   -1.760442e-01,    3.765141e-01,   -2.901900e-01,   -1.910947e+00,    8.244319e-01,   -7.649052e-01,    5.368988e-02,   -3.502591e-01,    2.835347e-02,    8.617334e-01,   -5.470180e-01,    2.627546e-01,    1.392981e-01,    3.119498e-01,    2.206091e-01,    5.274200e-01,   -1.737400e-01,    4.216000e-01,   -3.188100e-01,   -1.897200e+00,    8.317200e-01,   -7.079900e-01,    9.394000e-02,    8.126600e-02,    8.126600e-02,    5.232000e-02,    5.232000e-02,    5.232000e-02,    5.232000e-02,    1.824500e-01,    1.824500e-01,
        18,    1.584800e+02,    5.998188e-01,   -1.799798e-01,    4.423253e-01,   -3.862529e-01,   -2.126889e+00,    9.165669e-01,   -7.608701e-01,    4.181799e-02,   -3.280074e-01,   -6.721282e-02,    8.157489e-01,   -1.048516e-01,    1.804521e-01,    3.868409e-01,    2.115457e-01,    1.776817e-01,    5.696100e-01,   -1.861700e-01,    4.915500e-01,   -3.925800e-01,   -2.116000e+00,    9.399100e-01,   -7.197900e-01,    7.632200e-02,    9.209800e-02,    9.209800e-02,    6.034300e-02,    6.034300e-02,    6.034300e-02,    6.034300e-02,    1.941900e-01,    1.941900e-01,
        18,    2.511800e+02,    6.389466e-01,   -1.925870e-01,    5.379405e-01,   -5.091014e-01,   -2.352391e+00,    1.045700e+00,   -7.611674e-01,    3.894512e-02,   -1.860302e-01,   -1.322428e-01,    6.841883e-01,    2.362671e-01,   -1.519512e-01,    3.845277e-01,    3.685179e-02,    3.999752e-02,    6.192200e-01,   -2.066100e-01,    5.861600e-01,   -4.924500e-01,   -2.363100e+00,    1.072800e+00,   -7.534300e-01,    4.734300e-02,    1.060400e-01,    1.060400e-01,    7.047700e-02,    7.047700e-02,    7.047700e-02,    7.047700e-02,    2.099600e-01,    2.099600e-01,
        18,    3.981000e+02,    6.751344e-01,   -2.217084e-01,    6.639165e-01,   -6.608144e-01,   -2.591817e+00,    1.235576e+00,   -7.555508e-01,    3.939845e-02,   -2.271269e-02,   -1.282979e-01,    3.123416e-01,    4.468884e-01,   -5.631986e-01,    1.120007e-01,   -1.445678e-01,   -1.158261e-01,    6.723600e-01,   -2.373800e-01,    6.896400e-01,   -6.240100e-01,   -2.638200e+00,    1.244800e+00,   -7.884400e-01,    1.304800e-02,    1.221500e-01,    1.221500e-01,    8.235700e-02,    8.235700e-02,    8.235700e-02,    8.235700e-02,    2.275000e-01,    2.275000e-01,
        18,    6.309500e+02,    7.145400e-01,   -2.760764e-01,    8.212102e-01,   -8.545266e-01,   -2.858594e+00,    1.519212e+00,   -7.328284e-01,    5.613743e-02,    1.112297e-01,   -2.379413e-02,   -3.684433e-01,    5.543523e-01,   -5.302959e-01,   -5.554558e-01,   -1.784928e-01,   -3.253321e-01,    7.301700e-01,   -2.794200e-01,    7.859800e-01,   -8.015200e-01,   -2.909300e+00,    1.466100e+00,   -7.753900e-01,   -2.143800e-02,    1.405200e-01,    1.405200e-01,    9.561900e-02,    9.561900e-02,    9.561900e-02,    9.561900e-02,    2.384500e-01,    2.384500e-01,
        18,    1.000000e+03,    7.669313e-01,   -3.620525e-01,    1.019255e+00,   -1.110941e+00,   -3.179482e+00,    1.936127e+00,   -6.957459e-01,    1.145244e-01,    4.965959e-01,    1.639208e-01,   -1.111667e+00,    6.483957e-01,   -3.704629e-01,   -1.315003e+00,   -3.087282e-01,   -5.945330e-01,    8.502800e-01,   -3.345400e-01,    8.943700e-01,   -1.038100e+00,   -3.221100e+00,    1.788400e+00,   -7.739900e-01,   -3.615400e-02,    1.678400e-01,    1.678400e-01,    1.123400e-01,    1.123400e-01,    1.123400e-01,    1.123400e-01,    2.534400e-01,    2.534400e-01,
        19,    1.000000e+02,    3.215051e-03,   -1.003749e-03,    1.132742e-01,   -1.137637e-01,   -1.216292e-01,    1.267662e-01,    2.663787e-02,   -2.855509e-02,   -6.940390e-01,    4.666975e-02,    1.689293e-01,    8.256039e-01,    1.128627e-01,   -1.017460e+00,   -3.991832e-01,   -2.922078e-01,    1.495500e-03,   -8.881200e-04,    1.146500e-01,   -1.070400e-01,   -1.207100e-01,    1.184800e-01,    2.178700e-02,   -3.210600e-02,    2.477600e-03,    2.477600e-03,    8.144000e-03,    8.144000e-03,    8.144000e-03,    8.144000e-03,    1.215200e-02,    1.215200e-02,
        19,    1.584800e+02,    3.344598e-03,    7.413970e-04,    1.381102e-01,   -1.474907e-01,   -1.523920e-01,    1.633718e-01,    3.262848e-02,   -3.919430e-02,   -2.986186e-01,   -4.346150e-01,   -1.253400e-01,    1.209537e+00,    8.237539e-01,   -1.048520e+00,   -3.976173e-01,   -5.616207e-02,    2.369100e-03,   -6.783600e-04,    1.368500e-01,   -1.353300e-01,   -1.441100e-01,    1.528300e-01,    2.663400e-02,   -4.004100e-02,    3.266700e-03,    3.266700e-03,    1.005400e-02,    1.005400e-02,    1.005400e-02,    1.005400e-02,    1.507600e-02,    1.507600e-02,
        19,    2.511800e+02,    1.949902e-03,    2.258922e-03,    1.719644e-01,   -1.945408e-01,   -1.936789e-01,    2.106973e-01,    4.252309e-02,   -5.338975e-02,    4.486655e-01,   -6.853414e-01,   -3.825734e-01,    1.597272e+00,    9.762925e-01,   -9.329954e-01,   -4.594839e-01,    1.386847e-01,    4.099100e-03,   -1.024000e-03,    1.670900e-01,   -1.741900e-01,   -1.812400e-01,    1.988100e-01,    3.370100e-02,   -5.072700e-02,    4.790200e-03,    4.790200e-03,    1.274100e-02,    1.274100e-02,    1.274100e-02,    1.274100e-02,    1.920000e-02,    1.920000e-02,
        19,    3.981000e+02,   -8.154579e-04,    2.513122e-03,    2.194281e-01,   -2.561476e-01,   -2.476772e-01,    2.694520e-01,    5.750812e-02,   -7.040139e-02,   -1.873084e-01,   -1.145452e+00,    1.505875e-01,    1.175203e+00,   -8.704871e-01,   -8.628850e-01,    2.168509e-01,   -1.899055e-01,   -1.873900e-03,   -3.959600e-03,    2.220200e-01,   -2.359200e-01,   -2.626600e-01,    2.546000e-01,    6.369900e-02,   -7.582300e-02,    5.650800e-03,    5.650800e-03,    1.721200e-02,    1.721200e-02,    1.721200e-02,    1.721200e-02,    2.854900e-02,    2.854900e-02,
        19,    6.309500e+02,   -4.365394e-03,    4.382023e-04,    2.833434e-01,   -3.333598e-01,   -3.153101e-01,    3.425794e-01,    7.763462e-02,   -8.936217e-02,   -1.115969e+00,   -5.663102e-02,    1.952399e+00,   -1.372725e-01,   -4.491295e+00,   -5.751355e-01,    1.412940e+00,   -4.389168e-01,   -2.109600e-02,   -4.108100e-04,    3.327000e-01,   -3.368300e-01,   -4.288500e-01,    3.280400e-01,    1.439100e-01,   -1.099500e-01,    1.499200e-02,    1.499200e-02,    2.528000e-02,    2.528000e-02,    2.528000e-02,    2.528000e-02,    4.690600e-02,    4.690600e-02,
        19,    1.000000e+03,   -7.663248e-03,   -4.729959e-03,    3.646746e-01,   -4.297742e-01,   -3.985358e-01,    4.360144e-01,    1.019207e-01,   -1.106571e-01,   -8.650359e-01,    8.876018e-01,    2.848335e+00,   -1.217581e+00,   -5.574739e+00,    2.737127e-03,    1.225463e+00,   -7.155970e-01,   -2.568800e-02,    1.376500e-02,    4.641100e-01,   -4.722800e-01,   -5.931500e-01,    4.361100e-01,    1.786800e-01,   -1.554800e-01,    2.083700e-02,    2.083700e-02,    3.491000e-02,    3.491000e-02,    3.491000e-02,    3.491000e-02,    6.263700e-02,    6.263700e-02,
        20,    6.309500e+02,   -1.109319e-01,    1.579797e-01,    4.689745e-01,   -5.398063e-01,   -4.996556e-01,    5.585570e-01,    5.170508e-02,   -6.762738e-02,    1.809346e+00,    6.421966e-01,   -3.318232e-02,    5.390894e-01,   -1.071967e+00,   -2.999177e+00,    1.943340e+00,   -3.945129e-01,   -1.798400e-02,    1.909700e-01,    4.605100e-01,   -4.022900e-01,   -5.582000e-01,    3.947600e-01,    1.529900e-01,   -8.818900e-02,    5.137100e-02,    5.137100e-02,    2.550900e-01,    2.550900e-01,    5.461400e-02,    5.461400e-02,    5.211900e-02,    5.211900e-02,
        21,    1.000000e+02,   -2.084884e-03,    2.302477e-03,    1.282882e-01,   -1.319853e-01,   -1.269292e-01,    1.272094e-01,   -1.245246e-03,    1.034860e-03,   -5.503341e-02,   -7.438984e-02,   -5.509271e-02,    4.567628e-01,   -9.958387e-02,   -3.382939e-01,   -8.129143e-01,    2.290268e-01,   -2.276400e-03,    2.043600e-03,    1.270500e-01,   -1.217200e-01,   -1.287100e-01,    1.211600e-01,   -5.030500e-03,    2.101300e-03,    3.480000e-03,    3.480000e-03,    2.247400e-02,    2.247400e-02,    1.788200e-02,    1.788200e-02,    4.656400e-03,    4.656400e-03,
        21,    1.584800e+02,   -3.727322e-03,    1.869253e-03,    1.615869e-01,   -1.638010e-01,   -1.579430e-01,    1.569543e-01,   -1.770283e-03,    1.368489e-03,    5.242124e-02,    7.009158e-02,   -1.586460e-01,    4.308494e-01,    9.189110e-02,   -3.909569e-01,   -7.429341e-01,   -2.291626e-01,   -3.491400e-03,    2.184700e-03,    1.571900e-01,   -1.518600e-01,   -1.559300e-01,    1.483900e-01,   -5.661400e-03,    1.682500e-04,    4.500500e-03,    4.500500e-03,    2.771500e-02,    2.771500e-02,    2.190600e-02,    2.190600e-02,    5.237500e-03,    5.237500e-03,
        21,    2.511800e+02,   -4.521478e-03,    1.251516e-03,    1.998032e-01,   -2.058515e-01,   -1.932558e-01,    1.979164e-01,   -2.771418e-03,    1.190723e-03,   -6.617577e-02,    2.216920e-01,   -2.459314e-01,    4.425509e-01,    1.603033e-01,   -4.682737e-01,   -4.772062e-01,   -4.084627e-01,   -4.904900e-03,    2.536000e-03,    1.914000e-01,   -1.907300e-01,   -1.889300e-01,    1.852800e-01,   -5.543700e-03,   -1.182200e-03,    5.794000e-03,    5.794000e-03,    3.416900e-02,    3.416900e-02,    2.698500e-02,    2.698500e-02,    5.809400e-03,    5.809400e-03,
        21,    3.981000e+02,   -5.582521e-03,    8.346597e-04,    2.461305e-01,   -2.639135e-01,   -2.366066e-01,    2.556436e-01,   -3.739972e-03,    2.835602e-04,    1.904862e-01,   -2.190000e-02,   -1.853232e-01,    5.674799e-01,    1.890438e-01,   -5.999053e-01,   -1.341148e-01,   -5.970877e-01,   -4.465700e-03,    7.062600e-04,    2.382100e-01,   -2.396600e-01,   -2.302400e-01,    2.354400e-01,   -4.626900e-03,   -3.665100e-03,    5.863000e-03,    5.863000e-03,    4.273900e-02,    4.273900e-02,    3.367800e-02,    3.367800e-02,    6.613200e-03,    6.613200e-03,
        21,    6.309500e+02,   -7.719877e-03,   -2.628610e-04,    3.053347e-01,   -3.432950e-01,   -2.932371e-01,    3.349548e-01,   -4.287454e-03,   -1.302871e-03,    2.043541e-01,   -1.524295e-02,   -9.758944e-03,    7.610383e-01,    1.736431e-01,   -7.763521e-01,    3.456318e-01,   -7.773155e-01,   -6.144900e-03,   -3.803400e-04,    3.048000e-01,   -3.016000e-01,   -2.857500e-01,    3.014800e-01,   -1.260100e-03,   -8.111300e-03,    7.707100e-03,    7.707100e-03,    5.478700e-02,    5.478700e-02,    4.311800e-02,    4.311800e-02,    8.758900e-03,    8.758900e-03,
        21,    1.000000e+03,   -1.112017e-02,   -3.591811e-03,    3.821425e-01,   -4.498460e-01,   -3.672389e-01,    4.408906e-01,   -4.262538e-03,   -3.187096e-03,   -1.631066e-02,    2.190430e-01,    3.538104e-01,    8.329646e-01,   -6.391228e-03,   -7.433608e-01,    5.865391e-01,   -9.847244e-01,   -1.131600e-02,   -9.619800e-04,    4.075500e-01,   -3.900300e-01,   -3.676000e-01,    3.988900e-01,    4.572500e-03,   -1.802000e-02,    1.200600e-02,    1.200600e-02,    7.181100e-02,    7.181100e-02,    5.650100e-02,    5.650100e-02,    1.506300e-02,    1.506300e-02,
        22,    1.000000e+02,    6.660819e-03,   -9.655875e-03,    7.995413e-02,   -1.265619e-01,   -8.395288e-02,    1.295629e-01,   -8.131588e-03,    1.233985e-02,   -2.081861e-01,   -1.604976e-02,    3.059878e-02,    2.107466e+00,   -2.041413e+00,   -1.953818e+00,    4.856771e-01,   -7.290417e-02,    5.438600e-03,   -9.750100e-03,    8.017500e-02,   -1.113500e-01,   -9.868800e-02,    1.154600e-01,   -4.914900e-03,    1.185700e-02,    5.870800e-03,    5.870800e-03,    7.218100e-03,    7.218100e-03,    7.218100e-03,    7.218100e-03,    6.623100e-03,    6.623100e-03,
        22,    1.584800e+02,    9.136601e-03,   -1.121955e-02,    1.099782e-01,   -1.728117e-01,   -1.162188e-01,    1.739266e-01,   -1.208925e-02,    1.456199e-02,   -2.503269e-01,    2.910613e-01,   -2.297925e-01,    1.442842e+00,   -7.224670e-01,   -1.247804e+00,    3.507788e-01,    6.026570e-02,    7.355400e-03,   -9.148500e-03,    1.077100e-01,   -1.585700e-01,   -1.233500e-01,    1.616100e-01,   -8.946100e-03,    1.510200e-02,    7.115500e-03,    7.115500e-03,    9.870600e-03,    9.870600e-03,    9.870600e-03,    9.870600e-03,    8.960500e-03,    8.960500e-03,
        22,    2.511800e+02,    1.237140e-02,   -1.314945e-02,    1.517869e-01,   -2.320555e-01,   -1.606017e-01,    2.294906e-01,   -1.656371e-02,    1.674741e-02,   -3.148125e-01,    4.757841e-01,   -2.611981e-01,    2.457193e-01,    6.540488e-01,   -1.216028e-01,    1.490096e-01,    2.205394e-01,    9.554900e-03,   -8.892800e-03,    1.482200e-01,   -2.287000e-01,   -1.516700e-01,    2.278300e-01,   -1.473700e-02,    1.945100e-02,    8.946600e-03,    8.946600e-03,    1.365600e-02,    1.365600e-02,    1.365600e-02,    1.365600e-02,    1.225900e-02,    1.225900e-02,
        22,    3.981000e+02,    1.616111e-02,   -1.516582e-02,    2.096322e-01,   -3.077184e-01,   -2.202521e-01,    2.984557e-01,   -2.148341e-02,    1.905296e-02,   -4.459132e-02,    3.826104e-01,   -2.500492e-01,   -7.572837e-01,    1.076463e+00,    1.015288e+00,    1.266075e-01,    3.422660e-01,    1.559600e-02,   -1.031700e-02,    2.049000e-01,   -3.220500e-01,   -1.998800e-01,    3.176700e-01,   -1.942300e-02,    2.462300e-02,    1.267300e-02,    1.267300e-02,    1.892500e-02,    1.892500e-02,    1.892500e-02,    1.892500e-02,    1.627400e-02,    1.627400e-02,
        22,    6.309500e+02,    2.018087e-02,   -1.746834e-02,    2.880494e-01,   -4.022779e-01,   -2.983083e-01,    3.829127e-01,   -2.676128e-02,    2.169702e-02,    6.404690e-01,   -6.447853e-02,   -2.781074e-01,   -1.175782e+00,   -1.175597e-01,    1.689096e+00,    4.109505e-01,    3.611294e-01,    3.374600e-02,   -1.883400e-02,    2.808300e-01,   -4.328000e-01,   -3.013600e-01,    4.267600e-01,   -1.850200e-02,    2.895500e-02,    2.118000e-02,    2.118000e-02,    2.595900e-02,    2.595900e-02,    2.595900e-02,    2.595900e-02,    2.009800e-02,    2.009800e-02,
        22,    1.000000e+03,    2.444120e-02,   -2.063014e-02,    3.903561e-01,   -5.191675e-01,   -3.968081e-01,    4.863142e-01,   -3.250636e-02,    2.513866e-02,    5.583324e-01,   -4.410015e-01,    2.173775e-01,   -1.995811e+00,   -1.305648e+00,    1.484119e+00,    6.975862e-03,    1.621791e-02,    4.064400e-02,   -3.342800e-02,    3.980100e-01,   -5.894400e-01,   -4.427800e-01,    5.385700e-01,   -3.232900e-02,    2.555100e-02,    2.902000e-02,    2.902000e-02,    3.521000e-02,    3.521000e-02,    3.521000e-02,    3.521000e-02,    2.542500e-02,    2.542500e-02,
        23,    1.000000e+02,    8.055971e-04,   -2.040520e-03,    8.612135e-02,   -9.815255e-02,   -7.090378e-02,    9.484163e-02,    6.159655e-03,   -5.966357e-03,    1.470640e+00,   -1.484330e-01,   -1.278707e+00,    1.385755e-01,    9.003497e-01,   -4.764640e-01,    7.476047e-01,    6.729844e-01,    7.970700e-03,   -2.763700e-03,    7.852200e-02,   -9.732900e-02,   -6.555300e-02,    9.201000e-02,    9.984700e-03,   -2.523100e-03,    4.872100e-03,    4.872100e-03,    5.943000e-03,    5.943000e-03,    5.943000e-03,    5.943000e-03,    5.116400e-03,    5.116400e-03,
        23,    1.584800e+02,   -2.824866e-04,   -3.519638e-03,    1.126875e-01,   -1.308155e-01,   -9.714429e-02,    1.268264e-01,    6.986531e-03,   -8.191687e-03,    1.589081e+00,    2.505660e-01,   -1.240675e+00,   -1.477957e-01,    8.149035e-01,    6.230748e-02,    6.378100e-01,    8.554119e-01,    9.158400e-03,   -2.031000e-03,    1.026600e-01,   -1.320100e-01,   -9.055800e-02,    1.273300e-01,    1.101800e-02,   -2.784800e-03,    5.941100e-03,    5.941100e-03,    8.082300e-03,    8.082300e-03,    8.082300e-03,    8.082300e-03,    6.320800e-03,    6.320800e-03,
        23,    2.511800e+02,   -5.645967e-04,   -6.548336e-03,    1.471638e-01,   -1.687536e-01,   -1.303406e-01,    1.643253e-01,    8.780613e-03,   -1.120488e-02,    1.499321e+00,    6.466334e-01,   -1.027675e+00,   -3.411680e-01,    3.078736e-01,    3.131788e-02,    4.309032e-01,    1.222280e+00,    1.015000e-02,   -1.927300e-03,    1.361800e-01,   -1.724000e-01,   -1.270500e-01,    1.646600e-01,    1.203600e-02,   -1.970800e-03,    7.146300e-03,    7.146300e-03,    1.068800e-02,    1.068800e-02,    1.068800e-02,    1.068800e-02,    7.554800e-03,    7.554800e-03,
        23,    3.981000e+02,   -2.572161e-04,   -1.084062e-02,    1.896567e-01,   -2.158627e-01,   -1.719058e-01,    2.109657e-01,    1.109569e-02,   -1.491429e-02,    1.309564e+00,    1.064431e+00,   -4.939753e-01,   -4.079096e-01,    3.730685e-01,   -2.688611e-01,    2.078598e-01,    1.792558e+00,    1.073500e-02,   -1.906000e-03,    1.828300e-01,   -2.215000e-01,   -1.667500e-01,    2.072500e-01,    1.292600e-02,    8.700800e-04,    8.393800e-03,    8.393800e-03,    1.382000e-02,    1.382000e-02,    1.382000e-02,    1.382000e-02,    8.805500e-03,    8.805500e-03,
        23,    6.309500e+02,    5.005074e-04,   -1.723097e-02,    2.428949e-01,   -2.763398e-01,   -2.237772e-01,    2.700375e-01,    1.374097e-02,   -1.994053e-02,    1.022703e+00,    1.663135e+00,    1.035800e+00,   -1.043834e-01,   -4.334853e-01,   -3.780052e-01,    1.381469e-02,    2.045097e+00,    1.008600e-02,   -1.642900e-03,    2.618500e-01,   -2.782500e-01,   -2.317100e-01,    2.631200e-01,    1.388600e-02,    1.528900e-03,    9.372700e-03,    9.372700e-03,    1.830000e-02,    1.830000e-02,    1.830000e-02,    1.830000e-02,    1.049800e-02,    1.049800e-02,
        23,    1.000000e+03,    2.214562e-03,   -2.677916e-02,    3.101458e-01,   -3.543081e-01,   -2.879766e-01,    3.462590e-01,    1.657824e-02,   -2.710322e-02,    4.875210e-01,    2.901796e+00,    3.008812e+00,    7.876177e-02,   -1.843421e+00,   -1.552351e-01,   -1.721484e-01,    2.087525e+00,    6.514400e-03,   -1.185900e-03,    3.853300e-01,   -3.523400e-01,   -3.340400e-01,    3.423800e-01,    1.443000e-02,   -1.053000e-03,    8.819800e-03,    8.819800e-03,    2.498800e-02,    2.498800e-02,    2.498800e-02,    2.498800e-02,    1.247900e-02,    1.247900e-02,
        24,    1.000000e+02,    1.488335e-03,   -5.286103e-03,    8.937157e-02,   -1.114245e-01,   -9.791332e-02,    1.119441e-01,   -7.016486e-04,    6.611949e-03,    1.261064e+00,    1.150843e+00,   -1.701491e-01,    9.910159e-01,    9.345464e-01,   -7.989555e-01,   -8.821818e-01,   -1.678954e-01,    7.582300e-03,    2.752300e-04,    8.819300e-02,   -1.045600e-01,   -9.144000e-02,    1.064100e-01,   -5.044100e-03,    5.785500e-03,    4.832400e-03,    4.832400e-03,    6.926700e-03,    6.926700e-03,    6.926700e-03,    6.926700e-03,    4.922400e-03,    4.922400e-03,
        24,    1.584800e+02,    3.483639e-03,   -7.364852e-03,    1.132111e-01,   -1.516766e-01,   -1.241398e-01,    1.463388e-01,   -2.780326e-03,    9.315445e-03,    1.009746e+00,    9.216341e-01,   -3.264045e-01,    8.883891e-01,    1.017281e+00,   -4.162351e-01,   -7.736439e-01,   -4.725752e-01,    9.944800e-03,   -1.467500e-03,    1.102400e-01,   -1.435900e-01,   -1.148800e-01,    1.425500e-01,   -7.738300e-03,    6.286900e-03,    6.398800e-03,    6.398800e-03,    9.102500e-03,    9.102500e-03,    9.102500e-03,    9.102500e-03,    6.408600e-03,    6.408600e-03,
        24,    2.511800e+02,    6.213261e-03,   -9.080175e-03,    1.488758e-01,   -2.060590e-01,   -1.594102e-01,    1.918039e-01,   -5.499192e-03,    1.234651e-02,    7.782652e-01,    2.718636e-01,   -7.043976e-01,    4.080176e-01,    1.198084e+00,    2.692876e-01,   -6.952324e-01,   -7.277597e-01,    1.324800e-02,   -6.622800e-03,    1.402800e-01,   -2.010800e-01,   -1.447900e-01,    1.950900e-01,   -1.134700e-02,    6.225100e-03,    9.039000e-03,    9.039000e-03,    1.220300e-02,    1.220300e-02,    1.220300e-02,    1.220300e-02,    8.411300e-03,    8.411300e-03,
        24,    3.981000e+02,    9.399299e-03,   -1.029434e-02,    2.008698e-01,   -2.747441e-01,   -2.071385e-01,    2.503371e-01,   -9.316816e-03,    1.579578e-02,    8.706062e-01,    2.180527e-01,   -1.069781e+00,   -4.065744e-01,    1.301137e+00,    1.208587e+00,   -4.614112e-01,   -9.405866e-01,    2.060400e-02,   -7.488000e-03,    1.831200e-01,   -2.814900e-01,   -1.855500e-01,    2.703900e-01,   -1.422900e-02,    5.782300e-03,    1.287000e-02,    1.287000e-02,    1.659200e-02,    1.659200e-02,    1.659200e-02,    1.659200e-02,    1.064600e-02,    1.064600e-02,
        24,    6.309500e+02,    1.241164e-02,   -1.107802e-02,    2.710218e-01,   -3.589465e-01,   -2.703919e-01,    3.238798e-01,   -1.414301e-02,    1.921444e-02,    1.034044e+00,    4.834873e-01,   -1.185751e+00,   -1.265822e+00,    1.304411e+00,    2.079825e+00,   -1.252336e-01,   -1.124409e+00,    3.089000e-02,   -2.438100e-03,    2.443400e-01,   -3.874300e-01,   -2.410400e-01,    3.706800e-01,   -1.574600e-02,    4.822000e-03,    1.787000e-02,    1.787000e-02,    2.250200e-02,    2.250200e-02,    2.250200e-02,    2.250200e-02,    1.280000e-02,    1.280000e-02,
        24,    1.000000e+03,    1.484603e-02,   -1.225221e-02,    3.610667e-01,   -4.632385e-01,   -3.515461e-01,    4.158768e-01,   -1.942278e-02,    2.281271e-02,    8.737336e-01,    5.428126e-01,   -7.702055e-01,   -2.036881e+00,    8.621003e-01,    2.835705e+00,   -3.858437e-02,   -1.213855e+00,    3.392400e-02,   -3.999000e-04,    3.375200e-01,   -5.255100e-01,   -3.251900e-01,    5.025700e-01,   -2.006000e-02,    2.765900e-03,    2.183500e-02,    2.183500e-02,    3.057200e-02,    3.057200e-02,    3.057200e-02,    3.057200e-02,    1.651500e-02,    1.651500e-02,
        25,    1.000000e+02,    2.160535e-01,   -7.283765e-02,    2.993342e-01,   -3.734878e-01,   -5.378496e-01,    3.579900e-01,   -1.764899e-01,    1.345146e-01,    2.502787e-01,    1.215680e-01,    5.956101e-01,    9.475682e-02,   -1.285317e+00,    1.834145e-01,   -6.294942e-01,   -2.468511e-01,    2.288500e-01,   -6.662200e-02,    3.164800e-01,   -3.707600e-01,   -5.748500e-01,    3.632700e-01,   -2.151100e-01,    1.193700e-01,    5.112900e-02,    5.112900e-02,    2.878700e-02,    2.878700e-02,    2.878700e-02,    2.878700e-02,    6.135100e-02,    6.135100e-02,
        25,    1.584800e+02,    2.320138e-01,   -6.144616e-02,    4.057578e-01,   -4.683719e-01,   -6.241934e-01,    4.092440e-01,   -2.145946e-01,    1.457776e-01,    1.178533e-01,    3.203099e-01,    5.921574e-01,    1.758404e-01,   -9.012771e-01,   -2.348825e-01,   -4.653157e-01,   -2.874876e-01,    2.389200e-01,   -4.267600e-02,    4.263400e-01,   -4.622600e-01,   -6.555200e-01,    4.010800e-01,   -2.468000e-01,    1.258800e-01,    5.860000e-02,    5.860000e-02,    3.475800e-02,    3.475800e-02,    3.475800e-02,    3.475800e-02,    6.921200e-02,    6.921200e-02,
        25,    2.511800e+02,    2.373065e-01,   -5.687850e-02,    5.354928e-01,   -5.754008e-01,   -7.086796e-01,    4.892548e-01,   -2.482059e-01,    1.604333e-01,   -9.857467e-02,    4.818090e-01,    4.592817e-01,    3.879526e-01,   -5.574951e-01,   -8.719304e-01,   -2.263661e-01,   -3.302304e-01,    2.309800e-01,   -2.595600e-02,    5.544000e-01,   -5.594300e-01,   -7.316300e-01,    4.533600e-01,   -2.654000e-01,    1.353500e-01,    6.418000e-02,    6.418000e-02,    4.116700e-02,    4.116700e-02,    4.116700e-02,    4.116700e-02,    7.595700e-02,    7.595700e-02,
        25,    3.981000e+02,    2.360161e-01,   -6.685819e-02,    6.841352e-01,   -7.025478e-01,   -7.993248e-01,    6.184735e-01,   -2.760605e-01,    1.883622e-01,   -3.150717e-01,    6.795925e-01,    2.522903e-01,    7.486531e-01,   -5.703010e-03,   -1.566478e+00,    3.278604e-02,   -3.440939e-01,    2.144800e-01,   -2.040600e-02,    6.963100e-01,   -6.664200e-01,   -7.996000e-01,    5.428800e-01,   -2.733400e-01,    1.598100e-01,    6.835300e-02,    6.835300e-02,    4.825700e-02,    4.825700e-02,    4.825700e-02,    4.825700e-02,    8.297800e-02,    8.297800e-02,
        25,    6.309500e+02,    2.354841e-01,   -9.747497e-02,    8.510728e-01,   -8.676000e-01,   -9.126134e-01,    8.200029e-01,   -3.035603e-01,    2.424934e-01,   -4.778373e-01,    6.208602e-01,    2.449025e-01,    1.004576e+00,    6.232738e-01,   -1.535985e+00,    3.493787e-01,   -1.118567e-01,    2.000300e-01,   -5.140900e-02,    8.653100e-01,   -8.092000e-01,   -8.763800e-01,    7.307100e-01,   -2.701600e-01,    2.318000e-01,    7.419700e-02,    7.419700e-02,    5.813400e-02,    5.813400e-02,    5.813400e-02,    5.813400e-02,    9.559900e-02,    9.559900e-02,
        26,    3.981000e+02,   -1.273713e-02,    2.757020e-03,    2.477141e-01,   -2.548754e-01,   -2.068109e-01,    2.379895e-01,    6.419482e-03,    2.353548e-03,   -1.270762e+00,   -6.112725e-01,   -1.281276e+00,   -3.100690e-01,    2.753644e+00,    1.301993e+00,    1.967690e-01,    3.722220e-01,   -3.344800e-02,   -7.205500e-03,    2.269100e-01,   -2.599100e-01,   -1.621000e-01,    2.591300e-01,    8.023700e-03,    5.388200e-03,    1.629800e-02,    1.629800e-02,    1.623700e-02,    1.623700e-02,    1.623700e-02,    1.623700e-02,    8.152800e-03,    8.152800e-03,
        26,    6.309500e+02,   -1.546561e-02,    5.178680e-03,    3.066736e-01,   -3.398538e-01,   -2.609907e-01,    3.059136e-01,    6.539987e-03,    5.233096e-04,   -1.203131e+00,   -1.070711e+00,   -5.099393e-01,   -9.165897e-01,    1.271944e+00,    1.322674e+00,    9.861728e-01,    5.817866e-01,   -4.174800e-02,   -1.821100e-02,    2.955600e-01,   -3.598300e-01,   -2.332700e-01,    3.347400e-01,    2.073200e-02,    8.895800e-03,    2.184500e-02,    2.184500e-02,    2.179400e-02,    2.179400e-02,    2.179400e-02,    2.179400e-02,    1.439100e-02,    1.439100e-02,
        26,    1.000000e+03,   -2.091907e-02,    5.399356e-03,    3.849135e-01,   -4.495777e-01,   -3.271634e-01,    3.985338e-01,    8.392142e-03,    2.682750e-04,   -9.422508e-01,   -1.161358e+00,   -1.885663e-02,   -3.747470e-01,    1.354927e-01,    9.336977e-01,    8.156210e-01,    6.644487e-01,   -4.603100e-02,   -2.555200e-02,    3.843800e-01,   -4.601800e-01,   -3.233300e-01,    4.249500e-01,    2.271200e-02,    1.193400e-02,    2.665100e-02,    2.665100e-02,    2.829200e-02,    2.829200e-02,    2.829200e-02,    2.829200e-02,    1.755700e-02,    1.755700e-02,
        27,    1.000000e+02,    1.940460e-03,   -9.544473e-04,    9.995261e-02,   -1.214601e-01,   -8.542163e-02,    1.227099e-01,    2.073799e-03,   -1.675918e-03,   -7.837617e-01,   -9.356944e-01,    5.222815e-02,    1.524707e-01,    1.130894e+00,    4.705320e-01,   -1.132964e+00,   -1.277845e+00,   -1.389900e-03,   -4.930400e-03,    1.003500e-01,   -1.203000e-01,   -7.681700e-02,    1.262900e-01,   -4.512800e-03,   -9.104800e-03,    4.249200e-03,    4.249200e-03,    7.608700e-03,    7.608700e-03,    7.608700e-03,    7.608700e-03,    5.813600e-03,    5.813600e-03,
        27,    1.584800e+02,    2.987008e-03,    3.649831e-04,    1.305108e-01,   -1.683202e-01,   -1.186632e-01,    1.642785e-01,    1.675122e-03,   -2.490370e-03,   -4.362901e-01,   -9.653898e-01,   -8.411776e-01,    3.049925e-01,    8.268424e-01,    1.020927e+00,   -5.475633e-01,   -8.614664e-01,    1.135000e-03,   -3.733000e-03,    1.218500e-01,   -1.651800e-01,   -1.101500e-01,    1.747900e-01,   -1.637800e-03,   -7.702500e-03,    4.244900e-03,    4.244900e-03,    1.029600e-02,    1.029600e-02,    1.029600e-02,    1.029600e-02,    6.050300e-03,    6.050300e-03,
        27,    2.511800e+02,    2.335144e-03,    1.962516e-03,    1.762536e-01,   -2.233970e-01,   -1.609869e-01,    2.130317e-01,    2.413610e-03,   -4.174443e-03,   -5.255634e-01,   -8.091559e-01,   -8.822917e-01,    2.208338e-01,    3.589522e-02,    1.102242e+00,   -2.178751e-01,   -3.080359e-01,    1.016400e-03,   -6.781800e-05,    1.640400e-01,   -2.203400e-01,   -1.604900e-01,    2.282900e-01,    1.055900e-03,   -6.094000e-03,    2.509200e-03,    2.509200e-03,    1.384300e-02,    1.384300e-02,    1.384300e-02,    1.384300e-02,    6.231600e-03,    6.231600e-03,
        27,    3.981000e+02,    1.145377e-03,    2.517521e-03,    2.347285e-01,   -2.869195e-01,   -2.132959e-01,    2.745433e-01,    4.271556e-03,   -5.428511e-03,   -5.268080e-01,    2.218076e-01,   -4.418539e-01,   -2.672951e-02,   -7.358787e-01,    8.341049e-01,   -1.419448e-01,    1.064867e-01,   -2.001300e-03,    3.842400e-03,    2.266200e-01,   -2.874100e-01,   -2.268000e-01,    2.898500e-01,    3.293400e-03,   -4.694700e-03,    5.973100e-03,    5.973100e-03,    1.835100e-02,    1.835100e-02,    1.835100e-02,    1.835100e-02,    6.891100e-03,    6.891100e-03,
        27,    6.309500e+02,    4.080662e-04,    2.669382e-03,    3.045273e-01,   -3.657921e-01,   -2.789400e-01,    3.537333e-01,    6.202817e-03,   -5.964781e-03,   -9.248478e-01,    4.242039e-01,    1.402387e-01,    3.284682e-01,   -9.953575e-01,    9.143051e-02,   -1.628809e-01,    1.046189e-01,   -1.043300e-02,    7.641900e-03,    3.078200e-01,   -3.580800e-01,   -3.023100e-01,    3.558800e-01,    4.807400e-03,   -5.068500e-03,    1.172200e-02,    1.172200e-02,    2.347900e-02,    2.347900e-02,    2.347900e-02,    2.347900e-02,    8.567100e-03,    8.567100e-03,
        27,    1.000000e+03,    4.713399e-05,    3.088332e-03,    3.885346e-01,   -4.691180e-01,   -3.600151e-01,    4.568114e-01,    7.840495e-03,   -6.591287e-03,   -1.016739e+00,    3.091284e-01,    1.126346e+00,    1.237023e+00,   -1.485998e+00,   -4.477247e-01,   -1.004942e+00,   -9.880404e-02,   -1.563200e-02,    7.855400e-03,    4.224500e-01,   -4.318700e-01,   -4.047600e-01,    4.433300e-01,   -2.652100e-03,   -7.622900e-03,    1.542100e-02,    1.542100e-02,    3.011100e-02,    3.011100e-02,    3.011100e-02,    3.011100e-02,    1.044100e-02,    1.044100e-02,
        28,    1.000000e+02,    5.473796e-02,   -6.354726e-02,    1.093985e-01,   -1.085658e-01,   -9.319237e-02,    1.030539e-01,   -3.175051e-02,    3.574966e-02,   -1.889596e-02,   -3.600518e-01,    3.899066e-01,   -9.985328e-01,   -7.566167e-01,   -2.417040e-01,   -3.141166e-01,    1.819647e-03,    5.438100e-02,   -7.034900e-02,    1.189200e-01,   -1.329500e-01,   -1.051000e-01,    9.925000e-02,   -3.578000e-02,    3.577300e-02,    1.889100e-02,    1.889100e-02,    2.442000e-02,    2.442000e-02,    1.573800e-02,    1.573800e-02,    1.282800e-02,    1.282800e-02,
        28,    1.584800e+02,    7.116581e-02,   -7.761211e-02,    1.325301e-01,   -1.433179e-01,   -1.183457e-01,    1.356933e-01,   -4.165322e-02,    4.167726e-02,    2.663596e-01,   -1.885198e-01,    6.139866e-01,   -7.562998e-01,   -7.015481e-01,   -5.938719e-01,   -3.258724e-01,   -1.397633e-01,    7.753500e-02,   -8.212000e-02,    1.513500e-01,   -1.665000e-01,   -1.322300e-01,    1.239400e-01,   -4.680200e-02,    3.946900e-02,    2.391200e-02,    2.391200e-02,    3.065200e-02,    3.065200e-02,    1.979100e-02,    1.979100e-02,    1.580000e-02,    1.580000e-02,
        28,    2.511800e+02,    8.901935e-02,   -9.560653e-02,    1.640146e-01,   -1.897721e-01,   -1.507231e-01,    1.759819e-01,   -5.055270e-02,    4.941693e-02,    4.270142e-01,    9.224546e-02,    8.329507e-01,   -3.593711e-01,   -5.678482e-01,   -9.234910e-01,   -4.023239e-01,   -3.881420e-01,    1.016500e-01,   -9.287800e-02,    1.958100e-01,   -2.034900e-01,   -1.646700e-01,    1.533000e-01,   -5.822300e-02,    4.201700e-02,    2.957900e-02,    2.957900e-02,    3.817200e-02,    3.817200e-02,    2.456100e-02,    2.456100e-02,    1.906500e-02,    1.906500e-02,
        28,    3.981000e+02,    1.091163e-01,   -1.216343e-01,    2.040736e-01,   -2.510818e-01,   -1.890067e-01,    2.283429e-01,   -6.019043e-02,    6.287831e-02,    4.837242e-01,    3.981354e-01,    9.680197e-01,    2.552013e-02,   -5.126161e-01,   -1.237810e+00,   -4.873171e-01,   -7.242096e-01,    1.266900e-01,   -1.071700e-01,    2.500400e-01,   -2.498700e-01,   -2.046000e-01,    1.906900e-01,   -7.146500e-02,    4.612300e-02,    3.633000e-02,    3.633000e-02,    4.748500e-02,    4.748500e-02,    3.041900e-02,    3.041900e-02,    2.313600e-02,    2.313600e-02,
        28,    6.309500e+02,    1.341742e-01,   -1.582535e-01,    2.533070e-01,   -3.347684e-01,   -2.348859e-01,    3.006750e-01,   -7.348389e-02,    8.205142e-02,    4.161792e-01,    6.624742e-01,    9.633920e-01,    3.726704e-01,   -4.837185e-01,   -1.722856e+00,   -4.624770e-01,   -1.095047e+00,    1.526900e-01,   -1.287800e-01,    3.100200e-01,   -3.128300e-01,   -2.530500e-01,    2.359800e-01,   -8.642400e-02,    5.141200e-02,    4.449000e-02,    4.449000e-02,    5.886800e-02,    5.886800e-02,    3.755100e-02,    3.755100e-02,    2.798000e-02,    2.798000e-02,
        28,    1.000000e+03,    1.644448e-01,   -2.088175e-01,    3.138951e-01,   -4.518797e-01,   -2.911139e-01,    4.019912e-01,   -8.971742e-02,    1.078597e-01,    4.867889e-01,    9.132455e-01,    1.080483e+00,    6.724158e-01,   -5.374344e-01,   -2.291185e+00,   -2.847961e-01,   -1.551550e+00,    1.917400e-01,   -1.576100e-01,    3.942700e-01,   -4.018600e-01,   -3.165200e-01,    2.936800e-01,   -9.919600e-02,    5.622100e-02,    5.607200e-02,    5.607200e-02,    7.438800e-02,    7.438800e-02,    4.727300e-02,    4.727300e-02,    3.328200e-02,    3.328200e-02,
        29,    1.000000e+02,    3.982384e-01,   -1.621681e-01,    3.756781e-01,   -2.657137e-01,   -7.354027e-01,    4.473806e-01,   -3.214252e-01,    5.308032e-02,   -2.111329e-02,    4.555590e-01,    1.052520e-01,   -5.454943e-01,    3.682605e-01,   -5.145783e-01,   -1.741818e-01,   -7.942630e-02,    3.968300e-01,   -1.317800e-01,    3.790000e-01,   -2.829300e-01,   -7.237800e-01,    4.311400e-01,   -3.353800e-01,    4.671700e-02,    6.670500e-02,    6.670500e-02,    3.156100e-02,    3.156100e-02,    3.156100e-02,    3.156100e-02,    8.011600e-02,    8.011600e-02,
        29,    1.584800e+02,    4.390758e-01,   -1.879481e-01,    4.326244e-01,   -3.317199e-01,   -8.433907e-01,    5.487570e-01,   -3.322961e-01,    3.561672e-02,   -1.411710e-01,    3.719770e-01,    2.699200e-01,   -4.011712e-01,    3.958254e-01,   -2.238354e-01,   -2.353629e-01,   -2.677445e-01,    4.283400e-01,   -1.596600e-01,    4.426900e-01,   -3.466800e-01,   -8.286300e-01,    5.404100e-01,   -3.531700e-01,    1.187100e-02,    7.604800e-02,    7.604800e-02,    3.729100e-02,    3.729100e-02,    3.729100e-02,    3.729100e-02,    8.868800e-02,    8.868800e-02,
        29,    2.511800e+02,    4.857031e-01,   -2.233004e-01,    5.036476e-01,   -4.253852e-01,   -9.717169e-01,    6.862124e-01,   -3.414469e-01,    1.951060e-02,   -1.567846e-01,    3.127018e-01,    3.395651e-02,   -1.029536e-01,    4.636390e-01,   -3.220110e-01,   -2.226657e-01,   -4.720925e-01,    4.720100e-01,   -1.959900e-01,    5.051400e-01,   -4.299100e-01,   -9.513400e-01,    6.720600e-01,   -3.632000e-01,   -2.661000e-02,    8.733700e-02,    8.733700e-02,    4.395000e-02,    4.395000e-02,    4.395000e-02,    4.395000e-02,    9.769400e-02,    9.769400e-02,
        29,    3.981000e+02,    5.400322e-01,   -2.711733e-01,    5.918707e-01,   -5.557586e-01,   -1.128883e+00,    8.741214e-01,   -3.470397e-01,    2.376522e-04,   -8.250954e-03,    3.099362e-01,   -3.611073e-01,   -1.555664e-01,    6.816988e-01,   -3.992010e-01,   -1.299108e-01,   -6.982995e-01,    5.391800e-01,   -2.391600e-01,    5.728100e-01,   -5.639700e-01,   -1.092900e+00,    8.530500e-01,   -3.609700e-01,   -7.464100e-02,    1.032900e-01,    1.032900e-01,    5.278400e-02,    5.278400e-02,    5.278400e-02,    5.278400e-02,    1.072300e-01,    1.072300e-01,
        29,    6.309500e+02,    6.044836e-01,   -3.358195e-01,    7.045681e-01,   -7.406784e-01,   -1.328026e+00,    1.130981e+00,   -3.456693e-01,   -2.164319e-02,    2.691563e-01,    5.006717e-01,   -7.407115e-01,   -4.642847e-01,    8.034250e-01,   -2.180237e-01,   -1.331420e-01,   -9.570214e-01,    6.383300e-01,   -2.728600e-01,    6.560500e-01,   -7.710900e-01,   -1.275400e+00,    1.116700e+00,   -3.618500e-01,   -1.379500e-01,    1.257500e-01,    1.257500e-01,    6.550200e-02,    6.550200e-02,    6.550200e-02,    6.550200e-02,    1.215300e-01,    1.215300e-01,
        29,    1.000000e+03,    6.824680e-01,   -4.231558e-01,    8.595593e-01,   -1.001675e+00,   -1.590096e+00,    1.479063e+00,   -3.371743e-01,   -4.450431e-02,    4.994663e-01,    9.206447e-01,   -8.297559e-01,   -7.461921e-01,    6.923189e-01,    5.278478e-02,   -4.727711e-02,   -1.480427e+00,    7.601000e-01,   -2.800600e-01,    7.898100e-01,   -1.064400e+00,   -1.531900e+00,    1.483500e+00,   -3.439600e-01,   -2.569900e-01,    1.554300e-01,    1.554300e-01,    8.406000e-02,    8.406000e-02,    8.406000e-02,    8.406000e-02,    1.435300e-01,    1.435300e-01,
        30,    1.000000e+02,    7.940391e-01,   -1.687958e-01,    7.944403e-01,   -4.299188e-01,   -1.490701e+00,    6.040590e-01,   -9.957879e-01,    2.486644e-01,    7.754682e-04,   -1.190763e-01,    7.668450e-02,   -5.253701e-01,    3.442619e-02,    3.162743e-01,    4.919159e-02,    1.891735e-01,    7.941400e-01,   -1.842900e-01,    7.991200e-01,   -4.619800e-01,   -1.488600e+00,    6.233600e-01,   -9.862900e-01,    2.851900e-01,    1.301200e-01,    1.301200e-01,    6.102600e-02,    6.102600e-02,    6.102600e-02,    6.102600e-02,    1.930800e-01,    1.930800e-01,
        30,    1.584800e+02,    8.270107e-01,   -1.731147e-01,    8.957313e-01,   -5.016915e-01,   -1.630551e+00,    7.175908e-01,   -1.044475e+00,    2.210875e-01,    1.001907e-01,   -1.628636e-01,    2.180124e-01,   -4.490875e-01,   -3.065911e-01,    1.117577e-01,   -1.468731e-01,    1.814481e-01,    8.413600e-01,   -1.964400e-01,    9.107700e-01,   -5.326700e-01,   -1.651700e+00,    7.253000e-01,   -1.075600e+00,    2.595400e-01,    1.432200e-01,    1.432200e-01,    6.898100e-02,    6.898100e-02,    6.898100e-02,    6.898100e-02,    2.119200e-01,    2.119200e-01,
        30,    2.511800e+02,    8.578578e-01,   -1.931466e-01,    1.007914e+00,   -6.053253e-01,   -1.796115e+00,    8.780545e-01,   -1.072254e+00,    2.143848e-01,    2.626803e-01,   -1.509974e-01,    2.685055e-02,   -2.867822e-01,   -4.617996e-01,   -1.009542e-02,   -2.934360e-01,    1.378489e-01,    8.991800e-01,   -2.169000e-01,    1.010000e+00,   -6.276100e-01,   -1.832000e+00,    8.772700e-01,   -1.140000e+00,    2.462100e-01,    1.573100e-01,    1.573100e-01,    7.770600e-02,    7.770600e-02,    7.770600e-02,    7.770600e-02,    2.308700e-01,    2.308700e-01,
        30,    3.981000e+02,    8.873698e-01,   -2.323409e-01,    1.133997e+00,   -7.582237e-01,   -1.989655e+00,    1.097126e+00,   -1.081726e+00,    2.470213e-01,    4.785895e-01,   -7.998818e-02,   -2.478158e-01,   -2.905876e-01,   -3.943543e-01,   -1.779807e-01,   -4.712042e-01,    1.553285e-02,    9.711900e-01,   -2.463500e-01,    1.112100e+00,   -7.839000e-01,   -2.024500e+00,    1.081400e+00,   -1.200300e+00,    2.509300e-01,    1.751400e-01,    1.751400e-01,    8.836000e-02,    8.836000e-02,    8.836000e-02,    8.836000e-02,    2.516400e-01,    2.516400e-01,
        30,    6.309500e+02,    9.133254e-01,   -3.023269e-01,    1.289976e+00,   -9.860758e-01,   -2.211558e+00,    1.407377e+00,   -1.091307e+00,    3.421383e-01,    7.448212e-01,    2.513479e-01,   -7.424586e-01,   -5.181688e-01,   -1.636033e-01,   -2.655849e-01,   -6.485023e-01,   -3.911028e-01,    1.060800e+00,   -2.525600e-01,    1.214000e+00,   -1.039100e+00,   -2.228300e+00,    1.380200e+00,   -1.270300e+00,    2.341900e-01,    1.980000e-01,    1.980000e-01,    1.023300e-01,    1.023300e-01,    1.023300e-01,    1.023300e-01,    2.760100e-01,    2.760100e-01,
        30,    1.000000e+03,    9.407796e-01,   -4.274219e-01,    1.503868e+00,   -1.309437e+00,   -2.483034e+00,    1.866190e+00,   -1.129115e+00,    5.100136e-01,    8.297759e-01,    9.355819e-01,   -1.571728e+00,   -9.839383e-01,    8.400729e-02,   -5.359562e-01,   -7.115324e-01,   -9.734744e-01,    1.126500e+00,   -2.180200e-01,    1.312400e+00,   -1.429300e+00,   -2.472800e+00,    1.800900e+00,   -1.347100e+00,    2.117800e-01,    2.238200e-01,    2.238200e-01,    1.218200e-01,    1.218200e-01,    1.218200e-01,    1.218200e-01,    3.063600e-01,    3.063600e-01,
        31,    1.000000e+02,   -7.141937e-03,    3.625789e-02,    3.084503e-01,   -3.670002e-01,   -2.966010e-01,    2.008062e-01,    1.766104e-02,   -1.610497e-02,    8.293240e-01,    4.041999e-01,    1.505166e+00,   -1.822127e+00,    5.858300e-01,    3.499806e-01,    1.044254e-01,   -6.449769e-02,    1.262500e-02,    4.589200e-02,    3.409800e-01,   -4.063800e-01,   -2.839400e-01,    2.083700e-01,    1.914900e-02,   -1.702400e-02,    2.383500e-02,    2.383500e-02,    2.161200e-02,    2.161200e-02,    2.161200e-02,    2.161200e-02,    1.424900e-02,    1.424900e-02,
        31,    1.584800e+02,   -2.145832e-02,    4.607485e-02,    4.171333e-01,   -4.409640e-01,   -3.442957e-01,    2.353327e-01,    2.443891e-02,   -2.164293e-02,    3.044472e-01,    8.381421e-01,    2.121235e+00,   -9.251718e-01,    4.689981e-01,    3.665832e-01,   -1.408135e-02,    3.209020e-01,   -1.127700e-02,    7.410400e-02,    4.726100e-01,   -4.651600e-01,   -3.320300e-01,    2.449200e-01,    2.420700e-02,   -1.635800e-02,    3.344200e-02,    3.344200e-02,    2.615300e-02,    2.615300e-02,    2.615300e-02,    2.615300e-02,    1.646900e-02,    1.646900e-02,
        31,    2.511800e+02,   -3.715582e-02,    5.181996e-02,    5.338719e-01,   -5.226102e-01,   -3.917775e-01,    2.869846e-01,    3.173710e-02,   -2.382681e-02,   -3.025919e-01,    9.904105e-01,    2.290170e+00,    2.540485e-01,    1.885981e-01,    2.577564e-01,   -1.140642e-01,    2.553072e-01,   -5.043900e-02,    9.529700e-02,    6.050000e-01,   -5.147200e-01,   -3.859200e-01,    2.949900e-01,    2.950600e-02,   -1.883300e-02,    4.389800e-02,    4.389800e-02,    3.105800e-02,    3.105800e-02,    3.105800e-02,    3.105800e-02,    1.956000e-02,    1.956000e-02,
        31,    3.981000e+02,   -4.971143e-02,    5.739829e-02,    6.550031e-01,   -6.305650e-01,   -4.436631e-01,    3.694712e-01,    3.538678e-02,   -2.667517e-02,   -8.346788e-01,    8.214751e-01,    1.865996e+00,    1.529361e+00,    1.311934e-01,   -1.217768e-01,    2.647960e-04,    9.600331e-02,   -9.452200e-02,    1.015000e-01,    7.227500e-01,   -5.750400e-01,   -4.389000e-01,    3.650500e-01,    3.539300e-02,   -2.441900e-02,    5.368600e-02,    5.368600e-02,    3.630600e-02,    3.630600e-02,    3.630600e-02,    3.630600e-02,    2.350100e-02,    2.350100e-02,
        31,    6.309500e+02,   -6.116404e-02,    7.001659e-02,    7.870253e-01,   -7.874491e-01,   -5.118298e-01,    4.975608e-01,    3.852387e-02,   -3.668963e-02,   -1.089418e+00,    4.430750e-01,    4.102254e-01,    2.496211e+00,    3.988084e-01,   -5.794052e-01,    1.028536e-01,    2.747403e-01,   -1.285500e-01,    9.742300e-02,    8.044500e-01,   -6.814200e-01,   -4.948900e-01,    4.729500e-01,    4.139400e-02,   -2.902300e-02,    6.185500e-02,    6.185500e-02,    4.247600e-02,    4.247600e-02,    4.247600e-02,    4.247600e-02,    2.790500e-02,    2.790500e-02,
        31,    1.000000e+03,   -8.014629e-02,    9.040978e-02,    9.404925e-01,   -1.016802e+00,   -6.153413e-01,    6.810370e-01,    4.966363e-02,   -5.260694e-02,   -9.468325e-02,   -4.649110e-02,   -4.987118e-01,    3.689467e+00,    1.466796e+00,    2.518896e-01,   -1.112922e-01,    6.932755e-01,   -8.566500e-02,    8.770000e-02,    9.145500e-01,   -8.248800e-01,   -5.390400e-01,    6.941400e-01,    4.600000e-02,   -2.978500e-02,    5.828600e-02,    5.828600e-02,    5.201900e-02,    5.201900e-02,    5.201900e-02,    5.201900e-02,    3.291900e-02,    3.291900e-02,
        32,    1.000000e+02,   -3.520418e-03,   -2.585330e-03,    7.559955e-02,   -8.219667e-02,   -9.695751e-02,    9.964884e-02,    8.911204e-03,   -3.000758e-03,    6.979951e-02,   -8.234907e-02,    2.789473e-01,   -7.944459e-01,   -7.989408e-01,    3.316264e-01,   -1.705094e-01,   -2.808844e-01,   -3.284300e-03,   -2.863900e-03,    7.740900e-02,   -8.735000e-02,   -1.021400e-01,    1.018000e-01,    7.980700e-03,   -4.533600e-03,    3.382800e-03,    3.382800e-03,    6.486700e-03,    6.486700e-03,    6.486700e-03,    6.486700e-03,    5.457200e-03,    5.457200e-03,
        32,    1.584800e+02,   -3.121307e-03,   -2.805148e-03,    9.552340e-02,   -1.060364e-01,   -1.235148e-01,    1.260306e-01,    1.058770e-02,   -4.510005e-03,    6.652986e-02,    5.694209e-02,    7.346714e-01,   -3.319008e-01,   -7.075929e-01,   -1.492933e-01,   -5.306426e-02,   -4.018573e-01,   -2.881500e-03,   -2.599900e-03,    1.015300e-01,   -1.087500e-01,   -1.293000e-01,    1.248100e-01,    1.020900e-02,   -7.377900e-03,    3.604500e-03,    3.604500e-03,    8.175900e-03,    8.175900e-03,    8.175900e-03,    8.175900e-03,    7.136600e-03,    7.136600e-03,
        32,    2.511800e+02,   -2.378454e-03,   -3.629750e-03,    1.203688e-01,   -1.363407e-01,   -1.557409e-01,    1.581296e-01,    1.244937e-02,   -4.657160e-03,   -9.561458e-02,    1.106648e-01,    1.011357e+00,    1.388035e-01,   -5.167693e-01,   -3.722138e-01,    1.450883e-01,   -3.511682e-01,   -2.781900e-03,   -3.162800e-03,    1.307200e-01,   -1.349200e-01,   -1.610300e-01,    1.543200e-01,    1.374100e-02,   -7.783400e-03,    4.219500e-03,    4.219500e-03,    1.023500e-02,    1.023500e-02,    1.023500e-02,    1.023500e-02,    8.902400e-03,    8.902400e-03,
        32,    3.981000e+02,   -7.221735e-04,   -4.432339e-03,    1.506851e-01,   -1.768217e-01,   -1.943314e-01,    1.991686e-01,    1.327415e-02,   -4.900529e-03,   -4.085964e-01,   -1.509902e-01,    1.122534e+00,    6.613732e-01,   -3.387301e-01,   -4.717580e-01,    3.800065e-01,   -2.110397e-01,   -3.047700e-03,   -5.291700e-03,    1.650300e-01,   -1.683700e-01,   -1.986600e-01,    1.931400e-01,    1.739000e-02,   -7.186300e-03,    5.691500e-03,    5.691500e-03,    1.277900e-02,    1.277900e-02,    1.277900e-02,    1.277900e-02,    1.083100e-02,    1.083100e-02,
        32,    6.309500e+02,    1.438219e-03,   -4.527901e-03,    1.887097e-01,   -2.318448e-01,   -2.409876e-01,    2.531538e-01,    1.438570e-02,   -6.359708e-03,   -5.596801e-01,   -5.407052e-01,    1.027202e+00,    1.373249e+00,   -1.480642e-01,   -8.946757e-01,    3.734715e-01,   -5.284772e-02,   -2.930700e-03,   -8.748700e-03,    2.049600e-01,   -2.101200e-01,   -2.433300e-01,    2.390000e-01,    1.904700e-02,   -7.019300e-03,    7.806100e-03,    7.806100e-03,    1.582000e-02,    1.582000e-02,    1.582000e-02,    1.582000e-02,    1.248100e-02,    1.248100e-02,
        32,    1.000000e+03,    3.878431e-03,   -4.126235e-03,    2.367926e-01,   -3.069316e-01,   -2.981181e-01,    3.255310e-01,    1.683780e-02,   -8.113402e-03,   -4.694128e-01,   -6.551512e-01,    1.013540e+00,    2.240081e+00,   -4.871823e-01,   -1.661315e+00,    1.586665e-01,   -2.194662e-01,   -4.167900e-04,   -1.012100e-02,    2.568100e-01,   -2.626900e-01,   -3.077400e-01,    2.927200e-01,    1.915100e-02,   -1.131300e-02,    9.150200e-03,    9.150200e-03,    1.975000e-02,    1.975000e-02,    1.975000e-02,    1.975000e-02,    1.457900e-02,    1.457900e-02,
        33,    1.000000e+02,    7.700850e-04,    8.590558e-03,    2.450076e-01,   -3.352292e-01,   -3.717343e-01,    2.934002e-01,    2.732873e-03,   -2.258399e-02,    2.703811e+00,    1.125663e-02,   -5.896933e-02,   -2.809092e+00,   -1.632167e+00,   -9.129871e-01,    1.025883e+00,    2.515454e-01,    8.103000e-02,    8.924700e-03,    2.433500e-01,   -4.141900e-01,   -4.114400e-01,    2.711900e-01,    2.065300e-02,   -1.819000e-02,    2.968400e-02,    2.968400e-02,    2.810900e-02,    2.810900e-02,    2.432700e-02,    2.432700e-02,    1.746800e-02,    1.746800e-02,
        33,    1.584800e+02,   -5.475035e-03,    5.117423e-03,    3.403122e-01,   -4.207924e-01,   -4.514153e-01,    3.494711e-01,    1.445197e-02,   -2.079959e-02,    2.917599e+00,    4.137272e-01,   -5.390775e-01,   -2.705489e+00,   -1.704307e+00,   -2.337554e-01,    1.778347e+00,    5.293835e-03,    1.094200e-01,    2.141000e-02,    3.186100e-01,   -5.297100e-01,   -5.037000e-01,    3.423000e-01,    7.108700e-02,   -2.063100e-02,    3.938000e-02,    3.938000e-02,    4.025800e-02,    4.025800e-02,    3.067800e-02,    3.067800e-02,    3.184700e-02,    3.184700e-02,
        33,    2.511800e+02,   -8.707696e-03,   -3.036789e-03,    4.520763e-01,   -5.184413e-01,   -5.393410e-01,    4.183803e-01,    2.279760e-02,   -1.395290e-02,    2.792968e+00,    7.674050e-01,   -1.172805e+00,   -2.481748e+00,   -1.247566e+00,    2.521677e-01,    2.066766e+00,   -1.123807e-01,    1.183500e-01,    3.187400e-02,    3.957700e-01,   -6.375900e-01,   -5.853500e-01,    4.276800e-01,    1.115900e-01,   -1.878100e-02,    4.549200e-02,    4.549200e-02,    4.801000e-02,    4.801000e-02,    3.687900e-02,    3.687900e-02,    4.296200e-02,    4.296200e-02,
        33,    3.981000e+02,   -6.252177e-03,   -1.224252e-02,    5.778210e-01,   -6.419160e-01,   -6.343652e-01,    5.112446e-01,    2.608480e-02,   -6.103228e-03,    2.085622e+00,    1.018004e+00,   -2.273398e+00,   -1.824630e+00,   -4.260882e-01,    3.946875e-01,    1.682844e+00,   -1.496485e-01,    7.744800e-02,    2.861200e-02,    4.696800e-01,   -7.287100e-01,   -6.525400e-01,    5.280800e-01,    9.923300e-02,   -1.260800e-02,    4.013200e-02,    4.013200e-02,    4.756800e-02,    4.756800e-02,    4.265500e-02,    4.265500e-02,    4.346700e-02,    4.346700e-02,
        33,    6.309500e+02,   -4.424534e-04,   -1.901996e-02,    7.236319e-01,   -8.110035e-01,   -7.403998e-01,    6.463410e-01,    2.667762e-02,    9.249439e-05,    1.059197e+00,    1.162123e+00,   -3.016946e+00,   -4.226091e-01,    1.308965e-01,    4.060706e-01,    9.330755e-01,   -1.529969e-01,    2.656600e-02,    1.061300e-02,    5.726700e-01,   -8.321500e-01,   -7.338500e-01,    6.666600e-01,    6.123500e-02,   -5.573900e-03,    2.549900e-02,    2.549900e-02,    5.003800e-02,    5.003800e-02,    5.003800e-02,    5.003800e-02,    3.703600e-02,    3.703600e-02,
        33,    1.000000e+03,    5.405221e-03,   -2.424608e-02,    9.043287e-01,   -1.046361e+00,   -8.712640e-01,    8.457527e-01,    2.739053e-02,    5.589999e-03,   -9.177185e-01,   -2.156692e-01,   -3.602860e+00,    1.966635e+00,    9.597206e-01,    1.453193e-01,   -2.078613e+00,   -2.116590e-01,   -2.401500e-02,   -3.116000e-02,    6.934100e-01,   -9.312300e-01,   -8.150800e-01,    8.542600e-01,   -1.762600e-02,    1.006100e-03,    3.205800e-02,    3.205800e-02,    5.854200e-02,    5.854200e-02,    5.854200e-02,    5.854200e-02,    2.165700e-02,    2.165700e-02,
        34,    1.000000e+02,   -2.216700e-03,   -8.196913e-03,    8.125912e-02,   -6.278593e-02,   -8.822535e-02,    8.087418e-02,    2.834376e-03,    4.423774e-03,   -2.758800e+00,    1.209413e+00,    4.531531e-01,    1.771157e+00,    2.292247e-01,    1.800605e-01,    7.543590e-01,   -4.329407e-01,   -2.118400e-02,    1.180400e-04,    8.372500e-02,   -5.314800e-02,   -8.697800e-02,    8.185400e-02,    5.996800e-03,    2.608800e-03,    6.875200e-03,    6.875200e-03,    5.441600e-03,    5.441600e-03,    5.441600e-03,    5.441600e-03,    4.192200e-03,    4.192200e-03,
        34,    1.584800e+02,    8.833805e-04,   -5.036241e-03,    9.242767e-02,   -8.689299e-02,   -1.035771e-01,    1.103237e-01,    7.451702e-04,    4.114307e-03,   -2.459472e+00,   -7.131201e-01,    1.385783e-01,    1.458815e-01,    1.019747e+00,    9.724937e-01,    4.482276e-01,    5.957433e-01,   -1.816400e-02,   -1.055900e-02,    9.338900e-02,   -8.588100e-02,   -9.650300e-02,    1.170700e-01,    3.060400e-03,    7.191500e-03,    7.744500e-03,    7.744500e-03,    6.937100e-03,    6.937100e-03,    6.937100e-03,    6.937100e-03,    5.165300e-03,    5.165300e-03,
        34,    2.511800e+02,    1.213440e-03,   -1.544796e-03,    1.101929e-01,   -1.207701e-01,   -1.277835e-01,    1.511258e-01,   -3.538491e-04,    3.177470e-03,   -1.049637e+00,   -1.708303e+00,   -1.072007e+00,   -6.849205e-01,    7.716420e-01,    4.320582e-01,    2.223113e-01,    2.356814e-01,   -6.846200e-03,   -1.466200e-02,    1.006300e-01,   -1.268800e-01,   -1.209000e-01,    1.549800e-01,    6.090700e-04,    4.198300e-03,    7.678500e-03,    7.678500e-03,    8.920600e-03,    8.920600e-03,    8.920600e-03,    8.920600e-03,    4.331400e-03,    4.331400e-03,
        34,    3.981000e+02,   -2.191204e-04,   -4.490380e-05,    1.364336e-01,   -1.653472e-01,   -1.624393e-01,    2.032218e-01,   -6.536889e-04,    3.019470e-03,   -1.632340e-01,   -1.565890e+00,   -1.912086e+00,   -2.043839e+00,    1.695351e+00,    1.507893e+00,   -4.240743e-01,    3.189759e-01,   -1.505600e-03,   -1.238600e-02,    1.133700e-01,   -1.900000e-01,   -1.419900e-01,    2.214100e-01,   -3.140800e-03,    4.890200e-03,    7.881200e-03,    7.881200e-03,    1.206200e-02,    1.206200e-02,    1.206200e-02,    1.206200e-02,    5.864800e-03,    5.864800e-03,
        34,    6.309500e+02,   -7.797921e-04,   -3.869174e-04,    1.717616e-01,   -2.234639e-01,   -2.071523e-01,    2.701662e-01,   -1.644093e-03,    3.759083e-03,    3.519689e-01,   -1.157743e+00,   -1.598486e+00,   -3.459219e+00,    8.306139e-01,    2.140470e+00,   -1.252631e+00,   -6.825427e-02,    2.308700e-03,   -1.054600e-02,    1.446800e-01,   -2.820700e-01,   -1.930800e-01,    3.064300e-01,   -1.612200e-02,    2.970200e-03,    8.774900e-03,    8.774900e-03,    1.694200e-02,    1.694200e-02,    1.694200e-02,    1.694200e-02,    1.155800e-02,    1.155800e-02,
        34,    1.000000e+03,   -9.648633e-06,   -3.665947e-04,    2.169363e-01,   -3.012148e-01,   -2.627271e-01,    3.597584e-01,   -3.915451e-03,    4.133237e-03,   -3.193201e-01,   -7.369952e-01,   -6.721961e-01,   -4.504567e+00,    3.007555e-01,    2.826054e+00,   -7.023519e-01,   -1.229995e-01,   -2.765700e-03,   -6.727600e-03,    2.009400e-01,   -4.084100e-01,   -2.555700e-01,    4.270100e-01,   -1.223200e-02,    2.676800e-03,    8.631000e-03,    8.631000e-03,    2.379700e-02,    2.379700e-02,    2.379700e-02,    2.379700e-02,    1.184100e-02,    1.184100e-02,
        35,    1.000000e+02,    5.451988e-03,   -1.115632e-02,    1.029517e-01,   -1.312373e-01,   -9.566901e-02,    1.178737e-01,    4.638556e-03,   -2.225964e-03,    4.920628e-01,   -3.823518e-01,   -9.702007e-01,   -4.166228e-01,    5.531872e-01,   -6.610911e-01,   -5.480098e-01,    1.580790e-01,    9.360000e-03,   -1.419300e-02,    9.544700e-02,   -1.344600e-01,   -9.139000e-02,    1.127600e-01,    2.836700e-03,   -1.706200e-03,    7.942100e-03,    7.942100e-03,    7.735200e-03,    7.735200e-03,    7.735200e-03,    7.735200e-03,    3.288000e-03,    3.288000e-03,
        35,    1.584800e+02,    7.757445e-03,   -1.417530e-02,    1.296652e-01,   -1.737965e-01,   -1.199599e-01,    1.556987e-01,    5.067841e-03,   -3.681311e-03,    4.745741e-01,   -2.376289e-01,   -6.427138e-01,   -2.755776e-01,    6.431818e-01,   -2.080194e-01,   -1.092061e-01,    2.113400e-01,    1.251600e-02,   -1.655800e-02,    1.231500e-01,   -1.765900e-01,   -1.134400e-01,    1.535900e-01,    4.547900e-03,   -2.675100e-03,    1.002700e-02,    1.002700e-02,    1.013700e-02,    1.013700e-02,    1.013700e-02,    1.013700e-02,    4.761100e-03,    4.761100e-03,
        35,    2.511800e+02,    1.014816e-02,   -1.841393e-02,    1.624493e-01,   -2.330075e-01,   -1.499669e-01,    2.079153e-01,    5.873312e-03,   -5.637479e-03,    8.796036e-01,    4.728483e-03,    1.897548e-01,   -4.660118e-01,    5.710768e-01,    4.053827e-01,   -2.281231e-01,   -3.888669e-03,    2.222600e-02,   -1.834900e-02,    1.650400e-01,   -2.393700e-01,   -1.421700e-01,    2.134500e-01,    4.405500e-03,   -5.662500e-03,    1.373100e-02,    1.373100e-02,    1.365300e-02,    1.365300e-02,    1.365300e-02,    1.365300e-02,    6.434300e-03,    6.434300e-03,
        35,    3.981000e+02,    1.255390e-02,   -2.484970e-02,    2.030886e-01,   -3.169532e-01,   -1.868637e-01,    2.816602e-01,    7.202610e-03,   -8.059555e-03,    8.096984e-01,    4.982118e-01,    9.913594e-01,   -9.895247e-02,   -8.476465e-02,    5.593587e-01,   -2.560618e-01,   -5.070833e-01,    2.582000e-02,   -1.668700e-02,    2.212900e-01,   -3.187700e-01,   -1.884200e-01,    2.919300e-01,    4.511400e-03,   -1.338900e-02,    1.638400e-02,    1.638400e-02,    1.836000e-02,    1.836000e-02,    1.836000e-02,    1.836000e-02,    1.051000e-02,    1.051000e-02,
        35,    6.309500e+02,    1.501691e-02,   -3.450490e-02,    2.538360e-01,   -4.378096e-01,   -2.330261e-01,    3.883407e-01,    9.002464e-03,   -1.136257e-02,    8.062981e-01,    4.379444e-02,    1.946545e+00,    6.428298e-01,   -1.159310e+00,    2.308878e-02,   -6.311872e-01,   -4.981944e-01,    3.405200e-02,   -3.347100e-02,    3.018300e-01,   -4.219600e-01,   -2.616100e-01,    3.889100e-01,    2.384300e-04,   -1.828000e-02,    2.360800e-02,    2.360800e-02,    2.465600e-02,    2.465600e-02,    2.465600e-02,    2.465600e-02,    1.388500e-02,    1.388500e-02,
        36,    1.000000e+02,    6.031608e-04,    4.371540e-03,    2.319097e-01,   -3.261741e-01,   -5.059517e-01,    4.093724e-01,    8.642905e-02,   -8.063916e-02,    2.344722e-01,    9.670239e-01,   -1.439886e-01,   -2.902225e-01,   -2.262751e-01,   -1.968353e+00,   -4.772243e-01,   -3.996670e-01,    3.486700e-03,    1.626400e-02,    2.282900e-01,   -3.334700e-01,   -5.116400e-01,    3.598900e-01,    6.699600e-02,   -9.691400e-02,    1.229800e-02,    1.229800e-02,    2.513900e-02,    2.513900e-02,    2.513900e-02,    2.513900e-02,    4.072100e-02,    4.072100e-02,
        36,    1.584800e+02,   -5.234136e-03,    8.325224e-05,    3.168224e-01,   -4.169037e-01,   -6.157217e-01,    5.233535e-01,    1.130276e-01,   -8.044249e-02,    3.858962e-01,    7.368116e-01,    8.672769e-01,   -8.187280e-01,    5.144201e-01,   -1.474268e+00,   -1.673340e-02,   -1.408340e-01,   -1.515100e-03,    7.184200e-03,    3.452500e-01,   -4.437400e-01,   -5.988600e-01,    4.750300e-01,    1.122000e-01,   -8.740800e-02,    9.637400e-03,    9.637400e-03,    3.277800e-02,    3.277800e-02,    3.277800e-02,    3.277800e-02,    4.945900e-02,    4.945900e-02,
        36,    2.511800e+02,   -1.140769e-02,   -1.022739e-02,    4.168875e-01,   -5.298988e-01,   -7.505864e-01,    6.578780e-01,    1.390859e-01,   -7.619188e-02,   -1.744719e-01,    7.634144e-01,    4.877385e-01,    1.709971e-01,    1.425211e+00,   -1.036669e+00,   -5.444377e-02,    3.756522e-01,   -1.396300e-02,    9.535800e-04,    4.362800e-01,   -5.231000e-01,   -6.939200e-01,    6.166600e-01,    1.360700e-01,   -5.538300e-02,    1.464600e-02,    1.464600e-02,    3.976000e-02,    3.976000e-02,    3.976000e-02,    3.976000e-02,    5.539400e-02,    5.539400e-02,
        36,    3.981000e+02,   -1.439935e-02,   -2.922905e-02,    5.358834e-01,   -6.829144e-01,   -9.057833e-01,    8.277977e-01,    1.602582e-01,   -6.838195e-02,   -8.052763e-01,    1.912192e-02,    3.733072e-02,    1.081212e+00,    2.541523e+00,   -6.378609e-01,   -2.860436e-02,    8.930450e-01,   -3.849000e-02,   -2.865700e-02,    5.376800e-01,   -6.308800e-01,   -7.834700e-01,    7.971000e-01,    1.584500e-01,   -1.192900e-02,    2.991600e-02,    2.991600e-02,    4.812600e-02,    4.812600e-02,    4.812600e-02,    4.812600e-02,    6.321400e-02,    6.321400e-02,
        36,    6.309500e+02,   -8.038847e-03,   -5.727685e-02,    6.886151e-01,   -8.962704e-01,   -1.086496e+00,    1.063572e+00,    1.724244e-01,   -6.091789e-02,   -2.035037e+00,   -2.788935e-01,   -3.422355e-01,    3.842017e-01,    2.848085e+00,    4.538643e-01,    2.523724e-01,    6.479625e-01,   -1.327500e-01,   -7.436800e-02,    6.663900e-01,   -8.713200e-01,   -9.087300e-01,    1.091900e+00,    1.922200e-01,   -1.009300e-02,    6.128200e-02,    6.128200e-02,    6.494100e-02,    6.494100e-02,    6.241600e-02,    6.241600e-02,    7.843800e-02,    7.843800e-02,
        36,    1.000000e+03,    1.344793e-02,   -8.877834e-02,    8.992845e-01,   -1.184942e+00,   -1.320636e+00,    1.399038e+00,    1.728741e-01,   -6.299880e-02,   -2.260596e+00,    2.063751e+00,   -1.222160e+00,   -2.397300e+00,    3.149126e+00,    2.716757e+00,    8.087306e-01,   -5.596606e-01,   -1.768400e-01,    8.494000e-02,    7.913800e-01,   -1.396600e+00,   -1.042600e+00,    1.638900e+00,    2.643900e-01,   -1.263300e-01,    8.417600e-02,    8.417600e-02,    8.829000e-02,    8.829000e-02,    8.829000e-02,    8.829000e-02,    1.131600e-01,    1.131600e-01,
        37,    1.584800e+02,    4.572252e-02,   -2.447116e-02,    4.437516e-01,   -5.526447e-01,   -4.778256e-01,    5.479502e-01,    3.455489e-02,   -6.295937e-02,    6.253407e-01,    1.295181e-01,   -7.694304e-01,   -6.108805e-01,   -1.243762e-01,   -1.250468e+00,   -9.236582e-01,   -1.150859e-01,    6.655700e-02,   -2.015600e-02,    4.166900e-01,   -5.741300e-01,   -4.822000e-01,    5.039700e-01,    4.637600e-03,   -6.668700e-02,    3.331700e-02,    3.331700e-02,    3.517100e-02,    3.517100e-02,    3.517100e-02,    3.517100e-02,    3.239000e-02,    3.239000e-02,
        38,    1.000000e+02,    4.695552e-03,    2.138024e-03,    9.229868e-02,   -9.512741e-02,   -8.408328e-02,    1.209117e-01,    1.743075e-03,   -1.955501e-04,   -1.408920e+00,   -3.779050e+00,   -1.937926e+00,    2.374526e+00,    4.873467e-01,    2.345578e+00,   -6.571309e-01,   -1.394642e+00,   -8.321600e-03,   -3.277700e-02,    7.937000e-02,   -7.928600e-02,   -8.083200e-02,    1.365600e-01,   -1.702000e-03,   -7.507100e-03,    9.239100e-03,    9.239100e-03,    6.671400e-03,    6.671400e-03,    6.671400e-03,    6.671400e-03,    5.242600e-03,    5.242600e-03,
        38,    1.584800e+02,    1.591555e-03,    1.222787e-03,    1.120002e-01,   -1.290444e-01,   -1.123051e-01,    1.612316e-01,    3.722092e-03,   -1.468685e-03,    4.266397e-01,   -2.516511e+00,   -3.324936e+00,   -3.986870e-02,    1.981995e+00,    1.085468e+00,   -6.165758e-01,   -4.775028e-01,    5.210100e-03,   -2.012100e-02,    8.318100e-02,   -1.293900e-01,   -9.512600e-02,    1.706400e-01,    1.269600e-03,   -3.368000e-03,    8.481500e-03,    8.481500e-03,    8.667600e-03,    8.667600e-03,    8.667600e-03,    8.667600e-03,    3.977600e-03,    3.977600e-03,
        38,    2.511800e+02,    6.037213e-04,   -1.394238e-03,    1.381947e-01,   -1.745835e-01,   -1.478222e-01,    2.127299e-01,    6.013583e-03,   -2.626932e-04,    1.186744e+00,   -1.102103e+00,   -3.737159e+00,   -2.699844e+00,    2.482819e+00,    1.340562e+00,   -1.359816e-01,   -9.575183e-01,    1.136500e-02,   -1.138800e-02,    9.300500e-02,   -2.072300e-01,   -1.178000e-01,    2.289400e-01,    5.049800e-03,   -7.049200e-03,    9.067900e-03,    9.067900e-03,    1.209200e-02,    1.209200e-02,    1.209200e-02,    1.209200e-02,    7.087600e-03,    7.087600e-03,
        38,    3.981000e+02,    5.135897e-04,   -3.730825e-03,    1.721268e-01,   -2.368232e-01,   -1.911948e-01,    2.824023e-01,    7.328607e-03,    2.364116e-03,    6.751389e-01,   -9.283870e-01,   -2.841750e+00,   -4.447710e+00,    1.408874e+00,    1.995952e+00,    3.083717e-02,   -7.586725e-01,    7.978600e-03,   -1.399600e-02,    1.227400e-01,   -3.141200e-01,   -1.667100e-01,    3.170900e-01,    7.584500e-03,   -3.931500e-03,    1.105700e-02,    1.105700e-02,    1.737900e-02,    1.737900e-02,    1.737900e-02,    1.737900e-02,    8.298200e-03,    8.298200e-03,
        38,    6.309500e+02,   -1.249419e-04,   -6.773196e-03,    2.158021e-01,   -3.232500e-01,   -2.452195e-01,    3.792891e-01,    8.363500e-03,    6.186896e-03,   -1.596337e+00,    3.014479e-01,   -1.010792e+00,   -3.641306e+00,    7.275675e-01,    2.683725e+00,   -1.747426e+00,   -7.600569e-01,   -2.624900e-02,   -1.840000e-03,    1.918100e-01,   -4.096800e-01,   -2.279500e-01,    4.429900e-01,   -6.166700e-03,   -1.331300e-04,    1.636500e-02,    1.636500e-02,    2.373600e-02,    2.373600e-02,    2.373600e-02,    2.373600e-02,    8.315200e-03,    8.315200e-03,
        38,    1.000000e+03,   -1.257365e-03,   -1.211395e-02,    2.719116e-01,   -4.448958e-01,   -3.131301e-01,    5.160845e-01,    8.940030e-03,    1.297516e-02,   -1.437966e+00,    5.322321e-01,    6.274655e-01,   -4.043526e+00,   -2.732690e-01,    2.931429e+00,   -1.326146e+00,   -5.031579e-01,   -3.273300e-02,   -4.639200e-04,    2.929900e-01,   -5.807300e-01,   -3.223100e-01,    6.145600e-01,   -7.839700e-03,    6.608700e-03,    2.188900e-02,    2.188900e-02,    3.359300e-02,    3.359300e-02,    3.359300e-02,    3.359300e-02,    1.265300e-02,    1.265300e-02,
        39,    1.000000e+02,    3.706128e-03,   -1.230086e-02,    1.121753e-01,   -9.893260e-02,   -9.920323e-02,    9.474032e-02,   -9.595933e-03,    1.052475e-02,   -5.602526e-01,   -1.094878e+00,   -7.966455e-01,   -1.062244e+00,   -7.239938e-01,   -1.049291e-01,    2.144300e-01,    9.352306e-02,   -1.101400e-03,   -2.169600e-02,    1.063800e-01,   -1.066600e-01,   -1.044700e-01,    9.397700e-02,   -8.178400e-03,    1.114300e-02,    8.581000e-03,    8.581000e-03,    7.274600e-03,    7.274600e-03,    7.274600e-03,    7.274600e-03,    6.610700e-03,    6.610700e-03,
        39,    1.584800e+02,    7.827855e-03,   -9.959538e-03,    1.335276e-01,   -1.259221e-01,   -1.198155e-01,    1.259894e-01,   -1.349572e-02,    8.832395e-03,    1.857172e-01,   -1.266086e+00,    2.423725e-02,   -1.449407e+00,   -5.520074e-01,   -4.620707e-01,    9.000557e-03,    1.231379e-01,    9.769900e-03,   -2.319900e-02,    1.337500e-01,   -1.392200e-01,   -1.248800e-01,    1.217500e-01,   -1.342300e-02,    9.827300e-03,    1.045700e-02,    1.045700e-02,    9.174700e-03,    9.174700e-03,    9.174700e-03,    9.174700e-03,    8.079600e-03,    8.079600e-03,
        39,    2.511800e+02,    9.187026e-03,   -7.245462e-03,    1.590956e-01,   -1.646273e-01,   -1.482869e-01,    1.680876e-01,   -1.581678e-02,    6.419389e-03,    8.370711e-01,   -9.921893e-01,    1.216138e+00,   -1.221930e+00,   -6.429050e-01,   -7.009393e-01,   -1.596665e-01,   -5.115349e-02,    1.963200e-02,   -1.962600e-02,    1.734400e-01,   -1.790400e-01,   -1.558700e-01,    1.598200e-01,   -1.734900e-02,    5.928500e-03,    1.247800e-02,    1.247800e-02,    1.179500e-02,    1.179500e-02,    1.179500e-02,    1.179500e-02,    9.596400e-03,    9.596400e-03,
        39,    3.981000e+02,    7.657347e-03,   -6.854404e-03,    1.942190e-01,   -2.205751e-01,   -1.865393e-01,    2.226901e-01,   -1.652787e-02,    4.824847e-03,    1.245351e+00,   -4.054920e-01,    1.748593e+00,   -5.132479e-02,   -7.233440e-01,   -1.187610e+00,   -1.772500e-01,   -3.470258e-01,    2.516200e-02,   -1.255400e-02,    2.202800e-01,   -2.213400e-01,   -1.973200e-01,    2.049900e-01,   -1.845600e-02,    1.049900e-03,    1.405600e-02,    1.405600e-02,    1.490400e-02,    1.490400e-02,    1.490400e-02,    1.490400e-02,    1.087800e-02,    1.087800e-02,
        39,    6.309500e+02,    5.643349e-03,   -1.121980e-02,    2.443154e-01,   -2.940372e-01,   -2.351293e-01,    2.946119e-01,   -1.734328e-02,    4.906983e-03,    1.372468e+00,    4.929246e-01,    1.447074e+00,    7.677277e-01,   -9.495034e-01,   -1.904356e+00,   -5.637805e-02,   -1.059218e+00,    2.676700e-02,   -3.633200e-03,    2.714900e-01,   -2.796200e-01,   -2.529600e-01,    2.588500e-01,   -1.806300e-02,   -8.615000e-03,    1.539100e-02,    1.539100e-02,    1.877900e-02,    1.877900e-02,    1.877900e-02,    1.877900e-02,    1.276600e-02,    1.276600e-02,
        39,    1.000000e+03,    6.296513e-03,   -1.986721e-02,    3.079940e-01,   -3.893908e-01,   -2.971411e-01,    3.922234e-01,   -2.001059e-02,    5.381095e-03,    1.313315e+00,    1.296368e+00,    1.585092e+00,    1.415653e+00,   -3.977318e-01,   -1.956438e+00,    4.426426e-01,   -1.518522e+00,    3.073600e-02,    4.256900e-03,    3.459300e-01,   -3.555100e-01,   -3.066600e-01,    3.454000e-01,   -1.330500e-02,   -1.762300e-02,    1.860900e-02,    1.860900e-02,    2.393300e-02,    2.393300e-02,    2.393300e-02,    2.393300e-02,    1.514900e-02,    1.514900e-02,
        41,    1.000000e+02,    2.592264e-02,   -1.668446e-02,    8.362219e-02,   -1.096250e-01,   -9.151298e-02,    1.117557e-01,   -1.800189e-02,    6.411036e-03,    4.522035e-02,   -1.609194e-01,   -2.435706e-01,   -8.218414e-01,    2.260551e-01,    1.712582e-01,   -1.071121e+00,    4.528081e-01,    2.638000e-02,   -1.831200e-02,    8.188100e-02,   -1.155000e-01,   -8.989700e-02,    1.129800e-01,   -2.870100e-02,    1.093400e-02,    1.011400e-02,    1.011400e-02,    7.148600e-03,    7.148600e-03,    7.148600e-03,    7.148600e-03,    9.988700e-03,    9.988700e-03,
        41,    1.584800e+02,    2.878144e-02,   -2.821900e-02,    1.034895e-01,   -1.532498e-01,   -1.158093e-01,    1.602028e-01,   -1.684807e-02,    1.396655e-02,    3.280235e-01,   -2.396713e-02,    2.065911e-01,   -7.491133e-01,    4.756835e-01,    2.740755e-01,   -1.217481e+00,   -5.566733e-02,    3.329800e-02,   -2.854900e-02,    1.055000e-01,   -1.605400e-01,   -1.111800e-01,    1.628700e-01,   -3.192900e-02,    1.327700e-02,    1.376900e-02,    1.376900e-02,    9.731800e-03,    9.731800e-03,    9.731800e-03,    9.731800e-03,    1.238700e-02,    1.238700e-02,
        41,    2.511800e+02,    3.640020e-02,   -4.252066e-02,    1.362408e-01,   -2.150319e-01,   -1.567084e-01,    2.220654e-01,   -1.945256e-02,    2.504727e-02,    5.316448e-01,    3.407282e-01,    1.305185e-01,   -2.678491e-01,    7.469188e-01,    2.083634e-01,   -1.057448e+00,   -5.877401e-01,    4.622500e-02,   -3.622400e-02,    1.379600e-01,   -2.185600e-01,   -1.468700e-01,    2.248100e-01,   -3.571400e-02,    1.600900e-02,    1.848000e-02,    1.848000e-02,    1.317200e-02,    1.317200e-02,    1.317200e-02,    1.317200e-02,    1.537800e-02,    1.537800e-02,
        41,    3.981000e+02,    4.861989e-02,   -5.810257e-02,    1.883611e-01,   -2.953908e-01,   -2.164484e-01,    2.950083e-01,   -2.629081e-02,    3.766090e-02,    5.294066e-01,    6.882461e-01,   -1.764816e-01,    1.244438e-01,    1.142118e+00,    4.326663e-01,   -7.105086e-01,   -9.907345e-01,    6.135000e-02,   -4.155300e-02,    1.852400e-01,   -2.931900e-01,   -1.962500e-01,    3.026600e-01,   -3.971800e-02,    1.893800e-02,    2.404600e-02,    2.404600e-02,    1.768500e-02,    1.768500e-02,    1.768500e-02,    1.768500e-02,    1.889800e-02,    1.889800e-02,
        41,    6.309500e+02,    6.384670e-02,   -7.577447e-02,    2.632045e-01,   -3.947726e-01,   -2.934133e-01,    3.814934e-01,   -3.571183e-02,    5.185911e-02,    5.467146e-01,    9.538512e-01,   -2.827079e-01,   -2.016251e-02,    7.860731e-01,    1.321059e+00,   -3.978794e-01,   -1.217802e+00,    8.101900e-02,   -4.581400e-02,    2.563700e-01,   -3.952600e-01,   -2.744100e-01,    4.134300e-01,   -4.517300e-02,    2.290100e-02,    3.141000e-02,    3.141000e-02,    2.417500e-02,    2.417500e-02,    2.417500e-02,    2.417500e-02,    2.377900e-02,    2.377900e-02,
        42,    1.000000e+02,    7.116549e-03,   -2.590955e-02,    1.067639e-01,   -9.963209e-02,   -1.088155e-01,    1.055911e-01,   -5.720141e-03,    2.278224e-02,   -2.144307e-01,   -3.694414e-01,    1.800585e-02,   -3.568049e-01,    1.554607e-01,    7.007902e-01,    2.116361e-01,    3.774258e-01,    4.972800e-03,   -2.960300e-02,    1.069000e-01,   -1.023300e-01,   -1.076400e-01,    1.108900e-01,   -3.682000e-03,    2.641700e-02,    9.997400e-03,    9.997400e-03,    7.561300e-03,    7.561300e-03,    7.561300e-03,    7.561300e-03,    9.630400e-03,    9.630400e-03,
        42,    1.584800e+02,    1.549483e-02,   -2.742697e-02,    1.296501e-01,   -1.300849e-01,   -1.309063e-01,    1.393400e-01,   -1.527110e-02,    2.281930e-02,    9.357836e-02,   -5.246771e-01,    3.701688e-01,   -2.510889e-01,   -6.314356e-01,    6.805424e-01,   -6.586476e-02,    5.264719e-01,    1.668000e-02,   -3.407200e-02,    1.332400e-01,   -1.325200e-01,   -1.370300e-01,    1.459400e-01,   -1.607900e-02,    2.927700e-02,    1.266500e-02,    1.266500e-02,    9.698100e-03,    9.698100e-03,    9.698100e-03,    9.698100e-03,    1.226600e-02,    1.226600e-02,
        42,    2.511800e+02,    2.166372e-02,   -2.886693e-02,    1.612733e-01,   -1.687686e-01,   -1.612406e-01,    1.862196e-01,   -2.051486e-02,    2.131716e-02,    3.796089e-01,   -4.413006e-01,    4.989594e-01,    1.328002e-01,   -1.304757e+00,    3.082829e-02,   -3.932873e-01,    4.511140e-01,    2.754500e-02,   -3.570400e-02,    1.674300e-01,   -1.671300e-01,   -1.773400e-01,    1.866000e-01,   -2.638900e-02,    2.805500e-02,    1.549300e-02,    1.549300e-02,    1.233900e-02,    1.233900e-02,    1.233900e-02,    1.233900e-02,    1.493600e-02,    1.493600e-02,
        42,    3.981000e+02,    2.653169e-02,   -3.428594e-02,    1.992804e-01,   -2.171327e-01,   -2.022376e-01,    2.472758e-01,   -2.351670e-02,    2.398239e-02,    5.712152e-01,   -1.688080e-01,    5.257793e-01,    7.090096e-01,   -1.823983e+00,   -9.898990e-01,   -5.474565e-01,    1.251974e-01,    3.717400e-02,   -3.743100e-02,    2.074100e-01,   -2.061700e-01,   -2.304400e-01,    2.319700e-01,   -3.317000e-02,    2.619000e-02,    1.863100e-02,    1.863100e-02,    1.546200e-02,    1.546200e-02,    1.546200e-02,    1.546200e-02,    1.763300e-02,    1.763300e-02,
        42,    6.309500e+02,    3.393537e-02,   -4.389255e-02,    2.435900e-01,   -2.839653e-01,   -2.525730e-01,    3.283565e-01,   -2.904130e-02,    3.002853e-02,    5.958398e-01,    2.253484e-01,    2.640118e-01,    1.567065e+00,   -2.267000e+00,   -2.324070e+00,   -3.605827e-01,   -2.300231e-01,    4.710700e-02,   -3.891100e-02,    2.486300e-01,   -2.540500e-01,   -2.958500e-01,    2.839900e-01,   -3.633300e-02,    2.537700e-02,    2.210600e-02,    2.210600e-02,    1.909000e-02,    1.909000e-02,    1.909000e-02,    1.909000e-02,    2.022200e-02,    2.022200e-02,
        42,    1.000000e+03,    4.377875e-02,   -5.645968e-02,    2.989447e-01,   -3.782293e-01,   -3.143796e-01,    4.417068e-01,   -3.664017e-02,    3.708398e-02,    6.022019e-01,    6.664920e-01,    1.775068e-01,    2.370516e+00,   -2.211991e+00,   -4.311571e+00,    2.086166e-02,   -6.073976e-01,    5.981900e-02,   -3.870700e-02,    3.031200e-01,   -3.224700e-01,   -3.664100e-01,    3.402900e-01,   -3.618000e-02,    2.368600e-02,    2.663600e-02,    2.663600e-02,    2.352200e-02,    2.352200e-02,    2.352200e-02,    2.352200e-02,    2.205800e-02,    2.205800e-02,
        43,    2.511800e+02,   -1.379927e-02,    2.004103e-02,    1.899475e-01,   -2.250876e-01,   -2.209646e-01,    2.709204e-01,    3.923617e-02,   -4.694686e-02,    9.703910e-01,    4.100912e-01,   -1.159711e+00,    3.237725e-01,    4.901125e-01,   -7.824190e-01,   -6.662889e-01,    3.928308e-01,   -1.570400e-03,    2.520900e-02,    1.721900e-01,   -2.201300e-01,   -2.134600e-01,    2.589400e-01,    2.660200e-02,   -3.949800e-02,    1.260200e-02,    1.260200e-02,    1.531200e-02,    1.531200e-02,    1.531200e-02,    1.531200e-02,    1.896200e-02,    1.896200e-02,
        43,    3.981000e+02,   -1.905780e-02,    2.401396e-02,    2.460535e-01,   -2.968181e-01,   -2.912551e-01,    3.483400e-01,    5.092447e-02,   -6.114927e-02,    6.936099e-01,   -1.445019e-01,   -1.491959e+00,   -3.131832e-01,    8.793006e-01,   -5.888494e-01,   -4.191296e-01,   -9.984092e-03,   -9.256400e-03,    2.197200e-02,    2.160800e-01,   -3.031100e-01,   -2.735900e-01,    3.365100e-01,    3.972700e-02,   -6.141600e-02,    1.413100e-02,    1.413100e-02,    2.009000e-02,    2.009000e-02,    2.009000e-02,    2.009000e-02,    2.671600e-02,    2.671600e-02,
        43,    6.309500e+02,   -2.336198e-02,    2.939976e-02,    3.213985e-01,   -3.861445e-01,   -3.806784e-01,    4.436522e-01,    6.496099e-02,   -7.919325e-02,    4.897789e-01,   -6.180062e-01,   -5.079527e-01,   -9.798829e-01,    8.813564e-01,   -1.988346e-01,    1.064565e-01,   -8.951793e-02,   -1.514300e-02,    1.902900e-02,    3.077000e-01,   -4.125700e-01,   -3.569100e-01,    4.382900e-01,    6.889700e-02,   -8.250300e-02,    1.678100e-02,    1.678100e-02,    2.696800e-02,    2.696800e-02,    2.696800e-02,    2.696800e-02,    3.697300e-02,    3.697300e-02,
        44,    1.000000e+02,    4.340786e-03,   -3.817617e-04,    1.394259e-01,   -1.499340e-01,   -1.353860e-01,    1.452170e-01,   -4.413652e-03,    2.485811e-03,    3.922889e-02,   -6.364125e-01,    4.175229e-01,   -7.967164e-02,    2.568980e-03,   -2.586717e-01,   -5.320032e-02,    1.138025e-01,    4.546600e-03,   -3.720700e-03,    1.436500e-01,   -1.507400e-01,   -1.353600e-01,    1.426000e-01,   -4.678100e-03,    3.051500e-03,    5.246500e-03,    5.246500e-03,    1.011700e-02,    1.011700e-02,    1.011700e-02,    1.011700e-02,    4.970800e-03,    4.970800e-03,
        44,    1.584800e+02,    3.135359e-03,    1.769557e-03,    1.793569e-01,   -1.894305e-01,   -1.752146e-01,    1.833578e-01,   -4.674691e-03,    1.692754e-04,    3.730853e-01,   -4.431529e-01,    6.142945e-01,   -1.318733e-01,    1.014120e-01,   -1.649118e-01,    1.088331e-02,    3.079019e-01,    5.241500e-03,   -7.321300e-04,    1.873200e-01,   -1.911400e-01,   -1.739000e-01,    1.812200e-01,   -4.617100e-03,    1.798600e-03,    5.645200e-03,    5.645200e-03,    1.296300e-02,    1.296300e-02,    1.296300e-02,    1.296300e-02,    5.291700e-03,    5.291700e-03,
        44,    2.511800e+02,    1.727348e-03,    2.979106e-03,    2.279066e-01,   -2.376939e-01,   -2.233284e-01,    2.292054e-01,   -3.386679e-03,   -1.177762e-03,    5.402432e-01,   -1.596062e-02,    8.582229e-01,    8.789463e-03,    3.834167e-01,    5.463010e-02,   -1.980378e-02,    2.964813e-01,    5.423800e-03,    2.869900e-03,    2.419600e-01,   -2.375500e-01,   -2.170500e-01,    2.301000e-01,   -3.485500e-03,    3.016800e-04,    6.842200e-03,    6.842200e-03,    1.637500e-02,    1.637500e-02,    1.637500e-02,    1.637500e-02,    4.990000e-03,    4.990000e-03,
        44,    3.981000e+02,    5.121837e-04,    3.602825e-03,    2.862236e-01,   -2.993383e-01,   -2.809109e-01,    2.864692e-01,   -1.998013e-03,   -9.823722e-04,    6.589950e-01,    3.473832e-01,    1.347201e+00,    4.027272e-01,    4.430375e-01,    2.464683e-01,    3.220414e-01,    2.904705e-01,    6.927500e-03,    6.984600e-03,    3.140500e-01,   -2.910200e-01,   -2.717600e-01,    2.915600e-01,   -1.021100e-03,   -1.012300e-04,    9.735000e-03,    9.735000e-03,    2.065500e-02,    2.065500e-02,    2.065500e-02,    2.065500e-02,    3.033500e-03,    3.033500e-03,
        44,    6.309500e+02,   -1.978774e-04,    4.365726e-03,    3.571670e-01,   -3.806339e-01,   -3.491800e-01,    3.607692e-01,   -1.446793e-03,   -1.011122e-04,    6.902350e-01,    7.286355e-01,    1.595297e+00,    1.496446e+00,    5.615504e-01,    1.385560e-01,    6.973598e-01,    2.313605e-01,    9.840900e-03,    1.496300e-02,    3.978200e-01,   -3.425000e-01,   -3.348700e-01,    3.643000e-01,    2.223900e-03,    1.116700e-03,    1.454400e-02,    1.454400e-02,    2.548300e-02,    2.548300e-02,    2.548300e-02,    2.548300e-02,    5.263700e-03,    5.263700e-03,
        45,    1.000000e+02,   -1.072018e-02,    4.230122e-03,    1.228505e-01,   -1.466066e-01,   -1.329758e-01,    1.408387e-01,    1.712799e-02,   -8.903141e-03,   -2.577555e-02,   -3.532665e-01,   -2.696904e-02,   -3.482594e-01,   -7.809176e-02,   -2.307681e-01,   -6.915446e-01,   -5.356223e-01,   -1.089900e-02,    1.779300e-03,    1.225900e-01,   -1.499700e-01,   -1.337300e-01,    1.386100e-01,    1.110000e-02,   -1.357200e-02,    6.937600e-03,    6.937600e-03,    9.657600e-03,    9.657600e-03,    9.657600e-03,    9.657600e-03,    8.716700e-03,    8.716700e-03,
        45,    1.584800e+02,   -1.149453e-02,    3.049163e-03,    1.616111e-01,   -1.824115e-01,   -1.687955e-01,    1.741338e-01,    1.947653e-02,   -7.837016e-03,    1.162584e-01,   -2.747186e-01,    2.300773e-01,   -3.147120e-01,    2.265090e-01,   -2.641805e-01,   -3.311881e-01,   -7.207736e-01,   -1.059800e-02,    9.306700e-04,    1.644100e-01,   -1.862400e-01,   -1.660400e-01,    1.709200e-01,    1.585300e-02,   -1.572300e-02,    7.711500e-03,    7.711500e-03,    1.216500e-02,    1.216500e-02,    1.216500e-02,    1.216500e-02,    1.094100e-02,    1.094100e-02,
        45,    2.511800e+02,   -1.100078e-02,    2.350045e-03,    2.072704e-01,   -2.269007e-01,   -2.110144e-01,    2.174491e-01,    2.066890e-02,   -7.303437e-03,    1.005561e-01,   -1.222818e-01,    1.853711e-01,    5.918436e-02,    6.149487e-01,   -2.757087e-01,    2.064157e-02,   -7.778196e-01,   -1.015300e-02,    1.319100e-03,    2.100600e-01,   -2.260100e-01,   -2.017600e-01,    2.133000e-01,    2.094700e-02,   -1.778300e-02,    8.430900e-03,    8.430900e-03,    1.504900e-02,    1.504900e-02,    1.504900e-02,    1.504900e-02,    1.347300e-02,    1.347300e-02,
        45,    3.981000e+02,   -9.393974e-03,    3.250461e-03,    2.610171e-01,   -2.851994e-01,   -2.621184e-01,    2.754447e-01,    2.140793e-02,   -8.291517e-03,    3.895638e-02,    1.138403e-01,    2.110792e-01,    3.485212e-01,    6.527328e-01,    1.637461e-01,    2.943925e-01,   -6.480103e-01,   -9.031500e-03,    4.309700e-03,    2.650200e-01,   -2.785900e-01,   -2.497400e-01,    2.785500e-01,    2.627100e-02,   -1.899600e-02,    9.304600e-03,    9.304600e-03,    1.896400e-02,    1.896400e-02,    1.896400e-02,    1.896400e-02,    1.651900e-02,    1.651900e-02,
        45,    6.309500e+02,   -7.521582e-03,    6.569835e-03,    3.256577e-01,   -3.636649e-01,   -3.256887e-01,    3.532226e-01,    2.289061e-02,   -1.090861e-02,   -1.440919e-01,   -5.233112e-01,    2.385914e-01,    9.063214e-01,    2.510355e-01,   -1.787997e-03,    3.453584e-01,   -5.682205e-01,   -8.940700e-03,    1.415900e-03,    3.313400e-01,   -3.420800e-01,   -3.197100e-01,    3.531800e-01,    2.978500e-02,   -2.225200e-02,    9.848700e-03,    9.848700e-03,    2.381600e-02,    2.381600e-02,    2.381600e-02,    2.381600e-02,    1.996300e-02,    1.996300e-02,
        45,    1.000000e+03,   -5.742764e-03,    1.251323e-02,    4.049757e-01,   -4.706567e-01,   -4.057910e-01,    4.573687e-01,    2.589074e-02,   -1.461968e-02,   -5.448607e-01,   -7.118332e-01,    3.175076e-01,    1.463183e+00,    3.997508e-01,   -1.660051e-01,    4.846857e-01,    2.821665e-02,   -1.303300e-02,    2.988900e-03,    4.144600e-01,   -4.269500e-01,   -3.938500e-01,    4.524100e-01,    3.710200e-02,   -1.396700e-02,    1.338000e-02,    1.338000e-02,    2.987100e-02,    2.987100e-02,    2.987100e-02,    2.987100e-02,    2.313100e-02,    2.313100e-02,
        46,    1.000000e+02,   -2.860440e-02,    1.272116e-02,    1.203800e-01,   -1.048517e-01,   -1.054142e-01,    1.076893e-01,    1.924056e-02,   -2.347869e-03,   -1.086675e+00,   -3.451963e-01,   -7.709532e-01,   -1.816787e+00,   -1.381034e+00,    5.436615e-02,    1.460029e-02,   -1.388764e+00,   -4.237800e-02,    8.345800e-03,    1.141300e-01,   -1.195800e-01,   -1.166100e-01,    1.081300e-01,    1.937800e-02,   -1.542100e-02,    1.267500e-02,    1.267500e-02,    8.106800e-03,    8.106800e-03,    8.106800e-03,    8.106800e-03,    9.413500e-03,    9.413500e-03,
        46,    1.584800e+02,   -3.397235e-02,    2.312232e-02,    1.481896e-01,   -1.373491e-01,   -1.359000e-01,    1.415469e-01,    1.872162e-02,   -5.917396e-03,   -6.516221e-01,   -6.666428e-01,   -1.712567e-01,   -3.962617e-01,   -2.144495e+00,    3.122626e-01,    5.986496e-01,   -2.459454e-01,   -4.337200e-02,    1.350600e-02,    1.464000e-01,   -1.414900e-01,   -1.583100e-01,    1.448100e-01,    2.555700e-02,   -8.725600e-03,    1.442500e-02,    1.442500e-02,    1.045000e-02,    1.045000e-02,    1.045000e-02,    1.045000e-02,    1.141800e-02,    1.141800e-02,
        46,    2.511800e+02,   -4.479730e-02,    3.107975e-02,    1.871156e-01,   -1.743514e-01,   -1.769423e-01,    1.792258e-01,    2.189126e-02,   -1.010524e-02,    8.453082e-02,   -8.095822e-01,   -6.519569e-01,    7.865809e-01,   -1.012830e+00,   -7.074049e-01,    5.875602e-01,    1.538004e-01,   -4.344100e-02,    1.809000e-02,    1.790000e-01,   -1.645600e-01,   -1.895500e-01,    1.704200e-01,    2.969700e-02,   -8.062000e-03,    1.604500e-02,    1.604500e-02,    1.244800e-02,    1.244800e-02,    1.244800e-02,    1.244800e-02,    1.328500e-02,    1.328500e-02,
        46,    3.981000e+02,   -5.706176e-02,    3.517089e-02,    2.343974e-01,   -2.163702e-01,   -2.271234e-01,    2.216172e-01,    2.704831e-02,   -1.182588e-02,    6.782696e-01,   -6.151491e-01,   -7.035476e-01,    1.235788e+00,   -2.944149e-01,   -1.037633e+00,    5.614178e-01,    1.636327e-01,   -4.456600e-02,    2.383800e-02,    2.237000e-01,   -1.975800e-01,   -2.316000e-01,    2.058400e-01,    3.609500e-02,   -9.189100e-03,    1.842300e-02,    1.842300e-02,    1.520500e-02,    1.520500e-02,    1.520500e-02,    1.520500e-02,    1.611400e-02,    1.611400e-02,
        46,    6.309500e+02,   -6.894027e-02,    3.814862e-02,    2.902589e-01,   -2.687471e-01,   -2.865933e-01,    2.727112e-01,    3.164921e-02,   -1.182560e-02,    9.402185e-01,   -2.759707e-01,   -1.130939e-01,    1.175674e+00,   -2.433345e-01,   -8.364379e-01,    6.951212e-01,   -4.090107e-02,   -4.807400e-02,    3.202400e-02,    2.880900e-01,   -2.462000e-01,   -2.912600e-01,    2.566700e-01,    4.581300e-02,   -1.265900e-02,    2.219300e-02,    2.219300e-02,    1.917800e-02,    1.917800e-02,    1.917800e-02,    1.917800e-02,    2.037600e-02,    2.037600e-02,
        46,    1.000000e+03,   -8.243371e-02,    4.117133e-02,    3.588282e-01,   -3.363975e-01,   -3.587630e-01,    3.372123e-01,    3.601484e-02,   -1.145922e-02,    8.974722e-01,    6.176928e-02,    6.852679e-01,    8.848714e-01,   -4.763385e-01,   -4.822518e-01,    9.086398e-01,   -3.796839e-01,   -5.723000e-02,    4.290600e-02,    3.756700e-01,   -3.146500e-01,   -3.704700e-01,    3.253600e-01,    6.022100e-02,   -2.157400e-02,    2.808300e-02,    2.808300e-02,    2.457700e-02,    2.457700e-02,    2.457700e-02,    2.457700e-02,    2.664000e-02,    2.664000e-02,
        47,    1.000000e+02,   -9.663917e-03,    4.105462e-02,    1.965000e-01,   -1.696645e-01,   -1.612585e-01,    1.023857e-01,   -3.547316e-04,   -4.414151e-02,   -1.099187e+00,    1.325506e-01,    4.756667e-01,    4.103440e-01,    4.399297e-01,   -4.906126e-01,    4.100688e-01,    6.021580e-01,   -2.888100e-02,    4.337200e-02,    2.017100e-01,   -1.651700e-01,   -1.564400e-01,    9.701200e-02,    4.721100e-03,   -3.668800e-02,    1.748300e-02,    1.748300e-02,    1.095300e-02,    1.095300e-02,    1.095300e-02,    1.095300e-02,    1.237800e-02,    1.237800e-02,
        47,    1.584800e+02,   -2.385198e-02,    4.984811e-02,    2.479826e-01,   -2.024254e-01,   -1.856252e-01,    1.267581e-01,    1.716984e-02,   -5.603089e-02,   -8.710564e-01,   -3.479899e-01,    2.288882e-01,    9.594969e-01,    6.403007e-01,   -1.010956e+00,    2.230430e-01,    7.684199e-01,   -4.176700e-02,    4.269100e-02,    2.509300e-01,   -1.900700e-01,   -1.773800e-01,    1.137400e-01,    2.056500e-02,   -4.433400e-02,    2.056700e-02,    2.056700e-02,    1.287700e-02,    1.287700e-02,    1.287700e-02,    1.287700e-02,    1.522200e-02,    1.522200e-02,
        47,    2.511800e+02,   -4.061390e-02,    5.694189e-02,    3.069991e-01,   -2.354512e-01,   -2.151221e-01,    1.593932e-01,    3.797141e-02,   -6.392616e-02,   -5.151669e-01,   -6.361273e-01,   -1.081775e-01,    8.320564e-01,    7.675612e-01,   -1.028439e+00,    4.789415e-02,    6.036070e-01,   -5.294700e-02,    4.171300e-02,    3.053400e-01,   -2.226900e-01,   -2.033500e-01,    1.436200e-01,    3.888700e-02,   -5.238700e-02,    2.394000e-02,    2.394000e-02,    1.533700e-02,    1.533700e-02,    1.533700e-02,    1.533700e-02,    1.911700e-02,    1.911700e-02,
        47,    3.981000e+02,   -5.791826e-02,    6.267441e-02,    3.688019e-01,   -2.729243e-01,   -2.506856e-01,    2.035135e-01,    5.909753e-02,   -6.860890e-02,   -2.767618e-01,   -6.474609e-01,    3.303709e-01,    6.939016e-01,    4.139272e-01,   -1.063494e+00,    2.386840e-01,    2.663484e-01,   -6.581400e-02,    4.420300e-02,    3.749600e-01,   -2.599900e-01,   -2.429700e-01,    1.836900e-01,    6.502000e-02,   -6.200000e-02,    2.852900e-02,    2.852900e-02,    1.864000e-02,    1.864000e-02,    1.864000e-02,    1.864000e-02,    2.481300e-02,    2.481300e-02,
        47,    6.309500e+02,   -7.443228e-02,    6.919144e-02,    4.322282e-01,   -3.240358e-01,   -2.943618e-01,    2.648004e-01,    7.862003e-02,   -7.219913e-02,   -2.727712e-01,   -5.486331e-01,    1.550926e+00,    1.128176e+00,   -1.120265e+00,   -7.379134e-01,    5.941864e-01,   -2.888034e-02,   -8.396400e-02,    5.002000e-02,    4.690100e-01,   -2.972800e-01,   -3.209300e-01,    2.473000e-01,    9.849200e-02,   -7.316500e-02,    3.494400e-02,    3.494400e-02,    2.371600e-02,    2.371600e-02,    2.371600e-02,    2.371600e-02,    3.344400e-02,    3.344400e-02,
        47,    1.000000e+03,   -9.060983e-02,    7.939051e-02,    5.006069e-01,   -3.998785e-01,   -3.513066e-01,    3.506303e-01,    9.561446e-02,   -7.772979e-02,   -3.501567e-01,   -5.354094e-01,    1.919375e+00,    2.079785e+00,   -1.620938e+00,   -6.144390e-01,    8.136009e-01,    3.303297e-01,   -1.052800e-01,    5.695900e-02,    5.564300e-01,   -3.393900e-01,   -3.984500e-01,    3.327600e-01,    1.289900e-01,   -6.417900e-02,    4.189600e-02,    4.189600e-02,    2.908400e-02,    2.908400e-02,    2.908400e-02,    2.908400e-02,    4.102200e-02,    4.102200e-02,
        48,    1.000000e+02,    3.790151e-03,   -4.434197e-03,    1.296729e-01,   -1.274068e-01,   -1.413778e-01,    1.342649e-01,   -1.625676e-02,    1.377080e-02,    9.569860e-02,    2.169704e-01,   -4.463251e-01,   -3.201421e-01,   -3.446590e-02,   -3.139145e-01,    2.946299e-01,   -7.405659e-02,    4.240700e-03,   -3.412700e-03,    1.255000e-01,   -1.304000e-01,   -1.417000e-01,    1.313300e-01,   -1.358800e-02,    1.310000e-02,    4.708000e-03,    4.708000e-03,    9.349500e-03,    9.349500e-03,    9.349500e-03,    9.349500e-03,    9.058000e-03,    9.058000e-03,
        48,    1.584800e+02,    7.331118e-03,   -2.452819e-03,    1.565694e-01,   -1.679918e-01,   -1.725542e-01,    1.708571e-01,   -2.048033e-02,    1.390383e-02,    1.168662e-01,    4.639899e-02,   -3.198704e-01,   -4.402764e-01,    7.673462e-02,   -2.051137e-01,    2.578970e-01,    7.909686e-02,    8.102400e-03,   -2.146600e-03,    1.528000e-01,   -1.731800e-01,   -1.716500e-01,    1.684400e-01,   -1.760400e-02,    1.478600e-02,    6.599700e-03,    6.599700e-03,    1.178400e-02,    1.178400e-02,    1.178400e-02,    1.178400e-02,    1.115300e-02,    1.115300e-02,
        48,    2.511800e+02,    7.567083e-03,    1.975867e-03,    1.945608e-01,   -2.242611e-01,   -2.115064e-01,    2.200610e-01,   -2.354344e-02,    1.409103e-02,    3.474091e-01,   -1.270120e-03,    4.641202e-02,   -1.127655e-01,   -6.793998e-02,   -1.746289e-01,   -2.113245e-02,    1.212619e-01,    1.051200e-02,    1.965100e-03,    1.952600e-01,   -2.259600e-01,   -2.125300e-01,    2.174300e-01,   -2.383900e-02,    1.578700e-02,    8.476800e-03,    8.476800e-03,    1.506600e-02,    1.506600e-02,    1.506600e-02,    1.506600e-02,    1.398600e-02,    1.398600e-02,
        48,    3.981000e+02,    4.126380e-03,    4.209963e-03,    2.477178e-01,   -2.963740e-01,   -2.607219e-01,    2.862197e-01,   -2.569845e-02,    1.597878e-02,    6.163861e-01,    4.584540e-01,    8.348464e-02,    5.043731e-02,   -1.656077e-01,   -2.423312e-01,   -1.190014e-01,    9.094390e-02,    1.104100e-02,    9.352900e-03,    2.493300e-01,   -2.954000e-01,   -2.639200e-01,    2.815400e-01,   -2.770600e-02,    1.751300e-02,    1.121800e-02,    1.121800e-02,    1.931100e-02,    1.931100e-02,    1.931100e-02,    1.931100e-02,    1.687000e-02,    1.687000e-02,
        48,    6.309500e+02,    1.219768e-03,    3.361172e-03,    3.148755e-01,   -3.879437e-01,   -3.233359e-01,    3.751650e-01,   -2.839751e-02,    2.010492e-02,    6.737205e-01,    9.131199e-01,    3.538443e-01,    1.016572e-01,   -2.793064e-01,   -5.407642e-01,   -1.214627e-01,   -1.138382e-02,    1.158900e-02,    1.741500e-02,    3.236600e-01,   -3.854200e-01,   -3.302700e-01,    3.617400e-01,   -3.084000e-02,    1.987600e-02,    1.539100e-02,    1.539100e-02,    2.482600e-02,    2.482600e-02,    2.482600e-02,    2.482600e-02,    2.010900e-02,    2.010900e-02,
        48,    1.000000e+03,   -8.017065e-04,    1.903058e-03,    3.971122e-01,   -5.103766e-01,   -4.024512e-01,    4.952083e-01,   -3.178222e-02,    2.592147e-02,    5.388182e-01,    1.178364e+00,    7.133040e-01,    3.088353e-01,   -5.204797e-01,   -8.294062e-01,   -3.554825e-01,   -1.729516e-01,    1.002800e-02,    2.558700e-02,    4.199700e-01,   -5.004800e-01,   -4.191300e-01,    4.686300e-01,   -4.086800e-02,    2.150100e-02,    2.009900e-02,    2.009900e-02,    3.204500e-02,    3.204500e-02,    3.204500e-02,    3.204500e-02,    2.555900e-02,    2.555900e-02,
VTF,
     StaID,        Freq[Hz],     Re(Tzx)_Cal,     Im(Tzx)_Cal,     Re(Tzy)_Cal,     Im(Tzy)_Cal,     Re(Tzx)_Res,     Im(Tzx)_Res,     Re(Tzy)_Res,     Im(Tzy)_Res,     Re(Tzx)_Obs,     Im(Tzx)_Obs,     Re(Tzy)_Obs,     Im(Tzy)_Obs,      Re(Tzx)_SD,      Im(Tzx)_SD,      Re(Tzy)_SD,      Im(Tzy)_SD,
      1001,    1.000000e+02,    5.370679e-02,    2.021161e-03,    8.838164e-02,    5.007321e-02,    4.804737e-01,    2.621880e-01,    6.922787e-01,   -7.219404e-01,    6.812100e-02,    9.886800e-03,    1.091500e-01,    2.841500e-02,    3.000000e-02,    3.000000e-02,    3.000000e-02,    3.000000e-02,
      1001,    1.584800e+02,    5.104551e-02,    9.607434e-03,    6.669254e-02,    5.035449e-02,    7.248496e-01,    1.894189e-01,    8.794486e-01,   -1.670496e-01,    7.279100e-02,    1.529000e-02,    9.307600e-02,    4.534300e-02,    3.000000e-02,    3.000000e-02,    3.000000e-02,    3.000000e-02,
      1001,    2.511800e+02,    4.463568e-02,    1.287766e-02,    4.887746e-02,    4.668776e-02,    6.781439e-01,    5.782781e-01,    3.653848e-01,    1.540078e-01,    6.498000e-02,    3.022600e-02,    5.983900e-02,    5.130800e-02,    3.000000e-02,    3.000000e-02,    3.000000e-02,    3.000000e-02,
      1001,    3.981000e+02,    3.845890e-02,    1.272594e-02,    3.369021e-02,    4.130176e-02,    5.010368e-01,    7.074021e-01,    3.822618e-02,    4.727080e-01,    5.349000e-02,    3.394800e-02,    3.483700e-02,    5.548300e-02,    3.000000e-02,    3.000000e-02,    3.000000e-02,    3.000000e-02,
      1001,    6.309500e+02,    3.346397e-02,    1.107214e-02,    2.123954e-02,    3.435459e-02,    4.913429e-02,    5.649954e-01,   -2.817179e-01,    3.769803e-01,    3.493800e-02,    2.802200e-02,    1.278800e-02,    4.566400e-02,    3.000000e-02,    3.000000e-02,    3.000000e-02,    3.000000e-02,
      1001,    1.000000e+03,    2.911342e-02,    8.487247e-03,    1.192671e-02,    2.684995e-02,   -4.229807e-01,   -1.230082e-01,   -3.998535e-01,   -3.277316e-01,    1.642400e-02,    4.797000e-03,   -6.888900e-05,    1.701800e-02,    3.000000e-02,    3.000000e-02,    3.000000e-02,    3.000000e-02,
      1002,    1.000000e+02,    1.459640e-01,   -1.470658e-02,   -1.877371e-01,    3.937416e-02,    5.295332e-01,    4.247328e-01,   -6.890968e-01,   -9.566719e-01,    1.618500e-01,   -1.964600e-03,   -2.084100e-01,    1.067400e-02,    3.000000e-02,    3.000000e-02,    3.000000e-02,    3.000000e-02,
      1002,    1.584800e+02,    1.480320e-01,    1.074755e-02,   -1.981633e-01,    8.604588e-03,    3.936002e-01,    6.649816e-01,   -1.778902e-01,   -1.167520e+00,    1.598400e-01,    3.069700e-02,   -2.035000e-01,   -2.642100e-02,    3.000000e-02,    3.000000e-02,    3.000000e-02,    3.000000e-02,
      1002,    2.511800e+02,    1.362705e-01,    3.216945e-02,   -1.916071e-01,   -1.968427e-02,    1.529820e-01,    6.311516e-01,    3.092364e-01,   -1.128724e+00,    1.408600e-01,    5.110400e-02,   -1.823300e-01,   -5.354600e-02,    3.000000e-02,    3.000000e-02,    3.000000e-02,    3.000000e-02,
      1002,    3.981000e+02,    1.158526e-01,    4.470447e-02,   -1.733157e-01,   -3.917815e-02,   -2.742102e-02,    5.435508e-01,    6.128552e-01,   -1.017695e+00,    1.150300e-01,    6.101100e-02,   -1.549300e-01,   -6.970900e-02,    3.000000e-02,    3.000000e-02,    3.000000e-02,    3.000000e-02,
      1002,    6.309500e+02,    9.401573e-02,    4.704318e-02,   -1.504165e-01,   -4.740262e-02,   -3.211910e-01,    5.985940e-01,    7.855509e-01,   -1.059579e+00,    8.438000e-02,    6.500100e-02,   -1.268500e-01,   -7.919000e-02,    3.000000e-02,    3.000000e-02,    3.000000e-02,    3.000000e-02,
      1002,    1.000000e+03,    7.593697e-02,    4.308108e-02,   -1.291704e-01,   -4.694652e-02,   -6.339325e-01,    6.486974e-01,    9.183452e-01,   -1.033816e+00,    5.691900e-02,    6.254200e-02,   -1.016200e-01,   -7.796100e-02,    3.000000e-02,    3.000000e-02,    3.000000e-02,    3.000000e-02,
      1003,    1.000000e+02,    7.469952e-02,   -2.588282e-02,   -1.264529e-01,    7.525995e-03,    1.155016e+00,    4.561275e-01,   -4.185701e-01,    2.448335e-01,    1.093500e-01,   -1.219900e-02,   -1.390100e-01,    1.487100e-02,    3.000000e-02,    3.000000e-02,    3.000000e-02,    3.000000e-02,
      1003,    1.584800e+02,    8.357745e-02,   -1.558891e-02,   -1.228296e-01,   -1.106515e-02,    1.137752e+00,    4.856270e-01,   -4.360140e-01,   -6.312847e-02,    1.177100e-01,   -1.020100e-03,   -1.359100e-01,   -1.295900e-02,    3.000000e-02,    3.000000e-02,    3.000000e-02,    3.000000e-02,
      1003,    2.511800e+02,    8.793913e-02,   -4.501416e-03,   -1.125840e-01,   -2.291551e-02,    7.306958e-01,    5.374139e-01,   -3.298655e-01,   -2.683164e-01,    1.098600e-01,    1.162100e-02,   -1.224800e-01,   -3.096500e-02,    3.000000e-02,    3.000000e-02,    3.000000e-02,    3.000000e-02,
      1003,    3.981000e+02,    8.724952e-02,    7.501115e-03,   -1.008578e-01,   -2.970491e-02,    5.236826e-01,    4.950295e-01,   -1.300738e-01,   -4.318031e-01,    1.029600e-01,    2.235200e-02,   -1.047600e-01,   -4.265900e-02,    3.000000e-02,    3.000000e-02,    3.000000e-02,    3.000000e-02,
      1003,    6.309500e+02,    8.076231e-02,    1.811100e-02,   -8.866307e-02,   -3.379309e-02,    3.907229e-01,    4.014999e-01,    4.402319e-03,   -5.998971e-01,    9.248400e-02,    3.015600e-02,   -8.853100e-02,   -5.179000e-02,    3.000000e-02,    3.000000e-02,    3.000000e-02,    3.000000e-02,
      1003,    1.000000e+03,    7.015704e-02,    2.486559e-02,   -7.592081e-02,   -3.579825e-02,    2.286653e-01,    3.083469e-01,    3.453270e-01,   -7.628582e-01,    7.701700e-02,    3.411600e-02,   -6.556100e-02,   -5.868400e-02,    3.000000e-02,    3.000000e-02,    3.000000e-02,    3.000000e-02,
      1004,    1.000000e+02,   -4.578938e-02,    7.225779e-03,    1.819319e-01,    1.454081e-01,   -7.359539e-01,    4.496740e-01,    7.356037e-01,   -4.962685e-01,   -6.786800e-02,    2.071600e-02,    2.040000e-01,    1.305200e-01,    3.000000e-02,    3.000000e-02,    3.000000e-02,    3.000000e-02,
      1004,    1.584800e+02,   -4.610154e-02,    1.279162e-02,    1.435012e-01,    1.296751e-01,   -6.492487e-01,   -4.282075e-02,    8.222921e-01,   -8.550355e-02,   -6.557900e-02,    1.150700e-02,    1.681700e-01,    1.271100e-01,    3.000000e-02,    3.000000e-02,    3.000000e-02,    3.000000e-02,
      1004,    2.511800e+02,   -5.182946e-02,    1.778136e-02,    1.116508e-01,    1.200117e-01,   -2.838179e-01,   -2.639187e-01,    7.633057e-01,    9.061013e-02,   -6.034400e-02,    9.863800e-03,    1.345500e-01,    1.227300e-01,    3.000000e-02,    3.000000e-02,    3.000000e-02,    3.000000e-02,
      1004,    3.981000e+02,   -6.016171e-02,    1.991289e-02,    7.990213e-02,    1.157560e-01,   -3.137620e-02,   -7.371462e-01,    6.572288e-01,    1.061349e-01,   -6.110300e-02,   -2.201500e-03,    9.961900e-02,    1.189400e-01,    3.000000e-02,    3.000000e-02,    3.000000e-02,    3.000000e-02,
      1004,    6.309500e+02,   -6.890964e-02,    1.879279e-02,    4.582014e-02,    1.127448e-01,   -1.760452e-01,   -5.727262e-01,    4.779287e-01,    3.245073e-01,   -7.419100e-02,    1.611000e-03,    6.015800e-02,    1.224800e-01,    3.000000e-02,    3.000000e-02,    3.000000e-02,    3.000000e-02,
      1004,    1.000000e+03,   -7.647861e-02,    1.490340e-02,    1.007167e-02,    1.075689e-01,   -1.211129e-01,    1.407153e+00,   -1.427422e+00,   -2.116290e-01,   -8.011200e-02,    5.711800e-02,   -3.275100e-02,    1.012200e-01,    3.000000e-02,    3.000000e-02,    3.000000e-02,    3.000000e-02,
      1005,    1.000000e+02,    8.534968e-03,    3.961698e-02,    1.136585e-01,    4.772544e-02,    8.167677e-01,    9.496675e-01,    3.710488e-01,    3.561520e-01,    3.303800e-02,    6.810700e-02,    1.247900e-01,    5.841000e-02,    3.000000e-02,    3.000000e-02,    3.000000e-02,    3.000000e-02,
      1005,    1.584800e+02,   -4.803848e-03,    3.717470e-02,    9.169536e-02,    5.761999e-02,    6.292283e-01,    1.300977e+00,    3.268801e-02,    6.943003e-01,    1.407300e-02,    7.620400e-02,    9.267600e-02,    7.844900e-02,    3.000000e-02,    3.000000e-02,    3.000000e-02,    3.000000e-02,
      1005,    2.511800e+02,   -1.669678e-02,    3.085064e-02,    6.689909e-02,    6.174660e-02,    2.013928e-01,    1.778779e+00,   -2.669698e-01,    9.292133e-01,   -1.065500e-02,    8.421400e-02,    5.889000e-02,    8.962300e-02,    3.000000e-02,    3.000000e-02,    3.000000e-02,    3.000000e-02,
      1005,    3.981000e+02,   -2.491864e-02,    2.349711e-02,    4.175455e-02,    5.814997e-02,   -5.768785e-01,    2.159163e+00,   -5.168182e-01,    1.173768e+00,   -4.222500e-02,    8.827200e-02,    2.625000e-02,    9.336300e-02,    3.000000e-02,    3.000000e-02,    3.000000e-02,    3.000000e-02,
      1005,    6.309500e+02,   -3.027059e-02,    1.654729e-02,    2.132131e-02,    4.766926e-02,   -1.549580e+00,    2.461390e+00,   -8.190935e-01,    1.401258e+00,   -7.675800e-02,    9.038900e-02,   -3.251500e-03,    8.970700e-02,    3.000000e-02,    3.000000e-02,    3.000000e-02,    3.000000e-02,
      1005,    1.000000e+03,   -3.303011e-02,    1.022559e-02,    8.389602e-03,    3.462003e-02,   -2.605663e+00,    2.325247e+00,   -1.684720e+00,    1.413399e+00,   -1.112000e-01,    7.998300e-02,   -4.215200e-02,    7.702200e-02,    3.000000e-02,    3.000000e-02,    3.000000e-02,    3.000000e-02,
      1006,    1.000000e+02,   -2.396047e-02,    3.407862e-02,   -1.060166e-02,   -1.963082e-02,    3.615489e-01,   -5.899206e-01,    1.826921e-01,    7.812374e-01,   -1.311400e-02,    1.638100e-02,   -5.120900e-03,    3.806300e-03,    3.000000e-02,    3.000000e-02,    3.000000e-02,    3.000000e-02,
      1006,    1.584800e+02,   -3.052040e-02,    2.213912e-02,    3.563802e-04,   -2.186040e-02,    3.733467e-01,   -2.229708e-01,    7.569931e-04,    7.018949e-01,   -1.932000e-02,    1.545000e-02,    3.790900e-04,   -8.035500e-04,    3.000000e-02,    3.000000e-02,    3.000000e-02,    3.000000e-02,
      1006,    2.511800e+02,   -3.030606e-02,    1.501452e-02,    8.827598e-03,   -2.071227e-02,    4.983526e-02,   -6.731744e-02,   -2.801328e-02,    5.741256e-01,   -2.881100e-02,    1.299500e-02,    7.987200e-03,   -3.488500e-03,    3.000000e-02,    3.000000e-02,    3.000000e-02,    3.000000e-02,
      1006,    3.981000e+02,   -2.807488e-02,    1.526655e-02,    1.390095e-02,   -1.893854e-02,   -3.249707e-01,   -3.387249e-01,    1.183349e-01,    5.971314e-01,   -3.782400e-02,    5.104800e-03,    1.745100e-02,   -1.024600e-03,    3.000000e-02,    3.000000e-02,    3.000000e-02,    3.000000e-02,
      1006,    6.309500e+02,   -2.898041e-02,    2.208879e-02,    1.650128e-02,   -1.986683e-02,   -2.847529e-01,   -1.038816e+00,    3.124573e-01,    1.011728e+00,   -3.752300e-02,   -9.075700e-03,    2.587500e-02,    1.048500e-02,    3.000000e-02,    3.000000e-02,    3.000000e-02,    3.000000e-02,
      1006,    1.000000e+03,   -3.615673e-02,    3.150970e-02,    2.002940e-02,   -2.492284e-02,    1.574243e-01,   -1.814390e+00,    3.971866e-01,    1.752261e+00,   -3.143400e-02,   -2.292200e-02,    3.194500e-02,    2.764500e-02,    3.000000e-02,    3.000000e-02,    3.000000e-02,    3.000000e-02,
      1007,    1.000000e+02,   -5.931074e-02,   -4.005967e-02,    3.075118e-02,    8.545102e-02,   -6.850871e-02,    3.843223e-01,   -9.297267e-02,   -4.031339e-01,   -6.136600e-02,   -2.853000e-02,    2.796200e-02,    7.335700e-02,    3.000000e-02,    3.000000e-02,    3.000000e-02,    3.000000e-02,
      1007,    1.584800e+02,   -3.944283e-02,   -4.008849e-02,   -6.014135e-03,    7.585065e-02,   -2.212058e-01,    3.303830e-01,    1.537645e-01,   -2.926882e-01,   -4.607900e-02,   -3.017700e-02,   -1.401200e-03,    6.707000e-02,    3.000000e-02,    3.000000e-02,    3.000000e-02,    3.000000e-02,
      1007,    2.511800e+02,   -2.193471e-02,   -3.062656e-02,   -3.340171e-02,    5.275057e-02,   -3.224763e-01,    1.711852e-01,    2.475236e-01,   -2.735222e-02,   -3.160900e-02,   -2.549100e-02,   -2.597600e-02,    5.193000e-02,    3.000000e-02,    3.000000e-02,    3.000000e-02,    3.000000e-02,
      1007,    3.981000e+02,   -1.427218e-02,   -1.570195e-02,   -4.286720e-02,    2.545545e-02,   -2.608608e-01,    1.473158e-02,    7.170678e-02,    1.996517e-01,   -2.209800e-02,   -1.526000e-02,   -4.071600e-02,    3.144500e-02,    3.000000e-02,    3.000000e-02,    3.000000e-02,    3.000000e-02,
      1007,    6.309500e+02,   -1.623504e-02,   -5.219804e-03,   -3.814067e-02,    7.635238e-03,   -1.124987e-01,    2.642013e-02,   -2.178109e-01,    1.591587e-01,   -1.961000e-02,   -4.427200e-03,   -4.467500e-02,    1.241000e-02,    3.000000e-02,    3.000000e-02,    3.000000e-02,    3.000000e-02,
      1007,    1.000000e+03,   -1.947711e-02,   -1.671775e-03,   -3.140564e-02,    8.358241e-04,   -8.236297e-02,    1.914325e-01,   -3.156119e-01,   -1.075541e-01,   -2.194800e-02,    4.071200e-03,   -4.087400e-02,   -2.390800e-03,    3.000000e-02,    3.000000e-02,    3.000000e-02,    3.000000e-02,
      1008,    1.000000e+02,    6.571246e-02,    1.926630e-02,   -3.342427e-02,   -2.270348e-02,   -2.236819e-01,    7.374901e-01,   -1.169912e-01,   -6.721840e-01,    5.900200e-02,    4.139100e-02,   -3.693400e-02,   -4.286900e-02,    3.000000e-02,    3.000000e-02,    3.000000e-02,    3.000000e-02,
      1008,    1.584800e+02,    5.424147e-02,    4.696125e-02,   -3.642874e-02,   -2.453433e-02,    7.078437e-02,    8.743251e-01,   -2.517519e-02,   -2.997890e-01,    5.636500e-02,    7.319100e-02,   -3.718400e-02,   -3.352800e-02,    3.000000e-02,    3.000000e-02,    3.000000e-02,    3.000000e-02,
      1008,    2.511800e+02,    2.677538e-02,    6.203115e-02,   -2.990045e-02,   -3.605272e-02,   -1.136125e-01,    8.251284e-01,   -3.905850e-01,   -2.059758e-01,    2.336700e-02,    8.678500e-02,   -4.161800e-02,   -4.223200e-02,    3.000000e-02,    3.000000e-02,    3.000000e-02,    3.000000e-02,
      1008,    3.981000e+02,   -9.987930e-04,    6.351423e-02,   -1.419686e-02,   -4.399641e-02,   -5.919069e-01,    1.022326e+00,   -1.132438e+00,   -5.644531e-01,   -1.875600e-02,    9.418400e-02,   -4.817000e-02,   -6.093000e-02,    3.000000e-02,    3.000000e-02,    3.000000e-02,    3.000000e-02,
      1008,    6.309500e+02,   -2.463610e-02,    5.912429e-02,    3.358403e-03,   -4.633187e-02,   -9.101632e-01,    6.682235e-01,   -9.632468e-01,   -1.646271e+00,   -5.194100e-02,    7.917100e-02,   -2.553900e-02,   -9.572000e-02,    3.000000e-02,    3.000000e-02,    3.000000e-02,    3.000000e-02,
      1008,    1.000000e+03,   -4.531311e-02,    5.100310e-02,    2.056026e-02,   -4.489177e-02,   -7.126629e-01,    3.971966e-01,    1.916248e-01,   -2.156608e+00,   -6.669300e-02,    6.291900e-02,    2.630900e-02,   -1.095900e-01,    3.000000e-02,    3.000000e-02,    3.000000e-02,    3.000000e-02,
      1010,    1.000000e+02,   -9.721124e-02,    1.862032e-02,    2.775973e-02,    2.969556e-02,    3.834079e-01,   -1.051775e-01,   -7.297343e-01,   -7.825195e-02,   -8.570900e-02,    1.546500e-02,    5.867700e-03,    2.734800e-02,    3.000000e-02,    3.000000e-02,    3.000000e-02,    3.000000e-02,
      1010,    1.584800e+02,   -8.169884e-02,   -1.392066e-02,    1.643444e-02,    3.085268e-02,    3.968614e-01,   -2.102781e-01,   -6.195847e-01,   -1.305226e-01,   -6.979300e-02,   -2.022900e-02,   -2.153100e-03,    2.693700e-02,    3.000000e-02,    3.000000e-02,    3.000000e-02,    3.000000e-02,
      1010,    2.511800e+02,   -6.034403e-02,   -2.735732e-02,    4.440554e-03,    2.839257e-02,    4.070344e-01,   -1.826892e-01,   -6.259518e-01,   -2.232522e-01,   -4.813300e-02,   -3.283800e-02,   -1.433800e-02,    2.169500e-02,    3.000000e-02,    3.000000e-02,    3.000000e-02,    3.000000e-02,
      1010,    3.981000e+02,   -4.311892e-02,   -2.862501e-02,   -5.094590e-03,    2.258694e-02,    3.742973e-01,   -9.933309e-02,   -5.352803e-01,   -3.522647e-01,   -3.189000e-02,   -3.160500e-02,   -2.115300e-02,    1.201900e-02,    3.000000e-02,    3.000000e-02,    3.000000e-02,    3.000000e-02,
      1010,    6.309500e+02,   -3.175715e-02,   -2.572062e-02,   -1.063753e-02,    1.595281e-02,    3.638382e-01,    2.935411e-02,   -4.345157e-01,   -4.429570e-01,   -2.084200e-02,   -2.484000e-02,   -2.367300e-02,    2.664100e-03,    3.000000e-02,    3.000000e-02,    3.000000e-02,    3.000000e-02,
      1010,    1.000000e+03,   -2.408607e-02,   -2.249003e-02,   -1.313991e-02,    1.063904e-02,    3.499022e-01,   -1.298983e-03,   -1.432031e-01,   -4.201012e-01,   -1.358900e-02,   -2.252900e-02,   -1.743600e-02,   -1.964000e-03,    3.000000e-02,    3.000000e-02,    3.000000e-02,    3.000000e-02,
      1011,    1.000000e+02,    5.151448e-02,    4.985961e-02,   -5.375050e-04,   -2.689138e-02,    6.954840e-01,   -1.466204e-01,   -6.396165e-01,   -4.391206e-01,    7.237900e-02,    4.546100e-02,   -1.972600e-02,   -4.006500e-02,    3.000000e-02,    3.000000e-02,    3.000000e-02,    3.000000e-02,
      1011,    1.584800e+02,    4.121383e-02,    3.640221e-02,    6.572040e-03,   -2.478476e-02,    7.760390e-01,    2.653596e-01,    2.019653e-01,   -3.549748e-01,    6.449500e-02,    4.436300e-02,    1.263100e-02,   -3.543400e-02,    3.000000e-02,    3.000000e-02,    3.000000e-02,    3.000000e-02,
      1011,    2.511800e+02,    3.566143e-02,    2.735641e-02,    1.530273e-02,   -2.141935e-02,    5.460856e-01,    5.357531e-01,    3.260091e-01,   -8.274215e-01,    5.204400e-02,    4.342900e-02,    2.508300e-02,   -4.624200e-02,    3.000000e-02,    3.000000e-02,    3.000000e-02,    3.000000e-02,
      1011,    3.981000e+02,    3.149975e-02,    2.206584e-02,    2.298373e-02,   -1.513319e-02,    4.589418e-01,    6.704388e-01,    3.097758e-01,   -1.346794e+00,    4.526800e-02,    4.217900e-02,    3.227700e-02,   -5.553700e-02,    3.000000e-02,    3.000000e-02,    3.000000e-02,    3.000000e-02,
      1011,    6.309500e+02,    2.774230e-02,    1.891583e-02,    2.760169e-02,   -6.617419e-03,    1.042568e-01,    7.590722e-01,    9.306438e-01,   -1.937353e+00,    3.087000e-02,    4.168800e-02,    5.552100e-02,   -6.473800e-02,    3.000000e-02,    3.000000e-02,    3.000000e-02,    3.000000e-02,
      1011,    1.000000e+03,    2.445785e-02,    1.741583e-02,    2.808330e-02,    2.678807e-03,   -2.248283e-01,    1.085239e+00,    2.145423e+00,   -2.710560e+00,    1.771300e-02,    4.997300e-02,    9.244600e-02,   -7.863800e-02,    3.000000e-02,    3.000000e-02,    3.000000e-02,    3.000000e-02,
      1012,    1.000000e+02,    5.450095e-02,    1.350898e-02,   -1.157242e-02,   -1.071327e-02,   -3.877650e-01,   -1.355692e-01,    2.833074e-01,    5.021490e-01,    4.286800e-02,    9.441900e-03,   -3.073200e-03,    4.351200e-03,    3.000000e-02,    3.000000e-02,    3.000000e-02,    3.000000e-02,
      1012,    1.584800e+02,    5.655351e-02,    8.652580e-03,   -9.540691e-03,   -2.530739e-03,    4.540163e-01,   -5.436027e-01,    5.563549e-04,    5.537246e-01,    7.017400e-02,   -7.655500e-03,   -9.524000e-03,    1.408100e-02,    3.000000e-02,    3.000000e-02,    3.000000e-02,    3.000000e-02,
      1012,    2.511800e+02,    5.634326e-02,    6.992239e-03,   -1.053546e-02,    3.389014e-03,    5.279245e-01,    3.423920e-01,   -2.890180e-01,    5.307662e-01,    7.218100e-02,    1.726400e-02,   -1.920600e-02,    1.931200e-02,    3.000000e-02,    3.000000e-02,    3.000000e-02,    3.000000e-02,
      1012,    3.981000e+02,    5.386242e-02,    5.194823e-03,   -1.232695e-02,    8.569497e-03,    3.933192e-01,    2.487726e-01,   -2.881015e-01,    6.304501e-01,    6.566200e-02,    1.265800e-02,   -2.097000e-02,    2.748300e-02,    3.000000e-02,    3.000000e-02,    3.000000e-02,    3.000000e-02,
      1012,    6.309500e+02,    5.139416e-02,    1.211827e-03,   -1.536772e-02,    1.399654e-02,   -5.390519e-02,   -2.089476e-01,   -1.854761e-01,    6.288821e-01,    4.977700e-02,   -5.056600e-03,   -2.093200e-02,    3.286300e-02,    3.000000e-02,    3.000000e-02,    3.000000e-02,    3.000000e-02,
      1012,    1.000000e+03,    5.078730e-02,   -4.182643e-03,   -1.969788e-02,    1.956227e-02,   -1.677101e-01,   -3.295786e-01,    1.626293e-01,    1.166244e-01,    4.575600e-02,   -1.407000e-02,   -1.481900e-02,    2.306100e-02,    3.000000e-02,    3.000000e-02,    3.000000e-02,    3.000000e-02,
      1013,    2.511800e+02,   -4.805432e-02,   -4.537098e-02,   -2.797303e-01,   -2.013840e-01,   -9.689895e-01,   -1.969301e+00,   -3.022658e+00,   -2.508866e+00,   -7.712400e-02,   -1.044500e-01,   -3.704100e-01,   -2.766500e-01,    3.000000e-02,    3.000000e-02,    3.000000e-02,    3.000000e-02,
      1013,    3.981000e+02,   -4.062792e-02,   -2.839793e-02,   -2.050410e-01,   -1.926132e-01,   -1.504026e-01,   -1.795369e+00,   -2.044301e+00,   -1.187892e+00,   -4.514000e-02,   -8.225900e-02,   -2.663700e-01,   -2.282500e-01,    3.000000e-02,    3.000000e-02,    3.000000e-02,    3.000000e-02,
      1013,    6.309500e+02,   -3.674572e-02,   -1.596637e-02,   -1.441468e-01,   -1.740437e-01,    2.212411e-02,   -1.951854e+00,   -2.299442e+00,    5.487893e-01,   -3.608200e-02,   -7.452200e-02,   -2.131300e-01,   -1.575800e-01,    3.000000e-02,    3.000000e-02,    3.000000e-02,    3.000000e-02,
      1013,    1.000000e+03,   -3.429597e-02,   -4.821113e-03,   -9.541609e-02,   -1.549516e-01,    2.262990e-01,   -2.629296e+00,   -3.878464e+00,    2.149585e+00,   -2.750700e-02,   -8.370000e-02,   -2.117700e-01,   -9.046400e-02,    3.000000e-02,    3.000000e-02,    3.000000e-02,    3.000000e-02,
      1014,    1.000000e+02,   -5.128689e-02,    1.876256e-01,   -1.258018e-01,   -1.476789e-03,    6.119631e-01,    8.147981e-02,    1.319692e+00,   -8.987737e-01,   -3.292800e-02,    1.900700e-01,   -8.621100e-02,   -2.844000e-02,    3.000000e-02,    3.000000e-02,    3.000000e-02,    3.000000e-02,
      1014,    1.584800e+02,   -1.075802e-01,    1.529656e-01,   -1.104461e-01,   -2.403676e-02,    3.231056e-01,    2.478137e-01,    1.629204e+00,   -6.307460e-02,   -9.788700e-02,    1.604000e-01,   -6.157000e-02,   -2.592900e-02,    3.000000e-02,    3.000000e-02,    3.000000e-02,    3.000000e-02,
      1014,    2.511800e+02,   -1.455522e-01,    1.183016e-01,   -9.109574e-02,   -3.542503e-02,   -1.659407e-02,   -1.740537e-01,    1.415858e+00,    9.484109e-01,   -1.460500e-01,    1.130800e-01,   -4.862000e-02,   -6.972700e-03,    3.000000e-02,    3.000000e-02,    3.000000e-02,    3.000000e-02,
      1014,    3.981000e+02,   -1.690734e-01,    8.959231e-02,   -7.076838e-02,   -3.743862e-02,    8.744826e-02,   -8.287436e-01,    5.636458e-01,    1.854387e+00,   -1.664500e-01,    6.473000e-02,   -5.385900e-02,    1.819300e-02,    3.000000e-02,    3.000000e-02,    3.000000e-02,    3.000000e-02,
      1014,    6.309500e+02,   -1.840535e-01,    7.005726e-02,   -5.432100e-02,   -3.041657e-02,    6.947822e-01,   -1.197909e+00,   -6.111001e-01,    2.125586e+00,   -1.632100e-01,    3.412000e-02,   -7.265400e-02,    3.335100e-02,    3.000000e-02,    3.000000e-02,    3.000000e-02,    3.000000e-02,
      1014,    1.000000e+03,   -1.962512e-01,    5.826014e-02,   -4.682871e-02,   -1.999994e-02,    1.364707e+00,   -1.110471e+00,   -1.515143e+00,    1.701365e+00,   -1.553100e-01,    2.494600e-02,   -9.228300e-02,    3.104100e-02,    3.000000e-02,    3.000000e-02,    3.000000e-02,    3.000000e-02,
      1015,    1.000000e+02,   -6.145864e-02,   -2.069233e-02,   -3.891295e-02,    1.333065e-02,    6.268548e-01,   -1.589891e-01,    1.377651e-01,   -7.427951e-01,   -4.265300e-02,   -2.546200e-02,   -3.478000e-02,   -8.953200e-03,    3.000000e-02,    3.000000e-02,    3.000000e-02,    3.000000e-02,
      1015,    1.584800e+02,   -4.661104e-02,   -2.651794e-02,   -4.355115e-02,    5.047968e-03,    5.922014e-01,   -1.357688e-01,    5.364051e-01,   -3.835189e-01,   -2.884500e-02,   -3.059100e-02,   -2.745900e-02,   -6.457600e-03,    3.000000e-02,    3.000000e-02,    3.000000e-02,    3.000000e-02,
      1015,    2.511800e+02,   -3.411159e-02,   -2.798615e-02,   -4.244004e-02,   -1.201102e-03,    5.671531e-01,   -1.873950e-01,    6.344012e-01,    1.904767e-01,   -1.709700e-02,   -3.360800e-02,   -2.340800e-02,    4.513200e-03,    3.000000e-02,    3.000000e-02,    3.000000e-02,    3.000000e-02,
      1015,    3.981000e+02,   -2.350932e-02,   -2.677127e-02,   -4.007337e-02,   -4.673220e-03,   -5.258560e-01,   -4.743242e-01,    2.319124e-01,    4.672873e-01,   -3.928500e-02,   -4.100100e-02,   -3.311600e-02,    9.345400e-03,    3.000000e-02,    3.000000e-02,    3.000000e-02,    3.000000e-02,
      1015,    6.309500e+02,   -1.514965e-02,   -2.434760e-02,   -3.774620e-02,   -7.338191e-03,   -1.524145e+00,   -1.017680e+00,   -1.152127e+00,   -1.168936e-01,   -6.087400e-02,   -5.487800e-02,   -7.231000e-02,   -1.084500e-02,    3.000000e-02,    3.000000e-02,    3.000000e-02,    3.000000e-02,
      1016,    1.000000e+02,   -1.394430e-01,    5.809087e-02,   -1.488442e-02,   -2.736806e-02,    7.047656e-01,    5.397375e-01,    3.828057e-02,    4.970186e-02,   -1.183000e-01,    7.428300e-02,   -1.373600e-02,   -2.587700e-02,    3.000000e-02,    3.000000e-02,    3.000000e-02,    3.000000e-02,
      1016,    1.584800e+02,   -1.464430e-01,    2.965588e-02,   -1.661052e-03,   -2.984024e-02,    1.218099e+00,    6.612373e-01,   -1.325983e-01,    3.215081e-01,   -1.099000e-01,    4.949300e-02,   -5.639000e-03,   -2.019500e-02,    3.000000e-02,    3.000000e-02,    3.000000e-02,    3.000000e-02,
      1016,    2.511800e+02,   -1.466939e-01,    8.070300e-03,    1.015325e-02,   -2.786173e-02,    3.291307e-01,    9.632333e-02,    5.612496e-02,    4.221578e-01,   -1.368200e-01,    1.096000e-02,    1.183700e-02,   -1.519700e-02,    3.000000e-02,    3.000000e-02,    3.000000e-02,    3.000000e-02,
      1016,    3.981000e+02,   -1.424577e-01,   -9.672780e-03,    1.949907e-02,   -2.407409e-02,   -1.572078e+00,   -8.880073e-01,    2.233977e-01,    3.028031e-01,   -1.896200e-01,   -3.631300e-02,    2.620100e-02,   -1.499000e-02,    3.000000e-02,    3.000000e-02,    3.000000e-02,    3.000000e-02,
      1016,    6.309500e+02,   -1.334158e-01,   -2.461132e-02,    2.688181e-02,   -1.935915e-02,   -1.345805e+00,   -3.262558e-01,   -1.086022e-02,    2.089385e-01,   -1.737900e-01,   -3.439900e-02,    2.655600e-02,   -1.309100e-02,    3.000000e-02,    3.000000e-02,    3.000000e-02,    3.000000e-02,
      1016,    1.000000e+03,   -1.197715e-01,   -3.582963e-02,    3.214888e-02,   -1.403738e-02,   -9.659508e-01,    1.486211e-01,   -1.676961e-01,    1.316794e-01,   -1.487500e-01,   -3.137100e-02,    2.711800e-02,   -1.008700e-02,    3.000000e-02,    3.000000e-02,    3.000000e-02,    3.000000e-02,
      1017,    1.000000e+02,    1.543895e-01,   -2.054969e-02,    2.782664e-01,   -5.108332e-02,   -3.266510e-01,   -7.503771e-01,   -1.062129e-01,   -3.010894e-01,    1.445900e-01,   -4.306100e-02,    2.750800e-01,   -6.011600e-02,    3.000000e-02,    3.000000e-02,    3.000000e-02,    3.000000e-02,
      1017,    1.584800e+02,    1.597030e-01,   -1.292321e-02,    2.901690e-01,   -1.635380e-02,   -9.410110e-02,   -5.354264e-01,    1.816990e-01,   -4.506066e-01,    1.568800e-01,   -2.898600e-02,    2.956200e-01,   -2.987200e-02,    3.000000e-02,    3.000000e-02,    3.000000e-02,    3.000000e-02,
      1017,    2.511800e+02,    1.643253e-01,   -4.157591e-03,    2.884444e-01,    1.696365e-02,    1.701574e-01,   -2.152470e-01,    1.251863e-01,   -5.653654e-01,    1.694300e-01,   -1.061500e-02,    2.922000e-01,    2.689400e-06,    3.000000e-02,    3.000000e-02,    3.000000e-02,    3.000000e-02,
      1017,    3.981000e+02,    1.674457e-01,    7.553386e-03,    2.763162e-01,    4.735899e-02,    4.731428e-01,    1.353538e-01,   -1.487352e-02,   -8.601996e-01,    1.816400e-01,    1.161400e-02,    2.758700e-01,    2.155300e-02,    3.000000e-02,    3.000000e-02,    3.000000e-02,    3.000000e-02,
      1017,    6.309500e+02,    1.669008e-01,    2.369469e-02,    2.548704e-01,    7.561638e-02,    7.669748e-01,    3.033103e-01,    2.686529e-01,   -1.542813e+00,    1.899100e-01,    3.279400e-02,    2.629300e-01,    2.933200e-02,    3.000000e-02,    3.000000e-02,    3.000000e-02,    3.000000e-02,
      1017,    1.000000e+03,    1.591856e-01,    4.427112e-02,    2.231620e-01,    1.006616e-01,    7.148089e-02,    1.242627e-01,    1.682599e+00,   -2.493986e+00,    1.613300e-01,    4.799900e-02,    2.736400e-01,    2.584200e-02,    3.000000e-02,    3.000000e-02,    3.000000e-02,    3.000000e-02,
      1018,    1.000000e+02,   -1.862016e-02,   -2.815431e-02,   -8.084109e-02,    3.967336e-02,   -3.969615e-01,    1.501438e-01,    1.005103e+00,    1.225452e-02,   -3.052900e-02,   -2.365000e-02,   -5.068800e-02,    4.004100e-02,    3.000000e-02,    3.000000e-02,    3.000000e-02,    3.000000e-02,
      1018,    1.584800e+02,   -4.520665e-03,   -3.342687e-02,   -1.010299e-01,    3.501245e-02,   -4.581445e-01,    1.542957e-01,    8.261956e-01,    4.257517e-01,   -1.826500e-02,   -2.879800e-02,   -7.624400e-02,    4.778500e-02,    3.000000e-02,    3.000000e-02,    3.000000e-02,    3.000000e-02,
      1018,    2.511800e+02,    1.153668e-02,   -3.202814e-02,   -1.187008e-01,    1.972130e-02,   -5.098428e-01,    1.490381e-01,    4.053586e-01,    5.854233e-01,   -3.758600e-03,   -2.755700e-02,   -1.065400e-01,    3.728400e-02,    3.000000e-02,    3.000000e-02,    3.000000e-02,    3.000000e-02,
      1018,    3.981000e+02,    2.448261e-02,   -2.435016e-02,   -1.255677e-01,   -4.310944e-03,    2.160464e-01,    3.358721e-01,   -4.014109e-01,   -2.110685e-01,    3.096400e-02,   -1.427400e-02,   -1.376100e-01,   -1.064300e-02,    3.000000e-02,    3.000000e-02,    3.000000e-02,    3.000000e-02,
      1018,    6.309500e+02,    3.168089e-02,   -1.375960e-02,   -1.182150e-01,   -2.891788e-02,    2.495304e+00,    7.182102e-01,   -3.267501e+00,   -1.478871e+00,    1.065400e-01,    7.786700e-03,   -2.162400e-01,   -7.328400e-02,    3.000000e-02,    3.000000e-02,    3.000000e-02,    3.000000e-02,
      1018,    1.000000e+03,    3.336916e-02,   -3.345693e-03,   -1.002965e-01,   -4.731515e-02,    3.959361e+00,    5.738564e-01,   -5.037451e+00,   -2.084162e+00,    1.521500e-01,    1.387000e-02,   -2.514200e-01,   -1.098400e-01,    3.000000e-02,    3.000000e-02,    3.000000e-02,    3.000000e-02,
      1019,    3.981000e+02,   -2.641319e-01,   -3.459715e-02,    1.702667e-01,    4.315754e-03,   -8.593565e-02,   -3.866428e+00,   -2.866525e+00,    3.078082e-01,   -2.667100e-01,   -1.505900e-01,    8.427100e-02,    1.355000e-02,    3.000000e-02,    3.000000e-02,    3.000000e-02,    3.000000e-02,
      1019,    6.309500e+02,   -2.443727e-01,   -3.765539e-02,    1.637709e-01,    9.998830e-03,   -7.929088e-01,   -3.066154e+00,    1.922303e+00,   -7.728943e-01,   -2.681600e-01,   -1.296400e-01,    2.214400e-01,   -1.318800e-02,    3.000000e-02,    3.000000e-02,    3.000000e-02,    3.000000e-02,
      1020,    1.000000e+02,   -1.059043e-01,   -1.135568e-02,   -3.540841e-02,    1.169217e-02,    1.208176e+00,    9.794227e-01,    1.368136e-01,   -3.436988e-01,   -6.965900e-02,    1.802700e-02,   -3.130400e-02,    1.381200e-03,    3.000000e-02,    3.000000e-02,    3.000000e-02,    3.000000e-02,
      1020,    1.584800e+02,   -9.087128e-02,   -1.458991e-02,   -3.751947e-02,    5.786114e-03,    5.620095e-01,    1.128630e+00,    2.248157e-01,   -1.347605e-01,   -7.401100e-02,    1.926900e-02,   -3.077500e-02,    1.743300e-03,    3.000000e-02,    3.000000e-02,    3.000000e-02,    3.000000e-02,
      1020,    2.511800e+02,   -7.970871e-02,   -9.386621e-03,   -3.724379e-02,    3.245174e-03,    1.470237e-01,    8.808207e-01,    1.529262e-01,   -4.078912e-02,   -7.529800e-02,    1.703800e-02,   -3.265600e-02,    2.021500e-03,    3.000000e-02,    3.000000e-02,    3.000000e-02,    3.000000e-02,
      1020,    3.981000e+02,   -7.453005e-02,    1.065422e-03,   -3.812652e-02,    2.039516e-03,   -1.129651e-01,    4.202526e-01,    1.269841e-01,   -8.075688e-02,   -7.791900e-02,    1.367300e-02,   -3.431700e-02,   -3.831900e-04,    3.000000e-02,    3.000000e-02,    3.000000e-02,    3.000000e-02,
      1020,    6.309500e+02,   -7.648104e-02,    1.273048e-02,   -3.983123e-02,   -1.674537e-04,   -5.707319e-01,   -1.640226e-01,    2.092743e-01,   -2.675582e-01,   -9.360300e-02,    7.809800e-03,   -3.355300e-02,   -8.194200e-03,    3.000000e-02,    3.000000e-02,    3.000000e-02,    3.000000e-02,
      1020,    1.000000e+03,   -8.363016e-02,    2.207714e-02,   -4.123380e-02,   -4.152454e-03,   -1.158995e+00,   -7.846581e-01,    2.963267e-01,   -5.464515e-01,   -1.184000e-01,   -1.462600e-03,   -3.234400e-02,   -2.054600e-02,    3.000000e-02,    3.000000e-02,    3.000000e-02,    3.000000e-02,
      1021,    1.000000e+02,    1.079093e-01,    1.475029e-02,   -2.972662e-02,    2.081734e-02,    1.200228e-01,    3.180324e+00,   -4.680460e-01,    2.462888e-01,    1.115100e-01,    1.101600e-01,   -4.376800e-02,    2.820600e-02,    3.000000e-02,    3.000000e-02,    3.000000e-02,    3.000000e-02,
      1021,    1.584800e+02,    1.028789e-01,    1.697819e-02,   -3.649115e-02,    1.804519e-02,    2.036986e-02,    2.103494e+00,   -2.228950e-01,    2.994271e-01,    1.034900e-01,    8.008300e-02,   -4.317800e-02,    2.702800e-02,    3.000000e-02,    3.000000e-02,    3.000000e-02,    3.000000e-02,
      1021,    2.511800e+02,    9.654747e-02,    1.876003e-02,   -4.184993e-02,    1.455245e-02,   -1.915156e-01,    4.576656e-01,   -1.316887e-02,    3.537516e-01,    9.080200e-02,    3.249000e-02,   -4.224500e-02,    2.516500e-02,    3.000000e-02,    3.000000e-02,    3.000000e-02,    3.000000e-02,
      1021,    3.981000e+02,    8.926340e-02,    1.911935e-02,   -4.572486e-02,    1.067375e-02,   -2.040801e-01,   -1.470578e+00,    1.452287e-01,    4.017749e-01,    8.314100e-02,   -2.499800e-02,   -4.136800e-02,    2.272700e-02,    3.000000e-02,    3.000000e-02,    3.000000e-02,    3.000000e-02,
      1021,    6.309500e+02,    8.202669e-02,    1.770245e-02,   -4.806270e-02,    6.931662e-03,    1.516444e+00,   -1.256415e+00,    1.862901e-01,    5.030113e-01,    1.275200e-01,   -1.999000e-02,   -4.247400e-02,    2.202200e-02,    3.000000e-02,    3.000000e-02,    3.000000e-02,    3.000000e-02,
      1021,    1.000000e+03,    7.541105e-02,    1.477849e-02,   -4.924213e-02,    3.511567e-03,    2.244632e+00,   -4.479431e-01,    2.855709e-01,    6.640811e-01,    1.427500e-01,    1.340200e-03,   -4.067500e-02,    2.343400e-02,    3.000000e-02,    3.000000e-02,    3.000000e-02,    3.000000e-02,
      1022,    1.000000e+02,   -5.129680e-03,    2.155552e-02,    5.823322e-02,    1.713389e-02,   -4.490107e-01,   -3.489840e-01,   -7.127415e-02,   -4.814664e-01,   -1.860000e-02,    1.108600e-02,    5.609500e-02,    2.689900e-03,    3.000000e-02,    3.000000e-02,    3.000000e-02,    3.000000e-02,
      1022,    1.584800e+02,    7.628238e-04,   -4.977735e-03,    4.637022e-02,    7.632115e-03,   -3.618608e-01,   -3.821422e-01,    3.252261e-01,   -2.890205e-01,   -1.009300e-02,   -1.644200e-02,    5.612700e-02,   -1.038500e-03,    3.000000e-02,    3.000000e-02,    3.000000e-02,    3.000000e-02,
      1022,    2.511800e+02,    1.332495e-02,   -1.935710e-02,    4.631719e-02,   -5.343448e-03,    1.692684e-01,   -4.863967e-01,    2.572270e-01,    1.373049e-01,    1.840300e-02,   -3.394900e-02,    5.403400e-02,   -1.224300e-03,    3.000000e-02,    3.000000e-02,    3.000000e-02,    3.000000e-02,
      1022,    3.981000e+02,    2.539619e-02,   -2.710744e-02,    5.279168e-02,   -1.348481e-02,    8.289936e-01,    2.378150e-02,   -1.239561e-01,    5.151604e-01,    5.026600e-02,   -2.639400e-02,    4.907300e-02,    1.970000e-03,    3.000000e-02,    3.000000e-02,    3.000000e-02,    3.000000e-02,
      1022,    6.309500e+02,    3.774754e-02,   -3.206630e-02,    6.077548e-02,   -1.758849e-02,    6.743486e-01,    1.244130e+00,   -5.225826e-01,    7.904531e-01,    5.797800e-02,    5.257600e-03,    4.509800e-02,    6.125100e-03,    3.000000e-02,    3.000000e-02,    3.000000e-02,    3.000000e-02,
      1022,    1.000000e+03,    5.068594e-02,   -3.421036e-02,    6.944621e-02,   -1.873164e-02,   -5.390647e-01,    4.757452e-01,   -6.166071e-01,    9.029248e-01,    3.451400e-02,   -1.993800e-02,    5.094800e-02,    8.356100e-03,    3.000000e-02,    3.000000e-02,    3.000000e-02,    3.000000e-02,
      1023,    1.000000e+02,    6.815775e-02,   -4.465138e-03,   -8.238008e-02,    4.372666e-02,   -6.712915e-01,   -2.004954e-01,   -3.862306e-01,   -6.309221e-01,    4.801900e-02,   -1.048000e-02,   -9.396700e-02,    2.479900e-02,    3.000000e-02,    3.000000e-02,    3.000000e-02,    3.000000e-02,
      1023,    1.584800e+02,    7.275019e-02,   -9.924552e-03,   -1.022540e-01,    3.452802e-02,   -5.718064e-01,   -3.268483e-01,   -4.505328e-01,   -6.148673e-01,    5.559600e-02,   -1.973000e-02,   -1.157700e-01,    1.608200e-02,    3.000000e-02,    3.000000e-02,    3.000000e-02,    3.000000e-02,
      1023,    2.511800e+02,    8.080161e-02,   -1.081528e-02,   -1.129951e-01,    2.007556e-02,   -4.059538e-01,   -7.167573e-01,   -1.114829e+00,   -5.934419e-01,    6.862300e-02,   -3.231800e-02,   -1.464400e-01,    2.272300e-03,    3.000000e-02,    3.000000e-02,    3.000000e-02,    3.000000e-02,
      1023,    3.981000e+02,    8.739023e-02,   -6.010819e-03,   -1.150093e-01,    6.598708e-03,    2.521591e-01,   -1.058573e+00,   -1.739023e+00,   -8.392903e-01,    9.495500e-02,   -3.776800e-02,   -1.671800e-01,   -1.858000e-02,    3.000000e-02,    3.000000e-02,    3.000000e-02,    3.000000e-02,
      1023,    6.309500e+02,    8.955770e-02,    1.764733e-03,   -1.119193e-01,   -2.909002e-03,    1.566743e+00,   -7.300578e-01,   -1.095355e+00,   -1.308000e+00,    1.365600e-01,   -2.013700e-02,   -1.447800e-01,   -4.214900e-02,    3.000000e-02,    3.000000e-02,    3.000000e-02,    3.000000e-02,
      1023,    1.000000e+03,    8.670927e-02,    9.720783e-03,   -1.065437e-01,   -8.607610e-03,    2.523358e+00,   -4.497594e-01,   -4.078758e-01,   -1.483680e+00,    1.624100e-01,   -3.772000e-03,   -1.187800e-01,   -5.311800e-02,    3.000000e-02,    3.000000e-02,    3.000000e-02,    3.000000e-02,
      1024,    1.000000e+02,   -3.443893e-02,    5.286608e-02,    1.243971e-01,    7.149556e-03,   -8.282357e-01,    6.824973e-01,    1.383096e+00,   -1.051252e+00,   -5.928600e-02,    7.334100e-02,    1.658900e-01,   -2.438800e-02,    3.000000e-02,    3.000000e-02,    3.000000e-02,    3.000000e-02,
      1024,    1.584800e+02,   -4.923428e-02,    4.694937e-02,    1.252909e-01,    1.601560e-02,   -4.688907e-01,    7.230543e-01,    1.100637e+00,   -8.206532e-01,   -6.330100e-02,    6.864100e-02,    1.583100e-01,   -8.604000e-03,    3.000000e-02,    3.000000e-02,    3.000000e-02,    3.000000e-02,
      1024,    2.511800e+02,   -6.276729e-02,    3.980823e-02,    1.203671e-01,    2.900805e-02,   -3.991237e-01,    8.346924e-01,    1.038764e+00,   -1.252832e+00,   -7.474100e-02,    6.484900e-02,    1.515300e-01,   -8.576900e-03,    3.000000e-02,    3.000000e-02,    3.000000e-02,    3.000000e-02,
      1024,    3.981000e+02,   -7.412546e-02,    3.182578e-02,    1.075237e-01,    4.198558e-02,   -6.756848e-01,    9.280741e-01,    1.391212e+00,   -2.095519e+00,   -9.439600e-02,    5.966800e-02,    1.492600e-01,   -2.088000e-02,    3.000000e-02,    3.000000e-02,    3.000000e-02,    3.000000e-02,
      1024,    6.309500e+02,   -8.307054e-02,    2.275989e-02,    8.773339e-02,    5.071110e-02,   -9.603152e-01,    1.145170e+00,    2.549554e+00,   -3.141137e+00,   -1.118800e-01,    5.711500e-02,    1.642200e-01,   -4.352300e-02,    3.000000e-02,    3.000000e-02,    3.000000e-02,    3.000000e-02,
      1025,    3.981000e+02,    2.489478e-02,    4.865199e-02,    4.217356e-02,   -3.238038e-02,    3.156074e-01,   -2.190400e+00,    1.706215e+00,    1.079289e+00,    3.436300e-02,   -1.706000e-02,    9.336000e-02,   -1.695700e-06,    3.000000e-02,    3.000000e-02,    3.000000e-02,    3.000000e-02,
      1025,    6.309500e+02,    9.125623e-03,    4.597599e-02,    3.729675e-02,   -6.300754e-03,    7.214126e-01,   -2.001533e+00,    1.700208e+00,    1.841445e-01,    3.076800e-02,   -1.407000e-02,    8.830300e-02,   -7.764200e-04,    3.000000e-02,    3.000000e-02,    3.000000e-02,    3.000000e-02,
      1025,    1.000000e+03,   -4.380205e-03,    4.299869e-02,    2.529513e-02,    5.418014e-03,    1.296340e+00,   -1.730613e+00,    2.158896e+00,   -8.348005e-01,    3.451000e-02,   -8.919700e-03,    9.006200e-02,   -1.962600e-02,    3.000000e-02,    3.000000e-02,    3.000000e-02,    3.000000e-02,
      1026,    1.000000e+02,    4.340500e-03,   -4.018143e-03,    7.392728e-02,   -3.832342e-02,    9.585167e-01,    3.445481e-01,   -5.360761e-01,    9.279805e-01,    3.309600e-02,    6.318300e-03,    5.784500e-02,   -1.048400e-02,    3.000000e-02,    3.000000e-02,    3.000000e-02,    3.000000e-02,
      1026,    1.584800e+02,    1.042617e-02,   -8.976284e-03,    7.843334e-02,   -3.700919e-03,    9.293943e-01,    3.282028e-01,   -1.576446e-01,    2.140140e-01,    3.830800e-02,    8.698000e-04,    7.370400e-02,    2.719500e-03,    3.000000e-02,    3.000000e-02,    3.000000e-02,    3.000000e-02,
      1026,    2.511800e+02,    1.623470e-02,   -1.275848e-02,    6.466400e-02,    1.794454e-02,    6.950101e-01,    4.704493e-01,   -2.197999e-01,    8.141547e-02,    3.708500e-02,    1.355000e-03,    5.807000e-02,    2.038700e-02,    3.000000e-02,    3.000000e-02,    3.000000e-02,    3.000000e-02,
      1026,    3.981000e+02,    2.256741e-02,   -1.417767e-02,    4.944258e-02,    2.594069e-02,    2.290195e-01,    3.578489e-01,   -3.796861e-01,   -1.714897e-01,    2.943800e-02,   -3.442200e-03,    3.805200e-02,    2.079600e-02,    3.000000e-02,    3.000000e-02,    3.000000e-02,    3.000000e-02,
      1026,    6.309500e+02,    2.777051e-02,   -1.401750e-02,    3.692283e-02,    2.905073e-02,   -1.996838e-01,    9.708344e-02,    4.257220e-02,   -6.734809e-01,    2.178000e-02,   -1.110500e-02,    3.820000e-02,    8.846300e-03,    3.000000e-02,    3.000000e-02,    3.000000e-02,    3.000000e-02,
      1026,    1.000000e+03,    3.208924e-02,   -1.366532e-02,    2.508152e-02,    2.971940e-02,   -6.436079e-01,   -9.175615e-02,   -2.067507e-01,   -1.115210e+00,    1.278100e-02,   -1.641800e-02,    1.887900e-02,   -3.736900e-03,    3.000000e-02,    3.000000e-02,    3.000000e-02,    3.000000e-02,
      1027,    1.000000e+02,   -6.514465e-02,    9.296676e-02,   -1.065974e-01,    6.672858e-02,    1.259088e+00,    6.730811e-02,   -1.000086e+00,   -2.887526e-01,   -2.737200e-02,    9.498600e-02,   -1.366000e-01,    5.806600e-02,    3.000000e-02,    3.000000e-02,    3.000000e-02,    3.000000e-02,
      1027,    1.584800e+02,   -9.055750e-02,    7.975760e-02,   -1.238281e-01,    4.181689e-02,    8.670834e-01,    3.483799e-01,   -7.450630e-01,   -8.313962e-01,   -6.454500e-02,    9.020900e-02,   -1.461800e-01,    1.687500e-02,    3.000000e-02,    3.000000e-02,    3.000000e-02,    3.000000e-02,
      1027,    2.511800e+02,   -1.113797e-01,    6.940181e-02,   -1.332460e-01,    1.467060e-02,    4.745892e-01,    2.936729e-01,   -9.179864e-02,   -1.056487e+00,   -9.714200e-02,    7.821200e-02,   -1.360000e-01,   -1.702400e-02,    3.000000e-02,    3.000000e-02,    3.000000e-02,    3.000000e-02,
      1027,    3.981000e+02,   -1.309702e-01,    5.997591e-02,   -1.314970e-01,   -1.323653e-02,    2.550062e-01,   -1.596305e-01,    5.719001e-01,   -6.837492e-01,   -1.233200e-01,    5.518700e-02,   -1.143400e-01,   -3.374900e-02,    3.000000e-02,    3.000000e-02,    3.000000e-02,    3.000000e-02,
      1027,    6.309500e+02,   -1.486824e-01,    4.872658e-02,   -1.186701e-01,   -3.724248e-02,    4.777456e-01,   -7.070194e-01,    7.880019e-01,   -1.815072e-02,   -1.343500e-01,    2.751600e-02,   -9.503000e-02,   -3.778700e-02,    3.000000e-02,    3.000000e-02,    3.000000e-02,    3.000000e-02,
      1027,    1.000000e+03,   -1.621099e-01,    3.527176e-02,   -9.853174e-02,   -5.469823e-02,    9.893295e-01,   -1.006785e+00,    5.586247e-01,    3.825077e-01,   -1.324300e-01,    5.068200e-03,   -8.177300e-02,   -4.322300e-02,    3.000000e-02,    3.000000e-02,    3.000000e-02,    3.000000e-02,
      1028,    1.000000e+02,   -4.731807e-02,    3.569898e-02,   -1.237403e-01,    4.308840e-02,    8.918356e-01,    1.671673e-01,   -5.533227e-01,    3.366868e-01,   -2.056300e-02,    4.071400e-02,   -1.403400e-01,    5.318900e-02,    3.000000e-02,    3.000000e-02,    3.000000e-02,    3.000000e-02,
      1028,    1.584800e+02,   -5.251437e-02,    1.859204e-02,   -1.326472e-01,    2.721785e-02,    5.395458e-01,    5.688320e-01,   -5.227584e-01,    1.043050e-01,   -3.632800e-02,    3.565700e-02,   -1.483300e-01,    3.034700e-02,    3.000000e-02,    3.000000e-02,    3.000000e-02,    3.000000e-02,
      1028,    2.511800e+02,   -5.054060e-02,    7.248079e-03,   -1.375880e-01,    1.149119e-02,   -5.004675e-02,    6.475974e-01,   -1.114007e-01,    1.537604e-01,   -5.204200e-02,    2.667600e-02,   -1.409300e-01,    1.610400e-02,    3.000000e-02,    3.000000e-02,    3.000000e-02,    3.000000e-02,
      1028,    3.981000e+02,   -4.569879e-02,    2.066875e-03,   -1.372785e-01,   -3.493742e-03,   -5.076404e-01,    2.285375e-01,    3.195035e-02,    4.261681e-01,   -6.092800e-02,    8.923000e-03,   -1.363200e-01,    9.291300e-03,    3.000000e-02,    3.000000e-02,    3.000000e-02,    3.000000e-02,
      1028,    6.309500e+02,   -4.016577e-02,    2.611423e-03,   -1.327139e-01,   -1.658049e-02,   -6.863078e-01,   -6.548808e-01,   -1.222024e-01,    1.182883e+00,   -6.075500e-02,   -1.703500e-02,   -1.363800e-01,    1.890600e-02,    3.000000e-02,    3.000000e-02,    3.000000e-02,    3.000000e-02,
      1028,    1.000000e+03,   -3.620674e-02,    9.205017e-03,   -1.253137e-01,   -2.849043e-02,   -4.349086e-01,   -1.259034e+00,   -6.578769e-01,    2.101348e+00,   -4.925400e-02,   -2.856600e-02,   -1.450500e-01,    3.455000e-02,    3.000000e-02,    3.000000e-02,    3.000000e-02,    3.000000e-02,
      1029,    1.000000e+02,   -2.795677e-02,    3.397338e-02,   -3.639617e-03,   -1.703291e-02,   -3.342409e-01,   -1.458746e+00,   -7.438794e-01,   -7.199698e-01,   -3.798400e-02,   -9.789000e-03,   -2.595600e-02,   -3.863200e-02,    3.000000e-02,    3.000000e-02,    3.000000e-02,    3.000000e-02,
      1029,    1.584800e+02,   -4.073876e-02,    2.551549e-02,   -3.640090e-03,   -2.753493e-02,    4.011588e-01,   -1.056330e+00,   -2.891303e-01,   -3.556023e-01,   -2.870400e-02,   -6.174400e-03,   -1.231400e-02,   -3.820300e-02,    3.000000e-02,    3.000000e-02,    3.000000e-02,    3.000000e-02,
      1029,    2.511800e+02,   -4.858440e-02,    1.310666e-02,    3.954514e-03,   -4.569296e-02,    7.990801e-01,   -4.545588e-01,   -7.630047e-02,    2.756987e-01,   -2.461200e-02,   -5.301000e-04,    1.665500e-03,   -3.742200e-02,    3.000000e-02,    3.000000e-02,    3.000000e-02,    3.000000e-02,
      1029,    3.981000e+02,   -4.964206e-02,   -4.285727e-04,    2.439100e-02,   -6.427676e-02,    9.114020e-01,    9.280242e-02,   -2.483000e-01,    8.790920e-01,   -2.230000e-02,    2.355500e-03,    1.694200e-02,   -3.790400e-02,    3.000000e-02,    3.000000e-02,    3.000000e-02,    3.000000e-02,
      1029,    6.309500e+02,   -4.346260e-02,   -1.187717e-02,    5.470022e-02,   -7.351342e-02,    7.586868e-01,    5.421324e-01,   -7.132740e-01,    1.270547e+00,   -2.070200e-02,    4.386800e-03,    3.330200e-02,   -3.539700e-02,    3.000000e-02,    3.000000e-02,    3.000000e-02,    3.000000e-02,
      1029,    1.000000e+03,   -3.153712e-02,   -1.660090e-02,    8.405748e-02,   -7.059520e-02,   -2.758293e-01,    8.510067e-01,   -1.346649e+00,    1.322207e+00,   -3.981200e-02,    8.929300e-03,    4.365800e-02,   -3.092900e-02,    3.000000e-02,    3.000000e-02,    3.000000e-02,    3.000000e-02,
      1030,    1.000000e+02,   -1.067929e-01,   -2.747835e-02,    1.366002e-01,   -2.439950e-03,    7.652959e-01,    1.697412e+00,   -1.519205e+00,    1.981850e-01,   -8.383400e-02,    2.344400e-02,    9.102400e-02,    3.505600e-03,    3.000000e-02,    3.000000e-02,    3.000000e-02,    3.000000e-02,
      1030,    1.584800e+02,   -8.334706e-02,   -2.778252e-02,    1.212534e-01,    1.260165e-02,    6.680216e-02,    1.260884e+00,   -1.257414e+00,   -4.174709e-01,   -8.134300e-02,    1.004400e-02,    8.353100e-02,    7.752300e-05,    3.000000e-02,    3.000000e-02,    3.000000e-02,    3.000000e-02,
      1030,    2.511800e+02,   -6.956639e-02,   -1.689767e-02,    1.067511e-01,    1.090430e-02,   -1.905202e-01,    7.370991e-01,   -8.202704e-01,   -7.018435e-01,   -7.528200e-02,    5.215300e-03,    8.214300e-02,   -1.015100e-02,    3.000000e-02,    3.000000e-02,    3.000000e-02,    3.000000e-02,
      1030,    3.981000e+02,   -6.532292e-02,   -4.640183e-03,    1.009156e-01,    2.560290e-03,   -2.686361e-01,    3.712128e-01,   -4.432194e-01,   -8.143763e-01,   -7.338200e-02,    6.496200e-03,    8.761900e-02,   -2.187100e-02,    3.000000e-02,    3.000000e-02,    3.000000e-02,    3.000000e-02,
      1030,    6.309500e+02,   -6.639988e-02,    5.772138e-03,    1.017352e-01,   -5.681735e-03,   -3.377041e-01,    1.206687e-01,   -1.919749e-01,   -7.450422e-01,   -7.653100e-02,    9.392200e-03,    9.597600e-02,   -2.803300e-02,    3.000000e-02,    3.000000e-02,    3.000000e-02,    3.000000e-02,
      1030,    1.000000e+03,   -7.035501e-02,    1.418297e-02,    1.067656e-01,   -1.165300e-02,   -2.656332e-01,   -9.446565e-02,    8.146105e-03,   -5.321000e-01,   -7.832400e-02,    1.134900e-02,    1.070100e-01,   -2.761600e-02,    3.000000e-02,    3.000000e-02,    3.000000e-02,    3.000000e-02,
      1031,    1.000000e+02,   -4.691723e-02,    3.357912e-02,    4.071254e-02,   -1.961266e-02,    4.446745e-01,   -1.936707e-01,   -7.499514e-01,    9.091588e-01,   -3.357700e-02,    2.776900e-02,    1.821400e-02,    7.662100e-03,    3.000000e-02,    3.000000e-02,    3.000000e-02,    3.000000e-02,
      1031,    1.584800e+02,   -5.468727e-02,    1.471815e-02,    4.423411e-02,   -1.845609e-02,    1.095409e+00,   -9.020484e-02,   -4.747371e-01,    3.111931e-01,   -2.182500e-02,    1.201200e-02,    2.999200e-02,   -9.120300e-03,    3.000000e-02,    3.000000e-02,    3.000000e-02,    3.000000e-02,
      1031,    2.511800e+02,   -5.070202e-02,   -1.681738e-03,    4.862134e-02,   -1.991472e-02,    1.377044e+00,   -1.289021e-01,   -9.321139e-02,   -2.243425e-01,   -9.390700e-03,   -5.548800e-03,    4.582500e-02,   -2.664500e-02,    3.000000e-02,    3.000000e-02,    3.000000e-02,    3.000000e-02,
      1031,    3.981000e+02,   -3.996757e-02,   -8.506586e-03,    5.468784e-02,   -2.174921e-02,    7.614522e-01,    2.654442e-01,    1.239054e-01,    2.514735e-01,   -1.712400e-02,   -5.432600e-04,    5.840500e-02,   -1.420500e-02,    3.000000e-02,    3.000000e-02,    3.000000e-02,    3.000000e-02,
      1031,    6.309500e+02,   -3.080909e-02,   -5.613265e-03,    6.156141e-02,   -2.321966e-02,    4.846961e-02,    4.328988e-01,    5.579531e-01,    9.563055e-01,   -2.935500e-02,    7.373700e-03,    7.830000e-02,    5.469500e-03,    3.000000e-02,    3.000000e-02,    3.000000e-02,    3.000000e-02,
      1031,    1.000000e+03,   -2.761014e-02,    1.852874e-03,    6.918873e-02,   -2.456864e-02,   -7.029286e-01,    6.013709e-01,    1.352376e+00,    2.038388e+00,   -4.869800e-02,    1.989400e-02,    1.097600e-01,    3.658300e-02,    3.000000e-02,    3.000000e-02,    3.000000e-02,    3.000000e-02,
      1032,    1.000000e+02,    2.874841e-02,    7.387645e-02,    3.079409e-02,   -1.182597e-02,   -1.841280e+00,    1.281851e-01,    2.711638e-01,   -2.716001e+00,   -2.649000e-02,    7.772200e-02,    3.892900e-02,   -9.330600e-02,    3.000000e-02,    3.000000e-02,    3.000000e-02,    3.000000e-02,
      1032,    1.584800e+02,    4.736800e-03,    5.902462e-02,    3.229399e-02,    6.947798e-03,   -4.475665e-02,    1.326946e+00,   -1.484166e+00,   -1.965360e+00,    3.394100e-03,    9.883300e-02,   -1.223100e-02,   -5.201300e-02,    3.000000e-02,    3.000000e-02,    3.000000e-02,    3.000000e-02,
      1032,    2.511800e+02,   -1.301612e-02,    3.953821e-02,    2.115579e-02,    1.981440e-02,   -2.254929e+00,   -1.196736e-01,   -1.491860e+00,   -1.622080e+00,   -8.066400e-02,    3.594800e-02,   -2.360000e-02,   -2.884800e-02,    3.000000e-02,    3.000000e-02,    3.000000e-02,    3.000000e-02,
      1032,    3.981000e+02,   -2.063262e-02,    1.756985e-02,    8.637913e-03,    2.196765e-02,   -1.730846e+00,   -4.911316e-01,   -9.246304e-01,   -5.340682e-01,   -7.255800e-02,    2.835900e-03,   -1.910100e-02,    5.945600e-03,    3.000000e-02,    3.000000e-02,    3.000000e-02,    3.000000e-02,
      1032,    6.309500e+02,   -1.791655e-02,   -3.774430e-05,    1.217441e-03,    2.088598e-02,   -1.339648e+00,   -4.201752e-01,   -9.177814e-01,   -1.226591e-02,   -5.810600e-02,   -1.264300e-02,   -2.631600e-02,    2.051800e-02,    3.000000e-02,    3.000000e-02,    3.000000e-02,    3.000000e-02,
      1032,    1.000000e+03,   -1.178099e-02,   -1.094019e-02,   -4.660282e-03,    2.164936e-02,   -1.787367e+00,   -1.004269e-01,   -1.097791e+00,    6.091545e-01,   -6.540200e-02,   -1.395300e-02,   -3.759400e-02,    3.992400e-02,    3.000000e-02,    3.000000e-02,    3.000000e-02,    3.000000e-02,
      1033,    1.000000e+02,   -7.629549e-02,   -7.387342e-03,   -7.661717e-02,   -1.478149e-02,    9.438305e-02,   -4.612553e-01,   -4.676609e-01,    2.668299e-02,   -7.346400e-02,   -2.122500e-02,   -9.064700e-02,   -1.398100e-02,    3.000000e-02,    3.000000e-02,    3.000000e-02,    3.000000e-02,
      1033,    1.584800e+02,   -7.677088e-02,   -1.748019e-03,   -7.085914e-02,   -1.630179e-02,    2.490293e-01,   -1.080127e-01,   -4.757285e-01,   -5.287367e-02,   -6.930000e-02,   -4.988400e-03,   -8.513100e-02,   -1.788800e-02,    3.000000e-02,    3.000000e-02,    3.000000e-02,    3.000000e-02,
      1033,    2.511800e+02,   -7.758724e-02,    2.423050e-03,   -6.589513e-02,   -1.767967e-02,    1.517748e-01,    1.156917e-01,   -2.234624e-01,   -1.460110e-01,   -7.303400e-02,    5.893800e-03,   -7.259900e-02,   -2.206000e-02,    3.000000e-02,    3.000000e-02,    3.000000e-02,    3.000000e-02,
      1033,    3.981000e+02,   -7.817002e-02,    6.410049e-03,   -6.115788e-02,   -1.970767e-02,   -1.446614e-02,    1.467650e-01,   -2.713734e-02,   -8.251092e-02,   -7.860400e-02,    1.081300e-02,   -6.197200e-02,   -2.218300e-02,    3.000000e-02,    3.000000e-02,    3.000000e-02,    3.000000e-02,
      1033,    6.309500e+02,   -7.859076e-02,    1.174032e-02,   -5.568903e-02,   -2.294634e-02,    3.545919e-01,    1.110895e-01,    1.362009e-01,    6.346112e-01,   -6.795300e-02,    1.507300e-02,   -5.160300e-02,   -3.908000e-03,    3.000000e-02,    3.000000e-02,    3.000000e-02,    3.000000e-02,
      1034,    1.000000e+02,   -1.172318e-01,   -1.289789e-01,   -1.724566e-01,   -1.251867e-01,    9.072545e-02,   -1.165035e+00,   -6.231146e-01,   -9.621095e-01,   -1.145100e-01,   -1.639300e-01,   -1.911500e-01,   -1.540500e-01,    3.000000e-02,    3.000000e-02,    3.000000e-02,    3.000000e-02,
      1034,    1.584800e+02,   -6.309248e-02,   -1.270253e-01,   -1.103269e-01,   -1.422463e-01,    6.589827e-01,   -7.248221e-01,   -3.054352e-01,   -1.167124e+00,   -4.332300e-02,   -1.487700e-01,   -1.194900e-01,   -1.772600e-01,    3.000000e-02,    3.000000e-02,    3.000000e-02,    3.000000e-02,
      1034,    2.511800e+02,   -1.732823e-02,   -1.136743e-01,   -5.136335e-02,   -1.393276e-01,    9.653409e-01,   -1.818860e-02,   -2.888823e-02,   -1.049082e+00,    1.163200e-02,   -1.142200e-01,   -5.223000e-02,   -1.708000e-01,    3.000000e-02,    3.000000e-02,    3.000000e-02,    3.000000e-02,
      1034,    3.981000e+02,    1.888131e-02,   -9.410577e-02,   -1.942304e-03,   -1.239359e-01,    7.896564e-01,    7.834590e-01,    3.684668e-01,   -5.781355e-01,    4.257100e-02,   -7.060200e-02,    9.111700e-03,   -1.412800e-01,    3.000000e-02,    3.000000e-02,    3.000000e-02,    3.000000e-02,
      1034,    6.309500e+02,    4.541700e-02,   -7.192212e-02,    3.661533e-02,   -1.027474e-01,   -3.446652e-02,    8.318373e-01,    5.570224e-01,   -2.474215e-01,    4.438300e-02,   -4.696700e-02,    5.332600e-02,   -1.101700e-01,    3.000000e-02,    3.000000e-02,    3.000000e-02,    3.000000e-02,
      1034,    1.000000e+03,    6.305131e-02,   -4.936310e-02,    6.514110e-02,   -7.935010e-02,   -1.549777e+00,    7.189033e-01,   -2.339365e-01,    2.698365e-01,    1.655800e-02,   -2.779600e-02,    5.812300e-02,   -7.125500e-02,    3.000000e-02,    3.000000e-02,    3.000000e-02,    3.000000e-02,
      1035,    1.000000e+02,   -6.375692e-02,   -2.380220e-02,    1.539040e-01,    7.372755e-02,    6.618974e-01,    2.202401e-01,    6.398655e-01,   -1.900052e+00,   -4.390000e-02,   -1.719500e-02,    1.731000e-01,    1.672600e-02,    3.000000e-02,    3.000000e-02,    3.000000e-02,    3.000000e-02,
      1035,    1.584800e+02,   -5.111051e-02,   -3.792023e-02,    1.130527e-01,    9.023429e-02,    5.910502e-01,    1.470772e-02,    1.760244e+00,   -9.942763e-01,   -3.337900e-02,   -3.747900e-02,    1.658600e-01,    6.040600e-02,    3.000000e-02,    3.000000e-02,    3.000000e-02,    3.000000e-02,
      1035,    6.309500e+02,    1.030380e-02,   -5.082552e-02,    1.161243e-02,    7.486635e-02,    2.908065e-01,    5.367175e-01,    1.142086e+00,    3.076788e+00,    1.902800e-02,   -3.472400e-02,    4.587500e-02,    1.671700e-01,    3.000000e-02,    3.000000e-02,    3.000000e-02,    3.000000e-02,
      1036,    1.000000e+02,   -6.584135e-02,    1.310722e-01,    1.836040e-01,    4.562548e-02,   -6.637622e+00,    2.441260e+00,    6.498683e-01,   -1.033161e-01,   -2.649700e-01,    2.043100e-01,    2.031000e-01,    4.252600e-02,    3.000000e-02,    3.000000e-02,    3.000000e-02,    3.000000e-02,
      1036,    1.584800e+02,   -9.405167e-02,    9.546305e-02,    1.588843e-01,    5.324116e-02,   -3.334611e+00,    3.212318e-01,    1.965190e+00,   -1.590387e-01,   -1.940900e-01,    1.051000e-01,    2.178400e-01,    4.847000e-02,    3.000000e-02,    3.000000e-02,    3.000000e-02,    3.000000e-02,
      1036,    2.511800e+02,   -1.084409e-01,    7.123987e-02,    1.355431e-01,    5.038480e-02,    9.269780e-02,   -7.787289e-01,    2.977898e+00,    7.961400e-01,   -1.056600e-01,    4.787800e-02,    2.248800e-01,    7.426900e-02,    3.000000e-02,    3.000000e-02,    3.000000e-02,    3.000000e-02,
      1036,    3.981000e+02,   -1.199065e-01,    5.775986e-02,    1.176298e-01,    4.250267e-02,    1.360582e+00,   -7.700953e-01,    3.342006e+00,    1.629511e+00,   -7.908900e-02,    3.465700e-02,    2.178900e-01,    9.138800e-02,    3.000000e-02,    3.000000e-02,    3.000000e-02,    3.000000e-02,
      1036,    6.309500e+02,   -1.315822e-01,    4.827285e-02,    1.036218e-01,    3.311663e-02,    1.953840e+00,    2.295382e-01,    3.466606e+00,    1.005679e+00,   -7.296700e-02,    5.515900e-02,    2.076200e-01,    6.328700e-02,    3.000000e-02,    3.000000e-02,    3.000000e-02,    3.000000e-02,
      1036,    1.000000e+03,   -1.415088e-01,    4.077608e-02,    9.171411e-02,    2.168117e-02,    2.242294e+00,    4.447974e-01,    3.456196e+00,    1.442894e+00,   -7.424000e-02,    5.412000e-02,    1.954000e-01,    6.496800e-02,    3.000000e-02,    3.000000e-02,    3.000000e-02,    3.000000e-02,
      1037,    1.000000e+02,   -4.890243e-02,    4.517609e-02,   -2.582264e-01,   -6.775314e-02,    5.613476e-01,   -2.614236e+00,    1.011546e+00,   -3.961229e+00,   -3.206200e-02,   -3.325100e-02,   -2.278800e-01,   -1.865900e-01,    3.000000e-02,    3.000000e-02,    3.000000e-02,    3.000000e-02,
      1037,    1.584800e+02,   -4.960917e-02,    2.190918e-02,   -2.103622e-01,   -8.723921e-02,    1.610662e+00,   -1.550573e+00,    1.154740e+00,   -1.050026e+00,   -1.289300e-03,   -2.460800e-02,   -1.757200e-01,   -1.187400e-01,    3.000000e-02,    3.000000e-02,    3.000000e-02,    3.000000e-02,
      1037,    2.511800e+02,   -4.338267e-02,    9.753276e-03,   -1.659925e-01,   -7.768683e-02,    2.136056e+00,   -1.759825e-01,    4.424177e-01,    5.405942e-01,    2.069900e-02,    4.473800e-03,   -1.527200e-01,   -6.146900e-02,    3.000000e-02,    3.000000e-02,    3.000000e-02,    3.000000e-02,
      1037,    3.981000e+02,   -3.609608e-02,    8.858413e-03,   -1.450238e-01,   -5.624072e-02,    1.552603e+00,    9.400862e-01,   -7.638724e-01,    5.038907e-01,    1.048200e-02,    3.706100e-02,   -1.679400e-01,   -4.112400e-02,    3.000000e-02,    3.000000e-02,    3.000000e-02,    3.000000e-02,
      1037,    6.309500e+02,   -3.496934e-02,    1.615958e-02,   -1.390312e-01,   -4.699700e-02,   -1.937221e-01,    9.927807e-01,   -1.302294e+00,   -9.060335e-01,   -4.078100e-02,    4.594300e-02,   -1.781000e-01,   -7.417800e-02,    3.000000e-02,    3.000000e-02,    3.000000e-02,    3.000000e-02,
      1037,    1.000000e+03,   -4.082394e-02,    2.340002e-02,   -1.305025e-01,   -4.760312e-02,   -1.589635e+00,    9.358327e-01,   -7.259159e-01,   -8.456294e-01,   -8.851300e-02,    5.147500e-02,   -1.522800e-01,   -7.297200e-02,    3.000000e-02,    3.000000e-02,    3.000000e-02,    3.000000e-02,
      1039,    1.000000e+02,    1.065942e-01,    7.197956e-02,    4.040941e-02,    1.479755e-01,   -5.928058e-01,    3.229813e-01,    5.362195e-01,   -1.951844e-01,    8.881000e-02,    8.166900e-02,    5.649600e-02,    1.421200e-01,    3.000000e-02,    3.000000e-02,    3.000000e-02,    3.000000e-02,
      1039,    1.584800e+02,    8.116363e-02,    8.088476e-02,    7.356342e-03,    1.098431e-01,   -5.417211e-01,    3.507483e-02,    3.442886e-01,    2.423081e-02,    6.491200e-02,    8.193700e-02,    1.768500e-02,    1.105700e-01,    3.000000e-02,    3.000000e-02,    3.000000e-02,    3.000000e-02,
      1039,    2.511800e+02,    5.107622e-02,    8.522842e-02,   -1.310383e-02,    8.323701e-02,   -5.301406e-01,    7.321938e-02,    2.818242e-01,    3.729973e-02,    3.517200e-02,    8.742500e-02,   -4.649100e-03,    8.435600e-02,    3.000000e-02,    3.000000e-02,    3.000000e-02,    3.000000e-02,
      1039,    3.981000e+02,    1.976326e-02,    8.300791e-02,   -3.059247e-02,    6.372284e-02,   -4.781919e-01,    2.089031e-01,    3.921489e-01,    1.791052e-01,    5.417500e-03,    8.927500e-02,   -1.882800e-02,    6.909600e-02,    3.000000e-02,    3.000000e-02,    3.000000e-02,    3.000000e-02,
      1039,    6.309500e+02,   -9.000427e-03,    7.444953e-02,   -4.510747e-02,    4.488880e-02,   -9.075858e-01,   -2.220845e-01,    7.141567e-02,    4.894733e-01,   -3.622800e-02,    6.778700e-02,   -4.296500e-02,    5.957300e-02,    3.000000e-02,    3.000000e-02,    3.000000e-02,    3.000000e-02,
      1040,    1.000000e+02,   -8.292556e-02,    4.355800e-02,    8.587927e-02,   -1.517600e-01,   -2.591466e-02,    1.092300e+00,    3.956577e-01,    5.266570e-02,   -8.370300e-02,    7.632700e-02,    9.774900e-02,   -1.501800e-01,    3.000000e-02,    3.000000e-02,    3.000000e-02,    3.000000e-02,
      1040,    1.584800e+02,   -9.441658e-02,    3.602662e-02,    1.206477e-01,   -1.056690e-01,   -4.761413e-02,    1.869346e+00,    3.540764e-01,    3.729971e-02,   -9.584500e-02,    9.210700e-02,    1.312700e-01,   -1.045500e-01,    3.000000e-02,    3.000000e-02,    3.000000e-02,    3.000000e-02,
      1040,    2.511800e+02,   -1.016554e-01,    2.741336e-02,    1.304841e-01,   -7.475421e-02,   -3.181540e-01,    3.122221e+00,    3.245303e-01,    1.521071e-01,   -1.112000e-01,    1.210800e-01,    1.402200e-01,   -7.019100e-02,    3.000000e-02,    3.000000e-02,    3.000000e-02,    3.000000e-02,
      1040,    3.981000e+02,   -1.062245e-01,    2.307554e-02,    1.367134e-01,   -6.417093e-02,   -7.111848e-01,    4.266149e+00,    4.122120e-02,    4.976447e-02,   -1.275600e-01,    1.510600e-01,    1.379500e-01,   -6.267800e-02,    3.000000e-02,    3.000000e-02,    3.000000e-02,    3.000000e-02,
      1040,    6.309500e+02,   -1.120415e-01,    1.984762e-02,    1.467880e-01,   -6.207402e-02,   -6.296161e-01,    5.361413e+00,   -6.092668e-01,   -6.699326e-01,   -1.309300e-01,    1.806900e-01,    1.285100e-01,   -8.217200e-02,    3.000000e-02,    3.000000e-02,    3.000000e-02,    3.000000e-02,
      1040,    1.000000e+03,   -1.165094e-01,    1.643800e-02,    1.581024e-01,   -6.542005e-02,    3.889785e-01,    4.917400e+00,   -1.803080e+00,   -1.423998e+00,   -1.048400e-01,    1.639600e-01,    1.040100e-01,   -1.081400e-01,    3.000000e-02,    3.000000e-02,    3.000000e-02,    3.000000e-02,
      1041,    2.511800e+02,    5.164989e-02,   -8.497560e-03,    1.697568e-01,   -2.248650e-02,    2.446337e+00,   -1.879480e-01,    2.325775e+00,   -1.189833e-01,    1.250400e-01,   -1.413600e-02,    2.395300e-01,   -2.605600e-02,    3.000000e-02,    3.000000e-02,    3.000000e-02,    3.000000e-02,
      1041,    3.981000e+02,    5.762933e-02,   -4.697350e-04,    1.745128e-01,   -5.125702e-03,    2.365022e+00,    1.035278e-01,    1.786572e+00,    1.361934e-01,    1.285800e-01,    2.636100e-03,    2.281100e-01,   -1.039900e-03,    3.000000e-02,    3.000000e-02,    3.000000e-02,    3.000000e-02,
      1041,    6.309500e+02,    5.717012e-02,    9.961910e-03,    1.720304e-01,    1.131404e-02,    2.728996e+00,    3.279363e-01,    1.304321e+00,    3.155319e-01,    1.390400e-01,    1.980000e-02,    2.111600e-01,    2.078000e-02,    3.000000e-02,    3.000000e-02,    3.000000e-02,    3.000000e-02,
      1042,    1.000000e+02,    2.444998e-02,    2.126609e-02,   -1.610787e-02,   -2.095030e-03,   -1.041766e+00,   -1.108698e-01,    6.086490e-01,   -6.532899e-02,   -6.803000e-03,    1.794000e-02,    2.151600e-03,   -4.054900e-03,    3.000000e-02,    3.000000e-02,    3.000000e-02,    3.000000e-02,
      1042,    1.584800e+02,    1.274122e-02,    2.866342e-02,   -1.199153e-02,   -1.406715e-02,   -7.099074e-01,   -5.166474e-01,    6.553276e-01,   -7.736169e-02,   -8.556000e-03,    1.316400e-02,    7.668300e-03,   -1.638800e-02,    3.000000e-02,    3.000000e-02,    3.000000e-02,    3.000000e-02,
      1042,    2.511800e+02,   -2.144596e-03,    2.674477e-02,   -2.618701e-05,   -1.961071e-02,   -2.632801e-01,   -5.966955e-01,    6.042729e-01,   -1.678430e-01,   -1.004300e-02,    8.843900e-03,    1.810200e-02,   -2.464600e-02,    3.000000e-02,    3.000000e-02,    3.000000e-02,    3.000000e-02,
      1042,    3.981000e+02,   -1.248844e-02,    1.842788e-02,    1.185180e-02,   -1.614634e-02,    4.468133e-02,   -4.255859e-01,    6.115733e-01,   -3.821219e-01,   -1.114800e-02,    5.660300e-03,    3.019900e-02,   -2.761000e-02,    3.000000e-02,    3.000000e-02,    3.000000e-02,    3.000000e-02,
      1042,    6.309500e+02,   -1.684863e-02,    8.852193e-03,    1.832488e-02,   -7.765359e-03,    2.165877e-01,   -2.010064e-01,    7.312707e-01,   -6.288547e-01,   -1.035100e-02,    2.822000e-03,    4.026300e-02,   -2.663100e-02,    3.000000e-02,    3.000000e-02,    3.000000e-02,    3.000000e-02,
      1043,    1.000000e+02,    1.493656e-01,   -1.368870e-02,    6.205401e-02,   -4.806277e-02,    4.034797e-01,    7.890100e-03,    4.099330e-01,   -5.451742e-01,    1.614700e-01,   -1.345200e-02,    7.435200e-02,   -6.441800e-02,    3.000000e-02,    3.000000e-02,    3.000000e-02,    3.000000e-02,
      1043,    1.584800e+02,    1.487531e-01,    1.520488e-02,    7.661641e-02,   -3.040738e-02,    2.972284e-01,    1.991707e-01,    6.884531e-01,   -6.088749e-02,    1.576700e-01,    2.118000e-02,    9.727000e-02,   -3.223400e-02,    3.000000e-02,    3.000000e-02,    3.000000e-02,    3.000000e-02,
      1043,    2.511800e+02,    1.348455e-01,    4.065400e-02,    8.159330e-02,   -1.210001e-02,    2.661515e-01,    1.741001e-01,    5.723901e-01,    3.433470e-01,    1.428300e-01,    4.587700e-02,    9.876500e-02,   -1.799600e-03,    3.000000e-02,    3.000000e-02,    3.000000e-02,    3.000000e-02,
      1043,    3.981000e+02,    1.115267e-01,    5.795741e-02,    7.833878e-02,    2.416536e-03,    1.111095e-01,    2.665197e-01,    1.935074e-01,    6.804821e-01,    1.148600e-01,    6.595300e-02,    8.414400e-02,    2.283100e-02,    3.000000e-02,    3.000000e-02,    3.000000e-02,    3.000000e-02,
      1043,    6.309500e+02,    8.465338e-02,    6.567062e-02,    7.077904e-02,    1.108148e-02,   -1.350461e-01,    2.169128e-01,   -8.340121e-02,    6.848174e-01,    8.060200e-02,    7.217800e-02,    6.827700e-02,    3.162600e-02,    3.000000e-02,    3.000000e-02,    3.000000e-02,    3.000000e-02,
      1043,    1.000000e+03,    5.916044e-02,    6.601198e-02,    6.206366e-02,    1.455511e-02,    5.741519e-01,    7.608007e-01,   -3.250888e-01,    4.707630e-01,    7.638500e-02,    8.883600e-02,    5.231100e-02,    2.867800e-02,    3.000000e-02,    3.000000e-02,    3.000000e-02,    3.000000e-02,
      1044,    1.000000e+02,   -8.016366e-02,    8.404314e-02,    3.682913e-02,    3.051803e-02,   -9.142112e-01,    5.618952e-01,   -9.194311e-01,    9.984989e-01,   -1.075900e-01,    1.009000e-01,    9.246200e-03,    6.047300e-02,    3.000000e-02,    3.000000e-02,    3.000000e-02,    3.000000e-02,
      1044,    1.584800e+02,   -9.082974e-02,    6.134726e-02,    2.583795e-02,    4.530976e-02,   -1.806675e+00,    5.315803e-02,   -1.146465e+00,    1.247008e+00,   -1.450300e-01,    6.294200e-02,   -8.556000e-03,    8.272000e-02,    3.000000e-02,    3.000000e-02,    3.000000e-02,    3.000000e-02,
      1044,    2.511800e+02,   -9.729188e-02,    5.299037e-02,    5.083617e-03,    5.574408e-02,   -1.641937e+00,   -8.797888e-02,   -6.187539e-01,    9.938972e-01,   -1.465500e-01,    5.035100e-02,   -1.347900e-02,    8.556100e-02,    3.000000e-02,    3.000000e-02,    3.000000e-02,    3.000000e-02,
      1044,    3.981000e+02,   -1.084668e-01,    5.231952e-02,   -1.724033e-02,    5.786498e-02,   -1.077441e+00,   -1.592841e-01,    7.667783e-02,    7.588007e-01,   -1.407900e-01,    4.754100e-02,   -1.494000e-02,    8.062900e-02,    3.000000e-02,    3.000000e-02,    3.000000e-02,    3.000000e-02,
      1044,    6.309500e+02,   -1.242432e-01,    5.183297e-02,   -3.652575e-02,    5.648682e-02,   -2.475603e-01,   -2.913991e-01,    6.424585e-01,    5.445392e-01,   -1.316700e-01,    4.309100e-02,   -1.725200e-02,    7.282300e-02,    3.000000e-02,    3.000000e-02,    3.000000e-02,    3.000000e-02,
      1044,    1.000000e+03,   -1.412674e-01,    4.859547e-02,   -5.456902e-02,    5.444604e-02,    8.012450e-01,   -4.181823e-01,    1.121901e+00,    2.007986e-01,   -1.172300e-01,    3.605000e-02,   -2.091200e-02,    6.047000e-02,    3.000000e-02,    3.000000e-02,    3.000000e-02,    3.000000e-02,
      1045,    1.000000e+02,   -1.240241e-02,    7.958535e-02,   -3.244740e-01,    5.669806e-02,    2.484580e+00,   -1.040782e-01,   -2.431988e-01,    3.921648e-01,    6.213500e-02,    7.646300e-02,   -3.317700e-01,    6.846300e-02,    3.000000e-02,    3.000000e-02,    3.000000e-02,    3.000000e-02,
      1045,    1.584800e+02,   -3.303465e-02,    6.999500e-02,   -3.333427e-01,    1.360759e-02,    2.179288e+00,    2.355335e-01,   -2.769111e-01,    6.219470e-01,    3.234400e-02,    7.706100e-02,   -3.416500e-01,    3.226600e-02,    3.000000e-02,    3.000000e-02,    3.000000e-02,    3.000000e-02,
      1045,    2.511800e+02,   -5.167555e-02,    6.394561e-02,   -3.255990e-01,   -2.697536e-02,    1.368585e+00,    6.481307e-02,   -2.670322e-01,    7.751687e-01,   -1.061800e-02,    6.589000e-02,   -3.336100e-01,   -3.720300e-03,    3.000000e-02,    3.000000e-02,    3.000000e-02,    3.000000e-02,
      1045,    3.981000e+02,   -7.075668e-02,    5.756048e-02,   -3.023865e-01,   -5.959515e-02,   -6.122773e-01,   -5.407494e-01,   -5.045159e-02,    8.731717e-01,   -8.912500e-02,    4.133800e-02,   -3.039000e-01,   -3.340000e-02,    3.000000e-02,    3.000000e-02,    3.000000e-02,    3.000000e-02,
      1045,    6.309500e+02,   -8.742221e-02,    4.855771e-02,   -2.694913e-01,   -8.040288e-02,   -4.155926e+00,   -1.180357e+00,    4.113753e-01,    7.718962e-01,   -2.121000e-01,    1.314700e-02,   -2.571500e-01,   -5.724600e-02,    3.000000e-02,    3.000000e-02,    3.000000e-02,    3.000000e-02,
      1045,    1.000000e+03,   -9.894661e-02,    3.908567e-02,   -2.327482e-01,   -8.989536e-02,   -3.263113e+00,   -1.098656e+00,    4.272718e-01,    1.014179e+00,   -1.968400e-01,    6.126000e-03,   -2.199300e-01,   -5.947000e-02,    3.000000e-02,    3.000000e-02,    3.000000e-02,    3.000000e-02,
      1046,    1.000000e+02,   -1.577231e-02,   -6.265687e-02,   -8.135494e-02,    8.061316e-02,   -1.396562e-01,    9.195956e-01,    1.613645e-01,   -3.336388e-01,   -1.996200e-02,   -3.506900e-02,   -7.651400e-02,    7.060400e-02,    3.000000e-02,    3.000000e-02,    3.000000e-02,    3.000000e-02,
      1046,    1.584800e+02,    8.129138e-03,   -4.181803e-02,   -1.023895e-01,    5.780779e-02,   -4.146479e-01,    5.588011e-01,    1.681497e-01,   -2.494263e-01,   -4.310300e-03,   -2.505400e-02,   -9.734500e-02,    5.032500e-02,    3.000000e-02,    3.000000e-02,    3.000000e-02,    3.000000e-02,
      1046,    2.511800e+02,    1.186014e-02,   -2.016411e-02,   -1.098998e-01,    3.694629e-02,   -3.168814e-01,    2.566702e-01,    1.346607e-01,   -2.314765e-01,    2.353700e-03,   -1.246400e-02,   -1.058600e-01,    3.000200e-02,    3.000000e-02,    3.000000e-02,    3.000000e-02,    3.000000e-02,
      1046,    3.981000e+02,    6.073547e-03,   -1.248700e-02,   -1.098459e-01,    2.774316e-02,   -1.597216e-01,    3.185234e-01,    1.421980e-01,   -3.796385e-01,    1.281900e-03,   -2.931300e-03,   -1.055800e-01,    1.635400e-02,    3.000000e-02,    3.000000e-02,    3.000000e-02,    3.000000e-02,
      1046,    6.309500e+02,    4.631371e-03,   -1.416497e-02,   -1.137979e-01,    2.644615e-02,   -2.446690e-01,    4.845256e-01,    3.885970e-01,   -5.205717e-01,   -2.708700e-03,    3.708000e-04,   -1.021400e-01,    1.082900e-02,    3.000000e-02,    3.000000e-02,    3.000000e-02,    3.000000e-02,
      1046,    1.000000e+03,    6.744046e-03,   -1.715733e-02,   -1.200716e-01,    2.462202e-02,   -4.418815e-01,    5.541376e-01,    6.811194e-01,   -4.574006e-01,   -6.512400e-03,   -5.332000e-04,   -9.963800e-02,    1.090000e-02,    3.000000e-02,    3.000000e-02,    3.000000e-02,    3.000000e-02,
