MT,
     StaID,        Freq[Hz],     Re(Zxx)_Cal,     Im(Zxx)_Cal,     Re(Zxy)_Cal,     Im(Zxy)_Cal,     Re(Zyx)_Cal,     Im(Zyx)_Cal,     Re(Zyy)_Cal,     Im(Zyy)_Cal,     Re(Zxx)_Res,     Im(Zxx)_Res,     Re(Zxy)_Res,     Im(Zxy)_Res,     Re(Zyx)_Res,     Im(Zyx)_Res,     Re(Zyy)_Res,     Im(Zyy)_Res,     Re(Zxx)_Obs,     Im(Zxx)_Obs,     Re(Zxy)_Obs,     Im(Zxy)_Obs,     Re(Zyx)_Obs,     Im(Zyx)_Obs,     Re(Zyy)_Obs,     Im(Zyy)_Obs,      Re(Zxx)_SD,      Im(Zxx)_SD,      Re(Zxy)_SD,      Im(Zxy)_SD,      Re(Zyx)_SD,      Im(Zyx)_SD,      Re(Zyy)_SD,      Im(Zyy)_SD,
         1,    3.981000e+02,   -2.602207e-02,    2.777521e-03,    1.993952e-01,   -2.292454e-01,   -2.755543e-01,    2.514220e-01,    8.510186e-02,   -6.006812e-02,   -1.097864e-01,    1.139493e+00,    2.556290e-01,   -6.823721e-03,   -3.396049e-01,   -8.316196e-01,    6.436197e-01,    1.106381e+00,   -2.771300e-02,    2.032800e-02,    2.036900e-01,   -2.293600e-01,   -2.812600e-01,    2.374500e-01,    1.043300e-01,   -2.701500e-02,    1.540200e-02,    1.540200e-02,    1.680100e-02,    1.680100e-02,    1.680100e-02,    1.680100e-02,    2.987500e-02,    2.987500e-02,
         1,    6.309500e+02,   -2.519781e-02,    2.522376e-03,    2.548938e-01,   -2.953076e-01,   -3.346018e-01,    3.165488e-01,    9.719586e-02,   -7.775275e-02,   -4.455286e-01,    9.950681e-01,    5.852234e-01,   -9.370005e-02,   -5.095101e-01,   -8.263376e-01,    1.596567e-01,    1.614900e+00,   -3.363300e-02,    2.136200e-02,    2.674000e-01,   -2.973100e-01,   -3.454900e-01,    2.988900e-01,    1.024500e-01,   -2.460800e-02,    1.893300e-02,    1.893300e-02,    2.137000e-02,    2.137000e-02,    2.137000e-02,    2.137000e-02,    3.290900e-02,    3.290900e-02,
         1,    1.000000e+03,   -2.410227e-02,    4.021029e-03,    3.240795e-01,   -3.809467e-01,   -4.042226e-01,    4.052759e-01,    1.137638e-01,   -1.028513e-01,   -6.084766e-01,    1.016335e+00,    1.070233e+00,    2.171343e-01,   -1.585693e+00,   -1.203339e+00,   -3.245483e-01,    1.900666e+00,   -3.836800e-02,    2.784900e-02,    3.533900e-01,   -3.750000e-01,   -4.476500e-01,    3.723200e-01,    1.016400e-01,   -3.185000e-02,    2.344500e-02,    2.344500e-02,    2.738700e-02,    2.738700e-02,    2.738700e-02,    2.738700e-02,    3.735600e-02,    3.735600e-02,
         2,    3.981000e+02,   -3.211824e-03,    1.750509e-02,    2.629131e-01,   -2.934582e-01,   -2.351125e-01,    2.784993e-01,   -1.668873e-02,    5.708399e-03,    3.276474e-03,   -7.191493e-01,   -9.349244e-01,    5.534623e-01,    1.318851e+00,   -2.205939e-02,   -6.605978e-01,   -1.167989e+00,   -3.180200e-03,    1.056400e-02,    2.459900e-01,   -2.834400e-01,   -2.112400e-01,    2.781000e-01,   -2.671000e-02,   -1.201000e-02,    9.651800e-03,    9.651800e-03,    1.810100e-02,    1.810100e-02,    1.810100e-02,    1.810100e-02,    1.517000e-02,    1.517000e-02,
         2,    6.309500e+02,   -1.039966e-02,    2.265569e-02,    3.328893e-01,   -3.801055e-01,   -2.997904e-01,    3.604036e-01,   -1.355770e-02,    9.640248e-03,    1.113437e-01,   -5.273949e-01,   -1.021071e+00,    1.066671e-03,    1.062147e+00,    6.897913e-01,   -5.434181e-01,   -1.779596e+00,   -8.846300e-03,    1.529800e-02,    3.085000e-01,   -3.800800e-01,   -2.744200e-01,    3.768800e-01,   -2.376200e-02,   -2.377700e-02,    1.395100e-02,    1.395100e-02,    2.388600e-02,    2.388600e-02,    2.388600e-02,    2.388600e-02,    1.877800e-02,    1.877800e-02,
         2,    1.000000e+03,   -1.712679e-02,    2.685459e-02,    4.208243e-01,   -4.921343e-01,   -3.814669e-01,    4.692625e-01,   -1.177673e-02,    1.841567e-02,   -5.595099e-01,    6.145966e-01,   -6.817901e-01,   -5.717673e-01,    3.644948e-01,    1.331962e+00,   -3.120704e-01,   -2.294349e+00,   -3.300400e-02,    4.429500e-02,    3.990200e-01,   -5.104200e-01,   -3.698100e-01,    5.118600e-01,   -1.948300e-02,   -3.824100e-02,    2.837700e-02,    2.837700e-02,    3.198100e-02,    3.198100e-02,    3.198100e-02,    3.198100e-02,    2.469400e-02,    2.469400e-02,
         3,    3.981000e+02,    2.843268e-02,   -1.729959e-02,    2.582889e-01,   -2.719047e-01,   -2.260810e-01,    2.662861e-01,   -5.175803e-02,    4.274598e-02,    1.499693e-01,   -1.157356e+00,   -5.473210e-01,    6.765501e-01,    6.377287e-01,    1.966903e-01,   -9.634565e-01,   -1.356322e+00,    3.150000e-02,   -4.097100e-02,    2.486500e-01,   -2.599900e-01,   -2.148500e-01,    2.697500e-01,   -7.511800e-02,    9.860600e-03,    2.045300e-02,    2.045300e-02,    1.761100e-02,    1.761100e-02,    1.761100e-02,    1.761100e-02,    2.424600e-02,    2.424600e-02,
         3,    6.309500e+02,    3.024899e-02,   -2.195753e-02,    3.221490e-01,   -3.520238e-01,   -2.893663e-01,    3.425407e-01,   -6.066167e-02,    5.654677e-02,    5.061452e-01,   -9.490354e-01,   -9.490706e-01,    7.997070e-01,    1.547550e-01,    1.620137e-01,   -5.065806e-01,   -1.874889e+00,    4.301600e-02,   -4.589600e-02,    3.008300e-01,   -3.340600e-01,   -2.858900e-01,    3.461800e-01,   -7.458200e-02,    5.026700e-03,    2.522400e-02,    2.522400e-02,    2.246300e-02,    2.246300e-02,    2.246300e-02,    2.246300e-02,    2.747900e-02,    2.747900e-02,
         3,    1.000000e+03,    3.397498e-02,   -3.016581e-02,    4.038153e-01,   -4.567455e-01,   -3.683195e-01,    4.428800e-01,   -7.393621e-02,    7.508603e-02,    5.865046e-01,   -1.988024e-01,   -1.279534e+00,    6.042808e-01,   -5.604419e-01,    2.231403e-01,    1.169888e-01,   -2.404265e+00,    5.053200e-02,   -3.577800e-02,    3.666000e-01,   -4.391700e-01,   -3.846200e-01,    4.493700e-01,   -7.035600e-02,    1.508300e-03,    2.823000e-02,    2.823000e-02,    2.908500e-02,    2.908500e-02,    2.908500e-02,    2.908500e-02,    3.060300e-02,    3.060300e-02,
         4,    3.981000e+02,   -3.930537e-02,    3.288289e-02,    3.443220e-01,   -4.979126e-01,   -4.192643e-01,    5.471996e-01,    6.509529e-02,   -8.671448e-02,    1.499456e-01,    1.101251e+00,   -9.812335e-01,   -1.160022e-03,    1.133580e-01,    7.662132e-01,    4.824472e-01,   -8.672465e-02,   -3.454700e-02,    6.783000e-02,    3.126900e-01,   -4.979500e-01,   -4.156100e-01,    5.719000e-01,    8.663800e-02,   -9.058700e-02,    3.173400e-02,    3.173400e-02,    3.223700e-02,    3.223700e-02,    3.223700e-02,    3.223700e-02,    4.465300e-02,    4.465300e-02,
         4,    6.309500e+02,   -5.181058e-02,    3.545322e-02,    4.686645e-01,   -6.548675e-01,   -5.629697e-01,    7.033813e-01,    9.376270e-02,   -1.014893e-01,   -1.905058e-01,    1.197611e+00,   -1.431649e+00,   -2.666555e-01,   -1.439417e-01,    3.599218e-01,    4.599523e-01,    1.597165e-01,   -6.002500e-02,    8.709300e-02,    4.080900e-01,   -6.661500e-01,   -5.690600e-01,    7.186100e-01,    1.194400e-01,   -9.257300e-02,    4.311900e-02,    4.311900e-02,    4.231100e-02,    4.231100e-02,    4.231100e-02,    4.231100e-02,    5.582600e-02,    5.582600e-02,
         4,    1.000000e+03,   -6.456991e-02,    3.541827e-02,    6.313000e-01,   -8.513852e-01,   -7.422184e-01,    8.941710e-01,    1.272516e-01,   -1.135641e-01,   -3.132509e-01,   -2.456495e+00,   -1.340577e+00,   -4.448050e-01,    5.102125e-01,   -2.571316e-02,    2.354049e-01,    5.286314e-01,   -8.173700e-02,   -9.920500e-02,    5.582600e-01,   -8.756200e-01,   -7.144200e-01,    8.927700e-01,    1.425000e-01,   -7.932200e-02,    5.480300e-02,    5.480300e-02,    5.448400e-02,    5.448400e-02,    5.448400e-02,    5.448400e-02,    6.477500e-02,    6.477500e-02,
         5,    3.981000e+02,    1.179180e-02,    1.009776e-02,    2.489425e-01,   -2.620257e-01,   -1.948929e-01,    2.104859e-01,   -7.268988e-03,   -7.092251e-03,   -2.962887e-01,    1.304685e+00,   -1.456265e-02,    1.043469e-01,   -2.992631e-01,   -6.155412e-01,   -3.853986e-01,    3.733367e-01,    7.033400e-03,    3.105100e-02,    2.487100e-01,   -2.603600e-01,   -1.996700e-01,    2.006600e-01,   -1.053000e-02,   -3.933300e-03,    1.606000e-02,    1.606000e-02,    1.596300e-02,    1.596300e-02,    1.596300e-02,    1.596300e-02,    8.461400e-03,    8.461400e-03,
         5,    6.309500e+02,    7.889803e-03,    1.356455e-02,    3.103853e-01,   -3.367124e-01,   -2.442776e-01,    2.703080e-01,   -4.278639e-03,   -9.996681e-03,   -6.592799e-01,    1.292927e+00,    6.083838e-01,    4.012811e-01,   -5.294151e-01,   -9.673263e-01,   -2.408499e-01,    7.435775e-02,   -5.601700e-03,    4.002300e-02,    3.227300e-01,   -3.285700e-01,   -2.550200e-01,    2.506800e-01,   -6.583500e-03,   -9.285100e-03,    2.046400e-02,    2.046400e-02,    2.029100e-02,    2.029100e-02,    2.029100e-02,    2.029100e-02,    9.569700e-03,    9.569700e-03,
         5,    1.000000e+03,    2.219511e-03,    1.630890e-02,    3.896997e-01,   -4.358775e-01,   -3.067070e-01,    3.498820e-01,   -3.916195e-04,   -1.215145e-02,   -3.530579e-01,    9.902155e-01,    4.826647e-01,    1.135319e+00,   -5.100681e-01,   -1.493926e+00,    4.602888e-01,   -4.887333e-01,   -5.679100e-03,    3.846200e-02,    4.019000e-01,   -4.071800e-01,   -3.196000e-01,    3.121200e-01,    6.143100e-03,   -1.909000e-02,    2.237200e-02,    2.237200e-02,    2.527700e-02,    2.527700e-02,    2.527700e-02,    2.527700e-02,    1.419700e-02,    1.419700e-02,
         6,    3.981000e+02,    1.629500e-01,    4.215729e-02,    4.620331e-01,   -4.224313e-01,   -5.115512e-01,    3.364900e-01,   -1.776977e-01,   -1.420533e-02,    4.373107e-01,    1.179041e-01,   -2.258012e-02,    7.774855e-01,   -1.883718e-01,   -1.053450e+00,    5.687624e-01,    6.837265e-01,    1.853700e-01,    4.820200e-02,    4.613500e-01,   -3.989100e-01,   -5.172500e-01,    3.046200e-01,   -1.518600e-01,    1.685500e-02,    5.126800e-02,    5.126800e-02,    3.025300e-02,    3.025300e-02,    3.025300e-02,    3.025300e-02,    4.542800e-02,    4.542800e-02,
         6,    6.309500e+02,    1.466376e-01,    4.212358e-02,    5.544120e-01,   -5.566273e-01,   -5.873896e-01,    4.357047e-01,   -1.667018e-01,   -7.801537e-03,    1.084161e+00,    4.694575e-01,   -8.394445e-01,    5.775409e-01,    9.159109e-01,   -5.028756e-01,   -2.316447e-01,    4.230236e-02,    2.134100e-01,    7.103700e-02,    5.241400e-01,   -5.358000e-01,   -5.543600e-01,    4.175700e-01,   -1.789500e-01,   -5.564800e-03,    6.158900e-02,    6.158900e-02,    3.606200e-02,    3.606200e-02,    3.606200e-02,    3.606200e-02,    5.287500e-02,    5.287500e-02,
         6,    1.000000e+03,    1.319661e-01,    3.939144e-02,    6.809896e-01,   -7.394242e-01,   -6.843938e-01,    5.714383e-01,   -1.606057e-01,    4.106196e-03,    1.207572e+00,    8.019999e-01,   -1.781015e+00,    4.560098e-01,    1.914694e+00,   -2.910617e-01,   -8.762512e-01,   -7.204991e-01,    2.175600e-01,    9.623800e-02,    6.028600e-01,   -7.194200e-01,   -6.004000e-01,    5.586700e-01,   -2.165000e-01,   -4.185300e-02,    7.088100e-02,    7.088100e-02,    4.386800e-02,    4.386800e-02,    4.386800e-02,    4.386800e-02,    6.378800e-02,    6.378800e-02,
         7,    3.981000e+02,   -9.697765e-03,    1.828278e-02,    2.294091e-01,   -2.617357e-01,   -2.470027e-01,    2.802531e-01,   -4.529076e-02,    4.602216e-02,    2.062596e-01,    2.807128e-02,   -9.205151e-02,   -4.263928e-01,   -1.753317e-01,    4.347065e-01,   -4.722521e-01,    2.015110e-01,   -7.102400e-03,    1.863600e-02,    2.277200e-01,   -2.695600e-01,   -2.502200e-01,    2.882300e-01,   -5.743000e-02,    5.120200e-02,    1.258300e-02,    1.258300e-02,    1.835000e-02,    1.835000e-02,    1.835000e-02,    1.835000e-02,    2.570500e-02,    2.570500e-02,
         7,    6.309500e+02,   -1.571911e-02,    2.464109e-02,    2.885715e-01,   -3.448313e-01,   -3.102595e-01,    3.682515e-01,   -5.260845e-02,    6.054607e-02,    4.908029e-01,    3.603459e-01,    3.741016e-03,   -4.279118e-01,   -3.042021e-01,    2.031456e-01,   -6.462214e-01,   -1.049382e-01,   -6.823800e-03,    3.117200e-02,    2.886600e-01,   -3.549600e-01,   -3.174600e-01,    3.730600e-01,   -7.329400e-02,    5.718700e-02,    1.812400e-02,    1.812400e-02,    2.367000e-02,    2.367000e-02,    2.367000e-02,    2.367000e-02,    3.201000e-02,    3.201000e-02,
         7,    1.000000e+03,   -2.252698e-02,    3.091625e-02,    3.638493e-01,   -4.544738e-01,   -3.911778e-01,    4.845451e-01,   -6.332718e-02,    8.240759e-02,    4.705920e-01,    6.961943e-01,    3.417635e-01,    1.801489e-01,   -6.399643e-01,   -7.452113e-01,   -7.113209e-01,   -5.144845e-01,   -1.047700e-02,    4.874300e-02,    3.741200e-01,   -4.490600e-01,   -4.104100e-01,    4.621500e-01,   -9.120100e-02,    6.224700e-02,    2.560600e-02,    2.560600e-02,    3.005200e-02,    3.005200e-02,    3.005200e-02,    3.005200e-02,    3.918600e-02,    3.918600e-02,
         8,    3.981000e+02,   -9.018227e-01,    6.594266e-01,    7.127178e-01,   -8.574442e-01,   -6.931728e-01,    5.099316e-01,    7.316681e-02,   -4.421886e-02,   -1.830112e+00,   -1.972870e-01,   -5.608070e-01,   -1.044967e-01,   -2.015212e-01,   -1.780289e-01,   -2.280391e-01,   -4.384824e-01,   -1.241400e+00,    6.228200e-01,    6.853700e-01,   -8.625400e-01,   -7.030000e-01,    5.012500e-01,    6.367400e-02,   -6.247200e-02,    1.855500e-01,    1.855500e-01,    4.876500e-02,    4.876500e-02,    4.876500e-02,    4.876500e-02,    4.162800e-02,    4.162800e-02,
         8,    6.309500e+02,   -1.065349e+00,    8.394591e-01,    9.369362e-01,   -1.063784e+00,   -8.278219e-01,    6.421833e-01,    7.396932e-02,   -4.245249e-02,   -1.576638e+00,   -7.726409e-01,    3.506044e-01,   -3.695053e-01,   -2.841448e-01,   -4.961825e-01,   -7.931071e-02,   -7.342367e-01,   -1.422000e+00,    6.646800e-01,    9.584900e-01,   -1.086500e+00,   -8.452900e-01,    6.116800e-01,    7.002100e-02,   -7.900500e-02,    2.262100e-01,    2.262100e-01,    6.147600e-02,    6.147600e-02,    6.147600e-02,    6.147600e-02,    4.978300e-02,    4.978300e-02,
         8,    1.000000e+03,   -1.259530e+00,    1.067745e+00,    1.202409e+00,   -1.323656e+00,   -9.896077e-01,    8.022439e-01,    6.897059e-02,   -5.534020e-02,   -1.151562e+00,   -1.535637e+00,    1.716629e+00,    1.017141e+00,   -7.474492e-01,   -9.870804e-01,    4.896479e-02,   -5.780189e-01,   -1.563600e+00,    6.622600e-01,    1.333300e+00,   -1.246100e+00,   -1.046600e+00,    7.269800e-01,    7.176800e-02,   -8.836300e-02,    2.640500e-01,    2.640500e-01,    7.624900e-02,    7.624900e-02,    7.624900e-02,    7.624900e-02,    5.713100e-02,    5.713100e-02,
         9,    3.981000e+02,   -3.956697e-03,   -1.363870e-03,    1.917811e-01,   -2.264602e-01,   -1.762986e-01,    2.210001e-01,   -1.491967e-03,   -2.206791e-04,    1.953867e-01,    1.410256e+00,   -1.773238e-02,    1.222469e-01,   -7.980017e-01,    3.245900e-01,    3.111956e-02,    6.486865e-01,   -2.297200e-03,    1.061400e-02,    1.915200e-01,   -2.246600e-01,   -1.880500e-01,    2.257800e-01,   -1.353700e-03,    2.661500e-03,    8.493400e-03,    8.493400e-03,    1.472600e-02,    1.472600e-02,    1.472600e-02,    1.472600e-02,    4.443100e-03,    4.443100e-03,
         9,    6.309500e+02,   -3.641986e-03,   -2.493832e-03,    2.459770e-01,   -2.887458e-01,   -2.259269e-01,    2.884365e-01,   -2.689863e-03,   -2.157456e-03,   -8.576558e-01,    6.520096e-01,   -2.442841e-01,   -4.248340e-01,   -8.435943e-01,    1.967544e-02,   -3.726417e-01,    6.965748e-01,   -1.298100e-02,    4.605900e-03,    2.413400e-01,   -2.968100e-01,   -2.419400e-01,    2.888100e-01,   -5.362300e-03,    2.838100e-03,    1.088900e-02,    1.088900e-02,    1.898200e-02,    1.898200e-02,    1.898200e-02,    1.898200e-02,    7.171600e-03,    7.171600e-03,
         9,    1.000000e+03,   -3.145744e-03,   -3.742603e-03,    3.119825e-01,   -3.708640e-01,   -2.886150e-01,    3.792187e-01,   -4.145407e-03,   -5.590107e-03,   -1.246519e+00,    1.362824e-01,    3.191591e-01,   -2.656171e-01,   -1.154365e+00,   -4.841451e-01,   -1.518299e-01,    6.916733e-01,   -2.319600e-02,   -1.550500e-03,    3.198000e-01,   -3.773700e-01,   -3.168900e-01,    3.673600e-01,   -5.301500e-03,   -3.234300e-04,    1.608500e-02,    1.608500e-02,    2.449400e-02,    2.449400e-02,    2.449400e-02,    2.449400e-02,    7.614400e-03,    7.614400e-03,
        11,    3.981000e+02,   -1.088112e-02,    8.548956e-03,    2.374438e-01,   -2.519406e-01,   -2.391477e-01,    2.557042e-01,    1.899953e-03,   -1.313450e-03,   -3.534581e-02,    2.994132e-01,    2.974830e-01,    9.180044e-01,   -6.215552e-01,   -3.170262e-01,    6.861699e-01,   -1.030527e-01,   -1.127600e-02,    1.189400e-02,    2.425900e-01,   -2.360600e-01,   -2.499000e-01,    2.502200e-01,    7.202400e-03,   -2.109800e-03,    1.117200e-02,    1.117200e-02,    1.729900e-02,    1.729900e-02,    1.729900e-02,    1.729900e-02,    7.727600e-03,    7.727600e-03,
        11,    6.309500e+02,   -1.326751e-02,    1.327166e-02,    2.933870e-01,   -3.237161e-01,   -2.982005e-01,    3.285615e-01,    2.250625e-03,   -4.010786e-03,   -3.440536e-01,    1.914283e-01,    3.281655e-01,    1.184340e+00,   -6.319059e-01,   -9.113097e-01,    6.752541e-01,    1.801979e-01,   -1.853600e-02,    1.620300e-02,    3.004600e-01,   -2.981900e-01,   -3.118200e-01,    3.089200e-01,    8.576000e-03,   -2.322800e-03,    1.531300e-02,    1.531300e-02,    2.155300e-02,    2.155300e-02,    2.155300e-02,    2.155300e-02,    9.367400e-03,    9.367400e-03,
        11,    1.000000e+03,   -1.722182e-02,    1.872424e-02,    3.618591e-01,   -4.224706e-01,   -3.716397e-01,    4.258742e-01,    3.720376e-03,   -6.521715e-03,   -3.631410e-01,   -9.774184e-02,    7.769742e-01,    2.061056e+00,   -1.193066e+00,   -1.646550e+00,    6.928044e-01,    5.418357e-01,   -2.401800e-02,    1.689500e-02,    3.829400e-01,   -3.665500e-01,   -4.040100e-01,    3.812000e-01,    1.231600e-02,    2.008400e-04,    1.871500e-02,    1.871500e-02,    2.713200e-02,    2.713200e-02,    2.713200e-02,    2.713200e-02,    1.240700e-02,    1.240700e-02,
        12,    3.981000e+02,   -2.836075e-02,    2.726872e-02,    1.927039e-01,   -2.441799e-01,   -2.101243e-01,    2.620665e-01,    6.774111e-02,   -8.197724e-02,   -3.942824e-01,    1.589970e-01,   -9.905298e-01,    4.052539e-01,    1.489098e-01,   -7.403035e-03,    7.583457e-01,   -7.362924e-01,   -3.529500e-02,    3.006500e-02,    1.771100e-01,   -2.378000e-01,   -2.077800e-01,    2.619500e-01,    9.240100e-02,   -1.059200e-01,    1.758700e-02,    1.758700e-02,    1.574300e-02,    1.574300e-02,    1.574300e-02,    1.574300e-02,    3.251800e-02,    3.251800e-02,
        12,    6.309500e+02,   -3.509353e-02,    3.394079e-02,    2.525385e-01,   -3.155368e-01,   -2.725989e-01,    3.395471e-01,    8.711213e-02,   -1.041050e-01,   -4.944626e-01,   -2.518248e-01,   -5.335822e-02,   -1.240351e-01,   -4.166221e-01,    1.384739e-02,    1.073630e+00,   -7.237954e-01,   -4.607900e-02,    2.834600e-02,    2.514100e-01,   -3.181600e-01,   -2.814100e-01,    3.398400e-01,    1.338000e-01,   -1.355800e-01,    2.221700e-02,    2.221700e-02,    2.114900e-02,    2.114900e-02,    2.114900e-02,    2.114900e-02,    4.348600e-02,    4.348600e-02,
        12,    1.000000e+03,   -4.384455e-02,    4.292759e-02,    3.276494e-01,   -4.070843e-01,   -3.508177e-01,    4.404209e-01,    1.112331e-01,   -1.339126e-01,   -5.712587e-01,   -1.388556e+00,    8.822983e-01,    9.302622e-02,   -1.287586e+00,   -9.316474e-01,    1.364716e+00,   -4.695503e-01,   -5.914000e-02,    5.749000e-03,    3.519700e-01,   -4.045200e-01,   -3.863100e-01,    4.147400e-01,    1.878100e-01,   -1.602600e-01,    2.677500e-02,    2.677500e-02,    2.756500e-02,    2.756500e-02,    2.756500e-02,    2.756500e-02,    5.611200e-02,    5.611200e-02,
        13,    3.981000e+02,    1.050912e-02,   -1.372096e-02,    1.795182e-01,   -2.142733e-01,   -1.857199e-01,    2.188223e-01,   -6.504998e-03,    1.442314e-02,   -3.334785e-02,    8.707967e-02,    6.234420e-01,   -1.896002e-01,   -3.603296e-01,    1.448017e-01,   -1.334983e-01,   -2.433744e-01,    1.016600e-02,   -1.282500e-02,    1.885500e-01,   -2.170200e-01,   -1.909400e-01,    2.209200e-01,   -7.801800e-03,    1.205900e-02,    1.028900e-02,    1.028900e-02,    1.448700e-02,    1.448700e-02,    1.448700e-02,    1.448700e-02,    9.714000e-03,    9.714000e-03,
        13,    6.309500e+02,    1.462157e-02,   -1.598420e-02,    2.273913e-01,   -2.768581e-01,   -2.356675e-01,    2.812854e-01,   -9.140025e-03,    1.848375e-02,   -8.533012e-02,   -1.043910e-01,    7.721890e-01,    3.745394e-01,   -4.639293e-01,   -2.414923e-01,    2.336138e-01,   -2.375559e-01,    1.347900e-02,   -1.738200e-02,    2.415100e-01,   -2.700100e-01,   -2.441500e-01,    2.768700e-01,   -6.371000e-03,    1.566800e-02,    1.339000e-02,    1.339000e-02,    1.828400e-02,    1.828400e-02,    1.828400e-02,    1.828400e-02,    1.185300e-02,    1.185300e-02,
        13,    1.000000e+03,    1.963600e-02,   -1.844661e-02,    2.854853e-01,   -3.617797e-01,   -2.969395e-01,    3.661124e-01,   -1.215866e-02,    2.463676e-02,   -1.960385e-01,   -2.882836e-01,    8.404093e-01,    7.786515e-01,   -1.416748e+00,   -9.539892e-01,    4.519601e-01,   -1.319714e-01,    1.627100e-02,   -2.339500e-02,    3.051500e-01,   -3.435600e-01,   -3.300900e-01,    3.437900e-01,   -5.043000e-03,    2.255900e-02,    1.716500e-02,    1.716500e-02,    2.339900e-02,    2.339900e-02,    2.339900e-02,    2.339900e-02,    1.574400e-02,    1.574400e-02,
        14,    3.981000e+02,    3.003773e-01,   -2.507696e-01,    6.395361e-01,   -8.390109e-01,   -6.669696e-01,    5.552944e-01,   -2.074493e-01,    2.794835e-01,    9.028234e-01,   -2.908018e-01,    4.719292e-02,   -1.899652e+00,    2.359656e-01,   -5.289821e-01,    3.398994e-01,    9.018241e-01,    4.013400e-01,   -2.832900e-01,    6.418400e-01,   -9.317500e-01,   -6.554500e-01,    5.294700e-01,   -1.778600e-01,    3.579900e-01,    1.118300e-01,    1.118300e-01,    4.881900e-02,    4.881900e-02,    4.881900e-02,    4.881900e-02,    8.705300e-02,    8.705300e-02,
        14,    6.309500e+02,    3.501243e-01,   -3.317814e-01,    8.305823e-01,   -1.096892e+00,   -7.845857e-01,    7.271115e-01,   -2.752077e-01,    3.622269e-01,    7.015317e-01,   -5.851539e-02,   -2.516085e-01,   -1.346775e+00,    4.494678e-01,   -4.202944e-01,    2.197149e-01,    9.724372e-01,    4.443400e-01,   -3.396400e-01,    8.152800e-01,   -1.178800e+00,   -7.572500e-01,    7.015500e-01,   -2.507600e-01,    4.704300e-01,    1.343000e-01,    1.343000e-01,    6.081800e-02,    6.081800e-02,    6.081800e-02,    6.081800e-02,    1.112700e-01,    1.112700e-01,
        14,    1.000000e+03,    4.154650e-01,   -4.471419e-01,    1.086518e+00,   -1.440963e+00,   -9.435833e-01,    9.653405e-01,   -3.638162e-01,    4.691641e-01,    4.454990e-01,    4.165378e-01,   -6.497180e-01,   -9.198245e-01,    6.302878e-01,   -1.323561e-01,    8.877970e-02,    8.847405e-01,    4.865800e-01,   -3.806500e-01,    1.036200e+00,   -1.512200e+00,   -8.947700e-01,    9.550900e-01,   -3.511500e-01,    5.953900e-01,    1.596300e-01,    1.596300e-01,    7.744600e-02,    7.744600e-02,    7.744600e-02,    7.744600e-02,    1.426700e-01,    1.426700e-01,
        15,    3.981000e+02,   -9.811487e-03,   -1.658937e-02,    2.335930e-01,   -2.459798e-01,   -1.997656e-01,    2.689391e-01,   -6.070064e-03,    1.176972e-02,    1.603783e+00,   -2.944025e-01,    1.889526e-01,   -7.375400e-01,   -3.371120e-01,    4.656782e-01,   -7.373964e-01,   -4.851668e-01,    1.227100e-02,   -2.064300e-02,    2.368800e-01,   -2.588100e-01,   -2.056300e-01,    2.770400e-01,   -1.417700e-02,    6.435800e-03,    1.376900e-02,    1.376900e-02,    1.739600e-02,    1.739600e-02,    1.739600e-02,    1.739600e-02,    1.099400e-02,    1.099400e-02,
        15,    6.309500e+02,   -6.914422e-03,   -1.351189e-02,    2.865513e-01,   -3.136143e-01,   -2.653056e-01,    3.404106e-01,   -9.946069e-03,    1.217549e-02,    1.568250e+00,    7.267132e-01,    1.083773e+00,   -7.533112e-01,   -8.416395e-01,   -5.716549e-02,   -7.438502e-01,   -6.569217e-01,    1.014500e-02,   -5.606700e-03,    3.108300e-01,   -3.304900e-01,   -2.841600e-01,    3.391300e-01,   -2.065900e-02,    2.714500e-03,    1.087800e-02,    1.087800e-02,    2.240200e-02,    2.240200e-02,    2.240200e-02,    2.240200e-02,    1.440200e-02,    1.440200e-02,
        15,    1.000000e+03,   -8.353747e-03,   -1.356037e-02,    3.516340e-01,   -4.095537e-01,   -3.393262e-01,    4.360993e-01,   -1.212089e-02,    1.302855e-02,    1.023649e+00,    2.057922e+00,    1.779926e+00,   -1.255058e-01,   -1.359537e+00,   -9.418859e-01,   -6.028373e-01,   -9.916883e-01,    2.560400e-03,    8.381200e-03,    4.020700e-01,   -4.131100e-01,   -3.778500e-01,    4.094100e-01,   -2.225700e-02,   -3.645700e-03,    1.066200e-02,    1.066200e-02,    2.833600e-02,    2.833600e-02,    2.833600e-02,    2.833600e-02,    1.681400e-02,    1.681400e-02,
        16,    3.981000e+02,    1.960253e-02,   -1.791457e-02,    1.988555e-01,   -2.201252e-01,   -2.598949e-01,    2.740272e-01,   -1.752260e-02,    1.858650e-02,    2.745358e-01,    1.512512e-01,   -5.524889e-01,   -3.353791e-01,   -7.481806e-01,   -5.973755e-02,   -1.704584e-01,    1.044499e-01,    2.335900e-02,   -1.584500e-02,    1.895400e-01,   -2.257800e-01,   -2.725100e-01,    2.730200e-01,   -2.020800e-02,    2.023200e-02,    1.368300e-02,    1.368300e-02,    1.686100e-02,    1.686100e-02,    1.686100e-02,    1.686100e-02,    1.575400e-02,    1.575400e-02,
        16,    6.309500e+02,    2.358871e-02,   -2.194599e-02,    2.507673e-01,   -2.836310e-01,   -3.270065e-01,    3.475772e-01,   -2.220176e-02,    2.311837e-02,    1.190907e+00,    1.977889e-01,   -5.929513e-01,    4.736466e-01,   -5.074902e-01,   -6.705141e-01,   -7.229751e-01,   -1.394020e-01,    4.793800e-02,   -1.790200e-02,    2.384600e-01,   -2.738000e-01,   -3.375400e-01,    3.336600e-01,   -3.763800e-02,    2.014200e-02,    2.044600e-02,    2.044600e-02,    2.075600e-02,    2.075600e-02,    2.075600e-02,    2.075600e-02,    2.135100e-02,    2.135100e-02,
        17,    3.981000e+02,   -1.690245e-02,    3.743268e-02,    2.071879e-01,   -3.059967e-01,   -2.273397e-01,    3.285124e-01,   -6.972196e-03,   -6.599624e-03,   -1.688921e-01,   -2.278465e-02,   -1.136067e+00,   -4.401765e-01,    5.648597e-01,   -7.890235e-01,    5.297310e-02,   -6.807520e-01,   -2.004300e-02,    3.700900e-02,    1.859900e-01,   -3.142100e-01,   -2.168000e-01,    3.137900e-01,   -6.354000e-03,   -1.454400e-02,    1.859500e-02,    1.859500e-02,    1.865900e-02,    1.865900e-02,    1.865900e-02,    1.865900e-02,    1.167000e-02,    1.167000e-02,
        17,    6.309500e+02,   -2.683760e-02,    5.079257e-02,    2.844526e-01,   -4.016873e-01,   -3.102323e-01,    4.282667e-01,   -4.655239e-03,   -1.099962e-02,    3.209540e-02,   -4.028922e-01,   -1.093978e+00,   -7.443391e-01,    3.982603e-01,   -4.847543e-01,    5.804428e-01,   -2.113941e-01,   -2.609000e-02,    4.140800e-02,    2.569500e-01,   -4.204000e-01,   -3.002200e-01,    4.160800e-01,    2.710000e-03,   -1.368200e-02,    2.329300e-02,    2.329300e-02,    2.514000e-02,    2.514000e-02,    2.514000e-02,    2.514000e-02,    1.268900e-02,    1.268900e-02,
        17,    1.000000e+03,   -4.025136e-02,    6.683773e-02,    3.852417e-01,   -5.204559e-01,   -4.175190e-01,    5.528484e-01,   -5.687328e-04,   -1.545951e-02,    2.719987e-01,   -1.016520e+00,   -3.191393e-01,   -1.656859e+00,    1.409586e-01,    4.235813e-01,    9.023994e-01,    2.382744e-01,   -3.264900e-02,    3.842600e-02,    3.741500e-01,   -5.780400e-01,   -4.126200e-01,    5.675700e-01,    1.497600e-02,   -1.135500e-02,    2.795000e-02,    2.795000e-02,    3.475500e-02,    3.475500e-02,    3.475500e-02,    3.475500e-02,    1.722600e-02,    1.722600e-02,
        18,    3.981000e+02,    6.376743e-01,   -2.237240e-01,    6.773909e-01,   -6.393220e-01,   -2.536453e+00,    1.204598e+00,   -7.145074e-01,    4.139451e-02,    2.839596e-01,   -1.117973e-01,    1.487316e-01,    1.859218e-01,   -1.235439e+00,    4.881391e-01,   -3.249785e-01,   -1.246000e-01,    6.723600e-01,   -2.373800e-01,    6.896400e-01,   -6.240100e-01,   -2.638200e+00,    1.244800e+00,   -7.884400e-01,    1.304800e-02,    1.221500e-01,    1.221500e-01,    8.235700e-02,    8.235700e-02,    8.235700e-02,    8.235700e-02,    2.275000e-01,    2.275000e-01,
        18,    6.309500e+02,    6.841709e-01,   -2.786026e-01,    8.188277e-01,   -8.221519e-01,   -2.807992e+00,    1.466246e+00,   -6.884534e-01,    5.684880e-02,    3.273492e-01,   -5.817225e-03,   -3.435270e-01,    2.157715e-01,   -1.059491e+00,   -1.527213e-03,   -3.645903e-01,   -3.283154e-01,    7.301700e-01,   -2.794200e-01,    7.859800e-01,   -8.015200e-01,   -2.909300e+00,    1.466100e+00,   -7.753900e-01,   -2.143800e-02,    1.405200e-01,    1.405200e-01,    9.561900e-02,    9.561900e-02,    9.561900e-02,    9.561900e-02,    2.384500e-01,    2.384500e-01,
        18,    1.000000e+03,    7.458810e-01,   -3.575141e-01,    9.962207e-01,   -1.080557e+00,   -3.126991e+00,    1.844571e+00,   -6.519815e-01,    1.222697e-01,    6.220152e-01,    1.368807e-01,   -9.066293e-01,    3.779325e-01,   -8.377191e-01,   -5.000113e-01,   -4.814097e-01,   -6.250934e-01,    8.502800e-01,   -3.345400e-01,    8.943700e-01,   -1.038100e+00,   -3.221100e+00,    1.788400e+00,   -7.739900e-01,   -3.615400e-02,    1.678400e-01,    1.678400e-01,    1.123400e-01,    1.123400e-01,    1.123400e-01,    1.123400e-01,    2.534400e-01,    2.534400e-01,
        19,    3.981000e+02,   -1.156963e-03,    2.629080e-03,    2.203970e-01,   -2.602280e-01,   -2.547087e-01,    2.778525e-01,    5.507102e-02,   -6.999059e-02,   -1.268736e-01,   -1.165973e+00,    9.429727e-02,    1.412272e+00,   -4.619647e-01,   -1.350945e+00,    3.022167e-01,   -2.042946e-01,   -1.873900e-03,   -3.959600e-03,    2.220200e-01,   -2.359200e-01,   -2.626600e-01,    2.546000e-01,    6.369900e-02,   -7.582300e-02,    5.650800e-03,    5.650800e-03,    1.721200e-02,    1.721200e-02,    1.721200e-02,    1.721200e-02,    2.854900e-02,    2.854900e-02,
        19,    6.309500e+02,   -4.986256e-03,    8.099809e-04,    2.854348e-01,   -3.409174e-01,   -3.256043e-01,    3.505511e-01,    7.573767e-02,   -8.944129e-02,   -1.074556e+00,   -8.142949e-02,    1.869667e+00,    1.616861e-01,   -4.084088e+00,   -8.904707e-01,    1.453382e+00,   -4.372300e-01,   -2.109600e-02,   -4.108100e-04,    3.327000e-01,   -3.368300e-01,   -4.288500e-01,    3.280400e-01,    1.439100e-01,   -1.099500e-01,    1.499200e-02,    1.499200e-02,    2.528000e-02,    2.528000e-02,    2.528000e-02,    2.528000e-02,    4.690600e-02,    4.690600e-02,
        19,    1.000000e+03,   -8.997205e-03,   -4.529992e-03,    3.698246e-01,   -4.407319e-01,   -4.113453e-01,    4.430573e-01,    1.011766e-01,   -1.102285e-01,   -8.010172e-01,    8.780051e-01,    2.700812e+00,   -9.036974e-01,   -5.207810e+00,   -1.990056e-01,    1.237343e+00,   -7.224399e-01,   -2.568800e-02,    1.376500e-02,    4.641100e-01,   -4.722800e-01,   -5.931500e-01,    4.361100e-01,    1.786800e-01,   -1.554800e-01,    2.083700e-02,    2.083700e-02,    3.491000e-02,    3.491000e-02,    3.491000e-02,    3.491000e-02,    6.263700e-02,    6.263700e-02,
        20,    6.309500e+02,   -1.188118e-01,    1.619487e-01,    4.776312e-01,   -5.481354e-01,   -4.820393e-01,    5.226252e-01,    4.905768e-02,   -6.288352e-02,    1.962737e+00,    5.649357e-01,   -6.711813e-02,    5.717409e-01,   -1.394527e+00,   -2.341254e+00,    1.994135e+00,   -4.855328e-01,   -1.798400e-02,    1.909700e-01,    4.605100e-01,   -4.022900e-01,   -5.582000e-01,    3.947600e-01,    1.529900e-01,   -8.818900e-02,    5.137100e-02,    5.137100e-02,    2.550900e-01,    2.550900e-01,    5.461400e-02,    5.461400e-02,    5.211900e-02,    5.211900e-02,
        21,    3.981000e+02,   -4.926472e-03,    1.544480e-03,    2.393154e-01,   -2.567340e-01,   -2.313301e-01,    2.504197e-01,   -5.038238e-03,   -1.530175e-03,    7.858976e-02,   -1.429678e-01,   -2.586355e-02,    3.994936e-01,    3.236977e-02,   -4.447920e-01,    6.219951e-02,   -3.228278e-01,   -4.465700e-03,    7.062600e-04,    2.382100e-01,   -2.396600e-01,   -2.302400e-01,    2.354400e-01,   -4.626900e-03,   -3.665100e-03,    5.863000e-03,    5.863000e-03,    4.273900e-02,    4.273900e-02,    3.367800e-02,    3.367800e-02,    6.613200e-03,    6.613200e-03,
        21,    6.309500e+02,   -7.703607e-03,    7.194780e-04,    2.958937e-01,   -3.374183e-01,   -2.859605e-01,    3.305449e-01,   -4.905058e-03,   -4.252382e-03,    2.022431e-01,   -1.427019e-01,    1.625632e-01,    6.537735e-01,    4.881107e-03,   -6.740783e-01,    4.161433e-01,   -4.405711e-01,   -6.144900e-03,   -3.803400e-04,    3.048000e-01,   -3.016000e-01,   -2.857500e-01,    3.014800e-01,   -1.260100e-03,   -8.111300e-03,    7.707100e-03,    7.707100e-03,    5.478700e-02,    5.478700e-02,    4.311800e-02,    4.311800e-02,    8.758900e-03,    8.758900e-03,
        21,    1.000000e+03,   -1.175596e-02,   -2.866045e-03,    3.706263e-01,   -4.453564e-01,   -3.577496e-01,    4.375367e-01,   -4.049244e-03,   -7.054096e-03,    3.664475e-02,    1.585928e-01,    5.141794e-01,    7.704445e-01,   -1.743408e-01,   -6.840005e-01,    5.723790e-01,   -7.280026e-01,   -1.131600e-02,   -9.619800e-04,    4.075500e-01,   -3.900300e-01,   -3.676000e-01,    3.988900e-01,    4.572500e-03,   -1.802000e-02,    1.200600e-02,    1.200600e-02,    7.181100e-02,    7.181100e-02,    5.650100e-02,    5.650100e-02,    1.506300e-02,    1.506300e-02,
        22,    3.981000e+02,    1.583782e-02,   -1.448986e-02,    2.050614e-01,   -3.131524e-01,   -2.197721e-01,    2.995167e-01,   -2.092871e-02,    1.912539e-02,   -1.908168e-02,    3.292717e-01,   -8.529213e-03,   -4.701486e-01,    1.051100e+00,    9.592236e-01,    9.252220e-02,    3.378155e-01,    1.559600e-02,   -1.031700e-02,    2.049000e-01,   -3.220500e-01,   -1.998800e-01,    3.176700e-01,   -1.942300e-02,    2.462300e-02,    1.267300e-02,    1.267300e-02,    1.892500e-02,    1.892500e-02,    1.892500e-02,    1.892500e-02,    1.627400e-02,    1.627400e-02,
        22,    6.309500e+02,    1.945686e-02,   -1.684476e-02,    2.836738e-01,   -4.139525e-01,   -2.968064e-01,    3.866932e-01,   -2.606870e-02,    2.243473e-02,    6.746527e-01,   -9.392067e-02,   -1.095514e-01,   -7.260473e-01,   -1.754163e-01,    1.543466e+00,    3.764900e-01,    3.244236e-01,    3.374600e-02,   -1.883400e-02,    2.808300e-01,   -4.328000e-01,   -3.013600e-01,    4.267600e-01,   -1.850200e-02,    2.895500e-02,    2.118000e-02,    2.118000e-02,    2.595900e-02,    2.595900e-02,    2.595900e-02,    2.595900e-02,    2.009800e-02,    2.009800e-02,
        22,    1.000000e+03,    2.339374e-02,   -2.020992e-02,    3.885716e-01,   -5.390249e-01,   -3.953739e-01,    4.944056e-01,   -3.198614e-02,    2.662251e-02,    5.944267e-01,   -4.554817e-01,    2.680598e-01,   -1.431839e+00,   -1.346381e+00,    1.254314e+00,   -1.348515e-02,   -4.214403e-02,    4.064400e-02,   -3.342800e-02,    3.980100e-01,   -5.894400e-01,   -4.427800e-01,    5.385700e-01,   -3.232900e-02,    2.555100e-02,    2.902000e-02,    2.902000e-02,    3.521000e-02,    3.521000e-02,    3.521000e-02,    3.521000e-02,    2.542500e-02,    2.542500e-02,
        23,    3.981000e+02,    1.989555e-04,   -9.770428e-03,    1.909152e-01,   -2.213154e-01,   -1.732413e-01,    2.147708e-01,    9.126567e-03,   -1.276298e-02,    1.255217e+00,    9.369330e-01,   -5.850346e-01,   -1.335701e-02,    4.697037e-01,   -5.441987e-01,    4.314840e-01,    1.548244e+00,    1.073500e-02,   -1.906000e-03,    1.828300e-01,   -2.215000e-01,   -1.667500e-01,    2.072500e-01,    1.292600e-02,    8.700800e-04,    8.393800e-03,    8.393800e-03,    1.382000e-02,    1.382000e-02,    1.382000e-02,    1.382000e-02,    8.805500e-03,    8.805500e-03,
        23,    6.309500e+02,    7.744962e-04,   -1.565050e-02,    2.456826e-01,   -2.838289e-01,   -2.261889e-01,    2.749246e-01,    1.108650e-02,   -1.752729e-02,    9.934708e-01,    1.494511e+00,    8.834627e-01,    3.048600e-01,   -3.016986e-01,   -6.450576e-01,    2.666694e-01,    1.815221e+00,    1.008600e-02,   -1.642900e-03,    2.618500e-01,   -2.782500e-01,   -2.317100e-01,    2.631200e-01,    1.388600e-02,    1.528900e-03,    9.372700e-03,    9.372700e-03,    1.830000e-02,    1.830000e-02,    1.830000e-02,    1.830000e-02,    1.049800e-02,    1.049800e-02,
        23,    1.000000e+03,    2.239950e-03,   -2.443930e-02,    3.150882e-01,   -3.641166e-01,   -2.916962e-01,    3.523546e-01,    1.313143e-02,   -2.450775e-02,    4.846425e-01,    2.636499e+00,    2.811022e+00,    4.712904e-01,   -1.694567e+00,   -3.991753e-01,    1.040605e-01,    1.879538e+00,    6.514400e-03,   -1.185900e-03,    3.853300e-01,   -3.523400e-01,   -3.340400e-01,    3.423800e-01,    1.443000e-02,   -1.053000e-03,    8.819800e-03,    8.819800e-03,    2.498800e-02,    2.498800e-02,    2.498800e-02,    2.498800e-02,    1.247900e-02,    1.247900e-02,
        24,    3.981000e+02,    1.066902e-02,   -4.675757e-03,    2.034697e-01,   -2.882496e-01,   -2.117209e-01,    2.680403e-01,   -1.158460e-02,    1.260239e-02,    7.719483e-01,   -2.185115e-01,   -1.226479e+00,    4.074010e-01,    1.577322e+00,    1.416170e-01,   -2.483941e-01,   -6.406250e-01,    2.060400e-02,   -7.488000e-03,    1.831200e-01,   -2.814900e-01,   -1.855500e-01,    2.703900e-01,   -1.422900e-02,    5.782300e-03,    1.287000e-02,    1.287000e-02,    1.659200e-02,    1.659200e-02,    1.659200e-02,    1.659200e-02,    1.064600e-02,    1.064600e-02,
        24,    6.309500e+02,    1.224810e-02,   -2.662248e-03,    2.764245e-01,   -3.803210e-01,   -2.787425e-01,    3.508994e-01,   -1.564110e-02,    1.394871e-02,    1.043195e+00,    1.254323e-02,   -1.425850e+00,   -3.159261e-01,    1.675516e+00,    8.790602e-01,   -8.195217e-03,   -7.130245e-01,    3.089000e-02,   -2.438100e-03,    2.443400e-01,   -3.874300e-01,   -2.410400e-01,    3.706800e-01,   -1.574600e-02,    4.822000e-03,    1.787000e-02,    1.787000e-02,    2.250200e-02,    2.250200e-02,    2.250200e-02,    2.250200e-02,    1.280000e-02,    1.280000e-02,
        24,    1.000000e+03,    1.241445e-02,   -6.269173e-04,    3.720611e-01,   -4.943006e-01,   -3.668695e-01,    4.545976e-01,   -1.958547e-02,    1.515799e-02,    9.850951e-01,    1.039695e-02,   -1.129828e+00,   -1.020849e+00,    1.363323e+00,    1.569162e+00,   -2.873305e-02,   -7.503535e-01,    3.392400e-02,   -3.999000e-04,    3.375200e-01,   -5.255100e-01,   -3.251900e-01,    5.025700e-01,   -2.006000e-02,    2.765900e-03,    2.183500e-02,    2.183500e-02,    3.057200e-02,    3.057200e-02,    3.057200e-02,    3.057200e-02,    1.651500e-02,    1.651500e-02,
        25,    3.981000e+02,    2.238678e-01,   -4.606751e-02,    6.730151e-01,   -6.721497e-01,   -7.717407e-01,    5.819264e-01,   -2.636574e-01,    1.623978e-01,   -1.373424e-01,    3.754263e-01,    4.827262e-01,    1.187324e-01,   -5.773103e-01,   -8.091338e-01,   -1.166893e-01,   -3.118679e-02,    2.144800e-01,   -2.040600e-02,    6.963100e-01,   -6.664200e-01,   -7.996000e-01,    5.428800e-01,   -2.733400e-01,    1.598100e-01,    6.835300e-02,    6.835300e-02,    4.825700e-02,    4.825700e-02,    4.825700e-02,    4.825700e-02,    8.297800e-02,    8.297800e-02,
        25,    6.309500e+02,    2.174354e-01,   -7.136398e-02,    8.315009e-01,   -8.285805e-01,   -8.724241e-01,    7.766468e-01,   -2.834225e-01,    2.111543e-01,   -2.345834e-01,    2.689459e-01,    5.815715e-01,    3.333759e-01,   -6.804712e-02,   -7.901875e-01,    1.387303e-01,    2.159617e-01,    2.000300e-01,   -5.140900e-02,    8.653100e-01,   -8.092000e-01,   -8.763800e-01,    7.307100e-01,   -2.701600e-01,    2.318000e-01,    7.419700e-02,    7.419700e-02,    5.813400e-02,    5.813400e-02,    5.813400e-02,    5.813400e-02,    9.559900e-02,    9.559900e-02,
        26,    3.981000e+02,   -1.161395e-02,    4.229903e-03,    2.373185e-01,   -2.556448e-01,   -1.978864e-01,    2.382284e-01,    6.267399e-03,    9.310198e-04,   -1.339676e+00,   -7.016446e-01,   -6.410346e-01,   -2.626816e-01,    2.204005e+00,    1.287285e+00,    2.154231e-01,    5.467055e-01,   -3.344800e-02,   -7.205500e-03,    2.269100e-01,   -2.599100e-01,   -1.621000e-01,    2.591300e-01,    8.023700e-03,    5.388200e-03,    1.629800e-02,    1.629800e-02,    1.623700e-02,    1.623700e-02,    1.623700e-02,    1.623700e-02,    8.152800e-03,    8.152800e-03,
        26,    6.309500e+02,   -1.470931e-02,    4.597270e-03,    2.967616e-01,   -3.394331e-01,   -2.513927e-01,    3.086851e-01,    7.010350e-03,    6.258250e-04,   -1.237752e+00,   -1.044096e+00,   -5.513297e-02,   -9.358957e-01,    8.315460e-01,    1.195507e+00,    9.534883e-01,    5.746630e-01,   -4.174800e-02,   -1.821100e-02,    2.955600e-01,   -3.598300e-01,   -2.332700e-01,    3.347400e-01,    2.073200e-02,    8.895800e-03,    2.184500e-02,    2.184500e-02,    2.179400e-02,    2.179400e-02,    2.179400e-02,    2.179400e-02,    1.439100e-02,    1.439100e-02,
        26,    1.000000e+03,   -1.941493e-02,    3.063199e-03,    3.747893e-01,   -4.476501e-01,   -3.183370e-01,    4.044977e-01,    8.422807e-03,    2.012239e-03,   -9.986892e-01,   -1.073701e+00,    3.389901e-01,   -4.428766e-01,   -1.764818e-01,    7.229005e-01,    8.138744e-01,    5.651171e-01,   -4.603100e-02,   -2.555200e-02,    3.843800e-01,   -4.601800e-01,   -3.233300e-01,    4.249500e-01,    2.271200e-02,    1.193400e-02,    2.665100e-02,    2.665100e-02,    2.829200e-02,    2.829200e-02,    2.829200e-02,    2.829200e-02,    1.755700e-02,    1.755700e-02,
        27,    3.981000e+02,    1.435841e-03,    2.653284e-03,    2.377582e-01,   -2.849666e-01,   -2.126803e-01,    2.790918e-01,    3.231370e-03,   -4.100122e-03,   -5.754367e-01,    1.990785e-01,   -6.069532e-01,   -1.331479e-01,   -7.694232e-01,    5.862472e-01,    9.001529e-03,   -8.628204e-02,   -2.001300e-03,    3.842400e-03,    2.266200e-01,   -2.874100e-01,   -2.268000e-01,    2.898500e-01,    3.293400e-03,   -4.694700e-03,    5.973100e-03,    5.973100e-03,    1.835100e-02,    1.835100e-02,    1.835100e-02,    1.835100e-02,    6.891100e-03,    6.891100e-03,
        27,    6.309500e+02,    7.187981e-04,    3.127998e-03,    3.066247e-01,   -3.625728e-01,   -2.793636e-01,    3.605498e-01,    4.737504e-03,   -4.341457e-03,   -9.513563e-01,    3.850795e-01,    5.090841e-02,    1.913530e-01,   -9.773176e-01,   -1.988909e-01,    8.158596e-03,   -8.486448e-02,   -1.043300e-02,    7.641900e-03,    3.078200e-01,   -3.580800e-01,   -3.023100e-01,    3.558800e-01,    4.807400e-03,   -5.068500e-03,    1.172200e-02,    1.172200e-02,    2.347900e-02,    2.347900e-02,    2.347900e-02,    2.347900e-02,    8.567100e-03,    8.567100e-03,
        27,    1.000000e+03,    1.695380e-04,    3.920802e-03,    3.893008e-01,   -4.644798e-01,   -3.618911e-01,    4.663572e-01,    6.075056e-03,   -4.695561e-03,   -1.024677e+00,    2.551454e-01,    1.100902e+00,    1.082987e+00,   -1.423696e+00,   -7.647425e-01,   -8.358544e-01,   -2.803696e-01,   -1.563200e-02,    7.855400e-03,    4.224500e-01,   -4.318700e-01,   -4.047600e-01,    4.433300e-01,   -2.652100e-03,   -7.622900e-03,    1.542100e-02,    1.542100e-02,    3.011100e-02,    3.011100e-02,    3.011100e-02,    3.011100e-02,    1.044100e-02,    1.044100e-02,
        28,    3.981000e+02,    9.929017e-02,   -1.109084e-01,    1.968956e-01,   -2.522492e-01,   -1.848455e-01,    2.272769e-01,   -5.466689e-02,    5.738425e-02,    7.541930e-01,    1.028999e-01,    1.119183e+00,    5.010368e-02,   -6.494144e-01,   -1.202765e+00,   -7.260592e-01,   -4.867413e-01,    1.266900e-01,   -1.071700e-01,    2.500400e-01,   -2.498700e-01,   -2.046000e-01,    1.906900e-01,   -7.146500e-02,    4.612300e-02,    3.633000e-02,    3.633000e-02,    4.748500e-02,    4.748500e-02,    3.041900e-02,    3.041900e-02,    2.313600e-02,    2.313600e-02,
        28,    6.309500e+02,    1.211845e-01,   -1.451633e-01,    2.438175e-01,   -3.398970e-01,   -2.285042e-01,    3.012414e-01,   -6.657090e-02,    7.563294e-02,    7.081473e-01,    3.682472e-01,    1.124592e+00,    4.597911e-01,   -6.536669e-01,   -1.737940e+00,   -7.095462e-01,   -8.656518e-01,    1.526900e-01,   -1.287800e-01,    3.100200e-01,   -3.128300e-01,   -2.530500e-01,    2.359800e-01,   -8.642400e-02,    5.141200e-02,    4.449000e-02,    4.449000e-02,    5.886800e-02,    5.886800e-02,    3.755100e-02,    3.755100e-02,    2.798000e-02,    2.798000e-02,
        28,    1.000000e+03,    1.472969e-01,   -1.932730e-01,    3.018564e-01,   -4.636474e-01,   -2.819570e-01,    4.061705e-01,   -8.096136e-02,    1.004206e-01,    7.926082e-01,    6.360209e-01,    1.242319e+00,    8.306094e-01,   -7.311359e-01,   -2.379594e+00,   -5.478830e-01,   -1.328032e+00,    1.917400e-01,   -1.576100e-01,    3.942700e-01,   -4.018600e-01,   -3.165200e-01,    2.936800e-01,   -9.919600e-02,    5.622100e-02,    5.607200e-02,    5.607200e-02,    7.438800e-02,    7.438800e-02,    4.727300e-02,    4.727300e-02,    3.328200e-02,    3.328200e-02,
        29,    3.981000e+02,    5.334044e-01,   -2.678205e-01,    5.873795e-01,   -5.700201e-01,   -1.119329e+00,    8.785024e-01,   -3.595618e-01,   -3.782241e-02,    5.591669e-02,    2.774764e-01,   -2.760211e-01,    1.146194e-01,    5.007098e-01,   -4.821995e-01,   -1.313265e-02,   -3.433609e-01,    5.391800e-01,   -2.391600e-01,    5.728100e-01,   -5.639700e-01,   -1.092900e+00,    8.530500e-01,   -3.609700e-01,   -7.464100e-02,    1.032900e-01,    1.032900e-01,    5.278400e-02,    5.278400e-02,    5.278400e-02,    5.278400e-02,    1.072300e-01,    1.072300e-01,
        29,    6.309500e+02,    6.042487e-01,   -3.242728e-01,    6.956475e-01,   -7.668404e-01,   -1.325349e+00,    1.137065e+00,   -3.494677e-01,   -8.495923e-02,    2.710245e-01,    4.088496e-01,   -6.045231e-01,   -6.487794e-02,    7.625588e-01,   -3.109128e-01,   -1.018866e-01,   -4.360304e-01,    6.383300e-01,   -2.728600e-01,    6.560500e-01,   -7.710900e-01,   -1.275400e+00,    1.116700e+00,   -3.618500e-01,   -1.379500e-01,    1.257500e-01,    1.257500e-01,    6.550200e-02,    6.550200e-02,    6.550200e-02,    6.550200e-02,    1.215300e-01,    1.215300e-01,
        29,    1.000000e+03,    6.859979e-01,   -3.941754e-01,    8.496416e-01,   -1.051496e+00,   -1.595702e+00,    1.480563e+00,   -3.249625e-01,   -1.368811e-01,    4.767553e-01,    7.341917e-01,   -7.117725e-01,   -1.535136e-01,    7.590058e-01,    3.494348e-02,   -1.323591e-01,   -8.368210e-01,    7.601000e-01,   -2.800600e-01,    7.898100e-01,   -1.064400e+00,   -1.531900e+00,    1.483500e+00,   -3.439600e-01,   -2.569900e-01,    1.554300e-01,    1.554300e-01,    8.406000e-02,    8.406000e-02,    8.406000e-02,    8.406000e-02,    1.435300e-01,    1.435300e-01,
        30,    3.981000e+02,    8.774383e-01,   -2.207530e-01,    1.119367e+00,   -7.512455e-01,   -1.958228e+00,    1.071522e+00,   -1.052842e+00,    2.257829e-01,    5.352960e-01,   -1.461514e-01,   -8.224439e-02,   -3.695620e-01,   -7.500277e-01,    1.117953e-01,   -5.859861e-01,    9.993290e-02,    9.711900e-01,   -2.463500e-01,    1.112100e+00,   -7.839000e-01,   -2.024500e+00,    1.081400e+00,   -1.200300e+00,    2.509300e-01,    1.751400e-01,    1.751400e-01,    8.836000e-02,    8.836000e-02,    8.836000e-02,    8.836000e-02,    2.516400e-01,    2.516400e-01,
        30,    6.309500e+02,    9.055056e-01,   -2.744842e-01,    1.268083e+00,   -9.794053e-01,   -2.175305e+00,    1.361810e+00,   -1.058648e+00,    3.096743e-01,    7.843152e-01,    1.107284e-01,   -5.285199e-01,   -5.833552e-01,   -5.178795e-01,    1.797150e-01,   -7.668268e-01,   -2.734840e-01,    1.060800e+00,   -2.525600e-01,    1.214000e+00,   -1.039100e+00,   -2.228300e+00,    1.380200e+00,   -1.270300e+00,    2.341900e-01,    1.980000e-01,    1.980000e-01,    1.023300e-01,    1.023300e-01,    1.023300e-01,    1.023300e-01,    2.760100e-01,    2.760100e-01,
        30,    1.000000e+03,    9.258092e-01,   -3.766230e-01,    1.476276e+00,   -1.309786e+00,   -2.430223e+00,    1.798322e+00,   -1.090438e+00,    4.619856e-01,    8.966614e-01,    7.086184e-01,   -1.345230e+00,   -9.810698e-01,   -3.495066e-01,    2.115836e-02,   -8.377803e-01,   -8.167046e-01,    1.126500e+00,   -2.180200e-01,    1.312400e+00,   -1.429300e+00,   -2.472800e+00,    1.800900e+00,   -1.347100e+00,    2.117800e-01,    2.238200e-01,    2.238200e-01,    1.218200e-01,    1.218200e-01,    1.218200e-01,    1.218200e-01,    3.063600e-01,    3.063600e-01,
        31,    3.981000e+02,   -3.960677e-02,    5.667839e-02,    6.591283e-01,   -5.971441e-01,   -4.290641e-01,    3.667158e-01,    3.318018e-02,   -2.093521e-02,   -1.022897e+00,    8.348846e-01,    1.752373e+00,    6.088271e-01,   -2.709175e-01,   -4.588108e-02,    9.415837e-02,   -1.482401e-01,   -9.452200e-02,    1.015000e-01,    7.227500e-01,   -5.750400e-01,   -4.389000e-01,    3.650500e-01,    3.539300e-02,   -2.441900e-02,    5.368600e-02,    5.368600e-02,    3.630600e-02,    3.630600e-02,    3.630600e-02,    3.630600e-02,    2.350100e-02,    2.350100e-02,
        31,    6.309500e+02,   -5.283963e-02,    7.510652e-02,    7.756599e-01,   -7.371326e-01,   -4.968353e-01,    4.929901e-01,    3.527787e-02,   -3.213609e-02,   -1.223998e+00,    3.607870e-01,    6.777971e-01,    1.311626e+00,    4.579785e-02,   -4.717977e-01,    2.191770e-01,    1.115603e-01,   -1.285500e-01,    9.742300e-02,    8.044500e-01,   -6.814200e-01,   -4.948900e-01,    4.729500e-01,    4.139400e-02,   -2.902300e-02,    6.185500e-02,    6.185500e-02,    4.247600e-02,    4.247600e-02,    4.247600e-02,    4.247600e-02,    2.790500e-02,    2.790500e-02,
        31,    1.000000e+03,   -7.644919e-02,    9.725998e-02,    9.063067e-01,   -9.569416e-01,   -5.977911e-01,    6.746485e-01,    4.665779e-02,   -4.714723e-02,   -1.581136e-01,   -1.640185e-01,    1.584676e-01,    2.538719e+00,    1.129416e+00,    3.746990e-01,   -1.998208e-02,    5.274228e-01,   -8.566500e-02,    8.770000e-02,    9.145500e-01,   -8.248800e-01,   -5.390400e-01,    6.941400e-01,    4.600000e-02,   -2.978500e-02,    5.828600e-02,    5.828600e-02,    5.201900e-02,    5.201900e-02,    5.201900e-02,    5.201900e-02,    3.291900e-02,    3.291900e-02,
        32,    3.981000e+02,   -1.140394e-03,   -4.555224e-03,    1.543636e-01,   -1.765035e-01,   -1.979546e-01,    1.983821e-01,    1.331940e-02,   -5.037949e-03,   -3.351148e-01,   -1.293992e-01,    8.346822e-01,    6.364741e-01,   -5.520309e-02,   -4.102157e-01,    3.758283e-01,   -1.983521e-01,   -3.047700e-03,   -5.291700e-03,    1.650300e-01,   -1.683700e-01,   -1.986600e-01,    1.931400e-01,    1.739000e-02,   -7.186300e-03,    5.691500e-03,    5.691500e-03,    1.277900e-02,    1.277900e-02,    1.277900e-02,    1.277900e-02,    1.083100e-02,    1.083100e-02,
        32,    6.309500e+02,    1.009635e-03,   -4.538579e-03,    1.923310e-01,   -2.304634e-01,   -2.441959e-01,    2.509111e-01,    1.450415e-02,   -6.485445e-03,   -5.047764e-01,   -5.393373e-01,    7.982934e-01,    1.285926e+00,    5.473762e-02,   -7.529144e-01,    3.639815e-01,   -4.277345e-02,   -2.930700e-03,   -8.748700e-03,    2.049600e-01,   -2.101200e-01,   -2.433300e-01,    2.390000e-01,    1.904700e-02,   -7.019300e-03,    7.806100e-03,    7.806100e-03,    1.582000e-02,    1.582000e-02,    1.582000e-02,    1.582000e-02,    1.248100e-02,    1.248100e-02,
        32,    1.000000e+03,    3.370320e-03,   -4.070845e-03,    2.397642e-01,   -3.044954e-01,   -3.004364e-01,    3.219735e-01,    1.699634e-02,   -8.214423e-03,   -4.138828e-01,   -6.612046e-01,    8.630794e-01,    2.116729e+00,   -3.698005e-01,   -1.481190e+00,    1.477920e-01,   -2.125370e-01,   -4.167900e-04,   -1.012100e-02,    2.568100e-01,   -2.626900e-01,   -3.077400e-01,    2.927200e-01,    1.915100e-02,   -1.131300e-02,    9.150200e-03,    9.150200e-03,    1.975000e-02,    1.975000e-02,    1.975000e-02,    1.975000e-02,    1.457900e-02,    1.457900e-02,
        33,    3.981000e+02,   -2.078708e-03,   -8.522530e-03,    5.762943e-01,   -6.255284e-01,   -6.180340e-01,    4.947557e-01,    2.502926e-02,   -6.806994e-03,    1.981628e+00,    9.253097e-01,   -2.241303e+00,   -2.169139e+00,   -8.089565e-01,    7.812511e-01,    1.707128e+00,   -1.334577e-01,    7.744800e-02,    2.861200e-02,    4.696800e-01,   -7.287100e-01,   -6.525400e-01,    5.280800e-01,    9.923300e-02,   -1.260800e-02,    4.013200e-02,    4.013200e-02,    4.756800e-02,    4.756800e-02,    4.265500e-02,    4.265500e-02,    4.346700e-02,    4.346700e-02,
        33,    6.309500e+02,    1.314414e-03,   -1.388126e-02,    7.124659e-01,   -7.924345e-01,   -7.166034e-01,    6.301677e-01,    2.567302e-02,    1.110828e-04,    9.902971e-01,    9.605968e-01,   -2.793795e+00,   -7.937064e-01,   -3.446705e-01,    7.292915e-01,    9.602005e-01,   -1.534988e-01,    2.656600e-02,    1.061300e-02,    5.726700e-01,   -8.321500e-01,   -7.338500e-01,    6.666600e-01,    6.123500e-02,   -5.573900e-03,    2.549900e-02,    2.549900e-02,    5.003800e-02,    5.003800e-02,    5.003800e-02,    5.003800e-02,    3.703600e-02,    3.703600e-02,
        33,    1.000000e+03,    6.330066e-03,   -1.837050e-02,    8.840922e-01,   -1.030841e+00,   -8.430995e-01,    8.319912e-01,    2.466037e-02,    5.618162e-03,   -9.465677e-01,   -3.989488e-01,   -3.257186e+00,    1.701536e+00,    4.786230e-01,    3.803899e-01,   -1.952550e+00,   -2.129594e-01,   -2.401500e-02,   -3.116000e-02,    6.934100e-01,   -9.312300e-01,   -8.150800e-01,    8.542600e-01,   -1.762600e-02,    1.006100e-03,    3.205800e-02,    3.205800e-02,    5.854200e-02,    5.854200e-02,    5.854200e-02,    5.854200e-02,    2.165700e-02,    2.165700e-02,
        34,    3.981000e+02,    2.774031e-04,   -1.652260e-03,    1.308877e-01,   -1.690687e-01,   -1.571647e-01,    2.037231e-01,    4.791234e-04,    3.769469e-03,   -2.262350e-01,   -1.361942e+00,   -1.452305e+00,   -1.735308e+00,    1.258062e+00,    1.466329e+00,   -6.172288e-01,    1.910945e-01,   -1.505600e-03,   -1.238600e-02,    1.133700e-01,   -1.900000e-01,   -1.419900e-01,    2.214100e-01,   -3.140800e-03,    4.890200e-03,    7.881200e-03,    7.881200e-03,    1.206200e-02,    1.206200e-02,    1.206200e-02,    1.206200e-02,    5.864800e-03,    5.864800e-03,
        34,    6.309500e+02,    1.862257e-04,   -1.625736e-03,    1.664434e-01,   -2.318699e-01,   -2.009606e-01,    2.727542e-01,   -1.303533e-03,    3.353114e-03,    2.418802e-01,   -1.016566e+00,   -1.284585e+00,   -2.963056e+00,    4.651498e-01,    1.987710e+00,   -1.282096e+00,   -3.312982e-02,    2.308700e-03,   -1.054600e-02,    1.446800e-01,   -2.820700e-01,   -1.930800e-01,    3.064300e-01,   -1.612200e-02,    2.970200e-03,    8.774900e-03,    8.774900e-03,    1.694200e-02,    1.694200e-02,    1.694200e-02,    1.694200e-02,    1.155800e-02,    1.155800e-02,
        34,    1.000000e+03,    1.109728e-03,   -1.651465e-03,    2.116285e-01,   -3.151481e-01,   -2.545698e-01,    3.656558e-01,   -3.326188e-03,    2.749956e-03,   -4.490127e-01,   -5.881283e-01,   -4.491550e-01,   -3.919062e+00,   -4.203046e-02,    2.578234e+00,   -7.521165e-01,   -6.178198e-03,   -2.765700e-03,   -6.727600e-03,    2.009400e-01,   -4.084100e-01,   -2.555700e-01,    4.270100e-01,   -1.223200e-02,    2.676800e-03,    8.631000e-03,    8.631000e-03,    2.379700e-02,    2.379700e-02,    2.379700e-02,    2.379700e-02,    1.184100e-02,    1.184100e-02,
        35,    3.981000e+02,    1.244979e-02,   -2.395665e-02,    1.977078e-01,   -3.078233e-01,   -1.816117e-01,    2.717090e-01,    6.655262e-03,   -7.609053e-03,    8.160530e-01,    4.437041e-01,    1.284433e+00,   -5.962240e-01,   -3.708227e-01,    1.101360e+00,   -2.039831e-01,   -5.499474e-01,    2.582000e-02,   -1.668700e-02,    2.212900e-01,   -3.187700e-01,   -1.884200e-01,    2.919300e-01,    4.511400e-03,   -1.338900e-02,    1.638400e-02,    1.638400e-02,    1.836000e-02,    1.836000e-02,    1.836000e-02,    1.836000e-02,    1.051000e-02,    1.051000e-02,
        35,    6.309500e+02,    1.494629e-02,   -3.307781e-02,    2.475327e-01,   -4.243535e-01,   -2.265330e-01,    3.739878e-01,    8.301811e-03,   -1.086887e-02,    8.092894e-01,   -1.665474e-02,    2.202196e+00,    9.707619e-02,   -1.422657e+00,    6.052176e-01,   -5.807261e-01,   -5.337507e-01,    3.405200e-02,   -3.347100e-02,    3.018300e-01,   -4.219600e-01,   -2.616100e-01,    3.889100e-01,    2.384300e-04,   -1.828000e-02,    2.360800e-02,    2.360800e-02,    2.465600e-02,    2.465600e-02,    2.465600e-02,    2.465600e-02,    1.388500e-02,    1.388500e-02,
        36,    3.981000e+02,   -7.782324e-03,   -2.743450e-02,    5.282807e-01,   -6.987706e-01,   -8.545261e-01,    7.922929e-01,    1.420350e-01,   -7.387740e-02,   -1.026463e+00,   -4.086456e-02,    1.953061e-01,    1.410685e+00,    1.476461e+00,    9.988595e-02,    2.596734e-01,    9.799791e-01,   -3.849000e-02,   -2.865700e-02,    5.376800e-01,   -6.308800e-01,   -7.834700e-01,    7.971000e-01,    1.584500e-01,   -1.192900e-02,    2.991600e-02,    2.991600e-02,    4.812600e-02,    4.812600e-02,    4.812600e-02,    4.812600e-02,    6.321400e-02,    6.321400e-02,
        36,    6.309500e+02,    2.286905e-03,   -4.454907e-02,    6.835543e-01,   -9.214503e-01,   -1.014815e+00,    1.052905e+00,    1.495358e-01,   -7.469430e-02,   -2.203533e+00,   -4.865855e-01,   -2.643067e-01,    7.719359e-01,    1.699652e+00,    6.247602e-01,    5.441772e-01,    8.235970e-01,   -1.327500e-01,   -7.436800e-02,    6.663900e-01,   -8.713200e-01,   -9.087300e-01,    1.091900e+00,    1.922200e-01,   -1.009300e-02,    6.128200e-02,    6.128200e-02,    6.494100e-02,    6.494100e-02,    6.241600e-02,    6.241600e-02,    7.843800e-02,    7.843800e-02,
        36,    1.000000e+03,    2.047931e-02,   -6.081502e-02,    8.983338e-01,   -1.222489e+00,   -1.244556e+00,    1.422013e+00,    1.483101e-01,   -9.469912e-02,   -2.344128e+00,    1.731551e+00,   -1.211392e+00,   -1.972038e+00,    2.287416e+00,    2.456526e+00,    1.025804e+00,   -2.795235e-01,   -1.768400e-01,    8.494000e-02,    7.913800e-01,   -1.396600e+00,   -1.042600e+00,    1.638900e+00,    2.643900e-01,   -1.263300e-01,    8.417600e-02,    8.417600e-02,    8.829000e-02,    8.829000e-02,    8.829000e-02,    8.829000e-02,    1.131600e-01,    1.131600e-01,
        38,    3.981000e+02,    1.026637e-03,   -3.181553e-03,    1.685188e-01,   -2.341702e-01,   -1.892783e-01,    2.872469e-01,    6.214575e-03,    7.282221e-04,    6.287386e-01,   -9.780634e-01,   -2.634147e+00,   -4.600371e+00,    1.298594e+00,    1.717191e+00,    1.650870e-01,   -5.615341e-01,    7.978600e-03,   -1.399600e-02,    1.227400e-01,   -3.141200e-01,   -1.667100e-01,    3.170900e-01,    7.584500e-03,   -3.931500e-03,    1.105700e-02,    1.105700e-02,    1.737900e-02,    1.737900e-02,    1.737900e-02,    1.737900e-02,    8.298200e-03,    8.298200e-03,
        38,    6.309500e+02,    2.287126e-04,   -5.613891e-03,    2.120978e-01,   -3.188866e-01,   -2.452844e-01,    3.853347e-01,    8.265408e-03,    3.840377e-03,   -1.617948e+00,    2.306075e-01,   -8.547254e-01,   -3.825135e+00,    7.302985e-01,    2.429023e+00,   -1.735630e+00,   -4.778607e-01,   -2.624900e-02,   -1.840000e-03,    1.918100e-01,   -4.096800e-01,   -2.279500e-01,    4.429900e-01,   -6.166700e-03,   -1.331300e-04,    1.636500e-02,    1.636500e-02,    2.373600e-02,    2.373600e-02,    2.373600e-02,    2.373600e-02,    8.315200e-03,    8.315200e-03,
        38,    1.000000e+03,   -1.101611e-03,   -1.004695e-02,    2.678458e-01,   -4.383342e-01,   -3.163967e-01,    5.226667e-01,    1.010003e-02,    1.032423e-02,   -1.445082e+00,    4.378010e-01,    7.484956e-01,   -4.238853e+00,   -1.760264e-01,    2.735489e+00,   -1.417825e+00,   -2.936482e-01,   -3.273300e-02,   -4.639200e-04,    2.929900e-01,   -5.807300e-01,   -3.223100e-01,    6.145600e-01,   -7.839700e-03,    6.608700e-03,    2.188900e-02,    2.188900e-02,    3.359300e-02,    3.359300e-02,    3.359300e-02,    3.359300e-02,    1.265300e-02,    1.265300e-02,
        39,    3.981000e+02,    5.478151e-03,   -7.376496e-03,    1.892100e-01,   -2.230249e-01,   -1.814851e-01,    2.183883e-01,   -1.374755e-02,    3.637061e-03,    1.400388e+00,   -3.683483e-01,    2.084678e+00,    1.130507e-01,   -1.062462e+00,   -8.989726e-01,   -4.328419e-01,   -2.378343e-01,    2.516200e-02,   -1.255400e-02,    2.202800e-01,   -2.213400e-01,   -1.973200e-01,    2.049900e-01,   -1.845600e-02,    1.049900e-03,    1.405600e-02,    1.405600e-02,    1.490400e-02,    1.490400e-02,    1.490400e-02,    1.490400e-02,    1.087800e-02,    1.087800e-02,
        39,    6.309500e+02,    4.548805e-03,   -1.372245e-02,    2.397198e-01,   -2.977292e-01,   -2.284422e-01,    2.903953e-01,   -1.515076e-02,    2.917398e-03,    1.443584e+00,    6.555295e-01,    1.691794e+00,    9.643322e-01,   -1.305596e+00,   -1.679820e+00,   -2.281249e-01,   -9.033681e-01,    2.676700e-02,   -3.633200e-03,    2.714900e-01,   -2.796200e-01,   -2.529600e-01,    2.588500e-01,   -1.806300e-02,   -8.615000e-03,    1.539100e-02,    1.539100e-02,    1.877900e-02,    1.877900e-02,    1.877900e-02,    1.877900e-02,    1.276600e-02,    1.276600e-02,
        39,    1.000000e+03,    7.234476e-03,   -2.292072e-02,    3.026600e-01,   -3.955505e-01,   -2.879718e-01,    3.884830e-01,   -1.822314e-02,    1.544389e-03,    1.262912e+00,    1.460456e+00,    1.807963e+00,    1.673026e+00,   -7.808547e-01,   -1.800149e+00,    3.246512e-01,   -1.265258e+00,    3.073600e-02,    4.256900e-03,    3.459300e-01,   -3.555100e-01,   -3.066600e-01,    3.454000e-01,   -1.330500e-02,   -1.762300e-02,    1.860900e-02,    1.860900e-02,    2.393300e-02,    2.393300e-02,    2.393300e-02,    2.393300e-02,    1.514900e-02,    1.514900e-02,
        41,    3.981000e+02,    5.115864e-02,   -4.764629e-02,    2.064586e-01,   -3.227992e-01,   -2.297622e-01,    3.246431e-01,   -3.346584e-02,    3.163496e-02,    4.238276e-01,    2.534013e-01,   -1.199807e+00,    1.674253e+00,    1.894950e+00,   -1.243037e+00,   -3.308371e-01,   -6.718679e-01,    6.135000e-02,   -4.155300e-02,    1.852400e-01,   -2.931900e-01,   -1.962500e-01,    3.026600e-01,   -3.971800e-02,    1.893800e-02,    2.404600e-02,    2.404600e-02,    1.768500e-02,    1.768500e-02,    1.768500e-02,    1.768500e-02,    1.889800e-02,    1.889800e-02,
        41,    6.309500e+02,    6.401802e-02,   -5.999892e-02,    2.862881e-01,   -4.309576e-01,   -3.103363e-01,    4.256636e-01,   -4.166611e-02,    4.074451e-02,    5.412602e-01,    4.516054e-01,   -1.237563e+00,    1.476634e+00,    1.486095e+00,   -5.060449e-01,   -1.474783e-01,   -7.503895e-01,    8.101900e-02,   -4.581400e-02,    2.563700e-01,   -3.952600e-01,   -2.744100e-01,    4.134300e-01,   -4.517300e-02,    2.290100e-02,    3.141000e-02,    3.141000e-02,    2.417500e-02,    2.417500e-02,    2.417500e-02,    2.417500e-02,    2.377900e-02,    2.377900e-02,
        42,    3.981000e+02,    2.760082e-02,   -3.657669e-02,    2.030062e-01,   -2.124091e-01,   -2.038552e-01,    2.401851e-01,   -2.431544e-02,    2.700561e-02,    5.138305e-01,   -4.585446e-02,    2.848125e-01,    4.035087e-01,   -1.719364e+00,   -5.313120e-01,   -5.021586e-01,   -4.625463e-02,    3.717400e-02,   -3.743100e-02,    2.074100e-01,   -2.061700e-01,   -2.304400e-01,    2.319700e-01,   -3.317000e-02,    2.619000e-02,    1.863100e-02,    1.863100e-02,    1.546200e-02,    1.546200e-02,    1.546200e-02,    1.546200e-02,    1.763300e-02,    1.763300e-02,
        42,    6.309500e+02,    3.567638e-02,   -4.467990e-02,    2.464047e-01,   -2.750197e-01,   -2.533998e-01,    3.175469e-01,   -3.060797e-02,    3.224935e-02,    5.170820e-01,    2.609655e-01,    1.165696e-01,    1.098467e+00,   -2.223688e+00,   -1.757827e+00,   -2.831089e-01,   -3.398451e-01,    4.710700e-02,   -3.891100e-02,    2.486300e-01,   -2.540500e-01,   -2.958500e-01,    2.839900e-01,   -3.633300e-02,    2.537700e-02,    2.210600e-02,    2.210600e-02,    1.909000e-02,    1.909000e-02,    1.909000e-02,    1.909000e-02,    2.022200e-02,    2.022200e-02,
        42,    1.000000e+03,    4.522164e-02,   -5.618190e-02,    3.001321e-01,   -3.647223e-01,   -3.141720e-01,    4.251732e-01,   -3.844890e-02,    3.918758e-02,    5.480314e-01,    6.560631e-01,    1.270239e-01,    1.796288e+00,   -2.220813e+00,   -3.608672e+00,    1.028604e-01,   -7.027643e-01,    5.981900e-02,   -3.870700e-02,    3.031200e-01,   -3.224700e-01,   -3.664100e-01,    3.402900e-01,   -3.618000e-02,    2.368600e-02,    2.663600e-02,    2.663600e-02,    2.352200e-02,    2.352200e-02,    2.352200e-02,    2.352200e-02,    2.205800e-02,    2.205800e-02,
        43,    3.981000e+02,   -1.783582e-02,    2.071160e-02,    2.427150e-01,   -3.042733e-01,   -2.963053e-01,    3.522503e-01,    4.465958e-02,   -5.138295e-02,    6.071346e-01,    8.919405e-02,   -1.325784e+00,    5.790242e-02,    1.130675e+00,   -7.834909e-01,   -1.846302e-01,   -3.755447e-01,   -9.256400e-03,    2.197200e-02,    2.160800e-01,   -3.031100e-01,   -2.735900e-01,    3.365100e-01,    3.972700e-02,   -6.141600e-02,    1.413100e-02,    1.413100e-02,    2.009000e-02,    2.009000e-02,    2.009000e-02,    2.009000e-02,    2.671600e-02,    2.671600e-02,
        43,    6.309500e+02,   -2.060225e-02,    2.454330e-02,    3.190653e-01,   -4.018871e-01,   -3.859801e-01,    4.503440e-01,    5.539064e-02,   -6.755674e-02,    3.253232e-01,   -3.286039e-01,   -4.214356e-01,   -3.961334e-01,    1.077947e+00,   -4.469736e-01,    3.653032e-01,   -4.042480e-01,   -1.514300e-02,    1.902900e-02,    3.077000e-01,   -4.125700e-01,   -3.569100e-01,    4.382900e-01,    6.889700e-02,   -8.250300e-02,    1.678100e-02,    1.678100e-02,    2.696800e-02,    2.696800e-02,    2.696800e-02,    2.696800e-02,    3.697300e-02,    3.697300e-02,
        44,    3.981000e+02,    1.170230e-03,    3.041613e-03,    2.924849e-01,   -3.014970e-01,   -2.880708e-01,    2.910350e-01,   -2.244479e-03,   -1.163726e-03,    5.913991e-01,    4.050320e-01,    1.044063e+00,    5.072400e-01,    7.896780e-01,    2.541823e-02,    4.032895e-01,    3.502541e-01,    6.927500e-03,    6.984600e-03,    3.140500e-01,   -2.910200e-01,   -2.717600e-01,    2.915600e-01,   -1.021100e-03,   -1.012300e-04,    9.735000e-03,    9.735000e-03,    2.065500e-02,    2.065500e-02,    2.065500e-02,    2.065500e-02,    3.033500e-03,    3.033500e-03,
        44,    6.309500e+02,    3.620329e-04,    3.738947e-03,    3.629353e-01,   -3.837433e-01,   -3.566689e-01,    3.657677e-01,   -1.313884e-03,   -1.927201e-04,    6.517373e-01,    7.717308e-01,    1.368942e+00,    1.618462e+00,    8.554291e-01,   -5.759722e-02,    6.721097e-01,    2.487642e-01,    9.840900e-03,    1.496300e-02,    3.978200e-01,   -3.425000e-01,   -3.348700e-01,    3.643000e-01,    2.223900e-03,    1.116700e-03,    1.454400e-02,    1.454400e-02,    2.548300e-02,    2.548300e-02,    2.548300e-02,    2.548300e-02,    5.263700e-03,    5.263700e-03,
        45,    3.981000e+02,   -9.604270e-03,    2.478733e-03,    2.641718e-01,   -2.821876e-01,   -2.609444e-01,    2.743053e-01,    2.173836e-02,   -8.661575e-03,    6.155772e-02,    1.967809e-01,    4.472475e-02,    1.897056e-01,    5.908237e-01,    2.238303e-01,    2.743897e-01,   -6.256084e-01,   -9.031500e-03,    4.309700e-03,    2.650200e-01,   -2.785900e-01,   -2.497400e-01,    2.785500e-01,    2.627100e-02,   -1.899600e-02,    9.304600e-03,    9.304600e-03,    1.896400e-02,    1.896400e-02,    1.896400e-02,    1.896400e-02,    1.651900e-02,    1.651900e-02,
        45,    6.309500e+02,   -7.636752e-03,    5.516029e-03,    3.283492e-01,   -3.578211e-01,   -3.241371e-01,    3.532914e-01,    2.340265e-02,   -1.132159e-02,   -1.323980e-01,   -4.163117e-01,    1.255786e-01,    6.609474e-01,    1.858894e-01,   -4.676018e-03,    3.197090e-01,   -5.475334e-01,   -8.940700e-03,    1.415900e-03,    3.313400e-01,   -3.420800e-01,   -3.197100e-01,    3.531800e-01,    2.978500e-02,   -2.225200e-02,    9.848700e-03,    9.848700e-03,    2.381600e-02,    2.381600e-02,    2.381600e-02,    2.381600e-02,    1.996300e-02,    1.996300e-02,
        45,    1.000000e+03,   -5.797429e-03,    1.095242e-02,    4.063678e-01,   -4.613045e-01,   -4.046149e-01,    4.586275e-01,    2.669572e-02,   -1.489494e-02,   -5.407751e-01,   -5.951805e-01,    2.709039e-01,    1.150095e+00,    3.603813e-01,   -2.081467e-01,    4.498848e-01,    4.011656e-02,   -1.303300e-02,    2.988900e-03,    4.144600e-01,   -4.269500e-01,   -3.938500e-01,    4.524100e-01,    3.710200e-02,   -1.396700e-02,    1.338000e-02,    1.338000e-02,    2.987100e-02,    2.987100e-02,    2.987100e-02,    2.987100e-02,    2.313100e-02,    2.313100e-02,
        46,    3.981000e+02,   -5.645841e-02,    3.149010e-02,    2.427448e-01,   -2.165289e-01,   -2.343101e-01,    2.229442e-01,    2.747544e-02,   -1.271949e-02,    6.455200e-01,   -4.153557e-01,   -1.252536e+00,    1.246226e+00,    1.782341e-01,   -1.124908e+00,    5.349115e-01,    2.190881e-01,   -4.456600e-02,    2.383800e-02,    2.237000e-01,   -1.975800e-01,   -2.316000e-01,    2.058400e-01,    3.609500e-02,   -9.189100e-03,    1.842300e-02,    1.842300e-02,    1.520500e-02,    1.520500e-02,    1.520500e-02,    1.520500e-02,    1.611400e-02,    1.611400e-02,
        46,    6.309500e+02,   -6.739021e-02,    3.399235e-02,    2.977479e-01,   -2.671785e-01,   -2.945899e-01,    2.712416e-01,    3.214205e-02,   -1.318722e-02,    8.703739e-01,   -8.869246e-02,   -5.035941e-01,    1.093883e+00,    1.736311e-01,   -7.598105e-01,    6.709342e-01,    2.592348e-02,   -4.807400e-02,    3.202400e-02,    2.880900e-01,   -2.462000e-01,   -2.912600e-01,    2.566700e-01,    4.581300e-02,   -1.265900e-02,    2.219300e-02,    2.219300e-02,    1.917800e-02,    1.917800e-02,    1.917800e-02,    1.917800e-02,    2.037600e-02,    2.037600e-02,
        46,    1.000000e+03,   -7.968943e-02,    3.641074e-02,    3.646123e-01,   -3.342655e-01,   -3.657161e-01,    3.329033e-01,    3.693488e-02,   -1.334748e-02,    7.997518e-01,    2.312880e-01,    4.499223e-01,    7.981243e-01,   -1.934284e-01,   -3.069268e-01,    8.741038e-01,   -3.088034e-01,   -5.723000e-02,    4.290600e-02,    3.756700e-01,   -3.146500e-01,   -3.704700e-01,    3.253600e-01,    6.022100e-02,   -2.157400e-02,    2.808300e-02,    2.808300e-02,    2.457700e-02,    2.457700e-02,    2.457700e-02,    2.457700e-02,    2.664000e-02,    2.664000e-02,
        47,    3.981000e+02,   -5.571946e-02,    5.967066e-02,    3.832467e-01,   -2.700425e-01,   -2.551192e-01,    2.070917e-01,    5.849799e-02,   -6.700933e-02,   -3.538343e-01,   -5.421731e-01,   -4.445634e-01,    5.392961e-01,    6.517823e-01,   -1.255456e+00,    2.628464e-01,    2.018832e-01,   -6.581400e-02,    4.420300e-02,    3.749600e-01,   -2.599900e-01,   -2.429700e-01,    1.836900e-01,    6.502000e-02,   -6.200000e-02,    2.852900e-02,    2.852900e-02,    1.864000e-02,    1.864000e-02,    1.864000e-02,    1.864000e-02,    2.481300e-02,    2.481300e-02,
        47,    6.309500e+02,   -7.158957e-02,    6.774067e-02,    4.441489e-01,   -3.177572e-01,   -2.995842e-01,    2.712702e-01,    7.851709e-02,   -6.926428e-02,   -3.541218e-01,   -5.071163e-01,    1.048283e+00,    8.634340e-01,   -9.000573e-01,   -1.010719e+00,    5.972645e-01,   -1.166343e-01,   -8.396400e-02,    5.002000e-02,    4.690100e-01,   -2.972800e-01,   -3.209300e-01,    2.473000e-01,    9.849200e-02,   -7.316500e-02,    3.494400e-02,    3.494400e-02,    2.371600e-02,    2.371600e-02,    2.371600e-02,    2.371600e-02,    3.344400e-02,    3.344400e-02,
        47,    1.000000e+03,   -8.906034e-02,    7.855619e-02,    5.083377e-01,   -3.913815e-01,   -3.580448e-01,    3.599542e-01,    9.559359e-02,   -7.180568e-02,   -3.871409e-01,   -5.154953e-01,    1.653566e+00,    1.787633e+00,   -1.389259e+00,   -9.350211e-01,    8.141097e-01,    1.859168e-01,   -1.052800e-01,    5.695900e-02,    5.564300e-01,   -3.393900e-01,   -3.984500e-01,    3.327600e-01,    1.289900e-01,   -6.417900e-02,    4.189600e-02,    4.189600e-02,    2.908400e-02,    2.908400e-02,    2.908400e-02,    2.908400e-02,    4.102200e-02,    4.102200e-02,
        48,    3.981000e+02,    6.060638e-03,    5.936550e-03,    2.478911e-01,   -2.964738e-01,   -2.607768e-01,    2.804341e-01,   -2.586985e-02,    1.394460e-02,    4.439617e-01,    3.045418e-01,    7.451239e-02,    5.560486e-02,   -1.627652e-01,    5.726794e-02,   -1.088410e-01,    2.115236e-01,    1.104100e-02,    9.352900e-03,    2.493300e-01,   -2.954000e-01,   -2.639200e-01,    2.815400e-01,   -2.770600e-02,    1.751300e-02,    1.121800e-02,    1.121800e-02,    1.931100e-02,    1.931100e-02,    1.931100e-02,    1.931100e-02,    1.687000e-02,    1.687000e-02,
        48,    6.309500e+02,    2.613331e-03,    6.730531e-03,    3.167539e-01,   -3.864966e-01,   -3.228865e-01,    3.666104e-01,   -2.830875e-02,    1.614988e-02,    5.831765e-01,    6.942024e-01,    2.781782e-01,    4.336595e-02,   -2.974095e-01,   -1.961809e-01,   -1.258766e-01,    1.852962e-01,    1.158900e-02,    1.741500e-02,    3.236600e-01,   -3.854200e-01,   -3.302700e-01,    3.617400e-01,   -3.084000e-02,    1.987600e-02,    1.539100e-02,    1.539100e-02,    2.482600e-02,    2.482600e-02,    2.482600e-02,    2.482600e-02,    2.010900e-02,    2.010900e-02,
        48,    1.000000e+03,   -4.384639e-04,    6.892373e-03,    4.009003e-01,   -5.056016e-01,   -4.016057e-01,    4.822789e-01,   -3.089189e-02,    1.986566e-02,    5.207455e-01,    9.301272e-01,    5.950922e-01,    1.598264e-01,   -5.468651e-01,   -4.259283e-01,   -3.903168e-01,    6.398303e-02,    1.002800e-02,    2.558700e-02,    4.199700e-01,   -5.004800e-01,   -4.191300e-01,    4.686300e-01,   -4.086800e-02,    2.150100e-02,    2.009900e-02,    2.009900e-02,    3.204500e-02,    3.204500e-02,    3.204500e-02,    3.204500e-02,    2.555900e-02,    2.555900e-02,
VTF,
     StaID,        Freq[Hz],     Re(Tzx)_Cal,     Im(Tzx)_Cal,     Re(Tzy)_Cal,     Im(Tzy)_Cal,     Re(Tzx)_Res,     Im(Tzx)_Res,     Re(Tzy)_Res,     Im(Tzy)_Res,     Re(Tzx)_Obs,     Im(Tzx)_Obs,     Re(Tzy)_Obs,     Im(Tzy)_Obs,      Re(Tzx)_SD,      Im(Tzx)_SD,      Re(Tzy)_SD,      Im(Tzy)_SD,
      1001,    3.981000e+02,    3.970059e-02,    1.428129e-02,    3.324833e-02,    4.451294e-02,    4.596471e-01,    6.555569e-01,    5.295559e-02,    3.656685e-01,    5.349000e-02,    3.394800e-02,    3.483700e-02,    5.548300e-02,    3.000000e-02,    3.000000e-02,    3.000000e-02,    3.000000e-02,
      1001,    6.309500e+02,    3.434950e-02,    1.201097e-02,    1.882811e-02,    3.758708e-02,    1.961682e-02,    5.337010e-01,   -2.013370e-01,    2.692307e-01,    3.493800e-02,    2.802200e-02,    1.278800e-02,    4.566400e-02,    3.000000e-02,    3.000000e-02,    3.000000e-02,    3.000000e-02,
      1001,    1.000000e+03,    3.008200e-02,    9.117897e-03,    8.238110e-03,    2.897945e-02,   -4.552666e-01,   -1.440299e-01,   -2.769000e-01,   -3.987149e-01,    1.642400e-02,    4.797000e-03,   -6.888900e-05,    1.701800e-02,    3.000000e-02,    3.000000e-02,    3.000000e-02,    3.000000e-02,
      1002,    3.981000e+02,    1.139420e-01,    5.272838e-02,   -1.745338e-01,   -4.727581e-02,    3.626672e-02,    2.760872e-01,    6.534595e-01,   -7.477728e-01,    1.150300e-01,    6.101100e-02,   -1.549300e-01,   -6.970900e-02,    3.000000e-02,    3.000000e-02,    3.000000e-02,    3.000000e-02,
      1002,    6.309500e+02,    8.980254e-02,    5.238353e-02,   -1.490432e-01,   -5.314910e-02,   -1.807512e-01,    4.205823e-01,    7.397744e-01,   -8.680299e-01,    8.438000e-02,    6.500100e-02,   -1.268500e-01,   -7.919000e-02,    3.000000e-02,    3.000000e-02,    3.000000e-02,    3.000000e-02,
      1002,    1.000000e+03,    7.085342e-02,    4.640642e-02,   -1.267882e-01,   -5.067732e-02,   -4.644807e-01,    5.378528e-01,    8.389392e-01,   -9.094559e-01,    5.691900e-02,    6.254200e-02,   -1.016200e-01,   -7.796100e-02,    3.000000e-02,    3.000000e-02,    3.000000e-02,    3.000000e-02,
      1003,    3.981000e+02,    9.499521e-02,    1.180118e-02,   -1.068661e-01,   -3.231288e-02,    2.654930e-01,    3.516941e-01,    7.020201e-02,   -3.448705e-01,    1.029600e-01,    2.235200e-02,   -1.047600e-01,   -4.265900e-02,    3.000000e-02,    3.000000e-02,    3.000000e-02,    3.000000e-02,
      1003,    6.309500e+02,    8.649050e-02,    2.275815e-02,   -9.312551e-02,   -3.752332e-02,    1.997833e-01,    2.465951e-01,    1.531505e-01,   -4.755561e-01,    9.248400e-02,    3.015600e-02,   -8.853100e-02,   -5.179000e-02,    3.000000e-02,    3.000000e-02,    3.000000e-02,    3.000000e-02,
      1003,    1.000000e+03,    7.402250e-02,    2.912870e-02,   -7.848817e-02,   -3.997102e-02,    9.981653e-02,    1.662434e-01,    4.309057e-01,   -6.237660e-01,    7.701700e-02,    3.411600e-02,   -6.556100e-02,   -5.868400e-02,    3.000000e-02,    3.000000e-02,    3.000000e-02,    3.000000e-02,
      1004,    3.981000e+02,   -6.915006e-02,    2.108840e-02,    8.323007e-02,    1.165392e-01,    2.682352e-01,   -7.763302e-01,    5.462975e-01,    8.002656e-02,   -6.110300e-02,   -2.201500e-03,    9.961900e-02,    1.189400e-01,    3.000000e-02,    3.000000e-02,    3.000000e-02,    3.000000e-02,
      1004,    6.309500e+02,   -7.740229e-02,    1.767305e-02,    4.805344e-02,    1.142939e-01,    1.070431e-01,   -5.354015e-01,    4.034852e-01,    2.728687e-01,   -7.419100e-02,    1.611000e-03,    6.015800e-02,    1.224800e-01,    3.000000e-02,    3.000000e-02,    3.000000e-02,    3.000000e-02,
      1004,    1.000000e+03,   -8.354852e-02,    1.241849e-02,    1.090592e-02,    1.089880e-01,    1.145506e-01,    1.489984e+00,   -1.455231e+00,   -2.589320e-01,   -8.011200e-02,    5.711800e-02,   -3.275100e-02,    1.012200e-01,    3.000000e-02,    3.000000e-02,    3.000000e-02,    3.000000e-02,
      1005,    3.981000e+02,   -3.178746e-02,    3.188578e-02,    3.608893e-02,    6.276796e-02,   -3.479181e-01,    1.879541e+00,   -3.279643e-01,    1.019835e+00,   -4.222500e-02,    8.827200e-02,    2.625000e-02,    9.336300e-02,    3.000000e-02,    3.000000e-02,    3.000000e-02,    3.000000e-02,
      1005,    6.309500e+02,   -4.052488e-02,    2.356694e-02,    1.394049e-02,    5.029152e-02,   -1.207771e+00,    2.227402e+00,   -5.730662e-01,    1.313849e+00,   -7.675800e-02,    9.038900e-02,   -3.251500e-03,    8.970700e-02,    3.000000e-02,    3.000000e-02,    3.000000e-02,    3.000000e-02,
      1005,    1.000000e+03,   -4.579798e-02,    1.466782e-02,    6.881425e-04,    3.515406e-02,   -2.180067e+00,    2.177173e+00,   -1.428005e+00,    1.395598e+00,   -1.112000e-01,    7.998300e-02,   -4.215200e-02,    7.702200e-02,    3.000000e-02,    3.000000e-02,    3.000000e-02,    3.000000e-02,
      1006,    3.981000e+02,   -2.881490e-02,    7.110482e-03,    1.872297e-02,   -1.388283e-02,   -3.003032e-01,   -6.685608e-02,   -4.239901e-02,    4.286077e-01,   -3.782400e-02,    5.104800e-03,    1.745100e-02,   -1.024600e-03,    3.000000e-02,    3.000000e-02,    3.000000e-02,    3.000000e-02,
      1006,    6.309500e+02,   -2.558939e-02,    1.289296e-02,    1.832342e-02,   -1.174586e-02,   -3.977869e-01,   -7.322886e-01,    2.517193e-01,    7.410288e-01,   -3.752300e-02,   -9.075700e-03,    2.587500e-02,    1.048500e-02,    3.000000e-02,    3.000000e-02,    3.000000e-02,    3.000000e-02,
      1006,    1.000000e+03,   -2.874116e-02,    2.308536e-02,    1.765617e-02,   -1.527093e-02,   -8.976130e-02,   -1.533579e+00,    4.762945e-01,    1.430531e+00,   -3.143400e-02,   -2.292200e-02,    3.194500e-02,    2.764500e-02,    3.000000e-02,    3.000000e-02,    3.000000e-02,    3.000000e-02,
      1007,    3.981000e+02,   -2.121727e-02,   -1.509277e-02,   -3.922509e-02,    2.440475e-02,   -2.935776e-02,   -5.574387e-03,   -4.969716e-02,    2.346748e-01,   -2.209800e-02,   -1.526000e-02,   -4.071600e-02,    3.144500e-02,    3.000000e-02,    3.000000e-02,    3.000000e-02,    3.000000e-02,
      1007,    6.309500e+02,   -2.106948e-02,   -7.067385e-03,   -3.606328e-02,    9.411832e-03,    4.864928e-02,    8.800617e-02,   -2.870575e-01,    9.993892e-02,   -1.961000e-02,   -4.427200e-03,   -4.467500e-02,    1.241000e-02,    3.000000e-02,    3.000000e-02,    3.000000e-02,    3.000000e-02,
      1007,    1.000000e+03,   -2.251976e-02,   -3.562461e-03,   -3.097377e-02,    2.674010e-03,    1.905871e-02,    2.544554e-01,   -3.300075e-01,   -1.688270e-01,   -2.194800e-02,    4.071200e-03,   -4.087400e-02,   -2.390800e-03,    3.000000e-02,    3.000000e-02,    3.000000e-02,    3.000000e-02,
      1008,    3.981000e+02,   -5.351632e-03,    6.480778e-02,   -2.206412e-02,   -5.050140e-02,   -4.468123e-01,    9.792072e-01,   -8.701959e-01,   -3.476200e-01,   -1.875600e-02,    9.418400e-02,   -4.817000e-02,   -6.093000e-02,    3.000000e-02,    3.000000e-02,    3.000000e-02,    3.000000e-02,
      1008,    6.309500e+02,   -2.874661e-02,    5.955368e-02,   -2.765266e-03,   -5.197062e-02,   -7.731462e-01,    6.539106e-01,   -7.591245e-01,   -1.458313e+00,   -5.194100e-02,    7.917100e-02,   -2.553900e-02,   -9.572000e-02,    3.000000e-02,    3.000000e-02,    3.000000e-02,    3.000000e-02,
      1008,    1.000000e+03,   -4.929846e-02,    5.038747e-02,    1.623564e-02,   -4.949676e-02,   -5.798181e-01,    4.177176e-01,    3.357786e-01,   -2.003108e+00,   -6.669300e-02,    6.291900e-02,    2.630900e-02,   -1.095900e-01,    3.000000e-02,    3.000000e-02,    3.000000e-02,    3.000000e-02,
      1010,    3.981000e+02,   -4.120635e-02,   -2.965924e-02,   -1.244073e-02,    1.982891e-02,    3.105449e-01,   -6.485876e-02,   -2.904091e-01,   -2.603303e-01,   -3.189000e-02,   -3.160500e-02,   -2.115300e-02,    1.201900e-02,    3.000000e-02,    3.000000e-02,    3.000000e-02,    3.000000e-02,
      1010,    6.309500e+02,   -2.897960e-02,   -2.700701e-02,   -1.663819e-02,    1.342485e-02,    2.712534e-01,    7.223353e-02,   -2.344936e-01,   -3.586918e-01,   -2.084200e-02,   -2.484000e-02,   -2.367300e-02,    2.664100e-03,    3.000000e-02,    3.000000e-02,    3.000000e-02,    3.000000e-02,
      1010,    1.000000e+03,   -2.063909e-02,   -2.338629e-02,   -1.830510e-02,    8.205792e-03,    2.350029e-01,    2.857628e-02,    2.896985e-02,   -3.389931e-01,   -1.358900e-02,   -2.252900e-02,   -1.743600e-02,   -1.964000e-03,    3.000000e-02,    3.000000e-02,    3.000000e-02,    3.000000e-02,
      1011,    3.981000e+02,    3.683466e-02,    2.321805e-02,    3.042240e-02,   -2.662724e-02,    2.811114e-01,    6.320318e-01,    6.182003e-02,   -9.636587e-01,    4.526800e-02,    4.217900e-02,    3.227700e-02,   -5.553700e-02,    3.000000e-02,    3.000000e-02,    3.000000e-02,    3.000000e-02,
      1011,    6.309500e+02,    3.155763e-02,    2.126895e-02,    4.024770e-02,   -1.637229e-02,   -2.292088e-02,    6.806349e-01,    5.091101e-01,   -1.612190e+00,    3.087000e-02,    4.168800e-02,    5.552100e-02,   -6.473800e-02,    3.000000e-02,    3.000000e-02,    3.000000e-02,    3.000000e-02,
      1011,    1.000000e+03,    2.679685e-02,    1.999105e-02,    4.416146e-02,   -4.036151e-03,   -3.027950e-01,    9.993983e-01,    1.609485e+00,   -2.486728e+00,    1.771300e-02,    4.997300e-02,    9.244600e-02,   -7.863800e-02,    3.000000e-02,    3.000000e-02,    3.000000e-02,    3.000000e-02,
      1012,    3.981000e+02,    5.845700e-02,    6.769961e-03,   -1.257275e-02,    1.028035e-02,    2.401667e-01,    1.962680e-01,   -2.799082e-01,    5.734216e-01,    6.566200e-02,    1.265800e-02,   -2.097000e-02,    2.748300e-02,    3.000000e-02,    3.000000e-02,    3.000000e-02,    3.000000e-02,
      1012,    6.309500e+02,    5.511226e-02,    4.204634e-03,   -1.607939e-02,    1.467630e-02,   -1.778419e-01,   -3.087078e-01,   -1.617536e-01,    6.062234e-01,    4.977700e-02,   -5.056600e-03,   -2.093200e-02,    3.286300e-02,    3.000000e-02,    3.000000e-02,    3.000000e-02,    3.000000e-02,
      1012,    1.000000e+03,    5.309533e-02,   -4.041980e-04,   -2.062624e-02,    1.922899e-02,   -2.446445e-01,   -4.555267e-01,    1.935747e-01,    1.277337e-01,    4.575600e-02,   -1.407000e-02,   -1.481900e-02,    2.306100e-02,    3.000000e-02,    3.000000e-02,    3.000000e-02,    3.000000e-02,
      1013,    3.981000e+02,   -3.588040e-02,   -3.234792e-02,   -2.243168e-01,   -1.939772e-01,   -3.086534e-01,   -1.663703e+00,   -1.401773e+00,   -1.142427e+00,   -4.514000e-02,   -8.225900e-02,   -2.663700e-01,   -2.282500e-01,    3.000000e-02,    3.000000e-02,    3.000000e-02,    3.000000e-02,
      1013,    6.309500e+02,   -2.978530e-02,   -1.865309e-02,   -1.633535e-01,   -1.748886e-01,   -2.098899e-01,   -1.862297e+00,   -1.659218e+00,    5.769545e-01,   -3.608200e-02,   -7.452200e-02,   -2.131300e-01,   -1.575800e-01,    3.000000e-02,    3.000000e-02,    3.000000e-02,    3.000000e-02,
      1013,    1.000000e+03,   -2.668800e-02,   -5.155837e-03,   -1.143982e-01,   -1.555717e-01,   -2.729996e-02,   -2.618139e+00,   -3.245727e+00,    2.170255e+00,   -2.750700e-02,   -8.370000e-02,   -2.117700e-01,   -9.046400e-02,    3.000000e-02,    3.000000e-02,    3.000000e-02,    3.000000e-02,
      1014,    3.981000e+02,   -1.638495e-01,    8.681108e-02,   -6.249441e-02,   -2.866620e-02,   -8.668201e-02,   -7.360361e-01,    2.878469e-01,    1.561973e+00,   -1.664500e-01,    6.473000e-02,   -5.385900e-02,    1.819300e-02,    3.000000e-02,    3.000000e-02,    3.000000e-02,    3.000000e-02,
      1014,    6.309500e+02,   -1.783769e-01,    6.613161e-02,   -5.007133e-02,   -2.072324e-02,    5.055638e-01,   -1.067054e+00,   -7.527555e-01,    1.802475e+00,   -1.632100e-01,    3.412000e-02,   -7.265400e-02,    3.335100e-02,    3.000000e-02,    3.000000e-02,    3.000000e-02,    3.000000e-02,
      1014,    1.000000e+03,   -1.882262e-01,    5.376375e-02,   -4.686267e-02,   -1.077349e-02,    1.097207e+00,   -9.605918e-01,   -1.514011e+00,    1.393816e+00,   -1.553100e-01,    2.494600e-02,   -9.228300e-02,    3.104100e-02,    3.000000e-02,    3.000000e-02,    3.000000e-02,    3.000000e-02,
      1015,    3.981000e+02,   -2.331872e-02,   -2.519877e-02,   -3.874251e-02,   -3.947456e-03,   -5.322094e-01,   -5.267409e-01,    1.875504e-01,    4.430952e-01,   -3.928500e-02,   -4.100100e-02,   -3.311600e-02,    9.345400e-03,    3.000000e-02,    3.000000e-02,    3.000000e-02,    3.000000e-02,
      1015,    6.309500e+02,   -1.518471e-02,   -2.352554e-02,   -3.734770e-02,   -6.713160e-03,   -1.522976e+00,   -1.045082e+00,   -1.165410e+00,   -1.377280e-01,   -6.087400e-02,   -5.487800e-02,   -7.231000e-02,   -1.084500e-02,    3.000000e-02,    3.000000e-02,    3.000000e-02,    3.000000e-02,
      1016,    3.981000e+02,   -1.475582e-01,   -6.262090e-03,    2.301202e-02,   -2.298198e-02,   -1.402061e+00,   -1.001697e+00,    1.062993e-01,    2.663993e-01,   -1.896200e-01,   -3.631300e-02,    2.620100e-02,   -1.499000e-02,    3.000000e-02,    3.000000e-02,    3.000000e-02,    3.000000e-02,
      1016,    6.309500e+02,   -1.402882e-01,   -2.104657e-02,    2.930779e-02,   -1.782757e-02,   -1.116727e+00,   -4.450810e-01,   -9.172645e-02,    1.578858e-01,   -1.737900e-01,   -3.439900e-02,    2.655600e-02,   -1.309100e-02,    3.000000e-02,    3.000000e-02,    3.000000e-02,    3.000000e-02,
      1016,    1.000000e+03,   -1.282450e-01,   -3.279044e-02,    3.376712e-02,   -1.238995e-02,   -6.835002e-01,    4.731466e-02,   -2.216375e-01,    7.676494e-02,   -1.487500e-01,   -3.137100e-02,    2.711800e-02,   -1.008700e-02,    3.000000e-02,    3.000000e-02,    3.000000e-02,    3.000000e-02,
      1017,    3.981000e+02,    1.698105e-01,    1.507837e-03,    2.785895e-01,    3.376680e-02,    3.943182e-01,    3.368721e-01,   -9.065137e-02,   -4.071267e-01,    1.816400e-01,    1.161400e-02,    2.758700e-01,    2.155300e-02,    3.000000e-02,    3.000000e-02,    3.000000e-02,    3.000000e-02,
      1017,    6.309500e+02,    1.719497e-01,    1.854494e-02,    2.652989e-01,    5.840112e-02,    5.986752e-01,    4.749686e-01,   -7.896220e-02,   -9.689706e-01,    1.899100e-01,    3.279400e-02,    2.629300e-01,    2.933200e-02,    3.000000e-02,    3.000000e-02,    3.000000e-02,    3.000000e-02,
      1017,    1.000000e+03,    1.661876e-01,    4.101342e-02,    2.431954e-01,    8.466188e-02,   -1.619207e-01,    2.328528e-01,    1.014819e+00,   -1.960663e+00,    1.613300e-01,    4.799900e-02,    2.736400e-01,    2.584200e-02,    3.000000e-02,    3.000000e-02,    3.000000e-02,    3.000000e-02,
      1018,    3.981000e+02,    3.546769e-02,   -2.710296e-02,   -1.409917e-01,    4.227867e-03,   -1.501229e-01,    4.276319e-01,    1.127229e-01,   -4.956956e-01,    3.096400e-02,   -1.427400e-02,   -1.376100e-01,   -1.064300e-02,    3.000000e-02,    3.000000e-02,    3.000000e-02,    3.000000e-02,
      1018,    6.309500e+02,    4.335354e-02,   -1.510666e-02,   -1.365222e-01,   -2.389230e-02,    2.106215e+00,    7.631119e-01,   -2.657259e+00,   -1.646390e+00,    1.065400e-01,    7.786700e-03,   -2.162400e-01,   -7.328400e-02,    3.000000e-02,    3.000000e-02,    3.000000e-02,    3.000000e-02,
      1018,    1.000000e+03,    4.532730e-02,   -3.334693e-03,   -1.191932e-01,   -4.602347e-02,    3.560757e+00,    5.734898e-01,   -4.407561e+00,   -2.127218e+00,    1.521500e-01,    1.387000e-02,   -2.514200e-01,   -1.098400e-01,    3.000000e-02,    3.000000e-02,    3.000000e-02,    3.000000e-02,
      1019,    3.981000e+02,   -2.649145e-01,   -4.659068e-02,    1.619462e-01,    8.345393e-03,   -5.984897e-02,   -3.466644e+00,   -2.589174e+00,    1.734869e-01,   -2.667100e-01,   -1.505900e-01,    8.427100e-02,    1.355000e-02,    3.000000e-02,    3.000000e-02,    3.000000e-02,    3.000000e-02,
      1019,    6.309500e+02,   -2.400012e-01,   -4.956740e-02,    1.552339e-01,    1.098474e-02,   -9.386279e-01,   -2.669087e+00,    2.206869e+00,   -8.057581e-01,   -2.681600e-01,   -1.296400e-01,    2.214400e-01,   -1.318800e-02,    3.000000e-02,    3.000000e-02,    3.000000e-02,    3.000000e-02,
      1020,    3.981000e+02,   -7.019915e-02,    8.610739e-03,   -3.837550e-02,    2.253328e-03,   -2.573284e-01,    1.687420e-01,    1.352832e-01,   -8.788393e-02,   -7.791900e-02,    1.367300e-02,   -3.431700e-02,   -3.831900e-04,    3.000000e-02,    3.000000e-02,    3.000000e-02,    3.000000e-02,
      1020,    6.309500e+02,   -7.567155e-02,    1.991026e-02,   -4.086915e-02,   -1.129913e-03,   -5.977151e-01,   -4.033488e-01,    2.438718e-01,   -2.354762e-01,   -9.360300e-02,    7.809800e-03,   -3.355300e-02,   -8.194200e-03,    3.000000e-02,    3.000000e-02,    3.000000e-02,    3.000000e-02,
      1020,    1.000000e+03,   -8.527810e-02,    2.783282e-02,   -4.210170e-02,   -6.810729e-03,   -1.104063e+00,   -9.765141e-01,    3.252567e-01,   -4.578424e-01,   -1.184000e-01,   -1.462600e-03,   -3.234400e-02,   -2.054600e-02,    3.000000e-02,    3.000000e-02,    3.000000e-02,    3.000000e-02,
      1021,    3.981000e+02,    8.481111e-02,    1.295742e-02,   -4.797973e-02,    1.070332e-02,   -5.567045e-02,   -1.265181e+00,    2.203908e-01,    4.007894e-01,    8.314100e-02,   -2.499800e-02,   -4.136800e-02,    2.272700e-02,    3.000000e-02,    3.000000e-02,    3.000000e-02,    3.000000e-02,
      1021,    6.309500e+02,    8.074288e-02,    1.114518e-02,   -5.118469e-02,    9.128486e-03,    1.559237e+00,   -1.037839e+00,    2.903562e-01,    4.297838e-01,    1.275200e-01,   -1.999000e-02,   -4.247400e-02,    2.202200e-02,    3.000000e-02,    3.000000e-02,    3.000000e-02,    3.000000e-02,
      1021,    1.000000e+03,    7.664135e-02,    8.771148e-03,   -5.427663e-02,    6.852993e-03,    2.203622e+00,   -2.476983e-01,    4.533876e-01,    5.527002e-01,    1.427500e-01,    1.340200e-03,   -4.067500e-02,    2.343400e-02,    3.000000e-02,    3.000000e-02,    3.000000e-02,    3.000000e-02,
      1022,    3.981000e+02,    2.478405e-02,   -2.605528e-02,    5.111936e-02,   -1.040926e-02,    8.493985e-01,   -1.129076e-02,   -6.821202e-02,    4.126420e-01,    5.026600e-02,   -2.639400e-02,    4.907300e-02,    1.970000e-03,    3.000000e-02,    3.000000e-02,    3.000000e-02,    3.000000e-02,
      1022,    6.309500e+02,    3.634198e-02,   -3.053768e-02,    5.752767e-02,   -1.480869e-02,    7.212006e-01,    1.193176e+00,   -4.143225e-01,    6.977931e-01,    5.797800e-02,    5.257600e-03,    4.509800e-02,    6.125100e-03,    3.000000e-02,    3.000000e-02,    3.000000e-02,    3.000000e-02,
      1022,    1.000000e+03,    4.853907e-02,   -3.244112e-02,    6.526848e-02,   -1.665616e-02,   -4.675025e-01,    4.167706e-01,   -4.773493e-01,    8.337421e-01,    3.451400e-02,   -1.993800e-02,    5.094800e-02,    8.356100e-03,    3.000000e-02,    3.000000e-02,    3.000000e-02,    3.000000e-02,
      1023,    3.981000e+02,    9.367181e-02,   -1.439260e-02,   -1.199274e-01,    3.724443e-03,    4.277287e-02,   -7.791800e-01,   -1.575085e+00,   -7.434814e-01,    9.495500e-02,   -3.776800e-02,   -1.671800e-01,   -1.858000e-02,    3.000000e-02,    3.000000e-02,    3.000000e-02,    3.000000e-02,
      1023,    6.309500e+02,    9.891242e-02,   -4.909878e-03,   -1.163454e-01,   -5.334419e-03,    1.254919e+00,   -5.075707e-01,   -9.478211e-01,   -1.227153e+00,    1.365600e-01,   -2.013700e-02,   -1.447800e-01,   -4.214900e-02,    3.000000e-02,    3.000000e-02,    3.000000e-02,    3.000000e-02,
      1023,    1.000000e+03,    9.804545e-02,    5.142517e-03,   -1.103131e-01,   -1.107151e-02,    2.145485e+00,   -2.971506e-01,   -2.822297e-01,   -1.401550e+00,    1.624100e-01,   -3.772000e-03,   -1.187800e-01,   -5.311800e-02,    3.000000e-02,    3.000000e-02,    3.000000e-02,    3.000000e-02,
      1024,    3.981000e+02,   -8.635613e-02,    3.763698e-02,    1.318766e-01,    3.107967e-02,   -2.679955e-01,    7.343672e-01,    5.794476e-01,   -1.731989e+00,   -9.439600e-02,    5.966800e-02,    1.492600e-01,   -2.088000e-02,    3.000000e-02,    3.000000e-02,    3.000000e-02,    3.000000e-02,
      1024,    6.309500e+02,   -9.621152e-02,    2.571085e-02,    1.153760e-01,    4.357832e-02,   -5.222827e-01,    1.046805e+00,    1.628135e+00,   -2.903377e+00,   -1.118800e-01,    5.711500e-02,    1.642200e-01,   -4.352300e-02,    3.000000e-02,    3.000000e-02,    3.000000e-02,    3.000000e-02,
      1025,    3.981000e+02,    2.571737e-02,    3.909871e-02,    6.501116e-02,   -2.460163e-02,    2.881878e-01,   -1.871957e+00,    9.449612e-01,    8.199977e-01,    3.436300e-02,   -1.706000e-02,    9.336000e-02,   -1.695700e-06,    3.000000e-02,    3.000000e-02,    3.000000e-02,    3.000000e-02,
      1025,    6.309500e+02,    1.232479e-02,    4.018631e-02,    5.631405e-02,    3.849554e-04,    6.147738e-01,   -1.808544e+00,    1.066298e+00,   -3.871251e-02,    3.076800e-02,   -1.407000e-02,    8.830300e-02,   -7.764200e-04,    3.000000e-02,    3.000000e-02,    3.000000e-02,    3.000000e-02,
      1025,    1.000000e+03,   -4.730118e-04,    3.954341e-02,    4.293792e-02,    1.023046e-02,    1.166100e+00,   -1.615437e+00,    1.570803e+00,   -9.952154e-01,    3.451000e-02,   -8.919700e-03,    9.006200e-02,   -1.962600e-02,    3.000000e-02,    3.000000e-02,    3.000000e-02,    3.000000e-02,
      1026,    3.981000e+02,    2.606463e-02,   -1.373135e-02,    4.526093e-02,    2.636972e-02,    1.124457e-01,    3.429717e-01,   -2.402976e-01,   -1.857908e-01,    2.943800e-02,   -3.442200e-03,    3.805200e-02,    2.079600e-02,    3.000000e-02,    3.000000e-02,    3.000000e-02,    3.000000e-02,
      1026,    6.309500e+02,    3.065749e-02,   -1.285379e-02,    3.371467e-02,    2.864176e-02,   -2.959163e-01,    5.829294e-02,    1.495109e-01,   -6.598486e-01,    2.178000e-02,   -1.110500e-02,    3.820000e-02,    8.846300e-03,    3.000000e-02,    3.000000e-02,    3.000000e-02,    3.000000e-02,
      1026,    1.000000e+03,    3.418143e-02,   -1.216225e-02,    2.249225e-02,    2.864671e-02,   -7.133477e-01,   -1.418583e-01,   -1.204415e-01,   -1.079454e+00,    1.278100e-02,   -1.641800e-02,    1.887900e-02,   -3.736900e-03,    3.000000e-02,    3.000000e-02,    3.000000e-02,    3.000000e-02,
      1027,    3.981000e+02,   -1.298700e-01,    6.523963e-02,   -1.301164e-01,   -1.739557e-02,    2.183324e-01,   -3.350875e-01,    5.258814e-01,   -5.451144e-01,   -1.233200e-01,    5.518700e-02,   -1.143400e-01,   -3.374900e-02,    3.000000e-02,    3.000000e-02,    3.000000e-02,    3.000000e-02,
      1027,    6.309500e+02,   -1.509341e-01,    5.070383e-02,   -1.157387e-01,   -4.061717e-02,    5.528023e-01,   -7.729275e-01,    6.902911e-01,    9.433898e-02,   -1.343500e-01,    2.751600e-02,   -9.503000e-02,   -3.778700e-02,    3.000000e-02,    3.000000e-02,    3.000000e-02,    3.000000e-02,
      1027,    1.000000e+03,   -1.648155e-01,    3.254385e-02,   -9.489052e-02,   -5.726827e-02,    1.079517e+00,   -9.158551e-01,    4.372508e-01,    4.681758e-01,   -1.324300e-01,    5.068200e-03,   -8.177300e-02,   -4.322300e-02,    3.000000e-02,    3.000000e-02,    3.000000e-02,    3.000000e-02,
      1028,    3.981000e+02,   -4.803126e-02,    1.675669e-03,   -1.364952e-01,    2.707318e-03,   -4.298913e-01,    2.415777e-01,    5.839527e-03,    2.194661e-01,   -6.092800e-02,    8.923000e-03,   -1.363200e-01,    9.291300e-03,    3.000000e-02,    3.000000e-02,    3.000000e-02,    3.000000e-02,
      1028,    6.309500e+02,   -4.121230e-02,   -1.779557e-03,   -1.360198e-01,   -5.902176e-03,   -6.514232e-01,   -5.085148e-01,   -1.200617e-02,    8.269392e-01,   -6.075500e-02,   -1.703500e-02,   -1.363800e-01,    1.890600e-02,    3.000000e-02,    3.000000e-02,    3.000000e-02,    3.000000e-02,
      1028,    1.000000e+03,   -3.322954e-02,    3.105215e-03,   -1.353989e-01,   -1.667434e-02,   -5.341486e-01,   -1.055707e+00,   -3.217036e-01,    1.707478e+00,   -4.925400e-02,   -2.856600e-02,   -1.450500e-01,    3.455000e-02,    3.000000e-02,    3.000000e-02,    3.000000e-02,    3.000000e-02,
      1029,    3.981000e+02,   -4.042281e-02,   -7.829484e-03,    2.129083e-02,   -6.390375e-02,    6.040936e-01,    3.394995e-01,   -1.449610e-01,    8.666584e-01,   -2.230000e-02,    2.355500e-03,    1.694200e-02,   -3.790400e-02,    3.000000e-02,    3.000000e-02,    3.000000e-02,    3.000000e-02,
      1029,    6.309500e+02,   -3.184173e-02,   -1.211544e-02,    5.082199e-02,   -7.042778e-02,    3.713243e-01,    5.500747e-01,   -5.839997e-01,    1.167693e+00,   -2.070200e-02,    4.386800e-03,    3.330200e-02,   -3.539700e-02,    3.000000e-02,    3.000000e-02,    3.000000e-02,    3.000000e-02,
      1029,    1.000000e+03,   -2.319295e-02,   -1.016790e-02,    7.775369e-02,   -6.688355e-02,   -5.539683e-01,    6.365732e-01,   -1.136523e+00,    1.198485e+00,   -3.981200e-02,    8.929300e-03,    4.365800e-02,   -3.092900e-02,    3.000000e-02,    3.000000e-02,    3.000000e-02,    3.000000e-02,
      1030,    3.981000e+02,   -6.359304e-02,    1.278601e-03,    9.364599e-02,    9.311077e-04,   -3.262986e-01,    1.739200e-01,   -2.008998e-01,   -7.600703e-01,   -7.338200e-02,    6.496200e-03,    8.761900e-02,   -2.187100e-02,    3.000000e-02,    3.000000e-02,    3.000000e-02,    3.000000e-02,
      1030,    6.309500e+02,   -6.682645e-02,    1.064101e-02,    9.594619e-02,   -8.512284e-03,   -3.234848e-01,   -4.162710e-02,    9.937364e-04,   -6.506905e-01,   -7.653100e-02,    9.392200e-03,    9.597600e-02,   -2.803300e-02,    3.000000e-02,    3.000000e-02,    3.000000e-02,    3.000000e-02,
      1030,    1.000000e+03,   -7.225017e-02,    1.749795e-02,    1.027566e-01,   -1.497550e-02,   -2.024612e-01,   -2.049651e-01,    1.417810e-01,   -4.213501e-01,   -7.832400e-02,    1.134900e-02,    1.070100e-01,   -2.761600e-02,    3.000000e-02,    3.000000e-02,    3.000000e-02,    3.000000e-02,
      1031,    3.981000e+02,   -3.266161e-02,   -6.933171e-04,    5.260992e-02,   -2.313524e-02,    5.179203e-01,    5.001903e-03,    1.931693e-01,    2.976746e-01,   -1.712400e-02,   -5.432600e-04,    5.840500e-02,   -1.420500e-02,    3.000000e-02,    3.000000e-02,    3.000000e-02,    3.000000e-02,
      1031,    6.309500e+02,   -2.930527e-02,    2.675674e-03,    6.008051e-02,   -2.453935e-02,   -1.657680e-03,    1.566009e-01,    6.073164e-01,    1.000295e+00,   -2.935500e-02,    7.373700e-03,    7.830000e-02,    5.469500e-03,    3.000000e-02,    3.000000e-02,    3.000000e-02,    3.000000e-02,
      1031,    1.000000e+03,   -2.994443e-02,    7.999467e-03,    6.837275e-02,   -2.533066e-02,   -6.251189e-01,    3.964844e-01,    1.379575e+00,    2.063789e+00,   -4.869800e-02,    1.989400e-02,    1.097600e-01,    3.658300e-02,    3.000000e-02,    3.000000e-02,    3.000000e-02,    3.000000e-02,
      1032,    3.981000e+02,   -3.900378e-02,    1.361908e-02,    1.492670e-02,    1.433357e-02,   -1.118474e+00,   -3.594394e-01,   -1.134257e+00,   -2.795990e-01,   -7.255800e-02,    2.835900e-03,   -1.910100e-02,    5.945600e-03,    3.000000e-02,    3.000000e-02,    3.000000e-02,    3.000000e-02,
      1032,    6.309500e+02,   -3.055666e-02,   -8.192026e-03,    9.397522e-03,    1.953406e-02,   -9.183114e-01,   -1.483658e-01,   -1.190451e+00,    3.279808e-02,   -5.810600e-02,   -1.264300e-02,   -2.631600e-02,    2.051800e-02,    3.000000e-02,    3.000000e-02,    3.000000e-02,    3.000000e-02,
      1032,    1.000000e+03,   -1.992729e-02,   -1.899048e-02,    8.255450e-04,    2.318463e-02,   -1.515824e+00,    1.679161e-01,   -1.280651e+00,    5.579789e-01,   -6.540200e-02,   -1.395300e-02,   -3.759400e-02,    3.992400e-02,    3.000000e-02,    3.000000e-02,    3.000000e-02,    3.000000e-02,
      1033,    3.981000e+02,   -7.716669e-02,    5.072907e-03,   -6.314863e-02,   -1.906920e-02,   -4.791023e-02,    1.913364e-01,    3.922113e-02,   -1.037935e-01,   -7.860400e-02,    1.081300e-02,   -6.197200e-02,   -2.218300e-02,    3.000000e-02,    3.000000e-02,    3.000000e-02,    3.000000e-02,
      1033,    6.309500e+02,   -7.741489e-02,    1.041758e-02,   -5.778800e-02,   -2.238659e-02,    3.153964e-01,    1.551806e-01,    2.061665e-01,    6.159531e-01,   -6.795300e-02,    1.507300e-02,   -5.160300e-02,   -3.908000e-03,    3.000000e-02,    3.000000e-02,    3.000000e-02,    3.000000e-02,
      1034,    3.981000e+02,    1.297215e-02,   -8.490612e-02,   -4.867458e-04,   -1.300902e-01,    9.866282e-01,    4.768041e-01,    3.199482e-01,   -3.729939e-01,    4.257100e-02,   -7.060200e-02,    9.111700e-03,   -1.412800e-01,    3.000000e-02,    3.000000e-02,    3.000000e-02,    3.000000e-02,
      1034,    6.309500e+02,    3.548189e-02,   -6.654869e-02,    4.082636e-02,   -1.075347e-01,    2.967038e-01,    6.527229e-01,    4.166548e-01,   -8.784176e-02,    4.438300e-02,   -4.696700e-02,    5.332600e-02,   -1.101700e-01,    3.000000e-02,    3.000000e-02,    3.000000e-02,    3.000000e-02,
      1034,    1.000000e+03,    5.226041e-02,   -4.809244e-02,    7.061096e-02,   -8.175812e-02,   -1.190080e+00,    6.765481e-01,   -4.162655e-01,    3.501041e-01,    1.655800e-02,   -2.779600e-02,    5.812300e-02,   -7.125500e-02,    3.000000e-02,    3.000000e-02,    3.000000e-02,    3.000000e-02,
      1035,    6.309500e+02,    7.996265e-03,   -4.944593e-02,    2.609269e-02,    7.627879e-02,    3.677245e-01,    4.907311e-01,    6.594104e-01,    3.029707e+00,    1.902800e-02,   -3.472400e-02,    4.587500e-02,    1.671700e-01,    3.000000e-02,    3.000000e-02,    3.000000e-02,    3.000000e-02,
      1036,    3.981000e+02,   -1.257354e-01,    4.951364e-02,    1.450310e-01,    4.030778e-02,    1.554879e+00,   -4.952212e-01,    2.428633e+00,    1.702674e+00,   -7.908900e-02,    3.465700e-02,    2.178900e-01,    9.138800e-02,    3.000000e-02,    3.000000e-02,    3.000000e-02,    3.000000e-02,
      1036,    6.309500e+02,   -1.339682e-01,    4.259359e-02,    1.292756e-01,    3.585433e-02,    2.033375e+00,    4.188469e-01,    2.611481e+00,    9.144222e-01,   -7.296700e-02,    5.515900e-02,    2.076200e-01,    6.328700e-02,    3.000000e-02,    3.000000e-02,    3.000000e-02,    3.000000e-02,
      1036,    1.000000e+03,   -1.425523e-01,    3.755272e-02,    1.146311e-01,    2.765608e-02,    2.277077e+00,    5.522427e-01,    2.692297e+00,    1.243731e+00,   -7.424000e-02,    5.412000e-02,    1.954000e-01,    6.496800e-02,    3.000000e-02,    3.000000e-02,    3.000000e-02,    3.000000e-02,
      1037,    3.981000e+02,   -2.623010e-02,    1.065311e-02,   -1.449406e-01,   -5.974019e-02,    1.223737e+00,    8.802632e-01,   -7.666481e-01,    6.205396e-01,    1.048200e-02,    3.706100e-02,   -1.679400e-01,   -4.112400e-02,    3.000000e-02,    3.000000e-02,    3.000000e-02,    3.000000e-02,
      1037,    6.309500e+02,   -3.011110e-02,    2.169129e-02,   -1.399963e-01,   -5.268824e-02,   -3.556633e-01,    8.083904e-01,   -1.270124e+00,   -7.163254e-01,   -4.078100e-02,    4.594300e-02,   -1.781000e-01,   -7.417800e-02,    3.000000e-02,    3.000000e-02,    3.000000e-02,    3.000000e-02,
      1037,    1.000000e+03,   -3.945232e-02,    2.798376e-02,   -1.294533e-01,   -5.474153e-02,   -1.635356e+00,    7.830412e-01,   -7.608911e-01,   -6.076823e-01,   -8.851300e-02,    5.147500e-02,   -1.522800e-01,   -7.297200e-02,    3.000000e-02,    3.000000e-02,    3.000000e-02,    3.000000e-02,
      1039,    3.981000e+02,    9.666755e-03,    8.443851e-02,   -2.765487e-02,    6.385056e-02,   -1.416418e-01,    1.612164e-01,    2.942289e-01,    1.748479e-01,    5.417500e-03,    8.927500e-02,   -1.882800e-02,    6.909600e-02,    3.000000e-02,    3.000000e-02,    3.000000e-02,    3.000000e-02,
      1039,    6.309500e+02,   -1.943042e-02,    7.212192e-02,   -4.221765e-02,    4.234392e-02,   -5.599192e-01,   -1.444973e-01,   -2.491153e-02,    5.743025e-01,   -3.622800e-02,    6.778700e-02,   -4.296500e-02,    5.957300e-02,    3.000000e-02,    3.000000e-02,    3.000000e-02,    3.000000e-02,
      1040,    3.981000e+02,   -1.168660e-01,    4.316321e-02,    1.367968e-01,   -5.949849e-02,   -3.564664e-01,    3.596560e+00,    3.844022e-02,   -1.059837e-01,   -1.275600e-01,    1.510600e-01,    1.379500e-01,   -6.267800e-02,    3.000000e-02,    3.000000e-02,    3.000000e-02,    3.000000e-02,
      1040,    6.309500e+02,   -1.303175e-01,    3.630768e-02,    1.451186e-01,   -5.597452e-02,   -2.041650e-02,    4.812744e+00,   -5.536195e-01,   -8.732494e-01,   -1.309300e-01,    1.806900e-01,    1.285100e-01,   -8.217200e-02,    3.000000e-02,    3.000000e-02,    3.000000e-02,    3.000000e-02,
      1040,    1.000000e+03,   -1.386388e-01,    2.905486e-02,    1.542761e-01,   -5.816496e-02,    1.126626e+00,    4.496838e+00,   -1.675537e+00,   -1.665835e+00,   -1.048400e-01,    1.639600e-01,    1.040100e-01,   -1.081400e-01,    3.000000e-02,    3.000000e-02,    3.000000e-02,    3.000000e-02,
      1041,    3.981000e+02,    7.970100e-02,   -7.249616e-03,    1.941030e-01,   -1.364495e-02,    1.629300e+00,    3.295239e-01,    1.133566e+00,    4.201684e-01,    1.285800e-01,    2.636100e-03,    2.281100e-01,   -1.039900e-03,    3.000000e-02,    3.000000e-02,    3.000000e-02,    3.000000e-02,
      1041,    6.309500e+02,    8.061488e-02,    7.252311e-03,    1.941476e-01,    7.353792e-03,    1.947504e+00,    4.182563e-01,    5.670793e-01,    4.475403e-01,    1.390400e-01,    1.980000e-02,    2.111600e-01,    2.078000e-02,    3.000000e-02,    3.000000e-02,    3.000000e-02,    3.000000e-02,
      1042,    3.981000e+02,   -1.833703e-02,    1.581642e-02,    2.248200e-02,   -1.797724e-02,    2.396344e-01,   -3.385375e-01,    2.572333e-01,   -3.210922e-01,   -1.114800e-02,    5.660300e-03,    3.019900e-02,   -2.761000e-02,    3.000000e-02,    3.000000e-02,    3.000000e-02,    3.000000e-02,
      1042,    6.309500e+02,   -2.074224e-02,    5.487755e-03,    2.922470e-02,   -7.484711e-03,    3.463748e-01,   -8.885850e-02,    3.679432e-01,   -6.382096e-01,   -1.035100e-02,    2.822000e-03,    4.026300e-02,   -2.663100e-02,    3.000000e-02,    3.000000e-02,    3.000000e-02,    3.000000e-02,
      1043,    3.981000e+02,    1.169019e-01,    5.997976e-02,    8.050695e-02,    6.011144e-03,   -6.806450e-02,    1.991081e-01,    1.212350e-01,    5.606619e-01,    1.148600e-01,    6.595300e-02,    8.414400e-02,    2.283100e-02,    3.000000e-02,    3.000000e-02,    3.000000e-02,    3.000000e-02,
      1043,    6.309500e+02,    8.836818e-02,    6.854402e-02,    7.087570e-02,    1.510364e-02,   -2.588728e-01,    1.211325e-01,   -8.662334e-02,    5.507454e-01,    8.060200e-02,    7.217800e-02,    6.827700e-02,    3.162600e-02,    3.000000e-02,    3.000000e-02,    3.000000e-02,    3.000000e-02,
      1043,    1.000000e+03,    6.138400e-02,    6.874528e-02,    6.041924e-02,    1.796408e-02,    5.000333e-01,    6.696905e-01,   -2.702747e-01,    3.571308e-01,    7.638500e-02,    8.883600e-02,    5.231100e-02,    2.867800e-02,    3.000000e-02,    3.000000e-02,    3.000000e-02,    3.000000e-02,
      1044,    3.981000e+02,   -1.081070e-01,    5.505266e-02,   -1.569233e-02,    5.655832e-02,   -1.089434e+00,   -2.503887e-01,    2.507770e-02,    8.023559e-01,   -1.407900e-01,    4.754100e-02,   -1.494000e-02,    8.062900e-02,    3.000000e-02,    3.000000e-02,    3.000000e-02,    3.000000e-02,
      1044,    6.309500e+02,   -1.235922e-01,    5.410225e-02,   -3.438653e-02,    5.614972e-02,   -2.692587e-01,   -3.670417e-01,    5.711509e-01,    5.557760e-01,   -1.316700e-01,    4.309100e-02,   -1.725200e-02,    7.282300e-02,    3.000000e-02,    3.000000e-02,    3.000000e-02,    3.000000e-02,
      1044,    1.000000e+03,   -1.412366e-01,    5.066693e-02,   -5.243157e-02,    5.496846e-02,    8.002201e-01,   -4.872310e-01,    1.050652e+00,    1.833845e-01,   -1.172300e-01,    3.605000e-02,   -2.091200e-02,    6.047000e-02,    3.000000e-02,    3.000000e-02,    3.000000e-02,    3.000000e-02,
      1045,    3.981000e+02,   -7.679107e-02,    6.350876e-02,   -3.044276e-01,   -6.312846e-02,   -4.111310e-01,   -7.390254e-01,    1.758527e-02,    9.909487e-01,   -8.912500e-02,    4.133800e-02,   -3.039000e-01,   -3.340000e-02,    3.000000e-02,    3.000000e-02,    3.000000e-02,    3.000000e-02,
      1045,    6.309500e+02,   -9.477895e-02,    4.975518e-02,   -2.708012e-01,   -8.243540e-02,   -3.910702e+00,   -1.220273e+00,    4.550415e-01,    8.396467e-01,   -2.121000e-01,    1.314700e-02,   -2.571500e-01,   -5.724600e-02,    3.000000e-02,    3.000000e-02,    3.000000e-02,    3.000000e-02,
      1045,    1.000000e+03,   -1.038693e-01,    3.724243e-02,   -2.339818e-01,   -9.142608e-02,   -3.099024e+00,   -1.037214e+00,    4.683921e-01,    1.065203e+00,   -1.968400e-01,    6.126000e-03,   -2.199300e-01,   -5.947000e-02,    3.000000e-02,    3.000000e-02,    3.000000e-02,    3.000000e-02,
      1046,    3.981000e+02,    9.748531e-04,   -9.728868e-03,   -1.044734e-01,    2.459941e-02,    1.023490e-02,    2.265856e-01,   -3.688741e-02,   -2.748471e-01,    1.281900e-03,   -2.931300e-03,   -1.055800e-01,    1.635400e-02,    3.000000e-02,    3.000000e-02,    3.000000e-02,    3.000000e-02,
      1046,    6.309500e+02,   -1.178438e-03,   -1.200774e-02,   -1.073385e-01,    2.447605e-02,   -5.100872e-02,    4.126178e-01,    1.732819e-01,   -4.549015e-01,   -2.708700e-03,    3.708000e-04,   -1.021400e-01,    1.082900e-02,    3.000000e-02,    3.000000e-02,    3.000000e-02,    3.000000e-02,
      1046,    1.000000e+03,    8.435139e-04,   -1.556034e-02,   -1.137550e-01,    2.381817e-02,   -2.451971e-01,    5.009047e-01,    4.705663e-01,   -4.306055e-01,   -6.512400e-03,   -5.332000e-04,   -9.963800e-02,    1.090000e-02,    3.000000e-02,    3.000000e-02,    3.000000e-02,    3.000000e-02,
