MT,
     StaID,        Freq[Hz],     Re(Zxx)_Cal,     Im(Zxx)_Cal,     Re(Zxy)_Cal,     Im(Zxy)_Cal,     Re(Zyx)_Cal,     Im(Zyx)_Cal,     Re(Zyy)_Cal,     Im(Zyy)_Cal,     Re(Zxx)_Res,     Im(Zxx)_Res,     Re(Zxy)_Res,     Im(Zxy)_Res,     Re(Zyx)_Res,     Im(Zyx)_Res,     Re(Zyy)_Res,     Im(Zyy)_Res,     Re(Zxx)_Obs,     Im(Zxx)_Obs,     Re(Zxy)_Obs,     Im(Zxy)_Obs,     Re(Zyx)_Obs,     Im(Zyx)_Obs,     Re(Zyy)_Obs,     Im(Zyy)_Obs,      Re(Zxx)_SD,      Im(Zxx)_SD,      Re(Zxy)_SD,      Im(Zxy)_SD,      Re(Zyx)_SD,      Im(Zyx)_SD,      Re(Zyy)_SD,      Im(Zyy)_SD,
         1,    2.511800e+01,   -1.401119e-02,    1.012349e-03,    5.556118e-02,   -4.318479e-02,   -9.069621e-02,    5.514378e-02,    3.422138e-02,   -1.971090e-02,    8.699903e-01,   -7.792581e-01,   -1.152757e-02,   -3.363908e-01,    2.284134e-01,    4.689541e-01,    1.019654e+00,   -5.002776e-01,   -1.041700e-02,   -2.207000e-03,    5.551100e-02,   -4.464900e-02,   -8.970200e-02,    5.718500e-02,    4.561500e-02,   -2.530100e-02,    4.131300e-03,    4.131300e-03,    4.352700e-03,    4.352700e-03,    4.352700e-03,    4.352700e-03,    1.117400e-02,    1.117400e-02,
         1,    3.981000e+01,   -1.502567e-02,    4.144910e-03,    6.397458e-02,   -5.711047e-02,   -1.046083e-01,    7.389885e-02,    3.964975e-02,   -2.525878e-02,    1.346788e+00,   -6.408076e-01,   -3.223448e-01,    5.194073e-01,    4.411276e-01,   -6.371398e-01,    8.329324e-01,   -2.114978e-01,   -9.366600e-03,    1.452300e-03,    6.233900e-02,   -5.447500e-02,   -1.023700e-01,    7.066600e-02,    5.021300e-02,   -2.794100e-02,    4.201900e-03,    4.201900e-03,    5.074000e-03,    5.074000e-03,    5.074000e-03,    5.074000e-03,    1.268200e-02,    1.268200e-02,
         1,    6.309500e+01,   -1.781023e-02,    6.196729e-03,    7.689388e-02,   -7.668127e-02,   -1.241401e-01,    9.627331e-02,    4.754376e-02,   -3.136698e-02,    1.270175e+00,   -6.570577e-02,   -2.379304e-01,    6.778761e-01,   -1.714070e-01,   -8.398689e-01,    8.420762e-01,   -5.322265e-03,   -1.094900e-02,    5.841800e-03,    7.538100e-02,   -7.237100e-02,   -1.252300e-01,    9.093300e-02,    6.052100e-02,   -3.144900e-02,    5.401800e-03,    5.401800e-03,    6.358500e-03,    6.358500e-03,    6.358500e-03,    6.358500e-03,    1.541100e-02,    1.541100e-02,
         2,    2.511800e+01,   -5.113055e-03,   -4.227060e-03,    6.512181e-02,   -6.555483e-02,   -5.152023e-02,    5.592684e-02,   -3.218127e-03,    6.172177e-03,   -8.478954e-01,   -9.669623e-02,    6.844326e-01,   -4.066813e-01,   -1.351980e+00,   -2.476639e-01,   -7.012289e-02,    5.099992e-01,   -9.093500e-03,   -4.681000e-03,    6.810600e-02,   -6.732800e-02,   -5.741500e-02,    5.484700e-02,   -3.498100e-03,    8.208400e-03,    4.694500e-03,    4.694500e-03,    4.360100e-03,    4.360100e-03,    4.360100e-03,    4.360100e-03,    3.992600e-03,    3.992600e-03,
         2,    3.981000e+01,   -4.309523e-03,   -2.411963e-03,    8.134160e-02,   -8.573307e-02,   -6.529992e-02,    7.554071e-02,   -5.268468e-03,    8.157247e-03,   -1.436107e-01,   -6.701027e-02,    9.382746e-01,   -3.955828e-01,   -1.402339e+00,    1.662942e-01,   -3.665125e-01,    3.695382e-01,   -4.874100e-03,   -2.675400e-03,    8.670900e-02,   -8.799600e-02,   -7.332200e-02,    7.649200e-02,   -7.269700e-03,    1.017500e-02,    3.931300e-03,    3.931300e-03,    5.720500e-03,    5.720500e-03,    5.720500e-03,    5.720500e-03,    5.460200e-03,    5.460200e-03,
         2,    6.309500e+01,   -3.845361e-03,   -1.691742e-03,    1.043317e-01,   -1.103207e-01,   -8.486642e-02,    9.945191e-02,   -8.706165e-03,    9.834197e-03,    5.695671e-01,    3.961808e-01,    5.882865e-01,   -1.480629e-01,   -9.932889e-01,    1.972822e-01,   -5.013139e-01,    2.183326e-01,   -2.229100e-03,   -5.675000e-04,    1.086200e-01,   -1.114000e-01,   -9.210700e-02,    1.008900e-01,   -1.230600e-02,    1.140200e-02,    2.837700e-03,    2.837700e-03,    7.289500e-03,    7.289500e-03,    7.289500e-03,    7.289500e-03,    7.180800e-03,    7.180800e-03,
         3,    3.981000e+01,    7.076923e-03,   -1.280678e-02,    8.603914e-02,   -8.504791e-02,   -6.106968e-02,    7.476589e-02,   -2.118416e-02,    1.885926e-02,   -2.774294e+00,   -4.643037e-02,   -1.823125e+00,   -1.928054e+00,    3.961746e-01,   -3.286357e-01,   -5.083512e-01,    1.521898e+00,   -1.289300e-02,   -1.314100e-02,    6.597200e-02,   -1.062700e-01,   -5.892400e-02,    7.298600e-02,   -2.598000e-02,    3.321700e-02,    7.198200e-03,    7.198200e-03,    1.100700e-02,    1.100700e-02,    5.416000e-03,    5.416000e-03,    9.434100e-03,    9.434100e-03,
         3,    6.309500e+01,    1.067465e-02,   -1.521088e-02,    1.092941e-01,   -1.066812e-01,   -8.031784e-02,    9.676919e-02,   -2.708938e-02,    2.247745e-02,   -1.975910e+00,   -4.952471e-01,   -5.449476e-01,   -2.451776e+00,    1.487192e-02,    1.731792e-01,   -1.127658e+00,    9.787763e-01,   -6.693200e-03,   -1.956400e-02,    1.042800e-01,   -1.292400e-01,   -8.021000e-02,    9.802500e-02,   -4.103400e-02,    3.458100e-02,    8.789800e-03,    8.789800e-03,    9.201000e-03,    9.201000e-03,    7.251500e-03,    7.251500e-03,    1.236600e-02,    1.236600e-02,
         4,    2.511800e+01,   -8.261745e-03,    1.086794e-02,    7.676294e-02,   -8.035440e-02,   -8.667121e-02,    1.005861e-01,   -9.278374e-03,   -1.454433e-02,   -2.348784e-01,   -1.010446e+00,   -9.419427e-02,    7.186821e-02,    4.471288e-01,   -1.203975e+00,   -8.245758e-02,   -1.876432e-01,   -9.490300e-03,    5.582700e-03,    7.620800e-02,   -7.993100e-02,   -8.403700e-02,    9.349300e-02,   -9.878500e-03,   -1.591000e-02,    5.230600e-03,    5.230600e-03,    5.891400e-03,    5.891400e-03,    5.891400e-03,    5.891400e-03,    7.278000e-03,    7.278000e-03,
         4,    3.981000e+01,   -1.203811e-02,    1.271312e-02,    9.297071e-02,   -1.073033e-01,   -1.087934e-01,    1.333784e-01,   -6.021572e-03,   -2.355317e-02,   -2.165429e-01,   -1.482263e+00,    2.984953e-02,   -4.022952e-01,    9.627983e-01,   -9.320763e-01,    4.723340e-03,   -2.824462e-01,   -1.348700e-02,    2.795300e-03,    9.319900e-02,   -1.103800e-01,   -1.014300e-01,    1.262500e-01,   -5.974700e-03,   -2.635600e-02,    6.691000e-03,    6.691000e-03,    7.647900e-03,    7.647900e-03,    7.647900e-03,    7.647900e-03,    9.923400e-03,    9.923400e-03,
         4,    6.309500e+01,   -1.541950e-02,    1.406093e-02,    1.142114e-01,   -1.451557e-01,   -1.390369e-01,    1.773708e-01,    7.394099e-04,   -3.457788e-02,    1.030248e-01,   -7.791442e-01,    2.383923e-01,   -7.662282e-01,    7.568198e-01,    2.654943e-01,    5.869371e-02,   -3.321070e-01,   -1.455200e-02,    7.500300e-03,    1.166800e-01,   -1.530900e-01,   -1.312000e-01,    1.801200e-01,    1.563000e-03,   -3.923800e-02,    8.420300e-03,    8.420300e-03,    1.035500e-02,    1.035500e-02,    1.035500e-02,    1.035500e-02,    1.403200e-02,    1.403200e-02,
         5,    2.511800e+01,    5.229246e-03,   -1.323496e-02,    6.755834e-02,   -5.814426e-02,   -5.144811e-02,    3.853343e-02,   -2.362812e-03,    2.694274e-03,    6.091658e-01,   -6.506965e-01,    6.698012e-01,    3.708722e-01,   -1.748500e-01,    3.712106e-01,    3.583496e-01,    5.041769e-01,    9.067600e-03,   -1.733500e-02,    7.013600e-02,   -5.671700e-02,   -5.212100e-02,    3.996200e-02,   -1.468300e-03,    3.952800e-03,    6.301000e-03,    6.301000e-03,    3.848400e-03,    3.848400e-03,    3.848400e-03,    3.848400e-03,    2.496200e-03,    2.496200e-03,
         5,    3.981000e+01,    1.164740e-02,   -1.185838e-02,    8.062707e-02,   -7.510048e-02,   -5.882437e-02,    5.429057e-02,   -3.654740e-03,    3.628465e-03,    5.823643e-01,   -3.471000e-01,   -2.156971e-01,    1.113417e+00,   -1.358804e-01,    2.502488e-01,    1.479435e-01,    6.129953e-01,    1.580100e-02,   -1.433400e-02,    7.962600e-02,   -6.993300e-02,   -5.945500e-02,    5.545200e-02,   -3.142500e-03,    5.750900e-03,    7.132300e-03,    7.132300e-03,    4.641100e-03,    4.641100e-03,    4.641100e-03,    4.641100e-03,    3.462400e-03,    3.462400e-03,
         5,    6.309500e+01,    1.686861e-02,   -7.201944e-03,    9.910903e-02,   -9.772867e-02,   -7.256171e-02,    7.541684e-02,   -6.106381e-03,    3.551540e-03,    8.218008e-01,   -4.840937e-02,   -6.079667e-01,    8.066888e-01,   -2.431335e-01,    7.837057e-01,    1.496900e-01,    5.869142e-01,    2.400800e-02,   -7.622500e-03,    9.544500e-02,   -9.286700e-02,   -7.402700e-02,    8.014000e-02,   -5.433300e-03,    6.190600e-03,    8.687500e-03,    8.687500e-03,    6.026700e-03,    6.026700e-03,    6.026700e-03,    6.026700e-03,    4.496500e-03,    4.496500e-03,
         6,    2.511800e+01,    1.888924e-01,   -3.969647e-02,    1.707557e-01,   -1.237013e-01,   -2.670387e-01,    1.161239e-01,   -1.540648e-01,    5.878492e-02,   -1.214385e-01,    2.252205e-01,   -5.275996e-01,   -1.329046e-01,   -1.380095e-01,   -4.213683e-01,    7.649470e-01,   -2.718153e-01,    1.853000e-01,   -3.303400e-02,    1.642900e-01,   -1.253300e-01,   -2.687300e-01,    1.109600e-01,   -1.308900e-01,    5.055000e-02,    2.958200e-02,    2.958200e-02,    1.225500e-02,    1.225500e-02,    1.225500e-02,    1.225500e-02,    3.029600e-02,    3.029600e-02,
         6,    3.981000e+01,    2.006503e-01,   -2.313428e-02,    2.036777e-01,   -1.417467e-01,   -2.955520e-01,    1.215485e-01,   -1.745636e-01,    4.777721e-02,   -1.368436e-01,    1.770782e-01,   -2.553557e-01,   -4.023671e-01,    8.128459e-02,   -1.507841e-01,    8.507854e-01,   -2.785419e-01,    1.961100e-01,   -1.725900e-02,    2.000900e-01,   -1.474000e-01,   -2.944100e-01,    1.194300e-01,   -1.465600e-01,    3.860900e-02,    3.317900e-02,    3.317900e-02,    1.405000e-02,    1.405000e-02,    1.405000e-02,    1.405000e-02,    3.291500e-02,    3.291500e-02,
         6,    6.309500e+01,    2.054996e-01,   -4.792278e-03,    2.384370e-01,   -1.664496e-01,   -3.225418e-01,    1.342988e-01,   -1.890044e-01,    3.285840e-02,   -1.181464e-01,    6.197343e-02,   -8.429534e-02,   -7.434537e-01,    2.729518e-01,   -1.738920e-01,    9.365064e-01,   -4.270976e-01,    2.011700e-01,   -2.521200e-03,    2.370900e-01,   -1.783300e-01,   -3.181800e-01,    1.315200e-01,   -1.563100e-01,    1.794800e-02,    3.664600e-02,    3.664600e-02,    1.598000e-02,    1.598000e-02,    1.598000e-02,    1.598000e-02,    3.491100e-02,    3.491100e-02,
         7,    2.511800e+01,    4.405836e-04,    7.171195e-03,    6.808318e-02,   -6.515598e-02,   -7.838759e-02,    6.359867e-02,   -1.273067e-02,    1.157507e-02,   -4.971794e-01,    2.071770e-01,    3.389736e-02,    4.596794e-01,    4.148375e-01,   -1.804670e-03,    3.867918e-01,   -3.792575e-01,   -1.615800e-03,    8.028100e-03,    6.824600e-02,   -6.294800e-02,   -7.639500e-02,    6.359000e-02,   -1.055400e-02,    9.440800e-03,    4.136100e-03,    4.136100e-03,    4.803300e-03,    4.803300e-03,    4.803300e-03,    4.803300e-03,    5.627500e-03,    5.627500e-03,
         7,    3.981000e+01,   -2.743517e-03,    8.057015e-03,    8.541757e-02,   -7.905459e-02,   -9.312988e-02,    7.798519e-02,   -1.489498e-02,    1.430029e-02,   -2.920353e-01,    6.704390e-02,   -1.200485e-02,    3.137904e-01,    2.544705e-01,   -5.889262e-02,    4.619865e-01,   -1.453179e-01,   -4.182200e-03,    8.387300e-03,    8.534700e-02,   -7.721000e-02,   -9.163400e-02,    7.763900e-02,   -1.169900e-02,    1.329500e-02,    4.926400e-03,    4.926400e-03,    5.878400e-03,    5.878400e-03,    5.878400e-03,    5.878400e-03,    6.917900e-03,    6.917900e-03,
         7,    6.309500e+01,   -5.602531e-03,    7.763657e-03,    1.051029e-01,   -9.639803e-02,   -1.106571e-01,    9.835402e-02,   -1.782928e-02,    1.902779e-02,   -1.723829e-01,    2.253586e-02,   -3.274378e-01,    3.096309e-01,    3.294373e-01,   -1.365696e-01,    3.215609e-01,    9.157228e-02,   -6.581200e-03,    7.891600e-03,    1.027700e-01,   -9.419200e-02,   -1.083100e-01,    9.738100e-02,   -1.492800e-02,    1.985400e-02,    5.677300e-03,    5.677300e-03,    7.124700e-03,    7.124700e-03,    7.124700e-03,    7.124700e-03,    9.022500e-03,    9.022500e-03,
         8,    2.511800e+01,   -4.352809e-01,    2.338823e-01,    1.067353e-01,   -1.640860e-01,   -3.059141e-01,    1.571876e-01,   -1.930736e-02,   -2.089625e-02,    1.141351e+00,    1.466424e-01,    3.017690e-01,   -3.497885e-01,   -6.301994e-02,   -7.109938e-01,   -6.367931e-02,    4.944482e-01,   -3.835400e-01,    2.405300e-01,    1.106900e-01,   -1.686700e-01,   -3.067400e-01,    1.478700e-01,   -2.018200e-02,   -1.410500e-02,    4.533300e-02,    4.533300e-02,    1.310500e-02,    1.310500e-02,    1.310500e-02,    1.310500e-02,    1.373500e-02,    1.373500e-02,
         9,    2.511800e+01,   -4.238114e-03,   -4.033289e-03,    4.838973e-02,   -3.725519e-02,   -4.479076e-02,    3.771578e-02,    3.997060e-03,    1.293989e-04,    7.070058e-01,   -3.373517e-01,    3.894408e-01,   -5.710835e-01,    6.538972e-01,   -9.991164e-01,    7.304788e-01,   -2.641785e-01,   -2.259700e-03,   -4.977300e-03,    4.992600e-02,   -3.950800e-02,   -4.285300e-02,    3.475500e-02,    5.994700e-03,   -5.930500e-04,    2.798300e-03,    2.798300e-03,    3.944800e-03,    3.944800e-03,    2.963400e-03,    2.963400e-03,    2.734700e-03,    2.734700e-03,
         9,    3.981000e+01,   -2.070826e-03,   -3.525272e-03,    5.330529e-02,   -5.097617e-02,   -5.200266e-02,    5.207707e-02,    3.731177e-03,    1.522007e-03,    1.376804e+00,   -1.183920e-01,    7.442868e-01,   -2.179902e-01,   -2.907151e-01,   -1.364508e+00,    1.755069e+00,   -1.003459e+00,    1.611300e-03,   -3.841900e-03,    5.604300e-02,   -5.177800e-02,   -5.307200e-02,    4.705800e-02,    1.129500e-02,   -2.802600e-03,    2.674400e-03,    2.674400e-03,    3.678300e-03,    3.678300e-03,    3.678300e-03,    3.678300e-03,    4.309700e-03,    4.309700e-03,
         9,    6.309500e+01,   -5.977691e-04,   -1.596829e-03,    6.222053e-02,   -7.348369e-02,   -6.336847e-02,    7.192736e-02,    2.428210e-03,    2.451435e-03,    1.274970e+00,   -6.057740e-01,    1.078662e+00,   -5.540608e-02,    5.317954e-01,    2.870925e-01,    1.395606e+00,   -8.632378e-01,    3.803300e-03,   -3.687900e-03,    6.748300e-02,   -7.375400e-02,   -6.077400e-02,    7.332800e-02,    8.370000e-03,   -1.223800e-03,    3.451900e-03,    3.451900e-03,    4.878700e-03,    4.878700e-03,    4.878700e-03,    4.878700e-03,    4.257500e-03,    4.257500e-03,
        10,    2.511800e+01,   -4.973210e-02,    1.905241e-02,    1.192367e-01,   -1.264068e-01,   -1.486822e-01,    1.159059e-01,    7.053698e-02,   -6.390285e-02,    6.703944e-01,   -2.046161e-01,    1.100708e-01,   -4.841780e-01,    2.635429e-01,    6.956454e-02,   -2.115814e-01,    6.425954e-01,   -4.084200e-02,    1.633900e-02,    1.202400e-01,   -1.308200e-01,   -1.462800e-01,    1.165400e-01,    6.655100e-02,   -5.179700e-02,    1.326100e-02,    1.326100e-02,    9.114900e-03,    9.114900e-03,    9.114900e-03,    9.114900e-03,    1.883900e-02,    1.883900e-02,
        10,    3.981000e+01,   -5.778430e-02,    6.752428e-03,    1.492627e-01,   -1.642097e-01,   -1.748243e-01,    1.416028e-01,    9.063488e-02,   -7.193848e-02,    1.853539e-01,    2.287991e-01,    1.055564e-01,    4.176194e-02,   -1.854253e-01,    1.420022e-01,   -5.519275e-02,    3.149123e-01,   -5.469000e-02,    1.057200e-02,    1.504500e-01,   -1.637400e-01,   -1.769100e-01,    1.432000e-01,    8.932400e-02,   -6.445900e-02,    1.669400e-02,    1.669400e-02,    1.124800e-02,    1.124800e-02,    1.124800e-02,    1.124800e-02,    2.375100e-02,    2.375100e-02,
        11,    2.511800e+01,   -3.035815e-02,   -1.447722e-02,    7.138796e-02,   -5.722289e-02,   -6.790593e-02,    4.532298e-02,    4.326635e-03,   -1.711889e-03,   -8.141657e-01,    1.157370e-01,    4.755421e-01,   -9.809938e-01,   -3.228528e-01,   -6.492923e-01,   -7.539788e-01,    2.897167e-01,   -3.794300e-02,   -1.339900e-02,    7.348700e-02,   -6.155300e-02,   -6.933100e-02,    4.245700e-02,    2.614500e-03,   -1.054000e-03,    9.316100e-03,    9.316100e-03,    4.414000e-03,    4.414000e-03,    4.414000e-03,    4.414000e-03,    2.270800e-03,    2.270800e-03,
        11,    3.981000e+01,   -2.193123e-02,   -1.648886e-02,    8.397199e-02,   -6.991065e-02,   -7.523281e-02,    6.433908e-02,    5.304701e-03,   -1.441217e-03,   -8.290411e-01,   -1.933604e-01,    4.637971e-01,   -3.797678e-01,    4.616115e-01,   -1.113165e+00,   -5.700950e-01,    2.558083e-01,   -2.971800e-02,   -1.830500e-02,    8.634900e-02,   -7.185700e-02,   -7.286700e-02,    5.863400e-02,    3.699200e-03,   -7.208100e-04,    9.392500e-03,    9.392500e-03,    5.125100e-03,    5.125100e-03,    5.125100e-03,    5.125100e-03,    2.816200e-03,    2.816200e-03,
        11,    6.309500e+01,   -1.322843e-02,   -1.379860e-02,    9.882945e-02,   -8.916560e-02,   -9.052047e-02,    9.150905e-02,    5.975854e-03,   -5.901048e-04,   -8.697533e-01,   -4.927074e-01,    9.218159e-01,   -8.159644e-01,    1.459732e-01,    7.895548e-02,   -4.293891e-01,   -2.016766e-01,   -2.148700e-02,   -1.847700e-02,    1.050400e-01,   -9.466300e-02,   -8.953700e-02,    9.204100e-02,    4.409700e-03,   -1.325700e-03,    9.495300e-03,    9.495300e-03,    6.737300e-03,    6.737300e-03,    6.737300e-03,    6.737300e-03,    3.647400e-03,    3.647400e-03,
        12,    2.511800e+01,   -3.103061e-03,    6.860585e-03,    4.354818e-02,   -4.406731e-02,   -4.688852e-02,    4.902639e-02,    5.466164e-03,   -1.924053e-02,   -1.456802e+00,   -9.165468e-01,    1.318423e-01,   -5.609298e-01,   -2.108782e-01,   -6.194249e-01,    2.676528e+00,   -2.718292e-01,   -8.352500e-03,    3.557900e-03,    4.397800e-02,   -4.589600e-02,   -4.757600e-02,    4.700700e-02,    2.404100e-02,   -2.112700e-02,    3.603400e-03,    3.603400e-03,    3.260100e-03,    3.260100e-03,    3.260100e-03,    3.260100e-03,    6.939900e-03,    6.939900e-03,
        12,    3.981000e+01,   -6.574599e-03,    1.047317e-02,    5.287867e-02,   -5.795424e-02,   -5.841432e-02,    6.523670e-02,    1.180425e-02,   -2.674027e-02,   -1.049217e+00,   -3.491220e-01,   -3.062232e-02,    2.135145e-01,   -3.320451e-01,   -6.010619e-01,    1.895719e+00,    5.885537e-03,   -1.190200e-02,    8.700500e-03,    5.275300e-02,   -5.707800e-02,   -5.977700e-02,    6.277000e-02,    2.831900e-02,   -2.668900e-02,    5.077500e-03,    5.077500e-03,    4.103900e-03,    4.103900e-03,    4.103900e-03,    4.103900e-03,    8.711600e-03,    8.711600e-03,
        12,    6.309500e+01,   -1.031949e-02,    1.290170e-02,    6.531935e-02,   -7.736879e-02,   -7.351191e-02,    8.638652e-02,    1.989942e-02,   -3.399686e-02,   -5.516691e-01,    7.403481e-02,    5.284824e-01,   -2.315574e-01,   -9.777797e-01,    5.311444e-01,    1.108291e+00,   -2.495557e-01,   -1.404000e-02,    1.340100e-02,    6.826400e-02,   -7.865900e-02,   -7.896000e-02,    8.934600e-02,    3.263700e-02,   -3.686500e-02,    6.744100e-03,    6.744100e-03,    5.571900e-03,    5.571900e-03,    5.571900e-03,    5.571900e-03,    1.149300e-02,    1.149300e-02,
        13,    2.511800e+01,   -5.319649e-03,   -8.952676e-03,    4.065601e-02,   -4.698033e-02,   -4.253448e-02,    4.093907e-02,    5.626659e-03,    1.378568e-03,    1.382789e-01,   -3.815152e-01,    3.745934e-01,    7.986694e-01,   -7.589408e-02,   -1.768128e-01,    5.232798e-01,    1.878965e-02,   -4.769700e-03,   -1.047000e-02,    4.177900e-02,   -4.458600e-02,   -4.276200e-02,    4.040900e-02,    7.265100e-03,    1.437400e-03,    3.977100e-03,    3.977100e-03,    2.997900e-03,    2.997900e-03,    2.997900e-03,    2.997900e-03,    3.131100e-03,    3.131100e-03,
        13,    3.981000e+01,   -2.421580e-03,   -8.960711e-03,    5.182962e-02,   -5.987975e-02,   -5.109071e-02,    5.650738e-02,    5.175009e-03,    4.072124e-03,   -1.754301e-01,   -3.539795e-01,   -5.469020e-01,    8.703156e-01,    2.766413e-01,   -6.197726e-01,    5.637273e-01,    2.476779e-01,   -3.178000e-03,   -1.048700e-02,    4.979000e-02,   -5.663400e-02,   -5.005900e-02,    5.419600e-02,    7.341300e-03,    5.023900e-03,    4.311800e-03,    4.311800e-03,    3.729400e-03,    3.729400e-03,    3.729400e-03,    3.729400e-03,    3.842800e-03,    3.842800e-03,
        13,    6.309500e+01,   -3.634192e-05,   -9.111023e-03,    6.584992e-02,   -7.728110e-02,   -6.457851e-02,    7.739427e-02,    3.313962e-03,    6.726588e-03,    1.944282e-01,   -5.213797e-01,   -4.545213e-01,   -4.855485e-01,    5.009871e-01,   -1.576905e-02,    8.898039e-02,    5.111453e-01,    9.783400e-04,   -1.183200e-02,    6.356500e-02,   -7.972200e-02,   -6.206000e-02,    7.731500e-02,    3.731200e-03,    9.123400e-03,    5.218800e-03,    5.218800e-03,    5.027100e-03,    5.027100e-03,    5.027100e-03,    5.027100e-03,    4.689100e-03,    4.689100e-03,
        14,    2.511800e+01,    1.393345e-01,   -7.050770e-02,    9.605050e-02,   -1.559581e-01,   -2.831857e-01,    1.518707e-01,   -3.440190e-02,    3.727531e-02,   -4.495847e-01,   -4.507786e-01,   -1.799818e-01,    3.656595e-02,   -9.347366e-01,   -1.371563e-01,   -7.746016e-01,   -5.082957e-02,    1.281300e-01,   -8.174200e-02,    9.384500e-02,   -1.555100e-01,   -2.946400e-01,    1.501900e-01,   -5.112400e-02,    3.617800e-02,    2.492200e-02,    2.492200e-02,    1.225400e-02,    1.225400e-02,    1.225400e-02,    1.225400e-02,    2.158800e-02,    2.158800e-02,
        14,    3.981000e+01,    1.575550e-01,   -8.680667e-02,    1.293173e-01,   -2.226228e-01,   -3.189943e-01,    1.852884e-01,   -3.704929e-02,    6.266642e-02,   -7.912016e-01,   -3.553231e-01,   -6.946674e-01,    1.033344e+00,   -1.435378e-01,   -5.232213e-01,   -4.898256e-01,   -6.319961e-01,    1.339400e-01,   -9.741200e-02,    1.190300e-01,   -2.073200e-01,   -3.211200e-01,    1.775400e-01,   -4.866600e-02,    4.767800e-02,    2.984700e-02,    2.984700e-02,    1.480900e-02,    1.480900e-02,    1.480900e-02,    1.480900e-02,    2.371600e-02,    2.371600e-02,
        14,    6.309500e+01,    1.814134e-01,   -1.053603e-01,    1.865132e-01,   -3.078291e-01,   -3.664917e-01,    2.301681e-01,   -5.272344e-02,    9.752980e-02,   -7.437560e-01,   -5.912683e-01,   -2.512262e+00,    1.272293e+00,    6.636930e-02,   -4.529873e-01,    5.725249e-01,   -8.048788e-01,    1.533500e-01,   -1.276700e-01,    1.402700e-01,   -2.844100e-01,   -3.652700e-01,    2.218300e-01,   -3.652900e-02,    7.476300e-02,    3.773200e-02,    3.773200e-02,    1.840700e-02,    1.840700e-02,    1.840700e-02,    1.840700e-02,    2.828600e-02,    2.828600e-02,
        15,    2.511800e+01,   -2.798647e-02,    7.430786e-03,    5.198423e-02,   -5.834573e-02,   -3.842419e-02,    4.325496e-02,   -8.848938e-04,   -1.169560e-04,   -1.079534e+00,   -4.083218e-01,   -6.225766e-01,   -8.094893e-01,   -2.798459e-01,   -8.717963e-01,   -4.821557e-01,    4.334177e-01,   -3.672800e-02,    4.124400e-03,    4.990900e-02,   -6.104400e-02,   -3.935700e-02,    4.034900e-02,   -1.585900e-03,    5.131900e-04,    8.097500e-03,    8.097500e-03,    3.333300e-03,    3.333300e-03,    3.333300e-03,    3.333300e-03,    1.453900e-03,    1.453900e-03,
        15,    3.981000e+01,   -3.162947e-02,    4.151503e-03,    6.537046e-02,   -7.574034e-02,   -4.611668e-02,    5.919590e-02,   -3.006679e-04,   -1.158657e-04,   -9.192564e-01,   -7.250172e-01,    4.309456e-02,   -5.315138e-01,    3.079846e-01,   -9.053737e-01,    1.274619e+00,    9.699846e-01,   -4.049800e-02,   -2.843100e-03,    6.555400e-02,   -7.800400e-02,   -4.480500e-02,    5.534000e-02,    2.703100e-03,    2.170000e-03,    9.647500e-03,    9.647500e-03,    4.258900e-03,    4.258900e-03,    4.258900e-03,    4.258900e-03,    2.356600e-03,    2.356600e-03,
        15,    6.309500e+01,   -3.411681e-02,   -1.586355e-03,    8.446998e-02,   -9.948573e-02,   -5.753909e-02,    8.235473e-02,    7.336823e-04,    5.944628e-04,   -4.533719e-01,   -1.231703e+00,    3.478154e-01,    4.797295e-01,    7.768496e-01,   -1.782212e-01,    1.255163e+00,   -1.824353e-02,   -3.913700e-02,   -1.522500e-02,    8.642300e-02,   -9.679200e-02,   -5.317700e-02,    8.135400e-02,    4.822000e-03,    5.350400e-04,    1.107300e-02,    1.107300e-02,    5.615100e-03,    5.615100e-03,    5.615100e-03,    5.615100e-03,    3.257200e-03,    3.257200e-03,
        16,    2.511800e+01,    2.445496e-03,   -9.052404e-03,    4.830833e-02,   -5.023121e-02,   -6.361291e-02,    6.324983e-02,   -2.254132e-03,    7.826642e-03,    9.243338e-02,   -4.551544e-01,    1.368855e+00,    7.094469e-02,    1.074283e-01,   -4.837313e-02,   -3.292077e-01,   -7.276664e-01,    2.846500e-03,   -1.102700e-02,    5.385000e-02,   -4.994400e-02,   -6.317800e-02,    6.305400e-02,   -3.421700e-03,    5.245900e-03,    4.338300e-03,    4.338300e-03,    4.048400e-03,    4.048400e-03,    4.048400e-03,    4.048400e-03,    3.546600e-03,    3.546600e-03,
        16,    3.981000e+01,    5.379893e-03,   -9.363763e-03,    6.050129e-02,   -6.465549e-02,   -8.040330e-02,    8.319160e-02,   -5.145749e-03,    8.307306e-03,    1.479374e-01,   -9.898336e-01,    1.006583e+00,    5.704532e-02,   -1.315444e-01,    3.435112e-01,   -1.597916e-01,   -7.576500e-01,    6.240800e-03,   -1.512400e-02,    6.573300e-02,   -6.435900e-02,   -8.108700e-02,    8.497700e-02,   -5.863900e-03,    4.902200e-03,    5.819400e-03,    5.819400e-03,    5.197500e-03,    5.197500e-03,    5.197500e-03,    5.197500e-03,    4.494300e-03,    4.494300e-03,
        16,    6.309500e+01,    7.698921e-03,   -9.847621e-03,    7.703197e-02,   -8.333885e-02,   -1.030260e-01,    1.061783e-01,   -7.303779e-03,    8.432466e-03,    1.110851e+00,   -6.379351e-02,    3.468426e-01,   -2.470937e-01,   -3.911908e-01,    8.200173e-02,    5.459618e-01,   -5.970234e-01,    1.543700e-02,   -1.029200e-02,    7.932300e-02,   -8.497100e-02,   -1.056100e-01,    1.067200e-01,   -4.615900e-03,    5.493200e-03,    6.965900e-03,    6.965900e-03,    6.605400e-03,    6.605400e-03,    6.605400e-03,    6.605400e-03,    4.923200e-03,    4.923200e-03,
        17,    2.511800e+01,   -5.132300e-03,    5.179591e-04,    4.558989e-02,   -4.243912e-02,   -4.026196e-02,    5.104349e-02,   -8.713241e-04,    1.601059e-03,   -3.918239e-02,   -1.322180e+00,   -7.092238e-02,    9.362395e-01,   -6.905183e-01,    6.847263e-01,   -1.038583e+00,    6.208812e-01,   -5.245800e-03,   -3.312000e-03,    4.536300e-02,   -3.944400e-02,   -4.247100e-02,    5.323400e-02,   -3.748200e-03,    3.320900e-03,    2.896700e-03,    2.896700e-03,    3.199100e-03,    3.199100e-03,    3.199100e-03,    3.199100e-03,    2.770000e-03,    2.770000e-03,
        17,    3.981000e+01,   -4.727454e-03,    3.262386e-03,    5.145644e-02,   -5.932609e-02,   -5.040150e-02,    7.086758e-02,   -1.361237e-03,    2.153988e-03,    9.469578e-01,    2.650963e+00,    1.721845e+00,    8.948630e-01,    4.787336e-01,    1.102801e+00,   -1.336949e+00,    1.221283e+00,    8.074200e-04,    1.875700e-02,    5.882800e-02,   -5.549500e-02,   -4.769900e-02,    7.709300e-02,   -7.720300e-03,    7.962900e-03,    5.844900e-03,    5.844900e-03,    4.281200e-03,    4.281200e-03,    5.645100e-03,    5.645100e-03,    4.756400e-03,    4.756400e-03,
        17,    6.309500e+01,   -4.979449e-03,    6.658874e-03,    6.167273e-02,   -8.520064e-02,   -6.499909e-02,    9.816117e-02,   -2.557375e-03,    2.672408e-03,    5.055490e-01,    2.215145e+00,    1.438847e+00,   -4.763389e-01,    1.621831e+00,    1.887979e+00,   -1.134407e+00,    1.872982e-01,   -1.043700e-03,    2.390400e-02,    7.019200e-02,   -8.802100e-02,   -5.214900e-02,    1.131200e-01,   -8.259700e-03,    3.613900e-03,    7.785100e-03,    7.785100e-03,    5.920900e-03,    5.920900e-03,    7.923200e-03,    7.923200e-03,    5.026700e-03,    5.026700e-03,
        18,    2.511800e+01,    3.987005e-01,   -1.703689e-01,    2.651937e-01,   -1.670114e-01,   -1.320793e+00,    6.532685e-01,   -6.657991e-01,    1.976244e-01,    1.259682e-01,    3.546002e-01,    2.738806e-02,   -5.280995e-01,   -1.472342e+00,   -1.129843e+00,    4.976124e-01,   -1.178605e-01,    4.057800e-01,   -1.504400e-01,    2.661500e-01,   -1.854500e-01,   -1.372200e+00,    6.138200e-01,   -5.937100e-01,    1.805500e-01,    5.620100e-02,    5.620100e-02,    3.491500e-02,    3.491500e-02,    3.491500e-02,    3.491500e-02,    1.448700e-01,    1.448700e-01,
        18,    3.981000e+01,    4.485020e-01,   -1.686245e-01,    3.022333e-01,   -1.904389e-01,   -1.506794e+00,    6.908938e-01,   -7.171138e-01,    1.362159e-01,   -1.069646e-01,    2.381979e-01,    1.304284e-01,   -5.356377e-01,    1.457223e-01,   -9.308229e-01,    4.652300e-01,    6.801319e-02,    4.418000e-01,   -1.537000e-01,    3.073300e-01,   -2.113700e-01,   -1.501100e+00,    6.545200e-01,   -6.445100e-01,    1.468300e-01,    6.265600e-02,    6.265600e-02,    3.907700e-02,    3.907700e-02,    3.907700e-02,    3.907700e-02,    1.560600e-01,    1.560600e-01,
        18,    6.309500e+01,    4.949299e-01,   -1.683946e-01,    3.402036e-01,   -2.326706e-01,   -1.696815e+00,    7.432892e-01,   -7.336646e-01,    8.522499e-02,   -1.503894e-01,    8.016011e-02,    4.593461e-01,   -5.639199e-01,    2.328221e-01,   -2.258207e-01,    2.920896e-01,    1.853350e-01,    4.841900e-01,   -1.626700e-01,    3.609500e-01,   -2.581400e-01,   -1.686300e+00,    7.330900e-01,   -6.841700e-01,    1.166300e-01,    7.141400e-02,    7.141400e-02,    4.516500e-02,    4.516500e-02,    4.516500e-02,    4.516500e-02,    1.694500e-01,    1.694500e-01,
        19,    2.511800e+01,    1.261107e-03,   -2.595197e-03,    6.044910e-02,   -5.828034e-02,   -6.086572e-02,    6.194582e-02,    1.498844e-02,   -1.485404e-02,    1.737113e-01,   -3.922693e-01,    5.009347e-01,   -1.538527e-01,   -8.935868e-01,    1.233799e-02,   -2.045834e-01,    1.342283e-01,    1.750000e-03,   -3.699200e-03,    6.264900e-02,   -5.895600e-02,   -6.479000e-02,    6.200000e-02,    1.370200e-02,   -1.401000e-02,    2.814400e-03,    2.814400e-03,    4.391600e-03,    4.391600e-03,    4.391600e-03,    4.391600e-03,    6.288100e-03,    6.288100e-03,
        19,    3.981000e+01,    1.263661e-03,   -2.067693e-03,    7.593747e-02,   -7.259119e-02,   -7.741555e-02,    7.839174e-02,    1.895899e-02,   -1.790823e-02,    3.573551e-01,    9.645279e-03,    3.957941e-01,    3.338300e-01,   -1.017175e+00,   -8.924522e-02,   -5.732843e-01,   -2.893736e-01,    2.219300e-03,   -2.041900e-03,    7.810500e-02,   -7.076300e-02,   -8.298600e-02,    7.790300e-02,    1.438900e-02,   -2.021500e-02,    2.674200e-03,    2.674200e-03,    5.476400e-03,    5.476400e-03,    5.476400e-03,    5.476400e-03,    7.971600e-03,    7.971600e-03,
        19,    6.309500e+01,    2.054671e-03,   -1.983609e-03,    9.407260e-02,   -8.959339e-02,   -9.626351e-02,    9.894553e-02,    2.254283e-02,   -2.200652e-02,   -1.417510e-02,    3.571740e-01,    4.900719e-01,    4.048439e-01,   -1.162325e+00,   -4.728690e-01,   -4.999344e-01,   -5.518659e-01,    2.018000e-03,   -1.059600e-03,    9.740200e-02,   -8.684300e-02,   -1.041600e-01,    9.573300e-02,    1.744400e-02,   -2.763500e-02,    2.587000e-03,    2.587000e-03,    6.793700e-03,    6.793700e-03,    6.793700e-03,    6.793700e-03,    1.019900e-02,    1.019900e-02,
        20,    2.511800e+01,   -1.847004e-02,    2.049505e-03,    1.055325e-01,   -9.496304e-02,   -1.106472e-01,    9.121544e-02,   -3.420803e-03,    4.299416e-03,   -8.327494e-01,   -1.260841e+00,   -6.771876e-01,   -3.082336e-02,   -3.787455e-01,    3.340137e-01,    3.287494e-01,    2.138479e+00,   -2.625000e-02,   -9.729900e-03,    1.007000e-01,   -9.518300e-02,   -1.133500e-01,    9.359900e-02,   -5.577900e-04,    2.292300e-02,    9.342500e-03,    9.342500e-03,    7.136100e-03,    7.136100e-03,    7.136100e-03,    7.136100e-03,    8.708800e-03,    8.708800e-03,
        21,    2.511800e+01,   -1.830423e-03,   -4.496512e-03,    6.243175e-02,   -6.452242e-02,   -5.928997e-02,    6.113029e-02,    4.009930e-04,    2.497665e-03,   -6.981396e-01,   -8.329029e-01,    4.747491e-01,    2.576096e-01,   -3.912762e-01,   -7.360466e-03,   -2.465904e-01,    2.869058e-01,   -4.931000e-03,   -8.195600e-03,    6.791700e-02,   -6.154600e-02,   -6.281400e-02,    6.106400e-02,   -2.211300e-04,    3.221500e-03,    4.441200e-03,    4.441200e-03,    1.155400e-02,    1.155400e-02,    9.006500e-03,    9.006500e-03,    2.522900e-03,    2.522900e-03,
        21,    3.981000e+01,   -1.417157e-04,   -1.996916e-03,    7.937114e-02,   -8.304014e-02,   -7.689204e-02,    8.144124e-02,   -5.078132e-04,    2.310396e-03,   -4.044848e-01,   -9.475654e-01,    2.867762e-01,    5.218484e-01,   -2.517359e-01,   -2.381957e-01,   -2.148373e-01,    4.220959e-01,   -1.707800e-03,   -5.665700e-03,    8.350100e-02,   -7.552500e-02,   -7.975000e-02,    7.873700e-02,   -1.173100e-03,    3.617500e-03,    3.871800e-03,    3.871800e-03,    1.440100e-02,    1.440100e-02,    1.135300e-02,    1.135300e-02,    3.096700e-03,    3.096700e-03,
        21,    6.309500e+01,   -5.398766e-04,    4.588359e-04,    1.027319e-01,   -1.049012e-01,   -1.015714e-01,    1.024101e-01,   -1.161496e-03,    2.180032e-03,   -2.204032e-01,   -7.785245e-01,    1.013733e-01,    4.103421e-01,   -2.010261e-01,   -9.304313e-02,   -3.626187e-01,    3.563414e-01,   -1.062100e-03,   -1.385800e-03,    1.045900e-01,   -9.738000e-02,   -1.045100e-01,    1.010500e-01,   -2.526900e-03,    3.521800e-03,    2.369400e-03,    2.369400e-03,    1.832900e-02,    1.832900e-02,    1.461800e-02,    1.461800e-02,    3.765400e-03,    3.765400e-03,
        22,    2.511800e+01,   -2.231324e-03,   -9.643553e-03,    4.215790e-02,   -4.477441e-02,   -3.699606e-02,    4.815225e-02,   -2.605866e-04,    6.032546e-03,    5.585674e-01,   -6.787253e-01,   -1.080301e-02,   -1.324786e+00,   -1.316537e+00,    4.670483e-01,    3.909692e-03,    2.424598e-01,    1.548200e-04,   -1.254300e-02,    4.212300e-02,   -4.905400e-02,   -4.124900e-02,    4.966100e-02,   -2.483000e-04,    6.794500e-03,    4.271900e-03,    4.271900e-03,    3.230400e-03,    3.230400e-03,    3.230400e-03,    3.230400e-03,    3.142600e-03,    3.142600e-03,
        22,    3.981000e+01,    1.551748e-03,   -1.038909e-02,    4.886494e-02,   -6.192713e-02,   -4.694418e-02,    6.839056e-02,   -2.166250e-03,    8.527556e-03,    1.526749e-01,   -9.890710e-02,    3.118964e-01,    5.621794e-02,   -3.458757e+00,   -1.044107e+00,    2.664132e-01,   -1.092696e-01,    2.230800e-03,   -1.082900e-02,    5.017500e-02,   -6.169100e-02,   -6.147200e-02,    6.400500e-02,   -1.090900e-03,    8.086500e-03,    4.447700e-03,    4.447700e-03,    4.200300e-03,    4.200300e-03,    4.200300e-03,    4.200300e-03,    4.036400e-03,    4.036400e-03,
        22,    6.309500e+01,    4.953262e-03,   -1.009832e-02,    5.985158e-02,   -8.815857e-02,   -6.261082e-02,    9.487199e-02,   -5.209975e-03,    1.083731e-02,   -2.566873e-01,   -5.014676e-02,    3.943962e-01,    1.332871e+00,   -2.780420e+00,   -1.934598e+00,    5.363658e-01,   -2.448927e-01,    3.665000e-03,   -1.035000e-02,    6.198400e-02,   -8.095200e-02,   -7.764400e-02,    8.441200e-02,   -2.496500e-03,    9.598400e-03,    5.018800e-03,    5.018800e-03,    5.406800e-03,    5.406800e-03,    5.406800e-03,    5.406800e-03,    5.059000e-03,    5.059000e-03,
        23,    2.511800e+01,   -8.252388e-04,   -4.349638e-03,    5.371900e-02,   -3.777727e-02,   -4.290970e-02,    2.908973e-02,    3.568937e-03,   -4.525562e-03,    9.365241e-01,   -7.238039e-01,    1.718737e+00,   -3.935216e-01,   -1.100669e+00,    7.974465e-01,    6.950658e-01,    9.531122e-01,    2.346300e-03,   -6.800800e-03,    5.913800e-02,   -3.901800e-02,   -4.638000e-02,    3.160400e-02,    5.447700e-03,   -1.949300e-03,    3.386500e-03,    3.386500e-03,    3.152900e-03,    3.152900e-03,    3.152900e-03,    3.152900e-03,    2.703000e-03,    2.703000e-03,
        23,    3.981000e+01,    1.000027e-03,   -4.091331e-03,    5.932612e-02,   -5.026610e-02,   -4.518614e-02,    4.303284e-02,    5.282161e-03,   -4.268653e-03,    1.518418e+00,   -2.130962e-01,    7.804121e-01,    1.438672e-01,   -4.326046e-01,    6.831322e-02,    4.206033e-01,    7.106618e-01,    6.921100e-03,   -4.922300e-03,    6.210400e-02,   -4.975400e-02,   -4.672600e-02,    4.327600e-02,    6.605800e-03,   -2.032200e-03,    3.899500e-03,    3.899500e-03,    3.559500e-03,    3.559500e-03,    3.559500e-03,    3.559500e-03,    3.147000e-03,    3.147000e-03,
        23,    6.309500e+01,    2.144425e-03,   -2.953153e-03,    6.855326e-02,   -7.042032e-02,   -5.267062e-02,    6.572503e-02,    6.035294e-03,   -3.722947e-03,    1.743995e+00,    1.051207e+00,    1.852740e-02,   -7.467756e-01,    9.697666e-01,    4.005263e-01,    2.684843e-01,    3.670875e-01,    1.092300e-02,    2.338200e-03,    6.863800e-02,   -7.383600e-02,   -4.823500e-02,    6.755700e-02,    7.034700e-03,   -2.356500e-03,    5.033600e-03,    5.033600e-03,    4.573900e-03,    4.573900e-03,    4.573900e-03,    4.573900e-03,    3.722400e-03,    3.722400e-03,
        24,    2.511800e+01,    2.357722e-03,   -3.135556e-03,    5.049071e-02,   -4.818975e-02,   -4.865236e-02,    5.208184e-02,   -2.352774e-04,    1.303445e-03,    6.976369e-03,   -5.716723e-01,    3.897717e-01,   -4.862563e-01,   -4.150842e-01,    7.480181e-01,   -5.360291e-01,    9.614124e-01,    2.378600e-03,   -4.846400e-03,    5.297500e-02,   -5.128900e-02,   -5.018900e-02,    5.485100e-02,   -1.654200e-03,    3.848400e-03,    2.992700e-03,    2.992700e-03,    6.373700e-03,    6.373700e-03,    3.702000e-03,    3.702000e-03,    2.647100e-03,    2.647100e-03,
        24,    3.981000e+01,    1.705435e-03,   -2.704157e-03,    6.059110e-02,   -6.259223e-02,   -6.193946e-02,    6.741159e-02,    4.189331e-04,    2.707143e-03,    7.176544e-01,   -6.718415e-02,    1.348434e-01,    9.667546e-02,    2.555800e-01,   -3.768994e-01,   -8.644537e-01,    5.304740e-01,    3.928800e-03,   -2.912300e-03,    6.118700e-02,   -6.216500e-02,   -6.081000e-02,    6.574600e-02,   -2.313000e-03,    4.383600e-03,    3.098100e-03,    3.098100e-03,    4.419200e-03,    4.419200e-03,    4.419200e-03,    4.419200e-03,    3.160300e-03,    3.160300e-03,
        24,    6.309500e+01,    1.916083e-03,   -3.895141e-03,    7.343491e-02,   -8.258292e-02,   -7.811657e-02,    8.654464e-02,   -2.785077e-04,    5.227665e-03,    9.874594e-01,    8.243858e-01,   -2.168706e-01,    6.902632e-01,    8.319034e-01,   -8.457362e-01,   -7.907737e-01,   -4.368783e-02,    5.544700e-03,   -8.657700e-04,    7.225800e-02,   -7.883700e-02,   -7.360200e-02,    8.195500e-02,   -3.344100e-03,    5.058300e-03,    3.674700e-03,    3.674700e-03,    5.426800e-03,    5.426800e-03,    5.426800e-03,    5.426800e-03,    3.876700e-03,    3.876700e-03,
        25,    2.511800e+01,    1.336802e-01,   -7.986445e-02,    1.167406e-01,   -1.706039e-01,   -2.924419e-01,    2.345971e-01,   -7.429439e-02,    9.052155e-02,   -9.204679e-02,    1.503970e-01,    1.559037e-01,   -4.207069e-01,   -6.327332e-01,    2.393649e-01,   -8.366668e-01,    7.821366e-02,    1.312000e-01,   -7.581200e-02,    1.189700e-01,   -1.766200e-01,   -3.014900e-01,    2.380200e-01,   -1.033100e-01,    9.323400e-02,    2.694500e-02,    2.694500e-02,    1.430000e-02,    1.430000e-02,    1.430000e-02,    1.430000e-02,    3.468000e-02,    3.468000e-02,
        25,    3.981000e+01,    1.638430e-01,   -8.346173e-02,    1.610856e-01,   -2.260482e-01,   -3.671630e-01,    2.786461e-01,   -1.053958e-01,    1.080081e-01,    2.805757e-01,    7.114490e-02,    2.239790e-01,   -2.254591e-01,   -1.959618e+00,   -4.575212e-01,   -7.141020e-01,   -8.213780e-02,    1.736500e-01,   -8.097500e-02,    1.652400e-01,   -2.302300e-01,   -4.035100e-01,    2.701600e-01,   -1.363300e-01,    1.044500e-01,    3.495300e-02,    3.495300e-02,    1.854800e-02,    1.854800e-02,    1.854800e-02,    1.854800e-02,    4.331900e-02,    4.331900e-02,
        27,    2.511800e+01,    1.942516e-03,    1.648867e-03,    6.484821e-02,   -4.703481e-02,   -4.669698e-02,    4.014079e-02,    2.976664e-04,   -3.228246e-03,   -1.593983e+00,    1.238126e+00,    2.148684e+00,    6.365649e-02,   -2.161274e+00,   -1.394587e+00,   -1.096058e+00,    2.632952e+00,   -4.241500e-03,    6.452300e-03,    7.290900e-02,   -4.679600e-02,   -5.480500e-02,    3.490900e-02,   -2.158600e-03,    2.672200e-03,    3.879600e-03,    3.879600e-03,    3.751500e-03,    3.751500e-03,    3.751500e-03,    3.751500e-03,    2.241000e-03,    2.241000e-03,
        27,    3.981000e+01,    7.566989e-04,    1.125270e-03,    7.185862e-02,   -6.213529e-02,   -5.136643e-02,    5.819149e-02,    1.921883e-03,   -2.584283e-03,   -1.532114e+00,   -8.115495e-01,    1.644647e+00,    2.014618e-01,   -7.976541e-01,   -1.257875e-01,   -2.451733e+00,    3.461446e-01,   -3.935400e-03,   -1.360100e-03,    7.920000e-02,   -6.123600e-02,   -5.492700e-02,    5.763000e-02,   -6.597400e-03,   -1.381500e-03,    3.062500e-03,    3.062500e-03,    4.463800e-03,    4.463800e-03,    4.463800e-03,    4.463800e-03,    3.474800e-03,    3.474800e-03,
        27,    6.309500e+01,    5.425925e-04,   -1.546334e-04,    8.212200e-02,   -8.683054e-02,   -6.210861e-02,    8.638162e-02,    2.529683e-03,   -1.284015e-03,   -3.044593e-01,   -1.827495e+00,    9.683938e-01,    1.754895e-01,    4.625291e-01,    8.943266e-01,   -1.844179e+00,   -1.465795e+00,   -1.027900e-03,   -9.581400e-03,    8.772600e-02,   -8.581500e-02,   -5.943200e-02,    9.155700e-02,   -7.386100e-03,   -9.165300e-03,    5.158300e-03,    5.158300e-03,    5.786900e-03,    5.786900e-03,    5.786900e-03,    5.786900e-03,    5.376800e-03,    5.376800e-03,
        28,    2.511800e+01,    2.032598e-02,   -3.113990e-02,    6.338370e-02,   -5.673074e-02,   -5.198901e-02,    4.529803e-02,   -1.102477e-02,    1.781562e-02,   -8.563441e-01,   -2.549423e-02,   -6.541913e-01,   -3.656848e-01,   -6.474702e-01,    4.619121e-01,   -1.865507e-01,    1.786218e-01,    1.350400e-02,   -3.134300e-02,    5.578200e-02,   -6.098000e-02,   -5.691600e-02,    4.881300e-02,   -1.217400e-02,    1.891600e-02,    7.966400e-03,    7.966400e-03,    1.162000e-02,    1.162000e-02,    7.609600e-03,    7.609600e-03,    6.160400e-03,    6.160400e-03,
        28,    3.981000e+01,    2.926103e-02,   -3.963505e-02,    7.641309e-02,   -6.766691e-02,   -6.155332e-02,    5.906160e-02,   -1.625689e-02,    2.278865e-02,   -6.649106e-01,   -3.354580e-01,   -3.313682e-01,   -7.801285e-01,   -7.477706e-01,    2.726079e-01,   -1.908265e-01,    1.632177e-01,    2.208000e-02,   -4.325800e-02,    7.148200e-02,   -7.927600e-02,   -6.879600e-02,    6.170200e-02,   -1.776200e-02,    2.407600e-02,    1.080000e-02,    1.080000e-02,    1.488100e-02,    1.488100e-02,    9.685700e-03,    9.685700e-03,    7.887300e-03,    7.887300e-03,
        28,    6.309500e+01,    4.045085e-02,   -4.930305e-02,    9.014983e-02,   -8.451196e-02,   -7.456693e-02,    7.841130e-02,   -2.318913e-02,    2.830062e-02,   -3.079301e-01,   -5.468972e-01,    1.537949e-01,   -1.022720e+00,   -8.180923e-01,    7.813364e-02,   -2.620370e-01,    2.013500e-01,    3.596000e-02,   -5.727900e-02,    9.311500e-02,   -1.042300e-01,   -8.476200e-02,    7.938500e-02,   -2.586400e-02,    3.035600e-02,    1.458400e-02,    1.458400e-02,    1.928000e-02,    1.928000e-02,    1.246200e-02,    1.246200e-02,    1.020800e-02,    1.020800e-02,
        29,    2.511800e+01,    2.966402e-01,   -1.234591e-01,    2.304275e-01,   -1.725410e-01,   -4.979104e-01,    2.707573e-01,   -2.374715e-01,    1.088532e-01,    4.713610e-01,    2.541439e-01,   -4.004575e-01,    2.333896e-01,   -6.228841e-01,   -5.711950e-01,   -9.952350e-02,   -1.698742e-01,    3.183200e-01,   -1.117700e-01,    2.224300e-01,   -1.678800e-01,   -5.103500e-01,    2.593500e-01,   -2.432600e-01,    9.897300e-02,    4.599400e-02,    4.599400e-02,    1.997100e-02,    1.997100e-02,    1.997100e-02,    1.997100e-02,    5.816200e-02,    5.816200e-02,
        29,    3.981000e+01,    3.283493e-01,   -1.291836e-01,    2.776493e-01,   -1.932235e-01,   -5.661808e-01,    3.086804e-01,   -2.762917e-01,    9.244009e-02,    3.085078e-01,    3.640091e-01,   -3.885101e-01,   -2.181026e-01,   -9.029211e-02,   -4.927126e-01,    1.208357e-02,   -2.895445e-02,    3.444300e-01,   -1.102100e-01,    2.686600e-01,   -1.982700e-01,   -5.682700e-01,    2.972800e-01,   -2.755100e-01,    9.056700e-02,    5.212400e-02,    5.212400e-02,    2.313800e-02,    2.313800e-02,    2.313800e-02,    2.313800e-02,    6.469100e-02,    6.469100e-02,
        29,    6.309500e+01,    3.602991e-01,   -1.406938e-01,    3.234299e-01,   -2.217657e-01,   -6.425714e-01,    3.625135e-01,   -3.038583e-01,    6.930021e-02,    2.447195e-01,    3.391788e-01,    1.137469e-01,   -6.866323e-01,   -2.566030e-01,   -1.455890e-01,   -1.221167e-01,    4.495353e-03,    3.749700e-01,   -1.203600e-01,    3.265500e-01,   -2.406000e-01,   -6.496100e-01,    3.585200e-01,   -3.127900e-01,    6.962900e-02,    5.995000e-02,    5.995000e-02,    2.743000e-02,    2.743000e-02,    2.743000e-02,    2.743000e-02,    7.314100e-02,    7.314100e-02,
        30,    2.511800e+01,    6.493375e-01,   -2.094555e-01,    5.075024e-01,   -3.268260e-01,   -1.125785e+00,    4.695051e-01,   -7.086466e-01,    3.457356e-01,    4.986726e-02,    9.345636e-02,   -1.658950e-01,    2.333683e-01,    1.046297e+00,    1.623702e-01,    1.427824e-01,   -2.893977e-01,    6.541000e-01,   -2.005300e-01,    5.005600e-01,   -3.170600e-01,   -1.082000e+00,    4.763000e-01,   -6.884400e-01,    3.047800e-01,    9.550400e-02,    9.550400e-02,    4.184800e-02,    4.184800e-02,    4.184800e-02,    4.184800e-02,    1.415200e-01,    1.415200e-01,
        30,    3.981000e+01,    7.060856e-01,   -1.916051e-01,    6.027394e-01,   -3.511604e-01,   -1.245672e+00,    4.889298e-01,   -8.236764e-01,    3.202402e-01,   -3.477607e-02,    5.788965e-02,   -3.919315e-01,   -2.244433e-01,    1.079324e+00,    4.063487e-01,    4.529008e-01,    1.705878e-02,    7.024000e-01,   -1.854700e-01,    5.842300e-01,   -3.617600e-01,   -1.194700e+00,    5.081200e-01,   -7.535900e-01,    3.228800e-01,    1.059800e-01,    1.059800e-01,    4.722600e-02,    4.722600e-02,    4.722600e-02,    4.722600e-02,    1.547500e-01,    1.547500e-01,
        30,    6.309500e+01,    7.538096e-01,   -1.774279e-01,    6.946997e-01,   -3.828806e-01,   -1.363879e+00,    5.312670e-01,   -9.165166e-01,    2.824394e-01,    6.209634e-03,   -3.381790e-02,    9.401220e-02,   -6.089146e-01,    3.951431e-01,    3.983410e-01,    9.967962e-02,    1.351874e-01,    7.545500e-01,   -1.814600e-01,    6.998100e-01,   -4.159800e-01,   -1.342400e+00,    5.529200e-01,   -8.989600e-01,    3.062500e-01,    1.192300e-01,    1.192300e-01,    5.435800e-02,    5.435800e-02,    5.435800e-02,    5.435800e-02,    1.761300e-01,    1.761300e-01,
        31,    2.511800e+01,    5.197037e-03,    9.245917e-03,    1.059648e-01,   -1.724824e-01,   -1.707279e-01,    1.220289e-01,    1.425248e-02,   -9.401143e-03,   -1.153467e-01,   -1.694835e+00,   -1.402913e-01,   -1.286169e+00,    6.536058e-01,   -4.290159e-01,    1.545850e-01,    2.182705e-01,    4.644700e-03,    1.130200e-03,    1.045100e-01,   -1.858200e-01,   -1.639500e-01,    1.175800e-01,    1.562300e-02,   -7.466000e-03,    4.788500e-03,    4.788500e-03,    1.037000e-02,    1.037000e-02,    1.037000e-02,    1.037000e-02,    8.865800e-03,    8.865800e-03,
        31,    3.981000e+01,    4.194780e-03,    1.541824e-02,    1.526078e-01,   -2.337643e-01,   -2.051873e-01,    1.434130e-01,    1.606069e-02,   -9.620233e-03,    6.831838e-01,   -1.157249e+00,   -1.111960e-01,   -6.678744e-01,    9.575481e-01,   -3.758032e-01,   -2.633410e-01,   -3.030465e-01,    1.005800e-02,    5.486500e-03,    1.511600e-01,   -2.424600e-01,   -1.927200e-01,    1.385200e-01,    1.344700e-02,   -1.262800e-02,    8.582200e-03,    8.582200e-03,    1.302000e-02,    1.302000e-02,    1.302000e-02,    1.302000e-02,    9.925100e-03,    9.925100e-03,
        31,    6.309500e+01,    5.397334e-04,    2.471219e-02,    2.239312e-01,   -3.052281e-01,   -2.451959e-01,    1.680970e-01,    1.738897e-02,   -1.267885e-02,    1.298029e+00,   -2.405697e-01,    1.127654e+00,   -1.429656e+00,    1.276578e-01,    5.975699e-01,   -9.864433e-01,   -1.026319e+00,    2.229600e-02,    2.068000e-02,    2.437700e-01,   -3.303800e-01,   -2.429500e-01,    1.786100e-01,    4.077900e-03,   -2.652800e-02,    1.676100e-02,    1.676100e-02,    1.759300e-02,    1.759300e-02,    1.759300e-02,    1.759300e-02,    1.349400e-02,    1.349400e-02,
        32,    3.981000e+01,   -5.861461e-03,   -1.597866e-03,    5.013969e-02,   -5.163509e-02,   -6.166613e-02,    5.957850e-02,    1.013915e-02,   -1.857692e-03,   -1.096889e-02,   -7.636696e-01,   -1.078289e+00,   -2.259457e-01,    4.210872e-01,    7.102050e-01,   -4.189396e-01,    1.138005e-01,   -5.898400e-03,   -4.169600e-03,    4.595000e-02,   -5.251300e-02,   -6.003000e-02,    6.233800e-02,    8.430300e-03,   -1.393500e-03,    3.367600e-03,    3.367600e-03,    3.885500e-03,    3.885500e-03,    3.885500e-03,    3.885500e-03,    4.079000e-03,    4.079000e-03,
        32,    6.309500e+01,   -5.384585e-03,   -2.063739e-03,    6.225024e-02,   -6.471336e-02,   -7.675686e-02,    7.767262e-02,    9.551478e-03,   -1.717049e-03,    2.744595e-01,   -4.515573e-01,   -5.976130e-01,   -8.538202e-01,   -4.430912e-01,    8.321475e-01,   -4.419771e-01,    2.994060e-02,   -4.445000e-03,   -3.609600e-03,    5.921000e-02,   -6.905700e-02,   -7.901100e-02,    8.190600e-02,    7.583000e-03,   -1.583700e-03,    3.423400e-03,    3.423400e-03,    5.087300e-03,    5.087300e-03,    5.087300e-03,    5.087300e-03,    4.453800e-03,    4.453800e-03,
        33,    2.511800e+01,    1.106594e-02,    3.321501e-03,    8.369697e-02,   -1.444591e-01,   -1.959767e-01,    1.621537e-01,   -1.789878e-02,   -3.368170e-03,    6.077531e-01,   -8.272487e-01,    1.226404e+00,   -2.535454e+00,   -9.513954e-01,   -1.683118e+00,   -2.766039e-01,   -4.786646e-01,    1.632300e-02,   -3.834200e-03,    9.739100e-02,   -1.727700e-01,   -2.066000e-01,    1.433600e-01,   -2.104100e-02,   -8.805800e-03,    8.650000e-03,    8.650000e-03,    1.116600e-02,    1.116600e-02,    1.116600e-02,    1.116600e-02,    1.136000e-02,    1.136000e-02,
        33,    3.981000e+01,    8.867585e-03,    5.076058e-03,    1.188510e-01,   -1.995139e-01,   -2.408113e-01,    1.995190e-01,   -1.610879e-02,   -1.154860e-02,    1.653348e+00,   -5.382555e-01,    8.813615e-01,   -2.166661e+00,   -1.110247e+00,   -1.868169e+00,   -2.045333e-01,    2.246564e-02,    3.161600e-02,   -2.329800e-03,    1.314800e-01,   -2.305600e-01,   -2.567200e-01,    1.727500e-01,   -1.862700e-02,   -1.127200e-02,    1.375900e-02,    1.375900e-02,    1.432900e-02,    1.432900e-02,    1.432900e-02,    1.432900e-02,    1.231200e-02,    1.231200e-02,
        33,    6.309500e+01,    5.950286e-03,    5.936930e-03,    1.740940e-01,   -2.681716e-01,   -2.980695e-01,    2.439063e-01,   -9.238034e-03,   -1.934507e-02,    2.278945e+00,   -2.246050e-01,    3.006464e-01,   -2.290838e+00,   -1.466388e+00,   -1.561283e+00,    1.145128e-01,    3.995909e-01,    5.322700e-02,    1.277500e-03,    1.797200e-01,   -3.110400e-01,   -3.255100e-01,    2.146900e-01,   -7.859300e-03,   -1.453400e-02,    2.074500e-02,    2.074500e-02,    1.871300e-02,    1.871300e-02,    1.871300e-02,    1.871300e-02,    1.204000e-02,    1.204000e-02,
        34,    2.511800e+01,   -1.610551e-02,   -5.564792e-03,    6.008314e-02,   -3.362385e-02,   -5.699304e-02,    4.042806e-02,    6.095806e-03,   -1.455566e-03,   -2.507387e-01,   -1.236484e+00,    1.224184e+00,    4.584291e-01,   -4.184302e-01,   -2.144643e+00,    8.189212e-01,   -3.307143e+00,   -1.759500e-02,   -1.291000e-02,    6.433400e-02,   -3.203200e-02,   -5.844600e-02,    3.298100e-02,    1.103300e-02,   -2.139400e-02,    5.940400e-03,    5.940400e-03,    3.472400e-03,    3.472400e-03,    3.472400e-03,    3.472400e-03,    6.028900e-03,    6.028900e-03,
        34,    3.981000e+01,   -1.322906e-02,   -8.996146e-03,    6.716958e-02,   -3.911145e-02,   -6.649218e-02,    4.965764e-02,    6.510806e-03,    3.987419e-04,   -8.115485e-01,   -1.255697e+00,   -1.004328e-01,    1.459236e+00,   -1.232985e+00,   -2.204665e+00,    1.205421e+00,   -2.294914e+00,   -1.851500e-02,   -1.717500e-02,    6.677600e-02,   -3.339300e-02,   -7.132400e-02,    4.101800e-02,    1.366100e-02,   -1.321400e-02,    6.513400e-03,    6.513400e-03,    3.918800e-03,    3.918800e-03,    3.918800e-03,    3.918800e-03,    5.931700e-03,    5.931700e-03,
        34,    6.309500e+01,   -8.203272e-03,   -1.078543e-02,    7.422131e-02,   -4.816655e-02,   -7.675742e-02,    6.213671e-02,    5.786702e-03,    2.017724e-03,   -1.878507e+00,    6.716612e-01,   -1.481814e-01,    2.162601e+00,   -8.271619e-01,   -1.361324e+00,    8.984686e-01,   -1.471370e+00,   -1.997400e-02,   -6.576800e-03,    7.355300e-02,   -3.841300e-02,   -8.048800e-02,    5.599700e-02,    1.035200e-02,   -5.458600e-03,    6.266000e-03,    6.266000e-03,    4.510100e-03,    4.510100e-03,    4.510100e-03,    4.510100e-03,    5.081200e-03,    5.081200e-03,
        35,    2.511800e+01,   -3.418655e-04,   -5.471264e-03,    4.948624e-02,   -5.659576e-02,   -4.905990e-02,    5.344495e-02,    5.505695e-03,    1.247922e-03,    1.754178e-01,   -5.966459e-01,   -5.871037e-01,    4.070653e-01,   -2.847439e-01,   -1.914470e-01,   -4.584986e-01,    6.466022e-01,    2.755000e-04,   -7.571100e-03,    4.735200e-02,   -5.511600e-02,   -5.009500e-02,    5.274900e-02,    4.166100e-03,    3.137100e-03,    3.519400e-03,    3.519400e-03,    3.635200e-03,    3.635200e-03,    3.635200e-03,    3.635200e-03,    2.921700e-03,    2.921700e-03,
        35,    6.309500e+01,    3.353937e-03,   -9.563038e-03,    8.012520e-02,   -1.000716e-01,   -7.620559e-02,    8.916063e-02,    4.559186e-03,   -3.727737e-04,    4.791894e-01,   -2.819674e-01,    1.009408e-01,   -1.168216e+00,    6.198500e-01,   -7.640342e-01,    7.985889e-01,   -4.283153e-01,    6.355100e-03,   -1.132900e-02,    8.074200e-02,   -1.072100e-01,   -7.241800e-02,    8.449200e-02,    8.263600e-03,   -2.359600e-03,    6.263000e-03,    6.263000e-03,    6.110500e-03,    6.110500e-03,    6.110500e-03,    6.110500e-03,    4.638700e-03,    4.638700e-03,
        36,    2.511800e+01,    1.004523e-02,    5.916693e-03,    8.646441e-02,   -1.316852e-01,   -3.391567e-01,    1.929184e-01,    8.194048e-04,   -5.730758e-02,    1.114065e+00,   -1.250690e+00,   -4.210400e-01,   -7.390984e-01,   -2.719121e+00,   -1.259304e-01,   -1.051590e+00,    5.487840e-01,    1.963800e-02,   -4.852500e-03,    8.095300e-02,   -1.413600e-01,   -3.747500e-01,    1.912700e-01,   -2.216100e-02,   -4.531500e-02,    8.610600e-03,    8.610600e-03,    1.309000e-02,    1.309000e-02,    1.309000e-02,    1.309000e-02,    2.185300e-02,    2.185300e-02,
        36,    3.981000e+01,    7.102846e-03,    6.337138e-03,    1.152676e-01,   -1.819979e-01,   -3.804137e-01,    2.410757e-01,    2.496735e-02,   -6.785811e-02,    1.911646e+00,   -1.211066e+00,   -3.576800e-01,   -6.496598e-01,   -2.236965e+00,   -1.070743e+00,   -8.757999e-01,    5.796876e-02,    3.157000e-02,   -9.163300e-03,    1.094800e-01,   -1.925100e-01,   -4.166100e-01,    2.237500e-01,    1.699100e-03,   -6.631800e-02,    1.279900e-02,    1.279900e-02,    1.618100e-02,    1.618100e-02,    1.618100e-02,    1.618100e-02,    2.656800e-02,    2.656800e-02,
        36,    6.309500e+01,    3.834055e-03,    6.217505e-03,    1.601836e-01,   -2.480472e-01,   -4.386737e-01,    3.097189e-01,    4.872981e-02,   -7.334430e-02,    2.455881e+00,   -7.873919e-01,    6.088626e-02,   -1.120381e+00,   -1.482585e+00,   -1.298566e+00,   -3.836000e-01,   -6.354918e-01,    5.087400e-02,   -8.864200e-03,    1.614500e-01,   -2.713500e-01,   -4.695100e-01,    2.827100e-01,    3.511700e-02,   -9.589600e-02,    1.915400e-02,    1.915400e-02,    2.079900e-02,    2.079900e-02,    2.079900e-02,    2.079900e-02,    3.548700e-02,    3.548700e-02,
        37,    2.511800e+01,    4.564353e-02,   -1.381419e-02,    1.373570e-01,   -1.948693e-01,   -2.008369e-01,    1.945699e-01,   -1.586968e-02,   -1.464273e-02,   -2.115256e-01,   -3.755699e-01,    2.553611e-01,   -5.000654e-02,    1.897575e-02,    1.913572e-01,   -4.602786e-02,   -9.324041e-01,    4.227900e-02,   -1.978800e-02,    1.406800e-01,   -1.955200e-01,   -2.005900e-01,    1.970600e-01,   -1.653000e-02,   -2.801900e-02,    1.590600e-02,    1.590600e-02,    1.301300e-02,    1.301300e-02,    1.301300e-02,    1.301300e-02,    1.434600e-02,    1.434600e-02,
        37,    3.981000e+01,    4.832298e-02,   -1.267219e-02,    1.851927e-01,   -2.582115e-01,   -2.454090e-01,    2.499790e-01,   -1.329301e-02,   -2.781562e-02,    1.873849e-01,   -5.596376e-01,   -1.084930e-01,    5.629075e-01,   -6.299843e-02,    1.870614e-01,   -3.194208e-01,   -7.150998e-01,    5.206300e-02,   -2.384200e-02,    1.834000e-01,   -2.489100e-01,   -2.464500e-01,    2.530700e-01,   -1.938500e-02,   -4.145400e-02,    1.995900e-02,    1.995900e-02,    1.652400e-02,    1.652400e-02,    1.652400e-02,    1.652400e-02,    1.907200e-02,    1.907200e-02,
        38,    2.511800e+01,   -5.058672e-03,   -7.200022e-03,    6.264960e-02,   -4.098524e-02,   -3.848205e-02,    4.762780e-02,    6.219637e-03,    8.359371e-04,   -4.020839e+00,   -5.229348e-01,   -5.772327e-01,   -9.192766e-02,    6.636279e-01,   -1.347603e+00,   -1.376157e+00,   -6.073498e-01,   -3.738300e-02,   -1.140400e-02,    6.080500e-02,   -4.127900e-02,   -3.591500e-02,    4.241500e-02,    3.379800e-03,   -4.173900e-04,    8.039200e-03,    8.039200e-03,    3.195600e-03,    3.195600e-03,    3.868200e-03,    3.868200e-03,    2.063600e-03,    2.063600e-03,
        38,    3.981000e+01,   -1.305068e-03,   -8.566253e-03,    7.023578e-02,   -5.134160e-02,   -4.773059e-02,    6.444583e-02,    4.948548e-03,    2.382087e-03,   -3.882577e+00,   -8.418953e-01,    3.205468e-01,    4.404844e-01,    1.143242e+00,   -6.747951e-01,   -9.234505e-01,   -1.861308e+00,   -3.497400e-02,   -1.586700e-02,    7.153300e-02,   -4.955900e-02,   -4.310400e-02,    6.171500e-02,    2.718600e-03,   -2.112600e-03,    8.671800e-03,    8.671800e-03,    4.046900e-03,    4.046900e-03,    4.046900e-03,    4.046900e-03,    2.414800e-03,    2.414800e-03,
        38,    6.309500e+01,    3.283258e-03,   -7.111610e-03,    7.907878e-02,   -6.762316e-02,   -5.996563e-02,    8.874235e-02,    2.960468e-03,    2.420886e-03,   -3.395089e+00,   -1.550061e+00,    8.077123e-01,    1.391050e+00,    4.162078e-01,    1.157464e+00,   -4.533587e-01,   -2.074416e+00,   -2.682100e-02,   -2.085600e-02,    8.339600e-02,   -6.018800e-02,   -5.774100e-02,    9.492900e-02,    1.312600e-03,   -5.119200e-03,    8.867000e-03,    8.867000e-03,    5.345000e-03,    5.345000e-03,    5.345000e-03,    5.345000e-03,    3.634800e-03,    3.634800e-03,
        39,    2.511800e+01,   -1.150816e-02,   -8.064169e-03,    6.405505e-02,   -5.500090e-02,   -6.256155e-02,    4.494002e-02,    1.050866e-03,    6.297776e-03,   -9.347267e-01,    1.755029e-01,   -5.066716e-01,    1.438660e-01,   -1.200413e+00,    3.221056e-01,   -3.360532e-01,   -8.089938e-01,   -1.696500e-02,   -7.039600e-03,    6.197400e-02,   -5.441000e-02,   -6.749200e-02,    4.626300e-02,    1.296100e-04,    4.080000e-03,    5.837900e-03,    5.837900e-03,    4.107300e-03,    4.107300e-03,    4.107300e-03,    4.107300e-03,    2.741400e-03,    2.741400e-03,
        39,    3.981000e+01,   -7.426602e-03,   -1.158809e-02,    7.777400e-02,   -6.518437e-02,   -7.262295e-02,    5.658880e-02,   -1.867634e-03,    7.722889e-03,   -1.142470e+00,    1.656557e-01,   -1.371538e+00,    3.952780e-01,   -4.848934e-01,   -2.007385e-01,    4.105438e-01,   -4.201580e-01,   -1.451700e-02,   -1.056000e-02,    7.130500e-02,   -6.332000e-02,   -7.491000e-02,    5.564200e-02,   -3.843800e-04,    6.204900e-03,    6.206200e-03,    6.206200e-03,    4.716600e-03,    4.716600e-03,    4.716600e-03,    4.716600e-03,    3.612900e-03,    3.612900e-03,
        39,    6.309500e+01,   -1.672897e-03,   -1.337768e-02,    9.296901e-02,   -7.952243e-02,   -8.538274e-02,    7.251217e-02,   -5.118059e-03,    7.996706e-03,   -1.075898e+00,   -3.235923e-01,   -1.097767e+00,   -2.152587e-01,   -4.929925e-01,    1.425529e-01,    4.322124e-01,    3.955913e-01,   -9.144900e-03,   -1.562500e-02,    8.657100e-02,   -8.077700e-02,   -8.825600e-02,    7.334300e-02,   -2.872500e-03,    1.005200e-02,    6.944900e-03,    6.944900e-03,    5.828200e-03,    5.828200e-03,    5.828200e-03,    5.828200e-03,    5.195500e-03,    5.195500e-03,
        40,    2.511800e+01,    1.384278e-03,   -1.496044e-02,    7.007809e-02,   -5.559677e-02,   -4.391521e-02,    4.127245e-02,    1.946756e-03,    5.612060e-03,    6.450031e-01,   -1.015910e+00,   -8.149783e-01,    4.030848e-01,    3.295028e-01,    2.891117e-02,    2.491649e-01,    2.758527e-01,    5.635300e-03,   -2.165600e-02,    6.715900e-02,   -5.415300e-02,   -4.273500e-02,    4.137600e-02,    2.709500e-03,    6.456500e-03,    6.590700e-03,    6.590700e-03,    3.581800e-03,    3.581800e-03,    3.581800e-03,    3.581800e-03,    3.061200e-03,    3.061200e-03,
        40,    3.981000e+01,    8.881840e-03,   -1.431108e-02,    8.373839e-02,   -6.619689e-02,   -5.413573e-02,    5.360594e-02,   -1.104522e-03,    5.948557e-03,    1.746088e+00,   -2.511629e-01,    1.381672e+00,    3.171983e-01,    2.766711e-02,   -1.366559e-01,    1.678386e+00,    8.704059e-02,    2.369600e-02,   -1.644200e-02,    9.006700e-02,   -6.474400e-02,   -5.400900e-02,    5.298000e-02,    5.128500e-03,    6.271800e-03,    8.484200e-03,    8.484200e-03,    4.580400e-03,    4.580400e-03,    4.580400e-03,    4.580400e-03,    3.713700e-03,    3.713700e-03,
        41,    2.511800e+01,    3.144363e-02,   -4.545844e-03,    4.771473e-02,   -5.009201e-02,   -6.663326e-02,    4.149144e-02,   -2.351938e-02,    5.516465e-03,   -1.038666e-01,    6.421145e-01,   -6.381536e-01,    6.796270e-01,   -6.477508e-01,    2.085096e-01,   -2.191421e-03,    1.658699e-01,    3.074300e-02,   -2.144600e-04,    4.538700e-02,   -4.761300e-02,   -6.899600e-02,    4.225200e-02,   -2.353400e-02,    6.623000e-03,    6.745500e-03,    6.745500e-03,    3.647600e-03,    3.647600e-03,    3.647600e-03,    3.647600e-03,    6.671100e-03,    6.671100e-03,
        41,    3.981000e+01,    2.998585e-02,   -4.676789e-03,    5.826221e-02,   -6.340653e-02,   -7.147722e-02,    5.520530e-02,   -2.372262e-02,    4.009987e-03,   -4.869797e-01,    2.965367e-01,   -8.785017e-01,   -1.495578e-01,   -5.700297e-02,   -5.142518e-01,   -8.727897e-02,    5.030911e-01,    2.652800e-02,   -2.571200e-03,    5.445900e-02,   -6.405400e-02,   -7.172400e-02,    5.297900e-02,   -2.434700e-02,    7.609000e-03,    7.100600e-03,    7.100600e-03,    4.329200e-03,    4.329200e-03,    4.329200e-03,    4.329200e-03,    7.153800e-03,    7.153800e-03,
        41,    6.309500e+01,    2.818999e-02,   -8.054005e-03,    6.985384e-02,   -8.278799e-02,   -7.885472e-02,    7.832694e-02,   -2.249475e-02,    3.985174e-03,   -4.496394e-01,   -2.257816e-01,   -3.535925e-01,   -7.761018e-01,    2.104715e-01,    5.802918e-01,   -4.467698e-01,    6.135352e-01,    2.454400e-02,   -9.884800e-03,    6.788200e-02,   -8.711600e-02,   -7.768100e-02,    8.156300e-02,   -2.624400e-02,    9.133900e-03,    8.108700e-03,    8.108700e-03,    5.576600e-03,    5.576600e-03,    5.576600e-03,    5.576600e-03,    8.391900e-03,    8.391900e-03,
        42,    2.511800e+01,   -1.436641e-02,   -1.120503e-02,    6.075444e-02,   -5.315386e-02,   -6.561574e-02,    5.206069e-02,    9.697138e-03,    1.935019e-03,    3.025423e-01,    1.310137e-01,    3.077557e-01,    1.537732e-01,    6.243460e-01,   -7.205881e-01,    7.617770e-02,    4.303155e-01,   -1.270600e-02,   -1.048600e-02,    6.199500e-02,   -5.253400e-02,   -6.309900e-02,    4.915600e-02,    1.003200e-02,    3.826600e-03,    5.488200e-03,    5.488200e-03,    4.031000e-03,    4.031000e-03,    4.031000e-03,    4.031000e-03,    4.395800e-03,    4.395800e-03,
        42,    3.981000e+01,   -9.483700e-03,   -1.725853e-02,    7.395618e-02,   -6.465567e-02,   -7.738335e-02,    6.487419e-02,    1.016845e-02,    9.016133e-03,    5.003713e-02,    9.925939e-02,    1.794103e-02,    1.410964e-01,    7.242802e-01,   -1.038190e-01,   -1.503340e-01,    2.947201e-01,   -9.160300e-03,   -1.661700e-02,    7.404400e-02,   -6.396500e-02,   -7.383800e-02,    6.436600e-02,    9.328400e-03,    1.066300e-02,    6.463200e-03,    6.463200e-03,    4.895000e-03,    4.895000e-03,    4.895000e-03,    4.895000e-03,    5.587900e-03,    5.587900e-03,
        42,    6.309500e+01,   -2.809060e-03,   -2.210612e-02,    8.933486e-02,   -7.999121e-02,   -9.228357e-02,    8.267676e-02,    6.045871e-03,    1.746632e-02,   -4.403351e-02,   -2.093314e-01,   -9.244990e-02,   -1.821287e-01,    5.113940e-01,    6.173988e-01,   -1.293873e-01,    3.411256e-01,   -3.163900e-03,   -2.379300e-02,    8.877000e-02,   -8.110400e-02,   -8.915900e-02,    8.644900e-02,    5.062100e-03,    2.006000e-02,    8.058400e-03,    8.058400e-03,    6.109900e-03,    6.109900e-03,    6.109900e-03,    6.109900e-03,    7.603300e-03,    7.603300e-03,
        43,    2.511800e+01,    1.742241e-03,    2.165486e-03,    6.986768e-02,   -5.900983e-02,   -5.890177e-02,    7.073606e-02,    1.545140e-02,   -1.215154e-02,   -2.361143e-01,    1.896924e+00,    1.030010e+00,   -2.321873e-01,    5.539558e-02,    1.263122e+00,    9.538727e-01,    6.023475e-01,    5.540900e-04,    1.171100e-02,    7.482800e-02,   -6.012800e-02,   -5.863500e-02,    7.681900e-02,    2.228800e-02,   -7.834400e-03,    5.032100e-03,    5.032100e-03,    4.815800e-03,    4.815800e-03,    4.815800e-03,    4.815800e-03,    7.167200e-03,    7.167200e-03,
        43,    3.981000e+01,   -6.558050e-04,    6.574631e-03,    8.325007e-02,   -7.545984e-02,   -7.725954e-02,    9.500086e-02,    1.909372e-02,   -1.468602e-02,   -2.630291e-02,    7.249375e-01,    1.523700e+00,    7.087010e-02,   -5.471313e-01,    6.075920e-01,    7.659442e-01,    1.058033e+00,   -7.950000e-04,    1.041100e-02,    9.264200e-02,   -7.502300e-02,   -8.063200e-02,    9.874600e-02,    2.575000e-02,   -5.491400e-03,    5.292000e-03,    5.292000e-03,    6.163900e-03,    6.163900e-03,    6.163900e-03,    6.163900e-03,    8.690300e-03,    8.690300e-03,
        43,    6.309500e+01,   -3.727876e-03,    9.187511e-03,    1.006757e-01,   -9.721002e-02,   -1.016593e-01,    1.240971e-01,    2.239979e-02,   -1.742567e-02,    9.245833e-01,    2.188159e-01,    1.639187e+00,    3.691415e-01,   -6.027913e-01,    5.750391e-01,    1.037000e+00,    1.232541e+00,    1.767200e-03,    1.048800e-02,    1.135400e-01,   -9.431300e-02,   -1.063900e-01,    1.286100e-01,    3.417700e-02,   -3.427700e-03,    5.943300e-03,    5.943300e-03,    7.848000e-03,    7.848000e-03,    7.848000e-03,    7.848000e-03,    1.135700e-02,    1.135700e-02,
        44,    2.511800e+01,   -3.579645e-03,   -1.055258e-02,    7.016511e-02,   -6.930077e-02,   -6.862566e-02,    6.028802e-02,    1.972980e-03,    2.850626e-03,   -3.177187e-01,   -2.284414e-01,    7.133736e-01,   -7.316092e-01,   -8.845278e-02,    3.010721e-01,    3.920206e-01,    2.753714e-01,   -5.325700e-03,   -1.180800e-02,    7.366000e-02,   -7.288500e-02,   -6.905900e-02,    6.176300e-02,    3.230700e-03,    3.734100e-03,    5.495600e-03,    5.495600e-03,    4.899100e-03,    4.899100e-03,    4.899100e-03,    4.899100e-03,    3.208300e-03,    3.208300e-03,
        44,    3.981000e+01,    1.065530e-03,   -8.471701e-03,    8.670288e-02,   -9.048780e-02,   -8.240448e-02,    8.330349e-02,    6.876872e-04,    4.062621e-03,   -4.422924e-01,   -1.774356e-01,    4.384069e-01,    2.920601e-01,   -1.027894e-01,   -2.574980e-01,    2.260093e-01,    3.220029e-01,   -1.225500e-03,   -9.390800e-03,    8.935800e-02,   -8.871900e-02,   -8.302700e-02,    8.174400e-02,    1.546500e-03,    5.286200e-03,    5.179900e-03,    5.179900e-03,    6.056300e-03,    6.056300e-03,    6.056300e-03,    6.056300e-03,    3.799900e-03,    3.799900e-03,
        44,    6.309500e+01,    3.752021e-03,   -4.893986e-03,    1.105231e-01,   -1.174822e-01,   -1.048495e-01,    1.122109e-01,   -1.723075e-03,    4.484630e-03,   -1.237181e-02,   -2.853555e-01,    5.318790e-01,   -3.516810e-01,   -1.593623e-01,    5.444917e-01,   -2.714132e-01,    2.182048e-01,    3.687000e-03,   -6.393700e-03,    1.148300e-01,   -1.203300e-01,   -1.061400e-01,    1.166200e-01,   -3.004200e-03,    5.514600e-03,    5.255600e-03,    5.255600e-03,    8.097600e-03,    8.097600e-03,    8.097600e-03,    8.097600e-03,    4.720200e-03,    4.720200e-03,
        45,    2.511800e+01,   -5.342147e-03,    5.047012e-03,    4.634712e-02,   -6.884341e-02,   -5.857078e-02,    7.295171e-02,    6.538778e-03,   -8.538068e-03,   -4.276658e-01,   -2.651619e-01,   -2.731556e-01,    3.162162e-01,    3.264154e-01,    1.573215e-01,   -7.402746e-01,    7.735735e-01,   -6.983400e-03,    4.029400e-03,    4.515900e-02,   -6.746800e-02,   -5.715100e-02,    7.363600e-02,    3.751200e-03,   -5.625100e-03,    3.837700e-03,    3.837700e-03,    4.349600e-03,    4.349600e-03,    4.349600e-03,    4.349600e-03,    3.765600e-03,    3.765600e-03,
        45,    3.981000e+01,   -7.335605e-03,    5.288607e-03,    6.551989e-02,   -9.146533e-02,   -7.903918e-02,    9.178554e-02,    9.953690e-03,   -9.775939e-03,   -3.096868e-01,   -3.421661e-01,   -3.517654e-01,    1.236986e-01,   -3.245486e-03,    7.285055e-02,   -9.035452e-01,    2.462152e-01,   -8.847000e-03,    3.618700e-03,    6.348000e-02,   -9.074800e-02,   -7.905800e-02,    9.220800e-02,    5.236100e-03,   -8.490400e-03,    4.880400e-03,    4.880400e-03,    5.799000e-03,    5.799000e-03,    5.799000e-03,    5.799000e-03,    5.221200e-03,    5.221200e-03,
        45,    6.309500e+01,   -9.454441e-03,    4.887879e-03,    9.126460e-02,   -1.174212e-01,   -1.044068e-01,    1.135893e-01,    1.374428e-02,   -1.022613e-02,   -1.588266e-01,   -3.404537e-01,    1.855631e-01,   -8.118599e-01,   -4.740828e-01,    3.243779e-01,   -8.763710e-01,   -1.157824e-01,   -1.042800e-02,    2.801000e-03,    9.271800e-02,   -1.237800e-01,   -1.081200e-01,    1.161300e-01,    7.674800e-03,   -1.102800e-02,    6.129700e-03,    6.129700e-03,    7.832400e-03,    7.832400e-03,    7.832400e-03,    7.832400e-03,    6.925700e-03,    6.925700e-03,
        46,    2.511800e+01,   -3.628540e-02,    1.535989e-03,    7.556414e-02,   -5.588259e-02,   -6.505467e-02,    4.481117e-02,    1.921939e-02,   -5.316622e-03,   -9.411427e-01,    9.704354e-02,   -8.271544e-01,   -1.234679e+00,   -6.371555e-01,   -5.667150e-01,   -9.281827e-01,   -8.926216e-01,   -4.555500e-02,    2.491800e-03,    7.196900e-02,   -6.124900e-02,   -6.782400e-02,    4.234800e-02,    1.402500e-02,   -1.031200e-02,    9.849300e-03,    9.849300e-03,    4.346400e-03,    4.346400e-03,    4.346400e-03,    4.346400e-03,    5.596300e-03,    5.596300e-03,
        46,    3.981000e+01,   -3.379125e-02,    2.126370e-03,    8.801508e-02,   -6.621626e-02,   -7.361838e-02,    5.890956e-02,    2.016261e-02,   -3.689875e-03,   -1.020644e+00,    1.045965e-01,   -1.060267e+00,   -1.971419e+00,   -7.667478e-01,   -7.302041e-01,   -7.899867e-01,   -1.424251e+00,   -4.465600e-02,    3.239800e-03,    8.253000e-02,   -7.641500e-02,   -7.758500e-02,    5.513200e-02,    1.501300e-02,   -1.297400e-02,    1.064500e-02,    1.064500e-02,    5.173300e-03,    5.173300e-03,    5.173300e-03,    5.173300e-03,    6.518600e-03,    6.518600e-03,
        46,    6.309500e+01,   -3.185908e-02,    5.961606e-03,    1.021866e-01,   -8.312535e-02,   -8.648609e-02,    7.967558e-02,    1.967983e-02,   -2.930478e-03,   -9.814628e-01,   -8.639461e-02,   -1.211645e+00,   -2.145577e+00,   -6.910344e-01,   -5.412761e-01,   -4.457863e-01,   -1.673449e+00,   -4.314100e-02,    4.968500e-03,    9.451400e-02,   -9.671200e-02,   -9.086200e-02,    7.624800e-02,    1.620600e-02,   -1.597100e-02,    1.149500e-02,    1.149500e-02,    6.332400e-03,    6.332400e-03,    6.332400e-03,    6.332400e-03,    7.792600e-03,    7.792600e-03,
        47,    2.511800e+01,    1.227350e-02,    1.794151e-02,    9.861781e-02,   -9.508778e-02,   -1.083587e-01,    6.355783e-02,   -1.787802e-02,   -7.860071e-03,   -7.576963e-01,    1.120312e+00,    1.108826e+00,   -1.160149e+00,   -1.292300e-01,   -1.797401e-01,    7.150583e-01,   -1.025280e+00,    4.776100e-03,    2.902700e-02,    1.061800e-01,   -1.030000e-01,   -1.092400e-01,    6.233200e-02,   -1.250300e-02,   -1.556700e-02,    9.895000e-03,    9.895000e-03,    6.820000e-03,    6.820000e-03,    6.820000e-03,    6.820000e-03,    7.516900e-03,    7.516900e-03,
        47,    3.981000e+01,    6.590151e-03,    2.538700e-02,    1.245141e-01,   -1.157833e-01,   -1.246947e-01,    7.226137e-02,   -1.744552e-02,   -1.822699e-02,   -5.832960e-01,    1.151105e+00,    8.234464e-01,    1.112901e-01,    3.335265e-02,    1.749499e-01,    9.900756e-01,   -3.407396e-01,   -6.940500e-04,    3.976200e-02,    1.310500e-01,   -1.149000e-01,   -1.244300e-01,    7.365000e-02,   -8.888300e-03,   -2.117200e-02,    1.248800e-02,    1.248800e-02,    7.937300e-03,    7.937300e-03,    7.937300e-03,    7.937300e-03,    8.643000e-03,    8.643000e-03,
        47,    6.309500e+01,   -1.877093e-03,    3.340595e-02,    1.570890e-01,   -1.421351e-01,   -1.427104e-01,    8.451818e-02,   -1.176104e-02,   -3.180058e-02,   -1.766812e-01,    1.533859e+00,    6.336836e-01,    1.581856e+00,   -5.151932e-01,    1.261579e+00,    5.820920e-01,    4.565899e-01,   -4.804700e-03,    5.882200e-02,    1.631400e-01,   -1.270300e-01,   -1.476300e-01,    9.656500e-02,   -5.667700e-03,   -2.702100e-02,    1.657000e-02,    1.657000e-02,    9.549000e-03,    9.549000e-03,    9.549000e-03,    9.549000e-03,    1.046800e-02,    1.046800e-02,
        48,    2.511800e+01,    8.789136e-04,    9.733577e-04,    7.492002e-02,   -6.438523e-02,   -7.681107e-02,    7.038023e-02,   -4.826141e-03,    9.040263e-03,   -2.968468e-01,   -2.156532e-01,    1.385698e-01,   -4.118897e-01,   -1.192437e+00,    5.385372e-01,   -3.410890e-02,   -2.404727e-01,    4.725600e-04,    6.781500e-04,    7.565200e-02,   -6.656100e-02,   -8.311000e-02,    7.322500e-02,   -4.990600e-03,    7.880800e-03,    1.368900e-03,    1.368900e-03,    5.282400e-03,    5.282400e-03,    5.282400e-03,    5.282400e-03,    4.821600e-03,    4.821600e-03,
        48,    3.981000e+01,   -1.490916e-04,   -1.059728e-03,    9.018981e-02,   -7.877458e-02,   -9.501611e-02,    8.631338e-02,   -7.693931e-03,    1.073108e-02,    5.729070e-02,   -5.358407e-01,   -7.324040e-01,   -1.749578e-01,   -4.657086e-01,   -6.418824e-02,    1.533581e-02,   -2.751848e-01,   -4.713300e-06,   -2.410100e-03,    8.566700e-02,   -7.985500e-02,   -9.789200e-02,    8.591700e-02,   -7.603500e-03,    9.108400e-03,    2.520100e-03,    2.520100e-03,    6.175300e-03,    6.175300e-03,    6.175300e-03,    6.175300e-03,    5.896700e-03,    5.896700e-03,
        48,    6.309500e+01,    1.063454e-03,   -3.739222e-03,    1.075601e-01,   -9.886667e-02,   -1.164416e-01,    1.068016e-01,   -1.132068e-02,    1.243650e-02,    7.711349e-02,    1.393115e-01,   -3.437563e-01,   -1.407006e-01,   -3.566972e-01,   -1.727363e-01,    1.536803e-01,   -1.466186e-01,    1.324900e-03,   -3.266900e-03,    1.049500e-01,   -9.993500e-02,   -1.191500e-01,    1.054900e-01,   -1.018500e-02,    1.135300e-02,    3.390400e-03,    3.390400e-03,    7.592900e-03,    7.592900e-03,    7.592900e-03,    7.592900e-03,    7.389900e-03,    7.389900e-03,
VTF,
     StaID,        Freq[Hz],     Re(Tzx)_Cal,     Im(Tzx)_Cal,     Re(Tzy)_Cal,     Im(Tzy)_Cal,     Re(Tzx)_Res,     Im(Tzx)_Res,     Re(Tzy)_Res,     Im(Tzy)_Res,     Re(Tzx)_Obs,     Im(Tzx)_Obs,     Re(Tzy)_Obs,     Im(Tzy)_Obs,      Re(Tzx)_SD,      Im(Tzx)_SD,      Re(Tzy)_SD,      Im(Tzy)_SD,
      1001,    2.511800e+01,    2.464095e-02,    1.812729e-02,    1.320781e-01,   -6.404142e-03,    8.285018e-01,   -8.342882e-03,   -5.356035e-01,   -2.339619e-01,    4.949600e-02,    1.787700e-02,    1.160100e-01,   -1.342300e-02,    3.000000e-02,    3.000000e-02,    3.000000e-02,    3.000000e-02,
      1001,    3.981000e+01,    3.616727e-02,   -4.116290e-03,    1.305466e-01,    2.053977e-02,    6.130576e-01,    5.195430e-01,   -4.622205e-01,   -6.891476e-01,    5.455900e-02,    1.147000e-02,    1.166800e-01,   -1.346600e-04,    3.000000e-02,    3.000000e-02,    3.000000e-02,    3.000000e-02,
      1001,    6.309500e+01,    5.203111e-02,   -6.068788e-03,    1.133470e-01,    4.218532e-02,    2.737631e-01,    5.505263e-01,    3.110118e-02,   -1.024344e+00,    6.024400e-02,    1.044700e-02,    1.142800e-01,    1.145500e-02,    3.000000e-02,    3.000000e-02,    3.000000e-02,    3.000000e-02,
      1002,    2.511800e+01,    7.461215e-02,   -1.084701e-02,   -1.068396e-01,    5.648073e-02,    6.629282e-01,    6.165368e-02,   -4.713450e-01,    7.947581e-02,    9.450000e-02,   -8.997400e-03,   -1.209800e-01,    5.886500e-02,    3.000000e-02,    3.000000e-02,    3.000000e-02,    3.000000e-02,
      1002,    3.981000e+01,    1.020757e-01,   -3.771438e-02,   -1.375779e-01,    6.829100e-02,    5.008095e-01,    5.596461e-01,   -5.867373e-01,   -3.928333e-01,    1.171000e-01,   -2.092500e-02,   -1.551800e-01,    5.650600e-02,    3.000000e-02,    3.000000e-02,    3.000000e-02,    3.000000e-02,
      1002,    6.309500e+01,    1.368813e-01,   -3.492465e-02,   -1.744378e-01,    6.066099e-02,    3.779571e-01,    4.712882e-01,   -7.984064e-01,   -5.893330e-01,    1.482200e-01,   -2.078600e-02,   -1.983900e-01,    4.298100e-02,    3.000000e-02,    3.000000e-02,    3.000000e-02,    3.000000e-02,
      1003,    3.981000e+01,    4.398697e-02,   -3.099203e-02,   -9.810722e-02,    4.259699e-02,    9.825343e-01,    3.785344e-01,    4.074738e-01,    9.490669e-01,    7.346300e-02,   -1.963600e-02,   -8.588300e-02,    7.106900e-02,    3.000000e-02,    3.000000e-02,    3.000000e-02,    3.000000e-02,
      1003,    6.309500e+01,    6.927820e-02,   -3.328680e-02,   -1.225062e-01,    3.129916e-02,    1.021860e+00,    2.944267e-01,   -1.517924e-01,    6.230615e-01,    9.993400e-02,   -2.445400e-02,   -1.270600e-01,    4.999100e-02,    3.000000e-02,    3.000000e-02,    3.000000e-02,    3.000000e-02,
      1004,    2.511800e+01,   -4.650756e-02,    3.228300e-02,    3.513084e-01,    1.592841e-01,   -3.307146e-01,    1.334967e+00,   -6.562808e-01,   -8.331376e-01,   -5.642900e-02,    7.233200e-02,    3.316200e-01,    1.342900e-01,    3.000000e-02,    3.000000e-02,    3.000000e-02,    3.000000e-02,
      1004,    3.981000e+01,   -5.311834e-02,    1.846096e-02,    2.890137e-01,    1.640273e-01,   -2.932886e-01,    1.371301e+00,   -1.611233e-01,   -7.889089e-01,   -6.191700e-02,    5.960000e-02,    2.841800e-01,    1.403600e-01,    3.000000e-02,    3.000000e-02,    3.000000e-02,    3.000000e-02,
      1004,    6.309500e+01,   -5.047475e-02,    1.051565e-02,    2.315864e-01,    1.562041e-01,   -5.228082e-01,    1.125845e+00,    3.031184e-01,   -7.214685e-01,   -6.615900e-02,    4.429100e-02,    2.406800e-01,    1.345600e-01,    3.000000e-02,    3.000000e-02,    3.000000e-02,    3.000000e-02,
      1005,    2.511800e+01,    4.151422e-02,    6.813649e-02,    1.385791e-01,   -1.218895e-02,    6.572928e-01,   -3.986498e-01,   -4.873048e-01,    2.143159e-02,    6.123300e-02,    5.617700e-02,    1.239600e-01,   -1.154600e-02,    3.000000e-02,    3.000000e-02,    3.000000e-02,    3.000000e-02,
      1005,    3.981000e+01,    2.848299e-02,    5.078782e-02,    1.423291e-01,    1.082187e-02,    7.823337e-01,    1.231725e-01,   -8.563510e-02,   -2.573525e-01,    5.195300e-02,    5.448300e-02,    1.397600e-01,    3.101300e-03,    3.000000e-02,    3.000000e-02,    3.000000e-02,    3.000000e-02,
      1005,    6.309500e+01,    2.247026e-02,    4.467639e-02,    1.331855e-01,    3.395298e-02,    6.021914e-01,    6.967536e-01,    1.478152e-01,   -8.826596e-02,    4.053600e-02,    6.557900e-02,    1.376200e-01,    3.130500e-02,    3.000000e-02,    3.000000e-02,    3.000000e-02,    3.000000e-02,
      1006,    2.511800e+01,    3.240084e-02,    4.231670e-02,   -2.627790e-02,    2.412116e-02,   -6.726279e-01,   -6.407568e-01,    1.314230e+00,    3.790613e-01,    1.222200e-02,    2.309400e-02,    1.314900e-02,    3.549300e-02,    3.000000e-02,    3.000000e-02,    3.000000e-02,    3.000000e-02,
      1006,    3.981000e+01,    9.561937e-03,    4.748889e-02,   -2.912888e-02,    2.970531e-03,   -4.174612e-01,   -8.277963e-01,    1.002776e+00,    5.990823e-01,   -2.961900e-03,    2.265500e-02,    9.544100e-04,    2.094300e-02,    3.000000e-02,    3.000000e-02,    3.000000e-02,    3.000000e-02,
      1006,    6.309500e+01,   -1.172164e-02,    4.281412e-02,   -2.149821e-02,   -1.365804e-02,   -6.941199e-02,   -7.568374e-01,    3.298069e-01,    6.230379e-01,   -1.380400e-02,    2.010900e-02,   -1.160400e-02,    5.033100e-03,    3.000000e-02,    3.000000e-02,    3.000000e-02,    3.000000e-02,
      1007,    2.511800e+01,   -8.170807e-02,   -1.055112e-02,    1.134701e-01,    5.760425e-02,    4.860022e-01,    3.065506e-01,   -2.773353e-01,   -1.041416e-01,   -6.712800e-02,   -1.354600e-03,    1.051500e-01,    5.448000e-02,    3.000000e-02,    3.000000e-02,    3.000000e-02,    3.000000e-02,
      1007,    3.981000e+01,   -7.942166e-02,   -1.957017e-02,    9.222414e-02,    7.221794e-02,    5.025549e-02,    4.045789e-01,   -3.242047e-01,   -3.603312e-01,   -7.791400e-02,   -7.432800e-03,    8.249800e-02,    6.140800e-02,    3.000000e-02,    3.000000e-02,    3.000000e-02,    3.000000e-02,
      1007,    6.309500e+01,   -7.030296e-02,   -2.851875e-02,    6.219159e-02,    8.316329e-02,   -7.910124e-02,    3.005582e-01,   -1.604198e-01,   -4.198763e-01,   -7.267600e-02,   -1.950200e-02,    5.737900e-02,    7.056700e-02,    3.000000e-02,    3.000000e-02,    3.000000e-02,    3.000000e-02,
      1008,    2.511800e+01,    2.990498e-02,    4.064096e-02,   -9.896902e-02,   -2.652718e-02,   -4.351326e-01,    4.435012e-01,   -1.022699e+00,   -7.959608e-01,    1.685100e-02,    5.394600e-02,   -1.296500e-01,   -5.040600e-02,    3.000000e-02,    3.000000e-02,    3.000000e-02,    3.000000e-02,
      1009,    2.511800e+01,   -2.736993e-01,   -3.502555e-02,    1.800597e-01,   -1.162192e-02,    9.473099e-01,    2.358517e-01,   -2.103223e-01,    4.841075e-01,   -2.452800e-01,   -2.795000e-02,    1.737500e-01,    2.901300e-03,    3.000000e-02,    3.000000e-02,    3.000000e-02,    3.000000e-02,
      1009,    3.981000e+01,   -2.408287e-01,   -7.923899e-02,    1.970656e-01,   -5.205606e-03,    5.729558e-01,    1.989329e-01,    5.114655e-02,    1.918402e-01,   -2.236400e-01,   -7.327100e-02,    1.986000e-01,    5.496000e-04,    3.000000e-02,    3.000000e-02,    3.000000e-02,    3.000000e-02,
      1010,    2.511800e+01,    3.762436e-03,    1.355525e-01,    5.653043e-02,    3.028486e-02,   -8.435788e-02,    2.791738e-02,   -1.475181e+00,    1.136871e+00,    1.231700e-03,    1.363900e-01,    1.227500e-02,    6.439100e-02,    3.000000e-02,    3.000000e-02,    3.000000e-02,    3.000000e-02,
      1010,    3.981000e+01,   -5.294754e-02,    1.085468e-01,    4.434925e-02,    3.478405e-02,    5.425179e-01,    2.527743e-01,   -1.264162e+00,    1.633983e-01,   -3.667200e-02,    1.161300e-01,    6.424400e-03,    3.968600e-02,    3.000000e-02,    3.000000e-02,    3.000000e-02,    3.000000e-02,
      1010,    6.309500e+01,   -8.784932e-02,    6.352093e-02,    3.124333e-02,    3.632752e-02,    5.176107e-01,   -4.181310e-01,   -8.286177e-01,   -4.079507e-01,   -7.232100e-02,    5.097700e-02,    6.384800e-03,    2.408900e-02,    3.000000e-02,    3.000000e-02,    3.000000e-02,    3.000000e-02,
      1011,    2.511800e+01,    1.249838e-01,    6.520786e-02,   -2.496497e-02,   -4.051394e-02,   -2.841264e-01,   -5.204619e-01,    3.026324e-01,    5.204980e-01,    1.164600e-01,    4.959400e-02,   -1.588600e-02,   -2.489900e-02,    3.000000e-02,    3.000000e-02,    3.000000e-02,    3.000000e-02,
      1011,    3.981000e+01,    9.754098e-02,    6.702494e-02,   -1.478783e-02,   -3.292565e-02,   -4.567662e-01,   -1.148965e+00,    1.496394e+00,    4.325884e-01,    8.383800e-02,    3.255600e-02,    3.010400e-02,   -1.994800e-02,    3.000000e-02,    3.000000e-02,    3.000000e-02,    3.000000e-02,
      1011,    6.309500e+01,    7.229566e-02,    5.782846e-02,   -8.779962e-03,   -2.749461e-02,    4.178779e-01,   -3.420486e-01,   -1.311346e-01,    1.475352e-02,    8.483200e-02,    4.756700e-02,   -1.271400e-02,   -2.705200e-02,    3.000000e-02,    3.000000e-02,    3.000000e-02,    3.000000e-02,
      1012,    2.511800e+01,    7.566181e-02,    6.920770e-02,   -4.603857e-02,   -1.306227e-02,    1.855397e-01,    9.153432e-01,   -2.495812e-01,   -3.170577e-01,    8.122800e-02,    9.666800e-02,   -5.352600e-02,   -2.257400e-02,    3.000000e-02,    3.000000e-02,    3.000000e-02,    3.000000e-02,
      1012,    3.981000e+01,    6.195776e-02,    4.590018e-02,   -2.947113e-02,   -1.946378e-02,    1.274075e+00,    7.720939e-01,   -2.342622e-01,   -3.817073e-01,    1.001800e-01,    6.906300e-02,   -3.649900e-02,   -3.091500e-02,    3.000000e-02,    3.000000e-02,    3.000000e-02,    3.000000e-02,
      1012,    6.309500e+01,    5.683010e-02,    2.653676e-02,   -1.583577e-02,   -1.722667e-02,    2.427301e-01,    5.902747e-01,   -1.056742e-01,    4.229389e-01,    6.411200e-02,    4.424500e-02,   -1.900600e-02,   -4.538500e-03,    3.000000e-02,    3.000000e-02,    3.000000e-02,    3.000000e-02,
      1014,    2.511800e+01,    1.930651e-01,    1.881617e-01,   -6.566962e-02,    9.861252e-02,    1.091623e-01,   -1.219391e+00,   -1.360679e+00,   -1.370884e+00,    1.963400e-01,    1.515800e-01,   -1.064900e-01,    5.748600e-02,    3.000000e-02,    3.000000e-02,    3.000000e-02,    3.000000e-02,
      1014,    3.981000e+01,    1.074401e-01,    2.109764e-01,   -1.015836e-01,    6.731864e-02,    1.071331e+00,   -1.257214e+00,   -1.325482e-01,   -1.553955e+00,    1.395800e-01,    1.732600e-01,   -1.055600e-01,    2.070000e-02,    3.000000e-02,    3.000000e-02,    3.000000e-02,    3.000000e-02,
      1014,    6.309500e+01,    2.166585e-02,    2.059703e-01,   -1.161427e-01,    2.911492e-02,    9.483384e-01,   -3.963446e-01,    8.484887e-01,   -1.916264e+00,    5.011600e-02,    1.940800e-01,   -9.068800e-02,   -2.837300e-02,    3.000000e-02,    3.000000e-02,    3.000000e-02,    3.000000e-02,
      1015,    2.511800e+01,   -6.087998e-02,    6.975836e-02,   -1.941426e-02,    1.685764e-03,    4.858993e-01,   -8.516120e-01,   -9.416248e-01,   -1.299921e-01,   -4.630300e-02,    4.421000e-02,   -4.766300e-02,   -2.214000e-03,    3.000000e-02,    3.000000e-02,    3.000000e-02,    3.000000e-02,
      1015,    3.981000e+01,   -7.725273e-02,    3.053175e-02,   -2.308959e-02,    1.045155e-02,    8.551243e-01,   -4.709180e-02,   -7.833802e-01,   -6.368751e-01,   -5.159900e-02,    2.911900e-02,   -4.659100e-02,   -8.654700e-03,    3.000000e-02,    3.000000e-02,    3.000000e-02,    3.000000e-02,
      1015,    6.309500e+01,   -7.107580e-02,   -6.510132e-04,   -3.271085e-02,    1.346346e-02,   -2.267337e-02,   -5.052996e-01,   -3.087384e-01,   -8.075153e-01,   -7.175600e-02,   -1.581000e-02,   -4.197300e-02,   -1.076200e-02,    3.000000e-02,    3.000000e-02,    3.000000e-02,    3.000000e-02,
      1016,    2.511800e+01,   -2.076948e-02,    1.461254e-01,   -4.332252e-02,    2.161749e-03,    1.438262e-02,   -5.831788e-01,    2.978173e-01,   -8.467916e-01,   -2.033800e-02,    1.286300e-01,   -3.438800e-02,   -2.324200e-02,    3.000000e-02,    3.000000e-02,    3.000000e-02,    3.000000e-02,
      1016,    3.981000e+01,   -8.160789e-02,    1.292895e-01,   -3.874901e-02,   -1.317404e-02,   -2.183404e+00,   -6.549845e-01,   -7.786663e-01,   -1.647265e+00,   -1.471100e-01,    1.096400e-01,   -6.210900e-02,   -6.259200e-02,    3.000000e-02,    3.000000e-02,    3.000000e-02,    3.000000e-02,
      1016,    6.309500e+01,   -1.247229e-01,    9.340229e-02,   -2.872740e-02,   -2.562965e-02,   -5.289026e-01,   -8.686095e-01,   -2.807201e-01,   -6.237115e-01,   -1.405900e-01,    6.734400e-02,   -3.714900e-02,   -4.434100e-02,    3.000000e-02,    3.000000e-02,    3.000000e-02,    3.000000e-02,
      1017,    2.511800e+01,    1.223709e-01,   -4.937367e-02,    1.798260e-01,   -1.017990e-01,   -9.409304e-01,   -8.727109e-01,   -3.758658e-01,   -6.503426e-02,    9.414300e-02,   -7.555500e-02,    1.685500e-01,   -1.037500e-01,    3.000000e-02,    3.000000e-02,    3.000000e-02,    3.000000e-02,
      1017,    3.981000e+01,    1.329978e-01,   -3.891204e-02,    2.211119e-01,   -9.264124e-02,   -6.679274e-01,   -9.001654e-01,   -5.773955e-01,   -1.188252e-01,    1.129600e-01,   -6.591700e-02,    2.037900e-01,   -9.620600e-02,    3.000000e-02,    3.000000e-02,    3.000000e-02,    3.000000e-02,
      1017,    6.309500e+01,    1.416329e-01,   -3.157527e-02,    2.549298e-01,   -7.214067e-02,   -3.750979e-01,   -7.927576e-01,   -4.229926e-01,   -3.548442e-01,    1.303800e-01,   -5.535800e-02,    2.422400e-01,   -8.278600e-02,    3.000000e-02,    3.000000e-02,    3.000000e-02,    3.000000e-02,
      1018,    2.511800e+01,   -3.930220e-02,   -6.484144e-04,   -2.566442e-02,    1.571356e-02,   -1.919934e-01,    6.924138e-01,    1.132473e-01,   -2.637121e-01,   -4.506200e-02,    2.012400e-02,   -2.226700e-02,    7.802200e-03,    3.000000e-02,    3.000000e-02,    3.000000e-02,    3.000000e-02,
      1018,    3.981000e+01,   -3.115620e-02,   -1.279580e-02,   -4.137884e-02,    3.642096e-02,   -2.964601e-01,    4.172454e-01,    5.552948e-01,   -6.246985e-01,   -4.005000e-02,   -2.784400e-04,   -2.472000e-02,    1.768000e-02,    3.000000e-02,    3.000000e-02,    3.000000e-02,    3.000000e-02,
      1018,    6.309500e+01,   -2.408147e-02,   -2.170954e-02,   -6.206136e-02,    4.567871e-02,   -1.600176e-01,    1.962179e-01,    8.087452e-01,   -5.783238e-01,   -2.888200e-02,   -1.582300e-02,   -3.779900e-02,    2.832900e-02,    3.000000e-02,    3.000000e-02,    3.000000e-02,    3.000000e-02,
      1019,    2.511800e+01,   -2.239383e-01,    1.569593e-01,    1.047645e-01,   -7.248304e-02,   -8.690568e-01,   -1.249975e+00,    8.738499e-01,   -3.058988e-01,   -2.500100e-01,    1.194600e-01,    1.309800e-01,   -8.166000e-02,    3.000000e-02,    3.000000e-02,    3.000000e-02,    3.000000e-02,
      1020,    2.511800e+01,   -1.050102e-01,    7.131842e-02,   -1.183380e-02,    6.260070e-03,    1.452840e+00,    3.445276e-02,   -6.201400e-01,   -2.476157e-01,   -6.142500e-02,    7.235200e-02,   -3.043800e-02,   -1.168400e-03,    3.000000e-02,    3.000000e-02,    3.000000e-02,    3.000000e-02,
      1020,    3.981000e+01,   -1.192445e-01,    3.117396e-02,   -1.937022e-02,    1.485244e-02,    1.627916e+00,    5.048013e-01,   -4.770593e-01,   -5.347679e-01,   -7.040700e-02,    4.631800e-02,   -3.368200e-02,   -1.190600e-03,    3.000000e-02,    3.000000e-02,    3.000000e-02,    3.000000e-02,
      1020,    6.309500e+01,   -1.111741e-01,    7.170984e-04,   -3.024236e-02,    1.480822e-02,    1.576602e+00,    7.367967e-01,   -2.276548e-01,   -5.037568e-01,   -6.387600e-02,    2.282100e-02,   -3.707200e-02,   -3.044800e-04,    3.000000e-02,    3.000000e-02,    3.000000e-02,    3.000000e-02,
      1021,    2.511800e+01,    1.179808e-01,    1.575639e-02,   -2.184891e-02,    2.216627e-02,   -2.489360e+00,    9.043869e-01,   -2.413031e-01,    5.546577e-01,    4.330000e-02,    4.288800e-02,   -2.908800e-02,    3.880600e-02,    3.000000e-02,    3.000000e-02,    3.000000e-02,    3.000000e-02,
      1021,    3.981000e+01,    1.118202e-01,    1.818137e-02,   -2.438493e-02,    2.048295e-02,    2.656605e-01,    4.100288e+00,   -6.664023e-01,    2.979016e-01,    1.197900e-01,    1.411900e-01,   -4.437700e-02,    2.942000e-02,    3.000000e-02,    3.000000e-02,    3.000000e-02,    3.000000e-02,
      1021,    6.309500e+01,    1.047374e-01,    1.779895e-02,   -3.051595e-02,    1.994321e-02,    3.947549e-01,    3.712368e+00,   -4.541684e-01,    3.001930e-01,    1.165800e-01,    1.291700e-01,   -4.414100e-02,    2.894900e-02,    3.000000e-02,    3.000000e-02,    3.000000e-02,    3.000000e-02,
      1022,    2.511800e+01,    7.024081e-02,    1.010811e-01,    7.284033e-02,   -4.893053e-03,   -1.111060e+00,   -1.594017e-01,    3.566889e-01,    9.802351e-01,    3.690900e-02,    9.629900e-02,    8.354100e-02,    2.451400e-02,    3.000000e-02,    3.000000e-02,    3.000000e-02,    3.000000e-02,
      1022,    3.981000e+01,    3.201385e-02,    8.439603e-02,    7.783757e-02,    4.998552e-03,   -5.422617e-01,   -1.085534e+00,   -7.452857e-01,    7.738816e-01,    1.574600e-02,    5.183000e-02,    5.547900e-02,    2.821500e-02,    3.000000e-02,    3.000000e-02,    3.000000e-02,    3.000000e-02,
      1022,    6.309500e+01,    1.819361e-03,    5.656908e-02,    7.070536e-02,    1.706399e-02,   -2.898037e-02,   -2.397469e+00,   -9.614785e-01,    2.611669e-01,    9.499500e-04,   -1.535500e-02,    4.186100e-02,    2.489900e-02,    3.000000e-02,    3.000000e-02,    3.000000e-02,    3.000000e-02,
      1023,    2.511800e+01,    6.640354e-02,    1.190692e-02,   -3.001440e-02,    1.387300e-02,   -1.379651e+00,   -2.967308e-01,   -8.403867e-01,    7.041667e-01,    2.501400e-02,    3.005000e-03,   -5.522600e-02,    3.499800e-02,    3.000000e-02,    3.000000e-02,    3.000000e-02,    3.000000e-02,
      1023,    3.981000e+01,    6.602624e-02,    7.494012e-03,   -4.506666e-02,    3.759645e-02,   -8.607746e-01,   -2.810874e-01,   -8.803447e-01,   -1.268816e-01,    4.020300e-02,   -9.386100e-04,   -7.147700e-02,    3.379000e-02,    3.000000e-02,    3.000000e-02,    3.000000e-02,    3.000000e-02,
      1023,    6.309500e+01,    6.260819e-02,    1.874523e-03,   -7.070558e-02,    4.785113e-02,   -6.459730e-01,   -2.169141e-01,   -3.160140e-01,   -5.847709e-01,    4.322900e-02,   -4.632900e-03,   -8.018600e-02,    3.030800e-02,    3.000000e-02,    3.000000e-02,    3.000000e-02,    3.000000e-02,
      1024,    2.511800e+01,    2.490410e-02,    9.554731e-02,    1.171930e-01,   -6.500899e-03,   -2.873366e-01,   -1.421102e-01,    6.125683e-01,   -8.543367e-01,    1.628400e-02,    9.128400e-02,    1.355700e-01,   -3.213100e-02,    3.000000e-02,    3.000000e-02,    3.000000e-02,    3.000000e-02,
      1024,    3.981000e+01,    6.726582e-04,    7.951946e-02,    1.212619e-01,   -8.723546e-03,   -3.457553e-01,   -1.847486e-01,    4.632687e-01,   -1.305715e+00,   -9.700000e-03,    7.397700e-02,    1.351600e-01,   -4.789500e-02,    3.000000e-02,    3.000000e-02,    3.000000e-02,    3.000000e-02,
      1026,    2.511800e+01,    5.822028e-03,    6.385495e-02,   -1.864789e-02,   -4.830898e-02,   -2.548443e-01,    5.500151e-02,    7.164063e-01,    1.461026e+00,   -1.823300e-03,    6.550500e-02,    2.844300e-03,   -4.478200e-03,    3.000000e-02,    3.000000e-02,    3.000000e-02,    3.000000e-02,
      1026,    3.981000e+01,   -7.700119e-03,    3.094621e-02,    1.635739e-02,   -6.310689e-02,    3.321906e-01,    4.893931e-01,    3.853824e-03,    1.716163e+00,    2.265600e-03,    4.562800e-02,    1.647300e-02,   -1.162200e-02,    3.000000e-02,    3.000000e-02,    3.000000e-02,    3.000000e-02,
      1026,    6.309500e+01,   -3.845156e-03,    6.462080e-03,    5.457485e-02,   -5.445222e-02,    1.002505e+00,    4.418307e-01,   -7.070617e-01,    1.337941e+00,    2.623000e-02,    1.971700e-02,    3.336300e-02,   -1.431400e-02,    3.000000e-02,    3.000000e-02,    3.000000e-02,    3.000000e-02,
      1027,    2.511800e+01,    5.688216e-02,    9.605034e-02,   -3.449236e-03,    1.324683e-01,    1.460948e-01,   -6.047780e-01,   -3.851588e-01,   -2.356109e-01,    6.126500e-02,    7.790700e-02,   -1.500400e-02,    1.254000e-01,    3.000000e-02,    3.000000e-02,    3.000000e-02,    3.000000e-02,
      1027,    3.981000e+01,    1.498100e-02,    1.044729e-01,   -5.082525e-02,    1.133549e-01,    6.337667e-01,   -4.416617e-01,   -3.662251e-01,   -2.183136e-02,    3.399400e-02,    9.122300e-02,   -6.181200e-02,    1.127000e-01,    3.000000e-02,    3.000000e-02,    3.000000e-02,    3.000000e-02,
      1027,    6.309500e+01,   -2.449861e-02,    1.005825e-01,   -8.430470e-02,    8.812215e-02,    8.437860e-01,   -1.753511e-01,   -8.858434e-01,    8.495087e-03,    8.149700e-04,    9.532200e-02,   -1.108800e-01,    8.837700e-02,    3.000000e-02,    3.000000e-02,    3.000000e-02,    3.000000e-02,
      1028,    2.511800e+01,    2.752761e-02,    6.040549e-02,   -6.042814e-02,    1.052830e-01,   -6.248693e-02,   -5.293164e-01,    5.420712e-01,    8.156693e-02,    2.565300e-02,    4.452600e-02,   -4.416600e-02,    1.077300e-01,    3.000000e-02,    3.000000e-02,    3.000000e-02,    3.000000e-02,
      1028,    3.981000e+01,   -1.421767e-03,    6.152671e-02,   -9.366477e-02,    8.301393e-02,    3.976256e-01,   -5.736236e-01,    3.182256e-01,    4.989358e-01,    1.050700e-02,    4.431800e-02,   -8.411800e-02,    9.798200e-02,    3.000000e-02,    3.000000e-02,    3.000000e-02,    3.000000e-02,
      1028,    6.309500e+01,   -2.642702e-02,    5.169413e-02,   -1.135189e-01,    6.024688e-02,    6.755440e-01,   -2.705378e-01,   -2.653703e-01,    5.293708e-01,   -6.160700e-03,    4.357800e-02,   -1.214800e-01,    7.612800e-02,    3.000000e-02,    3.000000e-02,    3.000000e-02,    3.000000e-02,
      1029,    2.511800e+01,   -7.962428e-03,    4.483640e-02,   -2.159154e-02,   -9.667208e-04,   -1.326852e+00,    1.821533e-01,   -7.146819e-01,    2.118540e-01,   -4.776800e-02,    5.030100e-02,   -4.303200e-02,    5.388900e-03,    3.000000e-02,    3.000000e-02,    3.000000e-02,    3.000000e-02,
      1030,    3.981000e+01,   -1.240120e-01,    3.329723e-02,    1.098225e-01,   -2.977906e-02,    2.140666e+00,    1.094492e+00,   -8.157505e-01,    9.589319e-01,   -5.979200e-02,    6.613200e-02,    8.535000e-02,   -1.011100e-03,    3.000000e-02,    3.000000e-02,    3.000000e-02,    3.000000e-02,
      1030,    6.309500e+01,   -1.193657e-01,   -3.043859e-03,    1.253434e-01,   -1.401042e-02,    1.383855e+00,    1.478795e+00,   -9.479799e-01,    5.087541e-01,   -7.785000e-02,    4.132000e-02,    9.690400e-02,    1.252200e-03,    3.000000e-02,    3.000000e-02,    3.000000e-02,    3.000000e-02,
      1031,    2.511800e+01,   -1.996954e-03,    5.877687e-02,    1.080629e-03,   -2.040449e-02,   -1.555635e+00,   -3.592956e-01,    6.704903e-02,    1.653783e+00,   -4.866600e-02,    4.799800e-02,    3.092100e-03,    2.920900e-02,    3.000000e-02,    3.000000e-02,    3.000000e-02,    3.000000e-02,
      1031,    3.981000e+01,   -1.829752e-02,    4.750969e-02,    1.736451e-02,   -2.626259e-02,   -9.134160e-01,   -1.162565e-01,   -3.766738e-01,    1.707886e+00,   -4.570000e-02,    4.402200e-02,    6.064300e-03,    2.497400e-02,    3.000000e-02,    3.000000e-02,    3.000000e-02,    3.000000e-02,
      1031,    6.309500e+01,   -3.186289e-02,    3.601071e-02,    2.913816e-02,   -2.453612e-02,   -3.047704e-01,    5.727627e-02,   -6.123053e-01,    1.426904e+00,   -4.100600e-02,    3.772900e-02,    1.076900e-02,    1.827100e-02,    3.000000e-02,    3.000000e-02,    3.000000e-02,    3.000000e-02,
      1032,    2.511800e+01,    1.325888e-01,    1.153522e-01,   -1.562079e-02,   -2.752665e-04,    5.979373e+00,    1.088925e+00,    1.470326e+00,   -1.562491e+00,    3.119700e-01,    1.480200e-01,    2.848900e-02,   -4.715000e-02,    3.000000e-02,    3.000000e-02,    3.000000e-02,    3.000000e-02,
      1032,    3.981000e+01,    9.050634e-02,    1.118325e-01,   -4.309600e-03,   -1.490487e-02,    2.434789e+00,    4.492489e-01,    2.029753e+00,   -1.083271e+00,    1.635500e-01,    1.253100e-01,    5.658300e-02,   -4.740300e-02,    3.000000e-02,    3.000000e-02,    3.000000e-02,    3.000000e-02,
      1032,    6.309500e+01,    5.214604e-02,    1.031187e-01,    1.093009e-02,   -1.806336e-02,   -2.334501e+00,   -2.671855e+00,    3.182303e-01,   -6.987880e-01,   -1.788900e-02,    2.296300e-02,    2.047700e-02,   -3.902700e-02,    3.000000e-02,    3.000000e-02,    3.000000e-02,    3.000000e-02,
      1033,    2.511800e+01,   -9.700317e-02,   -3.958240e-02,   -8.812541e-02,    7.975361e-03,   -5.362276e-01,   -5.204199e-01,    1.358805e-01,   -4.159920e-01,   -1.130900e-01,   -5.519500e-02,   -8.404900e-02,   -4.504400e-03,    3.000000e-02,    3.000000e-02,    3.000000e-02,    3.000000e-02,
      1033,    6.309500e+01,   -7.965055e-02,   -1.746193e-02,   -8.379637e-02,   -7.871563e-03,   -7.193151e-01,   -5.909022e-01,   -3.142209e-01,   -1.509479e-01,   -1.012300e-01,   -3.518900e-02,   -9.322300e-02,   -1.240000e-02,    3.000000e-02,    3.000000e-02,    3.000000e-02,    3.000000e-02,
      1034,    2.511800e+01,   -2.632875e-01,   -2.583607e-02,   -2.591298e-01,    4.320206e-02,    2.095840e-01,    1.454023e-01,   -7.966729e-01,   -7.718355e-01,   -2.570000e-01,   -2.147400e-02,   -2.830300e-01,    2.004700e-02,    3.000000e-02,    3.000000e-02,    3.000000e-02,    3.000000e-02,
      1034,    3.981000e+01,   -2.294807e-01,   -8.950418e-02,   -2.606485e-01,   -2.618068e-02,   -4.433094e-01,   -3.194272e-01,   -5.090497e-01,   -5.070773e-01,   -2.427800e-01,   -9.908700e-02,   -2.759200e-01,   -4.139300e-02,    3.000000e-02,    3.000000e-02,    3.000000e-02,    3.000000e-02,
      1034,    6.309500e+01,   -1.711375e-01,   -1.266302e-01,   -2.303656e-01,   -8.672757e-02,   -7.877515e-01,   -1.367660e+00,   -2.784811e-01,   -8.720810e-01,   -1.947700e-01,   -1.676600e-01,   -2.387200e-01,   -1.128900e-01,    3.000000e-02,    3.000000e-02,    3.000000e-02,    3.000000e-02,
      1035,    2.511800e+01,   -6.714594e-02,    3.145239e-02,    1.621112e-01,   -3.509986e-02,   -3.848020e-01,    1.289869e-01,   -7.927072e-01,    2.570953e-01,   -7.869000e-02,    3.532200e-02,    1.383300e-01,   -2.738700e-02,    3.000000e-02,    3.000000e-02,    3.000000e-02,    3.000000e-02,
      1035,    3.981000e+01,   -7.199397e-02,    1.108762e-02,    1.824470e-01,   -6.830798e-03,   -9.099343e-01,   -2.872508e-01,   -1.030234e+00,   -5.119734e-01,   -9.929200e-02,    2.470100e-03,    1.515400e-01,   -2.219000e-02,    3.000000e-02,    3.000000e-02,    3.000000e-02,    3.000000e-02,
      1036,    2.511800e+01,    1.654018e-01,    2.118806e-01,    1.948970e-01,   -7.968016e-03,    3.168941e+00,    1.535981e+00,    9.443261e-02,    3.716267e+00,    2.604700e-01,    2.579600e-01,    1.977300e-01,    1.035200e-01,    3.000000e-02,    3.000000e-02,    3.000000e-02,    3.000000e-02,
      1036,    3.981000e+01,    6.635629e-02,    2.224043e-01,    1.981409e-01,    2.377272e-03,    3.028457e+00,    3.042522e+00,    2.336375e-01,    2.181891e+00,    1.572100e-01,    3.136800e-01,    2.051500e-01,    6.783400e-02,    3.000000e-02,    3.000000e-02,    3.000000e-02,    3.000000e-02,
      1036,    6.309500e+01,   -2.548764e-02,    1.962444e-01,    1.962358e-01,    1.344940e-02,   -5.910452e-01,    4.146853e+00,    5.208059e-01,    7.019865e-03,   -4.321900e-02,    3.206500e-01,    2.118600e-01,    1.366000e-02,    3.000000e-02,    3.000000e-02,    3.000000e-02,    3.000000e-02,
      1037,    6.309500e+01,   -3.963681e-02,    7.354560e-02,   -3.126301e-01,   -4.050495e-02,   -1.236106e+00,   -2.188477e+00,   -1.305664e+00,   -6.730835e+00,   -7.672000e-02,    7.891300e-03,   -3.518000e-01,   -2.424300e-01,    3.000000e-02,    3.000000e-02,    3.000000e-02,    3.000000e-02,
      1038,    2.511800e+01,   -2.755638e-02,    6.567740e-02,   -7.232297e-02,    9.545717e-03,    9.324608e-02,    2.449087e+00,   -1.122010e-01,   -3.539157e+00,   -2.475900e-02,    1.391500e-01,   -7.568900e-02,   -9.662900e-02,    3.000000e-02,    3.000000e-02,    3.000000e-02,    3.000000e-02,
      1038,    3.981000e+01,   -3.976057e-02,    1.353880e-02,   -7.431513e-02,   -2.573418e-03,   -6.359809e-01,   -5.865627e+00,    4.014709e-01,   -3.653219e+00,   -5.884000e-02,   -1.624300e-01,   -6.227100e-02,   -1.121700e-01,    3.000000e-02,    3.000000e-02,    3.000000e-02,    3.000000e-02,
      1039,    2.511800e+01,    1.661837e-01,    5.689190e-02,    2.779739e-01,    2.021032e-01,    3.808758e-01,    1.096003e+00,   -7.771291e-01,   -1.241065e-01,    1.776100e-01,    8.977200e-02,    2.546600e-01,    1.983800e-01,    3.000000e-02,    3.000000e-02,    3.000000e-02,    3.000000e-02,
      1039,    3.981000e+01,    1.436048e-01,    6.463112e-02,    1.834341e-01,    2.122290e-01,    8.417343e-02,    8.765294e-01,   -7.413738e-02,   -5.033007e-01,    1.461300e-01,    9.092700e-02,    1.812100e-01,    1.971300e-01,    3.000000e-02,    3.000000e-02,    3.000000e-02,    3.000000e-02,
      1039,    6.309500e+01,    1.227895e-01,    7.027849e-02,    9.866587e-02,    1.868650e-01,   -1.516501e-01,    5.595504e-01,    1.144709e-01,   -5.011656e-01,    1.182400e-01,    8.706500e-02,    1.021000e-01,    1.718300e-01,    3.000000e-02,    3.000000e-02,    3.000000e-02,    3.000000e-02,
      1040,    2.511800e+01,   -4.213571e-02,    8.428543e-02,   -1.343460e-01,   -2.007163e-01,    2.297238e-01,   -1.429475e-01,   -2.197993e-01,   -2.324553e-01,   -3.524400e-02,    7.999700e-02,   -1.409400e-01,   -2.076900e-01,    3.000000e-02,    3.000000e-02,    3.000000e-02,    3.000000e-02,
      1040,    3.981000e+01,   -6.002681e-02,    6.040973e-02,   -5.714413e-02,   -2.037677e-01,    1.759937e-01,    3.676092e-01,    5.404042e-01,   -4.341146e-02,   -5.474700e-02,    7.143800e-02,   -4.093200e-02,   -2.050700e-01,    3.000000e-02,    3.000000e-02,    3.000000e-02,    3.000000e-02,
      1040,    6.309500e+01,   -6.622600e-02,    4.756140e-02,    2.047969e-02,   -1.884333e-01,   -2.170332e-01,    7.858199e-01,    6.597438e-01,    3.277768e-02,   -7.273700e-02,    7.113600e-02,    4.027200e-02,   -1.874500e-01,    3.000000e-02,    3.000000e-02,    3.000000e-02,    3.000000e-02,
      1041,    2.511800e+01,    4.187447e-02,    1.528367e-02,    9.353505e-02,   -6.459000e-02,   -5.448237e-02,   -6.972244e-02,   -7.865016e-01,    6.644999e-01,    4.024000e-02,    1.319200e-02,    6.994000e-02,   -4.465500e-02,    3.000000e-02,    3.000000e-02,    3.000000e-02,    3.000000e-02,
      1041,    3.981000e+01,    4.168716e-02,    6.944901e-03,    1.070413e-01,   -5.741682e-02,    9.756125e-02,   -4.705267e-01,   -2.519757e-01,   -5.330585e-02,    4.461400e-02,   -7.170900e-03,    9.948200e-02,   -5.901600e-02,    3.000000e-02,    3.000000e-02,    3.000000e-02,    3.000000e-02,
      1041,    6.309500e+01,    4.008587e-02,   -6.967245e-04,    1.214042e-01,   -5.810643e-02,    5.522045e-01,   -5.492092e-01,    1.083527e+00,   -2.614190e-01,    5.665200e-02,   -1.717300e-02,    1.539100e-01,   -6.594900e-02,    3.000000e-02,    3.000000e-02,    3.000000e-02,    3.000000e-02,
      1042,    2.511800e+01,    9.602370e-03,    4.211489e-02,    4.744042e-03,   -3.133319e-03,   -1.742290e-01,    3.811038e-01,    6.594653e-01,    4.369406e-01,    4.375500e-03,    5.354800e-02,    2.452800e-02,    9.974900e-03,    3.000000e-02,    3.000000e-02,    3.000000e-02,    3.000000e-02,
      1042,    3.981000e+01,    1.228293e-02,    1.861462e-02,    3.450354e-04,    3.766128e-03,   -4.555575e-01,    4.473793e-01,    4.414655e-01,    1.982791e-01,   -1.383800e-03,    3.203600e-02,    1.358900e-02,    9.714500e-03,    3.000000e-02,    3.000000e-02,    3.000000e-02,    3.000000e-02,
      1042,    6.309500e+01,    2.210074e-02,    1.536326e-02,   -7.747477e-03,    2.210777e-03,   -9.258312e-01,    1.749912e-01,    3.408826e-01,    5.891742e-02,   -5.674200e-03,    2.061300e-02,    2.479000e-03,    3.978300e-03,    3.000000e-02,    3.000000e-02,    3.000000e-02,    3.000000e-02,
      1043,    2.511800e+01,    8.402480e-02,   -7.224109e-02,   -2.317454e-02,   -5.545130e-02,    4.064002e-02,   -4.287635e-01,   -8.251488e-01,    2.903101e-01,    8.524400e-02,   -8.510400e-02,   -4.792900e-02,   -4.674200e-02,    3.000000e-02,    3.000000e-02,    3.000000e-02,    3.000000e-02,
      1043,    3.981000e+01,    1.140667e-01,   -6.290516e-02,    9.525073e-03,   -6.556590e-02,    1.087775e-01,   -3.740280e-01,   -8.813358e-01,   -4.710368e-01,    1.173300e-01,   -7.412600e-02,   -1.691500e-02,   -7.969700e-02,    3.000000e-02,    3.000000e-02,    3.000000e-02,    3.000000e-02,
      1043,    6.309500e+01,    1.391672e-01,   -4.413996e-02,    4.016626e-02,   -6.181903e-02,    4.214280e-01,   -1.536679e-01,   -2.396420e-01,   -7.222655e-01,    1.518100e-01,   -4.875000e-02,    3.297700e-02,   -8.348700e-02,    3.000000e-02,    3.000000e-02,    3.000000e-02,    3.000000e-02,
      1044,    2.511800e+01,    7.281606e-02,    1.550600e-01,    5.815478e-02,    2.314052e-02,    2.994798e+00,    3.318335e-04,    8.679072e-01,    1.258683e+00,    1.626600e-01,    1.550700e-01,    8.419200e-02,    6.090100e-02,    3.000000e-02,    3.000000e-02,    3.000000e-02,    3.000000e-02,
      1044,    3.981000e+01,    1.014960e-02,    1.452943e-01,    5.017762e-02,    2.792590e-02,    2.869647e+00,    8.191112e-03,    5.475794e-01,    9.899366e-01,    9.623900e-02,    1.455400e-01,    6.660500e-02,    5.762400e-02,    3.000000e-02,    3.000000e-02,    3.000000e-02,    3.000000e-02,
      1044,    6.309500e+01,   -3.863250e-02,    1.209390e-01,    4.219950e-02,    3.185781e-02,    1.144867e+00,    3.036988e-01,   -8.058323e-02,    7.284065e-01,   -4.286500e-03,    1.300500e-01,    3.978200e-02,    5.371000e-02,    3.000000e-02,    3.000000e-02,    3.000000e-02,    3.000000e-02,
      1045,    2.511800e+01,    9.626860e-02,    8.273272e-02,   -2.055299e-01,    1.732552e-01,    2.157133e-01,   -1.299124e+00,   -4.683350e-01,   -5.948391e-01,    1.027400e-01,    4.375900e-02,   -2.195800e-01,    1.554100e-01,    3.000000e-02,    3.000000e-02,    3.000000e-02,    3.000000e-02,
      1045,    3.981000e+01,    5.842378e-02,    9.228544e-02,   -2.665650e-01,    1.401838e-01,    3.587406e-01,   -1.332815e+00,    1.504984e-01,   -1.694609e-01,    6.918600e-02,    5.230100e-02,   -2.620500e-01,    1.351000e-01,    3.000000e-02,    3.000000e-02,    3.000000e-02,    3.000000e-02,
      1045,    6.309500e+01,    2.297940e-02,    8.995260e-02,   -3.080390e-01,    9.786763e-02,   -2.824467e-01,   -7.699532e-01,   -7.033322e-03,    6.379062e-03,    1.450600e-02,    6.685400e-02,   -3.082500e-01,    9.805900e-02,    3.000000e-02,    3.000000e-02,    3.000000e-02,    3.000000e-02,
      1046,    2.511800e+01,   -9.615602e-02,   -3.111342e-02,    2.282980e-02,    1.185431e-01,    8.461672e-01,    3.246474e-01,   -5.918032e-01,   -4.731030e-01,   -7.077100e-02,   -2.137400e-02,    5.075700e-03,    1.043500e-01,    3.000000e-02,    3.000000e-02,    3.000000e-02,    3.000000e-02,
      1046,    3.981000e+01,   -7.794261e-02,   -5.230864e-02,   -1.683326e-02,    1.075995e-01,    5.826870e-01,    6.649213e-01,   -2.861248e-01,   -5.441845e-01,   -6.046200e-02,   -3.236100e-02,   -2.541700e-02,    9.127400e-02,    3.000000e-02,    3.000000e-02,    3.000000e-02,    3.000000e-02,
      1046,    6.309500e+01,   -4.817055e-02,   -6.313120e-02,   -5.039042e-02,    9.335603e-02,    3.006184e-01,    7.788732e-01,    6.447488e-03,   -2.847011e-01,   -3.915200e-02,   -3.976500e-02,   -5.019700e-02,    8.481500e-02,    3.000000e-02,    3.000000e-02,    3.000000e-02,    3.000000e-02,
