MT,
     StaID,        Freq[Hz],     Re(Zxx)_Cal,     Im(Zxx)_Cal,     Re(Zxy)_Cal,     Im(Zxy)_Cal,     Re(Zyx)_Cal,     Im(Zyx)_Cal,     Re(Zyy)_Cal,     Im(Zyy)_Cal,     Re(Zxx)_Res,     Im(Zxx)_Res,     Re(Zxy)_Res,     Im(Zxy)_Res,     Re(Zyx)_Res,     Im(Zyx)_Res,     Re(Zyy)_Res,     Im(Zyy)_Res,     Re(Zxx)_Obs,     Im(Zxx)_Obs,     Re(Zxy)_Obs,     Im(Zxy)_Obs,     Re(Zyx)_Obs,     Im(Zyx)_Obs,     Re(Zyy)_Obs,     Im(Zyy)_Obs,      Re(Zxx)_SD,      Im(Zxx)_SD,      Re(Zxy)_SD,      Im(Zxy)_SD,      Re(Zyx)_SD,      Im(Zyx)_SD,      Re(Zyy)_SD,      Im(Zyy)_SD,
         1,    1.000000e+02,   -2.154825e-02,    6.663695e-03,    9.799338e-02,   -1.052611e-01,   -1.521964e-01,    1.262575e-01,    5.391221e-02,   -3.307089e-02,    8.819587e-01,    6.060134e-01,   -1.299592e-01,    5.128553e-01,   -9.995809e-01,   -8.183825e-01,    1.166912e+00,   -1.208773e-01,   -1.479500e-02,    1.130400e-02,    9.690600e-02,   -1.009700e-01,   -1.605600e-01,    1.194100e-01,    7.666700e-02,   -3.542800e-02,    7.657100e-03,    7.657100e-03,    8.367100e-03,    8.367100e-03,    8.367100e-03,    8.367100e-03,    1.950000e-02,    1.950000e-02,
         1,    1.584800e+02,   -2.431913e-02,    5.659747e-03,    1.237806e-01,   -1.390083e-01,   -1.852148e-01,    1.615218e-01,    6.293622e-02,   -3.781411e-02,    4.990424e-01,    1.060584e+00,    1.646551e-01,    1.506744e-01,   -1.291308e+00,   -8.107492e-01,    1.124529e+00,    8.401761e-02,   -1.917700e-02,    1.658800e-02,    1.255600e-01,   -1.373800e-01,   -1.991700e-01,    1.527600e-01,    8.913100e-02,   -3.585700e-02,    1.030400e-02,    1.030400e-02,    1.080700e-02,    1.080700e-02,    1.080700e-02,    1.080700e-02,    2.329400e-02,    2.329400e-02,
         1,    2.511800e+02,   -2.594240e-02,    3.990597e-03,    1.584938e-01,   -1.817000e-01,   -2.277867e-01,    2.043759e-01,    7.158109e-02,   -4.423513e-02,    2.560284e-01,    1.241557e+00,    5.861353e-02,    2.870132e-01,   -5.280555e-01,   -1.144768e+00,    9.299850e-01,    5.381511e-01,   -2.268700e-02,    1.977700e-02,    1.592800e-01,   -1.778500e-01,   -2.348700e-01,    1.890200e-01,    9.586300e-02,   -3.018400e-02,    1.271500e-02,    1.271500e-02,    1.341400e-02,    1.341400e-02,    1.341400e-02,    1.341400e-02,    2.611000e-02,    2.611000e-02,
         2,    1.000000e+02,   -8.187713e-04,   -2.376727e-03,    1.369650e-01,   -1.430945e-01,   -1.132047e-01,    1.325840e-01,   -1.330055e-02,    1.051760e-02,   -5.780504e-01,    7.487650e-01,   -4.833604e-01,    7.734399e-01,    4.757836e-02,   -9.537330e-01,   -4.733868e-01,   -7.506852e-02,   -2.835300e-03,    2.353400e-04,    1.326500e-01,   -1.361900e-01,   -1.127800e-01,    1.240700e-01,   -1.741400e-02,    9.865300e-03,    3.488500e-03,    3.488500e-03,    8.927000e-03,    8.927000e-03,    8.927000e-03,    8.927000e-03,    8.689400e-03,    8.689400e-03,
         2,    1.584800e+02,    2.502107e-03,    1.306185e-03,    1.715982e-01,   -1.801926e-01,   -1.457449e-01,    1.708116e-01,   -1.723571e-02,    9.064735e-03,   -1.315011e+00,   -3.160338e-02,   -8.647882e-01,    4.610108e-01,    3.754258e-01,   -8.403297e-01,   -5.958991e-01,   -3.025187e-01,   -2.827500e-03,    1.178100e-03,    1.618200e-01,   -1.749800e-01,   -1.415000e-01,    1.613100e-01,   -2.370300e-02,    5.781500e-03,    4.052900e-03,    4.052900e-03,    1.130700e-02,    1.130700e-02,    1.130700e-02,    1.130700e-02,    1.085300e-02,    1.085300e-02,
         2,    2.511800e+02,    2.856216e-03,    8.644045e-03,    2.134072e-01,   -2.306046e-01,   -1.871162e-01,    2.203438e-01,   -1.880302e-02,    6.566828e-03,   -1.046598e+00,   -9.435475e-01,   -9.983263e-01,    6.890105e-01,    1.107401e+00,   -7.121899e-01,   -6.660470e-01,   -6.249790e-01,   -2.893900e-03,    3.460100e-03,    1.992300e-01,   -2.208200e-01,   -1.713900e-01,    2.102300e-01,   -2.742700e-02,   -1.525400e-03,    5.494100e-03,    5.494100e-03,    1.420100e-02,    1.420100e-02,    1.420100e-02,    1.420100e-02,    1.294800e-02,    1.294800e-02,
         3,    1.000000e+02,    1.519731e-02,   -1.649212e-02,    1.393515e-01,   -1.349018e-01,   -1.066542e-01,    1.270069e-01,   -3.095773e-02,    2.357851e-02,   -1.692831e+00,   -3.918818e-01,   -6.952066e-01,   -1.703523e+00,    1.081266e+00,   -4.611196e-01,   -1.526192e+00,    6.279525e-01,   -9.925900e-04,   -2.024000e-02,    1.331900e-01,   -1.500000e-01,   -9.707100e-02,    1.229200e-01,   -5.369800e-02,    3.293500e-02,    9.563800e-03,    9.563800e-03,    8.862900e-03,    8.862900e-03,    8.862900e-03,    8.862900e-03,    1.490000e-02,    1.490000e-02,
         3,    1.584800e+02,    2.133104e-02,   -1.634514e-02,    1.719415e-01,   -1.686918e-01,   -1.378438e-01,    1.633960e-01,   -3.712661e-02,    2.675008e-02,   -1.128320e+00,   -1.159900e+00,   -4.088087e-02,   -6.181948e-01,    7.498065e-01,   -8.912206e-02,   -1.638916e+00,    3.185614e-02,    6.217200e-03,   -3.188200e-02,    1.714800e-01,   -1.756700e-01,   -1.293800e-01,    1.623900e-01,   -6.732200e-02,    2.733700e-02,    1.339500e-02,    1.339500e-02,    1.128800e-02,    1.128800e-02,    1.128800e-02,    1.128800e-02,    1.842400e-02,    1.842400e-02,
         3,    2.511800e+02,    2.540577e-02,   -1.493497e-02,    2.114552e-01,   -2.143805e-01,   -1.780493e-01,    2.103610e-01,   -4.282669e-02,    3.136897e-02,   -5.156965e-01,   -1.420853e+00,   -4.091430e-01,    2.799112e-01,    8.951228e-01,    3.197521e-02,   -1.445891e+00,   -6.060974e-01,    1.678900e-02,   -3.867600e-02,    2.057100e-01,   -2.104500e-01,   -1.654800e-01,    2.108100e-01,   -7.378900e-02,    1.839000e-02,    1.670900e-02,    1.670900e-02,    1.404200e-02,    1.404200e-02,    1.404200e-02,    1.404200e-02,    2.141400e-02,    2.141400e-02,
         4,    1.000000e+02,   -1.616738e-02,    1.467658e-02,    1.455236e-01,   -2.021583e-01,   -1.796175e-01,    2.353426e-01,    9.310199e-03,   -4.292064e-02,    4.744207e-02,    3.227865e-02,   -9.750555e-02,   -2.356093e-03,    9.402870e-01,    3.419988e-01,    1.464263e-01,   -4.558040e-01,   -1.564500e-02,    1.503200e-02,    1.442100e-01,   -2.021900e-01,   -1.669500e-01,    2.399500e-01,    1.203900e-02,   -5.141500e-02,    1.101100e-02,    1.101100e-02,    1.347200e-02,    1.347200e-02,    1.347200e-02,    1.347200e-02,    1.863600e-02,    1.863600e-02,
         4,    1.584800e+02,   -1.971261e-02,    1.949254e-02,    1.898537e-01,   -2.773970e-01,   -2.336910e-01,    3.138787e-01,    2.260820e-02,   -5.464766e-02,    4.036654e-02,    4.221132e-01,   -2.202453e-01,    1.487359e-01,    5.399538e-01,    7.396074e-01,    2.663849e-01,   -4.821037e-01,   -1.908600e-02,    2.604500e-02,    1.858600e-01,   -2.747000e-01,   -2.239000e-01,    3.272900e-01,    2.941300e-02,   -6.696300e-02,    1.552300e-02,    1.552300e-02,    1.813300e-02,    1.813300e-02,    1.813300e-02,    1.813300e-02,    2.554500e-02,    2.554500e-02,
         4,    2.511800e+02,   -2.660456e-02,    2.528058e-02,    2.553509e-01,   -3.763754e-01,   -3.106844e-01,    4.180896e-01,    3.975243e-02,   -6.739225e-02,   -8.620498e-02,    8.093427e-01,   -6.829459e-01,    3.824845e-01,    4.224184e-01,    5.958934e-01,    3.974319e-01,   -4.302468e-01,   -2.855900e-02,    4.363000e-02,    2.389500e-01,   -3.671900e-01,   -3.005400e-01,    4.324000e-01,    5.328300e-02,   -8.204000e-02,    2.267200e-02,    2.267200e-02,    2.401500e-02,    2.401500e-02,    2.401500e-02,    2.401500e-02,    3.404500e-02,    3.404500e-02,
         5,    1.000000e+02,    1.901241e-02,   -1.577356e-03,    1.268151e-01,   -1.292181e-01,   -9.848225e-02,    1.055968e-01,   -9.423242e-03,    2.528599e-03,    7.207090e-01,    1.746488e-01,   -1.130398e+00,    8.167597e-01,    6.465979e-01,   -5.077683e-01,    1.772493e-01,    3.878067e-01,    2.624400e-02,    1.750700e-04,    1.181400e-01,   -1.229500e-01,   -9.352000e-02,    1.017000e-01,   -8.452500e-03,    4.652500e-03,    1.003400e-02,    1.003400e-02,    7.674400e-03,    7.674400e-03,    7.674400e-03,    7.674400e-03,    5.476700e-03,    5.476700e-03,
         5,    1.584800e+02,    1.745570e-02,    3.311001e-03,    1.603983e-01,   -1.651825e-01,   -1.268048e-01,    1.350428e-01,   -1.036327e-02,   -3.365030e-04,    6.464900e-01,    4.678032e-01,   -9.909095e-01,    2.189306e-01,    3.886870e-01,   -4.707391e-01,   -3.001100e-02,    4.433995e-01,    2.486900e-02,    8.675300e-03,    1.505200e-01,   -1.630000e-01,   -1.229300e-01,    1.303500e-01,   -1.056200e-02,    2.599600e-03,    1.146700e-02,    1.146700e-02,    9.968900e-03,    9.968900e-03,    9.968900e-03,    9.968900e-03,    6.621800e-03,    6.621800e-03,
         5,    2.511800e+02,    1.511468e-02,    6.367233e-03,    2.022790e-01,   -2.090870e-01,   -1.607411e-01,    1.712160e-01,   -9.994269e-03,   -3.331089e-03,    2.778992e-01,    9.931512e-01,   -6.445507e-01,   -8.893534e-03,    2.763531e-01,   -6.702894e-01,   -1.939631e-01,    4.032781e-01,    1.877600e-02,    1.945200e-02,    1.940900e-01,   -2.092000e-01,   -1.572300e-01,    1.627000e-01,   -1.147700e-02,   -2.482700e-04,    1.317500e-02,    1.317500e-02,    1.270500e-02,    1.270500e-02,    1.270500e-02,    1.270500e-02,    7.644400e-03,    7.644400e-03,
         6,    1.000000e+02,    2.143850e-01,    1.588268e-02,    2.992866e-01,   -2.187887e-01,   -3.988390e-01,    1.814658e-01,   -2.132830e-01,    1.266177e-02,   -7.861964e-01,   -2.528511e-01,   -8.689269e-01,    2.492599e-01,    2.916092e+00,   -1.481576e+00,    1.238050e+00,    2.741467e-01,    1.842100e-01,    6.178000e-03,    2.833600e-01,   -2.142200e-01,   -3.453900e-01,    1.543100e-01,   -1.664600e-01,    2.303000e-02,    3.838100e-02,    3.838100e-02,    1.832900e-02,    1.832900e-02,    1.832900e-02,    1.832900e-02,    3.782000e-02,    3.782000e-02,
         6,    1.584800e+02,    2.025564e-01,    3.125757e-02,    3.502236e-01,   -2.717508e-01,   -4.384035e-01,    2.256019e-01,   -2.108841e-01,   -5.063799e-03,   -4.816033e-01,   -4.141851e-01,   -4.681409e-01,    6.410583e-01,    2.342349e+00,   -1.561238e+00,    1.052939e+00,    6.557428e-01,    1.823700e-01,    1.389700e-02,    3.401600e-01,   -2.579700e-01,   -3.880500e-01,    1.920400e-01,   -1.681000e-01,    2.158100e-02,    4.191500e-02,    4.191500e-02,    2.149700e-02,    2.149700e-02,    2.149700e-02,    2.149700e-02,    4.063300e-02,    4.063300e-02,
         6,    2.511800e+02,    1.864975e-01,    4.090115e-02,    4.110694e-01,   -3.440258e-01,   -4.904038e-01,    2.872659e-01,   -2.003684e-01,   -1.756573e-02,   -1.249446e-01,   -3.162314e-01,   -5.847319e-01,    1.173286e+00,    1.655770e+00,   -1.917845e+00,    1.047980e+00,    9.322001e-01,    1.808000e-01,    2.648100e-02,    3.962500e-01,   -3.142900e-01,   -4.484400e-01,    2.386600e-01,   -1.559100e-01,    2.198100e-02,    4.560000e-02,    4.560000e-02,    2.534400e-02,    2.534400e-02,    2.534400e-02,    2.534400e-02,    4.242300e-02,    4.242300e-02,
         7,    1.000000e+02,   -6.512503e-03,    6.640715e-03,    1.243522e-01,   -1.168743e-01,   -1.292537e-01,    1.236481e-01,   -2.043775e-02,    2.275690e-02,   -3.470824e-01,    1.669427e-01,    7.830912e-02,   -2.610051e-01,   -3.082083e-01,    4.816734e-01,   -2.647362e-02,    4.660500e-01,   -8.861800e-03,    7.770700e-03,    1.250500e-01,   -1.192000e-01,   -1.320000e-01,    1.279400e-01,   -2.075700e-02,    2.837700e-02,    6.768700e-03,    6.768700e-03,    8.910400e-03,    8.910400e-03,    8.910400e-03,    8.910400e-03,    1.205900e-02,    1.205900e-02,
         7,    1.584800e+02,   -6.368015e-03,    7.158632e-03,    1.495161e-01,   -1.492160e-01,   -1.577245e-01,    1.609567e-01,   -2.736902e-02,    2.911198e-02,   -4.204241e-01,    1.633791e-01,    3.541783e-02,   -3.123495e-01,   -2.405608e-01,    5.065038e-01,   -1.688723e-01,    4.842150e-01,   -9.673600e-03,    8.443200e-03,    1.499100e-01,   -1.526900e-01,   -1.604000e-01,    1.665900e-01,   -3.002200e-02,    3.671900e-02,    7.862500e-03,    7.862500e-03,    1.112200e-02,    1.112200e-02,    1.112200e-02,    1.112200e-02,    1.571000e-02,    1.571000e-02,
         7,    2.511800e+02,   -6.196244e-03,    1.085755e-02,    1.818876e-01,   -1.952929e-01,   -1.948238e-01,    2.101934e-01,   -3.528526e-02,    3.505256e-02,   -2.284103e-01,    6.602716e-03,    4.749486e-02,   -4.285615e-01,   -2.533143e-01,    5.676745e-01,   -3.623516e-01,    4.710809e-01,   -8.287500e-03,    1.091800e-02,    1.825600e-01,   -2.013600e-01,   -1.984100e-01,    2.182300e-01,   -4.261600e-02,    4.458300e-02,    9.155700e-03,    9.155700e-03,    1.415700e-02,    1.415700e-02,    1.415700e-02,    1.415700e-02,    2.023100e-02,    2.023100e-02,
         8,    1.000000e+02,   -5.538382e-01,    2.998667e-01,    2.601703e-01,   -3.968651e-01,   -4.762470e-01,    2.672135e-01,    1.697138e-02,   -5.237751e-02,   -1.086317e+00,    1.956912e+00,   -1.536968e-02,   -7.664341e-01,    2.811596e+00,   -1.119603e+00,   -3.440594e-01,   -3.223407e-02,   -6.569200e-01,    4.855600e-01,    2.598000e-01,   -4.153300e-01,   -4.085100e-01,    2.402400e-01,    8.726000e-03,   -5.315000e-02,    9.489100e-02,    9.489100e-02,    2.409200e-02,    2.409200e-02,    2.409200e-02,    2.409200e-02,    2.396500e-02,    2.396500e-02,
         8,    1.584800e+02,   -6.197309e-01,    3.670207e-01,    3.679125e-01,   -5.279378e-01,   -5.386541e-01,    3.303932e-01,    3.989392e-02,   -5.364336e-02,   -1.683583e+00,    1.453856e+00,   -2.159308e-01,   -3.249823e-01,    1.588882e+00,   -5.001683e-01,   -3.520895e-01,   -2.811014e-01,   -8.213400e-01,    5.411200e-01,    3.612800e-01,   -5.379200e-01,   -4.898500e-01,    3.150300e-01,    2.933300e-02,   -6.207500e-02,    1.197500e-01,    1.197500e-01,    3.071600e-02,    3.071600e-02,    3.071600e-02,    3.071600e-02,    2.999500e-02,    2.999500e-02,
         8,    2.511800e+02,   -7.030304e-01,    4.666573e-01,    5.166636e-01,   -6.788013e-01,   -6.188138e-01,    4.190282e-01,    5.933308e-02,   -4.617035e-02,   -2.270159e+00,    7.843237e-01,   -4.950984e-01,   -3.284251e-01,    8.233051e-01,   -5.613727e-01,   -2.734762e-01,   -6.035050e-01,   -1.047300e+00,    5.856000e-01,    4.974300e-01,   -6.915600e-01,   -5.868300e-01,    3.972200e-01,    4.931100e-02,   -6.828700e-02,    1.516500e-01,    1.516500e-01,    3.884800e-02,    3.884800e-02,    3.884800e-02,    3.884800e-02,    3.664700e-02,    3.664700e-02,
         9,    1.000000e+02,   -1.617138e-03,    7.826474e-04,    8.026508e-02,   -1.035373e-01,   -7.919540e-02,    9.692939e-02,    1.405080e-03,    1.614154e-03,    1.648748e+00,   -2.522197e-01,   -1.925799e-02,   -3.349142e-01,    5.616922e-01,    1.212862e+00,    9.537065e-01,    2.764458e-01,    4.271200e-03,   -1.181300e-04,    8.013900e-02,   -1.057300e-01,   -7.551800e-02,    1.048700e-01,    5.417800e-03,    2.777300e-03,    3.571400e-03,    3.571400e-03,    6.547000e-03,    6.547000e-03,    6.547000e-03,    6.547000e-03,    4.207500e-03,    4.207500e-03,
         9,    1.584800e+02,   -3.403916e-03,    1.115614e-03,    1.095890e-01,   -1.377174e-01,   -1.034439e-01,    1.293448e-01,    7.118545e-04,    9.277496e-04,    1.778968e+00,    3.458828e-01,    2.626472e-02,   -4.577168e-02,   -1.678183e-01,    1.270528e+00,    5.722412e-02,    5.169720e-01,    5.222300e-03,    2.792800e-03,    1.098200e-01,   -1.381200e-01,   -1.049200e-01,    1.405200e-01,    9.018500e-04,    2.644200e-03,    4.849000e-03,    4.849000e-03,    8.795700e-03,    8.795700e-03,    8.795700e-03,    8.795700e-03,    3.320200e-03,    3.320200e-03,
         9,    2.511800e+02,   -4.313150e-03,    5.561454e-06,    1.461822e-01,   -1.762147e-01,   -1.353714e-01,    1.690674e-01,    7.168548e-05,    3.204322e-04,    1.277919e+00,    1.065742e+00,    1.447204e-01,   -1.705437e-01,   -7.209854e-01,    8.523609e-01,   -9.973256e-02,    5.639619e-01,    3.840100e-03,    6.805100e-03,    1.478500e-01,   -1.781800e-01,   -1.436800e-01,    1.788900e-01,   -2.693500e-04,    2.248900e-03,    6.380100e-03,    6.380100e-03,    1.152400e-02,    1.152400e-02,    1.152400e-02,    1.152400e-02,    3.419500e-03,    3.419500e-03,
        11,    1.000000e+02,   -7.398421e-03,   -7.321723e-03,    1.219938e-01,   -1.196886e-01,   -1.178736e-01,    1.251825e-01,    5.887736e-03,    6.158988e-04,   -5.232741e-01,   -9.784160e-01,    3.529248e-01,    1.369325e-01,    6.209024e-01,   -3.394942e-01,   -2.733968e-01,   -6.393306e-01,   -1.199800e-02,   -1.592200e-02,    1.249800e-01,   -1.185300e-01,   -1.126200e-01,    1.223100e-01,    4.684900e-03,   -2.196900e-03,    8.790000e-03,    8.790000e-03,    8.461200e-03,    8.461200e-03,    8.461200e-03,    8.461200e-03,    4.399600e-03,    4.399600e-03,
        11,    1.584800e+02,   -6.869924e-03,   -5.126000e-04,    1.523866e-01,   -1.566838e-01,   -1.525151e-01,    1.607514e-01,    4.674000e-03,    1.545113e-03,    3.314223e-01,   -9.463954e-01,    4.982259e-01,    4.130063e-01,    2.018023e-01,    2.139129e-01,    1.021849e-01,   -7.675197e-01,   -4.781400e-03,   -6.476500e-03,    1.578800e-01,   -1.521300e-01,   -1.502900e-01,    1.631100e-01,    5.225400e-03,   -2.596500e-03,    6.301700e-03,    6.301700e-03,    1.102600e-02,    1.102600e-02,    1.102600e-02,    1.102600e-02,    5.396100e-03,    5.396100e-03,
        11,    2.511800e+02,   -8.613555e-03,    4.055422e-03,    1.928412e-01,   -2.008136e-01,   -1.931609e-01,    2.031370e-01,    2.816258e-03,    9.204177e-04,    5.568482e-01,    2.499931e-01,    2.926165e-01,    7.913408e-01,   -2.013005e-01,    5.127571e-02,    5.476102e-01,   -4.786730e-01,   -4.827600e-03,    5.755100e-03,    1.969100e-01,   -1.898100e-01,   -1.959600e-01,    2.038500e-01,    6.415700e-03,   -2.225900e-03,    6.798900e-03,    6.798900e-03,    1.390500e-02,    1.390500e-02,    1.390500e-02,    1.390500e-02,    6.573000e-03,    6.573000e-03,
        12,    1.000000e+02,   -1.308326e-02,    1.407969e-02,    8.874028e-02,   -1.112887e-01,   -9.826632e-02,    1.205149e-01,    2.629230e-02,   -3.904244e-02,   -3.566825e-01,    4.632278e-01,   -9.792263e-01,    1.505034e+00,    5.953649e-01,   -8.390251e-01,    1.078707e+00,   -6.055112e-01,   -1.607800e-02,    1.796900e-02,    8.194200e-02,   -1.008400e-01,   -9.413300e-02,    1.146900e-01,    4.202200e-02,   -4.787200e-02,    8.396100e-03,    8.396100e-03,    6.942500e-03,    6.942500e-03,    6.942500e-03,    6.942500e-03,    1.458200e-02,    1.458200e-02,
        12,    1.584800e+02,   -1.695613e-02,    1.693622e-02,    1.154883e-01,   -1.487800e-01,   -1.272982e-01,    1.593726e-01,    3.620053e-02,   -4.866072e-02,   -1.960620e-01,    4.000563e-01,   -1.643950e+00,    1.658676e+00,    1.115273e+00,   -9.637561e-01,    8.395973e-01,   -6.921201e-01,   -1.898400e-02,    2.107400e-02,    1.007800e-01,   -1.339400e-01,   -1.173200e-01,    1.507500e-01,    5.181200e-02,   -6.153000e-02,    1.034300e-02,    1.034300e-02,    8.946900e-03,    8.946900e-03,    8.946900e-03,    8.946900e-03,    1.859400e-02,    1.859400e-02,
        12,    2.511800e+02,   -2.157478e-02,    2.038011e-02,    1.525163e-01,   -1.962030e-01,   -1.662509e-01,    2.089609e-01,    4.865477e-02,   -6.093002e-02,   -2.827126e-01,    4.030228e-01,   -1.916690e+00,    1.526054e+00,    1.006527e+00,   -8.478326e-01,    7.272485e-01,   -8.207048e-01,   -2.536200e-02,    2.577900e-02,    1.299300e-01,   -1.782200e-01,   -1.543900e-01,    1.989700e-01,    6.636400e-02,   -8.091500e-02,    1.339600e-02,    1.339600e-02,    1.178400e-02,    1.178400e-02,    1.178400e-02,    1.178400e-02,    2.435100e-02,    2.435100e-02,
        13,    1.000000e+02,    1.674046e-03,   -8.744484e-03,    8.266518e-02,   -9.802605e-02,   -8.267171e-02,    1.009932e-01,    9.151830e-04,    7.953369e-03,    6.833340e-01,   -2.528441e-01,   -3.874531e-01,   -1.007662e+00,    3.685086e-01,    7.876536e-01,   -2.357935e-01,    4.954463e-01,    5.702300e-03,   -1.023500e-02,    8.009900e-02,   -1.047000e-01,   -8.023100e-02,    1.062100e-01,   -4.243600e-04,    1.076800e-02,    5.895000e-03,    5.895000e-03,    6.623200e-03,    6.623200e-03,    6.623200e-03,    6.623200e-03,    5.681000e-03,    5.681000e-03,
        13,    1.584800e+02,    3.885366e-03,   -9.462684e-03,    1.068027e-01,   -1.271586e-01,   -1.089504e-01,    1.313496e-01,   -1.420584e-03,    9.178290e-03,    5.529240e-01,   -8.169020e-03,    3.683434e-01,   -1.283662e+00,   -3.337541e-01,    9.272695e-01,   -4.382573e-01,    2.327705e-01,    7.751300e-03,   -9.519800e-03,    1.100800e-01,   -1.385800e-01,   -1.119200e-01,    1.396000e-01,   -4.421200e-03,    1.077200e-02,    6.991800e-03,    6.991800e-03,    8.897500e-03,    8.897500e-03,    8.897500e-03,    8.897500e-03,    6.846700e-03,    6.846700e-03,
        13,    2.511800e+02,    6.350378e-03,   -1.067720e-02,    1.379322e-01,   -1.638920e-01,   -1.421371e-01,    1.685710e-01,   -3.548197e-03,    1.094241e-02,    3.174089e-01,    1.432708e-01,    6.901235e-01,   -9.376769e-01,   -5.598289e-01,    7.730329e-01,   -4.436391e-01,   -1.195337e-02,    8.945100e-03,   -9.506000e-03,    1.458500e-01,   -1.746500e-01,   -1.485600e-01,    1.774400e-01,   -7.200500e-03,    1.084400e-02,    8.174700e-03,    8.174700e-03,    1.147300e-02,    1.147300e-02,    1.147300e-02,    1.147300e-02,    8.232600e-03,    8.232600e-03,
        14,    1.000000e+02,    1.825020e-01,   -1.126791e-01,    2.557305e-01,   -3.783289e-01,   -4.107906e-01,    2.753378e-01,   -7.257820e-02,    1.181910e-01,    5.477413e-02,   -9.803823e-01,   -5.546789e-01,   -1.019677e+00,   -3.281412e-01,   -2.412808e-01,    5.870250e-01,    4.868828e-02,    1.853000e-01,   -1.627600e-01,    2.423100e-01,   -4.030000e-01,   -4.187300e-01,    2.695000e-01,   -5.016500e-02,    1.200500e-01,    5.108300e-02,    5.108300e-02,    2.419500e-02,    2.419500e-02,    2.419500e-02,    2.419500e-02,    3.818100e-02,    3.818100e-02,
        14,    1.584800e+02,    2.081074e-01,   -1.396457e-01,    3.535447e-01,   -4.843134e-01,   -4.797081e-01,    3.400608e-01,   -1.047046e-01,    1.539140e-01,    7.143336e-01,   -8.949860e-01,   -6.989825e-02,   -2.146261e+00,   -3.201851e-01,   -2.108712e-01,    5.389841e-01,    5.415266e-01,    2.576600e-01,   -2.017300e-01,    3.513700e-01,   -5.510900e-01,   -4.896700e-01,    3.335000e-01,   -7.705900e-02,    1.816900e-01,    6.936900e-02,    6.936900e-02,    3.111300e-02,    3.111300e-02,    3.111300e-02,    3.111300e-02,    5.129200e-02,    5.129200e-02,
        14,    2.511800e+02,    2.386586e-01,   -1.772960e-01,    4.703677e-01,   -6.178299e-01,   -5.586127e-01,    4.245419e-01,   -1.435090e-01,    1.977299e-01,    1.045135e+00,   -7.125753e-01,    3.549163e-01,   -2.614019e+00,   -2.642893e-01,   -3.573738e-02,    3.723286e-01,    9.334467e-01,    3.322400e-01,   -2.411000e-01,    4.842900e-01,   -7.203700e-01,   -5.689800e-01,    4.231400e-01,   -1.183400e-01,    2.608300e-01,    8.954000e-02,    8.954000e-02,    3.922700e-02,    3.922700e-02,    3.922700e-02,    3.922700e-02,    6.759900e-02,    6.759900e-02,
        15,    1.000000e+02,   -3.171467e-02,   -8.991112e-03,    1.099976e-01,   -1.256195e-01,   -7.372701e-02,    1.120848e-01,    2.430089e-03,    1.835673e-03,    1.635998e-01,   -1.717948e+00,    1.938951e-01,    4.056627e-01,    2.317702e-01,    6.477261e-01,   -7.766522e-01,    8.032171e-01,   -2.965200e-02,   -3.065100e-02,    1.114600e-01,   -1.225600e-01,   -7.197900e-02,    1.169700e-01,   -6.376100e-04,    5.008300e-03,    1.260800e-02,    1.260800e-02,    7.542000e-03,    7.542000e-03,    7.542000e-03,    7.542000e-03,    3.949900e-03,    3.949900e-03,
        15,    1.584800e+02,   -2.571574e-02,   -1.561176e-02,    1.446250e-01,   -1.574084e-01,   -1.009067e-01,    1.541484e-01,    2.065691e-03,    5.365405e-03,    7.727483e-01,   -1.532500e+00,   -3.061193e-01,    3.639590e-01,    3.436129e-01,    6.739306e-01,   -7.672756e-01,    1.223990e-01,   -1.517700e-02,   -3.651200e-02,    1.415900e-01,   -1.538000e-01,   -9.750000e-02,    1.608300e-01,   -1.892300e-03,    5.996800e-03,    1.363800e-02,    1.363800e-02,    9.914400e-03,    9.914400e-03,    9.914400e-03,    9.914400e-03,    5.158500e-03,    5.158500e-03,
        15,    2.511800e+02,   -1.701258e-02,   -1.799365e-02,    1.850106e-01,   -1.947603e-01,   -1.420078e-01,    2.058497e-01,   -7.203387e-04,    8.865128e-03,    1.330187e+00,   -1.131501e+00,   -2.906479e-01,   -3.352261e-01,   -6.903335e-02,    8.037174e-01,   -8.699636e-01,   -1.591707e-01,    2.190000e-03,   -3.432800e-02,    1.811700e-01,   -1.991900e-01,   -1.429200e-01,    2.164700e-01,   -7.614800e-03,    7.603700e-03,    1.443600e-02,    1.443600e-02,    1.321400e-02,    1.321400e-02,    1.321400e-02,    1.321400e-02,    7.925000e-03,    7.925000e-03,
        16,    1.000000e+02,    8.700385e-03,   -1.049646e-02,    9.928309e-02,   -1.071262e-01,   -1.284538e-01,    1.319138e-01,   -7.915104e-03,    9.058314e-03,    4.010916e-01,   -2.926737e-02,   -9.544861e-02,    1.693858e-01,   -1.241808e-01,    9.118498e-02,    3.051160e-01,   -2.062264e-01,    1.157200e-02,   -1.070600e-02,    9.850200e-02,   -1.057400e-01,   -1.294700e-01,    1.326600e-01,   -5.967000e-03,    7.741600e-03,    7.159500e-03,    7.159500e-03,    8.183400e-03,    8.183400e-03,    8.183400e-03,    8.183400e-03,    6.384800e-03,    6.384800e-03,
        16,    1.584800e+02,    1.159776e-02,   -1.248817e-02,    1.262018e-01,   -1.354425e-01,   -1.610022e-01,    1.674551e-01,   -9.864355e-03,    1.141730e-02,    2.615573e-01,    8.769750e-02,   -3.775171e-01,   -6.248801e-02,   -2.101701e-01,    1.230317e-01,    2.577171e-01,    3.428605e-02,    1.385900e-02,   -1.173000e-02,    1.222900e-01,   -1.360900e-01,   -1.631800e-01,    1.687300e-01,   -7.649200e-03,    1.171200e-02,    8.645300e-03,    8.645300e-03,    1.036200e-02,    1.036200e-02,    1.036200e-02,    1.036200e-02,    8.595300e-03,    8.595300e-03,
        16,    2.511800e+02,    1.509608e-02,   -1.457293e-02,    1.588796e-01,   -1.722403e-01,   -2.032558e-01,    2.138049e-01,   -1.293617e-02,    1.448210e-02,    2.931312e-01,    1.019987e-01,   -5.906397e-01,   -2.224346e-01,    7.101799e-02,   -5.944279e-02,    6.731012e-02,    1.828460e-01,    1.828300e-02,   -1.346400e-02,    1.511800e-01,   -1.751400e-01,   -2.023300e-01,    2.130300e-01,   -1.215100e-02,    1.661500e-02,    1.087200e-02,    1.087200e-02,    1.303600e-02,    1.303600e-02,    1.303600e-02,    1.303600e-02,    1.166500e-02,    1.166500e-02,
        17,    1.000000e+02,   -4.574782e-03,    8.881408e-03,    8.361067e-02,   -1.257658e-01,   -8.947570e-02,    1.395515e-01,   -4.827197e-03,    2.927170e-03,    3.309231e-01,    5.764066e-01,    3.151932e-01,   -7.442014e-02,    2.196212e+00,    5.857759e-01,   -1.217643e+00,   -2.232497e-01,   -2.366400e-03,    1.272800e-02,    8.608500e-02,   -1.263500e-01,   -7.223500e-02,    1.441500e-01,   -1.331100e-02,    1.371700e-03,    6.673400e-03,    6.673400e-03,    7.850200e-03,    7.850200e-03,    7.850200e-03,    7.850200e-03,    6.967400e-03,    6.967400e-03,
        17,    1.584800e+02,   -5.361254e-03,    1.500051e-02,    1.128554e-01,   -1.736698e-01,   -1.221930e-01,    1.900604e-01,   -7.092894e-03,    1.149427e-03,   -1.316945e-02,    3.892574e-01,   -3.543536e-01,    2.832372e-01,    2.291478e+00,   -3.151977e-01,   -8.432500e-01,    1.319557e-01,   -5.485300e-03,    1.866700e-02,    1.091900e-01,   -1.707400e-01,   -9.849000e-02,    1.868000e-01,   -1.401800e-02,    2.233100e-03,    9.419200e-03,    9.419200e-03,    1.034400e-02,    1.034400e-02,    1.034400e-02,    1.034400e-02,    8.212400e-03,    8.212400e-03,
        17,    2.511800e+02,   -8.419715e-03,    2.385131e-02,    1.545860e-01,   -2.349324e-01,   -1.686504e-01,    2.546563e-01,   -8.099908e-03,   -2.273726e-03,   -2.522735e-01,   -2.507065e-01,   -8.146915e-01,    7.985845e-02,    1.692289e+00,   -1.284145e+00,   -6.164828e-01,   -1.163541e-01,   -1.147500e-02,    2.081500e-02,    1.433400e-01,   -2.338300e-01,   -1.452900e-01,    2.369300e-01,   -1.393800e-02,   -3.375600e-03,    1.211100e-02,    1.211100e-02,    1.380400e-02,    1.380400e-02,    1.380400e-02,    1.380400e-02,    9.470000e-03,    9.470000e-03,
        18,    1.000000e+02,    4.858341e-01,   -1.500841e-01,    3.683308e-01,   -2.962853e-01,   -1.779962e+00,    7.654587e-01,   -6.691114e-01,    4.536543e-02,    5.117254e-01,   -2.910916e-01,    1.018143e+00,   -4.305182e-01,   -2.240792e+00,    1.266462e+00,   -2.130921e-01,    2.662350e-01,    5.274200e-01,   -1.737400e-01,    4.216000e-01,   -3.188100e-01,   -1.897200e+00,    8.317200e-01,   -7.079900e-01,    9.394000e-02,    8.126600e-02,    8.126600e-02,    5.232000e-02,    5.232000e-02,    5.232000e-02,    5.232000e-02,    1.824500e-01,    1.824500e-01,
        18,    1.584800e+02,    5.216552e-01,   -1.555777e-01,    4.406340e-01,   -3.887796e-01,   -1.979984e+00,    8.542046e-01,   -6.684636e-01,    4.060506e-02,    5.206937e-01,   -3.321712e-01,    8.437762e-01,   -6.297976e-02,   -2.254041e+00,    1.420304e+00,   -2.643104e-01,    1.839278e-01,    5.696100e-01,   -1.861700e-01,    4.915500e-01,   -3.925800e-01,   -2.116000e+00,    9.399100e-01,   -7.197900e-01,    7.632200e-02,    9.209800e-02,    9.209800e-02,    6.034300e-02,    6.034300e-02,    6.034300e-02,    6.034300e-02,    1.941900e-01,    1.941900e-01,
        18,    2.511800e+02,    5.548005e-01,   -1.706549e-01,    5.397430e-01,   -5.020270e-01,   -2.193230e+00,    9.777635e-01,   -6.732655e-01,    3.916110e-02,    6.075023e-01,   -3.390714e-01,    6.586127e-01,    1.358877e-01,   -2.410287e+00,    1.348476e+00,   -3.818085e-01,    3.896887e-02,    6.192200e-01,   -2.066100e-01,    5.861600e-01,   -4.924500e-01,   -2.363100e+00,    1.072800e+00,   -7.534300e-01,    4.734300e-02,    1.060400e-01,    1.060400e-01,    7.047700e-02,    7.047700e-02,    7.047700e-02,    7.047700e-02,    2.099600e-01,    2.099600e-01,
        19,    1.000000e+02,    2.616687e-03,   -4.040559e-04,    1.194840e-01,   -1.178631e-01,   -1.248160e-01,    1.330997e-01,    2.353650e-02,   -2.593562e-02,   -4.525294e-01,   -1.953762e-01,   -5.935700e-01,    1.328965e+00,    5.041752e-01,   -1.795148e+00,   -1.439679e-01,   -5.077664e-01,    1.495500e-03,   -8.881200e-04,    1.146500e-01,   -1.070400e-01,   -1.207100e-01,    1.184800e-01,    2.178700e-02,   -3.210600e-02,    2.477600e-03,    2.477600e-03,    8.144000e-03,    8.144000e-03,    8.144000e-03,    8.144000e-03,    1.215200e-02,    1.215200e-02,
        19,    1.584800e+02,    2.436427e-03,    1.398335e-03,    1.445494e-01,   -1.527219e-01,   -1.574514e-01,    1.734012e-01,    2.881182e-02,   -3.579701e-02,   -2.061011e-02,   -6.357164e-01,   -7.658031e-01,    1.729851e+00,    1.326977e+00,   -2.046069e+00,   -1.444562e-01,   -2.815061e-01,    2.369100e-03,   -6.783600e-04,    1.368500e-01,   -1.353300e-01,   -1.441100e-01,    1.528300e-01,    2.663400e-02,   -4.004100e-02,    3.266700e-03,    3.266700e-03,    1.005400e-02,    1.005400e-02,    1.005400e-02,    1.005400e-02,    1.507600e-02,    1.507600e-02,
        19,    2.511800e+02,    9.359689e-04,    2.948362e-03,    1.786647e-01,   -2.021371e-01,   -2.026893e-01,    2.243289e-01,    3.755008e-02,   -4.925611e-02,    6.603338e-01,   -8.292685e-01,   -9.084618e-01,    2.193479e+00,    1.683489e+00,   -2.002898e+00,   -2.004729e-01,   -7.660899e-02,    4.099100e-03,   -1.024000e-03,    1.670900e-01,   -1.741900e-01,   -1.812400e-01,    1.988100e-01,    3.370100e-02,   -5.072700e-02,    4.790200e-03,    4.790200e-03,    1.274100e-02,    1.274100e-02,    1.274100e-02,    1.274100e-02,    1.920000e-02,    1.920000e-02,
        21,    1.000000e+02,   -1.738250e-03,    1.378949e-03,    1.293259e-01,   -1.268746e-01,   -1.281310e-01,    1.233113e-01,   -1.795589e-03,    1.891969e-03,   -1.546409e-01,    1.909916e-01,   -1.012676e-01,    2.293588e-01,   -3.238096e-02,   -1.203071e-01,   -6.947236e-01,    4.495558e-02,   -2.276400e-03,    2.043600e-03,    1.270500e-01,   -1.217200e-01,   -1.287100e-01,    1.211600e-01,   -5.030500e-03,    2.101300e-03,    3.480000e-03,    3.480000e-03,    2.247400e-02,    2.247400e-02,    1.788200e-02,    1.788200e-02,    4.656400e-03,    4.656400e-03,
        21,    1.584800e+02,   -2.744267e-03,    1.263183e-03,    1.602125e-01,   -1.559612e-01,   -1.570401e-01,    1.510012e-01,   -2.918753e-03,    1.464407e-03,   -1.660112e-01,    2.047588e-01,   -1.090575e-01,    1.479790e-01,    5.067645e-02,   -1.192010e-01,   -5.236557e-01,   -2.474763e-01,   -3.491400e-03,    2.184700e-03,    1.571900e-01,   -1.518600e-01,   -1.559300e-01,    1.483900e-01,   -5.661400e-03,    1.682500e-04,    4.500500e-03,    4.500500e-03,    2.771500e-02,    2.771500e-02,    2.190600e-02,    2.190600e-02,    5.237500e-03,    5.237500e-03,
        21,    2.511800e+02,   -3.369486e-03,    1.197852e-03,    1.947141e-01,   -1.964119e-01,   -1.894920e-01,    1.910126e-01,   -4.018878e-03,    3.099873e-04,   -2.650007e-01,    2.309542e-01,   -9.699091e-02,    1.662876e-01,    2.082615e-02,   -2.124360e-01,   -2.624749e-01,   -2.568574e-01,   -4.904900e-03,    2.536000e-03,    1.914000e-01,   -1.907300e-01,   -1.889300e-01,    1.852800e-01,   -5.543700e-03,   -1.182200e-03,    5.794000e-03,    5.794000e-03,    3.416900e-02,    3.416900e-02,    2.698500e-02,    2.698500e-02,    5.809400e-03,    5.809400e-03,
        22,    1.000000e+02,    7.375987e-03,   -1.001161e-02,    8.183918e-02,   -1.274296e-01,   -8.842480e-02,    1.327952e-01,   -8.677232e-03,    1.205181e-02,   -3.300039e-01,    4.454499e-02,   -2.305560e-01,    2.227672e+00,   -1.421869e+00,   -2.401629e+00,    5.680621e-01,   -2.941395e-02,    5.438600e-03,   -9.750100e-03,    8.017500e-02,   -1.113500e-01,   -9.868800e-02,    1.154600e-01,   -4.914900e-03,    1.185700e-02,    5.870800e-03,    5.870800e-03,    7.218100e-03,    7.218100e-03,    7.218100e-03,    7.218100e-03,    6.623100e-03,    6.623100e-03,
        22,    1.584800e+02,    9.570864e-03,   -1.099854e-02,    1.108501e-01,   -1.749397e-01,   -1.210071e-01,    1.770323e-01,   -1.218309e-02,    1.357898e-02,   -3.113574e-01,    2.600019e-01,   -3.181289e-01,    1.658427e+00,   -2.373633e-01,   -1.562443e+00,    3.612506e-01,    1.699708e-01,    7.355400e-03,   -9.148500e-03,    1.077100e-01,   -1.585700e-01,   -1.233500e-01,    1.616100e-01,   -8.946100e-03,    1.510200e-02,    7.115500e-03,    7.115500e-03,    9.870600e-03,    9.870600e-03,    9.870600e-03,    9.870600e-03,    8.960500e-03,    8.960500e-03,
        22,    2.511800e+02,    1.240283e-02,   -1.272138e-02,    1.516063e-01,   -2.369873e-01,   -1.651613e-01,    2.333329e-01,   -1.592946e-02,    1.552811e-02,   -3.183253e-01,    4.279366e-01,   -2.479728e-01,    6.068610e-01,    9.879428e-01,   -4.029658e-01,    9.727206e-02,    3.200012e-01,    9.554900e-03,   -8.892800e-03,    1.482200e-01,   -2.287000e-01,   -1.516700e-01,    2.278300e-01,   -1.473700e-02,    1.945100e-02,    8.946600e-03,    8.946600e-03,    1.365600e-02,    1.365600e-02,    1.365600e-02,    1.365600e-02,    1.225900e-02,    1.225900e-02,
        23,    1.000000e+02,    1.121471e-03,   -1.710304e-03,    8.715950e-02,   -1.007845e-01,   -7.106426e-02,    9.724324e-02,    5.828461e-03,   -4.263581e-03,    1.405806e+00,   -2.162099e-01,   -1.453391e+00,    5.814413e-01,    9.273527e-01,   -8.805714e-01,    8.123366e-01,    3.401769e-01,    7.970700e-03,   -2.763700e-03,    7.852200e-02,   -9.732900e-02,   -6.555300e-02,    9.201000e-02,    9.984700e-03,   -2.523100e-03,    4.872100e-03,    4.872100e-03,    5.943000e-03,    5.943000e-03,    5.943000e-03,    5.943000e-03,    5.116400e-03,    5.116400e-03,
        23,    1.584800e+02,   -5.760944e-05,   -2.908477e-03,    1.141498e-01,   -1.351543e-01,   -9.807707e-02,    1.310620e-01,    6.074269e-03,   -6.256178e-03,    1.551229e+00,    1.476961e-01,   -1.421603e+00,    3.890325e-01,    9.303127e-01,   -4.617460e-01,    7.821369e-01,    5.491992e-01,    9.158400e-03,   -2.031000e-03,    1.026600e-01,   -1.320100e-01,   -9.055800e-02,    1.273300e-01,    1.101800e-02,   -2.784800e-03,    5.941100e-03,    5.941100e-03,    8.082300e-03,    8.082300e-03,    8.082300e-03,    8.082300e-03,    6.320800e-03,    6.320800e-03,
        23,    2.511800e+02,   -4.723385e-04,   -5.563627e-03,    1.496765e-01,   -1.752594e-01,   -1.326568e-01,    1.702657e-01,    7.286473e-03,   -9.066323e-03,    1.486411e+00,    5.088405e-01,   -1.262774e+00,    2.675329e-01,    5.245879e-01,   -5.244839e-01,    6.286768e-01,    9.392072e-01,    1.015000e-02,   -1.927300e-03,    1.361800e-01,   -1.724000e-01,   -1.270500e-01,    1.646600e-01,    1.203600e-02,   -1.970800e-03,    7.146300e-03,    7.146300e-03,    1.068800e-02,    1.068800e-02,    1.068800e-02,    1.068800e-02,    7.554800e-03,    7.554800e-03,
        24,    1.000000e+02,    3.845860e-03,   -5.261606e-03,    9.744545e-02,   -1.203059e-01,   -1.084662e-01,    1.243222e-01,   -2.640247e-03,    7.719762e-03,    7.732059e-01,    1.145774e+00,   -1.335766e+00,    2.273213e+00,    2.458053e+00,   -2.585963e+00,   -4.883498e-01,   -3.929510e-01,    7.582300e-03,    2.752300e-04,    8.819300e-02,   -1.045600e-01,   -9.144000e-02,    1.064100e-01,   -5.044100e-03,    5.785500e-03,    4.832400e-03,    4.832400e-03,    6.926700e-03,    6.926700e-03,    6.926700e-03,    6.926700e-03,    4.922400e-03,    4.922400e-03,
        24,    1.584800e+02,    6.010302e-03,   -5.593059e-03,    1.217131e-01,   -1.644496e-01,   -1.359781e-01,    1.633921e-01,   -5.332369e-03,    9.099251e-03,    6.148806e-01,    6.447394e-01,   -1.260437e+00,    2.291639e+00,    2.317836e+00,   -2.289713e+00,   -3.754222e-01,   -4.388402e-01,    9.944800e-03,   -1.467500e-03,    1.102400e-01,   -1.435900e-01,   -1.148800e-01,    1.425500e-01,   -7.738300e-03,    6.286900e-03,    6.398800e-03,    6.398800e-03,    9.102500e-03,    9.102500e-03,    9.102500e-03,    9.102500e-03,    6.408600e-03,    6.408600e-03,
        24,    2.511800e+02,    8.433266e-03,   -5.391477e-03,    1.587214e-01,   -2.256009e-01,   -1.734075e-01,    2.169309e-01,   -8.176817e-03,    1.066431e-02,    5.326622e-01,   -1.362234e-01,   -1.511218e+00,    2.009417e+00,    2.345122e+00,   -1.789797e+00,   -3.768957e-01,   -5.277675e-01,    1.324800e-02,   -6.622800e-03,    1.402800e-01,   -2.010800e-01,   -1.447900e-01,    1.950900e-01,   -1.134700e-02,    6.225100e-03,    9.039000e-03,    9.039000e-03,    1.220300e-02,    1.220300e-02,    1.220300e-02,    1.220300e-02,    8.411300e-03,    8.411300e-03,
        25,    1.000000e+02,    2.010353e-01,   -6.189782e-02,    2.848692e-01,   -3.509962e-01,   -4.998726e-01,    3.280194e-01,   -1.649364e-01,    1.169256e-01,    5.440106e-01,   -9.239725e-02,    1.098093e+00,   -6.865524e-01,   -2.604559e+00,    1.224533e+00,   -8.178122e-01,    3.984336e-02,    2.288500e-01,   -6.662200e-02,    3.164800e-01,   -3.707600e-01,   -5.748500e-01,    3.632700e-01,   -2.151100e-01,    1.193700e-01,    5.112900e-02,    5.112900e-02,    2.878700e-02,    2.878700e-02,    2.878700e-02,    2.878700e-02,    6.135100e-02,    6.135100e-02,
        25,    1.584800e+02,    2.140756e-01,   -4.865790e-02,    3.857932e-01,   -4.351762e-01,   -5.781801e-01,    3.715438e-01,   -1.981168e-01,    1.223851e-01,    4.239657e-01,    1.020802e-01,    1.166545e+00,   -7.792092e-01,   -2.225095e+00,    8.497665e-01,   -7.033928e-01,    5.049581e-02,    2.389200e-01,   -4.267600e-02,    4.263400e-01,   -4.622600e-01,   -6.555200e-01,    4.010800e-01,   -2.468000e-01,    1.258800e-01,    5.860000e-02,    5.860000e-02,    3.475800e-02,    3.475800e-02,    3.475800e-02,    3.475800e-02,    6.921200e-02,    6.921200e-02,
        25,    2.511800e+02,    2.163436e-01,   -4.156139e-02,    5.055115e-01,   -5.298849e-01,   -6.525788e-01,    4.422211e-01,   -2.245352e-01,    1.303916e-01,    2.280519e-01,    2.431504e-01,    1.187566e+00,   -7.176884e-01,   -1.920257e+00,    2.705786e-01,   -5.379991e-01,    6.527926e-02,    2.309800e-01,   -2.595600e-02,    5.544000e-01,   -5.594300e-01,   -7.316300e-01,    4.533600e-01,   -2.654000e-01,    1.353500e-01,    6.418000e-02,    6.418000e-02,    4.116700e-02,    4.116700e-02,    4.116700e-02,    4.116700e-02,    7.595700e-02,    7.595700e-02,
        27,    1.000000e+02,    1.850816e-03,   -9.015252e-04,    1.010986e-01,   -1.244698e-01,   -8.479872e-02,    1.240150e-01,    1.532005e-03,   -4.701139e-04,   -7.626649e-01,   -9.481490e-01,   -9.838827e-02,    5.480266e-01,    1.049026e+00,    2.990040e-01,   -1.039770e+00,   -1.485256e+00,   -1.389900e-03,   -4.930400e-03,    1.003500e-01,   -1.203000e-01,   -7.681700e-02,    1.262900e-01,   -4.512800e-03,   -9.104800e-03,    4.249200e-03,    4.249200e-03,    7.608700e-03,    7.608700e-03,    7.608700e-03,    7.608700e-03,    5.813600e-03,    5.813600e-03,
        27,    1.584800e+02,    2.971896e-03,    2.057336e-04,    1.339281e-01,   -1.711225e-01,   -1.182787e-01,    1.665720e-01,    7.289258e-04,   -1.309194e-03,   -4.327301e-01,   -9.278743e-01,   -1.173083e+00,    5.771679e-01,    7.895005e-01,    7.981697e-01,   -3.911749e-01,   -1.056692e+00,    1.135000e-03,   -3.733000e-03,    1.218500e-01,   -1.651800e-01,   -1.101500e-01,    1.747900e-01,   -1.637800e-03,   -7.702500e-03,    4.244900e-03,    4.244900e-03,    1.029600e-02,    1.029600e-02,    1.029600e-02,    1.029600e-02,    6.050300e-03,    6.050300e-03,
        27,    2.511800e+02,    2.550879e-03,    1.737615e-03,    1.808285e-01,   -2.243781e-01,   -1.607654e-01,    2.166783e-01,    1.325163e-03,   -2.924954e-03,   -6.115410e-01,   -7.195252e-01,   -1.212782e+00,    2.917043e-01,    1.989535e-02,    8.388148e-01,   -4.320936e-02,   -5.085445e-01,    1.016400e-03,   -6.781800e-05,    1.640400e-01,   -2.203400e-01,   -1.604900e-01,    2.282900e-01,    1.055900e-03,   -6.094000e-03,    2.509200e-03,    2.509200e-03,    1.384300e-02,    1.384300e-02,    1.384300e-02,    1.384300e-02,    6.231600e-03,    6.231600e-03,
        28,    1.000000e+02,    4.724603e-02,   -5.264509e-02,    1.012841e-01,   -1.046574e-01,   -8.849596e-02,    9.990416e-02,   -2.871292e-02,    3.016977e-02,    3.776918e-01,   -9.371612e-01,    7.221922e-01,   -1.158583e+00,   -1.055028e+00,   -4.156557e-02,   -5.509106e-01,    4.367969e-01,    5.438100e-02,   -7.034900e-02,    1.189200e-01,   -1.329500e-01,   -1.051000e-01,    9.925000e-02,   -3.578000e-02,    3.577300e-02,    1.889100e-02,    1.889100e-02,    2.442000e-02,    2.442000e-02,    1.573800e-02,    1.573800e-02,    1.282800e-02,    1.282800e-02,
        28,    1.584800e+02,    6.051318e-02,   -6.389766e-02,    1.240962e-01,   -1.383797e-01,   -1.130801e-01,    1.314561e-01,   -3.679597e-02,    3.394829e-02,    7.118525e-01,   -7.620582e-01,    8.891346e-01,   -9.174041e-01,   -9.676090e-01,   -3.797753e-01,   -6.332931e-01,    3.494117e-01,    7.753500e-02,   -8.212000e-02,    1.513500e-01,   -1.665000e-01,   -1.322300e-01,    1.239400e-01,   -4.680200e-02,    3.946900e-02,    2.391200e-02,    2.391200e-02,    3.065200e-02,    3.065200e-02,    1.979100e-02,    1.979100e-02,    1.580000e-02,    1.580000e-02,
        28,    2.511800e+02,    7.445505e-02,   -7.897008e-02,    1.532615e-01,   -1.828571e-01,   -1.436834e-01,    1.700430e-01,   -4.281522e-02,    4.029103e-02,    9.194006e-01,   -4.701959e-01,    1.114651e+00,   -5.405247e-01,   -8.544683e-01,   -6.816902e-01,   -8.081708e-01,    9.053064e-02,    1.016500e-01,   -9.287800e-02,    1.958100e-01,   -2.034900e-01,   -1.646700e-01,    1.533000e-01,   -5.822300e-02,    4.201700e-02,    2.957900e-02,    2.957900e-02,    3.817200e-02,    3.817200e-02,    2.456100e-02,    2.456100e-02,    1.906500e-02,    1.906500e-02,
        29,    1.000000e+02,    3.733761e-01,   -1.456847e-01,    3.683758e-01,   -2.744005e-01,   -7.355267e-01,    4.399923e-01,   -3.299341e-01,    5.048636e-02,    3.516059e-01,    2.084511e-01,    3.366241e-01,   -2.702536e-01,    3.721919e-01,   -2.804830e-01,   -6.797478e-02,   -4.704873e-02,    3.968300e-01,   -1.317800e-01,    3.790000e-01,   -2.829300e-01,   -7.237800e-01,    4.311400e-01,   -3.353800e-01,    4.671700e-02,    6.670500e-02,    6.670500e-02,    3.156100e-02,    3.156100e-02,    3.156100e-02,    3.156100e-02,    8.011600e-02,    8.011600e-02,
        29,    1.584800e+02,    4.100127e-01,   -1.713944e-01,    4.280141e-01,   -3.459545e-01,   -8.381712e-01,    5.454648e-01,   -3.459569e-01,    2.949682e-02,    2.409966e-01,    1.543029e-01,    3.935510e-01,   -1.945533e-02,    2.558571e-01,   -1.355511e-01,   -8.133174e-02,   -1.987396e-01,    4.283400e-01,   -1.596600e-01,    4.426900e-01,   -3.466800e-01,   -8.286300e-01,    5.404100e-01,   -3.531700e-01,    1.187100e-02,    7.604800e-02,    7.604800e-02,    3.729100e-02,    3.729100e-02,    3.729100e-02,    3.729100e-02,    8.868800e-02,    8.868800e-02,
        29,    2.511800e+02,    4.555760e-01,   -2.055310e-01,    5.013382e-01,   -4.444503e-01,   -9.653554e-01,    6.904829e-01,   -3.603684e-01,    1.068159e-03,    1.881672e-01,    1.092436e-01,    8.650273e-02,    3.308362e-01,    3.188936e-01,   -4.191796e-01,   -2.898485e-02,   -2.833148e-01,    4.720100e-01,   -1.959900e-01,    5.051400e-01,   -4.299100e-01,   -9.513400e-01,    6.720600e-01,   -3.632000e-01,   -2.661000e-02,    8.733700e-02,    8.733700e-02,    4.395000e-02,    4.395000e-02,    4.395000e-02,    4.395000e-02,    9.769400e-02,    9.769400e-02,
        30,    1.000000e+02,    7.394526e-01,   -1.504724e-01,    7.534689e-01,   -4.221184e-01,   -1.395329e+00,    5.703415e-01,   -9.171536e-01,    2.237350e-01,    4.202846e-01,   -2.598955e-01,    7.480603e-01,   -6.531898e-01,   -1.528385e+00,    8.687860e-01,   -3.580715e-01,    3.182879e-01,    7.941400e-01,   -1.842900e-01,    7.991200e-01,   -4.619800e-01,   -1.488600e+00,    6.233600e-01,   -9.862900e-01,    2.851900e-01,    1.301200e-01,    1.301200e-01,    6.102600e-02,    6.102600e-02,    6.102600e-02,    6.102600e-02,    1.930800e-01,    1.930800e-01,
        30,    1.584800e+02,    7.693113e-01,   -1.540512e-01,    8.567681e-01,   -4.946280e-01,   -1.528256e+00,    6.803000e-01,   -9.648491e-01,    1.975350e-01,    5.030633e-01,   -2.959700e-01,    7.828518e-01,   -5.514851e-01,   -1.789540e+00,    6.523542e-01,   -5.226069e-01,    2.925868e-01,    8.413600e-01,   -1.964400e-01,    9.107700e-01,   -5.326700e-01,   -1.651700e+00,    7.253000e-01,   -1.075600e+00,    2.595400e-01,    1.432200e-01,    1.432200e-01,    6.898100e-02,    6.898100e-02,    6.898100e-02,    6.898100e-02,    2.119200e-01,    2.119200e-01,
        30,    2.511800e+02,    8.000690e-01,   -1.702998e-01,    9.692558e-01,   -5.933170e-01,   -1.689463e+00,    8.327436e-01,   -9.920220e-01,    1.840184e-01,    6.300363e-01,   -2.962314e-01,    5.243379e-01,   -4.413171e-01,   -1.834311e+00,    5.730110e-01,   -6.409580e-01,    2.693792e-01,    8.991800e-01,   -2.169000e-01,    1.010000e+00,   -6.276100e-01,   -1.832000e+00,    8.772700e-01,   -1.140000e+00,    2.462100e-01,    1.573100e-01,    1.573100e-01,    7.770600e-02,    7.770600e-02,    7.770600e-02,    7.770600e-02,    2.308700e-01,    2.308700e-01,
        31,    1.000000e+02,   -7.101703e-03,    3.006424e-02,    2.930326e-01,   -3.482047e-01,   -2.730218e-01,    1.864285e-01,    1.939974e-02,   -1.722135e-02,    8.276359e-01,    6.640555e-01,    2.218553e+00,   -2.691804e+00,   -5.051924e-01,    1.015246e+00,   -1.759689e-02,    1.385007e-02,    1.262500e-02,    4.589200e-02,    3.409800e-01,   -4.063800e-01,   -2.839400e-01,    2.083700e-01,    1.914900e-02,   -1.702400e-02,    2.383500e-02,    2.383500e-02,    2.161200e-02,    2.161200e-02,    2.161200e-02,    2.161200e-02,    1.424900e-02,    1.424900e-02,
        31,    1.584800e+02,   -1.791419e-02,    3.655879e-02,    3.994465e-01,   -4.145392e-01,   -3.165855e-01,    2.226742e-01,    2.688199e-02,   -1.890683e-02,    1.984687e-01,    1.122696e+00,    2.797517e+00,   -1.935565e+00,   -5.905436e-01,    8.506005e-01,   -1.624257e-01,    1.547653e-01,   -1.127700e-02,    7.410400e-02,    4.726100e-01,   -4.651600e-01,   -3.320300e-01,    2.449200e-01,    2.420700e-02,   -1.635800e-02,    3.344200e-02,    3.344200e-02,    2.615300e-02,    2.615300e-02,    2.615300e-02,    2.615300e-02,    1.646900e-02,    1.646900e-02,
        31,    2.511800e+02,   -2.770092e-02,    4.171265e-02,    5.119965e-01,   -4.832023e-01,   -3.625694e-01,    2.752246e-01,    3.148615e-02,   -1.799779e-02,   -5.179752e-01,    1.220656e+00,    2.994509e+00,   -1.014802e+00,   -7.518375e-01,    6.364019e-01,   -1.012347e-01,   -4.269992e-02,   -5.043900e-02,    9.529700e-02,    6.050000e-01,   -5.147200e-01,   -3.859200e-01,    2.949900e-01,    2.950600e-02,   -1.883300e-02,    4.389800e-02,    4.389800e-02,    3.105800e-02,    3.105800e-02,    3.105800e-02,    3.105800e-02,    1.956000e-02,    1.956000e-02,
        32,    1.000000e+02,   -4.909578e-03,   -2.399675e-03,    7.946389e-02,   -8.450156e-02,   -9.944096e-02,    1.024050e-01,    8.654660e-03,   -2.903021e-03,    4.804536e-01,   -1.372311e-01,   -3.167857e-01,   -4.391207e-01,   -4.160883e-01,   -9.327216e-02,   -1.234993e-01,   -2.987940e-01,   -3.284300e-03,   -2.863900e-03,    7.740900e-02,   -8.735000e-02,   -1.021400e-01,    1.018000e-01,    7.980700e-03,   -4.533600e-03,    3.382800e-03,    3.382800e-03,    6.486700e-03,    6.486700e-03,    6.486700e-03,    6.486700e-03,    5.457200e-03,    5.457200e-03,
        32,    1.584800e+02,   -4.259765e-03,   -2.782103e-03,    1.000127e-01,   -1.086644e-01,   -1.274881e-01,    1.295109e-01,    1.026227e-02,   -4.296672e-03,    3.823735e-01,    5.054868e-02,    1.855775e-01,   -1.047422e-02,   -2.216192e-01,   -5.749698e-01,   -7.464568e-03,   -4.317502e-01,   -2.881500e-03,   -2.599900e-03,    1.015300e-01,   -1.087500e-01,   -1.293000e-01,    1.248100e-01,    1.020900e-02,   -7.377900e-03,    3.604500e-03,    3.604500e-03,    8.175900e-03,    8.175900e-03,    8.175900e-03,    8.175900e-03,    7.136600e-03,    7.136600e-03,
        32,    2.511800e+02,   -3.381961e-03,   -3.459330e-03,    1.257718e-01,   -1.394139e-01,   -1.614829e-01,    1.613288e-01,    1.209444e-02,   -4.393075e-03,    1.422115e-01,    7.027620e-02,    4.834575e-01,    4.390756e-01,    4.424917e-02,   -6.847859e-01,    1.849565e-01,   -3.808327e-01,   -2.781900e-03,   -3.162800e-03,    1.307200e-01,   -1.349200e-01,   -1.610300e-01,    1.543200e-01,    1.374100e-02,   -7.783400e-03,    4.219500e-03,    4.219500e-03,    1.023500e-02,    1.023500e-02,    1.023500e-02,    1.023500e-02,    8.902400e-03,    8.902400e-03,
        33,    1.000000e+02,    3.734571e-05,    6.583123e-03,    2.395661e-01,   -3.259036e-01,   -3.542688e-01,    2.813102e-01,    1.290621e-03,   -2.200215e-02,    2.728495e+00,    7.888348e-02,    1.346149e-01,   -3.140857e+00,   -2.350114e+00,   -4.160076e-01,    1.108449e+00,    2.182361e-01,    8.103000e-02,    8.924700e-03,    2.433500e-01,   -4.141900e-01,   -4.114400e-01,    2.711900e-01,    2.065300e-02,   -1.819000e-02,    2.968400e-02,    2.968400e-02,    2.810900e-02,    2.810900e-02,    2.432700e-02,    2.432700e-02,    1.746800e-02,    1.746800e-02,
        33,    1.584800e+02,   -3.805527e-03,    3.337723e-03,    3.338058e-01,   -4.042196e-01,   -4.322656e-01,    3.328440e-01,    1.258108e-02,   -2.052714e-02,    2.875204e+00,    4.589202e-01,   -3.774594e-01,   -3.117155e+00,   -2.328523e+00,    3.082326e-01,    1.837093e+00,   -3.261186e-03,    1.094200e-01,    2.141000e-02,    3.186100e-01,   -5.297100e-01,   -5.037000e-01,    3.423000e-01,    7.108700e-02,   -2.063100e-02,    3.938000e-02,    3.938000e-02,    4.025800e-02,    4.025800e-02,    3.067800e-02,    3.067800e-02,    3.184700e-02,    3.184700e-02,
        33,    2.511800e+02,   -5.205345e-03,   -1.949512e-03,    4.404980e-01,   -4.921858e-01,   -5.151404e-01,    3.946833e-01,    2.084650e-02,   -1.446089e-02,    2.715980e+00,    7.435046e-01,   -9.316387e-01,   -3.028624e+00,   -1.903782e+00,    8.947276e-01,    2.112180e+00,   -1.005565e-01,    1.183500e-01,    3.187400e-02,    3.957700e-01,   -6.375900e-01,   -5.853500e-01,    4.276800e-01,    1.115900e-01,   -1.878100e-02,    4.549200e-02,    4.549200e-02,    4.801000e-02,    4.801000e-02,    3.687900e-02,    3.687900e-02,    4.296200e-02,    4.296200e-02,
        34,    1.000000e+02,   -3.402537e-03,   -8.870476e-03,    7.957204e-02,   -6.156990e-02,   -8.450361e-02,    7.752054e-02,    4.296479e-03,    2.444185e-03,   -2.586319e+00,    1.307382e+00,    7.631865e-01,    1.547689e+00,   -4.547166e-01,    7.963575e-01,    4.055916e-01,    3.926704e-02,   -2.118400e-02,    1.180400e-04,    8.372500e-02,   -5.314800e-02,   -8.697800e-02,    8.185400e-02,    5.996800e-03,    2.608800e-03,    6.875200e-03,    6.875200e-03,    5.441600e-03,    5.441600e-03,    5.441600e-03,    5.441600e-03,    4.192200e-03,    4.192200e-03,
        34,    1.584800e+02,   -7.365504e-05,   -6.004028e-03,    8.955049e-02,   -8.460726e-02,   -9.865723e-02,    1.058587e-01,    3.300527e-03,    2.873423e-03,   -2.335896e+00,   -5.881557e-01,    5.533311e-01,   -1.836130e-01,    3.105376e-01,    1.616132e+00,   -4.648856e-02,    8.359780e-01,   -1.816400e-02,   -1.055900e-02,    9.338900e-02,   -8.588100e-02,   -9.650300e-02,    1.170700e-01,    3.060400e-03,    7.191500e-03,    7.744500e-03,    7.744500e-03,    6.937100e-03,    6.937100e-03,    6.937100e-03,    6.937100e-03,    5.165300e-03,    5.165300e-03,
        34,    2.511800e+02,    7.051087e-04,   -2.928186e-03,    1.048029e-01,   -1.187740e-01,   -1.207482e-01,    1.459593e-01,    2.246295e-03,    3.379663e-03,   -9.834354e-01,   -1.528139e+00,   -4.677780e-01,   -9.086865e-01,   -1.701271e-02,    1.011223e+00,   -3.779898e-01,    1.890006e-01,   -6.846200e-03,   -1.466200e-02,    1.006300e-01,   -1.268800e-01,   -1.209000e-01,    1.549800e-01,    6.090700e-04,    4.198300e-03,    7.678500e-03,    7.678500e-03,    8.920600e-03,    8.920600e-03,    8.920600e-03,    8.920600e-03,    4.331400e-03,    4.331400e-03,
        35,    1.000000e+02,    4.598518e-03,   -9.879817e-03,    9.330220e-02,   -1.200784e-01,   -8.781609e-02,    1.078126e-01,    4.217772e-03,   -1.651985e-03,    5.995243e-01,   -5.430784e-01,    2.772784e-01,   -1.859237e+00,   -4.620316e-01,    6.395931e-01,   -4.200340e-01,   -1.648870e-02,    9.360000e-03,   -1.419300e-02,    9.544700e-02,   -1.344600e-01,   -9.139000e-02,    1.127600e-01,    2.836700e-03,   -1.706200e-03,    7.942100e-03,    7.942100e-03,    7.735200e-03,    7.735200e-03,    7.735200e-03,    7.735200e-03,    3.288000e-03,    3.288000e-03,
        35,    1.584800e+02,    6.656145e-03,   -1.244671e-02,    1.178965e-01,   -1.590764e-01,   -1.100394e-01,    1.424948e-01,    4.522286e-03,   -2.998825e-03,    5.844076e-01,   -4.100216e-01,    5.182540e-01,   -1.727691e+00,   -3.354609e-01,    1.094524e+00,    5.379869e-03,    6.799375e-02,    1.251600e-02,   -1.655800e-02,    1.231500e-01,   -1.765900e-01,   -1.134400e-01,    1.535900e-01,    4.547900e-03,   -2.675100e-03,    1.002700e-02,    1.002700e-02,    1.013700e-02,    1.013700e-02,    1.013700e-02,    1.013700e-02,    4.761100e-03,    4.761100e-03,
        35,    2.511800e+02,    8.780046e-03,   -1.607092e-02,    1.480568e-01,   -2.131889e-01,   -1.375853e-01,    1.903118e-01,    5.154295e-03,   -4.779166e-03,    9.792407e-01,   -1.659081e-01,    1.243920e+00,   -1.917605e+00,   -3.358050e-01,    1.694733e+00,   -1.163756e-01,   -1.372852e-01,    2.222600e-02,   -1.834900e-02,    1.650400e-01,   -2.393700e-01,   -1.421700e-01,    2.134500e-01,    4.405500e-03,   -5.662500e-03,    1.373100e-02,    1.373100e-02,    1.365300e-02,    1.365300e-02,    1.365300e-02,    1.365300e-02,    6.434300e-03,    6.434300e-03,
        36,    1.000000e+02,   -4.970501e-03,    5.434531e-03,    2.227899e-01,   -3.238938e-01,   -5.070401e-01,    3.803213e-01,    6.858498e-02,   -7.342488e-02,    6.876891e-01,    8.805878e-01,    2.187861e-01,   -3.809282e-01,   -1.829777e-01,   -8.127341e-01,   -3.902115e-02,   -5.768307e-01,    3.486700e-03,    1.626400e-02,    2.282900e-01,   -3.334700e-01,   -5.116400e-01,    3.598900e-01,    6.699600e-02,   -9.691400e-02,    1.229800e-02,    1.229800e-02,    2.513900e-02,    2.513900e-02,    2.513900e-02,    2.513900e-02,    4.072100e-02,    4.072100e-02,
        36,    1.584800e+02,   -9.625053e-03,   -1.069489e-03,    3.055625e-01,   -4.175302e-01,   -6.023661e-01,    4.752370e-01,    9.314867e-02,   -7.506169e-02,    8.415084e-01,    8.564227e-01,    1.210797e+00,   -7.996166e-01,    1.069636e-01,   -6.315374e-03,    3.851945e-01,   -2.496272e-01,   -1.515100e-03,    7.184200e-03,    3.452500e-01,   -4.437400e-01,   -5.988600e-01,    4.750300e-01,    1.122000e-01,   -8.740800e-02,    9.637400e-03,    9.637400e-03,    3.277800e-02,    3.277800e-02,    3.277800e-02,    3.277800e-02,    4.945900e-02,    4.945900e-02,
        36,    2.511800e+02,   -1.133493e-02,   -1.154402e-02,    4.045147e-01,   -5.350457e-01,   -7.100847e-01,    5.977284e-01,    1.161627e-01,   -7.267334e-02,   -1.794394e-01,    8.533116e-01,    7.989251e-01,    3.004441e-01,    4.065567e-01,    4.761463e-01,    3.593765e-01,    3.121338e-01,   -1.396300e-02,    9.535800e-04,    4.362800e-01,   -5.231000e-01,   -6.939200e-01,    6.166600e-01,    1.360700e-01,   -5.538300e-02,    1.464600e-02,    1.464600e-02,    3.976000e-02,    3.976000e-02,    3.976000e-02,    3.976000e-02,    5.539400e-02,    5.539400e-02,
        37,    1.584800e+02,    4.289228e-02,   -2.169600e-02,    4.045170e-01,   -5.136113e-01,   -4.396620e-01,    5.072485e-01,    2.847308e-02,   -5.913210e-02,    7.102897e-01,    4.622255e-02,    3.461100e-01,   -1.720698e+00,   -1.209463e+00,   -9.321589e-02,   -7.358901e-01,   -2.332480e-01,    6.655700e-02,   -2.015600e-02,    4.166900e-01,   -5.741300e-01,   -4.822000e-01,    5.039700e-01,    4.637600e-03,   -6.668700e-02,    3.331700e-02,    3.331700e-02,    3.517100e-02,    3.517100e-02,    3.517100e-02,    3.517100e-02,    3.239000e-02,    3.239000e-02,
        38,    1.000000e+02,    4.544647e-03,   -3.604667e-04,    8.674383e-02,   -8.867055e-02,   -7.591273e-02,    1.167932e-01,    1.841449e-03,    5.502903e-04,   -1.392587e+00,   -3.508625e+00,   -1.105289e+00,    1.406683e+00,   -7.373671e-01,    2.962923e+00,   -6.758954e-01,   -1.536907e+00,   -8.321600e-03,   -3.277700e-02,    7.937000e-02,   -7.928600e-02,   -8.083200e-02,    1.365600e-01,   -1.702000e-03,   -7.507100e-03,    9.239100e-03,    9.239100e-03,    6.671400e-03,    6.671400e-03,    6.671400e-03,    6.671400e-03,    5.242600e-03,    5.242600e-03,
        38,    1.584800e+02,    2.104590e-03,    4.735878e-04,    1.045143e-01,   -1.223144e-01,   -1.037562e-01,    1.581854e-01,    2.720532e-03,   -8.481252e-04,    3.661511e-01,   -2.428178e+00,   -2.461270e+00,   -8.163261e-01,    9.956844e-01,    1.436915e+00,   -3.647757e-01,   -6.335164e-01,    5.210100e-03,   -2.012100e-02,    8.318100e-02,   -1.293900e-01,   -9.512600e-02,    1.706400e-01,    1.269600e-03,   -3.368000e-03,    8.481500e-03,    8.481500e-03,    8.667600e-03,    8.667600e-03,    8.667600e-03,    8.667600e-03,    3.977600e-03,    3.977600e-03,
        38,    2.511800e+02,    8.830000e-04,   -1.063622e-03,    1.300982e-01,   -1.670687e-01,   -1.398920e-01,    2.092123e-01,    4.473734e-03,   -8.292718e-04,    1.155946e+00,   -1.138563e+00,   -3.067586e+00,   -3.321309e+00,    1.826990e+00,    1.631468e+00,    8.127806e-02,   -8.775789e-01,    1.136500e-02,   -1.138800e-02,    9.300500e-02,   -2.072300e-01,   -1.178000e-01,    2.289400e-01,    5.049800e-03,   -7.049200e-03,    9.067900e-03,    9.067900e-03,    1.209200e-02,    1.209200e-02,    1.209200e-02,    1.209200e-02,    7.087600e-03,    7.087600e-03,
        39,    1.000000e+02,    4.278643e-03,   -1.178938e-02,    1.062489e-01,   -9.500240e-02,   -9.618172e-02,    8.950939e-02,   -7.174890e-03,    6.686972e-03,   -6.269716e-01,   -1.154483e+00,    1.802729e-02,   -1.602508e+00,   -1.139345e+00,    6.141388e-01,   -1.518009e-01,    6.740629e-01,   -1.101400e-03,   -2.169600e-02,    1.063800e-01,   -1.066600e-01,   -1.044700e-01,    9.397700e-02,   -8.178400e-03,    1.114300e-02,    8.581000e-03,    8.581000e-03,    7.274600e-03,    7.274600e-03,    7.274600e-03,    7.274600e-03,    6.610700e-03,    6.610700e-03,
        39,    1.584800e+02,    7.873032e-03,   -8.581937e-03,    1.258484e-01,   -1.212047e-01,   -1.147157e-01,    1.185149e-01,   -9.509963e-03,    5.979665e-03,    1.813970e-01,   -1.397826e+00,    8.612335e-01,   -1.963584e+00,   -1.107857e+00,    3.526114e-01,   -4.843108e-01,    4.762160e-01,    9.769900e-03,   -2.319900e-02,    1.337500e-01,   -1.392200e-01,   -1.248800e-01,    1.217500e-01,   -1.342300e-02,    9.827300e-03,    1.045700e-02,    1.045700e-02,    9.174700e-03,    9.174700e-03,    9.174700e-03,    9.174700e-03,    8.079600e-03,    8.079600e-03,
        39,    2.511800e+02,    7.617644e-03,   -5.903026e-03,    1.493030e-01,   -1.604340e-01,   -1.402946e-01,    1.590870e-01,   -1.158502e-02,    4.644770e-03,    9.628431e-01,   -1.099774e+00,    2.046375e+00,   -1.577446e+00,   -1.320507e+00,    6.214514e-02,   -6.006395e-01,    1.337720e-01,    1.963200e-02,   -1.962600e-02,    1.734400e-01,   -1.790400e-01,   -1.558700e-01,    1.598200e-01,   -1.734900e-02,    5.928500e-03,    1.247800e-02,    1.247800e-02,    1.179500e-02,    1.179500e-02,    1.179500e-02,    1.179500e-02,    9.596400e-03,    9.596400e-03,
        41,    1.000000e+02,    2.987846e-02,   -1.376819e-02,    1.012807e-01,   -1.376093e-01,   -1.117110e-01,    1.379939e-01,   -2.347445e-02,    6.980030e-03,   -3.459024e-01,   -4.492596e-01,   -2.713778e+00,    3.092814e+00,    3.051503e+00,   -3.499139e+00,   -5.232465e-01,    3.958443e-01,    2.638000e-02,   -1.831200e-02,    8.188100e-02,   -1.155000e-01,   -8.989700e-02,    1.129800e-01,   -2.870100e-02,    1.093400e-02,    1.011400e-02,    1.011400e-02,    7.148600e-03,    7.148600e-03,    7.148600e-03,    7.148600e-03,    9.988700e-03,    9.988700e-03,
        41,    1.584800e+02,    3.334341e-02,   -2.374473e-02,    1.272575e-01,   -1.924226e-01,   -1.411728e-01,    1.971593e-01,   -2.378796e-02,    1.384008e-02,   -3.297823e-03,   -3.489191e-01,   -2.235715e+00,    3.276126e+00,    3.081933e+00,   -3.523427e+00,   -6.572246e-01,   -4.545728e-02,    3.329800e-02,   -2.854900e-02,    1.055000e-01,   -1.605400e-01,   -1.111800e-01,    1.628700e-01,   -3.192900e-02,    1.327700e-02,    1.376900e-02,    1.376900e-02,    9.731800e-03,    9.731800e-03,    9.731800e-03,    9.731800e-03,    1.238700e-02,    1.238700e-02,
        41,    2.511800e+02,    4.143484e-02,   -3.444929e-02,    1.695119e-01,   -2.683768e-01,   -1.896046e-01,    2.731197e-01,   -2.828977e-02,    2.230191e-02,    2.592079e-01,   -9.603384e-02,   -2.395378e+00,    3.782026e+00,    3.244354e+00,   -3.667606e+00,   -4.827829e-01,   -4.092153e-01,    4.622500e-02,   -3.622400e-02,    1.379600e-01,   -2.185600e-01,   -1.468700e-01,    2.248100e-01,   -3.571400e-02,    1.600900e-02,    1.848000e-02,    1.848000e-02,    1.317200e-02,    1.317200e-02,    1.317200e-02,    1.317200e-02,    1.537800e-02,    1.537800e-02,
        42,    1.000000e+02,    3.936491e-03,   -2.420356e-02,    1.073499e-01,   -1.002757e-01,   -1.086139e-01,    1.042368e-01,   -2.443186e-03,    2.207739e-02,    1.036578e-01,   -5.400840e-01,   -5.950313e-02,   -2.716902e-01,    1.287966e-01,    8.798985e-01,   -1.286358e-01,    4.506154e-01,    4.972800e-03,   -2.960300e-02,    1.069000e-01,   -1.023300e-01,   -1.076400e-01,    1.108900e-01,   -3.682000e-03,    2.641700e-02,    9.997400e-03,    9.997400e-03,    7.561300e-03,    7.561300e-03,    7.561300e-03,    7.561300e-03,    9.630400e-03,    9.630400e-03,
        42,    1.584800e+02,    1.161812e-02,   -2.703135e-02,    1.312710e-01,   -1.302565e-01,   -1.314246e-01,    1.361929e-01,   -1.171503e-02,    2.336894e-02,    3.996750e-01,   -5.559136e-01,    2.030243e-01,   -2.334004e-01,   -5.779846e-01,    1.005053e+00,   -3.557781e-01,    4.816612e-01,    1.668000e-02,   -3.407200e-02,    1.332400e-01,   -1.325200e-01,   -1.370300e-01,    1.459400e-01,   -1.607900e-02,    2.927700e-02,    1.266500e-02,    1.266500e-02,    9.698100e-03,    9.698100e-03,    9.698100e-03,    9.698100e-03,    1.226600e-02,    1.226600e-02,
        42,    2.511800e+02,    1.890775e-02,   -2.963138e-02,    1.642145e-01,   -1.673288e-01,   -1.616391e-01,    1.798912e-01,   -1.803286e-02,    2.304425e-02,    5.574936e-01,   -3.919591e-01,    2.605947e-01,    1.611468e-02,   -1.272459e+00,    5.437043e-01,   -5.594633e-01,    3.354814e-01,    2.754500e-02,   -3.570400e-02,    1.674300e-01,   -1.671300e-01,   -1.773400e-01,    1.866000e-01,   -2.638900e-02,    2.805500e-02,    1.549300e-02,    1.549300e-02,    1.233900e-02,    1.233900e-02,    1.233900e-02,    1.233900e-02,    1.493600e-02,    1.493600e-02,
        43,    2.511800e+02,   -1.056928e-02,    1.528215e-02,    1.939422e-01,   -2.339995e-01,   -2.324251e-01,    2.805045e-01,    3.265248e-02,   -3.540429e-02,    7.140834e-01,    7.877205e-01,   -1.420596e+00,    9.057899e-01,    1.238579e+00,   -1.408339e+00,   -3.190842e-01,   -2.158902e-01,   -1.570400e-03,    2.520900e-02,    1.721900e-01,   -2.201300e-01,   -2.134600e-01,    2.589400e-01,    2.660200e-02,   -3.949800e-02,    1.260200e-02,    1.260200e-02,    1.531200e-02,    1.531200e-02,    1.531200e-02,    1.531200e-02,    1.896200e-02,    1.896200e-02,
        44,    1.000000e+02,    4.401849e-03,   -1.862521e-03,    1.498229e-01,   -1.582997e-01,   -1.444537e-01,    1.541753e-01,   -4.290043e-03,    3.302588e-03,    2.759006e-02,   -3.541749e-01,   -6.101517e-01,    7.472292e-01,    8.988486e-01,   -1.144142e+00,   -7.806738e-02,   -5.051255e-02,    4.546600e-03,   -3.720700e-03,    1.436500e-01,   -1.507400e-01,   -1.353600e-01,    1.426000e-01,   -4.678100e-03,    3.051500e-03,    5.246500e-03,    5.246500e-03,    1.011700e-02,    1.011700e-02,    1.011700e-02,    1.011700e-02,    4.970800e-03,    4.970800e-03,
        44,    1.584800e+02,    3.786431e-03,    5.614569e-04,    1.919273e-01,   -1.986818e-01,   -1.868235e-01,    1.946107e-01,   -5.143822e-03,    7.582504e-04,    2.577532e-01,   -2.291481e-01,   -3.554195e-01,    5.817929e-01,    9.969532e-01,   -1.032997e+00,    9.953734e-02,    1.966003e-01,    5.241500e-03,   -7.321300e-04,    1.873200e-01,   -1.911400e-01,   -1.739000e-01,    1.812200e-01,   -4.617100e-03,    1.798600e-03,    5.645200e-03,    5.645200e-03,    1.296300e-02,    1.296300e-02,    1.296300e-02,    1.296300e-02,    5.291700e-03,    5.291700e-03,
        44,    2.511800e+02,    2.617269e-03,    2.166617e-03,    2.425943e-01,   -2.482349e-01,   -2.382473e-01,    2.428828e-01,   -3.970197e-03,   -1.188726e-03,    4.101797e-01,    1.027861e-01,   -3.873341e-02,    6.525156e-01,    1.294495e+00,   -7.806311e-01,    9.713372e-02,    2.986786e-01,    5.423800e-03,    2.869900e-03,    2.419600e-01,   -2.375500e-01,   -2.170500e-01,    2.301000e-01,   -3.485500e-03,    3.016800e-04,    6.842200e-03,    6.842200e-03,    1.637500e-02,    1.637500e-02,    1.637500e-02,    1.637500e-02,    4.990000e-03,    4.990000e-03,
        45,    1.000000e+02,   -1.123324e-02,    4.330836e-03,    1.242545e-01,   -1.475633e-01,   -1.358796e-01,    1.406433e-01,    1.661312e-02,   -8.931973e-03,    4.817783e-02,   -3.677837e-01,   -1.723544e-01,   -2.492017e-01,    2.225808e-01,   -2.105378e-01,   -6.324779e-01,   -5.323147e-01,   -1.089900e-02,    1.779300e-03,    1.225900e-01,   -1.499700e-01,   -1.337300e-01,    1.386100e-01,    1.110000e-02,   -1.357200e-02,    6.937600e-03,    6.937600e-03,    9.657600e-03,    9.657600e-03,    9.657600e-03,    9.657600e-03,    8.716700e-03,    8.716700e-03,
        45,    1.584800e+02,   -1.212824e-02,    2.961063e-03,    1.637960e-01,   -1.830675e-01,   -1.709412e-01,    1.731163e-01,    1.908752e-02,   -7.693086e-03,    1.984361e-01,   -2.632942e-01,    5.046941e-02,   -2.607881e-01,    4.028943e-01,   -1.805428e-01,   -2.956330e-01,   -7.339287e-01,   -1.059800e-02,    9.306700e-04,    1.644100e-01,   -1.862400e-01,   -1.660400e-01,    1.709200e-01,    1.585300e-02,   -1.572300e-02,    7.711500e-03,    7.711500e-03,    1.216500e-02,    1.216500e-02,    1.216500e-02,    1.216500e-02,    1.094100e-02,    1.094100e-02,
        45,    2.511800e+02,   -1.163944e-02,    1.981216e-03,    2.103381e-01,   -2.266073e-01,   -2.119623e-01,    2.165648e-01,    2.027987e-02,   -6.912897e-03,    1.763081e-01,   -7.853448e-02,   -1.847699e-02,    3.968963e-02,    6.779392e-01,   -2.169426e-01,    4.951605e-02,   -8.068065e-01,   -1.015300e-02,    1.319100e-03,    2.100600e-01,   -2.260100e-01,   -2.017600e-01,    2.133000e-01,    2.094700e-02,   -1.778300e-02,    8.430900e-03,    8.430900e-03,    1.504900e-02,    1.504900e-02,    1.504900e-02,    1.504900e-02,    1.347300e-02,    1.347300e-02,
        46,    1.000000e+02,   -3.130634e-02,    1.033437e-02,    1.281464e-01,   -1.132024e-01,   -1.120985e-01,    1.130535e-01,    1.774592e-02,   -3.095627e-03,   -8.735035e-01,   -1.568892e-01,   -1.728964e+00,   -7.866995e-01,   -5.565113e-01,   -6.073322e-01,    1.733762e-01,   -1.309329e+00,   -4.237800e-02,    8.345800e-03,    1.141300e-01,   -1.195800e-01,   -1.166100e-01,    1.081300e-01,    1.937800e-02,   -1.542100e-02,    1.267500e-02,    1.267500e-02,    8.106800e-03,    8.106800e-03,    8.106800e-03,    8.106800e-03,    9.413500e-03,    9.413500e-03,
        46,    1.584800e+02,   -3.514785e-02,    1.817096e-02,    1.596864e-01,   -1.456200e-01,   -1.441766e-01,    1.483463e-01,    1.806903e-02,   -6.500919e-03,   -5.701317e-01,   -3.233942e-01,   -1.271428e+00,    3.952118e-01,   -1.352477e+00,   -3.384003e-01,    6.558039e-01,   -1.948398e-01,   -4.337200e-02,    1.350600e-02,    1.464000e-01,   -1.414900e-01,   -1.583100e-01,    1.448100e-01,    2.555700e-02,   -8.725600e-03,    1.442500e-02,    1.442500e-02,    1.045000e-02,    1.045000e-02,    1.045000e-02,    1.045000e-02,    1.141800e-02,    1.141800e-02,
        46,    2.511800e+02,   -4.355240e-02,    2.491933e-02,    2.011748e-01,   -1.815930e-01,   -1.880274e-01,    1.876440e-01,    2.136281e-02,   -9.920028e-03,    6.942788e-03,   -4.256360e-01,   -1.781395e+00,    1.368336e+00,   -1.223165e-01,   -1.383677e+00,    6.273386e-01,    1.398591e-01,   -4.344100e-02,    1.809000e-02,    1.790000e-01,   -1.645600e-01,   -1.895500e-01,    1.704200e-01,    2.969700e-02,   -8.062000e-03,    1.604500e-02,    1.604500e-02,    1.244800e-02,    1.244800e-02,    1.244800e-02,    1.244800e-02,    1.328500e-02,    1.328500e-02,
        47,    1.000000e+02,   -9.598186e-03,    4.127086e-02,    2.155507e-01,   -1.838810e-01,   -1.766097e-01,    1.082367e-01,   -5.173608e-03,   -4.421020e-02,   -1.102947e+00,    1.201818e-01,   -1.263648e+00,    1.708295e+00,    1.841481e+00,   -1.024809e+00,    7.993786e-01,    6.077075e-01,   -2.888100e-02,    4.337200e-02,    2.017100e-01,   -1.651700e-01,   -1.564400e-01,    9.701200e-02,    4.721100e-03,   -3.668800e-02,    1.748300e-02,    1.748300e-02,    1.095300e-02,    1.095300e-02,    1.095300e-02,    1.095300e-02,    1.237800e-02,    1.237800e-02,
        47,    1.584800e+02,   -2.356497e-02,    4.758967e-02,    2.730058e-01,   -2.155423e-01,   -2.013986e-01,    1.332303e-01,    1.271128e-02,   -5.486541e-02,   -8.850116e-01,   -2.381809e-01,   -1.714361e+00,    1.978124e+00,    1.865230e+00,   -1.513573e+00,    5.159455e-01,    6.918544e-01,   -4.176700e-02,    4.269100e-02,    2.509300e-01,   -1.900700e-01,   -1.773800e-01,    1.137400e-01,    2.056500e-02,   -4.433400e-02,    2.056700e-02,    2.056700e-02,    1.287700e-02,    1.287700e-02,    1.287700e-02,    1.287700e-02,    1.522200e-02,    1.522200e-02,
        47,    2.511800e+02,   -3.843123e-02,    5.300965e-02,    3.360798e-01,   -2.456998e-01,   -2.310300e-01,    1.682978e-01,    3.312399e-02,   -6.172046e-02,   -6.063398e-01,   -4.718735e-01,   -2.004292e+00,    1.500281e+00,    1.804788e+00,   -1.609039e+00,    3.014598e-01,    4.882283e-01,   -5.294700e-02,    4.171300e-02,    3.053400e-01,   -2.226900e-01,   -2.033500e-01,    1.436200e-01,    3.888700e-02,   -5.238700e-02,    2.394000e-02,    2.394000e-02,    1.533700e-02,    1.533700e-02,    1.533700e-02,    1.533700e-02,    1.911700e-02,    1.911700e-02,
        48,    1.000000e+02,    4.595312e-03,   -4.928574e-03,    1.264560e-01,   -1.258030e-01,   -1.402696e-01,    1.320195e-01,   -1.446426e-02,    1.238625e-02,   -7.532108e-02,    3.219783e-01,   -1.022553e-01,   -4.916799e-01,   -1.529895e-01,   -7.375203e-02,    9.673856e-02,    7.879780e-02,    4.240700e-03,   -3.412700e-03,    1.255000e-01,   -1.304000e-01,   -1.417000e-01,    1.313300e-01,   -1.358800e-02,    1.310000e-02,    4.708000e-03,    4.708000e-03,    9.349500e-03,    9.349500e-03,    9.349500e-03,    9.349500e-03,    9.058000e-03,    9.058000e-03,
        48,    1.584800e+02,    8.481956e-03,   -2.761765e-03,    1.532742e-01,   -1.665496e-01,   -1.715316e-01,    1.672673e-01,   -1.866341e-02,    1.241149e-02,   -5.751104e-02,    9.321112e-02,   -4.024346e-02,   -5.626606e-01,   -1.004781e-02,    9.951626e-02,    9.498894e-02,    2.129031e-01,    8.102400e-03,   -2.146600e-03,    1.528000e-01,   -1.731800e-01,   -1.716500e-01,    1.684400e-01,   -1.760400e-02,    1.478600e-02,    6.599700e-03,    6.599700e-03,    1.178400e-02,    1.178400e-02,    1.178400e-02,    1.178400e-02,    1.115300e-02,    1.115300e-02,
        48,    2.511800e+02,    9.273488e-03,    2.165630e-03,    1.916274e-01,   -2.225328e-01,   -2.100170e-01,    2.142097e-01,   -2.199769e-02,    1.198749e-02,    1.461060e-01,   -2.365637e-02,    2.411095e-01,   -2.274781e-01,   -1.668026e-01,    2.137454e-01,   -1.316540e-01,    2.716654e-01,    1.051200e-02,    1.965100e-03,    1.952600e-01,   -2.259600e-01,   -2.125300e-01,    2.174300e-01,   -2.383900e-02,    1.578700e-02,    8.476800e-03,    8.476800e-03,    1.506600e-02,    1.506600e-02,    1.506600e-02,    1.506600e-02,    1.398600e-02,    1.398600e-02,
VTF,
     StaID,        Freq[Hz],     Re(Tzx)_Cal,     Im(Tzx)_Cal,     Re(Tzy)_Cal,     Im(Tzy)_Cal,     Re(Tzx)_Res,     Im(Tzx)_Res,     Re(Tzy)_Res,     Im(Tzy)_Res,     Re(Tzx)_Obs,     Im(Tzx)_Obs,     Re(Tzy)_Obs,     Im(Tzy)_Obs,      Re(Tzx)_SD,      Im(Tzx)_SD,      Re(Tzy)_SD,      Im(Tzy)_SD,
      1001,    1.000000e+02,    5.839623e-02,    1.335268e-03,    8.892522e-02,    5.057485e-02,    3.241589e-01,    2.850511e-01,    6.741594e-01,   -7.386618e-01,    6.812100e-02,    9.886800e-03,    1.091500e-01,    2.841500e-02,    3.000000e-02,    3.000000e-02,    3.000000e-02,    3.000000e-02,
      1001,    1.584800e+02,    5.537612e-02,    1.046981e-02,    6.758138e-02,    5.105941e-02,    5.804959e-01,    1.606732e-01,    8.498208e-01,   -1.905471e-01,    7.279100e-02,    1.529000e-02,    9.307600e-02,    4.534300e-02,    3.000000e-02,    3.000000e-02,    3.000000e-02,    3.000000e-02,
      1001,    2.511800e+02,    4.773232e-02,    1.465478e-02,    4.982699e-02,    4.846373e-02,    5.749226e-01,    5.190407e-01,    3.337337e-01,    9.480885e-02,    6.498000e-02,    3.022600e-02,    5.983900e-02,    5.130800e-02,    3.000000e-02,    3.000000e-02,    3.000000e-02,    3.000000e-02,
      1002,    1.000000e+02,    1.572117e-01,   -1.003105e-02,   -2.018177e-01,    3.440040e-02,    1.546115e-01,    2.688817e-01,   -2.197433e-01,   -7.908801e-01,    1.618500e-01,   -1.964600e-03,   -2.084100e-01,    1.067400e-02,    3.000000e-02,    3.000000e-02,    3.000000e-02,    3.000000e-02,
      1002,    1.584800e+02,    1.559468e-01,    1.918873e-02,   -2.085429e-01,    3.577819e-04,    1.297734e-01,    3.836089e-01,    1.680965e-01,   -8.926261e-01,    1.598400e-01,    3.069700e-02,   -2.035000e-01,   -2.642100e-02,    3.000000e-02,    3.000000e-02,    3.000000e-02,    3.000000e-02,
      1002,    2.511800e+02,    1.389157e-01,    4.191040e-02,   -1.971528e-01,   -2.910742e-02,    6.481046e-02,    3.064533e-01,    4.940945e-01,   -8.146193e-01,    1.408600e-01,    5.110400e-02,   -1.823300e-01,   -5.354600e-02,    3.000000e-02,    3.000000e-02,    3.000000e-02,    3.000000e-02,
      1003,    1.000000e+02,    8.572886e-02,   -2.411088e-02,   -1.330531e-01,    9.868009e-03,    7.873714e-01,    3.970627e-01,   -1.985623e-01,    1.667664e-01,    1.093500e-01,   -1.219900e-02,   -1.390100e-01,    1.487100e-02,    3.000000e-02,    3.000000e-02,    3.000000e-02,    3.000000e-02,
      1003,    1.584800e+02,    9.383950e-02,   -1.312374e-02,   -1.297247e-01,   -1.025995e-02,    7.956834e-01,    4.034546e-01,   -2.061771e-01,   -8.996840e-02,    1.177100e-01,   -1.020100e-03,   -1.359100e-01,   -1.295900e-02,    3.000000e-02,    3.000000e-02,    3.000000e-02,    3.000000e-02,
      1003,    2.511800e+02,    9.743019e-02,   -1.064744e-03,   -1.194200e-01,   -2.381561e-02,    4.143269e-01,    4.228581e-01,   -1.020013e-01,   -2.383132e-01,    1.098600e-01,    1.162100e-02,   -1.224800e-01,   -3.096500e-02,    3.000000e-02,    3.000000e-02,    3.000000e-02,    3.000000e-02,
      1004,    1.000000e+02,   -4.774060e-02,    1.432308e-02,    1.837201e-01,    1.394093e-01,   -6.709133e-01,    2.130973e-01,    6.759978e-01,   -2.963108e-01,   -6.786800e-02,    2.071600e-02,    2.040000e-01,    1.305200e-01,    3.000000e-02,    3.000000e-02,    3.000000e-02,    3.000000e-02,
      1004,    1.584800e+02,   -5.210560e-02,    1.909367e-02,    1.477392e-01,    1.263883e-01,   -4.491133e-01,   -2.528889e-01,    6.810267e-01,    2.405628e-02,   -6.557900e-02,    1.150700e-02,    1.681700e-01,    1.271100e-01,    3.000000e-02,    3.000000e-02,    3.000000e-02,    3.000000e-02,
      1004,    2.511800e+02,   -6.033955e-02,    2.171107e-02,    1.159923e-01,    1.192579e-01,   -1.483255e-04,   -3.949088e-01,    6.185903e-01,    1.157366e-01,   -6.034400e-02,    9.863800e-03,    1.345500e-01,    1.227300e-01,    3.000000e-02,    3.000000e-02,    3.000000e-02,    3.000000e-02,
      1005,    1.000000e+02,    1.244842e-02,    4.701618e-02,    1.143645e-01,    5.127990e-02,    6.863192e-01,    7.030274e-01,    3.475168e-01,    2.376699e-01,    3.303800e-02,    6.810700e-02,    1.247900e-01,    5.841000e-02,    3.000000e-02,    3.000000e-02,    3.000000e-02,    3.000000e-02,
      1005,    1.584800e+02,   -4.568085e-03,    4.567501e-02,    9.099755e-02,    6.228366e-02,    6.213695e-01,    1.017633e+00,    5.594824e-02,    5.388448e-01,    1.407300e-02,    7.620400e-02,    9.267600e-02,    7.844900e-02,    3.000000e-02,    3.000000e-02,    3.000000e-02,    3.000000e-02,
      1005,    2.511800e+02,   -1.984149e-02,    3.948766e-02,    6.379639e-02,    6.690666e-02,    3.062162e-01,    1.490878e+00,   -1.635463e-01,    7.572115e-01,   -1.065500e-02,    8.421400e-02,    5.889000e-02,    8.962300e-02,    3.000000e-02,    3.000000e-02,    3.000000e-02,    3.000000e-02,
      1006,    1.000000e+02,   -2.835382e-02,    3.127364e-02,   -7.332382e-03,   -2.129183e-02,    5.079940e-01,   -4.964214e-01,    7.371605e-02,    8.366045e-01,   -1.311400e-02,    1.638100e-02,   -5.120900e-03,    3.806300e-03,    3.000000e-02,    3.000000e-02,    3.000000e-02,    3.000000e-02,
      1006,    1.584800e+02,   -3.470364e-02,    1.854700e-02,    5.006288e-03,   -2.268147e-02,    5.127879e-01,   -1.032335e-01,   -1.542399e-01,    7.292639e-01,   -1.932000e-02,    1.545000e-02,    3.790900e-04,   -8.035500e-04,    3.000000e-02,    3.000000e-02,    3.000000e-02,    3.000000e-02,
      1006,    2.511800e+02,   -3.365455e-02,    9.271886e-03,    1.453722e-02,   -1.902422e-02,    1.614517e-01,    1.241038e-01,   -2.183340e-01,    5.178572e-01,   -2.881100e-02,    1.299500e-02,    7.987200e-03,   -3.488500e-03,    3.000000e-02,    3.000000e-02,    3.000000e-02,    3.000000e-02,
      1007,    1.000000e+02,   -5.678596e-02,   -3.224581e-02,    2.468786e-02,    8.426575e-02,   -1.526679e-01,    1.238603e-01,    1.091380e-01,   -3.636250e-01,   -6.136600e-02,   -2.853000e-02,    2.796200e-02,    7.335700e-02,    3.000000e-02,    3.000000e-02,    3.000000e-02,    3.000000e-02,
      1007,    1.584800e+02,   -4.178921e-02,   -3.210802e-02,   -9.232332e-03,    7.105472e-02,   -1.429929e-01,    6.436746e-02,    2.610377e-01,   -1.328239e-01,   -4.607900e-02,   -3.017700e-02,   -1.401200e-03,    6.707000e-02,    3.000000e-02,    3.000000e-02,    3.000000e-02,    3.000000e-02,
      1007,    2.511800e+02,   -2.829394e-02,   -2.565241e-02,   -3.200081e-02,    4.795264e-02,   -1.105022e-01,    5.380204e-03,    2.008269e-01,    1.325788e-01,   -3.160900e-02,   -2.549100e-02,   -2.597600e-02,    5.193000e-02,    3.000000e-02,    3.000000e-02,    3.000000e-02,    3.000000e-02,
      1008,    1.000000e+02,    6.788303e-02,    3.036275e-02,   -5.688459e-02,   -2.444775e-02,   -2.960343e-01,    3.676084e-01,    6.650195e-01,   -6.140418e-01,    5.900200e-02,    4.139100e-02,   -3.693400e-02,   -4.286900e-02,    3.000000e-02,    3.000000e-02,    3.000000e-02,    3.000000e-02,
      1008,    1.584800e+02,    5.072263e-02,    5.499372e-02,   -5.430957e-02,   -3.382552e-02,    1.880790e-01,    6.065759e-01,    5.708522e-01,    9.917222e-03,    5.636500e-02,    7.319100e-02,   -3.718400e-02,   -3.352800e-02,    3.000000e-02,    3.000000e-02,    3.000000e-02,    3.000000e-02,
      1008,    2.511800e+02,    2.185947e-02,    6.535287e-02,   -4.062926e-02,   -4.537351e-02,    5.025089e-02,    7.144044e-01,   -3.295809e-02,    1.047171e-01,    2.336700e-02,    8.678500e-02,   -4.161800e-02,   -4.223200e-02,    3.000000e-02,    3.000000e-02,    3.000000e-02,    3.000000e-02,
      1010,    1.000000e+02,   -9.254075e-02,    1.525671e-02,    1.716391e-02,    3.602624e-02,    2.277251e-01,    6.942920e-03,   -3.765402e-01,   -2.892745e-01,   -8.570900e-02,    1.546500e-02,    5.867700e-03,    2.734800e-02,    3.000000e-02,    3.000000e-02,    3.000000e-02,    3.000000e-02,
      1010,    1.584800e+02,   -7.762332e-02,   -1.441209e-02,    4.279338e-03,    3.225276e-02,    2.610108e-01,   -1.938971e-01,   -2.144146e-01,   -1.771918e-01,   -6.979300e-02,   -2.022900e-02,   -2.153100e-03,    2.693700e-02,    3.000000e-02,    3.000000e-02,    3.000000e-02,    3.000000e-02,
      1010,    2.511800e+02,   -5.782512e-02,   -2.723752e-02,   -5.878158e-03,    2.613703e-02,    3.230706e-01,   -1.866828e-01,   -2.819947e-01,   -1.480677e-01,   -4.813300e-02,   -3.283800e-02,   -1.433800e-02,    2.169500e-02,    3.000000e-02,    3.000000e-02,    3.000000e-02,    3.000000e-02,
      1011,    1.000000e+02,    5.324609e-02,    4.335320e-02,   -5.959040e-03,   -2.635944e-02,    6.377637e-01,    7.025991e-02,   -4.588987e-01,   -4.568520e-01,    7.237900e-02,    4.546100e-02,   -1.972600e-02,   -4.006500e-02,    3.000000e-02,    3.000000e-02,    3.000000e-02,    3.000000e-02,
      1011,    1.584800e+02,    4.586832e-02,    3.167492e-02,    2.478963e-03,   -3.101166e-02,    6.208893e-01,    4.229362e-01,    3.384012e-01,   -1.474115e-01,    6.449500e-02,    4.436300e-02,    1.263100e-02,   -3.543400e-02,    3.000000e-02,    3.000000e-02,    3.000000e-02,    3.000000e-02,
      1011,    2.511800e+02,    4.163534e-02,    2.537946e-02,    1.639635e-02,   -3.223324e-02,    3.469555e-01,    6.016513e-01,    2.895550e-01,   -4.669588e-01,    5.204400e-02,    4.342900e-02,    2.508300e-02,   -4.624200e-02,    3.000000e-02,    3.000000e-02,    3.000000e-02,    3.000000e-02,
      1012,    1.000000e+02,    5.789145e-02,    1.445955e-02,   -8.133569e-03,   -9.037874e-03,   -5.007818e-01,   -1.672549e-01,    1.686790e-01,    4.463025e-01,    4.286800e-02,    9.441900e-03,   -3.073200e-03,    4.351200e-03,    3.000000e-02,    3.000000e-02,    3.000000e-02,    3.000000e-02,
      1012,    1.584800e+02,    6.017138e-02,    8.826142e-03,   -6.926721e-03,    2.438547e-05,    3.334208e-01,   -5.493881e-01,   -8.657597e-02,    4.685538e-01,    7.017400e-02,   -7.655500e-03,   -9.524000e-03,    1.408100e-02,    3.000000e-02,    3.000000e-02,    3.000000e-02,    3.000000e-02,
      1012,    2.511800e+02,    6.065514e-02,    7.394522e-03,   -9.579640e-03,    6.094581e-03,    3.841954e-01,    3.289826e-01,   -3.208787e-01,    4.405806e-01,    7.218100e-02,    1.726400e-02,   -1.920600e-02,    1.931200e-02,    3.000000e-02,    3.000000e-02,    3.000000e-02,    3.000000e-02,
      1013,    2.511800e+02,   -4.724578e-02,   -4.920895e-02,   -2.984633e-01,   -2.038441e-01,   -9.959408e-01,   -1.841368e+00,   -2.398223e+00,   -2.426864e+00,   -7.712400e-02,   -1.044500e-01,   -3.704100e-01,   -2.766500e-01,    3.000000e-02,    3.000000e-02,    3.000000e-02,    3.000000e-02,
      1014,    1.000000e+02,   -4.880732e-02,    1.776642e-01,   -1.106704e-01,   -1.200186e-03,    5.293106e-01,    4.135264e-01,    8.153134e-01,   -9.079938e-01,   -3.292800e-02,    1.900700e-01,   -8.621100e-02,   -2.844000e-02,    3.000000e-02,    3.000000e-02,    3.000000e-02,    3.000000e-02,
      1014,    1.584800e+02,   -1.010453e-01,    1.462525e-01,   -9.641275e-02,   -2.004212e-02,    1.052770e-01,    4.715818e-01,    1.161425e+00,   -1.962293e-01,   -9.788700e-02,    1.604000e-01,   -6.157000e-02,   -2.592900e-02,    3.000000e-02,    3.000000e-02,    3.000000e-02,    3.000000e-02,
      1014,    2.511800e+02,   -1.383329e-01,    1.150894e-01,   -7.941186e-02,   -2.871873e-02,   -2.572359e-01,   -6.697934e-02,    1.026395e+00,    7.248676e-01,   -1.460500e-01,    1.130800e-01,   -4.862000e-02,   -6.972700e-03,    3.000000e-02,    3.000000e-02,    3.000000e-02,    3.000000e-02,
      1015,    1.000000e+02,   -5.647803e-02,   -1.536083e-02,   -4.077527e-02,    8.943596e-03,    4.608344e-01,   -3.367058e-01,    1.998422e-01,   -5.965599e-01,   -4.265300e-02,   -2.546200e-02,   -3.478000e-02,   -8.953200e-03,    3.000000e-02,    3.000000e-02,    3.000000e-02,    3.000000e-02,
      1015,    1.584800e+02,   -4.462024e-02,   -2.164186e-02,   -4.196479e-02,    2.017831e-03,    5.258412e-01,   -2.983048e-01,    4.835264e-01,   -2.825144e-01,   -2.884500e-02,   -3.059100e-02,   -2.745900e-02,   -6.457600e-03,    3.000000e-02,    3.000000e-02,    3.000000e-02,    3.000000e-02,
      1015,    2.511800e+02,   -3.389649e-02,   -2.482106e-02,   -4.015541e-02,   -1.778361e-03,    5.599829e-01,   -2.928981e-01,    5.582470e-01,    2.097187e-01,   -1.709700e-02,   -3.360800e-02,   -2.340800e-02,    4.513200e-03,    3.000000e-02,    3.000000e-02,    3.000000e-02,    3.000000e-02,
      1016,    1.000000e+02,   -1.447183e-01,    5.679863e-02,   -1.260950e-02,   -3.433296e-02,    8.806111e-01,    5.828123e-01,   -3.754993e-02,    2.818654e-01,   -1.183000e-01,    7.428300e-02,   -1.373600e-02,   -2.587700e-02,    3.000000e-02,    3.000000e-02,    3.000000e-02,    3.000000e-02,
      1016,    1.584800e+02,   -1.498804e-01,    2.964088e-02,    3.921511e-03,   -3.336070e-02,    1.332680e+00,    6.617373e-01,   -3.186837e-01,    4.388567e-01,   -1.099000e-01,    4.949300e-02,   -5.639000e-03,   -2.019500e-02,    3.000000e-02,    3.000000e-02,    3.000000e-02,    3.000000e-02,
      1016,    2.511800e+02,   -1.504116e-01,    9.994855e-03,    1.562421e-02,   -2.794179e-02,    4.530518e-01,    3.217150e-02,   -1.262403e-01,    4.248263e-01,   -1.368200e-01,    1.096000e-02,    1.183700e-02,   -1.519700e-02,    3.000000e-02,    3.000000e-02,    3.000000e-02,    3.000000e-02,
      1017,    1.000000e+02,    1.501263e-01,   -2.477627e-02,    2.763264e-01,   -4.555348e-02,   -1.845420e-01,   -6.094910e-01,   -4.154831e-02,   -4.854173e-01,    1.445900e-01,   -4.306100e-02,    2.750800e-01,   -6.011600e-02,    3.000000e-02,    3.000000e-02,    3.000000e-02,    3.000000e-02,
      1017,    1.584800e+02,    1.573016e-01,   -1.812763e-02,    2.859953e-01,   -1.719836e-02,   -1.405204e-02,   -3.619457e-01,    3.208240e-01,   -4.224546e-01,    1.568800e-01,   -2.898600e-02,    2.956200e-01,   -2.987200e-02,    3.000000e-02,    3.000000e-02,    3.000000e-02,    3.000000e-02,
      1017,    2.511800e+02,    1.641749e-01,   -1.011945e-02,    2.858028e-01,    9.255818e-03,    1.751706e-01,   -1.651829e-02,    2.132387e-01,   -3.084376e-01,    1.694300e-01,   -1.061500e-02,    2.922000e-01,    2.689400e-06,    3.000000e-02,    3.000000e-02,    3.000000e-02,    3.000000e-02,
      1018,    1.000000e+02,   -1.402641e-02,   -3.235573e-02,   -8.322653e-02,    4.764031e-02,   -5.500862e-01,    2.901910e-01,    1.084618e+00,   -2.533102e-01,   -3.052900e-02,   -2.365000e-02,   -5.068800e-02,    4.004100e-02,    3.000000e-02,    3.000000e-02,    3.000000e-02,    3.000000e-02,
      1018,    1.584800e+02,    2.658323e-03,   -3.826463e-02,   -1.067370e-01,    4.520657e-02,   -6.974441e-01,    3.155543e-01,    1.016433e+00,    8.594776e-02,   -1.826500e-02,   -2.879800e-02,   -7.624400e-02,    4.778500e-02,    3.000000e-02,    3.000000e-02,    3.000000e-02,    3.000000e-02,
      1018,    2.511800e+02,    2.103893e-02,   -3.619141e-02,   -1.293601e-01,    3.040049e-02,   -8.265845e-01,    2.878137e-01,    7.606713e-01,    2.294504e-01,   -3.758600e-03,   -2.755700e-02,   -1.065400e-01,    3.728400e-02,    3.000000e-02,    3.000000e-02,    3.000000e-02,    3.000000e-02,
      1020,    1.000000e+02,   -9.428114e-02,   -1.077309e-02,   -3.645761e-02,    8.795622e-03,    8.207379e-01,    9.600029e-01,    1.717869e-01,   -2.471474e-01,   -6.965900e-02,    1.802700e-02,   -3.130400e-02,    1.381200e-03,    3.000000e-02,    3.000000e-02,    3.000000e-02,    3.000000e-02,
      1020,    1.584800e+02,   -8.070112e-02,   -1.052268e-02,   -3.643546e-02,    4.278745e-03,    2.230040e-01,    9.930560e-01,    1.886820e-01,   -8.451484e-02,   -7.401100e-02,    1.926900e-02,   -3.077500e-02,    1.743300e-03,    3.000000e-02,    3.000000e-02,    3.000000e-02,    3.000000e-02,
      1020,    2.511800e+02,   -7.224643e-02,   -2.952761e-03,   -3.641409e-02,    3.227617e-03,   -1.017191e-01,    6.663587e-01,    1.252698e-01,   -4.020389e-02,   -7.529800e-02,    1.703800e-02,   -3.265600e-02,    2.021500e-03,    3.000000e-02,    3.000000e-02,    3.000000e-02,    3.000000e-02,
      1021,    1.000000e+02,    9.975989e-02,    1.865311e-02,   -3.886294e-02,    1.792620e-02,    3.916704e-01,    3.050230e+00,   -1.635019e-01,    3.426602e-01,    1.115100e-01,    1.101600e-01,   -4.376800e-02,    2.820600e-02,    3.000000e-02,    3.000000e-02,    3.000000e-02,    3.000000e-02,
      1021,    1.584800e+02,    9.379753e-02,    1.698162e-02,   -4.247531e-02,    1.409629e-02,    3.230822e-01,    2.103379e+00,   -2.342301e-02,    4.310569e-01,    1.034900e-01,    8.008300e-02,   -4.317800e-02,    2.702800e-02,    3.000000e-02,    3.000000e-02,    3.000000e-02,    3.000000e-02,
      1021,    2.511800e+02,    8.882206e-02,    1.520193e-02,   -4.523669e-02,    1.193995e-02,    6.599790e-02,    5.762689e-01,    9.972293e-02,    4.408348e-01,    9.080200e-02,    3.249000e-02,   -4.224500e-02,    2.516500e-02,    3.000000e-02,    3.000000e-02,    3.000000e-02,    3.000000e-02,
      1022,    1.000000e+02,   -8.330443e-03,    2.128274e-02,    5.523985e-02,    1.727026e-02,   -3.423186e-01,   -3.398915e-01,    2.850508e-02,   -4.860118e-01,   -1.860000e-02,    1.108600e-02,    5.609500e-02,    2.689900e-03,    3.000000e-02,    3.000000e-02,    3.000000e-02,    3.000000e-02,
      1022,    1.584800e+02,   -5.668503e-04,   -6.140276e-03,    4.605345e-02,    7.394440e-03,   -3.175383e-01,   -3.433908e-01,    3.357851e-01,   -2.810980e-01,   -1.009300e-02,   -1.644200e-02,    5.612700e-02,   -1.038500e-03,    3.000000e-02,    3.000000e-02,    3.000000e-02,    3.000000e-02,
      1022,    2.511800e+02,    1.314343e-02,   -1.931094e-02,    4.641104e-02,   -3.374486e-03,    1.753189e-01,   -4.879355e-01,    2.540985e-01,    7.167288e-02,    1.840300e-02,   -3.394900e-02,    5.403400e-02,   -1.224300e-03,    3.000000e-02,    3.000000e-02,    3.000000e-02,    3.000000e-02,
      1023,    1.000000e+02,    6.175834e-02,   -8.097464e-03,   -9.531377e-02,    4.409615e-02,   -4.579779e-01,   -7.941785e-02,    4.489240e-02,   -6.432384e-01,    4.801900e-02,   -1.048000e-02,   -9.396700e-02,    2.479900e-02,    3.000000e-02,    3.000000e-02,    3.000000e-02,    3.000000e-02,
      1023,    1.584800e+02,    6.990807e-02,   -1.772783e-02,   -1.119715e-01,    3.109673e-02,   -4.770690e-01,   -6.673890e-02,   -1.266169e-01,   -5.004908e-01,    5.559600e-02,   -1.973000e-02,   -1.157700e-01,    1.608200e-02,    3.000000e-02,    3.000000e-02,    3.000000e-02,    3.000000e-02,
      1023,    2.511800e+02,    8.257402e-02,   -1.989173e-02,   -1.194464e-01,    1.636480e-02,   -4.650341e-01,   -4.142090e-01,   -8.997872e-01,   -4.697499e-01,    6.862300e-02,   -3.231800e-02,   -1.464400e-01,    2.272300e-03,    3.000000e-02,    3.000000e-02,    3.000000e-02,    3.000000e-02,
      1024,    1.000000e+02,   -3.700912e-02,    6.604921e-02,    1.348714e-01,   -5.851365e-03,   -7.425625e-01,    2.430598e-01,    1.033952e+00,   -6.178878e-01,   -5.928600e-02,    7.334100e-02,    1.658900e-01,   -2.438800e-02,    3.000000e-02,    3.000000e-02,    3.000000e-02,    3.000000e-02,
      1024,    1.584800e+02,   -5.631335e-02,    5.798139e-02,    1.396928e-01,    3.304920e-03,   -2.329216e-01,    3.553205e-01,    6.205739e-01,   -3.969640e-01,   -6.330100e-02,    6.864100e-02,    1.583100e-01,   -8.604000e-03,    3.000000e-02,    3.000000e-02,    3.000000e-02,    3.000000e-02,
      1024,    2.511800e+02,   -7.322129e-02,    4.835856e-02,    1.392378e-01,    1.671446e-02,   -5.065688e-02,    5.496813e-01,    4.097389e-01,   -8.430452e-01,   -7.474100e-02,    6.484900e-02,    1.515300e-01,   -8.576900e-03,    3.000000e-02,    3.000000e-02,    3.000000e-02,    3.000000e-02,
      1026,    1.000000e+02,    5.245934e-03,   -5.529646e-03,    7.443110e-02,   -2.432013e-02,    9.283355e-01,    3.949315e-01,   -5.528700e-01,    4.612043e-01,    3.309600e-02,    6.318300e-03,    5.784500e-02,   -1.048400e-02,    3.000000e-02,    3.000000e-02,    3.000000e-02,    3.000000e-02,
      1026,    1.584800e+02,    1.330039e-02,   -1.127172e-02,    7.235193e-02,    4.997805e-03,    8.335868e-01,    4.047175e-01,    4.506911e-02,   -7.594348e-02,    3.830800e-02,    8.698000e-04,    7.370400e-02,    2.719500e-03,    3.000000e-02,    3.000000e-02,    3.000000e-02,    3.000000e-02,
      1026,    2.511800e+02,    2.061244e-02,   -1.369320e-02,    5.795315e-02,    2.039727e-02,    5.490853e-01,    5.016066e-01,    3.894859e-03,   -3.423129e-04,    3.708500e-02,    1.355000e-03,    5.807000e-02,    2.038700e-02,    3.000000e-02,    3.000000e-02,    3.000000e-02,    3.000000e-02,
      1027,    1.000000e+02,   -5.691889e-02,    8.928032e-02,   -1.093444e-01,    6.379650e-02,    9.848962e-01,    1.901894e-01,   -9.085215e-01,   -1.910168e-01,   -2.737200e-02,    9.498600e-02,   -1.366000e-01,    5.806600e-02,    3.000000e-02,    3.000000e-02,    3.000000e-02,    3.000000e-02,
      1027,    1.584800e+02,   -8.156241e-02,    8.088567e-02,   -1.264294e-01,    3.822548e-02,    5.672470e-01,    3.107778e-01,   -6.583527e-01,   -7.116826e-01,   -6.454500e-02,    9.020900e-02,   -1.461800e-01,    1.687500e-02,    3.000000e-02,    3.000000e-02,    3.000000e-02,    3.000000e-02,
      1027,    2.511800e+02,   -1.055093e-01,    7.412259e-02,   -1.344307e-01,    9.625434e-03,    2.789101e-01,    1.363135e-01,   -5.231002e-02,   -8.883145e-01,   -9.714200e-02,    7.821200e-02,   -1.360000e-01,   -1.702400e-02,    3.000000e-02,    3.000000e-02,    3.000000e-02,    3.000000e-02,
      1028,    1.000000e+02,   -4.320144e-02,    3.551880e-02,   -1.248087e-01,    4.236850e-02,    7.546147e-01,    1.731733e-01,   -5.177116e-01,    3.606832e-01,   -2.056300e-02,    4.071400e-02,   -1.403400e-01,    5.318900e-02,    3.000000e-02,    3.000000e-02,    3.000000e-02,    3.000000e-02,
      1028,    1.584800e+02,   -4.962291e-02,    2.095592e-02,   -1.328841e-01,    2.685171e-02,    4.431636e-01,    4.900361e-01,   -5.148641e-01,    1.165097e-01,   -3.632800e-02,    3.565700e-02,   -1.483300e-01,    3.034700e-02,    3.000000e-02,    3.000000e-02,    3.000000e-02,    3.000000e-02,
      1028,    2.511800e+02,   -5.078633e-02,    9.786131e-03,   -1.362218e-01,    1.306926e-02,   -4.185573e-02,    5.629956e-01,   -1.569409e-01,    1.011581e-01,   -5.204200e-02,    2.667600e-02,   -1.409300e-01,    1.610400e-02,    3.000000e-02,    3.000000e-02,    3.000000e-02,    3.000000e-02,
      1029,    1.000000e+02,   -3.555367e-02,    2.526622e-02,   -9.291086e-03,   -1.402440e-02,   -8.101102e-02,   -1.168507e+00,   -5.554971e-01,   -8.202535e-01,   -3.798400e-02,   -9.789000e-03,   -2.595600e-02,   -3.863200e-02,    3.000000e-02,    3.000000e-02,    3.000000e-02,    3.000000e-02,
      1029,    1.584800e+02,   -4.332041e-02,    1.458305e-02,   -9.714057e-03,   -2.641974e-02,    4.872135e-01,   -6.919152e-01,   -8.666478e-02,   -3.927753e-01,   -2.870400e-02,   -6.174400e-03,   -1.231400e-02,   -3.820300e-02,    3.000000e-02,    3.000000e-02,    3.000000e-02,    3.000000e-02,
      1029,    2.511800e+02,   -4.492576e-02,    2.596448e-03,   -1.198181e-03,   -4.555827e-02,    6.771254e-01,   -1.042183e-01,    9.545605e-02,    2.712091e-01,   -2.461200e-02,   -5.301000e-04,    1.665500e-03,   -3.742200e-02,    3.000000e-02,    3.000000e-02,    3.000000e-02,    3.000000e-02,
      1030,    1.000000e+02,   -9.808304e-02,   -1.943085e-02,    1.276005e-01,    8.965691e-03,    4.749681e-01,    1.429162e+00,   -1.219218e+00,   -1.820030e-01,   -8.383400e-02,    2.344400e-02,    9.102400e-02,    3.505600e-03,    3.000000e-02,    3.000000e-02,    3.000000e-02,    3.000000e-02,
      1030,    1.584800e+02,   -7.780406e-02,   -2.053688e-02,    1.112441e-01,    1.734308e-02,   -1.179647e-01,    1.019363e+00,   -9.237686e-01,   -5.755184e-01,   -8.134300e-02,    1.004400e-02,    8.353100e-02,    7.752300e-05,    3.000000e-02,    3.000000e-02,    3.000000e-02,    3.000000e-02,
      1030,    2.511800e+02,   -6.610630e-02,   -1.053073e-02,    9.798063e-02,    1.188747e-02,   -3.058565e-01,    5.248678e-01,   -5.279209e-01,   -7.346158e-01,   -7.528200e-02,    5.215300e-03,    8.214300e-02,   -1.015100e-02,    3.000000e-02,    3.000000e-02,    3.000000e-02,    3.000000e-02,
      1031,    1.000000e+02,   -4.149275e-02,    2.403751e-02,    3.444742e-02,   -2.095791e-02,    2.638584e-01,    1.243828e-01,   -5.411140e-01,    9.540004e-01,   -3.357700e-02,    2.776900e-02,    1.821400e-02,    7.662100e-03,    3.000000e-02,    3.000000e-02,    3.000000e-02,    3.000000e-02,
      1031,    1.584800e+02,   -4.326171e-02,    9.740790e-03,    3.982308e-02,   -2.107026e-02,    7.145570e-01,    7.570699e-02,   -3.277027e-01,    3.983321e-01,   -2.182500e-02,    1.201200e-02,    2.999200e-02,   -9.120300e-03,    3.000000e-02,    3.000000e-02,    3.000000e-02,    3.000000e-02,
      1031,    2.511800e+02,   -3.871365e-02,    8.873645e-04,    4.551367e-02,   -2.235603e-02,    9.774316e-01,   -2.145388e-01,    1.037767e-02,   -1.429657e-01,   -9.390700e-03,   -5.548800e-03,    4.582500e-02,   -2.664500e-02,    3.000000e-02,    3.000000e-02,    3.000000e-02,    3.000000e-02,
      1032,    1.000000e+02,    2.107672e-02,    8.869587e-02,    2.409071e-02,   -6.181803e-03,   -1.585557e+00,   -3.657957e-01,    4.946095e-01,   -2.904140e+00,   -2.649000e-02,    7.772200e-02,    3.892900e-02,   -9.330600e-02,    3.000000e-02,    3.000000e-02,    3.000000e-02,    3.000000e-02,
      1032,    1.584800e+02,   -9.547152e-03,    7.092673e-02,    2.356692e-02,    5.256597e-03,    4.313751e-01,    9.302091e-01,   -1.193264e+00,   -1.908987e+00,    3.394100e-03,    9.883300e-02,   -1.223100e-02,   -5.201300e-02,    3.000000e-02,    3.000000e-02,    3.000000e-02,    3.000000e-02,
      1032,    2.511800e+02,   -3.244175e-02,    4.473217e-02,    1.758398e-02,    1.133074e-02,   -1.607408e+00,   -2.928056e-01,   -1.372799e+00,   -1.339291e+00,   -8.066400e-02,    3.594800e-02,   -2.360000e-02,   -2.884800e-02,    3.000000e-02,    3.000000e-02,    3.000000e-02,    3.000000e-02,
      1033,    1.000000e+02,   -7.708692e-02,   -9.695197e-03,   -7.779033e-02,   -1.305262e-02,    1.207640e-01,   -3.843268e-01,   -4.285555e-01,   -3.094592e-02,   -7.346400e-02,   -2.122500e-02,   -9.064700e-02,   -1.398100e-02,    3.000000e-02,    3.000000e-02,    3.000000e-02,    3.000000e-02,
      1033,    1.584800e+02,   -7.654564e-02,   -3.741234e-03,   -7.235878e-02,   -1.517684e-02,    2.415212e-01,   -4.157221e-02,   -4.257407e-01,   -9.037185e-02,   -6.930000e-02,   -4.988400e-03,   -8.513100e-02,   -1.788800e-02,    3.000000e-02,    3.000000e-02,    3.000000e-02,    3.000000e-02,
      1033,    2.511800e+02,   -7.678701e-02,    8.375798e-04,   -6.757313e-02,   -1.698236e-02,    1.251004e-01,    1.685407e-01,   -1.675290e-01,   -1.692547e-01,   -7.303400e-02,    5.893800e-03,   -7.259900e-02,   -2.206000e-02,    3.000000e-02,    3.000000e-02,    3.000000e-02,    3.000000e-02,
      1034,    1.000000e+02,   -1.071388e-01,   -1.292177e-01,   -1.758497e-01,   -1.291511e-01,   -2.457055e-01,   -1.157075e+00,   -5.100089e-01,   -8.299647e-01,   -1.145100e-01,   -1.639300e-01,   -1.911500e-01,   -1.540500e-01,    3.000000e-02,    3.000000e-02,    3.000000e-02,    3.000000e-02,
      1034,    1.584800e+02,   -5.696957e-02,   -1.197522e-01,   -1.133450e-01,   -1.473278e-01,    4.548856e-01,   -9.672591e-01,   -2.048345e-01,   -9.977405e-01,   -4.332300e-02,   -1.487700e-01,   -1.194900e-01,   -1.772600e-01,    3.000000e-02,    3.000000e-02,    3.000000e-02,    3.000000e-02,
      1034,    2.511800e+02,   -1.811762e-02,   -1.031454e-01,   -5.217517e-02,   -1.455697e-01,    9.916540e-01,   -3.691545e-01,   -1.827734e-03,   -8.410111e-01,    1.163200e-02,   -1.142200e-01,   -5.223000e-02,   -1.708000e-01,    3.000000e-02,    3.000000e-02,    3.000000e-02,    3.000000e-02,
      1035,    1.000000e+02,   -6.429525e-02,   -2.382997e-02,    1.576079e-01,    6.272647e-02,    6.798416e-01,    2.211655e-01,    5.164048e-01,   -1.533349e+00,   -4.390000e-02,   -1.719500e-02,    1.731000e-01,    1.672600e-02,    3.000000e-02,    3.000000e-02,    3.000000e-02,    3.000000e-02,
      1035,    1.584800e+02,   -5.082592e-02,   -3.814467e-02,    1.243942e-01,    7.977994e-02,    5.815639e-01,    2.218912e-02,    1.382194e+00,   -6.457979e-01,   -3.337900e-02,   -3.747900e-02,    1.658600e-01,    6.040600e-02,    3.000000e-02,    3.000000e-02,    3.000000e-02,    3.000000e-02,
      1036,    1.000000e+02,   -8.574911e-02,    1.443678e-01,    1.930122e-01,    2.817421e-02,   -5.974030e+00,    1.998073e+00,    3.362612e-01,    4.783929e-01,   -2.649700e-01,    2.043100e-01,    2.031000e-01,    4.252600e-02,    3.000000e-02,    3.000000e-02,    3.000000e-02,    3.000000e-02,
      1036,    1.584800e+02,   -1.144269e-01,    9.472169e-02,    1.791849e-01,    3.733005e-02,   -2.655436e+00,    3.459436e-01,    1.288504e+00,    3.713315e-01,   -1.940900e-01,    1.051000e-01,    2.178400e-01,    4.847000e-02,    3.000000e-02,    3.000000e-02,    3.000000e-02,    3.000000e-02,
      1036,    2.511800e+02,   -1.210763e-01,    6.320132e-02,    1.622992e-01,    4.141569e-02,    5.138757e-01,   -5.107772e-01,    2.086027e+00,    1.095110e+00,   -1.056600e-01,    4.787800e-02,    2.248800e-01,    7.426900e-02,    3.000000e-02,    3.000000e-02,    3.000000e-02,    3.000000e-02,
      1037,    1.000000e+02,   -5.342195e-02,    3.524812e-02,   -2.709142e-01,   -9.148985e-02,    7.119982e-01,   -2.283304e+00,    1.434472e+00,   -3.170005e+00,   -3.206200e-02,   -3.325100e-02,   -2.278800e-01,   -1.865900e-01,    3.000000e-02,    3.000000e-02,    3.000000e-02,    3.000000e-02,
      1037,    1.584800e+02,   -4.663228e-02,    1.098884e-02,   -2.098274e-01,   -1.056714e-01,    1.511433e+00,   -1.186561e+00,    1.136912e+00,   -4.356188e-01,   -1.289300e-03,   -2.460800e-02,   -1.757200e-01,   -1.187400e-01,    3.000000e-02,    3.000000e-02,    3.000000e-02,    3.000000e-02,
      1037,    2.511800e+02,   -3.355144e-02,    3.502580e-03,   -1.616541e-01,   -8.509590e-02,    1.808348e+00,    3.237401e-02,    2.978026e-01,    7.875633e-01,    2.069900e-02,    4.473800e-03,   -1.527200e-01,   -6.146900e-02,    3.000000e-02,    3.000000e-02,    3.000000e-02,    3.000000e-02,
      1039,    1.000000e+02,    1.025265e-01,    7.983225e-02,    4.560717e-02,    1.423787e-01,   -4.572182e-01,    6.122515e-02,    3.629612e-01,   -8.624074e-03,    8.881000e-02,    8.166900e-02,    5.649600e-02,    1.421200e-01,    3.000000e-02,    3.000000e-02,    3.000000e-02,    3.000000e-02,
      1039,    1.584800e+02,    7.447429e-02,    8.699692e-02,    1.497227e-02,    1.079117e-01,   -3.187429e-01,   -1.686639e-01,    9.042439e-02,    8.861093e-02,    6.491200e-02,    8.193700e-02,    1.768500e-02,    1.105700e-01,    3.000000e-02,    3.000000e-02,    3.000000e-02,    3.000000e-02,
      1039,    2.511800e+02,    4.216644e-02,    8.943812e-02,   -7.346010e-03,    8.421473e-02,   -2.331479e-01,   -6.710403e-02,    8.989699e-02,    4.708875e-03,    3.517200e-02,    8.742500e-02,   -4.649100e-03,    8.435600e-02,    3.000000e-02,    3.000000e-02,    3.000000e-02,    3.000000e-02,
      1040,    1.000000e+02,   -7.182543e-02,    4.413535e-02,    8.432922e-02,   -1.515537e-01,   -3.959191e-01,    1.073055e+00,    4.473261e-01,    4.578866e-02,   -8.370300e-02,    7.632700e-02,    9.774900e-02,   -1.501800e-01,    3.000000e-02,    3.000000e-02,    3.000000e-02,    3.000000e-02,
      1040,    1.584800e+02,   -8.411215e-02,    4.676989e-02,    1.213893e-01,   -1.052022e-01,   -3.910949e-01,    1.511237e+00,    3.293566e-01,    2.174028e-02,   -9.584500e-02,    9.210700e-02,    1.312700e-01,   -1.045500e-01,    3.000000e-02,    3.000000e-02,    3.000000e-02,    3.000000e-02,
      1040,    2.511800e+02,   -1.000449e-01,    4.687024e-02,    1.315164e-01,   -7.223600e-02,   -3.718357e-01,    2.473659e+00,    2.901216e-01,    6.816659e-02,   -1.112000e-01,    1.210800e-01,    1.402200e-01,   -7.019100e-02,    3.000000e-02,    3.000000e-02,    3.000000e-02,    3.000000e-02,
      1041,    2.511800e+02,    6.956312e-02,   -1.895975e-02,    1.842654e-01,   -3.517855e-02,    1.849229e+00,    1.607916e-01,    1.842154e+00,    3.040849e-01,    1.250400e-01,   -1.413600e-02,    2.395300e-01,   -2.605600e-02,    3.000000e-02,    3.000000e-02,    3.000000e-02,    3.000000e-02,
      1042,    1.000000e+02,    2.017332e-02,    2.615331e-02,   -1.105069e-02,   -7.706724e-03,   -8.992107e-01,   -2.737770e-01,    4.400764e-01,    1.217275e-01,   -6.803000e-03,    1.794000e-02,    2.151600e-03,   -4.054900e-03,    3.000000e-02,    3.000000e-02,    3.000000e-02,    3.000000e-02,
      1042,    1.584800e+02,    5.407855e-03,    3.144861e-02,   -4.375711e-03,   -1.903807e-02,   -4.654618e-01,   -6.094872e-01,    4.014670e-01,    8.833553e-02,   -8.556000e-03,    1.316400e-02,    7.668300e-03,   -1.638800e-02,    3.000000e-02,    3.000000e-02,    3.000000e-02,    3.000000e-02,
      1042,    2.511800e+02,   -1.001107e-02,    2.630202e-02,    9.639012e-03,   -2.320923e-02,   -1.064477e-03,   -5.819375e-01,    2.820996e-01,   -4.789221e-02,   -1.004300e-02,    8.843900e-03,    1.810200e-02,   -2.464600e-02,    3.000000e-02,    3.000000e-02,    3.000000e-02,    3.000000e-02,
      1043,    1.000000e+02,    1.536015e-01,   -1.694451e-02,    6.409528e-02,   -4.797917e-02,    2.622846e-01,    1.164171e-01,    3.418906e-01,   -5.479611e-01,    1.614700e-01,   -1.345200e-02,    7.435200e-02,   -6.441800e-02,    3.000000e-02,    3.000000e-02,    3.000000e-02,    3.000000e-02,
      1043,    1.584800e+02,    1.544209e-01,    1.331981e-02,    7.991789e-02,   -2.994362e-02,    1.083021e-01,    2.620065e-01,    5.784037e-01,   -7.634600e-02,    1.576700e-01,    2.118000e-02,    9.727000e-02,   -3.223400e-02,    3.000000e-02,    3.000000e-02,    3.000000e-02,    3.000000e-02,
      1043,    2.511800e+02,    1.410137e-01,    4.076204e-02,    8.492871e-02,   -1.006806e-02,    6.054325e-02,    1.704988e-01,    4.612095e-01,    2.756153e-01,    1.428300e-01,    4.587700e-02,    9.876500e-02,   -1.799600e-03,    3.000000e-02,    3.000000e-02,    3.000000e-02,    3.000000e-02,
      1044,    1.000000e+02,   -6.867164e-02,    9.239537e-02,    3.429016e-02,    3.531297e-02,   -1.297279e+00,    2.834877e-01,   -8.347986e-01,    8.386678e-01,   -1.075900e-01,    1.009000e-01,    9.246200e-03,    6.047300e-02,    3.000000e-02,    3.000000e-02,    3.000000e-02,    3.000000e-02,
      1044,    1.584800e+02,   -8.609300e-02,    7.090646e-02,    2.323513e-02,    4.543028e-02,   -1.964567e+00,   -2.654819e-01,   -1.059704e+00,    1.242991e+00,   -1.450300e-01,    6.294200e-02,   -8.556000e-03,    8.272000e-02,    3.000000e-02,    3.000000e-02,    3.000000e-02,    3.000000e-02,
      1044,    2.511800e+02,   -9.676137e-02,    5.891604e-02,    5.278445e-03,    5.387053e-02,   -1.659621e+00,   -2.855015e-01,   -6.252482e-01,    1.056349e+00,   -1.465500e-01,    5.035100e-02,   -1.347900e-02,    8.556100e-02,    3.000000e-02,    3.000000e-02,    3.000000e-02,    3.000000e-02,
      1045,    1.000000e+02,   -6.242700e-03,    8.174228e-02,   -3.317285e-01,    5.435764e-02,    2.279257e+00,   -1.759762e-01,   -1.383937e-03,    4.701786e-01,    6.213500e-02,    7.646300e-02,   -3.317700e-01,    6.846300e-02,    3.000000e-02,    3.000000e-02,    3.000000e-02,    3.000000e-02,
      1045,    1.584800e+02,   -2.904084e-02,    7.640063e-02,   -3.398575e-01,    9.735274e-03,    2.046161e+00,    2.201244e-02,   -5.974855e-02,    7.510242e-01,    3.234400e-02,    7.706100e-02,   -3.416500e-01,    3.226600e-02,    3.000000e-02,    3.000000e-02,    3.000000e-02,    3.000000e-02,
      1045,    2.511800e+02,   -5.284233e-02,    7.195068e-02,   -3.296562e-01,   -3.194009e-02,    1.407478e+00,   -2.020228e-01,   -1.317921e-01,    9.406597e-01,   -1.061800e-02,    6.589000e-02,   -3.336100e-01,   -3.720300e-03,    3.000000e-02,    3.000000e-02,    3.000000e-02,    3.000000e-02,
      1046,    1.000000e+02,   -1.616826e-02,   -5.596601e-02,   -7.903664e-02,    7.549659e-02,   -1.264579e-01,    6.965672e-01,    8.408807e-02,   -1.630865e-01,   -1.996200e-02,   -3.506900e-02,   -7.651400e-02,    7.060400e-02,    3.000000e-02,    3.000000e-02,    3.000000e-02,    3.000000e-02,
      1046,    1.584800e+02,    4.194851e-03,   -3.650031e-02,   -9.882404e-02,    5.377546e-02,   -2.835050e-01,    3.815438e-01,    4.930118e-02,   -1.150153e-01,   -4.310300e-03,   -2.505400e-02,   -9.734500e-02,    5.032500e-02,    3.000000e-02,    3.000000e-02,    3.000000e-02,    3.000000e-02,
      1046,    2.511800e+02,    6.800814e-03,   -1.686441e-02,   -1.055544e-01,    3.347667e-02,   -1.482371e-01,    1.466805e-01,   -1.018768e-02,   -1.158222e-01,    2.353700e-03,   -1.246400e-02,   -1.058600e-01,    3.000200e-02,    3.000000e-02,    3.000000e-02,    3.000000e-02,    3.000000e-02,
