MT,
     StaID,        Freq[Hz],     Re(Zxx)_Cal,     Im(Zxx)_Cal,     Re(Zxy)_Cal,     Im(Zxy)_Cal,     Re(Zyx)_Cal,     Im(Zyx)_Cal,     Re(Zyy)_Cal,     Im(Zyy)_Cal,     Re(Zxx)_Res,     Im(Zxx)_Res,     Re(Zxy)_Res,     Im(Zxy)_Res,     Re(Zyx)_Res,     Im(Zyx)_Res,     Re(Zyy)_Res,     Im(Zyy)_Res,     Re(Zxx)_Obs,     Im(Zxx)_Obs,     Re(Zxy)_Obs,     Im(Zxy)_Obs,     Re(Zyx)_Obs,     Im(Zyx)_Obs,     Re(Zyy)_Obs,     Im(Zyy)_Obs,      Re(Zxx)_SD,      Im(Zxx)_SD,      Re(Zxy)_SD,      Im(Zxy)_SD,      Re(Zyx)_SD,      Im(Zyx)_SD,      Re(Zyy)_SD,      Im(Zyy)_SD,
         1,    3.981000e+02,   -2.537396e-02,   -4.794394e-03,    2.575176e-01,   -2.959825e-01,   -3.309419e-01,    3.161815e-01,    2.714720e-02,    1.288371e-02,   -1.518659e-01,    1.631112e+00,   -3.203835e+00,    3.965389e+00,    2.957078e+00,   -4.686119e+00,    2.583525e+00,   -1.335522e+00,   -2.771300e-02,    2.032800e-02,    2.036900e-01,   -2.293600e-01,   -2.812600e-01,    2.374500e-01,    1.043300e-01,   -2.701500e-02,    1.540200e-02,    1.540200e-02,    1.680100e-02,    1.680100e-02,    1.680100e-02,    1.680100e-02,    2.987500e-02,    2.987500e-02,
         1,    6.309500e+02,   -2.225795e-02,   -6.567663e-03,    3.287459e-01,   -3.811356e-01,   -4.048503e-01,    4.005344e-01,    2.151304e-02,    1.543987e-02,   -6.008056e-01,    1.475184e+00,   -2.870654e+00,    3.922583e+00,    2.777741e+00,   -4.756405e+00,    2.459417e+00,   -1.216928e+00,   -3.363300e-02,    2.136200e-02,    2.674000e-01,   -2.973100e-01,   -3.454900e-01,    2.988900e-01,    1.024500e-01,   -2.460800e-02,    1.893300e-02,    1.893300e-02,    2.137000e-02,    2.137000e-02,    2.137000e-02,    2.137000e-02,    3.290900e-02,    3.290900e-02,
         1,    1.000000e+03,   -1.870622e-02,   -6.867006e-03,    4.166361e-01,   -4.920054e-01,   -4.922656e-01,    5.152345e-01,    1.629570e-02,    1.720751e-02,   -8.386343e-01,    1.480742e+00,   -2.309347e+00,    4.272296e+00,    1.629080e+00,   -5.218334e+00,    2.284621e+00,   -1.313243e+00,   -3.836800e-02,    2.784900e-02,    3.533900e-01,   -3.750000e-01,   -4.476500e-01,    3.723200e-01,    1.016400e-01,   -3.185000e-02,    2.344500e-02,    2.344500e-02,    2.738700e-02,    2.738700e-02,    2.738700e-02,    2.738700e-02,    3.735600e-02,    3.735600e-02,
         2,    3.981000e+02,    1.502485e-02,   -1.969019e-03,    3.262446e-01,   -3.627212e-01,   -2.946605e-01,    3.494630e-01,   -2.061237e-02,    8.689376e-03,   -1.886181e+00,    1.298516e+00,   -4.433711e+00,    4.379934e+00,    4.608611e+00,   -3.942487e+00,   -4.019534e-01,   -1.364494e+00,   -3.180200e-03,    1.056400e-02,    2.459900e-01,   -2.834400e-01,   -2.112400e-01,    2.781000e-01,   -2.671000e-02,   -1.201000e-02,    9.651800e-03,    9.651800e-03,    1.810100e-02,    1.810100e-02,    1.810100e-02,    1.810100e-02,    1.517000e-02,    1.517000e-02,
         2,    6.309500e+02,    1.178503e-02,   -3.198088e-03,    4.118098e-01,   -4.691377e-01,   -3.753109e-01,    4.524240e-01,   -1.710099e-02,    1.474651e-02,   -1.478842e+00,    1.325789e+00,   -4.325121e+00,    3.728450e+00,    4.223849e+00,   -3.162690e+00,   -3.547244e-01,   -2.051523e+00,   -8.846300e-03,    1.529800e-02,    3.085000e-01,   -3.800800e-01,   -2.744200e-01,    3.768800e-01,   -2.376200e-02,   -2.377700e-02,    1.395100e-02,    1.395100e-02,    2.388600e-02,    2.388600e-02,    2.388600e-02,    2.388600e-02,    1.877800e-02,    1.877800e-02,
         2,    1.000000e+03,    1.077891e-02,   -7.509028e-03,    5.187294e-01,   -6.080450e-01,   -4.769740e-01,    5.895912e-01,   -1.561264e-02,    2.680954e-02,   -1.542901e+00,    1.825564e+00,   -3.743142e+00,    3.052595e+00,    3.350863e+00,   -2.430542e+00,   -1.567327e-01,   -2.634265e+00,   -3.300400e-02,    4.429500e-02,    3.990200e-01,   -5.104200e-01,   -3.698100e-01,    5.118600e-01,   -1.948300e-02,   -3.824100e-02,    2.837700e-02,    2.837700e-02,    3.198100e-02,    3.198100e-02,    3.198100e-02,    3.198100e-02,    2.469400e-02,    2.469400e-02,
         3,    3.981000e+02,    9.374579e-03,    7.358413e-03,    3.014642e-01,   -3.192207e-01,   -2.667717e-01,    3.179010e-01,   -1.286773e-02,    9.730916e-04,    1.081769e+00,   -2.362950e+00,   -2.998931e+00,    3.363277e+00,    2.948255e+00,   -2.734144e+00,   -2.567445e+00,    3.665557e-01,    3.150000e-02,   -4.097100e-02,    2.486500e-01,   -2.599900e-01,   -2.148500e-01,    2.697500e-01,   -7.511800e-02,    9.860600e-03,    2.045300e-02,    2.045300e-02,    1.761100e-02,    1.761100e-02,    1.761100e-02,    1.761100e-02,    2.424600e-02,    2.424600e-02,
         3,    6.309500e+02,    4.955603e-03,    9.573039e-03,    3.763281e-01,   -4.133147e-01,   -3.424522e-01,    4.088789e-01,   -1.200961e-02,    2.510389e-03,    1.508896e+00,   -2.199058e+00,   -3.361000e+00,    3.528235e+00,    2.518015e+00,   -2.791207e+00,   -2.277098e+00,    9.157216e-02,    4.301600e-02,   -4.589600e-02,    3.008300e-01,   -3.340600e-01,   -2.858900e-01,    3.461800e-01,   -7.458200e-02,    5.026700e-03,    2.522400e-02,    2.522400e-02,    2.246300e-02,    2.246300e-02,    2.246300e-02,    2.246300e-02,    2.747900e-02,    2.747900e-02,
         3,    1.000000e+03,    1.277135e-03,    1.018903e-02,    4.716072e-01,   -5.364886e-01,   -4.364135e-01,    5.286058e-01,   -1.295967e-02,    4.842224e-03,    1.744770e+00,   -1.628304e+00,   -3.610354e+00,    3.346005e+00,    1.780763e+00,   -2.724286e+00,   -1.875513e+00,   -1.089411e-01,    5.053200e-02,   -3.577800e-02,    3.666000e-01,   -4.391700e-01,   -3.846200e-01,    4.493700e-01,   -7.035600e-02,    1.508300e-03,    2.823000e-02,    2.823000e-02,    2.908500e-02,    2.908500e-02,    2.908500e-02,    2.908500e-02,    3.060300e-02,    3.060300e-02,
         4,    3.981000e+02,   -6.170977e-03,   -8.860958e-03,    3.885474e-01,   -5.559021e-01,   -4.262936e-01,    5.583004e-01,    2.038187e-02,   -1.952989e-02,   -8.941836e-01,    2.416681e+00,   -2.353116e+00,    1.797688e+00,    3.314088e-01,    4.218643e-01,    1.483800e+00,   -1.591318e+00,   -3.454700e-02,    6.783000e-02,    3.126900e-01,   -4.979500e-01,   -4.156100e-01,    5.719000e-01,    8.663800e-02,   -9.058700e-02,    3.173400e-02,    3.173400e-02,    3.223700e-02,    3.223700e-02,    3.223700e-02,    3.223700e-02,    4.465300e-02,    4.465300e-02,
         4,    6.309500e+02,   -7.385708e-03,   -1.770035e-02,    5.267398e-01,   -7.297464e-01,   -5.713919e-01,    7.177050e-01,    3.181077e-02,   -1.337064e-02,   -1.220791e+00,    2.430329e+00,   -2.804232e+00,    1.503070e+00,    5.511249e-02,    2.138946e-02,    1.569685e+00,   -1.418736e+00,   -6.002500e-02,    8.709300e-02,    4.080900e-01,   -6.661500e-01,   -5.690600e-01,    7.186100e-01,    1.194400e-01,   -9.257300e-02,    4.311900e-02,    4.311900e-02,    4.231100e-02,    4.231100e-02,    4.231100e-02,    4.231100e-02,    5.582600e-02,    5.582600e-02,
         4,    1.000000e+03,   -6.591215e-03,   -3.145593e-02,    7.060475e-01,   -9.486725e-01,   -7.518296e-01,    9.144806e-01,    4.265831e-02,    4.635146e-04,   -1.371198e+00,   -1.236229e+00,   -2.712493e+00,    1.340807e+00,    6.866163e-01,   -3.984770e-01,    1.541361e+00,   -1.231733e+00,   -8.173700e-02,   -9.920500e-02,    5.582600e-01,   -8.756200e-01,   -7.144200e-01,    8.927700e-01,    1.425000e-01,   -7.932200e-02,    5.480300e-02,    5.480300e-02,    5.448400e-02,    5.448400e-02,    5.448400e-02,    5.448400e-02,    6.477500e-02,    6.477500e-02,
         5,    3.981000e+02,    2.254208e-02,    1.175800e-03,    2.929240e-01,   -3.074473e-01,   -2.848192e-01,    3.077084e-01,   -2.145154e-02,    1.688016e-03,   -9.656711e-01,    1.860224e+00,   -2.769780e+00,    2.949776e+00,    5.334158e+00,   -6.706034e+00,    1.290748e+00,   -6.643482e-01,    7.033400e-03,    3.105100e-02,    2.487100e-01,   -2.603600e-01,   -1.996700e-01,    2.006600e-01,   -1.053000e-02,   -3.933300e-03,    1.606000e-02,    1.606000e-02,    1.596300e-02,    1.596300e-02,    1.596300e-02,    1.596300e-02,    8.461400e-03,    8.461400e-03,
         5,    6.309500e+02,    2.036397e-02,    2.281846e-03,    3.645237e-01,   -3.957877e-01,   -3.567263e-01,    3.952662e-01,   -1.988621e-02,    1.313438e-03,   -1.268846e+00,    1.844271e+00,   -2.059718e+00,    3.312686e+00,    5.012384e+00,   -7.125630e+00,    1.390087e+00,   -1.107510e+00,   -5.601700e-03,    4.002300e-02,    3.227300e-01,   -3.285700e-01,   -2.550200e-01,    2.506800e-01,   -6.583500e-03,   -9.285100e-03,    2.046400e-02,    2.046400e-02,    2.029100e-02,    2.029100e-02,    2.029100e-02,    2.029100e-02,    9.569700e-03,    9.569700e-03,
         5,    1.000000e+03,    1.674908e-02,    1.421613e-03,    4.571801e-01,   -5.130600e-01,   -4.474273e-01,    5.117915e-01,   -1.801911e-02,    3.109885e-03,   -1.002511e+00,    1.655658e+00,   -2.186972e+00,    4.188789e+00,    5.057061e+00,   -7.899334e+00,    1.701923e+00,   -1.563703e+00,   -5.679100e-03,    3.846200e-02,    4.019000e-01,   -4.071800e-01,   -3.196000e-01,    3.121200e-01,    6.143100e-03,   -1.909000e-02,    2.237200e-02,    2.237200e-02,    2.527700e-02,    2.527700e-02,    2.527700e-02,    2.527700e-02,    1.419700e-02,    1.419700e-02,
         6,    3.981000e+02,    2.365765e-01,    9.052948e-02,    7.597780e-01,   -7.094224e-01,   -1.091096e+00,    7.507160e-01,   -3.054936e-01,   -1.085127e-01,   -9.987999e-01,   -8.256120e-01,   -9.864411e+00,    1.026385e+01,    1.896825e+01,   -1.474551e+01,    3.381913e+00,    2.759701e+00,    1.853700e-01,    4.820200e-02,    4.613500e-01,   -3.989100e-01,   -5.172500e-01,    3.046200e-01,   -1.518600e-01,    1.685500e-02,    5.126800e-02,    5.126800e-02,    3.025300e-02,    3.025300e-02,    3.025300e-02,    3.025300e-02,    4.542800e-02,    4.542800e-02,
         6,    6.309500e+02,    2.051230e-01,    9.787602e-02,    9.179539e-01,   -9.331210e-01,   -1.262016e+00,    9.718777e-01,   -2.645108e-01,   -1.212548e-01,    1.345538e-01,   -4.357762e-01,   -1.092047e+01,    1.101772e+01,    1.962330e+01,   -1.537096e+01,    1.618171e+00,    2.187991e+00,    2.134100e-01,    7.103700e-02,    5.241400e-01,   -5.358000e-01,   -5.543600e-01,    4.175700e-01,   -1.789500e-01,   -5.564800e-03,    6.158900e-02,    6.158900e-02,    3.606200e-02,    3.606200e-02,    3.606200e-02,    3.606200e-02,    5.287500e-02,    5.287500e-02,
         6,    1.000000e+03,    1.739434e-01,    1.033733e-01,    1.132956e+00,   -1.234470e+00,   -1.479815e+00,    1.272322e+00,   -2.263557e-01,   -1.306607e-01,    6.153497e-01,   -1.006662e-01,   -1.208388e+01,    1.174091e+01,    2.004684e+01,   -1.626818e+01,    1.545066e-01,    1.392233e+00,    2.175600e-01,    9.623800e-02,    6.028600e-01,   -7.194200e-01,   -6.004000e-01,    5.586700e-01,   -2.165000e-01,   -4.185300e-02,    7.088100e-02,    7.088100e-02,    4.386800e-02,    4.386800e-02,    4.386800e-02,    4.386800e-02,    6.378800e-02,    6.378800e-02,
         7,    3.981000e+02,    1.240682e-03,    3.643868e-03,    1.854463e-01,   -2.128228e-01,   -1.911820e-01,    2.186163e-01,   -3.404569e-03,    1.059313e-03,   -6.630439e-01,    1.191459e+00,    2.303743e+00,   -3.091946e+00,   -3.217329e+00,    3.793660e+00,   -2.101748e+00,    1.950698e+00,   -7.102400e-03,    1.863600e-02,    2.277200e-01,   -2.695600e-01,   -2.502200e-01,    2.882300e-01,   -5.743000e-02,    5.120200e-02,    1.258300e-02,    1.258300e-02,    1.835000e-02,    1.835000e-02,    1.835000e-02,    1.835000e-02,    2.570500e-02,    2.570500e-02,
         7,    6.309500e+02,   -9.377859e-04,    5.026531e-03,    2.330290e-01,   -2.808046e-01,   -2.401348e-01,    2.876544e-01,   -1.594210e-03,    1.669615e-03,   -3.247635e-01,    1.442588e+00,    2.350273e+00,   -3.132887e+00,   -3.266800e+00,    3.608179e+00,   -2.239918e+00,    1.734376e+00,   -6.823800e-03,    3.117200e-02,    2.886600e-01,   -3.549600e-01,   -3.174600e-01,    3.730600e-01,   -7.329400e-02,    5.718700e-02,    1.812400e-02,    1.812400e-02,    2.367000e-02,    2.367000e-02,    2.367000e-02,    2.367000e-02,    3.201000e-02,    3.201000e-02,
         7,    1.000000e+03,   -3.072220e-03,    5.488472e-03,    2.933617e-01,   -3.708538e-01,   -3.024610e-01,    3.791101e-01,   -3.780515e-05,    3.947000e-03,   -2.891814e-01,    1.689234e+00,    2.687286e+00,   -2.602363e+00,   -3.592073e+00,    2.763207e+00,   -2.326423e+00,    1.487776e+00,   -1.047700e-02,    4.874300e-02,    3.741200e-01,   -4.490600e-01,   -4.104100e-01,    4.621500e-01,   -9.120100e-02,    6.224700e-02,    2.560600e-02,    2.560600e-02,    3.005200e-02,    3.005200e-02,    3.005200e-02,    3.005200e-02,    3.918600e-02,    3.918600e-02,
         8,    3.981000e+02,    8.059231e-02,   -5.935396e-02,    6.217414e-01,   -8.005801e-01,   -1.127711e+00,    7.916883e-01,    1.637625e-02,    6.830596e-02,   -7.124723e+00,    3.676497e+00,    1.304800e+00,   -1.270580e+00,    8.709331e+00,   -5.955877e+00,    1.136201e+00,   -3.141586e+00,   -1.241400e+00,    6.228200e-01,    6.853700e-01,   -8.625400e-01,   -7.030000e-01,    5.012500e-01,    6.367400e-02,   -6.247200e-02,    1.855500e-01,    1.855500e-01,    4.876500e-02,    4.876500e-02,    4.876500e-02,    4.876500e-02,    4.162800e-02,    4.162800e-02,
         8,    6.309500e+02,    1.066944e-01,   -6.070340e-02,    8.438527e-01,   -1.009214e+00,   -1.336446e+00,    9.854919e-01,   -2.135235e-02,    1.022286e-01,   -6.757855e+00,    3.206681e+00,    1.864748e+00,   -1.257171e+00,    7.989387e+00,   -6.080615e+00,    1.835433e+00,   -3.640471e+00,   -1.422000e+00,    6.646800e-01,    9.584900e-01,   -1.086500e+00,   -8.452900e-01,    6.116800e-01,    7.002100e-02,   -7.900500e-02,    2.262100e-01,    2.262100e-01,    6.147600e-02,    6.147600e-02,    6.147600e-02,    6.147600e-02,    4.978300e-02,    4.978300e-02,
         8,    1.000000e+03,    1.369287e-01,   -5.329189e-02,    1.112503e+00,   -1.254252e+00,   -1.580267e+00,    1.223744e+00,   -7.295609e-02,    1.201856e-01,   -6.440177e+00,    2.709911e+00,    2.895743e+00,    1.069089e-01,    6.999001e+00,   -6.515018e+00,    2.533197e+00,   -3.650357e+00,   -1.563600e+00,    6.622600e-01,    1.333300e+00,   -1.246100e+00,   -1.046600e+00,    7.269800e-01,    7.176800e-02,   -8.836300e-02,    2.640500e-01,    2.640500e-01,    7.624900e-02,    7.624900e-02,    7.624900e-02,    7.624900e-02,    5.713100e-02,    5.713100e-02,
         9,    3.981000e+02,   -7.878553e-03,    3.807638e-03,    1.713285e-01,   -2.019691e-01,   -1.607212e-01,    2.032553e-01,    5.299920e-03,   -7.734746e-03,    6.571401e-01,    8.013708e-01,    1.371149e+00,   -1.540870e+00,   -1.855821e+00,    1.529586e+00,   -1.497517e+00,    2.339863e+00,   -2.297200e-03,    1.061400e-02,    1.915200e-01,   -2.246600e-01,   -1.880500e-01,    2.257800e-01,   -1.353700e-03,    2.661500e-03,    8.493400e-03,    8.493400e-03,    1.472600e-02,    1.472600e-02,    1.472600e-02,    1.472600e-02,    4.443100e-03,    4.443100e-03,
         9,    6.309500e+02,   -8.646317e-03,    4.331935e-03,    2.190342e-01,   -2.586217e-01,   -2.060068e-01,    2.658835e-01,    5.805176e-03,   -1.148828e-02,   -3.980791e-01,    2.515976e-02,    1.175101e+00,   -2.011819e+00,   -1.893012e+00,    1.207803e+00,   -1.557180e+00,    1.997655e+00,   -1.298100e-02,    4.605900e-03,    2.413400e-01,   -2.968100e-01,   -2.419400e-01,    2.888100e-01,   -5.362300e-03,    2.838100e-03,    1.088900e-02,    1.088900e-02,    1.898200e-02,    1.898200e-02,    1.898200e-02,    1.898200e-02,    7.171600e-03,    7.171600e-03,
         9,    1.000000e+03,   -9.605963e-03,    5.412403e-03,    2.773548e-01,   -3.336482e-01,   -2.634423e-01,    3.502526e-01,    6.456205e-03,   -1.753806e-02,   -8.448888e-01,   -4.328818e-01,    1.732883e+00,   -1.785002e+00,   -2.182072e+00,    6.984318e-01,   -1.544141e+00,    2.260799e+00,   -2.319600e-02,   -1.550500e-03,    3.198000e-01,   -3.773700e-01,   -3.168900e-01,    3.673600e-01,   -5.301500e-03,   -3.234300e-04,    1.608500e-02,    1.608500e-02,    2.449400e-02,    2.449400e-02,    2.449400e-02,    2.449400e-02,    7.614400e-03,    7.614400e-03,
        11,    3.981000e+02,   -2.528679e-03,   -1.437185e-03,    2.791471e-01,   -2.964109e-01,   -2.677101e-01,    2.887200e-01,    6.164078e-04,    1.954216e-04,   -7.829683e-01,    1.193268e+00,   -2.113247e+00,    3.488692e+00,    1.029545e+00,   -2.225562e+00,    8.522688e-01,   -2.983102e-01,   -1.127600e-02,    1.189400e-02,    2.425900e-01,   -2.360600e-01,   -2.499000e-01,    2.502200e-01,    7.202400e-03,   -2.109800e-03,    1.117200e-02,    1.117200e-02,    1.729900e-02,    1.729900e-02,    1.729900e-02,    1.729900e-02,    7.727600e-03,    7.727600e-03,
        11,    6.309500e+02,   -2.511472e-03,    8.266261e-04,    3.446591e-01,   -3.815100e-01,   -3.348584e-01,    3.708269e-01,    7.465518e-04,   -2.221539e-03,   -1.046466e+00,    1.004139e+00,   -2.050717e+00,    3.865819e+00,    1.068918e+00,   -2.872312e+00,    8.358187e-01,   -1.080997e-02,   -1.853600e-02,    1.620300e-02,    3.004600e-01,   -2.981900e-01,   -3.118200e-01,    3.089200e-01,    8.576000e-03,   -2.322800e-03,    1.531300e-02,    1.531300e-02,    2.155300e-02,    2.155300e-02,    2.155300e-02,    2.155300e-02,    9.367400e-03,    9.367400e-03,
        11,    1.000000e+03,   -3.867913e-03,    2.714539e-03,    4.254420e-01,   -4.983994e-01,   -4.178492e-01,    4.801763e-01,    1.856833e-03,   -4.171297e-03,   -1.076681e+00,    7.577056e-01,   -1.566488e+00,    4.859555e+00,    5.100684e-01,   -3.647956e+00,    8.430053e-01,    3.523928e-01,   -2.401800e-02,    1.689500e-02,    3.829400e-01,   -3.665500e-01,   -4.040100e-01,    3.812000e-01,    1.231600e-02,    2.008400e-04,    1.871500e-02,    1.871500e-02,    2.713200e-02,    2.713200e-02,    2.713200e-02,    2.713200e-02,    1.240700e-02,    1.240700e-02,
        12,    3.981000e+02,   -9.344308e-03,   -1.013312e-03,    3.045561e-01,   -3.846567e-01,   -3.003598e-01,    3.817548e-01,    1.193850e-02,   -9.138413e-03,   -1.475561e+00,    1.767118e+00,   -8.095413e+00,    9.328380e+00,    5.880699e+00,   -7.610033e+00,    2.474399e+00,   -2.976247e+00,   -3.529500e-02,    3.006500e-02,    1.771100e-01,   -2.378000e-01,   -2.077800e-01,    2.619500e-01,    9.240100e-02,   -1.059200e-01,    1.758700e-02,    1.758700e-02,    1.574300e-02,    1.574300e-02,    1.574300e-02,    1.574300e-02,    3.251800e-02,    3.251800e-02,
        12,    6.309500e+02,   -9.306905e-03,   -3.139471e-03,    3.987051e-01,   -4.971255e-01,   -3.912041e-01,    4.958395e-01,    1.287312e-02,   -9.877193e-03,   -1.655133e+00,    1.417179e+00,   -6.964637e+00,    8.462128e+00,    5.191458e+00,   -7.376214e+00,    2.780823e+00,   -2.890650e+00,   -4.607900e-02,    2.834600e-02,    2.514100e-01,   -3.181600e-01,   -2.814100e-01,    3.398400e-01,    1.338000e-01,   -1.355800e-01,    2.221700e-02,    2.221700e-02,    2.114900e-02,    2.114900e-02,    2.114900e-02,    2.114900e-02,    4.348600e-02,    4.348600e-02,
        12,    1.000000e+03,   -1.003495e-02,   -5.397474e-03,    5.169085e-01,   -6.415117e-01,   -5.049898e-01,    6.441203e-01,    1.418515e-02,   -1.295460e-02,   -1.833989e+00,    4.163016e-01,   -5.983621e+00,    8.597559e+00,    4.305451e+00,   -8.321435e+00,    3.094255e+00,   -2.625203e+00,   -5.914000e-02,    5.749000e-03,    3.519700e-01,   -4.045200e-01,   -3.863100e-01,    4.147400e-01,    1.878100e-01,   -1.602600e-01,    2.677500e-02,    2.677500e-02,    2.756500e-02,    2.756500e-02,    2.756500e-02,    2.756500e-02,    5.611200e-02,    5.611200e-02,
        13,    3.981000e+02,   -2.843049e-03,    2.473905e-03,    1.455414e-01,   -1.733441e-01,   -1.520255e-01,    1.791353e-01,    1.615512e-03,    3.359171e-03,    1.264365e+00,   -1.486919e+00,    2.968770e+00,   -3.014835e+00,   -2.686164e+00,    2.884288e+00,   -9.694577e-01,    8.955970e-01,    1.016600e-02,   -1.282500e-02,    1.885500e-01,   -2.170200e-01,   -1.909400e-01,    2.209200e-01,   -7.801800e-03,    1.205900e-02,    1.028900e-02,    1.028900e-02,    1.448700e-02,    1.448700e-02,    1.448700e-02,    1.448700e-02,    9.714000e-03,    9.714000e-03,
        13,    6.309500e+02,   -2.622489e-03,    4.527133e-03,    1.842908e-01,   -2.240385e-01,   -1.928484e-01,    2.302655e-01,    1.352793e-03,    4.215154e-03,    1.202501e+00,   -1.636231e+00,    3.129468e+00,   -2.514300e+00,   -2.805821e+00,    2.548921e+00,   -6.516319e-01,    9.662403e-01,    1.347900e-02,   -1.738200e-02,    2.415100e-01,   -2.700100e-01,   -2.441500e-01,    2.768700e-01,   -6.371000e-03,    1.566800e-02,    1.339000e-02,    1.339000e-02,    1.828400e-02,    1.828400e-02,    1.828400e-02,    1.828400e-02,    1.185300e-02,    1.185300e-02,
        13,    1.000000e+03,   -2.369463e-03,    7.811832e-03,    2.313003e-01,   -2.927924e-01,   -2.428931e-01,    2.997854e-01,    1.186771e-03,    5.900850e-03,    1.085958e+00,   -1.818050e+00,    3.156106e+00,   -2.169647e+00,   -3.726523e+00,    1.880621e+00,   -3.956918e-01,    1.058063e+00,    1.627100e-02,   -2.339500e-02,    3.051500e-01,   -3.435600e-01,   -3.300900e-01,    3.437900e-01,   -5.043000e-03,    2.255900e-02,    1.716500e-02,    1.716500e-02,    2.339900e-02,    2.339900e-02,    2.339900e-02,    2.339900e-02,    1.574400e-02,    1.574400e-02,
        14,    3.981000e+02,   -1.602094e-02,    1.226620e-02,    2.821030e-01,   -3.717514e-01,   -4.710902e-01,    3.911242e-01,   -4.795830e-04,    3.022125e-03,    3.732102e+00,   -2.642906e+00,    7.368791e+00,   -1.147092e+01,   -3.776395e+00,    2.833852e+00,   -2.037614e+00,    4.077606e+00,    4.013400e-01,   -2.832900e-01,    6.418400e-01,   -9.317500e-01,   -6.554500e-01,    5.294700e-01,   -1.778600e-01,    3.579900e-01,    1.118300e-01,    1.118300e-01,    4.881900e-02,    4.881900e-02,    4.881900e-02,    4.881900e-02,    8.705300e-02,    8.705300e-02,
        14,    6.309500e+02,   -2.110536e-02,    1.363505e-02,    3.654033e-01,   -4.874286e-01,   -5.561666e-01,    5.094672e-01,   -3.303488e-03,    2.363386e-03,    3.465714e+00,   -2.630492e+00,    7.397098e+00,   -1.136788e+01,   -3.306314e+00,    3.158322e+00,   -2.223928e+00,    4.206584e+00,    4.443400e-01,   -3.396400e-01,    8.152800e-01,   -1.178800e+00,   -7.572500e-01,    7.015500e-01,   -2.507600e-01,    4.704300e-01,    1.343000e-01,    1.343000e-01,    6.081800e-02,    6.081800e-02,    6.081800e-02,    6.081800e-02,    1.112700e-01,    1.112700e-01,
        14,    1.000000e+03,   -2.789017e-02,    1.330731e-02,    4.769499e-01,   -6.430755e-01,   -6.696003e-01,    6.715726e-01,   -6.498089e-03,    2.360942e-04,    3.222892e+00,   -2.467940e+00,    7.221162e+00,   -1.122233e+01,   -2.907441e+00,    3.660840e+00,   -2.415728e+00,    4.171542e+00,    4.865800e-01,   -3.806500e-01,    1.036200e+00,   -1.512200e+00,   -8.947700e-01,    9.550900e-01,   -3.511500e-01,    5.953900e-01,    1.596300e-01,    1.596300e-01,    7.744600e-02,    7.744600e-02,    7.744600e-02,    7.744600e-02,    1.426700e-01,    1.426700e-01,
        15,    3.981000e+02,   -8.536499e-03,   -1.237803e-02,    1.978951e-01,   -2.089055e-01,   -1.671897e-01,    2.235539e-01,    6.463973e-03,   -2.829321e-03,    1.511184e+00,   -6.002590e-01,    2.241025e+00,   -2.868735e+00,   -2.209718e+00,    3.074621e+00,   -1.877476e+00,    8.427434e-01,    1.227100e-02,   -2.064300e-02,    2.368800e-01,   -2.588100e-01,   -2.056300e-01,    2.770400e-01,   -1.417700e-02,    6.435800e-03,    1.376900e-02,    1.376900e-02,    1.739600e-02,    1.739600e-02,    1.739600e-02,    1.739600e-02,    1.099400e-02,    1.099400e-02,
        15,    6.309500e+02,   -6.775845e-03,   -9.545060e-03,    2.428900e-01,   -2.668647e-01,   -2.215401e-01,    2.830210e-01,    6.078028e-03,   -6.131486e-03,    1.555511e+00,    3.620482e-01,    3.032766e+00,   -2.840161e+00,   -2.795283e+00,    2.504642e+00,   -1.856480e+00,    6.142193e-01,    1.014500e-02,   -5.606700e-03,    3.108300e-01,   -3.304900e-01,   -2.841600e-01,    3.391300e-01,   -2.065900e-02,    2.714500e-03,    1.087800e-02,    1.087800e-02,    2.240200e-02,    2.240200e-02,    2.240200e-02,    2.240200e-02,    1.440200e-02,    1.440200e-02,
        15,    1.000000e+03,   -8.528685e-03,   -9.473078e-03,    2.982340e-01,   -3.488617e-01,   -2.829842e-01,    3.628396e-01,    7.727116e-03,   -1.032229e-02,    1.040057e+00,    1.674571e+00,    3.664454e+00,   -2.267375e+00,   -3.347889e+00,    1.643505e+00,   -1.783283e+00,    3.970852e-01,    2.560400e-03,    8.381200e-03,    4.020700e-01,   -4.131100e-01,   -3.778500e-01,    4.094100e-01,   -2.225700e-02,   -3.645700e-03,    1.066200e-02,    1.066200e-02,    2.833600e-02,    2.833600e-02,    2.833600e-02,    2.833600e-02,    1.681400e-02,    1.681400e-02,
        16,    3.981000e+02,    9.086618e-03,   -7.710780e-03,    2.087208e-01,   -2.301398e-01,   -2.302303e-01,    2.427496e-01,   -7.625894e-03,    8.305236e-03,    1.043074e+00,   -5.944763e-01,   -1.137583e+00,    2.585713e-01,   -2.507545e+00,    1.795291e+00,   -7.986610e-01,    7.570626e-01,    2.335900e-02,   -1.584500e-02,    1.895400e-01,   -2.257800e-01,   -2.725100e-01,    2.730200e-01,   -2.020800e-02,    2.023200e-02,    1.368300e-02,    1.368300e-02,    1.686100e-02,    1.686100e-02,    1.686100e-02,    1.686100e-02,    1.575400e-02,    1.575400e-02,
        16,    6.309500e+02,    1.070411e-02,   -8.777587e-03,    2.629829e-01,   -2.960954e-01,   -2.896276e-01,    3.084781e-01,   -9.950670e-03,    9.725677e-03,    1.821084e+00,   -4.462689e-01,   -1.181486e+00,    1.074168e+00,   -2.308366e+00,    1.213236e+00,   -1.296770e+00,    4.878612e-01,    4.793800e-02,   -1.790200e-02,    2.384600e-01,   -2.738000e-01,   -3.375400e-01,    3.336600e-01,   -3.763800e-02,    2.014200e-02,    2.044600e-02,    2.044600e-02,    2.075600e-02,    2.075600e-02,    2.075600e-02,    2.075600e-02,    2.135100e-02,    2.135100e-02,
        17,    3.981000e+02,    1.239652e-02,   -5.964873e-04,    2.835862e-01,   -4.029090e-01,   -2.987286e-01,    4.289512e-01,   -1.146750e-02,   -3.244337e-03,   -1.744529e+00,    2.022344e+00,   -5.230519e+00,    4.753682e+00,    4.390837e+00,   -6.171884e+00,    4.381751e-01,   -9.682659e-01,   -2.004300e-02,    3.700900e-02,    1.859900e-01,   -3.142100e-01,   -2.168000e-01,    3.137900e-01,   -6.354000e-03,   -1.454400e-02,    1.859500e-02,    1.859500e-02,    1.865900e-02,    1.865900e-02,    1.865900e-02,    1.865900e-02,    1.167000e-02,    1.167000e-02,
        17,    6.309500e+02,    1.193526e-02,    1.531571e-03,    3.844491e-01,   -5.263005e-01,   -4.063843e-01,    5.582229e-01,   -9.591864e-03,   -6.114828e-03,   -1.632476e+00,    1.711949e+00,   -5.071562e+00,    4.212429e+00,    4.222924e+00,   -5.654052e+00,    9.694904e-01,   -5.963569e-01,   -2.609000e-02,    4.140800e-02,    2.569500e-01,   -4.204000e-01,   -3.002200e-01,    4.160800e-01,    2.710000e-03,   -1.368200e-02,    2.329300e-02,    2.329300e-02,    2.514000e-02,    2.514000e-02,    2.514000e-02,    2.514000e-02,    1.268900e-02,    1.268900e-02,
        17,    1.000000e+03,    1.061420e-02,    3.494174e-03,    5.135267e-01,   -6.812828e-01,   -5.444573e-01,    7.207409e-01,   -6.478479e-03,   -8.392984e-03,   -1.547878e+00,    1.249797e+00,   -4.010265e+00,    2.970589e+00,    3.793334e+00,   -4.407161e+00,    1.245471e+00,   -1.719503e-01,   -3.264900e-02,    3.842600e-02,    3.741500e-01,   -5.780400e-01,   -4.126200e-01,    5.675700e-01,    1.497600e-02,   -1.135500e-02,    2.795000e-02,    2.795000e-02,    3.475500e-02,    3.475500e-02,    3.475500e-02,    3.475500e-02,    1.722600e-02,    1.722600e-02,
        18,    3.981000e+02,    4.532858e-02,    6.316655e-02,    5.105295e-01,   -6.418410e-01,   -1.223844e+00,    5.977509e-01,   -2.533796e-01,   -1.078061e-01,    5.133290e+00,   -2.460471e+00,    2.174807e+00,    2.165084e-01,   -1.717348e+01,    7.856637e+00,   -2.351914e+00,    5.312270e-01,    6.723600e-01,   -2.373800e-01,    6.896400e-01,   -6.240100e-01,   -2.638200e+00,    1.244800e+00,   -7.884400e-01,    1.304800e-02,    1.221500e-01,    1.221500e-01,    8.235700e-02,    8.235700e-02,    8.235700e-02,    8.235700e-02,    2.275000e-01,    2.275000e-01,
        18,    6.309500e+02,    2.606334e-02,    7.072170e-02,    6.629507e-01,   -8.273726e-01,   -1.360421e+00,    7.249585e-01,   -2.082696e-01,   -1.376041e-01,    5.010722e+00,   -2.491757e+00,    1.286662e+00,    2.703710e-01,   -1.619844e+01,    7.750986e+00,   -2.378362e+00,    4.871718e-01,    7.301700e-01,   -2.794200e-01,    7.859800e-01,   -8.015200e-01,   -2.909300e+00,    1.466100e+00,   -7.753900e-01,   -2.143800e-02,    1.405200e-01,    1.405200e-01,    9.561900e-02,    9.561900e-02,    9.561900e-02,    9.561900e-02,    2.384500e-01,    2.384500e-01,
        18,    1.000000e+03,    1.052969e-02,    8.090476e-02,    8.559169e-01,   -1.075383e+00,   -1.518379e+00,    9.081268e-01,   -1.504096e-01,   -1.532304e-01,    5.003279e+00,   -2.475243e+00,    3.422922e-01,    3.318750e-01,   -1.515686e+01,    7.835795e+00,   -2.460465e+00,    4.619492e-01,    8.502800e-01,   -3.345400e-01,    8.943700e-01,   -1.038100e+00,   -3.221100e+00,    1.788400e+00,   -7.739900e-01,   -3.615400e-02,    1.678400e-01,    1.678400e-01,    1.123400e-01,    1.123400e-01,    1.123400e-01,    1.123400e-01,    2.534400e-01,    2.534400e-01,
        19,    3.981000e+02,   -1.125530e-02,    1.411288e-02,    3.041061e-01,   -3.583256e-01,   -3.434276e-01,    3.753051e-01,    1.216495e-02,   -2.026599e-02,    1.660190e+00,   -3.198216e+00,   -4.769122e+00,    7.111644e+00,    4.692516e+00,   -7.012845e+00,    1.805109e+00,   -1.946023e+00,   -1.873900e-03,   -3.959600e-03,    2.220200e-01,   -2.359200e-01,   -2.626600e-01,    2.546000e-01,    6.369900e-02,   -7.582300e-02,    5.650800e-03,    5.650800e-03,    1.721200e-02,    1.721200e-02,    1.721200e-02,    1.721200e-02,    2.854900e-02,    2.854900e-02,
        19,    6.309500e+02,   -1.914409e-02,    1.433888e-02,    3.935747e-01,   -4.689428e-01,   -4.381939e-01,    4.749212e-01,    2.135346e-02,   -2.358889e-02,   -1.301969e-01,   -9.838371e-01,   -2.408020e+00,    5.225980e+00,    3.696164e-01,   -5.810175e+00,    2.612812e+00,   -1.841153e+00,   -2.109600e-02,   -4.108100e-04,    3.327000e-01,   -3.368300e-01,   -4.288500e-01,    3.280400e-01,    1.439100e-01,   -1.099500e-01,    1.499200e-02,    1.499200e-02,    2.528000e-02,    2.528000e-02,    2.528000e-02,    2.528000e-02,    4.690600e-02,    4.690600e-02,
        19,    1.000000e+03,   -2.788401e-02,    1.055011e-02,    5.094904e-01,   -6.061076e-01,   -5.534087e-01,    6.024044e-01,    3.161936e-02,   -2.345788e-02,    1.053900e-01,    1.542876e-01,   -1.299927e+00,    3.833502e+00,   -1.138392e+00,   -4.763517e+00,    2.347824e+00,   -2.107734e+00,   -2.568800e-02,    1.376500e-02,    4.641100e-01,   -4.722800e-01,   -5.931500e-01,    4.361100e-01,    1.786800e-01,   -1.554800e-01,    2.083700e-02,    2.083700e-02,    3.491000e-02,    3.491000e-02,    3.491000e-02,    3.491000e-02,    6.263700e-02,    6.263700e-02,
        20,    6.309500e+02,   -2.081522e-03,    2.512885e-02,    3.021639e-01,   -3.505951e-01,   -3.158607e-01,    3.368486e-01,   -1.737538e-03,   -4.009254e-03,   -3.095614e-01,    3.228303e+00,    6.207460e-01,   -2.026535e-01,   -4.437312e+00,    1.060377e+00,    2.968736e+00,   -1.615145e+00,   -1.798400e-02,    1.909700e-01,    4.605100e-01,   -4.022900e-01,   -5.582000e-01,    3.947600e-01,    1.529900e-01,   -8.818900e-02,    5.137100e-02,    5.137100e-02,    2.550900e-01,    2.550900e-01,    5.461400e-02,    5.461400e-02,    5.211900e-02,    5.211900e-02,
        21,    3.981000e+02,   -1.735401e-03,   -1.674695e-03,    2.143532e-01,   -2.304290e-01,   -2.144782e-01,    2.317281e-01,   -1.640882e-03,   -4.396290e-03,   -4.656829e-01,    4.060985e-01,    5.581976e-01,   -2.159850e-01,   -4.680151e-01,    1.102166e-01,   -4.515239e-01,    1.105653e-01,   -4.465700e-03,    7.062600e-04,    2.382100e-01,   -2.396600e-01,   -2.302400e-01,    2.354400e-01,   -4.626900e-03,   -3.665100e-03,    5.863000e-03,    5.863000e-03,    4.273900e-02,    4.273900e-02,    3.367800e-02,    3.367800e-02,    6.613200e-03,    6.613200e-03,
        21,    6.309500e+02,   -3.458373e-03,   -3.392440e-03,    2.656134e-01,   -3.025368e-01,   -2.653138e-01,    3.053690e-01,   -8.491264e-04,   -7.683574e-03,   -3.485782e-01,    3.908214e-01,    7.152537e-01,    1.709928e-02,   -4.739601e-01,   -9.019452e-02,   -4.692068e-02,   -4.883334e-02,   -6.144900e-03,   -3.803400e-04,    3.048000e-01,   -3.016000e-01,   -2.857500e-01,    3.014800e-01,   -1.260100e-03,   -8.111300e-03,    7.707100e-03,    7.707100e-03,    5.478700e-02,    5.478700e-02,    4.311800e-02,    4.311800e-02,    8.758900e-03,    8.758900e-03,
        21,    1.000000e+03,   -6.078569e-03,   -7.792116e-03,    3.330706e-01,   -3.986568e-01,   -3.320006e-01,    4.036279e-01,    7.748194e-04,   -1.137255e-02,   -4.362345e-01,    5.688936e-01,    1.037158e+00,    1.201319e-01,   -6.300661e-01,   -8.385504e-02,    2.521198e-01,   -4.413101e-01,   -1.131600e-02,   -9.619800e-04,    4.075500e-01,   -3.900300e-01,   -3.676000e-01,    3.988900e-01,    4.572500e-03,   -1.802000e-02,    1.200600e-02,    1.200600e-02,    7.181100e-02,    7.181100e-02,    5.650100e-02,    5.650100e-02,    1.506300e-02,    1.506300e-02,
        22,    3.981000e+02,    1.760541e-02,   -1.822910e-02,    2.693615e-01,   -3.947771e-01,   -2.947650e-01,    3.891299e-01,   -1.289110e-02,    5.140546e-03,   -1.585582e-01,    6.243270e-01,   -3.406154e+00,    3.842912e+00,    5.013741e+00,   -3.775954e+00,   -4.013705e-01,    1.197152e+00,    1.559600e-02,   -1.031700e-02,    2.049000e-01,   -3.220500e-01,   -1.998800e-01,    3.176700e-01,   -1.942300e-02,    2.462300e-02,    1.267300e-02,    1.267300e-02,    1.892500e-02,    1.892500e-02,    1.892500e-02,    1.892500e-02,    1.627400e-02,    1.627400e-02,
        22,    6.309500e+02,    2.183823e-02,   -2.247222e-02,    3.682825e-01,   -5.172508e-01,   -3.930703e-01,    4.996572e-01,   -1.431511e-02,    3.989220e-03,    5.622176e-01,    1.717764e-01,   -3.368871e+00,    3.253236e+00,    3.532890e+00,   -2.808166e+00,   -2.083235e-01,    1.242202e+00,    3.374600e-02,   -1.883400e-02,    2.808300e-01,   -4.328000e-01,   -3.013600e-01,    4.267600e-01,   -1.850200e-02,    2.895500e-02,    2.118000e-02,    2.118000e-02,    2.595900e-02,    2.595900e-02,    2.595900e-02,    2.595900e-02,    2.009800e-02,    2.009800e-02,
        22,    1.000000e+03,    2.704211e-02,   -2.820682e-02,    4.966466e-01,   -6.705002e-01,   -5.162685e-01,    6.387533e-01,   -1.509133e-02,    2.740489e-03,    4.687075e-01,   -1.799166e-01,   -2.801381e+00,    2.302193e+00,    2.087147e+00,   -2.845307e+00,   -6.779811e-01,    8.971686e-01,    4.064400e-02,   -3.342800e-02,    3.980100e-01,   -5.894400e-01,   -4.427800e-01,    5.385700e-01,   -3.232900e-02,    2.555100e-02,    2.902000e-02,    2.902000e-02,    3.521000e-02,    3.521000e-02,    3.521000e-02,    3.521000e-02,    2.542500e-02,    2.542500e-02,
        23,    3.981000e+02,   -6.930916e-03,   -4.927809e-03,    2.315868e-01,   -2.680577e-01,   -2.100906e-01,    2.633522e-01,    6.241272e-03,   -9.772626e-03,    2.104639e+00,    3.600049e-01,   -3.527985e+00,    3.368862e+00,    3.136079e+00,   -4.059495e+00,    7.591537e-01,    1.208643e+00,    1.073500e-02,   -1.906000e-03,    1.828300e-01,   -2.215000e-01,   -1.667500e-01,    2.072500e-01,    1.292600e-02,    8.700800e-04,    8.393800e-03,    8.393800e-03,    1.382000e-02,    1.382000e-02,    1.382000e-02,    1.382000e-02,    8.805500e-03,    8.805500e-03,
        23,    6.309500e+02,   -7.922900e-03,   -1.048321e-02,    2.978848e-01,   -3.440568e-01,   -2.747308e-01,    3.377877e-01,    6.900901e-03,   -1.390897e-02,    1.921421e+00,    9.431978e-01,   -1.969113e+00,    3.596001e+00,    2.350863e+00,   -4.080205e+00,    6.653743e-01,    1.470553e+00,    1.008600e-02,   -1.642900e-03,    2.618500e-01,   -2.782500e-01,   -2.317100e-01,    2.631200e-01,    1.388600e-02,    1.528900e-03,    9.372700e-03,    9.372700e-03,    1.830000e-02,    1.830000e-02,    1.830000e-02,    1.830000e-02,    1.049800e-02,    1.049800e-02,
        23,    1.000000e+03,   -8.142948e-03,   -1.898521e-02,    3.815880e-01,   -4.412880e-01,   -3.544159e-01,    4.337328e-01,    7.060145e-03,   -2.055170e-02,    1.661869e+00,    2.018108e+00,    1.497526e-01,    3.559629e+00,    8.154260e-01,   -3.655867e+00,    5.905806e-01,    1.562521e+00,    6.514400e-03,   -1.185900e-03,    3.853300e-01,   -3.523400e-01,   -3.340400e-01,    3.423800e-01,    1.443000e-02,   -1.053000e-03,    8.819800e-03,    8.819800e-03,    2.498800e-02,    2.498800e-02,    2.498800e-02,    2.498800e-02,    1.247900e-02,    1.247900e-02,
        24,    3.981000e+02,    1.398465e-02,   -4.491935e-03,    3.491152e-01,   -4.898509e-01,   -4.007101e-01,    4.997936e-01,   -1.445200e-02,    1.558873e-02,    5.143240e-01,   -2.327945e-01,   -1.000453e+01,    1.255791e+01,    1.296770e+01,   -1.382616e+01,    2.094648e-02,   -9.211380e-01,    2.060400e-02,   -7.488000e-03,    1.831200e-01,   -2.814900e-01,   -1.855500e-01,    2.703900e-01,   -1.422900e-02,    5.782300e-03,    1.287000e-02,    1.287000e-02,    1.659200e-02,    1.659200e-02,    1.659200e-02,    1.659200e-02,    1.064600e-02,    1.064600e-02,
        24,    6.309500e+02,    1.537779e-02,   -3.426771e-04,    4.733158e-01,   -6.438987e-01,   -5.256451e-01,    6.521961e-01,   -1.969695e-02,    1.563418e-02,    8.680589e-01,   -1.172593e-01,   -1.017580e+01,    1.139760e+01,    1.264799e+01,   -1.251071e+01,    3.086680e-01,   -8.447018e-01,    3.089000e-02,   -2.438100e-03,    2.443400e-01,   -3.874300e-01,   -2.410400e-01,    3.706800e-01,   -1.574600e-02,    4.822000e-03,    1.787000e-02,    1.787000e-02,    2.250200e-02,    2.250200e-02,    2.250200e-02,    2.250200e-02,    1.280000e-02,    1.280000e-02,
        24,    1.000000e+03,    1.419779e-02,    3.531386e-03,    6.346148e-01,   -8.348717e-01,   -6.887086e-01,    8.433238e-01,   -2.394270e-02,    1.535707e-02,    9.034216e-01,   -1.800452e-01,   -9.717872e+00,    1.011912e+01,    1.189057e+01,   -1.114595e+01,    2.351011e-01,   -7.624084e-01,    3.392400e-02,   -3.999000e-04,    3.375200e-01,   -5.255100e-01,   -3.251900e-01,    5.025700e-01,   -2.006000e-02,    2.765900e-03,    2.183500e-02,    2.183500e-02,    3.057200e-02,    3.057200e-02,    3.057200e-02,    3.057200e-02,    1.651500e-02,    1.651500e-02,
        25,    3.981000e+02,    6.210100e-02,    7.557495e-03,    2.793873e-01,   -2.844577e-01,   -2.671240e-01,    2.135025e-01,   -3.368079e-02,   -4.951813e-03,    2.229295e+00,   -4.091041e-01,    8.639631e+00,   -7.915169e+00,   -1.103417e+01,    6.825487e+00,   -2.888226e+00,    1.985608e+00,    2.144800e-01,   -2.040600e-02,    6.963100e-01,   -6.664200e-01,   -7.996000e-01,    5.428800e-01,   -2.733400e-01,    1.598100e-01,    6.835300e-02,    6.835300e-02,    4.825700e-02,    4.825700e-02,    4.825700e-02,    4.825700e-02,    8.297800e-02,    8.297800e-02,
        25,    6.309500e+02,    5.440004e-02,    5.770960e-03,    3.464797e-01,   -3.510656e-01,   -3.055928e-01,    2.842560e-01,   -2.562578e-02,   -4.270492e-04,    1.962747e+00,   -7.706506e-01,    8.924731e+00,   -7.880662e+00,   -9.818475e+00,    7.679740e+00,   -2.557916e+00,    2.429179e+00,    2.000300e-01,   -5.140900e-02,    8.653100e-01,   -8.092000e-01,   -8.763800e-01,    7.307100e-01,   -2.701600e-01,    2.318000e-01,    7.419700e-02,    7.419700e-02,    5.813400e-02,    5.813400e-02,    5.813400e-02,    5.813400e-02,    9.559900e-02,    9.559900e-02,
        26,    3.981000e+02,   -7.613512e-03,    1.114932e-03,    1.556824e-01,   -1.704392e-01,   -1.484709e-01,    1.780797e-01,    9.963201e-03,   -4.034809e-03,   -1.585132e+00,   -5.105186e-01,    4.386745e+00,   -5.510307e+00,   -8.393836e-01,    4.991706e+00,   -2.378938e-01,    1.155800e+00,   -3.344800e-02,   -7.205500e-03,    2.269100e-01,   -2.599100e-01,   -1.621000e-01,    2.591300e-01,    8.023700e-03,    5.388200e-03,    1.629800e-02,    1.629800e-02,    1.623700e-02,    1.623700e-02,    1.623700e-02,    1.623700e-02,    8.152800e-03,    8.152800e-03,
        26,    6.309500e+02,   -9.140697e-03,    1.143934e-03,    1.954199e-01,   -2.258062e-01,   -1.882657e-01,    2.312696e-01,    1.161046e-02,   -6.184175e-03,   -1.492667e+00,   -8.860121e-01,    4.594849e+00,   -6.149574e+00,   -2.064984e+00,    4.747656e+00,    6.338367e-01,    1.047875e+00,   -4.174800e-02,   -1.821100e-02,    2.955600e-01,   -3.598300e-01,   -2.332700e-01,    3.347400e-01,    2.073200e-02,    8.895800e-03,    2.184500e-02,    2.184500e-02,    2.179400e-02,    2.179400e-02,    2.179400e-02,    2.179400e-02,    1.439100e-02,    1.439100e-02,
        26,    1.000000e+03,   -1.179754e-02,   -2.145950e-04,    2.473302e-01,   -2.973858e-01,   -2.385522e-01,    3.034820e-01,    1.421018e-02,   -7.476365e-03,   -1.284509e+00,   -9.507112e-01,    4.844119e+00,   -5.754071e+00,   -2.996528e+00,    4.293369e+00,    4.842411e-01,    1.105563e+00,   -4.603100e-02,   -2.555200e-02,    3.843800e-01,   -4.601800e-01,   -3.233300e-01,    4.249500e-01,    2.271200e-02,    1.193400e-02,    2.665100e-02,    2.665100e-02,    2.829200e-02,    2.829200e-02,    2.829200e-02,    2.829200e-02,    1.755700e-02,    1.755700e-02,
        27,    3.981000e+02,    3.307572e-03,   -1.961998e-06,    2.531625e-01,   -3.030878e-01,   -2.256853e-01,    2.961319e-01,   -4.195614e-04,    3.897036e-04,   -8.887967e-01,    6.436125e-01,   -1.446380e+00,    8.543296e-01,   -6.074405e-02,   -3.423187e-01,    5.388053e-01,   -7.378218e-01,   -2.001300e-03,    3.842400e-03,    2.266200e-01,   -2.874100e-01,   -2.268000e-01,    2.898500e-01,    3.293400e-03,   -4.694700e-03,    5.973100e-03,    5.973100e-03,    1.835100e-02,    1.835100e-02,    1.835100e-02,    1.835100e-02,    6.891100e-03,    6.891100e-03,
        27,    6.309500e+02,    3.442968e-03,   -2.214204e-04,    3.253386e-01,   -3.868750e-01,   -2.957883e-01,    3.834915e-01,   -2.186652e-04,    1.359217e-03,   -1.183754e+00,    6.708173e-01,   -7.461400e-01,    1.226415e+00,   -2.777664e-01,   -1.176007e+00,    5.866705e-01,   -7.502792e-01,   -1.043300e-02,    7.641900e-03,    3.078200e-01,   -3.580800e-01,   -3.023100e-01,    3.558800e-01,    4.807400e-03,   -5.068500e-03,    1.172200e-02,    1.172200e-02,    2.347900e-02,    2.347900e-02,    2.347900e-02,    2.347900e-02,    8.567100e-03,    8.567100e-03,
        27,    1.000000e+03,    3.792008e-03,   -1.517201e-04,    4.122381e-01,   -4.973313e-01,   -3.824899e-01,    4.974998e-01,   -2.527765e-04,    2.394937e-03,   -1.259582e+00,    5.192348e-01,    3.391427e-01,    2.174001e+00,   -7.395993e-01,   -1.799005e+00,   -2.297983e-01,   -9.594711e-01,   -1.563200e-02,    7.855400e-03,    4.224500e-01,   -4.318700e-01,   -4.047600e-01,    4.433300e-01,   -2.652100e-03,   -7.622900e-03,    1.542100e-02,    1.542100e-02,    3.011100e-02,    3.011100e-02,    3.011100e-02,    3.011100e-02,    1.044100e-02,    1.044100e-02,
        28,    3.981000e+02,    3.742438e-03,    2.947361e-03,    1.135680e-01,   -1.487277e-01,   -1.224419e-01,    1.515445e-01,   -6.649374e-03,   -1.097551e-03,    3.384188e+00,   -3.031031e+00,    2.874002e+00,   -2.129983e+00,   -2.700882e+00,    1.286877e+00,   -2.801505e+00,    2.040999e+00,    1.266900e-01,   -1.071700e-01,    2.500400e-01,   -2.498700e-01,   -2.046000e-01,    1.906900e-01,   -7.146500e-02,    4.612300e-02,    3.633000e-02,    3.633000e-02,    4.748500e-02,    4.748500e-02,    3.041900e-02,    3.041900e-02,    2.313600e-02,    2.313600e-02,
        28,    6.309500e+02,    3.552134e-03,    5.233981e-03,    1.409704e-01,   -2.006573e-01,   -1.516554e-01,    2.009142e-01,   -7.307966e-03,   -2.923044e-03,    3.352166e+00,   -3.012227e+00,    2.871672e+00,   -1.905495e+00,   -2.700183e+00,    9.338188e-01,   -2.827592e+00,    1.941924e+00,    1.526900e-01,   -1.287800e-01,    3.100200e-01,   -3.128300e-01,   -2.530500e-01,    2.359800e-01,   -8.642400e-02,    5.141200e-02,    4.449000e-02,    4.449000e-02,    5.886800e-02,    5.886800e-02,    3.755100e-02,    3.755100e-02,    2.798000e-02,    2.798000e-02,
        28,    1.000000e+03,    2.847559e-03,    8.686421e-03,    1.750169e-01,   -2.742133e-01,   -1.875083e-01,    2.709266e-01,   -7.843456e-03,   -6.039105e-03,    3.368748e+00,   -2.965766e+00,    2.947426e+00,   -1.715958e+00,   -2.729079e+00,    4.813199e-01,   -2.744803e+00,    1.870684e+00,    1.917400e-01,   -1.576100e-01,    3.942700e-01,   -4.018600e-01,   -3.165200e-01,    2.936800e-01,   -9.919600e-02,    5.622100e-02,    5.607200e-02,    5.607200e-02,    7.438800e-02,    7.438800e-02,    4.727300e-02,    4.727300e-02,    3.328200e-02,    3.328200e-02,
        29,    3.981000e+02,    2.461288e-01,    2.738081e-03,    6.059106e-01,   -7.390245e-01,   -1.240384e+00,    9.598504e-01,   -4.130456e-01,   -1.971152e-02,    2.837169e+00,   -2.341931e+00,   -6.270956e-01,    3.316430e+00,    2.794105e+00,   -2.023349e+00,    4.856438e-01,   -5.122585e-01,    5.391800e-01,   -2.391600e-01,    5.728100e-01,   -5.639700e-01,   -1.092900e+00,    8.530500e-01,   -3.609700e-01,   -7.464100e-02,    1.032900e-01,    1.032900e-01,    5.278400e-02,    5.278400e-02,    5.278400e-02,    5.278400e-02,    1.072300e-01,    1.072300e-01,
        29,    6.309500e+02,    2.532254e-01,    3.285534e-02,    7.499056e-01,   -1.007744e+00,   -1.463953e+00,    1.239743e+00,   -4.023949e-01,   -5.808576e-02,    3.062462e+00,   -2.431136e+00,   -1.432866e+00,    3.612921e+00,    2.878579e+00,   -1.878455e+00,    3.336207e-01,   -6.571566e-01,    6.383300e-01,   -2.728600e-01,    6.560500e-01,   -7.710900e-01,   -1.275400e+00,    1.116700e+00,   -3.618500e-01,   -1.379500e-01,    1.257500e-01,    1.257500e-01,    6.550200e-02,    6.550200e-02,    6.550200e-02,    6.550200e-02,    1.215300e-01,    1.215300e-01,
        29,    1.000000e+03,    2.467838e-01,    7.618075e-02,    9.605061e-01,   -1.386371e+00,   -1.755689e+00,    1.614199e+00,   -3.799720e-01,   -9.460776e-02,    3.302556e+00,   -2.291969e+00,   -2.030646e+00,    3.830258e+00,    2.662258e+00,   -1.554827e+00,    2.509023e-01,   -1.131347e+00,    7.601000e-01,   -2.800600e-01,    7.898100e-01,   -1.064400e+00,   -1.531900e+00,    1.483500e+00,   -3.439600e-01,   -2.569900e-01,    1.554300e-01,    1.554300e-01,    8.406000e-02,    8.406000e-02,    8.406000e-02,    8.406000e-02,    1.435300e-01,    1.435300e-01,
        30,    3.981000e+02,    2.751501e-01,    8.121661e-02,    7.343755e-01,   -6.161557e-01,   -9.253455e-01,    5.761630e-01,   -3.083029e-01,   -7.687574e-02,    3.974192e+00,   -1.870313e+00,    4.274836e+00,   -1.898419e+00,   -1.243950e+01,    5.717937e+00,   -3.544735e+00,    1.302677e+00,    9.711900e-01,   -2.463500e-01,    1.112100e+00,   -7.839000e-01,   -2.024500e+00,    1.081400e+00,   -1.200300e+00,    2.509300e-01,    1.751400e-01,    1.751400e-01,    8.836000e-02,    8.836000e-02,    8.836000e-02,    8.836000e-02,    2.516400e-01,    2.516400e-01,
        30,    6.309500e+02,    2.407600e-01,    1.055204e-01,    8.663614e-01,   -7.992967e-01,   -1.044287e+00,    7.356763e-01,   -2.695034e-01,   -8.869089e-02,    4.141616e+00,   -1.808487e+00,    3.397230e+00,   -2.343431e+00,   -1.157054e+01,    6.298483e+00,   -3.625943e+00,    1.169816e+00,    1.060800e+00,   -2.525600e-01,    1.214000e+00,   -1.039100e+00,   -2.228300e+00,    1.380200e+00,   -1.270300e+00,    2.341900e-01,    1.980000e-01,    1.980000e-01,    1.023300e-01,    1.023300e-01,    1.023300e-01,    1.023300e-01,    2.760100e-01,    2.760100e-01,
        30,    1.000000e+03,    1.915310e-01,    1.201783e-01,    1.044388e+00,   -1.056190e+00,   -1.189215e+00,    9.717052e-01,   -2.300931e-01,   -8.795548e-02,    4.177325e+00,   -1.511028e+00,    2.200065e+00,   -3.062801e+00,   -1.053674e+01,    6.806722e+00,   -3.646060e+00,    9.783767e-01,    1.126500e+00,   -2.180200e-01,    1.312400e+00,   -1.429300e+00,   -2.472800e+00,    1.800900e+00,   -1.347100e+00,    2.117800e-01,    2.238200e-01,    2.238200e-01,    1.218200e-01,    1.218200e-01,    1.218200e-01,    1.218200e-01,    3.063600e-01,    3.063600e-01,
        31,    3.981000e+02,   -3.540882e-03,    1.047420e-02,    2.861628e-01,   -2.540579e-01,   -2.489395e-01,    2.133511e-01,    1.380756e-02,   -4.676789e-03,   -1.694690e+00,    1.695522e+00,    1.202521e+01,   -8.841021e+00,   -5.232207e+00,    4.178343e+00,    9.184904e-01,   -8.400583e-01,   -9.452200e-02,    1.015000e-01,    7.227500e-01,   -5.750400e-01,   -4.389000e-01,    3.650500e-01,    3.539300e-02,   -2.441900e-02,    5.368600e-02,    5.368600e-02,    3.630600e-02,    3.630600e-02,    3.630600e-02,    3.630600e-02,    2.350100e-02,    2.350100e-02,
        31,    6.309500e+02,   -6.047850e-03,    1.511575e-02,    3.360024e-01,   -3.116083e-01,   -2.885464e-01,    2.852298e-01,    1.243706e-02,   -8.542754e-03,   -1.980473e+00,    1.330648e+00,    1.102852e+01,   -8.706368e+00,   -4.857886e+00,    4.419441e+00,    1.037697e+00,   -7.339275e-01,   -1.285500e-01,    9.742300e-02,    8.044500e-01,   -6.814200e-01,   -4.948900e-01,    4.729500e-01,    4.139400e-02,   -2.902300e-02,    6.185500e-02,    6.185500e-02,    4.247600e-02,    4.247600e-02,    4.247600e-02,    4.247600e-02,    2.790500e-02,    2.790500e-02,
        31,    1.000000e+03,   -1.253393e-02,    2.007866e-02,    3.904035e-01,   -4.028930e-01,   -3.462619e-01,    3.895368e-01,    1.590977e-02,   -1.545786e-02,   -1.254694e+00,    1.160164e+00,    1.007606e+01,   -8.112171e+00,   -3.705917e+00,    5.855615e+00,    9.140687e-01,   -4.352240e-01,   -8.566500e-02,    8.770000e-02,    9.145500e-01,   -8.248800e-01,   -5.390400e-01,    6.941400e-01,    4.600000e-02,   -2.978500e-02,    5.828600e-02,    5.828600e-02,    5.201900e-02,    5.201900e-02,    5.201900e-02,    5.201900e-02,    3.291900e-02,    3.291900e-02,
        32,    3.981000e+02,   -8.434810e-03,    1.834918e-03,    1.911337e-01,   -2.210504e-01,   -2.365685e-01,    2.381156e-01,    7.241269e-03,    4.073509e-03,    9.465185e-01,   -1.252151e+00,   -2.042700e+00,    4.122420e+00,    2.966472e+00,   -3.519496e+00,    9.370077e-01,   -1.039591e+00,   -3.047700e-03,   -5.291700e-03,    1.650300e-01,   -1.683700e-01,   -1.986600e-01,    1.931400e-01,    1.739000e-02,   -7.186300e-03,    5.691500e-03,    5.691500e-03,    1.277900e-02,    1.277900e-02,    1.277900e-02,    1.277900e-02,    1.083100e-02,    1.083100e-02,
        32,    6.309500e+02,   -7.501562e-03,    3.646987e-03,    2.382884e-01,   -2.894342e-01,   -2.916440e-01,    3.014292e-01,    6.673572e-03,    5.513781e-03,    5.855501e-01,   -1.587949e+00,   -2.106726e+00,    5.013541e+00,    3.053982e+00,   -3.946222e+00,    9.913812e-01,   -1.004173e+00,   -2.930700e-03,   -8.748700e-03,    2.049600e-01,   -2.101200e-01,   -2.433300e-01,    2.390000e-01,    1.904700e-02,   -7.019300e-03,    7.806100e-03,    7.806100e-03,    1.582000e-02,    1.582000e-02,    1.582000e-02,    1.582000e-02,    1.248100e-02,    1.248100e-02,
        32,    1.000000e+03,   -6.446510e-03,    6.735555e-03,    2.975041e-01,   -3.832943e-01,   -3.586405e-01,    3.874491e-01,    7.075646e-03,    8.072239e-03,    6.589714e-01,   -1.842206e+00,   -2.060461e+00,    6.106549e+00,    2.577240e+00,   -4.796412e+00,    8.282704e-01,   -1.329669e+00,   -4.167900e-04,   -1.012100e-02,    2.568100e-01,   -2.626900e-01,   -3.077400e-01,    2.927200e-01,    1.915100e-02,   -1.131300e-02,    9.150200e-03,    9.150200e-03,    1.975000e-02,    1.975000e-02,    1.975000e-02,    1.975000e-02,    1.457900e-02,    1.457900e-02,
        33,    3.981000e+02,   -1.790674e-02,    9.847806e-03,    3.357228e-01,   -3.644646e-01,   -3.963340e-01,    3.164599e-01,    1.966501e-02,   -1.000315e-02,    2.376028e+00,    4.675619e-01,    2.816121e+00,   -7.657363e+00,   -6.006472e+00,    4.961202e+00,    1.830538e+00,   -5.992697e-02,    7.744800e-02,    2.861200e-02,    4.696800e-01,   -7.287100e-01,   -6.525400e-01,    5.280800e-01,    9.923300e-02,   -1.260800e-02,    4.013200e-02,    4.013200e-02,    4.756800e-02,    4.756800e-02,    4.265500e-02,    4.265500e-02,    4.346700e-02,    4.346700e-02,
        33,    6.309500e+02,   -1.890847e-02,    1.122917e-02,    4.141920e-01,   -4.627705e-01,   -4.582909e-01,    4.045781e-01,    2.132052e-02,   -7.339923e-03,    1.783383e+00,   -2.416439e-02,    3.167153e+00,   -7.381979e+00,   -5.506997e+00,    5.237657e+00,    1.077721e+00,    4.768395e-02,    2.656600e-02,    1.061300e-02,    5.726700e-01,   -8.321500e-01,   -7.338500e-01,    6.666600e-01,    6.123500e-02,   -5.573900e-03,    2.549900e-02,    2.549900e-02,    5.003800e-02,    5.003800e-02,    5.003800e-02,    5.003800e-02,    3.703600e-02,    3.703600e-02,
        33,    1.000000e+03,   -2.004988e-02,    1.511818e-02,    5.140729e-01,   -6.036257e-01,   -5.383813e-01,    5.363373e-01,    2.257537e-02,   -6.135304e-03,   -1.236859e-01,   -1.443577e+00,    3.063392e+00,   -5.596056e+00,   -4.726500e+00,    5.430677e+00,   -1.856276e+00,    3.297504e-01,   -2.401500e-02,   -3.116000e-02,    6.934100e-01,   -9.312300e-01,   -8.150800e-01,    8.542600e-01,   -1.762600e-02,    1.006100e-03,    3.205800e-02,    3.205800e-02,    5.854200e-02,    5.854200e-02,    5.854200e-02,    5.854200e-02,    2.165700e-02,    2.165700e-02,
        34,    3.981000e+02,   -1.182992e-03,   -2.527242e-04,    1.046753e-01,   -1.351770e-01,   -1.077075e-01,    1.404100e-01,    2.078859e-03,    1.114985e-03,   -4.093386e-02,   -1.539521e+00,    7.208319e-01,   -4.545103e+00,   -2.842189e+00,    6.715303e+00,   -8.899977e-01,    6.437074e-01,   -1.505600e-03,   -1.238600e-02,    1.133700e-01,   -1.900000e-01,   -1.419900e-01,    2.214100e-01,   -3.140800e-03,    4.890200e-03,    7.881200e-03,    7.881200e-03,    1.206200e-02,    1.206200e-02,    1.206200e-02,    1.206200e-02,    5.864800e-03,    5.864800e-03,
        34,    6.309500e+02,   -1.348387e-03,    5.972162e-04,    1.332110e-01,   -1.847647e-01,   -1.381722e-01,    1.879787e-01,    1.036204e-03,   -1.126945e-04,    4.167668e-01,   -1.269897e+00,    6.769592e-01,   -5.743439e+00,   -3.240926e+00,    6.991576e+00,   -1.484531e+00,    2.667325e-01,    2.308700e-03,   -1.054600e-02,    1.446800e-01,   -2.820700e-01,   -1.930800e-01,    3.064300e-01,   -1.612200e-02,    2.970200e-03,    8.774900e-03,    8.774900e-03,    1.694200e-02,    1.694200e-02,    1.694200e-02,    1.694200e-02,    1.155800e-02,    1.155800e-02,
        34,    1.000000e+03,   -1.097953e-03,    1.448031e-03,    1.691459e-01,   -2.508245e-01,   -1.753544e-01,    2.517941e-01,    2.337234e-04,   -1.596220e-03,   -1.932275e-01,   -9.472403e-01,    1.336053e+00,   -6.622075e+00,   -3.370827e+00,    7.362941e+00,   -1.052759e+00,    3.608664e-01,   -2.765700e-03,   -6.727600e-03,    2.009400e-01,   -4.084100e-01,   -2.555700e-01,    4.270100e-01,   -1.223200e-02,    2.676800e-03,    8.631000e-03,    8.631000e-03,    2.379700e-02,    2.379700e-02,    2.379700e-02,    2.379700e-02,    1.184100e-02,    1.184100e-02,
        35,    3.981000e+02,   -1.697269e-03,    1.013328e-03,    6.220294e-02,   -9.603472e-02,   -6.670435e-02,    9.915530e-02,    4.647280e-04,    1.717834e-04,    1.679521e+00,   -1.080342e+00,    8.664873e+00,   -1.213155e+01,   -6.629393e+00,    1.049971e+01,    3.850306e-01,   -1.290274e+00,    2.582000e-02,   -1.668700e-02,    2.212900e-01,   -3.187700e-01,   -1.884200e-01,    2.919300e-01,    4.511400e-03,   -1.338900e-02,    1.638400e-02,    1.638400e-02,    1.836000e-02,    1.836000e-02,    1.836000e-02,    1.836000e-02,    1.051000e-02,    1.051000e-02,
        35,    6.309500e+02,   -2.295992e-03,    1.372868e-03,    7.793210e-02,   -1.321212e-01,   -8.322806e-02,    1.361966e-01,    5.712006e-04,    8.528924e-05,    1.539647e+00,   -1.475935e+00,    9.080869e+00,   -1.175531e+01,   -7.234829e+00,    1.024957e+01,   -2.396619e-02,   -1.322671e+00,    3.405200e-02,   -3.347100e-02,    3.018300e-01,   -4.219600e-01,   -2.616100e-01,    3.889100e-01,    2.384300e-04,   -1.828000e-02,    2.360800e-02,    2.360800e-02,    2.465600e-02,    2.465600e-02,    2.465600e-02,    2.465600e-02,    1.388500e-02,    1.388500e-02,
        36,    3.981000e+02,   -2.507081e-02,   -1.784414e-03,    4.731642e-01,   -6.407046e-01,   -5.866979e-01,    5.538533e-01,    3.949742e-02,    1.054087e-02,   -4.485624e-01,   -8.982680e-01,    1.340561e+00,    2.041434e-01,   -4.088686e+00,    5.054372e+00,    1.881744e+00,   -3.554572e-01,   -3.849000e-02,   -2.865700e-02,    5.376800e-01,   -6.308800e-01,   -7.834700e-01,    7.971000e-01,    1.584500e-01,   -1.192900e-02,    2.991600e-02,    2.991600e-02,    4.812600e-02,    4.812600e-02,    4.812600e-02,    4.812600e-02,    6.321400e-02,    6.321400e-02,
        36,    6.309500e+02,   -2.306658e-02,   -7.477814e-03,    6.200223e-01,   -8.451577e-01,   -6.999558e-01,    7.425429e-01,    3.235984e-02,    2.524256e-02,   -1.789815e+00,   -1.091514e+00,    7.139969e-01,   -4.028625e-01,   -3.344883e+00,    5.597236e+00,    2.038045e+00,   -4.504903e-01,   -1.327500e-01,   -7.436800e-02,    6.663900e-01,   -8.713200e-01,   -9.087300e-01,    1.091900e+00,    1.922200e-01,   -1.009300e-02,    6.128200e-02,    6.128200e-02,    6.494100e-02,    6.494100e-02,    6.241600e-02,    6.241600e-02,    7.843800e-02,    7.843800e-02,
        36,    1.000000e+03,   -1.663684e-02,   -1.273464e-02,    8.217193e-01,   -1.115579e+00,   -8.648460e-01,    1.004585e+00,    1.733767e-02,    3.615961e-02,   -1.903193e+00,    1.160362e+00,   -3.436319e-01,   -3.182935e+00,   -2.013297e+00,    7.184450e+00,    2.183213e+00,   -1.435928e+00,   -1.768400e-01,    8.494000e-02,    7.913800e-01,   -1.396600e+00,   -1.042600e+00,    1.638900e+00,    2.643900e-01,   -1.263300e-01,    8.417600e-02,    8.417600e-02,    8.829000e-02,    8.829000e-02,    8.829000e-02,    8.829000e-02,    1.131600e-01,    1.131600e-01,
        38,    3.981000e+02,   -3.892125e-03,    4.740921e-03,    1.040383e-01,   -1.446530e-01,   -1.143360e-01,    1.740917e-01,    6.378653e-03,   -3.349112e-03,    1.073594e+00,   -1.694575e+00,    1.076108e+00,   -9.751254e+00,   -3.013637e+00,    8.228224e+00,    1.453142e-01,   -7.018242e-02,    7.978600e-03,   -1.399600e-02,    1.227400e-01,   -3.141200e-01,   -1.667100e-01,    3.170900e-01,    7.584500e-03,   -3.931500e-03,    1.105700e-02,    1.105700e-02,    1.737900e-02,    1.737900e-02,    1.737900e-02,    1.737900e-02,    8.298200e-03,    8.298200e-03,
        38,    6.309500e+02,   -5.722991e-03,    5.603500e-03,    1.311686e-01,   -1.967686e-01,   -1.485173e-01,    2.335444e-01,    8.379264e-03,   -2.901736e-03,   -1.254263e+00,   -4.548427e-01,    2.554830e+00,   -8.969979e+00,   -3.346509e+00,    8.823963e+00,   -1.749322e+00,    3.329572e-01,   -2.624900e-02,   -1.840000e-03,    1.918100e-01,   -4.096800e-01,   -2.279500e-01,    4.429900e-01,   -6.166700e-03,   -1.331300e-04,    1.636500e-02,    1.636500e-02,    2.373600e-02,    2.373600e-02,    2.373600e-02,    2.373600e-02,    8.315200e-03,    8.315200e-03,
        38,    1.000000e+03,   -8.273733e-03,    6.085982e-03,    1.658281e-01,   -2.700738e-01,   -1.918954e-01,    3.165631e-01,    1.051769e-02,   -9.127721e-04,   -1.117423e+00,   -2.992326e-01,    3.785368e+00,   -9.247648e+00,   -3.882197e+00,    8.870802e+00,   -1.450833e+00,    5.944418e-01,   -3.273300e-02,   -4.639200e-04,    2.929900e-01,   -5.807300e-01,   -3.223100e-01,    6.145600e-01,   -7.839700e-03,    6.608700e-03,    2.188900e-02,    2.188900e-02,    3.359300e-02,    3.359300e-02,    3.359300e-02,    3.359300e-02,    1.265300e-02,    1.265300e-02,
        39,    3.981000e+02,    4.898522e-03,   -6.453576e-03,    1.312828e-01,   -1.535229e-01,   -1.208662e-01,    1.436215e-01,   -4.536167e-03,   -2.585805e-03,    1.441625e+00,   -4.340085e-01,    5.971362e+00,   -4.550259e+00,   -5.129754e+00,    4.117588e+00,   -1.279632e+00,    3.342255e-01,    2.516200e-02,   -1.255400e-02,    2.202800e-01,   -2.213400e-01,   -1.973200e-01,    2.049900e-01,   -1.845600e-02,    1.049900e-03,    1.405600e-02,    1.405600e-02,    1.490400e-02,    1.490400e-02,    1.490400e-02,    1.490400e-02,    1.087800e-02,    1.087800e-02,
        39,    6.309500e+02,    4.697357e-03,   -1.144569e-02,    1.662273e-01,   -2.041821e-01,   -1.520510e-01,    1.906472e-01,   -4.385645e-03,   -4.688165e-03,    1.433932e+00,    5.076014e-01,    5.605341e+00,   -4.017144e+00,   -5.373500e+00,    3.631868e+00,   -1.071389e+00,   -3.076010e-01,    2.676700e-02,   -3.633200e-03,    2.714900e-01,   -2.796200e-01,   -2.529600e-01,    2.588500e-01,   -1.806300e-02,   -8.615000e-03,    1.539100e-02,    1.539100e-02,    1.877900e-02,    1.877900e-02,    1.877900e-02,    1.877900e-02,    1.276600e-02,    1.276600e-02,
        39,    1.000000e+03,    6.971353e-03,   -1.828800e-02,    2.095991e-01,   -2.705810e-01,   -1.914906e-01,    2.544380e-01,   -4.958066e-03,   -7.822268e-03,    1.277051e+00,    1.211505e+00,    5.696355e+00,   -3.548614e+00,   -4.812159e+00,    3.800692e+00,   -5.509891e-01,   -6.469557e-01,    3.073600e-02,    4.256900e-03,    3.459300e-01,   -3.555100e-01,   -3.066600e-01,    3.454000e-01,   -1.330500e-02,   -1.762300e-02,    1.860900e-02,    1.860900e-02,    2.393300e-02,    2.393300e-02,    2.393300e-02,    2.393300e-02,    1.514900e-02,    1.514900e-02,
        41,    3.981000e+02,    7.116181e-02,   -2.601125e-02,    5.876913e-01,   -9.208906e-01,   -6.378817e-01,    8.782318e-01,   -5.344335e-02,    2.734883e-02,   -4.080434e-01,   -6.463343e-01,   -2.275665e+01,    3.549339e+01,    2.497211e+01,   -3.254576e+01,    7.262858e-01,   -4.450646e-01,    6.135000e-02,   -4.155300e-02,    1.852400e-01,   -2.931900e-01,   -1.962500e-01,    3.026600e-01,   -3.971800e-02,    1.893800e-02,    2.404600e-02,    2.404600e-02,    1.768500e-02,    1.768500e-02,    1.768500e-02,    1.768500e-02,    1.889800e-02,    1.889800e-02,
        41,    6.309500e+02,    8.177815e-02,   -2.700579e-02,    8.132595e-01,   -1.233023e+00,   -8.476258e-01,    1.155521e+00,   -6.248288e-02,    3.316207e-02,   -2.416907e-02,   -5.987968e-01,   -2.303576e+01,    3.465409e+01,    2.371110e+01,   -3.069661e+01,    7.279480e-01,   -4.315184e-01,    8.101900e-02,   -4.581400e-02,    2.563700e-01,   -3.952600e-01,   -2.744100e-01,    4.134300e-01,   -4.517300e-02,    2.290100e-02,    3.141000e-02,    3.141000e-02,    2.417500e-02,    2.417500e-02,    2.417500e-02,    2.417500e-02,    2.377900e-02,    2.377900e-02,
        42,    3.981000e+02,    2.565109e-03,   -6.752729e-03,    2.026361e-01,   -2.107556e-01,   -1.762538e-01,    2.045283e-01,   -4.159903e-03,    5.772061e-03,    1.857597e+00,   -1.646625e+00,    3.087515e-01,    2.965703e-01,   -3.504479e+00,    1.774784e+00,   -1.645216e+00,    1.157939e+00,    3.717400e-02,   -3.743100e-02,    2.074100e-01,   -2.061700e-01,   -2.304400e-01,    2.319700e-01,   -3.317000e-02,    2.619000e-02,    1.863100e-02,    1.863100e-02,    1.546200e-02,    1.546200e-02,    1.546200e-02,    1.546200e-02,    1.763300e-02,    1.763300e-02,
        42,    6.309500e+02,    4.743310e-03,   -5.246332e-03,    2.459939e-01,   -2.724884e-01,   -2.182547e-01,    2.699719e-01,   -6.210765e-03,    4.731132e-03,    1.916389e+00,   -1.522875e+00,    1.380855e-01,    9.658686e-01,   -4.064711e+00,    7.343162e-01,   -1.489577e+00,    1.020961e+00,    4.710700e-02,   -3.891100e-02,    2.486300e-01,   -2.540500e-01,   -2.958500e-01,    2.839900e-01,   -3.633300e-02,    2.537700e-02,    2.210600e-02,    2.210600e-02,    1.909000e-02,    1.909000e-02,    1.909000e-02,    1.909000e-02,    2.022200e-02,    2.022200e-02,
        42,    1.000000e+03,    6.670755e-03,   -3.175391e-03,    2.994272e-01,   -3.609107e-01,   -2.700278e-01,    3.612796e-01,   -8.320288e-03,    2.960768e-03,    1.995354e+00,   -1.333969e+00,    1.569937e-01,    1.634242e+00,   -4.097535e+00,   -8.923387e-01,   -1.263021e+00,    9.395789e-01,    5.981900e-02,   -3.870700e-02,    3.031200e-01,   -3.224700e-01,   -3.664100e-01,    3.402900e-01,   -3.618000e-02,    2.368600e-02,    2.663600e-02,    2.663600e-02,    2.352200e-02,    2.352200e-02,    2.352200e-02,    2.352200e-02,    2.205800e-02,    2.205800e-02,
        43,    3.981000e+02,    2.078060e-02,   -2.543172e-02,    3.349689e-01,   -4.177622e-01,   -3.943629e-01,    4.679819e-01,   -3.499929e-03,    1.158441e-02,   -2.125610e+00,    3.354591e+00,   -5.917815e+00,    5.706927e+00,    6.011593e+00,   -6.544144e+00,    1.618017e+00,   -2.732460e+00,   -9.256400e-03,    2.197200e-02,    2.160800e-01,   -3.031100e-01,   -2.735900e-01,    3.365100e-01,    3.972700e-02,   -6.141600e-02,    1.413100e-02,    1.413100e-02,    2.009000e-02,    2.009000e-02,    2.009000e-02,    2.009000e-02,    2.671600e-02,    2.671600e-02,
        43,    6.309500e+02,    3.122912e-02,   -3.459497e-02,    4.396684e-01,   -5.507774e-01,   -5.140050e-01,    5.979139e-01,   -9.804696e-03,    1.485495e-02,   -2.763370e+00,    3.195517e+00,   -4.893518e+00,    5.124866e+00,    5.825237e+00,   -5.919011e+00,    2.128626e+00,   -2.633218e+00,   -1.514300e-02,    1.902900e-02,    3.077000e-01,   -4.125700e-01,   -3.569100e-01,    4.382900e-01,    6.889700e-02,   -8.250300e-02,    1.678100e-02,    1.678100e-02,    2.696800e-02,    2.696800e-02,    2.696800e-02,    2.696800e-02,    3.697300e-02,    3.697300e-02,
        44,    3.981000e+02,    3.810980e-03,    2.383760e-03,    4.173153e-01,   -4.324650e-01,   -4.288232e-01,    4.350292e-01,   -1.591730e-03,   -3.298637e-03,    3.201356e-01,    4.726081e-01,   -4.999530e+00,    6.847979e+00,    7.604126e+00,   -6.945980e+00,    1.881094e-01,    1.054032e+00,    6.927500e-03,    6.984600e-03,    3.140500e-01,   -2.910200e-01,   -2.717600e-01,    2.915600e-01,   -1.021100e-03,   -1.012300e-04,    9.735000e-03,    9.735000e-03,    2.065500e-02,    2.065500e-02,    2.065500e-02,    2.065500e-02,    3.033500e-03,    3.033500e-03,
        44,    6.309500e+02,    3.071000e-03,    3.115240e-03,    5.183686e-01,   -5.501702e-01,   -5.307355e-01,    5.473820e-01,    1.001155e-04,   -2.445099e-03,    4.654772e-01,    8.146149e-01,   -4.730549e+00,    8.149362e+00,    7.686125e+00,   -7.184476e+00,    4.034775e-01,    6.766721e-01,    9.840900e-03,    1.496300e-02,    3.978200e-01,   -3.425000e-01,   -3.348700e-01,    3.643000e-01,    2.223900e-03,    1.116700e-03,    1.454400e-02,    1.454400e-02,    2.548300e-02,    2.548300e-02,    2.548300e-02,    2.548300e-02,    5.263700e-03,    5.263700e-03,
        45,    3.981000e+02,   -1.152423e-02,    3.646114e-03,    2.715452e-01,   -2.920245e-01,   -2.774535e-01,    2.918307e-01,    1.150872e-02,    3.833146e-03,    2.679028e-01,    7.131802e-02,   -3.440861e-01,    7.084217e-01,    1.461374e+00,   -7.003102e-01,    8.936544e-01,   -1.381993e+00,   -9.031500e-03,    4.309700e-03,    2.650200e-01,   -2.785900e-01,   -2.497400e-01,    2.785500e-01,    2.627100e-02,   -1.899600e-02,    9.304600e-03,    9.304600e-03,    1.896400e-02,    1.896400e-02,    1.896400e-02,    1.896400e-02,    1.651900e-02,    1.651900e-02,
        45,    6.309500e+02,   -9.455533e-03,    6.861855e-03,    3.381566e-01,   -3.703478e-01,   -3.446128e-01,    3.758529e-01,    1.014648e-02,    4.864327e-03,    5.227417e-02,   -5.529619e-01,   -2.862182e-01,    1.186925e+00,    1.045633e+00,   -9.520036e-01,    9.837458e-01,   -1.358329e+00,   -8.940700e-03,    1.415900e-03,    3.313400e-01,   -3.420800e-01,   -3.197100e-01,    3.531800e-01,    2.978500e-02,   -2.225200e-02,    9.848700e-03,    9.848700e-03,    2.381600e-02,    2.381600e-02,    2.381600e-02,    2.381600e-02,    1.996300e-02,    1.996300e-02,
        45,    1.000000e+03,   -7.396405e-03,    1.307882e-02,    4.187851e-01,   -4.773392e-01,   -4.300973e-01,    4.879701e-01,    9.793506e-03,    5.953563e-03,   -4.212702e-01,   -7.541045e-01,   -1.447933e-01,    1.686893e+00,    1.213461e+00,   -1.190456e+00,    1.180602e+00,   -8.612063e-01,   -1.303300e-02,    2.988900e-03,    4.144600e-01,   -4.269500e-01,   -3.938500e-01,    4.524100e-01,    3.710200e-02,   -1.396700e-02,    1.338000e-02,    1.338000e-02,    2.987100e-02,    2.987100e-02,    2.987100e-02,    2.987100e-02,    2.313100e-02,    2.313100e-02,
        46,    3.981000e+02,   -2.608605e-02,   -7.098709e-03,    3.306025e-01,   -2.974894e-01,   -3.282203e-01,    3.142333e-01,    9.888668e-03,    8.398822e-03,   -1.003091e+00,    1.679244e+00,   -7.030747e+00,    6.570826e+00,    6.354508e+00,   -7.128794e+00,    1.626308e+00,   -1.091468e+00,   -4.456600e-02,    2.383800e-02,    2.237000e-01,   -1.975800e-01,   -2.316000e-01,    2.058400e-01,    3.609500e-02,   -9.189100e-03,    1.842300e-02,    1.842300e-02,    1.520500e-02,    1.520500e-02,    1.520500e-02,    1.520500e-02,    1.611400e-02,    1.611400e-02,
        46,    6.309500e+02,   -2.766205e-02,   -1.494058e-02,    4.054670e-01,   -3.686646e-01,   -4.130338e-01,    3.824873e-01,    1.001034e-02,    1.369354e-02,   -9.197472e-01,    2.116189e+00,   -6.120397e+00,    6.385683e+00,    6.349660e+00,   -6.560499e+00,    1.757100e+00,   -1.293313e+00,   -4.807400e-02,    3.202400e-02,    2.880900e-01,   -2.462000e-01,   -2.912600e-01,    2.566700e-01,    4.581300e-02,   -1.265900e-02,    2.219300e-02,    2.219300e-02,    1.917800e-02,    1.917800e-02,    1.917800e-02,    1.917800e-02,    2.037600e-02,    2.037600e-02,
        46,    1.000000e+03,   -2.849880e-02,   -2.606113e-02,    4.972274e-01,   -4.632943e-01,   -5.129116e-01,    4.696521e-01,    8.859229e-03,    2.168141e-02,   -1.023082e+00,    2.455832e+00,   -4.945982e+00,    6.048106e+00,    5.795730e+00,   -5.871020e+00,    1.927994e+00,   -1.623702e+00,   -5.723000e-02,    4.290600e-02,    3.756700e-01,   -3.146500e-01,   -3.704700e-01,    3.253600e-01,    6.022100e-02,   -2.157400e-02,    2.808300e-02,    2.808300e-02,    2.457700e-02,    2.457700e-02,    2.457700e-02,    2.457700e-02,    2.664000e-02,    2.664000e-02,
        47,    3.981000e+02,   -2.334965e-02,    4.461218e-02,    5.869738e-01,   -4.082654e-01,   -4.156719e-01,    3.354924e-01,    3.082058e-03,   -4.722441e-02,   -1.488463e+00,   -1.434261e-02,   -1.137413e+01,    7.954691e+00,    9.265124e+00,   -8.143905e+00,    2.496189e+00,   -5.954777e-01,   -6.581400e-02,    4.420300e-02,    3.749600e-01,   -2.599900e-01,   -2.429700e-01,    1.836900e-01,    6.502000e-02,   -6.200000e-02,    2.852900e-02,    2.852900e-02,    1.864000e-02,    1.864000e-02,    1.864000e-02,    1.864000e-02,    2.481300e-02,    2.481300e-02,
        47,    6.309500e+02,   -3.994430e-02,    4.083548e-02,    6.757348e-01,   -4.867893e-01,   -4.861991e-01,    4.433344e-01,    2.258718e-02,   -4.010374e-02,   -1.259721e+00,    2.628354e-01,   -8.716679e+00,    7.990778e+00,    6.968677e+00,   -8.265911e+00,    2.269609e+00,   -9.885558e-01,   -8.396400e-02,    5.002000e-02,    4.690100e-01,   -2.972800e-01,   -3.209300e-01,    2.473000e-01,    9.849200e-02,   -7.316500e-02,    3.494400e-02,    3.494400e-02,    2.371600e-02,    2.371600e-02,    2.371600e-02,    2.371600e-02,    3.344400e-02,    3.344400e-02,
        47,    1.000000e+03,   -5.480645e-02,    3.239597e-02,    7.714603e-01,   -6.084085e-01,   -5.807315e-01,    5.929206e-01,    3.664415e-02,   -2.623067e-02,   -1.204734e+00,    5.862858e-01,   -7.393424e+00,    9.249709e+00,    6.267415e+00,   -8.945144e+00,    2.251130e+00,   -9.250726e-01,   -1.052800e-01,    5.695900e-02,    5.564300e-01,   -3.393900e-01,   -3.984500e-01,    3.327600e-01,    1.289900e-01,   -6.417900e-02,    4.189600e-02,    4.189600e-02,    2.908400e-02,    2.908400e-02,    2.908400e-02,    2.908400e-02,    4.102200e-02,    4.102200e-02,
        48,    3.981000e+02,    7.074102e-03,    3.815041e-03,    2.198291e-01,   -2.621677e-01,   -2.296511e-01,    2.470796e-01,   -7.594231e-03,   -6.273565e-03,    3.536190e-01,    4.936583e-01,    1.527672e+00,   -1.720899e+00,   -1.774578e+00,    1.784498e+00,   -1.192162e+00,    1.409992e+00,    1.104100e-02,    9.352900e-03,    2.493300e-01,   -2.954000e-01,   -2.639200e-01,    2.815400e-01,   -2.770600e-02,    1.751300e-02,    1.121800e-02,    1.121800e-02,    1.931100e-02,    1.931100e-02,    1.931100e-02,    1.931100e-02,    1.687000e-02,    1.687000e-02,
        48,    6.309500e+02,    4.298130e-03,    4.161231e-03,    2.808558e-01,   -3.415146e-01,   -2.847096e-01,    3.226876e-01,   -5.411595e-03,   -9.944163e-03,    4.737100e-01,    8.611376e-01,    1.724167e+00,   -1.768525e+00,   -1.835188e+00,    1.573045e+00,   -1.264529e+00,    1.482926e+00,    1.158900e-02,    1.741500e-02,    3.236600e-01,   -3.854200e-01,   -3.302700e-01,    3.617400e-01,   -3.084000e-02,    1.987600e-02,    1.539100e-02,    1.539100e-02,    2.482600e-02,    2.482600e-02,    2.482600e-02,    2.482600e-02,    2.010900e-02,    2.010900e-02,
        48,    1.000000e+03,    1.941408e-03,    3.717646e-03,    3.555411e-01,   -4.463884e-01,   -3.543993e-01,    4.239805e-01,   -2.449464e-03,   -1.408386e-02,    4.023380e-01,    1.088082e+00,    2.010574e+00,   -1.687988e+00,   -2.019993e+00,    1.393337e+00,   -1.503131e+00,    1.392263e+00,    1.002800e-02,    2.558700e-02,    4.199700e-01,   -5.004800e-01,   -4.191300e-01,    4.686300e-01,   -4.086800e-02,    2.150100e-02,    2.009900e-02,    2.009900e-02,    3.204500e-02,    3.204500e-02,    3.204500e-02,    3.204500e-02,    2.555900e-02,    2.555900e-02,
VTF,
     StaID,        Freq[Hz],     Re(Tzx)_Cal,     Im(Tzx)_Cal,     Re(Tzy)_Cal,     Im(Tzy)_Cal,     Re(Tzx)_Res,     Im(Tzx)_Res,     Re(Tzy)_Res,     Im(Tzy)_Res,     Re(Tzx)_Obs,     Im(Tzx)_Obs,     Re(Tzy)_Obs,     Im(Tzy)_Obs,      Re(Tzx)_SD,      Im(Tzx)_SD,      Re(Tzy)_SD,      Im(Tzy)_SD,
      1001,    3.981000e+02,    4.498368e-02,    1.444412e-02,    3.413726e-02,    4.407833e-02,    2.835441e-01,    6.501292e-01,    2.332482e-02,    3.801555e-01,    5.349000e-02,    3.394800e-02,    3.483700e-02,    5.548300e-02,    3.000000e-02,    3.000000e-02,    3.000000e-02,    3.000000e-02,
      1001,    6.309500e+02,    3.871118e-02,    1.278485e-02,    1.971079e-02,    3.697724e-02,   -1.257725e-01,    5.079049e-01,   -2.307597e-01,    2.895587e-01,    3.493800e-02,    2.802200e-02,    1.278800e-02,    4.566400e-02,    3.000000e-02,    3.000000e-02,    3.000000e-02,    3.000000e-02,
      1001,    1.000000e+03,    3.364164e-02,    9.914540e-03,    9.327960e-03,    2.844586e-02,   -5.739213e-01,   -1.705847e-01,   -3.132283e-01,   -3.809286e-01,    1.642400e-02,    4.797000e-03,   -6.888900e-05,    1.701800e-02,    3.000000e-02,    3.000000e-02,    3.000000e-02,    3.000000e-02,
      1002,    3.981000e+02,    1.132474e-01,    5.231555e-02,   -1.731962e-01,   -4.787146e-02,    5.942160e-02,    2.898483e-01,    6.088747e-01,   -7.279180e-01,    1.150300e-01,    6.101100e-02,   -1.549300e-01,   -6.970900e-02,    3.000000e-02,    3.000000e-02,    3.000000e-02,    3.000000e-02,
      1002,    6.309500e+02,    8.968445e-02,    5.148008e-02,   -1.475907e-01,   -5.288212e-02,   -1.768150e-01,    4.506974e-01,    6.913555e-01,   -8.769294e-01,    8.438000e-02,    6.500100e-02,   -1.268500e-01,   -7.919000e-02,    3.000000e-02,    3.000000e-02,    3.000000e-02,    3.000000e-02,
      1002,    1.000000e+03,    7.130074e-02,    4.546150e-02,   -1.256642e-01,   -4.980499e-02,   -4.793914e-01,    5.693500e-01,    8.014729e-01,   -9.385335e-01,    5.691900e-02,    6.254200e-02,   -1.016200e-01,   -7.796100e-02,    3.000000e-02,    3.000000e-02,    3.000000e-02,    3.000000e-02,
      1003,    3.981000e+02,    9.511070e-02,    1.245985e-02,   -1.071107e-01,   -3.294314e-02,    2.616435e-01,    3.297383e-01,    7.835568e-02,   -3.238620e-01,    1.029600e-01,    2.235200e-02,   -1.047600e-01,   -4.265900e-02,    3.000000e-02,    3.000000e-02,    3.000000e-02,    3.000000e-02,
      1003,    6.309500e+02,    8.604881e-02,    2.351542e-02,   -9.281159e-02,   -3.824943e-02,    2.145062e-01,    2.213527e-01,    1.426863e-01,   -4.513523e-01,    9.248400e-02,    3.015600e-02,   -8.853100e-02,   -5.179000e-02,    3.000000e-02,    3.000000e-02,    3.000000e-02,    3.000000e-02,
      1003,    1.000000e+03,    7.306722e-02,    2.953137e-02,   -7.773458e-02,   -4.041547e-02,    1.316593e-01,    1.528209e-01,    4.057860e-01,   -6.089509e-01,    7.701700e-02,    3.411600e-02,   -6.556100e-02,   -5.868400e-02,    3.000000e-02,    3.000000e-02,    3.000000e-02,    3.000000e-02,
      1004,    3.981000e+02,   -7.128793e-02,    1.996503e-02,    8.534932e-02,    1.154388e-01,    3.394975e-01,   -7.388842e-01,    4.756558e-01,    1.167054e-01,   -6.110300e-02,   -2.201500e-03,    9.961900e-02,    1.189400e-01,    3.000000e-02,    3.000000e-02,    3.000000e-02,    3.000000e-02,
      1004,    6.309500e+02,   -7.864905e-02,    1.651130e-02,    4.990457e-02,    1.135691e-01,    1.486016e-01,   -4.966766e-01,    3.417811e-01,    2.970313e-01,   -7.419100e-02,    1.611000e-03,    6.015800e-02,    1.224800e-01,    3.000000e-02,    3.000000e-02,    3.000000e-02,    3.000000e-02,
      1004,    1.000000e+03,   -8.452677e-02,    1.152838e-02,    1.243441e-02,    1.079279e-01,    1.471589e-01,    1.519654e+00,   -1.506180e+00,   -2.235950e-01,   -8.011200e-02,    5.711800e-02,   -3.275100e-02,    1.012200e-01,    3.000000e-02,    3.000000e-02,    3.000000e-02,    3.000000e-02,
      1005,    3.981000e+02,   -3.044102e-02,    3.176759e-02,    3.497005e-02,    5.960095e-02,   -3.927992e-01,    1.883480e+00,   -2.906682e-01,    1.125402e+00,   -4.222500e-02,    8.827200e-02,    2.625000e-02,    9.336300e-02,    3.000000e-02,    3.000000e-02,    3.000000e-02,    3.000000e-02,
      1005,    6.309500e+02,   -3.889302e-02,    2.341039e-02,    1.474721e-02,    4.711723e-02,   -1.262166e+00,    2.232620e+00,   -5.999569e-01,    1.419659e+00,   -7.675800e-02,    9.038900e-02,   -3.251500e-03,    8.970700e-02,    3.000000e-02,    3.000000e-02,    3.000000e-02,    3.000000e-02,
      1005,    1.000000e+03,   -4.388125e-02,    1.467528e-02,    2.893264e-03,    3.287604e-02,   -2.243958e+00,    2.176924e+00,   -1.501509e+00,    1.471532e+00,   -1.112000e-01,    7.998300e-02,   -4.215200e-02,    7.702200e-02,    3.000000e-02,    3.000000e-02,    3.000000e-02,    3.000000e-02,
      1006,    3.981000e+02,   -2.770174e-02,    9.195518e-03,    1.925629e-02,   -1.434350e-02,   -3.374088e-01,   -1.363573e-01,   -6.017630e-02,    4.439633e-01,   -3.782400e-02,    5.104800e-03,    1.745100e-02,   -1.024600e-03,    3.000000e-02,    3.000000e-02,    3.000000e-02,    3.000000e-02,
      1006,    6.309500e+02,   -2.619291e-02,    1.602902e-02,    1.915824e-02,   -1.252331e-02,   -3.776696e-01,   -8.368240e-01,    2.238919e-01,    7.669437e-01,   -3.752300e-02,   -9.075700e-03,    2.587500e-02,    1.048500e-02,    3.000000e-02,    3.000000e-02,    3.000000e-02,    3.000000e-02,
      1006,    1.000000e+03,   -3.125258e-02,    2.602870e-02,    1.884426e-02,   -1.624760e-02,   -6.047172e-03,   -1.631690e+00,    4.366914e-01,    1.463087e+00,   -3.143400e-02,   -2.292200e-02,    3.194500e-02,    2.764500e-02,    3.000000e-02,    3.000000e-02,    3.000000e-02,    3.000000e-02,
      1007,    3.981000e+02,   -2.196316e-02,   -1.498130e-02,   -3.842706e-02,    2.398389e-02,   -4.494675e-03,   -9.290147e-03,   -7.629805e-02,    2.487035e-01,   -2.209800e-02,   -1.526000e-02,   -4.071600e-02,    3.144500e-02,    3.000000e-02,    3.000000e-02,    3.000000e-02,    3.000000e-02,
      1007,    6.309500e+02,   -2.139161e-02,   -7.630696e-03,   -3.538358e-02,    9.707147e-03,    5.938710e-02,    1.067832e-01,   -3.097139e-01,    9.009509e-02,   -1.961000e-02,   -4.427200e-03,   -4.467500e-02,    1.241000e-02,    3.000000e-02,    3.000000e-02,    3.000000e-02,    3.000000e-02,
      1007,    1.000000e+03,   -2.229341e-02,   -4.301760e-03,   -3.027232e-02,    3.424168e-03,    1.151381e-02,    2.790987e-01,   -3.533893e-01,   -1.938323e-01,   -2.194800e-02,    4.071200e-03,   -4.087400e-02,   -2.390800e-03,    3.000000e-02,    3.000000e-02,    3.000000e-02,    3.000000e-02,
      1008,    3.981000e+02,   -3.711420e-03,    6.357479e-02,   -1.982814e-02,   -5.251499e-02,   -5.014860e-01,    1.020307e+00,   -9.447286e-01,   -2.805002e-01,   -1.875600e-02,    9.418400e-02,   -4.817000e-02,   -6.093000e-02,    3.000000e-02,    3.000000e-02,    3.000000e-02,    3.000000e-02,
      1008,    6.309500e+02,   -2.687672e-02,    5.867915e-02,   -4.607012e-04,   -5.251721e-02,   -8.354762e-01,    6.830617e-01,   -8.359433e-01,   -1.440093e+00,   -5.194100e-02,    7.917100e-02,   -2.553900e-02,   -9.572000e-02,    3.000000e-02,    3.000000e-02,    3.000000e-02,    3.000000e-02,
      1008,    1.000000e+03,   -4.739824e-02,    4.936131e-02,    1.811631e-02,   -4.873247e-02,   -6.431587e-01,    4.519228e-01,    2.730896e-01,   -2.028584e+00,   -6.669300e-02,    6.291900e-02,    2.630900e-02,   -1.095900e-01,    3.000000e-02,    3.000000e-02,    3.000000e-02,    3.000000e-02,
      1010,    3.981000e+02,   -4.048772e-02,   -2.903028e-02,   -1.451304e-02,    1.746015e-02,    2.865905e-01,   -8.582398e-02,   -2.213319e-01,   -1.813717e-01,   -3.189000e-02,   -3.160500e-02,   -2.115300e-02,    1.201900e-02,    3.000000e-02,    3.000000e-02,    3.000000e-02,    3.000000e-02,
      1010,    6.309500e+02,   -2.859447e-02,   -2.698784e-02,   -1.738981e-02,    1.168213e-02,    2.584157e-01,    7.159474e-02,   -2.094397e-01,   -3.006009e-01,   -2.084200e-02,   -2.484000e-02,   -2.367300e-02,    2.664100e-03,    3.000000e-02,    3.000000e-02,    3.000000e-02,    3.000000e-02,
      1010,    1.000000e+03,   -1.999482e-02,   -2.357539e-02,   -1.868162e-02,    7.216340e-03,    2.135273e-01,    3.487983e-02,    4.152060e-02,   -3.060113e-01,   -1.358900e-02,   -2.252900e-02,   -1.743600e-02,   -1.964000e-03,    3.000000e-02,    3.000000e-02,    3.000000e-02,    3.000000e-02,
      1011,    3.981000e+02,    3.922544e-02,    2.383408e-02,    2.990318e-02,   -2.514688e-02,    2.014187e-01,    6.114973e-01,    7.912717e-02,   -1.013004e+00,    4.526800e-02,    4.217900e-02,    3.227700e-02,   -5.553700e-02,    3.000000e-02,    3.000000e-02,    3.000000e-02,    3.000000e-02,
      1011,    6.309500e+02,    3.355101e-02,    2.219593e-02,    3.944237e-02,   -1.549108e-02,   -8.936712e-02,    6.497357e-01,    5.359545e-01,   -1.641564e+00,    3.087000e-02,    4.168800e-02,    5.552100e-02,   -6.473800e-02,    3.000000e-02,    3.000000e-02,    3.000000e-02,    3.000000e-02,
      1011,    1.000000e+03,    2.830168e-02,    2.107801e-02,    4.335284e-02,   -3.645690e-03,   -3.529561e-01,    9.631662e-01,    1.636439e+00,   -2.499744e+00,    1.771300e-02,    4.997300e-02,    9.244600e-02,   -7.863800e-02,    3.000000e-02,    3.000000e-02,    3.000000e-02,    3.000000e-02,
      1012,    3.981000e+02,    5.874745e-02,    7.034600e-03,   -1.244890e-02,    1.049107e-02,    2.304849e-01,    1.874467e-01,   -2.840367e-01,    5.663977e-01,    6.566200e-02,    1.265800e-02,   -2.097000e-02,    2.748300e-02,    3.000000e-02,    3.000000e-02,    3.000000e-02,    3.000000e-02,
      1012,    6.309500e+02,    5.532312e-02,    4.457443e-03,   -1.602028e-02,    1.483252e-02,   -1.848705e-01,   -3.171348e-01,   -1.637239e-01,    6.010161e-01,    4.977700e-02,   -5.056600e-03,   -2.093200e-02,    3.286300e-02,    3.000000e-02,    3.000000e-02,    3.000000e-02,    3.000000e-02,
      1012,    1.000000e+03,    5.322149e-02,   -2.298762e-04,   -2.059123e-02,    1.937366e-02,   -2.488498e-01,   -4.613375e-01,    1.924078e-01,    1.229113e-01,    4.575600e-02,   -1.407000e-02,   -1.481900e-02,    2.306100e-02,    3.000000e-02,    3.000000e-02,    3.000000e-02,    3.000000e-02,
      1013,    3.981000e+02,   -3.971742e-02,   -3.398616e-02,   -2.197785e-01,   -1.938851e-01,   -1.807528e-01,   -1.609095e+00,   -1.553049e+00,   -1.145495e+00,   -4.514000e-02,   -8.225900e-02,   -2.663700e-01,   -2.282500e-01,    3.000000e-02,    3.000000e-02,    3.000000e-02,    3.000000e-02,
      1013,    6.309500e+02,   -3.205567e-02,   -2.006267e-02,   -1.585660e-01,   -1.750397e-01,   -1.342108e-01,   -1.815311e+00,   -1.818801e+00,    5.819899e-01,   -3.608200e-02,   -7.452200e-02,   -2.131300e-01,   -1.575800e-01,    3.000000e-02,    3.000000e-02,    3.000000e-02,    3.000000e-02,
      1013,    1.000000e+03,   -2.854916e-02,   -6.041309e-03,   -1.089847e-01,   -1.546476e-01,    3.473874e-02,   -2.588623e+00,   -3.426176e+00,    2.139453e+00,   -2.750700e-02,   -8.370000e-02,   -2.117700e-01,   -9.046400e-02,    3.000000e-02,    3.000000e-02,    3.000000e-02,    3.000000e-02,
      1014,    3.981000e+02,   -1.609470e-01,    8.829284e-02,   -5.956340e-02,   -2.839303e-02,   -1.834317e-01,   -7.854280e-01,    1.901467e-01,    1.552868e+00,   -1.664500e-01,    6.473000e-02,   -5.385900e-02,    1.819300e-02,    3.000000e-02,    3.000000e-02,    3.000000e-02,    3.000000e-02,
      1014,    6.309500e+02,   -1.767279e-01,    6.781738e-02,   -4.785481e-02,   -1.909405e-02,    4.505956e-01,   -1.123246e+00,   -8.266395e-01,    1.748168e+00,   -1.632100e-01,    3.412000e-02,   -7.265400e-02,    3.335100e-02,    3.000000e-02,    3.000000e-02,    3.000000e-02,    3.000000e-02,
      1014,    1.000000e+03,   -1.873633e-01,    5.510802e-02,   -4.605844e-02,   -8.895209e-03,    1.068443e+00,   -1.005401e+00,   -1.540819e+00,    1.331207e+00,   -1.553100e-01,    2.494600e-02,   -9.228300e-02,    3.104100e-02,    3.000000e-02,    3.000000e-02,    3.000000e-02,    3.000000e-02,
      1015,    3.981000e+02,   -2.591181e-02,   -2.485252e-02,   -3.968954e-02,   -3.745973e-03,   -4.457729e-01,   -5.382827e-01,    2.191179e-01,    4.363791e-01,   -3.928500e-02,   -4.100100e-02,   -3.311600e-02,    9.345400e-03,    3.000000e-02,    3.000000e-02,    3.000000e-02,    3.000000e-02,
      1015,    6.309500e+02,   -1.731886e-02,   -2.421425e-02,   -3.847387e-02,   -6.542300e-03,   -1.451838e+00,   -1.022125e+00,   -1.127871e+00,   -1.434233e-01,   -6.087400e-02,   -5.487800e-02,   -7.231000e-02,   -1.084500e-02,    3.000000e-02,    3.000000e-02,    3.000000e-02,    3.000000e-02,
      1016,    3.981000e+02,   -1.463501e-01,   -7.263984e-03,    2.325856e-02,   -1.973869e-02,   -1.442330e+00,   -9.683005e-01,    9.808136e-02,    1.582898e-01,   -1.896200e-01,   -3.631300e-02,    2.620100e-02,   -1.499000e-02,    3.000000e-02,    3.000000e-02,    3.000000e-02,    3.000000e-02,
      1016,    6.309500e+02,   -1.380957e-01,   -2.146562e-02,    2.826886e-02,   -1.468880e-02,   -1.189810e+00,   -4.311125e-01,   -5.709525e-02,    5.326004e-02,   -1.737900e-01,   -3.439900e-02,    2.655600e-02,   -1.309100e-02,    3.000000e-02,    3.000000e-02,    3.000000e-02,    3.000000e-02,
      1016,    1.000000e+03,   -1.255588e-01,   -3.215492e-02,    3.129662e-02,   -9.770492e-03,   -7.730401e-01,    2.613053e-02,   -1.392875e-01,   -1.055026e-02,   -1.487500e-01,   -3.137100e-02,    2.711800e-02,   -1.008700e-02,    3.000000e-02,    3.000000e-02,    3.000000e-02,    3.000000e-02,
      1017,    3.981000e+02,    1.691230e-01,    8.895383e-05,    2.785240e-01,    3.442452e-02,    4.172329e-01,    3.841682e-01,   -8.846752e-02,   -4.290507e-01,    1.816400e-01,    1.161400e-02,    2.758700e-01,    2.155300e-02,    3.000000e-02,    3.000000e-02,    3.000000e-02,    3.000000e-02,
      1017,    6.309500e+02,    1.718573e-01,    1.777598e-02,    2.648162e-01,    5.918531e-02,    6.017565e-01,    5.006005e-01,   -6.287386e-02,   -9.951104e-01,    1.899100e-01,    3.279400e-02,    2.629300e-01,    2.933200e-02,    3.000000e-02,    3.000000e-02,    3.000000e-02,    3.000000e-02,
      1017,    1.000000e+03,    1.660447e-01,    4.102110e-02,    2.423747e-01,    8.529644e-02,   -1.571570e-01,    2.325967e-01,    1.042178e+00,   -1.981815e+00,    1.613300e-01,    4.799900e-02,    2.736400e-01,    2.584200e-02,    3.000000e-02,    3.000000e-02,    3.000000e-02,    3.000000e-02,
      1018,    3.981000e+02,    3.575681e-02,   -2.716818e-02,   -1.406051e-01,    3.882014e-03,   -1.597602e-01,    4.298059e-01,    9.983779e-02,   -4.841671e-01,    3.096400e-02,   -1.427400e-02,   -1.376100e-01,   -1.064300e-02,    3.000000e-02,    3.000000e-02,    3.000000e-02,    3.000000e-02,
      1018,    6.309500e+02,    4.362054e-02,   -1.515576e-02,   -1.362415e-01,   -2.370693e-02,    2.097315e+00,    7.647485e-01,   -2.666616e+00,   -1.652569e+00,    1.065400e-01,    7.786700e-03,   -2.162400e-01,   -7.328400e-02,    3.000000e-02,    3.000000e-02,    3.000000e-02,    3.000000e-02,
      1018,    1.000000e+03,    4.558555e-02,   -3.352561e-03,   -1.192410e-01,   -4.557845e-02,    3.552148e+00,    5.740854e-01,   -4.405967e+00,   -2.142052e+00,    1.521500e-01,    1.387000e-02,   -2.514200e-01,   -1.098400e-01,    3.000000e-02,    3.000000e-02,    3.000000e-02,    3.000000e-02,
      1019,    3.981000e+02,   -2.657745e-01,   -4.902439e-02,    1.615363e-01,    7.815899e-03,   -3.118446e-02,   -3.385520e+00,   -2.575512e+00,    1.911367e-01,   -2.667100e-01,   -1.505900e-01,    8.427100e-02,    1.355000e-02,    3.000000e-02,    3.000000e-02,    3.000000e-02,    3.000000e-02,
      1019,    6.309500e+02,   -2.402674e-01,   -5.136171e-02,    1.551891e-01,    1.022004e-02,   -9.297532e-01,   -2.609276e+00,    2.208364e+00,   -7.802680e-01,   -2.681600e-01,   -1.296400e-01,    2.214400e-01,   -1.318800e-02,    3.000000e-02,    3.000000e-02,    3.000000e-02,    3.000000e-02,
      1020,    3.981000e+02,   -7.205296e-02,    9.505202e-03,   -3.813701e-02,    1.145107e-03,   -1.955347e-01,    1.389266e-01,    1.273336e-01,   -5.094324e-02,   -7.791900e-02,    1.367300e-02,   -3.431700e-02,   -3.831900e-04,    3.000000e-02,    3.000000e-02,    3.000000e-02,    3.000000e-02,
      1020,    6.309500e+02,   -7.737758e-02,    1.967368e-02,   -3.991015e-02,   -1.876385e-03,   -5.408475e-01,   -3.954626e-01,    2.119052e-01,   -2.105938e-01,   -9.360300e-02,    7.809800e-03,   -3.355300e-02,   -8.194200e-03,    3.000000e-02,    3.000000e-02,    3.000000e-02,    3.000000e-02,
      1020,    1.000000e+03,   -8.637576e-02,    2.698874e-02,   -4.081782e-02,   -6.828562e-03,   -1.067475e+00,   -9.483779e-01,    2.824607e-01,   -4.572479e-01,   -1.184000e-01,   -1.462600e-03,   -3.234400e-02,   -2.054600e-02,    3.000000e-02,    3.000000e-02,    3.000000e-02,    3.000000e-02,
      1021,    3.981000e+02,    8.638233e-02,    1.494986e-02,   -5.029960e-02,    1.117044e-02,   -1.080443e-01,   -1.331595e+00,    2.977201e-01,    3.852187e-01,    8.314100e-02,   -2.499800e-02,   -4.136800e-02,    2.272700e-02,    3.000000e-02,    3.000000e-02,    3.000000e-02,    3.000000e-02,
      1021,    6.309500e+02,    8.007858e-02,    1.269626e-02,   -5.385753e-02,    8.785238e-03,    1.581381e+00,   -1.089542e+00,    3.794510e-01,    4.412254e-01,    1.275200e-01,   -1.999000e-02,   -4.247400e-02,    2.202200e-02,    3.000000e-02,    3.000000e-02,    3.000000e-02,    3.000000e-02,
      1021,    1.000000e+03,    7.450270e-02,    7.676003e-03,   -5.618788e-02,    5.281506e-03,    2.274910e+00,   -2.111934e-01,    5.170959e-01,    6.050831e-01,    1.427500e-01,    1.340200e-03,   -4.067500e-02,    2.343400e-02,    3.000000e-02,    3.000000e-02,    3.000000e-02,    3.000000e-02,
      1022,    3.981000e+02,    2.555763e-02,   -2.522780e-02,    5.209184e-02,   -1.082334e-02,    8.236124e-01,   -3.887334e-02,   -1.006281e-01,    4.264447e-01,    5.026600e-02,   -2.639400e-02,    4.907300e-02,    1.970000e-03,    3.000000e-02,    3.000000e-02,    3.000000e-02,    3.000000e-02,
      1022,    6.309500e+02,    3.723375e-02,   -2.999899e-02,    5.854066e-02,   -1.467625e-02,    6.914749e-01,    1.175220e+00,   -4.480888e-01,    6.933784e-01,    5.797800e-02,    5.257600e-03,    4.509800e-02,    6.125100e-03,    3.000000e-02,    3.000000e-02,    3.000000e-02,    3.000000e-02,
      1022,    1.000000e+03,    4.935291e-02,   -3.186755e-02,    6.626843e-02,   -1.569973e-02,   -4.946304e-01,    3.976516e-01,   -5.106811e-01,    8.018608e-01,    3.451400e-02,   -1.993800e-02,    5.094800e-02,    8.356100e-03,    3.000000e-02,    3.000000e-02,    3.000000e-02,    3.000000e-02,
      1023,    3.981000e+02,    9.357863e-02,   -1.477192e-02,   -1.222706e-01,    3.496110e-03,    4.587909e-02,   -7.665360e-01,   -1.496981e+00,   -7.358703e-01,    9.495500e-02,   -3.776800e-02,   -1.671800e-01,   -1.858000e-02,    3.000000e-02,    3.000000e-02,    3.000000e-02,    3.000000e-02,
      1023,    6.309500e+02,    9.877446e-02,   -5.134965e-03,   -1.184737e-01,   -5.659785e-03,    1.259518e+00,   -5.000678e-01,   -8.768754e-01,   -1.216307e+00,    1.365600e-01,   -2.013700e-02,   -1.447800e-01,   -4.214900e-02,    3.000000e-02,    3.000000e-02,    3.000000e-02,    3.000000e-02,
      1023,    1.000000e+03,    9.778143e-02,    4.921341e-03,   -1.122486e-01,   -1.152853e-02,    2.154286e+00,   -2.897780e-01,   -2.177119e-01,   -1.386316e+00,    1.624100e-01,   -3.772000e-03,   -1.187800e-01,   -5.311800e-02,    3.000000e-02,    3.000000e-02,    3.000000e-02,    3.000000e-02,
      1024,    3.981000e+02,   -8.693991e-02,    3.650767e-02,    1.276636e-01,    3.306536e-02,   -2.485363e-01,    7.720109e-01,    7.198787e-01,   -1.798179e+00,   -9.439600e-02,    5.966800e-02,    1.492600e-01,   -2.088000e-02,    3.000000e-02,    3.000000e-02,    3.000000e-02,    3.000000e-02,
      1024,    6.309500e+02,   -9.587200e-02,    2.433142e-02,    1.099692e-01,    4.388264e-02,   -5.336001e-01,    1.092786e+00,    1.808358e+00,   -2.913521e+00,   -1.118800e-01,    5.711500e-02,    1.642200e-01,   -4.352300e-02,    3.000000e-02,    3.000000e-02,    3.000000e-02,    3.000000e-02,
      1025,    3.981000e+02,    2.450383e-02,    3.798663e-02,    6.279721e-02,   -2.591841e-02,    3.286391e-01,   -1.834888e+00,    1.018760e+00,    8.638904e-01,    3.436300e-02,   -1.706000e-02,    9.336000e-02,   -1.695700e-06,    3.000000e-02,    3.000000e-02,    3.000000e-02,    3.000000e-02,
      1025,    6.309500e+02,    1.124154e-02,    3.897799e-02,    5.450212e-02,   -1.617373e-03,    6.508819e-01,   -1.768266e+00,    1.126696e+00,    2.803178e-02,    3.076800e-02,   -1.407000e-02,    8.830300e-02,   -7.764200e-04,    3.000000e-02,    3.000000e-02,    3.000000e-02,    3.000000e-02,
      1025,    1.000000e+03,   -1.063550e-03,    3.842283e-02,    4.224396e-02,    8.354327e-03,    1.185785e+00,   -1.578084e+00,    1.593935e+00,   -9.326776e-01,    3.451000e-02,   -8.919700e-03,    9.006200e-02,   -1.962600e-02,    3.000000e-02,    3.000000e-02,    3.000000e-02,    3.000000e-02,
      1026,    3.981000e+02,    2.761816e-02,   -1.412591e-02,    4.330453e-02,    2.262680e-02,    6.066144e-02,    3.561237e-01,   -1.750845e-01,   -6.102661e-02,    2.943800e-02,   -3.442200e-03,    3.805200e-02,    2.079600e-02,    3.000000e-02,    3.000000e-02,    3.000000e-02,    3.000000e-02,
      1026,    6.309500e+02,    3.215318e-02,   -1.298496e-02,    3.303334e-02,    2.560346e-02,   -3.457728e-01,    6.266544e-02,    1.722220e-01,   -5.585720e-01,    2.178000e-02,   -1.110500e-02,    3.820000e-02,    8.846300e-03,    3.000000e-02,    3.000000e-02,    3.000000e-02,    3.000000e-02,
      1026,    1.000000e+03,    3.555873e-02,   -1.216503e-02,    2.273807e-02,    2.605686e-02,   -7.592577e-01,   -1.417657e-01,   -1.286356e-01,   -9.931253e-01,    1.278100e-02,   -1.641800e-02,    1.887900e-02,   -3.736900e-03,    3.000000e-02,    3.000000e-02,    3.000000e-02,    3.000000e-02,
      1027,    3.981000e+02,   -1.302965e-01,    6.049866e-02,   -1.279201e-01,   -2.254812e-02,    2.325489e-01,   -1.770552e-01,    4.526706e-01,   -3.733626e-01,   -1.233200e-01,    5.518700e-02,   -1.143400e-01,   -3.374900e-02,    3.000000e-02,    3.000000e-02,    3.000000e-02,    3.000000e-02,
      1027,    6.309500e+02,   -1.493174e-01,    4.502332e-02,   -1.114483e-01,   -4.545699e-02,    4.989144e-01,   -5.835772e-01,    5.472783e-01,    2.556662e-01,   -1.343500e-01,    2.751600e-02,   -9.503000e-02,   -3.778700e-02,    3.000000e-02,    3.000000e-02,    3.000000e-02,    3.000000e-02,
      1027,    1.000000e+03,   -1.606608e-01,    2.685033e-02,   -8.880864e-02,   -6.149539e-02,    9.410257e-01,   -7.260711e-01,    2.345213e-01,    6.090797e-01,   -1.324300e-01,    5.068200e-03,   -8.177300e-02,   -4.322300e-02,    3.000000e-02,    3.000000e-02,    3.000000e-02,    3.000000e-02,
      1028,    3.981000e+02,   -4.656863e-02,    3.992896e-03,   -1.343999e-01,    7.354919e-04,   -4.786457e-01,    1.643368e-01,   -6.400344e-02,    2.851936e-01,   -6.092800e-02,    8.923000e-03,   -1.363200e-01,    9.291300e-03,    3.000000e-02,    3.000000e-02,    3.000000e-02,    3.000000e-02,
      1028,    6.309500e+02,   -4.088588e-02,    2.349746e-03,   -1.334633e-01,   -7.784173e-03,   -6.623039e-01,   -6.461582e-01,   -9.722340e-02,    8.896724e-01,   -6.075500e-02,   -1.703500e-02,   -1.363800e-01,    1.890600e-02,    3.000000e-02,    3.000000e-02,    3.000000e-02,    3.000000e-02,
      1028,    1.000000e+03,   -3.519436e-02,    8.822612e-03,   -1.324269e-01,   -1.886585e-02,   -4.686547e-01,   -1.246287e+00,   -4.207712e-01,    1.780528e+00,   -4.925400e-02,   -2.856600e-02,   -1.450500e-01,    3.455000e-02,    3.000000e-02,    3.000000e-02,    3.000000e-02,    3.000000e-02,
      1029,    3.981000e+02,   -3.981782e-02,   -4.543745e-03,    1.685573e-02,   -6.228217e-02,    5.839275e-01,    2.299748e-01,    2.875574e-03,    8.126055e-01,   -2.230000e-02,    2.355500e-03,    1.694200e-02,   -3.790400e-02,    3.000000e-02,    3.000000e-02,    3.000000e-02,    3.000000e-02,
      1029,    6.309500e+02,   -3.298511e-02,   -9.095869e-03,    4.752495e-02,   -7.318316e-02,    4.094371e-01,    4.494223e-01,   -4.740985e-01,    1.259539e+00,   -2.070200e-02,    4.386800e-03,    3.330200e-02,   -3.539700e-02,    3.000000e-02,    3.000000e-02,    3.000000e-02,    3.000000e-02,
      1029,    1.000000e+03,   -2.556684e-02,   -8.799496e-03,    7.788135e-02,   -7.106170e-02,   -4.748387e-01,    5.909599e-01,   -1.140778e+00,    1.337757e+00,   -3.981200e-02,    8.929300e-03,    4.365800e-02,   -3.092900e-02,    3.000000e-02,    3.000000e-02,    3.000000e-02,    3.000000e-02,
      1030,    3.981000e+02,   -6.549250e-02,    2.092518e-03,    9.330798e-02,    4.467262e-04,   -2.629833e-01,    1.467894e-01,   -1.896325e-01,   -7.439242e-01,   -7.338200e-02,    6.496200e-03,    8.761900e-02,   -2.187100e-02,    3.000000e-02,    3.000000e-02,    3.000000e-02,    3.000000e-02,
      1030,    6.309500e+02,   -6.835320e-02,    1.063916e-02,    9.623294e-02,   -9.324890e-03,   -2.725933e-01,   -4.156533e-02,   -8.564633e-03,   -6.236037e-01,   -7.653100e-02,    9.392200e-03,    9.597600e-02,   -2.803300e-02,    3.000000e-02,    3.000000e-02,    3.000000e-02,    3.000000e-02,
      1030,    1.000000e+03,   -7.309137e-02,    1.746215e-02,    1.036652e-01,   -1.542771e-02,   -1.744210e-01,   -2.037717e-01,    1.114929e-01,   -4.062763e-01,   -7.832400e-02,    1.134900e-02,    1.070100e-01,   -2.761600e-02,    3.000000e-02,    3.000000e-02,    3.000000e-02,    3.000000e-02,
      1031,    3.981000e+02,   -3.323599e-02,    1.014188e-03,    5.023385e-02,   -2.560938e-02,    5.370663e-01,   -5.191492e-02,    2.723718e-01,    3.801460e-01,   -1.712400e-02,   -5.432600e-04,    5.840500e-02,   -1.420500e-02,    3.000000e-02,    3.000000e-02,    3.000000e-02,    3.000000e-02,
      1031,    6.309500e+02,   -2.941172e-02,    2.992420e-03,    5.964422e-02,   -2.773884e-02,    1.890583e-03,    1.460427e-01,    6.218594e-01,    1.106945e+00,   -2.935500e-02,    7.373700e-03,    7.830000e-02,    5.469500e-03,    3.000000e-02,    3.000000e-02,    3.000000e-02,    3.000000e-02,
      1031,    1.000000e+03,   -2.931024e-02,    7.878660e-03,    6.991324e-02,   -2.796626e-02,   -6.462587e-01,    4.005113e-01,    1.328225e+00,    2.151642e+00,   -4.869800e-02,    1.989400e-02,    1.097600e-01,    3.658300e-02,    3.000000e-02,    3.000000e-02,    3.000000e-02,    3.000000e-02,
      1032,    3.981000e+02,   -3.959575e-02,    1.392459e-02,    1.136337e-02,    1.180347e-02,   -1.098742e+00,   -3.696230e-01,   -1.015479e+00,   -1.952624e-01,   -7.255800e-02,    2.835900e-03,   -1.910100e-02,    5.945600e-03,    3.000000e-02,    3.000000e-02,    3.000000e-02,    3.000000e-02,
      1032,    6.309500e+02,   -3.092810e-02,   -7.348664e-03,    8.030902e-03,    1.707484e-02,   -9.059299e-01,   -1.764779e-01,   -1.144897e+00,    1.147720e-01,   -5.810600e-02,   -1.264300e-02,   -2.631600e-02,    2.051800e-02,    3.000000e-02,    3.000000e-02,    3.000000e-02,    3.000000e-02,
      1032,    1.000000e+03,   -2.095779e-02,   -1.826563e-02,    3.610289e-04,    2.154708e-02,   -1.481474e+00,    1.437542e-01,   -1.265168e+00,    6.125638e-01,   -6.540200e-02,   -1.395300e-02,   -3.759400e-02,    3.992400e-02,    3.000000e-02,    3.000000e-02,    3.000000e-02,    3.000000e-02,
      1033,    3.981000e+02,   -7.710913e-02,    5.367673e-03,   -6.343590e-02,   -1.835732e-02,   -4.982886e-02,    1.815109e-01,    4.879656e-02,   -1.275228e-01,   -7.860400e-02,    1.081300e-02,   -6.197200e-02,   -2.218300e-02,    3.000000e-02,    3.000000e-02,    3.000000e-02,    3.000000e-02,
      1033,    6.309500e+02,   -7.755670e-02,    1.048242e-02,   -5.833309e-02,   -2.163955e-02,    3.201233e-01,    1.530192e-01,    2.243362e-01,    5.910516e-01,   -6.795300e-02,    1.507300e-02,   -5.160300e-02,   -3.908000e-03,    3.000000e-02,    3.000000e-02,    3.000000e-02,    3.000000e-02,
      1034,    3.981000e+02,    1.133286e-02,   -8.664508e-02,    7.903535e-03,   -1.279044e-01,    1.041271e+00,    5.347693e-01,    4.027217e-02,   -4.458528e-01,    4.257100e-02,   -7.060200e-02,    9.111700e-03,   -1.412800e-01,    3.000000e-02,    3.000000e-02,    3.000000e-02,    3.000000e-02,
      1034,    6.309500e+02,    3.675809e-02,   -6.903113e-02,    4.760083e-02,   -1.036779e-01,    2.541636e-01,    7.354708e-01,    1.908390e-01,   -2.164035e-01,    4.438300e-02,   -4.696700e-02,    5.332600e-02,   -1.101700e-01,    3.000000e-02,    3.000000e-02,    3.000000e-02,    3.000000e-02,
      1034,    1.000000e+03,    5.537941e-02,   -4.881251e-02,    7.510668e-02,   -7.716250e-02,   -1.294047e+00,    7.005504e-01,   -5.661227e-01,    1.969166e-01,    1.655800e-02,   -2.779600e-02,    5.812300e-02,   -7.125500e-02,    3.000000e-02,    3.000000e-02,    3.000000e-02,    3.000000e-02,
      1035,    6.309500e+02,    8.370442e-03,   -4.835504e-02,    2.768944e-02,    7.500723e-02,    3.552519e-01,    4.543681e-01,    6.061852e-01,    3.072092e+00,    1.902800e-02,   -3.472400e-02,    4.587500e-02,    1.671700e-01,    3.000000e-02,    3.000000e-02,    3.000000e-02,    3.000000e-02,
      1036,    3.981000e+02,   -1.239442e-01,    4.965221e-02,    1.462144e-01,    3.885066e-02,    1.495172e+00,   -4.998403e-01,    2.389187e+00,    1.751245e+00,   -7.908900e-02,    3.465700e-02,    2.178900e-01,    9.138800e-02,    3.000000e-02,    3.000000e-02,    3.000000e-02,    3.000000e-02,
      1036,    6.309500e+02,   -1.327272e-01,    4.289174e-02,    1.312537e-01,    3.533338e-02,    1.992005e+00,    4.089087e-01,    2.545544e+00,    9.317872e-01,   -7.296700e-02,    5.515900e-02,    2.076200e-01,    6.328700e-02,    3.000000e-02,    3.000000e-02,    3.000000e-02,    3.000000e-02,
      1036,    1.000000e+03,   -1.416110e-01,    3.787484e-02,    1.166377e-01,    2.809513e-02,    2.245699e+00,    5.415052e-01,    2.625411e+00,    1.229096e+00,   -7.424000e-02,    5.412000e-02,    1.954000e-01,    6.496800e-02,    3.000000e-02,    3.000000e-02,    3.000000e-02,    3.000000e-02,
      1037,    3.981000e+02,   -2.479538e-02,    1.058199e-02,   -1.475270e-01,   -5.755803e-02,    1.175913e+00,    8.826336e-01,   -6.804350e-01,    5.478010e-01,    1.048200e-02,    3.706100e-02,   -1.679400e-01,   -4.112400e-02,    3.000000e-02,    3.000000e-02,    3.000000e-02,    3.000000e-02,
      1037,    6.309500e+02,   -2.976421e-02,    2.236416e-02,   -1.421273e-01,   -5.184778e-02,   -3.672263e-01,    7.859613e-01,   -1.199090e+00,   -7.443407e-01,   -4.078100e-02,    4.594300e-02,   -1.781000e-01,   -7.417800e-02,    3.000000e-02,    3.000000e-02,    3.000000e-02,    3.000000e-02,
      1037,    1.000000e+03,   -3.984134e-02,    2.824839e-02,   -1.310397e-01,   -5.397029e-02,   -1.622389e+00,    7.742203e-01,   -7.080095e-01,   -6.333903e-01,   -8.851300e-02,    5.147500e-02,   -1.522800e-01,   -7.297200e-02,    3.000000e-02,    3.000000e-02,    3.000000e-02,    3.000000e-02,
      1039,    3.981000e+02,    6.133272e-03,    8.273377e-02,   -2.811692e-02,    5.973614e-02,   -2.385908e-02,    2.180411e-01,    3.096305e-01,    3.119953e-01,    5.417500e-03,    8.927500e-02,   -1.882800e-02,    6.909600e-02,    3.000000e-02,    3.000000e-02,    3.000000e-02,    3.000000e-02,
      1039,    6.309500e+02,   -2.080162e-02,    6.773900e-02,   -3.862109e-02,    3.793776e-02,   -5.142127e-01,    1.600009e-03,   -1.447969e-01,    7.211748e-01,   -3.622800e-02,    6.778700e-02,   -4.296500e-02,    5.957300e-02,    3.000000e-02,    3.000000e-02,    3.000000e-02,    3.000000e-02,
      1040,    3.981000e+02,   -1.141941e-01,    4.464884e-02,    1.366540e-01,   -6.012068e-02,   -4.455311e-01,    3.547039e+00,    4.320120e-02,   -8.524401e-02,   -1.275600e-01,    1.510600e-01,    1.379500e-01,   -6.267800e-02,    3.000000e-02,    3.000000e-02,    3.000000e-02,    3.000000e-02,
      1040,    6.309500e+02,   -1.290485e-01,    3.818362e-02,    1.453649e-01,   -5.607127e-02,   -6.271645e-02,    4.750213e+00,   -5.618284e-01,   -8.700245e-01,   -1.309300e-01,    1.806900e-01,    1.285100e-01,   -8.217200e-02,    3.000000e-02,    3.000000e-02,    3.000000e-02,    3.000000e-02,
      1040,    1.000000e+03,   -1.383066e-01,    3.040693e-02,    1.545861e-01,   -5.768027e-02,    1.115555e+00,    4.451769e+00,   -1.685871e+00,   -1.681991e+00,   -1.048400e-01,    1.639600e-01,    1.040100e-01,   -1.081400e-01,    3.000000e-02,    3.000000e-02,    3.000000e-02,    3.000000e-02,
      1041,    3.981000e+02,    8.251669e-02,   -6.983511e-03,    1.916187e-01,   -1.425888e-02,    1.535444e+00,    3.206537e-01,    1.216377e+00,    4.406327e-01,    1.285800e-01,    2.636100e-03,    2.281100e-01,   -1.039900e-03,    3.000000e-02,    3.000000e-02,    3.000000e-02,    3.000000e-02,
      1041,    6.309500e+02,    8.291261e-02,    8.031606e-03,    1.921680e-01,    6.824816e-03,    1.870913e+00,    3.922798e-01,    6.330656e-01,    4.651728e-01,    1.390400e-01,    1.980000e-02,    2.111600e-01,    2.078000e-02,    3.000000e-02,    3.000000e-02,    3.000000e-02,    3.000000e-02,
      1042,    3.981000e+02,   -1.928976e-02,    1.494649e-02,    2.297797e-02,   -1.540774e-02,    2.713921e-01,   -3.095395e-01,    2.407011e-01,   -4.067419e-01,   -1.114800e-02,    5.660300e-03,    3.019900e-02,   -2.761000e-02,    3.000000e-02,    3.000000e-02,    3.000000e-02,    3.000000e-02,
      1042,    6.309500e+02,   -2.106407e-02,    4.594385e-03,    2.828652e-02,   -5.211833e-03,    3.571022e-01,   -5.907950e-02,    3.992161e-01,   -7.139722e-01,   -1.035100e-02,    2.822000e-03,    4.026300e-02,   -2.663100e-02,    3.000000e-02,    3.000000e-02,    3.000000e-02,    3.000000e-02,
      1043,    3.981000e+02,    1.163937e-01,    5.999754e-02,    8.059474e-02,    5.041645e-03,   -5.112191e-02,    1.985154e-01,    1.183087e-01,    5.929785e-01,    1.148600e-01,    6.595300e-02,    8.414400e-02,    2.283100e-02,    3.000000e-02,    3.000000e-02,    3.000000e-02,    3.000000e-02,
      1043,    6.309500e+02,    8.800881e-02,    6.857193e-02,    7.144919e-02,    1.432059e-02,   -2.468937e-01,    1.202025e-01,   -1.057396e-01,    5.768470e-01,    8.060200e-02,    7.217800e-02,    6.827700e-02,    3.162600e-02,    3.000000e-02,    3.000000e-02,    3.000000e-02,    3.000000e-02,
      1043,    1.000000e+03,    6.099006e-02,    6.889344e-02,    6.121943e-02,    1.739261e-02,    5.131647e-01,    6.647522e-01,   -2.969477e-01,    3.761796e-01,    7.638500e-02,    8.883600e-02,    5.231100e-02,    2.867800e-02,    3.000000e-02,    3.000000e-02,    3.000000e-02,    3.000000e-02,
      1044,    3.981000e+02,   -1.088368e-01,    5.630776e-02,   -1.480824e-02,    5.675449e-02,   -1.065107e+00,   -2.922253e-01,   -4.391982e-03,    7.958170e-01,   -1.407900e-01,    4.754100e-02,   -1.494000e-02,    8.062900e-02,    3.000000e-02,    3.000000e-02,    3.000000e-02,    3.000000e-02,
      1044,    6.309500e+02,   -1.246666e-01,    5.459533e-02,   -3.452041e-02,    5.646334e-02,   -2.334477e-01,   -3.834776e-01,    5.756135e-01,    5.453222e-01,   -1.316700e-01,    4.309100e-02,   -1.725200e-02,    7.282300e-02,    3.000000e-02,    3.000000e-02,    3.000000e-02,    3.000000e-02,
      1044,    1.000000e+03,   -1.421795e-01,    5.048074e-02,   -5.284176e-02,    5.484569e-02,    8.316486e-01,   -4.810247e-01,    1.064325e+00,    1.874769e-01,   -1.172300e-01,    3.605000e-02,   -2.091200e-02,    6.047000e-02,    3.000000e-02,    3.000000e-02,    3.000000e-02,    3.000000e-02,
      1045,    3.981000e+02,   -7.709529e-02,    6.259793e-02,   -3.019830e-01,   -6.495539e-02,   -4.009903e-01,   -7.086644e-01,   -6.389958e-02,    1.051846e+00,   -8.912500e-02,    4.133800e-02,   -3.039000e-01,   -3.340000e-02,    3.000000e-02,    3.000000e-02,    3.000000e-02,    3.000000e-02,
      1045,    6.309500e+02,   -9.425762e-02,    4.989422e-02,   -2.672977e-01,   -8.344827e-02,   -3.928079e+00,   -1.224907e+00,    3.382566e-01,    8.734090e-01,   -2.121000e-01,    1.314700e-02,   -2.571500e-01,   -5.724600e-02,    3.000000e-02,    3.000000e-02,    3.000000e-02,    3.000000e-02,
      1045,    1.000000e+03,   -1.034992e-01,    3.942097e-02,   -2.297088e-01,   -9.093671e-02,   -3.111360e+00,   -1.109832e+00,    3.259611e-01,    1.048890e+00,   -1.968400e-01,    6.126000e-03,   -2.199300e-01,   -5.947000e-02,    3.000000e-02,    3.000000e-02,    3.000000e-02,    3.000000e-02,
      1046,    3.981000e+02,    4.631305e-05,   -9.443167e-03,   -1.034773e-01,    2.467491e-02,    4.118623e-02,    2.170622e-01,   -7.009012e-02,   -2.773635e-01,    1.281900e-03,   -2.931300e-03,   -1.055800e-01,    1.635400e-02,    3.000000e-02,    3.000000e-02,    3.000000e-02,    3.000000e-02,
      1046,    6.309500e+02,   -1.928932e-03,   -1.191243e-02,   -1.064344e-01,    2.461286e-02,   -2.599226e-02,    4.094410e-01,    1.431455e-01,   -4.594621e-01,   -2.708700e-03,    3.708000e-04,   -1.021400e-01,    1.082900e-02,    3.000000e-02,    3.000000e-02,    3.000000e-02,    3.000000e-02,
      1046,    1.000000e+03,    2.450565e-04,   -1.553536e-02,   -1.130159e-01,    2.401069e-02,   -2.252485e-01,    5.000719e-01,    4.459315e-01,   -4.370230e-01,   -6.512400e-03,   -5.332000e-04,   -9.963800e-02,    1.090000e-02,    3.000000e-02,    3.000000e-02,    3.000000e-02,    3.000000e-02,
